2026-09-30T01:14:01.382 0.0,0.0,0.0,0.0,0.0,0.03684210526315797
2026-09-30T01:14:01.432 0.0,0.0,0.0,0.0,0.0,0.03684210526315797
2026-09-30T01:14:01.481 0.0,0.0,0.0,0.0,0.0,0.03684210526315797
2026-09-30T01:14:01.531 0.0,0.0,0.0,0.0,0.0,0.03684210526315797
2026-09-30T01:14:01.581 0.0,0.0,0.0,0.0,0.0,0.03684210526315797
2026-09-30T01:14:01.631 0.0,0.0,0.0,0.0,0.0,0.03684210526315797
2026-09-30T01:14:01.681 0.0,0.0,0.0,0.0,0.0,0.03684210526315797
2026-09-30T01:14:01.731 0.0,0.0,0.0,0.0,0.0,0.03684210526315797
2026-09-30T01:14:01.791 0.0,0.0,0.0,0.0,0.0,0.03684210526315797
2026-09-30T01:14:01.844 0.0,0.0,0.0,0.0,0.0,0.03684210526315797
2026-09-30T01:14:01.881 0.0,0.0,0.0,0.0,0.0,0.03684210526315797
2026-09-30T01:14:01.932 0.0,0.0,0.0,0.0,0.0,0.03684210526315797
2026-09-30T01:14:01.981 0.0,0.0,0.0,0.0,0.0,0.03684210526315797
2026-09-30T01:14:02.031 0.0,0.0,0.0,0.0,0.0,0.03684210526315797
2026-09-30T01:14:02.084 0.0,0.0,0.0,0.0,0.0,0.03684210526315797
2026-09-30T01:14:02.132 0.0,0.0,0.0,0.0,0.0,0.03684210526315797
2026-09-30T01:14:02.181 0.0,0.0,0.0,0.0,0.0,0.03684210526315797
2026-09-30T01:14:02.231 0.0,0.0,0.0,0.0,0.0,0.03684210526315797
2026-09-30T01:14:02.281 0.0,0.0,0.0,0.0,0.0,0.03684210526315797
2026-09-30T01:14:02.332 0.0,0.0,0.0,0.0,0.0,0.03684210526315797
2026-09-30T01:14:02.381 0.0,0.0,0.0,0.0,0.0,0.03684210526315797
2026-09-30T01:14:02.431 0.0,0.0,0.0,0.0,0.0,0.03684210526315797
2026-09-30T01:14:02.481 0.0,0.0,0.0,0.0,0.0,0.03684210526315797
2026-09-30T01:14:02.531 0.0,0.0,0.0,0.0,0.0,0.03684210526315797
2026-09-30T01:14:02.581 0.0,0.0,0.0,0.0,0.0,0.03684210526315797
2026-09-30T01:14:02.631 0.0,0.0,0.0,0.0,0.0,0.03684210526315797
2026-09-30T01:14:02.681 0.0,0.0,0.0,0.0,0.0,0.03684210526315797
2026-09-30T01:14:02.731 0.0,0.0,0.0,0.0,0.0,0.03684210526315797
2026-09-30T01:14:02.781 0.0,0.0,0.0,0.0,0.0,0.03684210526315797
2026-09-30T01:14:02.832 0.0,0.0,0.0,0.0,0.0,0.03684210526315797
2026-09-30T01:14:02.881 0.0,0.0,0.0,0.0,0.0,0.03684210526315797
2026-09-30T01:14:02.931 0.0,0.0,0.0,0.0,0.0,0.03684210526315797
2026-09-30T01:14:02.981 0.0,0.0,0.0,0.0,0.0,0.03684210526315797
2026-09-30T01:14:03.031 0.0,0.0,0.0,0.0,0.0,0.03684210526315797
2026-09-30T01:14:03.081 0.0,0.0,0.0,0.0,0.0,0.03684210526315797
2026-09-30T01:14:03.131 0.0,0.0,0.0,0.0,0.0,0.03684210526315797
2026-09-30T01:14:03.181 0.0,0.0,0.0,0.0,0.0,0.03684210526315797
2026-09-30T01:14:03.231 0.0,0.0,0.0,0.0,0.0,0.03684210526315797
2026-09-30T01:14:03.281 0.0,0.0,0.0,0.0,0.0,0.03684210526315797
2026-09-30T01:14:03.331 0.0,0.0,0.0,0.0,0.0,0.03684210526315797
2026-09-30T01:14:03.381 0.0,0.0,0.0,0.0,0.0,0.03684210526315797
2026-09-30T01:14:03.431 0.0,0.0,0.0,0.0,0.0,0.03684210526315797
2026-09-30T01:14:03.482 0.0,0.0,0.0,0.0,0.0,0.03684210526315797
2026-09-30T01:14:03.531 0.0,0.0,0.0,0.0,0.0,0.03684210526315797
2026-09-30T01:14:03.581 0.0,0.0,0.0,0.0,0.0,0.03684210526315797
2026-09-30T01:14:03.631 0.0,0.0,0.0,0.0,0.0,0.03684210526315797
2026-09-30T01:14:03.681 0.0,0.0,0.0,0.0,0.0,0.03684210526315797
2026-09-30T01:14:03.741 0.0,0.0,0.0,0.0,0.0,0.03684210526315797
2026-09-30T01:14:03.781 0.0,0.0,0.0,0.0,0.0,0.03684210526315797
2026-09-30T01:14:03.831 0.0,0.0,0.0,0.0,0.0,0.03684210526315797
2026-09-30T01:14:03.891 0.0,0.0,0.0,0.0,0.0,0.03684210526315797
2026-09-30T01:14:03.931 0.0,0.0,0.0,0.0,0.0,0.03684210526315797
2026-09-30T01:14:03.981 0.0,0.0,0.0,0.0,0.0,0.03684210526315797
2026-09-30T01:14:04.031 0.0,0.0,0.0,0.0,0.0,0.03684210526315797
2026-09-30T01:14:04.081 0.0,0.0,0.0,0.0,0.0,0.03684210526315797
2026-09-30T01:14:04.131 0.0,0.0,0.0,0.0,0.0,0.03684210526315797
2026-09-30T01:14:04.181 0.0,0.0,0.0,0.0,0.0,0.03684210526315797
2026-09-30T01:14:04.232 0.0,0.0,0.0,0.0,0.0,0.03684210526315797
2026-09-30T01:14:04.281 0.0,0.0,0.0,0.0,0.0,0.03684210526315797
2026-09-30T01:14:04.332 0.0,0.0,0.0,0.0,0.0,0.03684210526315797
2026-09-30T01:14:04.381 0.0,0.0,0.0,0.0,0.0,0.03684210526315797
2026-09-30T01:14:04.441 0.0,0.0,0.0,0.0,0.0,0.03684210526315797
2026-09-30T01:14:04.481 0.0,0.0,0.0,0.0,0.0,0.03684210526315797
2026-09-30T01:14:04.531 0.0,0.0,0.0,0.0,0.0,0.03684210526315797
2026-09-30T01:14:04.581 0.0,0.0,0.0,0.0,0.0,0.03684210526315797
2026-09-30T01:14:04.631 0.0,0.0,0.0,0.0,0.0,0.03684210526315797
2026-09-30T01:14:04.681 0.0,0.0,0.0,0.0,0.0,0.03684210526315797
2026-09-30T01:14:04.731 0.0,0.0,0.0,0.0,0.0,0.03684210526315797
2026-09-30T01:14:04.781 0.0,0.0,0.0,0.0,0.0,0.03684210526315797
2026-09-30T01:14:04.831 0.0,0.0,0.0,0.0,0.0,0.03684210526315797
2026-09-30T01:14:04.881 0.0,0.0,0.0,0.0,0.0,0.03684210526315797
2026-09-30T01:14:04.931 0.0,0.0,0.0,0.0,0.0,0.03684210526315797
2026-09-30T01:14:04.983 0.0,0.0,0.0,0.0,0.0,0.03684210526315797
2026-09-30T01:14:05.033 0.0,0.0,0.0,0.0,0.0,0.03684210526315797
2026-09-30T01:14:05.083 0.0,0.0,0.0,0.0,0.0,0.03684210526315797
2026-09-30T01:14:05.131 0.0,0.0,0.0,0.0,0.0,0.03684210526315797
2026-09-30T01:14:05.181 0.0,0.0,0.0,0.0,0.0,0.03684210526315797
2026-09-30T01:14:05.232 0.0,0.0,0.0,0.0,0.0,0.03684210526315797
2026-09-30T01:14:05.281 0.0,0.0,0.0,0.0,0.0,0.03684210526315797
2026-09-30T01:14:05.331 0.0,0.0,0.0,0.0,0.0,0.03684210526315797
2026-09-30T01:14:05.382 0.0,0.0,0.0,0.0,0.0,0.03684210526315797
2026-09-30T01:14:05.441 0.0,0.0,0.0,0.0,0.0,0.03684210526315797
2026-09-30T01:14:05.481 0.0,0.0,0.0,0.0,0.0,0.03684210526315797
2026-09-30T01:14:05.531 0.0,0.0,0.0,0.0,0.0,0.03684210526315797
2026-09-30T01:14:05.581 0.0,0.0,0.0,0.0,0.0,0.03684210526315797
2026-09-30T01:14:05.631 0.0,0.0,0.0,0.0,0.0,0.03684210526315797
2026-09-30T01:14:05.681 0.0,0.0,0.0,0.0,0.0,0.03684210526315797
2026-09-30T01:14:05.731 0.0,0.0,0.0,0.0,0.0,0.03684210526315797
2026-09-30T01:14:05.781 0.0,0.0,0.0,0.0,0.0,0.03684210526315797
2026-09-30T01:14:05.832 0.0,0.0,0.0,0.0,0.0,0.03684210526315797
2026-09-30T01:14:05.881 0.0,0.0,0.0,0.0,0.0,0.03684210526315797
2026-09-30T01:14:05.931 0.0,0.0,0.0,0.0,0.0,0.03684210526315797
2026-09-30T01:14:05.981 0.0,0.0,0.0,0.0,0.0,0.03684210526315797
2026-09-30T01:14:06.031 0.0,0.0,0.0,0.0,0.0,0.03684210526315797
2026-09-30T01:14:06.081 0.0,0.0,0.0,0.0,0.0,0.03684210526315797
2026-09-30T01:14:06.131 0.0,0.0,0.0,0.0,0.0,0.03684210526315797
2026-09-30T01:14:06.191 0.0,0.0,0.0,0.0,0.0,0.03684210526315797
2026-09-30T01:14:06.231 0.0,0.0,0.0,0.0,0.0,0.03684210526315797
2026-09-30T01:14:06.293 0.0,0.0,0.0,0.0,0.0,0.03684210526315797
2026-09-30T01:14:06.341 0.0,0.0,0.0,0.0,0.0,0.03684210526315797
2026-09-30T01:14:06.381 0.0,0.0,0.0,0.0,0.0,0.03684210526315797
2026-09-30T01:14:06.431 0.0,0.0,0.0,0.0,0.0,0.03684210526315797
2026-09-30T01:14:06.481 0.0,0.0,0.0,0.0,0.0,0.03684210526315797
2026-09-30T01:14:06.531 0.0,0.0,0.0,0.0,0.0,0.03684210526315797
2026-09-30T01:14:06.581 0.0,0.0,0.0,0.0,0.0,0.03684210526315797
2026-09-30T01:14:06.631 0.0,0.0,0.0,0.0,0.0,0.03684210526315797
2026-09-30T01:14:06.681 0.0,0.0,0.0,0.0,0.0,0.03684210526315797
2026-09-30T01:14:06.731 0.0,0.0,0.0,0.0,0.0,0.03684210526315797
2026-09-30T01:14:06.781 0.0,0.0,0.0,0.0,0.0,0.03684210526315797
2026-09-30T01:14:06.831 0.0,0.0,0.0,0.0,0.0,0.03684210526315797
2026-09-30T01:14:06.881 0.0,0.0,0.0,0.0,0.0,0.03684210526315797
2026-09-30T01:14:06.931 0.0,0.0,0.0,0.0,0.0,0.03684210526315797
2026-09-30T01:14:06.981 0.0,0.0,0.0,0.0,0.0,0.03684210526315797
2026-09-30T01:14:07.031 0.0,0.0,0.0,0.0,0.0,0.03684210526315797
2026-09-30T01:14:07.081 0.0,0.0,0.0,0.0,0.0,0.03684210526315797
2026-09-30T01:14:07.131 0.0,0.0,0.0,0.0,0.0,0.03684210526315797
2026-09-30T01:14:07.181 0.0,0.0,0.0,0.0,0.0,0.03684210526315797
2026-09-30T01:14:07.231 0.0,0.0,0.0,0.0,0.0,0.03684210526315797
2026-09-30T01:14:07.282 0.0,0.0,0.0,0.0,0.0,0.03684210526315797
2026-09-30T01:14:07.331 0.0,0.0,0.0,0.0,0.0,0.03684210526315797
2026-09-30T01:14:07.382 0.0,0.0,0.0,0.0,0.0,0.03684210526315797
2026-09-30T01:14:07.442 0.0,0.0,0.0,0.0,0.0,0.03684210526315797
2026-09-30T01:14:07.481 0.0,0.0,0.0,0.0,0.0,0.03684210526315797
2026-09-30T01:14:07.532 0.0,0.0,0.0,0.0,0.0,0.03684210526315797
2026-09-30T01:14:07.581 0.0,0.0,0.0,0.0,0.0,0.03684210526315797
2026-09-30T01:14:07.631 0.0,0.0,0.0,0.0,0.0,0.03684210526315797
2026-09-30T01:14:07.681 0.0,0.0,0.0,0.0,0.0,0.03684210526315797
2026-09-30T01:14:07.731 0.0,0.0,0.0,0.0,0.0,0.03684210526315797
2026-09-30T01:14:07.791 0.0,0.0,0.0,0.0,0.0,0.03684210526315797
2026-09-30T01:14:07.831 0.0,0.0,0.0,0.0,0.0,0.03684210526315797
2026-09-30T01:14:07.881 0.0,0.0,0.0,0.0,0.0,0.03684210526315797
2026-09-30T01:14:07.931 0.0,0.0,0.0,0.0,0.0,0.03684210526315797
2026-09-30T01:14:07.981 0.0,0.0,0.0,0.0,0.0,0.03684210526315797
2026-09-30T01:14:08.031 0.0,0.0,0.0,0.0,0.0,0.03684210526315797
2026-09-30T01:14:08.082 0.0,0.0,0.0,0.0,0.0,0.03684210526315797
2026-09-30T01:14:08.142 0.0,0.0,0.0,0.0,0.0,0.03684210526315797
2026-09-30T01:14:08.181 0.0,0.0,0.0,0.0,0.0,0.03684210526315797
2026-09-30T01:14:08.231 0.0,0.0,0.0,0.0,0.0,0.03684210526315797
2026-09-30T01:14:08.281 0.0,0.0,0.0,0.0,0.0,0.03684210526315797
2026-09-30T01:14:08.331 0.0,0.0,0.0,0.0,0.0,0.03684210526315797
2026-09-30T01:14:08.381 0.0,0.0,0.0,0.0,0.0,0.03684210526315797
2026-09-30T01:14:08.431 0.0,0.0,0.0,0.0,0.0,0.03684210526315797
2026-09-30T01:14:08.481 0.0,0.0,0.0,0.0,0.0,0.03684210526315797
2026-09-30T01:14:08.531 0.0,0.0,0.0,0.0,0.0,0.03684210526315797
2026-09-30T01:14:08.581 0.0,0.0,0.0,0.0,0.0,0.03684210526315797
2026-09-30T01:14:08.631 0.0,0.0,0.0,0.0,0.0,0.03684210526315797
2026-09-30T01:14:08.681 0.0,0.0,0.0,0.0,0.0,0.03684210526315797
2026-09-30T01:14:08.731 0.0,0.0,0.0,0.0,0.0,0.03684210526315797
2026-09-30T01:14:08.781 0.0,0.0,0.0,0.0,0.0,0.03684210526315797
2026-09-30T01:14:08.831 0.0,0.0,0.0,0.0,0.0,0.03684210526315797
2026-09-30T01:14:08.891 0.0,0.0,0.0,0.0,0.0,0.03684210526315797
2026-09-30T01:14:08.931 0.0,0.0,0.0,0.0,0.0,0.03684210526315797
2026-09-30T01:14:08.982 0.0,0.0,0.0,0.0,0.0,0.03684210526315797
2026-09-30T01:14:09.031 0.0,0.0,0.0,0.0,0.0,0.03684210526315797
2026-09-30T01:14:09.091 0.0,0.0,0.0,0.0,0.0,0.03684210526315797
2026-09-30T01:14:09.131 0.0,0.0,0.0,0.0,0.0,0.03684210526315797
2026-09-30T01:14:09.181 0.0,0.0,0.0,0.0,0.0,0.03684210526315797
2026-09-30T01:14:09.231 0.0,0.0,0.0,0.0,0.0,0.03684210526315797
2026-09-30T01:14:09.281 0.0,0.0,0.0,0.0,0.0,0.03684210526315797
2026-09-30T01:14:09.331 0.0,0.0,0.0,0.0,0.0,0.03684210526315797
2026-09-30T01:14:09.381 0.0,0.0,0.0,0.0,0.0,0.03684210526315797
2026-09-30T01:14:09.431 0.0,0.0,0.0,0.0,0.0,0.03684210526315797
2026-09-30T01:14:09.481 0.0,0.0,0.0,0.0,0.0,0.03684210526315797
2026-09-30T01:14:09.531 0.0,0.0,0.0,0.0,0.0,0.03684210526315797
2026-09-30T01:14:09.581 0.0,0.0,0.0,0.0,0.0,0.03684210526315797
2026-09-30T01:14:09.632 0.0,0.0,0.0,0.0,0.0,0.03684210526315797
2026-09-30T01:14:09.681 0.0,0.0,0.0,0.0,0.0,0.03684210526315797
2026-09-30T01:14:09.734 0.0,0.0,0.0,0.0,0.0,0.03684210526315797
2026-09-30T01:14:09.781 0.0,0.0,0.0,0.0,0.0,0.03684210526315797
2026-09-30T01:14:09.831 0.0,0.0,0.0,0.0,0.0,0.03684210526315797
2026-09-30T01:14:09.881 0.0,0.0,0.0,0.0,0.0,0.03684210526315797
2026-09-30T01:14:09.931 0.0,0.0,0.0,0.0,0.0,0.03684210526315797
2026-09-30T01:14:09.982 0.0,0.0,0.0,0.0,0.0,0.03684210526315797
2026-09-30T01:14:10.031 0.0,0.0,0.0,0.0,0.0,0.03684210526315797
2026-09-30T01:14:10.081 0.0,0.0,0.0,0.0,0.0,0.03684210526315797
2026-09-30T01:14:10.131 0.0,0.0,0.0,0.0,0.0,0.03684210526315797
2026-09-30T01:14:10.181 0.0,0.0,0.0,0.0,0.0,0.03684210526315797
2026-09-30T01:14:10.231 0.0,0.0,0.0,0.0,0.0,0.03684210526315797
2026-09-30T01:14:10.281 0.0,0.0,0.0,0.0,0.0,0.03684210526315797
2026-09-30T01:14:10.331 0.0,0.0,0.0,0.0,0.0,0.03684210526315797
2026-09-30T01:14:10.381 0.0,0.0,0.0,0.0,0.0,0.03684210526315797
2026-09-30T01:14:10.431 0.0,0.0,0.0,0.0,0.0,0.03684210526315797
2026-09-30T01:14:10.481 0.0,0.0,0.0,0.0,0.0,0.03684210526315797
2026-09-30T01:14:10.532 0.0,0.0,0.0,0.0,0.0,0.03684210526315797
2026-09-30T01:14:10.581 0.0,0.0,0.0,0.0,0.0,0.03684210526315797
2026-09-30T01:14:10.631 0.0,0.0,0.0,0.0,0.0,0.03684210526315797
2026-09-30T01:14:10.682 0.0,0.0,0.0,0.0,0.0,0.03684210526315797
2026-09-30T01:14:10.731 0.0,0.0,0.0,0.0,0.0,0.03684210526315797
2026-09-30T01:14:10.791 0.0,0.0,0.0,0.0,0.0,0.03684210526315797
2026-09-30T01:14:10.831 0.0,0.0,0.0,0.0,0.0,0.03684210526315797
2026-09-30T01:14:10.891 0.0,0.0,0.0,0.0,0.0,0.03684210526315797
2026-09-30T01:14:10.931 0.0,0.0,0.0,0.0,0.0,0.03684210526315797
2026-09-30T01:14:10.991 0.0,0.0,0.0,0.0,0.0,0.03684210526315797
2026-09-30T01:14:11.031 0.0,0.0,0.0,0.0,0.0,0.03684210526315797
2026-09-30T01:14:11.081 0.0,0.0,0.0,0.0,0.0,0.03684210526315797
2026-09-30T01:14:11.131 0.0,0.0,0.0,0.0,0.0,0.03684210526315797
2026-09-30T01:14:11.181 0.0,0.0,0.0,0.0,0.0,0.03684210526315797
2026-09-30T01:14:11.231 0.0,0.0,0.0,0.0,0.0,0.03684210526315797
2026-09-30T01:14:11.281 0.0,0.0,0.0,0.0,0.0,0.03684210526315797
2026-09-30T01:14:11.331 0.0,0.0,0.0,0.0,0.0,0.03684210526315797
2026-09-30T01:14:11.381 0.0,0.0,0.0,0.0,0.0,0.03684210526315797
2026-09-30T01:14:11.432 0.0,0.0,0.0,0.0,0.0,0.03684210526315797
2026-09-30T01:14:11.481 0.0,0.0,0.0,0.0,0.0,0.03684210526315797
2026-09-30T01:14:11.531 0.0,0.0,0.0,0.0,0.0,0.03684210526315797
2026-09-30T01:14:11.581 0.0,0.0,0.0,0.0,0.0,0.03684210526315797
2026-09-30T01:14:11.633 0.0,0.0,0.0,0.0,0.0,0.03684210526315797
2026-09-30T01:14:11.681 0.0,0.0,0.0,0.0,0.0,0.03684210526315797
2026-09-30T01:14:11.731 0.0,0.0,0.0,0.0,0.0,0.03684210526315797
2026-09-30T01:14:11.781 0.0,0.0,0.0,0.0,0.0,0.03684210526315797
2026-09-30T01:14:11.831 0.0,0.0,0.0,0.0,0.0,0.03684210526315797
2026-09-30T01:14:11.881 0.0,0.0,0.0,0.0,0.0,0.03684210526315797
2026-09-30T01:14:11.931 0.0,0.0,0.0,0.0,0.0,0.03684210526315797
2026-09-30T01:14:11.981 0.0,0.0,0.0,0.0,0.0,0.03684210526315797
2026-09-30T01:14:12.031 0.0,0.0,0.0,0.0,0.0,0.03684210526315797
2026-09-30T01:14:12.081 0.0,0.0,0.0,0.0,0.0,0.03684210526315797
2026-09-30T01:14:12.131 0.0,0.0,0.0,0.0,0.0,0.03684210526315797
2026-09-30T01:14:12.183 0.0,0.0,0.0,0.0,0.0,0.03684210526315797
2026-09-30T01:14:12.231 0.0,0.0,0.0,0.0,0.0,0.03684210526315797
2026-09-30T01:14:12.282 0.0,0.0,0.0,0.0,0.0,0.03684210526315797
2026-09-30T01:14:12.331 0.0,0.0,0.0,0.0,0.0,0.03684210526315797
2026-09-30T01:14:12.382 0.0,0.0,0.0,0.0,0.0,0.03684210526315797
2026-09-30T01:14:12.431 0.0,0.0,0.0,0.0,0.0,0.03684210526315797
2026-09-30T01:14:12.481 0.0,0.0,0.0,0.0,0.0,0.03684210526315797
2026-09-30T01:14:12.531 0.0,0.0,0.0,0.0,0.0,0.03684210526315797
2026-09-30T01:14:12.591 0.0,0.0,0.0,0.0,0.0,0.03684210526315797
2026-09-30T01:14:12.631 0.0,0.0,0.0,0.0,0.0,0.03684210526315797
2026-09-30T01:14:12.681 0.0,0.0,0.0,0.0,0.0,0.03684210526315797
2026-09-30T01:14:12.731 0.0,0.0,0.0,0.0,0.0,0.03684210526315797
2026-09-30T01:14:12.781 0.0,0.0,0.0,0.0,0.0,0.03684210526315797
2026-09-30T01:14:12.831 0.0,0.0,0.0,0.0,0.0,0.03684210526315797
2026-09-30T01:14:12.881 0.0,0.0,0.0,0.0,0.0,0.03684210526315797
2026-09-30T01:14:12.931 0.0,0.0,0.0,0.0,0.0,0.03684210526315797
2026-09-30T01:14:12.981 0.0,0.0,0.0,0.0,0.0,0.03684210526315797
2026-09-30T01:14:13.031 0.0,0.0,0.0,0.0,0.0,0.03684210526315797
2026-09-30T01:14:13.083 0.0,0.0,0.0,0.0,0.0,0.03684210526315797
2026-09-30T01:14:13.131 0.0,0.0,0.0,0.0,0.0,0.03684210526315797
2026-09-30T01:14:13.181 0.0,0.0,0.0,0.0,0.0,0.03684210526315797
2026-09-30T01:14:13.231 0.0,0.0,0.0,0.0,0.0,0.03684210526315797
2026-09-30T01:14:13.282 0.0,0.0,0.0,0.0,0.0,0.03684210526315797
2026-09-30T01:14:13.331 0.0,0.0,0.0,0.0,0.0,0.03684210526315797
2026-09-30T01:14:13.381 0.0,0.0,0.0,0.0,0.0,0.03684210526315797
2026-09-30T01:14:13.431 0.0,0.0,0.0,0.0,0.0,0.03684210526315797
2026-09-30T01:14:13.481 0.0,0.0,0.0,0.0,0.0,0.03684210526315797
2026-09-30T01:14:13.531 0.0,0.0,0.0,0.0,0.0,0.03684210526315797
2026-09-30T01:14:13.581 0.0,0.0,0.0,0.0,0.0,0.03684210526315797
2026-09-30T01:14:13.631 0.0,0.0,0.0,0.0,0.0,0.03684210526315797
2026-09-30T01:14:13.681 0.0,0.0,0.0,0.0,0.0,0.03684210526315797
2026-09-30T01:14:13.731 0.0,0.0,0.0,0.0,0.0,0.03684210526315797
2026-09-30T01:14:13.781 0.0,0.0,0.0,0.0,0.0,0.03684210526315797
2026-09-30T01:14:13.831 0.0,0.0,0.0,0.0,0.0,0.03684210526315797
2026-09-30T01:14:13.881 0.0,0.0,0.0,0.0,0.0,0.03684210526315797
2026-09-30T01:14:13.931 0.0,0.0,0.0,0.0,0.0,0.03684210526315797
2026-09-30T01:14:13.981 0.0,0.0,0.0,0.0,0.0,0.03684210526315797
2026-09-30T01:14:14.031 0.0,0.0,0.0,0.0,0.0,0.03684210526315797
2026-09-30T01:14:14.081 0.0,0.0,0.0,0.0,0.0,0.03684210526315797
2026-09-30T01:14:14.131 0.0,0.0,0.0,0.0,0.0,0.03684210526315797
2026-09-30T01:14:14.183 0.0,0.0,0.0,0.0,0.0,0.03684210526315797
2026-09-30T01:14:14.232 0.0,0.0,0.0,0.0,0.0,0.03684210526315797
2026-09-30T01:14:14.281 0.0,0.0,0.0,0.0,0.0,0.03684210526315797
2026-09-30T01:14:14.331 0.0,0.0,0.0,0.0,0.0,0.03684210526315797
2026-09-30T01:14:14.381 0.0,0.0,0.0,0.0,0.0,0.03684210526315797
2026-09-30T01:14:14.431 0.0,0.0,0.0,0.0,0.0,0.03684210526315797
2026-09-30T01:14:14.482 0.0,0.0,0.0,0.0,0.0,0.03684210526315797
2026-09-30T01:14:14.533 0.0,0.0,0.0,0.0,0.0,0.03684210526315797
2026-09-30T01:14:14.581 0.0,0.0,0.0,0.0,0.0,0.03684210526315797
2026-09-30T01:14:14.631 0.0,0.0,0.0,0.0,0.0,0.03684210526315797
2026-09-30T01:14:14.681 0.0,0.0,0.0,0.0,0.0,0.03684210526315797
2026-09-30T01:14:14.731 0.0,0.0,0.0,0.0,0.0,0.03684210526315797
2026-09-30T01:14:14.781 0.0,0.0,0.0,0.0,0.0,0.03684210526315797
2026-09-30T01:14:14.832 0.0,0.0,0.0,0.0,0.0,0.03684210526315797
2026-09-30T01:14:14.881 0.0,0.0,0.0,0.0,0.0,0.03684210526315797
2026-09-30T01:14:14.931 0.0,0.0,0.0,0.0,0.0,0.03684210526315797
2026-09-30T01:14:14.981 0.0,0.0,0.0,0.0,0.0,0.03684210526315797
2026-09-30T01:14:15.031 0.0,0.0,0.0,0.0,0.0,0.03684210526315797
2026-09-30T01:14:15.081 0.0,0.0,0.0,0.0,0.0,0.03684210526315797
2026-09-30T01:14:15.131 0.0,0.0,0.0,0.0,0.0,0.03684210526315797
2026-09-30T01:14:15.181 0.0,0.0,0.0,0.0,0.0,0.03684210526315797
2026-09-30T01:14:15.233 0.0,0.0,0.0,0.0,0.0,0.03684210526315797
2026-09-30T01:14:15.283 0.0,0.0,0.0,0.0,0.0,0.03684210526315797
2026-09-30T01:14:15.331 0.0,0.0,0.0,0.0,0.0,0.03684210526315797
2026-09-30T01:14:15.392 0.0,0.0,0.0,0.0,0.0,0.03684210526315797
2026-09-30T01:14:15.441 0.0,0.0,0.0,0.0,0.0,0.03684210526315797
2026-09-30T01:14:15.481 0.0,0.0,0.0,0.0,0.0,0.03684210526315797
2026-09-30T01:14:15.531 0.0,0.0,0.0,0.0,0.0,0.03684210526315797
2026-09-30T01:14:15.581 0.0,0.0,0.0,0.0,0.0,0.03684210526315797
2026-09-30T01:14:15.631 0.0,0.0,0.0,0.0,0.0,0.03684210526315797
2026-09-30T01:14:15.691 0.0,0.0,0.0,0.0,0.0,0.03684210526315797
2026-09-30T01:14:15.731 0.0,0.0,0.0,0.0,0.0,0.03684210526315797
2026-09-30T01:14:15.781 0.0,0.0,0.0,0.0,0.0,0.03684210526315797
2026-09-30T01:14:15.831 0.0,0.0,0.0,0.0,0.0,0.03684210526315797
2026-09-30T01:14:15.881 0.0,0.0,0.0,0.0,0.0,0.03684210526315797
2026-09-30T01:14:15.932 0.0,0.0,0.0,0.0,0.0,0.03684210526315797
2026-09-30T01:14:15.983 0.0,0.0,0.0,0.0,0.0,0.03684210526315797
2026-09-30T01:14:16.031 0.0,0.0,0.0,0.0,0.0,0.03684210526315797
2026-09-30T01:14:16.081 0.0,0.0,0.0,0.0,0.0,0.03684210526315797
2026-09-30T01:14:16.132 0.0,0.0,0.0,0.0,0.0,0.03684210526315797
2026-09-30T01:14:16.181 0.0,0.0,0.0,0.0,0.0,0.03684210526315797
2026-09-30T01:14:16.231 0.0,0.0,0.0,0.0,0.0,0.03684210526315797
2026-09-30T01:14:16.281 0.0,0.0,0.0,0.0,0.0,0.03684210526315797
2026-09-30T01:14:16.331 0.0,0.0,0.0,0.0,0.0,0.03684210526315797
2026-09-30T01:14:16.381 0.0,0.0,0.0,0.0,0.0,0.03684210526315797
2026-09-30T01:14:16.431 0.0,0.0,0.0,0.0,0.0,0.03684210526315797
2026-09-30T01:14:16.481 0.0,0.0,0.0,0.0,0.0,0.03684210526315797
2026-09-30T01:14:16.531 0.0,0.0,0.0,0.0,0.0,0.03684210526315797
2026-09-30T01:14:16.581 0.0,0.0,0.0,0.0,0.0,0.03684210526315797
2026-09-30T01:14:16.631 0.0,0.0,0.0,0.0,0.0,0.03684210526315797
2026-09-30T01:14:16.681 0.0,0.0,0.0,0.0,0.0,0.03684210526315797
2026-09-30T01:14:16.731 0.0,0.0,0.0,0.0,0.0,0.03684210526315797
2026-09-30T01:14:16.781 0.0,0.0,0.0,0.0,0.0,0.03684210526315797
2026-09-30T01:14:16.831 0.0,0.0,0.0,0.0,0.0,0.03684210526315797
2026-09-30T01:14:16.881 0.0,0.0,0.0,0.0,0.0,0.03684210526315797
2026-09-30T01:14:16.931 0.0,0.0,0.0,0.0,0.0,0.03684210526315797
2026-09-30T01:14:16.981 0.0,0.0,0.0,0.0,0.0,0.03684210526315797
2026-09-30T01:14:17.031 0.0,0.0,0.0,0.0,0.0,0.03684210526315797
2026-09-30T01:14:17.081 0.0,0.0,0.0,0.0,0.0,0.03684210526315797
2026-09-30T01:14:17.132 0.0,0.0,0.0,0.0,0.0,0.03684210526315797
2026-09-30T01:14:17.191 0.0,0.0,0.0,0.0,0.0,0.03684210526315797
2026-09-30T01:14:17.231 0.0,0.0,0.0,0.0,0.0,0.03684210526315797
2026-09-30T01:14:17.282 0.0,0.0,0.0,0.0,0.0,0.03684210526315797
2026-09-30T01:14:17.332 0.0,0.0,0.0,0.0,0.0,0.03684210526315797
2026-09-30T01:14:17.381 0.0,0.0,0.0,0.0,0.0,0.03684210526315797
2026-09-30T01:14:17.431 0.0,0.0,0.0,0.0,0.0,0.03684210526315797
2026-09-30T01:14:17.491 0.0,0.0,0.0,0.0,0.0,0.03684210526315797
2026-09-30T01:14:17.532 0.0,0.0,0.0,0.0,0.0,0.03684210526315797
2026-09-30T01:14:17.591 0.0,0.0,0.0,0.0,0.0,0.03684210526315797
2026-09-30T01:14:17.631 0.0,0.0,0.0,0.0,0.0,0.03684210526315797
2026-09-30T01:14:17.681 0.0,0.0,0.0,0.0,0.0,0.03684210526315797
2026-09-30T01:14:17.733 0.0,0.0,0.0,0.0,0.0,0.03684210526315797
2026-09-30T01:14:17.781 0.0,0.0,0.0,0.0,0.0,0.03684210526315797
2026-09-30T01:14:17.831 0.0,0.0,0.0,0.0,0.0,0.03684210526315797
2026-09-30T01:14:17.881 0.0,0.0,0.0,0.0,0.0,0.03684210526315797
2026-09-30T01:14:17.931 0.0,0.0,0.0,0.0,0.0,0.03684210526315797
2026-09-30T01:14:17.981 0.0,0.0,0.0,0.0,0.0,0.03684210526315797
2026-09-30T01:14:18.031 0.0,0.0,0.0,0.0,0.0,0.03684210526315797
2026-09-30T01:14:18.081 0.0,0.0,0.0,0.0,0.0,0.03684210526315797
2026-09-30T01:14:18.133 0.0,0.0,0.0,0.0,0.0,0.03684210526315797
2026-09-30T01:14:18.181 0.0,0.0,0.0,0.0,0.0,0.03684210526315797
2026-09-30T01:14:18.231 0.0,0.0,0.0,0.0,0.0,0.03684210526315797
2026-09-30T01:14:18.281 0.0,0.0,0.0,0.0,0.0,0.03684210526315797
2026-09-30T01:14:18.331 0.0,0.0,0.0,0.0,0.0,0.03684210526315797
2026-09-30T01:14:18.381 0.0,0.0,0.0,0.0,0.0,0.03684210526315797
2026-09-30T01:14:18.431 0.0,0.0,0.0,0.0,0.0,0.03684210526315797
2026-09-30T01:14:18.481 0.0,0.0,0.0,0.0,0.0,0.03684210526315797
2026-09-30T01:14:18.531 0.0,0.0,0.0,0.0,0.0,0.03684210526315797
2026-09-30T01:14:18.581 0.0,0.0,0.0,0.0,0.0,0.03684210526315797
2026-09-30T01:14:18.631 0.0,0.0,0.0,0.0,0.0,0.03684210526315797
2026-09-30T01:14:18.681 0.0,0.0,0.0,0.0,0.0,0.03684210526315797
2026-09-30T01:14:18.741 0.0,0.0,0.0,0.0,0.0,0.03684210526315797
2026-09-30T01:14:18.781 0.0,0.0,0.0,0.0,0.0,0.03684210526315797
2026-09-30T01:14:18.831 0.0,0.0,0.0,0.0,0.0,0.03684210526315797
2026-09-30T01:14:18.891 0.0,0.0,0.0,0.0,0.0,0.03684210526315797
2026-09-30T01:14:18.931 0.0,0.0,0.0,0.0,0.0,0.03684210526315797
2026-09-30T01:14:18.981 0.0,0.0,0.0,0.0,0.0,0.03684210526315797
2026-09-30T01:14:19.031 0.0,0.0,0.0,0.0,0.0,0.03684210526315797
2026-09-30T01:14:19.081 0.0,0.0,0.0,0.0,0.0,0.03684210526315797
2026-09-30T01:14:19.132 0.0,0.0,0.0,0.0,0.0,0.03684210526315797
2026-09-30T01:14:19.181 0.0,0.0,0.0,0.0,0.0,0.03684210526315797
2026-09-30T01:14:19.231 0.0,0.0,0.0,0.0,0.0,0.03684210526315797
2026-09-30T01:14:19.292 0.0,0.0,0.0,0.0,0.0,0.03684210526315797
2026-09-30T01:14:19.331 0.0,0.0,0.0,0.0,0.0,0.03684210526315797
2026-09-30T01:14:19.381 0.0,0.0,0.0,0.0,0.0,0.03684210526315797
2026-09-30T01:14:19.431 0.0,0.0,0.0,0.0,0.0,0.03684210526315797
2026-09-30T01:14:19.481 0.0,0.0,0.0,0.0,0.0,0.03684210526315797
2026-09-30T01:14:19.531 0.0,0.0,0.0,0.0,0.0,0.03684210526315797
2026-09-30T01:14:19.581 0.0,0.0,0.0,0.0,0.0,0.03684210526315797
2026-09-30T01:14:19.631 0.0,0.0,0.0,0.0,0.0,0.03684210526315797
2026-09-30T01:14:19.681 0.0,0.0,0.0,0.0,0.0,0.03684210526315797
2026-09-30T01:14:19.742 0.0,0.0,0.0,0.0,0.0,0.03684210526315797
2026-09-30T01:14:19.781 0.0,0.0,0.0,0.0,0.0,0.03684210526315797
2026-09-30T01:14:19.831 0.0,0.0,0.0,0.0,0.0,0.03684210526315797
2026-09-30T01:14:19.882 0.0,0.0,0.0,0.0,0.0,0.03684210526315797
2026-09-30T01:14:19.931 0.0,0.0,0.0,0.0,0.0,0.03684210526315797
2026-09-30T01:14:19.982 0.0,0.0,0.0,0.0,0.0,0.03684210526315797
2026-09-30T01:14:20.031 0.0,0.0,0.0,0.0,0.0,0.03684210526315797
2026-09-30T01:14:20.081 0.0,0.0,0.0,0.0,0.0,0.03684210526315797
2026-09-30T01:14:20.131 0.0,0.0,0.0,0.0,0.0,0.03684210526315797
2026-09-30T01:14:20.181 0.0,0.0,0.0,0.0,0.0,0.03684210526315797
2026-09-30T01:14:20.232 0.0,0.0,0.0,0.0,0.0,0.03684210526315797
2026-09-30T01:14:20.281 0.0,0.0,0.0,0.0,0.0,0.03684210526315797
2026-09-30T01:14:20.341 0.0,0.0,0.0,0.0,0.0,0.03684210526315797
2026-09-30T01:14:20.381 0.0,0.0,0.0,0.0,0.0,0.03684210526315797
2026-09-30T01:14:20.431 0.0,0.0,0.0,0.0,0.0,0.03684210526315797
2026-09-30T01:14:20.481 0.0,0.0,0.0,0.0,0.0,0.03684210526315797
2026-09-30T01:14:20.531 0.0,0.0,0.0,0.0,0.0,0.03684210526315797
2026-09-30T01:14:20.581 0.0,0.0,0.0,0.0,0.0,0.03684210526315797
2026-09-30T01:14:20.632 0.0,0.0,0.0,0.0,0.0,0.03684210526315797
2026-09-30T01:14:20.681 0.0,0.0,0.0,0.0,0.0,0.03684210526315797
2026-09-30T01:14:20.731 0.0,0.0,0.0,0.0,0.0,0.03684210526315797
2026-09-30T01:14:20.781 0.0,0.0,0.0,0.0,0.0,0.03684210526315797
2026-09-30T01:14:20.831 0.0,0.0,0.0,0.0,0.0,0.03684210526315797
2026-09-30T01:14:20.881 0.0,0.0,0.0,0.0,0.0,0.03684210526315797
2026-09-30T01:14:20.931 0.0,0.0,0.0,0.0,0.0,0.03684210526315797
2026-09-30T01:14:20.981 0.0,0.0,0.0,0.0,0.0,0.03684210526315797
2026-09-30T01:14:21.032 0.0,0.0,0.0,0.0,0.0,0.03684210526315797
2026-09-30T01:14:21.081 0.0,0.0,0.0,0.0,0.0,0.03684210526315797
2026-09-30T01:14:21.131 0.0,0.0,0.0,0.0,0.0,0.03684210526315797
2026-09-30T01:14:21.181 0.0,0.0,0.0,0.0,0.0,0.03684210526315797
2026-09-30T01:14:21.231 0.0,0.0,0.0,0.0,0.0,0.03684210526315797
2026-09-30T01:14:21.282 0.0,0.0,0.0,0.0,0.0,0.03684210526315797
2026-09-30T01:14:21.331 0.0,0.0,0.0,0.0,0.0,0.03684210526315797
2026-09-30T01:14:21.381 0.0,0.0,0.0,0.0,0.0,0.03684210526315797
2026-09-30T01:14:21.431 0.0,0.0,0.0,0.0,0.0,0.03684210526315797
2026-09-30T01:14:21.481 0.0,0.0,0.0,0.0,0.0,0.03684210526315797
2026-09-30T01:14:21.531 0.0,0.0,0.0,0.0,0.0,0.03684210526315797
2026-09-30T01:14:21.582 0.0,0.0,0.0,0.0,0.0,0.03684210526315797
2026-09-30T01:14:21.631 0.0,0.0,0.0,0.0,0.0,0.03684210526315797
2026-09-30T01:14:21.681 0.0,0.0,0.0,0.0,0.0,0.03684210526315797
2026-09-30T01:14:21.731 0.0,0.0,0.0,0.0,0.0,0.03684210526315797
2026-09-30T01:14:21.781 0.0,0.0,0.0,0.0,0.0,0.03684210526315797
2026-09-30T01:14:21.831 0.0,0.0,0.0,0.0,0.0,0.03684210526315797
2026-09-30T01:14:21.881 0.0,0.0,0.0,0.0,0.0,0.03684210526315797
2026-09-30T01:14:21.931 0.0,0.0,0.0,0.0,0.0,0.03684210526315797
2026-09-30T01:14:21.981 0.0,0.0,0.0,0.0,0.0,0.03684210526315797
2026-09-30T01:14:22.031 0.0,0.0,0.0,0.0,0.0,0.03684210526315797
2026-09-30T01:14:22.081 0.0,0.0,0.0,0.0,0.0,0.03684210526315797
2026-09-30T01:14:22.131 0.0,0.0,0.0,0.0,0.0,0.03684210526315797
2026-09-30T01:14:22.183 0.0,0.0,0.0,0.0,0.0,0.03684210526315797
2026-09-30T01:14:22.231 0.0,0.0,0.0,0.0,0.0,0.03684210526315797
2026-09-30T01:14:22.281 0.0,0.0,0.0,0.0,0.0,0.03684210526315797
2026-09-30T01:14:22.331 0.0,0.0,0.0,0.0,0.0,0.03684210526315797
2026-09-30T01:14:22.381 0.0,0.0,0.0,0.0,0.0,0.03684210526315797
2026-09-30T01:14:22.431 0.0,0.0,0.0,0.0,0.0,0.03684210526315797
2026-09-30T01:14:22.481 0.0,0.0,0.0,0.0,0.0,0.03684210526315797
2026-09-30T01:14:22.532 0.0,0.0,0.0,0.0,0.0,0.03684210526315797
2026-09-30T01:14:22.581 0.0,0.0,0.0,0.0,0.0,0.03684210526315797
2026-09-30T01:14:22.631 0.0,0.0,0.0,0.0,0.0,0.03684210526315797
2026-09-30T01:14:22.681 0.0,0.0,0.0,0.0,0.0,0.03684210526315797
2026-09-30T01:14:22.731 0.0,0.0,0.0,0.0,0.0,0.03684210526315797
2026-09-30T01:14:22.781 0.0,0.0,0.0,0.0,0.0,0.03684210526315797
2026-09-30T01:14:22.833 0.0,0.0,0.0,0.0,0.0,0.03684210526315797
2026-09-30T01:14:22.884 0.0,0.0,0.0,0.0,0.0,0.03684210526315797
2026-09-30T01:14:22.942 0.0,0.0,0.0,0.0,0.0,0.03684210526315797
2026-09-30T01:14:22.981 0.0,0.0,0.0,0.0,0.0,0.03684210526315797
2026-09-30T01:14:23.041 0.0,0.0,0.0,0.0,0.0,0.03684210526315797
2026-09-30T01:14:23.081 0.0,0.0,0.0,0.0,0.0,0.03684210526315797
2026-09-30T01:14:23.132 0.0,0.0,0.0,0.0,0.0,0.03684210526315797
2026-09-30T01:14:23.181 0.0,0.0,0.0,0.0,0.0,0.03684210526315797
2026-09-30T01:14:23.231 0.0,0.0,0.0,0.0,0.0,0.03684210526315797
2026-09-30T01:14:23.281 0.0,0.0,0.0,0.0,0.0,0.03684210526315797
2026-09-30T01:14:23.331 0.0,0.0,0.0,0.0,0.0,0.03684210526315797
2026-09-30T01:14:23.382 0.0,0.0,0.0,0.0,0.0,0.03684210526315797
2026-09-30T01:14:23.431 0.0,0.0,0.0,0.0,0.0,0.03684210526315797
2026-09-30T01:14:23.481 0.0,0.0,0.0,0.0,0.0,0.03684210526315797
2026-09-30T01:14:23.532 0.0,0.0,0.0,0.0,0.0,0.03684210526315797
2026-09-30T01:14:23.581 0.0,0.0,0.0,0.0,0.0,0.03684210526315797
2026-09-30T01:14:23.631 0.0,0.0,0.0,0.0,0.0,0.03684210526315797
2026-09-30T01:14:23.682 0.0,0.0,0.0,0.0,0.0,0.03684210526315797
2026-09-30T01:14:23.731 0.0,0.0,0.0,0.0,0.0,0.03684210526315797
2026-09-30T01:14:23.782 0.0,0.0,0.0,0.0,0.0,0.03684210526315797
2026-09-30T01:14:23.831 0.0,0.0,0.0,0.0,0.0,0.03684210526315797
2026-09-30T01:14:23.881 0.0,0.0,0.0,0.0,0.0,0.03684210526315797
2026-09-30T01:14:23.932 0.0,0.0,0.0,0.0,0.0,0.03684210526315797
2026-09-30T01:14:23.981 0.0,0.0,0.0,0.0,0.0,0.03684210526315797
2026-09-30T01:14:24.031 0.0,0.0,0.0,0.0,0.0,0.03684210526315797
2026-09-30T01:14:24.081 0.0,0.0,0.0,0.0,0.0,0.03684210526315797
2026-09-30T01:14:24.132 0.0,0.0,0.0,0.0,0.0,0.03684210526315797
2026-09-30T01:14:24.181 0.0,0.0,0.0,0.0,0.0,0.03684210526315797
2026-09-30T01:14:24.231 0.0,0.0,0.0,0.0,0.0,0.03684210526315797
2026-09-30T01:14:24.281 0.0,0.0,0.0,0.0,0.0,0.03684210526315797
2026-09-30T01:14:24.331 0.0,0.0,0.0,0.0,0.0,0.03684210526315797
2026-09-30T01:14:24.383 0.0,0.0,0.0,0.0,0.0,0.03684210526315797
2026-09-30T01:14:24.432 0.0,0.0,0.0,0.0,0.0,0.03684210526315797
2026-09-30T01:14:24.481 0.0,0.0,0.0,0.0,0.0,0.03684210526315797
2026-09-30T01:14:24.531 0.0,0.0,0.0,0.0,0.0,0.03684210526315797
2026-09-30T01:14:24.581 0.0,0.0,0.0,0.0,0.0,0.03684210526315797
2026-09-30T01:14:24.631 0.0,0.0,0.0,0.0,0.0,0.03684210526315797
2026-09-30T01:14:24.681 0.0,0.0,0.0,0.0,0.0,0.03684210526315797
2026-09-30T01:14:24.741 0.0,0.0,0.0,0.0,0.0,0.03684210526315797
2026-09-30T01:14:24.781 0.0,0.0,0.0,0.0,0.0,0.03684210526315797
2026-09-30T01:14:24.832 0.0,0.0,0.0,0.0,0.0,0.03684210526315797
2026-09-30T01:14:24.881 0.0,0.0,0.0,0.0,0.0,0.03684210526315797
2026-09-30T01:14:24.931 0.0,0.0,0.0,0.0,0.0,0.03684210526315797
2026-09-30T01:14:24.981 0.0,0.0,0.0,0.0,0.0,0.03684210526315797
2026-09-30T01:14:25.041 0.0,0.0,0.0,0.0,0.0,0.03684210526315797
2026-09-30T01:14:25.081 0.0,0.0,0.0,0.0,0.0,0.03684210526315797
2026-09-30T01:14:25.131 0.0,0.0,0.0,0.0,0.0,0.03684210526315797
2026-09-30T01:14:25.181 0.0,0.0,0.0,0.0,0.0,0.03684210526315797
2026-09-30T01:14:25.231 0.0,0.0,0.0,0.0,0.0,0.03684210526315797
2026-09-30T01:14:25.281 0.0,0.0,0.0,0.0,0.0,0.03684210526315797
2026-09-30T01:14:25.331 0.0,0.0,0.0,0.0,0.0,0.03684210526315797
2026-09-30T01:14:25.381 0.0,0.0,0.0,0.0,0.0,0.03684210526315797
2026-09-30T01:14:25.432 0.0,0.0,0.0,0.0,0.0,0.03684210526315797
2026-09-30T01:14:25.481 0.0,0.0,0.0,0.0,0.0,0.03684210526315797
2026-09-30T01:14:25.531 0.0,0.0,0.0,0.0,0.0,0.03684210526315797
2026-09-30T01:14:25.581 0.0,0.0,0.0,0.0,0.0,0.03684210526315797
2026-09-30T01:14:25.631 0.0,0.0,0.0,0.0,0.0,0.03684210526315797
2026-09-30T01:14:25.681 0.0,0.0,0.0,0.0,0.0,0.03684210526315797
2026-09-30T01:14:25.731 0.0,0.0,0.0,0.0,0.0,0.03684210526315797
2026-09-30T01:14:25.781 0.0,0.0,0.0,0.0,0.0,0.03684210526315797
2026-09-30T01:14:25.832 0.0,0.0,0.0,0.0,0.0,0.03684210526315797
2026-09-30T01:14:25.881 0.0,0.0,0.0,0.0,0.0,0.03684210526315797
2026-09-30T01:14:25.932 0.0,0.0,0.0,0.0,0.0,0.03684210526315797
2026-09-30T01:14:25.981 0.0,0.0,0.0,0.0,0.0,0.03684210526315797
2026-09-30T01:14:26.031 0.0,0.0,0.0,0.0,0.0,0.03684210526315797
2026-09-30T01:14:26.081 0.0,0.0,0.0,0.0,0.0,0.03684210526315797
2026-09-30T01:14:26.131 0.0,0.0,0.0,0.0,0.0,0.03684210526315797
2026-09-30T01:14:26.181 0.0,0.0,0.0,0.0,0.0,0.03684210526315797
2026-09-30T01:14:26.231 0.0,0.0,0.0,0.0,0.0,0.03684210526315797
2026-09-30T01:14:26.281 0.0,0.0,0.0,0.0,0.0,0.03684210526315797
2026-09-30T01:14:26.331 0.0,0.0,0.0,0.0,0.0,0.03684210526315797
2026-09-30T01:14:26.381 0.0,0.0,0.0,0.0,0.0,0.03684210526315797
2026-09-30T01:14:26.431 0.0,0.0,0.0,0.0,0.0,0.03684210526315797
2026-09-30T01:14:26.481 0.0,0.0,0.0,0.0,0.0,0.03684210526315797
2026-09-30T01:14:26.531 0.0,0.0,0.0,0.0,0.0,0.03684210526315797
2026-09-30T01:14:26.581 0.0,0.0,0.0,0.0,0.0,0.03684210526315797
2026-09-30T01:14:26.631 0.0,0.0,0.0,0.0,0.0,0.03684210526315797
2026-09-30T01:14:26.681 0.0,0.0,0.0,0.0,0.0,0.03684210526315797
2026-09-30T01:14:26.731 0.0,0.0,0.0,0.0,0.0,0.03684210526315797
2026-09-30T01:14:26.782 0.0,0.0,0.0,0.0,0.0,0.03684210526315797
2026-09-30T01:14:26.831 0.0,0.0,0.0,0.0,0.0,0.03684210526315797
2026-09-30T01:14:26.881 0.0,0.0,0.0,0.0,0.0,0.03684210526315797
2026-09-30T01:14:26.931 0.0,0.0,0.0,0.0,0.0,0.03684210526315797
2026-09-30T01:14:26.982 0.0,0.0,0.0,0.0,0.0,0.03684210526315797
2026-09-30T01:14:27.031 0.0,0.0,0.0,0.0,0.0,0.03684210526315797
2026-09-30T01:14:27.081 0.0,0.0,0.0,0.0,0.0,0.03684210526315797
2026-09-30T01:14:27.131 0.0,0.0,0.0,0.0,0.0,0.03684210526315797
2026-09-30T01:14:27.181 0.0,0.0,0.0,0.0,0.0,0.03684210526315797
2026-09-30T01:14:27.232 0.0,0.0,0.0,0.0,0.0,0.03684210526315797
2026-09-30T01:14:27.291 0.0,0.0,0.0,0.0,0.0,0.03684210526315797
2026-09-30T01:14:27.331 0.0,0.0,0.0,0.0,0.0,0.03684210526315797
2026-09-30T01:14:27.382 0.0,0.0,0.0,0.0,0.0,0.03684210526315797
2026-09-30T01:14:27.432 0.0,0.0,0.0,0.0,0.0,0.03684210526315797
2026-09-30T01:14:27.481 0.0,0.0,0.0,0.0,0.0,0.03684210526315797
2026-09-30T01:14:27.531 0.0,0.0,0.0,0.0,0.0,0.03684210526315797
2026-09-30T01:14:27.581 0.0,0.0,0.0,0.0,0.0,0.03684210526315797
2026-09-30T01:14:27.631 0.0,0.0,0.0,0.0,0.0,0.03684210526315797
2026-09-30T01:14:27.681 0.0,0.0,0.0,0.0,0.0,0.03684210526315797
2026-09-30T01:14:27.731 0.0,0.0,0.0,0.0,0.0,0.03684210526315797
2026-09-30T01:14:27.781 0.0,0.0,0.0,0.0,0.0,0.03684210526315797
2026-09-30T01:14:27.831 0.0,0.0,0.0,0.0,0.0,0.03684210526315797
2026-09-30T01:14:27.881 0.0,0.0,0.0,0.0,0.0,0.03684210526315797
2026-09-30T01:14:27.932 0.0,0.0,0.0,0.0,0.0,0.03684210526315797
2026-09-30T01:14:27.981 0.0,0.0,0.0,0.0,0.0,0.03684210526315797
2026-09-30T01:14:28.031 0.0,0.0,0.0,0.0,0.0,0.03684210526315797
2026-09-30T01:14:28.081 0.0,0.0,0.0,0.0,0.0,0.03684210526315797
2026-09-30T01:14:28.131 0.0,0.0,0.0,0.0,0.0,0.03684210526315797
2026-09-30T01:14:28.181 0.0,0.0,0.0,0.0,0.0,0.03684210526315797
2026-09-30T01:14:28.231 0.0,0.0,0.0,0.0,0.0,0.03684210526315797
2026-09-30T01:14:28.281 0.0,0.0,0.0,0.0,0.0,0.03684210526315797
2026-09-30T01:14:28.332 0.0,0.0,0.0,0.0,0.0,0.03684210526315797
2026-09-30T01:14:28.381 0.0,0.0,0.0,0.0,0.0,0.03684210526315797
2026-09-30T01:14:28.431 0.0,0.0,0.0,0.0,0.0,0.03684210526315797
2026-09-30T01:14:28.481 0.0,0.0,0.0,0.0,0.0,0.03684210526315797
2026-09-30T01:14:28.531 0.0,0.0,0.0,0.0,0.0,0.03684210526315797
2026-09-30T01:14:28.581 0.0,0.0,0.0,0.0,0.0,0.03684210526315797
2026-09-30T01:14:28.633 0.0,0.0,0.0,0.0,0.0,0.03684210526315797
2026-09-30T01:14:28.681 0.0,0.0,0.0,0.0,0.0,0.03684210526315797
2026-09-30T01:14:28.731 0.0,0.0,0.0,0.0,0.0,0.03684210526315797
2026-09-30T01:14:28.781 0.0,0.0,0.0,0.0,0.0,0.03684210526315797
2026-09-30T01:14:28.831 0.0,0.0,0.0,0.0,0.0,0.03684210526315797
2026-09-30T01:14:28.881 0.0,0.0,0.0,0.0,0.0,0.03684210526315797
2026-09-30T01:14:28.931 0.0,0.0,0.0,0.0,0.0,0.03684210526315797
2026-09-30T01:14:28.981 0.0,0.0,0.0,0.0,0.0,0.03684210526315797
2026-09-30T01:14:29.031 0.0,0.0,0.0,0.0,0.0,0.03684210526315797
2026-09-30T01:14:29.082 0.0,0.0,0.0,0.0,0.0,0.03684210526315797
2026-09-30T01:14:29.131 0.0,0.0,0.0,0.0,0.0,0.03684210526315797
2026-09-30T01:14:29.181 0.0,0.0,0.0,0.0,0.0,0.03684210526315797
2026-09-30T01:14:29.231 0.0,0.0,0.0,0.0,0.0,0.03684210526315797
2026-09-30T01:14:29.281 0.0,0.0,0.0,0.0,0.0,0.03684210526315797
2026-09-30T01:14:29.332 0.0,0.0,0.0,0.0,0.0,0.03684210526315797
2026-09-30T01:14:30.221 0.0,0.0,0.0,0.0,0.0,0.03684210526315797
2026-09-30T01:14:30.271 0.0,0.0,0.0,0.0,0.0,0.03684210526315797
2026-09-30T01:14:31.478 0.0,0.0,0.0,0.0,0.0,0.03684210526315797
2026-09-30T01:14:31.529 0.0,0.0,0.0,0.0,0.0,0.03684210526315797
2026-09-30T01:14:31.578 0.0,0.0,0.0,0.0,0.0,0.03684210526315797
2026-09-30T01:14:31.640 0.0,0.0,0.0,0.0,0.0,0.03684210526315797
2026-09-30T01:14:31.678 0.0,0.0,0.0,0.0,0.0,0.03684210526315797
2026-09-30T01:14:31.728 0.0,0.0,0.0,0.0,0.0,0.03684210526315797
2026-09-30T01:14:31.779 0.0,0.0,0.0,0.0,0.0,0.03684210526315797
2026-09-30T01:14:31.828 0.0,0.0,0.0,0.0,0.0,0.03684210526315797
2026-09-30T01:14:31.878 0.0,0.0,0.0,0.0,0.0,0.03684210526315797
2026-09-30T01:14:31.928 0.0,0.0,0.0,0.0,0.0,0.03684210526315797
2026-09-30T01:14:31.978 0.0,0.0,0.0,0.0,0.0,0.0
2026-09-30T01:14:32.028 0.0,0.0,0.0,0.0,0.0,0.0
2026-09-30T01:14:32.078 0.0,0.0,0.0,0.0,0.0,0.0
2026-09-30T01:14:32.128 0.0,0.0,0.0,0.0,0.0,0.0
2026-09-30T01:14:32.179 0.0,0.0,0.0,0.0,0.0,0.03684210526315797
2026-09-30T01:14:32.228 0.0,0.0,0.0,0.0,0.0,0.03684210526315797
2026-09-30T01:14:32.278 0.0,0.0,0.0,0.0,0.0,0.03684210526315797
2026-09-30T01:14:32.328 0.0,0.0,0.0,0.0,0.0,0.03684210526315797
2026-09-30T01:14:32.378 0.0,0.0,0.0,0.0,0.0,0.03684210526315797
2026-09-30T01:14:32.428 0.0,0.0,0.0,0.0,0.0,0.03684210526315797
2026-09-30T01:14:32.478 0.0,0.0,0.0,0.0,0.0,0.03684210526315797
2026-09-30T01:14:32.528 0.0,0.0,0.0,0.0,0.0,0.03684210526315797
2026-09-30T01:14:32.578 0.0,0.0,0.0,0.0,0.0,0.03684210526315797
2026-09-30T01:14:32.628 0.0,0.0,0.0,0.0,0.0,0.03684210526315797
2026-09-30T01:14:32.678 0.0,0.0,0.0,0.0,0.0,0.03684210526315797
2026-09-30T01:14:32.728 0.0,0.0,0.0,0.0,0.0,0.03684210526315797
2026-09-30T01:14:32.779 0.0,0.0,0.0,0.0,0.0,0.03684210526315797
2026-09-30T01:14:32.828 0.0,0.0,0.0,0.0,0.0,0.03684210526315797
2026-09-30T01:14:32.878 0.0,0.0,0.0,0.0,0.0,0.03684210526315797
2026-09-30T01:14:32.928 0.0,0.0,0.0,0.0,0.0,0.03684210526315797
2026-09-30T01:14:32.978 0.0,0.0,0.0,0.0,0.0,0.03684210526315797
2026-09-30T01:14:33.028 0.0,0.0,0.0,0.0,0.0,0.03684210526315797
2026-09-30T01:14:33.078 0.0,0.0,0.0,0.0,0.0,0.03684210526315797
2026-09-30T01:14:33.128 0.0,0.0,0.0,0.0,0.0,0.03684210526315797
2026-09-30T01:14:33.178 0.0,0.0,0.0,0.0,0.0,0.03684210526315797
2026-09-30T01:14:33.229 0.0,0.0,0.0,0.0,0.0,0.03684210526315797
2026-09-30T01:14:33.278 0.0,0.0,0.0,0.0,0.0,0.03684210526315797
2026-09-30T01:14:33.328 0.0,0.0,0.0,0.0,0.0,0.03684210526315797
2026-09-30T01:14:33.378 0.0,0.0,0.0,0.0,0.0,0.03684210526315797
2026-09-30T01:14:33.438 0.0,0.0,0.0,0.0,0.0,0.03684210526315797
2026-09-30T01:14:33.478 0.0,0.0,0.0,0.0,0.0,0.03684210526315797
2026-09-30T01:14:33.528 0.0,0.0,0.0,0.0,0.0,0.03684210526315797
2026-09-30T01:14:33.578 0.0,0.0,0.0,0.0,0.0,0.03684210526315797
2026-09-30T01:14:33.630 0.0,0.0,0.0,0.0,0.0,0.03684210526315797
2026-09-30T01:14:33.689 0.0,0.0,0.0,0.0,0.0,0.03684210526315797
2026-09-30T01:14:33.728 0.0,0.0,0.0,0.0,0.0,0.03684210526315797
2026-09-30T01:14:33.778 0.0,0.0,0.0,0.0,0.0,0.03684210526315797
2026-09-30T01:14:33.828 0.0,0.0,0.0,0.0,0.0,0.03684210526315797
2026-09-30T01:14:33.878 0.0,0.0,0.0,0.0,0.0,0.03684210526315797
2026-09-30T01:14:33.928 0.0,0.0,0.0,0.0,0.0,0.03684210526315797
2026-09-30T01:14:33.978 0.0,0.0,0.0,0.0,0.0,0.03684210526315797
2026-09-30T01:14:34.029 0.0,0.0,0.0,0.0,0.0,0.03684210526315797
2026-09-30T01:14:34.078 0.0,0.0,0.0,0.0,0.0,0.03684210526315797
2026-09-30T01:14:34.128 0.0,0.0,0.0,0.0,0.0,0.03684210526315797
2026-09-30T01:14:34.178 0.0,0.0,0.0,0.0,0.0,0.03684210526315797
2026-09-30T01:14:34.228 0.0,0.0,0.0,0.0,0.0,0.03684210526315797
2026-09-30T01:14:34.278 0.0,0.0,0.0,0.0,0.0,0.03684210526315797
2026-09-30T01:14:34.328 0.0,0.0,0.0,0.0,0.0,0.03684210526315797
2026-09-30T01:14:34.388 0.0,0.0,0.0,0.0,0.0,0.03684210526315797
2026-09-30T01:14:34.429 0.0,0.0,0.0,0.0,0.0,0.03684210526315797
2026-09-30T01:14:34.478 0.0,0.0,0.0,0.0,0.0,0.03684210526315797
2026-09-30T01:14:34.528 0.0,0.0,0.0,0.0,0.0,0.03684210526315797
2026-09-30T01:14:34.578 0.0,0.0,0.0,0.0,0.0,0.03684210526315797
2026-09-30T01:14:34.629 0.0,0.0,0.0,0.0,0.0,0.03684210526315797
2026-09-30T01:14:34.678 0.0,0.0,0.0,0.0,0.0,0.03684210526315797
2026-09-30T01:14:34.728 0.0,0.0,0.0,0.0,0.0,0.03684210526315797
2026-09-30T01:14:34.778 0.0,0.0,0.0,0.0,0.0,0.03684210526315797
2026-09-30T01:14:34.828 0.0,0.0,0.0,0.0,0.0,0.03684210526315797
2026-09-30T01:14:34.878 0.0,0.0,0.0,0.0,0.0,0.03684210526315797
2026-09-30T01:14:34.929 0.0,0.0,0.0,0.0,0.0,0.03684210526315797
2026-09-30T01:14:34.978 0.0,0.0,0.0,0.0,0.0,0.03684210526315797
2026-09-30T01:14:35.028 0.0,0.0,0.0,0.0,0.0,0.03684210526315797
2026-09-30T01:14:35.078 0.0,0.0,0.0,0.0,0.0,0.03684210526315797
2026-09-30T01:14:35.138 0.0,0.0,0.0,0.0,0.0,0.03684210526315797
2026-09-30T01:14:35.179 0.0,0.0,0.0,0.0,0.0,0.03684210526315797
2026-09-30T01:14:35.229 0.0,0.0,0.0,0.0,0.0,0.03684210526315797
2026-09-30T01:14:35.278 0.0,0.0,0.0,0.0,0.0,0.03684210526315797
2026-09-30T01:14:35.328 0.0,0.0,0.0,0.0,0.0,0.03684210526315797
2026-09-30T01:14:35.378 0.0,0.0,0.0,0.0,0.0,0.03684210526315797
2026-09-30T01:14:35.428 0.0,0.0,0.0,0.0,0.0,0.03684210526315797
2026-09-30T01:14:35.478 0.0,0.0,0.0,0.0,0.0,0.03684210526315797
2026-09-30T01:14:35.528 0.0,0.0,0.0,0.0,0.0,0.03684210526315797
2026-09-30T01:14:35.578 0.0,0.0,0.0,0.0,0.0,0.03684210526315797
2026-09-30T01:14:35.628 0.0,0.0,0.0,0.0,0.0,0.03684210526315797
2026-09-30T01:14:35.680 0.0,0.0,0.0,0.0,0.0,0.03684210526315797
2026-09-30T01:14:35.729 0.0,0.0,0.0,0.0,0.0,0.03684210526315797
2026-09-30T01:14:35.778 0.0,0.0,0.0,0.0,0.0,0.03684210526315797
2026-09-30T01:14:35.828 0.0,0.0,0.0,0.0,0.0,0.03684210526315797
2026-09-30T01:14:35.878 0.0,0.0,0.0,0.0,0.0,0.03684210526315797
2026-09-30T01:14:35.928 0.0,0.0,0.0,0.0,0.0,0.03684210526315797
2026-09-30T01:14:35.978 0.0,0.0,0.0,0.0,0.0,0.03684210526315797
2026-09-30T01:14:36.028 0.0,0.0,0.0,0.0,0.0,0.03684210526315797
2026-09-30T01:14:36.078 0.0,0.0,0.0,0.0,0.0,0.03684210526315797
2026-09-30T01:14:36.128 0.0,0.0,0.0,0.0,0.0,0.03684210526315797
2026-09-30T01:14:36.178 0.0,0.0,0.0,0.0,0.0,0.03684210526315797
2026-09-30T01:14:36.228 0.0,0.0,0.0,0.0,0.0,0.03684210526315797
2026-09-30T01:14:36.278 0.0,0.0,0.0,0.0,0.0,0.03684210526315797
2026-09-30T01:14:36.328 0.0,0.0,0.0,0.0,0.0,0.03684210526315797
2026-09-30T01:14:36.378 0.0,0.0,0.0,0.0,0.0,0.03684210526315797
2026-09-30T01:14:36.428 0.0,0.0,0.0,0.0,0.0,0.03684210526315797
2026-09-30T01:14:36.478 0.0,0.0,0.0,0.0,0.0,0.03684210526315797
2026-09-30T01:14:36.528 0.0,0.0,0.0,0.0,0.0,0.03684210526315797
2026-09-30T01:14:36.578 0.0,0.0,0.0,0.0,0.0,0.03684210526315797
2026-09-30T01:14:36.628 0.0,0.0,0.0,0.0,0.0,0.03684210526315797
2026-09-30T01:14:36.678 0.0,0.0,0.0,0.0,0.0,0.03684210526315797
2026-09-30T01:14:36.731 0.0,0.0,0.0,0.0,0.0,0.03684210526315797
2026-09-30T01:14:36.781 0.0,0.0,0.0,0.0,0.0,0.03684210526315797
2026-09-30T01:14:36.831 0.0,0.0,0.0,0.0,0.0,0.03684210526315797
2026-09-30T01:14:36.878 0.0,0.0,0.0,0.0,0.0,0.03684210526315797
2026-09-30T01:14:36.928 0.0,0.0,0.0,0.0,0.0,0.03684210526315797
2026-09-30T01:14:36.978 0.0,0.0,0.0,0.0,0.0,0.03684210526315797
2026-09-30T01:14:37.028 0.0,0.0,0.0,0.0,0.0,0.03684210526315797
2026-09-30T01:14:37.078 0.0,0.0,0.0,0.0,0.0,0.03684210526315797
2026-09-30T01:14:37.128 0.0,0.0,0.0,0.0,0.0,0.03684210526315797
2026-09-30T01:14:37.178 0.0,0.0,0.0,0.0,0.0,0.03684210526315797
2026-09-30T01:14:37.238 0.0,0.0,0.0,0.0,0.0,0.03684210526315797
2026-09-30T01:14:37.278 0.0,0.0,0.0,0.0,0.0,0.03684210526315797
2026-09-30T01:14:37.328 0.0,0.0,0.0,0.0,0.0,0.03684210526315797
2026-09-30T01:14:37.378 0.0,0.0,0.0,0.0,0.0,0.03684210526315797
2026-09-30T01:14:37.439 0.0,0.0,0.0,0.0,0.0,0.03684210526315797
2026-09-30T01:14:37.478 0.0,0.0,0.0,0.0,0.0,0.03684210526315797
2026-09-30T01:14:37.528 0.0,0.0,0.0,0.0,0.0,0.03684210526315797
2026-09-30T01:14:37.578 0.0,0.0,0.0,0.0,0.0,0.03684210526315797
2026-09-30T01:14:37.629 0.0,0.0,0.0,0.0,0.0,0.03684210526315797
2026-09-30T01:14:37.678 0.0,0.0,0.0,0.0,0.0,0.03684210526315797
2026-09-30T01:14:37.728 0.0,0.0,0.0,0.0,0.0,0.03684210526315797
2026-09-30T01:14:37.778 0.0,0.0,0.0,0.0,0.0,0.03684210526315797
2026-09-30T01:14:37.828 0.0,0.0,0.0,0.0,0.0,0.03684210526315797
2026-09-30T01:14:37.878 0.0,0.0,0.0,0.0,0.0,0.03684210526315797
2026-09-30T01:14:37.929 0.0,0.0,0.0,0.0,0.0,0.03684210526315797
2026-09-30T01:14:37.978 0.0,0.0,0.0,0.0,0.0,0.03684210526315797
2026-09-30T01:14:38.028 0.0,0.0,0.0,0.0,0.0,0.03684210526315797
2026-09-30T01:14:38.078 0.0,0.0,0.0,0.0,0.0,0.03684210526315797
2026-09-30T01:14:38.129 0.0,0.0,0.0,0.0,0.0,0.03684210526315797
2026-09-30T01:14:38.178 0.0,0.0,0.0,0.0,0.0,0.03684210526315797
2026-09-30T01:14:38.239 0.0,0.0,0.0,0.0,0.0,0.03684210526315797
2026-09-30T01:14:38.278 0.0,0.0,0.0,0.0,0.0,0.03684210526315797
2026-09-30T01:14:38.328 0.0,0.0,0.0,0.0,0.0,0.03684210526315797
2026-09-30T01:14:38.378 0.0,0.0,0.0,0.0,0.0,0.03684210526315797
2026-09-30T01:14:38.428 0.0,0.0,0.0,0.0,0.0,0.03684210526315797
2026-09-30T01:14:38.478 0.0,0.0,0.0,0.0,0.0,0.03684210526315797
2026-09-30T01:14:38.529 0.0,0.0,0.0,0.0,0.0,0.03684210526315797
2026-09-30T01:14:38.578 0.0,0.0,0.0,0.0,0.0,0.03684210526315797
2026-09-30T01:14:38.628 0.0,0.0,0.0,0.0,0.0,0.03684210526315797
2026-09-30T01:14:38.678 0.0,0.0,0.0,0.0,0.0,0.03684210526315797
2026-09-30T01:14:38.728 0.0,0.0,0.0,0.0,0.0,0.03684210526315797
2026-09-30T01:14:38.778 0.0,0.0,0.0,0.0,0.0,0.03684210526315797
2026-09-30T01:14:38.828 0.0,0.0,0.0,0.0,0.0,0.03684210526315797
2026-09-30T01:14:38.888 0.0,0.0,0.0,0.0,0.0,0.03684210526315797
2026-09-30T01:14:38.928 0.0,0.0,0.0,0.0,0.0,0.03684210526315797
2026-09-30T01:14:38.978 0.0,0.0,0.0,0.0,0.0,0.03684210526315797
2026-09-30T01:14:39.028 0.0,0.0,0.0,0.0,0.0,0.03684210526315797
2026-09-30T01:14:39.078 0.0,0.0,0.0,0.0,0.0,0.03684210526315797
2026-09-30T01:14:39.128 0.0,0.0,0.0,0.0,0.0,0.03684210526315797
2026-09-30T01:14:39.178 0.0,0.0,0.0,0.0,0.0,0.03684210526315797
2026-09-30T01:14:39.228 0.0,0.0,0.0,0.0,0.0,0.03684210526315797
2026-09-30T01:14:39.278 0.0,0.0,0.0,0.0,0.0,0.03684210526315797
2026-09-30T01:14:39.328 0.0,0.0,0.0,0.0,0.0,0.03684210526315797
2026-09-30T01:14:39.378 0.0,0.0,0.0,0.0,0.0,0.03684210526315797
2026-09-30T01:14:39.428 0.0,0.0,0.0,0.0,0.0,0.03684210526315797
2026-09-30T01:14:39.478 0.0,0.0,0.0,0.0,0.0,0.03684210526315797
2026-09-30T01:14:39.530 0.0,0.0,0.0,0.0,0.0,0.03684210526315797
2026-09-30T01:14:39.578 0.0,0.0,0.0,0.0,0.0,0.03684210526315797
2026-09-30T01:14:39.628 0.0,0.0,0.0,0.0,0.0,0.03684210526315797
2026-09-30T01:14:39.678 0.0,0.0,0.0,0.0,0.0,0.03684210526315797
2026-09-30T01:14:39.728 0.0,0.0,0.0,0.0,0.0,0.03684210526315797
2026-09-30T01:14:39.788 0.0,0.0,0.0,0.0,0.0,0.03684210526315797
2026-09-30T01:14:39.828 0.0,0.0,0.0,0.0,0.0,0.03684210526315797
2026-09-30T01:14:39.878 0.0,0.0,0.0,0.0,0.0,0.03684210526315797
2026-09-30T01:14:39.928 0.0,0.0,0.0,0.0,0.0,0.03684210526315797
2026-09-30T01:14:39.978 0.0,0.0,0.0,0.0,0.0,0.03684210526315797
2026-09-30T01:14:40.029 0.0,0.0,0.0,0.0,0.0,0.03684210526315797
2026-09-30T01:14:40.078 0.0,0.0,0.0,0.0,0.0,0.03684210526315797
2026-09-30T01:14:40.129 0.0,0.0,0.0,0.0,0.0,0.03684210526315797
2026-09-30T01:14:40.178 0.0,0.0,0.0,0.0,0.0,0.03684210526315797
2026-09-30T01:14:40.228 0.0,0.0,0.0,0.0,0.0,0.03684210526315797
2026-09-30T01:14:40.278 0.0,0.0,0.0,0.0,0.0,0.03684210526315797
2026-09-30T01:14:40.328 0.0,0.0,0.0,0.0,0.0,0.03684210526315797
2026-09-30T01:14:40.378 0.0,0.0,0.0,0.0,0.0,0.03684210526315797
2026-09-30T01:14:40.428 0.0,0.0,0.0,0.0,0.0,0.03684210526315797
2026-09-30T01:14:40.478 0.0,0.0,0.0,0.0,0.0,0.03684210526315797
2026-09-30T01:14:40.528 0.0,0.0,0.0,0.0,0.0,0.03684210526315797
2026-09-30T01:14:40.578 0.0,0.0,0.0,0.0,0.0,0.03684210526315797
2026-09-30T01:14:40.628 0.0,0.0,0.0,0.0,0.0,0.03684210526315797
2026-09-30T01:14:40.678 0.0,0.0,0.0,0.0,0.0,0.03684210526315797
2026-09-30T01:14:40.729 0.0,0.0,0.0,0.0,0.0,0.03684210526315797
2026-09-30T01:14:40.778 0.0,0.0,0.0,0.0,0.0,0.03684210526315797
2026-09-30T01:14:40.829 0.0,0.0,0.0,0.0,0.0,0.03684210526315797
2026-09-30T01:14:40.878 0.0,0.0,0.0,0.0,0.0,0.03684210526315797
2026-09-30T01:14:40.928 0.0,0.0,0.0,0.0,0.0,0.03684210526315797
2026-09-30T01:14:40.978 0.0,0.0,0.0,0.0,0.0,0.03684210526315797
2026-09-30T01:14:41.028 0.0,0.0,0.0,0.0,0.0,0.03684210526315797
2026-09-30T01:14:41.078 0.0,0.0,0.0,0.0,0.0,0.03684210526315797
2026-09-30T01:14:41.128 0.0,0.0,0.0,0.0,0.0,0.03684210526315797
2026-09-30T01:14:41.179 0.0,0.0,0.0,0.0,0.0,0.03684210526315797
2026-09-30T01:14:41.229 0.0,0.0,0.0,0.0,0.0,0.03684210526315797
2026-09-30T01:14:41.278 0.0,0.0,0.0,0.0,0.0,0.03684210526315797
2026-09-30T01:14:41.328 0.0,0.0,0.0,0.0,0.0,0.03684210526315797
2026-09-30T01:14:41.378 0.0,0.0,0.0,0.0,0.0,0.03684210526315797
2026-09-30T01:14:41.428 0.0,0.0,0.0,0.0,0.0,0.03684210526315797
2026-09-30T01:14:41.478 0.0,0.0,0.0,0.0,0.0,0.03684210526315797
2026-09-30T01:14:41.528 0.0,0.0,0.0,0.0,0.0,0.03684210526315797
2026-09-30T01:14:41.578 0.0,0.0,0.0,0.0,0.0,0.03684210526315797
2026-09-30T01:14:41.628 0.0,0.0,0.0,0.0,0.0,0.03684210526315797
2026-09-30T01:14:41.678 0.0,0.0,0.0,0.0,0.0,0.03684210526315797
2026-09-30T01:14:41.728 0.0,0.0,0.0,0.0,0.0,0.03684210526315797
2026-09-30T01:14:41.778 0.0,0.0,0.0,0.0,0.0,0.03684210526315797
2026-09-30T01:14:41.838 0.0,0.0,0.0,0.0,0.0,0.03684210526315797
2026-09-30T01:14:41.878 0.0,0.0,0.0,0.0,0.0,0.03684210526315797
2026-09-30T01:14:41.928 0.0,0.0,0.0,0.0,0.0,0.03684210526315797
2026-09-30T01:14:41.978 0.0,0.0,0.0,0.0,0.0,0.03684210526315797
2026-09-30T01:14:42.028 0.0,0.0,0.0,0.0,0.0,0.03684210526315797
2026-09-30T01:14:42.078 0.0,0.0,0.0,0.0,0.0,0.03684210526315797
2026-09-30T01:14:42.128 0.0,0.0,0.0,0.0,0.0,0.03684210526315797
2026-09-30T01:14:42.178 0.0,0.0,0.0,0.0,0.0,0.03684210526315797
2026-09-30T01:14:42.228 0.0,0.0,0.0,0.0,0.0,0.03684210526315797
2026-09-30T01:14:42.280 0.0,0.0,0.0,0.0,0.0,0.03684210526315797
2026-09-30T01:14:42.328 0.0,0.0,0.0,0.0,0.0,0.03684210526315797
2026-09-30T01:14:42.378 0.0,0.0,0.0,0.0,0.0,0.03684210526315797
2026-09-30T01:14:42.428 0.0,0.0,0.0,0.0,0.0,0.03684210526315797
2026-09-30T01:14:42.478 0.0,0.0,0.0,0.0,0.0,0.03684210526315797
2026-09-30T01:14:42.528 0.0,0.0,0.0,0.0,0.0,0.03684210526315797
2026-09-30T01:14:42.578 0.0,0.0,0.0,0.0,0.0,0.03684210526315797
2026-09-30T01:14:42.629 0.0,0.0,0.0,0.0,0.0,0.03684210526315797
2026-09-30T01:14:42.678 0.0,0.0,0.0,0.0,0.0,0.03684210526315797
2026-09-30T01:14:42.728 0.0,0.0,0.0,0.0,0.0,0.03684210526315797
2026-09-30T01:14:42.778 0.0,0.0,0.0,0.0,0.0,0.03684210526315797
2026-09-30T01:14:42.829 0.0,0.0,0.0,0.0,0.0,0.03684210526315797
2026-09-30T01:14:42.878 0.0,0.0,0.0,0.0,0.0,0.03684210526315797
2026-09-30T01:14:42.938 0.0,0.0,0.0,0.0,0.0,0.03684210526315797
2026-09-30T01:14:42.979 0.0,0.0,0.0,0.0,0.0,0.03684210526315797
2026-09-30T01:14:43.028 0.0,0.0,0.0,0.0,0.0,0.03684210526315797
2026-09-30T01:14:43.078 0.0,0.0,0.0,0.0,0.0,0.03684210526315797
2026-09-30T01:14:43.129 0.0,0.0,0.0,0.0,0.0,0.03684210526315797
2026-09-30T01:14:43.178 0.0,0.0,0.0,0.0,0.0,0.03684210526315797
2026-09-30T01:14:43.228 0.0,0.0,0.0,0.0,0.0,0.03684210526315797
2026-09-30T01:14:43.278 0.0,0.0,0.0,0.0,0.0,0.03684210526315797
2026-09-30T01:14:43.328 0.0,0.0,0.0,0.0,0.0,0.03684210526315797
2026-09-30T01:14:43.378 0.0,0.0,0.0,0.0,0.0,0.03684210526315797
2026-09-30T01:14:43.428 0.0,0.0,0.0,0.0,0.0,0.03684210526315797
2026-09-30T01:14:43.478 0.0,0.0,0.0,0.0,0.0,0.03684210526315797
2026-09-30T01:14:43.528 0.0,0.0,0.0,0.0,0.0,0.03684210526315797
2026-09-30T01:14:43.578 0.0,0.0,0.0,0.0,0.0,0.03684210526315797
2026-09-30T01:14:43.628 0.0,0.0,0.0,0.0,0.0,0.03684210526315797
2026-09-30T01:14:43.678 0.0,0.0,0.0,0.0,0.0,0.03684210526315797
2026-09-30T01:14:43.728 0.0,0.0,0.0,0.0,0.0,0.03684210526315797
2026-09-30T01:14:43.778 0.0,0.0,0.0,0.0,0.0,0.03684210526315797
2026-09-30T01:14:43.829 0.0,0.0,0.0,0.0,0.0,0.03684210526315797
2026-09-30T01:14:43.878 0.0,0.0,0.0,0.0,0.0,0.03684210526315797
2026-09-30T01:14:43.929 0.0,0.0,0.0,0.0,0.0,0.03684210526315797
2026-09-30T01:14:43.988 0.0,0.0,0.0,0.0,0.0,0.03684210526315797
2026-09-30T01:14:44.029 0.0,0.0,0.0,0.0,0.0,0.03684210526315797
2026-09-30T01:14:44.079 0.0,0.0,0.0,0.0,0.0,0.03684210526315797
2026-09-30T01:14:44.138 0.0,0.0,0.0,0.0,0.0,0.03684210526315797
2026-09-30T01:14:44.178 0.0,0.0,0.0,0.0,0.0,0.03684210526315797
2026-09-30T01:14:44.228 0.0,0.0,0.0,0.0,0.0,0.03684210526315797
2026-09-30T01:14:44.278 0.0,0.0,0.0,0.0,0.0,0.03684210526315797
2026-09-30T01:14:44.328 0.0,0.0,0.0,0.0,0.0,0.03684210526315797
2026-09-30T01:14:44.378 0.0,0.0,0.0,0.0,0.0,0.03684210526315797
2026-09-30T01:14:44.429 0.0,0.0,0.0,0.0,0.0,0.03684210526315797
2026-09-30T01:14:44.479 0.0,0.0,0.0,0.0,0.0,0.03684210526315797
2026-09-30T01:14:44.528 0.0,0.0,0.0,0.0,0.0,0.03684210526315797
2026-09-30T01:14:44.578 0.0,0.0,0.0,0.0,0.0,0.03684210526315797
2026-09-30T01:14:44.639 0.0,0.0,0.0,0.0,0.0,0.03684210526315797
2026-09-30T01:14:44.678 0.0,0.0,0.0,0.0,0.0,0.03684210526315797
2026-09-30T01:14:44.729 0.0,0.0,0.0,0.0,0.0,0.03684210526315797
2026-09-30T01:14:44.778 0.0,0.0,0.0,0.0,0.0,0.03684210526315797
2026-09-30T01:14:44.828 0.0,0.0,0.0,0.0,0.0,0.03684210526315797
2026-09-30T01:14:44.878 0.0,0.0,0.0,0.0,0.0,0.03684210526315797
2026-09-30T01:14:44.928 0.0,0.0,0.0,0.0,0.0,0.03684210526315797
2026-09-30T01:14:44.979 0.0,0.0,0.0,0.0,0.0,0.03684210526315797
2026-09-30T01:14:45.029 0.0,0.0,0.0,0.0,0.0,0.03684210526315797
2026-09-30T01:14:45.079 0.0,0.0,0.0,0.0,0.0,0.03684210526315797
2026-09-30T01:14:45.129 0.0,0.0,0.0,0.0,0.0,0.03684210526315797
2026-09-30T01:14:45.178 0.0,0.0,0.0,0.0,0.0,0.03684210526315797
2026-09-30T01:14:45.228 0.0,0.0,0.0,0.0,0.0,0.03684210526315797
2026-09-30T01:14:45.278 0.0,0.0,0.0,0.0,0.0,0.03684210526315797
2026-09-30T01:14:45.329 0.0,0.0,0.0,0.0,0.0,0.03684210526315797
2026-09-30T01:14:45.378 0.0,0.0,0.0,0.0,0.0,0.03684210526315797
2026-09-30T01:14:45.429 0.0,0.0,0.0,0.0,0.0,0.03684210526315797
2026-09-30T01:14:45.478 0.0,0.0,0.0,0.0,0.0,0.03684210526315797
2026-09-30T01:14:45.538 0.0,0.0,0.0,0.0,0.0,0.03684210526315797
2026-09-30T01:14:45.578 0.0,0.0,0.0,0.0,0.0,0.03684210526315797
2026-09-30T01:14:45.628 0.0,0.0,0.0,0.0,0.0,0.03684210526315797
2026-09-30T01:14:45.678 0.0,0.0,0.0,0.0,0.0,0.03684210526315797
2026-09-30T01:14:45.728 0.0,0.0,0.0,0.0,0.0,0.03684210526315797
2026-09-30T01:14:45.778 0.0,0.0,0.0,0.0,0.0,0.03684210526315797
2026-09-30T01:14:45.828 0.0,0.0,0.0,0.0,0.0,0.03684210526315797
2026-09-30T01:14:45.878 0.0,0.0,0.0,0.0,0.0,0.03684210526315797
2026-09-30T01:14:45.939 0.0,0.0,0.0,0.0,0.0,0.03684210526315797
2026-09-30T01:14:45.978 0.0,0.0,0.0,0.0,0.0,0.03684210526315797
2026-09-30T01:14:46.028 0.0,0.0,0.0,0.0,0.0,0.03684210526315797
2026-09-30T01:14:46.078 0.0,0.0,0.0,0.0,0.0,0.03684210526315797
2026-09-30T01:14:46.128 0.0,0.0,0.0,0.0,0.0,0.03684210526315797
2026-09-30T01:14:46.178 0.0,0.0,0.0,0.0,0.0,0.03684210526315797
2026-09-30T01:14:46.229 0.0,0.0,0.0,0.0,0.0,0.03684210526315797
2026-09-30T01:14:46.279 0.0,0.0,0.0,0.0,0.0,0.03684210526315797
2026-09-30T01:14:46.328 0.0,0.0,0.0,0.0,0.0,0.03684210526315797
2026-09-30T01:14:46.378 0.0,0.0,0.0,0.0,0.0,0.03684210526315797
2026-09-30T01:14:46.428 0.0,0.0,0.0,0.0,0.0,0.03684210526315797
2026-09-30T01:14:46.478 0.0,0.0,0.0,0.0,0.0,0.03684210526315797
2026-09-30T01:14:46.529 0.0,0.0,0.0,0.0,0.0,0.03684210526315797
2026-09-30T01:14:46.588 0.0,0.0,0.0,0.0,0.0,0.03684210526315797
2026-09-30T01:14:46.638 0.0,0.0,0.0,0.0,0.0,0.03684210526315797
2026-09-30T01:14:46.678 0.0,0.0,0.0,0.0,0.0,0.03684210526315797
2026-09-30T01:14:46.728 0.0,0.0,0.0,0.0,0.0,0.03684210526315797
2026-09-30T01:14:46.778 0.0,0.0,0.0,0.0,0.0,0.03684210526315797
2026-09-30T01:14:46.828 0.0,0.0,0.0,0.0,0.0,0.03684210526315797
2026-09-30T01:14:46.878 0.0,0.0,0.0,0.0,0.0,0.03684210526315797
2026-09-30T01:14:46.928 0.0,0.0,0.0,0.0,0.0,0.03684210526315797
2026-09-30T01:14:46.978 0.0,0.0,0.0,0.0,0.0,0.03684210526315797
2026-09-30T01:14:47.028 0.0,0.0,0.0,0.0,0.0,0.03684210526315797
2026-09-30T01:14:47.078 0.0,0.0,0.0,0.0,0.0,0.03684210526315797
2026-09-30T01:14:47.128 0.0,0.0,0.0,0.0,0.0,0.03684210526315797
2026-09-30T01:14:47.178 0.0,0.0,0.0,0.0,0.0,0.03684210526315797
2026-09-30T01:14:47.238 0.0,0.0,0.0,0.0,0.0,0.03684210526315797
2026-09-30T01:14:47.278 0.0,0.0,0.0,0.0,0.0,0.03684210526315797
2026-09-30T01:14:47.328 0.0,0.0,0.0,0.0,0.0,0.03684210526315797
2026-09-30T01:14:47.378 0.0,0.0,0.0,0.0,0.0,0.03684210526315797
2026-09-30T01:14:47.428 0.0,0.0,0.0,0.0,0.0,0.03684210526315797
2026-09-30T01:14:47.478 0.0,0.0,0.0,0.0,0.0,0.03684210526315797
2026-09-30T01:14:47.528 0.0,0.0,0.0,0.0,0.0,0.03684210526315797
2026-09-30T01:14:47.578 0.0,0.0,0.0,0.0,0.0,0.03684210526315797
2026-09-30T01:14:47.628 0.0,0.0,0.0,0.0,0.0,0.03684210526315797
2026-09-30T01:14:47.678 0.0,0.0,0.0,0.0,0.0,0.03684210526315797
2026-09-30T01:14:47.728 0.0,0.0,0.0,0.0,0.0,0.03684210526315797
2026-09-30T01:14:47.788 0.0,0.0,0.0,0.0,0.0,0.03684210526315797
2026-09-30T01:14:47.828 0.0,0.0,0.0,0.0,0.0,0.03684210526315797
2026-09-30T01:14:47.878 0.0,0.0,0.0,0.0,0.0,0.03684210526315797
2026-09-30T01:14:47.928 0.0,0.0,0.0,0.0,0.0,0.03684210526315797
2026-09-30T01:14:47.978 0.0,0.0,0.0,0.0,0.0,0.03684210526315797
2026-09-30T01:14:48.028 0.0,0.0,0.0,0.0,0.0,0.03684210526315797
2026-09-30T01:14:48.078 0.0,0.0,0.0,0.0,0.0,0.03684210526315797
2026-09-30T01:14:48.129 0.0,0.0,0.0,0.0,0.0,0.03684210526315797
2026-09-30T01:14:48.178 0.0,0.0,0.0,0.0,0.0,0.03684210526315797
2026-09-30T01:14:48.228 0.0,0.0,0.0,0.0,0.0,0.03684210526315797
2026-09-30T01:14:48.278 0.0,0.0,0.0,0.0,0.0,0.03684210526315797
2026-09-30T01:14:48.328 0.0,0.0,0.0,0.0,0.0,0.03684210526315797
2026-09-30T01:14:48.378 0.0,0.0,0.0,0.0,0.0,0.03684210526315797
2026-09-30T01:14:48.428 0.0,0.0,0.0,0.0,0.0,0.03684210526315797
2026-09-30T01:14:48.478 0.0,0.0,0.0,0.0,0.0,0.03684210526315797
2026-09-30T01:14:48.529 0.0,0.0,0.0,0.0,0.0,0.03684210526315797
2026-09-30T01:14:48.579 0.0,0.0,0.0,0.0,0.0,0.03684210526315797
2026-09-30T01:14:48.628 0.0,0.0,0.0,0.0,0.0,0.03684210526315797
2026-09-30T01:14:48.678 0.0,0.0,0.0,0.0,0.0,0.03684210526315797
2026-09-30T01:14:48.728 0.0,0.0,0.0,0.0,0.0,0.03684210526315797
2026-09-30T01:14:48.778 0.0,0.0,0.0,0.0,0.0,0.03684210526315797
2026-09-30T01:14:48.828 0.0,0.0,0.0,0.0,0.0,0.03684210526315797
2026-09-30T01:14:48.878 0.0,0.0,0.0,0.0,0.0,0.03684210526315797
2026-09-30T01:14:48.928 0.0,0.0,0.0,0.0,0.0,0.03684210526315797
2026-09-30T01:14:48.978 0.0,0.0,0.0,0.0,0.0,0.03684210526315797
2026-09-30T01:14:49.028 0.0,0.0,0.0,0.0,0.0,0.03684210526315797
2026-09-30T01:14:49.078 0.0,0.0,0.0,0.0,0.0,0.03684210526315797
2026-09-30T01:14:49.128 0.0,0.0,0.0,0.0,0.0,0.03684210526315797
2026-09-30T01:14:49.180 0.0,0.0,0.0,0.0,0.0,0.03684210526315797
2026-09-30T01:14:49.228 0.0,0.0,0.0,0.0,0.0,0.03684210526315797
2026-09-30T01:14:49.278 0.0,0.0,0.0,0.0,0.0,0.03684210526315797
2026-09-30T01:14:49.328 0.0,0.0,0.0,0.0,0.0,0.03684210526315797
2026-09-30T01:14:49.378 0.0,0.0,0.0,0.0,0.0,0.03684210526315797
2026-09-30T01:14:49.428 0.0,0.0,0.0,0.0,0.0,0.03684210526315797
2026-09-30T01:14:49.478 0.0,0.0,0.0,0.0,0.0,0.03684210526315797
2026-09-30T01:14:49.528 0.0,0.0,0.0,0.0,0.0,0.03684210526315797
2026-09-30T01:14:49.579 0.0,0.0,0.0,0.0,0.0,0.03684210526315797
2026-09-30T01:14:49.628 0.0,0.0,0.0,0.0,0.0,0.03684210526315797
2026-09-30T01:14:49.678 0.0,0.0,0.0,0.0,0.0,0.03684210526315797
2026-09-30T01:14:49.728 0.0,0.0,0.0,0.0,0.0,0.03684210526315797
2026-09-30T01:14:49.778 0.0,0.0,0.0,0.0,0.0,0.03684210526315797
2026-09-30T01:14:49.828 0.0,0.0,0.0,0.0,0.0,0.03684210526315797
2026-09-30T01:14:49.890 0.0,0.0,0.0,0.0,0.0,0.03684210526315797
2026-09-30T01:14:49.928 0.0,0.0,0.0,0.0,0.0,0.03684210526315797
2026-09-30T01:14:49.978 0.0,0.0,0.0,0.0,0.0,0.03684210526315797
2026-09-30T01:14:50.028 0.0,0.0,0.0,0.0,0.0,0.03684210526315797
2026-09-30T01:14:50.078 0.0,0.0,0.0,0.0,0.0,0.03684210526315797
2026-09-30T01:14:50.128 0.0,0.0,0.0,0.0,0.0,0.03684210526315797
2026-09-30T01:14:50.178 0.0,0.0,0.0,0.0,0.0,0.03684210526315797
2026-09-30T01:14:50.228 0.0,0.0,0.0,0.0,0.0,0.03684210526315797
2026-09-30T01:14:50.278 0.0,0.0,0.0,0.0,0.0,0.03684210526315797
2026-09-30T01:14:50.328 0.0,0.0,0.0,0.0,0.0,0.03684210526315797
2026-09-30T01:14:50.378 0.0,0.0,0.0,0.0,0.0,0.03684210526315797
2026-09-30T01:14:50.428 0.0,0.0,0.0,0.0,0.0,0.03684210526315797
2026-09-30T01:14:50.478 0.0,0.0,0.0,0.0,0.0,0.03684210526315797
2026-09-30T01:14:50.529 0.0,0.0,0.0,0.0,0.0,0.03684210526315797
2026-09-30T01:14:50.578 0.0,0.0,0.0,0.0,0.0,0.03684210526315797
2026-09-30T01:14:50.628 0.0,0.0,0.0,0.0,0.0,0.03684210526315797
2026-09-30T01:14:50.678 0.0,0.0,0.0,0.0,0.0,0.03684210526315797
2026-09-30T01:14:50.728 0.0,0.0,0.0,0.0,0.0,0.03684210526315797
2026-09-30T01:14:50.778 0.0,0.0,0.0,0.0,0.0,0.03684210526315797
2026-09-30T01:14:50.829 0.0,0.0,0.0,0.0,0.0,0.03684210526315797
2026-09-30T01:14:50.878 0.0,0.0,0.0,0.0,0.0,0.03684210526315797
2026-09-30T01:14:50.928 0.0,0.0,0.0,0.0,0.0,0.03684210526315797
2026-09-30T01:14:50.978 0.0,0.0,0.0,0.0,0.0,0.03684210526315797
2026-09-30T01:14:51.028 0.0,0.0,0.0,0.0,0.0,0.03684210526315797
2026-09-30T01:14:51.078 0.0,0.0,0.0,0.0,0.0,0.03684210526315797
2026-09-30T01:14:51.128 0.0,0.0,0.0,0.0,0.0,0.03684210526315797
2026-09-30T01:14:51.178 0.0,0.0,0.0,0.0,0.0,0.03684210526315797
2026-09-30T01:14:51.228 0.0,0.0,0.0,0.0,0.0,0.03684210526315797
2026-09-30T01:14:51.279 0.0,0.0,0.0,0.0,0.0,0.03684210526315797
2026-09-30T01:14:51.328 0.0,0.0,0.0,0.0,0.0,0.03684210526315797
2026-09-30T01:14:51.378 0.0,0.0,0.0,0.0,0.0,0.03684210526315797
2026-09-30T01:14:51.428 0.0,0.0,0.0,0.0,0.0,0.03684210526315797
2026-09-30T01:14:51.478 0.0,0.0,0.0,0.0,0.0,0.03684210526315797
2026-09-30T01:14:51.528 0.0,0.0,0.0,0.0,0.0,0.03684210526315797
2026-09-30T01:14:51.578 0.0,0.0,0.0,0.0,0.0,0.03684210526315797
2026-09-30T01:14:51.628 0.0,0.0,0.0,0.0,0.0,0.03684210526315797
2026-09-30T01:14:51.678 0.0,0.0,0.0,0.0,0.0,0.03684210526315797
2026-09-30T01:14:51.728 0.0,0.0,0.0,0.0,0.0,0.03684210526315797
2026-09-30T01:14:51.778 0.0,0.0,0.0,0.0,0.0,0.03684210526315797
2026-09-30T01:14:51.838 0.0,0.0,0.0,0.0,0.0,0.03684210526315797
2026-09-30T01:14:51.878 0.0,0.0,0.0,0.0,0.0,0.03684210526315797
2026-09-30T01:14:51.928 0.0,0.0,0.0,0.0,0.0,0.03684210526315797
2026-09-30T01:14:51.978 0.0,0.0,0.0,0.0,0.0,0.03684210526315797
2026-09-30T01:14:52.028 0.0,0.0,0.0,0.0,0.0,0.03684210526315797
2026-09-30T01:14:52.078 0.0,0.0,0.0,0.0,0.0,0.03684210526315797
2026-09-30T01:14:52.128 0.0,0.0,0.0,0.0,0.0,0.03684210526315797
2026-09-30T01:14:52.178 0.0,0.0,0.0,0.0,0.0,0.03684210526315797
2026-09-30T01:14:52.228 0.0,0.0,0.0,0.0,0.0,0.03684210526315797
2026-09-30T01:14:52.279 0.0,0.0,0.0,0.0,0.0,0.03684210526315797
2026-09-30T01:14:52.338 0.0,0.0,0.0,0.0,0.0,0.03684210526315797
2026-09-30T01:14:52.378 0.0,0.0,0.0,0.0,0.0,0.03684210526315797
2026-09-30T01:14:52.429 0.0,0.0,0.0,0.0,0.0,0.03684210526315797
2026-09-30T01:14:52.478 0.0,0.0,0.0,0.0,0.0,0.03684210526315797
2026-09-30T01:14:52.528 0.0,0.0,0.0,0.0,0.0,0.03684210526315797
2026-09-30T01:14:52.578 0.0,0.0,0.0,0.0,0.0,0.03684210526315797
2026-09-30T01:14:52.628 0.0,0.0,0.0,0.0,0.0,0.03684210526315797
2026-09-30T01:14:52.678 0.0,0.0,0.0,0.0,0.0,0.03684210526315797
2026-09-30T01:14:52.728 0.0,0.0,0.0,0.0,0.0,0.03684210526315797
2026-09-30T01:14:52.778 0.0,0.0,0.0,0.0,0.0,0.03684210526315797
2026-09-30T01:14:52.828 0.0,0.0,0.0,0.0,0.0,0.03684210526315797
2026-09-30T01:14:52.878 0.0,0.0,0.0,0.0,0.0,0.03684210526315797
2026-09-30T01:14:52.928 0.0,0.0,0.0,0.0,0.0,0.03684210526315797
2026-09-30T01:14:52.989 0.0,0.0,0.0,0.0,0.0,0.03684210526315797
2026-09-30T01:14:53.028 0.0,0.0,0.0,0.0,0.0,0.03684210526315797
2026-09-30T01:14:53.078 0.0,0.0,0.0,0.0,0.0,0.03684210526315797
2026-09-30T01:14:53.129 0.0,0.0,0.0,0.0,0.0,0.03684210526315797
2026-09-30T01:14:53.179 0.0,0.0,0.0,0.0,0.0,0.03684210526315797
2026-09-30T01:14:53.228 0.0,0.0,0.0,0.0,0.0,0.03684210526315797
2026-09-30T01:14:53.278 0.0,0.0,0.0,0.0,0.0,0.03684210526315797
2026-09-30T01:14:53.328 0.0,0.0,0.0,0.0,0.0,0.03684210526315797
2026-09-30T01:14:53.378 0.0,0.0,0.0,0.0,0.0,0.03684210526315797
2026-09-30T01:14:53.428 0.0,0.0,0.0,0.0,0.0,0.03684210526315797
2026-09-30T01:14:53.478 0.0,0.0,0.0,0.0,0.0,0.03684210526315797
2026-09-30T01:14:53.528 0.0,0.0,0.0,0.0,0.0,0.03684210526315797
2026-09-30T01:14:53.578 0.0,0.0,0.0,0.0,0.0,0.03684210526315797
2026-09-30T01:14:53.628 0.0,0.0,0.0,0.0,0.0,0.03684210526315797
2026-09-30T01:14:53.680 0.0,0.0,0.0,0.0,0.0,0.03684210526315797
2026-09-30T01:14:53.728 0.0,0.0,0.0,0.0,0.0,0.03684210526315797
2026-09-30T01:14:53.789 0.0,0.0,0.0,0.0,0.0,0.03684210526315797
2026-09-30T01:14:53.828 0.0,0.0,0.0,0.0,0.0,0.03684210526315797
2026-09-30T01:14:53.890 0.0,0.0,0.0,0.0,0.0,0.03684210526315797
2026-09-30T01:14:53.928 0.0,0.0,0.0,0.0,0.0,0.03684210526315797
2026-09-30T01:14:53.978 0.0,0.0,0.0,0.0,0.0,0.03684210526315797
2026-09-30T01:14:54.028 0.0,0.0,0.0,0.0,0.0,0.03684210526315797
2026-09-30T01:14:54.078 0.0,0.0,0.0,0.0,0.0,0.03684210526315797
2026-09-30T01:14:54.128 0.0,0.0,0.0,0.0,0.0,0.03684210526315797
2026-09-30T01:14:54.178 0.0,0.0,0.0,0.0,0.0,0.03684210526315797
2026-09-30T01:14:54.228 0.0,0.0,0.0,0.0,0.0,0.03684210526315797
2026-09-30T01:14:54.288 0.0,0.0,0.0,0.0,0.0,0.03684210526315797
2026-09-30T01:14:54.329 0.0,0.0,0.0,0.0,0.0,0.03684210526315797
2026-09-30T01:14:54.378 0.0,0.0,0.0,0.0,0.0,0.03684210526315797
2026-09-30T01:14:54.438 0.0,0.0,0.0,0.0,0.0,0.03684210526315797
2026-09-30T01:14:54.478 0.0,0.0,0.0,0.0,0.0,0.03684210526315797
2026-09-30T01:14:54.528 0.0,0.0,0.0,0.0,0.0,0.03684210526315797
2026-09-30T01:14:54.578 0.0,0.0,0.0,0.0,0.0,0.03684210526315797
2026-09-30T01:14:54.629 0.0,0.0,0.0,0.0,0.0,0.03684210526315797
2026-09-30T01:14:54.678 0.0,0.0,0.0,0.0,0.0,0.03684210526315797
2026-09-30T01:14:54.728 0.0,0.0,0.0,0.0,0.0,0.03684210526315797
2026-09-30T01:14:54.778 0.0,0.0,0.0,0.0,0.0,0.03684210526315797
2026-09-30T01:14:54.828 0.0,0.0,0.0,0.0,0.0,0.03684210526315797
2026-09-30T01:14:54.878 0.0,0.0,0.0,0.0,0.0,0.03684210526315797
2026-09-30T01:14:54.938 0.0,0.0,0.0,0.0,0.0,0.03684210526315797
2026-09-30T01:14:54.978 0.0,0.0,0.0,0.0,0.0,0.03684210526315797
2026-09-30T01:14:55.028 0.0,0.0,0.0,0.0,0.0,0.03684210526315797
2026-09-30T01:14:55.078 0.0,0.0,0.0,0.0,0.0,0.03684210526315797
2026-09-30T01:14:55.128 0.0,0.0,0.0,0.0,0.0,0.03684210526315797
2026-09-30T01:14:55.178 0.0,0.0,0.0,0.0,0.0,0.03684210526315797
2026-09-30T01:14:55.229 0.0,0.0,0.0,0.0,0.0,0.03684210526315797
2026-09-30T01:14:55.278 0.0,0.0,0.0,0.0,0.0,0.03684210526315797
2026-09-30T01:14:55.328 0.0,0.0,0.0,0.0,0.0,0.03684210526315797
2026-09-30T01:14:55.378 0.0,0.0,0.0,0.0,0.0,0.03684210526315797
2026-09-30T01:14:55.429 0.0,0.0,0.0,0.0,0.0,0.03684210526315797
2026-09-30T01:14:55.478 0.0,0.0,0.0,0.0,0.0,0.03684210526315797
2026-09-30T01:14:55.538 0.0,0.0,0.0,0.0,0.0,0.03684210526315797
2026-09-30T01:14:55.578 0.0,0.0,0.0,0.0,0.0,0.03684210526315797
2026-09-30T01:14:55.628 0.0,0.0,0.0,0.0,0.0,0.03684210526315797
2026-09-30T01:14:55.678 0.0,0.0,0.0,0.0,0.0,0.03684210526315797
2026-09-30T01:14:55.728 0.0,0.0,0.0,0.0,0.0,0.03684210526315797
2026-09-30T01:14:55.778 0.0,0.0,0.0,0.0,0.0,0.03684210526315797
2026-09-30T01:14:55.828 0.0,0.0,0.0,0.0,0.0,0.03684210526315797
2026-09-30T01:14:55.878 0.0,0.0,0.0,0.0,0.0,0.03684210526315797
2026-09-30T01:14:55.928 0.0,0.0,0.0,0.0,0.0,0.03684210526315797
2026-09-30T01:14:55.978 0.0,0.0,0.0,0.0,0.0,0.03684210526315797
2026-09-30T01:14:56.028 0.0,0.0,0.0,0.0,0.0,0.03684210526315797
2026-09-30T01:14:56.078 0.0,0.0,0.0,0.0,0.0,0.03684210526315797
2026-09-30T01:14:56.129 0.0,0.0,0.0,0.0,0.0,0.03684210526315797
2026-09-30T01:14:56.188 0.0,0.0,0.0,0.0,0.0,0.03684210526315797
2026-09-30T01:14:56.228 0.0,0.0,0.0,0.0,0.0,0.03684210526315797
2026-09-30T01:14:56.278 0.0,0.0,0.0,0.0,0.0,0.03684210526315797
2026-09-30T01:14:56.329 0.0,0.0,0.0,0.0,0.0,0.03684210526315797
2026-09-30T01:14:56.378 0.0,0.0,0.0,0.0,0.0,0.03684210526315797
2026-09-30T01:14:56.439 0.0,0.0,0.0,0.0,0.0,0.03684210526315797
2026-09-30T01:14:56.478 0.0,0.0,0.0,0.0,0.0,0.03684210526315797
2026-09-30T01:14:56.528 0.0,0.0,0.0,0.0,0.0,0.03684210526315797
2026-09-30T01:14:56.578 0.0,0.0,0.0,0.0,0.0,0.03684210526315797
2026-09-30T01:14:56.628 0.0,0.0,0.0,0.0,0.0,0.03684210526315797
2026-09-30T01:14:56.679 0.0,0.0,0.0,0.0,0.0,0.03684210526315797
2026-09-30T01:14:56.728 0.0,0.0,0.0,0.0,0.0,0.03684210526315797
2026-09-30T01:14:56.778 0.0,0.0,0.0,0.0,0.0,0.03684210526315797
2026-09-30T01:14:56.828 0.0,0.0,0.0,0.0,0.0,0.03684210526315797
2026-09-30T01:14:56.879 0.0,0.0,0.0,0.0,0.0,0.03684210526315797
2026-09-30T01:14:56.930 0.0,0.0,0.0,0.0,0.0,0.03684210526315797
2026-09-30T01:14:56.978 0.0,0.0,0.0,0.0,0.0,0.03684210526315797
2026-09-30T01:14:57.028 0.0,0.0,0.0,0.0,0.0,0.03684210526315797
2026-09-30T01:14:57.078 0.0,0.0,0.0,0.0,0.0,0.03684210526315797
2026-09-30T01:14:57.129 0.0,0.0,0.0,0.0,0.0,0.03684210526315797
2026-09-30T01:14:57.178 0.0,0.0,0.0,0.0,0.0,0.03684210526315797
2026-09-30T01:14:57.228 0.0,0.0,0.0,0.0,0.0,0.03684210526315797
2026-09-30T01:14:57.278 0.0,0.0,0.0,0.0,0.0,0.03684210526315797
2026-09-30T01:14:57.328 0.0,0.0,0.0,0.0,0.0,0.03684210526315797
2026-09-30T01:14:57.378 0.0,0.0,0.0,0.0,0.0,0.03684210526315797
2026-09-30T01:14:57.428 0.0,0.0,0.0,0.0,0.0,0.03684210526315797
2026-09-30T01:14:57.478 0.0,0.0,0.0,0.0,0.0,0.03684210526315797
2026-09-30T01:14:57.528 0.0,0.0,0.0,0.0,0.0,0.03684210526315797
2026-09-30T01:14:57.578 0.0,0.0,0.0,0.0,0.0,0.03684210526315797
2026-09-30T01:14:57.628 0.0,0.0,0.0,0.0,0.0,0.03684210526315797
2026-09-30T01:14:57.688 0.0,0.0,0.0,0.0,0.0,0.03684210526315797
2026-09-30T01:14:57.738 0.0,0.0,0.0,0.0,0.0,0.03684210526315797
2026-09-30T01:14:57.778 0.0,0.0,0.0,0.0,0.0,0.03684210526315797
2026-09-30T01:14:57.829 0.0,0.0,0.0,0.0,0.0,0.03684210526315797
2026-09-30T01:14:57.878 0.0,0.0,0.0,0.0,0.0,0.03684210526315797
2026-09-30T01:14:57.928 0.0,0.0,0.0,0.0,0.0,0.03684210526315797
2026-09-30T01:14:57.978 0.0,0.0,0.0,0.0,0.0,0.03684210526315797
2026-09-30T01:14:58.028 0.0,0.0,0.0,0.0,0.0,0.03684210526315797
2026-09-30T01:14:58.078 0.0,0.0,0.0,0.0,0.0,0.03684210526315797
2026-09-30T01:14:58.129 0.0,0.0,0.0,0.0,0.0,0.03684210526315797
2026-09-30T01:14:58.179 0.0,0.0,0.0,0.0,0.0,0.03684210526315797
2026-09-30T01:14:58.228 0.0,0.0,0.0,0.0,0.0,0.03684210526315797
2026-09-30T01:14:58.278 0.0,0.0,0.0,0.0,0.0,0.03684210526315797
2026-09-30T01:14:58.328 0.0,0.0,0.0,0.0,0.0,0.03684210526315797
2026-09-30T01:14:58.378 0.0,0.0,0.0,0.0,0.0,0.03684210526315797
2026-09-30T01:14:58.428 0.0,0.0,0.0,0.0,0.0,0.03684210526315797
2026-09-30T01:14:58.478 0.0,0.0,0.0,0.0,0.0,0.03684210526315797
2026-09-30T01:14:58.528 0.0,0.0,0.0,0.0,0.0,0.03684210526315797
2026-09-30T01:14:58.578 0.0,0.0,0.0,0.0,0.0,0.03684210526315797
2026-09-30T01:14:58.628 0.0,0.0,0.0,0.0,0.0,0.03684210526315797
2026-09-30T01:14:58.678 0.0,0.0,0.0,0.0,0.0,0.03684210526315797
2026-09-30T01:14:58.728 0.0,0.0,0.0,0.0,0.0,0.03684210526315797
2026-09-30T01:14:58.778 0.0,0.0,0.0,0.0,0.0,0.03684210526315797
2026-09-30T01:14:58.829 0.0,0.0,0.0,0.0,0.0,0.03684210526315797
2026-09-30T01:14:58.878 0.0,0.0,0.0,0.0,0.0,0.03684210526315797
2026-09-30T01:14:58.928 0.0,0.0,0.0,0.0,0.0,0.03684210526315797
2026-09-30T01:14:58.978 0.0,0.0,0.0,0.0,0.0,0.03684210526315797
2026-09-30T01:14:59.028 0.0,0.0,0.0,0.0,0.0,0.03684210526315797
2026-09-30T01:14:59.078 0.0,0.0,0.0,0.0,0.0,0.03684210526315797
2026-09-30T01:14:59.128 0.0,0.0,0.0,0.0,0.0,0.03684210526315797
2026-09-30T01:14:59.178 0.0,0.0,0.0,0.0,0.0,0.03684210526315797
2026-09-30T01:14:59.228 0.0,0.0,0.0,0.0,0.0,0.03684210526315797
2026-09-30T01:14:59.278 0.0,0.0,0.0,0.0,0.0,0.03684210526315797
2026-09-30T01:14:59.328 0.0,0.0,0.0,0.0,0.0,0.03684210526315797
2026-09-30T01:14:59.378 0.0,0.0,0.0,0.0,0.0,0.03684210526315797
2026-09-30T01:14:59.428 0.0,0.0,0.0,0.0,0.0,0.03684210526315797
2026-09-30T01:14:59.478 0.0,0.0,0.0,0.0,0.0,0.03684210526315797
2026-09-30T01:14:59.528 0.0,0.0,0.0,0.0,0.0,0.03684210526315797
2026-09-30T01:14:59.578 0.0,0.0,0.0,0.0,0.0,0.03684210526315797
2026-09-30T01:14:59.628 0.0,0.0,0.0,0.0,0.0,0.03684210526315797
2026-09-30T01:14:59.678 0.0,0.0,0.0,0.0,0.0,0.03684210526315797
2026-09-30T01:14:59.729 0.0,0.0,0.0,0.0,0.0,0.03684210526315797
2026-09-30T01:14:59.778 0.0,0.0,0.0,0.0,0.0,0.03684210526315797
2026-09-30T01:14:59.828 0.0,0.0,0.0,0.0,0.0,0.03684210526315797
2026-09-30T01:14:59.878 0.0,0.0,0.0,0.0,0.0,0.03684210526315797
2026-09-30T01:14:59.929 0.0,0.0,0.0,0.0,0.0,0.03684210526315797
2026-09-30T01:14:59.988 0.0,0.0,0.0,0.0,0.0,0.03684210526315797
2026-09-30T01:15:00.038 0.0,0.0,0.0,0.0,0.0,0.03684210526315797
2026-09-30T01:15:00.078 0.0,0.0,0.0,0.0,0.0,0.03684210526315797
2026-09-30T01:15:00.140 0.0,0.0,0.0,0.0,0.0,0.03684210526315797
2026-09-30T01:15:00.178 0.0,0.0,0.0,0.0,0.0,0.03684210526315797
2026-09-30T01:15:00.228 0.0,0.0,0.0,0.0,0.0,0.03684210526315797
2026-09-30T01:15:00.278 0.0,0.0,0.0,0.0,0.0,0.03684210526315797
2026-09-30T01:15:00.328 0.0,0.0,0.0,0.0,0.0,0.03684210526315797
2026-09-30T01:15:00.378 0.0,0.0,0.0,0.0,0.0,0.03684210526315797
2026-09-30T01:15:00.429 0.0,0.0,0.0,0.0,0.0,0.03684210526315797
2026-09-30T01:15:00.479 0.0,0.0,0.0,0.0,0.0,0.03684210526315797
2026-09-30T01:15:00.528 0.0,0.0,0.0,0.0,0.0,0.0
2026-09-30T01:15:00.578 0.0,0.0,0.0,0.0,0.0,0.0
2026-09-30T01:15:00.628 0.0,0.0,0.0,0.0,0.0,0.03684210526315797
2026-09-30T01:15:00.678 0.0,0.0,0.0,0.0,0.0,0.03684210526315797
2026-09-30T01:15:00.728 0.0,0.0,0.0,0.0,0.0,0.03684210526315797
2026-09-30T01:15:00.778 0.0,0.0,0.0,0.0,0.0,0.03684210526315797
2026-09-30T01:15:00.838 0.0,0.0,0.0,0.0,0.0,0.03684210526315797
2026-09-30T01:15:00.888 0.0,0.0,0.0,0.0,0.0,0.03684210526315797
2026-09-30T01:15:00.928 0.0,0.0,0.0,0.0,0.0,0.03684210526315797
2026-09-30T01:15:00.978 0.0,0.0,0.0,0.0,0.0,0.03684210526315797
2026-09-30T01:15:01.028 0.0,0.0,0.0,0.0,0.0,0.03684210526315797
2026-09-30T01:15:01.078 0.0,0.0,0.0,0.0,0.0,0.03684210526315797
2026-09-30T01:15:01.129 0.0,0.0,0.0,0.0,0.0,0.03684210526315797
2026-09-30T01:15:01.178 0.0,0.0,0.0,0.0,0.0,0.03684210526315797
2026-09-30T01:15:01.228 0.0,0.0,0.0,0.0,0.0,0.03684210526315797
2026-09-30T01:15:01.278 0.0,0.0,0.0,0.0,0.0,0.03684210526315797
2026-09-30T01:15:01.328 0.0,0.0,0.0,0.0,0.0,0.03684210526315797
2026-09-30T01:15:01.378 0.0,0.0,0.0,0.0,0.0,0.03684210526315797
2026-09-30T01:15:02.322 0.0,0.0,0.0,0.0,0.0,0.03684210526315797
2026-09-30T01:15:03.530 0.0,0.0,0.0,0.0,0.0,0.03684210526315797
2026-09-30T01:15:03.580 0.0,0.0,0.0,0.0,0.0,0.03684210526315797
2026-09-30T01:15:03.630 0.0,0.0,0.0,0.0,0.0,0.03684210526315797
2026-09-30T01:15:03.681 0.0,0.0,0.0,0.0,0.0,0.03684210526315797
2026-09-30T01:15:03.730 0.0,0.0,0.0,0.0,0.0,0.03684210526315797
2026-09-30T01:15:03.780 0.0,0.0,0.0,0.0,0.0,0.03684210526315797
2026-09-30T01:15:03.830 0.0,0.0,0.0,0.0,0.0,0.03684210526315797
2026-09-30T01:15:03.880 0.0,0.0,0.0,0.0,0.0,0.03684210526315797
2026-09-30T01:15:03.930 0.0,0.0,0.0,0.0,0.0,0.03684210526315797
2026-09-30T01:15:03.980 0.0,0.0,0.0,0.0,0.0,0.03684210526315797
2026-09-30T01:15:04.030 0.0,0.0,0.0,0.0,0.0,0.03684210526315797
2026-09-30T01:15:04.080 0.0,0.0,0.0,0.0,0.0,0.03684210526315797
2026-09-30T01:15:04.130 0.0,0.0,0.0,0.0,0.0,0.03684210526315797
2026-09-30T01:15:04.180 0.0,0.0,0.0,0.0,0.0,0.03684210526315797
2026-09-30T01:15:04.230 0.0,0.0,0.0,0.0,0.0,0.03684210526315797
2026-09-30T01:15:04.280 0.0,0.0,0.0,0.0,0.0,0.03684210526315797
2026-09-30T01:15:04.330 0.0,0.0,0.0,0.0,0.0,0.03684210526315797
2026-09-30T01:15:04.380 0.0,0.0,0.0,0.0,0.0,0.03684210526315797
2026-09-30T01:15:04.430 0.0,0.0,0.0,0.0,0.0,0.03684210526315797
2026-09-30T01:15:04.480 0.0,0.0,0.0,0.0,0.0,0.03684210526315797
2026-09-30T01:15:04.530 0.0,0.0,0.0,0.0,0.0,0.03684210526315797
2026-09-30T01:15:04.580 0.0,0.0,0.0,0.0,0.0,0.03684210526315797
2026-09-30T01:15:04.641 0.0,0.0,0.0,0.0,0.0,0.03684210526315797
2026-09-30T01:15:04.680 0.0,0.0,0.0,0.0,0.0,0.03684210526315797
2026-09-30T01:15:04.730 0.0,0.0,0.0,0.0,0.0,0.03684210526315797
2026-09-30T01:15:04.780 0.0,0.0,0.0,0.0,0.0,0.03684210526315797
2026-09-30T01:15:04.830 0.0,0.0,0.0,0.0,0.0,0.03684210526315797
2026-09-30T01:15:04.880 0.0,0.0,0.0,0.0,0.0,0.03684210526315797
2026-09-30T01:15:04.930 0.0,0.0,0.0,0.0,0.0,0.03684210526315797
2026-09-30T01:15:04.980 0.0,0.0,0.0,0.0,0.0,0.03684210526315797
2026-09-30T01:15:05.030 0.0,0.0,0.0,0.0,0.0,0.03684210526315797
2026-09-30T01:15:05.080 0.0,0.0,0.0,0.0,0.0,0.03684210526315797
2026-09-30T01:15:05.130 0.0,0.0,0.0,0.0,0.0,0.03684210526315797
2026-09-30T01:15:05.181 0.0,0.0,0.0,0.0,0.0,0.03684210526315797
2026-09-30T01:15:05.230 0.0,0.0,0.0,0.0,0.0,0.03684210526315797
2026-09-30T01:15:05.290 0.0,0.0,0.0,0.0,0.0,0.03684210526315797
2026-09-30T01:15:05.330 0.0,0.0,0.0,0.0,0.0,0.03684210526315797
2026-09-30T01:15:05.382 0.0,0.0,0.0,0.0,0.0,0.03684210526315797
2026-09-30T01:15:05.430 0.0,0.0,0.0,0.0,0.0,0.03684210526315797
2026-09-30T01:15:05.480 0.0,0.0,0.0,0.0,0.0,0.03684210526315797
2026-09-30T01:15:05.530 0.0,0.0,0.0,0.0,0.0,0.03684210526315797
2026-09-30T01:15:05.580 0.0,0.0,0.0,0.0,0.0,0.03684210526315797
2026-09-30T01:15:05.630 0.0,0.0,0.0,0.0,0.0,0.03684210526315797
2026-09-30T01:15:05.680 0.0,0.0,0.0,0.0,0.0,0.03684210526315797
2026-09-30T01:15:05.730 0.0,0.0,0.0,0.0,0.0,0.03684210526315797
2026-09-30T01:15:05.790 0.0,0.0,0.0,0.0,0.0,0.03684210526315797
2026-09-30T01:15:05.830 0.0,0.0,0.0,0.0,0.0,0.03684210526315797
2026-09-30T01:15:05.880 0.0,0.0,0.0,0.0,0.0,0.03684210526315797
2026-09-30T01:15:05.930 0.0,0.0,0.0,0.0,0.0,0.03684210526315797
2026-09-30T01:15:05.980 0.0,0.0,0.0,0.0,0.0,0.03684210526315797
2026-09-30T01:15:06.030 0.0,0.0,0.0,0.0,0.0,0.03684210526315797
2026-09-30T01:15:06.080 0.0,0.0,0.0,0.0,0.0,0.03684210526315797
2026-09-30T01:15:06.141 0.0,0.0,0.0,0.0,0.0,0.03684210526315797
2026-09-30T01:15:06.180 0.0,0.0,0.0,0.0,0.0,0.03684210526315797
2026-09-30T01:15:06.230 0.0,0.0,0.0,0.0,0.0,0.03684210526315797
2026-09-30T01:15:06.281 0.0,0.0,0.0,0.0,0.0,0.03684210526315797
2026-09-30T01:15:06.330 0.0,0.0,0.0,0.0,0.0,0.03684210526315797
2026-09-30T01:15:06.380 0.0,0.0,0.0,0.0,0.0,0.03684210526315797
2026-09-30T01:15:06.430 0.0,0.0,0.0,0.0,0.0,0.03684210526315797
2026-09-30T01:15:06.480 0.0,0.0,0.0,0.0,0.0,0.03684210526315797
2026-09-30T01:15:06.530 0.0,0.0,0.0,0.0,0.0,0.03684210526315797
2026-09-30T01:15:06.580 0.0,0.0,0.0,0.0,0.0,0.03684210526315797
2026-09-30T01:15:06.630 0.0,0.0,0.0,0.0,0.0,0.03684210526315797
2026-09-30T01:15:06.680 0.0,0.0,0.0,0.0,0.0,0.03684210526315797
2026-09-30T01:15:06.730 0.0,0.0,0.0,0.0,0.0,0.03684210526315797
2026-09-30T01:15:06.780 0.0,0.0,0.0,0.0,0.0,0.03684210526315797
2026-09-30T01:15:06.830 0.0,0.0,0.0,0.0,0.0,0.03684210526315797
2026-09-30T01:15:06.880 0.0,0.0,0.0,0.0,0.0,0.03684210526315797
2026-09-30T01:15:06.930 0.0,0.0,0.0,0.0,0.0,0.03684210526315797
2026-09-30T01:15:06.980 0.0,0.0,0.0,0.0,0.0,0.03684210526315797
2026-09-30T01:15:07.030 0.0,0.0,0.0,0.0,0.0,0.03684210526315797
2026-09-30T01:15:07.080 0.0,0.0,0.0,0.0,0.0,0.03684210526315797
2026-09-30T01:15:07.130 0.0,0.0,0.0,0.0,0.0,0.03684210526315797
2026-09-30T01:15:07.180 0.0,0.0,0.0,0.0,0.0,0.03684210526315797
2026-09-30T01:15:07.230 0.0,0.0,0.0,0.0,0.0,0.03684210526315797
2026-09-30T01:15:07.280 0.0,0.0,0.0,0.0,0.0,0.03684210526315797
2026-09-30T01:15:07.330 0.0,0.0,0.0,0.0,0.0,0.03684210526315797
2026-09-30T01:15:07.380 0.0,0.0,0.0,0.0,0.0,0.03684210526315797
2026-09-30T01:15:07.430 0.0,0.0,0.0,0.0,0.0,0.03684210526315797
2026-09-30T01:15:07.480 0.0,0.0,0.0,0.0,0.0,0.03684210526315797
2026-09-30T01:15:07.530 0.0,0.0,0.0,0.0,0.0,0.03684210526315797
2026-09-30T01:15:07.580 0.0,0.0,0.0,0.0,0.0,0.03684210526315797
2026-09-30T01:15:07.630 0.0,0.0,0.0,0.0,0.0,0.03684210526315797
2026-09-30T01:15:07.680 0.0,0.0,0.0,0.0,0.0,0.03684210526315797
2026-09-30T01:15:07.741 0.0,0.0,0.0,0.0,0.0,0.03684210526315797
2026-09-30T01:15:07.780 0.0,0.0,0.0,0.0,0.0,0.03684210526315797
2026-09-30T01:15:07.830 0.0,0.0,0.0,0.0,0.0,0.03684210526315797
2026-09-30T01:15:07.880 0.0,0.0,0.0,0.0,0.0,0.03684210526315797
2026-09-30T01:15:07.930 0.0,0.0,0.0,0.0,0.0,0.03684210526315797
2026-09-30T01:15:07.980 0.0,0.0,0.0,0.0,0.0,0.03684210526315797
2026-09-30T01:15:08.030 0.0,0.0,0.0,0.0,0.0,0.03684210526315797
2026-09-30T01:15:08.080 0.0,0.0,0.0,0.0,0.0,0.03684210526315797
2026-09-30T01:15:08.130 0.0,0.0,0.0,0.0,0.0,0.03684210526315797
2026-09-30T01:15:08.180 0.0,0.0,0.0,0.0,0.0,0.03684210526315797
2026-09-30T01:15:08.241 0.0,0.0,0.0,0.0,0.0,0.03684210526315797
2026-09-30T01:15:08.280 0.0,0.0,0.0,0.0,0.0,0.03684210526315797
2026-09-30T01:15:08.330 0.0,0.0,0.0,0.0,0.0,0.03684210526315797
2026-09-30T01:15:08.380 0.0,0.0,0.0,0.0,0.0,0.03684210526315797
2026-09-30T01:15:08.430 0.0,0.0,0.0,0.0,0.0,0.03684210526315797
2026-09-30T01:15:08.480 0.0,0.0,0.0,0.0,0.0,0.03684210526315797
2026-09-30T01:15:08.530 0.0,0.0,0.0,0.0,0.0,0.03684210526315797
2026-09-30T01:15:08.580 0.0,0.0,0.0,0.0,0.0,0.03684210526315797
2026-09-30T01:15:08.632 0.0,0.0,0.0,0.0,0.0,0.03684210526315797
2026-09-30T01:15:08.681 0.0,0.0,0.0,0.0,0.0,0.03684210526315797
2026-09-30T01:15:08.730 0.0,0.0,0.0,0.0,0.0,0.03684210526315797
2026-09-30T01:15:08.780 0.0,0.0,0.0,0.0,0.0,0.03684210526315797
2026-09-30T01:15:08.830 0.0,0.0,0.0,0.0,0.0,0.03684210526315797
2026-09-30T01:15:08.880 0.0,0.0,0.0,0.0,0.0,0.03684210526315797
2026-09-30T01:15:08.930 0.0,0.0,0.0,0.0,0.0,0.03684210526315797
2026-09-30T01:15:08.980 0.0,0.0,0.0,0.0,0.0,0.03684210526315797
2026-09-30T01:15:09.030 0.0,0.0,0.0,0.0,0.0,0.03684210526315797
2026-09-30T01:15:09.080 0.0,0.0,0.0,0.0,0.0,0.03684210526315797
2026-09-30T01:15:09.130 0.0,0.0,0.0,0.0,0.0,0.03684210526315797
2026-09-30T01:15:09.180 0.0,0.0,0.0,0.0,0.0,0.03684210526315797
2026-09-30T01:15:09.230 0.0,0.0,0.0,0.0,0.0,0.03684210526315797
2026-09-30T01:15:09.280 0.0,0.0,0.0,0.0,0.0,0.03684210526315797
2026-09-30T01:15:09.330 0.0,0.0,0.0,0.0,0.0,0.03684210526315797
2026-09-30T01:15:09.380 0.0,0.0,0.0,0.0,0.0,0.03684210526315797
2026-09-30T01:15:09.430 0.0,0.0,0.0,0.0,0.0,0.03684210526315797
2026-09-30T01:15:09.480 0.0,0.0,0.0,0.0,0.0,0.03684210526315797
2026-09-30T01:15:09.530 0.0,0.0,0.0,0.0,0.0,0.03684210526315797
2026-09-30T01:15:09.580 0.0,0.0,0.0,0.0,0.0,0.03684210526315797
2026-09-30T01:15:09.640 0.0,0.0,0.0,0.0,0.0,0.03684210526315797
2026-09-30T01:15:09.691 0.0,0.0,0.0,0.0,0.0,0.03684210526315797
2026-09-30T01:15:09.730 0.0,0.0,0.0,0.0,0.0,0.03684210526315797
2026-09-30T01:15:09.783 0.0,0.0,0.0,0.0,0.0,0.03684210526315797
2026-09-30T01:15:09.832 0.0,0.0,0.0,0.0,0.0,0.03684210526315797
2026-09-30T01:15:09.880 0.0,0.0,0.0,0.0,0.0,0.03684210526315797
2026-09-30T01:15:09.930 0.0,0.0,0.0,0.0,0.0,0.03684210526315797
2026-09-30T01:15:09.980 0.0,0.0,0.0,0.0,0.0,0.03684210526315797
2026-09-30T01:15:10.030 0.0,0.0,0.0,0.0,0.0,0.03684210526315797
2026-09-30T01:15:10.080 0.0,0.0,0.0,0.0,0.0,0.03684210526315797
2026-09-30T01:15:10.130 0.0,0.0,0.0,0.0,0.0,0.03684210526315797
2026-09-30T01:15:10.181 0.0,0.0,0.0,0.0,0.0,0.03684210526315797
2026-09-30T01:15:10.230 0.0,0.0,0.0,0.0,0.0,0.03684210526315797
2026-09-30T01:15:10.280 0.0,0.0,0.0,0.0,0.0,0.03684210526315797
2026-09-30T01:15:10.340 0.0,0.0,0.0,0.0,0.0,0.03684210526315797
2026-09-30T01:15:10.380 0.0,0.0,0.0,0.0,0.0,0.03684210526315797
2026-09-30T01:15:10.430 0.0,0.0,0.0,0.0,0.0,0.03684210526315797
2026-09-30T01:15:10.480 0.0,0.0,0.0,0.0,0.0,0.03684210526315797
2026-09-30T01:15:10.530 0.0,0.0,0.0,0.0,0.0,0.03684210526315797
2026-09-30T01:15:10.580 0.0,0.0,0.0,0.0,0.0,0.03684210526315797
2026-09-30T01:15:10.630 0.0,0.0,0.0,0.0,0.0,0.03684210526315797
2026-09-30T01:15:10.680 0.0,0.0,0.0,0.0,0.0,0.03684210526315797
2026-09-30T01:15:10.730 0.0,0.0,0.0,0.0,0.0,0.03684210526315797
2026-09-30T01:15:10.780 0.0,0.0,0.0,0.0,0.0,0.03684210526315797
2026-09-30T01:15:10.830 0.0,0.0,0.0,0.0,0.0,0.03684210526315797
2026-09-30T01:15:10.880 0.0,0.0,0.0,0.0,0.0,0.03684210526315797
2026-09-30T01:15:10.931 0.0,0.0,0.0,0.0,0.0,0.03684210526315797
2026-09-30T01:15:10.990 0.0,0.0,0.0,0.0,0.0,0.03684210526315797
2026-09-30T01:15:11.030 0.0,0.0,0.0,0.0,0.0,0.03684210526315797
2026-09-30T01:15:11.080 0.0,0.0,0.0,0.0,0.0,0.03684210526315797
2026-09-30T01:15:11.130 0.0,0.0,0.0,0.0,0.0,0.03684210526315797
2026-09-30T01:15:11.180 0.0,0.0,0.0,0.0,0.0,0.03684210526315797
2026-09-30T01:15:11.240 0.0,0.0,0.0,0.0,0.0,0.03684210526315797
2026-09-30T01:15:11.280 0.0,0.0,0.0,0.0,0.0,0.03684210526315797
2026-09-30T01:15:11.330 0.0,0.0,0.0,0.0,0.0,0.03684210526315797
2026-09-30T01:15:11.380 0.0,0.0,0.0,0.0,0.0,0.03684210526315797
2026-09-30T01:15:11.430 0.0,0.0,0.0,0.0,0.0,0.03684210526315797
2026-09-30T01:15:11.481 0.0,0.0,0.0,0.0,0.0,0.03684210526315797
2026-09-30T01:15:11.530 0.0,0.0,0.0,0.0,0.0,0.03684210526315797
2026-09-30T01:15:11.580 0.0,0.0,0.0,0.0,0.0,0.03684210526315797
2026-09-30T01:15:11.630 0.0,0.0,0.0,0.0,0.0,0.03684210526315797
2026-09-30T01:15:11.681 0.0,0.0,0.0,0.0,0.0,0.03684210526315797
2026-09-30T01:15:11.730 0.0,0.0,0.0,0.0,0.0,0.03684210526315797
2026-09-30T01:15:11.780 0.0,0.0,0.0,0.0,0.0,0.03684210526315797
2026-09-30T01:15:11.830 0.0,0.0,0.0,0.0,0.0,0.03684210526315797
2026-09-30T01:15:11.881 0.0,0.0,0.0,0.0,0.0,0.03684210526315797
2026-09-30T01:15:11.940 0.0,0.0,0.0,0.0,0.0,0.03684210526315797
2026-09-30T01:15:11.981 0.0,0.0,0.0,0.0,0.0,0.03684210526315797
2026-09-30T01:15:12.030 0.0,0.0,0.0,0.0,0.0,0.03684210526315797
2026-09-30T01:15:12.080 0.0,0.0,0.0,0.0,0.0,0.03684210526315797
2026-09-30T01:15:12.130 0.0,0.0,0.0,0.0,0.0,0.03684210526315797
2026-09-30T01:15:12.180 0.0,0.0,0.0,0.0,0.0,0.03684210526315797
2026-09-30T01:15:12.230 0.0,0.0,0.0,0.0,0.0,0.03684210526315797
2026-09-30T01:15:12.280 0.0,0.0,0.0,0.0,0.0,0.03684210526315797
2026-09-30T01:15:12.330 0.0,0.0,0.0,0.0,0.0,0.03684210526315797
2026-09-30T01:15:12.380 0.0,0.0,0.0,0.0,0.0,0.03684210526315797
2026-09-30T01:15:12.430 0.0,0.0,0.0,0.0,0.0,0.03684210526315797
2026-09-30T01:15:12.480 0.0,0.0,0.0,0.0,0.0,0.03684210526315797
2026-09-30T01:15:12.540 0.0,0.0,0.0,0.0,0.0,0.03684210526315797
2026-09-30T01:15:12.580 0.0,0.0,0.0,0.0,0.0,0.03684210526315797
2026-09-30T01:15:12.630 0.0,0.0,0.0,0.0,0.0,0.03684210526315797
2026-09-30T01:15:12.680 0.0,0.0,0.0,0.0,0.0,0.03684210526315797
2026-09-30T01:15:12.730 0.0,0.0,0.0,0.0,0.0,0.03684210526315797
2026-09-30T01:15:12.782 0.0,0.0,0.0,0.0,0.0,0.03684210526315797
2026-09-30T01:15:12.830 0.0,0.0,0.0,0.0,0.0,0.03684210526315797
2026-09-30T01:15:12.880 0.0,0.0,0.0,0.0,0.0,0.03684210526315797
2026-09-30T01:15:12.930 0.0,0.0,0.0,0.0,0.0,0.03684210526315797
2026-09-30T01:15:12.980 0.0,0.0,0.0,0.0,0.0,0.03684210526315797
2026-09-30T01:15:13.030 0.0,0.0,0.0,0.0,0.0,0.03684210526315797
2026-09-30T01:15:13.080 0.0,0.0,0.0,0.0,0.0,0.03684210526315797
2026-09-30T01:15:13.140 0.0,0.0,0.0,0.0,0.0,0.03684210526315797
2026-09-30T01:15:13.181 0.0,0.0,0.0,0.0,0.0,0.03684210526315797
2026-09-30T01:15:13.230 0.0,0.0,0.0,0.0,0.0,0.03684210526315797
2026-09-30T01:15:13.281 0.0,0.0,0.0,0.0,0.0,0.03684210526315797
2026-09-30T01:15:13.332 0.0,0.0,0.0,0.0,0.0,0.03684210526315797
2026-09-30T01:15:13.380 0.0,0.0,0.0,0.0,0.0,0.03684210526315797
2026-09-30T01:15:13.430 0.0,0.0,0.0,0.0,0.0,0.03684210526315797
2026-09-30T01:15:13.480 0.0,0.0,0.0,0.0,0.0,0.03684210526315797
2026-09-30T01:15:13.530 0.0,0.0,0.0,0.0,0.0,0.03684210526315797
2026-09-30T01:15:13.580 0.0,0.0,0.0,0.0,0.0,0.03684210526315797
2026-09-30T01:15:13.630 0.0,0.0,0.0,0.0,0.0,0.03684210526315797
2026-09-30T01:15:13.681 0.0,0.0,0.0,0.0,0.0,0.03684210526315797
2026-09-30T01:15:13.730 0.0,0.0,0.0,0.0,0.0,0.03684210526315797
2026-09-30T01:15:13.782 0.0,0.0,0.0,0.0,0.0,0.03684210526315797
2026-09-30T01:15:13.830 0.0,0.0,0.0,0.0,0.0,0.03684210526315797
2026-09-30T01:15:13.890 0.0,0.0,0.0,0.0,0.0,0.03684210526315797
2026-09-30T01:15:13.930 0.0,0.0,0.0,0.0,0.0,0.03684210526315797
2026-09-30T01:15:13.980 0.0,0.0,0.0,0.0,0.0,0.03684210526315797
2026-09-30T01:15:14.040 0.0,0.0,0.0,0.0,0.0,0.03684210526315797
2026-09-30T01:15:14.080 0.0,0.0,0.0,0.0,0.0,0.03684210526315797
2026-09-30T01:15:14.130 0.0,0.0,0.0,0.0,0.0,0.03684210526315797
2026-09-30T01:15:14.180 0.0,0.0,0.0,0.0,0.0,0.03684210526315797
2026-09-30T01:15:14.230 0.0,0.0,0.0,0.0,0.0,0.03684210526315797
2026-09-30T01:15:14.280 0.0,0.0,0.0,0.0,0.0,0.03684210526315797
2026-09-30T01:15:14.330 0.0,0.0,0.0,0.0,0.0,0.03684210526315797
2026-09-30T01:15:14.380 0.0,0.0,0.0,0.0,0.0,0.03684210526315797
2026-09-30T01:15:14.430 0.0,0.0,0.0,0.0,0.0,0.03684210526315797
2026-09-30T01:15:14.481 0.0,0.0,0.0,0.0,0.0,0.03684210526315797
2026-09-30T01:15:14.530 0.0,0.0,0.0,0.0,0.0,0.03684210526315797
2026-09-30T01:15:14.580 0.0,0.0,0.0,0.0,0.0,0.03684210526315797
2026-09-30T01:15:14.630 0.0,0.0,0.0,0.0,0.0,0.03684210526315797
2026-09-30T01:15:14.680 0.0,0.0,0.0,0.0,0.0,0.03684210526315797
2026-09-30T01:15:14.730 0.0,0.0,0.0,0.0,0.0,0.03684210526315797
2026-09-30T01:15:14.780 0.0,0.0,0.0,0.0,0.0,0.03684210526315797
2026-09-30T01:15:14.830 0.0,0.0,0.0,0.0,0.0,0.03684210526315797
2026-09-30T01:15:14.880 0.0,0.0,0.0,0.0,0.0,0.03684210526315797
2026-09-30T01:15:14.930 0.0,0.0,0.0,0.0,0.0,0.03684210526315797
2026-09-30T01:15:14.980 0.0,0.0,0.0,0.0,0.0,0.03684210526315797
2026-09-30T01:15:15.030 0.0,0.0,0.0,0.0,0.0,0.03684210526315797
2026-09-30T01:15:15.080 0.0,0.0,0.0,0.0,0.0,0.03684210526315797
2026-09-30T01:15:15.130 0.0,0.0,0.0,0.0,0.0,0.03684210526315797
2026-09-30T01:15:15.180 0.0,0.0,0.0,0.0,0.0,0.03684210526315797
2026-09-30T01:15:15.230 0.0,0.0,0.0,0.0,0.0,0.03684210526315797
2026-09-30T01:15:15.280 0.0,0.0,0.0,0.0,0.0,0.03684210526315797
2026-09-30T01:15:15.330 0.0,0.0,0.0,0.0,0.0,0.03684210526315797
2026-09-30T01:15:15.380 0.0,0.0,0.0,0.0,0.0,0.03684210526315797
2026-09-30T01:15:15.430 0.0,0.0,0.0,0.0,0.0,0.03684210526315797
2026-09-30T01:15:15.480 0.0,0.0,0.0,0.0,0.0,0.03684210526315797
2026-09-30T01:15:15.530 0.0,0.0,0.0,0.0,0.0,0.03684210526315797
2026-09-30T01:15:15.580 0.0,0.0,0.0,0.0,0.0,0.03684210526315797
2026-09-30T01:15:15.630 0.0,0.0,0.0,0.0,0.0,0.03684210526315797
2026-09-30T01:15:15.680 0.0,0.0,0.0,0.0,0.0,0.03684210526315797
2026-09-30T01:15:15.730 0.0,0.0,0.0,0.0,0.0,0.03684210526315797
2026-09-30T01:15:15.780 0.0,0.0,0.0,0.0,0.0,0.03684210526315797
2026-09-30T01:15:15.830 0.0,0.0,0.0,0.0,0.0,0.03684210526315797
2026-09-30T01:15:15.880 0.0,0.0,0.0,0.0,0.0,0.03684210526315797
2026-09-30T01:15:15.932 0.0,0.0,0.0,0.0,0.0,0.03684210526315797
2026-09-30T01:15:15.980 0.0,0.0,0.0,0.0,0.0,0.03684210526315797
2026-09-30T01:15:16.040 0.0,0.0,0.0,0.0,0.0,0.03684210526315797
2026-09-30T01:15:16.080 0.0,0.0,0.0,0.0,0.0,0.03684210526315797
2026-09-30T01:15:16.130 0.0,0.0,0.0,0.0,0.0,0.03684210526315797
2026-09-30T01:15:16.180 0.0,0.0,0.0,0.0,0.0,0.03684210526315797
2026-09-30T01:15:16.230 0.0,0.0,0.0,0.0,0.0,0.03684210526315797
2026-09-30T01:15:16.280 0.0,0.0,0.0,0.0,0.0,0.03684210526315797
2026-09-30T01:15:16.330 0.0,0.0,0.0,0.0,0.0,0.03684210526315797
2026-09-30T01:15:16.380 0.0,0.0,0.0,0.0,0.0,0.03684210526315797
2026-09-30T01:15:16.430 0.0,0.0,0.0,0.0,0.0,0.03684210526315797
2026-09-30T01:15:16.480 0.0,0.0,0.0,0.0,0.0,0.03684210526315797
2026-09-30T01:15:16.530 0.0,0.0,0.0,0.0,0.0,0.03684210526315797
2026-09-30T01:15:16.580 0.0,0.0,0.0,0.0,0.0,0.03684210526315797
2026-09-30T01:15:16.630 0.0,0.0,0.0,0.0,0.0,0.03684210526315797
2026-09-30T01:15:16.690 0.0,0.0,0.0,0.0,0.0,0.03684210526315797
2026-09-30T01:15:16.731 0.0,0.0,0.0,0.0,0.0,0.03684210526315797
2026-09-30T01:15:16.780 0.0,0.0,0.0,0.0,0.0,0.03684210526315797
2026-09-30T01:15:16.830 0.0,0.0,0.0,0.0,0.0,0.03684210526315797
2026-09-30T01:15:16.881 0.0,0.0,0.0,0.0,0.0,0.03684210526315797
2026-09-30T01:15:16.930 0.0,0.0,0.0,0.0,0.0,0.03684210526315797
2026-09-30T01:15:16.980 0.0,0.0,0.0,0.0,0.0,0.03684210526315797
2026-09-30T01:15:17.030 0.0,0.0,0.0,0.0,0.0,0.03684210526315797
2026-09-30T01:15:17.080 0.0,0.0,0.0,0.0,0.0,0.03684210526315797
2026-09-30T01:15:17.130 0.0,0.0,0.0,0.0,0.0,0.03684210526315797
2026-09-30T01:15:17.180 0.0,0.0,0.0,0.0,0.0,0.03684210526315797
2026-09-30T01:15:17.230 0.0,0.0,0.0,0.0,0.0,0.03684210526315797
2026-09-30T01:15:17.280 0.0,0.0,0.0,0.0,0.0,0.03684210526315797
2026-09-30T01:15:17.330 0.0,0.0,0.0,0.0,0.0,0.03684210526315797
2026-09-30T01:15:17.380 0.0,0.0,0.0,0.0,0.0,0.03684210526315797
2026-09-30T01:15:17.430 0.0,0.0,0.0,0.0,0.0,0.03684210526315797
2026-09-30T01:15:17.481 0.0,0.0,0.0,0.0,0.0,0.03684210526315797
2026-09-30T01:15:17.540 0.0,0.0,0.0,0.0,0.0,0.03684210526315797
2026-09-30T01:15:17.580 0.0,0.0,0.0,0.0,0.0,0.03684210526315797
2026-09-30T01:15:17.640 0.0,0.0,0.0,0.0,0.0,0.03684210526315797
2026-09-30T01:15:17.681 0.0,0.0,0.0,0.0,0.0,0.03684210526315797
2026-09-30T01:15:17.730 0.0,0.0,0.0,0.0,0.0,0.03684210526315797
2026-09-30T01:15:17.780 0.0,0.0,0.0,0.0,0.0,0.03684210526315797
2026-09-30T01:15:17.830 0.0,0.0,0.0,0.0,0.0,0.03684210526315797
2026-09-30T01:15:17.880 0.0,0.0,0.0,0.0,0.0,0.03684210526315797
2026-09-30T01:15:17.930 0.0,0.0,0.0,0.0,0.0,0.03684210526315797
2026-09-30T01:15:17.980 0.0,0.0,0.0,0.0,0.0,0.03684210526315797
2026-09-30T01:15:18.030 0.0,0.0,0.0,0.0,0.0,0.03684210526315797
2026-09-30T01:15:18.080 0.0,0.0,0.0,0.0,0.0,0.03684210526315797
2026-09-30T01:15:18.130 0.0,0.0,0.0,0.0,0.0,0.03684210526315797
2026-09-30T01:15:18.181 0.0,0.0,0.0,0.0,0.0,0.03684210526315797
2026-09-30T01:15:18.230 0.0,0.0,0.0,0.0,0.0,0.03684210526315797
2026-09-30T01:15:18.280 0.0,0.0,0.0,0.0,0.0,0.03684210526315797
2026-09-30T01:15:18.330 0.0,0.0,0.0,0.0,0.0,0.03684210526315797
2026-09-30T01:15:18.380 0.0,0.0,0.0,0.0,0.0,0.03684210526315797
2026-09-30T01:15:18.430 0.0,0.0,0.0,0.0,0.0,0.03684210526315797
2026-09-30T01:15:18.480 0.0,0.0,0.0,0.0,0.0,0.03684210526315797
2026-09-30T01:15:18.530 0.0,0.0,0.0,0.0,0.0,0.03684210526315797
2026-09-30T01:15:18.580 0.0,0.0,0.0,0.0,0.0,0.03684210526315797
2026-09-30T01:15:18.630 0.0,0.0,0.0,0.0,0.0,0.03684210526315797
2026-09-30T01:15:18.680 0.0,0.0,0.0,0.0,0.0,0.03684210526315797
2026-09-30T01:15:18.730 0.0,0.0,0.0,0.0,0.0,0.03684210526315797
2026-09-30T01:15:18.780 0.0,0.0,0.0,0.0,0.0,0.03684210526315797
2026-09-30T01:15:18.830 0.0,0.0,0.0,0.0,0.0,0.03684210526315797
2026-09-30T01:15:18.880 0.0,0.0,0.0,0.0,0.0,0.03684210526315797
2026-09-30T01:15:18.930 0.0,0.0,0.0,0.0,0.0,0.03684210526315797
2026-09-30T01:15:18.980 0.0,0.0,0.0,0.0,0.0,0.03684210526315797
2026-09-30T01:15:19.030 0.0,0.0,0.0,0.0,0.0,0.03684210526315797
2026-09-30T01:15:19.080 0.0,0.0,0.0,0.0,0.0,0.03684210526315797
2026-09-30T01:15:19.130 0.0,0.0,0.0,0.0,0.0,0.03684210526315797
2026-09-30T01:15:19.180 0.0,0.0,0.0,0.0,0.0,0.03684210526315797
2026-09-30T01:15:19.230 0.0,0.0,0.0,0.0,0.0,0.03684210526315797
2026-09-30T01:15:19.280 0.0,0.0,0.0,0.0,0.0,0.03684210526315797
2026-09-30T01:15:19.330 0.0,0.0,0.0,0.0,0.0,0.03684210526315797
2026-09-30T01:15:19.380 0.0,0.0,0.0,0.0,0.0,0.03684210526315797
2026-09-30T01:15:19.430 0.0,0.0,0.0,0.0,0.0,0.03684210526315797
2026-09-30T01:15:19.482 0.0,0.0,0.0,0.0,0.0,0.03684210526315797
2026-09-30T01:15:19.531 0.0,0.0,0.0,0.0,0.0,0.03684210526315797
2026-09-30T01:15:19.580 0.0,0.0,0.0,0.0,0.0,0.03684210526315797
2026-09-30T01:15:19.630 0.0,0.0,0.0,0.0,0.0,0.03684210526315797
2026-09-30T01:15:19.680 0.0,0.0,0.0,0.0,0.0,0.03684210526315797
2026-09-30T01:15:19.730 0.0,0.0,0.0,0.0,0.0,0.03684210526315797
2026-09-30T01:15:19.780 0.0,0.0,0.0,0.0,0.0,0.03684210526315797
2026-09-30T01:15:19.830 0.0,0.0,0.0,0.0,0.0,0.03684210526315797
2026-09-30T01:15:19.880 0.0,0.0,0.0,0.0,0.0,0.03684210526315797
2026-09-30T01:15:19.930 0.0,0.0,0.0,0.0,0.0,0.03684210526315797
2026-09-30T01:15:19.980 0.0,0.0,0.0,0.0,0.0,0.03684210526315797
2026-09-30T01:15:20.031 0.0,0.0,0.0,0.0,0.0,0.03684210526315797
2026-09-30T01:15:20.080 0.0,0.0,0.0,0.0,0.0,0.03684210526315797
2026-09-30T01:15:20.130 0.0,0.0,0.0,0.0,0.0,0.03684210526315797
2026-09-30T01:15:20.180 0.0,0.0,0.0,0.0,0.0,0.03684210526315797
2026-09-30T01:15:20.230 0.0,0.0,0.0,0.0,0.0,0.03684210526315797
2026-09-30T01:15:20.280 0.0,0.0,0.0,0.0,0.0,0.03684210526315797
2026-09-30T01:15:20.330 0.0,0.0,0.0,0.0,0.0,0.03684210526315797
2026-09-30T01:15:20.380 0.0,0.0,0.0,0.0,0.0,0.03684210526315797
2026-09-30T01:15:20.430 0.0,0.0,0.0,0.0,0.0,0.03684210526315797
2026-09-30T01:15:20.480 0.0,0.0,0.0,0.0,0.0,0.03684210526315797
2026-09-30T01:15:20.530 0.0,0.0,0.0,0.0,0.0,0.03684210526315797
2026-09-30T01:15:20.581 0.0,0.0,0.0,0.0,0.0,0.03684210526315797
2026-09-30T01:15:20.630 0.0,0.0,0.0,0.0,0.0,0.03684210526315797
2026-09-30T01:15:20.681 0.0,0.0,0.0,0.0,0.0,0.03684210526315797
2026-09-30T01:15:20.730 0.0,0.0,0.0,0.0,0.0,0.03684210526315797
2026-09-30T01:15:20.780 0.0,0.0,0.0,0.0,0.0,0.03684210526315797
2026-09-30T01:15:20.830 0.0,0.0,0.0,0.0,0.0,0.03684210526315797
2026-09-30T01:15:20.880 0.0,0.0,0.0,0.0,0.0,0.03684210526315797
2026-09-30T01:15:20.930 0.0,0.0,0.0,0.0,0.0,0.03684210526315797
2026-09-30T01:15:20.980 0.0,0.0,0.0,0.0,0.0,0.03684210526315797
2026-09-30T01:15:21.030 0.0,0.0,0.0,0.0,0.0,0.03684210526315797
2026-09-30T01:15:21.082 0.0,0.0,0.0,0.0,0.0,0.03684210526315797
2026-09-30T01:15:21.133 0.0,0.0,0.0,0.0,0.0,0.03684210526315797
2026-09-30T01:15:21.180 0.0,0.0,0.0,0.0,0.0,0.03684210526315797
2026-09-30T01:15:21.230 0.0,0.0,0.0,0.0,0.0,0.03684210526315797
2026-09-30T01:15:21.280 0.0,0.0,0.0,0.0,0.0,0.03684210526315797
2026-09-30T01:15:21.330 0.0,0.0,0.0,0.0,0.0,0.03684210526315797
2026-09-30T01:15:21.380 0.0,0.0,0.0,0.0,0.0,0.03684210526315797
2026-09-30T01:15:21.430 0.0,0.0,0.0,0.0,0.0,0.03684210526315797
2026-09-30T01:15:21.480 0.0,0.0,0.0,0.0,0.0,0.03684210526315797
2026-09-30T01:15:21.531 0.0,0.0,0.0,0.0,0.0,0.03684210526315797
2026-09-30T01:15:21.580 0.0,0.0,0.0,0.0,0.0,0.03684210526315797
2026-09-30T01:15:21.630 0.0,0.0,0.0,0.0,0.0,0.03684210526315797
2026-09-30T01:15:21.680 0.0,0.0,0.0,0.0,0.0,0.03684210526315797
2026-09-30T01:15:21.730 0.0,0.0,0.0,0.0,0.0,0.03684210526315797
2026-09-30T01:15:21.780 0.0,0.0,0.0,0.0,0.0,0.03684210526315797
2026-09-30T01:15:21.830 0.0,0.0,0.0,0.0,0.0,0.03684210526315797
2026-09-30T01:15:21.880 0.0,0.0,0.0,0.0,0.0,0.03684210526315797
2026-09-30T01:15:21.930 0.0,0.0,0.0,0.0,0.0,0.03684210526315797
2026-09-30T01:15:21.980 0.0,0.0,0.0,0.0,0.0,0.03684210526315797
2026-09-30T01:15:22.030 0.0,0.0,0.0,0.0,0.0,0.03684210526315797
2026-09-30T01:15:22.081 0.0,0.0,0.0,0.0,0.0,0.03684210526315797
2026-09-30T01:15:22.130 0.0,0.0,0.0,0.0,0.0,0.03684210526315797
2026-09-30T01:15:22.180 0.0,0.0,0.0,0.0,0.0,0.03684210526315797
2026-09-30T01:15:22.230 0.0,0.0,0.0,0.0,0.0,0.03684210526315797
2026-09-30T01:15:22.280 0.0,0.0,0.0,0.0,0.0,0.03684210526315797
2026-09-30T01:15:22.330 0.0,0.0,0.0,0.0,0.0,0.03684210526315797
2026-09-30T01:15:22.380 0.0,0.0,0.0,0.0,0.0,0.03684210526315797
2026-09-30T01:15:22.430 0.0,0.0,0.0,0.0,0.0,0.03684210526315797
2026-09-30T01:15:22.480 0.0,0.0,0.0,0.0,0.0,0.03684210526315797
2026-09-30T01:15:22.530 0.0,0.0,0.0,0.0,0.0,0.03684210526315797
2026-09-30T01:15:22.580 0.0,0.0,0.0,0.0,0.0,0.03684210526315797
2026-09-30T01:15:22.630 0.0,0.0,0.0,0.0,0.0,0.03684210526315797
2026-09-30T01:15:22.680 0.0,0.0,0.0,0.0,0.0,0.03684210526315797
2026-09-30T01:15:22.730 0.0,0.0,0.0,0.0,0.0,0.03684210526315797
2026-09-30T01:15:22.780 0.0,0.0,0.0,0.0,0.0,0.03684210526315797
2026-09-30T01:15:22.830 0.0,0.0,0.0,0.0,0.0,0.03684210526315797
2026-09-30T01:15:22.880 0.0,0.0,0.0,0.0,0.0,0.03684210526315797
2026-09-30T01:15:22.930 0.0,0.0,0.0,0.0,0.0,0.03684210526315797
2026-09-30T01:15:22.981 0.0,0.0,0.0,0.0,0.0,0.03684210526315797
2026-09-30T01:15:23.030 0.0,0.0,0.0,0.0,0.0,0.03684210526315797
2026-09-30T01:15:23.080 0.0,0.0,0.0,0.0,0.0,0.03684210526315797
2026-09-30T01:15:23.130 0.0,0.0,0.0,0.0,0.0,0.03684210526315797
2026-09-30T01:15:23.180 0.0,0.0,0.0,0.0,0.0,0.03684210526315797
2026-09-30T01:15:23.230 0.0,0.0,0.0,0.0,0.0,0.03684210526315797
2026-09-30T01:15:23.290 0.0,0.0,0.0,0.0,0.0,0.03684210526315797
2026-09-30T01:15:23.330 0.0,0.0,0.0,0.0,0.0,0.03684210526315797
2026-09-30T01:15:23.390 0.0,0.0,0.0,0.0,0.0,0.03684210526315797
2026-09-30T01:15:23.430 0.0,0.0,0.0,0.0,0.0,0.03684210526315797
2026-09-30T01:15:23.481 0.0,0.0,0.0,0.0,0.0,0.03684210526315797
2026-09-30T01:15:23.530 0.0,0.0,0.0,0.0,0.0,0.03684210526315797
2026-09-30T01:15:23.580 0.0,0.0,0.0,0.0,0.0,0.03684210526315797
2026-09-30T01:15:23.630 0.0,0.0,0.0,0.0,0.0,0.03684210526315797
2026-09-30T01:15:23.680 0.0,0.0,0.0,0.0,0.0,0.03684210526315797
2026-09-30T01:15:23.731 0.0,0.0,0.0,0.0,0.0,0.03684210526315797
2026-09-30T01:15:23.780 0.0,0.0,0.0,0.0,0.0,0.03684210526315797
2026-09-30T01:15:23.831 0.0,0.0,0.0,0.0,0.0,0.03684210526315797
2026-09-30T01:15:23.881 0.0,0.0,0.0,0.0,0.0,0.03684210526315797
2026-09-30T01:15:23.930 0.0,0.0,0.0,0.0,0.0,0.03684210526315797
2026-09-30T01:15:23.980 0.0,0.0,0.0,0.0,0.0,0.03684210526315797
2026-09-30T01:15:24.030 0.0,0.0,0.0,0.0,0.0,0.03684210526315797
2026-09-30T01:15:24.080 0.0,0.0,0.0,0.0,0.0,0.03684210526315797
2026-09-30T01:15:24.130 0.0,0.0,0.0,0.0,0.0,0.03684210526315797
2026-09-30T01:15:24.180 0.0,0.0,0.0,0.0,0.0,0.03684210526315797
2026-09-30T01:15:24.230 0.0,0.0,0.0,0.0,0.0,0.03684210526315797
2026-09-30T01:15:24.280 0.0,0.0,0.0,0.0,0.0,0.03684210526315797
2026-09-30T01:15:24.330 0.0,0.0,0.0,0.0,0.0,0.03684210526315797
2026-09-30T01:15:24.380 0.0,0.0,0.0,0.0,0.0,0.03684210526315797
2026-09-30T01:15:24.430 0.0,0.0,0.0,0.0,0.0,0.03684210526315797
2026-09-30T01:15:24.483 0.0,0.0,0.0,0.0,0.0,0.03684210526315797
2026-09-30T01:15:24.530 0.0,0.0,0.0,0.0,0.0,0.03684210526315797
2026-09-30T01:15:24.580 0.0,0.0,0.0,0.0,0.0,0.03684210526315797
2026-09-30T01:15:24.630 0.0,0.0,0.0,0.0,0.0,0.03684210526315797
2026-09-30T01:15:24.680 0.0,0.0,0.0,0.0,0.0,0.03684210526315797
2026-09-30T01:15:24.730 0.0,0.0,0.0,0.0,0.0,0.03684210526315797
2026-09-30T01:15:24.780 0.0,0.0,0.0,0.0,0.0,0.03684210526315797
2026-09-30T01:15:24.830 0.0,0.0,0.0,0.0,0.0,0.03684210526315797
2026-09-30T01:15:24.880 0.0,0.0,0.0,0.0,0.0,0.03684210526315797
2026-09-30T01:15:24.930 0.0,0.0,0.0,0.0,0.0,0.03684210526315797
2026-09-30T01:15:24.991 0.0,0.0,0.0,0.0,0.0,0.03684210526315797
2026-09-30T01:15:25.030 0.0,0.0,0.0,0.0,0.0,0.03684210526315797
2026-09-30T01:15:25.080 0.0,0.0,0.0,0.0,0.0,0.03684210526315797
2026-09-30T01:15:25.130 0.0,0.0,0.0,0.0,0.0,0.03684210526315797
2026-09-30T01:15:25.180 0.0,0.0,0.0,0.0,0.0,0.03684210526315797
2026-09-30T01:15:25.240 0.0,0.0,0.0,0.0,0.0,0.03684210526315797
2026-09-30T01:15:25.280 0.0,0.0,0.0,0.0,0.0,0.03684210526315797
2026-09-30T01:15:25.330 0.0,0.0,0.0,0.0,0.0,0.03684210526315797
2026-09-30T01:15:25.380 0.0,0.0,0.0,0.0,0.0,0.03684210526315797
2026-09-30T01:15:25.440 0.0,0.0,0.0,0.0,0.0,0.03684210526315797
2026-09-30T01:15:25.480 0.0,0.0,0.0,0.0,0.0,0.03684210526315797
2026-09-30T01:15:25.530 0.0,0.0,0.0,0.0,0.0,0.03684210526315797
2026-09-30T01:15:25.580 0.0,0.0,0.0,0.0,0.0,0.03684210526315797
2026-09-30T01:15:25.640 0.0,0.0,0.0,0.0,0.0,0.03684210526315797
2026-09-30T01:15:25.680 0.0,0.0,0.0,0.0,0.0,0.03684210526315797
2026-09-30T01:15:25.730 0.0,0.0,0.0,0.0,0.0,0.03684210526315797
2026-09-30T01:15:25.781 0.0,0.0,0.0,0.0,0.0,0.03684210526315797
2026-09-30T01:15:25.830 0.0,0.0,0.0,0.0,0.0,0.03684210526315797
2026-09-30T01:15:25.880 0.0,0.0,0.0,0.0,0.0,0.03684210526315797
2026-09-30T01:15:25.940 0.0,0.0,0.0,0.0,0.0,0.03684210526315797
2026-09-30T01:15:25.980 0.0,0.0,0.0,0.0,0.0,0.03684210526315797
2026-09-30T01:15:26.040 0.0,0.0,0.0,0.0,0.0,0.03684210526315797
2026-09-30T01:15:26.081 0.0,0.0,0.0,0.0,0.0,0.03684210526315797
2026-09-30T01:15:26.130 0.0,0.0,0.0,0.0,0.0,0.03684210526315797
2026-09-30T01:15:26.180 0.0,0.0,0.0,0.0,0.0,0.03684210526315797
2026-09-30T01:15:26.230 0.0,0.0,0.0,0.0,0.0,0.03684210526315797
2026-09-30T01:15:26.280 0.0,0.0,0.0,0.0,0.0,0.03684210526315797
2026-09-30T01:15:26.330 0.0,0.0,0.0,0.0,0.0,0.03684210526315797
2026-09-30T01:15:26.380 0.0,0.0,0.0,0.0,0.0,0.03684210526315797
2026-09-30T01:15:26.430 0.0,0.0,0.0,0.0,0.0,0.03684210526315797
2026-09-30T01:15:26.480 0.0,0.0,0.0,0.0,0.0,0.03684210526315797
2026-09-30T01:15:26.530 0.0,0.0,0.0,0.0,0.0,0.03684210526315797
2026-09-30T01:15:26.580 0.0,0.0,0.0,0.0,0.0,0.03684210526315797
2026-09-30T01:15:26.630 0.0,0.0,0.0,0.0,0.0,0.03684210526315797
2026-09-30T01:15:26.680 0.0,0.0,0.0,0.0,0.0,0.03684210526315797
2026-09-30T01:15:26.730 0.0,0.0,0.0,0.0,0.0,0.03684210526315797
2026-09-30T01:15:26.780 0.0,0.0,0.0,0.0,0.0,0.03684210526315797
2026-09-30T01:15:26.830 0.0,0.0,0.0,0.0,0.0,0.03684210526315797
2026-09-30T01:15:26.880 0.0,0.0,0.0,0.0,0.0,0.03684210526315797
2026-09-30T01:15:26.931 0.0,0.0,0.0,0.0,0.0,0.03684210526315797
2026-09-30T01:15:26.980 0.0,0.0,0.0,0.0,0.0,0.03684210526315797
2026-09-30T01:15:27.030 0.0,0.0,0.0,0.0,0.0,0.03684210526315797
2026-09-30T01:15:27.080 0.0,0.0,0.0,0.0,0.0,0.03684210526315797
2026-09-30T01:15:27.130 0.0,0.0,0.0,0.0,0.0,0.03684210526315797
2026-09-30T01:15:27.181 0.0,0.0,0.0,0.0,0.0,0.03684210526315797
2026-09-30T01:15:27.230 0.0,0.0,0.0,0.0,0.0,0.03684210526315797
2026-09-30T01:15:27.281 0.0,0.0,0.0,0.0,0.0,0.03684210526315797
2026-09-30T01:15:27.340 0.0,0.0,0.0,0.0,0.0,0.03684210526315797
2026-09-30T01:15:27.380 0.0,0.0,0.0,0.0,0.0,0.03684210526315797
2026-09-30T01:15:27.440 0.0,0.0,0.0,0.0,0.0,0.03684210526315797
2026-09-30T01:15:27.480 0.0,0.0,0.0,0.0,0.0,0.03684210526315797
2026-09-30T01:15:27.530 0.0,0.0,0.0,0.0,0.0,0.03684210526315797
2026-09-30T01:15:27.581 0.0,0.0,0.0,0.0,0.0,0.03684210526315797
2026-09-30T01:15:27.630 0.0,0.0,0.0,0.0,0.0,0.03684210526315797
2026-09-30T01:15:27.680 0.0,0.0,0.0,0.0,0.0,0.03684210526315797
2026-09-30T01:15:27.730 0.0,0.0,0.0,0.0,0.0,0.03684210526315797
2026-09-30T01:15:27.780 0.0,0.0,0.0,0.0,0.0,0.03684210526315797
2026-09-30T01:15:27.830 0.0,0.0,0.0,0.0,0.0,0.03684210526315797
2026-09-30T01:15:27.880 0.0,0.0,0.0,0.0,0.0,0.03684210526315797
2026-09-30T01:15:27.930 0.0,0.0,0.0,0.0,0.0,0.03684210526315797
2026-09-30T01:15:27.980 0.0,0.0,0.0,0.0,0.0,0.03684210526315797
2026-09-30T01:15:28.030 0.0,0.0,0.0,0.0,0.0,0.03684210526315797
2026-09-30T01:15:28.080 0.0,0.0,0.0,0.0,0.0,0.03684210526315797
2026-09-30T01:15:28.130 0.0,0.0,0.0,0.0,0.0,0.03684210526315797
2026-09-30T01:15:28.180 0.0,0.0,0.0,0.0,0.0,0.03684210526315797
2026-09-30T01:15:28.230 0.0,0.0,0.0,0.0,0.0,0.03684210526315797
2026-09-30T01:15:28.280 0.0,0.0,0.0,0.0,0.0,0.03684210526315797
2026-09-30T01:15:28.330 0.0,0.0,0.0,0.0,0.0,0.03684210526315797
2026-09-30T01:15:28.380 0.0,0.0,0.0,0.0,0.0,0.03684210526315797
2026-09-30T01:15:28.430 0.0,0.0,0.0,0.0,0.0,0.03684210526315797
2026-09-30T01:15:28.480 0.0,0.0,0.0,0.0,0.0,0.03684210526315797
2026-09-30T01:15:28.530 0.0,0.0,0.0,0.0,0.0,0.03684210526315797
2026-09-30T01:15:28.580 0.0,0.0,0.0,0.0,0.0,0.03684210526315797
2026-09-30T01:15:28.630 0.0,0.0,0.0,0.0,0.0,0.03684210526315797
2026-09-30T01:15:28.680 0.0,0.0,0.0,0.0,0.0,0.03684210526315797
2026-09-30T01:15:28.730 0.0,0.0,0.0,0.0,0.0,0.03684210526315797
2026-09-30T01:15:28.780 0.0,0.0,0.0,0.0,0.0,0.03684210526315797
2026-09-30T01:15:28.831 0.0,0.0,0.0,0.0,0.0,0.03684210526315797
2026-09-30T01:15:28.880 0.0,0.0,0.0,0.0,0.0,0.03684210526315797
2026-09-30T01:15:28.930 0.0,0.0,0.0,0.0,0.0,0.03684210526315797
2026-09-30T01:15:28.980 0.0,0.0,0.0,0.0,0.0,0.03684210526315797
2026-09-30T01:15:29.030 0.0,0.0,0.0,0.0,0.0,0.03684210526315797
2026-09-30T01:15:29.080 0.0,0.0,0.0,0.0,0.0,0.03684210526315797
2026-09-30T01:15:29.130 0.0,0.0,0.0,0.0,0.0,0.03684210526315797
2026-09-30T01:15:29.180 0.0,0.0,0.0,0.0,0.0,0.03684210526315797
2026-09-30T01:15:29.230 0.0,0.0,0.0,0.0,0.0,0.03684210526315797
2026-09-30T01:15:29.280 0.0,0.0,0.0,0.0,0.0,0.03684210526315797
2026-09-30T01:15:29.330 0.0,0.0,0.0,0.0,0.0,0.03684210526315797
2026-09-30T01:15:29.380 0.0,0.0,0.0,0.0,0.0,0.03684210526315797
2026-09-30T01:15:29.430 0.0,0.0,0.0,0.0,0.0,0.03684210526315797
2026-09-30T01:15:29.480 0.0,0.0,0.0,0.0,0.0,0.03684210526315797
2026-09-30T01:15:29.531 0.0,0.0,0.0,0.0,0.0,0.03684210526315797
2026-09-30T01:15:29.580 0.0,0.0,0.0,0.0,0.0,0.03684210526315797
2026-09-30T01:15:29.630 0.0,0.0,0.0,0.0,0.0,0.03684210526315797
2026-09-30T01:15:29.680 0.0,0.0,0.0,0.0,0.0,0.03684210526315797
2026-09-30T01:15:29.733 0.0,0.0,0.0,0.0,0.0,0.03684210526315797
2026-09-30T01:15:29.780 0.0,0.0,0.0,0.0,0.0,0.03684210526315797
2026-09-30T01:15:29.830 0.0,0.0,0.0,0.0,0.0,0.03684210526315797
2026-09-30T01:15:29.880 0.0,0.0,0.0,0.0,0.0,0.03684210526315797
2026-09-30T01:15:29.930 0.0,0.0,0.0,0.0,0.0,0.03684210526315797
2026-09-30T01:15:29.993 0.0,0.0,0.0,0.0,0.0,0.03684210526315797
2026-09-30T01:15:30.040 0.0,0.0,0.0,0.0,0.0,0.03684210526315797
2026-09-30T01:15:30.080 0.0,0.0,0.0,0.0,0.0,0.03684210526315797
2026-09-30T01:15:30.130 0.0,0.0,0.0,0.0,0.0,0.03684210526315797
2026-09-30T01:15:30.181 0.0,0.0,0.0,0.0,0.0,0.03684210526315797
2026-09-30T01:15:30.230 0.0,0.0,0.0,0.0,0.0,0.03684210526315797
2026-09-30T01:15:30.281 0.0,0.0,0.0,0.0,0.0,0.03684210526315797
2026-09-30T01:15:30.330 0.0,0.0,0.0,0.0,0.0,0.03684210526315797
2026-09-30T01:15:30.380 0.0,0.0,0.0,0.0,0.0,0.03684210526315797
2026-09-30T01:15:30.430 0.0,0.0,0.0,0.0,0.0,0.03684210526315797
2026-09-30T01:15:30.481 0.0,0.0,0.0,0.0,0.0,0.03684210526315797
2026-09-30T01:15:30.530 0.0,0.0,0.0,0.0,0.0,0.03684210526315797
2026-09-30T01:15:30.581 0.0,0.0,0.0,0.0,0.0,0.03684210526315797
2026-09-30T01:15:30.630 0.0,0.0,0.0,0.0,0.0,0.03684210526315797
2026-09-30T01:15:30.680 0.0,0.0,0.0,0.0,0.0,0.03684210526315797
2026-09-30T01:15:30.731 0.0,0.0,0.0,0.0,0.0,0.03684210526315797
2026-09-30T01:15:30.780 0.0,0.0,0.0,0.0,0.0,0.03684210526315797
2026-09-30T01:15:30.830 0.0,0.0,0.0,0.0,0.0,0.03684210526315797
2026-09-30T01:15:30.880 0.0,0.0,0.0,0.0,0.0,0.03684210526315797
2026-09-30T01:15:30.930 0.0,0.0,0.0,0.0,0.0,0.03684210526315797
2026-09-30T01:15:30.981 0.0,0.0,0.0,0.0,0.0,0.03684210526315797
2026-09-30T01:15:31.030 0.0,0.0,0.0,0.0,0.0,0.03684210526315797
2026-09-30T01:15:31.080 0.0,0.0,0.0,0.0,0.0,0.03684210526315797
2026-09-30T01:15:31.130 0.0,0.0,0.0,0.0,0.0,0.03684210526315797
2026-09-30T01:15:31.181 0.0,0.0,0.0,0.0,0.0,0.03684210526315797
2026-09-30T01:15:31.232 0.0,0.0,0.0,0.0,0.0,0.03684210526315797
2026-09-30T01:15:31.280 0.0,0.0,0.0,0.0,0.0,0.03684210526315797
2026-09-30T01:15:31.330 0.0,0.0,0.0,0.0,0.0,0.03684210526315797
2026-09-30T01:15:31.380 0.0,0.0,0.0,0.0,0.0,0.03684210526315797
2026-09-30T01:15:31.430 0.0,0.0,0.0,0.0,0.0,0.03684210526315797
2026-09-30T01:15:31.480 0.0,0.0,0.0,0.0,0.0,0.03684210526315797
2026-09-30T01:15:31.530 0.0,0.0,0.0,0.0,0.0,0.03684210526315797
2026-09-30T01:15:31.580 0.0,0.0,0.0,0.0,0.0,0.03684210526315797
2026-09-30T01:15:31.631 0.0,0.0,0.0,0.0,0.0,0.03684210526315797
2026-09-30T01:15:31.680 0.0,0.0,0.0,0.0,0.0,0.03684210526315797
2026-09-30T01:15:31.731 0.0,0.0,0.0,0.0,0.0,0.03684210526315797
2026-09-30T01:15:31.780 0.0,0.0,0.0,0.0,0.0,0.03684210526315797
2026-09-30T01:15:31.830 0.0,0.0,0.0,0.0,0.0,0.03684210526315797
2026-09-30T01:15:31.880 0.0,0.0,0.0,0.0,0.0,0.03684210526315797
2026-09-30T01:15:31.930 0.0,0.0,0.0,0.0,0.0,0.0
2026-09-30T01:15:31.980 0.0,0.0,0.0,0.0,0.0,0.0
2026-09-30T01:15:32.030 0.0,0.0,0.0,0.0,0.0,0.03684210526315797
2026-09-30T01:15:32.080 0.0,0.0,0.0,0.0,0.0,0.03684210526315797
2026-09-30T01:15:32.130 0.0,0.0,0.0,0.0,0.0,0.03684210526315797
2026-09-30T01:15:32.180 0.0,0.0,0.0,0.0,0.0,0.03684210526315797
2026-09-30T01:15:32.230 0.0,0.0,0.0,0.0,0.0,0.03684210526315797
2026-09-30T01:15:32.280 0.0,0.0,0.0,0.0,0.0,0.03684210526315797
2026-09-30T01:15:32.330 0.0,0.0,0.0,0.0,0.0,0.03684210526315797
2026-09-30T01:15:32.381 0.0,0.0,0.0,0.0,0.0,0.03684210526315797
2026-09-30T01:15:32.430 0.0,0.0,0.0,0.0,0.0,0.03684210526315797
2026-09-30T01:15:32.480 0.0,0.0,0.0,0.0,0.0,0.03684210526315797
2026-09-30T01:15:32.530 0.0,0.0,0.0,0.0,0.0,0.03684210526315797
2026-09-30T01:15:32.580 0.0,0.0,0.0,0.0,0.0,0.03684210526315797
2026-09-30T01:15:32.631 0.0,0.0,0.0,0.0,0.0,0.03684210526315797
2026-09-30T01:15:32.690 0.0,0.0,0.0,0.0,0.0,0.03684210526315797
2026-09-30T01:15:32.730 0.0,0.0,0.0,0.0,0.0,0.03684210526315797
2026-09-30T01:15:32.780 0.0,0.0,0.0,0.0,0.0,0.03684210526315797
2026-09-30T01:15:32.830 0.0,0.0,0.0,0.0,0.0,0.03684210526315797
2026-09-30T01:15:32.881 0.0,0.0,0.0,0.0,0.0,0.03684210526315797
2026-09-30T01:15:32.930 0.0,0.0,0.0,0.0,0.0,0.03684210526315797
2026-09-30T01:15:32.980 0.0,0.0,0.0,0.0,0.0,0.03684210526315797
2026-09-30T01:15:33.030 0.0,0.0,0.0,0.0,0.0,0.03684210526315797
2026-09-30T01:15:33.081 0.0,0.0,0.0,0.0,0.0,0.03684210526315797
2026-09-30T01:15:33.130 0.0,0.0,0.0,0.0,0.0,0.03684210526315797
2026-09-30T01:15:33.181 0.0,0.0,0.0,0.0,0.0,0.03684210526315797
2026-09-30T01:15:33.230 0.0,0.0,0.0,0.0,0.0,0.03684210526315797
2026-09-30T01:15:33.280 0.0,0.0,0.0,0.0,0.0,0.03684210526315797
2026-09-30T01:15:33.330 0.0,0.0,0.0,0.0,0.0,0.03684210526315797
2026-09-30T01:15:33.381 0.0,0.0,0.0,0.0,0.0,0.03684210526315797
2026-09-30T01:15:33.431 0.0,0.0,0.0,0.0,0.0,0.03684210526315797
2026-09-30T01:15:34.246 0.0,0.0,0.0,0.0,0.0,0.03684210526315797
2026-09-30T01:15:35.455 0.0,0.0,0.0,0.0,0.0,0.03684210526315797
2026-09-30T01:15:35.505 0.0,0.0,0.0,0.0,0.0,0.03684210526315797
2026-09-30T01:15:35.555 0.0,0.0,0.0,0.0,0.0,0.03684210526315797
2026-09-30T01:15:35.605 0.0,0.0,0.0,0.0,0.0,0.03684210526315797
2026-09-30T01:15:35.655 0.0,0.0,0.0,0.0,0.0,0.03684210526315797
2026-09-30T01:15:35.705 0.0,0.0,0.0,0.0,0.0,0.03684210526315797
2026-09-30T01:15:35.755 0.0,0.0,0.0,0.0,0.0,0.03684210526315797
2026-09-30T01:15:35.805 0.0,0.0,0.0,0.0,0.0,0.03684210526315797
2026-09-30T01:15:35.855 0.0,0.0,0.0,0.0,0.0,0.03684210526315797
2026-09-30T01:15:35.905 0.0,0.0,0.0,0.0,0.0,0.03684210526315797
2026-09-30T01:15:35.955 0.0,0.0,0.0,0.0,0.0,0.03684210526315797
2026-09-30T01:15:36.005 0.0,0.0,0.0,0.0,0.0,0.03684210526315797
2026-09-30T01:15:36.055 0.0,0.0,0.0,0.0,0.0,0.03684210526315797
2026-09-30T01:15:36.116 0.0,0.0,0.0,0.0,0.0,0.03684210526315797
2026-09-30T01:15:36.155 0.0,0.0,0.0,0.0,0.0,0.03684210526315797
2026-09-30T01:15:36.215 0.0,0.0,0.0,0.0,0.0,0.03684210526315797
2026-09-30T01:15:36.255 0.0,0.0,0.0,0.0,0.0,0.03684210526315797
2026-09-30T01:15:36.305 0.0,0.0,0.0,0.0,0.0,0.03684210526315797
2026-09-30T01:15:36.355 0.0,0.0,0.0,0.0,0.0,0.03684210526315797
2026-09-30T01:15:36.415 0.0,0.0,0.0,0.0,0.0,0.03684210526315797
2026-09-30T01:15:36.455 0.0,0.0,0.0,0.0,0.0,0.03684210526315797
2026-09-30T01:15:36.505 0.0,0.0,0.0,0.0,0.0,0.03684210526315797
2026-09-30T01:15:36.555 0.0,0.0,0.0,0.0,0.0,0.03684210526315797
2026-09-30T01:15:36.615 0.0,0.0,0.0,0.0,0.0,0.03684210526315797
2026-09-30T01:15:36.655 0.0,0.0,0.0,0.0,0.0,0.03684210526315797
2026-09-30T01:15:36.715 0.0,0.0,0.0,0.0,0.0,0.03684210526315797
2026-09-30T01:15:36.755 0.0,0.0,0.0,0.0,0.0,0.03684210526315797
2026-09-30T01:15:36.805 0.0,0.0,0.0,0.0,0.0,0.03684210526315797
2026-09-30T01:15:36.855 0.0,0.0,0.0,0.0,0.0,0.03684210526315797
2026-09-30T01:15:36.905 0.0,0.0,0.0,0.0,0.0,0.03684210526315797
2026-09-30T01:15:36.955 0.0,0.0,0.0,0.0,0.0,0.03684210526315797
2026-09-30T01:15:37.015 0.0,0.0,0.0,0.0,0.0,0.03684210526315797
2026-09-30T01:15:37.055 0.0,0.0,0.0,0.0,0.0,0.03684210526315797
2026-09-30T01:15:37.106 0.0,0.0,0.0,0.0,0.0,0.03684210526315797
2026-09-30T01:15:37.157 0.0,0.0,0.0,0.0,0.0,0.03684210526315797
2026-09-30T01:15:37.205 0.0,0.0,0.0,0.0,0.0,0.03684210526315797
2026-09-30T01:15:37.255 0.0,0.0,0.0,0.0,0.0,0.03684210526315797
2026-09-30T01:15:37.305 0.0,0.0,0.0,0.0,0.0,0.03684210526315797
2026-09-30T01:15:37.355 0.0,0.0,0.0,0.0,0.0,0.03684210526315797
2026-09-30T01:15:37.405 0.0,0.0,0.0,0.0,0.0,0.03684210526315797
2026-09-30T01:15:37.456 0.0,0.0,0.0,0.0,0.0,0.03684210526315797
2026-09-30T01:15:37.505 0.0,0.0,0.0,0.0,0.0,0.03684210526315797
2026-09-30T01:15:37.555 0.0,0.0,0.0,0.0,0.0,0.03684210526315797
2026-09-30T01:15:37.605 0.0,0.0,0.0,0.0,0.0,0.03684210526315797
2026-09-30T01:15:37.655 0.0,0.0,0.0,0.0,0.0,0.03684210526315797
2026-09-30T01:15:37.706 0.0,0.0,0.0,0.0,0.0,0.03684210526315797
2026-09-30T01:15:37.766 0.0,0.0,0.0,0.0,0.0,0.03684210526315797
2026-09-30T01:15:37.805 0.0,0.0,0.0,0.0,0.0,0.03684210526315797
2026-09-30T01:15:37.865 0.0,0.0,0.0,0.0,0.0,0.03684210526315797
2026-09-30T01:15:37.905 0.0,0.0,0.0,0.0,0.0,0.03684210526315797
2026-09-30T01:15:37.955 0.0,0.0,0.0,0.0,0.0,0.03684210526315797
2026-09-30T01:15:38.008 0.0,0.0,0.0,0.0,0.0,0.03684210526315797
2026-09-30T01:15:38.055 0.0,0.0,0.0,0.0,0.0,0.03684210526315797
2026-09-30T01:15:38.106 0.0,0.0,0.0,0.0,0.0,0.03684210526315797
2026-09-30T01:15:38.155 0.0,0.0,0.0,0.0,0.0,0.03684210526315797
2026-09-30T01:15:38.205 0.0,0.0,0.0,0.0,0.0,0.03684210526315797
2026-09-30T01:15:38.255 0.0,0.0,0.0,0.0,0.0,0.03684210526315797
2026-09-30T01:15:38.307 0.0,0.0,0.0,0.0,0.0,0.03684210526315797
2026-09-30T01:15:38.355 0.0,0.0,0.0,0.0,0.0,0.03684210526315797
2026-09-30T01:15:38.405 0.0,0.0,0.0,0.0,0.0,0.03684210526315797
2026-09-30T01:15:38.455 0.0,0.0,0.0,0.0,0.0,0.03684210526315797
2026-09-30T01:15:38.505 0.0,0.0,0.0,0.0,0.0,0.03684210526315797
2026-09-30T01:15:38.556 0.0,0.0,0.0,0.0,0.0,0.03684210526315797
2026-09-30T01:15:38.605 0.0,0.0,0.0,0.0,0.0,0.03684210526315797
2026-09-30T01:15:38.655 0.0,0.0,0.0,0.0,0.0,0.03684210526315797
2026-09-30T01:15:38.706 0.0,0.0,0.0,0.0,0.0,0.03684210526315797
2026-09-30T01:15:38.755 0.0,0.0,0.0,0.0,0.0,0.03684210526315797
2026-09-30T01:15:38.805 0.0,0.0,0.0,0.0,0.0,0.03684210526315797
2026-09-30T01:15:38.855 0.0,0.0,0.0,0.0,0.0,0.03684210526315797
2026-09-30T01:15:38.906 0.0,0.0,0.0,0.0,0.0,0.03684210526315797
2026-09-30T01:15:38.955 0.0,0.0,0.0,0.0,0.0,0.03684210526315797
2026-09-30T01:15:39.006 0.0,0.0,0.0,0.0,0.0,0.03684210526315797
2026-09-30T01:15:39.056 0.0,0.0,0.0,0.0,0.0,0.03684210526315797
2026-09-30T01:15:39.105 0.0,0.0,0.0,0.0,0.0,0.03684210526315797
2026-09-30T01:15:39.155 0.0,0.0,0.0,0.0,0.0,0.03684210526315797
2026-09-30T01:15:39.215 0.0,0.0,0.0,0.0,0.0,0.03684210526315797
2026-09-30T01:15:39.256 0.0,0.0,0.0,0.0,0.0,0.03684210526315797
2026-09-30T01:15:39.305 0.0,0.0,0.0,0.0,0.0,0.03684210526315797
2026-09-30T01:15:39.355 0.0,0.0,0.0,0.0,0.0,0.03684210526315797
2026-09-30T01:15:39.405 0.0,0.0,0.0,0.0,0.0,0.03684210526315797
2026-09-30T01:15:39.455 0.0,0.0,0.0,0.0,0.0,0.03684210526315797
2026-09-30T01:15:39.507 0.0,0.0,0.0,0.0,0.0,0.03684210526315797
2026-09-30T01:15:39.555 0.0,0.0,0.0,0.0,0.0,0.03684210526315797
2026-09-30T01:15:39.605 0.0,0.0,0.0,0.0,0.0,0.03684210526315797
2026-09-30T01:15:39.655 0.0,0.0,0.0,0.0,0.0,0.03684210526315797
2026-09-30T01:15:39.706 0.0,0.0,0.0,0.0,0.0,0.03684210526315797
2026-09-30T01:15:39.755 0.0,0.0,0.0,0.0,0.0,0.03684210526315797
2026-09-30T01:15:39.805 0.0,0.0,0.0,0.0,0.0,0.03684210526315797
2026-09-30T01:15:39.855 0.0,0.0,0.0,0.0,0.0,0.03684210526315797
2026-09-30T01:15:39.905 0.0,0.0,0.0,0.0,0.0,0.03684210526315797
2026-09-30T01:15:39.955 0.0,0.0,0.0,0.0,0.0,0.03684210526315797
2026-09-30T01:15:40.005 0.0,0.0,0.0,0.0,0.0,0.03684210526315797
2026-09-30T01:15:40.057 0.0,0.0,0.0,0.0,0.0,0.03684210526315797
2026-09-30T01:15:40.105 0.0,0.0,0.0,0.0,0.0,0.03684210526315797
2026-09-30T01:15:40.165 0.0,0.0,0.0,0.0,0.0,0.03684210526315797
2026-09-30T01:15:40.205 0.0,0.0,0.0,0.0,0.0,0.03684210526315797
2026-09-30T01:15:40.255 0.0,0.0,0.0,0.0,0.0,0.03684210526315797
2026-09-30T01:15:40.305 0.0,0.0,0.0,0.0,0.0,0.03684210526315797
2026-09-30T01:15:40.355 0.0,0.0,0.0,0.0,0.0,0.03684210526315797
2026-09-30T01:15:40.405 0.0,0.0,0.0,0.0,0.0,0.03684210526315797
2026-09-30T01:15:40.455 0.0,0.0,0.0,0.0,0.0,0.03684210526315797
2026-09-30T01:15:40.505 0.0,0.0,0.0,0.0,0.0,0.03684210526315797
2026-09-30T01:15:40.555 0.0,0.0,0.0,0.0,0.0,0.03684210526315797
2026-09-30T01:15:40.605 0.0,0.0,0.0,0.0,0.0,0.03684210526315797
2026-09-30T01:15:40.655 0.0,0.0,0.0,0.0,0.0,0.03684210526315797
2026-09-30T01:15:40.705 0.0,0.0,0.0,0.0,0.0,0.03684210526315797
2026-09-30T01:15:40.755 0.0,0.0,0.0,0.0,0.0,0.03684210526315797
2026-09-30T01:15:40.806 0.0,0.0,0.0,0.0,0.0,0.03684210526315797
2026-09-30T01:15:40.855 0.0,0.0,0.0,0.0,0.0,0.03684210526315797
2026-09-30T01:15:40.906 0.0,0.0,0.0,0.0,0.0,0.03684210526315797
2026-09-30T01:15:40.955 0.0,0.0,0.0,0.0,0.0,0.03684210526315797
2026-09-30T01:15:41.005 0.0,0.0,0.0,0.0,0.0,0.03684210526315797
2026-09-30T01:15:41.057 0.0,0.0,0.0,0.0,0.0,0.03684210526315797
2026-09-30T01:15:41.105 0.0,0.0,0.0,0.0,0.0,0.03684210526315797
2026-09-30T01:15:41.155 0.0,0.0,0.0,0.0,0.0,0.03684210526315797
2026-09-30T01:15:41.206 0.0,0.0,0.0,0.0,0.0,0.03684210526315797
2026-09-30T01:15:41.255 0.0,0.0,0.0,0.0,0.0,0.03684210526315797
2026-09-30T01:15:41.305 0.0,0.0,0.0,0.0,0.0,0.03684210526315797
2026-09-30T01:15:41.355 0.0,0.0,0.0,0.0,0.0,0.03684210526315797
2026-09-30T01:15:41.415 0.0,0.0,0.0,0.0,0.0,0.03684210526315797
2026-09-30T01:15:41.455 0.0,0.0,0.0,0.0,0.0,0.03684210526315797
2026-09-30T01:15:41.505 0.0,0.0,0.0,0.0,0.0,0.03684210526315797
2026-09-30T01:15:41.555 0.0,0.0,0.0,0.0,0.0,0.03684210526315797
2026-09-30T01:15:41.605 0.0,0.0,0.0,0.0,0.0,0.03684210526315797
2026-09-30T01:15:41.655 0.0,0.0,0.0,0.0,0.0,0.03684210526315797
2026-09-30T01:15:41.706 0.0,0.0,0.0,0.0,0.0,0.03684210526315797
2026-09-30T01:15:41.755 0.0,0.0,0.0,0.0,0.0,0.03684210526315797
2026-09-30T01:15:41.805 0.0,0.0,0.0,0.0,0.0,0.03684210526315797
2026-09-30T01:15:41.855 0.0,0.0,0.0,0.0,0.0,0.03684210526315797
2026-09-30T01:15:41.905 0.0,0.0,0.0,0.0,0.0,0.03684210526315797
2026-09-30T01:15:41.955 0.0,0.0,0.0,0.0,0.0,0.03684210526315797
2026-09-30T01:15:42.005 0.0,0.0,0.0,0.0,0.0,0.03684210526315797
2026-09-30T01:15:42.056 0.0,0.0,0.0,0.0,0.0,0.03684210526315797
2026-09-30T01:15:42.105 0.0,0.0,0.0,0.0,0.0,0.03684210526315797
2026-09-30T01:15:42.155 0.0,0.0,0.0,0.0,0.0,0.03684210526315797
2026-09-30T01:15:42.205 0.0,0.0,0.0,0.0,0.0,0.03684210526315797
2026-09-30T01:15:42.255 0.0,0.0,0.0,0.0,0.0,0.03684210526315797
2026-09-30T01:15:42.305 0.0,0.0,0.0,0.0,0.0,0.03684210526315797
2026-09-30T01:15:42.357 0.0,0.0,0.0,0.0,0.0,0.03684210526315797
2026-09-30T01:15:42.405 0.0,0.0,0.0,0.0,0.0,0.03684210526315797
2026-09-30T01:15:42.455 0.0,0.0,0.0,0.0,0.0,0.03684210526315797
2026-09-30T01:15:42.505 0.0,0.0,0.0,0.0,0.0,0.03684210526315797
2026-09-30T01:15:42.555 0.0,0.0,0.0,0.0,0.0,0.03684210526315797
2026-09-30T01:15:42.605 0.0,0.0,0.0,0.0,0.0,0.03684210526315797
2026-09-30T01:15:42.655 0.0,0.0,0.0,0.0,0.0,0.03684210526315797
2026-09-30T01:15:42.705 0.0,0.0,0.0,0.0,0.0,0.03684210526315797
2026-09-30T01:15:42.755 0.0,0.0,0.0,0.0,0.0,0.03684210526315797
2026-09-30T01:15:42.815 0.0,0.0,0.0,0.0,0.0,0.03684210526315797
2026-09-30T01:15:42.855 0.0,0.0,0.0,0.0,0.0,0.03684210526315797
2026-09-30T01:15:42.905 0.0,0.0,0.0,0.0,0.0,0.03684210526315797
2026-09-30T01:15:42.955 0.0,0.0,0.0,0.0,0.0,0.03684210526315797
2026-09-30T01:15:43.005 0.0,0.0,0.0,0.0,0.0,0.03684210526315797
2026-09-30T01:15:43.055 0.0,0.0,0.0,0.0,0.0,0.03684210526315797
2026-09-30T01:15:43.105 0.0,0.0,0.0,0.0,0.0,0.03684210526315797
2026-09-30T01:15:43.155 0.0,0.0,0.0,0.0,0.0,0.03684210526315797
2026-09-30T01:15:43.205 0.0,0.0,0.0,0.0,0.0,0.03684210526315797
2026-09-30T01:15:43.255 0.0,0.0,0.0,0.0,0.0,0.03684210526315797
2026-09-30T01:15:43.305 0.0,0.0,0.0,0.0,0.0,0.03684210526315797
2026-09-30T01:15:43.355 0.0,0.0,0.0,0.0,0.0,0.03684210526315797
2026-09-30T01:15:43.405 0.0,0.0,0.0,0.0,0.0,0.03684210526315797
2026-09-30T01:15:43.455 0.0,0.0,0.0,0.0,0.0,0.03684210526315797
2026-09-30T01:15:43.507 0.0,0.0,0.0,0.0,0.0,0.03684210526315797
2026-09-30T01:15:43.555 0.0,0.0,0.0,0.0,0.0,0.03684210526315797
2026-09-30T01:15:43.605 0.0,0.0,0.0,0.0,0.0,0.03684210526315797
2026-09-30T01:15:43.655 0.0,0.0,0.0,0.0,0.0,0.03684210526315797
2026-09-30T01:15:43.706 0.0,0.0,0.0,0.0,0.0,0.03684210526315797
2026-09-30T01:15:43.765 0.0,0.0,0.0,0.0,0.0,0.03684210526315797
2026-09-30T01:15:43.806 0.0,0.0,0.0,0.0,0.0,0.03684210526315797
2026-09-30T01:15:43.855 0.0,0.0,0.0,0.0,0.0,0.03684210526315797
2026-09-30T01:15:43.905 0.0,0.0,0.0,0.0,0.0,0.03684210526315797
2026-09-30T01:15:43.955 0.0,0.0,0.0,0.0,0.0,0.03684210526315797
2026-09-30T01:15:44.005 0.0,0.0,0.0,0.0,0.0,0.03684210526315797
2026-09-30T01:15:44.055 0.0,0.0,0.0,0.0,0.0,0.03684210526315797
2026-09-30T01:15:44.105 0.0,0.0,0.0,0.0,0.0,0.03684210526315797
2026-09-30T01:15:44.155 0.0,0.0,0.0,0.0,0.0,0.03684210526315797
2026-09-30T01:15:44.205 0.0,0.0,0.0,0.0,0.0,0.03684210526315797
2026-09-30T01:15:44.255 0.0,0.0,0.0,0.0,0.0,0.03684210526315797
2026-09-30T01:15:44.305 0.0,0.0,0.0,0.0,0.0,0.03684210526315797
2026-09-30T01:15:44.355 0.0,0.0,0.0,0.0,0.0,0.03684210526315797
2026-09-30T01:15:44.405 0.0,0.0,0.0,0.0,0.0,0.03684210526315797
2026-09-30T01:15:44.466 0.0,0.0,0.0,0.0,0.0,0.03684210526315797
2026-09-30T01:15:44.505 0.0,0.0,0.0,0.0,0.0,0.03684210526315797
2026-09-30T01:15:44.555 0.0,0.0,0.0,0.0,0.0,0.03684210526315797
2026-09-30T01:15:44.605 0.0,0.0,0.0,0.0,0.0,0.03684210526315797
2026-09-30T01:15:44.655 0.0,0.0,0.0,0.0,0.0,0.03684210526315797
2026-09-30T01:15:44.705 0.0,0.0,0.0,0.0,0.0,0.03684210526315797
2026-09-30T01:15:44.755 0.0,0.0,0.0,0.0,0.0,0.03684210526315797
2026-09-30T01:15:44.805 0.0,0.0,0.0,0.0,0.0,0.03684210526315797
2026-09-30T01:15:44.855 0.0,0.0,0.0,0.0,0.0,0.03684210526315797
2026-09-30T01:15:44.906 0.0,0.0,0.0,0.0,0.0,0.03684210526315797
2026-09-30T01:15:44.955 0.0,0.0,0.0,0.0,0.0,0.03684210526315797
2026-09-30T01:15:45.005 0.0,0.0,0.0,0.0,0.0,0.03684210526315797
2026-09-30T01:15:45.055 0.0,0.0,0.0,0.0,0.0,0.03684210526315797
2026-09-30T01:15:45.105 0.0,0.0,0.0,0.0,0.0,0.03684210526315797
2026-09-30T01:15:45.165 0.0,0.0,0.0,0.0,0.0,0.03684210526315797
2026-09-30T01:15:45.206 0.0,0.0,0.0,0.0,0.0,0.03684210526315797
2026-09-30T01:15:45.255 0.0,0.0,0.0,0.0,0.0,0.03684210526315797
2026-09-30T01:15:45.315 0.0,0.0,0.0,0.0,0.0,0.03684210526315797
2026-09-30T01:15:45.355 0.0,0.0,0.0,0.0,0.0,0.03684210526315797
2026-09-30T01:15:45.405 0.0,0.0,0.0,0.0,0.0,0.03684210526315797
2026-09-30T01:15:45.455 0.0,0.0,0.0,0.0,0.0,0.03684210526315797
2026-09-30T01:15:45.505 0.0,0.0,0.0,0.0,0.0,0.03684210526315797
2026-09-30T01:15:45.555 0.0,0.0,0.0,0.0,0.0,0.03684210526315797
2026-09-30T01:15:45.605 0.0,0.0,0.0,0.0,0.0,0.03684210526315797
2026-09-30T01:15:45.655 0.0,0.0,0.0,0.0,0.0,0.03684210526315797
2026-09-30T01:15:45.705 0.0,0.0,0.0,0.0,0.0,0.03684210526315797
2026-09-30T01:15:45.756 0.0,0.0,0.0,0.0,0.0,0.03684210526315797
2026-09-30T01:15:45.806 0.0,0.0,0.0,0.0,0.0,0.03684210526315797
2026-09-30T01:15:45.855 0.0,0.0,0.0,0.0,0.0,0.03684210526315797
2026-09-30T01:15:45.908 0.0,0.0,0.0,0.0,0.0,0.03684210526315797
2026-09-30T01:15:45.967 0.0,0.0,0.0,0.0,0.0,0.03684210526315797
2026-09-30T01:15:46.005 0.0,0.0,0.0,0.0,0.0,0.03684210526315797
2026-09-30T01:15:46.055 0.0,0.0,0.0,0.0,0.0,0.03684210526315797
2026-09-30T01:15:46.105 0.0,0.0,0.0,0.0,0.0,0.03684210526315797
2026-09-30T01:15:46.155 0.0,0.0,0.0,0.0,0.0,0.03684210526315797
2026-09-30T01:15:46.205 0.0,0.0,0.0,0.0,0.0,0.03684210526315797
2026-09-30T01:15:46.255 0.0,0.0,0.0,0.0,0.0,0.03684210526315797
2026-09-30T01:15:46.305 0.0,0.0,0.0,0.0,0.0,0.03684210526315797
2026-09-30T01:15:46.355 0.0,0.0,0.0,0.0,0.0,0.03684210526315797
2026-09-30T01:15:46.405 0.0,0.0,0.0,0.0,0.0,0.03684210526315797
2026-09-30T01:15:46.455 0.0,0.0,0.0,0.0,0.0,0.03684210526315797
2026-09-30T01:15:46.505 0.0,0.0,0.0,0.0,0.0,0.03684210526315797
2026-09-30T01:15:46.565 0.0,0.0,0.0,0.0,0.0,0.11052631578947375
2026-09-30T01:15:46.606 0.0,0.0,0.0,0.0,0.0,0.11052631578947375
2026-09-30T01:15:46.655 0.0,0.0,0.0,0.0,0.0,0.11052631578947375
2026-09-30T01:15:46.715 0.0,0.0,0.0,0.0,0.0,0.11052631578947375
2026-09-30T01:15:46.765 0.0,0.0,0.0,0.0,0.0,0.11052631578947375
2026-09-30T01:15:46.805 0.0,0.0,0.0,0.0,0.0,0.11052631578947375
2026-09-30T01:15:46.855 0.0,0.0,0.0,0.0,0.0,0.11052631578947375
2026-09-30T01:15:46.905 0.0,0.0,0.0,0.0,0.0,0.11052631578947375
2026-09-30T01:15:46.955 0.0,0.0,0.0,0.0,0.0,0.11052631578947375
2026-09-30T01:15:47.005 0.0,0.0,0.0,0.0,0.0,0.11052631578947375
2026-09-30T01:15:47.056 0.0,0.0,0.0,0.0,0.0,0.11052631578947375
2026-09-30T01:15:47.105 0.0,0.0,0.0,0.0,0.0,0.11052631578947375
2026-09-30T01:15:47.155 0.0,0.0,0.0,0.0,0.0,0.11052631578947375
2026-09-30T01:15:47.206 0.0,0.0,0.0,0.0,0.0,0.11052631578947375
2026-09-30T01:15:47.255 0.0,0.0,0.0,0.0,0.0,0.11052631578947375
2026-09-30T01:15:47.306 0.0,0.0,0.0,0.0,0.0,0.11052631578947375
2026-09-30T01:15:47.357 0.0,0.0,0.0,0.0,0.0,0.11052631578947375
2026-09-30T01:15:47.415 0.0,0.0,0.0,0.0,0.0,0.11052631578947375
2026-09-30T01:15:47.455 0.0,0.0,0.0,0.0,0.0,0.11052631578947375
2026-09-30T01:15:47.505 0.0,0.0,0.0,0.0,0.0,0.11052631578947375
2026-09-30T01:15:47.555 0.0,0.0,0.0,0.0,0.0,0.11052631578947375
2026-09-30T01:15:47.605 0.0,0.0,0.0,0.0,0.0,0.11052631578947375
2026-09-30T01:15:47.665 0.0,0.0,0.0,0.0,0.0,0.11052631578947375
2026-09-30T01:15:47.705 0.0,0.0,0.0,0.0,0.0,0.11052631578947375
2026-09-30T01:15:47.755 0.0,0.0,0.0,0.0,0.0,0.11052631578947375
2026-09-30T01:15:47.805 0.0,0.0,0.0,0.0,0.0,0.11052631578947375
2026-09-30T01:15:47.855 0.0,0.0,0.0,0.0,0.0,0.11052631578947375
2026-09-30T01:15:47.905 0.0,0.0,0.0,0.0,0.0,0.11052631578947375
2026-09-30T01:15:47.955 0.0,0.0,0.0,0.0,0.0,0.11052631578947375
2026-09-30T01:15:48.005 0.0,0.0,0.0,0.0,0.0,0.11052631578947375
2026-09-30T01:15:48.055 0.0,0.0,0.0,0.0,0.0,0.11052631578947375
2026-09-30T01:15:48.105 0.0,0.0,0.0,0.0,0.0,0.11052631578947375
2026-09-30T01:15:48.155 0.0,0.0,0.0,0.0,0.0,0.11052631578947375
2026-09-30T01:15:48.205 0.0,0.0,0.0,0.0,0.0,0.11052631578947375
2026-09-30T01:15:48.255 0.0,0.0,0.0,0.0,0.0,0.11052631578947375
2026-09-30T01:15:48.305 0.0,0.0,0.0,0.0,0.0,0.11052631578947375
2026-09-30T01:15:48.355 0.0,0.0,0.0,0.0,0.0,0.11052631578947375
2026-09-30T01:15:48.405 0.0,0.0,0.0,0.0,0.0,0.11052631578947375
2026-09-30T01:15:48.455 0.0,0.0,0.0,0.0,0.0,0.11052631578947375
2026-09-30T01:15:48.506 0.0,0.0,0.0,0.0,0.0,0.11052631578947375
2026-09-30T01:15:48.555 0.0,0.0,0.0,0.0,0.0,0.11052631578947375
2026-09-30T01:15:48.615 0.0,0.0,0.0,0.0,0.0,0.11052631578947375
2026-09-30T01:15:48.655 0.0,0.0,0.0,0.0,0.0,0.11052631578947375
2026-09-30T01:15:48.705 0.0,0.0,0.0,0.0,0.0,0.11052631578947375
2026-09-30T01:15:48.755 0.0,0.0,0.0,0.0,0.0,0.11052631578947375
2026-09-30T01:15:48.805 0.0,0.0,0.0,0.0,0.0,0.11052631578947375
2026-09-30T01:15:48.855 0.0,0.0,0.0,0.0,0.0,0.11052631578947375
2026-09-30T01:15:48.906 0.0,0.0,0.0,0.0,0.0,0.11052631578947375
2026-09-30T01:15:48.955 0.0,0.0,0.0,0.0,0.0,0.11052631578947375
2026-09-30T01:15:49.005 0.0,0.0,0.0,0.0,0.0,0.11052631578947375
2026-09-30T01:15:49.055 0.0,0.0,0.0,0.0,0.0,0.11052631578947375
2026-09-30T01:15:49.106 0.0,0.0,0.0,0.0,0.0,0.11052631578947375
2026-09-30T01:15:49.155 0.0,0.0,0.0,0.0,0.0,0.11052631578947375
2026-09-30T01:15:49.205 0.0,0.0,0.0,0.0,0.0,0.11052631578947375
2026-09-30T01:15:49.255 0.0,0.0,0.0,0.0,0.0,0.11052631578947375
2026-09-30T01:15:49.305 0.0,0.0,0.0,0.0,0.0,0.11052631578947375
2026-09-30T01:15:49.356 0.0,0.0,0.0,0.0,0.0,0.11052631578947375
2026-09-30T01:15:49.405 0.0,0.0,0.0,0.0,0.0,0.11052631578947375
2026-09-30T01:15:49.455 0.0,0.0,0.0,0.0,0.0,0.11052631578947375
2026-09-30T01:15:49.506 0.0,0.0,0.0,0.0,0.0,0.18421052631578955
2026-09-30T01:15:49.555 0.0,0.0,0.0,0.0,0.0,0.18421052631578955
2026-09-30T01:15:49.605 0.0,0.0,0.0,0.0,0.0,0.18421052631578955
2026-09-30T01:15:49.655 0.0,0.0,0.0,0.0,0.0,0.18421052631578955
2026-09-30T01:15:49.705 0.0,0.0,0.0,0.0,0.0,0.18421052631578955
2026-09-30T01:15:49.755 0.0,0.0,0.0,0.0,0.0,0.18421052631578955
2026-09-30T01:15:49.805 0.0,0.0,0.0,0.0,0.0,0.18421052631578955
2026-09-30T01:15:49.855 0.0,0.0,0.0,0.0,0.0,0.18421052631578955
2026-09-30T01:15:49.905 0.0,0.0,0.0,0.0,0.0,0.18421052631578955
2026-09-30T01:15:49.955 0.0,0.0,0.0,0.0,0.0,0.18421052631578955
2026-09-30T01:15:50.005 0.0,0.0,0.0,0.0,0.0,0.18421052631578955
2026-09-30T01:15:50.055 0.0,0.0,0.0,0.0,0.0,0.18421052631578955
2026-09-30T01:15:50.105 0.0,0.0,0.0,0.0,0.0,0.18421052631578955
2026-09-30T01:15:50.155 0.0,0.0,0.0,0.0,0.0,0.18421052631578955
2026-09-30T01:15:50.216 0.0,0.0,0.0,0.0,0.0,0.18421052631578955
2026-09-30T01:15:50.255 0.0,0.0,0.0,0.0,0.0,0.18421052631578955
2026-09-30T01:15:50.305 0.0,0.0,0.0,0.0,0.0,0.18421052631578955
2026-09-30T01:15:50.355 0.0,0.0,0.0,0.0,0.0,0.18421052631578955
2026-09-30T01:15:50.405 0.0,0.0,0.0,0.0,0.0,0.18421052631578955
2026-09-30T01:15:50.455 0.0,0.0,0.0,0.0,0.0,0.18421052631578955
2026-09-30T01:15:50.505 0.0,0.0,0.0,0.0,0.0,0.18421052631578955
2026-09-30T01:15:50.555 0.0,0.0,0.0,0.0,0.0,0.18421052631578955
2026-09-30T01:15:50.605 0.0,0.0,0.0,0.0,0.0,0.18421052631578955
2026-09-30T01:15:50.655 0.0,0.0,0.0,0.0,0.0,0.18421052631578955
2026-09-30T01:15:50.707 0.0,0.0,0.0,0.0,0.0,0.18421052631578955
2026-09-30T01:15:50.755 0.0,0.0,0.0,0.0,0.0,0.18421052631578955
2026-09-30T01:15:50.815 0.0,0.0,0.0,0.0,0.0,0.18421052631578955
2026-09-30T01:15:50.855 0.0,0.0,0.0,0.0,0.0,0.18421052631578955
2026-09-30T01:15:50.905 0.0,0.0,0.0,0.0,0.0,0.18421052631578955
2026-09-30T01:15:50.955 0.0,0.0,0.0,0.0,0.0,0.18421052631578955
2026-09-30T01:15:51.005 0.0,0.0,0.0,0.0,0.0,0.18421052631578955
2026-09-30T01:15:51.055 0.0,0.0,0.0,0.0,0.0,0.18421052631578955
2026-09-30T01:15:51.105 0.0,0.0,0.0,0.0,0.0,0.18421052631578955
2026-09-30T01:15:51.155 0.0,0.0,0.0,0.0,0.0,0.18421052631578955
2026-09-30T01:15:51.205 0.0,0.0,0.0,0.0,0.0,0.18421052631578955
2026-09-30T01:15:51.255 0.0,0.0,0.0,0.0,0.0,0.18421052631578955
2026-09-30T01:15:51.305 0.0,0.0,0.0,0.0,0.0,0.18421052631578955
2026-09-30T01:15:51.355 0.0,0.0,0.0,0.0,0.0,0.18421052631578955
2026-09-30T01:15:51.405 0.0,0.0,0.0,0.0,0.0,0.18421052631578955
2026-09-30T01:15:51.455 0.0,0.0,0.0,0.0,0.0,0.18421052631578955
2026-09-30T01:15:51.505 0.0,0.0,0.0,0.0,0.0,0.18421052631578955
2026-09-30T01:15:51.555 0.0,0.0,0.0,0.0,0.0,0.18421052631578955
2026-09-30T01:15:51.605 0.0,0.0,0.0,0.0,0.0,0.18421052631578955
2026-09-30T01:15:51.655 0.0,0.0,0.0,0.0,0.0,0.18421052631578955
2026-09-30T01:15:51.705 0.0,0.0,0.0,0.0,0.0,0.18421052631578955
2026-09-30T01:15:51.755 0.0,0.0,0.0,0.0,0.0,0.18421052631578955
2026-09-30T01:15:51.805 0.0,0.0,0.0,0.0,0.0,0.18421052631578955
2026-09-30T01:15:51.855 0.0,0.0,0.0,0.0,0.0,0.18421052631578955
2026-09-30T01:15:51.906 0.0,0.0,0.0,0.0,0.0,0.18421052631578955
2026-09-30T01:15:51.955 0.0,0.0,0.0,0.0,0.0,0.18421052631578955
2026-09-30T01:15:52.005 0.0,0.0,0.0,0.0,0.0,0.18421052631578955
2026-09-30T01:15:52.055 0.0,0.0,0.0,0.0,0.0,0.18421052631578955
2026-09-30T01:15:52.105 0.0,0.0,0.0,0.0,0.0,0.18421052631578955
2026-09-30T01:15:52.155 0.0,0.0,0.0,0.0,0.0,0.18421052631578955
2026-09-30T01:15:52.205 0.0,0.0,0.0,0.0,0.0,0.18421052631578955
2026-09-30T01:15:52.255 0.0,0.0,0.0,0.0,0.0,0.18421052631578955
2026-09-30T01:15:52.305 0.0,0.0,0.0,0.0,0.0,0.18421052631578955
2026-09-30T01:15:52.355 0.0,0.0,0.0,0.0,0.0,0.18421052631578955
2026-09-30T01:15:52.406 0.0,0.0,0.0,0.0,0.0,0.25789473684210534
2026-09-30T01:15:52.455 0.0,0.0,0.0,0.0,0.0,0.25789473684210534
2026-09-30T01:15:52.505 0.0,0.0,0.0,0.0,0.0,0.25789473684210534
2026-09-30T01:15:52.555 0.0,0.0,0.0,0.0,0.0,0.25789473684210534
2026-09-30T01:15:52.605 0.0,0.0,0.0,0.0,0.0,0.25789473684210534
2026-09-30T01:15:52.656 0.0,0.0,0.0,0.0,0.0,0.25789473684210534
2026-09-30T01:15:52.705 0.0,0.0,0.0,0.0,0.0,0.25789473684210534
2026-09-30T01:15:52.755 0.0,0.0,0.0,0.0,0.0,0.4178947368421053
2026-09-30T01:15:52.805 0.0,0.0,0.0,0.0,0.0,0.5778947368421053
2026-09-30T01:15:52.855 0.0,0.0,0.0,0.0,0.0,0.7
2026-09-30T01:15:52.905 0.0,0.0,0.0,0.0,0.0,0.7
2026-09-30T01:15:52.955 0.0,0.0,0.0,0.0,0.0,0.7
2026-09-30T01:15:53.005 0.0,0.0,0.0,0.0,0.0,0.7
2026-09-30T01:15:53.055 0.0,0.0,0.0,0.0,0.0,0.7
2026-09-30T01:15:53.105 0.0,0.0,0.0,0.0,0.0,0.7
2026-09-30T01:15:53.155 0.0,0.0,0.0,0.0,0.0,0.7
2026-09-30T01:15:53.205 0.0,0.0,0.0,0.0,0.0,0.7
2026-09-30T01:15:53.255 0.0,0.0,0.0,0.0,0.0,0.7
2026-09-30T01:15:53.305 0.0,0.0,0.0,0.0,0.0,0.7
2026-09-30T01:15:53.355 0.0,0.0,0.0,0.0,0.0,0.7
2026-09-30T01:15:53.405 0.0,0.0,0.0,0.0,0.0,0.6263157894736843
2026-09-30T01:15:53.455 0.0,0.0,0.0,0.0,0.0,0.46631578947368424
2026-09-30T01:15:53.505 0.0,0.0,0.0,0.0,0.0,0.3063157894736842
2026-09-30T01:15:53.555 0.0,0.0,0.0,0.0,0.0,0.18421052631578955
2026-09-30T01:15:53.605 0.0,0.0,0.0,0.0,0.0,0.3442105263157895
2026-09-30T01:15:53.655 0.0,0.0,0.0,0.0,0.0,0.5042105263157896
2026-09-30T01:15:53.705 0.0,0.0,0.0,0.0,0.0,0.6263157894736843
2026-09-30T01:15:53.757 0.0,0.0,0.0,0.0,0.0,0.6263157894736843
2026-09-30T01:15:53.805 0.0,0.0,0.0,0.0,0.0,0.6263157894736843
2026-09-30T01:15:53.855 0.0,0.0,0.0,0.0,0.0,0.6263157894736843
2026-09-30T01:15:53.905 0.0,0.0,0.0,0.0,0.0,0.6263157894736843
2026-09-30T01:15:53.955 0.0,0.0,0.0,0.0,0.0,0.6263157894736843
2026-09-30T01:15:54.015 0.0,0.0,0.0,0.0,0.0,0.6263157894736843
2026-09-30T01:15:54.055 0.0,0.0,0.0,0.0,0.0,0.5526315789473685
2026-09-30T01:15:54.105 0.0,0.0,0.0,0.0,0.0,0.5526315789473685
2026-09-30T01:15:54.155 0.0,0.0,0.0,0.0,0.0,0.5526315789473685
2026-09-30T01:15:54.205 0.0,0.0,0.0,0.0,0.0,0.5526315789473685
2026-09-30T01:15:54.255 0.0,0.0,0.0,0.0,0.0,0.5526315789473685
2026-09-30T01:15:54.305 0.0,0.0,0.0,0.0,0.0,0.5526315789473685
2026-09-30T01:15:54.355 0.0,0.0,0.0,0.0,0.0,0.5526315789473685
2026-09-30T01:15:54.406 0.0,0.0,0.0,0.0,0.0,0.5526315789473685
2026-09-30T01:15:54.455 0.0,0.0,0.0,0.0,0.0,0.5526315789473685
2026-09-30T01:15:54.505 0.0,0.0,0.0,0.0,0.0,0.5526315789473685
2026-09-30T01:15:54.555 0.0,0.0,0.0,0.0,0.0,0.5526315789473685
2026-09-30T01:15:54.605 0.0,0.0,0.0,0.0,0.0,0.47894736842105273
2026-09-30T01:15:54.655 0.0,0.0,0.0,0.0,0.0,0.47894736842105273
2026-09-30T01:15:54.715 0.0,0.0,0.0,0.0,0.0,0.47894736842105273
2026-09-30T01:15:54.755 0.0,0.0,0.0,0.0,0.0,0.47894736842105273
2026-09-30T01:15:54.805 0.0,0.0,0.0,0.0,0.0,0.31894736842105276
2026-09-30T01:15:54.855 0.0,0.0,0.0,0.0,0.0,0.15894736842105275
2026-09-30T01:15:54.905 0.0,0.0,0.0,0.0,0.0,0.31894736842105276
2026-09-30T01:15:54.965 0.0,0.0,0.0,0.0,0.0,0.47894736842105273
2026-09-30T01:15:55.005 0.0,0.0,0.0,0.0,0.0,0.47894736842105273
2026-09-30T01:15:55.066 0.0,0.0,0.0,0.0,0.0,0.47894736842105273
2026-09-30T01:15:55.105 0.0,0.0,0.0,0.0,0.0,0.47894736842105273
2026-09-30T01:15:55.165 0.0,0.0,0.0,0.0,0.0,0.47894736842105273
2026-09-30T01:15:55.205 0.0,0.0,0.0,0.0,0.0,0.40526315789473694
2026-09-30T01:15:55.265 0.0,0.0,0.0,0.0,0.0,0.40526315789473694
2026-09-30T01:15:55.305 0.0,0.0,0.0,0.0,0.0,0.40526315789473694
2026-09-30T01:15:55.355 0.0,0.0,0.0,0.0,0.0,0.40526315789473694
2026-09-30T01:15:55.405 0.0,0.0,0.0,0.0,0.0,0.40526315789473694
2026-09-30T01:15:55.455 0.0,0.0,0.0,0.0,0.0,0.40526315789473694
2026-09-30T01:15:55.505 0.0,0.0,0.0,0.0,0.0,0.40526315789473694
2026-09-30T01:15:55.555 0.0,0.0,0.0,0.0,0.0,0.5652631578947369
2026-09-30T01:15:55.605 0.0,0.0,0.0,0.0,0.0,0.7
2026-09-30T01:15:55.655 0.0,0.0,0.0,0.0,0.0,0.7
2026-09-30T01:15:55.705 0.0,0.0,0.0,0.0,0.0,0.7
2026-09-30T01:15:55.756 0.0,0.0,0.0,0.0,0.0,0.7
2026-09-30T01:15:55.806 0.0,0.0,0.0,0.0,0.0,0.7
2026-09-30T01:15:55.855 0.0,0.0,0.0,0.0,0.0,0.7
2026-09-30T01:15:55.905 0.0,0.0,0.0,0.0,0.0,0.7
2026-09-30T01:15:55.955 0.0,0.0,0.0,0.0,0.0,0.7
2026-09-30T01:15:56.006 0.0,0.0,0.0,0.0,0.0,0.7
2026-09-30T01:15:56.055 0.0,0.0,0.0,0.0,0.0,0.7
2026-09-30T01:15:56.105 0.0,0.0,0.0,0.0,0.0,0.6263157894736843
2026-09-30T01:15:56.158 0.0,0.0,0.0,0.0,0.0,0.6263157894736843
2026-09-30T01:15:56.205 0.0,0.0,0.0,0.0,0.0,0.6263157894736843
2026-09-30T01:15:56.255 0.0,0.0,0.0,0.0,0.0,0.6263157894736843
2026-09-30T01:15:56.306 0.0,0.0,0.0,0.0,0.0,0.6263157894736843
2026-09-30T01:15:56.365 0.0,0.0,0.0,0.0,0.0,0.6263157894736843
2026-09-30T01:15:56.405 0.0,0.0,0.0,0.0,0.0,0.6263157894736843
2026-09-30T01:15:56.455 0.0,0.0,0.0,0.0,0.0,0.6263157894736843
2026-09-30T01:15:56.505 0.0,0.0,0.0,0.0,0.0,0.6263157894736843
2026-09-30T01:15:56.555 0.0,0.0,0.0,0.0,0.0,0.6263157894736843
2026-09-30T01:15:56.605 0.0,0.0,0.0,0.0,0.0,0.5526315789473685
2026-09-30T01:15:56.655 0.0,0.0,0.0,0.0,0.0,0.5526315789473685
2026-09-30T01:15:56.705 0.0,0.0,0.0,0.0,0.0,0.5526315789473685
2026-09-30T01:15:56.765 0.0,0.0,0.0,0.0,0.0,0.5526315789473685
2026-09-30T01:15:56.805 0.0,0.0,0.0,0.0,0.0,0.5526315789473685
2026-09-30T01:15:56.855 0.0,0.0,0.0,0.0,0.0,0.5526315789473685
2026-09-30T01:15:56.916 0.0,0.0,0.0,0.0,0.0,0.5526315789473685
2026-09-30T01:15:56.955 0.0,0.0,0.0,0.0,0.0,0.5526315789473685
2026-09-30T01:15:57.005 0.0,0.0,0.0,0.0,0.0,0.5526315789473685
2026-09-30T01:15:57.055 0.0,0.0,0.0,0.0,0.0,0.5526315789473685
2026-09-30T01:15:57.105 0.0,0.0,0.0,0.0,0.0,0.5526315789473685
2026-09-30T01:15:57.155 0.0,0.0,0.0,0.0,0.0,0.47894736842105273
2026-09-30T01:15:57.205 0.0,0.0,0.0,0.0,0.0,0.47894736842105273
2026-09-30T01:15:57.255 0.0,0.0,0.0,0.0,0.0,0.47894736842105273
2026-09-30T01:15:57.306 0.0,0.0,0.0,0.0,0.0,0.47894736842105273
2026-09-30T01:15:57.355 0.0,0.0,0.0,0.0,0.0,0.47894736842105273
2026-09-30T01:15:57.405 0.0,0.0,0.0,0.0,0.0,0.47894736842105273
2026-09-30T01:15:57.455 0.0,0.0,0.0,0.0,0.0,0.47894736842105273
2026-09-30T01:15:57.505 0.0,0.0,0.0,0.0,0.0,0.47894736842105273
2026-09-30T01:15:57.567 0.0,0.0,0.0,0.0,0.0,0.47894736842105273
2026-09-30T01:15:57.605 0.0,0.0,0.0,0.0,0.0,0.47894736842105273
2026-09-30T01:15:57.655 0.0,0.0,0.0,0.0,0.0,0.47894736842105273
2026-09-30T01:15:57.705 0.0,0.0,0.0,0.0,0.0,0.40526315789473694
2026-09-30T01:15:57.755 0.0,0.0,0.0,0.0,0.0,0.40526315789473694
2026-09-30T01:15:57.805 0.0,0.0,0.0,0.0,0.0,0.40526315789473694
2026-09-30T01:15:57.855 0.0,0.0,0.0,0.0,0.0,0.40526315789473694
2026-09-30T01:15:57.905 0.0,0.0,0.0,0.0,0.0,0.40526315789473694
2026-09-30T01:15:57.955 0.0,0.0,0.0,0.0,0.0,0.40526315789473694
2026-09-30T01:15:58.005 0.0,0.0,0.0,0.0,0.0,0.40526315789473694
2026-09-30T01:15:58.055 0.0,0.0,0.0,0.0,0.0,0.40526315789473694
2026-09-30T01:15:58.105 0.0,0.0,0.0,0.0,0.0,0.40526315789473694
2026-09-30T01:15:58.155 0.0,0.0,0.0,0.0,0.0,0.5652631578947369
2026-09-30T01:15:58.205 0.0,0.0,0.0,0.0,0.0,0.7
2026-09-30T01:15:58.255 0.0,0.0,0.0,0.0,0.0,0.7
2026-09-30T01:15:58.305 0.0,0.0,0.0,0.0,0.0,0.7
2026-09-30T01:15:58.355 0.0,0.0,0.0,0.0,0.0,0.7
2026-09-30T01:15:58.405 0.0,0.0,0.0,0.0,0.0,0.7
2026-09-30T01:15:58.455 0.0,0.0,0.0,0.0,0.0,0.7
2026-09-30T01:15:58.505 0.0,0.0,0.0,0.0,0.0,0.7
2026-09-30T01:15:58.555 0.0,0.0,0.0,0.0,0.0,0.7
2026-09-30T01:15:58.605 0.0,0.0,0.0,0.0,0.0,0.7
2026-09-30T01:15:58.655 0.0,0.0,0.0,0.0,0.0,0.7
2026-09-30T01:15:58.705 0.0,0.0,0.0,0.0,0.0,0.7
2026-09-30T01:15:58.765 0.0,0.0,0.0,0.0,0.0,0.6263157894736843
2026-09-30T01:15:58.805 0.0,0.0,0.0,0.0,0.0,0.6263157894736843
2026-09-30T01:15:58.855 0.0,0.0,0.0,0.0,0.0,0.6263157894736843
2026-09-30T01:15:58.905 0.0,0.0,0.0,0.0,0.0,0.6263157894736843
2026-09-30T01:15:58.955 0.0,0.0,0.0,0.0,0.0,0.6263157894736843
2026-09-30T01:15:59.005 0.0,0.0,0.0,0.0,0.0,0.6263157894736843
2026-09-30T01:15:59.055 0.0,0.0,0.0,0.0,0.0,0.6263157894736843
2026-09-30T01:15:59.105 0.0,0.0,0.0,0.0,0.0,0.6263157894736843
2026-09-30T01:15:59.155 0.0,0.0,0.0,0.0,0.0,0.6263157894736843
2026-09-30T01:15:59.205 0.0,0.0,0.0,0.0,0.0,0.5526315789473685
2026-09-30T01:15:59.255 0.0,0.0,0.0,0.0,0.0,0.5526315789473685
2026-09-30T01:15:59.305 0.0,0.0,0.0,0.0,0.0,0.5526315789473685
2026-09-30T01:15:59.355 0.0,0.0,0.0,0.0,0.0,0.5526315789473685
2026-09-30T01:15:59.405 0.0,0.0,0.0,0.0,0.0,0.5526315789473685
2026-09-30T01:15:59.455 0.0,0.0,0.0,0.0,0.0,0.5526315789473685
2026-09-30T01:15:59.507 0.0,0.0,0.0,0.0,0.0,0.5526315789473685
2026-09-30T01:15:59.555 0.0,0.0,0.0,0.0,0.0,0.5526315789473685
2026-09-30T01:15:59.605 0.0,0.0,0.0,0.0,0.0,0.5526315789473685
2026-09-30T01:15:59.655 0.0,0.0,0.0,0.0,0.0,0.5526315789473685
2026-09-30T01:15:59.705 0.0,0.0,0.0,0.0,0.0,0.5526315789473685
2026-09-30T01:15:59.755 0.0,0.0,0.0,0.0,0.0,0.47894736842105273
2026-09-30T01:15:59.805 0.0,0.0,0.0,0.0,0.0,0.6389473684210527
2026-09-30T01:15:59.855 0.0,0.0,0.0,0.0,0.0,0.7
2026-09-30T01:15:59.906 0.0,0.0,0.0,0.0,0.0,0.7
2026-09-30T01:15:59.965 0.0,0.0,0.0,0.0,0.0,0.7
2026-09-30T01:16:00.016 0.0,0.0,0.0,0.0,0.0,0.7
2026-09-30T01:16:00.055 0.0,0.0,0.0,0.0,0.0,0.7
2026-09-30T01:16:00.105 0.0,0.0,0.0,0.0,0.0,0.7
2026-09-30T01:16:00.155 0.0,0.0,0.0,0.0,0.0,0.7
2026-09-30T01:16:00.206 0.0,0.0,0.0,0.0,0.0,0.7
2026-09-30T01:16:00.255 0.0,0.0,0.0,0.0,0.0,0.7
2026-09-30T01:16:00.305 0.0,0.0,0.0,0.0,0.0,0.6263157894736843
2026-09-30T01:16:00.355 0.0,0.0,0.0,0.0,0.0,0.6263157894736843
2026-09-30T01:16:00.406 0.0,0.0,0.0,0.0,0.0,0.6263157894736843
2026-09-30T01:16:00.456 0.0,0.0,0.0,0.0,0.0,0.6263157894736843
2026-09-30T01:16:00.505 0.0,0.0,0.0,0.0,0.0,0.6263157894736843
2026-09-30T01:16:00.555 0.0,0.0,0.0,0.0,0.0,0.6263157894736843
2026-09-30T01:16:00.605 0.0,0.0,0.0,0.0,0.0,0.6263157894736843
2026-09-30T01:16:00.656 0.0,0.0,0.0,0.0,0.0,0.6263157894736843
2026-09-30T01:16:00.706 0.0,0.0,0.0,0.0,0.0,0.5526315789473685
2026-09-30T01:16:00.755 0.0,0.0,0.0,0.0,0.0,0.5526315789473685
2026-09-30T01:16:00.805 0.0,0.0,0.0,0.0,0.0,0.5526315789473685
2026-09-30T01:16:00.855 0.0,0.0,0.0,0.0,0.0,0.5526315789473685
2026-09-30T01:16:00.905 0.0,0.0,0.0,0.0,0.0,0.5526315789473685
2026-09-30T01:16:00.955 0.0,0.0,0.0,0.0,0.0,0.5526315789473685
2026-09-30T01:16:01.005 0.0,0.0,0.0,0.0,0.0,0.5526315789473685
2026-09-30T01:16:01.055 0.0,0.0,0.0,0.0,0.0,0.5526315789473685
2026-09-30T01:16:01.105 0.0,0.0,0.0,0.0,0.0,0.47894736842105273
2026-09-30T01:16:01.156 0.0,0.0,0.0,0.0,0.0,0.47894736842105273
2026-09-30T01:16:01.205 0.0,0.0,0.0,0.0,0.0,0.47894736842105273
2026-09-30T01:16:01.255 0.0,0.0,0.0,0.0,0.0,0.47894736842105273
2026-09-30T01:16:01.305 0.0,0.0,0.0,0.0,0.0,0.47894736842105273
2026-09-30T01:16:01.355 0.0,0.0,0.0,0.0,0.0,0.47894736842105273
2026-09-30T01:16:01.405 0.0,0.0,0.0,0.0,0.0,0.47894736842105273
2026-09-30T01:16:01.455 0.0,0.0,0.0,0.0,0.0,0.47894736842105273
2026-09-30T01:16:01.505 0.0,0.0,0.0,0.0,0.0,0.47894736842105273
2026-09-30T01:16:01.555 0.0,0.0,0.0,0.0,0.0,0.47894736842105273
2026-09-30T01:16:01.606 0.0,0.0,0.0,0.0,0.0,0.47894736842105273
2026-09-30T01:16:01.655 0.0,0.0,0.0,0.0,0.0,0.40526315789473694
2026-09-30T01:16:01.705 0.0,0.0,0.0,0.0,0.0,0.40526315789473694
2026-09-30T01:16:01.755 0.0,0.0,0.0,0.0,0.0,0.40526315789473694
2026-09-30T01:16:01.805 0.0,0.0,0.0,0.0,0.0,0.40526315789473694
2026-09-30T01:16:01.855 0.0,0.0,0.0,0.0,0.0,0.40526315789473694
2026-09-30T01:16:01.906 0.0,0.0,0.0,0.0,0.0,0.40526315789473694
2026-09-30T01:16:01.955 0.0,0.0,0.0,0.0,0.0,0.40526315789473694
2026-09-30T01:16:02.005 0.0,0.0,0.0,0.0,0.0,0.40526315789473694
2026-09-30T01:16:02.055 0.0,0.0,0.0,0.0,0.0,0.40526315789473694
2026-09-30T01:16:02.105 0.0,0.0,0.0,0.0,0.0,0.40526315789473694
2026-09-30T01:16:02.155 0.042105263157894736,0.0,0.0,0.0,0.0,0.47894736842105273
2026-09-30T01:16:02.205 0.042105263157894736,0.0,0.0,0.0,0.0,0.47894736842105273
2026-09-30T01:16:02.255 0.042105263157894736,0.0,0.0,0.0,0.0,0.47894736842105273
2026-09-30T01:16:02.305 0.042105263157894736,0.0,0.0,0.0,0.0,0.47894736842105273
2026-09-30T01:16:02.356 0.0,0.0,0.0,0.0,0.0,0.6389473684210527
2026-09-30T01:16:02.405 0.08421052631578947,0.0,0.0,0.0,0.0,0.7
2026-09-30T01:16:02.455 0.08421052631578947,0.0,0.0,0.0,0.0,0.7
2026-09-30T01:16:02.505 0.08421052631578947,0.0,0.0,0.0,0.0,0.7
2026-09-30T01:16:02.567 0.08421052631578947,0.0,0.0,0.0,0.0,0.7
2026-09-30T01:16:02.605 0.08421052631578947,0.0,0.0,0.0,0.0,0.7
2026-09-30T01:16:02.655 0.08421052631578947,0.0,0.0,0.0,0.0,0.7
2026-09-30T01:16:02.716 0.08421052631578947,0.0,0.0,0.0,0.0,0.7
2026-09-30T01:16:02.755 0.08421052631578947,0.0,0.0,0.0,0.0,0.7
2026-09-30T01:16:02.805 0.08421052631578947,0.0,0.0,0.0,0.0,0.7
2026-09-30T01:16:02.855 0.08421052631578947,0.0,0.0,0.0,0.0,0.7
2026-09-30T01:16:02.905 0.0,0.0,0.0,0.0,0.0,0.7
2026-09-30T01:16:02.955 0.0,0.0,0.0,0.0,0.0,0.7
2026-09-30T01:16:03.005 0.0,0.0,0.0,0.0,0.0,0.7
2026-09-30T01:16:03.055 0.0,0.0,0.0,0.0,0.0,0.7
2026-09-30T01:16:03.105 0.0,0.0,0.0,0.0,0.0,0.7
2026-09-30T01:16:03.155 0.042105263157894736,0.0,0.0,0.0,0.0,0.7
2026-09-30T01:16:03.205 0.042105263157894736,0.0,0.0,0.0,0.0,0.7
2026-09-30T01:16:03.255 0.042105263157894736,0.0,0.0,0.0,0.0,0.7
2026-09-30T01:16:03.305 0.0,0.0,0.0,0.0,0.0,0.7
2026-09-30T01:16:03.355 0.0,0.0,0.0,0.0,0.0,0.7
2026-09-30T01:16:03.407 0.0,0.0,0.0,0.0,0.0,0.7
2026-09-30T01:16:03.455 0.0,0.0,0.0,0.0,0.0,0.7
2026-09-30T01:16:03.505 0.0,0.0,0.0,0.0,0.0,0.7
2026-09-30T01:16:03.555 0.0,0.0,0.0,0.0,0.0,0.7
2026-09-30T01:16:03.605 0.0,0.0,0.0,0.0,0.0,0.7
2026-09-30T01:16:03.655 0.0,0.0,0.0,0.0,0.0,0.7
2026-09-30T01:16:03.705 0.0,0.0,0.0,0.0,0.0,0.7
2026-09-30T01:16:03.755 0.0,0.0,0.0,0.0,0.0,0.7
2026-09-30T01:16:03.805 0.0,0.0,0.0,0.0,0.0,0.7
2026-09-30T01:16:03.856 0.0,0.0,0.0,0.0,0.0,0.7
2026-09-30T01:16:03.905 0.0,0.0,0.0,0.0,0.0,0.7
2026-09-30T01:16:03.955 0.0,0.0,0.0,0.0,0.0,0.7
2026-09-30T01:16:04.005 0.0,0.0,0.0,0.0,0.0,0.7
2026-09-30T01:16:04.055 0.0,0.0,0.0,0.0,0.0,0.7
2026-09-30T01:16:04.115 0.0,0.0,0.0,0.0,0.0,0.7
2026-09-30T01:16:04.155 0.0,0.0,0.0,0.0,0.0,0.7
2026-09-30T01:16:04.205 0.0,0.0,0.0,0.0,0.0,0.7
2026-09-30T01:16:04.255 0.0,0.0,0.0,0.0,0.0,0.7
2026-09-30T01:16:04.305 0.0,0.0,0.0,0.0,0.0,0.7
2026-09-30T01:16:04.355 0.0,0.0,0.0,0.0,0.0,0.7
2026-09-30T01:16:04.405 0.0,0.0,0.0,0.0,0.0,0.7
2026-09-30T01:16:04.455 0.0,0.0,0.0,0.0,0.0,0.7
2026-09-30T01:16:04.506 0.0,0.0,0.0,0.0,0.0,0.7
2026-09-30T01:16:04.555 0.0,0.0,0.0,0.0,0.0,0.7
2026-09-30T01:16:04.605 0.0,0.0,0.0,0.0,0.0,0.7
2026-09-30T01:16:04.655 0.0,0.0,0.0,0.0,0.0,0.7
2026-09-30T01:16:04.706 0.0,0.0,0.0,0.0,0.0,0.7
2026-09-30T01:16:04.755 0.0,0.0,0.0,0.0,0.0,0.7
2026-09-30T01:16:04.805 0.0,0.0,0.0,0.0,0.0,0.7
2026-09-30T01:16:04.855 0.0,0.0,0.0,0.0,0.0,0.7
2026-09-30T01:16:04.905 0.0,0.0,0.0,0.0,0.0,0.7
2026-09-30T01:16:04.955 0.0,0.0,0.0,0.0,0.0,0.7
2026-09-30T01:16:05.005 0.0,0.0,0.0,0.0,0.0,0.7
2026-09-30T01:16:05.055 0.0,0.0,0.0,0.0,0.0,0.7
2026-09-30T01:16:05.115 0.0,0.0,0.0,0.0,0.0,0.7
2026-09-30T01:16:05.155 0.0,0.0,0.0,0.0,0.0,0.7
2026-09-30T01:16:05.205 0.0,0.0,0.0,0.0,0.0,0.7
2026-09-30T01:16:05.255 0.0,0.0,0.0,0.0,0.0,0.7
2026-09-30T01:16:05.305 0.0,0.0,0.0,0.0,0.0,0.7
2026-09-30T01:16:05.355 0.0,0.0,0.0,0.0,0.0,0.7
2026-09-30T01:16:06.261 0.0,0.0,0.0,0.0,0.0,0.7
2026-09-30T01:16:07.468 0.0,0.0,0.0,0.0,0.0,0.7
2026-09-30T01:16:07.518 0.0,0.0,0.0,0.0,0.0,0.7
2026-09-30T01:16:07.568 0.0,0.0,0.0,0.0,0.0,0.7
2026-09-30T01:16:07.618 0.0,0.0,0.0,0.0,0.0,0.7
2026-09-30T01:16:07.668 0.0,0.0,0.0,0.0,0.0,0.7
2026-09-30T01:16:07.718 0.0,0.0,0.0,0.0,0.0,0.7
2026-09-30T01:16:07.768 0.0,0.0,0.0,0.0,0.0,0.7
2026-09-30T01:16:07.818 0.0,0.0,0.0,0.0,0.0,0.7
2026-09-30T01:16:07.868 0.0,0.0,0.0,0.0,0.0,0.7
2026-09-30T01:16:07.918 0.0,0.0,0.0,0.0,0.0,0.7
2026-09-30T01:16:07.968 0.0,0.0,0.0,0.0,0.0,0.7
2026-09-30T01:16:08.018 0.0,0.0,0.0,0.0,0.0,0.7
2026-09-30T01:16:08.068 0.0,0.0,0.0,0.0,0.0,0.7
2026-09-30T01:16:08.118 0.0,0.0,0.0,0.0,0.0,0.7
2026-09-30T01:16:08.178 0.0,0.0,0.0,0.0,0.0,0.7
2026-09-30T01:16:08.218 0.0,0.0,0.0,0.0,0.0,0.7
2026-09-30T01:16:08.268 0.0,0.0,0.0,0.0,0.0,0.7
2026-09-30T01:16:08.318 0.0,0.0,0.0,0.0,0.0,0.7
2026-09-30T01:16:08.368 0.0,0.0,0.0,0.0,0.0,0.7
2026-09-30T01:16:08.418 0.0,0.0,0.0,0.0,0.0,0.7
2026-09-30T01:16:08.468 0.0,0.0,0.0,0.0,0.0,0.7
2026-09-30T01:16:08.518 0.0,0.0,0.0,0.0,0.0,0.7
2026-09-30T01:16:08.578 0.0,0.0,0.0,0.0,0.0,0.7
2026-09-30T01:16:08.618 0.0,0.0,0.0,0.0,0.0,0.7
2026-09-30T01:16:08.668 0.0,0.0,0.0,0.0,0.0,0.7
2026-09-30T01:16:08.718 0.0,0.0,0.0,0.0,0.0,0.7
2026-09-30T01:16:08.768 0.0,0.0,0.0,0.0,0.0,0.7
2026-09-30T01:16:08.818 0.0,0.0,0.0,0.0,0.0,0.7
2026-09-30T01:16:08.868 0.0,0.0,0.0,0.0,0.0,0.7
2026-09-30T01:16:08.918 0.0,0.0,0.0,0.0,0.0,0.7
2026-09-30T01:16:08.968 0.0,0.0,0.0,0.0,0.0,0.7
2026-09-30T01:16:09.018 0.0,0.0,0.0,0.0,0.0,0.7
2026-09-30T01:16:09.068 0.0,0.0,0.0,0.0,0.0,0.7
2026-09-30T01:16:09.118 0.0,0.0,0.0,0.0,0.0,0.7
2026-09-30T01:16:09.168 0.0,0.0,0.0,0.0,0.0,0.7
2026-09-30T01:16:09.218 0.0,0.0,0.0,0.0,0.0,0.7
2026-09-30T01:16:09.268 0.0,0.0,0.0,0.0,0.0,0.7
2026-09-30T01:16:09.318 0.0,0.0,0.0,0.0,0.0,0.7
2026-09-30T01:16:09.378 0.0,0.0,0.0,0.0,0.0,0.7
2026-09-30T01:16:09.428 0.0,0.0,0.0,0.0,0.0,0.7
2026-09-30T01:16:09.468 0.0,0.0,0.0,0.0,0.0,0.7
2026-09-30T01:16:09.518 0.0,0.0,0.0,0.0,0.0,0.7
2026-09-30T01:16:09.568 0.0,0.0,0.0,0.0,0.0,0.7
2026-09-30T01:16:09.618 0.0,0.0,0.0,0.0,0.0,0.7
2026-09-30T01:16:09.668 0.0,0.0,0.0,0.0,0.0,0.7
2026-09-30T01:16:09.718 0.0,0.0,0.0,0.0,0.0,0.7
2026-09-30T01:16:09.768 0.0,0.0,0.0,0.0,0.0,0.7
2026-09-30T01:16:09.818 0.0,0.0,0.0,0.0,0.0,0.7
2026-09-30T01:16:09.868 0.0,0.0,0.0,0.0,0.0,0.7
2026-09-30T01:16:09.918 0.0,0.0,0.0,0.0,0.0,0.7
2026-09-30T01:16:09.968 0.0,0.0,0.0,0.0,0.0,0.7
2026-09-30T01:16:10.028 0.0,0.0,0.0,0.0,0.0,0.7
2026-09-30T01:16:10.078 0.0,0.0,0.0,0.0,0.0,0.7
2026-09-30T01:16:10.118 0.0,0.0,0.0,0.0,0.0,0.7
2026-09-30T01:16:10.168 0.0,0.0,0.0,0.0,0.0,0.7
2026-09-30T01:16:10.218 0.0,0.0,0.0,0.0,0.0,0.7
2026-09-30T01:16:10.268 0.0,0.0,0.0,0.0,0.0,0.7
2026-09-30T01:16:10.318 0.0,0.0,0.0,0.0,0.0,0.7
2026-09-30T01:16:10.368 0.0,0.0,0.0,0.0,0.0,0.7
2026-09-30T01:16:10.418 0.0,0.0,0.0,0.0,0.0,0.7
2026-09-30T01:16:10.468 0.0,0.0,0.0,0.0,0.0,0.7
2026-09-30T01:16:10.518 0.0,0.0,0.0,0.0,0.0,0.7
2026-09-30T01:16:10.568 0.0,0.0,0.0,0.0,0.0,0.7
2026-09-30T01:16:10.618 0.0,0.0,0.0,0.0,0.0,0.7
2026-09-30T01:16:10.668 0.0,0.0,0.0,0.0,0.0,0.7
2026-09-30T01:16:10.718 0.0,0.0,0.0,0.0,0.0,0.7
2026-09-30T01:16:10.768 0.0,0.0,0.0,0.0,0.0,0.7
2026-09-30T01:16:10.818 0.0,0.0,0.0,0.0,0.0,0.7
2026-09-30T01:16:10.868 0.0,0.0,0.0,0.0,0.0,0.7
2026-09-30T01:16:10.918 0.0,0.0,0.0,0.0,0.0,0.7
2026-09-30T01:16:10.968 0.0,0.0,0.0,0.0,0.0,0.7
2026-09-30T01:16:11.018 0.0,0.0,0.0,0.0,0.0,0.7
2026-09-30T01:16:11.068 0.0,0.0,0.0,0.0,0.0,0.7
2026-09-30T01:16:11.118 0.0,0.0,0.0,0.0,0.0,0.7
2026-09-30T01:16:11.168 0.0,0.0,0.0,0.0,0.0,0.7
2026-09-30T01:16:11.218 0.0,0.0,0.0,0.0,0.0,0.7
2026-09-30T01:16:11.268 0.0,0.0,0.0,0.0,0.0,0.7
2026-09-30T01:16:11.318 0.0,0.0,0.0,0.0,0.0,0.7
2026-09-30T01:16:11.368 0.0,0.0,0.0,0.0,0.0,0.7
2026-09-30T01:16:11.418 0.0,0.0,0.0,0.0,0.0,0.7
2026-09-30T01:16:11.468 0.0,0.0,0.0,0.0,0.0,0.7
2026-09-30T01:16:11.518 0.0,0.0,0.0,0.0,0.0,0.7
2026-09-30T01:16:11.568 0.0,0.0,0.0,0.0,0.0,0.7
2026-09-30T01:16:11.618 0.0,0.0,0.0,0.0,0.0,0.7
2026-09-30T01:16:11.668 0.0,0.0,0.0,0.0,0.0,0.7
2026-09-30T01:16:11.718 0.0,0.0,0.0,0.0,0.0,0.6468994741125891
2026-09-30T01:16:11.768 0.0,0.0,0.0,0.0,0.0,0.6468994741125891
2026-09-30T01:16:11.818 0.0,0.0,0.0,0.0,0.0,0.6468994741125891
2026-09-30T01:16:11.868 0.0,0.0,0.0,0.0,0.0,0.6468994741125891
2026-09-30T01:16:11.918 0.0,0.0,0.0,0.0,0.0,0.48689947411258905
2026-09-30T01:16:11.968 0.0,0.0,0.0,0.0,0.0,0.4
2026-09-30T01:16:12.018 0.0,0.0,0.0,0.0,0.0,0.4
2026-09-30T01:16:12.068 0.0,0.0,0.0,0.0,0.0,0.4
2026-09-30T01:16:12.118 0.0,0.0,0.0,0.0,0.0,0.24000000000000002
2026-09-30T01:16:12.168 0.125,0.0,0.0,0.0,0.0,0.08000000000000002
2026-09-30T01:16:12.218 0.25,0.0,0.0,0.0,0.0,-0.07999999999999999
2026-09-30T01:16:12.270 0.375,0.0,0.0,0.0,0.0,-0.24
2026-09-30T01:16:12.318 0.5,0.0,0.0,0.0,0.0,-0.4
2026-09-30T01:16:12.368 0.625,0.0,0.0,0.0,0.0,-0.47894736842105257
2026-09-30T01:16:12.428 0.75,0.0,0.0,0.0,0.0,-0.47894736842105257
2026-09-30T01:16:12.468 0.8,0.0,0.0,0.0,0.0,-0.47894736842105257
2026-09-30T01:16:12.518 0.8,0.0,0.0,0.0,0.0,-0.47894736842105257
2026-09-30T01:16:12.568 0.8,0.0,0.0,0.0,0.0,-0.47894736842105257
2026-09-30T01:16:12.618 0.8,0.0,0.0,0.0,0.0,-0.47894736842105257
2026-09-30T01:16:12.668 0.8,0.0,0.0,0.0,0.0,-0.47894736842105257
2026-09-30T01:16:12.718 0.8,0.0,0.0,0.0,0.0,-0.47894736842105257
2026-09-30T01:16:12.768 0.8,0.0,0.0,0.0,0.0,-0.47894736842105257
2026-09-30T01:16:12.819 0.8,0.0,0.0,0.0,0.0,-0.5526315789473684
2026-09-30T01:16:12.868 0.8,0.0,0.0,0.0,0.0,-0.5526315789473684
2026-09-30T01:16:12.928 0.8,0.0,0.0,0.0,0.0,-0.5526315789473684
2026-09-30T01:16:12.968 0.8,0.0,0.0,0.0,0.0,-0.5526315789473684
2026-09-30T01:16:13.018 0.8,0.0,0.0,0.0,0.0,-0.5526315789473684
2026-09-30T01:16:13.068 0.8,0.0,0.0,0.0,0.0,-0.5526315789473684
2026-09-30T01:16:13.118 0.8,0.0,0.0,0.0,0.0,-0.5526315789473684
2026-09-30T01:16:13.168 0.8,0.0,0.0,0.0,0.0,-0.5526315789473684
2026-09-30T01:16:13.218 0.8,0.0,0.0,0.0,0.0,-0.5526315789473684
2026-09-30T01:16:13.268 0.8,0.0,0.0,0.0,0.0,-0.5526315789473684
2026-09-30T01:16:13.328 0.8,0.0,0.0,0.0,0.0,-0.5526315789473684
2026-09-30T01:16:13.368 0.8,0.0,0.0,0.0,0.0,-0.5526315789473684
2026-09-30T01:16:13.418 0.8,0.0,0.0,0.0,0.0,-0.5526315789473684
2026-09-30T01:16:13.468 0.8,0.0,0.0,0.0,0.0,-0.5526315789473684
2026-09-30T01:16:13.518 0.8,0.0,0.0,0.0,0.0,-0.5526315789473684
2026-09-30T01:16:13.568 0.8,0.0,0.0,0.0,0.0,-0.5526315789473684
2026-09-30T01:16:13.618 0.8,0.0,0.0,0.0,0.0,-0.5526315789473684
2026-09-30T01:16:13.668 0.8,0.0,0.0,0.0,0.0,-0.5526315789473684
2026-09-30T01:16:13.718 0.8,0.0,0.0,0.0,0.0,-0.5526315789473684
2026-09-30T01:16:13.768 0.8,0.0,0.0,0.0,0.0,-0.5526315789473684
2026-09-30T01:16:13.818 0.8,0.0,0.0,0.0,0.0,-0.5526315789473684
2026-09-30T01:16:13.878 0.8,0.0,0.0,0.0,0.0,-0.5526315789473684
2026-09-30T01:16:13.918 0.8,0.0,0.0,0.0,0.0,-0.47894736842105257
2026-09-30T01:16:13.968 0.8,0.0,0.0,0.0,0.0,-0.47894736842105257
2026-09-30T01:16:14.018 0.8,0.0,0.0,0.0,0.0,-0.47894736842105257
2026-09-30T01:16:14.068 0.8,0.0,0.0,0.0,0.0,-0.47894736842105257
2026-09-30T01:16:14.118 0.8,0.0,0.0,0.0,0.0,-0.47894736842105257
2026-09-30T01:16:14.168 0.8,0.0,0.0,0.0,0.0,-0.47894736842105257
2026-09-30T01:16:14.218 0.8,0.0,0.0,0.0,0.0,-0.47894736842105257
2026-09-30T01:16:14.268 0.8,0.0,0.0,0.0,0.0,-0.40526315789473677
2026-09-30T01:16:14.318 0.8,0.0,0.0,0.0,0.0,-0.40526315789473677
2026-09-30T01:16:14.368 0.7578947368421055,0.0,0.0,0.0,0.0,-0.40526315789473677
2026-09-30T01:16:14.420 0.8,0.0,0.0,0.0,0.0,-0.331578947368421
2026-09-30T01:16:14.468 0.8,0.0,0.0,0.0,0.0,-0.331578947368421
2026-09-30T01:16:14.518 0.8,0.0,0.0,0.0,0.0,-0.331578947368421
2026-09-30T01:16:14.568 0.8,0.0,0.0,0.0,0.0,-0.331578947368421
2026-09-30T01:16:14.618 0.8,0.0,0.0,0.0,0.0,-0.331578947368421
2026-09-30T01:16:14.668 0.8,0.0,0.0,0.0,0.0,-0.331578947368421
2026-09-30T01:16:14.718 0.8,0.0,0.0,0.0,0.0,-0.331578947368421
2026-09-30T01:16:14.768 0.8,0.0,0.0,0.0,0.0,-0.331578947368421
2026-09-30T01:16:14.818 0.8,0.0,0.0,0.0,0.0,-0.331578947368421
2026-09-30T01:16:14.868 0.8,0.0,0.0,0.0,0.0,-0.331578947368421
2026-09-30T01:16:14.918 0.8,0.0,0.0,0.0,0.0,-0.2578947368421052
2026-09-30T01:16:14.968 0.8,0.0,0.0,0.0,0.0,-0.2578947368421052
2026-09-30T01:16:15.018 0.8,0.0,0.0,0.0,0.0,-0.2578947368421052
2026-09-30T01:16:15.069 0.8,0.0,0.0,0.0,0.0,-0.2578947368421052
2026-09-30T01:16:15.118 0.8,0.0,0.0,0.0,0.0,-0.2578947368421052
2026-09-30T01:16:15.168 0.8,0.0,0.0,0.0,0.0,-0.2578947368421052
2026-09-30T01:16:15.218 0.8,0.0,0.0,0.0,0.0,-0.18421052631578938
2026-09-30T01:16:15.268 0.8,0.0,0.0,0.0,0.0,-0.1105263157894736
2026-09-30T01:16:15.318 0.8,0.0,0.0,0.0,0.0,-0.2578947368421052
2026-09-30T01:16:15.368 0.8,0.0,0.0,0.0,0.0,-0.2578947368421052
2026-09-30T01:16:15.418 0.8,0.0,0.0,0.0,0.0,-0.2578947368421052
2026-09-30T01:16:15.468 0.8,0.0,0.0,0.0,0.0,-0.2578947368421052
2026-09-30T01:16:15.518 0.8,0.0,0.0,0.0,0.0,-0.18421052631578938
2026-09-30T01:16:15.571 0.8,0.0,0.0,0.0,0.0,-0.18421052631578938
2026-09-30T01:16:15.618 0.8,0.0,0.0,0.0,0.0,-0.18421052631578938
2026-09-30T01:16:15.668 0.8,0.0,0.0,0.0,0.0,-0.18421052631578938
2026-09-30T01:16:15.718 0.8,0.0,0.0,0.0,0.0,-0.18421052631578938
2026-09-30T01:16:15.768 0.8,0.0,0.0,0.0,0.0,-0.18421052631578938
2026-09-30T01:16:15.818 0.8,0.0,0.0,0.0,0.0,-0.18421052631578938
2026-09-30T01:16:15.868 0.8,0.0,0.0,0.0,0.0,-0.18421052631578938
2026-09-30T01:16:15.918 0.8,0.0,0.0,0.0,0.0,-0.18421052631578938
2026-09-30T01:16:15.968 0.8,0.0,0.0,0.0,0.0,-0.18421052631578938
2026-09-30T01:16:16.019 0.8,0.0,0.0,0.0,0.0,-0.18421052631578938
2026-09-30T01:16:16.068 0.8,0.0,0.0,0.0,0.0,-0.18421052631578938
2026-09-30T01:16:16.118 0.8,0.0,0.0,0.0,0.0,-0.18421052631578938
2026-09-30T01:16:16.168 0.8,0.0,0.0,0.0,0.0,-0.18421052631578938
2026-09-30T01:16:16.218 0.8,0.0,0.0,0.0,0.0,-0.18421052631578938
2026-09-30T01:16:16.268 0.7578947368421055,0.0,0.0,0.0,0.0,-0.18421052631578938
2026-09-30T01:16:16.318 0.8,0.0,0.0,0.0,0.0,-0.1105263157894736
2026-09-30T01:16:16.368 0.8,0.0,0.0,0.0,0.0,-0.1105263157894736
2026-09-30T01:16:16.418 0.8,0.0,0.0,0.0,0.0,-0.1105263157894736
2026-09-30T01:16:16.468 0.8,0.0,0.0,0.0,0.0,-0.1105263157894736
2026-09-30T01:16:16.518 0.8,0.0,0.0,0.0,0.0,-0.1105263157894736
2026-09-30T01:16:16.568 0.8,0.0,0.0,0.0,0.0,-0.1105263157894736
2026-09-30T01:16:16.628 0.8,0.0,0.0,0.0,0.0,-0.1105263157894736
2026-09-30T01:16:16.669 0.8,0.0,0.0,0.0,0.0,-0.1105263157894736
2026-09-30T01:16:16.728 0.8,0.0,0.0,0.0,0.0,-0.1105263157894736
2026-09-30T01:16:16.768 0.7578947368421055,0.0,0.0,0.0,0.0,-0.1105263157894736
2026-09-30T01:16:16.818 0.8,0.0,0.0,0.0,0.0,-0.1105263157894736
2026-09-30T01:16:16.868 0.8,0.0,0.0,0.0,0.0,-0.1105263157894736
2026-09-30T01:16:16.918 0.7578947368421055,0.0,0.0,0.0,0.0,-0.1105263157894736
2026-09-30T01:16:16.968 0.7578947368421055,0.0,0.0,0.0,0.0,-0.1105263157894736
2026-09-30T01:16:17.018 0.8,0.0,0.0,0.0,0.0,-0.1105263157894736
2026-09-30T01:16:17.068 0.8,0.0,0.0,0.0,0.0,-0.036842105263157815
2026-09-30T01:16:17.118 0.8,0.0,0.0,0.0,0.0,-0.036842105263157815
2026-09-30T01:16:17.168 0.8,0.0,0.0,0.0,0.0,-0.036842105263157815
2026-09-30T01:16:17.220 0.8,0.0,0.0,0.0,0.0,-0.036842105263157815
2026-09-30T01:16:17.268 0.8,0.0,0.0,0.0,0.0,-0.036842105263157815
2026-09-30T01:16:17.318 0.8,0.0,0.0,0.0,0.0,-0.036842105263157815
2026-09-30T01:16:17.368 0.8,0.0,0.0,0.0,0.0,-0.036842105263157815
2026-09-30T01:16:17.418 0.8,0.0,0.0,0.0,0.0,-0.036842105263157815
2026-09-30T01:16:17.468 0.8,0.0,0.0,0.0,0.0,-0.036842105263157815
2026-09-30T01:16:17.518 0.7578947368421055,0.0,0.0,0.0,0.0,-0.036842105263157815
2026-09-30T01:16:17.568 0.8,0.0,0.0,0.0,0.0,0.0
2026-09-30T01:16:17.618 0.8,0.0,0.0,0.0,0.0,0.0
2026-09-30T01:16:17.668 0.8,0.0,0.0,0.0,0.0,0.0
2026-09-30T01:16:17.728 0.8,0.0,0.0,0.0,0.0,0.0
2026-09-30T01:16:17.768 0.8,0.0,0.0,0.0,0.0,0.0
2026-09-30T01:16:17.818 0.8,0.0,0.0,0.0,0.0,0.0
2026-09-30T01:16:17.868 0.8,0.0,0.0,0.0,0.0,0.0
2026-09-30T01:16:17.918 0.8,0.0,0.0,0.0,0.0,0.0
2026-09-30T01:16:17.968 0.8,0.0,0.0,0.0,0.0,0.0
2026-09-30T01:16:18.018 0.8,0.0,0.0,0.0,0.0,0.03684210526315797
2026-09-30T01:16:18.068 0.8,0.0,0.0,0.0,0.0,0.03684210526315797
2026-09-30T01:16:18.118 0.8,0.0,0.0,0.0,0.0,0.03684210526315797
2026-09-30T01:16:18.168 0.8,0.0,0.0,0.0,0.0,0.03684210526315797
2026-09-30T01:16:18.218 0.8,0.0,0.0,0.0,0.0,0.03684210526315797
2026-09-30T01:16:18.268 0.8,0.0,0.0,0.0,0.0,0.03684210526315797
2026-09-30T01:16:18.328 0.8,0.0,0.0,0.0,0.0,0.03684210526315797
2026-09-30T01:16:18.368 0.8,0.0,0.0,0.0,0.0,0.03684210526315797
2026-09-30T01:16:18.418 0.8,0.0,0.0,0.0,0.0,0.03684210526315797
2026-09-30T01:16:18.478 0.8,0.0,0.0,0.0,0.0,0.03684210526315797
2026-09-30T01:16:18.518 0.8,0.0,0.0,0.0,0.0,0.03684210526315797
2026-09-30T01:16:18.568 0.8,0.0,0.0,0.0,0.0,0.03684210526315797
2026-09-30T01:16:18.618 0.8,0.0,0.0,0.0,0.0,0.03684210526315797
2026-09-30T01:16:18.668 0.8,0.0,0.0,0.0,0.0,0.11052631578947375
2026-09-30T01:16:18.718 0.8,0.0,0.0,0.0,0.0,0.11052631578947375
2026-09-30T01:16:18.768 0.8,0.0,0.0,0.0,0.0,0.11052631578947375
2026-09-30T01:16:18.819 0.8,0.0,0.0,0.0,0.0,0.11052631578947375
2026-09-30T01:16:18.868 0.8,0.0,0.0,0.0,0.0,0.11052631578947375
2026-09-30T01:16:18.918 0.8,0.0,0.0,0.0,0.0,0.11052631578947375
2026-09-30T01:16:18.978 0.8,0.0,0.0,0.0,0.0,0.11052631578947375
2026-09-30T01:16:19.028 0.8,0.0,0.0,0.0,0.0,0.11052631578947375
2026-09-30T01:16:19.068 0.8,0.0,0.0,0.0,0.0,0.11052631578947375
2026-09-30T01:16:19.118 0.8,0.0,0.0,0.0,0.0,0.11052631578947375
2026-09-30T01:16:19.168 0.8,0.0,0.0,0.0,0.0,0.11052631578947375
2026-09-30T01:16:19.218 0.8,0.0,0.0,0.0,0.0,0.11052631578947375
2026-09-30T01:16:19.268 0.8,0.0,0.0,0.0,0.0,0.11052631578947375
2026-09-30T01:16:19.318 0.8,0.0,0.0,0.0,0.0,0.11052631578947375
2026-09-30T01:16:19.368 0.8,0.0,0.0,0.0,0.0,0.03684210526315797
2026-09-30T01:16:19.418 0.8,0.0,0.0,0.0,0.0,0.03684210526315797
2026-09-30T01:16:19.468 0.8,0.0,0.0,0.0,0.0,0.03684210526315797
2026-09-30T01:16:19.518 0.8,0.0,0.0,0.0,0.0,0.03684210526315797
2026-09-30T01:16:19.568 0.8,0.0,0.0,0.0,0.0,0.03684210526315797
2026-09-30T01:16:19.618 0.8,0.0,0.0,0.0,0.0,0.03684210526315797
2026-09-30T01:16:19.668 0.8,0.0,0.0,0.0,0.0,0.03684210526315797
2026-09-30T01:16:19.730 0.8,0.0,0.0,0.0,0.0,0.03684210526315797
2026-09-30T01:16:19.778 0.8,0.0,0.0,0.0,0.0,0.03684210526315797
2026-09-30T01:16:19.818 0.8,0.0,0.0,0.0,0.0,0.03684210526315797
2026-09-30T01:16:19.868 0.8,0.0,0.0,0.0,0.0,0.03684210526315797
2026-09-30T01:16:19.918 0.8,0.0,0.0,0.0,0.0,0.03684210526315797
2026-09-30T01:16:19.968 0.8,0.0,0.0,0.0,0.0,0.03684210526315797
2026-09-30T01:16:20.018 0.8,0.0,0.0,0.0,0.0,0.03684210526315797
2026-09-30T01:16:20.068 0.8,0.0,0.0,0.0,0.0,0.03684210526315797
2026-09-30T01:16:20.118 0.8,0.0,0.0,0.0,0.0,0.03684210526315797
2026-09-30T01:16:20.169 0.8,0.0,0.0,0.0,0.0,0.03684210526315797
2026-09-30T01:16:20.218 0.8,0.0,0.0,0.0,0.0,0.03684210526315797
2026-09-30T01:16:20.268 0.8,0.0,0.0,0.0,0.0,0.03684210526315797
2026-09-30T01:16:20.318 0.8,0.0,0.0,0.0,0.0,0.03684210526315797
2026-09-30T01:16:20.368 0.8,0.0,0.0,0.0,0.0,0.03684210526315797
2026-09-30T01:16:20.418 0.8,0.0,0.0,0.0,0.0,0.03684210526315797
2026-09-30T01:16:20.468 0.8,0.0,0.0,0.0,0.0,0.03684210526315797
2026-09-30T01:16:20.528 0.8,0.0,0.0,0.0,0.0,0.03684210526315797
2026-09-30T01:16:20.568 0.8,0.0,0.0,0.0,0.0,0.03684210526315797
2026-09-30T01:16:20.618 0.8,0.0,0.0,0.0,0.0,0.03684210526315797
2026-09-30T01:16:20.668 0.8,0.0,0.0,0.0,0.0,0.03684210526315797
2026-09-30T01:16:20.728 0.8,0.0,0.0,0.0,0.0,0.03684210526315797
2026-09-30T01:16:20.768 0.8,0.0,0.0,0.0,0.0,0.03684210526315797
2026-09-30T01:16:20.818 0.8,0.0,0.0,0.0,0.0,0.03684210526315797
2026-09-30T01:16:20.868 0.8,0.0,0.0,0.0,0.0,0.03684210526315797
2026-09-30T01:16:20.928 0.8,0.0,0.0,0.0,0.0,0.03684210526315797
2026-09-30T01:16:20.968 0.8,0.0,0.0,0.0,0.0,0.03684210526315797
2026-09-30T01:16:21.028 0.8,0.0,0.0,0.0,0.0,0.03684210526315797
2026-09-30T01:16:21.068 0.8,0.0,0.0,0.0,0.0,0.03684210526315797
2026-09-30T01:16:21.118 0.7157894736842108,0.0,0.0,0.0,0.0,0.03684210526315797
2026-09-30T01:16:21.168 0.8,0.0,0.0,0.0,0.0,0.03684210526315797
2026-09-30T01:16:21.218 0.7157894736842108,0.0,0.0,0.0,0.0,0.03684210526315797
2026-09-30T01:16:21.268 0.7157894736842108,0.0,0.0,0.0,0.0,0.03684210526315797
2026-09-30T01:16:21.318 0.7157894736842108,0.0,0.0,0.0,0.0,0.03684210526315797
2026-09-30T01:16:21.368 0.7578947368421055,0.0,0.0,0.0,0.0,0.03684210526315797
2026-09-30T01:16:21.418 0.7578947368421055,0.0,0.0,0.0,0.0,0.03684210526315797
2026-09-30T01:16:21.468 0.7578947368421055,0.0,0.0,0.0,0.0,0.03684210526315797
2026-09-30T01:16:21.518 0.7578947368421055,0.0,0.0,0.0,0.0,0.03684210526315797
2026-09-30T01:16:21.570 0.8,0.0,0.0,0.0,0.0,0.03684210526315797
2026-09-30T01:16:21.618 0.8,0.0,0.0,0.0,0.0,0.03684210526315797
2026-09-30T01:16:21.668 0.8,0.0,0.0,0.0,0.0,0.03684210526315797
2026-09-30T01:16:21.718 0.8,0.0,0.0,0.0,0.0,0.03684210526315797
2026-09-30T01:16:21.768 0.8,0.0,0.0,0.0,0.0,0.03684210526315797
2026-09-30T01:16:21.818 0.8,0.0,0.0,0.0,0.0,0.03684210526315797
2026-09-30T01:16:21.868 0.8,0.0,0.0,0.0,0.0,0.03684210526315797
2026-09-30T01:16:21.918 0.8,0.0,0.0,0.0,0.0,0.03684210526315797
2026-09-30T01:16:21.968 0.8,0.0,0.0,0.0,0.0,0.03684210526315797
2026-09-30T01:16:22.018 0.8,0.0,0.0,0.0,0.0,0.03684210526315797
2026-09-30T01:16:22.068 0.8,0.0,0.0,0.0,0.0,0.03684210526315797
2026-09-30T01:16:22.118 0.8,0.0,0.0,0.0,0.0,0.03684210526315797
2026-09-30T01:16:22.168 0.8,0.0,0.0,0.0,0.0,0.0
2026-09-30T01:16:22.228 0.8,0.0,0.0,0.0,0.0,0.0
2026-09-30T01:16:22.268 0.8,0.0,0.0,0.0,0.0,0.0
2026-09-30T01:16:22.318 0.8,0.0,0.0,0.0,0.0,0.0
2026-09-30T01:16:22.368 0.8,0.0,0.0,0.0,0.0,0.0
2026-09-30T01:16:22.418 0.8,0.0,0.0,0.0,0.0,0.0
2026-09-30T01:16:22.468 0.8,0.0,0.0,0.0,0.0,0.0
2026-09-30T01:16:22.518 0.8,0.0,0.0,0.0,0.0,0.0
2026-09-30T01:16:22.568 0.8,0.0,0.0,0.0,0.0,0.0
2026-09-30T01:16:22.618 0.8,0.0,0.0,0.0,0.0,0.0
2026-09-30T01:16:22.668 0.8,0.0,0.0,0.0,0.0,0.0
2026-09-30T01:16:22.718 0.8,0.0,0.0,0.0,0.0,0.0
2026-09-30T01:16:22.778 0.8,0.0,0.0,0.0,0.0,0.0
2026-09-30T01:16:22.818 0.8,0.0,0.0,0.0,0.0,0.0
2026-09-30T01:16:22.868 0.8,0.0,0.0,0.0,0.0,0.0
2026-09-30T01:16:22.918 0.8,0.0,0.0,0.0,0.0,0.0
2026-09-30T01:16:22.968 0.8,0.0,0.0,0.0,0.0,0.0
2026-09-30T01:16:23.019 0.8,0.0,0.0,0.0,0.0,0.0
2026-09-30T01:16:23.068 0.8,0.0,0.0,0.0,0.0,0.0
2026-09-30T01:16:23.118 0.8,0.0,0.0,0.0,0.0,0.0
2026-09-30T01:16:23.168 0.8,0.0,0.0,0.0,0.0,0.0
2026-09-30T01:16:23.218 0.8,0.0,0.0,0.0,0.0,0.0
2026-09-30T01:16:23.281 0.8,0.0,0.0,0.0,0.0,0.0
2026-09-30T01:16:23.318 0.8,0.0,0.0,0.0,0.0,0.0
2026-09-30T01:16:23.368 0.8,0.0,0.0,0.0,0.0,0.0
2026-09-30T01:16:23.428 0.8,0.0,0.0,0.0,0.0,0.0
2026-09-30T01:16:23.468 0.8,0.0,0.0,0.0,0.0,-0.036842105263157815
2026-09-30T01:16:23.518 0.8,0.0,0.0,0.0,0.0,-0.036842105263157815
2026-09-30T01:16:23.568 0.8,0.0,0.0,0.0,0.0,-0.036842105263157815
2026-09-30T01:16:23.618 0.8,0.0,0.0,0.0,0.0,-0.036842105263157815
2026-09-30T01:16:23.668 0.8,0.0,0.0,0.0,0.0,-0.036842105263157815
2026-09-30T01:16:23.718 0.8,0.0,0.0,0.0,0.0,-0.036842105263157815
2026-09-30T01:16:23.769 0.8,0.0,0.0,0.0,0.0,-0.036842105263157815
2026-09-30T01:16:23.818 0.8,0.0,0.0,0.0,0.0,-0.036842105263157815
2026-09-30T01:16:23.868 0.8,0.0,0.0,0.0,0.0,-0.036842105263157815
2026-09-30T01:16:23.918 0.8,0.0,0.0,0.0,0.0,-0.036842105263157815
2026-09-30T01:16:23.968 0.8,0.0,0.0,0.0,0.0,-0.036842105263157815
2026-09-30T01:16:24.018 0.8,0.0,0.0,0.0,0.0,-0.036842105263157815
2026-09-30T01:16:24.068 0.8,0.0,0.0,0.0,0.0,-0.036842105263157815
2026-09-30T01:16:24.118 0.8,0.0,0.0,0.0,0.0,-0.036842105263157815
2026-09-30T01:16:24.168 0.8,0.0,0.0,0.0,0.0,-0.036842105263157815
2026-09-30T01:16:24.218 0.8,0.0,0.0,0.0,0.0,-0.036842105263157815
2026-09-30T01:16:24.268 0.8,0.0,0.0,0.0,0.0,-0.036842105263157815
2026-09-30T01:16:24.318 0.8,0.0,0.0,0.0,0.0,-0.036842105263157815
2026-09-30T01:16:24.368 0.8,0.0,0.0,0.0,0.0,-0.036842105263157815
2026-09-30T01:16:24.418 0.8,0.0,0.0,0.0,0.0,-0.036842105263157815
2026-09-30T01:16:24.471 0.8,0.0,0.0,0.0,0.0,-0.036842105263157815
2026-09-30T01:16:24.528 0.8,0.0,0.0,0.0,0.0,-0.036842105263157815
2026-09-30T01:16:24.568 0.8,0.0,0.0,0.0,0.0,-0.036842105263157815
2026-09-30T01:16:24.618 0.8,0.0,0.0,0.0,0.0,-0.036842105263157815
2026-09-30T01:16:24.668 0.8,0.0,0.0,0.0,0.0,-0.036842105263157815
2026-09-30T01:16:24.720 0.8,0.0,0.0,0.0,0.0,0.0
2026-09-30T01:16:24.768 0.8,0.0,0.0,0.0,0.0,0.0
2026-09-30T01:16:24.818 0.8,0.0,0.0,0.0,0.0,0.0
2026-09-30T01:16:24.868 0.8,0.0,0.0,0.0,0.0,0.0
2026-09-30T01:16:24.918 0.8,0.0,0.0,0.0,0.0,0.0
2026-09-30T01:16:24.968 0.8,0.0,0.0,0.0,0.0,0.0
2026-09-30T01:16:25.018 0.8,0.0,0.0,0.0,0.0,0.0
2026-09-30T01:16:25.068 0.8,0.0,0.0,0.0,0.0,0.0
2026-09-30T01:16:25.118 0.8,0.0,0.0,0.0,0.0,0.0
2026-09-30T01:16:25.168 0.8,0.0,0.0,0.0,0.0,0.0
2026-09-30T01:16:25.218 0.8,0.0,0.0,0.0,0.0,0.0
2026-09-30T01:16:25.268 0.8,0.0,0.0,0.0,0.0,0.0
2026-09-30T01:16:25.330 0.8,0.0,0.0,0.0,0.0,0.0
2026-09-30T01:16:25.368 0.8,0.0,0.0,0.0,0.0,0.0
2026-09-30T01:16:25.418 0.8,0.0,0.0,0.0,0.0,0.0
2026-09-30T01:16:25.468 0.8,0.0,0.0,0.0,0.0,0.0
2026-09-30T01:16:25.518 0.8,0.0,0.0,0.0,0.0,0.0
2026-09-30T01:16:25.578 0.8,0.0,0.0,0.0,0.0,0.0
2026-09-30T01:16:25.618 0.8,0.0,0.0,0.0,0.0,0.0
2026-09-30T01:16:25.668 0.8,0.0,0.0,0.0,0.0,0.0
2026-09-30T01:16:25.718 0.8,0.0,0.0,0.0,0.0,0.0
2026-09-30T01:16:25.768 0.8,0.0,0.0,0.0,0.0,0.0
2026-09-30T01:16:25.818 0.8,0.0,0.0,0.0,0.0,0.0
2026-09-30T01:16:25.868 0.8,0.0,0.0,0.0,0.0,0.0
2026-09-30T01:16:25.918 0.8,0.0,0.0,0.0,0.0,0.0
2026-09-30T01:16:25.968 0.8,0.0,0.0,0.0,0.0,0.0
2026-09-30T01:16:26.018 0.8,0.0,0.0,0.0,0.0,0.0
2026-09-30T01:16:26.068 0.8,0.0,0.0,0.0,0.0,0.0
2026-09-30T01:16:26.118 0.8,0.0,0.0,0.0,0.0,0.0
2026-09-30T01:16:26.170 0.8,0.0,0.0,0.0,0.0,0.0
2026-09-30T01:16:26.219 0.8,0.0,0.0,0.0,0.0,0.0
2026-09-30T01:16:26.278 0.8,0.0,0.0,0.0,0.0,0.0
2026-09-30T01:16:26.318 0.8,0.0,0.0,0.0,0.0,0.0
2026-09-30T01:16:26.368 0.8,0.0,0.0,0.0,0.0,0.0
2026-09-30T01:16:26.428 0.8,0.0,0.0,0.0,0.0,0.0
2026-09-30T01:16:26.468 0.8,0.0,0.0,0.0,0.0,0.0
2026-09-30T01:16:26.518 0.8,0.0,0.0,0.0,0.0,0.0
2026-09-30T01:16:26.568 0.8,0.0,0.0,0.0,0.0,0.0
2026-09-30T01:16:26.618 0.8,0.0,0.0,0.0,0.0,0.0
2026-09-30T01:16:26.668 0.8,0.0,0.0,0.0,0.0,0.0
2026-09-30T01:16:26.718 0.8,0.0,0.0,0.0,0.0,0.0
2026-09-30T01:16:26.768 0.8,0.0,0.0,0.0,0.0,0.0
2026-09-30T01:16:26.818 0.8,0.0,0.0,0.0,0.0,0.0
2026-09-30T01:16:26.868 0.8,0.0,0.0,0.0,0.0,0.0
2026-09-30T01:16:26.918 0.8,0.0,0.0,0.0,0.0,0.0
2026-09-30T01:16:26.968 0.8,0.0,0.0,0.0,0.0,0.0
2026-09-30T01:16:27.018 0.8,0.0,0.0,0.0,0.0,0.0
2026-09-30T01:16:27.068 0.8,0.0,0.0,0.0,0.0,0.0
2026-09-30T01:16:27.118 0.8,0.0,0.0,0.0,0.0,0.0
2026-09-30T01:16:27.168 0.8,0.0,0.0,0.0,0.0,0.0
2026-09-30T01:16:27.218 0.8,0.0,0.0,0.0,0.0,0.0
2026-09-30T01:16:27.268 0.8,0.0,0.0,0.0,0.0,0.0
2026-09-30T01:16:27.318 0.8,0.0,0.0,0.0,0.0,0.0
2026-09-30T01:16:27.368 0.8,0.0,0.0,0.0,0.0,0.0
2026-09-30T01:16:27.418 0.8,0.0,0.0,0.0,0.0,0.0
2026-09-30T01:16:27.468 0.8,0.0,0.0,0.0,0.0,0.0
2026-09-30T01:16:27.518 0.8,0.0,0.0,0.0,0.0,0.0
2026-09-30T01:16:27.570 0.8,0.0,0.0,0.0,0.0,0.0
2026-09-30T01:16:27.628 0.8,0.0,0.0,0.0,0.0,0.0
2026-09-30T01:16:27.668 0.8,0.0,0.0,0.0,0.0,0.0
2026-09-30T01:16:27.718 0.8,0.0,0.0,0.0,0.0,0.0
2026-09-30T01:16:27.768 0.8,0.0,0.0,0.0,0.0,0.0
2026-09-30T01:16:27.820 0.8,0.0,0.0,0.0,0.0,0.0
2026-09-30T01:16:27.869 0.8,0.0,0.0,0.0,0.0,0.0
2026-09-30T01:16:27.918 0.8,0.0,0.0,0.0,0.0,0.0
2026-09-30T01:16:27.968 0.8,0.0,0.0,0.0,0.0,0.0
2026-09-30T01:16:28.018 0.8,0.0,0.0,0.0,0.0,0.0
2026-09-30T01:16:28.068 0.8,0.0,0.0,0.0,0.0,0.0
2026-09-30T01:16:28.118 0.8,0.0,0.0,0.0,0.0,0.0
2026-09-30T01:16:28.168 0.8,0.0,0.0,0.0,0.0,0.0
2026-09-30T01:16:28.218 0.8,0.0,0.0,0.0,0.0,0.0
2026-09-30T01:16:28.268 0.8,0.0,0.0,0.0,0.0,0.0
2026-09-30T01:16:28.318 0.8,0.0,0.0,0.0,0.0,0.0
2026-09-30T01:16:28.368 0.8,0.0,0.0,0.0,0.0,0.0
2026-09-30T01:16:28.418 0.8,0.0,0.0,0.0,0.0,0.0
2026-09-30T01:16:28.468 0.8,0.0,0.0,0.0,0.0,0.0
2026-09-30T01:16:28.518 0.8,0.0,0.0,0.0,0.0,0.0
2026-09-30T01:16:28.568 0.8,0.0,0.0,0.0,0.0,0.0
2026-09-30T01:16:28.618 0.8,0.0,0.0,0.0,0.0,0.03684210526315797
2026-09-30T01:16:28.668 0.8,0.0,0.0,0.0,0.0,0.03684210526315797
2026-09-30T01:16:28.718 0.8,0.0,0.0,0.0,0.0,0.03684210526315797
2026-09-30T01:16:28.768 0.8,0.0,0.0,0.0,0.0,0.03684210526315797
2026-09-30T01:16:28.819 0.8,0.0,0.0,0.0,0.0,0.03684210526315797
2026-09-30T01:16:28.870 0.8,0.0,0.0,0.0,0.0,0.03684210526315797
2026-09-30T01:16:28.918 0.8,0.0,0.0,0.0,0.0,0.03684210526315797
2026-09-30T01:16:28.968 0.8,0.0,0.0,0.0,0.0,0.03684210526315797
2026-09-30T01:16:29.029 0.8,0.0,0.0,0.0,0.0,0.03684210526315797
2026-09-30T01:16:29.068 0.8,0.0,0.0,0.0,0.0,0.03684210526315797
2026-09-30T01:16:29.118 0.8,0.0,0.0,0.0,0.0,0.03684210526315797
2026-09-30T01:16:29.168 0.8,0.0,0.0,0.0,0.0,0.03684210526315797
2026-09-30T01:16:29.218 0.8,0.0,0.0,0.0,0.0,0.03684210526315797
2026-09-30T01:16:29.268 0.8,0.0,0.0,0.0,0.0,0.03684210526315797
2026-09-30T01:16:29.318 0.8,0.0,0.0,0.0,0.0,0.03684210526315797
2026-09-30T01:16:29.368 0.8,0.0,0.0,0.0,0.0,0.03684210526315797
2026-09-30T01:16:29.419 0.8,0.0,0.0,0.0,0.0,0.03684210526315797
2026-09-30T01:16:29.468 0.8,0.0,0.0,0.0,0.0,0.03684210526315797
2026-09-30T01:16:29.518 0.8,0.0,0.0,0.0,0.0,0.03684210526315797
2026-09-30T01:16:29.568 0.8,0.0,0.0,0.0,0.0,0.03684210526315797
2026-09-30T01:16:29.620 0.8,0.0,0.0,0.0,0.0,0.0
2026-09-30T01:16:29.679 0.8,0.0,0.0,0.0,0.0,0.0
2026-09-30T01:16:29.718 0.8,0.0,0.0,0.0,0.0,0.0
2026-09-30T01:16:29.768 0.8,0.0,0.0,0.0,0.0,0.0
2026-09-30T01:16:29.820 0.8,0.0,0.0,0.0,0.0,0.0
2026-09-30T01:16:29.868 0.8,0.0,0.0,0.0,0.0,0.0
2026-09-30T01:16:29.920 0.8,0.0,0.0,0.0,0.0,0.0
2026-09-30T01:16:29.968 0.8,0.0,0.0,0.0,0.0,0.0
2026-09-30T01:16:30.018 0.8,0.0,0.0,0.0,0.0,0.0
2026-09-30T01:16:30.068 0.8,0.0,0.0,0.0,0.0,0.0
2026-09-30T01:16:30.118 0.8,0.0,0.0,0.0,0.0,0.0
2026-09-30T01:16:30.168 0.8,0.0,0.0,0.0,0.0,0.0
2026-09-30T01:16:30.219 0.8,0.0,0.0,0.0,0.0,0.0
2026-09-30T01:16:30.278 0.8,0.0,0.0,0.0,0.0,0.0
2026-09-30T01:16:30.318 0.8,0.0,0.0,0.0,0.0,0.0
2026-09-30T01:16:30.368 0.8,0.0,0.0,0.0,0.0,0.0
2026-09-30T01:16:30.420 0.8,0.0,0.0,0.0,0.0,0.0
2026-09-30T01:16:30.468 0.8,0.0,0.0,0.0,0.0,0.0
2026-09-30T01:16:30.518 0.8,0.0,0.0,0.0,0.0,0.0
2026-09-30T01:16:30.568 0.8,0.0,0.0,0.0,0.0,0.0
2026-09-30T01:16:30.618 0.8,0.0,0.0,0.0,0.0,0.0
2026-09-30T01:16:30.668 0.8,0.0,0.0,0.0,0.0,0.0
2026-09-30T01:16:30.718 0.8,0.0,0.0,0.0,0.0,0.0
2026-09-30T01:16:30.768 0.8,0.0,0.0,0.0,0.0,0.0
2026-09-30T01:16:30.818 0.8,0.0,0.0,0.0,0.0,0.0
2026-09-30T01:16:30.868 0.8,0.0,0.0,0.0,0.0,0.0
2026-09-30T01:16:30.918 0.8,0.0,0.0,0.0,0.0,0.0
2026-09-30T01:16:30.978 0.8,0.0,0.0,0.0,0.0,0.0
2026-09-30T01:16:31.018 0.8,0.0,0.0,0.0,0.0,0.0
2026-09-30T01:16:31.068 0.8,0.0,0.0,0.0,0.0,0.0
2026-09-30T01:16:31.118 0.8,0.0,0.0,0.0,0.0,0.0
2026-09-30T01:16:31.168 0.8,0.0,0.0,0.0,0.0,0.0
2026-09-30T01:16:31.218 0.8,0.0,0.0,0.0,0.0,0.0
2026-09-30T01:16:31.268 0.8,0.0,0.0,0.0,0.0,0.0
2026-09-30T01:16:31.318 0.8,0.0,0.0,0.0,0.0,0.0
2026-09-30T01:16:31.368 0.8,0.0,0.0,0.0,0.0,0.0
2026-09-30T01:16:31.418 0.8,0.0,0.0,0.0,0.0,0.0
2026-09-30T01:16:31.468 0.8,0.0,0.0,0.0,0.0,0.0
2026-09-30T01:16:31.528 0.8,0.0,0.0,0.0,0.0,0.0
2026-09-30T01:16:31.568 0.8,0.0,0.0,0.0,0.0,0.0
2026-09-30T01:16:31.618 0.8,0.0,0.0,0.0,0.0,0.0
2026-09-30T01:16:31.668 0.8,0.0,0.0,0.0,0.0,0.0
2026-09-30T01:16:31.718 0.8,0.0,0.0,0.0,0.0,0.0
2026-09-30T01:16:31.768 0.8,0.0,0.0,0.0,0.0,0.0
2026-09-30T01:16:31.818 0.8,0.0,0.0,0.0,0.0,0.0
2026-09-30T01:16:31.868 0.8,0.0,0.0,0.0,0.0,0.0
2026-09-30T01:16:31.918 0.8,0.0,0.0,0.0,0.0,0.0
2026-09-30T01:16:31.970 0.8,0.0,0.0,0.0,0.0,0.0
2026-09-30T01:16:32.018 0.8,0.0,0.0,0.0,0.0,0.0
2026-09-30T01:16:32.068 0.8,0.0,0.0,0.0,0.0,0.0
2026-09-30T01:16:32.118 0.8,0.0,0.0,0.0,0.0,0.0
2026-09-30T01:16:32.168 0.8,0.0,0.0,0.0,0.0,0.0
2026-09-30T01:16:32.218 0.8,0.0,0.0,0.0,0.0,0.0
2026-09-30T01:16:32.268 0.8,0.0,0.0,0.0,0.0,0.0
2026-09-30T01:16:32.318 0.8,0.0,0.0,0.0,0.0,0.0
2026-09-30T01:16:32.368 0.8,0.0,0.0,0.0,0.0,0.0
2026-09-30T01:16:32.418 0.8,0.0,0.0,0.0,0.0,0.0
2026-09-30T01:16:32.468 0.8,0.0,0.0,0.0,0.0,0.0
2026-09-30T01:16:32.518 0.8,0.0,0.0,0.0,0.0,0.0
2026-09-30T01:16:32.570 0.8,0.0,0.0,0.0,0.0,0.0
2026-09-30T01:16:32.618 0.8,0.0,0.0,0.0,0.0,0.0
2026-09-30T01:16:32.669 0.8,0.0,0.0,0.0,0.0,0.0
2026-09-30T01:16:32.718 0.8,0.0,0.0,0.0,0.0,0.0
2026-09-30T01:16:32.770 0.8,0.0,0.0,0.0,0.0,0.0
2026-09-30T01:16:32.819 0.8,0.0,0.0,0.0,0.0,0.0
2026-09-30T01:16:32.869 0.8,0.0,0.0,0.0,0.0,0.0
2026-09-30T01:16:32.918 0.8,0.0,0.0,0.0,0.0,0.0
2026-09-30T01:16:32.969 0.8,0.0,0.0,0.0,0.0,0.0
2026-09-30T01:16:33.018 0.8,0.0,0.0,0.0,0.0,0.0
2026-09-30T01:16:33.068 0.8,0.0,0.0,0.0,0.0,0.0
2026-09-30T01:16:33.118 0.8,0.0,0.0,0.0,0.0,0.0
2026-09-30T01:16:33.168 0.8,0.0,0.0,0.0,0.0,0.0
2026-09-30T01:16:33.218 0.8,0.0,0.0,0.0,0.0,0.0
2026-09-30T01:16:33.271 0.8,0.0,0.0,0.0,0.0,0.0
2026-09-30T01:16:33.318 0.8,0.0,0.0,0.0,0.0,0.0
2026-09-30T01:16:33.370 0.8,0.0,0.0,0.0,0.0,0.0
2026-09-30T01:16:33.420 0.8,0.0,0.0,0.0,0.0,0.0
2026-09-30T01:16:33.468 0.8,0.0,0.0,0.0,0.0,0.0
2026-09-30T01:16:33.518 0.8,0.0,0.0,0.0,0.0,0.0
2026-09-30T01:16:33.578 0.8,0.0,0.0,0.0,0.0,0.0
2026-09-30T01:16:33.618 0.8,0.0,0.0,0.0,0.0,0.0
2026-09-30T01:16:33.668 0.8,0.0,0.0,0.0,0.0,0.0
2026-09-30T01:16:33.718 0.8,0.0,0.0,0.0,0.0,0.0
2026-09-30T01:16:33.768 0.8,0.0,0.0,0.0,0.0,0.0
2026-09-30T01:16:33.818 0.8,0.0,0.0,0.0,0.0,0.0
2026-09-30T01:16:33.868 0.8,0.0,0.0,0.0,0.0,0.0
2026-09-30T01:16:33.918 0.8,0.0,0.0,0.0,0.0,0.0
2026-09-30T01:16:33.968 0.8,0.0,0.0,0.0,0.0,0.0
2026-09-30T01:16:34.018 0.8,0.0,0.0,0.0,0.0,0.0
2026-09-30T01:16:34.068 0.8,0.0,0.0,0.0,0.0,0.0
2026-09-30T01:16:34.119 0.8,0.0,0.0,0.0,0.0,0.0
2026-09-30T01:16:34.168 0.8,0.0,0.0,0.0,0.0,0.0
2026-09-30T01:16:34.218 0.8,0.0,0.0,0.0,0.0,0.0
2026-09-30T01:16:34.268 0.8,0.0,0.0,0.0,0.0,0.0
2026-09-30T01:16:34.318 0.8,0.0,0.0,0.0,0.0,0.0
2026-09-30T01:16:34.368 0.8,0.0,0.0,0.0,0.0,0.0
2026-09-30T01:16:34.418 0.8,0.0,0.0,0.0,0.0,0.0
2026-09-30T01:16:34.468 0.8,0.0,0.0,0.0,0.0,0.0
2026-09-30T01:16:34.518 0.8,0.0,0.0,0.0,0.0,0.0
2026-09-30T01:16:34.568 0.8,0.0,0.0,0.0,0.0,0.0
2026-09-30T01:16:34.618 0.8,0.0,0.0,0.0,0.0,0.0
2026-09-30T01:16:34.668 0.8,0.0,0.0,0.0,0.0,0.0
2026-09-30T01:16:34.718 0.8,0.0,0.0,0.0,0.0,0.0
2026-09-30T01:16:34.768 0.8,0.0,0.0,0.0,0.0,0.0
2026-09-30T01:16:34.818 0.8,0.0,0.0,0.0,0.0,0.0
2026-09-30T01:16:34.878 0.8,0.0,0.0,0.0,0.0,0.0
2026-09-30T01:16:34.918 0.8,0.0,0.0,0.0,0.0,0.0
2026-09-30T01:16:34.968 0.8,0.0,0.0,0.0,0.0,0.0
2026-09-30T01:16:35.019 0.8,0.0,0.0,0.0,0.0,0.0
2026-09-30T01:16:35.068 0.8,0.0,0.0,0.0,0.0,0.0
2026-09-30T01:16:35.119 0.8,0.0,0.0,0.0,0.0,0.0
2026-09-30T01:16:35.168 0.8,0.0,0.0,0.0,0.0,0.0
2026-09-30T01:16:35.218 0.8,0.0,0.0,0.0,0.0,0.0
2026-09-30T01:16:35.268 0.8,0.0,0.0,0.0,0.0,0.03684210526315797
2026-09-30T01:16:35.318 0.8,0.0,0.0,0.0,0.0,0.03684210526315797
2026-09-30T01:16:35.368 0.8,0.0,0.0,0.0,0.0,0.03684210526315797
2026-09-30T01:16:35.418 0.8,0.0,0.0,0.0,0.0,0.03684210526315797
2026-09-30T01:16:35.468 0.8,0.0,0.0,0.0,0.0,0.03684210526315797
2026-09-30T01:16:35.528 0.8,0.0,0.0,0.0,0.0,0.03684210526315797
2026-09-30T01:16:35.568 0.8,0.0,0.0,0.0,0.0,0.03684210526315797
2026-09-30T01:16:35.618 0.8,0.0,0.0,0.0,0.0,0.03684210526315797
2026-09-30T01:16:35.668 0.8,0.0,0.0,0.0,0.0,0.03684210526315797
2026-09-30T01:16:35.718 0.8,0.0,0.0,0.0,0.0,0.03684210526315797
2026-09-30T01:16:35.768 0.8,0.0,0.0,0.0,0.0,0.03684210526315797
2026-09-30T01:16:35.818 0.8,0.0,0.0,0.0,0.0,0.03684210526315797
2026-09-30T01:16:35.868 0.8,0.0,0.0,0.0,0.0,0.0
2026-09-30T01:16:35.918 0.8,0.0,0.0,0.0,0.0,0.0
2026-09-30T01:16:35.968 0.8,0.0,0.0,0.0,0.0,0.0
2026-09-30T01:16:36.018 0.8,0.0,0.0,0.0,0.0,0.0
2026-09-30T01:16:36.068 0.8,0.0,0.0,0.0,0.0,0.0
2026-09-30T01:16:36.118 0.8,0.0,0.0,0.0,0.0,0.0
2026-09-30T01:16:36.168 0.8,0.0,0.0,0.0,0.0,0.0
2026-09-30T01:16:36.228 0.8,0.0,0.0,0.0,0.0,0.0
2026-09-30T01:16:36.268 0.8,0.0,0.0,0.0,0.0,0.0
2026-09-30T01:16:36.318 0.8,0.0,0.0,0.0,0.0,0.0
2026-09-30T01:16:36.368 0.8,0.0,0.0,0.0,0.0,0.0
2026-09-30T01:16:36.418 0.8,0.0,0.0,0.0,0.0,0.0
2026-09-30T01:16:36.468 0.8,0.0,0.0,0.0,0.0,0.0
2026-09-30T01:16:36.519 0.8,0.0,0.0,0.0,0.0,0.0
2026-09-30T01:16:36.568 0.8,0.0,0.0,0.0,0.0,0.0
2026-09-30T01:16:36.618 0.8,0.0,0.0,0.0,0.0,0.0
2026-09-30T01:16:36.668 0.8,0.0,0.0,0.0,0.0,0.0
2026-09-30T01:16:36.718 0.8,0.0,0.0,0.0,0.0,0.0
2026-09-30T01:16:36.768 0.8,0.0,0.0,0.0,0.0,0.0
2026-09-30T01:16:36.818 0.8,0.0,0.0,0.0,0.0,0.0
2026-09-30T01:16:36.868 0.8,0.0,0.0,0.0,0.0,0.0
2026-09-30T01:16:36.918 0.8,0.0,0.0,0.0,0.0,0.0
2026-09-30T01:16:36.969 0.8,0.0,0.0,0.0,0.0,0.0
2026-09-30T01:16:37.018 0.8,0.0,0.0,0.0,0.0,0.0
2026-09-30T01:16:37.068 0.8,0.0,0.0,0.0,0.0,0.0
2026-09-30T01:16:37.118 0.8,0.0,0.0,0.0,0.0,0.0
2026-09-30T01:16:37.168 0.8,0.0,0.0,0.0,0.0,0.0
2026-09-30T01:16:37.218 0.8,0.0,0.0,0.0,0.0,0.0
2026-09-30T01:16:37.268 0.8,0.0,0.0,0.0,0.0,0.0
2026-09-30T01:16:37.318 0.8,0.0,0.0,0.0,0.0,0.0
2026-09-30T01:16:37.368 0.8,0.0,0.0,0.0,0.0,0.0
2026-09-30T01:16:38.266 0.8,0.0,0.0,0.0,0.0,0.0
2026-09-30T01:16:38.317 0.8,0.0,0.0,0.0,0.0,0.0
2026-09-30T01:16:39.522 0.8,0.0,0.0,0.0,0.0,0.0
2026-09-30T01:16:39.572 0.8,0.0,0.0,0.0,0.0,0.0
2026-09-30T01:16:39.622 0.8,0.0,0.0,0.0,0.0,0.0
2026-09-30T01:16:39.682 0.8,0.0,0.0,0.0,0.0,0.0
2026-09-30T01:16:39.723 0.8,0.0,0.0,0.0,0.0,0.0
2026-09-30T01:16:39.782 0.8,0.0,0.0,0.0,0.0,0.0
2026-09-30T01:16:39.832 0.8,0.0,0.0,0.0,0.0,0.0
2026-09-30T01:16:39.872 0.8,0.0,0.0,0.0,0.0,0.0
2026-09-30T01:16:39.922 0.8,0.0,0.0,0.0,0.0,0.0
2026-09-30T01:16:39.972 0.8,0.0,0.0,0.0,0.0,0.0
2026-09-30T01:16:40.022 0.8,0.0,0.0,0.0,0.0,0.0
2026-09-30T01:16:40.072 0.8,0.0,0.0,0.0,0.0,0.0
2026-09-30T01:16:40.122 0.8,0.0,0.0,0.0,0.0,0.03684210526315797
2026-09-30T01:16:40.172 0.8,0.0,0.0,0.0,0.0,0.03684210526315797
2026-09-30T01:16:40.222 0.8,0.0,0.0,0.0,0.0,0.03684210526315797
2026-09-30T01:16:40.272 0.8,0.0,0.0,0.0,0.0,0.03684210526315797
2026-09-30T01:16:40.322 0.8,0.0,0.0,0.0,0.0,0.03684210526315797
2026-09-30T01:16:40.372 0.8,0.0,0.0,0.0,0.0,0.03684210526315797
2026-09-30T01:16:40.422 0.8,0.0,0.0,0.0,0.0,0.03684210526315797
2026-09-30T01:16:40.472 0.8,0.0,0.0,0.0,0.0,0.03684210526315797
2026-09-30T01:16:40.532 0.8,0.0,0.0,0.0,0.0,0.03684210526315797
2026-09-30T01:16:40.582 0.8,0.0,0.0,0.0,0.0,0.03684210526315797
2026-09-30T01:16:40.622 0.8,0.0,0.0,0.0,0.0,0.03684210526315797
2026-09-30T01:16:40.675 0.8,0.0,0.0,0.0,0.0,0.03684210526315797
2026-09-30T01:16:40.722 0.8,0.0,0.0,0.0,0.0,0.03684210526315797
2026-09-30T01:16:40.772 0.8,0.0,0.0,0.0,0.0,0.03684210526315797
2026-09-30T01:16:40.823 0.8,0.0,0.0,0.0,0.0,0.03684210526315797
2026-09-30T01:16:40.872 0.8,0.0,0.0,0.0,0.0,0.03684210526315797
2026-09-30T01:16:40.922 0.8,0.0,0.0,0.0,0.0,0.03684210526315797
2026-09-30T01:16:40.972 0.8,0.0,0.0,0.0,0.0,0.03684210526315797
2026-09-30T01:16:41.022 0.8,0.0,0.0,0.0,0.0,0.03684210526315797
2026-09-30T01:16:41.072 0.8,0.0,0.0,0.0,0.0,0.03684210526315797
2026-09-30T01:16:41.123 0.8,0.0,0.0,0.0,0.0,0.03684210526315797
2026-09-30T01:16:41.172 0.8,0.0,0.0,0.0,0.0,0.03684210526315797
2026-09-30T01:16:41.223 0.8,0.0,0.0,0.0,0.0,0.03684210526315797
2026-09-30T01:16:41.282 0.8,0.0,0.0,0.0,0.0,0.03684210526315797
2026-09-30T01:16:41.323 0.8,0.0,0.0,0.0,0.0,0.03684210526315797
2026-09-30T01:16:41.372 0.8,0.0,0.0,0.0,0.0,0.03684210526315797
2026-09-30T01:16:41.422 0.8,0.0,0.0,0.0,0.0,0.03684210526315797
2026-09-30T01:16:41.472 0.8,0.0,0.0,0.0,0.0,0.03684210526315797
2026-09-30T01:16:41.522 0.8,0.0,0.0,0.0,0.0,0.03684210526315797
2026-09-30T01:16:41.572 0.8,0.0,0.0,0.0,0.0,0.0
2026-09-30T01:16:41.622 0.8,0.0,0.0,0.0,0.0,0.0
2026-09-30T01:16:41.672 0.8,0.0,0.0,0.0,0.0,0.0
2026-09-30T01:16:41.722 0.8,0.0,0.0,0.0,0.0,0.0
2026-09-30T01:16:41.772 0.8,0.0,0.0,0.0,0.0,0.0
2026-09-30T01:16:41.822 0.8,0.0,0.0,0.0,0.0,0.0
2026-09-30T01:16:41.872 0.8,0.0,0.0,0.0,0.0,0.0
2026-09-30T01:16:41.922 0.8,0.0,0.0,0.0,0.0,0.0
2026-09-30T01:16:41.972 0.8,0.0,0.0,0.0,0.0,0.0
2026-09-30T01:16:42.022 0.8,0.0,0.0,0.0,0.0,0.0
2026-09-30T01:16:42.072 0.8,0.0,0.0,0.0,0.0,0.0
2026-09-30T01:16:42.122 0.8,0.0,0.0,0.0,0.0,0.0
2026-09-30T01:16:42.172 0.8,0.0,0.0,0.0,0.0,0.0
2026-09-30T01:16:42.222 0.8,0.0,0.0,0.0,0.0,0.0
2026-09-30T01:16:42.272 0.8,0.0,0.0,0.0,0.0,0.0
2026-09-30T01:16:42.322 0.8,0.0,0.0,0.0,0.0,0.0
2026-09-30T01:16:42.372 0.8,0.0,0.0,0.0,0.0,0.0
2026-09-30T01:16:42.422 0.8,0.0,0.0,0.0,0.0,0.0
2026-09-30T01:16:42.472 0.8,0.0,0.0,0.0,0.0,0.0
2026-09-30T01:16:42.522 0.8,0.0,0.0,0.0,0.0,0.0
2026-09-30T01:16:42.572 0.8,0.0,0.0,0.0,0.0,0.0
2026-09-30T01:16:42.622 0.8,0.0,0.0,0.0,0.0,0.0
2026-09-30T01:16:42.672 0.8,0.0,0.0,0.0,0.0,0.0
2026-09-30T01:16:42.722 0.8,0.0,0.0,0.0,0.0,0.0
2026-09-30T01:16:42.783 0.8,0.0,0.0,0.0,0.0,0.0
2026-09-30T01:16:42.822 0.8,0.0,0.0,0.0,0.0,0.0
2026-09-30T01:16:42.872 0.8,0.0,0.0,0.0,0.0,0.0
2026-09-30T01:16:42.922 0.8,0.0,0.0,0.0,0.0,0.0
2026-09-30T01:16:42.972 0.8,0.0,0.0,0.0,0.0,0.0
2026-09-30T01:16:43.022 0.8,0.0,0.0,0.0,0.0,0.0
2026-09-30T01:16:43.072 0.8,0.0,0.0,0.0,0.0,0.0
2026-09-30T01:16:43.124 0.8,0.0,0.0,0.0,0.0,0.0
2026-09-30T01:16:43.173 0.8,0.0,0.0,0.0,0.0,0.0
2026-09-30T01:16:43.222 0.8,0.0,0.0,0.0,0.0,0.0
2026-09-30T01:16:43.272 0.8,0.0,0.0,0.0,0.0,0.0
2026-09-30T01:16:43.326 0.8,0.0,0.0,0.0,0.0,0.0
2026-09-30T01:16:43.373 0.8,0.0,0.0,0.0,0.0,0.0
2026-09-30T01:16:43.422 0.8,0.0,0.0,0.0,0.0,0.0
2026-09-30T01:16:43.472 0.8,0.0,0.0,0.0,0.0,0.0
2026-09-30T01:16:43.523 0.8,0.0,0.0,0.0,0.0,0.0
2026-09-30T01:16:43.572 0.8,0.0,0.0,0.0,0.0,0.0
2026-09-30T01:16:43.623 0.8,0.0,0.0,0.0,0.0,0.0
2026-09-30T01:16:43.672 0.8,0.0,0.0,0.0,0.0,0.0
2026-09-30T01:16:43.722 0.8,0.0,0.0,0.0,0.0,0.0
2026-09-30T01:16:43.772 0.8,0.0,0.0,0.0,0.0,0.0
2026-09-30T01:16:43.822 0.8,0.0,0.0,0.0,0.0,0.0
2026-09-30T01:16:43.872 0.8,0.0,0.0,0.0,0.0,0.0
2026-09-30T01:16:43.922 0.8,0.0,0.0,0.0,0.0,0.0
2026-09-30T01:16:43.972 0.8,0.0,0.0,0.0,0.0,0.0
2026-09-30T01:16:44.022 0.8,0.0,0.0,0.0,0.0,0.0
2026-09-30T01:16:44.072 0.8,0.0,0.0,0.0,0.0,0.0
2026-09-30T01:16:44.122 0.8,0.0,0.0,0.0,0.0,0.0
2026-09-30T01:16:44.172 0.8,0.0,0.0,0.0,0.0,0.0
2026-09-30T01:16:44.222 0.8,0.0,0.0,0.0,0.0,0.0
2026-09-30T01:16:44.272 0.8,0.0,0.0,0.0,0.0,0.0
2026-09-30T01:16:44.322 0.8,0.0,0.0,0.0,0.0,0.0
2026-09-30T01:16:44.372 0.8,0.0,0.0,0.0,0.0,0.0
2026-09-30T01:16:44.422 0.8,0.0,0.0,0.0,0.0,0.0
2026-09-30T01:16:44.472 0.8,0.0,0.0,0.0,0.0,0.0
2026-09-30T01:16:44.522 0.8,0.0,0.0,0.0,0.0,0.0
2026-09-30T01:16:44.572 0.8,0.0,0.0,0.0,0.0,0.0
2026-09-30T01:16:44.633 0.8,0.0,0.0,0.0,0.0,0.0
2026-09-30T01:16:44.672 0.8,0.0,0.0,0.0,0.0,0.0
2026-09-30T01:16:44.722 0.8,0.0,0.0,0.0,0.0,0.0
2026-09-30T01:16:44.772 0.8,0.0,0.0,0.0,0.0,0.0
2026-09-30T01:16:44.823 0.8,0.0,0.0,0.0,0.0,0.0
2026-09-30T01:16:44.872 0.8,0.0,0.0,0.0,0.0,0.0
2026-09-30T01:16:44.922 0.8,0.0,0.0,0.0,0.0,0.0
2026-09-30T01:16:44.972 0.8,0.0,0.0,0.0,0.0,0.0
2026-09-30T01:16:45.022 0.8,0.0,0.0,0.0,0.0,0.0
2026-09-30T01:16:45.072 0.8,0.0,0.0,0.0,0.0,0.0
2026-09-30T01:16:45.122 0.8,0.0,0.0,0.0,0.0,0.0
2026-09-30T01:16:45.173 0.8,0.0,0.0,0.0,0.0,0.0
2026-09-30T01:16:45.222 0.8,0.0,0.0,0.0,0.0,0.0
2026-09-30T01:16:45.272 0.8,0.0,0.0,0.0,0.0,0.0
2026-09-30T01:16:45.322 0.8,0.0,0.0,0.0,0.0,0.0
2026-09-30T01:16:45.372 0.8,0.0,0.0,0.0,0.0,0.0
2026-09-30T01:16:45.422 0.8,0.0,0.0,0.0,0.0,0.0
2026-09-30T01:16:45.472 0.8,0.0,0.0,0.0,0.0,0.0
2026-09-30T01:16:45.522 0.8,0.0,0.0,0.0,0.0,0.0
2026-09-30T01:16:45.572 0.8,0.0,0.0,0.0,0.0,0.0
2026-09-30T01:16:45.622 0.8,0.0,0.0,0.0,0.0,0.0
2026-09-30T01:16:45.672 0.8,0.0,0.0,0.0,0.0,0.0
2026-09-30T01:16:45.722 0.8,0.0,0.0,0.0,0.0,0.0
2026-09-30T01:16:45.772 0.8,0.0,0.0,0.0,0.0,0.0
2026-09-30T01:16:45.822 0.8,0.0,0.0,0.0,0.0,0.0
2026-09-30T01:16:45.882 0.8,0.0,0.0,0.0,0.0,0.0
2026-09-30T01:16:45.922 0.8,0.0,0.0,0.0,0.0,0.0
2026-09-30T01:16:45.972 0.8,0.0,0.0,0.0,0.0,0.0
2026-09-30T01:16:46.022 0.8,0.0,0.0,0.0,0.0,0.0
2026-09-30T01:16:46.072 0.8,0.0,0.0,0.0,0.0,0.0
2026-09-30T01:16:46.122 0.8,0.0,0.0,0.0,0.0,0.0
2026-09-30T01:16:46.172 0.8,0.0,0.0,0.0,0.0,0.0
2026-09-30T01:16:46.222 0.8,0.0,0.0,0.0,0.0,0.0
2026-09-30T01:16:46.272 0.8,0.0,0.0,0.0,0.0,0.0
2026-09-30T01:16:46.322 0.8,0.0,0.0,0.0,0.0,0.0
2026-09-30T01:16:46.372 0.8,0.0,0.0,0.0,0.0,0.0
2026-09-30T01:16:46.422 0.8,0.0,0.0,0.0,0.0,0.0
2026-09-30T01:16:46.472 0.8,0.0,0.0,0.0,0.0,0.0
2026-09-30T01:16:46.522 0.8,0.0,0.0,0.0,0.0,0.0
2026-09-30T01:16:46.572 0.8,0.0,0.0,0.0,0.0,0.0
2026-09-30T01:16:46.622 0.8,0.0,0.0,0.0,0.0,0.0
2026-09-30T01:16:46.682 0.8,0.0,0.0,0.0,0.0,0.0
2026-09-30T01:16:46.722 0.8,0.0,0.0,0.0,0.0,0.0
2026-09-30T01:16:46.772 0.8,0.0,0.0,0.0,0.0,0.0
2026-09-30T01:16:46.822 0.8,0.0,0.0,0.0,0.0,0.0
2026-09-30T01:16:46.872 0.8,0.0,0.0,0.0,0.0,0.0
2026-09-30T01:16:46.922 0.8,0.0,0.0,0.0,0.0,0.0
2026-09-30T01:16:46.972 0.8,0.0,0.0,0.0,0.0,0.0
2026-09-30T01:16:47.022 0.8,0.0,0.0,0.0,0.0,0.0
2026-09-30T01:16:47.072 0.8,0.0,0.0,0.0,0.0,0.0
2026-09-30T01:16:47.122 0.8,0.0,0.0,0.0,0.0,0.0
2026-09-30T01:16:47.172 0.8,0.0,0.0,0.0,0.0,0.0
2026-09-30T01:16:47.222 0.8,0.0,0.0,0.0,0.0,0.0
2026-09-30T01:16:47.272 0.8,0.0,0.0,0.0,0.0,0.0
2026-09-30T01:16:47.322 0.8,0.0,0.0,0.0,0.0,0.0
2026-09-30T01:16:47.372 0.8,0.0,0.0,0.0,0.0,0.0
2026-09-30T01:16:47.422 0.8,0.0,0.0,0.0,0.0,0.0
2026-09-30T01:16:47.482 0.8,0.0,0.0,0.0,0.0,0.0
2026-09-30T01:16:47.522 0.8,0.0,0.0,0.0,0.0,0.0
2026-09-30T01:16:47.572 0.8,0.0,0.0,0.0,0.0,0.0
2026-09-30T01:16:47.622 0.8,0.0,0.0,0.0,0.0,0.0
2026-09-30T01:16:47.672 0.8,0.0,0.0,0.0,0.0,0.0
2026-09-30T01:16:47.722 0.8,0.0,0.0,0.0,0.0,0.0
2026-09-30T01:16:47.772 0.8,0.0,0.0,0.0,0.0,0.0
2026-09-30T01:16:47.822 0.8,0.0,0.0,0.0,0.0,0.0
2026-09-30T01:16:47.872 0.8,0.0,0.0,0.0,0.0,0.0
2026-09-30T01:16:47.922 0.8,0.0,0.0,0.0,0.0,0.0
2026-09-30T01:16:47.972 0.8,0.0,0.0,0.0,0.0,0.0
2026-09-30T01:16:48.032 0.8,0.0,0.0,0.0,0.0,0.0
2026-09-30T01:16:48.072 0.8,0.0,0.0,0.0,0.0,0.0
2026-09-30T01:16:48.122 0.8,0.0,0.0,0.0,0.0,0.0
2026-09-30T01:16:48.182 0.8,0.0,0.0,0.0,0.0,0.0
2026-09-30T01:16:48.222 0.8,0.0,0.0,0.0,0.0,0.0
2026-09-30T01:16:48.272 0.8,0.0,0.0,0.0,0.0,0.0
2026-09-30T01:16:48.322 0.8,0.0,0.0,0.0,0.0,0.0
2026-09-30T01:16:48.372 0.8,0.0,0.0,0.0,0.0,0.0
2026-09-30T01:16:48.422 0.8,0.0,0.0,0.0,0.0,0.0
2026-09-30T01:16:48.472 0.8,0.0,0.0,0.0,0.0,0.0
2026-09-30T01:16:48.523 0.8,0.0,0.0,0.0,0.0,0.0
2026-09-30T01:16:48.572 0.8,0.0,0.0,0.0,0.0,0.0
2026-09-30T01:16:48.622 0.8,0.0,0.0,0.0,0.0,0.0
2026-09-30T01:16:48.672 0.8,0.0,0.0,0.0,0.0,0.0
2026-09-30T01:16:48.722 0.8,0.0,0.0,0.0,0.0,0.0
2026-09-30T01:16:48.772 0.8,0.0,0.0,0.0,0.0,0.0
2026-09-30T01:16:48.822 0.8,0.0,0.0,0.0,0.0,0.0
2026-09-30T01:16:48.883 0.8,0.0,0.0,0.0,0.0,0.0
2026-09-30T01:16:48.932 0.8,0.0,0.0,0.0,0.0,0.0
2026-09-30T01:16:48.975 0.8,0.0,0.0,0.0,0.0,0.0
2026-09-30T01:16:49.022 0.8,0.0,0.0,0.0,0.0,0.0
2026-09-30T01:16:49.072 0.8,0.0,0.0,0.0,0.0,0.0
2026-09-30T01:16:49.123 0.8,0.0,0.0,0.0,0.0,0.0
2026-09-30T01:16:49.172 0.8,0.0,0.0,0.0,0.0,0.0
2026-09-30T01:16:49.222 0.8,0.0,0.0,0.0,0.0,0.0
2026-09-30T01:16:49.272 0.8,0.0,0.0,0.0,0.0,0.0
2026-09-30T01:16:49.322 0.8,0.0,0.0,0.0,0.0,0.0
2026-09-30T01:16:49.372 0.8,0.0,0.0,0.0,0.0,0.0
2026-09-30T01:16:49.425 0.8,0.0,0.0,0.0,0.0,0.0
2026-09-30T01:16:49.474 0.8,0.0,0.0,0.0,0.0,0.0
2026-09-30T01:16:49.525 0.8,0.0,0.0,0.0,0.0,0.0
2026-09-30T01:16:49.583 0.8,0.0,0.0,0.0,0.0,0.0
2026-09-30T01:16:49.622 0.8,0.0,0.0,0.0,0.0,0.0
2026-09-30T01:16:49.672 0.8,0.0,0.0,0.0,0.0,0.0
2026-09-30T01:16:49.722 0.8,0.0,0.0,0.0,0.0,0.0
2026-09-30T01:16:49.772 0.8,0.0,0.0,0.0,0.0,0.0
2026-09-30T01:16:49.822 0.8,0.0,0.0,0.0,0.0,0.0
2026-09-30T01:16:49.872 0.8,0.0,0.0,0.0,0.0,0.0
2026-09-30T01:16:49.922 0.8,0.0,0.0,0.0,0.0,0.0
2026-09-30T01:16:49.972 0.8,0.0,0.0,0.0,0.0,0.0
2026-09-30T01:16:50.022 0.8,0.0,0.0,0.0,0.0,0.0
2026-09-30T01:16:50.072 0.8,0.0,0.0,0.0,0.0,0.0
2026-09-30T01:16:50.122 0.8,0.0,0.0,0.0,0.0,0.0
2026-09-30T01:16:50.172 0.8,0.0,0.0,0.0,0.0,0.0
2026-09-30T01:16:50.222 0.8,0.0,0.0,0.0,0.0,0.0
2026-09-30T01:16:50.272 0.8,0.0,0.0,0.0,0.0,0.0
2026-09-30T01:16:50.322 0.8,0.0,0.0,0.0,0.0,0.0
2026-09-30T01:16:50.372 0.8,0.0,0.0,0.0,0.0,0.0
2026-09-30T01:16:50.422 0.8,0.0,0.0,0.0,0.0,0.0
2026-09-30T01:16:50.472 0.8,0.0,0.0,0.0,0.0,0.0
2026-09-30T01:16:50.522 0.8,0.0,0.0,0.0,0.0,0.0
2026-09-30T01:16:50.572 0.8,0.0,0.0,0.0,0.0,0.0
2026-09-30T01:16:50.623 0.8,0.0,0.0,0.0,0.0,0.0
2026-09-30T01:16:50.672 0.8,0.0,0.0,0.0,0.0,0.0
2026-09-30T01:16:50.722 0.8,0.0,0.0,0.0,0.0,0.0
2026-09-30T01:16:50.772 0.8,0.0,0.0,0.0,0.0,0.0
2026-09-30T01:16:50.822 0.8,0.0,0.0,0.0,0.0,0.0
2026-09-30T01:16:50.872 0.8,0.0,0.0,0.0,0.0,0.0
2026-09-30T01:16:50.922 0.8,0.0,0.0,0.0,0.0,0.0
2026-09-30T01:16:50.972 0.8,0.0,0.0,0.0,0.0,0.0
2026-09-30T01:16:51.022 0.8,0.0,0.0,0.0,0.0,0.0
2026-09-30T01:16:51.072 0.8,0.0,0.0,0.0,0.0,0.0
2026-09-30T01:16:51.125 0.8,0.0,0.0,0.0,0.0,0.0
2026-09-30T01:16:51.172 0.8,0.0,0.0,0.0,0.0,0.0
2026-09-30T01:16:51.234 0.8,0.0,0.0,0.0,0.0,0.0
2026-09-30T01:16:51.272 0.8,0.0,0.0,0.0,0.0,0.0
2026-09-30T01:16:51.332 0.8,0.0,0.0,0.0,0.0,0.0
2026-09-30T01:16:51.373 0.8,0.0,0.0,0.0,0.0,0.0
2026-09-30T01:16:51.422 0.8,0.0,0.0,0.0,0.0,0.0
2026-09-30T01:16:51.482 0.8,0.0,0.0,0.0,0.0,0.0
2026-09-30T01:16:51.522 0.8,0.0,0.0,0.0,0.0,0.0
2026-09-30T01:16:51.572 0.8,0.0,0.0,0.0,0.0,0.0
2026-09-30T01:16:51.624 0.8,0.0,0.0,0.0,0.0,0.0
2026-09-30T01:16:51.672 0.8,0.0,0.0,0.0,0.0,0.0
2026-09-30T01:16:51.722 0.8,0.0,0.0,0.0,0.0,0.0
2026-09-30T01:16:51.772 0.8,0.0,0.0,0.0,0.0,0.0
2026-09-30T01:16:51.824 0.8,0.0,0.0,0.0,0.0,0.0
2026-09-30T01:16:51.872 0.8,0.0,0.0,0.0,0.0,0.0
2026-09-30T01:16:51.922 0.8,0.0,0.0,0.0,0.0,0.0
2026-09-30T01:16:51.972 0.8,0.0,0.0,0.0,0.0,0.0
2026-09-30T01:16:52.032 0.8,0.0,0.0,0.0,0.0,0.0
2026-09-30T01:16:52.072 0.8,0.0,0.0,0.0,0.0,0.0
2026-09-30T01:16:52.122 0.8,0.0,0.0,0.0,0.0,0.0
2026-09-30T01:16:52.172 0.8,0.0,0.0,0.0,0.0,0.0
2026-09-30T01:16:52.222 0.675,0.0,0.0,0.0,0.0,0.0
2026-09-30T01:16:52.272 0.55,0.0,0.0,0.0,0.0,0.0
2026-09-30T01:16:52.322 0.42500000000000004,0.0,0.0,0.0,0.0,0.0
2026-09-30T01:16:52.372 0.55,0.0,0.0,0.0,0.0,0.0
2026-09-30T01:16:52.422 0.675,0.0,0.0,0.0,0.0,0.0
2026-09-30T01:16:52.472 0.8,0.0,0.0,0.0,0.0,0.0
2026-09-30T01:16:52.532 0.8,0.0,0.0,0.0,0.0,0.0
2026-09-30T01:16:52.572 0.8,0.0,0.0,0.0,0.0,0.0
2026-09-30T01:16:52.622 0.8,0.0,0.0,0.0,0.0,0.0
2026-09-30T01:16:52.672 0.8,0.0,0.0,0.0,0.0,0.0
2026-09-30T01:16:52.722 0.8,0.0,0.0,0.0,0.0,0.0
2026-09-30T01:16:52.772 0.8,0.0,0.0,0.0,0.0,0.0
2026-09-30T01:16:52.822 0.8,0.0,0.0,0.0,0.0,0.0
2026-09-30T01:16:52.872 0.8,0.0,0.0,0.0,0.0,0.0
2026-09-30T01:16:52.922 0.8,0.0,0.0,0.0,0.0,0.0
2026-09-30T01:16:52.972 0.8,0.0,0.0,0.0,0.0,0.0
2026-09-30T01:16:53.022 0.8,0.0,0.0,0.0,0.0,0.0
2026-09-30T01:16:53.072 0.8,0.0,0.0,0.0,0.0,0.0
2026-09-30T01:16:53.122 0.8,0.0,0.0,0.0,0.0,0.0
2026-09-30T01:16:53.172 0.8,0.0,0.0,0.0,0.0,0.0
2026-09-30T01:16:53.222 0.8,0.0,0.0,0.0,0.0,0.0
2026-09-30T01:16:53.272 0.8,0.0,0.0,0.0,0.0,0.0
2026-09-30T01:16:53.332 0.8,0.0,0.0,0.0,0.0,0.0
2026-09-30T01:16:53.372 0.8,0.0,0.0,0.0,0.0,0.0
2026-09-30T01:16:53.422 0.8,0.0,0.0,0.0,0.0,0.0
2026-09-30T01:16:53.473 0.8,0.0,0.0,0.0,0.0,0.0
2026-09-30T01:16:53.522 0.8,0.0,0.0,0.0,0.0,0.0
2026-09-30T01:16:53.575 0.8,0.0,0.0,0.0,0.0,0.0
2026-09-30T01:16:53.624 0.8,0.0,0.0,0.0,0.0,0.0
2026-09-30T01:16:53.672 0.8,0.0,0.0,0.0,0.0,0.03684210526315797
2026-09-30T01:16:53.722 0.8,0.0,0.0,0.0,0.0,0.0
2026-09-30T01:16:53.772 0.8,0.0,0.0,0.0,0.0,0.0
2026-09-30T01:16:53.832 0.8,0.0,0.0,0.0,0.0,0.0
2026-09-30T01:16:53.872 0.8,0.0,0.0,0.0,0.0,0.0
2026-09-30T01:16:53.922 0.8,0.0,0.0,0.0,0.0,0.0
2026-09-30T01:16:53.974 0.8,0.0,0.0,0.0,0.0,0.0
2026-09-30T01:16:54.022 0.8,0.0,0.0,0.0,0.0,0.0
2026-09-30T01:16:54.072 0.8,0.0,0.0,0.0,0.0,0.0
2026-09-30T01:16:54.122 0.8,0.0,0.0,0.0,0.0,0.0
2026-09-30T01:16:54.172 0.8,0.0,0.0,0.0,0.0,0.0
2026-09-30T01:16:54.222 0.8,0.0,0.0,0.0,0.0,0.0
2026-09-30T01:16:54.272 0.8,0.0,0.0,0.0,0.0,0.0
2026-09-30T01:16:54.322 0.8,0.0,0.0,0.0,0.0,0.0
2026-09-30T01:16:54.372 0.8,0.0,0.0,0.0,0.0,0.0
2026-09-30T01:16:54.422 0.8,0.0,0.0,0.0,0.0,0.0
2026-09-30T01:16:54.472 0.8,0.0,0.0,0.0,0.0,0.0
2026-09-30T01:16:54.522 0.8,0.0,0.0,0.0,0.0,0.0
2026-09-30T01:16:54.572 0.8,0.0,0.0,0.0,0.0,0.0
2026-09-30T01:16:54.632 0.8,0.0,0.0,0.0,0.0,0.0
2026-09-30T01:16:54.672 0.8,0.0,0.0,0.0,0.0,0.0
2026-09-30T01:16:54.723 0.8,0.0,0.0,0.0,0.0,0.0
2026-09-30T01:16:54.772 0.8,0.0,0.0,0.0,0.0,0.0
2026-09-30T01:16:54.822 0.8,0.0,0.0,0.0,0.0,0.0
2026-09-30T01:16:54.872 0.8,0.0,0.0,0.0,0.0,0.0
2026-09-30T01:16:54.923 0.8,0.0,0.0,0.0,0.0,0.0
2026-09-30T01:16:54.972 0.8,0.0,0.0,0.0,0.0,0.0
2026-09-30T01:16:55.023 0.8,0.0,0.0,0.0,0.0,0.0
2026-09-30T01:16:55.072 0.8,0.0,0.0,0.0,0.0,0.0
2026-09-30T01:16:55.123 0.8,0.0,0.0,0.0,0.0,0.0
2026-09-30T01:16:55.172 0.8,0.0,0.0,0.0,0.0,0.0
2026-09-30T01:16:55.223 0.8,0.0,0.0,0.0,0.0,0.0
2026-09-30T01:16:55.272 0.8,0.0,0.0,0.0,0.0,0.0
2026-09-30T01:16:55.323 0.8,0.0,0.0,0.0,0.0,0.0
2026-09-30T01:16:55.372 0.8,0.0,0.0,0.0,0.0,0.0
2026-09-30T01:16:55.422 0.8,0.0,0.0,0.0,0.0,0.0
2026-09-30T01:16:55.473 0.8,0.0,0.0,0.0,0.0,0.0
2026-09-30T01:16:55.522 0.8,0.0,0.0,0.0,0.0,0.0
2026-09-30T01:16:55.572 0.8,0.0,0.0,0.0,0.0,0.0
2026-09-30T01:16:55.623 0.8,0.0,0.0,0.0,0.0,0.0
2026-09-30T01:16:55.672 0.8,0.0,0.0,0.0,0.0,0.0
2026-09-30T01:16:55.722 0.8,0.0,0.0,0.0,0.0,0.0
2026-09-30T01:16:55.772 0.8,0.0,0.0,0.0,0.0,0.0
2026-09-30T01:16:55.823 0.8,0.0,0.0,0.0,0.0,0.0
2026-09-30T01:16:55.873 0.8,0.0,0.0,0.0,0.0,0.0
2026-09-30T01:16:55.923 0.8,0.0,0.0,0.0,0.0,0.0
2026-09-30T01:16:55.972 0.8,0.0,0.0,0.0,0.0,0.0
2026-09-30T01:16:56.023 0.8,0.0,0.0,0.0,0.0,0.0
2026-09-30T01:16:56.072 0.8,0.0,0.0,0.0,0.0,0.0
2026-09-30T01:16:56.122 0.8,0.0,0.0,0.0,0.0,0.0
2026-09-30T01:16:56.172 0.8,0.0,0.0,0.0,0.0,0.0
2026-09-30T01:16:56.222 0.8,0.0,0.0,0.0,0.0,0.0
2026-09-30T01:16:56.273 0.8,0.0,0.0,0.0,0.0,0.0
2026-09-30T01:16:56.323 0.8,0.0,0.0,0.0,0.0,0.0
2026-09-30T01:16:56.372 0.8,0.0,0.0,0.0,0.0,0.0
2026-09-30T01:16:56.422 0.8,0.0,0.0,0.0,0.0,0.0
2026-09-30T01:16:56.472 0.8,0.0,0.0,0.0,0.0,0.0
2026-09-30T01:16:56.522 0.8,0.0,0.0,0.0,0.0,0.0
2026-09-30T01:16:56.572 0.8,0.0,0.0,0.0,0.0,0.0
2026-09-30T01:16:56.622 0.8,0.0,0.0,0.0,0.0,0.0
2026-09-30T01:16:56.682 0.8,0.0,0.0,0.0,0.0,0.0
2026-09-30T01:16:56.723 0.8,0.0,0.0,0.0,0.0,0.0
2026-09-30T01:16:56.772 0.8,0.0,0.0,0.0,0.0,0.0
2026-09-30T01:16:56.822 0.8,0.0,0.0,0.0,0.0,0.0
2026-09-30T01:16:56.872 0.8,0.0,0.0,0.0,0.0,0.0
2026-09-30T01:16:56.922 0.8,0.0,0.0,0.0,0.0,0.0
2026-09-30T01:16:56.972 0.8,0.0,0.0,0.0,0.0,0.0
2026-09-30T01:16:57.022 0.8,0.0,0.0,0.0,0.0,0.0
2026-09-30T01:16:57.072 0.8,0.0,0.0,0.0,0.0,0.0
2026-09-30T01:16:57.122 0.8,0.0,0.0,0.0,0.0,0.0
2026-09-30T01:16:57.172 0.8,0.0,0.0,0.0,0.0,0.0
2026-09-30T01:16:57.222 0.8,0.0,0.0,0.0,0.0,0.0
2026-09-30T01:16:57.272 0.8,0.0,0.0,0.0,0.0,0.0
2026-09-30T01:16:57.322 0.8,0.0,0.0,0.0,0.0,0.0
2026-09-30T01:16:57.374 0.8,0.0,0.0,0.0,0.0,0.0
2026-09-30T01:16:57.423 0.8,0.0,0.0,0.0,0.0,0.0
2026-09-30T01:16:57.472 0.8,0.0,0.0,0.0,0.0,0.0
2026-09-30T01:16:57.522 0.8,0.0,0.0,0.0,0.0,0.0
2026-09-30T01:16:57.572 0.8,0.0,0.0,0.0,0.0,0.0
2026-09-30T01:16:57.622 0.8,0.0,0.0,0.0,0.0,0.0
2026-09-30T01:16:57.672 0.8,0.0,0.0,0.0,0.0,0.0
2026-09-30T01:16:57.722 0.8,0.0,0.0,0.0,0.0,0.0
2026-09-30T01:16:57.772 0.8,0.0,0.0,0.0,0.0,0.0
2026-09-30T01:16:57.822 0.8,0.0,0.0,0.0,0.0,0.0
2026-09-30T01:16:57.872 0.8,0.0,0.0,0.0,0.0,0.0
2026-09-30T01:16:57.922 0.8,0.0,0.0,0.0,0.0,0.0
2026-09-30T01:16:57.972 0.8,0.0,0.0,0.0,0.0,0.0
2026-09-30T01:16:58.022 0.8,0.0,0.0,0.0,0.0,0.0
2026-09-30T01:16:58.072 0.8,0.0,0.0,0.0,0.0,0.0
2026-09-30T01:16:58.123 0.8,0.0,0.0,0.0,0.0,0.0
2026-09-30T01:16:58.172 0.8,0.0,0.0,0.0,0.0,0.0
2026-09-30T01:16:58.222 0.8,0.0,0.0,0.0,0.0,0.0
2026-09-30T01:16:58.272 0.8,0.0,0.0,0.0,0.0,0.0
2026-09-30T01:16:58.322 0.8,0.0,0.0,0.0,0.0,0.0
2026-09-30T01:16:58.372 0.8,0.0,0.0,0.0,0.0,0.0
2026-09-30T01:16:58.422 0.8,0.0,0.0,0.0,0.0,0.0
2026-09-30T01:16:58.472 0.8,0.0,0.0,0.0,0.0,0.0
2026-09-30T01:16:58.522 0.8,0.0,0.0,0.0,0.0,0.0
2026-09-30T01:16:58.572 0.8,0.0,0.0,0.0,0.0,0.0
2026-09-30T01:16:58.623 0.8,0.0,0.0,0.0,0.0,0.0
2026-09-30T01:16:58.672 0.8,0.0,0.0,0.0,0.0,0.0
2026-09-30T01:16:58.732 0.8,0.0,0.0,0.0,0.0,0.0
2026-09-30T01:16:58.772 0.8,0.0,0.0,0.0,0.0,0.0
2026-09-30T01:16:58.822 0.8,0.0,0.0,0.0,0.0,0.0
2026-09-30T01:16:58.872 0.8,0.0,0.0,0.0,0.0,0.0
2026-09-30T01:16:58.922 0.8,0.0,0.0,0.0,0.0,0.0
2026-09-30T01:16:58.972 0.8,0.0,0.0,0.0,0.0,0.0
2026-09-30T01:16:59.022 0.8,0.0,0.0,0.0,0.0,0.0
2026-09-30T01:16:59.072 0.8,0.0,0.0,0.0,0.0,0.0
2026-09-30T01:16:59.122 0.8,0.0,0.0,0.0,0.0,0.0
2026-09-30T01:16:59.172 0.8,0.0,0.0,0.0,0.0,0.0
2026-09-30T01:16:59.222 0.8,0.0,0.0,0.0,0.0,0.0
2026-09-30T01:16:59.272 0.8,0.0,0.0,0.0,0.0,0.0
2026-09-30T01:16:59.323 0.8,0.0,0.0,0.0,0.0,0.0
2026-09-30T01:16:59.372 0.8,0.0,0.0,0.0,0.0,0.0
2026-09-30T01:16:59.422 0.8,0.0,0.0,0.0,0.0,0.0
2026-09-30T01:16:59.472 0.8,0.0,0.0,0.0,0.0,0.0
2026-09-30T01:16:59.522 0.8,0.0,0.0,0.0,0.0,0.0
2026-09-30T01:16:59.572 0.8,0.0,0.0,0.0,0.0,0.0
2026-09-30T01:16:59.622 0.8,0.0,0.0,0.0,0.0,0.0
2026-09-30T01:16:59.672 0.8,0.0,0.0,0.0,0.0,0.0
2026-09-30T01:16:59.722 0.8,0.0,0.0,0.0,0.0,0.0
2026-09-30T01:16:59.772 0.8,0.0,0.0,0.0,0.0,0.0
2026-09-30T01:16:59.822 0.8,0.0,0.0,0.0,0.0,0.0
2026-09-30T01:16:59.872 0.8,0.0,0.0,0.0,0.0,0.0
2026-09-30T01:16:59.922 0.8,0.0,0.0,0.0,0.0,0.0
2026-09-30T01:16:59.972 0.8,0.0,0.0,0.0,0.0,0.0
2026-09-30T01:17:00.023 0.8,0.0,0.0,0.0,0.0,0.0
2026-09-30T01:17:00.072 0.8,0.0,0.0,0.0,0.0,0.0
2026-09-30T01:17:00.123 0.8,0.0,0.0,0.0,0.0,0.0
2026-09-30T01:17:00.182 0.8,0.0,0.0,0.0,0.0,0.0
2026-09-30T01:17:00.234 0.8,0.0,0.0,0.0,0.0,0.0
2026-09-30T01:17:00.274 0.8,0.0,0.0,0.0,0.0,0.0
2026-09-30T01:17:00.324 0.8,0.0,0.0,0.0,0.0,0.0
2026-09-30T01:17:00.372 0.8,0.0,0.0,0.0,0.0,0.0
2026-09-30T01:17:00.422 0.8,0.0,0.0,0.0,0.0,0.0
2026-09-30T01:17:00.472 0.8,0.0,0.0,0.0,0.0,0.0
2026-09-30T01:17:00.522 0.8,0.0,0.0,0.0,0.0,0.0
2026-09-30T01:17:00.574 0.8,0.0,0.0,0.0,0.0,0.0
2026-09-30T01:17:00.622 0.8,0.0,0.0,0.0,0.0,0.0
2026-09-30T01:17:00.672 0.8,0.0,0.0,0.0,0.0,0.0
2026-09-30T01:17:00.723 0.8,0.0,0.0,0.0,0.0,0.0
2026-09-30T01:17:00.772 0.8,0.0,0.0,0.0,0.0,0.0
2026-09-30T01:17:00.832 0.8,0.0,0.0,0.0,0.0,0.0
2026-09-30T01:17:00.872 0.8,0.0,0.0,0.0,0.0,0.0
2026-09-30T01:17:00.922 0.8,0.0,0.0,0.0,0.0,0.0
2026-09-30T01:17:00.972 0.8,0.0,0.0,0.0,0.0,0.0
2026-09-30T01:17:01.022 0.8,0.0,0.0,0.0,0.0,0.0
2026-09-30T01:17:01.072 0.8,0.0,0.0,0.0,0.0,0.0
2026-09-30T01:17:01.123 0.8,0.0,0.0,0.0,0.0,0.0
2026-09-30T01:17:01.175 0.8,0.0,0.0,0.0,0.0,0.0
2026-09-30T01:17:01.232 0.8,0.0,0.0,0.0,0.0,0.0
2026-09-30T01:17:01.282 0.8,0.0,0.0,0.0,0.0,0.0
2026-09-30T01:17:01.322 0.8,0.0,0.0,0.0,0.0,0.0
2026-09-30T01:17:01.372 0.8,0.0,0.0,0.0,0.0,0.0
2026-09-30T01:17:01.422 0.8,0.0,0.0,0.0,0.0,0.0
2026-09-30T01:17:01.472 0.8,0.0,0.0,0.0,0.0,0.0
2026-09-30T01:17:01.522 0.8,0.0,0.0,0.0,0.0,0.0
2026-09-30T01:17:01.572 0.8,0.0,0.0,0.0,0.0,0.0
2026-09-30T01:17:01.622 0.8,0.0,0.0,0.0,0.0,0.0
2026-09-30T01:17:01.672 0.8,0.0,0.0,0.0,0.0,0.0
2026-09-30T01:17:01.722 0.8,0.0,0.0,0.0,0.0,0.0
2026-09-30T01:17:01.782 0.8,0.0,0.0,0.0,0.0,0.0
2026-09-30T01:17:01.833 0.8,0.0,0.0,0.0,0.0,0.0
2026-09-30T01:17:01.882 0.8,0.0,0.0,0.0,0.0,0.0
2026-09-30T01:17:01.922 0.8,0.0,0.0,0.0,0.0,0.0
2026-09-30T01:17:01.972 0.8,0.0,0.0,0.0,0.0,0.0
2026-09-30T01:17:02.024 0.8,0.0,0.0,0.0,0.0,0.03684210526315797
2026-09-30T01:17:02.074 0.8,0.0,0.0,0.0,0.0,0.03684210526315797
2026-09-30T01:17:02.122 0.8,0.0,0.0,0.0,0.0,0.03684210526315797
2026-09-30T01:17:02.172 0.8,0.0,0.0,0.0,0.0,0.03684210526315797
2026-09-30T01:17:02.222 0.8,0.0,0.0,0.0,0.0,0.03684210526315797
2026-09-30T01:17:02.272 0.8,0.0,0.0,0.0,0.0,0.03684210526315797
2026-09-30T01:17:02.322 0.8,0.0,0.0,0.0,0.0,0.03684210526315797
2026-09-30T01:17:02.372 0.8,0.0,0.0,0.0,0.0,0.03684210526315797
2026-09-30T01:17:02.422 0.8,0.0,0.0,0.0,0.0,0.03684210526315797
2026-09-30T01:17:02.483 0.8,0.0,0.0,0.0,0.0,0.03684210526315797
2026-09-30T01:17:02.522 0.8,0.0,0.0,0.0,0.0,0.03684210526315797
2026-09-30T01:17:02.573 0.8,0.0,0.0,0.0,0.0,0.03684210526315797
2026-09-30T01:17:02.622 0.8,0.0,0.0,0.0,0.0,0.03684210526315797
2026-09-30T01:17:02.672 0.8,0.0,0.0,0.0,0.0,0.03684210526315797
2026-09-30T01:17:02.722 0.8,0.0,0.0,0.0,0.0,0.03684210526315797
2026-09-30T01:17:02.772 0.8,0.0,0.0,0.0,0.0,0.03684210526315797
2026-09-30T01:17:02.822 0.8,0.0,0.0,0.0,0.0,0.03684210526315797
2026-09-30T01:17:02.872 0.8,0.0,0.0,0.0,0.0,0.03684210526315797
2026-09-30T01:17:02.922 0.8,0.0,0.0,0.0,0.0,0.03684210526315797
2026-09-30T01:17:02.972 0.8,0.0,0.0,0.0,0.0,0.03684210526315797
2026-09-30T01:17:03.023 0.8,0.0,0.0,0.0,0.0,0.03684210526315797
2026-09-30T01:17:03.072 0.8,0.0,0.0,0.0,0.0,0.03684210526315797
2026-09-30T01:17:03.122 0.8,0.0,0.0,0.0,0.0,0.0
2026-09-30T01:17:03.172 0.8,0.0,0.0,0.0,0.0,0.0
2026-09-30T01:17:03.222 0.8,0.0,0.0,0.0,0.0,0.0
2026-09-30T01:17:03.283 0.8,0.0,0.0,0.0,0.0,0.0
2026-09-30T01:17:03.333 0.8,0.0,0.0,0.0,0.0,0.0
2026-09-30T01:17:03.372 0.8,0.0,0.0,0.0,0.0,0.0
2026-09-30T01:17:03.422 0.8,0.0,0.0,0.0,0.0,0.0
2026-09-30T01:17:03.472 0.8,0.0,0.0,0.0,0.0,0.0
2026-09-30T01:17:03.522 0.8,0.0,0.0,0.0,0.0,0.0
2026-09-30T01:17:03.572 0.8,0.0,0.0,0.0,0.0,0.0
2026-09-30T01:17:03.622 0.8,0.0,0.0,0.0,0.0,0.0
2026-09-30T01:17:03.672 0.8,0.0,0.0,0.0,0.0,0.0
2026-09-30T01:17:03.722 0.8,0.0,0.0,0.0,0.0,0.0
2026-09-30T01:17:03.772 0.8,0.0,0.0,0.0,0.0,0.0
2026-09-30T01:17:03.822 0.8,0.0,0.0,0.0,0.0,0.0
2026-09-30T01:17:03.874 0.8,0.0,0.0,0.0,0.0,0.0
2026-09-30T01:17:03.923 0.8,0.0,0.0,0.0,0.0,0.0
2026-09-30T01:17:03.972 0.8,0.0,0.0,0.0,0.0,0.0
2026-09-30T01:17:04.022 0.8,0.0,0.0,0.0,0.0,0.0
2026-09-30T01:17:04.072 0.8,0.0,0.0,0.0,0.0,0.0
2026-09-30T01:17:04.132 0.8,0.0,0.0,0.0,0.0,0.0
2026-09-30T01:17:04.172 0.8,0.0,0.0,0.0,0.0,0.0
2026-09-30T01:17:04.222 0.8,0.0,0.0,0.0,0.0,0.0
2026-09-30T01:17:04.272 0.8,0.0,0.0,0.0,0.0,0.0
2026-09-30T01:17:04.322 0.8,0.0,0.0,0.0,0.0,0.0
2026-09-30T01:17:04.383 0.8,0.0,0.0,0.0,0.0,0.0
2026-09-30T01:17:04.422 0.8,0.0,0.0,0.0,0.0,0.0
2026-09-30T01:17:04.472 0.8,0.0,0.0,0.0,0.0,0.0
2026-09-30T01:17:04.522 0.8,0.0,0.0,0.0,0.0,0.0
2026-09-30T01:17:04.572 0.8,0.0,0.0,0.0,0.0,0.0
2026-09-30T01:17:04.622 0.8,0.0,0.0,0.0,0.0,0.0
2026-09-30T01:17:04.672 0.8,0.0,0.0,0.0,0.0,0.0
2026-09-30T01:17:04.722 0.8,0.0,0.0,0.0,0.0,0.0
2026-09-30T01:17:04.772 0.8,0.0,0.0,0.0,0.0,0.0
2026-09-30T01:17:04.822 0.8,0.0,0.0,0.0,0.0,0.0
2026-09-30T01:17:04.872 0.8,0.0,0.0,0.0,0.0,0.0
2026-09-30T01:17:04.922 0.8,0.0,0.0,0.0,0.0,0.0
2026-09-30T01:17:04.972 0.8,0.0,0.0,0.0,0.0,0.0
2026-09-30T01:17:05.022 0.8,0.0,0.0,0.0,0.0,0.0
2026-09-30T01:17:05.072 0.8,0.0,0.0,0.0,0.0,0.0
2026-09-30T01:17:05.122 0.8,0.0,0.0,0.0,0.0,0.0
2026-09-30T01:17:05.172 0.8,0.0,0.0,0.0,0.0,0.0
2026-09-30T01:17:05.222 0.8,0.0,0.0,0.0,0.0,0.0
2026-09-30T01:17:05.272 0.8,0.0,0.0,0.0,0.0,0.0
2026-09-30T01:17:05.322 0.8,0.0,0.0,0.0,0.0,0.0
2026-09-30T01:17:05.382 0.8,0.0,0.0,0.0,0.0,0.0
2026-09-30T01:17:05.422 0.8,0.0,0.0,0.0,0.0,0.0
2026-09-30T01:17:05.472 0.8,0.0,0.0,0.0,0.0,0.0
2026-09-30T01:17:05.522 0.8,0.0,0.0,0.0,0.0,0.0
2026-09-30T01:17:05.572 0.8,0.0,0.0,0.0,0.0,-0.036842105263157815
2026-09-30T01:17:05.622 0.8,0.0,0.0,0.0,0.0,-0.036842105263157815
2026-09-30T01:17:05.672 0.8,0.0,0.0,0.0,0.0,-0.036842105263157815
2026-09-30T01:17:05.722 0.8,0.0,0.0,0.0,0.0,-0.036842105263157815
2026-09-30T01:17:05.772 0.8,0.0,0.0,0.0,0.0,-0.036842105263157815
2026-09-30T01:17:05.822 0.8,0.0,0.0,0.0,0.0,-0.036842105263157815
2026-09-30T01:17:05.872 0.8,0.0,0.0,0.0,0.0,-0.036842105263157815
2026-09-30T01:17:05.922 0.8,0.0,0.0,0.0,0.0,-0.036842105263157815
2026-09-30T01:17:05.972 0.8,0.0,0.0,0.0,0.0,-0.036842105263157815
2026-09-30T01:17:06.022 0.8,0.0,0.0,0.0,0.0,-0.036842105263157815
2026-09-30T01:17:06.072 0.8,0.0,0.0,0.0,0.0,-0.036842105263157815
2026-09-30T01:17:06.122 0.8,0.0,0.0,0.0,0.0,-0.036842105263157815
2026-09-30T01:17:06.172 0.8,0.0,0.0,0.0,0.0,0.0
2026-09-30T01:17:06.232 0.8,0.0,0.0,0.0,0.0,0.0
2026-09-30T01:17:06.272 0.8,0.0,0.0,0.0,0.0,0.0
2026-09-30T01:17:06.322 0.8,0.0,0.0,0.0,0.0,0.03684210526315797
2026-09-30T01:17:06.383 0.8,0.0,0.0,0.0,0.0,0.03684210526315797
2026-09-30T01:17:06.422 0.8,0.0,0.0,0.0,0.0,0.03684210526315797
2026-09-30T01:17:06.472 0.8,0.0,0.0,0.0,0.0,0.03684210526315797
2026-09-30T01:17:06.522 0.8,0.0,0.0,0.0,0.0,0.03684210526315797
2026-09-30T01:17:06.572 0.8,0.0,0.0,0.0,0.0,0.03684210526315797
2026-09-30T01:17:06.622 0.8,0.0,0.0,0.0,0.0,0.03684210526315797
2026-09-30T01:17:06.672 0.8,0.0,0.0,0.0,0.0,0.03684210526315797
2026-09-30T01:17:06.722 0.8,0.0,0.0,0.0,0.0,0.03684210526315797
2026-09-30T01:17:06.772 0.8,0.0,0.0,0.0,0.0,0.03684210526315797
2026-09-30T01:17:06.822 0.8,0.0,0.0,0.0,0.0,0.03684210526315797
2026-09-30T01:17:06.872 0.8,0.0,0.0,0.0,0.0,0.03684210526315797
2026-09-30T01:17:06.922 0.8,0.0,0.0,0.0,0.0,0.0
2026-09-30T01:17:06.972 0.8,0.0,0.0,0.0,0.0,0.0
2026-09-30T01:17:07.023 0.8,0.0,0.0,0.0,0.0,0.0
2026-09-30T01:17:07.072 0.8,0.0,0.0,0.0,0.0,0.0
2026-09-30T01:17:07.122 0.8,0.0,0.0,0.0,0.0,0.0
2026-09-30T01:17:07.172 0.8,0.0,0.0,0.0,0.0,0.0
2026-09-30T01:17:07.222 0.8,0.0,0.0,0.0,0.0,0.0
2026-09-30T01:17:07.272 0.8,0.0,0.0,0.0,0.0,0.0
2026-09-30T01:17:07.322 0.8,0.0,0.0,0.0,0.0,0.0
2026-09-30T01:17:07.372 0.8,0.0,0.0,0.0,0.0,0.0
2026-09-30T01:17:07.425 0.8,0.0,0.0,0.0,0.0,0.0
2026-09-30T01:17:07.472 0.8,0.0,0.0,0.0,0.0,0.0
2026-09-30T01:17:07.522 0.8,0.0,0.0,0.0,0.0,0.0
2026-09-30T01:17:07.572 0.8,0.0,0.0,0.0,0.0,0.0
2026-09-30T01:17:07.622 0.8,0.0,0.0,0.0,0.0,0.0
2026-09-30T01:17:07.672 0.8,0.0,0.0,0.0,0.0,0.0
2026-09-30T01:17:07.722 0.8,0.0,0.0,0.0,0.0,0.0
2026-09-30T01:17:07.772 0.8,0.0,0.0,0.0,0.0,0.0
2026-09-30T01:17:07.822 0.8,0.0,0.0,0.0,0.0,0.0
2026-09-30T01:17:07.872 0.8,0.0,0.0,0.0,0.0,0.0
2026-09-30T01:17:07.922 0.8,0.0,0.0,0.0,0.0,0.0
2026-09-30T01:17:07.972 0.8,0.0,0.0,0.0,0.0,0.0
2026-09-30T01:17:08.022 0.8,0.0,0.0,0.0,0.0,0.0
2026-09-30T01:17:08.072 0.8,0.0,0.0,0.0,0.0,0.0
2026-09-30T01:17:08.122 0.8,0.0,0.0,0.0,0.0,0.0
2026-09-30T01:17:08.172 0.8,0.0,0.0,0.0,0.0,0.0
2026-09-30T01:17:08.222 0.8,0.0,0.0,0.0,0.0,0.0
2026-09-30T01:17:08.272 0.8,0.0,0.0,0.0,0.0,0.0
2026-09-30T01:17:08.322 0.8,0.0,0.0,0.0,0.0,0.0
2026-09-30T01:17:08.372 0.8,0.0,0.0,0.0,0.0,0.0
2026-09-30T01:17:08.422 0.8,0.0,0.0,0.0,0.0,0.0
2026-09-30T01:17:08.472 0.8,0.0,0.0,0.0,0.0,0.0
2026-09-30T01:17:08.522 0.8,0.0,0.0,0.0,0.0,0.0
2026-09-30T01:17:08.572 0.8,0.0,0.0,0.0,0.0,0.0
2026-09-30T01:17:08.624 0.8,0.0,0.0,0.0,0.0,0.0
2026-09-30T01:17:08.672 0.8,0.0,0.0,0.0,0.0,0.0
2026-09-30T01:17:08.723 0.8,0.0,0.0,0.0,0.0,0.0
2026-09-30T01:17:08.772 0.8,0.0,0.0,0.0,0.0,0.0
2026-09-30T01:17:08.823 0.8,0.0,0.0,0.0,0.0,0.0
2026-09-30T01:17:08.872 0.8,0.0,0.0,0.0,0.0,0.0
2026-09-30T01:17:08.923 0.8,0.0,0.0,0.0,0.0,0.0
2026-09-30T01:17:08.972 0.8,0.0,0.0,0.0,0.0,0.0
2026-09-30T01:17:09.023 0.8,0.0,0.0,0.0,0.0,0.0
2026-09-30T01:17:09.072 0.8,0.0,0.0,0.0,0.0,0.0
2026-09-30T01:17:09.132 0.8,0.0,0.0,0.0,0.0,0.0
2026-09-30T01:17:09.172 0.8,0.0,0.0,0.0,0.0,0.0
2026-09-30T01:17:09.222 0.8,0.0,0.0,0.0,0.0,0.0
2026-09-30T01:17:09.272 0.8,0.0,0.0,0.0,0.0,0.0
2026-09-30T01:17:09.322 0.8,0.0,0.0,0.0,0.0,0.0
2026-09-30T01:17:09.372 0.8,0.0,0.0,0.0,0.0,0.0
2026-09-30T01:17:10.290 0.8,0.0,0.0,0.0,0.0,0.0
2026-09-30T01:17:10.340 0.8,0.0,0.0,0.0,0.0,0.0
2026-09-30T01:17:11.551 0.8,0.0,0.0,0.0,0.0,0.0
2026-09-30T01:17:11.601 0.8,0.0,0.0,0.0,0.0,0.0
2026-09-30T01:17:11.661 0.8,0.0,0.0,0.0,0.0,0.0
2026-09-30T01:17:11.701 0.8,0.0,0.0,0.0,0.0,0.0
2026-09-30T01:17:11.751 0.8,0.0,0.0,0.0,0.0,0.0
2026-09-30T01:17:11.801 0.8,0.0,0.0,0.0,0.0,0.0
2026-09-30T01:17:11.851 0.8,0.0,0.0,0.0,0.0,0.0
2026-09-30T01:17:11.901 0.8,0.0,0.0,0.0,0.0,0.0
2026-09-30T01:17:11.961 0.8,0.0,0.0,0.0,0.0,0.0
2026-09-30T01:17:12.001 0.8,0.0,0.0,0.0,0.0,0.0
2026-09-30T01:17:12.051 0.8,0.0,0.0,0.0,0.0,0.0
2026-09-30T01:17:12.101 0.8,0.0,0.0,0.0,0.0,0.0
2026-09-30T01:17:12.151 0.8,0.0,0.0,0.0,0.0,0.0
2026-09-30T01:17:12.201 0.8,0.0,0.0,0.0,0.0,0.0
2026-09-30T01:17:12.251 0.8,0.0,0.0,0.0,0.0,0.0
2026-09-30T01:17:12.301 0.8,0.0,0.0,0.0,0.0,0.0
2026-09-30T01:17:12.351 0.8,0.0,0.0,0.0,0.0,0.0
2026-09-30T01:17:12.401 0.8,0.0,0.0,0.0,0.0,0.0
2026-09-30T01:17:12.451 0.8,0.0,0.0,0.0,0.0,0.0
2026-09-30T01:17:12.501 0.8,0.0,0.0,0.0,0.0,0.0
2026-09-30T01:17:12.551 0.8,0.0,0.0,0.0,0.0,0.0
2026-09-30T01:17:12.601 0.8,0.0,0.0,0.0,0.0,0.0
2026-09-30T01:17:12.651 0.8,0.0,0.0,0.0,0.0,0.0
2026-09-30T01:17:12.701 0.8,0.0,0.0,0.0,0.0,0.0
2026-09-30T01:17:12.751 0.8,0.0,0.0,0.0,0.0,0.0
2026-09-30T01:17:12.801 0.8,0.0,0.0,0.0,0.0,0.0
2026-09-30T01:17:12.851 0.8,0.0,0.0,0.0,0.0,0.0
2026-09-30T01:17:12.901 0.8,0.0,0.0,0.0,0.0,0.0
2026-09-30T01:17:12.951 0.8,0.0,0.0,0.0,0.0,0.0
2026-09-30T01:17:13.001 0.8,0.0,0.0,0.0,0.0,0.0
2026-09-30T01:17:13.051 0.8,0.0,0.0,0.0,0.0,0.0
2026-09-30T01:17:13.101 0.8,0.0,0.0,0.0,0.0,0.0
2026-09-30T01:17:13.151 0.8,0.0,0.0,0.0,0.0,0.0
2026-09-30T01:17:13.201 0.8,0.0,0.0,0.0,0.0,0.0
2026-09-30T01:17:13.251 0.8,0.0,0.0,0.0,0.0,0.0
2026-09-30T01:17:13.301 0.8,0.0,0.0,0.0,0.0,0.0
2026-09-30T01:17:13.351 0.8,0.0,0.0,0.0,0.0,0.0
2026-09-30T01:17:13.401 0.8,0.0,0.0,0.0,0.0,0.0
2026-09-30T01:17:13.451 0.8,0.0,0.0,0.0,0.0,0.0
2026-09-30T01:17:13.501 0.8,0.0,0.0,0.0,0.0,0.0
2026-09-30T01:17:13.551 0.8,0.0,0.0,0.0,0.0,0.0
2026-09-30T01:17:13.601 0.8,0.0,0.0,0.0,0.0,0.0
2026-09-30T01:17:13.651 0.8,0.0,0.0,0.0,0.0,0.0
2026-09-30T01:17:13.701 0.8,0.0,0.0,0.0,0.0,0.0
2026-09-30T01:17:13.751 0.8,0.0,0.0,0.0,0.0,0.0
2026-09-30T01:17:13.801 0.8,0.0,0.0,0.0,0.0,0.0
2026-09-30T01:17:13.851 0.8,0.0,0.0,0.0,0.0,0.0
2026-09-30T01:17:13.901 0.8,0.0,0.0,0.0,0.0,0.0
2026-09-30T01:17:13.951 0.8,0.0,0.0,0.0,0.0,0.0
2026-09-30T01:17:14.001 0.8,0.0,0.0,0.0,0.0,0.0
2026-09-30T01:17:14.051 0.8,0.0,0.0,0.0,0.0,0.0
2026-09-30T01:17:14.101 0.8,0.0,0.0,0.0,0.0,0.0
2026-09-30T01:17:14.151 0.8,0.0,0.0,0.0,0.0,0.0
2026-09-30T01:17:14.201 0.8,0.0,0.0,0.0,0.0,0.0
2026-09-30T01:17:14.251 0.8,0.0,0.0,0.0,0.0,0.0
2026-09-30T01:17:14.301 0.8,0.0,0.0,0.0,0.0,0.0
2026-09-30T01:17:14.351 0.8,0.0,0.0,0.0,0.0,0.0
2026-09-30T01:17:14.401 0.8,0.0,0.0,0.0,0.0,0.0
2026-09-30T01:17:14.451 0.8,0.0,0.0,0.0,0.0,0.0
2026-09-30T01:17:14.501 0.8,0.0,0.0,0.0,0.0,0.0
2026-09-30T01:17:14.551 0.8,0.0,0.0,0.0,0.0,0.0
2026-09-30T01:17:14.601 0.8,0.0,0.0,0.0,0.0,0.0
2026-09-30T01:17:14.651 0.8,0.0,0.0,0.0,0.0,0.0
2026-09-30T01:17:14.701 0.8,0.0,0.0,0.0,0.0,0.0
2026-09-30T01:17:14.751 0.8,0.0,0.0,0.0,0.0,0.0
2026-09-30T01:17:14.801 0.8,0.0,0.0,0.0,0.0,0.0
2026-09-30T01:17:14.851 0.8,0.0,0.0,0.0,0.0,0.0
2026-09-30T01:17:14.901 0.8,0.0,0.0,0.0,0.0,0.0
2026-09-30T01:17:14.951 0.8,0.0,0.0,0.0,0.0,0.0
2026-09-30T01:17:15.001 0.8,0.0,0.0,0.0,0.0,0.0
2026-09-30T01:17:15.051 0.8,0.0,0.0,0.0,0.0,0.0
2026-09-30T01:17:15.101 0.8,0.0,0.0,0.0,0.0,0.0
2026-09-30T01:17:15.161 0.8,0.0,0.0,0.0,0.0,0.0
2026-09-30T01:17:15.201 0.8,0.0,0.0,0.0,0.0,0.0
2026-09-30T01:17:15.251 0.8,0.0,0.0,0.0,0.0,0.0
2026-09-30T01:17:15.301 0.8,0.0,0.0,0.0,0.0,0.0
2026-09-30T01:17:15.351 0.8,0.0,0.0,0.0,0.0,0.0
2026-09-30T01:17:15.411 0.8,0.0,0.0,0.0,0.0,0.0
2026-09-30T01:17:15.451 0.8,0.0,0.0,0.0,0.0,0.0
2026-09-30T01:17:15.501 0.8,0.0,0.0,0.0,0.0,0.0
2026-09-30T01:17:15.551 0.8,0.0,0.0,0.0,0.0,0.0
2026-09-30T01:17:15.601 0.8,0.0,0.0,0.0,0.0,0.0
2026-09-30T01:17:15.651 0.8,0.0,0.0,0.0,0.0,0.0
2026-09-30T01:17:15.701 0.8,0.0,0.0,0.0,0.0,0.0
2026-09-30T01:17:15.751 0.8,0.0,0.0,0.0,0.0,0.0
2026-09-30T01:17:15.801 0.8,0.0,0.0,0.0,0.0,0.0
2026-09-30T01:17:15.851 0.8,0.0,0.0,0.0,0.0,0.0
2026-09-30T01:17:15.901 0.8,0.0,0.0,0.0,0.0,0.0
2026-09-30T01:17:15.951 0.8,0.0,0.0,0.0,0.0,0.0
2026-09-30T01:17:16.001 0.8,0.0,0.0,0.0,0.0,0.0
2026-09-30T01:17:16.051 0.8,0.0,0.0,0.0,0.0,0.0
2026-09-30T01:17:16.101 0.8,0.0,0.0,0.0,0.0,0.0
2026-09-30T01:17:16.153 0.8,0.0,0.0,0.0,0.0,0.0
2026-09-30T01:17:16.202 0.8,0.0,0.0,0.0,0.0,0.0
2026-09-30T01:17:16.252 0.8,0.0,0.0,0.0,0.0,0.0
2026-09-30T01:17:16.301 0.8,0.0,0.0,0.0,0.0,0.0
2026-09-30T01:17:16.351 0.8,0.0,0.0,0.0,0.0,0.0
2026-09-30T01:17:16.401 0.8,0.0,0.0,0.0,0.0,0.0
2026-09-30T01:17:16.451 0.8,0.0,0.0,0.0,0.0,0.0
2026-09-30T01:17:16.501 0.8,0.0,0.0,0.0,0.0,0.0
2026-09-30T01:17:16.551 0.8,0.0,0.0,0.0,0.0,0.0
2026-09-30T01:17:16.601 0.8,0.0,0.0,0.0,0.0,0.0
2026-09-30T01:17:16.651 0.8,0.0,0.0,0.0,0.0,0.0
2026-09-30T01:17:16.701 0.8,0.0,0.0,0.0,0.0,0.0
2026-09-30T01:17:16.751 0.8,0.0,0.0,0.0,0.0,0.0
2026-09-30T01:17:16.801 0.8,0.0,0.0,0.0,0.0,0.0
2026-09-30T01:17:16.851 0.8,0.0,0.0,0.0,0.0,0.0
2026-09-30T01:17:16.901 0.8,0.0,0.0,0.0,0.0,0.0
2026-09-30T01:17:16.961 0.8,0.0,0.0,0.0,0.0,0.0
2026-09-30T01:17:17.001 0.8,0.0,0.0,0.0,0.0,0.0
2026-09-30T01:17:17.051 0.8,0.0,0.0,0.0,0.0,0.03684210526315797
2026-09-30T01:17:17.101 0.8,0.0,0.0,0.0,0.0,0.03684210526315797
2026-09-30T01:17:17.151 0.8,0.0,0.0,0.0,0.0,0.03684210526315797
2026-09-30T01:17:17.201 0.8,0.0,0.0,0.0,0.0,0.03684210526315797
2026-09-30T01:17:17.251 0.8,0.0,0.0,0.0,0.0,0.03684210526315797
2026-09-30T01:17:17.301 0.8,0.0,0.0,0.0,0.0,0.03684210526315797
2026-09-30T01:17:17.351 0.8,0.0,0.0,0.0,0.0,0.03684210526315797
2026-09-30T01:17:17.401 0.8,0.0,0.0,0.0,0.0,0.03684210526315797
2026-09-30T01:17:17.451 0.8,0.0,0.0,0.0,0.0,0.03684210526315797
2026-09-30T01:17:17.501 0.8,0.0,0.0,0.0,0.0,0.03684210526315797
2026-09-30T01:17:17.551 0.8,0.0,0.0,0.0,0.0,0.03684210526315797
2026-09-30T01:17:17.601 0.8,0.0,0.0,0.0,0.0,0.03684210526315797
2026-09-30T01:17:17.651 0.8,0.0,0.0,0.0,0.0,0.03684210526315797
2026-09-30T01:17:17.701 0.8,0.0,0.0,0.0,0.0,0.03684210526315797
2026-09-30T01:17:17.751 0.8,0.0,0.0,0.0,0.0,0.03684210526315797
2026-09-30T01:17:17.811 0.8,0.0,0.0,0.0,0.0,0.03684210526315797
2026-09-30T01:17:17.851 0.8,0.0,0.0,0.0,0.0,0.03684210526315797
2026-09-30T01:17:17.901 0.8,0.0,0.0,0.0,0.0,0.03684210526315797
2026-09-30T01:17:17.961 0.8,0.0,0.0,0.0,0.0,0.03684210526315797
2026-09-30T01:17:18.001 0.8,0.0,0.0,0.0,0.0,0.03684210526315797
2026-09-30T01:17:18.051 0.8,0.0,0.0,0.0,0.0,0.03684210526315797
2026-09-30T01:17:18.101 0.8,0.0,0.0,0.0,0.0,0.03684210526315797
2026-09-30T01:17:18.151 0.8,0.0,0.0,0.0,0.0,0.03684210526315797
2026-09-30T01:17:18.201 0.8,0.0,0.0,0.0,0.0,0.03684210526315797
2026-09-30T01:17:18.251 0.8,0.0,0.0,0.0,0.0,0.03684210526315797
2026-09-30T01:17:18.301 0.8,0.0,0.0,0.0,0.0,0.03684210526315797
2026-09-30T01:17:18.351 0.8,0.0,0.0,0.0,0.0,0.03684210526315797
2026-09-30T01:17:18.403 0.8,0.0,0.0,0.0,0.0,0.03684210526315797
2026-09-30T01:17:18.451 0.8,0.0,0.0,0.0,0.0,0.03684210526315797
2026-09-30T01:17:18.501 0.8,0.0,0.0,0.0,0.0,0.03684210526315797
2026-09-30T01:17:18.551 0.8,0.0,0.0,0.0,0.0,0.0
2026-09-30T01:17:18.601 0.8,0.0,0.0,0.0,0.0,0.0
2026-09-30T01:17:18.654 0.8,0.0,0.0,0.0,0.0,0.0
2026-09-30T01:17:18.701 0.8,0.0,0.0,0.0,0.0,0.0
2026-09-30T01:17:18.751 0.8,0.0,0.0,0.0,0.0,0.0
2026-09-30T01:17:18.801 0.8,0.0,0.0,0.0,0.0,0.03684210526315797
2026-09-30T01:17:18.851 0.8,0.0,0.0,0.0,0.0,0.03684210526315797
2026-09-30T01:17:18.901 0.8,0.0,0.0,0.0,0.0,0.03684210526315797
2026-09-30T01:17:18.951 0.8,0.0,0.0,0.0,0.0,0.03684210526315797
2026-09-30T01:17:19.001 0.8,0.0,0.0,0.0,0.0,0.03684210526315797
2026-09-30T01:17:19.051 0.8,0.0,0.0,0.0,0.0,0.03684210526315797
2026-09-30T01:17:19.101 0.8,0.0,0.0,0.0,0.0,0.03684210526315797
2026-09-30T01:17:19.151 0.8,0.0,0.0,0.0,0.0,0.03684210526315797
2026-09-30T01:17:19.201 0.8,0.0,0.0,0.0,0.0,0.03684210526315797
2026-09-30T01:17:19.251 0.8,0.0,0.0,0.0,0.0,0.03684210526315797
2026-09-30T01:17:19.301 0.8,0.0,0.0,0.0,0.0,0.03684210526315797
2026-09-30T01:17:19.351 0.8,0.0,0.0,0.0,0.0,0.03684210526315797
2026-09-30T01:17:19.401 0.8,0.0,0.0,0.0,0.0,0.03684210526315797
2026-09-30T01:17:19.451 0.8,0.0,0.0,0.0,0.0,0.03684210526315797
2026-09-30T01:17:19.501 0.8,0.0,0.0,0.0,0.0,0.03684210526315797
2026-09-30T01:17:19.561 0.8,0.0,0.0,0.0,0.0,0.03684210526315797
2026-09-30T01:17:19.601 0.8,0.0,0.0,0.0,0.0,0.03684210526315797
2026-09-30T01:17:19.651 0.8,0.0,0.0,0.0,0.0,0.03684210526315797
2026-09-30T01:17:19.701 0.8,0.0,0.0,0.0,0.0,0.03684210526315797
2026-09-30T01:17:19.751 0.8,0.0,0.0,0.0,0.0,0.03684210526315797
2026-09-30T01:17:19.801 0.8,0.0,0.0,0.0,0.0,0.03684210526315797
2026-09-30T01:17:19.851 0.8,0.0,0.0,0.0,0.0,0.0
2026-09-30T01:17:19.904 0.8,0.0,0.0,0.0,0.0,0.03684210526315797
2026-09-30T01:17:19.953 0.8,0.0,0.0,0.0,0.0,0.03684210526315797
2026-09-30T01:17:20.001 0.8,0.0,0.0,0.0,0.0,0.03684210526315797
2026-09-30T01:17:20.051 0.8,0.0,0.0,0.0,0.0,0.03684210526315797
2026-09-30T01:17:20.101 0.8,0.0,0.0,0.0,0.0,0.03684210526315797
2026-09-30T01:17:20.151 0.8,0.0,0.0,0.0,0.0,0.03684210526315797
2026-09-30T01:17:20.201 0.8,0.0,0.0,0.0,0.0,0.03684210526315797
2026-09-30T01:17:20.251 0.8,0.0,0.0,0.0,0.0,0.03684210526315797
2026-09-30T01:17:20.301 0.8,0.0,0.0,0.0,0.0,0.03684210526315797
2026-09-30T01:17:20.351 0.8,0.0,0.0,0.0,0.0,0.03684210526315797
2026-09-30T01:17:20.401 0.8,0.0,0.0,0.0,0.0,0.03684210526315797
2026-09-30T01:17:20.451 0.8,0.0,0.0,0.0,0.0,0.03684210526315797
2026-09-30T01:17:20.502 0.8,0.0,0.0,0.0,0.0,0.03684210526315797
2026-09-30T01:17:20.553 0.8,0.0,0.0,0.0,0.0,0.03684210526315797
2026-09-30T01:17:20.611 0.8,0.0,0.0,0.0,0.0,0.03684210526315797
2026-09-30T01:17:20.651 0.8,0.0,0.0,0.0,0.0,0.03684210526315797
2026-09-30T01:17:20.701 0.8,0.0,0.0,0.0,0.0,0.03684210526315797
2026-09-30T01:17:20.751 0.8,0.0,0.0,0.0,0.0,0.03684210526315797
2026-09-30T01:17:20.801 0.8,0.0,0.0,0.0,0.0,0.03684210526315797
2026-09-30T01:17:20.851 0.8,0.0,0.0,0.0,0.0,0.03684210526315797
2026-09-30T01:17:20.901 0.8,0.0,0.0,0.0,0.0,0.03684210526315797
2026-09-30T01:17:20.951 0.8,0.0,0.0,0.0,0.0,0.03684210526315797
2026-09-30T01:17:21.001 0.8,0.0,0.0,0.0,0.0,0.03684210526315797
2026-09-30T01:17:21.051 0.8,0.0,0.0,0.0,0.0,0.03684210526315797
2026-09-30T01:17:21.101 0.8,0.0,0.0,0.0,0.0,0.03684210526315797
2026-09-30T01:17:21.161 0.8,0.0,0.0,0.0,0.0,0.03684210526315797
2026-09-30T01:17:21.201 0.8,0.0,0.0,0.0,0.0,0.03684210526315797
2026-09-30T01:17:21.264 0.8,0.0,0.0,0.0,0.0,0.03684210526315797
2026-09-30T01:17:21.302 0.8,0.0,0.0,0.0,0.0,0.03684210526315797
2026-09-30T01:17:21.351 0.8,0.0,0.0,0.0,0.0,0.03684210526315797
2026-09-30T01:17:21.401 0.8,0.0,0.0,0.0,0.0,0.03684210526315797
2026-09-30T01:17:21.451 0.8,0.0,0.0,0.0,0.0,0.03684210526315797
2026-09-30T01:17:21.501 0.8,0.0,0.0,0.0,0.0,0.03684210526315797
2026-09-30T01:17:21.551 0.8,0.0,0.0,0.0,0.0,0.03684210526315797
2026-09-30T01:17:21.601 0.8,0.0,0.0,0.0,0.0,0.03684210526315797
2026-09-30T01:17:21.651 0.8,0.0,0.0,0.0,0.0,0.03684210526315797
2026-09-30T01:17:21.701 0.8,0.0,0.0,0.0,0.0,0.03684210526315797
2026-09-30T01:17:21.751 0.8,0.0,0.0,0.0,0.0,0.03684210526315797
2026-09-30T01:17:21.801 0.8,0.0,0.0,0.0,0.0,0.0
2026-09-30T01:17:21.851 0.8,0.0,0.0,0.0,0.0,0.0
2026-09-30T01:17:21.902 0.8,0.0,0.0,0.0,0.0,0.0
2026-09-30T01:17:21.951 0.8,0.0,0.0,0.0,0.0,0.0
2026-09-30T01:17:22.002 0.8,0.0,0.0,0.0,0.0,0.0
2026-09-30T01:17:22.051 0.8,0.0,0.0,0.0,0.0,0.0
2026-09-30T01:17:22.101 0.8,0.0,0.0,0.0,0.0,0.0
2026-09-30T01:17:22.151 0.8,0.0,0.0,0.0,0.0,0.0
2026-09-30T01:17:22.211 0.8,0.0,0.0,0.0,0.0,0.0
2026-09-30T01:17:22.251 0.8,0.0,0.0,0.0,0.0,0.0
2026-09-30T01:17:22.301 0.8,0.0,0.0,0.0,0.0,0.0
2026-09-30T01:17:22.351 0.8,0.0,0.0,0.0,0.0,0.0
2026-09-30T01:17:22.401 0.8,0.0,0.0,0.0,0.0,0.0
2026-09-30T01:17:22.451 0.8,0.0,0.0,0.0,0.0,0.0
2026-09-30T01:17:22.501 0.8,0.0,0.0,0.0,0.0,0.0
2026-09-30T01:17:22.551 0.8,0.0,0.0,0.0,0.0,0.0
2026-09-30T01:17:22.601 0.8,0.0,0.0,0.0,0.0,0.0
2026-09-30T01:17:22.651 0.8,0.0,0.0,0.0,0.0,0.0
2026-09-30T01:17:22.701 0.8,0.0,0.0,0.0,0.0,0.0
2026-09-30T01:17:22.751 0.8,0.0,0.0,0.0,0.0,0.0
2026-09-30T01:17:22.801 0.8,0.0,0.0,0.0,0.0,0.0
2026-09-30T01:17:22.852 0.8,0.0,0.0,0.0,0.0,0.0
2026-09-30T01:17:22.901 0.675,0.0,0.0,0.0,0.0,0.0
2026-09-30T01:17:22.963 0.55,0.0,0.0,0.0,0.0,0.0
2026-09-30T01:17:23.001 0.42500000000000004,0.0,0.0,0.0,0.0,0.0
2026-09-30T01:17:23.051 0.30000000000000004,0.0,0.0,0.0,0.0,0.0
2026-09-30T01:17:23.101 0.17500000000000004,0.0,0.0,0.0,0.0,0.0
2026-09-30T01:17:23.151 0.050000000000000044,0.0,0.0,0.0,0.0,0.0
2026-09-30T01:17:23.201 0.0,0.0,0.0,0.0,0.0,0.0
2026-09-30T01:17:23.251 0.0,0.0,0.0,0.0,0.0,0.0
2026-09-30T01:17:23.301 0.0,0.0,0.0,0.0,0.0,0.0
2026-09-30T01:17:23.351 0.0,0.0,0.0,0.0,0.0,0.0
2026-09-30T01:17:23.401 0.0,0.0,0.0,0.0,0.0,0.0
2026-09-30T01:17:23.451 0.0,0.0,0.0,0.0,0.0,0.0
2026-09-30T01:17:23.501 0.0,0.0,0.0,0.0,0.0,0.0
2026-09-30T01:17:23.551 0.0,0.0,0.0,0.0,0.0,0.0
2026-09-30T01:17:23.601 0.0,0.0,0.0,0.0,0.0,0.0
2026-09-30T01:17:23.661 0.0,0.0,0.0,0.0,0.0,0.0
2026-09-30T01:17:23.701 0.0,0.0,0.0,0.0,0.0,0.0
2026-09-30T01:17:23.751 0.0,0.0,0.0,0.0,0.0,0.0
2026-09-30T01:17:23.801 0.0,0.0,0.0,0.0,0.0,0.0
2026-09-30T01:17:23.851 0.0,0.0,0.0,0.0,0.0,0.0
2026-09-30T01:17:23.911 0.0,0.0,0.0,0.0,0.0,0.0
2026-09-30T01:17:23.951 0.0,0.0,0.0,0.0,0.0,0.0
2026-09-30T01:17:24.001 0.0,0.0,0.0,0.0,0.0,0.0
2026-09-30T01:17:24.051 0.0,0.0,0.0,0.0,0.0,0.0
2026-09-30T01:17:24.101 0.0,0.0,0.0,0.0,0.0,0.0
2026-09-30T01:17:24.151 0.0,0.0,0.0,0.0,0.0,0.0
2026-09-30T01:17:24.201 0.0,0.0,0.0,0.0,0.0,0.0
2026-09-30T01:17:24.251 0.0,0.0,0.0,0.0,0.0,0.0
2026-09-30T01:17:24.301 0.0,0.0,0.0,0.0,0.0,0.0
2026-09-30T01:17:24.351 0.0,0.0,0.0,0.0,0.0,0.0
2026-09-30T01:17:24.401 0.0,0.0,0.0,0.0,0.0,0.0
2026-09-30T01:17:24.451 0.0,0.0,0.0,0.0,0.0,0.0
2026-09-30T01:17:24.501 0.0,0.0,0.0,0.0,0.0,0.0
2026-09-30T01:17:24.551 0.0,0.0,0.0,0.0,0.0,0.0
2026-09-30T01:17:24.601 0.0,0.0,0.0,0.0,0.0,0.0
2026-09-30T01:17:24.651 0.0,0.0,0.0,0.0,0.0,0.0
2026-09-30T01:17:24.701 0.0,0.0,0.0,0.0,0.0,0.0
2026-09-30T01:17:24.751 0.0,0.0,0.0,0.0,0.0,0.0
2026-09-30T01:17:24.801 0.0,0.0,0.0,0.0,0.0,0.0
2026-09-30T01:17:24.851 0.0,0.0,0.0,0.0,0.0,0.0
2026-09-30T01:17:24.901 0.0,0.0,0.0,0.0,0.0,0.0
2026-09-30T01:17:24.951 0.0,0.0,0.0,0.0,0.0,0.0
2026-09-30T01:17:25.001 0.0,0.0,0.0,0.0,0.0,0.0
2026-09-30T01:17:25.051 0.0,0.0,0.0,0.0,0.0,0.0
2026-09-30T01:17:25.111 0.0,0.0,0.0,0.0,0.0,0.0
2026-09-30T01:17:25.151 0.0,0.0,0.0,0.0,0.0,0.0
2026-09-30T01:17:25.201 0.0,0.0,0.0,0.0,0.0,0.0
2026-09-30T01:17:25.251 0.0,0.0,0.0,0.0,0.0,0.0
2026-09-30T01:17:25.301 0.0,0.0,0.0,0.0,0.0,0.0
2026-09-30T01:17:25.351 0.0,0.0,0.0,0.0,0.0,0.0
2026-09-30T01:17:25.401 0.0,0.0,0.0,0.0,0.0,0.0
2026-09-30T01:17:25.451 0.0,0.0,0.0,0.0,0.0,0.0
2026-09-30T01:17:25.501 0.0,0.0,0.0,0.0,0.0,0.0
2026-09-30T01:17:25.551 0.0,0.0,0.0,0.0,0.0,0.0
2026-09-30T01:17:25.601 0.0,0.0,0.0,0.0,0.0,0.0
2026-09-30T01:17:25.651 0.0,0.0,0.0,0.0,0.0,0.0
2026-09-30T01:17:25.701 0.0,0.0,0.0,0.0,0.0,0.0
2026-09-30T01:17:25.751 0.0,0.0,0.0,0.0,0.0,0.0
2026-09-30T01:17:25.801 0.0,0.0,0.0,0.0,0.0,0.0
2026-09-30T01:17:37.351 0.125,0.0,0.0,0.0,0.0,0.0
2026-09-30T01:17:37.401 0.25,0.0,0.0,0.0,0.0,0.0
2026-09-30T01:17:37.451 0.375,0.0,0.0,0.0,0.0,0.0
2026-09-30T01:17:37.501 0.5,0.0,0.0,0.0,0.0,0.0
2026-09-30T01:17:37.551 0.625,0.0,0.0,0.0,0.0,0.0
2026-09-30T01:17:37.601 0.75,0.0,0.0,0.0,0.0,0.0
2026-09-30T01:17:37.651 0.8,0.0,0.0,0.0,0.0,0.0
2026-09-30T01:17:37.711 0.8,0.0,0.0,0.0,0.0,0.0
2026-09-30T01:17:37.751 0.8,0.0,0.0,0.0,0.0,0.0
2026-09-30T01:17:37.801 0.8,0.0,0.0,0.0,0.0,0.0
2026-09-30T01:17:37.851 0.8,0.0,0.0,0.0,0.0,0.0
2026-09-30T01:17:37.901 0.8,0.0,0.0,0.0,0.0,0.0
2026-09-30T01:17:37.951 0.8,0.0,0.0,0.0,0.0,0.0
2026-09-30T01:17:38.001 0.8,0.0,0.0,0.0,0.0,0.0
2026-09-30T01:17:38.051 0.8,0.0,0.0,0.0,0.0,0.0
2026-09-30T01:17:38.101 0.8,0.0,0.0,0.0,0.0,0.0
2026-09-30T01:17:38.151 0.8,0.0,0.0,0.0,0.0,0.0
2026-09-30T01:17:38.211 0.8,0.0,0.0,0.0,0.0,0.0
2026-09-30T01:17:38.251 0.8,0.0,0.0,0.0,0.0,0.0
2026-09-30T01:17:38.301 0.8,0.0,0.0,0.0,0.0,0.0
2026-09-30T01:17:38.351 0.8,0.0,0.0,0.0,0.0,0.0
2026-09-30T01:17:38.401 0.8,0.0,0.0,0.0,0.0,0.0
2026-09-30T01:17:38.451 0.8,0.0,0.0,0.0,0.0,0.0
2026-09-30T01:17:38.501 0.8,0.0,0.0,0.0,0.0,0.0
2026-09-30T01:17:38.551 0.8,0.0,0.0,0.0,0.0,0.0
2026-09-30T01:17:38.603 0.8,0.0,0.0,0.0,0.0,0.0
2026-09-30T01:17:38.651 0.8,0.0,0.0,0.0,0.0,0.0
2026-09-30T01:17:38.702 0.8,0.0,0.0,0.0,0.0,0.0
2026-09-30T01:17:38.751 0.8,0.0,0.0,0.0,0.0,0.0
2026-09-30T01:17:38.801 0.8,0.0,0.0,0.0,0.0,0.0
2026-09-30T01:17:38.851 0.8,0.0,0.0,0.0,0.0,0.0
2026-09-30T01:17:38.901 0.8,0.0,0.0,0.0,0.0,0.0
2026-09-30T01:17:38.951 0.8,0.0,0.0,0.0,0.0,0.0
2026-09-30T01:17:39.001 0.8,0.0,0.0,0.0,0.0,0.0
2026-09-30T01:17:39.051 0.8,0.0,0.0,0.0,0.0,0.0
2026-09-30T01:17:39.101 0.8,0.0,0.0,0.0,0.0,0.0
2026-09-30T01:17:39.151 0.8,0.0,0.0,0.0,0.0,0.0
2026-09-30T01:17:39.201 0.8,0.0,0.0,0.0,0.0,0.0
2026-09-30T01:17:39.261 0.8,0.0,0.0,0.0,0.0,0.0
2026-09-30T01:17:39.301 0.8,0.0,0.0,0.0,0.0,0.0
2026-09-30T01:17:39.351 0.8,0.0,0.0,0.0,0.0,0.0
2026-09-30T01:17:39.401 0.8,0.0,0.0,0.0,0.0,0.0
2026-09-30T01:17:39.451 0.8,0.0,0.0,0.0,0.0,0.0
2026-09-30T01:17:39.501 0.8,0.0,0.0,0.0,0.0,0.0
2026-09-30T01:17:39.551 0.8,0.0,0.0,0.0,0.0,0.0
2026-09-30T01:17:39.601 0.8,0.0,0.0,0.0,0.0,0.0
2026-09-30T01:17:39.651 0.8,0.0,0.0,0.0,0.0,0.0
2026-09-30T01:17:39.701 0.8,0.0,0.0,0.0,0.0,0.0
2026-09-30T01:17:39.751 0.8,0.0,0.0,0.0,0.0,0.0
2026-09-30T01:17:39.801 0.8,0.0,0.0,0.0,0.0,0.0
2026-09-30T01:17:39.861 0.8,0.0,0.0,0.0,0.0,0.0
2026-09-30T01:17:39.901 0.8,0.0,0.0,0.0,0.0,0.0
2026-09-30T01:17:39.951 0.8,0.0,0.0,0.0,0.0,0.0
2026-09-30T01:17:40.001 0.8,0.0,0.0,0.0,0.0,0.0
2026-09-30T01:17:40.051 0.8,0.0,0.0,0.0,0.0,0.0
2026-09-30T01:17:40.101 0.8,0.0,0.0,0.0,0.0,0.0
2026-09-30T01:17:40.151 0.8,0.0,0.0,0.0,0.0,0.0
2026-09-30T01:17:40.201 0.8,0.0,0.0,0.0,0.0,0.0
2026-09-30T01:17:40.262 0.8,0.0,0.0,0.0,0.0,0.0
2026-09-30T01:17:40.301 0.8,0.0,0.0,0.0,0.0,0.0
2026-09-30T01:17:40.351 0.8,0.0,0.0,0.0,0.0,0.0
2026-09-30T01:17:40.401 0.8,0.0,0.0,0.0,0.0,0.0
2026-09-30T01:17:40.451 0.8,0.0,0.0,0.0,0.0,0.0
2026-09-30T01:17:40.501 0.8,0.0,0.0,0.0,0.0,0.0
2026-09-30T01:17:40.552 0.8,0.0,0.0,0.0,0.0,0.0
2026-09-30T01:17:40.601 0.8,0.0,0.0,0.0,0.0,0.0
2026-09-30T01:17:40.651 0.8,0.0,0.0,0.0,0.0,0.0
2026-09-30T01:17:40.702 0.8,0.0,0.0,0.0,0.0,0.0
2026-09-30T01:17:40.751 0.8,0.0,0.0,0.0,0.0,0.0
2026-09-30T01:17:40.801 0.8,0.0,0.0,0.0,0.0,0.0
2026-09-30T01:17:40.851 0.8,0.0,0.0,0.0,0.0,0.0
2026-09-30T01:17:40.901 0.8,0.0,0.0,0.0,0.0,0.0
2026-09-30T01:17:40.961 0.8,0.0,0.0,0.0,0.0,0.0
2026-09-30T01:17:41.011 0.8,0.0,0.0,0.0,0.0,0.0
2026-09-30T01:17:41.051 0.8,0.0,0.0,0.0,0.0,0.0
2026-09-30T01:17:41.101 0.8,0.0,0.0,0.0,0.0,0.0
2026-09-30T01:17:41.151 0.8,0.0,0.0,0.0,0.0,0.0
2026-09-30T01:17:41.201 0.8,0.0,0.0,0.0,0.0,0.0
2026-09-30T01:17:41.251 0.8,0.0,0.0,0.0,0.0,0.0
2026-09-30T01:17:41.301 0.8,0.0,0.0,0.0,0.0,0.0
2026-09-30T01:17:41.351 0.8,0.0,0.0,0.0,0.0,0.0
2026-09-30T01:17:41.401 0.8,0.0,0.0,0.0,0.0,0.0
2026-09-30T01:17:42.253 0.8,0.0,0.0,0.0,0.0,0.03684210526315797
2026-09-30T01:17:42.303 0.8,0.0,0.0,0.0,0.0,0.03684210526315797
2026-09-30T01:17:43.515 0.8,0.0,0.0,0.0,0.0,0.03684210526315797
2026-09-30T01:17:43.565 0.8,0.0,0.0,0.0,0.0,0.03684210526315797
2026-09-30T01:17:43.618 0.8,0.0,0.0,0.0,0.0,0.03684210526315797
2026-09-30T01:17:43.664 0.8,0.0,0.0,0.0,0.0,0.03684210526315797
2026-09-30T01:17:43.715 0.8,0.0,0.0,0.0,0.0,0.0
2026-09-30T01:17:43.775 0.8,0.0,0.0,0.0,0.0,0.0
2026-09-30T01:17:43.816 0.8,0.0,0.0,0.0,0.0,0.0
2026-09-30T01:17:43.865 0.8,0.0,0.0,0.0,0.0,0.0
2026-09-30T01:17:43.915 0.8,0.0,0.0,0.0,0.0,0.0
2026-09-30T01:17:43.965 0.8,0.0,0.0,0.0,0.0,0.0
2026-09-30T01:17:44.016 0.8,0.0,0.0,0.0,0.0,0.03684210526315797
2026-09-30T01:17:44.065 0.8,0.0,0.0,0.0,0.0,0.03684210526315797
2026-09-30T01:17:44.115 0.8,0.0,0.0,0.0,0.0,0.03684210526315797
2026-09-30T01:17:44.165 0.8,0.0,0.0,0.0,0.0,0.03684210526315797
2026-09-30T01:17:44.215 0.8,0.0,0.0,0.0,0.0,0.0
2026-09-30T01:17:44.265 0.8,0.0,0.0,0.0,0.0,0.0
2026-09-30T01:17:44.315 0.8,0.0,0.0,0.0,0.0,0.0
2026-09-30T01:17:44.365 0.8,0.0,0.0,0.0,0.0,0.0
2026-09-30T01:17:44.416 0.8,0.0,0.0,0.0,0.0,0.0
2026-09-30T01:17:44.465 0.8,0.0,0.0,0.0,0.0,0.0
2026-09-30T01:17:44.515 0.8,0.0,0.0,0.0,0.0,0.0
2026-09-30T01:17:44.565 0.8,0.0,0.0,0.0,0.0,0.0
2026-09-30T01:17:44.615 0.8,0.0,0.0,0.0,0.0,0.0
2026-09-30T01:17:44.665 0.8,0.0,0.0,0.0,0.0,0.0
2026-09-30T01:17:44.716 0.8,0.0,0.0,0.0,0.0,0.0
2026-09-30T01:17:44.764 0.8,0.0,0.0,0.0,0.0,0.0
2026-09-30T01:17:44.815 0.8,0.0,0.0,0.0,0.0,0.03684210526315797
2026-09-30T01:17:44.865 0.8,0.0,0.0,0.0,0.0,0.03684210526315797
2026-09-30T01:17:44.914 0.8,0.0,0.0,0.0,0.0,0.03684210526315797
2026-09-30T01:17:44.964 0.8,0.0,0.0,0.0,0.0,0.03684210526315797
2026-09-30T01:17:45.015 0.8,0.0,0.0,0.0,0.0,0.03684210526315797
2026-09-30T01:17:45.065 0.8,0.0,0.0,0.0,0.0,0.03684210526315797
2026-09-30T01:17:45.115 0.8,0.0,0.0,0.0,0.0,0.03684210526315797
2026-09-30T01:17:45.165 0.8,0.0,0.0,0.0,0.0,0.03684210526315797
2026-09-30T01:17:45.214 0.8,0.0,0.0,0.0,0.0,0.03684210526315797
2026-09-30T01:17:45.264 0.8,0.0,0.0,0.0,0.0,0.03684210526315797
2026-09-30T01:17:45.315 0.8,0.0,0.0,0.0,0.0,0.03684210526315797
2026-09-30T01:17:45.365 0.8,0.0,0.0,0.0,0.0,0.03684210526315797
2026-09-30T01:17:45.415 0.8,0.0,0.0,0.0,0.0,0.03684210526315797
2026-09-30T01:17:45.465 0.8,0.0,0.0,0.0,0.0,0.03684210526315797
2026-09-30T01:17:45.514 0.8,0.0,0.0,0.0,0.0,0.03684210526315797
2026-09-30T01:17:45.565 0.8,0.0,0.0,0.0,0.0,0.0
2026-09-30T01:17:45.615 0.8,0.0,0.0,0.0,0.0,0.0
2026-09-30T01:17:45.665 0.8,0.0,0.0,0.0,0.0,0.0
2026-09-30T01:17:45.715 0.8,0.0,0.0,0.0,0.0,0.0
2026-09-30T01:17:45.765 0.8,0.0,0.0,0.0,0.0,0.0
2026-09-30T01:17:45.815 0.8,0.0,0.0,0.0,0.0,0.0
2026-09-30T01:17:45.865 0.8,0.0,0.0,0.0,0.0,0.0
2026-09-30T01:17:45.915 0.8,0.0,0.0,0.0,0.0,0.0
2026-09-30T01:17:45.965 0.8,0.0,0.0,0.0,0.0,0.0
2026-09-30T01:17:46.014 0.8,0.0,0.0,0.0,0.0,0.0
2026-09-30T01:17:46.065 0.8,0.0,0.0,0.0,0.0,0.0
2026-09-30T01:17:46.115 0.8,0.0,0.0,0.0,0.0,0.0
2026-09-30T01:17:46.165 0.8,0.0,0.0,0.0,0.0,0.0
2026-09-30T01:17:46.215 0.8,0.0,0.0,0.0,0.0,0.0
2026-09-30T01:17:46.265 0.8,0.0,0.0,0.0,0.0,0.0
2026-09-30T01:17:46.315 0.8,0.0,0.0,0.0,0.0,0.0
2026-09-30T01:17:46.365 0.8,0.0,0.0,0.0,0.0,0.0
2026-09-30T01:17:46.415 0.8,0.0,0.0,0.0,0.0,0.0
2026-09-30T01:17:46.465 0.8,0.0,0.0,0.0,0.0,0.0
2026-09-30T01:17:46.515 0.8,0.0,0.0,0.0,0.0,0.0
2026-09-30T01:17:46.565 0.8,0.0,0.0,0.0,0.0,0.0
2026-09-30T01:17:46.615 0.8,0.0,0.0,0.0,0.0,0.03684210526315797
2026-09-30T01:17:46.666 0.8,0.0,0.0,0.0,0.0,0.0
2026-09-30T01:17:46.725 0.8,0.0,0.0,0.0,0.0,0.0
2026-09-30T01:17:46.765 0.8,0.0,0.0,0.0,0.0,0.03684210526315797
2026-09-30T01:17:46.814 0.8,0.0,0.0,0.0,0.0,0.03684210526315797
2026-09-30T01:17:46.875 0.8,0.0,0.0,0.0,0.0,0.03684210526315797
2026-09-30T01:17:46.914 0.8,0.0,0.0,0.0,0.0,0.03684210526315797
2026-09-30T01:17:46.965 0.8,0.0,0.0,0.0,0.0,0.03684210526315797
2026-09-30T01:17:47.015 0.8,0.0,0.0,0.0,0.0,0.03684210526315797
2026-09-30T01:17:47.065 0.8,0.0,0.0,0.0,0.0,0.03684210526315797
2026-09-30T01:17:47.115 0.8,0.0,0.0,0.0,0.0,0.03684210526315797
2026-09-30T01:17:47.165 0.8,0.0,0.0,0.0,0.0,0.03684210526315797
2026-09-30T01:17:47.215 0.8,0.0,0.0,0.0,0.0,0.03684210526315797
2026-09-30T01:17:47.265 0.8,0.0,0.0,0.0,0.0,0.03684210526315797
2026-09-30T01:17:47.315 0.8,0.0,0.0,0.0,0.0,0.03684210526315797
2026-09-30T01:17:47.365 0.8,0.0,0.0,0.0,0.0,0.03684210526315797
2026-09-30T01:17:47.425 0.8,0.0,0.0,0.0,0.0,0.0
2026-09-30T01:17:47.465 0.8,0.0,0.0,0.0,0.0,0.0
2026-09-30T01:17:47.514 0.8,0.0,0.0,0.0,0.0,0.0
2026-09-30T01:17:47.565 0.8,0.0,0.0,0.0,0.0,0.0
2026-09-30T01:17:47.615 0.8,0.0,0.0,0.0,0.0,0.0
2026-09-30T01:17:47.665 0.8,0.0,0.0,0.0,0.0,0.0
2026-09-30T01:17:47.715 0.8,0.0,0.0,0.0,0.0,0.0
2026-09-30T01:17:47.765 0.8,0.0,0.0,0.0,0.0,0.0
2026-09-30T01:17:47.815 0.8,0.0,0.0,0.0,0.0,0.0
2026-09-30T01:17:47.865 0.8,0.0,0.0,0.0,0.0,0.0
2026-09-30T01:17:47.915 0.8,0.0,0.0,0.0,0.0,0.03684210526315797
2026-09-30T01:17:47.965 0.8,0.0,0.0,0.0,0.0,0.03684210526315797
2026-09-30T01:17:48.015 0.8,0.0,0.0,0.0,0.0,0.03684210526315797
2026-09-30T01:17:48.066 0.8,0.0,0.0,0.0,0.0,0.03684210526315797
2026-09-30T01:17:48.115 0.8,0.0,0.0,0.0,0.0,0.03684210526315797
2026-09-30T01:17:48.166 0.8,0.0,0.0,0.0,0.0,0.03684210526315797
2026-09-30T01:17:48.215 0.8,0.0,0.0,0.0,0.0,0.03684210526315797
2026-09-30T01:17:48.265 0.8,0.0,0.0,0.0,0.0,0.03684210526315797
2026-09-30T01:17:48.315 0.8,0.0,0.0,0.0,0.0,0.03684210526315797
2026-09-30T01:17:48.365 0.8,0.0,0.0,0.0,0.0,0.03684210526315797
2026-09-30T01:17:48.415 0.8,0.0,0.0,0.0,0.0,0.03684210526315797
2026-09-30T01:17:48.465 0.8,0.0,0.0,0.0,0.0,0.03684210526315797
2026-09-30T01:17:48.515 0.8,0.0,0.0,0.0,0.0,0.03684210526315797
2026-09-30T01:17:48.564 0.8,0.0,0.0,0.0,0.0,0.03684210526315797
2026-09-30T01:17:48.615 0.8,0.0,0.0,0.0,0.0,0.03684210526315797
2026-09-30T01:17:48.675 0.8,0.0,0.0,0.0,0.0,0.03684210526315797
2026-09-30T01:17:48.725 0.8,0.0,0.0,0.0,0.0,0.03684210526315797
2026-09-30T01:17:48.765 0.8,0.0,0.0,0.0,0.0,0.03684210526315797
2026-09-30T01:17:48.815 0.8,0.0,0.0,0.0,0.0,0.03684210526315797
2026-09-30T01:17:48.865 0.8,0.0,0.0,0.0,0.0,0.03684210526315797
2026-09-30T01:17:48.915 0.8,0.0,0.0,0.0,0.0,0.03684210526315797
2026-09-30T01:17:48.964 0.8,0.0,0.0,0.0,0.0,0.03684210526315797
2026-09-30T01:17:49.014 0.8,0.0,0.0,0.0,0.0,0.03684210526315797
2026-09-30T01:17:49.065 0.8,0.0,0.0,0.0,0.0,0.03684210526315797
2026-09-30T01:17:49.114 0.8,0.0,0.0,0.0,0.0,0.03684210526315797
2026-09-30T01:17:49.165 0.8,0.0,0.0,0.0,0.0,0.03684210526315797
2026-09-30T01:17:49.215 0.8,0.0,0.0,0.0,0.0,0.03684210526315797
2026-09-30T01:17:49.265 0.8,0.0,0.0,0.0,0.0,0.03684210526315797
2026-09-30T01:17:49.315 0.8,0.0,0.0,0.0,0.0,0.03684210526315797
2026-09-30T01:17:49.375 0.8,0.0,0.0,0.0,0.0,0.03684210526315797
2026-09-30T01:17:49.415 0.8,0.0,0.0,0.0,0.0,0.03684210526315797
2026-09-30T01:17:49.465 0.8,0.0,0.0,0.0,0.0,0.03684210526315797
2026-09-30T01:17:49.515 0.8,0.0,0.0,0.0,0.0,0.03684210526315797
2026-09-30T01:17:49.564 0.8,0.0,0.0,0.0,0.0,0.03684210526315797
2026-09-30T01:17:49.615 0.8,0.0,0.0,0.0,0.0,0.03684210526315797
2026-09-30T01:17:49.665 0.8,0.0,0.0,0.0,0.0,0.0
2026-09-30T01:17:49.725 0.8,0.0,0.0,0.0,0.0,0.0
2026-09-30T01:17:49.765 0.8,0.0,0.0,0.0,0.0,0.0
2026-09-30T01:17:49.815 0.8,0.0,0.0,0.0,0.0,0.0
2026-09-30T01:17:49.865 0.8,0.0,0.0,0.0,0.0,0.0
2026-09-30T01:17:49.915 0.8,0.0,0.0,0.0,0.0,0.0
2026-09-30T01:17:49.965 0.8,0.0,0.0,0.0,0.0,0.0
2026-09-30T01:17:50.015 0.8,0.0,0.0,0.0,0.0,0.0
2026-09-30T01:17:50.065 0.8,0.0,0.0,0.0,0.0,0.0
2026-09-30T01:17:50.115 0.8,0.0,0.0,0.0,0.0,0.0
2026-09-30T01:17:50.167 0.8,0.0,0.0,0.0,0.0,0.0
2026-09-30T01:17:50.216 0.8,0.0,0.0,0.0,0.0,0.0
2026-09-30T01:17:50.268 0.8,0.0,0.0,0.0,0.0,0.0
2026-09-30T01:17:50.315 0.8,0.0,0.0,0.0,0.0,0.0
2026-09-30T01:17:50.365 0.8,0.0,0.0,0.0,0.0,0.0
2026-09-30T01:17:50.415 0.8,0.0,0.0,0.0,0.0,0.0
2026-09-30T01:17:50.465 0.8,0.0,0.0,0.0,0.0,0.0
2026-09-30T01:17:50.515 0.8,0.0,0.0,0.0,0.0,0.0
2026-09-30T01:17:50.565 0.8,0.0,0.0,0.0,0.0,0.0
2026-09-30T01:17:50.615 0.8,0.0,0.0,0.0,0.0,0.0
2026-09-30T01:17:50.664 0.8,0.0,0.0,0.0,0.0,0.0
2026-09-30T01:17:50.715 0.8,0.0,0.0,0.0,0.0,0.0
2026-09-30T01:17:50.765 0.8,0.0,0.0,0.0,0.0,0.0
2026-09-30T01:17:50.815 0.8,0.0,0.0,0.0,0.0,0.0
2026-09-30T01:17:50.865 0.8,0.0,0.0,0.0,0.0,0.0
2026-09-30T01:17:50.915 0.8,0.0,0.0,0.0,0.0,0.0
2026-09-30T01:17:50.965 0.8,0.0,0.0,0.0,0.0,0.0
2026-09-30T01:17:51.015 0.8,0.0,0.0,0.0,0.0,0.0
2026-09-30T01:17:51.064 0.8,0.0,0.0,0.0,0.0,0.0
2026-09-30T01:17:51.114 0.8,0.0,0.0,0.0,0.0,0.0
2026-09-30T01:17:51.165 0.8,0.0,0.0,0.0,0.0,0.0
2026-09-30T01:17:51.215 0.8,0.0,0.0,0.0,0.0,0.0
2026-09-30T01:17:51.265 0.8,0.0,0.0,0.0,0.0,0.03684210526315797
2026-09-30T01:17:51.315 0.8,0.0,0.0,0.0,0.0,0.03684210526315797
2026-09-30T01:17:51.365 0.8,0.0,0.0,0.0,0.0,0.03684210526315797
2026-09-30T01:17:51.415 0.8,0.0,0.0,0.0,0.0,0.03684210526315797
2026-09-30T01:17:51.464 0.8,0.0,0.0,0.0,0.0,0.03684210526315797
2026-09-30T01:17:51.516 0.8,0.0,0.0,0.0,0.0,0.03684210526315797
2026-09-30T01:17:51.565 0.8,0.0,0.0,0.0,0.0,0.03684210526315797
2026-09-30T01:17:51.617 0.8,0.0,0.0,0.0,0.0,0.03684210526315797
2026-09-30T01:17:51.665 0.8,0.0,0.0,0.0,0.0,0.03684210526315797
2026-09-30T01:17:51.715 0.8,0.0,0.0,0.0,0.0,0.03684210526315797
2026-09-30T01:17:51.764 0.8,0.0,0.0,0.0,0.0,0.03684210526315797
2026-09-30T01:17:51.815 0.8,0.0,0.0,0.0,0.0,0.03684210526315797
2026-09-30T01:17:51.865 0.8,0.0,0.0,0.0,0.0,0.03684210526315797
2026-09-30T01:17:51.915 0.8,0.0,0.0,0.0,0.0,0.03684210526315797
2026-09-30T01:17:51.965 0.8,0.0,0.0,0.0,0.0,0.03684210526315797
2026-09-30T01:17:52.015 0.8,0.0,0.0,0.0,0.0,0.03684210526315797
2026-09-30T01:17:52.075 0.8,0.0,0.0,0.0,0.0,0.03684210526315797
2026-09-30T01:17:52.115 0.8,0.0,0.0,0.0,0.0,0.03684210526315797
2026-09-30T01:17:52.165 0.8,0.0,0.0,0.0,0.0,0.03684210526315797
2026-09-30T01:17:52.214 0.8,0.0,0.0,0.0,0.0,0.03684210526315797
2026-09-30T01:17:52.275 0.8,0.0,0.0,0.0,0.0,0.03684210526315797
2026-09-30T01:17:52.315 0.8,0.0,0.0,0.0,0.0,0.03684210526315797
2026-09-30T01:17:52.364 0.8,0.0,0.0,0.0,0.0,0.03684210526315797
2026-09-30T01:17:52.415 0.8,0.0,0.0,0.0,0.0,0.03684210526315797
2026-09-30T01:17:52.465 0.8,0.0,0.0,0.0,0.0,0.03684210526315797
2026-09-30T01:17:52.514 0.8,0.0,0.0,0.0,0.0,0.03684210526315797
2026-09-30T01:17:52.565 0.8,0.0,0.0,0.0,0.0,0.03684210526315797
2026-09-30T01:17:52.615 0.8,0.0,0.0,0.0,0.0,0.03684210526315797
2026-09-30T01:17:52.665 0.8,0.0,0.0,0.0,0.0,0.03684210526315797
2026-09-30T01:17:52.715 0.8,0.0,0.0,0.0,0.0,0.0
2026-09-30T01:17:52.765 0.8,0.0,0.0,0.0,0.0,0.0
2026-09-30T01:17:52.815 0.8,0.0,0.0,0.0,0.0,0.0
2026-09-30T01:17:52.875 0.8,0.0,0.0,0.0,0.0,0.0
2026-09-30T01:17:52.915 0.8,0.0,0.0,0.0,0.0,0.0
2026-09-30T01:17:52.965 0.8,0.0,0.0,0.0,0.0,0.0
2026-09-30T01:17:53.015 0.8,0.0,0.0,0.0,0.0,0.0
2026-09-30T01:17:53.065 0.8,0.0,0.0,0.0,0.0,0.0
2026-09-30T01:17:53.115 0.8,0.0,0.0,0.0,0.0,0.0
2026-09-30T01:17:53.164 0.8,0.0,0.0,0.0,0.0,0.0
2026-09-30T01:17:53.215 0.8,0.0,0.0,0.0,0.0,0.0
2026-09-30T01:17:53.265 0.8,0.0,0.0,0.0,0.0,0.0
2026-09-30T01:17:53.314 0.8,0.0,0.0,0.0,0.0,0.0
2026-09-30T01:17:53.365 0.8,0.0,0.0,0.0,0.0,0.0
2026-09-30T01:17:53.415 0.8,0.0,0.0,0.0,0.0,0.0
2026-09-30T01:17:53.465 0.8,0.0,0.0,0.0,0.0,0.0
2026-09-30T01:17:53.515 0.8,0.0,0.0,0.0,0.0,0.0
2026-09-30T01:17:53.565 0.8,0.0,0.0,0.0,0.0,0.0
2026-09-30T01:17:53.615 0.8,0.0,0.0,0.0,0.0,0.0
2026-09-30T01:17:53.665 0.8,0.0,0.0,0.0,0.0,0.0
2026-09-30T01:17:53.715 0.8,0.0,0.0,0.0,0.0,0.0
2026-09-30T01:17:53.765 0.8,0.0,0.0,0.0,0.0,0.0
2026-09-30T01:17:53.815 0.8,0.0,0.0,0.0,0.0,0.0
2026-09-30T01:17:53.875 0.8,0.0,0.0,0.0,0.0,0.0
2026-09-30T01:17:53.915 0.8,0.0,0.0,0.0,0.0,0.0
2026-09-30T01:17:53.965 0.8,0.0,0.0,0.0,0.0,0.0
2026-09-30T01:17:54.015 0.8,0.0,0.0,0.0,0.0,0.0
2026-09-30T01:17:54.065 0.8,0.0,0.0,0.0,0.0,0.0
2026-09-30T01:17:54.115 0.8,0.0,0.0,0.0,0.0,0.0
2026-09-30T01:17:54.165 0.8,0.0,0.0,0.0,0.0,0.0
2026-09-30T01:17:54.215 0.8,0.0,0.0,0.0,0.0,0.0
2026-09-30T01:17:54.265 0.8,0.0,0.0,0.0,0.0,0.0
2026-09-30T01:17:54.314 0.8,0.0,0.0,0.0,0.0,0.0
2026-09-30T01:17:54.365 0.8,0.0,0.0,0.0,0.0,0.0
2026-09-30T01:17:54.415 0.8,0.0,0.0,0.0,0.0,0.0
2026-09-30T01:17:54.464 0.8,0.0,0.0,0.0,0.0,0.0
2026-09-30T01:17:54.515 0.8,0.0,0.0,0.0,0.0,0.0
2026-09-30T01:17:54.565 0.8,0.0,0.0,0.0,0.0,0.0
2026-09-30T01:17:54.625 0.8,0.0,0.0,0.0,0.0,0.0
2026-09-30T01:17:54.667 0.8,0.0,0.0,0.0,0.0,0.0
2026-09-30T01:17:54.715 0.8,0.0,0.0,0.0,0.0,0.0
2026-09-30T01:17:54.765 0.8,0.0,0.0,0.0,0.0,0.0
2026-09-30T01:17:54.815 0.8,0.0,0.0,0.0,0.0,0.0
2026-09-30T01:17:54.865 0.8,0.0,0.0,0.0,0.0,0.0
2026-09-30T01:17:54.915 0.8,0.0,0.0,0.0,0.0,0.0
2026-09-30T01:17:54.965 0.8,0.0,0.0,0.0,0.0,0.0
2026-09-30T01:17:55.015 0.8,0.0,0.0,0.0,0.0,0.0
2026-09-30T01:17:55.065 0.8,0.0,0.0,0.0,0.0,0.0
2026-09-30T01:17:55.115 0.8,0.0,0.0,0.0,0.0,0.0
2026-09-30T01:17:55.165 0.8,0.0,0.0,0.0,0.0,0.0
2026-09-30T01:17:55.215 0.8,0.0,0.0,0.0,0.0,0.0
2026-09-30T01:17:55.265 0.8,0.0,0.0,0.0,0.0,0.0
2026-09-30T01:17:55.315 0.8,0.0,0.0,0.0,0.0,0.0
2026-09-30T01:17:55.365 0.8,0.0,0.0,0.0,0.0,0.0
2026-09-30T01:17:55.415 0.8,0.0,0.0,0.0,0.0,0.0
2026-09-30T01:17:55.465 0.8,0.0,0.0,0.0,0.0,0.0
2026-09-30T01:17:55.515 0.8,0.0,0.0,0.0,0.0,0.0
2026-09-30T01:17:55.565 0.8,0.0,0.0,0.0,0.0,0.0
2026-09-30T01:17:55.615 0.8,0.0,0.0,0.0,0.0,0.0
2026-09-30T01:17:55.665 0.8,0.0,0.0,0.0,0.0,0.0
2026-09-30T01:17:55.715 0.8,0.0,0.0,0.0,0.0,0.0
2026-09-30T01:17:55.765 0.8,0.0,0.0,0.0,0.0,0.0
2026-09-30T01:17:55.815 0.8,0.0,0.0,0.0,0.0,0.0
2026-09-30T01:17:55.875 0.8,0.0,0.0,0.0,0.0,0.0
2026-09-30T01:17:55.915 0.8,0.0,0.0,0.0,0.0,0.0
2026-09-30T01:17:55.964 0.8,0.0,0.0,0.0,0.0,0.0
2026-09-30T01:17:56.015 0.8,0.0,0.0,0.0,0.0,0.0
2026-09-30T01:17:56.065 0.8,0.0,0.0,0.0,0.0,0.0
2026-09-30T01:17:56.115 0.8,0.0,0.0,0.0,0.0,0.0
2026-09-30T01:17:56.165 0.8,0.0,0.0,0.0,0.0,0.0
2026-09-30T01:17:56.215 0.8,0.0,0.0,0.0,0.0,0.0
2026-09-30T01:17:56.265 0.8,0.0,0.0,0.0,0.0,0.0
2026-09-30T01:17:56.315 0.8,0.0,0.0,0.0,0.0,0.0
2026-09-30T01:17:56.365 0.8,0.0,0.0,0.0,0.0,0.0
2026-09-30T01:17:56.415 0.8,0.0,0.0,0.0,0.0,0.0
2026-09-30T01:17:56.465 0.8,0.0,0.0,0.0,0.0,0.0
2026-09-30T01:17:56.515 0.8,0.0,0.0,0.0,0.0,0.0
2026-09-30T01:17:56.565 0.8,0.0,0.0,0.0,0.0,0.0
2026-09-30T01:17:56.615 0.8,0.0,0.0,0.0,0.0,0.0
2026-09-30T01:17:56.665 0.8,0.0,0.0,0.0,0.0,0.0
2026-09-30T01:17:56.715 0.8,0.0,0.0,0.0,0.0,0.0
2026-09-30T01:17:56.765 0.8,0.0,0.0,0.0,0.0,0.0
2026-09-30T01:17:56.825 0.8,0.0,0.0,0.0,0.0,0.0
2026-09-30T01:17:56.865 0.8,0.0,0.0,0.0,0.0,0.0
2026-09-30T01:17:56.915 0.8,0.0,0.0,0.0,0.0,0.0
2026-09-30T01:17:56.965 0.8,0.0,0.0,0.0,0.0,0.0
2026-09-30T01:17:57.014 0.8,0.0,0.0,0.0,0.0,0.0
2026-09-30T01:17:57.065 0.8,0.0,0.0,0.0,0.0,0.0
2026-09-30T01:17:57.114 0.8,0.0,0.0,0.0,0.0,0.0
2026-09-30T01:17:57.165 0.8,0.0,0.0,0.0,0.0,0.0
2026-09-30T01:17:57.215 0.8,0.0,0.0,0.0,0.0,0.0
2026-09-30T01:17:57.265 0.8,0.0,0.0,0.0,0.0,0.0
2026-09-30T01:17:57.315 0.8,0.0,0.0,0.0,0.0,0.0
2026-09-30T01:17:57.365 0.8,0.0,0.0,0.0,0.0,0.0
2026-09-30T01:17:57.415 0.8,0.0,0.0,0.0,0.0,0.0
2026-09-30T01:17:57.465 0.8,0.0,0.0,0.0,0.0,0.0
2026-09-30T01:17:57.515 0.8,0.0,0.0,0.0,0.0,0.0
2026-09-30T01:17:57.565 0.8,0.0,0.0,0.0,0.0,0.0
2026-09-30T01:17:57.625 0.8,0.0,0.0,0.0,0.0,0.0
2026-09-30T01:17:57.666 0.8,0.0,0.0,0.0,0.0,0.0
2026-09-30T01:17:57.715 0.8,0.0,0.0,0.0,0.0,0.0
2026-09-30T01:17:57.765 0.8,0.0,0.0,0.0,0.0,0.0
2026-09-30T01:17:57.818 0.8,0.0,0.0,0.0,0.0,0.0
2026-09-30T01:17:57.865 0.8,0.0,0.0,0.0,0.0,0.0
2026-09-30T01:17:57.915 0.8,0.0,0.0,0.0,0.0,0.0
2026-09-30T01:17:57.964 0.8,0.0,0.0,0.0,0.0,0.0
2026-09-30T01:17:58.015 0.8,0.0,0.0,0.0,0.0,0.0
2026-09-30T01:17:58.065 0.8,0.0,0.0,0.0,0.0,0.0
2026-09-30T01:17:58.115 0.8,0.0,0.0,0.0,0.0,0.0
2026-09-30T01:17:58.164 0.8,0.0,0.0,0.0,0.0,0.0
2026-09-30T01:17:58.215 0.8,0.0,0.0,0.0,0.0,0.0
2026-09-30T01:17:58.265 0.8,0.0,0.0,0.0,0.0,0.0
2026-09-30T01:17:58.315 0.8,0.0,0.0,0.0,0.0,0.0
2026-09-30T01:17:58.365 0.8,0.0,0.0,0.0,0.0,0.0
2026-09-30T01:17:58.415 0.8,0.0,0.0,0.0,0.0,0.0
2026-09-30T01:17:58.465 0.8,0.0,0.0,0.0,0.0,0.0
2026-09-30T01:17:58.515 0.8,0.0,0.0,0.0,0.0,0.0
2026-09-30T01:17:58.565 0.8,0.0,0.0,0.0,0.0,0.0
2026-09-30T01:17:58.615 0.8,0.0,0.0,0.0,0.0,0.0
2026-09-30T01:17:58.665 0.8,0.0,0.0,0.0,0.0,0.0
2026-09-30T01:17:58.715 0.8,0.0,0.0,0.0,0.0,-0.036842105263157815
2026-09-30T01:17:58.765 0.8,0.0,0.0,0.0,0.0,0.0
2026-09-30T01:17:58.815 0.8,0.0,0.0,0.0,0.0,0.0
2026-09-30T01:17:58.865 0.8,0.0,0.0,0.0,0.0,-0.036842105263157815
2026-09-30T01:17:58.915 0.8,0.0,0.0,0.0,0.0,0.03684210526315797
2026-09-30T01:17:58.965 0.8,0.0,0.0,0.0,0.0,0.0
2026-09-30T01:17:59.015 0.8,0.0,0.0,0.0,0.0,0.0
2026-09-30T01:17:59.065 0.8,0.0,0.0,0.0,0.0,0.0
2026-09-30T01:17:59.115 0.8,0.0,0.0,0.0,0.0,0.0
2026-09-30T01:17:59.165 0.8,0.0,0.0,0.0,0.0,0.0
2026-09-30T01:17:59.215 0.8,0.0,0.0,0.0,0.0,0.0
2026-09-30T01:17:59.275 0.8,0.0,0.0,0.0,0.0,0.0
2026-09-30T01:17:59.315 0.8,0.0,0.0,0.0,0.0,0.0
2026-09-30T01:17:59.374 0.8,0.0,0.0,0.0,0.0,0.0
2026-09-30T01:17:59.415 0.8,0.0,0.0,0.0,0.0,0.0
2026-09-30T01:17:59.465 0.8,0.0,0.0,0.0,0.0,0.0
2026-09-30T01:17:59.525 0.8,0.0,0.0,0.0,0.0,0.0
2026-09-30T01:17:59.565 0.8,0.0,0.0,0.0,0.0,0.0
2026-09-30T01:17:59.615 0.8,0.0,0.0,0.0,0.0,0.0
2026-09-30T01:17:59.665 0.8,0.0,0.0,0.0,0.0,0.0
2026-09-30T01:17:59.715 0.8,0.0,0.0,0.0,0.0,0.0
2026-09-30T01:17:59.765 0.8,0.0,0.0,0.0,0.0,0.0
2026-09-30T01:17:59.815 0.8,0.0,0.0,0.0,0.0,0.0
2026-09-30T01:17:59.865 0.8,0.0,0.0,0.0,0.0,0.0
2026-09-30T01:17:59.915 0.8,0.0,0.0,0.0,0.0,0.0
2026-09-30T01:17:59.965 0.8,0.0,0.0,0.0,0.0,0.0
2026-09-30T01:18:00.015 0.8,0.0,0.0,0.0,0.0,0.0
2026-09-30T01:18:00.065 0.8,0.0,0.0,0.0,0.0,0.0
2026-09-30T01:18:00.125 0.8,0.0,0.0,0.0,0.0,0.0
2026-09-30T01:18:00.165 0.8,0.0,0.0,0.0,0.0,0.0
2026-09-30T01:18:00.215 0.8,0.0,0.0,0.0,0.0,0.0
2026-09-30T01:18:00.265 0.8,0.0,0.0,0.0,0.0,0.0
2026-09-30T01:18:00.315 0.8,0.0,0.0,0.0,0.0,0.0
2026-09-30T01:18:00.365 0.8,0.0,0.0,0.0,0.0,0.03684210526315797
2026-09-30T01:18:00.415 0.8,0.0,0.0,0.0,0.0,0.03684210526315797
2026-09-30T01:18:00.475 0.8,0.0,0.0,0.0,0.0,0.03684210526315797
2026-09-30T01:18:00.515 0.8,0.0,0.0,0.0,0.0,0.03684210526315797
2026-09-30T01:18:00.565 0.8,0.0,0.0,0.0,0.0,0.03684210526315797
2026-09-30T01:18:00.615 0.8,0.0,0.0,0.0,0.0,0.03684210526315797
2026-09-30T01:18:00.665 0.8,0.0,0.0,0.0,0.0,0.03684210526315797
2026-09-30T01:18:00.715 0.8,0.0,0.0,0.0,0.0,0.03684210526315797
2026-09-30T01:18:00.765 0.8,0.0,0.0,0.0,0.0,0.03684210526315797
2026-09-30T01:18:00.815 0.8,0.0,0.0,0.0,0.0,0.03684210526315797
2026-09-30T01:18:00.865 0.8,0.0,0.0,0.0,0.0,0.03684210526315797
2026-09-30T01:18:00.915 0.8,0.0,0.0,0.0,0.0,0.03684210526315797
2026-09-30T01:18:00.975 0.8,0.0,0.0,0.0,0.0,0.03684210526315797
2026-09-30T01:18:01.015 0.8,0.0,0.0,0.0,0.0,0.03684210526315797
2026-09-30T01:18:01.065 0.8,0.0,0.0,0.0,0.0,0.03684210526315797
2026-09-30T01:18:01.115 0.8,0.0,0.0,0.0,0.0,0.03684210526315797
2026-09-30T01:18:01.164 0.8,0.0,0.0,0.0,0.0,0.03684210526315797
2026-09-30T01:18:01.214 0.8,0.0,0.0,0.0,0.0,0.03684210526315797
2026-09-30T01:18:01.265 0.8,0.0,0.0,0.0,0.0,0.03684210526315797
2026-09-30T01:18:01.315 0.8,0.0,0.0,0.0,0.0,0.03684210526315797
2026-09-30T01:18:01.365 0.8,0.0,0.0,0.0,0.0,0.03684210526315797
2026-09-30T01:18:01.415 0.8,0.0,0.0,0.0,0.0,0.03684210526315797
2026-09-30T01:18:01.465 0.8,0.0,0.0,0.0,0.0,0.03684210526315797
2026-09-30T01:18:01.525 0.8,0.0,0.0,0.0,0.0,0.03684210526315797
2026-09-30T01:18:01.565 0.8,0.0,0.0,0.0,0.0,0.03684210526315797
2026-09-30T01:18:01.615 0.8,0.0,0.0,0.0,0.0,0.03684210526315797
2026-09-30T01:18:01.665 0.8,0.0,0.0,0.0,0.0,0.03684210526315797
2026-09-30T01:18:01.715 0.8,0.0,0.0,0.0,0.0,0.03684210526315797
2026-09-30T01:18:01.765 0.8,0.0,0.0,0.0,0.0,0.03684210526315797
2026-09-30T01:18:01.815 0.8,0.0,0.0,0.0,0.0,0.03684210526315797
2026-09-30T01:18:01.865 0.8,0.0,0.0,0.0,0.0,0.03684210526315797
2026-09-30T01:18:01.915 0.8,0.0,0.0,0.0,0.0,0.03684210526315797
2026-09-30T01:18:01.965 0.8,0.0,0.0,0.0,0.0,0.0
2026-09-30T01:18:02.025 0.8,0.0,0.0,0.0,0.0,0.0
2026-09-30T01:18:02.065 0.8,0.0,0.0,0.0,0.0,0.0
2026-09-30T01:18:02.115 0.8,0.0,0.0,0.0,0.0,0.0
2026-09-30T01:18:02.165 0.8,0.0,0.0,0.0,0.0,0.0
2026-09-30T01:18:02.215 0.8,0.0,0.0,0.0,0.0,0.0
2026-09-30T01:18:02.265 0.8,0.0,0.0,0.0,0.0,0.0
2026-09-30T01:18:02.315 0.8,0.0,0.0,0.0,0.0,0.0
2026-09-30T01:18:02.365 0.8,0.0,0.0,0.0,0.0,0.0
2026-09-30T01:18:02.415 0.8,0.0,0.0,0.0,0.0,0.0
2026-09-30T01:18:02.465 0.8,0.0,0.0,0.0,0.0,0.0
2026-09-30T01:18:02.515 0.8,0.0,0.0,0.0,0.0,0.0
2026-09-30T01:18:02.565 0.8,0.0,0.0,0.0,0.0,0.0
2026-09-30T01:18:02.615 0.8,0.0,0.0,0.0,0.0,0.0
2026-09-30T01:18:02.675 0.8,0.0,0.0,0.0,0.0,0.0
2026-09-30T01:18:02.715 0.8,0.0,0.0,0.0,0.0,0.0
2026-09-30T01:18:02.765 0.8,0.0,0.0,0.0,0.0,0.0
2026-09-30T01:18:02.815 0.8,0.0,0.0,0.0,0.0,0.0
2026-09-30T01:18:02.864 0.8,0.0,0.0,0.0,0.0,0.0
2026-09-30T01:18:02.915 0.8,0.0,0.0,0.0,0.0,0.0
2026-09-30T01:18:02.964 0.8,0.0,0.0,0.0,0.0,0.0
2026-09-30T01:18:03.015 0.8,0.0,0.0,0.0,0.0,0.0
2026-09-30T01:18:03.065 0.8,0.0,0.0,0.0,0.0,0.0
2026-09-30T01:18:03.115 0.8,0.0,0.0,0.0,0.0,0.0
2026-09-30T01:18:03.165 0.8,0.0,0.0,0.0,0.0,0.0
2026-09-30T01:18:03.225 0.8,0.0,0.0,0.0,0.0,0.0
2026-09-30T01:18:03.265 0.8,0.0,0.0,0.0,0.0,0.0
2026-09-30T01:18:03.315 0.8,0.0,0.0,0.0,0.0,0.0
2026-09-30T01:18:03.365 0.8,0.0,0.0,0.0,0.0,0.0
2026-09-30T01:18:03.415 0.8,0.0,0.0,0.0,0.0,0.0
2026-09-30T01:18:03.465 0.8,0.0,0.0,0.0,0.0,0.0
2026-09-30T01:18:03.515 0.8,0.0,0.0,0.0,0.0,0.0
2026-09-30T01:18:03.565 0.8,0.0,0.0,0.0,0.0,0.0
2026-09-30T01:18:03.615 0.8,0.0,0.0,0.0,0.0,0.0
2026-09-30T01:18:03.665 0.8,0.0,0.0,0.0,0.0,0.0
2026-09-30T01:18:03.715 0.8,0.0,0.0,0.0,0.0,0.0
2026-09-30T01:18:03.767 0.8,0.0,0.0,0.0,0.0,0.0
2026-09-30T01:18:03.815 0.8,0.0,0.0,0.0,0.0,0.0
2026-09-30T01:18:03.865 0.8,0.0,0.0,0.0,0.0,0.0
2026-09-30T01:18:03.915 0.8,0.0,0.0,0.0,0.0,-0.036842105263157815
2026-09-30T01:18:03.965 0.8,0.0,0.0,0.0,0.0,-0.036842105263157815
2026-09-30T01:18:04.015 0.8,0.0,0.0,0.0,0.0,0.03684210526315797
2026-09-30T01:18:04.064 0.8,0.0,0.0,0.0,0.0,0.03684210526315797
2026-09-30T01:18:04.115 0.8,0.0,0.0,0.0,0.0,0.0
2026-09-30T01:18:04.165 0.8,0.0,0.0,0.0,0.0,0.0
2026-09-30T01:18:04.215 0.8,0.0,0.0,0.0,0.0,0.0
2026-09-30T01:18:04.264 0.8,0.0,0.0,0.0,0.0,0.0
2026-09-30T01:18:04.325 0.8,0.0,0.0,0.0,0.0,0.0
2026-09-30T01:18:04.365 0.8,0.0,0.0,0.0,0.0,0.0
2026-09-30T01:18:04.415 0.8,0.0,0.0,0.0,0.0,0.0
2026-09-30T01:18:04.465 0.8,0.0,0.0,0.0,0.0,0.0
2026-09-30T01:18:04.515 0.8,0.0,0.0,0.0,0.0,0.0
2026-09-30T01:18:04.565 0.8,0.0,0.0,0.0,0.0,0.0
2026-09-30T01:18:04.615 0.8,0.0,0.0,0.0,0.0,0.0
2026-09-30T01:18:04.664 0.8,0.0,0.0,0.0,0.0,0.0
2026-09-30T01:18:04.715 0.8,0.0,0.0,0.0,0.0,0.0
2026-09-30T01:18:04.765 0.8,0.0,0.0,0.0,0.0,0.0
2026-09-30T01:18:04.815 0.8,0.0,0.0,0.0,0.0,0.0
2026-09-30T01:18:04.865 0.8,0.0,0.0,0.0,0.0,0.0
2026-09-30T01:18:04.915 0.8,0.0,0.0,0.0,0.0,0.0
2026-09-30T01:18:04.965 0.8,0.0,0.0,0.0,0.0,0.0
2026-09-30T01:18:05.027 0.8,0.0,0.0,0.0,0.0,0.0
2026-09-30T01:18:05.065 0.8,0.0,0.0,0.0,0.0,0.0
2026-09-30T01:18:05.115 0.8,0.0,0.0,0.0,0.0,0.0
2026-09-30T01:18:05.165 0.8,0.0,0.0,0.0,0.0,0.0
2026-09-30T01:18:05.216 0.8,0.0,0.0,0.0,0.0,0.0
2026-09-30T01:18:05.265 0.8,0.0,0.0,0.0,0.0,0.0
2026-09-30T01:18:05.316 0.8,0.0,0.0,0.0,0.0,0.0
2026-09-30T01:18:05.365 0.8,0.0,0.0,0.0,0.0,0.0
2026-09-30T01:18:05.415 0.8,0.0,0.0,0.0,0.0,0.0
2026-09-30T01:18:05.465 0.8,0.0,0.0,0.0,0.0,0.0
2026-09-30T01:18:05.525 0.8,0.0,0.0,0.0,0.0,0.0
2026-09-30T01:18:05.565 0.8,0.0,0.0,0.0,0.0,0.0
2026-09-30T01:18:05.615 0.8,0.0,0.0,0.0,0.0,0.0
2026-09-30T01:18:05.665 0.8,0.0,0.0,0.0,0.0,0.0
2026-09-30T01:18:05.715 0.8,0.0,0.0,0.0,0.0,0.0
2026-09-30T01:18:05.775 0.8,0.0,0.0,0.0,0.0,0.0
2026-09-30T01:18:05.815 0.8,0.0,0.0,0.0,0.0,0.0
2026-09-30T01:18:05.865 0.8,0.0,0.0,0.0,0.0,0.0
2026-09-30T01:18:05.915 0.8,0.0,0.0,0.0,0.0,0.0
2026-09-30T01:18:05.964 0.8,0.0,0.0,0.0,0.0,0.0
2026-09-30T01:18:06.014 0.8,0.0,0.0,0.0,0.0,0.0
2026-09-30T01:18:06.065 0.8,0.0,0.0,0.0,0.0,0.0
2026-09-30T01:18:06.115 0.8,0.0,0.0,0.0,0.0,0.0
2026-09-30T01:18:06.165 0.8,0.0,0.0,0.0,0.0,0.0
2026-09-30T01:18:06.215 0.8,0.0,0.0,0.0,0.0,0.0
2026-09-30T01:18:06.265 0.8,0.0,0.0,0.0,0.0,0.0
2026-09-30T01:18:06.315 0.8,0.0,0.0,0.0,0.0,0.0
2026-09-30T01:18:06.365 0.8,0.0,0.0,0.0,0.0,0.0
2026-09-30T01:18:06.415 0.8,0.0,0.0,0.0,0.0,0.0
2026-09-30T01:18:06.465 0.8,0.0,0.0,0.0,0.0,0.0
2026-09-30T01:18:06.515 0.8,0.0,0.0,0.0,0.0,0.0
2026-09-30T01:18:06.565 0.8,0.0,0.0,0.0,0.0,0.0
2026-09-30T01:18:06.615 0.8,0.0,0.0,0.0,0.0,0.0
2026-09-30T01:18:06.664 0.8,0.0,0.0,0.0,0.0,0.0
2026-09-30T01:18:06.715 0.8,0.0,0.0,0.0,0.0,0.0
2026-09-30T01:18:06.765 0.8,0.0,0.0,0.0,0.0,0.0
2026-09-30T01:18:06.815 0.8,0.0,0.0,0.0,0.0,0.0
2026-09-30T01:18:06.864 0.8,0.0,0.0,0.0,0.0,0.0
2026-09-30T01:18:06.915 0.8,0.0,0.0,0.0,0.0,0.0
2026-09-30T01:18:06.965 0.8,0.0,0.0,0.0,0.0,0.0
2026-09-30T01:18:07.015 0.8,0.0,0.0,0.0,0.0,0.0
2026-09-30T01:18:07.065 0.8,0.0,0.0,0.0,0.0,0.0
2026-09-30T01:18:07.115 0.8,0.0,0.0,0.0,0.0,0.03684210526315797
2026-09-30T01:18:07.164 0.8,0.0,0.0,0.0,0.0,0.03684210526315797
2026-09-30T01:18:07.215 0.8,0.0,0.0,0.0,0.0,0.03684210526315797
2026-09-30T01:18:07.264 0.8,0.0,0.0,0.0,0.0,0.03684210526315797
2026-09-30T01:18:07.315 0.8,0.0,0.0,0.0,0.0,0.03684210526315797
2026-09-30T01:18:07.365 0.8,0.0,0.0,0.0,0.0,0.03684210526315797
2026-09-30T01:18:07.416 0.8,0.0,0.0,0.0,0.0,0.03684210526315797
2026-09-30T01:18:07.465 0.8,0.0,0.0,0.0,0.0,0.03684210526315797
2026-09-30T01:18:07.515 0.8,0.0,0.0,0.0,0.0,0.03684210526315797
2026-09-30T01:18:07.565 0.8,0.0,0.0,0.0,0.0,0.03684210526315797
2026-09-30T01:18:07.615 0.8,0.0,0.0,0.0,0.0,0.03684210526315797
2026-09-30T01:18:07.665 0.8,0.0,0.0,0.0,0.0,0.03684210526315797
2026-09-30T01:18:07.715 0.8,0.0,0.0,0.0,0.0,0.03684210526315797
2026-09-30T01:18:07.765 0.675,0.0,0.0,0.0,0.0,0.0
2026-09-30T01:18:07.815 0.55,0.0,0.0,0.0,0.0,0.0
2026-09-30T01:18:07.865 0.42500000000000004,0.0,0.0,0.0,0.0,0.0
2026-09-30T01:18:07.925 0.30000000000000004,0.0,0.0,0.0,0.0,0.0
2026-09-30T01:18:07.965 0.42500000000000004,0.0,0.0,0.0,0.0,0.03684210526315797
2026-09-30T01:18:08.015 0.55,0.0,0.0,0.0,0.0,0.03684210526315797
2026-09-30T01:18:08.065 0.675,0.0,0.0,0.0,0.0,0.03684210526315797
2026-09-30T01:18:08.115 0.8,0.0,0.0,0.0,0.0,0.03684210526315797
2026-09-30T01:18:08.165 0.8,0.0,0.0,0.0,0.0,0.03684210526315797
2026-09-30T01:18:08.214 0.8,0.0,0.0,0.0,0.0,0.03684210526315797
2026-09-30T01:18:08.265 0.8,0.0,0.0,0.0,0.0,0.03684210526315797
2026-09-30T01:18:08.315 0.8,0.0,0.0,0.0,0.0,0.03684210526315797
2026-09-30T01:18:08.365 0.8,0.0,0.0,0.0,0.0,0.03684210526315797
2026-09-30T01:18:08.415 0.8,0.0,0.0,0.0,0.0,0.03684210526315797
2026-09-30T01:18:08.465 0.8,0.0,0.0,0.0,0.0,0.03684210526315797
2026-09-30T01:18:08.515 0.8,0.0,0.0,0.0,0.0,0.03684210526315797
2026-09-30T01:18:08.564 0.8,0.0,0.0,0.0,0.0,0.03684210526315797
2026-09-30T01:18:08.615 0.8,0.0,0.0,0.0,0.0,0.03684210526315797
2026-09-30T01:18:08.675 0.8,0.0,0.0,0.0,0.0,0.03684210526315797
2026-09-30T01:18:08.715 0.8,0.0,0.0,0.0,0.0,0.03684210526315797
2026-09-30T01:18:08.765 0.8,0.0,0.0,0.0,0.0,0.03684210526315797
2026-09-30T01:18:08.815 0.8,0.0,0.0,0.0,0.0,0.03684210526315797
2026-09-30T01:18:08.865 0.8,0.0,0.0,0.0,0.0,0.03684210526315797
2026-09-30T01:18:08.915 0.8,0.0,0.0,0.0,0.0,0.03684210526315797
2026-09-30T01:18:08.965 0.8,0.0,0.0,0.0,0.0,0.03684210526315797
2026-09-30T01:18:09.015 0.8,0.0,0.0,0.0,0.0,0.03684210526315797
2026-09-30T01:18:09.065 0.8,0.0,0.0,0.0,0.0,0.03684210526315797
2026-09-30T01:18:09.115 0.8,0.0,0.0,0.0,0.0,0.03684210526315797
2026-09-30T01:18:09.165 0.8,0.0,0.0,0.0,0.0,0.03684210526315797
2026-09-30T01:18:09.215 0.8,0.0,0.0,0.0,0.0,0.03684210526315797
2026-09-30T01:18:09.265 0.8,0.0,0.0,0.0,0.0,0.03684210526315797
2026-09-30T01:18:09.315 0.8,0.0,0.0,0.0,0.0,0.03684210526315797
2026-09-30T01:18:09.367 0.8,0.0,0.0,0.0,0.0,0.03684210526315797
2026-09-30T01:18:09.418 0.8,0.0,0.0,0.0,0.0,0.03684210526315797
2026-09-30T01:18:09.465 0.8,0.0,0.0,0.0,0.0,0.03684210526315797
2026-09-30T01:18:09.515 0.8,0.0,0.0,0.0,0.0,0.03684210526315797
2026-09-30T01:18:09.565 0.8,0.0,0.0,0.0,0.0,0.03684210526315797
2026-09-30T01:18:09.615 0.8,0.0,0.0,0.0,0.0,0.03684210526315797
2026-09-30T01:18:09.665 0.8,0.0,0.0,0.0,0.0,0.03684210526315797
2026-09-30T01:18:09.715 0.8,0.0,0.0,0.0,0.0,0.03684210526315797
2026-09-30T01:18:09.765 0.8,0.0,0.0,0.0,0.0,0.03684210526315797
2026-09-30T01:18:09.815 0.8,0.0,0.0,0.0,0.0,0.03684210526315797
2026-09-30T01:18:09.865 0.8,0.0,0.0,0.0,0.0,0.03684210526315797
2026-09-30T01:18:09.915 0.8,0.0,0.0,0.0,0.0,0.03684210526315797
2026-09-30T01:18:09.965 0.8,0.0,0.0,0.0,0.0,0.03684210526315797
2026-09-30T01:18:10.015 0.8,0.0,0.0,0.0,0.0,0.03684210526315797
2026-09-30T01:18:10.065 0.8,0.0,0.0,0.0,0.0,0.03684210526315797
2026-09-30T01:18:10.115 0.8,0.0,0.0,0.0,0.0,0.03684210526315797
2026-09-30T01:18:10.165 0.8,0.0,0.0,0.0,0.0,0.03684210526315797
2026-09-30T01:18:10.215 0.8,0.0,0.0,0.0,0.0,0.03684210526315797
2026-09-30T01:18:10.265 0.8,0.0,0.0,0.0,0.0,0.03684210526315797
2026-09-30T01:18:10.315 0.8,0.0,0.0,0.0,0.0,0.03684210526315797
2026-09-30T01:18:10.365 0.8,0.0,0.0,0.0,0.0,0.03684210526315797
2026-09-30T01:18:10.419 0.8,0.0,0.0,0.0,0.0,0.03684210526315797
2026-09-30T01:18:10.465 0.8,0.0,0.0,0.0,0.0,0.03684210526315797
2026-09-30T01:18:10.525 0.8,0.0,0.0,0.0,0.0,0.03684210526315797
2026-09-30T01:18:10.565 0.8,0.0,0.0,0.0,0.0,0.03684210526315797
2026-09-30T01:18:10.615 0.8,0.0,0.0,0.0,0.0,0.03684210526315797
2026-09-30T01:18:10.665 0.8,0.0,0.0,0.0,0.0,0.03684210526315797
2026-09-30T01:18:10.715 0.8,0.0,0.0,0.0,0.0,0.03684210526315797
2026-09-30T01:18:10.775 0.8,0.0,0.0,0.0,0.0,0.03684210526315797
2026-09-30T01:18:10.825 0.8,0.0,0.0,0.0,0.0,0.03684210526315797
2026-09-30T01:18:10.865 0.8,0.0,0.0,0.0,0.0,0.03684210526315797
2026-09-30T01:18:10.915 0.8,0.0,0.0,0.0,0.0,0.03684210526315797
2026-09-30T01:18:10.966 0.8,0.0,0.0,0.0,0.0,0.03684210526315797
2026-09-30T01:18:11.015 0.8,0.0,0.0,0.0,0.0,0.03684210526315797
2026-09-30T01:18:11.065 0.8,0.0,0.0,0.0,0.0,0.03684210526315797
2026-09-30T01:18:11.115 0.8,0.0,0.0,0.0,0.0,0.03684210526315797
2026-09-30T01:18:11.165 0.8,0.0,0.0,0.0,0.0,0.03684210526315797
2026-09-30T01:18:11.215 0.8,0.0,0.0,0.0,0.0,0.0
2026-09-30T01:18:11.265 0.8,0.0,0.0,0.0,0.0,0.0
2026-09-30T01:18:11.315 0.8,0.0,0.0,0.0,0.0,0.0
2026-09-30T01:18:11.365 0.8,0.0,0.0,0.0,0.0,0.0
2026-09-30T01:18:11.415 0.8,0.0,0.0,0.0,0.0,0.0
2026-09-30T01:18:11.465 0.8,0.0,0.0,0.0,0.0,0.0
2026-09-30T01:18:11.515 0.8,0.0,0.0,0.0,0.0,0.0
2026-09-30T01:18:11.565 0.8,0.0,0.0,0.0,0.0,0.0
2026-09-30T01:18:11.616 0.8,0.0,0.0,0.0,0.0,0.0
2026-09-30T01:18:11.666 0.8,0.0,0.0,0.0,0.0,0.0
2026-09-30T01:18:11.715 0.8,0.0,0.0,0.0,0.0,0.0
2026-09-30T01:18:11.765 0.8,0.0,0.0,0.0,0.0,0.0
2026-09-30T01:18:11.815 0.8,0.0,0.0,0.0,0.0,0.0
2026-09-30T01:18:11.865 0.8,0.0,0.0,0.0,0.0,0.0
2026-09-30T01:18:11.915 0.8,0.0,0.0,0.0,0.0,0.0
2026-09-30T01:18:11.965 0.8,0.0,0.0,0.0,0.0,0.0
2026-09-30T01:18:12.015 0.8,0.0,0.0,0.0,0.0,0.0
2026-09-30T01:18:12.065 0.8,0.0,0.0,0.0,0.0,0.0
2026-09-30T01:18:12.115 0.8,0.0,0.0,0.0,0.0,0.0
2026-09-30T01:18:12.165 0.8,0.0,0.0,0.0,0.0,0.0
2026-09-30T01:18:12.215 0.8,0.0,0.0,0.0,0.0,0.0
2026-09-30T01:18:12.264 0.8,0.0,0.0,0.0,0.0,0.0
2026-09-30T01:18:12.315 0.8,0.0,0.0,0.0,0.0,0.0
2026-09-30T01:18:12.365 0.8,0.0,0.0,0.0,0.0,0.0
2026-09-30T01:18:12.415 0.8,0.0,0.0,0.0,0.0,0.0
2026-09-30T01:18:12.465 0.8,0.0,0.0,0.0,0.0,0.0
2026-09-30T01:18:12.515 0.8,0.0,0.0,0.0,0.0,0.0
2026-09-30T01:18:12.565 0.8,0.0,0.0,0.0,0.0,0.0
2026-09-30T01:18:12.615 0.8,0.0,0.0,0.0,0.0,0.0
2026-09-30T01:18:12.665 0.8,0.0,0.0,0.0,0.0,0.0
2026-09-30T01:18:12.715 0.8,0.0,0.0,0.0,0.0,0.0
2026-09-30T01:18:12.764 0.8,0.0,0.0,0.0,0.0,0.0
2026-09-30T01:18:12.815 0.8,0.0,0.0,0.0,0.0,0.0
2026-09-30T01:18:12.875 0.8,0.0,0.0,0.0,0.0,0.0
2026-09-30T01:18:12.915 0.8,0.0,0.0,0.0,0.0,0.0
2026-09-30T01:18:12.964 0.8,0.0,0.0,0.0,0.0,0.0
2026-09-30T01:18:13.015 0.8,0.0,0.0,0.0,0.0,0.0
2026-09-30T01:18:13.065 0.8,0.0,0.0,0.0,0.0,0.0
2026-09-30T01:18:13.115 0.8,0.0,0.0,0.0,0.0,0.0
2026-09-30T01:18:13.165 0.8,0.0,0.0,0.0,0.0,0.0
2026-09-30T01:18:13.215 0.8,0.0,0.0,0.0,0.0,0.0
2026-09-30T01:18:13.265 0.8,0.0,0.0,0.0,0.0,0.0
2026-09-30T01:18:13.315 0.8,0.0,0.0,0.0,0.0,0.03684210526315797
2026-09-30T01:18:13.365 0.8,0.0,0.0,0.0,0.0,0.03684210526315797
2026-09-30T01:18:14.271 0.8,0.0,0.0,0.0,0.0,0.03684210526315797
2026-09-30T01:18:14.320 0.8,0.0,0.0,0.0,0.0,0.03684210526315797
2026-09-30T01:18:15.532 0.8,0.0,0.0,0.0,0.0,0.03684210526315797
2026-09-30T01:18:15.582 0.8,0.0,0.0,0.0,0.0,0.03684210526315797
2026-09-30T01:18:15.632 0.8,0.0,0.0,0.0,0.0,0.03684210526315797
2026-09-30T01:18:15.682 0.8,0.0,0.0,0.0,0.0,0.03684210526315797
2026-09-30T01:18:15.732 0.8,0.0,0.0,0.0,0.0,0.03684210526315797
2026-09-30T01:18:15.782 0.8,0.0,0.0,0.0,0.0,0.03684210526315797
2026-09-30T01:18:15.833 0.8,0.0,0.0,0.0,0.0,0.03684210526315797
2026-09-30T01:18:15.882 0.8,0.0,0.0,0.0,0.0,0.03684210526315797
2026-09-30T01:18:15.932 0.8,0.0,0.0,0.0,0.0,0.03684210526315797
2026-09-30T01:18:15.982 0.8,0.0,0.0,0.0,0.0,0.03684210526315797
2026-09-30T01:18:16.032 0.8,0.0,0.0,0.0,0.0,0.03684210526315797
2026-09-30T01:18:16.092 0.8,0.0,0.0,0.0,0.0,0.03684210526315797
2026-09-30T01:18:16.132 0.8,0.0,0.0,0.0,0.0,0.03684210526315797
2026-09-30T01:18:16.182 0.8,0.0,0.0,0.0,0.0,0.03684210526315797
2026-09-30T01:18:16.232 0.8,0.0,0.0,0.0,0.0,0.03684210526315797
2026-09-30T01:18:16.282 0.8,0.0,0.0,0.0,0.0,0.03684210526315797
2026-09-30T01:18:16.332 0.8,0.0,0.0,0.0,0.0,0.03684210526315797
2026-09-30T01:18:16.382 0.8,0.0,0.0,0.0,0.0,0.03684210526315797
2026-09-30T01:18:16.432 0.8,0.0,0.0,0.0,0.0,0.03684210526315797
2026-09-30T01:18:16.482 0.8,0.0,0.0,0.0,0.0,0.03684210526315797
2026-09-30T01:18:16.532 0.8,0.0,0.0,0.0,0.0,0.03684210526315797
2026-09-30T01:18:16.582 0.8,0.0,0.0,0.0,0.0,0.03684210526315797
2026-09-30T01:18:16.632 0.8,0.0,0.0,0.0,0.0,0.03684210526315797
2026-09-30T01:18:16.682 0.8,0.0,0.0,0.0,0.0,0.03684210526315797
2026-09-30T01:18:16.732 0.8,0.0,0.0,0.0,0.0,0.03684210526315797
2026-09-30T01:18:16.782 0.8,0.0,0.0,0.0,0.0,0.03684210526315797
2026-09-30T01:18:16.832 0.8,0.0,0.0,0.0,0.0,0.03684210526315797
2026-09-30T01:18:16.892 0.8,0.0,0.0,0.0,0.0,0.03684210526315797
2026-09-30T01:18:16.934 0.8,0.0,0.0,0.0,0.0,0.03684210526315797
2026-09-30T01:18:16.982 0.8,0.0,0.0,0.0,0.0,0.0
2026-09-30T01:18:17.032 0.8,0.0,0.0,0.0,0.0,0.03684210526315797
2026-09-30T01:18:17.082 0.8,0.0,0.0,0.0,0.0,0.03684210526315797
2026-09-30T01:18:17.132 0.8,0.0,0.0,0.0,0.0,0.03684210526315797
2026-09-30T01:18:17.182 0.8,0.0,0.0,0.0,0.0,0.03684210526315797
2026-09-30T01:18:17.232 0.8,0.0,0.0,0.0,0.0,0.03684210526315797
2026-09-30T01:18:17.282 0.8,0.0,0.0,0.0,0.0,0.03684210526315797
2026-09-30T01:18:17.332 0.8,0.0,0.0,0.0,0.0,0.03684210526315797
2026-09-30T01:18:17.382 0.8,0.0,0.0,0.0,0.0,0.03684210526315797
2026-09-30T01:18:17.443 0.8,0.0,0.0,0.0,0.0,0.03684210526315797
2026-09-30T01:18:17.482 0.8,0.0,0.0,0.0,0.0,0.03684210526315797
2026-09-30T01:18:17.532 0.8,0.0,0.0,0.0,0.0,0.03684210526315797
2026-09-30T01:18:17.582 0.8,0.0,0.0,0.0,0.0,0.03684210526315797
2026-09-30T01:18:17.633 0.8,0.0,0.0,0.0,0.0,0.03684210526315797
2026-09-30T01:18:17.684 0.8,0.0,0.0,0.0,0.0,0.03684210526315797
2026-09-30T01:18:17.732 0.8,0.0,0.0,0.0,0.0,0.03684210526315797
2026-09-30T01:18:17.782 0.8,0.0,0.0,0.0,0.0,0.03684210526315797
2026-09-30T01:18:17.832 0.8,0.0,0.0,0.0,0.0,0.03684210526315797
2026-09-30T01:18:17.882 0.8,0.0,0.0,0.0,0.0,0.03684210526315797
2026-09-30T01:18:17.932 0.8,0.0,0.0,0.0,0.0,0.03684210526315797
2026-09-30T01:18:17.982 0.8,0.0,0.0,0.0,0.0,0.03684210526315797
2026-09-30T01:18:18.032 0.8,0.0,0.0,0.0,0.0,0.03684210526315797
2026-09-30T01:18:18.082 0.8,0.0,0.0,0.0,0.0,0.03684210526315797
2026-09-30T01:18:18.132 0.8,0.0,0.0,0.0,0.0,0.03684210526315797
2026-09-30T01:18:18.182 0.8,0.0,0.0,0.0,0.0,0.03684210526315797
2026-09-30T01:18:18.233 0.8,0.0,0.0,0.0,0.0,0.03684210526315797
2026-09-30T01:18:18.282 0.8,0.0,0.0,0.0,0.0,0.03684210526315797
2026-09-30T01:18:18.332 0.8,0.0,0.0,0.0,0.0,0.03684210526315797
2026-09-30T01:18:18.382 0.8,0.0,0.0,0.0,0.0,0.03684210526315797
2026-09-30T01:18:18.432 0.8,0.0,0.0,0.0,0.0,0.03684210526315797
2026-09-30T01:18:18.483 0.8,0.0,0.0,0.0,0.0,0.03684210526315797
2026-09-30T01:18:18.535 0.8,0.0,0.0,0.0,0.0,0.03684210526315797
2026-09-30T01:18:18.583 0.8,0.0,0.0,0.0,0.0,0.03684210526315797
2026-09-30T01:18:18.633 0.8,0.0,0.0,0.0,0.0,0.0
2026-09-30T01:18:18.682 0.8,0.0,0.0,0.0,0.0,0.0
2026-09-30T01:18:18.732 0.8,0.0,0.0,0.0,0.0,0.0
2026-09-30T01:18:18.782 0.8,0.0,0.0,0.0,0.0,0.0
2026-09-30T01:18:18.832 0.8,0.0,0.0,0.0,0.0,0.0
2026-09-30T01:18:18.882 0.8,0.0,0.0,0.0,0.0,0.0
2026-09-30T01:18:18.932 0.8,0.0,0.0,0.0,0.0,0.0
2026-09-30T01:18:18.982 0.8,0.0,0.0,0.0,0.0,0.0
2026-09-30T01:18:19.032 0.8,0.0,0.0,0.0,0.0,0.0
2026-09-30T01:18:19.082 0.8,0.0,0.0,0.0,0.0,0.0
2026-09-30T01:18:19.132 0.8,0.0,0.0,0.0,0.0,0.0
2026-09-30T01:18:19.182 0.8,0.0,0.0,0.0,0.0,0.0
2026-09-30T01:18:19.232 0.8,0.0,0.0,0.0,0.0,0.0
2026-09-30T01:18:19.282 0.8,0.0,0.0,0.0,0.0,0.0
2026-09-30T01:18:19.332 0.8,0.0,0.0,0.0,0.0,0.0
2026-09-30T01:18:19.382 0.8,0.0,0.0,0.0,0.0,0.0
2026-09-30T01:18:19.432 0.8,0.0,0.0,0.0,0.0,0.0
2026-09-30T01:18:19.484 0.8,0.0,0.0,0.0,0.0,0.0
2026-09-30T01:18:19.532 0.8,0.0,0.0,0.0,0.0,0.0
2026-09-30T01:18:19.592 0.8,0.0,0.0,0.0,0.0,0.0
2026-09-30T01:18:19.632 0.8,0.0,0.0,0.0,0.0,0.0
2026-09-30T01:18:19.682 0.8,0.0,0.0,0.0,0.0,0.0
2026-09-30T01:18:19.732 0.8,0.0,0.0,0.0,0.0,0.0
2026-09-30T01:18:19.782 0.8,0.0,0.0,0.0,0.0,0.0
2026-09-30T01:18:19.832 0.8,0.0,0.0,0.0,0.0,0.0
2026-09-30T01:18:19.882 0.8,0.0,0.0,0.0,0.0,0.0
2026-09-30T01:18:19.932 0.8,0.0,0.0,0.0,0.0,0.0
2026-09-30T01:18:19.982 0.8,0.0,0.0,0.0,0.0,0.0
2026-09-30T01:18:20.032 0.8,0.0,0.0,0.0,0.0,0.0
2026-09-30T01:18:20.082 0.8,0.0,0.0,0.0,0.0,0.03684210526315797
2026-09-30T01:18:20.132 0.8,0.0,0.0,0.0,0.0,0.03684210526315797
2026-09-30T01:18:20.182 0.8,0.0,0.0,0.0,0.0,0.03684210526315797
2026-09-30T01:18:20.232 0.8,0.0,0.0,0.0,0.0,0.03684210526315797
2026-09-30T01:18:20.292 0.8,0.0,0.0,0.0,0.0,0.03684210526315797
2026-09-30T01:18:20.333 0.8,0.0,0.0,0.0,0.0,0.03684210526315797
2026-09-30T01:18:20.382 0.8,0.0,0.0,0.0,0.0,0.03684210526315797
2026-09-30T01:18:20.432 0.8,0.0,0.0,0.0,0.0,0.03684210526315797
2026-09-30T01:18:20.482 0.8,0.0,0.0,0.0,0.0,0.03684210526315797
2026-09-30T01:18:20.532 0.8,0.0,0.0,0.0,0.0,0.03684210526315797
2026-09-30T01:18:20.582 0.8,0.0,0.0,0.0,0.0,0.03684210526315797
2026-09-30T01:18:20.632 0.8,0.0,0.0,0.0,0.0,0.03684210526315797
2026-09-30T01:18:20.682 0.8,0.0,0.0,0.0,0.0,0.03684210526315797
2026-09-30T01:18:20.735 0.8,0.0,0.0,0.0,0.0,0.03684210526315797
2026-09-30T01:18:20.783 0.8,0.0,0.0,0.0,0.0,0.03684210526315797
2026-09-30T01:18:20.832 0.8,0.0,0.0,0.0,0.0,0.0
2026-09-30T01:18:20.882 0.8,0.0,0.0,0.0,0.0,0.0
2026-09-30T01:18:20.932 0.8,0.0,0.0,0.0,0.0,0.0
2026-09-30T01:18:20.982 0.8,0.0,0.0,0.0,0.0,0.0
2026-09-30T01:18:21.032 0.8,0.0,0.0,0.0,0.0,0.0
2026-09-30T01:18:21.082 0.8,0.0,0.0,0.0,0.0,0.0
2026-09-30T01:18:21.132 0.8,0.0,0.0,0.0,0.0,0.0
2026-09-30T01:18:21.182 0.8,0.0,0.0,0.0,0.0,0.0
2026-09-30T01:18:21.232 0.8,0.0,0.0,0.0,0.0,0.0
2026-09-30T01:18:21.282 0.8,0.0,0.0,0.0,0.0,0.0
2026-09-30T01:18:21.332 0.8,0.0,0.0,0.0,0.0,0.0
2026-09-30T01:18:21.382 0.8,0.0,0.0,0.0,0.0,0.0
2026-09-30T01:18:21.432 0.8,0.0,0.0,0.0,0.0,0.0
2026-09-30T01:18:21.482 0.8,0.0,0.0,0.0,0.0,0.0
2026-09-30T01:18:21.543 0.8,0.0,0.0,0.0,0.0,0.0
2026-09-30T01:18:21.593 0.8,0.0,0.0,0.0,0.0,0.0
2026-09-30T01:18:21.632 0.8,0.0,0.0,0.0,0.0,0.0
2026-09-30T01:18:21.684 0.8,0.0,0.0,0.0,0.0,0.0
2026-09-30T01:18:21.733 0.8,0.0,0.0,0.0,0.0,0.0
2026-09-30T01:18:21.782 0.8,0.0,0.0,0.0,0.0,0.0
2026-09-30T01:18:21.832 0.8,0.0,0.0,0.0,0.0,0.0
2026-09-30T01:18:21.882 0.8,0.0,0.0,0.0,0.0,0.0
2026-09-30T01:18:21.932 0.8,0.0,0.0,0.0,0.0,0.0
2026-09-30T01:18:21.982 0.8,0.0,0.0,0.0,0.0,0.0
2026-09-30T01:18:22.032 0.8,0.0,0.0,0.0,0.0,0.0
2026-09-30T01:18:22.082 0.8,0.0,0.0,0.0,0.0,0.0
2026-09-30T01:18:22.132 0.8,0.0,0.0,0.0,0.0,0.0
2026-09-30T01:18:22.182 0.8,0.0,0.0,0.0,0.0,0.0
2026-09-30T01:18:22.232 0.8,0.0,0.0,0.0,0.0,0.0
2026-09-30T01:18:22.282 0.8,0.0,0.0,0.0,0.0,0.0
2026-09-30T01:18:22.332 0.8,0.0,0.0,0.0,0.0,0.0
2026-09-30T01:18:22.382 0.8,0.0,0.0,0.0,0.0,0.0
2026-09-30T01:18:22.432 0.8,0.0,0.0,0.0,0.0,0.0
2026-09-30T01:18:22.482 0.8,0.0,0.0,0.0,0.0,0.0
2026-09-30T01:18:22.532 0.8,0.0,0.0,0.0,0.0,0.0
2026-09-30T01:18:22.582 0.8,0.0,0.0,0.0,0.0,0.0
2026-09-30T01:18:22.633 0.8,0.0,0.0,0.0,0.0,0.0
2026-09-30T01:18:22.682 0.8,0.0,0.0,0.0,0.0,0.0
2026-09-30T01:18:22.732 0.8,0.0,0.0,0.0,0.0,0.0
2026-09-30T01:18:22.783 0.8,0.0,0.0,0.0,0.0,0.0
2026-09-30T01:18:22.832 0.8,0.0,0.0,0.0,0.0,0.0
2026-09-30T01:18:22.882 0.8,0.0,0.0,0.0,0.0,0.0
2026-09-30T01:18:22.932 0.8,0.0,0.0,0.0,0.0,0.0
2026-09-30T01:18:22.982 0.8,0.0,0.0,0.0,0.0,0.0
2026-09-30T01:18:23.032 0.8,0.0,0.0,0.0,0.0,0.0
2026-09-30T01:18:23.092 0.8,0.0,0.0,0.0,0.0,0.0
2026-09-30T01:18:23.132 0.8,0.0,0.0,0.0,0.0,0.0
2026-09-30T01:18:23.182 0.8,0.0,0.0,0.0,0.0,0.0
2026-09-30T01:18:23.232 0.8,0.0,0.0,0.0,0.0,0.0
2026-09-30T01:18:23.282 0.8,0.0,0.0,0.0,0.0,0.0
2026-09-30T01:18:23.332 0.8,0.0,0.0,0.0,0.0,0.0
2026-09-30T01:18:23.382 0.8,0.0,0.0,0.0,0.0,0.0
2026-09-30T01:18:23.432 0.8,0.0,0.0,0.0,0.0,0.0
2026-09-30T01:18:23.482 0.8,0.0,0.0,0.0,0.0,0.0
2026-09-30T01:18:23.534 0.8,0.0,0.0,0.0,0.0,0.0
2026-09-30T01:18:23.582 0.8,0.0,0.0,0.0,0.0,0.0
2026-09-30T01:18:23.632 0.8,0.0,0.0,0.0,0.0,0.0
2026-09-30T01:18:23.682 0.8,0.0,0.0,0.0,0.0,0.0
2026-09-30T01:18:23.732 0.8,0.0,0.0,0.0,0.0,0.0
2026-09-30T01:18:23.782 0.8,0.0,0.0,0.0,0.0,0.03684210526315797
2026-09-30T01:18:23.843 0.8,0.0,0.0,0.0,0.0,0.03684210526315797
2026-09-30T01:18:23.882 0.8,0.0,0.0,0.0,0.0,0.03684210526315797
2026-09-30T01:18:23.932 0.8,0.0,0.0,0.0,0.0,0.03684210526315797
2026-09-30T01:18:23.982 0.8,0.0,0.0,0.0,0.0,0.03684210526315797
2026-09-30T01:18:24.032 0.8,0.0,0.0,0.0,0.0,0.0
2026-09-30T01:18:24.082 0.8,0.0,0.0,0.0,0.0,0.0
2026-09-30T01:18:24.132 0.8,0.0,0.0,0.0,0.0,0.0
2026-09-30T01:18:24.183 0.8,0.0,0.0,0.0,0.0,0.0
2026-09-30T01:18:24.232 0.8,0.0,0.0,0.0,0.0,0.0
2026-09-30T01:18:24.282 0.8,0.0,0.0,0.0,0.0,0.0
2026-09-30T01:18:24.332 0.8,0.0,0.0,0.0,0.0,0.0
2026-09-30T01:18:24.382 0.8,0.0,0.0,0.0,0.0,0.0
2026-09-30T01:18:24.433 0.8,0.0,0.0,0.0,0.0,0.0
2026-09-30T01:18:24.482 0.8,0.0,0.0,0.0,0.0,0.0
2026-09-30T01:18:24.532 0.8,0.0,0.0,0.0,0.0,0.0
2026-09-30T01:18:24.582 0.8,0.0,0.0,0.0,0.0,0.0
2026-09-30T01:18:24.632 0.8,0.0,0.0,0.0,0.0,0.0
2026-09-30T01:18:24.682 0.8,0.0,0.0,0.0,0.0,0.0
2026-09-30T01:18:24.732 0.8,0.0,0.0,0.0,0.0,0.0
2026-09-30T01:18:24.782 0.8,0.0,0.0,0.0,0.0,0.0
2026-09-30T01:18:24.832 0.8,0.0,0.0,0.0,0.0,0.0
2026-09-30T01:18:24.892 0.8,0.0,0.0,0.0,0.0,0.0
2026-09-30T01:18:24.932 0.8,0.0,0.0,0.0,0.0,0.0
2026-09-30T01:18:24.982 0.8,0.0,0.0,0.0,0.0,0.0
2026-09-30T01:18:25.042 0.8,0.0,0.0,0.0,0.0,0.0
2026-09-30T01:18:25.082 0.8,0.0,0.0,0.0,0.0,0.0
2026-09-30T01:18:25.132 0.8,0.0,0.0,0.0,0.0,0.0
2026-09-30T01:18:25.182 0.8,0.0,0.0,0.0,0.0,0.0
2026-09-30T01:18:25.232 0.8,0.0,0.0,0.0,0.0,0.0
2026-09-30T01:18:25.282 0.8,0.0,0.0,0.0,0.0,0.0
2026-09-30T01:18:25.332 0.8,0.0,0.0,0.0,0.0,0.0
2026-09-30T01:18:25.382 0.8,0.0,0.0,0.0,0.0,0.0
2026-09-30T01:18:25.432 0.8,0.0,0.0,0.0,0.0,0.0
2026-09-30T01:18:25.482 0.8,0.0,0.0,0.0,0.0,0.0
2026-09-30T01:18:25.532 0.8,0.0,0.0,0.0,0.0,0.0
2026-09-30T01:18:25.582 0.8,0.0,0.0,0.0,0.0,0.0
2026-09-30T01:18:25.642 0.8,0.0,0.0,0.0,0.0,0.0
2026-09-30T01:18:25.692 0.8,0.0,0.0,0.0,0.0,0.0
2026-09-30T01:18:25.734 0.8,0.0,0.0,0.0,0.0,0.0
2026-09-30T01:18:25.782 0.8,0.0,0.0,0.0,0.0,0.0
2026-09-30T01:18:25.834 0.8,0.0,0.0,0.0,0.0,0.0
2026-09-30T01:18:25.883 0.8,0.0,0.0,0.0,0.0,0.0
2026-09-30T01:18:25.932 0.8,0.0,0.0,0.0,0.0,0.0
2026-09-30T01:18:25.982 0.8,0.0,0.0,0.0,0.0,0.0
2026-09-30T01:18:26.032 0.8,0.0,0.0,0.0,0.0,0.0
2026-09-30T01:18:26.082 0.8,0.0,0.0,0.0,0.0,0.0
2026-09-30T01:18:26.132 0.8,0.0,0.0,0.0,0.0,0.0
2026-09-30T01:18:26.184 0.8,0.0,0.0,0.0,0.0,0.0
2026-09-30T01:18:26.234 0.8,0.0,0.0,0.0,0.0,0.0
2026-09-30T01:18:26.282 0.8,0.0,0.0,0.0,0.0,0.0
2026-09-30T01:18:26.342 0.8,0.0,0.0,0.0,0.0,0.0
2026-09-30T01:18:26.382 0.8,0.0,0.0,0.0,0.0,0.0
2026-09-30T01:18:26.432 0.8,0.0,0.0,0.0,0.0,0.0
2026-09-30T01:18:26.482 0.8,0.0,0.0,0.0,0.0,0.0
2026-09-30T01:18:26.532 0.8,0.0,0.0,0.0,0.0,0.0
2026-09-30T01:18:26.582 0.8,0.0,0.0,0.0,0.0,0.0
2026-09-30T01:18:26.633 0.8,0.0,0.0,0.0,0.0,0.0
2026-09-30T01:18:26.682 0.8,0.0,0.0,0.0,0.0,0.0
2026-09-30T01:18:26.732 0.8,0.0,0.0,0.0,0.0,0.0
2026-09-30T01:18:26.782 0.8,0.0,0.0,0.0,0.0,0.0
2026-09-30T01:18:26.834 0.8,0.0,0.0,0.0,0.0,0.03684210526315797
2026-09-30T01:18:26.892 0.8,0.0,0.0,0.0,0.0,0.03684210526315797
2026-09-30T01:18:26.932 0.8,0.0,0.0,0.0,0.0,0.03684210526315797
2026-09-30T01:18:26.982 0.8,0.0,0.0,0.0,0.0,0.03684210526315797
2026-09-30T01:18:27.032 0.8,0.0,0.0,0.0,0.0,0.03684210526315797
2026-09-30T01:18:27.082 0.8,0.0,0.0,0.0,0.0,0.03684210526315797
2026-09-30T01:18:27.132 0.8,0.0,0.0,0.0,0.0,0.03684210526315797
2026-09-30T01:18:27.182 0.8,0.0,0.0,0.0,0.0,0.03684210526315797
2026-09-30T01:18:27.232 0.8,0.0,0.0,0.0,0.0,0.03684210526315797
2026-09-30T01:18:27.292 0.8,0.0,0.0,0.0,0.0,0.03684210526315797
2026-09-30T01:18:27.334 0.8,0.0,0.0,0.0,0.0,0.03684210526315797
2026-09-30T01:18:27.382 0.8,0.0,0.0,0.0,0.0,0.03684210526315797
2026-09-30T01:18:27.432 0.8,0.0,0.0,0.0,0.0,0.03684210526315797
2026-09-30T01:18:27.482 0.8,0.0,0.0,0.0,0.0,0.03684210526315797
2026-09-30T01:18:27.532 0.8,0.0,0.0,0.0,0.0,0.0
2026-09-30T01:18:27.582 0.8,0.0,0.0,0.0,0.0,0.0
2026-09-30T01:18:27.632 0.8,0.0,0.0,0.0,0.0,0.0
2026-09-30T01:18:27.682 0.8,0.0,0.0,0.0,0.0,0.0
2026-09-30T01:18:27.732 0.8,0.0,0.0,0.0,0.0,0.0
2026-09-30T01:18:27.782 0.8,0.0,0.0,0.0,0.0,0.0
2026-09-30T01:18:27.832 0.8,0.0,0.0,0.0,0.0,0.0
2026-09-30T01:18:27.882 0.8,0.0,0.0,0.0,0.0,0.0
2026-09-30T01:18:27.932 0.8,0.0,0.0,0.0,0.0,0.0
2026-09-30T01:18:27.982 0.8,0.0,0.0,0.0,0.0,0.0
2026-09-30T01:18:28.033 0.8,0.0,0.0,0.0,0.0,0.0
2026-09-30T01:18:28.082 0.8,0.0,0.0,0.0,0.0,0.0
2026-09-30T01:18:28.132 0.8,0.0,0.0,0.0,0.0,0.0
2026-09-30T01:18:28.182 0.8,0.0,0.0,0.0,0.0,0.0
2026-09-30T01:18:28.232 0.8,0.0,0.0,0.0,0.0,0.0
2026-09-30T01:18:28.284 0.8,0.0,0.0,0.0,0.0,0.0
2026-09-30T01:18:28.334 0.8,0.0,0.0,0.0,0.0,0.0
2026-09-30T01:18:28.383 0.8,0.0,0.0,0.0,0.0,0.0
2026-09-30T01:18:28.432 0.8,0.0,0.0,0.0,0.0,0.0
2026-09-30T01:18:28.482 0.8,0.0,0.0,0.0,0.0,0.0
2026-09-30T01:18:28.532 0.8,0.0,0.0,0.0,0.0,0.0
2026-09-30T01:18:28.582 0.8,0.0,0.0,0.0,0.0,0.03684210526315797
2026-09-30T01:18:28.632 0.8,0.0,0.0,0.0,0.0,0.03684210526315797
2026-09-30T01:18:28.682 0.8,0.0,0.0,0.0,0.0,0.03684210526315797
2026-09-30T01:18:28.732 0.8,0.0,0.0,0.0,0.0,0.03684210526315797
2026-09-30T01:18:28.792 0.8,0.0,0.0,0.0,0.0,0.03684210526315797
2026-09-30T01:18:28.832 0.8,0.0,0.0,0.0,0.0,0.03684210526315797
2026-09-30T01:18:28.882 0.8,0.0,0.0,0.0,0.0,0.03684210526315797
2026-09-30T01:18:28.932 0.8,0.0,0.0,0.0,0.0,0.03684210526315797
2026-09-30T01:18:28.982 0.8,0.0,0.0,0.0,0.0,0.03684210526315797
2026-09-30T01:18:29.032 0.8,0.0,0.0,0.0,0.0,0.03684210526315797
2026-09-30T01:18:29.082 0.8,0.0,0.0,0.0,0.0,0.03684210526315797
2026-09-30T01:18:29.132 0.8,0.0,0.0,0.0,0.0,0.03684210526315797
2026-09-30T01:18:29.192 0.8,0.0,0.0,0.0,0.0,0.03684210526315797
2026-09-30T01:18:29.232 0.8,0.0,0.0,0.0,0.0,0.03684210526315797
2026-09-30T01:18:29.282 0.8,0.0,0.0,0.0,0.0,0.03684210526315797
2026-09-30T01:18:29.333 0.8,0.0,0.0,0.0,0.0,0.03684210526315797
2026-09-30T01:18:29.383 0.8,0.0,0.0,0.0,0.0,0.03684210526315797
2026-09-30T01:18:29.432 0.8,0.0,0.0,0.0,0.0,0.03684210526315797
2026-09-30T01:18:29.482 0.8,0.0,0.0,0.0,0.0,0.03684210526315797
2026-09-30T01:18:29.532 0.8,0.0,0.0,0.0,0.0,0.03684210526315797
2026-09-30T01:18:29.582 0.8,0.0,0.0,0.0,0.0,0.03684210526315797
2026-09-30T01:18:29.633 0.8,0.0,0.0,0.0,0.0,0.03684210526315797
2026-09-30T01:18:29.682 0.8,0.0,0.0,0.0,0.0,0.03684210526315797
2026-09-30T01:18:29.733 0.8,0.0,0.0,0.0,0.0,0.03684210526315797
2026-09-30T01:18:29.783 0.8,0.0,0.0,0.0,0.0,0.03684210526315797
2026-09-30T01:18:29.832 0.8,0.0,0.0,0.0,0.0,0.03684210526315797
2026-09-30T01:18:29.882 0.8,0.0,0.0,0.0,0.0,0.03684210526315797
2026-09-30T01:18:29.932 0.8,0.0,0.0,0.0,0.0,0.0
2026-09-30T01:18:29.982 0.8,0.0,0.0,0.0,0.0,0.0
2026-09-30T01:18:30.032 0.8,0.0,0.0,0.0,0.0,0.0
2026-09-30T01:18:30.082 0.8,0.0,0.0,0.0,0.0,0.0
2026-09-30T01:18:30.132 0.8,0.0,0.0,0.0,0.0,0.0
2026-09-30T01:18:30.182 0.8,0.0,0.0,0.0,0.0,0.0
2026-09-30T01:18:30.232 0.8,0.0,0.0,0.0,0.0,0.0
2026-09-30T01:18:30.282 0.8,0.0,0.0,0.0,0.0,0.0
2026-09-30T01:18:30.342 0.8,0.0,0.0,0.0,0.0,0.0
2026-09-30T01:18:30.382 0.8,0.0,0.0,0.0,0.0,0.0
2026-09-30T01:18:30.432 0.8,0.0,0.0,0.0,0.0,0.0
2026-09-30T01:18:30.482 0.8,0.0,0.0,0.0,0.0,0.0
2026-09-30T01:18:30.533 0.8,0.0,0.0,0.0,0.0,0.0
2026-09-30T01:18:30.582 0.8,0.0,0.0,0.0,0.0,0.0
2026-09-30T01:18:30.633 0.8,0.0,0.0,0.0,0.0,0.0
2026-09-30T01:18:30.683 0.8,0.0,0.0,0.0,0.0,0.0
2026-09-30T01:18:30.732 0.8,0.0,0.0,0.0,0.0,0.0
2026-09-30T01:18:30.782 0.8,0.0,0.0,0.0,0.0,0.0
2026-09-30T01:18:30.832 0.8,0.0,0.0,0.0,0.0,0.0
2026-09-30T01:18:30.882 0.8,0.0,0.0,0.0,0.0,0.0
2026-09-30T01:18:30.932 0.8,0.0,0.0,0.0,0.0,0.03684210526315797
2026-09-30T01:18:30.982 0.8,0.0,0.0,0.0,0.0,0.03684210526315797
2026-09-30T01:18:31.032 0.8,0.0,0.0,0.0,0.0,0.03684210526315797
2026-09-30T01:18:31.082 0.8,0.0,0.0,0.0,0.0,0.03684210526315797
2026-09-30T01:18:31.132 0.8,0.0,0.0,0.0,0.0,0.03684210526315797
2026-09-30T01:18:31.182 0.8,0.0,0.0,0.0,0.0,0.03684210526315797
2026-09-30T01:18:31.242 0.8,0.0,0.0,0.0,0.0,0.03684210526315797
2026-09-30T01:18:31.282 0.8,0.0,0.0,0.0,0.0,0.03684210526315797
2026-09-30T01:18:31.332 0.8,0.0,0.0,0.0,0.0,0.03684210526315797
2026-09-30T01:18:31.382 0.8,0.0,0.0,0.0,0.0,0.03684210526315797
2026-09-30T01:18:31.433 0.8,0.0,0.0,0.0,0.0,0.03684210526315797
2026-09-30T01:18:31.482 0.8,0.0,0.0,0.0,0.0,0.03684210526315797
2026-09-30T01:18:31.532 0.8,0.0,0.0,0.0,0.0,0.03684210526315797
2026-09-30T01:18:31.582 0.8,0.0,0.0,0.0,0.0,0.03684210526315797
2026-09-30T01:18:31.632 0.8,0.0,0.0,0.0,0.0,0.03684210526315797
2026-09-30T01:18:31.682 0.8,0.0,0.0,0.0,0.0,0.03684210526315797
2026-09-30T01:18:31.732 0.8,0.0,0.0,0.0,0.0,0.03684210526315797
2026-09-30T01:18:31.782 0.8,0.0,0.0,0.0,0.0,0.03684210526315797
2026-09-30T01:18:31.832 0.8,0.0,0.0,0.0,0.0,0.03684210526315797
2026-09-30T01:18:31.882 0.8,0.0,0.0,0.0,0.0,0.03684210526315797
2026-09-30T01:18:31.932 0.8,0.0,0.0,0.0,0.0,0.03684210526315797
2026-09-30T01:18:31.982 0.8,0.0,0.0,0.0,0.0,0.03684210526315797
2026-09-30T01:18:32.042 0.8,0.0,0.0,0.0,0.0,0.03684210526315797
2026-09-30T01:18:32.082 0.8,0.0,0.0,0.0,0.0,0.03684210526315797
2026-09-30T01:18:32.142 0.8,0.0,0.0,0.0,0.0,0.03684210526315797
2026-09-30T01:18:32.182 0.8,0.0,0.0,0.0,0.0,0.03684210526315797
2026-09-30T01:18:32.232 0.8,0.0,0.0,0.0,0.0,0.03684210526315797
2026-09-30T01:18:32.282 0.8,0.0,0.0,0.0,0.0,0.03684210526315797
2026-09-30T01:18:32.332 0.8,0.0,0.0,0.0,0.0,0.03684210526315797
2026-09-30T01:18:32.382 0.8,0.0,0.0,0.0,0.0,0.03684210526315797
2026-09-30T01:18:32.432 0.8,0.0,0.0,0.0,0.0,0.03684210526315797
2026-09-30T01:18:32.482 0.8,0.0,0.0,0.0,0.0,0.03684210526315797
2026-09-30T01:18:32.532 0.8,0.0,0.0,0.0,0.0,0.03684210526315797
2026-09-30T01:18:32.582 0.8,0.0,0.0,0.0,0.0,0.03684210526315797
2026-09-30T01:18:32.632 0.8,0.0,0.0,0.0,0.0,0.03684210526315797
2026-09-30T01:18:32.682 0.8,0.0,0.0,0.0,0.0,0.03684210526315797
2026-09-30T01:18:32.732 0.8,0.0,0.0,0.0,0.0,0.03684210526315797
2026-09-30T01:18:32.782 0.8,0.0,0.0,0.0,0.0,0.03684210526315797
2026-09-30T01:18:32.832 0.8,0.0,0.0,0.0,0.0,0.03684210526315797
2026-09-30T01:18:32.882 0.8,0.0,0.0,0.0,0.0,0.03684210526315797
2026-09-30T01:18:32.933 0.8,0.0,0.0,0.0,0.0,0.03684210526315797
2026-09-30T01:18:32.982 0.8,0.0,0.0,0.0,0.0,0.0
2026-09-30T01:18:33.032 0.8,0.0,0.0,0.0,0.0,0.0
2026-09-30T01:18:33.092 0.8,0.0,0.0,0.0,0.0,0.0
2026-09-30T01:18:33.132 0.8,0.0,0.0,0.0,0.0,0.0
2026-09-30T01:18:33.182 0.8,0.0,0.0,0.0,0.0,0.0
2026-09-30T01:18:33.232 0.8,0.0,0.0,0.0,0.0,0.0
2026-09-30T01:18:33.282 0.8,0.0,0.0,0.0,0.0,0.0
2026-09-30T01:18:33.332 0.8,0.0,0.0,0.0,0.0,0.0
2026-09-30T01:18:33.382 0.8,0.0,0.0,0.0,0.0,0.0
2026-09-30T01:18:33.432 0.8,0.0,0.0,0.0,0.0,0.0
2026-09-30T01:18:33.482 0.8,0.0,0.0,0.0,0.0,0.0
2026-09-30T01:18:33.532 0.8,0.0,0.0,0.0,0.0,0.0
2026-09-30T01:18:33.582 0.8,0.0,0.0,0.0,0.0,0.0
2026-09-30T01:18:33.632 0.8,0.0,0.0,0.0,0.0,0.0
2026-09-30T01:18:33.682 0.8,0.0,0.0,0.0,0.0,0.0
2026-09-30T01:18:33.735 0.8,0.0,0.0,0.0,0.0,0.0
2026-09-30T01:18:33.782 0.8,0.0,0.0,0.0,0.0,0.0
2026-09-30T01:18:33.842 0.8,0.0,0.0,0.0,0.0,0.0
2026-09-30T01:18:33.892 0.8,0.0,0.0,0.0,0.0,0.0
2026-09-30T01:18:33.932 0.8,0.0,0.0,0.0,0.0,0.0
2026-09-30T01:18:33.982 0.8,0.0,0.0,0.0,0.0,0.0
2026-09-30T01:18:34.033 0.8,0.0,0.0,0.0,0.0,0.0
2026-09-30T01:18:34.082 0.8,0.0,0.0,0.0,0.0,0.0
2026-09-30T01:18:34.132 0.8,0.0,0.0,0.0,0.0,0.0
2026-09-30T01:18:34.182 0.8,0.0,0.0,0.0,0.0,0.0
2026-09-30T01:18:34.232 0.8,0.0,0.0,0.0,0.0,0.0
2026-09-30T01:18:34.282 0.8,0.0,0.0,0.0,0.0,0.0
2026-09-30T01:18:34.333 0.8,0.0,0.0,0.0,0.0,0.0
2026-09-30T01:18:34.382 0.8,0.0,0.0,0.0,0.0,0.0
2026-09-30T01:18:34.432 0.8,0.0,0.0,0.0,0.0,0.0
2026-09-30T01:18:34.482 0.8,0.0,0.0,0.0,0.0,0.0
2026-09-30T01:18:34.532 0.8,0.0,0.0,0.0,0.0,0.0
2026-09-30T01:18:34.582 0.8,0.0,0.0,0.0,0.0,0.0
2026-09-30T01:18:34.632 0.8,0.0,0.0,0.0,0.0,0.0
2026-09-30T01:18:34.682 0.8,0.0,0.0,0.0,0.0,0.0
2026-09-30T01:18:34.733 0.8,0.0,0.0,0.0,0.0,0.0
2026-09-30T01:18:34.782 0.8,0.0,0.0,0.0,0.0,0.0
2026-09-30T01:18:34.832 0.8,0.0,0.0,0.0,0.0,0.0
2026-09-30T01:18:34.882 0.8,0.0,0.0,0.0,0.0,0.0
2026-09-30T01:18:34.932 0.8,0.0,0.0,0.0,0.0,0.0
2026-09-30T01:18:34.982 0.8,0.0,0.0,0.0,0.0,0.0
2026-09-30T01:18:35.032 0.8,0.0,0.0,0.0,0.0,0.0
2026-09-30T01:18:35.082 0.8,0.0,0.0,0.0,0.0,0.0
2026-09-30T01:18:35.132 0.8,0.0,0.0,0.0,0.0,0.0
2026-09-30T01:18:35.182 0.8,0.0,0.0,0.0,0.0,0.0
2026-09-30T01:18:35.232 0.8,0.0,0.0,0.0,0.0,0.0
2026-09-30T01:18:35.282 0.8,0.0,0.0,0.0,0.0,0.0
2026-09-30T01:18:35.342 0.8,0.0,0.0,0.0,0.0,0.0
2026-09-30T01:18:35.382 0.8,0.0,0.0,0.0,0.0,0.0
2026-09-30T01:18:35.442 0.8,0.0,0.0,0.0,0.0,0.0
2026-09-30T01:18:35.482 0.8,0.0,0.0,0.0,0.0,0.0
2026-09-30T01:18:35.532 0.8,0.0,0.0,0.0,0.0,0.0
2026-09-30T01:18:35.582 0.8,0.0,0.0,0.0,0.0,0.0
2026-09-30T01:18:35.632 0.8,0.0,0.0,0.0,0.0,0.0
2026-09-30T01:18:35.682 0.8,0.0,0.0,0.0,0.0,0.0
2026-09-30T01:18:35.732 0.8,0.0,0.0,0.0,0.0,0.0
2026-09-30T01:18:35.782 0.8,0.0,0.0,0.0,0.0,0.0
2026-09-30T01:18:35.833 0.8,0.0,0.0,0.0,0.0,0.0
2026-09-30T01:18:35.882 0.8,0.0,0.0,0.0,0.0,0.0
2026-09-30T01:18:35.932 0.8,0.0,0.0,0.0,0.0,0.0
2026-09-30T01:18:35.982 0.8,0.0,0.0,0.0,0.0,0.0
2026-09-30T01:18:36.032 0.8,0.0,0.0,0.0,0.0,0.0
2026-09-30T01:18:36.082 0.8,0.0,0.0,0.0,0.0,0.0
2026-09-30T01:18:36.132 0.8,0.0,0.0,0.0,0.0,0.0
2026-09-30T01:18:36.182 0.8,0.0,0.0,0.0,0.0,0.0
2026-09-30T01:18:36.232 0.8,0.0,0.0,0.0,0.0,0.0
2026-09-30T01:18:36.282 0.8,0.0,0.0,0.0,0.0,0.0
2026-09-30T01:18:36.332 0.8,0.0,0.0,0.0,0.0,0.0
2026-09-30T01:18:36.382 0.8,0.0,0.0,0.0,0.0,0.0
2026-09-30T01:18:36.432 0.8,0.0,0.0,0.0,0.0,0.0
2026-09-30T01:18:36.482 0.8,0.0,0.0,0.0,0.0,0.0
2026-09-30T01:18:36.532 0.8,0.0,0.0,0.0,0.0,0.0
2026-09-30T01:18:36.592 0.8,0.0,0.0,0.0,0.0,0.0
2026-09-30T01:18:36.632 0.8,0.0,0.0,0.0,0.0,0.0
2026-09-30T01:18:36.682 0.8,0.0,0.0,0.0,0.0,0.0
2026-09-30T01:18:36.732 0.8,0.0,0.0,0.0,0.0,0.0
2026-09-30T01:18:36.782 0.8,0.0,0.0,0.0,0.0,0.0
2026-09-30T01:18:36.832 0.8,0.0,0.0,0.0,0.0,0.0
2026-09-30T01:18:36.882 0.8,0.0,0.0,0.0,0.0,0.0
2026-09-30T01:18:36.932 0.8,0.0,0.0,0.0,0.0,0.0
2026-09-30T01:18:36.982 0.8,0.0,0.0,0.0,0.0,0.0
2026-09-30T01:18:37.032 0.8,0.0,0.0,0.0,0.0,0.0
2026-09-30T01:18:37.082 0.8,0.0,0.0,0.0,0.0,0.03684210526315797
2026-09-30T01:18:37.132 0.8,0.0,0.0,0.0,0.0,0.03684210526315797
2026-09-30T01:18:37.182 0.8,0.0,0.0,0.0,0.0,0.03684210526315797
2026-09-30T01:18:37.232 0.8,0.0,0.0,0.0,0.0,0.03684210526315797
2026-09-30T01:18:37.282 0.8,0.0,0.0,0.0,0.0,0.03684210526315797
2026-09-30T01:18:37.332 0.8,0.0,0.0,0.0,0.0,0.03684210526315797
2026-09-30T01:18:37.382 0.8,0.0,0.0,0.0,0.0,0.03684210526315797
2026-09-30T01:18:37.432 0.8,0.0,0.0,0.0,0.0,0.03684210526315797
2026-09-30T01:18:37.482 0.8,0.0,0.0,0.0,0.0,0.03684210526315797
2026-09-30T01:18:37.532 0.8,0.0,0.0,0.0,0.0,0.03684210526315797
2026-09-30T01:18:37.582 0.8,0.0,0.0,0.0,0.0,0.03684210526315797
2026-09-30T01:18:37.633 0.8,0.0,0.0,0.0,0.0,0.03684210526315797
2026-09-30T01:18:37.682 0.8,0.0,0.0,0.0,0.0,0.03684210526315797
2026-09-30T01:18:37.732 0.8,0.0,0.0,0.0,0.0,0.03684210526315797
2026-09-30T01:18:37.792 0.8,0.0,0.0,0.0,0.0,0.03684210526315797
2026-09-30T01:18:37.832 0.8,0.0,0.0,0.0,0.0,0.03684210526315797
2026-09-30T01:18:37.882 0.8,0.0,0.0,0.0,0.0,0.03684210526315797
2026-09-30T01:18:37.942 0.8,0.0,0.0,0.0,0.0,0.03684210526315797
2026-09-30T01:18:37.982 0.8,0.0,0.0,0.0,0.0,0.03684210526315797
2026-09-30T01:18:38.032 0.8,0.0,0.0,0.0,0.0,0.03684210526315797
2026-09-30T01:18:38.082 0.8,0.0,0.0,0.0,0.0,0.03684210526315797
2026-09-30T01:18:38.132 0.8,0.0,0.0,0.0,0.0,0.03684210526315797
2026-09-30T01:18:38.182 0.8,0.0,0.0,0.0,0.0,0.0
2026-09-30T01:18:38.232 0.8,0.0,0.0,0.0,0.0,0.0
2026-09-30T01:18:38.282 0.8,0.0,0.0,0.0,0.0,0.0
2026-09-30T01:18:38.332 0.8,0.0,0.0,0.0,0.0,0.0
2026-09-30T01:18:38.382 0.8,0.0,0.0,0.0,0.0,0.0
2026-09-30T01:18:38.432 0.8,0.0,0.0,0.0,0.0,0.0
2026-09-30T01:18:38.482 0.675,0.0,0.0,0.0,0.0,0.0
2026-09-30T01:18:38.532 0.55,0.0,0.0,0.0,0.0,0.0
2026-09-30T01:18:38.582 0.42500000000000004,0.0,0.0,0.0,0.0,0.0
2026-09-30T01:18:38.632 0.30000000000000004,0.0,0.0,0.0,0.0,0.0
2026-09-30T01:18:38.682 0.17500000000000004,0.0,0.0,0.0,0.0,0.0
2026-09-30T01:18:38.732 0.050000000000000044,0.0,0.0,0.0,0.0,0.0
2026-09-30T01:18:38.782 -0.07499999999999996,0.0,0.0,0.0,0.0,0.0
2026-09-30T01:18:38.832 -0.15000000596046448,0.0,0.0,0.0,0.0,0.0
2026-09-30T01:18:38.882 -0.15000000596046448,0.0,0.0,0.0,0.0,0.0
2026-09-30T01:18:38.935 -0.15000000596046448,0.0,0.0,0.0,0.0,0.0
2026-09-30T01:18:38.983 -0.15000000596046448,0.0,0.0,0.0,0.0,0.0
2026-09-30T01:18:39.032 -0.15000000596046448,0.0,0.0,0.0,0.0,0.0
2026-09-30T01:18:39.082 -0.15000000596046448,0.0,0.0,0.0,0.0,0.0
2026-09-30T01:18:39.142 -0.15000000596046448,0.0,0.0,0.0,0.0,0.0
2026-09-30T01:18:39.182 -0.15000000596046448,0.0,0.0,0.0,0.0,0.0
2026-09-30T01:18:39.232 -0.15000000596046448,0.0,0.0,0.0,0.0,0.0
2026-09-30T01:18:39.282 -0.15000000596046448,0.0,0.0,0.0,0.0,0.0
2026-09-30T01:18:39.332 -0.15000000596046448,0.0,0.0,0.0,0.0,0.0
2026-09-30T01:18:39.382 -0.15000000596046448,0.0,0.0,0.0,0.0,0.0
2026-09-30T01:18:39.432 -0.15000000596046448,0.0,0.0,0.0,0.0,0.0
2026-09-30T01:18:39.482 -0.15000000596046448,0.0,0.0,0.0,0.0,0.0
2026-09-30T01:18:39.532 -0.15000000596046448,0.0,0.0,0.0,0.0,0.0
2026-09-30T01:18:39.582 -0.15000000596046448,0.0,0.0,0.0,0.0,0.0
2026-09-30T01:18:39.632 -0.15000000596046448,0.0,0.0,0.0,0.0,0.0
2026-09-30T01:18:39.682 -0.15000000596046448,0.0,0.0,0.0,0.0,0.0
2026-09-30T01:18:39.733 -0.15000000596046448,0.0,0.0,0.0,0.0,0.0
2026-09-30T01:18:39.792 -0.15000000596046448,0.0,0.0,0.0,0.0,0.0
2026-09-30T01:18:39.833 -0.15000000596046448,0.0,0.0,0.0,0.0,0.0
2026-09-30T01:18:39.882 -0.15000000596046448,0.0,0.0,0.0,0.0,0.0
2026-09-30T01:18:39.943 -0.15000000596046448,0.0,0.0,0.0,0.0,0.0
2026-09-30T01:18:39.982 -0.15000000596046448,0.0,0.0,0.0,0.0,0.0
2026-09-30T01:18:40.032 -0.15000000596046448,0.0,0.0,0.0,0.0,0.0
2026-09-30T01:18:40.082 -0.15000000596046448,0.0,0.0,0.0,0.0,0.0
2026-09-30T01:18:40.132 -0.15000000596046448,0.0,0.0,0.0,0.0,0.0
2026-09-30T01:18:40.182 -0.15000000596046448,0.0,0.0,0.0,0.0,0.0
2026-09-30T01:18:40.232 -0.15000000596046448,0.0,0.0,0.0,0.0,0.0
2026-09-30T01:18:40.282 -0.15000000596046448,0.0,0.0,0.0,0.0,0.0
2026-09-30T01:18:40.332 -0.15000000596046448,0.0,0.0,0.0,0.0,0.0
2026-09-30T01:18:40.382 -0.15000000596046448,0.0,0.0,0.0,0.0,0.0
2026-09-30T01:18:40.432 -0.15000000596046448,0.0,0.0,0.0,0.0,0.0
2026-09-30T01:18:40.482 -0.15000000596046448,0.0,0.0,0.0,0.0,0.0
2026-09-30T01:18:40.542 -0.15000000596046448,0.0,0.0,0.0,0.0,0.0
2026-09-30T01:18:40.582 -0.15000000596046448,0.0,0.0,0.0,0.0,0.0
2026-09-30T01:18:40.632 -0.15000000596046448,0.0,0.0,0.0,0.0,0.0
2026-09-30T01:18:40.682 -0.15000000596046448,0.0,0.0,0.0,0.0,0.0
2026-09-30T01:18:40.732 -0.15000000596046448,0.0,0.0,0.0,0.0,0.0
2026-09-30T01:18:40.782 -0.15000000596046448,0.0,0.0,0.0,0.0,0.0
2026-09-30T01:18:40.832 -0.15000000596046448,0.0,0.0,0.0,0.0,0.0
2026-09-30T01:18:40.882 -0.15000000596046448,0.0,0.0,0.0,0.0,0.0
2026-09-30T01:18:40.932 -0.15000000596046448,0.0,0.0,0.0,0.0,0.0
2026-09-30T01:18:40.982 -0.15000000596046448,0.0,0.0,0.0,0.0,0.0
2026-09-30T01:18:41.032 -0.15000000596046448,0.0,0.0,0.0,0.0,0.0
2026-09-30T01:18:41.082 -0.15000000596046448,0.0,0.0,0.0,0.0,0.0
2026-09-30T01:18:41.132 -0.15000000596046448,0.0,0.0,0.0,0.0,0.0
2026-09-30T01:18:41.192 -0.15000000596046448,0.0,0.0,0.0,0.0,0.0
2026-09-30T01:18:41.233 -0.15000000596046448,0.0,0.0,0.0,0.0,0.0
2026-09-30T01:18:41.282 -0.15000000596046448,0.0,0.0,0.0,0.0,0.0
2026-09-30T01:18:41.344 -0.15000000596046448,0.0,0.0,0.0,0.0,0.0
2026-09-30T01:18:41.384 -0.15000000596046448,0.0,0.0,0.0,0.0,0.0
2026-09-30T01:18:41.432 -0.15000000596046448,0.0,0.0,0.0,0.0,0.0
2026-09-30T01:18:41.482 -0.15000000596046448,0.0,0.0,0.0,0.0,0.0
2026-09-30T01:18:41.532 -0.15000000596046448,0.0,0.0,0.0,0.0,0.0
2026-09-30T01:18:41.582 -0.15000000596046448,0.0,0.0,0.0,0.0,0.0
2026-09-30T01:18:41.643 -0.15000000596046448,0.0,0.0,0.0,0.0,0.0
2026-09-30T01:18:41.682 -0.15000000596046448,0.0,0.0,0.0,0.0,0.0
2026-09-30T01:18:41.732 -0.15000000596046448,0.0,0.0,0.0,0.0,0.0
2026-09-30T01:18:41.782 -0.15000000596046448,0.0,0.0,0.0,0.0,0.0
2026-09-30T01:18:41.832 -0.15000000596046448,0.0,0.0,0.0,0.0,0.0
2026-09-30T01:18:41.882 -0.15000000596046448,0.0,0.0,0.0,0.0,0.0
2026-09-30T01:18:41.932 -0.15000000596046448,0.0,0.0,0.0,0.0,0.0
2026-09-30T01:18:41.982 -0.15000000596046448,0.0,0.0,0.0,0.0,0.0
2026-09-30T01:18:42.032 -0.15000000596046448,0.0,0.0,0.0,0.0,0.0
2026-09-30T01:18:42.082 -0.15000000596046448,0.0,0.0,0.0,0.0,0.0
2026-09-30T01:18:42.132 -0.15000000596046448,0.0,0.0,0.0,0.0,0.0
2026-09-30T01:18:42.182 -0.15000000596046448,0.0,0.0,0.0,0.0,0.0
2026-09-30T01:18:42.232 -0.15000000596046448,0.0,0.0,0.0,0.0,0.0
2026-09-30T01:18:42.282 -0.15000000596046448,0.0,0.0,0.0,0.0,0.0
2026-09-30T01:18:42.332 -0.15000000596046448,0.0,0.0,0.0,0.0,0.0
2026-09-30T01:18:42.382 -0.15000000596046448,0.0,0.0,0.0,0.0,0.0
2026-09-30T01:18:42.432 -0.15000000596046448,0.0,0.0,0.0,0.0,0.0
2026-09-30T01:18:42.482 -0.15000000596046448,0.0,0.0,0.0,0.0,0.0
2026-09-30T01:18:42.532 -0.15000000596046448,0.0,0.0,0.0,0.0,0.0
2026-09-30T01:18:42.582 -0.15000000596046448,0.0,0.0,0.0,0.0,0.0
2026-09-30T01:18:42.632 -0.15000000596046448,0.0,0.0,0.0,0.0,0.0
2026-09-30T01:18:42.682 -0.15000000596046448,0.0,0.0,0.0,0.0,0.0
2026-09-30T01:18:42.732 -0.15000000596046448,0.0,0.0,0.0,0.0,0.0
2026-09-30T01:18:42.782 -0.15000000596046448,0.0,0.0,0.0,0.0,0.0
2026-09-30T01:18:42.832 -0.15000000596046448,0.0,0.0,0.0,0.0,0.0
2026-09-30T01:18:42.882 -0.15000000596046448,0.0,0.0,0.0,0.0,0.0
2026-09-30T01:18:42.932 -0.15000000596046448,0.0,0.0,0.0,0.0,0.0
2026-09-30T01:18:42.992 -0.15000000596046448,0.0,0.0,0.0,0.0,0.0
2026-09-30T01:18:43.032 -0.15000000596046448,0.0,0.0,0.0,0.0,0.0
2026-09-30T01:18:43.082 -0.15000000596046448,0.0,0.0,0.0,0.0,0.0
2026-09-30T01:18:43.132 -0.15000000596046448,0.0,0.0,0.0,0.0,0.0
2026-09-30T01:18:43.182 -0.15000000596046448,0.0,0.0,0.0,0.0,0.0
2026-09-30T01:18:43.232 -0.15000000596046448,0.0,0.0,0.0,0.0,0.0
2026-09-30T01:18:43.282 -0.15000000596046448,0.0,0.0,0.0,0.0,0.0
2026-09-30T01:18:43.332 -0.15000000596046448,0.0,0.0,0.0,0.0,0.0
2026-09-30T01:18:43.392 -0.15000000596046448,0.0,0.0,0.0,0.0,0.0
2026-09-30T01:18:43.442 -0.15000000596046448,0.0,0.0,0.0,0.0,0.0
2026-09-30T01:18:43.482 -0.15000000596046448,0.0,0.0,0.0,0.0,0.0
2026-09-30T01:18:43.532 -0.15000000596046448,0.0,0.0,0.0,0.0,0.0
2026-09-30T01:18:43.584 -0.15000000596046448,0.0,0.0,0.0,0.0,0.0
2026-09-30T01:18:43.632 -0.15000000596046448,0.0,0.0,0.0,0.0,0.0
2026-09-30T01:18:43.682 -0.15000000596046448,0.0,0.0,0.0,0.0,0.0
2026-09-30T01:18:43.732 -0.15000000596046448,0.0,0.0,0.0,0.0,0.0
2026-09-30T01:18:43.782 -0.15000000596046448,0.0,0.0,0.0,0.0,0.0
2026-09-30T01:18:43.833 -0.15000000596046448,0.0,0.0,0.0,0.0,0.0
2026-09-30T01:18:43.882 -0.15000000596046448,0.0,0.0,0.0,0.0,0.0
2026-09-30T01:18:43.932 -0.15000000596046448,0.0,0.0,0.0,0.0,0.0
2026-09-30T01:18:43.982 -0.15000000596046448,0.0,0.0,0.0,0.0,0.0
2026-09-30T01:18:44.032 -0.15000000596046448,0.0,0.0,0.0,0.0,0.0
2026-09-30T01:18:44.082 -0.15000000596046448,0.0,0.0,0.0,0.0,0.0
2026-09-30T01:18:44.142 -0.15000000596046448,0.0,0.0,0.0,0.0,0.0
2026-09-30T01:18:44.182 -0.15000000596046448,0.0,0.0,0.0,0.0,0.0
2026-09-30T01:18:44.243 -0.15000000596046448,0.0,0.0,0.0,0.0,0.0
2026-09-30T01:18:44.292 -0.15000000596046448,0.0,0.0,0.0,0.0,0.0
2026-09-30T01:18:44.332 -0.15000000596046448,0.0,0.0,0.0,0.0,0.0
2026-09-30T01:18:44.382 -0.15000000596046448,0.0,0.0,0.0,0.0,0.0
2026-09-30T01:18:44.432 -0.15000000596046448,0.0,0.0,0.0,0.0,0.0
2026-09-30T01:18:44.482 -0.15000000596046448,0.0,0.0,0.0,0.0,0.0
2026-09-30T01:18:44.532 -0.15000000596046448,0.0,0.0,0.0,0.0,0.0
2026-09-30T01:18:44.582 -0.15000000596046448,0.0,0.0,0.0,0.0,0.0
2026-09-30T01:18:44.632 -0.15000000596046448,0.0,0.0,0.0,0.0,0.0
2026-09-30T01:18:44.682 -0.15000000596046448,0.0,0.0,0.0,0.0,0.0
2026-09-30T01:18:44.733 -0.15000000596046448,0.0,0.0,0.0,0.0,0.0
2026-09-30T01:18:44.782 -0.15000000596046448,0.0,0.0,0.0,0.0,0.0
2026-09-30T01:18:44.833 -0.15000000596046448,0.0,0.0,0.0,0.0,0.0
2026-09-30T01:18:44.882 -0.15000000596046448,0.0,0.0,0.0,0.0,0.0
2026-09-30T01:18:44.932 -0.15000000596046448,0.0,0.0,0.0,0.0,0.0
2026-09-30T01:18:44.982 -0.15000000596046448,0.0,0.0,0.0,0.0,0.0
2026-09-30T01:18:45.032 -0.15000000596046448,0.0,0.0,0.0,0.0,0.0
2026-09-30T01:18:45.082 -0.15000000596046448,0.0,0.0,0.0,0.0,0.0
2026-09-30T01:18:45.132 -0.15000000596046448,0.0,0.0,0.0,0.0,0.0
2026-09-30T01:18:45.182 -0.15000000596046448,0.0,0.0,0.0,0.0,0.0
2026-09-30T01:18:45.232 -0.15000000596046448,0.0,0.0,0.0,0.0,0.0
2026-09-30T01:18:45.282 -0.15000000596046448,0.0,0.0,0.0,0.0,0.0
2026-09-30T01:18:45.342 -0.15000000596046448,0.0,0.0,0.0,0.0,0.0
2026-09-30T01:18:45.382 -0.15000000596046448,0.0,0.0,0.0,0.0,0.0
2026-09-30T01:18:46.285 -0.15000000596046448,0.0,0.0,0.0,0.0,0.0
2026-09-30T01:18:46.335 -0.15000000596046448,0.0,0.0,0.0,0.0,0.0
2026-09-30T01:18:47.546 -0.15000000596046448,0.0,0.0,0.0,0.0,0.0
2026-09-30T01:18:47.596 -0.15000000596046448,0.0,0.0,0.0,0.0,0.0
2026-09-30T01:18:47.646 -0.15000000596046448,0.0,0.0,0.0,0.0,0.0
2026-09-30T01:18:47.696 -0.15000000596046448,0.0,0.0,0.0,0.0,0.0
2026-09-30T01:18:47.746 -0.15000000596046448,0.0,0.0,0.0,0.0,0.0
2026-09-30T01:18:47.796 -0.15000000596046448,0.0,0.0,0.0,0.0,0.0
2026-09-30T01:18:47.846 -0.15000000596046448,0.0,0.0,0.0,0.0,0.0
2026-09-30T01:18:47.896 -0.15000000596046448,0.0,0.0,0.0,0.0,0.0
2026-09-30T01:18:47.946 -0.15000000596046448,0.0,0.0,0.0,0.0,0.0
2026-09-30T01:18:48.006 -0.15000000596046448,0.0,0.0,0.0,0.0,0.0
2026-09-30T01:18:48.046 -0.15000000596046448,0.0,0.0,0.0,0.0,0.0
2026-09-30T01:18:48.096 -0.025000005960464478,0.0,0.0,0.0,0.0,0.0
2026-09-30T01:18:48.146 0.09999999403953552,0.0,0.0,0.0,0.0,-0.16
2026-09-30T01:18:48.196 0.22499999403953552,0.0,0.0,0.0,0.0,-0.18421052631578938
2026-09-30T01:18:48.246 0.3499999940395355,0.0,0.0,0.0,0.0,-0.18421052631578938
2026-09-30T01:18:48.296 0.4749999940395355,0.0,0.0,0.0,0.0,-0.18421052631578938
2026-09-30T01:18:48.346 0.5999999940395355,0.0,0.0,0.0,0.0,-0.18421052631578938
2026-09-30T01:18:48.396 0.7249999940395355,0.0,0.0,0.0,0.0,-0.18421052631578938
2026-09-30T01:18:48.446 0.8,0.0,0.0,0.0,0.0,-0.18421052631578938
2026-09-30T01:18:48.495 0.8,0.0,0.0,0.0,0.0,-0.18421052631578938
2026-09-30T01:18:48.546 0.8,0.0,0.0,0.0,0.0,-0.18421052631578938
2026-09-30T01:18:48.596 0.8,0.0,0.0,0.0,0.0,-0.18421052631578938
2026-09-30T01:18:48.646 0.8,0.0,0.0,0.0,0.0,-0.18421052631578938
2026-09-30T01:18:48.696 0.8,0.0,0.0,0.0,0.0,-0.18421052631578938
2026-09-30T01:18:48.746 0.8,0.0,0.0,0.0,0.0,-0.18421052631578938
2026-09-30T01:18:48.795 0.8,0.0,0.0,0.0,0.0,-0.18421052631578938
2026-09-30T01:18:48.845 0.8,0.0,0.0,0.0,0.0,-0.18421052631578938
2026-09-30T01:18:48.896 0.8,0.0,0.0,0.0,0.0,-0.18421052631578938
2026-09-30T01:18:48.956 0.8,0.0,0.0,0.0,0.0,-0.18421052631578938
2026-09-30T01:18:48.996 0.8,0.0,0.0,0.0,0.0,-0.1105263157894736
2026-09-30T01:18:49.056 0.8,0.0,0.0,0.0,0.0,-0.1105263157894736
2026-09-30T01:18:49.095 0.8,0.0,0.0,0.0,0.0,-0.1105263157894736
2026-09-30T01:18:49.146 0.8,0.0,0.0,0.0,0.0,-0.1105263157894736
2026-09-30T01:18:49.196 0.8,0.0,0.0,0.0,0.0,-0.1105263157894736
2026-09-30T01:18:49.246 0.8,0.0,0.0,0.0,0.0,-0.1105263157894736
2026-09-30T01:18:49.296 0.8,0.0,0.0,0.0,0.0,-0.1105263157894736
2026-09-30T01:18:49.345 0.8,0.0,0.0,0.0,0.0,-0.1105263157894736
2026-09-30T01:18:49.396 0.8,0.0,0.0,0.0,0.0,-0.1105263157894736
2026-09-30T01:18:49.446 0.8,0.0,0.0,0.0,0.0,-0.1105263157894736
2026-09-30T01:18:49.496 0.8,0.0,0.0,0.0,0.0,-0.1105263157894736
2026-09-30T01:18:49.546 0.8,0.0,0.0,0.0,0.0,-0.1105263157894736
2026-09-30T01:18:49.596 0.8,0.0,0.0,0.0,0.0,-0.1105263157894736
2026-09-30T01:18:49.646 0.8,0.0,0.0,0.0,0.0,-0.1105263157894736
2026-09-30T01:18:49.696 0.8,0.0,0.0,0.0,0.0,-0.1105263157894736
2026-09-30T01:18:49.746 0.8,0.0,0.0,0.0,0.0,-0.036842105263157815
2026-09-30T01:18:49.796 0.8,0.0,0.0,0.0,0.0,-0.036842105263157815
2026-09-30T01:18:49.846 0.8,0.0,0.0,0.0,0.0,-0.036842105263157815
2026-09-30T01:18:49.896 0.8,0.0,0.0,0.0,0.0,-0.036842105263157815
2026-09-30T01:18:49.956 0.8,0.0,0.0,0.0,0.0,-0.036842105263157815
2026-09-30T01:18:49.996 0.8,0.0,0.0,0.0,0.0,-0.036842105263157815
2026-09-30T01:18:50.045 0.8,0.0,0.0,0.0,0.0,-0.036842105263157815
2026-09-30T01:18:50.095 0.8,0.0,0.0,0.0,0.0,-0.036842105263157815
2026-09-30T01:18:50.146 0.8,0.0,0.0,0.0,0.0,-0.036842105263157815
2026-09-30T01:18:50.195 0.8,0.0,0.0,0.0,0.0,0.0
2026-09-30T01:18:50.246 0.8,0.0,0.0,0.0,0.0,0.0
2026-09-30T01:18:50.296 0.8,0.0,0.0,0.0,0.0,0.0
2026-09-30T01:18:50.346 0.8,0.0,0.0,0.0,0.0,0.0
2026-09-30T01:18:50.395 0.8,0.0,0.0,0.0,0.0,0.0
2026-09-30T01:18:50.446 0.8,0.0,0.0,0.0,0.0,0.0
2026-09-30T01:18:50.497 0.8,0.0,0.0,0.0,0.0,0.0
2026-09-30T01:18:50.548 0.8,0.0,0.0,0.0,0.0,0.0
2026-09-30T01:18:50.596 0.8,0.0,0.0,0.0,0.0,0.0
2026-09-30T01:18:50.658 0.8,0.0,0.0,0.0,0.0,0.0
2026-09-30T01:18:50.696 0.8,0.0,0.0,0.0,0.0,0.0
2026-09-30T01:18:50.746 0.8,0.0,0.0,0.0,0.0,0.0
2026-09-30T01:18:50.796 0.8,0.0,0.0,0.0,0.0,0.0
2026-09-30T01:18:50.846 0.8,0.0,0.0,0.0,0.0,0.0
2026-09-30T01:18:50.895 0.8,0.0,0.0,0.0,0.0,0.0
2026-09-30T01:18:50.946 0.8,0.0,0.0,0.0,0.0,0.0
2026-09-30T01:18:50.996 0.8,0.0,0.0,0.0,0.0,0.0
2026-09-30T01:18:51.046 0.8,0.0,0.0,0.0,0.0,0.0
2026-09-30T01:18:51.096 0.8,0.0,0.0,0.0,0.0,0.0
2026-09-30T01:18:51.146 0.8,0.0,0.0,0.0,0.0,0.0
2026-09-30T01:18:51.196 0.8,0.0,0.0,0.0,0.0,0.0
2026-09-30T01:18:51.246 0.8,0.0,0.0,0.0,0.0,0.0
2026-09-30T01:18:51.306 0.8,0.0,0.0,0.0,0.0,0.0
2026-09-30T01:18:51.346 0.8,0.0,0.0,0.0,0.0,0.0
2026-09-30T01:18:51.396 0.8,0.0,0.0,0.0,0.0,0.0
2026-09-30T01:18:51.456 0.8,0.0,0.0,0.0,0.0,0.0
2026-09-30T01:18:51.496 0.8,0.0,0.0,0.0,0.0,0.0
2026-09-30T01:18:51.556 0.8,0.0,0.0,0.0,0.0,0.0
2026-09-30T01:18:51.595 0.8,0.0,0.0,0.0,0.0,0.0
2026-09-30T01:18:51.646 0.8,0.0,0.0,0.0,0.0,0.0
2026-09-30T01:18:51.695 0.8,0.0,0.0,0.0,0.0,0.0
2026-09-30T01:18:51.745 0.8,0.0,0.0,0.0,0.0,0.0
2026-09-30T01:18:51.796 0.8,0.0,0.0,0.0,0.0,0.0
2026-09-30T01:18:51.846 0.8,0.0,0.0,0.0,0.0,0.0
2026-09-30T01:18:51.896 0.8,0.0,0.0,0.0,0.0,0.0
2026-09-30T01:18:51.946 0.8,0.0,0.0,0.0,0.0,0.0
2026-09-30T01:18:51.996 0.8,0.0,0.0,0.0,0.0,0.0
2026-09-30T01:18:52.045 0.8,0.0,0.0,0.0,0.0,0.0
2026-09-30T01:18:52.106 0.8,0.0,0.0,0.0,0.0,0.0
2026-09-30T01:18:52.146 0.8,0.0,0.0,0.0,0.0,0.0
2026-09-30T01:18:52.196 0.8,0.0,0.0,0.0,0.0,0.0
2026-09-30T01:18:52.246 0.8,0.0,0.0,0.0,0.0,0.0
2026-09-30T01:18:52.296 0.8,0.0,0.0,0.0,0.0,0.0
2026-09-30T01:18:52.346 0.8,0.0,0.0,0.0,0.0,0.0
2026-09-30T01:18:52.396 0.8,0.0,0.0,0.0,0.0,0.0
2026-09-30T01:18:52.446 0.8,0.0,0.0,0.0,0.0,0.0
2026-09-30T01:18:52.496 0.8,0.0,0.0,0.0,0.0,0.0
2026-09-30T01:18:52.546 0.8,0.0,0.0,0.0,0.0,0.0
2026-09-30T01:18:52.598 0.8,0.0,0.0,0.0,0.0,0.0
2026-09-30T01:18:52.645 0.8,0.0,0.0,0.0,0.0,0.0
2026-09-30T01:18:52.695 0.8,0.0,0.0,0.0,0.0,0.0
2026-09-30T01:18:52.746 0.8,0.0,0.0,0.0,0.0,0.0
2026-09-30T01:18:52.796 0.8,0.0,0.0,0.0,0.0,0.0
2026-09-30T01:18:52.845 0.8,0.0,0.0,0.0,0.0,0.0
2026-09-30T01:18:52.896 0.8,0.0,0.0,0.0,0.0,0.0
2026-09-30T01:18:52.956 0.8,0.0,0.0,0.0,0.0,0.0
2026-09-30T01:18:52.996 0.8,0.0,0.0,0.0,0.0,0.0
2026-09-30T01:18:53.046 0.8,0.0,0.0,0.0,0.0,0.0
2026-09-30T01:18:53.106 0.8,0.0,0.0,0.0,0.0,0.0
2026-09-30T01:18:53.146 0.8,0.0,0.0,0.0,0.0,0.0
2026-09-30T01:18:53.196 0.8,0.0,0.0,0.0,0.0,0.0
2026-09-30T01:18:53.256 0.8,0.0,0.0,0.0,0.0,0.0
2026-09-30T01:18:53.296 0.8,0.0,0.0,0.0,0.0,0.0
2026-09-30T01:18:53.346 0.8,0.0,0.0,0.0,0.0,0.0
2026-09-30T01:18:53.396 0.8,0.0,0.0,0.0,0.0,0.0
2026-09-30T01:18:53.446 0.8,0.0,0.0,0.0,0.0,0.0
2026-09-30T01:18:53.496 0.8,0.0,0.0,0.0,0.0,0.0
2026-09-30T01:18:53.546 0.8,0.0,0.0,0.0,0.0,0.0
2026-09-30T01:18:53.606 0.8,0.0,0.0,0.0,0.0,0.0
2026-09-30T01:18:53.646 0.8,0.0,0.0,0.0,0.0,0.0
2026-09-30T01:18:53.696 0.8,0.0,0.0,0.0,0.0,0.0
2026-09-30T01:18:53.746 0.8,0.0,0.0,0.0,0.0,0.0
2026-09-30T01:18:53.796 0.8,0.0,0.0,0.0,0.0,0.0
2026-09-30T01:18:53.845 0.8,0.0,0.0,0.0,0.0,0.0
2026-09-30T01:18:53.895 0.8,0.0,0.0,0.0,0.0,0.0
2026-09-30T01:18:53.946 0.8,0.0,0.0,0.0,0.0,0.0
2026-09-30T01:18:53.998 0.8,0.0,0.0,0.0,0.0,0.0
2026-09-30T01:18:54.046 0.8,0.0,0.0,0.0,0.0,0.0
2026-09-30T01:18:54.096 0.8,0.0,0.0,0.0,0.0,0.0
2026-09-30T01:18:54.146 0.8,0.0,0.0,0.0,0.0,0.0
2026-09-30T01:18:54.196 0.8,0.0,0.0,0.0,0.0,0.0
2026-09-30T01:18:54.256 0.8,0.0,0.0,0.0,0.0,0.0
2026-09-30T01:18:54.295 0.8,0.0,0.0,0.0,0.0,0.0
2026-09-30T01:18:54.346 0.8,0.0,0.0,0.0,0.0,0.0
2026-09-30T01:18:54.396 0.8,0.0,0.0,0.0,0.0,0.0
2026-09-30T01:18:54.446 0.8,0.0,0.0,0.0,0.0,0.0
2026-09-30T01:18:54.496 0.8,0.0,0.0,0.0,0.0,0.0
2026-09-30T01:18:54.546 0.8,0.0,0.0,0.0,0.0,0.0
2026-09-30T01:18:54.596 0.8,0.0,0.0,0.0,0.0,0.0
2026-09-30T01:18:54.646 0.8,0.0,0.0,0.0,0.0,0.0
2026-09-30T01:18:54.698 0.8,0.0,0.0,0.0,0.0,0.0
2026-09-30T01:18:54.746 0.8,0.0,0.0,0.0,0.0,0.0
2026-09-30T01:18:54.796 0.8,0.0,0.0,0.0,0.0,0.0
2026-09-30T01:18:54.846 0.8,0.0,0.0,0.0,0.0,0.0
2026-09-30T01:18:54.896 0.8,0.0,0.0,0.0,0.0,0.0
2026-09-30T01:18:54.946 0.8,0.0,0.0,0.0,0.0,0.0
2026-09-30T01:18:54.998 0.8,0.0,0.0,0.0,0.0,0.0
2026-09-30T01:18:55.047 0.8,0.0,0.0,0.0,0.0,0.0
2026-09-30T01:18:55.096 0.8,0.0,0.0,0.0,0.0,0.0
2026-09-30T01:18:55.146 0.8,0.0,0.0,0.0,0.0,0.0
2026-09-30T01:18:55.196 0.8,0.0,0.0,0.0,0.0,0.0
2026-09-30T01:18:55.246 0.8,0.0,0.0,0.0,0.0,0.0
2026-09-30T01:18:55.296 0.8,0.0,0.0,0.0,0.0,0.0
2026-09-30T01:18:55.348 0.8,0.0,0.0,0.0,0.0,0.0
2026-09-30T01:18:55.396 0.8,0.0,0.0,0.0,0.0,0.0
2026-09-30T01:18:55.446 0.8,0.0,0.0,0.0,0.0,0.0
2026-09-30T01:18:55.496 0.8,0.0,0.0,0.0,0.0,0.0
2026-09-30T01:18:55.546 0.8,0.0,0.0,0.0,0.0,0.0
2026-09-30T01:18:55.596 0.8,0.0,0.0,0.0,0.0,0.0
2026-09-30T01:18:55.646 0.8,0.0,0.0,0.0,0.0,0.0
2026-09-30T01:18:55.696 0.8,0.0,0.0,0.0,0.0,0.0
2026-09-30T01:18:55.746 0.8,0.0,0.0,0.0,0.0,0.0
2026-09-30T01:18:55.796 0.8,0.0,0.0,0.0,0.0,0.0
2026-09-30T01:18:55.846 0.8,0.0,0.0,0.0,0.0,0.0
2026-09-30T01:18:55.896 0.8,0.0,0.0,0.0,0.0,0.0
2026-09-30T01:18:55.946 0.8,0.0,0.0,0.0,0.0,0.0
2026-09-30T01:18:55.995 0.8,0.0,0.0,0.0,0.0,0.0
2026-09-30T01:18:56.046 0.8,0.0,0.0,0.0,0.0,0.0
2026-09-30T01:18:56.096 0.8,0.0,0.0,0.0,0.0,0.0
2026-09-30T01:18:56.146 0.8,0.0,0.0,0.0,0.0,0.0
2026-09-30T01:18:56.196 0.8,0.0,0.0,0.0,0.0,0.0
2026-09-30T01:18:56.247 0.8,0.0,0.0,0.0,0.0,0.0
2026-09-30T01:18:56.296 0.8,0.0,0.0,0.0,0.0,0.0
2026-09-30T01:18:56.346 0.8,0.0,0.0,0.0,0.0,0.0
2026-09-30T01:18:56.396 0.8,0.0,0.0,0.0,0.0,0.0
2026-09-30T01:18:56.446 0.8,0.0,0.0,0.0,0.0,0.0
2026-09-30T01:18:56.496 0.8,0.0,0.0,0.0,0.0,0.0
2026-09-30T01:18:56.547 0.8,0.0,0.0,0.0,0.0,0.0
2026-09-30T01:18:56.596 0.8,0.0,0.0,0.0,0.0,0.0
2026-09-30T01:18:56.656 0.8,0.0,0.0,0.0,0.0,0.0
2026-09-30T01:18:56.696 0.8,0.0,0.0,0.0,0.0,0.0
2026-09-30T01:18:56.746 0.8,0.0,0.0,0.0,0.0,0.0
2026-09-30T01:18:56.796 0.8,0.0,0.0,0.0,0.0,0.0
2026-09-30T01:18:56.846 0.8,0.0,0.0,0.0,0.0,0.0
2026-09-30T01:18:56.896 0.8,0.0,0.0,0.0,0.0,0.0
2026-09-30T01:18:56.946 0.8,0.0,0.0,0.0,0.0,0.0
2026-09-30T01:18:56.996 0.8,0.0,0.0,0.0,0.0,0.0
2026-09-30T01:18:57.046 0.8,0.0,0.0,0.0,0.0,0.0
2026-09-30T01:18:57.096 0.8,0.0,0.0,0.0,0.0,0.0
2026-09-30T01:18:57.146 0.8,0.0,0.0,0.0,0.0,0.0
2026-09-30T01:18:57.196 0.8,0.0,0.0,0.0,0.0,0.0
2026-09-30T01:18:57.246 0.8,0.0,0.0,0.0,0.0,0.0
2026-09-30T01:18:57.296 0.8,0.0,0.0,0.0,0.0,0.0
2026-09-30T01:18:57.346 0.8,0.0,0.0,0.0,0.0,0.0
2026-09-30T01:18:57.396 0.8,0.0,0.0,0.0,0.0,0.0
2026-09-30T01:18:57.446 0.8,0.0,0.0,0.0,0.0,0.0
2026-09-30T01:18:57.496 0.8,0.0,0.0,0.0,0.0,0.0
2026-09-30T01:18:57.546 0.8,0.0,0.0,0.0,0.0,0.0
2026-09-30T01:18:57.596 0.8,0.0,0.0,0.0,0.0,0.0
2026-09-30T01:18:57.645 0.8,0.0,0.0,0.0,0.0,0.0
2026-09-30T01:18:57.696 0.8,0.0,0.0,0.0,0.0,0.0
2026-09-30T01:18:57.746 0.8,0.0,0.0,0.0,0.0,0.0
2026-09-30T01:18:57.796 0.8,0.0,0.0,0.0,0.0,0.0
2026-09-30T01:18:57.846 0.8,0.0,0.0,0.0,0.0,0.0
2026-09-30T01:18:57.896 0.8,0.0,0.0,0.0,0.0,0.0
2026-09-30T01:18:57.946 0.8,0.0,0.0,0.0,0.0,0.0
2026-09-30T01:18:57.996 0.8,0.0,0.0,0.0,0.0,0.0
2026-09-30T01:18:58.046 0.8,0.0,0.0,0.0,0.0,0.0
2026-09-30T01:18:58.096 0.8,0.0,0.0,0.0,0.0,0.03684210526315797
2026-09-30T01:18:58.146 0.8,0.0,0.0,0.0,0.0,0.03684210526315797
2026-09-30T01:18:58.196 0.8,0.0,0.0,0.0,0.0,0.03684210526315797
2026-09-30T01:18:58.246 0.8,0.0,0.0,0.0,0.0,0.03684210526315797
2026-09-30T01:18:58.306 0.8,0.0,0.0,0.0,0.0,0.03684210526315797
2026-09-30T01:18:58.347 0.8,0.0,0.0,0.0,0.0,0.0
2026-09-30T01:18:58.396 0.8,0.0,0.0,0.0,0.0,0.03684210526315797
2026-09-30T01:18:58.446 0.8,0.0,0.0,0.0,0.0,0.0
2026-09-30T01:18:58.496 0.8,0.0,0.0,0.0,0.0,0.0
2026-09-30T01:18:58.546 0.8,0.0,0.0,0.0,0.0,0.0
2026-09-30T01:18:58.596 0.8,0.0,0.0,0.0,0.0,0.0
2026-09-30T01:18:58.646 0.8,0.0,0.0,0.0,0.0,0.0
2026-09-30T01:18:58.696 0.8,0.0,0.0,0.0,0.0,0.0
2026-09-30T01:18:58.746 0.8,0.0,0.0,0.0,0.0,0.0
2026-09-30T01:18:58.796 0.8,0.0,0.0,0.0,0.0,0.0
2026-09-30T01:18:58.846 0.8,0.0,0.0,0.0,0.0,0.0
2026-09-30T01:18:58.906 0.8,0.0,0.0,0.0,0.0,0.0
2026-09-30T01:18:58.946 0.8,0.0,0.0,0.0,0.0,0.0
2026-09-30T01:18:58.996 0.8,0.0,0.0,0.0,0.0,0.0
2026-09-30T01:18:59.046 0.8,0.0,0.0,0.0,0.0,0.0
2026-09-30T01:18:59.106 0.8,0.0,0.0,0.0,0.0,0.0
2026-09-30T01:18:59.146 0.8,0.0,0.0,0.0,0.0,0.0
2026-09-30T01:18:59.206 0.8,0.0,0.0,0.0,0.0,0.0
2026-09-30T01:18:59.246 0.8,0.0,0.0,0.0,0.0,0.0
2026-09-30T01:18:59.296 0.8,0.0,0.0,0.0,0.0,0.0
2026-09-30T01:18:59.346 0.8,0.0,0.0,0.0,0.0,0.0
2026-09-30T01:18:59.395 0.8,0.0,0.0,0.0,0.0,0.0
2026-09-30T01:18:59.446 0.8,0.0,0.0,0.0,0.0,0.0
2026-09-30T01:18:59.496 0.8,0.0,0.0,0.0,0.0,0.0
2026-09-30T01:18:59.546 0.8,0.0,0.0,0.0,0.0,0.0
2026-09-30T01:18:59.596 0.8,0.0,0.0,0.0,0.0,0.0
2026-09-30T01:18:59.646 0.8,0.0,0.0,0.0,0.0,0.0
2026-09-30T01:18:59.696 0.8,0.0,0.0,0.0,0.0,0.0
2026-09-30T01:18:59.746 0.8,0.0,0.0,0.0,0.0,0.0
2026-09-30T01:18:59.796 0.8,0.0,0.0,0.0,0.0,0.0
2026-09-30T01:18:59.846 0.8,0.0,0.0,0.0,0.0,0.0
2026-09-30T01:18:59.896 0.8,0.0,0.0,0.0,0.0,0.0
2026-09-30T01:18:59.946 0.8,0.0,0.0,0.0,0.0,0.0
2026-09-30T01:18:59.996 0.8,0.0,0.0,0.0,0.0,0.0
2026-09-30T01:19:00.046 0.8,0.0,0.0,0.0,0.0,0.0
2026-09-30T01:19:00.096 0.8,0.0,0.0,0.0,0.0,0.0
2026-09-30T01:19:00.146 0.8,0.0,0.0,0.0,0.0,0.0
2026-09-30T01:19:00.197 0.8,0.0,0.0,0.0,0.0,0.0
2026-09-30T01:19:00.246 0.8,0.0,0.0,0.0,0.0,0.0
2026-09-30T01:19:00.296 0.8,0.0,0.0,0.0,0.0,0.0
2026-09-30T01:19:00.346 0.8,0.0,0.0,0.0,0.0,0.0
2026-09-30T01:19:00.396 0.8,0.0,0.0,0.0,0.0,0.0
2026-09-30T01:19:00.446 0.8,0.0,0.0,0.0,0.0,0.0
2026-09-30T01:19:00.495 0.8,0.0,0.0,0.0,0.0,0.0
2026-09-30T01:19:00.546 0.8,0.0,0.0,0.0,0.0,0.0
2026-09-30T01:19:00.596 0.8,0.0,0.0,0.0,0.0,0.0
2026-09-30T01:19:00.646 0.8,0.0,0.0,0.0,0.0,0.0
2026-09-30T01:19:00.696 0.8,0.0,0.0,0.0,0.0,0.0
2026-09-30T01:19:00.746 0.8,0.0,0.0,0.0,0.0,0.0
2026-09-30T01:19:00.796 0.8,0.0,0.0,0.0,0.0,0.0
2026-09-30T01:19:00.848 0.8,0.0,0.0,0.0,0.0,0.0
2026-09-30T01:19:00.899 0.8,0.0,0.0,0.0,0.0,0.0
2026-09-30T01:19:00.946 0.8,0.0,0.0,0.0,0.0,0.0
2026-09-30T01:19:00.996 0.8,0.0,0.0,0.0,0.0,0.03684210526315797
2026-09-30T01:19:01.046 0.8,0.0,0.0,0.0,0.0,0.03684210526315797
2026-09-30T01:19:01.096 0.8,0.0,0.0,0.0,0.0,0.03684210526315797
2026-09-30T01:19:01.146 0.8,0.0,0.0,0.0,0.0,0.03684210526315797
2026-09-30T01:19:01.196 0.8,0.0,0.0,0.0,0.0,0.03684210526315797
2026-09-30T01:19:01.246 0.8,0.0,0.0,0.0,0.0,0.03684210526315797
2026-09-30T01:19:01.296 0.8,0.0,0.0,0.0,0.0,0.03684210526315797
2026-09-30T01:19:01.346 0.8,0.0,0.0,0.0,0.0,0.03684210526315797
2026-09-30T01:19:01.396 0.8,0.0,0.0,0.0,0.0,0.03684210526315797
2026-09-30T01:19:01.446 0.8,0.0,0.0,0.0,0.0,0.03684210526315797
2026-09-30T01:19:01.496 0.8,0.0,0.0,0.0,0.0,0.0
2026-09-30T01:19:01.546 0.8,0.0,0.0,0.0,0.0,0.03684210526315797
2026-09-30T01:19:01.595 0.8,0.0,0.0,0.0,0.0,0.03684210526315797
2026-09-30T01:19:01.646 0.8,0.0,0.0,0.0,0.0,0.03684210526315797
2026-09-30T01:19:01.696 0.8,0.0,0.0,0.0,0.0,0.03684210526315797
2026-09-30T01:19:01.746 0.8,0.0,0.0,0.0,0.0,0.03684210526315797
2026-09-30T01:19:01.796 0.8,0.0,0.0,0.0,0.0,0.03684210526315797
2026-09-30T01:19:01.846 0.8,0.0,0.0,0.0,0.0,0.03684210526315797
2026-09-30T01:19:01.896 0.8,0.0,0.0,0.0,0.0,0.03684210526315797
2026-09-30T01:19:01.948 0.8,0.0,0.0,0.0,0.0,0.03684210526315797
2026-09-30T01:19:01.998 0.8,0.0,0.0,0.0,0.0,0.03684210526315797
2026-09-30T01:19:02.046 0.8,0.0,0.0,0.0,0.0,0.03684210526315797
2026-09-30T01:19:02.096 0.8,0.0,0.0,0.0,0.0,0.03684210526315797
2026-09-30T01:19:02.146 0.8,0.0,0.0,0.0,0.0,0.03684210526315797
2026-09-30T01:19:02.196 0.8,0.0,0.0,0.0,0.0,0.03684210526315797
2026-09-30T01:19:02.246 0.8,0.0,0.0,0.0,0.0,0.03684210526315797
2026-09-30T01:19:02.296 0.8,0.0,0.0,0.0,0.0,0.03684210526315797
2026-09-30T01:19:02.346 0.8,0.0,0.0,0.0,0.0,0.03684210526315797
2026-09-30T01:19:02.396 0.8,0.0,0.0,0.0,0.0,0.03684210526315797
2026-09-30T01:19:02.446 0.8,0.0,0.0,0.0,0.0,0.03684210526315797
2026-09-30T01:19:02.496 0.8,0.0,0.0,0.0,0.0,0.03684210526315797
2026-09-30T01:19:02.546 0.8,0.0,0.0,0.0,0.0,0.03684210526315797
2026-09-30T01:19:02.596 0.8,0.0,0.0,0.0,0.0,0.03684210526315797
2026-09-30T01:19:02.658 0.8,0.0,0.0,0.0,0.0,0.03684210526315797
2026-09-30T01:19:02.696 0.8,0.0,0.0,0.0,0.0,0.03684210526315797
2026-09-30T01:19:02.746 0.8,0.0,0.0,0.0,0.0,0.03684210526315797
2026-09-30T01:19:02.796 0.8,0.0,0.0,0.0,0.0,0.03684210526315797
2026-09-30T01:19:02.846 0.8,0.0,0.0,0.0,0.0,0.03684210526315797
2026-09-30T01:19:02.896 0.8,0.0,0.0,0.0,0.0,0.03684210526315797
2026-09-30T01:19:02.946 0.8,0.0,0.0,0.0,0.0,0.03684210526315797
2026-09-30T01:19:02.996 0.8,0.0,0.0,0.0,0.0,0.03684210526315797
2026-09-30T01:19:03.046 0.8,0.0,0.0,0.0,0.0,0.03684210526315797
2026-09-30T01:19:03.096 0.8,0.0,0.0,0.0,0.0,0.03684210526315797
2026-09-30T01:19:03.146 0.8,0.0,0.0,0.0,0.0,0.03684210526315797
2026-09-30T01:19:03.196 0.8,0.0,0.0,0.0,0.0,0.03684210526315797
2026-09-30T01:19:03.246 0.8,0.0,0.0,0.0,0.0,0.03684210526315797
2026-09-30T01:19:03.296 0.8,0.0,0.0,0.0,0.0,0.03684210526315797
2026-09-30T01:19:03.346 0.8,0.0,0.0,0.0,0.0,0.03684210526315797
2026-09-30T01:19:03.396 0.8,0.0,0.0,0.0,0.0,0.03684210526315797
2026-09-30T01:19:03.446 0.8,0.0,0.0,0.0,0.0,0.03684210526315797
2026-09-30T01:19:03.496 0.8,0.0,0.0,0.0,0.0,0.03684210526315797
2026-09-30T01:19:03.556 0.8,0.0,0.0,0.0,0.0,0.0
2026-09-30T01:19:03.596 0.8,0.0,0.0,0.0,0.0,0.0
2026-09-30T01:19:03.646 0.8,0.0,0.0,0.0,0.0,0.0
2026-09-30T01:19:03.695 0.8,0.0,0.0,0.0,0.0,0.0
2026-09-30T01:19:03.746 0.8,0.0,0.0,0.0,0.0,0.0
2026-09-30T01:19:03.796 0.8,0.0,0.0,0.0,0.0,0.0
2026-09-30T01:19:03.846 0.8,0.0,0.0,0.0,0.0,0.0
2026-09-30T01:19:03.896 0.8,0.0,0.0,0.0,0.0,0.0
2026-09-30T01:19:03.946 0.8,0.0,0.0,0.0,0.0,0.0
2026-09-30T01:19:03.996 0.8,0.0,0.0,0.0,0.0,0.0
2026-09-30T01:19:04.046 0.8,0.0,0.0,0.0,0.0,0.0
2026-09-30T01:19:04.096 0.8,0.0,0.0,0.0,0.0,0.0
2026-09-30T01:19:04.146 0.8,0.0,0.0,0.0,0.0,0.0
2026-09-30T01:19:04.196 0.8,0.0,0.0,0.0,0.0,0.0
2026-09-30T01:19:04.246 0.8,0.0,0.0,0.0,0.0,0.0
2026-09-30T01:19:04.298 0.8,0.0,0.0,0.0,0.0,0.0
2026-09-30T01:19:04.346 0.8,0.0,0.0,0.0,0.0,0.0
2026-09-30T01:19:04.396 0.8,0.0,0.0,0.0,0.0,0.0
2026-09-30T01:19:04.446 0.8,0.0,0.0,0.0,0.0,0.0
2026-09-30T01:19:04.496 0.8,0.0,0.0,0.0,0.0,0.0
2026-09-30T01:19:04.546 0.8,0.0,0.0,0.0,0.0,0.0
2026-09-30T01:19:04.596 0.8,0.0,0.0,0.0,0.0,0.0
2026-09-30T01:19:04.656 0.8,0.0,0.0,0.0,0.0,0.0
2026-09-30T01:19:04.696 0.8,0.0,0.0,0.0,0.0,0.0
2026-09-30T01:19:04.748 0.8,0.0,0.0,0.0,0.0,0.03684210526315797
2026-09-30T01:19:04.796 0.8,0.0,0.0,0.0,0.0,0.03684210526315797
2026-09-30T01:19:04.846 0.8,0.0,0.0,0.0,0.0,0.03684210526315797
2026-09-30T01:19:04.896 0.8,0.0,0.0,0.0,0.0,0.03684210526315797
2026-09-30T01:19:04.946 0.8,0.0,0.0,0.0,0.0,0.03684210526315797
2026-09-30T01:19:04.996 0.8,0.0,0.0,0.0,0.0,0.03684210526315797
2026-09-30T01:19:05.046 0.8,0.0,0.0,0.0,0.0,0.03684210526315797
2026-09-30T01:19:05.095 0.8,0.0,0.0,0.0,0.0,0.03684210526315797
2026-09-30T01:19:05.146 0.8,0.0,0.0,0.0,0.0,0.03684210526315797
2026-09-30T01:19:05.196 0.8,0.0,0.0,0.0,0.0,0.03684210526315797
2026-09-30T01:19:05.256 0.8,0.0,0.0,0.0,0.0,0.03684210526315797
2026-09-30T01:19:05.296 0.8,0.0,0.0,0.0,0.0,0.03684210526315797
2026-09-30T01:19:05.346 0.8,0.0,0.0,0.0,0.0,0.03684210526315797
2026-09-30T01:19:05.396 0.8,0.0,0.0,0.0,0.0,0.03684210526315797
2026-09-30T01:19:05.447 0.8,0.0,0.0,0.0,0.0,0.03684210526315797
2026-09-30T01:19:05.499 0.8,0.0,0.0,0.0,0.0,0.03684210526315797
2026-09-30T01:19:05.546 0.8,0.0,0.0,0.0,0.0,0.0
2026-09-30T01:19:05.596 0.8,0.0,0.0,0.0,0.0,0.0
2026-09-30T01:19:05.646 0.8,0.0,0.0,0.0,0.0,0.0
2026-09-30T01:19:05.696 0.8,0.0,0.0,0.0,0.0,0.0
2026-09-30T01:19:05.746 0.8,0.0,0.0,0.0,0.0,0.0
2026-09-30T01:19:05.796 0.8,0.0,0.0,0.0,0.0,0.0
2026-09-30T01:19:05.846 0.8,0.0,0.0,0.0,0.0,0.0
2026-09-30T01:19:05.896 0.8,0.0,0.0,0.0,0.0,0.0
2026-09-30T01:19:05.946 0.8,0.0,0.0,0.0,0.0,0.0
2026-09-30T01:19:05.996 0.8,0.0,0.0,0.0,0.0,0.0
2026-09-30T01:19:06.046 0.8,0.0,0.0,0.0,0.0,0.0
2026-09-30T01:19:06.096 0.8,0.0,0.0,0.0,0.0,0.0
2026-09-30T01:19:06.145 0.8,0.0,0.0,0.0,0.0,0.0
2026-09-30T01:19:06.196 0.8,0.0,0.0,0.0,0.0,0.0
2026-09-30T01:19:06.246 0.8,0.0,0.0,0.0,0.0,0.0
2026-09-30T01:19:06.296 0.8,0.0,0.0,0.0,0.0,0.0
2026-09-30T01:19:06.346 0.8,0.0,0.0,0.0,0.0,0.0
2026-09-30T01:19:06.396 0.8,0.0,0.0,0.0,0.0,0.0
2026-09-30T01:19:06.446 0.8,0.0,0.0,0.0,0.0,0.0
2026-09-30T01:19:06.496 0.8,0.0,0.0,0.0,0.0,0.0
2026-09-30T01:19:06.546 0.8,0.0,0.0,0.0,0.0,0.0
2026-09-30T01:19:06.596 0.8,0.0,0.0,0.0,0.0,0.0
2026-09-30T01:19:06.646 0.8,0.0,0.0,0.0,0.0,0.0
2026-09-30T01:19:06.696 0.8,0.0,0.0,0.0,0.0,0.0
2026-09-30T01:19:06.746 0.8,0.0,0.0,0.0,0.0,0.0
2026-09-30T01:19:06.796 0.8,0.0,0.0,0.0,0.0,0.0
2026-09-30T01:19:06.846 0.8,0.0,0.0,0.0,0.0,0.0
2026-09-30T01:19:06.896 0.8,0.0,0.0,0.0,0.0,0.0
2026-09-30T01:19:06.946 0.8,0.0,0.0,0.0,0.0,0.0
2026-09-30T01:19:06.996 0.8,0.0,0.0,0.0,0.0,0.0
2026-09-30T01:19:07.046 0.8,0.0,0.0,0.0,0.0,0.0
2026-09-30T01:19:07.096 0.8,0.0,0.0,0.0,0.0,0.0
2026-09-30T01:19:07.146 0.8,0.0,0.0,0.0,0.0,0.0
2026-09-30T01:19:07.196 0.8,0.0,0.0,0.0,0.0,0.0
2026-09-30T01:19:07.246 0.8,0.0,0.0,0.0,0.0,0.0
2026-09-30T01:19:07.295 0.8,0.0,0.0,0.0,0.0,0.0
2026-09-30T01:19:07.346 0.8,0.0,0.0,0.0,0.0,0.0
2026-09-30T01:19:07.396 0.8,0.0,0.0,0.0,0.0,0.0
2026-09-30T01:19:07.446 0.8,0.0,0.0,0.0,0.0,0.0
2026-09-30T01:19:07.496 0.8,0.0,0.0,0.0,0.0,0.0
2026-09-30T01:19:07.547 0.8,0.0,0.0,0.0,0.0,0.0
2026-09-30T01:19:07.596 0.8,0.0,0.0,0.0,0.0,0.0
2026-09-30T01:19:07.645 0.8,0.0,0.0,0.0,0.0,0.0
2026-09-30T01:19:07.696 0.8,0.0,0.0,0.0,0.0,0.0
2026-09-30T01:19:07.745 0.8,0.0,0.0,0.0,0.0,0.0
2026-09-30T01:19:07.795 0.8,0.0,0.0,0.0,0.0,0.0
2026-09-30T01:19:07.845 0.8,0.0,0.0,0.0,0.0,0.0
2026-09-30T01:19:07.896 0.8,0.0,0.0,0.0,0.0,0.0
2026-09-30T01:19:07.945 0.8,0.0,0.0,0.0,0.0,0.0
2026-09-30T01:19:07.996 0.8,0.0,0.0,0.0,0.0,0.0
2026-09-30T01:19:08.046 0.8,0.0,0.0,0.0,0.0,0.0
2026-09-30T01:19:08.096 0.8,0.0,0.0,0.0,0.0,0.03684210526315797
2026-09-30T01:19:08.147 0.8,0.0,0.0,0.0,0.0,0.03684210526315797
2026-09-30T01:19:08.196 0.8,0.0,0.0,0.0,0.0,0.03684210526315797
2026-09-30T01:19:08.246 0.8,0.0,0.0,0.0,0.0,0.03684210526315797
2026-09-30T01:19:08.296 0.8,0.0,0.0,0.0,0.0,0.03684210526315797
2026-09-30T01:19:08.356 0.8,0.0,0.0,0.0,0.0,0.03684210526315797
2026-09-30T01:19:08.395 0.8,0.0,0.0,0.0,0.0,0.03684210526315797
2026-09-30T01:19:08.446 0.8,0.0,0.0,0.0,0.0,0.03684210526315797
2026-09-30T01:19:08.496 0.8,0.0,0.0,0.0,0.0,0.03684210526315797
2026-09-30T01:19:08.545 0.8,0.0,0.0,0.0,0.0,0.03684210526315797
2026-09-30T01:19:08.596 0.8,0.0,0.0,0.0,0.0,0.03684210526315797
2026-09-30T01:19:08.646 0.8,0.0,0.0,0.0,0.0,0.03684210526315797
2026-09-30T01:19:08.695 0.8,0.0,0.0,0.0,0.0,0.03684210526315797
2026-09-30T01:19:08.746 0.8,0.0,0.0,0.0,0.0,0.03684210526315797
2026-09-30T01:19:08.796 0.8,0.0,0.0,0.0,0.0,0.03684210526315797
2026-09-30T01:19:08.846 0.8,0.0,0.0,0.0,0.0,0.03684210526315797
2026-09-30T01:19:08.896 0.8,0.0,0.0,0.0,0.0,0.03684210526315797
2026-09-30T01:19:08.946 0.8,0.0,0.0,0.0,0.0,0.03684210526315797
2026-09-30T01:19:08.996 0.8,0.0,0.0,0.0,0.0,0.03684210526315797
2026-09-30T01:19:09.048 0.8,0.0,0.0,0.0,0.0,0.03684210526315797
2026-09-30T01:19:09.096 0.8,0.0,0.0,0.0,0.0,0.03684210526315797
2026-09-30T01:19:09.145 0.8,0.0,0.0,0.0,0.0,0.03684210526315797
2026-09-30T01:19:09.196 0.8,0.0,0.0,0.0,0.0,0.03684210526315797
2026-09-30T01:19:09.246 0.8,0.0,0.0,0.0,0.0,0.03684210526315797
2026-09-30T01:19:09.306 0.8,0.0,0.0,0.0,0.0,0.03684210526315797
2026-09-30T01:19:09.346 0.8,0.0,0.0,0.0,0.0,0.03684210526315797
2026-09-30T01:19:09.406 0.8,0.0,0.0,0.0,0.0,0.03684210526315797
2026-09-30T01:19:09.446 0.8,0.0,0.0,0.0,0.0,0.03684210526315797
2026-09-30T01:19:09.496 0.8,0.0,0.0,0.0,0.0,0.03684210526315797
2026-09-30T01:19:09.546 0.8,0.0,0.0,0.0,0.0,0.03684210526315797
2026-09-30T01:19:09.596 0.8,0.0,0.0,0.0,0.0,0.03684210526315797
2026-09-30T01:19:09.646 0.8,0.0,0.0,0.0,0.0,0.03684210526315797
2026-09-30T01:19:09.696 0.8,0.0,0.0,0.0,0.0,0.03684210526315797
2026-09-30T01:19:09.746 0.8,0.0,0.0,0.0,0.0,0.03684210526315797
2026-09-30T01:19:09.796 0.8,0.0,0.0,0.0,0.0,0.03684210526315797
2026-09-30T01:19:09.846 0.8,0.0,0.0,0.0,0.0,0.03684210526315797
2026-09-30T01:19:09.906 0.8,0.0,0.0,0.0,0.0,0.03684210526315797
2026-09-30T01:19:09.946 0.8,0.0,0.0,0.0,0.0,0.03684210526315797
2026-09-30T01:19:09.996 0.8,0.0,0.0,0.0,0.0,0.03684210526315797
2026-09-30T01:19:10.046 0.8,0.0,0.0,0.0,0.0,0.03684210526315797
2026-09-30T01:19:10.097 0.8,0.0,0.0,0.0,0.0,0.03684210526315797
2026-09-30T01:19:10.146 0.8,0.0,0.0,0.0,0.0,0.03684210526315797
2026-09-30T01:19:10.196 0.8,0.0,0.0,0.0,0.0,0.03684210526315797
2026-09-30T01:19:10.246 0.8,0.0,0.0,0.0,0.0,0.03684210526315797
2026-09-30T01:19:10.296 0.8,0.0,0.0,0.0,0.0,0.03684210526315797
2026-09-30T01:19:10.346 0.8,0.0,0.0,0.0,0.0,0.03684210526315797
2026-09-30T01:19:10.396 0.8,0.0,0.0,0.0,0.0,0.03684210526315797
2026-09-30T01:19:10.446 0.8,0.0,0.0,0.0,0.0,0.03684210526315797
2026-09-30T01:19:10.495 0.8,0.0,0.0,0.0,0.0,0.03684210526315797
2026-09-30T01:19:10.546 0.8,0.0,0.0,0.0,0.0,0.03684210526315797
2026-09-30T01:19:10.596 0.8,0.0,0.0,0.0,0.0,0.03684210526315797
2026-09-30T01:19:10.645 0.8,0.0,0.0,0.0,0.0,0.03684210526315797
2026-09-30T01:19:10.696 0.8,0.0,0.0,0.0,0.0,0.03684210526315797
2026-09-30T01:19:10.745 0.8,0.0,0.0,0.0,0.0,0.03684210526315797
2026-09-30T01:19:10.796 0.8,0.0,0.0,0.0,0.0,0.03684210526315797
2026-09-30T01:19:10.845 0.8,0.0,0.0,0.0,0.0,0.03684210526315797
2026-09-30T01:19:10.895 0.8,0.0,0.0,0.0,0.0,0.03684210526315797
2026-09-30T01:19:10.946 0.8,0.0,0.0,0.0,0.0,0.03684210526315797
2026-09-30T01:19:10.996 0.8,0.0,0.0,0.0,0.0,0.03684210526315797
2026-09-30T01:19:11.046 0.8,0.0,0.0,0.0,0.0,0.03684210526315797
2026-09-30T01:19:11.096 0.8,0.0,0.0,0.0,0.0,0.03684210526315797
2026-09-30T01:19:11.146 0.8,0.0,0.0,0.0,0.0,0.03684210526315797
2026-09-30T01:19:11.196 0.8,0.0,0.0,0.0,0.0,0.03684210526315797
2026-09-30T01:19:11.246 0.8,0.0,0.0,0.0,0.0,0.03684210526315797
2026-09-30T01:19:11.296 0.8,0.0,0.0,0.0,0.0,0.03684210526315797
2026-09-30T01:19:11.346 0.8,0.0,0.0,0.0,0.0,0.03684210526315797
2026-09-30T01:19:11.396 0.8,0.0,0.0,0.0,0.0,0.03684210526315797
2026-09-30T01:19:11.446 0.8,0.0,0.0,0.0,0.0,0.03684210526315797
2026-09-30T01:19:11.496 0.8,0.0,0.0,0.0,0.0,0.03684210526315797
2026-09-30T01:19:11.546 0.8,0.0,0.0,0.0,0.0,0.03684210526315797
2026-09-30T01:19:11.596 0.8,0.0,0.0,0.0,0.0,0.03684210526315797
2026-09-30T01:19:11.656 0.8,0.0,0.0,0.0,0.0,0.03684210526315797
2026-09-30T01:19:11.696 0.8,0.0,0.0,0.0,0.0,0.03684210526315797
2026-09-30T01:19:11.746 0.8,0.0,0.0,0.0,0.0,0.03684210526315797
2026-09-30T01:19:11.796 0.8,0.0,0.0,0.0,0.0,0.03684210526315797
2026-09-30T01:19:11.846 0.8,0.0,0.0,0.0,0.0,0.03684210526315797
2026-09-30T01:19:11.896 0.8,0.0,0.0,0.0,0.0,0.03684210526315797
2026-09-30T01:19:11.946 0.8,0.0,0.0,0.0,0.0,0.03684210526315797
2026-09-30T01:19:11.996 0.8,0.0,0.0,0.0,0.0,0.03684210526315797
2026-09-30T01:19:12.046 0.8,0.0,0.0,0.0,0.0,0.03684210526315797
2026-09-30T01:19:12.096 0.8,0.0,0.0,0.0,0.0,0.03684210526315797
2026-09-30T01:19:12.146 0.8,0.0,0.0,0.0,0.0,0.03684210526315797
2026-09-30T01:19:12.196 0.8,0.0,0.0,0.0,0.0,0.03684210526315797
2026-09-30T01:19:12.246 0.8,0.0,0.0,0.0,0.0,0.03684210526315797
2026-09-30T01:19:12.306 0.8,0.0,0.0,0.0,0.0,0.03684210526315797
2026-09-30T01:19:12.346 0.8,0.0,0.0,0.0,0.0,0.03684210526315797
2026-09-30T01:19:12.396 0.8,0.0,0.0,0.0,0.0,0.03684210526315797
2026-09-30T01:19:12.446 0.8,0.0,0.0,0.0,0.0,0.03684210526315797
2026-09-30T01:19:12.496 0.8,0.0,0.0,0.0,0.0,0.03684210526315797
2026-09-30T01:19:12.546 0.8,0.0,0.0,0.0,0.0,0.03684210526315797
2026-09-30T01:19:12.596 0.8,0.0,0.0,0.0,0.0,0.03684210526315797
2026-09-30T01:19:12.646 0.8,0.0,0.0,0.0,0.0,0.03684210526315797
2026-09-30T01:19:12.696 0.8,0.0,0.0,0.0,0.0,0.03684210526315797
2026-09-30T01:19:12.746 0.8,0.0,0.0,0.0,0.0,0.03684210526315797
2026-09-30T01:19:12.796 0.8,0.0,0.0,0.0,0.0,0.03684210526315797
2026-09-30T01:19:12.846 0.8,0.0,0.0,0.0,0.0,0.03684210526315797
2026-09-30T01:19:12.896 0.8,0.0,0.0,0.0,0.0,0.03684210526315797
2026-09-30T01:19:12.946 0.8,0.0,0.0,0.0,0.0,0.03684210526315797
2026-09-30T01:19:12.996 0.8,0.0,0.0,0.0,0.0,0.03684210526315797
2026-09-30T01:19:13.046 0.8,0.0,0.0,0.0,0.0,0.03684210526315797
2026-09-30T01:19:13.095 0.8,0.0,0.0,0.0,0.0,0.03684210526315797
2026-09-30T01:19:13.146 0.8,0.0,0.0,0.0,0.0,0.03684210526315797
2026-09-30T01:19:13.195 0.8,0.0,0.0,0.0,0.0,0.03684210526315797
2026-09-30T01:19:13.246 0.8,0.0,0.0,0.0,0.0,0.03684210526315797
2026-09-30T01:19:13.296 0.8,0.0,0.0,0.0,0.0,0.03684210526315797
2026-09-30T01:19:13.346 0.8,0.0,0.0,0.0,0.0,0.03684210526315797
2026-09-30T01:19:13.395 0.8,0.0,0.0,0.0,0.0,0.03684210526315797
2026-09-30T01:19:13.446 0.8,0.0,0.0,0.0,0.0,0.03684210526315797
2026-09-30T01:19:13.496 0.8,0.0,0.0,0.0,0.0,0.03684210526315797
2026-09-30T01:19:13.546 0.8,0.0,0.0,0.0,0.0,0.03684210526315797
2026-09-30T01:19:13.596 0.8,0.0,0.0,0.0,0.0,0.03684210526315797
2026-09-30T01:19:13.646 0.8,0.0,0.0,0.0,0.0,0.03684210526315797
2026-09-30T01:19:13.696 0.8,0.0,0.0,0.0,0.0,0.03684210526315797
2026-09-30T01:19:13.756 0.8,0.0,0.0,0.0,0.0,0.03684210526315797
2026-09-30T01:19:13.806 0.8,0.0,0.0,0.0,0.0,0.03684210526315797
2026-09-30T01:19:13.846 0.8,0.0,0.0,0.0,0.0,0.03684210526315797
2026-09-30T01:19:13.896 0.8,0.0,0.0,0.0,0.0,0.03684210526315797
2026-09-30T01:19:13.946 0.8,0.0,0.0,0.0,0.0,0.03684210526315797
2026-09-30T01:19:13.998 0.8,0.0,0.0,0.0,0.0,0.03684210526315797
2026-09-30T01:19:14.047 0.8,0.0,0.0,0.0,0.0,0.03684210526315797
2026-09-30T01:19:14.098 0.8,0.0,0.0,0.0,0.0,0.03684210526315797
2026-09-30T01:19:14.146 0.8,0.0,0.0,0.0,0.0,0.03684210526315797
2026-09-30T01:19:14.195 0.8,0.0,0.0,0.0,0.0,0.03684210526315797
2026-09-30T01:19:14.246 0.8,0.0,0.0,0.0,0.0,0.03684210526315797
2026-09-30T01:19:14.296 0.8,0.0,0.0,0.0,0.0,0.03684210526315797
2026-09-30T01:19:14.345 0.8,0.0,0.0,0.0,0.0,0.03684210526315797
2026-09-30T01:19:14.396 0.8,0.0,0.0,0.0,0.0,0.03684210526315797
2026-09-30T01:19:14.446 0.8,0.0,0.0,0.0,0.0,0.03684210526315797
2026-09-30T01:19:14.496 0.8,0.0,0.0,0.0,0.0,0.03684210526315797
2026-09-30T01:19:14.546 0.8,0.0,0.0,0.0,0.0,0.03684210526315797
2026-09-30T01:19:14.596 0.8,0.0,0.0,0.0,0.0,0.03684210526315797
2026-09-30T01:19:14.646 0.8,0.0,0.0,0.0,0.0,0.03684210526315797
2026-09-30T01:19:14.696 0.8,0.0,0.0,0.0,0.0,0.03684210526315797
2026-09-30T01:19:14.746 0.8,0.0,0.0,0.0,0.0,0.03684210526315797
2026-09-30T01:19:14.796 0.8,0.0,0.0,0.0,0.0,0.03684210526315797
2026-09-30T01:19:14.846 0.8,0.0,0.0,0.0,0.0,0.03684210526315797
2026-09-30T01:19:14.906 0.8,0.0,0.0,0.0,0.0,0.03684210526315797
2026-09-30T01:19:14.946 0.8,0.0,0.0,0.0,0.0,0.03684210526315797
2026-09-30T01:19:14.996 0.8,0.0,0.0,0.0,0.0,0.03684210526315797
2026-09-30T01:19:15.046 0.8,0.0,0.0,0.0,0.0,0.03684210526315797
2026-09-30T01:19:15.096 0.8,0.0,0.0,0.0,0.0,0.03684210526315797
2026-09-30T01:19:15.146 0.8,0.0,0.0,0.0,0.0,0.03684210526315797
2026-09-30T01:19:15.196 0.8,0.0,0.0,0.0,0.0,0.03684210526315797
2026-09-30T01:19:15.246 0.8,0.0,0.0,0.0,0.0,0.03684210526315797
2026-09-30T01:19:15.296 0.8,0.0,0.0,0.0,0.0,0.03684210526315797
2026-09-30T01:19:15.346 0.8,0.0,0.0,0.0,0.0,0.03684210526315797
2026-09-30T01:19:15.396 0.8,0.0,0.0,0.0,0.0,0.03684210526315797
2026-09-30T01:19:15.446 0.8,0.0,0.0,0.0,0.0,0.03684210526315797
2026-09-30T01:19:15.496 0.8,0.0,0.0,0.0,0.0,0.03684210526315797
2026-09-30T01:19:15.546 0.8,0.0,0.0,0.0,0.0,0.03684210526315797
2026-09-30T01:19:15.596 0.8,0.0,0.0,0.0,0.0,0.03684210526315797
2026-09-30T01:19:15.646 0.8,0.0,0.0,0.0,0.0,0.03684210526315797
2026-09-30T01:19:15.696 0.8,0.0,0.0,0.0,0.0,0.03684210526315797
2026-09-30T01:19:15.748 0.8,0.0,0.0,0.0,0.0,0.03684210526315797
2026-09-30T01:19:15.796 0.8,0.0,0.0,0.0,0.0,0.03684210526315797
2026-09-30T01:19:15.846 0.8,0.0,0.0,0.0,0.0,0.03684210526315797
2026-09-30T01:19:15.896 0.8,0.0,0.0,0.0,0.0,0.03684210526315797
2026-09-30T01:19:15.946 0.8,0.0,0.0,0.0,0.0,0.03684210526315797
2026-09-30T01:19:15.996 0.8,0.0,0.0,0.0,0.0,0.03684210526315797
2026-09-30T01:19:16.056 0.8,0.0,0.0,0.0,0.0,0.03684210526315797
2026-09-30T01:19:16.096 0.8,0.0,0.0,0.0,0.0,0.03684210526315797
2026-09-30T01:19:16.146 0.8,0.0,0.0,0.0,0.0,0.03684210526315797
2026-09-30T01:19:16.196 0.8,0.0,0.0,0.0,0.0,0.03684210526315797
2026-09-30T01:19:16.246 0.8,0.0,0.0,0.0,0.0,0.03684210526315797
2026-09-30T01:19:16.295 0.8,0.0,0.0,0.0,0.0,0.03684210526315797
2026-09-30T01:19:16.346 0.8,0.0,0.0,0.0,0.0,0.03684210526315797
2026-09-30T01:19:16.396 0.8,0.0,0.0,0.0,0.0,0.03684210526315797
2026-09-30T01:19:16.446 0.8,0.0,0.0,0.0,0.0,0.03684210526315797
2026-09-30T01:19:16.496 0.675,0.0,0.0,0.0,0.0,0.0
2026-09-30T01:19:16.546 0.55,0.0,0.0,0.0,0.0,0.0
2026-09-30T01:19:16.596 0.675,0.0,0.0,0.0,0.0,0.03684210526315797
2026-09-30T01:19:16.656 0.8,0.0,0.0,0.0,0.0,0.03684210526315797
2026-09-30T01:19:16.696 0.8,0.0,0.0,0.0,0.0,0.03684210526315797
2026-09-30T01:19:16.756 0.8,0.0,0.0,0.0,0.0,0.03684210526315797
2026-09-30T01:19:16.796 0.8,0.0,0.0,0.0,0.0,0.03684210526315797
2026-09-30T01:19:16.846 0.8,0.0,0.0,0.0,0.0,0.03684210526315797
2026-09-30T01:19:16.896 0.8,0.0,0.0,0.0,0.0,0.03684210526315797
2026-09-30T01:19:16.946 0.8,0.0,0.0,0.0,0.0,0.03684210526315797
2026-09-30T01:19:16.996 0.8,0.0,0.0,0.0,0.0,0.03684210526315797
2026-09-30T01:19:17.046 0.8,0.0,0.0,0.0,0.0,0.03684210526315797
2026-09-30T01:19:17.096 0.8,0.0,0.0,0.0,0.0,0.03684210526315797
2026-09-30T01:19:17.146 0.8,0.0,0.0,0.0,0.0,0.03684210526315797
2026-09-30T01:19:17.195 0.8,0.0,0.0,0.0,0.0,0.03684210526315797
2026-09-30T01:19:17.246 0.8,0.0,0.0,0.0,0.0,0.03684210526315797
2026-09-30T01:19:17.296 0.8,0.0,0.0,0.0,0.0,0.03684210526315797
2026-09-30T01:19:17.346 0.8,0.0,0.0,0.0,0.0,0.03684210526315797
2026-09-30T01:19:17.396 0.8,0.0,0.0,0.0,0.0,0.03684210526315797
2026-09-30T01:19:18.286 0.8,0.0,0.0,0.0,0.0,0.03684210526315797
2026-09-30T01:19:18.336 0.8,0.0,0.0,0.0,0.0,0.03684210526315797
2026-09-30T01:19:19.546 0.8,0.0,0.0,0.0,0.0,0.03684210526315797
2026-09-30T01:19:19.596 0.8,0.0,0.0,0.0,0.0,0.03684210526315797
2026-09-30T01:19:19.646 0.8,0.0,0.0,0.0,0.0,0.03684210526315797
2026-09-30T01:19:19.696 0.8,0.0,0.0,0.0,0.0,0.03684210526315797
2026-09-30T01:19:19.746 0.8,0.0,0.0,0.0,0.0,0.03684210526315797
2026-09-30T01:19:19.796 0.8,0.0,0.0,0.0,0.0,0.03684210526315797
2026-09-30T01:19:19.846 0.8,0.0,0.0,0.0,0.0,0.03684210526315797
2026-09-30T01:19:19.896 0.8,0.0,0.0,0.0,0.0,0.03684210526315797
2026-09-30T01:19:19.946 0.8,0.0,0.0,0.0,0.0,0.03684210526315797
2026-09-30T01:19:19.996 0.8,0.0,0.0,0.0,0.0,0.03684210526315797
2026-09-30T01:19:20.046 0.8,0.0,0.0,0.0,0.0,0.03684210526315797
2026-09-30T01:19:20.096 0.8,0.0,0.0,0.0,0.0,0.03684210526315797
2026-09-30T01:19:20.146 0.8,0.0,0.0,0.0,0.0,0.03684210526315797
2026-09-30T01:19:20.196 0.8,0.0,0.0,0.0,0.0,0.03684210526315797
2026-09-30T01:19:20.246 0.8,0.0,0.0,0.0,0.0,0.03684210526315797
2026-09-30T01:19:20.296 0.8,0.0,0.0,0.0,0.0,0.03684210526315797
2026-09-30T01:19:20.356 0.8,0.0,0.0,0.0,0.0,0.03684210526315797
2026-09-30T01:19:20.396 0.8,0.0,0.0,0.0,0.0,0.03684210526315797
2026-09-30T01:19:20.446 0.8,0.0,0.0,0.0,0.0,0.03684210526315797
2026-09-30T01:19:20.496 0.8,0.0,0.0,0.0,0.0,0.03684210526315797
2026-09-30T01:19:20.546 0.8,0.0,0.0,0.0,0.0,0.03684210526315797
2026-09-30T01:19:20.596 0.8,0.0,0.0,0.0,0.0,0.03684210526315797
2026-09-30T01:19:20.646 0.8,0.0,0.0,0.0,0.0,0.03684210526315797
2026-09-30T01:19:20.696 0.8,0.0,0.0,0.0,0.0,0.03684210526315797
2026-09-30T01:19:20.746 0.8,0.0,0.0,0.0,0.0,0.03684210526315797
2026-09-30T01:19:20.796 0.8,0.0,0.0,0.0,0.0,0.03684210526315797
2026-09-30T01:19:20.846 0.8,0.0,0.0,0.0,0.0,0.03684210526315797
2026-09-30T01:19:20.896 0.8,0.0,0.0,0.0,0.0,0.03684210526315797
2026-09-30T01:19:20.946 0.8,0.0,0.0,0.0,0.0,0.03684210526315797
2026-09-30T01:19:20.996 0.675,0.0,0.0,0.0,0.0,0.0
2026-09-30T01:19:21.057 0.55,0.0,0.0,0.0,0.0,0.0
2026-09-30T01:19:21.096 0.42500000000000004,0.0,0.0,0.0,0.0,0.0
2026-09-30T01:19:21.146 0.30000000000000004,0.0,0.0,0.0,0.0,0.0
2026-09-30T01:19:21.196 0.17500000000000004,0.0,0.0,0.0,0.0,0.0
2026-09-30T01:19:21.246 0.050000000000000044,0.0,0.0,0.0,0.0,0.0
2026-09-30T01:19:21.296 0.0,0.0,0.0,0.0,0.0,0.0
2026-09-30T01:19:21.346 0.0,0.0,0.0,0.0,0.0,0.0
2026-09-30T01:19:21.396 0.0,0.0,0.0,0.0,0.0,0.0
2026-09-30T01:19:21.446 0.0,0.0,0.0,0.0,0.0,0.0
2026-09-30T01:19:21.496 0.0,0.0,0.0,0.0,0.0,0.0
2026-09-30T01:19:21.546 0.0,0.0,0.0,0.0,0.0,0.0
2026-09-30T01:19:21.596 0.0,0.0,0.0,0.0,0.0,0.0
2026-09-30T01:19:21.646 0.0,0.0,0.0,0.0,0.0,0.0
2026-09-30T01:19:21.696 0.0,0.0,0.0,0.0,0.0,0.0
2026-09-30T01:19:21.746 0.0,0.0,0.0,0.0,0.0,0.0
2026-09-30T01:19:21.796 0.0,0.0,0.0,0.0,0.0,0.0
2026-09-30T01:19:21.846 0.0,0.0,0.0,0.0,0.0,0.0
2026-09-30T01:19:21.896 0.0,0.0,0.0,0.0,0.0,0.0
2026-09-30T01:19:21.946 0.0,0.0,0.0,0.0,0.0,0.0
2026-09-30T01:19:21.996 0.0,0.0,0.0,0.0,0.0,0.0
2026-09-30T01:19:22.056 0.0,0.0,0.0,0.0,0.0,0.0
2026-09-30T01:19:22.099 0.0,0.0,0.0,0.0,0.0,0.0
2026-09-30T01:19:22.146 0.0,0.0,0.0,0.0,0.0,0.0
2026-09-30T01:19:22.196 0.0,0.0,0.0,0.0,0.0,0.0
2026-09-30T01:19:22.256 0.0,0.0,0.0,0.0,0.0,0.0
2026-09-30T01:19:22.296 0.0,0.0,0.0,0.0,0.0,0.0
2026-09-30T01:19:22.346 0.0,0.0,0.0,0.0,0.0,0.0
2026-09-30T01:19:22.396 0.0,0.0,0.0,0.0,0.0,0.0
2026-09-30T01:19:22.446 0.0,0.0,0.0,0.0,0.0,0.0
2026-09-30T01:19:22.496 0.0,0.0,0.0,0.0,0.0,0.0
2026-09-30T01:19:22.546 0.0,0.0,0.0,0.0,0.0,0.0
2026-09-30T01:19:22.596 0.0,0.0,0.0,0.0,0.0,0.0
2026-09-30T01:19:22.646 0.0,0.0,0.0,0.0,0.0,0.0
2026-09-30T01:19:22.697 0.0,0.0,0.0,0.0,0.0,0.0
2026-09-30T01:19:22.746 0.0,0.0,0.0,0.0,0.0,0.0
2026-09-30T01:19:22.796 0.0,0.0,0.0,0.0,0.0,0.0
2026-09-30T01:19:22.846 0.0,0.0,0.0,0.0,0.0,0.0
2026-09-30T01:19:22.896 0.0,0.0,0.0,0.0,0.0,0.0
2026-09-30T01:19:22.946 0.0,0.0,0.0,0.0,0.0,0.0
2026-09-30T01:19:22.996 0.0,0.0,0.0,0.0,0.0,0.0
2026-09-30T01:19:23.046 0.0,0.0,0.0,0.0,0.0,0.0
2026-09-30T01:19:23.096 0.0,0.0,0.0,0.0,0.0,0.0
2026-09-30T01:19:23.146 0.0,0.0,0.0,0.0,0.0,0.0
2026-09-30T01:19:23.196 0.0,0.0,0.0,0.0,0.0,0.0
2026-09-30T01:19:23.246 0.0,0.0,0.0,0.0,0.0,0.0
2026-09-30T01:19:23.296 0.0,0.0,0.0,0.0,0.0,0.0
2026-09-30T01:19:23.346 0.0,0.0,0.0,0.0,0.0,0.0
2026-09-30T01:19:23.396 0.0,0.0,0.0,0.0,0.0,0.0
2026-09-30T01:19:23.446 0.0,0.0,0.0,0.0,0.0,0.0
2026-09-30T01:19:23.496 0.0,0.0,0.0,0.0,0.0,0.0
2026-09-30T01:19:23.546 0.0,0.0,0.0,0.0,0.0,0.0
2026-09-30T01:19:23.596 0.0,0.0,0.0,0.0,0.0,0.0
2026-09-30T01:19:23.646 0.0,0.0,0.0,0.0,0.0,0.0
2026-09-30T01:19:23.696 0.0,0.0,0.0,0.0,0.0,0.0
2026-09-30T01:19:23.746 0.0,0.0,0.0,0.0,0.0,0.0
2026-09-30T01:19:23.796 0.0,0.0,0.0,0.0,0.0,0.0
2026-09-30T01:19:23.846 0.0,0.0,0.0,0.0,0.0,0.0
