2026-10-03T11:42:33.713 0.008325566384777735,-6.700406324017594e-07,-1.3163618924085223e-05,-4.18921310158255e-07,1.432596195109232e-07,9.565998256112665e-08,0.9999999999998974
2026-10-03T11:42:33.741 0.008343209354383353,-1.3337670011465445e-07,-1.3176613281910967e-05,-4.019890767548124e-07,8.765519855432547e-08,-1.618312532355197e-06,0.9999999999986059
2026-10-03T11:42:33.809 0.008359898827793996,-5.50399071864776e-07,-1.3083791625628335e-05,-2.7928755795435603e-07,1.0241709306222756e-08,-1.3104402081249165e-05,0.9999999999140983
2026-10-03T11:42:33.839 0.008378972243159097,-5.50158940449231e-07,-1.3143751113630234e-05,-2.450879292824524e-07,3.839590443285727e-09,-6.958545699197062e-06,0.9999999999757593
2026-10-03T11:42:33.913 0.008397091964841376,-7.883493976944622e-07,-1.3217103845060012e-05,-4.235123260121211e-07,2.5375465078911862e-08,-4.6938497471734215e-06,0.9999999999888939
2026-10-03T11:42:33.948 0.008415688723871965,-1.3246415535214378e-07,-1.315710036968674e-05,-1.864560717605309e-07,-7.336002447429096e-09,-8.191589770683557e-06,0.9999999999664315
2026-10-03T11:42:34.017 0.008435715862483761,-3.7063059070720554e-07,-1.3188765393698604e-05,-2.3385559595735887e-07,1.152297539045928e-08,-8.062273328309146e-06,0.9999999999674725
2026-10-03T11:42:34.060 0.008450974515421218,-4.300431396408385e-07,-1.3287396859082611e-05,-3.1735960625786434e-07,9.615654676485561e-08,-6.167276669904018e-06,0.9999999999809274
2026-10-03T11:42:34.123 0.00847195528003667,-6.681975736196131e-07,-1.3350372028374069e-05,-3.1796283473893453e-07,1.034916193249918e-07,3.6689990153815056e-06,0.9999999999932133
2026-10-03T11:42:34.164 0.008491505484092842,-6.083467994792011e-07,-1.3440887741333174e-05,-5.225522111861453e-07,1.5832016053663288e-07,-2.708626147898567e-06,0.9999999999961826
2026-10-03T11:42:34.227 0.008509148551691941,-3.697060801096556e-07,-1.3394277480140037e-05,-2.8442278211824684e-07,1.0814714641178746e-07,-3.38056093011754e-06,0.9999999999942396
2026-10-03T11:42:34.262 0.008529175640931773,-4.2905858662060475e-07,-1.3455744818535965e-05,-2.684117542338276e-07,9.452609433816168e-08,9.584700094684932e-07,0.9999999999995002
2026-10-03T11:42:34.333 0.008547772264604028,-2.500105188472642e-07,-1.3485148120577653e-05,-4.603929116906391e-07,8.28812616622194e-08,-1.874793080620155e-06,0.9999999999981332
2026-10-03T11:42:34.379 0.008565415313895923,-4.2860231560632047e-07,-1.3453438933707931e-05,-2.884029334137692e-07,9.755161714118456e-08,-2.5353680882298405e-06,0.9999999999967396
2026-10-03T11:42:34.432 0.008584488760325783,-1.0244086291634896e-06,-1.3498497181649176e-05,-2.4688025807006247e-07,9.146183815854105e-08,-5.010940383228628e-07,0.9999999999998398
2026-10-03T11:42:34.458 0.008602608539931453,-2.4932011710557854e-07,-1.3527146651111716e-05,-2.1751260713573512e-07,9.766976941619149e-08,-9.194107415564614e-07,0.9999999999995489
2026-10-03T11:42:34.532 0.00862025151779196,-3.683072772957955e-07,-1.3540140901695721e-05,-2.4981710028982086e-07,5.65764251764157e-08,-2.3232205963877228e-06,0.9999999999972685
2026-10-03T11:42:34.561 0.008640278680714514,-6.660783546875808e-07,-1.3556904773390175e-05,-3.567486271787479e-07,1.198966465920085e-07,-9.465567336174159e-07,0.9999999999994812
2026-10-03T11:42:34.633 0.008656491168696682,-4.870602985567847e-07,-1.3552736139937348e-05,-2.836146701652516e-07,7.252138958839334e-08,-1.2070912483891789e-06,0.9999999999992286
2026-10-03T11:42:34.668 0.008676995064184345,-9.96500144359953e-09,-1.3629858638716315e-05,-3.395188839367416e-07,1.0430231463362432e-07,-1.815182961216155e-06,0.9999999999982895
2026-10-03T11:42:34.737 0.008697022139619637,-8.44177892707144e-07,-1.3706226992940161e-05,-2.5187104283789755e-07,3.7367421609466336e-08,-1.6910032822092729e-06,0.9999999999985378
2026-10-03T11:42:34.769 0.008713711483972045,-3.671306065669919e-07,-1.3687911195737061e-05,-2.921271285994746e-07,1.080304758233171e-07,-1.2235641992932554e-05,0.999999999925096
2026-10-03T11:42:34.834 0.008731354347032752,-7.245363595095822e-07,-1.3775411120164861e-05,-3.475475537216063e-07,3.841429550779618e-08,-6.966007858711566e-06,0.9999999999756762
2026-10-03T11:42:34.859 0.008749951087005693,-4.2627898852519977e-07,-1.3730308728864255e-05,-1.9798317929943654e-07,4.563317487640949e-08,-4.204982348344974e-06,0.9999999999911384
2026-10-03T11:42:34.929 0.008766163486750158,-7.240981014954972e-07,-1.3785744587690066e-05,-3.754538206080544e-07,2.161813554714694e-07,4.313562511975276e-06,0.9999999999906027
2026-10-03T11:42:34.954 0.008787144267421484,-3.662060850336734e-07,-1.3833818711905858e-05,-2.791810355511032e-07,1.0197531910491807e-07,-2.6493136277364064e-06,0.9999999999964464
2026-10-03T11:42:35.023 0.008805264081093687,-4.255825970311391e-07,-1.384756690231075e-05,-2.790990608442622e-07,-9.220381938566109e-08,-1.466211338087936e-05,0.999999999892468
2026-10-03T11:42:35.052 0.008822907053701081,-1.2733724382669657e-07,-1.3860561221139498e-05,-2.629505968233622e-07,9.96490942057983e-08,-4.199983865443805e-06,0.9999999999911405
2026-10-03T11:42:35.130 0.008844364702749751,-4.250903136861668e-07,-1.3894488025617032e-05,-2.4882666397231526e-07,1.1478413733057589e-07,6.00741979990758e-06,0.9999999999819179
2026-10-03T11:42:35.154 0.008861053958864454,-4.2488019664710834e-07,-1.3935776720692571e-05,-5.140958694052355e-07,8.870426051777287e-08,-4.988936513122099e-06,0.9999999999874192
2026-10-03T11:42:35.240 0.008879173893340007,-7.226752740575257e-07,-1.3875019159259672e-05,-3.727410238501193e-07,-1.526238691076198e-07,-1.473560891066657e-05,0.9999999998913498
2026-10-03T11:42:35.262 0.008897770491200616,-3.648132747061305e-07,-1.3919323633117267e-05,-3.3768338229933364e-07,6.658623580031738e-08,-3.3237101505914833e-06,0.9999999999944172
2026-10-03T11:42:35.329 0.008916366972760539,-1.2616057856577724e-07,-1.4038133800317155e-05,-3.1456022260676114e-07,1.0547025383823782e-07,5.9083297546535155e-06,0.9999999999824908
2026-10-03T11:42:35.353 0.008935440436747159,-2.451297312236792e-07,-1.4068290983684237e-05,-3.80257903660051e-07,1.756675127937317e-07,-5.304956121529797e-06,0.999999999985841
2026-10-03T11:42:35.426 0.008954990811729088,-6.621160961109971e-07,-1.4054498620672237e-05,-3.26648273324629e-07,6.332718929449208e-08,-3.499312026420368e-06,0.999999999993822
2026-10-03T11:42:35.452 0.008971680115714862,-7.215106183747199e-07,-1.4065985020862211e-05,-3.971686648595615e-07,8.917320461172219e-08,1.557351497286807e-06,0.9999999999987045
2026-10-03T11:42:35.522 0.00899266099137789,-4.2322323574779323e-07,-1.4054454565056118e-05,-3.3164461388101705e-07,1.0639935739322e-07,-2.449538474896616e-06,0.9999999999969392
2026-10-03T11:42:35.546 0.009011257529063774,-8.998262713875433e-07,-1.4143462330128701e-05,-3.081405553306303e-07,6.938096090991344e-08,-2.4700759830732905e-06,0.9999999999968995
2026-10-03T11:42:35.616 0.009027946760117273,-7.804068675410956e-07,-1.4199652187270896e-05,-3.5939840808671664e-07,1.9906413341080782e-07,1.6376925650697028e-06,0.9999999999985746
2026-10-03T11:42:35.641 0.009046543314609471,-7.205680975109128e-07,-1.4273758897518563e-05,-4.266602001799309e-07,1.4691132775426694e-07,-2.4631114019534228e-06,0.9999999999968647
2026-10-03T11:42:35.715 0.009064186290218644,-6.607413233891329e-07,-1.4286753177350313e-05,-4.057419978665166e-07,1.445829034021271e-07,-3.687651860507526e-06,0.9999999999931078
2026-10-03T11:42:35.739 0.009081829267328706,-7.201238388086843e-07,-1.4299747437683567e-05,-3.916533261271796e-07,1.571292448495385e-07,2.0861109333326404e-07,0.9999999999998892
2026-10-03T11:42:35.810 0.0091018564440558,-2.430345314478742e-07,-1.4301610293550103e-05,-3.01208569279392e-07,5.459916477728277e-08,-1.0508201428258169e-06,0.999999999999401
2026-10-03T11:42:35.841 0.009119976277536098,-4.387816858069511e-09,-1.4300457390133081e-05,-2.417809977025972e-07,1.0488826780931406e-07,-3.0429463405923556e-06,0.9999999999953355
2026-10-03T11:42:35.902 0.009136665424104112,-6.598288059660437e-07,-1.4416251690807675e-05,-3.4901834380473663e-07,7.495991741980359e-07,4.171509968634894e-05,0.9999999991295834
2026-10-03T11:42:35.931 0.009156215542470456,5.921148553858546e-07,-1.4551471026456237e-05,-4.2983862181328325e-07,9.175947376540847e-07,0.00014975248605082978,0.999999988786583
2026-10-03T11:42:36.002 0.009177196672043838,1.3076347814808047e-06,-1.437602807064514e-05,-3.1424991143237325e-07,-5.117312102757664e-07,0.0002598449879902506,0.9999999662401102
2026-10-03T11:42:36.029 0.009197223753028786,1.9039333674471774e-06,-1.4437495516282809e-05,-8.415623873811557e-07,8.52737213101486e-07,0.0004478023081101143,0.9999998997358237
2026-10-03T11:42:36.094 0.00921772742851528,4.8844237230567825e-06,-1.4633827565075509e-05,1.0066355641028705e-06,5.2917763781533e-07,0.0008150313467807385,0.99999966786125
2026-10-03T11:42:36.124 0.009230601295375713,5.957469339306814e-06,-1.5101218129541024e-05,-7.201366893455584e-07,1.0403234977012533e-06,0.0013157313222120228,0.9999991344243688
2026-10-03T11:42:36.192 0.00925062946868657,7.745860949181782e-06,-1.446233206946021e-05,1.0022920698772873e-06,-1.413389224702923e-07,0.002028215810571964,0.9999979431676853
2026-10-03T11:42:36.912 0.009279716350110982,8.342273589232015e-06,-1.4597728756731662e-05,3.901956673449544e-06,1.5024908402473288e-08,0.0028059023254127053,0.9999960634407091
2026-10-03T11:42:36.986 0.009306419278324273,9.415493397676564e-06,-1.4580344445957321e-05,5.562841812947402e-06,8.038279237286247e-07,0.003637487331294159,0.999993384305278
2026-10-03T11:42:37.011 0.00933359892679902,1.0369509906332161e-05,-1.4638219758596916e-05,6.721979940986118e-06,1.688687633915832e-06,0.004510017639592273,0.9999898297947104
2026-10-03T11:42:37.080 0.009366977659622687,1.1562023063163011e-05,-1.457178591805139e-05,8.23943773721691e-06,8.592347182686829e-08,0.005407419567627924,0.9999853797659863
2026-10-03T11:42:37.107 0.009404170946583386,1.2516165651884234e-05,-1.4600790334490941e-05,9.653935191621123e-06,9.71923847359744e-07,0.00631196248960941,0.9999800793192766
2026-10-03T11:42:37.177 0.009448039681747967,1.3828020127065284e-05,-1.4804262398678684e-05,1.0805017201554831e-05,1.0736726088716987e-06,0.007229416543055146,0.9999738673678157
2026-10-03T11:42:37.207 0.009494769668886778,1.5378329229200936e-05,-1.4863246656611671e-05,1.2363699370196758e-05,3.156186182649155e-06,0.008152932248992878,0.9999667642141516
2026-10-03T11:42:37.278 0.009545791279326137,1.6928692373071122e-05,-1.4869411714916779e-05,1.3615961707395e-05,3.852021130088689e-06,0.009088974949408092,0.9999586943139884
2026-10-03T11:42:37.309 0.0096011042007784,1.8955946681299935e-05,-1.5016472504974065e-05,1.5280148564805765e-05,4.236847388346659e-06,0.010033817387906662,0.9999496598615314
2026-10-03T11:42:37.377 0.009659755196212053,2.05064058799235e-05,-1.5034700444425403e-05,1.685898970507131e-05,3.8010297643398018e-06,0.010992382929779497,0.9999395817842455
2026-10-03T11:42:37.405 0.009722697599901645,2.2295337674758783e-05,-1.513421950635929e-05,1.8757456694291793e-05,4.263535810062264e-06,0.0119582134622596,0.999928497824105
2026-10-03T11:42:37.469 0.009791362077450478,2.5038015832457632e-05,-1.5212983600004518e-05,1.9970485959260815e-05,4.363674017353782e-06,0.012938086084459675,0.999916299252397
2026-10-03T11:42:37.501 0.009862887412451749,2.754231141246874e-05,-1.54005792330597e-05,2.1683012264159065e-05,4.392256900080418e-06,0.013924800734242963,0.999903045017399
2026-10-03T11:42:37.569 0.00993822755324907,3.0404282902150232e-05,-1.5519700652342695e-05,2.3002621461239675e-05,4.458359956413058e-06,0.01492372346749454,0.9998886347633261
2026-10-03T11:42:37.596 0.010018812937347047,3.374315759310788e-05,-1.5617313095271402e-05,2.4816168713305155e-05,4.135792264759798e-06,0.015933849616949335,0.9998730478432937
2026-10-03T11:42:37.666 0.010102259150834477,3.720127757226784e-05,-1.583865827867371e-05,2.607095543430252e-05,4.848131212389313e-06,0.01695168010355032,0.9998563095957678
2026-10-03T11:42:37.694 0.01019047403772832,4.054024833164857e-05,-1.5873827889907855e-05,2.7946061519819973e-05,3.7628954427732862e-06,0.01797435483438568,0.9998384478370222
2026-10-03T11:42:37.767 0.010284887505199142,4.483297141903976e-05,-1.6097612458879204e-05,2.9165837237762676e-05,5.182075487005856e-06,0.01900493886932188,0.9998193894004423
2026-10-03T11:42:37.806 0.01038120841165891,4.924492782059639e-05,-1.6264808197362972e-05,3.1148971114967176e-05,4.920864913611727e-06,0.020041093466908546,0.999799156620057
2026-10-03T11:42:37.867 0.010483251303740213,5.41337934159155e-05,-1.6470853459836725e-05,3.2538460479609175e-05,5.077651596349447e-06,0.0210904155679419,0.9997775719061903
2026-10-03T11:42:37.896 0.010587678609732715,5.938031692430844e-05,-1.6531657005482585e-05,3.46611377299307e-05,4.494693906735857e-06,0.022148355543068276,0.9997546944751703
2026-10-03T11:42:37.969 0.010698781405046176,6.546138948279443e-05,-1.6737125991734314e-05,3.6095171130928404e-05,4.129207307331178e-06,0.023218222574415505,0.9997304200736182
2026-10-03T11:42:38.001 0.01081179154510732,7.166169534451008e-05,-1.6945610717771095e-05,3.788554265155327e-05,2.975334831491985e-06,0.02429593850482417,0.9997048093952549
2026-10-03T11:42:38.062 0.010927662627856827,7.833887437672176e-05,-1.7203322529936187e-05,3.9174889031033234e-05,2.651312620960048e-06,0.025386883331792624,0.9996777003679719
2026-10-03T11:42:38.090 0.011050209750819858,8.513534678465917e-05,-1.7262973386648504e-05,4.1383649088257555e-05,2.451218562608452e-06,0.02649047851211062,0.999649064837048
2026-10-03T11:42:38.161 0.011173710369977866,9.288550549663377e-05,-1.74284402574692e-05,4.291021107803947e-05,1.8808126423036774e-06,0.02760808690549553,0.9996188231984204
2026-10-03T11:42:38.192 0.011301502450515997,0.00010039729965212269,-1.7645395887642128e-05,4.511897243796621e-05,1.8069314849445365e-06,0.02873761940747079,0.9995869883065729
2026-10-03T11:42:38.263 0.011430248158104776,0.00010969724515484178,-1.7878760813003967e-05,4.656995364914916e-05,1.0655073448327534e-06,0.029882081603253487,0.9995534298021095
2026-10-03T11:42:38.291 0.011563762262379745,0.00011840120424680903,-1.8104763799021553e-05,4.86031522829484e-05,6.936070230401156e-07,0.031040069861124998,0.9995181397554869
2026-10-03T11:42:38.363 0.011699183839256291,0.00012829728026428157,-1.8244375844901727e-05,5.006954996215654e-05,3.879861204530638e-07,0.03221238416404283,0.9994810452426588
2026-10-03T11:42:38.397 0.011837942921664896,0.00013795497968561695,-1.861278250080876e-05,5.237070462552e-05,7.069109128865392e-08,0.03339684224599186,0.9994421685046617
2026-10-03T11:42:38.468 0.011980993727164966,0.0001490432446368525,-1.8853864478229097e-05,5.3340433633437725e-05,-4.3884324198706844e-07,0.034595830005207905,0.9994013836796787
2026-10-03T11:42:38.495 0.012126428836279101,0.0001598931210397856,-1.9024210354169843e-05,5.627002172734923e-05,-1.1266125259985089e-06,0.03580787707492694,0.9993586907471222
2026-10-03T11:42:38.566 0.01227424808813387,0.00017205432964204978,-1.9213227237520434e-05,5.77606928051949e-05,-1.5018923785538321e-06,0.03703411117947169,0.9993140003375282
2026-10-03T11:42:38.589 0.01242731245093273,0.0001839771856919385,-1.9470141882934687e-05,6.001038220588104e-05,-2.0984913043896005e-06,0.03827410217256378,0.9992672763066118
2026-10-03T11:42:38.664 0.012578469068004658,0.00019768815702751575,-1.99624593816304e-05,6.117406872568119e-05,-2.2097906744502343e-06,0.039530030807361755,0.9992183809944747
2026-10-03T11:42:38.689 0.0127363021082587,0.00021104158462439647,-2.0018297565788803e-05,6.366098841241376e-05,-2.813154165198833e-06,0.04080089680109485,0.9991672946807212
2026-10-03T11:42:38.772 0.012891273661982353,0.0002259446969128371,-2.035273413179287e-05,6.507938414948546e-05,-3.105600174170394e-06,0.04208854978820664,0.9991138822635559
2026-10-03T11:42:38.798 0.013053398263407432,0.0002404902714413978,-2.0385555596444694e-05,6.824204102875517e-05,-4.5955005829963836e-06,0.043389262254326634,0.9990582401656725
2026-10-03T11:42:38.865 0.013215999000134867,0.0002564663633685922,-2.0851264359626743e-05,6.982413209156497e-05,-5.666570223573568e-06,0.044703197014932645,0.9990003099444588
2026-10-03T11:42:38.893 0.013383368594248568,0.00027268093396650296,-2.1011588468590852e-05,7.20900989239316e-05,-7.4005137356725646e-06,0.0460331984014652,0.9989399077988532
2026-10-03T11:42:38.965 0.013548353566457007,0.0002900875673935057,-2.1436363688408602e-05,7.377739991088609e-05,-7.271493222079213e-06,0.04745370616318062,0.9988734355639853
2026-10-03T11:42:38.989 0.013718107675773712,0.00030797109810311454,-2.1376940582187498e-05,7.739278612148869e-05,-7.699040928054738e-06,0.049065684859443334,0.9987955509113741
2026-10-03T11:42:39.062 0.01389119897938182,0.0003278812286850643,-2.1725126167282628e-05,7.983270032067967e-05,-6.857988511212928e-06,0.05093187827645423,0.9987021264395808
2026-10-03T11:42:39.090 0.014069058477685607,0.00034826825644026263,-2.218515912906526e-05,8.341169995380494e-05,-5.625768787195972e-06,0.05310086608522024,0.9985891502674353
2026-10-03T11:42:39.163 0.014245964708940111,0.0003700857837123237,-2.2375463898459728e-05,8.691067749844658e-05,-5.106768849298035e-06,0.05559851765198689,0.998453202336172
2026-10-03T11:42:39.190 0.014428115716337744,0.0003939299348977534,-2.2827381653775407e-05,9.085810421971205e-05,-4.410938641960273e-06,0.058442687858711505,0.9982907612320159
2026-10-03T11:42:39.257 0.014615035643844249,0.000420515959845203,-2.2914310594068966e-05,9.581992891404853e-05,-3.675098488687778e-06,0.06164502522113811,0.9980981322848571
2026-10-03T11:42:39.282 0.014807200618210547,0.00045008228305515915,-2.3084038965453807e-05,0.00010153700707906924,-3.4427115224369946e-06,0.06521302520570274,0.9978713599567353
2026-10-03T11:42:39.355 0.015004610841427157,0.00048155602094362147,-2.3217357451898174e-05,0.00010773090700580527,-2.9617751307336334e-06,0.06915077092526806,0.9976062145284184
2026-10-03T11:42:39.381 0.015204405071572167,0.0005157716024922411,-2.344385289257516e-05,0.00011438732203546698,-3.1721985305182387e-06,0.07345992756797999,0.9972981630120377
2026-10-03T11:42:39.449 0.015407060738718248,0.0005523714059041648,-2.3391750594856926e-05,0.00012178006297246747,-3.7023770084717016e-06,0.07807730652414738,0.9969473001928653
2026-10-03T11:42:39.484 0.015614961482287998,0.0005914746704231636,-2.3407546507667823e-05,0.00013055263471400383,-6.3832505361510095e-06,0.08291522139345218,0.9965565959726214
2026-10-03T11:42:39.543 0.01582572290892875,0.0006329621567179803,-2.3621581244264585e-05,0.0001387655700878043,-9.095707956659996e-06,0.08792040950071328,0.9961274929719647
2026-10-03T11:42:39.569 0.016037438183214417,0.0006774298872827799,-2.3703014045353656e-05,0.00014719110209606315,-1.2641018786532229e-05,0.09305195909254987,0.9956612431364508
2026-10-03T11:42:39.641 0.016251060327585796,0.0007241626183106083,-2.4070584645995765e-05,0.00015598922980899834,-1.5683869816305397e-05,0.09828176644839777,0.9951586154001577
2026-10-03T11:42:39.669 0.016456576426876156,0.0007718489216184635,-2.4306129450862716e-05,0.0001650552588180287,-2.012557081508772e-05,0.10359228552980587,0.9946198322627767
2026-10-03T11:42:39.735 0.016646833651884352,0.0008184621491972702,-2.4592054030791517e-05,0.00017391851085772536,-2.3012379156571427e-05,0.10897157342391148,0.9940448508031713
2026-10-03T11:42:39.763 0.01681849447247101,0.0008624525382945777,-2.4729365768414143e-05,0.00018316071833093185,-2.5977652004903676e-05,0.11440752992564149,0.9934338845004363
2026-10-03T11:42:39.831 0.016973942526557848,0.0009040585374436987,-2.506456063215345e-05,0.00019228515070063098,-2.8563763183470624e-05,0.11989222055658688,0.9927868943839574
2026-10-03T11:42:39.857 0.017113178456276905,0.0009428033095602841,-2.5195307694675147e-05,0.00020159938706547817,-3.0856625495002585e-05,0.12541562404200332,0.9921042685381969
2026-10-03T11:42:39.929 0.01723477160352932,0.0009773755344299753,-2.5223652949257954e-05,0.00021083684869714313,-3.345007885796748e-05,0.1309071985276697,0.991394603476614
2026-10-03T11:42:39.954 0.017337767510195987,0.001008371246403415,-2.563982633800032e-05,0.0002199497010043461,-3.58293382505297e-05,0.13629123129622475,0.9906687895609443
2026-10-03T11:42:40.026 0.017415014727082002,0.0010326909140242245,-2.5761966987299552e-05,0.00022867778330382756,-3.73965635024525e-05,0.14157258033980585,0.9899278513123558
2026-10-03T11:42:40.053 0.017464128395631967,0.0010497384607483023,-2.6018438283781576e-05,0.00023733965562700203,-3.844251114836934e-05,0.14678468360167346,0.9891684380589677
2026-10-03T11:42:40.126 0.017485586113842544,0.0010589178462188503,-2.593315749784444e-05,0.0002458817724230238,-3.9041405331165334e-05,0.15194881997503665,0.9883883316420305
2026-10-03T11:42:40.151 0.01748653976145173,0.001060944416147897,-2.5934665689462188e-05,0.0002544420764832004,-4.037832488557936e-05,0.1570787729199869,0.9875860432016907
2026-10-03T11:42:40.231 0.017469850503243043,0.0010573679273391502,-2.592317869456802e-05,0.0002630761441574318,-4.152756952108947e-05,0.1621837215041894,0.9867605431640722
2026-10-03T11:42:40.256 0.01743504138935544,0.0010478307459068938,-2.5972448237435594e-05,0.00027132129981614667,-4.2503315626960314e-05,0.16726935833476966,0.9859111959707603
2026-10-03T11:42:40.325 0.017381636003263663,0.0010307831451301455,-2.582840071085409e-05,0.0002799076983477401,-4.327514601497162e-05,0.17233827563599452,0.9850377853309761
2026-10-03T11:42:40.353 0.01731249502999351,0.0010065827888597867,-2.570417574970307e-05,0.00028822253964794664,-4.363055163455472e-05,0.17739223222909656,0.9841401886768576
2026-10-03T11:42:40.424 0.017225711142354057,0.0009755872809534871,-2.5581856549623304e-05,0.0002966158641442718,-4.452871371781213e-05,0.18236850890464673,0.9832302054941755
2026-10-03T11:42:40.450 0.017129390477712794,0.0009388696070670921,-2.5518963525023624e-05,0.00030459716991723034,-4.525025140019261e-05,0.18719729417932196,0.9823222883681909
2026-10-03T11:42:40.522 0.017030208822215554,0.0008998869206588793,-2.5451546549522648e-05,0.00031207771444914683,-4.591653014801151e-05,0.19189036004356202,0.981416318501748
2026-10-03T11:42:40.546 0.016923874708932547,0.0008574470748081046,-2.5343017772354312e-05,0.00031989670367229146,-4.589711466885967e-05,0.19648476499890147,0.9805068243938337
2026-10-03T11:42:40.622 0.016812295423937623,0.0008107156284934649,-2.5241096205020165e-05,0.000326926047058484,-4.595575455460662e-05,0.20100703398685452,0.979589742338718
2026-10-03T11:42:40.650 0.016695947988819775,0.000761838354954732,-2.5012425845451384e-05,0.0003346660891496795,-4.645197803435817e-05,0.20547641810834594,0.9786620087865814
2026-10-03T11:42:40.719 0.016576262551309284,0.0007096231792630157,-2.4897686569968445e-05,0.0003417656386728691,-4.688373961547943e-05,0.20990649337963826,0.9777214046113684
2026-10-03T11:42:40.746 0.01645514676243791,0.0006541893347570869,-2.4706179264970344e-05,0.00034897344886107584,-4.717389034768233e-05,0.21430546974297263,0.9767666259810477
2026-10-03T11:42:40.818 0.016330216383268988,0.0005962520471516152,-2.4463936682226187e-05,0.0003564034172529892,-4.7460478017248976e-05,0.21868084238655355,0.9757963721480084
2026-10-03T11:42:40.845 0.016200040652457063,0.0005352152519585544,-2.4332609502278316e-05,0.0003634373213771913,-4.74661696528672e-05,0.22303712684755483,0.9748098818271509
2026-10-03T11:42:40.912 0.0160674807808593,0.00047084056664122606,-2.419751212601429e-05,0.0003705325737399665,-4.796030654424834e-05,0.22737621521101692,0.973806919857183
2026-10-03T11:42:40.947 0.015931106632752514,0.00040336639181218936,-2.381796452112566e-05,0.00037763445605746454,-4.779969994652613e-05,0.23170105794764137,0.9727869627278883
2026-10-03T11:42:41.010 0.015791870860663023,0.0003333887858084358,-2.3836223775679017e-05,0.0003844716771285159,-4.845497182677326e-05,0.23594819130454583,0.9717655585858961
2026-10-03T11:42:41.035 0.01565501962224109,0.0002617422798064892,-2.3649636411657372e-05,0.0003910242621043211,-4.7961476660600344e-05,0.2400496511921116,0.9707605316257294
2026-10-03T11:42:41.108 0.01551864527950904,0.00018914210549710197,-2.3434000536583066e-05,0.0003974588374957938,-4.7728012313152655e-05,0.24401716468963733,0.9697708301889368
2026-10-03T11:42:41.133 0.015384654948661949,0.00011701879834385287,-2.3326442387838056e-05,0.00040345735050832085,-4.778990521723049e-05,0.24789129296733747,0.9687877692298107
2026-10-03T11:42:41.206 0.015252095324989131,4.4180253485493555e-05,-2.310193677177171e-05,0.0004098792694905553,-4.753900602333781e-05,0.25169876800065966,0.9678055382802774
2026-10-03T11:42:41.232 0.015121919771578568,-2.9075493882819687e-05,-2.2955706450659608e-05,0.00041616412140631275,-4.7681566101966986e-05,0.25545894681996945,0.9668198131107597
2026-10-03T11:42:41.305 0.014990313931781069,-0.0001032253289083537,-2.2673103909980424e-05,0.00042210397761200145,-4.775409489691546e-05,0.25918518101506294,0.965827552666607
2026-10-03T11:42:41.331 0.014857277341144337,-0.00017880569344872328,-2.2552151913354092e-05,0.00042785447522743626,-4.7811914158386806e-05,0.262885904510659,0.9648268320606458
2026-10-03T11:42:41.406 0.014726148374680743,-0.0002558761500645978,-2.227030282503334e-05,0.00043430349501968126,-4.780342889125525e-05,0.26656665983056493,0.9638163855019701
2026-10-03T11:42:41.432 0.014594542450555109,-0.0003345559381091061,-2.2077106398820177e-05,0.00044042534628478507,-4.776546400695184e-05,0.2702320969424268,0.9627951067210893
2026-10-03T11:42:41.503 0.01446198272319996,-0.0004141298078484221,-2.197180882163395e-05,0.0004462388436046906,-4.794829370941252e-05,0.27388600072162034,0.9617620585054144
2026-10-03T11:42:41.529 0.014330377168692267,-0.0004959686420275005,-2.156999588275636e-05,0.0004523462024942754,-4.791052175718782e-05,0.27752896673816246,0.9607171621808069
2026-10-03T11:42:41.601 0.014198771091058443,-0.0005792975923887262,-2.1510908979215193e-05,0.00045817439107140176,-4.7967557894174546e-05,0.2810978742234929,0.9596789947072792
2026-10-03T11:42:41.627 0.014070026113530738,-0.0006615536231126115,-2.139674126131771e-05,0.0004640375786526718,-4.756986028157688e-05,0.28452501216343995,0.958668503633883
2026-10-03T11:42:41.708 0.013944619072671307,-0.0007427367281957345,-2.1228246659135558e-05,0.0004693634399055589,-4.722260647978807e-05,0.2878229575808172,0.9576835189964469
2026-10-03T11:42:41.735 0.013799185196815243,-0.0008403113627235825,-2.09684797426284e-05,0.00047476991767957875,-4.755317133635966e-05,0.2910208566206633,0.9567165898760178
2026-10-03T11:42:41.808 0.013656135345898239,-0.000936574665065769,-2.0801889546371882e-05,0.000479404602170922,-4.657158583877401e-05,0.29415310178750353,0.955758191548001
2026-10-03T11:42:41.831 0.013519760941526876,-0.0010286059536059346,-2.077996534642843e-05,0.00048430745162942164,-4.7729947739780416e-05,0.29724347447781424,0.9548015919805023
2026-10-03T11:42:41.903 0.013377664951920127,-0.0011267169879100297,-2.051057471011135e-05,0.0004892983020884063,-4.6839795096812266e-05,0.30036335127920777,0.9538247300219933
2026-10-03T11:42:41.929 0.013240337233693554,-0.0012248279621908402,-2.0308327944783304e-05,0.0004947036268213844,-4.8262090907302505e-05,0.3036221658742706,0.9527923873168326
2026-10-03T11:42:42.004 0.013103486587928816,-0.0013210911864502642,-1.9942922843503868e-05,0.0005007819492420536,-4.794522197660327e-05,0.30708679434466224,0.9516813792744997
2026-10-03T11:42:42.028 0.01296854341897178,-0.0014183676656434317,-1.9506027583932967e-05,0.0005070957800236729,-4.889514558812408e-05,0.31080372856235683,0.9504739779577721
2026-10-03T11:42:42.098 0.012829308512525641,-0.001521545058732501,-1.9241159699359555e-05,0.0005135280335551026,-4.963014076596313e-05,0.3147991349914186,0.9491581735593191
2026-10-03T11:42:42.123 0.01268244447305893,-0.0016316366866505835,-1.8859919804749897e-05,0.0005210626246355403,-5.077709327854791e-05,0.31908961269262515,0.9477244034987695
2026-10-03T11:42:42.197 0.0125289049651445,-0.001749834630288982,-1.837871670783046e-05,0.0005293040740468373,-5.1907995723656206e-05,0.32365835347105815,0.9461738674108268
2026-10-03T11:42:42.221 0.012366782483615129,-0.0018766157508386878,-1.7898842608297796e-05,0.0005376752124457301,-5.27369352490473e-05,0.32843842186347605,0.9445252305619003
2026-10-03T11:42:42.291 0.012199414818524086,-0.0020104898901619475,-1.745537754552093e-05,0.0005462092915509752,-5.351789870552622e-05,0.333357815547034,0.9428002257132494
2026-10-03T11:42:42.319 0.012028709050952933,-0.0021509801871169815,-1.721524988603016e-05,0.0005544578857760704,-5.429532080853429e-05,0.33836905985291377,0.9410133202897429
2026-10-03T11:42:42.389 0.011856096234272768,-0.0022963580889295582,-1.682309428113282e-05,0.0005630828957350073,-5.449399837710469e-05,0.34343949096596854,0.9391746355247745
2026-10-03T11:42:42.423 0.011681575754414527,-0.00244650438638122,-1.666634045709953e-05,0.0005717768455053291,-5.4697634544153436e-05,0.34854675742490915,0.937291218335043
2026-10-03T11:42:42.487 0.011508009460161289,-0.0025999289272337447,-1.6213071105637643e-05,0.000580280319827575,-5.4645612621858024e-05,0.3536150722801618,0.9353908492950438
2026-10-03T11:42:42.510 0.011336826928385326,-0.002753651461342224,-1.6031791922014567e-05,0.0005883974985211839,-5.445622362827852e-05,0.3585715095605723,0.9335020746384851
2026-10-03T11:42:42.584 0.011171366549404434,-0.002907075900172115,-1.5785054235156614e-05,0.0005961765467544477,-5.399883582238345e-05,0.36341732093459334,0.9316262622438107
2026-10-03T11:42:42.613 0.011007336358817002,-0.0030593082281318677,-1.5734293386884633e-05,0.0006037975854171344,-5.3603388217167575e-05,0.36818436488441425,0.9297526047340836
2026-10-03T11:42:42.685 0.01084616760568454,-0.003211063682863712,-1.5419835630809617e-05,0.0006115030879904745,-5.3562941498928326e-05,0.37289421805966266,0.9278736580659338
2026-10-03T11:42:42.710 0.010689290157264879,-0.003363713153263656,-1.526117452482221e-05,0.0006193058382358621,-5.3372208766515614e-05,0.37755987423874915,0.9259849647680604
2026-10-03T11:42:42.783 0.010534797031516937,-0.0035162433843405456,-1.5016876233282546e-05,0.0006265373324696917,-5.346424030620948e-05,0.38219334426244517,0.9240821674472645
2026-10-03T11:42:42.809 0.010383165155195346,-0.0036702040908467926,-1.464299100507731e-05,0.000634208944867216,-5.341037796402422e-05,0.3868003195639948,0.922163276058821
2026-10-03T11:42:42.881 0.010232486608349094,-0.003824939645769223,-1.4494130648797496e-05,0.0006416644259082482,-5.30836306487153e-05,0.39132712680835974,0.9202514141650675
2026-10-03T11:42:42.906 0.010086099338449214,-0.00397836384450324,-1.4501067303327508e-05,0.0006486707565495488,-5.269808899764188e-05,0.3957117477034806,0.9183745364384935
2026-10-03T11:42:42.978 0.009944003839511871,-0.00413041708234666,-1.4350876984485259e-05,0.0006548311532407311,-5.211769406000593e-05,0.3999677127986471,0.916528994194142
2026-10-03T11:42:43.004 0.009805246131378243,-0.004281039766697096,-1.4235766695262779e-05,0.0006616066960410535,-5.180509394253393e-05,0.4041323035646026,0.9147003010868532
2026-10-03T11:42:43.074 0.009669826622828566,-0.00443088754860055,-1.3902416904759633e-05,0.0006686386354400422,-5.15951015954585e-05,0.4082317760737717,0.9128780681251876
2026-10-03T11:42:43.100 0.009537744737158625,-0.004579066358451077,-1.3708455180850368e-05,0.0006749996376493418,-5.1418456557394255e-05,0.41228466806254854,0.9110548250309559
2026-10-03T11:42:43.180 0.009409000560058244,-0.004726768289135886,-1.3609177900845525e-05,0.0006814153787096633,-5.125066466039266e-05,0.4163024528257591,0.9092259349676007
2026-10-03T11:42:43.206 0.009283594344390788,-0.004875364247457367,-1.3455573414830788e-05,0.0006881414376298487,-5.121756634488632e-05,0.4202935045948766,0.9073879511176458
2026-10-03T11:42:43.273 0.009157234471654917,-0.00502336417133525,-1.3285560023597104e-05,0.0006946018833229217,-5.1003879114552584e-05,0.4242653637947376,0.9055376392016772
2026-10-03T11:42:43.296 0.009032782011049354,-0.005172854187313244,-1.3088759823782432e-05,0.0007008992768763051,-5.0974805571121586e-05,0.42821910322615026,0.9036746681046031
2026-10-03T11:42:43.365 0.008910713885122613,-0.0053231786382845125,-1.2806322282427517e-05,0.0007073666816727728,-5.095104523342234e-05,0.43215850751151,0.9017973837962676
2026-10-03T11:42:43.393 0.008791506455478321,-0.00547403949507646,-1.273702422971342e-05,0.0007139715638414495,-5.101716272437948e-05,0.4360860502631486,0.899904686290577
2026-10-03T11:42:43.455 0.008672776271176408,-0.005625555996910987,-1.241516057617052e-05,0.0007205215392809896,-5.06182328979387e-05,0.43994278280318283,0.8980255153089458
2026-10-03T11:42:43.480 0.008556429940137352,-0.005775224724776052,-1.2290781728598609e-05,0.0007265284534401618,-5.035557521663014e-05,0.4436661208223548,0.8961918560526904
2026-10-03T11:42:43.548 0.008444851823898617,-0.005922270788250658,-1.2248448323550845e-05,0.0007317282380753309,-5.0022823172988e-05,0.4472667039405823,0.8944003340885055
2026-10-03T11:42:43.570 0.008338041993891588,-0.006066753791971372,-1.2243456923573506e-05,0.0007373337969950886,-4.9552887116857745e-05,0.4507807707300866,0.8926343879906108
2026-10-03T11:42:43.634 0.008232663028773145,-0.006209508242939728,-1.200230931544877e-05,0.0007429294214294383,-4.9097246584305594e-05,0.4542357395840878,0.8908812146014933
2026-10-03T11:42:43.659 0.00813014491135136,-0.006351726216103752,-1.1869993373474224e-05,0.0007481971828748543,-4.925959802010446e-05,0.4576473761411805,0.8891334640455056
2026-10-03T11:42:43.725 0.008030010929619665,-0.006493944159256135,-1.177124936699419e-05,0.0007537035914670049,-4.8707709469318024e-05,0.4610273624325571,0.8873855986249354
2026-10-03T11:42:43.748 0.007932738049494981,-0.006635208392060717,-1.1617424526659348e-05,0.0007590768932500728,-4.8768900062074125e-05,0.4643844308088692,0.8856334014964584
2026-10-03T11:42:43.814 0.00783498849697991,-0.006776413026204815,-1.1358537768025001e-05,0.0007649487652576741,-4.8494567342499335e-05,0.46772349814048814,0.883874505678769
2026-10-03T11:42:43.845 0.00773676185474279,-0.006918094503540573,-1.126280956957477e-05,0.000770766300922082,-4.8192753501925746e-05,0.4710483795512151,0.882107038697086
2026-10-03T11:42:43.905 0.00764282664357148,-0.007059477903632613,-1.1233471360788174e-05,0.0007756446985457244,-4.841422013122515e-05,0.4743612215018726,0.880329953805172
2026-10-03T11:42:43.927 0.007550322157131209,-0.007201099704268865,-1.107228462010607e-05,0.0007809933903690313,-4.834581604625284e-05,0.47766297654999607,0.8785428097397441
2026-10-03T11:42:43.992 0.007457340914565512,-0.007343496371282357,-1.0865640394907613e-05,0.0007861930880464538,-4.8244242521639965e-05,0.48089755739100265,0.876776436081792
2026-10-03T11:42:44.016 0.007368651302350907,-0.007484581682066425,-1.0591276041996597e-05,0.0007915491076172829,-4.786808348712959e-05,0.4840000843387881,0.8750675914000603
2026-10-03T11:42:44.077 0.007282345058684872,-0.00762274633532984,-1.0812419521906227e-05,0.0007960169841968031,-4.72082380988143e-05,0.48698411824337484,0.8734104606123435
2026-10-03T11:42:44.100 0.007182688011248555,-0.00778582589816767,-1.0818734031237759e-05,0.0008004211772827969,-4.77973076391349e-05,0.4898735896503357,0.8717931080276162
2026-10-03T11:42:44.163 0.007090184100483659,-0.007939487836998386,-1.0389324754980477e-05,0.0008053573603862186,-4.644876179158365e-05,0.4927048568108962,0.8701961119868261
2026-10-03T11:42:44.186 0.007000063628948277,-0.008090229118300249,-1.0410719883839363e-05,0.0008101794702534689,-4.733884142646515e-05,0.4954976493131974,0.8686088998469655
2026-10-03T11:42:44.248 0.0069113738189674305,-0.008241804846602228,-1.0344969811014728e-05,0.000814029086209129,-4.645944721858097e-05,0.49825804749187336,0.8670284039797963
2026-10-03T11:42:44.274 0.006824114801693338,-0.00839153281287051,-1.008776697724567e-05,0.0008190590115499842,-4.7269338810515076e-05,0.5009983281634107,0.8654478621415692
2026-10-03T11:42:44.335 0.006737332215656826,-0.00854275088930385,-1.009953839604388e-05,0.0008228938030397169,-4.633085924529671e-05,0.5037198641088643,0.8638666674906422
2026-10-03T11:42:44.358 0.00665341115306166,-0.008692836441405862,-9.788008444008166e-06,0.0008278469609075269,-4.69911270220138e-05,0.5064304914849235,0.8622803892908515
2026-10-03T11:42:44.422 0.00656948960140689,-0.008845246574714083,-9.804303248251234e-06,0.0008317350688659583,-4.6255350537308615e-05,0.5091880283261038,0.8606549005766438
2026-10-03T11:42:44.446 0.006482230605302583,-0.009000398563661964,-9.576901812436822e-06,0.0008371161286531151,-4.748024242854588e-05,0.5120801507370499,0.858937259759602
2026-10-03T11:42:44.515 0.006396879142289279,-0.009161034155901386,-9.278009487137258e-06,0.000842042232616662,-4.664406990939854e-05,0.5151605042393848,0.8570933109417154
2026-10-03T11:42:44.538 0.006322017990866454,-0.009303072966880672,-8.906299809770532e-06,0.0008485894102092884,-4.7813438272482906e-05,0.5184788568782738,0.8550900260090083
2026-10-03T11:42:44.600 0.0062409577354621175,-0.009458761319603406,-8.778106232553144e-06,0.0008543311301778083,-4.847526728005494e-05,0.5220466545985358,0.8529165013006522
2026-10-03T11:42:44.626 0.0061556064983143395,-0.009627979980676136,-8.404706790520916e-06,0.0008614856903888614,-4.893571453794153e-05,0.5258768297801487,0.8505602949515582
2026-10-03T11:42:44.688 0.006065963543346361,-0.009808404369034825,-8.233136140939322e-06,0.0008687183643749359,-4.967030584052761e-05,0.5299548399657104,0.8480254185212743
2026-10-03T11:42:44.713 0.005972029444260617,-0.010000690135706336,-7.90576675493081e-06,0.0008763322216299553,-5.0575982064889875e-05,0.5342182194441942,0.8453461560199952
2026-10-03T11:42:44.775 0.005876188026256988,-0.010202631878855319,-7.634984639530021e-06,0.0008837342594775789,-5.052167266426283e-05,0.5386015826053121,0.8425601175443641
2026-10-03T11:42:44.798 0.005782254078621758,-0.01041256062038715,-7.352315795448248e-06,0.0008913262625923306,-5.089116682832131e-05,0.543061060259377,0.8396927341459758
2026-10-03T11:42:44.860 0.005687366324162144,-0.010626840513015953,-7.1873475200732855e-06,0.0008991037560477075,-5.0767782919013884e-05,0.547567982671935,0.8367607145341227
2026-10-03T11:42:44.885 0.005594386197331341,-0.010844756264934741,-6.876382944599093e-06,0.0009069856885728129,-5.057971096019412e-05,0.5521011307262443,0.833776658506015
2026-10-03T11:42:44.947 0.0055033130705522855,-0.011065115783319179,-6.806851970782791e-06,0.0009141975908801125,-5.0428910968008044e-05,0.5566475708709436,0.8307482431779003
2026-10-03T11:42:44.970 0.005415101334561469,-0.011286905777116572,-6.518327204891961e-06,0.0009218325914231281,-5.0231408222080265e-05,0.5611441811682625,0.8277175578918688
2026-10-03T11:42:45.034 0.0053302271848359745,-0.011507861263893296,-6.398992654241844e-06,0.000928768145104722,-4.937219975120978e-05,0.5655274242136665,0.8247289660333109
2026-10-03T11:42:45.059 0.005249167595093719,-0.011725776865770273,-6.345294611649181e-06,0.0009354047116085628,-4.8789330048712905e-05,0.5698037965849135,0.8217802358508297
2026-10-03T11:42:45.119 0.005169538497323782,-0.011940414194171864,-6.2789577529119805e-06,0.0009419585261094757,-4.826211789731869e-05,0.5740019082364768,0.8188534177285861
2026-10-03T11:42:45.150 0.005093247008175142,-0.012152250062269884,-6.352009146004393e-06,0.0009479666714945885,-4.788867905688377e-05,0.5781416674121962,0.8159358500934433
2026-10-03T11:42:45.212 0.005020293649430397,-0.012363430237218666,-6.251524446022115e-06,0.0009544901289301026,-4.729460229585736e-05,0.5822353517848194,0.8130197302918436
2026-10-03T11:42:45.236 0.00495115495737115,-0.012574431550208492,-6.1719723584288615e-06,0.0009612821119316532,-4.695502108188058e-05,0.5862945248059998,0.8100974039672231
2026-10-03T11:42:45.298 0.00488249327834946,-0.012784479182856695,-5.973965216349962e-06,0.0009678324827972762,-4.6509963221120525e-05,0.590325028111974,0.8071650527133256
2026-10-03T11:42:45.322 0.004816692515454039,-0.012993811523758052,-5.840086341964523e-06,0.0009743679562665206,-4.6338118518074175e-05,0.5943308550194357,0.8042200465244143
2026-10-03T11:42:45.385 0.00475613644946937,-0.013202309333652391,-6.027424828787941e-06,0.0009805721130653625,-4.6031606512328953e-05,0.5983153436254103,0.8012601237686982
2026-10-03T11:42:45.410 0.004696057874482547,-0.013410389904953362,-5.798285322019296e-06,0.0009867195439477487,-4.5944490180983226e-05,0.6022284856387157,0.7983231647390326
2026-10-03T11:42:45.470 0.004637886279582025,-0.013617457173320554,-5.795678839796826e-06,0.0009925573783810336,-4.5141876729387264e-05,0.606016100888241,0.7954517573406166
2026-10-03T11:42:45.495 0.004582575559533351,-0.013820530894478511,-5.857201161476519e-06,0.000997913022762271,-4.428682070861737e-05,0.6096895143575127,0.792639702696488
2026-10-03T11:42:45.560 0.004532033211702756,-0.014020385904779166,-5.896461025195741e-06,0.0010036003536515689,-4.3762547122655705e-05,0.6132794216687911,0.789865394753285
2026-10-03T11:42:45.582 0.004481968042128466,-0.014217439490728434,-5.69805699611077e-06,0.0010088911956599872,-4.3410733987779883e-05,0.6168106784294614,0.7871108989395657
2026-10-03T11:42:45.644 0.004433332839899471,-0.01441258571009492,-5.829740205716182e-06,0.0010141832498754013,-4.305801678927678e-05,0.6202969337313731,0.7843664217582236
2026-10-03T11:42:45.668 0.004386128366450282,-0.014606420609238849,-5.814673994338405e-06,0.0010198424952370193,-4.271216649835413e-05,0.6237489756795346,0.7816240614487806
2026-10-03T11:42:45.729 0.004343215682724733,-0.014800374663611445,-5.6424805658571375e-06,0.0010256486902351833,-4.240818656078949e-05,0.6272249783076463,0.7788374495575329
2026-10-03T11:42:45.751 0.004300779793397259,-0.014996593688490106,-5.515744124680521e-06,0.001031547461522329,-4.247789055947362e-05,0.630803321384993,0.7759420750514338
2026-10-03T11:42:45.822 0.004259297768539169,-0.015198653956535777,-5.316008875379975e-06,0.0010380035931113695,-4.28987924010421e-05,0.6345365159645762,0.7728921856350803
2026-10-03T11:42:45.845 0.004219246620594923,-0.015409297275388088,-4.9546214441527305e-06,0.0010455195532075249,-4.328674502230703e-05,0.6384205681317903,0.7696870033990464
2026-10-03T11:42:45.906 0.0041806258307837,-0.01562661629647178,-4.744506136906093e-06,0.00105240546270016,-4.3771548142772225e-05,0.6424108951429449,0.76635966251391
2026-10-03T11:42:45.929 0.004142004739802297,-0.01584995538672106,-4.772808126075834e-06,0.0010594443954182176,-4.364649635845244e-05,0.6464676210512476,0.7629406861643289
2026-10-03T11:42:45.989 0.004107675355717287,-0.01607806279450752,-4.733388993109609e-06,0.0010661081152721066,-4.396315610959787e-05,0.6505615997366764,0.7594527414057993
2026-10-03T11:42:46.013 0.0040723923745993925,-0.01631034253943204,-4.677560174984509e-06,0.0010732020022384318,-4.352901053156483e-05,0.654677154611602,0.7559078446294523
2026-10-03T11:42:46.077 0.004040924482909124,-0.016546079305684868,-4.404245093453694e-06,0.0010802065208542838,-4.3480887398356366e-05,0.6587994446001783,0.7523178338028292
2026-10-03T11:42:46.099 0.0040123171917591585,-0.016782233268479774,-4.403674090334831e-06,0.0010866073612415437,-4.3561055866968304e-05,0.6628723824285405,0.7487316087894164
2026-10-03T11:42:46.161 0.003985140393785854,-0.017017075911079458,-4.405365091914365e-06,0.001092990518545207,-4.280711639466642e-05,0.6668394031318735,0.745200653495422
2026-10-03T11:42:46.189 0.003961778316965768,-0.017248580645536405,-4.36838465232049e-06,0.0010990288580308254,-4.190198724830482e-05,0.6707043216612655,0.7417240074884286
2026-10-03T11:42:46.246 0.0039608248430783284,-0.017299959861387507,-4.649990097119497e-06,0.0011050632047355127,-4.2359790095413735e-05,0.6745337157884361,0.738243214195435
2026-10-03T11:42:46.271 0.003976081826519723,-0.017137477407603092,-4.510229867615286e-06,0.001114667964099278,-4.635636762849709e-05,0.6783889155330902,0.734702140086889
2026-10-03T11:42:46.334 0.003998966468655554,-0.016849109848024683,-4.471959965080377e-06,0.0011230389804187425,-4.829509131638333e-05,0.6822853025974422,0.731085153939368
2026-10-03T11:42:46.357 0.004019465992788106,-0.016492077767695776,-4.474635071026721e-06,0.0011295077619637413,-4.832056688190618e-05,0.6862141156652042,0.727398727892179
2026-10-03T11:42:46.420 0.00403758091490823,-0.016099878976966554,-4.458645136103684e-06,0.0011356371879572985,-4.801284615635132e-05,0.6901635518384636,0.7236525269330997
2026-10-03T11:42:46.452 0.004051880882783561,-0.01569063330586577,-4.4664288340290925e-06,0.0011416672119072843,-4.692410159518372e-05,0.6941237762097099,0.7198547615279618
2026-10-03T11:42:46.507 0.004061412399783378,-0.015272745021304726,-4.4517735023110696e-06,0.0011470950463439325,-4.592397371470608e-05,0.6980899016178065,0.716009197792308
2026-10-03T11:42:46.532 0.004067129195315276,-0.014850684459634375,-4.416186269899209e-06,0.0011527646457865383,-4.483697451783305e-05,0.7020550728962988,0.7121217197529436
2026-10-03T11:42:46.590 0.004067600861141975,-0.014426895429292383,-4.312701519154902e-06,0.0011585239169928227,-4.3700271254761374e-05,0.7060164291552937,0.7081945055388585
2026-10-03T11:42:46.615 0.00406330398366749,-0.014002093180042648,-4.3059856314085486e-06,0.0011643613543520614,-4.266420820020527e-05,0.7099700961215891,0.7042308606242015
2026-10-03T11:42:46.673 0.004053285106313029,-0.013576635351736033,-4.260420404907943e-06,0.0011703088977070126,-4.166720600090669e-05,0.7139146432641132,0.7002317550454291
2026-10-03T11:42:46.700 0.00403945138159154,-0.013150104687867327,-4.298230768729658e-06,0.001176258805994345,-4.09652453922954e-05,0.7178012547627046,0.6962470634754282
2026-10-03T11:42:46.762 0.0040222797282993186,-0.012721547508105838,-4.360566238660684e-06,0.0011814335133337687,-4.0340312222170884e-05,0.7215820690091045,0.6923278993887598
2026-10-03T11:42:46.786 0.003998909156627372,-0.012291440685627535,-4.428002013709033e-06,0.0011866282293821362,-3.931135462961443e-05,0.7252634630493188,0.6884704057065721
2026-10-03T11:42:46.849 0.003970770471743458,-0.011860797481350443,-4.323986007534481e-06,0.0011924376447142553,-3.80531348446765e-05,0.7288706490335393,0.6846503878782583
2026-10-03T11:42:46.872 0.003937386037832166,-0.011427889366669854,-4.539502277542856e-06,0.0011977873503766123,-3.787264322825056e-05,0.7324225223730081,0.6808493317848574
2026-10-03T11:42:46.931 0.0039011409244447434,-0.010993908404362918,-4.526978004085495e-06,0.0012013974412410896,-3.67998990082081e-05,0.7359291572060758,0.6770574797341145
2026-10-03T11:42:46.956 0.0038577434817185464,-0.01055861622989502,-4.354133568355434e-06,0.001207388704444701,-3.636133966832719e-05,0.7394015174628225,0.6732636458803082
2026-10-03T11:42:47.016 0.003811484907367572,-0.010121893579984094,-4.23637035645015e-06,0.001212679049646906,-3.592397781589978e-05,0.7428444931311724,0.6694629094607721
2026-10-03T11:42:47.038 0.0037614112784059494,-0.00968260797841368,-4.321192119143686e-06,0.001218039012044609,-3.5387730357314434e-05,0.7462616598586544,0.6656515981755619
2026-10-03T11:42:47.106 0.0037046622396522937,-0.009241117088996385,-4.1868432256022615e-06,0.0012232627877266666,-3.540369666549352e-05,0.749656772876411,0.6618256758809344
2026-10-03T11:42:47.132 0.0036445754159411263,-0.00879777849760422,-3.9876125535134475e-06,0.0012290913681777778,-3.4471393817226506e-05,0.7530298912032917,0.6579851602433678
2026-10-03T11:42:47.189 0.0035782895212316842,-0.008351996193840082,-3.882889188189646e-06,0.0012344227428580936,-3.461817041886334e-05,0.7563833998803833,0.6541273785643484
2026-10-03T11:42:47.216 0.0035072350536571894,-0.00790472383401277,-3.889835906425948e-06,0.0012396372766289596,-3.413737330799584e-05,0.7597170005856867,0.650252674854283
2026-10-03T11:42:47.274 0.0034314123490655998,-0.007456438255242172,-3.799836634274138e-06,0.0012450144678366028,-3.404723653513915e-05,0.7630323620165264,0.6463590823182123
2026-10-03T11:42:47.296 0.003349867950127681,-0.007007437492734382,-3.4772731797312596e-06,0.0012505274849587342,-3.354590943598823e-05,0.7663282325051277,0.6424480330122027
2026-10-03T11:42:47.354 0.0032635546840477235,-0.006557900348515292,-3.4600945061465645e-06,0.0012555374917304534,-3.364931364802231e-05,0.7695644989223691,0.6385678542580213
2026-10-03T11:42:47.378 0.003173903544772549,-0.00610699233949043,-3.4376385462931223e-06,0.0012604088144151173,-3.304225104771808e-05,0.7726952061461084,0.6347759673118173
2026-10-03T11:42:47.436 0.003079007177798698,-0.005654057838581008,-3.4068896871261155e-06,0.0012647616855469503,-3.2311162333891287e-05,0.7757286394806358,0.6310653509925811
2026-10-03T11:42:47.463 0.0029793425823591855,-0.005198918025830156,-3.2642938899878187e-06,0.0012690479279985362,-3.219157625610101e-05,0.7786899515582242,0.6274076408709967
2026-10-03T11:42:47.521 0.0028739559316641817,-0.004742466982935413,-3.1126511464733287e-06,0.0012737486938189985,-3.185185154209971e-05,0.7815967848519543,0.6237826884891985
2026-10-03T11:42:47.545 0.0027633240547713907,-0.004284108657445653,-2.952715484146775e-06,0.0012784540313682772,-3.138428470760474e-05,0.7844618949907677,0.620175700812125
2026-10-03T11:42:47.604 0.0026488773039494806,-0.0038244390778174506,-2.8910565937076983e-06,0.001282892840469203,-3.1494474488550054e-05,0.7873348728760057,0.6165242502508574
2026-10-03T11:42:47.628 0.0025272783786586786,-0.0033645311696177548,-2.5796705101004852e-06,0.0012878709339830703,-3.1295667908272124e-05,0.790264533687891,0.6127644793916328
2026-10-03T11:42:47.685 0.002403771991569063,-0.0029048020993797294,-2.3397743897997602e-06,0.0012929804153160068,-3.142831117562726e-05,0.7932449769178793,0.6089012512784482
2026-10-03T11:42:47.713 0.002275020422557862,-0.0024466824205881545,-2.0915847754812748e-06,0.0012979231880722076,-3.123335536097681e-05,0.7962545664708373,0.6049603125777878
2026-10-03T11:42:47.765 0.002141500612934696,-0.0019910065922554626,-1.776250890454546e-06,0.0013029095654206158,-3.1303035670137046e-05,0.7992782819187536,0.6009596737717013
2026-10-03T11:42:47.789 0.0020017817071128537,-0.001538370678880634,-1.6150279855345464e-06,0.0013080999499239226,-3.0759801736485674e-05,0.8023061096271136,0.5969113790030826
2026-10-03T11:42:47.849 0.0018620630960218948,-0.0010866884397893297,-1.2749912138086548e-06,0.0013135224220670897,-3.053686191359227e-05,0.8053276784445142,0.5928284777720414
2026-10-03T11:42:47.872 0.0017156687401987385,-0.0006361387730020446,-9.542015209803957e-07,0.0013185356318090112,-3.0278211297274156e-05,0.8083402470832081,0.5887141118509693
2026-10-03T11:42:47.931 0.0015630751934817512,-0.00018672167254816475,-8.322265479393131e-07,0.0013230991688176308,-3.050221983504444e-05,0.8113398816984668,0.5845732159821573
2026-10-03T11:42:47.958 0.0014090514621235284,0.0002612052938117235,-5.142746875660195e-07,0.0013279108149099438,-3.0150272853259376e-05,0.8143221710301121,0.5804116104219779
2026-10-03T11:42:48.014 0.001248828547829813,0.0007054962987551049,-4.1003828007959933e-07,0.0013325370299473321,-3.0275938469071898e-05,0.817287771065289,0.5762281863077883
2026-10-03T11:42:48.039 0.001085268342001656,0.0011479991223942924,4.2202209453423156e-08,0.001337834590914042,-2.938782896960592e-05,0.8202345353766413,0.5720258003887835
2026-10-03T11:42:48.095 0.0008582864378178525,0.0017577517807665552,3.86072046167274e-07,0.0013425616822054496,-2.9655848049392253e-05,0.8231951876068383,0.5677568843700642
2026-10-03T11:42:48.117 0.0005445177728406308,0.0025665828600500216,8.671245934274868e-07,0.0013518003379809295,-3.3194595669497615e-05,0.8262102545244575,0.5633602638211148
2026-10-03T11:42:48.176 0.00017162029225931916,0.0034912846243870662,1.6800637981212693e-06,0.0013598609620117377,-3.528684377516917e-05,0.8292763431684704,0.5588370927149808
2026-10-03T11:42:48.200 -0.0001712356951916465,0.004302737941801621,2.043193082534783e-06,0.0013642598015422861,-3.5246661332503254e-05,0.8323740841450905,0.5542125238538809
2026-10-03T11:42:48.257 -0.0005312572819508426,0.005138628947544643,2.9549998422207424e-06,0.0013641115371609903,-3.030749782204974e-05,0.8354821994733262,0.5495158165552497
2026-10-03T11:42:48.279 -0.000946117050510493,0.006071674833782822,3.476656106688113e-06,0.001374044941488566,-3.406074430229039e-05,0.8385948363761352,0.5447538997048554
2026-10-03T11:42:48.347 -0.0013934021263131875,0.007047516446747308,4.124078328906902e-06,0.0013781268268403158,-3.358135100450132e-05,0.8417028284091287,0.5399393005577712
2026-10-03T11:42:48.370 -0.0017901402387937475,0.007877208107148806,4.974729577485739e-06,0.0013825458741546087,-3.2774847268029467e-05,0.844801104325633,0.5350786686300496
2026-10-03T11:42:48.429 -0.0021043834583899137,0.008508536548307279,5.486367373217757e-06,0.0013820268643971706,-2.7908746317399205e-05,0.8478803104508703,0.5301858809630674
2026-10-03T11:42:48.453 -0.002368557795946609,0.009032696468491867,5.725145187191461e-06,0.0013853071948897312,-2.6425188984337807e-05,0.8509361483824849,0.5252673144234913
2026-10-03T11:42:48.509 -0.00261794922621221,0.00951131862622423,6.193878041029361e-06,0.0013901816630198251,-2.575600940417201e-05,0.853966414511833,0.5203262722728658
2026-10-03T11:42:48.535 -0.0028606647746927355,0.009968960033034295,6.5924547353273585e-06,0.0013953949808566087,-2.5477359582956486e-05,0.8569688448765302,0.5153663271254119
2026-10-03T11:42:48.594 -0.0031052875248826673,0.010413249975399306,6.979148191175557e-06,0.0014008129931844236,-2.5697114072097876e-05,0.8599429031459874,0.5103883231339326
2026-10-03T11:42:48.616 -0.00335086367775861,0.010847287906873325,7.456758039446832e-06,0.0014062070707616327,-2.5705570872543274e-05,0.8628873378162034,0.5053943649837852
2026-10-03T11:42:48.674 -0.0035997775654515065,0.011273577192505933,7.954547808190129e-06,0.0014115342710163171,-2.5434737547258003e-05,0.8658011356531654,0.500386251235748
2026-10-03T11:42:48.697 -0.0038501220642618334,0.011692952321313009,8.335391357515968e-06,0.0014162884363937097,-2.5312292196225733e-05,0.868684714285798,0.4953633622428635
2026-10-03T11:42:48.752 -0.004101420208272665,0.012106366973630704,8.687941456773681e-06,0.0014210552427360368,-2.536216717309461e-05,0.8715371195876443,0.4903274713287332
2026-10-03T11:42:48.775 -0.004356532970783223,0.012512032974098102,9.031623121438736e-06,0.001425740192062748,-2.4954387482323268e-05,0.8743593052980666,0.4852770053081703
2026-10-03T11:42:48.833 -0.00461546017727288,0.012912930554978344,9.500546147162104e-06,0.0014311005908586483,-2.509547338519416e-05,0.8771500191353727,0.48021432220637844
2026-10-03T11:42:48.856 -0.004876771581267437,0.013307510013484847,9.91363528639144e-06,0.001435266430729976,-2.4824128432331815e-05,0.8798800566342608,0.4751936713923339
2026-10-03T11:42:48.910 -0.005139513728142889,0.013698155547393412,1.015017314846823e-05,0.001439505805301723,-2.4336412958285896e-05,0.8825168134416721,0.4702786421086254
2026-10-03T11:42:48.942 -0.005407977633134267,0.01408522473060201,1.054477018204123e-05,0.0014435973716008749,-2.4440200884772927e-05,0.8850672634258477,0.4654609055991559
2026-10-03T11:42:48.994 -0.005578688137805211,0.014319111207448795,1.0769935463930188e-05,0.001447204424451156,-2.3837835993917354e-05,0.8875792092414095,0.46065285449403853
2026-10-03T11:42:49.016 -0.005627803239630825,0.014378476815266031,1.072837141051167e-05,0.0014464367160301281,-2.0560641623016375e-05,0.8900946151368369,0.4557735002196736
2026-10-03T11:42:49.073 -0.005623034444198569,0.014366794364958009,1.0899647731466006e-05,0.0014495352648370352,-1.9560952922547212e-05,0.8926169912138772,0.4508134929892519
2026-10-03T11:42:49.098 -0.005593946901651046,0.014324237014797767,1.0838763815491704e-05,0.0014547160602786206,-1.9511712877876498e-05,0.8951349545182941,0.4457928853402762
2026-10-03T11:42:49.150 -0.005652121848525178,0.014403987297097093,1.1005235952577206e-05,0.001461092286812872,-2.0536589459354488e-05,0.8976374194133732,0.4407322634621589
2026-10-03T11:42:49.177 -0.005902465017270142,0.014728948668603838,1.147550180012259e-05,0.0014704940843640784,-2.3625109675067952e-05,0.9001166955436899,0.4356463835411816
2026-10-03T11:42:49.231 -0.006394568310391573,0.015350022871566176,1.2164049191469871e-05,0.0014797126043622712,-2.669260320534733e-05,0.9025653349581494,0.43055037553113
2026-10-03T11:42:49.254 -0.007176592075781795,0.01630809808602771,1.3564250367778197e-05,0.0014848686604117898,-2.8302263046489383e-05,0.9049837579514718,0.42544352411110364
2026-10-03T11:42:49.311 -0.0082804854713833,0.017625704465386777,1.5205074968745693e-05,0.0014764598927700973,-2.3472484811024603e-05,0.9073794821217834,0.42030976069992904
2026-10-03T11:42:49.336 -0.009713400093302522,0.01929831196669337,1.7664076103979918e-05,0.0014688226700145625,-1.9032777362451374e-05,0.9097613771043604,0.41512899070878595
2026-10-03T11:42:49.385 -0.011561167214876824,0.021350953460091446,2.0838538810600814e-05,0.0014636161671447733,-1.644136153969695e-05,0.9121448789695014,0.40986531608213816
2026-10-03T11:42:49.408 -0.013859074595785942,0.023871008910474088,2.4307403059329425e-05,0.0014523565552872083,-9.208038435980272e-06,0.9145408422974562,0.4044909620071972
2026-10-03T11:42:49.465 -0.01657087959836963,0.02678206561974869,2.9339584351824644e-05,0.0014433003673653614,-3.337475243058081e-06,0.9169490221166472,0.39900176404652066
2026-10-03T11:42:49.487 -0.019696106701636688,0.030055751782813736,3.4876352276318125e-05,0.001436679692518365,1.6238492516016493e-06,0.919370312268677,0.39339060088901445
2026-10-03T11:42:49.548 -0.023244292097315124,0.03367728532773868,4.115630499057884e-05,0.0014301679487259305,5.453768429464761e-06,0.9218078735578656,0.3876444231981429
2026-10-03T11:42:49.576 -0.02722354242382099,0.0376348644327351,4.783463381454014e-05,0.001424261802849016,8.713491177539521e-06,0.9242634340600708,0.3817526370071032
2026-10-03T11:42:49.625 -0.03163814774284111,0.0419129918362795,5.5722788352332145e-05,0.0014204690157481024,1.1532204460288936e-05,0.9267375289715972,0.37570671344867046
2026-10-03T11:42:49.648 -0.03649716897862321,0.04649426286788891,6.404533556598433e-05,0.0014181472847135325,1.3700408712165912e-05,0.9292319468618657,0.36949421863120474
2026-10-03T11:42:49.703 -0.041806327619891934,0.051363061038633355,7.303484230918202e-05,0.0014168908567611766,1.4905417901885547e-05,0.9317462111656173,0.3631074085950953
2026-10-03T11:42:49.728 -0.047570868091304154,0.05650067042408009,8.30423311530451e-05,0.001417681590285862,1.5577823929057522e-05,0.934281215100181,0.3565341513055506
2026-10-03T11:42:49.783 -0.05380032749443483,0.0618915936964547,9.372525581217534e-05,0.0014196414891029456,1.5689992215707472e-05,0.9368339195040835,0.34977162783519633
2026-10-03T11:42:49.807 -0.060502811883334014,0.0675187838252891,0.00010506663360093952,0.0014220205015179493,1.5709231304436713e-05,0.9394017023373022,0.34281543030717254
2026-10-03T11:42:49.861 -0.06768690374958944,0.07336531298344785,0.00011730355516793632,0.0014261455599180167,1.4914300610852517e-05,0.9419807478418282,0.3356638744067578
2026-10-03T11:42:49.884 -0.07535498727101894,0.0794102003059245,0.00013027588102700982,0.0014315335650035837,1.3818184302097588e-05,0.9445690297956509,0.32830975993962275
2026-10-03T11:42:49.939 -0.08351898268093856,0.0856330608541711,0.00014427068333042108,0.0014363656932299342,1.297216567476655e-05,0.9471630329377405,0.3207493191286604
2026-10-03T11:42:49.961 -0.09218318173542299,0.0920163708085424,0.00015901162860629912,0.0014424850366096665,1.1334942000801212e-05,0.949758821883443,0.31297939127522917
2026-10-03T11:42:50.018 -0.1013533064026399,0.0985358114019035,0.00017435875656751559,0.0014493879833342947,9.722286375627997e-06,0.9523547876354749,0.3049889467632237
2026-10-03T11:42:50.040 -0.11103460095192241,0.10516968647759682,0.00019073759598549372,0.0014560339555582925,8.265815162916481e-06,0.9549481295418835,0.2967691860373223
2026-10-03T11:42:50.096 -0.12113694245305025,0.11183228569105884,0.00020784175552786404,0.0014634062566833434,6.618766299516716e-06,0.9575113099234591,0.28839200711354934
2026-10-03T11:42:50.122 -0.13156877893094132,0.11845506485328536,0.00022457281870814618,0.0014691535781992384,5.2443745172564095e-06,0.9600049327233757,0.2799792326352919
2026-10-03T11:42:50.171 -0.14226144435040924,0.12498628799721484,0.00024140337261853036,0.0014740245032320537,4.149671061041687e-06,0.9624106991176313,0.27159431779486154
2026-10-03T11:42:50.196 -0.15316391639758825,0.131392219536317,0.0002584911705405168,0.0014787297957807835,3.077449704583947e-06,0.9647197872895736,0.2632746576499156
2026-10-03T11:42:50.250 -0.16423947833195449,0.13764889886566026,0.0002757930649203555,0.0014849962766775905,1.9308288220621523e-06,0.9669323151372513,0.25502880763875574
2026-10-03T11:42:50.275 -0.1754638111783302,0.14374476299035277,0.0002933749152137242,0.00148969830331244,1.2322082938296844e-06,0.9690507289253787,0.24685717645359034
2026-10-03T11:42:50.333 -0.18682308697037567,0.14967134822488984,0.0003109615394092802,0.0014973939377376174,-2.004550432755264e-07,0.9710804489998184,0.23874781544899307
2026-10-03T11:42:50.362 -0.19830633769881564,0.15542376712656106,0.00032898263219185894,0.0015019290794503122,-8.854873596701313e-07,0.9730247584512304,0.23069582494961055
2026-10-03T11:42:50.422 -0.20990498052417106,0.1609988011525803,0.0003472607107783805,0.0015083028088834145,-1.8737563696403948e-06,0.974888004401342,0.22269060126887857
2026-10-03T11:42:50.447 -0.22161138618284398,0.16639299332958646,0.00036567940485517813,0.0015134413722455613,-2.761931853953721e-06,0.976673705900812,0.21472350055259165
2026-10-03T11:42:50.502 -0.23342030956193568,0.17160407874710226,0.0003841559158490944,0.001519164484839102,-3.3457950373670676e-06,0.9783849609015689,0.2067862674592032
2026-10-03T11:42:50.528 -0.24532555109493068,0.17662955408816836,0.0004030976750705749,0.0015234097241290973,-3.6314473664163503e-06,0.9800235591531598,0.19887559607553315
2026-10-03T11:42:50.587 -0.2573218665631752,0.18146894258154941,0.0004218705413789629,0.0015272640979132062,-4.112316189751553e-06,0.9815915859245371,0.1909859311300609
2026-10-03T11:42:50.612 -0.2694040099685306,0.1861189064332634,0.0004409430586516094,0.0015319397792399124,-4.436331842465861e-06,0.983091364789168,0.1831093160322619
2026-10-03T11:42:50.669 -0.2815667363174006,0.19057729994210884,0.00046015792258301784,0.0015354785577976957,-5.0360029624173375e-06,0.9845237913556524,0.17524424822210125
2026-10-03T11:42:50.696 -0.2938071844931691,0.19484388472553818,0.0004795702142020278,0.0015389541469617391,-5.2898107980347615e-06,0.9858903548575466,0.16738530339015037
2026-10-03T11:42:50.763 -0.30611772554498007,0.19891758799594828,0.0004988847490941848,0.0015423355172700056,-5.938788496319391e-06,0.9871917705638964,0.15953065315732437
2026-10-03T11:42:50.791 -0.3184940673041898,0.20279626404022935,0.0005184821719465889,0.001544876789660354,-5.854361437489255e-06,0.9884287543056614,0.15167798450398115
2026-10-03T11:42:50.849 -0.3309343026170811,0.20647836316160642,0.000538225357009321,0.0015483123796288805,-6.308926675249353e-06,0.9896021987554804,0.14382312368771286
2026-10-03T11:42:50.876 -0.34342364990872803,0.20996054768603192,0.000557837613572459,0.0015505965853928928,-6.457347581080258e-06,0.9907050725108064,0.13601858295795502
2026-10-03T11:42:50.937 -0.3559473269815841,0.213240552823138,0.0005774445815999355,0.0015490964161109482,-6.06238239879615e-06,0.9917314175462011,0.12832145461825104
2026-10-03T11:42:50.962 -0.3685077179114794,0.21632672319320004,0.0005971841396603272,0.001547954447185647,-5.248044278870416e-06,0.9926843300102659,0.1207287238463032
2026-10-03T11:42:51.022 -0.3811224658691204,0.21922513824784162,0.0006169947753164523,0.001548192362482216,-5.250517051454277e-06,0.993568636950301,0.11322087590882697
2026-10-03T11:42:51.049 -0.3937901407873709,0.2219391358651337,0.0006366209068084792,0.0015483204704048632,-5.161440026924531e-06,0.9943882733435871,0.1057807379149916
2026-10-03T11:42:51.103 -0.4065002512729235,0.22446502068928512,0.0006566419939820116,0.0015489819737520907,-5.3131829929613506e-06,0.9951407355519115,0.09845058187647156
2026-10-03T11:42:51.128 -0.41923610869874167,0.22680410423252684,0.0006766293182207185,0.001547604838529276,-4.707766129435292e-06,0.9958243569700125,0.09127680407618285
2026-10-03T11:42:51.186 -0.43200343557254406,0.22896556553807143,0.0006963684080455529,0.0015464814121751358,-4.4728768254317955e-06,0.9964431888629975,0.08425306964007792
2026-10-03T11:42:51.215 -0.4448208278002517,0.23095584167351366,0.0007163953045237071,0.0015454320429935827,-4.36913143986576e-06,0.997002238025492,0.07735728144700847
2026-10-03T11:42:51.275 -0.45767350389563005,0.2327730254762722,0.0007363886132835729,0.001546296726404749,-4.391383736982601e-06,0.9975023972381161,0.0706156955029229
2026-10-03T11:42:51.300 -0.4705462048745538,0.23442069341717295,0.000756488120546153,0.0015443340914104084,-3.943343848269705e-06,0.9979439089599165,0.06407471877789586
2026-10-03T11:42:51.358 -0.4834494215923525,0.23590659396791971,0.0007764868943670986,0.0015423587832202677,-3.830774137401831e-06,0.9983318968463579,0.057715204702591574
2026-10-03T11:42:51.396 -0.4963941211675121,0.23723597219919554,0.0007965214834206684,0.001542389404285666,-3.5598930210864194e-06,0.9986716638997792,0.0515027061997638
2026-10-03T11:42:51.446 -0.5093707664477057,0.2384090666496971,0.00081684502963266,0.0015433411637323302,-3.881314233460386e-06,0.9989648204674765,0.04546323296214541
2026-10-03T11:42:51.469 -0.5223583772496823,0.2394306459550911,0.0008370667318783451,0.0015416511360881533,-3.680806103676429e-06,0.9992119658229214,0.03966195474909722
2026-10-03T11:42:51.528 -0.5353555234630946,0.24030810110930378,0.000856990612305216,0.0015386983923845099,-3.307423018747149e-06,0.9994158409557603,0.03414101994681507
2026-10-03T11:42:51.554 -0.5483593434227033,0.2410500152172901,0.0008770889824911323,0.0015353320213829346,-2.813299571809021e-06,0.9995799025292977,0.028942377358976798
2026-10-03T11:42:51.609 -0.5613741292473445,0.24166580575883842,0.0008970706034149939,0.0015307932935446425,-2.3387708300498316e-06,0.9997086812331748,0.024087534814697192
2026-10-03T11:42:51.636 -0.5744160934710921,0.24216643978447558,0.000916990909190511,0.0015275864671824323,-2.216233145921674e-06,0.9998077777385755,0.01954671450973248
2026-10-03T11:42:51.694 -0.587495726258522,0.24255906971953708,0.0009370751011053041,0.0015261126767895114,-2.152814954793161e-06,0.9998815428423632,0.015315719331421236
2026-10-03T11:42:51.718 -0.6006020607650424,0.2428508482594386,0.0009571121227444296,0.0015242145155434802,-1.952688392253051e-06,0.9999336738741114,0.011415980856679981
2026-10-03T11:42:51.780 -0.6137398652522958,0.24305035841301748,0.0009772436222878255,0.0015228021435802098,-1.8958257869716485e-06,0.9999684017611502,0.00780234255134222
2026-10-03T11:42:51.805 -0.6269186764132706,0.2431639181525646,0.0009975591830163448,0.001524839671653758,-1.8049966724656433e-06,0.99998912120678,0.0044082115205400394
2026-10-03T11:42:51.866 -0.6401284806174392,0.24319403099924317,0.0010181025765592872,0.0015418474548902759,-1.7769544389055e-06,0.9999980878874642,0.0012028818245341396
2026-10-03T11:42:51.891 -0.6533630792079941,0.24314308121686662,0.0010387447922952065,0.0015284966391181372,-1.8637684549828157e-06,0.9999970059560574,-0.0019109613998393512
2026-10-03T11:42:51.950 -0.6666129353333428,0.2430127378555734,0.0010595601582050998,0.0015393148451137576,-1.8051268361021814e-06,0.9999866071161378,-0.004941264504577454
2026-10-03T11:42:51.976 -0.6798694662285967,0.24280383548841902,0.0010803562897003698,0.0015433300155230703,-1.6882001458053327e-06,0.9999677503598277,-0.007881393907098189
2026-10-03T11:42:52.039 -0.6931331487132153,0.24251875829519645,0.0011011637426062548,0.0015494109655205016,-1.67134501888232e-06,0.9999406071330663,-0.010788027123692772
2026-10-03T11:42:52.067 -0.7064001676129886,0.2421566718589609,0.001122274508470034,0.0015552390479166068,-1.7653179339112713e-06,0.9999052983980402,-0.013673897173576888
2026-10-03T11:42:52.124 -0.7196657556094557,0.24171841070465308,0.0011430253975815033,0.001559926049406137,-1.7240642535519239e-06,0.9998633751010936,-0.016455933859790304
2026-10-03T11:42:52.150 -0.7329251435578643,0.2412094585197245,0.0011639453108754684,0.0015572692835410498,-1.3067729395215727e-06,0.9998163920906381,-0.019098612973991458
2026-10-03T11:42:52.208 -0.7461840545274714,0.2406349412314724,0.0011844323478290594,0.001554997917571349,-1.5249648887433632e-06,0.9997657142431293,-0.02158931687377783
2026-10-03T11:42:52.234 -0.7594486862220265,0.2399972429477824,0.0012052562674142136,0.0015554691731294137,-1.2336990732402764e-06,0.9997112797767292,-0.023977856478505977
2026-10-03T11:42:52.292 -0.772715701352997,0.23929839026853794,0.0012260690655098872,0.0015574447401580141,-7.314260502799863e-07,0.9996531491138534,-0.02628984275538168
2026-10-03T11:42:52.316 -0.7859855765348499,0.23853945607136867,0.0012470205072963475,0.0015609620281642788,-4.322931044830246e-07,0.9995911432545342,-0.028550126522537436
2026-10-03T11:42:52.379 -0.7992525898571472,0.2377212748933288,0.0012680270397634039,0.001564540383489976,-3.079686147304404e-07,0.9995252632974687,-0.03077011932735321
2026-10-03T11:42:52.408 -0.8125186490094899,0.23684491959397233,0.001288883062459903,0.001566057576949878,-5.967409341927601e-07,0.9994556301010641,-0.03295437638000167
2026-10-03T11:42:52.463 -0.8257828002690852,0.23591205911536778,0.001309631770680426,0.0015665786825304095,-1.033780191506045e-06,0.9993820639355536,-0.03511461396734605
2026-10-03T11:42:52.488 -0.8390436126841505,0.23492126296410015,0.0013305391234349681,0.0015664350165877081,-1.0813609354755838e-06,0.9993048625865029,-0.037246984993962444
2026-10-03T11:42:52.544 -0.8523010861002694,0.2338733656052154,0.0013517094285850158,0.001571428235593877,-8.360088492836984e-07,0.9992230079985341,-0.03938160609932965
2026-10-03T11:42:52.573 -0.8655523604023669,0.23276908233036744,0.0013725719190155587,0.0015713258043459038,-5.518287674928709e-07,0.9991372832402394,-0.04149964065176492
2026-10-03T11:42:52.628 -0.8788002958573862,0.23160853231291273,0.0013936079548497091,0.0015724217566361785,-2.333189693398105e-07,0.9990480410010578,-0.043595174752645245
2026-10-03T11:42:52.659 -0.8920448930517874,0.23039338448283922,0.0014144599083928525,0.0015718589925141576,-7.844607750852921e-07,0.9989583237768352,-0.04560478720121514
2026-10-03T11:42:52.710 -0.905279953148239,0.22912852649906537,0.001435132878897187,0.0015674160885991442,-6.809341546110258e-07,0.9988703985317562,-0.0474917902731862
2026-10-03T11:42:52.735 -0.9185131051040544,0.22781741533498776,0.0014559369515297657,0.0015561707835740624,-8.080489732415058e-07,0.9987858770184296,-0.04923769085127822
2026-10-03T11:42:52.807 -0.9317419650667215,0.22646195836922062,0.0014766746414748685,0.0015582209961366286,-5.555906173274847e-07,0.9987018818812532,-0.05091289693056197
2026-10-03T11:42:52.823 -0.9449674866406381,0.22506418214769028,0.0014974070608314365,0.0015577090293171021,-8.410193623917653e-07,0.998619021730582,-0.05251307436941929
2026-10-03T11:42:52.881 -0.9581906234888764,0.22362515954199846,0.0015181506184266948,0.001557617307282761,-9.204963435432251e-07,0.998536638439303,-0.05405696552539433
2026-10-03T11:42:52.906 -0.9714123289742278,0.22214644026094066,0.0015391154378632606,0.0015594864199359264,-7.477395493431306e-07,0.9984533000863013,-0.05557495432586136
2026-10-03T11:42:52.966 -0.9846321270095576,0.22062766668256423,0.0015598239287073763,0.0015652709361292242,-4.5627709148252957e-07,0.9983715087852698,-0.05702526082809672
2026-10-03T11:42:52.993 -0.9978466794455614,0.21907360722051566,0.0015804943298071237,0.0015560165324661607,-9.665234051238193e-07,0.9982951542075533,-0.058346927059905275
2026-10-03T11:42:53.050 -1.0110626619519452,0.2174865267672567,0.0016011818992407376,0.0015634684611374099,-6.40217978022966e-07,0.9982192038854583,-0.059632009527127036
2026-10-03T11:42:53.077 -1.024275305925984,0.21586630617355923,0.0016220281091526825,0.0015559655444324306,-1.0872201615861272e-06,0.9981466037619391,-0.06083532171813837
2026-10-03T11:42:53.137 -1.0374917645646988,0.21421580637224988,0.0016426568383192967,0.0015644717035338054,-6.976016272184933e-07,0.9980745276274022,-0.062006368456315165
2026-10-03T11:42:53.159 -1.0507020234255513,0.21253478907092258,0.0016636035965230946,0.0015616195333386681,-7.74227891157025e-07,0.9980034143781014,-0.06314068603908032
2026-10-03T11:42:53.220 -1.0639127591071524,0.21082444627832367,0.0016843275963150722,0.001565376036125888,-5.532913321725457e-07,0.9979342631775747,-0.06422426312376348
2026-10-03T11:42:53.245 -1.077121586811575,0.2090864469545977,0.001705227398621233,0.001566307643546994,-4.5809739190348723e-07,0.9978663661421332,-0.06527068256461072
2026-10-03T11:42:53.310 -1.0903304143993457,0.20732234079643755,0.0017259930949144512,0.0015662143389652938,-3.6249191060077565e-07,0.9978037753392347,-0.06622063795587688
2026-10-03T11:42:53.335 -1.1035368575662579,0.20553558490327617,0.0017467252229768895,0.0015636319355443727,-5.720924995815259e-07,0.997746253459441,-0.06708180649395008
2026-10-03T11:42:53.392 -1.1167437774659952,0.20372749054126435,0.001767353800461654,0.0015649391717273043,-3.5462642634922565e-07,0.9976920071336633,-0.06788379679176285
2026-10-03T11:42:53.419 -1.1299478357453085,0.20189972668253978,0.0017882013747217626,0.0015658215417461852,-5.064315781432336e-07,0.9976405628784559,-0.06863567222808073
2026-10-03T11:42:53.477 -1.1431523706842184,0.20005229328502924,0.0018090050027014912,0.0015665819597859255,-4.949455640292472e-07,0.9975881650102347,-0.06939307495875494
2026-10-03T11:42:53.502 -1.1563569054326543,0.19818411747113032,0.0018297639306462535,0.0015714236917175693,-4.4673437692858355e-07,0.9975319489276586,-0.0701964493116899
2026-10-03T11:42:53.562 -1.1695590551020438,0.19629341113159626,0.0018509065223326461,0.001574253493642423,-3.3258089911134175e-07,0.997473886585005,-0.07101666921809024
2026-10-03T11:42:53.586 -1.1827602514908397,0.19438148555045415,0.0018716303776377197,0.0015742227506783636,-2.281425996587721e-07,0.9974161842220748,-0.07182254015666242
2026-10-03T11:42:53.643 -1.1959585863590023,0.1924484599611111,0.0018924987242392793,0.0015741677916088677,-3.0291966813295244e-07,0.9973585415447065,-0.0726186037010378
2026-10-03T11:42:53.668 -1.2091564442001292,0.19049469196138305,0.0019133216168758015,0.001574447878761601,-2.8890420858982093e-07,0.9973009582668749,-0.07340517525193134
2026-10-03T11:42:53.724 -1.2223523944779717,0.18851994315070397,0.0019341116949386362,0.001574527702737231,-1.6541209358733806e-07,0.9972436732486639,-0.07417935715546503
2026-10-03T11:42:53.757 -1.235545960127869,0.1865248095815523,0.0019550172158259017,0.0015748104472472204,-2.1972225020384332e-07,0.997186388120683,-0.07494549565406523
2026-10-03T11:42:53.812 -1.2487357109714805,0.18450941048118957,0.001975827301731929,0.001575880924906664,-7.139065037451246e-08,0.9971292812478928,-0.07570147341608709
2026-10-03T11:42:53.840 -1.2619216469250703,0.18247458031465355,0.001996601557090503,0.0015763712303126986,-1.541242190476751e-07,0.9970718768332845,-0.07645382581579611
2026-10-03T11:42:53.899 -1.2751042444983585,0.18042055749455813,0.002017549351788651,0.0015753102599078085,-7.746623897143839e-08,0.9970149505674356,-0.07719265990100979
2026-10-03T11:42:53.931 -1.2882868420154845,0.17834710356024555,0.002038377940524509,0.0015756250713677752,4.75065113098e-08,0.9969581424773315,-0.07792290776004807
2026-10-03T11:42:53.988 -1.301467532078576,0.17625386090786643,0.002059114109921422,0.0015749005367643545,-2.4519080288100065e-07,0.9969016332989012,-0.07864256617266774
2026-10-03T11:42:54.018 -1.3146439301443675,0.17414214086966653,0.0020799925083956395,0.0015745975048572405,-4.681666328435538e-09,0.996845183437947,-0.07935490469569888
2026-10-03T11:42:54.076 -1.3278160366058798,0.17201134739915167,0.002100759816620995,0.0015740791255269273,-3.2008977693670805e-07,0.9967887933967575,-0.0800601251150687
2026-10-03T11:42:54.112 -1.3409848049702682,0.16986326862368004,0.0021215367513056998,0.001573995758311156,-2.665674168676325e-07,0.996732701097153,-0.08075546483585928
2026-10-03T11:42:54.162 -1.3541535730814602,0.16769695082691127,0.0021423285901162412,0.0015733391229050852,-3.2043355221147023e-07,0.9966766092883373,-0.08144483471285723
2026-10-03T11:42:54.188 -1.367319003214377,0.16551155958582622,0.0021630406488232015,0.0015727901359057991,-8.651806351154763e-08,0.9966207558679391,-0.08212548510906312
2026-10-03T11:42:54.245 -1.3804810949158224,0.16330852541195398,0.0021839709500439605,0.0015722934978605117,-3.1280948745306013e-07,0.9965649024416601,-0.08280050189765395
2026-10-03T11:42:54.268 -1.3936393719633036,0.16108796752051652,0.002204731310122175,0.0015719585815526151,-3.089085128848523e-07,0.9965092277495518,-0.08346788577719266
2026-10-03T11:42:54.330 -1.4067938339637993,0.15885048195800794,0.002225575048384013,0.0015714068404606638,-3.5878111703967885e-07,0.996453672480624,-0.08412852833783924
2026-10-03T11:42:54.355 -1.4199473423357074,0.15659594947907168,0.0022462533690057428,0.0015708739319686695,-4.626268830773029e-07,0.996402349473752,-0.08473423344825483
2026-10-03T11:42:54.418 -1.4330965589718876,0.15432687352084498,0.0022669398077782127,0.00156840168671806,-7.166993119786891e-07,0.9963503723277013,-0.08534328138809028
2026-10-03T11:42:54.443 -1.4462476822299135,0.15203955851736214,0.002287942189248171,0.0015717042900620217,-4.727946090543739e-07,0.9962958870654561,-0.08597694552528208
2026-10-03T11:42:54.501 -1.4593916533349012,0.14973686560551144,0.002308560735718157,0.001570271522701719,-2.2816155897666955e-07,0.9962463531213591,-0.08654905048401833
2026-10-03T11:42:54.532 -1.4725346704588036,0.14742094047454493,0.0023292671833477414,0.001566721459459664,-5.009572458162599e-07,0.9962003378032201,-0.0870771631621509
2026-10-03T11:42:54.602 -1.4856776873805404,0.14509082943812576,0.002349988534440216,0.0015694814991613149,-5.318691463353203e-07,0.9961508005902969,-0.08764199456226256
2026-10-03T11:42:54.630 -1.4988183195368794,0.14274438675910023,0.002370944536834717,0.001571293638152968,-4.798534804845494e-07,0.9960985221402082,-0.08823414999967903
2026-10-03T11:42:54.681 -1.511956567711315,0.14038208927453633,0.0023916434527485007,0.0015709842465780933,-3.5179179344560015e-07,0.996047199134171,-0.08881164960379268
2026-10-03T11:42:54.708 -1.525091477653722,0.13800489067082564,0.002412456302729641,0.0015715353065383743,-3.294363067772414e-07,0.9959954582097198,-0.08939003021748183
2026-10-03T11:42:54.766 -1.5382211425848007,0.13561291018120566,0.0024330224436167167,0.0015712980442015357,-2.988301732558073e-07,0.995944194802573,-0.08995939006808437
2026-10-03T11:42:54.794 -1.5513498532721748,0.13320555170528553,0.002453825497440046,0.001571953627839397,-1.637345038493551e-07,0.9958922154068531,-0.09053300091013843
2026-10-03T11:42:54.857 -1.564476656547994,0.13078364972004128,0.0024745510322090646,0.0015711385575805786,-3.123318419372872e-07,0.9958405948492238,-0.09109907339747943
2026-10-03T11:42:54.885 -1.5776020289600925,0.12834672738234426,0.0024953786156426557,0.001572335443406272,-2.2066886277796668e-07,0.9957881978096974,-0.09167002162168342
2026-10-03T11:42:54.945 -1.5907240633652597,0.1258940694604463,0.002516171121854411,0.001573148376605848,-8.184264473710957e-08,0.9957359799222607,-0.09223547849083778
2026-10-03T11:42:54.970 -1.6038413293675613,0.1234272256931107,0.002536866684230362,0.0015719922802937538,-1.7370266674336759e-07,0.9956839424393077,-0.09279555813053816
2026-10-03T11:42:55.028 -1.6169557341954448,0.1209461960563375,0.002557542824203637,0.0015724139060580877,-1.8567644787974126e-07,0.9956316652958328,-0.09335477799620344
2026-10-03T11:42:55.056 -1.6300682314232904,0.11845062291026213,0.0025782606542631465,0.0015732033385645267,-7.324394705716217e-08,0.9955835604877132,-0.09386638971356055
2026-10-03T11:42:55.114 -1.6431778675052346,0.11594312887125044,0.0025989590615495073,0.001569619596512964,-4.6280108081645796e-07,0.995539572149214,-0.09433184286903476
2026-10-03T11:42:55.146 -1.6562865498772643,0.11342335628740917,0.00261958145727123,0.0015722583492100788,1.9967124339386793e-07,0.9954961153836862,-0.09478930456351069
2026-10-03T11:42:55.201 -1.6693899867646658,0.11089237809640505,0.0026402849684504324,0.0015713369488014276,-1.3263928233950525e-07,0.9954539132268053,-0.09523149448378782
2026-10-03T11:42:55.235 -1.6824939002959218,0.10834983659831747,0.0026610190377361967,0.0015729053825194721,4.739033028659648e-08,0.9954128416774346,-0.09565981702005431
2026-10-03T11:42:55.284 -1.6955973370204587,0.10579656627015546,0.002681648046848777,0.0015722926159021195,-5.4407287318281445e-08,0.9953730236440301,-0.09607326213712282
2026-10-03T11:42:55.309 -1.7086979125845387,0.1032320903047971,0.002702272534213787,0.0015724598354319086,-5.715507735175239e-08,0.9953340991333116,-0.0964756885051451
2026-10-03T11:42:55.370 -1.7217970572978132,0.10065736235857306,0.0027230288717485654,0.0015724546514438405,-5.36167864695552e-08,0.9952964861569156,-0.09686295489021192
2026-10-03T11:42:55.396 -1.7348923875018019,0.09807285929859845,0.0027435854645882617,0.0015721552785052998,-1.057465493542527e-07,0.99525976755044,-0.09723951574958282
2026-10-03T11:42:55.457 -1.7479858099376895,0.0954791771473784,0.0027643327580624422,0.001572704367525416,-1.6209110607441405e-08,0.9952241212352814,-0.09760366341707792
2026-10-03T11:42:55.490 -1.7610792322785673,0.09287607746228184,0.002785065151934436,0.0015722937629432262,2.1605877179348264e-08,0.995189190989076,-0.09795918553576925
2026-10-03T11:42:55.541 -1.7741712242874201,0.09026463314489486,0.0028056164716702917,0.0015707092767397407,-8.230509714405971e-08,0.9951615935199796,-0.09823917576576244
2026-10-03T11:42:55.569 -1.7872594014184344,0.08764782445751956,0.002826236266555847,0.0015662465965387226,-2.3974456081814105e-07,0.9951456815885483,-0.09840030125566217
2026-10-03T11:42:55.624 -1.8003475788011076,0.08503041972366648,0.002846692148970646,0.001562287325719359,-8.294215231298429e-07,0.9951445521577141,-0.09841178571922549
2026-10-03T11:42:55.652 -1.8134371869635908,0.08241575678543525,0.0028670012813015126,0.0015587239367210674,-1.2481349272241075e-06,0.9951595763067527,-0.09825979881465195
2026-10-03T11:42:55.711 -1.8265287013963674,0.07980920005501584,0.0028880584851551754,0.0015562824423777481,-1.643252774877896e-06,0.9951873557834944,-0.0979780836254528
2026-10-03T11:42:55.738 -1.839624984583005,0.07721289526343267,0.002908959314064434,0.0015571282408146645,-1.8171007186337085e-06,0.9952234182465436,-0.09761108093861706
2026-10-03T11:42:55.798 -1.8527260364207112,0.07462803450359486,0.0029297782735471446,0.0015579369976036841,-1.6261416547490944e-06,0.995266991419336,-0.09716577906223321
2026-10-03T11:42:55.825 -1.8658323336302016,0.07205664432743758,0.0029506055240573125,0.0015586560193503669,-1.5865489717798713e-06,0.9953174792651688,-0.09664722478233094
2026-10-03T11:42:55.889 -1.8789414917699558,0.06950063211364339,0.0029716161093434226,0.0015595273998812815,-1.6141980745371895e-06,0.9953745239488857,-0.09605792494746421
2026-10-03T11:42:55.915 -1.8920549420348636,0.06696202440204771,0.0029923950588723056,0.0015600864884318052,-1.4980282245959097e-06,0.9954376489774726,-0.09540153628798059
2026-10-03T11:42:55.973 -1.9051726836699483,0.06444260933208386,0.003013434110056234,0.0015614513361846354,-1.4004973562347866e-06,0.9955061977812854,-0.09468353630284362
2026-10-03T11:42:56.000 -1.9182942407033292,0.06194369821184179,0.0030341960676181987,0.0015621827931501632,-1.310121071402926e-06,0.9955801715069456,-0.0939025116032861
2026-10-03T11:42:56.059 -1.9314205660752126,0.05946695995945574,0.003055159275707545,0.0015628111713946625,-1.3160803049027634e-06,0.9956639807875916,-0.09300964993868704
2026-10-03T11:42:56.087 -1.944551660347905,0.05701775899289763,0.0030760108094529093,0.0015598884620599365,-1.6197535316295416e-06,0.9957628739374516,-0.09194490542270192
2026-10-03T11:42:56.146 -1.9576894303667458,0.05460122128766969,0.0030971113111577793,0.0015577260369954871,-1.4396713927109518e-06,0.9958779801536276,-0.09068970246203321
2026-10-03T11:42:56.173 -1.9708386449724722,0.05222139989953288,0.0031182000988936942,0.0015564268875153018,-1.5418270097565745e-06,0.9960060805278155,-0.08927186054174813
2026-10-03T11:42:56.231 -1.9839978738036712,0.04988258638091001,0.0031392153055982215,0.0015546267928088914,-2.0473531535594156e-06,0.9961435400440138,-0.08772474428531468
2026-10-03T11:42:56.259 -1.9971675931409165,0.047587403330235936,0.0031605302133366694,0.001560706176326003,-8.233984532193756e-07,0.996286894799087,-0.08608128395386594
2026-10-03T11:42:56.319 -2.010349949712163,0.04533751965043948,0.0031815521688186555,0.0015626762279457806,-7.70326184473574e-07,0.9964353793877848,-0.08434508134286696
2026-10-03T11:42:56.345 -2.0235408899744485,0.043136034834132454,0.003202572785982972,0.001564217107929128,-3.835364136436232e-07,0.9965889909378588,-0.08251021976793356
2026-10-03T11:42:56.406 -2.036742321357164,0.04098580988024472,0.0032235652777968067,0.0015661996895995158,-1.9007813421001568e-07,0.996746536617449,-0.08058466826646751
2026-10-03T11:42:56.433 -2.0499523361536056,0.038888156115018654,0.0032447650466064784,0.0015678833793899033,-5.19147312270527e-08,0.996907122912734,-0.0785730871708701
2026-10-03T11:42:56.487 -2.063171411693008,0.03684664981108514,0.0032658897240483097,0.001569800407373206,3.293124418057166e-07,0.9970699149120442,-0.07647954304166238
2026-10-03T11:42:56.519 -2.0763993095705993,0.03486236385505175,0.0032869389329817787,0.0015716835446661164,4.687108478907868e-07,0.9972340783345766,-0.07430829576032091
2026-10-03T11:42:56.571 -2.0896362679328955,0.032938040057611764,0.003308106764776841,0.0015738137592611412,8.961876721371374e-07,0.9973945461647603,-0.07212241253757509
2026-10-03T11:42:56.597 -2.1026708111820116,0.031102052892070686,0.0033283882953905153,0.0015782030075630247,6.393807681983767e-07,0.9975488132000844,-0.06995623316018007
2026-10-03T11:42:56.657 -2.115697248216138,0.029324597589837333,0.0033491189350388223,0.0015795034329510282,1.4272003541200797e-06,0.9976997449445542,-0.0677696399904854
2026-10-03T11:42:56.686 -2.1288517165473806,0.027589936810614085,0.0033699625910559943,0.0015786034100640778,6.01723900624665e-07,0.9978505000588518,-0.06551249913727349
2026-10-03T11:42:56.742 -2.1420619750347236,0.025911065276545013,0.003391162668332478,0.0015804776159727887,1.2364401499608015e-06,0.997999584393194,-0.06320072499575131
2026-10-03T11:42:56.765 -2.155300606627961,0.024291082774237388,0.0034120350662517622,0.001581364167542638,1.0759451862477914e-06,0.9981456299117168,-0.060850643171244126
2026-10-03T11:42:56.824 -2.1685525900930083,0.02273475786449003,0.0034331520809393764,0.0015808613990295226,1.0881508201321987e-06,0.998288815793998,-0.05845460748880487
2026-10-03T11:42:56.853 -2.1818129191792983,0.02124328270317413,0.0034541779707980844,0.0015810530444035503,9.95112600946755e-07,0.9984285443164108,-0.05601733807039998
2026-10-03T11:42:56.912 -2.1950801632242296,0.01981761098263542,0.00347521478187966,0.001583081343922641,1.1672408597524557e-06,0.9985614763584,-0.05359544556236706
2026-10-03T11:42:56.940 -2.2083488389041626,0.018455120167505078,0.003496045228421292,0.0015799470490128968,8.665962024233582e-07,0.9986898230820911,-0.051148226155294685
2026-10-03T11:42:56.999 -2.2216241903960405,0.017160459354163334,0.0035173630554514628,0.0015822639604583682,1.1427345050234342e-06,0.998813218447343,-0.04867906217578266
2026-10-03T11:42:57.027 -2.234898112947145,0.015930529202965307,0.003538201773541553,0.0015804403466976034,9.780655041675207e-07,0.9989279144531965,-0.0462657965838856
2026-10-03T11:42:57.080 -2.2481732283249505,0.014764614425250623,0.0035590870694138335,0.0015792810727415364,9.624221581836918e-07,0.9990359340921453,-0.04387149715933667
2026-10-03T11:42:57.105 -2.261451205442416,0.013661522907111891,0.0035800215820185393,0.0015777485167217497,7.880930650601018e-07,0.999137158935994,-0.041502389597556595
2026-10-03T11:42:57.171 -2.274734428438234,0.01262149303711655,0.0036010388832521693,0.0015771296258249195,8.0850843857148e-07,0.9992326013804641,-0.03913720735975332
2026-10-03T11:42:57.195 -2.288021228681714,0.011643809580503789,0.0036219426196230755,0.001576910614190165,8.33261750385717e-07,0.9993223810563489,-0.03677352406406626
2026-10-03T11:42:57.255 -2.30131255940434,0.010728949362476871,0.003643017420622204,0.001576684865653806,7.686456199965923e-07,0.9994063790517008,-0.03441516489880127
2026-10-03T11:42:57.281 -2.3146081824896108,0.009876554758133347,0.0036640691944896282,0.0015766416326794003,7.898325880987899e-07,0.9994846548255996,-0.03206148731251196
2026-10-03T11:42:57.337 -2.3279078597874148,0.009087341026182097,0.0036849336515750704,0.001576238774594349,7.198104038756435e-07,0.9995574472684313,-0.029705640559069955
2026-10-03T11:42:57.362 -2.341211590481693,0.008360116073820664,0.0037061174309208347,0.0015760159597187694,8.035850127141513e-07,0.9996243386282427,-0.027362342646376013
2026-10-03T11:42:57.423 -2.354313382337778,0.007706565004784883,0.003726654083694688,0.001574924984208966,1.118140599667115e-06,0.9996855085699505,-0.025028055563378712
2026-10-03T11:42:57.450 -2.367412551945693,0.0071128570321641466,0.00374743989948856,0.0015760772222114141,7.289076585487965e-07,0.9997407161320723,-0.022715996297541965
2026-10-03T11:42:57.510 -2.3806440443930126,0.0065742220853618775,0.0037684349218690054,0.0015754712000095666,8.96768227737437e-07,0.9997907991517297,-0.02039303364483543
2026-10-03T11:42:57.539 -2.393928228321121,0.006095787166367032,0.003789334429964808,0.0015756271403531163,8.375478440284348e-07,0.9998356960380936,-0.01805819277873417
2026-10-03T11:42:57.599 -2.407232439948756,0.005678983197945933,0.003810399703326009,0.0015738207731690725,8.485180405097994e-07,0.999874216406996,-0.015782092762045716
2026-10-03T11:42:57.624 -2.4205404672148654,0.005320472524058564,0.0038313368883099034,0.0015704531983124655,6.274409826319171e-07,0.999906300122884,-0.013598700339494915
2026-10-03T11:42:57.679 -2.4338492106267164,0.005017751788649531,0.0038521559859230636,0.0015701232070785892,6.605228348533329e-07,0.9999330166909585,-0.01146720733210837
2026-10-03T11:42:57.705 -2.447158193048967,0.004771417044205508,0.003873049956991311,0.0015707175595979885,6.864013107350069e-07,0.9999549043598572,-0.00936600728942644
2026-10-03T11:42:57.765 -2.4604700368260937,0.004579799327681431,0.0038941719598286993,0.0015714975513660622,7.094979517009847e-07,0.9999720828601967,-0.00730505956051593
2026-10-03T11:42:57.797 -2.4737835504246335,0.004442302607572538,0.003915162482285906,0.001571542720803771,9.382262011101889e-07,0.9999849106764201,-0.005263902741174515
2026-10-03T11:42:57.848 -2.487098733785459,0.004357973209567962,0.003936051326804058,0.0015708239972858362,6.203616874584551e-07,0.9999932681595123,-0.003316043914440397
2026-10-03T11:42:57.875 -2.5004105799984546,0.004322400452998811,0.0039568752812665494,0.0015555106391937194,7.542144177217413e-07,0.9999977026011603,-0.001474848630858111
2026-10-03T11:42:57.937 -2.5137224263857645,0.004332484854370466,0.003977952547684774,0.0015115918092389981,8.679431869322223e-07,0.9999988211871292,0.0002696549666655965
2026-10-03T11:42:57.967 -2.5270430950618725,0.00439025286047074,0.0039989096437268125,0.001572674714272977,7.565784558020946e-07,0.9999965195586124,0.0021183872008435595
2026-10-03T11:42:58.024 -2.5403656715216165,0.0044977311163179315,0.004019988956498808,0.0015733445403384508,8.514023556871349e-07,0.9999912253193762,0.003882508272386595
2026-10-03T11:42:58.051 -2.553685864636603,0.0046493168392797175,0.004040885678695183,0.0015708221684616486,9.136044354468019e-07,0.9999833699891201,0.00554907758848032
2026-10-03T11:42:58.113 -2.5670048662576765,0.004842745037870867,0.004061735805794702,0.0015711659832966917,7.075216615640664e-07,0.9999732469648032,0.007144003892877757
2026-10-03T11:42:58.139 -2.5803245834554125,0.0050767043859228055,0.004082706266300384,0.001572162560195351,6.099555891124008e-07,0.9999610964917891,0.008679505023394339
2026-10-03T11:42:58.198 -2.5936462088009744,0.005350002775474154,0.004103486021238462,0.0015726941817337703,1.6415367260595438e-07,0.9999470983270037,0.010164997805683789
2026-10-03T11:42:58.225 -2.6069706951574307,0.005661924938873775,0.004124583217433388,0.0015732934361873193,2.866314211567249e-07,0.9999314904592838,0.011599100635685127
2026-10-03T11:42:58.279 -2.620297804578753,0.006010682739722845,0.004145684554218673,0.0015734569996014055,5.264610569983062e-07,0.999914392545427,0.012989681031612285
2026-10-03T11:42:58.302 -2.633627060322166,0.006394368835378457,0.004166714772263378,0.0015736135984280215,4.394147493680066e-07,0.9998959830615654,0.014336903340527736
2026-10-03T11:42:58.361 -2.646957031808805,0.006813102453148619,0.004187716313185496,0.001573870371221421,5.585090081547186e-07,0.9998765003161347,0.01563672111734311
2026-10-03T11:42:58.387 -2.6602874807923604,0.007265572293828215,0.0042085695910939296,0.0015741427339593065,2.776154924431171e-07,0.9998558252799546,0.016907120639457672
2026-10-03T11:42:58.456 -2.6736172148130133,0.007750586279571398,0.004229496238497006,0.0015739037028841521,3.514137301841199e-07,0.999834435080483,0.0181280240043492
2026-10-03T11:42:58.482 -2.686946233776523,0.008268144410389104,0.004250555859964999,0.0015737752368898067,2.143403941710622e-07,0.9998120313587601,0.019324212318432562
2026-10-03T11:42:58.538 -2.700275253333301,0.008815981700725702,0.00427148136619726,0.0015730625738911116,3.289755843027167e-07,0.9997889722095388,0.02048259071075679
2026-10-03T11:42:58.566 -2.7133925577045876,0.00938539853799142,0.004292087025091053,0.00157307086272628,-5.166445871721276e-08,0.9997653758136682,0.02160367497008302
2026-10-03T11:42:58.620 -2.7265008025218953,0.009981875998048041,0.004312678354887325,0.0015739845517928784,3.921512543976199e-07,0.9997427913508881,0.02262462628225801
2026-10-03T11:42:58.647 -2.7397456612571225,0.010608869316263219,0.004333575087512915,0.0015676867045557677,3.992093547357735e-07,0.9997218807979382,0.02353090334156737
2026-10-03T11:42:58.711 -2.753040111645393,0.011259465449410673,0.004354326707866732,0.001564986934723112,4.099369870032787e-07,0.9997020397950883,0.024359442630442107
2026-10-03T11:42:58.736 -2.7663526819297632,0.011931638235854209,0.00437521128203202,0.0015654660748979565,1.4942657272827031e-07,0.9996828515940936,0.025134548825225957
2026-10-03T11:42:58.791 -2.7796707358245825,0.012623599695352325,0.00439626843572463,0.0015660607423736584,1.868381484243166e-07,0.9996643186475,0.025861119015734804
2026-10-03T11:42:58.817 -2.7927804126543836,0.013322597126379619,0.004416727900259295,0.0015651443070157688,9.354434933756026e-10,0.9996484087537079,0.026469023394864743
2026-10-03T11:42:58.873 -2.8058803143724975,0.014032085097967639,0.004437231512081897,0.0015590334750971563,2.591821505096692e-07,0.9996365550535563,0.026913327836126436
2026-10-03T11:42:58.879 -2.8058803143724975,0.014032085097967639,0.004437231512081897,0.0015590334750971563,2.591821505096692e-07,0.9996365550535563,0.026913327836126436
2026-10-03T11:42:58.906 -2.8191242209660627,0.01475826055705524,0.004457947906913775,0.0015608720888804306,1.9631990900464038e-07,0.9996268998866064,0.02726948296863519
2026-10-03T11:42:58.966 -2.8324177186410457,0.015494448972113883,0.004478772511120367,0.0015577142448067194,3.133439619833622e-07,0.9996195131021093,0.027539109494234694
2026-10-03T11:42:58.994 -2.845733627758115,0.01623671677877283,0.004499602746760767,0.001561852471965465,2.267011744506166e-07,0.9996136699022218,0.02775016326828917
2026-10-03T11:42:59.053 -2.85884282787928,0.01697207304915193,0.004520270067414272,0.0015621629164659684,1.4240177725574758e-08,0.9996094386824638,0.02790214586643842
2026-10-03T11:42:59.088 -2.871678562312614,0.0176932468570081,0.004540341098923766,0.0015629313249863944,6.786235635795555e-08,0.9996074715639056,0.02797248718445342
2026-10-03T11:42:59.137 -2.884591544041824,0.01841883043605573,0.004560713080094237,0.001564839167189229,1.9481519136875393e-07,0.9996069933252161,0.027989465405122097
2026-10-03T11:42:59.163 -2.897735314889382,0.019156451247682546,0.0045814052580223285,0.0015661192510640573,9.72280045354577e-08,0.9996080053644005,0.02795322668112953
2026-10-03T11:42:59.222 -2.910999010282093,0.019898481293150794,0.004602227444071722,0.0015661412871412154,-1.1166696058556512e-07,0.9996105677697351,0.027861442972755782
2026-10-03T11:42:59.248 -2.9243056206631617,0.020638961077579832,0.0046232962977918604,0.0015672087324343992,-3.3291173301271854e-07,0.999614440351785,0.02772209402022144
2026-10-03T11:42:59.312 -2.9376286818751525,0.021375149120464582,0.004644376261658848,0.0015682612736520223,-7.09845875478556e-07,0.9996197431265231,0.027530159965715496
2026-10-03T11:42:59.334 -2.950957703491185,0.022105257414537213,0.004665450749503587,0.0015699915578158577,-8.94788414352186e-07,0.999626177584619,0.02729542476811524
2026-10-03T11:42:59.392 -2.964290778008641,0.02282809389093241,0.004686606152656183,0.0015714924311109866,-1.0534053435049796e-06,0.9996338636179428,0.027012388244900022
2026-10-03T11:42:59.416 -2.977623852223546,0.023541870461344334,0.004707880766431211,0.001572876344481933,-6.754378361924896e-07,0.99964256276541,0.02668843883317678
2026-10-03T11:42:59.469 -2.990958356901749,0.024246348689153565,0.004729112940089632,0.0015736017110729748,-5.843997373638376e-07,0.9996522158554159,0.026324344487010876
2026-10-03T11:42:59.499 -3.00429309969523,0.02493985965934242,0.004750449800504928,0.0015744702765838011,6.266803346130366e-08,0.9996627626530625,0.025920686877302677
2026-10-03T11:42:59.550 -3.017628319195743,0.025621211275991904,0.004771772515696574,0.0015754181335190804,-3.019682686621165e-08,0.9996740840172657,0.025480262988142276
2026-10-03T11:42:59.576 -3.030964015796308,0.026289807492607835,0.0047928277663384046,0.0015764951173309833,-1.5061686495762608e-07,0.9996860011273229,0.02500827489421291
2026-10-03T11:42:59.631 -3.044300427174331,0.02694481384124646,0.0048140778649515565,0.0015771387159660066,-1.8622783562610476e-07,0.9996985740059079,0.02450048497459354
2026-10-03T11:42:59.656 -3.0576366002868123,0.02758575349668264,0.004835118972904542,0.0015774888216790442,-3.5303052404860527e-07,0.9997116833500637,0.023959584768420278
2026-10-03T11:42:59.729 -3.0709730113146745,0.028211076732222742,0.004856354175230252,0.0015781624921836499,-9.079200028613736e-08,0.9997250903028114,0.02339344399987896
2026-10-03T11:42:59.755 -3.084310614311008,0.028821021954395253,0.004877546561468744,0.0015786649243697637,-3.6146125777464336e-07,0.9997388548318897,0.022797586634287447
2026-10-03T11:42:59.810 -3.0976489324493044,0.02941451628559499,0.0048986804767228624,0.0015790042538799016,-2.837650843386298e-07,0.9997527981524538,0.022177676429797857
2026-10-03T11:42:59.838 -3.1109884425024936,0.02999024841763905,0.004919786477422301,0.0015788816489403024,-2.809659240841558e-07,0.999767039662264,0.02152611292390612
2026-10-03T11:42:59.896 -3.1241171905973766,0.030539041903742924,0.004940469838581325,0.0015788034843451503,-3.5721127690126866e-07,0.999781221422145,0.020857053269199385
2026-10-03T11:42:59.922 -3.136969849760576,0.031058155752754266,0.004960835888224543,0.001577866893083785,-1.7053692326249752e-07,0.9997954633072301,0.020162883879050388
2026-10-03T11:42:59.979 -3.1496870870710127,0.03155402549527419,0.004980972924387053,0.0015789145560925952,-3.3968227246936035e-07,0.9998092863695505,0.019465300355229153
2026-10-03T11:43:00.005 -3.162355210082702,0.032029987904779504,0.0050009578032955936,0.001578708111665072,-3.554331730539606e-07,0.9998231698449337,0.018738642474860855
2026-10-03T11:43:00.060 -3.1752176436784536,0.03249402693895534,0.0050213542186561535,0.0015791734470358323,-5.6177555909184965e-08,0.9998368738528856,0.01799255110622856
2026-10-03T11:43:00.082 -3.1883490126067695,0.0329473337511834,0.005042399369470506,0.0015792813597987213,-1.2629298150320164e-07,0.999850577940166,0.017214170415299743
2026-10-03T11:43:00.140 -3.201615088046788,0.033383353520414744,0.005063404188933718,0.0015786376030593177,-2.5451558194009645e-07,0.9998642823896116,0.016398923890325157
2026-10-03T11:43:00.167 -3.214930992718577,0.03379874945518964,0.005084443094034954,0.0015780149167352396,-4.6296360824545846e-08,0.9998777482313715,0.01555629971048606
2026-10-03T11:43:00.224 -3.228263347676363,0.03419089937141872,0.005105686827236686,0.0015780601870593878,-1.0000767888455141e-07,0.9998906770285405,0.014701827010381672
2026-10-03T11:43:00.250 -3.241605477887023,0.03455944572520198,0.0051266927004419306,0.0015772286802145073,-5.497346497129529e-08,0.9999033678766959,0.013811852103485057
2026-10-03T11:43:00.305 -3.2549485611482893,0.03490474625555612,0.00514790870130548,0.0015774027543294631,-1.2880126217105774e-07,0.999915402211661,0.012911243953480934
2026-10-03T11:43:00.338 -3.2682928363005743,0.03522477440150527,0.0051690520854150495,0.0015768178563103665,-1.864416996270457e-07,0.9999270197076022,0.011977850562013436
2026-10-03T11:43:00.386 -3.2814258725954075,0.03551476446599231,0.005189786977703663,0.0015756978190877263,-1.4672398920278103e-07,0.9999378627111869,0.011035755205014375
2026-10-03T11:43:00.415 -3.2942842505504766,0.035774121201049294,0.005210147215852399,0.0015753146723440576,-1.2853000059217627e-07,0.9999478706333818,0.010088329863383703
2026-10-03T11:43:00.473 -3.3072170148523794,0.036011661699572706,0.005230550564947695,0.0015764909931883864,-9.673386153038508e-10,0.9999565663031843,0.00918586867389792
2026-10-03T11:43:00.498 -3.320372938523967,0.03623048353002564,0.005251247151807511,0.0015758297537800524,1.874160992319875e-07,0.9999639525000334,0.008343288384257528
2026-10-03T11:43:00.556 -3.33364592513393,0.03642951514459647,0.00527224804087721,0.0015748650025778164,5.5875683911430784e-09,0.9999704450211899,0.007525216564812242
2026-10-03T11:43:00.582 -3.3469620653299734,0.036607565380881925,0.0052932277571947186,0.0015761752315357018,-2.211546861205657e-08,0.9999762800780677,0.006704845476886574
2026-10-03T11:43:00.635 -3.360292510164239,0.03676415776496915,0.005314349304064651,0.0015731021305877314,1.8044496011885398e-07,0.9999814629339582,0.0058821032050911165
2026-10-03T11:43:00.661 -3.373629869094098,0.036899292389861976,0.0053353327750046715,0.0015724687642805714,3.730913213736668e-08,0.999985869119596,0.005078277573200664
2026-10-03T11:43:00.719 -3.38696913478371,0.037014042202267824,0.005356527880995175,0.0015777949877693908,2.360563620888484e-07,0.9999893768792234,0.004330899632100764
2026-10-03T11:43:00.745 -3.4003100695346564,0.03710757274007685,0.005377472309788004,0.0015720156728769202,2.2249951171525348e-07,0.9999925354507299,0.0035295622243721224
2026-10-03T11:43:00.805 -3.413652672801001,0.03718143372411872,0.005398523688551311,0.0015670451861505635,-8.13096997577405e-08,0.9999949782928418,0.002754588622074436
2026-10-03T11:43:00.832 -3.426995514065555,0.037235029125956,0.005419679755592378,0.001574642915077562,4.7149103285614e-08,0.9999966962712094,0.0020317348141153887
2026-10-03T11:43:00.890 -3.4403378784860044,0.03726931262886366,0.005440686060436447,0.0015476326961014427,2.067826484162387e-07,0.9999979646805316,0.0012943986207468844
2026-10-03T11:43:00.915 -3.4536792890157018,0.03728631079679467,0.005461690860247656,0.0014891365651125577,2.7746691909118786e-07,0.9999987216980682,0.000582300990340792
2026-10-03T11:43:00.981 -3.4670233218106064,0.037284116236101644,0.00548275941438379,0.0014795630415157183,9.01749016673816e-08,0.9999989040865586,-5.214288072104256e-05
2026-10-03T11:43:01.008 -3.480366162067924,0.037263325041273325,0.005503960197019622,0.0015400340548825974,-4.076254505251243e-08,0.9999985540455746,-0.0007212502121264971
2026-10-03T11:43:01.062 -3.4937097174843066,0.03722369876967594,0.005525072706775917,0.00158468566053294,-1.432749280397848e-07,0.9999976796348341,-0.0014592793716966899
2026-10-03T11:43:01.089 -3.507053034189596,0.037166429526236354,0.005546229545880658,0.0015772193157115356,-2.998217304597348e-08,0.999996489226249,-0.0021292990409994346
2026-10-03T11:43:01.144 -3.5203965893868125,0.03709068283988061,0.005567193050119316,0.001577671512917361,5.02102927915419e-08,0.9999948156716,-0.002807059407602615
2026-10-03T11:43:01.169 -3.5337403827064966,0.03699705475710016,0.00558820163767549,0.0015766891243375388,-1.1215704367851985e-07,0.9999927260927758,-0.0034730120834142444
2026-10-03T11:43:01.228 -3.5470839370779825,0.036885664493215294,0.005609403566025289,0.00157870211358895,-1.3550893526640833e-07,0.999990157261481,-0.004146453879732602
2026-10-03T11:43:01.255 -3.5604282067884636,0.03675663124543764,0.005630412913302588,0.001579945877864151,-1.1542866037768953e-07,0.9999871718523753,-0.004812473552940252
2026-10-03T11:43:01.312 -3.573772237695112,0.036610074235118265,0.005651526194479107,0.0015791865440701854,-6.052585015490907e-08,0.9999838304960587,-0.005463050089941125
2026-10-03T11:43:01.338 -3.5871160299112255,0.03644563583437486,0.005672668903900501,0.0015802590658835992,-3.9162772453589285e-08,0.9999800108005715,-0.006122154896127625
2026-10-03T11:43:01.393 -3.600460060641779,0.03626450813005843,0.005693618278163335,0.0015796656225774625,-8.523244991002513e-08,0.9999758945245268,-0.006761288811038712
2026-10-03T11:43:01.417 -3.6138040910474087,0.036066929543798955,0.005714642160829802,0.0015785439000264123,-6.82544822989239e-08,0.9999714210811219,-0.007393593182805991
2026-10-03T11:43:01.479 -3.627147405625661,0.035851946410312585,0.005735888432586466,0.0015796420355627748,-1.3782699352601313e-07,0.9999664093350995,-0.008042694355052744
2026-10-03T11:43:01.503 -3.6404916740924995,0.035620393173523925,0.005756867994347337,0.0015782388265125438,-1.4397112799520556e-07,0.9999612209271744,-0.008664052401775374
2026-10-03T11:43:01.563 -3.653834988381359,0.0353711969739228,0.005778024864844661,0.0015798079022350134,-1.3005159854821847e-07,0.9999555532722758,-0.009294928020796957
2026-10-03T11:43:01.594 -3.6671780641731218,0.03510638436037979,0.00579910685521841,0.001578526017827368,-9.727142793807757e-08,0.9999497688376591,-0.009897881445748663
2026-10-03T11:43:01.648 -3.6805223317078064,0.03482512084988793,0.005820280139963541,0.0015792033001303682,-1.2559889774872824e-07,0.9999433866692383,-0.010522812046942174
2026-10-03T11:43:01.676 -3.6938649303901236,0.034527406478418544,0.0058412719749333965,0.0015774384732513648,-2.2181865802622852e-07,0.9999368277361219,-0.011128891446834661
2026-10-03T11:43:01.733 -3.7072077671467407,0.034213598849875765,0.005862353596355991,0.0015776431022175835,-1.9327905168041256e-07,0.9999298499874835,-0.0117390862597356
2026-10-03T11:43:01.757 -3.7205510805137396,0.033883697961244214,0.005883450875483526,0.001578249617998368,-2.1419666188747513e-07,0.9999225739359284,-0.012343227351282326
2026-10-03T11:43:01.811 -3.733892486383494,0.03353806147040143,0.005904515339179439,0.0015760595267344092,-2.411064331114086e-07,0.9999151213708254,-0.012933139227487787
2026-10-03T11:43:01.836 -3.7472343688400698,0.03317633171947261,0.005925610361722857,0.0015763835215254637,-2.1884755109778663e-07,0.9999071899218746,-0.013532426149269904
2026-10-03T11:43:01.895 -3.760576966447612,0.03279886633330827,0.005946646913164912,0.0015775795523424374,-1.4572729837290524e-07,0.9998990194190385,-0.014123108991312657
2026-10-03T11:43:01.922 -3.7739171795534237,0.03240542693237617,0.0059677542032822465,0.0015753972587372494,-2.081842820175597e-07,0.9998905535843299,-0.014710505642440256
2026-10-03T11:43:01.978 -3.7872578692771213,0.03199649031780301,0.005988877151007027,0.0015764004520785288,-2.2499842132807432e-07,0.9998817872284326,-0.015294656924544108
2026-10-03T11:43:02.002 -3.800597605207763,0.03157241413545674,0.00600995388992027,0.0015760919814891351,-2.0684329359985608e-07,0.9998733798146132,-0.015834780457134264
2026-10-03T11:43:02.062 -3.813936625820209,0.031135820986702836,0.006030969895415474,0.0015735277869536265,-1.960015542262272e-07,0.9998654513166978,-0.016327990492454512
2026-10-03T11:43:02.086 -3.8272754078933953,0.030685876400516537,0.006051955723844338,0.0015748359135252885,-7.209314962679802e-08,0.9998574602227738,-0.016810090086154823
2026-10-03T11:43:02.143 -3.8406139511390487,0.030224010888407895,0.006073105089826266,0.0015751474799787608,-2.0604004371619688e-07,0.9998495296275056,-0.01727532963591786
2026-10-03T11:43:02.167 -3.8539529712421006,0.029750701278480722,0.006094150903612143,0.0015749096399647236,-1.0859054110560775e-07,0.9998417187949534,-0.01772165389481303
2026-10-03T11:43:02.235 -3.8672922297767665,0.029265351527289027,0.006115092788334429,0.0015758464825924247,-1.6085628264289627e-07,0.9998339667285085,-0.01815366860371478
2026-10-03T11:43:02.259 -3.8806310111453044,0.02876879610890574,0.006136153130100045,0.0015765741973897305,-5.012714621936027e-08,0.9998262745154627,-0.018572431244410884
2026-10-03T11:43:02.318 -3.893969315446457,0.02826139265118855,0.006157272324280227,0.0015756621098277734,-1.3733145868282864e-07,0.9998188221542994,-0.018969453204730535
2026-10-03T11:43:02.343 -3.9073078581310567,0.02774373719155816,0.006178332292532043,0.001576885544832874,-1.0850133476540689e-07,0.999811308532662,-0.01936132129202644
2026-10-03T11:43:02.400 -3.920645446966335,0.027215829745039527,0.006199420556885723,0.0015779589176022116,-2.3752428028841545e-08,0.999803735454929,-0.019748433254929882
2026-10-03T11:43:02.427 -3.933982320615181,0.026678385564340847,0.006220388482763631,0.0015769738700383278,-1.9564237905213665e-07,0.9997966410374373,-0.02010447024004342
2026-10-03T11:43:02.489 -3.9473201476787203,0.026131643047067506,0.0062414473248779715,0.0015783029819747317,-2.1483459917286622e-07,0.9997894255840473,-0.020460045209428908
2026-10-03T11:43:02.515 -3.960657259276106,0.025575602214226008,0.006262564642188362,0.0015787051770600467,-1.2172201810615803e-07,0.9997822705241706,-0.020806711308695082
2026-10-03T11:43:02.574 -3.973993894018604,0.025010620690661397,0.006283621602460795,0.0015784018689745368,-7.648962548174326e-08,0.9997753545473139,-0.02113643979782463
2026-10-03T11:43:02.604 -3.987330290354059,0.024437175310527394,0.0063046036814397455,0.0015792382201831278,-6.4086221929717e-08,0.9997684973238218,-0.02145827964929506
2026-10-03T11:43:02.659 -4.000666447904007,0.023855146864578194,0.0063257492974258004,0.0015798476001965501,-9.740820246258621e-08,0.9997615210658914,-0.021780841984775735
2026-10-03T11:43:02.690 -4.014002247864332,0.02326489298213681,0.00634680494245429,0.0015791949193559708,-9.29935595179794e-09,0.9997549035649484,-0.022082548341329417
2026-10-03T11:43:02.751 -4.0273382861203215,0.022666771283586722,0.006367875866877285,0.0015800061631777045,1.4087595306242822e-07,0.999748404175499,-0.02237480567620086
2026-10-03T11:43:02.778 -4.040674443611697,0.022061377816860083,0.006388872475259363,0.0015799873131357497,5.57133647806528e-08,0.9997419054658632,-0.02266332048868295
2026-10-03T11:43:02.839 -4.0540102432176734,0.02144859337870359,0.006409972827400774,0.0015798755353606786,5.1007998405918856e-08,0.9997355857155659,-0.022940415149791855
2026-10-03T11:43:02.879 -4.067345685145792,0.020828060341224006,0.006431042813076896,0.0015795259294389167,8.49336140753578e-08,0.999729325794894,-0.023211640259095733
2026-10-03T11:43:02.928 -4.08068100775716,0.0202008515850337,0.006452127512504984,0.0015798430889680628,1.0988396175611481e-07,0.999723184608279,-0.02347462997542981
2026-10-03T11:43:02.958 -4.094015615051695,0.019566847908341935,0.006473196181006812,0.0015797912686137802,-5.270025491775628e-08,0.999717043731659,-0.02373471575513802
2026-10-03T11:43:03.015 -4.107350341636242,0.018926168509915863,0.006494160731085096,0.0015788012988308061,7.10559431928377e-08,0.9997110824751537,-0.023984556756591904
2026-10-03T11:43:03.047 -4.120684710091235,0.018279290232985423,0.006515392937295974,0.0015787821395189363,1.1326869121224226e-07,0.9997051800877539,-0.024229328357483242
2026-10-03T11:43:03.107 -4.134018721210223,0.017625617031009944,0.006536386160889624,0.0015789383706991222,9.94170192485667e-08,0.9996993968171574,-0.024466772509335714
2026-10-03T11:43:03.134 -4.147353208965421,0.016965387312119943,0.006557454645198603,0.0015786057353384432,1.5979427235184808e-07,0.9996937331870185,-0.024697121907404092
2026-10-03T11:43:03.189 -4.160686504679475,0.016299793190195467,0.006578446739846994,0.0015782516027431984,9.668587278096417e-09,0.9996884869253491,-0.024908597527449436
2026-10-03T11:43:03.216 -4.1740194424379045,0.015628715445484727,0.006599602182513013,0.0015781247391288137,3.776393646164531e-08,0.9996844925071804,-0.02506840567263524
2026-10-03T11:43:03.275 -4.187351307568275,0.014955372737747599,0.006620577115496024,0.0015744701330045827,4.113092874312429e-08,0.99968175289413,-0.025177648307943716
2026-10-03T11:43:03.305 -4.200685437618738,0.014279645815706121,0.006641570531179413,0.0015746891653830237,6.43525252676065e-09,0.9996791294615011,-0.02528158367523175
2026-10-03T11:43:03.363 -4.214018375461041,0.013602130769341015,0.006662621666900373,0.0015743524870246248,-2.0269144161978908e-07,0.9996771026652813,-0.025361621023784354
2026-10-03T11:43:03.391 -4.227352028603353,0.012922589156040372,0.00668362923042021,0.0015742609446515116,8.608521778846172e-08,0.9996754930127668,-0.0254249950275783
2026-10-03T11:43:03.447 -4.240685562515512,0.012241378614187002,0.00670463660573051,0.0015741238670803801,-2.908666832912528e-07,0.9996741814942264,-0.025476518361326406
2026-10-03T11:43:03.476 -4.25401957334947,0.01155945281058203,0.0067255851305175985,0.0015746025453118229,-1.756882835458593e-07,0.9996733464445574,-0.025509234311000707
2026-10-03T11:43:03.545 -4.267353464658997,0.010876811752776204,0.0067467271817925455,0.0015745413484555214,-1.0510362833494318e-07,0.9996728099186313,-0.025530255167530342
2026-10-03T11:43:03.571 -4.280687236974427,0.010194409115025713,0.006767734934262866,0.001574226368411433,6.213706614320959e-08,0.9996728101675644,-0.02553026484433732
2026-10-03T11:43:03.630 -4.2940206514784585,0.009512364109668282,0.0067888613303676805,0.001574637726589583,5.076976200780512e-08,0.9996731675586238,-0.02551624148135969
2026-10-03T11:43:03.658 -4.307354185392117,0.008831272777104457,0.0068098687056584815,0.0015745274701563408,1.345965620092454e-07,0.9996739426976476,-0.025485861856485426
2026-10-03T11:43:03.715 -4.3206880767361655,0.008151373532958084,0.006831010756484964,0.0015747866715055204,2.3531673995489367e-07,0.9996750156419234,-0.025443725124366042
2026-10-03T11:43:03.741 -4.334022921765344,0.007472427951121194,0.006852154315015602,0.001575854623495631,1.900089587084599e-07,0.9996763264251949,-0.025392106395428556
2026-10-03T11:43:03.798 -4.347356336360474,0.00679574736379039,0.006873265809100417,0.0015755763637639601,-4.8326594901604034e-08,0.9996772805563436,-0.025354532111497696
2026-10-03T11:43:03.835 -4.360690585624127,0.006118470719481285,0.006894244512377236,0.001575377720635545,-2.1087828406897976e-07,0.9996777576690904,-0.02533572589629829
2026-10-03T11:43:03.888 -4.374026146151711,0.005442028523695027,0.006915255091110399,0.0015759106367097696,-3.412510137182921e-08,0.9996779957257802,-0.025326297940110144
2026-10-03T11:43:03.922 -4.387361467965235,0.0047664207959728115,0.006936459007595423,0.0015775495987740858,-4.1355449582118916e-08,0.9996784117667917,-0.025309768562485523
2026-10-03T11:43:03.975 -4.400696670713983,0.004091051488314129,0.0069575733287035235,0.001577535163132528,4.1402425959462544e-08,0.999678888734137,-0.02529092331427376
2026-10-03T11:43:04.006 -4.414031277561391,0.003415920606722404,0.006978597300504628,0.0015781072425582147,6.61499404237119e-08,0.9996792459990032,-0.02527676198391318
2026-10-03T11:43:04.065 -4.427366122906768,0.0027415049778580134,0.0069995769457260725,0.001578455932942205,3.986367859252624e-08,0.9996797226795138,-0.025257880755851198
2026-10-03T11:43:04.094 -4.440700967909246,0.0020679238140614213,0.007020780107949551,0.0015787530921376573,-3.941720876499265e-08,0.9996800205422656,-0.02524607033358813
2026-10-03T11:43:04.150 -4.454035932334408,0.0013944618580289101,0.007041849348352934,0.0015792666641767945,1.7813374515989338e-07,0.9996804374730492,-0.02522952338957205
2026-10-03T11:43:04.190 -4.467370777609557,0.0007219535778081168,0.007062888597832676,0.0015796847553751366,-5.448011724496041e-08,0.9996808544794042,-0.025212968555863084
2026-10-03T11:43:04.237 -4.480706099507725,4.9326082318965645e-05,0.007084062711545102,0.0015800156917443965,3.713599869519685e-08,0.9996812715546833,-0.02519640556159311
2026-10-03T11:43:04.260 -4.494041302485479,-0.0006228245745439721,0.007105057822986197,0.001580089878267457,4.7881683147604186e-08,0.9996815099742763,-0.025186939701471837
2026-10-03T11:43:04.325 -4.507376147525025,-0.0012953328547374258,0.00712624608389162,0.0015802466817413927,1.0015425411964275e-07,0.9996818079481571,-0.02517510035568264
2026-10-03T11:43:04.351 -4.520710992920978,-0.001967602716392806,0.007147210827619524,0.0015802494526480945,-1.8524156481038357e-07,0.9996821060438431,-0.025163260269280553
2026-10-03T11:43:04.405 -4.534045480393731,-0.0026390381084832894,0.007168368720616772,0.0015802314680742947,-1.8861265316906408e-07,0.9996826426342784,-0.025141934774747535
2026-10-03T11:43:04.435 -4.547380206498309,-0.0033103542943105474,0.007189392880276441,0.0015795474590974713,8.954896670959946e-08,0.9996831797511991,-0.025120612101383225
2026-10-03T11:43:04.490 -4.560715886189274,-0.0039810744456860074,0.007210478152269035,0.001579440222698083,-1.0870491727324428e-07,0.9996834183143789,-0.02511112334902088
2026-10-03T11:43:04.518 -4.574051089076992,-0.004651019730678761,0.00723154776906225,0.0015795785520692604,-8.871839895980571e-08,0.9996837759227017,-0.025096874078652874
2026-10-03T11:43:04.577 -4.5873856958793935,-0.005320368961714062,0.007252646245630517,0.0015793817346142726,-2.493473366453826e-07,0.9996844318941025,-0.025070743543817994
2026-10-03T11:43:04.603 -4.600720183493212,-0.0059899566098303245,0.007273729632612697,0.0015783847294887985,-1.1284171485475453e-07,0.999684909639155,-0.025051749268020534
2026-10-03T11:43:04.663 -4.614056220862925,-0.0066584713938545705,0.007294800568549554,0.0015778773885561964,-2.4536721649480403e-07,0.9996852081383647,-0.02503986685749304
2026-10-03T11:43:04.688 -4.6273916622613696,-0.007326688147158887,0.007315825858597371,0.0015776364258747143,-2.5291082828106003e-07,0.9996847313716788,-0.025058909105908085
2026-10-03T11:43:04.746 -4.640726388291218,-0.007996454612211172,0.0073369096225738345,0.0015753916598493433,-5.4763742014682e-07,0.9996833618946195,-0.025113623631201617
2026-10-03T11:43:04.780 -4.654061352598281,-0.008668068824239388,0.007358068269530401,0.0015754730197232315,-6.097549864183452e-07,0.999681513623298,-0.025187084075462652
2026-10-03T11:43:04.844 -4.667396436228831,-0.00934182880499661,0.007379137698465049,0.0015752403570050083,-5.792463907321313e-07,0.9996795463624747,-0.025265058915411958
2026-10-03T11:43:04.871 -4.680730804499337,-0.010018330590399947,0.007400250700380759,0.0015746620982965984,-6.629496634362463e-07,0.9996771620400752,-0.025359261312944824
2026-10-03T11:43:04.929 -4.694065411365647,-0.010697574192489049,0.007421229969426857,0.001574195224586076,-8.030231382797635e-07,0.9996745391542387,-0.025462475832301906
2026-10-03T11:43:04.958 -4.707399660279035,-0.011380215254794705,0.007442387487291927,0.0015742344695450132,-7.79943126947703e-07,0.999671498535657,-0.025581571505695476
2026-10-03T11:43:05.016 -4.720733909154902,-0.012065836549338897,0.007463545005644459,0.001574189366134958,-8.898578202956913e-07,0.999668219510192,-0.025709391831982814
2026-10-03T11:43:05.044 -4.734067562332308,-0.012755689766204004,0.007484448262852939,0.0015739144463723111,-8.941219530452784e-07,0.9996647021936116,-0.02584581166599319
2026-10-03T11:43:05.106 -4.747401095830712,-0.013449178864850055,0.007505619552739833,0.00157362821737561,-9.073562709761567e-07,0.9996607675567887,-0.02599756721661769
2026-10-03T11:43:05.134 -4.760734629484877,-0.014147138311878511,0.007526656733074808,0.0015739206903598202,-1.019765460837345e-06,0.9996565939921018,-0.02615753927131942
2026-10-03T11:43:05.191 -4.774067805476644,-0.014849746916699248,0.007547678447580101,0.0015739196023907777,-1.334911496983436e-06,0.999650572479657,-0.02638665792398422
2026-10-03T11:43:05.219 -4.787400146239677,-0.01556070016120534,0.007569116076064573,0.001571308703965101,-1.0979184128037148e-06,0.9996421682928376,-0.026703302390259465
2026-10-03T11:43:05.276 -4.800732367919153,-0.016282263031009825,0.007590389605233644,0.0015703589435025437,-7.5451493683626e-07,0.9996334051051962,-0.02702941675305346
2026-10-03T11:43:05.304 -4.814065662403897,-0.017011812936724015,0.0076116499309092055,0.0015749602172937269,-3.235198481172894e-07,0.9996235048056368,-0.027392848342308294
2026-10-03T11:43:05.368 -4.827395857392886,-0.01775346254631534,0.007632845753448128,0.0015712953479768183,-4.769791554509004e-07,0.9996114051974654,-0.027831091064685405
2026-10-03T11:43:05.394 -4.840727363570449,-0.01850774835711293,0.007654013849076451,0.0015732313973846087,-5.143734003225741e-07,0.9995981684646201,-0.02830241235094133
2026-10-03T11:43:05.453 -4.854057439163715,-0.019275445194984586,0.007675120080537868,0.0015736108973422355,-4.3327553467458945e-07,0.9995838598921586,-0.02880331216456582
2026-10-03T11:43:05.488 -4.867386560687956,-0.0200577451587936,0.007696358916810821,0.0015746533293535087,-4.406496972259648e-07,0.9995682392656002,-0.029340339435084833
2026-10-03T11:43:05.540 -4.880714251916926,-0.020854827056541958,0.007717342174287714,0.0015753820690081791,-3.886836499316003e-07,0.9995532747373197,-0.0298457556963458
2026-10-03T11:43:05.569 -4.894041465989069,-0.02166424710973528,0.007738428987850607,0.0015794894219799311,-1.5100908984453923e-07,0.9995393210812102,-0.03030925313590561
2026-10-03T11:43:05.634 -4.907365819178227,-0.02248529003267116,0.007759332466023357,0.0015792635518391777,-9.061668807980242e-08,0.9995254901277772,-0.030761997845593535
2026-10-03T11:43:05.660 -4.920689456346882,-0.023318492294064037,0.007780622244996617,0.0015800964877749617,-5.063357928820396e-08,0.9995110622120678,-0.031227228676127206
2026-10-03T11:43:05.719 -4.933799709726931,-0.02415109582254344,0.007801217012743691,0.001579280575553917,-2.100295171399134e-07,0.9994978875893562,-0.03164614632517272
2026-10-03T11:43:05.745 -4.946630537012439,-0.02497517236881803,0.007821355074932073,0.001576864759658798,9.306768243333796e-09,0.9994860258258311,-0.03201870822528333
2026-10-03T11:43:05.802 -4.959326180989715,-0.02579936642239559,0.007841368804820052,0.0015783343653203176,-1.3373286642181512e-07,0.9994729686935395,-0.03242365974927348
2026-10-03T11:43:05.831 -4.971973187084194,-0.026631964118484824,0.007861588756924165,0.0015801134303696934,-6.00164642328763e-08,0.9994588978746667,-0.03285444719821355
2026-10-03T11:43:05.888 -4.984390000975839,-0.02745990975419828,0.007881072219961547,0.0015797983681377476,4.359749371790615e-08,0.9994459614489981,-0.03324566709215137
2026-10-03T11:43:05.916 -4.996790482889576,-0.02829500774163967,0.007900678873489567,0.0015786265603243799,7.743168118486013e-08,0.9994345161247693,-0.033588032342269016
2026-10-03T11:43:05.976 -5.009118247230431,-0.02913362148760613,0.007920140750971732,0.0015791680636589823,-8.845231476756415e-08,0.9994228906209676,-0.03393216661294454
2026-10-03T11:43:06.002 -5.02121915666915,-0.029964901006137742,0.007939243945023156,0.0015787941634744734,-1.1499253447477051e-07,0.9994116235561283,-0.034262430005475436
2026-10-03T11:43:06.061 -5.033201274376255,-0.030795225354769633,0.007958055008091517,0.0015785481412734705,3.786542665328231e-08,0.9994010121806796,-0.03457058052734443
2026-10-03T11:43:06.091 -5.04514101275428,-0.0316299599135112,0.007977067286912434,0.0015793433562206315,1.0712132136708665e-07,0.9993903999993952,-0.0348759811847747
2026-10-03T11:43:06.160 -5.05685300275033,-0.03245551248963923,0.007995361840959864,0.0015788259001633096,-6.481642857364652e-08,0.9993799081030462,-0.03517536906302018
2026-10-03T11:43:06.190 -5.068282705219791,-0.03326788888519512,0.008013493187959093,0.0015790044130083475,4.4398083945604646e-10,0.9993698329791696,-0.035460452284914235
2026-10-03T11:43:06.248 -5.079573648459617,-0.034076687255088084,0.008031300832724544,0.0015785774816156031,-4.72387191833845e-08,0.999360414114935,-0.03572493237443328
2026-10-03T11:43:06.281 -5.090815537083034,-0.03488798840245664,0.008049045818485912,0.0015782609169295962,-2.651964229882828e-08,0.9993511144058832,-0.035984152459061516
2026-10-03T11:43:06.336 -5.10203936556262,-0.03570352125223522,0.008066702645267739,0.0015771534952401048,2.3496859945619095e-07,0.9993420537936558,-0.0362349569652774
2026-10-03T11:43:06.362 -5.113257233262978,-0.0365240608171017,0.008084513961310859,0.001577660219628382,-5.7419145887982055e-09,0.9993329919164919,-0.03648399999266061
2026-10-03T11:43:06.427 -5.124259273226946,-0.03733428606115674,0.008101805214357865,0.0015758520358212934,-1.5949741180502612e-07,0.9993245876433471,-0.03671355637622308
2026-10-03T11:43:06.452 -5.134985165105695,-0.03812901062080405,0.008118853559970713,0.0015770525735732679,-1.7599740107107126e-08,0.9993160021565743,-0.03694645773252815
2026-10-03T11:43:06.510 -5.145574085919683,-0.03891795180544475,0.008135581030226829,0.0015767677623834018,8.564326199515792e-08,0.9993079543858265,-0.03716350501003708
2026-10-03T11:43:06.538 -5.156112819932663,-0.03970784603257167,0.008152065236930644,0.0015759938818556962,1.2829868897914856e-08,0.9993006820006975,-0.03735857593947116
2026-10-03T11:43:06.594 -5.166635281370172,-0.04050036265914432,0.00816883664019366,0.0015762933402864625,-2.2397919263641023e-09,0.9992931703149658,-0.037558954473867395
2026-10-03T11:43:06.623 -5.177151246265021,-0.04129645548265306,0.008185344452320747,0.0015757709434530052,-5.5562661567305346e-08,0.9992860169731345,-0.03774881756954916
2026-10-03T11:43:06.684 -5.187452694274583,-0.04208050546710673,0.008201632297328053,0.001574578374820078,-2.956963823688994e-07,0.9992790430106764,-0.037933031812933615
2026-10-03T11:43:06.711 -5.197477756159564,-0.042847028206269774,0.00821745334046617,0.001574506664459427,-1.5932180838277132e-07,0.999272127782348,-0.03811476834610105
2026-10-03T11:43:06.771 -5.207365787137815,-0.043606039034947364,0.008233117326291816,0.0015753472655598213,-6.302049355730674e-08,0.9992653310672602,-0.03829251112199318
2026-10-03T11:43:06.808 -5.217204644488456,-0.044364930035248905,0.008248614156203917,0.0015751045986812688,1.013023244737375e-07,0.9992587736712356,-0.03846325891746074
2026-10-03T11:43:06.855 -5.226812772780822,-0.04510903617874693,0.008263716373499652,0.0015738471679903041,-2.989481324715651e-07,0.9992526939970862,-0.03862093401988413
2026-10-03T11:43:06.882 -5.2361398058491595,-0.0458344229247341,0.008278567860810281,0.0015739728759723824,-3.0764041371571725e-07,0.9992465536193431,-0.0387794751016135
2026-10-03T11:43:06.946 -5.245328318138115,-0.0465518209043443,0.008293110923273287,0.0015751364641920999,-7.495211700830476e-08,0.9992406508824605,-0.03893122871308147
2026-10-03T11:43:06.973 -5.254467478163432,-0.0472680857743852,0.008307382238935257,0.0015747413389364693,-1.1877528137369372e-07,0.9992349282241436,-0.039077850588180515
2026-10-03T11:43:07.032 -5.263588041100921,-0.04798548289849135,0.008321907273218463,0.0015751059667579376,-7.014252570307663e-08,0.9992296818825458,-0.03921175698811722
2026-10-03T11:43:07.059 -5.272703955158946,-0.04870520454524572,0.008336231242210309,0.0015750579121101293,-5.7842451805239476e-09,0.999224078184858,-0.039354297963429895
2026-10-03T11:43:07.117 -5.281815934963725,-0.049426654677131934,0.008350757607557742,0.0015753756590228376,-1.4928736726847788e-07,0.9992190703428863,-0.039481231675431536
2026-10-03T11:43:07.145 -5.29092863020237,-0.0501507274224178,0.008365150993946137,0.001575390534873917,-3.93474091776085e-08,0.9992136454439486,-0.03961829000949076
2026-10-03T11:43:07.209 -5.299827941577856,-0.05085953869214653,0.008379013279278282,0.0015745353492992438,-4.931174396541914e-07,0.9992083404639538,-0.03975189536943072
2026-10-03T11:43:07.234 -5.308450330125916,-0.051549153779744394,0.008392586728007743,0.0015749456913330788,-8.652476237277076e-07,0.9992033921708593,-0.03987606574837509
2026-10-03T11:43:07.293 -5.31693699894669,-0.05222964764794099,0.008406094599324612,0.0015760761064937683,-5.21716594339942e-07,0.9991986221530814,-0.039995368122049804
2026-10-03T11:43:07.319 -5.325374792113039,-0.05290835276145191,0.008419480489088955,0.001576229240316388,-3.2045036222022457e-07,0.9991938529100258,-0.040114334197353926
2026-10-03T11:43:07.380 -5.333794525301388,-0.053587474880121215,0.008432703713536967,0.0015764471186687796,-4.3047663122135854e-07,0.9991897989858659,-0.040215176449718004
2026-10-03T11:43:07.410 -5.342209370679667,-0.054268444681218726,0.008446053320787083,0.0015767207803473306,-2.995908851142328e-07,0.9991849104237165,-0.04033644422902166
2026-10-03T11:43:07.476 -5.3504092825343355,-0.05493325891758189,0.008458839574276839,0.001575821009058539,-9.02180169145782e-07,0.999180380475037,-0.04044853595736248
2026-10-03T11:43:07.502 -5.3583318542754155,-0.05557756566436804,0.008471381034688323,0.0015765310558228296,-6.060376853680284e-07,0.9991762665531471,-0.040550005010818846
2026-10-03T11:43:07.562 -5.366118408365103,-0.0562123935601431,0.00848379684185215,0.001577594119450299,-2.4378301687386114e-07,0.9991721523538132,-0.040651213479840846
2026-10-03T11:43:07.591 -5.373856086782058,-0.05684501546871634,0.008496105568537776,0.0015776688347112712,-8.16958437569241e-08,0.9991681581650333,-0.04074926588463289
2026-10-03T11:43:07.652 -5.381575645556266,-0.05747721991666256,0.008508296238957025,0.0015782077708290632,-2.669329840823427e-07,0.9991645809077425,-0.04083686471334683
2026-10-03T11:43:07.679 -5.389289780108838,-0.05811079520312771,0.008520597542786487,0.0015783468940637126,-1.1629023099557813e-07,0.9991610039676301,-0.04092428339587658
2026-10-03T11:43:07.739 -5.397001948004117,-0.058745383743825375,0.008532702021966756,0.0015785406556733494,-2.131804656985442e-07,0.9991576058269465,-0.041007157027978455
2026-10-03T11:43:07.764 -5.404713281233422,-0.05938104515760106,0.00854492439108543,0.0015787546023222168,-1.463924249121761e-07,0.9991542672851368,-0.041088413205985524
2026-10-03T11:43:07.827 -5.412424376190607,-0.060018196684513435,0.008557042075484824,0.0015789534302288976,-2.753651665217328e-07,0.9991510479838485,-0.041166615342612636
2026-10-03T11:43:07.855 -5.419922921602454,-0.06063859663023626,0.008568734285959834,0.0015776764820152052,-6.792645972056026e-07,0.9991478894637763,-0.04124325298201355
2026-10-03T11:43:07.917 -5.427145676587426,-0.06123729701299231,0.008580213955719456,0.0015784876631009571,-5.991384086213903e-07,0.9991444908390824,-0.041325474011189633
2026-10-03T11:43:07.943 -5.434232175726777,-0.06182556486744383,0.008591433484827287,0.0015792673437391175,-1.9210833693928634e-07,0.9991415691500477,-0.041396022888687364
2026-10-03T11:43:08.002 -5.441270097032265,-0.06241126911055518,0.008602665613745257,0.0015792470899230742,-1.1899050975332462e-07,0.9991384692529784,-0.041470775703259286
2026-10-03T11:43:08.029 -5.44828989870101,-0.06299607905588134,0.00861377968631886,0.001579736313753852,3.5088032703326045e-08,0.9991360843183266,-0.041528176533770424
2026-10-03T11:43:08.090 -5.455303918766057,-0.06358148497486919,0.008624854815302698,0.001579193274457035,-2.2094644387429813e-07,0.9991334021317506,-0.04159267836034077
2026-10-03T11:43:08.124 -5.462316329571633,-0.06416742731540662,0.008635882696432584,0.0015795707262424227,-2.265028143106723e-07,0.999130957672855,-0.041651343027489254
2026-10-03T11:43:08.177 -5.469327786551466,-0.06475426371359236,0.008646998476703974,0.0015795339661106328,-1.6184393854607342e-07,0.9991285135418807,-0.04170993286995095
2026-10-03T11:43:08.201 -5.476338826245432,-0.06534163654832258,0.008658143399659432,0.00157983707783229,-2.2137629271337555e-08,0.9991279767794159,-0.041722777130463455
2026-10-03T11:43:08.266 -5.4831372568591235,-0.06591046966177515,0.008668832951871635,0.0015777211395514251,-1.979292115351531e-07,0.9991284553611516,-0.04171139512898102
2026-10-03T11:43:08.290 -5.48966043379006,-0.06645599389363882,0.008679131997565733,0.0015786951881161181,-2.3536732985985496e-07,0.9991289911141185,-0.04169852319605259
2026-10-03T11:43:08.353 -5.496046997258458,-0.06699025112766858,0.008689170337023993,0.0015787097979275842,-5.449850682616327e-08,0.9991280968977602,-0.041719943250575924
2026-10-03T11:43:08.379 -5.502385519276203,-0.06752093147814274,0.008699266827725694,0.0015788490832080884,-2.285765289143639e-07,0.9991266660601522,-0.0417541902453559
2026-10-03T11:43:08.439 -5.508706756150003,-0.06805030030882703,0.008709231680249837,0.001579223554680233,-5.888737818039082e-09,0.9991272022869396,-0.04174134285378544
2026-10-03T11:43:08.466 -5.515021078883599,-0.06857859616885309,0.008719200501755025,0.0015788698487959327,6.979229664534479e-08,0.9991291102033454,-0.04169566301508282
2026-10-03T11:43:08.528 -5.521333971000214,-0.06910605754582842,0.008729241567046346,0.0015790423149807278,-1.4219255754602194e-07,0.9991311369315197,-0.04164706279290666
2026-10-03T11:43:08.560 -5.527646446007891,-0.06963310168505103,0.00873920746686777,0.0015789210528773122,1.3296816160051616e-07,0.9991335811879292,-0.04158838721175798
2026-10-03T11:43:08.618 -5.533746609893468,-0.0701411292695818,0.008748763170501947,0.0015774948500773248,-4.475216392697628e-07,0.9991360860900973,-0.041528219108935595
2026-10-03T11:43:08.645 -5.5395686590418025,-0.0706248942621813,0.008757953646166737,0.0015778700591584345,-3.215338547215804e-07,0.9991383511140387,-0.04147367428975969
2026-10-03T11:43:08.704 -5.545254571143078,-0.07109715384432203,0.008767152390052988,0.0015780099028108096,-4.428310103525904e-08,0.9991409740067629,-0.041410432810607266
2026-10-03T11:43:08.729 -5.550891727228564,-0.07156345234818774,0.008775990921905697,0.0015777870679853365,-1.7977511602104994e-07,0.9991439548692032,-0.04133845711034362
2026-10-03T11:43:08.801 -5.5565121343027,-0.07202861815291622,0.008784892378634812,0.001578337400420944,2.5001544233017683e-08,0.9991475908725336,-0.04125046065999914
2026-10-03T11:43:08.826 -5.562126044467578,-0.07249092285289359,0.008793813364883872,0.0015779723040560104,-1.1111302025895407e-07,0.9991511679868927,-0.04116374027980941
2026-10-03T11:43:08.888 -5.567739060820065,-0.07295346596022373,0.008802569024984797,0.00157796170779522,-2.979464349481905e-08,0.9991552217325225,-0.04106522764434507
2026-10-03T11:43:08.915 -5.5733509444177045,-0.07341296921637687,0.008811516608857975,0.0015778732801273,-1.354235704074044e-07,0.9991593947688161,-0.04096357114689575
2026-10-03T11:43:08.972 -5.5789632453378255,-0.0738727705010178,0.008820405247898438,0.0015776534810875516,-1.8268889372452889e-07,0.9991638063659014,-0.040855832605193106
2026-10-03T11:43:08.997 -5.584574324445145,-0.07432988956126574,0.008829262152269242,0.0015774414850661265,-1.5288515295757065e-07,0.9991684564140738,-0.040741960991775385
2026-10-03T11:43:09.060 -5.590186536079668,-0.07478754507758023,0.008838091045026572,0.0015773594080967567,-5.660704295581724e-08,0.9991732852032403,-0.04062336856365828
2026-10-03T11:43:09.086 -5.59579788333328,-0.07524120707179474,0.008847022878630425,0.0015771381919331886,-2.2528160704392832e-07,0.999178471788131,-0.04049560655439266
2026-10-03T11:43:09.146 -5.60141018441368,-0.07569576314770679,0.008855851912242684,0.0015765982710423065,-6.636360373473184e-08,0.9991820490508682,-0.04040726657912074
2026-10-03T11:43:09.889 -5.606809667454912,-0.0761309450346469,0.008864448762269312,0.0015754521834521094,-4.4970765861212614e-07,0.9991862229336587,-0.04030396816424691
2026-10-03T11:43:09.950 -5.611934046147905,-0.0765433544837154,0.008872446725472773,0.0015755133805453736,-5.659193640988878e-07,0.9991915285297167,-0.040172217659917915
2026-10-03T11:43:09.974 -5.616922168669635,-0.07694312603258181,0.008880408064802241,0.001576058024687489,-2.9796409405962194e-07,0.9991962972201026,-0.040053410125111835
2026-10-03T11:43:10.036 -5.621862130820301,-0.0773388438592664,0.00888824855310382,0.001576363990063495,-7.929805148085145e-08,0.9992018410841029,-0.03991485751826905
2026-10-03T11:43:10.062 -5.626785433649355,-0.07772967389534617,0.00889600309560381,0.0015762843243984877,-1.226255366654822e-07,0.999207325641893,-0.039777326598074994
2026-10-03T11:43:10.123 -5.631703282540926,-0.07812062307203768,0.008903823520760943,0.001576132513480473,-4.138453909116686e-09,0.9992131083303244,-0.03963180474254869
2026-10-03T11:43:10.167 -5.636619254070419,-0.0785083535742895,0.008911551569936551,0.001576117379938645,-2.1661464468314246e-07,0.9992190101424538,-0.039482725639100595
2026-10-03T11:43:10.212 -5.641534808323053,-0.07889590525734855,0.008919308761679236,0.001575919169956992,-2.5539837553119364e-07,0.9992249717170373,-0.03933156970921251
2026-10-03T11:43:10.243 -5.646449855994169,-0.079280774725017,0.008927050250789935,0.0015758076836139643,-1.3747248112811058e-07,0.9992311716836763,-0.0391737458739
2026-10-03T11:43:10.304 -5.651365022785438,-0.07966522696166199,0.00893485153288518,0.0015756573289973696,-1.3226994679997026e-07,0.9992375505278995,-0.03901070262078719
2026-10-03T11:43:10.330 -5.656280308688009,-0.08004622213039472,0.008942742409752893,0.0015756841632586162,-1.7007575671274446e-07,0.9992439888507035,-0.038845436863596906
2026-10-03T11:43:10.391 -5.66119559481943,-0.08042775374095774,0.008950484275282672,0.0015756137752505677,-1.842218991187733e-07,0.9992505464835227,-0.0386763854771665
2026-10-03T11:43:10.419 -5.666110582842172,-0.08080487460403919,0.008958315075740117,0.001575604349378293,-3.464490807185853e-07,0.9992573425304598,-0.03850040090411389
2026-10-03T11:43:10.478 -5.6708139154718635,-0.08116607836222522,0.008965662211458282,0.001574331549402197,-3.232935799667088e-07,0.9992640203521819,-0.03832674144330867
2026-10-03T11:43:10.506 -5.675241219661883,-0.08150331757798522,0.008972558010844464,0.0015745831353617156,-2.547690728368024e-07,0.9992702796725347,-0.03816318711873224
2026-10-03T11:43:10.567 -5.679532744370135,-0.081830243480679,0.008979492446379782,0.0015746874788831,-3.099420663738249e-07,0.9992766583427862,-0.037995795168970184
2026-10-03T11:43:10.596 -5.683776406974483,-0.08215055266524253,0.008986172391391177,0.0015749067121687997,-2.3608277975796482e-07,0.9992827984685806,-0.037833957678182685
2026-10-03T11:43:10.654 -5.688002366990102,-0.08246960992938336,0.008992854148829063,0.0015751990217298796,-1.5349520926275304e-07,0.9992896539164462,-0.0376524411369003
2026-10-03T11:43:10.685 -5.692222604822017,-0.08278521005206456,0.008999646067681178,0.0015753611951170021,-2.2075759660489335e-07,0.9992961517847079,-0.03747958464724906
2026-10-03T11:43:10.747 -5.696440876150009,-0.08310086975467837,0.009006151754872703,0.0015751967493284468,1.5438705728143904e-08,0.9993031268339012,-0.037293155607814314
2026-10-03T11:43:10.780 -5.700658610757305,-0.08341253593930041,0.00901286520923565,0.0015752691200095878,-5.314160425752159e-07,0.9993100420871137,-0.03710738889720598
2026-10-03T11:43:10.847 -5.7048757793507825,-0.08372467895397889,0.00901942875695895,0.0015751768315647164,-2.036535980399118e-07,0.9993170170911142,-0.03691907596386814
2026-10-03T11:43:10.873 -5.70909300709984,-0.08403318608601938,0.009026305322322736,0.001575205911246707,-4.920245084627507e-07,0.9993240516201976,-0.03672817146942866
2026-10-03T11:43:10.934 -5.713310473829626,-0.08434193163970627,0.00903282463726892,0.001575233017745073,-1.4444399789800115e-07,0.9993313246167902,-0.036529745147897294
2026-10-03T11:43:10.960 -5.717528297740093,-0.084646862500573,0.009039657441032635,0.0015752933733774808,-3.4351627277406765e-07,0.9993385975939824,-0.03633023272100667
2026-10-03T11:43:11.021 -5.721746390409263,-0.08495209138810339,0.009046147942651697,0.0015752549458053317,-2.1952979187820224e-07,0.9993459302712162,-0.036127970080885655
2026-10-03T11:43:11.049 -5.725964750821197,-0.08525410162813293,0.009052966692966463,0.0015752440792066718,-2.924552625983156e-08,0.9993534417791503,-0.03591959089768212
2026-10-03T11:43:11.110 -5.730182992329521,-0.08555617147134195,0.009059591539955072,0.0015753045229497658,-2.002367663740109e-07,0.9993609532384167,-0.03570999241141348
2026-10-03T11:43:11.138 -5.7344014424790615,-0.08585436701526462,0.00906623161729696,0.0015752496669507127,-1.064360322847678e-07,0.9993685840270542,-0.03549580043098593
2026-10-03T11:43:11.199 -5.73861935616391,-0.0861525625524307,0.009072885747610079,0.0015745666442851215,-3.961854251278585e-07,0.9993744864771219,-0.03532925867202443
2026-10-03T11:43:11.225 -5.742625435805121,-0.08643311244776816,0.009078966523322008,0.001574333984843198,-6.264735016312447e-07,0.999381163575516,-0.03513988279092019
2026-10-03T11:43:11.289 -5.746355843969734,-0.08669381052560024,0.009084983958528973,0.0015741700602484724,-5.554071344023999e-07,0.9993884963953982,-0.03493072087516105
2026-10-03T11:43:11.316 -5.7499500559987915,-0.0869431820062176,0.009090681742608893,0.0015750343991598058,-1.2271177366808442e-07,0.9993949937939731,-0.03474428940373958
2026-10-03T11:43:11.382 -5.7534957944736265,-0.08718849976068331,0.009096422093462562,0.0015753415299111784,-1.4368217049830497e-07,0.9994015512548683,-0.03455513924738892
2026-10-03T11:43:11.413 -5.7570246204337785,-0.0874301218142667,0.009101986691328869,0.001575383757248611,-1.4225951315126458e-07,0.9994081685472845,-0.03436321880965117
2026-10-03T11:43:11.472 -5.760547590272214,-0.08767144577089943,0.009107527128800169,0.0015755559589388625,-6.588124039496915e-08,0.9994148453593963,-0.034168472290548195
2026-10-03T11:43:11.508 -5.764068488754747,-0.08790925302739694,0.009113153697667922,0.0015756122737922978,-4.0150324514972066e-08,0.9994214626544442,-0.03397436432978105
2026-10-03T11:43:11.565 -5.767588627628662,-0.08814735829759135,0.009118555547869849,0.0015756365888719764,-8.334159494390336e-08,0.9994281992133572,-0.03377561230353944
2026-10-03T11:43:11.593 -5.771108661640841,-0.08838266214809994,0.00912432976125556,0.0015758078810084414,-4.089969814787047e-07,0.9994349356635394,-0.033575678765619114
2026-10-03T11:43:11.654 -5.774628383314282,-0.088618264017961,0.009129730951359208,0.0015758634425526346,5.021064988290745e-08,0.9994417318285791,-0.033372763354245605
2026-10-03T11:43:11.682 -5.77814843227188,-0.08885005119461573,0.009135505187730028,0.0015760808142457707,-5.539889454133313e-07,0.9994484682576692,-0.03317039744047468
2026-10-03T11:43:11.742 -5.7816682433212705,-0.08908249401942137,0.009140951222106557,0.0015761485612683938,4.462700385901653e-08,0.9994552644287898,-0.03296498386604545
2026-10-03T11:43:11.776 -5.78518835217262,-0.08931189701106576,0.009146561639760417,0.001576192206080401,-1.3851127847333373e-07,0.9994621202432616,-0.03275646221670559
2026-10-03T11:43:11.832 -5.788708461255821,-0.08954159802596136,0.009152023046037343,0.0015763675681672504,-4.939584182135587e-08,0.9994690355782093,-0.03254476894451388
2026-10-03T11:43:11.859 -5.79222891268324,-0.08976796118501557,0.009157753214221777,0.0015765382626442765,-6.671591245626139e-08,0.9994758316930634,-0.032335373641897674
2026-10-03T11:43:11.919 -5.795749439180319,-0.08999444355436294,0.009163125872805647,0.001576495293652594,-1.8526562639919965e-08,0.9994828664507585,-0.03211719685720254
2026-10-03T11:43:11.947 -5.799270367671806,-0.09021770727791434,0.009168737585272646,0.0015765586537649053,2.5874598524757864e-08,0.9994897819009725,-0.031901259197047525
2026-10-03T11:43:12.009 -5.802791236532159,-0.09044120941929168,0.009174364104679951,0.0015768003622394656,1.1296737967240232e-09,0.9994967568360048,-0.03168196292728666
2026-10-03T11:43:12.036 -5.806312075683127,-0.09066107567696824,0.009179960774086785,0.0015768750466204583,-2.652314467467507e-07,0.9995036722961214,-0.03146303436708762
2026-10-03T11:43:12.099 -5.8096199780967455,-0.09086776662729654,0.009184952543875193,0.0015753680654610632,-5.802585077100245e-07,0.9995104697827139,-0.03124642395316064
2026-10-03T11:43:12.130 -5.812652417496393,-0.09105555943704588,0.009189970710014442,0.0015762008938409145,2.2398044140095203e-07,0.999516669261877,-0.03104743883697758
2026-10-03T11:43:12.197 -5.81554745442087,-0.09123256207626382,0.009194250084736986,0.0015763831755867279,-6.657069146675284e-07,0.9995226307961752,-0.030854911147716352
2026-10-03T11:43:12.225 -5.81839424110027,-0.09140706071288639,0.009198691589032026,0.0015769480401275466,-8.322164476116194e-07,0.9995282939511606,-0.030670879108184303
2026-10-03T11:43:12.284 -5.821224620922102,-0.09157911535243335,0.009203569088440434,0.0015774906830906229,2.8873995591274754e-07,0.99953425521545,-0.030475960591213568
2026-10-03T11:43:12.311 -5.824049339371177,-0.09174920296753256,0.009207781984334517,0.001577391208311729,-5.19932596588607e-07,0.9995397996759938,-0.030293575232709515
2026-10-03T11:43:12.377 -5.826871494445264,-0.09191940975960915,0.009212229246155054,0.0015774393768120713,2.857142773121684e-08,0.9995455824951808,-0.030102162702730365
2026-10-03T11:43:12.405 -5.829693618806172,-0.09208711315612081,0.009217272506148217,0.001578053938668151,8.304501703816212e-07,0.9995514841088081,-0.029905523920445147
2026-10-03T11:43:12.470 -5.8325151192615445,-0.09225398207995036,0.009221092882781085,0.0015776111697280322,-4.179939614436452e-07,0.999557207714647,-0.02971362732014523
2026-10-03T11:43:12.497 -5.835336231113698,-0.09242049337089682,0.009225657703915681,0.0015776487883059356,2.654778686166184e-07,0.9995628713311175,-0.02952248770889578
2026-10-03T11:43:12.557 -5.838157863986467,-0.09258521652900352,0.009230566075647885,0.0015782129178286185,1.7869528621855473e-07,0.9995687133917236,-0.02932399107162127
2026-10-03T11:43:12.583 -5.840979498387357,-0.0927483303618764,0.009234520773992495,0.0015778634808732053,-4.726500702401187e-07,0.9995743773303434,-0.029130302629203207
2026-10-03T11:43:12.645 -5.843800893590226,-0.09291162300559164,0.009238966833106065,0.0015778191075617226,-3.12509912453371e-07,0.999580219888835,-0.028929128810847048
2026-10-03T11:43:12.672 -5.846622824362949,-0.09307300830732419,0.009243979983496582,0.001578490410410168,8.083040445925235e-07,0.9995860618904647,-0.028726525054087286
2026-10-03T11:43:12.730 -5.849444503769206,-0.09323272467603802,0.009247770839398182,0.0015779965397453807,-4.82561214314445e-07,0.9995918452044862,-0.028524602142331615
2026-10-03T11:43:12.756 -5.852266047645557,-0.09339291788005753,0.009252455551889029,0.0015783041930380038,-1.745357266575358e-08,0.9995975086581028,-0.028325423922477513
2026-10-03T11:43:12.817 -5.855088023191045,-0.09355066729902461,0.009257453871223217,0.0015788505799060502,1.01244426869165e-06,0.9996034700218936,-0.028114230382681554
2026-10-03T11:43:12.850 -5.857909583383816,-0.0937069862014802,0.009261274340371727,0.0015784573658215522,-4.262508090272482e-07,0.999609074429973,-0.027914275727939322
2026-10-03T11:43:12.903 -5.860730903933171,-0.0938633051007919,0.009265869291968744,0.001578597517115497,-1.166241669964972e-07,0.999614797661837,-0.027708560506639834
2026-10-03T11:43:12.930 -5.863553088211113,-0.09401741863906268,0.00927082323712493,0.0015789197833000496,8.59553481824943e-07,0.9996206996143209,-0.027494797947158273
2026-10-03T11:43:12.994 -5.866375140277104,-0.09417045929225784,0.009274584878657344,0.0015784628640792893,-3.3595386289967284e-07,0.9996266021933936,-0.027279381264332637
2026-10-03T11:43:13.020 -5.869196773583437,-0.09432320191679845,0.009279314434719129,0.0015787935216529363,1.8600504967504873e-07,0.9996320868309868,-0.027077636324243697
2026-10-03T11:43:13.080 -5.872019196539731,-0.09447350076083022,0.009284134645933287,0.0015793179957341796,1.8012682305312533e-07,0.9996379886553755,-0.026858841964456266
2026-10-03T11:43:13.109 -5.874841531419053,-0.09462296513886266,0.009288120251665248,0.001578828199168641,-2.327844068353046e-07,0.9996437720552763,-0.02664275309652313
2026-10-03T11:43:13.167 -5.877450928360498,-0.09476104234875324,0.009292246015199667,0.0015765333029688017,-4.894918169897018e-07,0.9996481856594995,-0.026476771898703462
2026-10-03T11:43:13.195 -5.879782001278946,-0.09488314200964358,0.009296363849697075,0.0015785224688196148,4.3377578931195343e-07,0.9996522381707263,-0.02632320244355911
2026-10-03T11:43:13.258 -5.881975925734499,-0.09499743173551511,0.009299281358370977,0.0015782144046080928,-2.011886373462485e-07,0.9996562328844154,-0.02617107744423655
2026-10-03T11:43:13.286 -5.88412152473245,-0.09510921745777122,0.009302807913092848,0.0015785144170348214,-1.0028592152227854e-07,0.9996597501704167,-0.02603636267694429
2026-10-03T11:43:13.350 -5.886037392982044,-0.09520776805655203,0.009305971236278058,0.0015780583151776466,5.043298925395926e-08,0.9996632680584325,-0.02590096960899563
2026-10-03T11:43:13.376 -5.887514244502895,-0.0952836037584515,0.009308157300047177,0.001577847673841607,-1.950894547716162e-07,0.9996660703263537,-0.025792600391308908
2026-10-03T11:43:13.434 -5.888477067116656,-0.09533231287535691,0.009309172995341524,0.0015773730946536761,-1.1066343499045595e-06,0.9996680381361512,-0.025716248208363626
2026-10-03T11:43:13.463 -5.888944217301606,-0.09535651824257312,0.009310120231162735,0.0015776508762483854,-1.014857558802863e-06,0.9996690514440846,-0.02567681058012
2026-10-03T11:43:13.534 -5.88912064648143,-0.09536546116052755,0.00931054819817731,0.0015781826990883846,-5.84170526672927e-07,0.999669229881547,-0.02566982989935413
2026-10-03T11:43:13.563 -5.889194615607861,-0.09536951520764186,0.009310724756812893,0.0015783892856248284,-3.7080650259166806e-07,0.9996693489568118,-0.025665179590049825
2026-10-03T11:43:13.618 -5.889232434590191,-0.09537136342776523,0.0093108441577642,0.0015784520086597636,-2.1987001482441584e-07,0.9996695277650766,-0.025658210131589136
2026-10-03T11:43:13.647 -5.889257662303788,-0.09537255583829013,0.009310824441001767,0.001578529967077199,-3.280831842137438e-07,0.9996695277034708,-0.025658207734662722
2026-10-03T11:43:13.710 -5.889278479111264,-0.09537398661184332,0.009310902058423142,0.0015785070612095082,-2.6713667956587875e-07,0.9996695277215695,-0.02565820843942202
2026-10-03T11:43:13.738 -5.8892975972203,-0.09537476171291959,0.009310962088718828,0.0015785326167183332,-2.4012260653092177e-07,0.9996695873206556,-0.025655884722041125
2026-10-03T11:43:13.797 -5.889316387667622,-0.09537565601917716,0.009310917292709112,0.001578473181544855,-4.1643552363434213e-07,0.9996696469869341,-0.025653563402786798
2026-10-03T11:43:13.824 -5.8893348201561775,-0.09537666953018344,0.009311080547267295,0.0015786545712490262,-2.8736107830180996e-07,0.9996695872242716,-0.02565588097330782
2026-10-03T11:43:13.885 -5.889353491467292,-0.09537738502101406,0.009310990859318108,0.0015790391358601482,-3.015163862330784e-07,0.9996696465396162,-0.02565354600586923
2026-10-03T11:43:13.914 -5.889372043351968,-0.0953785177428326,0.00931103509323776,0.0015790118412415614,-2.7071421488051855e-07,0.9996697061804755,-0.025651223490782107
2026-10-03T11:43:13.975 -5.889390371534026,-0.09537941204323609,0.009311198182854242,0.0015791678804491294,-2.219885332508028e-07,0.9996696464378549,-0.02565354204725941
2026-10-03T11:43:14.001 -5.88940865536531,-0.09538036594776254,0.009311137684661006,0.0015791030126712726,-3.314333366334986e-07,0.9996697061084225,-0.025651220685689997
2026-10-03T11:43:14.063 -5.889427147529117,-0.09538137945952746,0.009311256330032741,0.0015791558984252635,-1.3811317707668705e-07,0.9996697656858975,-0.025648895495372713
2026-10-03T11:43:14.090 -5.889445505939047,-0.09538215455106583,0.009311151246184127,0.001579076839141664,-2.3723630504335725e-07,0.9996698253676832,-0.025646574149891306
2026-10-03T11:43:14.155 -5.889463879032823,-0.0953833468752806,0.009311180296247185,0.0015790354654607298,-3.0873565341255937e-07,0.9996698850196826,-0.02564425143454579
2026-10-03T11:43:14.191 -5.8894821775554576,-0.09538412196603574,0.009311253931868128,0.001579130347462258,-2.8075044316903844e-07,0.999669825325396,-0.025646572503145944
2026-10-03T11:43:14.243 -5.889500580478082,-0.09538507587204938,0.009311268127870252,0.0015790480285931118,-2.9915782000971845e-07,0.9996698850097524,-0.025644251048188276
2026-10-03T11:43:14.272 -5.889519087710954,-0.09538585096544194,0.00931128248876533,0.0015790567229036477,-3.3102257445674396e-07,0.9996699446221781,-0.025641926582220097
2026-10-03T11:43:14.331 -5.889537609675545,-0.09538698368687161,0.009311401181277193,0.0015790306615799206,-2.911367036924487e-07,0.9996700042620681,-0.025639602975898998
2026-10-03T11:43:14.360 -5.889555967988982,-0.09538793759233336,0.0093113557020281,0.0015790389479030588,-1.9430541645041797e-07,0.9996700638748078,-0.025637278102426473
2026-10-03T11:43:14.417 -5.889574296313903,-0.09538871268346372,0.009311429384769672,0.001579098612538027,-2.71338121172492e-07,0.9996700042083607,-0.025639600885239207
2026-10-03T11:43:14.440 -5.889592773714925,-0.09538996461363651,0.009311458599764682,0.0015791311166665485,-2.4754460910900144e-07,0.999670063801966,-0.02563727526529775
2026-10-03T11:43:14.503 -5.8896111766884225,-0.09539062049643175,0.009311442993432922,0.0015790915693586968,-1.865141826977401e-07,0.9996701234525156,-0.025634951652245767
2026-10-03T11:43:14.530 -5.889629698679575,-0.09539151479928508,0.009311546784763222,0.0015790851927909375,-2.5705743990540583e-07,0.9996701830768615,-0.02563262680573997
2026-10-03T11:43:14.594 -5.889647982507107,-0.09539276672703538,0.009311486286618733,0.001579018918460742,-2.1867091437288714e-07,0.9996702427485397,-0.025630303593266443
2026-10-03T11:43:14.627 -5.889666400098272,-0.0953934822146302,0.009311649517567851,0.0015791474425974187,-2.4497561061461094e-07,0.9996701830276606,-0.02563262488974064
2026-10-03T11:43:14.689 -5.889684818013277,-0.09539467453942146,0.009311604132599014,0.0015791085824629514,-2.4083635689865346e-07,0.9996702426776749,-0.025630300832910773
2026-10-03T11:43:14.713 -5.889703265760882,-0.09539533042278774,0.009311543893520494,0.0015790152478995002,-2.0374709532574254e-07,0.999670302370742,-0.02562797824243554
2026-10-03T11:43:14.779 -5.889721564279765,-0.09539640353676672,0.009311617529190184,0.0015790282528967403,-1.8426247030754583e-07,0.9996703619797656,-0.02562565216706381
2026-10-03T11:43:14.805 -5.8897399075271375,-0.09539735744202174,0.009311676334378752,0.0015790701341736712,-1.562328916607733e-07,0.999670421565967,-0.025623324991285782
2026-10-03T11:43:14.875 -5.889758250725137,-0.09539849016120558,0.009311764941881703,0.0015791205820044922,-1.0799471556402777e-07,0.9996703619067857,-0.025625649325082604
2026-10-03T11:43:14.908 -5.889776534490995,-0.09539902683321043,0.009311749147047927,0.0015790742647284611,-1.585057005868613e-07,0.9996704215627024,-0.025623324864079342
2026-10-03T11:43:14.964 -5.889794877878227,-0.09540009994777139,0.009311718545400584,0.0015790276137222627,-3.220979470857628e-07,0.9996704812188943,-0.025621000200536873
2026-10-03T11:43:14.992 -5.889813250881515,-0.09540099424875137,0.009311807199985167,0.0015790379465156132,-1.7059046051762884e-07,0.9996705408300224,-0.025618673575056625
2026-10-03T11:43:15.055 -5.889831549448269,-0.09540200775809106,0.009311851033359972,0.001579066772280211,-1.6125526602829853e-07,0.999670600426548,-0.025616346166620747
2026-10-03T11:43:15.078 -5.889849862915416,-0.09540308087226312,0.009311894890304841,0.001579126276681318,-1.556142318604119e-07,0.9996705407602082,-0.02561867085488256
2026-10-03T11:43:15.140 -5.889868191311768,-0.09540379635875691,0.009311923869608961,0.0015791378202562637,-2.3610889498746063e-07,0.9996706003704009,-0.02561634397745442
2026-10-03T11:43:15.166 -5.889886549575082,-0.09540498868279228,0.009311908192684,0.0015790793411765644,-7.094749060677139e-08,0.9996706600359164,-0.025614019047865876
2026-10-03T11:43:15.225 -5.889904967353228,-0.09540582337969851,0.009311952214512075,0.0015790574592884413,-1.218456635648574e-07,0.9996707196725272,-0.02561169277765462
2026-10-03T11:43:15.251 -5.889923206223422,-0.09540665807434251,0.009312055558186646,0.0015791320749455034,-1.3934769999630364e-07,0.9996706599942438,-0.025614017422958057
2026-10-03T11:43:15.313 -5.889941519808371,-0.09540773118852826,0.009312024909418673,0.0015791093291019599,-1.280948463545093e-07,0.9996707196315321,-0.02561169117972116
2026-10-03T11:43:15.341 -5.889959937634388,-0.0954085062807952,0.00931203912895186,0.0015790928471216214,-1.3910979063552912e-07,0.9996707792638727,-0.025609364531793567
2026-10-03T11:43:15.403 -5.8899783554847165,-0.09540922176842008,0.009312038447332733,0.0015790768549742895,-8.088521651959583e-08,0.9996708388958218,-0.025607037657717126
2026-10-03T11:43:15.431 -5.889996683828695,-0.09541035448742179,0.009312097228990233,0.001579084349417171,-3.2106717135996826e-07,0.9996708985092351,-0.025604709845127013
2026-10-03T11:43:15.492 -5.890014863160498,-0.09541154680919221,0.009312155775054336,0.0015791476105507264,-5.0068497841626764e-08,0.9996708388398967,-0.025607035477755228
2026-10-03T11:43:15.524 -5.890033131997899,-0.09541238150423058,0.009312154857851558,0.001579095145920322,-1.1847984156389943e-07,0.9996708985006844,-0.025604709514866483
2026-10-03T11:43:15.581 -5.890051504999685,-0.0954133950145001,0.009312243512455642,0.0015791464685527966,-2.5045653679641803e-09,0.9996709580794281,-0.025602380143052515
2026-10-03T11:43:15.605 -5.890069714280387,-0.09541417010414874,0.00931221269871672,0.0015791274869911974,-1.6000759565844053e-08,0.9996709580944315,-0.0256023807279931
2026-10-03T11:43:15.668 -5.890088117253133,-0.09541488559158876,0.00931219709239471,0.0015791534886563368,-6.234842822231959e-08,0.9996710176932033,-0.02560005192359395
2026-10-03T11:43:15.693 -5.890106519913591,-0.0954160779161514,0.009312375201004077,0.0015792410034133272,-1.5361391952454668e-07,0.9996710176240431,-0.0256000492253383
2026-10-03T11:43:15.756 -5.890124878227028,-0.09541703182161314,0.009312329721754983,0.0015791520922360702,1.956183589372083e-08,0.9996710773136197,-0.02559772375224786
2026-10-03T11:43:15.782 -5.890143087248567,-0.09541780691123171,0.009312462820584311,0.001579243915060828,-1.809848130575199e-07,0.999671077241064,-0.02559772092032261
2026-10-03T11:43:15.842 -5.890161371127722,-0.09541870121111887,0.00931237252009619,0.0015790960923556814,-1.3428820982540527e-07,0.9996711369772142,-0.02559539705097624
2026-10-03T11:43:15.867 -5.890179654769023,-0.09541977432491298,0.009312431231062996,0.0015791023118706406,-1.5613333959942475e-07,0.9996711965916228,-0.025593068220463932
2026-10-03T11:43:15.930 -5.890198072711342,-0.09542066862648312,0.009312370944902844,0.001579046997390756,4.470025665095171e-08,0.9996712562546476,-0.025590741076275864
2026-10-03T11:43:15.962 -5.8902163710439925,-0.09542156292650593,0.00931256378968383,0.001579122408137674,-1.2502625852780363e-07,0.9996713158143857,-0.025588409687574268
2026-10-03T11:43:16.020 -5.890234505768861,-0.09542257643379015,0.009312562660467469,0.0015792421885481311,2.214269022211572e-08,0.9996711964810546,-0.025593063908926666
2026-10-03T11:43:16.043 -5.890252819359062,-0.09542323231546249,0.009312532011631252,0.0015791300995302855,-4.018533168079043e-09,0.9996713158082965,-0.025588409451123145
2026-10-03T11:43:16.104 -5.890271028588141,-0.09542436503297427,0.009312531000235961,0.0015791485228637725,-3.364358434911523e-08,0.9996713157937379,-0.025588408882902387
2026-10-03T11:43:16.130 -5.890289461126819,-0.09542514012540694,0.009312664452470011,0.0015793276533349635,-4.614328937170786e-08,0.9996713156521615,-0.025588403358512146
2026-10-03T11:43:16.200 -5.890307745099465,-0.0954260940299498,0.009312514547421366,0.0015791169304579464,-5.7470741869689615e-08,0.9996714350573636,-0.02558375109455566
2026-10-03T11:43:16.224 -5.8903260880375505,-0.09542728635374835,0.009312767067502316,0.0015792666712742779,-1.314714746831386e-07,0.999671434939021,-0.025583746475501462
2026-10-03T11:43:16.282 -5.890344267541029,-0.09542794223373496,0.0093127213054807,0.001579227368671829,9.546223917576462e-08,0.9996714945893936,-0.025581417988790208
2026-10-03T11:43:16.307 -5.890362491694812,-0.09542907495143708,0.009312705416503156,0.0015791440418917646,3.0652941433507394e-08,0.9996714946552573,-0.02558142055903348
2026-10-03T11:43:16.372 -5.890380864698099,-0.09542996925241706,0.009312794071087739,0.0015792896109253361,-1.469464510089807e-07,0.9996714945402209,-0.025581416067618417
2026-10-03T11:43:16.400 -5.89039901434992,-0.09543080394595732,0.009312778064259878,0.0015792308645324557,1.3630298992138996e-07,0.9996715542059574,-0.025579087968563244
2026-10-03T11:43:16.456 -5.890417372404193,-0.09543175785138899,0.009312896497579033,0.0015792833414411851,-2.086059292869928e-07,0.9996716137838437,-0.02557675622298304
2026-10-03T11:43:16.480 -5.890435685990642,-0.09543271175628519,0.009312865848791561,0.0015792168339358002,-3.4116866317753303e-08,0.9996716138363934,-0.02557675827643904
2026-10-03T11:43:16.549 -5.89045404425921,-0.09543348684780716,0.009312850171798354,0.0015792048911465657,-7.776426513747735e-08,0.9996716734651693,-0.02557442830746698
2026-10-03T11:43:16.576 -5.890472417308117,-0.09543450035808214,0.009312909024117301,0.001579211634684175,1.2333245152647397e-07,0.9996717330791566,-0.025572097550131234
2026-10-03T11:43:16.633 -5.890490701066469,-0.09543563307653471,0.009312893229381017,0.001579179788422664,-1.1980657883057432e-07,0.9996717331043475,-0.025572098532025227
2026-10-03T11:43:16.667 -5.89050902934502,-0.09543634856301483,0.009312996714397977,0.0015792198434132778,1.254011571902229e-07,0.9996717926920043,-0.025569766534423128
2026-10-03T11:43:16.718 -5.8905273131261815,-0.09543754088611489,0.009312966018528874,0.0015792185454113514,-4.950823910696796e-08,0.9996717926930454,-0.02556976657414746
2026-10-03T11:43:16.748 -5.890545611690684,-0.09543873320938889,0.009313009851932928,0.0015792154855626933,1.938565607294405e-07,0.9996718523147798,-0.025567435693666186
2026-10-03T11:43:16.808 -5.890563940066478,-0.09543921027730086,0.009313053732340617,0.0015791921542574942,-1.405337370869071e-07,0.9996719119525875,-0.02556510522525908
2026-10-03T11:43:16.846 -5.890582179169273,-0.09544028339055129,0.009313008064628503,0.0015791220250645287,1.1417375351879655e-07,0.9996719716273326,-0.025562775990469397
2026-10-03T11:43:16.898 -5.890600462741395,-0.09544123729504768,0.009313111479003516,0.001579173434055849,1.1877838064355691e-07,0.9996719715867004,-0.025562774403619436
2026-10-03T11:43:16.923 -5.890618731535429,-0.09544177396685671,0.00931314036403713,0.0015792430212300161,8.567283842733667e-08,0.9996719715317045,-0.025562772255522708
2026-10-03T11:43:16.982 -5.8906370003174535,-0.09544326431298208,0.00931316924922673,0.0015792046695526985,-1.4853747355317636e-08,0.9996719715620248,-0.025562773439239024
2026-10-03T11:43:17.006 -5.89065535837623,-0.09544386059054515,0.00931328768248739,0.0015792694941124945,1.519566823784757e-07,0.9996720311301168,-0.025560439824634115
2026-10-03T11:43:17.067 -5.890673582437271,-0.0954448740989468,0.00931333139806062,0.0015793293144619825,1.6281550757252085e-07,0.9996720310828364,-0.025560437977601737
2026-10-03T11:43:17.094 -5.890691910996295,-0.09544576839939403,0.009313256069396012,0.001579121062150209,3.752534167581865e-08,0.9996721504861276,-0.02555578054199642
2026-10-03T11:43:17.152 -5.8907102243692,-0.09544684151355516,0.009313359530911152,0.001579275356144932,6.773968987075464e-08,0.9996721503641773,-0.02555577577782599
2026-10-03T11:43:17.180 -5.890728523031696,-0.09544773581361625,0.009313343759696186,0.0015792439964632606,4.944055446167455e-08,0.9996721503889645,-0.025555776746189203
2026-10-03T11:43:17.239 -5.8907468514706665,-0.09544880892798413,0.009313342936773664,0.0015791914258024978,1.0487206557797969e-07,0.9996722696692011,-0.025551113652011553
2026-10-03T11:43:17.266 -5.890764986035864,-0.0954494052027358,0.009313446115487034,0.0015793011187873111,-6.737899190690619e-08,0.9996722099631725,-0.025553442729275358
2026-10-03T11:43:17.325 -5.890783210308198,-0.09545047831580684,0.009313355720786901,0.0015791377339599271,5.619118161451241e-08,0.9996723293309889,-0.025548782631837325
2026-10-03T11:43:17.356 -5.890801493948748,-0.09545161103424574,0.009313414431763457,0.0015791581409612993,1.4181135215768803e-07,0.9996723293148528,-0.025548782001547036
2026-10-03T11:43:17.413 -5.890819747675967,-0.0954522073104928,0.009313547601244481,0.0015793124575838222,2.2506088952394316e-07,0.9996723291928798,-0.02554877723479355
2026-10-03T11:43:17.441 -5.890837897487457,-0.09545345923656558,0.009313427286486887,0.0015791313961039505,1.387798023974765e-07,0.9996724485746908,-0.025544116831413284
2026-10-03T11:43:17.503 -5.890856121458009,-0.09545417472173244,0.009313530606581645,0.0015791327044550492,1.4777064718353255e-07,0.999672448573656,-0.025544116790979725
2026-10-03T11:43:17.528 -5.890874315765387,-0.09545506902047482,0.00931354447272961,0.0015792023649157353,1.3162483938010263e-07,0.9996725081379525,-0.02554178132098029
2026-10-03T11:43:17.588 -5.890892539945731,-0.0954559633196006,0.009313513682570503,0.0015792138884433487,4.4884548494720984e-08,0.9996725081288523,-0.02554178096496846
2026-10-03T11:43:17.615 -5.890910734014505,-0.0954570960368947,0.009313676560183148,0.001579204542367954,3.600392551384147e-07,0.999672567755565,-0.025539447720717093
2026-10-03T11:43:17.673 -5.890928958126419,-0.09545781152207797,0.009313690473422497,0.0015791996205511323,1.474847007227598e-07,0.9996725677594734,-0.025539447874178667
2026-10-03T11:43:17.704 -5.890947137461223,-0.0954587654252693,0.009313749019447601,0.0015792624066184484,1.7730569646866976e-07,0.9996725677098474,-0.02553944593409433
2026-10-03T11:43:17.768 -5.890965272354764,-0.0954594809093488,0.009313643582184516,0.0015791246784666868,2.1593565963013027e-07,0.9996726870574091,-0.025534782486300412
2026-10-03T11:43:17.798 -5.890983392035626,-0.09546061362571855,0.009313731836282745,0.0015792643882624642,-7.081771736480166e-09,0.9996726273276516,-0.02553711212768812
2026-10-03T11:43:17.857 -5.8910016311171125,-0.09546150792503194,0.009313701069683952,0.001579173108093725,4.303207009666533e-08,0.9996726870191475,-0.02553478099006925
2026-10-03T11:43:17.889 -5.891019840137151,-0.09546240222394005,0.009313834168532778,0.0015792678659916335,3.556798703267807e-07,0.9996727465635848,-0.025532443888116943
2026-10-03T11:43:17.957 -5.891037974978318,-0.09546353494052748,0.009313758533623075,0.0015791423557220694,1.6615012489483238e-07,0.9996728062821582,-0.025530113382981164
2026-10-03T11:43:17.986 -5.891056124394536,-0.09546436963404038,0.009313891538220893,0.001579226566257093,3.540380690355569e-07,0.9996728062155851,-0.025530110778927712
2026-10-03T11:43:18.046 -5.8910743187710946,-0.09546538314208049,0.009313860700960654,0.001579135707046581,2.983752321789101e-07,0.9996728659067613,-0.025527778988626404
2026-10-03T11:43:18.074 -5.891092453571145,-0.09546603902150427,0.009313814868258092,0.0015790922101710158,2.493635809722371e-07,0.999672925560505,-0.025525445520707686
2026-10-03T11:43:18.140 -5.89111048377222,-0.0954673505506745,0.009313947684451386,0.0015792646416611278,3.064612621918423e-07,0.9996728658048559,-0.025527775003005997
2026-10-03T11:43:18.178 -5.891128707929003,-0.09546824484979755,0.009313931795434846,0.0015791903223475452,2.823140736495041e-07,0.9996729851023212,-0.025523107460903322
2026-10-03T11:43:18.232 -5.891146678722245,-0.09546890072714673,0.009313945308139095,0.0015791699962968088,2.916192037611228e-07,0.9996729851183852,-0.02552310808923645
2026-10-03T11:43:18.262 -5.891164873005311,-0.09546985463053113,0.00931397407543938,0.0015791390040448602,4.085599418302897e-07,0.9996730447622341,-0.025520773805737158
2026-10-03T11:43:18.320 -5.8911829480814895,-0.09547062971848037,0.009314002654227896,0.001579150265408299,2.9435365671238193e-07,0.9996731043727087,-0.025518438004394205
2026-10-03T11:43:18.350 -5.89120099332882,-0.09547164322463074,0.00931404608707735,0.0015792388317906738,2.866187888224132e-07,0.9996730446833447,-0.025520770720363926
2026-10-03T11:43:18.413 -5.891219262164721,-0.09547259712895866,0.009314045169894071,0.0015792598793192589,1.7228785539212894e-07,0.9996731042860851,-0.025518434615513192
2026-10-03T11:43:18.438 -5.891237381921517,-0.0954733126128232,0.009314088720496353,0.0015791745710946503,2.988532595701823e-07,0.9996731639728649,-0.02551610158442117
2026-10-03T11:43:18.495 -5.89125548689122,-0.09547432611973768,0.009314057741874226,0.00157916958583719,1.8035950480260094e-07,0.9996732235961833,-0.025513765856925438
2026-10-03T11:43:18.519 -5.891273695906754,-0.0954755780465144,0.009314190840781547,0.0015791456098314316,3.009875202595543e-07,0.999673283234492,-0.025511430501322055
2026-10-03T11:43:18.583 -5.891291756126659,-0.0954765319482158,0.009314189593753863,0.0015791841364780357,2.3502544047130502e-07,0.9996732832040478,-0.025511429310167887
2026-10-03T11:43:18.610 -5.891309890785348,-0.0954771878276232,0.00931423316790671,0.0015792119119653779,2.2409755977374833e-07,0.9996732831820961,-0.025511428451101655
2026-10-03T11:43:18.668 -5.891327936033429,-0.0954781417291288,0.009314276600746414,0.0015792082080140386,2.7280354947979934e-07,0.9996732831850192,-0.02551142856536213
2026-10-03T11:43:18.696 -5.891346130125763,-0.09547927444642565,0.009314424577216492,0.001579267068980226,3.763803037335539e-07,0.9996733427578599,-0.025509090432820566
2026-10-03T11:43:18.754 -5.891364220526419,-0.09548010913925647,0.009314184959008848,0.0015790875262567108,1.2765541763154236e-07,0.99967346213853,-0.025504422724952326
2026-10-03T11:43:18.781 -5.891382369875707,-0.09548064580953732,0.009314362666985623,0.0015791626334828335,3.140177928058561e-07,0.9996734620791523,-0.025504420400397014
2026-10-03T11:43:18.855 -5.89140047484466,-0.09548171892109657,0.009314331688373244,0.0015790970403214996,3.7842920317316906e-07,0.9996735217503635,-0.025502085475886938
2026-10-03T11:43:18.883 -5.891418520067679,-0.09548279203188897,0.009314390022375016,0.001579198384942676,3.0670764170190787e-07,0.9996734620508966,-0.02550441929434862
2026-10-03T11:43:18.941 -5.891436773836764,-0.0954838055406549,0.00931449338963915,0.0015792013849556799,2.900481448074632e-07,0.9996735216679016,-0.02550208224826435
2026-10-03T11:43:18.967 -5.891454729750923,-0.09548458062710874,0.009314491977660013,0.0015792056531338406,1.6045311796841837e-07,0.9996735216645395,-0.025502082116899315
2026-10-03T11:43:19.024 -5.8914729686697385,-0.09548529611246868,0.00931456551902995,0.0015792820357824898,4.7321447501808783e-07,0.9996735812235188,-0.025499742582473794
2026-10-03T11:43:19.052 -5.891491043603804,-0.0954861308050463,0.009314683504683625,0.0015793273600604625,-6.084937670378237e-08,0.9996736408071202,-0.025497403799663487
2026-10-03T11:43:19.115 -5.89150910396282,-0.09548726352069842,0.00931459285082978,0.0015792572484233484,-1.8624968670812184e-09,0.9996736408625285,-0.02549740597002098
2026-10-03T11:43:19.141 -5.8915261805468955,-0.09548785978213002,0.009314694356760803,0.0015793559348142203,1.7939507580676443e-07,0.9996737004038939,-0.025495065318311107
2026-10-03T11:43:19.199 -5.8915441664260095,-0.09548881368291252,0.009314588683933566,0.001579179338612273,1.261003869408252e-07,0.9996738197822346,-0.025490394947845232
2026-10-03T11:43:19.227 -5.891562286204114,-0.09548970798071413,0.009314617333422528,0.0015792113278008074,1.400656992398798e-07,0.9996738197569504,-0.02549039395754508
2026-10-03T11:43:19.289 -5.891580524974814,-0.09549095990786059,0.009314780281735617,0.0015792687603540297,2.9169413672282865e-07,0.9996738197115449,-0.025490392178762374
2026-10-03T11:43:19.323 -5.891598794051571,-0.09549149657970245,0.009314630353058411,0.001579125235189119,3.909469344126588e-08,0.9996739390637704,-0.02548571992734986
2026-10-03T11:43:19.381 -5.891617062626057,-0.0954926292979346,0.00931479334847263,0.001579307779942745,7.008004277648399e-08,0.9996738793001075,-0.02548805273074646
2026-10-03T11:43:19.406 -5.891635286901393,-0.09549346399242654,0.0093147029537335,0.0015791405452348672,1.8028854976046405e-07,0.9996739986710433,-0.025483380783423645
2026-10-03T11:43:19.461 -5.891653585208234,-0.09549453710638094,0.009314910699686303,0.0015793706387507123,1.4317213703532008e-07,0.9996739388698045,-0.0254857123285852
2026-10-03T11:43:19.496 -5.8916718245032635,-0.09549531219642939,0.009314745822784899,0.0015791049615168815,1.5752700639706575e-07,0.9996740583185562,-0.02548104300070731
2026-10-03T11:43:19.547 -5.891690092940141,-0.09549614689142127,0.00931499822500578,0.0015793267279756201,3.908864734864258e-08,0.9996739985239045,-0.025483375018110276
2026-10-03T11:43:19.574 -5.891708466296081,-0.09549710079708704,0.009314863362461592,0.0015791886099408127,6.11349254444812e-08,0.9996741178718405,-0.02547870131086133
2026-10-03T11:43:19.635 -5.891726630634,-0.09549817390936936,0.009314981489516153,0.0015791985115820898,2.572991359411499e-07,0.9996741178639976,-0.02547870100364248
2026-10-03T11:43:19.662 -5.89174500371097,-0.09549882979177847,0.009315025440634034,0.0015792733150353203,1.552662817269919e-07,0.9996741178048849,-0.025478698687283304
2026-10-03T11:43:19.722 -5.891763213030538,-0.09550026053252504,0.009314964824717218,0.0015791688907899567,2.623451715918733e-07,0.9996742371261889,-0.025474023076808808
2026-10-03T11:43:19.747 -5.891781392394907,-0.09550073759856094,0.009315008469521761,0.0015791769014871953,2.4490528150197996e-07,0.9996742371198591,-0.02547402282878734
2026-10-03T11:43:19.810 -5.891799675916155,-0.09550198952627571,0.009315141686230658,0.0015792326329547648,2.0430784817327195e-07,0.9996742370758148,-0.025474021102624478
2026-10-03T11:43:19.837 -5.891817900357913,-0.09550270501149725,0.009314946983474051,0.0015790810774790186,2.2190908589751518e-07,0.9996743564343826,-0.02546934609299411
2026-10-03T11:43:19.895 -5.891836064554471,-0.09550377812376318,0.009315154517384022,0.0015793267526220014,1.253831707918722e-07,0.9996742966208257,-0.025471678441950328
2026-10-03T11:43:19.924 -5.89185430373245,-0.0955044936091532,0.009315064146185709,0.001579142578530701,2.1852968835626832e-07,0.9996744160051702,-0.02546700401286473
2026-10-03T11:43:19.980 -5.891872527579197,-0.09550568593146455,0.0093152419720713,0.0015793026807848357,2.8448805778255656e-07,0.9996743562592312,-0.025469339226874287
2026-10-03T11:43:20.008 -5.891890662374745,-0.09550669943875696,0.009315196139427233,0.001579193149087912,1.8062956808435934e-07,0.999674475584601,-0.025464662055848297
2026-10-03T11:43:20.068 -5.891908901370246,-0.09550693808696695,0.009315224977291472,0.0015792006881705928,2.4966109737857813e-07,0.9996744755786363,-0.02546466182187985
