recv_wall_ns,sim_stamp_s,frame_id,source,x,y,yaw,lin_speed,ang_speed
1791052952881122554,7.300,odom,"ideal odometry /chassis/odom (IsaacComputeOdometry, relative to Play start)",0.0080,-0.0000,-0.0000,0.0007,0.0009
1791052952920536721,7.317,odom,"ideal odometry /chassis/odom (IsaacComputeOdometry, relative to Play start)",0.0080,-0.0000,0.0000,0.0006,0.0003
1791052952988219254,7.333,odom,"ideal odometry /chassis/odom (IsaacComputeOdometry, relative to Play start)",0.0081,-0.0000,-0.0000,0.0007,0.0004
1791052953016424357,7.350,odom,"ideal odometry /chassis/odom (IsaacComputeOdometry, relative to Play start)",0.0081,-0.0000,-0.0000,0.0007,0.0003
1791052953085751816,7.367,odom,"ideal odometry /chassis/odom (IsaacComputeOdometry, relative to Play start)",0.0081,-0.0000,0.0000,0.0006,0.0000
1791052953123474484,7.383,odom,"ideal odometry /chassis/odom (IsaacComputeOdometry, relative to Play start)",0.0081,-0.0000,-0.0000,0.0007,0.0005
1791052953193656338,7.400,odom,"ideal odometry /chassis/odom (IsaacComputeOdometry, relative to Play start)",0.0081,-0.0000,-0.0000,0.0007,0.0005
1791052953228013598,7.417,odom,"ideal odometry /chassis/odom (IsaacComputeOdometry, relative to Play start)",0.0082,-0.0000,-0.0000,0.0007,0.0011
1791052953298507767,7.433,odom,"ideal odometry /chassis/odom (IsaacComputeOdometry, relative to Play start)",0.0082,-0.0000,-0.0000,0.0008,0.0024
1791052953332562806,7.450,odom,"ideal odometry /chassis/odom (IsaacComputeOdometry, relative to Play start)",0.0082,-0.0000,-0.0000,0.0007,0.0013
1791052953402471321,7.467,odom,"ideal odometry /chassis/odom (IsaacComputeOdometry, relative to Play start)",0.0082,-0.0000,-0.0000,0.0007,0.0013
1791052953433283381,7.483,odom,"ideal odometry /chassis/odom (IsaacComputeOdometry, relative to Play start)",0.0082,-0.0000,-0.0000,0.0009,0.0017
1791052953498057136,7.500,odom,"ideal odometry /chassis/odom (IsaacComputeOdometry, relative to Play start)",0.0082,-0.0000,-0.0000,0.0008,0.0014
1791052953525366069,7.517,odom,"ideal odometry /chassis/odom (IsaacComputeOdometry, relative to Play start)",0.0083,-0.0000,0.0000,0.0007,0.0000
1791052953610488777,7.533,odom,"ideal odometry /chassis/odom (IsaacComputeOdometry, relative to Play start)",0.0083,-0.0000,-0.0000,0.0008,0.0007
1791052953655053395,7.550,odom,"ideal odometry /chassis/odom (IsaacComputeOdometry, relative to Play start)",0.0083,-0.0000,-0.0000,0.0007,0.0007
1791052953712529370,7.567,odom,"ideal odometry /chassis/odom (IsaacComputeOdometry, relative to Play start)",0.0083,-0.0000,0.0000,0.0007,0.0000
1791052953740945248,7.583,odom,"ideal odometry /chassis/odom (IsaacComputeOdometry, relative to Play start)",0.0083,-0.0000,-0.0000,0.0006,0.0003
1791052953808706235,7.600,odom,"ideal odometry /chassis/odom (IsaacComputeOdometry, relative to Play start)",0.0084,-0.0000,-0.0000,0.0007,0.0015
1791052953838592842,7.617,odom,"ideal odometry /chassis/odom (IsaacComputeOdometry, relative to Play start)",0.0084,-0.0000,-0.0000,0.0009,0.0024
1791052953913016384,7.633,odom,"ideal odometry /chassis/odom (IsaacComputeOdometry, relative to Play start)",0.0084,-0.0000,-0.0000,0.0008,0.0012
1791052953948405334,7.650,odom,"ideal odometry /chassis/odom (IsaacComputeOdometry, relative to Play start)",0.0084,-0.0000,-0.0000,0.0008,0.0012
1791052954016756171,7.667,odom,"ideal odometry /chassis/odom (IsaacComputeOdometry, relative to Play start)",0.0084,-0.0000,-0.0000,0.0008,0.0016
1791052954060162475,7.683,odom,"ideal odometry /chassis/odom (IsaacComputeOdometry, relative to Play start)",0.0085,-0.0000,-0.0000,0.0007,0.0018
1791052954122840571,7.700,odom,"ideal odometry /chassis/odom (IsaacComputeOdometry, relative to Play start)",0.0085,-0.0000,0.0000,0.0008,0.0003
1791052954163792128,7.717,odom,"ideal odometry /chassis/odom (IsaacComputeOdometry, relative to Play start)",0.0085,-0.0000,-0.0000,0.0007,0.0010
1791052954226417854,7.733,odom,"ideal odometry /chassis/odom (IsaacComputeOdometry, relative to Play start)",0.0085,-0.0000,-0.0000,0.0006,0.0005
1791052954261649697,7.750,odom,"ideal odometry /chassis/odom (IsaacComputeOdometry, relative to Play start)",0.0085,-0.0000,0.0000,0.0007,0.0001
1791052954333272597,7.767,odom,"ideal odometry /chassis/odom (IsaacComputeOdometry, relative to Play start)",0.0085,-0.0000,-0.0000,0.0007,0.0005
1791052954378371599,7.783,odom,"ideal odometry /chassis/odom (IsaacComputeOdometry, relative to Play start)",0.0086,-0.0000,-0.0000,0.0006,0.0001
1791052954432164054,7.800,odom,"ideal odometry /chassis/odom (IsaacComputeOdometry, relative to Play start)",0.0086,-0.0000,-0.0000,0.0007,0.0000
1791052954457600896,7.817,odom,"ideal odometry /chassis/odom (IsaacComputeOdometry, relative to Play start)",0.0086,-0.0000,-0.0000,0.0007,0.0004
1791052954532112586,7.833,odom,"ideal odometry /chassis/odom (IsaacComputeOdometry, relative to Play start)",0.0086,-0.0000,-0.0000,0.0007,0.0001
1791052954560914036,7.850,odom,"ideal odometry /chassis/odom (IsaacComputeOdometry, relative to Play start)",0.0086,-0.0000,-0.0000,0.0007,0.0001
1791052954632869658,7.867,odom,"ideal odometry /chassis/odom (IsaacComputeOdometry, relative to Play start)",0.0087,-0.0000,-0.0000,0.0006,0.0000
1791052954668167601,7.883,odom,"ideal odometry /chassis/odom (IsaacComputeOdometry, relative to Play start)",0.0087,-0.0000,-0.0000,0.0007,0.0002
1791052954737375081,7.900,odom,"ideal odometry /chassis/odom (IsaacComputeOdometry, relative to Play start)",0.0087,-0.0000,-0.0000,0.0006,0.0001
1791052954768721315,7.917,odom,"ideal odometry /chassis/odom (IsaacComputeOdometry, relative to Play start)",0.0087,-0.0000,-0.0000,0.0007,0.0010
1791052954833559474,7.933,odom,"ideal odometry /chassis/odom (IsaacComputeOdometry, relative to Play start)",0.0087,-0.0000,-0.0000,0.0008,0.0028
1791052954858642824,7.950,odom,"ideal odometry /chassis/odom (IsaacComputeOdometry, relative to Play start)",0.0087,-0.0000,-0.0000,0.0008,0.0010
1791052954929082530,7.967,odom,"ideal odometry /chassis/odom (IsaacComputeOdometry, relative to Play start)",0.0088,-0.0000,0.0000,0.0006,0.0002
1791052954953590388,7.983,odom,"ideal odometry /chassis/odom (IsaacComputeOdometry, relative to Play start)",0.0088,-0.0000,-0.0000,0.0007,0.0011
1791052955022742840,8.000,odom,"ideal odometry /chassis/odom (IsaacComputeOdometry, relative to Play start)",0.0088,-0.0000,-0.0000,0.0008,0.0017
1791052955051904063,8.017,odom,"ideal odometry /chassis/odom (IsaacComputeOdometry, relative to Play start)",0.0088,-0.0000,-0.0000,0.0008,0.0027
1791052955129458686,8.033,odom,"ideal odometry /chassis/odom (IsaacComputeOdometry, relative to Play start)",0.0088,-0.0000,0.0000,0.0007,0.0006
1791052955153970946,8.050,odom,"ideal odometry /chassis/odom (IsaacComputeOdometry, relative to Play start)",0.0089,-0.0000,-0.0000,0.0006,0.0009
1791052955239328235,8.067,odom,"ideal odometry /chassis/odom (IsaacComputeOdometry, relative to Play start)",0.0089,-0.0000,-0.0000,0.0008,0.0022
1791052955262219471,8.083,odom,"ideal odometry /chassis/odom (IsaacComputeOdometry, relative to Play start)",0.0089,-0.0000,-0.0000,0.0008,0.0025
1791052955329104271,8.100,odom,"ideal odometry /chassis/odom (IsaacComputeOdometry, relative to Play start)",0.0089,-0.0000,0.0000,0.0007,0.0007
1791052955353351196,8.117,odom,"ideal odometry /chassis/odom (IsaacComputeOdometry, relative to Play start)",0.0089,-0.0000,-0.0000,0.0007,0.0010
1791052955425288763,8.133,odom,"ideal odometry /chassis/odom (IsaacComputeOdometry, relative to Play start)",0.0090,-0.0000,-0.0000,0.0007,0.0009
1791052955452009846,8.150,odom,"ideal odometry /chassis/odom (IsaacComputeOdometry, relative to Play start)",0.0090,-0.0000,0.0000,0.0006,0.0001
1791052955521859453,8.167,odom,"ideal odometry /chassis/odom (IsaacComputeOdometry, relative to Play start)",0.0090,-0.0000,-0.0000,0.0007,0.0003
1791052955545660351,8.183,odom,"ideal odometry /chassis/odom (IsaacComputeOdometry, relative to Play start)",0.0090,-0.0000,-0.0000,0.0006,0.0003
1791052955615904458,8.200,odom,"ideal odometry /chassis/odom (IsaacComputeOdometry, relative to Play start)",0.0090,-0.0000,0.0000,0.0005,0.0000
1791052955641470154,8.217,odom,"ideal odometry /chassis/odom (IsaacComputeOdometry, relative to Play start)",0.0090,-0.0000,-0.0000,0.0007,0.0004
1791052955714636546,8.233,odom,"ideal odometry /chassis/odom (IsaacComputeOdometry, relative to Play start)",0.0091,-0.0000,-0.0000,0.0007,0.0004
1791052955738567510,8.250,odom,"ideal odometry /chassis/odom (IsaacComputeOdometry, relative to Play start)",0.0091,-0.0000,0.0000,0.0007,0.0003
1791052955809708873,8.267,odom,"ideal odometry /chassis/odom (IsaacComputeOdometry, relative to Play start)",0.0091,-0.0000,-0.0000,0.0007,0.0005
1791052955841253808,8.283,odom,"ideal odometry /chassis/odom (IsaacComputeOdometry, relative to Play start)",0.0091,-0.0000,-0.0000,0.0006,0.0000
1791052955902014995,8.300,odom,"ideal odometry /chassis/odom (IsaacComputeOdometry, relative to Play start)",0.0091,-0.0000,0.0001,0.0017,0.0085
1791052955931290976,8.317,odom,"ideal odometry /chassis/odom (IsaacComputeOdometry, relative to Play start)",0.0092,0.0000,0.0003,0.0023,0.0123
1791052956001727781,8.333,odom,"ideal odometry /chassis/odom (IsaacComputeOdometry, relative to Play start)",0.0092,0.0000,0.0005,0.0027,0.0142
1791052956029079785,8.350,odom,"ideal odometry /chassis/odom (IsaacComputeOdometry, relative to Play start)",0.0092,0.0000,0.0009,0.0052,0.0288
1791052956093787177,8.367,odom,"ideal odometry /chassis/odom (IsaacComputeOdometry, relative to Play start)",0.0092,0.0000,0.0016,0.0101,0.0562
1791052956124105488,8.383,odom,"ideal odometry /chassis/odom (IsaacComputeOdometry, relative to Play start)",0.0092,0.0000,0.0026,0.0145,0.0819
1791052956191406099,8.400,odom,"ideal odometry /chassis/odom (IsaacComputeOdometry, relative to Play start)",0.0093,0.0000,0.0041,0.0164,0.0924
1791052956912340740,8.417,odom,"ideal odometry /chassis/odom (IsaacComputeOdometry, relative to Play start)",0.0093,0.0000,0.0056,0.0184,0.1023
1791052956986047807,8.433,odom,"ideal odometry /chassis/odom (IsaacComputeOdometry, relative to Play start)",0.0093,0.0000,0.0073,0.0191,0.1073
1791052957010872926,8.450,odom,"ideal odometry /chassis/odom (IsaacComputeOdometry, relative to Play start)",0.0093,0.0000,0.0090,0.0201,0.1132
1791052957079455488,8.467,odom,"ideal odometry /chassis/odom (IsaacComputeOdometry, relative to Play start)",0.0094,0.0000,0.0108,0.0198,0.1129
1791052957107045213,8.483,odom,"ideal odometry /chassis/odom (IsaacComputeOdometry, relative to Play start)",0.0094,0.0000,0.0126,0.0204,0.1150
1791052957176733537,8.500,odom,"ideal odometry /chassis/odom (IsaacComputeOdometry, relative to Play start)",0.0094,0.0000,0.0145,0.0203,0.1149
1791052957207132189,8.517,odom,"ideal odometry /chassis/odom (IsaacComputeOdometry, relative to Play start)",0.0095,0.0000,0.0163,0.0208,0.1175
1791052957278055241,8.533,odom,"ideal odometry /chassis/odom (IsaacComputeOdometry, relative to Play start)",0.0095,0.0000,0.0182,0.0208,0.1176
1791052957308924433,8.550,odom,"ideal odometry /chassis/odom (IsaacComputeOdometry, relative to Play start)",0.0096,0.0000,0.0201,0.0215,0.1204
1791052957376691680,8.567,odom,"ideal odometry /chassis/odom (IsaacComputeOdometry, relative to Play start)",0.0097,0.0000,0.0220,0.0211,0.1211
1791052957404755546,8.583,odom,"ideal odometry /chassis/odom (IsaacComputeOdometry, relative to Play start)",0.0097,0.0000,0.0239,0.0219,0.1234
1791052957468461629,8.600,odom,"ideal odometry /chassis/odom (IsaacComputeOdometry, relative to Play start)",0.0098,0.0000,0.0259,0.0219,0.1231
1791052957500653893,8.617,odom,"ideal odometry /chassis/odom (IsaacComputeOdometry, relative to Play start)",0.0099,0.0000,0.0279,0.0225,0.1256
1791052957568679873,8.633,odom,"ideal odometry /chassis/odom (IsaacComputeOdometry, relative to Play start)",0.0099,0.0000,0.0298,0.0224,0.1256
1791052957596214469,8.650,odom,"ideal odometry /chassis/odom (IsaacComputeOdometry, relative to Play start)",0.0100,0.0000,0.0319,0.0228,0.1274
1791052957665898091,8.667,odom,"ideal odometry /chassis/odom (IsaacComputeOdometry, relative to Play start)",0.0101,0.0000,0.0339,0.0224,0.1273
1791052957694185070,8.683,odom,"ideal odometry /chassis/odom (IsaacComputeOdometry, relative to Play start)",0.0102,0.0000,0.0360,0.0230,0.1284
1791052957766649805,8.700,odom,"ideal odometry /chassis/odom (IsaacComputeOdometry, relative to Play start)",0.0103,0.0000,0.0380,0.0228,0.1275
1791052957806007612,8.717,odom,"ideal odometry /chassis/odom (IsaacComputeOdometry, relative to Play start)",0.0104,0.0000,0.0401,0.0234,0.1301
1791052957867071352,8.733,odom,"ideal odometry /chassis/odom (IsaacComputeOdometry, relative to Play start)",0.0105,0.0001,0.0422,0.0231,0.1302
1791052957896459391,8.750,odom,"ideal odometry /chassis/odom (IsaacComputeOdometry, relative to Play start)",0.0106,0.0001,0.0443,0.0240,0.1324
1791052957969201867,8.767,odom,"ideal odometry /chassis/odom (IsaacComputeOdometry, relative to Play start)",0.0107,0.0001,0.0464,0.0239,0.1319
1791052958001372420,8.783,odom,"ideal odometry /chassis/odom (IsaacComputeOdometry, relative to Play start)",0.0108,0.0001,0.0486,0.0246,0.1354
1791052958062179130,8.800,odom,"ideal odometry /chassis/odom (IsaacComputeOdometry, relative to Play start)",0.0109,0.0001,0.0508,0.0243,0.1349
1791052958089904323,8.817,odom,"ideal odometry /chassis/odom (IsaacComputeOdometry, relative to Play start)",0.0111,0.0001,0.0530,0.0252,0.1382
1791052958160718019,8.833,odom,"ideal odometry /chassis/odom (IsaacComputeOdometry, relative to Play start)",0.0112,0.0001,0.0552,0.0248,0.1378
1791052958191687362,8.850,odom,"ideal odometry /chassis/odom (IsaacComputeOdometry, relative to Play start)",0.0113,0.0001,0.0575,0.0257,0.1408
1791052958262973899,8.867,odom,"ideal odometry /chassis/odom (IsaacComputeOdometry, relative to Play start)",0.0114,0.0001,0.0598,0.0254,0.1410
1791052958291298697,8.883,odom,"ideal odometry /chassis/odom (IsaacComputeOdometry, relative to Play start)",0.0116,0.0001,0.0621,0.0263,0.1437
1791052958362763624,8.900,odom,"ideal odometry /chassis/odom (IsaacComputeOdometry, relative to Play start)",0.0117,0.0001,0.0644,0.0259,0.1433
1791052958397021838,8.917,odom,"ideal odometry /chassis/odom (IsaacComputeOdometry, relative to Play start)",0.0118,0.0001,0.0668,0.0268,0.1465
1791052958467536282,8.933,odom,"ideal odometry /chassis/odom (IsaacComputeOdometry, relative to Play start)",0.0120,0.0001,0.0692,0.0266,0.1461
1791052958494994540,8.950,odom,"ideal odometry /chassis/odom (IsaacComputeOdometry, relative to Play start)",0.0121,0.0002,0.0716,0.0274,0.1493
1791052958565547604,8.967,odom,"ideal odometry /chassis/odom (IsaacComputeOdometry, relative to Play start)",0.0123,0.0002,0.0741,0.0273,0.1487
1791052958588986418,8.983,odom,"ideal odometry /chassis/odom (IsaacComputeOdometry, relative to Play start)",0.0124,0.0002,0.0766,0.0280,0.1519
1791052958663385737,9.000,odom,"ideal odometry /chassis/odom (IsaacComputeOdometry, relative to Play start)",0.0126,0.0002,0.0791,0.0281,0.1514
1791052958688802857,9.017,odom,"ideal odometry /chassis/odom (IsaacComputeOdometry, relative to Play start)",0.0127,0.0002,0.0816,0.0286,0.1548
1791052958771699596,9.033,odom,"ideal odometry /chassis/odom (IsaacComputeOdometry, relative to Play start)",0.0129,0.0002,0.0842,0.0286,0.1550
1791052958798387662,9.050,odom,"ideal odometry /chassis/odom (IsaacComputeOdometry, relative to Play start)",0.0131,0.0002,0.0868,0.0295,0.1587
1791052958864655848,9.067,odom,"ideal odometry /chassis/odom (IsaacComputeOdometry, relative to Play start)",0.0132,0.0003,0.0894,0.0299,0.1596
1791052958892690398,9.083,odom,"ideal odometry /chassis/odom (IsaacComputeOdometry, relative to Play start)",0.0134,0.0003,0.0921,0.0303,0.1636
1791052958965253584,9.100,odom,"ideal odometry /chassis/odom (IsaacComputeOdometry, relative to Play start)",0.0135,0.0003,0.0949,0.0329,0.1797
1791052958989458788,9.117,odom,"ideal odometry /chassis/odom (IsaacComputeOdometry, relative to Play start)",0.0137,0.0003,0.0982,0.0380,0.2093
1791052959062438585,9.133,odom,"ideal odometry /chassis/odom (IsaacComputeOdometry, relative to Play start)",0.0139,0.0003,0.1019,0.0433,0.2410
1791052959090478839,9.150,odom,"ideal odometry /chassis/odom (IsaacComputeOdometry, relative to Play start)",0.0141,0.0003,0.1063,0.0497,0.2800
1791052959163451733,9.167,odom,"ideal odometry /chassis/odom (IsaacComputeOdometry, relative to Play start)",0.0142,0.0004,0.1113,0.0568,0.3217
1791052959189783017,9.183,odom,"ideal odometry /chassis/odom (IsaacComputeOdometry, relative to Play start)",0.0144,0.0004,0.1170,0.0642,0.3637
1791052959256513238,9.200,odom,"ideal odometry /chassis/odom (IsaacComputeOdometry, relative to Play start)",0.0146,0.0004,0.1234,0.0719,0.4073
1791052959282301247,9.217,odom,"ideal odometry /chassis/odom (IsaacComputeOdometry, relative to Play start)",0.0148,0.0005,0.1305,0.0795,0.4514
1791052959354621909,9.233,odom,"ideal odometry /chassis/odom (IsaacComputeOdometry, relative to Play start)",0.0150,0.0005,0.1384,0.0873,0.4965
1791052959380620825,9.250,odom,"ideal odometry /chassis/odom (IsaacComputeOdometry, relative to Play start)",0.0152,0.0005,0.1471,0.0951,0.5404
1791052959449052910,9.267,odom,"ideal odometry /chassis/odom (IsaacComputeOdometry, relative to Play start)",0.0154,0.0006,0.1563,0.1006,0.5713
1791052959483487514,9.283,odom,"ideal odometry /chassis/odom (IsaacComputeOdometry, relative to Play start)",0.0156,0.0006,0.1660,0.1047,0.5944
1791052959543412576,9.300,odom,"ideal odometry /chassis/odom (IsaacComputeOdometry, relative to Play start)",0.0158,0.0006,0.1761,0.1080,0.6112
1791052959568576267,9.317,odom,"ideal odometry /chassis/odom (IsaacComputeOdometry, relative to Play start)",0.0160,0.0007,0.1864,0.1103,0.6248
1791052959640339646,9.333,odom,"ideal odometry /chassis/odom (IsaacComputeOdometry, relative to Play start)",0.0163,0.0007,0.1969,0.1120,0.6365
1791052959668728677,9.350,odom,"ideal odometry /chassis/odom (IsaacComputeOdometry, relative to Play start)",0.0165,0.0008,0.2076,0.1137,0.6455
1791052959735330332,9.367,odom,"ideal odometry /chassis/odom (IsaacComputeOdometry, relative to Play start)",0.0166,0.0008,0.2184,0.1149,0.6537
1791052959762547267,9.383,odom,"ideal odometry /chassis/odom (IsaacComputeOdometry, relative to Play start)",0.0168,0.0009,0.2293,0.1160,0.6605
1791052959831172051,9.400,odom,"ideal odometry /chassis/odom (IsaacComputeOdometry, relative to Play start)",0.0170,0.0009,0.2404,0.1170,0.6657
1791052959857366866,9.417,odom,"ideal odometry /chassis/odom (IsaacComputeOdometry, relative to Play start)",0.0171,0.0009,0.2515,0.1177,0.6706
1791052959928578665,9.433,odom,"ideal odometry /chassis/odom (IsaacComputeOdometry, relative to Play start)",0.0172,0.0010,0.2626,0.1159,0.6609
1791052959953751360,9.450,odom,"ideal odometry /chassis/odom (IsaacComputeOdometry, relative to Play start)",0.0173,0.0010,0.2734,0.1133,0.6465
1791052960026333656,9.467,odom,"ideal odometry /chassis/odom (IsaacComputeOdometry, relative to Play start)",0.0174,0.0010,0.2841,0.1117,0.6364
1791052960052994708,9.483,odom,"ideal odometry /chassis/odom (IsaacComputeOdometry, relative to Play start)",0.0175,0.0010,0.2946,0.1105,0.6299
1791052960125827231,9.500,odom,"ideal odometry /chassis/odom (IsaacComputeOdometry, relative to Play start)",0.0175,0.0011,0.3051,0.1096,0.6257
1791052960151282870,9.517,odom,"ideal odometry /chassis/odom (IsaacComputeOdometry, relative to Play start)",0.0175,0.0011,0.3155,0.1091,0.6225
1791052960230802792,9.533,odom,"ideal odometry /chassis/odom (IsaacComputeOdometry, relative to Play start)",0.0175,0.0011,0.3258,0.1086,0.6207
1791052960255888644,9.550,odom,"ideal odometry /chassis/odom (IsaacComputeOdometry, relative to Play start)",0.0174,0.0010,0.3361,0.1085,0.6187
1791052960325304530,9.567,odom,"ideal odometry /chassis/odom (IsaacComputeOdometry, relative to Play start)",0.0174,0.0010,0.3464,0.1083,0.6173
1791052960352769391,9.583,odom,"ideal odometry /chassis/odom (IsaacComputeOdometry, relative to Play start)",0.0173,0.0010,0.3567,0.1082,0.6163
1791052960424071635,9.600,odom,"ideal odometry /chassis/odom (IsaacComputeOdometry, relative to Play start)",0.0172,0.0010,0.3668,0.1056,0.6013
1791052960450438638,9.617,odom,"ideal odometry /chassis/odom (IsaacComputeOdometry, relative to Play start)",0.0171,0.0009,0.3766,0.1023,0.5819
1791052960522356996,9.633,odom,"ideal odometry /chassis/odom (IsaacComputeOdometry, relative to Play start)",0.0170,0.0009,0.3862,0.1000,0.5678
1791052960546101866,9.650,odom,"ideal odometry /chassis/odom (IsaacComputeOdometry, relative to Play start)",0.0169,0.0009,0.3955,0.0983,0.5579
1791052960621808850,9.667,odom,"ideal odometry /chassis/odom (IsaacComputeOdometry, relative to Play start)",0.0168,0.0008,0.4048,0.0971,0.5506
1791052960649859108,9.683,odom,"ideal odometry /chassis/odom (IsaacComputeOdometry, relative to Play start)",0.0167,0.0008,0.4139,0.0960,0.5463
1791052960718601452,9.700,odom,"ideal odometry /chassis/odom (IsaacComputeOdometry, relative to Play start)",0.0166,0.0007,0.4230,0.0954,0.5422
1791052960745799077,9.717,odom,"ideal odometry /chassis/odom (IsaacComputeOdometry, relative to Play start)",0.0165,0.0007,0.4320,0.0950,0.5392
1791052960817484816,9.733,odom,"ideal odometry /chassis/odom (IsaacComputeOdometry, relative to Play start)",0.0163,0.0006,0.4409,0.0946,0.5373
1791052960844914360,9.750,odom,"ideal odometry /chassis/odom (IsaacComputeOdometry, relative to Play start)",0.0162,0.0005,0.4499,0.0944,0.5353
1791052960912010666,9.767,odom,"ideal odometry /chassis/odom (IsaacComputeOdometry, relative to Play start)",0.0161,0.0005,0.4588,0.0941,0.5343
1791052960946491894,9.783,odom,"ideal odometry /chassis/odom (IsaacComputeOdometry, relative to Play start)",0.0159,0.0004,0.4677,0.0940,0.5328
1791052961010016485,9.800,odom,"ideal odometry /chassis/odom (IsaacComputeOdometry, relative to Play start)",0.0158,0.0003,0.4764,0.0916,0.5173
1791052961034854511,9.817,odom,"ideal odometry /chassis/odom (IsaacComputeOdometry, relative to Play start)",0.0157,0.0003,0.4848,0.0882,0.4979
1791052961107575176,9.833,odom,"ideal odometry /chassis/odom (IsaacComputeOdometry, relative to Play start)",0.0155,0.0002,0.4930,0.0858,0.4847
1791052961133233719,9.850,odom,"ideal odometry /chassis/odom (IsaacComputeOdometry, relative to Play start)",0.0154,0.0001,0.5010,0.0840,0.4756
1791052961206829129,9.867,odom,"ideal odometry /chassis/odom (IsaacComputeOdometry, relative to Play start)",0.0153,0.0000,0.5089,0.0829,0.4690
1791052961232036443,9.883,odom,"ideal odometry /chassis/odom (IsaacComputeOdometry, relative to Play start)",0.0151,-0.0000,0.5166,0.0820,0.4648
1791052961304883573,9.900,odom,"ideal odometry /chassis/odom (IsaacComputeOdometry, relative to Play start)",0.0150,-0.0001,0.5244,0.0815,0.4613
1791052961330966531,9.917,odom,"ideal odometry /chassis/odom (IsaacComputeOdometry, relative to Play start)",0.0149,-0.0002,0.5320,0.0811,0.4590
1791052961405218675,9.933,odom,"ideal odometry /chassis/odom (IsaacComputeOdometry, relative to Play start)",0.0147,-0.0003,0.5397,0.0808,0.4573
1791052961432255619,9.950,odom,"ideal odometry /chassis/odom (IsaacComputeOdometry, relative to Play start)",0.0146,-0.0003,0.5473,0.0804,0.4565
1791052961502576565,9.967,odom,"ideal odometry /chassis/odom (IsaacComputeOdometry, relative to Play start)",0.0145,-0.0004,0.5549,0.0804,0.4550
1791052961528617502,9.983,odom,"ideal odometry /chassis/odom (IsaacComputeOdometry, relative to Play start)",0.0143,-0.0005,0.5624,0.0802,0.4548
1791052961601208502,10.000,odom,"ideal odometry /chassis/odom (IsaacComputeOdometry, relative to Play start)",0.0142,-0.0006,0.5699,0.0778,0.4397
1791052961627135981,10.017,odom,"ideal odometry /chassis/odom (IsaacComputeOdometry, relative to Play start)",0.0141,-0.0007,0.5770,0.0743,0.4205
1791052961707496330,10.033,odom,"ideal odometry /chassis/odom (IsaacComputeOdometry, relative to Play start)",0.0139,-0.0007,0.5839,0.0719,0.4078
1791052961734841330,10.050,odom,"ideal odometry /chassis/odom (IsaacComputeOdometry, relative to Play start)",0.0138,-0.0008,0.5906,0.0700,0.3980
1791052961807889062,10.067,odom,"ideal odometry /chassis/odom (IsaacComputeOdometry, relative to Play start)",0.0137,-0.0009,0.5971,0.0689,0.3924
1791052961830525269,10.083,odom,"ideal odometry /chassis/odom (IsaacComputeOdometry, relative to Play start)",0.0135,-0.0010,0.6036,0.0685,0.3861
1791052961902652633,10.100,odom,"ideal odometry /chassis/odom (IsaacComputeOdometry, relative to Play start)",0.0134,-0.0011,0.6101,0.0704,0.3990
1791052961929277167,10.117,odom,"ideal odometry /chassis/odom (IsaacComputeOdometry, relative to Play start)",0.0132,-0.0012,0.6170,0.0742,0.4198
1791052962003940620,10.133,odom,"ideal odometry /chassis/odom (IsaacComputeOdometry, relative to Play start)",0.0131,-0.0013,0.6243,0.0794,0.4498
1791052962027948824,10.150,odom,"ideal odometry /chassis/odom (IsaacComputeOdometry, relative to Play start)",0.0130,-0.0014,0.6321,0.0854,0.4847
1791052962098227048,10.167,odom,"ideal odometry /chassis/odom (IsaacComputeOdometry, relative to Play start)",0.0128,-0.0015,0.6405,0.0919,0.5220
1791052962122535905,10.183,odom,"ideal odometry /chassis/odom (IsaacComputeOdometry, relative to Play start)",0.0127,-0.0016,0.6495,0.0988,0.5600
1791052962196763636,10.200,odom,"ideal odometry /chassis/odom (IsaacComputeOdometry, relative to Play start)",0.0125,-0.0017,0.6592,0.1047,0.5945
1791052962220383943,10.217,odom,"ideal odometry /chassis/odom (IsaacComputeOdometry, relative to Play start)",0.0124,-0.0019,0.6693,0.1090,0.6166
1791052962291070875,10.233,odom,"ideal odometry /chassis/odom (IsaacComputeOdometry, relative to Play start)",0.0122,-0.0020,0.6797,0.1116,0.6331
1791052962318869205,10.250,odom,"ideal odometry /chassis/odom (IsaacComputeOdometry, relative to Play start)",0.0120,-0.0022,0.6904,0.1137,0.6431
1791052962388833270,10.267,odom,"ideal odometry /chassis/odom (IsaacComputeOdometry, relative to Play start)",0.0119,-0.0023,0.7012,0.1149,0.6509
1791052962422518293,10.283,odom,"ideal odometry /chassis/odom (IsaacComputeOdometry, relative to Play start)",0.0117,-0.0024,0.7120,0.1159,0.6558
1791052962486431181,10.300,odom,"ideal odometry /chassis/odom (IsaacComputeOdometry, relative to Play start)",0.0115,-0.0026,0.7229,0.1141,0.6458
1791052962510062594,10.317,odom,"ideal odometry /chassis/odom (IsaacComputeOdometry, relative to Play start)",0.0113,-0.0028,0.7335,0.1113,0.6304
1791052962583932944,10.333,odom,"ideal odometry /chassis/odom (IsaacComputeOdometry, relative to Play start)",0.0112,-0.0029,0.7439,0.1095,0.6193
1791052962613241142,10.350,odom,"ideal odometry /chassis/odom (IsaacComputeOdometry, relative to Play start)",0.0110,-0.0031,0.7541,0.1081,0.6118
1791052962685173607,10.367,odom,"ideal odometry /chassis/odom (IsaacComputeOdometry, relative to Play start)",0.0108,-0.0032,0.7643,0.1072,0.6065
1791052962709747598,10.383,odom,"ideal odometry /chassis/odom (IsaacComputeOdometry, relative to Play start)",0.0107,-0.0034,0.7743,0.1063,0.6035
1791052962782416738,10.400,odom,"ideal odometry /chassis/odom (IsaacComputeOdometry, relative to Play start)",0.0105,-0.0035,0.7843,0.1062,0.5999
1791052962809334420,10.417,odom,"ideal odometry /chassis/odom (IsaacComputeOdometry, relative to Play start)",0.0104,-0.0037,0.7943,0.1056,0.5989
1791052962880666980,10.433,odom,"ideal odometry /chassis/odom (IsaacComputeOdometry, relative to Play start)",0.0102,-0.0038,0.8041,0.1032,0.5835
1791052962905739826,10.450,odom,"ideal odometry /chassis/odom (IsaacComputeOdometry, relative to Play start)",0.0101,-0.0040,0.8137,0.1002,0.5636
1791052962978092404,10.467,odom,"ideal odometry /chassis/odom (IsaacComputeOdometry, relative to Play start)",0.0099,-0.0041,0.8230,0.0980,0.5499
1791052963003458999,10.483,odom,"ideal odometry /chassis/odom (IsaacComputeOdometry, relative to Play start)",0.0098,-0.0043,0.8321,0.0964,0.5408
1791052963074253585,10.500,odom,"ideal odometry /chassis/odom (IsaacComputeOdometry, relative to Play start)",0.0097,-0.0044,0.8410,0.0947,0.5363
1791052963099383059,10.517,odom,"ideal odometry /chassis/odom (IsaacComputeOdometry, relative to Play start)",0.0095,-0.0046,0.8499,0.0942,0.5314
1791052963179624748,10.533,odom,"ideal odometry /chassis/odom (IsaacComputeOdometry, relative to Play start)",0.0094,-0.0047,0.8587,0.0938,0.5281
1791052963206189851,10.550,odom,"ideal odometry /chassis/odom (IsaacComputeOdometry, relative to Play start)",0.0093,-0.0049,0.8675,0.0934,0.5264
1791052963272953289,10.567,odom,"ideal odometry /chassis/odom (IsaacComputeOdometry, relative to Play start)",0.0092,-0.0050,0.8763,0.0930,0.5251
1791052963295554578,10.583,odom,"ideal odometry /chassis/odom (IsaacComputeOdometry, relative to Play start)",0.0090,-0.0052,0.8850,0.0929,0.5239
1791052963365156270,10.600,odom,"ideal odometry /chassis/odom (IsaacComputeOdometry, relative to Play start)",0.0089,-0.0053,0.8938,0.0928,0.5234
1791052963392514463,10.617,odom,"ideal odometry /chassis/odom (IsaacComputeOdometry, relative to Play start)",0.0088,-0.0055,0.9025,0.0928,0.5230
1791052963455156258,10.633,odom,"ideal odometry /chassis/odom (IsaacComputeOdometry, relative to Play start)",0.0087,-0.0056,0.9111,0.0901,0.5088
1791052963480080152,10.650,odom,"ideal odometry /chassis/odom (IsaacComputeOdometry, relative to Play start)",0.0086,-0.0058,0.9194,0.0867,0.4903
1791052963547321964,10.667,odom,"ideal odometry /chassis/odom (IsaacComputeOdometry, relative to Play start)",0.0084,-0.0059,0.9274,0.0847,0.4768
1791052963569745190,10.683,odom,"ideal odometry /chassis/odom (IsaacComputeOdometry, relative to Play start)",0.0083,-0.0061,0.9353,0.0831,0.4686
1791052963634182002,10.700,odom,"ideal odometry /chassis/odom (IsaacComputeOdometry, relative to Play start)",0.0082,-0.0062,0.9430,0.0820,0.4625
1791052963659506662,10.717,odom,"ideal odometry /chassis/odom (IsaacComputeOdometry, relative to Play start)",0.0081,-0.0064,0.9507,0.0814,0.4588
1791052963725478065,10.733,odom,"ideal odometry /chassis/odom (IsaacComputeOdometry, relative to Play start)",0.0080,-0.0065,0.9583,0.0807,0.4563
1791052963747664517,10.750,odom,"ideal odometry /chassis/odom (IsaacComputeOdometry, relative to Play start)",0.0079,-0.0066,0.9659,0.0804,0.4545
1791052963813753162,10.767,odom,"ideal odometry /chassis/odom (IsaacComputeOdometry, relative to Play start)",0.0078,-0.0068,0.9734,0.0803,0.4528
1791052963845543347,10.783,odom,"ideal odometry /chassis/odom (IsaacComputeOdometry, relative to Play start)",0.0077,-0.0069,0.9810,0.0794,0.4535
1791052963904700984,10.800,odom,"ideal odometry /chassis/odom (IsaacComputeOdometry, relative to Play start)",0.0076,-0.0071,0.9885,0.0800,0.4510
1791052963927240718,10.817,odom,"ideal odometry /chassis/odom (IsaacComputeOdometry, relative to Play start)",0.0076,-0.0072,0.9960,0.0798,0.4515
1791052963992081964,10.833,odom,"ideal odometry /chassis/odom (IsaacComputeOdometry, relative to Play start)",0.0075,-0.0073,1.0034,0.0776,0.4362
1791052964015688790,10.850,odom,"ideal odometry /chassis/odom (IsaacComputeOdometry, relative to Play start)",0.0074,-0.0075,1.0104,0.0739,0.4179
1791052964077152302,10.867,odom,"ideal odometry /chassis/odom (IsaacComputeOdometry, relative to Play start)",0.0073,-0.0076,1.0173,0.0715,0.4040
1791052964100064845,10.883,odom,"ideal odometry /chassis/odom (IsaacComputeOdometry, relative to Play start)",0.0072,-0.0078,1.0239,0.0701,0.3933
1791052964163190182,10.900,odom,"ideal odometry /chassis/odom (IsaacComputeOdometry, relative to Play start)",0.0071,-0.0079,1.0304,0.0687,0.3893
1791052964186190175,10.917,odom,"ideal odometry /chassis/odom (IsaacComputeOdometry, relative to Play start)",0.0070,-0.0081,1.0368,0.0680,0.3837
1791052964248050236,10.933,odom,"ideal odometry /chassis/odom (IsaacComputeOdometry, relative to Play start)",0.0069,-0.0082,1.0432,0.0675,0.3820
1791052964273501304,10.950,odom,"ideal odometry /chassis/odom (IsaacComputeOdometry, relative to Play start)",0.0068,-0.0084,1.0495,0.0671,0.3788
1791052964335103050,10.967,odom,"ideal odometry /chassis/odom (IsaacComputeOdometry, relative to Play start)",0.0067,-0.0085,1.0558,0.0668,0.3789
1791052964358069034,10.983,odom,"ideal odometry /chassis/odom (IsaacComputeOdometry, relative to Play start)",0.0067,-0.0087,1.0621,0.0667,0.3767
1791052964421997646,11.000,odom,"ideal odometry /chassis/odom (IsaacComputeOdometry, relative to Play start)",0.0066,-0.0088,1.0685,0.0691,0.3917
1791052964446343489,11.017,odom,"ideal odometry /chassis/odom (IsaacComputeOdometry, relative to Play start)",0.0065,-0.0090,1.0752,0.0732,0.4142
1791052964515348510,11.033,odom,"ideal odometry /chassis/odom (IsaacComputeOdometry, relative to Play start)",0.0064,-0.0092,1.0824,0.0783,0.4464
1791052964538183686,11.050,odom,"ideal odometry /chassis/odom (IsaacComputeOdometry, relative to Play start)",0.0063,-0.0093,1.0901,0.0846,0.4807
1791052964600228089,11.067,odom,"ideal odometry /chassis/odom (IsaacComputeOdometry, relative to Play start)",0.0062,-0.0095,1.0985,0.0912,0.5185
1791052964626609024,11.083,odom,"ideal odometry /chassis/odom (IsaacComputeOdometry, relative to Play start)",0.0062,-0.0096,1.1075,0.0981,0.5573
1791052964688217094,11.100,odom,"ideal odometry /chassis/odom (IsaacComputeOdometry, relative to Play start)",0.0061,-0.0098,1.1171,0.1043,0.5913
1791052964713535979,11.117,odom,"ideal odometry /chassis/odom (IsaacComputeOdometry, relative to Play start)",0.0060,-0.0100,1.1272,0.1088,0.6135
1791052964774941466,11.133,odom,"ideal odometry /chassis/odom (IsaacComputeOdometry, relative to Play start)",0.0059,-0.0102,1.1376,0.1115,0.6300
1791052964798231859,11.150,odom,"ideal odometry /chassis/odom (IsaacComputeOdometry, relative to Play start)",0.0058,-0.0104,1.1482,0.1134,0.6411
1791052964860043796,11.167,odom,"ideal odometry /chassis/odom (IsaacComputeOdometry, relative to Play start)",0.0057,-0.0106,1.1589,0.1146,0.6488
1791052964885158630,11.183,odom,"ideal odometry /chassis/odom (IsaacComputeOdometry, relative to Play start)",0.0056,-0.0108,1.1698,0.1153,0.6545
1791052964946959842,11.200,odom,"ideal odometry /chassis/odom (IsaacComputeOdometry, relative to Play start)",0.0055,-0.0111,1.1807,0.1160,0.6576
1791052964969729568,11.217,odom,"ideal odometry /chassis/odom (IsaacComputeOdometry, relative to Play start)",0.0054,-0.0113,1.1915,0.1143,0.6464
1791052965033708139,11.233,odom,"ideal odometry /chassis/odom (IsaacComputeOdometry, relative to Play start)",0.0053,-0.0115,1.2021,0.1115,0.6299
1791052965058728832,11.250,odom,"ideal odometry /chassis/odom (IsaacComputeOdometry, relative to Play start)",0.0052,-0.0117,1.2125,0.1093,0.6192
1791052965118434543,11.267,odom,"ideal odometry /chassis/odom (IsaacComputeOdometry, relative to Play start)",0.0052,-0.0119,1.2228,0.1078,0.6118
1791052965150507429,11.283,odom,"ideal odometry /chassis/odom (IsaacComputeOdometry, relative to Play start)",0.0051,-0.0122,1.2329,0.1074,0.6047
1791052965212068565,11.300,odom,"ideal odometry /chassis/odom (IsaacComputeOdometry, relative to Play start)",0.0050,-0.0124,1.2430,0.1065,0.6017
1791052965235421292,11.317,odom,"ideal odometry /chassis/odom (IsaacComputeOdometry, relative to Play start)",0.0050,-0.0126,1.2530,0.1059,0.5996
1791052965298369620,11.333,odom,"ideal odometry /chassis/odom (IsaacComputeOdometry, relative to Play start)",0.0049,-0.0128,1.2629,0.1055,0.5981
1791052965321714188,11.350,odom,"ideal odometry /chassis/odom (IsaacComputeOdometry, relative to Play start)",0.0048,-0.0130,1.2729,0.1050,0.5975
1791052965385084458,11.367,odom,"ideal odometry /chassis/odom (IsaacComputeOdometry, relative to Play start)",0.0048,-0.0132,1.2828,0.1054,0.5953
1791052965410039060,11.383,odom,"ideal odometry /chassis/odom (IsaacComputeOdometry, relative to Play start)",0.0047,-0.0134,1.2926,0.1032,0.5803
1791052965470212822,11.400,odom,"ideal odometry /chassis/odom (IsaacComputeOdometry, relative to Play start)",0.0046,-0.0136,1.3021,0.0997,0.5622
1791052965495020023,11.417,odom,"ideal odometry /chassis/odom (IsaacComputeOdometry, relative to Play start)",0.0046,-0.0138,1.3113,0.0976,0.5488
1791052965559799485,11.433,odom,"ideal odometry /chassis/odom (IsaacComputeOdometry, relative to Play start)",0.0045,-0.0140,1.3204,0.0959,0.5406
1791052965581569036,11.450,odom,"ideal odometry /chassis/odom (IsaacComputeOdometry, relative to Play start)",0.0045,-0.0142,1.3294,0.0949,0.5342
1791052965644281965,11.467,odom,"ideal odometry /chassis/odom (IsaacComputeOdometry, relative to Play start)",0.0044,-0.0144,1.3382,0.0943,0.5298
1791052965668326316,11.483,odom,"ideal odometry /chassis/odom (IsaacComputeOdometry, relative to Play start)",0.0044,-0.0146,1.3471,0.0936,0.5274
1791052965728656644,11.500,odom,"ideal odometry /chassis/odom (IsaacComputeOdometry, relative to Play start)",0.0043,-0.0148,1.3560,0.0957,0.5397
1791052965751342312,11.517,odom,"ideal odometry /chassis/odom (IsaacComputeOdometry, relative to Play start)",0.0043,-0.0150,1.3652,0.0996,0.5617
1791052965822041425,11.533,odom,"ideal odometry /chassis/odom (IsaacComputeOdometry, relative to Play start)",0.0043,-0.0152,1.3748,0.1046,0.5908
1791052965844731218,11.550,odom,"ideal odometry /chassis/odom (IsaacComputeOdometry, relative to Play start)",0.0042,-0.0154,1.3849,0.1083,0.6156
1791052965906158521,11.567,odom,"ideal odometry /chassis/odom (IsaacComputeOdometry, relative to Play start)",0.0042,-0.0156,1.3953,0.1114,0.6307
1791052965928573681,11.583,odom,"ideal odometry /chassis/odom (IsaacComputeOdometry, relative to Play start)",0.0041,-0.0158,1.4059,0.1132,0.6419
1791052965988985592,11.600,odom,"ideal odometry /chassis/odom (IsaacComputeOdometry, relative to Play start)",0.0041,-0.0161,1.4166,0.1151,0.6480
1791052966013193569,11.617,odom,"ideal odometry /chassis/odom (IsaacComputeOdometry, relative to Play start)",0.0041,-0.0163,1.4275,0.1156,0.6542
1791052966076596381,11.633,odom,"ideal odometry /chassis/odom (IsaacComputeOdometry, relative to Play start)",0.0040,-0.0165,1.4384,0.1161,0.6582
1791052966099457040,11.650,odom,"ideal odometry /chassis/odom (IsaacComputeOdometry, relative to Play start)",0.0040,-0.0168,1.4493,0.1148,0.6456
1791052966160982335,11.667,odom,"ideal odometry /chassis/odom (IsaacComputeOdometry, relative to Play start)",0.0040,-0.0170,1.4599,0.1116,0.6303
1791052966188477570,11.683,odom,"ideal odometry /chassis/odom (IsaacComputeOdometry, relative to Play start)",0.0040,-0.0172,1.4703,0.1096,0.6191
1791052966245929657,11.700,odom,"ideal odometry /chassis/odom (IsaacComputeOdometry, relative to Play start)",0.0040,-0.0173,1.4807,0.1094,0.6207
1791052966271381550,11.717,odom,"ideal odometry /chassis/odom (IsaacComputeOdometry, relative to Play start)",0.0040,-0.0171,1.4911,0.1116,0.6333
1791052966333916828,11.733,odom,"ideal odometry /chassis/odom (IsaacComputeOdometry, relative to Play start)",0.0040,-0.0168,1.5018,0.1139,0.6442
1791052966357231788,11.750,odom,"ideal odometry /chassis/odom (IsaacComputeOdometry, relative to Play start)",0.0040,-0.0165,1.5125,0.1158,0.6519
1791052966420444667,11.767,odom,"ideal odometry /chassis/odom (IsaacComputeOdometry, relative to Play start)",0.0040,-0.0161,1.5234,0.1171,0.6578
1791052966452044002,11.783,odom,"ideal odometry /chassis/odom (IsaacComputeOdometry, relative to Play start)",0.0041,-0.0157,1.5344,0.1180,0.6625
1791052966507078471,11.800,odom,"ideal odometry /chassis/odom (IsaacComputeOdometry, relative to Play start)",0.0041,-0.0153,1.5455,0.1189,0.6659
1791052966531760639,11.817,odom,"ideal odometry /chassis/odom (IsaacComputeOdometry, relative to Play start)",0.0041,-0.0149,1.5566,0.1195,0.6691
1791052966590218034,11.833,odom,"ideal odometry /chassis/odom (IsaacComputeOdometry, relative to Play start)",0.0041,-0.0144,1.5677,0.1198,0.6716
1791052966614794236,11.850,odom,"ideal odometry /chassis/odom (IsaacComputeOdometry, relative to Play start)",0.0041,-0.0140,1.5789,0.1201,0.6740
1791052966672726656,11.867,odom,"ideal odometry /chassis/odom (IsaacComputeOdometry, relative to Play start)",0.0041,-0.0136,1.5901,0.1202,0.6763
1791052966700242974,11.883,odom,"ideal odometry /chassis/odom (IsaacComputeOdometry, relative to Play start)",0.0040,-0.0132,1.6013,0.1183,0.6642
1791052966761723261,11.900,odom,"ideal odometry /chassis/odom (IsaacComputeOdometry, relative to Play start)",0.0040,-0.0127,1.6122,0.1162,0.6454
1791052966786060670,11.917,odom,"ideal odometry /chassis/odom (IsaacComputeOdometry, relative to Play start)",0.0040,-0.0123,1.6228,0.1141,0.6348
1791052966848889741,11.933,odom,"ideal odometry /chassis/odom (IsaacComputeOdometry, relative to Play start)",0.0040,-0.0119,1.6333,0.1121,0.6278
1791052966871815850,11.950,odom,"ideal odometry /chassis/odom (IsaacComputeOdometry, relative to Play start)",0.0039,-0.0114,1.6437,0.1117,0.6220
1791052966931201279,11.967,odom,"ideal odometry /chassis/odom (IsaacComputeOdometry, relative to Play start)",0.0039,-0.0110,1.6541,0.1116,0.6172
1791052966956231138,11.983,odom,"ideal odometry /chassis/odom (IsaacComputeOdometry, relative to Play start)",0.0039,-0.0106,1.6644,0.1110,0.6157
1791052967016314425,12.000,odom,"ideal odometry /chassis/odom (IsaacComputeOdometry, relative to Play start)",0.0038,-0.0101,1.6746,0.1107,0.6145
1791052967037958760,12.017,odom,"ideal odometry /chassis/odom (IsaacComputeOdometry, relative to Play start)",0.0038,-0.0097,1.6849,0.1107,0.6136
1791052967105828213,12.033,odom,"ideal odometry /chassis/odom (IsaacComputeOdometry, relative to Play start)",0.0037,-0.0092,1.6951,0.1107,0.6131
1791052967131687106,12.050,odom,"ideal odometry /chassis/odom (IsaacComputeOdometry, relative to Play start)",0.0036,-0.0088,1.7053,0.1102,0.6143
1791052967188563710,12.067,odom,"ideal odometry /chassis/odom (IsaacComputeOdometry, relative to Play start)",0.0036,-0.0084,1.7155,0.1106,0.6133
1791052967215733528,12.083,odom,"ideal odometry /chassis/odom (IsaacComputeOdometry, relative to Play start)",0.0035,-0.0079,1.7258,0.1105,0.6141
1791052967273591606,12.100,odom,"ideal odometry /chassis/odom (IsaacComputeOdometry, relative to Play start)",0.0034,-0.0075,1.7360,0.1108,0.6134
1791052967296448416,12.117,odom,"ideal odometry /chassis/odom (IsaacComputeOdometry, relative to Play start)",0.0033,-0.0070,1.7462,0.1106,0.6145
1791052967354030302,12.133,odom,"ideal odometry /chassis/odom (IsaacComputeOdometry, relative to Play start)",0.0033,-0.0066,1.7563,0.1087,0.6000
1791052967377652712,12.150,odom,"ideal odometry /chassis/odom (IsaacComputeOdometry, relative to Play start)",0.0032,-0.0061,1.7662,0.1057,0.5819
1791052967436359165,12.167,odom,"ideal odometry /chassis/odom (IsaacComputeOdometry, relative to Play start)",0.0031,-0.0057,1.7757,0.1035,0.5696
1791052967462839467,12.183,odom,"ideal odometry /chassis/odom (IsaacComputeOdometry, relative to Play start)",0.0030,-0.0052,1.7852,0.1024,0.5599
1791052967520755020,12.200,odom,"ideal odometry /chassis/odom (IsaacComputeOdometry, relative to Play start)",0.0029,-0.0047,1.7944,0.1010,0.5551
1791052967544730988,12.217,odom,"ideal odometry /chassis/odom (IsaacComputeOdometry, relative to Play start)",0.0028,-0.0043,1.8037,0.1004,0.5510
1791052967603802366,12.233,odom,"ideal odometry /chassis/odom (IsaacComputeOdometry, relative to Play start)",0.0026,-0.0038,1.8129,0.1021,0.5629
1791052967628324943,12.250,odom,"ideal odometry /chassis/odom (IsaacComputeOdometry, relative to Play start)",0.0025,-0.0034,1.8225,0.1047,0.5800
1791052967684582062,12.267,odom,"ideal odometry /chassis/odom (IsaacComputeOdometry, relative to Play start)",0.0024,-0.0029,1.8322,0.1071,0.5905
1791052967713160431,12.283,odom,"ideal odometry /chassis/odom (IsaacComputeOdometry, relative to Play start)",0.0023,-0.0024,1.8422,0.1086,0.5980
1791052967764817442,12.300,odom,"ideal odometry /chassis/odom (IsaacComputeOdometry, relative to Play start)",0.0021,-0.0020,1.8522,0.1096,0.6036
1791052967789187210,12.317,odom,"ideal odometry /chassis/odom (IsaacComputeOdometry, relative to Play start)",0.0020,-0.0015,1.8623,0.1100,0.6083
1791052967848773663,12.333,odom,"ideal odometry /chassis/odom (IsaacComputeOdometry, relative to Play start)",0.0019,-0.0011,1.8725,0.1104,0.6115
1791052967872002181,12.350,odom,"ideal odometry /chassis/odom (IsaacComputeOdometry, relative to Play start)",0.0017,-0.0006,1.8827,0.1106,0.6137
1791052967931110318,12.367,odom,"ideal odometry /chassis/odom (IsaacComputeOdometry, relative to Play start)",0.0016,-0.0002,1.8929,0.1112,0.6137
1791052967957523153,12.383,odom,"ideal odometry /chassis/odom (IsaacComputeOdometry, relative to Play start)",0.0014,0.0003,1.9031,0.1114,0.6147
1791052968013823264,12.400,odom,"ideal odometry /chassis/odom (IsaacComputeOdometry, relative to Play start)",0.0012,0.0007,1.9134,0.1114,0.6156
1791052968038829382,12.417,odom,"ideal odometry /chassis/odom (IsaacComputeOdometry, relative to Play start)",0.0011,0.0011,1.9236,0.1112,0.6169
1791052968094693894,12.433,odom,"ideal odometry /chassis/odom (IsaacComputeOdometry, relative to Play start)",0.0009,0.0018,1.9340,0.1187,0.6285
1791052968116481045,12.450,odom,"ideal odometry /chassis/odom (IsaacComputeOdometry, relative to Play start)",0.0005,0.0026,1.9447,0.1263,0.6483
1791052968175497698,12.467,odom,"ideal odometry /chassis/odom (IsaacComputeOdometry, relative to Play start)",0.0002,0.0035,1.9556,0.1311,0.6635
1791052968200210758,12.483,odom,"ideal odometry /chassis/odom (IsaacComputeOdometry, relative to Play start)",-0.0002,0.0043,1.9668,0.1266,0.6734
1791052968256786878,12.500,odom,"ideal odometry /chassis/odom (IsaacComputeOdometry, relative to Play start)",-0.0005,0.0051,1.9780,0.1316,0.6791
1791052968278971587,12.517,odom,"ideal odometry /chassis/odom (IsaacComputeOdometry, relative to Play start)",-0.0009,0.0061,1.9894,0.1352,0.6860
1791052968346363825,12.533,odom,"ideal odometry /chassis/odom (IsaacComputeOdometry, relative to Play start)",-0.0014,0.0070,2.0009,0.1372,0.6901
1791052968369839934,12.550,odom,"ideal odometry /chassis/odom (IsaacComputeOdometry, relative to Play start)",-0.0018,0.0079,2.0124,0.1302,0.6947
1791052968428914338,12.567,odom,"ideal odometry /chassis/odom (IsaacComputeOdometry, relative to Play start)",-0.0021,0.0085,2.0240,0.1270,0.6954
1791052968452894614,12.583,odom,"ideal odometry /chassis/odom (IsaacComputeOdometry, relative to Play start)",-0.0024,0.0090,2.0355,0.1260,0.6956
1791052968509269250,12.600,odom,"ideal odometry /chassis/odom (IsaacComputeOdometry, relative to Play start)",-0.0026,0.0095,2.0471,0.1256,0.6963
1791052968534650652,12.617,odom,"ideal odometry /chassis/odom (IsaacComputeOdometry, relative to Play start)",-0.0029,0.0100,2.0587,0.1254,0.6966
1791052968594002988,12.633,odom,"ideal odometry /chassis/odom (IsaacComputeOdometry, relative to Play start)",-0.0031,0.0104,2.0703,0.1253,0.6960
1791052968616143240,12.650,odom,"ideal odometry /chassis/odom (IsaacComputeOdometry, relative to Play start)",-0.0034,0.0108,2.0819,0.1248,0.6968
1791052968673608893,12.667,odom,"ideal odometry /chassis/odom (IsaacComputeOdometry, relative to Play start)",-0.0036,0.0113,2.0935,0.1247,0.6966
1791052968696913953,12.683,odom,"ideal odometry /chassis/odom (IsaacComputeOdometry, relative to Play start)",-0.0039,0.0117,2.1051,0.1248,0.6957
1791052968751679381,12.700,odom,"ideal odometry /chassis/odom (IsaacComputeOdometry, relative to Play start)",-0.0041,0.0121,2.1167,0.1247,0.6954
1791052968774805324,12.717,odom,"ideal odometry /chassis/odom (IsaacComputeOdometry, relative to Play start)",-0.0044,0.0125,2.1282,0.1245,0.6949
1791052968832833535,12.733,odom,"ideal odometry /chassis/odom (IsaacComputeOdometry, relative to Play start)",-0.0046,0.0129,2.1398,0.1244,0.6944
1791052968856224487,12.750,odom,"ideal odometry /chassis/odom (IsaacComputeOdometry, relative to Play start)",-0.0049,0.0133,2.1512,0.1223,0.6800
1791052968910259056,12.767,odom,"ideal odometry /chassis/odom (IsaacComputeOdometry, relative to Play start)",-0.0051,0.0137,2.1624,0.1191,0.6619
1791052968942020916,12.783,odom,"ideal odometry /chassis/odom (IsaacComputeOdometry, relative to Play start)",-0.0054,0.0141,2.1733,0.1172,0.6478
1791052968993588644,12.800,odom,"ideal odometry /chassis/odom (IsaacComputeOdometry, relative to Play start)",-0.0056,0.0143,2.1841,0.1147,0.6538
1791052969015854112,12.817,odom,"ideal odometry /chassis/odom (IsaacComputeOdometry, relative to Play start)",-0.0056,0.0144,2.1951,0.1161,0.6647
1791052969072920557,12.833,odom,"ideal odometry /chassis/odom (IsaacComputeOdometry, relative to Play start)",-0.0056,0.0144,2.2062,0.1177,0.6720
1791052969097793575,12.850,odom,"ideal odometry /chassis/odom (IsaacComputeOdometry, relative to Play start)",-0.0056,0.0143,2.2175,0.1184,0.6773
1791052969149917445,12.867,odom,"ideal odometry /chassis/odom (IsaacComputeOdometry, relative to Play start)",-0.0057,0.0144,2.2288,0.1194,0.6788
1791052969176496471,12.883,odom,"ideal odometry /chassis/odom (IsaacComputeOdometry, relative to Play start)",-0.0059,0.0147,2.2401,0.1231,0.6767
1791052969230769558,12.900,odom,"ideal odometry /chassis/odom (IsaacComputeOdometry, relative to Play start)",-0.0064,0.0154,2.2514,0.1313,0.6767
1791052969253890184,12.917,odom,"ideal odometry /chassis/odom (IsaacComputeOdometry, relative to Play start)",-0.0072,0.0163,2.2627,0.1465,0.6754
1791052969310421387,12.933,odom,"ideal odometry /chassis/odom (IsaacComputeOdometry, relative to Play start)",-0.0083,0.0176,2.2740,0.1656,0.6771
1791052969336113905,12.950,odom,"ideal odometry /chassis/odom (IsaacComputeOdometry, relative to Play start)",-0.0097,0.0193,2.2854,0.1862,0.6826
1791052969385084441,12.967,odom,"ideal odometry /chassis/odom (IsaacComputeOdometry, relative to Play start)",-0.0116,0.0214,2.2970,0.2224,0.6989
1791052969408506284,12.983,odom,"ideal odometry /chassis/odom (IsaacComputeOdometry, relative to Play start)",-0.0139,0.0239,2.3087,0.2537,0.7116
1791052969464917862,13.000,odom,"ideal odometry /chassis/odom (IsaacComputeOdometry, relative to Play start)",-0.0166,0.0268,2.3207,0.2840,0.7238
1791052969487134105,13.017,odom,"ideal odometry /chassis/odom (IsaacComputeOdometry, relative to Play start)",-0.0197,0.0301,2.3330,0.3147,0.7376
1791052969547977125,13.033,odom,"ideal odometry /chassis/odom (IsaacComputeOdometry, relative to Play start)",-0.0232,0.0337,2.3454,0.3456,0.7530
1791052969576096152,13.050,odom,"ideal odometry /chassis/odom (IsaacComputeOdometry, relative to Play start)",-0.0272,0.0376,2.3582,0.3767,0.7691
1791052969624852096,13.067,odom,"ideal odometry /chassis/odom (IsaacComputeOdometry, relative to Play start)",-0.0316,0.0419,2.3713,0.4073,0.7877
1791052969647632823,13.083,odom,"ideal odometry /chassis/odom (IsaacComputeOdometry, relative to Play start)",-0.0365,0.0465,2.3847,0.4380,0.8075
1791052969702468376,13.100,odom,"ideal odometry /chassis/odom (IsaacComputeOdometry, relative to Play start)",-0.0418,0.0514,2.3984,0.4683,0.8278
1791052969728139902,13.117,odom,"ideal odometry /chassis/odom (IsaacComputeOdometry, relative to Play start)",-0.0476,0.0565,2.4125,0.4985,0.8500
1791052969783159980,13.133,odom,"ideal odometry /chassis/odom (IsaacComputeOdometry, relative to Play start)",-0.0538,0.0619,2.4269,0.5286,0.8718
1791052969807228990,13.150,odom,"ideal odometry /chassis/odom (IsaacComputeOdometry, relative to Play start)",-0.0605,0.0675,2.4418,0.5585,0.8947
1791052969860824018,13.167,odom,"ideal odometry /chassis/odom (IsaacComputeOdometry, relative to Play start)",-0.0677,0.0734,2.4570,0.5883,0.9175
1791052969884373644,13.183,odom,"ideal odometry /chassis/odom (IsaacComputeOdometry, relative to Play start)",-0.0754,0.0794,2.4726,0.6178,0.9405
1791052969938670106,13.200,odom,"ideal odometry /chassis/odom (IsaacComputeOdometry, relative to Play start)",-0.0835,0.0856,2.4885,0.6472,0.9645
1791052969961377499,13.217,odom,"ideal odometry /chassis/odom (IsaacComputeOdometry, relative to Play start)",-0.0922,0.0920,2.5049,0.6764,0.9888
1791052970018382252,13.233,odom,"ideal odometry /chassis/odom (IsaacComputeOdometry, relative to Play start)",-0.1014,0.0985,2.5217,0.7053,1.0146
1791052970040045745,13.250,odom,"ideal odometry /chassis/odom (IsaacComputeOdometry, relative to Play start)",-0.1110,0.1052,2.5390,0.7339,1.0416
1791052970095939223,13.267,odom,"ideal odometry /chassis/odom (IsaacComputeOdometry, relative to Play start)",-0.1211,0.1118,2.5565,0.7537,1.0484
1791052970122431899,13.283,odom,"ideal odometry /chassis/odom (IsaacComputeOdometry, relative to Play start)",-0.1316,0.1185,2.5740,0.7670,1.0445
1791052970171073260,13.300,odom,"ideal odometry /chassis/odom (IsaacComputeOdometry, relative to Play start)",-0.1423,0.1250,2.5915,0.7755,1.0338
1791052970195931978,13.317,odom,"ideal odometry /chassis/odom (IsaacComputeOdometry, relative to Play start)",-0.1532,0.1314,2.6088,0.7809,1.0211
1791052970250294223,13.333,odom,"ideal odometry /chassis/odom (IsaacComputeOdometry, relative to Play start)",-0.1642,0.1376,2.6258,0.7842,1.0090
1791052970274444624,13.350,odom,"ideal odometry /chassis/odom (IsaacComputeOdometry, relative to Play start)",-0.1755,0.1437,2.6427,0.7867,0.9977
1791052970332668328,13.367,odom,"ideal odometry /chassis/odom (IsaacComputeOdometry, relative to Play start)",-0.1868,0.1497,2.6594,0.7883,0.9880
1791052970361773929,13.383,odom,"ideal odometry /chassis/odom (IsaacComputeOdometry, relative to Play start)",-0.1983,0.1554,2.6760,0.7898,0.9793
1791052970421700333,13.400,odom,"ideal odometry /chassis/odom (IsaacComputeOdometry, relative to Play start)",-0.2099,0.1610,2.6924,0.7909,0.9726
1791052970446628334,13.417,odom,"ideal odometry /chassis/odom (IsaacComputeOdometry, relative to Play start)",-0.2216,0.1664,2.7088,0.7918,0.9665
1791052970502254937,13.433,odom,"ideal odometry /chassis/odom (IsaacComputeOdometry, relative to Play start)",-0.2334,0.1716,2.7250,0.7926,0.9617
1791052970528233039,13.450,odom,"ideal odometry /chassis/odom (IsaacComputeOdometry, relative to Play start)",-0.2453,0.1766,2.7412,0.7933,0.9576
1791052970586991542,13.467,odom,"ideal odometry /chassis/odom (IsaacComputeOdometry, relative to Play start)",-0.2573,0.1815,2.7573,0.7938,0.9542
1791052970612107143,13.483,odom,"ideal odometry /chassis/odom (IsaacComputeOdometry, relative to Play start)",-0.2694,0.1861,2.7733,0.7942,0.9511
1791052970669252047,13.500,odom,"ideal odometry /chassis/odom (IsaacComputeOdometry, relative to Play start)",-0.2816,0.1906,2.7893,0.7946,0.9490
1791052970696427748,13.517,odom,"ideal odometry /chassis/odom (IsaacComputeOdometry, relative to Play start)",-0.2938,0.1948,2.8052,0.7950,0.9469
1791052970762717152,13.533,odom,"ideal odometry /chassis/odom (IsaacComputeOdometry, relative to Play start)",-0.3061,0.1989,2.8212,0.7951,0.9455
1791052970790959653,13.550,odom,"ideal odometry /chassis/odom (IsaacComputeOdometry, relative to Play start)",-0.3185,0.2028,2.8371,0.7953,0.9445
1791052970849028857,13.567,odom,"ideal odometry /chassis/odom (IsaacComputeOdometry, relative to Play start)",-0.3309,0.2065,2.8529,0.7954,0.9435
1791052970876286758,13.583,odom,"ideal odometry /chassis/odom (IsaacComputeOdometry, relative to Play start)",-0.3434,0.2100,2.8687,0.7935,0.9326
1791052970936210562,13.600,odom,"ideal odometry /chassis/odom (IsaacComputeOdometry, relative to Play start)",-0.3559,0.2132,2.8842,0.7916,0.9173
1791052970961768863,13.617,odom,"ideal odometry /chassis/odom (IsaacComputeOdometry, relative to Play start)",-0.3685,0.2163,2.8995,0.7915,0.9049
1791052971022393066,13.633,odom,"ideal odometry /chassis/odom (IsaacComputeOdometry, relative to Play start)",-0.3811,0.2192,2.9147,0.7919,0.8942
1791052971048854168,13.650,odom,"ideal odometry /chassis/odom (IsaacComputeOdometry, relative to Play start)",-0.3938,0.2219,2.9296,0.7926,0.8857
1791052971102766771,13.667,odom,"ideal odometry /chassis/odom (IsaacComputeOdometry, relative to Play start)",-0.4065,0.2245,2.9444,0.7911,0.8686
1791052971128552172,13.683,odom,"ideal odometry /chassis/odom (IsaacComputeOdometry, relative to Play start)",-0.4192,0.2268,2.9588,0.7898,0.8478
1791052971185832076,13.700,odom,"ideal odometry /chassis/odom (IsaacComputeOdometry, relative to Play start)",-0.4320,0.2290,2.9729,0.7903,0.8298
1791052971214862377,13.717,odom,"ideal odometry /chassis/odom (IsaacComputeOdometry, relative to Play start)",-0.4448,0.2310,2.9867,0.7914,0.8151
1791052971275228881,13.733,odom,"ideal odometry /chassis/odom (IsaacComputeOdometry, relative to Play start)",-0.4577,0.2328,3.0002,0.7903,0.7930
1791052971300184782,13.750,odom,"ideal odometry /chassis/odom (IsaacComputeOdometry, relative to Play start)",-0.4705,0.2344,3.0134,0.7895,0.7677
1791052971357589674,13.767,odom,"ideal odometry /chassis/odom (IsaacComputeOdometry, relative to Play start)",-0.4834,0.2359,3.0261,0.7904,0.7469
1791052971395556344,13.783,odom,"ideal odometry /chassis/odom (IsaacComputeOdometry, relative to Play start)",-0.4964,0.2372,3.0385,0.7917,0.7304
1791052971446137067,13.800,odom,"ideal odometry /chassis/odom (IsaacComputeOdometry, relative to Play start)",-0.5094,0.2384,3.0506,0.7910,0.7062
1791052971469467701,13.817,odom,"ideal odometry /chassis/odom (IsaacComputeOdometry, relative to Play start)",-0.5224,0.2394,3.0622,0.7899,0.6753
1791052971527695935,13.833,odom,"ideal odometry /chassis/odom (IsaacComputeOdometry, relative to Play start)",-0.5354,0.2403,3.0733,0.7886,0.6393
1791052971554348148,13.850,odom,"ideal odometry /chassis/odom (IsaacComputeOdometry, relative to Play start)",-0.5484,0.2411,3.0837,0.7876,0.5997
1791052971609143175,13.867,odom,"ideal odometry /chassis/odom (IsaacComputeOdometry, relative to Play start)",-0.5614,0.2417,3.0934,0.7871,0.5570
1791052971635863882,13.883,odom,"ideal odometry /chassis/odom (IsaacComputeOdometry, relative to Play start)",-0.5744,0.2422,3.1025,0.7894,0.5216
1791052971693409968,13.900,odom,"ideal odometry /chassis/odom (IsaacComputeOdometry, relative to Play start)",-0.5875,0.2426,3.1110,0.7898,0.4821
1791052971717509416,13.917,odom,"ideal odometry /chassis/odom (IsaacComputeOdometry, relative to Play start)",-0.6006,0.2429,3.1188,0.7909,0.4424
1791052971779387823,13.933,odom,"ideal odometry /chassis/odom (IsaacComputeOdometry, relative to Play start)",-0.6137,0.2431,3.1260,0.7933,0.4109
1791052971804894402,13.950,odom,"ideal odometry /chassis/odom (IsaacComputeOdometry, relative to Play start)",-0.6269,0.2432,3.1328,0.7953,0.3874
1791052971865689180,13.967,odom,"ideal odometry /chassis/odom (IsaacComputeOdometry, relative to Play start)",-0.6401,0.2432,3.1392,0.7968,0.3703
1791052971890820537,13.983,odom,"ideal odometry /chassis/odom (IsaacComputeOdometry, relative to Play start)",-0.6534,0.2431,-3.1378,0.7977,0.3584
1791052971949941894,14.000,odom,"ideal odometry /chassis/odom (IsaacComputeOdometry, relative to Play start)",-0.6666,0.2430,-3.1317,0.7982,0.3501
1791052971975930130,14.017,odom,"ideal odometry /chassis/odom (IsaacComputeOdometry, relative to Play start)",-0.6799,0.2428,-3.1258,0.7985,0.3450
1791052972038838450,14.033,odom,"ideal odometry /chassis/odom (IsaacComputeOdometry, relative to Play start)",-0.6931,0.2425,-3.1200,0.7988,0.3420
1791052972066960696,14.050,odom,"ideal odometry /chassis/odom (IsaacComputeOdometry, relative to Play start)",-0.7064,0.2422,-3.1142,0.7988,0.3399
1791052972123823236,14.067,odom,"ideal odometry /chassis/odom (IsaacComputeOdometry, relative to Play start)",-0.7197,0.2417,-3.1087,0.7985,0.3250
1791052972150511593,14.083,odom,"ideal odometry /chassis/odom (IsaacComputeOdometry, relative to Play start)",-0.7329,0.2412,-3.1034,0.7982,0.3046
1791052972207873463,14.100,odom,"ideal odometry /chassis/odom (IsaacComputeOdometry, relative to Play start)",-0.7462,0.2406,-3.0984,0.7984,0.2898
1791052972233687468,14.117,odom,"ideal odometry /chassis/odom (IsaacComputeOdometry, relative to Play start)",-0.7594,0.2400,-3.0936,0.7988,0.2799
1791052972292288527,14.133,odom,"ideal odometry /chassis/odom (IsaacComputeOdometry, relative to Play start)",-0.7727,0.2393,-3.0890,0.7990,0.2732
1791052972315611772,14.150,odom,"ideal odometry /chassis/odom (IsaacComputeOdometry, relative to Play start)",-0.7860,0.2385,-3.0845,0.7991,0.2671
1791052972378403571,14.167,odom,"ideal odometry /chassis/odom (IsaacComputeOdometry, relative to Play start)",-0.7993,0.2377,-3.0800,0.7990,0.2649
1791052972408275820,14.183,odom,"ideal odometry /chassis/odom (IsaacComputeOdometry, relative to Play start)",-0.8125,0.2368,-3.0757,0.7990,0.2618
1791052972463285117,14.200,odom,"ideal odometry /chassis/odom (IsaacComputeOdometry, relative to Play start)",-0.8258,0.2359,-3.0713,0.7988,0.2602
1791052972488123825,14.217,odom,"ideal odometry /chassis/odom (IsaacComputeOdometry, relative to Play start)",-0.8390,0.2349,-3.0671,0.7988,0.2604
1791052972544083257,14.233,odom,"ideal odometry /chassis/odom (IsaacComputeOdometry, relative to Play start)",-0.8523,0.2339,-3.0628,0.7984,0.2610
1791052972573012559,14.250,odom,"ideal odometry /chassis/odom (IsaacComputeOdometry, relative to Play start)",-0.8656,0.2328,-3.0586,0.7986,0.2581
1791052972627662011,14.267,odom,"ideal odometry /chassis/odom (IsaacComputeOdometry, relative to Play start)",-0.8788,0.2316,-3.0544,0.7986,0.2567
1791052972658929308,14.283,odom,"ideal odometry /chassis/odom (IsaacComputeOdometry, relative to Play start)",-0.8920,0.2304,-3.0504,0.7984,0.2422
1791052972709708826,14.300,odom,"ideal odometry /chassis/odom (IsaacComputeOdometry, relative to Play start)",-0.9053,0.2291,-3.0466,0.7982,0.2230
1791052972735125643,14.317,odom,"ideal odometry /chassis/odom (IsaacComputeOdometry, relative to Play start)",-0.9185,0.2278,-3.0431,0.7980,0.2103
1791052972794111709,14.333,odom,"ideal odometry /chassis/odom (IsaacComputeOdometry, relative to Play start)",-0.9317,0.2265,-3.0397,0.7980,0.2002
1791052972822408686,14.350,odom,"ideal odometry /chassis/odom (IsaacComputeOdometry, relative to Play start)",-0.9450,0.2251,-3.0365,0.7980,0.1942
1791052972880686444,14.367,odom,"ideal odometry /chassis/odom (IsaacComputeOdometry, relative to Play start)",-0.9582,0.2236,-3.0334,0.7981,0.1905
1791052972906259720,14.383,odom,"ideal odometry /chassis/odom (IsaacComputeOdometry, relative to Play start)",-0.9714,0.2221,-3.0304,0.7983,0.1879
1791052972965479326,14.400,odom,"ideal odometry /chassis/odom (IsaacComputeOdometry, relative to Play start)",-0.9846,0.2206,-3.0275,0.7981,0.1729
1791052972992432974,14.417,odom,"ideal odometry /chassis/odom (IsaacComputeOdometry, relative to Play start)",-0.9978,0.2191,-3.0248,0.7985,0.1630
1791052973050052147,14.433,odom,"ideal odometry /chassis/odom (IsaacComputeOdometry, relative to Play start)",-1.0111,0.2175,-3.0223,0.7983,0.1572
1791052973076894367,14.450,odom,"ideal odometry /chassis/odom (IsaacComputeOdometry, relative to Play start)",-1.0243,0.2159,-3.0198,0.7989,0.1484
1791052973136497482,14.467,odom,"ideal odometry /chassis/odom (IsaacComputeOdometry, relative to Play start)",-1.0375,0.2142,-3.0175,0.7985,0.1475
1791052973158893057,14.483,odom,"ideal odometry /chassis/odom (IsaacComputeOdometry, relative to Play start)",-1.0507,0.2125,-3.0152,0.7990,0.1388
1791052973220138839,14.500,odom,"ideal odometry /chassis/odom (IsaacComputeOdometry, relative to Play start)",-1.0639,0.2108,-3.0131,0.7990,0.1353
1791052973245343384,14.517,odom,"ideal odometry /chassis/odom (IsaacComputeOdometry, relative to Play start)",-1.0771,0.2091,-3.0110,0.7993,0.1284
1791052973309748595,14.533,odom,"ideal odometry /chassis/odom (IsaacComputeOdometry, relative to Play start)",-1.0903,0.2073,-3.0091,0.7993,0.1157
1791052973334438333,14.550,odom,"ideal odometry /chassis/odom (IsaacComputeOdometry, relative to Play start)",-1.1035,0.2055,-3.0073,0.7995,0.1068
1791052973391549989,14.567,odom,"ideal odometry /chassis/odom (IsaacComputeOdometry, relative to Play start)",-1.1167,0.2037,-3.0057,0.7995,0.1005
1791052973418420964,14.583,odom,"ideal odometry /chassis/odom (IsaacComputeOdometry, relative to Play start)",-1.1299,0.2019,-3.0042,0.7996,0.0935
1791052973476644506,14.600,odom,"ideal odometry /chassis/odom (IsaacComputeOdometry, relative to Play start)",-1.1432,0.2001,-3.0027,0.7998,0.0966
1791052973501955686,14.617,odom,"ideal odometry /chassis/odom (IsaacComputeOdometry, relative to Play start)",-1.1564,0.1982,-3.0011,0.7998,0.1014
1791052973561473532,14.633,odom,"ideal odometry /chassis/odom (IsaacComputeOdometry, relative to Play start)",-1.1696,0.1963,-2.9994,0.8000,0.1007
1791052973586151888,14.650,odom,"ideal odometry /chassis/odom (IsaacComputeOdometry, relative to Play start)",-1.1828,0.1944,-2.9978,0.8001,0.0984
1791052973643463336,14.667,odom,"ideal odometry /chassis/odom (IsaacComputeOdometry, relative to Play start)",-1.1960,0.1924,-2.9962,0.8002,0.0978
1791052973667678505,14.683,odom,"ideal odometry /chassis/odom (IsaacComputeOdometry, relative to Play start)",-1.2092,0.1905,-2.9946,0.8003,0.0961
1791052973724267766,14.700,odom,"ideal odometry /chassis/odom (IsaacComputeOdometry, relative to Play start)",-1.2224,0.1885,-2.9931,0.8003,0.0952
1791052973756653240,14.717,odom,"ideal odometry /chassis/odom (IsaacComputeOdometry, relative to Play start)",-1.2355,0.1865,-2.9916,0.8003,0.0944
1791052973812277589,14.733,odom,"ideal odometry /chassis/odom (IsaacComputeOdometry, relative to Play start)",-1.2487,0.1845,-2.9900,0.8002,0.0936
1791052973840306280,14.750,odom,"ideal odometry /chassis/odom (IsaacComputeOdometry, relative to Play start)",-1.2619,0.1825,-2.9885,0.8002,0.0914
1791052973898675896,14.767,odom,"ideal odometry /chassis/odom (IsaacComputeOdometry, relative to Play start)",-1.2751,0.1804,-2.9871,0.8003,0.0905
1791052973930234645,14.783,odom,"ideal odometry /chassis/odom (IsaacComputeOdometry, relative to Play start)",-1.2883,0.1783,-2.9856,0.8004,0.0894
1791052973987696760,14.800,odom,"ideal odometry /chassis/odom (IsaacComputeOdometry, relative to Play start)",-1.3015,0.1763,-2.9841,0.8004,0.0882
1791052974017703402,14.817,odom,"ideal odometry /chassis/odom (IsaacComputeOdometry, relative to Play start)",-1.3146,0.1741,-2.9827,0.8002,0.0875
1791052974075717466,14.833,odom,"ideal odometry /chassis/odom (IsaacComputeOdometry, relative to Play start)",-1.3278,0.1720,-2.9813,0.8002,0.0861
1791052974111696301,14.850,odom,"ideal odometry /chassis/odom (IsaacComputeOdometry, relative to Play start)",-1.3410,0.1699,-2.9799,0.8003,0.0853
1791052974161541758,14.867,odom,"ideal odometry /chassis/odom (IsaacComputeOdometry, relative to Play start)",-1.3542,0.1677,-2.9785,0.8004,0.0843
1791052974187424557,14.883,odom,"ideal odometry /chassis/odom (IsaacComputeOdometry, relative to Play start)",-1.3673,0.1655,-2.9772,0.8004,0.0833
1791052974244083311,14.900,odom,"ideal odometry /chassis/odom (IsaacComputeOdometry, relative to Play start)",-1.3805,0.1633,-2.9758,0.8003,0.0823
1791052974268371368,14.917,odom,"ideal odometry /chassis/odom (IsaacComputeOdometry, relative to Play start)",-1.3936,0.1611,-2.9745,0.8002,0.0811
1791052974330111189,14.933,odom,"ideal odometry /chassis/odom (IsaacComputeOdometry, relative to Play start)",-1.4068,0.1589,-2.9731,0.8004,0.0806
1791052974354938315,14.950,odom,"ideal odometry /chassis/odom (IsaacComputeOdometry, relative to Play start)",-1.4199,0.1566,-2.9719,0.8003,0.0728
1791052974417493978,14.967,odom,"ideal odometry /chassis/odom (IsaacComputeOdometry, relative to Play start)",-1.4331,0.1543,-2.9707,0.8004,0.0778
1791052974442932562,14.983,odom,"ideal odometry /chassis/odom (IsaacComputeOdometry, relative to Play start)",-1.4462,0.1520,-2.9694,0.8003,0.0770
1791052974500528271,15.000,odom,"ideal odometry /chassis/odom (IsaacComputeOdometry, relative to Play start)",-1.4594,0.1497,-2.9683,0.8003,0.0682
1791052974531614748,15.017,odom,"ideal odometry /chassis/odom (IsaacComputeOdometry, relative to Play start)",-1.4725,0.1474,-2.9672,0.8005,0.0668
1791052974601691816,15.033,odom,"ideal odometry /chassis/odom (IsaacComputeOdometry, relative to Play start)",-1.4857,0.1451,-2.9661,0.8005,0.0723
1791052974629539086,15.050,odom,"ideal odometry /chassis/odom (IsaacComputeOdometry, relative to Play start)",-1.4988,0.1427,-2.9649,0.8005,0.0715
1791052974681188662,15.067,odom,"ideal odometry /chassis/odom (IsaacComputeOdometry, relative to Play start)",-1.5120,0.1404,-2.9637,0.8005,0.0706
1791052974708264722,15.083,odom,"ideal odometry /chassis/odom (IsaacComputeOdometry, relative to Play start)",-1.5251,0.1380,-2.9626,0.8003,0.0708
1791052974766376635,15.100,odom,"ideal odometry /chassis/odom (IsaacComputeOdometry, relative to Play start)",-1.5382,0.1356,-2.9614,0.8004,0.0699
1791052974793854275,15.117,odom,"ideal odometry /chassis/odom (IsaacComputeOdometry, relative to Play start)",-1.5513,0.1332,-2.9603,0.8004,0.0700
1791052974856757603,15.133,odom,"ideal odometry /chassis/odom (IsaacComputeOdometry, relative to Play start)",-1.5645,0.1308,-2.9591,0.8005,0.0696
1791052974884584904,15.150,odom,"ideal odometry /chassis/odom (IsaacComputeOdometry, relative to Play start)",-1.5776,0.1283,-2.9580,0.8006,0.0698
1791052974945258369,15.167,odom,"ideal odometry /chassis/odom (IsaacComputeOdometry, relative to Play start)",-1.5907,0.1259,-2.9569,0.8005,0.0686
1791052974969641879,15.183,odom,"ideal odometry /chassis/odom (IsaacComputeOdometry, relative to Play start)",-1.6038,0.1234,-2.9557,0.8004,0.0688
1791052975028252823,15.200,odom,"ideal odometry /chassis/odom (IsaacComputeOdometry, relative to Play start)",-1.6170,0.1209,-2.9546,0.8004,0.0683
1791052975055919372,15.217,odom,"ideal odometry /chassis/odom (IsaacComputeOdometry, relative to Play start)",-1.6301,0.1185,-2.9536,0.8005,0.0601
1791052975114085702,15.233,odom,"ideal odometry /chassis/odom (IsaacComputeOdometry, relative to Play start)",-1.6432,0.1159,-2.9526,0.8005,0.0585
1791052975145661324,15.250,odom,"ideal odometry /chassis/odom (IsaacComputeOdometry, relative to Play start)",-1.6563,0.1134,-2.9517,0.8004,0.0572
1791052975201145888,15.267,odom,"ideal odometry /chassis/odom (IsaacComputeOdometry, relative to Play start)",-1.6694,0.1109,-2.9508,0.8005,0.0552
1791052975234695767,15.283,odom,"ideal odometry /chassis/odom (IsaacComputeOdometry, relative to Play start)",-1.6825,0.1083,-2.9500,0.8006,0.0532
1791052975283458494,15.300,odom,"ideal odometry /chassis/odom (IsaacComputeOdometry, relative to Play start)",-1.6956,0.1058,-2.9491,0.8006,0.0510
1791052975309237253,15.317,odom,"ideal odometry /chassis/odom (IsaacComputeOdometry, relative to Play start)",-1.7087,0.1032,-2.9483,0.8006,0.0498
1791052975369638438,15.333,odom,"ideal odometry /chassis/odom (IsaacComputeOdometry, relative to Play start)",-1.7218,0.1007,-2.9476,0.8006,0.0486
1791052975395945283,15.350,odom,"ideal odometry /chassis/odom (IsaacComputeOdometry, relative to Play start)",-1.7349,0.0981,-2.9468,0.8004,0.0466
1791052975456544163,15.367,odom,"ideal odometry /chassis/odom (IsaacComputeOdometry, relative to Play start)",-1.7480,0.0955,-2.9461,0.8005,0.0456
1791052975489952859,15.383,odom,"ideal odometry /chassis/odom (IsaacComputeOdometry, relative to Play start)",-1.7611,0.0929,-2.9454,0.8006,0.0434
1791052975540884342,15.400,odom,"ideal odometry /chassis/odom (IsaacComputeOdometry, relative to Play start)",-1.7742,0.0903,-2.9448,0.8005,0.0330
1791052975569243923,15.417,odom,"ideal odometry /chassis/odom (IsaacComputeOdometry, relative to Play start)",-1.7873,0.0876,-2.9445,0.8005,0.0176
1791052975623967161,15.433,odom,"ideal odometry /chassis/odom (IsaacComputeOdometry, relative to Play start)",-1.8003,0.0850,-2.9444,0.8006,0.0011
1791052975651949123,15.450,odom,"ideal odometry /chassis/odom (IsaacComputeOdometry, relative to Play start)",-1.8134,0.0824,-2.9448,0.8006,0.0177
1791052975710968039,15.467,odom,"ideal odometry /chassis/odom (IsaacComputeOdometry, relative to Play start)",-1.8265,0.0798,-2.9453,0.8007,0.0294
1791052975738043499,15.483,odom,"ideal odometry /chassis/odom (IsaacComputeOdometry, relative to Play start)",-1.8396,0.0772,-2.9461,0.8009,0.0396
1791052975797775915,15.500,odom,"ideal odometry /chassis/odom (IsaacComputeOdometry, relative to Play start)",-1.8527,0.0746,-2.9470,0.8011,0.0495
1791052975825260843,15.517,odom,"ideal odometry /chassis/odom (IsaacComputeOdometry, relative to Play start)",-1.8658,0.0721,-2.9480,0.8011,0.0590
1791052975889240811,15.533,odom,"ideal odometry /chassis/odom (IsaacComputeOdometry, relative to Play start)",-1.8789,0.0695,-2.9492,0.8012,0.0674
1791052975914943487,15.550,odom,"ideal odometry /chassis/odom (IsaacComputeOdometry, relative to Play start)",-1.8921,0.0670,-2.9505,0.8012,0.0759
1791052975973128388,15.567,odom,"ideal odometry /chassis/odom (IsaacComputeOdometry, relative to Play start)",-1.9052,0.0644,-2.9519,0.8013,0.0833
1791052976000193465,15.583,odom,"ideal odometry /chassis/odom (IsaacComputeOdometry, relative to Play start)",-1.9183,0.0619,-2.9535,0.8013,0.0910
1791052976058918833,15.600,odom,"ideal odometry /chassis/odom (IsaacComputeOdometry, relative to Play start)",-1.9314,0.0595,-2.9553,0.8013,0.1076
1791052976086702900,15.617,odom,"ideal odometry /chassis/odom (IsaacComputeOdometry, relative to Play start)",-1.9446,0.0570,-2.9574,0.8015,0.1277
1791052976146283550,15.633,odom,"ideal odometry /chassis/odom (IsaacComputeOdometry, relative to Play start)",-1.9577,0.0546,-2.9600,0.8019,0.1498
1791052976172445219,15.650,odom,"ideal odometry /chassis/odom (IsaacComputeOdometry, relative to Play start)",-1.9708,0.0522,-2.9628,0.8022,0.1673
1791052976230724375,15.667,odom,"ideal odometry /chassis/odom (IsaacComputeOdometry, relative to Play start)",-1.9840,0.0499,-2.9659,0.8024,0.1824
1791052976258583227,15.683,odom,"ideal odometry /chassis/odom (IsaacComputeOdometry, relative to Play start)",-1.9972,0.0476,-2.9692,0.8029,0.1925
1791052976319210862,15.700,odom,"ideal odometry /chassis/odom (IsaacComputeOdometry, relative to Play start)",-2.0103,0.0453,-2.9727,0.8032,0.2059
1791052976344984529,15.717,odom,"ideal odometry /chassis/odom (IsaacComputeOdometry, relative to Play start)",-2.0235,0.0431,-2.9764,0.8033,0.2173
1791052976405582810,15.733,odom,"ideal odometry /chassis/odom (IsaacComputeOdometry, relative to Play start)",-2.0367,0.0410,-2.9802,0.8035,0.2288
1791052976433332730,15.750,odom,"ideal odometry /chassis/odom (IsaacComputeOdometry, relative to Play start)",-2.0500,0.0389,-2.9843,0.8036,0.2399
1791052976486563569,15.767,odom,"ideal odometry /chassis/odom (IsaacComputeOdometry, relative to Play start)",-2.0632,0.0368,-2.9885,0.8037,0.2496
1791052976518537178,15.783,odom,"ideal odometry /chassis/odom (IsaacComputeOdometry, relative to Play start)",-2.0764,0.0349,-2.9928,0.8037,0.2592
1791052976571226551,15.800,odom,"ideal odometry /chassis/odom (IsaacComputeOdometry, relative to Play start)",-2.0896,0.0329,-2.9972,0.8035,0.2580
1791052976597047445,15.817,odom,"ideal odometry /chassis/odom (IsaacComputeOdometry, relative to Play start)",-2.1027,0.0311,-3.0016,0.7822,0.2563
1791052976656243588,15.833,odom,"ideal odometry /chassis/odom (IsaacComputeOdometry, relative to Play start)",-2.1157,0.0293,-3.0059,0.7940,0.2649
1791052976685871113,15.850,odom,"ideal odometry /chassis/odom (IsaacComputeOdometry, relative to Play start)",-2.1289,0.0276,-3.0105,0.7986,0.2734
1791052976741908425,15.867,odom,"ideal odometry /chassis/odom (IsaacComputeOdometry, relative to Play start)",-2.1421,0.0259,-3.0151,0.8007,0.2797
1791052976765509142,15.883,odom,"ideal odometry /chassis/odom (IsaacComputeOdometry, relative to Play start)",-2.1553,0.0243,-3.0198,0.8013,0.2851
1791052976823983797,15.900,odom,"ideal odometry /chassis/odom (IsaacComputeOdometry, relative to Play start)",-2.1686,0.0227,-3.0246,0.8016,0.2907
1791052976853402245,15.917,odom,"ideal odometry /chassis/odom (IsaacComputeOdometry, relative to Play start)",-2.1818,0.0212,-3.0295,0.8017,0.2959
1791052976911865617,15.933,odom,"ideal odometry /chassis/odom (IsaacComputeOdometry, relative to Play start)",-2.1951,0.0198,-3.0343,0.8012,0.2894
1791052976940070136,15.950,odom,"ideal odometry /chassis/odom (IsaacComputeOdometry, relative to Play start)",-2.2083,0.0185,-3.0393,0.8014,0.3004
1791052976998849721,15.967,odom,"ideal odometry /chassis/odom (IsaacComputeOdometry, relative to Play start)",-2.2216,0.0172,-3.0442,0.8009,0.2941
1791052977026532045,15.983,odom,"ideal odometry /chassis/odom (IsaacComputeOdometry, relative to Play start)",-2.2349,0.0159,-3.0490,0.8004,0.2911
1791052977079811709,16.000,odom,"ideal odometry /chassis/odom (IsaacComputeOdometry, relative to Play start)",-2.2482,0.0148,-3.0538,0.8003,0.2874
1791052977104936775,16.017,odom,"ideal odometry /chassis/odom (IsaacComputeOdometry, relative to Play start)",-2.2615,0.0137,-3.0586,0.8002,0.2861
1791052977170500302,16.033,odom,"ideal odometry /chassis/odom (IsaacComputeOdometry, relative to Play start)",-2.2747,0.0126,-3.0633,0.8001,0.2858
1791052977195056845,16.050,odom,"ideal odometry /chassis/odom (IsaacComputeOdometry, relative to Play start)",-2.2880,0.0116,-3.0680,0.8001,0.2854
1791052977254636097,16.067,odom,"ideal odometry /chassis/odom (IsaacComputeOdometry, relative to Play start)",-2.3013,0.0107,-3.0727,0.8001,0.2848
1791052977280514103,16.083,odom,"ideal odometry /chassis/odom (IsaacComputeOdometry, relative to Play start)",-2.3146,0.0099,-3.0775,0.8001,0.2842
1791052977336722751,16.100,odom,"ideal odometry /chassis/odom (IsaacComputeOdometry, relative to Play start)",-2.3279,0.0091,-3.0822,0.8001,0.2839
1791052977361614976,16.117,odom,"ideal odometry /chassis/odom (IsaacComputeOdometry, relative to Play start)",-2.3412,0.0084,-3.0869,0.8001,0.2834
1791052977422545545,16.133,odom,"ideal odometry /chassis/odom (IsaacComputeOdometry, relative to Play start)",-2.3543,0.0077,-3.0915,0.7798,0.2805
1791052977450171057,16.150,odom,"ideal odometry /chassis/odom (IsaacComputeOdometry, relative to Play start)",-2.3674,0.0071,-3.0962,0.7924,0.2804
1791052977510136413,16.167,odom,"ideal odometry /chassis/odom (IsaacComputeOdometry, relative to Play start)",-2.3806,0.0066,-3.1008,0.7972,0.2813
1791052977539143396,16.183,odom,"ideal odometry /chassis/odom (IsaacComputeOdometry, relative to Play start)",-2.3939,0.0061,-3.1055,0.7990,0.2818
1791052977599110350,16.200,odom,"ideal odometry /chassis/odom (IsaacComputeOdometry, relative to Play start)",-2.4072,0.0057,-3.1100,0.7993,0.2730
1791052977623983205,16.217,odom,"ideal odometry /chassis/odom (IsaacComputeOdometry, relative to Play start)",-2.4205,0.0053,-3.1144,0.7992,0.2637
1791052977678939284,16.233,odom,"ideal odometry /chassis/odom (IsaacComputeOdometry, relative to Play start)",-2.4338,0.0050,-3.1187,0.7989,0.2619
1791052977704518850,16.250,odom,"ideal odometry /chassis/odom (IsaacComputeOdometry, relative to Play start)",-2.4472,0.0048,-3.1229,0.7989,0.2578
1791052977764620697,16.267,odom,"ideal odometry /chassis/odom (IsaacComputeOdometry, relative to Play start)",-2.4605,0.0046,-3.1270,0.7990,0.2538
1791052977796910019,16.283,odom,"ideal odometry /chassis/odom (IsaacComputeOdometry, relative to Play start)",-2.4738,0.0044,-3.1311,0.7992,0.2499
1791052977847824129,16.300,odom,"ideal odometry /chassis/odom (IsaacComputeOdometry, relative to Play start)",-2.4871,0.0044,-3.1350,0.7988,0.2378
1791052977874614828,16.317,odom,"ideal odometry /chassis/odom (IsaacComputeOdometry, relative to Play start)",-2.5004,0.0043,-3.1386,0.7987,0.2237
1791052977937189761,16.333,odom,"ideal odometry /chassis/odom (IsaacComputeOdometry, relative to Play start)",-2.5137,0.0043,3.1411,0.7991,0.2233
1791052977967382216,16.350,odom,"ideal odometry /chassis/odom (IsaacComputeOdometry, relative to Play start)",-2.5270,0.0044,3.1374,0.7994,0.2272
1791052978024139219,16.367,odom,"ideal odometry /chassis/odom (IsaacComputeOdometry, relative to Play start)",-2.5404,0.0045,3.1338,0.7993,0.2153
1791052978050571770,16.383,odom,"ideal odometry /chassis/odom (IsaacComputeOdometry, relative to Play start)",-2.5537,0.0046,3.1305,0.7992,0.2022
1791052978112841374,16.400,odom,"ideal odometry /chassis/odom (IsaacComputeOdometry, relative to Play start)",-2.5670,0.0048,3.1273,0.7992,0.1961
1791052978138845686,16.417,odom,"ideal odometry /chassis/odom (IsaacComputeOdometry, relative to Play start)",-2.5803,0.0051,3.1242,0.7992,0.1901
1791052978198359039,16.433,odom,"ideal odometry /chassis/odom (IsaacComputeOdometry, relative to Play start)",-2.5936,0.0054,3.1213,0.7996,0.1834
1791052978224877258,16.450,odom,"ideal odometry /chassis/odom (IsaacComputeOdometry, relative to Play start)",-2.6070,0.0057,3.1184,0.7998,0.1771
1791052978278331852,16.467,odom,"ideal odometry /chassis/odom (IsaacComputeOdometry, relative to Play start)",-2.6203,0.0060,3.1156,0.8000,0.1699
1791052978301670373,16.483,odom,"ideal odometry /chassis/odom (IsaacComputeOdometry, relative to Play start)",-2.6336,0.0064,3.1129,0.8002,0.1645
1791052978360395441,16.500,odom,"ideal odometry /chassis/odom (IsaacComputeOdometry, relative to Play start)",-2.6470,0.0068,3.1103,0.8003,0.1597
1791052978386689206,16.517,odom,"ideal odometry /chassis/odom (IsaacComputeOdometry, relative to Play start)",-2.6603,0.0073,3.1078,0.8002,0.1549
1791052978455871154,16.533,odom,"ideal odometry /chassis/odom (IsaacComputeOdometry, relative to Play start)",-2.6736,0.0078,3.1053,0.8002,0.1506
1791052978482084943,16.550,odom,"ideal odometry /chassis/odom (IsaacComputeOdometry, relative to Play start)",-2.6869,0.0083,3.1029,0.8002,0.1463
1791052978537937939,16.567,odom,"ideal odometry /chassis/odom (IsaacComputeOdometry, relative to Play start)",-2.7003,0.0088,3.1006,0.8003,0.1417
1791052978565892643,16.583,odom,"ideal odometry /chassis/odom (IsaacComputeOdometry, relative to Play start)",-2.7134,0.0094,3.0984,0.7791,0.1358
1791052978620525920,16.600,odom,"ideal odometry /chassis/odom (IsaacComputeOdometry, relative to Play start)",-2.7265,0.0100,3.0963,0.7925,0.1236
1791052978647255813,16.617,odom,"ideal odometry /chassis/odom (IsaacComputeOdometry, relative to Play start)",-2.7397,0.0106,3.0945,0.7974,0.1104
1791052978710872640,16.633,odom,"ideal odometry /chassis/odom (IsaacComputeOdometry, relative to Play start)",-2.7530,0.0113,3.0929,0.7990,0.1038
1791052978736291554,16.650,odom,"ideal odometry /chassis/odom (IsaacComputeOdometry, relative to Play start)",-2.7664,0.0119,3.0913,0.7997,0.0972
1791052978791106850,16.667,odom,"ideal odometry /chassis/odom (IsaacComputeOdometry, relative to Play start)",-2.7797,0.0126,3.0899,0.8000,0.0903
1791052978817223188,16.683,odom,"ideal odometry /chassis/odom (IsaacComputeOdometry, relative to Play start)",-2.7928,0.0133,3.0886,0.7785,0.0713
1791052978873287259,16.700,odom,"ideal odometry /chassis/odom (IsaacComputeOdometry, relative to Play start)",-2.8059,0.0140,3.0878,0.7925,0.0558
1791052978878865759,16.700,odom,"ideal odometry /chassis/odom (IsaacComputeOdometry, relative to Play start)",-2.8059,0.0140,3.0878,0.7925,0.0558
1791052978905497204,16.717,odom,"ideal odometry /chassis/odom (IsaacComputeOdometry, relative to Play start)",-2.8191,0.0148,3.0870,0.7974,0.0476
1791052978966160085,16.733,odom,"ideal odometry /chassis/odom (IsaacComputeOdometry, relative to Play start)",-2.8324,0.0155,3.0865,0.7994,0.0365
1791052978993477572,16.750,odom,"ideal odometry /chassis/odom (IsaacComputeOdometry, relative to Play start)",-2.8457,0.0162,3.0861,0.8000,0.0314
1791052979052907154,16.767,odom,"ideal odometry /chassis/odom (IsaacComputeOdometry, relative to Play start)",-2.8588,0.0170,3.0858,0.7788,0.0204
1791052979088054171,16.783,odom,"ideal odometry /chassis/odom (IsaacComputeOdometry, relative to Play start)",-2.8717,0.0177,3.0856,0.7656,0.0125
1791052979136690093,16.800,odom,"ideal odometry /chassis/odom (IsaacComputeOdometry, relative to Play start)",-2.8846,0.0184,3.0856,0.7826,0.0061
1791052979163125540,16.817,odom,"ideal odometry /chassis/odom (IsaacComputeOdometry, relative to Play start)",-2.8977,0.0192,3.0857,0.7942,0.0010
1791052979221435149,16.833,odom,"ideal odometry /chassis/odom (IsaacComputeOdometry, relative to Play start)",-2.9110,0.0199,3.0859,0.7985,0.0071
1791052979247794813,16.850,odom,"ideal odometry /chassis/odom (IsaacComputeOdometry, relative to Play start)",-2.9243,0.0206,3.0861,0.7999,0.0142
1791052979311606539,16.867,odom,"ideal odometry /chassis/odom (IsaacComputeOdometry, relative to Play start)",-2.9376,0.0214,3.0865,0.8005,0.0198
1791052979333934916,16.883,odom,"ideal odometry /chassis/odom (IsaacComputeOdometry, relative to Play start)",-2.9510,0.0221,3.0870,0.8007,0.0258
1791052979391606907,16.900,odom,"ideal odometry /chassis/odom (IsaacComputeOdometry, relative to Play start)",-2.9643,0.0228,3.0876,0.8008,0.0317
1791052979416006262,16.917,odom,"ideal odometry /chassis/odom (IsaacComputeOdometry, relative to Play start)",-2.9776,0.0235,3.0882,0.8008,0.0365
1791052979469230774,16.933,odom,"ideal odometry /chassis/odom (IsaacComputeOdometry, relative to Play start)",-2.9910,0.0242,3.0889,0.8008,0.0417
1791052979498485893,16.950,odom,"ideal odometry /chassis/odom (IsaacComputeOdometry, relative to Play start)",-3.0043,0.0249,3.0897,0.8008,0.0465
1791052979549958574,16.967,odom,"ideal odometry /chassis/odom (IsaacComputeOdometry, relative to Play start)",-3.0176,0.0256,3.0906,0.8008,0.0508
1791052979575798201,16.983,odom,"ideal odometry /chassis/odom (IsaacComputeOdometry, relative to Play start)",-3.0310,0.0263,3.0916,0.8008,0.0549
1791052979631001628,17.000,odom,"ideal odometry /chassis/odom (IsaacComputeOdometry, relative to Play start)",-3.0443,0.0269,3.0926,0.8008,0.0588
1791052979656261102,17.017,odom,"ideal odometry /chassis/odom (IsaacComputeOdometry, relative to Play start)",-3.0576,0.0276,3.0937,0.8008,0.0627
1791052979728671278,17.033,odom,"ideal odometry /chassis/odom (IsaacComputeOdometry, relative to Play start)",-3.0710,0.0282,3.0948,0.8008,0.0663
1791052979754800106,17.050,odom,"ideal odometry /chassis/odom (IsaacComputeOdometry, relative to Play start)",-3.0843,0.0288,3.0960,0.8008,0.0696
1791052979810149445,17.067,odom,"ideal odometry /chassis/odom (IsaacComputeOdometry, relative to Play start)",-3.0976,0.0294,3.0972,0.8008,0.0727
1791052979837695311,17.083,odom,"ideal odometry /chassis/odom (IsaacComputeOdometry, relative to Play start)",-3.1110,0.0300,3.0985,0.8008,0.0761
1791052979896450616,17.100,odom,"ideal odometry /chassis/odom (IsaacComputeOdometry, relative to Play start)",-3.1241,0.0305,3.0999,0.7794,0.0780
1791052979921698036,17.117,odom,"ideal odometry /chassis/odom (IsaacComputeOdometry, relative to Play start)",-3.1370,0.0311,3.1013,0.7662,0.0803
1791052979978369050,17.133,odom,"ideal odometry /chassis/odom (IsaacComputeOdometry, relative to Play start)",-3.1497,0.0316,3.1027,0.7614,0.0822
1791052980005284020,17.150,odom,"ideal odometry /chassis/odom (IsaacComputeOdometry, relative to Play start)",-3.1624,0.0320,3.1041,0.7597,0.0850
1791052980059400827,17.167,odom,"ideal odometry /chassis/odom (IsaacComputeOdometry, relative to Play start)",-3.1752,0.0325,3.1056,0.7803,0.0899
1791052980082133023,17.183,odom,"ideal odometry /chassis/odom (IsaacComputeOdometry, relative to Play start)",-3.1883,0.0329,3.1072,0.7934,0.0943
1791052980140343754,17.200,odom,"ideal odometry /chassis/odom (IsaacComputeOdometry, relative to Play start)",-3.2016,0.0334,3.1088,0.7981,0.0971
1791052980166853745,17.217,odom,"ideal odometry /chassis/odom (IsaacComputeOdometry, relative to Play start)",-3.2149,0.0338,3.1105,0.7998,0.1003
1791052980224271044,17.233,odom,"ideal odometry /chassis/odom (IsaacComputeOdometry, relative to Play start)",-3.2283,0.0342,3.1122,0.8004,0.1028
1791052980249614508,17.250,odom,"ideal odometry /chassis/odom (IsaacComputeOdometry, relative to Play start)",-3.2416,0.0346,3.1140,0.8006,0.1059
1791052980304742888,17.267,odom,"ideal odometry /chassis/odom (IsaacComputeOdometry, relative to Play start)",-3.2549,0.0349,3.1158,0.8007,0.1087
1791052980337764429,17.283,odom,"ideal odometry /chassis/odom (IsaacComputeOdometry, relative to Play start)",-3.2683,0.0352,3.1176,0.8006,0.1108
1791052980385954408,17.300,odom,"ideal odometry /chassis/odom (IsaacComputeOdometry, relative to Play start)",-3.2814,0.0355,3.1195,0.7793,0.1120
1791052980414893203,17.317,odom,"ideal odometry /chassis/odom (IsaacComputeOdometry, relative to Play start)",-3.2943,0.0358,3.1214,0.7661,0.1118
1791052980473255194,17.333,odom,"ideal odometry /chassis/odom (IsaacComputeOdometry, relative to Play start)",-3.3072,0.0360,3.1232,0.7824,0.1068
1791052980497838958,17.350,odom,"ideal odometry /chassis/odom (IsaacComputeOdometry, relative to Play start)",-3.3204,0.0362,3.1249,0.7938,0.1021
1791052980556083519,17.367,odom,"ideal odometry /chassis/odom (IsaacComputeOdometry, relative to Play start)",-3.3336,0.0364,3.1265,0.7978,0.1022
1791052980581778497,17.383,odom,"ideal odometry /chassis/odom (IsaacComputeOdometry, relative to Play start)",-3.3470,0.0366,3.1282,0.7993,0.1001
1791052980634568964,17.400,odom,"ideal odometry /chassis/odom (IsaacComputeOdometry, relative to Play start)",-3.3603,0.0368,3.1298,0.7998,0.0991
1791052980660689140,17.417,odom,"ideal odometry /chassis/odom (IsaacComputeOdometry, relative to Play start)",-3.3736,0.0369,3.1314,0.8000,0.0969
1791052980719301448,17.433,odom,"ideal odometry /chassis/odom (IsaacComputeOdometry, relative to Play start)",-3.3870,0.0370,3.1329,0.8001,0.0956
1791052980745120466,17.450,odom,"ideal odometry /chassis/odom (IsaacComputeOdometry, relative to Play start)",-3.4003,0.0371,3.1345,0.8002,0.0942
1791052980805208722,17.467,odom,"ideal odometry /chassis/odom (IsaacComputeOdometry, relative to Play start)",-3.4137,0.0372,3.1361,0.8002,0.0930
1791052980831658442,17.483,odom,"ideal odometry /chassis/odom (IsaacComputeOdometry, relative to Play start)",-3.4270,0.0372,3.1375,0.8002,0.0916
1791052980889551587,17.500,odom,"ideal odometry /chassis/odom (IsaacComputeOdometry, relative to Play start)",-3.4403,0.0373,3.1390,0.8001,0.0827
1791052980914419400,17.517,odom,"ideal odometry /chassis/odom (IsaacComputeOdometry, relative to Play start)",-3.4537,0.0373,3.1404,0.8002,0.0882
1791052980980855989,17.533,odom,"ideal odometry /chassis/odom (IsaacComputeOdometry, relative to Play start)",-3.4670,0.0373,-3.1415,0.8002,0.0862
1791052981008231153,17.550,odom,"ideal odometry /chassis/odom (IsaacComputeOdometry, relative to Play start)",-3.4804,0.0373,-3.1402,0.8002,0.0861
1791052981062403662,17.567,odom,"ideal odometry /chassis/odom (IsaacComputeOdometry, relative to Play start)",-3.4937,0.0372,-3.1387,0.8002,0.0841
1791052981088450833,17.583,odom,"ideal odometry /chassis/odom (IsaacComputeOdometry, relative to Play start)",-3.5071,0.0372,-3.1373,0.8002,0.0839
1791052981143699755,17.600,odom,"ideal odometry /chassis/odom (IsaacComputeOdometry, relative to Play start)",-3.5204,0.0371,-3.1360,0.8003,0.0828
1791052981169097365,17.617,odom,"ideal odometry /chassis/odom (IsaacComputeOdometry, relative to Play start)",-3.5337,0.0370,-3.1346,0.8003,0.0820
1791052981228074504,17.633,odom,"ideal odometry /chassis/odom (IsaacComputeOdometry, relative to Play start)",-3.5471,0.0369,-3.1333,0.8003,0.0811
1791052981254696384,17.650,odom,"ideal odometry /chassis/odom (IsaacComputeOdometry, relative to Play start)",-3.5604,0.0368,-3.1320,0.8003,0.0805
1791052981312120391,17.667,odom,"ideal odometry /chassis/odom (IsaacComputeOdometry, relative to Play start)",-3.5738,0.0366,-3.1307,0.8003,0.0796
1791052981338302393,17.683,odom,"ideal odometry /chassis/odom (IsaacComputeOdometry, relative to Play start)",-3.5871,0.0364,-3.1293,0.8003,0.0792
1791052981393183956,17.700,odom,"ideal odometry /chassis/odom (IsaacComputeOdometry, relative to Play start)",-3.6005,0.0363,-3.1281,0.8003,0.0782
1791052981416914406,17.717,odom,"ideal odometry /chassis/odom (IsaacComputeOdometry, relative to Play start)",-3.6138,0.0361,-3.1268,0.8004,0.0782
1791052981478927527,17.733,odom,"ideal odometry /chassis/odom (IsaacComputeOdometry, relative to Play start)",-3.6271,0.0359,-3.1255,0.8004,0.0773
1791052981503234338,17.750,odom,"ideal odometry /chassis/odom (IsaacComputeOdometry, relative to Play start)",-3.6405,0.0356,-3.1243,0.8004,0.0771
1791052981563120396,17.767,odom,"ideal odometry /chassis/odom (IsaacComputeOdometry, relative to Play start)",-3.6538,0.0354,-3.1230,0.8004,0.0755
1791052981593837269,17.783,odom,"ideal odometry /chassis/odom (IsaacComputeOdometry, relative to Play start)",-3.6672,0.0351,-3.1218,0.8004,0.0764
1791052981648335531,17.800,odom,"ideal odometry /chassis/odom (IsaacComputeOdometry, relative to Play start)",-3.6805,0.0348,-3.1205,0.8004,0.0748
1791052981676049571,17.817,odom,"ideal odometry /chassis/odom (IsaacComputeOdometry, relative to Play start)",-3.6939,0.0345,-3.1193,0.8004,0.0739
1791052981733345065,17.833,odom,"ideal odometry /chassis/odom (IsaacComputeOdometry, relative to Play start)",-3.7072,0.0342,-3.1181,0.8004,0.0740
1791052981756862138,17.850,odom,"ideal odometry /chassis/odom (IsaacComputeOdometry, relative to Play start)",-3.7206,0.0339,-3.1169,0.8004,0.0734
1791052981811299449,17.867,odom,"ideal odometry /chassis/odom (IsaacComputeOdometry, relative to Play start)",-3.7339,0.0335,-3.1157,0.8005,0.0725
1791052981835485719,17.883,odom,"ideal odometry /chassis/odom (IsaacComputeOdometry, relative to Play start)",-3.7472,0.0332,-3.1145,0.8004,0.0725
1791052981894871240,17.900,odom,"ideal odometry /chassis/odom (IsaacComputeOdometry, relative to Play start)",-3.7606,0.0328,-3.1133,0.8004,0.0720
1791052981921506438,17.917,odom,"ideal odometry /chassis/odom (IsaacComputeOdometry, relative to Play start)",-3.7739,0.0324,-3.1122,0.8004,0.0719
1791052981977888347,17.933,odom,"ideal odometry /chassis/odom (IsaacComputeOdometry, relative to Play start)",-3.7873,0.0320,-3.1110,0.8004,0.0711
1791052982001789305,17.950,odom,"ideal odometry /chassis/odom (IsaacComputeOdometry, relative to Play start)",-3.8006,0.0316,-3.1099,0.8004,0.0637
1791052982061764116,17.967,odom,"ideal odometry /chassis/odom (IsaacComputeOdometry, relative to Play start)",-3.8139,0.0311,-3.1089,0.8004,0.0615
1791052982086296553,17.983,odom,"ideal odometry /chassis/odom (IsaacComputeOdometry, relative to Play start)",-3.8273,0.0307,-3.1080,0.8004,0.0606
1791052982142954151,18.000,odom,"ideal odometry /chassis/odom (IsaacComputeOdometry, relative to Play start)",-3.8406,0.0302,-3.1070,0.8004,0.0566
1791052982166965346,18.017,odom,"ideal odometry /chassis/odom (IsaacComputeOdometry, relative to Play start)",-3.8540,0.0298,-3.1061,0.8005,0.0554
1791052982235355769,18.033,odom,"ideal odometry /chassis/odom (IsaacComputeOdometry, relative to Play start)",-3.8673,0.0293,-3.1053,0.8004,0.0537
1791052982259022751,18.050,odom,"ideal odometry /chassis/odom (IsaacComputeOdometry, relative to Play start)",-3.8806,0.0288,-3.1044,0.8005,0.0512
1791052982317333254,18.067,odom,"ideal odometry /chassis/odom (IsaacComputeOdometry, relative to Play start)",-3.8940,0.0283,-3.1037,0.8005,0.0499
1791052982343074355,18.083,odom,"ideal odometry /chassis/odom (IsaacComputeOdometry, relative to Play start)",-3.9073,0.0277,-3.1029,0.8005,0.0490
1791052982400200059,18.100,odom,"ideal odometry /chassis/odom (IsaacComputeOdometry, relative to Play start)",-3.9206,0.0272,-3.1021,0.8005,0.0466
1791052982426688360,18.117,odom,"ideal odometry /chassis/odom (IsaacComputeOdometry, relative to Play start)",-3.9340,0.0267,-3.1014,0.8005,0.0453
1791052982488732164,18.133,odom,"ideal odometry /chassis/odom (IsaacComputeOdometry, relative to Play start)",-3.9473,0.0261,-3.1007,0.8005,0.0445
1791052982515066965,18.150,odom,"ideal odometry /chassis/odom (IsaacComputeOdometry, relative to Play start)",-3.9607,0.0256,-3.1000,0.8005,0.0421
1791052982574083068,18.167,odom,"ideal odometry /chassis/odom (IsaacComputeOdometry, relative to Play start)",-3.9740,0.0250,-3.0993,0.8005,0.0412
1791052982603998770,18.183,odom,"ideal odometry /chassis/odom (IsaacComputeOdometry, relative to Play start)",-3.9873,0.0244,-3.0987,0.8005,0.0407
1791052982658646973,18.200,odom,"ideal odometry /chassis/odom (IsaacComputeOdometry, relative to Play start)",-4.0007,0.0239,-3.0980,0.8005,0.0386
1791052982690415875,18.217,odom,"ideal odometry /chassis/odom (IsaacComputeOdometry, relative to Play start)",-4.0140,0.0233,-3.0974,0.8006,0.0381
1791052982751269378,18.233,odom,"ideal odometry /chassis/odom (IsaacComputeOdometry, relative to Play start)",-4.0273,0.0227,-3.0968,0.8005,0.0370
1791052982777958780,18.250,odom,"ideal odometry /chassis/odom (IsaacComputeOdometry, relative to Play start)",-4.0407,0.0221,-3.0963,0.8006,0.0357
1791052982838590883,18.267,odom,"ideal odometry /chassis/odom (IsaacComputeOdometry, relative to Play start)",-4.0540,0.0214,-3.0957,0.8006,0.0345
1791052982879232085,18.283,odom,"ideal odometry /chassis/odom (IsaacComputeOdometry, relative to Play start)",-4.0673,0.0208,-3.0952,0.8006,0.0337
1791052982928411888,18.300,odom,"ideal odometry /chassis/odom (IsaacComputeOdometry, relative to Play start)",-4.0807,0.0202,-3.0946,0.8005,0.0336
1791052982957277690,18.317,odom,"ideal odometry /chassis/odom (IsaacComputeOdometry, relative to Play start)",-4.0940,0.0196,-3.0941,0.8006,0.0320
1791052983015232793,18.333,odom,"ideal odometry /chassis/odom (IsaacComputeOdometry, relative to Play start)",-4.1074,0.0189,-3.0936,0.8006,0.0307
1791052983046871495,18.350,odom,"ideal odometry /chassis/odom (IsaacComputeOdometry, relative to Play start)",-4.1207,0.0183,-3.0931,0.8005,0.0307
1791052983106607198,18.367,odom,"ideal odometry /chassis/odom (IsaacComputeOdometry, relative to Play start)",-4.1340,0.0176,-3.0927,0.8006,0.0301
1791052983134013900,18.383,odom,"ideal odometry /chassis/odom (IsaacComputeOdometry, relative to Play start)",-4.1474,0.0170,-3.0922,0.8006,0.0278
1791052983188884503,18.400,odom,"ideal odometry /chassis/odom (IsaacComputeOdometry, relative to Play start)",-4.1607,0.0163,-3.0918,0.8006,0.0288
1791052983216417204,18.417,odom,"ideal odometry /chassis/odom (IsaacComputeOdometry, relative to Play start)",-4.1740,0.0156,-3.0915,0.8006,0.0191
1791052983275253308,18.433,odom,"ideal odometry /chassis/odom (IsaacComputeOdometry, relative to Play start)",-4.1874,0.0150,-3.0912,0.8007,0.0168
1791052983304903509,18.450,odom,"ideal odometry /chassis/odom (IsaacComputeOdometry, relative to Play start)",-4.2007,0.0143,-3.0910,0.8007,0.0140
1791052983363188613,18.467,odom,"ideal odometry /chassis/odom (IsaacComputeOdometry, relative to Play start)",-4.2140,0.0136,-3.0909,0.8006,0.0120
1791052983390898514,18.483,odom,"ideal odometry /chassis/odom (IsaacComputeOdometry, relative to Play start)",-4.2274,0.0129,-3.0907,0.8006,0.0101
1791052983446961817,18.500,odom,"ideal odometry /chassis/odom (IsaacComputeOdometry, relative to Play start)",-4.2407,0.0122,-3.0906,0.8006,0.0079
1791052983475333319,18.517,odom,"ideal odometry /chassis/odom (IsaacComputeOdometry, relative to Play start)",-4.2540,0.0116,-3.0906,0.8006,0.0059
1791052983544875923,18.533,odom,"ideal odometry /chassis/odom (IsaacComputeOdometry, relative to Play start)",-4.2674,0.0109,-3.0905,0.8006,0.0029
1791052983570802524,18.550,odom,"ideal odometry /chassis/odom (IsaacComputeOdometry, relative to Play start)",-4.2807,0.0102,-3.0905,0.8006,0.0018
1791052983630319028,18.567,odom,"ideal odometry /chassis/odom (IsaacComputeOdometry, relative to Play start)",-4.2940,0.0095,-3.0906,0.8006,0.0002
1791052983658242429,18.583,odom,"ideal odometry /chassis/odom (IsaacComputeOdometry, relative to Play start)",-4.3074,0.0088,-3.0906,0.8006,0.0019
1791052983714809132,18.600,odom,"ideal odometry /chassis/odom (IsaacComputeOdometry, relative to Play start)",-4.3207,0.0082,-3.0907,0.8006,0.0033
1791052983741329034,18.617,odom,"ideal odometry /chassis/odom (IsaacComputeOdometry, relative to Play start)",-4.3340,0.0075,-3.0908,0.8007,0.0054
1791052983798409537,18.633,odom,"ideal odometry /chassis/odom (IsaacComputeOdometry, relative to Play start)",-4.3474,0.0068,-3.0909,0.8007,0.0001
1791052983835097739,18.650,odom,"ideal odometry /chassis/odom (IsaacComputeOdometry, relative to Play start)",-4.3607,0.0061,-3.0909,0.8007,0.0005
1791052983887767842,18.667,odom,"ideal odometry /chassis/odom (IsaacComputeOdometry, relative to Play start)",-4.3740,0.0054,-3.0909,0.8007,0.0027
1791052983921766144,18.683,odom,"ideal odometry /chassis/odom (IsaacComputeOdometry, relative to Play start)",-4.3874,0.0048,-3.0910,0.8007,0.0028
1791052983975253647,18.700,odom,"ideal odometry /chassis/odom (IsaacComputeOdometry, relative to Play start)",-4.4007,0.0041,-3.0910,0.8006,0.0020
1791052984005663549,18.717,odom,"ideal odometry /chassis/odom (IsaacComputeOdometry, relative to Play start)",-4.4140,0.0034,-3.0910,0.8007,0.0022
1791052984064586152,18.733,odom,"ideal odometry /chassis/odom (IsaacComputeOdometry, relative to Play start)",-4.4274,0.0027,-3.0911,0.8007,0.0020
1791052984094104354,18.750,odom,"ideal odometry /chassis/odom (IsaacComputeOdometry, relative to Play start)",-4.4407,0.0021,-3.0911,0.8007,0.0019
1791052984149714557,18.767,odom,"ideal odometry /chassis/odom (IsaacComputeOdometry, relative to Play start)",-4.4540,0.0014,-3.0911,0.8007,0.0022
1791052984189231259,18.783,odom,"ideal odometry /chassis/odom (IsaacComputeOdometry, relative to Play start)",-4.4674,0.0007,-3.0912,0.8007,0.0020
1791052984236498662,18.800,odom,"ideal odometry /chassis/odom (IsaacComputeOdometry, relative to Play start)",-4.4807,0.0000,-3.0912,0.8007,0.0019
1791052984260275963,18.817,odom,"ideal odometry /chassis/odom (IsaacComputeOdometry, relative to Play start)",-4.4940,-0.0006,-3.0912,0.8007,0.0019
1791052984324597167,18.833,odom,"ideal odometry /chassis/odom (IsaacComputeOdometry, relative to Play start)",-4.5074,-0.0013,-3.0912,0.8007,0.0014
1791052984350977368,18.850,odom,"ideal odometry /chassis/odom (IsaacComputeOdometry, relative to Play start)",-4.5207,-0.0020,-3.0913,0.8007,0.0014
1791052984405371471,18.867,odom,"ideal odometry /chassis/odom (IsaacComputeOdometry, relative to Play start)",-4.5340,-0.0026,-3.0913,0.8007,0.0002
1791052984434579973,18.883,odom,"ideal odometry /chassis/odom (IsaacComputeOdometry, relative to Play start)",-4.5474,-0.0033,-3.0913,0.8007,0.0005
1791052984489880576,18.900,odom,"ideal odometry /chassis/odom (IsaacComputeOdometry, relative to Play start)",-4.5607,-0.0040,-3.0914,0.8007,0.0023
1791052984517568077,18.917,odom,"ideal odometry /chassis/odom (IsaacComputeOdometry, relative to Play start)",-4.5741,-0.0047,-3.0914,0.8007,0.0019
1791052984577471881,18.933,odom,"ideal odometry /chassis/odom (IsaacComputeOdometry, relative to Play start)",-4.5874,-0.0053,-3.0914,0.8007,0.0006
1791052984602856182,18.950,odom,"ideal odometry /chassis/odom (IsaacComputeOdometry, relative to Play start)",-4.6007,-0.0060,-3.0915,0.8007,0.0005
1791052984663372686,18.967,odom,"ideal odometry /chassis/odom (IsaacComputeOdometry, relative to Play start)",-4.6141,-0.0067,-3.0915,0.8007,0.0026
1791052984688354187,18.983,odom,"ideal odometry /chassis/odom (IsaacComputeOdometry, relative to Play start)",-4.6274,-0.0073,-3.0915,0.8007,0.0029
1791052984746201790,19.000,odom,"ideal odometry /chassis/odom (IsaacComputeOdometry, relative to Play start)",-4.6407,-0.0080,-3.0914,0.8007,0.0055
1791052984779424292,19.017,odom,"ideal odometry /chassis/odom (IsaacComputeOdometry, relative to Play start)",-4.6541,-0.0087,-3.0912,0.8007,0.0063
1791052984844160096,19.033,odom,"ideal odometry /chassis/odom (IsaacComputeOdometry, relative to Play start)",-4.6674,-0.0093,-3.0911,0.8007,0.0081
1791052984870404697,19.050,odom,"ideal odometry /chassis/odom (IsaacComputeOdometry, relative to Play start)",-4.6807,-0.0100,-3.0909,0.8007,0.0100
1791052984928462000,19.067,odom,"ideal odometry /chassis/odom (IsaacComputeOdometry, relative to Play start)",-4.6941,-0.0107,-3.0907,0.8007,0.0114
1791052984958062102,19.083,odom,"ideal odometry /chassis/odom (IsaacComputeOdometry, relative to Play start)",-4.7074,-0.0114,-3.0904,0.8007,0.0125
1791052985015932505,19.100,odom,"ideal odometry /chassis/odom (IsaacComputeOdometry, relative to Play start)",-4.7207,-0.0121,-3.0902,0.8007,0.0143
1791052985044486607,19.117,odom,"ideal odometry /chassis/odom (IsaacComputeOdometry, relative to Play start)",-4.7341,-0.0128,-3.0899,0.8007,0.0153
1791052985106245510,19.133,odom,"ideal odometry /chassis/odom (IsaacComputeOdometry, relative to Play start)",-4.7474,-0.0134,-3.0896,0.8007,0.0172
1791052985134152712,19.150,odom,"ideal odometry /chassis/odom (IsaacComputeOdometry, relative to Play start)",-4.7607,-0.0141,-3.0893,0.8007,0.0182
1791052985191150015,19.167,odom,"ideal odometry /chassis/odom (IsaacComputeOdometry, relative to Play start)",-4.7741,-0.0148,-3.0888,0.8007,0.0283
1791052985218527017,19.183,odom,"ideal odometry /chassis/odom (IsaacComputeOdometry, relative to Play start)",-4.7874,-0.0156,-3.0882,0.8008,0.0390
1791052985275648820,19.200,odom,"ideal odometry /chassis/odom (IsaacComputeOdometry, relative to Play start)",-4.8007,-0.0163,-3.0875,0.8007,0.0340
1791052985303582922,19.217,odom,"ideal odometry /chassis/odom (IsaacComputeOdometry, relative to Play start)",-4.8141,-0.0170,-3.0868,0.8007,0.0447
1791052985368185625,19.233,odom,"ideal odometry /chassis/odom (IsaacComputeOdometry, relative to Play start)",-4.8274,-0.0178,-3.0859,0.8008,0.0506
1791052985393989027,19.250,odom,"ideal odometry /chassis/odom (IsaacComputeOdometry, relative to Play start)",-4.8407,-0.0185,-3.0850,0.8008,0.0544
1791052985452495330,19.267,odom,"ideal odometry /chassis/odom (IsaacComputeOdometry, relative to Play start)",-4.8541,-0.0193,-3.0840,0.8008,0.0588
1791052985487998332,19.283,odom,"ideal odometry /chassis/odom (IsaacComputeOdometry, relative to Play start)",-4.8674,-0.0201,-3.0829,0.8008,0.0622
1791052985539828935,19.300,odom,"ideal odometry /chassis/odom (IsaacComputeOdometry, relative to Play start)",-4.8807,-0.0209,-3.0819,0.8007,0.0571
1791052985568654836,19.317,odom,"ideal odometry /chassis/odom (IsaacComputeOdometry, relative to Play start)",-4.8940,-0.0217,-3.0810,0.8006,0.0548
1791052985633970340,19.333,odom,"ideal odometry /chassis/odom (IsaacComputeOdometry, relative to Play start)",-4.9074,-0.0225,-3.0801,0.8006,0.0558
1791052985660068542,19.350,odom,"ideal odometry /chassis/odom (IsaacComputeOdometry, relative to Play start)",-4.9207,-0.0233,-3.0791,0.8005,0.0562
1791052985718542645,19.367,odom,"ideal odometry /chassis/odom (IsaacComputeOdometry, relative to Play start)",-4.9338,-0.0242,-3.0783,0.7789,0.0485
1791052985745293946,19.383,odom,"ideal odometry /chassis/odom (IsaacComputeOdometry, relative to Play start)",-4.9466,-0.0250,-3.0775,0.7657,0.0464
1791052985801655849,19.400,odom,"ideal odometry /chassis/odom (IsaacComputeOdometry, relative to Play start)",-4.9593,-0.0258,-3.0767,0.7610,0.0523
1791052985831094951,19.417,odom,"ideal odometry /chassis/odom (IsaacComputeOdometry, relative to Play start)",-4.9720,-0.0266,-3.0759,0.7594,0.0522
1791052985887431354,19.433,odom,"ideal odometry /chassis/odom (IsaacComputeOdometry, relative to Play start)",-4.9844,-0.0275,-3.0751,0.7372,0.0447
1791052985915636856,19.450,odom,"ideal odometry /chassis/odom (IsaacComputeOdometry, relative to Play start)",-4.9968,-0.0283,-3.0744,0.7508,0.0436
1791052985975500859,19.467,odom,"ideal odometry /chassis/odom (IsaacComputeOdometry, relative to Play start)",-5.0091,-0.0291,-3.0737,0.7342,0.0426
1791052986002040361,19.483,odom,"ideal odometry /chassis/odom (IsaacComputeOdometry, relative to Play start)",-5.0212,-0.0300,-3.0731,0.7227,0.0400
1791052986060396464,19.500,odom,"ideal odometry /chassis/odom (IsaacComputeOdometry, relative to Play start)",-5.0332,-0.0308,-3.0724,0.7186,0.0396
1791052986090913066,19.517,odom,"ideal odometry /chassis/odom (IsaacComputeOdometry, relative to Play start)",-5.0451,-0.0316,-3.0718,0.7171,0.0384
1791052986159711570,19.533,odom,"ideal odometry /chassis/odom (IsaacComputeOdometry, relative to Play start)",-5.0569,-0.0325,-3.0712,0.6951,0.0359
1791052986189701471,19.550,odom,"ideal odometry /chassis/odom (IsaacComputeOdometry, relative to Play start)",-5.0683,-0.0333,-3.0707,0.6816,0.0344
1791052986247586575,19.567,odom,"ideal odometry /chassis/odom (IsaacComputeOdometry, relative to Play start)",-5.0796,-0.0341,-3.0701,0.6768,0.0341
1791052986280453976,19.583,odom,"ideal odometry /chassis/odom (IsaacComputeOdometry, relative to Play start)",-5.0908,-0.0349,-3.0696,0.6751,0.0323
1791052986335806279,19.600,odom,"ideal odometry /chassis/odom (IsaacComputeOdometry, relative to Play start)",-5.1020,-0.0357,-3.0691,0.6746,0.0316
1791052986362131381,19.617,odom,"ideal odometry /chassis/odom (IsaacComputeOdometry, relative to Play start)",-5.1133,-0.0365,-3.0686,0.6743,0.0307
1791052986426907485,19.633,odom,"ideal odometry /chassis/odom (IsaacComputeOdometry, relative to Play start)",-5.1243,-0.0373,-3.0681,0.6528,0.0313
1791052986451870986,19.650,odom,"ideal odometry /chassis/odom (IsaacComputeOdometry, relative to Play start)",-5.1350,-0.0381,-3.0677,0.6394,0.0281
1791052986510177889,19.667,odom,"ideal odometry /chassis/odom (IsaacComputeOdometry, relative to Play start)",-5.1456,-0.0389,-3.0672,0.6347,0.0273
1791052986537953291,19.683,odom,"ideal odometry /chassis/odom (IsaacComputeOdometry, relative to Play start)",-5.1561,-0.0397,-3.0669,0.6331,0.0271
1791052986594067394,19.700,odom,"ideal odometry /chassis/odom (IsaacComputeOdometry, relative to Play start)",-5.1666,-0.0405,-3.0665,0.6325,0.0270
1791052986623145096,19.717,odom,"ideal odometry /chassis/odom (IsaacComputeOdometry, relative to Play start)",-5.1772,-0.0413,-3.0661,0.6323,0.0252
1791052986684360999,19.733,odom,"ideal odometry /chassis/odom (IsaacComputeOdometry, relative to Play start)",-5.1875,-0.0421,-3.0657,0.6107,0.0252
1791052986710784301,19.750,odom,"ideal odometry /chassis/odom (IsaacComputeOdometry, relative to Play start)",-5.1975,-0.0428,-3.0653,0.5974,0.0224
1791052986770661404,19.767,odom,"ideal odometry /chassis/odom (IsaacComputeOdometry, relative to Play start)",-5.2074,-0.0436,-3.0650,0.5926,0.0222
1791052986808362106,19.783,odom,"ideal odometry /chassis/odom (IsaacComputeOdometry, relative to Play start)",-5.2172,-0.0444,-3.0646,0.5910,0.0213
1791052986854687109,19.800,odom,"ideal odometry /chassis/odom (IsaacComputeOdometry, relative to Play start)",-5.2268,-0.0451,-3.0643,0.5689,0.0218
1791052986882222610,19.817,odom,"ideal odometry /chassis/odom (IsaacComputeOdometry, relative to Play start)",-5.2361,-0.0458,-3.0640,0.5554,0.0191
1791052986946094314,19.833,odom,"ideal odometry /chassis/odom (IsaacComputeOdometry, relative to Play start)",-5.2453,-0.0466,-3.0637,0.5505,0.0189
1791052986972425115,19.850,odom,"ideal odometry /chassis/odom (IsaacComputeOdometry, relative to Play start)",-5.2545,-0.0473,-3.0634,0.5488,0.0189
1791052987032306119,19.867,odom,"ideal odometry /chassis/odom (IsaacComputeOdometry, relative to Play start)",-5.2636,-0.0480,-3.0631,0.5483,0.0192
1791052987058432120,19.883,odom,"ideal odometry /chassis/odom (IsaacComputeOdometry, relative to Play start)",-5.2727,-0.0487,-3.0629,0.5481,0.0173
1791052987116552923,19.900,odom,"ideal odometry /chassis/odom (IsaacComputeOdometry, relative to Play start)",-5.2818,-0.0494,-3.0626,0.5480,0.0184
1791052987144877725,19.917,odom,"ideal odometry /chassis/odom (IsaacComputeOdometry, relative to Play start)",-5.2909,-0.0502,-3.0623,0.5480,0.0164
1791052987208747728,19.933,odom,"ideal odometry /chassis/odom (IsaacComputeOdometry, relative to Play start)",-5.2998,-0.0509,-3.0621,0.5264,0.0169
1791052987233653030,19.950,odom,"ideal odometry /chassis/odom (IsaacComputeOdometry, relative to Play start)",-5.3085,-0.0515,-3.0618,0.5131,0.0153
1791052987292869233,19.967,odom,"ideal odometry /chassis/odom (IsaacComputeOdometry, relative to Play start)",-5.3169,-0.0522,-3.0616,0.5084,0.0153
1791052987318961235,19.983,odom,"ideal odometry /chassis/odom (IsaacComputeOdometry, relative to Play start)",-5.3254,-0.0529,-3.0613,0.5067,0.0147
1791052987379552384,20.000,odom,"ideal odometry /chassis/odom (IsaacComputeOdometry, relative to Play start)",-5.3338,-0.0536,-3.0611,0.5062,0.0158
1791052987409724919,20.017,odom,"ideal odometry /chassis/odom (IsaacComputeOdometry, relative to Play start)",-5.3422,-0.0543,-3.0609,0.5060,0.0136
1791052987476033230,20.033,odom,"ideal odometry /chassis/odom (IsaacComputeOdometry, relative to Play start)",-5.3504,-0.0549,-3.0607,0.4844,0.0141
1791052987501868690,20.050,odom,"ideal odometry /chassis/odom (IsaacComputeOdometry, relative to Play start)",-5.3583,-0.0556,-3.0605,0.4711,0.0127
1791052987562068780,20.067,odom,"ideal odometry /chassis/odom (IsaacComputeOdometry, relative to Play start)",-5.3661,-0.0562,-3.0603,0.4663,0.0127
1791052987590587779,20.083,odom,"ideal odometry /chassis/odom (IsaacComputeOdometry, relative to Play start)",-5.3739,-0.0568,-3.0601,0.4647,0.0123
1791052987652020201,20.100,odom,"ideal odometry /chassis/odom (IsaacComputeOdometry, relative to Play start)",-5.3816,-0.0575,-3.0599,0.4641,0.0135
1791052987678915140,20.117,odom,"ideal odometry /chassis/odom (IsaacComputeOdometry, relative to Play start)",-5.3893,-0.0581,-3.0597,0.4639,0.0127
1791052987738920620,20.133,odom,"ideal odometry /chassis/odom (IsaacComputeOdometry, relative to Play start)",-5.3970,-0.0587,-3.0596,0.4639,0.0126
1791052987763510514,20.150,odom,"ideal odometry /chassis/odom (IsaacComputeOdometry, relative to Play start)",-5.4047,-0.0594,-3.0594,0.4639,0.0124
1791052987827343833,20.167,odom,"ideal odometry /chassis/odom (IsaacComputeOdometry, relative to Play start)",-5.4124,-0.0600,-3.0592,0.4638,0.0119
1791052987855454160,20.183,odom,"ideal odometry /chassis/odom (IsaacComputeOdometry, relative to Play start)",-5.4199,-0.0606,-3.0591,0.4423,0.0117
1791052987916608152,20.200,odom,"ideal odometry /chassis/odom (IsaacComputeOdometry, relative to Play start)",-5.4271,-0.0612,-3.0589,0.4290,0.0091
1791052987942677526,20.217,odom,"ideal odometry /chassis/odom (IsaacComputeOdometry, relative to Play start)",-5.4342,-0.0618,-3.0588,0.4243,0.0093
1791052988001624229,20.233,odom,"ideal odometry /chassis/odom (IsaacComputeOdometry, relative to Play start)",-5.4413,-0.0624,-3.0586,0.4226,0.0089
1791052988028474751,20.250,odom,"ideal odometry /chassis/odom (IsaacComputeOdometry, relative to Play start)",-5.4483,-0.0630,-3.0585,0.4220,0.0106
1791052988090153119,20.267,odom,"ideal odometry /chassis/odom (IsaacComputeOdometry, relative to Play start)",-5.4553,-0.0636,-3.0584,0.4219,0.0099
1791052988124065162,20.283,odom,"ideal odometry /chassis/odom (IsaacComputeOdometry, relative to Play start)",-5.4623,-0.0642,-3.0583,0.4218,0.0098
1791052988177405260,20.300,odom,"ideal odometry /chassis/odom (IsaacComputeOdometry, relative to Play start)",-5.4693,-0.0648,-3.0581,0.4218,0.0094
1791052988201015384,20.317,odom,"ideal odometry /chassis/odom (IsaacComputeOdometry, relative to Play start)",-5.4763,-0.0653,-3.0581,0.4217,0.0030
1791052988265764004,20.333,odom,"ideal odometry /chassis/odom (IsaacComputeOdometry, relative to Play start)",-5.4831,-0.0659,-3.0581,0.4002,0.0023
1791052988290340964,20.350,odom,"ideal odometry /chassis/odom (IsaacComputeOdometry, relative to Play start)",-5.4897,-0.0665,-3.0582,0.3869,0.0007
1791052988352646977,20.367,odom,"ideal odometry /chassis/odom (IsaacComputeOdometry, relative to Play start)",-5.4960,-0.0670,-3.0581,0.3822,0.0053
1791052988378320814,20.383,odom,"ideal odometry /chassis/odom (IsaacComputeOdometry, relative to Play start)",-5.5024,-0.0675,-3.0581,0.3805,0.0037
1791052988438550482,20.400,odom,"ideal odometry /chassis/odom (IsaacComputeOdometry, relative to Play start)",-5.5087,-0.0681,-3.0581,0.3799,0.0018
1791052988465368318,20.417,odom,"ideal odometry /chassis/odom (IsaacComputeOdometry, relative to Play start)",-5.5150,-0.0686,-3.0582,0.3798,0.0014
1791052988528157700,20.433,odom,"ideal odometry /chassis/odom (IsaacComputeOdometry, relative to Play start)",-5.5213,-0.0691,-3.0583,0.3797,0.0023
1791052988560430945,20.450,odom,"ideal odometry /chassis/odom (IsaacComputeOdometry, relative to Play start)",-5.5276,-0.0696,-3.0584,0.3797,0.0034
1791052988617828184,20.467,odom,"ideal odometry /chassis/odom (IsaacComputeOdometry, relative to Play start)",-5.5337,-0.0701,-3.0585,0.3582,0.0031
1791052988644162753,20.483,odom,"ideal odometry /chassis/odom (IsaacComputeOdometry, relative to Play start)",-5.5396,-0.0706,-3.0586,0.3446,0.0055
1791052988703656992,20.500,odom,"ideal odometry /chassis/odom (IsaacComputeOdometry, relative to Play start)",-5.5453,-0.0711,-3.0587,0.3401,0.0058
1791052988728952737,20.517,odom,"ideal odometry /chassis/odom (IsaacComputeOdometry, relative to Play start)",-5.5509,-0.0716,-3.0589,0.3382,0.0065
1791052988799916358,20.533,odom,"ideal odometry /chassis/odom (IsaacComputeOdometry, relative to Play start)",-5.5565,-0.0720,-3.0591,0.3378,0.0066
1791052988825725549,20.550,odom,"ideal odometry /chassis/odom (IsaacComputeOdometry, relative to Play start)",-5.5621,-0.0725,-3.0592,0.3375,0.0075
1791052988887346165,20.567,odom,"ideal odometry /chassis/odom (IsaacComputeOdometry, relative to Play start)",-5.5677,-0.0730,-3.0594,0.3376,0.0082
1791052988915126727,20.583,odom,"ideal odometry /chassis/odom (IsaacComputeOdometry, relative to Play start)",-5.5734,-0.0734,-3.0596,0.3374,0.0090
1791052988971737904,20.600,odom,"ideal odometry /chassis/odom (IsaacComputeOdometry, relative to Play start)",-5.5790,-0.0739,-3.0599,0.3376,0.0099
1791052988997032145,20.617,odom,"ideal odometry /chassis/odom (IsaacComputeOdometry, relative to Play start)",-5.5846,-0.0743,-3.0601,0.3374,0.0104
1791052989059981346,20.633,odom,"ideal odometry /chassis/odom (IsaacComputeOdometry, relative to Play start)",-5.5902,-0.0748,-3.0603,0.3375,0.0111
1791052989086147273,20.650,odom,"ideal odometry /chassis/odom (IsaacComputeOdometry, relative to Play start)",-5.5958,-0.0752,-3.0606,0.3374,0.0116
1791052989145859383,20.667,odom,"ideal odometry /chassis/odom (IsaacComputeOdometry, relative to Play start)",-5.6014,-0.0757,-3.0608,0.3375,0.0072
1791052989888792571,20.683,odom,"ideal odometry /chassis/odom (IsaacComputeOdometry, relative to Play start)",-5.6068,-0.0761,-3.0610,0.3158,0.0143
1791052989949432615,20.700,odom,"ideal odometry /chassis/odom (IsaacComputeOdometry, relative to Play start)",-5.6119,-0.0765,-3.0612,0.3027,0.0122
1791052989974430980,20.717,odom,"ideal odometry /chassis/odom (IsaacComputeOdometry, relative to Play start)",-5.6169,-0.0769,-3.0615,0.2979,0.0132
1791052990035450118,20.733,odom,"ideal odometry /chassis/odom (IsaacComputeOdometry, relative to Play start)",-5.6219,-0.0773,-3.0617,0.2964,0.0128
1791052990061896180,20.750,odom,"ideal odometry /chassis/odom (IsaacComputeOdometry, relative to Play start)",-5.6268,-0.0777,-3.0620,0.2957,0.0136
1791052990123279374,20.767,odom,"ideal odometry /chassis/odom (IsaacComputeOdometry, relative to Play start)",-5.6317,-0.0781,-3.0623,0.2956,0.0142
1791052990166837717,20.783,odom,"ideal odometry /chassis/odom (IsaacComputeOdometry, relative to Play start)",-5.6366,-0.0785,-3.0626,0.2955,0.0148
1791052990212339457,20.800,odom,"ideal odometry /chassis/odom (IsaacComputeOdometry, relative to Play start)",-5.6415,-0.0789,-3.0629,0.2955,0.0154
1791052990243227168,20.817,odom,"ideal odometry /chassis/odom (IsaacComputeOdometry, relative to Play start)",-5.6464,-0.0793,-3.0632,0.2954,0.0161
1791052990304360506,20.833,odom,"ideal odometry /chassis/odom (IsaacComputeOdometry, relative to Play start)",-5.6514,-0.0797,-3.0636,0.2955,0.0166
1791052990330112648,20.850,odom,"ideal odometry /chassis/odom (IsaacComputeOdometry, relative to Play start)",-5.6563,-0.0800,-3.0639,0.2954,0.0167
1791052990391221923,20.867,odom,"ideal odometry /chassis/odom (IsaacComputeOdometry, relative to Play start)",-5.6612,-0.0804,-3.0642,0.2955,0.0176
1791052990418445624,20.883,odom,"ideal odometry /chassis/odom (IsaacComputeOdometry, relative to Play start)",-5.6661,-0.0808,-3.0646,0.2954,0.0175
1791052990478499030,20.900,odom,"ideal odometry /chassis/odom (IsaacComputeOdometry, relative to Play start)",-5.6708,-0.0812,-3.0649,0.2740,0.0173
1791052990506067535,20.917,odom,"ideal odometry /chassis/odom (IsaacComputeOdometry, relative to Play start)",-5.6752,-0.0815,-3.0652,0.2606,0.0193
1791052990566818370,20.933,odom,"ideal odometry /chassis/odom (IsaacComputeOdometry, relative to Play start)",-5.6795,-0.0818,-3.0656,0.2559,0.0182
1791052990595705133,20.950,odom,"ideal odometry /chassis/odom (IsaacComputeOdometry, relative to Play start)",-5.6838,-0.0822,-3.0659,0.2542,0.0192
1791052990653963431,20.967,odom,"ideal odometry /chassis/odom (IsaacComputeOdometry, relative to Play start)",-5.6880,-0.0825,-3.0663,0.2537,0.0176
1791052990684570305,20.983,odom,"ideal odometry /chassis/odom (IsaacComputeOdometry, relative to Play start)",-5.6922,-0.0828,-3.0666,0.2534,0.0185
1791052990747291207,21.000,odom,"ideal odometry /chassis/odom (IsaacComputeOdometry, relative to Play start)",-5.6964,-0.0831,-3.0670,0.2535,0.0190
1791052990779619396,21.017,odom,"ideal odometry /chassis/odom (IsaacComputeOdometry, relative to Play start)",-5.7007,-0.0834,-3.0674,0.2533,0.0189
1791052990847257194,21.033,odom,"ideal odometry /chassis/odom (IsaacComputeOdometry, relative to Play start)",-5.7049,-0.0837,-3.0677,0.2534,0.0200
1791052990872499699,21.050,odom,"ideal odometry /chassis/odom (IsaacComputeOdometry, relative to Play start)",-5.7091,-0.0840,-3.0681,0.2533,0.0199
1791052990933690889,21.067,odom,"ideal odometry /chassis/odom (IsaacComputeOdometry, relative to Play start)",-5.7133,-0.0843,-3.0685,0.2534,0.0210
1791052990959629219,21.083,odom,"ideal odometry /chassis/odom (IsaacComputeOdometry, relative to Play start)",-5.7175,-0.0846,-3.0689,0.2534,0.0208
1791052991021015219,21.100,odom,"ideal odometry /chassis/odom (IsaacComputeOdometry, relative to Play start)",-5.7217,-0.0850,-3.0693,0.2535,0.0219
1791052991049367681,21.117,odom,"ideal odometry /chassis/odom (IsaacComputeOdometry, relative to Play start)",-5.7260,-0.0853,-3.0697,0.2534,0.0221
1791052991109991784,21.133,odom,"ideal odometry /chassis/odom (IsaacComputeOdometry, relative to Play start)",-5.7302,-0.0856,-3.0702,0.2534,0.0226
1791052991137429647,21.150,odom,"ideal odometry /chassis/odom (IsaacComputeOdometry, relative to Play start)",-5.7344,-0.0859,-3.0706,0.2533,0.0232
1791052991199226224,21.167,odom,"ideal odometry /chassis/odom (IsaacComputeOdometry, relative to Play start)",-5.7386,-0.0862,-3.0709,0.2534,0.0176
1791052991225461633,21.183,odom,"ideal odometry /chassis/odom (IsaacComputeOdometry, relative to Play start)",-5.7426,-0.0864,-3.0713,0.2318,0.0256
1791052991289047003,21.200,odom,"ideal odometry /chassis/odom (IsaacComputeOdometry, relative to Play start)",-5.7464,-0.0867,-3.0717,0.2186,0.0209
1791052991316022453,21.217,odom,"ideal odometry /chassis/odom (IsaacComputeOdometry, relative to Play start)",-5.7500,-0.0869,-3.0721,0.2138,0.0221
1791052991382009521,21.233,odom,"ideal odometry /chassis/odom (IsaacComputeOdometry, relative to Play start)",-5.7535,-0.0872,-3.0725,0.2122,0.0222
1791052991413276326,21.250,odom,"ideal odometry /chassis/odom (IsaacComputeOdometry, relative to Play start)",-5.7570,-0.0874,-3.0729,0.2115,0.0220
1791052991471458123,21.267,odom,"ideal odometry /chassis/odom (IsaacComputeOdometry, relative to Play start)",-5.7605,-0.0877,-3.0732,0.2114,0.0226
1791052991507624880,21.283,odom,"ideal odometry /chassis/odom (IsaacComputeOdometry, relative to Play start)",-5.7641,-0.0879,-3.0736,0.2112,0.0228
1791052991564790311,21.300,odom,"ideal odometry /chassis/odom (IsaacComputeOdometry, relative to Play start)",-5.7676,-0.0881,-3.0740,0.2113,0.0233
1791052991592879382,21.317,odom,"ideal odometry /chassis/odom (IsaacComputeOdometry, relative to Play start)",-5.7711,-0.0884,-3.0744,0.2112,0.0233
1791052991654141157,21.333,odom,"ideal odometry /chassis/odom (IsaacComputeOdometry, relative to Play start)",-5.7746,-0.0886,-3.0748,0.2113,0.0240
1791052991682016367,21.350,odom,"ideal odometry /chassis/odom (IsaacComputeOdometry, relative to Play start)",-5.7781,-0.0889,-3.0752,0.2112,0.0238
1791052991741994275,21.367,odom,"ideal odometry /chassis/odom (IsaacComputeOdometry, relative to Play start)",-5.7817,-0.0891,-3.0757,0.2113,0.0243
1791052991776248515,21.383,odom,"ideal odometry /chassis/odom (IsaacComputeOdometry, relative to Play start)",-5.7852,-0.0893,-3.0761,0.2112,0.0243
1791052991832116343,21.400,odom,"ideal odometry /chassis/odom (IsaacComputeOdometry, relative to Play start)",-5.7887,-0.0895,-3.0765,0.2113,0.0251
1791052991858711696,21.417,odom,"ideal odometry /chassis/odom (IsaacComputeOdometry, relative to Play start)",-5.7922,-0.0898,-3.0769,0.2112,0.0251
1791052991918862157,21.433,odom,"ideal odometry /chassis/odom (IsaacComputeOdometry, relative to Play start)",-5.7957,-0.0900,-3.0773,0.2113,0.0254
1791052991947272470,21.450,odom,"ideal odometry /chassis/odom (IsaacComputeOdometry, relative to Play start)",-5.7993,-0.0902,-3.0778,0.2112,0.0256
1791052992009428190,21.467,odom,"ideal odometry /chassis/odom (IsaacComputeOdometry, relative to Play start)",-5.8028,-0.0904,-3.0782,0.2113,0.0259
1791052992036365841,21.483,odom,"ideal odometry /chassis/odom (IsaacComputeOdometry, relative to Play start)",-5.8063,-0.0907,-3.0787,0.2112,0.0260
1791052992098710155,21.500,odom,"ideal odometry /chassis/odom (IsaacComputeOdometry, relative to Play start)",-5.8096,-0.0909,-3.0791,0.1898,0.0243
1791052992129515450,21.517,odom,"ideal odometry /chassis/odom (IsaacComputeOdometry, relative to Play start)",-5.8127,-0.0911,-3.0795,0.1765,0.0220
1791052992197347357,21.533,odom,"ideal odometry /chassis/odom (IsaacComputeOdometry, relative to Play start)",-5.8155,-0.0912,-3.0799,0.1717,0.0212
1791052992224713933,21.550,odom,"ideal odometry /chassis/odom (IsaacComputeOdometry, relative to Play start)",-5.8184,-0.0914,-3.0802,0.1701,0.0227
1791052992283398749,21.567,odom,"ideal odometry /chassis/odom (IsaacComputeOdometry, relative to Play start)",-5.8212,-0.0916,-3.0806,0.1695,0.0223
1791052992310650223,21.583,odom,"ideal odometry /chassis/odom (IsaacComputeOdometry, relative to Play start)",-5.8240,-0.0917,-3.0810,0.1693,0.0213
1791052992377162168,21.600,odom,"ideal odometry /chassis/odom (IsaacComputeOdometry, relative to Play start)",-5.8269,-0.0919,-3.0814,0.1692,0.0234
1791052992404825021,21.617,odom,"ideal odometry /chassis/odom (IsaacComputeOdometry, relative to Play start)",-5.8297,-0.0921,-3.0818,0.1692,0.0223
1791052992469821190,21.633,odom,"ideal odometry /chassis/odom (IsaacComputeOdometry, relative to Play start)",-5.8325,-0.0923,-3.0822,0.1692,0.0226
1791052992496853890,21.650,odom,"ideal odometry /chassis/odom (IsaacComputeOdometry, relative to Play start)",-5.8353,-0.0924,-3.0825,0.1692,0.0238
1791052992556978383,21.667,odom,"ideal odometry /chassis/odom (IsaacComputeOdometry, relative to Play start)",-5.8382,-0.0926,-3.0829,0.1692,0.0231
1791052992582433846,21.683,odom,"ideal odometry /chassis/odom (IsaacComputeOdometry, relative to Play start)",-5.8410,-0.0927,-3.0833,0.1692,0.0225
1791052992645320483,21.700,odom,"ideal odometry /chassis/odom (IsaacComputeOdometry, relative to Play start)",-5.8438,-0.0929,-3.0837,0.1692,0.0245
1791052992671957345,21.717,odom,"ideal odometry /chassis/odom (IsaacComputeOdometry, relative to Play start)",-5.8466,-0.0931,-3.0841,0.1692,0.0235
1791052992729692270,21.733,odom,"ideal odometry /chassis/odom (IsaacComputeOdometry, relative to Play start)",-5.8494,-0.0932,-3.0845,0.1692,0.0233
1791052992756179339,21.750,odom,"ideal odometry /chassis/odom (IsaacComputeOdometry, relative to Play start)",-5.8523,-0.0934,-3.0849,0.1692,0.0249
1791052992816664677,21.767,odom,"ideal odometry /chassis/odom (IsaacComputeOdometry, relative to Play start)",-5.8551,-0.0936,-3.0854,0.1691,0.0242
1791052992849397929,21.783,odom,"ideal odometry /chassis/odom (IsaacComputeOdometry, relative to Play start)",-5.8579,-0.0937,-3.0858,0.1691,0.0237
1791052992903062679,21.800,odom,"ideal odometry /chassis/odom (IsaacComputeOdometry, relative to Play start)",-5.8607,-0.0939,-3.0862,0.1692,0.0256
1791052992930459935,21.817,odom,"ideal odometry /chassis/odom (IsaacComputeOdometry, relative to Play start)",-5.8636,-0.0940,-3.0866,0.1692,0.0246
1791052992993411642,21.833,odom,"ideal odometry /chassis/odom (IsaacComputeOdometry, relative to Play start)",-5.8664,-0.0942,-3.0870,0.1692,0.0244
1791052993019661289,21.850,odom,"ideal odometry /chassis/odom (IsaacComputeOdometry, relative to Play start)",-5.8692,-0.0943,-3.0874,0.1692,0.0261
1791052993079995030,21.867,odom,"ideal odometry /chassis/odom (IsaacComputeOdometry, relative to Play start)",-5.8720,-0.0945,-3.0879,0.1692,0.0252
1791052993108924505,21.883,odom,"ideal odometry /chassis/odom (IsaacComputeOdometry, relative to Play start)",-5.8748,-0.0946,-3.0883,0.1692,0.0248
1791052993166420403,21.900,odom,"ideal odometry /chassis/odom (IsaacComputeOdometry, relative to Play start)",-5.8775,-0.0948,-3.0886,0.1476,0.0190
1791052993195145542,21.917,odom,"ideal odometry /chassis/odom (IsaacComputeOdometry, relative to Play start)",-5.8798,-0.0949,-3.0889,0.1342,0.0188
1791052993258310308,21.933,odom,"ideal odometry /chassis/odom (IsaacComputeOdometry, relative to Play start)",-5.8820,-0.0950,-3.0892,0.1295,0.0182
1791052993285797701,21.950,odom,"ideal odometry /chassis/odom (IsaacComputeOdometry, relative to Play start)",-5.8841,-0.0951,-3.0895,0.1278,0.0170
1791052993349872053,21.967,odom,"ideal odometry /chassis/odom (IsaacComputeOdometry, relative to Play start)",-5.8860,-0.0952,-3.0898,0.1057,0.0161
1791052993375608954,21.983,odom,"ideal odometry /chassis/odom (IsaacComputeOdometry, relative to Play start)",-5.8875,-0.0953,-3.0900,0.0764,0.0103
1791052993433581001,22.000,odom,"ideal odometry /chassis/odom (IsaacComputeOdometry, relative to Play start)",-5.8885,-0.0953,-3.0902,0.0445,0.0067
1791052993463166798,22.017,odom,"ideal odometry /chassis/odom (IsaacComputeOdometry, relative to Play start)",-5.8889,-0.0954,-3.0902,0.0162,0.0024
1791052993533827022,22.033,odom,"ideal odometry /chassis/odom (IsaacComputeOdometry, relative to Play start)",-5.8891,-0.0954,-3.0902,0.0061,0.0001
1791052993563280773,22.050,odom,"ideal odometry /chassis/odom (IsaacComputeOdometry, relative to Play start)",-5.8892,-0.0954,-3.0903,0.0026,0.0005
1791052993617900126,22.067,odom,"ideal odometry /chassis/odom (IsaacComputeOdometry, relative to Play start)",-5.8892,-0.0954,-3.0903,0.0013,0.0002
1791052993646787691,22.083,odom,"ideal odometry /chassis/odom (IsaacComputeOdometry, relative to Play start)",-5.8893,-0.0954,-3.0903,0.0009,0.0001
1791052993709455353,22.100,odom,"ideal odometry /chassis/odom (IsaacComputeOdometry, relative to Play start)",-5.8893,-0.0954,-3.0903,0.0007,0.0004
1791052993737421803,22.117,odom,"ideal odometry /chassis/odom (IsaacComputeOdometry, relative to Play start)",-5.8893,-0.0954,-3.0903,0.0007,0.0002
1791052993797368529,22.133,odom,"ideal odometry /chassis/odom (IsaacComputeOdometry, relative to Play start)",-5.8893,-0.0954,-3.0903,0.0007,0.0001
1791052993824281114,22.150,odom,"ideal odometry /chassis/odom (IsaacComputeOdometry, relative to Play start)",-5.8893,-0.0954,-3.0903,0.0007,0.0003
1791052993885067843,22.167,odom,"ideal odometry /chassis/odom (IsaacComputeOdometry, relative to Play start)",-5.8894,-0.0954,-3.0903,0.0007,0.0006
1791052993914066098,22.183,odom,"ideal odometry /chassis/odom (IsaacComputeOdometry, relative to Play start)",-5.8894,-0.0954,-3.0903,0.0007,0.0006
1791052993974642275,22.200,odom,"ideal odometry /chassis/odom (IsaacComputeOdometry, relative to Play start)",-5.8894,-0.0954,-3.0903,0.0007,0.0006
1791052994000969325,22.217,odom,"ideal odometry /chassis/odom (IsaacComputeOdometry, relative to Play start)",-5.8894,-0.0954,-3.0903,0.0007,0.0005
1791052994063300905,22.233,odom,"ideal odometry /chassis/odom (IsaacComputeOdometry, relative to Play start)",-5.8894,-0.0954,-3.0903,0.0007,0.0006
1791052994090262620,22.250,odom,"ideal odometry /chassis/odom (IsaacComputeOdometry, relative to Play start)",-5.8894,-0.0954,-3.0903,0.0006,0.0008
1791052994154488569,22.267,odom,"ideal odometry /chassis/odom (IsaacComputeOdometry, relative to Play start)",-5.8895,-0.0954,-3.0903,0.0007,0.0006
1791052994191010056,22.283,odom,"ideal odometry /chassis/odom (IsaacComputeOdometry, relative to Play start)",-5.8895,-0.0954,-3.0903,0.0007,0.0004
1791052994243469043,22.300,odom,"ideal odometry /chassis/odom (IsaacComputeOdometry, relative to Play start)",-5.8895,-0.0954,-3.0903,0.0007,0.0005
1791052994271728361,22.317,odom,"ideal odometry /chassis/odom (IsaacComputeOdometry, relative to Play start)",-5.8895,-0.0954,-3.0903,0.0007,0.0005
1791052994331042427,22.333,odom,"ideal odometry /chassis/odom (IsaacComputeOdometry, relative to Play start)",-5.8895,-0.0954,-3.0903,0.0007,0.0005
1791052994360264470,22.350,odom,"ideal odometry /chassis/odom (IsaacComputeOdometry, relative to Play start)",-5.8896,-0.0954,-3.0903,0.0006,0.0007
1791052994417382376,22.367,odom,"ideal odometry /chassis/odom (IsaacComputeOdometry, relative to Play start)",-5.8896,-0.0954,-3.0903,0.0007,0.0007
1791052994440125326,22.383,odom,"ideal odometry /chassis/odom (IsaacComputeOdometry, relative to Play start)",-5.8896,-0.0954,-3.0903,0.0007,0.0004
1791052994502726012,22.400,odom,"ideal odometry /chassis/odom (IsaacComputeOdometry, relative to Play start)",-5.8896,-0.0954,-3.0903,0.0007,0.0006
1791052994530319383,22.417,odom,"ideal odometry /chassis/odom (IsaacComputeOdometry, relative to Play start)",-5.8896,-0.0954,-3.0903,0.0007,0.0007
1791052994594356337,22.433,odom,"ideal odometry /chassis/odom (IsaacComputeOdometry, relative to Play start)",-5.8896,-0.0954,-3.0903,0.0007,0.0006
1791052994627149545,22.450,odom,"ideal odometry /chassis/odom (IsaacComputeOdometry, relative to Play start)",-5.8897,-0.0954,-3.0903,0.0007,0.0006
1791052994688554195,22.467,odom,"ideal odometry /chassis/odom (IsaacComputeOdometry, relative to Play start)",-5.8897,-0.0954,-3.0903,0.0007,0.0006
1791052994712918497,22.483,odom,"ideal odometry /chassis/odom (IsaacComputeOdometry, relative to Play start)",-5.8897,-0.0954,-3.0903,0.0006,0.0007
1791052994779017960,22.500,odom,"ideal odometry /chassis/odom (IsaacComputeOdometry, relative to Play start)",-5.8897,-0.0954,-3.0903,0.0007,0.0005
1791052994805371679,22.517,odom,"ideal odometry /chassis/odom (IsaacComputeOdometry, relative to Play start)",-5.8897,-0.0954,-3.0903,0.0007,0.0005
1791052994874916880,22.533,odom,"ideal odometry /chassis/odom (IsaacComputeOdometry, relative to Play start)",-5.8898,-0.0954,-3.0903,0.0006,0.0006
1791052994907361474,22.550,odom,"ideal odometry /chassis/odom (IsaacComputeOdometry, relative to Play start)",-5.8898,-0.0954,-3.0903,0.0007,0.0006
1791052994964124650,22.567,odom,"ideal odometry /chassis/odom (IsaacComputeOdometry, relative to Play start)",-5.8898,-0.0954,-3.0903,0.0007,0.0006
1791052994991326895,22.583,odom,"ideal odometry /chassis/odom (IsaacComputeOdometry, relative to Play start)",-5.8898,-0.0954,-3.0903,0.0007,0.0006
1791052995054365530,22.600,odom,"ideal odometry /chassis/odom (IsaacComputeOdometry, relative to Play start)",-5.8898,-0.0954,-3.0904,0.0006,0.0008
1791052995077956404,22.617,odom,"ideal odometry /chassis/odom (IsaacComputeOdometry, relative to Play start)",-5.8898,-0.0954,-3.0903,0.0007,0.0006
1791052995139383412,22.633,odom,"ideal odometry /chassis/odom (IsaacComputeOdometry, relative to Play start)",-5.8899,-0.0954,-3.0904,0.0007,0.0005
1791052995165537408,22.650,odom,"ideal odometry /chassis/odom (IsaacComputeOdometry, relative to Play start)",-5.8899,-0.0954,-3.0904,0.0007,0.0007
1791052995225321808,22.667,odom,"ideal odometry /chassis/odom (IsaacComputeOdometry, relative to Play start)",-5.8899,-0.0954,-3.0904,0.0006,0.0006
1791052995251016198,22.683,odom,"ideal odometry /chassis/odom (IsaacComputeOdometry, relative to Play start)",-5.8899,-0.0954,-3.0904,0.0006,0.0006
1791052995312557606,22.700,odom,"ideal odometry /chassis/odom (IsaacComputeOdometry, relative to Play start)",-5.8899,-0.0954,-3.0904,0.0007,0.0007
1791052995341543830,22.717,odom,"ideal odometry /chassis/odom (IsaacComputeOdometry, relative to Play start)",-5.8900,-0.0954,-3.0904,0.0006,0.0007
1791052995402901657,22.733,odom,"ideal odometry /chassis/odom (IsaacComputeOdometry, relative to Play start)",-5.8900,-0.0954,-3.0904,0.0006,0.0007
1791052995430716910,22.750,odom,"ideal odometry /chassis/odom (IsaacComputeOdometry, relative to Play start)",-5.8900,-0.0954,-3.0904,0.0006,0.0007
1791052995491430547,22.767,odom,"ideal odometry /chassis/odom (IsaacComputeOdometry, relative to Play start)",-5.8900,-0.0954,-3.0904,0.0007,0.0005
1791052995523806662,22.783,odom,"ideal odometry /chassis/odom (IsaacComputeOdometry, relative to Play start)",-5.8900,-0.0954,-3.0904,0.0006,0.0007
1791052995580718528,22.800,odom,"ideal odometry /chassis/odom (IsaacComputeOdometry, relative to Play start)",-5.8901,-0.0954,-3.0904,0.0006,0.0008
1791052995605297994,22.817,odom,"ideal odometry /chassis/odom (IsaacComputeOdometry, relative to Play start)",-5.8901,-0.0954,-3.0904,0.0007,0.0006
1791052995667698456,22.833,odom,"ideal odometry /chassis/odom (IsaacComputeOdometry, relative to Play start)",-5.8901,-0.0954,-3.0904,0.0007,0.0007
1791052995693154120,22.850,odom,"ideal odometry /chassis/odom (IsaacComputeOdometry, relative to Play start)",-5.8901,-0.0954,-3.0904,0.0006,0.0008
1791052995755959644,22.867,odom,"ideal odometry /chassis/odom (IsaacComputeOdometry, relative to Play start)",-5.8901,-0.0954,-3.0904,0.0006,0.0006
1791052995781656841,22.883,odom,"ideal odometry /chassis/odom (IsaacComputeOdometry, relative to Play start)",-5.8901,-0.0954,-3.0904,0.0006,0.0005
1791052995842030687,22.900,odom,"ideal odometry /chassis/odom (IsaacComputeOdometry, relative to Play start)",-5.8902,-0.0954,-3.0904,0.0006,0.0008
1791052995867151172,22.917,odom,"ideal odometry /chassis/odom (IsaacComputeOdometry, relative to Play start)",-5.8902,-0.0954,-3.0904,0.0006,0.0006
1791052995930243047,22.933,odom,"ideal odometry /chassis/odom (IsaacComputeOdometry, relative to Play start)",-5.8902,-0.0954,-3.0904,0.0006,0.0007
1791052995961307923,22.950,odom,"ideal odometry /chassis/odom (IsaacComputeOdometry, relative to Play start)",-5.8902,-0.0954,-3.0904,0.0007,0.0006
1791052996019737068,22.967,odom,"ideal odometry /chassis/odom (IsaacComputeOdometry, relative to Play start)",-5.8902,-0.0954,-3.0904,0.0006,0.0007
1791052996043263874,22.983,odom,"ideal odometry /chassis/odom (IsaacComputeOdometry, relative to Play start)",-5.8903,-0.0954,-3.0904,0.0006,0.0007
1791052996103760603,23.000,odom,"ideal odometry /chassis/odom (IsaacComputeOdometry, relative to Play start)",-5.8903,-0.0954,-3.0904,0.0007,0.0005
1791052996130191082,23.017,odom,"ideal odometry /chassis/odom (IsaacComputeOdometry, relative to Play start)",-5.8903,-0.0954,-3.0904,0.0006,0.0007
1791052996199633919,23.033,odom,"ideal odometry /chassis/odom (IsaacComputeOdometry, relative to Play start)",-5.8903,-0.0954,-3.0904,0.0006,0.0007
1791052996223679948,23.050,odom,"ideal odometry /chassis/odom (IsaacComputeOdometry, relative to Play start)",-5.8903,-0.0954,-3.0904,0.0006,0.0007
1791052996281618355,23.067,odom,"ideal odometry /chassis/odom (IsaacComputeOdometry, relative to Play start)",-5.8903,-0.0954,-3.0904,0.0006,0.0005
1791052996307144934,23.083,odom,"ideal odometry /chassis/odom (IsaacComputeOdometry, relative to Play start)",-5.8904,-0.0954,-3.0904,0.0007,0.0006
1791052996371724866,23.100,odom,"ideal odometry /chassis/odom (IsaacComputeOdometry, relative to Play start)",-5.8904,-0.0954,-3.0904,0.0006,0.0006
1791052996399456997,23.117,odom,"ideal odometry /chassis/odom (IsaacComputeOdometry, relative to Play start)",-5.8904,-0.0954,-3.0904,0.0006,0.0008
1791052996455918769,23.133,odom,"ideal odometry /chassis/odom (IsaacComputeOdometry, relative to Play start)",-5.8904,-0.0954,-3.0904,0.0007,0.0005
1791052996480486810,23.150,odom,"ideal odometry /chassis/odom (IsaacComputeOdometry, relative to Play start)",-5.8904,-0.0954,-3.0904,0.0006,0.0006
1791052996549321367,23.167,odom,"ideal odometry /chassis/odom (IsaacComputeOdometry, relative to Play start)",-5.8905,-0.0954,-3.0904,0.0006,0.0008
1791052996575811578,23.183,odom,"ideal odometry /chassis/odom (IsaacComputeOdometry, relative to Play start)",-5.8905,-0.0954,-3.0904,0.0007,0.0007
1791052996632370389,23.200,odom,"ideal odometry /chassis/odom (IsaacComputeOdometry, relative to Play start)",-5.8905,-0.0954,-3.0904,0.0006,0.0007
1791052996667390611,23.217,odom,"ideal odometry /chassis/odom (IsaacComputeOdometry, relative to Play start)",-5.8905,-0.0954,-3.0904,0.0006,0.0008
1791052996718228444,23.233,odom,"ideal odometry /chassis/odom (IsaacComputeOdometry, relative to Play start)",-5.8905,-0.0954,-3.0904,0.0007,0.0008
1791052996747450526,23.250,odom,"ideal odometry /chassis/odom (IsaacComputeOdometry, relative to Play start)",-5.8905,-0.0954,-3.0905,0.0006,0.0008
1791052996807752429,23.267,odom,"ideal odometry /chassis/odom (IsaacComputeOdometry, relative to Play start)",-5.8906,-0.0954,-3.0905,0.0006,0.0007
1791052996845751868,23.283,odom,"ideal odometry /chassis/odom (IsaacComputeOdometry, relative to Play start)",-5.8906,-0.0954,-3.0905,0.0006,0.0009
1791052996897448655,23.300,odom,"ideal odometry /chassis/odom (IsaacComputeOdometry, relative to Play start)",-5.8906,-0.0954,-3.0905,0.0007,0.0006
1791052996922974452,23.317,odom,"ideal odometry /chassis/odom (IsaacComputeOdometry, relative to Play start)",-5.8906,-0.0954,-3.0905,0.0006,0.0006
1791052996982052354,23.333,odom,"ideal odometry /chassis/odom (IsaacComputeOdometry, relative to Play start)",-5.8906,-0.0954,-3.0905,0.0007,0.0008
1791052997005543176,23.350,odom,"ideal odometry /chassis/odom (IsaacComputeOdometry, relative to Play start)",-5.8907,-0.0954,-3.0905,0.0006,0.0006
1791052997067235250,23.367,odom,"ideal odometry /chassis/odom (IsaacComputeOdometry, relative to Play start)",-5.8907,-0.0954,-3.0905,0.0006,0.0007
1791052997093401247,23.383,odom,"ideal odometry /chassis/odom (IsaacComputeOdometry, relative to Play start)",-5.8907,-0.0954,-3.0905,0.0007,0.0006
1791052997151748960,23.400,odom,"ideal odometry /chassis/odom (IsaacComputeOdometry, relative to Play start)",-5.8907,-0.0954,-3.0905,0.0006,0.0007
1791052997180154781,23.417,odom,"ideal odometry /chassis/odom (IsaacComputeOdometry, relative to Play start)",-5.8907,-0.0954,-3.0905,0.0006,0.0007
1791052997239101275,23.433,odom,"ideal odometry /chassis/odom (IsaacComputeOdometry, relative to Play start)",-5.8907,-0.0954,-3.0905,0.0007,0.0005
1791052997265951439,23.450,odom,"ideal odometry /chassis/odom (IsaacComputeOdometry, relative to Play start)",-5.8908,-0.0954,-3.0905,0.0006,0.0006
1791052997325256027,23.467,odom,"ideal odometry /chassis/odom (IsaacComputeOdometry, relative to Play start)",-5.8908,-0.0955,-3.0905,0.0006,0.0009
1791052997356070582,23.483,odom,"ideal odometry /chassis/odom (IsaacComputeOdometry, relative to Play start)",-5.8908,-0.0955,-3.0905,0.0006,0.0007
1791052997412483689,23.500,odom,"ideal odometry /chassis/odom (IsaacComputeOdometry, relative to Play start)",-5.8908,-0.0955,-3.0905,0.0007,0.0005
1791052997440368575,23.517,odom,"ideal odometry /chassis/odom (IsaacComputeOdometry, relative to Play start)",-5.8908,-0.0955,-3.0905,0.0006,0.0008
1791052997502530959,23.533,odom,"ideal odometry /chassis/odom (IsaacComputeOdometry, relative to Play start)",-5.8909,-0.0955,-3.0905,0.0006,0.0006
1791052997528441777,23.550,odom,"ideal odometry /chassis/odom (IsaacComputeOdometry, relative to Play start)",-5.8909,-0.0955,-3.0905,0.0006,0.0006
1791052997588454717,23.567,odom,"ideal odometry /chassis/odom (IsaacComputeOdometry, relative to Play start)",-5.8909,-0.0955,-3.0905,0.0007,0.0005
1791052997614640789,23.583,odom,"ideal odometry /chassis/odom (IsaacComputeOdometry, relative to Play start)",-5.8909,-0.0955,-3.0905,0.0007,0.0004
1791052997672701792,23.600,odom,"ideal odometry /chassis/odom (IsaacComputeOdometry, relative to Play start)",-5.8909,-0.0955,-3.0905,0.0006,0.0007
1791052997703909986,23.617,odom,"ideal odometry /chassis/odom (IsaacComputeOdometry, relative to Play start)",-5.8909,-0.0955,-3.0905,0.0006,0.0007
1791052997767328390,23.633,odom,"ideal odometry /chassis/odom (IsaacComputeOdometry, relative to Play start)",-5.8910,-0.0955,-3.0905,0.0006,0.0007
1791052997797337064,23.650,odom,"ideal odometry /chassis/odom (IsaacComputeOdometry, relative to Play start)",-5.8910,-0.0955,-3.0905,0.0006,0.0006
1791052997857210958,23.667,odom,"ideal odometry /chassis/odom (IsaacComputeOdometry, relative to Play start)",-5.8910,-0.0955,-3.0905,0.0006,0.0009
1791052997888855876,23.683,odom,"ideal odometry /chassis/odom (IsaacComputeOdometry, relative to Play start)",-5.8910,-0.0955,-3.0905,0.0007,0.0005
1791052997957007441,23.700,odom,"ideal odometry /chassis/odom (IsaacComputeOdometry, relative to Play start)",-5.8910,-0.0955,-3.0905,0.0006,0.0007
1791052997986346635,23.717,odom,"ideal odometry /chassis/odom (IsaacComputeOdometry, relative to Play start)",-5.8911,-0.0955,-3.0905,0.0007,0.0004
1791052998045912865,23.733,odom,"ideal odometry /chassis/odom (IsaacComputeOdometry, relative to Play start)",-5.8911,-0.0955,-3.0905,0.0006,0.0007
1791052998074064485,23.750,odom,"ideal odometry /chassis/odom (IsaacComputeOdometry, relative to Play start)",-5.8911,-0.0955,-3.0905,0.0006,0.0005
1791052998139330640,23.767,odom,"ideal odometry /chassis/odom (IsaacComputeOdometry, relative to Play start)",-5.8911,-0.0955,-3.0905,0.0006,0.0007
1791052998177677597,23.783,odom,"ideal odometry /chassis/odom (IsaacComputeOdometry, relative to Play start)",-5.8911,-0.0955,-3.0905,0.0006,0.0006
1791052998231977491,23.800,odom,"ideal odometry /chassis/odom (IsaacComputeOdometry, relative to Play start)",-5.8911,-0.0955,-3.0905,0.0006,0.0007
1791052998261564325,23.817,odom,"ideal odometry /chassis/odom (IsaacComputeOdometry, relative to Play start)",-5.8912,-0.0955,-3.0905,0.0006,0.0007
1791052998319846334,23.833,odom,"ideal odometry /chassis/odom (IsaacComputeOdometry, relative to Play start)",-5.8912,-0.0955,-3.0906,0.0006,0.0007
1791052998349604920,23.850,odom,"ideal odometry /chassis/odom (IsaacComputeOdometry, relative to Play start)",-5.8912,-0.0955,-3.0905,0.0006,0.0007
1791052998412415632,23.867,odom,"ideal odometry /chassis/odom (IsaacComputeOdometry, relative to Play start)",-5.8912,-0.0955,-3.0906,0.0006,0.0008
1791052998437593812,23.883,odom,"ideal odometry /chassis/odom (IsaacComputeOdometry, relative to Play start)",-5.8912,-0.0955,-3.0906,0.0006,0.0006
1791052998494692555,23.900,odom,"ideal odometry /chassis/odom (IsaacComputeOdometry, relative to Play start)",-5.8913,-0.0955,-3.0906,0.0006,0.0008
1791052998519248551,23.917,odom,"ideal odometry /chassis/odom (IsaacComputeOdometry, relative to Play start)",-5.8913,-0.0955,-3.0906,0.0006,0.0007
1791052998583197094,23.933,odom,"ideal odometry /chassis/odom (IsaacComputeOdometry, relative to Play start)",-5.8913,-0.0955,-3.0906,0.0006,0.0009
1791052998610067333,23.950,odom,"ideal odometry /chassis/odom (IsaacComputeOdometry, relative to Play start)",-5.8913,-0.0955,-3.0906,0.0006,0.0007
1791052998668085055,23.967,odom,"ideal odometry /chassis/odom (IsaacComputeOdometry, relative to Play start)",-5.8913,-0.0955,-3.0906,0.0006,0.0007
1791052998695589717,23.983,odom,"ideal odometry /chassis/odom (IsaacComputeOdometry, relative to Play start)",-5.8913,-0.0955,-3.0906,0.0006,0.0007
1791052998754028790,24.000,odom,"ideal odometry /chassis/odom (IsaacComputeOdometry, relative to Play start)",-5.8914,-0.0955,-3.0906,0.0006,0.0006
1791052998780616725,24.017,odom,"ideal odometry /chassis/odom (IsaacComputeOdometry, relative to Play start)",-5.8914,-0.0955,-3.0906,0.0006,0.0006
1791052998854475461,24.033,odom,"ideal odometry /chassis/odom (IsaacComputeOdometry, relative to Play start)",-5.8914,-0.0955,-3.0906,0.0007,0.0006
1791052998882712860,24.050,odom,"ideal odometry /chassis/odom (IsaacComputeOdometry, relative to Play start)",-5.8914,-0.0955,-3.0906,0.0006,0.0006
1791052998940731365,24.067,odom,"ideal odometry /chassis/odom (IsaacComputeOdometry, relative to Play start)",-5.8914,-0.0955,-3.0906,0.0006,0.0008
1791052998966571779,24.083,odom,"ideal odometry /chassis/odom (IsaacComputeOdometry, relative to Play start)",-5.8915,-0.0955,-3.0906,0.0006,0.0008
1791052999024271652,24.100,odom,"ideal odometry /chassis/odom (IsaacComputeOdometry, relative to Play start)",-5.8915,-0.0955,-3.0906,0.0007,0.0005
1791052999051536313,24.117,odom,"ideal odometry /chassis/odom (IsaacComputeOdometry, relative to Play start)",-5.8915,-0.0955,-3.0906,0.0006,0.0006
1791052999114762500,24.133,odom,"ideal odometry /chassis/odom (IsaacComputeOdometry, relative to Play start)",-5.8915,-0.0955,-3.0906,0.0006,0.0006
1791052999141191902,24.150,odom,"ideal odometry /chassis/odom (IsaacComputeOdometry, relative to Play start)",-5.8915,-0.0955,-3.0906,0.0006,0.0008
1791052999199319687,24.167,odom,"ideal odometry /chassis/odom (IsaacComputeOdometry, relative to Play start)",-5.8915,-0.0955,-3.0906,0.0006,0.0008
1791052999226908071,24.183,odom,"ideal odometry /chassis/odom (IsaacComputeOdometry, relative to Play start)",-5.8916,-0.0955,-3.0906,0.0006,0.0004
1791052999288748200,24.200,odom,"ideal odometry /chassis/odom (IsaacComputeOdometry, relative to Play start)",-5.8916,-0.0955,-3.0906,0.0006,0.0006
1791052999323129591,24.217,odom,"ideal odometry /chassis/odom (IsaacComputeOdometry, relative to Play start)",-5.8916,-0.0955,-3.0906,0.0006,0.0005
1791052999380832989,24.233,odom,"ideal odometry /chassis/odom (IsaacComputeOdometry, relative to Play start)",-5.8916,-0.0955,-3.0906,0.0006,0.0005
1791052999406257438,24.250,odom,"ideal odometry /chassis/odom (IsaacComputeOdometry, relative to Play start)",-5.8916,-0.0955,-3.0906,0.0006,0.0004
1791052999461347449,24.267,odom,"ideal odometry /chassis/odom (IsaacComputeOdometry, relative to Play start)",-5.8917,-0.0955,-3.0906,0.0006,0.0006
1791052999495633368,24.283,odom,"ideal odometry /chassis/odom (IsaacComputeOdometry, relative to Play start)",-5.8917,-0.0955,-3.0906,0.0006,0.0007
1791052999546946407,24.300,odom,"ideal odometry /chassis/odom (IsaacComputeOdometry, relative to Play start)",-5.8917,-0.0955,-3.0906,0.0006,0.0007
1791052999573890282,24.317,odom,"ideal odometry /chassis/odom (IsaacComputeOdometry, relative to Play start)",-5.8917,-0.0955,-3.0906,0.0006,0.0007
1791052999634453631,24.333,odom,"ideal odometry /chassis/odom (IsaacComputeOdometry, relative to Play start)",-5.8917,-0.0955,-3.0906,0.0006,0.0007
1791052999661593444,24.350,odom,"ideal odometry /chassis/odom (IsaacComputeOdometry, relative to Play start)",-5.8917,-0.0955,-3.0906,0.0007,0.0005
1791052999721277373,24.367,odom,"ideal odometry /chassis/odom (IsaacComputeOdometry, relative to Play start)",-5.8918,-0.0955,-3.0906,0.0006,0.0007
1791052999747151961,24.383,odom,"ideal odometry /chassis/odom (IsaacComputeOdometry, relative to Play start)",-5.8918,-0.0955,-3.0906,0.0007,0.0005
1791052999809730994,24.400,odom,"ideal odometry /chassis/odom (IsaacComputeOdometry, relative to Play start)",-5.8918,-0.0955,-3.0906,0.0006,0.0006
1791052999836852104,24.417,odom,"ideal odometry /chassis/odom (IsaacComputeOdometry, relative to Play start)",-5.8918,-0.0955,-3.0906,0.0006,0.0007
1791052999894960108,24.433,odom,"ideal odometry /chassis/odom (IsaacComputeOdometry, relative to Play start)",-5.8918,-0.0955,-3.0906,0.0006,0.0006
1791052999923568330,24.450,odom,"ideal odometry /chassis/odom (IsaacComputeOdometry, relative to Play start)",-5.8919,-0.0955,-3.0907,0.0006,0.0004
1791052999979944129,24.467,odom,"ideal odometry /chassis/odom (IsaacComputeOdometry, relative to Play start)",-5.8919,-0.0955,-3.0906,0.0006,0.0007
1791053000007402573,24.483,odom,"ideal odometry /chassis/odom (IsaacComputeOdometry, relative to Play start)",-5.8919,-0.0955,-3.0907,0.0007,0.0004
1791053000067989423,24.500,odom,"ideal odometry /chassis/odom (IsaacComputeOdometry, relative to Play start)",-5.8919,-0.0955,-3.0907,0.0006,0.0006
1791052952881122554,7.300,map,sim_state_odom_plus_spawn (independent of AMCL),-6.0080,-1.0000,3.1416,,
1791052952920536721,7.317,map,sim_state_odom_plus_spawn (independent of AMCL),-6.0080,-1.0000,-3.1416,,
1791052952988219254,7.333,map,sim_state_odom_plus_spawn (independent of AMCL),-6.0081,-1.0000,3.1416,,
1791052953016424357,7.350,map,sim_state_odom_plus_spawn (independent of AMCL),-6.0081,-1.0000,3.1416,,
1791052953085751816,7.367,map,sim_state_odom_plus_spawn (independent of AMCL),-6.0081,-1.0000,-3.1416,,
1791052953123474484,7.383,map,sim_state_odom_plus_spawn (independent of AMCL),-6.0081,-1.0000,3.1416,,
1791052953193656338,7.400,map,sim_state_odom_plus_spawn (independent of AMCL),-6.0081,-1.0000,3.1416,,
1791052953228013598,7.417,map,sim_state_odom_plus_spawn (independent of AMCL),-6.0082,-1.0000,3.1416,,
1791052953298507767,7.433,map,sim_state_odom_plus_spawn (independent of AMCL),-6.0082,-1.0000,3.1416,,
1791052953332562806,7.450,map,sim_state_odom_plus_spawn (independent of AMCL),-6.0082,-1.0000,3.1416,,
1791052953402471321,7.467,map,sim_state_odom_plus_spawn (independent of AMCL),-6.0082,-1.0000,3.1416,,
1791052953433283381,7.483,map,sim_state_odom_plus_spawn (independent of AMCL),-6.0082,-1.0000,3.1416,,
1791052953498057136,7.500,map,sim_state_odom_plus_spawn (independent of AMCL),-6.0082,-1.0000,3.1416,,
1791052953525366069,7.517,map,sim_state_odom_plus_spawn (independent of AMCL),-6.0083,-1.0000,-3.1416,,
1791052953610488777,7.533,map,sim_state_odom_plus_spawn (independent of AMCL),-6.0083,-1.0000,3.1416,,
1791052953655053395,7.550,map,sim_state_odom_plus_spawn (independent of AMCL),-6.0083,-1.0000,3.1416,,
1791052953712529370,7.567,map,sim_state_odom_plus_spawn (independent of AMCL),-6.0083,-1.0000,-3.1416,,
1791052953740945248,7.583,map,sim_state_odom_plus_spawn (independent of AMCL),-6.0083,-1.0000,3.1416,,
1791052953808706235,7.600,map,sim_state_odom_plus_spawn (independent of AMCL),-6.0084,-1.0000,3.1416,,
1791052953838592842,7.617,map,sim_state_odom_plus_spawn (independent of AMCL),-6.0084,-1.0000,3.1416,,
1791052953913016384,7.633,map,sim_state_odom_plus_spawn (independent of AMCL),-6.0084,-1.0000,3.1416,,
1791052953948405334,7.650,map,sim_state_odom_plus_spawn (independent of AMCL),-6.0084,-1.0000,3.1416,,
1791052954016756171,7.667,map,sim_state_odom_plus_spawn (independent of AMCL),-6.0084,-1.0000,3.1416,,
1791052954060162475,7.683,map,sim_state_odom_plus_spawn (independent of AMCL),-6.0085,-1.0000,3.1416,,
1791052954122840571,7.700,map,sim_state_odom_plus_spawn (independent of AMCL),-6.0085,-1.0000,-3.1416,,
1791052954163792128,7.717,map,sim_state_odom_plus_spawn (independent of AMCL),-6.0085,-1.0000,3.1416,,
1791052954226417854,7.733,map,sim_state_odom_plus_spawn (independent of AMCL),-6.0085,-1.0000,3.1416,,
1791052954261649697,7.750,map,sim_state_odom_plus_spawn (independent of AMCL),-6.0085,-1.0000,-3.1416,,
1791052954333272597,7.767,map,sim_state_odom_plus_spawn (independent of AMCL),-6.0085,-1.0000,3.1416,,
1791052954378371599,7.783,map,sim_state_odom_plus_spawn (independent of AMCL),-6.0086,-1.0000,3.1416,,
1791052954432164054,7.800,map,sim_state_odom_plus_spawn (independent of AMCL),-6.0086,-1.0000,3.1416,,
1791052954457600896,7.817,map,sim_state_odom_plus_spawn (independent of AMCL),-6.0086,-1.0000,3.1416,,
1791052954532112586,7.833,map,sim_state_odom_plus_spawn (independent of AMCL),-6.0086,-1.0000,3.1416,,
1791052954560914036,7.850,map,sim_state_odom_plus_spawn (independent of AMCL),-6.0086,-1.0000,3.1416,,
1791052954632869658,7.867,map,sim_state_odom_plus_spawn (independent of AMCL),-6.0087,-1.0000,3.1416,,
1791052954668167601,7.883,map,sim_state_odom_plus_spawn (independent of AMCL),-6.0087,-1.0000,3.1416,,
1791052954737375081,7.900,map,sim_state_odom_plus_spawn (independent of AMCL),-6.0087,-1.0000,3.1416,,
1791052954768721315,7.917,map,sim_state_odom_plus_spawn (independent of AMCL),-6.0087,-1.0000,3.1416,,
1791052954833559474,7.933,map,sim_state_odom_plus_spawn (independent of AMCL),-6.0087,-1.0000,3.1416,,
1791052954858642824,7.950,map,sim_state_odom_plus_spawn (independent of AMCL),-6.0087,-1.0000,3.1416,,
1791052954929082530,7.967,map,sim_state_odom_plus_spawn (independent of AMCL),-6.0088,-1.0000,-3.1416,,
1791052954953590388,7.983,map,sim_state_odom_plus_spawn (independent of AMCL),-6.0088,-1.0000,3.1416,,
1791052955022742840,8.000,map,sim_state_odom_plus_spawn (independent of AMCL),-6.0088,-1.0000,3.1416,,
1791052955051904063,8.017,map,sim_state_odom_plus_spawn (independent of AMCL),-6.0088,-1.0000,3.1416,,
1791052955129458686,8.033,map,sim_state_odom_plus_spawn (independent of AMCL),-6.0088,-1.0000,-3.1416,,
1791052955153970946,8.050,map,sim_state_odom_plus_spawn (independent of AMCL),-6.0089,-1.0000,3.1416,,
1791052955239328235,8.067,map,sim_state_odom_plus_spawn (independent of AMCL),-6.0089,-1.0000,3.1416,,
1791052955262219471,8.083,map,sim_state_odom_plus_spawn (independent of AMCL),-6.0089,-1.0000,3.1416,,
1791052955329104271,8.100,map,sim_state_odom_plus_spawn (independent of AMCL),-6.0089,-1.0000,-3.1416,,
1791052955353351196,8.117,map,sim_state_odom_plus_spawn (independent of AMCL),-6.0089,-1.0000,3.1416,,
1791052955425288763,8.133,map,sim_state_odom_plus_spawn (independent of AMCL),-6.0090,-1.0000,3.1416,,
1791052955452009846,8.150,map,sim_state_odom_plus_spawn (independent of AMCL),-6.0090,-1.0000,-3.1416,,
1791052955521859453,8.167,map,sim_state_odom_plus_spawn (independent of AMCL),-6.0090,-1.0000,3.1416,,
1791052955545660351,8.183,map,sim_state_odom_plus_spawn (independent of AMCL),-6.0090,-1.0000,3.1416,,
1791052955615904458,8.200,map,sim_state_odom_plus_spawn (independent of AMCL),-6.0090,-1.0000,-3.1416,,
1791052955641470154,8.217,map,sim_state_odom_plus_spawn (independent of AMCL),-6.0090,-1.0000,3.1416,,
1791052955714636546,8.233,map,sim_state_odom_plus_spawn (independent of AMCL),-6.0091,-1.0000,3.1416,,
1791052955738567510,8.250,map,sim_state_odom_plus_spawn (independent of AMCL),-6.0091,-1.0000,-3.1416,,
1791052955809708873,8.267,map,sim_state_odom_plus_spawn (independent of AMCL),-6.0091,-1.0000,3.1416,,
1791052955841253808,8.283,map,sim_state_odom_plus_spawn (independent of AMCL),-6.0091,-1.0000,3.1416,,
1791052955902014995,8.300,map,sim_state_odom_plus_spawn (independent of AMCL),-6.0091,-1.0000,-3.1415,,
1791052955931290976,8.317,map,sim_state_odom_plus_spawn (independent of AMCL),-6.0092,-1.0000,-3.1413,,
1791052956001727781,8.333,map,sim_state_odom_plus_spawn (independent of AMCL),-6.0092,-1.0000,-3.1411,,
1791052956029079785,8.350,map,sim_state_odom_plus_spawn (independent of AMCL),-6.0092,-1.0000,-3.1407,,
1791052956093787177,8.367,map,sim_state_odom_plus_spawn (independent of AMCL),-6.0092,-1.0000,-3.1400,,
1791052956124105488,8.383,map,sim_state_odom_plus_spawn (independent of AMCL),-6.0092,-1.0000,-3.1390,,
1791052956191406099,8.400,map,sim_state_odom_plus_spawn (independent of AMCL),-6.0093,-1.0000,-3.1375,,
1791052956912340740,8.417,map,sim_state_odom_plus_spawn (independent of AMCL),-6.0093,-1.0000,-3.1360,,
1791052956986047807,8.433,map,sim_state_odom_plus_spawn (independent of AMCL),-6.0093,-1.0000,-3.1343,,
1791052957010872926,8.450,map,sim_state_odom_plus_spawn (independent of AMCL),-6.0093,-1.0000,-3.1326,,
1791052957079455488,8.467,map,sim_state_odom_plus_spawn (independent of AMCL),-6.0094,-1.0000,-3.1308,,
1791052957107045213,8.483,map,sim_state_odom_plus_spawn (independent of AMCL),-6.0094,-1.0000,-3.1290,,
1791052957176733537,8.500,map,sim_state_odom_plus_spawn (independent of AMCL),-6.0094,-1.0000,-3.1271,,
1791052957207132189,8.517,map,sim_state_odom_plus_spawn (independent of AMCL),-6.0095,-1.0000,-3.1253,,
1791052957278055241,8.533,map,sim_state_odom_plus_spawn (independent of AMCL),-6.0095,-1.0000,-3.1234,,
1791052957308924433,8.550,map,sim_state_odom_plus_spawn (independent of AMCL),-6.0096,-1.0000,-3.1215,,
1791052957376691680,8.567,map,sim_state_odom_plus_spawn (independent of AMCL),-6.0097,-1.0000,-3.1196,,
1791052957404755546,8.583,map,sim_state_odom_plus_spawn (independent of AMCL),-6.0097,-1.0000,-3.1177,,
1791052957468461629,8.600,map,sim_state_odom_plus_spawn (independent of AMCL),-6.0098,-1.0000,-3.1157,,
1791052957500653893,8.617,map,sim_state_odom_plus_spawn (independent of AMCL),-6.0099,-1.0000,-3.1137,,
1791052957568679873,8.633,map,sim_state_odom_plus_spawn (independent of AMCL),-6.0099,-1.0000,-3.1117,,
1791052957596214469,8.650,map,sim_state_odom_plus_spawn (independent of AMCL),-6.0100,-1.0000,-3.1097,,
1791052957665898091,8.667,map,sim_state_odom_plus_spawn (independent of AMCL),-6.0101,-1.0000,-3.1077,,
1791052957694185070,8.683,map,sim_state_odom_plus_spawn (independent of AMCL),-6.0102,-1.0000,-3.1056,,
1791052957766649805,8.700,map,sim_state_odom_plus_spawn (independent of AMCL),-6.0103,-1.0000,-3.1036,,
1791052957806007612,8.717,map,sim_state_odom_plus_spawn (independent of AMCL),-6.0104,-1.0000,-3.1015,,
1791052957867071352,8.733,map,sim_state_odom_plus_spawn (independent of AMCL),-6.0105,-1.0001,-3.0994,,
1791052957896459391,8.750,map,sim_state_odom_plus_spawn (independent of AMCL),-6.0106,-1.0001,-3.0973,,
1791052957969201867,8.767,map,sim_state_odom_plus_spawn (independent of AMCL),-6.0107,-1.0001,-3.0952,,
1791052958001372420,8.783,map,sim_state_odom_plus_spawn (independent of AMCL),-6.0108,-1.0001,-3.0930,,
1791052958062179130,8.800,map,sim_state_odom_plus_spawn (independent of AMCL),-6.0109,-1.0001,-3.0908,,
1791052958089904323,8.817,map,sim_state_odom_plus_spawn (independent of AMCL),-6.0111,-1.0001,-3.0886,,
1791052958160718019,8.833,map,sim_state_odom_plus_spawn (independent of AMCL),-6.0112,-1.0001,-3.0864,,
1791052958191687362,8.850,map,sim_state_odom_plus_spawn (independent of AMCL),-6.0113,-1.0001,-3.0841,,
1791052958262973899,8.867,map,sim_state_odom_plus_spawn (independent of AMCL),-6.0114,-1.0001,-3.0818,,
1791052958291298697,8.883,map,sim_state_odom_plus_spawn (independent of AMCL),-6.0116,-1.0001,-3.0795,,
1791052958362763624,8.900,map,sim_state_odom_plus_spawn (independent of AMCL),-6.0117,-1.0001,-3.0772,,
1791052958397021838,8.917,map,sim_state_odom_plus_spawn (independent of AMCL),-6.0118,-1.0001,-3.0748,,
1791052958467536282,8.933,map,sim_state_odom_plus_spawn (independent of AMCL),-6.0120,-1.0001,-3.0724,,
1791052958494994540,8.950,map,sim_state_odom_plus_spawn (independent of AMCL),-6.0121,-1.0002,-3.0700,,
1791052958565547604,8.967,map,sim_state_odom_plus_spawn (independent of AMCL),-6.0123,-1.0002,-3.0675,,
1791052958588986418,8.983,map,sim_state_odom_plus_spawn (independent of AMCL),-6.0124,-1.0002,-3.0650,,
1791052958663385737,9.000,map,sim_state_odom_plus_spawn (independent of AMCL),-6.0126,-1.0002,-3.0625,,
1791052958688802857,9.017,map,sim_state_odom_plus_spawn (independent of AMCL),-6.0127,-1.0002,-3.0600,,
1791052958771699596,9.033,map,sim_state_odom_plus_spawn (independent of AMCL),-6.0129,-1.0002,-3.0574,,
1791052958798387662,9.050,map,sim_state_odom_plus_spawn (independent of AMCL),-6.0131,-1.0002,-3.0548,,
1791052958864655848,9.067,map,sim_state_odom_plus_spawn (independent of AMCL),-6.0132,-1.0003,-3.0522,,
1791052958892690398,9.083,map,sim_state_odom_plus_spawn (independent of AMCL),-6.0134,-1.0003,-3.0495,,
1791052958965253584,9.100,map,sim_state_odom_plus_spawn (independent of AMCL),-6.0135,-1.0003,-3.0466,,
1791052958989458788,9.117,map,sim_state_odom_plus_spawn (independent of AMCL),-6.0137,-1.0003,-3.0434,,
1791052959062438585,9.133,map,sim_state_odom_plus_spawn (independent of AMCL),-6.0139,-1.0003,-3.0397,,
1791052959090478839,9.150,map,sim_state_odom_plus_spawn (independent of AMCL),-6.0141,-1.0003,-3.0353,,
1791052959163451733,9.167,map,sim_state_odom_plus_spawn (independent of AMCL),-6.0142,-1.0004,-3.0303,,
1791052959189783017,9.183,map,sim_state_odom_plus_spawn (independent of AMCL),-6.0144,-1.0004,-3.0246,,
1791052959256513238,9.200,map,sim_state_odom_plus_spawn (independent of AMCL),-6.0146,-1.0004,-3.0182,,
1791052959282301247,9.217,map,sim_state_odom_plus_spawn (independent of AMCL),-6.0148,-1.0005,-3.0111,,
1791052959354621909,9.233,map,sim_state_odom_plus_spawn (independent of AMCL),-6.0150,-1.0005,-3.0032,,
1791052959380620825,9.250,map,sim_state_odom_plus_spawn (independent of AMCL),-6.0152,-1.0005,-2.9945,,
1791052959449052910,9.267,map,sim_state_odom_plus_spawn (independent of AMCL),-6.0154,-1.0006,-2.9853,,
1791052959483487514,9.283,map,sim_state_odom_plus_spawn (independent of AMCL),-6.0156,-1.0006,-2.9756,,
1791052959543412576,9.300,map,sim_state_odom_plus_spawn (independent of AMCL),-6.0158,-1.0006,-2.9655,,
1791052959568576267,9.317,map,sim_state_odom_plus_spawn (independent of AMCL),-6.0160,-1.0007,-2.9552,,
1791052959640339646,9.333,map,sim_state_odom_plus_spawn (independent of AMCL),-6.0163,-1.0007,-2.9447,,
1791052959668728677,9.350,map,sim_state_odom_plus_spawn (independent of AMCL),-6.0165,-1.0008,-2.9340,,
1791052959735330332,9.367,map,sim_state_odom_plus_spawn (independent of AMCL),-6.0166,-1.0008,-2.9232,,
1791052959762547267,9.383,map,sim_state_odom_plus_spawn (independent of AMCL),-6.0168,-1.0009,-2.9123,,
1791052959831172051,9.400,map,sim_state_odom_plus_spawn (independent of AMCL),-6.0170,-1.0009,-2.9012,,
1791052959857366866,9.417,map,sim_state_odom_plus_spawn (independent of AMCL),-6.0171,-1.0009,-2.8901,,
1791052959928578665,9.433,map,sim_state_odom_plus_spawn (independent of AMCL),-6.0172,-1.0010,-2.8790,,
1791052959953751360,9.450,map,sim_state_odom_plus_spawn (independent of AMCL),-6.0173,-1.0010,-2.8682,,
1791052960026333656,9.467,map,sim_state_odom_plus_spawn (independent of AMCL),-6.0174,-1.0010,-2.8575,,
1791052960052994708,9.483,map,sim_state_odom_plus_spawn (independent of AMCL),-6.0175,-1.0010,-2.8470,,
1791052960125827231,9.500,map,sim_state_odom_plus_spawn (independent of AMCL),-6.0175,-1.0011,-2.8365,,
1791052960151282870,9.517,map,sim_state_odom_plus_spawn (independent of AMCL),-6.0175,-1.0011,-2.8261,,
1791052960230802792,9.533,map,sim_state_odom_plus_spawn (independent of AMCL),-6.0175,-1.0011,-2.8158,,
1791052960255888644,9.550,map,sim_state_odom_plus_spawn (independent of AMCL),-6.0174,-1.0010,-2.8055,,
1791052960325304530,9.567,map,sim_state_odom_plus_spawn (independent of AMCL),-6.0174,-1.0010,-2.7952,,
1791052960352769391,9.583,map,sim_state_odom_plus_spawn (independent of AMCL),-6.0173,-1.0010,-2.7849,,
1791052960424071635,9.600,map,sim_state_odom_plus_spawn (independent of AMCL),-6.0172,-1.0010,-2.7748,,
1791052960450438638,9.617,map,sim_state_odom_plus_spawn (independent of AMCL),-6.0171,-1.0009,-2.7650,,
1791052960522356996,9.633,map,sim_state_odom_plus_spawn (independent of AMCL),-6.0170,-1.0009,-2.7554,,
1791052960546101866,9.650,map,sim_state_odom_plus_spawn (independent of AMCL),-6.0169,-1.0009,-2.7460,,
1791052960621808850,9.667,map,sim_state_odom_plus_spawn (independent of AMCL),-6.0168,-1.0008,-2.7368,,
1791052960649859108,9.683,map,sim_state_odom_plus_spawn (independent of AMCL),-6.0167,-1.0008,-2.7277,,
1791052960718601452,9.700,map,sim_state_odom_plus_spawn (independent of AMCL),-6.0166,-1.0007,-2.7186,,
1791052960745799077,9.717,map,sim_state_odom_plus_spawn (independent of AMCL),-6.0165,-1.0007,-2.7096,,
1791052960817484816,9.733,map,sim_state_odom_plus_spawn (independent of AMCL),-6.0163,-1.0006,-2.7007,,
1791052960844914360,9.750,map,sim_state_odom_plus_spawn (independent of AMCL),-6.0162,-1.0005,-2.6917,,
1791052960912010666,9.767,map,sim_state_odom_plus_spawn (independent of AMCL),-6.0161,-1.0005,-2.6828,,
1791052960946491894,9.783,map,sim_state_odom_plus_spawn (independent of AMCL),-6.0159,-1.0004,-2.6739,,
1791052961010016485,9.800,map,sim_state_odom_plus_spawn (independent of AMCL),-6.0158,-1.0003,-2.6652,,
1791052961034854511,9.817,map,sim_state_odom_plus_spawn (independent of AMCL),-6.0157,-1.0003,-2.6568,,
1791052961107575176,9.833,map,sim_state_odom_plus_spawn (independent of AMCL),-6.0155,-1.0002,-2.6486,,
1791052961133233719,9.850,map,sim_state_odom_plus_spawn (independent of AMCL),-6.0154,-1.0001,-2.6406,,
1791052961206829129,9.867,map,sim_state_odom_plus_spawn (independent of AMCL),-6.0153,-1.0000,-2.6327,,
1791052961232036443,9.883,map,sim_state_odom_plus_spawn (independent of AMCL),-6.0151,-1.0000,-2.6249,,
1791052961304883573,9.900,map,sim_state_odom_plus_spawn (independent of AMCL),-6.0150,-0.9999,-2.6172,,
1791052961330966531,9.917,map,sim_state_odom_plus_spawn (independent of AMCL),-6.0149,-0.9998,-2.6096,,
1791052961405218675,9.933,map,sim_state_odom_plus_spawn (independent of AMCL),-6.0147,-0.9997,-2.6019,,
1791052961432255619,9.950,map,sim_state_odom_plus_spawn (independent of AMCL),-6.0146,-0.9997,-2.5943,,
1791052961502576565,9.967,map,sim_state_odom_plus_spawn (independent of AMCL),-6.0145,-0.9996,-2.5867,,
1791052961528617502,9.983,map,sim_state_odom_plus_spawn (independent of AMCL),-6.0143,-0.9995,-2.5792,,
1791052961601208502,10.000,map,sim_state_odom_plus_spawn (independent of AMCL),-6.0142,-0.9994,-2.5717,,
1791052961627135981,10.017,map,sim_state_odom_plus_spawn (independent of AMCL),-6.0141,-0.9993,-2.5646,,
1791052961707496330,10.033,map,sim_state_odom_plus_spawn (independent of AMCL),-6.0139,-0.9993,-2.5577,,
1791052961734841330,10.050,map,sim_state_odom_plus_spawn (independent of AMCL),-6.0138,-0.9992,-2.5510,,
1791052961807889062,10.067,map,sim_state_odom_plus_spawn (independent of AMCL),-6.0137,-0.9991,-2.5445,,
1791052961830525269,10.083,map,sim_state_odom_plus_spawn (independent of AMCL),-6.0135,-0.9990,-2.5380,,
1791052961902652633,10.100,map,sim_state_odom_plus_spawn (independent of AMCL),-6.0134,-0.9989,-2.5314,,
1791052961929277167,10.117,map,sim_state_odom_plus_spawn (independent of AMCL),-6.0132,-0.9988,-2.5246,,
1791052962003940620,10.133,map,sim_state_odom_plus_spawn (independent of AMCL),-6.0131,-0.9987,-2.5173,,
1791052962027948824,10.150,map,sim_state_odom_plus_spawn (independent of AMCL),-6.0130,-0.9986,-2.5095,,
1791052962098227048,10.167,map,sim_state_odom_plus_spawn (independent of AMCL),-6.0128,-0.9985,-2.5011,,
1791052962122535905,10.183,map,sim_state_odom_plus_spawn (independent of AMCL),-6.0127,-0.9984,-2.4921,,
1791052962196763636,10.200,map,sim_state_odom_plus_spawn (independent of AMCL),-6.0125,-0.9983,-2.4824,,
1791052962220383943,10.217,map,sim_state_odom_plus_spawn (independent of AMCL),-6.0124,-0.9981,-2.4723,,
1791052962291070875,10.233,map,sim_state_odom_plus_spawn (independent of AMCL),-6.0122,-0.9980,-2.4619,,
1791052962318869205,10.250,map,sim_state_odom_plus_spawn (independent of AMCL),-6.0120,-0.9978,-2.4512,,
1791052962388833270,10.267,map,sim_state_odom_plus_spawn (independent of AMCL),-6.0119,-0.9977,-2.4404,,
1791052962422518293,10.283,map,sim_state_odom_plus_spawn (independent of AMCL),-6.0117,-0.9976,-2.4296,,
1791052962486431181,10.300,map,sim_state_odom_plus_spawn (independent of AMCL),-6.0115,-0.9974,-2.4187,,
1791052962510062594,10.317,map,sim_state_odom_plus_spawn (independent of AMCL),-6.0113,-0.9972,-2.4081,,
1791052962583932944,10.333,map,sim_state_odom_plus_spawn (independent of AMCL),-6.0112,-0.9971,-2.3977,,
1791052962613241142,10.350,map,sim_state_odom_plus_spawn (independent of AMCL),-6.0110,-0.9969,-2.3875,,
1791052962685173607,10.367,map,sim_state_odom_plus_spawn (independent of AMCL),-6.0108,-0.9968,-2.3773,,
1791052962709747598,10.383,map,sim_state_odom_plus_spawn (independent of AMCL),-6.0107,-0.9966,-2.3673,,
1791052962782416738,10.400,map,sim_state_odom_plus_spawn (independent of AMCL),-6.0105,-0.9965,-2.3573,,
1791052962809334420,10.417,map,sim_state_odom_plus_spawn (independent of AMCL),-6.0104,-0.9963,-2.3473,,
1791052962880666980,10.433,map,sim_state_odom_plus_spawn (independent of AMCL),-6.0102,-0.9962,-2.3374,,
1791052962905739826,10.450,map,sim_state_odom_plus_spawn (independent of AMCL),-6.0101,-0.9960,-2.3279,,
1791052962978092404,10.467,map,sim_state_odom_plus_spawn (independent of AMCL),-6.0099,-0.9959,-2.3186,,
1791052963003458999,10.483,map,sim_state_odom_plus_spawn (independent of AMCL),-6.0098,-0.9957,-2.3095,,
1791052963074253585,10.500,map,sim_state_odom_plus_spawn (independent of AMCL),-6.0097,-0.9956,-2.3006,,
1791052963099383059,10.517,map,sim_state_odom_plus_spawn (independent of AMCL),-6.0095,-0.9954,-2.2917,,
1791052963179624748,10.533,map,sim_state_odom_plus_spawn (independent of AMCL),-6.0094,-0.9953,-2.2828,,
1791052963206189851,10.550,map,sim_state_odom_plus_spawn (independent of AMCL),-6.0093,-0.9951,-2.2741,,
1791052963272953289,10.567,map,sim_state_odom_plus_spawn (independent of AMCL),-6.0092,-0.9950,-2.2653,,
1791052963295554578,10.583,map,sim_state_odom_plus_spawn (independent of AMCL),-6.0090,-0.9948,-2.2566,,
1791052963365156270,10.600,map,sim_state_odom_plus_spawn (independent of AMCL),-6.0089,-0.9947,-2.2478,,
1791052963392514463,10.617,map,sim_state_odom_plus_spawn (independent of AMCL),-6.0088,-0.9945,-2.2391,,
1791052963455156258,10.633,map,sim_state_odom_plus_spawn (independent of AMCL),-6.0087,-0.9944,-2.2305,,
1791052963480080152,10.650,map,sim_state_odom_plus_spawn (independent of AMCL),-6.0086,-0.9942,-2.2222,,
1791052963547321964,10.667,map,sim_state_odom_plus_spawn (independent of AMCL),-6.0084,-0.9941,-2.2142,,
1791052963569745190,10.683,map,sim_state_odom_plus_spawn (independent of AMCL),-6.0083,-0.9939,-2.2063,,
1791052963634182002,10.700,map,sim_state_odom_plus_spawn (independent of AMCL),-6.0082,-0.9938,-2.1986,,
1791052963659506662,10.717,map,sim_state_odom_plus_spawn (independent of AMCL),-6.0081,-0.9936,-2.1909,,
1791052963725478065,10.733,map,sim_state_odom_plus_spawn (independent of AMCL),-6.0080,-0.9935,-2.1833,,
1791052963747664517,10.750,map,sim_state_odom_plus_spawn (independent of AMCL),-6.0079,-0.9934,-2.1757,,
1791052963813753162,10.767,map,sim_state_odom_plus_spawn (independent of AMCL),-6.0078,-0.9932,-2.1682,,
1791052963845543347,10.783,map,sim_state_odom_plus_spawn (independent of AMCL),-6.0077,-0.9931,-2.1606,,
1791052963904700984,10.800,map,sim_state_odom_plus_spawn (independent of AMCL),-6.0076,-0.9929,-2.1531,,
1791052963927240718,10.817,map,sim_state_odom_plus_spawn (independent of AMCL),-6.0076,-0.9928,-2.1456,,
1791052963992081964,10.833,map,sim_state_odom_plus_spawn (independent of AMCL),-6.0075,-0.9927,-2.1382,,
1791052964015688790,10.850,map,sim_state_odom_plus_spawn (independent of AMCL),-6.0074,-0.9925,-2.1312,,
1791052964077152302,10.867,map,sim_state_odom_plus_spawn (independent of AMCL),-6.0073,-0.9924,-2.1243,,
1791052964100064845,10.883,map,sim_state_odom_plus_spawn (independent of AMCL),-6.0072,-0.9922,-2.1177,,
1791052964163190182,10.900,map,sim_state_odom_plus_spawn (independent of AMCL),-6.0071,-0.9921,-2.1112,,
1791052964186190175,10.917,map,sim_state_odom_plus_spawn (independent of AMCL),-6.0070,-0.9919,-2.1048,,
1791052964248050236,10.933,map,sim_state_odom_plus_spawn (independent of AMCL),-6.0069,-0.9918,-2.0984,,
1791052964273501304,10.950,map,sim_state_odom_plus_spawn (independent of AMCL),-6.0068,-0.9916,-2.0921,,
1791052964335103050,10.967,map,sim_state_odom_plus_spawn (independent of AMCL),-6.0067,-0.9915,-2.0858,,
1791052964358069034,10.983,map,sim_state_odom_plus_spawn (independent of AMCL),-6.0067,-0.9913,-2.0795,,
1791052964421997646,11.000,map,sim_state_odom_plus_spawn (independent of AMCL),-6.0066,-0.9912,-2.0731,,
1791052964446343489,11.017,map,sim_state_odom_plus_spawn (independent of AMCL),-6.0065,-0.9910,-2.0664,,
1791052964515348510,11.033,map,sim_state_odom_plus_spawn (independent of AMCL),-6.0064,-0.9908,-2.0592,,
1791052964538183686,11.050,map,sim_state_odom_plus_spawn (independent of AMCL),-6.0063,-0.9907,-2.0515,,
1791052964600228089,11.067,map,sim_state_odom_plus_spawn (independent of AMCL),-6.0062,-0.9905,-2.0431,,
1791052964626609024,11.083,map,sim_state_odom_plus_spawn (independent of AMCL),-6.0062,-0.9904,-2.0341,,
1791052964688217094,11.100,map,sim_state_odom_plus_spawn (independent of AMCL),-6.0061,-0.9902,-2.0245,,
1791052964713535979,11.117,map,sim_state_odom_plus_spawn (independent of AMCL),-6.0060,-0.9900,-2.0144,,
1791052964774941466,11.133,map,sim_state_odom_plus_spawn (independent of AMCL),-6.0059,-0.9898,-2.0040,,
1791052964798231859,11.150,map,sim_state_odom_plus_spawn (independent of AMCL),-6.0058,-0.9896,-1.9934,,
1791052964860043796,11.167,map,sim_state_odom_plus_spawn (independent of AMCL),-6.0057,-0.9894,-1.9827,,
1791052964885158630,11.183,map,sim_state_odom_plus_spawn (independent of AMCL),-6.0056,-0.9892,-1.9718,,
1791052964946959842,11.200,map,sim_state_odom_plus_spawn (independent of AMCL),-6.0055,-0.9889,-1.9609,,
1791052964969729568,11.217,map,sim_state_odom_plus_spawn (independent of AMCL),-6.0054,-0.9887,-1.9501,,
1791052965033708139,11.233,map,sim_state_odom_plus_spawn (independent of AMCL),-6.0053,-0.9885,-1.9394,,
1791052965058728832,11.250,map,sim_state_odom_plus_spawn (independent of AMCL),-6.0052,-0.9883,-1.9291,,
1791052965118434543,11.267,map,sim_state_odom_plus_spawn (independent of AMCL),-6.0052,-0.9881,-1.9188,,
1791052965150507429,11.283,map,sim_state_odom_plus_spawn (independent of AMCL),-6.0051,-0.9878,-1.9087,,
1791052965212068565,11.300,map,sim_state_odom_plus_spawn (independent of AMCL),-6.0050,-0.9876,-1.8986,,
1791052965235421292,11.317,map,sim_state_odom_plus_spawn (independent of AMCL),-6.0050,-0.9874,-1.8886,,
1791052965298369620,11.333,map,sim_state_odom_plus_spawn (independent of AMCL),-6.0049,-0.9872,-1.8787,,
1791052965321714188,11.350,map,sim_state_odom_plus_spawn (independent of AMCL),-6.0048,-0.9870,-1.8687,,
1791052965385084458,11.367,map,sim_state_odom_plus_spawn (independent of AMCL),-6.0048,-0.9868,-1.8588,,
1791052965410039060,11.383,map,sim_state_odom_plus_spawn (independent of AMCL),-6.0047,-0.9866,-1.8490,,
1791052965470212822,11.400,map,sim_state_odom_plus_spawn (independent of AMCL),-6.0046,-0.9864,-1.8395,,
1791052965495020023,11.417,map,sim_state_odom_plus_spawn (independent of AMCL),-6.0046,-0.9862,-1.8303,,
1791052965559799485,11.433,map,sim_state_odom_plus_spawn (independent of AMCL),-6.0045,-0.9860,-1.8212,,
1791052965581569036,11.450,map,sim_state_odom_plus_spawn (independent of AMCL),-6.0045,-0.9858,-1.8122,,
1791052965644281965,11.467,map,sim_state_odom_plus_spawn (independent of AMCL),-6.0044,-0.9856,-1.8034,,
1791052965668326316,11.483,map,sim_state_odom_plus_spawn (independent of AMCL),-6.0044,-0.9854,-1.7945,,
1791052965728656644,11.500,map,sim_state_odom_plus_spawn (independent of AMCL),-6.0043,-0.9852,-1.7856,,
1791052965751342312,11.517,map,sim_state_odom_plus_spawn (independent of AMCL),-6.0043,-0.9850,-1.7764,,
1791052965822041425,11.533,map,sim_state_odom_plus_spawn (independent of AMCL),-6.0043,-0.9848,-1.7668,,
1791052965844731218,11.550,map,sim_state_odom_plus_spawn (independent of AMCL),-6.0042,-0.9846,-1.7567,,
1791052965906158521,11.567,map,sim_state_odom_plus_spawn (independent of AMCL),-6.0042,-0.9844,-1.7463,,
1791052965928573681,11.583,map,sim_state_odom_plus_spawn (independent of AMCL),-6.0041,-0.9842,-1.7357,,
1791052965988985592,11.600,map,sim_state_odom_plus_spawn (independent of AMCL),-6.0041,-0.9839,-1.7249,,
1791052966013193569,11.617,map,sim_state_odom_plus_spawn (independent of AMCL),-6.0041,-0.9837,-1.7141,,
1791052966076596381,11.633,map,sim_state_odom_plus_spawn (independent of AMCL),-6.0040,-0.9835,-1.7031,,
1791052966099457040,11.650,map,sim_state_odom_plus_spawn (independent of AMCL),-6.0040,-0.9832,-1.6923,,
1791052966160982335,11.667,map,sim_state_odom_plus_spawn (independent of AMCL),-6.0040,-0.9830,-1.6817,,
1791052966188477570,11.683,map,sim_state_odom_plus_spawn (independent of AMCL),-6.0040,-0.9828,-1.6713,,
1791052966245929657,11.700,map,sim_state_odom_plus_spawn (independent of AMCL),-6.0040,-0.9827,-1.6609,,
1791052966271381550,11.717,map,sim_state_odom_plus_spawn (independent of AMCL),-6.0040,-0.9829,-1.6505,,
1791052966333916828,11.733,map,sim_state_odom_plus_spawn (independent of AMCL),-6.0040,-0.9832,-1.6398,,
1791052966357231788,11.750,map,sim_state_odom_plus_spawn (independent of AMCL),-6.0040,-0.9835,-1.6290,,
1791052966420444667,11.767,map,sim_state_odom_plus_spawn (independent of AMCL),-6.0040,-0.9839,-1.6182,,
1791052966452044002,11.783,map,sim_state_odom_plus_spawn (independent of AMCL),-6.0041,-0.9843,-1.6072,,
1791052966507078471,11.800,map,sim_state_odom_plus_spawn (independent of AMCL),-6.0041,-0.9847,-1.5961,,
1791052966531760639,11.817,map,sim_state_odom_plus_spawn (independent of AMCL),-6.0041,-0.9851,-1.5850,,
1791052966590218034,11.833,map,sim_state_odom_plus_spawn (independent of AMCL),-6.0041,-0.9856,-1.5739,,
1791052966614794236,11.850,map,sim_state_odom_plus_spawn (independent of AMCL),-6.0041,-0.9860,-1.5627,,
1791052966672726656,11.867,map,sim_state_odom_plus_spawn (independent of AMCL),-6.0041,-0.9864,-1.5514,,
1791052966700242974,11.883,map,sim_state_odom_plus_spawn (independent of AMCL),-6.0040,-0.9868,-1.5403,,
1791052966761723261,11.900,map,sim_state_odom_plus_spawn (independent of AMCL),-6.0040,-0.9873,-1.5294,,
1791052966786060670,11.917,map,sim_state_odom_plus_spawn (independent of AMCL),-6.0040,-0.9877,-1.5188,,
1791052966848889741,11.933,map,sim_state_odom_plus_spawn (independent of AMCL),-6.0040,-0.9881,-1.5083,,
1791052966871815850,11.950,map,sim_state_odom_plus_spawn (independent of AMCL),-6.0039,-0.9886,-1.4978,,
1791052966931201279,11.967,map,sim_state_odom_plus_spawn (independent of AMCL),-6.0039,-0.9890,-1.4875,,
1791052966956231138,11.983,map,sim_state_odom_plus_spawn (independent of AMCL),-6.0039,-0.9894,-1.4772,,
1791052967016314425,12.000,map,sim_state_odom_plus_spawn (independent of AMCL),-6.0038,-0.9899,-1.4670,,
1791052967037958760,12.017,map,sim_state_odom_plus_spawn (independent of AMCL),-6.0038,-0.9903,-1.4567,,
1791052967105828213,12.033,map,sim_state_odom_plus_spawn (independent of AMCL),-6.0037,-0.9908,-1.4465,,
1791052967131687106,12.050,map,sim_state_odom_plus_spawn (independent of AMCL),-6.0036,-0.9912,-1.4363,,
1791052967188563710,12.067,map,sim_state_odom_plus_spawn (independent of AMCL),-6.0036,-0.9916,-1.4261,,
1791052967215733528,12.083,map,sim_state_odom_plus_spawn (independent of AMCL),-6.0035,-0.9921,-1.4158,,
1791052967273591606,12.100,map,sim_state_odom_plus_spawn (independent of AMCL),-6.0034,-0.9925,-1.4056,,
1791052967296448416,12.117,map,sim_state_odom_plus_spawn (independent of AMCL),-6.0033,-0.9930,-1.3954,,
1791052967354030302,12.133,map,sim_state_odom_plus_spawn (independent of AMCL),-6.0033,-0.9934,-1.3853,,
1791052967377652712,12.150,map,sim_state_odom_plus_spawn (independent of AMCL),-6.0032,-0.9939,-1.3754,,
1791052967436359165,12.167,map,sim_state_odom_plus_spawn (independent of AMCL),-6.0031,-0.9943,-1.3659,,
1791052967462839467,12.183,map,sim_state_odom_plus_spawn (independent of AMCL),-6.0030,-0.9948,-1.3564,,
1791052967520755020,12.200,map,sim_state_odom_plus_spawn (independent of AMCL),-6.0029,-0.9953,-1.3471,,
1791052967544730988,12.217,map,sim_state_odom_plus_spawn (independent of AMCL),-6.0028,-0.9957,-1.3379,,
1791052967603802366,12.233,map,sim_state_odom_plus_spawn (independent of AMCL),-6.0026,-0.9962,-1.3286,,
1791052967628324943,12.250,map,sim_state_odom_plus_spawn (independent of AMCL),-6.0025,-0.9966,-1.3191,,
1791052967684582062,12.267,map,sim_state_odom_plus_spawn (independent of AMCL),-6.0024,-0.9971,-1.3094,,
1791052967713160431,12.283,map,sim_state_odom_plus_spawn (independent of AMCL),-6.0023,-0.9976,-1.2994,,
1791052967764817442,12.300,map,sim_state_odom_plus_spawn (independent of AMCL),-6.0021,-0.9980,-1.2894,,
1791052967789187210,12.317,map,sim_state_odom_plus_spawn (independent of AMCL),-6.0020,-0.9985,-1.2793,,
1791052967848773663,12.333,map,sim_state_odom_plus_spawn (independent of AMCL),-6.0019,-0.9989,-1.2691,,
1791052967872002181,12.350,map,sim_state_odom_plus_spawn (independent of AMCL),-6.0017,-0.9994,-1.2589,,
1791052967931110318,12.367,map,sim_state_odom_plus_spawn (independent of AMCL),-6.0016,-0.9998,-1.2487,,
1791052967957523153,12.383,map,sim_state_odom_plus_spawn (independent of AMCL),-6.0014,-1.0003,-1.2385,,
1791052968013823264,12.400,map,sim_state_odom_plus_spawn (independent of AMCL),-6.0012,-1.0007,-1.2282,,
1791052968038829382,12.417,map,sim_state_odom_plus_spawn (independent of AMCL),-6.0011,-1.0011,-1.2179,,
1791052968094693894,12.433,map,sim_state_odom_plus_spawn (independent of AMCL),-6.0009,-1.0018,-1.2076,,
1791052968116481045,12.450,map,sim_state_odom_plus_spawn (independent of AMCL),-6.0005,-1.0026,-1.1969,,
1791052968175497698,12.467,map,sim_state_odom_plus_spawn (independent of AMCL),-6.0002,-1.0035,-1.1860,,
1791052968200210758,12.483,map,sim_state_odom_plus_spawn (independent of AMCL),-5.9998,-1.0043,-1.1748,,
1791052968256786878,12.500,map,sim_state_odom_plus_spawn (independent of AMCL),-5.9995,-1.0051,-1.1636,,
1791052968278971587,12.517,map,sim_state_odom_plus_spawn (independent of AMCL),-5.9991,-1.0061,-1.1522,,
1791052968346363825,12.533,map,sim_state_odom_plus_spawn (independent of AMCL),-5.9986,-1.0070,-1.1407,,
1791052968369839934,12.550,map,sim_state_odom_plus_spawn (independent of AMCL),-5.9982,-1.0079,-1.1292,,
1791052968428914338,12.567,map,sim_state_odom_plus_spawn (independent of AMCL),-5.9979,-1.0085,-1.1176,,
1791052968452894614,12.583,map,sim_state_odom_plus_spawn (independent of AMCL),-5.9976,-1.0090,-1.1061,,
1791052968509269250,12.600,map,sim_state_odom_plus_spawn (independent of AMCL),-5.9974,-1.0095,-1.0945,,
1791052968534650652,12.617,map,sim_state_odom_plus_spawn (independent of AMCL),-5.9971,-1.0100,-1.0829,,
1791052968594002988,12.633,map,sim_state_odom_plus_spawn (independent of AMCL),-5.9969,-1.0104,-1.0713,,
1791052968616143240,12.650,map,sim_state_odom_plus_spawn (independent of AMCL),-5.9966,-1.0108,-1.0597,,
1791052968673608893,12.667,map,sim_state_odom_plus_spawn (independent of AMCL),-5.9964,-1.0113,-1.0481,,
1791052968696913953,12.683,map,sim_state_odom_plus_spawn (independent of AMCL),-5.9961,-1.0117,-1.0365,,
1791052968751679381,12.700,map,sim_state_odom_plus_spawn (independent of AMCL),-5.9959,-1.0121,-1.0249,,
1791052968774805324,12.717,map,sim_state_odom_plus_spawn (independent of AMCL),-5.9956,-1.0125,-1.0134,,
1791052968832833535,12.733,map,sim_state_odom_plus_spawn (independent of AMCL),-5.9954,-1.0129,-1.0018,,
1791052968856224487,12.750,map,sim_state_odom_plus_spawn (independent of AMCL),-5.9951,-1.0133,-0.9904,,
1791052968910259056,12.767,map,sim_state_odom_plus_spawn (independent of AMCL),-5.9949,-1.0137,-0.9792,,
1791052968942020916,12.783,map,sim_state_odom_plus_spawn (independent of AMCL),-5.9946,-1.0141,-0.9683,,
1791052968993588644,12.800,map,sim_state_odom_plus_spawn (independent of AMCL),-5.9944,-1.0143,-0.9575,,
1791052969015854112,12.817,map,sim_state_odom_plus_spawn (independent of AMCL),-5.9944,-1.0144,-0.9465,,
1791052969072920557,12.833,map,sim_state_odom_plus_spawn (independent of AMCL),-5.9944,-1.0144,-0.9354,,
1791052969097793575,12.850,map,sim_state_odom_plus_spawn (independent of AMCL),-5.9944,-1.0143,-0.9241,,
1791052969149917445,12.867,map,sim_state_odom_plus_spawn (independent of AMCL),-5.9943,-1.0144,-0.9128,,
1791052969176496471,12.883,map,sim_state_odom_plus_spawn (independent of AMCL),-5.9941,-1.0147,-0.9015,,
1791052969230769558,12.900,map,sim_state_odom_plus_spawn (independent of AMCL),-5.9936,-1.0154,-0.8902,,
1791052969253890184,12.917,map,sim_state_odom_plus_spawn (independent of AMCL),-5.9928,-1.0163,-0.8789,,
1791052969310421387,12.933,map,sim_state_odom_plus_spawn (independent of AMCL),-5.9917,-1.0176,-0.8676,,
1791052969336113905,12.950,map,sim_state_odom_plus_spawn (independent of AMCL),-5.9903,-1.0193,-0.8562,,
1791052969385084441,12.967,map,sim_state_odom_plus_spawn (independent of AMCL),-5.9884,-1.0214,-0.8446,,
1791052969408506284,12.983,map,sim_state_odom_plus_spawn (independent of AMCL),-5.9861,-1.0239,-0.8328,,
1791052969464917862,13.000,map,sim_state_odom_plus_spawn (independent of AMCL),-5.9834,-1.0268,-0.8209,,
1791052969487134105,13.017,map,sim_state_odom_plus_spawn (independent of AMCL),-5.9803,-1.0301,-0.8086,,
1791052969547977125,13.033,map,sim_state_odom_plus_spawn (independent of AMCL),-5.9768,-1.0337,-0.7962,,
1791052969576096152,13.050,map,sim_state_odom_plus_spawn (independent of AMCL),-5.9728,-1.0376,-0.7834,,
1791052969624852096,13.067,map,sim_state_odom_plus_spawn (independent of AMCL),-5.9684,-1.0419,-0.7703,,
1791052969647632823,13.083,map,sim_state_odom_plus_spawn (independent of AMCL),-5.9635,-1.0465,-0.7569,,
1791052969702468376,13.100,map,sim_state_odom_plus_spawn (independent of AMCL),-5.9582,-1.0514,-0.7432,,
1791052969728139902,13.117,map,sim_state_odom_plus_spawn (independent of AMCL),-5.9524,-1.0565,-0.7291,,
1791052969783159980,13.133,map,sim_state_odom_plus_spawn (independent of AMCL),-5.9462,-1.0619,-0.7147,,
1791052969807228990,13.150,map,sim_state_odom_plus_spawn (independent of AMCL),-5.9395,-1.0675,-0.6998,,
1791052969860824018,13.167,map,sim_state_odom_plus_spawn (independent of AMCL),-5.9323,-1.0734,-0.6846,,
1791052969884373644,13.183,map,sim_state_odom_plus_spawn (independent of AMCL),-5.9246,-1.0794,-0.6690,,
1791052969938670106,13.200,map,sim_state_odom_plus_spawn (independent of AMCL),-5.9165,-1.0856,-0.6530,,
1791052969961377499,13.217,map,sim_state_odom_plus_spawn (independent of AMCL),-5.9078,-1.0920,-0.6367,,
1791052970018382252,13.233,map,sim_state_odom_plus_spawn (independent of AMCL),-5.8986,-1.0985,-0.6199,,
1791052970040045745,13.250,map,sim_state_odom_plus_spawn (independent of AMCL),-5.8890,-1.1052,-0.6026,,
1791052970095939223,13.267,map,sim_state_odom_plus_spawn (independent of AMCL),-5.8789,-1.1118,-0.5851,,
1791052970122431899,13.283,map,sim_state_odom_plus_spawn (independent of AMCL),-5.8684,-1.1185,-0.5675,,
1791052970171073260,13.300,map,sim_state_odom_plus_spawn (independent of AMCL),-5.8577,-1.1250,-0.5501,,
1791052970195931978,13.317,map,sim_state_odom_plus_spawn (independent of AMCL),-5.8468,-1.1314,-0.5328,,
1791052970250294223,13.333,map,sim_state_odom_plus_spawn (independent of AMCL),-5.8358,-1.1376,-0.5158,,
1791052970274444624,13.350,map,sim_state_odom_plus_spawn (independent of AMCL),-5.8245,-1.1437,-0.4989,,
1791052970332668328,13.367,map,sim_state_odom_plus_spawn (independent of AMCL),-5.8132,-1.1497,-0.4822,,
1791052970361773929,13.383,map,sim_state_odom_plus_spawn (independent of AMCL),-5.8017,-1.1554,-0.4656,,
1791052970421700333,13.400,map,sim_state_odom_plus_spawn (independent of AMCL),-5.7901,-1.1610,-0.4491,,
1791052970446628334,13.417,map,sim_state_odom_plus_spawn (independent of AMCL),-5.7784,-1.1664,-0.4328,,
1791052970502254937,13.433,map,sim_state_odom_plus_spawn (independent of AMCL),-5.7666,-1.1716,-0.4166,,
1791052970528233039,13.450,map,sim_state_odom_plus_spawn (independent of AMCL),-5.7547,-1.1766,-0.4004,,
1791052970586991542,13.467,map,sim_state_odom_plus_spawn (independent of AMCL),-5.7427,-1.1815,-0.3843,,
1791052970612107143,13.483,map,sim_state_odom_plus_spawn (independent of AMCL),-5.7306,-1.1861,-0.3683,,
1791052970669252047,13.500,map,sim_state_odom_plus_spawn (independent of AMCL),-5.7184,-1.1906,-0.3523,,
1791052970696427748,13.517,map,sim_state_odom_plus_spawn (independent of AMCL),-5.7062,-1.1948,-0.3364,,
1791052970762717152,13.533,map,sim_state_odom_plus_spawn (independent of AMCL),-5.6939,-1.1989,-0.3204,,
1791052970790959653,13.550,map,sim_state_odom_plus_spawn (independent of AMCL),-5.6815,-1.2028,-0.3045,,
1791052970849028857,13.567,map,sim_state_odom_plus_spawn (independent of AMCL),-5.6691,-1.2065,-0.2886,,
1791052970876286758,13.583,map,sim_state_odom_plus_spawn (independent of AMCL),-5.6566,-1.2100,-0.2729,,
1791052970936210562,13.600,map,sim_state_odom_plus_spawn (independent of AMCL),-5.6441,-1.2132,-0.2574,,
1791052970961768863,13.617,map,sim_state_odom_plus_spawn (independent of AMCL),-5.6315,-1.2163,-0.2420,,
1791052971022393066,13.633,map,sim_state_odom_plus_spawn (independent of AMCL),-5.6189,-1.2192,-0.2269,,
1791052971048854168,13.650,map,sim_state_odom_plus_spawn (independent of AMCL),-5.6062,-1.2219,-0.2120,,
1791052971102766771,13.667,map,sim_state_odom_plus_spawn (independent of AMCL),-5.5935,-1.2245,-0.1972,,
1791052971128552172,13.683,map,sim_state_odom_plus_spawn (independent of AMCL),-5.5808,-1.2268,-0.1828,,
1791052971185832076,13.700,map,sim_state_odom_plus_spawn (independent of AMCL),-5.5680,-1.2290,-0.1687,,
1791052971214862377,13.717,map,sim_state_odom_plus_spawn (independent of AMCL),-5.5552,-1.2310,-0.1549,,
1791052971275228881,13.733,map,sim_state_odom_plus_spawn (independent of AMCL),-5.5423,-1.2328,-0.1413,,
1791052971300184782,13.750,map,sim_state_odom_plus_spawn (independent of AMCL),-5.5295,-1.2344,-0.1282,,
1791052971357589674,13.767,map,sim_state_odom_plus_spawn (independent of AMCL),-5.5166,-1.2359,-0.1155,,
1791052971395556344,13.783,map,sim_state_odom_plus_spawn (independent of AMCL),-5.5036,-1.2372,-0.1031,,
1791052971446137067,13.800,map,sim_state_odom_plus_spawn (independent of AMCL),-5.4906,-1.2384,-0.0910,,
1791052971469467701,13.817,map,sim_state_odom_plus_spawn (independent of AMCL),-5.4776,-1.2394,-0.0793,,
1791052971527695935,13.833,map,sim_state_odom_plus_spawn (independent of AMCL),-5.4646,-1.2403,-0.0683,,
1791052971554348148,13.850,map,sim_state_odom_plus_spawn (independent of AMCL),-5.4516,-1.2411,-0.0579,,
1791052971609143175,13.867,map,sim_state_odom_plus_spawn (independent of AMCL),-5.4386,-1.2417,-0.0482,,
1791052971635863882,13.883,map,sim_state_odom_plus_spawn (independent of AMCL),-5.4256,-1.2422,-0.0391,,
1791052971693409968,13.900,map,sim_state_odom_plus_spawn (independent of AMCL),-5.4125,-1.2426,-0.0306,,
1791052971717509416,13.917,map,sim_state_odom_plus_spawn (independent of AMCL),-5.3994,-1.2429,-0.0228,,
1791052971779387823,13.933,map,sim_state_odom_plus_spawn (independent of AMCL),-5.3863,-1.2431,-0.0156,,
1791052971804894402,13.950,map,sim_state_odom_plus_spawn (independent of AMCL),-5.3731,-1.2432,-0.0088,,
1791052971865689180,13.967,map,sim_state_odom_plus_spawn (independent of AMCL),-5.3599,-1.2432,-0.0024,,
1791052971890820537,13.983,map,sim_state_odom_plus_spawn (independent of AMCL),-5.3466,-1.2431,0.0038,,
1791052971949941894,14.000,map,sim_state_odom_plus_spawn (independent of AMCL),-5.3334,-1.2430,0.0099,,
1791052971975930130,14.017,map,sim_state_odom_plus_spawn (independent of AMCL),-5.3201,-1.2428,0.0158,,
1791052972038838450,14.033,map,sim_state_odom_plus_spawn (independent of AMCL),-5.3069,-1.2425,0.0216,,
1791052972066960696,14.050,map,sim_state_odom_plus_spawn (independent of AMCL),-5.2936,-1.2422,0.0273,,
1791052972123823236,14.067,map,sim_state_odom_plus_spawn (independent of AMCL),-5.2803,-1.2417,0.0329,,
1791052972150511593,14.083,map,sim_state_odom_plus_spawn (independent of AMCL),-5.2671,-1.2412,0.0382,,
1791052972207873463,14.100,map,sim_state_odom_plus_spawn (independent of AMCL),-5.2538,-1.2406,0.0432,,
1791052972233687468,14.117,map,sim_state_odom_plus_spawn (independent of AMCL),-5.2406,-1.2400,0.0480,,
1791052972292288527,14.133,map,sim_state_odom_plus_spawn (independent of AMCL),-5.2273,-1.2393,0.0526,,
1791052972315611772,14.150,map,sim_state_odom_plus_spawn (independent of AMCL),-5.2140,-1.2385,0.0571,,
1791052972378403571,14.167,map,sim_state_odom_plus_spawn (independent of AMCL),-5.2007,-1.2377,0.0616,,
1791052972408275820,14.183,map,sim_state_odom_plus_spawn (independent of AMCL),-5.1875,-1.2368,0.0659,,
1791052972463285117,14.200,map,sim_state_odom_plus_spawn (independent of AMCL),-5.1742,-1.2359,0.0702,,
1791052972488123825,14.217,map,sim_state_odom_plus_spawn (independent of AMCL),-5.1610,-1.2349,0.0745,,
1791052972544083257,14.233,map,sim_state_odom_plus_spawn (independent of AMCL),-5.1477,-1.2339,0.0788,,
1791052972573012559,14.250,map,sim_state_odom_plus_spawn (independent of AMCL),-5.1344,-1.2328,0.0830,,
1791052972627662011,14.267,map,sim_state_odom_plus_spawn (independent of AMCL),-5.1212,-1.2316,0.0872,,
1791052972658929308,14.283,map,sim_state_odom_plus_spawn (independent of AMCL),-5.1080,-1.2304,0.0912,,
1791052972709708826,14.300,map,sim_state_odom_plus_spawn (independent of AMCL),-5.0947,-1.2291,0.0950,,
1791052972735125643,14.317,map,sim_state_odom_plus_spawn (independent of AMCL),-5.0815,-1.2278,0.0985,,
1791052972794111709,14.333,map,sim_state_odom_plus_spawn (independent of AMCL),-5.0683,-1.2265,0.1019,,
1791052972822408686,14.350,map,sim_state_odom_plus_spawn (independent of AMCL),-5.0550,-1.2251,0.1051,,
1791052972880686444,14.367,map,sim_state_odom_plus_spawn (independent of AMCL),-5.0418,-1.2236,0.1082,,
1791052972906259720,14.383,map,sim_state_odom_plus_spawn (independent of AMCL),-5.0286,-1.2221,0.1112,,
1791052972965479326,14.400,map,sim_state_odom_plus_spawn (independent of AMCL),-5.0154,-1.2206,0.1141,,
1791052972992432974,14.417,map,sim_state_odom_plus_spawn (independent of AMCL),-5.0022,-1.2191,0.1168,,
1791052973050052147,14.433,map,sim_state_odom_plus_spawn (independent of AMCL),-4.9889,-1.2175,0.1193,,
1791052973076894367,14.450,map,sim_state_odom_plus_spawn (independent of AMCL),-4.9757,-1.2159,0.1217,,
1791052973136497482,14.467,map,sim_state_odom_plus_spawn (independent of AMCL),-4.9625,-1.2142,0.1241,,
1791052973158893057,14.483,map,sim_state_odom_plus_spawn (independent of AMCL),-4.9493,-1.2125,0.1264,,
1791052973220138839,14.500,map,sim_state_odom_plus_spawn (independent of AMCL),-4.9361,-1.2108,0.1285,,
1791052973245343384,14.517,map,sim_state_odom_plus_spawn (independent of AMCL),-4.9229,-1.2091,0.1306,,
1791052973309748595,14.533,map,sim_state_odom_plus_spawn (independent of AMCL),-4.9097,-1.2073,0.1325,,
1791052973334438333,14.550,map,sim_state_odom_plus_spawn (independent of AMCL),-4.8965,-1.2055,0.1343,,
1791052973391549989,14.567,map,sim_state_odom_plus_spawn (independent of AMCL),-4.8833,-1.2037,0.1359,,
1791052973418420964,14.583,map,sim_state_odom_plus_spawn (independent of AMCL),-4.8701,-1.2019,0.1374,,
1791052973476644506,14.600,map,sim_state_odom_plus_spawn (independent of AMCL),-4.8568,-1.2001,0.1389,,
1791052973501955686,14.617,map,sim_state_odom_plus_spawn (independent of AMCL),-4.8436,-1.1982,0.1405,,
1791052973561473532,14.633,map,sim_state_odom_plus_spawn (independent of AMCL),-4.8304,-1.1963,0.1422,,
1791052973586151888,14.650,map,sim_state_odom_plus_spawn (independent of AMCL),-4.8172,-1.1944,0.1438,,
1791052973643463336,14.667,map,sim_state_odom_plus_spawn (independent of AMCL),-4.8040,-1.1924,0.1454,,
1791052973667678505,14.683,map,sim_state_odom_plus_spawn (independent of AMCL),-4.7908,-1.1905,0.1469,,
1791052973724267766,14.700,map,sim_state_odom_plus_spawn (independent of AMCL),-4.7776,-1.1885,0.1485,,
1791052973756653240,14.717,map,sim_state_odom_plus_spawn (independent of AMCL),-4.7645,-1.1865,0.1500,,
1791052973812277589,14.733,map,sim_state_odom_plus_spawn (independent of AMCL),-4.7513,-1.1845,0.1515,,
1791052973840306280,14.750,map,sim_state_odom_plus_spawn (independent of AMCL),-4.7381,-1.1825,0.1531,,
1791052973898675896,14.767,map,sim_state_odom_plus_spawn (independent of AMCL),-4.7249,-1.1804,0.1545,,
1791052973930234645,14.783,map,sim_state_odom_plus_spawn (independent of AMCL),-4.7117,-1.1783,0.1560,,
1791052973987696760,14.800,map,sim_state_odom_plus_spawn (independent of AMCL),-4.6985,-1.1763,0.1574,,
1791052974017703402,14.817,map,sim_state_odom_plus_spawn (independent of AMCL),-4.6854,-1.1741,0.1589,,
1791052974075717466,14.833,map,sim_state_odom_plus_spawn (independent of AMCL),-4.6722,-1.1720,0.1603,,
1791052974111696301,14.850,map,sim_state_odom_plus_spawn (independent of AMCL),-4.6590,-1.1699,0.1617,,
1791052974161541758,14.867,map,sim_state_odom_plus_spawn (independent of AMCL),-4.6458,-1.1677,0.1631,,
1791052974187424557,14.883,map,sim_state_odom_plus_spawn (independent of AMCL),-4.6327,-1.1655,0.1644,,
1791052974244083311,14.900,map,sim_state_odom_plus_spawn (independent of AMCL),-4.6195,-1.1633,0.1658,,
1791052974268371368,14.917,map,sim_state_odom_plus_spawn (independent of AMCL),-4.6064,-1.1611,0.1671,,
1791052974330111189,14.933,map,sim_state_odom_plus_spawn (independent of AMCL),-4.5932,-1.1589,0.1685,,
1791052974354938315,14.950,map,sim_state_odom_plus_spawn (independent of AMCL),-4.5801,-1.1566,0.1697,,
1791052974417493978,14.967,map,sim_state_odom_plus_spawn (independent of AMCL),-4.5669,-1.1543,0.1709,,
1791052974442932562,14.983,map,sim_state_odom_plus_spawn (independent of AMCL),-4.5538,-1.1520,0.1722,,
1791052974500528271,15.000,map,sim_state_odom_plus_spawn (independent of AMCL),-4.5406,-1.1497,0.1733,,
1791052974531614748,15.017,map,sim_state_odom_plus_spawn (independent of AMCL),-4.5275,-1.1474,0.1744,,
1791052974601691816,15.033,map,sim_state_odom_plus_spawn (independent of AMCL),-4.5143,-1.1451,0.1755,,
1791052974629539086,15.050,map,sim_state_odom_plus_spawn (independent of AMCL),-4.5012,-1.1427,0.1767,,
1791052974681188662,15.067,map,sim_state_odom_plus_spawn (independent of AMCL),-4.4880,-1.1404,0.1779,,
1791052974708264722,15.083,map,sim_state_odom_plus_spawn (independent of AMCL),-4.4749,-1.1380,0.1790,,
1791052974766376635,15.100,map,sim_state_odom_plus_spawn (independent of AMCL),-4.4618,-1.1356,0.1802,,
1791052974793854275,15.117,map,sim_state_odom_plus_spawn (independent of AMCL),-4.4487,-1.1332,0.1813,,
1791052974856757603,15.133,map,sim_state_odom_plus_spawn (independent of AMCL),-4.4355,-1.1308,0.1825,,
1791052974884584904,15.150,map,sim_state_odom_plus_spawn (independent of AMCL),-4.4224,-1.1283,0.1836,,
1791052974945258369,15.167,map,sim_state_odom_plus_spawn (independent of AMCL),-4.4093,-1.1259,0.1847,,
1791052974969641879,15.183,map,sim_state_odom_plus_spawn (independent of AMCL),-4.3962,-1.1234,0.1859,,
1791052975028252823,15.200,map,sim_state_odom_plus_spawn (independent of AMCL),-4.3830,-1.1209,0.1870,,
1791052975055919372,15.217,map,sim_state_odom_plus_spawn (independent of AMCL),-4.3699,-1.1185,0.1880,,
1791052975114085702,15.233,map,sim_state_odom_plus_spawn (independent of AMCL),-4.3568,-1.1159,0.1889,,
1791052975145661324,15.250,map,sim_state_odom_plus_spawn (independent of AMCL),-4.3437,-1.1134,0.1899,,
1791052975201145888,15.267,map,sim_state_odom_plus_spawn (independent of AMCL),-4.3306,-1.1109,0.1908,,
1791052975234695767,15.283,map,sim_state_odom_plus_spawn (independent of AMCL),-4.3175,-1.1083,0.1916,,
1791052975283458494,15.300,map,sim_state_odom_plus_spawn (independent of AMCL),-4.3044,-1.1058,0.1924,,
1791052975309237253,15.317,map,sim_state_odom_plus_spawn (independent of AMCL),-4.2913,-1.1032,0.1933,,
1791052975369638438,15.333,map,sim_state_odom_plus_spawn (independent of AMCL),-4.2782,-1.1007,0.1940,,
1791052975395945283,15.350,map,sim_state_odom_plus_spawn (independent of AMCL),-4.2651,-1.0981,0.1948,,
1791052975456544163,15.367,map,sim_state_odom_plus_spawn (independent of AMCL),-4.2520,-1.0955,0.1955,,
1791052975489952859,15.383,map,sim_state_odom_plus_spawn (independent of AMCL),-4.2389,-1.0929,0.1962,,
1791052975540884342,15.400,map,sim_state_odom_plus_spawn (independent of AMCL),-4.2258,-1.0903,0.1968,,
1791052975569243923,15.417,map,sim_state_odom_plus_spawn (independent of AMCL),-4.2127,-1.0876,0.1971,,
1791052975623967161,15.433,map,sim_state_odom_plus_spawn (independent of AMCL),-4.1997,-1.0850,0.1971,,
1791052975651949123,15.450,map,sim_state_odom_plus_spawn (independent of AMCL),-4.1866,-1.0824,0.1968,,
1791052975710968039,15.467,map,sim_state_odom_plus_spawn (independent of AMCL),-4.1735,-1.0798,0.1963,,
1791052975738043499,15.483,map,sim_state_odom_plus_spawn (independent of AMCL),-4.1604,-1.0772,0.1955,,
1791052975797775915,15.500,map,sim_state_odom_plus_spawn (independent of AMCL),-4.1473,-1.0746,0.1946,,
1791052975825260843,15.517,map,sim_state_odom_plus_spawn (independent of AMCL),-4.1342,-1.0721,0.1936,,
1791052975889240811,15.533,map,sim_state_odom_plus_spawn (independent of AMCL),-4.1211,-1.0695,0.1924,,
1791052975914943487,15.550,map,sim_state_odom_plus_spawn (independent of AMCL),-4.1079,-1.0670,0.1911,,
1791052975973128388,15.567,map,sim_state_odom_plus_spawn (independent of AMCL),-4.0948,-1.0644,0.1897,,
1791052976000193465,15.583,map,sim_state_odom_plus_spawn (independent of AMCL),-4.0817,-1.0619,0.1881,,
1791052976058918833,15.600,map,sim_state_odom_plus_spawn (independent of AMCL),-4.0686,-1.0595,0.1863,,
1791052976086702900,15.617,map,sim_state_odom_plus_spawn (independent of AMCL),-4.0554,-1.0570,0.1842,,
1791052976146283550,15.633,map,sim_state_odom_plus_spawn (independent of AMCL),-4.0423,-1.0546,0.1816,,
1791052976172445219,15.650,map,sim_state_odom_plus_spawn (independent of AMCL),-4.0292,-1.0522,0.1788,,
1791052976230724375,15.667,map,sim_state_odom_plus_spawn (independent of AMCL),-4.0160,-1.0499,0.1757,,
1791052976258583227,15.683,map,sim_state_odom_plus_spawn (independent of AMCL),-4.0028,-1.0476,0.1724,,
1791052976319210862,15.700,map,sim_state_odom_plus_spawn (independent of AMCL),-3.9897,-1.0453,0.1689,,
1791052976344984529,15.717,map,sim_state_odom_plus_spawn (independent of AMCL),-3.9765,-1.0431,0.1652,,
1791052976405582810,15.733,map,sim_state_odom_plus_spawn (independent of AMCL),-3.9633,-1.0410,0.1613,,
1791052976433332730,15.750,map,sim_state_odom_plus_spawn (independent of AMCL),-3.9500,-1.0389,0.1573,,
1791052976486563569,15.767,map,sim_state_odom_plus_spawn (independent of AMCL),-3.9368,-1.0368,0.1531,,
1791052976518537178,15.783,map,sim_state_odom_plus_spawn (independent of AMCL),-3.9236,-1.0349,0.1488,,
1791052976571226551,15.800,map,sim_state_odom_plus_spawn (independent of AMCL),-3.9104,-1.0329,0.1444,,
1791052976597047445,15.817,map,sim_state_odom_plus_spawn (independent of AMCL),-3.8973,-1.0311,0.1400,,
1791052976656243588,15.833,map,sim_state_odom_plus_spawn (independent of AMCL),-3.8843,-1.0293,0.1356,,
1791052976685871113,15.850,map,sim_state_odom_plus_spawn (independent of AMCL),-3.8711,-1.0276,0.1311,,
1791052976741908425,15.867,map,sim_state_odom_plus_spawn (independent of AMCL),-3.8579,-1.0259,0.1265,,
1791052976765509142,15.883,map,sim_state_odom_plus_spawn (independent of AMCL),-3.8447,-1.0243,0.1218,,
1791052976823983797,15.900,map,sim_state_odom_plus_spawn (independent of AMCL),-3.8314,-1.0227,0.1170,,
1791052976853402245,15.917,map,sim_state_odom_plus_spawn (independent of AMCL),-3.8182,-1.0212,0.1121,,
1791052976911865617,15.933,map,sim_state_odom_plus_spawn (independent of AMCL),-3.8049,-1.0198,0.1072,,
1791052976940070136,15.950,map,sim_state_odom_plus_spawn (independent of AMCL),-3.7917,-1.0185,0.1023,,
1791052976998849721,15.967,map,sim_state_odom_plus_spawn (independent of AMCL),-3.7784,-1.0172,0.0974,,
1791052977026532045,15.983,map,sim_state_odom_plus_spawn (independent of AMCL),-3.7651,-1.0159,0.0926,,
1791052977079811709,16.000,map,sim_state_odom_plus_spawn (independent of AMCL),-3.7518,-1.0148,0.0878,,
1791052977104936775,16.017,map,sim_state_odom_plus_spawn (independent of AMCL),-3.7385,-1.0137,0.0830,,
1791052977170500302,16.033,map,sim_state_odom_plus_spawn (independent of AMCL),-3.7253,-1.0126,0.0783,,
1791052977195056845,16.050,map,sim_state_odom_plus_spawn (independent of AMCL),-3.7120,-1.0116,0.0736,,
1791052977254636097,16.067,map,sim_state_odom_plus_spawn (independent of AMCL),-3.6987,-1.0107,0.0688,,
1791052977280514103,16.083,map,sim_state_odom_plus_spawn (independent of AMCL),-3.6854,-1.0099,0.0641,,
1791052977336722751,16.100,map,sim_state_odom_plus_spawn (independent of AMCL),-3.6721,-1.0091,0.0594,,
1791052977361614976,16.117,map,sim_state_odom_plus_spawn (independent of AMCL),-3.6588,-1.0084,0.0547,,
1791052977422545545,16.133,map,sim_state_odom_plus_spawn (independent of AMCL),-3.6457,-1.0077,0.0501,,
1791052977450171057,16.150,map,sim_state_odom_plus_spawn (independent of AMCL),-3.6326,-1.0071,0.0454,,
1791052977510136413,16.167,map,sim_state_odom_plus_spawn (independent of AMCL),-3.6194,-1.0066,0.0408,,
1791052977539143396,16.183,map,sim_state_odom_plus_spawn (independent of AMCL),-3.6061,-1.0061,0.0361,,
1791052977599110350,16.200,map,sim_state_odom_plus_spawn (independent of AMCL),-3.5928,-1.0057,0.0316,,
1791052977623983205,16.217,map,sim_state_odom_plus_spawn (independent of AMCL),-3.5795,-1.0053,0.0272,,
1791052977678939284,16.233,map,sim_state_odom_plus_spawn (independent of AMCL),-3.5662,-1.0050,0.0229,,
1791052977704518850,16.250,map,sim_state_odom_plus_spawn (independent of AMCL),-3.5528,-1.0048,0.0187,,
1791052977764620697,16.267,map,sim_state_odom_plus_spawn (independent of AMCL),-3.5395,-1.0046,0.0146,,
1791052977796910019,16.283,map,sim_state_odom_plus_spawn (independent of AMCL),-3.5262,-1.0044,0.0105,,
1791052977847824129,16.300,map,sim_state_odom_plus_spawn (independent of AMCL),-3.5129,-1.0044,0.0066,,
1791052977874614828,16.317,map,sim_state_odom_plus_spawn (independent of AMCL),-3.4996,-1.0043,0.0029,,
1791052977937189761,16.333,map,sim_state_odom_plus_spawn (independent of AMCL),-3.4863,-1.0043,-0.0005,,
1791052977967382216,16.350,map,sim_state_odom_plus_spawn (independent of AMCL),-3.4730,-1.0044,-0.0042,,
1791052978024139219,16.367,map,sim_state_odom_plus_spawn (independent of AMCL),-3.4596,-1.0045,-0.0078,,
1791052978050571770,16.383,map,sim_state_odom_plus_spawn (independent of AMCL),-3.4463,-1.0046,-0.0111,,
1791052978112841374,16.400,map,sim_state_odom_plus_spawn (independent of AMCL),-3.4330,-1.0048,-0.0143,,
1791052978138845686,16.417,map,sim_state_odom_plus_spawn (independent of AMCL),-3.4197,-1.0051,-0.0174,,
1791052978198359039,16.433,map,sim_state_odom_plus_spawn (independent of AMCL),-3.4064,-1.0054,-0.0203,,
1791052978224877258,16.450,map,sim_state_odom_plus_spawn (independent of AMCL),-3.3930,-1.0057,-0.0232,,
1791052978278331852,16.467,map,sim_state_odom_plus_spawn (independent of AMCL),-3.3797,-1.0060,-0.0260,,
1791052978301670373,16.483,map,sim_state_odom_plus_spawn (independent of AMCL),-3.3664,-1.0064,-0.0287,,
1791052978360395441,16.500,map,sim_state_odom_plus_spawn (independent of AMCL),-3.3530,-1.0068,-0.0313,,
1791052978386689206,16.517,map,sim_state_odom_plus_spawn (independent of AMCL),-3.3397,-1.0073,-0.0338,,
1791052978455871154,16.533,map,sim_state_odom_plus_spawn (independent of AMCL),-3.3264,-1.0078,-0.0363,,
1791052978482084943,16.550,map,sim_state_odom_plus_spawn (independent of AMCL),-3.3131,-1.0083,-0.0387,,
1791052978537937939,16.567,map,sim_state_odom_plus_spawn (independent of AMCL),-3.2997,-1.0088,-0.0410,,
1791052978565892643,16.583,map,sim_state_odom_plus_spawn (independent of AMCL),-3.2866,-1.0094,-0.0432,,
1791052978620525920,16.600,map,sim_state_odom_plus_spawn (independent of AMCL),-3.2735,-1.0100,-0.0453,,
1791052978647255813,16.617,map,sim_state_odom_plus_spawn (independent of AMCL),-3.2603,-1.0106,-0.0471,,
1791052978710872640,16.633,map,sim_state_odom_plus_spawn (independent of AMCL),-3.2470,-1.0113,-0.0487,,
1791052978736291554,16.650,map,sim_state_odom_plus_spawn (independent of AMCL),-3.2336,-1.0119,-0.0503,,
1791052978791106850,16.667,map,sim_state_odom_plus_spawn (independent of AMCL),-3.2203,-1.0126,-0.0517,,
1791052978817223188,16.683,map,sim_state_odom_plus_spawn (independent of AMCL),-3.2072,-1.0133,-0.0529,,
1791052978873287259,16.700,map,sim_state_odom_plus_spawn (independent of AMCL),-3.1941,-1.0140,-0.0538,,
1791052978878865759,16.700,map,sim_state_odom_plus_spawn (independent of AMCL),-3.1941,-1.0140,-0.0538,,
1791052978905497204,16.717,map,sim_state_odom_plus_spawn (independent of AMCL),-3.1809,-1.0148,-0.0545,,
1791052978966160085,16.733,map,sim_state_odom_plus_spawn (independent of AMCL),-3.1676,-1.0155,-0.0551,,
1791052978993477572,16.750,map,sim_state_odom_plus_spawn (independent of AMCL),-3.1543,-1.0162,-0.0555,,
1791052979052907154,16.767,map,sim_state_odom_plus_spawn (independent of AMCL),-3.1412,-1.0170,-0.0558,,
1791052979088054171,16.783,map,sim_state_odom_plus_spawn (independent of AMCL),-3.1283,-1.0177,-0.0560,,
1791052979136690093,16.800,map,sim_state_odom_plus_spawn (independent of AMCL),-3.1154,-1.0184,-0.0560,,
1791052979163125540,16.817,map,sim_state_odom_plus_spawn (independent of AMCL),-3.1023,-1.0192,-0.0559,,
1791052979221435149,16.833,map,sim_state_odom_plus_spawn (independent of AMCL),-3.0890,-1.0199,-0.0557,,
1791052979247794813,16.850,map,sim_state_odom_plus_spawn (independent of AMCL),-3.0757,-1.0206,-0.0555,,
1791052979311606539,16.867,map,sim_state_odom_plus_spawn (independent of AMCL),-3.0624,-1.0214,-0.0551,,
1791052979333934916,16.883,map,sim_state_odom_plus_spawn (independent of AMCL),-3.0490,-1.0221,-0.0546,,
1791052979391606907,16.900,map,sim_state_odom_plus_spawn (independent of AMCL),-3.0357,-1.0228,-0.0540,,
1791052979416006262,16.917,map,sim_state_odom_plus_spawn (independent of AMCL),-3.0224,-1.0235,-0.0534,,
1791052979469230774,16.933,map,sim_state_odom_plus_spawn (independent of AMCL),-3.0090,-1.0242,-0.0527,,
1791052979498485893,16.950,map,sim_state_odom_plus_spawn (independent of AMCL),-2.9957,-1.0249,-0.0518,,
1791052979549958574,16.967,map,sim_state_odom_plus_spawn (independent of AMCL),-2.9824,-1.0256,-0.0510,,
1791052979575798201,16.983,map,sim_state_odom_plus_spawn (independent of AMCL),-2.9690,-1.0263,-0.0500,,
1791052979631001628,17.000,map,sim_state_odom_plus_spawn (independent of AMCL),-2.9557,-1.0269,-0.0490,,
1791052979656261102,17.017,map,sim_state_odom_plus_spawn (independent of AMCL),-2.9424,-1.0276,-0.0479,,
1791052979728671278,17.033,map,sim_state_odom_plus_spawn (independent of AMCL),-2.9290,-1.0282,-0.0468,,
1791052979754800106,17.050,map,sim_state_odom_plus_spawn (independent of AMCL),-2.9157,-1.0288,-0.0456,,
1791052979810149445,17.067,map,sim_state_odom_plus_spawn (independent of AMCL),-2.9024,-1.0294,-0.0444,,
1791052979837695311,17.083,map,sim_state_odom_plus_spawn (independent of AMCL),-2.8890,-1.0300,-0.0431,,
1791052979896450616,17.100,map,sim_state_odom_plus_spawn (independent of AMCL),-2.8759,-1.0305,-0.0417,,
1791052979921698036,17.117,map,sim_state_odom_plus_spawn (independent of AMCL),-2.8630,-1.0311,-0.0403,,
1791052979978369050,17.133,map,sim_state_odom_plus_spawn (independent of AMCL),-2.8503,-1.0316,-0.0389,,
1791052980005284020,17.150,map,sim_state_odom_plus_spawn (independent of AMCL),-2.8376,-1.0320,-0.0375,,
1791052980059400827,17.167,map,sim_state_odom_plus_spawn (independent of AMCL),-2.8248,-1.0325,-0.0360,,
1791052980082133023,17.183,map,sim_state_odom_plus_spawn (independent of AMCL),-2.8117,-1.0329,-0.0344,,
1791052980140343754,17.200,map,sim_state_odom_plus_spawn (independent of AMCL),-2.7984,-1.0334,-0.0328,,
1791052980166853745,17.217,map,sim_state_odom_plus_spawn (independent of AMCL),-2.7851,-1.0338,-0.0311,,
1791052980224271044,17.233,map,sim_state_odom_plus_spawn (independent of AMCL),-2.7717,-1.0342,-0.0294,,
1791052980249614508,17.250,map,sim_state_odom_plus_spawn (independent of AMCL),-2.7584,-1.0346,-0.0276,,
1791052980304742888,17.267,map,sim_state_odom_plus_spawn (independent of AMCL),-2.7451,-1.0349,-0.0258,,
1791052980337764429,17.283,map,sim_state_odom_plus_spawn (independent of AMCL),-2.7317,-1.0352,-0.0240,,
1791052980385954408,17.300,map,sim_state_odom_plus_spawn (independent of AMCL),-2.7186,-1.0355,-0.0221,,
1791052980414893203,17.317,map,sim_state_odom_plus_spawn (independent of AMCL),-2.7057,-1.0358,-0.0202,,
1791052980473255194,17.333,map,sim_state_odom_plus_spawn (independent of AMCL),-2.6928,-1.0360,-0.0184,,
1791052980497838958,17.350,map,sim_state_odom_plus_spawn (independent of AMCL),-2.6796,-1.0362,-0.0167,,
1791052980556083519,17.367,map,sim_state_odom_plus_spawn (independent of AMCL),-2.6664,-1.0364,-0.0151,,
1791052980581778497,17.383,map,sim_state_odom_plus_spawn (independent of AMCL),-2.6530,-1.0366,-0.0134,,
1791052980634568964,17.400,map,sim_state_odom_plus_spawn (independent of AMCL),-2.6397,-1.0368,-0.0118,,
1791052980660689140,17.417,map,sim_state_odom_plus_spawn (independent of AMCL),-2.6264,-1.0369,-0.0102,,
1791052980719301448,17.433,map,sim_state_odom_plus_spawn (independent of AMCL),-2.6130,-1.0370,-0.0087,,
1791052980745120466,17.450,map,sim_state_odom_plus_spawn (independent of AMCL),-2.5997,-1.0371,-0.0071,,
1791052980805208722,17.467,map,sim_state_odom_plus_spawn (independent of AMCL),-2.5863,-1.0372,-0.0055,,
1791052980831658442,17.483,map,sim_state_odom_plus_spawn (independent of AMCL),-2.5730,-1.0372,-0.0041,,
1791052980889551587,17.500,map,sim_state_odom_plus_spawn (independent of AMCL),-2.5597,-1.0373,-0.0026,,
1791052980914419400,17.517,map,sim_state_odom_plus_spawn (independent of AMCL),-2.5463,-1.0373,-0.0012,,
1791052980980855989,17.533,map,sim_state_odom_plus_spawn (independent of AMCL),-2.5330,-1.0373,0.0001,,
1791052981008231153,17.550,map,sim_state_odom_plus_spawn (independent of AMCL),-2.5196,-1.0373,0.0014,,
1791052981062403662,17.567,map,sim_state_odom_plus_spawn (independent of AMCL),-2.5063,-1.0372,0.0029,,
1791052981088450833,17.583,map,sim_state_odom_plus_spawn (independent of AMCL),-2.4929,-1.0372,0.0043,,
1791052981143699755,17.600,map,sim_state_odom_plus_spawn (independent of AMCL),-2.4796,-1.0371,0.0056,,
1791052981169097365,17.617,map,sim_state_odom_plus_spawn (independent of AMCL),-2.4663,-1.0370,0.0069,,
1791052981228074504,17.633,map,sim_state_odom_plus_spawn (independent of AMCL),-2.4529,-1.0369,0.0083,,
1791052981254696384,17.650,map,sim_state_odom_plus_spawn (independent of AMCL),-2.4396,-1.0368,0.0096,,
1791052981312120391,17.667,map,sim_state_odom_plus_spawn (independent of AMCL),-2.4262,-1.0366,0.0109,,
1791052981338302393,17.683,map,sim_state_odom_plus_spawn (independent of AMCL),-2.4129,-1.0364,0.0122,,
1791052981393183956,17.700,map,sim_state_odom_plus_spawn (independent of AMCL),-2.3995,-1.0363,0.0135,,
1791052981416914406,17.717,map,sim_state_odom_plus_spawn (independent of AMCL),-2.3862,-1.0361,0.0148,,
1791052981478927527,17.733,map,sim_state_odom_plus_spawn (independent of AMCL),-2.3729,-1.0359,0.0161,,
1791052981503234338,17.750,map,sim_state_odom_plus_spawn (independent of AMCL),-2.3595,-1.0356,0.0173,,
1791052981563120396,17.767,map,sim_state_odom_plus_spawn (independent of AMCL),-2.3462,-1.0354,0.0186,,
1791052981593837269,17.783,map,sim_state_odom_plus_spawn (independent of AMCL),-2.3328,-1.0351,0.0198,,
1791052981648335531,17.800,map,sim_state_odom_plus_spawn (independent of AMCL),-2.3195,-1.0348,0.0210,,
1791052981676049571,17.817,map,sim_state_odom_plus_spawn (independent of AMCL),-2.3061,-1.0345,0.0223,,
1791052981733345065,17.833,map,sim_state_odom_plus_spawn (independent of AMCL),-2.2928,-1.0342,0.0235,,
1791052981756862138,17.850,map,sim_state_odom_plus_spawn (independent of AMCL),-2.2794,-1.0339,0.0247,,
1791052981811299449,17.867,map,sim_state_odom_plus_spawn (independent of AMCL),-2.2661,-1.0335,0.0259,,
1791052981835485719,17.883,map,sim_state_odom_plus_spawn (independent of AMCL),-2.2528,-1.0332,0.0271,,
1791052981894871240,17.900,map,sim_state_odom_plus_spawn (independent of AMCL),-2.2394,-1.0328,0.0282,,
1791052981921506438,17.917,map,sim_state_odom_plus_spawn (independent of AMCL),-2.2261,-1.0324,0.0294,,
1791052981977888347,17.933,map,sim_state_odom_plus_spawn (independent of AMCL),-2.2127,-1.0320,0.0306,,
1791052982001789305,17.950,map,sim_state_odom_plus_spawn (independent of AMCL),-2.1994,-1.0316,0.0317,,
1791052982061764116,17.967,map,sim_state_odom_plus_spawn (independent of AMCL),-2.1861,-1.0311,0.0327,,
1791052982086296553,17.983,map,sim_state_odom_plus_spawn (independent of AMCL),-2.1727,-1.0307,0.0336,,
1791052982142954151,18.000,map,sim_state_odom_plus_spawn (independent of AMCL),-2.1594,-1.0302,0.0346,,
1791052982166965346,18.017,map,sim_state_odom_plus_spawn (independent of AMCL),-2.1460,-1.0298,0.0354,,
1791052982235355769,18.033,map,sim_state_odom_plus_spawn (independent of AMCL),-2.1327,-1.0293,0.0363,,
1791052982259022751,18.050,map,sim_state_odom_plus_spawn (independent of AMCL),-2.1194,-1.0288,0.0371,,
1791052982317333254,18.067,map,sim_state_odom_plus_spawn (independent of AMCL),-2.1060,-1.0283,0.0379,,
1791052982343074355,18.083,map,sim_state_odom_plus_spawn (independent of AMCL),-2.0927,-1.0277,0.0387,,
1791052982400200059,18.100,map,sim_state_odom_plus_spawn (independent of AMCL),-2.0794,-1.0272,0.0395,,
1791052982426688360,18.117,map,sim_state_odom_plus_spawn (independent of AMCL),-2.0660,-1.0267,0.0402,,
1791052982488732164,18.133,map,sim_state_odom_plus_spawn (independent of AMCL),-2.0527,-1.0261,0.0409,,
1791052982515066965,18.150,map,sim_state_odom_plus_spawn (independent of AMCL),-2.0393,-1.0256,0.0416,,
1791052982574083068,18.167,map,sim_state_odom_plus_spawn (independent of AMCL),-2.0260,-1.0250,0.0423,,
1791052982603998770,18.183,map,sim_state_odom_plus_spawn (independent of AMCL),-2.0127,-1.0244,0.0429,,
1791052982658646973,18.200,map,sim_state_odom_plus_spawn (independent of AMCL),-1.9993,-1.0239,0.0436,,
1791052982690415875,18.217,map,sim_state_odom_plus_spawn (independent of AMCL),-1.9860,-1.0233,0.0442,,
1791052982751269378,18.233,map,sim_state_odom_plus_spawn (independent of AMCL),-1.9727,-1.0227,0.0448,,
1791052982777958780,18.250,map,sim_state_odom_plus_spawn (independent of AMCL),-1.9593,-1.0221,0.0453,,
1791052982838590883,18.267,map,sim_state_odom_plus_spawn (independent of AMCL),-1.9460,-1.0214,0.0459,,
1791052982879232085,18.283,map,sim_state_odom_plus_spawn (independent of AMCL),-1.9327,-1.0208,0.0464,,
1791052982928411888,18.300,map,sim_state_odom_plus_spawn (independent of AMCL),-1.9193,-1.0202,0.0470,,
1791052982957277690,18.317,map,sim_state_odom_plus_spawn (independent of AMCL),-1.9060,-1.0196,0.0475,,
1791052983015232793,18.333,map,sim_state_odom_plus_spawn (independent of AMCL),-1.8926,-1.0189,0.0480,,
1791052983046871495,18.350,map,sim_state_odom_plus_spawn (independent of AMCL),-1.8793,-1.0183,0.0485,,
1791052983106607198,18.367,map,sim_state_odom_plus_spawn (independent of AMCL),-1.8660,-1.0176,0.0489,,
1791052983134013900,18.383,map,sim_state_odom_plus_spawn (independent of AMCL),-1.8526,-1.0170,0.0494,,
1791052983188884503,18.400,map,sim_state_odom_plus_spawn (independent of AMCL),-1.8393,-1.0163,0.0498,,
1791052983216417204,18.417,map,sim_state_odom_plus_spawn (independent of AMCL),-1.8260,-1.0156,0.0501,,
1791052983275253308,18.433,map,sim_state_odom_plus_spawn (independent of AMCL),-1.8126,-1.0150,0.0504,,
1791052983304903509,18.450,map,sim_state_odom_plus_spawn (independent of AMCL),-1.7993,-1.0143,0.0506,,
1791052983363188613,18.467,map,sim_state_odom_plus_spawn (independent of AMCL),-1.7860,-1.0136,0.0507,,
1791052983390898514,18.483,map,sim_state_odom_plus_spawn (independent of AMCL),-1.7726,-1.0129,0.0509,,
1791052983446961817,18.500,map,sim_state_odom_plus_spawn (independent of AMCL),-1.7593,-1.0122,0.0510,,
1791052983475333319,18.517,map,sim_state_odom_plus_spawn (independent of AMCL),-1.7460,-1.0116,0.0510,,
1791052983544875923,18.533,map,sim_state_odom_plus_spawn (independent of AMCL),-1.7326,-1.0109,0.0511,,
1791052983570802524,18.550,map,sim_state_odom_plus_spawn (independent of AMCL),-1.7193,-1.0102,0.0511,,
1791052983630319028,18.567,map,sim_state_odom_plus_spawn (independent of AMCL),-1.7060,-1.0095,0.0510,,
1791052983658242429,18.583,map,sim_state_odom_plus_spawn (independent of AMCL),-1.6926,-1.0088,0.0510,,
1791052983714809132,18.600,map,sim_state_odom_plus_spawn (independent of AMCL),-1.6793,-1.0082,0.0509,,
1791052983741329034,18.617,map,sim_state_odom_plus_spawn (independent of AMCL),-1.6660,-1.0075,0.0508,,
1791052983798409537,18.633,map,sim_state_odom_plus_spawn (independent of AMCL),-1.6526,-1.0068,0.0507,,
1791052983835097739,18.650,map,sim_state_odom_plus_spawn (independent of AMCL),-1.6393,-1.0061,0.0507,,
1791052983887767842,18.667,map,sim_state_odom_plus_spawn (independent of AMCL),-1.6260,-1.0054,0.0507,,
1791052983921766144,18.683,map,sim_state_odom_plus_spawn (independent of AMCL),-1.6126,-1.0048,0.0506,,
1791052983975253647,18.700,map,sim_state_odom_plus_spawn (independent of AMCL),-1.5993,-1.0041,0.0506,,
1791052984005663549,18.717,map,sim_state_odom_plus_spawn (independent of AMCL),-1.5860,-1.0034,0.0506,,
1791052984064586152,18.733,map,sim_state_odom_plus_spawn (independent of AMCL),-1.5726,-1.0027,0.0505,,
1791052984094104354,18.750,map,sim_state_odom_plus_spawn (independent of AMCL),-1.5593,-1.0021,0.0505,,
1791052984149714557,18.767,map,sim_state_odom_plus_spawn (independent of AMCL),-1.5460,-1.0014,0.0505,,
1791052984189231259,18.783,map,sim_state_odom_plus_spawn (independent of AMCL),-1.5326,-1.0007,0.0504,,
1791052984236498662,18.800,map,sim_state_odom_plus_spawn (independent of AMCL),-1.5193,-1.0000,0.0504,,
1791052984260275963,18.817,map,sim_state_odom_plus_spawn (independent of AMCL),-1.5060,-0.9994,0.0504,,
1791052984324597167,18.833,map,sim_state_odom_plus_spawn (independent of AMCL),-1.4926,-0.9987,0.0504,,
1791052984350977368,18.850,map,sim_state_odom_plus_spawn (independent of AMCL),-1.4793,-0.9980,0.0503,,
1791052984405371471,18.867,map,sim_state_odom_plus_spawn (independent of AMCL),-1.4660,-0.9974,0.0503,,
1791052984434579973,18.883,map,sim_state_odom_plus_spawn (independent of AMCL),-1.4526,-0.9967,0.0502,,
1791052984489880576,18.900,map,sim_state_odom_plus_spawn (independent of AMCL),-1.4393,-0.9960,0.0502,,
1791052984517568077,18.917,map,sim_state_odom_plus_spawn (independent of AMCL),-1.4259,-0.9953,0.0502,,
1791052984577471881,18.933,map,sim_state_odom_plus_spawn (independent of AMCL),-1.4126,-0.9947,0.0501,,
1791052984602856182,18.950,map,sim_state_odom_plus_spawn (independent of AMCL),-1.3993,-0.9940,0.0501,,
1791052984663372686,18.967,map,sim_state_odom_plus_spawn (independent of AMCL),-1.3859,-0.9933,0.0501,,
1791052984688354187,18.983,map,sim_state_odom_plus_spawn (independent of AMCL),-1.3726,-0.9927,0.0501,,
1791052984746201790,19.000,map,sim_state_odom_plus_spawn (independent of AMCL),-1.3593,-0.9920,0.0502,,
1791052984779424292,19.017,map,sim_state_odom_plus_spawn (independent of AMCL),-1.3459,-0.9913,0.0504,,
1791052984844160096,19.033,map,sim_state_odom_plus_spawn (independent of AMCL),-1.3326,-0.9907,0.0505,,
1791052984870404697,19.050,map,sim_state_odom_plus_spawn (independent of AMCL),-1.3193,-0.9900,0.0507,,
1791052984928462000,19.067,map,sim_state_odom_plus_spawn (independent of AMCL),-1.3059,-0.9893,0.0509,,
1791052984958062102,19.083,map,sim_state_odom_plus_spawn (independent of AMCL),-1.2926,-0.9886,0.0512,,
1791052985015932505,19.100,map,sim_state_odom_plus_spawn (independent of AMCL),-1.2793,-0.9879,0.0514,,
1791052985044486607,19.117,map,sim_state_odom_plus_spawn (independent of AMCL),-1.2659,-0.9872,0.0517,,
1791052985106245510,19.133,map,sim_state_odom_plus_spawn (independent of AMCL),-1.2526,-0.9866,0.0520,,
1791052985134152712,19.150,map,sim_state_odom_plus_spawn (independent of AMCL),-1.2393,-0.9859,0.0523,,
1791052985191150015,19.167,map,sim_state_odom_plus_spawn (independent of AMCL),-1.2259,-0.9852,0.0528,,
1791052985218527017,19.183,map,sim_state_odom_plus_spawn (independent of AMCL),-1.2126,-0.9844,0.0534,,
1791052985275648820,19.200,map,sim_state_odom_plus_spawn (independent of AMCL),-1.1993,-0.9837,0.0541,,
1791052985303582922,19.217,map,sim_state_odom_plus_spawn (independent of AMCL),-1.1859,-0.9830,0.0548,,
1791052985368185625,19.233,map,sim_state_odom_plus_spawn (independent of AMCL),-1.1726,-0.9822,0.0557,,
1791052985393989027,19.250,map,sim_state_odom_plus_spawn (independent of AMCL),-1.1593,-0.9815,0.0566,,
1791052985452495330,19.267,map,sim_state_odom_plus_spawn (independent of AMCL),-1.1459,-0.9807,0.0576,,
1791052985487998332,19.283,map,sim_state_odom_plus_spawn (independent of AMCL),-1.1326,-0.9799,0.0587,,
1791052985539828935,19.300,map,sim_state_odom_plus_spawn (independent of AMCL),-1.1193,-0.9791,0.0597,,
1791052985568654836,19.317,map,sim_state_odom_plus_spawn (independent of AMCL),-1.1060,-0.9783,0.0606,,
1791052985633970340,19.333,map,sim_state_odom_plus_spawn (independent of AMCL),-1.0926,-0.9775,0.0615,,
1791052985660068542,19.350,map,sim_state_odom_plus_spawn (independent of AMCL),-1.0793,-0.9767,0.0625,,
1791052985718542645,19.367,map,sim_state_odom_plus_spawn (independent of AMCL),-1.0662,-0.9758,0.0633,,
1791052985745293946,19.383,map,sim_state_odom_plus_spawn (independent of AMCL),-1.0534,-0.9750,0.0640,,
1791052985801655849,19.400,map,sim_state_odom_plus_spawn (independent of AMCL),-1.0407,-0.9742,0.0649,,
1791052985831094951,19.417,map,sim_state_odom_plus_spawn (independent of AMCL),-1.0280,-0.9734,0.0657,,
1791052985887431354,19.433,map,sim_state_odom_plus_spawn (independent of AMCL),-1.0156,-0.9725,0.0665,,
1791052985915636856,19.450,map,sim_state_odom_plus_spawn (independent of AMCL),-1.0032,-0.9717,0.0672,,
1791052985975500859,19.467,map,sim_state_odom_plus_spawn (independent of AMCL),-0.9909,-0.9709,0.0679,,
1791052986002040361,19.483,map,sim_state_odom_plus_spawn (independent of AMCL),-0.9788,-0.9700,0.0685,,
1791052986060396464,19.500,map,sim_state_odom_plus_spawn (independent of AMCL),-0.9668,-0.9692,0.0692,,
1791052986090913066,19.517,map,sim_state_odom_plus_spawn (independent of AMCL),-0.9549,-0.9684,0.0698,,
1791052986159711570,19.533,map,sim_state_odom_plus_spawn (independent of AMCL),-0.9431,-0.9675,0.0704,,
1791052986189701471,19.550,map,sim_state_odom_plus_spawn (independent of AMCL),-0.9317,-0.9667,0.0709,,
1791052986247586575,19.567,map,sim_state_odom_plus_spawn (independent of AMCL),-0.9204,-0.9659,0.0715,,
1791052986280453976,19.583,map,sim_state_odom_plus_spawn (independent of AMCL),-0.9092,-0.9651,0.0720,,
1791052986335806279,19.600,map,sim_state_odom_plus_spawn (independent of AMCL),-0.8980,-0.9643,0.0725,,
1791052986362131381,19.617,map,sim_state_odom_plus_spawn (independent of AMCL),-0.8867,-0.9635,0.0730,,
1791052986426907485,19.633,map,sim_state_odom_plus_spawn (independent of AMCL),-0.8757,-0.9627,0.0734,,
1791052986451870986,19.650,map,sim_state_odom_plus_spawn (independent of AMCL),-0.8650,-0.9619,0.0739,,
1791052986510177889,19.667,map,sim_state_odom_plus_spawn (independent of AMCL),-0.8544,-0.9611,0.0743,,
1791052986537953291,19.683,map,sim_state_odom_plus_spawn (independent of AMCL),-0.8439,-0.9603,0.0747,,
1791052986594067394,19.700,map,sim_state_odom_plus_spawn (independent of AMCL),-0.8334,-0.9595,0.0751,,
1791052986623145096,19.717,map,sim_state_odom_plus_spawn (independent of AMCL),-0.8228,-0.9587,0.0755,,
1791052986684360999,19.733,map,sim_state_odom_plus_spawn (independent of AMCL),-0.8125,-0.9579,0.0759,,
1791052986710784301,19.750,map,sim_state_odom_plus_spawn (independent of AMCL),-0.8025,-0.9572,0.0762,,
1791052986770661404,19.767,map,sim_state_odom_plus_spawn (independent of AMCL),-0.7926,-0.9564,0.0766,,
1791052986808362106,19.783,map,sim_state_odom_plus_spawn (independent of AMCL),-0.7828,-0.9556,0.0769,,
1791052986854687109,19.800,map,sim_state_odom_plus_spawn (independent of AMCL),-0.7732,-0.9549,0.0773,,
1791052986882222610,19.817,map,sim_state_odom_plus_spawn (independent of AMCL),-0.7639,-0.9542,0.0776,,
1791052986946094314,19.833,map,sim_state_odom_plus_spawn (independent of AMCL),-0.7547,-0.9534,0.0779,,
1791052986972425115,19.850,map,sim_state_odom_plus_spawn (independent of AMCL),-0.7455,-0.9527,0.0782,,
1791052987032306119,19.867,map,sim_state_odom_plus_spawn (independent of AMCL),-0.7364,-0.9520,0.0784,,
1791052987058432120,19.883,map,sim_state_odom_plus_spawn (independent of AMCL),-0.7273,-0.9513,0.0787,,
1791052987116552923,19.900,map,sim_state_odom_plus_spawn (independent of AMCL),-0.7182,-0.9506,0.0790,,
1791052987144877725,19.917,map,sim_state_odom_plus_spawn (independent of AMCL),-0.7091,-0.9498,0.0793,,
1791052987208747728,19.933,map,sim_state_odom_plus_spawn (independent of AMCL),-0.7002,-0.9491,0.0795,,
1791052987233653030,19.950,map,sim_state_odom_plus_spawn (independent of AMCL),-0.6915,-0.9485,0.0798,,
1791052987292869233,19.967,map,sim_state_odom_plus_spawn (independent of AMCL),-0.6831,-0.9478,0.0800,,
1791052987318961235,19.983,map,sim_state_odom_plus_spawn (independent of AMCL),-0.6746,-0.9471,0.0803,,
1791052987379552384,20.000,map,sim_state_odom_plus_spawn (independent of AMCL),-0.6662,-0.9464,0.0805,,
1791052987409724919,20.017,map,sim_state_odom_plus_spawn (independent of AMCL),-0.6578,-0.9457,0.0807,,
1791052987476033230,20.033,map,sim_state_odom_plus_spawn (independent of AMCL),-0.6496,-0.9451,0.0809,,
1791052987501868690,20.050,map,sim_state_odom_plus_spawn (independent of AMCL),-0.6417,-0.9444,0.0811,,
1791052987562068780,20.067,map,sim_state_odom_plus_spawn (independent of AMCL),-0.6339,-0.9438,0.0813,,
1791052987590587779,20.083,map,sim_state_odom_plus_spawn (independent of AMCL),-0.6261,-0.9432,0.0815,,
1791052987652020201,20.100,map,sim_state_odom_plus_spawn (independent of AMCL),-0.6184,-0.9425,0.0817,,
1791052987678915140,20.117,map,sim_state_odom_plus_spawn (independent of AMCL),-0.6107,-0.9419,0.0819,,
1791052987738920620,20.133,map,sim_state_odom_plus_spawn (independent of AMCL),-0.6030,-0.9413,0.0820,,
1791052987763510514,20.150,map,sim_state_odom_plus_spawn (independent of AMCL),-0.5953,-0.9406,0.0822,,
1791052987827343833,20.167,map,sim_state_odom_plus_spawn (independent of AMCL),-0.5876,-0.9400,0.0824,,
1791052987855454160,20.183,map,sim_state_odom_plus_spawn (independent of AMCL),-0.5801,-0.9394,0.0825,,
1791052987916608152,20.200,map,sim_state_odom_plus_spawn (independent of AMCL),-0.5729,-0.9388,0.0827,,
1791052987942677526,20.217,map,sim_state_odom_plus_spawn (independent of AMCL),-0.5658,-0.9382,0.0828,,
1791052988001624229,20.233,map,sim_state_odom_plus_spawn (independent of AMCL),-0.5587,-0.9376,0.0830,,
1791052988028474751,20.250,map,sim_state_odom_plus_spawn (independent of AMCL),-0.5517,-0.9370,0.0831,,
1791052988090153119,20.267,map,sim_state_odom_plus_spawn (independent of AMCL),-0.5447,-0.9364,0.0832,,
1791052988124065162,20.283,map,sim_state_odom_plus_spawn (independent of AMCL),-0.5377,-0.9358,0.0833,,
1791052988177405260,20.300,map,sim_state_odom_plus_spawn (independent of AMCL),-0.5307,-0.9352,0.0834,,
1791052988201015384,20.317,map,sim_state_odom_plus_spawn (independent of AMCL),-0.5237,-0.9347,0.0835,,
1791052988265764004,20.333,map,sim_state_odom_plus_spawn (independent of AMCL),-0.5169,-0.9341,0.0834,,
1791052988290340964,20.350,map,sim_state_odom_plus_spawn (independent of AMCL),-0.5103,-0.9335,0.0834,,
1791052988352646977,20.367,map,sim_state_odom_plus_spawn (independent of AMCL),-0.5040,-0.9330,0.0835,,
1791052988378320814,20.383,map,sim_state_odom_plus_spawn (independent of AMCL),-0.4976,-0.9325,0.0835,,
1791052988438550482,20.400,map,sim_state_odom_plus_spawn (independent of AMCL),-0.4913,-0.9319,0.0835,,
1791052988465368318,20.417,map,sim_state_odom_plus_spawn (independent of AMCL),-0.4850,-0.9314,0.0834,,
1791052988528157700,20.433,map,sim_state_odom_plus_spawn (independent of AMCL),-0.4787,-0.9309,0.0833,,
1791052988560430945,20.450,map,sim_state_odom_plus_spawn (independent of AMCL),-0.4724,-0.9304,0.0832,,
1791052988617828184,20.467,map,sim_state_odom_plus_spawn (independent of AMCL),-0.4663,-0.9299,0.0831,,
1791052988644162753,20.483,map,sim_state_odom_plus_spawn (independent of AMCL),-0.4604,-0.9294,0.0830,,
1791052988703656992,20.500,map,sim_state_odom_plus_spawn (independent of AMCL),-0.4547,-0.9289,0.0828,,
1791052988728952737,20.517,map,sim_state_odom_plus_spawn (independent of AMCL),-0.4491,-0.9284,0.0827,,
1791052988799916358,20.533,map,sim_state_odom_plus_spawn (independent of AMCL),-0.4435,-0.9280,0.0825,,
1791052988825725549,20.550,map,sim_state_odom_plus_spawn (independent of AMCL),-0.4379,-0.9275,0.0824,,
1791052988887346165,20.567,map,sim_state_odom_plus_spawn (independent of AMCL),-0.4323,-0.9270,0.0822,,
1791052988915126727,20.583,map,sim_state_odom_plus_spawn (independent of AMCL),-0.4266,-0.9266,0.0820,,
1791052988971737904,20.600,map,sim_state_odom_plus_spawn (independent of AMCL),-0.4210,-0.9261,0.0817,,
1791052988997032145,20.617,map,sim_state_odom_plus_spawn (independent of AMCL),-0.4154,-0.9257,0.0815,,
1791052989059981346,20.633,map,sim_state_odom_plus_spawn (independent of AMCL),-0.4098,-0.9252,0.0813,,
1791052989086147273,20.650,map,sim_state_odom_plus_spawn (independent of AMCL),-0.4042,-0.9248,0.0810,,
1791052989145859383,20.667,map,sim_state_odom_plus_spawn (independent of AMCL),-0.3986,-0.9243,0.0808,,
1791052989888792571,20.683,map,sim_state_odom_plus_spawn (independent of AMCL),-0.3932,-0.9239,0.0806,,
1791052989949432615,20.700,map,sim_state_odom_plus_spawn (independent of AMCL),-0.3881,-0.9235,0.0804,,
1791052989974430980,20.717,map,sim_state_odom_plus_spawn (independent of AMCL),-0.3831,-0.9231,0.0801,,
1791052990035450118,20.733,map,sim_state_odom_plus_spawn (independent of AMCL),-0.3781,-0.9227,0.0799,,
1791052990061896180,20.750,map,sim_state_odom_plus_spawn (independent of AMCL),-0.3732,-0.9223,0.0796,,
1791052990123279374,20.767,map,sim_state_odom_plus_spawn (independent of AMCL),-0.3683,-0.9219,0.0793,,
1791052990166837717,20.783,map,sim_state_odom_plus_spawn (independent of AMCL),-0.3634,-0.9215,0.0790,,
1791052990212339457,20.800,map,sim_state_odom_plus_spawn (independent of AMCL),-0.3585,-0.9211,0.0787,,
1791052990243227168,20.817,map,sim_state_odom_plus_spawn (independent of AMCL),-0.3536,-0.9207,0.0784,,
1791052990304360506,20.833,map,sim_state_odom_plus_spawn (independent of AMCL),-0.3486,-0.9203,0.0780,,
1791052990330112648,20.850,map,sim_state_odom_plus_spawn (independent of AMCL),-0.3437,-0.9200,0.0777,,
1791052990391221923,20.867,map,sim_state_odom_plus_spawn (independent of AMCL),-0.3388,-0.9196,0.0774,,
1791052990418445624,20.883,map,sim_state_odom_plus_spawn (independent of AMCL),-0.3339,-0.9192,0.0770,,
1791052990478499030,20.900,map,sim_state_odom_plus_spawn (independent of AMCL),-0.3292,-0.9188,0.0767,,
1791052990506067535,20.917,map,sim_state_odom_plus_spawn (independent of AMCL),-0.3248,-0.9185,0.0763,,
1791052990566818370,20.933,map,sim_state_odom_plus_spawn (independent of AMCL),-0.3205,-0.9182,0.0760,,
1791052990595705133,20.950,map,sim_state_odom_plus_spawn (independent of AMCL),-0.3162,-0.9178,0.0757,,
1791052990653963431,20.967,map,sim_state_odom_plus_spawn (independent of AMCL),-0.3120,-0.9175,0.0753,,
1791052990684570305,20.983,map,sim_state_odom_plus_spawn (independent of AMCL),-0.3078,-0.9172,0.0750,,
1791052990747291207,21.000,map,sim_state_odom_plus_spawn (independent of AMCL),-0.3036,-0.9169,0.0746,,
1791052990779619396,21.017,map,sim_state_odom_plus_spawn (independent of AMCL),-0.2993,-0.9166,0.0742,,
1791052990847257194,21.033,map,sim_state_odom_plus_spawn (independent of AMCL),-0.2951,-0.9163,0.0739,,
1791052990872499699,21.050,map,sim_state_odom_plus_spawn (independent of AMCL),-0.2909,-0.9160,0.0735,,
1791052990933690889,21.067,map,sim_state_odom_plus_spawn (independent of AMCL),-0.2867,-0.9157,0.0731,,
1791052990959629219,21.083,map,sim_state_odom_plus_spawn (independent of AMCL),-0.2825,-0.9154,0.0727,,
1791052991021015219,21.100,map,sim_state_odom_plus_spawn (independent of AMCL),-0.2783,-0.9150,0.0723,,
1791052991049367681,21.117,map,sim_state_odom_plus_spawn (independent of AMCL),-0.2740,-0.9147,0.0719,,
1791052991109991784,21.133,map,sim_state_odom_plus_spawn (independent of AMCL),-0.2698,-0.9144,0.0714,,
1791052991137429647,21.150,map,sim_state_odom_plus_spawn (independent of AMCL),-0.2656,-0.9141,0.0710,,
1791052991199226224,21.167,map,sim_state_odom_plus_spawn (independent of AMCL),-0.2614,-0.9138,0.0707,,
1791052991225461633,21.183,map,sim_state_odom_plus_spawn (independent of AMCL),-0.2574,-0.9136,0.0703,,
1791052991289047003,21.200,map,sim_state_odom_plus_spawn (independent of AMCL),-0.2536,-0.9133,0.0699,,
1791052991316022453,21.217,map,sim_state_odom_plus_spawn (independent of AMCL),-0.2500,-0.9131,0.0695,,
1791052991382009521,21.233,map,sim_state_odom_plus_spawn (independent of AMCL),-0.2465,-0.9128,0.0691,,
1791052991413276326,21.250,map,sim_state_odom_plus_spawn (independent of AMCL),-0.2430,-0.9126,0.0687,,
1791052991471458123,21.267,map,sim_state_odom_plus_spawn (independent of AMCL),-0.2395,-0.9123,0.0684,,
1791052991507624880,21.283,map,sim_state_odom_plus_spawn (independent of AMCL),-0.2359,-0.9121,0.0680,,
1791052991564790311,21.300,map,sim_state_odom_plus_spawn (independent of AMCL),-0.2324,-0.9119,0.0676,,
1791052991592879382,21.317,map,sim_state_odom_plus_spawn (independent of AMCL),-0.2289,-0.9116,0.0672,,
1791052991654141157,21.333,map,sim_state_odom_plus_spawn (independent of AMCL),-0.2254,-0.9114,0.0668,,
1791052991682016367,21.350,map,sim_state_odom_plus_spawn (independent of AMCL),-0.2219,-0.9111,0.0664,,
1791052991741994275,21.367,map,sim_state_odom_plus_spawn (independent of AMCL),-0.2183,-0.9109,0.0659,,
1791052991776248515,21.383,map,sim_state_odom_plus_spawn (independent of AMCL),-0.2148,-0.9107,0.0655,,
1791052991832116343,21.400,map,sim_state_odom_plus_spawn (independent of AMCL),-0.2113,-0.9105,0.0651,,
1791052991858711696,21.417,map,sim_state_odom_plus_spawn (independent of AMCL),-0.2078,-0.9102,0.0647,,
1791052991918862157,21.433,map,sim_state_odom_plus_spawn (independent of AMCL),-0.2043,-0.9100,0.0642,,
1791052991947272470,21.450,map,sim_state_odom_plus_spawn (independent of AMCL),-0.2007,-0.9098,0.0638,,
1791052992009428190,21.467,map,sim_state_odom_plus_spawn (independent of AMCL),-0.1972,-0.9096,0.0634,,
1791052992036365841,21.483,map,sim_state_odom_plus_spawn (independent of AMCL),-0.1937,-0.9093,0.0629,,
1791052992098710155,21.500,map,sim_state_odom_plus_spawn (independent of AMCL),-0.1904,-0.9091,0.0625,,
1791052992129515450,21.517,map,sim_state_odom_plus_spawn (independent of AMCL),-0.1873,-0.9089,0.0621,,
1791052992197347357,21.533,map,sim_state_odom_plus_spawn (independent of AMCL),-0.1845,-0.9088,0.0617,,
1791052992224713933,21.550,map,sim_state_odom_plus_spawn (independent of AMCL),-0.1816,-0.9086,0.0614,,
1791052992283398749,21.567,map,sim_state_odom_plus_spawn (independent of AMCL),-0.1788,-0.9084,0.0610,,
1791052992310650223,21.583,map,sim_state_odom_plus_spawn (independent of AMCL),-0.1760,-0.9083,0.0606,,
1791052992377162168,21.600,map,sim_state_odom_plus_spawn (independent of AMCL),-0.1731,-0.9081,0.0602,,
1791052992404825021,21.617,map,sim_state_odom_plus_spawn (independent of AMCL),-0.1703,-0.9079,0.0598,,
1791052992469821190,21.633,map,sim_state_odom_plus_spawn (independent of AMCL),-0.1675,-0.9077,0.0594,,
1791052992496853890,21.650,map,sim_state_odom_plus_spawn (independent of AMCL),-0.1647,-0.9076,0.0591,,
1791052992556978383,21.667,map,sim_state_odom_plus_spawn (independent of AMCL),-0.1618,-0.9074,0.0587,,
1791052992582433846,21.683,map,sim_state_odom_plus_spawn (independent of AMCL),-0.1590,-0.9073,0.0583,,
1791052992645320483,21.700,map,sim_state_odom_plus_spawn (independent of AMCL),-0.1562,-0.9071,0.0579,,
1791052992671957345,21.717,map,sim_state_odom_plus_spawn (independent of AMCL),-0.1534,-0.9069,0.0575,,
1791052992729692270,21.733,map,sim_state_odom_plus_spawn (independent of AMCL),-0.1506,-0.9068,0.0571,,
1791052992756179339,21.750,map,sim_state_odom_plus_spawn (independent of AMCL),-0.1477,-0.9066,0.0567,,
1791052992816664677,21.767,map,sim_state_odom_plus_spawn (independent of AMCL),-0.1449,-0.9064,0.0562,,
1791052992849397929,21.783,map,sim_state_odom_plus_spawn (independent of AMCL),-0.1421,-0.9063,0.0558,,
1791052992903062679,21.800,map,sim_state_odom_plus_spawn (independent of AMCL),-0.1393,-0.9061,0.0554,,
1791052992930459935,21.817,map,sim_state_odom_plus_spawn (independent of AMCL),-0.1364,-0.9060,0.0550,,
1791052992993411642,21.833,map,sim_state_odom_plus_spawn (independent of AMCL),-0.1336,-0.9058,0.0546,,
1791052993019661289,21.850,map,sim_state_odom_plus_spawn (independent of AMCL),-0.1308,-0.9057,0.0542,,
1791052993079995030,21.867,map,sim_state_odom_plus_spawn (independent of AMCL),-0.1280,-0.9055,0.0537,,
1791052993108924505,21.883,map,sim_state_odom_plus_spawn (independent of AMCL),-0.1252,-0.9054,0.0533,,
1791052993166420403,21.900,map,sim_state_odom_plus_spawn (independent of AMCL),-0.1225,-0.9052,0.0530,,
1791052993195145542,21.917,map,sim_state_odom_plus_spawn (independent of AMCL),-0.1202,-0.9051,0.0527,,
1791052993258310308,21.933,map,sim_state_odom_plus_spawn (independent of AMCL),-0.1180,-0.9050,0.0523,,
1791052993285797701,21.950,map,sim_state_odom_plus_spawn (independent of AMCL),-0.1159,-0.9049,0.0521,,
1791052993349872053,21.967,map,sim_state_odom_plus_spawn (independent of AMCL),-0.1140,-0.9048,0.0518,,
1791052993375608954,21.983,map,sim_state_odom_plus_spawn (independent of AMCL),-0.1125,-0.9047,0.0516,,
1791052993433581001,22.000,map,sim_state_odom_plus_spawn (independent of AMCL),-0.1115,-0.9047,0.0514,,
1791052993463166798,22.017,map,sim_state_odom_plus_spawn (independent of AMCL),-0.1111,-0.9046,0.0514,,
1791052993533827022,22.033,map,sim_state_odom_plus_spawn (independent of AMCL),-0.1109,-0.9046,0.0513,,
1791052993563280773,22.050,map,sim_state_odom_plus_spawn (independent of AMCL),-0.1108,-0.9046,0.0513,,
1791052993617900126,22.067,map,sim_state_odom_plus_spawn (independent of AMCL),-0.1108,-0.9046,0.0513,,
1791052993646787691,22.083,map,sim_state_odom_plus_spawn (independent of AMCL),-0.1107,-0.9046,0.0513,,
1791052993709455353,22.100,map,sim_state_odom_plus_spawn (independent of AMCL),-0.1107,-0.9046,0.0513,,
1791052993737421803,22.117,map,sim_state_odom_plus_spawn (independent of AMCL),-0.1107,-0.9046,0.0513,,
1791052993797368529,22.133,map,sim_state_odom_plus_spawn (independent of AMCL),-0.1107,-0.9046,0.0513,,
1791052993824281114,22.150,map,sim_state_odom_plus_spawn (independent of AMCL),-0.1107,-0.9046,0.0513,,
1791052993885067843,22.167,map,sim_state_odom_plus_spawn (independent of AMCL),-0.1106,-0.9046,0.0513,,
1791052993914066098,22.183,map,sim_state_odom_plus_spawn (independent of AMCL),-0.1106,-0.9046,0.0513,,
1791052993974642275,22.200,map,sim_state_odom_plus_spawn (independent of AMCL),-0.1106,-0.9046,0.0513,,
1791052994000969325,22.217,map,sim_state_odom_plus_spawn (independent of AMCL),-0.1106,-0.9046,0.0513,,
1791052994063300905,22.233,map,sim_state_odom_plus_spawn (independent of AMCL),-0.1106,-0.9046,0.0513,,
1791052994090262620,22.250,map,sim_state_odom_plus_spawn (independent of AMCL),-0.1106,-0.9046,0.0513,,
1791052994154488569,22.267,map,sim_state_odom_plus_spawn (independent of AMCL),-0.1105,-0.9046,0.0513,,
1791052994191010056,22.283,map,sim_state_odom_plus_spawn (independent of AMCL),-0.1105,-0.9046,0.0513,,
1791052994243469043,22.300,map,sim_state_odom_plus_spawn (independent of AMCL),-0.1105,-0.9046,0.0513,,
1791052994271728361,22.317,map,sim_state_odom_plus_spawn (independent of AMCL),-0.1105,-0.9046,0.0513,,
1791052994331042427,22.333,map,sim_state_odom_plus_spawn (independent of AMCL),-0.1105,-0.9046,0.0513,,
1791052994360264470,22.350,map,sim_state_odom_plus_spawn (independent of AMCL),-0.1104,-0.9046,0.0513,,
1791052994417382376,22.367,map,sim_state_odom_plus_spawn (independent of AMCL),-0.1104,-0.9046,0.0513,,
1791052994440125326,22.383,map,sim_state_odom_plus_spawn (independent of AMCL),-0.1104,-0.9046,0.0513,,
1791052994502726012,22.400,map,sim_state_odom_plus_spawn (independent of AMCL),-0.1104,-0.9046,0.0513,,
1791052994530319383,22.417,map,sim_state_odom_plus_spawn (independent of AMCL),-0.1104,-0.9046,0.0513,,
1791052994594356337,22.433,map,sim_state_odom_plus_spawn (independent of AMCL),-0.1104,-0.9046,0.0513,,
1791052994627149545,22.450,map,sim_state_odom_plus_spawn (independent of AMCL),-0.1103,-0.9046,0.0513,,
1791052994688554195,22.467,map,sim_state_odom_plus_spawn (independent of AMCL),-0.1103,-0.9046,0.0513,,
1791052994712918497,22.483,map,sim_state_odom_plus_spawn (independent of AMCL),-0.1103,-0.9046,0.0513,,
1791052994779017960,22.500,map,sim_state_odom_plus_spawn (independent of AMCL),-0.1103,-0.9046,0.0513,,
1791052994805371679,22.517,map,sim_state_odom_plus_spawn (independent of AMCL),-0.1103,-0.9046,0.0513,,
1791052994874916880,22.533,map,sim_state_odom_plus_spawn (independent of AMCL),-0.1102,-0.9046,0.0513,,
1791052994907361474,22.550,map,sim_state_odom_plus_spawn (independent of AMCL),-0.1102,-0.9046,0.0513,,
1791052994964124650,22.567,map,sim_state_odom_plus_spawn (independent of AMCL),-0.1102,-0.9046,0.0512,,
1791052994991326895,22.583,map,sim_state_odom_plus_spawn (independent of AMCL),-0.1102,-0.9046,0.0512,,
1791052995054365530,22.600,map,sim_state_odom_plus_spawn (independent of AMCL),-0.1102,-0.9046,0.0512,,
1791052995077956404,22.617,map,sim_state_odom_plus_spawn (independent of AMCL),-0.1102,-0.9046,0.0512,,
1791052995139383412,22.633,map,sim_state_odom_plus_spawn (independent of AMCL),-0.1101,-0.9046,0.0512,,
1791052995165537408,22.650,map,sim_state_odom_plus_spawn (independent of AMCL),-0.1101,-0.9046,0.0512,,
1791052995225321808,22.667,map,sim_state_odom_plus_spawn (independent of AMCL),-0.1101,-0.9046,0.0512,,
1791052995251016198,22.683,map,sim_state_odom_plus_spawn (independent of AMCL),-0.1101,-0.9046,0.0512,,
1791052995312557606,22.700,map,sim_state_odom_plus_spawn (independent of AMCL),-0.1101,-0.9046,0.0512,,
1791052995341543830,22.717,map,sim_state_odom_plus_spawn (independent of AMCL),-0.1100,-0.9046,0.0512,,
1791052995402901657,22.733,map,sim_state_odom_plus_spawn (independent of AMCL),-0.1100,-0.9046,0.0512,,
1791052995430716910,22.750,map,sim_state_odom_plus_spawn (independent of AMCL),-0.1100,-0.9046,0.0512,,
1791052995491430547,22.767,map,sim_state_odom_plus_spawn (independent of AMCL),-0.1100,-0.9046,0.0512,,
1791052995523806662,22.783,map,sim_state_odom_plus_spawn (independent of AMCL),-0.1100,-0.9046,0.0512,,
1791052995580718528,22.800,map,sim_state_odom_plus_spawn (independent of AMCL),-0.1099,-0.9046,0.0512,,
1791052995605297994,22.817,map,sim_state_odom_plus_spawn (independent of AMCL),-0.1099,-0.9046,0.0512,,
1791052995667698456,22.833,map,sim_state_odom_plus_spawn (independent of AMCL),-0.1099,-0.9046,0.0512,,
1791052995693154120,22.850,map,sim_state_odom_plus_spawn (independent of AMCL),-0.1099,-0.9046,0.0512,,
1791052995755959644,22.867,map,sim_state_odom_plus_spawn (independent of AMCL),-0.1099,-0.9046,0.0512,,
1791052995781656841,22.883,map,sim_state_odom_plus_spawn (independent of AMCL),-0.1099,-0.9046,0.0512,,
1791052995842030687,22.900,map,sim_state_odom_plus_spawn (independent of AMCL),-0.1098,-0.9046,0.0512,,
1791052995867151172,22.917,map,sim_state_odom_plus_spawn (independent of AMCL),-0.1098,-0.9046,0.0512,,
1791052995930243047,22.933,map,sim_state_odom_plus_spawn (independent of AMCL),-0.1098,-0.9046,0.0512,,
1791052995961307923,22.950,map,sim_state_odom_plus_spawn (independent of AMCL),-0.1098,-0.9046,0.0512,,
1791052996019737068,22.967,map,sim_state_odom_plus_spawn (independent of AMCL),-0.1098,-0.9046,0.0512,,
1791052996043263874,22.983,map,sim_state_odom_plus_spawn (independent of AMCL),-0.1097,-0.9046,0.0512,,
1791052996103760603,23.000,map,sim_state_odom_plus_spawn (independent of AMCL),-0.1097,-0.9046,0.0512,,
1791052996130191082,23.017,map,sim_state_odom_plus_spawn (independent of AMCL),-0.1097,-0.9046,0.0512,,
1791052996199633919,23.033,map,sim_state_odom_plus_spawn (independent of AMCL),-0.1097,-0.9046,0.0512,,
1791052996223679948,23.050,map,sim_state_odom_plus_spawn (independent of AMCL),-0.1097,-0.9046,0.0512,,
1791052996281618355,23.067,map,sim_state_odom_plus_spawn (independent of AMCL),-0.1097,-0.9046,0.0512,,
1791052996307144934,23.083,map,sim_state_odom_plus_spawn (independent of AMCL),-0.1096,-0.9046,0.0512,,
1791052996371724866,23.100,map,sim_state_odom_plus_spawn (independent of AMCL),-0.1096,-0.9046,0.0512,,
1791052996399456997,23.117,map,sim_state_odom_plus_spawn (independent of AMCL),-0.1096,-0.9046,0.0512,,
1791052996455918769,23.133,map,sim_state_odom_plus_spawn (independent of AMCL),-0.1096,-0.9046,0.0512,,
1791052996480486810,23.150,map,sim_state_odom_plus_spawn (independent of AMCL),-0.1096,-0.9046,0.0512,,
1791052996549321367,23.167,map,sim_state_odom_plus_spawn (independent of AMCL),-0.1095,-0.9046,0.0512,,
1791052996575811578,23.183,map,sim_state_odom_plus_spawn (independent of AMCL),-0.1095,-0.9046,0.0511,,
1791052996632370389,23.200,map,sim_state_odom_plus_spawn (independent of AMCL),-0.1095,-0.9046,0.0511,,
1791052996667390611,23.217,map,sim_state_odom_plus_spawn (independent of AMCL),-0.1095,-0.9046,0.0511,,
1791052996718228444,23.233,map,sim_state_odom_plus_spawn (independent of AMCL),-0.1095,-0.9046,0.0511,,
1791052996747450526,23.250,map,sim_state_odom_plus_spawn (independent of AMCL),-0.1095,-0.9046,0.0511,,
1791052996807752429,23.267,map,sim_state_odom_plus_spawn (independent of AMCL),-0.1094,-0.9046,0.0511,,
1791052996845751868,23.283,map,sim_state_odom_plus_spawn (independent of AMCL),-0.1094,-0.9046,0.0511,,
1791052996897448655,23.300,map,sim_state_odom_plus_spawn (independent of AMCL),-0.1094,-0.9046,0.0511,,
1791052996922974452,23.317,map,sim_state_odom_plus_spawn (independent of AMCL),-0.1094,-0.9046,0.0511,,
1791052996982052354,23.333,map,sim_state_odom_plus_spawn (independent of AMCL),-0.1094,-0.9046,0.0511,,
1791052997005543176,23.350,map,sim_state_odom_plus_spawn (independent of AMCL),-0.1093,-0.9046,0.0511,,
1791052997067235250,23.367,map,sim_state_odom_plus_spawn (independent of AMCL),-0.1093,-0.9046,0.0511,,
1791052997093401247,23.383,map,sim_state_odom_plus_spawn (independent of AMCL),-0.1093,-0.9046,0.0511,,
1791052997151748960,23.400,map,sim_state_odom_plus_spawn (independent of AMCL),-0.1093,-0.9046,0.0511,,
1791052997180154781,23.417,map,sim_state_odom_plus_spawn (independent of AMCL),-0.1093,-0.9046,0.0511,,
1791052997239101275,23.433,map,sim_state_odom_plus_spawn (independent of AMCL),-0.1093,-0.9046,0.0511,,
1791052997265951439,23.450,map,sim_state_odom_plus_spawn (independent of AMCL),-0.1092,-0.9046,0.0511,,
1791052997325256027,23.467,map,sim_state_odom_plus_spawn (independent of AMCL),-0.1092,-0.9045,0.0511,,
1791052997356070582,23.483,map,sim_state_odom_plus_spawn (independent of AMCL),-0.1092,-0.9045,0.0511,,
1791052997412483689,23.500,map,sim_state_odom_plus_spawn (independent of AMCL),-0.1092,-0.9045,0.0511,,
1791052997440368575,23.517,map,sim_state_odom_plus_spawn (independent of AMCL),-0.1092,-0.9045,0.0511,,
1791052997502530959,23.533,map,sim_state_odom_plus_spawn (independent of AMCL),-0.1091,-0.9045,0.0511,,
1791052997528441777,23.550,map,sim_state_odom_plus_spawn (independent of AMCL),-0.1091,-0.9045,0.0511,,
1791052997588454717,23.567,map,sim_state_odom_plus_spawn (independent of AMCL),-0.1091,-0.9045,0.0511,,
1791052997614640789,23.583,map,sim_state_odom_plus_spawn (independent of AMCL),-0.1091,-0.9045,0.0511,,
1791052997672701792,23.600,map,sim_state_odom_plus_spawn (independent of AMCL),-0.1091,-0.9045,0.0511,,
1791052997703909986,23.617,map,sim_state_odom_plus_spawn (independent of AMCL),-0.1091,-0.9045,0.0511,,
1791052997767328390,23.633,map,sim_state_odom_plus_spawn (independent of AMCL),-0.1090,-0.9045,0.0511,,
1791052997797337064,23.650,map,sim_state_odom_plus_spawn (independent of AMCL),-0.1090,-0.9045,0.0511,,
1791052997857210958,23.667,map,sim_state_odom_plus_spawn (independent of AMCL),-0.1090,-0.9045,0.0511,,
1791052997888855876,23.683,map,sim_state_odom_plus_spawn (independent of AMCL),-0.1090,-0.9045,0.0511,,
1791052997957007441,23.700,map,sim_state_odom_plus_spawn (independent of AMCL),-0.1090,-0.9045,0.0511,,
1791052997986346635,23.717,map,sim_state_odom_plus_spawn (independent of AMCL),-0.1089,-0.9045,0.0511,,
1791052998045912865,23.733,map,sim_state_odom_plus_spawn (independent of AMCL),-0.1089,-0.9045,0.0511,,
1791052998074064485,23.750,map,sim_state_odom_plus_spawn (independent of AMCL),-0.1089,-0.9045,0.0511,,
1791052998139330640,23.767,map,sim_state_odom_plus_spawn (independent of AMCL),-0.1089,-0.9045,0.0511,,
1791052998177677597,23.783,map,sim_state_odom_plus_spawn (independent of AMCL),-0.1089,-0.9045,0.0511,,
1791052998231977491,23.800,map,sim_state_odom_plus_spawn (independent of AMCL),-0.1089,-0.9045,0.0511,,
1791052998261564325,23.817,map,sim_state_odom_plus_spawn (independent of AMCL),-0.1088,-0.9045,0.0510,,
1791052998319846334,23.833,map,sim_state_odom_plus_spawn (independent of AMCL),-0.1088,-0.9045,0.0510,,
1791052998349604920,23.850,map,sim_state_odom_plus_spawn (independent of AMCL),-0.1088,-0.9045,0.0510,,
1791052998412415632,23.867,map,sim_state_odom_plus_spawn (independent of AMCL),-0.1088,-0.9045,0.0510,,
1791052998437593812,23.883,map,sim_state_odom_plus_spawn (independent of AMCL),-0.1088,-0.9045,0.0510,,
1791052998494692555,23.900,map,sim_state_odom_plus_spawn (independent of AMCL),-0.1087,-0.9045,0.0510,,
1791052998519248551,23.917,map,sim_state_odom_plus_spawn (independent of AMCL),-0.1087,-0.9045,0.0510,,
1791052998583197094,23.933,map,sim_state_odom_plus_spawn (independent of AMCL),-0.1087,-0.9045,0.0510,,
1791052998610067333,23.950,map,sim_state_odom_plus_spawn (independent of AMCL),-0.1087,-0.9045,0.0510,,
1791052998668085055,23.967,map,sim_state_odom_plus_spawn (independent of AMCL),-0.1087,-0.9045,0.0510,,
1791052998695589717,23.983,map,sim_state_odom_plus_spawn (independent of AMCL),-0.1087,-0.9045,0.0510,,
1791052998754028790,24.000,map,sim_state_odom_plus_spawn (independent of AMCL),-0.1086,-0.9045,0.0510,,
1791052998780616725,24.017,map,sim_state_odom_plus_spawn (independent of AMCL),-0.1086,-0.9045,0.0510,,
1791052998854475461,24.033,map,sim_state_odom_plus_spawn (independent of AMCL),-0.1086,-0.9045,0.0510,,
1791052998882712860,24.050,map,sim_state_odom_plus_spawn (independent of AMCL),-0.1086,-0.9045,0.0510,,
1791052998940731365,24.067,map,sim_state_odom_plus_spawn (independent of AMCL),-0.1086,-0.9045,0.0510,,
1791052998966571779,24.083,map,sim_state_odom_plus_spawn (independent of AMCL),-0.1085,-0.9045,0.0510,,
1791052999024271652,24.100,map,sim_state_odom_plus_spawn (independent of AMCL),-0.1085,-0.9045,0.0510,,
1791052999051536313,24.117,map,sim_state_odom_plus_spawn (independent of AMCL),-0.1085,-0.9045,0.0510,,
1791052999114762500,24.133,map,sim_state_odom_plus_spawn (independent of AMCL),-0.1085,-0.9045,0.0510,,
1791052999141191902,24.150,map,sim_state_odom_plus_spawn (independent of AMCL),-0.1085,-0.9045,0.0510,,
1791052999199319687,24.167,map,sim_state_odom_plus_spawn (independent of AMCL),-0.1085,-0.9045,0.0510,,
1791052999226908071,24.183,map,sim_state_odom_plus_spawn (independent of AMCL),-0.1084,-0.9045,0.0510,,
1791052999288748200,24.200,map,sim_state_odom_plus_spawn (independent of AMCL),-0.1084,-0.9045,0.0510,,
1791052999323129591,24.217,map,sim_state_odom_plus_spawn (independent of AMCL),-0.1084,-0.9045,0.0510,,
1791052999380832989,24.233,map,sim_state_odom_plus_spawn (independent of AMCL),-0.1084,-0.9045,0.0510,,
1791052999406257438,24.250,map,sim_state_odom_plus_spawn (independent of AMCL),-0.1084,-0.9045,0.0510,,
1791052999461347449,24.267,map,sim_state_odom_plus_spawn (independent of AMCL),-0.1083,-0.9045,0.0510,,
1791052999495633368,24.283,map,sim_state_odom_plus_spawn (independent of AMCL),-0.1083,-0.9045,0.0510,,
1791052999546946407,24.300,map,sim_state_odom_plus_spawn (independent of AMCL),-0.1083,-0.9045,0.0510,,
1791052999573890282,24.317,map,sim_state_odom_plus_spawn (independent of AMCL),-0.1083,-0.9045,0.0510,,
1791052999634453631,24.333,map,sim_state_odom_plus_spawn (independent of AMCL),-0.1083,-0.9045,0.0510,,
1791052999661593444,24.350,map,sim_state_odom_plus_spawn (independent of AMCL),-0.1083,-0.9045,0.0510,,
1791052999721277373,24.367,map,sim_state_odom_plus_spawn (independent of AMCL),-0.1082,-0.9045,0.0510,,
1791052999747151961,24.383,map,sim_state_odom_plus_spawn (independent of AMCL),-0.1082,-0.9045,0.0510,,
1791052999809730994,24.400,map,sim_state_odom_plus_spawn (independent of AMCL),-0.1082,-0.9045,0.0510,,
1791052999836852104,24.417,map,sim_state_odom_plus_spawn (independent of AMCL),-0.1082,-0.9045,0.0509,,
1791052999894960108,24.433,map,sim_state_odom_plus_spawn (independent of AMCL),-0.1082,-0.9045,0.0509,,
1791052999923568330,24.450,map,sim_state_odom_plus_spawn (independent of AMCL),-0.1081,-0.9045,0.0509,,
1791052999979944129,24.467,map,sim_state_odom_plus_spawn (independent of AMCL),-0.1081,-0.9045,0.0509,,
1791053000007402573,24.483,map,sim_state_odom_plus_spawn (independent of AMCL),-0.1081,-0.9045,0.0509,,
1791053000067989423,24.500,map,sim_state_odom_plus_spawn (independent of AMCL),-0.1081,-0.9045,0.0509,,
1791052953303378983,7.433,map,tf map->odom (AMCL) + odom->base_link (estimate),-6.0030,-1.0000,3.1416,,
1791052953333969374,7.450,map,tf map->odom (AMCL) + odom->base_link (estimate),-6.0031,-1.0000,3.1416,,
1791052953403913268,7.467,map,tf map->odom (AMCL) + odom->base_link (estimate),-6.0031,-1.0000,3.1416,,
1791052953435805588,7.483,map,tf map->odom (AMCL) + odom->base_link (estimate),-6.0031,-1.0000,3.1416,,
1791052953500144700,7.500,map,tf map->odom (AMCL) + odom->base_link (estimate),-6.0031,-1.0000,3.1416,,
1791052953527200583,7.517,map,tf map->odom (AMCL) + odom->base_link (estimate),-6.0031,-1.0000,-3.1416,,
1791052953613849588,7.533,map,tf map->odom (AMCL) + odom->base_link (estimate),-6.0031,-1.0000,3.1416,,
1791052953656389604,7.550,map,tf map->odom (AMCL) + odom->base_link (estimate),-6.0032,-1.0000,3.1416,,
1791052953713864380,7.567,map,tf map->odom (AMCL) + odom->base_link (estimate),-6.0032,-1.0000,3.1416,,
1791052953741980735,7.583,map,tf map->odom (AMCL) + odom->base_link (estimate),-6.0032,-1.0000,3.1416,,
1791052953811273615,7.600,map,tf map->odom (AMCL) + odom->base_link (estimate),-6.0032,-1.0000,3.1416,,
1791052953841144032,7.617,map,tf map->odom (AMCL) + odom->base_link (estimate),-6.0032,-1.0000,3.1416,,
1791052953916164421,7.633,map,tf map->odom (AMCL) + odom->base_link (estimate),-6.0033,-1.0000,3.1416,,
1791052953950194075,7.650,map,tf map->odom (AMCL) + odom->base_link (estimate),-6.0033,-1.0000,3.1416,,
1791052954021463085,7.667,map,tf map->odom (AMCL) + odom->base_link (estimate),-6.0033,-1.0000,3.1416,,
1791052954061690371,7.683,map,tf map->odom (AMCL) + odom->base_link (estimate),-6.0033,-1.0000,3.1416,,
1791052954126674101,7.700,map,tf map->odom (AMCL) + odom->base_link (estimate),-6.0033,-1.0000,-3.1416,,
1791052954167046001,7.717,map,tf map->odom (AMCL) + odom->base_link (estimate),-6.0033,-1.0000,3.1416,,
1791052954230626462,7.733,map,tf map->odom (AMCL) + odom->base_link (estimate),-6.0034,-1.0000,3.1416,,
1791052954265084863,7.750,map,tf map->odom (AMCL) + odom->base_link (estimate),-6.0034,-1.0000,3.1416,,
1791052954335915333,7.767,map,tf map->odom (AMCL) + odom->base_link (estimate),-6.0034,-1.0000,3.1416,,
1791052954379803851,7.783,map,tf map->odom (AMCL) + odom->base_link (estimate),-6.0034,-1.0000,3.1416,,
1791052954433315873,7.800,map,tf map->odom (AMCL) + odom->base_link (estimate),-6.0034,-1.0000,3.1416,,
1791052954460745834,7.817,map,tf map->odom (AMCL) + odom->base_link (estimate),-6.0035,-1.0000,3.1416,,
1791052954533744020,7.833,map,tf map->odom (AMCL) + odom->base_link (estimate),-6.0035,-1.0000,3.1416,,
1791052954563758852,7.850,map,tf map->odom (AMCL) + odom->base_link (estimate),-6.0035,-1.0000,3.1416,,
1791052954634573824,7.867,map,tf map->odom (AMCL) + odom->base_link (estimate),-6.0035,-1.0000,3.1416,,
1791052954669222737,7.883,map,tf map->odom (AMCL) + odom->base_link (estimate),-6.0035,-1.0000,3.1416,,
1791052954739014914,7.900,map,tf map->odom (AMCL) + odom->base_link (estimate),-6.0036,-1.0000,3.1416,,
1791052954771621089,7.917,map,tf map->odom (AMCL) + odom->base_link (estimate),-6.0036,-1.0000,3.1416,,
1791052954834872141,7.933,map,tf map->odom (AMCL) + odom->base_link (estimate),-6.0036,-1.0000,3.1416,,
1791052954861144296,7.950,map,tf map->odom (AMCL) + odom->base_link (estimate),-6.0036,-1.0000,3.1416,,
1791052954930220409,7.967,map,tf map->odom (AMCL) + odom->base_link (estimate),-6.0036,-1.0000,-3.1416,,
1791052954956283057,7.983,map,tf map->odom (AMCL) + odom->base_link (estimate),-6.0036,-1.0000,3.1416,,
1791052955028948294,8.000,map,tf map->odom (AMCL) + odom->base_link (estimate),-6.0037,-1.0000,3.1416,,
1791052955052981711,8.017,map,tf map->odom (AMCL) + odom->base_link (estimate),-6.0037,-1.0000,3.1416,,
1791052955131929342,8.033,map,tf map->odom (AMCL) + odom->base_link (estimate),-6.0037,-1.0000,-3.1416,,
1791052955155078809,8.050,map,tf map->odom (AMCL) + odom->base_link (estimate),-6.0037,-1.0000,3.1416,,
1791052955240877123,8.067,map,tf map->odom (AMCL) + odom->base_link (estimate),-6.0037,-1.0000,3.1416,,
1791052955264324441,8.083,map,tf map->odom (AMCL) + odom->base_link (estimate),-6.0038,-1.0000,3.1416,,
1791052955330762714,8.100,map,tf map->odom (AMCL) + odom->base_link (estimate),-6.0038,-1.0000,-3.1416,,
1791052955353865657,8.117,map,tf map->odom (AMCL) + odom->base_link (estimate),-6.0038,-1.0000,3.1416,,
1791052955427713496,8.133,map,tf map->odom (AMCL) + odom->base_link (estimate),-6.0038,-1.0000,3.1416,,
1791052955453059480,8.150,map,tf map->odom (AMCL) + odom->base_link (estimate),-6.0038,-1.0000,-3.1416,,
1791052955522341097,8.167,map,tf map->odom (AMCL) + odom->base_link (estimate),-6.0039,-1.0000,3.1416,,
1791052955546242947,8.183,map,tf map->odom (AMCL) + odom->base_link (estimate),-6.0039,-1.0000,3.1416,,
1791052955617909877,8.200,map,tf map->odom (AMCL) + odom->base_link (estimate),-6.0039,-1.0000,-3.1416,,
1791052955644107794,8.217,map,tf map->odom (AMCL) + odom->base_link (estimate),-6.0039,-1.0000,3.1416,,
1791052955716167924,8.233,map,tf map->odom (AMCL) + odom->base_link (estimate),-6.0039,-1.0000,3.1416,,
1791052955742063187,8.250,map,tf map->odom (AMCL) + odom->base_link (estimate),-6.0039,-1.0000,3.1416,,
1791052955810831544,8.267,map,tf map->odom (AMCL) + odom->base_link (estimate),-6.0040,-1.0000,3.1416,,
1791052955844224919,8.283,map,tf map->odom (AMCL) + odom->base_link (estimate),-6.0040,-1.0000,3.1416,,
1791052955904705462,8.300,map,tf map->odom (AMCL) + odom->base_link (estimate),-6.0040,-1.0000,-3.1415,,
1791052955931856264,8.317,map,tf map->odom (AMCL) + odom->base_link (estimate),-6.0040,-1.0000,-3.1413,,
1791052956003497080,8.333,map,tf map->odom (AMCL) + odom->base_link (estimate),-6.0040,-1.0000,-3.1411,,
1791052956032196369,8.350,map,tf map->odom (AMCL) + odom->base_link (estimate),-6.0041,-1.0000,-3.1407,,
1791052956099605735,8.367,map,tf map->odom (AMCL) + odom->base_link (estimate),-6.0041,-1.0000,-3.1400,,
1791052956125651574,8.383,map,tf map->odom (AMCL) + odom->base_link (estimate),-6.0041,-1.0000,-3.1390,,
1791052956192830623,8.400,map,tf map->odom (AMCL) + odom->base_link (estimate),-6.0041,-1.0000,-3.1375,,
1791052956913399878,8.417,map,tf map->odom (AMCL) + odom->base_link (estimate),-6.0041,-1.0000,-3.1360,,
1791052956987640016,8.433,map,tf map->odom (AMCL) + odom->base_link (estimate),-6.0042,-1.0000,-3.1343,,
1791052957011663728,8.450,map,tf map->odom (AMCL) + odom->base_link (estimate),-6.0042,-1.0000,-3.1326,,
1791052957080924035,8.467,map,tf map->odom (AMCL) + odom->base_link (estimate),-6.0042,-1.0000,-3.1308,,
1791052957109938383,8.483,map,tf map->odom (AMCL) + odom->base_link (estimate),-6.0043,-1.0000,-3.1290,,
1791052957180212606,8.500,map,tf map->odom (AMCL) + odom->base_link (estimate),-6.0043,-1.0000,-3.1271,,
1791052957209496191,8.517,map,tf map->odom (AMCL) + odom->base_link (estimate),-6.0044,-1.0000,-3.1253,,
1791052957282418159,8.533,map,tf map->odom (AMCL) + odom->base_link (estimate),-6.0044,-1.0000,-3.1234,,
1791052957309735845,8.550,map,tf map->odom (AMCL) + odom->base_link (estimate),-6.0045,-1.0000,-3.1215,,
1791052957379870796,8.567,map,tf map->odom (AMCL) + odom->base_link (estimate),-6.0045,-1.0000,-3.1196,,
1791052957407344562,8.583,map,tf map->odom (AMCL) + odom->base_link (estimate),-6.0046,-1.0000,-3.1177,,
1791052957470467849,8.600,map,tf map->odom (AMCL) + odom->base_link (estimate),-6.0046,-1.0000,-3.1157,,
1791052957503974081,8.617,map,tf map->odom (AMCL) + odom->base_link (estimate),-6.0047,-1.0000,-3.1137,,
1791052957570918911,8.633,map,tf map->odom (AMCL) + odom->base_link (estimate),-6.0048,-1.0000,-3.1117,,
1791052957597298320,8.650,map,tf map->odom (AMCL) + odom->base_link (estimate),-6.0049,-1.0000,-3.1097,,
1791052957668177149,8.667,map,tf map->odom (AMCL) + odom->base_link (estimate),-6.0050,-1.0000,-3.1077,,
1791052957697228817,8.683,map,tf map->odom (AMCL) + odom->base_link (estimate),-6.0050,-1.0000,-3.1056,,
1791052957768135561,8.700,map,tf map->odom (AMCL) + odom->base_link (estimate),-6.0051,-1.0000,-3.1036,,
1791052957808973620,8.717,map,tf map->odom (AMCL) + odom->base_link (estimate),-6.0052,-1.0000,-3.1015,,
1791052957872986459,8.733,map,tf map->odom (AMCL) + odom->base_link (estimate),-6.0053,-1.0001,-3.0994,,
1791052957898704832,8.750,map,tf map->odom (AMCL) + odom->base_link (estimate),-6.0054,-1.0001,-3.0973,,
1791052957969994370,8.767,map,tf map->odom (AMCL) + odom->base_link (estimate),-6.0056,-1.0001,-3.0952,,
1791052958002833363,8.783,map,tf map->odom (AMCL) + odom->base_link (estimate),-6.0057,-1.0001,-3.0930,,
1791052958064570345,8.800,map,tf map->odom (AMCL) + odom->base_link (estimate),-6.0058,-1.0001,-3.0908,,
1791052958090830394,8.817,map,tf map->odom (AMCL) + odom->base_link (estimate),-6.0059,-1.0001,-3.0886,,
1791052958165042318,8.833,map,tf map->odom (AMCL) + odom->base_link (estimate),-6.0060,-1.0001,-3.0864,,
1791052958194873582,8.850,map,tf map->odom (AMCL) + odom->base_link (estimate),-6.0062,-1.0001,-3.0841,,
1791052958265104582,8.867,map,tf map->odom (AMCL) + odom->base_link (estimate),-6.0063,-1.0001,-3.0818,,
1791052958293829283,8.883,map,tf map->odom (AMCL) + odom->base_link (estimate),-6.0064,-1.0001,-3.0795,,
1791052958367934052,8.900,map,tf map->odom (AMCL) + odom->base_link (estimate),-6.0066,-1.0001,-3.0772,,
1791052958400725921,8.917,map,tf map->odom (AMCL) + odom->base_link (estimate),-6.0067,-1.0001,-3.0748,,
1791052958468924488,8.933,map,tf map->odom (AMCL) + odom->base_link (estimate),-6.0068,-1.0001,-3.0724,,
1791052958496091798,8.950,map,tf map->odom (AMCL) + odom->base_link (estimate),-6.0070,-1.0002,-3.0700,,
1791052958567012549,8.967,map,tf map->odom (AMCL) + odom->base_link (estimate),-6.0071,-1.0002,-3.0675,,
1791052958591579136,8.983,map,tf map->odom (AMCL) + odom->base_link (estimate),-6.0073,-1.0002,-3.0650,,
1791052958664922418,9.000,map,tf map->odom (AMCL) + odom->base_link (estimate),-6.0074,-1.0002,-3.0625,,
1791052958690177656,9.017,map,tf map->odom (AMCL) + odom->base_link (estimate),-6.0076,-1.0002,-3.0600,,
1791052958773735231,9.033,map,tf map->odom (AMCL) + odom->base_link (estimate),-6.0077,-1.0002,-3.0574,,
1791052958799410882,9.050,map,tf map->odom (AMCL) + odom->base_link (estimate),-6.0079,-1.0002,-3.0548,,
1791052958866952915,9.067,map,tf map->odom (AMCL) + odom->base_link (estimate),-6.0081,-1.0003,-3.0522,,
1791052958895923041,9.083,map,tf map->odom (AMCL) + odom->base_link (estimate),-6.0082,-1.0003,-3.0495,,
1791052958966152641,9.100,map,tf map->odom (AMCL) + odom->base_link (estimate),-6.0084,-1.0003,-3.0467,,
1791052958991503527,9.117,map,tf map->odom (AMCL) + odom->base_link (estimate),-6.0086,-1.0003,-3.0434,,
1791052959064406786,9.133,map,tf map->odom (AMCL) + odom->base_link (estimate),-6.0087,-1.0003,-3.0397,,
1791052959092038131,9.150,map,tf map->odom (AMCL) + odom->base_link (estimate),-6.0089,-1.0003,-3.0353,,
1791052959164071548,9.167,map,tf map->odom (AMCL) + odom->base_link (estimate),-6.0091,-1.0004,-3.0303,,
1791052959190987230,9.183,map,tf map->odom (AMCL) + odom->base_link (estimate),-6.0093,-1.0004,-3.0246,,
1791052959258561779,9.200,map,tf map->odom (AMCL) + odom->base_link (estimate),-6.0095,-1.0004,-3.0182,,
1791052959283451631,9.217,map,tf map->odom (AMCL) + odom->base_link (estimate),-6.0097,-1.0005,-3.0111,,
1791052959355603708,9.233,map,tf map->odom (AMCL) + odom->base_link (estimate),-6.0099,-1.0005,-3.0032,,
1791052959383297485,9.250,map,tf map->odom (AMCL) + odom->base_link (estimate),-6.0101,-1.0005,-2.9945,,
1791052959451727570,9.267,map,tf map->odom (AMCL) + odom->base_link (estimate),-6.0103,-1.0006,-2.9853,,
1791052959485803592,9.283,map,tf map->odom (AMCL) + odom->base_link (estimate),-6.0105,-1.0006,-2.9756,,
1791052959545090429,9.300,map,tf map->odom (AMCL) + odom->base_link (estimate),-6.0107,-1.0006,-2.9655,,
1791052959572014715,9.317,map,tf map->odom (AMCL) + odom->base_link (estimate),-6.0109,-1.0007,-2.9552,,
1791052959643160080,9.333,map,tf map->odom (AMCL) + odom->base_link (estimate),-6.0111,-1.0007,-2.9447,,
1791052959669748395,9.350,map,tf map->odom (AMCL) + odom->base_link (estimate),-6.0113,-1.0008,-2.9340,,
1791052959739044220,9.367,map,tf map->odom (AMCL) + odom->base_link (estimate),-6.0115,-1.0008,-2.9232,,
1791052959765278055,9.383,map,tf map->odom (AMCL) + odom->base_link (estimate),-6.0117,-1.0009,-2.9123,,
1791052959832357153,9.400,map,tf map->odom (AMCL) + odom->base_link (estimate),-6.0118,-1.0009,-2.9012,,
1791052959860337176,9.417,map,tf map->odom (AMCL) + odom->base_link (estimate),-6.0120,-1.0009,-2.8901,,
1791052959929891932,9.433,map,tf map->odom (AMCL) + odom->base_link (estimate),-6.0121,-1.0010,-2.8790,,
1791052959956651134,9.450,map,tf map->odom (AMCL) + odom->base_link (estimate),-6.0122,-1.0010,-2.8682,,
1791052960029772604,9.467,map,tf map->odom (AMCL) + odom->base_link (estimate),-6.0123,-1.0010,-2.8575,,
1791052960055730599,9.483,map,tf map->odom (AMCL) + odom->base_link (estimate),-6.0123,-1.0011,-2.8470,,
1791052960126947700,9.500,map,tf map->odom (AMCL) + odom->base_link (estimate),-6.0123,-1.0011,-2.8365,,
1791052960154046675,9.517,map,tf map->odom (AMCL) + odom->base_link (estimate),-6.0123,-1.0011,-2.8261,,
1791052960232478744,9.533,map,tf map->odom (AMCL) + odom->base_link (estimate),-6.0123,-1.0011,-2.8158,,
1791052960258440141,9.550,map,tf map->odom (AMCL) + odom->base_link (estimate),-6.0123,-1.0010,-2.8055,,
1791052960328227115,9.567,map,tf map->odom (AMCL) + odom->base_link (estimate),-6.0122,-1.0010,-2.7952,,
1791052960353738183,9.583,map,tf map->odom (AMCL) + odom->base_link (estimate),-6.0122,-1.0010,-2.7849,,
1791052960426235135,9.600,map,tf map->odom (AMCL) + odom->base_link (estimate),-6.0121,-1.0010,-2.7748,,
1791052960451316785,9.617,map,tf map->odom (AMCL) + odom->base_link (estimate),-6.0120,-1.0009,-2.7650,,
1791052960524707391,9.633,map,tf map->odom (AMCL) + odom->base_link (estimate),-6.0119,-1.0009,-2.7554,,
1791052960547943702,9.650,map,tf map->odom (AMCL) + odom->base_link (estimate),-6.0118,-1.0009,-2.7461,,
1791052960622980545,9.667,map,tf map->odom (AMCL) + odom->base_link (estimate),-6.0117,-1.0008,-2.7368,,
1791052960652141969,9.683,map,tf map->odom (AMCL) + odom->base_link (estimate),-6.0116,-1.0008,-2.7277,,
1791052960723003589,9.700,map,tf map->odom (AMCL) + odom->base_link (estimate),-6.0114,-1.0007,-2.7186,,
1791052960748629716,9.717,map,tf map->odom (AMCL) + odom->base_link (estimate),-6.0113,-1.0007,-2.7096,,
1791052960820074833,9.733,map,tf map->odom (AMCL) + odom->base_link (estimate),-6.0112,-1.0006,-2.7007,,
1791052960845888055,9.750,map,tf map->odom (AMCL) + odom->base_link (estimate),-6.0111,-1.0005,-2.6917,,
1791052960913526036,9.767,map,tf map->odom (AMCL) + odom->base_link (estimate),-6.0109,-1.0005,-2.6828,,
1791052960947320115,9.783,map,tf map->odom (AMCL) + odom->base_link (estimate),-6.0108,-1.0004,-2.6739,,
1791052961010781474,9.800,map,tf map->odom (AMCL) + odom->base_link (estimate),-6.0107,-1.0003,-2.6652,,
1791052961035922253,9.817,map,tf map->odom (AMCL) + odom->base_link (estimate),-6.0105,-1.0003,-2.6568,,
1791052961110708169,9.833,map,tf map->odom (AMCL) + odom->base_link (estimate),-6.0104,-1.0002,-2.6486,,
1791052961136755809,9.850,map,tf map->odom (AMCL) + odom->base_link (estimate),-6.0330,-1.0044,-2.6169,,
1791052961208199526,9.867,map,tf map->odom (AMCL) + odom->base_link (estimate),-6.0329,-1.0043,-2.6090,,
1791052961232868166,9.883,map,tf map->odom (AMCL) + odom->base_link (estimate),-6.0328,-1.0042,-2.6012,,
1791052961305364717,9.900,map,tf map->odom (AMCL) + odom->base_link (estimate),-6.0326,-1.0042,-2.5935,,
1791052961331870791,9.917,map,tf map->odom (AMCL) + odom->base_link (estimate),-6.0325,-1.0041,-2.5859,,
1791052961406947554,9.933,map,tf map->odom (AMCL) + odom->base_link (estimate),-6.0324,-1.0040,-2.5782,,
1791052961433157277,9.950,map,tf map->odom (AMCL) + odom->base_link (estimate),-6.0323,-1.0039,-2.5706,,
1791052961504963478,9.967,map,tf map->odom (AMCL) + odom->base_link (estimate),-6.0321,-1.0038,-2.5630,,
1791052961531191110,9.983,map,tf map->odom (AMCL) + odom->base_link (estimate),-6.0320,-1.0038,-2.5554,,
1791052961603742890,10.000,map,tf map->odom (AMCL) + odom->base_link (estimate),-6.0319,-1.0037,-2.5480,,
1791052961629148304,10.017,map,tf map->odom (AMCL) + odom->base_link (estimate),-6.0317,-1.0036,-2.5409,,
1791052961708060417,10.033,map,tf map->odom (AMCL) + odom->base_link (estimate),-6.0316,-1.0035,-2.5340,,
1791052961737480572,10.050,map,tf map->odom (AMCL) + odom->base_link (estimate),-6.0315,-1.0034,-2.5273,,
1791052961809154906,10.067,map,tf map->odom (AMCL) + odom->base_link (estimate),-6.0313,-1.0033,-2.5207,,
1791052961833080968,10.083,map,tf map->odom (AMCL) + odom->base_link (estimate),-6.0312,-1.0032,-2.5143,,
1791052961904088663,10.100,map,tf map->odom (AMCL) + odom->base_link (estimate),-6.0311,-1.0031,-2.5077,,
1791052961931307799,10.117,map,tf map->odom (AMCL) + odom->base_link (estimate),-6.0309,-1.0030,-2.5009,,
1791052962005053486,10.133,map,tf map->odom (AMCL) + odom->base_link (estimate),-6.0308,-1.0029,-2.4936,,
1791052962028890603,10.150,map,tf map->odom (AMCL) + odom->base_link (estimate),-6.0307,-1.0028,-2.4858,,
1791052962100453580,10.167,map,tf map->odom (AMCL) + odom->base_link (estimate),-6.0305,-1.0027,-2.4774,,
1791052962123958728,10.183,map,tf map->odom (AMCL) + odom->base_link (estimate),-6.0304,-1.0026,-2.4683,,
1791052962197416568,10.200,map,tf map->odom (AMCL) + odom->base_link (estimate),-6.0302,-1.0025,-2.4587,,
1791052962221506914,10.217,map,tf map->odom (AMCL) + odom->base_link (estimate),-6.0301,-1.0023,-2.4486,,
1791052962292848078,10.233,map,tf map->odom (AMCL) + odom->base_link (estimate),-6.0299,-1.0022,-2.4382,,
1791052962320388478,10.250,map,tf map->odom (AMCL) + odom->base_link (estimate),-6.0297,-1.0020,-2.4275,,
1791052962391770663,10.267,map,tf map->odom (AMCL) + odom->base_link (estimate),-6.0296,-1.0019,-2.4167,,
1791052962424803054,10.283,map,tf map->odom (AMCL) + odom->base_link (estimate),-6.0294,-1.0017,-2.4058,,
1791052962487978768,10.300,map,tf map->odom (AMCL) + odom->base_link (estimate),-6.0292,-1.0016,-2.3950,,
1791052962513107942,10.317,map,tf map->odom (AMCL) + odom->base_link (estimate),-6.0291,-1.0014,-2.3844,,
1791052962588187606,10.333,map,tf map->odom (AMCL) + odom->base_link (estimate),-6.0289,-1.0013,-2.3740,,
1791052962616270381,10.350,map,tf map->odom (AMCL) + odom->base_link (estimate),-6.0287,-1.0011,-2.3638,,
1791052962686665165,10.367,map,tf map->odom (AMCL) + odom->base_link (estimate),-6.0286,-1.0010,-2.3536,,
1791052962710469365,10.383,map,tf map->odom (AMCL) + odom->base_link (estimate),-6.0284,-1.0008,-2.3436,,
1791052962783778830,10.400,map,tf map->odom (AMCL) + odom->base_link (estimate),-6.0283,-1.0006,-2.3335,,
1791052962812790877,10.417,map,tf map->odom (AMCL) + odom->base_link (estimate),-6.0281,-1.0005,-2.3236,,
1791052962883439690,10.433,map,tf map->odom (AMCL) + odom->base_link (estimate),-6.0280,-1.0003,-2.3137,,
1791052962907007070,10.450,map,tf map->odom (AMCL) + odom->base_link (estimate),-6.0278,-1.0002,-2.3042,,
1791052962980204478,10.467,map,tf map->odom (AMCL) + odom->base_link (estimate),-6.0277,-1.0000,-2.2949,,
1791052963005561267,10.483,map,tf map->odom (AMCL) + odom->base_link (estimate),-6.0276,-0.9999,-2.2858,,
1791052963075656498,10.500,map,tf map->odom (AMCL) + odom->base_link (estimate),-6.0274,-0.9997,-2.2769,,
1791052963100733345,10.517,map,tf map->odom (AMCL) + odom->base_link (estimate),-6.0273,-0.9996,-2.2680,,
1791052963180892292,10.533,map,tf map->odom (AMCL) + odom->base_link (estimate),-6.0272,-0.9994,-2.2591,,
1791052963206777250,10.550,map,tf map->odom (AMCL) + odom->base_link (estimate),-6.0271,-0.9993,-2.2503,,
1791052963274715385,10.567,map,tf map->odom (AMCL) + odom->base_link (estimate),-6.0269,-0.9991,-2.2416,,
1791052963298169507,10.583,map,tf map->odom (AMCL) + odom->base_link (estimate),-6.0268,-0.9990,-2.2328,,
1791052963367302920,10.600,map,tf map->odom (AMCL) + odom->base_link (estimate),-6.0267,-0.9988,-2.2241,,
1791052963394170880,10.617,map,tf map->odom (AMCL) + odom->base_link (estimate),-6.0266,-0.9986,-2.2154,,
1791052963457414559,10.633,map,tf map->odom (AMCL) + odom->base_link (estimate),-6.0265,-0.9985,-2.2068,,
1791052963482921452,10.650,map,tf map->odom (AMCL) + odom->base_link (estimate),-6.0263,-0.9983,-2.1985,,
1791052963548277314,10.667,map,tf map->odom (AMCL) + odom->base_link (estimate),-6.0262,-0.9982,-2.1905,,
1791052963571042915,10.683,map,tf map->odom (AMCL) + odom->base_link (estimate),-6.0261,-0.9980,-2.1826,,
1791052963636579544,10.700,map,tf map->odom (AMCL) + odom->base_link (estimate),-6.0260,-0.9979,-2.1749,,
1791052963661430562,10.717,map,tf map->odom (AMCL) + odom->base_link (estimate),-6.0259,-0.9978,-2.1672,,
1791052963727949582,10.733,map,tf map->odom (AMCL) + odom->base_link (estimate),-6.0258,-0.9976,-2.1596,,
1791052963750066825,10.750,map,tf map->odom (AMCL) + odom->base_link (estimate),-6.0257,-0.9975,-2.1520,,
1791052963815999820,10.767,map,tf map->odom (AMCL) + odom->base_link (estimate),-6.0256,-0.9973,-2.1445,,
1791052963846142480,10.783,map,tf map->odom (AMCL) + odom->base_link (estimate),-6.0256,-0.9972,-2.1369,,
1791052963905464842,10.800,map,tf map->odom (AMCL) + odom->base_link (estimate),-6.0255,-0.9970,-2.1294,,
1791052963928348143,10.817,map,tf map->odom (AMCL) + odom->base_link (estimate),-6.0254,-0.9969,-2.1219,,
1791052963993054639,10.833,map,tf map->odom (AMCL) + odom->base_link (estimate),-6.0253,-0.9967,-2.1145,,
1791052964016505815,10.850,map,tf map->odom (AMCL) + odom->base_link (estimate),-6.0252,-0.9966,-2.1074,,
1791052964077797268,10.867,map,tf map->odom (AMCL) + odom->base_link (estimate),-6.0251,-0.9965,-2.1006,,
1791052964100742811,10.883,map,tf map->odom (AMCL) + odom->base_link (estimate),-6.0250,-0.9963,-2.0940,,
1791052964164164873,10.900,map,tf map->odom (AMCL) + odom->base_link (estimate),-6.0249,-0.9961,-2.0875,,
1791052964188378350,10.917,map,tf map->odom (AMCL) + odom->base_link (estimate),-6.0248,-0.9960,-2.0811,,
1791052964249450903,10.933,map,tf map->odom (AMCL) + odom->base_link (estimate),-6.0248,-0.9958,-2.0747,,
1791052964275052488,10.950,map,tf map->odom (AMCL) + odom->base_link (estimate),-6.0247,-0.9957,-2.0684,,
1791052964336551658,10.967,map,tf map->odom (AMCL) + odom->base_link (estimate),-6.0246,-0.9955,-2.0621,,
1791052964358882026,10.983,map,tf map->odom (AMCL) + odom->base_link (estimate),-6.0245,-0.9954,-2.0558,,
1791052964423173179,11.000,map,tf map->odom (AMCL) + odom->base_link (estimate),-6.0244,-0.9952,-2.0494,,
1791052964447427172,11.017,map,tf map->odom (AMCL) + odom->base_link (estimate),-6.0243,-0.9951,-2.0427,,
1791052964517052135,11.033,map,tf map->odom (AMCL) + odom->base_link (estimate),-6.0243,-0.9949,-2.0355,,
1791052964539016386,11.050,map,tf map->odom (AMCL) + odom->base_link (estimate),-6.0242,-0.9948,-2.0277,,
1791052964603661373,11.067,map,tf map->odom (AMCL) + odom->base_link (estimate),-6.0241,-0.9946,-2.0194,,
1791052964628087608,11.083,map,tf map->odom (AMCL) + odom->base_link (estimate),-6.0240,-0.9944,-2.0104,,
1791052964691019619,11.100,map,tf map->odom (AMCL) + odom->base_link (estimate),-6.0240,-0.9943,-2.0008,,
1791052964714461354,11.117,map,tf map->odom (AMCL) + odom->base_link (estimate),-6.0239,-0.9941,-1.9907,,
1791052964776015799,11.133,map,tf map->odom (AMCL) + odom->base_link (estimate),-6.0238,-0.9939,-1.9803,,
1791052964800168776,11.150,map,tf map->odom (AMCL) + odom->base_link (estimate),-6.0237,-0.9936,-1.9697,,
1791052964861219604,11.167,map,tf map->odom (AMCL) + odom->base_link (estimate),-6.0236,-0.9934,-1.9590,,
1791052964886561222,11.183,map,tf map->odom (AMCL) + odom->base_link (estimate),-6.0235,-0.9932,-1.9481,,
1791052964948958634,11.200,map,tf map->odom (AMCL) + odom->base_link (estimate),-6.0234,-0.9930,-1.9372,,
1791052964970717185,11.217,map,tf map->odom (AMCL) + odom->base_link (estimate),-6.0233,-0.9928,-1.9263,,
1791052965036032256,11.233,map,tf map->odom (AMCL) + odom->base_link (estimate),-6.1086,-1.0554,-1.8910,,
1791052965059591324,11.250,map,tf map->odom (AMCL) + odom->base_link (estimate),-6.1085,-1.0552,-1.8806,,
1791052965123359794,11.267,map,tf map->odom (AMCL) + odom->base_link (estimate),-6.1084,-1.0549,-1.8704,,
1791052965152713295,11.283,map,tf map->odom (AMCL) + odom->base_link (estimate),-6.1084,-1.0547,-1.8602,,
1791052965212679524,11.300,map,tf map->odom (AMCL) + odom->base_link (estimate),-6.1083,-1.0545,-1.8502,,
1791052965237204483,11.317,map,tf map->odom (AMCL) + odom->base_link (estimate),-6.1083,-1.0543,-1.8402,,
1791052965300479329,11.333,map,tf map->odom (AMCL) + odom->base_link (estimate),-6.1082,-1.0541,-1.8302,,
1791052965323430555,11.350,map,tf map->odom (AMCL) + odom->base_link (estimate),-6.1081,-1.0539,-1.8203,,
1791052965386814850,11.367,map,tf map->odom (AMCL) + odom->base_link (estimate),-6.1081,-1.0537,-1.8103,,
1791052965411182327,11.383,map,tf map->odom (AMCL) + odom->base_link (estimate),-6.1080,-1.0534,-1.8005,,
1791052965471130038,11.400,map,tf map->odom (AMCL) + odom->base_link (estimate),-6.1080,-1.0532,-1.7910,,
1791052965496833556,11.417,map,tf map->odom (AMCL) + odom->base_link (estimate),-6.1079,-1.0530,-1.7818,,
1791052965561394118,11.433,map,tf map->odom (AMCL) + odom->base_link (estimate),-6.1079,-1.0528,-1.7727,,
1791052965582607161,11.450,map,tf map->odom (AMCL) + odom->base_link (estimate),-6.1079,-1.0526,-1.7638,,
1791052965646520281,11.467,map,tf map->odom (AMCL) + odom->base_link (estimate),-6.1078,-1.0524,-1.7549,,
1791052965670992716,11.483,map,tf map->odom (AMCL) + odom->base_link (estimate),-6.1078,-1.0522,-1.7461,,
1791052965730412428,11.500,map,tf map->odom (AMCL) + odom->base_link (estimate),-6.1078,-1.0520,-1.7372,,
1791052965753557437,11.517,map,tf map->odom (AMCL) + odom->base_link (estimate),-6.1077,-1.0518,-1.7279,,
1791052965822931508,11.533,map,tf map->odom (AMCL) + odom->base_link (estimate),-6.1077,-1.0516,-1.7183,,
1791052965845657968,11.550,map,tf map->odom (AMCL) + odom->base_link (estimate),-6.1077,-1.0514,-1.7082,,
1791052965907279054,11.567,map,tf map->odom (AMCL) + odom->base_link (estimate),-6.1076,-1.0512,-1.6978,,
1791052965929969672,11.583,map,tf map->odom (AMCL) + odom->base_link (estimate),-6.1076,-1.0510,-1.6872,,
1791052965990873192,11.600,map,tf map->odom (AMCL) + odom->base_link (estimate),-6.1076,-1.0508,-1.6765,,
1791052966016276044,11.617,map,tf map->odom (AMCL) + odom->base_link (estimate),-6.1076,-1.0505,-1.6656,,
1791052966077640189,11.633,map,tf map->odom (AMCL) + odom->base_link (estimate),-6.1075,-1.0503,-1.6547,,
1791052966100621482,11.650,map,tf map->odom (AMCL) + odom->base_link (estimate),-6.1075,-1.0500,-1.6438,,
1791052966164402602,11.667,map,tf map->odom (AMCL) + odom->base_link (estimate),-6.1075,-1.0498,-1.6332,,
1791052966191102995,11.683,map,tf map->odom (AMCL) + odom->base_link (estimate),-6.1075,-1.0496,-1.6228,,
1791052966248644824,11.700,map,tf map->odom (AMCL) + odom->base_link (estimate),-6.1075,-1.0495,-1.6125,,
1791052966274338625,11.717,map,tf map->odom (AMCL) + odom->base_link (estimate),-6.1075,-1.0497,-1.6020,,
1791052966335922953,11.733,map,tf map->odom (AMCL) + odom->base_link (estimate),-6.1075,-1.0500,-1.5914,,
1791052966357847146,11.750,map,tf map->odom (AMCL) + odom->base_link (estimate),-6.1075,-1.0503,-1.5806,,
1791052966421301842,11.767,map,tf map->odom (AMCL) + odom->base_link (estimate),-6.1075,-1.0507,-1.5697,,
1791052966453466210,11.783,map,tf map->odom (AMCL) + odom->base_link (estimate),-6.1075,-1.0511,-1.5587,,
1791052966509398097,11.800,map,tf map->odom (AMCL) + odom->base_link (estimate),-6.1075,-1.0516,-1.5477,,
1791052966533169006,11.817,map,tf map->odom (AMCL) + odom->base_link (estimate),-6.1075,-1.0520,-1.5366,,
1791052966591487251,11.833,map,tf map->odom (AMCL) + odom->base_link (estimate),-6.1075,-1.0524,-1.5254,,
1791052966615141286,11.850,map,tf map->odom (AMCL) + odom->base_link (estimate),-6.1074,-1.0528,-1.5142,,
1791052966675723973,11.867,map,tf map->odom (AMCL) + odom->base_link (estimate),-6.1074,-1.0532,-1.5030,,
1791052966701244432,11.883,map,tf map->odom (AMCL) + odom->base_link (estimate),-6.1074,-1.0537,-1.4918,,
1791052966762831511,11.900,map,tf map->odom (AMCL) + odom->base_link (estimate),-6.1073,-1.0541,-1.4810,,
1791052966788253795,11.917,map,tf map->odom (AMCL) + odom->base_link (estimate),-6.1073,-1.0545,-1.4703,,
1791052966849829599,11.933,map,tf map->odom (AMCL) + odom->base_link (estimate),-6.1072,-1.0550,-1.4598,,
1791052966872398484,11.950,map,tf map->odom (AMCL) + odom->base_link (estimate),-6.1072,-1.0554,-1.4494,,
1791052966933188429,11.967,map,tf map->odom (AMCL) + odom->base_link (estimate),-6.1071,-1.0558,-1.4390,,
1791052966957251938,11.983,map,tf map->odom (AMCL) + odom->base_link (estimate),-6.1071,-1.0563,-1.4288,,
1791052967016822258,12.000,map,tf map->odom (AMCL) + odom->base_link (estimate),-6.1070,-1.0567,-1.4185,,
1791052967039817485,12.017,map,tf map->odom (AMCL) + odom->base_link (estimate),-6.1069,-1.0571,-1.4083,,
1791052967107517997,12.033,map,tf map->odom (AMCL) + odom->base_link (estimate),-6.1068,-1.0576,-1.3980,,
1791052967133302182,12.050,map,tf map->odom (AMCL) + odom->base_link (estimate),-6.1068,-1.0580,-1.3878,,
1791052967190735201,12.067,map,tf map->odom (AMCL) + odom->base_link (estimate),-6.1067,-1.0584,-1.3776,,
1791052967217679795,12.083,map,tf map->odom (AMCL) + odom->base_link (estimate),-6.1066,-1.0589,-1.3674,,
1791052967275547223,12.100,map,tf map->odom (AMCL) + odom->base_link (estimate),-6.1065,-1.0593,-1.3571,,
1791052967297421182,12.117,map,tf map->odom (AMCL) + odom->base_link (estimate),-6.1064,-1.0598,-1.3469,,
1791052967355514111,12.133,map,tf map->odom (AMCL) + odom->base_link (estimate),-6.1063,-1.0602,-1.3368,,
1791052967379509329,12.150,map,tf map->odom (AMCL) + odom->base_link (estimate),-6.1062,-1.0607,-1.3270,,
1791052967438899982,12.167,map,tf map->odom (AMCL) + odom->base_link (estimate),-6.1060,-1.0611,-1.3174,,
1791052967463673725,12.183,map,tf map->odom (AMCL) + odom->base_link (estimate),-6.1059,-1.0616,-1.3080,,
1791052967521966762,12.200,map,tf map->odom (AMCL) + odom->base_link (estimate),-6.1058,-1.0620,-1.2987,,
1791052967546300138,12.217,map,tf map->odom (AMCL) + odom->base_link (estimate),-6.1057,-1.0625,-1.2895,,
1791052967606181025,12.233,map,tf map->odom (AMCL) + odom->base_link (estimate),-6.1055,-1.0629,-1.2802,,
1791052967629300184,12.250,map,tf map->odom (AMCL) + odom->base_link (estimate),-6.1054,-1.0634,-1.2706,,
1791052967685825521,12.267,map,tf map->odom (AMCL) + odom->base_link (estimate),-6.1052,-1.0638,-1.2609,,
1791052967714166197,12.283,map,tf map->odom (AMCL) + odom->base_link (estimate),-6.1051,-1.0643,-1.2510,,
1791052967767315909,12.300,map,tf map->odom (AMCL) + odom->base_link (estimate),-6.1049,-1.0647,-1.2409,,
1791052967791754702,12.317,map,tf map->odom (AMCL) + odom->base_link (estimate),-6.1048,-1.0652,-1.2308,,
1791052967849644405,12.333,map,tf map->odom (AMCL) + odom->base_link (estimate),-6.1046,-1.0656,-1.2207,,
1791052967872926915,12.350,map,tf map->odom (AMCL) + odom->base_link (estimate),-6.1044,-1.0661,-1.2105,,
1791052967932063651,12.367,map,tf map->odom (AMCL) + odom->base_link (estimate),-6.1043,-1.0665,-1.2002,,
1791052967959287003,12.383,map,tf map->odom (AMCL) + odom->base_link (estimate),-6.1041,-1.0669,-1.1900,,
1791052968016688489,12.400,map,tf map->odom (AMCL) + odom->base_link (estimate),-6.1039,-1.0674,-1.1797,,
1791052968039733674,12.417,map,tf map->odom (AMCL) + odom->base_link (estimate),-6.1037,-1.0678,-1.1695,,
1791052968096249569,12.433,map,tf map->odom (AMCL) + odom->base_link (estimate),-6.1035,-1.0684,-1.1591,,
1791052968121506029,12.450,map,tf map->odom (AMCL) + odom->base_link (estimate),-6.1421,-1.1199,-1.1790,,
1791052968176708523,12.467,map,tf map->odom (AMCL) + odom->base_link (estimate),-6.1417,-1.1208,-1.1681,,
1791052968201439458,12.483,map,tf map->odom (AMCL) + odom->base_link (estimate),-6.1414,-1.1216,-1.1569,,
1791052968257945361,12.500,map,tf map->odom (AMCL) + odom->base_link (estimate),-6.1410,-1.1224,-1.1457,,
1791052968280645604,12.517,map,tf map->odom (AMCL) + odom->base_link (estimate),-6.1406,-1.1233,-1.1343,,
1791052968348604891,12.533,map,tf map->odom (AMCL) + odom->base_link (estimate),-6.1401,-1.1243,-1.1228,,
1791052968371588293,12.550,map,tf map->odom (AMCL) + odom->base_link (estimate),-6.1397,-1.1251,-1.1113,,
1791052968431828421,12.567,map,tf map->odom (AMCL) + odom->base_link (estimate),-6.1394,-1.1257,-1.0997,,
1791052968456745531,12.583,map,tf map->odom (AMCL) + odom->base_link (estimate),-6.1391,-1.1263,-1.0882,,
1791052968510573025,12.600,map,tf map->odom (AMCL) + odom->base_link (estimate),-6.1388,-1.1267,-1.0766,,
1791052968535750285,12.617,map,tf map->odom (AMCL) + odom->base_link (estimate),-6.1386,-1.1272,-1.0650,,
1791052968595002980,12.633,map,tf map->odom (AMCL) + odom->base_link (estimate),-6.1383,-1.1276,-1.0534,,
1791052968617112798,12.650,map,tf map->odom (AMCL) + odom->base_link (estimate),-6.1381,-1.1281,-1.0418,,
1791052968674078776,12.667,map,tf map->odom (AMCL) + odom->base_link (estimate),-6.1378,-1.1285,-1.0302,,
1791052968697720986,12.683,map,tf map->odom (AMCL) + odom->base_link (estimate),-6.1376,-1.1289,-1.0186,,
1791052968753986356,12.700,map,tf map->odom (AMCL) + odom->base_link (estimate),-6.1373,-1.1293,-1.0070,,
1791052968776862599,12.717,map,tf map->odom (AMCL) + odom->base_link (estimate),-6.1370,-1.1297,-0.9955,,
1791052968834830769,12.733,map,tf map->odom (AMCL) + odom->base_link (estimate),-6.1368,-1.1301,-0.9839,,
1791052968860844303,12.750,map,tf map->odom (AMCL) + odom->base_link (estimate),-6.1365,-1.1305,-0.9725,,
1791052968911435598,12.767,map,tf map->odom (AMCL) + odom->base_link (estimate),-6.1362,-1.1309,-0.9613,,
1791052968943394908,12.783,map,tf map->odom (AMCL) + odom->base_link (estimate),-6.1360,-1.1313,-0.9504,,
1791052968994738969,12.800,map,tf map->odom (AMCL) + odom->base_link (estimate),-6.1358,-1.1315,-0.9396,,
1791052969018318204,12.817,map,tf map->odom (AMCL) + odom->base_link (estimate),-6.1357,-1.1316,-0.9286,,
1791052969075251274,12.833,map,tf map->odom (AMCL) + odom->base_link (estimate),-6.1357,-1.1315,-0.9174,,
1791052969099157117,12.850,map,tf map->odom (AMCL) + odom->base_link (estimate),-6.1358,-1.1315,-0.9062,,
1791052969152380895,12.867,map,tf map->odom (AMCL) + odom->base_link (estimate),-6.1357,-1.1316,-0.8949,,
1791052969178410105,12.883,map,tf map->odom (AMCL) + odom->base_link (estimate),-6.1354,-1.1319,-0.8836,,
1791052969233028958,12.900,map,tf map->odom (AMCL) + odom->base_link (estimate),-6.1349,-1.1325,-0.8723,,
1791052969256067084,12.917,map,tf map->odom (AMCL) + odom->base_link (estimate),-6.1341,-1.1335,-0.8610,,
1791052969312386720,12.933,map,tf map->odom (AMCL) + odom->base_link (estimate),-6.1330,-1.1348,-0.8497,,
1791052969337210697,12.950,map,tf map->odom (AMCL) + odom->base_link (estimate),-6.1316,-1.1364,-0.8383,,
1791052969387249516,12.967,map,tf map->odom (AMCL) + odom->base_link (estimate),-6.1297,-1.1384,-0.8267,,
1791052969411616993,12.983,map,tf map->odom (AMCL) + odom->base_link (estimate),-6.1273,-1.1409,-0.8149,,
1791052969466418171,13.000,map,tf map->odom (AMCL) + odom->base_link (estimate),-6.1246,-1.1438,-0.8029,,
1791052969488212747,13.017,map,tf map->odom (AMCL) + odom->base_link (estimate),-6.1214,-1.1470,-0.7907,,
1791052969552034751,13.033,map,tf map->odom (AMCL) + odom->base_link (estimate),-6.1178,-1.1505,-0.7782,,
1791052969577268477,13.050,map,tf map->odom (AMCL) + odom->base_link (estimate),-6.1137,-1.1544,-0.7655,,
1791052969628089488,13.067,map,tf map->odom (AMCL) + odom->base_link (estimate),-6.1092,-1.1586,-0.7524,,
1791052969649594948,13.083,map,tf map->odom (AMCL) + odom->base_link (estimate),-6.1043,-1.1631,-0.7390,,
1791052969705294001,13.100,map,tf map->odom (AMCL) + odom->base_link (estimate),-6.0989,-1.1679,-0.7253,,
1791052969731080661,13.117,map,tf map->odom (AMCL) + odom->base_link (estimate),-6.0930,-1.1729,-0.7112,,
1791052969785555139,13.133,map,tf map->odom (AMCL) + odom->base_link (estimate),-6.0867,-1.1782,-0.6967,,
1791052969809596190,13.150,map,tf map->odom (AMCL) + odom->base_link (estimate),-6.0799,-1.1837,-0.6819,,
1791052969861929610,13.167,map,tf map->odom (AMCL) + odom->base_link (estimate),-6.0726,-1.1894,-0.6667,,
1791052969885646894,13.183,map,tf map->odom (AMCL) + odom->base_link (estimate),-6.0648,-1.1953,-0.6511,,
1791052969939938864,13.200,map,tf map->odom (AMCL) + odom->base_link (estimate),-6.0566,-1.2014,-0.6351,,
1791052969964723424,13.217,map,tf map->odom (AMCL) + odom->base_link (estimate),-6.0478,-1.2076,-0.6187,,
1791052970019639552,13.233,map,tf map->odom (AMCL) + odom->base_link (estimate),-6.0385,-1.2140,-0.6019,,
1791052970041441920,13.250,map,tf map->odom (AMCL) + odom->base_link (estimate),-6.0287,-1.2204,-0.5847,,
1791052970096762848,13.267,map,tf map->odom (AMCL) + odom->base_link (estimate),-6.0185,-1.2269,-0.5672,,
1791052970126047691,13.283,map,tf map->odom (AMCL) + odom->base_link (estimate),-6.0079,-1.2334,-0.5496,,
1791052970172836469,13.300,map,tf map->odom (AMCL) + odom->base_link (estimate),-5.9971,-1.2397,-0.5322,,
1791052970197087162,13.317,map,tf map->odom (AMCL) + odom->base_link (estimate),-5.9861,-1.2459,-0.5149,,
1791052970251009823,13.333,map,tf map->odom (AMCL) + odom->base_link (estimate),-5.9749,-1.2520,-0.4978,,
1791052970276005625,13.350,map,tf map->odom (AMCL) + odom->base_link (estimate),-5.9844,-1.3057,-0.5371,,
1791052970337914528,13.367,map,tf map->odom (AMCL) + odom->base_link (estimate),-5.9733,-1.3120,-0.5203,,
1791052970363186329,13.383,map,tf map->odom (AMCL) + odom->base_link (estimate),-5.9620,-1.3182,-0.5038,,
1791052970422495933,13.400,map,tf map->odom (AMCL) + odom->base_link (estimate),-5.9506,-1.3242,-0.4873,,
1791052970448127034,13.417,map,tf map->odom (AMCL) + odom->base_link (estimate),-5.9392,-1.3301,-0.4710,,
1791052970503827637,13.433,map,tf map->odom (AMCL) + odom->base_link (estimate),-5.9276,-1.3357,-0.4548,,
1791052970529531639,13.450,map,tf map->odom (AMCL) + odom->base_link (estimate),-5.9158,-1.3412,-0.4386,,
1791052970588072242,13.467,map,tf map->odom (AMCL) + odom->base_link (estimate),-5.9040,-1.3465,-0.4225,,
1791052970615084844,13.483,map,tf map->odom (AMCL) + odom->base_link (estimate),-5.8921,-1.3516,-0.4065,,
1791052970671917747,13.500,map,tf map->odom (AMCL) + odom->base_link (estimate),-5.8802,-1.3565,-0.3905,,
1791052970698120248,13.517,map,tf map->odom (AMCL) + odom->base_link (estimate),-5.8681,-1.3612,-0.3746,,
1791052970765287352,13.533,map,tf map->odom (AMCL) + odom->base_link (estimate),-5.8560,-1.3658,-0.3586,,
1791052970793600354,13.550,map,tf map->odom (AMCL) + odom->base_link (estimate),-5.8437,-1.3701,-0.3427,,
1791052970850629157,13.567,map,tf map->odom (AMCL) + odom->base_link (estimate),-5.8314,-1.3743,-0.3268,,
1791052970877496058,13.583,map,tf map->odom (AMCL) + odom->base_link (estimate),-5.8191,-1.3782,-0.3111,,
1791052970937119862,13.600,map,tf map->odom (AMCL) + odom->base_link (estimate),-5.8067,-1.3820,-0.2955,,
1791052970967371163,13.617,map,tf map->odom (AMCL) + odom->base_link (estimate),-5.7943,-1.3856,-0.2802,,
1791052971023346966,13.633,map,tf map->odom (AMCL) + odom->base_link (estimate),-5.7818,-1.3889,-0.2651,,
1791052971049860568,13.650,map,tf map->odom (AMCL) + odom->base_link (estimate),-5.7692,-1.3921,-0.2502,,
1791052971103915471,13.667,map,tf map->odom (AMCL) + odom->base_link (estimate),-5.7566,-1.3951,-0.2354,,
1791052971129411172,13.683,map,tf map->odom (AMCL) + odom->base_link (estimate),-5.7440,-1.3980,-0.2210,,
1791052971186950876,13.700,map,tf map->odom (AMCL) + odom->base_link (estimate),-5.7313,-1.4006,-0.2069,,
1791052971216914677,13.717,map,tf map->odom (AMCL) + odom->base_link (estimate),-5.7186,-1.4031,-0.1931,,
1791052971276253181,13.733,map,tf map->odom (AMCL) + odom->base_link (estimate),-5.7058,-1.4054,-0.1795,,
1791052971301498982,13.750,map,tf map->odom (AMCL) + odom->base_link (estimate),-5.6930,-1.4075,-0.1664,,
1791052971359996763,13.767,map,tf map->odom (AMCL) + odom->base_link (estimate),-5.6802,-1.4095,-0.1537,,
1791052971396616509,13.783,map,tf map->odom (AMCL) + odom->base_link (estimate),-5.6673,-1.4113,-0.1412,,
1791052971447093892,13.800,map,tf map->odom (AMCL) + odom->base_link (estimate),-5.6544,-1.4130,-0.1292,,
1791052971471635259,13.817,map,tf map->odom (AMCL) + odom->base_link (estimate),-5.6414,-1.4145,-0.1175,,
1791052971529780521,13.833,map,tf map->odom (AMCL) + odom->base_link (estimate),-5.6285,-1.4159,-0.1065,,
1791052971556572019,13.850,map,tf map->odom (AMCL) + odom->base_link (estimate),-5.6155,-1.4171,-0.0961,,
1791052971611973911,13.867,map,tf map->odom (AMCL) + odom->base_link (estimate),-5.6025,-1.4183,-0.0864,,
1791052971636955099,13.883,map,tf map->odom (AMCL) + odom->base_link (estimate),-5.5895,-1.4192,-0.0773,,
1791052971694182477,13.900,map,tf map->odom (AMCL) + odom->base_link (estimate),-5.5764,-1.4201,-0.0688,,
1791052971719929884,13.917,map,tf map->odom (AMCL) + odom->base_link (estimate),-5.5634,-1.4209,-0.0610,,
1791052971780817020,13.933,map,tf map->odom (AMCL) + odom->base_link (estimate),-5.5502,-1.4216,-0.0538,,
1791052971807184471,13.950,map,tf map->odom (AMCL) + odom->base_link (estimate),-5.5371,-1.4223,-0.0470,,
1791052971867291010,13.967,map,tf map->odom (AMCL) + odom->base_link (estimate),-5.5239,-1.4228,-0.0406,,
1791052971893514883,13.983,map,tf map->odom (AMCL) + odom->base_link (estimate),-5.5106,-1.4232,-0.0344,,
1791052971952570841,14.000,map,tf map->odom (AMCL) + odom->base_link (estimate),-5.4974,-1.4236,-0.0283,,
1791052971978665114,14.017,map,tf map->odom (AMCL) + odom->base_link (estimate),-5.4841,-1.4239,-0.0224,,
1791052972041484970,14.033,map,tf map->odom (AMCL) + odom->base_link (estimate),-5.4709,-1.4241,-0.0166,,
1791052972069017026,14.050,map,tf map->odom (AMCL) + odom->base_link (estimate),-5.4576,-1.4243,-0.0108,,
1791052972125955749,14.067,map,tf map->odom (AMCL) + odom->base_link (estimate),-5.4443,-1.4243,-0.0053,,
1791052972151586536,14.083,map,tf map->odom (AMCL) + odom->base_link (estimate),-5.4311,-1.4243,0.0000,,
1791052972210731357,14.100,map,tf map->odom (AMCL) + odom->base_link (estimate),-5.4178,-1.4243,0.0050,,
1791052972235659927,14.117,map,tf map->odom (AMCL) + odom->base_link (estimate),-5.4045,-1.4241,0.0098,,
1791052972293186942,14.133,map,tf map->odom (AMCL) + odom->base_link (estimate),-5.3912,-1.4240,0.0144,,
1791052972317553379,14.150,map,tf map->odom (AMCL) + odom->base_link (estimate),-5.3779,-1.4237,0.0189,,
1791052972381715965,14.167,map,tf map->odom (AMCL) + odom->base_link (estimate),-5.3647,-1.4234,0.0234,,
1791052972409288558,14.183,map,tf map->odom (AMCL) + odom->base_link (estimate),-5.3514,-1.4230,0.0277,,
1791052972464815957,14.200,map,tf map->odom (AMCL) + odom->base_link (estimate),-5.3381,-1.4226,0.0320,,
1791052972492426292,14.217,map,tf map->odom (AMCL) + odom->base_link (estimate),-5.3248,-1.4221,0.0363,,
1791052972546744854,14.233,map,tf map->odom (AMCL) + odom->base_link (estimate),-5.3115,-1.4216,0.0406,,
1791052972573988155,14.250,map,tf map->odom (AMCL) + odom->base_link (estimate),-5.2982,-1.4210,0.0448,,
1791052972628663367,14.267,map,tf map->odom (AMCL) + odom->base_link (estimate),-5.2849,-1.4203,0.0490,,
1791052972661175546,14.283,map,tf map->odom (AMCL) + odom->base_link (estimate),-5.2717,-1.4196,0.0530,,
1791052972710889805,14.300,map,tf map->odom (AMCL) + odom->base_link (estimate),-5.2584,-1.4189,0.0568,,
1791052972737757985,14.317,map,tf map->odom (AMCL) + odom->base_link (estimate),-5.2451,-1.4181,0.0603,,
1791052972796818337,14.333,map,tf map->odom (AMCL) + odom->base_link (estimate),-5.2318,-1.4172,0.0637,,
1791052972823252785,14.350,map,tf map->odom (AMCL) + odom->base_link (estimate),-5.1861,-1.4015,0.0694,,
1791052972883283341,14.367,map,tf map->odom (AMCL) + odom->base_link (estimate),-5.1728,-1.4005,0.0725,,
1791052972909205679,14.383,map,tf map->odom (AMCL) + odom->base_link (estimate),-5.1596,-1.3995,0.0756,,
1791052972968711943,14.400,map,tf map->odom (AMCL) + odom->base_link (estimate),-5.1463,-1.3984,0.0785,,
1791052972993720589,14.417,map,tf map->odom (AMCL) + odom->base_link (estimate),-5.1330,-1.3974,0.0811,,
1791052973053196999,14.433,map,tf map->odom (AMCL) + odom->base_link (estimate),-5.1198,-1.3962,0.0837,,
1791052973077959725,14.450,map,tf map->odom (AMCL) + odom->base_link (estimate),-5.1065,-1.3951,0.0861,,
1791052973137605773,14.467,map,tf map->odom (AMCL) + odom->base_link (estimate),-5.0933,-1.3939,0.0884,,
1791052973161443225,14.483,map,tf map->odom (AMCL) + odom->base_link (estimate),-5.0800,-1.3927,0.0907,,
1791052973221461700,14.500,map,tf map->odom (AMCL) + odom->base_link (estimate),-5.0667,-1.3915,0.0929,,
1791052973247777631,14.517,map,tf map->odom (AMCL) + odom->base_link (estimate),-5.0535,-1.3902,0.0950,,
1791052973310675067,14.533,map,tf map->odom (AMCL) + odom->base_link (estimate),-5.0402,-1.3889,0.0969,,
1791052973336227875,14.550,map,tf map->odom (AMCL) + odom->base_link (estimate),-5.0269,-1.3876,0.0986,,
1791052973394675970,14.567,map,tf map->odom (AMCL) + odom->base_link (estimate),-5.0137,-1.3863,0.1002,,
1791052973418948751,14.583,map,tf map->odom (AMCL) + odom->base_link (estimate),-5.0004,-1.3849,0.1017,,
1791052973479294820,14.600,map,tf map->odom (AMCL) + odom->base_link (estimate),-4.9872,-1.3835,0.1033,,
1791052973503012557,14.617,map,tf map->odom (AMCL) + odom->base_link (estimate),-4.9739,-1.3821,0.1049,,
1791052973563749923,14.633,map,tf map->odom (AMCL) + odom->base_link (estimate),-4.9606,-1.3807,0.1065,,
1791052973588727118,14.650,map,tf map->odom (AMCL) + odom->base_link (estimate),-4.9474,-1.3793,0.1081,,
1791052973643968757,14.667,map,tf map->odom (AMCL) + odom->base_link (estimate),-4.9341,-1.3778,0.1097,,
1791052973669304399,14.683,map,tf map->odom (AMCL) + odom->base_link (estimate),-4.9209,-1.3763,0.1113,,
1791052973726272975,14.700,map,tf map->odom (AMCL) + odom->base_link (estimate),-4.9076,-1.3748,0.1129,,
1791052973758594148,14.717,map,tf map->odom (AMCL) + odom->base_link (estimate),-4.8943,-1.3733,0.1144,,
1791052973816746100,14.733,map,tf map->odom (AMCL) + odom->base_link (estimate),-4.8811,-1.3718,0.1159,,
1791052973843040664,14.750,map,tf map->odom (AMCL) + odom->base_link (estimate),-4.8678,-1.3702,0.1174,,
1791052973900125561,14.767,map,tf map->odom (AMCL) + odom->base_link (estimate),-4.8546,-1.3686,0.1189,,
1791052973934749584,14.783,map,tf map->odom (AMCL) + odom->base_link (estimate),-4.8413,-1.3670,0.1204,,
1791052973989189958,14.800,map,tf map->odom (AMCL) + odom->base_link (estimate),-4.8281,-1.3654,0.1218,,
1791052974019282268,14.817,map,tf map->odom (AMCL) + odom->base_link (estimate),-4.8148,-1.3637,0.1232,,
1791052974077214758,14.833,map,tf map->odom (AMCL) + odom->base_link (estimate),-4.8016,-1.3621,0.1246,,
1791052974113539958,14.850,map,tf map->odom (AMCL) + odom->base_link (estimate),-4.7884,-1.3604,0.1260,,
1791052974163842911,14.867,map,tf map->odom (AMCL) + odom->base_link (estimate),-4.7751,-1.3587,0.1274,,
1791052974188747517,14.883,map,tf map->odom (AMCL) + odom->base_link (estimate),-4.7619,-1.3570,0.1288,,
1791052974246157214,14.900,map,tf map->odom (AMCL) + odom->base_link (estimate),-4.7487,-1.3553,0.1301,,
1791052974269800565,14.917,map,tf map->odom (AMCL) + odom->base_link (estimate),-4.7354,-1.3535,0.1315,,
1791052974331952151,14.933,map,tf map->odom (AMCL) + odom->base_link (estimate),-4.7222,-1.3517,0.1328,,
1791052974357586632,14.950,map,tf map->odom (AMCL) + odom->base_link (estimate),-4.7090,-1.3500,0.1340,,
1791052974418787684,14.967,map,tf map->odom (AMCL) + odom->base_link (estimate),-4.6958,-1.3482,0.1353,,
1791052974443958780,14.983,map,tf map->odom (AMCL) + odom->base_link (estimate),-4.6825,-1.3463,0.1365,,
1791052974502904808,15.000,map,tf map->odom (AMCL) + odom->base_link (estimate),-4.6693,-1.3445,0.1377,,
1791052974533246832,15.017,map,tf map->odom (AMCL) + odom->base_link (estimate),-4.6561,-1.3427,0.1387,,
1791052974603208977,15.033,map,tf map->odom (AMCL) + odom->base_link (estimate),-4.6429,-1.3408,0.1399,,
1791052974630952707,15.050,map,tf map->odom (AMCL) + odom->base_link (estimate),-4.6297,-1.3389,0.1411,,
1791052974682449519,15.067,map,tf map->odom (AMCL) + odom->base_link (estimate),-4.6165,-1.3370,0.1422,,
1791052974709920269,15.083,map,tf map->odom (AMCL) + odom->base_link (estimate),-4.6032,-1.3351,0.1434,,
1791052974767785264,15.100,map,tf map->odom (AMCL) + odom->base_link (estimate),-4.5900,-1.3332,0.1445,,
1791052974796336050,15.117,map,tf map->odom (AMCL) + odom->base_link (estimate),-4.5768,-1.3313,0.1457,,
1791052974858001285,15.133,map,tf map->odom (AMCL) + odom->base_link (estimate),-4.5636,-1.3293,0.1468,,
1791052974885500792,15.150,map,tf map->odom (AMCL) + odom->base_link (estimate),-4.5504,-1.3274,0.1480,,
1791052974946247044,15.167,map,tf map->odom (AMCL) + odom->base_link (estimate),-4.5372,-1.3254,0.1491,,
1791052974971155445,15.183,map,tf map->odom (AMCL) + odom->base_link (estimate),-4.5240,-1.3234,0.1502,,
1791052975029804032,15.200,map,tf map->odom (AMCL) + odom->base_link (estimate),-4.5108,-1.3214,0.1513,,
1791052975057699727,15.217,map,tf map->odom (AMCL) + odom->base_link (estimate),-4.4976,-1.3193,0.1524,,
1791052975115603861,15.233,map,tf map->odom (AMCL) + odom->base_link (estimate),-4.4844,-1.3173,0.1533,,
1791052975148863288,15.250,map,tf map->odom (AMCL) + odom->base_link (estimate),-4.4713,-1.3152,0.1542,,
1791052975202526460,15.267,map,tf map->odom (AMCL) + odom->base_link (estimate),-4.4581,-1.3132,0.1551,,
1791052975236703872,15.283,map,tf map->odom (AMCL) + odom->base_link (estimate),-4.4449,-1.3111,0.1560,,
1791052975285026577,15.300,map,tf map->odom (AMCL) + odom->base_link (estimate),-4.4317,-1.3090,0.1568,,
1791052975312222152,15.317,map,tf map->odom (AMCL) + odom->base_link (estimate),-4.4185,-1.3069,0.1576,,
1791052975371652633,15.333,map,tf map->odom (AMCL) + odom->base_link (estimate),-4.4053,-1.3048,0.1584,,
1791052975398654706,15.350,map,tf map->odom (AMCL) + odom->base_link (estimate),-4.3922,-1.3027,0.1591,,
1791052975459772086,15.367,map,tf map->odom (AMCL) + odom->base_link (estimate),-4.3790,-1.3006,0.1599,,
1791052975492825031,15.383,map,tf map->odom (AMCL) + odom->base_link (estimate),-4.3658,-1.2984,0.1606,,
1791052975543813627,15.400,map,tf map->odom (AMCL) + odom->base_link (estimate),-4.3526,-1.2963,0.1612,,
1791052975570632382,15.417,map,tf map->odom (AMCL) + odom->base_link (estimate),-4.3394,-1.2941,0.1615,,
1791052975625776372,15.433,map,tf map->odom (AMCL) + odom->base_link (estimate),-4.3263,-1.2920,0.1615,,
1791052975654594146,15.450,map,tf map->odom (AMCL) + odom->base_link (estimate),-4.3131,-1.2899,0.1612,,
1791052975713843206,15.467,map,tf map->odom (AMCL) + odom->base_link (estimate),-4.2999,-1.2877,0.1606,,
1791052975741074127,15.483,map,tf map->odom (AMCL) + odom->base_link (estimate),-4.2867,-1.2856,0.1599,,
1791052975801412209,15.500,map,tf map->odom (AMCL) + odom->base_link (estimate),-4.2736,-1.2835,0.1590,,
1791052975826553650,15.517,map,tf map->odom (AMCL) + odom->base_link (estimate),-4.2604,-1.2814,0.1580,,
1791052975890590929,15.533,map,tf map->odom (AMCL) + odom->base_link (estimate),-4.2943,-1.1996,0.1916,,
1791052975917941765,15.550,map,tf map->odom (AMCL) + odom->base_link (estimate),-4.2811,-1.1971,0.1903,,
1791052975973941535,15.567,map,tf map->odom (AMCL) + odom->base_link (estimate),-4.2680,-1.1946,0.1888,,
1791052976001615572,15.583,map,tf map->odom (AMCL) + odom->base_link (estimate),-4.2549,-1.1921,0.1873,,
1791052976062406456,15.600,map,tf map->odom (AMCL) + odom->base_link (estimate),-4.2418,-1.1896,0.1855,,
1791052976087742897,15.617,map,tf map->odom (AMCL) + odom->base_link (estimate),-4.2286,-1.1872,0.1833,,
1791052976149571880,15.633,map,tf map->odom (AMCL) + odom->base_link (estimate),-4.2155,-1.1848,0.1808,,
1791052976177816239,15.650,map,tf map->odom (AMCL) + odom->base_link (estimate),-4.2023,-1.1824,0.1780,,
1791052976233961884,15.667,map,tf map->odom (AMCL) + odom->base_link (estimate),-4.1892,-1.1801,0.1749,,
1791052976259879529,15.683,map,tf map->odom (AMCL) + odom->base_link (estimate),-4.1760,-1.1778,0.1716,,
1791052976320553493,15.700,map,tf map->odom (AMCL) + odom->base_link (estimate),-4.1628,-1.1756,0.1681,,
1791052976346952995,15.717,map,tf map->odom (AMCL) + odom->base_link (estimate),-4.1496,-1.1734,0.1644,,
1791052976406963382,15.733,map,tf map->odom (AMCL) + odom->base_link (estimate),-4.1364,-1.1712,0.1605,,
1791052976435429099,15.750,map,tf map->odom (AMCL) + odom->base_link (estimate),-4.1232,-1.1692,0.1565,,
1791052976487737859,15.767,map,tf map->odom (AMCL) + odom->base_link (estimate),-4.1100,-1.1671,0.1523,,
1791052976521755816,15.783,map,tf map->odom (AMCL) + odom->base_link (estimate),-4.0968,-1.1651,0.1479,,
1791052976572610418,15.800,map,tf map->odom (AMCL) + odom->base_link (estimate),-4.0835,-1.1632,0.1436,,
1791052976600488540,15.817,map,tf map->odom (AMCL) + odom->base_link (estimate),-4.0705,-1.1614,0.1392,,
1791052976659513646,15.833,map,tf map->odom (AMCL) + odom->base_link (estimate),-4.0575,-1.1596,0.1348,,
1791052976687218536,15.850,map,tf map->odom (AMCL) + odom->base_link (estimate),-4.0443,-1.1579,0.1303,,
1791052976743248060,15.867,map,tf map->odom (AMCL) + odom->base_link (estimate),-4.0311,-1.1562,0.1257,,
1791052976768155263,15.883,map,tf map->odom (AMCL) + odom->base_link (estimate),-4.0179,-1.1546,0.1210,,
1791052976827019417,15.900,map,tf map->odom (AMCL) + odom->base_link (estimate),-4.0046,-1.1531,0.1162,,
1791052976855978773,15.917,map,tf map->odom (AMCL) + odom->base_link (estimate),-3.9913,-1.1516,0.1113,,
1791052976915147557,15.933,map,tf map->odom (AMCL) + odom->base_link (estimate),-3.9781,-1.1502,0.1064,,
1791052976941415562,15.950,map,tf map->odom (AMCL) + odom->base_link (estimate),-3.9648,-1.1488,0.1015,,
1791052977001650503,15.967,map,tf map->odom (AMCL) + odom->base_link (estimate),-3.9515,-1.1476,0.0966,,
1791052977028276157,15.983,map,tf map->odom (AMCL) + odom->base_link (estimate),-3.9383,-1.1463,0.0918,,
1791052977081392472,16.000,map,tf map->odom (AMCL) + odom->base_link (estimate),-3.9250,-1.1452,0.0870,,
1791052977106216602,16.017,map,tf map->odom (AMCL) + odom->base_link (estimate),-3.9117,-1.1441,0.0822,,
1791052977172535065,16.033,map,tf map->odom (AMCL) + odom->base_link (estimate),-3.8984,-1.1431,0.0775,,
1791052977196871647,16.050,map,tf map->odom (AMCL) + odom->base_link (estimate),-3.8851,-1.1421,0.0728,,
1791052977256450499,16.067,map,tf map->odom (AMCL) + odom->base_link (estimate),-3.8718,-1.1412,0.0680,,
1791052977283926143,16.083,map,tf map->odom (AMCL) + odom->base_link (estimate),-3.8585,-1.1404,0.0633,,
1791052977338232024,16.100,map,tf map->odom (AMCL) + odom->base_link (estimate),-3.8452,-1.1396,0.0586,,
1791052977364381212,16.117,map,tf map->odom (AMCL) + odom->base_link (estimate),-3.8319,-1.1389,0.0539,,
1791052977424870261,16.133,map,tf map->odom (AMCL) + odom->base_link (estimate),-3.8188,-1.1382,0.0493,,
1791052977451291829,16.150,map,tf map->odom (AMCL) + odom->base_link (estimate),-3.8057,-1.1376,0.0446,,
1791052977512983325,16.167,map,tf map->odom (AMCL) + odom->base_link (estimate),-3.7925,-1.1371,0.0400,,
1791052977541118052,16.183,map,tf map->odom (AMCL) + odom->base_link (estimate),-3.7792,-1.1366,0.0353,,
1791052977600259878,16.200,map,tf map->odom (AMCL) + odom->base_link (estimate),-3.7659,-1.1362,0.0308,,
1791052977625405613,16.217,map,tf map->odom (AMCL) + odom->base_link (estimate),-3.7526,-1.1359,0.0264,,
1791052977680434779,16.233,map,tf map->odom (AMCL) + odom->base_link (estimate),-3.7393,-1.1356,0.0221,,
1791052977705359754,16.250,map,tf map->odom (AMCL) + odom->base_link (estimate),-3.7260,-1.1354,0.0179,,
1791052977765162461,16.267,map,tf map->odom (AMCL) + odom->base_link (estimate),-3.7127,-1.1352,0.0138,,
1791052977798064639,16.283,map,tf map->odom (AMCL) + odom->base_link (estimate),-3.6994,-1.1350,0.0097,,
1791052977849889145,16.300,map,tf map->odom (AMCL) + odom->base_link (estimate),-3.6860,-1.1350,0.0058,,
1791052977877151817,16.317,map,tf map->odom (AMCL) + odom->base_link (estimate),-3.6727,-1.1349,0.0021,,
1791052977940540496,16.333,map,tf map->odom (AMCL) + odom->base_link (estimate),-3.6594,-1.1350,-0.0013,,
1791052977968217029,16.350,map,tf map->odom (AMCL) + odom->base_link (estimate),-3.6461,-1.1350,-0.0050,,
1791052978025487141,16.367,map,tf map->odom (AMCL) + odom->base_link (estimate),-3.6328,-1.1352,-0.0086,,
1791052978053294872,16.383,map,tf map->odom (AMCL) + odom->base_link (estimate),-3.6195,-1.1353,-0.0119,,
1791052978116307331,16.400,map,tf map->odom (AMCL) + odom->base_link (estimate),-3.6061,-1.1355,-0.0151,,
1791052978144029893,16.417,map,tf map->odom (AMCL) + odom->base_link (estimate),-3.5928,-1.1358,-0.0182,,
1791052978199631777,16.433,map,tf map->odom (AMCL) + odom->base_link (estimate),-3.5795,-1.1361,-0.0211,,
1791052978225733538,16.450,map,tf map->odom (AMCL) + odom->base_link (estimate),-3.5662,-1.1364,-0.0240,,
1791052978280336461,16.467,map,tf map->odom (AMCL) + odom->base_link (estimate),-3.5529,-1.1367,-0.0268,,
1791052978304280349,16.483,map,tf map->odom (AMCL) + odom->base_link (estimate),-3.5395,-1.1371,-0.0295,,
1791052978363058735,16.500,map,tf map->odom (AMCL) + odom->base_link (estimate),-3.5262,-1.1376,-0.0321,,
1791052978389640656,16.517,map,tf map->odom (AMCL) + odom->base_link (estimate),-3.5129,-1.1380,-0.0346,,
1791052978458756706,16.533,map,tf map->odom (AMCL) + odom->base_link (estimate),-3.4995,-1.1385,-0.0371,,
1791052978483675491,16.550,map,tf map->odom (AMCL) + odom->base_link (estimate),-3.4862,-1.1390,-0.0395,,
1791052978539617949,16.567,map,tf map->odom (AMCL) + odom->base_link (estimate),-3.4729,-1.1396,-0.0418,,
1791052978567571955,16.583,map,tf map->odom (AMCL) + odom->base_link (estimate),-3.4598,-1.1402,-0.0440,,
1791052978621095941,16.600,map,tf map->odom (AMCL) + odom->base_link (estimate),-3.4467,-1.1408,-0.0461,,
1791052978648095219,16.617,map,tf map->odom (AMCL) + odom->base_link (estimate),-3.4334,-1.1414,-0.0479,,
1791052978711987821,16.633,map,tf map->odom (AMCL) + odom->base_link (estimate),-3.4201,-1.1421,-0.0495,,
1791052978738304650,16.650,map,tf map->odom (AMCL) + odom->base_link (estimate),-3.4068,-1.1428,-0.0511,,
1791052978793753769,16.667,map,tf map->odom (AMCL) + odom->base_link (estimate),-3.3935,-1.1435,-0.0525,,
1791052978820089769,16.683,map,tf map->odom (AMCL) + odom->base_link (estimate),-3.3804,-1.1442,-0.0538,,
1791052978876993046,16.700,map,tf map->odom (AMCL) + odom->base_link (estimate),-3.3673,-1.1449,-0.0546,,
1791052978882071617,16.700,map,tf map->odom (AMCL) + odom->base_link (estimate),-3.3673,-1.1449,-0.0546,,
1791052978906574543,16.717,map,tf map->odom (AMCL) + odom->base_link (estimate),-3.3540,-1.1456,-0.0554,,
1791052978968671513,16.733,map,tf map->odom (AMCL) + odom->base_link (estimate),-3.3331,-1.1287,-0.0784,,
1791052978995983609,16.750,map,tf map->odom (AMCL) + odom->base_link (estimate),-3.3198,-1.1298,-0.0788,,
1791052979055382838,16.767,map,tf map->odom (AMCL) + odom->base_link (estimate),-3.3067,-1.1308,-0.0792,,
1791052979089430250,16.783,map,tf map->odom (AMCL) + odom->base_link (estimate),-3.2939,-1.1318,-0.0793,,
1791052979139757065,16.800,map,tf map->odom (AMCL) + odom->base_link (estimate),-3.2810,-1.1329,-0.0793,,
1791052979164388793,16.817,map,tf map->odom (AMCL) + odom->base_link (estimate),-3.2679,-1.1339,-0.0793,,
1791052979222946719,16.833,map,tf map->odom (AMCL) + odom->base_link (estimate),-3.2547,-1.1350,-0.0791,,
1791052979248960715,16.850,map,tf map->odom (AMCL) + odom->base_link (estimate),-3.2414,-1.1360,-0.0788,,
1791052979312498564,16.867,map,tf map->odom (AMCL) + odom->base_link (estimate),-3.2281,-1.1371,-0.0784,,
1791052979336259803,16.883,map,tf map->odom (AMCL) + odom->base_link (estimate),-3.2148,-1.1381,-0.0779,,
1791052979392720161,16.900,map,tf map->odom (AMCL) + odom->base_link (estimate),-3.2014,-1.1391,-0.0774,,
1791052979417436812,16.917,map,tf map->odom (AMCL) + odom->base_link (estimate),-3.1881,-1.1402,-0.0767,,
1791052979471392056,16.933,map,tf map->odom (AMCL) + odom->base_link (estimate),-3.1748,-1.1412,-0.0760,,
1791052979500835180,16.950,map,tf map->odom (AMCL) + odom->base_link (estimate),-3.1615,-1.1422,-0.0752,,
1791052979552426749,16.967,map,tf map->odom (AMCL) + odom->base_link (estimate),-3.1482,-1.1432,-0.0743,,
1791052979577888908,16.983,map,tf map->odom (AMCL) + odom->base_link (estimate),-3.1349,-1.1442,-0.0734,,
1791052979633223180,17.000,map,tf map->odom (AMCL) + odom->base_link (estimate),-3.1216,-1.1451,-0.0723,,
1791052979657301643,17.017,map,tf map->odom (AMCL) + odom->base_link (estimate),-3.1082,-1.1461,-0.0713,,
1791052979731581663,17.033,map,tf map->odom (AMCL) + odom->base_link (estimate),-3.0949,-1.1470,-0.0701,,
1791052979757125576,17.050,map,tf map->odom (AMCL) + odom->base_link (estimate),-3.0816,-1.1479,-0.0689,,
1791052979811228191,17.067,map,tf map->odom (AMCL) + odom->base_link (estimate),-3.0683,-1.1488,-0.0677,,
1791052979838537543,17.083,map,tf map->odom (AMCL) + odom->base_link (estimate),-3.0550,-1.1497,-0.0664,,
1791052979898218001,17.100,map,tf map->odom (AMCL) + odom->base_link (estimate),-3.0418,-1.1506,-0.0651,,
1791052979923096701,17.117,map,tf map->odom (AMCL) + odom->base_link (estimate),-3.0290,-1.1514,-0.0637,,
1791052979981465303,17.133,map,tf map->odom (AMCL) + odom->base_link (estimate),-3.0163,-1.1522,-0.0623,,
1791052980006283830,17.150,map,tf map->odom (AMCL) + odom->base_link (estimate),-3.0036,-1.1530,-0.0608,,
1791052980060912937,17.167,map,tf map->odom (AMCL) + odom->base_link (estimate),-2.9908,-1.1537,-0.0593,,
1791052980084119520,17.183,map,tf map->odom (AMCL) + odom->base_link (estimate),-2.9777,-1.1545,-0.0578,,
1791052980141830881,17.200,map,tf map->odom (AMCL) + odom->base_link (estimate),-2.9644,-1.1552,-0.0561,,
1791052980168172600,17.217,map,tf map->odom (AMCL) + odom->base_link (estimate),-2.9511,-1.1560,-0.0545,,
1791052980225651239,17.233,map,tf map->odom (AMCL) + odom->base_link (estimate),-2.9378,-1.1567,-0.0527,,
1791052980252093279,17.250,map,tf map->odom (AMCL) + odom->base_link (estimate),-2.9245,-1.1573,-0.0510,,
1791052980307481406,17.267,map,tf map->odom (AMCL) + odom->base_link (estimate),-2.9111,-1.1580,-0.0492,,
1791052980339305507,17.283,map,tf map->odom (AMCL) + odom->base_link (estimate),-2.8978,-1.1586,-0.0473,,
1791052980389630035,17.300,map,tf map->odom (AMCL) + odom->base_link (estimate),-2.8847,-1.1592,-0.0454,,
1791052980415872794,17.317,map,tf map->odom (AMCL) + odom->base_link (estimate),-2.8718,-1.1598,-0.0435,,
1791052980475540419,17.333,map,tf map->odom (AMCL) + odom->base_link (estimate),-2.8589,-1.1603,-0.0417,,
1791052980500178427,17.350,map,tf map->odom (AMCL) + odom->base_link (estimate),-2.8458,-1.1608,-0.0400,,
1791052980558630921,17.367,map,tf map->odom (AMCL) + odom->base_link (estimate),-2.8325,-1.1614,-0.0384,,
1791052980583324727,17.383,map,tf map->odom (AMCL) + odom->base_link (estimate),-2.8192,-1.1618,-0.0367,,
1791052980637930309,17.400,map,tf map->odom (AMCL) + odom->base_link (estimate),-2.8059,-1.1623,-0.0351,,
1791052980663137679,17.417,map,tf map->odom (AMCL) + odom->base_link (estimate),-2.7925,-1.1628,-0.0335,,
1791052980722932553,17.433,map,tf map->odom (AMCL) + odom->base_link (estimate),-2.7792,-1.1632,-0.0320,,
1791052980747921004,17.450,map,tf map->odom (AMCL) + odom->base_link (estimate),-2.7659,-1.1636,-0.0304,,
1791052980807998664,17.467,map,tf map->odom (AMCL) + odom->base_link (estimate),-2.7525,-1.1640,-0.0288,,
1791052980832604495,17.483,map,tf map->odom (AMCL) + odom->base_link (estimate),-2.7392,-1.1643,-0.0274,,
1791052980890831461,17.500,map,tf map->odom (AMCL) + odom->base_link (estimate),-2.7259,-1.1647,-0.0259,,
1791052980916584084,17.517,map,tf map->odom (AMCL) + odom->base_link (estimate),-2.7125,-1.1650,-0.0245,,
1791052980983037782,17.533,map,tf map->odom (AMCL) + odom->base_link (estimate),-2.6992,-1.1653,-0.0232,,
1791052981010323026,17.550,map,tf map->odom (AMCL) + odom->base_link (estimate),-2.6858,-1.1656,-0.0219,,
1791052981065020764,17.567,map,tf map->odom (AMCL) + odom->base_link (estimate),-2.6725,-1.1659,-0.0204,,
1791052981089430618,17.583,map,tf map->odom (AMCL) + odom->base_link (estimate),-2.6592,-1.1661,-0.0191,,
1791052981146368475,17.600,map,tf map->odom (AMCL) + odom->base_link (estimate),-2.6458,-1.1664,-0.0177,,
1791052981171526851,17.617,map,tf map->odom (AMCL) + odom->base_link (estimate),-2.6325,-1.1666,-0.0164,,
1791052981228891559,17.633,map,tf map->odom (AMCL) + odom->base_link (estimate),-2.6191,-1.1668,-0.0150,,
1791052981255622995,17.650,map,tf map->odom (AMCL) + odom->base_link (estimate),-2.6058,-1.1670,-0.0137,,
1791052981312828181,17.667,map,tf map->odom (AMCL) + odom->base_link (estimate),-2.5924,-1.1671,-0.0124,,
1791052981340907247,17.683,map,tf map->odom (AMCL) + odom->base_link (estimate),-2.5791,-1.1673,-0.0111,,
1791052981393799396,17.700,map,tf map->odom (AMCL) + odom->base_link (estimate),-2.5658,-1.1674,-0.0098,,
1791052981419278566,17.717,map,tf map->odom (AMCL) + odom->base_link (estimate),-2.5524,-1.1675,-0.0086,,
1791052981480571552,17.733,map,tf map->odom (AMCL) + odom->base_link (estimate),-2.5391,-1.1676,-0.0073,,
1791052981505160273,17.750,map,tf map->odom (AMCL) + odom->base_link (estimate),-2.5257,-1.1677,-0.0060,,
1791052981564937747,17.767,map,tf map->odom (AMCL) + odom->base_link (estimate),-2.5124,-1.1678,-0.0047,,
1791052981596563733,17.783,map,tf map->odom (AMCL) + odom->base_link (estimate),-2.4990,-1.1678,-0.0035,,
1791052981650151910,17.800,map,tf map->odom (AMCL) + odom->base_link (estimate),-2.4857,-1.1678,-0.0023,,
1791052981677048020,17.817,map,tf map->odom (AMCL) + odom->base_link (estimate),-2.4723,-1.1679,-0.0011,,
1791052981734384538,17.833,map,tf map->odom (AMCL) + odom->base_link (estimate),-2.4590,-1.1679,0.0001,,
1791052981758560212,17.850,map,tf map->odom (AMCL) + odom->base_link (estimate),-2.4456,-1.1678,0.0013,,
1791052981812536064,17.867,map,tf map->odom (AMCL) + odom->base_link (estimate),-2.4323,-1.1678,0.0025,,
1791052981837725352,17.883,map,tf map->odom (AMCL) + odom->base_link (estimate),-2.4190,-1.1678,0.0037,,
1791052981896035628,17.900,map,tf map->odom (AMCL) + odom->base_link (estimate),-2.4056,-1.1677,0.0049,,
1791052981922932905,17.917,map,tf map->odom (AMCL) + odom->base_link (estimate),-2.3923,-1.1676,0.0061,,
1791052981980171531,17.933,map,tf map->odom (AMCL) + odom->base_link (estimate),-2.3789,-1.1675,0.0073,,
1791052982004186516,17.950,map,tf map->odom (AMCL) + odom->base_link (estimate),-2.3438,-1.1444,-0.0084,,
1791052982062507776,17.967,map,tf map->odom (AMCL) + odom->base_link (estimate),-2.3305,-1.1445,-0.0074,,
1791052982087017563,17.983,map,tf map->odom (AMCL) + odom->base_link (estimate),-2.3172,-1.1446,-0.0064,,
1791052982144062157,18.000,map,tf map->odom (AMCL) + odom->base_link (estimate),-2.3038,-1.1447,-0.0055,,
1791052982169198174,18.017,map,tf map->odom (AMCL) + odom->base_link (estimate),-2.2905,-1.1448,-0.0046,,
1791052982237071243,18.033,map,tf map->odom (AMCL) + odom->base_link (estimate),-2.2771,-1.1448,-0.0037,,
1791052982261364351,18.050,map,tf map->odom (AMCL) + odom->base_link (estimate),-2.2638,-1.1448,-0.0029,,
1791052982319089354,18.067,map,tf map->odom (AMCL) + odom->base_link (estimate),-2.2504,-1.1449,-0.0021,,
1791052982344460755,18.083,map,tf map->odom (AMCL) + odom->base_link (estimate),-2.2371,-1.1449,-0.0013,,
1791052982403678959,18.100,map,tf map->odom (AMCL) + odom->base_link (estimate),-2.2237,-1.1449,-0.0005,,
1791052982429019860,18.117,map,tf map->odom (AMCL) + odom->base_link (estimate),-2.2104,-1.1449,0.0002,,
1791052982489506764,18.133,map,tf map->odom (AMCL) + odom->base_link (estimate),-2.1970,-1.1449,0.0009,,
1791052982516493665,18.150,map,tf map->odom (AMCL) + odom->base_link (estimate),-2.1837,-1.1448,0.0016,,
1791052982576204868,18.167,map,tf map->odom (AMCL) + odom->base_link (estimate),-2.1703,-1.1448,0.0023,,
1791052982607257770,18.183,map,tf map->odom (AMCL) + odom->base_link (estimate),-2.1570,-1.1448,0.0029,,
1791052982660536673,18.200,map,tf map->odom (AMCL) + odom->base_link (estimate),-2.1436,-1.1447,0.0035,,
1791052982692459475,18.217,map,tf map->odom (AMCL) + odom->base_link (estimate),-2.1303,-1.1447,0.0041,,
1791052982752152178,18.233,map,tf map->odom (AMCL) + odom->base_link (estimate),-2.1169,-1.1446,0.0047,,
1791052982779704780,18.250,map,tf map->odom (AMCL) + odom->base_link (estimate),-2.1036,-1.1445,0.0053,,
1791052982841587283,18.267,map,tf map->odom (AMCL) + odom->base_link (estimate),-2.0902,-1.1445,0.0059,,
1791052982882080986,18.283,map,tf map->odom (AMCL) + odom->base_link (estimate),-2.0769,-1.1444,0.0064,,
1791052982932108388,18.300,map,tf map->odom (AMCL) + odom->base_link (estimate),-2.0635,-1.1443,0.0069,,
1791052982961487390,18.317,map,tf map->odom (AMCL) + odom->base_link (estimate),-2.0502,-1.1442,0.0075,,
1791052983018210293,18.333,map,tf map->odom (AMCL) + odom->base_link (estimate),-2.0368,-1.1441,0.0080,,
1791052983049550295,18.350,map,tf map->odom (AMCL) + odom->base_link (estimate),-2.0235,-1.1440,0.0084,,
1791052983107800098,18.367,map,tf map->odom (AMCL) + odom->base_link (estimate),-2.0101,-1.1438,0.0089,,
1791052983135167300,18.383,map,tf map->odom (AMCL) + odom->base_link (estimate),-1.9968,-1.1437,0.0094,,
1791052983192002403,18.400,map,tf map->odom (AMCL) + odom->base_link (estimate),-1.9834,-1.1436,0.0098,,
1791052983219809805,18.417,map,tf map->odom (AMCL) + odom->base_link (estimate),-1.9701,-1.1434,0.0101,,
1791052983277233308,18.433,map,tf map->odom (AMCL) + odom->base_link (estimate),-1.9567,-1.1433,0.0103,,
1791052983306747509,18.450,map,tf map->odom (AMCL) + odom->base_link (estimate),-1.9434,-1.1432,0.0105,,
1791052983365793113,18.467,map,tf map->odom (AMCL) + odom->base_link (estimate),-1.9300,-1.1430,0.0107,,
1791052983394144114,18.483,map,tf map->odom (AMCL) + odom->base_link (estimate),-1.9167,-1.1429,0.0108,,
1791052983449596117,18.500,map,tf map->odom (AMCL) + odom->base_link (estimate),-1.9033,-1.1427,0.0109,,
1791052983476466319,18.517,map,tf map->odom (AMCL) + odom->base_link (estimate),-1.8900,-1.1426,0.0110,,
1791052983546823523,18.533,map,tf map->odom (AMCL) + odom->base_link (estimate),-1.8766,-1.1424,0.0110,,
1791052983572860824,18.550,map,tf map->odom (AMCL) + odom->base_link (estimate),-1.8633,-1.1423,0.0110,,
1791052983631302428,18.567,map,tf map->odom (AMCL) + odom->base_link (estimate),-1.8499,-1.1421,0.0110,,
1791052983661064029,18.583,map,tf map->odom (AMCL) + odom->base_link (estimate),-1.8366,-1.1420,0.0110,,
1791052983715537932,18.600,map,tf map->odom (AMCL) + odom->base_link (estimate),-1.8232,-1.1418,0.0109,,
1791052983743223134,18.617,map,tf map->odom (AMCL) + odom->base_link (estimate),-1.8099,-1.1417,0.0108,,
1791052983801611537,18.633,map,tf map->odom (AMCL) + odom->base_link (estimate),-1.7965,-1.1416,0.0107,,
1791052983836743139,18.650,map,tf map->odom (AMCL) + odom->base_link (estimate),-1.7832,-1.1414,0.0107,,
1791052983892802042,18.667,map,tf map->odom (AMCL) + odom->base_link (estimate),-1.7698,-1.1413,0.0106,,
1791052983923774044,18.683,map,tf map->odom (AMCL) + odom->base_link (estimate),-1.7565,-1.1411,0.0106,,
1791052983978241647,18.700,map,tf map->odom (AMCL) + odom->base_link (estimate),-1.7431,-1.1410,0.0106,,
1791052984006241949,18.717,map,tf map->odom (AMCL) + odom->base_link (estimate),-1.7298,-1.1408,0.0105,,
1791052984068033252,18.733,map,tf map->odom (AMCL) + odom->base_link (estimate),-1.7164,-1.1407,0.0105,,
1791052984096203554,18.750,map,tf map->odom (AMCL) + odom->base_link (estimate),-1.7031,-1.1406,0.0105,,
1791052984152329557,18.767,map,tf map->odom (AMCL) + odom->base_link (estimate),-1.6897,-1.1404,0.0104,,
1791052984190955459,18.783,map,tf map->odom (AMCL) + odom->base_link (estimate),-1.6764,-1.1403,0.0104,,
1791052984238694562,18.800,map,tf map->odom (AMCL) + odom->base_link (estimate),-1.6630,-1.1402,0.0104,,
1791052984266660763,18.817,map,tf map->odom (AMCL) + odom->base_link (estimate),-1.6497,-1.1400,0.0104,,
1791052984325679667,18.833,map,tf map->odom (AMCL) + odom->base_link (estimate),-1.6363,-1.1399,0.0103,,
1791052984352289668,18.850,map,tf map->odom (AMCL) + odom->base_link (estimate),-1.6230,-1.1397,0.0103,,
1791052984407759871,18.867,map,tf map->odom (AMCL) + odom->base_link (estimate),-1.6096,-1.1396,0.0103,,
1791052984436034973,18.883,map,tf map->odom (AMCL) + odom->base_link (estimate),-1.5963,-1.1395,0.0102,,
1791052984492901876,18.900,map,tf map->odom (AMCL) + odom->base_link (estimate),-1.5829,-1.1393,0.0102,,
1791052984520453178,18.917,map,tf map->odom (AMCL) + odom->base_link (estimate),-1.5696,-1.1392,0.0102,,
1791052984578616881,18.933,map,tf map->odom (AMCL) + odom->base_link (estimate),-1.5562,-1.1391,0.0101,,
1791052984605630682,18.950,map,tf map->odom (AMCL) + odom->base_link (estimate),-1.5429,-1.1389,0.0101,,
1791052984664804886,18.967,map,tf map->odom (AMCL) + odom->base_link (estimate),-1.5295,-1.1388,0.0101,,
1791052984689707587,18.983,map,tf map->odom (AMCL) + odom->base_link (estimate),-1.5162,-1.1387,0.0101,,
1791052984747133490,19.000,map,tf map->odom (AMCL) + odom->base_link (estimate),-1.5028,-1.1385,0.0102,,
1791052984781272692,19.017,map,tf map->odom (AMCL) + odom->base_link (estimate),-1.4895,-1.1384,0.0104,,
1791052984845934496,19.033,map,tf map->odom (AMCL) + odom->base_link (estimate),-1.4761,-1.1382,0.0105,,
1791052984871642397,19.050,map,tf map->odom (AMCL) + odom->base_link (estimate),-1.4628,-1.1381,0.0107,,
1791052984932697501,19.067,map,tf map->odom (AMCL) + odom->base_link (estimate),-1.4494,-1.1380,0.0109,,
1791052984960989502,19.083,map,tf map->odom (AMCL) + odom->base_link (estimate),-1.4361,-1.1378,0.0111,,
1791052985017461905,19.100,map,tf map->odom (AMCL) + odom->base_link (estimate),-1.4227,-1.1377,0.0114,,
1791052985045645607,19.117,map,tf map->odom (AMCL) + odom->base_link (estimate),-1.4093,-1.1375,0.0117,,
1791052985108194011,19.133,map,tf map->odom (AMCL) + odom->base_link (estimate),-1.3960,-1.1373,0.0120,,
1791052985135393112,19.150,map,tf map->odom (AMCL) + odom->base_link (estimate),-1.3826,-1.1372,0.0123,,
1791052985193435915,19.167,map,tf map->odom (AMCL) + odom->base_link (estimate),-1.3693,-1.1370,0.0128,,
1791052985221445517,19.183,map,tf map->odom (AMCL) + odom->base_link (estimate),-1.3559,-1.1368,0.0134,,
1791052985277845720,19.200,map,tf map->odom (AMCL) + odom->base_link (estimate),-1.3426,-1.1366,0.0140,,
1791052985307236722,19.217,map,tf map->odom (AMCL) + odom->base_link (estimate),-1.3292,-1.1364,0.0148,,
1791052985371556525,19.233,map,tf map->odom (AMCL) + odom->base_link (estimate),-1.3159,-1.1362,0.0156,,
1791052985396279527,19.250,map,tf map->odom (AMCL) + odom->base_link (estimate),-1.3040,-1.0877,0.0406,,
1791052985457172430,19.267,map,tf map->odom (AMCL) + odom->base_link (estimate),-1.2906,-1.0871,0.0416,,
1791052985490509232,19.283,map,tf map->odom (AMCL) + odom->base_link (estimate),-1.2773,-1.0866,0.0427,,
1791052985542137635,19.300,map,tf map->odom (AMCL) + odom->base_link (estimate),-1.2640,-1.0860,0.0437,,
1791052985570820937,19.317,map,tf map->odom (AMCL) + odom->base_link (estimate),-1.2506,-1.0854,0.0446,,
1791052985635269440,19.333,map,tf map->odom (AMCL) + odom->base_link (estimate),-1.2373,-1.0848,0.0455,,
1791052985661196542,19.350,map,tf map->odom (AMCL) + odom->base_link (estimate),-1.2239,-1.0841,0.0465,,
1791052985721166145,19.367,map,tf map->odom (AMCL) + odom->base_link (estimate),-1.2108,-1.0835,0.0473,,
1791052985746975746,19.383,map,tf map->odom (AMCL) + odom->base_link (estimate),-1.1980,-1.0829,0.0480,,
1791052985803277950,19.400,map,tf map->odom (AMCL) + odom->base_link (estimate),-1.1853,-1.0823,0.0488,,
1791052985834292451,19.417,map,tf map->odom (AMCL) + odom->base_link (estimate),-1.1726,-1.0817,0.0497,,
1791052985888752054,19.433,map,tf map->odom (AMCL) + odom->base_link (estimate),-1.1602,-1.0810,0.0505,,
1791052985916312556,19.450,map,tf map->odom (AMCL) + odom->base_link (estimate),-1.1478,-1.0804,0.0512,,
1791052985976960459,19.467,map,tf map->odom (AMCL) + odom->base_link (estimate),-1.1354,-1.0797,0.0519,,
1791052986003342161,19.483,map,tf map->odom (AMCL) + odom->base_link (estimate),-1.1233,-1.0791,0.0525,,
1791052986065582564,19.500,map,tf map->odom (AMCL) + odom->base_link (estimate),-1.1113,-1.0785,0.0531,,
1791052986093473566,19.517,map,tf map->odom (AMCL) + odom->base_link (estimate),-1.0994,-1.0778,0.0538,,
1791052986162530070,19.533,map,tf map->odom (AMCL) + odom->base_link (estimate),-1.0877,-1.0772,0.0544,,
1791052986191643371,19.550,map,tf map->odom (AMCL) + odom->base_link (estimate),-1.0762,-1.0766,0.0549,,
1791052986251066775,19.567,map,tf map->odom (AMCL) + odom->base_link (estimate),-1.0649,-1.0759,0.0555,,
1791052986284850077,19.583,map,tf map->odom (AMCL) + odom->base_link (estimate),-1.0537,-1.0753,0.0560,,
1791052986336724380,19.600,map,tf map->odom (AMCL) + odom->base_link (estimate),-1.0424,-1.0747,0.0565,,
1791052986363974681,19.617,map,tf map->odom (AMCL) + odom->base_link (estimate),-1.0312,-1.0740,0.0570,,
1791052986428629185,19.633,map,tf map->odom (AMCL) + odom->base_link (estimate),-1.0202,-1.0734,0.0574,,
1791052986454424386,19.650,map,tf map->odom (AMCL) + odom->base_link (estimate),-1.0094,-1.0728,0.0579,,
1791052986513938289,19.667,map,tf map->odom (AMCL) + odom->base_link (estimate),-0.9988,-1.0721,0.0583,,
1791052986540785791,19.683,map,tf map->odom (AMCL) + odom->base_link (estimate),-0.9883,-1.0715,0.0587,,
1791052986596713294,19.700,map,tf map->odom (AMCL) + odom->base_link (estimate),-0.9778,-1.0709,0.0591,,
1791052986624408196,19.717,map,tf map->odom (AMCL) + odom->base_link (estimate),-0.9672,-1.0703,0.0595,,
1791052986686719899,19.733,map,tf map->odom (AMCL) + odom->base_link (estimate),-0.9569,-1.0697,0.0599,,
1791052986711768301,19.750,map,tf map->odom (AMCL) + odom->base_link (estimate),-0.9469,-1.0691,0.0602,,
1791052986773349304,19.767,map,tf map->odom (AMCL) + odom->base_link (estimate),-0.9370,-1.0685,0.0606,,
1791052986809598506,19.783,map,tf map->odom (AMCL) + odom->base_link (estimate),-0.9271,-1.0678,0.0609,,
1791052986857822909,19.800,map,tf map->odom (AMCL) + odom->base_link (estimate),-0.9175,-1.0673,0.0613,,
1791052986883789310,19.817,map,tf map->odom (AMCL) + odom->base_link (estimate),-0.9082,-1.0667,0.0616,,
1791052986947447714,19.833,map,tf map->odom (AMCL) + odom->base_link (estimate),-0.8990,-1.0661,0.0619,,
1791052986976218115,19.850,map,tf map->odom (AMCL) + odom->base_link (estimate),-0.8898,-1.0655,0.0622,,
1791052987033897519,19.867,map,tf map->odom (AMCL) + odom->base_link (estimate),-0.8807,-1.0650,0.0624,,
1791052987059930820,19.883,map,tf map->odom (AMCL) + odom->base_link (estimate),-0.8716,-1.0644,0.0627,,
1791052987119586523,19.900,map,tf map->odom (AMCL) + odom->base_link (estimate),-0.8624,-1.0638,0.0630,,
1791052987147509425,19.917,map,tf map->odom (AMCL) + odom->base_link (estimate),-0.8533,-1.0632,0.0632,,
1791052987209637629,19.933,map,tf map->odom (AMCL) + odom->base_link (estimate),-0.8444,-1.0627,0.0635,,
1791052987234791430,19.950,map,tf map->odom (AMCL) + odom->base_link (estimate),-0.8358,-1.0621,0.0638,,
1791052987293755433,19.967,map,tf map->odom (AMCL) + odom->base_link (estimate),-0.8273,-1.0616,0.0640,,
1791052987320839035,19.983,map,tf map->odom (AMCL) + odom->base_link (estimate),-0.8188,-1.0610,0.0642,,
1791052987382753580,20.000,map,tf map->odom (AMCL) + odom->base_link (estimate),-0.8104,-1.0605,0.0644,,
1791052987411202093,20.017,map,tf map->odom (AMCL) + odom->base_link (estimate),-0.8020,-1.0599,0.0647,,
1791052987478532084,20.033,map,tf map->odom (AMCL) + odom->base_link (estimate),-0.7938,-1.0594,0.0649,,
1791052987502728846,20.050,map,tf map->odom (AMCL) + odom->base_link (estimate),-0.7858,-1.0589,0.0651,,
1791052987564442005,20.067,map,tf map->odom (AMCL) + odom->base_link (estimate),-0.7780,-1.0584,0.0653,,
1791052987591117669,20.083,map,tf map->odom (AMCL) + odom->base_link (estimate),-0.7703,-1.0579,0.0655,,
1791052987654688099,20.100,map,tf map->odom (AMCL) + odom->base_link (estimate),-0.7626,-1.0574,0.0657,,
1791052987680949877,20.117,map,tf map->odom (AMCL) + odom->base_link (estimate),-0.7548,-1.0569,0.0659,,
1791052987740512094,20.133,map,tf map->odom (AMCL) + odom->base_link (estimate),-0.7471,-1.0563,0.0660,,
1791052987765642405,20.150,map,tf map->odom (AMCL) + odom->base_link (estimate),-0.7394,-1.0558,0.0662,,
1791052987830052337,20.167,map,tf map->odom (AMCL) + odom->base_link (estimate),-0.7317,-1.0553,0.0663,,
1791052987856300780,20.183,map,tf map->odom (AMCL) + odom->base_link (estimate),-0.7242,-1.0548,0.0665,,
1791052987917818126,20.200,map,tf map->odom (AMCL) + odom->base_link (estimate),-0.7169,-1.0543,0.0667,,
1791052987945171567,20.217,map,tf map->odom (AMCL) + odom->base_link (estimate),-0.7099,-1.0539,0.0668,,
1791052988003456133,20.233,map,tf map->odom (AMCL) + odom->base_link (estimate),-0.7028,-1.0534,0.0670,,
1791052988031546608,20.250,map,tf map->odom (AMCL) + odom->base_link (estimate),-0.6958,-1.0529,0.0671,,
1791052988092191365,20.267,map,tf map->odom (AMCL) + odom->base_link (estimate),-0.6888,-1.0524,0.0672,,
1791052988126884757,20.283,map,tf map->odom (AMCL) + odom->base_link (estimate),-0.6817,-1.0520,0.0673,,
1791052988179261328,20.300,map,tf map->odom (AMCL) + odom->base_link (estimate),-0.6747,-1.0515,0.0674,,
1791052988203659218,20.317,map,tf map->odom (AMCL) + odom->base_link (estimate),-0.6677,-1.0510,0.0675,,
1791052988266988817,20.333,map,tf map->odom (AMCL) + odom->base_link (estimate),-0.6609,-1.0506,0.0674,,
1791052988293014175,20.350,map,tf map->odom (AMCL) + odom->base_link (estimate),-0.6544,-1.0501,0.0674,,
1791052988354051862,20.367,map,tf map->odom (AMCL) + odom->base_link (estimate),-0.6480,-1.0497,0.0675,,
1791052988381297320,20.383,map,tf map->odom (AMCL) + odom->base_link (estimate),-0.6416,-1.0493,0.0675,,
1791052988440619809,20.400,map,tf map->odom (AMCL) + odom->base_link (estimate),-0.6353,-1.0488,0.0675,,
1791052988466877878,20.417,map,tf map->odom (AMCL) + odom->base_link (estimate),-0.6290,-1.0484,0.0674,,
1791052988532069560,20.433,map,tf map->odom (AMCL) + odom->base_link (estimate),-0.6226,-1.0480,0.0673,,
1791052988561428461,20.450,map,tf map->odom (AMCL) + odom->base_link (estimate),-0.6163,-1.0476,0.0672,,
1791052988618959551,20.467,map,tf map->odom (AMCL) + odom->base_link (estimate),-0.6102,-1.0471,0.0671,,
1791052988647616010,20.483,map,tf map->odom (AMCL) + odom->base_link (estimate),-0.6044,-1.0468,0.0670,,
1791052988706561009,20.500,map,tf map->odom (AMCL) + odom->base_link (estimate),-0.5987,-1.0464,0.0668,,
1791052988731438858,20.517,map,tf map->odom (AMCL) + odom->base_link (estimate),-0.5931,-1.0460,0.0667,,
1791052988801728511,20.533,map,tf map->odom (AMCL) + odom->base_link (estimate),-0.5874,-1.0456,0.0665,,
1791052988828388032,20.550,map,tf map->odom (AMCL) + odom->base_link (estimate),-0.5818,-1.0452,0.0663,,
1791052988888022840,20.567,map,tf map->odom (AMCL) + odom->base_link (estimate),-0.5762,-1.0449,0.0661,,
1791052988919782739,20.583,map,tf map->odom (AMCL) + odom->base_link (estimate),-0.5706,-1.0445,0.0659,,
1791052988972937451,20.600,map,tf map->odom (AMCL) + odom->base_link (estimate),-0.5649,-1.0441,0.0657,,
1791052988999465327,20.617,map,tf map->odom (AMCL) + odom->base_link (estimate),-0.5593,-1.0438,0.0655,,
1791052989062792519,20.633,map,tf map->odom (AMCL) + odom->base_link (estimate),-0.5537,-1.0434,0.0653,,
1791052989088834320,20.650,map,tf map->odom (AMCL) + odom->base_link (estimate),-0.5481,-1.0430,0.0650,,
1791052989862474846,20.667,map,tf map->odom (AMCL) + odom->base_link (estimate),-0.5425,-1.0427,0.0648,,
1791052989890902906,20.683,map,tf map->odom (AMCL) + odom->base_link (estimate),-0.5371,-1.0423,0.0646,,
1791052989950384111,20.700,map,tf map->odom (AMCL) + odom->base_link (estimate),-0.5319,-1.0420,0.0644,,
1791052989977491306,20.717,map,tf map->odom (AMCL) + odom->base_link (estimate),-0.5269,-1.0417,0.0641,,
1791052990038344209,20.733,map,tf map->odom (AMCL) + odom->base_link (estimate),-0.5220,-1.0414,0.0638,,
1791052990062950144,20.750,map,tf map->odom (AMCL) + odom->base_link (estimate),-0.5171,-1.0410,0.0636,,
1791052990125570082,20.767,map,tf map->odom (AMCL) + odom->base_link (estimate),-0.5121,-1.0407,0.0633,,
1791052990172183136,20.783,map,tf map->odom (AMCL) + odom->base_link (estimate),-0.5072,-1.0404,0.0630,,
1791052990215303832,20.800,map,tf map->odom (AMCL) + odom->base_link (estimate),-0.5023,-1.0401,0.0627,,
1791052990245289477,20.817,map,tf map->odom (AMCL) + odom->base_link (estimate),-0.4974,-1.0398,0.0624,,
1791052990306029884,20.833,map,tf map->odom (AMCL) + odom->base_link (estimate),-0.4925,-1.0395,0.0620,,
1791052990331773403,20.850,map,tf map->odom (AMCL) + odom->base_link (estimate),-0.4714,-1.0071,0.0131,,
1791052990392716543,20.867,map,tf map->odom (AMCL) + odom->base_link (estimate),-0.4665,-1.0071,0.0127,,
1791052990420661736,20.883,map,tf map->odom (AMCL) + odom->base_link (estimate),-0.4616,-1.0070,0.0124,,
1791052990480298950,20.900,map,tf map->odom (AMCL) + odom->base_link (estimate),-0.4569,-1.0069,0.0120,,
1791052990508548843,20.917,map,tf map->odom (AMCL) + odom->base_link (estimate),-0.4524,-1.0069,0.0117,,
1791052990569527475,20.933,map,tf map->odom (AMCL) + odom->base_link (estimate),-0.4481,-1.0068,0.0114,,
1791052990597378321,20.950,map,tf map->odom (AMCL) + odom->base_link (estimate),-0.4439,-1.0068,0.0110,,
1791052990656936729,20.967,map,tf map->odom (AMCL) + odom->base_link (estimate),-0.4396,-1.0068,0.0107,,
1791052990686672017,20.983,map,tf map->odom (AMCL) + odom->base_link (estimate),-0.4354,-1.0067,0.0103,,
1791052990749735618,21.000,map,tf map->odom (AMCL) + odom->base_link (estimate),-0.4312,-1.0067,0.0100,,
1791052990782151638,21.017,map,tf map->odom (AMCL) + odom->base_link (estimate),-0.4269,-1.0066,0.0096,,
1791052990848717424,21.033,map,tf map->odom (AMCL) + odom->base_link (estimate),-0.4227,-1.0066,0.0092,,
1791052990875253020,21.050,map,tf map->odom (AMCL) + odom->base_link (estimate),-0.4185,-1.0066,0.0088,,
1791052990934887126,21.067,map,tf map->odom (AMCL) + odom->base_link (estimate),-0.4143,-1.0065,0.0084,,
1791052990962097593,21.083,map,tf map->odom (AMCL) + odom->base_link (estimate),-0.4100,-1.0065,0.0080,,
1791052991025238296,21.100,map,tf map->odom (AMCL) + odom->base_link (estimate),-0.4058,-1.0065,0.0076,,
1791052991051949653,21.117,map,tf map->odom (AMCL) + odom->base_link (estimate),-0.4016,-1.0064,0.0072,,
1791052991113642659,21.133,map,tf map->odom (AMCL) + odom->base_link (estimate),-0.3973,-1.0064,0.0068,,
1791052991143604742,21.150,map,tf map->odom (AMCL) + odom->base_link (estimate),-0.3931,-1.0064,0.0064,,
1791052991200035747,21.167,map,tf map->odom (AMCL) + odom->base_link (estimate),-0.3889,-1.0063,0.0060,,
1791052991226586484,21.183,map,tf map->odom (AMCL) + odom->base_link (estimate),-0.3849,-1.0063,0.0056,,
1791052991290480362,21.200,map,tf map->odom (AMCL) + odom->base_link (estimate),-0.3811,-1.0063,0.0052,,
1791052991317241149,21.217,map,tf map->odom (AMCL) + odom->base_link (estimate),-0.3775,-1.0063,0.0049,,
1791052991383521587,21.233,map,tf map->odom (AMCL) + odom->base_link (estimate),-0.3740,-1.0063,0.0045,,
1791052991418165449,21.250,map,tf map->odom (AMCL) + odom->base_link (estimate),-0.3704,-1.0063,0.0041,,
1791052991473127201,21.267,map,tf map->odom (AMCL) + odom->base_link (estimate),-0.3669,-1.0062,0.0037,,
1791052991508662602,21.283,map,tf map->odom (AMCL) + odom->base_link (estimate),-0.3634,-1.0062,0.0033,,
1791052991566070769,21.300,map,tf map->odom (AMCL) + odom->base_link (estimate),-0.3598,-1.0062,0.0029,,
1791052991594412403,21.317,map,tf map->odom (AMCL) + odom->base_link (estimate),-0.3563,-1.0062,0.0025,,
1791052991655553762,21.333,map,tf map->odom (AMCL) + odom->base_link (estimate),-0.3528,-1.0062,0.0021,,
1791052991683402703,21.350,map,tf map->odom (AMCL) + odom->base_link (estimate),-0.3493,-1.0062,0.0017,,
1791052991746260464,21.367,map,tf map->odom (AMCL) + odom->base_link (estimate),-0.3457,-1.0062,0.0013,,
1791052991777237609,21.383,map,tf map->odom (AMCL) + odom->base_link (estimate),-0.3422,-1.0062,0.0009,,
1791052991835415396,21.400,map,tf map->odom (AMCL) + odom->base_link (estimate),-0.3387,-1.0062,0.0005,,
1791052991864000768,21.417,map,tf map->odom (AMCL) + odom->base_link (estimate),-0.3352,-1.0062,0.0000,,
1791052991921430794,21.433,map,tf map->odom (AMCL) + odom->base_link (estimate),-0.3316,-1.0062,-0.0004,,
1791052991950164656,21.450,map,tf map->odom (AMCL) + odom->base_link (estimate),-0.3281,-1.0062,-0.0008,,
1791052992010199312,21.467,map,tf map->odom (AMCL) + odom->base_link (estimate),-0.3246,-1.0062,-0.0013,,
1791052992038688633,21.483,map,tf map->odom (AMCL) + odom->base_link (estimate),-0.3210,-1.0062,-0.0017,,
1791052992101342760,21.500,map,tf map->odom (AMCL) + odom->base_link (estimate),-0.3177,-1.0062,-0.0021,,
1791052992130824684,21.517,map,tf map->odom (AMCL) + odom->base_link (estimate),-0.3147,-1.0062,-0.0025,,
1791052992201012369,21.533,map,tf map->odom (AMCL) + odom->base_link (estimate),-0.3118,-1.0062,-0.0029,,
1791052992227161853,21.550,map,tf map->odom (AMCL) + odom->base_link (estimate),-0.3089,-1.0063,-0.0033,,
1791052992286047195,21.567,map,tf map->odom (AMCL) + odom->base_link (estimate),-0.3061,-1.0063,-0.0037,,
1791052992313562962,21.583,map,tf map->odom (AMCL) + odom->base_link (estimate),-0.3033,-1.0063,-0.0041,,
1791052992378422574,21.600,map,tf map->odom (AMCL) + odom->base_link (estimate),-0.3004,-1.0063,-0.0044,,
1791052992406128540,21.617,map,tf map->odom (AMCL) + odom->base_link (estimate),-0.2976,-1.0063,-0.0048,,
1791052992471010610,21.633,map,tf map->odom (AMCL) + odom->base_link (estimate),-0.2948,-1.0063,-0.0052,,
1791052992498218469,21.650,map,tf map->odom (AMCL) + odom->base_link (estimate),-0.2920,-1.0063,-0.0056,,
1791052992557812671,21.667,map,tf map->odom (AMCL) + odom->base_link (estimate),-0.2891,-1.0064,-0.0060,,
1791052992585727886,21.683,map,tf map->odom (AMCL) + odom->base_link (estimate),-0.2863,-1.0064,-0.0064,,
1791052992646408637,21.700,map,tf map->odom (AMCL) + odom->base_link (estimate),-0.2835,-1.0064,-0.0068,,
1791052992673168822,21.717,map,tf map->odom (AMCL) + odom->base_link (estimate),-0.2807,-1.0064,-0.0072,,
1791052992732059077,21.733,map,tf map->odom (AMCL) + odom->base_link (estimate),-0.2778,-1.0064,-0.0076,,
1791052992758570811,21.750,map,tf map->odom (AMCL) + odom->base_link (estimate),-0.2750,-1.0065,-0.0080,,
1791052992817736088,21.767,map,tf map->odom (AMCL) + odom->base_link (estimate),-0.2722,-1.0065,-0.0084,,
1791052992851639408,21.783,map,tf map->odom (AMCL) + odom->base_link (estimate),-0.2694,-1.0065,-0.0088,,
1791052992905592714,21.800,map,tf map->odom (AMCL) + odom->base_link (estimate),-0.2665,-1.0065,-0.0092,,
1791052992933953197,21.817,map,tf map->odom (AMCL) + odom->base_link (estimate),-0.2637,-1.0066,-0.0097,,
1791052992995879515,21.833,map,tf map->odom (AMCL) + odom->base_link (estimate),-0.2609,-1.0066,-0.0101,,
1791052993022656043,21.850,map,tf map->odom (AMCL) + odom->base_link (estimate),-0.2581,-1.0066,-0.0105,,
1791052993081378960,21.867,map,tf map->odom (AMCL) + odom->base_link (estimate),-0.2552,-1.0067,-0.0109,,
1791052993109781954,21.883,map,tf map->odom (AMCL) + odom->base_link (estimate),-0.2524,-1.0067,-0.0114,,
1791052993169133619,21.900,map,tf map->odom (AMCL) + odom->base_link (estimate),-0.2498,-1.0067,-0.0117,,
1791052993195815098,21.917,map,tf map->odom (AMCL) + odom->base_link (estimate),-0.2475,-1.0068,-0.0120,,
1791052993259754596,21.933,map,tf map->odom (AMCL) + odom->base_link (estimate),-0.2453,-1.0068,-0.0123,,
1791052993288324528,21.950,map,tf map->odom (AMCL) + odom->base_link (estimate),-0.2431,-1.0068,-0.0126,,
1791052993350990185,21.967,map,tf map->odom (AMCL) + odom->base_link (estimate),-0.2412,-1.0068,-0.0128,,
1791052993379020001,21.983,map,tf map->odom (AMCL) + odom->base_link (estimate),-0.2397,-1.0069,-0.0131,,
1791052993435590271,22.000,map,tf map->odom (AMCL) + odom->base_link (estimate),-0.2387,-1.0069,-0.0132,,
1791052993464672848,22.017,map,tf map->odom (AMCL) + odom->base_link (estimate),-0.2383,-1.0069,-0.0133,,
1791052993535750166,22.033,map,tf map->odom (AMCL) + odom->base_link (estimate),-0.2381,-1.0069,-0.0133,,
1791052993567378119,22.050,map,tf map->odom (AMCL) + odom->base_link (estimate),-0.2380,-1.0069,-0.0133,,
1791052993622226373,22.067,map,tf map->odom (AMCL) + odom->base_link (estimate),-0.2380,-1.0069,-0.0133,,
1791052993649500606,22.083,map,tf map->odom (AMCL) + odom->base_link (estimate),-0.2380,-1.0069,-0.0133,,
1791052993712413412,22.100,map,tf map->odom (AMCL) + odom->base_link (estimate),-0.2379,-1.0069,-0.0133,,
1791052993740074661,22.117,map,tf map->odom (AMCL) + odom->base_link (estimate),-0.2379,-1.0069,-0.0133,,
1791052993799347218,22.133,map,tf map->odom (AMCL) + odom->base_link (estimate),-0.2379,-1.0069,-0.0133,,
1791052993825590949,22.150,map,tf map->odom (AMCL) + odom->base_link (estimate),-0.2379,-1.0069,-0.0133,,
1791052993886425403,22.167,map,tf map->odom (AMCL) + odom->base_link (estimate),-0.2379,-1.0069,-0.0133,,
1791052993915339839,22.183,map,tf map->odom (AMCL) + odom->base_link (estimate),-0.2378,-1.0069,-0.0133,,
1791052993976894683,22.200,map,tf map->odom (AMCL) + odom->base_link (estimate),-0.2378,-1.0069,-0.0133,,
1791052994004451157,22.217,map,tf map->odom (AMCL) + odom->base_link (estimate),-0.2378,-1.0069,-0.0133,,
1791052994064538251,22.233,map,tf map->odom (AMCL) + odom->base_link (estimate),-0.2378,-1.0069,-0.0133,,
1791052994091563030,22.250,map,tf map->odom (AMCL) + odom->base_link (estimate),-0.2378,-1.0069,-0.0133,,
1791052994157415145,22.267,map,tf map->odom (AMCL) + odom->base_link (estimate),-0.2378,-1.0069,-0.0134,,
1791052994192463969,22.283,map,tf map->odom (AMCL) + odom->base_link (estimate),-0.2377,-1.0069,-0.0133,,
1791052994244486712,22.300,map,tf map->odom (AMCL) + odom->base_link (estimate),-0.2377,-1.0069,-0.0134,,
1791052994274115221,22.317,map,tf map->odom (AMCL) + odom->base_link (estimate),-0.2377,-1.0069,-0.0134,,
1791052994333130103,22.333,map,tf map->odom (AMCL) + odom->base_link (estimate),-0.2377,-1.0069,-0.0134,,
1791052994361937758,22.350,map,tf map->odom (AMCL) + odom->base_link (estimate),-0.2377,-1.0069,-0.0134,,
1791052994418231804,22.367,map,tf map->odom (AMCL) + odom->base_link (estimate),-0.2376,-1.0069,-0.0134,,
1791052994442768658,22.383,map,tf map->odom (AMCL) + odom->base_link (estimate),-0.2376,-1.0069,-0.0134,,
1791052994506008822,22.400,map,tf map->odom (AMCL) + odom->base_link (estimate),-0.2376,-1.0069,-0.0134,,
1791052994532596255,22.417,map,tf map->odom (AMCL) + odom->base_link (estimate),-0.2376,-1.0069,-0.0134,,
1791052994597718755,22.433,map,tf map->odom (AMCL) + odom->base_link (estimate),-0.2376,-1.0069,-0.0134,,
1791052994628112371,22.450,map,tf map->odom (AMCL) + odom->base_link (estimate),-0.2376,-1.0069,-0.0134,,
1791052994689649167,22.467,map,tf map->odom (AMCL) + odom->base_link (estimate),-0.2375,-1.0069,-0.0134,,
1791052994715906233,22.483,map,tf map->odom (AMCL) + odom->base_link (estimate),-0.2375,-1.0069,-0.0134,,
1791052994780637507,22.500,map,tf map->odom (AMCL) + odom->base_link (estimate),-0.2375,-1.0069,-0.0134,,
1791052994808634838,22.517,map,tf map->odom (AMCL) + odom->base_link (estimate),-0.2375,-1.0069,-0.0134,,
1791052994878664308,22.533,map,tf map->odom (AMCL) + odom->base_link (estimate),-0.2375,-1.0069,-0.0134,,
1791052994909285721,22.550,map,tf map->odom (AMCL) + odom->base_link (estimate),-0.2374,-1.0069,-0.0134,,
1791052994969013472,22.567,map,tf map->odom (AMCL) + odom->base_link (estimate),-0.2374,-1.0069,-0.0134,,
1791052994993962909,22.583,map,tf map->odom (AMCL) + odom->base_link (estimate),-0.2374,-1.0069,-0.0134,,
1791052995055066369,22.600,map,tf map->odom (AMCL) + odom->base_link (estimate),-0.2374,-1.0069,-0.0134,,
1791052995080584196,22.617,map,tf map->odom (AMCL) + odom->base_link (estimate),-0.2374,-1.0069,-0.0134,,
1791052995141591804,22.633,map,tf map->odom (AMCL) + odom->base_link (estimate),-0.2374,-1.0069,-0.0134,,
1791052995169392118,22.650,map,tf map->odom (AMCL) + odom->base_link (estimate),-0.2373,-1.0069,-0.0134,,
1791052995226016430,22.667,map,tf map->odom (AMCL) + odom->base_link (estimate),-0.2373,-1.0069,-0.0134,,
1791052995252560548,22.683,map,tf map->odom (AMCL) + odom->base_link (estimate),-0.2373,-1.0069,-0.0134,,
1791052995315220290,22.700,map,tf map->odom (AMCL) + odom->base_link (estimate),-0.2373,-1.0069,-0.0134,,
1791052995342753202,22.717,map,tf map->odom (AMCL) + odom->base_link (estimate),-0.2373,-1.0069,-0.0134,,
1791052995406106463,22.733,map,tf map->odom (AMCL) + odom->base_link (estimate),-0.2372,-1.0069,-0.0134,,
1791052995432267978,22.750,map,tf map->odom (AMCL) + odom->base_link (estimate),-0.2372,-1.0069,-0.0134,,
1791052995492545371,22.767,map,tf map->odom (AMCL) + odom->base_link (estimate),-0.2372,-1.0069,-0.0134,,
1791052995524747931,22.783,map,tf map->odom (AMCL) + odom->base_link (estimate),-0.2372,-1.0069,-0.0134,,
1791052995581845183,22.800,map,tf map->odom (AMCL) + odom->base_link (estimate),-0.2372,-1.0069,-0.0134,,
1791052995610648126,22.817,map,tf map->odom (AMCL) + odom->base_link (estimate),-0.2372,-1.0069,-0.0134,,
1791052995668055993,22.833,map,tf map->odom (AMCL) + odom->base_link (estimate),-0.2371,-1.0069,-0.0134,,
1791052995694120254,22.850,map,tf map->odom (AMCL) + odom->base_link (estimate),-0.2371,-1.0069,-0.0134,,
1791052995756850079,22.867,map,tf map->odom (AMCL) + odom->base_link (estimate),-0.2371,-1.0069,-0.0134,,
1791052995783347676,22.883,map,tf map->odom (AMCL) + odom->base_link (estimate),-0.2371,-1.0069,-0.0134,,
1791052995842703953,22.900,map,tf map->odom (AMCL) + odom->base_link (estimate),-0.2371,-1.0069,-0.0135,,
1791052995871240598,22.917,map,tf map->odom (AMCL) + odom->base_link (estimate),-0.2370,-1.0069,-0.0135,,
1791052995934735931,22.933,map,tf map->odom (AMCL) + odom->base_link (estimate),-0.2370,-1.0069,-0.0135,,
1791052995962829714,22.950,map,tf map->odom (AMCL) + odom->base_link (estimate),-0.2370,-1.0069,-0.0135,,
1791052996022003012,22.967,map,tf map->odom (AMCL) + odom->base_link (estimate),-0.2370,-1.0069,-0.0135,,
1791052996046351973,22.983,map,tf map->odom (AMCL) + odom->base_link (estimate),-0.2370,-1.0069,-0.0135,,
1791052996105548133,23.000,map,tf map->odom (AMCL) + odom->base_link (estimate),-0.2369,-1.0069,-0.0135,,
1791052996131651657,23.017,map,tf map->odom (AMCL) + odom->base_link (estimate),-0.2369,-1.0069,-0.0135,,
1791052996200897577,23.033,map,tf map->odom (AMCL) + odom->base_link (estimate),-0.2369,-1.0069,-0.0135,,
1791052996225212396,23.050,map,tf map->odom (AMCL) + odom->base_link (estimate),-0.2369,-1.0069,-0.0135,,
1791052996282862331,23.067,map,tf map->odom (AMCL) + odom->base_link (estimate),-0.2369,-1.0069,-0.0135,,
1791052996309609484,23.083,map,tf map->odom (AMCL) + odom->base_link (estimate),-0.2369,-1.0069,-0.0135,,
1791052996374216637,23.100,map,tf map->odom (AMCL) + odom->base_link (estimate),-0.2368,-1.0069,-0.0135,,
1791052996400340235,23.117,map,tf map->odom (AMCL) + odom->base_link (estimate),-0.2368,-1.0069,-0.0135,,
1791052996458346697,23.133,map,tf map->odom (AMCL) + odom->base_link (estimate),-0.2368,-1.0069,-0.0135,,
1791052996481623857,23.150,map,tf map->odom (AMCL) + odom->base_link (estimate),-0.2368,-1.0069,-0.0135,,
1791052996550394179,23.167,map,tf map->odom (AMCL) + odom->base_link (estimate),-0.2368,-1.0069,-0.0135,,
1791052996577993726,23.183,map,tf map->odom (AMCL) + odom->base_link (estimate),-0.2367,-1.0069,-0.0135,,
1791052996635053692,23.200,map,tf map->odom (AMCL) + odom->base_link (estimate),-0.2367,-1.0069,-0.0135,,
1791052996668520412,23.217,map,tf map->odom (AMCL) + odom->base_link (estimate),-0.2367,-1.0069,-0.0135,,
1791052996720174605,23.233,map,tf map->odom (AMCL) + odom->base_link (estimate),-0.2367,-1.0069,-0.0135,,
1791052996749196930,23.250,map,tf map->odom (AMCL) + odom->base_link (estimate),-0.2367,-1.0069,-0.0135,,
1791052996809105292,23.267,map,tf map->odom (AMCL) + odom->base_link (estimate),-0.2367,-1.0069,-0.0135,,
1791052996847141157,23.283,map,tf map->odom (AMCL) + odom->base_link (estimate),-0.2366,-1.0069,-0.0135,,
1791052996898418064,23.300,map,tf map->odom (AMCL) + odom->base_link (estimate),-0.2366,-1.0069,-0.0135,,
1791052996925500299,23.317,map,tf map->odom (AMCL) + odom->base_link (estimate),-0.2366,-1.0069,-0.0135,,
1791052996983051530,23.333,map,tf map->odom (AMCL) + odom->base_link (estimate),-0.2366,-1.0069,-0.0135,,
1791052997008724402,23.350,map,tf map->odom (AMCL) + odom->base_link (estimate),-0.2366,-1.0069,-0.0135,,
1791052997068594380,23.367,map,tf map->odom (AMCL) + odom->base_link (estimate),-0.2365,-1.0069,-0.0135,,
1791052997094405124,23.383,map,tf map->odom (AMCL) + odom->base_link (estimate),-0.2365,-1.0069,-0.0135,,
1791052997153103390,23.400,map,tf map->odom (AMCL) + odom->base_link (estimate),-0.2365,-1.0069,-0.0135,,
1791052997182583100,23.417,map,tf map->odom (AMCL) + odom->base_link (estimate),-0.2365,-1.0069,-0.0135,,
1791052997241130374,23.433,map,tf map->odom (AMCL) + odom->base_link (estimate),-0.2365,-1.0069,-0.0135,,
1791052997266755069,23.450,map,tf map->odom (AMCL) + odom->base_link (estimate),-0.2365,-1.0069,-0.0135,,
1791052997326889921,23.467,map,tf map->odom (AMCL) + odom->base_link (estimate),-0.2364,-1.0069,-0.0135,,
1791052997358554128,23.483,map,tf map->odom (AMCL) + odom->base_link (estimate),-0.2364,-1.0069,-0.0135,,
1791052997415479063,23.500,map,tf map->odom (AMCL) + odom->base_link (estimate),-0.2364,-1.0069,-0.0135,,
1791052997442631801,23.517,map,tf map->odom (AMCL) + odom->base_link (estimate),-0.2364,-1.0069,-0.0136,,
1791052997505567067,23.533,map,tf map->odom (AMCL) + odom->base_link (estimate),-0.2364,-1.0069,-0.0136,,
1791052997530915237,23.550,map,tf map->odom (AMCL) + odom->base_link (estimate),-0.2363,-1.0069,-0.0136,,
1791052997590197205,23.567,map,tf map->odom (AMCL) + odom->base_link (estimate),-0.2363,-1.0069,-0.0136,,
1791052997617571144,23.583,map,tf map->odom (AMCL) + odom->base_link (estimate),-0.2363,-1.0069,-0.0136,,
1791052997676754898,23.600,map,tf map->odom (AMCL) + odom->base_link (estimate),-0.2363,-1.0069,-0.0136,,
1791052997706164595,23.617,map,tf map->odom (AMCL) + odom->base_link (estimate),-0.2363,-1.0069,-0.0136,,
1791052997769579376,23.633,map,tf map->odom (AMCL) + odom->base_link (estimate),-0.2363,-1.0069,-0.0136,,
1791052997798504368,23.650,map,tf map->odom (AMCL) + odom->base_link (estimate),-0.2362,-1.0069,-0.0136,,
1791052997862142897,23.667,map,tf map->odom (AMCL) + odom->base_link (estimate),-0.2362,-1.0069,-0.0136,,
1791052997891840478,23.683,map,tf map->odom (AMCL) + odom->base_link (estimate),-0.2362,-1.0069,-0.0136,,
1791052997959059453,23.700,map,tf map->odom (AMCL) + odom->base_link (estimate),-0.2362,-1.0069,-0.0136,,
1791052997989091530,23.717,map,tf map->odom (AMCL) + odom->base_link (estimate),-0.2362,-1.0069,-0.0136,,
1791052998049587804,23.733,map,tf map->odom (AMCL) + odom->base_link (estimate),-0.2361,-1.0069,-0.0136,,
1791052998075731672,23.750,map,tf map->odom (AMCL) + odom->base_link (estimate),-0.2361,-1.0069,-0.0136,,
1791052998140924974,23.767,map,tf map->odom (AMCL) + odom->base_link (estimate),-0.2361,-1.0069,-0.0136,,
1791052998178648572,23.783,map,tf map->odom (AMCL) + odom->base_link (estimate),-0.2361,-1.0069,-0.0136,,
1791052998232928295,23.800,map,tf map->odom (AMCL) + odom->base_link (estimate),-0.2361,-1.0069,-0.0136,,
1791052998265251505,23.817,map,tf map->odom (AMCL) + odom->base_link (estimate),-0.2361,-1.0069,-0.0136,,
1791052998324128279,23.833,map,tf map->odom (AMCL) + odom->base_link (estimate),-0.2360,-1.0069,-0.0136,,
1791052998351355436,23.850,map,tf map->odom (AMCL) + odom->base_link (estimate),-0.2360,-1.0069,-0.0136,,
1791052998413803649,23.867,map,tf map->odom (AMCL) + odom->base_link (estimate),-0.2360,-1.0069,-0.0136,,
1791052998439227510,23.883,map,tf map->odom (AMCL) + odom->base_link (estimate),-0.2360,-1.0069,-0.0136,,
1791052998496222556,23.900,map,tf map->odom (AMCL) + odom->base_link (estimate),-0.2360,-1.0069,-0.0136,,
1791052998522002454,23.917,map,tf map->odom (AMCL) + odom->base_link (estimate),-0.2359,-1.0069,-0.0136,,
1791052998584486897,23.933,map,tf map->odom (AMCL) + odom->base_link (estimate),-0.2359,-1.0069,-0.0136,,
1791052998611068859,23.950,map,tf map->odom (AMCL) + odom->base_link (estimate),-0.2359,-1.0069,-0.0136,,
1791052998669456621,23.967,map,tf map->odom (AMCL) + odom->base_link (estimate),-0.2359,-1.0069,-0.0136,,
1791052998696490386,23.983,map,tf map->odom (AMCL) + odom->base_link (estimate),-0.2359,-1.0069,-0.0136,,
1791052998756151109,24.000,map,tf map->odom (AMCL) + odom->base_link (estimate),-0.2359,-1.0069,-0.0136,,
1791052998781813308,24.017,map,tf map->odom (AMCL) + odom->base_link (estimate),-0.2358,-1.0069,-0.0136,,
1791052998856415062,24.033,map,tf map->odom (AMCL) + odom->base_link (estimate),-0.2358,-1.0069,-0.0136,,
1791052998884087657,24.050,map,tf map->odom (AMCL) + odom->base_link (estimate),-0.2358,-1.0069,-0.0136,,
1791052998941630369,24.067,map,tf map->odom (AMCL) + odom->base_link (estimate),-0.2358,-1.0069,-0.0136,,
1791052998968222906,24.083,map,tf map->odom (AMCL) + odom->base_link (estimate),-0.2358,-1.0069,-0.0136,,
1791052999026792897,24.100,map,tf map->odom (AMCL) + odom->base_link (estimate),-0.2357,-1.0069,-0.0136,,
1791052999054093984,24.117,map,tf map->odom (AMCL) + odom->base_link (estimate),-0.2357,-1.0069,-0.0136,,
1791052999117472143,24.133,map,tf map->odom (AMCL) + odom->base_link (estimate),-0.2357,-1.0069,-0.0136,,
1791052999142672747,24.150,map,tf map->odom (AMCL) + odom->base_link (estimate),-0.2357,-1.0069,-0.0137,,
1791052999200389561,24.167,map,tf map->odom (AMCL) + odom->base_link (estimate),-0.2357,-1.0069,-0.0137,,
1791052999228016330,24.183,map,tf map->odom (AMCL) + odom->base_link (estimate),-0.2357,-1.0069,-0.0137,,
1791052999292368891,24.200,map,tf map->odom (AMCL) + odom->base_link (estimate),-0.2356,-1.0069,-0.0137,,
1791052999324284655,24.217,map,tf map->odom (AMCL) + odom->base_link (estimate),-0.2356,-1.0069,-0.0137,,
1791052999382166465,24.233,map,tf map->odom (AMCL) + odom->base_link (estimate),-0.2356,-1.0069,-0.0137,,
1791052999407297153,24.250,map,tf map->odom (AMCL) + odom->base_link (estimate),-0.2356,-1.0069,-0.0137,,
1791052999463786442,24.267,map,tf map->odom (AMCL) + odom->base_link (estimate),-0.2356,-1.0069,-0.0137,,
1791052999498478827,24.283,map,tf map->odom (AMCL) + odom->base_link (estimate),-0.2355,-1.0069,-0.0137,,
1791052999548245415,24.300,map,tf map->odom (AMCL) + odom->base_link (estimate),-0.2355,-1.0069,-0.0137,,
1791052999574924415,24.317,map,tf map->odom (AMCL) + odom->base_link (estimate),-0.2355,-1.0069,-0.0137,,
1791052999635976680,24.333,map,tf map->odom (AMCL) + odom->base_link (estimate),-0.2355,-1.0069,-0.0137,,
1791052999663107385,24.350,map,tf map->odom (AMCL) + odom->base_link (estimate),-0.2355,-1.0069,-0.0137,,
1791052999723664860,24.367,map,tf map->odom (AMCL) + odom->base_link (estimate),-0.2355,-1.0069,-0.0137,,
1791052999751150330,24.383,map,tf map->odom (AMCL) + odom->base_link (estimate),-0.2354,-1.0069,-0.0137,,
1791052999811267556,24.400,map,tf map->odom (AMCL) + odom->base_link (estimate),-0.2354,-1.0069,-0.0137,,
1791052999838607419,24.417,map,tf map->odom (AMCL) + odom->base_link (estimate),-0.2354,-1.0069,-0.0137,,
1791052999897807134,24.433,map,tf map->odom (AMCL) + odom->base_link (estimate),-0.2354,-1.0069,-0.0137,,
1791052999925481002,24.450,map,tf map->odom (AMCL) + odom->base_link (estimate),-0.2354,-1.0069,-0.0137,,
1791052999983342150,24.467,map,tf map->odom (AMCL) + odom->base_link (estimate),-0.2353,-1.0069,-0.0137,,
1791053000008811251,24.483,map,tf map->odom (AMCL) + odom->base_link (estimate),-0.2353,-1.0069,-0.0137,,
1791053000071217064,24.500,map,tf map->odom (AMCL) + odom->base_link (estimate),-0.2353,-1.0069,-0.0137,,
1791052955764140310,8.250,map,"nav2_feedback of the target goal (map, AMCL-based estimate)",-6.0039,-1.0000,3.1416,,
1791052955773518477,8.250,map,"nav2_feedback of the target goal (map, AMCL-based estimate)",-6.0039,-1.0000,3.1416,,
1791052955784270342,8.250,map,"nav2_feedback of the target goal (map, AMCL-based estimate)",-6.0039,-1.0000,3.1416,,
1791052955793547458,8.250,map,"nav2_feedback of the target goal (map, AMCL-based estimate)",-6.0039,-1.0000,3.1416,,
1791052955803454894,8.250,map,"nav2_feedback of the target goal (map, AMCL-based estimate)",-6.0039,-1.0000,3.1416,,
1791052955813729217,8.267,map,"nav2_feedback of the target goal (map, AMCL-based estimate)",-6.0040,-1.0000,3.1416,,
1791052955824190535,8.267,map,"nav2_feedback of the target goal (map, AMCL-based estimate)",-6.0040,-1.0000,3.1416,,
1791052955834002122,8.267,map,"nav2_feedback of the target goal (map, AMCL-based estimate)",-6.0040,-1.0000,3.1416,,
1791052955843871139,8.267,map,"nav2_feedback of the target goal (map, AMCL-based estimate)",-6.0040,-1.0000,3.1416,,
1791052955853443004,8.283,map,"nav2_feedback of the target goal (map, AMCL-based estimate)",-6.0040,-1.0000,3.1416,,
1791052955863654895,8.283,map,"nav2_feedback of the target goal (map, AMCL-based estimate)",-6.0040,-1.0000,3.1416,,
1791052955873617860,8.283,map,"nav2_feedback of the target goal (map, AMCL-based estimate)",-6.0040,-1.0000,3.1416,,
1791052955883479072,8.283,map,"nav2_feedback of the target goal (map, AMCL-based estimate)",-6.0040,-1.0000,3.1416,,
1791052955893830534,8.283,map,"nav2_feedback of the target goal (map, AMCL-based estimate)",-6.0040,-1.0000,3.1416,,
1791052955904260936,8.283,map,"nav2_feedback of the target goal (map, AMCL-based estimate)",-6.0040,-1.0000,3.1416,,
1791052955913567067,8.300,map,"nav2_feedback of the target goal (map, AMCL-based estimate)",-6.0040,-1.0000,-3.1415,,
1791052955923461696,8.300,map,"nav2_feedback of the target goal (map, AMCL-based estimate)",-6.0040,-1.0000,-3.1415,,
1791052955933521110,8.317,map,"nav2_feedback of the target goal (map, AMCL-based estimate)",-6.0040,-1.0000,-3.1413,,
1791052955945442770,8.317,map,"nav2_feedback of the target goal (map, AMCL-based estimate)",-6.0040,-1.0000,-3.1413,,
1791052955953675355,8.317,map,"nav2_feedback of the target goal (map, AMCL-based estimate)",-6.0040,-1.0000,-3.1413,,
1791052955963563281,8.317,map,"nav2_feedback of the target goal (map, AMCL-based estimate)",-6.0040,-1.0000,-3.1413,,
1791052955973361862,8.317,map,"nav2_feedback of the target goal (map, AMCL-based estimate)",-6.0040,-1.0000,-3.1413,,
1791052955983528630,8.317,map,"nav2_feedback of the target goal (map, AMCL-based estimate)",-6.0040,-1.0000,-3.1413,,
1791052955993794148,8.317,map,"nav2_feedback of the target goal (map, AMCL-based estimate)",-6.0040,-1.0000,-3.1413,,
1791052956003538501,8.317,map,"nav2_feedback of the target goal (map, AMCL-based estimate)",-6.0040,-1.0000,-3.1413,,
1791052956013574603,8.333,map,"nav2_feedback of the target goal (map, AMCL-based estimate)",-6.0040,-1.0000,-3.1411,,
1791052956023699550,8.333,map,"nav2_feedback of the target goal (map, AMCL-based estimate)",-6.0040,-1.0000,-3.1411,,
1791052956033515239,8.350,map,"nav2_feedback of the target goal (map, AMCL-based estimate)",-6.0041,-1.0000,-3.1407,,
1791052956043790562,8.350,map,"nav2_feedback of the target goal (map, AMCL-based estimate)",-6.0041,-1.0000,-3.1407,,
1791052956053650374,8.350,map,"nav2_feedback of the target goal (map, AMCL-based estimate)",-6.0041,-1.0000,-3.1407,,
1791052956064314995,8.350,map,"nav2_feedback of the target goal (map, AMCL-based estimate)",-6.0041,-1.0000,-3.1407,,
1791052956073946091,8.350,map,"nav2_feedback of the target goal (map, AMCL-based estimate)",-6.0041,-1.0000,-3.1407,,
1791052956083583290,8.350,map,"nav2_feedback of the target goal (map, AMCL-based estimate)",-6.0041,-1.0000,-3.1407,,
1791052956094626403,8.350,map,"nav2_feedback of the target goal (map, AMCL-based estimate)",-6.0041,-1.0000,-3.1407,,
1791052956103623477,8.367,map,"nav2_feedback of the target goal (map, AMCL-based estimate)",-6.0041,-1.0000,-3.1400,,
1791052956113670584,8.367,map,"nav2_feedback of the target goal (map, AMCL-based estimate)",-6.0041,-1.0000,-3.1400,,
1791052956123962416,8.367,map,"nav2_feedback of the target goal (map, AMCL-based estimate)",-6.0041,-1.0000,-3.1400,,
1791052956133831632,8.383,map,"nav2_feedback of the target goal (map, AMCL-based estimate)",-6.0041,-1.0000,-3.1390,,
1791052956143538066,8.383,map,"nav2_feedback of the target goal (map, AMCL-based estimate)",-6.0041,-1.0000,-3.1390,,
1791052956153747956,8.383,map,"nav2_feedback of the target goal (map, AMCL-based estimate)",-6.0041,-1.0000,-3.1390,,
1791052956163843288,8.383,map,"nav2_feedback of the target goal (map, AMCL-based estimate)",-6.0041,-1.0000,-3.1390,,
1791052956173484389,8.383,map,"nav2_feedback of the target goal (map, AMCL-based estimate)",-6.0041,-1.0000,-3.1390,,
1791052956183992630,8.383,map,"nav2_feedback of the target goal (map, AMCL-based estimate)",-6.0041,-1.0000,-3.1390,,
1791052956194279960,8.400,map,"nav2_feedback of the target goal (map, AMCL-based estimate)",-6.0041,-1.0000,-3.1375,,
1791052956898096899,8.400,map,"nav2_feedback of the target goal (map, AMCL-based estimate)",-6.0041,-1.0000,-3.1375,,
1791052956907600030,8.400,map,"nav2_feedback of the target goal (map, AMCL-based estimate)",-6.0041,-1.0000,-3.1375,,
1791052956918265552,8.417,map,"nav2_feedback of the target goal (map, AMCL-based estimate)",-6.0041,-1.0000,-3.1360,,
1791052956927707051,8.417,map,"nav2_feedback of the target goal (map, AMCL-based estimate)",-6.0041,-1.0000,-3.1360,,
1791052956937778070,8.417,map,"nav2_feedback of the target goal (map, AMCL-based estimate)",-6.0041,-1.0000,-3.1360,,
1791052956947670199,8.417,map,"nav2_feedback of the target goal (map, AMCL-based estimate)",-6.0041,-1.0000,-3.1360,,
1791052956957568130,8.417,map,"nav2_feedback of the target goal (map, AMCL-based estimate)",-6.0041,-1.0000,-3.1360,,
1791052956967611435,8.417,map,"nav2_feedback of the target goal (map, AMCL-based estimate)",-6.0041,-1.0000,-3.1360,,
1791052956978246441,8.417,map,"nav2_feedback of the target goal (map, AMCL-based estimate)",-6.0041,-1.0000,-3.1360,,
1791052956988417512,8.433,map,"nav2_feedback of the target goal (map, AMCL-based estimate)",-6.0042,-1.0000,-3.1343,,
1791052956997630695,8.433,map,"nav2_feedback of the target goal (map, AMCL-based estimate)",-6.0042,-1.0000,-3.1343,,
1791052957007616971,8.433,map,"nav2_feedback of the target goal (map, AMCL-based estimate)",-6.0042,-1.0000,-3.1343,,
1791052957017614753,8.450,map,"nav2_feedback of the target goal (map, AMCL-based estimate)",-6.0042,-1.0000,-3.1326,,
1791052957028127697,8.450,map,"nav2_feedback of the target goal (map, AMCL-based estimate)",-6.0042,-1.0000,-3.1326,,
1791052957037747487,8.450,map,"nav2_feedback of the target goal (map, AMCL-based estimate)",-6.0042,-1.0000,-3.1326,,
1791052957047545868,8.450,map,"nav2_feedback of the target goal (map, AMCL-based estimate)",-6.0042,-1.0000,-3.1326,,
1791052957057795378,8.450,map,"nav2_feedback of the target goal (map, AMCL-based estimate)",-6.0042,-1.0000,-3.1326,,
1791052957067515519,8.450,map,"nav2_feedback of the target goal (map, AMCL-based estimate)",-6.0042,-1.0000,-3.1326,,
1791052957078105302,8.450,map,"nav2_feedback of the target goal (map, AMCL-based estimate)",-6.0042,-1.0000,-3.1326,,
1791052957088440856,8.467,map,"nav2_feedback of the target goal (map, AMCL-based estimate)",-6.0042,-1.0000,-3.1308,,
1791052957098174704,8.467,map,"nav2_feedback of the target goal (map, AMCL-based estimate)",-6.0042,-1.0000,-3.1308,,
1791052957107974985,8.467,map,"nav2_feedback of the target goal (map, AMCL-based estimate)",-6.0042,-1.0000,-3.1308,,
1791052957118050307,8.483,map,"nav2_feedback of the target goal (map, AMCL-based estimate)",-6.0043,-1.0000,-3.1290,,
1791052957127718722,8.483,map,"nav2_feedback of the target goal (map, AMCL-based estimate)",-6.0043,-1.0000,-3.1290,,
1791052957137836065,8.483,map,"nav2_feedback of the target goal (map, AMCL-based estimate)",-6.0043,-1.0000,-3.1290,,
1791052957147534595,8.483,map,"nav2_feedback of the target goal (map, AMCL-based estimate)",-6.0043,-1.0000,-3.1290,,
1791052957157796511,8.483,map,"nav2_feedback of the target goal (map, AMCL-based estimate)",-6.0043,-1.0000,-3.1290,,
1791052957167728159,8.483,map,"nav2_feedback of the target goal (map, AMCL-based estimate)",-6.0043,-1.0000,-3.1290,,
1791052957177946253,8.483,map,"nav2_feedback of the target goal (map, AMCL-based estimate)",-6.0043,-1.0000,-3.1290,,
1791052957187876401,8.500,map,"nav2_feedback of the target goal (map, AMCL-based estimate)",-6.0043,-1.0000,-3.1271,,
1791052957197868580,8.500,map,"nav2_feedback of the target goal (map, AMCL-based estimate)",-6.0043,-1.0000,-3.1271,,
1791052957207811435,8.500,map,"nav2_feedback of the target goal (map, AMCL-based estimate)",-6.0043,-1.0000,-3.1271,,
1791052957218080054,8.517,map,"nav2_feedback of the target goal (map, AMCL-based estimate)",-6.0044,-1.0000,-3.1253,,
1791052957227662625,8.517,map,"nav2_feedback of the target goal (map, AMCL-based estimate)",-6.0044,-1.0000,-3.1253,,
1791052957237836497,8.517,map,"nav2_feedback of the target goal (map, AMCL-based estimate)",-6.0044,-1.0000,-3.1253,,
1791052957247693408,8.517,map,"nav2_feedback of the target goal (map, AMCL-based estimate)",-6.0044,-1.0000,-3.1253,,
1791052957257629158,8.517,map,"nav2_feedback of the target goal (map, AMCL-based estimate)",-6.0044,-1.0000,-3.1253,,
1791052957267670362,8.517,map,"nav2_feedback of the target goal (map, AMCL-based estimate)",-6.0044,-1.0000,-3.1253,,
1791052957278215623,8.517,map,"nav2_feedback of the target goal (map, AMCL-based estimate)",-6.0044,-1.0000,-3.1253,,
1791052957288162779,8.533,map,"nav2_feedback of the target goal (map, AMCL-based estimate)",-6.0044,-1.0000,-3.1234,,
1791052957297974467,8.533,map,"nav2_feedback of the target goal (map, AMCL-based estimate)",-6.0044,-1.0000,-3.1234,,
1791052957307948136,8.533,map,"nav2_feedback of the target goal (map, AMCL-based estimate)",-6.0044,-1.0000,-3.1234,,
1791052957317999046,8.550,map,"nav2_feedback of the target goal (map, AMCL-based estimate)",-6.0045,-1.0000,-3.1215,,
1791052957327792724,8.550,map,"nav2_feedback of the target goal (map, AMCL-based estimate)",-6.0045,-1.0000,-3.1215,,
1791052957337704963,8.550,map,"nav2_feedback of the target goal (map, AMCL-based estimate)",-6.0045,-1.0000,-3.1215,,
1791052957347709348,8.550,map,"nav2_feedback of the target goal (map, AMCL-based estimate)",-6.0045,-1.0000,-3.1215,,
1791052957359949170,8.550,map,"nav2_feedback of the target goal (map, AMCL-based estimate)",-6.0045,-1.0000,-3.1215,,
1791052957367733427,8.550,map,"nav2_feedback of the target goal (map, AMCL-based estimate)",-6.0045,-1.0000,-3.1215,,
1791052957377779133,8.550,map,"nav2_feedback of the target goal (map, AMCL-based estimate)",-6.0045,-1.0000,-3.1215,,
1791052957387809732,8.567,map,"nav2_feedback of the target goal (map, AMCL-based estimate)",-6.0045,-1.0000,-3.1196,,
1791052957397586902,8.567,map,"nav2_feedback of the target goal (map, AMCL-based estimate)",-6.0045,-1.0000,-3.1196,,
1791052957407829208,8.583,map,"nav2_feedback of the target goal (map, AMCL-based estimate)",-6.0046,-1.0000,-3.1177,,
1791052957417848702,8.583,map,"nav2_feedback of the target goal (map, AMCL-based estimate)",-6.0046,-1.0000,-3.1177,,
1791052957427836979,8.583,map,"nav2_feedback of the target goal (map, AMCL-based estimate)",-6.0046,-1.0000,-3.1177,,
1791052957437784735,8.583,map,"nav2_feedback of the target goal (map, AMCL-based estimate)",-6.0046,-1.0000,-3.1177,,
1791052957447864059,8.583,map,"nav2_feedback of the target goal (map, AMCL-based estimate)",-6.0046,-1.0000,-3.1177,,
1791052957457772796,8.583,map,"nav2_feedback of the target goal (map, AMCL-based estimate)",-6.0046,-1.0000,-3.1177,,
1791052957468446622,8.583,map,"nav2_feedback of the target goal (map, AMCL-based estimate)",-6.0046,-1.0000,-3.1177,,
1791052957478035496,8.600,map,"nav2_feedback of the target goal (map, AMCL-based estimate)",-6.0046,-1.0000,-3.1157,,
1791052957488989164,8.600,map,"nav2_feedback of the target goal (map, AMCL-based estimate)",-6.0046,-1.0000,-3.1157,,
1791052957497875481,8.600,map,"nav2_feedback of the target goal (map, AMCL-based estimate)",-6.0046,-1.0000,-3.1157,,
1791052957507850051,8.617,map,"nav2_feedback of the target goal (map, AMCL-based estimate)",-6.0047,-1.0000,-3.1137,,
1791052957517812716,8.617,map,"nav2_feedback of the target goal (map, AMCL-based estimate)",-6.0047,-1.0000,-3.1137,,
1791052957527763074,8.617,map,"nav2_feedback of the target goal (map, AMCL-based estimate)",-6.0047,-1.0000,-3.1137,,
1791052957537875514,8.617,map,"nav2_feedback of the target goal (map, AMCL-based estimate)",-6.0047,-1.0000,-3.1137,,
1791052957547605560,8.617,map,"nav2_feedback of the target goal (map, AMCL-based estimate)",-6.0047,-1.0000,-3.1137,,
1791052957557929008,8.617,map,"nav2_feedback of the target goal (map, AMCL-based estimate)",-6.0047,-1.0000,-3.1137,,
1791052957568103480,8.617,map,"nav2_feedback of the target goal (map, AMCL-based estimate)",-6.0047,-1.0000,-3.1137,,
1791052957577767692,8.633,map,"nav2_feedback of the target goal (map, AMCL-based estimate)",-6.0048,-1.0000,-3.1117,,
1791052957587793789,8.633,map,"nav2_feedback of the target goal (map, AMCL-based estimate)",-6.0048,-1.0000,-3.1117,,
1791052957597817884,8.650,map,"nav2_feedback of the target goal (map, AMCL-based estimate)",-6.0049,-1.0000,-3.1097,,
1791052957607848483,8.650,map,"nav2_feedback of the target goal (map, AMCL-based estimate)",-6.0049,-1.0000,-3.1097,,
1791052957617893989,8.650,map,"nav2_feedback of the target goal (map, AMCL-based estimate)",-6.0049,-1.0000,-3.1097,,
1791052957627768709,8.650,map,"nav2_feedback of the target goal (map, AMCL-based estimate)",-6.0049,-1.0000,-3.1097,,
1791052957637638426,8.650,map,"nav2_feedback of the target goal (map, AMCL-based estimate)",-6.0049,-1.0000,-3.1097,,
1791052957647572576,8.650,map,"nav2_feedback of the target goal (map, AMCL-based estimate)",-6.0049,-1.0000,-3.1097,,
1791052957657958655,8.650,map,"nav2_feedback of the target goal (map, AMCL-based estimate)",-6.0049,-1.0000,-3.1097,,
1791052957668230777,8.650,map,"nav2_feedback of the target goal (map, AMCL-based estimate)",-6.0049,-1.0000,-3.1097,,
1791052957677936210,8.667,map,"nav2_feedback of the target goal (map, AMCL-based estimate)",-6.0050,-1.0000,-3.1077,,
1791052957688213334,8.667,map,"nav2_feedback of the target goal (map, AMCL-based estimate)",-6.0050,-1.0000,-3.1077,,
1791052957697808712,8.683,map,"nav2_feedback of the target goal (map, AMCL-based estimate)",-6.0050,-1.0000,-3.1056,,
1791052957707660620,8.683,map,"nav2_feedback of the target goal (map, AMCL-based estimate)",-6.0050,-1.0000,-3.1056,,
1791052957717756752,8.683,map,"nav2_feedback of the target goal (map, AMCL-based estimate)",-6.0050,-1.0000,-3.1056,,
1791052957728410167,8.683,map,"nav2_feedback of the target goal (map, AMCL-based estimate)",-6.0050,-1.0000,-3.1056,,
1791052957738012448,8.683,map,"nav2_feedback of the target goal (map, AMCL-based estimate)",-6.0050,-1.0000,-3.1056,,
1791052957747694970,8.683,map,"nav2_feedback of the target goal (map, AMCL-based estimate)",-6.0050,-1.0000,-3.1056,,
1791052957758378501,8.683,map,"nav2_feedback of the target goal (map, AMCL-based estimate)",-6.0050,-1.0000,-3.1056,,
1791052957767845513,8.683,map,"nav2_feedback of the target goal (map, AMCL-based estimate)",-6.0050,-1.0000,-3.1056,,
1791052957778181367,8.700,map,"nav2_feedback of the target goal (map, AMCL-based estimate)",-6.0051,-1.0000,-3.1036,,
1791052957788301511,8.700,map,"nav2_feedback of the target goal (map, AMCL-based estimate)",-6.0051,-1.0000,-3.1036,,
1791052957798175931,8.700,map,"nav2_feedback of the target goal (map, AMCL-based estimate)",-6.0051,-1.0000,-3.1036,,
1791052957807992621,8.700,map,"nav2_feedback of the target goal (map, AMCL-based estimate)",-6.0051,-1.0000,-3.1036,,
1791052957817986301,8.717,map,"nav2_feedback of the target goal (map, AMCL-based estimate)",-6.0052,-1.0000,-3.1015,,
1791052957827806793,8.717,map,"nav2_feedback of the target goal (map, AMCL-based estimate)",-6.0052,-1.0000,-3.1015,,
1791052957838497027,8.717,map,"nav2_feedback of the target goal (map, AMCL-based estimate)",-6.0052,-1.0000,-3.1015,,
1791052957847563736,8.717,map,"nav2_feedback of the target goal (map, AMCL-based estimate)",-6.0052,-1.0000,-3.1015,,
1791052957857928304,8.717,map,"nav2_feedback of the target goal (map, AMCL-based estimate)",-6.0052,-1.0000,-3.1015,,
1791052957869574624,8.717,map,"nav2_feedback of the target goal (map, AMCL-based estimate)",-6.0052,-1.0000,-3.1015,,
1791052957877648228,8.733,map,"nav2_feedback of the target goal (map, AMCL-based estimate)",-6.0053,-1.0001,-3.0994,,
1791052957888134059,8.733,map,"nav2_feedback of the target goal (map, AMCL-based estimate)",-6.0053,-1.0001,-3.0994,,
1791052957897729036,8.733,map,"nav2_feedback of the target goal (map, AMCL-based estimate)",-6.0053,-1.0001,-3.0994,,
1791052957907640174,8.750,map,"nav2_feedback of the target goal (map, AMCL-based estimate)",-6.0054,-1.0001,-3.0973,,
1791052957917566020,8.750,map,"nav2_feedback of the target goal (map, AMCL-based estimate)",-6.0054,-1.0001,-3.0973,,
1791052957928131390,8.750,map,"nav2_feedback of the target goal (map, AMCL-based estimate)",-6.0054,-1.0001,-3.0973,,
1791052957938214616,8.750,map,"nav2_feedback of the target goal (map, AMCL-based estimate)",-6.0054,-1.0001,-3.0973,,
1791052957947512142,8.750,map,"nav2_feedback of the target goal (map, AMCL-based estimate)",-6.0054,-1.0001,-3.0973,,
1791052957957534937,8.750,map,"nav2_feedback of the target goal (map, AMCL-based estimate)",-6.0054,-1.0001,-3.0973,,
1791052957968242780,8.750,map,"nav2_feedback of the target goal (map, AMCL-based estimate)",-6.0054,-1.0001,-3.0973,,
1791052957977922700,8.767,map,"nav2_feedback of the target goal (map, AMCL-based estimate)",-6.0056,-1.0001,-3.0952,,
1791052957987734088,8.767,map,"nav2_feedback of the target goal (map, AMCL-based estimate)",-6.0056,-1.0001,-3.0952,,
1791052957997493449,8.767,map,"nav2_feedback of the target goal (map, AMCL-based estimate)",-6.0056,-1.0001,-3.0952,,
1791052958008096538,8.783,map,"nav2_feedback of the target goal (map, AMCL-based estimate)",-6.0057,-1.0001,-3.0930,,
1791052958017730636,8.783,map,"nav2_feedback of the target goal (map, AMCL-based estimate)",-6.0057,-1.0001,-3.0930,,
1791052958027951531,8.783,map,"nav2_feedback of the target goal (map, AMCL-based estimate)",-6.0057,-1.0001,-3.0930,,
1791052958038027153,8.783,map,"nav2_feedback of the target goal (map, AMCL-based estimate)",-6.0057,-1.0001,-3.0930,,
1791052958047768805,8.783,map,"nav2_feedback of the target goal (map, AMCL-based estimate)",-6.0057,-1.0001,-3.0930,,
1791052958057778893,8.783,map,"nav2_feedback of the target goal (map, AMCL-based estimate)",-6.0057,-1.0001,-3.0930,,
1791052958067548659,8.800,map,"nav2_feedback of the target goal (map, AMCL-based estimate)",-6.0058,-1.0001,-3.0908,,
1791052958077766653,8.800,map,"nav2_feedback of the target goal (map, AMCL-based estimate)",-6.0058,-1.0001,-3.0908,,
1791052958088062487,8.800,map,"nav2_feedback of the target goal (map, AMCL-based estimate)",-6.0058,-1.0001,-3.0908,,
1791052958097708590,8.817,map,"nav2_feedback of the target goal (map, AMCL-based estimate)",-6.0059,-1.0001,-3.0886,,
1791052958107724282,8.817,map,"nav2_feedback of the target goal (map, AMCL-based estimate)",-6.0059,-1.0001,-3.0886,,
1791052958117778492,8.817,map,"nav2_feedback of the target goal (map, AMCL-based estimate)",-6.0059,-1.0001,-3.0886,,
1791052958127922049,8.817,map,"nav2_feedback of the target goal (map, AMCL-based estimate)",-6.0059,-1.0001,-3.0886,,
1791052958137789965,8.817,map,"nav2_feedback of the target goal (map, AMCL-based estimate)",-6.0059,-1.0001,-3.0886,,
1791052958147593848,8.817,map,"nav2_feedback of the target goal (map, AMCL-based estimate)",-6.0059,-1.0001,-3.0886,,
1791052958159733619,8.817,map,"nav2_feedback of the target goal (map, AMCL-based estimate)",-6.0059,-1.0001,-3.0886,,
1791052958167798319,8.833,map,"nav2_feedback of the target goal (map, AMCL-based estimate)",-6.0060,-1.0001,-3.0864,,
1791052958177806106,8.833,map,"nav2_feedback of the target goal (map, AMCL-based estimate)",-6.0060,-1.0001,-3.0864,,
1791052958188251415,8.833,map,"nav2_feedback of the target goal (map, AMCL-based estimate)",-6.0060,-1.0001,-3.0864,,
1791052958197868004,8.850,map,"nav2_feedback of the target goal (map, AMCL-based estimate)",-6.0062,-1.0001,-3.0841,,
1791052958207792248,8.850,map,"nav2_feedback of the target goal (map, AMCL-based estimate)",-6.0062,-1.0001,-3.0841,,
1791052958217819345,8.850,map,"nav2_feedback of the target goal (map, AMCL-based estimate)",-6.0062,-1.0001,-3.0841,,
1791052958227822230,8.850,map,"nav2_feedback of the target goal (map, AMCL-based estimate)",-6.0062,-1.0001,-3.0841,,
1791052958237805405,8.850,map,"nav2_feedback of the target goal (map, AMCL-based estimate)",-6.0062,-1.0001,-3.0841,,
1791052958249450824,8.850,map,"nav2_feedback of the target goal (map, AMCL-based estimate)",-6.0062,-1.0001,-3.0841,,
1791052958258028685,8.850,map,"nav2_feedback of the target goal (map, AMCL-based estimate)",-6.0062,-1.0001,-3.0841,,
1791052958267593047,8.867,map,"nav2_feedback of the target goal (map, AMCL-based estimate)",-6.0063,-1.0001,-3.0818,,
1791052958277788229,8.867,map,"nav2_feedback of the target goal (map, AMCL-based estimate)",-6.0063,-1.0001,-3.0818,,
1791052958287824331,8.867,map,"nav2_feedback of the target goal (map, AMCL-based estimate)",-6.0063,-1.0001,-3.0818,,
1791052958297970588,8.883,map,"nav2_feedback of the target goal (map, AMCL-based estimate)",-6.0064,-1.0001,-3.0795,,
1791052958307605586,8.883,map,"nav2_feedback of the target goal (map, AMCL-based estimate)",-6.0064,-1.0001,-3.0795,,
1791052958317797066,8.883,map,"nav2_feedback of the target goal (map, AMCL-based estimate)",-6.0064,-1.0001,-3.0795,,
1791052958328043875,8.883,map,"nav2_feedback of the target goal (map, AMCL-based estimate)",-6.0064,-1.0001,-3.0795,,
1791052958338230753,8.883,map,"nav2_feedback of the target goal (map, AMCL-based estimate)",-6.0064,-1.0001,-3.0795,,
1791052958347827131,8.883,map,"nav2_feedback of the target goal (map, AMCL-based estimate)",-6.0064,-1.0001,-3.0795,,
1791052958357844724,8.883,map,"nav2_feedback of the target goal (map, AMCL-based estimate)",-6.0064,-1.0001,-3.0795,,
1791052958367765767,8.883,map,"nav2_feedback of the target goal (map, AMCL-based estimate)",-6.0064,-1.0001,-3.0795,,
1791052958377875606,8.900,map,"nav2_feedback of the target goal (map, AMCL-based estimate)",-6.0066,-1.0001,-3.0772,,
1791052958388186947,8.900,map,"nav2_feedback of the target goal (map, AMCL-based estimate)",-6.0066,-1.0001,-3.0772,,
1791052958397703385,8.900,map,"nav2_feedback of the target goal (map, AMCL-based estimate)",-6.0066,-1.0001,-3.0772,,
1791052958407762198,8.917,map,"nav2_feedback of the target goal (map, AMCL-based estimate)",-6.0067,-1.0001,-3.0748,,
1791052958418113059,8.917,map,"nav2_feedback of the target goal (map, AMCL-based estimate)",-6.0067,-1.0001,-3.0748,,
1791052958427945357,8.917,map,"nav2_feedback of the target goal (map, AMCL-based estimate)",-6.0067,-1.0001,-3.0748,,
1791052958438057197,8.917,map,"nav2_feedback of the target goal (map, AMCL-based estimate)",-6.0067,-1.0001,-3.0748,,
1791052958447729714,8.917,map,"nav2_feedback of the target goal (map, AMCL-based estimate)",-6.0067,-1.0001,-3.0748,,
1791052958457925897,8.917,map,"nav2_feedback of the target goal (map, AMCL-based estimate)",-6.0067,-1.0001,-3.0748,,
1791052958468162901,8.917,map,"nav2_feedback of the target goal (map, AMCL-based estimate)",-6.0067,-1.0001,-3.0748,,
1791052958477947074,8.933,map,"nav2_feedback of the target goal (map, AMCL-based estimate)",-6.0068,-1.0001,-3.0724,,
1791052958487992981,8.933,map,"nav2_feedback of the target goal (map, AMCL-based estimate)",-6.0068,-1.0001,-3.0724,,
1791052958497717424,8.950,map,"nav2_feedback of the target goal (map, AMCL-based estimate)",-6.0070,-1.0002,-3.0700,,
1791052958507969135,8.950,map,"nav2_feedback of the target goal (map, AMCL-based estimate)",-6.0070,-1.0002,-3.0700,,
1791052958518378827,8.950,map,"nav2_feedback of the target goal (map, AMCL-based estimate)",-6.0070,-1.0002,-3.0700,,
1791052958528198619,8.950,map,"nav2_feedback of the target goal (map, AMCL-based estimate)",-6.0070,-1.0002,-3.0700,,
1791052958537856828,8.950,map,"nav2_feedback of the target goal (map, AMCL-based estimate)",-6.0070,-1.0002,-3.0700,,
1791052958547838302,8.950,map,"nav2_feedback of the target goal (map, AMCL-based estimate)",-6.0070,-1.0002,-3.0700,,
1791052958558029082,8.950,map,"nav2_feedback of the target goal (map, AMCL-based estimate)",-6.0070,-1.0002,-3.0700,,
1791052958567752425,8.967,map,"nav2_feedback of the target goal (map, AMCL-based estimate)",-6.0071,-1.0002,-3.0675,,
1791052958577669666,8.967,map,"nav2_feedback of the target goal (map, AMCL-based estimate)",-6.0071,-1.0002,-3.0675,,
1791052958587750190,8.967,map,"nav2_feedback of the target goal (map, AMCL-based estimate)",-6.0071,-1.0002,-3.0675,,
1791052958598097750,8.983,map,"nav2_feedback of the target goal (map, AMCL-based estimate)",-6.0073,-1.0002,-3.0650,,
1791052958607554857,8.983,map,"nav2_feedback of the target goal (map, AMCL-based estimate)",-6.0073,-1.0002,-3.0650,,
1791052958617623475,8.983,map,"nav2_feedback of the target goal (map, AMCL-based estimate)",-6.0073,-1.0002,-3.0650,,
1791052958627782739,8.983,map,"nav2_feedback of the target goal (map, AMCL-based estimate)",-6.0073,-1.0002,-3.0650,,
1791052958637819241,8.983,map,"nav2_feedback of the target goal (map, AMCL-based estimate)",-6.0073,-1.0002,-3.0650,,
1791052958648240939,8.983,map,"nav2_feedback of the target goal (map, AMCL-based estimate)",-6.0073,-1.0002,-3.0650,,
1791052958658164283,8.983,map,"nav2_feedback of the target goal (map, AMCL-based estimate)",-6.0073,-1.0002,-3.0650,,
1791052958667707334,9.000,map,"nav2_feedback of the target goal (map, AMCL-based estimate)",-6.0074,-1.0002,-3.0625,,
1791052958677820775,9.000,map,"nav2_feedback of the target goal (map, AMCL-based estimate)",-6.0074,-1.0002,-3.0625,,
1791052958688178440,9.000,map,"nav2_feedback of the target goal (map, AMCL-based estimate)",-6.0074,-1.0002,-3.0625,,
1791052958697759410,9.017,map,"nav2_feedback of the target goal (map, AMCL-based estimate)",-6.0076,-1.0002,-3.0600,,
1791052958707599212,9.017,map,"nav2_feedback of the target goal (map, AMCL-based estimate)",-6.0076,-1.0002,-3.0600,,
1791052958718573190,9.017,map,"nav2_feedback of the target goal (map, AMCL-based estimate)",-6.0076,-1.0002,-3.0600,,
1791052958728157062,9.017,map,"nav2_feedback of the target goal (map, AMCL-based estimate)",-6.0076,-1.0002,-3.0600,,
1791052958737891410,9.017,map,"nav2_feedback of the target goal (map, AMCL-based estimate)",-6.0076,-1.0002,-3.0600,,
1791052958747731512,9.017,map,"nav2_feedback of the target goal (map, AMCL-based estimate)",-6.0076,-1.0002,-3.0600,,
1791052958757792526,9.017,map,"nav2_feedback of the target goal (map, AMCL-based estimate)",-6.0076,-1.0002,-3.0600,,
1791052958767703665,9.017,map,"nav2_feedback of the target goal (map, AMCL-based estimate)",-6.0076,-1.0002,-3.0600,,
1791052958777848922,9.033,map,"nav2_feedback of the target goal (map, AMCL-based estimate)",-6.0077,-1.0002,-3.0574,,
1791052958788019291,9.033,map,"nav2_feedback of the target goal (map, AMCL-based estimate)",-6.0077,-1.0002,-3.0574,,
1791052958797742334,9.033,map,"nav2_feedback of the target goal (map, AMCL-based estimate)",-6.0077,-1.0002,-3.0574,,
1791052958807730811,9.050,map,"nav2_feedback of the target goal (map, AMCL-based estimate)",-6.0079,-1.0002,-3.0548,,
1791052958817698878,9.050,map,"nav2_feedback of the target goal (map, AMCL-based estimate)",-6.0079,-1.0002,-3.0548,,
1791052958827965997,9.050,map,"nav2_feedback of the target goal (map, AMCL-based estimate)",-6.0079,-1.0002,-3.0548,,
1791052958839776201,9.050,map,"nav2_feedback of the target goal (map, AMCL-based estimate)",-6.0079,-1.0002,-3.0548,,
1791052958847630893,9.050,map,"nav2_feedback of the target goal (map, AMCL-based estimate)",-6.0079,-1.0002,-3.0548,,
1791052958857691708,9.050,map,"nav2_feedback of the target goal (map, AMCL-based estimate)",-6.0079,-1.0002,-3.0548,,
1791052958867713702,9.050,map,"nav2_feedback of the target goal (map, AMCL-based estimate)",-6.0079,-1.0002,-3.0548,,
1791052958878355511,9.067,map,"nav2_feedback of the target goal (map, AMCL-based estimate)",-6.0081,-1.0003,-3.0522,,
1791052958888327380,9.067,map,"nav2_feedback of the target goal (map, AMCL-based estimate)",-6.0081,-1.0003,-3.0522,,
1791052958897533260,9.083,map,"nav2_feedback of the target goal (map, AMCL-based estimate)",-6.0082,-1.0003,-3.0495,,
1791052958907626791,9.083,map,"nav2_feedback of the target goal (map, AMCL-based estimate)",-6.0082,-1.0003,-3.0495,,
1791052958917736230,9.083,map,"nav2_feedback of the target goal (map, AMCL-based estimate)",-6.0082,-1.0003,-3.0495,,
1791052958928147222,9.083,map,"nav2_feedback of the target goal (map, AMCL-based estimate)",-6.0082,-1.0003,-3.0495,,
1791052958937825942,9.083,map,"nav2_feedback of the target goal (map, AMCL-based estimate)",-6.0082,-1.0003,-3.0495,,
1791052958947997112,9.083,map,"nav2_feedback of the target goal (map, AMCL-based estimate)",-6.0082,-1.0003,-3.0495,,
1791052958957891742,9.083,map,"nav2_feedback of the target goal (map, AMCL-based estimate)",-6.0082,-1.0003,-3.0495,,
1791052958968388277,9.100,map,"nav2_feedback of the target goal (map, AMCL-based estimate)",-6.0084,-1.0003,-3.0467,,
1791052958977777850,9.100,map,"nav2_feedback of the target goal (map, AMCL-based estimate)",-6.0084,-1.0003,-3.0467,,
1791052958987792941,9.100,map,"nav2_feedback of the target goal (map, AMCL-based estimate)",-6.0084,-1.0003,-3.0467,,
1791052958998015437,9.117,map,"nav2_feedback of the target goal (map, AMCL-based estimate)",-6.0086,-1.0003,-3.0434,,
1791052959007555387,9.117,map,"nav2_feedback of the target goal (map, AMCL-based estimate)",-6.0086,-1.0003,-3.0434,,
1791052959017602794,9.117,map,"nav2_feedback of the target goal (map, AMCL-based estimate)",-6.0086,-1.0003,-3.0434,,
1791052959027622788,9.117,map,"nav2_feedback of the target goal (map, AMCL-based estimate)",-6.0086,-1.0003,-3.0434,,
1791052959038110619,9.117,map,"nav2_feedback of the target goal (map, AMCL-based estimate)",-6.0086,-1.0003,-3.0434,,
1791052959047855973,9.117,map,"nav2_feedback of the target goal (map, AMCL-based estimate)",-6.0086,-1.0003,-3.0434,,
1791052959057975216,9.117,map,"nav2_feedback of the target goal (map, AMCL-based estimate)",-6.0086,-1.0003,-3.0434,,
1791052959068090858,9.133,map,"nav2_feedback of the target goal (map, AMCL-based estimate)",-6.0087,-1.0003,-3.0397,,
1791052959077724756,9.133,map,"nav2_feedback of the target goal (map, AMCL-based estimate)",-6.0087,-1.0003,-3.0397,,
1791052959088137248,9.133,map,"nav2_feedback of the target goal (map, AMCL-based estimate)",-6.0087,-1.0003,-3.0397,,
1791052959097602460,9.150,map,"nav2_feedback of the target goal (map, AMCL-based estimate)",-6.0089,-1.0003,-3.0353,,
1791052959107611848,9.150,map,"nav2_feedback of the target goal (map, AMCL-based estimate)",-6.0089,-1.0003,-3.0353,,
1791052959117814734,9.150,map,"nav2_feedback of the target goal (map, AMCL-based estimate)",-6.0089,-1.0003,-3.0353,,
1791052959128001913,9.150,map,"nav2_feedback of the target goal (map, AMCL-based estimate)",-6.0089,-1.0003,-3.0353,,
1791052959137758172,9.150,map,"nav2_feedback of the target goal (map, AMCL-based estimate)",-6.0089,-1.0003,-3.0353,,
1791052959147707730,9.150,map,"nav2_feedback of the target goal (map, AMCL-based estimate)",-6.0089,-1.0003,-3.0353,,
1791052959158294111,9.150,map,"nav2_feedback of the target goal (map, AMCL-based estimate)",-6.0089,-1.0003,-3.0353,,
1791052959167660472,9.167,map,"nav2_feedback of the target goal (map, AMCL-based estimate)",-6.0091,-1.0004,-3.0303,,
1791052959177765909,9.167,map,"nav2_feedback of the target goal (map, AMCL-based estimate)",-6.0091,-1.0004,-3.0303,,
1791052959187948485,9.167,map,"nav2_feedback of the target goal (map, AMCL-based estimate)",-6.0091,-1.0004,-3.0303,,
1791052959197604093,9.183,map,"nav2_feedback of the target goal (map, AMCL-based estimate)",-6.0093,-1.0004,-3.0246,,
1791052959207620785,9.183,map,"nav2_feedback of the target goal (map, AMCL-based estimate)",-6.0093,-1.0004,-3.0246,,
1791052959217723720,9.183,map,"nav2_feedback of the target goal (map, AMCL-based estimate)",-6.0093,-1.0004,-3.0246,,
1791052959227952420,9.183,map,"nav2_feedback of the target goal (map, AMCL-based estimate)",-6.0093,-1.0004,-3.0246,,
1791052959237847450,9.183,map,"nav2_feedback of the target goal (map, AMCL-based estimate)",-6.0093,-1.0004,-3.0246,,
1791052959247817318,9.183,map,"nav2_feedback of the target goal (map, AMCL-based estimate)",-6.0093,-1.0004,-3.0246,,
1791052959257724954,9.183,map,"nav2_feedback of the target goal (map, AMCL-based estimate)",-6.0093,-1.0004,-3.0246,,
1791052959269160567,9.200,map,"nav2_feedback of the target goal (map, AMCL-based estimate)",-6.0095,-1.0004,-3.0182,,
1791052959277701208,9.200,map,"nav2_feedback of the target goal (map, AMCL-based estimate)",-6.0095,-1.0004,-3.0182,,
1791052959288233462,9.217,map,"nav2_feedback of the target goal (map, AMCL-based estimate)",-6.0097,-1.0005,-3.0111,,
1791052959297608227,9.217,map,"nav2_feedback of the target goal (map, AMCL-based estimate)",-6.0097,-1.0005,-3.0111,,
1791052959307534873,9.217,map,"nav2_feedback of the target goal (map, AMCL-based estimate)",-6.0097,-1.0005,-3.0111,,
1791052959317680231,9.217,map,"nav2_feedback of the target goal (map, AMCL-based estimate)",-6.0097,-1.0005,-3.0111,,
1791052959327715232,9.217,map,"nav2_feedback of the target goal (map, AMCL-based estimate)",-6.0097,-1.0005,-3.0111,,
1791052959338030275,9.217,map,"nav2_feedback of the target goal (map, AMCL-based estimate)",-6.0097,-1.0005,-3.0111,,
1791052959349346527,9.217,map,"nav2_feedback of the target goal (map, AMCL-based estimate)",-6.0097,-1.0005,-3.0111,,
1791052959358123489,9.233,map,"nav2_feedback of the target goal (map, AMCL-based estimate)",-6.0099,-1.0005,-3.0032,,
1791052959367862639,9.233,map,"nav2_feedback of the target goal (map, AMCL-based estimate)",-6.0099,-1.0005,-3.0032,,
1791052959377678129,9.233,map,"nav2_feedback of the target goal (map, AMCL-based estimate)",-6.0099,-1.0005,-3.0032,,
1791052959387877113,9.250,map,"nav2_feedback of the target goal (map, AMCL-based estimate)",-6.0101,-1.0005,-2.9945,,
1791052959397768141,9.250,map,"nav2_feedback of the target goal (map, AMCL-based estimate)",-6.0101,-1.0005,-2.9945,,
1791052959407683381,9.250,map,"nav2_feedback of the target goal (map, AMCL-based estimate)",-6.0101,-1.0005,-2.9945,,
1791052959417692669,9.250,map,"nav2_feedback of the target goal (map, AMCL-based estimate)",-6.0101,-1.0005,-2.9945,,
1791052959427573592,9.250,map,"nav2_feedback of the target goal (map, AMCL-based estimate)",-6.0101,-1.0005,-2.9945,,
1791052959437919951,9.250,map,"nav2_feedback of the target goal (map, AMCL-based estimate)",-6.0101,-1.0005,-2.9945,,
1791052959447964657,9.250,map,"nav2_feedback of the target goal (map, AMCL-based estimate)",-6.0101,-1.0005,-2.9945,,
1791052959457964941,9.267,map,"nav2_feedback of the target goal (map, AMCL-based estimate)",-6.0103,-1.0006,-2.9853,,
1791052959467654466,9.267,map,"nav2_feedback of the target goal (map, AMCL-based estimate)",-6.0103,-1.0006,-2.9853,,
1791052959477766506,9.267,map,"nav2_feedback of the target goal (map, AMCL-based estimate)",-6.0103,-1.0006,-2.9853,,
1791052959488547386,9.283,map,"nav2_feedback of the target goal (map, AMCL-based estimate)",-6.0105,-1.0006,-2.9756,,
1791052959497639308,9.283,map,"nav2_feedback of the target goal (map, AMCL-based estimate)",-6.0105,-1.0006,-2.9756,,
1791052959507547044,9.283,map,"nav2_feedback of the target goal (map, AMCL-based estimate)",-6.0105,-1.0006,-2.9756,,
1791052959517719615,9.283,map,"nav2_feedback of the target goal (map, AMCL-based estimate)",-6.0105,-1.0006,-2.9756,,
1791052959527938910,9.283,map,"nav2_feedback of the target goal (map, AMCL-based estimate)",-6.0105,-1.0006,-2.9756,,
1791052959538413334,9.283,map,"nav2_feedback of the target goal (map, AMCL-based estimate)",-6.0105,-1.0006,-2.9756,,
1791052959547759385,9.300,map,"nav2_feedback of the target goal (map, AMCL-based estimate)",-6.0107,-1.0006,-2.9655,,
1791052959557847513,9.300,map,"nav2_feedback of the target goal (map, AMCL-based estimate)",-6.0107,-1.0006,-2.9655,,
1791052959567645894,9.300,map,"nav2_feedback of the target goal (map, AMCL-based estimate)",-6.0107,-1.0006,-2.9655,,
1791052959577799555,9.317,map,"nav2_feedback of the target goal (map, AMCL-based estimate)",-6.0109,-1.0007,-2.9552,,
1791052959587738708,9.317,map,"nav2_feedback of the target goal (map, AMCL-based estimate)",-6.0109,-1.0007,-2.9552,,
1791052959597548994,9.317,map,"nav2_feedback of the target goal (map, AMCL-based estimate)",-6.0109,-1.0007,-2.9552,,
1791052959607541474,9.317,map,"nav2_feedback of the target goal (map, AMCL-based estimate)",-6.0109,-1.0007,-2.9552,,
1791052959617822800,9.317,map,"nav2_feedback of the target goal (map, AMCL-based estimate)",-6.0109,-1.0007,-2.9552,,
1791052959627836991,9.317,map,"nav2_feedback of the target goal (map, AMCL-based estimate)",-6.0109,-1.0007,-2.9552,,
1791052959638390655,9.317,map,"nav2_feedback of the target goal (map, AMCL-based estimate)",-6.0109,-1.0007,-2.9552,,
1791052959647688482,9.333,map,"nav2_feedback of the target goal (map, AMCL-based estimate)",-6.0111,-1.0007,-2.9447,,
1791052959658392423,9.333,map,"nav2_feedback of the target goal (map, AMCL-based estimate)",-6.0111,-1.0007,-2.9447,,
1791052959667772891,9.333,map,"nav2_feedback of the target goal (map, AMCL-based estimate)",-6.0111,-1.0007,-2.9447,,
1791052959677868223,9.350,map,"nav2_feedback of the target goal (map, AMCL-based estimate)",-6.0113,-1.0008,-2.9340,,
1791052959689843710,9.350,map,"nav2_feedback of the target goal (map, AMCL-based estimate)",-6.0113,-1.0008,-2.9340,,
1791052959697503103,9.350,map,"nav2_feedback of the target goal (map, AMCL-based estimate)",-6.0113,-1.0008,-2.9340,,
1791052959707616845,9.350,map,"nav2_feedback of the target goal (map, AMCL-based estimate)",-6.0113,-1.0008,-2.9340,,
1791052959717658849,9.350,map,"nav2_feedback of the target goal (map, AMCL-based estimate)",-6.0113,-1.0008,-2.9340,,
1791052959728014113,9.350,map,"nav2_feedback of the target goal (map, AMCL-based estimate)",-6.0113,-1.0008,-2.9340,,
1791052959738138960,9.350,map,"nav2_feedback of the target goal (map, AMCL-based estimate)",-6.0113,-1.0008,-2.9340,,
1791052959747762852,9.367,map,"nav2_feedback of the target goal (map, AMCL-based estimate)",-6.0115,-1.0008,-2.9232,,
1791052959757674890,9.367,map,"nav2_feedback of the target goal (map, AMCL-based estimate)",-6.0115,-1.0008,-2.9232,,
1791052959768240561,9.383,map,"nav2_feedback of the target goal (map, AMCL-based estimate)",-6.0117,-1.0009,-2.9123,,
1791052959777626632,9.383,map,"nav2_feedback of the target goal (map, AMCL-based estimate)",-6.0117,-1.0009,-2.9123,,
1791052959787792300,9.383,map,"nav2_feedback of the target goal (map, AMCL-based estimate)",-6.0117,-1.0009,-2.9123,,
1791052959797671321,9.383,map,"nav2_feedback of the target goal (map, AMCL-based estimate)",-6.0117,-1.0009,-2.9123,,
1791052959807681710,9.383,map,"nav2_feedback of the target goal (map, AMCL-based estimate)",-6.0117,-1.0009,-2.9123,,
1791052959818136724,9.383,map,"nav2_feedback of the target goal (map, AMCL-based estimate)",-6.0117,-1.0009,-2.9123,,
1791052959828147013,9.383,map,"nav2_feedback of the target goal (map, AMCL-based estimate)",-6.0117,-1.0009,-2.9123,,
1791052959838156701,9.400,map,"nav2_feedback of the target goal (map, AMCL-based estimate)",-6.0118,-1.0009,-2.9012,,
1791052959848242528,9.400,map,"nav2_feedback of the target goal (map, AMCL-based estimate)",-6.0118,-1.0009,-2.9012,,
1791052959858110644,9.400,map,"nav2_feedback of the target goal (map, AMCL-based estimate)",-6.0118,-1.0009,-2.9012,,
1791052959867855798,9.417,map,"nav2_feedback of the target goal (map, AMCL-based estimate)",-6.0120,-1.0009,-2.8901,,
1791052959879809174,9.417,map,"nav2_feedback of the target goal (map, AMCL-based estimate)",-6.0120,-1.0009,-2.8901,,
1791052959887805339,9.417,map,"nav2_feedback of the target goal (map, AMCL-based estimate)",-6.0120,-1.0009,-2.8901,,
1791052959897676556,9.417,map,"nav2_feedback of the target goal (map, AMCL-based estimate)",-6.0120,-1.0009,-2.8901,,
1791052959907567784,9.417,map,"nav2_feedback of the target goal (map, AMCL-based estimate)",-6.0120,-1.0009,-2.8901,,
1791052959918495839,9.417,map,"nav2_feedback of the target goal (map, AMCL-based estimate)",-6.0120,-1.0009,-2.8901,,
1791052959928459204,9.417,map,"nav2_feedback of the target goal (map, AMCL-based estimate)",-6.0120,-1.0009,-2.8901,,
1791052959938118814,9.433,map,"nav2_feedback of the target goal (map, AMCL-based estimate)",-6.0121,-1.0010,-2.8790,,
1791052959947706288,9.433,map,"nav2_feedback of the target goal (map, AMCL-based estimate)",-6.0121,-1.0010,-2.8790,,
1791052959957744690,9.450,map,"nav2_feedback of the target goal (map, AMCL-based estimate)",-6.0122,-1.0010,-2.8682,,
1791052959967933970,9.450,map,"nav2_feedback of the target goal (map, AMCL-based estimate)",-6.0122,-1.0010,-2.8682,,
1791052959978386983,9.450,map,"nav2_feedback of the target goal (map, AMCL-based estimate)",-6.0122,-1.0010,-2.8682,,
1791052959988347647,9.450,map,"nav2_feedback of the target goal (map, AMCL-based estimate)",-6.0122,-1.0010,-2.8682,,
1791052959997760031,9.450,map,"nav2_feedback of the target goal (map, AMCL-based estimate)",-6.0122,-1.0010,-2.8682,,
1791052960007892282,9.450,map,"nav2_feedback of the target goal (map, AMCL-based estimate)",-6.0122,-1.0010,-2.8682,,
1791052960018029435,9.450,map,"nav2_feedback of the target goal (map, AMCL-based estimate)",-6.0122,-1.0010,-2.8682,,
1791052960027739570,9.450,map,"nav2_feedback of the target goal (map, AMCL-based estimate)",-6.0122,-1.0010,-2.8682,,
1791052960037838904,9.467,map,"nav2_feedback of the target goal (map, AMCL-based estimate)",-6.0123,-1.0010,-2.8575,,
1791052960047674804,9.467,map,"nav2_feedback of the target goal (map, AMCL-based estimate)",-6.0123,-1.0010,-2.8575,,
1791052960057805954,9.483,map,"nav2_feedback of the target goal (map, AMCL-based estimate)",-6.0123,-1.0011,-2.8470,,
1791052960067638052,9.483,map,"nav2_feedback of the target goal (map, AMCL-based estimate)",-6.0123,-1.0011,-2.8470,,
1791052960077643638,9.483,map,"nav2_feedback of the target goal (map, AMCL-based estimate)",-6.0123,-1.0011,-2.8470,,
1791052960088425318,9.483,map,"nav2_feedback of the target goal (map, AMCL-based estimate)",-6.0123,-1.0011,-2.8470,,
1791052960097653809,9.483,map,"nav2_feedback of the target goal (map, AMCL-based estimate)",-6.0123,-1.0011,-2.8470,,
1791052960107685309,9.483,map,"nav2_feedback of the target goal (map, AMCL-based estimate)",-6.0123,-1.0011,-2.8470,,
1791052960118263886,9.483,map,"nav2_feedback of the target goal (map, AMCL-based estimate)",-6.0123,-1.0011,-2.8470,,
1791052960128241258,9.500,map,"nav2_feedback of the target goal (map, AMCL-based estimate)",-6.0123,-1.0011,-2.8365,,
1791052960138253247,9.500,map,"nav2_feedback of the target goal (map, AMCL-based estimate)",-6.0123,-1.0011,-2.8365,,
1791052960147928966,9.500,map,"nav2_feedback of the target goal (map, AMCL-based estimate)",-6.0123,-1.0011,-2.8365,,
1791052960157852010,9.517,map,"nav2_feedback of the target goal (map, AMCL-based estimate)",-6.0123,-1.0011,-2.8261,,
1791052960167682407,9.517,map,"nav2_feedback of the target goal (map, AMCL-based estimate)",-6.0123,-1.0011,-2.8261,,
1791052960177871686,9.517,map,"nav2_feedback of the target goal (map, AMCL-based estimate)",-6.0123,-1.0011,-2.8261,,
1791052960187892580,9.517,map,"nav2_feedback of the target goal (map, AMCL-based estimate)",-6.0123,-1.0011,-2.8261,,
1791052960197537583,9.517,map,"nav2_feedback of the target goal (map, AMCL-based estimate)",-6.0123,-1.0011,-2.8261,,
1791052960207862731,9.517,map,"nav2_feedback of the target goal (map, AMCL-based estimate)",-6.0123,-1.0011,-2.8261,,
1791052960217821193,9.517,map,"nav2_feedback of the target goal (map, AMCL-based estimate)",-6.0123,-1.0011,-2.8261,,
1791052960227799165,9.517,map,"nav2_feedback of the target goal (map, AMCL-based estimate)",-6.0123,-1.0011,-2.8261,,
1791052960237684190,9.533,map,"nav2_feedback of the target goal (map, AMCL-based estimate)",-6.0123,-1.0011,-2.8158,,
1791052960247719491,9.533,map,"nav2_feedback of the target goal (map, AMCL-based estimate)",-6.0123,-1.0011,-2.8158,,
1791052960257906069,9.533,map,"nav2_feedback of the target goal (map, AMCL-based estimate)",-6.0123,-1.0011,-2.8158,,
1791052960267753075,9.550,map,"nav2_feedback of the target goal (map, AMCL-based estimate)",-6.0123,-1.0010,-2.8055,,
1791052960277596779,9.550,map,"nav2_feedback of the target goal (map, AMCL-based estimate)",-6.0123,-1.0010,-2.8055,,
1791052960287919526,9.550,map,"nav2_feedback of the target goal (map, AMCL-based estimate)",-6.0123,-1.0010,-2.8055,,
1791052960297764030,9.550,map,"nav2_feedback of the target goal (map, AMCL-based estimate)",-6.0123,-1.0010,-2.8055,,
1791052960307871568,9.550,map,"nav2_feedback of the target goal (map, AMCL-based estimate)",-6.0123,-1.0010,-2.8055,,
1791052960318231334,9.550,map,"nav2_feedback of the target goal (map, AMCL-based estimate)",-6.0123,-1.0010,-2.8055,,
1791052960327996898,9.550,map,"nav2_feedback of the target goal (map, AMCL-based estimate)",-6.0123,-1.0010,-2.8055,,
1791052960338240405,9.567,map,"nav2_feedback of the target goal (map, AMCL-based estimate)",-6.0122,-1.0010,-2.7952,,
1791052960347765947,9.567,map,"nav2_feedback of the target goal (map, AMCL-based estimate)",-6.0122,-1.0010,-2.7952,,
1791052960357872385,9.583,map,"nav2_feedback of the target goal (map, AMCL-based estimate)",-6.0122,-1.0010,-2.7849,,
1791052960367800031,9.583,map,"nav2_feedback of the target goal (map, AMCL-based estimate)",-6.0122,-1.0010,-2.7849,,
1791052960377749088,9.583,map,"nav2_feedback of the target goal (map, AMCL-based estimate)",-6.0122,-1.0010,-2.7849,,
1791052960387851324,9.583,map,"nav2_feedback of the target goal (map, AMCL-based estimate)",-6.0122,-1.0010,-2.7849,,
1791052960397626893,9.583,map,"nav2_feedback of the target goal (map, AMCL-based estimate)",-6.0122,-1.0010,-2.7849,,
1791052960407681004,9.583,map,"nav2_feedback of the target goal (map, AMCL-based estimate)",-6.0122,-1.0010,-2.7849,,
1791052960417887492,9.583,map,"nav2_feedback of the target goal (map, AMCL-based estimate)",-6.0122,-1.0010,-2.7849,,
1791052960427860861,9.600,map,"nav2_feedback of the target goal (map, AMCL-based estimate)",-6.0121,-1.0010,-2.7748,,
1791052960437880655,9.600,map,"nav2_feedback of the target goal (map, AMCL-based estimate)",-6.0121,-1.0010,-2.7748,,
1791052960447643417,9.600,map,"nav2_feedback of the target goal (map, AMCL-based estimate)",-6.0121,-1.0010,-2.7748,,
1791052960457743451,9.617,map,"nav2_feedback of the target goal (map, AMCL-based estimate)",-6.0120,-1.0009,-2.7650,,
1791052960467775951,9.617,map,"nav2_feedback of the target goal (map, AMCL-based estimate)",-6.0120,-1.0009,-2.7650,,
1791052960479095905,9.617,map,"nav2_feedback of the target goal (map, AMCL-based estimate)",-6.0120,-1.0009,-2.7650,,
1791052960487886274,9.617,map,"nav2_feedback of the target goal (map, AMCL-based estimate)",-6.0120,-1.0009,-2.7650,,
1791052960497610617,9.617,map,"nav2_feedback of the target goal (map, AMCL-based estimate)",-6.0120,-1.0009,-2.7650,,
1791052960507695743,9.617,map,"nav2_feedback of the target goal (map, AMCL-based estimate)",-6.0120,-1.0009,-2.7650,,
1791052960517946954,9.617,map,"nav2_feedback of the target goal (map, AMCL-based estimate)",-6.0120,-1.0009,-2.7650,,
1791052960528087909,9.633,map,"nav2_feedback of the target goal (map, AMCL-based estimate)",-6.0119,-1.0009,-2.7554,,
1791052960538125412,9.633,map,"nav2_feedback of the target goal (map, AMCL-based estimate)",-6.0119,-1.0009,-2.7554,,
1791052960547825642,9.633,map,"nav2_feedback of the target goal (map, AMCL-based estimate)",-6.0119,-1.0009,-2.7554,,
1791052960559743000,9.650,map,"nav2_feedback of the target goal (map, AMCL-based estimate)",-6.0118,-1.0009,-2.7461,,
1791052960567921358,9.650,map,"nav2_feedback of the target goal (map, AMCL-based estimate)",-6.0118,-1.0009,-2.7461,,
1791052960577725441,9.650,map,"nav2_feedback of the target goal (map, AMCL-based estimate)",-6.0118,-1.0009,-2.7461,,
1791052960587729026,9.650,map,"nav2_feedback of the target goal (map, AMCL-based estimate)",-6.0118,-1.0009,-2.7461,,
1791052960597683586,9.650,map,"nav2_feedback of the target goal (map, AMCL-based estimate)",-6.0118,-1.0009,-2.7461,,
1791052960607490872,9.650,map,"nav2_feedback of the target goal (map, AMCL-based estimate)",-6.0118,-1.0009,-2.7461,,
1791052960617757490,9.650,map,"nav2_feedback of the target goal (map, AMCL-based estimate)",-6.0118,-1.0009,-2.7461,,
1791052960627842917,9.667,map,"nav2_feedback of the target goal (map, AMCL-based estimate)",-6.0117,-1.0008,-2.7368,,
1791052960639954574,9.667,map,"nav2_feedback of the target goal (map, AMCL-based estimate)",-6.0117,-1.0008,-2.7368,,
1791052960647574647,9.667,map,"nav2_feedback of the target goal (map, AMCL-based estimate)",-6.0117,-1.0008,-2.7368,,
1791052960657744917,9.683,map,"nav2_feedback of the target goal (map, AMCL-based estimate)",-6.0116,-1.0008,-2.7277,,
1791052960667655655,9.683,map,"nav2_feedback of the target goal (map, AMCL-based estimate)",-6.0116,-1.0008,-2.7277,,
1791052960677810317,9.683,map,"nav2_feedback of the target goal (map, AMCL-based estimate)",-6.0116,-1.0008,-2.7277,,
1791052960688248423,9.683,map,"nav2_feedback of the target goal (map, AMCL-based estimate)",-6.0116,-1.0008,-2.7277,,
1791052960697546449,9.683,map,"nav2_feedback of the target goal (map, AMCL-based estimate)",-6.0116,-1.0008,-2.7277,,
1791052960707711716,9.683,map,"nav2_feedback of the target goal (map, AMCL-based estimate)",-6.0116,-1.0008,-2.7277,,
1791052960717996844,9.683,map,"nav2_feedback of the target goal (map, AMCL-based estimate)",-6.0116,-1.0008,-2.7277,,
1791052960727787721,9.700,map,"nav2_feedback of the target goal (map, AMCL-based estimate)",-6.0114,-1.0007,-2.7186,,
1791052960738272351,9.700,map,"nav2_feedback of the target goal (map, AMCL-based estimate)",-6.0114,-1.0007,-2.7186,,
1791052960747544864,9.700,map,"nav2_feedback of the target goal (map, AMCL-based estimate)",-6.0114,-1.0007,-2.7186,,
1791052960757946652,9.717,map,"nav2_feedback of the target goal (map, AMCL-based estimate)",-6.0113,-1.0007,-2.7096,,
1791052960767777449,9.717,map,"nav2_feedback of the target goal (map, AMCL-based estimate)",-6.0113,-1.0007,-2.7096,,
1791052960777544014,9.717,map,"nav2_feedback of the target goal (map, AMCL-based estimate)",-6.0113,-1.0007,-2.7096,,
1791052960788006132,9.717,map,"nav2_feedback of the target goal (map, AMCL-based estimate)",-6.0113,-1.0007,-2.7096,,
1791052960797846034,9.717,map,"nav2_feedback of the target goal (map, AMCL-based estimate)",-6.0113,-1.0007,-2.7096,,
1791052960807712249,9.717,map,"nav2_feedback of the target goal (map, AMCL-based estimate)",-6.0113,-1.0007,-2.7096,,
1791052960818091725,9.717,map,"nav2_feedback of the target goal (map, AMCL-based estimate)",-6.0113,-1.0007,-2.7096,,
1791052960827704611,9.733,map,"nav2_feedback of the target goal (map, AMCL-based estimate)",-6.0112,-1.0006,-2.7007,,
1791052960838029560,9.733,map,"nav2_feedback of the target goal (map, AMCL-based estimate)",-6.0112,-1.0006,-2.7007,,
1791052960847698975,9.750,map,"nav2_feedback of the target goal (map, AMCL-based estimate)",-6.0111,-1.0005,-2.6917,,
1791052960857717968,9.750,map,"nav2_feedback of the target goal (map, AMCL-based estimate)",-6.0111,-1.0005,-2.6917,,
1791052960867586584,9.750,map,"nav2_feedback of the target goal (map, AMCL-based estimate)",-6.0111,-1.0005,-2.6917,,
1791052960877671511,9.750,map,"nav2_feedback of the target goal (map, AMCL-based estimate)",-6.0111,-1.0005,-2.6917,,
1791052960888094709,9.750,map,"nav2_feedback of the target goal (map, AMCL-based estimate)",-6.0111,-1.0005,-2.6917,,
1791052960897631257,9.750,map,"nav2_feedback of the target goal (map, AMCL-based estimate)",-6.0111,-1.0005,-2.6917,,
1791052960907959907,9.750,map,"nav2_feedback of the target goal (map, AMCL-based estimate)",-6.0111,-1.0005,-2.6917,,
1791052960918082853,9.767,map,"nav2_feedback of the target goal (map, AMCL-based estimate)",-6.0109,-1.0005,-2.6828,,
1791052960928255024,9.767,map,"nav2_feedback of the target goal (map, AMCL-based estimate)",-6.0109,-1.0005,-2.6828,,
1791052960937881517,9.767,map,"nav2_feedback of the target goal (map, AMCL-based estimate)",-6.0109,-1.0005,-2.6828,,
1791052960947834476,9.783,map,"nav2_feedback of the target goal (map, AMCL-based estimate)",-6.0108,-1.0004,-2.6739,,
1791052960957793939,9.783,map,"nav2_feedback of the target goal (map, AMCL-based estimate)",-6.0108,-1.0004,-2.6739,,
1791052960967773312,9.783,map,"nav2_feedback of the target goal (map, AMCL-based estimate)",-6.0108,-1.0004,-2.6739,,
1791052960977621618,9.783,map,"nav2_feedback of the target goal (map, AMCL-based estimate)",-6.0108,-1.0004,-2.6739,,
1791052960987652317,9.783,map,"nav2_feedback of the target goal (map, AMCL-based estimate)",-6.0108,-1.0004,-2.6739,,
1791052960998198878,9.783,map,"nav2_feedback of the target goal (map, AMCL-based estimate)",-6.0108,-1.0004,-2.6739,,
1791052961008455591,9.783,map,"nav2_feedback of the target goal (map, AMCL-based estimate)",-6.0108,-1.0004,-2.6739,,
1791052961018288390,9.800,map,"nav2_feedback of the target goal (map, AMCL-based estimate)",-6.0107,-1.0003,-2.6652,,
1791052961027648548,9.800,map,"nav2_feedback of the target goal (map, AMCL-based estimate)",-6.0107,-1.0003,-2.6652,,
1791052961038513170,9.817,map,"nav2_feedback of the target goal (map, AMCL-based estimate)",-6.0105,-1.0003,-2.6568,,
1791052961047557168,9.817,map,"nav2_feedback of the target goal (map, AMCL-based estimate)",-6.0105,-1.0003,-2.6568,,
1791052961057586666,9.817,map,"nav2_feedback of the target goal (map, AMCL-based estimate)",-6.0105,-1.0003,-2.6568,,
1791052961069549647,9.817,map,"nav2_feedback of the target goal (map, AMCL-based estimate)",-6.0105,-1.0003,-2.6568,,
1791052961077760621,9.817,map,"nav2_feedback of the target goal (map, AMCL-based estimate)",-6.0105,-1.0003,-2.6568,,
1791052961087630138,9.817,map,"nav2_feedback of the target goal (map, AMCL-based estimate)",-6.0105,-1.0003,-2.6568,,
1791052961097580396,9.817,map,"nav2_feedback of the target goal (map, AMCL-based estimate)",-6.0105,-1.0003,-2.6568,,
1791052961108570982,9.817,map,"nav2_feedback of the target goal (map, AMCL-based estimate)",-6.0105,-1.0003,-2.6568,,
1791052961117867508,9.833,map,"nav2_feedback of the target goal (map, AMCL-based estimate)",-6.0104,-1.0002,-2.6486,,
1791052961127649380,9.833,map,"nav2_feedback of the target goal (map, AMCL-based estimate)",-6.0104,-1.0002,-2.6486,,
1791052961137895789,9.850,map,"nav2_feedback of the target goal (map, AMCL-based estimate)",-6.0102,-1.0001,-2.6406,,
1791052961147949800,9.850,map,"nav2_feedback of the target goal (map, AMCL-based estimate)",-6.0102,-1.0001,-2.6406,,
1791052961157940778,9.850,map,"nav2_feedback of the target goal (map, AMCL-based estimate)",-6.0102,-1.0001,-2.6406,,
1791052961167849915,9.850,map,"nav2_feedback of the target goal (map, AMCL-based estimate)",-6.0102,-1.0001,-2.6406,,
1791052961177666105,9.850,map,"nav2_feedback of the target goal (map, AMCL-based estimate)",-6.0102,-1.0001,-2.6406,,
1791052961187858486,9.850,map,"nav2_feedback of the target goal (map, AMCL-based estimate)",-6.0102,-1.0001,-2.6406,,
1791052961197672175,9.850,map,"nav2_feedback of the target goal (map, AMCL-based estimate)",-6.0102,-1.0001,-2.6406,,
1791052961207723184,9.850,map,"nav2_feedback of the target goal (map, AMCL-based estimate)",-6.0102,-1.0001,-2.6406,,
1791052961217728470,9.867,map,"nav2_feedback of the target goal (map, AMCL-based estimate)",-6.0101,-1.0000,-2.6327,,
1791052961227753166,9.867,map,"nav2_feedback of the target goal (map, AMCL-based estimate)",-6.0101,-1.0000,-2.6327,,
1791052961237824885,9.883,map,"nav2_feedback of the target goal (map, AMCL-based estimate)",-6.0100,-1.0000,-2.6249,,
1791052961247641175,9.883,map,"nav2_feedback of the target goal (map, AMCL-based estimate)",-6.0100,-1.0000,-2.6249,,
1791052961257773325,9.883,map,"nav2_feedback of the target goal (map, AMCL-based estimate)",-6.0100,-1.0000,-2.6249,,
1791052961267530986,9.883,map,"nav2_feedback of the target goal (map, AMCL-based estimate)",-6.0100,-1.0000,-2.6249,,
1791052961277680145,9.883,map,"nav2_feedback of the target goal (map, AMCL-based estimate)",-6.0100,-1.0000,-2.6249,,
1791052961288155670,9.883,map,"nav2_feedback of the target goal (map, AMCL-based estimate)",-6.0100,-1.0000,-2.6249,,
1791052961297653798,9.883,map,"nav2_feedback of the target goal (map, AMCL-based estimate)",-6.0100,-1.0000,-2.6249,,
1791052961307784547,9.900,map,"nav2_feedback of the target goal (map, AMCL-based estimate)",-6.0098,-0.9999,-2.6172,,
1791052961318059370,9.900,map,"nav2_feedback of the target goal (map, AMCL-based estimate)",-6.0098,-0.9999,-2.6172,,
1791052961327844144,9.900,map,"nav2_feedback of the target goal (map, AMCL-based estimate)",-6.0098,-0.9999,-2.6172,,
1791052961337718163,9.917,map,"nav2_feedback of the target goal (map, AMCL-based estimate)",-6.0097,-0.9998,-2.6096,,
1791052961347701238,9.917,map,"nav2_feedback of the target goal (map, AMCL-based estimate)",-6.0097,-0.9998,-2.6096,,
1791052961359810493,9.917,map,"nav2_feedback of the target goal (map, AMCL-based estimate)",-6.0097,-0.9998,-2.6096,,
1791052961367509907,9.917,map,"nav2_feedback of the target goal (map, AMCL-based estimate)",-6.0097,-0.9998,-2.6096,,
1791052961377568520,9.917,map,"nav2_feedback of the target goal (map, AMCL-based estimate)",-6.0097,-0.9998,-2.6096,,
1791052961387881963,9.917,map,"nav2_feedback of the target goal (map, AMCL-based estimate)",-6.0097,-0.9998,-2.6096,,
1791052961398344081,9.917,map,"nav2_feedback of the target goal (map, AMCL-based estimate)",-6.0097,-0.9998,-2.6096,,
1791052961407947362,9.933,map,"nav2_feedback of the target goal (map, AMCL-based estimate)",-6.0096,-0.9997,-2.6019,,
1791052961417953449,9.933,map,"nav2_feedback of the target goal (map, AMCL-based estimate)",-6.0096,-0.9997,-2.6019,,
1791052961427670988,9.933,map,"nav2_feedback of the target goal (map, AMCL-based estimate)",-6.0096,-0.9997,-2.6019,,
1791052961438058269,9.950,map,"nav2_feedback of the target goal (map, AMCL-based estimate)",-6.0095,-0.9997,-2.5943,,
1791052961447852247,9.950,map,"nav2_feedback of the target goal (map, AMCL-based estimate)",-6.0095,-0.9997,-2.5943,,
1791052961457851930,9.950,map,"nav2_feedback of the target goal (map, AMCL-based estimate)",-6.0095,-0.9997,-2.5943,,
1791052961467742458,9.950,map,"nav2_feedback of the target goal (map, AMCL-based estimate)",-6.0095,-0.9997,-2.5943,,
1791052961477842192,9.950,map,"nav2_feedback of the target goal (map, AMCL-based estimate)",-6.0095,-0.9997,-2.5943,,
1791052961488161337,9.950,map,"nav2_feedback of the target goal (map, AMCL-based estimate)",-6.0095,-0.9997,-2.5943,,
1791052961497781928,9.950,map,"nav2_feedback of the target goal (map, AMCL-based estimate)",-6.0095,-0.9997,-2.5943,,
1791052961507716978,9.967,map,"nav2_feedback of the target goal (map, AMCL-based estimate)",-6.0093,-0.9996,-2.5867,,
1791052961517864536,9.967,map,"nav2_feedback of the target goal (map, AMCL-based estimate)",-6.0093,-0.9996,-2.5867,,
1791052961528137058,9.967,map,"nav2_feedback of the target goal (map, AMCL-based estimate)",-6.0093,-0.9996,-2.5867,,
1791052961537821380,9.983,map,"nav2_feedback of the target goal (map, AMCL-based estimate)",-6.0092,-0.9995,-2.5792,,
1791052961547722914,9.983,map,"nav2_feedback of the target goal (map, AMCL-based estimate)",-6.0092,-0.9995,-2.5792,,
1791052961557732602,9.983,map,"nav2_feedback of the target goal (map, AMCL-based estimate)",-6.0092,-0.9995,-2.5792,,
1791052961567728683,9.983,map,"nav2_feedback of the target goal (map, AMCL-based estimate)",-6.0092,-0.9995,-2.5792,,
1791052961577622813,9.983,map,"nav2_feedback of the target goal (map, AMCL-based estimate)",-6.0092,-0.9995,-2.5792,,
1791052961587773572,9.983,map,"nav2_feedback of the target goal (map, AMCL-based estimate)",-6.0092,-0.9995,-2.5792,,
1791052961598269007,9.983,map,"nav2_feedback of the target goal (map, AMCL-based estimate)",-6.0092,-0.9995,-2.5792,,
1791052961607794249,10.000,map,"nav2_feedback of the target goal (map, AMCL-based estimate)",-6.0091,-0.9994,-2.5717,,
1791052961617628949,10.000,map,"nav2_feedback of the target goal (map, AMCL-based estimate)",-6.0091,-0.9994,-2.5717,,
1791052961627964202,10.000,map,"nav2_feedback of the target goal (map, AMCL-based estimate)",-6.0091,-0.9994,-2.5717,,
1791052961638218115,10.017,map,"nav2_feedback of the target goal (map, AMCL-based estimate)",-6.0089,-0.9993,-2.5646,,
1791052961647643906,10.017,map,"nav2_feedback of the target goal (map, AMCL-based estimate)",-6.0089,-0.9993,-2.5646,,
1791052961657570252,10.017,map,"nav2_feedback of the target goal (map, AMCL-based estimate)",-6.0089,-0.9993,-2.5646,,
1791052961667554127,10.017,map,"nav2_feedback of the target goal (map, AMCL-based estimate)",-6.0089,-0.9993,-2.5646,,
1791052961677658863,10.017,map,"nav2_feedback of the target goal (map, AMCL-based estimate)",-6.0089,-0.9993,-2.5646,,
1791052961688634542,10.017,map,"nav2_feedback of the target goal (map, AMCL-based estimate)",-6.0089,-0.9993,-2.5646,,
1791052961697754078,10.017,map,"nav2_feedback of the target goal (map, AMCL-based estimate)",-6.0089,-0.9993,-2.5646,,
1791052961707553459,10.017,map,"nav2_feedback of the target goal (map, AMCL-based estimate)",-6.0089,-0.9993,-2.5646,,
1791052961718446797,10.033,map,"nav2_feedback of the target goal (map, AMCL-based estimate)",-6.0088,-0.9993,-2.5577,,
1791052961727849276,10.033,map,"nav2_feedback of the target goal (map, AMCL-based estimate)",-6.0088,-0.9993,-2.5577,,
1791052961737990631,10.050,map,"nav2_feedback of the target goal (map, AMCL-based estimate)",-6.0087,-0.9992,-2.5510,,
1791052961747616424,10.050,map,"nav2_feedback of the target goal (map, AMCL-based estimate)",-6.0087,-0.9992,-2.5510,,
1791052961757863133,10.050,map,"nav2_feedback of the target goal (map, AMCL-based estimate)",-6.0087,-0.9992,-2.5510,,
1791052961767739153,10.050,map,"nav2_feedback of the target goal (map, AMCL-based estimate)",-6.0087,-0.9992,-2.5510,,
1791052961777721427,10.050,map,"nav2_feedback of the target goal (map, AMCL-based estimate)",-6.0087,-0.9992,-2.5510,,
1791052961787822662,10.050,map,"nav2_feedback of the target goal (map, AMCL-based estimate)",-6.0087,-0.9992,-2.5510,,
1791052961798071372,10.050,map,"nav2_feedback of the target goal (map, AMCL-based estimate)",-6.0087,-0.9992,-2.5510,,
1791052961808102071,10.050,map,"nav2_feedback of the target goal (map, AMCL-based estimate)",-6.0087,-0.9992,-2.5510,,
1791052961817994499,10.067,map,"nav2_feedback of the target goal (map, AMCL-based estimate)",-6.0085,-0.9991,-2.5445,,
1791052961827686426,10.067,map,"nav2_feedback of the target goal (map, AMCL-based estimate)",-6.0085,-0.9991,-2.5445,,
1791052961839722344,10.083,map,"nav2_feedback of the target goal (map, AMCL-based estimate)",-6.0084,-0.9990,-2.5380,,
1791052961847608152,10.083,map,"nav2_feedback of the target goal (map, AMCL-based estimate)",-6.0084,-0.9990,-2.5380,,
1791052961857686976,10.083,map,"nav2_feedback of the target goal (map, AMCL-based estimate)",-6.0084,-0.9990,-2.5380,,
1791052961867620525,10.083,map,"nav2_feedback of the target goal (map, AMCL-based estimate)",-6.0084,-0.9990,-2.5380,,
1791052961877846823,10.083,map,"nav2_feedback of the target goal (map, AMCL-based estimate)",-6.0084,-0.9990,-2.5380,,
1791052961887727346,10.083,map,"nav2_feedback of the target goal (map, AMCL-based estimate)",-6.0084,-0.9990,-2.5380,,
1791052961898250695,10.083,map,"nav2_feedback of the target goal (map, AMCL-based estimate)",-6.0084,-0.9990,-2.5380,,
1791052961907673085,10.100,map,"nav2_feedback of the target goal (map, AMCL-based estimate)",-6.0082,-0.9989,-2.5314,,
1791052961917914591,10.100,map,"nav2_feedback of the target goal (map, AMCL-based estimate)",-6.0082,-0.9989,-2.5314,,
1791052961928143590,10.100,map,"nav2_feedback of the target goal (map, AMCL-based estimate)",-6.0082,-0.9989,-2.5314,,
1791052961937786092,10.117,map,"nav2_feedback of the target goal (map, AMCL-based estimate)",-6.0081,-0.9988,-2.5246,,
1791052961947721542,10.117,map,"nav2_feedback of the target goal (map, AMCL-based estimate)",-6.0081,-0.9988,-2.5246,,
1791052961957607668,10.117,map,"nav2_feedback of the target goal (map, AMCL-based estimate)",-6.0081,-0.9988,-2.5246,,
1791052961967580437,10.117,map,"nav2_feedback of the target goal (map, AMCL-based estimate)",-6.0081,-0.9988,-2.5246,,
1791052961977594828,10.117,map,"nav2_feedback of the target goal (map, AMCL-based estimate)",-6.0081,-0.9988,-2.5246,,
1791052961989485072,10.117,map,"nav2_feedback of the target goal (map, AMCL-based estimate)",-6.0081,-0.9988,-2.5246,,
1791052961997971486,10.117,map,"nav2_feedback of the target goal (map, AMCL-based estimate)",-6.0081,-0.9988,-2.5246,,
1791052962007577068,10.133,map,"nav2_feedback of the target goal (map, AMCL-based estimate)",-6.0080,-0.9987,-2.5173,,
1791052962018669907,10.133,map,"nav2_feedback of the target goal (map, AMCL-based estimate)",-6.0080,-0.9987,-2.5173,,
1791052962027887893,10.133,map,"nav2_feedback of the target goal (map, AMCL-based estimate)",-6.0080,-0.9987,-2.5173,,
1791052962038937209,10.150,map,"nav2_feedback of the target goal (map, AMCL-based estimate)",-6.0078,-0.9986,-2.5095,,
1791052962047668848,10.150,map,"nav2_feedback of the target goal (map, AMCL-based estimate)",-6.0078,-0.9986,-2.5095,,
1791052962057568580,10.150,map,"nav2_feedback of the target goal (map, AMCL-based estimate)",-6.0078,-0.9986,-2.5095,,
1791052962067655708,10.150,map,"nav2_feedback of the target goal (map, AMCL-based estimate)",-6.0078,-0.9986,-2.5095,,
1791052962077676902,10.150,map,"nav2_feedback of the target goal (map, AMCL-based estimate)",-6.0078,-0.9986,-2.5095,,
1791052962087665779,10.150,map,"nav2_feedback of the target goal (map, AMCL-based estimate)",-6.0078,-0.9986,-2.5095,,
1791052962098278074,10.150,map,"nav2_feedback of the target goal (map, AMCL-based estimate)",-6.0078,-0.9986,-2.5095,,
1791052962107733580,10.167,map,"nav2_feedback of the target goal (map, AMCL-based estimate)",-6.0077,-0.9985,-2.5011,,
1791052962117830113,10.167,map,"nav2_feedback of the target goal (map, AMCL-based estimate)",-6.0077,-0.9985,-2.5011,,
1791052962127753157,10.183,map,"nav2_feedback of the target goal (map, AMCL-based estimate)",-6.0075,-0.9984,-2.4921,,
1791052962138008170,10.183,map,"nav2_feedback of the target goal (map, AMCL-based estimate)",-6.0075,-0.9984,-2.4921,,
1791052962147702397,10.183,map,"nav2_feedback of the target goal (map, AMCL-based estimate)",-6.0075,-0.9984,-2.4921,,
1791052962157716088,10.183,map,"nav2_feedback of the target goal (map, AMCL-based estimate)",-6.0075,-0.9984,-2.4921,,
1791052962167637531,10.183,map,"nav2_feedback of the target goal (map, AMCL-based estimate)",-6.0075,-0.9984,-2.4921,,
1791052962177841418,10.183,map,"nav2_feedback of the target goal (map, AMCL-based estimate)",-6.0075,-0.9984,-2.4921,,
1791052962189861828,10.183,map,"nav2_feedback of the target goal (map, AMCL-based estimate)",-6.0075,-0.9984,-2.4921,,
1791052962197647286,10.200,map,"nav2_feedback of the target goal (map, AMCL-based estimate)",-6.0074,-0.9983,-2.4824,,
1791052962207746019,10.200,map,"nav2_feedback of the target goal (map, AMCL-based estimate)",-6.0074,-0.9983,-2.4824,,
1791052962217691274,10.200,map,"nav2_feedback of the target goal (map, AMCL-based estimate)",-6.0074,-0.9983,-2.4824,,
1791052962228198315,10.217,map,"nav2_feedback of the target goal (map, AMCL-based estimate)",-6.0072,-0.9981,-2.4723,,
1791052962238081839,10.217,map,"nav2_feedback of the target goal (map, AMCL-based estimate)",-6.0072,-0.9981,-2.4723,,
1791052962247595175,10.217,map,"nav2_feedback of the target goal (map, AMCL-based estimate)",-6.0072,-0.9981,-2.4723,,
1791052962257778852,10.217,map,"nav2_feedback of the target goal (map, AMCL-based estimate)",-6.0072,-0.9981,-2.4723,,
1791052962267756123,10.217,map,"nav2_feedback of the target goal (map, AMCL-based estimate)",-6.0072,-0.9981,-2.4723,,
1791052962277630443,10.217,map,"nav2_feedback of the target goal (map, AMCL-based estimate)",-6.0072,-0.9981,-2.4723,,
1791052962288284358,10.217,map,"nav2_feedback of the target goal (map, AMCL-based estimate)",-6.0072,-0.9981,-2.4723,,
1791052962299196906,10.233,map,"nav2_feedback of the target goal (map, AMCL-based estimate)",-6.0071,-0.9980,-2.4619,,
1791052962307758258,10.233,map,"nav2_feedback of the target goal (map, AMCL-based estimate)",-6.0071,-0.9980,-2.4619,,
1791052962317857191,10.233,map,"nav2_feedback of the target goal (map, AMCL-based estimate)",-6.0071,-0.9980,-2.4619,,
1791052962327913003,10.250,map,"nav2_feedback of the target goal (map, AMCL-based estimate)",-6.0069,-0.9978,-2.4512,,
1791052962338250457,10.250,map,"nav2_feedback of the target goal (map, AMCL-based estimate)",-6.0069,-0.9978,-2.4512,,
1791052962347655838,10.250,map,"nav2_feedback of the target goal (map, AMCL-based estimate)",-6.0069,-0.9978,-2.4512,,
1791052962358382591,10.250,map,"nav2_feedback of the target goal (map, AMCL-based estimate)",-6.0069,-0.9978,-2.4512,,
1791052962367692423,10.250,map,"nav2_feedback of the target goal (map, AMCL-based estimate)",-6.0069,-0.9978,-2.4512,,
1791052962377645383,10.250,map,"nav2_feedback of the target goal (map, AMCL-based estimate)",-6.0069,-0.9978,-2.4512,,
1791052962388342520,10.250,map,"nav2_feedback of the target goal (map, AMCL-based estimate)",-6.0069,-0.9978,-2.4512,,
1791052962397669662,10.267,map,"nav2_feedback of the target goal (map, AMCL-based estimate)",-6.0067,-0.9977,-2.4404,,
1791052962407645232,10.267,map,"nav2_feedback of the target goal (map, AMCL-based estimate)",-6.0067,-0.9977,-2.4404,,
1791052962417800795,10.267,map,"nav2_feedback of the target goal (map, AMCL-based estimate)",-6.0067,-0.9977,-2.4404,,
1791052962428415691,10.283,map,"nav2_feedback of the target goal (map, AMCL-based estimate)",-6.0065,-0.9976,-2.4296,,
1791052962438578757,10.283,map,"nav2_feedback of the target goal (map, AMCL-based estimate)",-6.0065,-0.9976,-2.4296,,
1791052962447593239,10.283,map,"nav2_feedback of the target goal (map, AMCL-based estimate)",-6.0065,-0.9976,-2.4296,,
1791052962457906782,10.283,map,"nav2_feedback of the target goal (map, AMCL-based estimate)",-6.0065,-0.9976,-2.4296,,
1791052962467757489,10.283,map,"nav2_feedback of the target goal (map, AMCL-based estimate)",-6.0065,-0.9976,-2.4296,,
1791052962477932461,10.283,map,"nav2_feedback of the target goal (map, AMCL-based estimate)",-6.0065,-0.9976,-2.4296,,
1791052962488242302,10.300,map,"nav2_feedback of the target goal (map, AMCL-based estimate)",-6.0064,-0.9974,-2.4187,,
1791052962497696207,10.300,map,"nav2_feedback of the target goal (map, AMCL-based estimate)",-6.0064,-0.9974,-2.4187,,
1791052962507567825,10.300,map,"nav2_feedback of the target goal (map, AMCL-based estimate)",-6.0064,-0.9974,-2.4187,,
1791052962519278978,10.317,map,"nav2_feedback of the target goal (map, AMCL-based estimate)",-6.0062,-0.9972,-2.4081,,
1791052962527859340,10.317,map,"nav2_feedback of the target goal (map, AMCL-based estimate)",-6.0062,-0.9972,-2.4081,,
1791052962537862125,10.317,map,"nav2_feedback of the target goal (map, AMCL-based estimate)",-6.0062,-0.9972,-2.4081,,
1791052962547498223,10.317,map,"nav2_feedback of the target goal (map, AMCL-based estimate)",-6.0062,-0.9972,-2.4081,,
1791052962557780750,10.317,map,"nav2_feedback of the target goal (map, AMCL-based estimate)",-6.0062,-0.9972,-2.4081,,
1791052962567797241,10.317,map,"nav2_feedback of the target goal (map, AMCL-based estimate)",-6.0062,-0.9972,-2.4081,,
1791052962577764408,10.317,map,"nav2_feedback of the target goal (map, AMCL-based estimate)",-6.0062,-0.9972,-2.4081,,
1791052962588011617,10.317,map,"nav2_feedback of the target goal (map, AMCL-based estimate)",-6.0062,-0.9972,-2.4081,,
1791052962597796291,10.333,map,"nav2_feedback of the target goal (map, AMCL-based estimate)",-6.0060,-0.9971,-2.3977,,
1791052962607830691,10.333,map,"nav2_feedback of the target goal (map, AMCL-based estimate)",-6.0060,-0.9971,-2.3977,,
1791052962617586651,10.350,map,"nav2_feedback of the target goal (map, AMCL-based estimate)",-6.0059,-0.9969,-2.3875,,
1791052962627801043,10.350,map,"nav2_feedback of the target goal (map, AMCL-based estimate)",-6.0059,-0.9969,-2.3875,,
1791052962637894974,10.350,map,"nav2_feedback of the target goal (map, AMCL-based estimate)",-6.0059,-0.9969,-2.3875,,
1791052962647565890,10.350,map,"nav2_feedback of the target goal (map, AMCL-based estimate)",-6.0059,-0.9969,-2.3875,,
1791052962657613397,10.350,map,"nav2_feedback of the target goal (map, AMCL-based estimate)",-6.0059,-0.9969,-2.3875,,
1791052962667487817,10.350,map,"nav2_feedback of the target goal (map, AMCL-based estimate)",-6.0059,-0.9969,-2.3875,,
1791052962677874997,10.350,map,"nav2_feedback of the target goal (map, AMCL-based estimate)",-6.0059,-0.9969,-2.3875,,
1791052962688209650,10.367,map,"nav2_feedback of the target goal (map, AMCL-based estimate)",-6.0057,-0.9968,-2.3773,,
1791052962697589718,10.367,map,"nav2_feedback of the target goal (map, AMCL-based estimate)",-6.0057,-0.9968,-2.3773,,
1791052962708482155,10.367,map,"nav2_feedback of the target goal (map, AMCL-based estimate)",-6.0057,-0.9968,-2.3773,,
1791052962717932759,10.383,map,"nav2_feedback of the target goal (map, AMCL-based estimate)",-6.0055,-0.9966,-2.3673,,
1791052962727923738,10.383,map,"nav2_feedback of the target goal (map, AMCL-based estimate)",-6.0055,-0.9966,-2.3673,,
1791052962737833375,10.383,map,"nav2_feedback of the target goal (map, AMCL-based estimate)",-6.0055,-0.9966,-2.3673,,
1791052962747534606,10.383,map,"nav2_feedback of the target goal (map, AMCL-based estimate)",-6.0055,-0.9966,-2.3673,,
1791052962757817133,10.383,map,"nav2_feedback of the target goal (map, AMCL-based estimate)",-6.0055,-0.9966,-2.3673,,
1791052962767621617,10.383,map,"nav2_feedback of the target goal (map, AMCL-based estimate)",-6.0055,-0.9966,-2.3673,,
1791052962777717449,10.383,map,"nav2_feedback of the target goal (map, AMCL-based estimate)",-6.0055,-0.9966,-2.3673,,
1791052962788192974,10.400,map,"nav2_feedback of the target goal (map, AMCL-based estimate)",-6.0054,-0.9965,-2.3573,,
1791052962797605759,10.400,map,"nav2_feedback of the target goal (map, AMCL-based estimate)",-6.0054,-0.9965,-2.3573,,
1791052962807548112,10.400,map,"nav2_feedback of the target goal (map, AMCL-based estimate)",-6.0054,-0.9965,-2.3573,,
1791052962817889069,10.417,map,"nav2_feedback of the target goal (map, AMCL-based estimate)",-6.0052,-0.9963,-2.3473,,
1791052962827604207,10.417,map,"nav2_feedback of the target goal (map, AMCL-based estimate)",-6.0052,-0.9963,-2.3473,,
1791052962837910146,10.417,map,"nav2_feedback of the target goal (map, AMCL-based estimate)",-6.0052,-0.9963,-2.3473,,
1791052962847581662,10.417,map,"nav2_feedback of the target goal (map, AMCL-based estimate)",-6.0052,-0.9963,-2.3473,,
1791052962857679696,10.417,map,"nav2_feedback of the target goal (map, AMCL-based estimate)",-6.0052,-0.9963,-2.3473,,
1791052962867712696,10.417,map,"nav2_feedback of the target goal (map, AMCL-based estimate)",-6.0052,-0.9963,-2.3473,,
1791052962878353404,10.417,map,"nav2_feedback of the target goal (map, AMCL-based estimate)",-6.0052,-0.9963,-2.3473,,
1791052962888195607,10.433,map,"nav2_feedback of the target goal (map, AMCL-based estimate)",-6.0051,-0.9962,-2.3374,,
1791052962897700639,10.433,map,"nav2_feedback of the target goal (map, AMCL-based estimate)",-6.0051,-0.9962,-2.3374,,
1791052962907764255,10.450,map,"nav2_feedback of the target goal (map, AMCL-based estimate)",-6.0049,-0.9960,-2.3279,,
1791052962917814363,10.450,map,"nav2_feedback of the target goal (map, AMCL-based estimate)",-6.0049,-0.9960,-2.3279,,
1791052962928117701,10.450,map,"nav2_feedback of the target goal (map, AMCL-based estimate)",-6.0049,-0.9960,-2.3279,,
1791052962938129590,10.450,map,"nav2_feedback of the target goal (map, AMCL-based estimate)",-6.0049,-0.9960,-2.3279,,
1791052962948084250,10.450,map,"nav2_feedback of the target goal (map, AMCL-based estimate)",-6.0049,-0.9960,-2.3279,,
1791052962957989986,10.450,map,"nav2_feedback of the target goal (map, AMCL-based estimate)",-6.0049,-0.9960,-2.3279,,
1791052962967782864,10.450,map,"nav2_feedback of the target goal (map, AMCL-based estimate)",-6.0049,-0.9960,-2.3279,,
1791052962978013264,10.450,map,"nav2_feedback of the target goal (map, AMCL-based estimate)",-6.0049,-0.9960,-2.3279,,
1791052962988123803,10.467,map,"nav2_feedback of the target goal (map, AMCL-based estimate)",-6.0048,-0.9959,-2.3186,,
1791052962997783914,10.467,map,"nav2_feedback of the target goal (map, AMCL-based estimate)",-6.0048,-0.9959,-2.3186,,
1791052963007889551,10.483,map,"nav2_feedback of the target goal (map, AMCL-based estimate)",-6.0047,-0.9957,-2.3095,,
1791052963017780078,10.483,map,"nav2_feedback of the target goal (map, AMCL-based estimate)",-6.0047,-0.9957,-2.3095,,
1791052963027739141,10.483,map,"nav2_feedback of the target goal (map, AMCL-based estimate)",-6.0047,-0.9957,-2.3095,,
1791052963038060787,10.483,map,"nav2_feedback of the target goal (map, AMCL-based estimate)",-6.0047,-0.9957,-2.3095,,
1791052963047555914,10.483,map,"nav2_feedback of the target goal (map, AMCL-based estimate)",-6.0047,-0.9957,-2.3095,,
1791052963058059253,10.483,map,"nav2_feedback of the target goal (map, AMCL-based estimate)",-6.0047,-0.9957,-2.3095,,
1791052963067925268,10.483,map,"nav2_feedback of the target goal (map, AMCL-based estimate)",-6.0047,-0.9957,-2.3095,,
1791052963077808792,10.500,map,"nav2_feedback of the target goal (map, AMCL-based estimate)",-6.0045,-0.9956,-2.3006,,
1791052963087866305,10.500,map,"nav2_feedback of the target goal (map, AMCL-based estimate)",-6.0045,-0.9956,-2.3006,,
1791052963097874292,10.500,map,"nav2_feedback of the target goal (map, AMCL-based estimate)",-6.0045,-0.9956,-2.3006,,
1791052963107784930,10.517,map,"nav2_feedback of the target goal (map, AMCL-based estimate)",-6.0044,-0.9954,-2.2917,,
1791052963117640440,10.517,map,"nav2_feedback of the target goal (map, AMCL-based estimate)",-6.0044,-0.9954,-2.2917,,
1791052963127702655,10.517,map,"nav2_feedback of the target goal (map, AMCL-based estimate)",-6.0044,-0.9954,-2.2917,,
1791052963137771273,10.517,map,"nav2_feedback of the target goal (map, AMCL-based estimate)",-6.0044,-0.9954,-2.2917,,
1791052963147731035,10.517,map,"nav2_feedback of the target goal (map, AMCL-based estimate)",-6.0044,-0.9954,-2.2917,,
1791052963157621063,10.517,map,"nav2_feedback of the target goal (map, AMCL-based estimate)",-6.0044,-0.9954,-2.2917,,
1791052963167578825,10.517,map,"nav2_feedback of the target goal (map, AMCL-based estimate)",-6.0044,-0.9954,-2.2917,,
1791052963178290870,10.517,map,"nav2_feedback of the target goal (map, AMCL-based estimate)",-6.0044,-0.9954,-2.2917,,
1791052963188752988,10.533,map,"nav2_feedback of the target goal (map, AMCL-based estimate)",-6.0043,-0.9953,-2.2828,,
1791052963197627799,10.533,map,"nav2_feedback of the target goal (map, AMCL-based estimate)",-6.0043,-0.9953,-2.2828,,
1791052963207890116,10.550,map,"nav2_feedback of the target goal (map, AMCL-based estimate)",-6.0041,-0.9951,-2.2741,,
1791052963217517910,10.550,map,"nav2_feedback of the target goal (map, AMCL-based estimate)",-6.0041,-0.9951,-2.2741,,
1791052963227967722,10.550,map,"nav2_feedback of the target goal (map, AMCL-based estimate)",-6.0041,-0.9951,-2.2741,,
1791052963237888665,10.550,map,"nav2_feedback of the target goal (map, AMCL-based estimate)",-6.0041,-0.9951,-2.2741,,
1791052963247675640,10.550,map,"nav2_feedback of the target goal (map, AMCL-based estimate)",-6.0041,-0.9951,-2.2741,,
1791052963259417908,10.550,map,"nav2_feedback of the target goal (map, AMCL-based estimate)",-6.0041,-0.9951,-2.2741,,
1791052963267981862,10.550,map,"nav2_feedback of the target goal (map, AMCL-based estimate)",-6.0041,-0.9951,-2.2741,,
1791052963277748026,10.567,map,"nav2_feedback of the target goal (map, AMCL-based estimate)",-6.0040,-0.9950,-2.2653,,
1791052963288300290,10.567,map,"nav2_feedback of the target goal (map, AMCL-based estimate)",-6.0040,-0.9950,-2.2653,,
1791052963298125384,10.567,map,"nav2_feedback of the target goal (map, AMCL-based estimate)",-6.0040,-0.9950,-2.2653,,
1791052963307998003,10.583,map,"nav2_feedback of the target goal (map, AMCL-based estimate)",-6.0039,-0.9948,-2.2566,,
1791052963317920434,10.583,map,"nav2_feedback of the target goal (map, AMCL-based estimate)",-6.0039,-0.9948,-2.2566,,
1791052963327552676,10.583,map,"nav2_feedback of the target goal (map, AMCL-based estimate)",-6.0039,-0.9948,-2.2566,,
1791052963337590635,10.583,map,"nav2_feedback of the target goal (map, AMCL-based estimate)",-6.0039,-0.9948,-2.2566,,
1791052963347536286,10.583,map,"nav2_feedback of the target goal (map, AMCL-based estimate)",-6.0039,-0.9948,-2.2566,,
1791052963357984820,10.583,map,"nav2_feedback of the target goal (map, AMCL-based estimate)",-6.0039,-0.9948,-2.2566,,
1791052963367545379,10.583,map,"nav2_feedback of the target goal (map, AMCL-based estimate)",-6.0039,-0.9948,-2.2566,,
1791052963377800862,10.600,map,"nav2_feedback of the target goal (map, AMCL-based estimate)",-6.0038,-0.9947,-2.2478,,
1791052963387885663,10.600,map,"nav2_feedback of the target goal (map, AMCL-based estimate)",-6.0038,-0.9947,-2.2478,,
1791052963397483164,10.617,map,"nav2_feedback of the target goal (map, AMCL-based estimate)",-6.0036,-0.9945,-2.2391,,
1791052963407525064,10.617,map,"nav2_feedback of the target goal (map, AMCL-based estimate)",-6.0036,-0.9945,-2.2391,,
1791052963417725731,10.617,map,"nav2_feedback of the target goal (map, AMCL-based estimate)",-6.0036,-0.9945,-2.2391,,
1791052963427724824,10.617,map,"nav2_feedback of the target goal (map, AMCL-based estimate)",-6.0036,-0.9945,-2.2391,,
1791052963437828233,10.617,map,"nav2_feedback of the target goal (map, AMCL-based estimate)",-6.0036,-0.9945,-2.2391,,
1791052963447576250,10.617,map,"nav2_feedback of the target goal (map, AMCL-based estimate)",-6.0036,-0.9945,-2.2391,,
1791052963457671867,10.617,map,"nav2_feedback of the target goal (map, AMCL-based estimate)",-6.0036,-0.9945,-2.2391,,
1791052963467781784,10.633,map,"nav2_feedback of the target goal (map, AMCL-based estimate)",-6.0035,-0.9944,-2.2305,,
1791052963477536218,10.633,map,"nav2_feedback of the target goal (map, AMCL-based estimate)",-6.0035,-0.9944,-2.2305,,
1791052963487655302,10.650,map,"nav2_feedback of the target goal (map, AMCL-based estimate)",-6.0034,-0.9942,-2.2222,,
1791052963497495994,10.650,map,"nav2_feedback of the target goal (map, AMCL-based estimate)",-6.0034,-0.9942,-2.2222,,
1791052963509414770,10.650,map,"nav2_feedback of the target goal (map, AMCL-based estimate)",-6.0034,-0.9942,-2.2222,,
1791052963517398479,10.650,map,"nav2_feedback of the target goal (map, AMCL-based estimate)",-6.0034,-0.9942,-2.2222,,
1791052963527512063,10.650,map,"nav2_feedback of the target goal (map, AMCL-based estimate)",-6.0034,-0.9942,-2.2222,,
1791052963537969580,10.650,map,"nav2_feedback of the target goal (map, AMCL-based estimate)",-6.0034,-0.9942,-2.2222,,
1791052963548094805,10.650,map,"nav2_feedback of the target goal (map, AMCL-based estimate)",-6.0034,-0.9942,-2.2222,,
1791052963557682131,10.667,map,"nav2_feedback of the target goal (map, AMCL-based estimate)",-6.0033,-0.9941,-2.2142,,
1791052963567630806,10.667,map,"nav2_feedback of the target goal (map, AMCL-based estimate)",-6.0033,-0.9941,-2.2142,,
1791052963578630624,10.683,map,"nav2_feedback of the target goal (map, AMCL-based estimate)",-6.0032,-0.9939,-2.2063,,
1791052963587738899,10.683,map,"nav2_feedback of the target goal (map, AMCL-based estimate)",-6.0032,-0.9939,-2.2063,,
1791052963597469225,10.683,map,"nav2_feedback of the target goal (map, AMCL-based estimate)",-6.0032,-0.9939,-2.2063,,
1791052963607651650,10.683,map,"nav2_feedback of the target goal (map, AMCL-based estimate)",-6.0032,-0.9939,-2.2063,,
1791052963617538176,10.683,map,"nav2_feedback of the target goal (map, AMCL-based estimate)",-6.0032,-0.9939,-2.2063,,
1791052963627740310,10.683,map,"nav2_feedback of the target goal (map, AMCL-based estimate)",-6.0032,-0.9939,-2.2063,,
1791052963638016602,10.700,map,"nav2_feedback of the target goal (map, AMCL-based estimate)",-6.0031,-0.9938,-2.1986,,
1791052963647674511,10.700,map,"nav2_feedback of the target goal (map, AMCL-based estimate)",-6.0031,-0.9938,-2.1986,,
1791052963657761328,10.700,map,"nav2_feedback of the target goal (map, AMCL-based estimate)",-6.0031,-0.9938,-2.1986,,
1791052963667681404,10.717,map,"nav2_feedback of the target goal (map, AMCL-based estimate)",-6.0068,-0.9943,-2.1869,,
1791052963677502754,10.717,map,"nav2_feedback of the target goal (map, AMCL-based estimate)",-6.0068,-0.9943,-2.1869,,
1791052963687619272,10.717,map,"nav2_feedback of the target goal (map, AMCL-based estimate)",-6.0068,-0.9943,-2.1869,,
1791052963697578214,10.717,map,"nav2_feedback of the target goal (map, AMCL-based estimate)",-6.0068,-0.9943,-2.1869,,
1791052963707557964,10.717,map,"nav2_feedback of the target goal (map, AMCL-based estimate)",-6.0068,-0.9943,-2.1869,,
1791052963717708765,10.717,map,"nav2_feedback of the target goal (map, AMCL-based estimate)",-6.0068,-0.9943,-2.1869,,
1791052963727783757,10.717,map,"nav2_feedback of the target goal (map, AMCL-based estimate)",-6.0068,-0.9943,-2.1869,,
1791052963737745633,10.733,map,"nav2_feedback of the target goal (map, AMCL-based estimate)",-6.0105,-0.9949,-2.1754,,
1791052963748047867,10.733,map,"nav2_feedback of the target goal (map, AMCL-based estimate)",-6.0105,-0.9949,-2.1754,,
1791052963757912300,10.750,map,"nav2_feedback of the target goal (map, AMCL-based estimate)",-6.0143,-0.9954,-2.1639,,
1791052963767953651,10.750,map,"nav2_feedback of the target goal (map, AMCL-based estimate)",-6.0143,-0.9954,-2.1639,,
1791052963777479377,10.750,map,"nav2_feedback of the target goal (map, AMCL-based estimate)",-6.0143,-0.9954,-2.1639,,
1791052963787595344,10.750,map,"nav2_feedback of the target goal (map, AMCL-based estimate)",-6.0143,-0.9954,-2.1639,,
1791052963797487553,10.750,map,"nav2_feedback of the target goal (map, AMCL-based estimate)",-6.0143,-0.9954,-2.1639,,
1791052963807591787,10.750,map,"nav2_feedback of the target goal (map, AMCL-based estimate)",-6.0143,-0.9954,-2.1639,,
1791052963817580245,10.767,map,"nav2_feedback of the target goal (map, AMCL-based estimate)",-6.0180,-0.9960,-2.1524,,
1791052963827754696,10.767,map,"nav2_feedback of the target goal (map, AMCL-based estimate)",-6.0180,-0.9960,-2.1524,,
1791052963837668355,10.767,map,"nav2_feedback of the target goal (map, AMCL-based estimate)",-6.0180,-0.9960,-2.1524,,
1791052963847652139,10.783,map,"nav2_feedback of the target goal (map, AMCL-based estimate)",-6.0217,-0.9965,-2.1409,,
1791052963857578631,10.783,map,"nav2_feedback of the target goal (map, AMCL-based estimate)",-6.0217,-0.9965,-2.1409,,
1791052963867476523,10.783,map,"nav2_feedback of the target goal (map, AMCL-based estimate)",-6.0217,-0.9965,-2.1409,,
1791052963877502291,10.783,map,"nav2_feedback of the target goal (map, AMCL-based estimate)",-6.0217,-0.9965,-2.1409,,
1791052963887825608,10.783,map,"nav2_feedback of the target goal (map, AMCL-based estimate)",-6.0217,-0.9965,-2.1409,,
1791052963897839275,10.783,map,"nav2_feedback of the target goal (map, AMCL-based estimate)",-6.0217,-0.9965,-2.1409,,
1791052963907643484,10.800,map,"nav2_feedback of the target goal (map, AMCL-based estimate)",-6.0255,-0.9970,-2.1294,,
1791052963917712884,10.800,map,"nav2_feedback of the target goal (map, AMCL-based estimate)",-6.0255,-0.9970,-2.1294,,
1791052963927617377,10.800,map,"nav2_feedback of the target goal (map, AMCL-based estimate)",-6.0255,-0.9970,-2.1294,,
1791052963938332294,10.817,map,"nav2_feedback of the target goal (map, AMCL-based estimate)",-6.0254,-0.9969,-2.1219,,
1791052963947509869,10.817,map,"nav2_feedback of the target goal (map, AMCL-based estimate)",-6.0254,-0.9969,-2.1219,,
1791052963957797987,10.817,map,"nav2_feedback of the target goal (map, AMCL-based estimate)",-6.0254,-0.9969,-2.1219,,
1791052963969344412,10.817,map,"nav2_feedback of the target goal (map, AMCL-based estimate)",-6.0254,-0.9969,-2.1219,,
1791052963977598629,10.817,map,"nav2_feedback of the target goal (map, AMCL-based estimate)",-6.0254,-0.9969,-2.1219,,
1791052963987746863,10.817,map,"nav2_feedback of the target goal (map, AMCL-based estimate)",-6.0254,-0.9969,-2.1219,,
1791052963997716256,10.833,map,"nav2_feedback of the target goal (map, AMCL-based estimate)",-6.0253,-0.9967,-2.1145,,
1791052964007723139,10.833,map,"nav2_feedback of the target goal (map, AMCL-based estimate)",-6.0253,-0.9967,-2.1145,,
1791052964017984215,10.850,map,"nav2_feedback of the target goal (map, AMCL-based estimate)",-6.0252,-0.9966,-2.1074,,
1791052964027550182,10.850,map,"nav2_feedback of the target goal (map, AMCL-based estimate)",-6.0252,-0.9966,-2.1074,,
1791052964037686408,10.850,map,"nav2_feedback of the target goal (map, AMCL-based estimate)",-6.0252,-0.9966,-2.1074,,
1791052964047439008,10.850,map,"nav2_feedback of the target goal (map, AMCL-based estimate)",-6.0252,-0.9966,-2.1074,,
1791052964057828692,10.850,map,"nav2_feedback of the target goal (map, AMCL-based estimate)",-6.0252,-0.9966,-2.1074,,
1791052964067817060,10.850,map,"nav2_feedback of the target goal (map, AMCL-based estimate)",-6.0252,-0.9966,-2.1074,,
1791052964078277785,10.867,map,"nav2_feedback of the target goal (map, AMCL-based estimate)",-6.0251,-0.9965,-2.1006,,
1791052964088650052,10.867,map,"nav2_feedback of the target goal (map, AMCL-based estimate)",-6.0251,-0.9965,-2.1006,,
1791052964097500836,10.867,map,"nav2_feedback of the target goal (map, AMCL-based estimate)",-6.0251,-0.9965,-2.1006,,
1791052964107998412,10.883,map,"nav2_feedback of the target goal (map, AMCL-based estimate)",-6.0250,-0.9963,-2.0940,,
1791052964117563371,10.883,map,"nav2_feedback of the target goal (map, AMCL-based estimate)",-6.0250,-0.9963,-2.0940,,
1791052964127495913,10.883,map,"nav2_feedback of the target goal (map, AMCL-based estimate)",-6.0250,-0.9963,-2.0940,,
1791052964137835180,10.883,map,"nav2_feedback of the target goal (map, AMCL-based estimate)",-6.0250,-0.9963,-2.0940,,
1791052964147585122,10.883,map,"nav2_feedback of the target goal (map, AMCL-based estimate)",-6.0250,-0.9963,-2.0940,,
1791052964157822273,10.883,map,"nav2_feedback of the target goal (map, AMCL-based estimate)",-6.0250,-0.9963,-2.0940,,
1791052964167684140,10.900,map,"nav2_feedback of the target goal (map, AMCL-based estimate)",-6.0249,-0.9961,-2.0875,,
1791052964177518049,10.900,map,"nav2_feedback of the target goal (map, AMCL-based estimate)",-6.0249,-0.9961,-2.0875,,
1791052964188931375,10.900,map,"nav2_feedback of the target goal (map, AMCL-based estimate)",-6.0249,-0.9961,-2.0875,,
1791052964197559775,10.917,map,"nav2_feedback of the target goal (map, AMCL-based estimate)",-6.0248,-0.9960,-2.0811,,
1791052964207795551,10.917,map,"nav2_feedback of the target goal (map, AMCL-based estimate)",-6.0248,-0.9960,-2.0811,,
1791052964217530460,10.917,map,"nav2_feedback of the target goal (map, AMCL-based estimate)",-6.0248,-0.9960,-2.0811,,
1791052964227797494,10.917,map,"nav2_feedback of the target goal (map, AMCL-based estimate)",-6.0248,-0.9960,-2.0811,,
1791052964237793469,10.917,map,"nav2_feedback of the target goal (map, AMCL-based estimate)",-6.0248,-0.9960,-2.0811,,
1791052964247889636,10.917,map,"nav2_feedback of the target goal (map, AMCL-based estimate)",-6.0248,-0.9960,-2.0811,,
1791052964257928237,10.933,map,"nav2_feedback of the target goal (map, AMCL-based estimate)",-6.0248,-0.9958,-2.0747,,
1791052964267767279,10.933,map,"nav2_feedback of the target goal (map, AMCL-based estimate)",-6.0248,-0.9958,-2.0747,,
1791052964277511996,10.950,map,"nav2_feedback of the target goal (map, AMCL-based estimate)",-6.0247,-0.9957,-2.0684,,
1791052964287753639,10.950,map,"nav2_feedback of the target goal (map, AMCL-based estimate)",-6.0247,-0.9957,-2.0684,,
1791052964297592131,10.950,map,"nav2_feedback of the target goal (map, AMCL-based estimate)",-6.0247,-0.9957,-2.0684,,
1791052964307679223,10.950,map,"nav2_feedback of the target goal (map, AMCL-based estimate)",-6.0247,-0.9957,-2.0684,,
1791052964317482790,10.950,map,"nav2_feedback of the target goal (map, AMCL-based estimate)",-6.0247,-0.9957,-2.0684,,
1791052964327910241,10.950,map,"nav2_feedback of the target goal (map, AMCL-based estimate)",-6.0247,-0.9957,-2.0684,,
1791052964337995133,10.967,map,"nav2_feedback of the target goal (map, AMCL-based estimate)",-6.0246,-0.9955,-2.0621,,
1791052964347547809,10.967,map,"nav2_feedback of the target goal (map, AMCL-based estimate)",-6.0246,-0.9955,-2.0621,,
1791052964357823917,10.967,map,"nav2_feedback of the target goal (map, AMCL-based estimate)",-6.0246,-0.9955,-2.0621,,
1791052964367621435,10.983,map,"nav2_feedback of the target goal (map, AMCL-based estimate)",-6.0245,-0.9954,-2.0558,,
1791052964377495769,10.983,map,"nav2_feedback of the target goal (map, AMCL-based estimate)",-6.0245,-0.9954,-2.0558,,
1791052964387590011,10.983,map,"nav2_feedback of the target goal (map, AMCL-based estimate)",-6.0245,-0.9954,-2.0558,,
1791052964397676003,10.983,map,"nav2_feedback of the target goal (map, AMCL-based estimate)",-6.0245,-0.9954,-2.0558,,
1791052964407668770,10.983,map,"nav2_feedback of the target goal (map, AMCL-based estimate)",-6.0245,-0.9954,-2.0558,,
1791052964417766129,10.983,map,"nav2_feedback of the target goal (map, AMCL-based estimate)",-6.0245,-0.9954,-2.0558,,
1791052964427557230,11.000,map,"nav2_feedback of the target goal (map, AMCL-based estimate)",-6.0244,-0.9952,-2.0494,,
1791052964437849380,11.000,map,"nav2_feedback of the target goal (map, AMCL-based estimate)",-6.0244,-0.9952,-2.0494,,
1791052964447595106,11.000,map,"nav2_feedback of the target goal (map, AMCL-based estimate)",-6.0244,-0.9952,-2.0494,,
1791052964457813556,11.017,map,"nav2_feedback of the target goal (map, AMCL-based estimate)",-6.0243,-0.9951,-2.0427,,
1791052964467539115,11.017,map,"nav2_feedback of the target goal (map, AMCL-based estimate)",-6.0243,-0.9951,-2.0427,,
1791052964478764708,11.017,map,"nav2_feedback of the target goal (map, AMCL-based estimate)",-6.0243,-0.9951,-2.0427,,
1791052964488109208,11.017,map,"nav2_feedback of the target goal (map, AMCL-based estimate)",-6.0243,-0.9951,-2.0427,,
1791052964497815517,11.017,map,"nav2_feedback of the target goal (map, AMCL-based estimate)",-6.0243,-0.9951,-2.0427,,
1791052964507468751,11.017,map,"nav2_feedback of the target goal (map, AMCL-based estimate)",-6.0243,-0.9951,-2.0427,,
1791052964517839643,11.033,map,"nav2_feedback of the target goal (map, AMCL-based estimate)",-6.0243,-0.9949,-2.0355,,
1791052964527704077,11.033,map,"nav2_feedback of the target goal (map, AMCL-based estimate)",-6.0243,-0.9949,-2.0355,,
1791052964538219253,11.033,map,"nav2_feedback of the target goal (map, AMCL-based estimate)",-6.0243,-0.9949,-2.0355,,
1791052964547786320,11.050,map,"nav2_feedback of the target goal (map, AMCL-based estimate)",-6.0242,-0.9948,-2.0277,,
1791052964557628570,11.050,map,"nav2_feedback of the target goal (map, AMCL-based estimate)",-6.0242,-0.9948,-2.0277,,
1791052964567460463,11.050,map,"nav2_feedback of the target goal (map, AMCL-based estimate)",-6.0242,-0.9948,-2.0277,,
1791052964577465696,11.050,map,"nav2_feedback of the target goal (map, AMCL-based estimate)",-6.0242,-0.9948,-2.0277,,
1791052964587599905,11.050,map,"nav2_feedback of the target goal (map, AMCL-based estimate)",-6.0242,-0.9948,-2.0277,,
1791052964597569756,11.050,map,"nav2_feedback of the target goal (map, AMCL-based estimate)",-6.0242,-0.9948,-2.0277,,
1791052964607700298,11.067,map,"nav2_feedback of the target goal (map, AMCL-based estimate)",-6.0241,-0.9946,-2.0194,,
1791052964618001890,11.067,map,"nav2_feedback of the target goal (map, AMCL-based estimate)",-6.0241,-0.9946,-2.0194,,
1791052964627826724,11.067,map,"nav2_feedback of the target goal (map, AMCL-based estimate)",-6.0241,-0.9946,-2.0194,,
1791052964637648992,11.083,map,"nav2_feedback of the target goal (map, AMCL-based estimate)",-6.0240,-0.9944,-2.0104,,
1791052964647620309,11.083,map,"nav2_feedback of the target goal (map, AMCL-based estimate)",-6.0240,-0.9944,-2.0104,,
1791052964657812084,11.083,map,"nav2_feedback of the target goal (map, AMCL-based estimate)",-6.0240,-0.9944,-2.0104,,
1791052964667503635,11.083,map,"nav2_feedback of the target goal (map, AMCL-based estimate)",-6.0240,-0.9944,-2.0104,,
1791052964677511802,11.083,map,"nav2_feedback of the target goal (map, AMCL-based estimate)",-6.0240,-0.9944,-2.0104,,
1791052964688169886,11.083,map,"nav2_feedback of the target goal (map, AMCL-based estimate)",-6.0240,-0.9944,-2.0104,,
1791052964697859603,11.100,map,"nav2_feedback of the target goal (map, AMCL-based estimate)",-6.0240,-0.9943,-2.0008,,
1791052964707539787,11.100,map,"nav2_feedback of the target goal (map, AMCL-based estimate)",-6.0240,-0.9943,-2.0008,,
1791052964717521004,11.117,map,"nav2_feedback of the target goal (map, AMCL-based estimate)",-6.0239,-0.9941,-1.9907,,
1791052964727744772,11.117,map,"nav2_feedback of the target goal (map, AMCL-based estimate)",-6.0239,-0.9941,-1.9907,,
1791052964737742489,11.117,map,"nav2_feedback of the target goal (map, AMCL-based estimate)",-6.0239,-0.9941,-1.9907,,
1791052964747487298,11.117,map,"nav2_feedback of the target goal (map, AMCL-based estimate)",-6.0239,-0.9941,-1.9907,,
1791052964757776882,11.117,map,"nav2_feedback of the target goal (map, AMCL-based estimate)",-6.0239,-0.9941,-1.9907,,
1791052964768431666,11.117,map,"nav2_feedback of the target goal (map, AMCL-based estimate)",-6.0239,-0.9941,-1.9907,,
1791052964777599891,11.133,map,"nav2_feedback of the target goal (map, AMCL-based estimate)",-6.0238,-0.9939,-1.9803,,
1791052964787984625,11.133,map,"nav2_feedback of the target goal (map, AMCL-based estimate)",-6.0238,-0.9939,-1.9803,,
1791052964798391451,11.133,map,"nav2_feedback of the target goal (map, AMCL-based estimate)",-6.0238,-0.9939,-1.9803,,
1791052964808030934,11.150,map,"nav2_feedback of the target goal (map, AMCL-based estimate)",-6.0237,-0.9936,-1.9697,,
1791052964817591677,11.150,map,"nav2_feedback of the target goal (map, AMCL-based estimate)",-6.0237,-0.9936,-1.9697,,
1791052964827650260,11.150,map,"nav2_feedback of the target goal (map, AMCL-based estimate)",-6.0237,-0.9936,-1.9697,,
1791052964837665578,11.150,map,"nav2_feedback of the target goal (map, AMCL-based estimate)",-6.0237,-0.9936,-1.9697,,
1791052964847534320,11.150,map,"nav2_feedback of the target goal (map, AMCL-based estimate)",-6.0237,-0.9936,-1.9697,,
1791052964857833529,11.150,map,"nav2_feedback of the target goal (map, AMCL-based estimate)",-6.0237,-0.9936,-1.9697,,
1791052964867576321,11.167,map,"nav2_feedback of the target goal (map, AMCL-based estimate)",-6.0236,-0.9934,-1.9590,,
1791052964877927963,11.167,map,"nav2_feedback of the target goal (map, AMCL-based estimate)",-6.0236,-0.9934,-1.9590,,
1791052964888127072,11.183,map,"nav2_feedback of the target goal (map, AMCL-based estimate)",-6.0235,-0.9932,-1.9481,,
1791052964897557006,11.183,map,"nav2_feedback of the target goal (map, AMCL-based estimate)",-6.0235,-0.9932,-1.9481,,
1791052964907472865,11.183,map,"nav2_feedback of the target goal (map, AMCL-based estimate)",-6.0235,-0.9932,-1.9481,,
1791052964917487632,11.183,map,"nav2_feedback of the target goal (map, AMCL-based estimate)",-6.0235,-0.9932,-1.9481,,
1791052964927749808,11.183,map,"nav2_feedback of the target goal (map, AMCL-based estimate)",-6.0235,-0.9932,-1.9481,,
1791052964937873383,11.183,map,"nav2_feedback of the target goal (map, AMCL-based estimate)",-6.0235,-0.9932,-1.9481,,
1791052964948035184,11.183,map,"nav2_feedback of the target goal (map, AMCL-based estimate)",-6.0235,-0.9932,-1.9481,,
1791052964957990368,11.200,map,"nav2_feedback of the target goal (map, AMCL-based estimate)",-6.0234,-0.9930,-1.9372,,
1791052964967643510,11.200,map,"nav2_feedback of the target goal (map, AMCL-based estimate)",-6.0234,-0.9930,-1.9372,,
1791052964977842436,11.217,map,"nav2_feedback of the target goal (map, AMCL-based estimate)",-6.0233,-0.9928,-1.9263,,
1791052964987698894,11.217,map,"nav2_feedback of the target goal (map, AMCL-based estimate)",-6.0233,-0.9928,-1.9263,,
1791052964997502370,11.217,map,"nav2_feedback of the target goal (map, AMCL-based estimate)",-6.0233,-0.9928,-1.9263,,
1791052965009748762,11.217,map,"nav2_feedback of the target goal (map, AMCL-based estimate)",-6.0233,-0.9928,-1.9263,,
1791052965017790404,11.217,map,"nav2_feedback of the target goal (map, AMCL-based estimate)",-6.0233,-0.9928,-1.9263,,
1791052965027867505,11.217,map,"nav2_feedback of the target goal (map, AMCL-based estimate)",-6.0233,-0.9928,-1.9263,,
1791052965037844506,11.233,map,"nav2_feedback of the target goal (map, AMCL-based estimate)",-6.0233,-0.9925,-1.9157,,
1791052965047983573,11.233,map,"nav2_feedback of the target goal (map, AMCL-based estimate)",-6.0233,-0.9925,-1.9157,,
1791052965057713440,11.233,map,"nav2_feedback of the target goal (map, AMCL-based estimate)",-6.0233,-0.9925,-1.9157,,
1791052965067748557,11.250,map,"nav2_feedback of the target goal (map, AMCL-based estimate)",-6.0232,-0.9923,-1.9053,,
1791052965077499875,11.250,map,"nav2_feedback of the target goal (map, AMCL-based estimate)",-6.0232,-0.9923,-1.9053,,
1791052965087931817,11.250,map,"nav2_feedback of the target goal (map, AMCL-based estimate)",-6.0232,-0.9923,-1.9053,,
1791052965097896259,11.250,map,"nav2_feedback of the target goal (map, AMCL-based estimate)",-6.0232,-0.9923,-1.9053,,
1791052965107527401,11.250,map,"nav2_feedback of the target goal (map, AMCL-based estimate)",-6.0232,-0.9923,-1.9053,,
1791052965118270277,11.250,map,"nav2_feedback of the target goal (map, AMCL-based estimate)",-6.0232,-0.9923,-1.9053,,
1791052965127658961,11.267,map,"nav2_feedback of the target goal (map, AMCL-based estimate)",-6.0231,-0.9921,-1.8951,,
1791052965137803436,11.267,map,"nav2_feedback of the target goal (map, AMCL-based estimate)",-6.0231,-0.9921,-1.8951,,
1791052965147649537,11.267,map,"nav2_feedback of the target goal (map, AMCL-based estimate)",-6.0231,-0.9921,-1.8951,,
1791052965158050954,11.283,map,"nav2_feedback of the target goal (map, AMCL-based estimate)",-6.0230,-0.9919,-1.8850,,
1791052965167518471,11.283,map,"nav2_feedback of the target goal (map, AMCL-based estimate)",-6.0230,-0.9919,-1.8850,,
1791052965177540205,11.283,map,"nav2_feedback of the target goal (map, AMCL-based estimate)",-6.0230,-0.9919,-1.8850,,
1791052965190113389,11.283,map,"nav2_feedback of the target goal (map, AMCL-based estimate)",-6.0230,-0.9919,-1.8850,,
1791052965197463315,11.283,map,"nav2_feedback of the target goal (map, AMCL-based estimate)",-6.0230,-0.9919,-1.8850,,
1791052965207513282,11.283,map,"nav2_feedback of the target goal (map, AMCL-based estimate)",-6.0230,-0.9919,-1.8850,,
1791052965217592491,11.300,map,"nav2_feedback of the target goal (map, AMCL-based estimate)",-6.0230,-0.9917,-1.8749,,
1791052965227693516,11.300,map,"nav2_feedback of the target goal (map, AMCL-based estimate)",-6.0230,-0.9917,-1.8749,,
1791052965237799125,11.317,map,"nav2_feedback of the target goal (map, AMCL-based estimate)",-6.0229,-0.9915,-1.8649,,
1791052965247533851,11.317,map,"nav2_feedback of the target goal (map, AMCL-based estimate)",-6.0229,-0.9915,-1.8649,,
1791052965257783560,11.317,map,"nav2_feedback of the target goal (map, AMCL-based estimate)",-6.0229,-0.9915,-1.8649,,
1791052965267601885,11.317,map,"nav2_feedback of the target goal (map, AMCL-based estimate)",-6.0229,-0.9915,-1.8649,,
1791052965277553036,11.317,map,"nav2_feedback of the target goal (map, AMCL-based estimate)",-6.0229,-0.9915,-1.8649,,
1791052965287717770,11.317,map,"nav2_feedback of the target goal (map, AMCL-based estimate)",-6.0229,-0.9915,-1.8649,,
1791052965298542687,11.317,map,"nav2_feedback of the target goal (map, AMCL-based estimate)",-6.0229,-0.9915,-1.8649,,
1791052965307575429,11.333,map,"nav2_feedback of the target goal (map, AMCL-based estimate)",-6.0228,-0.9912,-1.8550,,
1791052965317567646,11.333,map,"nav2_feedback of the target goal (map, AMCL-based estimate)",-6.0228,-0.9912,-1.8550,,
1791052965327692964,11.350,map,"nav2_feedback of the target goal (map, AMCL-based estimate)",-6.0228,-0.9910,-1.8450,,
1791052965337873281,11.350,map,"nav2_feedback of the target goal (map, AMCL-based estimate)",-6.0228,-0.9910,-1.8450,,
1791052965347666856,11.350,map,"nav2_feedback of the target goal (map, AMCL-based estimate)",-6.0228,-0.9910,-1.8450,,
1791052965357660265,11.350,map,"nav2_feedback of the target goal (map, AMCL-based estimate)",-6.0228,-0.9910,-1.8450,,
1791052965367584832,11.350,map,"nav2_feedback of the target goal (map, AMCL-based estimate)",-6.0228,-0.9910,-1.8450,,
1791052965377823633,11.350,map,"nav2_feedback of the target goal (map, AMCL-based estimate)",-6.0228,-0.9910,-1.8450,,
1791052965387662400,11.367,map,"nav2_feedback of the target goal (map, AMCL-based estimate)",-6.0227,-0.9908,-1.8351,,
1791052965397526467,11.367,map,"nav2_feedback of the target goal (map, AMCL-based estimate)",-6.0227,-0.9908,-1.8351,,
1791052965407682860,11.367,map,"nav2_feedback of the target goal (map, AMCL-based estimate)",-6.0227,-0.9908,-1.8351,,
1791052965417822660,11.383,map,"nav2_feedback of the target goal (map, AMCL-based estimate)",-6.0227,-0.9906,-1.8253,,
1791052965427623752,11.383,map,"nav2_feedback of the target goal (map, AMCL-based estimate)",-6.0227,-0.9906,-1.8253,,
1791052965437877678,11.383,map,"nav2_feedback of the target goal (map, AMCL-based estimate)",-6.0227,-0.9906,-1.8253,,
1791052965447622487,11.383,map,"nav2_feedback of the target goal (map, AMCL-based estimate)",-6.0227,-0.9906,-1.8253,,
1791052965457761646,11.383,map,"nav2_feedback of the target goal (map, AMCL-based estimate)",-6.0227,-0.9906,-1.8253,,
1791052965467665313,11.383,map,"nav2_feedback of the target goal (map, AMCL-based estimate)",-6.0227,-0.9906,-1.8253,,
1791052965478149597,11.400,map,"nav2_feedback of the target goal (map, AMCL-based estimate)",-6.0226,-0.9904,-1.8158,,
1791052965487872039,11.400,map,"nav2_feedback of the target goal (map, AMCL-based estimate)",-6.0226,-0.9904,-1.8158,,
1791052965497775890,11.417,map,"nav2_feedback of the target goal (map, AMCL-based estimate)",-6.0226,-0.9902,-1.8065,,
1791052965507516574,11.417,map,"nav2_feedback of the target goal (map, AMCL-based estimate)",-6.0226,-0.9902,-1.8065,,
1791052965517601924,11.417,map,"nav2_feedback of the target goal (map, AMCL-based estimate)",-6.0226,-0.9902,-1.8065,,
1791052965528047983,11.417,map,"nav2_feedback of the target goal (map, AMCL-based estimate)",-6.0226,-0.9902,-1.8065,,
1791052965537592592,11.417,map,"nav2_feedback of the target goal (map, AMCL-based estimate)",-6.0226,-0.9902,-1.8065,,
1791052965549302001,11.417,map,"nav2_feedback of the target goal (map, AMCL-based estimate)",-6.0226,-0.9902,-1.8065,,
1791052965557900518,11.417,map,"nav2_feedback of the target goal (map, AMCL-based estimate)",-6.0226,-0.9902,-1.8065,,
1791052965567819219,11.433,map,"nav2_feedback of the target goal (map, AMCL-based estimate)",-6.0225,-0.9900,-1.7975,,
1791052965577558711,11.433,map,"nav2_feedback of the target goal (map, AMCL-based estimate)",-6.0225,-0.9900,-1.7975,,
1791052965587782111,11.450,map,"nav2_feedback of the target goal (map, AMCL-based estimate)",-6.0225,-0.9898,-1.7885,,
1791052965597560379,11.450,map,"nav2_feedback of the target goal (map, AMCL-based estimate)",-6.0225,-0.9898,-1.7885,,
1791052965607406938,11.450,map,"nav2_feedback of the target goal (map, AMCL-based estimate)",-6.0225,-0.9898,-1.7885,,
1791052965617546096,11.450,map,"nav2_feedback of the target goal (map, AMCL-based estimate)",-6.0225,-0.9898,-1.7885,,
1791052965627605872,11.450,map,"nav2_feedback of the target goal (map, AMCL-based estimate)",-6.0225,-0.9898,-1.7885,,
1791052965637657214,11.450,map,"nav2_feedback of the target goal (map, AMCL-based estimate)",-6.0225,-0.9898,-1.7885,,
1791052965648074307,11.467,map,"nav2_feedback of the target goal (map, AMCL-based estimate)",-6.0224,-0.9896,-1.7796,,
1791052965658317507,11.467,map,"nav2_feedback of the target goal (map, AMCL-based estimate)",-6.0224,-0.9896,-1.7796,,
1791052965667542383,11.467,map,"nav2_feedback of the target goal (map, AMCL-based estimate)",-6.0224,-0.9896,-1.7796,,
1791052965677642308,11.483,map,"nav2_feedback of the target goal (map, AMCL-based estimate)",-6.0224,-0.9894,-1.7708,,
1791052965687720875,11.483,map,"nav2_feedback of the target goal (map, AMCL-based estimate)",-6.0224,-0.9894,-1.7708,,
1791052965697603368,11.483,map,"nav2_feedback of the target goal (map, AMCL-based estimate)",-6.0224,-0.9894,-1.7708,,
1791052965707528118,11.483,map,"nav2_feedback of the target goal (map, AMCL-based estimate)",-6.0224,-0.9894,-1.7708,,
1791052965717525652,11.483,map,"nav2_feedback of the target goal (map, AMCL-based estimate)",-6.0224,-0.9894,-1.7708,,
1791052965727677553,11.483,map,"nav2_feedback of the target goal (map, AMCL-based estimate)",-6.0224,-0.9894,-1.7708,,
1791052965738360203,11.500,map,"nav2_feedback of the target goal (map, AMCL-based estimate)",-6.0223,-0.9892,-1.7619,,
1791052965747717812,11.500,map,"nav2_feedback of the target goal (map, AMCL-based estimate)",-6.0223,-0.9892,-1.7619,,
1791052965757590863,11.517,map,"nav2_feedback of the target goal (map, AMCL-based estimate)",-6.0223,-0.9890,-1.7527,,
1791052965767636247,11.517,map,"nav2_feedback of the target goal (map, AMCL-based estimate)",-6.0223,-0.9890,-1.7527,,
1791052965777546330,11.517,map,"nav2_feedback of the target goal (map, AMCL-based estimate)",-6.0223,-0.9890,-1.7527,,
1791052965787646714,11.517,map,"nav2_feedback of the target goal (map, AMCL-based estimate)",-6.0223,-0.9890,-1.7527,,
1791052965799318723,11.517,map,"nav2_feedback of the target goal (map, AMCL-based estimate)",-6.0223,-0.9890,-1.7527,,
1791052965808141182,11.517,map,"nav2_feedback of the target goal (map, AMCL-based estimate)",-6.0223,-0.9890,-1.7527,,
1791052965817878108,11.517,map,"nav2_feedback of the target goal (map, AMCL-based estimate)",-6.0223,-0.9890,-1.7527,,
1791052965827666275,11.533,map,"nav2_feedback of the target goal (map, AMCL-based estimate)",-6.0223,-0.9888,-1.7431,,
1791052965837853101,11.533,map,"nav2_feedback of the target goal (map, AMCL-based estimate)",-6.0223,-0.9888,-1.7431,,
1791052965847599193,11.550,map,"nav2_feedback of the target goal (map, AMCL-based estimate)",-6.0222,-0.9886,-1.7330,,
1791052965857885293,11.550,map,"nav2_feedback of the target goal (map, AMCL-based estimate)",-6.0222,-0.9886,-1.7330,,
1791052965867453369,11.550,map,"nav2_feedback of the target goal (map, AMCL-based estimate)",-6.0222,-0.9886,-1.7330,,
1791052965877533128,11.550,map,"nav2_feedback of the target goal (map, AMCL-based estimate)",-6.0222,-0.9886,-1.7330,,
1791052965887862220,11.550,map,"nav2_feedback of the target goal (map, AMCL-based estimate)",-6.0222,-0.9886,-1.7330,,
1791052965898064629,11.550,map,"nav2_feedback of the target goal (map, AMCL-based estimate)",-6.0222,-0.9886,-1.7330,,
1791052965907713921,11.567,map,"nav2_feedback of the target goal (map, AMCL-based estimate)",-6.0222,-0.9884,-1.7226,,
1791052965917526930,11.567,map,"nav2_feedback of the target goal (map, AMCL-based estimate)",-6.0222,-0.9884,-1.7226,,
1791052965928020289,11.567,map,"nav2_feedback of the target goal (map, AMCL-based estimate)",-6.0222,-0.9884,-1.7226,,
1791052965939942548,11.583,map,"nav2_feedback of the target goal (map, AMCL-based estimate)",-6.0222,-0.9882,-1.7120,,
1791052965947718632,11.583,map,"nav2_feedback of the target goal (map, AMCL-based estimate)",-6.0222,-0.9882,-1.7120,,
1791052965957532741,11.583,map,"nav2_feedback of the target goal (map, AMCL-based estimate)",-6.0222,-0.9882,-1.7120,,
1791052965967548883,11.583,map,"nav2_feedback of the target goal (map, AMCL-based estimate)",-6.0222,-0.9882,-1.7120,,
1791052965977538625,11.583,map,"nav2_feedback of the target goal (map, AMCL-based estimate)",-6.0222,-0.9882,-1.7120,,
1791052965987810701,11.583,map,"nav2_feedback of the target goal (map, AMCL-based estimate)",-6.0222,-0.9882,-1.7120,,
1791052965997596209,11.600,map,"nav2_feedback of the target goal (map, AMCL-based estimate)",-6.0221,-0.9879,-1.7012,,
1791052966007468802,11.600,map,"nav2_feedback of the target goal (map, AMCL-based estimate)",-6.0221,-0.9879,-1.7012,,
1791052966017778094,11.617,map,"nav2_feedback of the target goal (map, AMCL-based estimate)",-6.0221,-0.9877,-1.6904,,
1791052966027569561,11.617,map,"nav2_feedback of the target goal (map, AMCL-based estimate)",-6.0221,-0.9877,-1.6904,,
1791052966037767387,11.617,map,"nav2_feedback of the target goal (map, AMCL-based estimate)",-6.0221,-0.9877,-1.6904,,
1791052966047529521,11.617,map,"nav2_feedback of the target goal (map, AMCL-based estimate)",-6.0221,-0.9877,-1.6904,,
1791052966057520638,11.617,map,"nav2_feedback of the target goal (map, AMCL-based estimate)",-6.0221,-0.9877,-1.6904,,
1791052966067936997,11.617,map,"nav2_feedback of the target goal (map, AMCL-based estimate)",-6.0221,-0.9877,-1.6904,,
1791052966077676489,11.617,map,"nav2_feedback of the target goal (map, AMCL-based estimate)",-6.0221,-0.9877,-1.6904,,
1791052966087763856,11.633,map,"nav2_feedback of the target goal (map, AMCL-based estimate)",-6.0221,-0.9875,-1.6794,,
1791052966097589332,11.633,map,"nav2_feedback of the target goal (map, AMCL-based estimate)",-6.0221,-0.9875,-1.6794,,
1791052966108112482,11.650,map,"nav2_feedback of the target goal (map, AMCL-based estimate)",-6.0221,-0.9872,-1.6686,,
1791052966117492916,11.650,map,"nav2_feedback of the target goal (map, AMCL-based estimate)",-6.0221,-0.9872,-1.6686,,
1791052966127748950,11.650,map,"nav2_feedback of the target goal (map, AMCL-based estimate)",-6.0221,-0.9872,-1.6686,,
1791052966138019284,11.650,map,"nav2_feedback of the target goal (map, AMCL-based estimate)",-6.0221,-0.9872,-1.6686,,
1791052966148092626,11.650,map,"nav2_feedback of the target goal (map, AMCL-based estimate)",-6.0221,-0.9872,-1.6686,,
1791052966157786835,11.650,map,"nav2_feedback of the target goal (map, AMCL-based estimate)",-6.0221,-0.9872,-1.6686,,
1791052966167573169,11.667,map,"nav2_feedback of the target goal (map, AMCL-based estimate)",-6.0220,-0.9870,-1.6580,,
1791052966177769161,11.667,map,"nav2_feedback of the target goal (map, AMCL-based estimate)",-6.0220,-0.9870,-1.6580,,
1791052966187819037,11.667,map,"nav2_feedback of the target goal (map, AMCL-based estimate)",-6.0220,-0.9870,-1.6580,,
1791052966197624346,11.683,map,"nav2_feedback of the target goal (map, AMCL-based estimate)",-6.0220,-0.9868,-1.6476,,
1791052966207718130,11.683,map,"nav2_feedback of the target goal (map, AMCL-based estimate)",-6.0220,-0.9868,-1.6476,,
1791052966219084339,11.683,map,"nav2_feedback of the target goal (map, AMCL-based estimate)",-6.0220,-0.9868,-1.6476,,
1791052966227946122,11.683,map,"nav2_feedback of the target goal (map, AMCL-based estimate)",-6.0220,-0.9868,-1.6476,,
1791052966237724848,11.683,map,"nav2_feedback of the target goal (map, AMCL-based estimate)",-6.0220,-0.9868,-1.6476,,
1791052966247852915,11.683,map,"nav2_feedback of the target goal (map, AMCL-based estimate)",-6.0220,-0.9868,-1.6476,,
1791052966257701491,11.700,map,"nav2_feedback of the target goal (map, AMCL-based estimate)",-6.0220,-0.9867,-1.6372,,
1791052966267796100,11.700,map,"nav2_feedback of the target goal (map, AMCL-based estimate)",-6.0220,-0.9867,-1.6372,,
1791052966277642934,11.717,map,"nav2_feedback of the target goal (map, AMCL-based estimate)",-6.0220,-0.9869,-1.6267,,
1791052966289557493,11.717,map,"nav2_feedback of the target goal (map, AMCL-based estimate)",-6.0220,-0.9869,-1.6267,,
1791052966297658260,11.717,map,"nav2_feedback of the target goal (map, AMCL-based estimate)",-6.0220,-0.9869,-1.6267,,
1791052966307498860,11.717,map,"nav2_feedback of the target goal (map, AMCL-based estimate)",-6.0220,-0.9869,-1.6267,,
1791052966317492544,11.717,map,"nav2_feedback of the target goal (map, AMCL-based estimate)",-6.0220,-0.9869,-1.6267,,
1791052966327740511,11.717,map,"nav2_feedback of the target goal (map, AMCL-based estimate)",-6.0220,-0.9869,-1.6267,,
1791052966337732087,11.733,map,"nav2_feedback of the target goal (map, AMCL-based estimate)",-6.0221,-0.9872,-1.6161,,
1791052966347498162,11.733,map,"nav2_feedback of the target goal (map, AMCL-based estimate)",-6.0221,-0.9872,-1.6161,,
1791052966357863280,11.733,map,"nav2_feedback of the target goal (map, AMCL-based estimate)",-6.0221,-0.9872,-1.6161,,
1791052966367713230,11.750,map,"nav2_feedback of the target goal (map, AMCL-based estimate)",-6.0221,-0.9875,-1.6053,,
1791052966377551356,11.750,map,"nav2_feedback of the target goal (map, AMCL-based estimate)",-6.0221,-0.9875,-1.6053,,
1791052966387839840,11.750,map,"nav2_feedback of the target goal (map, AMCL-based estimate)",-6.0221,-0.9875,-1.6053,,
1791052966399013457,11.750,map,"nav2_feedback of the target goal (map, AMCL-based estimate)",-6.0221,-0.9875,-1.6053,,
1791052966407690074,11.750,map,"nav2_feedback of the target goal (map, AMCL-based estimate)",-6.0221,-0.9875,-1.6053,,
1791052966418091125,11.750,map,"nav2_feedback of the target goal (map, AMCL-based estimate)",-6.0221,-0.9875,-1.6053,,
1791052966427728867,11.767,map,"nav2_feedback of the target goal (map, AMCL-based estimate)",-6.0221,-0.9879,-1.5945,,
1791052966437823017,11.767,map,"nav2_feedback of the target goal (map, AMCL-based estimate)",-6.0221,-0.9879,-1.5945,,
1791052966447970793,11.767,map,"nav2_feedback of the target goal (map, AMCL-based estimate)",-6.0221,-0.9879,-1.5945,,
1791052966457633010,11.783,map,"nav2_feedback of the target goal (map, AMCL-based estimate)",-6.0221,-0.9883,-1.5835,,
1791052966468672886,11.783,map,"nav2_feedback of the target goal (map, AMCL-based estimate)",-6.0221,-0.9883,-1.5835,,
1791052966477821770,11.783,map,"nav2_feedback of the target goal (map, AMCL-based estimate)",-6.0221,-0.9883,-1.5835,,
1791052966487711595,11.783,map,"nav2_feedback of the target goal (map, AMCL-based estimate)",-6.0221,-0.9883,-1.5835,,
1791052966497777879,11.783,map,"nav2_feedback of the target goal (map, AMCL-based estimate)",-6.0221,-0.9883,-1.5835,,
1791052966507754421,11.783,map,"nav2_feedback of the target goal (map, AMCL-based estimate)",-6.0221,-0.9883,-1.5835,,
1791052966517628755,11.800,map,"nav2_feedback of the target goal (map, AMCL-based estimate)",-6.0221,-0.9887,-1.5724,,
1791052966527643339,11.800,map,"nav2_feedback of the target goal (map, AMCL-based estimate)",-6.0221,-0.9887,-1.5724,,
1791052966539422598,11.817,map,"nav2_feedback of the target goal (map, AMCL-based estimate)",-6.0221,-0.9892,-1.5613,,
1791052966547570390,11.817,map,"nav2_feedback of the target goal (map, AMCL-based estimate)",-6.0221,-0.9892,-1.5613,,
1791052966557564166,11.817,map,"nav2_feedback of the target goal (map, AMCL-based estimate)",-6.0221,-0.9892,-1.5613,,
1791052966567530991,11.817,map,"nav2_feedback of the target goal (map, AMCL-based estimate)",-6.0221,-0.9892,-1.5613,,
1791052966577554375,11.817,map,"nav2_feedback of the target goal (map, AMCL-based estimate)",-6.0221,-0.9892,-1.5613,,
1791052966587859451,11.817,map,"nav2_feedback of the target goal (map, AMCL-based estimate)",-6.0221,-0.9892,-1.5613,,
1791052966597611226,11.833,map,"nav2_feedback of the target goal (map, AMCL-based estimate)",-6.0221,-0.9896,-1.5502,,
1791052966607821244,11.833,map,"nav2_feedback of the target goal (map, AMCL-based estimate)",-6.0221,-0.9896,-1.5502,,
1791052966617856361,11.850,map,"nav2_feedback of the target goal (map, AMCL-based estimate)",-6.0220,-0.9900,-1.5390,,
1791052966627801461,11.850,map,"nav2_feedback of the target goal (map, AMCL-based estimate)",-6.0220,-0.9900,-1.5390,,
1791052966637653520,11.850,map,"nav2_feedback of the target goal (map, AMCL-based estimate)",-6.0220,-0.9900,-1.5390,,
1791052966647579738,11.850,map,"nav2_feedback of the target goal (map, AMCL-based estimate)",-6.0220,-0.9900,-1.5390,,
1791052966657833938,11.850,map,"nav2_feedback of the target goal (map, AMCL-based estimate)",-6.0220,-0.9900,-1.5390,,
1791052966667573980,11.850,map,"nav2_feedback of the target goal (map, AMCL-based estimate)",-6.0220,-0.9900,-1.5390,,
1791052966679463423,11.867,map,"nav2_feedback of the target goal (map, AMCL-based estimate)",-6.0220,-0.9904,-1.5277,,
1791052966688103832,11.867,map,"nav2_feedback of the target goal (map, AMCL-based estimate)",-6.0220,-0.9904,-1.5277,,
1791052966697507274,11.867,map,"nav2_feedback of the target goal (map, AMCL-based estimate)",-6.0220,-0.9904,-1.5277,,
1791052966707701708,11.883,map,"nav2_feedback of the target goal (map, AMCL-based estimate)",-6.0220,-0.9909,-1.5166,,
1791052966717526175,11.883,map,"nav2_feedback of the target goal (map, AMCL-based estimate)",-6.0220,-0.9909,-1.5166,,
1791052966727688067,11.883,map,"nav2_feedback of the target goal (map, AMCL-based estimate)",-6.0220,-0.9909,-1.5166,,
1791052966737536643,11.883,map,"nav2_feedback of the target goal (map, AMCL-based estimate)",-6.0220,-0.9909,-1.5166,,
1791052966747735568,11.883,map,"nav2_feedback of the target goal (map, AMCL-based estimate)",-6.0220,-0.9909,-1.5166,,
1791052966757958419,11.883,map,"nav2_feedback of the target goal (map, AMCL-based estimate)",-6.0220,-0.9909,-1.5166,,
1791052966767634844,11.900,map,"nav2_feedback of the target goal (map, AMCL-based estimate)",-6.0220,-0.9913,-1.5057,,
1791052966777535670,11.900,map,"nav2_feedback of the target goal (map, AMCL-based estimate)",-6.0220,-0.9913,-1.5057,,
1791052966787875945,11.900,map,"nav2_feedback of the target goal (map, AMCL-based estimate)",-6.0220,-0.9913,-1.5057,,
1791052966797557871,11.917,map,"nav2_feedback of the target goal (map, AMCL-based estimate)",-6.0219,-0.9917,-1.4950,,
1791052966807455580,11.917,map,"nav2_feedback of the target goal (map, AMCL-based estimate)",-6.0219,-0.9917,-1.4950,,
1791052966817854980,11.917,map,"nav2_feedback of the target goal (map, AMCL-based estimate)",-6.0219,-0.9917,-1.4950,,
1791052966827804573,11.917,map,"nav2_feedback of the target goal (map, AMCL-based estimate)",-6.0219,-0.9917,-1.4950,,
1791052966837597965,11.917,map,"nav2_feedback of the target goal (map, AMCL-based estimate)",-6.0219,-0.9917,-1.4950,,
1791052966848590816,11.917,map,"nav2_feedback of the target goal (map, AMCL-based estimate)",-6.0219,-0.9917,-1.4950,,
1791052966857624383,11.933,map,"nav2_feedback of the target goal (map, AMCL-based estimate)",-6.0219,-0.9922,-1.4845,,
1791052966867569392,11.933,map,"nav2_feedback of the target goal (map, AMCL-based estimate)",-6.0219,-0.9922,-1.4845,,
1791052966877769417,11.950,map,"nav2_feedback of the target goal (map, AMCL-based estimate)",-6.0219,-0.9926,-1.4741,,
1791052966887687293,11.950,map,"nav2_feedback of the target goal (map, AMCL-based estimate)",-6.0219,-0.9926,-1.4741,,
1791052966897407993,11.950,map,"nav2_feedback of the target goal (map, AMCL-based estimate)",-6.0219,-0.9926,-1.4741,,
1791052966907652019,11.950,map,"nav2_feedback of the target goal (map, AMCL-based estimate)",-6.0219,-0.9926,-1.4741,,
1791052966917694469,11.950,map,"nav2_feedback of the target goal (map, AMCL-based estimate)",-6.0219,-0.9926,-1.4741,,
1791052966927725737,11.950,map,"nav2_feedback of the target goal (map, AMCL-based estimate)",-6.0219,-0.9926,-1.4741,,
1791052966938005421,11.967,map,"nav2_feedback of the target goal (map, AMCL-based estimate)",-6.0218,-0.9930,-1.4638,,
1791052966947489438,11.967,map,"nav2_feedback of the target goal (map, AMCL-based estimate)",-6.0218,-0.9930,-1.4638,,
1791052966957905430,11.983,map,"nav2_feedback of the target goal (map, AMCL-based estimate)",-6.0218,-0.9934,-1.4535,,
1791052966967555181,11.983,map,"nav2_feedback of the target goal (map, AMCL-based estimate)",-6.0218,-0.9934,-1.4535,,
1791052966977650248,11.983,map,"nav2_feedback of the target goal (map, AMCL-based estimate)",-6.0218,-0.9934,-1.4535,,
1791052966987610657,11.983,map,"nav2_feedback of the target goal (map, AMCL-based estimate)",-6.0218,-0.9934,-1.4535,,
1791052966997624141,11.983,map,"nav2_feedback of the target goal (map, AMCL-based estimate)",-6.0218,-0.9934,-1.4535,,
1791052967007880449,11.983,map,"nav2_feedback of the target goal (map, AMCL-based estimate)",-6.0218,-0.9934,-1.4535,,
1791052967017814733,12.000,map,"nav2_feedback of the target goal (map, AMCL-based estimate)",-6.0217,-0.9939,-1.4433,,
1791052967027712901,12.000,map,"nav2_feedback of the target goal (map, AMCL-based estimate)",-6.0217,-0.9939,-1.4433,,
1791052967038330835,12.000,map,"nav2_feedback of the target goal (map, AMCL-based estimate)",-6.0217,-0.9939,-1.4433,,
1791052967047758568,12.017,map,"nav2_feedback of the target goal (map, AMCL-based estimate)",-6.0216,-0.9943,-1.4330,,
1791052967057649952,12.017,map,"nav2_feedback of the target goal (map, AMCL-based estimate)",-6.0216,-0.9943,-1.4330,,
1791052967067472494,12.017,map,"nav2_feedback of the target goal (map, AMCL-based estimate)",-6.0216,-0.9943,-1.4330,,
1791052967077521820,12.017,map,"nav2_feedback of the target goal (map, AMCL-based estimate)",-6.0216,-0.9943,-1.4330,,
1791052967088176054,12.017,map,"nav2_feedback of the target goal (map, AMCL-based estimate)",-6.0216,-0.9943,-1.4330,,
1791052967097807471,12.017,map,"nav2_feedback of the target goal (map, AMCL-based estimate)",-6.0216,-0.9943,-1.4330,,
1791052967107583355,12.017,map,"nav2_feedback of the target goal (map, AMCL-based estimate)",-6.0216,-0.9943,-1.4330,,
1791052967117604447,12.033,map,"nav2_feedback of the target goal (map, AMCL-based estimate)",-6.0216,-0.9948,-1.4228,,
1791052967127858556,12.033,map,"nav2_feedback of the target goal (map, AMCL-based estimate)",-6.0216,-0.9948,-1.4228,,
1791052967138272165,12.050,map,"nav2_feedback of the target goal (map, AMCL-based estimate)",-6.0215,-0.9952,-1.4126,,
1791052967147526832,12.050,map,"nav2_feedback of the target goal (map, AMCL-based estimate)",-6.0215,-0.9952,-1.4126,,
1791052967157875083,12.050,map,"nav2_feedback of the target goal (map, AMCL-based estimate)",-6.0215,-0.9952,-1.4126,,
1791052967167541150,12.050,map,"nav2_feedback of the target goal (map, AMCL-based estimate)",-6.0215,-0.9952,-1.4126,,
1791052967177977676,12.050,map,"nav2_feedback of the target goal (map, AMCL-based estimate)",-6.0215,-0.9952,-1.4126,,
1791052967188030393,12.050,map,"nav2_feedback of the target goal (map, AMCL-based estimate)",-6.0215,-0.9952,-1.4126,,
1791052967197618727,12.067,map,"nav2_feedback of the target goal (map, AMCL-based estimate)",-6.0214,-0.9956,-1.4024,,
1791052967207637344,12.067,map,"nav2_feedback of the target goal (map, AMCL-based estimate)",-6.0214,-0.9956,-1.4024,,
1791052967217594178,12.067,map,"nav2_feedback of the target goal (map, AMCL-based estimate)",-6.0214,-0.9956,-1.4024,,
1791052967227578420,12.083,map,"nav2_feedback of the target goal (map, AMCL-based estimate)",-6.0213,-0.9961,-1.3921,,
1791052967237668354,12.083,map,"nav2_feedback of the target goal (map, AMCL-based estimate)",-6.0213,-0.9961,-1.3921,,
1791052967247481088,12.083,map,"nav2_feedback of the target goal (map, AMCL-based estimate)",-6.0213,-0.9961,-1.3921,,
1791052967257523172,12.083,map,"nav2_feedback of the target goal (map, AMCL-based estimate)",-6.0213,-0.9961,-1.3921,,
1791052967267576622,12.083,map,"nav2_feedback of the target goal (map, AMCL-based estimate)",-6.0213,-0.9961,-1.3921,,
1791052967277639606,12.100,map,"nav2_feedback of the target goal (map, AMCL-based estimate)",-6.0213,-0.9965,-1.3819,,
1791052967287994549,12.100,map,"nav2_feedback of the target goal (map, AMCL-based estimate)",-6.0213,-0.9965,-1.3819,,
1791052967297524766,12.100,map,"nav2_feedback of the target goal (map, AMCL-based estimate)",-6.0213,-0.9965,-1.3819,,
1791052967307605991,12.117,map,"nav2_feedback of the target goal (map, AMCL-based estimate)",-6.0354,-1.0075,-1.3675,,
1791052967317505442,12.117,map,"nav2_feedback of the target goal (map, AMCL-based estimate)",-6.0354,-1.0075,-1.3675,,
1791052967327677051,12.117,map,"nav2_feedback of the target goal (map, AMCL-based estimate)",-6.0354,-1.0075,-1.3675,,
1791052967337810068,12.117,map,"nav2_feedback of the target goal (map, AMCL-based estimate)",-6.0354,-1.0075,-1.3675,,
1791052967347852610,12.117,map,"nav2_feedback of the target goal (map, AMCL-based estimate)",-6.0354,-1.0075,-1.3675,,
1791052967357874527,12.133,map,"nav2_feedback of the target goal (map, AMCL-based estimate)",-6.0495,-1.0184,-1.3533,,
1791052967367680020,12.133,map,"nav2_feedback of the target goal (map, AMCL-based estimate)",-6.0495,-1.0184,-1.3533,,
1791052967377929637,12.133,map,"nav2_feedback of the target goal (map, AMCL-based estimate)",-6.0495,-1.0184,-1.3533,,
1791052967388039279,12.150,map,"nav2_feedback of the target goal (map, AMCL-based estimate)",-6.0636,-1.0293,-1.3393,,
1791052967397456288,12.150,map,"nav2_feedback of the target goal (map, AMCL-based estimate)",-6.0636,-1.0293,-1.3393,,
1791052967407699030,12.150,map,"nav2_feedback of the target goal (map, AMCL-based estimate)",-6.0636,-1.0293,-1.3393,,
1791052967418050489,12.150,map,"nav2_feedback of the target goal (map, AMCL-based estimate)",-6.0636,-1.0293,-1.3393,,
1791052967427652206,12.150,map,"nav2_feedback of the target goal (map, AMCL-based estimate)",-6.0636,-1.0293,-1.3393,,
1791052967437776699,12.150,map,"nav2_feedback of the target goal (map, AMCL-based estimate)",-6.0636,-1.0293,-1.3393,,
1791052967447843166,12.167,map,"nav2_feedback of the target goal (map, AMCL-based estimate)",-6.0777,-1.0402,-1.3256,,
1791052967457527566,12.167,map,"nav2_feedback of the target goal (map, AMCL-based estimate)",-6.0777,-1.0402,-1.3256,,
1791052967467786167,12.183,map,"nav2_feedback of the target goal (map, AMCL-based estimate)",-6.0917,-1.0511,-1.3121,,
1791052967477705051,12.183,map,"nav2_feedback of the target goal (map, AMCL-based estimate)",-6.0917,-1.0511,-1.3121,,
1791052967487995185,12.183,map,"nav2_feedback of the target goal (map, AMCL-based estimate)",-6.0917,-1.0511,-1.3121,,
1791052967497499185,12.183,map,"nav2_feedback of the target goal (map, AMCL-based estimate)",-6.0917,-1.0511,-1.3121,,
1791052967508122803,12.183,map,"nav2_feedback of the target goal (map, AMCL-based estimate)",-6.0917,-1.0511,-1.3121,,
1791052967517693903,12.183,map,"nav2_feedback of the target goal (map, AMCL-based estimate)",-6.0917,-1.0511,-1.3121,,
1791052967527692629,12.200,map,"nav2_feedback of the target goal (map, AMCL-based estimate)",-6.1058,-1.0620,-1.2987,,
1791052967537635346,12.200,map,"nav2_feedback of the target goal (map, AMCL-based estimate)",-6.1058,-1.0620,-1.2987,,
1791052967547605013,12.217,map,"nav2_feedback of the target goal (map, AMCL-based estimate)",-6.1057,-1.0625,-1.2895,,
1791052967557581280,12.217,map,"nav2_feedback of the target goal (map, AMCL-based estimate)",-6.1057,-1.0625,-1.2895,,
1791052967567402448,12.217,map,"nav2_feedback of the target goal (map, AMCL-based estimate)",-6.1057,-1.0625,-1.2895,,
1791052967577537298,12.217,map,"nav2_feedback of the target goal (map, AMCL-based estimate)",-6.1057,-1.0625,-1.2895,,
1791052967588044315,12.217,map,"nav2_feedback of the target goal (map, AMCL-based estimate)",-6.1057,-1.0625,-1.2895,,
1791052967597608724,12.217,map,"nav2_feedback of the target goal (map, AMCL-based estimate)",-6.1057,-1.0625,-1.2895,,
1791052967607727716,12.233,map,"nav2_feedback of the target goal (map, AMCL-based estimate)",-6.1055,-1.0629,-1.2802,,
1791052967617563734,12.233,map,"nav2_feedback of the target goal (map, AMCL-based estimate)",-6.1055,-1.0629,-1.2802,,
1791052967628145184,12.233,map,"nav2_feedback of the target goal (map, AMCL-based estimate)",-6.1055,-1.0629,-1.2802,,
1791052967639675385,12.250,map,"nav2_feedback of the target goal (map, AMCL-based estimate)",-6.1054,-1.0634,-1.2706,,
1791052967647551110,12.250,map,"nav2_feedback of the target goal (map, AMCL-based estimate)",-6.1054,-1.0634,-1.2706,,
1791052967657585036,12.250,map,"nav2_feedback of the target goal (map, AMCL-based estimate)",-6.1054,-1.0634,-1.2706,,
1791052967667455611,12.250,map,"nav2_feedback of the target goal (map, AMCL-based estimate)",-6.1054,-1.0634,-1.2706,,
1791052967677817154,12.250,map,"nav2_feedback of the target goal (map, AMCL-based estimate)",-6.1054,-1.0634,-1.2706,,
1791052967688152571,12.267,map,"nav2_feedback of the target goal (map, AMCL-based estimate)",-6.1052,-1.0638,-1.2609,,
1791052967697779772,12.267,map,"nav2_feedback of the target goal (map, AMCL-based estimate)",-6.1052,-1.0638,-1.2609,,
1791052967707816630,12.267,map,"nav2_feedback of the target goal (map, AMCL-based estimate)",-6.1052,-1.0638,-1.2609,,
1791052967717820856,12.283,map,"nav2_feedback of the target goal (map, AMCL-based estimate)",-6.1051,-1.0643,-1.2510,,
1791052967727740382,12.283,map,"nav2_feedback of the target goal (map, AMCL-based estimate)",-6.1051,-1.0643,-1.2510,,
1791052967737544040,12.283,map,"nav2_feedback of the target goal (map, AMCL-based estimate)",-6.1051,-1.0643,-1.2510,,
1791052967747518933,12.283,map,"nav2_feedback of the target goal (map, AMCL-based estimate)",-6.1051,-1.0643,-1.2510,,
1791052967757691642,12.283,map,"nav2_feedback of the target goal (map, AMCL-based estimate)",-6.1051,-1.0643,-1.2510,,
1791052967767771400,12.300,map,"nav2_feedback of the target goal (map, AMCL-based estimate)",-6.1049,-1.0647,-1.2409,,
1791052967777962259,12.300,map,"nav2_feedback of the target goal (map, AMCL-based estimate)",-6.1049,-1.0647,-1.2409,,
1791052967787681860,12.300,map,"nav2_feedback of the target goal (map, AMCL-based estimate)",-6.1049,-1.0647,-1.2409,,
1791052967797520810,12.317,map,"nav2_feedback of the target goal (map, AMCL-based estimate)",-6.1048,-1.0652,-1.2308,,
1791052967807428511,12.317,map,"nav2_feedback of the target goal (map, AMCL-based estimate)",-6.1048,-1.0652,-1.2308,,
1791052967817912520,12.317,map,"nav2_feedback of the target goal (map, AMCL-based estimate)",-6.1048,-1.0652,-1.2308,,
1791052967827726354,12.317,map,"nav2_feedback of the target goal (map, AMCL-based estimate)",-6.1048,-1.0652,-1.2308,,
1791052967837786313,12.317,map,"nav2_feedback of the target goal (map, AMCL-based estimate)",-6.1048,-1.0652,-1.2308,,
1791052967848393155,12.317,map,"nav2_feedback of the target goal (map, AMCL-based estimate)",-6.1048,-1.0652,-1.2308,,
1791052967857659739,12.333,map,"nav2_feedback of the target goal (map, AMCL-based estimate)",-6.1046,-1.0656,-1.2207,,
1791052967867572939,12.333,map,"nav2_feedback of the target goal (map, AMCL-based estimate)",-6.1046,-1.0656,-1.2207,,
1791052967878732257,12.350,map,"nav2_feedback of the target goal (map, AMCL-based estimate)",-6.1044,-1.0661,-1.2105,,
1791052967887803132,12.350,map,"nav2_feedback of the target goal (map, AMCL-based estimate)",-6.1044,-1.0661,-1.2105,,
1791052967897438033,12.350,map,"nav2_feedback of the target goal (map, AMCL-based estimate)",-6.1044,-1.0661,-1.2105,,
1791052967907570592,12.350,map,"nav2_feedback of the target goal (map, AMCL-based estimate)",-6.1044,-1.0661,-1.2105,,
1791052967917549792,12.350,map,"nav2_feedback of the target goal (map, AMCL-based estimate)",-6.1044,-1.0661,-1.2105,,
1791052967928308068,12.350,map,"nav2_feedback of the target goal (map, AMCL-based estimate)",-6.1044,-1.0661,-1.2105,,
1791052967938039677,12.367,map,"nav2_feedback of the target goal (map, AMCL-based estimate)",-6.1043,-1.0665,-1.2002,,
1791052967947740669,12.367,map,"nav2_feedback of the target goal (map, AMCL-based estimate)",-6.1043,-1.0665,-1.2002,,
1791052967957764969,12.367,map,"nav2_feedback of the target goal (map, AMCL-based estimate)",-6.1043,-1.0665,-1.2002,,
1791052967967809803,12.383,map,"nav2_feedback of the target goal (map, AMCL-based estimate)",-6.1041,-1.0669,-1.1900,,
1791052967977560479,12.383,map,"nav2_feedback of the target goal (map, AMCL-based estimate)",-6.1041,-1.0669,-1.1900,,
1791052967988078588,12.383,map,"nav2_feedback of the target goal (map, AMCL-based estimate)",-6.1041,-1.0669,-1.1900,,
1791052967997440138,12.383,map,"nav2_feedback of the target goal (map, AMCL-based estimate)",-6.1041,-1.0669,-1.1900,,
1791052968007782064,12.383,map,"nav2_feedback of the target goal (map, AMCL-based estimate)",-6.1041,-1.0669,-1.1900,,
1791052968017568031,12.400,map,"nav2_feedback of the target goal (map, AMCL-based estimate)",-6.1039,-1.0674,-1.1797,,
1791052968027636148,12.400,map,"nav2_feedback of the target goal (map, AMCL-based estimate)",-6.1039,-1.0674,-1.1797,,
1791052968037864499,12.400,map,"nav2_feedback of the target goal (map, AMCL-based estimate)",-6.1039,-1.0674,-1.1797,,
1791052968047601424,12.417,map,"nav2_feedback of the target goal (map, AMCL-based estimate)",-6.1037,-1.0678,-1.1695,,
1791052968057613075,12.417,map,"nav2_feedback of the target goal (map, AMCL-based estimate)",-6.1037,-1.0678,-1.1695,,
1791052968067601809,12.417,map,"nav2_feedback of the target goal (map, AMCL-based estimate)",-6.1037,-1.0678,-1.1695,,
1791052968079078843,12.417,map,"nav2_feedback of the target goal (map, AMCL-based estimate)",-6.1037,-1.0678,-1.1695,,
1791052968087883702,12.417,map,"nav2_feedback of the target goal (map, AMCL-based estimate)",-6.1037,-1.0678,-1.1695,,
1791052968097567644,12.433,map,"nav2_feedback of the target goal (map, AMCL-based estimate)",-6.1035,-1.0684,-1.1591,,
1791052968107525670,12.433,map,"nav2_feedback of the target goal (map, AMCL-based estimate)",-6.1035,-1.0684,-1.1591,,
1791052968117643653,12.433,map,"nav2_feedback of the target goal (map, AMCL-based estimate)",-6.1035,-1.0684,-1.1591,,
1791052968127619921,12.450,map,"nav2_feedback of the target goal (map, AMCL-based estimate)",-6.1031,-1.0692,-1.1484,,
1791052968137633405,12.450,map,"nav2_feedback of the target goal (map, AMCL-based estimate)",-6.1031,-1.0692,-1.1484,,
1791052968147645880,12.450,map,"nav2_feedback of the target goal (map, AMCL-based estimate)",-6.1031,-1.0692,-1.1484,,
1791052968157608489,12.450,map,"nav2_feedback of the target goal (map, AMCL-based estimate)",-6.1031,-1.0692,-1.1484,,
1791052968167794581,12.450,map,"nav2_feedback of the target goal (map, AMCL-based estimate)",-6.1031,-1.0692,-1.1484,,
1791052968177713007,12.467,map,"nav2_feedback of the target goal (map, AMCL-based estimate)",-6.1027,-1.0701,-1.1375,,
1791052968188328007,12.467,map,"nav2_feedback of the target goal (map, AMCL-based estimate)",-6.1027,-1.0701,-1.1375,,
1791052968197496050,12.467,map,"nav2_feedback of the target goal (map, AMCL-based estimate)",-6.1027,-1.0701,-1.1375,,
1791052968207685167,12.483,map,"nav2_feedback of the target goal (map, AMCL-based estimate)",-6.1023,-1.0709,-1.1264,,
1791052968218415759,12.483,map,"nav2_feedback of the target goal (map, AMCL-based estimate)",-6.1023,-1.0709,-1.1264,,
1791052968227681701,12.483,map,"nav2_feedback of the target goal (map, AMCL-based estimate)",-6.1023,-1.0709,-1.1264,,
1791052968237689502,12.483,map,"nav2_feedback of the target goal (map, AMCL-based estimate)",-6.1023,-1.0709,-1.1264,,
1791052968247410477,12.483,map,"nav2_feedback of the target goal (map, AMCL-based estimate)",-6.1023,-1.0709,-1.1264,,
1791052968258404153,12.483,map,"nav2_feedback of the target goal (map, AMCL-based estimate)",-6.1023,-1.0709,-1.1264,,
1791052968267654787,12.500,map,"nav2_feedback of the target goal (map, AMCL-based estimate)",-6.1019,-1.0717,-1.1151,,
1791052968277560746,12.500,map,"nav2_feedback of the target goal (map, AMCL-based estimate)",-6.1019,-1.0717,-1.1151,,
1791052968288170338,12.517,map,"nav2_feedback of the target goal (map, AMCL-based estimate)",-6.1015,-1.0726,-1.1037,,
1791052968297618697,12.517,map,"nav2_feedback of the target goal (map, AMCL-based estimate)",-6.1015,-1.0726,-1.1037,,
1791052968307495597,12.517,map,"nav2_feedback of the target goal (map, AMCL-based estimate)",-6.1015,-1.0726,-1.1037,,
1791052968317622473,12.517,map,"nav2_feedback of the target goal (map, AMCL-based estimate)",-6.1015,-1.0726,-1.1037,,
1791052968327706174,12.517,map,"nav2_feedback of the target goal (map, AMCL-based estimate)",-6.1015,-1.0726,-1.1037,,
1791052968337764666,12.517,map,"nav2_feedback of the target goal (map, AMCL-based estimate)",-6.1015,-1.0726,-1.1037,,
1791052968347605633,12.517,map,"nav2_feedback of the target goal (map, AMCL-based estimate)",-6.1015,-1.0726,-1.1037,,
1791052968357598125,12.533,map,"nav2_feedback of the target goal (map, AMCL-based estimate)",-6.1010,-1.0736,-1.0923,,
1791052968367483642,12.533,map,"nav2_feedback of the target goal (map, AMCL-based estimate)",-6.1010,-1.0736,-1.0923,,
1791052968377565143,12.550,map,"nav2_feedback of the target goal (map, AMCL-based estimate)",-6.1005,-1.0744,-1.0807,,
1791052968387689819,12.550,map,"nav2_feedback of the target goal (map, AMCL-based estimate)",-6.1005,-1.0744,-1.0807,,
1791052968397431236,12.550,map,"nav2_feedback of the target goal (map, AMCL-based estimate)",-6.1005,-1.0744,-1.0807,,
1791052968407401361,12.550,map,"nav2_feedback of the target goal (map, AMCL-based estimate)",-6.1005,-1.0744,-1.0807,,
1791052968418001329,12.550,map,"nav2_feedback of the target goal (map, AMCL-based estimate)",-6.1005,-1.0744,-1.0807,,
1791052968427978329,12.550,map,"nav2_feedback of the target goal (map, AMCL-based estimate)",-6.1005,-1.0744,-1.0807,,
1791052968437888596,12.567,map,"nav2_feedback of the target goal (map, AMCL-based estimate)",-6.1002,-1.0750,-1.0692,,
1791052968447542197,12.567,map,"nav2_feedback of the target goal (map, AMCL-based estimate)",-6.1002,-1.0750,-1.0692,,
1791052968457596197,12.583,map,"nav2_feedback of the target goal (map, AMCL-based estimate)",-6.0999,-1.0755,-1.0576,,
1791052968467484556,12.583,map,"nav2_feedback of the target goal (map, AMCL-based estimate)",-6.0999,-1.0755,-1.0576,,
1791052968477432499,12.583,map,"nav2_feedback of the target goal (map, AMCL-based estimate)",-6.0999,-1.0755,-1.0576,,
1791052968487798166,12.583,map,"nav2_feedback of the target goal (map, AMCL-based estimate)",-6.0999,-1.0755,-1.0576,,
1791052968497480825,12.583,map,"nav2_feedback of the target goal (map, AMCL-based estimate)",-6.0999,-1.0755,-1.0576,,
1791052968508112234,12.583,map,"nav2_feedback of the target goal (map, AMCL-based estimate)",-6.0999,-1.0755,-1.0576,,
1791052968517914334,12.600,map,"nav2_feedback of the target goal (map, AMCL-based estimate)",-6.0996,-1.0760,-1.0460,,
1791052968527689576,12.600,map,"nav2_feedback of the target goal (map, AMCL-based estimate)",-6.0996,-1.0760,-1.0460,,
1791052968537698660,12.617,map,"nav2_feedback of the target goal (map, AMCL-based estimate)",-6.0994,-1.0764,-1.0344,,
1791052968547586378,12.617,map,"nav2_feedback of the target goal (map, AMCL-based estimate)",-6.0994,-1.0764,-1.0344,,
1791052968557817386,12.617,map,"nav2_feedback of the target goal (map, AMCL-based estimate)",-6.0994,-1.0764,-1.0344,,
1791052968567582179,12.617,map,"nav2_feedback of the target goal (map, AMCL-based estimate)",-6.0994,-1.0764,-1.0344,,
1791052968577471179,12.617,map,"nav2_feedback of the target goal (map, AMCL-based estimate)",-6.0994,-1.0764,-1.0344,,
1791052968588154838,12.617,map,"nav2_feedback of the target goal (map, AMCL-based estimate)",-6.0994,-1.0764,-1.0344,,
1791052968597516114,12.633,map,"nav2_feedback of the target goal (map, AMCL-based estimate)",-6.0991,-1.0769,-1.0228,,
1791052968607788098,12.633,map,"nav2_feedback of the target goal (map, AMCL-based estimate)",-6.0991,-1.0769,-1.0228,,
1791052968617761615,12.650,map,"nav2_feedback of the target goal (map, AMCL-based estimate)",-6.0988,-1.0773,-1.0112,,
1791052968627646949,12.650,map,"nav2_feedback of the target goal (map, AMCL-based estimate)",-6.0988,-1.0773,-1.0112,,
1791052968637598374,12.650,map,"nav2_feedback of the target goal (map, AMCL-based estimate)",-6.0988,-1.0773,-1.0112,,
1791052968647780800,12.650,map,"nav2_feedback of the target goal (map, AMCL-based estimate)",-6.0988,-1.0773,-1.0112,,
1791052968657519009,12.650,map,"nav2_feedback of the target goal (map, AMCL-based estimate)",-6.0988,-1.0773,-1.0112,,
1791052968667776418,12.650,map,"nav2_feedback of the target goal (map, AMCL-based estimate)",-6.0988,-1.0773,-1.0112,,
1791052968677619401,12.667,map,"nav2_feedback of the target goal (map, AMCL-based estimate)",-6.0986,-1.0777,-0.9996,,
1791052968688047494,12.667,map,"nav2_feedback of the target goal (map, AMCL-based estimate)",-6.0986,-1.0777,-0.9996,,
1791052968697564603,12.667,map,"nav2_feedback of the target goal (map, AMCL-based estimate)",-6.0986,-1.0777,-0.9996,,
1791052968707431328,12.683,map,"nav2_feedback of the target goal (map, AMCL-based estimate)",-6.0983,-1.0781,-0.9880,,
1791052968717573054,12.683,map,"nav2_feedback of the target goal (map, AMCL-based estimate)",-6.0983,-1.0781,-0.9880,,
1791052968727526954,12.683,map,"nav2_feedback of the target goal (map, AMCL-based estimate)",-6.0983,-1.0781,-0.9880,,
1791052968737750355,12.683,map,"nav2_feedback of the target goal (map, AMCL-based estimate)",-6.0983,-1.0781,-0.9880,,
1791052968748520272,12.683,map,"nav2_feedback of the target goal (map, AMCL-based estimate)",-6.0983,-1.0781,-0.9880,,
1791052968757797673,12.700,map,"nav2_feedback of the target goal (map, AMCL-based estimate)",-6.0980,-1.0785,-0.9765,,
1791052968767663665,12.700,map,"nav2_feedback of the target goal (map, AMCL-based estimate)",-6.0980,-1.0785,-0.9765,,
1791052968777674490,12.717,map,"nav2_feedback of the target goal (map, AMCL-based estimate)",-6.0977,-1.0789,-0.9649,,
1791052968788018249,12.717,map,"nav2_feedback of the target goal (map, AMCL-based estimate)",-6.0977,-1.0789,-0.9649,,
1791052968797525733,12.717,map,"nav2_feedback of the target goal (map, AMCL-based estimate)",-6.0977,-1.0789,-0.9649,,
1791052968807400159,12.717,map,"nav2_feedback of the target goal (map, AMCL-based estimate)",-6.0977,-1.0789,-0.9649,,
1791052968817630893,12.717,map,"nav2_feedback of the target goal (map, AMCL-based estimate)",-6.0977,-1.0789,-0.9649,,
1791052968827850627,12.717,map,"nav2_feedback of the target goal (map, AMCL-based estimate)",-6.0977,-1.0789,-0.9649,,
1791052968838233161,12.733,map,"nav2_feedback of the target goal (map, AMCL-based estimate)",-6.0975,-1.0793,-0.9533,,
1791052968848242519,12.733,map,"nav2_feedback of the target goal (map, AMCL-based estimate)",-6.0975,-1.0793,-0.9533,,
1791052968857990812,12.733,map,"nav2_feedback of the target goal (map, AMCL-based estimate)",-6.0975,-1.0793,-0.9533,,
1791052968867531204,12.750,map,"nav2_feedback of the target goal (map, AMCL-based estimate)",-6.0972,-1.0797,-0.9419,,
1791052968877496013,12.750,map,"nav2_feedback of the target goal (map, AMCL-based estimate)",-6.0972,-1.0797,-0.9419,,
1791052968887668172,12.750,map,"nav2_feedback of the target goal (map, AMCL-based estimate)",-6.0972,-1.0797,-0.9419,,
1791052968897578989,12.750,map,"nav2_feedback of the target goal (map, AMCL-based estimate)",-6.0972,-1.0797,-0.9419,,
1791052968907748856,12.750,map,"nav2_feedback of the target goal (map, AMCL-based estimate)",-6.0972,-1.0797,-0.9419,,
1791052968917650507,12.767,map,"nav2_feedback of the target goal (map, AMCL-based estimate)",-6.0969,-1.0800,-0.9307,,
1791052968927655374,12.767,map,"nav2_feedback of the target goal (map, AMCL-based estimate)",-6.0969,-1.0800,-0.9307,,
1791052968938031674,12.767,map,"nav2_feedback of the target goal (map, AMCL-based estimate)",-6.0969,-1.0800,-0.9307,,
1791052968947731017,12.783,map,"nav2_feedback of the target goal (map, AMCL-based estimate)",-6.0966,-1.0804,-0.9198,,
1791052968957677951,12.783,map,"nav2_feedback of the target goal (map, AMCL-based estimate)",-6.0966,-1.0804,-0.9198,,
1791052968967539634,12.783,map,"nav2_feedback of the target goal (map, AMCL-based estimate)",-6.0966,-1.0804,-0.9198,,
1791052968977664035,12.783,map,"nav2_feedback of the target goal (map, AMCL-based estimate)",-6.0966,-1.0804,-0.9198,,
1791052968988225777,12.783,map,"nav2_feedback of the target goal (map, AMCL-based estimate)",-6.0966,-1.0804,-0.9198,,
1791052968997635178,12.800,map,"nav2_feedback of the target goal (map, AMCL-based estimate)",-6.0964,-1.0806,-0.9090,,
1791052969007691653,12.800,map,"nav2_feedback of the target goal (map, AMCL-based estimate)",-6.0964,-1.0806,-0.9090,,
1791052969017466712,12.800,map,"nav2_feedback of the target goal (map, AMCL-based estimate)",-6.0964,-1.0806,-0.9090,,
1791052969027660596,12.817,map,"nav2_feedback of the target goal (map, AMCL-based estimate)",-6.0964,-1.0807,-0.8980,,
1791052969037873547,12.817,map,"nav2_feedback of the target goal (map, AMCL-based estimate)",-6.0964,-1.0807,-0.8980,,
1791052969047473522,12.817,map,"nav2_feedback of the target goal (map, AMCL-based estimate)",-6.0964,-1.0807,-0.8980,,
1791052969058733581,12.817,map,"nav2_feedback of the target goal (map, AMCL-based estimate)",-6.0964,-1.0807,-0.8980,,
1791052969067972482,12.817,map,"nav2_feedback of the target goal (map, AMCL-based estimate)",-6.0964,-1.0807,-0.8980,,
1791052969077726366,12.833,map,"nav2_feedback of the target goal (map, AMCL-based estimate)",-6.0964,-1.0807,-0.8869,,
1791052969088051333,12.833,map,"nav2_feedback of the target goal (map, AMCL-based estimate)",-6.0964,-1.0807,-0.8869,,
1791052969097962425,12.833,map,"nav2_feedback of the target goal (map, AMCL-based estimate)",-6.0964,-1.0807,-0.8869,,
1791052969107638576,12.850,map,"nav2_feedback of the target goal (map, AMCL-based estimate)",-6.0964,-1.0806,-0.8757,,
1791052969117511901,12.850,map,"nav2_feedback of the target goal (map, AMCL-based estimate)",-6.0964,-1.0806,-0.8757,,
1791052969128128002,12.850,map,"nav2_feedback of the target goal (map, AMCL-based estimate)",-6.0964,-1.0806,-0.8757,,
1791052969137830277,12.850,map,"nav2_feedback of the target goal (map, AMCL-based estimate)",-6.0964,-1.0806,-0.8757,,
1791052969147570686,12.850,map,"nav2_feedback of the target goal (map, AMCL-based estimate)",-6.0964,-1.0806,-0.8757,,
1791052969159364520,12.867,map,"nav2_feedback of the target goal (map, AMCL-based estimate)",-6.0964,-1.0807,-0.8644,,
1791052969168394237,12.867,map,"nav2_feedback of the target goal (map, AMCL-based estimate)",-6.0964,-1.0807,-0.8644,,
1791052969177831413,12.867,map,"nav2_feedback of the target goal (map, AMCL-based estimate)",-6.0964,-1.0807,-0.8644,,
1791052969188337513,12.883,map,"nav2_feedback of the target goal (map, AMCL-based estimate)",-6.0961,-1.0810,-0.8530,,
1791052969197794581,12.883,map,"nav2_feedback of the target goal (map, AMCL-based estimate)",-6.0961,-1.0810,-0.8530,,
1791052969207885615,12.883,map,"nav2_feedback of the target goal (map, AMCL-based estimate)",-6.0961,-1.0810,-0.8530,,
1791052969217517215,12.883,map,"nav2_feedback of the target goal (map, AMCL-based estimate)",-6.0961,-1.0810,-0.8530,,
1791052969228085007,12.883,map,"nav2_feedback of the target goal (map, AMCL-based estimate)",-6.0961,-1.0810,-0.8530,,
1791052969237916258,12.900,map,"nav2_feedback of the target goal (map, AMCL-based estimate)",-6.0956,-1.0816,-0.8417,,
1791052969247541625,12.900,map,"nav2_feedback of the target goal (map, AMCL-based estimate)",-6.0956,-1.0816,-0.8417,,
1791052969257736609,12.917,map,"nav2_feedback of the target goal (map, AMCL-based estimate)",-6.0947,-1.0826,-0.8304,,
1791052969267739093,12.917,map,"nav2_feedback of the target goal (map, AMCL-based estimate)",-6.0947,-1.0826,-0.8304,,
1791052969277510210,12.917,map,"nav2_feedback of the target goal (map, AMCL-based estimate)",-6.0947,-1.0826,-0.8304,,
1791052969287535519,12.917,map,"nav2_feedback of the target goal (map, AMCL-based estimate)",-6.0947,-1.0826,-0.8304,,
1791052969297645070,12.917,map,"nav2_feedback of the target goal (map, AMCL-based estimate)",-6.0947,-1.0826,-0.8304,,
1791052969307529945,12.917,map,"nav2_feedback of the target goal (map, AMCL-based estimate)",-6.0947,-1.0826,-0.8304,,
1791052969317458362,12.933,map,"nav2_feedback of the target goal (map, AMCL-based estimate)",-6.0936,-1.0838,-0.8191,,
1791052969327718155,12.933,map,"nav2_feedback of the target goal (map, AMCL-based estimate)",-6.0936,-1.0838,-0.8191,,
1791052969338313630,12.950,map,"nav2_feedback of the target goal (map, AMCL-based estimate)",-6.0921,-1.0854,-0.8077,,
1791052969347511006,12.950,map,"nav2_feedback of the target goal (map, AMCL-based estimate)",-6.0921,-1.0854,-0.8077,,
1791052969357559690,12.950,map,"nav2_feedback of the target goal (map, AMCL-based estimate)",-6.0921,-1.0854,-0.8077,,
1791052969367932507,12.950,map,"nav2_feedback of the target goal (map, AMCL-based estimate)",-6.0921,-1.0854,-0.8077,,
1791052969377560441,12.950,map,"nav2_feedback of the target goal (map, AMCL-based estimate)",-6.0921,-1.0854,-0.8077,,
1791052969388087625,12.967,map,"nav2_feedback of the target goal (map, AMCL-based estimate)",-6.0901,-1.0874,-0.7961,,
1791052969397819325,12.967,map,"nav2_feedback of the target goal (map, AMCL-based estimate)",-6.0901,-1.0874,-0.7961,,
1791052969407711442,12.967,map,"nav2_feedback of the target goal (map, AMCL-based estimate)",-6.0901,-1.0874,-0.7961,,
1791052969417549385,12.983,map,"nav2_feedback of the target goal (map, AMCL-based estimate)",-6.0877,-1.0898,-0.7844,,
1791052969427856477,12.983,map,"nav2_feedback of the target goal (map, AMCL-based estimate)",-6.0877,-1.0898,-0.7844,,
1791052969437588819,12.983,map,"nav2_feedback of the target goal (map, AMCL-based estimate)",-6.0877,-1.0898,-0.7844,,
1791052969447478278,12.983,map,"nav2_feedback of the target goal (map, AMCL-based estimate)",-6.0877,-1.0898,-0.7844,,
1791052969457861637,12.983,map,"nav2_feedback of the target goal (map, AMCL-based estimate)",-6.0877,-1.0898,-0.7844,,
1791052969467634679,13.000,map,"nav2_feedback of the target goal (map, AMCL-based estimate)",-6.0848,-1.0926,-0.7724,,
1791052969477912988,13.000,map,"nav2_feedback of the target goal (map, AMCL-based estimate)",-6.0848,-1.0926,-0.7724,,
1791052969487986972,13.000,map,"nav2_feedback of the target goal (map, AMCL-based estimate)",-6.0848,-1.0926,-0.7724,,
1791052969497638556,13.017,map,"nav2_feedback of the target goal (map, AMCL-based estimate)",-6.0816,-1.0957,-0.7602,,
1791052969507648556,13.017,map,"nav2_feedback of the target goal (map, AMCL-based estimate)",-6.0816,-1.0957,-0.7602,,
1791052969519169590,13.017,map,"nav2_feedback of the target goal (map, AMCL-based estimate)",-6.0816,-1.0957,-0.7602,,
1791052969527958958,13.017,map,"nav2_feedback of the target goal (map, AMCL-based estimate)",-6.0816,-1.0957,-0.7602,,
1791052969537804416,13.017,map,"nav2_feedback of the target goal (map, AMCL-based estimate)",-6.0816,-1.0957,-0.7602,,
1791052969547837517,13.017,map,"nav2_feedback of the target goal (map, AMCL-based estimate)",-6.0816,-1.0957,-0.7602,,
1791052969557654284,13.033,map,"nav2_feedback of the target goal (map, AMCL-based estimate)",-6.0778,-1.0991,-0.7477,,
1791052969568125643,13.033,map,"nav2_feedback of the target goal (map, AMCL-based estimate)",-6.0778,-1.0991,-0.7477,,
1791052969577695644,13.050,map,"nav2_feedback of the target goal (map, AMCL-based estimate)",-6.0737,-1.1029,-0.7349,,
1791052969587626169,13.050,map,"nav2_feedback of the target goal (map, AMCL-based estimate)",-6.0737,-1.1029,-0.7349,,
1791052969597787053,13.050,map,"nav2_feedback of the target goal (map, AMCL-based estimate)",-6.0737,-1.1029,-0.7349,,
1791052969607499870,13.050,map,"nav2_feedback of the target goal (map, AMCL-based estimate)",-6.0737,-1.1029,-0.7349,,
1791052969617796329,13.050,map,"nav2_feedback of the target goal (map, AMCL-based estimate)",-6.0737,-1.1029,-0.7349,,
1791052969628241655,13.050,map,"nav2_feedback of the target goal (map, AMCL-based estimate)",-6.0737,-1.1029,-0.7349,,
1791052969637814680,13.067,map,"nav2_feedback of the target goal (map, AMCL-based estimate)",-6.0691,-1.1069,-0.7219,,
1791052969647666648,13.067,map,"nav2_feedback of the target goal (map, AMCL-based estimate)",-6.0691,-1.1069,-0.7219,,
1791052969658989132,13.083,map,"nav2_feedback of the target goal (map, AMCL-based estimate)",-6.0640,-1.1113,-0.7085,,
1791052969667981999,13.083,map,"nav2_feedback of the target goal (map, AMCL-based estimate)",-6.0640,-1.1113,-0.7085,,
1791052969677631933,13.083,map,"nav2_feedback of the target goal (map, AMCL-based estimate)",-6.0640,-1.1113,-0.7085,,
1791052969687742308,13.083,map,"nav2_feedback of the target goal (map, AMCL-based estimate)",-6.0640,-1.1113,-0.7085,,
1791052969697594184,13.083,map,"nav2_feedback of the target goal (map, AMCL-based estimate)",-6.0640,-1.1113,-0.7085,,
1791052969707782476,13.100,map,"nav2_feedback of the target goal (map, AMCL-based estimate)",-6.0585,-1.1159,-0.6947,,
1791052969717738760,13.100,map,"nav2_feedback of the target goal (map, AMCL-based estimate)",-6.0585,-1.1159,-0.6947,,
1791052969728094619,13.100,map,"nav2_feedback of the target goal (map, AMCL-based estimate)",-6.0585,-1.1159,-0.6947,,
1791052969737727136,13.117,map,"nav2_feedback of the target goal (map, AMCL-based estimate)",-6.0524,-1.1207,-0.6806,,
1791052969747580295,13.117,map,"nav2_feedback of the target goal (map, AMCL-based estimate)",-6.0524,-1.1207,-0.6806,,
1791052969758081079,13.117,map,"nav2_feedback of the target goal (map, AMCL-based estimate)",-6.0524,-1.1207,-0.6806,,
1791052969767455738,13.117,map,"nav2_feedback of the target goal (map, AMCL-based estimate)",-6.0524,-1.1207,-0.6806,,
1791052969777828188,13.117,map,"nav2_feedback of the target goal (map, AMCL-based estimate)",-6.0524,-1.1207,-0.6806,,
1791052969788165805,13.133,map,"nav2_feedback of the target goal (map, AMCL-based estimate)",-6.0460,-1.1258,-0.6662,,
1791052969797943156,13.133,map,"nav2_feedback of the target goal (map, AMCL-based estimate)",-6.0460,-1.1258,-0.6662,,
1791052969807757448,13.133,map,"nav2_feedback of the target goal (map, AMCL-based estimate)",-6.0460,-1.1258,-0.6662,,
1791052969817670924,13.150,map,"nav2_feedback of the target goal (map, AMCL-based estimate)",-6.0390,-1.1311,-0.6514,,
1791052969827746191,13.150,map,"nav2_feedback of the target goal (map, AMCL-based estimate)",-6.0390,-1.1311,-0.6514,,
1791052969837679192,13.150,map,"nav2_feedback of the target goal (map, AMCL-based estimate)",-6.0390,-1.1311,-0.6514,,
1791052969847538217,13.150,map,"nav2_feedback of the target goal (map, AMCL-based estimate)",-6.0390,-1.1311,-0.6514,,
1791052969857798101,13.150,map,"nav2_feedback of the target goal (map, AMCL-based estimate)",-6.0390,-1.1311,-0.6514,,
1791052969867717627,13.167,map,"nav2_feedback of the target goal (map, AMCL-based estimate)",-6.0315,-1.1366,-0.6362,,
1791052969877569410,13.167,map,"nav2_feedback of the target goal (map, AMCL-based estimate)",-6.0315,-1.1366,-0.6362,,
1791052969887741294,13.183,map,"nav2_feedback of the target goal (map, AMCL-based estimate)",-6.0236,-1.1423,-0.6206,,
1791052969897593170,13.183,map,"nav2_feedback of the target goal (map, AMCL-based estimate)",-6.0236,-1.1423,-0.6206,,
1791052969907569254,13.183,map,"nav2_feedback of the target goal (map, AMCL-based estimate)",-6.0236,-1.1423,-0.6206,,
1791052969917631321,13.183,map,"nav2_feedback of the target goal (map, AMCL-based estimate)",-6.0236,-1.1423,-0.6206,,
1791052969927874155,13.183,map,"nav2_feedback of the target goal (map, AMCL-based estimate)",-6.0236,-1.1423,-0.6206,,
1791052969938689264,13.183,map,"nav2_feedback of the target goal (map, AMCL-based estimate)",-6.0236,-1.1423,-0.6206,,
1791052969947701014,13.200,map,"nav2_feedback of the target goal (map, AMCL-based estimate)",-6.0151,-1.1481,-0.6046,,
1791052969957880048,13.200,map,"nav2_feedback of the target goal (map, AMCL-based estimate)",-6.0151,-1.1481,-0.6046,,
1791052969967845591,13.217,map,"nav2_feedback of the target goal (map, AMCL-based estimate)",-6.0062,-1.1541,-0.5882,,
1791052969977658966,13.217,map,"nav2_feedback of the target goal (map, AMCL-based estimate)",-6.0062,-1.1541,-0.5882,,
1791052969987660533,13.217,map,"nav2_feedback of the target goal (map, AMCL-based estimate)",-6.0062,-1.1541,-0.5882,,
1791052969997769901,13.217,map,"nav2_feedback of the target goal (map, AMCL-based estimate)",-6.0062,-1.1541,-0.5882,,
1791052970007609126,13.217,map,"nav2_feedback of the target goal (map, AMCL-based estimate)",-6.0062,-1.1541,-0.5882,,
1791052970017695393,13.217,map,"nav2_feedback of the target goal (map, AMCL-based estimate)",-6.0062,-1.1541,-0.5882,,
1791052970027693752,13.233,map,"nav2_feedback of the target goal (map, AMCL-based estimate)",-5.9967,-1.1601,-0.5714,,
1791052970037976828,13.233,map,"nav2_feedback of the target goal (map, AMCL-based estimate)",-5.9967,-1.1601,-0.5714,,
1791052970047663245,13.250,map,"nav2_feedback of the target goal (map, AMCL-based estimate)",-5.9867,-1.1663,-0.5541,,
1791052970057647304,13.250,map,"nav2_feedback of the target goal (map, AMCL-based estimate)",-5.9867,-1.1663,-0.5541,,
1791052970067436388,13.250,map,"nav2_feedback of the target goal (map, AMCL-based estimate)",-5.9867,-1.1663,-0.5541,,
1791052970077537230,13.250,map,"nav2_feedback of the target goal (map, AMCL-based estimate)",-5.9867,-1.1663,-0.5541,,
1791052970087988422,13.250,map,"nav2_feedback of the target goal (map, AMCL-based estimate)",-5.9867,-1.1663,-0.5541,,
1791052970097854598,13.267,map,"nav2_feedback of the target goal (map, AMCL-based estimate)",-5.9763,-1.1724,-0.5366,,
1791052970107598123,13.267,map,"nav2_feedback of the target goal (map, AMCL-based estimate)",-5.9763,-1.1724,-0.5366,,
1791052970117509766,13.267,map,"nav2_feedback of the target goal (map, AMCL-based estimate)",-5.9763,-1.1724,-0.5366,,
1791052970128137233,13.283,map,"nav2_feedback of the target goal (map, AMCL-based estimate)",-5.9655,-1.1786,-0.5191,,
1791052970137723917,13.283,map,"nav2_feedback of the target goal (map, AMCL-based estimate)",-5.9655,-1.1786,-0.5191,,
1791052970147439392,13.283,map,"nav2_feedback of the target goal (map, AMCL-based estimate)",-5.9655,-1.1786,-0.5191,,
1791052970157841543,13.283,map,"nav2_feedback of the target goal (map, AMCL-based estimate)",-5.9655,-1.1786,-0.5191,,
1791052970167706618,13.283,map,"nav2_feedback of the target goal (map, AMCL-based estimate)",-5.9655,-1.1786,-0.5191,,
1791052970177629994,13.300,map,"nav2_feedback of the target goal (map, AMCL-based estimate)",-5.9545,-1.1846,-0.5016,,
1791052970187681061,13.300,map,"nav2_feedback of the target goal (map, AMCL-based estimate)",-5.9545,-1.1846,-0.5016,,
1791052970197596920,13.317,map,"nav2_feedback of the target goal (map, AMCL-based estimate)",-5.9505,-1.1997,-0.4895,,
1791052970207518279,13.317,map,"nav2_feedback of the target goal (map, AMCL-based estimate)",-5.9505,-1.1997,-0.4895,,
1791052970217641921,13.317,map,"nav2_feedback of the target goal (map, AMCL-based estimate)",-5.9505,-1.1997,-0.4895,,
1791052970227855522,13.317,map,"nav2_feedback of the target goal (map, AMCL-based estimate)",-5.9505,-1.1997,-0.4895,,
1791052970238184522,13.317,map,"nav2_feedback of the target goal (map, AMCL-based estimate)",-5.9505,-1.1997,-0.4895,,
1791052970248029223,13.317,map,"nav2_feedback of the target goal (map, AMCL-based estimate)",-5.9505,-1.1997,-0.4895,,
1791052970257778123,13.333,map,"nav2_feedback of the target goal (map, AMCL-based estimate)",-5.9463,-1.2148,-0.4775,,
1791052970267602024,13.333,map,"nav2_feedback of the target goal (map, AMCL-based estimate)",-5.9463,-1.2148,-0.4775,,
1791052970277666225,13.350,map,"nav2_feedback of the target goal (map, AMCL-based estimate)",-5.9420,-1.2298,-0.4657,,
1791052970287661625,13.350,map,"nav2_feedback of the target goal (map, AMCL-based estimate)",-5.9420,-1.2298,-0.4657,,
1791052970297641026,13.350,map,"nav2_feedback of the target goal (map, AMCL-based estimate)",-5.9420,-1.2298,-0.4657,,
1791052970307761626,13.350,map,"nav2_feedback of the target goal (map, AMCL-based estimate)",-5.9420,-1.2298,-0.4657,,
1791052970317632327,13.350,map,"nav2_feedback of the target goal (map, AMCL-based estimate)",-5.9420,-1.2298,-0.4657,,
1791052970328011127,13.350,map,"nav2_feedback of the target goal (map, AMCL-based estimate)",-5.9420,-1.2298,-0.4657,,
1791052970337968828,13.350,map,"nav2_feedback of the target goal (map, AMCL-based estimate)",-5.9420,-1.2298,-0.4657,,
1791052970347791929,13.367,map,"nav2_feedback of the target goal (map, AMCL-based estimate)",-5.9377,-1.2448,-0.4541,,
1791052970357711729,13.367,map,"nav2_feedback of the target goal (map, AMCL-based estimate)",-5.9377,-1.2448,-0.4541,,
1791052970367689130,13.383,map,"nav2_feedback of the target goal (map, AMCL-based estimate)",-5.9333,-1.2597,-0.4426,,
1791052970377638230,13.383,map,"nav2_feedback of the target goal (map, AMCL-based estimate)",-5.9333,-1.2597,-0.4426,,
1791052970388120131,13.383,map,"nav2_feedback of the target goal (map, AMCL-based estimate)",-5.9333,-1.2597,-0.4426,,
1791052970397684831,13.383,map,"nav2_feedback of the target goal (map, AMCL-based estimate)",-5.9333,-1.2597,-0.4426,,
1791052970407687732,13.383,map,"nav2_feedback of the target goal (map, AMCL-based estimate)",-5.9333,-1.2597,-0.4426,,
1791052970418064832,13.383,map,"nav2_feedback of the target goal (map, AMCL-based estimate)",-5.9333,-1.2597,-0.4426,,
1791052970427703733,13.400,map,"nav2_feedback of the target goal (map, AMCL-based estimate)",-5.9289,-1.2745,-0.4312,,
1791052970437813934,13.400,map,"nav2_feedback of the target goal (map, AMCL-based estimate)",-5.9289,-1.2745,-0.4312,,
1791052970447580134,13.400,map,"nav2_feedback of the target goal (map, AMCL-based estimate)",-5.9289,-1.2745,-0.4312,,
1791052970457669435,13.417,map,"nav2_feedback of the target goal (map, AMCL-based estimate)",-5.9171,-1.2797,-0.4149,,
1791052970467740735,13.417,map,"nav2_feedback of the target goal (map, AMCL-based estimate)",-5.9171,-1.2797,-0.4149,,
1791052970477856736,13.417,map,"nav2_feedback of the target goal (map, AMCL-based estimate)",-5.9171,-1.2797,-0.4149,,
1791052970487930536,13.417,map,"nav2_feedback of the target goal (map, AMCL-based estimate)",-5.9171,-1.2797,-0.4149,,
1791052970497648737,13.417,map,"nav2_feedback of the target goal (map, AMCL-based estimate)",-5.9171,-1.2797,-0.4149,,
1791052970507765938,13.433,map,"nav2_feedback of the target goal (map, AMCL-based estimate)",-5.9052,-1.2847,-0.3987,,
1791052970518069938,13.433,map,"nav2_feedback of the target goal (map, AMCL-based estimate)",-5.9052,-1.2847,-0.3987,,
1791052970527758239,13.433,map,"nav2_feedback of the target goal (map, AMCL-based estimate)",-5.9052,-1.2847,-0.3987,,
1791052970538066439,13.450,map,"nav2_feedback of the target goal (map, AMCL-based estimate)",-5.8932,-1.2895,-0.3825,,
1791052970547680640,13.450,map,"nav2_feedback of the target goal (map, AMCL-based estimate)",-5.8932,-1.2895,-0.3825,,
1791052970558023340,13.450,map,"nav2_feedback of the target goal (map, AMCL-based estimate)",-5.8932,-1.2895,-0.3825,,
1791052970567667441,13.450,map,"nav2_feedback of the target goal (map, AMCL-based estimate)",-5.8932,-1.2895,-0.3825,,
1791052970577699541,13.450,map,"nav2_feedback of the target goal (map, AMCL-based estimate)",-5.8932,-1.2895,-0.3825,,
1791052970588122242,13.450,map,"nav2_feedback of the target goal (map, AMCL-based estimate)",-5.8932,-1.2895,-0.3825,,
1791052970597682243,13.467,map,"nav2_feedback of the target goal (map, AMCL-based estimate)",-5.8811,-1.2941,-0.3664,,
1791052970607686243,13.467,map,"nav2_feedback of the target goal (map, AMCL-based estimate)",-5.8811,-1.2941,-0.3664,,
1791052970617848644,13.483,map,"nav2_feedback of the target goal (map, AMCL-based estimate)",-5.8689,-1.2985,-0.3504,,
1791052970627744244,13.483,map,"nav2_feedback of the target goal (map, AMCL-based estimate)",-5.8689,-1.2985,-0.3504,,
1791052970637924045,13.483,map,"nav2_feedback of the target goal (map, AMCL-based estimate)",-5.8689,-1.2985,-0.3504,,
1791052970647755945,13.483,map,"nav2_feedback of the target goal (map, AMCL-based estimate)",-5.8689,-1.2985,-0.3504,,
1791052970657804446,13.483,map,"nav2_feedback of the target goal (map, AMCL-based estimate)",-5.8689,-1.2985,-0.3504,,
1791052970668203647,13.483,map,"nav2_feedback of the target goal (map, AMCL-based estimate)",-5.8689,-1.2985,-0.3504,,
1791052970677824347,13.500,map,"nav2_feedback of the target goal (map, AMCL-based estimate)",-5.8567,-1.3028,-0.3344,,
1791052970688152348,13.500,map,"nav2_feedback of the target goal (map, AMCL-based estimate)",-5.8567,-1.3028,-0.3344,,
1791052970697812548,13.500,map,"nav2_feedback of the target goal (map, AMCL-based estimate)",-5.8567,-1.3028,-0.3344,,
1791052970707642149,13.517,map,"nav2_feedback of the target goal (map, AMCL-based estimate)",-5.8444,-1.3068,-0.3184,,
1791052970717731249,13.517,map,"nav2_feedback of the target goal (map, AMCL-based estimate)",-5.8444,-1.3068,-0.3184,,
1791052970727622450,13.517,map,"nav2_feedback of the target goal (map, AMCL-based estimate)",-5.8444,-1.3068,-0.3184,,
1791052970737867450,13.517,map,"nav2_feedback of the target goal (map, AMCL-based estimate)",-5.8444,-1.3068,-0.3184,,
1791052970747749051,13.517,map,"nav2_feedback of the target goal (map, AMCL-based estimate)",-5.8444,-1.3068,-0.3184,,
1791052970757742352,13.517,map,"nav2_feedback of the target goal (map, AMCL-based estimate)",-5.8444,-1.3068,-0.3184,,
1791052970769430152,13.533,map,"nav2_feedback of the target goal (map, AMCL-based estimate)",-5.8320,-1.3107,-0.3025,,
1791052970778364153,13.533,map,"nav2_feedback of the target goal (map, AMCL-based estimate)",-5.8320,-1.3107,-0.3025,,
1791052970787890053,13.533,map,"nav2_feedback of the target goal (map, AMCL-based estimate)",-5.8320,-1.3107,-0.3025,,
1791052970797695654,13.550,map,"nav2_feedback of the target goal (map, AMCL-based estimate)",-5.8195,-1.3143,-0.2866,,
1791052970807694154,13.550,map,"nav2_feedback of the target goal (map, AMCL-based estimate)",-5.8195,-1.3143,-0.2866,,
1791052970817827355,13.550,map,"nav2_feedback of the target goal (map, AMCL-based estimate)",-5.8195,-1.3143,-0.2866,,
1791052970827789855,13.550,map,"nav2_feedback of the target goal (map, AMCL-based estimate)",-5.8195,-1.3143,-0.2866,,
1791052970837940256,13.550,map,"nav2_feedback of the target goal (map, AMCL-based estimate)",-5.8195,-1.3143,-0.2866,,
1791052970850189057,13.550,map,"nav2_feedback of the target goal (map, AMCL-based estimate)",-5.8195,-1.3143,-0.2866,,
1791052970858037457,13.567,map,"nav2_feedback of the target goal (map, AMCL-based estimate)",-5.8070,-1.3178,-0.2707,,
1791052970867710458,13.567,map,"nav2_feedback of the target goal (map, AMCL-based estimate)",-5.8070,-1.3178,-0.2707,,
1791052970877613658,13.567,map,"nav2_feedback of the target goal (map, AMCL-based estimate)",-5.8070,-1.3178,-0.2707,,
1791052970887726059,13.583,map,"nav2_feedback of the target goal (map, AMCL-based estimate)",-5.7945,-1.3211,-0.2550,,
1791052970897682359,13.583,map,"nav2_feedback of the target goal (map, AMCL-based estimate)",-5.7945,-1.3211,-0.2550,,
1791052970907591560,13.583,map,"nav2_feedback of the target goal (map, AMCL-based estimate)",-5.7945,-1.3211,-0.2550,,
1791052970917784061,13.583,map,"nav2_feedback of the target goal (map, AMCL-based estimate)",-5.7945,-1.3211,-0.2550,,
1791052970927763961,13.583,map,"nav2_feedback of the target goal (map, AMCL-based estimate)",-5.7945,-1.3211,-0.2550,,
1791052970938603162,13.600,map,"nav2_feedback of the target goal (map, AMCL-based estimate)",-5.7819,-1.3241,-0.2394,,
1791052970948607662,13.600,map,"nav2_feedback of the target goal (map, AMCL-based estimate)",-5.7819,-1.3241,-0.2394,,
1791052970957742563,13.600,map,"nav2_feedback of the target goal (map, AMCL-based estimate)",-5.7819,-1.3241,-0.2394,,
1791052970967963063,13.617,map,"nav2_feedback of the target goal (map, AMCL-based estimate)",-5.7693,-1.3270,-0.2241,,
1791052970977805264,13.617,map,"nav2_feedback of the target goal (map, AMCL-based estimate)",-5.7693,-1.3270,-0.2241,,
1791052970987868364,13.617,map,"nav2_feedback of the target goal (map, AMCL-based estimate)",-5.7693,-1.3270,-0.2241,,
1791052970997699865,13.617,map,"nav2_feedback of the target goal (map, AMCL-based estimate)",-5.7693,-1.3270,-0.2241,,
1791052971007620166,13.617,map,"nav2_feedback of the target goal (map, AMCL-based estimate)",-5.7693,-1.3270,-0.2241,,
1791052971017840666,13.617,map,"nav2_feedback of the target goal (map, AMCL-based estimate)",-5.7693,-1.3270,-0.2241,,
1791052971027966567,13.633,map,"nav2_feedback of the target goal (map, AMCL-based estimate)",-5.7566,-1.3296,-0.2090,,
1791052971037787767,13.633,map,"nav2_feedback of the target goal (map, AMCL-based estimate)",-5.7566,-1.3296,-0.2090,,
1791052971048163968,13.633,map,"nav2_feedback of the target goal (map, AMCL-based estimate)",-5.7566,-1.3296,-0.2090,,
1791052971057826068,13.650,map,"nav2_feedback of the target goal (map, AMCL-based estimate)",-5.7439,-1.3321,-0.1941,,
1791052971067633669,13.650,map,"nav2_feedback of the target goal (map, AMCL-based estimate)",-5.7439,-1.3321,-0.1941,,
1791052971078779570,13.650,map,"nav2_feedback of the target goal (map, AMCL-based estimate)",-5.7439,-1.3321,-0.1941,,
1791052971088389470,13.650,map,"nav2_feedback of the target goal (map, AMCL-based estimate)",-5.7439,-1.3321,-0.1941,,
1791052971097634571,13.650,map,"nav2_feedback of the target goal (map, AMCL-based estimate)",-5.7439,-1.3321,-0.1941,,
1791052971107865271,13.667,map,"nav2_feedback of the target goal (map, AMCL-based estimate)",-5.7312,-1.3344,-0.1793,,
1791052971117960472,13.667,map,"nav2_feedback of the target goal (map, AMCL-based estimate)",-5.7312,-1.3344,-0.1793,,
1791052971128204172,13.667,map,"nav2_feedback of the target goal (map, AMCL-based estimate)",-5.7312,-1.3344,-0.1793,,
1791052971137797773,13.683,map,"nav2_feedback of the target goal (map, AMCL-based estimate)",-5.7184,-1.3365,-0.1649,,
1791052971147646773,13.683,map,"nav2_feedback of the target goal (map, AMCL-based estimate)",-5.7184,-1.3365,-0.1649,,
1791052971157785274,13.683,map,"nav2_feedback of the target goal (map, AMCL-based estimate)",-5.7184,-1.3365,-0.1649,,
1791052971167852875,13.683,map,"nav2_feedback of the target goal (map, AMCL-based estimate)",-5.7184,-1.3365,-0.1649,,
1791052971177762175,13.683,map,"nav2_feedback of the target goal (map, AMCL-based estimate)",-5.7184,-1.3365,-0.1649,,
1791052971188099776,13.700,map,"nav2_feedback of the target goal (map, AMCL-based estimate)",-5.7056,-1.3385,-0.1508,,
1791052971198091176,13.700,map,"nav2_feedback of the target goal (map, AMCL-based estimate)",-5.7056,-1.3385,-0.1508,,
1791052971207641977,13.700,map,"nav2_feedback of the target goal (map, AMCL-based estimate)",-5.7056,-1.3385,-0.1508,,
1791052971218023577,13.717,map,"nav2_feedback of the target goal (map, AMCL-based estimate)",-5.6927,-1.3402,-0.1370,,
1791052971227876478,13.717,map,"nav2_feedback of the target goal (map, AMCL-based estimate)",-5.6927,-1.3402,-0.1370,,
1791052971238518179,13.717,map,"nav2_feedback of the target goal (map, AMCL-based estimate)",-5.6927,-1.3402,-0.1370,,
1791052971247577279,13.717,map,"nav2_feedback of the target goal (map, AMCL-based estimate)",-5.6927,-1.3402,-0.1370,,
1791052971258304980,13.717,map,"nav2_feedback of the target goal (map, AMCL-based estimate)",-5.6927,-1.3402,-0.1370,,
1791052971268445380,13.717,map,"nav2_feedback of the target goal (map, AMCL-based estimate)",-5.6927,-1.3402,-0.1370,,
1791052971278081881,13.733,map,"nav2_feedback of the target goal (map, AMCL-based estimate)",-5.6798,-1.3418,-0.1234,,
1791052971287776781,13.733,map,"nav2_feedback of the target goal (map, AMCL-based estimate)",-5.6798,-1.3418,-0.1234,,
1791052971297617782,13.733,map,"nav2_feedback of the target goal (map, AMCL-based estimate)",-5.6798,-1.3418,-0.1234,,
1791052971307638782,13.750,map,"nav2_feedback of the target goal (map, AMCL-based estimate)",-5.6669,-1.3432,-0.1103,,
1791052971317745083,13.750,map,"nav2_feedback of the target goal (map, AMCL-based estimate)",-5.6669,-1.3432,-0.1103,,
1791052971327909729,13.750,map,"nav2_feedback of the target goal (map, AMCL-based estimate)",-5.6669,-1.3432,-0.1103,,
1791052971337682962,13.750,map,"nav2_feedback of the target goal (map, AMCL-based estimate)",-5.6669,-1.3432,-0.1103,,
1791052971349811465,13.750,map,"nav2_feedback of the target goal (map, AMCL-based estimate)",-5.6669,-1.3432,-0.1103,,
1791052971357992353,13.750,map,"nav2_feedback of the target goal (map, AMCL-based estimate)",-5.6669,-1.3432,-0.1103,,
1791052971367999426,13.767,map,"nav2_feedback of the target goal (map, AMCL-based estimate)",-5.6540,-1.3445,-0.0976,,
1791052971378185523,13.767,map,"nav2_feedback of the target goal (map, AMCL-based estimate)",-5.6540,-1.3445,-0.0976,,
1791052971388211566,13.767,map,"nav2_feedback of the target goal (map, AMCL-based estimate)",-5.6540,-1.3445,-0.0976,,
1791052971397850307,13.783,map,"nav2_feedback of the target goal (map, AMCL-based estimate)",-5.6411,-1.3456,-0.0851,,
1791052971407633226,13.783,map,"nav2_feedback of the target goal (map, AMCL-based estimate)",-5.6411,-1.3456,-0.0851,,
1791052971417594170,13.783,map,"nav2_feedback of the target goal (map, AMCL-based estimate)",-5.6411,-1.3456,-0.0851,,
1791052971428015304,13.783,map,"nav2_feedback of the target goal (map, AMCL-based estimate)",-5.6411,-1.3456,-0.0851,,
1791052971437869713,13.783,map,"nav2_feedback of the target goal (map, AMCL-based estimate)",-5.6411,-1.3456,-0.0851,,
1791052971448175924,13.800,map,"nav2_feedback of the target goal (map, AMCL-based estimate)",-5.6281,-1.3465,-0.0731,,
1791052971457609681,13.800,map,"nav2_feedback of the target goal (map, AMCL-based estimate)",-5.6281,-1.3465,-0.0731,,
1791052971467641216,13.800,map,"nav2_feedback of the target goal (map, AMCL-based estimate)",-5.6281,-1.3465,-0.0731,,
1791052971477728166,13.817,map,"nav2_feedback of the target goal (map, AMCL-based estimate)",-5.6151,-1.3473,-0.0614,,
1791052971487770085,13.817,map,"nav2_feedback of the target goal (map, AMCL-based estimate)",-5.6151,-1.3473,-0.0614,,
1791052971499635194,13.817,map,"nav2_feedback of the target goal (map, AMCL-based estimate)",-5.6151,-1.3473,-0.0614,,
1791052971507957464,13.817,map,"nav2_feedback of the target goal (map, AMCL-based estimate)",-5.6151,-1.3473,-0.0614,,
1791052971517540890,13.817,map,"nav2_feedback of the target goal (map, AMCL-based estimate)",-5.6151,-1.3473,-0.0614,,
1791052971528579473,13.817,map,"nav2_feedback of the target goal (map, AMCL-based estimate)",-5.6151,-1.3473,-0.0614,,
1791052971538842052,13.833,map,"nav2_feedback of the target goal (map, AMCL-based estimate)",-5.6020,-1.3480,-0.0504,,
1791052971547739136,13.833,map,"nav2_feedback of the target goal (map, AMCL-based estimate)",-5.6020,-1.3480,-0.0504,,
1791052971557993428,13.850,map,"nav2_feedback of the target goal (map, AMCL-based estimate)",-5.5890,-1.3485,-0.0400,,
1791052971567514251,13.850,map,"nav2_feedback of the target goal (map, AMCL-based estimate)",-5.5890,-1.3485,-0.0400,,
1791052971578577296,13.850,map,"nav2_feedback of the target goal (map, AMCL-based estimate)",-5.5890,-1.3485,-0.0400,,
1791052971587729187,13.850,map,"nav2_feedback of the target goal (map, AMCL-based estimate)",-5.5890,-1.3485,-0.0400,,
1791052971597486844,13.850,map,"nav2_feedback of the target goal (map, AMCL-based estimate)",-5.5890,-1.3485,-0.0400,,
1791052971607674539,13.850,map,"nav2_feedback of the target goal (map, AMCL-based estimate)",-5.5890,-1.3485,-0.0400,,
1791052971617988439,13.867,map,"nav2_feedback of the target goal (map, AMCL-based estimate)",-5.5760,-1.3489,-0.0303,,
1791052971627739906,13.867,map,"nav2_feedback of the target goal (map, AMCL-based estimate)",-5.5760,-1.3489,-0.0303,,
1791052971638074873,13.883,map,"nav2_feedback of the target goal (map, AMCL-based estimate)",-5.5630,-1.3491,-0.0212,,
1791052971647766133,13.883,map,"nav2_feedback of the target goal (map, AMCL-based estimate)",-5.5630,-1.3491,-0.0212,,
1791052971657509013,13.883,map,"nav2_feedback of the target goal (map, AMCL-based estimate)",-5.5630,-1.3491,-0.0212,,
1791052971667635502,13.883,map,"nav2_feedback of the target goal (map, AMCL-based estimate)",-5.5630,-1.3491,-0.0212,,
1791052971677663343,13.883,map,"nav2_feedback of the target goal (map, AMCL-based estimate)",-5.5630,-1.3491,-0.0212,,
1791052971688029063,13.883,map,"nav2_feedback of the target goal (map, AMCL-based estimate)",-5.5630,-1.3491,-0.0212,,
1791052971697779332,13.900,map,"nav2_feedback of the target goal (map, AMCL-based estimate)",-5.5499,-1.3493,-0.0127,,
1791052971707651014,13.900,map,"nav2_feedback of the target goal (map, AMCL-based estimate)",-5.5499,-1.3493,-0.0127,,
1791052971718065558,13.900,map,"nav2_feedback of the target goal (map, AMCL-based estimate)",-5.5499,-1.3493,-0.0127,,
1791052971727941933,13.917,map,"nav2_feedback of the target goal (map, AMCL-based estimate)",-5.5368,-1.3493,-0.0049,,
1791052971737938422,13.917,map,"nav2_feedback of the target goal (map, AMCL-based estimate)",-5.5368,-1.3493,-0.0049,,
1791052971747772661,13.917,map,"nav2_feedback of the target goal (map, AMCL-based estimate)",-5.5368,-1.3493,-0.0049,,
1791052971757873989,13.917,map,"nav2_feedback of the target goal (map, AMCL-based estimate)",-5.5368,-1.3493,-0.0049,,
1791052971767836331,13.917,map,"nav2_feedback of the target goal (map, AMCL-based estimate)",-5.5368,-1.3493,-0.0049,,
1791052971778747610,13.917,map,"nav2_feedback of the target goal (map, AMCL-based estimate)",-5.5368,-1.3493,-0.0049,,
1791052971788084716,13.933,map,"nav2_feedback of the target goal (map, AMCL-based estimate)",-5.5236,-1.3493,0.0023,,
1791052971797580078,13.933,map,"nav2_feedback of the target goal (map, AMCL-based estimate)",-5.5236,-1.3493,0.0023,,
1791052971807780952,13.950,map,"nav2_feedback of the target goal (map, AMCL-based estimate)",-5.5104,-1.3492,0.0091,,
1791052971819414917,13.950,map,"nav2_feedback of the target goal (map, AMCL-based estimate)",-5.5104,-1.3492,0.0091,,
1791052971827731596,13.950,map,"nav2_feedback of the target goal (map, AMCL-based estimate)",-5.5104,-1.3492,0.0091,,
1791052971837825235,13.950,map,"nav2_feedback of the target goal (map, AMCL-based estimate)",-5.5104,-1.3492,0.0091,,
1791052971847804151,13.950,map,"nav2_feedback of the target goal (map, AMCL-based estimate)",-5.5104,-1.3492,0.0091,,
1791052971858389732,13.950,map,"nav2_feedback of the target goal (map, AMCL-based estimate)",-5.5104,-1.3492,0.0091,,
1791052971868131914,13.967,map,"nav2_feedback of the target goal (map, AMCL-based estimate)",-5.4972,-1.3490,0.0155,,
1791052971877814886,13.967,map,"nav2_feedback of the target goal (map, AMCL-based estimate)",-5.4972,-1.3490,0.0155,,
1791052971887718219,13.967,map,"nav2_feedback of the target goal (map, AMCL-based estimate)",-5.4972,-1.3490,0.0155,,
1791052971898058978,13.983,map,"nav2_feedback of the target goal (map, AMCL-based estimate)",-5.4840,-1.3487,0.0217,,
1791052971907686835,13.983,map,"nav2_feedback of the target goal (map, AMCL-based estimate)",-5.4840,-1.3487,0.0217,,
1791052971917546735,13.983,map,"nav2_feedback of the target goal (map, AMCL-based estimate)",-5.4840,-1.3487,0.0217,,
1791052971927787348,13.983,map,"nav2_feedback of the target goal (map, AMCL-based estimate)",-5.4840,-1.3487,0.0217,,
1791052971937898161,13.983,map,"nav2_feedback of the target goal (map, AMCL-based estimate)",-5.4840,-1.3487,0.0217,,
1791052971948130786,13.983,map,"nav2_feedback of the target goal (map, AMCL-based estimate)",-5.4840,-1.3487,0.0217,,
1791052971957572830,14.000,map,"nav2_feedback of the target goal (map, AMCL-based estimate)",-5.4708,-1.3483,0.0278,,
1791052971967594081,14.000,map,"nav2_feedback of the target goal (map, AMCL-based estimate)",-5.4708,-1.3483,0.0278,,
1791052971977636200,14.000,map,"nav2_feedback of the target goal (map, AMCL-based estimate)",-5.4708,-1.3483,0.0278,,
1791052971988091283,14.017,map,"nav2_feedback of the target goal (map, AMCL-based estimate)",-5.4575,-1.3479,0.0337,,
1791052971997595830,14.017,map,"nav2_feedback of the target goal (map, AMCL-based estimate)",-5.4575,-1.3479,0.0337,,
1791052972007682081,14.017,map,"nav2_feedback of the target goal (map, AMCL-based estimate)",-5.4575,-1.3479,0.0337,,
1791052972017669085,14.017,map,"nav2_feedback of the target goal (map, AMCL-based estimate)",-5.4575,-1.3479,0.0337,,
1791052972027787586,14.017,map,"nav2_feedback of the target goal (map, AMCL-based estimate)",-5.4575,-1.3479,0.0337,,
1791052972037767601,14.017,map,"nav2_feedback of the target goal (map, AMCL-based estimate)",-5.4575,-1.3479,0.0337,,
1791052972047591356,14.033,map,"nav2_feedback of the target goal (map, AMCL-based estimate)",-5.4442,-1.3473,0.0395,,
1791052972058000410,14.033,map,"nav2_feedback of the target goal (map, AMCL-based estimate)",-5.4442,-1.3473,0.0395,,
1791052972068188404,14.033,map,"nav2_feedback of the target goal (map, AMCL-based estimate)",-5.4442,-1.3473,0.0395,,
1791052972077706231,14.050,map,"nav2_feedback of the target goal (map, AMCL-based estimate)",-5.4310,-1.3467,0.0453,,
1791052972087689141,14.050,map,"nav2_feedback of the target goal (map, AMCL-based estimate)",-5.4310,-1.3467,0.0453,,
1791052972097565715,14.050,map,"nav2_feedback of the target goal (map, AMCL-based estimate)",-5.4310,-1.3467,0.0453,,
1791052972107688510,14.050,map,"nav2_feedback of the target goal (map, AMCL-based estimate)",-5.4310,-1.3467,0.0453,,
1791052972117657342,14.050,map,"nav2_feedback of the target goal (map, AMCL-based estimate)",-5.4310,-1.3467,0.0453,,
1791052972127768754,14.067,map,"nav2_feedback of the target goal (map, AMCL-based estimate)",-5.4177,-1.3461,0.0508,,
1791052972138182500,14.067,map,"nav2_feedback of the target goal (map, AMCL-based estimate)",-5.4177,-1.3461,0.0508,,
1791052972147562639,14.067,map,"nav2_feedback of the target goal (map, AMCL-based estimate)",-5.4177,-1.3461,0.0508,,
1791052972157742346,14.083,map,"nav2_feedback of the target goal (map, AMCL-based estimate)",-5.4045,-1.3453,0.0561,,
1791052972169316902,14.083,map,"nav2_feedback of the target goal (map, AMCL-based estimate)",-5.4045,-1.3453,0.0561,,
1791052972177547115,14.083,map,"nav2_feedback of the target goal (map, AMCL-based estimate)",-5.4045,-1.3453,0.0561,,
1791052972187973242,14.083,map,"nav2_feedback of the target goal (map, AMCL-based estimate)",-5.4045,-1.3453,0.0561,,
1791052972197715423,14.083,map,"nav2_feedback of the target goal (map, AMCL-based estimate)",-5.4045,-1.3453,0.0561,,
1791052972207951343,14.083,map,"nav2_feedback of the target goal (map, AMCL-based estimate)",-5.4045,-1.3453,0.0561,,
1791052972218024714,14.100,map,"nav2_feedback of the target goal (map, AMCL-based estimate)",-5.3912,-1.3445,0.0611,,
1791052972227611934,14.100,map,"nav2_feedback of the target goal (map, AMCL-based estimate)",-5.3912,-1.3445,0.0611,,
1791052972237775865,14.117,map,"nav2_feedback of the target goal (map, AMCL-based estimate)",-5.3780,-1.3436,0.0659,,
1791052972247938099,14.117,map,"nav2_feedback of the target goal (map, AMCL-based estimate)",-5.3780,-1.3436,0.0659,,
1791052972257608091,14.117,map,"nav2_feedback of the target goal (map, AMCL-based estimate)",-5.3780,-1.3436,0.0659,,
1791052972267770824,14.117,map,"nav2_feedback of the target goal (map, AMCL-based estimate)",-5.3780,-1.3436,0.0659,,
1791052972277947336,14.117,map,"nav2_feedback of the target goal (map, AMCL-based estimate)",-5.3780,-1.3436,0.0659,,
1791052972288580144,14.117,map,"nav2_feedback of the target goal (map, AMCL-based estimate)",-5.3780,-1.3436,0.0659,,
1791052972297676122,14.133,map,"nav2_feedback of the target goal (map, AMCL-based estimate)",-5.3647,-1.3427,0.0705,,
1791052972307700169,14.133,map,"nav2_feedback of the target goal (map, AMCL-based estimate)",-5.3647,-1.3427,0.0705,,
1791052972317654723,14.133,map,"nav2_feedback of the target goal (map, AMCL-based estimate)",-5.3647,-1.3427,0.0705,,
1791052972327826342,14.150,map,"nav2_feedback of the target goal (map, AMCL-based estimate)",-5.3515,-1.3417,0.0750,,
1791052972338243483,14.150,map,"nav2_feedback of the target goal (map, AMCL-based estimate)",-5.3515,-1.3417,0.0750,,
1791052972347521280,14.150,map,"nav2_feedback of the target goal (map, AMCL-based estimate)",-5.3515,-1.3417,0.0750,,
1791052972357778567,14.150,map,"nav2_feedback of the target goal (map, AMCL-based estimate)",-5.3515,-1.3417,0.0750,,
1791052972367794726,14.150,map,"nav2_feedback of the target goal (map, AMCL-based estimate)",-5.3515,-1.3417,0.0750,,
1791052972378021161,14.150,map,"nav2_feedback of the target goal (map, AMCL-based estimate)",-5.3515,-1.3417,0.0750,,
1791052972388080853,14.167,map,"nav2_feedback of the target goal (map, AMCL-based estimate)",-5.3382,-1.3406,0.0795,,
1791052972397580408,14.167,map,"nav2_feedback of the target goal (map, AMCL-based estimate)",-5.3382,-1.3406,0.0795,,
1791052972408297986,14.167,map,"nav2_feedback of the target goal (map, AMCL-based estimate)",-5.3382,-1.3406,0.0795,,
1791052972417728547,14.183,map,"nav2_feedback of the target goal (map, AMCL-based estimate)",-5.3250,-1.3395,0.0838,,
1791052972427790136,14.183,map,"nav2_feedback of the target goal (map, AMCL-based estimate)",-5.3250,-1.3395,0.0838,,
1791052972440032363,14.183,map,"nav2_feedback of the target goal (map, AMCL-based estimate)",-5.3250,-1.3395,0.0838,,
1791052972448066777,14.183,map,"nav2_feedback of the target goal (map, AMCL-based estimate)",-5.3250,-1.3395,0.0838,,
1791052972457931570,14.183,map,"nav2_feedback of the target goal (map, AMCL-based estimate)",-5.3250,-1.3395,0.0838,,
1791052972467732261,14.200,map,"nav2_feedback of the target goal (map, AMCL-based estimate)",-5.3117,-1.3384,0.0881,,
1791052972477890001,14.200,map,"nav2_feedback of the target goal (map, AMCL-based estimate)",-5.3117,-1.3384,0.0881,,
1791052972488162066,14.200,map,"nav2_feedback of the target goal (map, AMCL-based estimate)",-5.3117,-1.3384,0.0881,,
1791052972497791122,14.217,map,"nav2_feedback of the target goal (map, AMCL-based estimate)",-5.3027,-1.3514,0.0831,,
1791052972507663003,14.217,map,"nav2_feedback of the target goal (map, AMCL-based estimate)",-5.3027,-1.3514,0.0831,,
1791052972517469884,14.217,map,"nav2_feedback of the target goal (map, AMCL-based estimate)",-5.3027,-1.3514,0.0831,,
1791052972527776096,14.217,map,"nav2_feedback of the target goal (map, AMCL-based estimate)",-5.3027,-1.3514,0.0831,,
1791052972537903883,14.217,map,"nav2_feedback of the target goal (map, AMCL-based estimate)",-5.3027,-1.3514,0.0831,,
1791052972547987638,14.233,map,"nav2_feedback of the target goal (map, AMCL-based estimate)",-5.2937,-1.3645,0.0780,,
1791052972558126508,14.233,map,"nav2_feedback of the target goal (map, AMCL-based estimate)",-5.2937,-1.3645,0.0780,,
1791052972568194586,14.233,map,"nav2_feedback of the target goal (map, AMCL-based estimate)",-5.2937,-1.3645,0.0780,,
1791052972577998672,14.250,map,"nav2_feedback of the target goal (map, AMCL-based estimate)",-5.2848,-1.3778,0.0729,,
1791052972588004747,14.250,map,"nav2_feedback of the target goal (map, AMCL-based estimate)",-5.2848,-1.3778,0.0729,,
1791052972597495815,14.250,map,"nav2_feedback of the target goal (map, AMCL-based estimate)",-5.2848,-1.3778,0.0729,,
1791052972607675322,14.250,map,"nav2_feedback of the target goal (map, AMCL-based estimate)",-5.2848,-1.3778,0.0729,,
1791052972617801012,14.250,map,"nav2_feedback of the target goal (map, AMCL-based estimate)",-5.2848,-1.3778,0.0729,,
1791052972627872286,14.250,map,"nav2_feedback of the target goal (map, AMCL-based estimate)",-5.2848,-1.3778,0.0729,,
1791052972637852002,14.267,map,"nav2_feedback of the target goal (map, AMCL-based estimate)",-5.2759,-1.3913,0.0677,,
1791052972647820833,14.267,map,"nav2_feedback of the target goal (map, AMCL-based estimate)",-5.2759,-1.3913,0.0677,,
1791052972657565111,14.267,map,"nav2_feedback of the target goal (map, AMCL-based estimate)",-5.2759,-1.3913,0.0677,,
1791052972668233964,14.283,map,"nav2_feedback of the target goal (map, AMCL-based estimate)",-5.2671,-1.4050,0.0624,,
1791052972677620594,14.283,map,"nav2_feedback of the target goal (map, AMCL-based estimate)",-5.2671,-1.4050,0.0624,,
1791052972688025553,14.283,map,"nav2_feedback of the target goal (map, AMCL-based estimate)",-5.2671,-1.4050,0.0624,,
1791052972697736682,14.283,map,"nav2_feedback of the target goal (map, AMCL-based estimate)",-5.2671,-1.4050,0.0624,,
1791052972707904408,14.283,map,"nav2_feedback of the target goal (map, AMCL-based estimate)",-5.2671,-1.4050,0.0624,,
1791052972718092701,14.300,map,"nav2_feedback of the target goal (map, AMCL-based estimate)",-5.2584,-1.4189,0.0568,,
1791052972727983454,14.300,map,"nav2_feedback of the target goal (map, AMCL-based estimate)",-5.2584,-1.4189,0.0568,,
1791052972738125219,14.300,map,"nav2_feedback of the target goal (map, AMCL-based estimate)",-5.2584,-1.4189,0.0568,,
1791052972747765058,14.317,map,"nav2_feedback of the target goal (map, AMCL-based estimate)",-5.2451,-1.4181,0.0603,,
1791052972758109511,14.317,map,"nav2_feedback of the target goal (map, AMCL-based estimate)",-5.2451,-1.4181,0.0603,,
1791052972767811254,14.317,map,"nav2_feedback of the target goal (map, AMCL-based estimate)",-5.2451,-1.4181,0.0603,,
1791052972777524880,14.317,map,"nav2_feedback of the target goal (map, AMCL-based estimate)",-5.2451,-1.4181,0.0603,,
1791052972788149700,14.317,map,"nav2_feedback of the target goal (map, AMCL-based estimate)",-5.2451,-1.4181,0.0603,,
1791052972798182933,14.333,map,"nav2_feedback of the target goal (map, AMCL-based estimate)",-5.2318,-1.4172,0.0637,,
1791052972807770353,14.333,map,"nav2_feedback of the target goal (map, AMCL-based estimate)",-5.2318,-1.4172,0.0637,,
1791052972817769738,14.333,map,"nav2_feedback of the target goal (map, AMCL-based estimate)",-5.2318,-1.4172,0.0637,,
1791052972827688547,14.350,map,"nav2_feedback of the target goal (map, AMCL-based estimate)",-5.2186,-1.4163,0.0669,,
1791052972837975388,14.350,map,"nav2_feedback of the target goal (map, AMCL-based estimate)",-5.2186,-1.4163,0.0669,,
1791052972847999535,14.350,map,"nav2_feedback of the target goal (map, AMCL-based estimate)",-5.2186,-1.4163,0.0669,,
1791052972857647561,14.350,map,"nav2_feedback of the target goal (map, AMCL-based estimate)",-5.2186,-1.4163,0.0669,,
1791052972867848036,14.350,map,"nav2_feedback of the target goal (map, AMCL-based estimate)",-5.2186,-1.4163,0.0669,,
1791052972878228434,14.350,map,"nav2_feedback of the target goal (map, AMCL-based estimate)",-5.2186,-1.4163,0.0669,,
1791052972888018042,14.367,map,"nav2_feedback of the target goal (map, AMCL-based estimate)",-5.2053,-1.4154,0.0700,,
1791052972897830515,14.367,map,"nav2_feedback of the target goal (map, AMCL-based estimate)",-5.2053,-1.4154,0.0700,,
1791052972907786367,14.367,map,"nav2_feedback of the target goal (map, AMCL-based estimate)",-5.2053,-1.4154,0.0700,,
1791052972917876711,14.383,map,"nav2_feedback of the target goal (map, AMCL-based estimate)",-5.1920,-1.4144,0.0730,,
1791052972927792824,14.383,map,"nav2_feedback of the target goal (map, AMCL-based estimate)",-5.1920,-1.4144,0.0730,,
1791052972937906233,14.383,map,"nav2_feedback of the target goal (map, AMCL-based estimate)",-5.1920,-1.4144,0.0730,,
1791052972947709720,14.383,map,"nav2_feedback of the target goal (map, AMCL-based estimate)",-5.1920,-1.4144,0.0730,,
1791052972958101400,14.383,map,"nav2_feedback of the target goal (map, AMCL-based estimate)",-5.1920,-1.4144,0.0730,,
1791052972967669849,14.383,map,"nav2_feedback of the target goal (map, AMCL-based estimate)",-5.1920,-1.4144,0.0730,,
1791052972977696792,14.400,map,"nav2_feedback of the target goal (map, AMCL-based estimate)",-5.1788,-1.4134,0.0759,,
1791052972988139393,14.400,map,"nav2_feedback of the target goal (map, AMCL-based estimate)",-5.1788,-1.4134,0.0759,,
1791052972997741790,14.417,map,"nav2_feedback of the target goal (map, AMCL-based estimate)",-5.1655,-1.4123,0.0786,,
1791052973007607681,14.417,map,"nav2_feedback of the target goal (map, AMCL-based estimate)",-5.1655,-1.4123,0.0786,,
1791052973017647303,14.417,map,"nav2_feedback of the target goal (map, AMCL-based estimate)",-5.1655,-1.4123,0.0786,,
1791052973027943431,14.417,map,"nav2_feedback of the target goal (map, AMCL-based estimate)",-5.1655,-1.4123,0.0786,,
1791052973038059535,14.417,map,"nav2_feedback of the target goal (map, AMCL-based estimate)",-5.1655,-1.4123,0.0786,,
1791052973047787539,14.417,map,"nav2_feedback of the target goal (map, AMCL-based estimate)",-5.1655,-1.4123,0.0786,,
1791052973058046423,14.433,map,"nav2_feedback of the target goal (map, AMCL-based estimate)",-5.1522,-1.4113,0.0811,,
1791052973068003673,14.433,map,"nav2_feedback of the target goal (map, AMCL-based estimate)",-5.1522,-1.4113,0.0811,,
1791052973077797075,14.433,map,"nav2_feedback of the target goal (map, AMCL-based estimate)",-5.1522,-1.4113,0.0811,,
1791052973087790569,14.450,map,"nav2_feedback of the target goal (map, AMCL-based estimate)",-5.1390,-1.4101,0.0835,,
1791052973097751114,14.450,map,"nav2_feedback of the target goal (map, AMCL-based estimate)",-5.1390,-1.4101,0.0835,,
1791052973107492896,14.450,map,"nav2_feedback of the target goal (map, AMCL-based estimate)",-5.1390,-1.4101,0.0835,,
1791052973117496574,14.450,map,"nav2_feedback of the target goal (map, AMCL-based estimate)",-5.1390,-1.4101,0.0835,,
1791052973128006971,14.450,map,"nav2_feedback of the target goal (map, AMCL-based estimate)",-5.1390,-1.4101,0.0835,,
1791052973138162815,14.467,map,"nav2_feedback of the target goal (map, AMCL-based estimate)",-5.1257,-1.4090,0.0859,,
1791052973147777093,14.467,map,"nav2_feedback of the target goal (map, AMCL-based estimate)",-5.1257,-1.4090,0.0859,,
1791052973157735641,14.467,map,"nav2_feedback of the target goal (map, AMCL-based estimate)",-5.1257,-1.4090,0.0859,,
1791052973167629189,14.483,map,"nav2_feedback of the target goal (map, AMCL-based estimate)",-5.1124,-1.4078,0.0882,,
1791052973177653336,14.483,map,"nav2_feedback of the target goal (map, AMCL-based estimate)",-5.1124,-1.4078,0.0882,,
1791052973187857505,14.483,map,"nav2_feedback of the target goal (map, AMCL-based estimate)",-5.1124,-1.4078,0.0882,,
1791052973197473480,14.483,map,"nav2_feedback of the target goal (map, AMCL-based estimate)",-5.1124,-1.4078,0.0882,,
1791052973207648195,14.483,map,"nav2_feedback of the target goal (map, AMCL-based estimate)",-5.1124,-1.4078,0.0882,,
1791052973217669945,14.483,map,"nav2_feedback of the target goal (map, AMCL-based estimate)",-5.1124,-1.4078,0.0882,,
1791052973227848853,14.500,map,"nav2_feedback of the target goal (map, AMCL-based estimate)",-5.0992,-1.4066,0.0903,,
1791052973237917731,14.500,map,"nav2_feedback of the target goal (map, AMCL-based estimate)",-5.0992,-1.4066,0.0903,,
1791052973247857308,14.500,map,"nav2_feedback of the target goal (map, AMCL-based estimate)",-5.0992,-1.4066,0.0903,,
1791052973257749558,14.517,map,"nav2_feedback of the target goal (map, AMCL-based estimate)",-5.0859,-1.4054,0.0924,,
1791052973267556639,14.517,map,"nav2_feedback of the target goal (map, AMCL-based estimate)",-5.0859,-1.4054,0.0924,,
1791052973277794756,14.517,map,"nav2_feedback of the target goal (map, AMCL-based estimate)",-5.0859,-1.4054,0.0924,,
1791052973288417080,14.517,map,"nav2_feedback of the target goal (map, AMCL-based estimate)",-5.0859,-1.4054,0.0924,,
1791052973297920630,14.517,map,"nav2_feedback of the target goal (map, AMCL-based estimate)",-5.0859,-1.4054,0.0924,,
1791052973308386795,14.517,map,"nav2_feedback of the target goal (map, AMCL-based estimate)",-5.0859,-1.4054,0.0924,,
1791052973317748363,14.533,map,"nav2_feedback of the target goal (map, AMCL-based estimate)",-5.0726,-1.4041,0.0943,,
1791052973327726880,14.533,map,"nav2_feedback of the target goal (map, AMCL-based estimate)",-5.0726,-1.4041,0.0943,,
1791052973338029098,14.550,map,"nav2_feedback of the target goal (map, AMCL-based estimate)",-5.0594,-1.4029,0.0961,,
1791052973347608630,14.550,map,"nav2_feedback of the target goal (map, AMCL-based estimate)",-5.0594,-1.4029,0.0961,,
1791052973357847945,14.550,map,"nav2_feedback of the target goal (map, AMCL-based estimate)",-5.0594,-1.4029,0.0961,,
1791052973367609596,14.550,map,"nav2_feedback of the target goal (map, AMCL-based estimate)",-5.0594,-1.4029,0.0961,,
1791052973377653812,14.550,map,"nav2_feedback of the target goal (map, AMCL-based estimate)",-5.0594,-1.4029,0.0961,,
1791052973389495057,14.550,map,"nav2_feedback of the target goal (map, AMCL-based estimate)",-5.0594,-1.4029,0.0961,,
1791052973397492528,14.567,map,"nav2_feedback of the target goal (map, AMCL-based estimate)",-5.0461,-1.4015,0.0977,,
1791052973407641183,14.567,map,"nav2_feedback of the target goal (map, AMCL-based estimate)",-5.0461,-1.4015,0.0977,,
1791052973417809407,14.567,map,"nav2_feedback of the target goal (map, AMCL-based estimate)",-5.0461,-1.4015,0.0977,,
1791052973428830217,14.583,map,"nav2_feedback of the target goal (map, AMCL-based estimate)",-5.0328,-1.4002,0.0992,,
1791052973438098529,14.583,map,"nav2_feedback of the target goal (map, AMCL-based estimate)",-5.0328,-1.4002,0.0992,,
1791052973447679160,14.583,map,"nav2_feedback of the target goal (map, AMCL-based estimate)",-5.0328,-1.4002,0.0992,,
1791052973457919673,14.583,map,"nav2_feedback of the target goal (map, AMCL-based estimate)",-5.0328,-1.4002,0.0992,,
1791052973467746424,14.583,map,"nav2_feedback of the target goal (map, AMCL-based estimate)",-5.0328,-1.4002,0.0992,,
1791052973477947398,14.583,map,"nav2_feedback of the target goal (map, AMCL-based estimate)",-5.0328,-1.4002,0.0992,,
1791052973488056513,14.600,map,"nav2_feedback of the target goal (map, AMCL-based estimate)",-5.0196,-1.3989,0.1007,,
1791052973497798894,14.600,map,"nav2_feedback of the target goal (map, AMCL-based estimate)",-5.0196,-1.3989,0.1007,,
1791052973509450831,14.617,map,"nav2_feedback of the target goal (map, AMCL-based estimate)",-5.0063,-1.3975,0.1023,,
1791052973517928961,14.617,map,"nav2_feedback of the target goal (map, AMCL-based estimate)",-5.0063,-1.3975,0.1023,,
1791052973527816219,14.617,map,"nav2_feedback of the target goal (map, AMCL-based estimate)",-5.0063,-1.3975,0.1023,,
1791052973537657647,14.617,map,"nav2_feedback of the target goal (map, AMCL-based estimate)",-5.0063,-1.3975,0.1023,,
1791052973547751287,14.617,map,"nav2_feedback of the target goal (map, AMCL-based estimate)",-5.0063,-1.3975,0.1023,,
1791052973557816370,14.617,map,"nav2_feedback of the target goal (map, AMCL-based estimate)",-5.0063,-1.3975,0.1023,,
1791052973567739273,14.633,map,"nav2_feedback of the target goal (map, AMCL-based estimate)",-4.9930,-1.3961,0.1040,,
1791052973579164460,14.633,map,"nav2_feedback of the target goal (map, AMCL-based estimate)",-4.9930,-1.3961,0.1040,,
1791052973588393532,14.633,map,"nav2_feedback of the target goal (map, AMCL-based estimate)",-4.9930,-1.3961,0.1040,,
1791052973597679916,14.650,map,"nav2_feedback of the target goal (map, AMCL-based estimate)",-4.9798,-1.3947,0.1056,,
1791052973607654839,14.650,map,"nav2_feedback of the target goal (map, AMCL-based estimate)",-4.9798,-1.3947,0.1056,,
1791052973617521228,14.650,map,"nav2_feedback of the target goal (map, AMCL-based estimate)",-4.9798,-1.3947,0.1056,,
1791052973627908715,14.650,map,"nav2_feedback of the target goal (map, AMCL-based estimate)",-4.9798,-1.3947,0.1056,,
1791052973638524350,14.650,map,"nav2_feedback of the target goal (map, AMCL-based estimate)",-4.9798,-1.3947,0.1056,,
1791052973647925057,14.667,map,"nav2_feedback of the target goal (map, AMCL-based estimate)",-4.9665,-1.3933,0.1072,,
1791052973659280152,14.667,map,"nav2_feedback of the target goal (map, AMCL-based estimate)",-4.9665,-1.3933,0.1072,,
1791052973668076791,14.667,map,"nav2_feedback of the target goal (map, AMCL-based estimate)",-4.9665,-1.3933,0.1072,,
1791052973677831953,14.683,map,"nav2_feedback of the target goal (map, AMCL-based estimate)",-4.9532,-1.3919,0.1087,,
1791052973687744272,14.683,map,"nav2_feedback of the target goal (map, AMCL-based estimate)",-4.9532,-1.3919,0.1087,,
1791052973697712704,14.683,map,"nav2_feedback of the target goal (map, AMCL-based estimate)",-4.9532,-1.3919,0.1087,,
1791052973707528971,14.683,map,"nav2_feedback of the target goal (map, AMCL-based estimate)",-4.9532,-1.3919,0.1087,,
1791052973717613125,14.683,map,"nav2_feedback of the target goal (map, AMCL-based estimate)",-4.9532,-1.3919,0.1087,,
1791052973728574128,14.700,map,"nav2_feedback of the target goal (map, AMCL-based estimate)",-4.9400,-1.3904,0.1103,,
1791052973739059164,14.700,map,"nav2_feedback of the target goal (map, AMCL-based estimate)",-4.9400,-1.3904,0.1103,,
1791052973748018452,14.700,map,"nav2_feedback of the target goal (map, AMCL-based estimate)",-4.9400,-1.3904,0.1103,,
1791052973757965617,14.700,map,"nav2_feedback of the target goal (map, AMCL-based estimate)",-4.9400,-1.3904,0.1103,,
1791052973767739649,14.717,map,"nav2_feedback of the target goal (map, AMCL-based estimate)",-4.9267,-1.3889,0.1118,,
1791052973779341664,14.717,map,"nav2_feedback of the target goal (map, AMCL-based estimate)",-4.9267,-1.3889,0.1118,,
1791052973788398801,14.717,map,"nav2_feedback of the target goal (map, AMCL-based estimate)",-4.9267,-1.3889,0.1118,,
1791052973797608204,14.717,map,"nav2_feedback of the target goal (map, AMCL-based estimate)",-4.9267,-1.3889,0.1118,,
1791052973807772035,14.717,map,"nav2_feedback of the target goal (map, AMCL-based estimate)",-4.9267,-1.3889,0.1118,,
1791052973818107502,14.733,map,"nav2_feedback of the target goal (map, AMCL-based estimate)",-4.9135,-1.3874,0.1133,,
1791052973827830512,14.733,map,"nav2_feedback of the target goal (map, AMCL-based estimate)",-4.9135,-1.3874,0.1133,,
1791052973837797847,14.733,map,"nav2_feedback of the target goal (map, AMCL-based estimate)",-4.9135,-1.3874,0.1133,,
1791052973847741517,14.750,map,"nav2_feedback of the target goal (map, AMCL-based estimate)",-4.9002,-1.3859,0.1149,,
1791052973859150529,14.750,map,"nav2_feedback of the target goal (map, AMCL-based estimate)",-4.9002,-1.3859,0.1149,,
1791052973867560764,14.750,map,"nav2_feedback of the target goal (map, AMCL-based estimate)",-4.9002,-1.3859,0.1149,,
1791052973877504135,14.750,map,"nav2_feedback of the target goal (map, AMCL-based estimate)",-4.9002,-1.3859,0.1149,,
1791052973887622636,14.750,map,"nav2_feedback of the target goal (map, AMCL-based estimate)",-4.9002,-1.3859,0.1149,,
1791052973898277211,14.750,map,"nav2_feedback of the target goal (map, AMCL-based estimate)",-4.9002,-1.3859,0.1149,,
1791052973907697488,14.767,map,"nav2_feedback of the target goal (map, AMCL-based estimate)",-4.8870,-1.3843,0.1163,,
1791052973917689285,14.767,map,"nav2_feedback of the target goal (map, AMCL-based estimate)",-4.8870,-1.3843,0.1163,,
1791052973927778930,14.767,map,"nav2_feedback of the target goal (map, AMCL-based estimate)",-4.8870,-1.3843,0.1163,,
1791052973938192077,14.783,map,"nav2_feedback of the target goal (map, AMCL-based estimate)",-4.8737,-1.3827,0.1178,,
1791052973948129258,14.783,map,"nav2_feedback of the target goal (map, AMCL-based estimate)",-4.8737,-1.3827,0.1178,,
1791052973957917069,14.783,map,"nav2_feedback of the target goal (map, AMCL-based estimate)",-4.8737,-1.3827,0.1178,,
1791052973967997928,14.783,map,"nav2_feedback of the target goal (map, AMCL-based estimate)",-4.8737,-1.3827,0.1178,,
1791052973977905455,14.783,map,"nav2_feedback of the target goal (map, AMCL-based estimate)",-4.8737,-1.3827,0.1178,,
1791052973988092450,14.783,map,"nav2_feedback of the target goal (map, AMCL-based estimate)",-4.8737,-1.3827,0.1178,,
1791052973997925891,14.800,map,"nav2_feedback of the target goal (map, AMCL-based estimate)",-4.8605,-1.3812,0.1192,,
1791052974007634025,14.800,map,"nav2_feedback of the target goal (map, AMCL-based estimate)",-4.8605,-1.3812,0.1192,,
1791052974018056158,14.800,map,"nav2_feedback of the target goal (map, AMCL-based estimate)",-4.8605,-1.3812,0.1192,,
1791052974027964583,14.817,map,"nav2_feedback of the target goal (map, AMCL-based estimate)",-4.8472,-1.3795,0.1207,,
1791052974038005004,14.817,map,"nav2_feedback of the target goal (map, AMCL-based estimate)",-4.8472,-1.3795,0.1207,,
1791052974047920718,14.817,map,"nav2_feedback of the target goal (map, AMCL-based estimate)",-4.8472,-1.3795,0.1207,,
1791052974058223335,14.817,map,"nav2_feedback of the target goal (map, AMCL-based estimate)",-4.8472,-1.3795,0.1207,,
1791052974067949841,14.817,map,"nav2_feedback of the target goal (map, AMCL-based estimate)",-4.8472,-1.3795,0.1207,,
1791052974077808243,14.833,map,"nav2_feedback of the target goal (map, AMCL-based estimate)",-4.8340,-1.3779,0.1221,,
1791052974088267619,14.833,map,"nav2_feedback of the target goal (map, AMCL-based estimate)",-4.8340,-1.3779,0.1221,,
1791052974098026275,14.833,map,"nav2_feedback of the target goal (map, AMCL-based estimate)",-4.8340,-1.3779,0.1221,,
1791052974107753978,14.833,map,"nav2_feedback of the target goal (map, AMCL-based estimate)",-4.8340,-1.3779,0.1221,,
1791052974117795598,14.850,map,"nav2_feedback of the target goal (map, AMCL-based estimate)",-4.8207,-1.3763,0.1235,,
1791052974127705521,14.850,map,"nav2_feedback of the target goal (map, AMCL-based estimate)",-4.8207,-1.3763,0.1235,,
1791052974137732563,14.850,map,"nav2_feedback of the target goal (map, AMCL-based estimate)",-4.8207,-1.3763,0.1235,,
1791052974148315049,14.850,map,"nav2_feedback of the target goal (map, AMCL-based estimate)",-4.8207,-1.3763,0.1235,,
1791052974157949296,14.850,map,"nav2_feedback of the target goal (map, AMCL-based estimate)",-4.8207,-1.3763,0.1235,,
1791052974167739504,14.867,map,"nav2_feedback of the target goal (map, AMCL-based estimate)",-4.8075,-1.3746,0.1249,,
1791052974177890255,14.867,map,"nav2_feedback of the target goal (map, AMCL-based estimate)",-4.8075,-1.3746,0.1249,,
1791052974188336950,14.867,map,"nav2_feedback of the target goal (map, AMCL-based estimate)",-4.8075,-1.3746,0.1249,,
1791052974198082926,14.883,map,"nav2_feedback of the target goal (map, AMCL-based estimate)",-4.7942,-1.3729,0.1262,,
1791052974207855760,14.883,map,"nav2_feedback of the target goal (map, AMCL-based estimate)",-4.7942,-1.3729,0.1262,,
1791052974217616313,14.883,map,"nav2_feedback of the target goal (map, AMCL-based estimate)",-4.7942,-1.3729,0.1262,,
1791052974227499676,14.883,map,"nav2_feedback of the target goal (map, AMCL-based estimate)",-4.7942,-1.3729,0.1262,,
1791052974237859406,14.883,map,"nav2_feedback of the target goal (map, AMCL-based estimate)",-4.7942,-1.3729,0.1262,,
1791052974247587009,14.900,map,"nav2_feedback of the target goal (map, AMCL-based estimate)",-4.7810,-1.3712,0.1276,,
1791052974257726478,14.900,map,"nav2_feedback of the target goal (map, AMCL-based estimate)",-4.7810,-1.3712,0.1276,,
1791052974267948919,14.900,map,"nav2_feedback of the target goal (map, AMCL-based estimate)",-4.7810,-1.3712,0.1276,,
1791052974277821300,14.917,map,"nav2_feedback of the target goal (map, AMCL-based estimate)",-4.7678,-1.3695,0.1289,,
1791052974287870807,14.917,map,"nav2_feedback of the target goal (map, AMCL-based estimate)",-4.7678,-1.3695,0.1289,,
1791052974297557474,14.917,map,"nav2_feedback of the target goal (map, AMCL-based estimate)",-4.7678,-1.3695,0.1289,,
1791052974307619063,14.917,map,"nav2_feedback of the target goal (map, AMCL-based estimate)",-4.7678,-1.3695,0.1289,,
1791052974317930966,14.917,map,"nav2_feedback of the target goal (map, AMCL-based estimate)",-4.7678,-1.3695,0.1289,,
1791052974327969391,14.917,map,"nav2_feedback of the target goal (map, AMCL-based estimate)",-4.7678,-1.3695,0.1289,,
1791052974338027984,14.933,map,"nav2_feedback of the target goal (map, AMCL-based estimate)",-4.7545,-1.3678,0.1303,,
1791052974347763076,14.933,map,"nav2_feedback of the target goal (map, AMCL-based estimate)",-4.7545,-1.3678,0.1303,,
1791052974357637454,14.933,map,"nav2_feedback of the target goal (map, AMCL-based estimate)",-4.7545,-1.3678,0.1303,,
1791052974367854603,14.950,map,"nav2_feedback of the target goal (map, AMCL-based estimate)",-4.7413,-1.3660,0.1315,,
1791052974377880347,14.950,map,"nav2_feedback of the target goal (map, AMCL-based estimate)",-4.7413,-1.3660,0.1315,,
1791052974388141329,14.950,map,"nav2_feedback of the target goal (map, AMCL-based estimate)",-4.7413,-1.3660,0.1315,,
1791052974397590162,14.950,map,"nav2_feedback of the target goal (map, AMCL-based estimate)",-4.7413,-1.3660,0.1315,,
1791052974407608917,14.950,map,"nav2_feedback of the target goal (map, AMCL-based estimate)",-4.7413,-1.3660,0.1315,,
1791052974417608901,14.950,map,"nav2_feedback of the target goal (map, AMCL-based estimate)",-4.7413,-1.3660,0.1315,,
1791052974427705137,14.967,map,"nav2_feedback of the target goal (map, AMCL-based estimate)",-4.7281,-1.3643,0.1327,,
1791052974437839813,14.967,map,"nav2_feedback of the target goal (map, AMCL-based estimate)",-4.7281,-1.3643,0.1327,,
1791052974447824620,14.983,map,"nav2_feedback of the target goal (map, AMCL-based estimate)",-4.7149,-1.3625,0.1340,,
1791052974457884012,14.983,map,"nav2_feedback of the target goal (map, AMCL-based estimate)",-4.7149,-1.3625,0.1340,,
1791052974468014595,14.983,map,"nav2_feedback of the target goal (map, AMCL-based estimate)",-4.7149,-1.3625,0.1340,,
1791052974477961860,14.983,map,"nav2_feedback of the target goal (map, AMCL-based estimate)",-4.7149,-1.3625,0.1340,,
1791052974488184201,14.983,map,"nav2_feedback of the target goal (map, AMCL-based estimate)",-4.7149,-1.3625,0.1340,,
1791052974497827435,14.983,map,"nav2_feedback of the target goal (map, AMCL-based estimate)",-4.7149,-1.3625,0.1340,,
1791052974507969699,15.000,map,"nav2_feedback of the target goal (map, AMCL-based estimate)",-4.7016,-1.3607,0.1351,,
1791052974517752318,15.000,map,"nav2_feedback of the target goal (map, AMCL-based estimate)",-4.7016,-1.3607,0.1351,,
1791052974527817602,15.000,map,"nav2_feedback of the target goal (map, AMCL-based estimate)",-4.7016,-1.3607,0.1351,,
1791052974538156363,15.017,map,"nav2_feedback of the target goal (map, AMCL-based estimate)",-4.6884,-1.3589,0.1362,,
1791052974547833145,15.017,map,"nav2_feedback of the target goal (map, AMCL-based estimate)",-4.6884,-1.3589,0.1362,,
1791052974557723598,15.017,map,"nav2_feedback of the target goal (map, AMCL-based estimate)",-4.6884,-1.3589,0.1362,,
1791052974567788981,15.017,map,"nav2_feedback of the target goal (map, AMCL-based estimate)",-4.6884,-1.3589,0.1362,,
1791052974577980570,15.017,map,"nav2_feedback of the target goal (map, AMCL-based estimate)",-4.6884,-1.3589,0.1362,,
1791052974587876813,15.017,map,"nav2_feedback of the target goal (map, AMCL-based estimate)",-4.6884,-1.3589,0.1362,,
1791052974597982335,15.017,map,"nav2_feedback of the target goal (map, AMCL-based estimate)",-4.6884,-1.3589,0.1362,,
1791052974607745983,15.033,map,"nav2_feedback of the target goal (map, AMCL-based estimate)",-4.6752,-1.3570,0.1373,,
1791052974617998078,15.033,map,"nav2_feedback of the target goal (map, AMCL-based estimate)",-4.6752,-1.3570,0.1373,,
1791052974628429996,15.033,map,"nav2_feedback of the target goal (map, AMCL-based estimate)",-4.6752,-1.3570,0.1373,,
1791052974638093698,15.050,map,"nav2_feedback of the target goal (map, AMCL-based estimate)",-4.6620,-1.3552,0.1385,,
1791052974647628899,15.050,map,"nav2_feedback of the target goal (map, AMCL-based estimate)",-4.6620,-1.3552,0.1385,,
1791052974657826079,15.050,map,"nav2_feedback of the target goal (map, AMCL-based estimate)",-4.6620,-1.3552,0.1385,,
1791052974667928405,15.050,map,"nav2_feedback of the target goal (map, AMCL-based estimate)",-4.6620,-1.3552,0.1385,,
1791052974677719610,15.050,map,"nav2_feedback of the target goal (map, AMCL-based estimate)",-4.6620,-1.3552,0.1385,,
1791052974687867267,15.067,map,"nav2_feedback of the target goal (map, AMCL-based estimate)",-4.6488,-1.3533,0.1397,,
1791052974697577597,15.067,map,"nav2_feedback of the target goal (map, AMCL-based estimate)",-4.6488,-1.3533,0.1397,,
1791052974708159484,15.067,map,"nav2_feedback of the target goal (map, AMCL-based estimate)",-4.6488,-1.3533,0.1397,,
1791052974717730629,15.083,map,"nav2_feedback of the target goal (map, AMCL-based estimate)",-4.6355,-1.3515,0.1408,,
1791052974728085765,15.083,map,"nav2_feedback of the target goal (map, AMCL-based estimate)",-4.6355,-1.3515,0.1408,,
1791052974739211214,15.083,map,"nav2_feedback of the target goal (map, AMCL-based estimate)",-4.6355,-1.3515,0.1408,,
1791052974747854390,15.083,map,"nav2_feedback of the target goal (map, AMCL-based estimate)",-4.6355,-1.3515,0.1408,,
1791052974758265839,15.083,map,"nav2_feedback of the target goal (map, AMCL-based estimate)",-4.6355,-1.3515,0.1408,,
1791052974767834588,15.083,map,"nav2_feedback of the target goal (map, AMCL-based estimate)",-4.6355,-1.3515,0.1408,,
1791052974778155078,15.100,map,"nav2_feedback of the target goal (map, AMCL-based estimate)",-4.6223,-1.3496,0.1420,,
1791052974788046030,15.100,map,"nav2_feedback of the target goal (map, AMCL-based estimate)",-4.6223,-1.3496,0.1420,,
1791052974797702643,15.117,map,"nav2_feedback of the target goal (map, AMCL-based estimate)",-4.6091,-1.3477,0.1431,,
1791052974807731382,15.117,map,"nav2_feedback of the target goal (map, AMCL-based estimate)",-4.6091,-1.3477,0.1431,,
1791052974817951227,15.117,map,"nav2_feedback of the target goal (map, AMCL-based estimate)",-4.6091,-1.3477,0.1431,,
1791052974827677833,15.117,map,"nav2_feedback of the target goal (map, AMCL-based estimate)",-4.6091,-1.3477,0.1431,,
1791052974837776664,15.117,map,"nav2_feedback of the target goal (map, AMCL-based estimate)",-4.6091,-1.3477,0.1431,,
1791052974847890572,15.117,map,"nav2_feedback of the target goal (map, AMCL-based estimate)",-4.6091,-1.3477,0.1431,,
1791052974857699750,15.117,map,"nav2_feedback of the target goal (map, AMCL-based estimate)",-4.6091,-1.3477,0.1431,,
1791052974867746762,15.133,map,"nav2_feedback of the target goal (map, AMCL-based estimate)",-4.5959,-1.3458,0.1443,,
1791052974877918680,15.133,map,"nav2_feedback of the target goal (map, AMCL-based estimate)",-4.5959,-1.3458,0.1443,,
1791052974887832297,15.150,map,"nav2_feedback of the target goal (map, AMCL-based estimate)",-4.5827,-1.3438,0.1454,,
1791052974897937120,15.150,map,"nav2_feedback of the target goal (map, AMCL-based estimate)",-4.5827,-1.3438,0.1454,,
1791052974907611106,15.150,map,"nav2_feedback of the target goal (map, AMCL-based estimate)",-4.5827,-1.3438,0.1454,,
1791052974917599907,15.150,map,"nav2_feedback of the target goal (map, AMCL-based estimate)",-4.5827,-1.3438,0.1454,,
1791052974928048699,15.150,map,"nav2_feedback of the target goal (map, AMCL-based estimate)",-4.5827,-1.3438,0.1454,,
1791052974938468436,15.150,map,"nav2_feedback of the target goal (map, AMCL-based estimate)",-4.5827,-1.3438,0.1454,,
1791052974947625420,15.167,map,"nav2_feedback of the target goal (map, AMCL-based estimate)",-4.5695,-1.3419,0.1465,,
1791052974957738529,15.167,map,"nav2_feedback of the target goal (map, AMCL-based estimate)",-4.5695,-1.3419,0.1465,,
1791052974967689988,15.167,map,"nav2_feedback of the target goal (map, AMCL-based estimate)",-4.5695,-1.3419,0.1465,,
1791052974977638950,15.183,map,"nav2_feedback of the target goal (map, AMCL-based estimate)",-4.5563,-1.3399,0.1477,,
1791052974987840423,15.183,map,"nav2_feedback of the target goal (map, AMCL-based estimate)",-4.5563,-1.3399,0.1477,,
1791052974997615055,15.183,map,"nav2_feedback of the target goal (map, AMCL-based estimate)",-4.5563,-1.3399,0.1477,,
1791052975007688625,15.183,map,"nav2_feedback of the target goal (map, AMCL-based estimate)",-4.5563,-1.3399,0.1477,,
1791052975017799039,15.183,map,"nav2_feedback of the target goal (map, AMCL-based estimate)",-4.5563,-1.3399,0.1477,,
1791052975027973753,15.183,map,"nav2_feedback of the target goal (map, AMCL-based estimate)",-4.5563,-1.3399,0.1477,,
1791052975038014275,15.200,map,"nav2_feedback of the target goal (map, AMCL-based estimate)",-4.5431,-1.3379,0.1488,,
1791052975048180103,15.200,map,"nav2_feedback of the target goal (map, AMCL-based estimate)",-4.5431,-1.3379,0.1488,,
1791052975057653399,15.200,map,"nav2_feedback of the target goal (map, AMCL-based estimate)",-4.5431,-1.3379,0.1488,,
1791052975067782484,15.217,map,"nav2_feedback of the target goal (map, AMCL-based estimate)",-4.5245,-1.3332,0.1502,,
1791052975077980163,15.217,map,"nav2_feedback of the target goal (map, AMCL-based estimate)",-4.5245,-1.3332,0.1502,,
1791052975087825784,15.217,map,"nav2_feedback of the target goal (map, AMCL-based estimate)",-4.5245,-1.3332,0.1502,,
1791052975097625377,15.217,map,"nav2_feedback of the target goal (map, AMCL-based estimate)",-4.5245,-1.3332,0.1502,,
1791052975108007772,15.217,map,"nav2_feedback of the target goal (map, AMCL-based estimate)",-4.5245,-1.3332,0.1502,,
1791052975117792787,15.233,map,"nav2_feedback of the target goal (map, AMCL-based estimate)",-4.5059,-1.3284,0.1516,,
1791052975127967901,15.233,map,"nav2_feedback of the target goal (map, AMCL-based estimate)",-4.5059,-1.3284,0.1516,,
1791052975138195733,15.233,map,"nav2_feedback of the target goal (map, AMCL-based estimate)",-4.5059,-1.3284,0.1516,,
1791052975147744912,15.233,map,"nav2_feedback of the target goal (map, AMCL-based estimate)",-4.5059,-1.3284,0.1516,,
1791052975157722131,15.250,map,"nav2_feedback of the target goal (map, AMCL-based estimate)",-4.4874,-1.3236,0.1529,,
1791052975169287402,15.250,map,"nav2_feedback of the target goal (map, AMCL-based estimate)",-4.4874,-1.3236,0.1529,,
1791052975177705225,15.250,map,"nav2_feedback of the target goal (map, AMCL-based estimate)",-4.4874,-1.3236,0.1529,,
1791052975187805454,15.250,map,"nav2_feedback of the target goal (map, AMCL-based estimate)",-4.4874,-1.3236,0.1529,,
1791052975197846874,15.250,map,"nav2_feedback of the target goal (map, AMCL-based estimate)",-4.4874,-1.3236,0.1529,,
1791052975207688902,15.267,map,"nav2_feedback of the target goal (map, AMCL-based estimate)",-4.4688,-1.3187,0.1543,,
1791052975218048631,15.267,map,"nav2_feedback of the target goal (map, AMCL-based estimate)",-4.4688,-1.3187,0.1543,,
1791052975227718923,15.267,map,"nav2_feedback of the target goal (map, AMCL-based estimate)",-4.4688,-1.3187,0.1543,,
1791052975238155833,15.283,map,"nav2_feedback of the target goal (map, AMCL-based estimate)",-4.4503,-1.3139,0.1555,,
1791052975248118475,15.283,map,"nav2_feedback of the target goal (map, AMCL-based estimate)",-4.4503,-1.3139,0.1555,,
1791052975257735349,15.283,map,"nav2_feedback of the target goal (map, AMCL-based estimate)",-4.4503,-1.3139,0.1555,,
1791052975267657553,15.283,map,"nav2_feedback of the target goal (map, AMCL-based estimate)",-4.4503,-1.3139,0.1555,,
1791052975277668220,15.283,map,"nav2_feedback of the target goal (map, AMCL-based estimate)",-4.4503,-1.3139,0.1555,,
1791052975287785923,15.300,map,"nav2_feedback of the target goal (map, AMCL-based estimate)",-4.4317,-1.3090,0.1568,,
1791052975297720208,15.300,map,"nav2_feedback of the target goal (map, AMCL-based estimate)",-4.4317,-1.3090,0.1568,,
1791052975307617550,15.300,map,"nav2_feedback of the target goal (map, AMCL-based estimate)",-4.4317,-1.3090,0.1568,,
1791052975317727664,15.317,map,"nav2_feedback of the target goal (map, AMCL-based estimate)",-4.4185,-1.3069,0.1576,,
1791052975327827794,15.317,map,"nav2_feedback of the target goal (map, AMCL-based estimate)",-4.4185,-1.3069,0.1576,,
1791052975338012792,15.317,map,"nav2_feedback of the target goal (map, AMCL-based estimate)",-4.4185,-1.3069,0.1576,,
1791052975347701556,15.317,map,"nav2_feedback of the target goal (map, AMCL-based estimate)",-4.4185,-1.3069,0.1576,,
1791052975359982723,15.317,map,"nav2_feedback of the target goal (map, AMCL-based estimate)",-4.4185,-1.3069,0.1576,,
1791052975367878451,15.317,map,"nav2_feedback of the target goal (map, AMCL-based estimate)",-4.4185,-1.3069,0.1576,,
1791052975377620832,15.333,map,"nav2_feedback of the target goal (map, AMCL-based estimate)",-4.4053,-1.3048,0.1584,,
1791052975387844970,15.333,map,"nav2_feedback of the target goal (map, AMCL-based estimate)",-4.4053,-1.3048,0.1584,,
1791052975397633081,15.333,map,"nav2_feedback of the target goal (map, AMCL-based estimate)",-4.4053,-1.3048,0.1584,,
1791052975407692473,15.350,map,"nav2_feedback of the target goal (map, AMCL-based estimate)",-4.3922,-1.3027,0.1591,,
1791052975417669093,15.350,map,"nav2_feedback of the target goal (map, AMCL-based estimate)",-4.3922,-1.3027,0.1591,,
1791052975428099813,15.350,map,"nav2_feedback of the target goal (map, AMCL-based estimate)",-4.3922,-1.3027,0.1591,,
1791052975437711196,15.350,map,"nav2_feedback of the target goal (map, AMCL-based estimate)",-4.3922,-1.3027,0.1591,,
1791052975447636794,15.350,map,"nav2_feedback of the target goal (map, AMCL-based estimate)",-4.3922,-1.3027,0.1591,,
1791052975457841662,15.350,map,"nav2_feedback of the target goal (map, AMCL-based estimate)",-4.3922,-1.3027,0.1591,,
1791052975467675003,15.367,map,"nav2_feedback of the target goal (map, AMCL-based estimate)",-4.3790,-1.3006,0.1599,,
1791052975477850616,15.367,map,"nav2_feedback of the target goal (map, AMCL-based estimate)",-4.3790,-1.3006,0.1599,,
1791052975487918895,15.367,map,"nav2_feedback of the target goal (map, AMCL-based estimate)",-4.3790,-1.3006,0.1599,,
1791052975497738856,15.383,map,"nav2_feedback of the target goal (map, AMCL-based estimate)",-4.3658,-1.2984,0.1606,,
1791052975507665653,15.383,map,"nav2_feedback of the target goal (map, AMCL-based estimate)",-4.3658,-1.2984,0.1606,,
1791052975517654754,15.383,map,"nav2_feedback of the target goal (map, AMCL-based estimate)",-4.3658,-1.2984,0.1606,,
1791052975527929214,15.383,map,"nav2_feedback of the target goal (map, AMCL-based estimate)",-4.3658,-1.2984,0.1606,,
1791052975537906433,15.383,map,"nav2_feedback of the target goal (map, AMCL-based estimate)",-4.3658,-1.2984,0.1606,,
1791052975547580220,15.400,map,"nav2_feedback of the target goal (map, AMCL-based estimate)",-4.3526,-1.2963,0.1612,,
1791052975557892922,15.400,map,"nav2_feedback of the target goal (map, AMCL-based estimate)",-4.3526,-1.2963,0.1612,,
1791052975567883820,15.400,map,"nav2_feedback of the target goal (map, AMCL-based estimate)",-4.3526,-1.2963,0.1612,,
1791052975577714864,15.417,map,"nav2_feedback of the target goal (map, AMCL-based estimate)",-4.3394,-1.2941,0.1615,,
1791052975587886683,15.417,map,"nav2_feedback of the target goal (map, AMCL-based estimate)",-4.3394,-1.2941,0.1615,,
1791052975597682082,15.417,map,"nav2_feedback of the target goal (map, AMCL-based estimate)",-4.3394,-1.2941,0.1615,,
1791052975607960537,15.417,map,"nav2_feedback of the target goal (map, AMCL-based estimate)",-4.3394,-1.2941,0.1615,,
1791052975618077840,15.417,map,"nav2_feedback of the target goal (map, AMCL-based estimate)",-4.3394,-1.2941,0.1615,,
1791052975627743339,15.433,map,"nav2_feedback of the target goal (map, AMCL-based estimate)",-4.3263,-1.2920,0.1615,,
1791052975638394819,15.433,map,"nav2_feedback of the target goal (map, AMCL-based estimate)",-4.3263,-1.2920,0.1615,,
1791052975647827577,15.433,map,"nav2_feedback of the target goal (map, AMCL-based estimate)",-4.3263,-1.2920,0.1615,,
1791052975657748283,15.450,map,"nav2_feedback of the target goal (map, AMCL-based estimate)",-4.3131,-1.2899,0.1612,,
1791052975667525111,15.450,map,"nav2_feedback of the target goal (map, AMCL-based estimate)",-4.3131,-1.2899,0.1612,,
1791052975677711208,15.450,map,"nav2_feedback of the target goal (map, AMCL-based estimate)",-4.3131,-1.2899,0.1612,,
1791052975687756722,15.450,map,"nav2_feedback of the target goal (map, AMCL-based estimate)",-4.3131,-1.2899,0.1612,,
1791052975697616322,15.450,map,"nav2_feedback of the target goal (map, AMCL-based estimate)",-4.3131,-1.2899,0.1612,,
1791052975707724739,15.450,map,"nav2_feedback of the target goal (map, AMCL-based estimate)",-4.3131,-1.2899,0.1612,,
1791052975717896757,15.467,map,"nav2_feedback of the target goal (map, AMCL-based estimate)",-4.2999,-1.2877,0.1606,,
1791052975727983707,15.467,map,"nav2_feedback of the target goal (map, AMCL-based estimate)",-4.2999,-1.2877,0.1606,,
1791052975737935066,15.467,map,"nav2_feedback of the target goal (map, AMCL-based estimate)",-4.2999,-1.2877,0.1606,,
1791052975747812139,15.483,map,"nav2_feedback of the target goal (map, AMCL-based estimate)",-4.2867,-1.2856,0.1599,,
1791052975757742131,15.483,map,"nav2_feedback of the target goal (map, AMCL-based estimate)",-4.2867,-1.2856,0.1599,,
1791052975767574174,15.483,map,"nav2_feedback of the target goal (map, AMCL-based estimate)",-4.2867,-1.2856,0.1599,,
1791052975777654833,15.483,map,"nav2_feedback of the target goal (map, AMCL-based estimate)",-4.2867,-1.2856,0.1599,,
1791052975788739246,15.483,map,"nav2_feedback of the target goal (map, AMCL-based estimate)",-4.2867,-1.2856,0.1599,,
1791052975797684955,15.483,map,"nav2_feedback of the target goal (map, AMCL-based estimate)",-4.2867,-1.2856,0.1599,,
1791052975807858870,15.500,map,"nav2_feedback of the target goal (map, AMCL-based estimate)",-4.2736,-1.2835,0.1590,,
1791052975817683125,15.500,map,"nav2_feedback of the target goal (map, AMCL-based estimate)",-4.2736,-1.2835,0.1590,,
1791052975827965374,15.517,map,"nav2_feedback of the target goal (map, AMCL-based estimate)",-4.2604,-1.2814,0.1580,,
1791052975838087669,15.517,map,"nav2_feedback of the target goal (map, AMCL-based estimate)",-4.2604,-1.2814,0.1580,,
1791052975847577839,15.517,map,"nav2_feedback of the target goal (map, AMCL-based estimate)",-4.2604,-1.2814,0.1580,,
1791052975857744466,15.517,map,"nav2_feedback of the target goal (map, AMCL-based estimate)",-4.2604,-1.2814,0.1580,,
1791052975868302190,15.517,map,"nav2_feedback of the target goal (map, AMCL-based estimate)",-4.2604,-1.2814,0.1580,,
1791052975878094894,15.517,map,"nav2_feedback of the target goal (map, AMCL-based estimate)",-4.2604,-1.2814,0.1580,,
1791052975888681473,15.517,map,"nav2_feedback of the target goal (map, AMCL-based estimate)",-4.2604,-1.2814,0.1580,,
1791052975897734816,15.533,map,"nav2_feedback of the target goal (map, AMCL-based estimate)",-4.2472,-1.2793,0.1568,,
1791052975907708840,15.533,map,"nav2_feedback of the target goal (map, AMCL-based estimate)",-4.2472,-1.2793,0.1568,,
1791052975917726397,15.533,map,"nav2_feedback of the target goal (map, AMCL-based estimate)",-4.2472,-1.2793,0.1568,,
1791052975927690436,15.550,map,"nav2_feedback of the target goal (map, AMCL-based estimate)",-4.2340,-1.2772,0.1554,,
1791052975937939836,15.550,map,"nav2_feedback of the target goal (map, AMCL-based estimate)",-4.2340,-1.2772,0.1554,,
1791052975947592555,15.550,map,"nav2_feedback of the target goal (map, AMCL-based estimate)",-4.2340,-1.2772,0.1554,,
1791052975957627784,15.550,map,"nav2_feedback of the target goal (map, AMCL-based estimate)",-4.2340,-1.2772,0.1554,,
1791052975967982921,15.550,map,"nav2_feedback of the target goal (map, AMCL-based estimate)",-4.2340,-1.2772,0.1554,,
1791052975977893942,15.567,map,"nav2_feedback of the target goal (map, AMCL-based estimate)",-4.2208,-1.2752,0.1540,,
1791052975988053180,15.567,map,"nav2_feedback of the target goal (map, AMCL-based estimate)",-4.2208,-1.2752,0.1540,,
1791052975997615139,15.567,map,"nav2_feedback of the target goal (map, AMCL-based estimate)",-4.2208,-1.2752,0.1540,,
1791052976007613925,15.583,map,"nav2_feedback of the target goal (map, AMCL-based estimate)",-4.2076,-1.2731,0.1524,,
1791052976019620715,15.583,map,"nav2_feedback of the target goal (map, AMCL-based estimate)",-4.2076,-1.2731,0.1524,,
1791052976027868999,15.583,map,"nav2_feedback of the target goal (map, AMCL-based estimate)",-4.2076,-1.2731,0.1524,,
1791052976037844022,15.583,map,"nav2_feedback of the target goal (map, AMCL-based estimate)",-4.2076,-1.2731,0.1524,,
1791052976047666779,15.583,map,"nav2_feedback of the target goal (map, AMCL-based estimate)",-4.2076,-1.2731,0.1524,,
1791052976057884427,15.583,map,"nav2_feedback of the target goal (map, AMCL-based estimate)",-4.2076,-1.2731,0.1524,,
1791052976067715172,15.600,map,"nav2_feedback of the target goal (map, AMCL-based estimate)",-4.1944,-1.2711,0.1506,,
1791052976077609219,15.600,map,"nav2_feedback of the target goal (map, AMCL-based estimate)",-4.1944,-1.2711,0.1506,,
1791052976087962658,15.600,map,"nav2_feedback of the target goal (map, AMCL-based estimate)",-4.1944,-1.2711,0.1506,,
1791052976097913717,15.617,map,"nav2_feedback of the target goal (map, AMCL-based estimate)",-4.1812,-1.2691,0.1485,,
1791052976107618756,15.617,map,"nav2_feedback of the target goal (map, AMCL-based estimate)",-4.1812,-1.2691,0.1485,,
1791052976117803056,15.617,map,"nav2_feedback of the target goal (map, AMCL-based estimate)",-4.1812,-1.2691,0.1485,,
1791052976127812026,15.617,map,"nav2_feedback of the target goal (map, AMCL-based estimate)",-4.1812,-1.2691,0.1485,,
1791052976138491263,15.617,map,"nav2_feedback of the target goal (map, AMCL-based estimate)",-4.1812,-1.2691,0.1485,,
1791052976147757078,15.617,map,"nav2_feedback of the target goal (map, AMCL-based estimate)",-4.1812,-1.2691,0.1485,,
1791052976157714927,15.633,map,"nav2_feedback of the target goal (map, AMCL-based estimate)",-4.1679,-1.2672,0.1460,,
1791052976167872268,15.633,map,"nav2_feedback of the target goal (map, AMCL-based estimate)",-4.1679,-1.2672,0.1460,,
1791052976177862467,15.633,map,"nav2_feedback of the target goal (map, AMCL-based estimate)",-4.1679,-1.2672,0.1460,,
1791052976187968188,15.650,map,"nav2_feedback of the target goal (map, AMCL-based estimate)",-4.1547,-1.2653,0.1431,,
1791052976197841567,15.650,map,"nav2_feedback of the target goal (map, AMCL-based estimate)",-4.1547,-1.2653,0.1431,,
1791052976207885084,15.650,map,"nav2_feedback of the target goal (map, AMCL-based estimate)",-4.1547,-1.2653,0.1431,,
1791052976217955359,15.650,map,"nav2_feedback of the target goal (map, AMCL-based estimate)",-4.1547,-1.2653,0.1431,,
1791052976227832233,15.650,map,"nav2_feedback of the target goal (map, AMCL-based estimate)",-4.1547,-1.2653,0.1431,,
1791052976238100104,15.667,map,"nav2_feedback of the target goal (map, AMCL-based estimate)",-4.1415,-1.2634,0.1400,,
1791052976247919366,15.667,map,"nav2_feedback of the target goal (map, AMCL-based estimate)",-4.1415,-1.2634,0.1400,,
1791052976257818506,15.667,map,"nav2_feedback of the target goal (map, AMCL-based estimate)",-4.1415,-1.2634,0.1400,,
1791052976267761777,15.683,map,"nav2_feedback of the target goal (map, AMCL-based estimate)",-4.1282,-1.2616,0.1367,,
1791052976277771646,15.683,map,"nav2_feedback of the target goal (map, AMCL-based estimate)",-4.1282,-1.2616,0.1367,,
1791052976288661957,15.683,map,"nav2_feedback of the target goal (map, AMCL-based estimate)",-4.1282,-1.2616,0.1367,,
1791052976297572920,15.683,map,"nav2_feedback of the target goal (map, AMCL-based estimate)",-4.1282,-1.2616,0.1367,,
1791052976307716382,15.683,map,"nav2_feedback of the target goal (map, AMCL-based estimate)",-4.1282,-1.2616,0.1367,,
1791052976318221388,15.683,map,"nav2_feedback of the target goal (map, AMCL-based estimate)",-4.1282,-1.2616,0.1367,,
1791052976327742011,15.700,map,"nav2_feedback of the target goal (map, AMCL-based estimate)",-4.1150,-1.2598,0.1332,,
1791052976337834252,15.700,map,"nav2_feedback of the target goal (map, AMCL-based estimate)",-4.1150,-1.2598,0.1332,,
1791052976347692155,15.717,map,"nav2_feedback of the target goal (map, AMCL-based estimate)",-4.1017,-1.2581,0.1296,,
1791052976357690442,15.717,map,"nav2_feedback of the target goal (map, AMCL-based estimate)",-4.1017,-1.2581,0.1296,,
1791052976368028405,15.717,map,"nav2_feedback of the target goal (map, AMCL-based estimate)",-4.1017,-1.2581,0.1296,,
1791052976377680125,15.717,map,"nav2_feedback of the target goal (map, AMCL-based estimate)",-4.1017,-1.2581,0.1296,,
1791052976388171651,15.717,map,"nav2_feedback of the target goal (map, AMCL-based estimate)",-4.1017,-1.2581,0.1296,,
1791052976397813687,15.717,map,"nav2_feedback of the target goal (map, AMCL-based estimate)",-4.1017,-1.2581,0.1296,,
1791052976407786113,15.733,map,"nav2_feedback of the target goal (map, AMCL-based estimate)",-4.0885,-1.2564,0.1257,,
1791052976417674769,15.733,map,"nav2_feedback of the target goal (map, AMCL-based estimate)",-4.0885,-1.2564,0.1257,,
1791052976427817033,15.733,map,"nav2_feedback of the target goal (map, AMCL-based estimate)",-4.0885,-1.2564,0.1257,,
1791052976438083906,15.750,map,"nav2_feedback of the target goal (map, AMCL-based estimate)",-4.0752,-1.2548,0.1217,,
1791052976447874213,15.750,map,"nav2_feedback of the target goal (map, AMCL-based estimate)",-4.0752,-1.2548,0.1217,,
1791052976457591633,15.750,map,"nav2_feedback of the target goal (map, AMCL-based estimate)",-4.0752,-1.2548,0.1217,,
1791052976467582630,15.750,map,"nav2_feedback of the target goal (map, AMCL-based estimate)",-4.0752,-1.2548,0.1217,,
1791052976479181250,15.750,map,"nav2_feedback of the target goal (map, AMCL-based estimate)",-4.0752,-1.2548,0.1217,,
1791052976488064156,15.767,map,"nav2_feedback of the target goal (map, AMCL-based estimate)",-4.0619,-1.2532,0.1175,,
1791052976497815223,15.767,map,"nav2_feedback of the target goal (map, AMCL-based estimate)",-4.0619,-1.2532,0.1175,,
1791052976507532443,15.767,map,"nav2_feedback of the target goal (map, AMCL-based estimate)",-4.0619,-1.2532,0.1175,,
1791052976518071296,15.767,map,"nav2_feedback of the target goal (map, AMCL-based estimate)",-4.0619,-1.2532,0.1175,,
1791052976527750874,15.783,map,"nav2_feedback of the target goal (map, AMCL-based estimate)",-4.0486,-1.2517,0.1131,,
1791052976537936372,15.783,map,"nav2_feedback of the target goal (map, AMCL-based estimate)",-4.0486,-1.2517,0.1131,,
1791052976547815043,15.783,map,"nav2_feedback of the target goal (map, AMCL-based estimate)",-4.0486,-1.2517,0.1131,,
1791052976557703299,15.783,map,"nav2_feedback of the target goal (map, AMCL-based estimate)",-4.0486,-1.2517,0.1131,,
1791052976567527354,15.783,map,"nav2_feedback of the target goal (map, AMCL-based estimate)",-4.0486,-1.2517,0.1131,,
1791052976577886185,15.800,map,"nav2_feedback of the target goal (map, AMCL-based estimate)",-4.0353,-1.2502,0.1087,,
1791052976588753631,15.800,map,"nav2_feedback of the target goal (map, AMCL-based estimate)",-4.0353,-1.2502,0.1087,,
1791052976598087142,15.800,map,"nav2_feedback of the target goal (map, AMCL-based estimate)",-4.0353,-1.2502,0.1087,,
1791052976607675062,15.817,map,"nav2_feedback of the target goal (map, AMCL-based estimate)",-4.0222,-1.2489,0.1044,,
1791052976617506605,15.817,map,"nav2_feedback of the target goal (map, AMCL-based estimate)",-4.0222,-1.2489,0.1044,,
1791052976627914660,15.817,map,"nav2_feedback of the target goal (map, AMCL-based estimate)",-4.0222,-1.2489,0.1044,,
1791052976638126118,15.817,map,"nav2_feedback of the target goal (map, AMCL-based estimate)",-4.0222,-1.2489,0.1044,,
1791052976648710101,15.817,map,"nav2_feedback of the target goal (map, AMCL-based estimate)",-4.0222,-1.2489,0.1044,,
1791052976659345805,15.817,map,"nav2_feedback of the target goal (map, AMCL-based estimate)",-4.0222,-1.2489,0.1044,,
1791052976667996369,15.833,map,"nav2_feedback of the target goal (map, AMCL-based estimate)",-4.0091,-1.2476,0.1000,,
1791052976678092904,15.833,map,"nav2_feedback of the target goal (map, AMCL-based estimate)",-4.0091,-1.2476,0.1000,,
1791052976688107266,15.850,map,"nav2_feedback of the target goal (map, AMCL-based estimate)",-3.9959,-1.2463,0.0955,,
1791052976697625293,15.850,map,"nav2_feedback of the target goal (map, AMCL-based estimate)",-3.9959,-1.2463,0.0955,,
1791052976707767158,15.850,map,"nav2_feedback of the target goal (map, AMCL-based estimate)",-3.9959,-1.2463,0.0955,,
1791052976717657511,15.850,map,"nav2_feedback of the target goal (map, AMCL-based estimate)",-3.9959,-1.2463,0.0955,,
1791052976728205151,15.850,map,"nav2_feedback of the target goal (map, AMCL-based estimate)",-3.9959,-1.2463,0.0955,,
1791052976738548106,15.850,map,"nav2_feedback of the target goal (map, AMCL-based estimate)",-3.9959,-1.2463,0.0955,,
1791052976747820911,15.867,map,"nav2_feedback of the target goal (map, AMCL-based estimate)",-3.9827,-1.2451,0.0908,,
1791052976757884696,15.867,map,"nav2_feedback of the target goal (map, AMCL-based estimate)",-3.9827,-1.2451,0.0908,,
1791052976767938697,15.867,map,"nav2_feedback of the target goal (map, AMCL-based estimate)",-3.9827,-1.2451,0.0908,,
1791052976777891453,15.883,map,"nav2_feedback of the target goal (map, AMCL-based estimate)",-3.9694,-1.2439,0.0861,,
1791052976787647014,15.883,map,"nav2_feedback of the target goal (map, AMCL-based estimate)",-3.9694,-1.2439,0.0861,,
1791052976798087020,15.883,map,"nav2_feedback of the target goal (map, AMCL-based estimate)",-3.9694,-1.2439,0.0861,,
1791052976807519279,15.883,map,"nav2_feedback of the target goal (map, AMCL-based estimate)",-3.9694,-1.2439,0.0861,,
1791052976817877211,15.883,map,"nav2_feedback of the target goal (map, AMCL-based estimate)",-3.9694,-1.2439,0.0861,,
1791052976827853831,15.900,map,"nav2_feedback of the target goal (map, AMCL-based estimate)",-3.9561,-1.2429,0.0813,,
1791052976837793208,15.900,map,"nav2_feedback of the target goal (map, AMCL-based estimate)",-3.9561,-1.2429,0.0813,,
1791052976848235710,15.900,map,"nav2_feedback of the target goal (map, AMCL-based estimate)",-3.9561,-1.2429,0.0813,,
1791052976857758629,15.917,map,"nav2_feedback of the target goal (map, AMCL-based estimate)",-3.9428,-1.2418,0.0764,,
1791052976867668252,15.917,map,"nav2_feedback of the target goal (map, AMCL-based estimate)",-3.9428,-1.2418,0.0764,,
1791052976877489711,15.917,map,"nav2_feedback of the target goal (map, AMCL-based estimate)",-3.9428,-1.2418,0.0764,,
1791052976888101752,15.917,map,"nav2_feedback of the target goal (map, AMCL-based estimate)",-3.9428,-1.2418,0.0764,,
1791052976897617282,15.917,map,"nav2_feedback of the target goal (map, AMCL-based estimate)",-3.9428,-1.2418,0.0764,,
1791052976908070867,15.917,map,"nav2_feedback of the target goal (map, AMCL-based estimate)",-3.9428,-1.2418,0.0764,,
1791052976919044450,15.933,map,"nav2_feedback of the target goal (map, AMCL-based estimate)",-3.9295,-1.2409,0.0716,,
1791052976927800451,15.933,map,"nav2_feedback of the target goal (map, AMCL-based estimate)",-3.9295,-1.2409,0.0716,,
1791052976937787555,15.933,map,"nav2_feedback of the target goal (map, AMCL-based estimate)",-3.9295,-1.2409,0.0716,,
1791052976947791034,15.950,map,"nav2_feedback of the target goal (map, AMCL-based estimate)",-3.9162,-1.2400,0.0667,,
1791052976957785027,15.950,map,"nav2_feedback of the target goal (map, AMCL-based estimate)",-3.9162,-1.2400,0.0667,,
1791052976967659903,15.950,map,"nav2_feedback of the target goal (map, AMCL-based estimate)",-3.9162,-1.2400,0.0667,,
1791052976977563636,15.950,map,"nav2_feedback of the target goal (map, AMCL-based estimate)",-3.9162,-1.2400,0.0667,,
1791052976987818527,15.950,map,"nav2_feedback of the target goal (map, AMCL-based estimate)",-3.9162,-1.2400,0.0667,,
1791052976997904178,15.950,map,"nav2_feedback of the target goal (map, AMCL-based estimate)",-3.9162,-1.2400,0.0667,,
1791052977007515162,15.967,map,"nav2_feedback of the target goal (map, AMCL-based estimate)",-3.9028,-1.2392,0.0618,,
1791052977017648141,15.967,map,"nav2_feedback of the target goal (map, AMCL-based estimate)",-3.9028,-1.2392,0.0618,,
1791052977028060988,15.967,map,"nav2_feedback of the target goal (map, AMCL-based estimate)",-3.9028,-1.2392,0.0618,,
1791052977037947048,15.983,map,"nav2_feedback of the target goal (map, AMCL-based estimate)",-3.8895,-1.2384,0.0569,,
1791052977047528177,15.983,map,"nav2_feedback of the target goal (map, AMCL-based estimate)",-3.8895,-1.2384,0.0569,,
1791052977057532854,15.983,map,"nav2_feedback of the target goal (map, AMCL-based estimate)",-3.8895,-1.2384,0.0569,,
1791052977067957883,15.983,map,"nav2_feedback of the target goal (map, AMCL-based estimate)",-3.8895,-1.2384,0.0569,,
1791052977077657929,15.983,map,"nav2_feedback of the target goal (map, AMCL-based estimate)",-3.8895,-1.2384,0.0569,,
1791052977087995792,16.000,map,"nav2_feedback of the target goal (map, AMCL-based estimate)",-3.8762,-1.2377,0.0521,,
1791052977097701130,16.000,map,"nav2_feedback of the target goal (map, AMCL-based estimate)",-3.8762,-1.2377,0.0521,,
1791052977107681744,16.017,map,"nav2_feedback of the target goal (map, AMCL-based estimate)",-3.8629,-1.2371,0.0474,,
1791052977117606044,16.017,map,"nav2_feedback of the target goal (map, AMCL-based estimate)",-3.8629,-1.2371,0.0474,,
1791052977127849553,16.017,map,"nav2_feedback of the target goal (map, AMCL-based estimate)",-3.8629,-1.2371,0.0474,,
1791052977137868507,16.017,map,"nav2_feedback of the target goal (map, AMCL-based estimate)",-3.8629,-1.2371,0.0474,,
1791052977147517332,16.017,map,"nav2_feedback of the target goal (map, AMCL-based estimate)",-3.8629,-1.2371,0.0474,,
1791052977157685956,16.017,map,"nav2_feedback of the target goal (map, AMCL-based estimate)",-3.8629,-1.2371,0.0474,,
1791052977167676155,16.017,map,"nav2_feedback of the target goal (map, AMCL-based estimate)",-3.8629,-1.2371,0.0474,,
1791052977177801646,16.033,map,"nav2_feedback of the target goal (map, AMCL-based estimate)",-3.8496,-1.2365,0.0427,,
1791052977187771276,16.033,map,"nav2_feedback of the target goal (map, AMCL-based estimate)",-3.8496,-1.2365,0.0427,,
1791052977197998111,16.050,map,"nav2_feedback of the target goal (map, AMCL-based estimate)",-3.8363,-1.2360,0.0379,,
1791052977208001389,16.050,map,"nav2_feedback of the target goal (map, AMCL-based estimate)",-3.8363,-1.2360,0.0379,,
1791052977217615268,16.050,map,"nav2_feedback of the target goal (map, AMCL-based estimate)",-3.8363,-1.2360,0.0379,,
1791052977227819837,16.050,map,"nav2_feedback of the target goal (map, AMCL-based estimate)",-3.8363,-1.2360,0.0379,,
1791052977237867447,16.050,map,"nav2_feedback of the target goal (map, AMCL-based estimate)",-3.8363,-1.2360,0.0379,,
1791052977247734436,16.050,map,"nav2_feedback of the target goal (map, AMCL-based estimate)",-3.8363,-1.2360,0.0379,,
1791052977257877599,16.067,map,"nav2_feedback of the target goal (map, AMCL-based estimate)",-3.8230,-1.2356,0.0332,,
1791052977267665610,16.067,map,"nav2_feedback of the target goal (map, AMCL-based estimate)",-3.8230,-1.2356,0.0332,,
1791052977277695747,16.067,map,"nav2_feedback of the target goal (map, AMCL-based estimate)",-3.8230,-1.2356,0.0332,,
1791052977288015039,16.083,map,"nav2_feedback of the target goal (map, AMCL-based estimate)",-3.8097,-1.2352,0.0285,,
1791052977297628918,16.083,map,"nav2_feedback of the target goal (map, AMCL-based estimate)",-3.8097,-1.2352,0.0285,,
1791052977309267875,16.083,map,"nav2_feedback of the target goal (map, AMCL-based estimate)",-3.8097,-1.2352,0.0285,,
1791052977318095966,16.083,map,"nav2_feedback of the target goal (map, AMCL-based estimate)",-3.8097,-1.2352,0.0285,,
1791052977328025159,16.083,map,"nav2_feedback of the target goal (map, AMCL-based estimate)",-3.8097,-1.2352,0.0285,,
1791052977338281647,16.083,map,"nav2_feedback of the target goal (map, AMCL-based estimate)",-3.8097,-1.2352,0.0285,,
1791052977347723991,16.100,map,"nav2_feedback of the target goal (map, AMCL-based estimate)",-3.7963,-1.2349,0.0238,,
1791052977357727469,16.100,map,"nav2_feedback of the target goal (map, AMCL-based estimate)",-3.7963,-1.2349,0.0238,,
1791052977367578083,16.117,map,"nav2_feedback of the target goal (map, AMCL-based estimate)",-3.7830,-1.2347,0.0191,,
1791052977377797030,16.117,map,"nav2_feedback of the target goal (map, AMCL-based estimate)",-3.7830,-1.2347,0.0191,,
1791052977388093357,16.117,map,"nav2_feedback of the target goal (map, AMCL-based estimate)",-3.7830,-1.2347,0.0191,,
1791052977397485378,16.117,map,"nav2_feedback of the target goal (map, AMCL-based estimate)",-3.7830,-1.2347,0.0191,,
1791052977410302918,16.117,map,"nav2_feedback of the target goal (map, AMCL-based estimate)",-3.7830,-1.2347,0.0191,,
1791052977418162701,16.117,map,"nav2_feedback of the target goal (map, AMCL-based estimate)",-3.7830,-1.2347,0.0191,,
1791052977427673739,16.133,map,"nav2_feedback of the target goal (map, AMCL-based estimate)",-3.7699,-1.2345,0.0144,,
1791052977437592947,16.133,map,"nav2_feedback of the target goal (map, AMCL-based estimate)",-3.7699,-1.2345,0.0144,,
1791052977449262557,16.133,map,"nav2_feedback of the target goal (map, AMCL-based estimate)",-3.7699,-1.2345,0.0144,,
1791052977458269372,16.150,map,"nav2_feedback of the target goal (map, AMCL-based estimate)",-3.7568,-1.2343,0.0098,,
1791052977467555756,16.150,map,"nav2_feedback of the target goal (map, AMCL-based estimate)",-3.7568,-1.2343,0.0098,,
1791052977477532077,16.150,map,"nav2_feedback of the target goal (map, AMCL-based estimate)",-3.7568,-1.2343,0.0098,,
1791052977487849172,16.150,map,"nav2_feedback of the target goal (map, AMCL-based estimate)",-3.7568,-1.2343,0.0098,,
1791052977497838372,16.150,map,"nav2_feedback of the target goal (map, AMCL-based estimate)",-3.7568,-1.2343,0.0098,,
1791052977507831966,16.150,map,"nav2_feedback of the target goal (map, AMCL-based estimate)",-3.7568,-1.2343,0.0098,,
1791052977519208328,16.167,map,"nav2_feedback of the target goal (map, AMCL-based estimate)",-3.7436,-1.2343,0.0051,,
1791052977528023239,16.167,map,"nav2_feedback of the target goal (map, AMCL-based estimate)",-3.7436,-1.2343,0.0051,,
1791052977538248475,16.167,map,"nav2_feedback of the target goal (map, AMCL-based estimate)",-3.7436,-1.2343,0.0051,,
1791052977547884021,16.183,map,"nav2_feedback of the target goal (map, AMCL-based estimate)",-3.7303,-1.2343,0.0005,,
1791052977557854650,16.183,map,"nav2_feedback of the target goal (map, AMCL-based estimate)",-3.7303,-1.2343,0.0005,,
1791052977567656040,16.183,map,"nav2_feedback of the target goal (map, AMCL-based estimate)",-3.7303,-1.2343,0.0005,,
1791052977577605802,16.183,map,"nav2_feedback of the target goal (map, AMCL-based estimate)",-3.7303,-1.2343,0.0005,,
1791052977588422426,16.183,map,"nav2_feedback of the target goal (map, AMCL-based estimate)",-3.7303,-1.2343,0.0005,,
1791052977598033710,16.183,map,"nav2_feedback of the target goal (map, AMCL-based estimate)",-3.7303,-1.2343,0.0005,,
1791052977607914777,16.200,map,"nav2_feedback of the target goal (map, AMCL-based estimate)",-3.7169,-1.2343,-0.0041,,
1791052977617619116,16.200,map,"nav2_feedback of the target goal (map, AMCL-based estimate)",-3.7169,-1.2343,-0.0041,,
1791052977627964568,16.217,map,"nav2_feedback of the target goal (map, AMCL-based estimate)",-3.7036,-1.2344,-0.0084,,
1791052977637689476,16.217,map,"nav2_feedback of the target goal (map, AMCL-based estimate)",-3.7036,-1.2344,-0.0084,,
1791052977647544283,16.217,map,"nav2_feedback of the target goal (map, AMCL-based estimate)",-3.7036,-1.2344,-0.0084,,
1791052977657822938,16.217,map,"nav2_feedback of the target goal (map, AMCL-based estimate)",-3.7036,-1.2344,-0.0084,,
1791052977667990463,16.217,map,"nav2_feedback of the target goal (map, AMCL-based estimate)",-3.7036,-1.2344,-0.0084,,
1791052977677942321,16.217,map,"nav2_feedback of the target goal (map, AMCL-based estimate)",-3.7036,-1.2344,-0.0084,,
1791052977688894837,16.233,map,"nav2_feedback of the target goal (map, AMCL-based estimate)",-3.6903,-1.2346,-0.0127,,
1791052977697568765,16.233,map,"nav2_feedback of the target goal (map, AMCL-based estimate)",-3.6903,-1.2346,-0.0127,,
1791052977708018955,16.250,map,"nav2_feedback of the target goal (map, AMCL-based estimate)",-3.6770,-1.2348,-0.0169,,
1791052977717692142,16.250,map,"nav2_feedback of the target goal (map, AMCL-based estimate)",-3.6770,-1.2348,-0.0169,,
1791052977728224605,16.250,map,"nav2_feedback of the target goal (map, AMCL-based estimate)",-3.6770,-1.2348,-0.0169,,
1791052977737698900,16.250,map,"nav2_feedback of the target goal (map, AMCL-based estimate)",-3.6770,-1.2348,-0.0169,,
1791052977747606226,16.250,map,"nav2_feedback of the target goal (map, AMCL-based estimate)",-3.6770,-1.2348,-0.0169,,
1791052977758319910,16.250,map,"nav2_feedback of the target goal (map, AMCL-based estimate)",-3.6770,-1.2348,-0.0169,,
1791052977767752768,16.267,map,"nav2_feedback of the target goal (map, AMCL-based estimate)",-3.6637,-1.2351,-0.0210,,
1791052977777733681,16.267,map,"nav2_feedback of the target goal (map, AMCL-based estimate)",-3.6637,-1.2351,-0.0210,,
1791052977787751937,16.267,map,"nav2_feedback of the target goal (map, AMCL-based estimate)",-3.6637,-1.2351,-0.0210,,
1791052977797771191,16.267,map,"nav2_feedback of the target goal (map, AMCL-based estimate)",-3.6637,-1.2351,-0.0210,,
1791052977807675023,16.283,map,"nav2_feedback of the target goal (map, AMCL-based estimate)",-3.6504,-1.2355,-0.0251,,
1791052977817729224,16.283,map,"nav2_feedback of the target goal (map, AMCL-based estimate)",-3.6504,-1.2355,-0.0251,,
1791052977827821465,16.283,map,"nav2_feedback of the target goal (map, AMCL-based estimate)",-3.6504,-1.2355,-0.0251,,
1791052977837830136,16.283,map,"nav2_feedback of the target goal (map, AMCL-based estimate)",-3.6504,-1.2355,-0.0251,,
1791052977848175188,16.283,map,"nav2_feedback of the target goal (map, AMCL-based estimate)",-3.6504,-1.2355,-0.0251,,
1791052977858096393,16.300,map,"nav2_feedback of the target goal (map, AMCL-based estimate)",-3.6371,-1.2359,-0.0290,,
1791052977867933128,16.300,map,"nav2_feedback of the target goal (map, AMCL-based estimate)",-3.6371,-1.2359,-0.0290,,
1791052977877876999,16.317,map,"nav2_feedback of the target goal (map, AMCL-based estimate)",-3.6238,-1.2363,-0.0327,,
1791052977888138779,16.317,map,"nav2_feedback of the target goal (map, AMCL-based estimate)",-3.6238,-1.2363,-0.0327,,
1791052977897787105,16.317,map,"nav2_feedback of the target goal (map, AMCL-based estimate)",-3.6238,-1.2363,-0.0327,,
1791052977907572819,16.317,map,"nav2_feedback of the target goal (map, AMCL-based estimate)",-3.6238,-1.2363,-0.0327,,
1791052977917700906,16.317,map,"nav2_feedback of the target goal (map, AMCL-based estimate)",-3.6238,-1.2363,-0.0327,,
1791052977928095082,16.317,map,"nav2_feedback of the target goal (map, AMCL-based estimate)",-3.6238,-1.2363,-0.0327,,
1791052977937970458,16.317,map,"nav2_feedback of the target goal (map, AMCL-based estimate)",-3.6238,-1.2363,-0.0327,,
1791052977947736702,16.333,map,"nav2_feedback of the target goal (map, AMCL-based estimate)",-3.6105,-1.2368,-0.0362,,
1791052977957717016,16.333,map,"nav2_feedback of the target goal (map, AMCL-based estimate)",-3.6105,-1.2368,-0.0362,,
1791052977967636624,16.333,map,"nav2_feedback of the target goal (map, AMCL-based estimate)",-3.6105,-1.2368,-0.0362,,
1791052977977763213,16.350,map,"nav2_feedback of the target goal (map, AMCL-based estimate)",-3.5972,-1.2373,-0.0399,,
1791052977987739932,16.350,map,"nav2_feedback of the target goal (map, AMCL-based estimate)",-3.5972,-1.2373,-0.0399,,
1791052977997594441,16.350,map,"nav2_feedback of the target goal (map, AMCL-based estimate)",-3.5972,-1.2373,-0.0399,,
1791052978008235037,16.350,map,"nav2_feedback of the target goal (map, AMCL-based estimate)",-3.5972,-1.2373,-0.0399,,
1791052978017828647,16.350,map,"nav2_feedback of the target goal (map, AMCL-based estimate)",-3.5972,-1.2373,-0.0399,,
1791052978027827932,16.367,map,"nav2_feedback of the target goal (map, AMCL-based estimate)",-3.5839,-1.2379,-0.0434,,
1791052978038382062,16.367,map,"nav2_feedback of the target goal (map, AMCL-based estimate)",-3.5839,-1.2379,-0.0434,,
1791052978047876225,16.367,map,"nav2_feedback of the target goal (map, AMCL-based estimate)",-3.5839,-1.2379,-0.0434,,
1791052978057784351,16.383,map,"nav2_feedback of the target goal (map, AMCL-based estimate)",-3.5706,-1.2385,-0.0467,,
1791052978069357609,16.383,map,"nav2_feedback of the target goal (map, AMCL-based estimate)",-3.5706,-1.2385,-0.0467,,
1791052978077779526,16.383,map,"nav2_feedback of the target goal (map, AMCL-based estimate)",-3.5706,-1.2385,-0.0467,,
1791052978087661092,16.383,map,"nav2_feedback of the target goal (map, AMCL-based estimate)",-3.5706,-1.2385,-0.0467,,
1791052978097756330,16.383,map,"nav2_feedback of the target goal (map, AMCL-based estimate)",-3.5706,-1.2385,-0.0467,,
1791052978107995744,16.383,map,"nav2_feedback of the target goal (map, AMCL-based estimate)",-3.5706,-1.2385,-0.0467,,
1791052978117640376,16.400,map,"nav2_feedback of the target goal (map, AMCL-based estimate)",-3.5572,-1.2392,-0.0499,,
1791052978127878393,16.400,map,"nav2_feedback of the target goal (map, AMCL-based estimate)",-3.5572,-1.2392,-0.0499,,
1791052978137830550,16.400,map,"nav2_feedback of the target goal (map, AMCL-based estimate)",-3.5572,-1.2392,-0.0499,,
1791052978148192377,16.417,map,"nav2_feedback of the target goal (map, AMCL-based estimate)",-3.5519,-1.2225,-0.0472,,
1791052978157795073,16.417,map,"nav2_feedback of the target goal (map, AMCL-based estimate)",-3.5519,-1.2225,-0.0472,,
1791052978167510296,16.417,map,"nav2_feedback of the target goal (map, AMCL-based estimate)",-3.5519,-1.2225,-0.0472,,
1791052978178574539,16.417,map,"nav2_feedback of the target goal (map, AMCL-based estimate)",-3.5519,-1.2225,-0.0472,,
1791052978188280177,16.417,map,"nav2_feedback of the target goal (map, AMCL-based estimate)",-3.5519,-1.2225,-0.0472,,
1791052978198001989,16.417,map,"nav2_feedback of the target goal (map, AMCL-based estimate)",-3.5519,-1.2225,-0.0472,,
1791052978208166519,16.433,map,"nav2_feedback of the target goal (map, AMCL-based estimate)",-3.5466,-1.2058,-0.0444,,
1791052978217620245,16.433,map,"nav2_feedback of the target goal (map, AMCL-based estimate)",-3.5466,-1.2058,-0.0444,,
1791052978227762710,16.450,map,"nav2_feedback of the target goal (map, AMCL-based estimate)",-3.5414,-1.1889,-0.0414,,
1791052978237797240,16.450,map,"nav2_feedback of the target goal (map, AMCL-based estimate)",-3.5414,-1.1889,-0.0414,,
1791052978247966164,16.450,map,"nav2_feedback of the target goal (map, AMCL-based estimate)",-3.5414,-1.1889,-0.0414,,
1791052978257727715,16.450,map,"nav2_feedback of the target goal (map, AMCL-based estimate)",-3.5414,-1.1889,-0.0414,,
1791052978268086945,16.450,map,"nav2_feedback of the target goal (map, AMCL-based estimate)",-3.5414,-1.1889,-0.0414,,
1791052978277809457,16.450,map,"nav2_feedback of the target goal (map, AMCL-based estimate)",-3.5414,-1.1889,-0.0414,,
1791052978288205530,16.467,map,"nav2_feedback of the target goal (map, AMCL-based estimate)",-3.5362,-1.1719,-0.0384,,
1791052978298305959,16.467,map,"nav2_feedback of the target goal (map, AMCL-based estimate)",-3.5362,-1.1719,-0.0384,,
1791052978307950691,16.483,map,"nav2_feedback of the target goal (map, AMCL-based estimate)",-3.5312,-1.1548,-0.0353,,
1791052978317940989,16.483,map,"nav2_feedback of the target goal (map, AMCL-based estimate)",-3.5312,-1.1548,-0.0353,,
1791052978327962041,16.483,map,"nav2_feedback of the target goal (map, AMCL-based estimate)",-3.5312,-1.1548,-0.0353,,
1791052978337809759,16.483,map,"nav2_feedback of the target goal (map, AMCL-based estimate)",-3.5312,-1.1548,-0.0353,,
1791052978347809044,16.483,map,"nav2_feedback of the target goal (map, AMCL-based estimate)",-3.5312,-1.1548,-0.0353,,
1791052978357975272,16.483,map,"nav2_feedback of the target goal (map, AMCL-based estimate)",-3.5312,-1.1548,-0.0353,,
1791052978367920440,16.500,map,"nav2_feedback of the target goal (map, AMCL-based estimate)",-3.5262,-1.1376,-0.0321,,
1791052978378464086,16.500,map,"nav2_feedback of the target goal (map, AMCL-based estimate)",-3.5262,-1.1376,-0.0321,,
1791052978388110914,16.500,map,"nav2_feedback of the target goal (map, AMCL-based estimate)",-3.5262,-1.1376,-0.0321,,
1791052978397641622,16.517,map,"nav2_feedback of the target goal (map, AMCL-based estimate)",-3.5129,-1.1380,-0.0346,,
1791052978407674555,16.517,map,"nav2_feedback of the target goal (map, AMCL-based estimate)",-3.5129,-1.1380,-0.0346,,
1791052978417941727,16.517,map,"nav2_feedback of the target goal (map, AMCL-based estimate)",-3.5129,-1.1380,-0.0346,,
1791052978427756097,16.517,map,"nav2_feedback of the target goal (map, AMCL-based estimate)",-3.5129,-1.1380,-0.0346,,
1791052978438513713,16.517,map,"nav2_feedback of the target goal (map, AMCL-based estimate)",-3.5129,-1.1380,-0.0346,,
1791052978447878576,16.517,map,"nav2_feedback of the target goal (map, AMCL-based estimate)",-3.5129,-1.1380,-0.0346,,
1791052978457813061,16.517,map,"nav2_feedback of the target goal (map, AMCL-based estimate)",-3.5129,-1.1380,-0.0346,,
1791052978467885333,16.533,map,"nav2_feedback of the target goal (map, AMCL-based estimate)",-3.4995,-1.1385,-0.0371,,
1791052978477669949,16.533,map,"nav2_feedback of the target goal (map, AMCL-based estimate)",-3.4995,-1.1385,-0.0371,,
1791052978487936821,16.550,map,"nav2_feedback of the target goal (map, AMCL-based estimate)",-3.4862,-1.1390,-0.0395,,
1791052978497712351,16.550,map,"nav2_feedback of the target goal (map, AMCL-based estimate)",-3.4862,-1.1390,-0.0395,,
1791052978507622773,16.550,map,"nav2_feedback of the target goal (map, AMCL-based estimate)",-3.4862,-1.1390,-0.0395,,
1791052978517555660,16.550,map,"nav2_feedback of the target goal (map, AMCL-based estimate)",-3.4862,-1.1390,-0.0395,,
1791052978527987878,16.550,map,"nav2_feedback of the target goal (map, AMCL-based estimate)",-3.4862,-1.1390,-0.0395,,
1791052978537851372,16.550,map,"nav2_feedback of the target goal (map, AMCL-based estimate)",-3.4862,-1.1390,-0.0395,,
1791052978547630996,16.567,map,"nav2_feedback of the target goal (map, AMCL-based estimate)",-3.4729,-1.1396,-0.0418,,
1791052978557799620,16.567,map,"nav2_feedback of the target goal (map, AMCL-based estimate)",-3.4729,-1.1396,-0.0418,,
1791052978567739396,16.567,map,"nav2_feedback of the target goal (map, AMCL-based estimate)",-3.4729,-1.1396,-0.0418,,
1791052978577676777,16.583,map,"nav2_feedback of the target goal (map, AMCL-based estimate)",-3.4598,-1.1402,-0.0440,,
1791052978587718097,16.583,map,"nav2_feedback of the target goal (map, AMCL-based estimate)",-3.4598,-1.1402,-0.0440,,
1791052978597853672,16.583,map,"nav2_feedback of the target goal (map, AMCL-based estimate)",-3.4598,-1.1402,-0.0440,,
1791052978607613126,16.583,map,"nav2_feedback of the target goal (map, AMCL-based estimate)",-3.4598,-1.1402,-0.0440,,
1791052978617701374,16.583,map,"nav2_feedback of the target goal (map, AMCL-based estimate)",-3.4598,-1.1402,-0.0440,,
1791052978627822671,16.600,map,"nav2_feedback of the target goal (map, AMCL-based estimate)",-3.4467,-1.1408,-0.0461,,
1791052978637951257,16.600,map,"nav2_feedback of the target goal (map, AMCL-based estimate)",-3.4467,-1.1408,-0.0461,,
1791052978647689145,16.600,map,"nav2_feedback of the target goal (map, AMCL-based estimate)",-3.4467,-1.1408,-0.0461,,
1791052978659608969,16.617,map,"nav2_feedback of the target goal (map, AMCL-based estimate)",-3.4334,-1.1414,-0.0479,,
1791052978667978866,16.617,map,"nav2_feedback of the target goal (map, AMCL-based estimate)",-3.4334,-1.1414,-0.0479,,
1791052978677635379,16.617,map,"nav2_feedback of the target goal (map, AMCL-based estimate)",-3.4334,-1.1414,-0.0479,,
1791052978687946983,16.617,map,"nav2_feedback of the target goal (map, AMCL-based estimate)",-3.4334,-1.1414,-0.0479,,
1791052978698122096,16.617,map,"nav2_feedback of the target goal (map, AMCL-based estimate)",-3.4334,-1.1414,-0.0479,,
1791052978707479171,16.617,map,"nav2_feedback of the target goal (map, AMCL-based estimate)",-3.4334,-1.1414,-0.0479,,
1791052978717541359,16.633,map,"nav2_feedback of the target goal (map, AMCL-based estimate)",-3.4201,-1.1421,-0.0495,,
1791052978727628110,16.633,map,"nav2_feedback of the target goal (map, AMCL-based estimate)",-3.4201,-1.1421,-0.0495,,
1791052978737815505,16.633,map,"nav2_feedback of the target goal (map, AMCL-based estimate)",-3.4201,-1.1421,-0.0495,,
1791052978747849935,16.650,map,"nav2_feedback of the target goal (map, AMCL-based estimate)",-3.4068,-1.1428,-0.0511,,
1791052978757824858,16.650,map,"nav2_feedback of the target goal (map, AMCL-based estimate)",-3.4068,-1.1428,-0.0511,,
1791052978769024492,16.650,map,"nav2_feedback of the target goal (map, AMCL-based estimate)",-3.4068,-1.1428,-0.0511,,
1791052978777585994,16.650,map,"nav2_feedback of the target goal (map, AMCL-based estimate)",-3.4068,-1.1428,-0.0511,,
1791052978788487787,16.650,map,"nav2_feedback of the target goal (map, AMCL-based estimate)",-3.4068,-1.1428,-0.0511,,
1791052978797874616,16.667,map,"nav2_feedback of the target goal (map, AMCL-based estimate)",-3.3935,-1.1435,-0.0525,,
1791052978807658533,16.667,map,"nav2_feedback of the target goal (map, AMCL-based estimate)",-3.3935,-1.1435,-0.0525,,
1791052978817980122,16.667,map,"nav2_feedback of the target goal (map, AMCL-based estimate)",-3.3935,-1.1435,-0.0525,,
1791052978827822448,16.683,map,"nav2_feedback of the target goal (map, AMCL-based estimate)",-3.3804,-1.1442,-0.0537,,
1791052978837882240,16.683,map,"nav2_feedback of the target goal (map, AMCL-based estimate)",-3.3804,-1.1442,-0.0537,,
1791052978847639997,16.683,map,"nav2_feedback of the target goal (map, AMCL-based estimate)",-3.3804,-1.1442,-0.0537,,
1791052978857846663,16.683,map,"nav2_feedback of the target goal (map, AMCL-based estimate)",-3.3804,-1.1442,-0.0537,,
1791052978867620595,16.683,map,"nav2_feedback of the target goal (map, AMCL-based estimate)",-3.3804,-1.1442,-0.0537,,
1791052978877693267,16.700,map,"nav2_feedback of the target goal (map, AMCL-based estimate)",-3.3673,-1.1449,-0.0546,,
1791052978888098526,16.700,map,"nav2_feedback of the target goal (map, AMCL-based estimate)",-3.3673,-1.1449,-0.0546,,
1791052978897583104,16.700,map,"nav2_feedback of the target goal (map, AMCL-based estimate)",-3.3673,-1.1449,-0.0546,,
1791052978909648404,16.717,map,"nav2_feedback of the target goal (map, AMCL-based estimate)",-3.3540,-1.1456,-0.0554,,
1791052978917782864,16.717,map,"nav2_feedback of the target goal (map, AMCL-based estimate)",-3.3540,-1.1456,-0.0554,,
1791052978927801020,16.717,map,"nav2_feedback of the target goal (map, AMCL-based estimate)",-3.3540,-1.1456,-0.0554,,
1791052978937700559,16.717,map,"nav2_feedback of the target goal (map, AMCL-based estimate)",-3.3540,-1.1456,-0.0554,,
1791052978947688062,16.717,map,"nav2_feedback of the target goal (map, AMCL-based estimate)",-3.3540,-1.1456,-0.0554,,
1791052978957828329,16.717,map,"nav2_feedback of the target goal (map, AMCL-based estimate)",-3.3540,-1.1456,-0.0554,,
1791052978967513998,16.717,map,"nav2_feedback of the target goal (map, AMCL-based estimate)",-3.3540,-1.1456,-0.0554,,
1791052978979525381,16.733,map,"nav2_feedback of the target goal (map, AMCL-based estimate)",-3.3407,-1.1464,-0.0559,,
1791052978988184632,16.733,map,"nav2_feedback of the target goal (map, AMCL-based estimate)",-3.3407,-1.1464,-0.0559,,
1791052978997571261,16.750,map,"nav2_feedback of the target goal (map, AMCL-based estimate)",-3.3274,-1.1471,-0.0563,,
1791052979007525016,16.750,map,"nav2_feedback of the target goal (map, AMCL-based estimate)",-3.3274,-1.1471,-0.0563,,
1791052979017845107,16.750,map,"nav2_feedback of the target goal (map, AMCL-based estimate)",-3.3274,-1.1471,-0.0563,,
1791052979027737656,16.750,map,"nav2_feedback of the target goal (map, AMCL-based estimate)",-3.3274,-1.1471,-0.0563,,
1791052979037961195,16.750,map,"nav2_feedback of the target goal (map, AMCL-based estimate)",-3.3274,-1.1471,-0.0563,,
1791052979049163326,16.750,map,"nav2_feedback of the target goal (map, AMCL-based estimate)",-3.3274,-1.1471,-0.0563,,
1791052979057991017,16.767,map,"nav2_feedback of the target goal (map, AMCL-based estimate)",-3.3143,-1.1479,-0.0566,,
1791052979067632254,16.767,map,"nav2_feedback of the target goal (map, AMCL-based estimate)",-3.3143,-1.1479,-0.0566,,
1791052979077546869,16.767,map,"nav2_feedback of the target goal (map, AMCL-based estimate)",-3.3143,-1.1479,-0.0566,,
1791052979088627088,16.767,map,"nav2_feedback of the target goal (map, AMCL-based estimate)",-3.3143,-1.1479,-0.0566,,
1791052979097732451,16.783,map,"nav2_feedback of the target goal (map, AMCL-based estimate)",-3.3015,-1.1486,-0.0568,,
1791052979107609425,16.783,map,"nav2_feedback of the target goal (map, AMCL-based estimate)",-3.3015,-1.1486,-0.0568,,
1791052979117541114,16.783,map,"nav2_feedback of the target goal (map, AMCL-based estimate)",-3.3015,-1.1486,-0.0568,,
1791052979127786719,16.783,map,"nav2_feedback of the target goal (map, AMCL-based estimate)",-3.3015,-1.1486,-0.0568,,
1791052979138200665,16.783,map,"nav2_feedback of the target goal (map, AMCL-based estimate)",-3.3015,-1.1486,-0.0568,,
1791052979147931863,16.800,map,"nav2_feedback of the target goal (map, AMCL-based estimate)",-3.2886,-1.1494,-0.0568,,
1791052979158343312,16.800,map,"nav2_feedback of the target goal (map, AMCL-based estimate)",-3.2886,-1.1494,-0.0568,,
1791052979167812714,16.817,map,"nav2_feedback of the target goal (map, AMCL-based estimate)",-3.2754,-1.1501,-0.0567,,
1791052979177556393,16.817,map,"nav2_feedback of the target goal (map, AMCL-based estimate)",-3.2754,-1.1501,-0.0567,,
1791052979187929302,16.817,map,"nav2_feedback of the target goal (map, AMCL-based estimate)",-3.2754,-1.1501,-0.0567,,
1791052979197551568,16.817,map,"nav2_feedback of the target goal (map, AMCL-based estimate)",-3.2754,-1.1501,-0.0567,,
1791052979207533280,16.817,map,"nav2_feedback of the target goal (map, AMCL-based estimate)",-3.2754,-1.1501,-0.0567,,
1791052979217761612,16.817,map,"nav2_feedback of the target goal (map, AMCL-based estimate)",-3.2754,-1.1501,-0.0567,,
1791052979228134821,16.833,map,"nav2_feedback of the target goal (map, AMCL-based estimate)",-3.2622,-1.1509,-0.0565,,
1791052979238415272,16.833,map,"nav2_feedback of the target goal (map, AMCL-based estimate)",-3.2622,-1.1509,-0.0565,,
1791052979247833852,16.833,map,"nav2_feedback of the target goal (map, AMCL-based estimate)",-3.2622,-1.1509,-0.0565,,
1791052979257698545,16.850,map,"nav2_feedback of the target goal (map, AMCL-based estimate)",-3.2489,-1.1516,-0.0563,,
1791052979267677062,16.850,map,"nav2_feedback of the target goal (map, AMCL-based estimate)",-3.2489,-1.1516,-0.0563,,
1791052979277659672,16.850,map,"nav2_feedback of the target goal (map, AMCL-based estimate)",-3.2489,-1.1516,-0.0563,,
1791052979287710278,16.850,map,"nav2_feedback of the target goal (map, AMCL-based estimate)",-3.2489,-1.1516,-0.0563,,
1791052979297817097,16.850,map,"nav2_feedback of the target goal (map, AMCL-based estimate)",-3.2489,-1.1516,-0.0563,,
1791052979308092157,16.850,map,"nav2_feedback of the target goal (map, AMCL-based estimate)",-3.2489,-1.1516,-0.0563,,
1791052979317854508,16.867,map,"nav2_feedback of the target goal (map, AMCL-based estimate)",-3.2355,-1.1524,-0.0559,,
1791052979327668278,16.867,map,"nav2_feedback of the target goal (map, AMCL-based estimate)",-3.2355,-1.1524,-0.0559,,
1791052979337887496,16.883,map,"nav2_feedback of the target goal (map, AMCL-based estimate)",-3.2222,-1.1531,-0.0554,,
1791052979347571414,16.883,map,"nav2_feedback of the target goal (map, AMCL-based estimate)",-3.2222,-1.1531,-0.0554,,
1791052979357960205,16.883,map,"nav2_feedback of the target goal (map, AMCL-based estimate)",-3.2222,-1.1531,-0.0554,,
1791052979367516486,16.883,map,"nav2_feedback of the target goal (map, AMCL-based estimate)",-3.2222,-1.1531,-0.0554,,
1791052979377639212,16.883,map,"nav2_feedback of the target goal (map, AMCL-based estimate)",-3.2222,-1.1531,-0.0554,,
1791052979387803739,16.883,map,"nav2_feedback of the target goal (map, AMCL-based estimate)",-3.2222,-1.1531,-0.0554,,
1791052979397505058,16.900,map,"nav2_feedback of the target goal (map, AMCL-based estimate)",-3.2089,-1.1538,-0.0548,,
1791052979407565958,16.900,map,"nav2_feedback of the target goal (map, AMCL-based estimate)",-3.2089,-1.1538,-0.0548,,
1791052979417872801,16.917,map,"nav2_feedback of the target goal (map, AMCL-based estimate)",-3.1955,-1.1546,-0.0542,,
1791052979427658888,16.917,map,"nav2_feedback of the target goal (map, AMCL-based estimate)",-3.1955,-1.1546,-0.0542,,
1791052979437722996,16.917,map,"nav2_feedback of the target goal (map, AMCL-based estimate)",-3.1955,-1.1546,-0.0542,,
1791052979448480604,16.917,map,"nav2_feedback of the target goal (map, AMCL-based estimate)",-3.1955,-1.1546,-0.0542,,
1791052979459089675,16.917,map,"nav2_feedback of the target goal (map, AMCL-based estimate)",-3.1955,-1.1546,-0.0542,,
1791052979467503343,16.917,map,"nav2_feedback of the target goal (map, AMCL-based estimate)",-3.1955,-1.1546,-0.0542,,
1791052979477634527,16.933,map,"nav2_feedback of the target goal (map, AMCL-based estimate)",-3.1822,-1.1553,-0.0535,,
1791052979488330115,16.933,map,"nav2_feedback of the target goal (map, AMCL-based estimate)",-3.1822,-1.1553,-0.0535,,
1791052979497813585,16.933,map,"nav2_feedback of the target goal (map, AMCL-based estimate)",-3.1822,-1.1553,-0.0535,,
1791052979507677731,16.950,map,"nav2_feedback of the target goal (map, AMCL-based estimate)",-3.1689,-1.1560,-0.0527,,
1791052979517585233,16.950,map,"nav2_feedback of the target goal (map, AMCL-based estimate)",-3.1689,-1.1560,-0.0527,,
1791052979529360636,16.950,map,"nav2_feedback of the target goal (map, AMCL-based estimate)",-3.1689,-1.1560,-0.0527,,
1791052979538145454,16.950,map,"nav2_feedback of the target goal (map, AMCL-based estimate)",-3.1689,-1.1560,-0.0527,,
1791052979547706303,16.950,map,"nav2_feedback of the target goal (map, AMCL-based estimate)",-3.1689,-1.1560,-0.0527,,
1791052979557644330,16.967,map,"nav2_feedback of the target goal (map, AMCL-based estimate)",-3.1555,-1.1567,-0.0518,,
1791052979567576232,16.967,map,"nav2_feedback of the target goal (map, AMCL-based estimate)",-3.1555,-1.1567,-0.0518,,
1791052979577613413,16.967,map,"nav2_feedback of the target goal (map, AMCL-based estimate)",-3.1555,-1.1567,-0.0518,,
1791052979587910243,16.983,map,"nav2_feedback of the target goal (map, AMCL-based estimate)",-3.1422,-1.1573,-0.0508,,
1791052979598050468,16.983,map,"nav2_feedback of the target goal (map, AMCL-based estimate)",-3.1422,-1.1573,-0.0508,,
1791052979607481444,16.983,map,"nav2_feedback of the target goal (map, AMCL-based estimate)",-3.1422,-1.1573,-0.0508,,
1791052979617957530,16.983,map,"nav2_feedback of the target goal (map, AMCL-based estimate)",-3.1422,-1.1573,-0.0508,,
1791052979627695400,16.983,map,"nav2_feedback of the target goal (map, AMCL-based estimate)",-3.1422,-1.1573,-0.0508,,
1791052979638040739,17.000,map,"nav2_feedback of the target goal (map, AMCL-based estimate)",-3.1289,-1.1580,-0.0498,,
1791052979647634543,17.000,map,"nav2_feedback of the target goal (map, AMCL-based estimate)",-3.1289,-1.1580,-0.0498,,
1791052979657978617,17.017,map,"nav2_feedback of the target goal (map, AMCL-based estimate)",-3.1155,-1.1587,-0.0487,,
1791052979668704146,17.017,map,"nav2_feedback of the target goal (map, AMCL-based estimate)",-3.1155,-1.1587,-0.0487,,
1791052979677780110,17.017,map,"nav2_feedback of the target goal (map, AMCL-based estimate)",-3.1155,-1.1587,-0.0487,,
1791052979687795904,17.017,map,"nav2_feedback of the target goal (map, AMCL-based estimate)",-3.1155,-1.1587,-0.0487,,
1791052979697591809,17.017,map,"nav2_feedback of the target goal (map, AMCL-based estimate)",-3.1155,-1.1587,-0.0487,,
1791052979708237625,17.017,map,"nav2_feedback of the target goal (map, AMCL-based estimate)",-3.1155,-1.1587,-0.0487,,
1791052979717860301,17.017,map,"nav2_feedback of the target goal (map, AMCL-based estimate)",-3.1155,-1.1587,-0.0487,,
1791052979727822921,17.017,map,"nav2_feedback of the target goal (map, AMCL-based estimate)",-3.1155,-1.1587,-0.0487,,
1791052979737661404,17.033,map,"nav2_feedback of the target goal (map, AMCL-based estimate)",-3.1022,-1.1593,-0.0476,,
1791052979747728332,17.033,map,"nav2_feedback of the target goal (map, AMCL-based estimate)",-3.1022,-1.1593,-0.0476,,
1791052979757928340,17.050,map,"nav2_feedback of the target goal (map, AMCL-based estimate)",-3.0889,-1.1599,-0.0464,,
1791052979767530115,17.050,map,"nav2_feedback of the target goal (map, AMCL-based estimate)",-3.0889,-1.1599,-0.0464,,
1791052979777568366,17.050,map,"nav2_feedback of the target goal (map, AMCL-based estimate)",-3.0889,-1.1599,-0.0464,,
1791052979787723755,17.050,map,"nav2_feedback of the target goal (map, AMCL-based estimate)",-3.0889,-1.1599,-0.0464,,
1791052979797723218,17.050,map,"nav2_feedback of the target goal (map, AMCL-based estimate)",-3.0889,-1.1599,-0.0464,,
1791052979808048434,17.050,map,"nav2_feedback of the target goal (map, AMCL-based estimate)",-3.0889,-1.1599,-0.0464,,
1791052979819846098,17.067,map,"nav2_feedback of the target goal (map, AMCL-based estimate)",-3.0755,-1.1605,-0.0452,,
1791052979827630814,17.067,map,"nav2_feedback of the target goal (map, AMCL-based estimate)",-3.0755,-1.1605,-0.0452,,
1791052979837673342,17.067,map,"nav2_feedback of the target goal (map, AMCL-based estimate)",-3.0755,-1.1605,-0.0452,,
1791052979847693997,17.083,map,"nav2_feedback of the target goal (map, AMCL-based estimate)",-3.0622,-1.1611,-0.0439,,
1791052979857743329,17.083,map,"nav2_feedback of the target goal (map, AMCL-based estimate)",-3.0622,-1.1611,-0.0439,,
1791052979867580840,17.083,map,"nav2_feedback of the target goal (map, AMCL-based estimate)",-3.0622,-1.1611,-0.0439,,
1791052979877935025,17.083,map,"nav2_feedback of the target goal (map, AMCL-based estimate)",-3.0622,-1.1611,-0.0439,,
1791052979887923309,17.083,map,"nav2_feedback of the target goal (map, AMCL-based estimate)",-3.0622,-1.1611,-0.0439,,
1791052979897907024,17.083,map,"nav2_feedback of the target goal (map, AMCL-based estimate)",-3.0622,-1.1611,-0.0439,,
1791052979908033736,17.100,map,"nav2_feedback of the target goal (map, AMCL-based estimate)",-3.0491,-1.1617,-0.0425,,
1791052979917663022,17.100,map,"nav2_feedback of the target goal (map, AMCL-based estimate)",-3.0491,-1.1617,-0.0425,,
1791052979927638766,17.117,map,"nav2_feedback of the target goal (map, AMCL-based estimate)",-3.0362,-1.1622,-0.0411,,
1791052979937704235,17.117,map,"nav2_feedback of the target goal (map, AMCL-based estimate)",-3.0362,-1.1622,-0.0411,,
1791052979947707296,17.117,map,"nav2_feedback of the target goal (map, AMCL-based estimate)",-3.0362,-1.1622,-0.0411,,
1791052979957883682,17.117,map,"nav2_feedback of the target goal (map, AMCL-based estimate)",-3.0362,-1.1622,-0.0411,,
1791052979967537562,17.117,map,"nav2_feedback of the target goal (map, AMCL-based estimate)",-3.0362,-1.1622,-0.0411,,
1791052979977664371,17.117,map,"nav2_feedback of the target goal (map, AMCL-based estimate)",-3.0362,-1.1622,-0.0411,,
1791052979987776988,17.133,map,"nav2_feedback of the target goal (map, AMCL-based estimate)",-3.0235,-1.1627,-0.0397,,
1791052979997587182,17.133,map,"nav2_feedback of the target goal (map, AMCL-based estimate)",-3.0235,-1.1627,-0.0397,,
1791052980007703396,17.150,map,"nav2_feedback of the target goal (map, AMCL-based estimate)",-3.0108,-1.1632,-0.0383,,
1791052980017953857,17.150,map,"nav2_feedback of the target goal (map, AMCL-based estimate)",-3.0108,-1.1632,-0.0383,,
1791052980027663535,17.150,map,"nav2_feedback of the target goal (map, AMCL-based estimate)",-3.0108,-1.1632,-0.0383,,
1791052980037830881,17.150,map,"nav2_feedback of the target goal (map, AMCL-based estimate)",-3.0108,-1.1632,-0.0383,,
1791052980047504301,17.150,map,"nav2_feedback of the target goal (map, AMCL-based estimate)",-3.0108,-1.1632,-0.0383,,
1791052980057752915,17.150,map,"nav2_feedback of the target goal (map, AMCL-based estimate)",-3.0108,-1.1632,-0.0383,,
1791052980067746740,17.167,map,"nav2_feedback of the target goal (map, AMCL-based estimate)",-2.9980,-1.1637,-0.0368,,
1791052980077963566,17.167,map,"nav2_feedback of the target goal (map, AMCL-based estimate)",-2.9980,-1.1637,-0.0368,,
1791052980088181267,17.183,map,"nav2_feedback of the target goal (map, AMCL-based estimate)",-2.9848,-1.1641,-0.0352,,
1791052980097572679,17.183,map,"nav2_feedback of the target goal (map, AMCL-based estimate)",-2.9848,-1.1641,-0.0352,,
1791052980107627455,17.183,map,"nav2_feedback of the target goal (map, AMCL-based estimate)",-2.9848,-1.1641,-0.0352,,
1791052980117645583,17.183,map,"nav2_feedback of the target goal (map, AMCL-based estimate)",-2.9848,-1.1641,-0.0352,,
1791052980127743034,17.183,map,"nav2_feedback of the target goal (map, AMCL-based estimate)",-2.9848,-1.1641,-0.0352,,
1791052980137976386,17.183,map,"nav2_feedback of the target goal (map, AMCL-based estimate)",-2.9848,-1.1641,-0.0352,,
1791052980147695689,17.200,map,"nav2_feedback of the target goal (map, AMCL-based estimate)",-2.9716,-1.1646,-0.0336,,
1791052980157631868,17.200,map,"nav2_feedback of the target goal (map, AMCL-based estimate)",-2.9716,-1.1646,-0.0336,,
1791052980167760524,17.200,map,"nav2_feedback of the target goal (map, AMCL-based estimate)",-2.9716,-1.1646,-0.0336,,
1791052980177733741,17.217,map,"nav2_feedback of the target goal (map, AMCL-based estimate)",-2.9582,-1.1650,-0.0319,,
1791052980187844122,17.217,map,"nav2_feedback of the target goal (map, AMCL-based estimate)",-2.9582,-1.1650,-0.0319,,
1791052980197670648,17.217,map,"nav2_feedback of the target goal (map, AMCL-based estimate)",-2.9582,-1.1650,-0.0319,,
1791052980207709773,17.217,map,"nav2_feedback of the target goal (map, AMCL-based estimate)",-2.9582,-1.1650,-0.0319,,
1791052980217529786,17.217,map,"nav2_feedback of the target goal (map, AMCL-based estimate)",-2.9582,-1.1650,-0.0319,,
1791052980227671079,17.233,map,"nav2_feedback of the target goal (map, AMCL-based estimate)",-2.9449,-1.1654,-0.0302,,
1791052980239835810,17.233,map,"nav2_feedback of the target goal (map, AMCL-based estimate)",-2.9449,-1.1654,-0.0302,,
1791052980247720264,17.233,map,"nav2_feedback of the target goal (map, AMCL-based estimate)",-2.9449,-1.1654,-0.0302,,
1791052980257756473,17.250,map,"nav2_feedback of the target goal (map, AMCL-based estimate)",-2.9316,-1.1658,-0.0284,,
1791052980267440294,17.250,map,"nav2_feedback of the target goal (map, AMCL-based estimate)",-2.9316,-1.1658,-0.0284,,
1791052980277404373,17.250,map,"nav2_feedback of the target goal (map, AMCL-based estimate)",-2.9316,-1.1658,-0.0284,,
1791052980287622171,17.250,map,"nav2_feedback of the target goal (map, AMCL-based estimate)",-2.9316,-1.1658,-0.0284,,
1791052980297566710,17.250,map,"nav2_feedback of the target goal (map, AMCL-based estimate)",-2.9316,-1.1658,-0.0284,,
1791052980307536038,17.250,map,"nav2_feedback of the target goal (map, AMCL-based estimate)",-2.9316,-1.1658,-0.0284,,
1791052980319500807,17.267,map,"nav2_feedback of the target goal (map, AMCL-based estimate)",-2.9182,-1.1661,-0.0266,,
1791052980327896783,17.267,map,"nav2_feedback of the target goal (map, AMCL-based estimate)",-2.9182,-1.1661,-0.0266,,
1791052980338092806,17.267,map,"nav2_feedback of the target goal (map, AMCL-based estimate)",-2.9182,-1.1661,-0.0266,,
1791052980347765350,17.283,map,"nav2_feedback of the target goal (map, AMCL-based estimate)",-2.9049,-1.1665,-0.0248,,
1791052980357831792,17.283,map,"nav2_feedback of the target goal (map, AMCL-based estimate)",-2.9049,-1.1665,-0.0248,,
1791052980367537291,17.283,map,"nav2_feedback of the target goal (map, AMCL-based estimate)",-2.9049,-1.1665,-0.0248,,
1791052980377634353,17.283,map,"nav2_feedback of the target goal (map, AMCL-based estimate)",-2.9049,-1.1665,-0.0248,,
1791052980388313416,17.283,map,"nav2_feedback of the target goal (map, AMCL-based estimate)",-2.9049,-1.1665,-0.0248,,
1791052980397569316,17.300,map,"nav2_feedback of the target goal (map, AMCL-based estimate)",-2.8917,-1.1668,-0.0229,,
1791052980407677655,17.300,map,"nav2_feedback of the target goal (map, AMCL-based estimate)",-2.8917,-1.1668,-0.0229,,
1791052980417553758,17.317,map,"nav2_feedback of the target goal (map, AMCL-based estimate)",-2.8789,-1.1670,-0.0210,,
1791052980427702051,17.317,map,"nav2_feedback of the target goal (map, AMCL-based estimate)",-2.8789,-1.1670,-0.0210,,
1791052980437711527,17.317,map,"nav2_feedback of the target goal (map, AMCL-based estimate)",-2.8789,-1.1670,-0.0210,,
1791052980447773983,17.317,map,"nav2_feedback of the target goal (map, AMCL-based estimate)",-2.8789,-1.1670,-0.0210,,
1791052980457630936,17.317,map,"nav2_feedback of the target goal (map, AMCL-based estimate)",-2.8789,-1.1670,-0.0210,,
1791052980469919901,17.317,map,"nav2_feedback of the target goal (map, AMCL-based estimate)",-2.8789,-1.1670,-0.0210,,
1791052980477709089,17.333,map,"nav2_feedback of the target goal (map, AMCL-based estimate)",-2.8660,-1.1673,-0.0192,,
1791052980488147555,17.333,map,"nav2_feedback of the target goal (map, AMCL-based estimate)",-2.8660,-1.1673,-0.0192,,
1791052980498079652,17.333,map,"nav2_feedback of the target goal (map, AMCL-based estimate)",-2.8660,-1.1673,-0.0192,,
1791052980507864085,17.350,map,"nav2_feedback of the target goal (map, AMCL-based estimate)",-2.8528,-1.1675,-0.0175,,
1791052980518227894,17.350,map,"nav2_feedback of the target goal (map, AMCL-based estimate)",-2.8528,-1.1675,-0.0175,,
1791052980527605793,17.350,map,"nav2_feedback of the target goal (map, AMCL-based estimate)",-2.8528,-1.1675,-0.0175,,
1791052980537558109,17.350,map,"nav2_feedback of the target goal (map, AMCL-based estimate)",-2.8528,-1.1675,-0.0175,,
1791052980547689293,17.350,map,"nav2_feedback of the target goal (map, AMCL-based estimate)",-2.8528,-1.1675,-0.0175,,
1791052980557781593,17.350,map,"nav2_feedback of the target goal (map, AMCL-based estimate)",-2.8528,-1.1675,-0.0175,,
1791052980567822662,17.367,map,"nav2_feedback of the target goal (map, AMCL-based estimate)",-2.8395,-1.1677,-0.0159,,
1791052980577845359,17.367,map,"nav2_feedback of the target goal (map, AMCL-based estimate)",-2.8395,-1.1677,-0.0159,,
1791052980587634750,17.383,map,"nav2_feedback of the target goal (map, AMCL-based estimate)",-2.8262,-1.1679,-0.0142,,
1791052980598354738,17.383,map,"nav2_feedback of the target goal (map, AMCL-based estimate)",-2.8262,-1.1679,-0.0142,,
1791052980607789311,17.383,map,"nav2_feedback of the target goal (map, AMCL-based estimate)",-2.8262,-1.1679,-0.0142,,
1791052980617516196,17.383,map,"nav2_feedback of the target goal (map, AMCL-based estimate)",-2.8262,-1.1679,-0.0142,,
1791052980627769282,17.383,map,"nav2_feedback of the target goal (map, AMCL-based estimate)",-2.8262,-1.1679,-0.0142,,
1791052980638242161,17.400,map,"nav2_feedback of the target goal (map, AMCL-based estimate)",-2.8129,-1.1681,-0.0126,,
1791052980647647959,17.400,map,"nav2_feedback of the target goal (map, AMCL-based estimate)",-2.8129,-1.1681,-0.0126,,
1791052980657650533,17.400,map,"nav2_feedback of the target goal (map, AMCL-based estimate)",-2.8129,-1.1681,-0.0126,,
1791052980667830225,17.417,map,"nav2_feedback of the target goal (map, AMCL-based estimate)",-2.7995,-1.1682,-0.0110,,
1791052980677673666,17.417,map,"nav2_feedback of the target goal (map, AMCL-based estimate)",-2.7995,-1.1682,-0.0110,,
1791052980687909059,17.417,map,"nav2_feedback of the target goal (map, AMCL-based estimate)",-2.7995,-1.1682,-0.0110,,
1791052980697781177,17.417,map,"nav2_feedback of the target goal (map, AMCL-based estimate)",-2.7995,-1.1682,-0.0110,,
1791052980707607994,17.417,map,"nav2_feedback of the target goal (map, AMCL-based estimate)",-2.7995,-1.1682,-0.0110,,
1791052980717994647,17.417,map,"nav2_feedback of the target goal (map, AMCL-based estimate)",-2.7995,-1.1682,-0.0110,,
1791052980727594478,17.433,map,"nav2_feedback of the target goal (map, AMCL-based estimate)",-2.7862,-1.1684,-0.0095,,
1791052980737879157,17.433,map,"nav2_feedback of the target goal (map, AMCL-based estimate)",-2.7862,-1.1684,-0.0095,,
1791052980747753705,17.433,map,"nav2_feedback of the target goal (map, AMCL-based estimate)",-2.7862,-1.1684,-0.0095,,
1791052980757853198,17.450,map,"nav2_feedback of the target goal (map, AMCL-based estimate)",-2.7729,-1.1685,-0.0079,,
1791052980767591457,17.450,map,"nav2_feedback of the target goal (map, AMCL-based estimate)",-2.7729,-1.1685,-0.0079,,
1791052980777571187,17.450,map,"nav2_feedback of the target goal (map, AMCL-based estimate)",-2.7729,-1.1685,-0.0079,,
1791052980787800358,17.450,map,"nav2_feedback of the target goal (map, AMCL-based estimate)",-2.7729,-1.1685,-0.0079,,
1791052980797616969,17.450,map,"nav2_feedback of the target goal (map, AMCL-based estimate)",-2.7729,-1.1685,-0.0079,,
1791052980807623237,17.450,map,"nav2_feedback of the target goal (map, AMCL-based estimate)",-2.7729,-1.1685,-0.0079,,
1791052980817879531,17.467,map,"nav2_feedback of the target goal (map, AMCL-based estimate)",-2.7595,-1.1685,-0.0063,,
1791052980827724527,17.467,map,"nav2_feedback of the target goal (map, AMCL-based estimate)",-2.7595,-1.1685,-0.0063,,
1791052980838584109,17.483,map,"nav2_feedback of the target goal (map, AMCL-based estimate)",-2.7462,-1.1686,-0.0049,,
1791052980847820275,17.483,map,"nav2_feedback of the target goal (map, AMCL-based estimate)",-2.7462,-1.1686,-0.0049,,
1791052980857787853,17.483,map,"nav2_feedback of the target goal (map, AMCL-based estimate)",-2.7462,-1.1686,-0.0049,,
1791052980867874223,17.483,map,"nav2_feedback of the target goal (map, AMCL-based estimate)",-2.7462,-1.1686,-0.0049,,
1791052980877692000,17.483,map,"nav2_feedback of the target goal (map, AMCL-based estimate)",-2.7462,-1.1686,-0.0049,,
1791052980888375923,17.483,map,"nav2_feedback of the target goal (map, AMCL-based estimate)",-2.7462,-1.1686,-0.0049,,
1791052980897635128,17.500,map,"nav2_feedback of the target goal (map, AMCL-based estimate)",-2.7328,-1.1687,-0.0034,,
1791052980907618260,17.500,map,"nav2_feedback of the target goal (map, AMCL-based estimate)",-2.7328,-1.1687,-0.0034,,
1791052980917621903,17.517,map,"nav2_feedback of the target goal (map, AMCL-based estimate)",-2.7195,-1.1687,-0.0020,,
1791052980927658793,17.517,map,"nav2_feedback of the target goal (map, AMCL-based estimate)",-2.7195,-1.1687,-0.0020,,
1791052980937832652,17.517,map,"nav2_feedback of the target goal (map, AMCL-based estimate)",-2.7195,-1.1687,-0.0020,,
1791052980947697284,17.517,map,"nav2_feedback of the target goal (map, AMCL-based estimate)",-2.7195,-1.1687,-0.0020,,
1791052980957803874,17.517,map,"nav2_feedback of the target goal (map, AMCL-based estimate)",-2.7195,-1.1687,-0.0020,,
1791052980968016228,17.517,map,"nav2_feedback of the target goal (map, AMCL-based estimate)",-2.7195,-1.1687,-0.0020,,
1791052980977868709,17.517,map,"nav2_feedback of the target goal (map, AMCL-based estimate)",-2.7195,-1.1687,-0.0020,,
1791052980988160096,17.533,map,"nav2_feedback of the target goal (map, AMCL-based estimate)",-2.7061,-1.1687,-0.0007,,
1791052980997743596,17.533,map,"nav2_feedback of the target goal (map, AMCL-based estimate)",-2.7061,-1.1687,-0.0007,,
1791052981007663832,17.533,map,"nav2_feedback of the target goal (map, AMCL-based estimate)",-2.7061,-1.1687,-0.0007,,
1791052981017872298,17.550,map,"nav2_feedback of the target goal (map, AMCL-based estimate)",-2.6928,-1.1687,0.0006,,
1791052981027744805,17.550,map,"nav2_feedback of the target goal (map, AMCL-based estimate)",-2.6928,-1.1687,0.0006,,
1791052981037644725,17.550,map,"nav2_feedback of the target goal (map, AMCL-based estimate)",-2.6928,-1.1687,0.0006,,
1791052981047619400,17.550,map,"nav2_feedback of the target goal (map, AMCL-based estimate)",-2.6928,-1.1687,0.0006,,
1791052981057762151,17.550,map,"nav2_feedback of the target goal (map, AMCL-based estimate)",-2.6928,-1.1687,0.0006,,
1791052981067668001,17.567,map,"nav2_feedback of the target goal (map, AMCL-based estimate)",-2.6795,-1.1687,0.0021,,
1791052981078039003,17.567,map,"nav2_feedback of the target goal (map, AMCL-based estimate)",-2.6795,-1.1687,0.0021,,
1791052981088327084,17.567,map,"nav2_feedback of the target goal (map, AMCL-based estimate)",-2.6795,-1.1687,0.0021,,
1791052981097771962,17.583,map,"nav2_feedback of the target goal (map, AMCL-based estimate)",-2.6661,-1.1686,0.0035,,
1791052981107604709,17.583,map,"nav2_feedback of the target goal (map, AMCL-based estimate)",-2.6661,-1.1686,0.0035,,
1791052981117496269,17.583,map,"nav2_feedback of the target goal (map, AMCL-based estimate)",-2.6661,-1.1686,0.0035,,
1791052981127724080,17.583,map,"nav2_feedback of the target goal (map, AMCL-based estimate)",-2.6661,-1.1686,0.0035,,
1791052981137801506,17.583,map,"nav2_feedback of the target goal (map, AMCL-based estimate)",-2.6661,-1.1686,0.0035,,
1791052981147621033,17.600,map,"nav2_feedback of the target goal (map, AMCL-based estimate)",-2.6528,-1.1685,0.0048,,
1791052981157832221,17.600,map,"nav2_feedback of the target goal (map, AMCL-based estimate)",-2.6528,-1.1685,0.0048,,
1791052981167672551,17.600,map,"nav2_feedback of the target goal (map, AMCL-based estimate)",-2.6528,-1.1685,0.0048,,
1791052981177628464,17.617,map,"nav2_feedback of the target goal (map, AMCL-based estimate)",-2.6381,-1.1681,0.0024,,
1791052981187662340,17.617,map,"nav2_feedback of the target goal (map, AMCL-based estimate)",-2.6381,-1.1681,0.0024,,
1791052981198565569,17.617,map,"nav2_feedback of the target goal (map, AMCL-based estimate)",-2.6381,-1.1681,0.0024,,
1791052981208019876,17.617,map,"nav2_feedback of the target goal (map, AMCL-based estimate)",-2.6381,-1.1681,0.0024,,
1791052981217787006,17.617,map,"nav2_feedback of the target goal (map, AMCL-based estimate)",-2.6381,-1.1681,0.0024,,
1791052981227957949,17.617,map,"nav2_feedback of the target goal (map, AMCL-based estimate)",-2.6381,-1.1681,0.0024,,
1791052981238415955,17.633,map,"nav2_feedback of the target goal (map, AMCL-based estimate)",-2.6236,-1.1678,-0.0000,,
1791052981247701407,17.633,map,"nav2_feedback of the target goal (map, AMCL-based estimate)",-2.6236,-1.1678,-0.0000,,
1791052981257646238,17.650,map,"nav2_feedback of the target goal (map, AMCL-based estimate)",-2.6090,-1.1676,-0.0024,,
1791052981267602831,17.650,map,"nav2_feedback of the target goal (map, AMCL-based estimate)",-2.6090,-1.1676,-0.0024,,
1791052981277562730,17.650,map,"nav2_feedback of the target goal (map, AMCL-based estimate)",-2.6090,-1.1676,-0.0024,,
1791052981287664848,17.650,map,"nav2_feedback of the target goal (map, AMCL-based estimate)",-2.6090,-1.1676,-0.0024,,
1791052981297613762,17.650,map,"nav2_feedback of the target goal (map, AMCL-based estimate)",-2.6090,-1.1676,-0.0024,,
1791052981307851780,17.650,map,"nav2_feedback of the target goal (map, AMCL-based estimate)",-2.6090,-1.1676,-0.0024,,
1791052981317970326,17.667,map,"nav2_feedback of the target goal (map, AMCL-based estimate)",-2.5946,-1.1675,-0.0049,,
1791052981327844971,17.667,map,"nav2_feedback of the target goal (map, AMCL-based estimate)",-2.5946,-1.1675,-0.0049,,
1791052981338087169,17.667,map,"nav2_feedback of the target goal (map, AMCL-based estimate)",-2.5946,-1.1675,-0.0049,,
1791052981347837579,17.683,map,"nav2_feedback of the target goal (map, AMCL-based estimate)",-2.5801,-1.1674,-0.0073,,
1791052981357591683,17.683,map,"nav2_feedback of the target goal (map, AMCL-based estimate)",-2.5801,-1.1674,-0.0073,,
1791052981367489173,17.683,map,"nav2_feedback of the target goal (map, AMCL-based estimate)",-2.5801,-1.1674,-0.0073,,
1791052981377676544,17.683,map,"nav2_feedback of the target goal (map, AMCL-based estimate)",-2.5801,-1.1674,-0.0073,,
1791052981388256257,17.683,map,"nav2_feedback of the target goal (map, AMCL-based estimate)",-2.5801,-1.1674,-0.0073,,
1791052981399112534,17.700,map,"nav2_feedback of the target goal (map, AMCL-based estimate)",-2.5658,-1.1674,-0.0098,,
1791052981407629926,17.700,map,"nav2_feedback of the target goal (map, AMCL-based estimate)",-2.5658,-1.1674,-0.0098,,
1791052981417541997,17.700,map,"nav2_feedback of the target goal (map, AMCL-based estimate)",-2.5658,-1.1674,-0.0098,,
1791052981427826287,17.717,map,"nav2_feedback of the target goal (map, AMCL-based estimate)",-2.5524,-1.1675,-0.0086,,
1791052981438638431,17.717,map,"nav2_feedback of the target goal (map, AMCL-based estimate)",-2.5524,-1.1675,-0.0086,,
1791052981447833769,17.717,map,"nav2_feedback of the target goal (map, AMCL-based estimate)",-2.5524,-1.1675,-0.0086,,
1791052981457793668,17.717,map,"nav2_feedback of the target goal (map, AMCL-based estimate)",-2.5524,-1.1675,-0.0086,,
1791052981467956445,17.717,map,"nav2_feedback of the target goal (map, AMCL-based estimate)",-2.5524,-1.1675,-0.0086,,
1791052981478154023,17.717,map,"nav2_feedback of the target goal (map, AMCL-based estimate)",-2.5524,-1.1675,-0.0086,,
1791052981488084564,17.733,map,"nav2_feedback of the target goal (map, AMCL-based estimate)",-2.5391,-1.1676,-0.0073,,
1791052981497682840,17.733,map,"nav2_feedback of the target goal (map, AMCL-based estimate)",-2.5391,-1.1676,-0.0073,,
1791052981508050537,17.750,map,"nav2_feedback of the target goal (map, AMCL-based estimate)",-2.5257,-1.1677,-0.0060,,
1791052981517694307,17.750,map,"nav2_feedback of the target goal (map, AMCL-based estimate)",-2.5257,-1.1677,-0.0060,,
1791052981527945448,17.750,map,"nav2_feedback of the target goal (map, AMCL-based estimate)",-2.5257,-1.1677,-0.0060,,
1791052981537582705,17.750,map,"nav2_feedback of the target goal (map, AMCL-based estimate)",-2.5257,-1.1677,-0.0060,,
1791052981547460655,17.750,map,"nav2_feedback of the target goal (map, AMCL-based estimate)",-2.5257,-1.1677,-0.0060,,
1791052981557943644,17.750,map,"nav2_feedback of the target goal (map, AMCL-based estimate)",-2.5257,-1.1677,-0.0060,,
1791052981567601510,17.767,map,"nav2_feedback of the target goal (map, AMCL-based estimate)",-2.5124,-1.1678,-0.0047,,
1791052981577658813,17.767,map,"nav2_feedback of the target goal (map, AMCL-based estimate)",-2.5124,-1.1678,-0.0047,,
1791052981587795927,17.767,map,"nav2_feedback of the target goal (map, AMCL-based estimate)",-2.5124,-1.1678,-0.0047,,
1791052981597898920,17.783,map,"nav2_feedback of the target goal (map, AMCL-based estimate)",-2.4990,-1.1678,-0.0035,,
1791052981607725057,17.783,map,"nav2_feedback of the target goal (map, AMCL-based estimate)",-2.4990,-1.1678,-0.0035,,
1791052981617569566,17.783,map,"nav2_feedback of the target goal (map, AMCL-based estimate)",-2.4990,-1.1678,-0.0035,,
1791052981628903925,17.783,map,"nav2_feedback of the target goal (map, AMCL-based estimate)",-2.4990,-1.1678,-0.0035,,
1791052981638327124,17.783,map,"nav2_feedback of the target goal (map, AMCL-based estimate)",-2.4990,-1.1678,-0.0035,,
1791052981648102809,17.783,map,"nav2_feedback of the target goal (map, AMCL-based estimate)",-2.4990,-1.1678,-0.0035,,
1791052981658296888,17.800,map,"nav2_feedback of the target goal (map, AMCL-based estimate)",-2.4857,-1.1678,-0.0023,,
1791052981667693257,17.800,map,"nav2_feedback of the target goal (map, AMCL-based estimate)",-2.4857,-1.1678,-0.0023,,
1791052981677886364,17.817,map,"nav2_feedback of the target goal (map, AMCL-based estimate)",-2.4723,-1.1679,-0.0011,,
1791052981687964859,17.817,map,"nav2_feedback of the target goal (map, AMCL-based estimate)",-2.4723,-1.1679,-0.0011,,
1791052981697582577,17.817,map,"nav2_feedback of the target goal (map, AMCL-based estimate)",-2.4723,-1.1679,-0.0011,,
1791052981707761880,17.817,map,"nav2_feedback of the target goal (map, AMCL-based estimate)",-2.4723,-1.1679,-0.0011,,
1791052981717752400,17.817,map,"nav2_feedback of the target goal (map, AMCL-based estimate)",-2.4723,-1.1679,-0.0011,,
1791052981727861809,17.817,map,"nav2_feedback of the target goal (map, AMCL-based estimate)",-2.4723,-1.1679,-0.0011,,
1791052981738281902,17.833,map,"nav2_feedback of the target goal (map, AMCL-based estimate)",-2.4590,-1.1679,0.0001,,
1791052981748482105,17.833,map,"nav2_feedback of the target goal (map, AMCL-based estimate)",-2.4590,-1.1679,0.0001,,
1791052981757716716,17.833,map,"nav2_feedback of the target goal (map, AMCL-based estimate)",-2.4590,-1.1679,0.0001,,
1791052981767658242,17.850,map,"nav2_feedback of the target goal (map, AMCL-based estimate)",-2.4456,-1.1678,0.0013,,
1791052981777631653,17.850,map,"nav2_feedback of the target goal (map, AMCL-based estimate)",-2.4456,-1.1678,0.0013,,
1791052981787709274,17.850,map,"nav2_feedback of the target goal (map, AMCL-based estimate)",-2.4456,-1.1678,0.0013,,
1791052981797651675,17.850,map,"nav2_feedback of the target goal (map, AMCL-based estimate)",-2.4456,-1.1678,0.0013,,
1791052981807637917,17.850,map,"nav2_feedback of the target goal (map, AMCL-based estimate)",-2.4456,-1.1678,0.0013,,
1791052981817679473,17.867,map,"nav2_feedback of the target goal (map, AMCL-based estimate)",-2.4323,-1.1678,0.0025,,
1791052981827736874,17.867,map,"nav2_feedback of the target goal (map, AMCL-based estimate)",-2.4323,-1.1678,0.0025,,
1791052981838045564,17.867,map,"nav2_feedback of the target goal (map, AMCL-based estimate)",-2.4323,-1.1678,0.0025,,
1791052981847568696,17.883,map,"nav2_feedback of the target goal (map, AMCL-based estimate)",-2.4190,-1.1678,0.0037,,
1791052981857719322,17.883,map,"nav2_feedback of the target goal (map, AMCL-based estimate)",-2.4190,-1.1678,0.0037,,
1791052981867731131,17.883,map,"nav2_feedback of the target goal (map, AMCL-based estimate)",-2.4190,-1.1678,0.0037,,
1791052981877499525,17.883,map,"nav2_feedback of the target goal (map, AMCL-based estimate)",-2.4190,-1.1678,0.0037,,
1791052981888122691,17.883,map,"nav2_feedback of the target goal (map, AMCL-based estimate)",-2.4190,-1.1678,0.0037,,
1791052981897563583,17.900,map,"nav2_feedback of the target goal (map, AMCL-based estimate)",-2.4056,-1.1677,0.0049,,
1791052981907952860,17.900,map,"nav2_feedback of the target goal (map, AMCL-based estimate)",-2.4056,-1.1677,0.0049,,
1791052981917716977,17.900,map,"nav2_feedback of the target goal (map, AMCL-based estimate)",-2.4056,-1.1677,0.0049,,
1791052981927668224,17.917,map,"nav2_feedback of the target goal (map, AMCL-based estimate)",-2.3923,-1.1676,0.0061,,
1791052981939507980,17.917,map,"nav2_feedback of the target goal (map, AMCL-based estimate)",-2.3923,-1.1676,0.0061,,
1791052981947593174,17.917,map,"nav2_feedback of the target goal (map, AMCL-based estimate)",-2.3923,-1.1676,0.0061,,
1791052981957612468,17.917,map,"nav2_feedback of the target goal (map, AMCL-based estimate)",-2.3923,-1.1676,0.0061,,
1791052981967579657,17.917,map,"nav2_feedback of the target goal (map, AMCL-based estimate)",-2.3923,-1.1676,0.0061,,
1791052981977691302,17.917,map,"nav2_feedback of the target goal (map, AMCL-based estimate)",-2.3923,-1.1676,0.0061,,
1791052981988078538,17.933,map,"nav2_feedback of the target goal (map, AMCL-based estimate)",-2.3789,-1.1675,0.0073,,
1791052981997599531,17.933,map,"nav2_feedback of the target goal (map, AMCL-based estimate)",-2.3789,-1.1675,0.0073,,
1791052982007668597,17.950,map,"nav2_feedback of the target goal (map, AMCL-based estimate)",-2.3656,-1.1674,0.0083,,
1791052982017606818,17.950,map,"nav2_feedback of the target goal (map, AMCL-based estimate)",-2.3656,-1.1674,0.0083,,
1791052982027853974,17.950,map,"nav2_feedback of the target goal (map, AMCL-based estimate)",-2.3656,-1.1674,0.0083,,
1791052982037682541,17.950,map,"nav2_feedback of the target goal (map, AMCL-based estimate)",-2.3656,-1.1674,0.0083,,
1791052982047496624,17.950,map,"nav2_feedback of the target goal (map, AMCL-based estimate)",-2.3656,-1.1674,0.0083,,
1791052982057951616,17.950,map,"nav2_feedback of the target goal (map, AMCL-based estimate)",-2.3656,-1.1674,0.0083,,
1791052982067635729,17.967,map,"nav2_feedback of the target goal (map, AMCL-based estimate)",-2.3522,-1.1673,0.0093,,
1791052982077553632,17.967,map,"nav2_feedback of the target goal (map, AMCL-based estimate)",-2.3522,-1.1673,0.0093,,
1791052982090322138,17.983,map,"nav2_feedback of the target goal (map, AMCL-based estimate)",-2.3389,-1.1671,0.0103,,
1791052982097691181,17.983,map,"nav2_feedback of the target goal (map, AMCL-based estimate)",-2.3389,-1.1671,0.0103,,
1791052982107426329,17.983,map,"nav2_feedback of the target goal (map, AMCL-based estimate)",-2.3389,-1.1671,0.0103,,
1791052982117460108,17.983,map,"nav2_feedback of the target goal (map, AMCL-based estimate)",-2.3389,-1.1671,0.0103,,
1791052982127661672,17.983,map,"nav2_feedback of the target goal (map, AMCL-based estimate)",-2.3389,-1.1671,0.0103,,
1791052982137686216,17.983,map,"nav2_feedback of the target goal (map, AMCL-based estimate)",-2.3389,-1.1671,0.0103,,
1791052982147900903,18.000,map,"nav2_feedback of the target goal (map, AMCL-based estimate)",-2.3255,-1.1670,0.0112,,
1791052982157943237,18.000,map,"nav2_feedback of the target goal (map, AMCL-based estimate)",-2.3255,-1.1670,0.0112,,
1791052982167848017,18.000,map,"nav2_feedback of the target goal (map, AMCL-based estimate)",-2.3255,-1.1670,0.0112,,
1791052982177966077,18.017,map,"nav2_feedback of the target goal (map, AMCL-based estimate)",-2.3122,-1.1668,0.0121,,
1791052982187741859,18.017,map,"nav2_feedback of the target goal (map, AMCL-based estimate)",-2.3122,-1.1668,0.0121,,
1791052982197562844,18.017,map,"nav2_feedback of the target goal (map, AMCL-based estimate)",-2.3122,-1.1668,0.0121,,
1791052982207518077,18.017,map,"nav2_feedback of the target goal (map, AMCL-based estimate)",-2.3122,-1.1668,0.0121,,
1791052982217639539,18.017,map,"nav2_feedback of the target goal (map, AMCL-based estimate)",-2.3122,-1.1668,0.0121,,
1791052982229742833,18.017,map,"nav2_feedback of the target goal (map, AMCL-based estimate)",-2.3122,-1.1668,0.0121,,
1791052982238187997,18.033,map,"nav2_feedback of the target goal (map, AMCL-based estimate)",-2.2988,-1.1666,0.0130,,
1791052982247723350,18.033,map,"nav2_feedback of the target goal (map, AMCL-based estimate)",-2.2988,-1.1666,0.0130,,
1791052982257699051,18.033,map,"nav2_feedback of the target goal (map, AMCL-based estimate)",-2.2988,-1.1666,0.0130,,
1791052982267991551,18.050,map,"nav2_feedback of the target goal (map, AMCL-based estimate)",-2.2855,-1.1665,0.0138,,
1791052982277688052,18.050,map,"nav2_feedback of the target goal (map, AMCL-based estimate)",-2.2855,-1.1665,0.0138,,
1791052982287849652,18.050,map,"nav2_feedback of the target goal (map, AMCL-based estimate)",-2.2855,-1.1665,0.0138,,
1791052982297535553,18.050,map,"nav2_feedback of the target goal (map, AMCL-based estimate)",-2.2855,-1.1665,0.0138,,
1791052982309597054,18.050,map,"nav2_feedback of the target goal (map, AMCL-based estimate)",-2.2855,-1.1665,0.0138,,
1791052982318084254,18.050,map,"nav2_feedback of the target goal (map, AMCL-based estimate)",-2.2855,-1.1665,0.0138,,
1791052982327707555,18.067,map,"nav2_feedback of the target goal (map, AMCL-based estimate)",-2.2721,-1.1663,0.0146,,
1791052982338156655,18.067,map,"nav2_feedback of the target goal (map, AMCL-based estimate)",-2.2721,-1.1663,0.0146,,
1791052982349512756,18.083,map,"nav2_feedback of the target goal (map, AMCL-based estimate)",-2.2588,-1.1661,0.0154,,
1791052982357973556,18.083,map,"nav2_feedback of the target goal (map, AMCL-based estimate)",-2.2588,-1.1661,0.0154,,
1791052982367565957,18.083,map,"nav2_feedback of the target goal (map, AMCL-based estimate)",-2.2588,-1.1661,0.0154,,
1791052982377665957,18.083,map,"nav2_feedback of the target goal (map, AMCL-based estimate)",-2.2588,-1.1661,0.0154,,
1791052982387976758,18.083,map,"nav2_feedback of the target goal (map, AMCL-based estimate)",-2.2588,-1.1661,0.0154,,
1791052982397670358,18.083,map,"nav2_feedback of the target goal (map, AMCL-based estimate)",-2.2588,-1.1661,0.0154,,
1791052982407709859,18.100,map,"nav2_feedback of the target goal (map, AMCL-based estimate)",-2.2455,-1.1658,0.0162,,
1791052982417629260,18.100,map,"nav2_feedback of the target goal (map, AMCL-based estimate)",-2.2455,-1.1658,0.0162,,
1791052982428182660,18.100,map,"nav2_feedback of the target goal (map, AMCL-based estimate)",-2.2455,-1.1658,0.0162,,
1791052982438042661,18.117,map,"nav2_feedback of the target goal (map, AMCL-based estimate)",-2.2321,-1.1656,0.0169,,
1791052982447673561,18.117,map,"nav2_feedback of the target goal (map, AMCL-based estimate)",-2.2321,-1.1656,0.0169,,
1791052982457992662,18.117,map,"nav2_feedback of the target goal (map, AMCL-based estimate)",-2.2321,-1.1656,0.0169,,
1791052982467968762,18.117,map,"nav2_feedback of the target goal (map, AMCL-based estimate)",-2.2321,-1.1656,0.0169,,
1791052982477704963,18.117,map,"nav2_feedback of the target goal (map, AMCL-based estimate)",-2.2321,-1.1656,0.0169,,
1791052982488110764,18.117,map,"nav2_feedback of the target goal (map, AMCL-based estimate)",-2.2321,-1.1656,0.0169,,
1791052982497765764,18.133,map,"nav2_feedback of the target goal (map, AMCL-based estimate)",-2.2188,-1.1654,0.0176,,
1791052982507803065,18.133,map,"nav2_feedback of the target goal (map, AMCL-based estimate)",-2.2188,-1.1654,0.0176,,
1791052982517933265,18.150,map,"nav2_feedback of the target goal (map, AMCL-based estimate)",-2.2054,-1.1651,0.0183,,
1791052982527864066,18.150,map,"nav2_feedback of the target goal (map, AMCL-based estimate)",-2.2054,-1.1651,0.0183,,
1791052982537815866,18.150,map,"nav2_feedback of the target goal (map, AMCL-based estimate)",-2.2054,-1.1651,0.0183,,
1791052982548172267,18.150,map,"nav2_feedback of the target goal (map, AMCL-based estimate)",-2.2054,-1.1651,0.0183,,
1791052982557812367,18.150,map,"nav2_feedback of the target goal (map, AMCL-based estimate)",-2.2054,-1.1651,0.0183,,
1791052982568176468,18.150,map,"nav2_feedback of the target goal (map, AMCL-based estimate)",-2.2054,-1.1651,0.0183,,
1791052982577652569,18.167,map,"nav2_feedback of the target goal (map, AMCL-based estimate)",-2.1921,-1.1649,0.0189,,
1791052982587915169,18.167,map,"nav2_feedback of the target goal (map, AMCL-based estimate)",-2.1921,-1.1649,0.0189,,
1791052982597718470,18.167,map,"nav2_feedback of the target goal (map, AMCL-based estimate)",-2.1921,-1.1649,0.0189,,
1791052982607664670,18.183,map,"nav2_feedback of the target goal (map, AMCL-based estimate)",-2.1787,-1.1646,0.0196,,
1791052982617835971,18.183,map,"nav2_feedback of the target goal (map, AMCL-based estimate)",-2.1787,-1.1646,0.0196,,
1791052982628255671,18.183,map,"nav2_feedback of the target goal (map, AMCL-based estimate)",-2.1787,-1.1646,0.0196,,
1791052982638431572,18.183,map,"nav2_feedback of the target goal (map, AMCL-based estimate)",-2.1787,-1.1646,0.0196,,
1791052982648185173,18.183,map,"nav2_feedback of the target goal (map, AMCL-based estimate)",-2.1787,-1.1646,0.0196,,
1791052982658022673,18.183,map,"nav2_feedback of the target goal (map, AMCL-based estimate)",-2.1787,-1.1646,0.0196,,
1791052982669032674,18.200,map,"nav2_feedback of the target goal (map, AMCL-based estimate)",-2.1654,-1.1643,0.0202,,
1791052982677975974,18.200,map,"nav2_feedback of the target goal (map, AMCL-based estimate)",-2.1654,-1.1643,0.0202,,
1791052982688157675,18.200,map,"nav2_feedback of the target goal (map, AMCL-based estimate)",-2.1654,-1.1643,0.0202,,
1791052982697676475,18.217,map,"nav2_feedback of the target goal (map, AMCL-based estimate)",-2.1520,-1.1641,0.0208,,
1791052982709260476,18.217,map,"nav2_feedback of the target goal (map, AMCL-based estimate)",-2.1520,-1.1641,0.0208,,
1791052982717744376,18.217,map,"nav2_feedback of the target goal (map, AMCL-based estimate)",-2.1520,-1.1641,0.0208,,
1791052982727865077,18.217,map,"nav2_feedback of the target goal (map, AMCL-based estimate)",-2.1520,-1.1641,0.0208,,
1791052982737902378,18.217,map,"nav2_feedback of the target goal (map, AMCL-based estimate)",-2.1520,-1.1641,0.0208,,
1791052982748821278,18.217,map,"nav2_feedback of the target goal (map, AMCL-based estimate)",-2.1520,-1.1641,0.0208,,
1791052982757797079,18.233,map,"nav2_feedback of the target goal (map, AMCL-based estimate)",-2.1387,-1.1638,0.0214,,
1791052982767958879,18.233,map,"nav2_feedback of the target goal (map, AMCL-based estimate)",-2.1387,-1.1638,0.0214,,
1791052982777802480,18.233,map,"nav2_feedback of the target goal (map, AMCL-based estimate)",-2.1387,-1.1638,0.0214,,
1791052982788030180,18.250,map,"nav2_feedback of the target goal (map, AMCL-based estimate)",-2.1253,-1.1635,0.0220,,
1791052982797675481,18.250,map,"nav2_feedback of the target goal (map, AMCL-based estimate)",-2.1253,-1.1635,0.0220,,
1791052982807601881,18.250,map,"nav2_feedback of the target goal (map, AMCL-based estimate)",-2.1253,-1.1635,0.0220,,
1791052982817792182,18.250,map,"nav2_feedback of the target goal (map, AMCL-based estimate)",-2.1253,-1.1635,0.0220,,
1791052982827860283,18.250,map,"nav2_feedback of the target goal (map, AMCL-based estimate)",-2.1253,-1.1635,0.0220,,
1791052982838407983,18.250,map,"nav2_feedback of the target goal (map, AMCL-based estimate)",-2.1253,-1.1635,0.0220,,
1791052982847880284,18.267,map,"nav2_feedback of the target goal (map, AMCL-based estimate)",-2.1120,-1.1632,0.0225,,
1791052982857911484,18.267,map,"nav2_feedback of the target goal (map, AMCL-based estimate)",-2.1120,-1.1632,0.0225,,
1791052982868100085,18.267,map,"nav2_feedback of the target goal (map, AMCL-based estimate)",-2.1120,-1.1632,0.0225,,
1791052982877930885,18.267,map,"nav2_feedback of the target goal (map, AMCL-based estimate)",-2.1120,-1.1632,0.0225,,
1791052982887988286,18.283,map,"nav2_feedback of the target goal (map, AMCL-based estimate)",-2.0986,-1.1629,0.0231,,
1791052982897683887,18.283,map,"nav2_feedback of the target goal (map, AMCL-based estimate)",-2.0986,-1.1629,0.0231,,
1791052982907688987,18.283,map,"nav2_feedback of the target goal (map, AMCL-based estimate)",-2.0986,-1.1629,0.0231,,
1791052982917738888,18.283,map,"nav2_feedback of the target goal (map, AMCL-based estimate)",-2.0986,-1.1629,0.0231,,
1791052982927932288,18.283,map,"nav2_feedback of the target goal (map, AMCL-based estimate)",-2.0986,-1.1629,0.0231,,
1791052982938097089,18.300,map,"nav2_feedback of the target goal (map, AMCL-based estimate)",-2.0853,-1.1626,0.0236,,
1791052982947691589,18.300,map,"nav2_feedback of the target goal (map, AMCL-based estimate)",-2.0853,-1.1626,0.0236,,
1791052982957729290,18.300,map,"nav2_feedback of the target goal (map, AMCL-based estimate)",-2.0853,-1.1626,0.0236,,
1791052982968004990,18.317,map,"nav2_feedback of the target goal (map, AMCL-based estimate)",-2.0719,-1.1622,0.0241,,
1791052982977668791,18.317,map,"nav2_feedback of the target goal (map, AMCL-based estimate)",-2.0719,-1.1622,0.0241,,
1791052982988070992,18.317,map,"nav2_feedback of the target goal (map, AMCL-based estimate)",-2.0719,-1.1622,0.0241,,
1791052982997636492,18.317,map,"nav2_feedback of the target goal (map, AMCL-based estimate)",-2.0719,-1.1622,0.0241,,
1791052983007684793,18.317,map,"nav2_feedback of the target goal (map, AMCL-based estimate)",-2.0719,-1.1622,0.0241,,
1791052983017799393,18.317,map,"nav2_feedback of the target goal (map, AMCL-based estimate)",-2.0719,-1.1622,0.0241,,
1791052983027684794,18.333,map,"nav2_feedback of the target goal (map, AMCL-based estimate)",-2.0586,-1.1619,0.0246,,
1791052983038981994,18.333,map,"nav2_feedback of the target goal (map, AMCL-based estimate)",-2.0586,-1.1619,0.0246,,
1791052983047729595,18.333,map,"nav2_feedback of the target goal (map, AMCL-based estimate)",-2.0586,-1.1619,0.0246,,
1791052983057910396,18.350,map,"nav2_feedback of the target goal (map, AMCL-based estimate)",-2.0453,-1.1616,0.0251,,
1791052983067678096,18.350,map,"nav2_feedback of the target goal (map, AMCL-based estimate)",-2.0453,-1.1616,0.0251,,
1791052983077855797,18.350,map,"nav2_feedback of the target goal (map, AMCL-based estimate)",-2.0453,-1.1616,0.0251,,
1791052983088181397,18.350,map,"nav2_feedback of the target goal (map, AMCL-based estimate)",-2.0453,-1.1616,0.0251,,
1791052983097701498,18.350,map,"nav2_feedback of the target goal (map, AMCL-based estimate)",-2.0453,-1.1616,0.0251,,
1791052983107958498,18.350,map,"nav2_feedback of the target goal (map, AMCL-based estimate)",-2.0453,-1.1616,0.0251,,
1791052983117805499,18.367,map,"nav2_feedback of the target goal (map, AMCL-based estimate)",-2.0319,-1.1612,0.0256,,
1791052983127789299,18.367,map,"nav2_feedback of the target goal (map, AMCL-based estimate)",-2.0319,-1.1612,0.0256,,
1791052983138159800,18.383,map,"nav2_feedback of the target goal (map, AMCL-based estimate)",-2.0186,-1.1609,0.0261,,
1791052983147625201,18.383,map,"nav2_feedback of the target goal (map, AMCL-based estimate)",-2.0186,-1.1609,0.0261,,
1791052983157966801,18.383,map,"nav2_feedback of the target goal (map, AMCL-based estimate)",-2.0186,-1.1609,0.0261,,
1791052983167966902,18.383,map,"nav2_feedback of the target goal (map, AMCL-based estimate)",-2.0186,-1.1609,0.0261,,
1791052983177679002,18.383,map,"nav2_feedback of the target goal (map, AMCL-based estimate)",-2.0186,-1.1609,0.0261,,
1791052983188211603,18.383,map,"nav2_feedback of the target goal (map, AMCL-based estimate)",-2.0186,-1.1609,0.0261,,
1791052983197624603,18.400,map,"nav2_feedback of the target goal (map, AMCL-based estimate)",-2.0052,-1.1605,0.0265,,
1791052983207651204,18.400,map,"nav2_feedback of the target goal (map, AMCL-based estimate)",-2.0052,-1.1605,0.0265,,
1791052983217851504,18.400,map,"nav2_feedback of the target goal (map, AMCL-based estimate)",-2.0052,-1.1605,0.0265,,
1791052983227974805,18.417,map,"nav2_feedback of the target goal (map, AMCL-based estimate)",-1.9919,-1.1602,0.0268,,
1791052983237985706,18.417,map,"nav2_feedback of the target goal (map, AMCL-based estimate)",-1.9919,-1.1602,0.0268,,
1791052983248196306,18.417,map,"nav2_feedback of the target goal (map, AMCL-based estimate)",-1.9919,-1.1602,0.0268,,
1791052983257972507,18.417,map,"nav2_feedback of the target goal (map, AMCL-based estimate)",-1.9919,-1.1602,0.0268,,
1791052983268961607,18.417,map,"nav2_feedback of the target goal (map, AMCL-based estimate)",-1.9919,-1.1602,0.0268,,
1791052983277785108,18.433,map,"nav2_feedback of the target goal (map, AMCL-based estimate)",-1.9785,-1.1598,0.0270,,
1791052983288151708,18.433,map,"nav2_feedback of the target goal (map, AMCL-based estimate)",-1.9785,-1.1598,0.0270,,
1791052983297946509,18.433,map,"nav2_feedback of the target goal (map, AMCL-based estimate)",-1.9785,-1.1598,0.0270,,
1791052983307678710,18.450,map,"nav2_feedback of the target goal (map, AMCL-based estimate)",-1.9652,-1.1594,0.0272,,
1791052983317805310,18.450,map,"nav2_feedback of the target goal (map, AMCL-based estimate)",-1.9652,-1.1594,0.0272,,
1791052983327925911,18.450,map,"nav2_feedback of the target goal (map, AMCL-based estimate)",-1.9652,-1.1594,0.0272,,
1791052983337899211,18.450,map,"nav2_feedback of the target goal (map, AMCL-based estimate)",-1.9652,-1.1594,0.0272,,
1791052983347635812,18.450,map,"nav2_feedback of the target goal (map, AMCL-based estimate)",-1.9652,-1.1594,0.0272,,
1791052983357763912,18.450,map,"nav2_feedback of the target goal (map, AMCL-based estimate)",-1.9652,-1.1594,0.0272,,
1791052983367636913,18.467,map,"nav2_feedback of the target goal (map, AMCL-based estimate)",-1.9518,-1.1591,0.0274,,
1791052983378175013,18.467,map,"nav2_feedback of the target goal (map, AMCL-based estimate)",-1.9518,-1.1591,0.0274,,
1791052983387945114,18.467,map,"nav2_feedback of the target goal (map, AMCL-based estimate)",-1.9518,-1.1591,0.0274,,
1791052983397798215,18.483,map,"nav2_feedback of the target goal (map, AMCL-based estimate)",-1.9385,-1.1587,0.0275,,
1791052983407727215,18.483,map,"nav2_feedback of the target goal (map, AMCL-based estimate)",-1.9385,-1.1587,0.0275,,
1791052983418148016,18.483,map,"nav2_feedback of the target goal (map, AMCL-based estimate)",-1.9385,-1.1587,0.0275,,
1791052983427807716,18.483,map,"nav2_feedback of the target goal (map, AMCL-based estimate)",-1.9385,-1.1587,0.0275,,
1791052983438269117,18.483,map,"nav2_feedback of the target goal (map, AMCL-based estimate)",-1.9385,-1.1587,0.0275,,
1791052983447767917,18.483,map,"nav2_feedback of the target goal (map, AMCL-based estimate)",-1.9385,-1.1587,0.0275,,
1791052983458028118,18.500,map,"nav2_feedback of the target goal (map, AMCL-based estimate)",-1.9251,-1.1583,0.0276,,
1791052983467662118,18.500,map,"nav2_feedback of the target goal (map, AMCL-based estimate)",-1.9251,-1.1583,0.0276,,
1791052983477502419,18.517,map,"nav2_feedback of the target goal (map, AMCL-based estimate)",-1.9118,-1.1580,0.0277,,
1791052983487868720,18.517,map,"nav2_feedback of the target goal (map, AMCL-based estimate)",-1.9118,-1.1580,0.0277,,
1791052983497756420,18.517,map,"nav2_feedback of the target goal (map, AMCL-based estimate)",-1.9118,-1.1580,0.0277,,
1791052983507545621,18.517,map,"nav2_feedback of the target goal (map, AMCL-based estimate)",-1.9118,-1.1580,0.0277,,
1791052983518047921,18.517,map,"nav2_feedback of the target goal (map, AMCL-based estimate)",-1.9118,-1.1580,0.0277,,
1791052983529411622,18.517,map,"nav2_feedback of the target goal (map, AMCL-based estimate)",-1.9118,-1.1580,0.0277,,
1791052983538384922,18.517,map,"nav2_feedback of the target goal (map, AMCL-based estimate)",-1.9118,-1.1580,0.0277,,
1791052983547827923,18.533,map,"nav2_feedback of the target goal (map, AMCL-based estimate)",-1.8985,-1.1576,0.0277,,
1791052983558322624,18.533,map,"nav2_feedback of the target goal (map, AMCL-based estimate)",-1.8985,-1.1576,0.0277,,
1791052983567672024,18.533,map,"nav2_feedback of the target goal (map, AMCL-based estimate)",-1.8985,-1.1576,0.0277,,
1791052983578220925,18.550,map,"nav2_feedback of the target goal (map, AMCL-based estimate)",-1.8851,-1.1572,0.0277,,
1791052983588195125,18.550,map,"nav2_feedback of the target goal (map, AMCL-based estimate)",-1.8851,-1.1572,0.0277,,
1791052983597688426,18.550,map,"nav2_feedback of the target goal (map, AMCL-based estimate)",-1.8851,-1.1572,0.0277,,
1791052983607520826,18.550,map,"nav2_feedback of the target goal (map, AMCL-based estimate)",-1.8851,-1.1572,0.0277,,
1791052983617826227,18.550,map,"nav2_feedback of the target goal (map, AMCL-based estimate)",-1.8851,-1.1572,0.0277,,
1791052983627701527,18.550,map,"nav2_feedback of the target goal (map, AMCL-based estimate)",-1.8851,-1.1572,0.0277,,
1791052983638085428,18.567,map,"nav2_feedback of the target goal (map, AMCL-based estimate)",-1.8718,-1.1569,0.0277,,
1791052983647613729,18.567,map,"nav2_feedback of the target goal (map, AMCL-based estimate)",-1.8718,-1.1569,0.0277,,
1791052983657809429,18.567,map,"nav2_feedback of the target goal (map, AMCL-based estimate)",-1.8718,-1.1569,0.0277,,
1791052983667707330,18.583,map,"nav2_feedback of the target goal (map, AMCL-based estimate)",-1.8584,-1.1565,0.0276,,
1791052983677608430,18.583,map,"nav2_feedback of the target goal (map, AMCL-based estimate)",-1.8584,-1.1565,0.0276,,
1791052983687875431,18.583,map,"nav2_feedback of the target goal (map, AMCL-based estimate)",-1.8584,-1.1565,0.0276,,
1791052983697950531,18.583,map,"nav2_feedback of the target goal (map, AMCL-based estimate)",-1.8584,-1.1565,0.0276,,
1791052983707637932,18.583,map,"nav2_feedback of the target goal (map, AMCL-based estimate)",-1.8584,-1.1565,0.0276,,
1791052983717823433,18.600,map,"nav2_feedback of the target goal (map, AMCL-based estimate)",-1.8451,-1.1561,0.0276,,
1791052983727838133,18.600,map,"nav2_feedback of the target goal (map, AMCL-based estimate)",-1.8451,-1.1561,0.0276,,
1791052983738092334,18.600,map,"nav2_feedback of the target goal (map, AMCL-based estimate)",-1.8451,-1.1561,0.0276,,
1791052983748107734,18.617,map,"nav2_feedback of the target goal (map, AMCL-based estimate)",-1.8317,-1.1557,0.0274,,
1791052983757827735,18.617,map,"nav2_feedback of the target goal (map, AMCL-based estimate)",-1.8317,-1.1557,0.0274,,
1791052983767653035,18.617,map,"nav2_feedback of the target goal (map, AMCL-based estimate)",-1.8317,-1.1557,0.0274,,
1791052983778014536,18.617,map,"nav2_feedback of the target goal (map, AMCL-based estimate)",-1.8317,-1.1557,0.0274,,
1791052983787702036,18.617,map,"nav2_feedback of the target goal (map, AMCL-based estimate)",-1.8317,-1.1557,0.0274,,
1791052983797680737,18.617,map,"nav2_feedback of the target goal (map, AMCL-based estimate)",-1.8317,-1.1557,0.0274,,
1791052983807697438,18.633,map,"nav2_feedback of the target goal (map, AMCL-based estimate)",-1.8184,-1.1554,0.0274,,
1791052983818048738,18.633,map,"nav2_feedback of the target goal (map, AMCL-based estimate)",-1.8184,-1.1554,0.0274,,
1791052983827972339,18.633,map,"nav2_feedback of the target goal (map, AMCL-based estimate)",-1.8184,-1.1554,0.0274,,
1791052983838054039,18.650,map,"nav2_feedback of the target goal (map, AMCL-based estimate)",-1.8050,-1.1550,0.0273,,
1791052983848006640,18.650,map,"nav2_feedback of the target goal (map, AMCL-based estimate)",-1.8050,-1.1550,0.0273,,
1791052983857755440,18.650,map,"nav2_feedback of the target goal (map, AMCL-based estimate)",-1.8050,-1.1550,0.0273,,
1791052983868057541,18.650,map,"nav2_feedback of the target goal (map, AMCL-based estimate)",-1.8050,-1.1550,0.0273,,
1791052983877849642,18.650,map,"nav2_feedback of the target goal (map, AMCL-based estimate)",-1.8050,-1.1550,0.0273,,
1791052983888156842,18.650,map,"nav2_feedback of the target goal (map, AMCL-based estimate)",-1.8050,-1.1550,0.0273,,
1791052983897733343,18.667,map,"nav2_feedback of the target goal (map, AMCL-based estimate)",-1.7917,-1.1547,0.0273,,
1791052983907889443,18.667,map,"nav2_feedback of the target goal (map, AMCL-based estimate)",-1.7917,-1.1547,0.0273,,
1791052983917882344,18.667,map,"nav2_feedback of the target goal (map, AMCL-based estimate)",-1.7917,-1.1547,0.0273,,
1791052983927930744,18.683,map,"nav2_feedback of the target goal (map, AMCL-based estimate)",-1.7783,-1.1543,0.0273,,
1791052983938147845,18.683,map,"nav2_feedback of the target goal (map, AMCL-based estimate)",-1.7783,-1.1543,0.0273,,
1791052983947812045,18.683,map,"nav2_feedback of the target goal (map, AMCL-based estimate)",-1.7783,-1.1543,0.0273,,
1791052983959422846,18.683,map,"nav2_feedback of the target goal (map, AMCL-based estimate)",-1.7783,-1.1543,0.0273,,
1791052983967747947,18.683,map,"nav2_feedback of the target goal (map, AMCL-based estimate)",-1.7783,-1.1543,0.0273,,
1791052983977793747,18.683,map,"nav2_feedback of the target goal (map, AMCL-based estimate)",-1.7783,-1.1543,0.0273,,
1791052983987935648,18.700,map,"nav2_feedback of the target goal (map, AMCL-based estimate)",-1.7650,-1.1539,0.0272,,
1791052983997859948,18.700,map,"nav2_feedback of the target goal (map, AMCL-based estimate)",-1.7650,-1.1539,0.0272,,
1791052984007723849,18.717,map,"nav2_feedback of the target goal (map, AMCL-based estimate)",-1.7516,-1.1536,0.0272,,
1791052984017770949,18.717,map,"nav2_feedback of the target goal (map, AMCL-based estimate)",-1.7516,-1.1536,0.0272,,
1791052984027846450,18.717,map,"nav2_feedback of the target goal (map, AMCL-based estimate)",-1.7516,-1.1536,0.0272,,
1791052984037890550,18.717,map,"nav2_feedback of the target goal (map, AMCL-based estimate)",-1.7516,-1.1536,0.0272,,
1791052984047934351,18.717,map,"nav2_feedback of the target goal (map, AMCL-based estimate)",-1.7516,-1.1536,0.0272,,
1791052984057868452,18.717,map,"nav2_feedback of the target goal (map, AMCL-based estimate)",-1.7516,-1.1536,0.0272,,
1791052984067613852,18.717,map,"nav2_feedback of the target goal (map, AMCL-based estimate)",-1.7516,-1.1536,0.0272,,
1791052984077873453,18.733,map,"nav2_feedback of the target goal (map, AMCL-based estimate)",-1.7383,-1.1532,0.0272,,
1791052984088154753,18.733,map,"nav2_feedback of the target goal (map, AMCL-based estimate)",-1.7383,-1.1532,0.0272,,
1791052984097743454,18.750,map,"nav2_feedback of the target goal (map, AMCL-based estimate)",-1.7249,-1.1528,0.0272,,
1791052984107767054,18.750,map,"nav2_feedback of the target goal (map, AMCL-based estimate)",-1.7249,-1.1528,0.0272,,
1791052984117528255,18.750,map,"nav2_feedback of the target goal (map, AMCL-based estimate)",-1.7249,-1.1528,0.0272,,
1791052984127685056,18.750,map,"nav2_feedback of the target goal (map, AMCL-based estimate)",-1.7249,-1.1528,0.0272,,
1791052984138186656,18.750,map,"nav2_feedback of the target goal (map, AMCL-based estimate)",-1.7249,-1.1528,0.0272,,
1791052984147797057,18.750,map,"nav2_feedback of the target goal (map, AMCL-based estimate)",-1.7249,-1.1528,0.0272,,
1791052984157732457,18.767,map,"nav2_feedback of the target goal (map, AMCL-based estimate)",-1.7116,-1.1525,0.0271,,
1791052984167920658,18.767,map,"nav2_feedback of the target goal (map, AMCL-based estimate)",-1.7116,-1.1525,0.0271,,
1791052984177798458,18.767,map,"nav2_feedback of the target goal (map, AMCL-based estimate)",-1.7116,-1.1525,0.0271,,
1791052984188072459,18.767,map,"nav2_feedback of the target goal (map, AMCL-based estimate)",-1.7116,-1.1525,0.0271,,
1791052984197754059,18.783,map,"nav2_feedback of the target goal (map, AMCL-based estimate)",-1.6983,-1.1521,0.0271,,
1791052984207573460,18.783,map,"nav2_feedback of the target goal (map, AMCL-based estimate)",-1.6983,-1.1521,0.0271,,
1791052984217853861,18.783,map,"nav2_feedback of the target goal (map, AMCL-based estimate)",-1.6983,-1.1521,0.0271,,
1791052984228073261,18.783,map,"nav2_feedback of the target goal (map, AMCL-based estimate)",-1.6983,-1.1521,0.0271,,
1791052984237877462,18.783,map,"nav2_feedback of the target goal (map, AMCL-based estimate)",-1.6983,-1.1521,0.0271,,
1791052984248039262,18.800,map,"nav2_feedback of the target goal (map, AMCL-based estimate)",-1.6849,-1.1518,0.0271,,
1791052984257831763,18.800,map,"nav2_feedback of the target goal (map, AMCL-based estimate)",-1.6849,-1.1518,0.0271,,
1791052984267911463,18.817,map,"nav2_feedback of the target goal (map, AMCL-based estimate)",-1.6678,-1.1495,0.0243,,
1791052984277798164,18.817,map,"nav2_feedback of the target goal (map, AMCL-based estimate)",-1.6678,-1.1495,0.0243,,
1791052984287712565,18.817,map,"nav2_feedback of the target goal (map, AMCL-based estimate)",-1.6678,-1.1495,0.0243,,
1791052984297604665,18.817,map,"nav2_feedback of the target goal (map, AMCL-based estimate)",-1.6678,-1.1495,0.0243,,
1791052984308097266,18.817,map,"nav2_feedback of the target goal (map, AMCL-based estimate)",-1.6678,-1.1495,0.0243,,
1791052984317931366,18.817,map,"nav2_feedback of the target goal (map, AMCL-based estimate)",-1.6678,-1.1495,0.0243,,
1791052984327684667,18.833,map,"nav2_feedback of the target goal (map, AMCL-based estimate)",-1.6508,-1.1473,0.0215,,
1791052984337912767,18.833,map,"nav2_feedback of the target goal (map, AMCL-based estimate)",-1.6508,-1.1473,0.0215,,
1791052984347670768,18.833,map,"nav2_feedback of the target goal (map, AMCL-based estimate)",-1.6508,-1.1473,0.0215,,
1791052984357963068,18.850,map,"nav2_feedback of the target goal (map, AMCL-based estimate)",-1.6338,-1.1452,0.0187,,
1791052984367664969,18.850,map,"nav2_feedback of the target goal (map, AMCL-based estimate)",-1.6338,-1.1452,0.0187,,
1791052984377608570,18.850,map,"nav2_feedback of the target goal (map, AMCL-based estimate)",-1.6338,-1.1452,0.0187,,
1791052984389669270,18.850,map,"nav2_feedback of the target goal (map, AMCL-based estimate)",-1.6338,-1.1452,0.0187,,
1791052984397670871,18.850,map,"nav2_feedback of the target goal (map, AMCL-based estimate)",-1.6338,-1.1452,0.0187,,
1791052984407702571,18.850,map,"nav2_feedback of the target goal (map, AMCL-based estimate)",-1.6338,-1.1452,0.0187,,
1791052984417832872,18.867,map,"nav2_feedback of the target goal (map, AMCL-based estimate)",-1.6168,-1.1432,0.0158,,
1791052984428093272,18.867,map,"nav2_feedback of the target goal (map, AMCL-based estimate)",-1.6168,-1.1432,0.0158,,
1791052984438180673,18.883,map,"nav2_feedback of the target goal (map, AMCL-based estimate)",-1.5998,-1.1412,0.0130,,
1791052984447967174,18.883,map,"nav2_feedback of the target goal (map, AMCL-based estimate)",-1.5998,-1.1412,0.0130,,
1791052984457761874,18.883,map,"nav2_feedback of the target goal (map, AMCL-based estimate)",-1.5998,-1.1412,0.0130,,
1791052984467522575,18.883,map,"nav2_feedback of the target goal (map, AMCL-based estimate)",-1.5998,-1.1412,0.0130,,
1791052984478116975,18.883,map,"nav2_feedback of the target goal (map, AMCL-based estimate)",-1.5998,-1.1412,0.0130,,
1791052984487746776,18.883,map,"nav2_feedback of the target goal (map, AMCL-based estimate)",-1.5998,-1.1412,0.0130,,
1791052984497696476,18.900,map,"nav2_feedback of the target goal (map, AMCL-based estimate)",-1.5829,-1.1393,0.0102,,
1791052984507819477,18.900,map,"nav2_feedback of the target goal (map, AMCL-based estimate)",-1.5829,-1.1393,0.0102,,
1791052984517993777,18.900,map,"nav2_feedback of the target goal (map, AMCL-based estimate)",-1.5829,-1.1393,0.0102,,
1791052984527890478,18.917,map,"nav2_feedback of the target goal (map, AMCL-based estimate)",-1.5696,-1.1392,0.0102,,
1791052984537720979,18.917,map,"nav2_feedback of the target goal (map, AMCL-based estimate)",-1.5696,-1.1392,0.0102,,
1791052984547664979,18.917,map,"nav2_feedback of the target goal (map, AMCL-based estimate)",-1.5696,-1.1392,0.0102,,
1791052984559937680,18.917,map,"nav2_feedback of the target goal (map, AMCL-based estimate)",-1.5696,-1.1392,0.0102,,
1791052984568025780,18.917,map,"nav2_feedback of the target goal (map, AMCL-based estimate)",-1.5696,-1.1392,0.0102,,
1791052984578378481,18.917,map,"nav2_feedback of the target goal (map, AMCL-based estimate)",-1.5696,-1.1392,0.0102,,
1791052984587793181,18.933,map,"nav2_feedback of the target goal (map, AMCL-based estimate)",-1.5562,-1.1391,0.0101,,
1791052984597573382,18.933,map,"nav2_feedback of the target goal (map, AMCL-based estimate)",-1.5562,-1.1391,0.0101,,
1791052984607576682,18.950,map,"nav2_feedback of the target goal (map, AMCL-based estimate)",-1.5429,-1.1389,0.0101,,
1791052984617671383,18.950,map,"nav2_feedback of the target goal (map, AMCL-based estimate)",-1.5429,-1.1389,0.0101,,
1791052984627761084,18.950,map,"nav2_feedback of the target goal (map, AMCL-based estimate)",-1.5429,-1.1389,0.0101,,
1791052984640117784,18.950,map,"nav2_feedback of the target goal (map, AMCL-based estimate)",-1.5429,-1.1389,0.0101,,
1791052984647917385,18.950,map,"nav2_feedback of the target goal (map, AMCL-based estimate)",-1.5429,-1.1389,0.0101,,
1791052984657961385,18.950,map,"nav2_feedback of the target goal (map, AMCL-based estimate)",-1.5429,-1.1389,0.0101,,
1791052984667724386,18.967,map,"nav2_feedback of the target goal (map, AMCL-based estimate)",-1.5295,-1.1388,0.0101,,
1791052984679078586,18.967,map,"nav2_feedback of the target goal (map, AMCL-based estimate)",-1.5295,-1.1388,0.0101,,
1791052984688297387,18.967,map,"nav2_feedback of the target goal (map, AMCL-based estimate)",-1.5295,-1.1388,0.0101,,
1791052984697672788,18.983,map,"nav2_feedback of the target goal (map, AMCL-based estimate)",-1.5162,-1.1387,0.0101,,
1791052984707694888,18.983,map,"nav2_feedback of the target goal (map, AMCL-based estimate)",-1.5162,-1.1387,0.0101,,
1791052984717733789,18.983,map,"nav2_feedback of the target goal (map, AMCL-based estimate)",-1.5162,-1.1387,0.0101,,
1791052984727823389,18.983,map,"nav2_feedback of the target goal (map, AMCL-based estimate)",-1.5162,-1.1387,0.0101,,
1791052984738016290,18.983,map,"nav2_feedback of the target goal (map, AMCL-based estimate)",-1.5162,-1.1387,0.0101,,
1791052984749287590,19.000,map,"nav2_feedback of the target goal (map, AMCL-based estimate)",-1.5028,-1.1385,0.0102,,
1791052984757908591,19.000,map,"nav2_feedback of the target goal (map, AMCL-based estimate)",-1.5028,-1.1385,0.0102,,
1791052984767943391,19.000,map,"nav2_feedback of the target goal (map, AMCL-based estimate)",-1.5028,-1.1385,0.0102,,
1791052984777996992,19.000,map,"nav2_feedback of the target goal (map, AMCL-based estimate)",-1.5028,-1.1385,0.0102,,
1791052984789347493,19.017,map,"nav2_feedback of the target goal (map, AMCL-based estimate)",-1.4895,-1.1384,0.0104,,
1791052984797738793,19.017,map,"nav2_feedback of the target goal (map, AMCL-based estimate)",-1.4895,-1.1384,0.0104,,
1791052984807628394,19.017,map,"nav2_feedback of the target goal (map, AMCL-based estimate)",-1.4895,-1.1384,0.0104,,
1791052984817760194,19.017,map,"nav2_feedback of the target goal (map, AMCL-based estimate)",-1.4895,-1.1384,0.0104,,
1791052984827940095,19.017,map,"nav2_feedback of the target goal (map, AMCL-based estimate)",-1.4895,-1.1384,0.0104,,
1791052984838306695,19.017,map,"nav2_feedback of the target goal (map, AMCL-based estimate)",-1.4895,-1.1384,0.0104,,
1791052984847647996,19.033,map,"nav2_feedback of the target goal (map, AMCL-based estimate)",-1.4761,-1.1382,0.0105,,
1791052984857757097,19.033,map,"nav2_feedback of the target goal (map, AMCL-based estimate)",-1.4761,-1.1382,0.0105,,
1791052984867819797,19.033,map,"nav2_feedback of the target goal (map, AMCL-based estimate)",-1.4761,-1.1382,0.0105,,
1791052984877777998,19.050,map,"nav2_feedback of the target goal (map, AMCL-based estimate)",-1.4628,-1.1381,0.0107,,
1791052984887937498,19.050,map,"nav2_feedback of the target goal (map, AMCL-based estimate)",-1.4628,-1.1381,0.0107,,
1791052984897649699,19.050,map,"nav2_feedback of the target goal (map, AMCL-based estimate)",-1.4628,-1.1381,0.0107,,
1791052984908599999,19.050,map,"nav2_feedback of the target goal (map, AMCL-based estimate)",-1.4628,-1.1381,0.0107,,
1791052984917838400,19.050,map,"nav2_feedback of the target goal (map, AMCL-based estimate)",-1.4628,-1.1381,0.0107,,
1791052984927748000,19.050,map,"nav2_feedback of the target goal (map, AMCL-based estimate)",-1.4628,-1.1381,0.0107,,
1791052984937917701,19.067,map,"nav2_feedback of the target goal (map, AMCL-based estimate)",-1.4494,-1.1379,0.0109,,
1791052984949217102,19.067,map,"nav2_feedback of the target goal (map, AMCL-based estimate)",-1.4494,-1.1379,0.0109,,
1791052984957759402,19.067,map,"nav2_feedback of the target goal (map, AMCL-based estimate)",-1.4494,-1.1379,0.0109,,
1791052984967668903,19.083,map,"nav2_feedback of the target goal (map, AMCL-based estimate)",-1.4361,-1.1378,0.0111,,
1791052984977726503,19.083,map,"nav2_feedback of the target goal (map, AMCL-based estimate)",-1.4361,-1.1378,0.0111,,
1791052984987825204,19.083,map,"nav2_feedback of the target goal (map, AMCL-based estimate)",-1.4361,-1.1378,0.0111,,
1791052984997656404,19.083,map,"nav2_feedback of the target goal (map, AMCL-based estimate)",-1.4361,-1.1378,0.0111,,
1791052985008078305,19.083,map,"nav2_feedback of the target goal (map, AMCL-based estimate)",-1.4361,-1.1378,0.0111,,
1791052985017589905,19.083,map,"nav2_feedback of the target goal (map, AMCL-based estimate)",-1.4361,-1.1378,0.0111,,
1791052985027744806,19.100,map,"nav2_feedback of the target goal (map, AMCL-based estimate)",-1.4227,-1.1376,0.0114,,
1791052985037901807,19.100,map,"nav2_feedback of the target goal (map, AMCL-based estimate)",-1.4227,-1.1376,0.0114,,
1791052985047762907,19.117,map,"nav2_feedback of the target goal (map, AMCL-based estimate)",-1.4093,-1.1375,0.0117,,
1791052985057795008,19.117,map,"nav2_feedback of the target goal (map, AMCL-based estimate)",-1.4093,-1.1375,0.0117,,
1791052985067685208,19.117,map,"nav2_feedback of the target goal (map, AMCL-based estimate)",-1.4093,-1.1375,0.0117,,
1791052985077673909,19.117,map,"nav2_feedback of the target goal (map, AMCL-based estimate)",-1.4093,-1.1375,0.0117,,
1791052985087855109,19.117,map,"nav2_feedback of the target goal (map, AMCL-based estimate)",-1.4093,-1.1375,0.0117,,
1791052985099617310,19.117,map,"nav2_feedback of the target goal (map, AMCL-based estimate)",-1.4093,-1.1375,0.0117,,
1791052985108270411,19.117,map,"nav2_feedback of the target goal (map, AMCL-based estimate)",-1.4093,-1.1375,0.0117,,
1791052985117836611,19.133,map,"nav2_feedback of the target goal (map, AMCL-based estimate)",-1.3960,-1.1373,0.0120,,
1791052985127630912,19.133,map,"nav2_feedback of the target goal (map, AMCL-based estimate)",-1.3960,-1.1373,0.0120,,
1791052985138051812,19.150,map,"nav2_feedback of the target goal (map, AMCL-based estimate)",-1.3826,-1.1372,0.0123,,
1791052985147649713,19.150,map,"nav2_feedback of the target goal (map, AMCL-based estimate)",-1.3826,-1.1372,0.0123,,
1791052985157713413,19.150,map,"nav2_feedback of the target goal (map, AMCL-based estimate)",-1.3826,-1.1372,0.0123,,
1791052985167739414,19.150,map,"nav2_feedback of the target goal (map, AMCL-based estimate)",-1.3826,-1.1372,0.0123,,
1791052985179811615,19.150,map,"nav2_feedback of the target goal (map, AMCL-based estimate)",-1.3826,-1.1372,0.0123,,
1791052985188430615,19.150,map,"nav2_feedback of the target goal (map, AMCL-based estimate)",-1.3826,-1.1372,0.0123,,
1791052985197760716,19.167,map,"nav2_feedback of the target goal (map, AMCL-based estimate)",-1.3693,-1.1370,0.0128,,
1791052985207590516,19.167,map,"nav2_feedback of the target goal (map, AMCL-based estimate)",-1.3693,-1.1370,0.0128,,
1791052985217783517,19.167,map,"nav2_feedback of the target goal (map, AMCL-based estimate)",-1.3693,-1.1370,0.0128,,
1791052985227687717,19.183,map,"nav2_feedback of the target goal (map, AMCL-based estimate)",-1.3559,-1.1368,0.0134,,
1791052985237819218,19.183,map,"nav2_feedback of the target goal (map, AMCL-based estimate)",-1.3559,-1.1368,0.0134,,
1791052985247889418,19.183,map,"nav2_feedback of the target goal (map, AMCL-based estimate)",-1.3559,-1.1368,0.0134,,
1791052985257718919,19.183,map,"nav2_feedback of the target goal (map, AMCL-based estimate)",-1.3559,-1.1368,0.0134,,
1791052985267776120,19.183,map,"nav2_feedback of the target goal (map, AMCL-based estimate)",-1.3559,-1.1368,0.0134,,
1791052985277798320,19.183,map,"nav2_feedback of the target goal (map, AMCL-based estimate)",-1.3559,-1.1368,0.0134,,
1791052985288391421,19.200,map,"nav2_feedback of the target goal (map, AMCL-based estimate)",-1.3426,-1.1366,0.0140,,
1791052985297693821,19.200,map,"nav2_feedback of the target goal (map, AMCL-based estimate)",-1.3426,-1.1366,0.0140,,
1791052985307576022,19.217,map,"nav2_feedback of the target goal (map, AMCL-based estimate)",-1.3292,-1.1364,0.0148,,
1791052985317834222,19.217,map,"nav2_feedback of the target goal (map, AMCL-based estimate)",-1.3292,-1.1364,0.0148,,
1791052985327801823,19.217,map,"nav2_feedback of the target goal (map, AMCL-based estimate)",-1.3292,-1.1364,0.0148,,
1791052985337899823,19.217,map,"nav2_feedback of the target goal (map, AMCL-based estimate)",-1.3292,-1.1364,0.0148,,
1791052985347709724,19.217,map,"nav2_feedback of the target goal (map, AMCL-based estimate)",-1.3292,-1.1364,0.0148,,
1791052985359594725,19.217,map,"nav2_feedback of the target goal (map, AMCL-based estimate)",-1.3292,-1.1364,0.0148,,
1791052985368079025,19.217,map,"nav2_feedback of the target goal (map, AMCL-based estimate)",-1.3292,-1.1364,0.0148,,
1791052985377656826,19.233,map,"nav2_feedback of the target goal (map, AMCL-based estimate)",-1.3159,-1.1362,0.0156,,
1791052985388075226,19.233,map,"nav2_feedback of the target goal (map, AMCL-based estimate)",-1.3159,-1.1362,0.0156,,
1791052985397699727,19.250,map,"nav2_feedback of the target goal (map, AMCL-based estimate)",-1.3025,-1.1360,0.0166,,
1791052985407747227,19.250,map,"nav2_feedback of the target goal (map, AMCL-based estimate)",-1.3025,-1.1360,0.0166,,
1791052985417752828,19.250,map,"nav2_feedback of the target goal (map, AMCL-based estimate)",-1.3025,-1.1360,0.0166,,
1791052985428147229,19.250,map,"nav2_feedback of the target goal (map, AMCL-based estimate)",-1.3025,-1.1360,0.0166,,
1791052985440021929,19.250,map,"nav2_feedback of the target goal (map, AMCL-based estimate)",-1.3025,-1.1360,0.0166,,
1791052985448255830,19.250,map,"nav2_feedback of the target goal (map, AMCL-based estimate)",-1.3025,-1.1360,0.0166,,
1791052985457806830,19.267,map,"nav2_feedback of the target goal (map, AMCL-based estimate)",-1.2892,-1.1358,0.0176,,
1791052985467672931,19.267,map,"nav2_feedback of the target goal (map, AMCL-based estimate)",-1.2892,-1.1358,0.0176,,
1791052985478523731,19.267,map,"nav2_feedback of the target goal (map, AMCL-based estimate)",-1.2892,-1.1358,0.0176,,
1791052985488207232,19.267,map,"nav2_feedback of the target goal (map, AMCL-based estimate)",-1.2892,-1.1358,0.0176,,
1791052985497817332,19.283,map,"nav2_feedback of the target goal (map, AMCL-based estimate)",-1.2758,-1.1355,0.0187,,
1791052985507590733,19.283,map,"nav2_feedback of the target goal (map, AMCL-based estimate)",-1.2758,-1.1355,0.0187,,
1791052985517544234,19.283,map,"nav2_feedback of the target goal (map, AMCL-based estimate)",-1.2758,-1.1355,0.0187,,
1791052985527724534,19.283,map,"nav2_feedback of the target goal (map, AMCL-based estimate)",-1.2758,-1.1355,0.0187,,
1791052985538035435,19.283,map,"nav2_feedback of the target goal (map, AMCL-based estimate)",-1.2758,-1.1355,0.0187,,
1791052985548035735,19.300,map,"nav2_feedback of the target goal (map, AMCL-based estimate)",-1.2625,-1.1353,0.0197,,
1791052985558071536,19.300,map,"nav2_feedback of the target goal (map, AMCL-based estimate)",-1.2625,-1.1353,0.0197,,
1791052985567938936,19.300,map,"nav2_feedback of the target goal (map, AMCL-based estimate)",-1.2625,-1.1353,0.0197,,
1791052985577813237,19.317,map,"nav2_feedback of the target goal (map, AMCL-based estimate)",-1.2491,-1.1350,0.0206,,
1791052985588465438,19.317,map,"nav2_feedback of the target goal (map, AMCL-based estimate)",-1.2491,-1.1350,0.0206,,
1791052985597731338,19.317,map,"nav2_feedback of the target goal (map, AMCL-based estimate)",-1.2491,-1.1350,0.0206,,
1791052985608067139,19.317,map,"nav2_feedback of the target goal (map, AMCL-based estimate)",-1.2491,-1.1350,0.0206,,
1791052985617593839,19.317,map,"nav2_feedback of the target goal (map, AMCL-based estimate)",-1.2491,-1.1350,0.0206,,
1791052985627809440,19.317,map,"nav2_feedback of the target goal (map, AMCL-based estimate)",-1.2491,-1.1350,0.0206,,
1791052985638075940,19.333,map,"nav2_feedback of the target goal (map, AMCL-based estimate)",-1.2358,-1.1347,0.0215,,
1791052985647679841,19.333,map,"nav2_feedback of the target goal (map, AMCL-based estimate)",-1.2358,-1.1347,0.0215,,
1791052985657693541,19.333,map,"nav2_feedback of the target goal (map, AMCL-based estimate)",-1.2358,-1.1347,0.0215,,
1791052985669389842,19.350,map,"nav2_feedback of the target goal (map, AMCL-based estimate)",-1.2225,-1.1344,0.0224,,
1791052985677855543,19.350,map,"nav2_feedback of the target goal (map, AMCL-based estimate)",-1.2225,-1.1344,0.0224,,
1791052985688560943,19.350,map,"nav2_feedback of the target goal (map, AMCL-based estimate)",-1.2225,-1.1344,0.0224,,
1791052985697638844,19.350,map,"nav2_feedback of the target goal (map, AMCL-based estimate)",-1.2225,-1.1344,0.0224,,
1791052985708330644,19.350,map,"nav2_feedback of the target goal (map, AMCL-based estimate)",-1.2225,-1.1344,0.0224,,
1791052985718085445,19.350,map,"nav2_feedback of the target goal (map, AMCL-based estimate)",-1.2225,-1.1344,0.0224,,
1791052985727893445,19.367,map,"nav2_feedback of the target goal (map, AMCL-based estimate)",-1.2093,-1.1341,0.0233,,
1791052985737912146,19.367,map,"nav2_feedback of the target goal (map, AMCL-based estimate)",-1.2093,-1.1341,0.0233,,
1791052985747718146,19.383,map,"nav2_feedback of the target goal (map, AMCL-based estimate)",-1.1965,-1.1338,0.0240,,
1791052985757613647,19.383,map,"nav2_feedback of the target goal (map, AMCL-based estimate)",-1.1965,-1.1338,0.0240,,
1791052985767643748,19.383,map,"nav2_feedback of the target goal (map, AMCL-based estimate)",-1.1965,-1.1338,0.0240,,
1791052985778241948,19.383,map,"nav2_feedback of the target goal (map, AMCL-based estimate)",-1.1965,-1.1338,0.0240,,
1791052985788201449,19.383,map,"nav2_feedback of the target goal (map, AMCL-based estimate)",-1.1965,-1.1338,0.0240,,
1791052985797664349,19.383,map,"nav2_feedback of the target goal (map, AMCL-based estimate)",-1.1965,-1.1338,0.0240,,
1791052985807727550,19.400,map,"nav2_feedback of the target goal (map, AMCL-based estimate)",-1.1837,-1.1335,0.0248,,
1791052985818410950,19.400,map,"nav2_feedback of the target goal (map, AMCL-based estimate)",-1.1837,-1.1335,0.0248,,
1791052985827777351,19.400,map,"nav2_feedback of the target goal (map, AMCL-based estimate)",-1.1837,-1.1335,0.0248,,
1791052985837913752,19.417,map,"nav2_feedback of the target goal (map, AMCL-based estimate)",-1.1711,-1.1331,0.0257,,
1791052985847653852,19.417,map,"nav2_feedback of the target goal (map, AMCL-based estimate)",-1.1711,-1.1331,0.0257,,
1791052985857887353,19.417,map,"nav2_feedback of the target goal (map, AMCL-based estimate)",-1.1711,-1.1331,0.0257,,
1791052985868220653,19.417,map,"nav2_feedback of the target goal (map, AMCL-based estimate)",-1.1711,-1.1331,0.0257,,
1791052985878011554,19.417,map,"nav2_feedback of the target goal (map, AMCL-based estimate)",-1.1711,-1.1331,0.0257,,
1791052985887966254,19.417,map,"nav2_feedback of the target goal (map, AMCL-based estimate)",-1.1711,-1.1331,0.0257,,
1791052985897778455,19.433,map,"nav2_feedback of the target goal (map, AMCL-based estimate)",-1.1586,-1.1328,0.0265,,
1791052985907592855,19.433,map,"nav2_feedback of the target goal (map, AMCL-based estimate)",-1.1586,-1.1328,0.0265,,
1791052985917556756,19.450,map,"nav2_feedback of the target goal (map, AMCL-based estimate)",-1.1462,-1.1325,0.0272,,
1791052985927827357,19.450,map,"nav2_feedback of the target goal (map, AMCL-based estimate)",-1.1462,-1.1325,0.0272,,
1791052985937888857,19.450,map,"nav2_feedback of the target goal (map, AMCL-based estimate)",-1.1462,-1.1325,0.0272,,
1791052985947622558,19.450,map,"nav2_feedback of the target goal (map, AMCL-based estimate)",-1.1462,-1.1325,0.0272,,
1791052985958097458,19.450,map,"nav2_feedback of the target goal (map, AMCL-based estimate)",-1.1462,-1.1325,0.0272,,
1791052985967760559,19.450,map,"nav2_feedback of the target goal (map, AMCL-based estimate)",-1.1462,-1.1325,0.0272,,
1791052985977867059,19.467,map,"nav2_feedback of the target goal (map, AMCL-based estimate)",-1.1339,-1.1321,0.0279,,
1791052985987973460,19.467,map,"nav2_feedback of the target goal (map, AMCL-based estimate)",-1.1339,-1.1321,0.0279,,
1791052985997685560,19.467,map,"nav2_feedback of the target goal (map, AMCL-based estimate)",-1.1339,-1.1321,0.0279,,
1791052986007678461,19.483,map,"nav2_feedback of the target goal (map, AMCL-based estimate)",-1.1217,-1.1318,0.0285,,
1791052986017706362,19.483,map,"nav2_feedback of the target goal (map, AMCL-based estimate)",-1.1217,-1.1318,0.0285,,
1791052986027718362,19.483,map,"nav2_feedback of the target goal (map, AMCL-based estimate)",-1.1217,-1.1318,0.0285,,
1791052986037760763,19.483,map,"nav2_feedback of the target goal (map, AMCL-based estimate)",-1.1217,-1.1318,0.0285,,
1791052986047854763,19.483,map,"nav2_feedback of the target goal (map, AMCL-based estimate)",-1.1217,-1.1318,0.0285,,
1791052986057972464,19.483,map,"nav2_feedback of the target goal (map, AMCL-based estimate)",-1.1217,-1.1318,0.0285,,
1791052986067829964,19.500,map,"nav2_feedback of the target goal (map, AMCL-based estimate)",-1.1097,-1.1314,0.0291,,
1791052986078528865,19.500,map,"nav2_feedback of the target goal (map, AMCL-based estimate)",-1.1097,-1.1314,0.0291,,
1791052986088152566,19.500,map,"nav2_feedback of the target goal (map, AMCL-based estimate)",-1.1097,-1.1314,0.0291,,
1791052986097744666,19.517,map,"nav2_feedback of the target goal (map, AMCL-based estimate)",-1.0978,-1.1311,0.0297,,
1791052986107743567,19.517,map,"nav2_feedback of the target goal (map, AMCL-based estimate)",-1.0978,-1.1311,0.0297,,
1791052986119925267,19.517,map,"nav2_feedback of the target goal (map, AMCL-based estimate)",-1.0978,-1.1311,0.0297,,
1791052986128277168,19.517,map,"nav2_feedback of the target goal (map, AMCL-based estimate)",-1.0978,-1.1311,0.0297,,
1791052986137919568,19.517,map,"nav2_feedback of the target goal (map, AMCL-based estimate)",-1.0978,-1.1311,0.0297,,
1791052986147743369,19.517,map,"nav2_feedback of the target goal (map, AMCL-based estimate)",-1.0978,-1.1311,0.0297,,
1791052986158292269,19.517,map,"nav2_feedback of the target goal (map, AMCL-based estimate)",-1.0978,-1.1311,0.0297,,
1791052986167792670,19.533,map,"nav2_feedback of the target goal (map, AMCL-based estimate)",-1.0860,-1.1307,0.0303,,
1791052986177762971,19.533,map,"nav2_feedback of the target goal (map, AMCL-based estimate)",-1.0860,-1.1307,0.0303,,
1791052986187913871,19.533,map,"nav2_feedback of the target goal (map, AMCL-based estimate)",-1.0860,-1.1307,0.0303,,
1791052986197659672,19.550,map,"nav2_feedback of the target goal (map, AMCL-based estimate)",-1.0746,-1.1304,0.0309,,
1791052986207737972,19.550,map,"nav2_feedback of the target goal (map, AMCL-based estimate)",-1.0746,-1.1304,0.0309,,
1791052986217604473,19.550,map,"nav2_feedback of the target goal (map, AMCL-based estimate)",-1.0746,-1.1304,0.0309,,
1791052986228067973,19.550,map,"nav2_feedback of the target goal (map, AMCL-based estimate)",-1.0746,-1.1304,0.0309,,
1791052986238002874,19.550,map,"nav2_feedback of the target goal (map, AMCL-based estimate)",-1.0746,-1.1304,0.0309,,
1791052986248242275,19.550,map,"nav2_feedback of the target goal (map, AMCL-based estimate)",-1.0746,-1.1304,0.0309,,
1791052986257759275,19.567,map,"nav2_feedback of the target goal (map, AMCL-based estimate)",-1.0633,-1.1300,0.0314,,
1791052986267676976,19.567,map,"nav2_feedback of the target goal (map, AMCL-based estimate)",-1.0633,-1.1300,0.0314,,
1791052986277922276,19.567,map,"nav2_feedback of the target goal (map, AMCL-based estimate)",-1.0633,-1.1300,0.0314,,
1791052986288292677,19.583,map,"nav2_feedback of the target goal (map, AMCL-based estimate)",-1.0520,-1.1297,0.0320,,
1791052986297700377,19.583,map,"nav2_feedback of the target goal (map, AMCL-based estimate)",-1.0520,-1.1297,0.0320,,
1791052986307863178,19.583,map,"nav2_feedback of the target goal (map, AMCL-based estimate)",-1.0520,-1.1297,0.0320,,
1791052986317913778,19.583,map,"nav2_feedback of the target goal (map, AMCL-based estimate)",-1.0520,-1.1297,0.0320,,
1791052986327697279,19.583,map,"nav2_feedback of the target goal (map, AMCL-based estimate)",-1.0520,-1.1297,0.0320,,
1791052986338130080,19.600,map,"nav2_feedback of the target goal (map, AMCL-based estimate)",-1.0408,-1.1293,0.0325,,
1791052986347764280,19.600,map,"nav2_feedback of the target goal (map, AMCL-based estimate)",-1.0408,-1.1293,0.0325,,
1791052986357833381,19.600,map,"nav2_feedback of the target goal (map, AMCL-based estimate)",-1.0408,-1.1293,0.0325,,
1791052986367641881,19.617,map,"nav2_feedback of the target goal (map, AMCL-based estimate)",-1.0295,-1.1289,0.0330,,
1791052986377681582,19.617,map,"nav2_feedback of the target goal (map, AMCL-based estimate)",-1.0295,-1.1289,0.0330,,
1791052986387758882,19.617,map,"nav2_feedback of the target goal (map, AMCL-based estimate)",-1.0295,-1.1289,0.0330,,
1791052986397734983,19.617,map,"nav2_feedback of the target goal (map, AMCL-based estimate)",-1.0295,-1.1289,0.0330,,
1791052986407653983,19.617,map,"nav2_feedback of the target goal (map, AMCL-based estimate)",-1.0295,-1.1289,0.0330,,
1791052986417932884,19.617,map,"nav2_feedback of the target goal (map, AMCL-based estimate)",-1.0295,-1.1289,0.0330,,
1791052986427984385,19.617,map,"nav2_feedback of the target goal (map, AMCL-based estimate)",-1.0295,-1.1289,0.0330,,
1791052986438370685,19.633,map,"nav2_feedback of the target goal (map, AMCL-based estimate)",-1.0185,-1.1285,0.0334,,
1791052986447651286,19.633,map,"nav2_feedback of the target goal (map, AMCL-based estimate)",-1.0185,-1.1285,0.0334,,
1791052986457816286,19.650,map,"nav2_feedback of the target goal (map, AMCL-based estimate)",-1.0077,-1.1282,0.0339,,
1791052986467861087,19.650,map,"nav2_feedback of the target goal (map, AMCL-based estimate)",-1.0077,-1.1282,0.0339,,
1791052986477880887,19.650,map,"nav2_feedback of the target goal (map, AMCL-based estimate)",-1.0077,-1.1282,0.0339,,
1791052986487887088,19.650,map,"nav2_feedback of the target goal (map, AMCL-based estimate)",-1.0077,-1.1282,0.0339,,
1791052986497886789,19.650,map,"nav2_feedback of the target goal (map, AMCL-based estimate)",-1.0077,-1.1282,0.0339,,
1791052986507713689,19.650,map,"nav2_feedback of the target goal (map, AMCL-based estimate)",-1.0077,-1.1282,0.0339,,
1791052986518000890,19.667,map,"nav2_feedback of the target goal (map, AMCL-based estimate)",-0.9971,-1.1278,0.0343,,
1791052986527862990,19.667,map,"nav2_feedback of the target goal (map, AMCL-based estimate)",-0.9971,-1.1278,0.0343,,
1791052986538150091,19.667,map,"nav2_feedback of the target goal (map, AMCL-based estimate)",-0.9971,-1.1278,0.0343,,
1791052986547933691,19.683,map,"nav2_feedback of the target goal (map, AMCL-based estimate)",-0.9866,-1.1275,0.0347,,
1791052986557682792,19.683,map,"nav2_feedback of the target goal (map, AMCL-based estimate)",-0.9866,-1.1275,0.0347,,
1791052986568237493,19.683,map,"nav2_feedback of the target goal (map, AMCL-based estimate)",-0.9866,-1.1275,0.0347,,
1791052986578095493,19.683,map,"nav2_feedback of the target goal (map, AMCL-based estimate)",-0.9866,-1.1275,0.0347,,
1791052986587942994,19.683,map,"nav2_feedback of the target goal (map, AMCL-based estimate)",-0.9866,-1.1275,0.0347,,
1791052986597808894,19.700,map,"nav2_feedback of the target goal (map, AMCL-based estimate)",-0.9760,-1.1271,0.0351,,
1791052986607855495,19.700,map,"nav2_feedback of the target goal (map, AMCL-based estimate)",-0.9760,-1.1271,0.0351,,
1791052986617963995,19.700,map,"nav2_feedback of the target goal (map, AMCL-based estimate)",-0.9760,-1.1271,0.0351,,
1791052986627755696,19.717,map,"nav2_feedback of the target goal (map, AMCL-based estimate)",-0.9655,-1.1267,0.0355,,
1791052986638162696,19.717,map,"nav2_feedback of the target goal (map, AMCL-based estimate)",-0.9655,-1.1267,0.0355,,
1791052986647764997,19.717,map,"nav2_feedback of the target goal (map, AMCL-based estimate)",-0.9655,-1.1267,0.0355,,
1791052986657652798,19.717,map,"nav2_feedback of the target goal (map, AMCL-based estimate)",-0.9655,-1.1267,0.0355,,
1791052986667713598,19.717,map,"nav2_feedback of the target goal (map, AMCL-based estimate)",-0.9655,-1.1267,0.0355,,
1791052986677590999,19.717,map,"nav2_feedback of the target goal (map, AMCL-based estimate)",-0.9655,-1.1267,0.0355,,
1791052986688158599,19.733,map,"nav2_feedback of the target goal (map, AMCL-based estimate)",-0.9552,-1.1263,0.0359,,
1791052986697710600,19.733,map,"nav2_feedback of the target goal (map, AMCL-based estimate)",-0.9552,-1.1263,0.0359,,
1791052986707644100,19.733,map,"nav2_feedback of the target goal (map, AMCL-based estimate)",-0.9552,-1.1263,0.0359,,
1791052986719306301,19.750,map,"nav2_feedback of the target goal (map, AMCL-based estimate)",-0.9451,-1.1260,0.0362,,
1791052986727916101,19.750,map,"nav2_feedback of the target goal (map, AMCL-based estimate)",-0.9451,-1.1260,0.0362,,
1791052986737936602,19.750,map,"nav2_feedback of the target goal (map, AMCL-based estimate)",-0.9451,-1.1260,0.0362,,
1791052986747507503,19.750,map,"nav2_feedback of the target goal (map, AMCL-based estimate)",-0.9451,-1.1260,0.0362,,
1791052986757840503,19.750,map,"nav2_feedback of the target goal (map, AMCL-based estimate)",-0.9451,-1.1260,0.0362,,
1791052986767828504,19.750,map,"nav2_feedback of the target goal (map, AMCL-based estimate)",-0.9451,-1.1260,0.0362,,
1791052986777552504,19.767,map,"nav2_feedback of the target goal (map, AMCL-based estimate)",-0.9352,-1.1256,0.0366,,
1791052986787780805,19.767,map,"nav2_feedback of the target goal (map, AMCL-based estimate)",-0.9352,-1.1256,0.0366,,
1791052986797776205,19.767,map,"nav2_feedback of the target goal (map, AMCL-based estimate)",-0.9352,-1.1256,0.0366,,
1791052986807709806,19.767,map,"nav2_feedback of the target goal (map, AMCL-based estimate)",-0.9352,-1.1256,0.0366,,
1791052986817789507,19.783,map,"nav2_feedback of the target goal (map, AMCL-based estimate)",-0.9253,-1.1252,0.0369,,
1791052986827730607,19.783,map,"nav2_feedback of the target goal (map, AMCL-based estimate)",-0.9253,-1.1252,0.0369,,
1791052986837785308,19.783,map,"nav2_feedback of the target goal (map, AMCL-based estimate)",-0.9253,-1.1252,0.0369,,
1791052986847662208,19.783,map,"nav2_feedback of the target goal (map, AMCL-based estimate)",-0.9253,-1.1252,0.0369,,
1791052986858210009,19.783,map,"nav2_feedback of the target goal (map, AMCL-based estimate)",-0.9253,-1.1252,0.0369,,
1791052986867810409,19.800,map,"nav2_feedback of the target goal (map, AMCL-based estimate)",-0.9157,-1.1249,0.0372,,
1791052986877783610,19.800,map,"nav2_feedback of the target goal (map, AMCL-based estimate)",-0.9157,-1.1249,0.0372,,
1791052986888124610,19.817,map,"nav2_feedback of the target goal (map, AMCL-based estimate)",-0.9064,-1.1245,0.0376,,
1791052986897703111,19.817,map,"nav2_feedback of the target goal (map, AMCL-based estimate)",-0.9064,-1.1245,0.0376,,
1791052986907694812,19.817,map,"nav2_feedback of the target goal (map, AMCL-based estimate)",-0.9064,-1.1245,0.0376,,
1791052986917652712,19.817,map,"nav2_feedback of the target goal (map, AMCL-based estimate)",-0.9064,-1.1245,0.0376,,
1791052986928004113,19.817,map,"nav2_feedback of the target goal (map, AMCL-based estimate)",-0.9064,-1.1245,0.0376,,
1791052986938208513,19.817,map,"nav2_feedback of the target goal (map, AMCL-based estimate)",-0.9064,-1.1245,0.0376,,
1791052986947805614,19.817,map,"nav2_feedback of the target goal (map, AMCL-based estimate)",-0.9064,-1.1245,0.0376,,
1791052986958607014,19.833,map,"nav2_feedback of the target goal (map, AMCL-based estimate)",-0.8971,-1.1242,0.0379,,
1791052986967785715,19.833,map,"nav2_feedback of the target goal (map, AMCL-based estimate)",-0.8971,-1.1242,0.0379,,
1791052986977645115,19.850,map,"nav2_feedback of the target goal (map, AMCL-based estimate)",-0.8880,-1.1238,0.0382,,
1791052986987875916,19.850,map,"nav2_feedback of the target goal (map, AMCL-based estimate)",-0.8880,-1.1238,0.0382,,
1791052986997673617,19.850,map,"nav2_feedback of the target goal (map, AMCL-based estimate)",-0.8880,-1.1238,0.0382,,
1791052987007581817,19.850,map,"nav2_feedback of the target goal (map, AMCL-based estimate)",-0.8880,-1.1238,0.0382,,
1791052987017711918,19.850,map,"nav2_feedback of the target goal (map, AMCL-based estimate)",-0.8880,-1.1238,0.0382,,
1791052987030001218,19.850,map,"nav2_feedback of the target goal (map, AMCL-based estimate)",-0.8880,-1.1238,0.0382,,
1791052987038140419,19.867,map,"nav2_feedback of the target goal (map, AMCL-based estimate)",-0.8788,-1.1235,0.0384,,
1791052987047853019,19.867,map,"nav2_feedback of the target goal (map, AMCL-based estimate)",-0.8788,-1.1235,0.0384,,
1791052987057726720,19.867,map,"nav2_feedback of the target goal (map, AMCL-based estimate)",-0.8788,-1.1235,0.0384,,
1791052987067879821,19.883,map,"nav2_feedback of the target goal (map, AMCL-based estimate)",-0.8697,-1.1231,0.0387,,
1791052987077611021,19.883,map,"nav2_feedback of the target goal (map, AMCL-based estimate)",-0.8697,-1.1231,0.0387,,
1791052987087933222,19.883,map,"nav2_feedback of the target goal (map, AMCL-based estimate)",-0.8697,-1.1231,0.0387,,
1791052987098028622,19.883,map,"nav2_feedback of the target goal (map, AMCL-based estimate)",-0.8697,-1.1231,0.0387,,
1791052987107548123,19.883,map,"nav2_feedback of the target goal (map, AMCL-based estimate)",-0.8697,-1.1231,0.0387,,
1791052987117951323,19.883,map,"nav2_feedback of the target goal (map, AMCL-based estimate)",-0.8697,-1.1231,0.0387,,
1791052987128081524,19.900,map,"nav2_feedback of the target goal (map, AMCL-based estimate)",-0.8606,-1.1228,0.0390,,
1791052987138030024,19.900,map,"nav2_feedback of the target goal (map, AMCL-based estimate)",-0.8606,-1.1228,0.0390,,
1791052987147708825,19.900,map,"nav2_feedback of the target goal (map, AMCL-based estimate)",-0.8606,-1.1228,0.0390,,
1791052987157778826,19.917,map,"nav2_feedback of the target goal (map, AMCL-based estimate)",-0.8514,-1.1224,0.0392,,
1791052987167813626,19.917,map,"nav2_feedback of the target goal (map, AMCL-based estimate)",-0.8514,-1.1224,0.0392,,
1791052987177645627,19.917,map,"nav2_feedback of the target goal (map, AMCL-based estimate)",-0.8514,-1.1224,0.0392,,
1791052987187707827,19.917,map,"nav2_feedback of the target goal (map, AMCL-based estimate)",-0.8514,-1.1224,0.0392,,
1791052987197881428,19.917,map,"nav2_feedback of the target goal (map, AMCL-based estimate)",-0.8514,-1.1224,0.0392,,
1791052987207847628,19.917,map,"nav2_feedback of the target goal (map, AMCL-based estimate)",-0.8514,-1.1224,0.0392,,
1791052987218018129,19.933,map,"nav2_feedback of the target goal (map, AMCL-based estimate)",-0.8425,-1.1221,0.0395,,
1791052987227875430,19.933,map,"nav2_feedback of the target goal (map, AMCL-based estimate)",-0.8425,-1.1221,0.0395,,
1791052987237881430,19.950,map,"nav2_feedback of the target goal (map, AMCL-based estimate)",-0.8339,-1.1217,0.0398,,
1791052987247797631,19.950,map,"nav2_feedback of the target goal (map, AMCL-based estimate)",-0.8339,-1.1217,0.0398,,
1791052987257678831,19.950,map,"nav2_feedback of the target goal (map, AMCL-based estimate)",-0.8339,-1.1217,0.0398,,
1791052987267603132,19.950,map,"nav2_feedback of the target goal (map, AMCL-based estimate)",-0.8339,-1.1217,0.0398,,
1791052987277914932,19.950,map,"nav2_feedback of the target goal (map, AMCL-based estimate)",-0.8339,-1.1217,0.0398,,
1791052987288056733,19.950,map,"nav2_feedback of the target goal (map, AMCL-based estimate)",-0.8339,-1.1217,0.0398,,
1791052987297688833,19.967,map,"nav2_feedback of the target goal (map, AMCL-based estimate)",-0.8254,-1.1214,0.0400,,
1791052987309767434,19.967,map,"nav2_feedback of the target goal (map, AMCL-based estimate)",-0.8254,-1.1214,0.0400,,
1791052987318281435,19.967,map,"nav2_feedback of the target goal (map, AMCL-based estimate)",-0.8254,-1.1214,0.0400,,
1791052987327812035,19.983,map,"nav2_feedback of the target goal (map, AMCL-based estimate)",-0.8169,-1.1210,0.0402,,
1791052987338003536,19.983,map,"nav2_feedback of the target goal (map, AMCL-based estimate)",-0.8169,-1.1210,0.0402,,
1791052987348151025,19.983,map,"nav2_feedback of the target goal (map, AMCL-based estimate)",-0.8169,-1.1210,0.0402,,
1791052987357642118,19.983,map,"nav2_feedback of the target goal (map, AMCL-based estimate)",-0.8169,-1.1210,0.0402,,
1791052987367716842,19.983,map,"nav2_feedback of the target goal (map, AMCL-based estimate)",-0.8169,-1.1210,0.0402,,
1791052987378266010,19.983,map,"nav2_feedback of the target goal (map, AMCL-based estimate)",-0.8169,-1.1210,0.0402,,
1791052987388098999,20.000,map,"nav2_feedback of the target goal (map, AMCL-based estimate)",-0.8085,-1.1207,0.0404,,
1791052987397816085,20.000,map,"nav2_feedback of the target goal (map, AMCL-based estimate)",-0.8085,-1.1207,0.0404,,
1791052987408183275,20.000,map,"nav2_feedback of the target goal (map, AMCL-based estimate)",-0.8085,-1.1207,0.0404,,
1791052987417886525,20.017,map,"nav2_feedback of the target goal (map, AMCL-based estimate)",-0.8001,-1.1153,0.0427,,
1791052987427596592,20.017,map,"nav2_feedback of the target goal (map, AMCL-based estimate)",-0.8001,-1.1153,0.0427,,
1791052987437711421,20.017,map,"nav2_feedback of the target goal (map, AMCL-based estimate)",-0.8001,-1.1153,0.0427,,
1791052987447647681,20.017,map,"nav2_feedback of the target goal (map, AMCL-based estimate)",-0.8001,-1.1153,0.0427,,
1791052987458051167,20.017,map,"nav2_feedback of the target goal (map, AMCL-based estimate)",-0.8001,-1.1153,0.0427,,
1791052987467546471,20.017,map,"nav2_feedback of the target goal (map, AMCL-based estimate)",-0.8001,-1.1153,0.0427,,
1791052987477738402,20.017,map,"nav2_feedback of the target goal (map, AMCL-based estimate)",-0.8001,-1.1153,0.0427,,
1791052987487833278,20.033,map,"nav2_feedback of the target goal (map, AMCL-based estimate)",-0.7919,-1.1099,0.0449,,
1791052987497644812,20.033,map,"nav2_feedback of the target goal (map, AMCL-based estimate)",-0.7919,-1.1099,0.0449,,
1791052987507761545,20.050,map,"nav2_feedback of the target goal (map, AMCL-based estimate)",-0.7841,-1.1045,0.0471,,
1791052987518194809,20.050,map,"nav2_feedback of the target goal (map, AMCL-based estimate)",-0.7841,-1.1045,0.0471,,
1791052987527779247,20.050,map,"nav2_feedback of the target goal (map, AMCL-based estimate)",-0.7841,-1.1045,0.0471,,
1791052987537675703,20.050,map,"nav2_feedback of the target goal (map, AMCL-based estimate)",-0.7841,-1.1045,0.0471,,
1791052987547991860,20.050,map,"nav2_feedback of the target goal (map, AMCL-based estimate)",-0.7841,-1.1045,0.0471,,
1791052987558031993,20.050,map,"nav2_feedback of the target goal (map, AMCL-based estimate)",-0.7841,-1.1045,0.0471,,
1791052987567655934,20.067,map,"nav2_feedback of the target goal (map, AMCL-based estimate)",-0.7764,-1.0990,0.0493,,
1791052987577636110,20.067,map,"nav2_feedback of the target goal (map, AMCL-based estimate)",-0.7764,-1.0990,0.0493,,
1791052987587746326,20.067,map,"nav2_feedback of the target goal (map, AMCL-based estimate)",-0.7764,-1.0990,0.0493,,
1791052987598015360,20.083,map,"nav2_feedback of the target goal (map, AMCL-based estimate)",-0.7688,-1.0936,0.0515,,
1791052987607683116,20.083,map,"nav2_feedback of the target goal (map, AMCL-based estimate)",-0.7688,-1.0936,0.0515,,
1791052987617619075,20.083,map,"nav2_feedback of the target goal (map, AMCL-based estimate)",-0.7688,-1.0936,0.0515,,
1791052987627796869,20.083,map,"nav2_feedback of the target goal (map, AMCL-based estimate)",-0.7688,-1.0936,0.0515,,
1791052987641119311,20.083,map,"nav2_feedback of the target goal (map, AMCL-based estimate)",-0.7688,-1.0936,0.0515,,
1791052987647934786,20.083,map,"nav2_feedback of the target goal (map, AMCL-based estimate)",-0.7688,-1.0936,0.0515,,
1791052987657916767,20.100,map,"nav2_feedback of the target goal (map, AMCL-based estimate)",-0.7612,-1.0880,0.0537,,
1791052987668070297,20.100,map,"nav2_feedback of the target goal (map, AMCL-based estimate)",-0.7612,-1.0880,0.0537,,
1791052987678262428,20.100,map,"nav2_feedback of the target goal (map, AMCL-based estimate)",-0.7612,-1.0880,0.0537,,
1791052987687753922,20.117,map,"nav2_feedback of the target goal (map, AMCL-based estimate)",-0.7536,-1.0825,0.0559,,
1791052987697752546,20.117,map,"nav2_feedback of the target goal (map, AMCL-based estimate)",-0.7536,-1.0825,0.0559,,
1791052987707663340,20.117,map,"nav2_feedback of the target goal (map, AMCL-based estimate)",-0.7536,-1.0825,0.0559,,
1791052987717566313,20.117,map,"nav2_feedback of the target goal (map, AMCL-based estimate)",-0.7536,-1.0825,0.0559,,
1791052987727998775,20.117,map,"nav2_feedback of the target goal (map, AMCL-based estimate)",-0.7536,-1.0825,0.0559,,
1791052987738445274,20.117,map,"nav2_feedback of the target goal (map, AMCL-based estimate)",-0.7536,-1.0825,0.0559,,
1791052987747673778,20.133,map,"nav2_feedback of the target goal (map, AMCL-based estimate)",-0.7461,-1.0769,0.0580,,
1791052987757676011,20.133,map,"nav2_feedback of the target goal (map, AMCL-based estimate)",-0.7461,-1.0769,0.0580,,
1791052987768094536,20.150,map,"nav2_feedback of the target goal (map, AMCL-based estimate)",-0.7386,-1.0713,0.0602,,
1791052987777695919,20.150,map,"nav2_feedback of the target goal (map, AMCL-based estimate)",-0.7386,-1.0713,0.0602,,
1791052987787641905,20.150,map,"nav2_feedback of the target goal (map, AMCL-based estimate)",-0.7386,-1.0713,0.0602,,
1791052987797573553,20.150,map,"nav2_feedback of the target goal (map, AMCL-based estimate)",-0.7386,-1.0713,0.0602,,
1791052987807779922,20.150,map,"nav2_feedback of the target goal (map, AMCL-based estimate)",-0.7386,-1.0713,0.0602,,
1791052987817714879,20.150,map,"nav2_feedback of the target goal (map, AMCL-based estimate)",-0.7386,-1.0713,0.0602,,
1791052987827809053,20.150,map,"nav2_feedback of the target goal (map, AMCL-based estimate)",-0.7386,-1.0713,0.0602,,
1791052987838212439,20.167,map,"nav2_feedback of the target goal (map, AMCL-based estimate)",-0.7311,-1.0657,0.0623,,
1791052987848084832,20.167,map,"nav2_feedback of the target goal (map, AMCL-based estimate)",-0.7311,-1.0657,0.0623,,
1791052987857937774,20.183,map,"nav2_feedback of the target goal (map, AMCL-based estimate)",-0.7239,-1.0600,0.0645,,
1791052987867792119,20.183,map,"nav2_feedback of the target goal (map, AMCL-based estimate)",-0.7239,-1.0600,0.0645,,
1791052987877835461,20.183,map,"nav2_feedback of the target goal (map, AMCL-based estimate)",-0.7239,-1.0600,0.0645,,
1791052987888016162,20.183,map,"nav2_feedback of the target goal (map, AMCL-based estimate)",-0.7239,-1.0600,0.0645,,
1791052987897774757,20.183,map,"nav2_feedback of the target goal (map, AMCL-based estimate)",-0.7239,-1.0600,0.0645,,
1791052987909664841,20.183,map,"nav2_feedback of the target goal (map, AMCL-based estimate)",-0.7239,-1.0600,0.0645,,
1791052987917994889,20.183,map,"nav2_feedback of the target goal (map, AMCL-based estimate)",-0.7239,-1.0600,0.0645,,
1791052987927862469,20.200,map,"nav2_feedback of the target goal (map, AMCL-based estimate)",-0.7169,-1.0543,0.0667,,
1791052987938061118,20.200,map,"nav2_feedback of the target goal (map, AMCL-based estimate)",-0.7169,-1.0543,0.0667,,
1791052987947582390,20.217,map,"nav2_feedback of the target goal (map, AMCL-based estimate)",-0.7099,-1.0539,0.0668,,
1791052987957605077,20.217,map,"nav2_feedback of the target goal (map, AMCL-based estimate)",-0.7099,-1.0539,0.0668,,
1791052987968021898,20.217,map,"nav2_feedback of the target goal (map, AMCL-based estimate)",-0.7099,-1.0539,0.0668,,
1791052987977896396,20.217,map,"nav2_feedback of the target goal (map, AMCL-based estimate)",-0.7099,-1.0539,0.0668,,
1791052987987940339,20.217,map,"nav2_feedback of the target goal (map, AMCL-based estimate)",-0.7099,-1.0539,0.0668,,
1791052987997581325,20.217,map,"nav2_feedback of the target goal (map, AMCL-based estimate)",-0.7099,-1.0539,0.0668,,
1791052988007818776,20.233,map,"nav2_feedback of the target goal (map, AMCL-based estimate)",-0.7028,-1.0534,0.0670,,
1791052988017933304,20.233,map,"nav2_feedback of the target goal (map, AMCL-based estimate)",-0.7028,-1.0534,0.0670,,
1791052988028177071,20.233,map,"nav2_feedback of the target goal (map, AMCL-based estimate)",-0.7028,-1.0534,0.0670,,
1791052988038080645,20.250,map,"nav2_feedback of the target goal (map, AMCL-based estimate)",-0.6958,-1.0529,0.0671,,
1791052988047514889,20.250,map,"nav2_feedback of the target goal (map, AMCL-based estimate)",-0.6958,-1.0529,0.0671,,
1791052988057777505,20.250,map,"nav2_feedback of the target goal (map, AMCL-based estimate)",-0.6958,-1.0529,0.0671,,
1791052988067585028,20.250,map,"nav2_feedback of the target goal (map, AMCL-based estimate)",-0.6958,-1.0529,0.0671,,
1791052988077763624,20.250,map,"nav2_feedback of the target goal (map, AMCL-based estimate)",-0.6958,-1.0529,0.0671,,
1791052988088224962,20.250,map,"nav2_feedback of the target goal (map, AMCL-based estimate)",-0.6958,-1.0529,0.0671,,
1791052988097552426,20.267,map,"nav2_feedback of the target goal (map, AMCL-based estimate)",-0.6888,-1.0524,0.0672,,
1791052988109448326,20.267,map,"nav2_feedback of the target goal (map, AMCL-based estimate)",-0.6888,-1.0524,0.0672,,
1791052988118000456,20.267,map,"nav2_feedback of the target goal (map, AMCL-based estimate)",-0.6888,-1.0524,0.0672,,
1791052988128069464,20.283,map,"nav2_feedback of the target goal (map, AMCL-based estimate)",-0.6817,-1.0520,0.0673,,
1791052988137824850,20.283,map,"nav2_feedback of the target goal (map, AMCL-based estimate)",-0.6817,-1.0520,0.0673,,
1791052988147533414,20.283,map,"nav2_feedback of the target goal (map, AMCL-based estimate)",-0.6817,-1.0520,0.0673,,
1791052988157587984,20.283,map,"nav2_feedback of the target goal (map, AMCL-based estimate)",-0.6817,-1.0520,0.0673,,
1791052988167559237,20.283,map,"nav2_feedback of the target goal (map, AMCL-based estimate)",-0.6817,-1.0520,0.0673,,
1791052988177776033,20.283,map,"nav2_feedback of the target goal (map, AMCL-based estimate)",-0.6817,-1.0520,0.0673,,
1791052988188053889,20.300,map,"nav2_feedback of the target goal (map, AMCL-based estimate)",-0.6747,-1.0515,0.0674,,
1791052988197768969,20.300,map,"nav2_feedback of the target goal (map, AMCL-based estimate)",-0.6747,-1.0515,0.0674,,
1791052988209478180,20.317,map,"nav2_feedback of the target goal (map, AMCL-based estimate)",-0.6677,-1.0510,0.0675,,
1791052988217958522,20.317,map,"nav2_feedback of the target goal (map, AMCL-based estimate)",-0.6677,-1.0510,0.0675,,
1791052988227678315,20.317,map,"nav2_feedback of the target goal (map, AMCL-based estimate)",-0.6677,-1.0510,0.0675,,
1791052988237665308,20.317,map,"nav2_feedback of the target goal (map, AMCL-based estimate)",-0.6677,-1.0510,0.0675,,
1791052988248164044,20.317,map,"nav2_feedback of the target goal (map, AMCL-based estimate)",-0.6677,-1.0510,0.0675,,
1791052988257984901,20.317,map,"nav2_feedback of the target goal (map, AMCL-based estimate)",-0.6677,-1.0510,0.0675,,
1791052988267796635,20.333,map,"nav2_feedback of the target goal (map, AMCL-based estimate)",-0.6609,-1.0506,0.0674,,
1791052988278196211,20.333,map,"nav2_feedback of the target goal (map, AMCL-based estimate)",-0.6609,-1.0506,0.0674,,
1791052988287724100,20.333,map,"nav2_feedback of the target goal (map, AMCL-based estimate)",-0.6609,-1.0506,0.0674,,
1791052988297840032,20.350,map,"nav2_feedback of the target goal (map, AMCL-based estimate)",-0.6544,-1.0501,0.0674,,
1791052988307934908,20.350,map,"nav2_feedback of the target goal (map, AMCL-based estimate)",-0.6544,-1.0501,0.0674,,
1791052988318311724,20.350,map,"nav2_feedback of the target goal (map, AMCL-based estimate)",-0.6544,-1.0501,0.0674,,
1791052988327677990,20.350,map,"nav2_feedback of the target goal (map, AMCL-based estimate)",-0.6544,-1.0501,0.0674,,
1791052988337872126,20.350,map,"nav2_feedback of the target goal (map, AMCL-based estimate)",-0.6544,-1.0501,0.0674,,
1791052988349564493,20.350,map,"nav2_feedback of the target goal (map, AMCL-based estimate)",-0.6544,-1.0501,0.0674,,
1791052988357976455,20.367,map,"nav2_feedback of the target goal (map, AMCL-based estimate)",-0.6480,-1.0497,0.0675,,
1791052988367625763,20.367,map,"nav2_feedback of the target goal (map, AMCL-based estimate)",-0.6480,-1.0497,0.0675,,
1791052988377785008,20.367,map,"nav2_feedback of the target goal (map, AMCL-based estimate)",-0.6480,-1.0497,0.0675,,
1791052988387834466,20.383,map,"nav2_feedback of the target goal (map, AMCL-based estimate)",-0.6416,-1.0493,0.0675,,
1791052988397826172,20.383,map,"nav2_feedback of the target goal (map, AMCL-based estimate)",-0.6416,-1.0493,0.0675,,
1791052988407607526,20.383,map,"nav2_feedback of the target goal (map, AMCL-based estimate)",-0.6416,-1.0493,0.0675,,
1791052988417640339,20.383,map,"nav2_feedback of the target goal (map, AMCL-based estimate)",-0.6416,-1.0493,0.0675,,
1791052988428174769,20.383,map,"nav2_feedback of the target goal (map, AMCL-based estimate)",-0.6416,-1.0493,0.0675,,
1791052988438405000,20.383,map,"nav2_feedback of the target goal (map, AMCL-based estimate)",-0.6416,-1.0493,0.0675,,
1791052988448128703,20.400,map,"nav2_feedback of the target goal (map, AMCL-based estimate)",-0.6353,-1.0488,0.0675,,
1791052988457928205,20.400,map,"nav2_feedback of the target goal (map, AMCL-based estimate)",-0.6353,-1.0488,0.0675,,
1791052988467972047,20.417,map,"nav2_feedback of the target goal (map, AMCL-based estimate)",-0.6290,-1.0484,0.0674,,
1791052988478010476,20.417,map,"nav2_feedback of the target goal (map, AMCL-based estimate)",-0.6290,-1.0484,0.0674,,
1791052988489387014,20.417,map,"nav2_feedback of the target goal (map, AMCL-based estimate)",-0.6290,-1.0484,0.0674,,
1791052988498215068,20.417,map,"nav2_feedback of the target goal (map, AMCL-based estimate)",-0.6290,-1.0484,0.0674,,
1791052988507763310,20.417,map,"nav2_feedback of the target goal (map, AMCL-based estimate)",-0.6290,-1.0484,0.0674,,
1791052988518021515,20.417,map,"nav2_feedback of the target goal (map, AMCL-based estimate)",-0.6290,-1.0484,0.0674,,
1791052988527789133,20.417,map,"nav2_feedback of the target goal (map, AMCL-based estimate)",-0.6290,-1.0484,0.0674,,
1791052988537915994,20.433,map,"nav2_feedback of the target goal (map, AMCL-based estimate)",-0.6226,-1.0480,0.0673,,
1791052988547873409,20.433,map,"nav2_feedback of the target goal (map, AMCL-based estimate)",-0.6226,-1.0480,0.0673,,
1791052988557956856,20.433,map,"nav2_feedback of the target goal (map, AMCL-based estimate)",-0.6226,-1.0480,0.0673,,
1791052988567684670,20.450,map,"nav2_feedback of the target goal (map, AMCL-based estimate)",-0.6163,-1.0476,0.0672,,
1791052988577506129,20.450,map,"nav2_feedback of the target goal (map, AMCL-based estimate)",-0.6163,-1.0476,0.0672,,
1791052988587703474,20.450,map,"nav2_feedback of the target goal (map, AMCL-based estimate)",-0.6163,-1.0476,0.0672,,
1791052988597522327,20.450,map,"nav2_feedback of the target goal (map, AMCL-based estimate)",-0.6163,-1.0476,0.0672,,
1791052988607752257,20.450,map,"nav2_feedback of the target goal (map, AMCL-based estimate)",-0.6163,-1.0476,0.0672,,
1791052988618302428,20.450,map,"nav2_feedback of the target goal (map, AMCL-based estimate)",-0.6163,-1.0476,0.0672,,
1791052988627921757,20.467,map,"nav2_feedback of the target goal (map, AMCL-based estimate)",-0.6102,-1.0471,0.0671,,
1791052988638706744,20.467,map,"nav2_feedback of the target goal (map, AMCL-based estimate)",-0.6102,-1.0471,0.0671,,
1791052988648186908,20.467,map,"nav2_feedback of the target goal (map, AMCL-based estimate)",-0.6102,-1.0471,0.0671,,
1791052988657739362,20.483,map,"nav2_feedback of the target goal (map, AMCL-based estimate)",-0.6044,-1.0468,0.0670,,
1791052988668142847,20.483,map,"nav2_feedback of the target goal (map, AMCL-based estimate)",-0.6044,-1.0468,0.0670,,
1791052988677813110,20.483,map,"nav2_feedback of the target goal (map, AMCL-based estimate)",-0.6044,-1.0468,0.0670,,
1791052988687827676,20.483,map,"nav2_feedback of the target goal (map, AMCL-based estimate)",-0.6044,-1.0468,0.0670,,
1791052988698157970,20.483,map,"nav2_feedback of the target goal (map, AMCL-based estimate)",-0.6044,-1.0468,0.0670,,
1791052988707964390,20.500,map,"nav2_feedback of the target goal (map, AMCL-based estimate)",-0.5987,-1.0464,0.0668,,
1791052988717645080,20.500,map,"nav2_feedback of the target goal (map, AMCL-based estimate)",-0.5987,-1.0464,0.0668,,
1791052988727837412,20.500,map,"nav2_feedback of the target goal (map, AMCL-based estimate)",-0.5987,-1.0464,0.0668,,
1791052988739431922,20.517,map,"nav2_feedback of the target goal (map, AMCL-based estimate)",-0.5930,-1.0460,0.0667,,
1791052988747631728,20.517,map,"nav2_feedback of the target goal (map, AMCL-based estimate)",-0.5930,-1.0460,0.0667,,
1791052988757803506,20.517,map,"nav2_feedback of the target goal (map, AMCL-based estimate)",-0.5930,-1.0460,0.0667,,
1791052988767727033,20.517,map,"nav2_feedback of the target goal (map, AMCL-based estimate)",-0.5930,-1.0460,0.0667,,
1791052988777913349,20.517,map,"nav2_feedback of the target goal (map, AMCL-based estimate)",-0.5930,-1.0460,0.0667,,
1791052988787838180,20.517,map,"nav2_feedback of the target goal (map, AMCL-based estimate)",-0.5930,-1.0460,0.0667,,
1791052988798067809,20.517,map,"nav2_feedback of the target goal (map, AMCL-based estimate)",-0.5930,-1.0460,0.0667,,
1791052988808014999,20.533,map,"nav2_feedback of the target goal (map, AMCL-based estimate)",-0.5874,-1.0456,0.0665,,
1791052988817863930,20.533,map,"nav2_feedback of the target goal (map, AMCL-based estimate)",-0.5874,-1.0456,0.0665,,
1791052988828114013,20.533,map,"nav2_feedback of the target goal (map, AMCL-based estimate)",-0.5874,-1.0456,0.0665,,
1791052988838623878,20.550,map,"nav2_feedback of the target goal (map, AMCL-based estimate)",-0.5818,-1.0452,0.0663,,
1791052988847756230,20.550,map,"nav2_feedback of the target goal (map, AMCL-based estimate)",-0.5818,-1.0452,0.0663,,
1791052988857695298,20.550,map,"nav2_feedback of the target goal (map, AMCL-based estimate)",-0.5818,-1.0452,0.0663,,
1791052988867651210,20.550,map,"nav2_feedback of the target goal (map, AMCL-based estimate)",-0.5818,-1.0452,0.0663,,
1791052988878030332,20.550,map,"nav2_feedback of the target goal (map, AMCL-based estimate)",-0.5818,-1.0452,0.0663,,
1791052988888121599,20.550,map,"nav2_feedback of the target goal (map, AMCL-based estimate)",-0.5818,-1.0452,0.0663,,
1791052988897850014,20.567,map,"nav2_feedback of the target goal (map, AMCL-based estimate)",-0.5762,-1.0449,0.0661,,
1791052988908074932,20.567,map,"nav2_feedback of the target goal (map, AMCL-based estimate)",-0.5762,-1.0449,0.0661,,
1791052988917793321,20.567,map,"nav2_feedback of the target goal (map, AMCL-based estimate)",-0.5762,-1.0449,0.0661,,
1791052988927746225,20.583,map,"nav2_feedback of the target goal (map, AMCL-based estimate)",-0.5706,-1.0445,0.0659,,
1791052988937684591,20.583,map,"nav2_feedback of the target goal (map, AMCL-based estimate)",-0.5706,-1.0445,0.0659,,
1791052988947724824,20.583,map,"nav2_feedback of the target goal (map, AMCL-based estimate)",-0.5706,-1.0445,0.0659,,
1791052988957945029,20.583,map,"nav2_feedback of the target goal (map, AMCL-based estimate)",-0.5706,-1.0445,0.0659,,
1791052988968053842,20.583,map,"nav2_feedback of the target goal (map, AMCL-based estimate)",-0.5706,-1.0445,0.0659,,
1791052988977909892,20.600,map,"nav2_feedback of the target goal (map, AMCL-based estimate)",-0.5649,-1.0441,0.0657,,
1791052988988142229,20.600,map,"nav2_feedback of the target goal (map, AMCL-based estimate)",-0.5649,-1.0441,0.0657,,
1791052988997783416,20.600,map,"nav2_feedback of the target goal (map, AMCL-based estimate)",-0.5649,-1.0441,0.0657,,
1791052989007702932,20.617,map,"nav2_feedback of the target goal (map, AMCL-based estimate)",-0.5593,-1.0438,0.0655,,
1791052989017810742,20.617,map,"nav2_feedback of the target goal (map, AMCL-based estimate)",-0.5593,-1.0438,0.0655,,
1791052989027983724,20.617,map,"nav2_feedback of the target goal (map, AMCL-based estimate)",-0.5593,-1.0438,0.0655,,
1791052989038020347,20.617,map,"nav2_feedback of the target goal (map, AMCL-based estimate)",-0.5593,-1.0438,0.0655,,
1791052989048519685,20.617,map,"nav2_feedback of the target goal (map, AMCL-based estimate)",-0.5593,-1.0438,0.0655,,
1791052989057855771,20.617,map,"nav2_feedback of the target goal (map, AMCL-based estimate)",-0.5593,-1.0438,0.0655,,
1791052989067757040,20.633,map,"nav2_feedback of the target goal (map, AMCL-based estimate)",-0.5537,-1.0434,0.0653,,
1791052989077706134,20.633,map,"nav2_feedback of the target goal (map, AMCL-based estimate)",-0.5537,-1.0434,0.0653,,
1791052989088357871,20.633,map,"nav2_feedback of the target goal (map, AMCL-based estimate)",-0.5537,-1.0434,0.0653,,
1791052989097812067,20.650,map,"nav2_feedback of the target goal (map, AMCL-based estimate)",-0.5481,-1.0430,0.0650,,
1791052989107551110,20.650,map,"nav2_feedback of the target goal (map, AMCL-based estimate)",-0.5481,-1.0430,0.0650,,
1791052989117488574,20.650,map,"nav2_feedback of the target goal (map, AMCL-based estimate)",-0.5481,-1.0430,0.0650,,
1791052989127861178,20.650,map,"nav2_feedback of the target goal (map, AMCL-based estimate)",-0.5481,-1.0430,0.0650,,
1791052989137661081,20.650,map,"nav2_feedback of the target goal (map, AMCL-based estimate)",-0.5481,-1.0430,0.0650,,
1791052989863496826,20.667,map,"nav2_feedback of the target goal (map, AMCL-based estimate)",-0.5425,-1.0427,0.0648,,
1791052989873408121,20.667,map,"nav2_feedback of the target goal (map, AMCL-based estimate)",-0.5425,-1.0427,0.0648,,
1791052989883715555,20.667,map,"nav2_feedback of the target goal (map, AMCL-based estimate)",-0.5425,-1.0427,0.0648,,
1791052989892971130,20.683,map,"nav2_feedback of the target goal (map, AMCL-based estimate)",-0.5371,-1.0423,0.0646,,
1791052989903072323,20.683,map,"nav2_feedback of the target goal (map, AMCL-based estimate)",-0.5371,-1.0423,0.0646,,
1791052989912819488,20.683,map,"nav2_feedback of the target goal (map, AMCL-based estimate)",-0.5371,-1.0423,0.0646,,
1791052989922975926,20.683,map,"nav2_feedback of the target goal (map, AMCL-based estimate)",-0.5371,-1.0423,0.0646,,
1791052989933106696,20.683,map,"nav2_feedback of the target goal (map, AMCL-based estimate)",-0.5371,-1.0423,0.0646,,
1791052989943110434,20.683,map,"nav2_feedback of the target goal (map, AMCL-based estimate)",-0.5371,-1.0423,0.0646,,
1791052989953330639,20.700,map,"nav2_feedback of the target goal (map, AMCL-based estimate)",-0.5319,-1.0420,0.0644,,
1791052989962932923,20.700,map,"nav2_feedback of the target goal (map, AMCL-based estimate)",-0.5319,-1.0420,0.0644,,
1791052989973066802,20.700,map,"nav2_feedback of the target goal (map, AMCL-based estimate)",-0.5319,-1.0420,0.0644,,
1791052989983030133,20.717,map,"nav2_feedback of the target goal (map, AMCL-based estimate)",-0.5269,-1.0417,0.0641,,
1791052989992940727,20.717,map,"nav2_feedback of the target goal (map, AMCL-based estimate)",-0.5269,-1.0417,0.0641,,
1791052990003094758,20.717,map,"nav2_feedback of the target goal (map, AMCL-based estimate)",-0.5269,-1.0417,0.0641,,
1791052990012855859,20.717,map,"nav2_feedback of the target goal (map, AMCL-based estimate)",-0.5269,-1.0417,0.0641,,
1791052990022889074,20.717,map,"nav2_feedback of the target goal (map, AMCL-based estimate)",-0.5269,-1.0417,0.0641,,
1791052990034629667,20.717,map,"nav2_feedback of the target goal (map, AMCL-based estimate)",-0.5269,-1.0417,0.0641,,
1791052990043356254,20.733,map,"nav2_feedback of the target goal (map, AMCL-based estimate)",-0.5220,-1.0414,0.0638,,
1791052990053235866,20.733,map,"nav2_feedback of the target goal (map, AMCL-based estimate)",-0.5220,-1.0414,0.0638,,
1791052990062844166,20.733,map,"nav2_feedback of the target goal (map, AMCL-based estimate)",-0.5220,-1.0414,0.0638,,
1791052990073798096,20.750,map,"nav2_feedback of the target goal (map, AMCL-based estimate)",-0.5171,-1.0410,0.0636,,
1791052990082889541,20.750,map,"nav2_feedback of the target goal (map, AMCL-based estimate)",-0.5171,-1.0410,0.0636,,
1791052990092834624,20.750,map,"nav2_feedback of the target goal (map, AMCL-based estimate)",-0.5171,-1.0410,0.0636,,
1791052990103089420,20.750,map,"nav2_feedback of the target goal (map, AMCL-based estimate)",-0.5171,-1.0410,0.0636,,
1791052990113505439,20.750,map,"nav2_feedback of the target goal (map, AMCL-based estimate)",-0.5171,-1.0410,0.0636,,
1791052990123239970,20.750,map,"nav2_feedback of the target goal (map, AMCL-based estimate)",-0.5171,-1.0410,0.0636,,
1791052990133327026,20.767,map,"nav2_feedback of the target goal (map, AMCL-based estimate)",-0.5121,-1.0407,0.0633,,
1791052990143029373,20.767,map,"nav2_feedback of the target goal (map, AMCL-based estimate)",-0.5121,-1.0407,0.0633,,
1791052990153557987,20.767,map,"nav2_feedback of the target goal (map, AMCL-based estimate)",-0.5121,-1.0407,0.0633,,
1791052990163224941,20.767,map,"nav2_feedback of the target goal (map, AMCL-based estimate)",-0.5121,-1.0407,0.0633,,
1791052990173047604,20.783,map,"nav2_feedback of the target goal (map, AMCL-based estimate)",-0.5072,-1.0404,0.0630,,
1791052990183152707,20.783,map,"nav2_feedback of the target goal (map, AMCL-based estimate)",-0.5072,-1.0404,0.0630,,
1791052990193179906,20.783,map,"nav2_feedback of the target goal (map, AMCL-based estimate)",-0.5072,-1.0404,0.0630,,
1791052990203272376,20.783,map,"nav2_feedback of the target goal (map, AMCL-based estimate)",-0.5072,-1.0404,0.0630,,
1791052990213099550,20.783,map,"nav2_feedback of the target goal (map, AMCL-based estimate)",-0.5072,-1.0404,0.0630,,
1791052990222971041,20.800,map,"nav2_feedback of the target goal (map, AMCL-based estimate)",-0.5023,-1.0401,0.0627,,
1791052990233092788,20.800,map,"nav2_feedback of the target goal (map, AMCL-based estimate)",-0.5023,-1.0401,0.0627,,
1791052990243026842,20.800,map,"nav2_feedback of the target goal (map, AMCL-based estimate)",-0.5023,-1.0401,0.0627,,
1791052990253318435,20.817,map,"nav2_feedback of the target goal (map, AMCL-based estimate)",-0.4974,-1.0398,0.0624,,
1791052990262935057,20.817,map,"nav2_feedback of the target goal (map, AMCL-based estimate)",-0.4974,-1.0398,0.0624,,
1791052990273231362,20.817,map,"nav2_feedback of the target goal (map, AMCL-based estimate)",-0.4974,-1.0398,0.0624,,
1791052990282950553,20.817,map,"nav2_feedback of the target goal (map, AMCL-based estimate)",-0.4974,-1.0398,0.0624,,
1791052990292898845,20.817,map,"nav2_feedback of the target goal (map, AMCL-based estimate)",-0.4974,-1.0398,0.0624,,
1791052990303456936,20.817,map,"nav2_feedback of the target goal (map, AMCL-based estimate)",-0.4974,-1.0398,0.0624,,
1791052990312996857,20.833,map,"nav2_feedback of the target goal (map, AMCL-based estimate)",-0.4925,-1.0395,0.0620,,
1791052990322915070,20.833,map,"nav2_feedback of the target goal (map, AMCL-based estimate)",-0.4925,-1.0395,0.0620,,
1791052990333017065,20.850,map,"nav2_feedback of the target goal (map, AMCL-based estimate)",-0.4875,-1.0392,0.0617,,
1791052990343096601,20.850,map,"nav2_feedback of the target goal (map, AMCL-based estimate)",-0.4875,-1.0392,0.0617,,
1791052990353447249,20.850,map,"nav2_feedback of the target goal (map, AMCL-based estimate)",-0.4875,-1.0392,0.0617,,
1791052990363300090,20.850,map,"nav2_feedback of the target goal (map, AMCL-based estimate)",-0.4875,-1.0392,0.0617,,
1791052990373196145,20.850,map,"nav2_feedback of the target goal (map, AMCL-based estimate)",-0.4875,-1.0392,0.0617,,
1791052990383406324,20.850,map,"nav2_feedback of the target goal (map, AMCL-based estimate)",-0.4875,-1.0392,0.0617,,
1791052990393520251,20.867,map,"nav2_feedback of the target goal (map, AMCL-based estimate)",-0.4826,-1.0389,0.0614,,
1791052990403456812,20.867,map,"nav2_feedback of the target goal (map, AMCL-based estimate)",-0.4826,-1.0389,0.0614,,
1791052990413146225,20.867,map,"nav2_feedback of the target goal (map, AMCL-based estimate)",-0.4826,-1.0389,0.0614,,
1791052990423040074,20.883,map,"nav2_feedback of the target goal (map, AMCL-based estimate)",-0.4777,-1.0386,0.0610,,
1791052990432940841,20.883,map,"nav2_feedback of the target goal (map, AMCL-based estimate)",-0.4777,-1.0386,0.0610,,
1791052990443020979,20.883,map,"nav2_feedback of the target goal (map, AMCL-based estimate)",-0.4777,-1.0386,0.0610,,
1791052990453591804,20.883,map,"nav2_feedback of the target goal (map, AMCL-based estimate)",-0.4777,-1.0386,0.0610,,
1791052990462912951,20.883,map,"nav2_feedback of the target goal (map, AMCL-based estimate)",-0.4777,-1.0386,0.0610,,
1791052990473313730,20.883,map,"nav2_feedback of the target goal (map, AMCL-based estimate)",-0.4777,-1.0386,0.0610,,
1791052990483259114,20.900,map,"nav2_feedback of the target goal (map, AMCL-based estimate)",-0.4730,-1.0383,0.0607,,
1791052990492994648,20.900,map,"nav2_feedback of the target goal (map, AMCL-based estimate)",-0.4730,-1.0383,0.0607,,
1791052990503373168,20.900,map,"nav2_feedback of the target goal (map, AMCL-based estimate)",-0.4730,-1.0383,0.0607,,
1791052990513312036,20.917,map,"nav2_feedback of the target goal (map, AMCL-based estimate)",-0.4686,-1.0380,0.0603,,
1791052990523210096,20.917,map,"nav2_feedback of the target goal (map, AMCL-based estimate)",-0.4686,-1.0380,0.0603,,
1791052990533021429,20.917,map,"nav2_feedback of the target goal (map, AMCL-based estimate)",-0.4686,-1.0380,0.0603,,
1791052990542938138,20.917,map,"nav2_feedback of the target goal (map, AMCL-based estimate)",-0.4686,-1.0380,0.0603,,
1791052990553382631,20.917,map,"nav2_feedback of the target goal (map, AMCL-based estimate)",-0.4686,-1.0380,0.0603,,
1791052990562953132,20.917,map,"nav2_feedback of the target goal (map, AMCL-based estimate)",-0.4686,-1.0380,0.0603,,
1791052990573128019,20.933,map,"nav2_feedback of the target goal (map, AMCL-based estimate)",-0.4643,-1.0378,0.0600,,
1791052990583270219,20.933,map,"nav2_feedback of the target goal (map, AMCL-based estimate)",-0.4643,-1.0378,0.0600,,
1791052990593048866,20.933,map,"nav2_feedback of the target goal (map, AMCL-based estimate)",-0.4643,-1.0378,0.0600,,
1791052990603286517,20.950,map,"nav2_feedback of the target goal (map, AMCL-based estimate)",-0.4600,-1.0375,0.0597,,
1791052990613019645,20.950,map,"nav2_feedback of the target goal (map, AMCL-based estimate)",-0.4600,-1.0375,0.0597,,
1791052990622827468,20.950,map,"nav2_feedback of the target goal (map, AMCL-based estimate)",-0.4600,-1.0375,0.0597,,
1791052990633278780,20.950,map,"nav2_feedback of the target goal (map, AMCL-based estimate)",-0.4600,-1.0375,0.0597,,
1791052990643410152,20.950,map,"nav2_feedback of the target goal (map, AMCL-based estimate)",-0.4600,-1.0375,0.0597,,
1791052990653435245,20.950,map,"nav2_feedback of the target goal (map, AMCL-based estimate)",-0.4600,-1.0375,0.0597,,
1791052990662956918,20.967,map,"nav2_feedback of the target goal (map, AMCL-based estimate)",-0.4558,-1.0373,0.0593,,
1791052990673174216,20.967,map,"nav2_feedback of the target goal (map, AMCL-based estimate)",-0.4558,-1.0373,0.0593,,
1791052990683019738,20.967,map,"nav2_feedback of the target goal (map, AMCL-based estimate)",-0.4558,-1.0373,0.0593,,
1791052990693033001,20.983,map,"nav2_feedback of the target goal (map, AMCL-based estimate)",-0.4516,-1.0370,0.0590,,
1791052990703232652,20.983,map,"nav2_feedback of the target goal (map, AMCL-based estimate)",-0.4516,-1.0370,0.0590,,
1791052990713072459,20.983,map,"nav2_feedback of the target goal (map, AMCL-based estimate)",-0.4516,-1.0370,0.0590,,
1791052990722962499,20.983,map,"nav2_feedback of the target goal (map, AMCL-based estimate)",-0.4516,-1.0370,0.0590,,
1791052990733120541,20.983,map,"nav2_feedback of the target goal (map, AMCL-based estimate)",-0.4516,-1.0370,0.0590,,
1791052990743162879,20.983,map,"nav2_feedback of the target goal (map, AMCL-based estimate)",-0.4516,-1.0370,0.0590,,
1791052990753265175,21.000,map,"nav2_feedback of the target goal (map, AMCL-based estimate)",-0.4473,-1.0368,0.0586,,
1791052990763229008,21.000,map,"nav2_feedback of the target goal (map, AMCL-based estimate)",-0.4473,-1.0368,0.0586,,
1791052990773000737,21.000,map,"nav2_feedback of the target goal (map, AMCL-based estimate)",-0.4473,-1.0368,0.0586,,
1791052990783194573,21.017,map,"nav2_feedback of the target goal (map, AMCL-based estimate)",-0.4431,-1.0365,0.0582,,
1791052990793092232,21.017,map,"nav2_feedback of the target goal (map, AMCL-based estimate)",-0.4431,-1.0365,0.0582,,
1791052990803119030,21.017,map,"nav2_feedback of the target goal (map, AMCL-based estimate)",-0.4431,-1.0365,0.0582,,
1791052990812919835,21.017,map,"nav2_feedback of the target goal (map, AMCL-based estimate)",-0.4431,-1.0365,0.0582,,
1791052990822841457,21.017,map,"nav2_feedback of the target goal (map, AMCL-based estimate)",-0.4431,-1.0365,0.0582,,
1791052990833048227,21.017,map,"nav2_feedback of the target goal (map, AMCL-based estimate)",-0.4431,-1.0365,0.0582,,
1791052990844540669,21.017,map,"nav2_feedback of the target goal (map, AMCL-based estimate)",-0.4431,-1.0365,0.0582,,
1791052990853351077,21.033,map,"nav2_feedback of the target goal (map, AMCL-based estimate)",-0.4389,-1.0363,0.0578,,
1791052990863267685,21.033,map,"nav2_feedback of the target goal (map, AMCL-based estimate)",-0.4389,-1.0363,0.0578,,
1791052990872981462,21.033,map,"nav2_feedback of the target goal (map, AMCL-based estimate)",-0.4389,-1.0363,0.0578,,
1791052990883030118,21.050,map,"nav2_feedback of the target goal (map, AMCL-based estimate)",-0.4347,-1.0361,0.0575,,
1791052990893407736,21.050,map,"nav2_feedback of the target goal (map, AMCL-based estimate)",-0.4347,-1.0361,0.0575,,
1791052990903833079,21.050,map,"nav2_feedback of the target goal (map, AMCL-based estimate)",-0.4347,-1.0361,0.0575,,
1791052990912889131,21.050,map,"nav2_feedback of the target goal (map, AMCL-based estimate)",-0.4347,-1.0361,0.0575,,
1791052990923125278,21.050,map,"nav2_feedback of the target goal (map, AMCL-based estimate)",-0.4347,-1.0361,0.0575,,
1791052990933630430,21.050,map,"nav2_feedback of the target goal (map, AMCL-based estimate)",-0.4347,-1.0361,0.0575,,
1791052990943086230,21.067,map,"nav2_feedback of the target goal (map, AMCL-based estimate)",-0.4304,-1.0358,0.0571,,
1791052990953113329,21.067,map,"nav2_feedback of the target goal (map, AMCL-based estimate)",-0.4304,-1.0358,0.0571,,
1791052990962991638,21.083,map,"nav2_feedback of the target goal (map, AMCL-based estimate)",-0.4262,-1.0356,0.0567,,
1791052990973173843,21.083,map,"nav2_feedback of the target goal (map, AMCL-based estimate)",-0.4262,-1.0356,0.0567,,
1791052990983097470,21.083,map,"nav2_feedback of the target goal (map, AMCL-based estimate)",-0.4262,-1.0356,0.0567,,
1791052990992810345,21.083,map,"nav2_feedback of the target goal (map, AMCL-based estimate)",-0.4262,-1.0356,0.0567,,
1791052991003235086,21.083,map,"nav2_feedback of the target goal (map, AMCL-based estimate)",-0.4262,-1.0356,0.0567,,
1791052991013282338,21.083,map,"nav2_feedback of the target goal (map, AMCL-based estimate)",-0.4262,-1.0356,0.0567,,
1791052991022873393,21.083,map,"nav2_feedback of the target goal (map, AMCL-based estimate)",-0.4262,-1.0356,0.0567,,
1791052991033211808,21.100,map,"nav2_feedback of the target goal (map, AMCL-based estimate)",-0.4220,-1.0353,0.0563,,
1791052991043251440,21.100,map,"nav2_feedback of the target goal (map, AMCL-based estimate)",-0.4220,-1.0353,0.0563,,
1791052991053337894,21.117,map,"nav2_feedback of the target goal (map, AMCL-based estimate)",-0.4178,-1.0351,0.0558,,
1791052991063142710,21.117,map,"nav2_feedback of the target goal (map, AMCL-based estimate)",-0.4178,-1.0351,0.0558,,
1791052991072876238,21.117,map,"nav2_feedback of the target goal (map, AMCL-based estimate)",-0.4178,-1.0351,0.0558,,
1791052991083108776,21.117,map,"nav2_feedback of the target goal (map, AMCL-based estimate)",-0.4178,-1.0351,0.0558,,
1791052991092999918,21.117,map,"nav2_feedback of the target goal (map, AMCL-based estimate)",-0.4178,-1.0351,0.0558,,
1791052991103273664,21.117,map,"nav2_feedback of the target goal (map, AMCL-based estimate)",-0.4178,-1.0351,0.0558,,
1791052991113251132,21.117,map,"nav2_feedback of the target goal (map, AMCL-based estimate)",-0.4178,-1.0351,0.0558,,
1791052991123073394,21.133,map,"nav2_feedback of the target goal (map, AMCL-based estimate)",-0.4136,-1.0349,0.0554,,
1791052991133056477,21.133,map,"nav2_feedback of the target goal (map, AMCL-based estimate)",-0.4136,-1.0349,0.0554,,
1791052991144572681,21.150,map,"nav2_feedback of the target goal (map, AMCL-based estimate)",-0.4093,-1.0346,0.0550,,
1791052991153570781,21.150,map,"nav2_feedback of the target goal (map, AMCL-based estimate)",-0.4093,-1.0346,0.0550,,
1791052991162804699,21.150,map,"nav2_feedback of the target goal (map, AMCL-based estimate)",-0.4093,-1.0346,0.0550,,
1791052991173332511,21.150,map,"nav2_feedback of the target goal (map, AMCL-based estimate)",-0.4093,-1.0346,0.0550,,
1791052991183205606,21.150,map,"nav2_feedback of the target goal (map, AMCL-based estimate)",-0.4093,-1.0346,0.0550,,
1791052991193312213,21.150,map,"nav2_feedback of the target goal (map, AMCL-based estimate)",-0.4093,-1.0346,0.0550,,
1791052991203487902,21.167,map,"nav2_feedback of the target goal (map, AMCL-based estimate)",-0.4051,-1.0344,0.0547,,
1791052991212981200,21.167,map,"nav2_feedback of the target goal (map, AMCL-based estimate)",-0.4051,-1.0344,0.0547,,
1791052991223096029,21.167,map,"nav2_feedback of the target goal (map, AMCL-based estimate)",-0.4051,-1.0344,0.0547,,
1791052991233150900,21.183,map,"nav2_feedback of the target goal (map, AMCL-based estimate)",-0.4011,-1.0342,0.0543,,
1791052991243209081,21.183,map,"nav2_feedback of the target goal (map, AMCL-based estimate)",-0.4011,-1.0342,0.0543,,
1791052991253235076,21.183,map,"nav2_feedback of the target goal (map, AMCL-based estimate)",-0.4011,-1.0342,0.0543,,
1791052991262922986,21.183,map,"nav2_feedback of the target goal (map, AMCL-based estimate)",-0.4011,-1.0342,0.0543,,
1791052991273103687,21.183,map,"nav2_feedback of the target goal (map, AMCL-based estimate)",-0.4011,-1.0342,0.0543,,
1791052991283227339,21.183,map,"nav2_feedback of the target goal (map, AMCL-based estimate)",-0.4011,-1.0342,0.0543,,
1791052991292973701,21.200,map,"nav2_feedback of the target goal (map, AMCL-based estimate)",-0.3974,-1.0340,0.0539,,
1791052991303394934,21.200,map,"nav2_feedback of the target goal (map, AMCL-based estimate)",-0.3974,-1.0340,0.0539,,
1791052991313155935,21.200,map,"nav2_feedback of the target goal (map, AMCL-based estimate)",-0.3974,-1.0340,0.0539,,
1791052991322964460,21.217,map,"nav2_feedback of the target goal (map, AMCL-based estimate)",-0.3938,-1.0338,0.0535,,
1791052991333052218,21.217,map,"nav2_feedback of the target goal (map, AMCL-based estimate)",-0.3938,-1.0338,0.0535,,
1791052991343088942,21.217,map,"nav2_feedback of the target goal (map, AMCL-based estimate)",-0.3938,-1.0338,0.0535,,
1791052991352986200,21.217,map,"nav2_feedback of the target goal (map, AMCL-based estimate)",-0.3938,-1.0338,0.0535,,
1791052991363209313,21.217,map,"nav2_feedback of the target goal (map, AMCL-based estimate)",-0.3938,-1.0338,0.0535,,
1791052991373198612,21.217,map,"nav2_feedback of the target goal (map, AMCL-based estimate)",-0.3938,-1.0338,0.0535,,
1791052991383060277,21.217,map,"nav2_feedback of the target goal (map, AMCL-based estimate)",-0.3938,-1.0338,0.0535,,
1791052991393553899,21.233,map,"nav2_feedback of the target goal (map, AMCL-based estimate)",-0.3902,-1.0336,0.0531,,
1791052991403492265,21.233,map,"nav2_feedback of the target goal (map, AMCL-based estimate)",-0.3902,-1.0336,0.0531,,
1791052991413014740,21.233,map,"nav2_feedback of the target goal (map, AMCL-based estimate)",-0.3902,-1.0336,0.0531,,
1791052991423145511,21.250,map,"nav2_feedback of the target goal (map, AMCL-based estimate)",-0.3867,-1.0334,0.0527,,
1791052991433278988,21.250,map,"nav2_feedback of the target goal (map, AMCL-based estimate)",-0.3867,-1.0334,0.0527,,
1791052991443042797,21.250,map,"nav2_feedback of the target goal (map, AMCL-based estimate)",-0.3867,-1.0334,0.0527,,
1791052991453628260,21.250,map,"nav2_feedback of the target goal (map, AMCL-based estimate)",-0.3867,-1.0334,0.0527,,
1791052991462953919,21.250,map,"nav2_feedback of the target goal (map, AMCL-based estimate)",-0.3867,-1.0334,0.0527,,
1791052991472984627,21.250,map,"nav2_feedback of the target goal (map, AMCL-based estimate)",-0.3867,-1.0334,0.0527,,
1791052991483143772,21.267,map,"nav2_feedback of the target goal (map, AMCL-based estimate)",-0.3832,-1.0332,0.0523,,
1791052991493066898,21.267,map,"nav2_feedback of the target goal (map, AMCL-based estimate)",-0.3832,-1.0332,0.0523,,
1791052991503137410,21.267,map,"nav2_feedback of the target goal (map, AMCL-based estimate)",-0.3832,-1.0332,0.0523,,
1791052991512879461,21.283,map,"nav2_feedback of the target goal (map, AMCL-based estimate)",-0.3796,-1.0331,0.0520,,
1791052991522964412,21.283,map,"nav2_feedback of the target goal (map, AMCL-based estimate)",-0.3796,-1.0331,0.0520,,
1791052991532964239,21.283,map,"nav2_feedback of the target goal (map, AMCL-based estimate)",-0.3796,-1.0331,0.0520,,
1791052991543369530,21.283,map,"nav2_feedback of the target goal (map, AMCL-based estimate)",-0.3796,-1.0331,0.0520,,
1791052991555545965,21.283,map,"nav2_feedback of the target goal (map, AMCL-based estimate)",-0.3796,-1.0331,0.0520,,
1791052991563143291,21.283,map,"nav2_feedback of the target goal (map, AMCL-based estimate)",-0.3796,-1.0331,0.0520,,
1791052991573160965,21.300,map,"nav2_feedback of the target goal (map, AMCL-based estimate)",-0.3761,-1.0329,0.0516,,
1791052991582916251,21.300,map,"nav2_feedback of the target goal (map, AMCL-based estimate)",-0.3761,-1.0329,0.0516,,
1791052991593340191,21.300,map,"nav2_feedback of the target goal (map, AMCL-based estimate)",-0.3761,-1.0329,0.0516,,
1791052991603341522,21.317,map,"nav2_feedback of the target goal (map, AMCL-based estimate)",-0.3726,-1.0327,0.0512,,
1791052991612977094,21.317,map,"nav2_feedback of the target goal (map, AMCL-based estimate)",-0.3726,-1.0327,0.0512,,
1791052991622939021,21.317,map,"nav2_feedback of the target goal (map, AMCL-based estimate)",-0.3726,-1.0327,0.0512,,
1791052991633078214,21.317,map,"nav2_feedback of the target goal (map, AMCL-based estimate)",-0.3726,-1.0327,0.0512,,
1791052991643224225,21.317,map,"nav2_feedback of the target goal (map, AMCL-based estimate)",-0.3726,-1.0327,0.0512,,
1791052991653544592,21.317,map,"nav2_feedback of the target goal (map, AMCL-based estimate)",-0.3726,-1.0327,0.0512,,
1791052991662980039,21.333,map,"nav2_feedback of the target goal (map, AMCL-based estimate)",-0.3691,-1.0325,0.0507,,
1791052991673618842,21.333,map,"nav2_feedback of the target goal (map, AMCL-based estimate)",-0.3691,-1.0325,0.0507,,
1791052991683216815,21.333,map,"nav2_feedback of the target goal (map, AMCL-based estimate)",-0.3691,-1.0325,0.0507,,
1791052991693143350,21.350,map,"nav2_feedback of the target goal (map, AMCL-based estimate)",-0.3655,-1.0323,0.0503,,
1791052991703401956,21.350,map,"nav2_feedback of the target goal (map, AMCL-based estimate)",-0.3655,-1.0323,0.0503,,
1791052991712966241,21.350,map,"nav2_feedback of the target goal (map, AMCL-based estimate)",-0.3655,-1.0323,0.0503,,
1791052991722922153,21.350,map,"nav2_feedback of the target goal (map, AMCL-based estimate)",-0.3655,-1.0323,0.0503,,
1791052991733172437,21.350,map,"nav2_feedback of the target goal (map, AMCL-based estimate)",-0.3655,-1.0323,0.0503,,
1791052991742998609,21.350,map,"nav2_feedback of the target goal (map, AMCL-based estimate)",-0.3655,-1.0323,0.0503,,
1791052991753534642,21.367,map,"nav2_feedback of the target goal (map, AMCL-based estimate)",-0.3620,-1.0322,0.0499,,
1791052991763261153,21.367,map,"nav2_feedback of the target goal (map, AMCL-based estimate)",-0.3620,-1.0322,0.0499,,
1791052991772965104,21.367,map,"nav2_feedback of the target goal (map, AMCL-based estimate)",-0.3620,-1.0322,0.0499,,
1791052991782978266,21.383,map,"nav2_feedback of the target goal (map, AMCL-based estimate)",-0.3585,-1.0320,0.0495,,
1791052991793238576,21.383,map,"nav2_feedback of the target goal (map, AMCL-based estimate)",-0.3585,-1.0320,0.0495,,
1791052991803155787,21.383,map,"nav2_feedback of the target goal (map, AMCL-based estimate)",-0.3585,-1.0320,0.0495,,
1791052991812921801,21.383,map,"nav2_feedback of the target goal (map, AMCL-based estimate)",-0.3585,-1.0320,0.0495,,
1791052991823108317,21.383,map,"nav2_feedback of the target goal (map, AMCL-based estimate)",-0.3585,-1.0320,0.0495,,
1791052991833239690,21.383,map,"nav2_feedback of the target goal (map, AMCL-based estimate)",-0.3585,-1.0320,0.0495,,
1791052991842965097,21.400,map,"nav2_feedback of the target goal (map, AMCL-based estimate)",-0.3550,-1.0318,0.0491,,
1791052991853208864,21.400,map,"nav2_feedback of the target goal (map, AMCL-based estimate)",-0.3550,-1.0318,0.0491,,
1791052991863255313,21.400,map,"nav2_feedback of the target goal (map, AMCL-based estimate)",-0.3550,-1.0318,0.0491,,
1791052991873073765,21.417,map,"nav2_feedback of the target goal (map, AMCL-based estimate)",-0.3515,-1.0317,0.0487,,
1791052991883010326,21.417,map,"nav2_feedback of the target goal (map, AMCL-based estimate)",-0.3515,-1.0317,0.0487,,
1791052991893100189,21.417,map,"nav2_feedback of the target goal (map, AMCL-based estimate)",-0.3515,-1.0317,0.0487,,
1791052991903264147,21.417,map,"nav2_feedback of the target goal (map, AMCL-based estimate)",-0.3515,-1.0317,0.0487,,
1791052991913307588,21.417,map,"nav2_feedback of the target goal (map, AMCL-based estimate)",-0.3515,-1.0317,0.0487,,
1791052991923022970,21.433,map,"nav2_feedback of the target goal (map, AMCL-based estimate)",-0.3479,-1.0315,0.0482,,
1791052991933538549,21.433,map,"nav2_feedback of the target goal (map, AMCL-based estimate)",-0.3479,-1.0315,0.0482,,
1791052991943024930,21.433,map,"nav2_feedback of the target goal (map, AMCL-based estimate)",-0.3479,-1.0315,0.0482,,
1791052991953041501,21.450,map,"nav2_feedback of the target goal (map, AMCL-based estimate)",-0.3444,-1.0313,0.0478,,
1791052991962904269,21.450,map,"nav2_feedback of the target goal (map, AMCL-based estimate)",-0.3444,-1.0313,0.0478,,
1791052991972944903,21.450,map,"nav2_feedback of the target goal (map, AMCL-based estimate)",-0.3444,-1.0313,0.0478,,
1791052991983079584,21.450,map,"nav2_feedback of the target goal (map, AMCL-based estimate)",-0.3444,-1.0313,0.0478,,
1791052991993034192,21.450,map,"nav2_feedback of the target goal (map, AMCL-based estimate)",-0.3444,-1.0313,0.0478,,
1791052992003457931,21.450,map,"nav2_feedback of the target goal (map, AMCL-based estimate)",-0.3444,-1.0313,0.0478,,
1791052992013028733,21.467,map,"nav2_feedback of the target goal (map, AMCL-based estimate)",-0.3409,-1.0312,0.0474,,
1791052992023252247,21.467,map,"nav2_feedback of the target goal (map, AMCL-based estimate)",-0.3409,-1.0312,0.0474,,
1791052992033127948,21.467,map,"nav2_feedback of the target goal (map, AMCL-based estimate)",-0.3409,-1.0312,0.0474,,
1791052992043098098,21.483,map,"nav2_feedback of the target goal (map, AMCL-based estimate)",-0.3374,-1.0310,0.0469,,
1791052992053302361,21.483,map,"nav2_feedback of the target goal (map, AMCL-based estimate)",-0.3374,-1.0310,0.0469,,
1791052992063160918,21.483,map,"nav2_feedback of the target goal (map, AMCL-based estimate)",-0.3374,-1.0310,0.0469,,
1791052992073063590,21.483,map,"nav2_feedback of the target goal (map, AMCL-based estimate)",-0.3374,-1.0310,0.0469,,
1791052992084152474,21.483,map,"nav2_feedback of the target goal (map, AMCL-based estimate)",-0.3374,-1.0310,0.0469,,
1791052992093315105,21.483,map,"nav2_feedback of the target goal (map, AMCL-based estimate)",-0.3374,-1.0310,0.0469,,
1791052992103540323,21.500,map,"nav2_feedback of the target goal (map, AMCL-based estimate)",-0.3340,-1.0308,0.0465,,
1791052992112928145,21.500,map,"nav2_feedback of the target goal (map, AMCL-based estimate)",-0.3340,-1.0308,0.0465,,
1791052992122924965,21.500,map,"nav2_feedback of the target goal (map, AMCL-based estimate)",-0.3340,-1.0308,0.0465,,
1791052992133068368,21.517,map,"nav2_feedback of the target goal (map, AMCL-based estimate)",-0.3310,-1.0307,0.0461,,
1791052992143067193,21.517,map,"nav2_feedback of the target goal (map, AMCL-based estimate)",-0.3310,-1.0307,0.0461,,
1791052992153176407,21.517,map,"nav2_feedback of the target goal (map, AMCL-based estimate)",-0.3310,-1.0307,0.0461,,
1791052992163066446,21.517,map,"nav2_feedback of the target goal (map, AMCL-based estimate)",-0.3310,-1.0307,0.0461,,
1791052992173177365,21.517,map,"nav2_feedback of the target goal (map, AMCL-based estimate)",-0.3310,-1.0307,0.0461,,
1791052992183205566,21.517,map,"nav2_feedback of the target goal (map, AMCL-based estimate)",-0.3310,-1.0307,0.0461,,
1791052992193160776,21.517,map,"nav2_feedback of the target goal (map, AMCL-based estimate)",-0.3310,-1.0307,0.0461,,
1791052992203324132,21.533,map,"nav2_feedback of the target goal (map, AMCL-based estimate)",-0.3281,-1.0306,0.0457,,
1791052992213136768,21.533,map,"nav2_feedback of the target goal (map, AMCL-based estimate)",-0.3281,-1.0306,0.0457,,
1791052992222919025,21.533,map,"nav2_feedback of the target goal (map, AMCL-based estimate)",-0.3281,-1.0306,0.0457,,
1791052992233160185,21.550,map,"nav2_feedback of the target goal (map, AMCL-based estimate)",-0.3253,-1.0304,0.0453,,
1791052992243119907,21.550,map,"nav2_feedback of the target goal (map, AMCL-based estimate)",-0.3253,-1.0304,0.0453,,
1791052992253446993,21.550,map,"nav2_feedback of the target goal (map, AMCL-based estimate)",-0.3253,-1.0304,0.0453,,
1791052992262940893,21.550,map,"nav2_feedback of the target goal (map, AMCL-based estimate)",-0.3253,-1.0304,0.0453,,
1791052992273186565,21.550,map,"nav2_feedback of the target goal (map, AMCL-based estimate)",-0.3253,-1.0304,0.0453,,
1791052992283430933,21.550,map,"nav2_feedback of the target goal (map, AMCL-based estimate)",-0.3253,-1.0304,0.0453,,
1791052992292985392,21.567,map,"nav2_feedback of the target goal (map, AMCL-based estimate)",-0.3224,-1.0303,0.0450,,
1791052992303247608,21.567,map,"nav2_feedback of the target goal (map, AMCL-based estimate)",-0.3224,-1.0303,0.0450,,
1791052992312902330,21.567,map,"nav2_feedback of the target goal (map, AMCL-based estimate)",-0.3224,-1.0303,0.0450,,
1791052992322986177,21.583,map,"nav2_feedback of the target goal (map, AMCL-based estimate)",-0.3196,-1.0302,0.0446,,
1791052992334105240,21.583,map,"nav2_feedback of the target goal (map, AMCL-based estimate)",-0.3196,-1.0302,0.0446,,
1791052992343211323,21.583,map,"nav2_feedback of the target goal (map, AMCL-based estimate)",-0.3196,-1.0302,0.0446,,
1791052992353206738,21.583,map,"nav2_feedback of the target goal (map, AMCL-based estimate)",-0.3196,-1.0302,0.0446,,
1791052992363459228,21.583,map,"nav2_feedback of the target goal (map, AMCL-based estimate)",-0.3196,-1.0302,0.0446,,
1791052992373389373,21.583,map,"nav2_feedback of the target goal (map, AMCL-based estimate)",-0.3196,-1.0302,0.0446,,
1791052992383144658,21.600,map,"nav2_feedback of the target goal (map, AMCL-based estimate)",-0.3168,-1.0301,0.0442,,
1791052992393054449,21.600,map,"nav2_feedback of the target goal (map, AMCL-based estimate)",-0.3168,-1.0301,0.0442,,
1791052992403333208,21.600,map,"nav2_feedback of the target goal (map, AMCL-based estimate)",-0.3168,-1.0301,0.0442,,
1791052992412988431,21.617,map,"nav2_feedback of the target goal (map, AMCL-based estimate)",-0.3140,-1.0299,0.0438,,
1791052992422998786,21.617,map,"nav2_feedback of the target goal (map, AMCL-based estimate)",-0.3140,-1.0299,0.0438,,
1791052992433277645,21.617,map,"nav2_feedback of the target goal (map, AMCL-based estimate)",-0.3140,-1.0299,0.0438,,
1791052992443063411,21.617,map,"nav2_feedback of the target goal (map, AMCL-based estimate)",-0.3140,-1.0299,0.0438,,
1791052992453134826,21.617,map,"nav2_feedback of the target goal (map, AMCL-based estimate)",-0.3140,-1.0299,0.0438,,
1791052992463148389,21.617,map,"nav2_feedback of the target goal (map, AMCL-based estimate)",-0.3140,-1.0299,0.0438,,
1791052992473025494,21.633,map,"nav2_feedback of the target goal (map, AMCL-based estimate)",-0.3111,-1.0298,0.0434,,
1791052992483118065,21.633,map,"nav2_feedback of the target goal (map, AMCL-based estimate)",-0.3111,-1.0298,0.0434,,
1791052992493602262,21.633,map,"nav2_feedback of the target goal (map, AMCL-based estimate)",-0.3111,-1.0298,0.0434,,
1791052992503278140,21.650,map,"nav2_feedback of the target goal (map, AMCL-based estimate)",-0.3083,-1.0297,0.0430,,
1791052992512979284,21.650,map,"nav2_feedback of the target goal (map, AMCL-based estimate)",-0.3083,-1.0297,0.0430,,
1791052992522825207,21.650,map,"nav2_feedback of the target goal (map, AMCL-based estimate)",-0.3083,-1.0297,0.0430,,
1791052992533149485,21.650,map,"nav2_feedback of the target goal (map, AMCL-based estimate)",-0.3083,-1.0297,0.0430,,
1791052992543227517,21.650,map,"nav2_feedback of the target goal (map, AMCL-based estimate)",-0.3083,-1.0297,0.0430,,
1791052992553179619,21.650,map,"nav2_feedback of the target goal (map, AMCL-based estimate)",-0.3083,-1.0297,0.0430,,
1791052992563283118,21.667,map,"nav2_feedback of the target goal (map, AMCL-based estimate)",-0.3055,-1.0296,0.0426,,
1791052992573300091,21.667,map,"nav2_feedback of the target goal (map, AMCL-based estimate)",-0.3055,-1.0296,0.0426,,
1791052992583095682,21.667,map,"nav2_feedback of the target goal (map, AMCL-based estimate)",-0.3055,-1.0296,0.0426,,
1791052992593103731,21.683,map,"nav2_feedback of the target goal (map, AMCL-based estimate)",-0.3027,-1.0295,0.0423,,
1791052992603044904,21.683,map,"nav2_feedback of the target goal (map, AMCL-based estimate)",-0.3027,-1.0295,0.0423,,
1791052992612911883,21.683,map,"nav2_feedback of the target goal (map, AMCL-based estimate)",-0.3027,-1.0295,0.0423,,
1791052992622954823,21.683,map,"nav2_feedback of the target goal (map, AMCL-based estimate)",-0.3027,-1.0295,0.0423,,
1791052992633193677,21.683,map,"nav2_feedback of the target goal (map, AMCL-based estimate)",-0.3027,-1.0295,0.0423,,
1791052992643051432,21.683,map,"nav2_feedback of the target goal (map, AMCL-based estimate)",-0.3027,-1.0295,0.0423,,
1791052992653276449,21.700,map,"nav2_feedback of the target goal (map, AMCL-based estimate)",-0.2998,-1.0293,0.0419,,
1791052992662973382,21.700,map,"nav2_feedback of the target goal (map, AMCL-based estimate)",-0.2998,-1.0293,0.0419,,
1791052992673056528,21.700,map,"nav2_feedback of the target goal (map, AMCL-based estimate)",-0.2998,-1.0293,0.0419,,
1791052992682985770,21.717,map,"nav2_feedback of the target goal (map, AMCL-based estimate)",-0.2933,-1.0254,0.0333,,
1791052992693000336,21.717,map,"nav2_feedback of the target goal (map, AMCL-based estimate)",-0.2933,-1.0254,0.0333,,
1791052992703521931,21.717,map,"nav2_feedback of the target goal (map, AMCL-based estimate)",-0.2933,-1.0254,0.0333,,
1791052992713018739,21.717,map,"nav2_feedback of the target goal (map, AMCL-based estimate)",-0.2933,-1.0254,0.0333,,
1791052992723332891,21.717,map,"nav2_feedback of the target goal (map, AMCL-based estimate)",-0.2933,-1.0254,0.0333,,
1791052992732967961,21.733,map,"nav2_feedback of the target goal (map, AMCL-based estimate)",-0.2872,-1.0216,0.0248,,
1791052992743174129,21.733,map,"nav2_feedback of the target goal (map, AMCL-based estimate)",-0.2872,-1.0216,0.0248,,
1791052992753098258,21.733,map,"nav2_feedback of the target goal (map, AMCL-based estimate)",-0.2872,-1.0216,0.0248,,
1791052992763107610,21.750,map,"nav2_feedback of the target goal (map, AMCL-based estimate)",-0.2815,-1.0178,0.0163,,
1791052992772990631,21.750,map,"nav2_feedback of the target goal (map, AMCL-based estimate)",-0.2815,-1.0178,0.0163,,
1791052992782982136,21.750,map,"nav2_feedback of the target goal (map, AMCL-based estimate)",-0.2815,-1.0178,0.0163,,
1791052992792889320,21.750,map,"nav2_feedback of the target goal (map, AMCL-based estimate)",-0.2815,-1.0178,0.0163,,
1791052992803602318,21.750,map,"nav2_feedback of the target goal (map, AMCL-based estimate)",-0.2815,-1.0178,0.0163,,
1791052992813268671,21.750,map,"nav2_feedback of the target goal (map, AMCL-based estimate)",-0.2815,-1.0178,0.0163,,
1791052992823041302,21.767,map,"nav2_feedback of the target goal (map, AMCL-based estimate)",-0.2761,-1.0140,0.0078,,
1791052992833008142,21.767,map,"nav2_feedback of the target goal (map, AMCL-based estimate)",-0.2761,-1.0140,0.0078,,
1791052992843538862,21.767,map,"nav2_feedback of the target goal (map, AMCL-based estimate)",-0.2761,-1.0140,0.0078,,
1791052992853229779,21.783,map,"nav2_feedback of the target goal (map, AMCL-based estimate)",-0.2711,-1.0103,-0.0007,,
1791052992862923102,21.783,map,"nav2_feedback of the target goal (map, AMCL-based estimate)",-0.2711,-1.0103,-0.0007,,
1791052992872978275,21.783,map,"nav2_feedback of the target goal (map, AMCL-based estimate)",-0.2711,-1.0103,-0.0007,,
1791052992883107341,21.783,map,"nav2_feedback of the target goal (map, AMCL-based estimate)",-0.2711,-1.0103,-0.0007,,
1791052992893838686,21.783,map,"nav2_feedback of the target goal (map, AMCL-based estimate)",-0.2711,-1.0103,-0.0007,,
1791052992903343114,21.783,map,"nav2_feedback of the target goal (map, AMCL-based estimate)",-0.2711,-1.0103,-0.0007,,
1791052992913171291,21.800,map,"nav2_feedback of the target goal (map, AMCL-based estimate)",-0.2665,-1.0065,-0.0092,,
1791052992923078876,21.800,map,"nav2_feedback of the target goal (map, AMCL-based estimate)",-0.2665,-1.0065,-0.0092,,
1791052992932975132,21.800,map,"nav2_feedback of the target goal (map, AMCL-based estimate)",-0.2665,-1.0065,-0.0092,,
1791052992943276951,21.817,map,"nav2_feedback of the target goal (map, AMCL-based estimate)",-0.2637,-1.0066,-0.0097,,
1791052992953324002,21.817,map,"nav2_feedback of the target goal (map, AMCL-based estimate)",-0.2637,-1.0066,-0.0097,,
1791052992962980830,21.817,map,"nav2_feedback of the target goal (map, AMCL-based estimate)",-0.2637,-1.0066,-0.0097,,
1791052992973194618,21.817,map,"nav2_feedback of the target goal (map, AMCL-based estimate)",-0.2637,-1.0066,-0.0097,,
1791052992983032821,21.817,map,"nav2_feedback of the target goal (map, AMCL-based estimate)",-0.2637,-1.0066,-0.0097,,
1791052992993751734,21.817,map,"nav2_feedback of the target goal (map, AMCL-based estimate)",-0.2637,-1.0066,-0.0097,,
1791052993003150385,21.833,map,"nav2_feedback of the target goal (map, AMCL-based estimate)",-0.2609,-1.0066,-0.0101,,
1791052993012843508,21.833,map,"nav2_feedback of the target goal (map, AMCL-based estimate)",-0.2609,-1.0066,-0.0101,,
1791052993023099106,21.850,map,"nav2_feedback of the target goal (map, AMCL-based estimate)",-0.2581,-1.0066,-0.0105,,
1791052993033079381,21.850,map,"nav2_feedback of the target goal (map, AMCL-based estimate)",-0.2581,-1.0066,-0.0105,,
1791052993043208046,21.850,map,"nav2_feedback of the target goal (map, AMCL-based estimate)",-0.2581,-1.0066,-0.0105,,
1791052993053082445,21.850,map,"nav2_feedback of the target goal (map, AMCL-based estimate)",-0.2581,-1.0066,-0.0105,,
1791052993064887506,21.850,map,"nav2_feedback of the target goal (map, AMCL-based estimate)",-0.2581,-1.0066,-0.0105,,
1791052993073273902,21.850,map,"nav2_feedback of the target goal (map, AMCL-based estimate)",-0.2581,-1.0066,-0.0105,,
1791052993083012544,21.867,map,"nav2_feedback of the target goal (map, AMCL-based estimate)",-0.2552,-1.0067,-0.0109,,
1791052993093080249,21.867,map,"nav2_feedback of the target goal (map, AMCL-based estimate)",-0.2552,-1.0067,-0.0109,,
1791052993103420569,21.867,map,"nav2_feedback of the target goal (map, AMCL-based estimate)",-0.2552,-1.0067,-0.0109,,
1791052993112850301,21.883,map,"nav2_feedback of the target goal (map, AMCL-based estimate)",-0.2524,-1.0067,-0.0114,,
1791052993123161646,21.883,map,"nav2_feedback of the target goal (map, AMCL-based estimate)",-0.2524,-1.0067,-0.0114,,
1791052993133450330,21.883,map,"nav2_feedback of the target goal (map, AMCL-based estimate)",-0.2524,-1.0067,-0.0114,,
1791052993143607069,21.883,map,"nav2_feedback of the target goal (map, AMCL-based estimate)",-0.2524,-1.0067,-0.0114,,
1791052993153839707,21.883,map,"nav2_feedback of the target goal (map, AMCL-based estimate)",-0.2524,-1.0067,-0.0114,,
1791052993163073324,21.883,map,"nav2_feedback of the target goal (map, AMCL-based estimate)",-0.2524,-1.0067,-0.0114,,
1791052993172879243,21.900,map,"nav2_feedback of the target goal (map, AMCL-based estimate)",-0.2498,-1.0067,-0.0117,,
1791052993183031169,21.900,map,"nav2_feedback of the target goal (map, AMCL-based estimate)",-0.2498,-1.0067,-0.0117,,
1791052993193011144,21.900,map,"nav2_feedback of the target goal (map, AMCL-based estimate)",-0.2498,-1.0067,-0.0117,,
1791052993202970264,21.917,map,"nav2_feedback of the target goal (map, AMCL-based estimate)",-0.2475,-1.0068,-0.0120,,
