2026-09-30T01:44:38.648 0.0,0.0,0.0,0.0,0.0,0.03684210526315797
2026-09-30T01:44:38.697 0.0,0.0,0.0,0.0,0.0,0.03684210526315797
2026-09-30T01:44:38.747 0.0,0.0,0.0,0.0,0.0,0.03684210526315797
2026-09-30T01:44:38.797 0.0,0.0,0.0,0.0,0.0,0.03684210526315797
2026-09-30T01:44:38.847 0.0,0.0,0.0,0.0,0.0,0.03684210526315797
2026-09-30T01:44:38.897 0.0,0.0,0.0,0.0,0.0,0.03684210526315797
2026-09-30T01:44:38.947 0.0,0.0,0.0,0.0,0.0,0.03684210526315797
2026-09-30T01:44:38.997 0.0,0.0,0.0,0.0,0.0,0.03684210526315797
2026-09-30T01:44:39.047 0.0,0.0,0.0,0.0,0.0,0.03684210526315797
2026-09-30T01:44:39.097 0.0,0.0,0.0,0.0,0.0,0.03684210526315797
2026-09-30T01:44:39.147 0.0,0.0,0.0,0.0,0.0,0.03684210526315797
2026-09-30T01:44:39.197 0.0,0.0,0.0,0.0,0.0,0.03684210526315797
2026-09-30T01:44:39.247 0.0,0.0,0.0,0.0,0.0,0.03684210526315797
2026-09-30T01:44:39.297 0.0,0.0,0.0,0.0,0.0,0.03684210526315797
2026-09-30T01:44:39.347 0.0,0.0,0.0,0.0,0.0,0.03684210526315797
2026-09-30T01:44:39.397 0.0,0.0,0.0,0.0,0.0,0.03684210526315797
2026-09-30T01:44:39.447 0.0,0.0,0.0,0.0,0.0,0.03684210526315797
2026-09-30T01:44:39.497 0.0,0.0,0.0,0.0,0.0,0.03684210526315797
2026-09-30T01:44:39.547 0.0,0.0,0.0,0.0,0.0,0.03684210526315797
2026-09-30T01:44:39.597 0.0,0.0,0.0,0.0,0.0,0.03684210526315797
2026-09-30T01:44:39.647 0.0,0.0,0.0,0.0,0.0,0.03684210526315797
2026-09-30T01:44:39.697 0.0,0.0,0.0,0.0,0.0,0.03684210526315797
2026-09-30T01:44:39.747 0.0,0.0,0.0,0.0,0.0,0.03684210526315797
2026-09-30T01:44:39.797 0.0,0.0,0.0,0.0,0.0,0.03684210526315797
2026-09-30T01:44:39.847 0.0,0.0,0.0,0.0,0.0,0.03684210526315797
2026-09-30T01:44:39.897 0.0,0.0,0.0,0.0,0.0,0.03684210526315797
2026-09-30T01:44:39.947 0.0,0.0,0.0,0.0,0.0,0.03684210526315797
2026-09-30T01:44:39.997 0.0,0.0,0.0,0.0,0.0,0.03684210526315797
2026-09-30T01:44:40.049 0.0,0.0,0.0,0.0,0.0,0.03684210526315797
2026-09-30T01:44:40.099 0.0,0.0,0.0,0.0,0.0,0.03684210526315797
2026-09-30T01:44:40.147 0.0,0.0,0.0,0.0,0.0,0.03684210526315797
2026-09-30T01:44:40.197 0.0,0.0,0.0,0.0,0.0,0.03684210526315797
2026-09-30T01:44:40.247 0.0,0.0,0.0,0.0,0.0,0.03684210526315797
2026-09-30T01:44:40.297 0.0,0.0,0.0,0.0,0.0,0.03684210526315797
2026-09-30T01:44:40.347 0.0,0.0,0.0,0.0,0.0,0.03684210526315797
2026-09-30T01:44:40.398 0.0,0.0,0.0,0.0,0.0,0.03684210526315797
2026-09-30T01:44:40.447 0.0,0.0,0.0,0.0,0.0,0.03684210526315797
2026-09-30T01:44:40.497 0.0,0.0,0.0,0.0,0.0,0.03684210526315797
2026-09-30T01:44:40.547 0.0,0.0,0.0,0.0,0.0,0.03684210526315797
2026-09-30T01:44:40.599 0.0,0.0,0.0,0.0,0.0,0.03684210526315797
2026-09-30T01:44:40.647 0.0,0.0,0.0,0.0,0.0,0.03684210526315797
2026-09-30T01:44:40.697 0.0,0.0,0.0,0.0,0.0,0.03684210526315797
2026-09-30T01:44:40.757 0.0,0.0,0.0,0.0,0.0,0.03684210526315797
2026-09-30T01:44:40.797 0.0,0.0,0.0,0.0,0.0,0.03684210526315797
2026-09-30T01:44:40.847 0.0,0.0,0.0,0.0,0.0,0.03684210526315797
2026-09-30T01:44:40.897 0.0,0.0,0.0,0.0,0.0,0.03684210526315797
2026-09-30T01:44:40.947 0.0,0.0,0.0,0.0,0.0,0.03684210526315797
2026-09-30T01:44:40.997 0.0,0.0,0.0,0.0,0.0,0.03684210526315797
2026-09-30T01:44:41.047 0.0,0.0,0.0,0.0,0.0,0.03684210526315797
2026-09-30T01:44:41.097 0.0,0.0,0.0,0.0,0.0,0.03684210526315797
2026-09-30T01:44:41.147 0.0,0.0,0.0,0.0,0.0,0.03684210526315797
2026-09-30T01:44:41.197 0.0,0.0,0.0,0.0,0.0,0.03684210526315797
2026-09-30T01:44:41.247 0.0,0.0,0.0,0.0,0.0,0.03684210526315797
2026-09-30T01:44:41.297 0.0,0.0,0.0,0.0,0.0,0.03684210526315797
2026-09-30T01:44:41.347 0.0,0.0,0.0,0.0,0.0,0.03684210526315797
2026-09-30T01:44:41.397 0.0,0.0,0.0,0.0,0.0,0.03684210526315797
2026-09-30T01:44:41.447 0.0,0.0,0.0,0.0,0.0,0.03684210526315797
2026-09-30T01:44:41.497 0.0,0.0,0.0,0.0,0.0,0.03684210526315797
2026-09-30T01:44:41.547 0.0,0.0,0.0,0.0,0.0,0.03684210526315797
2026-09-30T01:44:41.597 0.0,0.0,0.0,0.0,0.0,0.03684210526315797
2026-09-30T01:44:41.647 0.0,0.0,0.0,0.0,0.0,0.03684210526315797
2026-09-30T01:44:41.697 0.0,0.0,0.0,0.0,0.0,0.03684210526315797
2026-09-30T01:44:41.747 0.0,0.0,0.0,0.0,0.0,0.03684210526315797
2026-09-30T01:44:41.797 0.0,0.0,0.0,0.0,0.0,0.03684210526315797
2026-09-30T01:44:41.857 0.0,0.0,0.0,0.0,0.0,0.03684210526315797
2026-09-30T01:44:41.897 0.0,0.0,0.0,0.0,0.0,0.03684210526315797
2026-09-30T01:44:41.947 0.0,0.0,0.0,0.0,0.0,0.03684210526315797
2026-09-30T01:44:41.997 0.0,0.0,0.0,0.0,0.0,0.03684210526315797
2026-09-30T01:44:42.057 0.0,0.0,0.0,0.0,0.0,0.03684210526315797
2026-09-30T01:44:42.097 0.0,0.0,0.0,0.0,0.0,0.03684210526315797
2026-09-30T01:44:42.147 0.0,0.0,0.0,0.0,0.0,0.03684210526315797
2026-09-30T01:44:42.207 0.0,0.0,0.0,0.0,0.0,0.03684210526315797
2026-09-30T01:44:42.250 0.0,0.0,0.0,0.0,0.0,0.03684210526315797
2026-09-30T01:44:42.298 0.0,0.0,0.0,0.0,0.0,0.03684210526315797
2026-09-30T01:44:42.347 0.0,0.0,0.0,0.0,0.0,0.03684210526315797
2026-09-30T01:44:42.397 0.0,0.0,0.0,0.0,0.0,0.03684210526315797
2026-09-30T01:44:42.447 0.0,0.0,0.0,0.0,0.0,0.03684210526315797
2026-09-30T01:44:42.497 0.0,0.0,0.0,0.0,0.0,0.03684210526315797
2026-09-30T01:44:42.547 0.0,0.0,0.0,0.0,0.0,0.03684210526315797
2026-09-30T01:44:42.597 0.0,0.0,0.0,0.0,0.0,0.03684210526315797
2026-09-30T01:44:42.647 0.0,0.0,0.0,0.0,0.0,0.03684210526315797
2026-09-30T01:44:42.697 0.0,0.0,0.0,0.0,0.0,0.03684210526315797
2026-09-30T01:44:42.747 0.0,0.0,0.0,0.0,0.0,0.03684210526315797
2026-09-30T01:44:42.797 0.0,0.0,0.0,0.0,0.0,0.03684210526315797
2026-09-30T01:44:42.847 0.0,0.0,0.0,0.0,0.0,0.03684210526315797
2026-09-30T01:44:42.907 0.0,0.0,0.0,0.0,0.0,0.03684210526315797
2026-09-30T01:44:42.947 0.0,0.0,0.0,0.0,0.0,0.03684210526315797
2026-09-30T01:44:42.997 0.0,0.0,0.0,0.0,0.0,0.03684210526315797
2026-09-30T01:44:43.047 0.0,0.0,0.0,0.0,0.0,0.03684210526315797
2026-09-30T01:44:43.097 0.0,0.0,0.0,0.0,0.0,0.03684210526315797
2026-09-30T01:44:43.147 0.0,0.0,0.0,0.0,0.0,0.03684210526315797
2026-09-30T01:44:43.197 0.0,0.0,0.0,0.0,0.0,0.03684210526315797
2026-09-30T01:44:43.247 0.0,0.0,0.0,0.0,0.0,0.03684210526315797
2026-09-30T01:44:43.297 0.0,0.0,0.0,0.0,0.0,0.03684210526315797
2026-09-30T01:44:43.347 0.0,0.0,0.0,0.0,0.0,0.03684210526315797
2026-09-30T01:44:43.397 0.0,0.0,0.0,0.0,0.0,0.03684210526315797
2026-09-30T01:44:43.447 0.0,0.0,0.0,0.0,0.0,0.03684210526315797
2026-09-30T01:44:43.499 0.0,0.0,0.0,0.0,0.0,0.03684210526315797
2026-09-30T01:44:43.547 0.0,0.0,0.0,0.0,0.0,0.03684210526315797
2026-09-30T01:44:43.597 0.0,0.0,0.0,0.0,0.0,0.03684210526315797
2026-09-30T01:44:43.647 0.0,0.0,0.0,0.0,0.0,0.03684210526315797
2026-09-30T01:44:43.697 0.0,0.0,0.0,0.0,0.0,0.03684210526315797
2026-09-30T01:44:43.747 0.0,0.0,0.0,0.0,0.0,0.03684210526315797
2026-09-30T01:44:43.798 0.0,0.0,0.0,0.0,0.0,0.03684210526315797
2026-09-30T01:44:43.849 0.0,0.0,0.0,0.0,0.0,0.03684210526315797
2026-09-30T01:44:43.898 0.0,0.0,0.0,0.0,0.0,0.03684210526315797
2026-09-30T01:44:43.947 0.0,0.0,0.0,0.0,0.0,0.03684210526315797
2026-09-30T01:44:43.997 0.0,0.0,0.0,0.0,0.0,0.03684210526315797
2026-09-30T01:44:44.047 0.0,0.0,0.0,0.0,0.0,0.03684210526315797
2026-09-30T01:44:44.108 0.0,0.0,0.0,0.0,0.0,0.03684210526315797
2026-09-30T01:44:44.147 0.0,0.0,0.0,0.0,0.0,0.03684210526315797
2026-09-30T01:44:44.197 0.0,0.0,0.0,0.0,0.0,0.03684210526315797
2026-09-30T01:44:44.247 0.0,0.0,0.0,0.0,0.0,0.03684210526315797
2026-09-30T01:44:44.297 0.0,0.0,0.0,0.0,0.0,0.03684210526315797
2026-09-30T01:44:44.347 0.0,0.0,0.0,0.0,0.0,0.03684210526315797
2026-09-30T01:44:44.397 0.0,0.0,0.0,0.0,0.0,0.03684210526315797
2026-09-30T01:44:44.447 0.0,0.0,0.0,0.0,0.0,0.03684210526315797
2026-09-30T01:44:44.497 0.0,0.0,0.0,0.0,0.0,0.03684210526315797
2026-09-30T01:44:44.547 0.0,0.0,0.0,0.0,0.0,0.03684210526315797
2026-09-30T01:44:44.597 0.0,0.0,0.0,0.0,0.0,0.03684210526315797
2026-09-30T01:44:44.647 0.0,0.0,0.0,0.0,0.0,0.03684210526315797
2026-09-30T01:44:44.708 0.0,0.0,0.0,0.0,0.0,0.03684210526315797
2026-09-30T01:44:44.747 0.0,0.0,0.0,0.0,0.0,0.03684210526315797
2026-09-30T01:44:44.797 0.0,0.0,0.0,0.0,0.0,0.03684210526315797
2026-09-30T01:44:44.847 0.0,0.0,0.0,0.0,0.0,0.03684210526315797
2026-09-30T01:44:44.897 0.0,0.0,0.0,0.0,0.0,0.03684210526315797
2026-09-30T01:44:44.957 0.0,0.0,0.0,0.0,0.0,0.03684210526315797
2026-09-30T01:44:44.997 0.0,0.0,0.0,0.0,0.0,0.03684210526315797
2026-09-30T01:44:45.047 0.0,0.0,0.0,0.0,0.0,0.03684210526315797
2026-09-30T01:44:45.097 0.0,0.0,0.0,0.0,0.0,0.03684210526315797
2026-09-30T01:44:45.147 0.0,0.0,0.0,0.0,0.0,0.03684210526315797
2026-09-30T01:44:45.197 0.0,0.0,0.0,0.0,0.0,0.03684210526315797
2026-09-30T01:44:45.247 0.0,0.0,0.0,0.0,0.0,0.03684210526315797
2026-09-30T01:44:45.297 0.0,0.0,0.0,0.0,0.0,0.03684210526315797
2026-09-30T01:44:45.347 0.0,0.0,0.0,0.0,0.0,0.03684210526315797
2026-09-30T01:44:45.397 0.0,0.0,0.0,0.0,0.0,0.03684210526315797
2026-09-30T01:44:45.447 0.0,0.0,0.0,0.0,0.0,0.03684210526315797
2026-09-30T01:44:45.507 0.0,0.0,0.0,0.0,0.0,0.03684210526315797
2026-09-30T01:44:45.547 0.0,0.0,0.0,0.0,0.0,0.03684210526315797
2026-09-30T01:44:45.607 0.0,0.0,0.0,0.0,0.0,0.03684210526315797
2026-09-30T01:44:45.647 0.0,0.0,0.0,0.0,0.0,0.03684210526315797
2026-09-30T01:44:45.697 0.0,0.0,0.0,0.0,0.0,0.03684210526315797
2026-09-30T01:44:45.747 0.0,0.0,0.0,0.0,0.0,0.03684210526315797
2026-09-30T01:44:45.797 0.0,0.0,0.0,0.0,0.0,0.03684210526315797
2026-09-30T01:44:45.847 0.0,0.0,0.0,0.0,0.0,0.03684210526315797
2026-09-30T01:44:45.897 0.0,0.0,0.0,0.0,0.0,0.03684210526315797
2026-09-30T01:44:45.947 0.0,0.0,0.0,0.0,0.0,0.03684210526315797
2026-09-30T01:44:45.997 0.0,0.0,0.0,0.0,0.0,0.03684210526315797
2026-09-30T01:44:46.047 0.0,0.0,0.0,0.0,0.0,0.03684210526315797
2026-09-30T01:44:46.097 0.0,0.0,0.0,0.0,0.0,0.03684210526315797
2026-09-30T01:44:46.147 0.0,0.0,0.0,0.0,0.0,0.03684210526315797
2026-09-30T01:44:46.197 0.0,0.0,0.0,0.0,0.0,0.03684210526315797
2026-09-30T01:44:46.247 0.0,0.0,0.0,0.0,0.0,0.03684210526315797
2026-09-30T01:44:46.297 0.0,0.0,0.0,0.0,0.0,0.03684210526315797
2026-09-30T01:44:46.347 0.0,0.0,0.0,0.0,0.0,0.03684210526315797
2026-09-30T01:44:46.397 0.0,0.0,0.0,0.0,0.0,0.03684210526315797
2026-09-30T01:44:46.447 0.0,0.0,0.0,0.0,0.0,0.03684210526315797
2026-09-30T01:44:46.497 0.0,0.0,0.0,0.0,0.0,0.03684210526315797
2026-09-30T01:44:46.547 0.0,0.0,0.0,0.0,0.0,0.03684210526315797
2026-09-30T01:44:46.597 0.0,0.0,0.0,0.0,0.0,0.03684210526315797
2026-09-30T01:44:46.647 0.0,0.0,0.0,0.0,0.0,0.03684210526315797
2026-09-30T01:44:46.697 0.0,0.0,0.0,0.0,0.0,0.03684210526315797
2026-09-30T01:44:46.747 0.0,0.0,0.0,0.0,0.0,0.03684210526315797
2026-09-30T01:44:46.797 0.0,0.0,0.0,0.0,0.0,0.03684210526315797
2026-09-30T01:44:46.847 0.0,0.0,0.0,0.0,0.0,0.03684210526315797
2026-09-30T01:44:46.899 0.0,0.0,0.0,0.0,0.0,0.03684210526315797
2026-09-30T01:44:46.947 0.0,0.0,0.0,0.0,0.0,0.03684210526315797
2026-09-30T01:44:46.997 0.0,0.0,0.0,0.0,0.0,0.03684210526315797
2026-09-30T01:44:47.047 0.0,0.0,0.0,0.0,0.0,0.03684210526315797
2026-09-30T01:44:47.097 0.0,0.0,0.0,0.0,0.0,0.03684210526315797
2026-09-30T01:44:47.148 0.0,0.0,0.0,0.0,0.0,0.03684210526315797
2026-09-30T01:44:47.197 0.0,0.0,0.0,0.0,0.0,0.03684210526315797
2026-09-30T01:44:47.247 0.0,0.0,0.0,0.0,0.0,0.03684210526315797
2026-09-30T01:44:47.297 0.0,0.0,0.0,0.0,0.0,0.03684210526315797
2026-09-30T01:44:47.347 0.0,0.0,0.0,0.0,0.0,0.03684210526315797
2026-09-30T01:44:47.397 0.0,0.0,0.0,0.0,0.0,0.03684210526315797
2026-09-30T01:44:47.447 0.0,0.0,0.0,0.0,0.0,0.03684210526315797
2026-09-30T01:44:47.497 0.0,0.0,0.0,0.0,0.0,0.03684210526315797
2026-09-30T01:44:47.547 0.0,0.0,0.0,0.0,0.0,0.03684210526315797
2026-09-30T01:44:47.597 0.0,0.0,0.0,0.0,0.0,0.03684210526315797
2026-09-30T01:44:47.647 0.0,0.0,0.0,0.0,0.0,0.03684210526315797
2026-09-30T01:44:47.697 0.0,0.0,0.0,0.0,0.0,0.03684210526315797
2026-09-30T01:44:47.747 0.0,0.0,0.0,0.0,0.0,0.03684210526315797
2026-09-30T01:44:47.797 0.0,0.0,0.0,0.0,0.0,0.03684210526315797
2026-09-30T01:44:47.847 0.0,0.0,0.0,0.0,0.0,0.03684210526315797
2026-09-30T01:44:47.899 0.0,0.0,0.0,0.0,0.0,0.03684210526315797
2026-09-30T01:44:47.947 0.0,0.0,0.0,0.0,0.0,0.03684210526315797
2026-09-30T01:44:47.997 0.0,0.0,0.0,0.0,0.0,0.03684210526315797
2026-09-30T01:44:48.047 0.0,0.0,0.0,0.0,0.0,0.03684210526315797
2026-09-30T01:44:48.097 0.0,0.0,0.0,0.0,0.0,0.03684210526315797
2026-09-30T01:44:48.147 0.0,0.0,0.0,0.0,0.0,0.03684210526315797
2026-09-30T01:44:48.197 0.0,0.0,0.0,0.0,0.0,0.03684210526315797
2026-09-30T01:44:48.258 0.0,0.0,0.0,0.0,0.0,0.03684210526315797
2026-09-30T01:44:48.297 0.0,0.0,0.0,0.0,0.0,0.03684210526315797
2026-09-30T01:44:48.347 0.0,0.0,0.0,0.0,0.0,0.03684210526315797
2026-09-30T01:44:48.397 0.0,0.0,0.0,0.0,0.0,0.03684210526315797
2026-09-30T01:44:48.447 0.0,0.0,0.0,0.0,0.0,0.03684210526315797
2026-09-30T01:44:48.497 0.0,0.0,0.0,0.0,0.0,0.03684210526315797
2026-09-30T01:44:48.547 0.0,0.0,0.0,0.0,0.0,0.03684210526315797
2026-09-30T01:44:48.597 0.0,0.0,0.0,0.0,0.0,0.03684210526315797
2026-09-30T01:44:48.647 0.0,0.0,0.0,0.0,0.0,0.03684210526315797
2026-09-30T01:44:48.697 0.0,0.0,0.0,0.0,0.0,0.03684210526315797
2026-09-30T01:44:48.747 0.0,0.0,0.0,0.0,0.0,0.03684210526315797
2026-09-30T01:44:48.797 0.0,0.0,0.0,0.0,0.0,0.03684210526315797
2026-09-30T01:44:48.847 0.0,0.0,0.0,0.0,0.0,0.03684210526315797
2026-09-30T01:44:48.897 0.0,0.0,0.0,0.0,0.0,0.03684210526315797
2026-09-30T01:44:48.957 0.0,0.0,0.0,0.0,0.0,0.03684210526315797
2026-09-30T01:44:48.997 0.0,0.0,0.0,0.0,0.0,0.03684210526315797
2026-09-30T01:44:49.047 0.0,0.0,0.0,0.0,0.0,0.03684210526315797
2026-09-30T01:44:49.097 0.0,0.0,0.0,0.0,0.0,0.03684210526315797
2026-09-30T01:44:49.147 0.0,0.0,0.0,0.0,0.0,0.03684210526315797
2026-09-30T01:44:49.197 0.0,0.0,0.0,0.0,0.0,0.03684210526315797
2026-09-30T01:44:49.247 0.0,0.0,0.0,0.0,0.0,0.03684210526315797
2026-09-30T01:44:49.297 0.0,0.0,0.0,0.0,0.0,0.03684210526315797
2026-09-30T01:44:49.347 0.0,0.0,0.0,0.0,0.0,0.03684210526315797
2026-09-30T01:44:49.397 0.0,0.0,0.0,0.0,0.0,0.03684210526315797
2026-09-30T01:44:49.457 0.0,0.0,0.0,0.0,0.0,0.03684210526315797
2026-09-30T01:44:49.497 0.0,0.0,0.0,0.0,0.0,0.03684210526315797
2026-09-30T01:44:49.547 0.0,0.0,0.0,0.0,0.0,0.03684210526315797
2026-09-30T01:44:49.597 0.0,0.0,0.0,0.0,0.0,0.03684210526315797
2026-09-30T01:44:49.647 0.0,0.0,0.0,0.0,0.0,0.03684210526315797
2026-09-30T01:44:49.697 0.0,0.0,0.0,0.0,0.0,0.03684210526315797
2026-09-30T01:44:49.747 0.0,0.0,0.0,0.0,0.0,0.03684210526315797
2026-09-30T01:44:49.797 0.0,0.0,0.0,0.0,0.0,0.03684210526315797
2026-09-30T01:44:49.847 0.0,0.0,0.0,0.0,0.0,0.03684210526315797
2026-09-30T01:44:49.897 0.0,0.0,0.0,0.0,0.0,0.03684210526315797
2026-09-30T01:44:49.947 0.0,0.0,0.0,0.0,0.0,0.03684210526315797
2026-09-30T01:44:49.997 0.0,0.0,0.0,0.0,0.0,0.03684210526315797
2026-09-30T01:44:50.047 0.0,0.0,0.0,0.0,0.0,0.03684210526315797
2026-09-30T01:44:50.098 0.0,0.0,0.0,0.0,0.0,0.03684210526315797
2026-09-30T01:44:50.147 0.0,0.0,0.0,0.0,0.0,0.03684210526315797
2026-09-30T01:44:50.197 0.0,0.0,0.0,0.0,0.0,0.03684210526315797
2026-09-30T01:44:50.247 0.0,0.0,0.0,0.0,0.0,0.03684210526315797
2026-09-30T01:44:50.307 0.0,0.0,0.0,0.0,0.0,0.03684210526315797
2026-09-30T01:44:50.347 0.0,0.0,0.0,0.0,0.0,0.03684210526315797
2026-09-30T01:44:50.407 0.0,0.0,0.0,0.0,0.0,0.03684210526315797
2026-09-30T01:44:50.447 0.0,0.0,0.0,0.0,0.0,0.03684210526315797
2026-09-30T01:44:50.497 0.0,0.0,0.0,0.0,0.0,0.03684210526315797
2026-09-30T01:44:50.547 0.0,0.0,0.0,0.0,0.0,0.03684210526315797
2026-09-30T01:44:50.597 0.0,0.0,0.0,0.0,0.0,0.03684210526315797
2026-09-30T01:44:50.647 0.0,0.0,0.0,0.0,0.0,0.03684210526315797
2026-09-30T01:44:50.697 0.0,0.0,0.0,0.0,0.0,0.03684210526315797
2026-09-30T01:44:50.747 0.0,0.0,0.0,0.0,0.0,0.03684210526315797
2026-09-30T01:44:50.797 0.0,0.0,0.0,0.0,0.0,0.03684210526315797
2026-09-30T01:44:50.847 0.0,0.0,0.0,0.0,0.0,0.03684210526315797
2026-09-30T01:44:50.897 0.0,0.0,0.0,0.0,0.0,0.03684210526315797
2026-09-30T01:44:50.947 0.0,0.0,0.0,0.0,0.0,0.03684210526315797
2026-09-30T01:44:50.997 0.0,0.0,0.0,0.0,0.0,0.03684210526315797
2026-09-30T01:44:51.047 0.0,0.0,0.0,0.0,0.0,0.03684210526315797
2026-09-30T01:44:51.097 0.0,0.0,0.0,0.0,0.0,0.03684210526315797
2026-09-30T01:44:51.147 0.0,0.0,0.0,0.0,0.0,0.03684210526315797
2026-09-30T01:44:51.197 0.0,0.0,0.0,0.0,0.0,0.03684210526315797
2026-09-30T01:44:51.247 0.0,0.0,0.0,0.0,0.0,0.03684210526315797
2026-09-30T01:44:51.297 0.0,0.0,0.0,0.0,0.0,0.03684210526315797
2026-09-30T01:44:51.347 0.0,0.0,0.0,0.0,0.0,0.03684210526315797
2026-09-30T01:44:51.397 0.0,0.0,0.0,0.0,0.0,0.03684210526315797
2026-09-30T01:44:51.447 0.0,0.0,0.0,0.0,0.0,0.03684210526315797
2026-09-30T01:44:51.498 0.0,0.0,0.0,0.0,0.0,0.03684210526315797
2026-09-30T01:44:51.547 0.0,0.0,0.0,0.0,0.0,0.03684210526315797
2026-09-30T01:44:51.597 0.0,0.0,0.0,0.0,0.0,0.03684210526315797
2026-09-30T01:44:51.647 0.0,0.0,0.0,0.0,0.0,0.03684210526315797
2026-09-30T01:44:51.697 0.0,0.0,0.0,0.0,0.0,0.03684210526315797
2026-09-30T01:44:51.747 0.0,0.0,0.0,0.0,0.0,0.03684210526315797
2026-09-30T01:44:51.797 0.0,0.0,0.0,0.0,0.0,0.03684210526315797
2026-09-30T01:44:51.847 0.0,0.0,0.0,0.0,0.0,0.03684210526315797
2026-09-30T01:44:51.897 0.0,0.0,0.0,0.0,0.0,0.03684210526315797
2026-09-30T01:44:51.947 0.0,0.0,0.0,0.0,0.0,0.03684210526315797
2026-09-30T01:44:51.997 0.0,0.0,0.0,0.0,0.0,0.03684210526315797
2026-09-30T01:44:52.047 0.0,0.0,0.0,0.0,0.0,0.03684210526315797
2026-09-30T01:44:52.097 0.0,0.0,0.0,0.0,0.0,0.03684210526315797
2026-09-30T01:44:52.147 0.0,0.0,0.0,0.0,0.0,0.03684210526315797
2026-09-30T01:44:52.197 0.0,0.0,0.0,0.0,0.0,0.03684210526315797
2026-09-30T01:44:52.247 0.0,0.0,0.0,0.0,0.0,0.03684210526315797
2026-09-30T01:44:52.297 0.0,0.0,0.0,0.0,0.0,0.03684210526315797
2026-09-30T01:44:52.347 0.0,0.0,0.0,0.0,0.0,0.03684210526315797
2026-09-30T01:44:52.397 0.0,0.0,0.0,0.0,0.0,0.03684210526315797
2026-09-30T01:44:52.447 0.0,0.0,0.0,0.0,0.0,0.03684210526315797
2026-09-30T01:44:52.497 0.0,0.0,0.0,0.0,0.0,0.03684210526315797
2026-09-30T01:44:52.557 0.0,0.0,0.0,0.0,0.0,0.03684210526315797
2026-09-30T01:44:52.597 0.0,0.0,0.0,0.0,0.0,0.03684210526315797
2026-09-30T01:44:52.647 0.0,0.0,0.0,0.0,0.0,0.03684210526315797
2026-09-30T01:44:52.697 0.0,0.0,0.0,0.0,0.0,0.03684210526315797
2026-09-30T01:44:52.747 0.0,0.0,0.0,0.0,0.0,0.03684210526315797
2026-09-30T01:44:52.797 0.0,0.0,0.0,0.0,0.0,0.03684210526315797
2026-09-30T01:44:52.847 0.0,0.0,0.0,0.0,0.0,0.03684210526315797
2026-09-30T01:44:52.897 0.0,0.0,0.0,0.0,0.0,0.03684210526315797
2026-09-30T01:44:52.947 0.0,0.0,0.0,0.0,0.0,0.03684210526315797
2026-09-30T01:44:52.998 0.0,0.0,0.0,0.0,0.0,0.03684210526315797
2026-09-30T01:44:53.047 0.0,0.0,0.0,0.0,0.0,0.03684210526315797
2026-09-30T01:44:53.097 0.0,0.0,0.0,0.0,0.0,0.03684210526315797
2026-09-30T01:44:53.147 0.0,0.0,0.0,0.0,0.0,0.03684210526315797
2026-09-30T01:44:53.197 0.0,0.0,0.0,0.0,0.0,0.03684210526315797
2026-09-30T01:44:53.247 0.0,0.0,0.0,0.0,0.0,0.03684210526315797
2026-09-30T01:44:53.297 0.0,0.0,0.0,0.0,0.0,0.03684210526315797
2026-09-30T01:44:53.347 0.0,0.0,0.0,0.0,0.0,0.03684210526315797
2026-09-30T01:44:53.397 0.0,0.0,0.0,0.0,0.0,0.03684210526315797
2026-09-30T01:44:53.447 0.0,0.0,0.0,0.0,0.0,0.03684210526315797
2026-09-30T01:44:53.497 0.0,0.0,0.0,0.0,0.0,0.03684210526315797
2026-09-30T01:44:53.550 0.0,0.0,0.0,0.0,0.0,0.03684210526315797
2026-09-30T01:44:53.597 0.0,0.0,0.0,0.0,0.0,0.03684210526315797
2026-09-30T01:44:53.647 0.0,0.0,0.0,0.0,0.0,0.03684210526315797
2026-09-30T01:44:53.697 0.0,0.0,0.0,0.0,0.0,0.03684210526315797
2026-09-30T01:44:53.747 0.0,0.0,0.0,0.0,0.0,0.03684210526315797
2026-09-30T01:44:53.797 0.0,0.0,0.0,0.0,0.0,0.03684210526315797
2026-09-30T01:44:53.847 0.0,0.0,0.0,0.0,0.0,0.03684210526315797
2026-09-30T01:44:53.897 0.0,0.0,0.0,0.0,0.0,0.03684210526315797
2026-09-30T01:44:53.947 0.0,0.0,0.0,0.0,0.0,0.03684210526315797
2026-09-30T01:44:53.997 0.0,0.0,0.0,0.0,0.0,0.03684210526315797
2026-09-30T01:44:54.047 0.0,0.0,0.0,0.0,0.0,0.03684210526315797
2026-09-30T01:44:54.097 0.0,0.0,0.0,0.0,0.0,0.03684210526315797
2026-09-30T01:44:54.147 0.0,0.0,0.0,0.0,0.0,0.03684210526315797
2026-09-30T01:44:54.197 0.0,0.0,0.0,0.0,0.0,0.03684210526315797
2026-09-30T01:44:54.247 0.0,0.0,0.0,0.0,0.0,0.03684210526315797
2026-09-30T01:44:54.297 0.0,0.0,0.0,0.0,0.0,0.03684210526315797
2026-09-30T01:44:54.347 0.0,0.0,0.0,0.0,0.0,0.03684210526315797
2026-09-30T01:44:54.397 0.0,0.0,0.0,0.0,0.0,0.03684210526315797
2026-09-30T01:44:54.449 0.0,0.0,0.0,0.0,0.0,0.03684210526315797
2026-09-30T01:44:54.497 0.0,0.0,0.0,0.0,0.0,0.03684210526315797
2026-09-30T01:44:54.547 0.0,0.0,0.0,0.0,0.0,0.03684210526315797
2026-09-30T01:44:54.597 0.0,0.0,0.0,0.0,0.0,0.03684210526315797
2026-09-30T01:44:55.448 0.0,0.0,0.0,0.0,0.0,0.03684210526315797
2026-09-30T01:44:55.497 0.0,0.0,0.0,0.0,0.0,0.03684210526315797
2026-09-30T01:44:56.735 0.0,0.0,0.0,0.0,0.0,0.03684210526315797
2026-09-30T01:44:56.785 0.0,0.0,0.0,0.0,0.0,0.03684210526315797
2026-09-30T01:44:56.835 0.0,0.0,0.0,0.0,0.0,0.03684210526315797
2026-09-30T01:44:56.885 0.0,0.0,0.0,0.0,0.0,0.03684210526315797
2026-09-30T01:44:56.935 0.0,0.0,0.0,0.0,0.0,0.03684210526315797
2026-09-30T01:44:56.985 0.0,0.0,0.0,0.0,0.0,0.03684210526315797
2026-09-30T01:44:57.035 0.0,0.0,0.0,0.0,0.0,0.03684210526315797
2026-09-30T01:44:57.095 0.0,0.0,0.0,0.0,0.0,0.03684210526315797
2026-09-30T01:44:57.135 0.0,0.0,0.0,0.0,0.0,0.03684210526315797
2026-09-30T01:44:57.185 0.0,0.0,0.0,0.0,0.0,0.03684210526315797
2026-09-30T01:44:57.235 0.0,0.0,0.0,0.0,0.0,0.03684210526315797
2026-09-30T01:44:57.285 0.0,0.0,0.0,0.0,0.0,0.03684210526315797
2026-09-30T01:44:57.335 0.0,0.0,0.0,0.0,0.0,0.03684210526315797
2026-09-30T01:44:57.385 0.0,0.0,0.0,0.0,0.0,0.03684210526315797
2026-09-30T01:44:57.435 0.0,0.0,0.0,0.0,0.0,0.03684210526315797
2026-09-30T01:44:57.485 0.0,0.0,0.0,0.0,0.0,0.03684210526315797
2026-09-30T01:44:57.535 0.0,0.0,0.0,0.0,0.0,0.03684210526315797
2026-09-30T01:44:57.585 0.0,0.0,0.0,0.0,0.0,0.03684210526315797
2026-09-30T01:44:57.635 0.0,0.0,0.0,0.0,0.0,0.03684210526315797
2026-09-30T01:44:57.685 0.0,0.0,0.0,0.0,0.0,0.03684210526315797
2026-09-30T01:44:57.735 0.0,0.0,0.0,0.0,0.0,0.03684210526315797
2026-09-30T01:44:57.785 0.0,0.0,0.0,0.0,0.0,0.03684210526315797
2026-09-30T01:44:57.835 0.0,0.0,0.0,0.0,0.0,0.03684210526315797
2026-09-30T01:44:57.885 0.0,0.0,0.0,0.0,0.0,0.03684210526315797
2026-09-30T01:44:57.935 0.0,0.0,0.0,0.0,0.0,0.03684210526315797
2026-09-30T01:44:57.985 0.0,0.0,0.0,0.0,0.0,0.03684210526315797
2026-09-30T01:44:58.035 0.0,0.0,0.0,0.0,0.0,0.03684210526315797
2026-09-30T01:44:58.085 0.0,0.0,0.0,0.0,0.0,0.03684210526315797
2026-09-30T01:44:58.136 0.0,0.0,0.0,0.0,0.0,0.03684210526315797
2026-09-30T01:44:58.185 0.0,0.0,0.0,0.0,0.0,0.03684210526315797
2026-09-30T01:44:58.235 0.0,0.0,0.0,0.0,0.0,0.03684210526315797
2026-09-30T01:44:58.285 0.0,0.0,0.0,0.0,0.0,0.03684210526315797
2026-09-30T01:44:58.335 0.0,0.0,0.0,0.0,0.0,0.03684210526315797
2026-09-30T01:44:58.385 0.0,0.0,0.0,0.0,0.0,0.03684210526315797
2026-09-30T01:44:58.435 0.0,0.0,0.0,0.0,0.0,0.03684210526315797
2026-09-30T01:44:58.485 0.0,0.0,0.0,0.0,0.0,0.03684210526315797
2026-09-30T01:44:58.535 0.0,0.0,0.0,0.0,0.0,0.03684210526315797
2026-09-30T01:44:58.585 0.0,0.0,0.0,0.0,0.0,0.03684210526315797
2026-09-30T01:44:58.635 0.0,0.0,0.0,0.0,0.0,0.03684210526315797
2026-09-30T01:44:58.685 0.0,0.0,0.0,0.0,0.0,0.03684210526315797
2026-09-30T01:44:58.735 0.0,0.0,0.0,0.0,0.0,0.03684210526315797
2026-09-30T01:44:58.785 0.0,0.0,0.0,0.0,0.0,0.03684210526315797
2026-09-30T01:44:58.835 0.0,0.0,0.0,0.0,0.0,0.03684210526315797
2026-09-30T01:44:58.885 0.0,0.0,0.0,0.0,0.0,0.03684210526315797
2026-09-30T01:44:58.935 0.0,0.0,0.0,0.0,0.0,0.03684210526315797
2026-09-30T01:44:58.985 0.0,0.0,0.0,0.0,0.0,0.03684210526315797
2026-09-30T01:44:59.035 0.0,0.0,0.0,0.0,0.0,0.03684210526315797
2026-09-30T01:44:59.085 0.0,0.0,0.0,0.0,0.0,0.03684210526315797
2026-09-30T01:44:59.135 0.0,0.0,0.0,0.0,0.0,0.03684210526315797
2026-09-30T01:44:59.185 0.0,0.0,0.0,0.0,0.0,0.03684210526315797
2026-09-30T01:44:59.235 0.0,0.0,0.0,0.0,0.0,0.03684210526315797
2026-09-30T01:44:59.285 0.0,0.0,0.0,0.0,0.0,0.03684210526315797
2026-09-30T01:44:59.335 0.0,0.0,0.0,0.0,0.0,0.03684210526315797
2026-09-30T01:44:59.385 0.0,0.0,0.0,0.0,0.0,0.03684210526315797
2026-09-30T01:44:59.435 0.0,0.0,0.0,0.0,0.0,0.03684210526315797
2026-09-30T01:44:59.485 0.0,0.0,0.0,0.0,0.0,0.03684210526315797
2026-09-30T01:44:59.535 0.0,0.0,0.0,0.0,0.0,0.03684210526315797
2026-09-30T01:44:59.595 0.0,0.0,0.0,0.0,0.0,0.03684210526315797
2026-09-30T01:44:59.645 0.0,0.0,0.0,0.0,0.0,0.03684210526315797
2026-09-30T01:44:59.685 0.0,0.0,0.0,0.0,0.0,0.03684210526315797
2026-09-30T01:44:59.745 0.0,0.0,0.0,0.0,0.0,0.03684210526315797
2026-09-30T01:44:59.785 0.0,0.0,0.0,0.0,0.0,0.03684210526315797
2026-09-30T01:44:59.835 0.0,0.0,0.0,0.0,0.0,0.03684210526315797
2026-09-30T01:44:59.885 0.0,0.0,0.0,0.0,0.0,0.03684210526315797
2026-09-30T01:44:59.935 0.0,0.0,0.0,0.0,0.0,0.03684210526315797
2026-09-30T01:44:59.995 0.0,0.0,0.0,0.0,0.0,0.03684210526315797
2026-09-30T01:45:00.035 0.0,0.0,0.0,0.0,0.0,0.03684210526315797
2026-09-30T01:45:00.085 0.0,0.0,0.0,0.0,0.0,0.03684210526315797
2026-09-30T01:45:00.135 0.0,0.0,0.0,0.0,0.0,0.03684210526315797
2026-09-30T01:45:00.185 0.0,0.0,0.0,0.0,0.0,0.03684210526315797
2026-09-30T01:45:00.235 0.0,0.0,0.0,0.0,0.0,0.03684210526315797
2026-09-30T01:45:00.285 0.0,0.0,0.0,0.0,0.0,0.03684210526315797
2026-09-30T01:45:00.335 0.0,0.0,0.0,0.0,0.0,0.03684210526315797
2026-09-30T01:45:00.385 0.0,0.0,0.0,0.0,0.0,0.03684210526315797
2026-09-30T01:45:00.435 0.0,0.0,0.0,0.0,0.0,0.03684210526315797
2026-09-30T01:45:00.485 0.0,0.0,0.0,0.0,0.0,0.03684210526315797
2026-09-30T01:45:00.535 0.0,0.0,0.0,0.0,0.0,0.03684210526315797
2026-09-30T01:45:00.585 0.0,0.0,0.0,0.0,0.0,0.03684210526315797
2026-09-30T01:45:00.635 0.0,0.0,0.0,0.0,0.0,0.03684210526315797
2026-09-30T01:45:00.685 0.0,0.0,0.0,0.0,0.0,0.03684210526315797
2026-09-30T01:45:00.735 0.0,0.0,0.0,0.0,0.0,0.03684210526315797
2026-09-30T01:45:00.785 0.0,0.0,0.0,0.0,0.0,0.03684210526315797
2026-09-30T01:45:00.835 0.0,0.0,0.0,0.0,0.0,0.03684210526315797
2026-09-30T01:45:00.885 0.0,0.0,0.0,0.0,0.0,0.03684210526315797
2026-09-30T01:45:00.935 0.0,0.0,0.0,0.0,0.0,0.03684210526315797
2026-09-30T01:45:00.985 0.0,0.0,0.0,0.0,0.0,0.03684210526315797
2026-09-30T01:45:01.035 0.0,0.0,0.0,0.0,0.0,0.03684210526315797
2026-09-30T01:45:01.085 0.0,0.0,0.0,0.0,0.0,0.03684210526315797
2026-09-30T01:45:01.135 0.0,0.0,0.0,0.0,0.0,0.03684210526315797
2026-09-30T01:45:01.185 0.0,0.0,0.0,0.0,0.0,0.03684210526315797
2026-09-30T01:45:01.235 0.0,0.0,0.0,0.0,0.0,0.03684210526315797
2026-09-30T01:45:01.285 0.0,0.0,0.0,0.0,0.0,0.03684210526315797
2026-09-30T01:45:01.335 0.0,0.0,0.0,0.0,0.0,0.03684210526315797
2026-09-30T01:45:01.385 0.0,0.0,0.0,0.0,0.0,0.03684210526315797
2026-09-30T01:45:01.435 0.0,0.0,0.0,0.0,0.0,0.03684210526315797
2026-09-30T01:45:01.485 0.0,0.0,0.0,0.0,0.0,0.03684210526315797
2026-09-30T01:45:01.545 0.0,0.0,0.0,0.0,0.0,0.03684210526315797
2026-09-30T01:45:01.585 0.0,0.0,0.0,0.0,0.0,0.03684210526315797
2026-09-30T01:45:01.635 0.0,0.0,0.0,0.0,0.0,0.03684210526315797
2026-09-30T01:45:01.685 0.0,0.0,0.0,0.0,0.0,0.03684210526315797
2026-09-30T01:45:01.735 0.0,0.0,0.0,0.0,0.0,0.03684210526315797
2026-09-30T01:45:01.785 0.0,0.0,0.0,0.0,0.0,0.03684210526315797
2026-09-30T01:45:01.835 0.0,0.0,0.0,0.0,0.0,0.03684210526315797
2026-09-30T01:45:01.885 0.0,0.0,0.0,0.0,0.0,0.03684210526315797
2026-09-30T01:45:01.935 0.0,0.0,0.0,0.0,0.0,0.03684210526315797
2026-09-30T01:45:01.985 0.0,0.0,0.0,0.0,0.0,0.03684210526315797
2026-09-30T01:45:02.035 0.0,0.0,0.0,0.0,0.0,0.03684210526315797
2026-09-30T01:45:02.095 0.0,0.0,0.0,0.0,0.0,0.03684210526315797
2026-09-30T01:45:02.135 0.0,0.0,0.0,0.0,0.0,0.03684210526315797
2026-09-30T01:45:02.185 0.0,0.0,0.0,0.0,0.0,0.03684210526315797
2026-09-30T01:45:02.235 0.0,0.0,0.0,0.0,0.0,0.03684210526315797
2026-09-30T01:45:02.285 0.0,0.0,0.0,0.0,0.0,0.03684210526315797
2026-09-30T01:45:02.335 0.0,0.0,0.0,0.0,0.0,0.03684210526315797
2026-09-30T01:45:02.385 0.0,0.0,0.0,0.0,0.0,0.03684210526315797
2026-09-30T01:45:02.435 0.0,0.0,0.0,0.0,0.0,0.03684210526315797
2026-09-30T01:45:02.485 0.0,0.0,0.0,0.0,0.0,0.03684210526315797
2026-09-30T01:45:02.535 0.0,0.0,0.0,0.0,0.0,0.03684210526315797
2026-09-30T01:45:02.585 0.0,0.0,0.0,0.0,0.0,0.03684210526315797
2026-09-30T01:45:02.635 0.0,0.0,0.0,0.0,0.0,0.03684210526315797
2026-09-30T01:45:02.685 0.0,0.0,0.0,0.0,0.0,0.03684210526315797
2026-09-30T01:45:02.735 0.0,0.0,0.0,0.0,0.0,0.03684210526315797
2026-09-30T01:45:02.785 0.0,0.0,0.0,0.0,0.0,0.03684210526315797
2026-09-30T01:45:02.835 0.0,0.0,0.0,0.0,0.0,0.03684210526315797
2026-09-30T01:45:02.885 0.0,0.0,0.0,0.0,0.0,0.03684210526315797
2026-09-30T01:45:02.945 0.0,0.0,0.0,0.0,0.0,0.03684210526315797
2026-09-30T01:45:02.985 0.0,0.0,0.0,0.0,0.0,0.03684210526315797
2026-09-30T01:45:03.035 0.0,0.0,0.0,0.0,0.0,0.03684210526315797
2026-09-30T01:45:03.085 0.0,0.0,0.0,0.0,0.0,0.03684210526315797
2026-09-30T01:45:03.135 0.0,0.0,0.0,0.0,0.0,0.03684210526315797
2026-09-30T01:45:03.186 0.0,0.0,0.0,0.0,0.0,0.03684210526315797
2026-09-30T01:45:03.235 0.0,0.0,0.0,0.0,0.0,0.03684210526315797
2026-09-30T01:45:03.285 0.0,0.0,0.0,0.0,0.0,0.03684210526315797
2026-09-30T01:45:03.335 0.0,0.0,0.0,0.0,0.0,0.03684210526315797
2026-09-30T01:45:03.385 0.0,0.0,0.0,0.0,0.0,0.03684210526315797
2026-09-30T01:45:03.435 0.0,0.0,0.0,0.0,0.0,0.03684210526315797
2026-09-30T01:45:03.495 0.0,0.0,0.0,0.0,0.0,0.03684210526315797
2026-09-30T01:45:03.535 0.0,0.0,0.0,0.0,0.0,0.03684210526315797
2026-09-30T01:45:03.585 0.0,0.0,0.0,0.0,0.0,0.03684210526315797
2026-09-30T01:45:03.635 0.0,0.0,0.0,0.0,0.0,0.03684210526315797
2026-09-30T01:45:03.685 0.0,0.0,0.0,0.0,0.0,0.03684210526315797
2026-09-30T01:45:03.735 0.0,0.0,0.0,0.0,0.0,0.03684210526315797
2026-09-30T01:45:03.785 0.0,0.0,0.0,0.0,0.0,0.03684210526315797
2026-09-30T01:45:03.835 0.0,0.0,0.0,0.0,0.0,0.03684210526315797
2026-09-30T01:45:03.885 0.0,0.0,0.0,0.0,0.0,0.03684210526315797
2026-09-30T01:45:03.935 0.0,0.0,0.0,0.0,0.0,0.03684210526315797
2026-09-30T01:45:03.985 0.0,0.0,0.0,0.0,0.0,0.03684210526315797
2026-09-30T01:45:04.035 0.0,0.0,0.0,0.0,0.0,0.03684210526315797
2026-09-30T01:45:04.085 0.0,0.0,0.0,0.0,0.0,0.03684210526315797
2026-09-30T01:45:04.135 0.0,0.0,0.0,0.0,0.0,0.03684210526315797
2026-09-30T01:45:04.185 0.0,0.0,0.0,0.0,0.0,0.03684210526315797
2026-09-30T01:45:04.235 0.0,0.0,0.0,0.0,0.0,0.03684210526315797
2026-09-30T01:45:04.285 0.0,0.0,0.0,0.0,0.0,0.03684210526315797
2026-09-30T01:45:04.335 0.0,0.0,0.0,0.0,0.0,0.03684210526315797
2026-09-30T01:45:04.385 0.0,0.0,0.0,0.0,0.0,0.03684210526315797
2026-09-30T01:45:04.435 0.0,0.0,0.0,0.0,0.0,0.03684210526315797
2026-09-30T01:45:04.485 0.0,0.0,0.0,0.0,0.0,0.03684210526315797
2026-09-30T01:45:04.535 0.0,0.0,0.0,0.0,0.0,0.03684210526315797
2026-09-30T01:45:04.595 0.0,0.0,0.0,0.0,0.0,0.03684210526315797
2026-09-30T01:45:04.635 0.0,0.0,0.0,0.0,0.0,0.03684210526315797
2026-09-30T01:45:04.685 0.0,0.0,0.0,0.0,0.0,0.03684210526315797
2026-09-30T01:45:04.735 0.0,0.0,0.0,0.0,0.0,0.03684210526315797
2026-09-30T01:45:04.785 0.0,0.0,0.0,0.0,0.0,0.03684210526315797
2026-09-30T01:45:04.835 0.0,0.0,0.0,0.0,0.0,0.03684210526315797
2026-09-30T01:45:04.885 0.0,0.0,0.0,0.0,0.0,0.03684210526315797
2026-09-30T01:45:04.935 0.0,0.0,0.0,0.0,0.0,0.03684210526315797
2026-09-30T01:45:04.995 0.0,0.0,0.0,0.0,0.0,0.03684210526315797
2026-09-30T01:45:05.035 0.0,0.0,0.0,0.0,0.0,0.03684210526315797
2026-09-30T01:45:05.085 0.0,0.0,0.0,0.0,0.0,0.03684210526315797
2026-09-30T01:45:05.135 0.0,0.0,0.0,0.0,0.0,0.03684210526315797
2026-09-30T01:45:05.185 0.0,0.0,0.0,0.0,0.0,0.03684210526315797
2026-09-30T01:45:05.235 0.0,0.0,0.0,0.0,0.0,0.03684210526315797
2026-09-30T01:45:05.285 0.0,0.0,0.0,0.0,0.0,0.03684210526315797
2026-09-30T01:45:05.335 0.0,0.0,0.0,0.0,0.0,0.03684210526315797
2026-09-30T01:45:05.385 0.0,0.0,0.0,0.0,0.0,0.03684210526315797
2026-09-30T01:45:05.435 0.0,0.0,0.0,0.0,0.0,0.03684210526315797
2026-09-30T01:45:05.485 0.0,0.0,0.0,0.0,0.0,0.03684210526315797
2026-09-30T01:45:05.535 0.0,0.0,0.0,0.0,0.0,0.03684210526315797
2026-09-30T01:45:05.585 0.0,0.0,0.0,0.0,0.0,0.03684210526315797
2026-09-30T01:45:05.635 0.0,0.0,0.0,0.0,0.0,0.03684210526315797
2026-09-30T01:45:05.685 0.0,0.0,0.0,0.0,0.0,0.03684210526315797
2026-09-30T01:45:05.745 0.0,0.0,0.0,0.0,0.0,0.03684210526315797
2026-09-30T01:45:05.785 0.0,0.0,0.0,0.0,0.0,0.03684210526315797
2026-09-30T01:45:05.835 0.0,0.0,0.0,0.0,0.0,0.03684210526315797
2026-09-30T01:45:05.885 0.0,0.0,0.0,0.0,0.0,0.03684210526315797
2026-09-30T01:45:05.935 0.0,0.0,0.0,0.0,0.0,0.03684210526315797
2026-09-30T01:45:05.985 0.0,0.0,0.0,0.0,0.0,0.03684210526315797
2026-09-30T01:45:06.035 0.0,0.0,0.0,0.0,0.0,0.03684210526315797
2026-09-30T01:45:06.085 0.0,0.0,0.0,0.0,0.0,0.03684210526315797
2026-09-30T01:45:06.135 0.0,0.0,0.0,0.0,0.0,0.03684210526315797
2026-09-30T01:45:06.185 0.0,0.0,0.0,0.0,0.0,0.03684210526315797
2026-09-30T01:45:06.235 0.0,0.0,0.0,0.0,0.0,0.03684210526315797
2026-09-30T01:45:06.285 0.0,0.0,0.0,0.0,0.0,0.03684210526315797
2026-09-30T01:45:06.335 0.0,0.0,0.0,0.0,0.0,0.03684210526315797
2026-09-30T01:45:06.385 0.0,0.0,0.0,0.0,0.0,0.03684210526315797
2026-09-30T01:45:06.435 0.0,0.0,0.0,0.0,0.0,0.03684210526315797
2026-09-30T01:45:06.485 0.0,0.0,0.0,0.0,0.0,0.03684210526315797
2026-09-30T01:45:06.537 0.0,0.0,0.0,0.0,0.0,0.03684210526315797
2026-09-30T01:45:06.585 0.0,0.0,0.0,0.0,0.0,0.03684210526315797
2026-09-30T01:45:06.645 0.0,0.0,0.0,0.0,0.0,0.03684210526315797
2026-09-30T01:45:06.685 0.0,0.0,0.0,0.0,0.0,0.03684210526315797
2026-09-30T01:45:06.735 0.0,0.0,0.0,0.0,0.0,0.03684210526315797
2026-09-30T01:45:06.785 0.0,0.0,0.0,0.0,0.0,0.03684210526315797
2026-09-30T01:45:06.835 0.0,0.0,0.0,0.0,0.0,0.03684210526315797
2026-09-30T01:45:06.885 0.0,0.0,0.0,0.0,0.0,0.03684210526315797
2026-09-30T01:45:06.935 0.0,0.0,0.0,0.0,0.0,0.03684210526315797
2026-09-30T01:45:06.985 0.0,0.0,0.0,0.0,0.0,0.03684210526315797
2026-09-30T01:45:07.035 0.0,0.0,0.0,0.0,0.0,0.03684210526315797
2026-09-30T01:45:07.085 0.0,0.0,0.0,0.0,0.0,0.03684210526315797
2026-09-30T01:45:07.135 0.0,0.0,0.0,0.0,0.0,0.03684210526315797
2026-09-30T01:45:07.185 0.0,0.0,0.0,0.0,0.0,0.03684210526315797
2026-09-30T01:45:07.245 0.0,0.0,0.0,0.0,0.0,0.03684210526315797
2026-09-30T01:45:07.285 0.0,0.0,0.0,0.0,0.0,0.03684210526315797
2026-09-30T01:45:07.335 0.0,0.0,0.0,0.0,0.0,0.03684210526315797
2026-09-30T01:45:07.385 0.0,0.0,0.0,0.0,0.0,0.03684210526315797
2026-09-30T01:45:07.435 0.0,0.0,0.0,0.0,0.0,0.03684210526315797
2026-09-30T01:45:07.485 0.0,0.0,0.0,0.0,0.0,0.03684210526315797
2026-09-30T01:45:07.535 0.0,0.0,0.0,0.0,0.0,0.03684210526315797
2026-09-30T01:45:07.585 0.0,0.0,0.0,0.0,0.0,0.03684210526315797
2026-09-30T01:45:07.635 0.0,0.0,0.0,0.0,0.0,0.03684210526315797
2026-09-30T01:45:07.685 0.0,0.0,0.0,0.0,0.0,0.03684210526315797
2026-09-30T01:45:07.735 0.0,0.0,0.0,0.0,0.0,0.03684210526315797
2026-09-30T01:45:07.785 0.0,0.0,0.0,0.0,0.0,0.03684210526315797
2026-09-30T01:45:07.835 0.0,0.0,0.0,0.0,0.0,0.03684210526315797
2026-09-30T01:45:07.885 0.0,0.0,0.0,0.0,0.0,0.03684210526315797
2026-09-30T01:45:07.935 0.0,0.0,0.0,0.0,0.0,0.03684210526315797
2026-09-30T01:45:07.985 0.0,0.0,0.0,0.0,0.0,0.03684210526315797
2026-09-30T01:45:08.035 0.0,0.0,0.0,0.0,0.0,0.0
2026-09-30T01:45:08.085 0.0,0.0,0.0,0.0,0.0,0.0
2026-09-30T01:45:08.135 0.0,0.0,0.0,0.0,0.0,0.0
2026-09-30T01:45:08.185 0.0,0.0,0.0,0.0,0.0,0.0
2026-09-30T01:45:08.235 0.0,0.0,0.0,0.0,0.0,0.03684210526315797
2026-09-30T01:45:08.285 0.0,0.0,0.0,0.0,0.0,0.03684210526315797
2026-09-30T01:45:08.335 0.0,0.0,0.0,0.0,0.0,0.03684210526315797
2026-09-30T01:45:08.385 0.0,0.0,0.0,0.0,0.0,0.03684210526315797
2026-09-30T01:45:08.435 0.0,0.0,0.0,0.0,0.0,0.03684210526315797
2026-09-30T01:45:08.485 0.0,0.0,0.0,0.0,0.0,0.03684210526315797
2026-09-30T01:45:08.535 0.0,0.0,0.0,0.0,0.0,0.03684210526315797
2026-09-30T01:45:08.585 0.0,0.0,0.0,0.0,0.0,0.03684210526315797
2026-09-30T01:45:08.635 0.0,0.0,0.0,0.0,0.0,0.03684210526315797
2026-09-30T01:45:08.695 0.0,0.0,0.0,0.0,0.0,0.03684210526315797
2026-09-30T01:45:08.735 0.0,0.0,0.0,0.0,0.0,0.03684210526315797
2026-09-30T01:45:08.785 0.0,0.0,0.0,0.0,0.0,0.03684210526315797
2026-09-30T01:45:08.835 0.0,0.0,0.0,0.0,0.0,0.03684210526315797
2026-09-30T01:45:08.896 0.0,0.0,0.0,0.0,0.0,0.03684210526315797
2026-09-30T01:45:08.935 0.0,0.0,0.0,0.0,0.0,0.03684210526315797
2026-09-30T01:45:08.985 0.0,0.0,0.0,0.0,0.0,0.03684210526315797
2026-09-30T01:45:09.036 0.0,0.0,0.0,0.0,0.0,0.03684210526315797
2026-09-30T01:45:09.085 0.0,0.0,0.0,0.0,0.0,0.03684210526315797
2026-09-30T01:45:09.135 0.0,0.0,0.0,0.0,0.0,0.03684210526315797
2026-09-30T01:45:09.185 0.0,0.0,0.0,0.0,0.0,0.03684210526315797
2026-09-30T01:45:09.235 0.0,0.0,0.0,0.0,0.0,0.03684210526315797
2026-09-30T01:45:09.285 0.0,0.0,0.0,0.0,0.0,0.03684210526315797
2026-09-30T01:45:09.335 0.0,0.0,0.0,0.0,0.0,0.03684210526315797
2026-09-30T01:45:09.385 0.0,0.0,0.0,0.0,0.0,0.03684210526315797
2026-09-30T01:45:09.435 0.0,0.0,0.0,0.0,0.0,0.03684210526315797
2026-09-30T01:45:09.486 0.0,0.0,0.0,0.0,0.0,0.03684210526315797
2026-09-30T01:45:09.535 0.0,0.0,0.0,0.0,0.0,0.03684210526315797
2026-09-30T01:45:09.585 0.0,0.0,0.0,0.0,0.0,0.03684210526315797
2026-09-30T01:45:09.635 0.0,0.0,0.0,0.0,0.0,0.03684210526315797
2026-09-30T01:45:09.685 0.0,0.0,0.0,0.0,0.0,0.03684210526315797
2026-09-30T01:45:09.735 0.0,0.0,0.0,0.0,0.0,0.03684210526315797
2026-09-30T01:45:09.785 0.0,0.0,0.0,0.0,0.0,0.03684210526315797
2026-09-30T01:45:09.835 0.0,0.0,0.0,0.0,0.0,0.03684210526315797
2026-09-30T01:45:09.885 0.0,0.0,0.0,0.0,0.0,0.03684210526315797
2026-09-30T01:45:09.935 0.0,0.0,0.0,0.0,0.0,0.03684210526315797
2026-09-30T01:45:09.985 0.0,0.0,0.0,0.0,0.0,0.03684210526315797
2026-09-30T01:45:10.045 0.0,0.0,0.0,0.0,0.0,0.03684210526315797
2026-09-30T01:45:10.085 0.0,0.0,0.0,0.0,0.0,0.03684210526315797
2026-09-30T01:45:10.135 0.0,0.0,0.0,0.0,0.0,0.03684210526315797
2026-09-30T01:45:10.185 0.0,0.0,0.0,0.0,0.0,0.03684210526315797
2026-09-30T01:45:10.235 0.0,0.0,0.0,0.0,0.0,0.03684210526315797
2026-09-30T01:45:10.285 0.0,0.0,0.0,0.0,0.0,0.03684210526315797
2026-09-30T01:45:10.335 0.0,0.0,0.0,0.0,0.0,0.03684210526315797
2026-09-30T01:45:10.385 0.0,0.0,0.0,0.0,0.0,0.03684210526315797
2026-09-30T01:45:10.435 0.0,0.0,0.0,0.0,0.0,0.03684210526315797
2026-09-30T01:45:10.485 0.0,0.0,0.0,0.0,0.0,0.03684210526315797
2026-09-30T01:45:10.535 0.0,0.0,0.0,0.0,0.0,0.03684210526315797
2026-09-30T01:45:10.585 0.0,0.0,0.0,0.0,0.0,0.03684210526315797
2026-09-30T01:45:10.635 0.0,0.0,0.0,0.0,0.0,0.03684210526315797
2026-09-30T01:45:10.685 0.0,0.0,0.0,0.0,0.0,0.03684210526315797
2026-09-30T01:45:10.736 0.0,0.0,0.0,0.0,0.0,0.03684210526315797
2026-09-30T01:45:10.785 0.0,0.0,0.0,0.0,0.0,0.03684210526315797
2026-09-30T01:45:10.845 0.0,0.0,0.0,0.0,0.0,0.03684210526315797
2026-09-30T01:45:10.885 0.0,0.0,0.0,0.0,0.0,0.03684210526315797
2026-09-30T01:45:10.945 0.0,0.0,0.0,0.0,0.0,0.03684210526315797
2026-09-30T01:45:10.985 0.0,0.0,0.0,0.0,0.0,0.03684210526315797
2026-09-30T01:45:11.035 0.0,0.0,0.0,0.0,0.0,0.03684210526315797
2026-09-30T01:45:11.085 0.0,0.0,0.0,0.0,0.0,0.03684210526315797
2026-09-30T01:45:11.135 0.0,0.0,0.0,0.0,0.0,0.03684210526315797
2026-09-30T01:45:11.185 0.0,0.0,0.0,0.0,0.0,0.03684210526315797
2026-09-30T01:45:11.235 0.0,0.0,0.0,0.0,0.0,0.03684210526315797
2026-09-30T01:45:11.285 0.0,0.0,0.0,0.0,0.0,0.03684210526315797
2026-09-30T01:45:11.335 0.0,0.0,0.0,0.0,0.0,0.03684210526315797
2026-09-30T01:45:11.385 0.0,0.0,0.0,0.0,0.0,0.03684210526315797
2026-09-30T01:45:11.435 0.0,0.0,0.0,0.0,0.0,0.03684210526315797
2026-09-30T01:45:11.485 0.0,0.0,0.0,0.0,0.0,0.03684210526315797
2026-09-30T01:45:11.536 0.0,0.0,0.0,0.0,0.0,0.03684210526315797
2026-09-30T01:45:11.585 0.0,0.0,0.0,0.0,0.0,0.03684210526315797
2026-09-30T01:45:11.635 0.0,0.0,0.0,0.0,0.0,0.03684210526315797
2026-09-30T01:45:11.685 0.0,0.0,0.0,0.0,0.0,0.03684210526315797
2026-09-30T01:45:11.735 0.0,0.0,0.0,0.0,0.0,0.03684210526315797
2026-09-30T01:45:11.785 0.0,0.0,0.0,0.0,0.0,0.03684210526315797
2026-09-30T01:45:11.835 0.0,0.0,0.0,0.0,0.0,0.03684210526315797
2026-09-30T01:45:11.885 0.0,0.0,0.0,0.0,0.0,0.03684210526315797
2026-09-30T01:45:11.937 0.0,0.0,0.0,0.0,0.0,0.03684210526315797
2026-09-30T01:45:11.985 0.0,0.0,0.0,0.0,0.0,0.03684210526315797
2026-09-30T01:45:12.035 0.0,0.0,0.0,0.0,0.0,0.03684210526315797
2026-09-30T01:45:12.085 0.0,0.0,0.0,0.0,0.0,0.03684210526315797
2026-09-30T01:45:12.135 0.0,0.0,0.0,0.0,0.0,0.03684210526315797
2026-09-30T01:45:12.185 0.0,0.0,0.0,0.0,0.0,0.03684210526315797
2026-09-30T01:45:12.235 0.0,0.0,0.0,0.0,0.0,0.03684210526315797
2026-09-30T01:45:12.285 0.0,0.0,0.0,0.0,0.0,0.03684210526315797
2026-09-30T01:45:12.335 0.0,0.0,0.0,0.0,0.0,0.03684210526315797
2026-09-30T01:45:12.385 0.0,0.0,0.0,0.0,0.0,0.03684210526315797
2026-09-30T01:45:12.435 0.0,0.0,0.0,0.0,0.0,0.03684210526315797
2026-09-30T01:45:12.485 0.0,0.0,0.0,0.0,0.0,0.03684210526315797
2026-09-30T01:45:12.535 0.0,0.0,0.0,0.0,0.0,0.03684210526315797
2026-09-30T01:45:12.585 0.0,0.0,0.0,0.0,0.0,0.03684210526315797
2026-09-30T01:45:12.635 0.0,0.0,0.0,0.0,0.0,0.03684210526315797
2026-09-30T01:45:12.695 0.0,0.0,0.0,0.0,0.0,0.03684210526315797
2026-09-30T01:45:12.735 0.0,0.0,0.0,0.0,0.0,0.03684210526315797
2026-09-30T01:45:12.785 0.0,0.0,0.0,0.0,0.0,0.03684210526315797
2026-09-30T01:45:12.835 0.0,0.0,0.0,0.0,0.0,0.03684210526315797
2026-09-30T01:45:12.885 0.0,0.0,0.0,0.0,0.0,0.03684210526315797
2026-09-30T01:45:12.935 0.0,0.0,0.0,0.0,0.0,0.03684210526315797
2026-09-30T01:45:12.985 0.0,0.0,0.0,0.0,0.0,0.03684210526315797
2026-09-30T01:45:13.035 0.0,0.0,0.0,0.0,0.0,0.03684210526315797
2026-09-30T01:45:13.095 0.0,0.0,0.0,0.0,0.0,0.03684210526315797
2026-09-30T01:45:13.135 0.0,0.0,0.0,0.0,0.0,0.03684210526315797
2026-09-30T01:45:13.185 0.0,0.0,0.0,0.0,0.0,0.03684210526315797
2026-09-30T01:45:13.235 0.0,0.0,0.0,0.0,0.0,0.03684210526315797
2026-09-30T01:45:13.285 0.0,0.0,0.0,0.0,0.0,0.03684210526315797
2026-09-30T01:45:13.335 0.0,0.0,0.0,0.0,0.0,0.03684210526315797
2026-09-30T01:45:13.385 0.0,0.0,0.0,0.0,0.0,0.03684210526315797
2026-09-30T01:45:13.435 0.0,0.0,0.0,0.0,0.0,0.03684210526315797
2026-09-30T01:45:13.485 0.0,0.0,0.0,0.0,0.0,0.03684210526315797
2026-09-30T01:45:13.535 0.0,0.0,0.0,0.0,0.0,0.03684210526315797
2026-09-30T01:45:13.585 0.0,0.0,0.0,0.0,0.0,0.03684210526315797
2026-09-30T01:45:13.635 0.0,0.0,0.0,0.0,0.0,0.03684210526315797
2026-09-30T01:45:13.686 0.0,0.0,0.0,0.0,0.0,0.03684210526315797
2026-09-30T01:45:13.735 0.0,0.0,0.0,0.0,0.0,0.03684210526315797
2026-09-30T01:45:13.785 0.0,0.0,0.0,0.0,0.0,0.03684210526315797
2026-09-30T01:45:13.835 0.0,0.0,0.0,0.0,0.0,0.03684210526315797
2026-09-30T01:45:13.885 0.0,0.0,0.0,0.0,0.0,0.03684210526315797
2026-09-30T01:45:13.935 0.0,0.0,0.0,0.0,0.0,0.03684210526315797
2026-09-30T01:45:13.985 0.0,0.0,0.0,0.0,0.0,0.03684210526315797
2026-09-30T01:45:14.037 0.0,0.0,0.0,0.0,0.0,0.03684210526315797
2026-09-30T01:45:14.085 0.0,0.0,0.0,0.0,0.0,0.03684210526315797
2026-09-30T01:45:14.135 0.0,0.0,0.0,0.0,0.0,0.03684210526315797
2026-09-30T01:45:14.185 0.0,0.0,0.0,0.0,0.0,0.03684210526315797
2026-09-30T01:45:14.235 0.0,0.0,0.0,0.0,0.0,0.03684210526315797
2026-09-30T01:45:14.285 0.0,0.0,0.0,0.0,0.0,0.03684210526315797
2026-09-30T01:45:14.335 0.0,0.0,0.0,0.0,0.0,0.03684210526315797
2026-09-30T01:45:14.385 0.0,0.0,0.0,0.0,0.0,0.03684210526315797
2026-09-30T01:45:14.435 0.0,0.0,0.0,0.0,0.0,0.03684210526315797
2026-09-30T01:45:14.485 0.0,0.0,0.0,0.0,0.0,0.03684210526315797
2026-09-30T01:45:14.535 0.0,0.0,0.0,0.0,0.0,0.03684210526315797
2026-09-30T01:45:14.585 0.0,0.0,0.0,0.0,0.0,0.03684210526315797
2026-09-30T01:45:14.635 0.0,0.0,0.0,0.0,0.0,0.03684210526315797
2026-09-30T01:45:14.685 0.0,0.0,0.0,0.0,0.0,0.03684210526315797
2026-09-30T01:45:14.735 0.0,0.0,0.0,0.0,0.0,0.03684210526315797
2026-09-30T01:45:14.785 0.0,0.0,0.0,0.0,0.0,0.03684210526315797
2026-09-30T01:45:14.835 0.0,0.0,0.0,0.0,0.0,0.03684210526315797
2026-09-30T01:45:14.885 0.0,0.0,0.0,0.0,0.0,0.03684210526315797
2026-09-30T01:45:14.935 0.0,0.0,0.0,0.0,0.0,0.03684210526315797
2026-09-30T01:45:14.985 0.0,0.0,0.0,0.0,0.0,0.03684210526315797
2026-09-30T01:45:15.035 0.0,0.0,0.0,0.0,0.0,0.03684210526315797
2026-09-30T01:45:15.085 0.0,0.0,0.0,0.0,0.0,0.03684210526315797
2026-09-30T01:45:15.135 0.0,0.0,0.0,0.0,0.0,0.03684210526315797
2026-09-30T01:45:15.185 0.0,0.0,0.0,0.0,0.0,0.03684210526315797
2026-09-30T01:45:15.235 0.0,0.0,0.0,0.0,0.0,0.03684210526315797
2026-09-30T01:45:15.285 0.0,0.0,0.0,0.0,0.0,0.03684210526315797
2026-09-30T01:45:15.335 0.0,0.0,0.0,0.0,0.0,0.03684210526315797
2026-09-30T01:45:15.395 0.0,0.0,0.0,0.0,0.0,0.03684210526315797
2026-09-30T01:45:15.435 0.0,0.0,0.0,0.0,0.0,0.03684210526315797
2026-09-30T01:45:15.485 0.0,0.0,0.0,0.0,0.0,0.03684210526315797
2026-09-30T01:45:15.535 0.0,0.0,0.0,0.0,0.0,0.03684210526315797
2026-09-30T01:45:15.595 0.0,0.0,0.0,0.0,0.0,0.03684210526315797
2026-09-30T01:45:15.635 0.0,0.0,0.0,0.0,0.0,0.03684210526315797
2026-09-30T01:45:15.685 0.0,0.0,0.0,0.0,0.0,0.03684210526315797
2026-09-30T01:45:15.735 0.0,0.0,0.0,0.0,0.0,0.03684210526315797
2026-09-30T01:45:15.785 0.0,0.0,0.0,0.0,0.0,0.03684210526315797
2026-09-30T01:45:15.835 0.0,0.0,0.0,0.0,0.0,0.03684210526315797
2026-09-30T01:45:15.885 0.0,0.0,0.0,0.0,0.0,0.03684210526315797
2026-09-30T01:45:15.935 0.0,0.0,0.0,0.0,0.0,0.03684210526315797
2026-09-30T01:45:15.985 0.0,0.0,0.0,0.0,0.0,0.03684210526315797
2026-09-30T01:45:16.035 0.0,0.0,0.0,0.0,0.0,0.03684210526315797
2026-09-30T01:45:16.085 0.0,0.0,0.0,0.0,0.0,0.03684210526315797
2026-09-30T01:45:16.135 0.0,0.0,0.0,0.0,0.0,0.03684210526315797
2026-09-30T01:45:16.195 0.0,0.0,0.0,0.0,0.0,0.03684210526315797
2026-09-30T01:45:16.245 0.0,0.0,0.0,0.0,0.0,0.03684210526315797
2026-09-30T01:45:16.285 0.0,0.0,0.0,0.0,0.0,0.03684210526315797
2026-09-30T01:45:16.335 0.0,0.0,0.0,0.0,0.0,0.03684210526315797
2026-09-30T01:45:16.385 0.0,0.0,0.0,0.0,0.0,0.03684210526315797
2026-09-30T01:45:16.435 0.0,0.0,0.0,0.0,0.0,0.03684210526315797
2026-09-30T01:45:16.485 0.0,0.0,0.0,0.0,0.0,0.03684210526315797
2026-09-30T01:45:16.535 0.0,0.0,0.0,0.0,0.0,0.03684210526315797
2026-09-30T01:45:16.585 0.0,0.0,0.0,0.0,0.0,0.03684210526315797
2026-09-30T01:45:16.635 0.0,0.0,0.0,0.0,0.0,0.03684210526315797
2026-09-30T01:45:16.685 0.0,0.0,0.0,0.0,0.0,0.03684210526315797
2026-09-30T01:45:16.735 0.0,0.0,0.0,0.0,0.0,0.03684210526315797
2026-09-30T01:45:16.785 0.0,0.0,0.0,0.0,0.0,0.03684210526315797
2026-09-30T01:45:16.835 0.0,0.0,0.0,0.0,0.0,0.03684210526315797
2026-09-30T01:45:16.885 0.0,0.0,0.0,0.0,0.0,0.03684210526315797
2026-09-30T01:45:16.935 0.0,0.0,0.0,0.0,0.0,0.03684210526315797
2026-09-30T01:45:16.985 0.0,0.0,0.0,0.0,0.0,0.03684210526315797
2026-09-30T01:45:17.035 0.0,0.0,0.0,0.0,0.0,0.03684210526315797
2026-09-30T01:45:17.085 0.0,0.0,0.0,0.0,0.0,0.03684210526315797
2026-09-30T01:45:17.135 0.0,0.0,0.0,0.0,0.0,0.03684210526315797
2026-09-30T01:45:17.185 0.0,0.0,0.0,0.0,0.0,0.03684210526315797
2026-09-30T01:45:17.235 0.0,0.0,0.0,0.0,0.0,0.03684210526315797
2026-09-30T01:45:17.285 0.0,0.0,0.0,0.0,0.0,0.03684210526315797
2026-09-30T01:45:17.335 0.0,0.0,0.0,0.0,0.0,0.03684210526315797
2026-09-30T01:45:17.385 0.0,0.0,0.0,0.0,0.0,0.03684210526315797
2026-09-30T01:45:17.435 0.0,0.0,0.0,0.0,0.0,0.03684210526315797
2026-09-30T01:45:17.485 0.0,0.0,0.0,0.0,0.0,0.03684210526315797
2026-09-30T01:45:17.535 0.0,0.0,0.0,0.0,0.0,0.03684210526315797
2026-09-30T01:45:17.585 0.0,0.0,0.0,0.0,0.0,0.03684210526315797
2026-09-30T01:45:17.635 0.0,0.0,0.0,0.0,0.0,0.03684210526315797
2026-09-30T01:45:17.685 0.0,0.0,0.0,0.0,0.0,0.03684210526315797
2026-09-30T01:45:17.735 0.0,0.0,0.0,0.0,0.0,0.03684210526315797
2026-09-30T01:45:17.785 0.0,0.0,0.0,0.0,0.0,0.03684210526315797
2026-09-30T01:45:17.835 0.0,0.0,0.0,0.0,0.0,0.03684210526315797
2026-09-30T01:45:17.885 0.0,0.0,0.0,0.0,0.0,0.03684210526315797
2026-09-30T01:45:17.935 0.0,0.0,0.0,0.0,0.0,0.03684210526315797
2026-09-30T01:45:17.985 0.0,0.0,0.0,0.0,0.0,0.03684210526315797
2026-09-30T01:45:18.035 0.0,0.0,0.0,0.0,0.0,0.03684210526315797
2026-09-30T01:45:18.085 0.0,0.0,0.0,0.0,0.0,0.03684210526315797
2026-09-30T01:45:18.135 0.0,0.0,0.0,0.0,0.0,0.03684210526315797
2026-09-30T01:45:18.185 0.0,0.0,0.0,0.0,0.0,0.03684210526315797
2026-09-30T01:45:18.235 0.0,0.0,0.0,0.0,0.0,0.03684210526315797
2026-09-30T01:45:18.285 0.0,0.0,0.0,0.0,0.0,0.03684210526315797
2026-09-30T01:45:18.335 0.0,0.0,0.0,0.0,0.0,0.03684210526315797
2026-09-30T01:45:18.385 0.0,0.0,0.0,0.0,0.0,0.03684210526315797
2026-09-30T01:45:18.435 0.0,0.0,0.0,0.0,0.0,0.03684210526315797
2026-09-30T01:45:18.485 0.0,0.0,0.0,0.0,0.0,0.03684210526315797
2026-09-30T01:45:18.535 0.0,0.0,0.0,0.0,0.0,0.03684210526315797
2026-09-30T01:45:18.585 0.0,0.0,0.0,0.0,0.0,0.03684210526315797
2026-09-30T01:45:18.635 0.0,0.0,0.0,0.0,0.0,0.03684210526315797
2026-09-30T01:45:18.685 0.0,0.0,0.0,0.0,0.0,0.03684210526315797
2026-09-30T01:45:18.745 0.0,0.0,0.0,0.0,0.0,0.03684210526315797
2026-09-30T01:45:18.785 0.0,0.0,0.0,0.0,0.0,0.03684210526315797
2026-09-30T01:45:18.835 0.0,0.0,0.0,0.0,0.0,0.03684210526315797
2026-09-30T01:45:18.885 0.0,0.0,0.0,0.0,0.0,0.03684210526315797
2026-09-30T01:45:18.935 0.0,0.0,0.0,0.0,0.0,0.03684210526315797
2026-09-30T01:45:18.985 0.0,0.0,0.0,0.0,0.0,0.03684210526315797
2026-09-30T01:45:19.035 0.0,0.0,0.0,0.0,0.0,0.03684210526315797
2026-09-30T01:45:19.085 0.0,0.0,0.0,0.0,0.0,0.03684210526315797
2026-09-30T01:45:19.135 0.0,0.0,0.0,0.0,0.0,0.03684210526315797
2026-09-30T01:45:19.185 0.0,0.0,0.0,0.0,0.0,0.03684210526315797
2026-09-30T01:45:19.235 0.0,0.0,0.0,0.0,0.0,0.03684210526315797
2026-09-30T01:45:19.285 0.0,0.0,0.0,0.0,0.0,0.03684210526315797
2026-09-30T01:45:19.335 0.0,0.0,0.0,0.0,0.0,0.03684210526315797
2026-09-30T01:45:19.385 0.0,0.0,0.0,0.0,0.0,0.03684210526315797
2026-09-30T01:45:19.435 0.0,0.0,0.0,0.0,0.0,0.03684210526315797
2026-09-30T01:45:19.485 0.0,0.0,0.0,0.0,0.0,0.03684210526315797
2026-09-30T01:45:19.535 0.0,0.0,0.0,0.0,0.0,0.03684210526315797
2026-09-30T01:45:19.585 0.0,0.0,0.0,0.0,0.0,0.03684210526315797
2026-09-30T01:45:19.635 0.0,0.0,0.0,0.0,0.0,0.03684210526315797
2026-09-30T01:45:19.685 0.0,0.0,0.0,0.0,0.0,0.03684210526315797
2026-09-30T01:45:19.735 0.0,0.0,0.0,0.0,0.0,0.03684210526315797
2026-09-30T01:45:19.785 0.0,0.0,0.0,0.0,0.0,0.03684210526315797
2026-09-30T01:45:19.835 0.0,0.0,0.0,0.0,0.0,0.03684210526315797
2026-09-30T01:45:19.885 0.0,0.0,0.0,0.0,0.0,0.03684210526315797
2026-09-30T01:45:19.935 0.0,0.0,0.0,0.0,0.0,0.03684210526315797
2026-09-30T01:45:19.995 0.0,0.0,0.0,0.0,0.0,0.03684210526315797
2026-09-30T01:45:20.035 0.0,0.0,0.0,0.0,0.0,0.03684210526315797
2026-09-30T01:45:20.085 0.0,0.0,0.0,0.0,0.0,0.03684210526315797
2026-09-30T01:45:20.135 0.0,0.0,0.0,0.0,0.0,0.03684210526315797
2026-09-30T01:45:20.185 0.0,0.0,0.0,0.0,0.0,0.03684210526315797
2026-09-30T01:45:20.235 0.0,0.0,0.0,0.0,0.0,0.03684210526315797
2026-09-30T01:45:20.285 0.0,0.0,0.0,0.0,0.0,0.03684210526315797
2026-09-30T01:45:20.335 0.0,0.0,0.0,0.0,0.0,0.03684210526315797
2026-09-30T01:45:20.385 0.0,0.0,0.0,0.0,0.0,0.03684210526315797
2026-09-30T01:45:20.435 0.0,0.0,0.0,0.0,0.0,0.03684210526315797
2026-09-30T01:45:20.485 0.0,0.0,0.0,0.0,0.0,0.03684210526315797
2026-09-30T01:45:20.545 0.0,0.0,0.0,0.0,0.0,0.03684210526315797
2026-09-30T01:45:20.585 0.0,0.0,0.0,0.0,0.0,0.03684210526315797
2026-09-30T01:45:20.635 0.0,0.0,0.0,0.0,0.0,0.03684210526315797
2026-09-30T01:45:20.685 0.0,0.0,0.0,0.0,0.0,0.03684210526315797
2026-09-30T01:45:20.735 0.0,0.0,0.0,0.0,0.0,0.03684210526315797
2026-09-30T01:45:20.785 0.0,0.0,0.0,0.0,0.0,0.03684210526315797
2026-09-30T01:45:20.835 0.0,0.0,0.0,0.0,0.0,0.03684210526315797
2026-09-30T01:45:20.885 0.0,0.0,0.0,0.0,0.0,0.03684210526315797
2026-09-30T01:45:20.935 0.0,0.0,0.0,0.0,0.0,0.03684210526315797
2026-09-30T01:45:20.985 0.0,0.0,0.0,0.0,0.0,0.03684210526315797
2026-09-30T01:45:21.035 0.0,0.0,0.0,0.0,0.0,0.03684210526315797
2026-09-30T01:45:21.085 0.0,0.0,0.0,0.0,0.0,0.03684210526315797
2026-09-30T01:45:21.135 0.0,0.0,0.0,0.0,0.0,0.03684210526315797
2026-09-30T01:45:21.185 0.0,0.0,0.0,0.0,0.0,0.03684210526315797
2026-09-30T01:45:21.235 0.0,0.0,0.0,0.0,0.0,0.03684210526315797
2026-09-30T01:45:21.285 0.0,0.0,0.0,0.0,0.0,0.03684210526315797
2026-09-30T01:45:21.335 0.0,0.0,0.0,0.0,0.0,0.03684210526315797
2026-09-30T01:45:21.385 0.0,0.0,0.0,0.0,0.0,0.03684210526315797
2026-09-30T01:45:21.435 0.0,0.0,0.0,0.0,0.0,0.03684210526315797
2026-09-30T01:45:21.485 0.0,0.0,0.0,0.0,0.0,0.03684210526315797
2026-09-30T01:45:21.545 0.0,0.0,0.0,0.0,0.0,0.03684210526315797
2026-09-30T01:45:21.585 0.0,0.0,0.0,0.0,0.0,0.03684210526315797
2026-09-30T01:45:21.635 0.0,0.0,0.0,0.0,0.0,0.03684210526315797
2026-09-30T01:45:21.685 0.0,0.0,0.0,0.0,0.0,0.03684210526315797
2026-09-30T01:45:21.735 0.0,0.0,0.0,0.0,0.0,0.03684210526315797
2026-09-30T01:45:21.795 0.0,0.0,0.0,0.0,0.0,0.03684210526315797
2026-09-30T01:45:21.835 0.0,0.0,0.0,0.0,0.0,0.03684210526315797
2026-09-30T01:45:21.885 0.0,0.0,0.0,0.0,0.0,0.03684210526315797
2026-09-30T01:45:21.935 0.0,0.0,0.0,0.0,0.0,0.03684210526315797
2026-09-30T01:45:21.985 0.0,0.0,0.0,0.0,0.0,0.03684210526315797
2026-09-30T01:45:22.035 0.0,0.0,0.0,0.0,0.0,0.03684210526315797
2026-09-30T01:45:22.085 0.0,0.0,0.0,0.0,0.0,0.03684210526315797
2026-09-30T01:45:22.135 0.0,0.0,0.0,0.0,0.0,0.03684210526315797
2026-09-30T01:45:22.185 0.0,0.0,0.0,0.0,0.0,0.03684210526315797
2026-09-30T01:45:22.235 0.0,0.0,0.0,0.0,0.0,0.03684210526315797
2026-09-30T01:45:22.295 0.0,0.0,0.0,0.0,0.0,0.03684210526315797
2026-09-30T01:45:22.335 0.0,0.0,0.0,0.0,0.0,0.03684210526315797
2026-09-30T01:45:22.385 0.0,0.0,0.0,0.0,0.0,0.03684210526315797
2026-09-30T01:45:22.445 0.0,0.0,0.0,0.0,0.0,0.03684210526315797
2026-09-30T01:45:22.485 0.0,0.0,0.0,0.0,0.0,0.03684210526315797
2026-09-30T01:45:22.535 0.0,0.0,0.0,0.0,0.0,0.03684210526315797
2026-09-30T01:45:22.587 0.0,0.0,0.0,0.0,0.0,0.03684210526315797
2026-09-30T01:45:22.635 0.0,0.0,0.0,0.0,0.0,0.03684210526315797
2026-09-30T01:45:22.685 0.0,0.0,0.0,0.0,0.0,0.03684210526315797
2026-09-30T01:45:22.735 0.0,0.0,0.0,0.0,0.0,0.03684210526315797
2026-09-30T01:45:22.785 0.0,0.0,0.0,0.0,0.0,0.03684210526315797
2026-09-30T01:45:22.837 0.0,0.0,0.0,0.0,0.0,0.03684210526315797
2026-09-30T01:45:22.885 0.0,0.0,0.0,0.0,0.0,0.03684210526315797
2026-09-30T01:45:22.935 0.0,0.0,0.0,0.0,0.0,0.03684210526315797
2026-09-30T01:45:22.985 0.0,0.0,0.0,0.0,0.0,0.03684210526315797
2026-09-30T01:45:23.035 0.0,0.0,0.0,0.0,0.0,0.03684210526315797
2026-09-30T01:45:23.085 0.0,0.0,0.0,0.0,0.0,0.03684210526315797
2026-09-30T01:45:23.135 0.0,0.0,0.0,0.0,0.0,0.03684210526315797
2026-09-30T01:45:23.185 0.0,0.0,0.0,0.0,0.0,0.03684210526315797
2026-09-30T01:45:23.235 0.0,0.0,0.0,0.0,0.0,0.03684210526315797
2026-09-30T01:45:23.285 0.0,0.0,0.0,0.0,0.0,0.03684210526315797
2026-09-30T01:45:23.335 0.0,0.0,0.0,0.0,0.0,0.03684210526315797
2026-09-30T01:45:23.385 0.0,0.0,0.0,0.0,0.0,0.03684210526315797
2026-09-30T01:45:23.435 0.0,0.0,0.0,0.0,0.0,0.03684210526315797
2026-09-30T01:45:23.485 0.0,0.0,0.0,0.0,0.0,0.03684210526315797
2026-09-30T01:45:23.536 0.0,0.0,0.0,0.0,0.0,0.03684210526315797
2026-09-30T01:45:23.585 0.0,0.0,0.0,0.0,0.0,0.03684210526315797
2026-09-30T01:45:23.645 0.0,0.0,0.0,0.0,0.0,0.03684210526315797
2026-09-30T01:45:23.685 0.0,0.0,0.0,0.0,0.0,0.03684210526315797
2026-09-30T01:45:23.735 0.0,0.0,0.0,0.0,0.0,0.03684210526315797
2026-09-30T01:45:23.785 0.0,0.0,0.0,0.0,0.0,0.03684210526315797
2026-09-30T01:45:23.835 0.0,0.0,0.0,0.0,0.0,0.03684210526315797
2026-09-30T01:45:23.885 0.0,0.0,0.0,0.0,0.0,0.03684210526315797
2026-09-30T01:45:23.935 0.0,0.0,0.0,0.0,0.0,0.03684210526315797
2026-09-30T01:45:23.985 0.0,0.0,0.0,0.0,0.0,0.03684210526315797
2026-09-30T01:45:24.035 0.0,0.0,0.0,0.0,0.0,0.03684210526315797
2026-09-30T01:45:24.085 0.0,0.0,0.0,0.0,0.0,0.03684210526315797
2026-09-30T01:45:24.135 0.0,0.0,0.0,0.0,0.0,0.03684210526315797
2026-09-30T01:45:24.185 0.0,0.0,0.0,0.0,0.0,0.03684210526315797
2026-09-30T01:45:24.235 0.0,0.0,0.0,0.0,0.0,0.03684210526315797
2026-09-30T01:45:24.285 0.0,0.0,0.0,0.0,0.0,0.03684210526315797
2026-09-30T01:45:24.335 0.0,0.0,0.0,0.0,0.0,0.03684210526315797
2026-09-30T01:45:24.385 0.0,0.0,0.0,0.0,0.0,0.03684210526315797
2026-09-30T01:45:24.435 0.0,0.0,0.0,0.0,0.0,0.03684210526315797
2026-09-30T01:45:24.485 0.0,0.0,0.0,0.0,0.0,0.03684210526315797
2026-09-30T01:45:24.535 0.0,0.0,0.0,0.0,0.0,0.03684210526315797
2026-09-30T01:45:24.585 0.0,0.0,0.0,0.0,0.0,0.03684210526315797
2026-09-30T01:45:24.635 0.0,0.0,0.0,0.0,0.0,0.03684210526315797
2026-09-30T01:45:24.686 0.0,0.0,0.0,0.0,0.0,0.03684210526315797
2026-09-30T01:45:24.735 0.0,0.0,0.0,0.0,0.0,0.03684210526315797
2026-09-30T01:45:24.785 0.0,0.0,0.0,0.0,0.0,0.03684210526315797
2026-09-30T01:45:24.835 0.0,0.0,0.0,0.0,0.0,0.03684210526315797
2026-09-30T01:45:24.885 0.0,0.0,0.0,0.0,0.0,0.03684210526315797
2026-09-30T01:45:24.935 0.0,0.0,0.0,0.0,0.0,0.03684210526315797
2026-09-30T01:45:24.985 0.0,0.0,0.0,0.0,0.0,0.03684210526315797
2026-09-30T01:45:25.035 0.0,0.0,0.0,0.0,0.0,0.03684210526315797
2026-09-30T01:45:25.085 0.0,0.0,0.0,0.0,0.0,0.03684210526315797
2026-09-30T01:45:25.135 0.0,0.0,0.0,0.0,0.0,0.03684210526315797
2026-09-30T01:45:25.185 0.0,0.0,0.0,0.0,0.0,0.03684210526315797
2026-09-30T01:45:25.235 0.0,0.0,0.0,0.0,0.0,0.03684210526315797
2026-09-30T01:45:25.285 0.0,0.0,0.0,0.0,0.0,0.03684210526315797
2026-09-30T01:45:25.335 0.0,0.0,0.0,0.0,0.0,0.03684210526315797
2026-09-30T01:45:25.385 0.0,0.0,0.0,0.0,0.0,0.03684210526315797
2026-09-30T01:45:25.435 0.0,0.0,0.0,0.0,0.0,0.03684210526315797
2026-09-30T01:45:25.495 0.0,0.0,0.0,0.0,0.0,0.03684210526315797
2026-09-30T01:45:25.535 0.0,0.0,0.0,0.0,0.0,0.03684210526315797
2026-09-30T01:45:25.585 0.0,0.0,0.0,0.0,0.0,0.03684210526315797
2026-09-30T01:45:25.635 0.0,0.0,0.0,0.0,0.0,0.03684210526315797
2026-09-30T01:45:25.695 0.0,0.0,0.0,0.0,0.0,0.03684210526315797
2026-09-30T01:45:25.735 0.0,0.0,0.0,0.0,0.0,0.03684210526315797
2026-09-30T01:45:25.785 0.0,0.0,0.0,0.0,0.0,0.03684210526315797
2026-09-30T01:45:25.835 0.0,0.0,0.0,0.0,0.0,0.03684210526315797
2026-09-30T01:45:25.885 0.0,0.0,0.0,0.0,0.0,0.03684210526315797
2026-09-30T01:45:25.935 0.0,0.0,0.0,0.0,0.0,0.03684210526315797
2026-09-30T01:45:25.985 0.0,0.0,0.0,0.0,0.0,0.03684210526315797
2026-09-30T01:45:26.035 0.0,0.0,0.0,0.0,0.0,0.03684210526315797
2026-09-30T01:45:26.086 0.0,0.0,0.0,0.0,0.0,0.03684210526315797
2026-09-30T01:45:26.135 0.0,0.0,0.0,0.0,0.0,0.03684210526315797
2026-09-30T01:45:26.185 0.0,0.0,0.0,0.0,0.0,0.03684210526315797
2026-09-30T01:45:26.235 0.0,0.0,0.0,0.0,0.0,0.03684210526315797
2026-09-30T01:45:26.285 0.0,0.0,0.0,0.0,0.0,0.03684210526315797
2026-09-30T01:45:26.345 0.0,0.0,0.0,0.0,0.0,0.03684210526315797
2026-09-30T01:45:26.385 0.0,0.0,0.0,0.0,0.0,0.03684210526315797
2026-09-30T01:45:26.435 0.0,0.0,0.0,0.0,0.0,0.03684210526315797
2026-09-30T01:45:26.485 0.0,0.0,0.0,0.0,0.0,0.03684210526315797
2026-09-30T01:45:26.535 0.0,0.0,0.0,0.0,0.0,0.03684210526315797
2026-09-30T01:45:26.585 0.0,0.0,0.0,0.0,0.0,0.03684210526315797
2026-09-30T01:45:27.482 0.0,0.0,0.0,0.0,0.0,0.03684210526315797
2026-09-30T01:45:27.532 0.0,0.0,0.0,0.0,0.0,0.03684210526315797
2026-09-30T01:45:28.768 0.0,0.0,0.0,0.0,0.0,0.03684210526315797
2026-09-30T01:45:28.819 0.0,0.0,0.0,0.0,0.0,0.03684210526315797
2026-09-30T01:45:28.869 0.0,0.0,0.0,0.0,0.0,0.03684210526315797
2026-09-30T01:45:28.920 0.0,0.0,0.0,0.0,0.0,0.03684210526315797
2026-09-30T01:45:28.969 0.0,0.0,0.0,0.0,0.0,0.03684210526315797
2026-09-30T01:45:29.018 0.0,0.0,0.0,0.0,0.0,0.03684210526315797
2026-09-30T01:45:29.069 0.0,0.0,0.0,0.0,0.0,0.03684210526315797
2026-09-30T01:45:29.119 0.0,0.0,0.0,0.0,0.0,0.03684210526315797
2026-09-30T01:45:29.169 0.0,0.0,0.0,0.0,0.0,0.03684210526315797
2026-09-30T01:45:29.219 0.0,0.0,0.0,0.0,0.0,0.03684210526315797
2026-09-30T01:45:29.269 0.0,0.0,0.0,0.0,0.0,0.03684210526315797
2026-09-30T01:45:29.318 0.0,0.0,0.0,0.0,0.0,0.03684210526315797
2026-09-30T01:45:29.371 0.0,0.0,0.0,0.0,0.0,0.03684210526315797
2026-09-30T01:45:29.419 0.0,0.0,0.0,0.0,0.0,0.03684210526315797
2026-09-30T01:45:29.469 0.0,0.0,0.0,0.0,0.0,0.03684210526315797
2026-09-30T01:45:29.519 0.0,0.0,0.0,0.0,0.0,0.03684210526315797
2026-09-30T01:45:29.569 0.0,0.0,0.0,0.0,0.0,0.03684210526315797
2026-09-30T01:45:29.619 0.0,0.0,0.0,0.0,0.0,0.03684210526315797
2026-09-30T01:45:29.669 0.0,0.0,0.0,0.0,0.0,0.03684210526315797
2026-09-30T01:45:29.719 0.0,0.0,0.0,0.0,0.0,0.03684210526315797
2026-09-30T01:45:29.769 0.0,0.0,0.0,0.0,0.0,0.03684210526315797
2026-09-30T01:45:29.819 0.0,0.0,0.0,0.0,0.0,0.03684210526315797
2026-09-30T01:45:29.869 0.0,0.0,0.0,0.0,0.0,0.03684210526315797
2026-09-30T01:45:29.919 0.0,0.0,0.0,0.0,0.0,0.03684210526315797
2026-09-30T01:45:29.969 0.0,0.0,0.0,0.0,0.0,0.03684210526315797
2026-09-30T01:45:30.019 0.0,0.0,0.0,0.0,0.0,0.03684210526315797
2026-09-30T01:45:30.068 0.0,0.0,0.0,0.0,0.0,0.03684210526315797
2026-09-30T01:45:30.119 0.0,0.0,0.0,0.0,0.0,0.03684210526315797
2026-09-30T01:45:30.169 0.0,0.0,0.0,0.0,0.0,0.03684210526315797
2026-09-30T01:45:30.229 0.0,0.0,0.0,0.0,0.0,0.03684210526315797
2026-09-30T01:45:30.270 0.0,0.0,0.0,0.0,0.0,0.03684210526315797
2026-09-30T01:45:30.319 0.0,0.0,0.0,0.0,0.0,0.03684210526315797
2026-09-30T01:45:30.369 0.0,0.0,0.0,0.0,0.0,0.03684210526315797
2026-09-30T01:45:30.419 0.0,0.0,0.0,0.0,0.0,0.03684210526315797
2026-09-30T01:45:30.469 0.0,0.0,0.0,0.0,0.0,0.03684210526315797
2026-09-30T01:45:30.519 0.0,0.0,0.0,0.0,0.0,0.03684210526315797
2026-09-30T01:45:30.569 0.0,0.0,0.0,0.0,0.0,0.03684210526315797
2026-09-30T01:45:30.629 0.0,0.0,0.0,0.0,0.0,0.03684210526315797
2026-09-30T01:45:30.669 0.0,0.0,0.0,0.0,0.0,0.03684210526315797
2026-09-30T01:45:30.719 0.0,0.0,0.0,0.0,0.0,0.03684210526315797
2026-09-30T01:45:30.769 0.0,0.0,0.0,0.0,0.0,0.03684210526315797
2026-09-30T01:45:30.821 0.0,0.0,0.0,0.0,0.0,0.03684210526315797
2026-09-30T01:45:30.869 0.0,0.0,0.0,0.0,0.0,0.03684210526315797
2026-09-30T01:45:30.919 0.0,0.0,0.0,0.0,0.0,0.03684210526315797
2026-09-30T01:45:30.969 0.0,0.0,0.0,0.0,0.0,0.03684210526315797
2026-09-30T01:45:31.019 0.0,0.0,0.0,0.0,0.0,0.03684210526315797
2026-09-30T01:45:31.069 0.0,0.0,0.0,0.0,0.0,0.03684210526315797
2026-09-30T01:45:31.119 0.0,0.0,0.0,0.0,0.0,0.03684210526315797
2026-09-30T01:45:31.169 0.0,0.0,0.0,0.0,0.0,0.03684210526315797
2026-09-30T01:45:31.219 0.0,0.0,0.0,0.0,0.0,0.03684210526315797
2026-09-30T01:45:31.268 0.0,0.0,0.0,0.0,0.0,0.03684210526315797
2026-09-30T01:45:31.319 0.0,0.0,0.0,0.0,0.0,0.03684210526315797
2026-09-30T01:45:31.369 0.0,0.0,0.0,0.0,0.0,0.03684210526315797
2026-09-30T01:45:31.419 0.0,0.0,0.0,0.0,0.0,0.03684210526315797
2026-09-30T01:45:31.469 0.0,0.0,0.0,0.0,0.0,0.03684210526315797
2026-09-30T01:45:31.519 0.0,0.0,0.0,0.0,0.0,0.03684210526315797
2026-09-30T01:45:31.569 0.0,0.0,0.0,0.0,0.0,0.03684210526315797
2026-09-30T01:45:31.619 0.0,0.0,0.0,0.0,0.0,0.03684210526315797
2026-09-30T01:45:31.669 0.0,0.0,0.0,0.0,0.0,0.03684210526315797
2026-09-30T01:45:31.719 0.0,0.0,0.0,0.0,0.0,0.03684210526315797
2026-09-30T01:45:31.769 0.0,0.0,0.0,0.0,0.0,0.03684210526315797
2026-09-30T01:45:31.819 0.0,0.0,0.0,0.0,0.0,0.03684210526315797
2026-09-30T01:45:31.869 0.0,0.0,0.0,0.0,0.0,0.03684210526315797
2026-09-30T01:45:31.919 0.0,0.0,0.0,0.0,0.0,0.03684210526315797
2026-09-30T01:45:31.969 0.0,0.0,0.0,0.0,0.0,0.03684210526315797
2026-09-30T01:45:32.019 0.0,0.0,0.0,0.0,0.0,0.03684210526315797
2026-09-30T01:45:32.069 0.0,0.0,0.0,0.0,0.0,0.03684210526315797
2026-09-30T01:45:32.119 0.0,0.0,0.0,0.0,0.0,0.03684210526315797
2026-09-30T01:45:32.169 0.0,0.0,0.0,0.0,0.0,0.03684210526315797
2026-09-30T01:45:32.218 0.0,0.0,0.0,0.0,0.0,0.03684210526315797
2026-09-30T01:45:32.269 0.0,0.0,0.0,0.0,0.0,0.03684210526315797
2026-09-30T01:45:32.319 0.0,0.0,0.0,0.0,0.0,0.03684210526315797
2026-09-30T01:45:32.369 0.0,0.0,0.0,0.0,0.0,0.03684210526315797
2026-09-30T01:45:32.419 0.0,0.0,0.0,0.0,0.0,0.03684210526315797
2026-09-30T01:45:32.469 0.0,0.0,0.0,0.0,0.0,0.03684210526315797
2026-09-30T01:45:32.519 0.0,0.0,0.0,0.0,0.0,0.03684210526315797
2026-09-30T01:45:32.569 0.0,0.0,0.0,0.0,0.0,0.03684210526315797
2026-09-30T01:45:32.619 0.0,0.0,0.0,0.0,0.0,0.03684210526315797
2026-09-30T01:45:32.668 0.0,0.0,0.0,0.0,0.0,0.03684210526315797
2026-09-30T01:45:32.729 0.0,0.0,0.0,0.0,0.0,0.03684210526315797
2026-09-30T01:45:32.769 0.0,0.0,0.0,0.0,0.0,0.03684210526315797
2026-09-30T01:45:32.819 0.0,0.0,0.0,0.0,0.0,0.03684210526315797
2026-09-30T01:45:32.869 0.0,0.0,0.0,0.0,0.0,0.03684210526315797
2026-09-30T01:45:32.919 0.0,0.0,0.0,0.0,0.0,0.03684210526315797
2026-09-30T01:45:32.968 0.0,0.0,0.0,0.0,0.0,0.03684210526315797
2026-09-30T01:45:33.019 0.0,0.0,0.0,0.0,0.0,0.03684210526315797
2026-09-30T01:45:33.069 0.0,0.0,0.0,0.0,0.0,0.03684210526315797
2026-09-30T01:45:33.119 0.0,0.0,0.0,0.0,0.0,0.03684210526315797
2026-09-30T01:45:33.169 0.0,0.0,0.0,0.0,0.0,0.03684210526315797
2026-09-30T01:45:33.219 0.0,0.0,0.0,0.0,0.0,0.03684210526315797
2026-09-30T01:45:33.269 0.0,0.0,0.0,0.0,0.0,0.03684210526315797
2026-09-30T01:45:33.319 0.0,0.0,0.0,0.0,0.0,0.03684210526315797
2026-09-30T01:45:33.369 0.0,0.0,0.0,0.0,0.0,0.03684210526315797
2026-09-30T01:45:33.420 0.0,0.0,0.0,0.0,0.0,0.03684210526315797
2026-09-30T01:45:33.469 0.0,0.0,0.0,0.0,0.0,0.03684210526315797
2026-09-30T01:45:33.529 0.0,0.0,0.0,0.0,0.0,0.03684210526315797
2026-09-30T01:45:33.569 0.0,0.0,0.0,0.0,0.0,0.03684210526315797
2026-09-30T01:45:33.619 0.0,0.0,0.0,0.0,0.0,0.03684210526315797
2026-09-30T01:45:33.669 0.0,0.0,0.0,0.0,0.0,0.03684210526315797
2026-09-30T01:45:33.720 0.0,0.0,0.0,0.0,0.0,0.03684210526315797
2026-09-30T01:45:33.779 0.0,0.0,0.0,0.0,0.0,0.03684210526315797
2026-09-30T01:45:33.819 0.0,0.0,0.0,0.0,0.0,0.03684210526315797
2026-09-30T01:45:33.879 0.0,0.0,0.0,0.0,0.0,0.03684210526315797
2026-09-30T01:45:33.919 0.0,0.0,0.0,0.0,0.0,0.03684210526315797
2026-09-30T01:45:33.969 0.0,0.0,0.0,0.0,0.0,0.03684210526315797
2026-09-30T01:45:34.019 0.0,0.0,0.0,0.0,0.0,0.03684210526315797
2026-09-30T01:45:34.068 0.0,0.0,0.0,0.0,0.0,0.03684210526315797
2026-09-30T01:45:34.119 0.0,0.0,0.0,0.0,0.0,0.03684210526315797
2026-09-30T01:45:34.169 0.0,0.0,0.0,0.0,0.0,0.03684210526315797
2026-09-30T01:45:34.219 0.0,0.0,0.0,0.0,0.0,0.03684210526315797
2026-09-30T01:45:34.269 0.0,0.0,0.0,0.0,0.0,0.03684210526315797
2026-09-30T01:45:34.319 0.0,0.0,0.0,0.0,0.0,0.03684210526315797
2026-09-30T01:45:34.368 0.0,0.0,0.0,0.0,0.0,0.03684210526315797
2026-09-30T01:45:34.419 0.0,0.0,0.0,0.0,0.0,0.03684210526315797
2026-09-30T01:45:34.469 0.0,0.0,0.0,0.0,0.0,0.03684210526315797
2026-09-30T01:45:34.521 0.0,0.0,0.0,0.0,0.0,0.03684210526315797
2026-09-30T01:45:34.569 0.0,0.0,0.0,0.0,0.0,0.03684210526315797
2026-09-30T01:45:34.619 0.0,0.0,0.0,0.0,0.0,0.03684210526315797
2026-09-30T01:45:34.669 0.0,0.0,0.0,0.0,0.0,0.03684210526315797
2026-09-30T01:45:34.719 0.0,0.0,0.0,0.0,0.0,0.03684210526315797
2026-09-30T01:45:34.768 0.0,0.0,0.0,0.0,0.0,0.03684210526315797
2026-09-30T01:45:34.819 0.0,0.0,0.0,0.0,0.0,0.03684210526315797
2026-09-30T01:45:34.869 0.0,0.0,0.0,0.0,0.0,0.03684210526315797
2026-09-30T01:45:34.919 0.0,0.0,0.0,0.0,0.0,0.03684210526315797
2026-09-30T01:45:34.969 0.0,0.0,0.0,0.0,0.0,0.03684210526315797
2026-09-30T01:45:35.019 0.0,0.0,0.0,0.0,0.0,0.03684210526315797
2026-09-30T01:45:35.069 0.0,0.0,0.0,0.0,0.0,0.03684210526315797
2026-09-30T01:45:35.119 0.0,0.0,0.0,0.0,0.0,0.03684210526315797
2026-09-30T01:45:35.169 0.0,0.0,0.0,0.0,0.0,0.03684210526315797
2026-09-30T01:45:35.219 0.0,0.0,0.0,0.0,0.0,0.03684210526315797
2026-09-30T01:45:35.269 0.0,0.0,0.0,0.0,0.0,0.03684210526315797
2026-09-30T01:45:35.319 0.0,0.0,0.0,0.0,0.0,0.03684210526315797
2026-09-30T01:45:35.369 0.0,0.0,0.0,0.0,0.0,0.03684210526315797
2026-09-30T01:45:35.419 0.0,0.0,0.0,0.0,0.0,0.03684210526315797
2026-09-30T01:45:35.469 0.0,0.0,0.0,0.0,0.0,0.03684210526315797
2026-09-30T01:45:35.519 0.0,0.0,0.0,0.0,0.0,0.03684210526315797
2026-09-30T01:45:35.569 0.0,0.0,0.0,0.0,0.0,0.03684210526315797
2026-09-30T01:45:35.619 0.0,0.0,0.0,0.0,0.0,0.03684210526315797
2026-09-30T01:45:35.668 0.0,0.0,0.0,0.0,0.0,0.03684210526315797
2026-09-30T01:45:35.719 0.0,0.0,0.0,0.0,0.0,0.03684210526315797
2026-09-30T01:45:35.769 0.0,0.0,0.0,0.0,0.0,0.03684210526315797
2026-09-30T01:45:35.818 0.0,0.0,0.0,0.0,0.0,0.03684210526315797
2026-09-30T01:45:35.879 0.0,0.0,0.0,0.0,0.0,0.03684210526315797
2026-09-30T01:45:35.919 0.0,0.0,0.0,0.0,0.0,0.03684210526315797
2026-09-30T01:45:35.969 0.0,0.0,0.0,0.0,0.0,0.03684210526315797
2026-09-30T01:45:36.019 0.0,0.0,0.0,0.0,0.0,0.03684210526315797
2026-09-30T01:45:36.069 0.0,0.0,0.0,0.0,0.0,0.03684210526315797
2026-09-30T01:45:36.119 0.0,0.0,0.0,0.0,0.0,0.03684210526315797
2026-09-30T01:45:36.179 0.0,0.0,0.0,0.0,0.0,0.03684210526315797
2026-09-30T01:45:36.219 0.0,0.0,0.0,0.0,0.0,0.03684210526315797
2026-09-30T01:45:36.269 0.0,0.0,0.0,0.0,0.0,0.03684210526315797
2026-09-30T01:45:36.319 0.0,0.0,0.0,0.0,0.0,0.03684210526315797
2026-09-30T01:45:36.369 0.0,0.0,0.0,0.0,0.0,0.03684210526315797
2026-09-30T01:45:36.419 0.0,0.0,0.0,0.0,0.0,0.03684210526315797
2026-09-30T01:45:36.468 0.0,0.0,0.0,0.0,0.0,0.03684210526315797
2026-09-30T01:45:36.519 0.0,0.0,0.0,0.0,0.0,0.03684210526315797
2026-09-30T01:45:36.568 0.0,0.0,0.0,0.0,0.0,0.03684210526315797
2026-09-30T01:45:36.619 0.0,0.0,0.0,0.0,0.0,0.03684210526315797
2026-09-30T01:45:36.669 0.0,0.0,0.0,0.0,0.0,0.03684210526315797
2026-09-30T01:45:36.719 0.0,0.0,0.0,0.0,0.0,0.03684210526315797
2026-09-30T01:45:36.769 0.0,0.0,0.0,0.0,0.0,0.03684210526315797
2026-09-30T01:45:36.819 0.0,0.0,0.0,0.0,0.0,0.03684210526315797
2026-09-30T01:45:36.869 0.0,0.0,0.0,0.0,0.0,0.03684210526315797
2026-09-30T01:45:36.919 0.0,0.0,0.0,0.0,0.0,0.03684210526315797
2026-09-30T01:45:36.969 0.0,0.0,0.0,0.0,0.0,0.03684210526315797
2026-09-30T01:45:37.019 0.0,0.0,0.0,0.0,0.0,0.03684210526315797
2026-09-30T01:45:37.069 0.0,0.0,0.0,0.0,0.0,0.03684210526315797
2026-09-30T01:45:37.119 0.0,0.0,0.0,0.0,0.0,0.03684210526315797
2026-09-30T01:45:37.169 0.0,0.0,0.0,0.0,0.0,0.03684210526315797
2026-09-30T01:45:37.219 0.0,0.0,0.0,0.0,0.0,0.03684210526315797
2026-09-30T01:45:37.269 0.0,0.0,0.0,0.0,0.0,0.03684210526315797
2026-09-30T01:45:37.319 0.0,0.0,0.0,0.0,0.0,0.03684210526315797
2026-09-30T01:45:37.369 0.0,0.0,0.0,0.0,0.0,0.03684210526315797
2026-09-30T01:45:37.419 0.0,0.0,0.0,0.0,0.0,0.03684210526315797
2026-09-30T01:45:37.469 0.0,0.0,0.0,0.0,0.0,0.03684210526315797
2026-09-30T01:45:37.519 0.0,0.0,0.0,0.0,0.0,0.03684210526315797
2026-09-30T01:45:37.571 0.0,0.0,0.0,0.0,0.0,0.03684210526315797
2026-09-30T01:45:37.619 0.0,0.0,0.0,0.0,0.0,0.03684210526315797
2026-09-30T01:45:37.669 0.0,0.0,0.0,0.0,0.0,0.03684210526315797
2026-09-30T01:45:37.719 0.0,0.0,0.0,0.0,0.0,0.03684210526315797
2026-09-30T01:45:37.769 0.0,0.0,0.0,0.0,0.0,0.03684210526315797
2026-09-30T01:45:37.819 0.0,0.0,0.0,0.0,0.0,0.03684210526315797
2026-09-30T01:45:37.869 0.0,0.0,0.0,0.0,0.0,0.03684210526315797
2026-09-30T01:45:37.919 0.0,0.0,0.0,0.0,0.0,0.03684210526315797
2026-09-30T01:45:37.969 0.0,0.0,0.0,0.0,0.0,0.03684210526315797
2026-09-30T01:45:38.019 0.0,0.0,0.0,0.0,0.0,0.03684210526315797
2026-09-30T01:45:38.069 0.0,0.0,0.0,0.0,0.0,0.03684210526315797
2026-09-30T01:45:38.119 0.0,0.0,0.0,0.0,0.0,0.03684210526315797
2026-09-30T01:45:38.169 0.0,0.0,0.0,0.0,0.0,0.03684210526315797
2026-09-30T01:45:38.219 0.0,0.0,0.0,0.0,0.0,0.03684210526315797
2026-09-30T01:45:38.268 0.0,0.0,0.0,0.0,0.0,0.03684210526315797
2026-09-30T01:45:38.319 0.0,0.0,0.0,0.0,0.0,0.03684210526315797
2026-09-30T01:45:38.369 0.0,0.0,0.0,0.0,0.0,0.03684210526315797
2026-09-30T01:45:38.419 0.0,0.0,0.0,0.0,0.0,0.03684210526315797
2026-09-30T01:45:38.468 0.0,0.0,0.0,0.0,0.0,0.03684210526315797
2026-09-30T01:45:38.519 0.0,0.0,0.0,0.0,0.0,0.03684210526315797
2026-09-30T01:45:38.569 0.0,0.0,0.0,0.0,0.0,0.03684210526315797
2026-09-30T01:45:38.619 0.0,0.0,0.0,0.0,0.0,0.03684210526315797
2026-09-30T01:45:38.668 0.0,0.0,0.0,0.0,0.0,0.03684210526315797
2026-09-30T01:45:38.718 0.0,0.0,0.0,0.0,0.0,0.03684210526315797
2026-09-30T01:45:38.769 0.0,0.0,0.0,0.0,0.0,0.03684210526315797
2026-09-30T01:45:38.819 0.0,0.0,0.0,0.0,0.0,0.03684210526315797
2026-09-30T01:45:38.868 0.0,0.0,0.0,0.0,0.0,0.03684210526315797
2026-09-30T01:45:38.919 0.0,0.0,0.0,0.0,0.0,0.03684210526315797
2026-09-30T01:45:38.968 0.0,0.0,0.0,0.0,0.0,0.03684210526315797
2026-09-30T01:45:39.019 0.0,0.0,0.0,0.0,0.0,0.0
2026-09-30T01:45:39.069 0.0,0.0,0.0,0.0,0.0,0.0
2026-09-30T01:45:39.119 0.0,0.0,0.0,0.0,0.0,0.0
2026-09-30T01:45:39.169 0.0,0.0,0.0,0.0,0.0,0.0
2026-09-30T01:45:39.219 0.0,0.0,0.0,0.0,0.0,0.0
2026-09-30T01:45:39.271 0.0,0.0,0.0,0.0,0.0,0.0
2026-09-30T01:45:39.319 0.0,0.0,0.0,0.0,0.0,0.0
2026-09-30T01:45:39.369 0.0,0.0,0.0,0.0,0.0,0.0
2026-09-30T01:45:39.419 0.0,0.0,0.0,0.0,0.0,0.0
2026-09-30T01:45:39.469 0.0,0.0,0.0,0.0,0.0,0.0
2026-09-30T01:45:39.519 0.0,0.0,0.0,0.0,0.0,0.0
2026-09-30T01:45:39.569 0.0,0.0,0.0,0.0,0.0,0.0
2026-09-30T01:45:39.619 0.0,0.0,0.0,0.0,0.0,0.0
2026-09-30T01:45:39.669 0.0,0.0,0.0,0.0,0.0,0.0
2026-09-30T01:45:39.719 0.0,0.0,0.0,0.0,0.0,0.0
2026-09-30T01:45:39.769 0.0,0.0,0.0,0.0,0.0,0.0
2026-09-30T01:45:39.819 0.0,0.0,0.0,0.0,0.0,0.0
2026-09-30T01:45:39.869 0.0,0.0,0.0,0.0,0.0,0.0
2026-09-30T01:45:39.919 0.0,0.0,0.0,0.0,0.0,0.03684210526315797
2026-09-30T01:45:39.969 0.0,0.0,0.0,0.0,0.0,0.03684210526315797
2026-09-30T01:45:40.019 0.0,0.0,0.0,0.0,0.0,0.03684210526315797
2026-09-30T01:45:40.069 0.0,0.0,0.0,0.0,0.0,0.03684210526315797
2026-09-30T01:45:40.119 0.0,0.0,0.0,0.0,0.0,0.03684210526315797
2026-09-30T01:45:40.179 0.0,0.0,0.0,0.0,0.0,0.03684210526315797
2026-09-30T01:45:40.219 0.0,0.0,0.0,0.0,0.0,0.03684210526315797
2026-09-30T01:45:40.269 0.0,0.0,0.0,0.0,0.0,0.03684210526315797
2026-09-30T01:45:40.319 0.0,0.0,0.0,0.0,0.0,0.03684210526315797
2026-09-30T01:45:40.368 0.0,0.0,0.0,0.0,0.0,0.03684210526315797
2026-09-30T01:45:40.419 0.0,0.0,0.0,0.0,0.0,0.03684210526315797
2026-09-30T01:45:40.468 0.0,0.0,0.0,0.0,0.0,0.03684210526315797
2026-09-30T01:45:40.519 0.0,0.0,0.0,0.0,0.0,0.03684210526315797
2026-09-30T01:45:40.568 0.0,0.0,0.0,0.0,0.0,0.03684210526315797
2026-09-30T01:45:40.619 0.0,0.0,0.0,0.0,0.0,0.03684210526315797
2026-09-30T01:45:40.668 0.0,0.0,0.0,0.0,0.0,0.03684210526315797
2026-09-30T01:45:40.719 0.0,0.0,0.0,0.0,0.0,0.03684210526315797
2026-09-30T01:45:40.769 0.0,0.0,0.0,0.0,0.0,0.03684210526315797
2026-09-30T01:45:40.819 0.0,0.0,0.0,0.0,0.0,0.03684210526315797
2026-09-30T01:45:40.869 0.0,0.0,0.0,0.0,0.0,0.03684210526315797
2026-09-30T01:45:40.919 0.0,0.0,0.0,0.0,0.0,0.03684210526315797
2026-09-30T01:45:40.969 0.0,0.0,0.0,0.0,0.0,0.03684210526315797
2026-09-30T01:45:41.019 0.0,0.0,0.0,0.0,0.0,0.03684210526315797
2026-09-30T01:45:41.069 0.0,0.0,0.0,0.0,0.0,0.03684210526315797
2026-09-30T01:45:41.119 0.0,0.0,0.0,0.0,0.0,0.03684210526315797
2026-09-30T01:45:41.169 0.0,0.0,0.0,0.0,0.0,0.03684210526315797
2026-09-30T01:45:41.229 0.0,0.0,0.0,0.0,0.0,0.03684210526315797
2026-09-30T01:45:41.269 0.0,0.0,0.0,0.0,0.0,0.03684210526315797
2026-09-30T01:45:41.319 0.0,0.0,0.0,0.0,0.0,0.03684210526315797
2026-09-30T01:45:41.368 0.0,0.0,0.0,0.0,0.0,0.03684210526315797
2026-09-30T01:45:41.419 0.0,0.0,0.0,0.0,0.0,0.03684210526315797
2026-09-30T01:45:41.469 0.0,0.0,0.0,0.0,0.0,0.03684210526315797
2026-09-30T01:45:41.519 0.0,0.0,0.0,0.0,0.0,0.03684210526315797
2026-09-30T01:45:41.569 0.0,0.0,0.0,0.0,0.0,0.03684210526315797
2026-09-30T01:45:41.619 0.0,0.0,0.0,0.0,0.0,0.03684210526315797
2026-09-30T01:45:41.669 0.0,0.0,0.0,0.0,0.0,0.03684210526315797
2026-09-30T01:45:41.719 0.0,0.0,0.0,0.0,0.0,0.03684210526315797
2026-09-30T01:45:41.779 0.0,0.0,0.0,0.0,0.0,0.03684210526315797
2026-09-30T01:45:41.818 0.0,0.0,0.0,0.0,0.0,0.03684210526315797
2026-09-30T01:45:41.869 0.0,0.0,0.0,0.0,0.0,0.03684210526315797
2026-09-30T01:45:41.919 0.0,0.0,0.0,0.0,0.0,0.03684210526315797
2026-09-30T01:45:41.969 0.0,0.0,0.0,0.0,0.0,0.03684210526315797
2026-09-30T01:45:42.018 0.0,0.0,0.0,0.0,0.0,0.03684210526315797
2026-09-30T01:45:42.069 0.0,0.0,0.0,0.0,0.0,0.03684210526315797
2026-09-30T01:45:42.119 0.0,0.0,0.0,0.0,0.0,0.03684210526315797
2026-09-30T01:45:42.168 0.0,0.0,0.0,0.0,0.0,0.03684210526315797
2026-09-30T01:45:42.219 0.0,0.0,0.0,0.0,0.0,0.03684210526315797
2026-09-30T01:45:42.269 0.0,0.0,0.0,0.0,0.0,0.03684210526315797
2026-09-30T01:45:42.319 0.0,0.0,0.0,0.0,0.0,0.03684210526315797
2026-09-30T01:45:42.369 0.0,0.0,0.0,0.0,0.0,0.03684210526315797
2026-09-30T01:45:42.419 0.0,0.0,0.0,0.0,0.0,0.03684210526315797
2026-09-30T01:45:42.469 0.0,0.0,0.0,0.0,0.0,0.03684210526315797
2026-09-30T01:45:42.519 0.0,0.0,0.0,0.0,0.0,0.03684210526315797
2026-09-30T01:45:42.569 0.0,0.0,0.0,0.0,0.0,0.03684210526315797
2026-09-30T01:45:42.629 0.0,0.0,0.0,0.0,0.0,0.03684210526315797
2026-09-30T01:45:42.669 0.0,0.0,0.0,0.0,0.0,0.03684210526315797
2026-09-30T01:45:42.719 0.0,0.0,0.0,0.0,0.0,0.03684210526315797
2026-09-30T01:45:42.771 0.0,0.0,0.0,0.0,0.0,0.03684210526315797
2026-09-30T01:45:42.818 0.0,0.0,0.0,0.0,0.0,0.03684210526315797
2026-09-30T01:45:42.868 0.0,0.0,0.0,0.0,0.0,0.03684210526315797
2026-09-30T01:45:42.919 0.0,0.0,0.0,0.0,0.0,0.03684210526315797
2026-09-30T01:45:42.969 0.0,0.0,0.0,0.0,0.0,0.03684210526315797
2026-09-30T01:45:43.019 0.0,0.0,0.0,0.0,0.0,0.03684210526315797
2026-09-30T01:45:43.068 0.0,0.0,0.0,0.0,0.0,0.03684210526315797
2026-09-30T01:45:43.119 0.0,0.0,0.0,0.0,0.0,0.03684210526315797
2026-09-30T01:45:43.169 0.0,0.0,0.0,0.0,0.0,0.03684210526315797
2026-09-30T01:45:43.219 0.0,0.0,0.0,0.0,0.0,0.03684210526315797
2026-09-30T01:45:43.268 0.0,0.0,0.0,0.0,0.0,0.03684210526315797
2026-09-30T01:45:43.319 0.0,0.0,0.0,0.0,0.0,0.03684210526315797
2026-09-30T01:45:43.369 0.0,0.0,0.0,0.0,0.0,0.03684210526315797
2026-09-30T01:45:43.419 0.0,0.0,0.0,0.0,0.0,0.03684210526315797
2026-09-30T01:45:43.469 0.0,0.0,0.0,0.0,0.0,0.03684210526315797
2026-09-30T01:45:43.519 0.0,0.0,0.0,0.0,0.0,0.03684210526315797
2026-09-30T01:45:43.569 0.0,0.0,0.0,0.0,0.0,0.03684210526315797
2026-09-30T01:45:43.619 0.0,0.0,0.0,0.0,0.0,0.03684210526315797
2026-09-30T01:45:43.669 0.0,0.0,0.0,0.0,0.0,0.03684210526315797
2026-09-30T01:45:43.719 0.0,0.0,0.0,0.0,0.0,0.03684210526315797
2026-09-30T01:45:43.779 0.0,0.0,0.0,0.0,0.0,0.03684210526315797
2026-09-30T01:45:43.818 0.0,0.0,0.0,0.0,0.0,0.03684210526315797
2026-09-30T01:45:43.869 0.0,0.0,0.0,0.0,0.0,0.03684210526315797
2026-09-30T01:45:43.918 0.0,0.0,0.0,0.0,0.0,0.03684210526315797
2026-09-30T01:45:43.969 0.0,0.0,0.0,0.0,0.0,0.03684210526315797
2026-09-30T01:45:44.019 0.0,0.0,0.0,0.0,0.0,0.03684210526315797
2026-09-30T01:45:44.069 0.0,0.0,0.0,0.0,0.0,0.03684210526315797
2026-09-30T01:45:44.119 0.0,0.0,0.0,0.0,0.0,0.03684210526315797
2026-09-30T01:45:44.168 0.0,0.0,0.0,0.0,0.0,0.03684210526315797
2026-09-30T01:45:44.219 0.0,0.0,0.0,0.0,0.0,0.03684210526315797
2026-09-30T01:45:44.268 0.0,0.0,0.0,0.0,0.0,0.03684210526315797
2026-09-30T01:45:44.319 0.0,0.0,0.0,0.0,0.0,0.03684210526315797
2026-09-30T01:45:44.368 0.0,0.0,0.0,0.0,0.0,0.03684210526315797
2026-09-30T01:45:44.419 0.0,0.0,0.0,0.0,0.0,0.03684210526315797
2026-09-30T01:45:44.469 0.0,0.0,0.0,0.0,0.0,0.03684210526315797
2026-09-30T01:45:44.519 0.0,0.0,0.0,0.0,0.0,0.03684210526315797
2026-09-30T01:45:44.569 0.0,0.0,0.0,0.0,0.0,0.03684210526315797
2026-09-30T01:45:44.619 0.0,0.0,0.0,0.0,0.0,0.03684210526315797
2026-09-30T01:45:44.669 0.0,0.0,0.0,0.0,0.0,0.03684210526315797
2026-09-30T01:45:44.719 0.0,0.0,0.0,0.0,0.0,0.03684210526315797
2026-09-30T01:45:44.768 0.0,0.0,0.0,0.0,0.0,0.03684210526315797
2026-09-30T01:45:44.820 0.0,0.0,0.0,0.0,0.0,0.03684210526315797
2026-09-30T01:45:44.869 0.0,0.0,0.0,0.0,0.0,0.03684210526315797
2026-09-30T01:45:44.920 0.0,0.0,0.0,0.0,0.0,0.03684210526315797
2026-09-30T01:45:44.968 0.0,0.0,0.0,0.0,0.0,0.03684210526315797
2026-09-30T01:45:45.019 0.0,0.0,0.0,0.0,0.0,0.03684210526315797
2026-09-30T01:45:45.069 0.0,0.0,0.0,0.0,0.0,0.03684210526315797
2026-09-30T01:45:45.118 0.0,0.0,0.0,0.0,0.0,0.03684210526315797
2026-09-30T01:45:45.169 0.0,0.0,0.0,0.0,0.0,0.03684210526315797
2026-09-30T01:45:45.219 0.0,0.0,0.0,0.0,0.0,0.03684210526315797
2026-09-30T01:45:45.269 0.0,0.0,0.0,0.0,0.0,0.03684210526315797
2026-09-30T01:45:45.319 0.0,0.0,0.0,0.0,0.0,0.03684210526315797
2026-09-30T01:45:45.369 0.0,0.0,0.0,0.0,0.0,0.03684210526315797
2026-09-30T01:45:45.421 0.0,0.0,0.0,0.0,0.0,0.03684210526315797
2026-09-30T01:45:45.469 0.0,0.0,0.0,0.0,0.0,0.03684210526315797
2026-09-30T01:45:45.529 0.0,0.0,0.0,0.0,0.0,0.03684210526315797
2026-09-30T01:45:45.569 0.0,0.0,0.0,0.0,0.0,0.03684210526315797
2026-09-30T01:45:45.619 0.0,0.0,0.0,0.0,0.0,0.03684210526315797
2026-09-30T01:45:45.669 0.0,0.0,0.0,0.0,0.0,0.03684210526315797
2026-09-30T01:45:45.719 0.0,0.0,0.0,0.0,0.0,0.03684210526315797
2026-09-30T01:45:45.769 0.0,0.0,0.0,0.0,0.0,0.03684210526315797
2026-09-30T01:45:45.819 0.0,0.0,0.0,0.0,0.0,0.03684210526315797
2026-09-30T01:45:45.869 0.0,0.0,0.0,0.0,0.0,0.03684210526315797
2026-09-30T01:45:45.919 0.0,0.0,0.0,0.0,0.0,0.03684210526315797
2026-09-30T01:45:45.969 0.0,0.0,0.0,0.0,0.0,0.03684210526315797
2026-09-30T01:45:46.019 0.0,0.0,0.0,0.0,0.0,0.03684210526315797
2026-09-30T01:45:46.069 0.0,0.0,0.0,0.0,0.0,0.03684210526315797
2026-09-30T01:45:46.121 0.0,0.0,0.0,0.0,0.0,0.03684210526315797
2026-09-30T01:45:46.169 0.0,0.0,0.0,0.0,0.0,0.03684210526315797
2026-09-30T01:45:46.219 0.0,0.0,0.0,0.0,0.0,0.03684210526315797
2026-09-30T01:45:46.269 0.0,0.0,0.0,0.0,0.0,0.03684210526315797
2026-09-30T01:45:46.319 0.0,0.0,0.0,0.0,0.0,0.03684210526315797
2026-09-30T01:45:46.369 0.0,0.0,0.0,0.0,0.0,0.03684210526315797
2026-09-30T01:45:46.419 0.0,0.0,0.0,0.0,0.0,0.03684210526315797
2026-09-30T01:45:46.469 0.0,0.0,0.0,0.0,0.0,0.03684210526315797
2026-09-30T01:45:46.519 0.0,0.0,0.0,0.0,0.0,0.03684210526315797
2026-09-30T01:45:46.569 0.0,0.0,0.0,0.0,0.0,0.03684210526315797
2026-09-30T01:45:46.619 0.0,0.0,0.0,0.0,0.0,0.03684210526315797
2026-09-30T01:45:46.669 0.0,0.0,0.0,0.0,0.0,0.03684210526315797
2026-09-30T01:45:46.729 0.0,0.0,0.0,0.0,0.0,0.03684210526315797
2026-09-30T01:45:46.769 0.0,0.0,0.0,0.0,0.0,0.03684210526315797
2026-09-30T01:45:46.829 0.0,0.0,0.0,0.0,0.0,0.03684210526315797
2026-09-30T01:45:46.869 0.0,0.0,0.0,0.0,0.0,0.03684210526315797
2026-09-30T01:45:46.919 0.0,0.0,0.0,0.0,0.0,0.03684210526315797
2026-09-30T01:45:46.969 0.0,0.0,0.0,0.0,0.0,0.03684210526315797
2026-09-30T01:45:47.019 0.0,0.0,0.0,0.0,0.0,0.03684210526315797
2026-09-30T01:45:47.069 0.0,0.0,0.0,0.0,0.0,0.03684210526315797
2026-09-30T01:45:47.119 0.0,0.0,0.0,0.0,0.0,0.03684210526315797
2026-09-30T01:45:47.168 0.0,0.0,0.0,0.0,0.0,0.03684210526315797
2026-09-30T01:45:47.219 0.0,0.0,0.0,0.0,0.0,0.03684210526315797
2026-09-30T01:45:47.269 0.0,0.0,0.0,0.0,0.0,0.03684210526315797
2026-09-30T01:45:47.318 0.0,0.0,0.0,0.0,0.0,0.03684210526315797
2026-09-30T01:45:47.369 0.0,0.0,0.0,0.0,0.0,0.03684210526315797
2026-09-30T01:45:47.419 0.0,0.0,0.0,0.0,0.0,0.03684210526315797
2026-09-30T01:45:47.468 0.0,0.0,0.0,0.0,0.0,0.03684210526315797
2026-09-30T01:45:47.519 0.0,0.0,0.0,0.0,0.0,0.03684210526315797
2026-09-30T01:45:47.568 0.0,0.0,0.0,0.0,0.0,0.03684210526315797
2026-09-30T01:45:47.619 0.0,0.0,0.0,0.0,0.0,0.03684210526315797
2026-09-30T01:45:47.669 0.0,0.0,0.0,0.0,0.0,0.03684210526315797
2026-09-30T01:45:47.719 0.0,0.0,0.0,0.0,0.0,0.03684210526315797
2026-09-30T01:45:47.768 0.0,0.0,0.0,0.0,0.0,0.03684210526315797
2026-09-30T01:45:47.819 0.0,0.0,0.0,0.0,0.0,0.03684210526315797
2026-09-30T01:45:47.869 0.0,0.0,0.0,0.0,0.0,0.03684210526315797
2026-09-30T01:45:47.919 0.0,0.0,0.0,0.0,0.0,0.03684210526315797
2026-09-30T01:45:47.971 0.0,0.0,0.0,0.0,0.0,0.03684210526315797
2026-09-30T01:45:48.029 0.0,0.0,0.0,0.0,0.0,0.03684210526315797
2026-09-30T01:45:48.069 0.0,0.0,0.0,0.0,0.0,0.03684210526315797
2026-09-30T01:45:48.129 0.0,0.0,0.0,0.0,0.0,0.03684210526315797
2026-09-30T01:45:48.169 0.0,0.0,0.0,0.0,0.0,0.03684210526315797
2026-09-30T01:45:48.218 0.0,0.0,0.0,0.0,0.0,0.03684210526315797
2026-09-30T01:45:48.269 0.0,0.0,0.0,0.0,0.0,0.03684210526315797
2026-09-30T01:45:48.319 0.0,0.0,0.0,0.0,0.0,0.03684210526315797
2026-09-30T01:45:48.381 0.0,0.0,0.0,0.0,0.0,0.03684210526315797
2026-09-30T01:45:48.419 0.0,0.0,0.0,0.0,0.0,0.03684210526315797
2026-09-30T01:45:48.469 0.0,0.0,0.0,0.0,0.0,0.03684210526315797
2026-09-30T01:45:48.519 0.0,0.0,0.0,0.0,0.0,0.03684210526315797
2026-09-30T01:45:48.569 0.0,0.0,0.0,0.0,0.0,0.03684210526315797
2026-09-30T01:45:48.619 0.0,0.0,0.0,0.0,0.0,0.03684210526315797
2026-09-30T01:45:48.669 0.0,0.0,0.0,0.0,0.0,0.03684210526315797
2026-09-30T01:45:48.719 0.0,0.0,0.0,0.0,0.0,0.03684210526315797
2026-09-30T01:45:48.769 0.0,0.0,0.0,0.0,0.0,0.03684210526315797
2026-09-30T01:45:48.819 0.0,0.0,0.0,0.0,0.0,0.03684210526315797
2026-09-30T01:45:48.868 0.0,0.0,0.0,0.0,0.0,0.03684210526315797
2026-09-30T01:45:48.919 0.0,0.0,0.0,0.0,0.0,0.03684210526315797
2026-09-30T01:45:48.969 0.0,0.0,0.0,0.0,0.0,0.03684210526315797
2026-09-30T01:45:49.019 0.0,0.0,0.0,0.0,0.0,0.03684210526315797
2026-09-30T01:45:49.069 0.0,0.0,0.0,0.0,0.0,0.03684210526315797
2026-09-30T01:45:49.119 0.0,0.0,0.0,0.0,0.0,0.03684210526315797
2026-09-30T01:45:49.168 0.0,0.0,0.0,0.0,0.0,0.03684210526315797
2026-09-30T01:45:49.219 0.0,0.0,0.0,0.0,0.0,0.03684210526315797
2026-09-30T01:45:49.269 0.0,0.0,0.0,0.0,0.0,0.03684210526315797
2026-09-30T01:45:49.319 0.0,0.0,0.0,0.0,0.0,0.03684210526315797
2026-09-30T01:45:49.370 0.0,0.0,0.0,0.0,0.0,0.03684210526315797
2026-09-30T01:45:49.429 0.0,0.0,0.0,0.0,0.0,0.03684210526315797
2026-09-30T01:45:49.469 0.0,0.0,0.0,0.0,0.0,0.03684210526315797
2026-09-30T01:45:49.518 0.0,0.0,0.0,0.0,0.0,0.03684210526315797
2026-09-30T01:45:49.569 0.0,0.0,0.0,0.0,0.0,0.03684210526315797
2026-09-30T01:45:49.619 0.0,0.0,0.0,0.0,0.0,0.03684210526315797
2026-09-30T01:45:49.669 0.0,0.0,0.0,0.0,0.0,0.03684210526315797
2026-09-30T01:45:49.719 0.0,0.0,0.0,0.0,0.0,0.03684210526315797
2026-09-30T01:45:49.769 0.0,0.0,0.0,0.0,0.0,0.03684210526315797
2026-09-30T01:45:49.819 0.0,0.0,0.0,0.0,0.0,0.03684210526315797
2026-09-30T01:45:49.869 0.0,0.0,0.0,0.0,0.0,0.03684210526315797
2026-09-30T01:45:49.929 0.0,0.0,0.0,0.0,0.0,0.03684210526315797
2026-09-30T01:45:49.969 0.0,0.0,0.0,0.0,0.0,0.03684210526315797
2026-09-30T01:45:50.019 0.0,0.0,0.0,0.0,0.0,0.03684210526315797
2026-09-30T01:45:50.069 0.0,0.0,0.0,0.0,0.0,0.03684210526315797
2026-09-30T01:45:50.119 0.0,0.0,0.0,0.0,0.0,0.03684210526315797
2026-09-30T01:45:50.169 0.0,0.0,0.0,0.0,0.0,0.03684210526315797
2026-09-30T01:45:50.219 0.0,0.0,0.0,0.0,0.0,0.03684210526315797
2026-09-30T01:45:50.269 0.0,0.0,0.0,0.0,0.0,0.03684210526315797
2026-09-30T01:45:50.319 0.0,0.0,0.0,0.0,0.0,0.03684210526315797
2026-09-30T01:45:50.369 0.0,0.0,0.0,0.0,0.0,0.03684210526315797
2026-09-30T01:45:50.419 0.0,0.0,0.0,0.0,0.0,0.03684210526315797
2026-09-30T01:45:50.469 0.0,0.0,0.0,0.0,0.0,0.03684210526315797
2026-09-30T01:45:50.519 0.0,0.0,0.0,0.0,0.0,0.03684210526315797
2026-09-30T01:45:50.569 0.0,0.0,0.0,0.0,0.0,0.03684210526315797
2026-09-30T01:45:50.618 0.0,0.0,0.0,0.0,0.0,0.03684210526315797
2026-09-30T01:45:50.669 0.0,0.0,0.0,0.0,0.0,0.03684210526315797
2026-09-30T01:45:50.719 0.0,0.0,0.0,0.0,0.0,0.03684210526315797
2026-09-30T01:45:50.769 0.0,0.0,0.0,0.0,0.0,0.03684210526315797
2026-09-30T01:45:50.819 0.0,0.0,0.0,0.0,0.0,0.03684210526315797
2026-09-30T01:45:50.879 0.0,0.0,0.0,0.0,0.0,0.03684210526315797
2026-09-30T01:45:50.919 0.0,0.0,0.0,0.0,0.0,0.03684210526315797
2026-09-30T01:45:50.969 0.0,0.0,0.0,0.0,0.0,0.03684210526315797
2026-09-30T01:45:51.019 0.0,0.0,0.0,0.0,0.0,0.03684210526315797
2026-09-30T01:45:51.069 0.0,0.0,0.0,0.0,0.0,0.03684210526315797
2026-09-30T01:45:51.131 0.0,0.0,0.0,0.0,0.0,0.03684210526315797
2026-09-30T01:45:51.169 0.0,0.0,0.0,0.0,0.0,0.03684210526315797
2026-09-30T01:45:51.219 0.0,0.0,0.0,0.0,0.0,0.03684210526315797
2026-09-30T01:45:51.269 0.0,0.0,0.0,0.0,0.0,0.03684210526315797
2026-09-30T01:45:51.319 0.0,0.0,0.0,0.0,0.0,0.03684210526315797
2026-09-30T01:45:51.368 0.0,0.0,0.0,0.0,0.0,0.03684210526315797
2026-09-30T01:45:51.419 0.0,0.0,0.0,0.0,0.0,0.03684210526315797
2026-09-30T01:45:51.469 0.0,0.0,0.0,0.0,0.0,0.03684210526315797
2026-09-30T01:45:51.519 0.0,0.0,0.0,0.0,0.0,0.03684210526315797
2026-09-30T01:45:51.569 0.0,0.0,0.0,0.0,0.0,0.03684210526315797
2026-09-30T01:45:51.619 0.0,0.0,0.0,0.0,0.0,0.03684210526315797
2026-09-30T01:45:51.669 0.0,0.0,0.0,0.0,0.0,0.03684210526315797
2026-09-30T01:45:51.719 0.0,0.0,0.0,0.0,0.0,0.03684210526315797
2026-09-30T01:45:51.769 0.0,0.0,0.0,0.0,0.0,0.03684210526315797
2026-09-30T01:45:51.819 0.0,0.0,0.0,0.0,0.0,0.03684210526315797
2026-09-30T01:45:51.869 0.0,0.0,0.0,0.0,0.0,0.03684210526315797
2026-09-30T01:45:51.919 0.0,0.0,0.0,0.0,0.0,0.03684210526315797
2026-09-30T01:45:51.969 0.0,0.0,0.0,0.0,0.0,0.03684210526315797
2026-09-30T01:45:52.019 0.0,0.0,0.0,0.0,0.0,0.03684210526315797
2026-09-30T01:45:52.069 0.0,0.0,0.0,0.0,0.0,0.03684210526315797
2026-09-30T01:45:52.119 0.0,0.0,0.0,0.0,0.0,0.03684210526315797
2026-09-30T01:45:52.168 0.0,0.0,0.0,0.0,0.0,0.03684210526315797
2026-09-30T01:45:52.219 0.0,0.0,0.0,0.0,0.0,0.03684210526315797
2026-09-30T01:45:52.269 0.0,0.0,0.0,0.0,0.0,0.03684210526315797
2026-09-30T01:45:52.319 0.0,0.0,0.0,0.0,0.0,0.03684210526315797
2026-09-30T01:45:52.369 0.0,0.0,0.0,0.0,0.0,0.03684210526315797
2026-09-30T01:45:52.419 0.0,0.0,0.0,0.0,0.0,0.03684210526315797
2026-09-30T01:45:52.469 0.0,0.0,0.0,0.0,0.0,0.03684210526315797
2026-09-30T01:45:52.519 0.0,0.0,0.0,0.0,0.0,0.03684210526315797
2026-09-30T01:45:52.569 0.0,0.0,0.0,0.0,0.0,0.03684210526315797
2026-09-30T01:45:52.619 0.0,0.0,0.0,0.0,0.0,0.03684210526315797
2026-09-30T01:45:52.669 0.0,0.0,0.0,0.0,0.0,0.03684210526315797
2026-09-30T01:45:52.719 0.0,0.0,0.0,0.0,0.0,0.03684210526315797
2026-09-30T01:45:52.769 0.0,0.0,0.0,0.0,0.0,0.03684210526315797
2026-09-30T01:45:52.819 0.0,0.0,0.0,0.0,0.0,0.03684210526315797
2026-09-30T01:45:52.869 0.0,0.0,0.0,0.0,0.0,0.03684210526315797
2026-09-30T01:45:52.919 0.0,0.0,0.0,0.0,0.0,0.03684210526315797
2026-09-30T01:45:52.968 0.0,0.0,0.0,0.0,0.0,0.03684210526315797
2026-09-30T01:45:53.029 0.0,0.0,0.0,0.0,0.0,0.03684210526315797
2026-09-30T01:45:53.069 0.0,0.0,0.0,0.0,0.0,0.03684210526315797
2026-09-30T01:45:53.119 0.0,0.0,0.0,0.0,0.0,0.03684210526315797
2026-09-30T01:45:53.169 0.0,0.0,0.0,0.0,0.0,0.03684210526315797
2026-09-30T01:45:53.219 0.0,0.0,0.0,0.0,0.0,0.03684210526315797
2026-09-30T01:45:53.279 0.0,0.0,0.0,0.0,0.0,0.03684210526315797
2026-09-30T01:45:53.319 0.0,0.0,0.0,0.0,0.0,0.03684210526315797
2026-09-30T01:45:53.369 0.0,0.0,0.0,0.0,0.0,0.03684210526315797
2026-09-30T01:45:53.419 0.0,0.0,0.0,0.0,0.0,0.03684210526315797
2026-09-30T01:45:53.469 0.0,0.0,0.0,0.0,0.0,0.03684210526315797
2026-09-30T01:45:53.519 0.0,0.0,0.0,0.0,0.0,0.03684210526315797
2026-09-30T01:45:53.570 0.0,0.0,0.0,0.0,0.0,0.03684210526315797
2026-09-30T01:45:53.619 0.0,0.0,0.0,0.0,0.0,0.03684210526315797
2026-09-30T01:45:53.679 0.0,0.0,0.0,0.0,0.0,0.03684210526315797
2026-09-30T01:45:53.719 0.0,0.0,0.0,0.0,0.0,0.03684210526315797
2026-09-30T01:45:53.779 0.0,0.0,0.0,0.0,0.0,0.03684210526315797
2026-09-30T01:45:53.819 0.0,0.0,0.0,0.0,0.0,0.03684210526315797
2026-09-30T01:45:53.869 0.0,0.0,0.0,0.0,0.0,0.03684210526315797
2026-09-30T01:45:53.929 0.0,0.0,0.0,0.0,0.0,0.03684210526315797
2026-09-30T01:45:53.969 0.0,0.0,0.0,0.0,0.0,0.03684210526315797
2026-09-30T01:45:54.019 0.0,0.0,0.0,0.0,0.0,0.03684210526315797
2026-09-30T01:45:54.069 0.0,0.0,0.0,0.0,0.0,0.03684210526315797
2026-09-30T01:45:54.119 0.0,0.0,0.0,0.0,0.0,0.03684210526315797
2026-09-30T01:45:54.169 0.0,0.0,0.0,0.0,0.0,0.03684210526315797
2026-09-30T01:45:54.219 0.0,0.0,0.0,0.0,0.0,0.03684210526315797
2026-09-30T01:45:54.269 0.0,0.0,0.0,0.0,0.0,0.03684210526315797
2026-09-30T01:45:54.319 0.0,0.0,0.0,0.0,0.0,0.03684210526315797
2026-09-30T01:45:54.369 0.0,0.0,0.0,0.0,0.0,0.03684210526315797
2026-09-30T01:45:54.419 0.0,0.0,0.0,0.0,0.0,0.03684210526315797
2026-09-30T01:45:54.469 0.0,0.0,0.0,0.0,0.0,0.03684210526315797
2026-09-30T01:45:54.519 0.0,0.0,0.0,0.0,0.0,0.03684210526315797
2026-09-30T01:45:54.569 0.0,0.0,0.0,0.0,0.0,0.03684210526315797
2026-09-30T01:45:54.619 0.0,0.0,0.0,0.0,0.0,0.03684210526315797
2026-09-30T01:45:54.669 0.0,0.0,0.0,0.0,0.0,0.03684210526315797
2026-09-30T01:45:54.719 0.0,0.0,0.0,0.0,0.0,0.03684210526315797
2026-09-30T01:45:54.770 0.0,0.0,0.0,0.0,0.0,0.03684210526315797
2026-09-30T01:45:54.819 0.0,0.0,0.0,0.0,0.0,0.03684210526315797
2026-09-30T01:45:54.869 0.0,0.0,0.0,0.0,0.0,0.03684210526315797
2026-09-30T01:45:54.919 0.0,0.0,0.0,0.0,0.0,0.03684210526315797
2026-09-30T01:45:54.969 0.0,0.0,0.0,0.0,0.0,0.03684210526315797
2026-09-30T01:45:55.019 0.0,0.0,0.0,0.0,0.0,0.03684210526315797
2026-09-30T01:45:55.069 0.0,0.0,0.0,0.0,0.0,0.03684210526315797
2026-09-30T01:45:55.119 0.0,0.0,0.0,0.0,0.0,0.03684210526315797
2026-09-30T01:45:55.169 0.0,0.0,0.0,0.0,0.0,0.03684210526315797
2026-09-30T01:45:55.219 0.0,0.0,0.0,0.0,0.0,0.03684210526315797
2026-09-30T01:45:55.269 0.0,0.0,0.0,0.0,0.0,0.03684210526315797
2026-09-30T01:45:55.319 0.0,0.0,0.0,0.0,0.0,0.03684210526315797
2026-09-30T01:45:55.369 0.0,0.0,0.0,0.0,0.0,0.03684210526315797
2026-09-30T01:45:55.419 0.0,0.0,0.0,0.0,0.0,0.03684210526315797
2026-09-30T01:45:55.469 0.0,0.0,0.0,0.0,0.0,0.03684210526315797
2026-09-30T01:45:55.519 0.0,0.0,0.0,0.0,0.0,0.03684210526315797
2026-09-30T01:45:55.579 0.0,0.0,0.0,0.0,0.0,0.03684210526315797
2026-09-30T01:45:55.619 0.0,0.0,0.0,0.0,0.0,0.03684210526315797
2026-09-30T01:45:55.669 0.0,0.0,0.0,0.0,0.0,0.03684210526315797
2026-09-30T01:45:55.719 0.0,0.0,0.0,0.0,0.0,0.03684210526315797
2026-09-30T01:45:55.769 0.0,0.0,0.0,0.0,0.0,0.03684210526315797
2026-09-30T01:45:55.819 0.0,0.0,0.0,0.0,0.0,0.03684210526315797
2026-09-30T01:45:55.869 0.0,0.0,0.0,0.0,0.0,0.03684210526315797
2026-09-30T01:45:55.919 0.0,0.0,0.0,0.0,0.0,0.03684210526315797
2026-09-30T01:45:55.969 0.0,0.0,0.0,0.0,0.0,0.03684210526315797
2026-09-30T01:45:56.019 0.0,0.0,0.0,0.0,0.0,0.03684210526315797
2026-09-30T01:45:56.069 0.0,0.0,0.0,0.0,0.0,0.03684210526315797
2026-09-30T01:45:56.119 0.0,0.0,0.0,0.0,0.0,0.03684210526315797
2026-09-30T01:45:56.169 0.0,0.0,0.0,0.0,0.0,0.03684210526315797
2026-09-30T01:45:56.219 0.0,0.0,0.0,0.0,0.0,0.03684210526315797
2026-09-30T01:45:56.269 0.0,0.0,0.0,0.0,0.0,0.03684210526315797
2026-09-30T01:45:56.319 0.0,0.0,0.0,0.0,0.0,0.03684210526315797
2026-09-30T01:45:56.369 0.0,0.0,0.0,0.0,0.0,0.03684210526315797
2026-09-30T01:45:56.419 0.0,0.0,0.0,0.0,0.0,0.03684210526315797
2026-09-30T01:45:56.469 0.0,0.0,0.0,0.0,0.0,0.03684210526315797
2026-09-30T01:45:56.519 0.0,0.0,0.0,0.0,0.0,0.03684210526315797
2026-09-30T01:45:56.579 0.0,0.0,0.0,0.0,0.0,0.03684210526315797
2026-09-30T01:45:56.619 0.0,0.0,0.0,0.0,0.0,0.03684210526315797
2026-09-30T01:45:56.669 0.0,0.0,0.0,0.0,0.0,0.03684210526315797
2026-09-30T01:45:56.719 0.0,0.0,0.0,0.0,0.0,0.03684210526315797
2026-09-30T01:45:56.769 0.0,0.0,0.0,0.0,0.0,0.03684210526315797
2026-09-30T01:45:56.819 0.0,0.0,0.0,0.0,0.0,0.03684210526315797
2026-09-30T01:45:56.869 0.0,0.0,0.0,0.0,0.0,0.03684210526315797
2026-09-30T01:45:56.919 0.0,0.0,0.0,0.0,0.0,0.03684210526315797
2026-09-30T01:45:56.969 0.0,0.0,0.0,0.0,0.0,0.03684210526315797
2026-09-30T01:45:57.019 0.0,0.0,0.0,0.0,0.0,0.03684210526315797
2026-09-30T01:45:57.069 0.0,0.0,0.0,0.0,0.0,0.03684210526315797
2026-09-30T01:45:57.119 0.0,0.0,0.0,0.0,0.0,0.03684210526315797
2026-09-30T01:45:57.179 0.0,0.0,0.0,0.0,0.0,0.03684210526315797
2026-09-30T01:45:57.219 0.0,0.0,0.0,0.0,0.0,0.03684210526315797
2026-09-30T01:45:57.279 0.0,0.0,0.0,0.0,0.0,0.03684210526315797
2026-09-30T01:45:57.320 0.0,0.0,0.0,0.0,0.0,0.03684210526315797
2026-09-30T01:45:57.379 0.0,0.0,0.0,0.0,0.0,0.03684210526315797
2026-09-30T01:45:57.419 0.0,0.0,0.0,0.0,0.0,0.03684210526315797
2026-09-30T01:45:57.469 0.0,0.0,0.0,0.0,0.0,0.03684210526315797
2026-09-30T01:45:57.519 0.0,0.0,0.0,0.0,0.0,0.03684210526315797
2026-09-30T01:45:57.569 0.0,0.0,0.0,0.0,0.0,0.03684210526315797
2026-09-30T01:45:57.619 0.0,0.0,0.0,0.0,0.0,0.03684210526315797
2026-09-30T01:45:57.669 0.0,0.0,0.0,0.0,0.0,0.03684210526315797
2026-09-30T01:45:57.719 0.0,0.0,0.0,0.0,0.0,0.03684210526315797
2026-09-30T01:45:57.769 0.0,0.0,0.0,0.0,0.0,0.03684210526315797
2026-09-30T01:45:57.819 0.0,0.0,0.0,0.0,0.0,0.03684210526315797
2026-09-30T01:45:57.869 0.0,0.0,0.0,0.0,0.0,0.03684210526315797
2026-09-30T01:45:57.919 0.0,0.0,0.0,0.0,0.0,0.03684210526315797
2026-09-30T01:45:57.969 0.0,0.0,0.0,0.0,0.0,0.03684210526315797
2026-09-30T01:45:58.019 0.0,0.0,0.0,0.0,0.0,0.03684210526315797
2026-09-30T01:45:58.069 0.0,0.0,0.0,0.0,0.0,0.03684210526315797
2026-09-30T01:45:58.119 0.0,0.0,0.0,0.0,0.0,0.03684210526315797
2026-09-30T01:45:58.169 0.0,0.0,0.0,0.0,0.0,0.03684210526315797
2026-09-30T01:45:58.221 0.0,0.0,0.0,0.0,0.0,0.03684210526315797
2026-09-30T01:45:58.269 0.0,0.0,0.0,0.0,0.0,0.03684210526315797
2026-09-30T01:45:58.319 0.0,0.0,0.0,0.0,0.0,0.03684210526315797
2026-09-30T01:45:58.369 0.0,0.0,0.0,0.0,0.0,0.03684210526315797
2026-09-30T01:45:58.419 0.0,0.0,0.0,0.0,0.0,0.03684210526315797
2026-09-30T01:45:58.469 0.0,0.0,0.0,0.0,0.0,0.03684210526315797
2026-09-30T01:45:58.519 0.0,0.0,0.0,0.0,0.0,0.03684210526315797
2026-09-30T01:45:58.569 0.0,0.0,0.0,0.0,0.0,0.03684210526315797
2026-09-30T01:45:58.619 0.0,0.0,0.0,0.0,0.0,0.03684210526315797
2026-09-30T01:45:59.531 0.0,0.0,0.0,0.0,0.0,0.03684210526315797
2026-09-30T01:45:59.581 0.0,0.0,0.0,0.0,0.0,0.03684210526315797
2026-09-30T01:46:00.832 0.0,0.0,0.0,0.0,0.0,0.03684210526315797
2026-09-30T01:46:00.870 0.0,0.0,0.0,0.0,0.0,0.03684210526315797
2026-09-30T01:46:00.919 0.0,0.0,0.0,0.0,0.0,0.03684210526315797
2026-09-30T01:46:00.970 0.0,0.0,0.0,0.0,0.0,0.03684210526315797
2026-09-30T01:46:01.020 0.0,0.0,0.0,0.0,0.0,0.03684210526315797
2026-09-30T01:46:01.070 0.0,0.0,0.0,0.0,0.0,0.03684210526315797
2026-09-30T01:46:01.119 0.0,0.0,0.0,0.0,0.0,0.03684210526315797
2026-09-30T01:46:01.170 0.0,0.0,0.0,0.0,0.0,0.03684210526315797
2026-09-30T01:46:01.220 0.0,0.0,0.0,0.0,0.0,0.03684210526315797
2026-09-30T01:46:01.270 0.0,0.0,0.0,0.0,0.0,0.03684210526315797
2026-09-30T01:46:01.320 0.0,0.0,0.0,0.0,0.0,0.03684210526315797
2026-09-30T01:46:01.370 0.0,0.0,0.0,0.0,0.0,0.03684210526315797
2026-09-30T01:46:01.420 0.0,0.0,0.0,0.0,0.0,0.03684210526315797
2026-09-30T01:46:01.480 0.0,0.0,0.0,0.0,0.0,0.03684210526315797
2026-09-30T01:46:01.531 0.0,0.0,0.0,0.0,0.0,0.03684210526315797
2026-09-30T01:46:01.570 0.0,0.0,0.0,0.0,0.0,0.03684210526315797
2026-09-30T01:46:01.620 0.0,0.0,0.0,0.0,0.0,0.03684210526315797
2026-09-30T01:46:01.670 0.0,0.0,0.0,0.0,0.0,0.03684210526315797
2026-09-30T01:46:01.720 0.0,0.0,0.0,0.0,0.0,0.03684210526315797
2026-09-30T01:46:01.770 0.0,0.0,0.0,0.0,0.0,0.03684210526315797
2026-09-30T01:46:01.820 0.0,0.0,0.0,0.0,0.0,0.03684210526315797
2026-09-30T01:46:01.870 0.0,0.0,0.0,0.0,0.0,0.03684210526315797
2026-09-30T01:46:01.920 0.0,0.0,0.0,0.0,0.0,0.03684210526315797
2026-09-30T01:46:01.970 0.0,0.0,0.0,0.0,0.0,0.03684210526315797
2026-09-30T01:46:02.020 0.0,0.0,0.0,0.0,0.0,0.03684210526315797
2026-09-30T01:46:02.070 0.0,0.0,0.0,0.0,0.0,0.03684210526315797
2026-09-30T01:46:02.120 0.0,0.0,0.0,0.0,0.0,0.03684210526315797
2026-09-30T01:46:02.170 0.0,0.0,0.0,0.0,0.0,0.03684210526315797
2026-09-30T01:46:02.220 0.0,0.0,0.0,0.0,0.0,0.03684210526315797
2026-09-30T01:46:02.270 0.0,0.0,0.0,0.0,0.0,0.03684210526315797
2026-09-30T01:46:02.320 0.0,0.0,0.0,0.0,0.0,0.03684210526315797
2026-09-30T01:46:02.370 0.0,0.0,0.0,0.0,0.0,0.03684210526315797
2026-09-30T01:46:02.420 0.0,0.0,0.0,0.0,0.0,0.03684210526315797
2026-09-30T01:46:02.470 0.0,0.0,0.0,0.0,0.0,0.03684210526315797
2026-09-30T01:46:02.520 0.0,0.0,0.0,0.0,0.0,0.03684210526315797
2026-09-30T01:46:02.570 0.0,0.0,0.0,0.0,0.0,0.03684210526315797
2026-09-30T01:46:02.620 0.0,0.0,0.0,0.0,0.0,0.03684210526315797
2026-09-30T01:46:02.670 0.0,0.0,0.0,0.0,0.0,0.03684210526315797
2026-09-30T01:46:02.721 0.0,0.0,0.0,0.0,0.0,0.03684210526315797
2026-09-30T01:46:02.770 0.0,0.0,0.0,0.0,0.0,0.03684210526315797
2026-09-30T01:46:02.819 0.0,0.0,0.0,0.0,0.0,0.03684210526315797
2026-09-30T01:46:02.870 0.0,0.0,0.0,0.0,0.0,0.03684210526315797
2026-09-30T01:46:02.919 0.0,0.0,0.0,0.0,0.0,0.03684210526315797
2026-09-30T01:46:02.970 0.0,0.0,0.0,0.0,0.0,0.03684210526315797
2026-09-30T01:46:03.019 0.0,0.0,0.0,0.0,0.0,0.03684210526315797
2026-09-30T01:46:03.070 0.0,0.0,0.0,0.0,0.0,0.03684210526315797
2026-09-30T01:46:03.120 0.0,0.0,0.0,0.0,0.0,0.03684210526315797
2026-09-30T01:46:03.170 0.0,0.0,0.0,0.0,0.0,0.03684210526315797
2026-09-30T01:46:03.219 0.0,0.0,0.0,0.0,0.0,0.03684210526315797
2026-09-30T01:46:03.270 0.0,0.0,0.0,0.0,0.0,0.03684210526315797
2026-09-30T01:46:03.320 0.0,0.0,0.0,0.0,0.0,0.03684210526315797
2026-09-30T01:46:03.370 0.0,0.0,0.0,0.0,0.0,0.03684210526315797
2026-09-30T01:46:03.419 0.0,0.0,0.0,0.0,0.0,0.03684210526315797
2026-09-30T01:46:03.470 0.0,0.0,0.0,0.0,0.0,0.03684210526315797
2026-09-30T01:46:03.520 0.0,0.0,0.0,0.0,0.0,0.03684210526315797
2026-09-30T01:46:03.570 0.0,0.0,0.0,0.0,0.0,0.03684210526315797
2026-09-30T01:46:03.620 0.0,0.0,0.0,0.0,0.0,0.03684210526315797
2026-09-30T01:46:03.670 0.0,0.0,0.0,0.0,0.0,0.03684210526315797
2026-09-30T01:46:03.720 0.0,0.0,0.0,0.0,0.0,0.03684210526315797
2026-09-30T01:46:03.770 0.0,0.0,0.0,0.0,0.0,0.03684210526315797
2026-09-30T01:46:03.820 0.0,0.0,0.0,0.0,0.0,0.03684210526315797
2026-09-30T01:46:03.869 0.0,0.0,0.0,0.0,0.0,0.03684210526315797
2026-09-30T01:46:03.920 0.0,0.0,0.0,0.0,0.0,0.03684210526315797
2026-09-30T01:46:03.970 0.0,0.0,0.0,0.0,0.0,0.03684210526315797
2026-09-30T01:46:04.020 0.0,0.0,0.0,0.0,0.0,0.03684210526315797
2026-09-30T01:46:04.070 0.0,0.0,0.0,0.0,0.0,0.03684210526315797
2026-09-30T01:46:04.119 0.0,0.0,0.0,0.0,0.0,0.03684210526315797
2026-09-30T01:46:04.170 0.0,0.0,0.0,0.0,0.0,0.03684210526315797
2026-09-30T01:46:04.220 0.0,0.0,0.0,0.0,0.0,0.03684210526315797
2026-09-30T01:46:04.270 0.0,0.0,0.0,0.0,0.0,0.03684210526315797
2026-09-30T01:46:04.330 0.0,0.0,0.0,0.0,0.0,0.03684210526315797
2026-09-30T01:46:04.370 0.0,0.0,0.0,0.0,0.0,0.03684210526315797
2026-09-30T01:46:04.420 0.0,0.0,0.0,0.0,0.0,0.03684210526315797
2026-09-30T01:46:04.470 0.0,0.0,0.0,0.0,0.0,0.03684210526315797
2026-09-30T01:46:04.520 0.0,0.0,0.0,0.0,0.0,0.03684210526315797
2026-09-30T01:46:04.570 0.0,0.0,0.0,0.0,0.0,0.03684210526315797
2026-09-30T01:46:04.620 0.0,0.0,0.0,0.0,0.0,0.03684210526315797
2026-09-30T01:46:04.670 0.0,0.0,0.0,0.0,0.0,0.03684210526315797
2026-09-30T01:46:04.720 0.0,0.0,0.0,0.0,0.0,0.03684210526315797
2026-09-30T01:46:04.770 0.0,0.0,0.0,0.0,0.0,0.03684210526315797
2026-09-30T01:46:04.820 0.0,0.0,0.0,0.0,0.0,0.03684210526315797
2026-09-30T01:46:04.880 0.0,0.0,0.0,0.0,0.0,0.03684210526315797
2026-09-30T01:46:04.920 0.0,0.0,0.0,0.0,0.0,0.03684210526315797
2026-09-30T01:46:04.970 0.0,0.0,0.0,0.0,0.0,0.03684210526315797
2026-09-30T01:46:05.020 0.0,0.0,0.0,0.0,0.0,0.03684210526315797
2026-09-30T01:46:05.072 0.0,0.0,0.0,0.0,0.0,0.03684210526315797
2026-09-30T01:46:05.119 0.0,0.0,0.0,0.0,0.0,0.03684210526315797
2026-09-30T01:46:05.170 0.0,0.0,0.0,0.0,0.0,0.03684210526315797
2026-09-30T01:46:05.219 0.0,0.0,0.0,0.0,0.0,0.03684210526315797
2026-09-30T01:46:05.270 0.0,0.0,0.0,0.0,0.0,0.03684210526315797
2026-09-30T01:46:05.320 0.0,0.0,0.0,0.0,0.0,0.03684210526315797
2026-09-30T01:46:05.370 0.0,0.0,0.0,0.0,0.0,0.03684210526315797
2026-09-30T01:46:05.420 0.0,0.0,0.0,0.0,0.0,0.03684210526315797
2026-09-30T01:46:05.470 0.0,0.0,0.0,0.0,0.0,0.03684210526315797
2026-09-30T01:46:05.520 0.0,0.0,0.0,0.0,0.0,0.03684210526315797
2026-09-30T01:46:05.570 0.0,0.0,0.0,0.0,0.0,0.03684210526315797
2026-09-30T01:46:05.619 0.0,0.0,0.0,0.0,0.0,0.03684210526315797
2026-09-30T01:46:05.669 0.0,0.0,0.0,0.0,0.0,0.03684210526315797
2026-09-30T01:46:05.721 0.0,0.0,0.0,0.0,0.0,0.03684210526315797
2026-09-30T01:46:05.770 0.0,0.0,0.0,0.0,0.0,0.03684210526315797
2026-09-30T01:46:05.820 0.0,0.0,0.0,0.0,0.0,0.03684210526315797
2026-09-30T01:46:05.870 0.0,0.0,0.0,0.0,0.0,0.03684210526315797
2026-09-30T01:46:05.920 0.0,0.0,0.0,0.0,0.0,0.03684210526315797
2026-09-30T01:46:05.970 0.0,0.0,0.0,0.0,0.0,0.03684210526315797
2026-09-30T01:46:06.019 0.0,0.0,0.0,0.0,0.0,0.03684210526315797
2026-09-30T01:46:06.070 0.0,0.0,0.0,0.0,0.0,0.03684210526315797
2026-09-30T01:46:06.120 0.0,0.0,0.0,0.0,0.0,0.03684210526315797
2026-09-30T01:46:06.170 0.0,0.0,0.0,0.0,0.0,0.03684210526315797
2026-09-30T01:46:06.220 0.0,0.0,0.0,0.0,0.0,0.03684210526315797
2026-09-30T01:46:06.270 0.0,0.0,0.0,0.0,0.0,0.03684210526315797
2026-09-30T01:46:06.320 0.0,0.0,0.0,0.0,0.0,0.03684210526315797
2026-09-30T01:46:06.370 0.0,0.0,0.0,0.0,0.0,0.03684210526315797
2026-09-30T01:46:06.421 0.0,0.0,0.0,0.0,0.0,0.03684210526315797
2026-09-30T01:46:06.470 0.0,0.0,0.0,0.0,0.0,0.03684210526315797
2026-09-30T01:46:06.519 0.0,0.0,0.0,0.0,0.0,0.03684210526315797
2026-09-30T01:46:06.570 0.0,0.0,0.0,0.0,0.0,0.03684210526315797
2026-09-30T01:46:06.619 0.0,0.0,0.0,0.0,0.0,0.03684210526315797
2026-09-30T01:46:06.669 0.0,0.0,0.0,0.0,0.0,0.03684210526315797
2026-09-30T01:46:06.720 0.0,0.0,0.0,0.0,0.0,0.03684210526315797
2026-09-30T01:46:06.769 0.0,0.0,0.0,0.0,0.0,0.03684210526315797
2026-09-30T01:46:06.820 0.0,0.0,0.0,0.0,0.0,0.03684210526315797
2026-09-30T01:46:06.870 0.0,0.0,0.0,0.0,0.0,0.03684210526315797
2026-09-30T01:46:06.920 0.0,0.0,0.0,0.0,0.0,0.03684210526315797
2026-09-30T01:46:06.972 0.0,0.0,0.0,0.0,0.0,0.03684210526315797
2026-09-30T01:46:07.020 0.0,0.0,0.0,0.0,0.0,0.03684210526315797
2026-09-30T01:46:07.070 0.0,0.0,0.0,0.0,0.0,0.03684210526315797
2026-09-30T01:46:07.120 0.0,0.0,0.0,0.0,0.0,0.03684210526315797
2026-09-30T01:46:07.170 0.0,0.0,0.0,0.0,0.0,0.03684210526315797
2026-09-30T01:46:07.220 0.0,0.0,0.0,0.0,0.0,0.03684210526315797
2026-09-30T01:46:07.270 0.0,0.0,0.0,0.0,0.0,0.03684210526315797
2026-09-30T01:46:07.320 0.0,0.0,0.0,0.0,0.0,0.03684210526315797
2026-09-30T01:46:07.370 0.0,0.0,0.0,0.0,0.0,0.03684210526315797
2026-09-30T01:46:07.420 0.0,0.0,0.0,0.0,0.0,0.03684210526315797
2026-09-30T01:46:07.470 0.0,0.0,0.0,0.0,0.0,0.03684210526315797
2026-09-30T01:46:07.520 0.0,0.0,0.0,0.0,0.0,0.03684210526315797
2026-09-30T01:46:07.570 0.0,0.0,0.0,0.0,0.0,0.03684210526315797
2026-09-30T01:46:07.620 0.0,0.0,0.0,0.0,0.0,0.03684210526315797
2026-09-30T01:46:07.669 0.0,0.0,0.0,0.0,0.0,0.03684210526315797
2026-09-30T01:46:07.720 0.0,0.0,0.0,0.0,0.0,0.03684210526315797
2026-09-30T01:46:07.770 0.0,0.0,0.0,0.0,0.0,0.03684210526315797
2026-09-30T01:46:07.819 0.0,0.0,0.0,0.0,0.0,0.03684210526315797
2026-09-30T01:46:07.870 0.0,0.0,0.0,0.0,0.0,0.03684210526315797
2026-09-30T01:46:07.920 0.0,0.0,0.0,0.0,0.0,0.03684210526315797
2026-09-30T01:46:07.970 0.0,0.0,0.0,0.0,0.0,0.03684210526315797
2026-09-30T01:46:08.020 0.0,0.0,0.0,0.0,0.0,0.03684210526315797
2026-09-30T01:46:08.070 0.0,0.0,0.0,0.0,0.0,0.03684210526315797
2026-09-30T01:46:08.120 0.0,0.0,0.0,0.0,0.0,0.03684210526315797
2026-09-30T01:46:08.170 0.0,0.0,0.0,0.0,0.0,0.03684210526315797
2026-09-30T01:46:08.220 0.0,0.0,0.0,0.0,0.0,0.03684210526315797
2026-09-30T01:46:08.270 0.0,0.0,0.0,0.0,0.0,0.03684210526315797
2026-09-30T01:46:08.320 0.0,0.0,0.0,0.0,0.0,0.03684210526315797
2026-09-30T01:46:08.370 0.0,0.0,0.0,0.0,0.0,0.03684210526315797
2026-09-30T01:46:08.419 0.0,0.0,0.0,0.0,0.0,0.03684210526315797
2026-09-30T01:46:08.470 0.0,0.0,0.0,0.0,0.0,0.03684210526315797
2026-09-30T01:46:08.520 0.0,0.0,0.0,0.0,0.0,0.03684210526315797
2026-09-30T01:46:08.570 0.0,0.0,0.0,0.0,0.0,0.03684210526315797
2026-09-30T01:46:08.620 0.0,0.0,0.0,0.0,0.0,0.03684210526315797
2026-09-30T01:46:08.670 0.0,0.0,0.0,0.0,0.0,0.03684210526315797
2026-09-30T01:46:08.719 0.0,0.0,0.0,0.0,0.0,0.03684210526315797
2026-09-30T01:46:08.769 0.0,0.0,0.0,0.0,0.0,0.03684210526315797
2026-09-30T01:46:08.819 0.0,0.0,0.0,0.0,0.0,0.03684210526315797
2026-09-30T01:46:08.869 0.0,0.0,0.0,0.0,0.0,0.03684210526315797
2026-09-30T01:46:08.919 0.0,0.0,0.0,0.0,0.0,0.03684210526315797
2026-09-30T01:46:08.970 0.0,0.0,0.0,0.0,0.0,0.03684210526315797
2026-09-30T01:46:09.019 0.0,0.0,0.0,0.0,0.0,0.03684210526315797
2026-09-30T01:46:09.070 0.0,0.0,0.0,0.0,0.0,0.03684210526315797
2026-09-30T01:46:09.120 0.0,0.0,0.0,0.0,0.0,0.03684210526315797
2026-09-30T01:46:09.170 0.0,0.0,0.0,0.0,0.0,0.03684210526315797
2026-09-30T01:46:09.220 0.0,0.0,0.0,0.0,0.0,0.03684210526315797
2026-09-30T01:46:09.270 0.0,0.0,0.0,0.0,0.0,0.03684210526315797
2026-09-30T01:46:09.320 0.0,0.0,0.0,0.0,0.0,0.03684210526315797
2026-09-30T01:46:09.370 0.0,0.0,0.0,0.0,0.0,0.03684210526315797
2026-09-30T01:46:09.420 0.0,0.0,0.0,0.0,0.0,0.03684210526315797
2026-09-30T01:46:09.470 0.0,0.0,0.0,0.0,0.0,0.03684210526315797
2026-09-30T01:46:09.519 0.0,0.0,0.0,0.0,0.0,0.03684210526315797
2026-09-30T01:46:09.573 0.0,0.0,0.0,0.0,0.0,0.03684210526315797
2026-09-30T01:46:09.620 0.0,0.0,0.0,0.0,0.0,0.03684210526315797
2026-09-30T01:46:09.670 0.0,0.0,0.0,0.0,0.0,0.03684210526315797
2026-09-30T01:46:09.720 0.0,0.0,0.0,0.0,0.0,0.03684210526315797
2026-09-30T01:46:09.780 0.0,0.0,0.0,0.0,0.0,0.03684210526315797
2026-09-30T01:46:09.820 0.0,0.0,0.0,0.0,0.0,0.03684210526315797
2026-09-30T01:46:09.880 0.0,0.0,0.0,0.0,0.0,0.03684210526315797
2026-09-30T01:46:09.920 0.0,0.0,0.0,0.0,0.0,0.03684210526315797
2026-09-30T01:46:09.970 0.0,0.0,0.0,0.0,0.0,0.03684210526315797
2026-09-30T01:46:10.019 0.0,0.0,0.0,0.0,0.0,0.03684210526315797
2026-09-30T01:46:10.070 0.0,0.0,0.0,0.0,0.0,0.03684210526315797
2026-09-30T01:46:10.120 0.0,0.0,0.0,0.0,0.0,0.03684210526315797
2026-09-30T01:46:10.169 0.0,0.0,0.0,0.0,0.0,0.03684210526315797
2026-09-30T01:46:10.220 0.0,0.0,0.0,0.0,0.0,0.03684210526315797
2026-09-30T01:46:10.270 0.0,0.0,0.0,0.0,0.0,0.03684210526315797
2026-09-30T01:46:10.320 0.0,0.0,0.0,0.0,0.0,0.03684210526315797
2026-09-30T01:46:10.370 0.0,0.0,0.0,0.0,0.0,0.03684210526315797
2026-09-30T01:46:10.419 0.0,0.0,0.0,0.0,0.0,0.03684210526315797
2026-09-30T01:46:10.470 0.0,0.0,0.0,0.0,0.0,0.03684210526315797
2026-09-30T01:46:10.520 0.0,0.0,0.0,0.0,0.0,0.03684210526315797
2026-09-30T01:46:10.570 0.0,0.0,0.0,0.0,0.0,0.03684210526315797
2026-09-30T01:46:10.619 0.0,0.0,0.0,0.0,0.0,0.03684210526315797
2026-09-30T01:46:10.669 0.0,0.0,0.0,0.0,0.0,0.03684210526315797
2026-09-30T01:46:10.720 0.0,0.0,0.0,0.0,0.0,0.03684210526315797
2026-09-30T01:46:10.769 0.0,0.0,0.0,0.0,0.0,0.03684210526315797
2026-09-30T01:46:10.819 0.0,0.0,0.0,0.0,0.0,0.03684210526315797
2026-09-30T01:46:10.870 0.0,0.0,0.0,0.0,0.0,0.03684210526315797
2026-09-30T01:46:10.920 0.0,0.0,0.0,0.0,0.0,0.03684210526315797
2026-09-30T01:46:10.970 0.0,0.0,0.0,0.0,0.0,0.03684210526315797
2026-09-30T01:46:11.019 0.0,0.0,0.0,0.0,0.0,0.03684210526315797
2026-09-30T01:46:11.070 0.0,0.0,0.0,0.0,0.0,0.03684210526315797
2026-09-30T01:46:11.120 0.0,0.0,0.0,0.0,0.0,0.03684210526315797
2026-09-30T01:46:11.170 0.0,0.0,0.0,0.0,0.0,0.03684210526315797
2026-09-30T01:46:11.220 0.0,0.0,0.0,0.0,0.0,0.03684210526315797
2026-09-30T01:46:11.269 0.0,0.0,0.0,0.0,0.0,0.03684210526315797
2026-09-30T01:46:11.319 0.0,0.0,0.0,0.0,0.0,0.03684210526315797
2026-09-30T01:46:11.370 0.0,0.0,0.0,0.0,0.0,0.03684210526315797
2026-09-30T01:46:11.419 0.0,0.0,0.0,0.0,0.0,0.03684210526315797
2026-09-30T01:46:11.470 0.0,0.0,0.0,0.0,0.0,0.03684210526315797
2026-09-30T01:46:11.519 0.0,0.0,0.0,0.0,0.0,0.03684210526315797
2026-09-30T01:46:11.570 0.0,0.0,0.0,0.0,0.0,0.03684210526315797
2026-09-30T01:46:11.620 0.0,0.0,0.0,0.0,0.0,0.03684210526315797
2026-09-30T01:46:11.670 0.0,0.0,0.0,0.0,0.0,0.03684210526315797
2026-09-30T01:46:11.720 0.0,0.0,0.0,0.0,0.0,0.03684210526315797
2026-09-30T01:46:11.770 0.0,0.0,0.0,0.0,0.0,0.03684210526315797
2026-09-30T01:46:11.819 0.0,0.0,0.0,0.0,0.0,0.03684210526315797
2026-09-30T01:46:11.870 0.0,0.0,0.0,0.0,0.0,0.03684210526315797
2026-09-30T01:46:11.920 0.0,0.0,0.0,0.0,0.0,0.03684210526315797
2026-09-30T01:46:11.970 0.0,0.0,0.0,0.0,0.0,0.03684210526315797
2026-09-30T01:46:12.020 0.0,0.0,0.0,0.0,0.0,0.0
2026-09-30T01:46:12.080 0.0,0.0,0.0,0.0,0.0,0.0
2026-09-30T01:46:12.120 0.0,0.0,0.0,0.0,0.0,0.03684210526315797
2026-09-30T01:46:12.169 0.0,0.0,0.0,0.0,0.0,0.03684210526315797
2026-09-30T01:46:12.220 0.0,0.0,0.0,0.0,0.0,0.03684210526315797
2026-09-30T01:46:12.269 0.0,0.0,0.0,0.0,0.0,0.03684210526315797
2026-09-30T01:46:12.330 0.0,0.0,0.0,0.0,0.0,0.03684210526315797
2026-09-30T01:46:12.370 0.0,0.0,0.0,0.0,0.0,0.03684210526315797
2026-09-30T01:46:12.420 0.0,0.0,0.0,0.0,0.0,0.03684210526315797
2026-09-30T01:46:12.469 0.0,0.0,0.0,0.0,0.0,0.03684210526315797
2026-09-30T01:46:12.520 0.0,0.0,0.0,0.0,0.0,0.03684210526315797
2026-09-30T01:46:12.570 0.0,0.0,0.0,0.0,0.0,0.03684210526315797
2026-09-30T01:46:12.619 0.0,0.0,0.0,0.0,0.0,0.03684210526315797
2026-09-30T01:46:12.670 0.0,0.0,0.0,0.0,0.0,0.03684210526315797
2026-09-30T01:46:12.720 0.0,0.0,0.0,0.0,0.0,0.03684210526315797
2026-09-30T01:46:12.770 0.0,0.0,0.0,0.0,0.0,0.03684210526315797
2026-09-30T01:46:12.820 0.0,0.0,0.0,0.0,0.0,0.03684210526315797
2026-09-30T01:46:12.870 0.0,0.0,0.0,0.0,0.0,0.03684210526315797
2026-09-30T01:46:12.920 0.0,0.0,0.0,0.0,0.0,0.03684210526315797
2026-09-30T01:46:12.970 0.0,0.0,0.0,0.0,0.0,0.03684210526315797
2026-09-30T01:46:13.020 0.0,0.0,0.0,0.0,0.0,0.03684210526315797
2026-09-30T01:46:13.069 0.0,0.0,0.0,0.0,0.0,0.03684210526315797
2026-09-30T01:46:13.119 0.0,0.0,0.0,0.0,0.0,0.03684210526315797
2026-09-30T01:46:13.170 0.0,0.0,0.0,0.0,0.0,0.03684210526315797
2026-09-30T01:46:13.219 0.0,0.0,0.0,0.0,0.0,0.03684210526315797
2026-09-30T01:46:13.270 0.0,0.0,0.0,0.0,0.0,0.03684210526315797
2026-09-30T01:46:13.320 0.0,0.0,0.0,0.0,0.0,0.03684210526315797
2026-09-30T01:46:13.370 0.0,0.0,0.0,0.0,0.0,0.03684210526315797
2026-09-30T01:46:13.419 0.0,0.0,0.0,0.0,0.0,0.03684210526315797
2026-09-30T01:46:13.470 0.0,0.0,0.0,0.0,0.0,0.03684210526315797
2026-09-30T01:46:13.519 0.0,0.0,0.0,0.0,0.0,0.03684210526315797
2026-09-30T01:46:13.570 0.0,0.0,0.0,0.0,0.0,0.03684210526315797
2026-09-30T01:46:13.620 0.0,0.0,0.0,0.0,0.0,0.03684210526315797
2026-09-30T01:46:13.670 0.0,0.0,0.0,0.0,0.0,0.03684210526315797
2026-09-30T01:46:13.719 0.0,0.0,0.0,0.0,0.0,0.03684210526315797
2026-09-30T01:46:13.769 0.0,0.0,0.0,0.0,0.0,0.03684210526315797
2026-09-30T01:46:13.819 0.0,0.0,0.0,0.0,0.0,0.03684210526315797
2026-09-30T01:46:13.870 0.0,0.0,0.0,0.0,0.0,0.03684210526315797
2026-09-30T01:46:13.920 0.0,0.0,0.0,0.0,0.0,0.03684210526315797
2026-09-30T01:46:13.980 0.0,0.0,0.0,0.0,0.0,0.03684210526315797
2026-09-30T01:46:14.019 0.0,0.0,0.0,0.0,0.0,0.03684210526315797
2026-09-30T01:46:14.070 0.0,0.0,0.0,0.0,0.0,0.03684210526315797
2026-09-30T01:46:14.119 0.0,0.0,0.0,0.0,0.0,0.03684210526315797
2026-09-30T01:46:14.169 0.0,0.0,0.0,0.0,0.0,0.03684210526315797
2026-09-30T01:46:14.220 0.0,0.0,0.0,0.0,0.0,0.03684210526315797
2026-09-30T01:46:14.270 0.0,0.0,0.0,0.0,0.0,0.03684210526315797
2026-09-30T01:46:14.319 0.0,0.0,0.0,0.0,0.0,0.03684210526315797
2026-09-30T01:46:14.369 0.0,0.0,0.0,0.0,0.0,0.03684210526315797
2026-09-30T01:46:14.420 0.0,0.0,0.0,0.0,0.0,0.03684210526315797
2026-09-30T01:46:14.470 0.0,0.0,0.0,0.0,0.0,0.03684210526315797
2026-09-30T01:46:14.520 0.0,0.0,0.0,0.0,0.0,0.03684210526315797
2026-09-30T01:46:14.570 0.0,0.0,0.0,0.0,0.0,0.03684210526315797
2026-09-30T01:46:14.620 0.0,0.0,0.0,0.0,0.0,0.03684210526315797
2026-09-30T01:46:14.670 0.0,0.0,0.0,0.0,0.0,0.03684210526315797
2026-09-30T01:46:14.719 0.0,0.0,0.0,0.0,0.0,0.03684210526315797
2026-09-30T01:46:14.770 0.0,0.0,0.0,0.0,0.0,0.03684210526315797
2026-09-30T01:46:14.820 0.0,0.0,0.0,0.0,0.0,0.03684210526315797
2026-09-30T01:46:14.870 0.0,0.0,0.0,0.0,0.0,0.03684210526315797
2026-09-30T01:46:14.921 0.0,0.0,0.0,0.0,0.0,0.03684210526315797
2026-09-30T01:46:14.970 0.0,0.0,0.0,0.0,0.0,0.03684210526315797
2026-09-30T01:46:15.020 0.0,0.0,0.0,0.0,0.0,0.03684210526315797
2026-09-30T01:46:15.070 0.0,0.0,0.0,0.0,0.0,0.03684210526315797
2026-09-30T01:46:15.120 0.0,0.0,0.0,0.0,0.0,0.03684210526315797
2026-09-30T01:46:15.170 0.0,0.0,0.0,0.0,0.0,0.03684210526315797
2026-09-30T01:46:15.220 0.0,0.0,0.0,0.0,0.0,0.03684210526315797
2026-09-30T01:46:15.270 0.0,0.0,0.0,0.0,0.0,0.03684210526315797
2026-09-30T01:46:15.321 0.0,0.0,0.0,0.0,0.0,0.03684210526315797
2026-09-30T01:46:15.370 0.0,0.0,0.0,0.0,0.0,0.03684210526315797
2026-09-30T01:46:15.420 0.0,0.0,0.0,0.0,0.0,0.03684210526315797
2026-09-30T01:46:15.469 0.0,0.0,0.0,0.0,0.0,0.03684210526315797
2026-09-30T01:46:15.519 0.0,0.0,0.0,0.0,0.0,0.03684210526315797
2026-09-30T01:46:15.570 0.0,0.0,0.0,0.0,0.0,0.03684210526315797
2026-09-30T01:46:15.619 0.0,0.0,0.0,0.0,0.0,0.03684210526315797
2026-09-30T01:46:15.670 0.0,0.0,0.0,0.0,0.0,0.03684210526315797
2026-09-30T01:46:15.720 0.0,0.0,0.0,0.0,0.0,0.03684210526315797
2026-09-30T01:46:15.770 0.0,0.0,0.0,0.0,0.0,0.03684210526315797
2026-09-30T01:46:15.820 0.0,0.0,0.0,0.0,0.0,0.03684210526315797
2026-09-30T01:46:15.870 0.0,0.0,0.0,0.0,0.0,0.03684210526315797
2026-09-30T01:46:15.920 0.0,0.0,0.0,0.0,0.0,0.03684210526315797
2026-09-30T01:46:15.970 0.0,0.0,0.0,0.0,0.0,0.03684210526315797
2026-09-30T01:46:16.019 0.0,0.0,0.0,0.0,0.0,0.03684210526315797
2026-09-30T01:46:16.070 0.0,0.0,0.0,0.0,0.0,0.03684210526315797
2026-09-30T01:46:16.119 0.0,0.0,0.0,0.0,0.0,0.03684210526315797
2026-09-30T01:46:16.169 0.0,0.0,0.0,0.0,0.0,0.03684210526315797
2026-09-30T01:46:16.219 0.0,0.0,0.0,0.0,0.0,0.03684210526315797
2026-09-30T01:46:16.270 0.0,0.0,0.0,0.0,0.0,0.03684210526315797
2026-09-30T01:46:16.320 0.0,0.0,0.0,0.0,0.0,0.03684210526315797
2026-09-30T01:46:16.370 0.0,0.0,0.0,0.0,0.0,0.03684210526315797
2026-09-30T01:46:16.419 0.0,0.0,0.0,0.0,0.0,0.03684210526315797
2026-09-30T01:46:16.470 0.0,0.0,0.0,0.0,0.0,0.03684210526315797
2026-09-30T01:46:16.519 0.0,0.0,0.0,0.0,0.0,0.03684210526315797
2026-09-30T01:46:16.570 0.0,0.0,0.0,0.0,0.0,0.03684210526315797
2026-09-30T01:46:16.620 0.0,0.0,0.0,0.0,0.0,0.03684210526315797
2026-09-30T01:46:16.670 0.0,0.0,0.0,0.0,0.0,0.03684210526315797
2026-09-30T01:46:16.720 0.0,0.0,0.0,0.0,0.0,0.03684210526315797
2026-09-30T01:46:16.770 0.0,0.0,0.0,0.0,0.0,0.03684210526315797
2026-09-30T01:46:16.819 0.0,0.0,0.0,0.0,0.0,0.03684210526315797
2026-09-30T01:46:16.870 0.0,0.0,0.0,0.0,0.0,0.03684210526315797
2026-09-30T01:46:16.920 0.0,0.0,0.0,0.0,0.0,0.03684210526315797
2026-09-30T01:46:16.971 0.0,0.0,0.0,0.0,0.0,0.03684210526315797
2026-09-30T01:46:17.020 0.0,0.0,0.0,0.0,0.0,0.03684210526315797
2026-09-30T01:46:17.070 0.0,0.0,0.0,0.0,0.0,0.03684210526315797
2026-09-30T01:46:17.119 0.0,0.0,0.0,0.0,0.0,0.03684210526315797
2026-09-30T01:46:17.180 0.0,0.0,0.0,0.0,0.0,0.03684210526315797
2026-09-30T01:46:17.220 0.0,0.0,0.0,0.0,0.0,0.03684210526315797
2026-09-30T01:46:17.269 0.0,0.0,0.0,0.0,0.0,0.03684210526315797
2026-09-30T01:46:17.320 0.0,0.0,0.0,0.0,0.0,0.03684210526315797
2026-09-30T01:46:17.370 0.0,0.0,0.0,0.0,0.0,0.03684210526315797
2026-09-30T01:46:17.420 0.0,0.0,0.0,0.0,0.0,0.03684210526315797
2026-09-30T01:46:17.470 0.0,0.0,0.0,0.0,0.0,0.03684210526315797
2026-09-30T01:46:17.519 0.0,0.0,0.0,0.0,0.0,0.03684210526315797
2026-09-30T01:46:17.569 0.0,0.0,0.0,0.0,0.0,0.03684210526315797
2026-09-30T01:46:17.620 0.0,0.0,0.0,0.0,0.0,0.03684210526315797
2026-09-30T01:46:17.669 0.0,0.0,0.0,0.0,0.0,0.03684210526315797
2026-09-30T01:46:17.721 0.0,0.0,0.0,0.0,0.0,0.03684210526315797
2026-09-30T01:46:17.770 0.0,0.0,0.0,0.0,0.0,0.03684210526315797
2026-09-30T01:46:17.830 0.0,0.0,0.0,0.0,0.0,0.03684210526315797
2026-09-30T01:46:17.870 0.0,0.0,0.0,0.0,0.0,0.03684210526315797
2026-09-30T01:46:17.919 0.0,0.0,0.0,0.0,0.0,0.03684210526315797
2026-09-30T01:46:17.970 0.0,0.0,0.0,0.0,0.0,0.03684210526315797
2026-09-30T01:46:18.019 0.0,0.0,0.0,0.0,0.0,0.03684210526315797
2026-09-30T01:46:18.071 0.0,0.0,0.0,0.0,0.0,0.03684210526315797
2026-09-30T01:46:18.119 0.0,0.0,0.0,0.0,0.0,0.03684210526315797
2026-09-30T01:46:18.169 0.0,0.0,0.0,0.0,0.0,0.03684210526315797
2026-09-30T01:46:18.220 0.0,0.0,0.0,0.0,0.0,0.03684210526315797
2026-09-30T01:46:18.270 0.0,0.0,0.0,0.0,0.0,0.03684210526315797
2026-09-30T01:46:18.321 0.0,0.0,0.0,0.0,0.0,0.03684210526315797
2026-09-30T01:46:18.370 0.0,0.0,0.0,0.0,0.0,0.03684210526315797
2026-09-30T01:46:18.419 0.0,0.0,0.0,0.0,0.0,0.03684210526315797
2026-09-30T01:46:18.470 0.0,0.0,0.0,0.0,0.0,0.03684210526315797
2026-09-30T01:46:18.530 0.0,0.0,0.0,0.0,0.0,0.03684210526315797
2026-09-30T01:46:18.570 0.0,0.0,0.0,0.0,0.0,0.03684210526315797
2026-09-30T01:46:18.619 0.0,0.0,0.0,0.0,0.0,0.03684210526315797
2026-09-30T01:46:18.669 0.0,0.0,0.0,0.0,0.0,0.03684210526315797
2026-09-30T01:46:18.720 0.0,0.0,0.0,0.0,0.0,0.03684210526315797
2026-09-30T01:46:18.770 0.0,0.0,0.0,0.0,0.0,0.03684210526315797
2026-09-30T01:46:18.819 0.0,0.0,0.0,0.0,0.0,0.03684210526315797
2026-09-30T01:46:18.870 0.0,0.0,0.0,0.0,0.0,0.03684210526315797
2026-09-30T01:46:18.919 0.0,0.0,0.0,0.0,0.0,0.03684210526315797
2026-09-30T01:46:18.970 0.0,0.0,0.0,0.0,0.0,0.03684210526315797
2026-09-30T01:46:19.019 0.0,0.0,0.0,0.0,0.0,0.03684210526315797
2026-09-30T01:46:19.070 0.0,0.0,0.0,0.0,0.0,0.03684210526315797
2026-09-30T01:46:19.120 0.0,0.0,0.0,0.0,0.0,0.03684210526315797
2026-09-30T01:46:19.170 0.0,0.0,0.0,0.0,0.0,0.03684210526315797
2026-09-30T01:46:19.219 0.0,0.0,0.0,0.0,0.0,0.03684210526315797
2026-09-30T01:46:19.271 0.0,0.0,0.0,0.0,0.0,0.03684210526315797
2026-09-30T01:46:19.320 0.0,0.0,0.0,0.0,0.0,0.03684210526315797
2026-09-30T01:46:19.370 0.0,0.0,0.0,0.0,0.0,0.03684210526315797
2026-09-30T01:46:19.419 0.0,0.0,0.0,0.0,0.0,0.03684210526315797
2026-09-30T01:46:19.470 0.0,0.0,0.0,0.0,0.0,0.03684210526315797
2026-09-30T01:46:19.520 0.0,0.0,0.0,0.0,0.0,0.03684210526315797
2026-09-30T01:46:19.570 0.0,0.0,0.0,0.0,0.0,0.03684210526315797
2026-09-30T01:46:19.620 0.0,0.0,0.0,0.0,0.0,0.03684210526315797
2026-09-30T01:46:19.669 0.0,0.0,0.0,0.0,0.0,0.03684210526315797
2026-09-30T01:46:19.720 0.0,0.0,0.0,0.0,0.0,0.03684210526315797
2026-09-30T01:46:19.769 0.0,0.0,0.0,0.0,0.0,0.03684210526315797
2026-09-30T01:46:19.819 0.0,0.0,0.0,0.0,0.0,0.03684210526315797
2026-09-30T01:46:19.872 0.0,0.0,0.0,0.0,0.0,0.03684210526315797
2026-09-30T01:46:19.919 0.0,0.0,0.0,0.0,0.0,0.03684210526315797
2026-09-30T01:46:19.970 0.0,0.0,0.0,0.0,0.0,0.03684210526315797
2026-09-30T01:46:20.019 0.0,0.0,0.0,0.0,0.0,0.03684210526315797
2026-09-30T01:46:20.069 0.0,0.0,0.0,0.0,0.0,0.03684210526315797
2026-09-30T01:46:20.120 0.0,0.0,0.0,0.0,0.0,0.03684210526315797
2026-09-30T01:46:20.170 0.0,0.0,0.0,0.0,0.0,0.03684210526315797
2026-09-30T01:46:20.219 0.0,0.0,0.0,0.0,0.0,0.03684210526315797
2026-09-30T01:46:20.270 0.0,0.0,0.0,0.0,0.0,0.03684210526315797
2026-09-30T01:46:20.320 0.0,0.0,0.0,0.0,0.0,0.03684210526315797
2026-09-30T01:46:20.370 0.0,0.0,0.0,0.0,0.0,0.03684210526315797
2026-09-30T01:46:20.420 0.0,0.0,0.0,0.0,0.0,0.03684210526315797
2026-09-30T01:46:20.470 0.0,0.0,0.0,0.0,0.0,0.03684210526315797
2026-09-30T01:46:20.519 0.0,0.0,0.0,0.0,0.0,0.03684210526315797
2026-09-30T01:46:20.580 0.0,0.0,0.0,0.0,0.0,0.03684210526315797
2026-09-30T01:46:20.619 0.0,0.0,0.0,0.0,0.0,0.03684210526315797
2026-09-30T01:46:20.669 0.0,0.0,0.0,0.0,0.0,0.03684210526315797
2026-09-30T01:46:20.730 0.0,0.0,0.0,0.0,0.0,0.03684210526315797
2026-09-30T01:46:20.770 0.0,0.0,0.0,0.0,0.0,0.03684210526315797
2026-09-30T01:46:20.819 0.0,0.0,0.0,0.0,0.0,0.03684210526315797
2026-09-30T01:46:20.869 0.0,0.0,0.0,0.0,0.0,0.03684210526315797
2026-09-30T01:46:20.919 0.0,0.0,0.0,0.0,0.0,0.03684210526315797
2026-09-30T01:46:20.969 0.0,0.0,0.0,0.0,0.0,0.03684210526315797
2026-09-30T01:46:21.020 0.0,0.0,0.0,0.0,0.0,0.03684210526315797
2026-09-30T01:46:21.070 0.0,0.0,0.0,0.0,0.0,0.03684210526315797
2026-09-30T01:46:21.119 0.0,0.0,0.0,0.0,0.0,0.03684210526315797
2026-09-30T01:46:21.170 0.0,0.0,0.0,0.0,0.0,0.03684210526315797
2026-09-30T01:46:21.219 0.0,0.0,0.0,0.0,0.0,0.03684210526315797
2026-09-30T01:46:21.270 0.0,0.0,0.0,0.0,0.0,0.03684210526315797
2026-09-30T01:46:21.320 0.0,0.0,0.0,0.0,0.0,0.03684210526315797
2026-09-30T01:46:21.370 0.0,0.0,0.0,0.0,0.0,0.03684210526315797
2026-09-30T01:46:21.420 0.0,0.0,0.0,0.0,0.0,0.03684210526315797
2026-09-30T01:46:21.469 0.0,0.0,0.0,0.0,0.0,0.03684210526315797
2026-09-30T01:46:21.520 0.0,0.0,0.0,0.0,0.0,0.03684210526315797
2026-09-30T01:46:21.570 0.0,0.0,0.0,0.0,0.0,0.03684210526315797
2026-09-30T01:46:21.619 0.0,0.0,0.0,0.0,0.0,0.03684210526315797
2026-09-30T01:46:21.670 0.0,0.0,0.0,0.0,0.0,0.03684210526315797
2026-09-30T01:46:21.719 0.0,0.0,0.0,0.0,0.0,0.03684210526315797
2026-09-30T01:46:21.769 0.0,0.0,0.0,0.0,0.0,0.03684210526315797
2026-09-30T01:46:21.820 0.0,0.0,0.0,0.0,0.0,0.03684210526315797
2026-09-30T01:46:21.870 0.0,0.0,0.0,0.0,0.0,0.03684210526315797
2026-09-30T01:46:21.920 0.0,0.0,0.0,0.0,0.0,0.03684210526315797
2026-09-30T01:46:21.970 0.0,0.0,0.0,0.0,0.0,0.03684210526315797
2026-09-30T01:46:22.019 0.0,0.0,0.0,0.0,0.0,0.03684210526315797
2026-09-30T01:46:22.070 0.0,0.0,0.0,0.0,0.0,0.03684210526315797
2026-09-30T01:46:22.120 0.0,0.0,0.0,0.0,0.0,0.03684210526315797
2026-09-30T01:46:22.170 0.0,0.0,0.0,0.0,0.0,0.03684210526315797
2026-09-30T01:46:22.220 0.0,0.0,0.0,0.0,0.0,0.03684210526315797
2026-09-30T01:46:22.270 0.0,0.0,0.0,0.0,0.0,0.03684210526315797
2026-09-30T01:46:22.320 0.0,0.0,0.0,0.0,0.0,0.03684210526315797
2026-09-30T01:46:22.370 0.0,0.0,0.0,0.0,0.0,0.03684210526315797
2026-09-30T01:46:22.420 0.0,0.0,0.0,0.0,0.0,0.03684210526315797
2026-09-30T01:46:22.470 0.0,0.0,0.0,0.0,0.0,0.03684210526315797
2026-09-30T01:46:22.530 0.0,0.0,0.0,0.0,0.0,0.03684210526315797
2026-09-30T01:46:22.570 0.0,0.0,0.0,0.0,0.0,0.03684210526315797
2026-09-30T01:46:22.620 0.0,0.0,0.0,0.0,0.0,0.03684210526315797
2026-09-30T01:46:22.670 0.0,0.0,0.0,0.0,0.0,0.03684210526315797
2026-09-30T01:46:22.720 0.0,0.0,0.0,0.0,0.0,0.03684210526315797
2026-09-30T01:46:22.770 0.0,0.0,0.0,0.0,0.0,0.03684210526315797
2026-09-30T01:46:22.820 0.0,0.0,0.0,0.0,0.0,0.03684210526315797
2026-09-30T01:46:22.870 0.0,0.0,0.0,0.0,0.0,0.03684210526315797
2026-09-30T01:46:22.920 0.0,0.0,0.0,0.0,0.0,0.03684210526315797
2026-09-30T01:46:22.970 0.0,0.0,0.0,0.0,0.0,0.03684210526315797
2026-09-30T01:46:23.020 0.0,0.0,0.0,0.0,0.0,0.03684210526315797
2026-09-30T01:46:23.069 0.0,0.0,0.0,0.0,0.0,0.03684210526315797
2026-09-30T01:46:23.120 0.0,0.0,0.0,0.0,0.0,0.03684210526315797
2026-09-30T01:46:23.170 0.0,0.0,0.0,0.0,0.0,0.03684210526315797
2026-09-30T01:46:23.219 0.0,0.0,0.0,0.0,0.0,0.03684210526315797
2026-09-30T01:46:23.270 0.0,0.0,0.0,0.0,0.0,0.03684210526315797
2026-09-30T01:46:23.319 0.0,0.0,0.0,0.0,0.0,0.03684210526315797
2026-09-30T01:46:23.370 0.0,0.0,0.0,0.0,0.0,0.03684210526315797
2026-09-30T01:46:23.420 0.0,0.0,0.0,0.0,0.0,0.03684210526315797
2026-09-30T01:46:23.470 0.0,0.0,0.0,0.0,0.0,0.03684210526315797
2026-09-30T01:46:23.520 0.0,0.0,0.0,0.0,0.0,0.03684210526315797
2026-09-30T01:46:23.570 0.0,0.0,0.0,0.0,0.0,0.03684210526315797
2026-09-30T01:46:23.620 0.0,0.0,0.0,0.0,0.0,0.03684210526315797
2026-09-30T01:46:23.670 0.0,0.0,0.0,0.0,0.0,0.03684210526315797
2026-09-30T01:46:23.720 0.0,0.0,0.0,0.0,0.0,0.03684210526315797
2026-09-30T01:46:23.770 0.0,0.0,0.0,0.0,0.0,0.03684210526315797
2026-09-30T01:46:23.820 0.0,0.0,0.0,0.0,0.0,0.03684210526315797
2026-09-30T01:46:23.869 0.0,0.0,0.0,0.0,0.0,0.03684210526315797
2026-09-30T01:46:23.920 0.0,0.0,0.0,0.0,0.0,0.03684210526315797
2026-09-30T01:46:23.970 0.0,0.0,0.0,0.0,0.0,0.03684210526315797
2026-09-30T01:46:24.019 0.0,0.0,0.0,0.0,0.0,0.03684210526315797
2026-09-30T01:46:24.069 0.0,0.0,0.0,0.0,0.0,0.11052631578947375
2026-09-30T01:46:24.120 0.0,0.0,0.0,0.0,0.0,0.11052631578947375
2026-09-30T01:46:24.169 0.0,0.0,0.0,0.0,0.0,0.11052631578947375
2026-09-30T01:46:24.219 0.0,0.0,0.0,0.0,0.0,0.11052631578947375
2026-09-30T01:46:24.280 0.0,0.0,0.0,0.0,0.0,0.11052631578947375
2026-09-30T01:46:24.320 0.0,0.0,0.0,0.0,0.0,0.11052631578947375
2026-09-30T01:46:24.369 0.0,0.0,0.0,0.0,0.0,0.11052631578947375
2026-09-30T01:46:24.420 0.0,0.0,0.0,0.0,0.0,0.11052631578947375
2026-09-30T01:46:24.470 0.0,0.0,0.0,0.0,0.0,0.11052631578947375
2026-09-30T01:46:24.520 0.0,0.0,0.0,0.0,0.0,0.11052631578947375
2026-09-30T01:46:24.569 0.0,0.0,0.0,0.0,0.0,0.11052631578947375
2026-09-30T01:46:24.620 0.0,0.0,0.0,0.0,0.0,0.11052631578947375
2026-09-30T01:46:24.669 0.0,0.0,0.0,0.0,0.0,0.11052631578947375
2026-09-30T01:46:24.720 0.0,0.0,0.0,0.0,0.0,0.11052631578947375
2026-09-30T01:46:24.769 0.0,0.0,0.0,0.0,0.0,0.11052631578947375
2026-09-30T01:46:24.820 0.0,0.0,0.0,0.0,0.0,0.11052631578947375
2026-09-30T01:46:24.869 0.0,0.0,0.0,0.0,0.0,0.11052631578947375
2026-09-30T01:46:24.921 0.0,0.0,0.0,0.0,0.0,0.11052631578947375
2026-09-30T01:46:24.969 0.0,0.0,0.0,0.0,0.0,0.11052631578947375
2026-09-30T01:46:25.019 0.0,0.0,0.0,0.0,0.0,0.11052631578947375
2026-09-30T01:46:25.070 0.0,0.0,0.0,0.0,0.0,0.11052631578947375
2026-09-30T01:46:25.130 0.0,0.0,0.0,0.0,0.0,0.11052631578947375
2026-09-30T01:46:25.170 0.0,0.0,0.0,0.0,0.0,0.11052631578947375
2026-09-30T01:46:25.219 0.0,0.0,0.0,0.0,0.0,0.11052631578947375
2026-09-30T01:46:25.270 0.0,0.0,0.0,0.0,0.0,0.11052631578947375
2026-09-30T01:46:25.319 0.0,0.0,0.0,0.0,0.0,0.11052631578947375
2026-09-30T01:46:25.369 0.0,0.0,0.0,0.0,0.0,0.11052631578947375
2026-09-30T01:46:25.420 0.0,0.0,0.0,0.0,0.0,0.11052631578947375
2026-09-30T01:46:25.470 0.0,0.0,0.0,0.0,0.0,0.11052631578947375
2026-09-30T01:46:25.520 0.0,0.0,0.0,0.0,0.0,0.11052631578947375
2026-09-30T01:46:25.569 0.0,0.0,0.0,0.0,0.0,0.11052631578947375
2026-09-30T01:46:25.619 0.0,0.0,0.0,0.0,0.0,0.11052631578947375
2026-09-30T01:46:25.670 0.0,0.0,0.0,0.0,0.0,0.11052631578947375
2026-09-30T01:46:25.719 0.0,0.0,0.0,0.0,0.0,0.11052631578947375
2026-09-30T01:46:25.770 0.0,0.0,0.0,0.0,0.0,0.11052631578947375
2026-09-30T01:46:25.820 0.0,0.0,0.0,0.0,0.0,0.11052631578947375
2026-09-30T01:46:25.870 0.0,0.0,0.0,0.0,0.0,0.11052631578947375
2026-09-30T01:46:25.919 0.0,0.0,0.0,0.0,0.0,0.11052631578947375
2026-09-30T01:46:25.969 0.0,0.0,0.0,0.0,0.0,0.11052631578947375
2026-09-30T01:46:26.020 0.0,0.0,0.0,0.0,0.0,0.11052631578947375
2026-09-30T01:46:26.069 0.0,0.0,0.0,0.0,0.0,0.11052631578947375
2026-09-30T01:46:26.120 0.0,0.0,0.0,0.0,0.0,0.11052631578947375
2026-09-30T01:46:26.170 0.0,0.0,0.0,0.0,0.0,0.11052631578947375
2026-09-30T01:46:26.219 0.0,0.0,0.0,0.0,0.0,0.11052631578947375
2026-09-30T01:46:26.270 0.0,0.0,0.0,0.0,0.0,0.11052631578947375
2026-09-30T01:46:26.319 0.0,0.0,0.0,0.0,0.0,0.11052631578947375
2026-09-30T01:46:26.369 0.0,0.0,0.0,0.0,0.0,0.11052631578947375
2026-09-30T01:46:26.420 0.0,0.0,0.0,0.0,0.0,0.11052631578947375
2026-09-30T01:46:26.471 0.0,0.0,0.0,0.0,0.0,0.11052631578947375
2026-09-30T01:46:26.530 0.0,0.0,0.0,0.0,0.0,0.11052631578947375
2026-09-30T01:46:26.570 0.0,0.0,0.0,0.0,0.0,0.11052631578947375
2026-09-30T01:46:26.620 0.0,0.0,0.0,0.0,0.0,0.11052631578947375
2026-09-30T01:46:26.670 0.0,0.0,0.0,0.0,0.0,0.11052631578947375
2026-09-30T01:46:26.720 0.0,0.0,0.0,0.0,0.0,0.11052631578947375
2026-09-30T01:46:26.769 0.0,0.0,0.0,0.0,0.0,0.11052631578947375
2026-09-30T01:46:26.821 0.0,0.0,0.0,0.0,0.0,0.11052631578947375
2026-09-30T01:46:26.870 0.0,0.0,0.0,0.0,0.0,0.11052631578947375
2026-09-30T01:46:26.919 0.0,0.0,0.0,0.0,0.0,0.11052631578947375
2026-09-30T01:46:26.970 0.0,0.0,0.0,0.0,0.0,0.11052631578947375
2026-09-30T01:46:27.019 0.0,0.0,0.0,0.0,0.0,0.18421052631578955
2026-09-30T01:46:27.070 0.0,0.0,0.0,0.0,0.0,0.18421052631578955
2026-09-30T01:46:27.119 0.0,0.0,0.0,0.0,0.0,0.18421052631578955
2026-09-30T01:46:27.170 0.0,0.0,0.0,0.0,0.0,0.18421052631578955
2026-09-30T01:46:27.219 0.0,0.0,0.0,0.0,0.0,0.18421052631578955
2026-09-30T01:46:27.270 0.0,0.0,0.0,0.0,0.0,0.18421052631578955
2026-09-30T01:46:27.320 0.0,0.0,0.0,0.0,0.0,0.18421052631578955
2026-09-30T01:46:27.370 0.0,0.0,0.0,0.0,0.0,0.18421052631578955
2026-09-30T01:46:27.420 0.0,0.0,0.0,0.0,0.0,0.18421052631578955
2026-09-30T01:46:27.470 0.0,0.0,0.0,0.0,0.0,0.18421052631578955
2026-09-30T01:46:27.519 0.0,0.0,0.0,0.0,0.0,0.18421052631578955
2026-09-30T01:46:27.570 0.0,0.0,0.0,0.0,0.0,0.18421052631578955
2026-09-30T01:46:27.620 0.0,0.0,0.0,0.0,0.0,0.18421052631578955
2026-09-30T01:46:27.669 0.0,0.0,0.0,0.0,0.0,0.18421052631578955
2026-09-30T01:46:27.720 0.0,0.0,0.0,0.0,0.0,0.18421052631578955
2026-09-30T01:46:27.770 0.0,0.0,0.0,0.0,0.0,0.18421052631578955
2026-09-30T01:46:27.820 0.0,0.0,0.0,0.0,0.0,0.18421052631578955
2026-09-30T01:46:27.870 0.0,0.0,0.0,0.0,0.0,0.18421052631578955
2026-09-30T01:46:27.920 0.0,0.0,0.0,0.0,0.0,0.18421052631578955
2026-09-30T01:46:27.970 0.0,0.0,0.0,0.0,0.0,0.18421052631578955
2026-09-30T01:46:28.020 0.0,0.0,0.0,0.0,0.0,0.18421052631578955
2026-09-30T01:46:28.080 0.0,0.0,0.0,0.0,0.0,0.18421052631578955
2026-09-30T01:46:28.120 0.0,0.0,0.0,0.0,0.0,0.18421052631578955
2026-09-30T01:46:28.169 0.0,0.0,0.0,0.0,0.0,0.18421052631578955
2026-09-30T01:46:28.220 0.0,0.0,0.0,0.0,0.0,0.18421052631578955
2026-09-30T01:46:28.270 0.0,0.0,0.0,0.0,0.0,0.18421052631578955
2026-09-30T01:46:28.320 0.0,0.0,0.0,0.0,0.0,0.18421052631578955
2026-09-30T01:46:28.372 0.0,0.0,0.0,0.0,0.0,0.18421052631578955
2026-09-30T01:46:28.419 0.0,0.0,0.0,0.0,0.0,0.18421052631578955
2026-09-30T01:46:28.470 0.0,0.0,0.0,0.0,0.0,0.18421052631578955
2026-09-30T01:46:28.530 0.0,0.0,0.0,0.0,0.0,0.18421052631578955
2026-09-30T01:46:28.569 0.0,0.0,0.0,0.0,0.0,0.18421052631578955
2026-09-30T01:46:28.619 0.0,0.0,0.0,0.0,0.0,0.18421052631578955
2026-09-30T01:46:28.670 0.0,0.0,0.0,0.0,0.0,0.18421052631578955
2026-09-30T01:46:28.720 0.0,0.0,0.0,0.0,0.0,0.18421052631578955
2026-09-30T01:46:28.770 0.0,0.0,0.0,0.0,0.0,0.18421052631578955
2026-09-30T01:46:28.820 0.0,0.0,0.0,0.0,0.0,0.18421052631578955
2026-09-30T01:46:28.870 0.0,0.0,0.0,0.0,0.0,0.18421052631578955
2026-09-30T01:46:28.920 0.0,0.0,0.0,0.0,0.0,0.18421052631578955
2026-09-30T01:46:28.970 0.0,0.0,0.0,0.0,0.0,0.18421052631578955
2026-09-30T01:46:29.020 0.0,0.0,0.0,0.0,0.0,0.18421052631578955
2026-09-30T01:46:29.069 0.0,0.0,0.0,0.0,0.0,0.18421052631578955
2026-09-30T01:46:29.120 0.0,0.0,0.0,0.0,0.0,0.18421052631578955
2026-09-30T01:46:29.170 0.0,0.0,0.0,0.0,0.0,0.18421052631578955
2026-09-30T01:46:29.230 0.0,0.0,0.0,0.0,0.0,0.18421052631578955
2026-09-30T01:46:29.270 0.0,0.0,0.0,0.0,0.0,0.18421052631578955
2026-09-30T01:46:29.330 0.0,0.0,0.0,0.0,0.0,0.18421052631578955
2026-09-30T01:46:29.370 0.0,0.0,0.0,0.0,0.0,0.18421052631578955
2026-09-30T01:46:29.420 0.0,0.0,0.0,0.0,0.0,0.18421052631578955
2026-09-30T01:46:29.481 0.0,0.0,0.0,0.0,0.0,0.18421052631578955
2026-09-30T01:46:29.519 0.0,0.0,0.0,0.0,0.0,0.18421052631578955
2026-09-30T01:46:29.570 0.0,0.0,0.0,0.0,0.0,0.18421052631578955
2026-09-30T01:46:29.620 0.0,0.0,0.0,0.0,0.0,0.18421052631578955
2026-09-30T01:46:29.670 0.0,0.0,0.0,0.0,0.0,0.18421052631578955
2026-09-30T01:46:29.719 0.0,0.0,0.0,0.0,0.0,0.18421052631578955
2026-09-30T01:46:29.770 0.0,0.0,0.0,0.0,0.0,0.18421052631578955
2026-09-30T01:46:29.820 0.0,0.0,0.0,0.0,0.0,0.18421052631578955
2026-09-30T01:46:29.880 0.0,0.0,0.0,0.0,0.0,0.25789473684210534
2026-09-30T01:46:29.920 0.0,0.0,0.0,0.0,0.0,0.25789473684210534
2026-09-30T01:46:29.969 0.0,0.0,0.0,0.0,0.0,0.25789473684210534
2026-09-30T01:46:30.020 0.0,0.0,0.0,0.0,0.0,0.25789473684210534
2026-09-30T01:46:30.070 0.0,0.0,0.0,0.0,0.0,0.25789473684210534
2026-09-30T01:46:30.119 0.0,0.0,0.0,0.0,0.0,0.25789473684210534
2026-09-30T01:46:30.169 0.0,0.0,0.0,0.0,0.0,0.4178947368421053
2026-09-30T01:46:30.220 0.0,0.0,0.0,0.0,0.0,0.5778947368421053
2026-09-30T01:46:30.270 0.0,0.0,0.0,0.0,0.0,0.7
2026-09-30T01:46:30.320 0.0,0.0,0.0,0.0,0.0,0.7
2026-09-30T01:46:30.370 0.0,0.0,0.0,0.0,0.0,0.7
2026-09-30T01:46:30.422 0.0,0.0,0.0,0.0,0.0,0.7
2026-09-30T01:46:30.470 0.0,0.0,0.0,0.0,0.0,0.7
2026-09-30T01:46:30.520 0.0,0.0,0.0,0.0,0.0,0.7
2026-09-30T01:46:30.570 0.0,0.0,0.0,0.0,0.0,0.7
2026-09-30T01:46:30.620 0.0,0.0,0.0,0.0,0.0,0.7
2026-09-30T01:46:30.669 0.0,0.0,0.0,0.0,0.0,0.7
2026-09-30T01:46:31.551 0.0,0.0,0.0,0.0,0.0,0.7
2026-09-30T01:46:31.600 0.0,0.0,0.0,0.0,0.0,0.7
2026-09-30T01:46:32.837 0.0,0.0,0.0,0.0,0.0,0.6263157894736843
2026-09-30T01:46:32.887 0.0,0.0,0.0,0.0,0.0,0.46631578947368424
2026-09-30T01:46:32.948 0.0,0.0,0.0,0.0,0.0,0.3063157894736842
2026-09-30T01:46:32.987 0.0,0.0,0.0,0.0,0.0,0.18421052631578955
2026-09-30T01:46:33.048 0.0,0.0,0.0,0.0,0.0,0.18421052631578955
2026-09-30T01:46:33.087 0.0,0.0,0.0,0.0,0.0,0.3442105263157895
2026-09-30T01:46:33.138 0.0,0.0,0.0,0.0,0.0,0.5042105263157896
2026-09-30T01:46:33.187 0.0,0.0,0.0,0.0,0.0,0.6263157894736843
2026-09-30T01:46:33.237 0.0,0.0,0.0,0.0,0.0,0.6263157894736843
2026-09-30T01:46:33.290 0.0,0.0,0.0,0.0,0.0,0.6263157894736843
2026-09-30T01:46:33.337 0.0,0.0,0.0,0.0,0.0,0.6263157894736843
2026-09-30T01:46:33.388 0.0,0.0,0.0,0.0,0.0,0.6263157894736843
2026-09-30T01:46:33.437 0.0,0.0,0.0,0.0,0.0,0.6263157894736843
2026-09-30T01:46:33.487 0.0,0.0,0.0,0.0,0.0,0.6263157894736843
2026-09-30T01:46:33.537 0.0,0.0,0.0,0.0,0.0,0.6263157894736843
2026-09-30T01:46:33.587 0.0,0.0,0.0,0.0,0.0,0.6263157894736843
2026-09-30T01:46:33.637 0.0,0.0,0.0,0.0,0.0,0.5526315789473685
2026-09-30T01:46:33.688 0.0,0.0,0.0,0.0,0.0,0.5526315789473685
2026-09-30T01:46:33.747 0.0,0.0,0.0,0.0,0.0,0.5526315789473685
2026-09-30T01:46:33.787 0.0,0.0,0.0,0.0,0.0,0.5526315789473685
2026-09-30T01:46:33.837 0.0,0.0,0.0,0.0,0.0,0.5526315789473685
2026-09-30T01:46:33.887 0.0,0.0,0.0,0.0,0.0,0.5526315789473685
2026-09-30T01:46:33.937 0.0,0.0,0.0,0.0,0.0,0.5526315789473685
2026-09-30T01:46:33.987 0.0,0.0,0.0,0.0,0.0,0.5526315789473685
2026-09-30T01:46:34.038 0.0,0.0,0.0,0.0,0.0,0.5526315789473685
2026-09-30T01:46:34.087 0.0,0.0,0.0,0.0,0.0,0.5526315789473685
2026-09-30T01:46:34.137 0.0,0.0,0.0,0.0,0.0,0.5526315789473685
2026-09-30T01:46:34.198 0.0,0.0,0.0,0.0,0.0,0.47894736842105273
2026-09-30T01:46:34.238 0.0,0.0,0.0,0.0,0.0,0.47894736842105273
2026-09-30T01:46:34.287 0.0,0.0,0.0,0.0,0.0,0.47894736842105273
2026-09-30T01:46:34.339 0.0,0.0,0.0,0.0,0.0,0.47894736842105273
2026-09-30T01:46:34.387 0.0,0.0,0.0,0.0,0.0,0.31894736842105276
2026-09-30T01:46:34.437 0.0,0.0,0.0,0.0,0.0,0.15894736842105275
2026-09-30T01:46:34.487 0.0,0.0,0.0,0.0,0.0,0.31894736842105276
2026-09-30T01:46:34.537 0.0,0.0,0.0,0.0,0.0,0.47894736842105273
2026-09-30T01:46:34.587 0.0,0.0,0.0,0.0,0.0,0.47894736842105273
2026-09-30T01:46:34.637 0.0,0.0,0.0,0.0,0.0,0.47894736842105273
2026-09-30T01:46:34.687 0.0,0.0,0.0,0.0,0.0,0.47894736842105273
2026-09-30T01:46:34.737 0.0,0.0,0.0,0.0,0.0,0.47894736842105273
2026-09-30T01:46:34.787 0.0,0.0,0.0,0.0,0.0,0.40526315789473694
2026-09-30T01:46:34.837 0.0,0.0,0.0,0.0,0.0,0.40526315789473694
2026-09-30T01:46:34.887 0.0,0.0,0.0,0.0,0.0,0.40526315789473694
2026-09-30T01:46:34.937 0.0,0.0,0.0,0.0,0.0,0.40526315789473694
2026-09-30T01:46:34.987 0.0,0.0,0.0,0.0,0.0,0.40526315789473694
2026-09-30T01:46:35.037 0.0,0.0,0.0,0.0,0.0,0.40526315789473694
2026-09-30T01:46:35.087 0.0,0.0,0.0,0.0,0.0,0.40526315789473694
2026-09-30T01:46:35.137 0.0,0.0,0.0,0.0,0.0,0.5652631578947369
2026-09-30T01:46:35.188 0.0,0.0,0.0,0.0,0.0,0.7
2026-09-30T01:46:35.237 0.0,0.0,0.0,0.0,0.0,0.7
2026-09-30T01:46:35.287 0.0,0.0,0.0,0.0,0.0,0.7
2026-09-30T01:46:35.337 0.0,0.0,0.0,0.0,0.0,0.7
2026-09-30T01:46:35.387 0.0,0.0,0.0,0.0,0.0,0.7
2026-09-30T01:46:35.438 0.0,0.0,0.0,0.0,0.0,0.7
2026-09-30T01:46:35.488 0.0,0.0,0.0,0.0,0.0,0.7
2026-09-30T01:46:35.538 0.0,0.0,0.0,0.0,0.0,0.7
2026-09-30T01:46:35.587 0.0,0.0,0.0,0.0,0.0,0.7
2026-09-30T01:46:35.637 0.0,0.0,0.0,0.0,0.0,0.7
2026-09-30T01:46:35.688 0.0,0.0,0.0,0.0,0.0,0.7
2026-09-30T01:46:35.738 0.0,0.0,0.0,0.0,0.0,0.7
2026-09-30T01:46:35.787 0.0,0.0,0.0,0.0,0.0,0.6263157894736843
2026-09-30T01:46:35.837 0.0,0.0,0.0,0.0,0.0,0.6263157894736843
2026-09-30T01:46:35.887 0.0,0.0,0.0,0.0,0.0,0.6263157894736843
2026-09-30T01:46:35.937 0.0,0.0,0.0,0.0,0.0,0.6263157894736843
2026-09-30T01:46:35.987 0.0,0.0,0.0,0.0,0.0,0.6263157894736843
2026-09-30T01:46:36.037 0.0,0.0,0.0,0.0,0.0,0.6263157894736843
2026-09-30T01:46:36.087 0.0,0.0,0.0,0.0,0.0,0.6263157894736843
2026-09-30T01:46:36.137 0.0,0.0,0.0,0.0,0.0,0.6263157894736843
2026-09-30T01:46:36.188 0.0,0.0,0.0,0.0,0.0,0.6263157894736843
2026-09-30T01:46:36.237 0.0,0.0,0.0,0.0,0.0,0.5526315789473685
2026-09-30T01:46:36.287 0.0,0.0,0.0,0.0,0.0,0.5526315789473685
2026-09-30T01:46:36.338 0.0,0.0,0.0,0.0,0.0,0.5526315789473685
2026-09-30T01:46:36.387 0.0,0.0,0.0,0.0,0.0,0.5526315789473685
2026-09-30T01:46:36.438 0.0,0.0,0.0,0.0,0.0,0.5526315789473685
2026-09-30T01:46:36.489 0.0,0.0,0.0,0.0,0.0,0.5526315789473685
2026-09-30T01:46:36.537 0.0,0.0,0.0,0.0,0.0,0.5526315789473685
2026-09-30T01:46:36.587 0.0,0.0,0.0,0.0,0.0,0.5526315789473685
2026-09-30T01:46:36.637 0.0,0.0,0.0,0.0,0.0,0.5526315789473685
2026-09-30T01:46:36.688 0.0,0.0,0.0,0.0,0.0,0.5526315789473685
2026-09-30T01:46:36.748 0.0,0.0,0.0,0.0,0.0,0.47894736842105273
2026-09-30T01:46:36.798 0.0,0.0,0.0,0.0,0.0,0.47894736842105273
2026-09-30T01:46:36.838 0.0,0.0,0.0,0.0,0.0,0.47894736842105273
2026-09-30T01:46:36.887 0.0,0.0,0.0,0.0,0.0,0.47894736842105273
2026-09-30T01:46:36.937 0.0,0.0,0.0,0.0,0.0,0.47894736842105273
2026-09-30T01:46:36.987 0.0,0.0,0.0,0.0,0.0,0.47894736842105273
2026-09-30T01:46:37.037 0.0,0.0,0.0,0.0,0.0,0.47894736842105273
2026-09-30T01:46:37.087 0.0,0.0,0.0,0.0,0.0,0.47894736842105273
2026-09-30T01:46:37.137 0.0,0.0,0.0,0.0,0.0,0.47894736842105273
2026-09-30T01:46:37.187 0.0,0.0,0.0,0.0,0.0,0.47894736842105273
2026-09-30T01:46:37.237 0.0,0.0,0.0,0.0,0.0,0.47894736842105273
2026-09-30T01:46:37.287 0.0,0.0,0.0,0.0,0.0,0.47894736842105273
2026-09-30T01:46:37.337 0.0,0.0,0.0,0.0,0.0,0.40526315789473694
2026-09-30T01:46:37.387 0.0,0.0,0.0,0.0,0.0,0.40526315789473694
2026-09-30T01:46:37.437 0.0,0.0,0.0,0.0,0.0,0.40526315789473694
2026-09-30T01:46:37.487 0.0,0.0,0.0,0.0,0.0,0.40526315789473694
2026-09-30T01:46:37.537 0.0,0.0,0.0,0.0,0.0,0.40526315789473694
2026-09-30T01:46:37.587 0.0,0.0,0.0,0.0,0.0,0.40526315789473694
2026-09-30T01:46:37.637 0.0,0.0,0.0,0.0,0.0,0.40526315789473694
2026-09-30T01:46:37.687 0.0,0.0,0.0,0.0,0.0,0.40526315789473694
2026-09-30T01:46:37.737 0.0,0.0,0.0,0.0,0.0,0.40526315789473694
2026-09-30T01:46:37.787 0.0,0.0,0.0,0.0,0.0,0.40526315789473694
2026-09-30T01:46:37.838 0.0,0.0,0.0,0.0,0.0,0.40526315789473694
2026-09-30T01:46:37.889 0.0,0.0,0.0,0.0,0.0,0.40526315789473694
2026-09-30T01:46:37.937 0.0,0.0,0.0,0.0,0.0,0.5652631578947369
2026-09-30T01:46:37.987 0.0,0.0,0.0,0.0,0.0,0.7
2026-09-30T01:46:38.037 0.0,0.0,0.0,0.0,0.0,0.7
2026-09-30T01:46:38.097 0.0,0.0,0.0,0.0,0.0,0.7
2026-09-30T01:46:38.137 0.0,0.0,0.0,0.0,0.0,0.7
2026-09-30T01:46:38.187 0.0,0.0,0.0,0.0,0.0,0.7
2026-09-30T01:46:38.247 0.0,0.0,0.0,0.0,0.0,0.7
2026-09-30T01:46:38.287 0.0,0.0,0.0,0.0,0.0,0.7
2026-09-30T01:46:38.337 0.0,0.0,0.0,0.0,0.0,0.7
2026-09-30T01:46:38.388 0.0,0.0,0.0,0.0,0.0,0.7
2026-09-30T01:46:38.437 0.0,0.0,0.0,0.0,0.0,0.7
2026-09-30T01:46:38.487 0.0,0.0,0.0,0.0,0.0,0.7
2026-09-30T01:46:38.537 0.0,0.0,0.0,0.0,0.0,0.7
2026-09-30T01:46:38.587 0.0,0.0,0.0,0.0,0.0,0.7
2026-09-30T01:46:38.637 0.0,0.0,0.0,0.0,0.0,0.6263157894736843
2026-09-30T01:46:38.687 0.0,0.0,0.0,0.0,0.0,0.6263157894736843
2026-09-30T01:46:38.737 0.0,0.0,0.0,0.0,0.0,0.6263157894736843
2026-09-30T01:46:38.787 0.0,0.0,0.0,0.0,0.0,0.6263157894736843
2026-09-30T01:46:38.848 0.0,0.0,0.0,0.0,0.0,0.6263157894736843
2026-09-30T01:46:38.888 0.0,0.0,0.0,0.0,0.0,0.6263157894736843
2026-09-30T01:46:38.947 0.0,0.0,0.0,0.0,0.0,0.6263157894736843
2026-09-30T01:46:38.988 0.0,0.0,0.0,0.0,0.0,0.6263157894736843
2026-09-30T01:46:39.037 0.0,0.0,0.0,0.0,0.0,0.6263157894736843
2026-09-30T01:46:39.087 0.0,0.0,0.0,0.0,0.0,0.5526315789473685
2026-09-30T01:46:39.137 0.0,0.0,0.0,0.0,0.0,0.5526315789473685
2026-09-30T01:46:39.187 0.0,0.0,0.0,0.0,0.0,0.5526315789473685
2026-09-30T01:46:39.237 0.0,0.0,0.0,0.0,0.0,0.5526315789473685
2026-09-30T01:46:39.297 0.0,0.0,0.0,0.0,0.0,0.5526315789473685
2026-09-30T01:46:39.338 0.0,0.0,0.0,0.0,0.0,0.5526315789473685
2026-09-30T01:46:39.387 0.0,0.0,0.0,0.0,0.0,0.5526315789473685
2026-09-30T01:46:39.437 0.0,0.0,0.0,0.0,0.0,0.5526315789473685
2026-09-30T01:46:39.488 0.0,0.0,0.0,0.0,0.0,0.5526315789473685
2026-09-30T01:46:39.548 0.0,0.0,0.0,0.0,0.0,0.5526315789473685
2026-09-30T01:46:39.590 0.0,0.0,0.0,0.0,0.0,0.5526315789473685
2026-09-30T01:46:39.648 0.0,0.0,0.0,0.0,0.0,0.47894736842105273
2026-09-30T01:46:39.687 0.0,0.0,0.0,0.0,0.0,0.6389473684210527
2026-09-30T01:46:39.738 0.0,0.0,0.0,0.0,0.0,0.7
2026-09-30T01:46:39.788 0.0,0.0,0.0,0.0,0.0,0.7
2026-09-30T01:46:39.837 0.0,0.0,0.0,0.0,0.0,0.7
2026-09-30T01:46:39.887 0.0,0.0,0.0,0.0,0.0,0.7
2026-09-30T01:46:39.937 0.0,0.0,0.0,0.0,0.0,0.7
2026-09-30T01:46:39.987 0.0,0.0,0.0,0.0,0.0,0.7
2026-09-30T01:46:40.037 0.0,0.0,0.0,0.0,0.0,0.7
2026-09-30T01:46:40.087 0.0,0.0,0.0,0.0,0.0,0.7
2026-09-30T01:46:40.137 0.0,0.0,0.0,0.0,0.0,0.7
2026-09-30T01:46:40.188 0.0,0.0,0.0,0.0,0.0,0.6263157894736843
2026-09-30T01:46:40.237 0.0,0.0,0.0,0.0,0.0,0.6263157894736843
2026-09-30T01:46:40.288 0.0,0.0,0.0,0.0,0.0,0.6263157894736843
2026-09-30T01:46:40.337 0.0,0.0,0.0,0.0,0.0,0.6263157894736843
2026-09-30T01:46:40.387 0.0,0.0,0.0,0.0,0.0,0.6263157894736843
2026-09-30T01:46:40.438 0.0,0.0,0.0,0.0,0.0,0.6263157894736843
2026-09-30T01:46:40.490 0.0,0.0,0.0,0.0,0.0,0.6263157894736843
2026-09-30T01:46:40.537 0.0,0.0,0.0,0.0,0.0,0.6263157894736843
2026-09-30T01:46:40.587 0.0,0.0,0.0,0.0,0.0,0.5526315789473685
2026-09-30T01:46:40.637 0.0,0.0,0.0,0.0,0.0,0.5526315789473685
2026-09-30T01:46:40.687 0.0,0.0,0.0,0.0,0.0,0.5526315789473685
2026-09-30T01:46:40.737 0.0,0.0,0.0,0.0,0.0,0.5526315789473685
2026-09-30T01:46:40.787 0.0,0.0,0.0,0.0,0.0,0.5526315789473685
2026-09-30T01:46:40.837 0.0,0.0,0.0,0.0,0.0,0.5526315789473685
2026-09-30T01:46:40.887 0.0,0.0,0.0,0.0,0.0,0.5526315789473685
2026-09-30T01:46:40.937 0.0,0.0,0.0,0.0,0.0,0.5526315789473685
2026-09-30T01:46:40.987 0.0,0.0,0.0,0.0,0.0,0.5526315789473685
2026-09-30T01:46:41.037 0.0,0.0,0.0,0.0,0.0,0.47894736842105273
2026-09-30T01:46:41.088 0.0,0.0,0.0,0.0,0.0,0.47894736842105273
2026-09-30T01:46:41.137 0.0,0.0,0.0,0.0,0.0,0.47894736842105273
2026-09-30T01:46:41.187 0.0,0.0,0.0,0.0,0.0,0.47894736842105273
2026-09-30T01:46:41.237 0.0,0.0,0.0,0.0,0.0,0.47894736842105273
2026-09-30T01:46:41.287 0.0,0.0,0.0,0.0,0.0,0.47894736842105273
2026-09-30T01:46:41.338 0.0,0.0,0.0,0.0,0.0,0.47894736842105273
2026-09-30T01:46:41.387 0.0,0.0,0.0,0.0,0.0,0.47894736842105273
2026-09-30T01:46:41.438 0.0,0.0,0.0,0.0,0.0,0.47894736842105273
2026-09-30T01:46:41.488 0.0,0.0,0.0,0.0,0.0,0.40526315789473694
2026-09-30T01:46:41.538 0.0,0.0,0.0,0.0,0.0,0.40526315789473694
2026-09-30T01:46:41.587 0.0,0.0,0.0,0.0,0.0,0.40526315789473694
2026-09-30T01:46:41.637 0.0,0.0,0.0,0.0,0.0,0.40526315789473694
2026-09-30T01:46:41.687 0.0,0.0,0.0,0.0,0.0,0.40526315789473694
2026-09-30T01:46:41.737 0.0,0.0,0.0,0.0,0.0,0.40526315789473694
2026-09-30T01:46:41.789 0.0,0.0,0.0,0.0,0.0,0.40526315789473694
2026-09-30T01:46:41.837 0.0,0.0,0.0,0.0,0.0,0.40526315789473694
2026-09-30T01:46:41.887 0.0,0.0,0.0,0.0,0.0,0.40526315789473694
2026-09-30T01:46:41.937 0.0,0.0,0.0,0.0,0.0,0.40526315789473694
2026-09-30T01:46:41.987 0.0,0.0,0.0,0.0,0.0,0.40526315789473694
2026-09-30T01:46:42.037 0.0,0.0,0.0,0.0,0.0,0.40526315789473694
2026-09-30T01:46:42.088 0.0,0.0,0.0,0.0,0.0,0.40526315789473694
2026-09-30T01:46:42.137 0.0,0.0,0.0,0.0,0.0,0.33157894736842114
2026-09-30T01:46:42.187 0.0,0.0,0.0,0.0,0.0,0.33157894736842114
2026-09-30T01:46:42.237 0.0,0.0,0.0,0.0,0.0,0.4915789473684211
2026-09-30T01:46:42.287 0.0,0.0,0.0,0.0,0.0,0.6515789473684211
2026-09-30T01:46:42.337 0.0,0.0,0.0,0.0,0.0,0.7
2026-09-30T01:46:42.387 0.0,0.0,0.0,0.0,0.0,0.7
2026-09-30T01:46:42.437 0.0,0.0,0.0,0.0,0.0,0.7
2026-09-30T01:46:42.487 0.0,0.0,0.0,0.0,0.0,0.7
2026-09-30T01:46:42.537 0.0,0.0,0.0,0.0,0.0,0.7
2026-09-30T01:46:42.587 0.0,0.0,0.0,0.0,0.0,0.7
2026-09-30T01:46:42.637 0.0,0.0,0.0,0.0,0.0,0.7
2026-09-30T01:46:42.687 0.0,0.0,0.0,0.0,0.0,0.7
2026-09-30T01:46:42.737 0.0,0.0,0.0,0.0,0.0,0.7
2026-09-30T01:46:42.787 0.0,0.0,0.0,0.0,0.0,0.7
2026-09-30T01:46:42.837 0.0,0.0,0.0,0.0,0.0,0.7
2026-09-30T01:46:42.888 0.0,0.0,0.0,0.0,0.0,0.7
2026-09-30T01:46:42.937 0.0,0.0,0.0,0.0,0.0,0.6263157894736843
2026-09-30T01:46:42.988 0.0,0.0,0.0,0.0,0.0,0.6263157894736843
2026-09-30T01:46:43.037 0.0,0.0,0.0,0.0,0.0,0.6263157894736843
2026-09-30T01:46:43.087 0.0,0.0,0.0,0.0,0.0,0.6263157894736843
2026-09-30T01:46:43.137 0.042105263157894736,0.0,0.0,0.0,0.0,0.7
2026-09-30T01:46:43.188 0.042105263157894736,0.0,0.0,0.0,0.0,0.7
2026-09-30T01:46:43.237 0.042105263157894736,0.0,0.0,0.0,0.0,0.7
2026-09-30T01:46:43.288 0.042105263157894736,0.0,0.0,0.0,0.0,0.7
2026-09-30T01:46:43.338 0.042105263157894736,0.0,0.0,0.0,0.0,0.7
2026-09-30T01:46:43.387 0.042105263157894736,0.0,0.0,0.0,0.0,0.7
2026-09-30T01:46:43.437 0.042105263157894736,0.0,0.0,0.0,0.0,0.6263157894736843
2026-09-30T01:46:43.488 0.0,0.0,0.0,0.0,0.0,0.7
2026-09-30T01:46:43.537 0.0,0.0,0.0,0.0,0.0,0.7
2026-09-30T01:46:43.587 0.0,0.0,0.0,0.0,0.0,0.7
2026-09-30T01:46:43.637 0.0,0.0,0.0,0.0,0.0,0.7
2026-09-30T01:46:43.687 0.0,0.0,0.0,0.0,0.0,0.7
2026-09-30T01:46:43.737 0.0,0.0,0.0,0.0,0.0,0.7
2026-09-30T01:46:43.787 0.0,0.0,0.0,0.0,0.0,0.7
2026-09-30T01:46:43.839 0.0,0.0,0.0,0.0,0.0,0.7
2026-09-30T01:46:43.890 0.0,0.0,0.0,0.0,0.0,0.7
2026-09-30T01:46:43.937 0.0,0.0,0.0,0.0,0.0,0.7
2026-09-30T01:46:43.987 0.0,0.0,0.0,0.0,0.0,0.7
2026-09-30T01:46:44.038 0.0,0.0,0.0,0.0,0.0,0.7
2026-09-30T01:46:44.087 0.0,0.0,0.0,0.0,0.0,0.7
2026-09-30T01:46:44.138 0.0,0.0,0.0,0.0,0.0,0.7
2026-09-30T01:46:44.187 0.0,0.0,0.0,0.0,0.0,0.7
2026-09-30T01:46:44.237 0.0,0.0,0.0,0.0,0.0,0.7
2026-09-30T01:46:44.287 0.0,0.0,0.0,0.0,0.0,0.7
2026-09-30T01:46:44.337 0.0,0.0,0.0,0.0,0.0,0.7
2026-09-30T01:46:44.388 0.0,0.0,0.0,0.0,0.0,0.7
2026-09-30T01:46:44.437 0.0,0.0,0.0,0.0,0.0,0.7
2026-09-30T01:46:44.488 0.0,0.0,0.0,0.0,0.0,0.7
2026-09-30T01:46:44.537 0.0,0.0,0.0,0.0,0.0,0.7
2026-09-30T01:46:44.587 0.0,0.0,0.0,0.0,0.0,0.7
2026-09-30T01:46:44.638 0.0,0.0,0.0,0.0,0.0,0.7
2026-09-30T01:46:44.688 0.0,0.0,0.0,0.0,0.0,0.7
2026-09-30T01:46:44.738 0.0,0.0,0.0,0.0,0.0,0.7
2026-09-30T01:46:44.787 0.0,0.0,0.0,0.0,0.0,0.7
2026-09-30T01:46:44.837 0.0,0.0,0.0,0.0,0.0,0.7
2026-09-30T01:46:44.888 0.0,0.0,0.0,0.0,0.0,0.7
2026-09-30T01:46:44.938 0.0,0.0,0.0,0.0,0.0,0.7
2026-09-30T01:46:44.988 0.0,0.0,0.0,0.0,0.0,0.7
2026-09-30T01:46:45.037 0.0,0.0,0.0,0.0,0.0,0.7
2026-09-30T01:46:45.087 0.0,0.0,0.0,0.0,0.0,0.7
2026-09-30T01:46:45.137 0.0,0.0,0.0,0.0,0.0,0.7
2026-09-30T01:46:45.188 0.0,0.0,0.0,0.0,0.0,0.7
2026-09-30T01:46:45.238 0.0,0.0,0.0,0.0,0.0,0.7
2026-09-30T01:46:45.287 0.0,0.0,0.0,0.0,0.0,0.7
2026-09-30T01:46:45.337 0.0,0.0,0.0,0.0,0.0,0.7
2026-09-30T01:46:45.387 0.0,0.0,0.0,0.0,0.0,0.7
2026-09-30T01:46:45.437 0.0,0.0,0.0,0.0,0.0,0.7
2026-09-30T01:46:45.488 0.0,0.0,0.0,0.0,0.0,0.7
2026-09-30T01:46:45.540 0.0,0.0,0.0,0.0,0.0,0.7
2026-09-30T01:46:45.587 0.0,0.0,0.0,0.0,0.0,0.7
2026-09-30T01:46:45.637 0.0,0.0,0.0,0.0,0.0,0.7
2026-09-30T01:46:45.687 0.0,0.0,0.0,0.0,0.0,0.7
2026-09-30T01:46:45.738 0.0,0.0,0.0,0.0,0.0,0.7
2026-09-30T01:46:45.787 0.0,0.0,0.0,0.0,0.0,0.7
2026-09-30T01:46:45.837 0.0,0.0,0.0,0.0,0.0,0.7
2026-09-30T01:46:45.887 0.0,0.0,0.0,0.0,0.0,0.7
2026-09-30T01:46:45.948 0.0,0.0,0.0,0.0,0.0,0.7
2026-09-30T01:46:45.987 0.0,0.0,0.0,0.0,0.0,0.7
2026-09-30T01:46:46.039 0.0,0.0,0.0,0.0,0.0,0.7
2026-09-30T01:46:46.088 0.0,0.0,0.0,0.0,0.0,0.7
2026-09-30T01:46:46.138 0.0,0.0,0.0,0.0,0.0,0.7
2026-09-30T01:46:46.187 0.0,0.0,0.0,0.0,0.0,0.7
2026-09-30T01:46:46.238 0.0,0.0,0.0,0.0,0.0,0.7
2026-09-30T01:46:46.287 0.0,0.0,0.0,0.0,0.0,0.7
2026-09-30T01:46:46.337 0.0,0.0,0.0,0.0,0.0,0.7
2026-09-30T01:46:46.387 0.0,0.0,0.0,0.0,0.0,0.7
2026-09-30T01:46:46.437 0.0,0.0,0.0,0.0,0.0,0.7
2026-09-30T01:46:46.487 0.0,0.0,0.0,0.0,0.0,0.7
2026-09-30T01:46:46.537 0.0,0.0,0.0,0.0,0.0,0.7
2026-09-30T01:46:46.588 0.0,0.0,0.0,0.0,0.0,0.7
2026-09-30T01:46:46.637 0.0,0.0,0.0,0.0,0.0,0.7
2026-09-30T01:46:46.688 0.0,0.0,0.0,0.0,0.0,0.7
2026-09-30T01:46:46.738 0.0,0.0,0.0,0.0,0.0,0.7
2026-09-30T01:46:46.787 0.0,0.0,0.0,0.0,0.0,0.7
2026-09-30T01:46:46.838 0.0,0.0,0.0,0.0,0.0,0.7
2026-09-30T01:46:46.897 0.0,0.0,0.0,0.0,0.0,0.7
2026-09-30T01:46:46.937 0.0,0.0,0.0,0.0,0.0,0.7
2026-09-30T01:46:46.998 0.0,0.0,0.0,0.0,0.0,0.7
2026-09-30T01:46:47.037 0.0,0.0,0.0,0.0,0.0,0.7
2026-09-30T01:46:47.098 0.0,0.0,0.0,0.0,0.0,0.7
2026-09-30T01:46:47.138 0.0,0.0,0.0,0.0,0.0,0.7
2026-09-30T01:46:47.188 0.0,0.0,0.0,0.0,0.0,0.7
2026-09-30T01:46:47.238 0.0,0.0,0.0,0.0,0.0,0.7
2026-09-30T01:46:47.287 0.0,0.0,0.0,0.0,0.0,0.7
2026-09-30T01:46:47.337 0.0,0.0,0.0,0.0,0.0,0.7
2026-09-30T01:46:47.388 0.0,0.0,0.0,0.0,0.0,0.7
2026-09-30T01:46:47.437 0.0,0.0,0.0,0.0,0.0,0.7
2026-09-30T01:46:47.488 0.0,0.0,0.0,0.0,0.0,0.7
2026-09-30T01:46:47.537 0.0,0.0,0.0,0.0,0.0,0.7
2026-09-30T01:46:47.587 0.0,0.0,0.0,0.0,0.0,0.7
2026-09-30T01:46:47.638 0.0,0.0,0.0,0.0,0.0,0.7
2026-09-30T01:46:47.688 0.0,0.0,0.0,0.0,0.0,0.7
2026-09-30T01:46:47.738 0.0,0.0,0.0,0.0,0.0,0.7
2026-09-30T01:46:47.787 0.0,0.0,0.0,0.0,0.0,0.7
2026-09-30T01:46:47.837 0.0,0.0,0.0,0.0,0.0,0.7
2026-09-30T01:46:47.887 0.0,0.0,0.0,0.0,0.0,0.7
2026-09-30T01:46:47.938 0.0,0.0,0.0,0.0,0.0,0.7
2026-09-30T01:46:47.987 0.0,0.0,0.0,0.0,0.0,0.7
2026-09-30T01:46:48.038 0.0,0.0,0.0,0.0,0.0,0.7
2026-09-30T01:46:48.088 0.0,0.0,0.0,0.0,0.0,0.7
2026-09-30T01:46:48.137 0.0,0.0,0.0,0.0,0.0,0.7
2026-09-30T01:46:48.188 0.0,0.0,0.0,0.0,0.0,0.7
2026-09-30T01:46:48.237 0.0,0.0,0.0,0.0,0.0,0.7
2026-09-30T01:46:48.288 0.0,0.0,0.0,0.0,0.0,0.7
2026-09-30T01:46:48.337 0.0,0.0,0.0,0.0,0.0,0.7
2026-09-30T01:46:48.388 0.0,0.0,0.0,0.0,0.0,0.7
2026-09-30T01:46:48.438 0.0,0.0,0.0,0.0,0.0,0.7
2026-09-30T01:46:48.488 0.0,0.0,0.0,0.0,0.0,0.7
2026-09-30T01:46:48.537 0.0,0.0,0.0,0.0,0.0,0.7
2026-09-30T01:46:48.588 0.0,0.0,0.0,0.0,0.0,0.7
2026-09-30T01:46:48.637 0.0,0.0,0.0,0.0,0.0,0.7
2026-09-30T01:46:48.688 0.0,0.0,0.0,0.0,0.0,0.7
2026-09-30T01:46:48.738 0.0,0.0,0.0,0.0,0.0,0.7
2026-09-30T01:46:48.788 0.0,0.0,0.0,0.0,0.0,0.7
2026-09-30T01:46:48.837 0.0,0.0,0.0,0.0,0.0,0.7
2026-09-30T01:46:48.887 0.0,0.0,0.0,0.0,0.0,0.7
2026-09-30T01:46:48.938 0.0,0.0,0.0,0.0,0.0,0.7
2026-09-30T01:46:48.988 0.0,0.0,0.0,0.0,0.0,0.7
2026-09-30T01:46:49.038 0.0,0.0,0.0,0.0,0.0,0.7
2026-09-30T01:46:49.088 0.0,0.0,0.0,0.0,0.0,0.7
2026-09-30T01:46:49.137 0.0,0.0,0.0,0.0,0.0,0.7
2026-09-30T01:46:49.188 0.0,0.0,0.0,0.0,0.0,0.7
2026-09-30T01:46:49.239 0.0,0.0,0.0,0.0,0.0,0.7
2026-09-30T01:46:49.287 0.0,0.0,0.0,0.0,0.0,0.7
2026-09-30T01:46:49.337 0.0,0.0,0.0,0.0,0.0,0.7
2026-09-30T01:46:49.387 0.0,0.0,0.0,0.0,0.0,0.7
2026-09-30T01:46:49.439 0.0,0.0,0.0,0.0,0.0,0.7
2026-09-30T01:46:49.487 0.0,0.0,0.0,0.0,0.0,0.7
2026-09-30T01:46:49.538 0.0,0.0,0.0,0.0,0.0,0.7
2026-09-30T01:46:49.588 0.0,0.0,0.0,0.0,0.0,0.7
2026-09-30T01:46:49.637 0.0,0.0,0.0,0.0,0.0,0.7
2026-09-30T01:46:49.690 0.0,0.0,0.0,0.0,0.0,0.7
2026-09-30T01:46:49.737 0.0,0.0,0.0,0.0,0.0,0.7
2026-09-30T01:46:49.787 0.0,0.0,0.0,0.0,0.0,0.7
2026-09-30T01:46:49.838 0.0,0.0,0.0,0.0,0.0,0.7
2026-09-30T01:46:49.888 0.0,0.0,0.0,0.0,0.0,0.7
2026-09-30T01:46:49.938 0.0,0.0,0.0,0.0,0.0,0.7
2026-09-30T01:46:49.988 0.0,0.0,0.0,0.0,0.0,0.7
2026-09-30T01:46:50.038 0.0,0.0,0.0,0.0,0.0,0.7
2026-09-30T01:46:50.088 0.0,0.0,0.0,0.0,0.0,0.5649536346518933
2026-09-30T01:46:50.137 0.0,0.0,0.0,0.0,0.0,0.5649536346518933
2026-09-30T01:46:50.187 0.0,0.0,0.0,0.0,0.0,0.5649536346518933
2026-09-30T01:46:50.237 0.0,0.0,0.0,0.0,0.0,0.5649536346518933
2026-09-30T01:46:50.288 0.0,0.0,0.0,0.0,0.0,0.40495363465189327
2026-09-30T01:46:50.339 0.0,0.0,0.0,0.0,0.0,0.4
2026-09-30T01:46:50.388 0.0,0.0,0.0,0.0,0.0,0.4
2026-09-30T01:46:50.438 0.0,0.0,0.0,0.0,0.0,0.4
2026-09-30T01:46:50.488 0.0,0.0,0.0,0.0,0.0,0.24000000000000002
2026-09-30T01:46:50.537 0.125,0.0,0.0,0.0,0.0,0.11052631578947375
2026-09-30T01:46:50.588 0.25,0.0,0.0,0.0,0.0,0.11052631578947375
2026-09-30T01:46:50.637 0.375,0.0,0.0,0.0,0.0,0.11052631578947375
2026-09-30T01:46:50.687 0.5,0.0,0.0,0.0,0.0,0.11052631578947375
2026-09-30T01:46:50.738 0.625,0.0,0.0,0.0,0.0,0.03684210526315797
2026-09-30T01:46:50.788 0.75,0.0,0.0,0.0,0.0,0.03684210526315797
2026-09-30T01:46:50.837 0.8,0.0,0.0,0.0,0.0,0.03684210526315797
2026-09-30T01:46:50.888 0.8,0.0,0.0,0.0,0.0,0.03684210526315797
2026-09-30T01:46:50.940 0.8,0.0,0.0,0.0,0.0,0.03684210526315797
2026-09-30T01:46:50.987 0.8,0.0,0.0,0.0,0.0,0.03684210526315797
2026-09-30T01:46:51.037 0.8,0.0,0.0,0.0,0.0,0.03684210526315797
2026-09-30T01:46:51.088 0.8,0.0,0.0,0.0,0.0,0.03684210526315797
2026-09-30T01:46:51.138 0.8,0.0,0.0,0.0,0.0,0.03684210526315797
2026-09-30T01:46:51.187 0.8,0.0,0.0,0.0,0.0,0.0
2026-09-30T01:46:51.238 0.8,0.0,0.0,0.0,0.0,0.03684210526315797
2026-09-30T01:46:51.287 0.8,0.0,0.0,0.0,0.0,0.03684210526315797
2026-09-30T01:46:51.337 0.8,0.0,0.0,0.0,0.0,0.03684210526315797
2026-09-30T01:46:51.387 0.8,0.0,0.0,0.0,0.0,0.03684210526315797
2026-09-30T01:46:51.437 0.8,0.0,0.0,0.0,0.0,0.03684210526315797
2026-09-30T01:46:51.487 0.8,0.0,0.0,0.0,0.0,0.03684210526315797
2026-09-30T01:46:51.537 0.8,0.0,0.0,0.0,0.0,0.0
2026-09-30T01:46:51.588 0.8,0.0,0.0,0.0,0.0,-0.036842105263157815
2026-09-30T01:46:51.637 0.8,0.0,0.0,0.0,0.0,-0.036842105263157815
2026-09-30T01:46:51.698 0.8,0.0,0.0,0.0,0.0,-0.036842105263157815
2026-09-30T01:46:51.737 0.8,0.0,0.0,0.0,0.0,-0.036842105263157815
2026-09-30T01:46:51.787 0.8,0.0,0.0,0.0,0.0,-0.036842105263157815
2026-09-30T01:46:51.848 0.8,0.0,0.0,0.0,0.0,-0.036842105263157815
2026-09-30T01:46:51.888 0.8,0.0,0.0,0.0,0.0,-0.036842105263157815
2026-09-30T01:46:51.938 0.8,0.0,0.0,0.0,0.0,-0.036842105263157815
2026-09-30T01:46:51.989 0.8,0.0,0.0,0.0,0.0,-0.036842105263157815
2026-09-30T01:46:52.037 0.8,0.0,0.0,0.0,0.0,-0.036842105263157815
2026-09-30T01:46:52.088 0.8,0.0,0.0,0.0,0.0,-0.036842105263157815
2026-09-30T01:46:52.138 0.8,0.0,0.0,0.0,0.0,-0.036842105263157815
2026-09-30T01:46:52.190 0.8,0.0,0.0,0.0,0.0,-0.036842105263157815
2026-09-30T01:46:52.237 0.8,0.0,0.0,0.0,0.0,-0.036842105263157815
2026-09-30T01:46:52.287 0.8,0.0,0.0,0.0,0.0,-0.036842105263157815
2026-09-30T01:46:52.337 0.8,0.0,0.0,0.0,0.0,-0.1105263157894736
2026-09-30T01:46:52.387 0.8,0.0,0.0,0.0,0.0,-0.1105263157894736
2026-09-30T01:46:52.440 0.8,0.0,0.0,0.0,0.0,-0.1105263157894736
2026-09-30T01:46:52.487 0.8,0.0,0.0,0.0,0.0,-0.036842105263157815
2026-09-30T01:46:52.548 0.8,0.0,0.0,0.0,0.0,-0.036842105263157815
2026-09-30T01:46:52.587 0.7578947368421055,0.0,0.0,0.0,0.0,-0.1105263157894736
2026-09-30T01:46:52.637 0.8,0.0,0.0,0.0,0.0,-0.1105263157894736
2026-09-30T01:46:52.698 0.8,0.0,0.0,0.0,0.0,-0.1105263157894736
2026-09-30T01:46:52.737 0.8,0.0,0.0,0.0,0.0,-0.1105263157894736
2026-09-30T01:46:52.788 0.8,0.0,0.0,0.0,0.0,-0.1105263157894736
2026-09-30T01:46:52.837 0.8,0.0,0.0,0.0,0.0,-0.1105263157894736
2026-09-30T01:46:52.887 0.8,0.0,0.0,0.0,0.0,-0.1105263157894736
2026-09-30T01:46:52.938 0.8,0.0,0.0,0.0,0.0,-0.1105263157894736
2026-09-30T01:46:52.988 0.8,0.0,0.0,0.0,0.0,-0.1105263157894736
2026-09-30T01:46:53.037 0.8,0.0,0.0,0.0,0.0,-0.1105263157894736
2026-09-30T01:46:53.087 0.8,0.0,0.0,0.0,0.0,-0.1105263157894736
2026-09-30T01:46:53.137 0.8,0.0,0.0,0.0,0.0,-0.1105263157894736
2026-09-30T01:46:53.188 0.8,0.0,0.0,0.0,0.0,-0.1105263157894736
2026-09-30T01:46:53.237 0.8,0.0,0.0,0.0,0.0,-0.1105263157894736
2026-09-30T01:46:53.287 0.8,0.0,0.0,0.0,0.0,-0.1105263157894736
2026-09-30T01:46:53.339 0.8,0.0,0.0,0.0,0.0,-0.1105263157894736
2026-09-30T01:46:53.388 0.8,0.0,0.0,0.0,0.0,-0.1105263157894736
2026-09-30T01:46:53.437 0.8,0.0,0.0,0.0,0.0,-0.1105263157894736
2026-09-30T01:46:53.488 0.8,0.0,0.0,0.0,0.0,-0.1105263157894736
2026-09-30T01:46:53.537 0.8,0.0,0.0,0.0,0.0,-0.1105263157894736
2026-09-30T01:46:53.588 0.8,0.0,0.0,0.0,0.0,-0.1105263157894736
2026-09-30T01:46:53.638 0.8,0.0,0.0,0.0,0.0,-0.1105263157894736
2026-09-30T01:46:53.688 0.8,0.0,0.0,0.0,0.0,-0.1105263157894736
2026-09-30T01:46:53.737 0.8,0.0,0.0,0.0,0.0,-0.1105263157894736
2026-09-30T01:46:53.787 0.8,0.0,0.0,0.0,0.0,-0.1105263157894736
2026-09-30T01:46:53.838 0.8,0.0,0.0,0.0,0.0,-0.1105263157894736
2026-09-30T01:46:53.887 0.8,0.0,0.0,0.0,0.0,-0.18421052631578938
2026-09-30T01:46:53.938 0.8,0.0,0.0,0.0,0.0,-0.1105263157894736
2026-09-30T01:46:53.987 0.8,0.0,0.0,0.0,0.0,-0.1105263157894736
2026-09-30T01:46:54.037 0.8,0.0,0.0,0.0,0.0,-0.1105263157894736
2026-09-30T01:46:54.088 0.8,0.0,0.0,0.0,0.0,-0.1105263157894736
2026-09-30T01:46:54.138 0.8,0.0,0.0,0.0,0.0,-0.1105263157894736
2026-09-30T01:46:54.188 0.8,0.0,0.0,0.0,0.0,-0.1105263157894736
2026-09-30T01:46:54.237 0.8,0.0,0.0,0.0,0.0,-0.1105263157894736
2026-09-30T01:46:54.287 0.8,0.0,0.0,0.0,0.0,-0.1105263157894736
2026-09-30T01:46:54.337 0.8,0.0,0.0,0.0,0.0,-0.1105263157894736
2026-09-30T01:46:54.397 0.8,0.0,0.0,0.0,0.0,-0.1105263157894736
2026-09-30T01:46:54.437 0.8,0.0,0.0,0.0,0.0,-0.1105263157894736
2026-09-30T01:46:54.487 0.8,0.0,0.0,0.0,0.0,-0.1105263157894736
2026-09-30T01:46:54.537 0.8,0.0,0.0,0.0,0.0,-0.1105263157894736
2026-09-30T01:46:54.587 0.8,0.0,0.0,0.0,0.0,-0.1105263157894736
2026-09-30T01:46:54.637 0.8,0.0,0.0,0.0,0.0,-0.1105263157894736
2026-09-30T01:46:54.687 0.8,0.0,0.0,0.0,0.0,-0.1105263157894736
2026-09-30T01:46:54.737 0.8,0.0,0.0,0.0,0.0,-0.1105263157894736
2026-09-30T01:46:54.788 0.8,0.0,0.0,0.0,0.0,-0.1105263157894736
2026-09-30T01:46:54.837 0.8,0.0,0.0,0.0,0.0,-0.1105263157894736
2026-09-30T01:46:54.888 0.8,0.0,0.0,0.0,0.0,-0.1105263157894736
2026-09-30T01:46:54.937 0.8,0.0,0.0,0.0,0.0,-0.1105263157894736
2026-09-30T01:46:54.987 0.8,0.0,0.0,0.0,0.0,-0.1105263157894736
2026-09-30T01:46:55.037 0.8,0.0,0.0,0.0,0.0,-0.1105263157894736
2026-09-30T01:46:55.087 0.8,0.0,0.0,0.0,0.0,-0.1105263157894736
2026-09-30T01:46:55.137 0.8,0.0,0.0,0.0,0.0,-0.1105263157894736
2026-09-30T01:46:55.188 0.8,0.0,0.0,0.0,0.0,-0.1105263157894736
2026-09-30T01:46:55.238 0.8,0.0,0.0,0.0,0.0,-0.1105263157894736
2026-09-30T01:46:55.287 0.8,0.0,0.0,0.0,0.0,-0.1105263157894736
2026-09-30T01:46:55.337 0.8,0.0,0.0,0.0,0.0,-0.1105263157894736
2026-09-30T01:46:55.387 0.8,0.0,0.0,0.0,0.0,-0.1105263157894736
2026-09-30T01:46:55.449 0.8,0.0,0.0,0.0,0.0,-0.1105263157894736
2026-09-30T01:46:55.488 0.8,0.0,0.0,0.0,0.0,-0.1105263157894736
2026-09-30T01:46:55.538 0.8,0.0,0.0,0.0,0.0,-0.1105263157894736
2026-09-30T01:46:55.588 0.8,0.0,0.0,0.0,0.0,-0.1105263157894736
2026-09-30T01:46:55.637 0.8,0.0,0.0,0.0,0.0,-0.1105263157894736
2026-09-30T01:46:55.688 0.8,0.0,0.0,0.0,0.0,-0.1105263157894736
2026-09-30T01:46:55.737 0.8,0.0,0.0,0.0,0.0,-0.1105263157894736
2026-09-30T01:46:55.787 0.8,0.0,0.0,0.0,0.0,-0.1105263157894736
2026-09-30T01:46:55.837 0.8,0.0,0.0,0.0,0.0,-0.1105263157894736
2026-09-30T01:46:55.888 0.8,0.0,0.0,0.0,0.0,-0.1105263157894736
2026-09-30T01:46:55.948 0.8,0.0,0.0,0.0,0.0,-0.1105263157894736
2026-09-30T01:46:55.987 0.8,0.0,0.0,0.0,0.0,-0.1105263157894736
2026-09-30T01:46:56.037 0.8,0.0,0.0,0.0,0.0,-0.1105263157894736
2026-09-30T01:46:56.087 0.8,0.0,0.0,0.0,0.0,-0.1105263157894736
2026-09-30T01:46:56.137 0.8,0.0,0.0,0.0,0.0,-0.1105263157894736
2026-09-30T01:46:56.187 0.8,0.0,0.0,0.0,0.0,-0.1105263157894736
2026-09-30T01:46:56.237 0.8,0.0,0.0,0.0,0.0,-0.1105263157894736
2026-09-30T01:46:56.287 0.8,0.0,0.0,0.0,0.0,-0.1105263157894736
2026-09-30T01:46:56.338 0.8,0.0,0.0,0.0,0.0,-0.1105263157894736
2026-09-30T01:46:56.388 0.8,0.0,0.0,0.0,0.0,-0.1105263157894736
2026-09-30T01:46:56.437 0.8,0.0,0.0,0.0,0.0,-0.1105263157894736
2026-09-30T01:46:56.487 0.8,0.0,0.0,0.0,0.0,-0.1105263157894736
2026-09-30T01:46:56.538 0.8,0.0,0.0,0.0,0.0,-0.1105263157894736
2026-09-30T01:46:56.587 0.8,0.0,0.0,0.0,0.0,-0.1105263157894736
2026-09-30T01:46:56.638 0.8,0.0,0.0,0.0,0.0,-0.1105263157894736
2026-09-30T01:46:56.687 0.8,0.0,0.0,0.0,0.0,-0.1105263157894736
2026-09-30T01:46:56.737 0.8,0.0,0.0,0.0,0.0,-0.1105263157894736
2026-09-30T01:46:56.787 0.8,0.0,0.0,0.0,0.0,-0.1105263157894736
2026-09-30T01:46:56.837 0.8,0.0,0.0,0.0,0.0,-0.1105263157894736
2026-09-30T01:46:56.889 0.8,0.0,0.0,0.0,0.0,-0.1105263157894736
2026-09-30T01:46:56.937 0.8,0.0,0.0,0.0,0.0,-0.1105263157894736
2026-09-30T01:46:56.998 0.8,0.0,0.0,0.0,0.0,-0.1105263157894736
2026-09-30T01:46:57.038 0.8,0.0,0.0,0.0,0.0,-0.1105263157894736
2026-09-30T01:46:57.088 0.8,0.0,0.0,0.0,0.0,-0.1105263157894736
2026-09-30T01:46:57.148 0.8,0.0,0.0,0.0,0.0,-0.1105263157894736
2026-09-30T01:46:57.187 0.8,0.0,0.0,0.0,0.0,-0.1105263157894736
2026-09-30T01:46:57.237 0.8,0.0,0.0,0.0,0.0,-0.1105263157894736
2026-09-30T01:46:57.287 0.8,0.0,0.0,0.0,0.0,-0.1105263157894736
2026-09-30T01:46:57.337 0.8,0.0,0.0,0.0,0.0,-0.1105263157894736
2026-09-30T01:46:57.388 0.8,0.0,0.0,0.0,0.0,-0.1105263157894736
2026-09-30T01:46:57.438 0.8,0.0,0.0,0.0,0.0,-0.1105263157894736
2026-09-30T01:46:57.498 0.8,0.0,0.0,0.0,0.0,-0.18421052631578938
2026-09-30T01:46:57.548 0.8,0.0,0.0,0.0,0.0,-0.18421052631578938
2026-09-30T01:46:57.589 0.8,0.0,0.0,0.0,0.0,-0.18421052631578938
2026-09-30T01:46:57.637 0.8,0.0,0.0,0.0,0.0,-0.18421052631578938
2026-09-30T01:46:57.688 0.8,0.0,0.0,0.0,0.0,-0.18421052631578938
2026-09-30T01:46:57.737 0.8,0.0,0.0,0.0,0.0,-0.1105263157894736
2026-09-30T01:46:57.788 0.8,0.0,0.0,0.0,0.0,-0.1105263157894736
2026-09-30T01:46:57.837 0.8,0.0,0.0,0.0,0.0,-0.1105263157894736
2026-09-30T01:46:57.887 0.8,0.0,0.0,0.0,0.0,-0.1105263157894736
2026-09-30T01:46:57.937 0.8,0.0,0.0,0.0,0.0,-0.1105263157894736
2026-09-30T01:46:57.997 0.8,0.0,0.0,0.0,0.0,-0.1105263157894736
2026-09-30T01:46:58.038 0.8,0.0,0.0,0.0,0.0,-0.1105263157894736
2026-09-30T01:46:58.087 0.8,0.0,0.0,0.0,0.0,-0.1105263157894736
2026-09-30T01:46:58.137 0.8,0.0,0.0,0.0,0.0,-0.1105263157894736
2026-09-30T01:46:58.187 0.8,0.0,0.0,0.0,0.0,-0.1105263157894736
2026-09-30T01:46:58.237 0.8,0.0,0.0,0.0,0.0,-0.1105263157894736
2026-09-30T01:46:58.287 0.8,0.0,0.0,0.0,0.0,-0.1105263157894736
2026-09-30T01:46:58.337 0.8,0.0,0.0,0.0,0.0,-0.1105263157894736
2026-09-30T01:46:58.389 0.8,0.0,0.0,0.0,0.0,-0.1105263157894736
2026-09-30T01:46:58.438 0.8,0.0,0.0,0.0,0.0,-0.1105263157894736
2026-09-30T01:46:58.498 0.8,0.0,0.0,0.0,0.0,-0.1105263157894736
2026-09-30T01:46:58.537 0.8,0.0,0.0,0.0,0.0,-0.1105263157894736
2026-09-30T01:46:58.587 0.8,0.0,0.0,0.0,0.0,-0.1105263157894736
2026-09-30T01:46:58.637 0.8,0.0,0.0,0.0,0.0,-0.1105263157894736
2026-09-30T01:46:58.687 0.8,0.0,0.0,0.0,0.0,-0.1105263157894736
2026-09-30T01:46:58.737 0.8,0.0,0.0,0.0,0.0,-0.1105263157894736
2026-09-30T01:46:58.787 0.8,0.0,0.0,0.0,0.0,-0.1105263157894736
2026-09-30T01:46:58.837 0.8,0.0,0.0,0.0,0.0,-0.1105263157894736
2026-09-30T01:46:58.888 0.8,0.0,0.0,0.0,0.0,-0.1105263157894736
2026-09-30T01:46:58.938 0.8,0.0,0.0,0.0,0.0,-0.1105263157894736
2026-09-30T01:46:58.988 0.8,0.0,0.0,0.0,0.0,-0.1105263157894736
2026-09-30T01:46:59.038 0.8,0.0,0.0,0.0,0.0,-0.1105263157894736
2026-09-30T01:46:59.087 0.8,0.0,0.0,0.0,0.0,-0.1105263157894736
2026-09-30T01:46:59.139 0.8,0.0,0.0,0.0,0.0,-0.1105263157894736
2026-09-30T01:46:59.188 0.8,0.0,0.0,0.0,0.0,-0.1105263157894736
2026-09-30T01:46:59.237 0.8,0.0,0.0,0.0,0.0,-0.1105263157894736
2026-09-30T01:46:59.288 0.8,0.0,0.0,0.0,0.0,-0.1105263157894736
2026-09-30T01:46:59.337 0.8,0.0,0.0,0.0,0.0,-0.1105263157894736
2026-09-30T01:46:59.387 0.8,0.0,0.0,0.0,0.0,-0.1105263157894736
2026-09-30T01:46:59.438 0.8,0.0,0.0,0.0,0.0,-0.1105263157894736
2026-09-30T01:46:59.487 0.8,0.0,0.0,0.0,0.0,-0.1105263157894736
2026-09-30T01:46:59.537 0.8,0.0,0.0,0.0,0.0,-0.1105263157894736
2026-09-30T01:46:59.587 0.8,0.0,0.0,0.0,0.0,-0.1105263157894736
2026-09-30T01:46:59.638 0.8,0.0,0.0,0.0,0.0,-0.1105263157894736
2026-09-30T01:46:59.688 0.8,0.0,0.0,0.0,0.0,-0.1105263157894736
2026-09-30T01:46:59.738 0.8,0.0,0.0,0.0,0.0,-0.1105263157894736
2026-09-30T01:46:59.787 0.8,0.0,0.0,0.0,0.0,-0.1105263157894736
2026-09-30T01:46:59.837 0.8,0.0,0.0,0.0,0.0,-0.1105263157894736
2026-09-30T01:46:59.887 0.8,0.0,0.0,0.0,0.0,-0.1105263157894736
2026-09-30T01:46:59.938 0.8,0.0,0.0,0.0,0.0,-0.1105263157894736
2026-09-30T01:46:59.987 0.8,0.0,0.0,0.0,0.0,-0.1105263157894736
2026-09-30T01:47:00.038 0.8,0.0,0.0,0.0,0.0,-0.1105263157894736
2026-09-30T01:47:00.087 0.8,0.0,0.0,0.0,0.0,-0.18421052631578938
2026-09-30T01:47:00.138 0.8,0.0,0.0,0.0,0.0,-0.18421052631578938
2026-09-30T01:47:00.188 0.8,0.0,0.0,0.0,0.0,-0.18421052631578938
2026-09-30T01:47:00.237 0.8,0.0,0.0,0.0,0.0,-0.18421052631578938
2026-09-30T01:47:00.288 0.8,0.0,0.0,0.0,0.0,-0.18421052631578938
2026-09-30T01:47:00.340 0.8,0.0,0.0,0.0,0.0,-0.18421052631578938
2026-09-30T01:47:00.388 0.8,0.0,0.0,0.0,0.0,-0.18421052631578938
2026-09-30T01:47:00.437 0.8,0.0,0.0,0.0,0.0,-0.18421052631578938
2026-09-30T01:47:00.488 0.8,0.0,0.0,0.0,0.0,-0.18421052631578938
2026-09-30T01:47:00.537 0.8,0.0,0.0,0.0,0.0,-0.18421052631578938
2026-09-30T01:47:00.598 0.8,0.0,0.0,0.0,0.0,-0.18421052631578938
2026-09-30T01:47:00.638 0.8,0.0,0.0,0.0,0.0,-0.18421052631578938
2026-09-30T01:47:00.688 0.8,0.0,0.0,0.0,0.0,-0.18421052631578938
2026-09-30T01:47:00.748 0.8,0.0,0.0,0.0,0.0,-0.18421052631578938
2026-09-30T01:47:00.787 0.8,0.0,0.0,0.0,0.0,-0.18421052631578938
2026-09-30T01:47:00.837 0.8,0.0,0.0,0.0,0.0,-0.1105263157894736
2026-09-30T01:47:00.888 0.8,0.0,0.0,0.0,0.0,-0.1105263157894736
2026-09-30T01:47:00.937 0.8,0.0,0.0,0.0,0.0,-0.1105263157894736
2026-09-30T01:47:00.987 0.8,0.0,0.0,0.0,0.0,-0.18421052631578938
2026-09-30T01:47:01.038 0.8,0.0,0.0,0.0,0.0,-0.1105263157894736
2026-09-30T01:47:01.088 0.8,0.0,0.0,0.0,0.0,-0.1105263157894736
2026-09-30T01:47:01.137 0.8,0.0,0.0,0.0,0.0,-0.1105263157894736
2026-09-30T01:47:01.188 0.8,0.0,0.0,0.0,0.0,-0.1105263157894736
2026-09-30T01:47:01.238 0.8,0.0,0.0,0.0,0.0,-0.1105263157894736
2026-09-30T01:47:01.287 0.8,0.0,0.0,0.0,0.0,-0.1105263157894736
2026-09-30T01:47:01.338 0.8,0.0,0.0,0.0,0.0,-0.1105263157894736
2026-09-30T01:47:01.388 0.8,0.0,0.0,0.0,0.0,-0.1105263157894736
2026-09-30T01:47:01.437 0.8,0.0,0.0,0.0,0.0,-0.1105263157894736
2026-09-30T01:47:01.488 0.8,0.0,0.0,0.0,0.0,-0.1105263157894736
2026-09-30T01:47:01.537 0.8,0.0,0.0,0.0,0.0,-0.18421052631578938
2026-09-30T01:47:01.587 0.8,0.0,0.0,0.0,0.0,-0.18421052631578938
2026-09-30T01:47:01.638 0.8,0.0,0.0,0.0,0.0,-0.1105263157894736
2026-09-30T01:47:01.688 0.8,0.0,0.0,0.0,0.0,-0.18421052631578938
2026-09-30T01:47:01.738 0.8,0.0,0.0,0.0,0.0,-0.1105263157894736
2026-09-30T01:47:01.787 0.8,0.0,0.0,0.0,0.0,-0.1105263157894736
2026-09-30T01:47:01.837 0.8,0.0,0.0,0.0,0.0,-0.1105263157894736
2026-09-30T01:47:01.887 0.8,0.0,0.0,0.0,0.0,-0.1105263157894736
2026-09-30T01:47:01.937 0.8,0.0,0.0,0.0,0.0,-0.1105263157894736
2026-09-30T01:47:01.988 0.8,0.0,0.0,0.0,0.0,-0.1105263157894736
2026-09-30T01:47:02.037 0.8,0.0,0.0,0.0,0.0,-0.1105263157894736
2026-09-30T01:47:02.088 0.8,0.0,0.0,0.0,0.0,-0.1105263157894736
2026-09-30T01:47:02.137 0.8,0.0,0.0,0.0,0.0,-0.1105263157894736
2026-09-30T01:47:02.188 0.8,0.0,0.0,0.0,0.0,-0.1105263157894736
2026-09-30T01:47:02.237 0.8,0.0,0.0,0.0,0.0,-0.1105263157894736
2026-09-30T01:47:02.290 0.8,0.0,0.0,0.0,0.0,-0.1105263157894736
2026-09-30T01:47:02.337 0.8,0.0,0.0,0.0,0.0,-0.1105263157894736
2026-09-30T01:47:02.388 0.8,0.0,0.0,0.0,0.0,-0.18421052631578938
2026-09-30T01:47:02.437 0.8,0.0,0.0,0.0,0.0,-0.18421052631578938
2026-09-30T01:47:02.488 0.8,0.0,0.0,0.0,0.0,-0.18421052631578938
2026-09-30T01:47:02.537 0.8,0.0,0.0,0.0,0.0,-0.1105263157894736
2026-09-30T01:47:02.590 0.8,0.0,0.0,0.0,0.0,-0.1105263157894736
2026-09-30T01:47:02.638 0.8,0.0,0.0,0.0,0.0,-0.1105263157894736
2026-09-30T01:47:02.688 0.8,0.0,0.0,0.0,0.0,-0.1105263157894736
2026-09-30T01:47:03.529 0.8,0.0,0.0,0.0,0.0,-0.1105263157894736
2026-09-30T01:47:03.579 0.8,0.0,0.0,0.0,0.0,-0.18421052631578938
2026-09-30T01:47:04.818 0.8,0.0,0.0,0.0,0.0,-0.18421052631578938
2026-09-30T01:47:04.868 0.8,0.0,0.0,0.0,0.0,-0.18421052631578938
2026-09-30T01:47:04.918 0.8,0.0,0.0,0.0,0.0,-0.1105263157894736
2026-09-30T01:47:04.968 0.8,0.0,0.0,0.0,0.0,-0.18421052631578938
2026-09-30T01:47:05.018 0.8,0.0,0.0,0.0,0.0,-0.18421052631578938
2026-09-30T01:47:05.080 0.8,0.0,0.0,0.0,0.0,-0.18421052631578938
2026-09-30T01:47:05.118 0.8,0.0,0.0,0.0,0.0,-0.18421052631578938
2026-09-30T01:47:05.168 0.8,0.0,0.0,0.0,0.0,-0.18421052631578938
2026-09-30T01:47:05.228 0.8,0.0,0.0,0.0,0.0,-0.18421052631578938
2026-09-30T01:47:05.268 0.8,0.0,0.0,0.0,0.0,-0.18421052631578938
2026-09-30T01:47:05.318 0.8,0.0,0.0,0.0,0.0,-0.18421052631578938
2026-09-30T01:47:05.370 0.8,0.0,0.0,0.0,0.0,-0.18421052631578938
2026-09-30T01:47:05.418 0.8,0.0,0.0,0.0,0.0,-0.1105263157894736
2026-09-30T01:47:05.468 0.8,0.0,0.0,0.0,0.0,-0.18421052631578938
2026-09-30T01:47:05.518 0.8,0.0,0.0,0.0,0.0,-0.18421052631578938
2026-09-30T01:47:05.568 0.8,0.0,0.0,0.0,0.0,-0.18421052631578938
2026-09-30T01:47:05.618 0.8,0.0,0.0,0.0,0.0,-0.18421052631578938
2026-09-30T01:47:05.669 0.8,0.0,0.0,0.0,0.0,-0.18421052631578938
2026-09-30T01:47:05.718 0.8,0.0,0.0,0.0,0.0,-0.18421052631578938
2026-09-30T01:47:05.768 0.8,0.0,0.0,0.0,0.0,-0.18421052631578938
2026-09-30T01:47:05.818 0.8,0.0,0.0,0.0,0.0,-0.18421052631578938
2026-09-30T01:47:05.868 0.8,0.0,0.0,0.0,0.0,-0.18421052631578938
2026-09-30T01:47:05.928 0.8,0.0,0.0,0.0,0.0,-0.18421052631578938
2026-09-30T01:47:05.968 0.8,0.0,0.0,0.0,0.0,-0.18421052631578938
2026-09-30T01:47:06.018 0.8,0.0,0.0,0.0,0.0,-0.18421052631578938
2026-09-30T01:47:06.068 0.8,0.0,0.0,0.0,0.0,-0.18421052631578938
2026-09-30T01:47:06.118 0.8,0.0,0.0,0.0,0.0,-0.18421052631578938
2026-09-30T01:47:06.168 0.8,0.0,0.0,0.0,0.0,-0.18421052631578938
2026-09-30T01:47:06.218 0.8,0.0,0.0,0.0,0.0,-0.18421052631578938
2026-09-30T01:47:06.268 0.8,0.0,0.0,0.0,0.0,-0.18421052631578938
2026-09-30T01:47:06.318 0.8,0.0,0.0,0.0,0.0,-0.18421052631578938
2026-09-30T01:47:06.370 0.8,0.0,0.0,0.0,0.0,-0.18421052631578938
2026-09-30T01:47:06.418 0.8,0.0,0.0,0.0,0.0,-0.2578947368421052
2026-09-30T01:47:06.468 0.8,0.0,0.0,0.0,0.0,-0.18421052631578938
2026-09-30T01:47:06.518 0.8,0.0,0.0,0.0,0.0,-0.2578947368421052
2026-09-30T01:47:06.568 0.8,0.0,0.0,0.0,0.0,-0.2578947368421052
2026-09-30T01:47:06.618 0.8,0.0,0.0,0.0,0.0,-0.2578947368421052
2026-09-30T01:47:06.668 0.8,0.0,0.0,0.0,0.0,-0.2578947368421052
2026-09-30T01:47:06.718 0.8,0.0,0.0,0.0,0.0,-0.2578947368421052
2026-09-30T01:47:06.771 0.8,0.0,0.0,0.0,0.0,-0.2578947368421052
2026-09-30T01:47:06.819 0.8,0.0,0.0,0.0,0.0,-0.2578947368421052
2026-09-30T01:47:06.869 0.8,0.0,0.0,0.0,0.0,-0.2578947368421052
2026-09-30T01:47:06.918 0.7578947368421055,0.0,0.0,0.0,0.0,-0.18421052631578938
2026-09-30T01:47:06.968 0.8,0.0,0.0,0.0,0.0,-0.2578947368421052
2026-09-30T01:47:07.018 0.8,0.0,0.0,0.0,0.0,-0.2578947368421052
2026-09-30T01:47:07.068 0.8,0.0,0.0,0.0,0.0,-0.18421052631578938
2026-09-30T01:47:07.118 0.8,0.0,0.0,0.0,0.0,-0.18421052631578938
2026-09-30T01:47:07.169 0.8,0.0,0.0,0.0,0.0,-0.18421052631578938
2026-09-30T01:47:07.218 0.8,0.0,0.0,0.0,0.0,-0.18421052631578938
2026-09-30T01:47:07.268 0.7578947368421055,0.0,0.0,0.0,0.0,-0.18421052631578938
2026-09-30T01:47:07.318 0.8,0.0,0.0,0.0,0.0,-0.18421052631578938
2026-09-30T01:47:07.368 0.8,0.0,0.0,0.0,0.0,-0.18421052631578938
2026-09-30T01:47:07.418 0.8,0.0,0.0,0.0,0.0,-0.18421052631578938
2026-09-30T01:47:07.468 0.8,0.0,0.0,0.0,0.0,-0.18421052631578938
2026-09-30T01:47:07.518 0.8,0.0,0.0,0.0,0.0,-0.18421052631578938
2026-09-30T01:47:07.568 0.8,0.0,0.0,0.0,0.0,-0.18421052631578938
2026-09-30T01:47:07.618 0.8,0.0,0.0,0.0,0.0,-0.18421052631578938
2026-09-30T01:47:07.668 0.8,0.0,0.0,0.0,0.0,-0.18421052631578938
2026-09-30T01:47:07.718 0.8,0.0,0.0,0.0,0.0,-0.18421052631578938
2026-09-30T01:47:07.768 0.8,0.0,0.0,0.0,0.0,-0.18421052631578938
2026-09-30T01:47:07.818 0.8,0.0,0.0,0.0,0.0,-0.18421052631578938
2026-09-30T01:47:07.868 0.8,0.0,0.0,0.0,0.0,-0.18421052631578938
2026-09-30T01:47:07.918 0.8,0.0,0.0,0.0,0.0,-0.18421052631578938
2026-09-30T01:47:07.968 0.8,0.0,0.0,0.0,0.0,-0.18421052631578938
2026-09-30T01:47:08.018 0.8,0.0,0.0,0.0,0.0,-0.18421052631578938
2026-09-30T01:47:08.068 0.8,0.0,0.0,0.0,0.0,-0.18421052631578938
2026-09-30T01:47:08.128 0.8,0.0,0.0,0.0,0.0,-0.18421052631578938
2026-09-30T01:47:08.168 0.8,0.0,0.0,0.0,0.0,-0.18421052631578938
2026-09-30T01:47:08.218 0.8,0.0,0.0,0.0,0.0,-0.18421052631578938
2026-09-30T01:47:08.268 0.8,0.0,0.0,0.0,0.0,-0.18421052631578938
2026-09-30T01:47:08.318 0.8,0.0,0.0,0.0,0.0,-0.18421052631578938
2026-09-30T01:47:08.368 0.8,0.0,0.0,0.0,0.0,-0.18421052631578938
2026-09-30T01:47:08.418 0.8,0.0,0.0,0.0,0.0,-0.18421052631578938
2026-09-30T01:47:08.468 0.8,0.0,0.0,0.0,0.0,-0.1105263157894736
2026-09-30T01:47:08.518 0.8,0.0,0.0,0.0,0.0,-0.1105263157894736
2026-09-30T01:47:08.568 0.8,0.0,0.0,0.0,0.0,-0.1105263157894736
2026-09-30T01:47:08.618 0.8,0.0,0.0,0.0,0.0,-0.1105263157894736
2026-09-30T01:47:08.668 0.8,0.0,0.0,0.0,0.0,-0.1105263157894736
2026-09-30T01:47:08.718 0.8,0.0,0.0,0.0,0.0,-0.1105263157894736
2026-09-30T01:47:08.768 0.8,0.0,0.0,0.0,0.0,-0.1105263157894736
2026-09-30T01:47:08.818 0.8,0.0,0.0,0.0,0.0,-0.1105263157894736
2026-09-30T01:47:08.868 0.8,0.0,0.0,0.0,0.0,-0.1105263157894736
2026-09-30T01:47:08.918 0.8,0.0,0.0,0.0,0.0,-0.1105263157894736
2026-09-30T01:47:08.968 0.8,0.0,0.0,0.0,0.0,-0.1105263157894736
2026-09-30T01:47:09.020 0.8,0.0,0.0,0.0,0.0,-0.1105263157894736
2026-09-30T01:47:09.068 0.8,0.0,0.0,0.0,0.0,-0.1105263157894736
2026-09-30T01:47:09.118 0.8,0.0,0.0,0.0,0.0,-0.18421052631578938
2026-09-30T01:47:09.168 0.8,0.0,0.0,0.0,0.0,-0.1105263157894736
2026-09-30T01:47:09.218 0.8,0.0,0.0,0.0,0.0,-0.1105263157894736
2026-09-30T01:47:09.268 0.8,0.0,0.0,0.0,0.0,-0.1105263157894736
2026-09-30T01:47:09.318 0.8,0.0,0.0,0.0,0.0,-0.1105263157894736
2026-09-30T01:47:09.371 0.8,0.0,0.0,0.0,0.0,-0.1105263157894736
2026-09-30T01:47:09.430 0.8,0.0,0.0,0.0,0.0,-0.1105263157894736
2026-09-30T01:47:09.478 0.8,0.0,0.0,0.0,0.0,-0.1105263157894736
2026-09-30T01:47:09.518 0.8,0.0,0.0,0.0,0.0,-0.1105263157894736
2026-09-30T01:47:09.568 0.8,0.0,0.0,0.0,0.0,-0.1105263157894736
2026-09-30T01:47:09.618 0.8,0.0,0.0,0.0,0.0,-0.1105263157894736
2026-09-30T01:47:09.668 0.8,0.0,0.0,0.0,0.0,-0.1105263157894736
2026-09-30T01:47:09.718 0.8,0.0,0.0,0.0,0.0,-0.1105263157894736
2026-09-30T01:47:09.768 0.8,0.0,0.0,0.0,0.0,-0.036842105263157815
2026-09-30T01:47:09.818 0.8,0.0,0.0,0.0,0.0,-0.036842105263157815
2026-09-30T01:47:09.868 0.8,0.0,0.0,0.0,0.0,-0.036842105263157815
2026-09-30T01:47:09.918 0.8,0.0,0.0,0.0,0.0,-0.036842105263157815
2026-09-30T01:47:09.968 0.8,0.0,0.0,0.0,0.0,-0.036842105263157815
2026-09-30T01:47:10.018 0.8,0.0,0.0,0.0,0.0,-0.036842105263157815
2026-09-30T01:47:10.068 0.8,0.0,0.0,0.0,0.0,-0.036842105263157815
2026-09-30T01:47:10.118 0.8,0.0,0.0,0.0,0.0,-0.036842105263157815
2026-09-30T01:47:10.168 0.8,0.0,0.0,0.0,0.0,-0.036842105263157815
2026-09-30T01:47:10.218 0.8,0.0,0.0,0.0,0.0,0.0
2026-09-30T01:47:10.268 0.8,0.0,0.0,0.0,0.0,0.0
2026-09-30T01:47:10.318 0.8,0.0,0.0,0.0,0.0,0.0
2026-09-30T01:47:10.368 0.8,0.0,0.0,0.0,0.0,0.0
2026-09-30T01:47:10.418 0.8,0.0,0.0,0.0,0.0,0.0
2026-09-30T01:47:10.468 0.8,0.0,0.0,0.0,0.0,0.0
2026-09-30T01:47:10.518 0.8,0.0,0.0,0.0,0.0,0.0
2026-09-30T01:47:10.568 0.8,0.0,0.0,0.0,0.0,0.0
2026-09-30T01:47:10.618 0.8,0.0,0.0,0.0,0.0,0.0
2026-09-30T01:47:10.668 0.8,0.0,0.0,0.0,0.0,0.0
2026-09-30T01:47:10.718 0.8,0.0,0.0,0.0,0.0,0.0
2026-09-30T01:47:10.768 0.8,0.0,0.0,0.0,0.0,0.0
2026-09-30T01:47:10.818 0.8,0.0,0.0,0.0,0.0,0.0
2026-09-30T01:47:10.868 0.8,0.0,0.0,0.0,0.0,0.0
2026-09-30T01:47:10.918 0.8,0.0,0.0,0.0,0.0,0.0
2026-09-30T01:47:10.968 0.8,0.0,0.0,0.0,0.0,0.0
2026-09-30T01:47:11.018 0.8,0.0,0.0,0.0,0.0,0.03684210526315797
2026-09-30T01:47:11.068 0.8,0.0,0.0,0.0,0.0,0.03684210526315797
2026-09-30T01:47:11.118 0.8,0.0,0.0,0.0,0.0,0.03684210526315797
2026-09-30T01:47:11.168 0.8,0.0,0.0,0.0,0.0,0.03684210526315797
2026-09-30T01:47:11.218 0.8,0.0,0.0,0.0,0.0,0.0
2026-09-30T01:47:11.268 0.8,0.0,0.0,0.0,0.0,0.03684210526315797
2026-09-30T01:47:11.318 0.8,0.0,0.0,0.0,0.0,0.03684210526315797
2026-09-30T01:47:11.368 0.8,0.0,0.0,0.0,0.0,0.03684210526315797
2026-09-30T01:47:11.418 0.8,0.0,0.0,0.0,0.0,0.03684210526315797
2026-09-30T01:47:11.468 0.8,0.0,0.0,0.0,0.0,0.03684210526315797
2026-09-30T01:47:11.518 0.8,0.0,0.0,0.0,0.0,0.03684210526315797
2026-09-30T01:47:11.568 0.8,0.0,0.0,0.0,0.0,0.03684210526315797
2026-09-30T01:47:11.620 0.8,0.0,0.0,0.0,0.0,0.0
2026-09-30T01:47:11.668 0.8,0.0,0.0,0.0,0.0,0.03684210526315797
2026-09-30T01:47:11.718 0.8,0.0,0.0,0.0,0.0,0.03684210526315797
2026-09-30T01:47:11.768 0.8,0.0,0.0,0.0,0.0,0.03684210526315797
2026-09-30T01:47:11.818 0.8,0.0,0.0,0.0,0.0,0.03684210526315797
2026-09-30T01:47:11.868 0.8,0.0,0.0,0.0,0.0,0.03684210526315797
2026-09-30T01:47:11.918 0.7578947368421055,0.0,0.0,0.0,0.0,0.03684210526315797
2026-09-30T01:47:11.978 0.7578947368421055,0.0,0.0,0.0,0.0,0.03684210526315797
2026-09-30T01:47:12.028 0.7578947368421055,0.0,0.0,0.0,0.0,0.03684210526315797
2026-09-30T01:47:12.068 0.7578947368421055,0.0,0.0,0.0,0.0,0.03684210526315797
2026-09-30T01:47:12.118 0.7157894736842108,0.0,0.0,0.0,0.0,0.03684210526315797
2026-09-30T01:47:12.168 0.7157894736842108,0.0,0.0,0.0,0.0,0.03684210526315797
2026-09-30T01:47:12.218 0.7157894736842108,0.0,0.0,0.0,0.0,0.03684210526315797
2026-09-30T01:47:12.268 0.7157894736842108,0.0,0.0,0.0,0.0,0.03684210526315797
2026-09-30T01:47:12.318 0.673684210526316,0.0,0.0,0.0,0.0,0.03684210526315797
2026-09-30T01:47:12.378 0.673684210526316,0.0,0.0,0.0,0.0,0.03684210526315797
2026-09-30T01:47:12.418 0.673684210526316,0.0,0.0,0.0,0.0,0.03684210526315797
2026-09-30T01:47:12.468 0.673684210526316,0.0,0.0,0.0,0.0,0.03684210526315797
2026-09-30T01:47:12.518 0.6315789473684212,0.0,0.0,0.0,0.0,0.03684210526315797
2026-09-30T01:47:12.568 0.6315789473684212,0.0,0.0,0.0,0.0,0.03684210526315797
2026-09-30T01:47:12.618 0.6315789473684212,0.0,0.0,0.0,0.0,0.03684210526315797
2026-09-30T01:47:12.668 0.6315789473684212,0.0,0.0,0.0,0.0,0.03684210526315797
2026-09-30T01:47:12.718 0.6315789473684212,0.0,0.0,0.0,0.0,0.03684210526315797
2026-09-30T01:47:12.768 0.5894736842105265,0.0,0.0,0.0,0.0,0.03684210526315797
2026-09-30T01:47:12.818 0.5894736842105265,0.0,0.0,0.0,0.0,0.03684210526315797
2026-09-30T01:47:12.868 0.6315789473684212,0.0,0.0,0.0,0.0,0.0
2026-09-30T01:47:12.918 0.6315789473684212,0.0,0.0,0.0,0.0,0.0
2026-09-30T01:47:12.978 0.5894736842105265,0.0,0.0,0.0,0.0,0.03684210526315797
2026-09-30T01:47:13.018 0.5894736842105265,0.0,0.0,0.0,0.0,0.03684210526315797
2026-09-30T01:47:13.068 0.5894736842105265,0.0,0.0,0.0,0.0,0.0
2026-09-30T01:47:13.118 0.5894736842105265,0.0,0.0,0.0,0.0,0.0
2026-09-30T01:47:13.168 0.5894736842105265,0.0,0.0,0.0,0.0,0.0
2026-09-30T01:47:13.218 0.5473684210526317,0.0,0.0,0.0,0.0,0.03684210526315797
2026-09-30T01:47:13.268 0.5473684210526317,0.0,0.0,0.0,0.0,0.03684210526315797
2026-09-30T01:47:13.318 0.5473684210526317,0.0,0.0,0.0,0.0,0.0
2026-09-30T01:47:13.368 0.5473684210526317,0.0,0.0,0.0,0.0,0.0
2026-09-30T01:47:13.418 0.5473684210526317,0.0,0.0,0.0,0.0,0.0
2026-09-30T01:47:13.468 0.5473684210526317,0.0,0.0,0.0,0.0,0.0
2026-09-30T01:47:13.518 0.5473684210526317,0.0,0.0,0.0,0.0,0.0
2026-09-30T01:47:13.568 0.505263157894737,0.0,0.0,0.0,0.0,0.0
2026-09-30T01:47:13.618 0.505263157894737,0.0,0.0,0.0,0.0,0.0
2026-09-30T01:47:13.669 0.505263157894737,0.0,0.0,0.0,0.0,0.0
2026-09-30T01:47:13.718 0.505263157894737,0.0,0.0,0.0,0.0,0.0
2026-09-30T01:47:13.768 0.505263157894737,0.0,0.0,0.0,0.0,0.0
2026-09-30T01:47:13.818 0.505263157894737,0.0,0.0,0.0,0.0,0.0
2026-09-30T01:47:13.868 0.4631578947368422,0.0,0.0,0.0,0.0,0.03684210526315797
2026-09-30T01:47:13.918 0.4631578947368422,0.0,0.0,0.0,0.0,0.03684210526315797
2026-09-30T01:47:13.968 0.4631578947368422,0.0,0.0,0.0,0.0,0.0
2026-09-30T01:47:14.018 0.4631578947368422,0.0,0.0,0.0,0.0,0.0
2026-09-30T01:47:14.068 0.4631578947368422,0.0,0.0,0.0,0.0,0.0
2026-09-30T01:47:14.118 0.4631578947368422,0.0,0.0,0.0,0.0,0.0
2026-09-30T01:47:14.168 0.4631578947368422,0.0,0.0,0.0,0.0,0.0
2026-09-30T01:47:14.218 0.4631578947368422,0.0,0.0,0.0,0.0,0.0
2026-09-30T01:47:14.268 0.42105263157894746,0.0,0.0,0.0,0.0,0.03684210526315797
2026-09-30T01:47:14.318 0.42105263157894746,0.0,0.0,0.0,0.0,0.0
2026-09-30T01:47:14.368 0.42105263157894746,0.0,0.0,0.0,0.0,-0.036842105263157815
2026-09-30T01:47:14.418 0.42105263157894746,0.0,0.0,0.0,0.0,0.0
2026-09-30T01:47:14.468 0.42105263157894746,0.0,0.0,0.0,0.0,0.0
2026-09-30T01:47:14.518 0.42105263157894746,0.0,0.0,0.0,0.0,0.0
2026-09-30T01:47:14.578 0.42105263157894746,0.0,0.0,0.0,0.0,0.0
2026-09-30T01:47:14.618 0.3789473684210527,0.0,0.0,0.0,0.0,0.03684210526315797
2026-09-30T01:47:14.668 0.3789473684210527,0.0,0.0,0.0,0.0,0.0
2026-09-30T01:47:14.718 0.3789473684210527,0.0,0.0,0.0,0.0,0.0
2026-09-30T01:47:14.768 0.3789473684210527,0.0,0.0,0.0,0.0,-0.036842105263157815
2026-09-30T01:47:14.818 0.3789473684210527,0.0,0.0,0.0,0.0,-0.036842105263157815
2026-09-30T01:47:14.878 0.3789473684210527,0.0,0.0,0.0,0.0,0.0
2026-09-30T01:47:14.918 0.3789473684210527,0.0,0.0,0.0,0.0,0.0
2026-09-30T01:47:14.968 0.3789473684210527,0.0,0.0,0.0,0.0,0.0
2026-09-30T01:47:15.018 0.3789473684210527,0.0,0.0,0.0,0.0,0.0
2026-09-30T01:47:15.068 0.3789473684210527,0.0,0.0,0.0,0.0,0.0
2026-09-30T01:47:15.128 0.33684210526315794,0.0,0.0,0.0,0.0,0.0
2026-09-30T01:47:15.170 0.33684210526315794,0.0,0.0,0.0,0.0,-0.036842105263157815
2026-09-30T01:47:15.218 0.33684210526315794,0.0,0.0,0.0,0.0,-0.036842105263157815
2026-09-30T01:47:15.268 0.33684210526315794,0.0,0.0,0.0,0.0,-0.036842105263157815
2026-09-30T01:47:15.318 0.33684210526315794,0.0,0.0,0.0,0.0,-0.036842105263157815
2026-09-30T01:47:15.378 0.33684210526315794,0.0,0.0,0.0,0.0,0.0
2026-09-30T01:47:15.418 0.33684210526315794,0.0,0.0,0.0,0.0,0.0
2026-09-30T01:47:15.478 0.33684210526315794,0.0,0.0,0.0,0.0,0.0
2026-09-30T01:47:15.518 0.2947368421052632,0.0,0.0,0.0,0.0,0.03684210526315797
2026-09-30T01:47:15.568 0.2947368421052632,0.0,0.0,0.0,0.0,0.03684210526315797
2026-09-30T01:47:15.618 0.2947368421052632,0.0,0.0,0.0,0.0,0.03684210526315797
2026-09-30T01:47:15.670 0.2947368421052632,0.0,0.0,0.0,0.0,0.03684210526315797
2026-09-30T01:47:15.718 0.25263157894736843,0.0,0.0,0.0,0.0,0.03684210526315797
2026-09-30T01:47:15.768 0.25263157894736843,0.0,0.0,0.0,0.0,0.0
2026-09-30T01:47:15.818 0.25263157894736843,0.0,0.0,0.0,0.0,0.0
2026-09-30T01:47:15.868 0.25263157894736843,0.0,0.0,0.0,0.0,0.0
2026-09-30T01:47:15.918 0.25263157894736843,0.0,0.0,0.0,0.0,0.03684210526315797
2026-09-30T01:47:15.968 0.25263157894736843,0.0,0.0,0.0,0.0,0.03684210526315797
2026-09-30T01:47:16.018 0.25263157894736843,0.0,0.0,0.0,0.0,0.03684210526315797
2026-09-30T01:47:16.068 0.25263157894736843,0.0,0.0,0.0,0.0,0.03684210526315797
2026-09-30T01:47:16.118 0.25263157894736843,0.0,0.0,0.0,0.0,0.03684210526315797
2026-09-30T01:47:16.170 0.25263157894736843,0.0,0.0,0.0,0.0,0.11052631578947375
2026-09-30T01:47:16.218 0.25263157894736843,0.0,0.0,0.0,0.0,0.03684210526315797
2026-09-30T01:47:16.268 0.25263157894736843,0.0,0.0,0.0,0.0,0.03684210526315797
2026-09-30T01:47:16.318 0.25263157894736843,0.0,0.0,0.0,0.0,0.03684210526315797
2026-09-30T01:47:16.378 0.25263157894736843,0.0,0.0,0.0,0.0,0.03684210526315797
2026-09-30T01:47:16.418 0.25263157894736843,0.0,0.0,0.0,0.0,-0.036842105263157815
2026-09-30T01:47:16.468 0.21052631578947367,0.0,0.0,0.0,0.0,0.03684210526315797
2026-09-30T01:47:16.518 0.21052631578947367,0.0,0.0,0.0,0.0,0.03684210526315797
2026-09-30T01:47:16.568 0.21052631578947367,0.0,0.0,0.0,0.0,0.0
2026-09-30T01:47:16.618 0.21052631578947367,0.0,0.0,0.0,0.0,0.0
2026-09-30T01:47:16.668 0.21052631578947367,0.0,0.0,0.0,0.0,0.0
2026-09-30T01:47:16.718 0.25263157894736843,0.0,0.0,0.0,0.0,0.11052631578947375
2026-09-30T01:47:16.768 0.25263157894736843,0.0,0.0,0.0,0.0,0.11052631578947375
2026-09-30T01:47:16.818 0.21052631578947367,0.0,0.0,0.0,0.0,0.03684210526315797
2026-09-30T01:47:16.868 0.21052631578947367,0.0,0.0,0.0,0.0,0.03684210526315797
2026-09-30T01:47:16.918 0.21052631578947367,0.0,0.0,0.0,0.0,0.03684210526315797
2026-09-30T01:47:16.968 0.21052631578947367,0.0,0.0,0.0,0.0,0.11052631578947375
2026-09-30T01:47:17.020 0.21052631578947367,0.0,0.0,0.0,0.0,0.03684210526315797
2026-09-30T01:47:17.070 0.21052631578947367,0.0,0.0,0.0,0.0,0.03684210526315797
2026-09-30T01:47:17.118 0.21052631578947367,0.0,0.0,0.0,0.0,0.03684210526315797
2026-09-30T01:47:17.168 0.21052631578947367,0.0,0.0,0.0,0.0,0.03684210526315797
2026-09-30T01:47:17.218 0.21052631578947367,0.0,0.0,0.0,0.0,0.03684210526315797
2026-09-30T01:47:17.268 0.21052631578947367,0.0,0.0,0.0,0.0,-0.036842105263157815
2026-09-30T01:47:17.320 0.16842105263157894,0.0,0.0,0.0,0.0,0.0
2026-09-30T01:47:17.378 0.16842105263157894,0.0,0.0,0.0,0.0,0.0
2026-09-30T01:47:17.418 0.16842105263157894,0.0,0.0,0.0,0.0,0.0
2026-09-30T01:47:17.468 0.21052631578947367,0.0,0.0,0.0,0.0,0.11052631578947375
2026-09-30T01:47:17.518 0.21052631578947367,0.0,0.0,0.0,0.0,0.11052631578947375
2026-09-30T01:47:17.568 0.21052631578947367,0.0,0.0,0.0,0.0,0.11052631578947375
2026-09-30T01:47:17.618 0.21052631578947367,0.0,0.0,0.0,0.0,0.11052631578947375
2026-09-30T01:47:17.668 0.21052631578947367,0.0,0.0,0.0,0.0,0.11052631578947375
2026-09-30T01:47:17.718 0.16842105263157894,0.0,0.0,0.0,0.0,0.03684210526315797
2026-09-30T01:47:17.768 0.16842105263157894,0.0,0.0,0.0,0.0,0.03684210526315797
2026-09-30T01:47:17.818 0.16842105263157894,0.0,0.0,0.0,0.0,0.03684210526315797
2026-09-30T01:47:17.868 0.16842105263157894,0.0,0.0,0.0,0.0,0.11052631578947375
2026-09-30T01:47:17.918 0.16842105263157894,0.0,0.0,0.0,0.0,0.11052631578947375
2026-09-30T01:47:17.978 0.16842105263157894,0.0,0.0,0.0,0.0,0.03684210526315797
2026-09-30T01:47:18.028 0.16842105263157894,0.0,0.0,0.0,0.0,0.03684210526315797
2026-09-30T01:47:18.068 0.16842105263157894,0.0,0.0,0.0,0.0,0.03684210526315797
2026-09-30T01:47:18.118 0.16842105263157894,0.0,0.0,0.0,0.0,0.03684210526315797
2026-09-30T01:47:18.168 0.16842105263157894,0.0,0.0,0.0,0.0,0.03684210526315797
2026-09-30T01:47:18.218 0.16842105263157894,0.0,0.0,0.0,0.0,0.03684210526315797
2026-09-30T01:47:18.268 0.16842105263157894,0.0,0.0,0.0,0.0,0.03684210526315797
2026-09-30T01:47:18.318 0.12631578947368421,0.0,0.0,0.0,0.0,0.0
2026-09-30T01:47:18.368 0.12631578947368421,0.0,0.0,0.0,0.0,-0.036842105263157815
2026-09-30T01:47:18.418 0.16842105263157894,0.0,0.0,0.0,0.0,0.11052631578947375
2026-09-30T01:47:18.468 0.16842105263157894,0.0,0.0,0.0,0.0,0.11052631578947375
2026-09-30T01:47:18.518 0.16842105263157894,0.0,0.0,0.0,0.0,0.11052631578947375
2026-09-30T01:47:18.568 0.16842105263157894,0.0,0.0,0.0,0.0,0.11052631578947375
2026-09-30T01:47:18.618 0.16842105263157894,0.0,0.0,0.0,0.0,0.11052631578947375
2026-09-30T01:47:18.668 0.16842105263157894,0.0,0.0,0.0,0.0,0.11052631578947375
2026-09-30T01:47:18.718 0.16842105263157894,0.0,0.0,0.0,0.0,0.11052631578947375
2026-09-30T01:47:18.768 0.16842105263157894,0.0,0.0,0.0,0.0,0.11052631578947375
2026-09-30T01:47:18.818 0.12631578947368421,0.0,0.0,0.0,0.0,0.03684210526315797
2026-09-30T01:47:18.868 0.12631578947368421,0.0,0.0,0.0,0.0,0.03684210526315797
2026-09-30T01:47:18.918 0.12631578947368421,0.0,0.0,0.0,0.0,0.03684210526315797
2026-09-30T01:47:18.968 0.12631578947368421,0.0,0.0,0.0,0.0,0.03684210526315797
2026-09-30T01:47:19.018 0.12631578947368421,0.0,0.0,0.0,0.0,0.11052631578947375
2026-09-30T01:47:19.068 0.12631578947368421,0.0,0.0,0.0,0.0,0.11052631578947375
2026-09-30T01:47:19.118 0.12631578947368421,0.0,0.0,0.0,0.0,0.11052631578947375
2026-09-30T01:47:19.168 0.12631578947368421,0.0,0.0,0.0,0.0,0.03684210526315797
2026-09-30T01:47:19.218 0.12631578947368421,0.0,0.0,0.0,0.0,0.03684210526315797
2026-09-30T01:47:19.268 0.12631578947368421,0.0,0.0,0.0,0.0,0.03684210526315797
2026-09-30T01:47:19.318 0.12631578947368421,0.0,0.0,0.0,0.0,0.03684210526315797
2026-09-30T01:47:19.368 0.12631578947368421,0.0,0.0,0.0,0.0,0.03684210526315797
2026-09-30T01:47:19.418 0.0013157894736842146,0.0,0.0,0.0,0.0,0.19684210526315798
2026-09-30T01:47:19.468 0.0,0.0,0.0,0.0,0.0,0.25789473684210534
2026-09-30T01:47:19.518 0.0,0.0,0.0,0.0,0.0,0.25789473684210534
2026-09-30T01:47:19.568 0.0,0.0,0.0,0.0,0.0,0.25789473684210534
2026-09-30T01:47:19.618 0.0,0.0,0.0,0.0,0.0,0.25789473684210534
2026-09-30T01:47:19.668 0.0,0.0,0.0,0.0,0.0,0.25789473684210534
2026-09-30T01:47:19.718 0.0,0.0,0.0,0.0,0.0,0.25789473684210534
2026-09-30T01:47:19.768 0.0,0.0,0.0,0.0,0.0,0.25789473684210534
2026-09-30T01:47:19.828 0.0,0.0,0.0,0.0,0.0,0.25789473684210534
2026-09-30T01:47:19.878 0.0,0.0,0.0,0.0,0.0,0.25789473684210534
2026-09-30T01:47:19.918 0.0,0.0,0.0,0.0,0.0,0.25789473684210534
2026-09-30T01:47:19.968 0.0,0.0,0.0,0.0,0.0,0.25789473684210534
2026-09-30T01:47:20.018 0.0,0.0,0.0,0.0,0.0,0.25789473684210534
2026-09-30T01:47:20.068 0.0,0.0,0.0,0.0,0.0,0.25789473684210534
2026-09-30T01:47:20.118 0.0,0.0,0.0,0.0,0.0,0.25789473684210534
2026-09-30T01:47:20.168 0.0,0.0,0.0,0.0,0.0,0.25789473684210534
2026-09-30T01:47:20.218 0.0,0.0,0.0,0.0,0.0,0.25789473684210534
2026-09-30T01:47:20.268 0.0,0.0,0.0,0.0,0.0,0.25789473684210534
2026-09-30T01:47:20.318 0.0,0.0,0.0,0.0,0.0,0.25789473684210534
2026-09-30T01:47:20.368 0.0,0.0,0.0,0.0,0.0,0.25789473684210534
2026-09-30T01:47:20.418 0.0,0.0,0.0,0.0,0.0,0.25789473684210534
2026-09-30T01:47:20.468 0.0,0.0,0.0,0.0,0.0,0.25789473684210534
2026-09-30T01:47:20.518 0.0,0.0,0.0,0.0,0.0,0.25789473684210534
2026-09-30T01:47:20.568 0.0,0.0,0.0,0.0,0.0,0.25789473684210534
2026-09-30T01:47:20.618 0.0,0.0,0.0,0.0,0.0,0.25789473684210534
2026-09-30T01:47:20.678 0.0,0.0,0.0,0.0,0.0,0.25789473684210534
2026-09-30T01:47:20.718 0.0,0.0,0.0,0.0,0.0,0.25789473684210534
2026-09-30T01:47:20.768 0.0,0.0,0.0,0.0,0.0,0.25789473684210534
2026-09-30T01:47:20.818 0.0,0.0,0.0,0.0,0.0,0.25789473684210534
2026-09-30T01:47:20.868 0.0,0.0,0.0,0.0,0.0,0.25789473684210534
2026-09-30T01:47:20.918 0.0,0.0,0.0,0.0,0.0,0.25789473684210534
2026-09-30T01:47:20.969 0.0,0.0,0.0,0.0,0.0,0.25789473684210534
2026-09-30T01:47:21.018 0.0,0.0,0.0,0.0,0.0,0.25789473684210534
2026-09-30T01:47:21.068 0.0,0.0,0.0,0.0,0.0,0.25789473684210534
2026-09-30T01:47:21.118 0.0,0.0,0.0,0.0,0.0,0.25789473684210534
2026-09-30T01:47:21.168 0.0,0.0,0.0,0.0,0.0,0.25789473684210534
2026-09-30T01:47:21.218 0.0,0.0,0.0,0.0,0.0,0.25789473684210534
2026-09-30T01:47:21.268 0.0,0.0,0.0,0.0,0.0,0.25789473684210534
2026-09-30T01:47:21.318 0.0,0.0,0.0,0.0,0.0,0.25789473684210534
2026-09-30T01:47:21.368 0.0,0.0,0.0,0.0,0.0,0.25789473684210534
2026-09-30T01:47:21.428 0.0,0.0,0.0,0.0,0.0,0.25789473684210534
2026-09-30T01:47:21.468 0.0,0.0,0.0,0.0,0.0,0.25789473684210534
2026-09-30T01:47:21.518 0.0,0.0,0.0,0.0,0.0,0.25789473684210534
2026-09-30T01:47:21.568 0.0,0.0,0.0,0.0,0.0,0.25789473684210534
2026-09-30T01:47:21.618 0.0,0.0,0.0,0.0,0.0,0.25789473684210534
2026-09-30T01:47:21.668 0.0,0.0,0.0,0.0,0.0,0.25789473684210534
2026-09-30T01:47:21.718 0.0,0.0,0.0,0.0,0.0,0.18421052631578955
2026-09-30T01:47:21.768 0.0,0.0,0.0,0.0,0.0,0.18421052631578955
2026-09-30T01:47:21.818 0.0,0.0,0.0,0.0,0.0,0.18421052631578955
2026-09-30T01:47:21.868 0.0,0.0,0.0,0.0,0.0,0.18421052631578955
2026-09-30T01:47:21.918 0.0,0.0,0.0,0.0,0.0,0.18421052631578955
2026-09-30T01:47:21.968 0.0,0.0,0.0,0.0,0.0,0.18421052631578955
2026-09-30T01:47:22.018 0.0,0.0,0.0,0.0,0.0,0.18421052631578955
2026-09-30T01:47:22.068 0.0,0.0,0.0,0.0,0.0,0.18421052631578955
2026-09-30T01:47:22.119 0.0,0.0,0.0,0.0,0.0,0.18421052631578955
2026-09-30T01:47:22.168 0.0,0.0,0.0,0.0,0.0,0.18421052631578955
2026-09-30T01:47:22.218 0.0,0.0,0.0,0.0,0.0,0.18421052631578955
2026-09-30T01:47:22.268 0.0,0.0,0.0,0.0,0.0,0.18421052631578955
2026-09-30T01:47:22.318 0.0,0.0,0.0,0.0,0.0,0.18421052631578955
2026-09-30T01:47:22.368 0.0,0.0,0.0,0.0,0.0,0.18421052631578955
2026-09-30T01:47:22.428 0.0,0.0,0.0,0.0,0.0,0.18421052631578955
2026-09-30T01:47:22.478 0.0,0.0,0.0,0.0,0.0,0.18421052631578955
2026-09-30T01:47:22.518 0.0,0.0,0.0,0.0,0.0,0.18421052631578955
2026-09-30T01:47:22.578 0.0,0.0,0.0,0.0,0.0,0.18421052631578955
2026-09-30T01:47:22.618 0.0,0.0,0.0,0.0,0.0,0.18421052631578955
2026-09-30T01:47:22.668 0.0,0.0,0.0,0.0,0.0,0.18421052631578955
2026-09-30T01:47:22.718 0.0,0.0,0.0,0.0,0.0,0.18421052631578955
2026-09-30T01:47:22.768 0.0,0.0,0.0,0.0,0.0,0.18421052631578955
2026-09-30T01:47:22.818 0.0,0.0,0.0,0.0,0.0,0.18421052631578955
2026-09-30T01:47:22.880 0.0,0.0,0.0,0.0,0.0,0.18421052631578955
2026-09-30T01:47:22.918 0.0,0.0,0.0,0.0,0.0,0.18421052631578955
2026-09-30T01:47:22.968 0.0,0.0,0.0,0.0,0.0,0.18421052631578955
2026-09-30T01:47:23.018 0.0,0.0,0.0,0.0,0.0,0.18421052631578955
2026-09-30T01:47:23.068 0.0,0.0,0.0,0.0,0.0,0.18421052631578955
2026-09-30T01:47:23.118 0.0,0.0,0.0,0.0,0.0,0.18421052631578955
2026-09-30T01:47:23.168 0.0,0.0,0.0,0.0,0.0,0.18421052631578955
2026-09-30T01:47:23.218 0.0,0.0,0.0,0.0,0.0,0.18421052631578955
2026-09-30T01:47:23.268 0.0,0.0,0.0,0.0,0.0,0.18421052631578955
2026-09-30T01:47:23.318 0.0,0.0,0.0,0.0,0.0,0.18421052631578955
2026-09-30T01:47:23.370 0.0,0.0,0.0,0.0,0.0,0.18421052631578955
2026-09-30T01:47:23.418 0.0,0.0,0.0,0.0,0.0,0.18421052631578955
2026-09-30T01:47:23.468 0.0,0.0,0.0,0.0,0.0,0.18421052631578955
2026-09-30T01:47:23.518 0.0,0.0,0.0,0.0,0.0,0.18421052631578955
2026-09-30T01:47:23.568 0.0,0.0,0.0,0.0,0.0,0.18421052631578955
2026-09-30T01:47:23.619 0.0,0.0,0.0,0.0,0.0,0.18421052631578955
2026-09-30T01:47:23.668 0.0,0.0,0.0,0.0,0.0,0.18421052631578955
2026-09-30T01:47:23.718 0.0,0.0,0.0,0.0,0.0,0.18421052631578955
2026-09-30T01:47:23.768 0.0,0.0,0.0,0.0,0.0,0.18421052631578955
2026-09-30T01:47:23.818 0.0,0.0,0.0,0.0,0.0,0.18421052631578955
2026-09-30T01:47:23.868 0.0,0.0,0.0,0.0,0.0,0.18421052631578955
2026-09-30T01:47:23.918 0.0,0.0,0.0,0.0,0.0,0.18421052631578955
2026-09-30T01:47:23.968 0.0,0.0,0.0,0.0,0.0,0.18421052631578955
2026-09-30T01:47:24.018 0.0,0.0,0.0,0.0,0.0,0.18421052631578955
2026-09-30T01:47:24.068 0.0,0.0,0.0,0.0,0.0,0.024210526315789543
2026-09-30T01:47:24.118 0.0,0.0,0.0,0.0,0.0,0.0
2026-09-30T01:47:24.168 0.0,0.0,0.0,0.0,0.0,0.0
2026-09-30T01:47:24.218 0.0,0.0,0.0,0.0,0.0,0.0
2026-09-30T01:47:24.268 0.0,0.0,0.0,0.0,0.0,0.0
2026-09-30T01:47:24.328 0.0,0.0,0.0,0.0,0.0,0.0
2026-09-30T01:47:24.378 0.0,0.0,0.0,0.0,0.0,0.0
2026-09-30T01:47:24.418 0.0,0.0,0.0,0.0,0.0,0.0
2026-09-30T01:47:24.468 0.0,0.0,0.0,0.0,0.0,0.0
2026-09-30T01:47:24.519 0.0,0.0,0.0,0.0,0.0,0.0
2026-09-30T01:47:24.570 0.0,0.0,0.0,0.0,0.0,0.0
2026-09-30T01:47:24.618 0.0,0.0,0.0,0.0,0.0,0.0
2026-09-30T01:47:24.668 0.0,0.0,0.0,0.0,0.0,0.0
2026-09-30T01:47:24.718 0.0,0.0,0.0,0.0,0.0,0.0
2026-09-30T01:47:24.768 0.0,0.0,0.0,0.0,0.0,0.0
2026-09-30T01:47:24.818 0.0,0.0,0.0,0.0,0.0,0.0
2026-09-30T01:47:24.868 0.0,0.0,0.0,0.0,0.0,0.0
2026-09-30T01:47:24.918 0.0,0.0,0.0,0.0,0.0,0.0
2026-09-30T01:47:24.968 0.0,0.0,0.0,0.0,0.0,0.0
2026-09-30T01:47:25.018 0.0,0.0,0.0,0.0,0.0,0.0
2026-09-30T01:47:25.078 0.0,0.0,0.0,0.0,0.0,0.0
2026-09-30T01:47:25.118 0.0,0.0,0.0,0.0,0.0,0.0
2026-09-30T01:47:25.168 0.0,0.0,0.0,0.0,0.0,0.0
2026-09-30T01:47:25.218 0.0,0.0,0.0,0.0,0.0,0.0
2026-09-30T01:47:25.268 0.0,0.0,0.0,0.0,0.0,0.0
2026-09-30T01:47:25.318 0.0,0.0,0.0,0.0,0.0,0.0
2026-09-30T01:47:25.368 0.0,0.0,0.0,0.0,0.0,0.0
2026-09-30T01:47:25.418 0.0,0.0,0.0,0.0,0.0,0.0
2026-09-30T01:47:25.468 0.0,0.0,0.0,0.0,0.0,0.0
2026-09-30T01:47:25.518 0.0,0.0,0.0,0.0,0.0,0.0
2026-09-30T01:47:25.568 0.0,0.0,0.0,0.0,0.0,0.0
2026-09-30T01:47:25.628 0.0,0.0,0.0,0.0,0.0,0.0
2026-09-30T01:47:25.668 0.0,0.0,0.0,0.0,0.0,0.0
2026-09-30T01:47:25.718 0.0,0.0,0.0,0.0,0.0,0.0
2026-09-30T01:47:25.768 0.0,0.0,0.0,0.0,0.0,0.0
2026-09-30T01:47:25.818 0.0,0.0,0.0,0.0,0.0,0.0
2026-09-30T01:47:25.878 0.0,0.0,0.0,0.0,0.0,0.0
2026-09-30T01:47:25.928 0.0,0.0,0.0,0.0,0.0,0.0
2026-09-30T01:47:25.968 0.0,0.0,0.0,0.0,0.0,0.0
2026-09-30T01:47:26.018 0.0,0.0,0.0,0.0,0.0,0.0
2026-09-30T01:47:26.068 0.0,0.0,0.0,0.0,0.0,0.0
2026-09-30T01:47:26.118 0.0,0.0,0.0,0.0,0.0,0.0
2026-09-30T01:47:26.168 0.0,0.0,0.0,0.0,0.0,0.0
2026-09-30T01:47:26.218 0.0,0.0,0.0,0.0,0.0,0.0
2026-09-30T01:47:26.268 0.0,0.0,0.0,0.0,0.0,0.0
2026-09-30T01:47:26.318 0.0,0.0,0.0,0.0,0.0,0.0
2026-09-30T01:47:26.368 0.0,0.0,0.0,0.0,0.0,0.0
2026-09-30T01:47:26.418 0.0,0.0,0.0,0.0,0.0,0.0
2026-09-30T01:47:26.468 0.0,0.0,0.0,0.0,0.0,0.0
2026-09-30T01:47:26.518 0.0,0.0,0.0,0.0,0.0,0.0
2026-09-30T01:47:26.568 0.0,0.0,0.0,0.0,0.0,0.0
2026-09-30T01:47:26.618 0.0,0.0,0.0,0.0,0.0,0.0
2026-09-30T01:47:26.668 0.0,0.0,0.0,0.0,0.0,0.0
