2026-10-03T09:45:31.843 0.0,0.0,0.0,0.0,0.0,0.25789473684210534
2026-10-03T09:45:31.891 0.0,0.0,0.0,0.0,0.0,0.25789473684210534
2026-10-03T09:45:31.941 0.0,0.0,0.0,0.0,0.0,0.25789473684210534
2026-10-03T09:45:31.991 0.0,0.0,0.0,0.0,0.0,0.25789473684210534
2026-10-03T09:45:32.043 0.0,0.0,0.0,0.0,0.0,0.25789473684210534
2026-10-03T09:45:32.101 0.0,0.0,0.0,0.0,0.0,0.25789473684210534
2026-10-03T09:45:32.141 0.0,0.0,0.0,0.0,0.0,0.25789473684210534
2026-10-03T09:45:32.191 0.0,0.0,0.0,0.0,0.0,0.25789473684210534
2026-10-03T09:45:32.252 0.0,0.0,0.0,0.0,0.0,0.25789473684210534
2026-10-03T09:45:32.291 0.0,0.0,0.0,0.0,0.0,0.25789473684210534
2026-10-03T09:45:32.342 0.0,0.0,0.0,0.0,0.0,0.25789473684210534
2026-10-03T09:45:32.391 0.0,0.0,0.0,0.0,0.0,0.25789473684210534
2026-10-03T09:45:32.451 0.0,0.0,0.0,0.0,0.0,0.25789473684210534
2026-10-03T09:45:32.491 0.0,0.0,0.0,0.0,0.0,0.25789473684210534
2026-10-03T09:45:32.540 0.0,0.0,0.0,0.0,0.0,0.25789473684210534
2026-10-03T09:45:32.590 0.0,0.0,0.0,0.0,0.0,0.25789473684210534
2026-10-03T09:45:32.641 0.0,0.0,0.0,0.0,0.0,0.25789473684210534
2026-10-03T09:45:32.691 0.0,0.0,0.0,0.0,0.0,0.25789473684210534
2026-10-03T09:45:32.741 0.0,0.0,0.0,0.0,0.0,0.25789473684210534
2026-10-03T09:45:32.791 0.0,0.0,0.0,0.0,0.0,0.25789473684210534
2026-10-03T09:45:32.841 0.0,0.0,0.0,0.0,0.0,0.25789473684210534
2026-10-03T09:45:32.891 0.0,0.0,0.0,0.0,0.0,0.4178947368421053
2026-10-03T09:45:32.941 0.0,0.0,0.0,0.0,0.0,0.5778947368421053
2026-10-03T09:45:32.991 0.0,0.0,0.0,0.0,0.0,0.7
2026-10-03T09:45:33.041 0.0,0.0,0.0,0.0,0.0,0.7
2026-10-03T09:45:33.091 0.0,0.0,0.0,0.0,0.0,0.7
2026-10-03T09:45:33.141 0.0,0.0,0.0,0.0,0.0,0.7
2026-10-03T09:45:33.191 0.0,0.0,0.0,0.0,0.0,0.7
2026-10-03T09:45:33.241 0.0,0.0,0.0,0.0,0.0,0.7
2026-10-03T09:45:33.290 0.0,0.0,0.0,0.0,0.0,0.7
2026-10-03T09:45:33.341 0.0,0.0,0.0,0.0,0.0,0.7
2026-10-03T09:45:33.391 0.0,0.0,0.0,0.0,0.0,0.7
2026-10-03T09:45:33.441 0.0,0.0,0.0,0.0,0.0,0.7
2026-10-03T09:45:33.491 0.0,0.0,0.0,0.0,0.0,0.7
2026-10-03T09:45:33.541 0.0,0.0,0.0,0.0,0.0,0.7
2026-10-03T09:45:33.591 0.0,0.0,0.0,0.0,0.0,0.7
2026-10-03T09:45:33.641 0.0,0.0,0.0,0.0,0.0,0.7
2026-10-03T09:45:33.691 0.0,0.0,0.0,0.0,0.0,0.7
2026-10-03T09:45:33.741 0.0,0.0,0.0,0.0,0.0,0.7
2026-10-03T09:45:33.790 0.0,0.0,0.0,0.0,0.0,0.7
2026-10-03T09:45:33.841 0.0,0.0,0.0,0.0,0.0,0.7
2026-10-03T09:45:33.891 0.0,0.0,0.0,0.0,0.0,0.7
2026-10-03T09:45:33.941 0.0,0.0,0.0,0.0,0.0,0.7
2026-10-03T09:45:33.991 0.0,0.0,0.0,0.0,0.0,0.7
2026-10-03T09:45:34.041 0.0,0.0,0.0,0.0,0.0,0.7
2026-10-03T09:45:34.091 0.0,0.0,0.0,0.0,0.0,0.7
2026-10-03T09:45:34.141 0.0,0.0,0.0,0.0,0.0,0.7
2026-10-03T09:45:34.191 0.0,0.0,0.0,0.0,0.0,0.7
2026-10-03T09:45:34.241 0.0,0.0,0.0,0.0,0.0,0.7
2026-10-03T09:45:34.291 0.0,0.0,0.0,0.0,0.0,0.7
2026-10-03T09:45:34.341 0.0,0.0,0.0,0.0,0.0,0.7
2026-10-03T09:45:34.400 0.0,0.0,0.0,0.0,0.0,0.7
2026-10-03T09:45:34.440 0.0,0.0,0.0,0.0,0.0,0.7
2026-10-03T09:45:34.490 0.0,0.0,0.0,0.0,0.0,0.7
2026-10-03T09:45:34.541 0.0,0.0,0.0,0.0,0.0,0.6263157894736843
2026-10-03T09:45:34.591 0.0,0.0,0.0,0.0,0.0,0.6263157894736843
2026-10-03T09:45:34.651 0.0,0.0,0.0,0.0,0.0,0.6263157894736843
2026-10-03T09:45:34.691 0.0,0.0,0.0,0.0,0.0,0.6263157894736843
2026-10-03T09:45:34.740 0.0,0.0,0.0,0.0,0.0,0.6263157894736843
2026-10-03T09:45:34.791 0.0,0.0,0.0,0.0,0.0,0.6263157894736843
2026-10-03T09:45:34.851 0.0,0.0,0.0,0.0,0.0,0.6263157894736843
2026-10-03T09:45:34.891 0.0,0.0,0.0,0.0,0.0,0.6263157894736843
2026-10-03T09:45:34.941 0.0,0.0,0.0,0.0,0.0,0.6263157894736843
2026-10-03T09:45:34.992 0.0,0.0,0.0,0.0,0.0,0.6263157894736843
2026-10-03T09:45:35.041 0.0,0.0,0.0,0.0,0.0,0.6263157894736843
2026-10-03T09:45:35.090 0.0,0.0,0.0,0.0,0.0,0.6263157894736843
2026-10-03T09:45:35.140 0.0,0.0,0.0,0.0,0.0,0.6263157894736843
2026-10-03T09:45:35.191 0.0,0.0,0.0,0.0,0.0,0.6263157894736843
2026-10-03T09:45:35.241 0.0,0.0,0.0,0.0,0.0,0.6263157894736843
2026-10-03T09:45:35.290 0.0,0.0,0.0,0.0,0.0,0.5526315789473685
2026-10-03T09:45:35.341 0.0,0.0,0.0,0.0,0.0,0.5526315789473685
2026-10-03T09:45:35.390 0.0,0.0,0.0,0.0,0.0,0.5526315789473685
2026-10-03T09:45:35.441 0.0,0.0,0.0,0.0,0.0,0.5526315789473685
2026-10-03T09:45:35.491 0.0,0.0,0.0,0.0,0.0,0.5526315789473685
2026-10-03T09:45:35.541 0.0,0.0,0.0,0.0,0.0,0.5526315789473685
2026-10-03T09:45:35.591 0.0,0.0,0.0,0.0,0.0,0.5526315789473685
2026-10-03T09:45:35.640 0.0,0.0,0.0,0.0,0.0,0.5526315789473685
2026-10-03T09:45:35.691 0.0,0.0,0.0,0.0,0.0,0.5526315789473685
2026-10-03T09:45:35.740 0.0,0.0,0.0,0.0,0.0,0.5526315789473685
2026-10-03T09:45:35.790 0.0,0.0,0.0,0.0,0.0,0.5526315789473685
2026-10-03T09:45:35.840 0.0,0.0,0.0,0.0,0.0,0.5526315789473685
2026-10-03T09:45:35.891 0.0,0.0,0.0,0.0,0.0,0.47894736842105273
2026-10-03T09:45:35.941 0.0,0.0,0.0,0.0,0.0,0.47894736842105273
2026-10-03T09:45:35.990 0.0,0.0,0.0,0.0,0.0,0.47894736842105273
2026-10-03T09:45:36.040 0.0,0.0,0.0,0.0,0.0,0.47894736842105273
2026-10-03T09:45:36.090 0.0,0.0,0.0,0.0,0.0,0.47894736842105273
2026-10-03T09:45:36.141 0.0,0.0,0.0,0.0,0.0,0.47894736842105273
2026-10-03T09:45:36.191 0.0,0.0,0.0,0.0,0.0,0.47894736842105273
2026-10-03T09:45:36.241 0.0,0.0,0.0,0.0,0.0,0.47894736842105273
2026-10-03T09:45:36.291 0.0,0.0,0.0,0.0,0.0,0.47894736842105273
2026-10-03T09:45:36.341 0.0,0.0,0.0,0.0,0.0,0.47894736842105273
2026-10-03T09:45:36.391 0.0,0.0,0.0,0.0,0.0,0.47894736842105273
2026-10-03T09:45:36.442 0.0,0.0,0.0,0.0,0.0,0.47894736842105273
2026-10-03T09:45:36.491 0.0,0.0,0.0,0.0,0.0,0.47894736842105273
2026-10-03T09:45:36.541 0.0,0.0,0.0,0.0,0.0,0.47894736842105273
2026-10-03T09:45:36.591 0.0,0.0,0.0,0.0,0.0,0.47894736842105273
2026-10-03T09:45:36.641 0.0,0.0,0.0,0.0,0.0,0.40526315789473694
2026-10-03T09:45:36.691 0.0,0.0,0.0,0.0,0.0,0.40526315789473694
2026-10-03T09:45:36.742 0.0,0.0,0.0,0.0,0.0,0.40526315789473694
2026-10-03T09:45:36.790 0.0,0.0,0.0,0.0,0.0,0.40526315789473694
2026-10-03T09:45:36.841 0.0,0.0,0.0,0.0,0.0,0.40526315789473694
2026-10-03T09:45:36.891 0.0,0.0,0.0,0.0,0.0,0.40526315789473694
2026-10-03T09:45:36.941 0.0,0.0,0.0,0.0,0.0,0.40526315789473694
2026-10-03T09:45:36.991 0.0,0.0,0.0,0.0,0.0,0.40526315789473694
2026-10-03T09:45:37.041 0.0,0.0,0.0,0.0,0.0,0.24526315789473693
2026-10-03T09:45:37.101 0.0,0.0,0.0,0.0,0.0,0.08526315789473693
2026-10-03T09:45:37.141 0.0,0.0,0.0,0.0,0.0,-0.07473684210526307
2026-10-03T09:45:37.191 0.0,0.0,0.0,0.0,0.0,-0.23473684210526308
2026-10-03T09:45:37.241 0.0,0.0,0.0,0.0,0.0,-0.39473684210526305
2026-10-03T09:45:37.291 0.0,0.0,0.0,0.0,0.0,-0.23473684210526305
2026-10-03T09:45:37.340 0.0,0.0,0.0,0.0,0.0,-0.07473684210526305
2026-10-03T09:45:37.391 0.0,0.0,0.0,0.0,0.0,0.08526315789473696
2026-10-03T09:45:37.441 0.0,0.0,0.0,0.0,0.0,0.24526315789473696
2026-10-03T09:45:37.491 0.0,0.0,0.0,0.0,0.0,0.405263157894737
2026-10-03T09:45:37.541 0.0,0.0,0.0,0.0,0.0,0.565263157894737
2026-10-03T09:45:37.591 0.0,0.0,0.0,0.0,0.0,0.7
2026-10-03T09:45:37.641 0.0,0.0,0.0,0.0,0.0,0.7
2026-10-03T09:45:37.690 0.0,0.0,0.0,0.0,0.0,0.7
2026-10-03T09:45:37.741 0.0,0.0,0.0,0.0,0.0,0.7
2026-10-03T09:45:37.801 0.0,0.0,0.0,0.0,0.0,0.7
2026-10-03T09:45:37.841 0.0,0.0,0.0,0.0,0.0,0.7
2026-10-03T09:45:37.892 0.0,0.0,0.0,0.0,0.0,0.7
2026-10-03T09:45:37.941 0.0,0.0,0.0,0.0,0.0,0.7
2026-10-03T09:45:37.991 0.0,0.0,0.0,0.0,0.0,0.6263157894736843
2026-10-03T09:45:38.041 0.0,0.0,0.0,0.0,0.0,0.6263157894736843
2026-10-03T09:45:38.091 0.0,0.0,0.0,0.0,0.0,0.6263157894736843
2026-10-03T09:45:38.141 0.0,0.0,0.0,0.0,0.0,0.6263157894736843
2026-10-03T09:45:38.191 0.0,0.0,0.0,0.0,0.0,0.6263157894736843
2026-10-03T09:45:38.241 0.0,0.0,0.0,0.0,0.0,0.6263157894736843
2026-10-03T09:45:38.292 0.0,0.0,0.0,0.0,0.0,0.6263157894736843
2026-10-03T09:45:38.341 0.0,0.0,0.0,0.0,0.0,0.6263157894736843
2026-10-03T09:45:38.391 0.0,0.0,0.0,0.0,0.0,0.6263157894736843
2026-10-03T09:45:38.441 0.0,0.0,0.0,0.0,0.0,0.6263157894736843
2026-10-03T09:45:38.491 0.0,0.0,0.0,0.0,0.0,0.6263157894736843
2026-10-03T09:45:38.541 0.0,0.0,0.0,0.0,0.0,0.6263157894736843
2026-10-03T09:45:38.591 0.0,0.0,0.0,0.0,0.0,0.6263157894736843
2026-10-03T09:45:38.641 0.0,0.0,0.0,0.0,0.0,0.6263157894736843
2026-10-03T09:45:38.691 0.0,0.0,0.0,0.0,0.0,0.6263157894736843
2026-10-03T09:45:38.741 0.0,0.0,0.0,0.0,0.0,0.6263157894736843
2026-10-03T09:45:38.790 0.0,0.0,0.0,0.0,0.0,0.6263157894736843
2026-10-03T09:45:38.841 0.0,0.0,0.0,0.0,0.0,0.6263157894736843
2026-10-03T09:45:38.890 0.0,0.0,0.0,0.0,0.0,0.6263157894736843
2026-10-03T09:45:38.951 0.0,0.0,0.0,0.0,0.0,0.6263157894736843
2026-10-03T09:45:38.990 0.0,0.0,0.0,0.0,0.0,0.6263157894736843
2026-10-03T09:45:38.328 0.0,0.0,0.0,0.0,0.0,0.5526315789473685
2026-10-03T09:45:38.378 0.0,0.0,0.0,0.0,0.0,0.5526315789473685
2026-10-03T09:45:38.428 0.0,0.0,0.0,0.0,0.0,0.5526315789473685
2026-10-03T09:45:38.478 0.0,0.0,0.0,0.0,0.0,0.5526315789473685
2026-10-03T09:45:38.528 0.0,0.0,0.0,0.0,0.0,0.5526315789473685
2026-10-03T09:45:38.579 0.0,0.0,0.0,0.0,0.0,0.5526315789473685
2026-10-03T09:45:38.628 0.0,0.0,0.0,0.0,0.0,0.5526315789473685
2026-10-03T09:45:38.678 0.0,0.0,0.0,0.0,0.0,0.5526315789473685
2026-10-03T09:45:38.728 0.0,0.0,0.0,0.0,0.0,0.5526315789473685
2026-10-03T09:45:38.778 0.0,0.0,0.0,0.0,0.0,0.5526315789473685
2026-10-03T09:45:38.828 0.0,0.0,0.0,0.0,0.0,0.5526315789473685
2026-10-03T09:45:38.878 0.0,0.0,0.0,0.0,0.0,0.5526315789473685
2026-10-03T09:45:38.928 0.0,0.0,0.0,0.0,0.0,0.5526315789473685
2026-10-03T09:45:38.978 0.0,0.0,0.0,0.0,0.0,0.5526315789473685
2026-10-03T09:45:39.028 0.0,0.0,0.0,0.0,0.0,0.5526315789473685
2026-10-03T09:45:39.078 0.0,0.0,0.0,0.0,0.0,0.5526315789473685
2026-10-03T09:45:39.128 0.0,0.0,0.0,0.0,0.0,0.5526315789473685
2026-10-03T09:45:39.178 0.0,0.0,0.0,0.0,0.0,0.47894736842105273
2026-10-03T09:45:39.228 0.0,0.0,0.0,0.0,0.0,0.47894736842105273
2026-10-03T09:45:39.278 0.0,0.0,0.0,0.0,0.0,0.47894736842105273
2026-10-03T09:45:39.328 0.0,0.0,0.0,0.0,0.0,0.47894736842105273
2026-10-03T09:45:39.378 0.0,0.0,0.0,0.0,0.0,0.47894736842105273
2026-10-03T09:45:39.428 0.0,0.0,0.0,0.0,0.0,0.47894736842105273
2026-10-03T09:45:39.478 0.0,0.0,0.0,0.0,0.0,0.47894736842105273
2026-10-03T09:45:39.528 0.0,0.0,0.0,0.0,0.0,0.47894736842105273
2026-10-03T09:45:39.578 0.0,0.0,0.0,0.0,0.0,0.47894736842105273
2026-10-03T09:45:39.638 0.0,0.0,0.0,0.0,0.0,0.47894736842105273
2026-10-03T09:45:39.678 0.0,0.0,0.0,0.0,0.0,0.47894736842105273
2026-10-03T09:45:39.728 0.0,0.0,0.0,0.0,0.0,0.47894736842105273
2026-10-03T09:45:39.778 0.0,0.0,0.0,0.0,0.0,0.47894736842105273
2026-10-03T09:45:39.828 0.0,0.0,0.0,0.0,0.0,0.47894736842105273
2026-10-03T09:45:39.878 0.0,0.0,0.0,0.0,0.0,0.47894736842105273
2026-10-03T09:45:39.928 0.0,0.0,0.0,0.0,0.0,0.47894736842105273
2026-10-03T09:45:39.978 0.0,0.0,0.0,0.0,0.0,0.47894736842105273
2026-10-03T09:45:40.028 0.0,0.0,0.0,0.0,0.0,0.40526315789473694
2026-10-03T09:45:40.078 0.0,0.0,0.0,0.0,0.0,0.40526315789473694
2026-10-03T09:45:40.128 0.0,0.0,0.0,0.0,0.0,0.24526315789473693
2026-10-03T09:45:40.178 0.0,0.0,0.0,0.0,0.0,0.08526315789473693
2026-10-03T09:45:40.228 0.0,0.0,0.0,0.0,0.0,-0.07473684210526307
2026-10-03T09:45:40.278 0.0,0.0,0.0,0.0,0.0,-0.23473684210526308
2026-10-03T09:45:40.330 0.0,0.0,0.0,0.0,0.0,-0.39473684210526305
2026-10-03T09:45:40.378 0.0,0.0,0.0,0.0,0.0,-0.5547368421052631
2026-10-03T09:45:40.429 0.0,0.0,0.0,0.0,0.0,-0.7
2026-10-03T09:45:40.478 0.0,0.0,0.0,0.0,0.0,-0.7
2026-10-03T09:45:40.538 0.0,0.0,0.0,0.0,0.0,-0.7
2026-10-03T09:45:40.578 0.0,0.0,0.0,0.0,0.0,-0.7
2026-10-03T09:45:40.628 0.0,0.0,0.0,0.0,0.0,-0.7
2026-10-03T09:45:40.678 0.0,0.0,0.0,0.0,0.0,-0.7
2026-10-03T09:45:40.728 0.0,0.0,0.0,0.0,0.0,-0.7
2026-10-03T09:45:40.778 0.0,0.0,0.0,0.0,0.0,-0.7
2026-10-03T09:45:40.828 0.0,0.0,0.0,0.0,0.0,-0.7
2026-10-03T09:45:40.878 0.0,0.0,0.0,0.0,0.0,-0.7
2026-10-03T09:45:40.928 0.0,0.0,0.0,0.0,0.0,-0.7
2026-10-03T09:45:40.978 0.0,0.0,0.0,0.0,0.0,-0.7
2026-10-03T09:45:41.028 0.0,0.0,0.0,0.0,0.0,-0.7
2026-10-03T09:45:41.078 0.0,0.0,0.0,0.0,0.0,-0.7
2026-10-03T09:45:41.128 0.0,0.0,0.0,0.0,0.0,-0.7
2026-10-03T09:45:41.178 0.0,0.0,0.0,0.0,0.0,-0.7
2026-10-03T09:45:41.229 0.0,0.0,0.0,0.0,0.0,-0.7
2026-10-03T09:45:41.288 0.0,0.0,0.0,0.0,0.0,-0.7
2026-10-03T09:45:41.328 0.0,0.0,0.0,0.0,0.0,-0.7
2026-10-03T09:45:41.378 0.0,0.0,0.0,0.0,0.0,-0.7
2026-10-03T09:45:41.428 0.0,0.0,0.0,0.0,0.0,-0.7
2026-10-03T09:45:41.478 0.0,0.0,0.0,0.0,0.0,-0.7
2026-10-03T09:45:41.528 0.0,0.0,0.0,0.0,0.0,-0.7
2026-10-03T09:45:41.578 0.0,0.0,0.0,0.0,0.0,-0.7
2026-10-03T09:45:41.628 0.0,0.0,0.0,0.0,0.0,-0.7
2026-10-03T09:45:41.678 0.0,0.0,0.0,0.0,0.0,-0.7
2026-10-03T09:45:41.728 0.0,0.0,0.0,0.0,0.0,-0.7
2026-10-03T09:45:41.778 0.0,0.0,0.0,0.0,0.0,-0.7
2026-10-03T09:45:41.838 0.0,0.0,0.0,0.0,0.0,-0.7
2026-10-03T09:45:41.878 0.0,0.0,0.0,0.0,0.0,-0.7
2026-10-03T09:45:41.928 0.0,0.0,0.0,0.0,0.0,-0.7
2026-10-03T09:45:41.978 0.0,0.0,0.0,0.0,0.0,-0.7
2026-10-03T09:45:42.028 0.0,0.0,0.0,0.0,0.0,-0.7
2026-10-03T09:45:42.078 0.0,0.0,0.0,0.0,0.0,-0.7
2026-10-03T09:45:42.128 0.0,0.0,0.0,0.0,0.0,-0.7
2026-10-03T09:45:42.178 0.0,0.0,0.0,0.0,0.0,-0.7
2026-10-03T09:45:42.239 0.0,0.0,0.0,0.0,0.0,-0.7
2026-10-03T09:45:42.278 0.0,0.0,0.0,0.0,0.0,-0.7
2026-10-03T09:45:42.328 0.0,0.0,0.0,0.0,0.0,-0.7
2026-10-03T09:45:42.378 0.0,0.0,0.0,0.0,0.0,-0.7
2026-10-03T09:45:42.429 0.0,0.0,0.0,0.0,0.0,-0.7
2026-10-03T09:45:42.478 0.0,0.0,0.0,0.0,0.0,-0.7
2026-10-03T09:45:42.528 0.0,0.0,0.0,0.0,0.0,-0.7
2026-10-03T09:45:42.578 0.0,0.0,0.0,0.0,0.0,-0.7
2026-10-03T09:45:42.628 0.0,0.0,0.0,0.0,0.0,-0.7
2026-10-03T09:45:42.678 0.0,0.0,0.0,0.0,0.0,-0.7
2026-10-03T09:45:42.728 0.0,0.0,0.0,0.0,0.0,-0.7
2026-10-03T09:45:42.778 0.0,0.0,0.0,0.0,0.0,-0.7
2026-10-03T09:45:42.828 0.0,0.0,0.0,0.0,0.0,-0.7
2026-10-03T09:45:42.878 0.0,0.0,0.0,0.0,0.0,-0.7
2026-10-03T09:45:42.928 0.0,0.0,0.0,0.0,0.0,-0.7
2026-10-03T09:45:42.978 0.0,0.0,0.0,0.0,0.0,-0.7
2026-10-03T09:45:43.028 0.0,0.0,0.0,0.0,0.0,-0.7
2026-10-03T09:45:43.078 0.0,0.0,0.0,0.0,0.0,-0.7
2026-10-03T09:45:43.129 0.0,0.0,0.0,0.0,0.0,-0.7
2026-10-03T09:45:43.178 0.0,0.0,0.0,0.0,0.0,-0.7
2026-10-03T09:45:43.228 0.0,0.0,0.0,0.0,0.0,-0.7
2026-10-03T09:45:43.278 0.0,0.0,0.0,0.0,0.0,-0.7
2026-10-03T09:45:43.330 0.0,0.0,0.0,0.0,0.0,-0.7
2026-10-03T09:45:43.378 0.0,0.0,0.0,0.0,0.0,-0.7
2026-10-03T09:45:43.428 0.0,0.0,0.0,0.0,0.0,-0.7
2026-10-03T09:45:43.478 0.0,0.0,0.0,0.0,0.0,-0.7
2026-10-03T09:45:43.528 0.0,0.0,0.0,0.0,0.0,-0.7
2026-10-03T09:45:43.578 0.0,0.0,0.0,0.0,0.0,-0.7
2026-10-03T09:45:43.628 0.0,0.0,0.0,0.0,0.0,-0.7
2026-10-03T09:45:43.678 0.0,0.0,0.0,0.0,0.0,-0.7
2026-10-03T09:45:43.729 0.0,0.0,0.0,0.0,0.0,-0.7
2026-10-03T09:45:43.778 0.0,0.0,0.0,0.0,0.0,-0.7
2026-10-03T09:45:43.828 0.0,0.0,0.0,0.0,0.0,-0.7
2026-10-03T09:45:43.878 0.0,0.0,0.0,0.0,0.0,-0.7
2026-10-03T09:45:43.929 0.0,0.0,0.0,0.0,0.0,-0.7
2026-10-03T09:45:43.978 0.0,0.0,0.0,0.0,0.0,-0.7
2026-10-03T09:45:44.028 0.0,0.0,0.0,0.0,0.0,-0.7
2026-10-03T09:45:44.078 0.0,0.0,0.0,0.0,0.0,-0.7
2026-10-03T09:45:44.128 0.0,0.0,0.0,0.0,0.0,-0.7
2026-10-03T09:45:44.178 0.0,0.0,0.0,0.0,0.0,-0.7
2026-10-03T09:45:44.228 0.0,0.0,0.0,0.0,0.0,-0.5399999999999999
2026-10-03T09:45:44.278 0.0,0.0,0.0,0.0,0.0,-0.3799999999999999
2026-10-03T09:45:44.328 0.0,0.0,0.0,0.0,0.0,-0.2199999999999999
2026-10-03T09:45:44.378 0.0,0.0,0.0,0.0,0.0,-0.18421052631578938
2026-10-03T09:45:44.428 0.0,0.0,0.0,0.0,0.0,-0.024210526315789377
2026-10-03T09:45:44.478 0.0,0.0,0.0,0.0,0.0,0.13578947368421063
2026-10-03T09:45:44.528 0.0,0.0,0.0,0.0,0.0,0.25789473684210534
2026-10-03T09:45:44.578 0.0,0.0,0.0,0.0,0.0,0.25789473684210534
2026-10-03T09:45:44.638 0.0,0.0,0.0,0.0,0.0,0.25789473684210534
2026-10-03T09:45:44.678 0.0,0.0,0.0,0.0,0.0,0.33157894736842114
2026-10-03T09:45:44.728 0.0,0.0,0.0,0.0,0.0,0.33157894736842114
2026-10-03T09:45:44.778 0.0,0.0,0.0,0.0,0.0,0.33157894736842114
2026-10-03T09:45:44.838 0.0,0.0,0.0,0.0,0.0,0.33157894736842114
2026-10-03T09:45:44.888 0.0,0.0,0.0,0.0,0.0,0.33157894736842114
2026-10-03T09:45:44.928 0.0,0.0,0.0,0.0,0.0,0.33157894736842114
2026-10-03T09:45:44.978 0.0,0.0,0.0,0.0,0.0,0.4915789473684211
2026-10-03T09:45:45.028 0.0,0.0,0.0,0.0,0.0,0.6263157894736843
2026-10-03T09:45:45.078 0.0,0.0,0.0,0.0,0.0,0.6263157894736843
2026-10-03T09:45:45.128 0.0,0.0,0.0,0.0,0.0,0.6263157894736843
2026-10-03T09:45:45.178 0.0,0.0,0.0,0.0,0.0,0.6263157894736843
2026-10-03T09:45:45.228 0.0,0.0,0.0,0.0,0.0,0.7
2026-10-03T09:45:45.278 0.0,0.0,0.0,0.0,0.0,0.7
2026-10-03T09:45:45.328 0.0,0.0,0.0,0.0,0.0,0.7
2026-10-03T09:45:45.377 0.0,0.0,0.0,0.0,0.0,0.7
2026-10-03T09:45:45.428 0.0,0.0,0.0,0.0,0.0,0.7
2026-10-03T09:45:45.478 0.0,0.0,0.0,0.0,0.0,0.7
2026-10-03T09:45:45.528 0.0,0.0,0.0,0.0,0.0,0.7
2026-10-03T09:45:45.578 0.0,0.0,0.0,0.0,0.0,0.7
2026-10-03T09:45:45.628 0.0,0.0,0.0,0.0,0.0,0.7
2026-10-03T09:45:45.678 0.0,0.0,0.0,0.0,0.0,0.7
2026-10-03T09:45:45.728 0.0,0.0,0.0,0.0,0.0,0.5399999999999999
2026-10-03T09:45:45.778 0.0,0.0,0.0,0.0,0.0,0.3799999999999999
2026-10-03T09:45:45.828 0.0,0.0,0.0,0.0,0.0,0.2199999999999999
2026-10-03T09:45:45.878 0.0,0.0,0.0,0.0,0.0,0.05999999999999989
2026-10-03T09:45:45.928 0.0,0.0,0.0,0.0,0.0,-0.10000000000000012
2026-10-03T09:45:45.978 0.0,0.0,0.0,0.0,0.0,-0.2600000000000001
2026-10-03T09:45:46.028 0.0,0.0,0.0,0.0,0.0,-0.42000000000000015
2026-10-03T09:45:46.078 0.0,0.0,0.0,0.0,0.0,-0.5800000000000002
2026-10-03T09:45:46.128 0.0,0.0,0.0,0.0,0.0,-0.7
2026-10-03T09:45:46.178 0.0,0.0,0.0,0.0,0.0,-0.7
2026-10-03T09:45:46.228 0.0,0.0,0.0,0.0,0.0,-0.7
2026-10-03T09:45:46.278 0.0,0.0,0.0,0.0,0.0,-0.5399999999999999
2026-10-03T09:45:46.329 0.0,0.0,0.0,0.0,0.0,-0.3799999999999999
2026-10-03T09:45:46.378 0.0,0.0,0.0,0.0,0.0,-0.2199999999999999
2026-10-03T09:45:46.428 0.0,0.0,0.0,0.0,0.0,-0.05999999999999989
2026-10-03T09:45:46.478 0.0,0.0,0.0,0.0,0.0,0.10000000000000012
2026-10-03T09:45:46.528 0.0,0.0,0.0,0.0,0.0,0.2600000000000001
2026-10-03T09:45:46.578 0.0,0.0,0.0,0.0,0.0,0.42000000000000015
2026-10-03T09:45:46.629 0.0,0.0,0.0,0.0,0.0,0.5800000000000002
2026-10-03T09:45:46.679 0.0,0.0,0.0,0.0,0.0,0.7
2026-10-03T09:45:46.728 0.0,0.0,0.0,0.0,0.0,0.7
2026-10-03T09:45:46.778 0.0,0.0,0.0,0.0,0.0,0.7
2026-10-03T09:45:46.828 0.0,0.0,0.0,0.0,0.0,0.7
2026-10-03T09:45:46.878 0.0,0.0,0.0,0.0,0.0,0.7
2026-10-03T09:45:46.930 0.0,0.0,0.0,0.0,0.0,0.7
2026-10-03T09:45:46.978 0.0,0.0,0.0,0.0,0.0,0.7
2026-10-03T09:45:47.028 0.0,0.0,0.0,0.0,0.0,0.7
2026-10-03T09:45:47.078 0.0,0.0,0.0,0.0,0.0,0.7
2026-10-03T09:45:47.128 0.0,0.0,0.0,0.0,0.0,0.7
2026-10-03T09:45:47.178 0.0,0.0,0.0,0.0,0.0,0.7
2026-10-03T09:45:47.228 0.0,0.0,0.0,0.0,0.0,0.7
2026-10-03T09:45:47.278 0.0,0.0,0.0,0.0,0.0,0.7
2026-10-03T09:45:47.329 0.0,0.0,0.0,0.0,0.0,0.7
2026-10-03T09:45:47.390 0.0,0.0,0.0,0.0,0.0,0.7
2026-10-03T09:45:47.428 0.0,0.0,0.0,0.0,0.0,0.7
2026-10-03T09:45:47.480 0.0,0.0,0.0,0.0,0.0,0.7
2026-10-03T09:45:47.528 0.0,0.0,0.0,0.0,0.0,0.7
2026-10-03T09:45:47.578 0.0,0.0,0.0,0.0,0.0,0.7
2026-10-03T09:45:47.630 0.0,0.0,0.0,0.0,0.0,0.7
2026-10-03T09:45:47.678 0.0,0.0,0.0,0.0,0.0,0.7
2026-10-03T09:45:47.739 0.0,0.0,0.0,0.0,0.0,0.7
2026-10-03T09:45:47.778 0.0,0.0,0.0,0.0,0.0,0.7
2026-10-03T09:45:47.828 0.0,0.0,0.0,0.0,0.0,0.7
2026-10-03T09:45:47.878 0.0,0.0,0.0,0.0,0.0,0.7
2026-10-03T09:45:47.928 0.0,0.0,0.0,0.0,0.0,0.7
2026-10-03T09:45:47.978 0.0,0.0,0.0,0.0,0.0,0.6263157894736843
2026-10-03T09:45:48.028 0.0,0.0,0.0,0.0,0.0,0.6263157894736843
2026-10-03T09:45:48.078 0.0,0.0,0.0,0.0,0.0,0.6263157894736843
2026-10-03T09:45:48.128 0.0,0.0,0.0,0.0,0.0,0.6263157894736843
2026-10-03T09:45:48.178 0.0,0.0,0.0,0.0,0.0,0.6263157894736843
2026-10-03T09:45:48.228 0.0,0.0,0.0,0.0,0.0,0.6263157894736843
2026-10-03T09:45:48.278 0.0,0.0,0.0,0.0,0.0,0.6263157894736843
2026-10-03T09:45:48.329 0.0,0.0,0.0,0.0,0.0,0.6263157894736843
2026-10-03T09:45:48.378 0.0,0.0,0.0,0.0,0.0,0.6263157894736843
2026-10-03T09:45:48.439 0.0,0.0,0.0,0.0,0.0,0.6263157894736843
2026-10-03T09:45:48.479 0.0,0.0,0.0,0.0,0.0,0.6263157894736843
2026-10-03T09:45:48.529 0.0,0.0,0.0,0.0,0.0,0.6263157894736843
2026-10-03T09:45:48.578 0.0,0.0,0.0,0.0,0.0,0.6263157894736843
2026-10-03T09:45:48.630 0.0,0.0,0.0,0.0,0.0,0.6263157894736843
2026-10-03T09:45:48.678 0.0,0.0,0.0,0.0,0.0,0.6263157894736843
2026-10-03T09:45:48.728 0.0,0.0,0.0,0.0,0.0,0.6263157894736843
2026-10-03T09:45:48.778 0.0,0.0,0.0,0.0,0.0,0.6263157894736843
2026-10-03T09:45:48.828 0.0,0.0,0.0,0.0,0.0,0.6263157894736843
2026-10-03T09:45:48.889 0.0,0.0,0.0,0.0,0.0,0.6263157894736843
2026-10-03T09:45:48.929 0.0,0.0,0.0,0.0,0.0,0.6263157894736843
2026-10-03T09:45:48.978 0.0,0.0,0.0,0.0,0.0,0.5526315789473685
2026-10-03T09:45:49.039 0.0,0.0,0.0,0.0,0.0,0.5526315789473685
2026-10-03T09:45:49.078 0.0,0.0,0.0,0.0,0.0,0.5526315789473685
2026-10-03T09:45:49.129 0.0,0.0,0.0,0.0,0.0,0.5526315789473685
2026-10-03T09:45:49.179 0.0,0.0,0.0,0.0,0.0,0.5526315789473685
2026-10-03T09:45:49.228 0.0,0.0,0.0,0.0,0.0,0.5526315789473685
2026-10-03T09:45:49.278 0.0,0.0,0.0,0.0,0.0,0.5526315789473685
2026-10-03T09:45:49.329 0.0,0.0,0.0,0.0,0.0,0.5526315789473685
2026-10-03T09:45:49.378 0.0,0.0,0.0,0.0,0.0,0.39263157894736844
2026-10-03T09:45:49.429 0.0,0.0,0.0,0.0,0.0,0.23263157894736844
2026-10-03T09:45:49.479 0.0,0.0,0.0,0.0,0.0,0.07263157894736844
2026-10-03T09:45:49.528 0.0,0.0,0.0,0.0,0.0,-0.08736842105263157
2026-10-03T09:45:49.578 0.0,0.0,0.0,0.0,0.0,-0.18421052631578938
2026-10-03T09:45:49.630 0.0,0.0,0.0,0.0,0.0,-0.18421052631578938
2026-10-03T09:45:49.678 0.0,0.0,0.0,0.0,0.0,-0.18421052631578938
2026-10-03T09:45:49.729 0.0,0.0,0.0,0.0,0.0,-0.18421052631578938
2026-10-03T09:45:49.778 0.0,0.0,0.0,0.0,0.0,-0.18421052631578938
2026-10-03T09:45:49.828 0.0,0.0,0.0,0.0,0.0,-0.2578947368421052
2026-10-03T09:45:49.878 0.0,0.0,0.0,0.0,0.0,-0.2578947368421052
2026-10-03T09:45:49.928 0.0,0.0,0.0,0.0,0.0,-0.2578947368421052
2026-10-03T09:45:49.978 0.0,0.0,0.0,0.0,0.0,-0.2578947368421052
2026-10-03T09:45:50.028 0.0,0.0,0.0,0.0,0.0,-0.2578947368421052
2026-10-03T09:45:50.078 0.0,0.0,0.0,0.0,0.0,-0.2578947368421052
2026-10-03T09:45:50.128 0.0,0.0,0.0,0.0,0.0,-0.2578947368421052
2026-10-03T09:45:50.178 0.0,0.0,0.0,0.0,0.0,-0.2578947368421052
2026-10-03T09:45:50.228 0.0,0.0,0.0,0.0,0.0,-0.2578947368421052
2026-10-03T09:45:50.278 0.0,0.0,0.0,0.0,0.0,-0.2578947368421052
2026-10-03T09:45:50.328 0.0,0.0,0.0,0.0,0.0,-0.2578947368421052
2026-10-03T09:45:50.378 0.0,0.0,0.0,0.0,0.0,-0.2578947368421052
2026-10-03T09:45:50.428 0.0,0.0,0.0,0.0,0.0,-0.2578947368421052
2026-10-03T09:45:50.478 0.0,0.0,0.0,0.0,0.0,-0.2578947368421052
2026-10-03T09:45:50.529 0.0,0.0,0.0,0.0,0.0,-0.2578947368421052
2026-10-03T09:45:50.578 0.0,0.0,0.0,0.0,0.0,-0.2578947368421052
2026-10-03T09:45:50.628 0.0,0.0,0.0,0.0,0.0,-0.2578947368421052
2026-10-03T09:45:50.678 0.0,0.0,0.0,0.0,0.0,-0.331578947368421
2026-10-03T09:45:50.728 0.0,0.0,0.0,0.0,0.0,-0.331578947368421
2026-10-03T09:45:50.788 0.0,0.0,0.0,0.0,0.0,-0.331578947368421
2026-10-03T09:45:50.828 0.0,0.0,0.0,0.0,0.0,-0.331578947368421
2026-10-03T09:45:50.878 0.0,0.0,0.0,0.0,0.0,-0.331578947368421
2026-10-03T09:45:50.928 0.0,0.0,0.0,0.0,0.0,-0.331578947368421
2026-10-03T09:45:50.978 0.0,0.0,0.0,0.0,0.0,-0.331578947368421
2026-10-03T09:45:51.028 0.0,0.0,0.0,0.0,0.0,-0.331578947368421
2026-10-03T09:45:51.078 0.0,0.0,0.0,0.0,0.0,-0.331578947368421
2026-10-03T09:45:51.128 0.0,0.0,0.0,0.0,0.0,-0.331578947368421
2026-10-03T09:45:51.178 0.0,0.0,0.0,0.0,0.0,-0.331578947368421
2026-10-03T09:45:51.228 0.0,0.0,0.0,0.0,0.0,-0.331578947368421
2026-10-03T09:45:51.278 0.0,0.0,0.0,0.0,0.0,-0.331578947368421
2026-10-03T09:45:51.328 0.0,0.0,0.0,0.0,0.0,-0.331578947368421
2026-10-03T09:45:51.378 0.0,0.0,0.0,0.0,0.0,-0.331578947368421
2026-10-03T09:45:51.428 0.0,0.0,0.0,0.0,0.0,-0.331578947368421
2026-10-03T09:45:51.478 0.0,0.0,0.0,0.0,0.0,-0.331578947368421
2026-10-03T09:45:51.528 0.0,0.0,0.0,0.0,0.0,-0.331578947368421
2026-10-03T09:45:51.577 0.0,0.0,0.0,0.0,0.0,-0.2578947368421052
2026-10-03T09:45:51.628 0.0,0.0,0.0,0.0,0.0,-0.2578947368421052
2026-10-03T09:45:51.678 0.0,0.0,0.0,0.0,0.0,-0.2578947368421052
2026-10-03T09:45:51.728 0.0,0.0,0.0,0.0,0.0,-0.2578947368421052
2026-10-03T09:45:51.777 0.0,0.0,0.0,0.0,0.0,-0.2578947368421052
2026-10-03T09:45:51.828 0.0,0.0,0.0,0.0,0.0,-0.2578947368421052
2026-10-03T09:45:51.878 0.0,0.0,0.0,0.0,0.0,-0.2578947368421052
2026-10-03T09:45:51.928 0.0,0.0,0.0,0.0,0.0,-0.2578947368421052
2026-10-03T09:45:51.978 0.0,0.0,0.0,0.0,0.0,-0.2578947368421052
2026-10-03T09:45:52.028 0.0,0.0,0.0,0.0,0.0,-0.2578947368421052
2026-10-03T09:45:52.078 0.0,0.0,0.0,0.0,0.0,-0.2578947368421052
2026-10-03T09:45:52.128 0.0,0.0,0.0,0.0,0.0,-0.2578947368421052
2026-10-03T09:45:52.178 0.0,0.0,0.0,0.0,0.0,-0.2578947368421052
2026-10-03T09:45:52.228 0.0,0.0,0.0,0.0,0.0,-0.2578947368421052
2026-10-03T09:45:52.278 0.0,0.0,0.0,0.0,0.0,-0.2578947368421052
2026-10-03T09:45:52.328 0.0,0.0,0.0,0.0,0.0,-0.2578947368421052
2026-10-03T09:45:52.377 0.0,0.0,0.0,0.0,0.0,-0.2578947368421052
2026-10-03T09:45:52.427 0.0,0.0,0.0,0.0,0.0,-0.2578947368421052
2026-10-03T09:45:52.479 0.0,0.0,0.0,0.0,0.0,-0.2578947368421052
2026-10-03T09:45:52.527 0.0,0.0,0.0,0.0,0.0,-0.2578947368421052
2026-10-03T09:45:52.578 0.0,0.0,0.0,0.0,0.0,-0.2578947368421052
2026-10-03T09:45:52.627 0.0,0.0,0.0,0.0,0.0,-0.18421052631578938
2026-10-03T09:45:52.678 0.0,0.0,0.0,0.0,0.0,-0.18421052631578938
2026-10-03T09:45:52.728 0.0,0.0,0.0,0.0,0.0,-0.18421052631578938
2026-10-03T09:45:52.777 0.0,0.0,0.0,0.0,0.0,-0.18421052631578938
2026-10-03T09:45:52.828 0.0,0.0,0.0,0.0,0.0,-0.18421052631578938
2026-10-03T09:45:52.878 0.0,0.0,0.0,0.0,0.0,-0.18421052631578938
2026-10-03T09:45:52.928 0.0,0.0,0.0,0.0,0.0,-0.18421052631578938
2026-10-03T09:45:52.978 0.0,0.0,0.0,0.0,0.0,-0.18421052631578938
2026-10-03T09:45:53.038 0.0,0.0,0.0,0.0,0.0,-0.18421052631578938
2026-10-03T09:45:53.078 0.0,0.0,0.0,0.0,0.0,-0.18421052631578938
2026-10-03T09:45:53.128 0.0,0.0,0.0,0.0,0.0,-0.18421052631578938
2026-10-03T09:45:53.178 0.0,0.0,0.0,0.0,0.0,-0.18421052631578938
2026-10-03T09:45:53.228 0.0,0.0,0.0,0.0,0.0,-0.18421052631578938
2026-10-03T09:45:53.278 0.0,0.0,0.0,0.0,0.0,-0.18421052631578938
2026-10-03T09:45:53.328 0.0,0.0,0.0,0.0,0.0,-0.18421052631578938
2026-10-03T09:45:53.378 0.0,0.0,0.0,0.0,0.0,-0.18421052631578938
2026-10-03T09:45:53.428 0.0,0.0,0.0,0.0,0.0,-0.18421052631578938
2026-10-03T09:45:53.478 0.0,0.0,0.0,0.0,0.0,-0.18421052631578938
2026-10-03T09:45:53.528 0.0,0.0,0.0,0.0,0.0,-0.18421052631578938
2026-10-03T09:45:53.577 0.0,0.0,0.0,0.0,0.0,-0.18421052631578938
2026-10-03T09:45:53.627 0.0,0.0,0.0,0.0,0.0,-0.18421052631578938
2026-10-03T09:45:53.677 0.0,0.0,0.0,0.0,0.0,-0.18421052631578938
2026-10-03T09:45:53.728 0.0,0.0,0.0,0.0,0.0,-0.18421052631578938
2026-10-03T09:45:53.777 0.0,0.0,0.0,0.0,0.0,-0.18421052631578938
2026-10-03T09:45:53.827 0.0,0.0,0.0,0.0,0.0,-0.18421052631578938
2026-10-03T09:45:53.877 0.0,0.0,0.0,0.0,0.0,-0.18421052631578938
2026-10-03T09:45:53.927 0.0,0.0,0.0,0.0,0.0,-0.18421052631578938
2026-10-03T09:45:53.978 0.0,0.0,0.0,0.0,0.0,-0.024210526315789377
2026-10-03T09:45:54.028 0.0,0.0,0.0,0.0,0.0,0.13578947368421063
2026-10-03T09:45:54.077 0.0,0.0,0.0,0.0,0.0,0.25789473684210534
2026-10-03T09:45:54.128 0.0,0.0,0.0,0.0,0.0,0.25789473684210534
2026-10-03T09:45:54.178 0.0,0.0,0.0,0.0,0.0,0.25789473684210534
2026-10-03T09:45:54.228 0.0,0.0,0.0,0.0,0.0,0.25789473684210534
2026-10-03T09:45:54.278 0.0,0.0,0.0,0.0,0.0,0.25789473684210534
2026-10-03T09:45:54.328 0.0,0.0,0.0,0.0,0.0,0.25789473684210534
2026-10-03T09:45:54.378 0.0,0.0,0.0,0.0,0.0,0.25789473684210534
2026-10-03T09:45:54.428 0.0,0.0,0.0,0.0,0.0,0.25789473684210534
2026-10-03T09:45:54.478 0.0,0.0,0.0,0.0,0.0,0.25789473684210534
2026-10-03T09:45:54.529 0.0,0.0,0.0,0.0,0.0,0.25789473684210534
2026-10-03T09:45:54.578 0.0,0.0,0.0,0.0,0.0,0.25789473684210534
2026-10-03T09:45:54.628 0.0,0.0,0.0,0.0,0.0,0.25789473684210534
2026-10-03T09:45:54.678 0.0,0.0,0.0,0.0,0.0,0.25789473684210534
2026-10-03T09:45:54.728 0.0,0.0,0.0,0.0,0.0,0.25789473684210534
2026-10-03T09:45:54.778 0.0,0.0,0.0,0.0,0.0,0.25789473684210534
2026-10-03T09:45:54.830 0.0,0.0,0.0,0.0,0.0,0.25789473684210534
2026-10-03T09:45:54.878 0.0,0.0,0.0,0.0,0.0,0.25789473684210534
2026-10-03T09:45:54.928 0.0,0.0,0.0,0.0,0.0,0.25789473684210534
2026-10-03T09:45:54.978 0.0,0.0,0.0,0.0,0.0,0.25789473684210534
2026-10-03T09:45:55.028 0.0,0.0,0.0,0.0,0.0,0.25789473684210534
2026-10-03T09:45:55.088 0.0,0.0,0.0,0.0,0.0,0.25789473684210534
2026-10-03T09:45:55.128 0.0,0.0,0.0,0.0,0.0,0.25789473684210534
2026-10-03T09:45:55.178 0.0,0.0,0.0,0.0,0.0,0.25789473684210534
2026-10-03T09:45:55.228 0.0,0.0,0.0,0.0,0.0,0.25789473684210534
2026-10-03T09:45:55.278 0.0,0.0,0.0,0.0,0.0,0.25789473684210534
2026-10-03T09:45:55.328 0.0,0.0,0.0,0.0,0.0,0.25789473684210534
2026-10-03T09:45:55.378 0.0,0.0,0.0,0.0,0.0,0.25789473684210534
2026-10-03T09:45:55.428 0.0,0.0,0.0,0.0,0.0,0.25789473684210534
2026-10-03T09:45:55.478 0.0,0.0,0.0,0.0,0.0,0.25789473684210534
2026-10-03T09:45:55.528 0.0,0.0,0.0,0.0,0.0,0.25789473684210534
2026-10-03T09:45:55.578 0.0,0.0,0.0,0.0,0.0,0.25789473684210534
2026-10-03T09:45:55.628 0.0,0.0,0.0,0.0,0.0,0.25789473684210534
2026-10-03T09:45:55.678 0.0,0.0,0.0,0.0,0.0,0.25789473684210534
2026-10-03T09:45:55.728 0.0,0.0,0.0,0.0,0.0,0.25789473684210534
2026-10-03T09:45:55.778 0.0,0.0,0.0,0.0,0.0,0.25789473684210534
2026-10-03T09:45:55.828 0.0,0.0,0.0,0.0,0.0,0.25789473684210534
2026-10-03T09:45:55.878 0.0,0.0,0.0,0.0,0.0,0.25789473684210534
2026-10-03T09:45:55.928 0.0,0.0,0.0,0.0,0.0,0.25789473684210534
2026-10-03T09:45:55.978 0.0,0.0,0.0,0.0,0.0,0.25789473684210534
2026-10-03T09:45:56.030 0.0,0.0,0.0,0.0,0.0,0.25789473684210534
2026-10-03T09:45:56.078 0.0,0.0,0.0,0.0,0.0,0.25789473684210534
2026-10-03T09:45:56.128 0.0,0.0,0.0,0.0,0.0,0.09789473684210534
2026-10-03T09:45:56.178 0.0,0.0,0.0,0.0,0.0,-0.06210526315789466
2026-10-03T09:45:56.228 0.0,0.0,0.0,0.0,0.0,-0.18421052631578938
2026-10-03T09:45:56.278 0.0,0.0,0.0,0.0,0.0,-0.18421052631578938
2026-10-03T09:45:56.338 0.0,0.0,0.0,0.0,0.0,-0.18421052631578938
2026-10-03T09:45:56.378 0.0,0.0,0.0,0.0,0.0,-0.18421052631578938
2026-10-03T09:45:56.428 0.0,0.0,0.0,0.0,0.0,-0.18421052631578938
2026-10-03T09:45:56.478 0.0,0.0,0.0,0.0,0.0,-0.18421052631578938
2026-10-03T09:45:56.528 0.0,0.0,0.0,0.0,0.0,-0.18421052631578938
2026-10-03T09:45:56.578 0.0,0.0,0.0,0.0,0.0,-0.18421052631578938
2026-10-03T09:45:56.628 0.0,0.0,0.0,0.0,0.0,-0.18421052631578938
2026-10-03T09:45:56.678 0.0,0.0,0.0,0.0,0.0,-0.18421052631578938
2026-10-03T09:45:56.728 0.0,0.0,0.0,0.0,0.0,-0.18421052631578938
2026-10-03T09:45:56.778 0.0,0.0,0.0,0.0,0.0,-0.18421052631578938
2026-10-03T09:45:56.828 0.0,0.0,0.0,0.0,0.0,-0.18421052631578938
2026-10-03T09:45:56.878 0.0,0.0,0.0,0.0,0.0,-0.024210526315789377
2026-10-03T09:45:56.928 0.0,0.0,0.0,0.0,0.0,0.13578947368421063
2026-10-03T09:45:56.977 0.0,0.0,0.0,0.0,0.0,0.25789473684210534
2026-10-03T09:45:57.028 0.0,0.0,0.0,0.0,0.0,0.18421052631578955
2026-10-03T09:45:57.078 0.0,0.0,0.0,0.0,0.0,0.18421052631578955
2026-10-03T09:45:57.128 0.0,0.0,0.0,0.0,0.0,0.18421052631578955
2026-10-03T09:45:57.177 0.0,0.0,0.0,0.0,0.0,0.18421052631578955
2026-10-03T09:45:57.227 0.0,0.0,0.0,0.0,0.0,0.18421052631578955
2026-10-03T09:45:57.278 0.0,0.0,0.0,0.0,0.0,0.18421052631578955
2026-10-03T09:45:57.328 0.0,0.0,0.0,0.0,0.0,0.18421052631578955
2026-10-03T09:45:57.378 0.0,0.0,0.0,0.0,0.0,0.18421052631578955
2026-10-03T09:45:57.428 0.0,0.0,0.0,0.0,0.0,0.18421052631578955
2026-10-03T09:45:57.478 0.0,0.0,0.0,0.0,0.0,0.18421052631578955
2026-10-03T09:45:57.528 0.0,0.0,0.0,0.0,0.0,0.18421052631578955
2026-10-03T09:45:57.578 0.0,0.0,0.0,0.0,0.0,0.25789473684210534
2026-10-03T09:45:57.628 0.0,0.0,0.0,0.0,0.0,0.25789473684210534
2026-10-03T09:45:57.678 0.0,0.0,0.0,0.0,0.0,0.25789473684210534
2026-10-03T09:45:57.728 0.0,0.0,0.0,0.0,0.0,0.25789473684210534
2026-10-03T09:45:57.778 0.0,0.0,0.0,0.0,0.0,0.25789473684210534
2026-10-03T09:45:57.828 0.0,0.0,0.0,0.0,0.0,0.25789473684210534
2026-10-03T09:45:57.878 0.0,0.0,0.0,0.0,0.0,0.25789473684210534
2026-10-03T09:45:57.928 0.0,0.0,0.0,0.0,0.0,0.25789473684210534
2026-10-03T09:45:57.978 0.0,0.0,0.0,0.0,0.0,0.25789473684210534
2026-10-03T09:45:58.029 0.0,0.0,0.0,0.0,0.0,0.25789473684210534
2026-10-03T09:45:58.078 0.0,0.0,0.0,0.0,0.0,0.25789473684210534
2026-10-03T09:45:58.128 0.0,0.0,0.0,0.0,0.0,0.25789473684210534
2026-10-03T09:45:58.179 0.0,0.0,0.0,0.0,0.0,0.25789473684210534
2026-10-03T09:45:58.228 0.0,0.0,0.0,0.0,0.0,0.25789473684210534
2026-10-03T09:45:58.278 0.0,0.0,0.0,0.0,0.0,0.18421052631578955
2026-10-03T09:45:58.328 0.0,0.0,0.0,0.0,0.0,0.18421052631578955
2026-10-03T09:45:58.378 0.0,0.0,0.0,0.0,0.0,0.18421052631578955
2026-10-03T09:45:58.428 0.0,0.0,0.0,0.0,0.0,0.18421052631578955
2026-10-03T09:45:58.478 0.0,0.0,0.0,0.0,0.0,0.18421052631578955
2026-10-03T09:45:58.528 0.0,0.0,0.0,0.0,0.0,0.18421052631578955
2026-10-03T09:45:58.578 0.0,0.0,0.0,0.0,0.0,0.18421052631578955
2026-10-03T09:45:58.628 0.0,0.0,0.0,0.0,0.0,0.18421052631578955
2026-10-03T09:45:58.678 0.0,0.0,0.0,0.0,0.0,0.18421052631578955
2026-10-03T09:45:58.728 0.0,0.0,0.0,0.0,0.0,0.18421052631578955
2026-10-03T09:45:58.777 0.0,0.0,0.0,0.0,0.0,0.18421052631578955
2026-10-03T09:45:58.828 0.0,0.0,0.0,0.0,0.0,0.18421052631578955
2026-10-03T09:45:58.878 0.0,0.0,0.0,0.0,0.0,0.18421052631578955
2026-10-03T09:45:58.928 0.0,0.0,0.0,0.0,0.0,0.18421052631578955
2026-10-03T09:45:58.978 0.0,0.0,0.0,0.0,0.0,0.18421052631578955
2026-10-03T09:45:59.028 0.0,0.0,0.0,0.0,0.0,0.18421052631578955
2026-10-03T09:45:59.079 0.0,0.0,0.0,0.0,0.0,0.18421052631578955
2026-10-03T09:45:59.130 0.0,0.0,0.0,0.0,0.0,0.024210526315789543
2026-10-03T09:45:59.178 0.0,0.0,0.0,0.0,0.0,-0.13578947368421046
2026-10-03T09:45:59.227 0.0,0.0,0.0,0.0,0.0,-0.2578947368421052
2026-10-03T09:45:59.278 0.0,0.0,0.0,0.0,0.0,-0.2578947368421052
2026-10-03T09:45:59.327 0.0,0.0,0.0,0.0,0.0,-0.2578947368421052
2026-10-03T09:45:59.393 0.0,0.0,0.0,0.0,0.0,-0.2578947368421052
2026-10-03T09:45:59.427 0.0,0.0,0.0,0.0,0.0,-0.2578947368421052
2026-10-03T09:45:59.478 0.0,0.0,0.0,0.0,0.0,-0.2578947368421052
2026-10-03T09:45:59.528 0.0,0.0,0.0,0.0,0.0,-0.2578947368421052
2026-10-03T09:45:59.578 0.0,0.0,0.0,0.0,0.0,-0.2578947368421052
2026-10-03T09:45:59.628 0.0,0.0,0.0,0.0,0.0,-0.2578947368421052
2026-10-03T09:45:59.678 0.0,0.0,0.0,0.0,0.0,-0.2578947368421052
2026-10-03T09:45:59.728 0.0,0.0,0.0,0.0,0.0,-0.2578947368421052
2026-10-03T09:45:59.778 0.0,0.0,0.0,0.0,0.0,-0.2578947368421052
2026-10-03T09:45:59.828 0.0,0.0,0.0,0.0,0.0,-0.2578947368421052
2026-10-03T09:45:59.878 0.0,0.0,0.0,0.0,0.0,-0.2578947368421052
2026-10-03T09:45:59.938 0.0,0.0,0.0,0.0,0.0,-0.2578947368421052
2026-10-03T09:45:59.977 0.0,0.0,0.0,0.0,0.0,-0.2578947368421052
2026-10-03T09:46:00.028 0.0,0.0,0.0,0.0,0.0,-0.2578947368421052
2026-10-03T09:46:00.078 0.0,0.0,0.0,0.0,0.0,-0.2578947368421052
2026-10-03T09:46:00.128 0.0,0.0,0.0,0.0,0.0,-0.2578947368421052
2026-10-03T09:46:00.178 0.0,0.0,0.0,0.0,0.0,-0.2578947368421052
2026-10-03T09:46:00.228 0.0,0.0,0.0,0.0,0.0,-0.2578947368421052
2026-10-03T09:46:00.277 0.0,0.0,0.0,0.0,0.0,-0.2578947368421052
2026-10-03T09:46:00.328 0.0,0.0,0.0,0.0,0.0,-0.2578947368421052
2026-10-03T09:46:00.378 0.0,0.0,0.0,0.0,0.0,-0.2578947368421052
2026-10-03T09:46:00.428 0.0,0.0,0.0,0.0,0.0,-0.2578947368421052
2026-10-03T09:46:00.478 0.0,0.0,0.0,0.0,0.0,-0.2578947368421052
2026-10-03T09:46:00.528 0.0,0.0,0.0,0.0,0.0,-0.2578947368421052
2026-10-03T09:46:00.578 0.0,0.0,0.0,0.0,0.0,-0.2578947368421052
2026-10-03T09:46:00.628 0.0,0.0,0.0,0.0,0.0,-0.2578947368421052
2026-10-03T09:46:00.678 0.0,0.0,0.0,0.0,0.0,-0.2578947368421052
2026-10-03T09:46:00.728 0.0,0.0,0.0,0.0,0.0,-0.2578947368421052
2026-10-03T09:46:00.778 0.0,0.0,0.0,0.0,0.0,-0.2578947368421052
2026-10-03T09:46:00.828 0.0,0.0,0.0,0.0,0.0,-0.2578947368421052
2026-10-03T09:46:00.878 0.0,0.0,0.0,0.0,0.0,-0.2578947368421052
2026-10-03T09:46:00.928 0.0,0.0,0.0,0.0,0.0,-0.2578947368421052
2026-10-03T09:46:00.978 0.0,0.0,0.0,0.0,0.0,-0.2578947368421052
2026-10-03T09:46:01.028 0.0,0.0,0.0,0.0,0.0,-0.2578947368421052
2026-10-03T09:46:01.078 0.0,0.0,0.0,0.0,0.0,-0.09789473684210517
2026-10-03T09:46:01.128 0.0,0.0,0.0,0.0,0.0,0.06210526315789483
2026-10-03T09:46:01.178 0.0,0.0,0.0,0.0,0.0,0.18421052631578955
2026-10-03T09:46:01.228 0.0,0.0,0.0,0.0,0.0,0.18421052631578955
2026-10-03T09:46:01.278 0.0,0.0,0.0,0.0,0.0,0.18421052631578955
2026-10-03T09:46:01.328 0.0,0.0,0.0,0.0,0.0,0.18421052631578955
2026-10-03T09:46:01.378 0.0,0.0,0.0,0.0,0.0,0.18421052631578955
2026-10-03T09:46:01.428 0.0,0.0,0.0,0.0,0.0,0.18421052631578955
2026-10-03T09:46:01.478 0.0,0.0,0.0,0.0,0.0,0.18421052631578955
2026-10-03T09:46:01.528 0.0,0.0,0.0,0.0,0.0,0.18421052631578955
2026-10-03T09:46:01.578 0.0,0.0,0.0,0.0,0.0,0.18421052631578955
2026-10-03T09:46:01.628 0.0,0.0,0.0,0.0,0.0,0.18421052631578955
2026-10-03T09:46:01.677 0.0,0.0,0.0,0.0,0.0,0.18421052631578955
2026-10-03T09:46:01.728 0.0,0.0,0.0,0.0,0.0,0.25789473684210534
2026-10-03T09:46:01.778 0.0,0.0,0.0,0.0,0.0,0.25789473684210534
2026-10-03T09:46:01.828 0.0,0.0,0.0,0.0,0.0,0.09789473684210534
2026-10-03T09:46:01.878 0.0,0.0,0.0,0.0,0.0,-0.06210526315789466
2026-10-03T09:46:01.927 0.0,0.0,0.0,0.0,0.0,-0.18421052631578938
2026-10-03T09:46:01.978 0.0,0.0,0.0,0.0,0.0,-0.18421052631578938
2026-10-03T09:46:02.038 0.0,0.0,0.0,0.0,0.0,-0.18421052631578938
2026-10-03T09:46:02.078 0.0,0.0,0.0,0.0,0.0,-0.18421052631578938
2026-10-03T09:46:02.128 0.0,0.0,0.0,0.0,0.0,-0.18421052631578938
2026-10-03T09:46:02.177 0.0,0.0,0.0,0.0,0.0,-0.18421052631578938
2026-10-03T09:46:02.227 0.0,0.0,0.0,0.0,0.0,-0.18421052631578938
2026-10-03T09:46:02.277 0.0,0.0,0.0,0.0,0.0,-0.18421052631578938
2026-10-03T09:46:02.328 0.0,0.0,0.0,0.0,0.0,-0.3442105263157894
2026-10-03T09:46:02.388 0.0,0.0,0.0,0.0,0.0,-0.5042105263157894
2026-10-03T09:46:02.428 0.0,0.0,0.0,0.0,0.0,-0.6642105263157895
2026-10-03T09:46:02.478 0.0,0.0,0.0,0.0,0.0,-0.7
2026-10-03T09:46:02.528 0.0,0.0,0.0,0.0,0.0,-0.7
2026-10-03T09:46:02.577 0.0,0.0,0.0,0.0,0.0,-0.7
2026-10-03T09:46:02.628 0.0,0.0,0.0,0.0,0.0,-0.7
2026-10-03T09:46:02.677 0.0,0.0,0.0,0.0,0.0,-0.5399999999999999
2026-10-03T09:46:02.728 0.0,0.0,0.0,0.0,0.0,-0.3799999999999999
2026-10-03T09:46:02.778 0.0,0.0,0.0,0.0,0.0,-0.2199999999999999
2026-10-03T09:46:02.838 0.0,0.0,0.0,0.0,0.0,-0.05999999999999989
2026-10-03T09:46:02.878 0.0,0.0,0.0,0.0,0.0,0.10000000000000012
2026-10-03T09:46:02.928 0.0,0.0,0.0,0.0,0.0,0.25789473684210534
2026-10-03T09:46:02.978 0.0,0.0,0.0,0.0,0.0,0.25789473684210534
2026-10-03T09:46:03.028 0.0,0.0,0.0,0.0,0.0,0.25789473684210534
2026-10-03T09:46:03.077 0.0,0.0,0.0,0.0,0.0,0.25789473684210534
2026-10-03T09:46:03.128 0.0,0.0,0.0,0.0,0.0,0.25789473684210534
2026-10-03T09:46:03.178 0.0,0.0,0.0,0.0,0.0,0.25789473684210534
2026-10-03T09:46:03.227 0.0,0.0,0.0,0.0,0.0,0.25789473684210534
2026-10-03T09:46:03.277 0.0,0.0,0.0,0.0,0.0,0.25789473684210534
2026-10-03T09:46:03.328 0.0,0.0,0.0,0.0,0.0,0.25789473684210534
2026-10-03T09:46:03.378 0.0,0.0,0.0,0.0,0.0,0.09789473684210534
2026-10-03T09:46:03.428 0.0,0.0,0.0,0.0,0.0,-0.06210526315789466
2026-10-03T09:46:03.478 0.0,0.0,0.0,0.0,0.0,-0.18421052631578938
2026-10-03T09:46:03.528 0.0,0.0,0.0,0.0,0.0,-0.18421052631578938
2026-10-03T09:46:03.588 0.0,0.0,0.0,0.0,0.0,-0.18421052631578938
2026-10-03T09:46:03.628 0.0,0.0,0.0,0.0,0.0,-0.18421052631578938
2026-10-03T09:46:03.678 0.0,0.0,0.0,0.0,0.0,-0.18421052631578938
2026-10-03T09:46:03.728 0.0,0.0,0.0,0.0,0.0,-0.024210526315789377
2026-10-03T09:46:03.778 0.0,0.0,0.0,0.0,0.0,0.13578947368421063
2026-10-03T09:46:03.828 0.0,0.0,0.0,0.0,0.0,0.25789473684210534
2026-10-03T09:46:03.877 0.0,0.0,0.0,0.0,0.0,0.25789473684210534
2026-10-03T09:46:03.938 0.0,0.0,0.0,0.0,0.0,0.25789473684210534
2026-10-03T09:46:03.978 0.0,0.0,0.0,0.0,0.0,0.25789473684210534
2026-10-03T09:46:04.027 0.0,0.0,0.0,0.0,0.0,0.25789473684210534
2026-10-03T09:46:04.078 0.0,0.0,0.0,0.0,0.0,0.25789473684210534
2026-10-03T09:46:04.128 0.0,0.0,0.0,0.0,0.0,0.25789473684210534
2026-10-03T09:46:04.177 0.0,0.0,0.0,0.0,0.0,0.25789473684210534
2026-10-03T09:46:04.238 0.0,0.0,0.0,0.0,0.0,0.25789473684210534
2026-10-03T09:46:04.278 0.0,0.0,0.0,0.0,0.0,0.25789473684210534
2026-10-03T09:46:04.327 0.0,0.0,0.0,0.0,0.0,0.25789473684210534
2026-10-03T09:46:04.377 0.0,0.0,0.0,0.0,0.0,0.25789473684210534
2026-10-03T09:46:04.427 0.0,0.0,0.0,0.0,0.0,0.25789473684210534
2026-10-03T09:46:04.488 0.0,0.0,0.0,0.0,0.0,0.25789473684210534
2026-10-03T09:46:04.528 0.0,0.0,0.0,0.0,0.0,0.25789473684210534
2026-10-03T09:46:04.578 0.0,0.0,0.0,0.0,0.0,0.25789473684210534
2026-10-03T09:46:04.628 0.0,0.0,0.0,0.0,0.0,0.25789473684210534
2026-10-03T09:46:04.678 0.0,0.0,0.0,0.0,0.0,0.25789473684210534
2026-10-03T09:46:04.728 0.0,0.0,0.0,0.0,0.0,0.25789473684210534
2026-10-03T09:46:04.778 0.0,0.0,0.0,0.0,0.0,0.25789473684210534
2026-10-03T09:46:04.828 0.0,0.0,0.0,0.0,0.0,0.25789473684210534
2026-10-03T09:46:04.878 0.0,0.0,0.0,0.0,0.0,0.25789473684210534
2026-10-03T09:46:04.928 0.0,0.0,0.0,0.0,0.0,0.25789473684210534
2026-10-03T09:46:04.978 0.0,0.0,0.0,0.0,0.0,0.25789473684210534
2026-10-03T09:46:05.028 0.0,0.0,0.0,0.0,0.0,0.25789473684210534
2026-10-03T09:46:05.078 0.0,0.0,0.0,0.0,0.0,0.25789473684210534
2026-10-03T09:46:05.128 0.0,0.0,0.0,0.0,0.0,0.25789473684210534
2026-10-03T09:46:05.178 0.0,0.0,0.0,0.0,0.0,0.25789473684210534
2026-10-03T09:46:05.228 0.0,0.0,0.0,0.0,0.0,0.25789473684210534
2026-10-03T09:46:05.278 0.0,0.0,0.0,0.0,0.0,0.25789473684210534
2026-10-03T09:46:05.328 0.0,0.0,0.0,0.0,0.0,0.25789473684210534
2026-10-03T09:46:05.378 0.0,0.0,0.0,0.0,0.0,0.25789473684210534
2026-10-03T09:46:05.428 0.0,0.0,0.0,0.0,0.0,0.25789473684210534
2026-10-03T09:46:05.478 0.0,0.0,0.0,0.0,0.0,0.25789473684210534
2026-10-03T09:46:05.528 0.0,0.0,0.0,0.0,0.0,0.25789473684210534
2026-10-03T09:46:05.578 0.0,0.0,0.0,0.0,0.0,0.25789473684210534
2026-10-03T09:46:05.628 0.0,0.0,0.0,0.0,0.0,0.25789473684210534
2026-10-03T09:46:05.678 0.0,0.0,0.0,0.0,0.0,0.25789473684210534
2026-10-03T09:46:05.728 0.0,0.0,0.0,0.0,0.0,0.25789473684210534
2026-10-03T09:46:05.778 0.0,0.0,0.0,0.0,0.0,0.25789473684210534
2026-10-03T09:46:05.828 0.0,0.0,0.0,0.0,0.0,0.25789473684210534
2026-10-03T09:46:05.878 0.0,0.0,0.0,0.0,0.0,0.25789473684210534
2026-10-03T09:46:05.928 0.0,0.0,0.0,0.0,0.0,0.25789473684210534
2026-10-03T09:46:05.978 0.0,0.0,0.0,0.0,0.0,0.25789473684210534
2026-10-03T09:46:06.028 0.0,0.0,0.0,0.0,0.0,0.25789473684210534
2026-10-03T09:46:06.088 0.0,0.0,0.0,0.0,0.0,0.25789473684210534
2026-10-03T09:46:06.128 0.0,0.0,0.0,0.0,0.0,0.18421052631578955
2026-10-03T09:46:06.178 0.0,0.0,0.0,0.0,0.0,0.18421052631578955
2026-10-03T09:46:06.228 0.0,0.0,0.0,0.0,0.0,0.18421052631578955
2026-10-03T09:46:06.278 0.0,0.0,0.0,0.0,0.0,0.18421052631578955
2026-10-03T09:46:06.328 0.0,0.0,0.0,0.0,0.0,0.18421052631578955
2026-10-03T09:46:06.378 0.0,0.0,0.0,0.0,0.0,0.18421052631578955
2026-10-03T09:46:06.428 0.0,0.0,0.0,0.0,0.0,0.18421052631578955
2026-10-03T09:46:06.478 0.0,0.0,0.0,0.0,0.0,0.18421052631578955
2026-10-03T09:46:06.528 0.0,0.0,0.0,0.0,0.0,0.18421052631578955
2026-10-03T09:46:06.578 0.0,0.0,0.0,0.0,0.0,0.18421052631578955
2026-10-03T09:46:06.628 0.0,0.0,0.0,0.0,0.0,0.18421052631578955
2026-10-03T09:46:06.678 0.0,0.0,0.0,0.0,0.0,0.18421052631578955
2026-10-03T09:46:06.728 0.0,0.0,0.0,0.0,0.0,0.18421052631578955
2026-10-03T09:46:06.777 0.0,0.0,0.0,0.0,0.0,0.18421052631578955
2026-10-03T09:46:06.828 0.0,0.0,0.0,0.0,0.0,0.18421052631578955
2026-10-03T09:46:06.878 0.0,0.0,0.0,0.0,0.0,0.18421052631578955
2026-10-03T09:46:06.928 0.0,0.0,0.0,0.0,0.0,0.18421052631578955
2026-10-03T09:46:06.978 0.0,0.0,0.0,0.0,0.0,0.18421052631578955
2026-10-03T09:46:07.028 0.0,0.0,0.0,0.0,0.0,0.18421052631578955
2026-10-03T09:46:07.078 0.0,0.0,0.0,0.0,0.0,0.18421052631578955
2026-10-03T09:46:07.128 0.0,0.0,0.0,0.0,0.0,0.024210526315789543
2026-10-03T09:46:07.178 0.0,0.0,0.0,0.0,0.0,-0.13578947368421046
2026-10-03T09:46:07.229 0.0,0.0,0.0,0.0,0.0,-0.2578947368421052
2026-10-03T09:46:07.278 0.0,0.0,0.0,0.0,0.0,-0.2578947368421052
2026-10-03T09:46:07.329 0.0,0.0,0.0,0.0,0.0,-0.2578947368421052
2026-10-03T09:46:07.378 0.0,0.0,0.0,0.0,0.0,-0.2578947368421052
2026-10-03T09:46:07.428 0.0,0.0,0.0,0.0,0.0,-0.2578947368421052
2026-10-03T09:46:07.478 0.0,0.0,0.0,0.0,0.0,-0.2578947368421052
2026-10-03T09:46:07.528 0.0,0.0,0.0,0.0,0.0,-0.2578947368421052
2026-10-03T09:46:07.578 0.0,0.0,0.0,0.0,0.0,-0.2578947368421052
2026-10-03T09:46:07.628 0.0,0.0,0.0,0.0,0.0,-0.2578947368421052
2026-10-03T09:46:07.679 0.0,0.0,0.0,0.0,0.0,-0.2578947368421052
2026-10-03T09:46:07.728 0.0,0.0,0.0,0.0,0.0,-0.2578947368421052
2026-10-03T09:46:07.778 0.0,0.0,0.0,0.0,0.0,-0.2578947368421052
2026-10-03T09:46:07.828 0.0,0.0,0.0,0.0,0.0,-0.2578947368421052
2026-10-03T09:46:07.878 0.0,0.0,0.0,0.0,0.0,-0.2578947368421052
2026-10-03T09:46:07.928 0.0,0.0,0.0,0.0,0.0,-0.2578947368421052
2026-10-03T09:46:07.978 0.0,0.0,0.0,0.0,0.0,-0.2578947368421052
2026-10-03T09:46:08.028 0.0,0.0,0.0,0.0,0.0,-0.2578947368421052
2026-10-03T09:46:08.078 0.0,0.0,0.0,0.0,0.0,-0.2578947368421052
2026-10-03T09:46:08.128 0.0,0.0,0.0,0.0,0.0,-0.2578947368421052
2026-10-03T09:46:08.177 0.0,0.0,0.0,0.0,0.0,-0.2578947368421052
2026-10-03T09:46:08.228 0.0,0.0,0.0,0.0,0.0,-0.2578947368421052
2026-10-03T09:46:08.278 0.0,0.0,0.0,0.0,0.0,-0.2578947368421052
2026-10-03T09:46:08.328 0.0,0.0,0.0,0.0,0.0,-0.2578947368421052
2026-10-03T09:46:08.378 0.0,0.0,0.0,0.0,0.0,-0.2578947368421052
2026-10-03T09:46:08.428 0.0,0.0,0.0,0.0,0.0,-0.2578947368421052
2026-10-03T09:46:08.478 0.0,0.0,0.0,0.0,0.0,-0.2578947368421052
2026-10-03T09:46:08.529 0.0,0.0,0.0,0.0,0.0,-0.2578947368421052
2026-10-03T09:46:08.578 0.0,0.0,0.0,0.0,0.0,-0.2578947368421052
2026-10-03T09:46:08.628 0.0,0.0,0.0,0.0,0.0,-0.2578947368421052
2026-10-03T09:46:08.678 0.0,0.0,0.0,0.0,0.0,-0.2578947368421052
2026-10-03T09:46:08.728 0.0,0.0,0.0,0.0,0.0,-0.2578947368421052
2026-10-03T09:46:08.778 0.0,0.0,0.0,0.0,0.0,-0.2578947368421052
2026-10-03T09:46:08.828 0.0,0.0,0.0,0.0,0.0,-0.2578947368421052
2026-10-03T09:46:08.878 0.0,0.0,0.0,0.0,0.0,-0.2578947368421052
2026-10-03T09:46:08.928 0.0,0.0,0.0,0.0,0.0,-0.2578947368421052
2026-10-03T09:46:08.978 0.0,0.0,0.0,0.0,0.0,-0.2578947368421052
2026-10-03T09:46:09.028 0.0,0.0,0.0,0.0,0.0,-0.2578947368421052
2026-10-03T09:46:09.088 0.0,0.0,0.0,0.0,0.0,-0.09789473684210517
2026-10-03T09:46:09.128 0.0,0.0,0.0,0.0,0.0,0.06210526315789483
2026-10-03T09:46:09.178 0.0,0.0,0.0,0.0,0.0,0.18421052631578955
2026-10-03T09:46:09.228 0.0,0.0,0.0,0.0,0.0,0.18421052631578955
2026-10-03T09:46:09.278 0.0,0.0,0.0,0.0,0.0,0.18421052631578955
2026-10-03T09:46:09.328 0.0,0.0,0.0,0.0,0.0,0.18421052631578955
2026-10-03T09:46:09.377 0.0,0.0,0.0,0.0,0.0,0.18421052631578955
2026-10-03T09:46:09.428 0.0,0.0,0.0,0.0,0.0,0.18421052631578955
2026-10-03T09:46:09.478 0.0,0.0,0.0,0.0,0.0,0.18421052631578955
2026-10-03T09:46:09.528 0.0,0.0,0.0,0.0,0.0,0.18421052631578955
2026-10-03T09:46:09.588 0.0,0.0,0.0,0.0,0.0,0.18421052631578955
2026-10-03T09:46:09.628 0.0,0.0,0.0,0.0,0.0,0.18421052631578955
2026-10-03T09:46:09.678 0.0,0.0,0.0,0.0,0.0,0.18421052631578955
2026-10-03T09:46:09.728 0.0,0.0,0.0,0.0,0.0,0.18421052631578955
2026-10-03T09:46:09.778 0.0,0.0,0.0,0.0,0.0,0.18421052631578955
2026-10-03T09:46:09.829 0.0,0.0,0.0,0.0,0.0,0.25789473684210534
2026-10-03T09:46:09.878 0.0,0.0,0.0,0.0,0.0,0.25789473684210534
2026-10-03T09:46:09.928 0.0,0.0,0.0,0.0,0.0,0.25789473684210534
2026-10-03T09:46:09.978 0.0,0.0,0.0,0.0,0.0,0.25789473684210534
2026-10-03T09:46:10.028 0.0,0.0,0.0,0.0,0.0,0.25789473684210534
2026-10-03T09:46:10.078 0.0,0.0,0.0,0.0,0.0,0.25789473684210534
2026-10-03T09:46:10.128 0.0,0.0,0.0,0.0,0.0,0.25789473684210534
2026-10-03T09:46:10.178 0.0,0.0,0.0,0.0,0.0,0.09789473684210534
2026-10-03T09:46:10.228 0.0,0.0,0.0,0.0,0.0,0.0
2026-10-03T09:46:10.278 0.0,0.0,0.0,0.0,0.0,0.0
2026-10-03T09:46:10.328 0.0,0.0,0.0,0.0,0.0,0.0
2026-10-03T09:46:10.388 0.0,0.0,0.0,0.0,0.0,0.16
2026-10-03T09:46:10.428 0.0,0.0,0.0,0.0,0.0,0.25789473684210534
2026-10-03T09:46:09.798 0.0,0.0,0.0,0.0,0.0,0.25789473684210534
2026-10-03T09:46:09.848 0.0,0.0,0.0,0.0,0.0,0.25789473684210534
2026-10-03T09:46:09.898 0.0,0.0,0.0,0.0,0.0,0.25789473684210534
2026-10-03T09:46:09.948 0.0,0.0,0.0,0.0,0.0,0.25789473684210534
2026-10-03T09:46:10.000 0.0,0.0,0.0,0.0,0.0,0.25789473684210534
2026-10-03T09:46:10.048 0.0,0.0,0.0,0.0,0.0,0.25789473684210534
2026-10-03T09:46:10.109 0.0,0.0,0.0,0.0,0.0,0.18421052631578955
2026-10-03T09:46:10.148 0.0,0.0,0.0,0.0,0.0,0.18421052631578955
2026-10-03T09:46:10.198 0.0,0.0,0.0,0.0,0.0,0.18421052631578955
2026-10-03T09:46:10.248 0.0,0.0,0.0,0.0,0.0,0.18421052631578955
2026-10-03T09:46:10.298 0.0,0.0,0.0,0.0,0.0,0.18421052631578955
2026-10-03T09:46:10.348 0.0,0.0,0.0,0.0,0.0,0.18421052631578955
2026-10-03T09:46:10.398 0.0,0.0,0.0,0.0,0.0,0.18421052631578955
2026-10-03T09:46:10.448 0.0,0.0,0.0,0.0,0.0,0.18421052631578955
2026-10-03T09:46:10.498 0.0,0.0,0.0,0.0,0.0,0.18421052631578955
2026-10-03T09:46:10.548 0.0,0.0,0.0,0.0,0.0,0.18421052631578955
2026-10-03T09:46:10.610 0.0,0.0,0.0,0.0,0.0,0.18421052631578955
2026-10-03T09:46:10.648 0.0,0.0,0.0,0.0,0.0,0.18421052631578955
2026-10-03T09:46:10.698 0.0,0.0,0.0,0.0,0.0,0.18421052631578955
2026-10-03T09:46:10.748 0.0,0.0,0.0,0.0,0.0,0.18421052631578955
2026-10-03T09:46:10.798 0.0,0.0,0.0,0.0,0.0,0.18421052631578955
2026-10-03T09:46:10.848 0.0,0.0,0.0,0.0,0.0,0.18421052631578955
2026-10-03T09:46:10.898 0.0,0.0,0.0,0.0,0.0,0.18421052631578955
2026-10-03T09:46:10.958 0.0,0.0,0.0,0.0,0.0,0.18421052631578955
2026-10-03T09:46:10.998 0.0,0.0,0.0,0.0,0.0,0.18421052631578955
2026-10-03T09:46:11.048 0.0,0.0,0.0,0.0,0.0,0.18421052631578955
2026-10-03T09:46:11.098 0.0,0.0,0.0,0.0,0.0,0.18421052631578955
2026-10-03T09:46:11.148 0.0,0.0,0.0,0.0,0.0,0.18421052631578955
2026-10-03T09:46:11.198 0.0,0.0,0.0,0.0,0.0,0.18421052631578955
2026-10-03T09:46:11.248 0.0,0.0,0.0,0.0,0.0,0.024210526315789543
2026-10-03T09:46:11.298 0.0,0.0,0.0,0.0,0.0,-0.13578947368421046
2026-10-03T09:46:11.348 0.0,0.0,0.0,0.0,0.0,-0.2578947368421052
2026-10-03T09:46:11.398 0.0,0.0,0.0,0.0,0.0,-0.2578947368421052
2026-10-03T09:46:11.448 0.0,0.0,0.0,0.0,0.0,-0.2578947368421052
2026-10-03T09:46:11.498 0.0,0.0,0.0,0.0,0.0,-0.2578947368421052
2026-10-03T09:46:11.548 0.0,0.0,0.0,0.0,0.0,-0.2578947368421052
2026-10-03T09:46:11.598 0.0,0.0,0.0,0.0,0.0,-0.2578947368421052
2026-10-03T09:46:11.648 0.0,0.0,0.0,0.0,0.0,-0.2578947368421052
2026-10-03T09:46:11.698 0.0,0.0,0.0,0.0,0.0,-0.2578947368421052
2026-10-03T09:46:11.748 0.0,0.0,0.0,0.0,0.0,-0.2578947368421052
2026-10-03T09:46:11.798 0.0,0.0,0.0,0.0,0.0,-0.2578947368421052
2026-10-03T09:46:11.848 0.0,0.0,0.0,0.0,0.0,-0.2578947368421052
2026-10-03T09:46:11.898 0.0,0.0,0.0,0.0,0.0,-0.2578947368421052
2026-10-03T09:46:11.948 0.0,0.0,0.0,0.0,0.0,-0.2578947368421052
2026-10-03T09:46:11.998 0.0,0.0,0.0,0.0,0.0,-0.2578947368421052
2026-10-03T09:46:12.048 0.0,0.0,0.0,0.0,0.0,-0.2578947368421052
2026-10-03T09:46:12.098 0.0,0.0,0.0,0.0,0.0,-0.2578947368421052
2026-10-03T09:46:12.148 0.0,0.0,0.0,0.0,0.0,-0.2578947368421052
2026-10-03T09:46:12.198 0.0,0.0,0.0,0.0,0.0,-0.2578947368421052
2026-10-03T09:46:12.249 0.0,0.0,0.0,0.0,0.0,-0.2578947368421052
2026-10-03T09:46:12.298 0.0,0.0,0.0,0.0,0.0,-0.2578947368421052
2026-10-03T09:46:12.348 0.0,0.0,0.0,0.0,0.0,-0.2578947368421052
2026-10-03T09:46:12.408 0.0,0.0,0.0,0.0,0.0,-0.2578947368421052
2026-10-03T09:46:12.448 0.0,0.0,0.0,0.0,0.0,-0.2578947368421052
2026-10-03T09:46:12.498 0.0,0.0,0.0,0.0,0.0,-0.2578947368421052
2026-10-03T09:46:12.548 0.0,0.0,0.0,0.0,0.0,-0.2578947368421052
2026-10-03T09:46:12.598 0.0,0.0,0.0,0.0,0.0,-0.2578947368421052
2026-10-03T09:46:12.648 0.0,0.0,0.0,0.0,0.0,-0.2578947368421052
2026-10-03T09:46:12.698 0.0,0.0,0.0,0.0,0.0,-0.2578947368421052
2026-10-03T09:46:12.748 0.0,0.0,0.0,0.0,0.0,-0.2578947368421052
2026-10-03T09:46:12.798 0.0,0.0,0.0,0.0,0.0,-0.2578947368421052
2026-10-03T09:46:12.848 0.0,0.0,0.0,0.0,0.0,-0.2578947368421052
2026-10-03T09:46:12.898 0.0,0.0,0.0,0.0,0.0,-0.2578947368421052
2026-10-03T09:46:12.950 0.0,0.0,0.0,0.0,0.0,-0.2578947368421052
2026-10-03T09:46:12.998 0.0,0.0,0.0,0.0,0.0,-0.2578947368421052
2026-10-03T09:46:13.048 0.0,0.0,0.0,0.0,0.0,-0.2578947368421052
2026-10-03T09:46:13.098 0.0,0.0,0.0,0.0,0.0,-0.2578947368421052
2026-10-03T09:46:13.158 0.0,0.0,0.0,0.0,0.0,-0.2578947368421052
2026-10-03T09:46:13.198 0.0,0.0,0.0,0.0,0.0,-0.2578947368421052
2026-10-03T09:46:13.248 0.0,0.0,0.0,0.0,0.0,-0.09789473684210517
2026-10-03T09:46:13.298 0.0,0.0,0.0,0.0,0.0,0.06210526315789483
2026-10-03T09:46:13.349 0.0,0.0,0.0,0.0,0.0,0.18421052631578955
2026-10-03T09:46:13.398 0.0,0.0,0.0,0.0,0.0,0.18421052631578955
2026-10-03T09:46:13.448 0.0,0.0,0.0,0.0,0.0,0.18421052631578955
2026-10-03T09:46:13.508 0.0,0.0,0.0,0.0,0.0,0.18421052631578955
2026-10-03T09:46:13.548 0.0,0.0,0.0,0.0,0.0,0.18421052631578955
2026-10-03T09:46:13.598 0.0,0.0,0.0,0.0,0.0,0.18421052631578955
2026-10-03T09:46:13.648 0.0,0.0,0.0,0.0,0.0,0.18421052631578955
2026-10-03T09:46:13.698 0.0,0.0,0.0,0.0,0.0,0.18421052631578955
2026-10-03T09:46:13.748 0.0,0.0,0.0,0.0,0.0,0.18421052631578955
2026-10-03T09:46:13.800 0.0,0.0,0.0,0.0,0.0,0.18421052631578955
2026-10-03T09:46:13.848 0.0,0.0,0.0,0.0,0.0,0.18421052631578955
2026-10-03T09:46:13.898 0.0,0.0,0.0,0.0,0.0,0.18421052631578955
2026-10-03T09:46:13.958 0.0,0.0,0.0,0.0,0.0,0.18421052631578955
2026-10-03T09:46:13.997 0.0,0.0,0.0,0.0,0.0,0.25789473684210534
2026-10-03T09:46:14.048 0.0,0.0,0.0,0.0,0.0,0.25789473684210534
2026-10-03T09:46:14.098 0.0,0.0,0.0,0.0,0.0,0.25789473684210534
2026-10-03T09:46:14.148 0.0,0.0,0.0,0.0,0.0,0.25789473684210534
2026-10-03T09:46:14.198 0.0,0.0,0.0,0.0,0.0,0.25789473684210534
2026-10-03T09:46:14.248 0.0,0.0,0.0,0.0,0.0,0.25789473684210534
2026-10-03T09:46:14.308 0.0,0.0,0.0,0.0,0.0,0.25789473684210534
2026-10-03T09:46:14.348 0.0,0.0,0.0,0.0,0.0,0.25789473684210534
2026-10-03T09:46:14.398 0.0,0.0,0.0,0.0,0.0,0.25789473684210534
2026-10-03T09:46:14.449 0.0,0.0,0.0,0.0,0.0,0.25789473684210534
2026-10-03T09:46:14.498 0.0,0.0,0.0,0.0,0.0,0.25789473684210534
2026-10-03T09:46:14.548 0.0,0.0,0.0,0.0,0.0,0.25789473684210534
2026-10-03T09:46:14.598 0.0,0.0,0.0,0.0,0.0,0.25789473684210534
2026-10-03T09:46:14.648 0.0,0.0,0.0,0.0,0.0,0.25789473684210534
2026-10-03T09:46:14.698 0.0,0.0,0.0,0.0,0.0,0.25789473684210534
2026-10-03T09:46:14.748 0.0,0.0,0.0,0.0,0.0,0.25789473684210534
2026-10-03T09:46:14.798 0.0,0.0,0.0,0.0,0.0,0.25789473684210534
2026-10-03T09:46:14.848 0.0,0.0,0.0,0.0,0.0,0.25789473684210534
2026-10-03T09:46:14.898 0.0,0.0,0.0,0.0,0.0,0.18421052631578955
2026-10-03T09:46:14.948 0.0,0.0,0.0,0.0,0.0,0.18421052631578955
2026-10-03T09:46:14.998 0.0,0.0,0.0,0.0,0.0,0.18421052631578955
2026-10-03T09:46:15.048 0.0,0.0,0.0,0.0,0.0,0.18421052631578955
2026-10-03T09:46:15.098 0.0,0.0,0.0,0.0,0.0,0.18421052631578955
2026-10-03T09:46:15.148 0.0,0.0,0.0,0.0,0.0,0.18421052631578955
2026-10-03T09:46:15.208 0.0,0.0,0.0,0.0,0.0,0.18421052631578955
2026-10-03T09:46:15.248 0.0,0.0,0.0,0.0,0.0,0.18421052631578955
2026-10-03T09:46:15.298 0.0,0.0,0.0,0.0,0.0,0.18421052631578955
2026-10-03T09:46:15.348 0.0,0.0,0.0,0.0,0.0,0.18421052631578955
2026-10-03T09:46:15.400 0.0,0.0,0.0,0.0,0.0,0.18421052631578955
2026-10-03T09:46:15.448 0.0,0.0,0.0,0.0,0.0,0.18421052631578955
2026-10-03T09:46:15.498 0.0,0.0,0.0,0.0,0.0,0.18421052631578955
2026-10-03T09:46:15.548 0.0,0.0,0.0,0.0,0.0,0.18421052631578955
2026-10-03T09:46:15.598 0.0,0.0,0.0,0.0,0.0,0.18421052631578955
2026-10-03T09:46:15.648 0.0,0.0,0.0,0.0,0.0,0.18421052631578955
2026-10-03T09:46:15.698 0.0,0.0,0.0,0.0,0.0,0.18421052631578955
2026-10-03T09:46:15.748 0.0,0.0,0.0,0.0,0.0,0.024210526315789543
2026-10-03T09:46:15.798 0.0,0.0,0.0,0.0,0.0,-0.13578947368421046
2026-10-03T09:46:15.848 0.0,0.0,0.0,0.0,0.0,-0.2578947368421052
2026-10-03T09:46:15.898 0.0,0.0,0.0,0.0,0.0,-0.2578947368421052
2026-10-03T09:46:15.948 0.0,0.0,0.0,0.0,0.0,-0.2578947368421052
2026-10-03T09:46:15.998 0.0,0.0,0.0,0.0,0.0,-0.2578947368421052
2026-10-03T09:46:16.048 0.0,0.0,0.0,0.0,0.0,-0.2578947368421052
2026-10-03T09:46:16.098 0.0,0.0,0.0,0.0,0.0,-0.2578947368421052
2026-10-03T09:46:16.148 0.0,0.0,0.0,0.0,0.0,-0.2578947368421052
2026-10-03T09:46:16.198 0.0,0.0,0.0,0.0,0.0,-0.2578947368421052
2026-10-03T09:46:16.248 0.0,0.0,0.0,0.0,0.0,-0.2578947368421052
2026-10-03T09:46:16.298 0.0,0.0,0.0,0.0,0.0,-0.2578947368421052
2026-10-03T09:46:16.348 0.0,0.0,0.0,0.0,0.0,-0.2578947368421052
2026-10-03T09:46:16.398 0.0,0.0,0.0,0.0,0.0,-0.2578947368421052
2026-10-03T09:46:16.448 0.0,0.0,0.0,0.0,0.0,-0.2578947368421052
2026-10-03T09:46:16.498 0.0,0.0,0.0,0.0,0.0,-0.2578947368421052
2026-10-03T09:46:16.548 0.0,0.0,0.0,0.0,0.0,-0.2578947368421052
2026-10-03T09:46:16.598 0.0,0.0,0.0,0.0,0.0,-0.2578947368421052
2026-10-03T09:46:16.648 0.0,0.0,0.0,0.0,0.0,-0.2578947368421052
2026-10-03T09:46:16.698 0.0,0.0,0.0,0.0,0.0,-0.2578947368421052
2026-10-03T09:46:16.748 0.0,0.0,0.0,0.0,0.0,-0.2578947368421052
2026-10-03T09:46:16.798 0.0,0.0,0.0,0.0,0.0,-0.2578947368421052
2026-10-03T09:46:16.848 0.0,0.0,0.0,0.0,0.0,-0.2578947368421052
2026-10-03T09:46:16.897 0.0,0.0,0.0,0.0,0.0,-0.2578947368421052
2026-10-03T09:46:16.948 0.0,0.0,0.0,0.0,0.0,-0.2578947368421052
2026-10-03T09:46:16.998 0.0,0.0,0.0,0.0,0.0,-0.2578947368421052
2026-10-03T09:46:17.048 0.0,0.0,0.0,0.0,0.0,-0.2578947368421052
2026-10-03T09:46:17.097 0.0,0.0,0.0,0.0,0.0,-0.2578947368421052
2026-10-03T09:46:17.147 0.0,0.0,0.0,0.0,0.0,-0.2578947368421052
2026-10-03T09:46:17.198 0.0,0.0,0.0,0.0,0.0,-0.2578947368421052
2026-10-03T09:46:17.247 0.0,0.0,0.0,0.0,0.0,-0.2578947368421052
2026-10-03T09:46:17.298 0.0,0.0,0.0,0.0,0.0,-0.2578947368421052
2026-10-03T09:46:17.348 0.0,0.0,0.0,0.0,0.0,-0.2578947368421052
2026-10-03T09:46:17.398 0.0,0.0,0.0,0.0,0.0,-0.2578947368421052
2026-10-03T09:46:17.448 0.0,0.0,0.0,0.0,0.0,-0.2578947368421052
2026-10-03T09:46:17.498 0.0,0.0,0.0,0.0,0.0,-0.2578947368421052
2026-10-03T09:46:17.548 0.0,0.0,0.0,0.0,0.0,-0.2578947368421052
2026-10-03T09:46:17.598 0.0,0.0,0.0,0.0,0.0,-0.09789473684210517
2026-10-03T09:46:17.648 0.0,0.0,0.0,0.0,0.0,0.06210526315789483
2026-10-03T09:46:17.698 0.0,0.0,0.0,0.0,0.0,0.18421052631578955
2026-10-03T09:46:17.748 0.0,0.0,0.0,0.0,0.0,0.18421052631578955
2026-10-03T09:46:17.798 0.0,0.0,0.0,0.0,0.0,0.18421052631578955
2026-10-03T09:46:17.848 0.0,0.0,0.0,0.0,0.0,0.18421052631578955
2026-10-03T09:46:17.898 0.0,0.0,0.0,0.0,0.0,0.18421052631578955
2026-10-03T09:46:17.948 0.0,0.0,0.0,0.0,0.0,0.18421052631578955
2026-10-03T09:46:17.999 0.0,0.0,0.0,0.0,0.0,0.18421052631578955
2026-10-03T09:46:18.049 0.0,0.0,0.0,0.0,0.0,0.18421052631578955
2026-10-03T09:46:18.109 0.0,0.0,0.0,0.0,0.0,0.18421052631578955
2026-10-03T09:46:18.148 0.0,0.0,0.0,0.0,0.0,0.18421052631578955
2026-10-03T09:46:18.198 0.0,0.0,0.0,0.0,0.0,0.18421052631578955
2026-10-03T09:46:18.248 0.0,0.0,0.0,0.0,0.0,0.18421052631578955
2026-10-03T09:46:18.298 0.0,0.0,0.0,0.0,0.0,0.18421052631578955
2026-10-03T09:46:18.348 0.0,0.0,0.0,0.0,0.0,0.18421052631578955
2026-10-03T09:46:18.398 0.0,0.0,0.0,0.0,0.0,0.18421052631578955
2026-10-03T09:46:18.448 0.0,0.0,0.0,0.0,0.0,0.25789473684210534
2026-10-03T09:46:18.499 0.0,0.0,0.0,0.0,0.0,0.25789473684210534
2026-10-03T09:46:18.548 0.0,0.0,0.0,0.0,0.0,0.25789473684210534
2026-10-03T09:46:18.598 0.0,0.0,0.0,0.0,0.0,0.25789473684210534
2026-10-03T09:46:18.648 0.0,0.0,0.0,0.0,0.0,0.25789473684210534
2026-10-03T09:46:18.698 0.0,0.0,0.0,0.0,0.0,0.25789473684210534
2026-10-03T09:46:18.748 0.0,0.0,0.0,0.0,0.0,0.25789473684210534
2026-10-03T09:46:18.809 0.0,0.0,0.0,0.0,0.0,0.25789473684210534
2026-10-03T09:46:18.858 0.0,0.0,0.0,0.0,0.0,0.25789473684210534
2026-10-03T09:46:18.898 0.0,0.0,0.0,0.0,0.0,0.25789473684210534
2026-10-03T09:46:18.948 0.0,0.0,0.0,0.0,0.0,0.25789473684210534
2026-10-03T09:46:19.009 0.0,0.0,0.0,0.0,0.0,0.25789473684210534
2026-10-03T09:46:19.048 0.0,0.0,0.0,0.0,0.0,0.25789473684210534
2026-10-03T09:46:19.098 0.0,0.0,0.0,0.0,0.0,0.25789473684210534
2026-10-03T09:46:19.149 0.0,0.0,0.0,0.0,0.0,0.25789473684210534
2026-10-03T09:46:19.198 0.0,0.0,0.0,0.0,0.0,0.18421052631578955
2026-10-03T09:46:19.248 0.0,0.0,0.0,0.0,0.0,0.18421052631578955
2026-10-03T09:46:19.298 0.0,0.0,0.0,0.0,0.0,0.18421052631578955
2026-10-03T09:46:19.348 0.0,0.0,0.0,0.0,0.0,0.18421052631578955
2026-10-03T09:46:19.398 0.0,0.0,0.0,0.0,0.0,0.18421052631578955
2026-10-03T09:46:19.448 0.0,0.0,0.0,0.0,0.0,0.18421052631578955
2026-10-03T09:46:19.498 0.0,0.0,0.0,0.0,0.0,0.18421052631578955
2026-10-03T09:46:19.548 0.0,0.0,0.0,0.0,0.0,0.18421052631578955
2026-10-03T09:46:19.598 0.0,0.0,0.0,0.0,0.0,0.18421052631578955
2026-10-03T09:46:19.649 0.0,0.0,0.0,0.0,0.0,0.18421052631578955
2026-10-03T09:46:19.698 0.0,0.0,0.0,0.0,0.0,0.18421052631578955
2026-10-03T09:46:19.748 0.0,0.0,0.0,0.0,0.0,0.18421052631578955
2026-10-03T09:46:19.798 0.0,0.0,0.0,0.0,0.0,0.18421052631578955
2026-10-03T09:46:19.848 0.0,0.0,0.0,0.0,0.0,0.18421052631578955
2026-10-03T09:46:19.898 0.0,0.0,0.0,0.0,0.0,0.18421052631578955
2026-10-03T09:46:19.948 0.0,0.0,0.0,0.0,0.0,0.18421052631578955
2026-10-03T09:46:19.998 0.0,0.0,0.0,0.0,0.0,0.18421052631578955
2026-10-03T09:46:20.048 0.0,0.0,0.0,0.0,0.0,0.18421052631578955
2026-10-03T09:46:20.098 0.0,0.0,0.0,0.0,0.0,0.18421052631578955
2026-10-03T09:46:20.149 0.0,0.0,0.0,0.0,0.0,0.18421052631578955
2026-10-03T09:46:20.198 0.0,0.0,0.0,0.0,0.0,0.18421052631578955
2026-10-03T09:46:20.248 0.0,0.0,0.0,0.0,0.0,0.024210526315789543
2026-10-03T09:46:20.298 0.0,0.0,0.0,0.0,0.0,-0.13578947368421046
2026-10-03T09:46:20.348 0.0,0.0,0.0,0.0,0.0,-0.2578947368421052
2026-10-03T09:46:20.410 0.0,0.0,0.0,0.0,0.0,-0.2578947368421052
2026-10-03T09:46:20.449 0.0,0.0,0.0,0.0,0.0,-0.2578947368421052
2026-10-03T09:46:20.498 0.0,0.0,0.0,0.0,0.0,-0.2578947368421052
2026-10-03T09:46:20.549 0.0,0.0,0.0,0.0,0.0,-0.2578947368421052
2026-10-03T09:46:20.600 0.0,0.0,0.0,0.0,0.0,-0.2578947368421052
2026-10-03T09:46:20.648 0.0,0.0,0.0,0.0,0.0,-0.2578947368421052
2026-10-03T09:46:20.699 0.0,0.0,0.0,0.0,0.0,-0.2578947368421052
2026-10-03T09:46:20.748 0.0,0.0,0.0,0.0,0.0,-0.2578947368421052
2026-10-03T09:46:20.798 0.0,0.0,0.0,0.0,0.0,-0.2578947368421052
2026-10-03T09:46:20.848 0.0,0.0,0.0,0.0,0.0,-0.2578947368421052
2026-10-03T09:46:20.899 0.0,0.0,0.0,0.0,0.0,-0.2578947368421052
2026-10-03T09:46:20.949 0.0,0.0,0.0,0.0,0.0,-0.2578947368421052
2026-10-03T09:46:20.998 0.0,0.0,0.0,0.0,0.0,-0.2578947368421052
2026-10-03T09:46:21.048 0.0,0.0,0.0,0.0,0.0,-0.2578947368421052
2026-10-03T09:46:21.098 0.0,0.0,0.0,0.0,0.0,-0.2578947368421052
2026-10-03T09:46:21.148 0.0,0.0,0.0,0.0,0.0,-0.2578947368421052
2026-10-03T09:46:21.198 0.0,0.0,0.0,0.0,0.0,-0.2578947368421052
2026-10-03T09:46:21.259 0.0,0.0,0.0,0.0,0.0,-0.2578947368421052
2026-10-03T09:46:21.298 0.0,0.0,0.0,0.0,0.0,-0.2578947368421052
2026-10-03T09:46:21.359 0.0,0.0,0.0,0.0,0.0,-0.2578947368421052
2026-10-03T09:46:21.408 0.0,0.0,0.0,0.0,0.0,-0.2578947368421052
2026-10-03T09:46:21.448 0.0,0.0,0.0,0.0,0.0,-0.2578947368421052
2026-10-03T09:46:21.498 0.0,0.0,0.0,0.0,0.0,-0.2578947368421052
2026-10-03T09:46:21.550 0.0,0.0,0.0,0.0,0.0,-0.2578947368421052
2026-10-03T09:46:21.598 0.0,0.0,0.0,0.0,0.0,-0.2578947368421052
2026-10-03T09:46:21.648 0.0,0.0,0.0,0.0,0.0,-0.2578947368421052
2026-10-03T09:46:21.698 0.0,0.0,0.0,0.0,0.0,-0.2578947368421052
2026-10-03T09:46:21.748 0.0,0.0,0.0,0.0,0.0,-0.2578947368421052
2026-10-03T09:46:21.798 0.0,0.0,0.0,0.0,0.0,-0.2578947368421052
2026-10-03T09:46:21.849 0.0,0.0,0.0,0.0,0.0,-0.2578947368421052
2026-10-03T09:46:21.898 0.0,0.0,0.0,0.0,0.0,-0.2578947368421052
2026-10-03T09:46:21.949 0.0,0.0,0.0,0.0,0.0,-0.2578947368421052
2026-10-03T09:46:21.998 0.0,0.0,0.0,0.0,0.0,-0.2578947368421052
2026-10-03T09:46:22.048 0.0,0.0,0.0,0.0,0.0,-0.2578947368421052
2026-10-03T09:46:22.098 0.0,0.0,0.0,0.0,0.0,-0.2578947368421052
2026-10-03T09:46:22.148 0.0,0.0,0.0,0.0,0.0,-0.2578947368421052
2026-10-03T09:46:22.198 0.0,0.0,0.0,0.0,0.0,-0.2578947368421052
2026-10-03T09:46:22.248 0.0,0.0,0.0,0.0,0.0,-0.2578947368421052
2026-10-03T09:46:22.298 0.0,0.0,0.0,0.0,0.0,-0.09789473684210517
2026-10-03T09:46:22.348 0.0,0.0,0.0,0.0,0.0,0.06210526315789483
2026-10-03T09:46:22.398 0.0,0.0,0.0,0.0,0.0,0.18421052631578955
2026-10-03T09:46:22.448 0.0,0.0,0.0,0.0,0.0,0.18421052631578955
2026-10-03T09:46:22.498 0.0,0.0,0.0,0.0,0.0,0.18421052631578955
2026-10-03T09:46:22.549 0.0,0.0,0.0,0.0,0.0,0.18421052631578955
2026-10-03T09:46:22.598 0.0,0.0,0.0,0.0,0.0,0.18421052631578955
2026-10-03T09:46:22.648 0.0,0.0,0.0,0.0,0.0,0.18421052631578955
2026-10-03T09:46:22.698 0.0,0.0,0.0,0.0,0.0,0.18421052631578955
2026-10-03T09:46:22.748 0.0,0.0,0.0,0.0,0.0,0.18421052631578955
2026-10-03T09:46:22.798 0.0,0.0,0.0,0.0,0.0,0.18421052631578955
2026-10-03T09:46:22.848 0.0,0.0,0.0,0.0,0.0,0.18421052631578955
2026-10-03T09:46:22.898 0.0,0.0,0.0,0.0,0.0,0.18421052631578955
2026-10-03T09:46:22.948 0.0,0.0,0.0,0.0,0.0,0.18421052631578955
2026-10-03T09:46:22.998 0.0,0.0,0.0,0.0,0.0,0.18421052631578955
2026-10-03T09:46:23.048 0.0,0.0,0.0,0.0,0.0,0.18421052631578955
2026-10-03T09:46:23.098 0.0,0.0,0.0,0.0,0.0,0.25789473684210534
2026-10-03T09:46:23.148 0.0,0.0,0.0,0.0,0.0,0.25789473684210534
2026-10-03T09:46:23.200 0.0,0.0,0.0,0.0,0.0,0.25789473684210534
2026-10-03T09:46:23.248 0.0,0.0,0.0,0.0,0.0,0.25789473684210534
2026-10-03T09:46:23.298 0.0,0.0,0.0,0.0,0.0,0.25789473684210534
2026-10-03T09:46:23.348 0.0,0.0,0.0,0.0,0.0,0.25789473684210534
2026-10-03T09:46:23.398 0.0,0.0,0.0,0.0,0.0,0.25789473684210534
2026-10-03T09:46:23.458 0.0,0.0,0.0,0.0,0.0,0.25789473684210534
2026-10-03T09:46:23.498 0.0,0.0,0.0,0.0,0.0,0.25789473684210534
2026-10-03T09:46:23.548 0.0,0.0,0.0,0.0,0.0,0.25789473684210534
2026-10-03T09:46:23.598 0.0,0.0,0.0,0.0,0.0,0.25789473684210534
2026-10-03T09:46:23.648 0.0,0.0,0.0,0.0,0.0,0.25789473684210534
2026-10-03T09:46:23.698 0.0,0.0,0.0,0.0,0.0,0.25789473684210534
2026-10-03T09:46:23.748 0.0,0.0,0.0,0.0,0.0,0.25789473684210534
2026-10-03T09:46:23.798 0.0,0.0,0.0,0.0,0.0,0.25789473684210534
2026-10-03T09:46:23.858 0.0,0.0,0.0,0.0,0.0,0.25789473684210534
2026-10-03T09:46:23.898 0.0,0.0,0.0,0.0,0.0,0.18421052631578955
2026-10-03T09:46:23.948 0.0,0.0,0.0,0.0,0.0,0.18421052631578955
2026-10-03T09:46:23.998 0.0,0.0,0.0,0.0,0.0,0.18421052631578955
2026-10-03T09:46:24.048 0.0,0.0,0.0,0.0,0.0,0.18421052631578955
2026-10-03T09:46:24.098 0.0,0.0,0.0,0.0,0.0,0.18421052631578955
2026-10-03T09:46:24.148 0.0,0.0,0.0,0.0,0.0,0.18421052631578955
2026-10-03T09:46:24.198 0.0,0.0,0.0,0.0,0.0,0.18421052631578955
2026-10-03T09:46:24.248 0.0,0.0,0.0,0.0,0.0,0.18421052631578955
2026-10-03T09:46:24.298 0.0,0.0,0.0,0.0,0.0,0.18421052631578955
2026-10-03T09:46:24.348 0.0,0.0,0.0,0.0,0.0,0.18421052631578955
2026-10-03T09:46:24.398 0.0,0.0,0.0,0.0,0.0,0.18421052631578955
2026-10-03T09:46:24.448 0.0,0.0,0.0,0.0,0.0,0.18421052631578955
2026-10-03T09:46:24.499 0.0,0.0,0.0,0.0,0.0,0.18421052631578955
2026-10-03T09:46:24.548 0.0,0.0,0.0,0.0,0.0,0.18421052631578955
2026-10-03T09:46:24.598 0.0,0.0,0.0,0.0,0.0,0.18421052631578955
2026-10-03T09:46:24.648 0.0,0.0,0.0,0.0,0.0,0.18421052631578955
2026-10-03T09:46:24.698 0.0,0.0,0.0,0.0,0.0,0.18421052631578955
2026-10-03T09:46:24.748 0.0,0.0,0.0,0.0,0.0,0.18421052631578955
2026-10-03T09:46:24.798 0.0,0.0,0.0,0.0,0.0,0.18421052631578955
2026-10-03T09:46:24.848 0.0,0.0,0.0,0.0,0.0,0.18421052631578955
2026-10-03T09:46:24.898 0.0,0.0,0.0,0.0,0.0,0.18421052631578955
2026-10-03T09:46:24.948 0.0,0.0,0.0,0.0,0.0,0.024210526315789543
2026-10-03T09:46:24.998 0.0,0.0,0.0,0.0,0.0,-0.13578947368421046
2026-10-03T09:46:25.048 0.0,0.0,0.0,0.0,0.0,-0.2578947368421052
2026-10-03T09:46:25.098 0.0,0.0,0.0,0.0,0.0,-0.2578947368421052
2026-10-03T09:46:25.148 0.0,0.0,0.0,0.0,0.0,-0.2578947368421052
2026-10-03T09:46:25.198 0.0,0.0,0.0,0.0,0.0,-0.2578947368421052
2026-10-03T09:46:25.248 0.0,0.0,0.0,0.0,0.0,-0.2578947368421052
2026-10-03T09:46:25.299 0.0,0.0,0.0,0.0,0.0,-0.2578947368421052
2026-10-03T09:46:25.348 0.0,0.0,0.0,0.0,0.0,-0.2578947368421052
2026-10-03T09:46:25.398 0.0,0.0,0.0,0.0,0.0,-0.2578947368421052
2026-10-03T09:46:25.448 0.0,0.0,0.0,0.0,0.0,-0.2578947368421052
2026-10-03T09:46:25.498 0.0,0.0,0.0,0.0,0.0,-0.2578947368421052
2026-10-03T09:46:25.548 0.0,0.0,0.0,0.0,0.0,-0.2578947368421052
2026-10-03T09:46:25.598 0.0,0.0,0.0,0.0,0.0,-0.2578947368421052
2026-10-03T09:46:25.648 0.0,0.0,0.0,0.0,0.0,-0.2578947368421052
2026-10-03T09:46:25.698 0.0,0.0,0.0,0.0,0.0,-0.2578947368421052
2026-10-03T09:46:25.748 0.0,0.0,0.0,0.0,0.0,-0.2578947368421052
2026-10-03T09:46:25.798 0.0,0.0,0.0,0.0,0.0,-0.2578947368421052
2026-10-03T09:46:25.848 0.0,0.0,0.0,0.0,0.0,-0.2578947368421052
2026-10-03T09:46:25.898 0.0,0.0,0.0,0.0,0.0,-0.2578947368421052
2026-10-03T09:46:25.948 0.0,0.0,0.0,0.0,0.0,-0.2578947368421052
2026-10-03T09:46:25.998 0.0,0.0,0.0,0.0,0.0,-0.2578947368421052
2026-10-03T09:46:26.049 0.0,0.0,0.0,0.0,0.0,-0.2578947368421052
2026-10-03T09:46:26.098 0.0,0.0,0.0,0.0,0.0,-0.2578947368421052
2026-10-03T09:46:26.148 0.0,0.0,0.0,0.0,0.0,-0.2578947368421052
2026-10-03T09:46:26.198 0.0,0.0,0.0,0.0,0.0,-0.2578947368421052
2026-10-03T09:46:26.248 0.0,0.0,0.0,0.0,0.0,-0.2578947368421052
2026-10-03T09:46:26.298 0.0,0.0,0.0,0.0,0.0,-0.2578947368421052
2026-10-03T09:46:26.348 0.0,0.0,0.0,0.0,0.0,-0.2578947368421052
2026-10-03T09:46:26.398 0.0,0.0,0.0,0.0,0.0,-0.2578947368421052
2026-10-03T09:46:26.448 0.0,0.0,0.0,0.0,0.0,-0.2578947368421052
2026-10-03T09:46:26.498 0.0,0.0,0.0,0.0,0.0,-0.2578947368421052
2026-10-03T09:46:26.548 0.0,0.0,0.0,0.0,0.0,-0.2578947368421052
2026-10-03T09:46:26.598 0.0,0.0,0.0,0.0,0.0,-0.2578947368421052
2026-10-03T09:46:26.648 0.0,0.0,0.0,0.0,0.0,-0.2578947368421052
2026-10-03T09:46:26.698 0.0,0.0,0.0,0.0,0.0,-0.2578947368421052
2026-10-03T09:46:26.749 0.0,0.0,0.0,0.0,0.0,-0.2578947368421052
2026-10-03T09:46:26.798 0.0,0.0,0.0,0.0,0.0,-0.2578947368421052
2026-10-03T09:46:26.848 0.0,0.0,0.0,0.0,0.0,-0.09789473684210517
2026-10-03T09:46:26.898 0.0,0.0,0.0,0.0,0.0,0.06210526315789483
2026-10-03T09:46:26.948 0.0,0.0,0.0,0.0,0.0,0.18421052631578955
2026-10-03T09:46:26.998 0.0,0.0,0.0,0.0,0.0,0.18421052631578955
2026-10-03T09:46:27.048 0.0,0.0,0.0,0.0,0.0,0.18421052631578955
2026-10-03T09:46:27.098 0.0,0.0,0.0,0.0,0.0,0.18421052631578955
2026-10-03T09:46:27.148 0.0,0.0,0.0,0.0,0.0,0.18421052631578955
2026-10-03T09:46:27.198 0.0,0.0,0.0,0.0,0.0,0.18421052631578955
2026-10-03T09:46:27.248 0.0,0.0,0.0,0.0,0.0,0.18421052631578955
2026-10-03T09:46:27.298 0.0,0.0,0.0,0.0,0.0,0.18421052631578955
2026-10-03T09:46:27.348 0.0,0.0,0.0,0.0,0.0,0.18421052631578955
2026-10-03T09:46:27.398 0.0,0.0,0.0,0.0,0.0,0.18421052631578955
2026-10-03T09:46:27.448 0.0,0.0,0.0,0.0,0.0,0.18421052631578955
2026-10-03T09:46:27.498 0.0,0.0,0.0,0.0,0.0,0.18421052631578955
2026-10-03T09:46:27.548 0.0,0.0,0.0,0.0,0.0,0.18421052631578955
2026-10-03T09:46:27.598 0.0,0.0,0.0,0.0,0.0,0.18421052631578955
2026-10-03T09:46:27.648 0.0,0.0,0.0,0.0,0.0,0.18421052631578955
2026-10-03T09:46:27.698 0.0,0.0,0.0,0.0,0.0,0.25789473684210534
2026-10-03T09:46:27.748 0.0,0.0,0.0,0.0,0.0,0.25789473684210534
2026-10-03T09:46:27.798 0.0,0.0,0.0,0.0,0.0,0.25789473684210534
2026-10-03T09:46:27.848 0.0,0.0,0.0,0.0,0.0,0.25789473684210534
2026-10-03T09:46:27.898 0.0,0.0,0.0,0.0,0.0,0.25789473684210534
2026-10-03T09:46:27.948 0.0,0.0,0.0,0.0,0.0,0.25789473684210534
2026-10-03T09:46:27.998 0.0,0.0,0.0,0.0,0.0,0.25789473684210534
2026-10-03T09:46:28.048 0.0,0.0,0.0,0.0,0.0,0.25789473684210534
2026-10-03T09:46:28.098 0.0,0.0,0.0,0.0,0.0,0.25789473684210534
2026-10-03T09:46:28.148 0.0,0.0,0.0,0.0,0.0,0.25789473684210534
2026-10-03T09:46:28.198 0.0,0.0,0.0,0.0,0.0,0.25789473684210534
2026-10-03T09:46:28.249 0.0,0.0,0.0,0.0,0.0,0.25789473684210534
2026-10-03T09:46:28.298 0.0,0.0,0.0,0.0,0.0,0.25789473684210534
2026-10-03T09:46:28.348 0.0,0.0,0.0,0.0,0.0,0.25789473684210534
2026-10-03T09:46:28.399 0.0,0.0,0.0,0.0,0.0,0.25789473684210534
2026-10-03T09:46:28.448 0.0,0.0,0.0,0.0,0.0,0.25789473684210534
2026-10-03T09:46:28.498 0.0,0.0,0.0,0.0,0.0,0.18421052631578955
2026-10-03T09:46:28.548 0.0,0.0,0.0,0.0,0.0,0.18421052631578955
2026-10-03T09:46:28.598 0.0,0.0,0.0,0.0,0.0,0.18421052631578955
2026-10-03T09:46:28.648 0.0,0.0,0.0,0.0,0.0,0.18421052631578955
2026-10-03T09:46:28.698 0.0,0.0,0.0,0.0,0.0,0.18421052631578955
2026-10-03T09:46:28.748 0.0,0.0,0.0,0.0,0.0,0.18421052631578955
2026-10-03T09:46:28.798 0.0,0.0,0.0,0.0,0.0,0.18421052631578955
2026-10-03T09:46:28.848 0.0,0.0,0.0,0.0,0.0,0.18421052631578955
2026-10-03T09:46:28.898 0.0,0.0,0.0,0.0,0.0,0.18421052631578955
2026-10-03T09:46:28.948 0.0,0.0,0.0,0.0,0.0,0.18421052631578955
2026-10-03T09:46:28.998 0.0,0.0,0.0,0.0,0.0,0.18421052631578955
2026-10-03T09:46:29.060 0.0,0.0,0.0,0.0,0.0,0.18421052631578955
2026-10-03T09:46:29.098 0.0,0.0,0.0,0.0,0.0,0.18421052631578955
2026-10-03T09:46:29.148 0.0,0.0,0.0,0.0,0.0,0.18421052631578955
2026-10-03T09:46:29.198 0.0,0.0,0.0,0.0,0.0,0.18421052631578955
2026-10-03T09:46:29.248 0.0,0.0,0.0,0.0,0.0,0.18421052631578955
2026-10-03T09:46:29.298 0.0,0.0,0.0,0.0,0.0,0.18421052631578955
2026-10-03T09:46:29.348 0.0,0.0,0.0,0.0,0.0,0.18421052631578955
2026-10-03T09:46:29.409 0.0,0.0,0.0,0.0,0.0,0.18421052631578955
2026-10-03T09:46:29.448 0.0,0.0,0.0,0.0,0.0,0.18421052631578955
2026-10-03T09:46:29.498 0.0,0.0,0.0,0.0,0.0,0.18421052631578955
2026-10-03T09:46:29.548 0.0,0.0,0.0,0.0,0.0,0.18421052631578955
2026-10-03T09:46:29.598 0.0,0.0,0.0,0.0,0.0,0.024210526315789543
2026-10-03T09:46:29.648 0.0,0.0,0.0,0.0,0.0,-0.13578947368421046
2026-10-03T09:46:29.698 0.0,0.0,0.0,0.0,0.0,-0.2578947368421052
2026-10-03T09:46:29.748 0.0,0.0,0.0,0.0,0.0,-0.2578947368421052
2026-10-03T09:46:29.798 0.0,0.0,0.0,0.0,0.0,-0.2578947368421052
2026-10-03T09:46:29.848 0.0,0.0,0.0,0.0,0.0,-0.2578947368421052
2026-10-03T09:46:29.898 0.0,0.0,0.0,0.0,0.0,-0.2578947368421052
2026-10-03T09:46:29.958 0.0,0.0,0.0,0.0,0.0,-0.2578947368421052
2026-10-03T09:46:29.998 0.0,0.0,0.0,0.0,0.0,-0.2578947368421052
2026-10-03T09:46:30.048 0.0,0.0,0.0,0.0,0.0,-0.2578947368421052
2026-10-03T09:46:30.098 0.0,0.0,0.0,0.0,0.0,-0.2578947368421052
2026-10-03T09:46:30.148 0.0,0.0,0.0,0.0,0.0,-0.2578947368421052
2026-10-03T09:46:30.198 0.0,0.0,0.0,0.0,0.0,-0.2578947368421052
2026-10-03T09:46:30.259 0.0,0.0,0.0,0.0,0.0,-0.2578947368421052
2026-10-03T09:46:30.298 0.0,0.0,0.0,0.0,0.0,-0.2578947368421052
2026-10-03T09:46:30.349 0.0,0.0,0.0,0.0,0.0,-0.2578947368421052
2026-10-03T09:46:30.409 0.0,0.0,0.0,0.0,0.0,-0.2578947368421052
2026-10-03T09:46:30.449 0.0,0.0,0.0,0.0,0.0,-0.2578947368421052
2026-10-03T09:46:30.498 0.0,0.0,0.0,0.0,0.0,-0.2578947368421052
2026-10-03T09:46:30.549 0.0,0.0,0.0,0.0,0.0,-0.2578947368421052
2026-10-03T09:46:30.598 0.0,0.0,0.0,0.0,0.0,-0.2578947368421052
2026-10-03T09:46:30.648 0.0,0.0,0.0,0.0,0.0,-0.2578947368421052
2026-10-03T09:46:30.698 0.0,0.0,0.0,0.0,0.0,-0.2578947368421052
2026-10-03T09:46:30.748 0.0,0.0,0.0,0.0,0.0,-0.2578947368421052
2026-10-03T09:46:30.798 0.0,0.0,0.0,0.0,0.0,-0.2578947368421052
2026-10-03T09:46:30.848 0.0,0.0,0.0,0.0,0.0,-0.2578947368421052
2026-10-03T09:46:30.899 0.0,0.0,0.0,0.0,0.0,-0.2578947368421052
2026-10-03T09:46:30.948 0.0,0.0,0.0,0.0,0.0,-0.2578947368421052
2026-10-03T09:46:30.998 0.0,0.0,0.0,0.0,0.0,-0.2578947368421052
2026-10-03T09:46:31.049 0.0,0.0,0.0,0.0,0.0,-0.2578947368421052
2026-10-03T09:46:31.098 0.0,0.0,0.0,0.0,0.0,-0.2578947368421052
2026-10-03T09:46:31.148 0.0,0.0,0.0,0.0,0.0,-0.2578947368421052
2026-10-03T09:46:31.198 0.0,0.0,0.0,0.0,0.0,-0.2578947368421052
2026-10-03T09:46:31.248 0.0,0.0,0.0,0.0,0.0,-0.2578947368421052
2026-10-03T09:46:31.298 0.0,0.0,0.0,0.0,0.0,-0.2578947368421052
2026-10-03T09:46:31.348 0.0,0.0,0.0,0.0,0.0,-0.2578947368421052
2026-10-03T09:46:31.398 0.0,0.0,0.0,0.0,0.0,-0.2578947368421052
2026-10-03T09:46:31.448 0.0,0.0,0.0,0.0,0.0,-0.2578947368421052
2026-10-03T09:46:31.499 0.0,0.0,0.0,0.0,0.0,-0.2578947368421052
2026-10-03T09:46:31.548 0.0,0.0,0.0,0.0,0.0,-0.2578947368421052
2026-10-03T09:46:31.599 0.0,0.0,0.0,0.0,0.0,-0.2578947368421052
2026-10-03T09:46:31.648 0.0,0.0,0.0,0.0,0.0,-0.2578947368421052
2026-10-03T09:46:31.698 0.0,0.0,0.0,0.0,0.0,-0.09789473684210517
2026-10-03T09:46:31.749 0.0,0.0,0.0,0.0,0.0,0.06210526315789483
2026-10-03T09:46:31.798 0.0,0.0,0.0,0.0,0.0,0.18421052631578955
2026-10-03T09:46:31.848 0.0,0.0,0.0,0.0,0.0,0.18421052631578955
2026-10-03T09:46:31.898 0.0,0.0,0.0,0.0,0.0,0.18421052631578955
2026-10-03T09:46:31.948 0.0,0.0,0.0,0.0,0.0,0.18421052631578955
2026-10-03T09:46:31.998 0.0,0.0,0.0,0.0,0.0,0.18421052631578955
2026-10-03T09:46:32.048 0.0,0.0,0.0,0.0,0.0,0.18421052631578955
2026-10-03T09:46:32.098 0.0,0.0,0.0,0.0,0.0,0.18421052631578955
2026-10-03T09:46:32.148 0.0,0.0,0.0,0.0,0.0,0.18421052631578955
2026-10-03T09:46:32.198 0.0,0.0,0.0,0.0,0.0,0.18421052631578955
2026-10-03T09:46:32.248 0.0,0.0,0.0,0.0,0.0,0.18421052631578955
2026-10-03T09:46:32.298 0.0,0.0,0.0,0.0,0.0,0.18421052631578955
2026-10-03T09:46:32.348 0.0,0.0,0.0,0.0,0.0,0.18421052631578955
2026-10-03T09:46:32.398 0.0,0.0,0.0,0.0,0.0,0.18421052631578955
2026-10-03T09:46:32.448 0.0,0.0,0.0,0.0,0.0,0.18421052631578955
2026-10-03T09:46:32.498 0.0,0.0,0.0,0.0,0.0,0.18421052631578955
2026-10-03T09:46:32.548 0.0,0.0,0.0,0.0,0.0,0.18421052631578955
2026-10-03T09:46:32.598 0.0,0.0,0.0,0.0,0.0,0.18421052631578955
2026-10-03T09:46:32.648 0.0,0.0,0.0,0.0,0.0,0.25789473684210534
2026-10-03T09:46:32.698 0.0,0.0,0.0,0.0,0.0,0.25789473684210534
2026-10-03T09:46:32.748 0.0,0.0,0.0,0.0,0.0,0.25789473684210534
2026-10-03T09:46:32.798 0.0,0.0,0.0,0.0,0.0,0.25789473684210534
2026-10-03T09:46:32.848 0.0,0.0,0.0,0.0,0.0,0.25789473684210534
2026-10-03T09:46:32.898 0.0,0.0,0.0,0.0,0.0,0.25789473684210534
2026-10-03T09:46:32.948 0.0,0.0,0.0,0.0,0.0,0.25789473684210534
2026-10-03T09:46:32.998 0.0,0.0,0.0,0.0,0.0,0.25789473684210534
2026-10-03T09:46:33.048 0.0,0.0,0.0,0.0,0.0,0.25789473684210534
2026-10-03T09:46:33.098 0.0,0.0,0.0,0.0,0.0,0.25789473684210534
2026-10-03T09:46:33.148 0.0,0.0,0.0,0.0,0.0,0.18421052631578955
2026-10-03T09:46:33.198 0.0,0.0,0.0,0.0,0.0,0.18421052631578955
2026-10-03T09:46:33.248 0.0,0.0,0.0,0.0,0.0,0.18421052631578955
2026-10-03T09:46:33.298 0.0,0.0,0.0,0.0,0.0,0.18421052631578955
2026-10-03T09:46:33.348 0.0,0.0,0.0,0.0,0.0,0.18421052631578955
2026-10-03T09:46:33.398 0.0,0.0,0.0,0.0,0.0,0.18421052631578955
2026-10-03T09:46:33.448 0.0,0.0,0.0,0.0,0.0,0.18421052631578955
2026-10-03T09:46:33.498 0.0,0.0,0.0,0.0,0.0,0.18421052631578955
2026-10-03T09:46:33.548 0.0,0.0,0.0,0.0,0.0,0.18421052631578955
2026-10-03T09:46:33.598 0.0,0.0,0.0,0.0,0.0,0.18421052631578955
2026-10-03T09:46:33.648 0.0,0.0,0.0,0.0,0.0,0.18421052631578955
2026-10-03T09:46:33.698 0.0,0.0,0.0,0.0,0.0,0.18421052631578955
2026-10-03T09:46:33.748 0.0,0.0,0.0,0.0,0.0,0.18421052631578955
2026-10-03T09:46:33.798 0.0,0.0,0.0,0.0,0.0,0.18421052631578955
2026-10-03T09:46:33.848 0.0,0.0,0.0,0.0,0.0,0.18421052631578955
2026-10-03T09:46:33.898 0.0,0.0,0.0,0.0,0.0,0.18421052631578955
2026-10-03T09:46:33.948 0.0,0.0,0.0,0.0,0.0,0.18421052631578955
2026-10-03T09:46:33.998 0.0,0.0,0.0,0.0,0.0,0.18421052631578955
2026-10-03T09:46:34.048 0.0,0.0,0.0,0.0,0.0,0.18421052631578955
2026-10-03T09:46:34.098 0.0,0.0,0.0,0.0,0.0,0.18421052631578955
2026-10-03T09:46:34.149 0.0,0.0,0.0,0.0,0.0,0.18421052631578955
2026-10-03T09:46:34.198 0.0,0.0,0.0,0.0,0.0,0.18421052631578955
2026-10-03T09:46:34.248 0.0,0.0,0.0,0.0,0.0,0.18421052631578955
2026-10-03T09:46:34.298 0.0,0.0,0.0,0.0,0.0,0.024210526315789543
2026-10-03T09:46:34.348 0.0,0.0,0.0,0.0,0.0,-0.13578947368421046
2026-10-03T09:46:34.398 0.0,0.0,0.0,0.0,0.0,-0.2578947368421052
2026-10-03T09:46:34.448 0.0,0.0,0.0,0.0,0.0,-0.2578947368421052
2026-10-03T09:46:34.498 0.0,0.0,0.0,0.0,0.0,-0.2578947368421052
2026-10-03T09:46:34.558 0.0,0.0,0.0,0.0,0.0,-0.2578947368421052
2026-10-03T09:46:34.598 0.0,0.0,0.0,0.0,0.0,-0.2578947368421052
2026-10-03T09:46:34.648 0.0,0.0,0.0,0.0,0.0,-0.2578947368421052
2026-10-03T09:46:34.698 0.0,0.0,0.0,0.0,0.0,-0.2578947368421052
2026-10-03T09:46:34.748 0.0,0.0,0.0,0.0,0.0,-0.2578947368421052
2026-10-03T09:46:34.798 0.0,0.0,0.0,0.0,0.0,-0.2578947368421052
2026-10-03T09:46:34.848 0.0,0.0,0.0,0.0,0.0,-0.2578947368421052
2026-10-03T09:46:34.898 0.0,0.0,0.0,0.0,0.0,-0.2578947368421052
2026-10-03T09:46:34.948 0.0,0.0,0.0,0.0,0.0,-0.2578947368421052
2026-10-03T09:46:34.998 0.0,0.0,0.0,0.0,0.0,-0.2578947368421052
2026-10-03T09:46:35.050 0.0,0.0,0.0,0.0,0.0,-0.2578947368421052
2026-10-03T09:46:35.098 0.0,0.0,0.0,0.0,0.0,-0.2578947368421052
2026-10-03T09:46:35.148 0.0,0.0,0.0,0.0,0.0,-0.2578947368421052
2026-10-03T09:46:35.198 0.0,0.0,0.0,0.0,0.0,-0.2578947368421052
2026-10-03T09:46:35.248 0.0,0.0,0.0,0.0,0.0,-0.2578947368421052
2026-10-03T09:46:35.298 0.0,0.0,0.0,0.0,0.0,-0.2578947368421052
2026-10-03T09:46:35.348 0.0,0.0,0.0,0.0,0.0,-0.2578947368421052
2026-10-03T09:46:35.398 0.0,0.0,0.0,0.0,0.0,-0.2578947368421052
2026-10-03T09:46:35.448 0.0,0.0,0.0,0.0,0.0,-0.2578947368421052
2026-10-03T09:46:35.498 0.0,0.0,0.0,0.0,0.0,-0.2578947368421052
2026-10-03T09:46:35.548 0.0,0.0,0.0,0.0,0.0,-0.2578947368421052
2026-10-03T09:46:35.598 0.0,0.0,0.0,0.0,0.0,-0.2578947368421052
2026-10-03T09:46:35.648 0.0,0.0,0.0,0.0,0.0,-0.2578947368421052
2026-10-03T09:46:35.698 0.0,0.0,0.0,0.0,0.0,-0.2578947368421052
2026-10-03T09:46:35.748 0.0,0.0,0.0,0.0,0.0,-0.2578947368421052
2026-10-03T09:46:35.798 0.0,0.0,0.0,0.0,0.0,-0.2578947368421052
2026-10-03T09:46:35.848 0.0,0.0,0.0,0.0,0.0,-0.2578947368421052
2026-10-03T09:46:35.898 0.0,0.0,0.0,0.0,0.0,-0.2578947368421052
2026-10-03T09:46:35.948 0.0,0.0,0.0,0.0,0.0,-0.2578947368421052
2026-10-03T09:46:35.998 0.0,0.0,0.0,0.0,0.0,-0.2578947368421052
2026-10-03T09:46:36.048 0.0,0.0,0.0,0.0,0.0,-0.2578947368421052
2026-10-03T09:46:36.098 0.0,0.0,0.0,0.0,0.0,-0.2578947368421052
2026-10-03T09:46:36.148 0.0,0.0,0.0,0.0,0.0,-0.2578947368421052
2026-10-03T09:46:36.200 0.0,0.0,0.0,0.0,0.0,-0.2578947368421052
2026-10-03T09:46:36.248 0.0,0.0,0.0,0.0,0.0,-0.09789473684210517
2026-10-03T09:46:36.298 0.0,0.0,0.0,0.0,0.0,0.06210526315789483
2026-10-03T09:46:36.348 0.0,0.0,0.0,0.0,0.0,0.18421052631578955
2026-10-03T09:46:36.398 0.0,0.0,0.0,0.0,0.0,0.18421052631578955
2026-10-03T09:46:36.448 0.0,0.0,0.0,0.0,0.0,0.18421052631578955
2026-10-03T09:46:36.498 0.0,0.0,0.0,0.0,0.0,0.18421052631578955
2026-10-03T09:46:36.548 0.0,0.0,0.0,0.0,0.0,0.18421052631578955
2026-10-03T09:46:36.598 0.0,0.0,0.0,0.0,0.0,0.18421052631578955
2026-10-03T09:46:36.648 0.0,0.0,0.0,0.0,0.0,0.18421052631578955
2026-10-03T09:46:36.709 0.0,0.0,0.0,0.0,0.0,0.18421052631578955
2026-10-03T09:46:36.748 0.0,0.0,0.0,0.0,0.0,0.18421052631578955
2026-10-03T09:46:36.798 0.0,0.0,0.0,0.0,0.0,0.18421052631578955
2026-10-03T09:46:36.848 0.0,0.0,0.0,0.0,0.0,0.18421052631578955
2026-10-03T09:46:36.898 0.0,0.0,0.0,0.0,0.0,0.18421052631578955
2026-10-03T09:46:36.948 0.0,0.0,0.0,0.0,0.0,0.18421052631578955
2026-10-03T09:46:36.998 0.0,0.0,0.0,0.0,0.0,0.18421052631578955
2026-10-03T09:46:37.048 0.0,0.0,0.0,0.0,0.0,0.18421052631578955
2026-10-03T09:46:37.098 0.0,0.0,0.0,0.0,0.0,0.18421052631578955
2026-10-03T09:46:37.148 0.0,0.0,0.0,0.0,0.0,0.18421052631578955
2026-10-03T09:46:37.198 0.0,0.0,0.0,0.0,0.0,0.18421052631578955
2026-10-03T09:46:37.248 0.0,0.0,0.0,0.0,0.0,0.18421052631578955
2026-10-03T09:46:37.298 0.0,0.0,0.0,0.0,0.0,0.25789473684210534
2026-10-03T09:46:37.348 0.0,0.0,0.0,0.0,0.0,0.25789473684210534
2026-10-03T09:46:37.398 0.0,0.0,0.0,0.0,0.0,0.25789473684210534
2026-10-03T09:46:37.448 0.0,0.0,0.0,0.0,0.0,0.25789473684210534
2026-10-03T09:46:37.498 0.0,0.0,0.0,0.0,0.0,0.25789473684210534
2026-10-03T09:46:37.548 0.0,0.0,0.0,0.0,0.0,0.25789473684210534
2026-10-03T09:46:37.598 0.0,0.0,0.0,0.0,0.0,0.25789473684210534
2026-10-03T09:46:37.648 0.0,0.0,0.0,0.0,0.0,0.18421052631578955
2026-10-03T09:46:37.698 0.0,0.0,0.0,0.0,0.0,0.18421052631578955
2026-10-03T09:46:37.748 0.0,0.0,0.0,0.0,0.0,0.18421052631578955
2026-10-03T09:46:37.798 0.0,0.0,0.0,0.0,0.0,0.18421052631578955
2026-10-03T09:46:37.848 0.0,0.0,0.0,0.0,0.0,0.18421052631578955
2026-10-03T09:46:37.900 0.0,0.0,0.0,0.0,0.0,0.18421052631578955
2026-10-03T09:46:37.948 0.0,0.0,0.0,0.0,0.0,0.18421052631578955
2026-10-03T09:46:37.998 0.0,0.0,0.0,0.0,0.0,0.18421052631578955
2026-10-03T09:46:38.048 0.0,0.0,0.0,0.0,0.0,0.18421052631578955
2026-10-03T09:46:38.098 0.0,0.0,0.0,0.0,0.0,0.18421052631578955
2026-10-03T09:46:38.148 0.0,0.0,0.0,0.0,0.0,0.18421052631578955
2026-10-03T09:46:38.209 0.0,0.0,0.0,0.0,0.0,0.18421052631578955
2026-10-03T09:46:38.248 0.0,0.0,0.0,0.0,0.0,0.18421052631578955
2026-10-03T09:46:38.298 0.0,0.0,0.0,0.0,0.0,0.18421052631578955
2026-10-03T09:46:38.359 0.0,0.0,0.0,0.0,0.0,0.18421052631578955
2026-10-03T09:46:38.399 0.0,0.0,0.0,0.0,0.0,0.18421052631578955
2026-10-03T09:46:38.448 0.0,0.0,0.0,0.0,0.0,0.18421052631578955
2026-10-03T09:46:38.498 0.0,0.0,0.0,0.0,0.0,0.18421052631578955
2026-10-03T09:46:38.548 0.0,0.0,0.0,0.0,0.0,0.18421052631578955
2026-10-03T09:46:38.598 0.0,0.0,0.0,0.0,0.0,0.18421052631578955
2026-10-03T09:46:38.648 0.0,0.0,0.0,0.0,0.0,0.18421052631578955
2026-10-03T09:46:38.698 0.0,0.0,0.0,0.0,0.0,0.18421052631578955
2026-10-03T09:46:38.748 0.0,0.0,0.0,0.0,0.0,0.18421052631578955
2026-10-03T09:46:38.798 0.0,0.0,0.0,0.0,0.0,0.18421052631578955
2026-10-03T09:46:38.848 0.0,0.0,0.0,0.0,0.0,0.18421052631578955
2026-10-03T09:46:38.898 0.0,0.0,0.0,0.0,0.0,0.18421052631578955
2026-10-03T09:46:38.948 0.0,0.0,0.0,0.0,0.0,0.024210526315789543
2026-10-03T09:46:39.008 0.0,0.0,0.0,0.0,0.0,-0.13578947368421046
2026-10-03T09:46:39.048 0.0,0.0,0.0,0.0,0.0,-0.2578947368421052
2026-10-03T09:46:39.100 0.0,0.0,0.0,0.0,0.0,-0.2578947368421052
2026-10-03T09:46:39.148 0.0,0.0,0.0,0.0,0.0,-0.2578947368421052
2026-10-03T09:46:39.198 0.0,0.0,0.0,0.0,0.0,-0.2578947368421052
2026-10-03T09:46:39.248 0.0,0.0,0.0,0.0,0.0,-0.2578947368421052
2026-10-03T09:46:39.298 0.0,0.0,0.0,0.0,0.0,-0.2578947368421052
2026-10-03T09:46:39.348 0.0,0.0,0.0,0.0,0.0,-0.2578947368421052
2026-10-03T09:46:39.398 0.0,0.0,0.0,0.0,0.0,-0.2578947368421052
2026-10-03T09:46:39.448 0.0,0.0,0.0,0.0,0.0,-0.2578947368421052
2026-10-03T09:46:39.500 0.0,0.0,0.0,0.0,0.0,-0.2578947368421052
2026-10-03T09:46:39.549 0.0,0.0,0.0,0.0,0.0,-0.2578947368421052
2026-10-03T09:46:39.599 0.0,0.0,0.0,0.0,0.0,-0.2578947368421052
2026-10-03T09:46:39.648 0.0,0.0,0.0,0.0,0.0,-0.2578947368421052
2026-10-03T09:46:39.698 0.0,0.0,0.0,0.0,0.0,-0.2578947368421052
2026-10-03T09:46:39.748 0.0,0.0,0.0,0.0,0.0,-0.2578947368421052
2026-10-03T09:46:39.798 0.0,0.0,0.0,0.0,0.0,-0.2578947368421052
2026-10-03T09:46:39.848 0.0,0.0,0.0,0.0,0.0,-0.2578947368421052
2026-10-03T09:46:39.898 0.0,0.0,0.0,0.0,0.0,-0.2578947368421052
2026-10-03T09:46:39.948 0.0,0.0,0.0,0.0,0.0,-0.2578947368421052
2026-10-03T09:46:40.008 0.0,0.0,0.0,0.0,0.0,-0.2578947368421052
2026-10-03T09:46:40.048 0.0,0.0,0.0,0.0,0.0,-0.2578947368421052
2026-10-03T09:46:40.098 0.0,0.0,0.0,0.0,0.0,-0.2578947368421052
2026-10-03T09:46:40.148 0.0,0.0,0.0,0.0,0.0,-0.2578947368421052
2026-10-03T09:46:40.198 0.0,0.0,0.0,0.0,0.0,-0.2578947368421052
2026-10-03T09:46:40.248 0.0,0.0,0.0,0.0,0.0,-0.2578947368421052
2026-10-03T09:46:40.298 0.0,0.0,0.0,0.0,0.0,-0.2578947368421052
2026-10-03T09:46:40.348 0.0,0.0,0.0,0.0,0.0,-0.2578947368421052
2026-10-03T09:46:40.398 0.0,0.0,0.0,0.0,0.0,-0.2578947368421052
2026-10-03T09:46:40.448 0.0,0.0,0.0,0.0,0.0,-0.2578947368421052
2026-10-03T09:46:40.498 0.0,0.0,0.0,0.0,0.0,-0.2578947368421052
2026-10-03T09:46:40.548 0.0,0.0,0.0,0.0,0.0,-0.2578947368421052
2026-10-03T09:46:40.598 0.0,0.0,0.0,0.0,0.0,-0.2578947368421052
2026-10-03T09:46:40.648 0.0,0.0,0.0,0.0,0.0,-0.2578947368421052
2026-10-03T09:46:40.698 0.0,0.0,0.0,0.0,0.0,-0.2578947368421052
2026-10-03T09:46:40.748 0.0,0.0,0.0,0.0,0.0,-0.2578947368421052
2026-10-03T09:46:40.798 0.0,0.0,0.0,0.0,0.0,-0.2578947368421052
2026-10-03T09:46:40.848 0.0,0.0,0.0,0.0,0.0,-0.09789473684210517
2026-10-03T09:46:40.898 0.0,0.0,0.0,0.0,0.0,0.06210526315789483
2026-10-03T09:46:40.948 0.0,0.0,0.0,0.0,0.0,0.18421052631578955
2026-10-03T09:46:40.998 0.0,0.0,0.0,0.0,0.0,0.18421052631578955
2026-10-03T09:46:41.052 0.0,0.0,0.0,0.0,0.0,0.18421052631578955
2026-10-03T09:46:41.098 0.0,0.0,0.0,0.0,0.0,0.18421052631578955
2026-10-03T09:46:41.148 0.0,0.0,0.0,0.0,0.0,0.18421052631578955
2026-10-03T09:46:41.198 0.0,0.0,0.0,0.0,0.0,0.18421052631578955
2026-10-03T09:46:41.248 0.0,0.0,0.0,0.0,0.0,0.18421052631578955
2026-10-03T09:46:41.298 0.0,0.0,0.0,0.0,0.0,0.18421052631578955
2026-10-03T09:46:41.348 0.0,0.0,0.0,0.0,0.0,0.18421052631578955
2026-10-03T09:46:41.398 0.0,0.0,0.0,0.0,0.0,0.18421052631578955
2026-10-03T09:46:41.448 0.0,0.0,0.0,0.0,0.0,0.18421052631578955
2026-10-03T09:46:41.498 0.0,0.0,0.0,0.0,0.0,0.18421052631578955
2026-10-03T09:46:41.548 0.0,0.0,0.0,0.0,0.0,0.18421052631578955
2026-10-03T09:46:41.598 0.0,0.0,0.0,0.0,0.0,0.18421052631578955
2026-10-03T09:46:41.648 0.0,0.0,0.0,0.0,0.0,0.18421052631578955
2026-10-03T09:46:41.698 0.0,0.0,0.0,0.0,0.0,0.18421052631578955
2026-10-03T09:46:41.748 0.0,0.0,0.0,0.0,0.0,0.18421052631578955
2026-10-03T09:46:41.798 0.0,0.0,0.0,0.0,0.0,0.25789473684210534
2026-10-03T09:46:41.848 0.0,0.0,0.0,0.0,0.0,0.25789473684210534
2026-10-03T09:46:41.898 0.0,0.0,0.0,0.0,0.0,0.25789473684210534
2026-10-03T09:46:41.948 0.0,0.0,0.0,0.0,0.0,0.25789473684210534
2026-10-03T09:46:41.998 0.0,0.0,0.0,0.0,0.0,0.25789473684210534
2026-10-03T09:46:42.048 0.0,0.0,0.0,0.0,0.0,0.25789473684210534
2026-10-03T09:46:42.108 0.0,0.0,0.0,0.0,0.0,0.25789473684210534
2026-10-03T09:46:42.148 0.0,0.0,0.0,0.0,0.0,0.18421052631578955
2026-10-03T09:46:42.198 0.0,0.0,0.0,0.0,0.0,0.18421052631578955
2026-10-03T09:46:42.248 0.0,0.0,0.0,0.0,0.0,0.18421052631578955
2026-10-03T09:46:42.298 0.0,0.0,0.0,0.0,0.0,0.18421052631578955
2026-10-03T09:46:42.348 0.0,0.0,0.0,0.0,0.0,0.18421052631578955
2026-10-03T09:46:42.398 0.0,0.0,0.0,0.0,0.0,0.18421052631578955
2026-10-03T09:46:42.448 0.0,0.0,0.0,0.0,0.0,0.18421052631578955
2026-10-03T09:46:42.498 0.0,0.0,0.0,0.0,0.0,0.18421052631578955
2026-10-03T09:46:42.548 0.0,0.0,0.0,0.0,0.0,0.18421052631578955
2026-10-03T09:46:42.598 0.0,0.0,0.0,0.0,0.0,0.18421052631578955
2026-10-03T09:46:42.648 0.0,0.0,0.0,0.0,0.0,0.18421052631578955
2026-10-03T09:46:42.698 0.0,0.0,0.0,0.0,0.0,0.18421052631578955
2026-10-03T09:46:42.748 0.0,0.0,0.0,0.0,0.0,0.18421052631578955
2026-10-03T09:46:42.798 0.0,0.0,0.0,0.0,0.0,0.18421052631578955
2026-10-03T09:46:42.848 0.0,0.0,0.0,0.0,0.0,0.18421052631578955
2026-10-03T09:46:42.898 0.0,0.0,0.0,0.0,0.0,0.18421052631578955
2026-10-03T09:46:42.948 0.0,0.0,0.0,0.0,0.0,0.18421052631578955
2026-10-03T09:46:42.998 0.0,0.0,0.0,0.0,0.0,0.18421052631578955
2026-10-03T09:46:43.049 0.0,0.0,0.0,0.0,0.0,0.18421052631578955
2026-10-03T09:46:43.098 0.0,0.0,0.0,0.0,0.0,0.18421052631578955
2026-10-03T09:46:43.148 0.0,0.0,0.0,0.0,0.0,0.18421052631578955
2026-10-03T09:46:43.198 0.0,0.0,0.0,0.0,0.0,0.18421052631578955
2026-10-03T09:46:43.248 0.0,0.0,0.0,0.0,0.0,0.18421052631578955
2026-10-03T09:46:43.298 0.0,0.0,0.0,0.0,0.0,0.18421052631578955
2026-10-03T09:46:43.358 0.0,0.0,0.0,0.0,0.0,0.18421052631578955
2026-10-03T09:46:43.398 0.0,0.0,0.0,0.0,0.0,0.024210526315789543
2026-10-03T09:46:43.448 0.0,0.0,0.0,0.0,0.0,-0.13578947368421046
2026-10-03T09:46:43.498 0.0,0.0,0.0,0.0,0.0,-0.2578947368421052
2026-10-03T09:46:43.548 0.0,0.0,0.0,0.0,0.0,-0.2578947368421052
2026-10-03T09:46:43.608 0.0,0.0,0.0,0.0,0.0,-0.2578947368421052
2026-10-03T09:46:43.648 0.0,0.0,0.0,0.0,0.0,-0.2578947368421052
2026-10-03T09:46:43.698 0.0,0.0,0.0,0.0,0.0,-0.2578947368421052
2026-10-03T09:46:43.748 0.0,0.0,0.0,0.0,0.0,-0.2578947368421052
2026-10-03T09:46:43.798 0.0,0.0,0.0,0.0,0.0,-0.2578947368421052
2026-10-03T09:46:43.848 0.0,0.0,0.0,0.0,0.0,-0.2578947368421052
2026-10-03T09:46:43.898 0.0,0.0,0.0,0.0,0.0,-0.2578947368421052
2026-10-03T09:46:43.948 0.0,0.0,0.0,0.0,0.0,-0.2578947368421052
2026-10-03T09:46:43.998 0.0,0.0,0.0,0.0,0.0,-0.2578947368421052
2026-10-03T09:46:44.048 0.0,0.0,0.0,0.0,0.0,-0.2578947368421052
2026-10-03T09:46:44.098 0.0,0.0,0.0,0.0,0.0,-0.2578947368421052
2026-10-03T09:46:44.148 0.0,0.0,0.0,0.0,0.0,-0.2578947368421052
2026-10-03T09:46:44.198 0.0,0.0,0.0,0.0,0.0,-0.2578947368421052
2026-10-03T09:46:44.248 0.0,0.0,0.0,0.0,0.0,-0.2578947368421052
2026-10-03T09:46:44.299 0.0,0.0,0.0,0.0,0.0,-0.2578947368421052
2026-10-03T09:46:44.348 0.0,0.0,0.0,0.0,0.0,-0.2578947368421052
2026-10-03T09:46:44.398 0.0,0.0,0.0,0.0,0.0,-0.2578947368421052
2026-10-03T09:46:44.448 0.0,0.0,0.0,0.0,0.0,-0.2578947368421052
2026-10-03T09:46:44.498 0.0,0.0,0.0,0.0,0.0,-0.2578947368421052
2026-10-03T09:46:44.548 0.0,0.0,0.0,0.0,0.0,-0.2578947368421052
2026-10-03T09:46:44.598 0.0,0.0,0.0,0.0,0.0,-0.2578947368421052
2026-10-03T09:46:44.648 0.0,0.0,0.0,0.0,0.0,-0.2578947368421052
2026-10-03T09:46:44.698 0.0,0.0,0.0,0.0,0.0,-0.2578947368421052
2026-10-03T09:46:44.748 0.0,0.0,0.0,0.0,0.0,-0.2578947368421052
2026-10-03T09:46:44.798 0.0,0.0,0.0,0.0,0.0,-0.2578947368421052
2026-10-03T09:46:44.848 0.0,0.0,0.0,0.0,0.0,-0.2578947368421052
2026-10-03T09:46:44.897 0.0,0.0,0.0,0.0,0.0,-0.2578947368421052
2026-10-03T09:46:44.958 0.0,0.0,0.0,0.0,0.0,-0.2578947368421052
2026-10-03T09:46:44.998 0.0,0.0,0.0,0.0,0.0,-0.2578947368421052
2026-10-03T09:46:45.048 0.0,0.0,0.0,0.0,0.0,-0.2578947368421052
2026-10-03T09:46:45.098 0.0,0.0,0.0,0.0,0.0,-0.2578947368421052
2026-10-03T09:46:45.148 0.0,0.0,0.0,0.0,0.0,-0.2578947368421052
2026-10-03T09:46:45.198 0.0,0.0,0.0,0.0,0.0,-0.2578947368421052
2026-10-03T09:46:45.248 0.0,0.0,0.0,0.0,0.0,-0.09789473684210517
2026-10-03T09:46:45.298 0.0,0.0,0.0,0.0,0.0,0.06210526315789483
2026-10-03T09:46:45.358 0.0,0.0,0.0,0.0,0.0,0.18421052631578955
2026-10-03T09:46:45.398 0.0,0.0,0.0,0.0,0.0,0.18421052631578955
2026-10-03T09:46:45.448 0.0,0.0,0.0,0.0,0.0,0.18421052631578955
2026-10-03T09:46:45.498 0.0,0.0,0.0,0.0,0.0,0.18421052631578955
2026-10-03T09:46:45.548 0.0,0.0,0.0,0.0,0.0,0.18421052631578955
2026-10-03T09:46:45.598 0.0,0.0,0.0,0.0,0.0,0.18421052631578955
2026-10-03T09:46:45.648 0.0,0.0,0.0,0.0,0.0,0.18421052631578955
2026-10-03T09:46:45.698 0.0,0.0,0.0,0.0,0.0,0.18421052631578955
2026-10-03T09:46:45.748 0.0,0.0,0.0,0.0,0.0,0.18421052631578955
2026-10-03T09:46:45.809 0.0,0.0,0.0,0.0,0.0,0.18421052631578955
2026-10-03T09:46:45.848 0.0,0.0,0.0,0.0,0.0,0.18421052631578955
2026-10-03T09:46:45.898 0.0,0.0,0.0,0.0,0.0,0.18421052631578955
2026-10-03T09:46:45.948 0.0,0.0,0.0,0.0,0.0,0.18421052631578955
2026-10-03T09:46:45.998 0.0,0.0,0.0,0.0,0.0,0.18421052631578955
2026-10-03T09:46:46.048 0.0,0.0,0.0,0.0,0.0,0.18421052631578955
2026-10-03T09:46:46.098 0.0,0.0,0.0,0.0,0.0,0.18421052631578955
2026-10-03T09:46:46.148 0.0,0.0,0.0,0.0,0.0,0.18421052631578955
2026-10-03T09:46:46.198 0.0,0.0,0.0,0.0,0.0,0.18421052631578955
2026-10-03T09:46:46.248 0.0,0.0,0.0,0.0,0.0,0.25789473684210534
2026-10-03T09:46:46.298 0.0,0.0,0.0,0.0,0.0,0.25789473684210534
2026-10-03T09:46:46.348 0.0,0.0,0.0,0.0,0.0,0.25789473684210534
2026-10-03T09:46:46.398 0.0,0.0,0.0,0.0,0.0,0.25789473684210534
2026-10-03T09:46:46.448 0.0,0.0,0.0,0.0,0.0,0.25789473684210534
2026-10-03T09:46:46.498 0.0,0.0,0.0,0.0,0.0,0.25789473684210534
2026-10-03T09:46:46.548 0.0,0.0,0.0,0.0,0.0,0.25789473684210534
2026-10-03T09:46:46.598 0.0,0.0,0.0,0.0,0.0,0.25789473684210534
2026-10-03T09:46:46.648 0.0,0.0,0.0,0.0,0.0,0.18421052631578955
2026-10-03T09:46:46.698 0.0,0.0,0.0,0.0,0.0,0.18421052631578955
2026-10-03T09:46:46.748 0.0,0.0,0.0,0.0,0.0,0.18421052631578955
2026-10-03T09:46:46.798 0.0,0.0,0.0,0.0,0.0,0.18421052631578955
2026-10-03T09:46:46.848 0.0,0.0,0.0,0.0,0.0,0.18421052631578955
2026-10-03T09:46:46.898 0.0,0.0,0.0,0.0,0.0,0.18421052631578955
2026-10-03T09:46:46.948 0.0,0.0,0.0,0.0,0.0,0.18421052631578955
2026-10-03T09:46:46.998 0.0,0.0,0.0,0.0,0.0,0.18421052631578955
2026-10-03T09:46:47.048 0.0,0.0,0.0,0.0,0.0,0.18421052631578955
2026-10-03T09:46:47.098 0.0,0.0,0.0,0.0,0.0,0.18421052631578955
2026-10-03T09:46:47.148 0.0,0.0,0.0,0.0,0.0,0.18421052631578955
2026-10-03T09:46:47.199 0.0,0.0,0.0,0.0,0.0,0.18421052631578955
2026-10-03T09:46:47.248 0.0,0.0,0.0,0.0,0.0,0.18421052631578955
2026-10-03T09:46:47.298 0.0,0.0,0.0,0.0,0.0,0.18421052631578955
2026-10-03T09:46:47.348 0.0,0.0,0.0,0.0,0.0,0.18421052631578955
2026-10-03T09:46:47.398 0.0,0.0,0.0,0.0,0.0,0.18421052631578955
2026-10-03T09:46:47.448 0.0,0.0,0.0,0.0,0.0,0.18421052631578955
2026-10-03T09:46:47.498 0.0,0.0,0.0,0.0,0.0,0.18421052631578955
2026-10-03T09:46:47.548 0.0,0.0,0.0,0.0,0.0,0.18421052631578955
2026-10-03T09:46:47.608 0.0,0.0,0.0,0.0,0.0,0.18421052631578955
2026-10-03T09:46:47.648 0.0,0.0,0.0,0.0,0.0,0.18421052631578955
2026-10-03T09:46:47.698 0.0,0.0,0.0,0.0,0.0,0.18421052631578955
2026-10-03T09:46:47.748 0.0,0.0,0.0,0.0,0.0,0.18421052631578955
2026-10-03T09:46:47.798 0.0,0.0,0.0,0.0,0.0,0.18421052631578955
2026-10-03T09:46:47.848 0.0,0.0,0.0,0.0,0.0,0.18421052631578955
2026-10-03T09:46:47.898 0.0,0.0,0.0,0.0,0.0,0.18421052631578955
2026-10-03T09:46:47.948 0.0,0.0,0.0,0.0,0.0,0.18421052631578955
2026-10-03T09:46:47.998 0.0,0.0,0.0,0.0,0.0,0.18421052631578955
2026-10-03T09:46:48.048 0.0,0.0,0.0,0.0,0.0,0.024210526315789543
2026-10-03T09:46:48.098 0.0,0.0,0.0,0.0,0.0,-0.13578947368421046
2026-10-03T09:46:48.148 0.0,0.0,0.0,0.0,0.0,-0.2578947368421052
2026-10-03T09:46:48.198 0.0,0.0,0.0,0.0,0.0,-0.2578947368421052
2026-10-03T09:46:48.248 0.0,0.0,0.0,0.0,0.0,-0.2578947368421052
2026-10-03T09:46:48.298 0.0,0.0,0.0,0.0,0.0,-0.2578947368421052
2026-10-03T09:46:48.348 0.0,0.0,0.0,0.0,0.0,-0.2578947368421052
2026-10-03T09:46:48.398 0.0,0.0,0.0,0.0,0.0,-0.2578947368421052
2026-10-03T09:46:48.448 0.0,0.0,0.0,0.0,0.0,-0.2578947368421052
2026-10-03T09:46:48.498 0.0,0.0,0.0,0.0,0.0,-0.2578947368421052
2026-10-03T09:46:48.548 0.0,0.0,0.0,0.0,0.0,-0.2578947368421052
2026-10-03T09:46:48.598 0.0,0.0,0.0,0.0,0.0,-0.2578947368421052
2026-10-03T09:46:48.648 0.0,0.0,0.0,0.0,0.0,-0.2578947368421052
2026-10-03T09:46:48.698 0.0,0.0,0.0,0.0,0.0,-0.2578947368421052
2026-10-03T09:46:48.748 0.0,0.0,0.0,0.0,0.0,-0.2578947368421052
2026-10-03T09:46:48.798 0.0,0.0,0.0,0.0,0.0,-0.2578947368421052
2026-10-03T09:46:48.848 0.0,0.0,0.0,0.0,0.0,-0.2578947368421052
2026-10-03T09:46:48.898 0.0,0.0,0.0,0.0,0.0,-0.2578947368421052
2026-10-03T09:46:48.948 0.0,0.0,0.0,0.0,0.0,-0.2578947368421052
2026-10-03T09:46:48.998 0.0,0.0,0.0,0.0,0.0,-0.2578947368421052
2026-10-03T09:46:49.048 0.0,0.0,0.0,0.0,0.0,-0.2578947368421052
2026-10-03T09:46:49.098 0.0,0.0,0.0,0.0,0.0,-0.2578947368421052
2026-10-03T09:46:49.148 0.0,0.0,0.0,0.0,0.0,-0.2578947368421052
2026-10-03T09:46:49.198 0.0,0.0,0.0,0.0,0.0,-0.2578947368421052
2026-10-03T09:46:49.248 0.0,0.0,0.0,0.0,0.0,-0.2578947368421052
2026-10-03T09:46:49.298 0.0,0.0,0.0,0.0,0.0,-0.2578947368421052
2026-10-03T09:46:49.348 0.0,0.0,0.0,0.0,0.0,-0.2578947368421052
2026-10-03T09:46:49.398 0.0,0.0,0.0,0.0,0.0,-0.2578947368421052
2026-10-03T09:46:49.448 0.0,0.0,0.0,0.0,0.0,-0.2578947368421052
2026-10-03T09:46:49.498 0.0,0.0,0.0,0.0,0.0,-0.2578947368421052
2026-10-03T09:46:49.548 0.0,0.0,0.0,0.0,0.0,-0.2578947368421052
2026-10-03T09:46:49.598 0.0,0.0,0.0,0.0,0.0,-0.2578947368421052
2026-10-03T09:46:49.648 0.0,0.0,0.0,0.0,0.0,-0.2578947368421052
2026-10-03T09:46:49.708 0.0,0.0,0.0,0.0,0.0,-0.2578947368421052
2026-10-03T09:46:49.748 0.0,0.0,0.0,0.0,0.0,-0.2578947368421052
2026-10-03T09:46:49.798 0.0,0.0,0.0,0.0,0.0,-0.2578947368421052
2026-10-03T09:46:49.848 0.0,0.0,0.0,0.0,0.0,-0.09789473684210517
2026-10-03T09:46:49.898 0.0,0.0,0.0,0.0,0.0,0.0
2026-10-03T09:46:49.948 0.0,0.0,0.0,0.0,0.0,0.0
2026-10-03T09:46:49.998 0.0,0.0,0.0,0.0,0.0,0.0
2026-10-03T09:46:50.048 0.0,0.0,0.0,0.0,0.0,0.0
2026-10-03T09:46:50.098 0.0,0.0,0.0,0.0,0.0,0.16
2026-10-03T09:46:50.148 0.0,0.0,0.0,0.0,0.0,0.18421052631578955
2026-10-03T09:46:50.198 0.0,0.0,0.0,0.0,0.0,0.18421052631578955
2026-10-03T09:46:50.248 0.0,0.0,0.0,0.0,0.0,0.18421052631578955
2026-10-03T09:46:50.298 0.0,0.0,0.0,0.0,0.0,0.18421052631578955
2026-10-03T09:46:50.348 0.0,0.0,0.0,0.0,0.0,0.18421052631578955
2026-10-03T09:46:50.398 0.0,0.0,0.0,0.0,0.0,0.18421052631578955
2026-10-03T09:46:50.448 0.0,0.0,0.0,0.0,0.0,0.18421052631578955
2026-10-03T09:46:50.498 0.0,0.0,0.0,0.0,0.0,0.18421052631578955
2026-10-03T09:46:50.548 0.0,0.0,0.0,0.0,0.0,0.18421052631578955
2026-10-03T09:46:50.598 0.0,0.0,0.0,0.0,0.0,0.18421052631578955
2026-10-03T09:46:50.647 0.0,0.0,0.0,0.0,0.0,0.18421052631578955
2026-10-03T09:46:50.698 0.0,0.0,0.0,0.0,0.0,0.18421052631578955
2026-10-03T09:46:50.748 0.0,0.0,0.0,0.0,0.0,0.18421052631578955
2026-10-03T09:46:50.798 0.0,0.0,0.0,0.0,0.0,0.18421052631578955
2026-10-03T09:46:50.848 0.0,0.0,0.0,0.0,0.0,0.18421052631578955
2026-10-03T09:46:50.898 0.0,0.0,0.0,0.0,0.0,0.18421052631578955
2026-10-03T09:46:50.948 0.0,0.0,0.0,0.0,0.0,0.18421052631578955
2026-10-03T09:46:50.998 0.0,0.0,0.0,0.0,0.0,0.18421052631578955
2026-10-03T09:46:51.048 0.0,0.0,0.0,0.0,0.0,0.18421052631578955
2026-10-03T09:46:51.098 0.0,0.0,0.0,0.0,0.0,0.18421052631578955
2026-10-03T09:46:51.148 0.0,0.0,0.0,0.0,0.0,0.18421052631578955
2026-10-03T09:46:51.198 0.0,0.0,0.0,0.0,0.0,0.18421052631578955
2026-10-03T09:46:51.248 0.0,0.0,0.0,0.0,0.0,0.18421052631578955
2026-10-03T09:46:51.297 0.0,0.0,0.0,0.0,0.0,0.18421052631578955
2026-10-03T09:46:51.348 0.0,0.0,0.0,0.0,0.0,0.18421052631578955
2026-10-03T09:46:51.398 0.0,0.0,0.0,0.0,0.0,0.18421052631578955
2026-10-03T09:46:51.448 0.0,0.0,0.0,0.0,0.0,0.18421052631578955
2026-10-03T09:46:51.498 0.0,0.0,0.0,0.0,0.0,0.18421052631578955
2026-10-03T09:46:51.548 0.0,0.0,0.0,0.0,0.0,0.18421052631578955
2026-10-03T09:46:51.598 0.0,0.0,0.0,0.0,0.0,0.18421052631578955
2026-10-03T09:46:51.649 0.0,0.0,0.0,0.0,0.0,0.18421052631578955
2026-10-03T09:46:51.699 0.0,0.0,0.0,0.0,0.0,0.18421052631578955
2026-10-03T09:46:51.748 0.0,0.0,0.0,0.0,0.0,0.18421052631578955
2026-10-03T09:46:51.798 0.0,0.0,0.0,0.0,0.0,0.18421052631578955
2026-10-03T09:46:51.848 0.0,0.0,0.0,0.0,0.0,0.18421052631578955
2026-10-03T09:46:51.908 0.0,0.0,0.0,0.0,0.0,0.18421052631578955
2026-10-03T09:46:51.948 0.0,0.0,0.0,0.0,0.0,0.18421052631578955
2026-10-03T09:46:51.998 0.0,0.0,0.0,0.0,0.0,0.18421052631578955
2026-10-03T09:46:52.048 0.0,0.0,0.0,0.0,0.0,0.18421052631578955
2026-10-03T09:46:52.098 0.0,0.0,0.0,0.0,0.0,0.18421052631578955
2026-10-03T09:46:52.148 0.0,0.0,0.0,0.0,0.0,0.18421052631578955
2026-10-03T09:46:52.198 0.0,0.0,0.0,0.0,0.0,0.18421052631578955
2026-10-03T09:46:52.248 0.0,0.0,0.0,0.0,0.0,0.18421052631578955
2026-10-03T09:46:52.298 0.0,0.0,0.0,0.0,0.0,0.18421052631578955
2026-10-03T09:46:52.348 0.0,0.0,0.0,0.0,0.0,0.18421052631578955
2026-10-03T09:46:52.398 0.0,0.0,0.0,0.0,0.0,0.18421052631578955
2026-10-03T09:46:52.448 0.0,0.0,0.0,0.0,0.0,0.024210526315789543
2026-10-03T09:46:52.498 0.0,0.0,0.0,0.0,0.0,-0.13578947368421046
2026-10-03T09:46:52.549 0.0,0.0,0.0,0.0,0.0,-0.2578947368421052
2026-10-03T09:46:52.598 0.0,0.0,0.0,0.0,0.0,-0.2578947368421052
2026-10-03T09:46:52.658 0.0,0.0,0.0,0.0,0.0,-0.2578947368421052
2026-10-03T09:46:52.698 0.0,0.0,0.0,0.0,0.0,-0.2578947368421052
2026-10-03T09:46:52.748 0.0,0.0,0.0,0.0,0.0,-0.2578947368421052
2026-10-03T09:46:52.808 0.0,0.0,0.0,0.0,0.0,-0.2578947368421052
2026-10-03T09:46:52.848 0.0,0.0,0.0,0.0,0.0,-0.2578947368421052
2026-10-03T09:46:52.898 0.0,0.0,0.0,0.0,0.0,-0.2578947368421052
2026-10-03T09:46:52.948 0.0,0.0,0.0,0.0,0.0,-0.2578947368421052
2026-10-03T09:46:53.008 0.0,0.0,0.0,0.0,0.0,-0.2578947368421052
2026-10-03T09:46:53.048 0.0,0.0,0.0,0.0,0.0,-0.2578947368421052
2026-10-03T09:46:53.098 0.0,0.0,0.0,0.0,0.0,-0.2578947368421052
2026-10-03T09:46:53.148 0.0,0.0,0.0,0.0,0.0,-0.2578947368421052
2026-10-03T09:46:53.198 0.0,0.0,0.0,0.0,0.0,-0.2578947368421052
2026-10-03T09:46:53.248 0.0,0.0,0.0,0.0,0.0,-0.2578947368421052
2026-10-03T09:46:53.298 0.0,0.0,0.0,0.0,0.0,-0.2578947368421052
2026-10-03T09:46:53.348 0.0,0.0,0.0,0.0,0.0,-0.2578947368421052
2026-10-03T09:46:53.398 0.0,0.0,0.0,0.0,0.0,-0.2578947368421052
2026-10-03T09:46:53.448 0.0,0.0,0.0,0.0,0.0,-0.2578947368421052
2026-10-03T09:46:53.498 0.0,0.0,0.0,0.0,0.0,-0.2578947368421052
2026-10-03T09:46:53.558 0.0,0.0,0.0,0.0,0.0,-0.2578947368421052
2026-10-03T09:46:53.598 0.0,0.0,0.0,0.0,0.0,-0.2578947368421052
2026-10-03T09:46:53.648 0.0,0.0,0.0,0.0,0.0,-0.2578947368421052
2026-10-03T09:46:53.698 0.0,0.0,0.0,0.0,0.0,-0.2578947368421052
2026-10-03T09:46:53.748 0.0,0.0,0.0,0.0,0.0,-0.2578947368421052
2026-10-03T09:46:53.798 0.0,0.0,0.0,0.0,0.0,-0.2578947368421052
2026-10-03T09:46:53.848 0.0,0.0,0.0,0.0,0.0,-0.2578947368421052
2026-10-03T09:46:53.898 0.0,0.0,0.0,0.0,0.0,-0.2578947368421052
2026-10-03T09:46:53.948 0.0,0.0,0.0,0.0,0.0,-0.2578947368421052
2026-10-03T09:46:53.998 0.0,0.0,0.0,0.0,0.0,-0.2578947368421052
2026-10-03T09:46:54.048 0.0,0.0,0.0,0.0,0.0,-0.2578947368421052
2026-10-03T09:46:54.098 0.0,0.0,0.0,0.0,0.0,-0.2578947368421052
2026-10-03T09:46:54.148 0.0,0.0,0.0,0.0,0.0,-0.2578947368421052
2026-10-03T09:46:54.198 0.0,0.0,0.0,0.0,0.0,-0.2578947368421052
2026-10-03T09:46:54.248 0.0,0.0,0.0,0.0,0.0,-0.09789473684210517
2026-10-03T09:46:54.298 0.0,0.0,0.0,0.0,0.0,0.06210526315789483
2026-10-03T09:46:54.348 0.0,0.0,0.0,0.0,0.0,0.18421052631578955
2026-10-03T09:46:54.398 0.0,0.0,0.0,0.0,0.0,0.18421052631578955
2026-10-03T09:46:54.448 0.0,0.0,0.0,0.0,0.0,0.18421052631578955
2026-10-03T09:46:54.498 0.0,0.0,0.0,0.0,0.0,0.18421052631578955
2026-10-03T09:46:54.548 0.0,0.0,0.0,0.0,0.0,0.18421052631578955
2026-10-03T09:46:54.598 0.0,0.0,0.0,0.0,0.0,0.18421052631578955
2026-10-03T09:46:54.648 0.0,0.0,0.0,0.0,0.0,0.18421052631578955
2026-10-03T09:46:54.698 0.0,0.0,0.0,0.0,0.0,0.18421052631578955
2026-10-03T09:46:54.748 0.0,0.0,0.0,0.0,0.0,0.18421052631578955
2026-10-03T09:46:54.798 0.0,0.0,0.0,0.0,0.0,0.18421052631578955
2026-10-03T09:46:54.848 0.0,0.0,0.0,0.0,0.0,0.18421052631578955
2026-10-03T09:46:54.898 0.0,0.0,0.0,0.0,0.0,0.18421052631578955
2026-10-03T09:46:54.948 0.0,0.0,0.0,0.0,0.0,0.18421052631578955
2026-10-03T09:46:54.998 0.0,0.0,0.0,0.0,0.0,0.18421052631578955
2026-10-03T09:46:55.049 0.0,0.0,0.0,0.0,0.0,0.18421052631578955
2026-10-03T09:46:55.108 0.0,0.0,0.0,0.0,0.0,0.18421052631578955
2026-10-03T09:46:55.148 0.0,0.0,0.0,0.0,0.0,0.18421052631578955
2026-10-03T09:46:55.198 0.0,0.0,0.0,0.0,0.0,0.18421052631578955
2026-10-03T09:46:55.248 0.0,0.0,0.0,0.0,0.0,0.18421052631578955
2026-10-03T09:46:55.298 0.0,0.0,0.0,0.0,0.0,0.18421052631578955
2026-10-03T09:46:55.349 0.0,0.0,0.0,0.0,0.0,0.18421052631578955
2026-10-03T09:46:55.398 0.0,0.0,0.0,0.0,0.0,0.18421052631578955
2026-10-03T09:46:55.448 0.0,0.0,0.0,0.0,0.0,0.18421052631578955
2026-10-03T09:46:55.498 0.0,0.0,0.0,0.0,0.0,0.18421052631578955
2026-10-03T09:46:55.548 0.0,0.0,0.0,0.0,0.0,0.18421052631578955
2026-10-03T09:46:55.598 0.0,0.0,0.0,0.0,0.0,0.18421052631578955
2026-10-03T09:46:55.648 0.0,0.0,0.0,0.0,0.0,0.18421052631578955
2026-10-03T09:46:55.698 0.0,0.0,0.0,0.0,0.0,0.18421052631578955
2026-10-03T09:46:55.748 0.0,0.0,0.0,0.0,0.0,0.18421052631578955
2026-10-03T09:46:55.798 0.0,0.0,0.0,0.0,0.0,0.18421052631578955
2026-10-03T09:46:55.848 0.0,0.0,0.0,0.0,0.0,0.18421052631578955
2026-10-03T09:46:55.898 0.0,0.0,0.0,0.0,0.0,0.18421052631578955
2026-10-03T09:46:55.948 0.0,0.0,0.0,0.0,0.0,0.18421052631578955
2026-10-03T09:46:55.998 0.0,0.0,0.0,0.0,0.0,0.18421052631578955
2026-10-03T09:46:56.048 0.0,0.0,0.0,0.0,0.0,0.18421052631578955
2026-10-03T09:46:56.098 0.0,0.0,0.0,0.0,0.0,0.18421052631578955
2026-10-03T09:46:56.148 0.0,0.0,0.0,0.0,0.0,0.18421052631578955
2026-10-03T09:46:56.198 0.0,0.0,0.0,0.0,0.0,0.18421052631578955
2026-10-03T09:46:56.248 0.0,0.0,0.0,0.0,0.0,0.18421052631578955
2026-10-03T09:46:56.298 0.0,0.0,0.0,0.0,0.0,0.18421052631578955
2026-10-03T09:46:56.348 0.0,0.0,0.0,0.0,0.0,0.18421052631578955
2026-10-03T09:46:56.400 0.0,0.0,0.0,0.0,0.0,0.18421052631578955
2026-10-03T09:46:56.448 0.0,0.0,0.0,0.0,0.0,0.18421052631578955
2026-10-03T09:46:56.498 0.0,0.0,0.0,0.0,0.0,0.18421052631578955
2026-10-03T09:46:56.548 0.0,0.0,0.0,0.0,0.0,0.18421052631578955
2026-10-03T09:46:56.598 0.0,0.0,0.0,0.0,0.0,0.18421052631578955
2026-10-03T09:46:56.648 0.0,0.0,0.0,0.0,0.0,0.18421052631578955
2026-10-03T09:46:56.698 0.0,0.0,0.0,0.0,0.0,0.18421052631578955
2026-10-03T09:46:56.748 0.0,0.0,0.0,0.0,0.0,0.18421052631578955
2026-10-03T09:46:56.798 0.0,0.0,0.0,0.0,0.0,0.18421052631578955
2026-10-03T09:46:56.848 0.0,0.0,0.0,0.0,0.0,0.18421052631578955
2026-10-03T09:46:56.898 0.0,0.0,0.0,0.0,0.0,0.18421052631578955
2026-10-03T09:46:56.948 0.0,0.0,0.0,0.0,0.0,0.18421052631578955
2026-10-03T09:46:56.999 0.0,0.0,0.0,0.0,0.0,0.18421052631578955
2026-10-03T09:46:57.048 0.0,0.0,0.0,0.0,0.0,0.18421052631578955
2026-10-03T09:46:57.098 0.0,0.0,0.0,0.0,0.0,0.024210526315789543
2026-10-03T09:46:57.148 0.0,0.0,0.0,0.0,0.0,-0.13578947368421046
2026-10-03T09:46:57.208 0.0,0.0,0.0,0.0,0.0,-0.2578947368421052
2026-10-03T09:46:57.248 0.0,0.0,0.0,0.0,0.0,-0.2578947368421052
2026-10-03T09:46:56.642 0.0,0.0,0.0,0.0,0.0,-0.2578947368421052
2026-10-03T09:46:56.691 0.0,0.0,0.0,0.0,0.0,-0.2578947368421052
2026-10-03T09:46:56.741 0.0,0.0,0.0,0.0,0.0,-0.2578947368421052
2026-10-03T09:46:56.791 0.0,0.0,0.0,0.0,0.0,-0.2578947368421052
2026-10-03T09:46:56.841 0.0,0.0,0.0,0.0,0.0,-0.2578947368421052
2026-10-03T09:46:56.892 0.0,0.0,0.0,0.0,0.0,-0.2578947368421052
2026-10-03T09:46:56.941 0.0,0.0,0.0,0.0,0.0,-0.2578947368421052
2026-10-03T09:46:56.991 0.0,0.0,0.0,0.0,0.0,-0.2578947368421052
2026-10-03T09:46:57.052 0.0,0.0,0.0,0.0,0.0,-0.2578947368421052
2026-10-03T09:46:57.091 0.0,0.0,0.0,0.0,0.0,-0.2578947368421052
2026-10-03T09:46:57.141 0.0,0.0,0.0,0.0,0.0,-0.2578947368421052
2026-10-03T09:46:57.191 0.0,0.0,0.0,0.0,0.0,-0.2578947368421052
2026-10-03T09:46:57.242 0.0,0.0,0.0,0.0,0.0,-0.2578947368421052
2026-10-03T09:46:57.293 0.0,0.0,0.0,0.0,0.0,-0.2578947368421052
2026-10-03T09:46:57.341 0.0,0.0,0.0,0.0,0.0,-0.2578947368421052
2026-10-03T09:46:57.391 0.0,0.0,0.0,0.0,0.0,-0.2578947368421052
2026-10-03T09:46:57.442 0.0,0.0,0.0,0.0,0.0,-0.2578947368421052
2026-10-03T09:46:57.491 0.0,0.0,0.0,0.0,0.0,-0.2578947368421052
2026-10-03T09:46:57.541 0.0,0.0,0.0,0.0,0.0,-0.2578947368421052
2026-10-03T09:46:57.591 0.0,0.0,0.0,0.0,0.0,-0.2578947368421052
2026-10-03T09:46:57.641 0.0,0.0,0.0,0.0,0.0,-0.2578947368421052
2026-10-03T09:46:57.691 0.0,0.0,0.0,0.0,0.0,-0.2578947368421052
2026-10-03T09:46:57.741 0.0,0.0,0.0,0.0,0.0,-0.2578947368421052
2026-10-03T09:46:57.792 0.0,0.0,0.0,0.0,0.0,-0.2578947368421052
2026-10-03T09:46:57.841 0.0,0.0,0.0,0.0,0.0,-0.2578947368421052
2026-10-03T09:46:57.891 0.0,0.0,0.0,0.0,0.0,-0.2578947368421052
2026-10-03T09:46:57.941 0.0,0.0,0.0,0.0,0.0,-0.2578947368421052
2026-10-03T09:46:57.992 0.0,0.0,0.0,0.0,0.0,-0.2578947368421052
2026-10-03T09:46:58.041 0.0,0.0,0.0,0.0,0.0,-0.2578947368421052
2026-10-03T09:46:58.092 0.0,0.0,0.0,0.0,0.0,-0.2578947368421052
2026-10-03T09:46:58.152 0.0,0.0,0.0,0.0,0.0,-0.2578947368421052
2026-10-03T09:46:58.191 0.0,0.0,0.0,0.0,0.0,-0.2578947368421052
2026-10-03T09:46:58.241 0.0,0.0,0.0,0.0,0.0,-0.2578947368421052
2026-10-03T09:46:58.292 0.0,0.0,0.0,0.0,0.0,-0.2578947368421052
2026-10-03T09:46:58.342 0.0,0.0,0.0,0.0,0.0,-0.2578947368421052
2026-10-03T09:46:58.392 0.0,0.0,0.0,0.0,0.0,-0.2578947368421052
2026-10-03T09:46:58.443 0.0,0.0,0.0,0.0,0.0,-0.2578947368421052
2026-10-03T09:46:58.491 0.0,0.0,0.0,0.0,0.0,-0.2578947368421052
2026-10-03T09:46:58.541 0.0,0.0,0.0,0.0,0.0,-0.09789473684210517
2026-10-03T09:46:58.591 0.0,0.0,0.0,0.0,0.0,0.06210526315789483
2026-10-03T09:46:58.641 0.0,0.0,0.0,0.0,0.0,0.18421052631578955
2026-10-03T09:46:58.691 0.0,0.0,0.0,0.0,0.0,0.18421052631578955
2026-10-03T09:46:58.741 0.0,0.0,0.0,0.0,0.0,0.18421052631578955
2026-10-03T09:46:58.791 0.0,0.0,0.0,0.0,0.0,0.18421052631578955
2026-10-03T09:46:58.841 0.0,0.0,0.0,0.0,0.0,0.18421052631578955
2026-10-03T09:46:58.891 0.0,0.0,0.0,0.0,0.0,0.18421052631578955
2026-10-03T09:46:58.941 0.0,0.0,0.0,0.0,0.0,0.18421052631578955
2026-10-03T09:46:58.991 0.0,0.0,0.0,0.0,0.0,0.18421052631578955
2026-10-03T09:46:59.041 0.0,0.0,0.0,0.0,0.0,0.18421052631578955
2026-10-03T09:46:59.091 0.0,0.0,0.0,0.0,0.0,0.18421052631578955
2026-10-03T09:46:59.141 0.0,0.0,0.0,0.0,0.0,0.18421052631578955
2026-10-03T09:46:59.191 0.0,0.0,0.0,0.0,0.0,0.18421052631578955
2026-10-03T09:46:59.241 0.0,0.0,0.0,0.0,0.0,0.18421052631578955
2026-10-03T09:46:59.291 0.0,0.0,0.0,0.0,0.0,0.18421052631578955
2026-10-03T09:46:59.341 0.0,0.0,0.0,0.0,0.0,0.18421052631578955
2026-10-03T09:46:59.391 0.0,0.0,0.0,0.0,0.0,0.18421052631578955
2026-10-03T09:46:59.441 0.0,0.0,0.0,0.0,0.0,0.18421052631578955
2026-10-03T09:46:59.491 0.0,0.0,0.0,0.0,0.0,0.25789473684210534
2026-10-03T09:46:59.541 0.0,0.0,0.0,0.0,0.0,0.25789473684210534
2026-10-03T09:46:59.591 0.0,0.0,0.0,0.0,0.0,0.25789473684210534
2026-10-03T09:46:59.641 0.0,0.0,0.0,0.0,0.0,0.25789473684210534
2026-10-03T09:46:59.691 0.0,0.0,0.0,0.0,0.0,0.25789473684210534
2026-10-03T09:46:59.741 0.0,0.0,0.0,0.0,0.0,0.25789473684210534
2026-10-03T09:46:59.792 0.0,0.0,0.0,0.0,0.0,0.18421052631578955
2026-10-03T09:46:59.841 0.0,0.0,0.0,0.0,0.0,0.18421052631578955
2026-10-03T09:46:59.891 0.0,0.0,0.0,0.0,0.0,0.18421052631578955
2026-10-03T09:46:59.941 0.0,0.0,0.0,0.0,0.0,0.18421052631578955
2026-10-03T09:46:59.991 0.0,0.0,0.0,0.0,0.0,0.18421052631578955
2026-10-03T09:47:00.041 0.0,0.0,0.0,0.0,0.0,0.18421052631578955
2026-10-03T09:47:00.091 0.0,0.0,0.0,0.0,0.0,0.18421052631578955
2026-10-03T09:47:00.142 0.0,0.0,0.0,0.0,0.0,0.18421052631578955
2026-10-03T09:47:00.192 0.0,0.0,0.0,0.0,0.0,0.18421052631578955
2026-10-03T09:47:00.241 0.0,0.0,0.0,0.0,0.0,0.18421052631578955
2026-10-03T09:47:00.291 0.0,0.0,0.0,0.0,0.0,0.18421052631578955
2026-10-03T09:47:00.341 0.0,0.0,0.0,0.0,0.0,0.18421052631578955
2026-10-03T09:47:00.391 0.0,0.0,0.0,0.0,0.0,0.18421052631578955
2026-10-03T09:47:00.442 0.0,0.0,0.0,0.0,0.0,0.18421052631578955
2026-10-03T09:47:00.492 0.0,0.0,0.0,0.0,0.0,0.18421052631578955
2026-10-03T09:47:00.541 0.0,0.0,0.0,0.0,0.0,0.18421052631578955
2026-10-03T09:47:00.592 0.0,0.0,0.0,0.0,0.0,0.18421052631578955
2026-10-03T09:47:00.641 0.0,0.0,0.0,0.0,0.0,0.18421052631578955
2026-10-03T09:47:00.692 0.0,0.0,0.0,0.0,0.0,0.18421052631578955
2026-10-03T09:47:00.741 0.0,0.0,0.0,0.0,0.0,0.18421052631578955
2026-10-03T09:47:00.792 0.0,0.0,0.0,0.0,0.0,0.18421052631578955
2026-10-03T09:47:00.842 0.0,0.0,0.0,0.0,0.0,0.18421052631578955
2026-10-03T09:47:00.891 0.0,0.0,0.0,0.0,0.0,0.18421052631578955
2026-10-03T09:47:00.942 0.0,0.0,0.0,0.0,0.0,0.18421052631578955
2026-10-03T09:47:00.992 0.0,0.0,0.0,0.0,0.0,0.18421052631578955
2026-10-03T09:47:01.052 0.0,0.0,0.0,0.0,0.0,0.18421052631578955
2026-10-03T09:47:01.091 0.0,0.0,0.0,0.0,0.0,0.18421052631578955
2026-10-03T09:47:01.141 0.0,0.0,0.0,0.0,0.0,0.18421052631578955
2026-10-03T09:47:01.191 0.0,0.0,0.0,0.0,0.0,0.024210526315789543
2026-10-03T09:47:01.242 0.0,0.0,0.0,0.0,0.0,-0.13578947368421046
2026-10-03T09:47:01.291 0.0,0.0,0.0,0.0,0.0,-0.2578947368421052
2026-10-03T09:47:01.341 0.0,0.0,0.0,0.0,0.0,-0.2578947368421052
2026-10-03T09:47:01.392 0.0,0.0,0.0,0.0,0.0,-0.2578947368421052
2026-10-03T09:47:01.442 0.0,0.0,0.0,0.0,0.0,-0.2578947368421052
2026-10-03T09:47:01.492 0.0,0.0,0.0,0.0,0.0,-0.2578947368421052
2026-10-03T09:47:01.541 0.0,0.0,0.0,0.0,0.0,-0.2578947368421052
2026-10-03T09:47:01.591 0.0,0.0,0.0,0.0,0.0,-0.2578947368421052
2026-10-03T09:47:01.641 0.0,0.0,0.0,0.0,0.0,-0.2578947368421052
2026-10-03T09:47:01.691 0.0,0.0,0.0,0.0,0.0,-0.2578947368421052
2026-10-03T09:47:01.741 0.0,0.0,0.0,0.0,0.0,-0.2578947368421052
2026-10-03T09:47:01.792 0.0,0.0,0.0,0.0,0.0,-0.2578947368421052
2026-10-03T09:47:01.843 0.0,0.0,0.0,0.0,0.0,-0.2578947368421052
2026-10-03T09:47:01.891 0.0,0.0,0.0,0.0,0.0,-0.2578947368421052
2026-10-03T09:47:01.941 0.0,0.0,0.0,0.0,0.0,-0.2578947368421052
2026-10-03T09:47:01.992 0.0,0.0,0.0,0.0,0.0,-0.2578947368421052
2026-10-03T09:47:02.042 0.0,0.0,0.0,0.0,0.0,-0.2578947368421052
2026-10-03T09:47:02.091 0.0,0.0,0.0,0.0,0.0,-0.2578947368421052
2026-10-03T09:47:02.141 0.0,0.0,0.0,0.0,0.0,-0.2578947368421052
2026-10-03T09:47:02.191 0.0,0.0,0.0,0.0,0.0,-0.2578947368421052
2026-10-03T09:47:02.241 0.0,0.0,0.0,0.0,0.0,-0.2578947368421052
2026-10-03T09:47:02.291 0.0,0.0,0.0,0.0,0.0,-0.2578947368421052
2026-10-03T09:47:02.341 0.0,0.0,0.0,0.0,0.0,-0.2578947368421052
2026-10-03T09:47:02.392 0.0,0.0,0.0,0.0,0.0,-0.2578947368421052
2026-10-03T09:47:02.441 0.0,0.0,0.0,0.0,0.0,-0.2578947368421052
2026-10-03T09:47:02.491 0.0,0.0,0.0,0.0,0.0,-0.2578947368421052
2026-10-03T09:47:02.542 0.0,0.0,0.0,0.0,0.0,-0.2578947368421052
2026-10-03T09:47:02.592 0.0,0.0,0.0,0.0,0.0,-0.2578947368421052
2026-10-03T09:47:02.641 0.0,0.0,0.0,0.0,0.0,-0.2578947368421052
2026-10-03T09:47:02.692 0.0,0.0,0.0,0.0,0.0,-0.2578947368421052
2026-10-03T09:47:02.742 0.0,0.0,0.0,0.0,0.0,-0.2578947368421052
2026-10-03T09:47:02.792 0.0,0.0,0.0,0.0,0.0,-0.2578947368421052
2026-10-03T09:47:02.842 0.0,0.0,0.0,0.0,0.0,-0.2578947368421052
2026-10-03T09:47:02.892 0.0,0.0,0.0,0.0,0.0,-0.2578947368421052
2026-10-03T09:47:02.941 0.0,0.0,0.0,0.0,0.0,-0.2578947368421052
2026-10-03T09:47:02.991 0.0,0.0,0.0,0.0,0.0,-0.2578947368421052
2026-10-03T09:47:03.042 0.0,0.0,0.0,0.0,0.0,-0.2578947368421052
2026-10-03T09:47:03.092 0.0,0.0,0.0,0.0,0.0,-0.2578947368421052
2026-10-03T09:47:03.142 0.0,0.0,0.0,0.0,0.0,-0.2578947368421052
2026-10-03T09:47:03.191 0.0,0.0,0.0,0.0,0.0,-0.09789473684210517
2026-10-03T09:47:03.242 0.0,0.0,0.0,0.0,0.0,0.06210526315789483
2026-10-03T09:47:03.292 0.0,0.0,0.0,0.0,0.0,0.18421052631578955
2026-10-03T09:47:03.341 0.0,0.0,0.0,0.0,0.0,0.18421052631578955
2026-10-03T09:47:03.392 0.0,0.0,0.0,0.0,0.0,0.18421052631578955
2026-10-03T09:47:03.441 0.0,0.0,0.0,0.0,0.0,0.18421052631578955
2026-10-03T09:47:03.491 0.0,0.0,0.0,0.0,0.0,0.18421052631578955
2026-10-03T09:47:03.542 0.0,0.0,0.0,0.0,0.0,0.18421052631578955
2026-10-03T09:47:03.592 0.0,0.0,0.0,0.0,0.0,0.18421052631578955
2026-10-03T09:47:03.641 0.0,0.0,0.0,0.0,0.0,0.18421052631578955
2026-10-03T09:47:03.692 0.0,0.0,0.0,0.0,0.0,0.18421052631578955
2026-10-03T09:47:03.742 0.0,0.0,0.0,0.0,0.0,0.18421052631578955
2026-10-03T09:47:03.792 0.0,0.0,0.0,0.0,0.0,0.18421052631578955
2026-10-03T09:47:03.842 0.0,0.0,0.0,0.0,0.0,0.18421052631578955
2026-10-03T09:47:03.891 0.0,0.0,0.0,0.0,0.0,0.18421052631578955
2026-10-03T09:47:03.941 0.0,0.0,0.0,0.0,0.0,0.18421052631578955
2026-10-03T09:47:03.992 0.0,0.0,0.0,0.0,0.0,0.18421052631578955
2026-10-03T09:47:04.041 0.0,0.0,0.0,0.0,0.0,0.18421052631578955
2026-10-03T09:47:04.092 0.0,0.0,0.0,0.0,0.0,0.18421052631578955
2026-10-03T09:47:04.141 0.0,0.0,0.0,0.0,0.0,0.18421052631578955
2026-10-03T09:47:04.192 0.0,0.0,0.0,0.0,0.0,0.18421052631578955
2026-10-03T09:47:04.242 0.0,0.0,0.0,0.0,0.0,0.18421052631578955
2026-10-03T09:47:04.291 0.0,0.0,0.0,0.0,0.0,0.18421052631578955
2026-10-03T09:47:04.341 0.0,0.0,0.0,0.0,0.0,0.18421052631578955
2026-10-03T09:47:04.392 0.0,0.0,0.0,0.0,0.0,0.18421052631578955
2026-10-03T09:47:04.441 0.0,0.0,0.0,0.0,0.0,0.18421052631578955
2026-10-03T09:47:04.491 0.0,0.0,0.0,0.0,0.0,0.18421052631578955
2026-10-03T09:47:04.542 0.0,0.0,0.0,0.0,0.0,0.18421052631578955
2026-10-03T09:47:04.591 0.0,0.0,0.0,0.0,0.0,0.18421052631578955
2026-10-03T09:47:04.641 0.0,0.0,0.0,0.0,0.0,0.18421052631578955
2026-10-03T09:47:04.691 0.0,0.0,0.0,0.0,0.0,0.18421052631578955
2026-10-03T09:47:04.741 0.0,0.0,0.0,0.0,0.0,0.18421052631578955
2026-10-03T09:47:04.802 0.0,0.0,0.0,0.0,0.0,0.18421052631578955
2026-10-03T09:47:04.841 0.0,0.0,0.0,0.0,0.0,0.18421052631578955
2026-10-03T09:47:04.891 0.0,0.0,0.0,0.0,0.0,0.18421052631578955
2026-10-03T09:47:04.941 0.0,0.0,0.0,0.0,0.0,0.18421052631578955
2026-10-03T09:47:04.992 0.0,0.0,0.0,0.0,0.0,0.18421052631578955
2026-10-03T09:47:05.052 0.0,0.0,0.0,0.0,0.0,0.18421052631578955
2026-10-03T09:47:05.091 0.0,0.0,0.0,0.0,0.0,0.18421052631578955
2026-10-03T09:47:05.141 0.0,0.0,0.0,0.0,0.0,0.18421052631578955
2026-10-03T09:47:05.191 0.0,0.0,0.0,0.0,0.0,0.18421052631578955
2026-10-03T09:47:05.242 0.0,0.0,0.0,0.0,0.0,0.18421052631578955
2026-10-03T09:47:05.291 0.0,0.0,0.0,0.0,0.0,0.18421052631578955
2026-10-03T09:47:05.341 0.0,0.0,0.0,0.0,0.0,0.18421052631578955
2026-10-03T09:47:05.391 0.0,0.0,0.0,0.0,0.0,0.18421052631578955
2026-10-03T09:47:05.441 0.0,0.0,0.0,0.0,0.0,0.18421052631578955
2026-10-03T09:47:05.491 0.0,0.0,0.0,0.0,0.0,0.18421052631578955
2026-10-03T09:47:05.541 0.0,0.0,0.0,0.0,0.0,0.18421052631578955
2026-10-03T09:47:05.592 0.0,0.0,0.0,0.0,0.0,0.18421052631578955
2026-10-03T09:47:05.641 0.0,0.0,0.0,0.0,0.0,0.18421052631578955
2026-10-03T09:47:05.692 0.0,0.0,0.0,0.0,0.0,0.18421052631578955
2026-10-03T09:47:05.741 0.0,0.0,0.0,0.0,0.0,0.18421052631578955
2026-10-03T09:47:05.802 0.0,0.0,0.0,0.0,0.0,0.18421052631578955
2026-10-03T09:47:05.841 0.0,0.0,0.0,0.0,0.0,0.18421052631578955
2026-10-03T09:47:05.891 0.0,0.0,0.0,0.0,0.0,0.18421052631578955
2026-10-03T09:47:05.941 0.0,0.0,0.0,0.0,0.0,0.024210526315789543
2026-10-03T09:47:05.991 0.0,0.0,0.0,0.0,0.0,-0.13578947368421046
2026-10-03T09:47:06.041 0.0,0.0,0.0,0.0,0.0,-0.2578947368421052
2026-10-03T09:47:06.091 0.0,0.0,0.0,0.0,0.0,-0.2578947368421052
2026-10-03T09:47:06.141 0.0,0.0,0.0,0.0,0.0,-0.2578947368421052
2026-10-03T09:47:06.191 0.0,0.0,0.0,0.0,0.0,-0.2578947368421052
2026-10-03T09:47:06.242 0.0,0.0,0.0,0.0,0.0,-0.2578947368421052
2026-10-03T09:47:06.291 0.0,0.0,0.0,0.0,0.0,-0.2578947368421052
2026-10-03T09:47:06.352 0.0,0.0,0.0,0.0,0.0,-0.2578947368421052
2026-10-03T09:47:06.402 0.0,0.0,0.0,0.0,0.0,-0.2578947368421052
2026-10-03T09:47:06.442 0.0,0.0,0.0,0.0,0.0,-0.2578947368421052
2026-10-03T09:47:06.492 0.0,0.0,0.0,0.0,0.0,-0.2578947368421052
2026-10-03T09:47:06.541 0.0,0.0,0.0,0.0,0.0,-0.2578947368421052
2026-10-03T09:47:06.592 0.0,0.0,0.0,0.0,0.0,-0.2578947368421052
2026-10-03T09:47:06.641 0.0,0.0,0.0,0.0,0.0,-0.2578947368421052
2026-10-03T09:47:06.692 0.0,0.0,0.0,0.0,0.0,-0.2578947368421052
2026-10-03T09:47:06.742 0.0,0.0,0.0,0.0,0.0,-0.2578947368421052
2026-10-03T09:47:06.792 0.0,0.0,0.0,0.0,0.0,-0.2578947368421052
2026-10-03T09:47:06.842 0.0,0.0,0.0,0.0,0.0,-0.2578947368421052
2026-10-03T09:47:06.892 0.0,0.0,0.0,0.0,0.0,-0.2578947368421052
2026-10-03T09:47:06.942 0.0,0.0,0.0,0.0,0.0,-0.2578947368421052
2026-10-03T09:47:06.992 0.0,0.0,0.0,0.0,0.0,-0.2578947368421052
2026-10-03T09:47:07.042 0.0,0.0,0.0,0.0,0.0,-0.2578947368421052
2026-10-03T09:47:07.092 0.0,0.0,0.0,0.0,0.0,-0.2578947368421052
2026-10-03T09:47:07.142 0.0,0.0,0.0,0.0,0.0,-0.2578947368421052
2026-10-03T09:47:07.192 0.0,0.0,0.0,0.0,0.0,-0.2578947368421052
2026-10-03T09:47:07.242 0.0,0.0,0.0,0.0,0.0,-0.2578947368421052
2026-10-03T09:47:07.292 0.0,0.0,0.0,0.0,0.0,-0.2578947368421052
2026-10-03T09:47:07.342 0.0,0.0,0.0,0.0,0.0,-0.2578947368421052
2026-10-03T09:47:07.392 0.0,0.0,0.0,0.0,0.0,-0.2578947368421052
2026-10-03T09:47:07.442 0.0,0.0,0.0,0.0,0.0,-0.2578947368421052
2026-10-03T09:47:07.492 0.0,0.0,0.0,0.0,0.0,-0.2578947368421052
2026-10-03T09:47:07.542 0.0,0.0,0.0,0.0,0.0,-0.2578947368421052
2026-10-03T09:47:07.592 0.0,0.0,0.0,0.0,0.0,-0.2578947368421052
2026-10-03T09:47:07.642 0.0,0.0,0.0,0.0,0.0,-0.2578947368421052
2026-10-03T09:47:07.692 0.0,0.0,0.0,0.0,0.0,-0.2578947368421052
2026-10-03T09:47:07.742 0.0,0.0,0.0,0.0,0.0,-0.2578947368421052
2026-10-03T09:47:07.792 0.0,0.0,0.0,0.0,0.0,-0.2578947368421052
2026-10-03T09:47:07.852 0.0,0.0,0.0,0.0,0.0,-0.2578947368421052
2026-10-03T09:47:07.893 0.0,0.0,0.0,0.0,0.0,-0.2578947368421052
2026-10-03T09:47:07.942 0.0,0.0,0.0,0.0,0.0,-0.2578947368421052
2026-10-03T09:47:07.993 0.0,0.0,0.0,0.0,0.0,-0.2578947368421052
2026-10-03T09:47:08.042 0.0,0.0,0.0,0.0,0.0,-0.2578947368421052
2026-10-03T09:47:08.092 0.0,0.0,0.0,0.0,0.0,-0.09789473684210517
2026-10-03T09:47:08.142 0.0,0.0,0.0,0.0,0.0,0.06210526315789483
2026-10-03T09:47:08.192 0.0,0.0,0.0,0.0,0.0,0.18421052631578955
2026-10-03T09:47:08.242 0.0,0.0,0.0,0.0,0.0,0.18421052631578955
2026-10-03T09:47:08.292 0.0,0.0,0.0,0.0,0.0,0.18421052631578955
2026-10-03T09:47:08.342 0.0,0.0,0.0,0.0,0.0,0.18421052631578955
2026-10-03T09:47:08.392 0.0,0.0,0.0,0.0,0.0,0.18421052631578955
2026-10-03T09:47:08.452 0.0,0.0,0.0,0.0,0.0,0.18421052631578955
2026-10-03T09:47:08.494 0.0,0.0,0.0,0.0,0.0,0.18421052631578955
2026-10-03T09:47:08.542 0.0,0.0,0.0,0.0,0.0,0.18421052631578955
2026-10-03T09:47:08.592 0.0,0.0,0.0,0.0,0.0,0.18421052631578955
2026-10-03T09:47:08.642 0.0,0.0,0.0,0.0,0.0,0.18421052631578955
2026-10-03T09:47:08.692 0.0,0.0,0.0,0.0,0.0,0.18421052631578955
2026-10-03T09:47:08.741 0.0,0.0,0.0,0.0,0.0,0.18421052631578955
2026-10-03T09:47:08.791 0.0,0.0,0.0,0.0,0.0,0.18421052631578955
2026-10-03T09:47:08.842 0.0,0.0,0.0,0.0,0.0,0.18421052631578955
2026-10-03T09:47:08.892 0.0,0.0,0.0,0.0,0.0,0.18421052631578955
2026-10-03T09:47:08.942 0.0,0.0,0.0,0.0,0.0,0.18421052631578955
2026-10-03T09:47:08.992 0.0,0.0,0.0,0.0,0.0,0.18421052631578955
2026-10-03T09:47:09.042 0.0,0.0,0.0,0.0,0.0,0.18421052631578955
2026-10-03T09:47:09.092 0.0,0.0,0.0,0.0,0.0,0.18421052631578955
2026-10-03T09:47:09.142 0.0,0.0,0.0,0.0,0.0,0.18421052631578955
2026-10-03T09:47:09.192 0.0,0.0,0.0,0.0,0.0,0.18421052631578955
2026-10-03T09:47:09.242 0.0,0.0,0.0,0.0,0.0,0.18421052631578955
2026-10-03T09:47:09.292 0.0,0.0,0.0,0.0,0.0,0.18421052631578955
2026-10-03T09:47:09.341 0.0,0.0,0.0,0.0,0.0,0.18421052631578955
2026-10-03T09:47:09.392 0.0,0.0,0.0,0.0,0.0,0.18421052631578955
2026-10-03T09:47:09.441 0.0,0.0,0.0,0.0,0.0,0.18421052631578955
2026-10-03T09:47:09.491 0.0,0.0,0.0,0.0,0.0,0.18421052631578955
2026-10-03T09:47:09.542 0.0,0.0,0.0,0.0,0.0,0.18421052631578955
2026-10-03T09:47:09.592 0.0,0.0,0.0,0.0,0.0,0.18421052631578955
2026-10-03T09:47:09.642 0.0,0.0,0.0,0.0,0.0,0.18421052631578955
2026-10-03T09:47:09.693 0.0,0.0,0.0,0.0,0.0,0.18421052631578955
2026-10-03T09:47:09.742 0.0,0.0,0.0,0.0,0.0,0.18421052631578955
2026-10-03T09:47:09.792 0.0,0.0,0.0,0.0,0.0,0.18421052631578955
2026-10-03T09:47:09.842 0.0,0.0,0.0,0.0,0.0,0.18421052631578955
2026-10-03T09:47:09.892 0.0,0.0,0.0,0.0,0.0,0.18421052631578955
2026-10-03T09:47:09.942 0.0,0.0,0.0,0.0,0.0,0.18421052631578955
2026-10-03T09:47:09.992 0.0,0.0,0.0,0.0,0.0,0.18421052631578955
2026-10-03T09:47:10.042 0.0,0.0,0.0,0.0,0.0,0.18421052631578955
2026-10-03T09:47:10.092 0.0,0.0,0.0,0.0,0.0,0.18421052631578955
2026-10-03T09:47:10.141 0.0,0.0,0.0,0.0,0.0,0.18421052631578955
2026-10-03T09:47:10.192 0.0,0.0,0.0,0.0,0.0,0.18421052631578955
2026-10-03T09:47:10.241 0.0,0.0,0.0,0.0,0.0,0.18421052631578955
2026-10-03T09:47:10.302 0.0,0.0,0.0,0.0,0.0,0.18421052631578955
2026-10-03T09:47:10.342 0.0,0.0,0.0,0.0,0.0,0.18421052631578955
2026-10-03T09:47:10.392 0.0,0.0,0.0,0.0,0.0,0.18421052631578955
2026-10-03T09:47:10.442 0.0,0.0,0.0,0.0,0.0,0.18421052631578955
2026-10-03T09:47:10.492 0.0,0.0,0.0,0.0,0.0,0.18421052631578955
2026-10-03T09:47:10.542 0.0,0.0,0.0,0.0,0.0,0.18421052631578955
2026-10-03T09:47:10.592 0.0,0.0,0.0,0.0,0.0,0.18421052631578955
2026-10-03T09:47:10.642 0.0,0.0,0.0,0.0,0.0,0.18421052631578955
2026-10-03T09:47:10.692 0.0,0.0,0.0,0.0,0.0,0.18421052631578955
2026-10-03T09:47:10.742 0.0,0.0,0.0,0.0,0.0,0.18421052631578955
2026-10-03T09:47:10.792 0.0,0.0,0.0,0.0,0.0,0.18421052631578955
2026-10-03T09:47:10.842 0.0,0.0,0.0,0.0,0.0,0.18421052631578955
2026-10-03T09:47:10.893 0.0,0.0,0.0,0.0,0.0,0.18421052631578955
2026-10-03T09:47:10.942 0.0,0.0,0.0,0.0,0.0,0.024210526315789543
2026-10-03T09:47:10.992 0.0,0.0,0.0,0.0,0.0,-0.13578947368421046
2026-10-03T09:47:11.042 0.0,0.0,0.0,0.0,0.0,-0.2578947368421052
2026-10-03T09:47:11.092 0.0,0.0,0.0,0.0,0.0,-0.2578947368421052
2026-10-03T09:47:11.142 0.0,0.0,0.0,0.0,0.0,-0.2578947368421052
2026-10-03T09:47:11.192 0.0,0.0,0.0,0.0,0.0,-0.2578947368421052
2026-10-03T09:47:11.241 0.0,0.0,0.0,0.0,0.0,-0.2578947368421052
2026-10-03T09:47:11.292 0.0,0.0,0.0,0.0,0.0,-0.2578947368421052
2026-10-03T09:47:11.342 0.0,0.0,0.0,0.0,0.0,-0.2578947368421052
2026-10-03T09:47:11.392 0.0,0.0,0.0,0.0,0.0,-0.2578947368421052
2026-10-03T09:47:11.442 0.0,0.0,0.0,0.0,0.0,-0.2578947368421052
2026-10-03T09:47:11.492 0.0,0.0,0.0,0.0,0.0,-0.2578947368421052
2026-10-03T09:47:11.541 0.0,0.0,0.0,0.0,0.0,-0.2578947368421052
2026-10-03T09:47:11.592 0.0,0.0,0.0,0.0,0.0,-0.2578947368421052
2026-10-03T09:47:11.642 0.0,0.0,0.0,0.0,0.0,-0.2578947368421052
2026-10-03T09:47:11.692 0.0,0.0,0.0,0.0,0.0,-0.2578947368421052
2026-10-03T09:47:11.741 0.0,0.0,0.0,0.0,0.0,-0.2578947368421052
2026-10-03T09:47:11.792 0.0,0.0,0.0,0.0,0.0,-0.2578947368421052
2026-10-03T09:47:11.841 0.0,0.0,0.0,0.0,0.0,-0.2578947368421052
2026-10-03T09:47:11.892 0.0,0.0,0.0,0.0,0.0,-0.2578947368421052
2026-10-03T09:47:11.942 0.0,0.0,0.0,0.0,0.0,-0.2578947368421052
2026-10-03T09:47:11.992 0.0,0.0,0.0,0.0,0.0,-0.2578947368421052
2026-10-03T09:47:12.042 0.0,0.0,0.0,0.0,0.0,-0.2578947368421052
2026-10-03T09:47:12.092 0.0,0.0,0.0,0.0,0.0,-0.2578947368421052
2026-10-03T09:47:12.142 0.0,0.0,0.0,0.0,0.0,-0.2578947368421052
2026-10-03T09:47:12.193 0.0,0.0,0.0,0.0,0.0,-0.2578947368421052
2026-10-03T09:47:12.242 0.0,0.0,0.0,0.0,0.0,-0.2578947368421052
2026-10-03T09:47:12.294 0.0,0.0,0.0,0.0,0.0,-0.2578947368421052
2026-10-03T09:47:12.342 0.0,0.0,0.0,0.0,0.0,-0.2578947368421052
2026-10-03T09:47:12.392 0.0,0.0,0.0,0.0,0.0,-0.2578947368421052
2026-10-03T09:47:12.441 0.0,0.0,0.0,0.0,0.0,-0.2578947368421052
2026-10-03T09:47:12.492 0.0,0.0,0.0,0.0,0.0,-0.2578947368421052
2026-10-03T09:47:12.542 0.0,0.0,0.0,0.0,0.0,-0.2578947368421052
2026-10-03T09:47:12.592 0.0,0.0,0.0,0.0,0.0,-0.2578947368421052
2026-10-03T09:47:12.641 0.0,0.0,0.0,0.0,0.0,-0.2578947368421052
2026-10-03T09:47:12.691 0.0,0.0,0.0,0.0,0.0,-0.2578947368421052
2026-10-03T09:47:12.741 0.0,0.0,0.0,0.0,0.0,-0.2578947368421052
2026-10-03T09:47:12.791 0.0,0.0,0.0,0.0,0.0,-0.2578947368421052
2026-10-03T09:47:12.841 0.0,0.0,0.0,0.0,0.0,-0.2578947368421052
2026-10-03T09:47:12.902 0.0,0.0,0.0,0.0,0.0,-0.09789473684210517
2026-10-03T09:47:12.941 0.0,0.0,0.0,0.0,0.0,0.06210526315789483
2026-10-03T09:47:12.991 0.0,0.0,0.0,0.0,0.0,0.18421052631578955
2026-10-03T09:47:13.042 0.0,0.0,0.0,0.0,0.0,0.18421052631578955
2026-10-03T09:47:13.092 0.0,0.0,0.0,0.0,0.0,0.18421052631578955
2026-10-03T09:47:13.141 0.0,0.0,0.0,0.0,0.0,0.18421052631578955
2026-10-03T09:47:13.192 0.0,0.0,0.0,0.0,0.0,0.18421052631578955
2026-10-03T09:47:13.242 0.0,0.0,0.0,0.0,0.0,0.18421052631578955
2026-10-03T09:47:13.292 0.0,0.0,0.0,0.0,0.0,0.18421052631578955
2026-10-03T09:47:13.341 0.0,0.0,0.0,0.0,0.0,0.18421052631578955
2026-10-03T09:47:13.391 0.0,0.0,0.0,0.0,0.0,0.18421052631578955
2026-10-03T09:47:13.441 0.0,0.0,0.0,0.0,0.0,0.18421052631578955
2026-10-03T09:47:13.491 0.0,0.0,0.0,0.0,0.0,0.18421052631578955
2026-10-03T09:47:13.542 0.0,0.0,0.0,0.0,0.0,0.18421052631578955
2026-10-03T09:47:13.591 0.0,0.0,0.0,0.0,0.0,0.18421052631578955
2026-10-03T09:47:13.641 0.0,0.0,0.0,0.0,0.0,0.18421052631578955
2026-10-03T09:47:13.692 0.0,0.0,0.0,0.0,0.0,0.18421052631578955
2026-10-03T09:47:13.741 0.0,0.0,0.0,0.0,0.0,0.18421052631578955
2026-10-03T09:47:13.792 0.0,0.0,0.0,0.0,0.0,0.18421052631578955
2026-10-03T09:47:13.841 0.0,0.0,0.0,0.0,0.0,0.18421052631578955
2026-10-03T09:47:13.891 0.0,0.0,0.0,0.0,0.0,0.18421052631578955
2026-10-03T09:47:13.941 0.0,0.0,0.0,0.0,0.0,0.18421052631578955
2026-10-03T09:47:14.001 0.0,0.0,0.0,0.0,0.0,0.18421052631578955
2026-10-03T09:47:14.042 0.0,0.0,0.0,0.0,0.0,0.18421052631578955
2026-10-03T09:47:14.092 0.0,0.0,0.0,0.0,0.0,0.18421052631578955
2026-10-03T09:47:14.142 0.0,0.0,0.0,0.0,0.0,0.18421052631578955
2026-10-03T09:47:14.191 0.0,0.0,0.0,0.0,0.0,0.18421052631578955
2026-10-03T09:47:14.241 0.0,0.0,0.0,0.0,0.0,0.18421052631578955
2026-10-03T09:47:14.291 0.0,0.0,0.0,0.0,0.0,0.18421052631578955
2026-10-03T09:47:14.341 0.0,0.0,0.0,0.0,0.0,0.18421052631578955
2026-10-03T09:47:14.391 0.0,0.0,0.0,0.0,0.0,0.18421052631578955
2026-10-03T09:47:14.441 0.0,0.0,0.0,0.0,0.0,0.18421052631578955
2026-10-03T09:47:14.491 0.0,0.0,0.0,0.0,0.0,0.18421052631578955
2026-10-03T09:47:14.541 0.0,0.0,0.0,0.0,0.0,0.18421052631578955
2026-10-03T09:47:14.592 0.0,0.0,0.0,0.0,0.0,0.18421052631578955
2026-10-03T09:47:14.642 0.0,0.0,0.0,0.0,0.0,0.18421052631578955
2026-10-03T09:47:14.691 0.0,0.0,0.0,0.0,0.0,0.18421052631578955
2026-10-03T09:47:14.741 0.0,0.0,0.0,0.0,0.0,0.18421052631578955
2026-10-03T09:47:14.791 0.0,0.0,0.0,0.0,0.0,0.18421052631578955
2026-10-03T09:47:14.841 0.0,0.0,0.0,0.0,0.0,0.18421052631578955
2026-10-03T09:47:14.892 0.0,0.0,0.0,0.0,0.0,0.18421052631578955
2026-10-03T09:47:14.942 0.0,0.0,0.0,0.0,0.0,0.18421052631578955
2026-10-03T09:47:14.992 0.0,0.0,0.0,0.0,0.0,0.18421052631578955
2026-10-03T09:47:15.042 0.0,0.0,0.0,0.0,0.0,0.18421052631578955
2026-10-03T09:47:15.092 0.0,0.0,0.0,0.0,0.0,0.18421052631578955
2026-10-03T09:47:15.141 0.0,0.0,0.0,0.0,0.0,0.18421052631578955
2026-10-03T09:47:15.191 0.0,0.0,0.0,0.0,0.0,0.18421052631578955
2026-10-03T09:47:15.241 0.0,0.0,0.0,0.0,0.0,0.18421052631578955
2026-10-03T09:47:15.291 0.0,0.0,0.0,0.0,0.0,0.18421052631578955
2026-10-03T09:47:15.341 0.0,0.0,0.0,0.0,0.0,0.18421052631578955
2026-10-03T09:47:15.391 0.0,0.0,0.0,0.0,0.0,0.18421052631578955
2026-10-03T09:47:15.441 0.0,0.0,0.0,0.0,0.0,0.18421052631578955
2026-10-03T09:47:15.492 0.0,0.0,0.0,0.0,0.0,0.18421052631578955
2026-10-03T09:47:15.542 0.0,0.0,0.0,0.0,0.0,0.18421052631578955
2026-10-03T09:47:15.592 0.0,0.0,0.0,0.0,0.0,0.024210526315789543
2026-10-03T09:47:15.643 0.0,0.0,0.0,0.0,0.0,-0.13578947368421046
2026-10-03T09:47:15.692 0.0,0.0,0.0,0.0,0.0,-0.2578947368421052
2026-10-03T09:47:15.742 0.0,0.0,0.0,0.0,0.0,-0.2578947368421052
2026-10-03T09:47:15.792 0.0,0.0,0.0,0.0,0.0,-0.2578947368421052
2026-10-03T09:47:15.841 0.0,0.0,0.0,0.0,0.0,-0.2578947368421052
2026-10-03T09:47:15.891 0.0,0.0,0.0,0.0,0.0,-0.2578947368421052
2026-10-03T09:47:15.942 0.0,0.0,0.0,0.0,0.0,-0.2578947368421052
2026-10-03T09:47:15.991 0.0,0.0,0.0,0.0,0.0,-0.2578947368421052
2026-10-03T09:47:16.041 0.0,0.0,0.0,0.0,0.0,-0.2578947368421052
2026-10-03T09:47:16.101 0.0,0.0,0.0,0.0,0.0,-0.2578947368421052
2026-10-03T09:47:16.141 0.0,0.0,0.0,0.0,0.0,-0.2578947368421052
2026-10-03T09:47:16.191 0.0,0.0,0.0,0.0,0.0,-0.2578947368421052
2026-10-03T09:47:16.241 0.0,0.0,0.0,0.0,0.0,-0.2578947368421052
2026-10-03T09:47:16.292 0.0,0.0,0.0,0.0,0.0,-0.2578947368421052
2026-10-03T09:47:16.341 0.0,0.0,0.0,0.0,0.0,-0.2578947368421052
2026-10-03T09:47:16.391 0.0,0.0,0.0,0.0,0.0,-0.2578947368421052
2026-10-03T09:47:16.442 0.0,0.0,0.0,0.0,0.0,-0.2578947368421052
2026-10-03T09:47:16.493 0.0,0.0,0.0,0.0,0.0,-0.2578947368421052
2026-10-03T09:47:16.541 0.0,0.0,0.0,0.0,0.0,-0.2578947368421052
2026-10-03T09:47:16.591 0.0,0.0,0.0,0.0,0.0,-0.2578947368421052
2026-10-03T09:47:16.641 0.0,0.0,0.0,0.0,0.0,-0.2578947368421052
2026-10-03T09:47:16.691 0.0,0.0,0.0,0.0,0.0,-0.2578947368421052
2026-10-03T09:47:16.741 0.0,0.0,0.0,0.0,0.0,-0.2578947368421052
2026-10-03T09:47:16.792 0.0,0.0,0.0,0.0,0.0,-0.2578947368421052
2026-10-03T09:47:16.841 0.0,0.0,0.0,0.0,0.0,-0.2578947368421052
2026-10-03T09:47:16.892 0.0,0.0,0.0,0.0,0.0,-0.2578947368421052
2026-10-03T09:47:16.942 0.0,0.0,0.0,0.0,0.0,-0.2578947368421052
2026-10-03T09:47:16.991 0.0,0.0,0.0,0.0,0.0,-0.2578947368421052
2026-10-03T09:47:17.042 0.0,0.0,0.0,0.0,0.0,-0.2578947368421052
2026-10-03T09:47:17.092 0.0,0.0,0.0,0.0,0.0,-0.2578947368421052
2026-10-03T09:47:17.142 0.0,0.0,0.0,0.0,0.0,-0.2578947368421052
2026-10-03T09:47:17.191 0.0,0.0,0.0,0.0,0.0,-0.2578947368421052
2026-10-03T09:47:17.241 0.0,0.0,0.0,0.0,0.0,-0.2578947368421052
2026-10-03T09:47:17.291 0.0,0.0,0.0,0.0,0.0,-0.2578947368421052
2026-10-03T09:47:17.342 0.0,0.0,0.0,0.0,0.0,-0.2578947368421052
2026-10-03T09:47:17.392 0.0,0.0,0.0,0.0,0.0,-0.2578947368421052
2026-10-03T09:47:17.442 0.0,0.0,0.0,0.0,0.0,-0.2578947368421052
2026-10-03T09:47:17.491 0.0,0.0,0.0,0.0,0.0,-0.2578947368421052
2026-10-03T09:47:17.542 0.0,0.0,0.0,0.0,0.0,-0.09789473684210517
2026-10-03T09:47:17.592 0.0,0.0,0.0,0.0,0.0,0.06210526315789483
2026-10-03T09:47:17.642 0.0,0.0,0.0,0.0,0.0,0.18421052631578955
2026-10-03T09:47:17.691 0.0,0.0,0.0,0.0,0.0,0.18421052631578955
2026-10-03T09:47:17.742 0.0,0.0,0.0,0.0,0.0,0.18421052631578955
2026-10-03T09:47:17.792 0.0,0.0,0.0,0.0,0.0,0.18421052631578955
2026-10-03T09:47:17.842 0.0,0.0,0.0,0.0,0.0,0.18421052631578955
2026-10-03T09:47:17.892 0.0,0.0,0.0,0.0,0.0,0.18421052631578955
2026-10-03T09:47:17.942 0.0,0.0,0.0,0.0,0.0,0.18421052631578955
2026-10-03T09:47:17.992 0.0,0.0,0.0,0.0,0.0,0.18421052631578955
2026-10-03T09:47:18.044 0.0,0.0,0.0,0.0,0.0,0.18421052631578955
2026-10-03T09:47:18.091 0.0,0.0,0.0,0.0,0.0,0.18421052631578955
2026-10-03T09:47:18.141 0.0,0.0,0.0,0.0,0.0,0.18421052631578955
2026-10-03T09:47:18.192 0.0,0.0,0.0,0.0,0.0,0.18421052631578955
2026-10-03T09:47:18.241 0.0,0.0,0.0,0.0,0.0,0.18421052631578955
2026-10-03T09:47:18.293 0.0,0.0,0.0,0.0,0.0,0.18421052631578955
2026-10-03T09:47:18.342 0.0,0.0,0.0,0.0,0.0,0.18421052631578955
2026-10-03T09:47:18.392 0.0,0.0,0.0,0.0,0.0,0.18421052631578955
2026-10-03T09:47:18.442 0.0,0.0,0.0,0.0,0.0,0.18421052631578955
2026-10-03T09:47:18.492 0.0,0.0,0.0,0.0,0.0,0.18421052631578955
2026-10-03T09:47:18.542 0.0,0.0,0.0,0.0,0.0,0.18421052631578955
2026-10-03T09:47:18.592 0.0,0.0,0.0,0.0,0.0,0.18421052631578955
2026-10-03T09:47:18.642 0.0,0.0,0.0,0.0,0.0,0.18421052631578955
2026-10-03T09:47:18.692 0.0,0.0,0.0,0.0,0.0,0.18421052631578955
2026-10-03T09:47:18.742 0.0,0.0,0.0,0.0,0.0,0.18421052631578955
2026-10-03T09:47:18.792 0.0,0.0,0.0,0.0,0.0,0.18421052631578955
2026-10-03T09:47:18.841 0.0,0.0,0.0,0.0,0.0,0.18421052631578955
2026-10-03T09:47:18.892 0.0,0.0,0.0,0.0,0.0,0.18421052631578955
2026-10-03T09:47:18.941 0.0,0.0,0.0,0.0,0.0,0.18421052631578955
2026-10-03T09:47:18.991 0.0,0.0,0.0,0.0,0.0,0.18421052631578955
2026-10-03T09:47:19.042 0.0,0.0,0.0,0.0,0.0,0.18421052631578955
2026-10-03T09:47:19.092 0.0,0.0,0.0,0.0,0.0,0.18421052631578955
2026-10-03T09:47:19.142 0.0,0.0,0.0,0.0,0.0,0.18421052631578955
2026-10-03T09:47:19.192 0.0,0.0,0.0,0.0,0.0,0.18421052631578955
2026-10-03T09:47:19.241 0.0,0.0,0.0,0.0,0.0,0.18421052631578955
2026-10-03T09:47:19.292 0.0,0.0,0.0,0.0,0.0,0.18421052631578955
2026-10-03T09:47:19.343 0.0,0.0,0.0,0.0,0.0,0.18421052631578955
2026-10-03T09:47:19.392 0.0,0.0,0.0,0.0,0.0,0.18421052631578955
2026-10-03T09:47:19.441 0.0,0.0,0.0,0.0,0.0,0.18421052631578955
2026-10-03T09:47:19.492 0.0,0.0,0.0,0.0,0.0,0.18421052631578955
2026-10-03T09:47:19.542 0.0,0.0,0.0,0.0,0.0,0.18421052631578955
2026-10-03T09:47:19.592 0.0,0.0,0.0,0.0,0.0,0.18421052631578955
2026-10-03T09:47:19.642 0.0,0.0,0.0,0.0,0.0,0.18421052631578955
2026-10-03T09:47:19.692 0.0,0.0,0.0,0.0,0.0,0.18421052631578955
2026-10-03T09:47:19.741 0.0,0.0,0.0,0.0,0.0,0.18421052631578955
2026-10-03T09:47:19.791 0.0,0.0,0.0,0.0,0.0,0.18421052631578955
2026-10-03T09:47:19.841 0.0,0.0,0.0,0.0,0.0,0.18421052631578955
2026-10-03T09:47:19.891 0.0,0.0,0.0,0.0,0.0,0.18421052631578955
2026-10-03T09:47:19.941 0.0,0.0,0.0,0.0,0.0,0.18421052631578955
2026-10-03T09:47:19.991 0.0,0.0,0.0,0.0,0.0,0.18421052631578955
2026-10-03T09:47:20.041 0.0,0.0,0.0,0.0,0.0,0.18421052631578955
2026-10-03T09:47:20.093 0.0,0.0,0.0,0.0,0.0,0.18421052631578955
2026-10-03T09:47:20.141 0.0,0.0,0.0,0.0,0.0,0.18421052631578955
2026-10-03T09:47:20.191 0.0,0.0,0.0,0.0,0.0,0.18421052631578955
2026-10-03T09:47:20.242 0.0,0.0,0.0,0.0,0.0,0.18421052631578955
2026-10-03T09:47:20.292 0.0,0.0,0.0,0.0,0.0,0.18421052631578955
2026-10-03T09:47:20.341 0.0,0.0,0.0,0.0,0.0,0.18421052631578955
2026-10-03T09:47:20.392 0.0,0.0,0.0,0.0,0.0,0.18421052631578955
2026-10-03T09:47:20.441 0.0,0.0,0.0,0.0,0.0,0.18421052631578955
2026-10-03T09:47:20.492 0.0,0.0,0.0,0.0,0.0,0.024210526315789543
2026-10-03T09:47:20.541 0.0,0.0,0.0,0.0,0.0,-0.13578947368421046
2026-10-03T09:47:20.592 0.0,0.0,0.0,0.0,0.0,-0.2578947368421052
2026-10-03T09:47:20.641 0.0,0.0,0.0,0.0,0.0,-0.2578947368421052
2026-10-03T09:47:20.691 0.0,0.0,0.0,0.0,0.0,-0.2578947368421052
2026-10-03T09:47:20.741 0.0,0.0,0.0,0.0,0.0,-0.2578947368421052
2026-10-03T09:47:20.791 0.0,0.0,0.0,0.0,0.0,-0.2578947368421052
2026-10-03T09:47:20.841 0.0,0.0,0.0,0.0,0.0,-0.2578947368421052
2026-10-03T09:47:20.891 0.0,0.0,0.0,0.0,0.0,-0.2578947368421052
2026-10-03T09:47:20.941 0.0,0.0,0.0,0.0,0.0,-0.2578947368421052
2026-10-03T09:47:20.991 0.0,0.0,0.0,0.0,0.0,-0.2578947368421052
2026-10-03T09:47:21.042 0.0,0.0,0.0,0.0,0.0,-0.2578947368421052
2026-10-03T09:47:21.102 0.0,0.0,0.0,0.0,0.0,-0.2578947368421052
2026-10-03T09:47:21.141 0.0,0.0,0.0,0.0,0.0,-0.2578947368421052
2026-10-03T09:47:21.191 0.0,0.0,0.0,0.0,0.0,-0.2578947368421052
2026-10-03T09:47:21.241 0.0,0.0,0.0,0.0,0.0,-0.2578947368421052
2026-10-03T09:47:21.291 0.0,0.0,0.0,0.0,0.0,-0.2578947368421052
2026-10-03T09:47:21.341 0.0,0.0,0.0,0.0,0.0,-0.2578947368421052
2026-10-03T09:47:21.391 0.0,0.0,0.0,0.0,0.0,-0.2578947368421052
2026-10-03T09:47:21.442 0.0,0.0,0.0,0.0,0.0,-0.2578947368421052
2026-10-03T09:47:21.492 0.0,0.0,0.0,0.0,0.0,-0.2578947368421052
2026-10-03T09:47:21.541 0.0,0.0,0.0,0.0,0.0,-0.2578947368421052
2026-10-03T09:47:21.592 0.0,0.0,0.0,0.0,0.0,-0.2578947368421052
2026-10-03T09:47:21.642 0.0,0.0,0.0,0.0,0.0,-0.2578947368421052
2026-10-03T09:47:21.692 0.0,0.0,0.0,0.0,0.0,-0.2578947368421052
2026-10-03T09:47:21.742 0.0,0.0,0.0,0.0,0.0,-0.2578947368421052
2026-10-03T09:47:21.791 0.0,0.0,0.0,0.0,0.0,-0.2578947368421052
2026-10-03T09:47:21.841 0.0,0.0,0.0,0.0,0.0,-0.2578947368421052
2026-10-03T09:47:21.891 0.0,0.0,0.0,0.0,0.0,-0.2578947368421052
2026-10-03T09:47:21.941 0.0,0.0,0.0,0.0,0.0,-0.2578947368421052
2026-10-03T09:47:21.991 0.0,0.0,0.0,0.0,0.0,-0.2578947368421052
2026-10-03T09:47:22.041 0.0,0.0,0.0,0.0,0.0,-0.2578947368421052
2026-10-03T09:47:22.103 0.0,0.0,0.0,0.0,0.0,-0.2578947368421052
2026-10-03T09:47:22.141 0.0,0.0,0.0,0.0,0.0,-0.2578947368421052
2026-10-03T09:47:22.191 0.0,0.0,0.0,0.0,0.0,-0.2578947368421052
2026-10-03T09:47:22.241 0.0,0.0,0.0,0.0,0.0,-0.2578947368421052
2026-10-03T09:47:22.291 0.0,0.0,0.0,0.0,0.0,-0.2578947368421052
2026-10-03T09:47:22.342 0.0,0.0,0.0,0.0,0.0,-0.2578947368421052
2026-10-03T09:47:22.392 0.0,0.0,0.0,0.0,0.0,-0.09789473684210517
2026-10-03T09:47:22.442 0.0,0.0,0.0,0.0,0.0,0.06210526315789483
2026-10-03T09:47:22.492 0.0,0.0,0.0,0.0,0.0,0.18421052631578955
2026-10-03T09:47:22.541 0.0,0.0,0.0,0.0,0.0,0.18421052631578955
2026-10-03T09:47:22.591 0.0,0.0,0.0,0.0,0.0,0.18421052631578955
2026-10-03T09:47:22.641 0.0,0.0,0.0,0.0,0.0,0.18421052631578955
2026-10-03T09:47:22.691 0.0,0.0,0.0,0.0,0.0,0.18421052631578955
2026-10-03T09:47:22.742 0.0,0.0,0.0,0.0,0.0,0.18421052631578955
2026-10-03T09:47:22.792 0.0,0.0,0.0,0.0,0.0,0.18421052631578955
2026-10-03T09:47:22.841 0.0,0.0,0.0,0.0,0.0,0.18421052631578955
2026-10-03T09:47:22.892 0.0,0.0,0.0,0.0,0.0,0.18421052631578955
2026-10-03T09:47:22.941 0.0,0.0,0.0,0.0,0.0,0.18421052631578955
2026-10-03T09:47:22.991 0.0,0.0,0.0,0.0,0.0,0.18421052631578955
2026-10-03T09:47:23.041 0.0,0.0,0.0,0.0,0.0,0.18421052631578955
2026-10-03T09:47:23.092 0.0,0.0,0.0,0.0,0.0,0.18421052631578955
2026-10-03T09:47:23.144 0.0,0.0,0.0,0.0,0.0,0.18421052631578955
2026-10-03T09:47:23.192 0.0,0.0,0.0,0.0,0.0,0.18421052631578955
2026-10-03T09:47:23.241 0.0,0.0,0.0,0.0,0.0,0.18421052631578955
2026-10-03T09:47:23.302 0.0,0.0,0.0,0.0,0.0,0.18421052631578955
2026-10-03T09:47:23.342 0.0,0.0,0.0,0.0,0.0,0.18421052631578955
2026-10-03T09:47:23.392 0.0,0.0,0.0,0.0,0.0,0.18421052631578955
2026-10-03T09:47:23.442 0.0,0.0,0.0,0.0,0.0,0.18421052631578955
2026-10-03T09:47:23.492 0.0,0.0,0.0,0.0,0.0,0.18421052631578955
2026-10-03T09:47:23.542 0.0,0.0,0.0,0.0,0.0,0.18421052631578955
2026-10-03T09:47:23.592 0.0,0.0,0.0,0.0,0.0,0.18421052631578955
2026-10-03T09:47:23.644 0.0,0.0,0.0,0.0,0.0,0.18421052631578955
2026-10-03T09:47:23.691 0.0,0.0,0.0,0.0,0.0,0.18421052631578955
2026-10-03T09:47:23.742 0.0,0.0,0.0,0.0,0.0,0.18421052631578955
2026-10-03T09:47:23.792 0.0,0.0,0.0,0.0,0.0,0.18421052631578955
2026-10-03T09:47:23.841 0.0,0.0,0.0,0.0,0.0,0.18421052631578955
2026-10-03T09:47:23.893 0.0,0.0,0.0,0.0,0.0,0.18421052631578955
2026-10-03T09:47:23.941 0.0,0.0,0.0,0.0,0.0,0.18421052631578955
2026-10-03T09:47:23.992 0.0,0.0,0.0,0.0,0.0,0.18421052631578955
2026-10-03T09:47:24.042 0.0,0.0,0.0,0.0,0.0,0.18421052631578955
2026-10-03T09:47:24.091 0.0,0.0,0.0,0.0,0.0,0.18421052631578955
2026-10-03T09:47:24.141 0.0,0.0,0.0,0.0,0.0,0.18421052631578955
2026-10-03T09:47:24.191 0.0,0.0,0.0,0.0,0.0,0.18421052631578955
2026-10-03T09:47:24.241 0.0,0.0,0.0,0.0,0.0,0.18421052631578955
2026-10-03T09:47:24.291 0.0,0.0,0.0,0.0,0.0,0.18421052631578955
2026-10-03T09:47:24.341 0.0,0.0,0.0,0.0,0.0,0.18421052631578955
2026-10-03T09:47:24.392 0.0,0.0,0.0,0.0,0.0,0.18421052631578955
2026-10-03T09:47:24.442 0.0,0.0,0.0,0.0,0.0,0.18421052631578955
2026-10-03T09:47:24.492 0.0,0.0,0.0,0.0,0.0,0.18421052631578955
2026-10-03T09:47:24.552 0.0,0.0,0.0,0.0,0.0,0.18421052631578955
2026-10-03T09:47:24.592 0.0,0.0,0.0,0.0,0.0,0.18421052631578955
2026-10-03T09:47:24.642 0.0,0.0,0.0,0.0,0.0,0.18421052631578955
2026-10-03T09:47:24.692 0.0,0.0,0.0,0.0,0.0,0.18421052631578955
2026-10-03T09:47:24.741 0.0,0.0,0.0,0.0,0.0,0.18421052631578955
2026-10-03T09:47:24.792 0.0,0.0,0.0,0.0,0.0,0.18421052631578955
2026-10-03T09:47:24.842 0.0,0.0,0.0,0.0,0.0,0.18421052631578955
2026-10-03T09:47:24.892 0.0,0.0,0.0,0.0,0.0,0.18421052631578955
2026-10-03T09:47:24.941 0.0,0.0,0.0,0.0,0.0,0.18421052631578955
2026-10-03T09:47:24.992 0.0,0.0,0.0,0.0,0.0,0.18421052631578955
2026-10-03T09:47:25.052 0.0,0.0,0.0,0.0,0.0,0.18421052631578955
2026-10-03T09:47:25.092 0.0,0.0,0.0,0.0,0.0,0.18421052631578955
2026-10-03T09:47:25.144 0.0,0.0,0.0,0.0,0.0,0.18421052631578955
2026-10-03T09:47:25.202 0.0,0.0,0.0,0.0,0.0,0.18421052631578955
2026-10-03T09:47:25.241 0.0,0.0,0.0,0.0,0.0,0.18421052631578955
2026-10-03T09:47:25.292 0.0,0.0,0.0,0.0,0.0,0.18421052631578955
2026-10-03T09:47:25.341 0.0,0.0,0.0,0.0,0.0,0.18421052631578955
2026-10-03T09:47:25.394 0.0,0.0,0.0,0.0,0.0,0.024210526315789543
2026-10-03T09:47:25.442 0.0,0.0,0.0,0.0,0.0,-0.13578947368421046
2026-10-03T09:47:25.492 0.0,0.0,0.0,0.0,0.0,-0.2578947368421052
2026-10-03T09:47:25.542 0.0,0.0,0.0,0.0,0.0,-0.2578947368421052
2026-10-03T09:47:25.592 0.0,0.0,0.0,0.0,0.0,-0.2578947368421052
2026-10-03T09:47:25.642 0.0,0.0,0.0,0.0,0.0,-0.2578947368421052
2026-10-03T09:47:25.692 0.0,0.0,0.0,0.0,0.0,-0.2578947368421052
2026-10-03T09:47:25.742 0.0,0.0,0.0,0.0,0.0,-0.2578947368421052
2026-10-03T09:47:25.792 0.0,0.0,0.0,0.0,0.0,-0.2578947368421052
2026-10-03T09:47:25.842 0.0,0.0,0.0,0.0,0.0,-0.2578947368421052
2026-10-03T09:47:25.892 0.0,0.0,0.0,0.0,0.0,-0.2578947368421052
2026-10-03T09:47:25.942 0.0,0.0,0.0,0.0,0.0,-0.2578947368421052
2026-10-03T09:47:25.991 0.0,0.0,0.0,0.0,0.0,-0.2578947368421052
2026-10-03T09:47:26.042 0.0,0.0,0.0,0.0,0.0,-0.2578947368421052
2026-10-03T09:47:26.092 0.0,0.0,0.0,0.0,0.0,-0.2578947368421052
2026-10-03T09:47:26.142 0.0,0.0,0.0,0.0,0.0,-0.2578947368421052
2026-10-03T09:47:26.191 0.0,0.0,0.0,0.0,0.0,-0.2578947368421052
2026-10-03T09:47:26.242 0.0,0.0,0.0,0.0,0.0,-0.2578947368421052
2026-10-03T09:47:26.291 0.0,0.0,0.0,0.0,0.0,-0.2578947368421052
2026-10-03T09:47:26.342 0.0,0.0,0.0,0.0,0.0,-0.2578947368421052
2026-10-03T09:47:26.392 0.0,0.0,0.0,0.0,0.0,-0.2578947368421052
2026-10-03T09:47:26.442 0.0,0.0,0.0,0.0,0.0,-0.2578947368421052
2026-10-03T09:47:26.502 0.0,0.0,0.0,0.0,0.0,-0.2578947368421052
2026-10-03T09:47:26.541 0.0,0.0,0.0,0.0,0.0,-0.2578947368421052
2026-10-03T09:47:26.591 0.0,0.0,0.0,0.0,0.0,-0.2578947368421052
2026-10-03T09:47:26.642 0.0,0.0,0.0,0.0,0.0,-0.2578947368421052
2026-10-03T09:47:26.691 0.0,0.0,0.0,0.0,0.0,-0.2578947368421052
2026-10-03T09:47:26.742 0.0,0.0,0.0,0.0,0.0,-0.2578947368421052
2026-10-03T09:47:26.791 0.0,0.0,0.0,0.0,0.0,-0.2578947368421052
2026-10-03T09:47:26.842 0.0,0.0,0.0,0.0,0.0,-0.2578947368421052
2026-10-03T09:47:26.892 0.0,0.0,0.0,0.0,0.0,-0.2578947368421052
2026-10-03T09:47:26.942 0.0,0.0,0.0,0.0,0.0,-0.2578947368421052
2026-10-03T09:47:26.991 0.0,0.0,0.0,0.0,0.0,-0.2578947368421052
2026-10-03T09:47:27.042 0.0,0.0,0.0,0.0,0.0,-0.2578947368421052
2026-10-03T09:47:27.091 0.0,0.0,0.0,0.0,0.0,-0.2578947368421052
2026-10-03T09:47:27.141 0.0,0.0,0.0,0.0,0.0,-0.09789473684210517
2026-10-03T09:47:27.202 0.0,0.0,0.0,0.0,0.0,0.06210526315789483
2026-10-03T09:47:27.242 0.0,0.0,0.0,0.0,0.0,0.18421052631578955
2026-10-03T09:47:27.291 0.0,0.0,0.0,0.0,0.0,0.18421052631578955
2026-10-03T09:47:27.342 0.0,0.0,0.0,0.0,0.0,0.18421052631578955
2026-10-03T09:47:27.392 0.0,0.0,0.0,0.0,0.0,0.18421052631578955
2026-10-03T09:47:27.442 0.0,0.0,0.0,0.0,0.0,0.18421052631578955
2026-10-03T09:47:27.492 0.0,0.0,0.0,0.0,0.0,0.18421052631578955
2026-10-03T09:47:27.542 0.0,0.0,0.0,0.0,0.0,0.18421052631578955
2026-10-03T09:47:27.592 0.0,0.0,0.0,0.0,0.0,0.18421052631578955
2026-10-03T09:47:27.642 0.0,0.0,0.0,0.0,0.0,0.18421052631578955
2026-10-03T09:47:27.692 0.0,0.0,0.0,0.0,0.0,0.18421052631578955
2026-10-03T09:47:27.742 0.0,0.0,0.0,0.0,0.0,0.18421052631578955
2026-10-03T09:47:27.791 0.0,0.0,0.0,0.0,0.0,0.18421052631578955
2026-10-03T09:47:27.842 0.0,0.0,0.0,0.0,0.0,0.18421052631578955
2026-10-03T09:47:27.891 0.0,0.0,0.0,0.0,0.0,0.18421052631578955
2026-10-03T09:47:27.942 0.0,0.0,0.0,0.0,0.0,0.18421052631578955
2026-10-03T09:47:28.002 0.0,0.0,0.0,0.0,0.0,0.18421052631578955
2026-10-03T09:47:28.041 0.0,0.0,0.0,0.0,0.0,0.18421052631578955
2026-10-03T09:47:28.091 0.0,0.0,0.0,0.0,0.0,0.18421052631578955
2026-10-03T09:47:28.141 0.0,0.0,0.0,0.0,0.0,0.18421052631578955
2026-10-03T09:47:28.192 0.0,0.0,0.0,0.0,0.0,0.18421052631578955
2026-10-03T09:47:28.241 0.0,0.0,0.0,0.0,0.0,0.18421052631578955
2026-10-03T09:47:28.302 0.0,0.0,0.0,0.0,0.0,0.18421052631578955
2026-10-03T09:47:28.342 0.0,0.0,0.0,0.0,0.0,0.18421052631578955
2026-10-03T09:47:28.392 0.0,0.0,0.0,0.0,0.0,0.18421052631578955
2026-10-03T09:47:28.441 0.0,0.0,0.0,0.0,0.0,0.18421052631578955
2026-10-03T09:47:28.502 0.0,0.0,0.0,0.0,0.0,0.18421052631578955
2026-10-03T09:47:28.541 0.0,0.0,0.0,0.0,0.0,0.18421052631578955
2026-10-03T09:47:28.591 0.0,0.0,0.0,0.0,0.0,0.18421052631578955
2026-10-03T09:47:28.644 0.0,0.0,0.0,0.0,0.0,0.18421052631578955
2026-10-03T09:47:28.692 0.0,0.0,0.0,0.0,0.0,0.18421052631578955
2026-10-03T09:47:28.741 0.0,0.0,0.0,0.0,0.0,0.18421052631578955
2026-10-03T09:47:28.792 0.0,0.0,0.0,0.0,0.0,0.18421052631578955
2026-10-03T09:47:28.842 0.0,0.0,0.0,0.0,0.0,0.18421052631578955
2026-10-03T09:47:28.892 0.0,0.0,0.0,0.0,0.0,0.18421052631578955
2026-10-03T09:47:28.414 0.0,0.0,0.0,0.0,0.0,0.18421052631578955
2026-10-03T09:47:28.465 0.0,0.0,0.0,0.0,0.0,0.18421052631578955
2026-10-03T09:47:28.516 0.0,0.0,0.0,0.0,0.0,0.18421052631578955
2026-10-03T09:47:28.564 0.0,0.0,0.0,0.0,0.0,0.18421052631578955
2026-10-03T09:47:28.614 0.0,0.0,0.0,0.0,0.0,0.024210526315789543
2026-10-03T09:47:28.665 0.0,0.0,0.0,0.0,0.0,0.0
2026-10-03T09:47:28.714 0.0,0.0,0.0,0.0,0.0,0.16
2026-10-03T09:47:28.765 0.0,0.0,0.0,0.0,0.0,0.18421052631578955
2026-10-03T09:47:28.814 0.0,0.0,0.0,0.0,0.0,0.18421052631578955
2026-10-03T09:47:28.865 0.0,0.0,0.0,0.0,0.0,0.18421052631578955
2026-10-03T09:47:28.914 0.0,0.0,0.0,0.0,0.0,0.18421052631578955
2026-10-03T09:47:28.965 0.0,0.0,0.0,0.0,0.0,0.18421052631578955
2026-10-03T09:47:29.014 0.0,0.0,0.0,0.0,0.0,0.18421052631578955
2026-10-03T09:47:29.064 0.0,0.0,0.0,0.0,0.0,0.18421052631578955
2026-10-03T09:47:29.114 0.0,0.0,0.0,0.0,0.0,0.18421052631578955
2026-10-03T09:47:29.165 0.0,0.0,0.0,0.0,0.0,0.18421052631578955
2026-10-03T09:47:29.214 0.0,0.0,0.0,0.0,0.0,0.18421052631578955
2026-10-03T09:47:29.264 0.0,0.0,0.0,0.0,0.0,0.18421052631578955
2026-10-03T09:47:29.314 0.0,0.0,0.0,0.0,0.0,0.18421052631578955
2026-10-03T09:47:29.364 0.0,0.0,0.0,0.0,0.0,0.18421052631578955
2026-10-03T09:47:29.414 0.0,0.0,0.0,0.0,0.0,0.18421052631578955
2026-10-03T09:47:29.465 0.0,0.0,0.0,0.0,0.0,0.024210526315789543
2026-10-03T09:47:29.514 0.0,0.0,0.0,0.0,0.0,-0.13578947368421046
2026-10-03T09:47:29.564 0.0,0.0,0.0,0.0,0.0,-0.2578947368421052
2026-10-03T09:47:29.614 0.0,0.0,0.0,0.0,0.0,-0.2578947368421052
2026-10-03T09:47:29.664 0.0,0.0,0.0,0.0,0.0,-0.2578947368421052
2026-10-03T09:47:29.714 0.0,0.0,0.0,0.0,0.0,-0.2578947368421052
2026-10-03T09:47:29.764 0.0,0.0,0.0,0.0,0.0,-0.2578947368421052
2026-10-03T09:47:29.814 0.0,0.0,0.0,0.0,0.0,-0.2578947368421052
2026-10-03T09:47:29.864 0.0,0.0,0.0,0.0,0.0,-0.2578947368421052
2026-10-03T09:47:29.914 0.0,0.0,0.0,0.0,0.0,-0.2578947368421052
2026-10-03T09:47:29.964 0.0,0.0,0.0,0.0,0.0,-0.2578947368421052
2026-10-03T09:47:30.014 0.0,0.0,0.0,0.0,0.0,-0.2578947368421052
2026-10-03T09:47:30.064 0.0,0.0,0.0,0.0,0.0,-0.2578947368421052
2026-10-03T09:47:30.124 0.0,0.0,0.0,0.0,0.0,-0.2578947368421052
2026-10-03T09:47:30.164 0.0,0.0,0.0,0.0,0.0,-0.2578947368421052
2026-10-03T09:47:30.214 0.0,0.0,0.0,0.0,0.0,-0.2578947368421052
2026-10-03T09:47:30.264 0.0,0.0,0.0,0.0,0.0,-0.2578947368421052
2026-10-03T09:47:30.314 0.0,0.0,0.0,0.0,0.0,-0.2578947368421052
2026-10-03T09:47:30.364 0.0,0.0,0.0,0.0,0.0,-0.2578947368421052
2026-10-03T09:47:30.414 0.0,0.0,0.0,0.0,0.0,-0.2578947368421052
2026-10-03T09:47:30.464 0.0,0.0,0.0,0.0,0.0,-0.2578947368421052
2026-10-03T09:47:30.514 0.0,0.0,0.0,0.0,0.0,-0.2578947368421052
2026-10-03T09:47:30.564 0.0,0.0,0.0,0.0,0.0,-0.2578947368421052
2026-10-03T09:47:30.614 0.0,0.0,0.0,0.0,0.0,-0.2578947368421052
2026-10-03T09:47:30.664 0.0,0.0,0.0,0.0,0.0,-0.2578947368421052
2026-10-03T09:47:30.714 0.0,0.0,0.0,0.0,0.0,-0.2578947368421052
2026-10-03T09:47:30.764 0.0,0.0,0.0,0.0,0.0,-0.2578947368421052
2026-10-03T09:47:30.814 0.0,0.0,0.0,0.0,0.0,-0.2578947368421052
2026-10-03T09:47:30.864 0.0,0.0,0.0,0.0,0.0,-0.2578947368421052
2026-10-03T09:47:30.914 0.0,0.0,0.0,0.0,0.0,-0.2578947368421052
2026-10-03T09:47:30.964 0.0,0.0,0.0,0.0,0.0,-0.2578947368421052
2026-10-03T09:47:31.015 0.0,0.0,0.0,0.0,0.0,-0.2578947368421052
2026-10-03T09:47:31.065 0.0,0.0,0.0,0.0,0.0,-0.2578947368421052
2026-10-03T09:47:31.116 0.0,0.0,0.0,0.0,0.0,-0.2578947368421052
2026-10-03T09:47:31.164 0.0,0.0,0.0,0.0,0.0,-0.2578947368421052
2026-10-03T09:47:31.214 0.0,0.0,0.0,0.0,0.0,-0.2578947368421052
2026-10-03T09:47:31.264 0.0,0.0,0.0,0.0,0.0,-0.09789473684210517
2026-10-03T09:47:31.314 0.0,0.0,0.0,0.0,0.0,0.06210526315789483
2026-10-03T09:47:31.364 0.0,0.0,0.0,0.0,0.0,0.18421052631578955
2026-10-03T09:47:31.414 0.0,0.0,0.0,0.0,0.0,0.18421052631578955
2026-10-03T09:47:31.464 0.0,0.0,0.0,0.0,0.0,0.18421052631578955
2026-10-03T09:47:31.515 0.0,0.0,0.0,0.0,0.0,0.18421052631578955
2026-10-03T09:47:31.564 0.0,0.0,0.0,0.0,0.0,0.18421052631578955
2026-10-03T09:47:31.614 0.0,0.0,0.0,0.0,0.0,0.18421052631578955
2026-10-03T09:47:31.664 0.0,0.0,0.0,0.0,0.0,0.18421052631578955
2026-10-03T09:47:31.714 0.0,0.0,0.0,0.0,0.0,0.18421052631578955
2026-10-03T09:47:31.765 0.0,0.0,0.0,0.0,0.0,0.18421052631578955
2026-10-03T09:47:31.814 0.0,0.0,0.0,0.0,0.0,0.18421052631578955
2026-10-03T09:47:31.864 0.0,0.0,0.0,0.0,0.0,0.18421052631578955
2026-10-03T09:47:31.914 0.0,0.0,0.0,0.0,0.0,0.18421052631578955
2026-10-03T09:47:31.964 0.0,0.0,0.0,0.0,0.0,0.18421052631578955
2026-10-03T09:47:32.014 0.0,0.0,0.0,0.0,0.0,0.18421052631578955
2026-10-03T09:47:32.064 0.0,0.0,0.0,0.0,0.0,0.18421052631578955
2026-10-03T09:47:32.114 0.0,0.0,0.0,0.0,0.0,0.18421052631578955
2026-10-03T09:47:32.164 0.0,0.0,0.0,0.0,0.0,0.18421052631578955
2026-10-03T09:47:32.214 0.0,0.0,0.0,0.0,0.0,0.18421052631578955
2026-10-03T09:47:32.264 0.0,0.0,0.0,0.0,0.0,0.18421052631578955
2026-10-03T09:47:32.314 0.0,0.0,0.0,0.0,0.0,0.18421052631578955
2026-10-03T09:47:32.364 0.0,0.0,0.0,0.0,0.0,0.18421052631578955
2026-10-03T09:47:32.414 0.0,0.0,0.0,0.0,0.0,0.18421052631578955
2026-10-03T09:47:32.464 0.0,0.0,0.0,0.0,0.0,0.18421052631578955
2026-10-03T09:47:32.514 0.0,0.0,0.0,0.0,0.0,0.18421052631578955
2026-10-03T09:47:32.564 0.0,0.0,0.0,0.0,0.0,0.18421052631578955
2026-10-03T09:47:32.614 0.0,0.0,0.0,0.0,0.0,0.18421052631578955
2026-10-03T09:47:32.664 0.0,0.0,0.0,0.0,0.0,0.18421052631578955
2026-10-03T09:47:32.714 0.0,0.0,0.0,0.0,0.0,0.18421052631578955
2026-10-03T09:47:32.764 0.0,0.0,0.0,0.0,0.0,0.18421052631578955
2026-10-03T09:47:32.814 0.0,0.0,0.0,0.0,0.0,0.18421052631578955
2026-10-03T09:47:32.864 0.0,0.0,0.0,0.0,0.0,0.18421052631578955
2026-10-03T09:47:32.914 0.0,0.0,0.0,0.0,0.0,0.18421052631578955
2026-10-03T09:47:32.964 0.0,0.0,0.0,0.0,0.0,0.18421052631578955
2026-10-03T09:47:33.014 0.0,0.0,0.0,0.0,0.0,0.18421052631578955
2026-10-03T09:47:33.064 0.0,0.0,0.0,0.0,0.0,0.18421052631578955
2026-10-03T09:47:33.114 0.0,0.0,0.0,0.0,0.0,0.18421052631578955
2026-10-03T09:47:33.164 0.0,0.0,0.0,0.0,0.0,0.18421052631578955
2026-10-03T09:47:33.215 0.0,0.0,0.0,0.0,0.0,0.18421052631578955
2026-10-03T09:47:33.264 0.0,0.0,0.0,0.0,0.0,0.18421052631578955
2026-10-03T09:47:33.314 0.0,0.0,0.0,0.0,0.0,0.18421052631578955
2026-10-03T09:47:33.364 0.0,0.0,0.0,0.0,0.0,0.18421052631578955
2026-10-03T09:47:33.414 0.0,0.0,0.0,0.0,0.0,0.18421052631578955
2026-10-03T09:47:33.464 0.0,0.0,0.0,0.0,0.0,0.18421052631578955
2026-10-03T09:47:33.514 0.0,0.0,0.0,0.0,0.0,0.18421052631578955
2026-10-03T09:47:33.564 0.0,0.0,0.0,0.0,0.0,0.18421052631578955
2026-10-03T09:47:33.614 0.0,0.0,0.0,0.0,0.0,0.18421052631578955
2026-10-03T09:47:33.664 0.0,0.0,0.0,0.0,0.0,0.18421052631578955
2026-10-03T09:47:33.714 0.0,0.0,0.0,0.0,0.0,0.18421052631578955
2026-10-03T09:47:33.764 0.0,0.0,0.0,0.0,0.0,0.18421052631578955
2026-10-03T09:47:33.814 0.0,0.0,0.0,0.0,0.0,0.18421052631578955
2026-10-03T09:47:33.864 0.0,0.0,0.0,0.0,0.0,0.18421052631578955
2026-10-03T09:47:33.914 0.0,0.0,0.0,0.0,0.0,0.18421052631578955
2026-10-03T09:47:33.964 0.0,0.0,0.0,0.0,0.0,0.18421052631578955
2026-10-03T09:47:34.014 0.0,0.0,0.0,0.0,0.0,0.18421052631578955
2026-10-03T09:47:34.064 0.0,0.0,0.0,0.0,0.0,0.18421052631578955
2026-10-03T09:47:34.114 0.0,0.0,0.0,0.0,0.0,0.024210526315789543
2026-10-03T09:47:34.164 0.0,0.0,0.0,0.0,0.0,-0.13578947368421046
2026-10-03T09:47:34.214 0.0,0.0,0.0,0.0,0.0,-0.2578947368421052
2026-10-03T09:47:34.265 0.0,0.0,0.0,0.0,0.0,-0.2578947368421052
2026-10-03T09:47:34.314 0.0,0.0,0.0,0.0,0.0,-0.2578947368421052
2026-10-03T09:47:34.364 0.0,0.0,0.0,0.0,0.0,-0.2578947368421052
2026-10-03T09:47:34.414 0.0,0.0,0.0,0.0,0.0,-0.2578947368421052
2026-10-03T09:47:34.464 0.0,0.0,0.0,0.0,0.0,-0.2578947368421052
2026-10-03T09:47:34.514 0.0,0.0,0.0,0.0,0.0,-0.2578947368421052
2026-10-03T09:47:34.564 0.0,0.0,0.0,0.0,0.0,-0.2578947368421052
2026-10-03T09:47:34.614 0.0,0.0,0.0,0.0,0.0,-0.2578947368421052
2026-10-03T09:47:34.664 0.0,0.0,0.0,0.0,0.0,-0.2578947368421052
2026-10-03T09:47:34.714 0.0,0.0,0.0,0.0,0.0,-0.2578947368421052
2026-10-03T09:47:34.764 0.0,0.0,0.0,0.0,0.0,-0.2578947368421052
2026-10-03T09:47:34.814 0.0,0.0,0.0,0.0,0.0,-0.2578947368421052
2026-10-03T09:47:34.864 0.0,0.0,0.0,0.0,0.0,-0.2578947368421052
2026-10-03T09:47:34.914 0.0,0.0,0.0,0.0,0.0,-0.2578947368421052
2026-10-03T09:47:34.964 0.0,0.0,0.0,0.0,0.0,-0.2578947368421052
2026-10-03T09:47:35.014 0.0,0.0,0.0,0.0,0.0,-0.2578947368421052
2026-10-03T09:47:35.064 0.0,0.0,0.0,0.0,0.0,-0.2578947368421052
2026-10-03T09:47:35.114 0.0,0.0,0.0,0.0,0.0,-0.2578947368421052
2026-10-03T09:47:35.164 0.0,0.0,0.0,0.0,0.0,-0.2578947368421052
2026-10-03T09:47:35.214 0.0,0.0,0.0,0.0,0.0,-0.2578947368421052
2026-10-03T09:47:35.264 0.0,0.0,0.0,0.0,0.0,-0.2578947368421052
2026-10-03T09:47:35.314 0.0,0.0,0.0,0.0,0.0,-0.2578947368421052
2026-10-03T09:47:35.364 0.0,0.0,0.0,0.0,0.0,-0.2578947368421052
2026-10-03T09:47:35.414 0.0,0.0,0.0,0.0,0.0,-0.2578947368421052
2026-10-03T09:47:35.464 0.0,0.0,0.0,0.0,0.0,-0.2578947368421052
2026-10-03T09:47:35.514 0.0,0.0,0.0,0.0,0.0,-0.2578947368421052
2026-10-03T09:47:35.564 0.0,0.0,0.0,0.0,0.0,-0.2578947368421052
2026-10-03T09:47:35.614 0.0,0.0,0.0,0.0,0.0,-0.2578947368421052
2026-10-03T09:47:35.664 0.0,0.0,0.0,0.0,0.0,-0.2578947368421052
2026-10-03T09:47:35.714 0.0,0.0,0.0,0.0,0.0,-0.2578947368421052
2026-10-03T09:47:35.765 0.0,0.0,0.0,0.0,0.0,-0.2578947368421052
2026-10-03T09:47:35.815 0.0,0.0,0.0,0.0,0.0,-0.2578947368421052
2026-10-03T09:47:35.865 0.0,0.0,0.0,0.0,0.0,-0.2578947368421052
2026-10-03T09:47:35.915 0.0,0.0,0.0,0.0,0.0,-0.2578947368421052
2026-10-03T09:47:35.965 0.0,0.0,0.0,0.0,0.0,-0.2578947368421052
2026-10-03T09:47:36.015 0.0,0.0,0.0,0.0,0.0,-0.2578947368421052
2026-10-03T09:47:36.065 0.0,0.0,0.0,0.0,0.0,-0.09789473684210517
2026-10-03T09:47:36.114 0.0,0.0,0.0,0.0,0.0,0.06210526315789483
2026-10-03T09:47:36.164 0.0,0.0,0.0,0.0,0.0,0.18421052631578955
2026-10-03T09:47:36.224 0.0,0.0,0.0,0.0,0.0,0.18421052631578955
2026-10-03T09:47:36.264 0.0,0.0,0.0,0.0,0.0,0.18421052631578955
2026-10-03T09:47:36.314 0.0,0.0,0.0,0.0,0.0,0.18421052631578955
2026-10-03T09:47:36.364 0.0,0.0,0.0,0.0,0.0,0.18421052631578955
2026-10-03T09:47:36.414 0.0,0.0,0.0,0.0,0.0,0.18421052631578955
2026-10-03T09:47:36.464 0.0,0.0,0.0,0.0,0.0,0.18421052631578955
2026-10-03T09:47:36.514 0.0,0.0,0.0,0.0,0.0,0.18421052631578955
2026-10-03T09:47:36.574 0.0,0.0,0.0,0.0,0.0,0.18421052631578955
2026-10-03T09:47:36.614 0.0,0.0,0.0,0.0,0.0,0.18421052631578955
2026-10-03T09:47:36.664 0.0,0.0,0.0,0.0,0.0,0.18421052631578955
2026-10-03T09:47:36.714 0.0,0.0,0.0,0.0,0.0,0.18421052631578955
2026-10-03T09:47:36.764 0.0,0.0,0.0,0.0,0.0,0.18421052631578955
2026-10-03T09:47:36.814 0.0,0.0,0.0,0.0,0.0,0.18421052631578955
2026-10-03T09:47:36.864 0.0,0.0,0.0,0.0,0.0,0.18421052631578955
2026-10-03T09:47:36.914 0.0,0.0,0.0,0.0,0.0,0.18421052631578955
2026-10-03T09:47:36.964 0.0,0.0,0.0,0.0,0.0,0.18421052631578955
2026-10-03T09:47:37.014 0.0,0.0,0.0,0.0,0.0,0.18421052631578955
2026-10-03T09:47:37.064 0.0,0.0,0.0,0.0,0.0,0.18421052631578955
2026-10-03T09:47:37.114 0.0,0.0,0.0,0.0,0.0,0.18421052631578955
2026-10-03T09:47:37.164 0.0,0.0,0.0,0.0,0.0,0.18421052631578955
2026-10-03T09:47:37.214 0.0,0.0,0.0,0.0,0.0,0.18421052631578955
2026-10-03T09:47:37.264 0.0,0.0,0.0,0.0,0.0,0.18421052631578955
2026-10-03T09:47:37.314 0.0,0.0,0.0,0.0,0.0,0.18421052631578955
2026-10-03T09:47:37.364 0.0,0.0,0.0,0.0,0.0,0.18421052631578955
2026-10-03T09:47:37.414 0.0,0.0,0.0,0.0,0.0,0.18421052631578955
2026-10-03T09:47:37.464 0.0,0.0,0.0,0.0,0.0,0.18421052631578955
2026-10-03T09:47:37.514 0.0,0.0,0.0,0.0,0.0,0.18421052631578955
2026-10-03T09:47:37.564 0.0,0.0,0.0,0.0,0.0,0.18421052631578955
2026-10-03T09:47:37.614 0.0,0.0,0.0,0.0,0.0,0.18421052631578955
2026-10-03T09:47:37.664 0.0,0.0,0.0,0.0,0.0,0.18421052631578955
2026-10-03T09:47:37.715 0.0,0.0,0.0,0.0,0.0,0.18421052631578955
2026-10-03T09:47:37.765 0.0,0.0,0.0,0.0,0.0,0.18421052631578955
2026-10-03T09:47:37.814 0.0,0.0,0.0,0.0,0.0,0.18421052631578955
2026-10-03T09:47:37.864 0.0,0.0,0.0,0.0,0.0,0.18421052631578955
2026-10-03T09:47:37.915 0.0,0.0,0.0,0.0,0.0,0.18421052631578955
2026-10-03T09:47:37.964 0.0,0.0,0.0,0.0,0.0,0.18421052631578955
2026-10-03T09:47:38.014 0.0,0.0,0.0,0.0,0.0,0.18421052631578955
2026-10-03T09:47:38.064 0.0,0.0,0.0,0.0,0.0,0.18421052631578955
2026-10-03T09:47:38.114 0.0,0.0,0.0,0.0,0.0,0.18421052631578955
2026-10-03T09:47:38.174 0.0,0.0,0.0,0.0,0.0,0.18421052631578955
2026-10-03T09:47:38.214 0.0,0.0,0.0,0.0,0.0,0.18421052631578955
2026-10-03T09:47:38.264 0.0,0.0,0.0,0.0,0.0,0.18421052631578955
2026-10-03T09:47:38.314 0.0,0.0,0.0,0.0,0.0,0.18421052631578955
2026-10-03T09:47:38.364 0.0,0.0,0.0,0.0,0.0,0.18421052631578955
2026-10-03T09:47:38.414 0.0,0.0,0.0,0.0,0.0,0.18421052631578955
2026-10-03T09:47:38.465 0.0,0.0,0.0,0.0,0.0,0.18421052631578955
2026-10-03T09:47:38.514 0.0,0.0,0.0,0.0,0.0,0.18421052631578955
2026-10-03T09:47:38.565 0.0,0.0,0.0,0.0,0.0,0.18421052631578955
2026-10-03T09:47:38.614 0.0,0.0,0.0,0.0,0.0,0.18421052631578955
2026-10-03T09:47:38.664 0.0,0.0,0.0,0.0,0.0,0.18421052631578955
2026-10-03T09:47:38.714 0.0,0.0,0.0,0.0,0.0,0.18421052631578955
2026-10-03T09:47:38.764 0.0,0.0,0.0,0.0,0.0,0.18421052631578955
2026-10-03T09:47:38.814 0.0,0.0,0.0,0.0,0.0,0.18421052631578955
2026-10-03T09:47:38.865 0.0,0.0,0.0,0.0,0.0,0.024210526315789543
2026-10-03T09:47:38.914 0.0,0.0,0.0,0.0,0.0,-0.13578947368421046
2026-10-03T09:47:38.964 0.0,0.0,0.0,0.0,0.0,-0.2578947368421052
2026-10-03T09:47:39.025 0.0,0.0,0.0,0.0,0.0,-0.2578947368421052
2026-10-03T09:47:39.066 0.0,0.0,0.0,0.0,0.0,-0.2578947368421052
2026-10-03T09:47:39.115 0.0,0.0,0.0,0.0,0.0,-0.2578947368421052
2026-10-03T09:47:39.164 0.0,0.0,0.0,0.0,0.0,-0.2578947368421052
2026-10-03T09:47:39.214 0.0,0.0,0.0,0.0,0.0,-0.2578947368421052
2026-10-03T09:47:39.275 0.0,0.0,0.0,0.0,0.0,-0.2578947368421052
2026-10-03T09:47:39.314 0.0,0.0,0.0,0.0,0.0,-0.2578947368421052
2026-10-03T09:47:39.364 0.0,0.0,0.0,0.0,0.0,-0.2578947368421052
2026-10-03T09:47:39.414 0.0,0.0,0.0,0.0,0.0,-0.2578947368421052
2026-10-03T09:47:39.464 0.0,0.0,0.0,0.0,0.0,-0.2578947368421052
2026-10-03T09:47:39.514 0.0,0.0,0.0,0.0,0.0,-0.2578947368421052
2026-10-03T09:47:39.564 0.0,0.0,0.0,0.0,0.0,-0.2578947368421052
2026-10-03T09:47:39.614 0.0,0.0,0.0,0.0,0.0,-0.2578947368421052
2026-10-03T09:47:39.664 0.0,0.0,0.0,0.0,0.0,-0.2578947368421052
2026-10-03T09:47:39.714 0.0,0.0,0.0,0.0,0.0,-0.2578947368421052
2026-10-03T09:47:39.764 0.0,0.0,0.0,0.0,0.0,-0.2578947368421052
2026-10-03T09:47:39.814 0.0,0.0,0.0,0.0,0.0,-0.2578947368421052
2026-10-03T09:47:39.864 0.0,0.0,0.0,0.0,0.0,-0.2578947368421052
2026-10-03T09:47:39.915 0.0,0.0,0.0,0.0,0.0,-0.2578947368421052
2026-10-03T09:47:39.964 0.0,0.0,0.0,0.0,0.0,-0.2578947368421052
2026-10-03T09:47:40.014 0.0,0.0,0.0,0.0,0.0,-0.2578947368421052
2026-10-03T09:47:40.065 0.0,0.0,0.0,0.0,0.0,-0.2578947368421052
2026-10-03T09:47:40.114 0.0,0.0,0.0,0.0,0.0,-0.2578947368421052
2026-10-03T09:47:40.164 0.0,0.0,0.0,0.0,0.0,-0.2578947368421052
2026-10-03T09:47:40.214 0.0,0.0,0.0,0.0,0.0,-0.2578947368421052
2026-10-03T09:47:40.264 0.0,0.0,0.0,0.0,0.0,-0.2578947368421052
2026-10-03T09:47:40.314 0.0,0.0,0.0,0.0,0.0,-0.2578947368421052
2026-10-03T09:47:40.364 0.0,0.0,0.0,0.0,0.0,-0.2578947368421052
2026-10-03T09:47:40.414 0.0,0.0,0.0,0.0,0.0,-0.2578947368421052
2026-10-03T09:47:40.464 0.0,0.0,0.0,0.0,0.0,-0.2578947368421052
2026-10-03T09:47:40.514 0.0,0.0,0.0,0.0,0.0,-0.2578947368421052
2026-10-03T09:47:40.565 0.0,0.0,0.0,0.0,0.0,-0.2578947368421052
2026-10-03T09:47:40.615 0.0,0.0,0.0,0.0,0.0,-0.2578947368421052
2026-10-03T09:47:40.665 0.0,0.0,0.0,0.0,0.0,-0.2578947368421052
2026-10-03T09:47:40.714 0.0,0.0,0.0,0.0,0.0,-0.09789473684210517
2026-10-03T09:47:40.765 0.0,0.0,0.0,0.0,0.0,0.06210526315789483
2026-10-03T09:47:40.814 0.0,0.0,0.0,0.0,0.0,0.18421052631578955
2026-10-03T09:47:40.864 0.0,0.0,0.0,0.0,0.0,0.18421052631578955
2026-10-03T09:47:40.914 0.0,0.0,0.0,0.0,0.0,0.18421052631578955
2026-10-03T09:47:40.966 0.0,0.0,0.0,0.0,0.0,0.18421052631578955
2026-10-03T09:47:41.014 0.0,0.0,0.0,0.0,0.0,0.18421052631578955
2026-10-03T09:47:41.064 0.0,0.0,0.0,0.0,0.0,0.18421052631578955
2026-10-03T09:47:41.114 0.0,0.0,0.0,0.0,0.0,0.18421052631578955
2026-10-03T09:47:41.165 0.0,0.0,0.0,0.0,0.0,0.18421052631578955
2026-10-03T09:47:41.214 0.0,0.0,0.0,0.0,0.0,0.18421052631578955
2026-10-03T09:47:41.265 0.0,0.0,0.0,0.0,0.0,0.18421052631578955
2026-10-03T09:47:41.314 0.0,0.0,0.0,0.0,0.0,0.18421052631578955
2026-10-03T09:47:41.364 0.0,0.0,0.0,0.0,0.0,0.18421052631578955
2026-10-03T09:47:41.414 0.0,0.0,0.0,0.0,0.0,0.18421052631578955
2026-10-03T09:47:41.464 0.0,0.0,0.0,0.0,0.0,0.18421052631578955
2026-10-03T09:47:41.514 0.0,0.0,0.0,0.0,0.0,0.18421052631578955
2026-10-03T09:47:41.565 0.0,0.0,0.0,0.0,0.0,0.18421052631578955
2026-10-03T09:47:41.614 0.0,0.0,0.0,0.0,0.0,0.18421052631578955
2026-10-03T09:47:41.664 0.0,0.0,0.0,0.0,0.0,0.18421052631578955
2026-10-03T09:47:41.714 0.0,0.0,0.0,0.0,0.0,0.18421052631578955
2026-10-03T09:47:41.765 0.0,0.0,0.0,0.0,0.0,0.18421052631578955
2026-10-03T09:47:41.814 0.0,0.0,0.0,0.0,0.0,0.18421052631578955
2026-10-03T09:47:41.864 0.0,0.0,0.0,0.0,0.0,0.18421052631578955
2026-10-03T09:47:41.914 0.0,0.0,0.0,0.0,0.0,0.18421052631578955
2026-10-03T09:47:41.965 0.0,0.0,0.0,0.0,0.0,0.18421052631578955
2026-10-03T09:47:42.014 0.0,0.0,0.0,0.0,0.0,0.18421052631578955
2026-10-03T09:47:42.065 0.0,0.0,0.0,0.0,0.0,0.18421052631578955
2026-10-03T09:47:42.114 0.0,0.0,0.0,0.0,0.0,0.18421052631578955
2026-10-03T09:47:42.165 0.0,0.0,0.0,0.0,0.0,0.18421052631578955
2026-10-03T09:47:42.215 0.0,0.0,0.0,0.0,0.0,0.18421052631578955
2026-10-03T09:47:42.265 0.0,0.0,0.0,0.0,0.0,0.18421052631578955
2026-10-03T09:47:42.314 0.0,0.0,0.0,0.0,0.0,0.18421052631578955
2026-10-03T09:47:42.364 0.0,0.0,0.0,0.0,0.0,0.18421052631578955
2026-10-03T09:47:42.415 0.0,0.0,0.0,0.0,0.0,0.18421052631578955
2026-10-03T09:47:42.464 0.0,0.0,0.0,0.0,0.0,0.18421052631578955
2026-10-03T09:47:42.514 0.0,0.0,0.0,0.0,0.0,0.18421052631578955
2026-10-03T09:47:42.564 0.0,0.0,0.0,0.0,0.0,0.18421052631578955
2026-10-03T09:47:42.614 0.0,0.0,0.0,0.0,0.0,0.18421052631578955
2026-10-03T09:47:42.664 0.0,0.0,0.0,0.0,0.0,0.18421052631578955
2026-10-03T09:47:42.715 0.0,0.0,0.0,0.0,0.0,0.18421052631578955
2026-10-03T09:47:42.764 0.0,0.0,0.0,0.0,0.0,0.18421052631578955
2026-10-03T09:47:42.814 0.0,0.0,0.0,0.0,0.0,0.18421052631578955
2026-10-03T09:47:42.864 0.0,0.0,0.0,0.0,0.0,0.18421052631578955
2026-10-03T09:47:42.914 0.0,0.0,0.0,0.0,0.0,0.18421052631578955
2026-10-03T09:47:42.964 0.0,0.0,0.0,0.0,0.0,0.18421052631578955
2026-10-03T09:47:43.014 0.0,0.0,0.0,0.0,0.0,0.18421052631578955
2026-10-03T09:47:43.064 0.0,0.0,0.0,0.0,0.0,0.18421052631578955
2026-10-03T09:47:43.115 0.0,0.0,0.0,0.0,0.0,0.18421052631578955
2026-10-03T09:47:43.164 0.0,0.0,0.0,0.0,0.0,0.18421052631578955
2026-10-03T09:47:43.214 0.0,0.0,0.0,0.0,0.0,0.18421052631578955
2026-10-03T09:47:43.264 0.0,0.0,0.0,0.0,0.0,0.18421052631578955
2026-10-03T09:47:43.314 0.0,0.0,0.0,0.0,0.0,0.18421052631578955
2026-10-03T09:47:43.364 0.0,0.0,0.0,0.0,0.0,0.18421052631578955
2026-10-03T09:47:43.414 0.0,0.0,0.0,0.0,0.0,0.18421052631578955
2026-10-03T09:47:43.464 0.0,0.0,0.0,0.0,0.0,0.18421052631578955
2026-10-03T09:47:43.515 0.0,0.0,0.0,0.0,0.0,0.18421052631578955
2026-10-03T09:47:43.564 0.0,0.0,0.0,0.0,0.0,0.024210526315789543
2026-10-03T09:47:43.614 0.0,0.0,0.0,0.0,0.0,-0.13578947368421046
2026-10-03T09:47:43.664 0.0,0.0,0.0,0.0,0.0,-0.2578947368421052
2026-10-03T09:47:43.714 0.0,0.0,0.0,0.0,0.0,-0.2578947368421052
2026-10-03T09:47:43.764 0.0,0.0,0.0,0.0,0.0,-0.2578947368421052
2026-10-03T09:47:43.814 0.0,0.0,0.0,0.0,0.0,-0.2578947368421052
2026-10-03T09:47:43.864 0.0,0.0,0.0,0.0,0.0,-0.2578947368421052
2026-10-03T09:47:43.913 0.0,0.0,0.0,0.0,0.0,-0.2578947368421052
2026-10-03T09:47:43.966 0.0,0.0,0.0,0.0,0.0,-0.2578947368421052
2026-10-03T09:47:44.014 0.0,0.0,0.0,0.0,0.0,-0.2578947368421052
2026-10-03T09:47:44.064 0.0,0.0,0.0,0.0,0.0,-0.2578947368421052
2026-10-03T09:47:44.114 0.0,0.0,0.0,0.0,0.0,-0.2578947368421052
2026-10-03T09:47:44.164 0.0,0.0,0.0,0.0,0.0,-0.2578947368421052
2026-10-03T09:47:44.213 0.0,0.0,0.0,0.0,0.0,-0.2578947368421052
2026-10-03T09:47:44.264 0.0,0.0,0.0,0.0,0.0,-0.2578947368421052
2026-10-03T09:47:44.314 0.0,0.0,0.0,0.0,0.0,-0.2578947368421052
2026-10-03T09:47:44.374 0.0,0.0,0.0,0.0,0.0,-0.2578947368421052
2026-10-03T09:47:44.424 0.0,0.0,0.0,0.0,0.0,-0.2578947368421052
2026-10-03T09:47:44.464 0.0,0.0,0.0,0.0,0.0,-0.2578947368421052
2026-10-03T09:47:44.514 0.0,0.0,0.0,0.0,0.0,-0.2578947368421052
2026-10-03T09:47:44.564 0.0,0.0,0.0,0.0,0.0,-0.2578947368421052
2026-10-03T09:47:44.614 0.0,0.0,0.0,0.0,0.0,-0.2578947368421052
2026-10-03T09:47:44.665 0.0,0.0,0.0,0.0,0.0,-0.2578947368421052
2026-10-03T09:47:44.714 0.0,0.0,0.0,0.0,0.0,-0.2578947368421052
2026-10-03T09:47:44.766 0.0,0.0,0.0,0.0,0.0,-0.2578947368421052
2026-10-03T09:47:44.814 0.0,0.0,0.0,0.0,0.0,-0.2578947368421052
2026-10-03T09:47:44.864 0.0,0.0,0.0,0.0,0.0,-0.2578947368421052
2026-10-03T09:47:44.914 0.0,0.0,0.0,0.0,0.0,-0.2578947368421052
2026-10-03T09:47:44.964 0.0,0.0,0.0,0.0,0.0,-0.2578947368421052
2026-10-03T09:47:45.014 0.0,0.0,0.0,0.0,0.0,-0.2578947368421052
2026-10-03T09:47:45.064 0.0,0.0,0.0,0.0,0.0,-0.2578947368421052
2026-10-03T09:47:45.114 0.0,0.0,0.0,0.0,0.0,-0.2578947368421052
2026-10-03T09:47:45.164 0.0,0.0,0.0,0.0,0.0,-0.2578947368421052
2026-10-03T09:47:45.214 0.0,0.0,0.0,0.0,0.0,-0.2578947368421052
2026-10-03T09:47:45.264 0.0,0.0,0.0,0.0,0.0,-0.2578947368421052
2026-10-03T09:47:45.314 0.0,0.0,0.0,0.0,0.0,-0.2578947368421052
2026-10-03T09:47:45.364 0.0,0.0,0.0,0.0,0.0,-0.2578947368421052
2026-10-03T09:47:45.414 0.0,0.0,0.0,0.0,0.0,-0.2578947368421052
2026-10-03T09:47:45.464 0.0,0.0,0.0,0.0,0.0,-0.09789473684210517
2026-10-03T09:47:45.514 0.0,0.0,0.0,0.0,0.0,0.06210526315789483
2026-10-03T09:47:45.564 0.0,0.0,0.0,0.0,0.0,0.18421052631578955
2026-10-03T09:47:45.614 0.0,0.0,0.0,0.0,0.0,0.18421052631578955
2026-10-03T09:47:45.664 0.0,0.0,0.0,0.0,0.0,0.18421052631578955
2026-10-03T09:47:45.714 0.0,0.0,0.0,0.0,0.0,0.18421052631578955
2026-10-03T09:47:45.764 0.0,0.0,0.0,0.0,0.0,0.18421052631578955
2026-10-03T09:47:45.824 0.0,0.0,0.0,0.0,0.0,0.18421052631578955
2026-10-03T09:47:45.864 0.0,0.0,0.0,0.0,0.0,0.18421052631578955
2026-10-03T09:47:45.914 0.0,0.0,0.0,0.0,0.0,0.18421052631578955
2026-10-03T09:47:45.964 0.0,0.0,0.0,0.0,0.0,0.18421052631578955
2026-10-03T09:47:46.014 0.0,0.0,0.0,0.0,0.0,0.18421052631578955
2026-10-03T09:47:46.064 0.0,0.0,0.0,0.0,0.0,0.18421052631578955
2026-10-03T09:47:46.124 0.0,0.0,0.0,0.0,0.0,0.18421052631578955
2026-10-03T09:47:46.164 0.0,0.0,0.0,0.0,0.0,0.18421052631578955
2026-10-03T09:47:46.214 0.0,0.0,0.0,0.0,0.0,0.18421052631578955
2026-10-03T09:47:46.264 0.0,0.0,0.0,0.0,0.0,0.18421052631578955
2026-10-03T09:47:46.324 0.0,0.0,0.0,0.0,0.0,0.18421052631578955
2026-10-03T09:47:46.365 0.0,0.0,0.0,0.0,0.0,0.18421052631578955
2026-10-03T09:47:46.414 0.0,0.0,0.0,0.0,0.0,0.18421052631578955
2026-10-03T09:47:46.465 0.0,0.0,0.0,0.0,0.0,0.18421052631578955
2026-10-03T09:47:46.514 0.0,0.0,0.0,0.0,0.0,0.18421052631578955
2026-10-03T09:47:46.564 0.0,0.0,0.0,0.0,0.0,0.18421052631578955
2026-10-03T09:47:46.624 0.0,0.0,0.0,0.0,0.0,0.18421052631578955
2026-10-03T09:47:46.664 0.0,0.0,0.0,0.0,0.0,0.18421052631578955
2026-10-03T09:47:46.714 0.0,0.0,0.0,0.0,0.0,0.18421052631578955
2026-10-03T09:47:46.764 0.0,0.0,0.0,0.0,0.0,0.18421052631578955
2026-10-03T09:47:46.814 0.0,0.0,0.0,0.0,0.0,0.18421052631578955
2026-10-03T09:47:46.864 0.0,0.0,0.0,0.0,0.0,0.18421052631578955
2026-10-03T09:47:46.914 0.0,0.0,0.0,0.0,0.0,0.18421052631578955
2026-10-03T09:47:46.964 0.0,0.0,0.0,0.0,0.0,0.18421052631578955
2026-10-03T09:47:47.014 0.0,0.0,0.0,0.0,0.0,0.18421052631578955
2026-10-03T09:47:47.064 0.0,0.0,0.0,0.0,0.0,0.18421052631578955
2026-10-03T09:47:47.114 0.0,0.0,0.0,0.0,0.0,0.18421052631578955
2026-10-03T09:47:47.164 0.0,0.0,0.0,0.0,0.0,0.18421052631578955
2026-10-03T09:47:47.214 0.0,0.0,0.0,0.0,0.0,0.18421052631578955
2026-10-03T09:47:47.264 0.0,0.0,0.0,0.0,0.0,0.18421052631578955
2026-10-03T09:47:47.314 0.0,0.0,0.0,0.0,0.0,0.18421052631578955
2026-10-03T09:47:47.364 0.0,0.0,0.0,0.0,0.0,0.18421052631578955
2026-10-03T09:47:47.414 0.0,0.0,0.0,0.0,0.0,0.18421052631578955
2026-10-03T09:47:47.464 0.0,0.0,0.0,0.0,0.0,0.18421052631578955
2026-10-03T09:47:47.514 0.0,0.0,0.0,0.0,0.0,0.18421052631578955
2026-10-03T09:47:47.564 0.0,0.0,0.0,0.0,0.0,0.18421052631578955
2026-10-03T09:47:47.614 0.0,0.0,0.0,0.0,0.0,0.18421052631578955
2026-10-03T09:47:47.664 0.0,0.0,0.0,0.0,0.0,0.18421052631578955
2026-10-03T09:47:47.714 0.0,0.0,0.0,0.0,0.0,0.18421052631578955
2026-10-03T09:47:47.764 0.0,0.0,0.0,0.0,0.0,0.18421052631578955
2026-10-03T09:47:47.814 0.0,0.0,0.0,0.0,0.0,0.18421052631578955
2026-10-03T09:47:47.864 0.0,0.0,0.0,0.0,0.0,0.18421052631578955
2026-10-03T09:47:47.914 0.0,0.0,0.0,0.0,0.0,0.18421052631578955
2026-10-03T09:47:47.964 0.0,0.0,0.0,0.0,0.0,0.18421052631578955
2026-10-03T09:47:48.014 0.0,0.0,0.0,0.0,0.0,0.18421052631578955
2026-10-03T09:47:48.064 0.0,0.0,0.0,0.0,0.0,0.18421052631578955
2026-10-03T09:47:48.114 0.0,0.0,0.0,0.0,0.0,0.024210526315789543
2026-10-03T09:47:48.164 0.0,0.0,0.0,0.0,0.0,-0.13578947368421046
2026-10-03T09:47:48.214 0.0,0.0,0.0,0.0,0.0,-0.2578947368421052
2026-10-03T09:47:48.264 0.0,0.0,0.0,0.0,0.0,-0.2578947368421052
2026-10-03T09:47:48.314 0.0,0.0,0.0,0.0,0.0,-0.2578947368421052
2026-10-03T09:47:48.364 0.0,0.0,0.0,0.0,0.0,-0.2578947368421052
2026-10-03T09:47:48.415 0.0,0.0,0.0,0.0,0.0,-0.2578947368421052
2026-10-03T09:47:48.464 0.0,0.0,0.0,0.0,0.0,-0.2578947368421052
2026-10-03T09:47:48.524 0.0,0.0,0.0,0.0,0.0,-0.2578947368421052
2026-10-03T09:47:48.564 0.0,0.0,0.0,0.0,0.0,-0.2578947368421052
2026-10-03T09:47:48.614 0.0,0.0,0.0,0.0,0.0,-0.2578947368421052
2026-10-03T09:47:48.664 0.0,0.0,0.0,0.0,0.0,-0.2578947368421052
2026-10-03T09:47:48.714 0.0,0.0,0.0,0.0,0.0,-0.2578947368421052
2026-10-03T09:47:48.764 0.0,0.0,0.0,0.0,0.0,-0.2578947368421052
2026-10-03T09:47:48.814 0.0,0.0,0.0,0.0,0.0,-0.2578947368421052
2026-10-03T09:47:48.864 0.0,0.0,0.0,0.0,0.0,-0.2578947368421052
2026-10-03T09:47:48.914 0.0,0.0,0.0,0.0,0.0,-0.2578947368421052
2026-10-03T09:47:48.964 0.0,0.0,0.0,0.0,0.0,-0.2578947368421052
2026-10-03T09:47:49.014 0.0,0.0,0.0,0.0,0.0,-0.2578947368421052
2026-10-03T09:47:49.064 0.0,0.0,0.0,0.0,0.0,-0.2578947368421052
2026-10-03T09:47:49.114 0.0,0.0,0.0,0.0,0.0,-0.2578947368421052
2026-10-03T09:47:49.164 0.0,0.0,0.0,0.0,0.0,-0.2578947368421052
2026-10-03T09:47:49.214 0.0,0.0,0.0,0.0,0.0,-0.2578947368421052
2026-10-03T09:47:49.264 0.0,0.0,0.0,0.0,0.0,-0.2578947368421052
2026-10-03T09:47:49.313 0.0,0.0,0.0,0.0,0.0,-0.2578947368421052
2026-10-03T09:47:49.364 0.0,0.0,0.0,0.0,0.0,-0.2578947368421052
2026-10-03T09:47:49.414 0.0,0.0,0.0,0.0,0.0,-0.2578947368421052
2026-10-03T09:47:49.464 0.0,0.0,0.0,0.0,0.0,-0.2578947368421052
2026-10-03T09:47:49.514 0.0,0.0,0.0,0.0,0.0,-0.2578947368421052
2026-10-03T09:47:49.564 0.0,0.0,0.0,0.0,0.0,-0.2578947368421052
2026-10-03T09:47:49.614 0.0,0.0,0.0,0.0,0.0,-0.2578947368421052
2026-10-03T09:47:49.664 0.0,0.0,0.0,0.0,0.0,-0.2578947368421052
2026-10-03T09:47:49.714 0.0,0.0,0.0,0.0,0.0,-0.2578947368421052
2026-10-03T09:47:49.764 0.0,0.0,0.0,0.0,0.0,-0.2578947368421052
2026-10-03T09:47:49.814 0.0,0.0,0.0,0.0,0.0,-0.2578947368421052
2026-10-03T09:47:49.864 0.0,0.0,0.0,0.0,0.0,-0.2578947368421052
2026-10-03T09:47:49.914 0.0,0.0,0.0,0.0,0.0,-0.09789473684210517
2026-10-03T09:47:49.964 0.0,0.0,0.0,0.0,0.0,0.06210526315789483
2026-10-03T09:47:50.014 0.0,0.0,0.0,0.0,0.0,0.18421052631578955
2026-10-03T09:47:50.064 0.0,0.0,0.0,0.0,0.0,0.18421052631578955
2026-10-03T09:47:50.114 0.0,0.0,0.0,0.0,0.0,0.18421052631578955
2026-10-03T09:47:50.164 0.0,0.0,0.0,0.0,0.0,0.18421052631578955
2026-10-03T09:47:50.214 0.0,0.0,0.0,0.0,0.0,0.18421052631578955
2026-10-03T09:47:50.264 0.0,0.0,0.0,0.0,0.0,0.18421052631578955
2026-10-03T09:47:50.314 0.0,0.0,0.0,0.0,0.0,0.18421052631578955
2026-10-03T09:47:50.364 0.0,0.0,0.0,0.0,0.0,0.18421052631578955
2026-10-03T09:47:50.414 0.0,0.0,0.0,0.0,0.0,0.18421052631578955
2026-10-03T09:47:50.464 0.0,0.0,0.0,0.0,0.0,0.18421052631578955
2026-10-03T09:47:50.514 0.0,0.0,0.0,0.0,0.0,0.18421052631578955
2026-10-03T09:47:50.564 0.0,0.0,0.0,0.0,0.0,0.18421052631578955
2026-10-03T09:47:50.614 0.0,0.0,0.0,0.0,0.0,0.18421052631578955
2026-10-03T09:47:50.664 0.0,0.0,0.0,0.0,0.0,0.18421052631578955
2026-10-03T09:47:50.714 0.0,0.0,0.0,0.0,0.0,0.18421052631578955
2026-10-03T09:47:50.765 0.0,0.0,0.0,0.0,0.0,0.18421052631578955
2026-10-03T09:47:50.814 0.0,0.0,0.0,0.0,0.0,0.18421052631578955
2026-10-03T09:47:50.864 0.0,0.0,0.0,0.0,0.0,0.18421052631578955
2026-10-03T09:47:50.914 0.0,0.0,0.0,0.0,0.0,0.18421052631578955
2026-10-03T09:47:50.964 0.0,0.0,0.0,0.0,0.0,0.18421052631578955
2026-10-03T09:47:51.014 0.0,0.0,0.0,0.0,0.0,0.18421052631578955
2026-10-03T09:47:51.064 0.0,0.0,0.0,0.0,0.0,0.18421052631578955
2026-10-03T09:47:51.114 0.0,0.0,0.0,0.0,0.0,0.18421052631578955
2026-10-03T09:47:51.164 0.0,0.0,0.0,0.0,0.0,0.18421052631578955
2026-10-03T09:47:51.214 0.0,0.0,0.0,0.0,0.0,0.18421052631578955
2026-10-03T09:47:51.264 0.0,0.0,0.0,0.0,0.0,0.18421052631578955
2026-10-03T09:47:51.314 0.0,0.0,0.0,0.0,0.0,0.18421052631578955
2026-10-03T09:47:51.364 0.0,0.0,0.0,0.0,0.0,0.18421052631578955
2026-10-03T09:47:51.414 0.0,0.0,0.0,0.0,0.0,0.18421052631578955
2026-10-03T09:47:51.464 0.0,0.0,0.0,0.0,0.0,0.18421052631578955
2026-10-03T09:47:51.514 0.0,0.0,0.0,0.0,0.0,0.18421052631578955
2026-10-03T09:47:51.564 0.0,0.0,0.0,0.0,0.0,0.18421052631578955
2026-10-03T09:47:51.614 0.0,0.0,0.0,0.0,0.0,0.18421052631578955
2026-10-03T09:47:51.664 0.0,0.0,0.0,0.0,0.0,0.18421052631578955
2026-10-03T09:47:51.714 0.0,0.0,0.0,0.0,0.0,0.18421052631578955
2026-10-03T09:47:51.764 0.0,0.0,0.0,0.0,0.0,0.18421052631578955
2026-10-03T09:47:51.814 0.0,0.0,0.0,0.0,0.0,0.18421052631578955
2026-10-03T09:47:51.874 0.0,0.0,0.0,0.0,0.0,0.18421052631578955
2026-10-03T09:47:51.914 0.0,0.0,0.0,0.0,0.0,0.18421052631578955
2026-10-03T09:47:51.964 0.0,0.0,0.0,0.0,0.0,0.18421052631578955
2026-10-03T09:47:52.014 0.0,0.0,0.0,0.0,0.0,0.18421052631578955
2026-10-03T09:47:52.064 0.0,0.0,0.0,0.0,0.0,0.18421052631578955
2026-10-03T09:47:52.114 0.0,0.0,0.0,0.0,0.0,0.18421052631578955
2026-10-03T09:47:52.164 0.0,0.0,0.0,0.0,0.0,0.18421052631578955
2026-10-03T09:47:52.214 0.0,0.0,0.0,0.0,0.0,0.18421052631578955
2026-10-03T09:47:52.264 0.0,0.0,0.0,0.0,0.0,0.18421052631578955
2026-10-03T09:47:52.314 0.0,0.0,0.0,0.0,0.0,0.18421052631578955
2026-10-03T09:47:52.364 0.0,0.0,0.0,0.0,0.0,0.18421052631578955
2026-10-03T09:47:52.414 0.0,0.0,0.0,0.0,0.0,0.18421052631578955
2026-10-03T09:47:52.464 0.0,0.0,0.0,0.0,0.0,0.18421052631578955
2026-10-03T09:47:52.514 0.0,0.0,0.0,0.0,0.0,0.18421052631578955
2026-10-03T09:47:52.564 0.0,0.0,0.0,0.0,0.0,0.18421052631578955
2026-10-03T09:47:52.614 0.0,0.0,0.0,0.0,0.0,0.18421052631578955
2026-10-03T09:47:52.664 0.0,0.0,0.0,0.0,0.0,0.024210526315789543
2026-10-03T09:47:52.714 0.0,0.0,0.0,0.0,0.0,-0.13578947368421046
2026-10-03T09:47:52.764 0.0,0.0,0.0,0.0,0.0,-0.2578947368421052
2026-10-03T09:47:52.814 0.0,0.0,0.0,0.0,0.0,-0.2578947368421052
2026-10-03T09:47:52.864 0.0,0.0,0.0,0.0,0.0,-0.2578947368421052
2026-10-03T09:47:52.914 0.0,0.0,0.0,0.0,0.0,-0.2578947368421052
2026-10-03T09:47:52.964 0.0,0.0,0.0,0.0,0.0,-0.2578947368421052
2026-10-03T09:47:53.014 0.0,0.0,0.0,0.0,0.0,-0.2578947368421052
2026-10-03T09:47:53.064 0.0,0.0,0.0,0.0,0.0,-0.2578947368421052
2026-10-03T09:47:53.114 0.0,0.0,0.0,0.0,0.0,-0.2578947368421052
2026-10-03T09:47:53.164 0.0,0.0,0.0,0.0,0.0,-0.2578947368421052
2026-10-03T09:47:53.214 0.0,0.0,0.0,0.0,0.0,-0.2578947368421052
2026-10-03T09:47:53.264 0.0,0.0,0.0,0.0,0.0,-0.2578947368421052
2026-10-03T09:47:53.314 0.0,0.0,0.0,0.0,0.0,-0.2578947368421052
2026-10-03T09:47:53.364 0.0,0.0,0.0,0.0,0.0,-0.2578947368421052
2026-10-03T09:47:53.413 0.0,0.0,0.0,0.0,0.0,-0.2578947368421052
2026-10-03T09:47:53.466 0.0,0.0,0.0,0.0,0.0,-0.2578947368421052
2026-10-03T09:47:53.516 0.0,0.0,0.0,0.0,0.0,-0.2578947368421052
2026-10-03T09:47:53.564 0.0,0.0,0.0,0.0,0.0,-0.2578947368421052
2026-10-03T09:47:53.614 0.0,0.0,0.0,0.0,0.0,-0.2578947368421052
2026-10-03T09:47:53.664 0.0,0.0,0.0,0.0,0.0,-0.2578947368421052
2026-10-03T09:47:53.714 0.0,0.0,0.0,0.0,0.0,-0.2578947368421052
2026-10-03T09:47:53.764 0.0,0.0,0.0,0.0,0.0,-0.2578947368421052
2026-10-03T09:47:53.814 0.0,0.0,0.0,0.0,0.0,-0.2578947368421052
2026-10-03T09:47:53.864 0.0,0.0,0.0,0.0,0.0,-0.2578947368421052
2026-10-03T09:47:53.914 0.0,0.0,0.0,0.0,0.0,-0.2578947368421052
2026-10-03T09:47:53.975 0.0,0.0,0.0,0.0,0.0,-0.2578947368421052
2026-10-03T09:47:54.014 0.0,0.0,0.0,0.0,0.0,-0.2578947368421052
2026-10-03T09:47:54.064 0.0,0.0,0.0,0.0,0.0,-0.2578947368421052
2026-10-03T09:47:54.114 0.0,0.0,0.0,0.0,0.0,-0.2578947368421052
2026-10-03T09:47:54.164 0.0,0.0,0.0,0.0,0.0,-0.2578947368421052
2026-10-03T09:47:54.214 0.0,0.0,0.0,0.0,0.0,-0.2578947368421052
2026-10-03T09:47:54.264 0.0,0.0,0.0,0.0,0.0,-0.2578947368421052
2026-10-03T09:47:54.314 0.0,0.0,0.0,0.0,0.0,-0.2578947368421052
2026-10-03T09:47:54.364 0.0,0.0,0.0,0.0,0.0,-0.2578947368421052
2026-10-03T09:47:54.414 0.0,0.0,0.0,0.0,0.0,-0.2578947368421052
2026-10-03T09:47:54.464 0.0,0.0,0.0,0.0,0.0,-0.09789473684210517
2026-10-03T09:47:54.514 0.0,0.0,0.0,0.0,0.0,0.06210526315789483
2026-10-03T09:47:54.564 0.0,0.0,0.0,0.0,0.0,0.18421052631578955
2026-10-03T09:47:54.614 0.0,0.0,0.0,0.0,0.0,0.18421052631578955
2026-10-03T09:47:54.663 0.0,0.0,0.0,0.0,0.0,0.18421052631578955
2026-10-03T09:47:54.714 0.0,0.0,0.0,0.0,0.0,0.18421052631578955
2026-10-03T09:47:54.764 0.0,0.0,0.0,0.0,0.0,0.18421052631578955
2026-10-03T09:47:54.814 0.0,0.0,0.0,0.0,0.0,0.18421052631578955
2026-10-03T09:47:54.864 0.0,0.0,0.0,0.0,0.0,0.18421052631578955
2026-10-03T09:47:54.914 0.0,0.0,0.0,0.0,0.0,0.18421052631578955
2026-10-03T09:47:54.964 0.0,0.0,0.0,0.0,0.0,0.18421052631578955
2026-10-03T09:47:55.014 0.0,0.0,0.0,0.0,0.0,0.18421052631578955
2026-10-03T09:47:55.065 0.0,0.0,0.0,0.0,0.0,0.18421052631578955
2026-10-03T09:47:55.115 0.0,0.0,0.0,0.0,0.0,0.18421052631578955
2026-10-03T09:47:55.164 0.0,0.0,0.0,0.0,0.0,0.18421052631578955
2026-10-03T09:47:55.214 0.0,0.0,0.0,0.0,0.0,0.18421052631578955
2026-10-03T09:47:55.264 0.0,0.0,0.0,0.0,0.0,0.18421052631578955
2026-10-03T09:47:55.314 0.0,0.0,0.0,0.0,0.0,0.18421052631578955
2026-10-03T09:47:55.364 0.0,0.0,0.0,0.0,0.0,0.18421052631578955
2026-10-03T09:47:55.414 0.0,0.0,0.0,0.0,0.0,0.18421052631578955
2026-10-03T09:47:55.464 0.0,0.0,0.0,0.0,0.0,0.18421052631578955
2026-10-03T09:47:55.514 0.0,0.0,0.0,0.0,0.0,0.18421052631578955
2026-10-03T09:47:55.564 0.0,0.0,0.0,0.0,0.0,0.18421052631578955
2026-10-03T09:47:55.614 0.0,0.0,0.0,0.0,0.0,0.18421052631578955
2026-10-03T09:47:55.664 0.0,0.0,0.0,0.0,0.0,0.18421052631578955
2026-10-03T09:47:55.724 0.0,0.0,0.0,0.0,0.0,0.18421052631578955
2026-10-03T09:47:55.764 0.0,0.0,0.0,0.0,0.0,0.18421052631578955
2026-10-03T09:47:55.814 0.0,0.0,0.0,0.0,0.0,0.18421052631578955
2026-10-03T09:47:55.864 0.0,0.0,0.0,0.0,0.0,0.18421052631578955
2026-10-03T09:47:55.914 0.0,0.0,0.0,0.0,0.0,0.18421052631578955
2026-10-03T09:47:55.965 0.0,0.0,0.0,0.0,0.0,0.18421052631578955
2026-10-03T09:47:56.016 0.0,0.0,0.0,0.0,0.0,0.18421052631578955
2026-10-03T09:47:56.064 0.0,0.0,0.0,0.0,0.0,0.18421052631578955
2026-10-03T09:47:56.114 0.0,0.0,0.0,0.0,0.0,0.18421052631578955
2026-10-03T09:47:56.164 0.0,0.0,0.0,0.0,0.0,0.18421052631578955
2026-10-03T09:47:56.214 0.0,0.0,0.0,0.0,0.0,0.18421052631578955
2026-10-03T09:47:56.264 0.0,0.0,0.0,0.0,0.0,0.18421052631578955
2026-10-03T09:47:56.314 0.0,0.0,0.0,0.0,0.0,0.18421052631578955
2026-10-03T09:47:56.364 0.0,0.0,0.0,0.0,0.0,0.18421052631578955
2026-10-03T09:47:56.414 0.0,0.0,0.0,0.0,0.0,0.18421052631578955
2026-10-03T09:47:56.464 0.0,0.0,0.0,0.0,0.0,0.18421052631578955
2026-10-03T09:47:56.514 0.0,0.0,0.0,0.0,0.0,0.18421052631578955
2026-10-03T09:47:56.564 0.0,0.0,0.0,0.0,0.0,0.18421052631578955
2026-10-03T09:47:56.614 0.0,0.0,0.0,0.0,0.0,0.18421052631578955
2026-10-03T09:47:56.664 0.0,0.0,0.0,0.0,0.0,0.18421052631578955
2026-10-03T09:47:56.714 0.0,0.0,0.0,0.0,0.0,0.18421052631578955
2026-10-03T09:47:56.764 0.0,0.0,0.0,0.0,0.0,0.18421052631578955
2026-10-03T09:47:56.814 0.0,0.0,0.0,0.0,0.0,0.18421052631578955
2026-10-03T09:47:56.864 0.0,0.0,0.0,0.0,0.0,0.18421052631578955
2026-10-03T09:47:56.914 0.0,0.0,0.0,0.0,0.0,0.18421052631578955
2026-10-03T09:47:56.964 0.0,0.0,0.0,0.0,0.0,0.18421052631578955
2026-10-03T09:47:57.014 0.0,0.0,0.0,0.0,0.0,0.18421052631578955
2026-10-03T09:47:57.064 0.0,0.0,0.0,0.0,0.0,0.18421052631578955
2026-10-03T09:47:57.114 0.0,0.0,0.0,0.0,0.0,0.18421052631578955
2026-10-03T09:47:57.164 0.0,0.0,0.0,0.0,0.0,0.18421052631578955
2026-10-03T09:47:57.224 0.0,0.0,0.0,0.0,0.0,0.18421052631578955
2026-10-03T09:47:57.264 0.0,0.0,0.0,0.0,0.0,0.024210526315789543
2026-10-03T09:47:57.314 0.0,0.0,0.0,0.0,0.0,-0.13578947368421046
2026-10-03T09:47:57.364 0.0,0.0,0.0,0.0,0.0,-0.2578947368421052
2026-10-03T09:47:57.414 0.0,0.0,0.0,0.0,0.0,-0.2578947368421052
2026-10-03T09:47:57.464 0.0,0.0,0.0,0.0,0.0,-0.2578947368421052
2026-10-03T09:47:57.514 0.0,0.0,0.0,0.0,0.0,-0.2578947368421052
2026-10-03T09:47:57.564 0.0,0.0,0.0,0.0,0.0,-0.2578947368421052
2026-10-03T09:47:57.614 0.0,0.0,0.0,0.0,0.0,-0.2578947368421052
2026-10-03T09:47:57.664 0.0,0.0,0.0,0.0,0.0,-0.2578947368421052
2026-10-03T09:47:57.714 0.0,0.0,0.0,0.0,0.0,-0.2578947368421052
2026-10-03T09:47:57.764 0.0,0.0,0.0,0.0,0.0,-0.2578947368421052
2026-10-03T09:47:57.814 0.0,0.0,0.0,0.0,0.0,-0.2578947368421052
2026-10-03T09:47:57.864 0.0,0.0,0.0,0.0,0.0,-0.2578947368421052
2026-10-03T09:47:57.914 0.0,0.0,0.0,0.0,0.0,-0.2578947368421052
2026-10-03T09:47:57.964 0.0,0.0,0.0,0.0,0.0,-0.2578947368421052
2026-10-03T09:47:58.014 0.0,0.0,0.0,0.0,0.0,-0.2578947368421052
2026-10-03T09:47:58.064 0.0,0.0,0.0,0.0,0.0,-0.2578947368421052
2026-10-03T09:47:58.114 0.0,0.0,0.0,0.0,0.0,-0.2578947368421052
2026-10-03T09:47:58.164 0.0,0.0,0.0,0.0,0.0,-0.2578947368421052
2026-10-03T09:47:58.214 0.0,0.0,0.0,0.0,0.0,-0.2578947368421052
2026-10-03T09:47:58.264 0.0,0.0,0.0,0.0,0.0,-0.2578947368421052
2026-10-03T09:47:58.314 0.0,0.0,0.0,0.0,0.0,-0.2578947368421052
2026-10-03T09:47:58.364 0.0,0.0,0.0,0.0,0.0,-0.2578947368421052
2026-10-03T09:47:58.414 0.0,0.0,0.0,0.0,0.0,-0.2578947368421052
2026-10-03T09:47:58.464 0.0,0.0,0.0,0.0,0.0,-0.2578947368421052
2026-10-03T09:47:58.514 0.0,0.0,0.0,0.0,0.0,-0.2578947368421052
2026-10-03T09:47:58.564 0.0,0.0,0.0,0.0,0.0,-0.2578947368421052
2026-10-03T09:47:58.614 0.0,0.0,0.0,0.0,0.0,-0.2578947368421052
2026-10-03T09:47:58.664 0.0,0.0,0.0,0.0,0.0,-0.2578947368421052
2026-10-03T09:47:58.714 0.0,0.0,0.0,0.0,0.0,-0.2578947368421052
2026-10-03T09:47:58.764 0.0,0.0,0.0,0.0,0.0,-0.2578947368421052
2026-10-03T09:47:58.824 0.0,0.0,0.0,0.0,0.0,-0.2578947368421052
2026-10-03T09:47:58.864 0.0,0.0,0.0,0.0,0.0,-0.2578947368421052
2026-10-03T09:47:58.914 0.0,0.0,0.0,0.0,0.0,-0.2578947368421052
2026-10-03T09:47:58.964 0.0,0.0,0.0,0.0,0.0,-0.2578947368421052
2026-10-03T09:47:59.014 0.0,0.0,0.0,0.0,0.0,-0.2578947368421052
2026-10-03T09:47:59.064 0.0,0.0,0.0,0.0,0.0,-0.09789473684210517
2026-10-03T09:47:59.114 0.0,0.0,0.0,0.0,0.0,0.06210526315789483
2026-10-03T09:47:59.164 0.0,0.0,0.0,0.0,0.0,0.18421052631578955
2026-10-03T09:47:59.214 0.0,0.0,0.0,0.0,0.0,0.18421052631578955
2026-10-03T09:47:59.264 0.0,0.0,0.0,0.0,0.0,0.18421052631578955
2026-10-03T09:47:59.314 0.0,0.0,0.0,0.0,0.0,0.18421052631578955
2026-10-03T09:47:59.364 0.0,0.0,0.0,0.0,0.0,0.18421052631578955
2026-10-03T09:47:59.414 0.0,0.0,0.0,0.0,0.0,0.18421052631578955
2026-10-03T09:47:59.464 0.0,0.0,0.0,0.0,0.0,0.18421052631578955
2026-10-03T09:47:59.514 0.0,0.0,0.0,0.0,0.0,0.18421052631578955
2026-10-03T09:47:59.564 0.0,0.0,0.0,0.0,0.0,0.18421052631578955
2026-10-03T09:47:59.614 0.0,0.0,0.0,0.0,0.0,0.18421052631578955
2026-10-03T09:47:59.664 0.0,0.0,0.0,0.0,0.0,0.18421052631578955
2026-10-03T09:47:59.714 0.0,0.0,0.0,0.0,0.0,0.18421052631578955
2026-10-03T09:47:59.764 0.0,0.0,0.0,0.0,0.0,0.18421052631578955
2026-10-03T09:47:59.814 0.0,0.0,0.0,0.0,0.0,0.18421052631578955
2026-10-03T09:47:59.864 0.0,0.0,0.0,0.0,0.0,0.18421052631578955
2026-10-03T09:47:59.914 0.0,0.0,0.0,0.0,0.0,0.18421052631578955
2026-10-03T09:47:59.964 0.0,0.0,0.0,0.0,0.0,0.18421052631578955
2026-10-03T09:48:00.014 0.0,0.0,0.0,0.0,0.0,0.18421052631578955
2026-10-03T09:48:00.064 0.0,0.0,0.0,0.0,0.0,0.18421052631578955
2026-10-03T09:48:00.114 0.0,0.0,0.0,0.0,0.0,0.18421052631578955
2026-10-03T09:48:00.164 0.0,0.0,0.0,0.0,0.0,0.18421052631578955
2026-10-03T09:48:00.214 0.0,0.0,0.0,0.0,0.0,0.18421052631578955
2026-10-03T09:48:00.264 0.0,0.0,0.0,0.0,0.0,0.18421052631578955
2026-10-03T09:48:00.314 0.0,0.0,0.0,0.0,0.0,0.18421052631578955
2026-10-03T09:48:00.364 0.0,0.0,0.0,0.0,0.0,0.18421052631578955
2026-10-03T09:48:00.414 0.0,0.0,0.0,0.0,0.0,0.18421052631578955
2026-10-03T09:48:00.464 0.0,0.0,0.0,0.0,0.0,0.18421052631578955
2026-10-03T09:48:00.514 0.0,0.0,0.0,0.0,0.0,0.18421052631578955
2026-10-03T09:48:00.564 0.0,0.0,0.0,0.0,0.0,0.18421052631578955
2026-10-03T09:48:00.013 0.0,0.0,0.0,0.0,0.0,0.18421052631578955
2026-10-03T09:48:00.063 0.0,0.0,0.0,0.0,0.0,0.18421052631578955
2026-10-03T09:48:00.114 0.0,0.0,0.0,0.0,0.0,0.18421052631578955
2026-10-03T09:48:00.173 0.0,0.0,0.0,0.0,0.0,0.18421052631578955
2026-10-03T09:48:00.212 0.0,0.0,0.0,0.0,0.0,0.18421052631578955
2026-10-03T09:48:00.263 0.0,0.0,0.0,0.0,0.0,0.18421052631578955
2026-10-03T09:48:00.313 0.0,0.0,0.0,0.0,0.0,0.18421052631578955
2026-10-03T09:48:00.362 0.0,0.0,0.0,0.0,0.0,0.18421052631578955
2026-10-03T09:48:00.413 0.0,0.0,0.0,0.0,0.0,0.18421052631578955
2026-10-03T09:48:00.463 0.0,0.0,0.0,0.0,0.0,0.18421052631578955
2026-10-03T09:48:00.513 0.0,0.0,0.0,0.0,0.0,0.18421052631578955
2026-10-03T09:48:00.563 0.0,0.0,0.0,0.0,0.0,0.18421052631578955
2026-10-03T09:48:00.613 0.0,0.0,0.0,0.0,0.0,0.18421052631578955
2026-10-03T09:48:00.663 0.0,0.0,0.0,0.0,0.0,0.18421052631578955
2026-10-03T09:48:00.713 0.0,0.0,0.0,0.0,0.0,0.18421052631578955
2026-10-03T09:48:00.763 0.0,0.0,0.0,0.0,0.0,0.18421052631578955
2026-10-03T09:48:00.813 0.0,0.0,0.0,0.0,0.0,0.18421052631578955
2026-10-03T09:48:00.864 0.0,0.0,0.0,0.0,0.0,0.18421052631578955
2026-10-03T09:48:00.913 0.0,0.0,0.0,0.0,0.0,0.18421052631578955
2026-10-03T09:48:00.962 0.0,0.0,0.0,0.0,0.0,0.18421052631578955
2026-10-03T09:48:01.014 0.0,0.0,0.0,0.0,0.0,0.18421052631578955
2026-10-03T09:48:01.063 0.0,0.0,0.0,0.0,0.0,0.18421052631578955
2026-10-03T09:48:01.113 0.0,0.0,0.0,0.0,0.0,0.18421052631578955
2026-10-03T09:48:01.162 0.0,0.0,0.0,0.0,0.0,0.18421052631578955
2026-10-03T09:48:01.212 0.0,0.0,0.0,0.0,0.0,0.18421052631578955
2026-10-03T09:48:01.263 0.0,0.0,0.0,0.0,0.0,0.024210526315789543
2026-10-03T09:48:01.313 0.0,0.0,0.0,0.0,0.0,-0.13578947368421046
2026-10-03T09:48:01.363 0.0,0.0,0.0,0.0,0.0,-0.2578947368421052
2026-10-03T09:48:01.412 0.0,0.0,0.0,0.0,0.0,-0.2578947368421052
2026-10-03T09:48:01.462 0.0,0.0,0.0,0.0,0.0,-0.2578947368421052
2026-10-03T09:48:01.512 0.0,0.0,0.0,0.0,0.0,-0.2578947368421052
2026-10-03T09:48:01.563 0.0,0.0,0.0,0.0,0.0,-0.2578947368421052
2026-10-03T09:48:01.613 0.0,0.0,0.0,0.0,0.0,-0.2578947368421052
2026-10-03T09:48:01.662 0.0,0.0,0.0,0.0,0.0,-0.2578947368421052
2026-10-03T09:48:01.712 0.0,0.0,0.0,0.0,0.0,-0.2578947368421052
2026-10-03T09:48:01.763 0.0,0.0,0.0,0.0,0.0,-0.2578947368421052
2026-10-03T09:48:01.813 0.0,0.0,0.0,0.0,0.0,-0.2578947368421052
2026-10-03T09:48:01.862 0.0,0.0,0.0,0.0,0.0,-0.2578947368421052
2026-10-03T09:48:01.912 0.0,0.0,0.0,0.0,0.0,-0.2578947368421052
2026-10-03T09:48:01.962 0.0,0.0,0.0,0.0,0.0,-0.2578947368421052
2026-10-03T09:48:02.012 0.0,0.0,0.0,0.0,0.0,-0.2578947368421052
2026-10-03T09:48:02.062 0.0,0.0,0.0,0.0,0.0,-0.2578947368421052
2026-10-03T09:48:02.112 0.0,0.0,0.0,0.0,0.0,-0.2578947368421052
2026-10-03T09:48:02.163 0.0,0.0,0.0,0.0,0.0,-0.2578947368421052
2026-10-03T09:48:02.212 0.0,0.0,0.0,0.0,0.0,-0.2578947368421052
2026-10-03T09:48:02.263 0.0,0.0,0.0,0.0,0.0,-0.2578947368421052
2026-10-03T09:48:02.313 0.0,0.0,0.0,0.0,0.0,-0.2578947368421052
2026-10-03T09:48:02.364 0.0,0.0,0.0,0.0,0.0,-0.2578947368421052
2026-10-03T09:48:02.412 0.0,0.0,0.0,0.0,0.0,-0.2578947368421052
2026-10-03T09:48:02.463 0.0,0.0,0.0,0.0,0.0,-0.2578947368421052
2026-10-03T09:48:02.513 0.0,0.0,0.0,0.0,0.0,-0.2578947368421052
2026-10-03T09:48:02.563 0.0,0.0,0.0,0.0,0.0,-0.2578947368421052
2026-10-03T09:48:02.613 0.0,0.0,0.0,0.0,0.0,-0.2578947368421052
2026-10-03T09:48:02.662 0.0,0.0,0.0,0.0,0.0,-0.2578947368421052
2026-10-03T09:48:02.713 0.0,0.0,0.0,0.0,0.0,-0.2578947368421052
2026-10-03T09:48:02.763 0.0,0.0,0.0,0.0,0.0,-0.2578947368421052
2026-10-03T09:48:02.812 0.0,0.0,0.0,0.0,0.0,-0.2578947368421052
2026-10-03T09:48:02.863 0.0,0.0,0.0,0.0,0.0,-0.2578947368421052
2026-10-03T09:48:02.913 0.0,0.0,0.0,0.0,0.0,-0.2578947368421052
2026-10-03T09:48:02.963 0.0,0.0,0.0,0.0,0.0,-0.2578947368421052
2026-10-03T09:48:03.023 0.0,0.0,0.0,0.0,0.0,-0.09789473684210517
2026-10-03T09:48:03.063 0.0,0.0,0.0,0.0,0.0,0.06210526315789483
2026-10-03T09:48:03.112 0.0,0.0,0.0,0.0,0.0,0.18421052631578955
2026-10-03T09:48:03.163 0.0,0.0,0.0,0.0,0.0,0.18421052631578955
2026-10-03T09:48:03.213 0.0,0.0,0.0,0.0,0.0,0.18421052631578955
2026-10-03T09:48:03.263 0.0,0.0,0.0,0.0,0.0,0.18421052631578955
2026-10-03T09:48:03.313 0.0,0.0,0.0,0.0,0.0,0.18421052631578955
2026-10-03T09:48:03.363 0.0,0.0,0.0,0.0,0.0,0.18421052631578955
2026-10-03T09:48:03.413 0.0,0.0,0.0,0.0,0.0,0.18421052631578955
2026-10-03T09:48:03.463 0.0,0.0,0.0,0.0,0.0,0.18421052631578955
2026-10-03T09:48:03.513 0.0,0.0,0.0,0.0,0.0,0.18421052631578955
2026-10-03T09:48:03.573 0.0,0.0,0.0,0.0,0.0,0.18421052631578955
2026-10-03T09:48:03.613 0.0,0.0,0.0,0.0,0.0,0.18421052631578955
2026-10-03T09:48:03.663 0.0,0.0,0.0,0.0,0.0,0.18421052631578955
2026-10-03T09:48:03.713 0.0,0.0,0.0,0.0,0.0,0.18421052631578955
2026-10-03T09:48:03.763 0.0,0.0,0.0,0.0,0.0,0.18421052631578955
2026-10-03T09:48:03.813 0.0,0.0,0.0,0.0,0.0,0.18421052631578955
2026-10-03T09:48:03.864 0.0,0.0,0.0,0.0,0.0,0.18421052631578955
2026-10-03T09:48:03.912 0.0,0.0,0.0,0.0,0.0,0.18421052631578955
2026-10-03T09:48:03.963 0.0,0.0,0.0,0.0,0.0,0.18421052631578955
2026-10-03T09:48:04.012 0.0,0.0,0.0,0.0,0.0,0.18421052631578955
2026-10-03T09:48:04.063 0.0,0.0,0.0,0.0,0.0,0.18421052631578955
2026-10-03T09:48:04.113 0.0,0.0,0.0,0.0,0.0,0.18421052631578955
2026-10-03T09:48:04.163 0.0,0.0,0.0,0.0,0.0,0.18421052631578955
2026-10-03T09:48:04.213 0.0,0.0,0.0,0.0,0.0,0.18421052631578955
2026-10-03T09:48:04.263 0.0,0.0,0.0,0.0,0.0,0.18421052631578955
2026-10-03T09:48:04.313 0.0,0.0,0.0,0.0,0.0,0.18421052631578955
2026-10-03T09:48:04.363 0.0,0.0,0.0,0.0,0.0,0.18421052631578955
2026-10-03T09:48:04.413 0.0,0.0,0.0,0.0,0.0,0.18421052631578955
2026-10-03T09:48:04.463 0.0,0.0,0.0,0.0,0.0,0.18421052631578955
2026-10-03T09:48:04.513 0.0,0.0,0.0,0.0,0.0,0.18421052631578955
2026-10-03T09:48:04.563 0.0,0.0,0.0,0.0,0.0,0.18421052631578955
2026-10-03T09:48:04.613 0.0,0.0,0.0,0.0,0.0,0.18421052631578955
2026-10-03T09:48:04.665 0.0,0.0,0.0,0.0,0.0,0.18421052631578955
2026-10-03T09:48:04.713 0.0,0.0,0.0,0.0,0.0,0.18421052631578955
2026-10-03T09:48:04.763 0.0,0.0,0.0,0.0,0.0,0.18421052631578955
2026-10-03T09:48:04.813 0.0,0.0,0.0,0.0,0.0,0.18421052631578955
2026-10-03T09:48:04.863 0.0,0.0,0.0,0.0,0.0,0.18421052631578955
2026-10-03T09:48:04.913 0.0,0.0,0.0,0.0,0.0,0.18421052631578955
2026-10-03T09:48:04.963 0.0,0.0,0.0,0.0,0.0,0.18421052631578955
2026-10-03T09:48:05.013 0.0,0.0,0.0,0.0,0.0,0.18421052631578955
2026-10-03T09:48:05.063 0.0,0.0,0.0,0.0,0.0,0.18421052631578955
2026-10-03T09:48:05.113 0.0,0.0,0.0,0.0,0.0,0.18421052631578955
2026-10-03T09:48:05.163 0.0,0.0,0.0,0.0,0.0,0.18421052631578955
2026-10-03T09:48:05.213 0.0,0.0,0.0,0.0,0.0,0.18421052631578955
2026-10-03T09:48:05.263 0.0,0.0,0.0,0.0,0.0,0.18421052631578955
2026-10-03T09:48:05.313 0.0,0.0,0.0,0.0,0.0,0.18421052631578955
2026-10-03T09:48:05.363 0.0,0.0,0.0,0.0,0.0,0.18421052631578955
2026-10-03T09:48:05.423 0.0,0.0,0.0,0.0,0.0,0.18421052631578955
2026-10-03T09:48:05.463 0.0,0.0,0.0,0.0,0.0,0.18421052631578955
2026-10-03T09:48:05.513 0.0,0.0,0.0,0.0,0.0,0.18421052631578955
2026-10-03T09:48:05.563 0.0,0.0,0.0,0.0,0.0,0.18421052631578955
2026-10-03T09:48:05.614 0.0,0.0,0.0,0.0,0.0,0.18421052631578955
2026-10-03T09:48:05.663 0.0,0.0,0.0,0.0,0.0,0.18421052631578955
2026-10-03T09:48:05.713 0.0,0.0,0.0,0.0,0.0,0.18421052631578955
2026-10-03T09:48:05.763 0.0,0.0,0.0,0.0,0.0,0.18421052631578955
2026-10-03T09:48:05.812 0.0,0.0,0.0,0.0,0.0,0.18421052631578955
2026-10-03T09:48:05.863 0.0,0.0,0.0,0.0,0.0,0.18421052631578955
2026-10-03T09:48:05.912 0.0,0.0,0.0,0.0,0.0,0.18421052631578955
2026-10-03T09:48:05.963 0.0,0.0,0.0,0.0,0.0,0.024210526315789543
2026-10-03T09:48:06.012 0.0,0.0,0.0,0.0,0.0,-0.13578947368421046
2026-10-03T09:48:06.062 0.0,0.0,0.0,0.0,0.0,-0.2578947368421052
2026-10-03T09:48:06.113 0.0,0.0,0.0,0.0,0.0,-0.2578947368421052
2026-10-03T09:48:06.162 0.0,0.0,0.0,0.0,0.0,-0.2578947368421052
2026-10-03T09:48:06.212 0.0,0.0,0.0,0.0,0.0,-0.09789473684210517
2026-10-03T09:48:06.263 0.0,0.0,0.0,0.0,0.0,0.06210526315789483
2026-10-03T09:48:06.313 0.0,0.0,0.0,0.0,0.0,0.22210526315789483
2026-10-03T09:48:06.363 0.0,0.0,0.0,0.0,0.0,0.38210526315789484
2026-10-03T09:48:06.413 0.0,0.0,0.0,0.0,0.0,0.5421052631578949
2026-10-03T09:48:06.473 0.0,0.0,0.0,0.0,0.0,0.7
2026-10-03T09:48:06.513 0.0,0.0,0.0,0.0,0.0,0.7
2026-10-03T09:48:06.562 0.0,0.0,0.0,0.0,0.0,0.7
2026-10-03T09:48:06.613 0.0,0.0,0.0,0.0,0.0,0.7
2026-10-03T09:48:06.663 0.0,0.0,0.0,0.0,0.0,0.7
2026-10-03T09:48:06.712 0.0,0.0,0.0,0.0,0.0,0.7
2026-10-03T09:48:06.763 0.0,0.0,0.0,0.0,0.0,0.7
2026-10-03T09:48:06.814 0.0,0.0,0.0,0.0,0.0,0.7
2026-10-03T09:48:06.863 0.0,0.0,0.0,0.0,0.0,0.7
2026-10-03T09:48:06.912 0.0,0.0,0.0,0.0,0.0,0.7
2026-10-03T09:48:06.963 0.0,0.0,0.0,0.0,0.0,0.7
2026-10-03T09:48:07.012 0.0,0.0,0.0,0.0,0.0,0.7
2026-10-03T09:48:07.063 0.0,0.0,0.0,0.0,0.0,0.7
2026-10-03T09:48:07.112 0.0,0.0,0.0,0.0,0.0,0.7
2026-10-03T09:48:07.162 0.0,0.0,0.0,0.0,0.0,0.7
2026-10-03T09:48:07.212 0.0,0.0,0.0,0.0,0.0,0.7
2026-10-03T09:48:07.262 0.0,0.0,0.0,0.0,0.0,0.7
2026-10-03T09:48:07.312 0.0,0.0,0.0,0.0,0.0,0.7
2026-10-03T09:48:07.363 0.0,0.0,0.0,0.0,0.0,0.7
2026-10-03T09:48:07.413 0.0,0.0,0.0,0.0,0.0,0.7
2026-10-03T09:48:07.463 0.0,0.0,0.0,0.0,0.0,0.7
2026-10-03T09:48:07.513 0.0,0.0,0.0,0.0,0.0,0.7
2026-10-03T09:48:07.563 0.0,0.0,0.0,0.0,0.0,0.7
2026-10-03T09:48:07.613 0.0,0.0,0.0,0.0,0.0,0.7
2026-10-03T09:48:07.663 0.0,0.0,0.0,0.0,0.0,0.7
2026-10-03T09:48:07.713 0.0,0.0,0.0,0.0,0.0,0.7
2026-10-03T09:48:07.763 0.0,0.0,0.0,0.0,0.0,0.7
2026-10-03T09:48:07.813 0.0,0.0,0.0,0.0,0.0,0.7
2026-10-03T09:48:07.863 0.0,0.0,0.0,0.0,0.0,0.7
2026-10-03T09:48:07.913 0.0,0.0,0.0,0.0,0.0,0.7
2026-10-03T09:48:07.963 0.0,0.0,0.0,0.0,0.0,0.7
2026-10-03T09:48:08.012 0.0,0.0,0.0,0.0,0.0,0.7
2026-10-03T09:48:08.063 0.0,0.0,0.0,0.0,0.0,0.7
2026-10-03T09:48:08.113 0.0,0.0,0.0,0.0,0.0,0.7
2026-10-03T09:48:08.163 0.0,0.0,0.0,0.0,0.0,0.7
2026-10-03T09:48:08.213 0.0,0.0,0.0,0.0,0.0,0.7
2026-10-03T09:48:08.262 0.0,0.0,0.0,0.0,0.0,0.7
2026-10-03T09:48:08.312 0.0,0.0,0.0,0.0,0.0,0.7
2026-10-03T09:48:08.363 0.0,0.0,0.0,0.0,0.0,0.7
2026-10-03T09:48:08.413 0.0,0.0,0.0,0.0,0.0,0.7
2026-10-03T09:48:08.463 0.0,0.0,0.0,0.0,0.0,0.7
2026-10-03T09:48:08.513 0.0,0.0,0.0,0.0,0.0,0.7
2026-10-03T09:48:08.563 0.0,0.0,0.0,0.0,0.0,0.7
2026-10-03T09:48:08.613 0.0,0.0,0.0,0.0,0.0,0.7
2026-10-03T09:48:08.663 0.0,0.0,0.0,0.0,0.0,0.7
2026-10-03T09:48:08.712 0.0,0.0,0.0,0.0,0.0,0.7
2026-10-03T09:48:08.763 0.0,0.0,0.0,0.0,0.0,0.7
2026-10-03T09:48:08.813 0.0,0.0,0.0,0.0,0.0,0.7
2026-10-03T09:48:08.863 0.0,0.0,0.0,0.0,0.0,0.7
2026-10-03T09:48:08.913 0.0,0.0,0.0,0.0,0.0,0.7
2026-10-03T09:48:08.973 0.0,0.0,0.0,0.0,0.0,0.7
2026-10-03T09:48:09.013 0.0,0.0,0.0,0.0,0.0,0.7
2026-10-03T09:48:09.063 0.0,0.0,0.0,0.0,0.0,0.7
2026-10-03T09:48:09.113 0.0,0.0,0.0,0.0,0.0,0.7
2026-10-03T09:48:09.163 0.0,0.0,0.0,0.0,0.0,0.7
2026-10-03T09:48:09.213 0.0,0.0,0.0,0.0,0.0,0.7
2026-10-03T09:48:09.263 0.0,0.0,0.0,0.0,0.0,0.7
2026-10-03T09:48:09.313 0.0,0.0,0.0,0.0,0.0,0.7
2026-10-03T09:48:09.363 0.0,0.0,0.0,0.0,0.0,0.7
2026-10-03T09:48:09.413 0.0,0.0,0.0,0.0,0.0,0.7
2026-10-03T09:48:09.463 0.0,0.0,0.0,0.0,0.0,0.7
2026-10-03T09:48:09.513 0.0,0.0,0.0,0.0,0.0,0.7
2026-10-03T09:48:09.563 0.0,0.0,0.0,0.0,0.0,0.7
2026-10-03T09:48:09.613 0.0,0.0,0.0,0.0,0.0,0.7
2026-10-03T09:48:09.662 0.0,0.0,0.0,0.0,0.0,0.7
2026-10-03T09:48:09.712 0.0,0.0,0.0,0.0,0.0,0.7
2026-10-03T09:48:09.763 0.0,0.0,0.0,0.0,0.0,0.7
2026-10-03T09:48:09.812 0.0,0.0,0.0,0.0,0.0,0.7
2026-10-03T09:48:09.863 0.0,0.0,0.0,0.0,0.0,0.7
2026-10-03T09:48:09.912 0.0,0.0,0.0,0.0,0.0,0.7
2026-10-03T09:48:09.963 0.0,0.0,0.0,0.0,0.0,0.7
2026-10-03T09:48:10.012 0.0,0.0,0.0,0.0,0.0,0.7
2026-10-03T09:48:10.063 0.0,0.0,0.0,0.0,0.0,0.7
2026-10-03T09:48:10.112 0.0,0.0,0.0,0.0,0.0,0.7
2026-10-03T09:48:10.173 0.0,0.0,0.0,0.0,0.0,0.7
2026-10-03T09:48:10.212 0.0,0.0,0.0,0.0,0.0,0.7
2026-10-03T09:48:10.263 0.0,0.0,0.0,0.0,0.0,0.7
2026-10-03T09:48:10.313 0.0,0.0,0.0,0.0,0.0,0.7
2026-10-03T09:48:10.362 0.0,0.0,0.0,0.0,0.0,0.7
2026-10-03T09:48:10.413 0.0,0.0,0.0,0.0,0.0,0.7
2026-10-03T09:48:10.462 0.0,0.0,0.0,0.0,0.0,0.7
2026-10-03T09:48:10.513 0.0,0.0,0.0,0.0,0.0,0.7
2026-10-03T09:48:10.562 0.0,0.0,0.0,0.0,0.0,0.7
2026-10-03T09:48:10.612 0.0,0.0,0.0,0.0,0.0,0.7
2026-10-03T09:48:10.662 0.0,0.0,0.0,0.0,0.0,0.7
2026-10-03T09:48:10.712 0.0,0.0,0.0,0.0,0.0,0.7
2026-10-03T09:48:10.763 0.0,0.0,0.0,0.0,0.0,0.7
2026-10-03T09:48:10.813 0.0,0.0,0.0,0.0,0.0,0.7
2026-10-03T09:48:10.862 0.0,0.0,0.0,0.0,0.0,0.7
2026-10-03T09:48:10.913 0.0,0.0,0.0,0.0,0.0,0.7
2026-10-03T09:48:10.963 0.0,0.0,0.0,0.0,0.0,0.7
2026-10-03T09:48:11.013 0.0,0.0,0.0,0.0,0.0,0.7
2026-10-03T09:48:11.063 0.0,0.0,0.0,0.0,0.0,0.7
2026-10-03T09:48:11.113 0.0,0.0,0.0,0.0,0.0,0.7
2026-10-03T09:48:11.163 0.0,0.0,0.0,0.0,0.0,0.7
2026-10-03T09:48:11.213 0.0,0.0,0.0,0.0,0.0,0.7
2026-10-03T09:48:11.262 0.0,0.0,0.0,0.0,0.0,0.7
2026-10-03T09:48:11.314 0.0,0.0,0.0,0.0,0.0,0.7
2026-10-03T09:48:11.363 0.0,0.0,0.0,0.0,0.0,0.7
2026-10-03T09:48:11.412 0.0,0.0,0.0,0.0,0.0,0.7
2026-10-03T09:48:11.462 0.0,0.0,0.0,0.0,0.0,0.7
2026-10-03T09:48:11.512 0.0,0.0,0.0,0.0,0.0,0.7
2026-10-03T09:48:11.562 0.0,0.0,0.0,0.0,0.0,0.7
2026-10-03T09:48:11.612 0.0,0.0,0.0,0.0,0.0,0.7
2026-10-03T09:48:11.663 0.0,0.0,0.0,0.0,0.0,0.7
2026-10-03T09:48:11.723 0.0,0.0,0.0,0.0,0.0,0.7
2026-10-03T09:48:11.762 0.0,0.0,0.0,0.0,0.0,0.7
2026-10-03T09:48:11.813 0.0,0.0,0.0,0.0,0.0,0.7
2026-10-03T09:48:11.862 0.0,0.0,0.0,0.0,0.0,0.7
2026-10-03T09:48:11.913 0.0,0.0,0.0,0.0,0.0,0.7
2026-10-03T09:48:11.973 0.0,0.0,0.0,0.0,0.0,0.7
2026-10-03T09:48:12.013 0.0,0.0,0.0,0.0,0.0,0.7
2026-10-03T09:48:12.062 0.0,0.0,0.0,0.0,0.0,0.7
2026-10-03T09:48:12.112 0.0,0.0,0.0,0.0,0.0,0.7
2026-10-03T09:48:12.163 0.0,0.0,0.0,0.0,0.0,0.7
2026-10-03T09:48:12.212 0.0,0.0,0.0,0.0,0.0,0.7
2026-10-03T09:48:12.263 0.0,0.0,0.0,0.0,0.0,0.7
2026-10-03T09:48:12.313 0.0,0.0,0.0,0.0,0.0,0.7
2026-10-03T09:48:12.362 0.0,0.0,0.0,0.0,0.0,0.7
2026-10-03T09:48:12.412 0.0,0.0,0.0,0.0,0.0,0.7
2026-10-03T09:48:12.463 0.0,0.0,0.0,0.0,0.0,0.7
2026-10-03T09:48:12.513 0.0,0.0,0.0,0.0,0.0,0.7
2026-10-03T09:48:12.563 0.0,0.0,0.0,0.0,0.0,0.7
2026-10-03T09:48:12.612 0.0,0.0,0.0,0.0,0.0,0.7
2026-10-03T09:48:12.662 0.0,0.0,0.0,0.0,0.0,0.7
2026-10-03T09:48:12.713 0.0,0.0,0.0,0.0,0.0,0.7
2026-10-03T09:48:12.762 0.0,0.0,0.0,0.0,0.0,0.7
2026-10-03T09:48:12.813 0.0,0.0,0.0,0.0,0.0,0.7
2026-10-03T09:48:12.863 0.0,0.0,0.0,0.0,0.0,0.7
2026-10-03T09:48:12.913 0.0,0.0,0.0,0.0,0.0,0.7
2026-10-03T09:48:12.963 0.0,0.0,0.0,0.0,0.0,0.7
2026-10-03T09:48:13.013 0.0,0.0,0.0,0.0,0.0,0.7
2026-10-03T09:48:13.063 0.0,0.0,0.0,0.0,0.0,0.7
2026-10-03T09:48:13.113 0.0,0.0,0.0,0.0,0.0,0.7
2026-10-03T09:48:13.163 0.0,0.0,0.0,0.0,0.0,0.7
2026-10-03T09:48:13.213 0.0,0.0,0.0,0.0,0.0,0.7
2026-10-03T09:48:13.264 0.0,0.0,0.0,0.0,0.0,0.7
2026-10-03T09:48:13.313 0.0,0.0,0.0,0.0,0.0,0.7
2026-10-03T09:48:13.373 0.0,0.0,0.0,0.0,0.0,0.7
2026-10-03T09:48:13.413 0.0,0.0,0.0,0.0,0.0,0.7
2026-10-03T09:48:13.463 0.0,0.0,0.0,0.0,0.0,0.7
2026-10-03T09:48:13.513 0.0,0.0,0.0,0.0,0.0,0.7
2026-10-03T09:48:13.563 0.0,0.0,0.0,0.0,0.0,0.7
2026-10-03T09:48:13.613 0.0,0.0,0.0,0.0,0.0,0.7
2026-10-03T09:48:13.663 0.0,0.0,0.0,0.0,0.0,0.7
2026-10-03T09:48:13.713 0.0,0.0,0.0,0.0,0.0,0.7
2026-10-03T09:48:13.763 0.0,0.0,0.0,0.0,0.0,0.7
2026-10-03T09:48:13.812 0.0,0.0,0.0,0.0,0.0,0.7
2026-10-03T09:48:13.863 0.0,0.0,0.0,0.0,0.0,0.7
2026-10-03T09:48:13.912 0.0,0.0,0.0,0.0,0.0,0.7
2026-10-03T09:48:13.962 0.0,0.0,0.0,0.0,0.0,0.7
2026-10-03T09:48:14.013 0.0,0.0,0.0,0.0,0.0,0.7
2026-10-03T09:48:14.062 0.0,0.0,0.0,0.0,0.0,0.7
2026-10-03T09:48:14.113 0.0,0.0,0.0,0.0,0.0,0.7
2026-10-03T09:48:14.163 0.0,0.0,0.0,0.0,0.0,0.7
2026-10-03T09:48:14.213 0.0,0.0,0.0,0.0,0.0,0.7
2026-10-03T09:48:14.263 0.0,0.0,0.0,0.0,0.0,0.7
2026-10-03T09:48:14.313 0.0,0.0,0.0,0.0,0.0,0.7
2026-10-03T09:48:14.362 0.0,0.0,0.0,0.0,0.0,0.7
2026-10-03T09:48:14.413 0.0,0.0,0.0,0.0,0.0,0.7
2026-10-03T09:48:14.462 0.0,0.0,0.0,0.0,0.0,0.7
2026-10-03T09:48:14.513 0.0,0.0,0.0,0.0,0.0,0.7
2026-10-03T09:48:14.563 0.0,0.0,0.0,0.0,0.0,0.7
2026-10-03T09:48:14.613 0.0,0.0,0.0,0.0,0.0,0.7
2026-10-03T09:48:14.663 0.0,0.0,0.0,0.0,0.0,0.7
2026-10-03T09:48:14.712 0.0,0.0,0.0,0.0,0.0,0.7
2026-10-03T09:48:14.763 0.0,0.0,0.0,0.0,0.0,0.7
2026-10-03T09:48:14.812 0.0,0.0,0.0,0.0,0.0,0.7
2026-10-03T09:48:14.873 0.0,0.0,0.0,0.0,0.0,0.7
2026-10-03T09:48:14.912 0.0,0.0,0.0,0.0,0.0,0.7
2026-10-03T09:48:14.963 0.0,0.0,0.0,0.0,0.0,0.7
2026-10-03T09:48:15.013 0.0,0.0,0.0,0.0,0.0,0.7
2026-10-03T09:48:15.063 0.0,0.0,0.0,0.0,0.0,0.7
2026-10-03T09:48:15.113 0.0,0.0,0.0,0.0,0.0,0.7
2026-10-03T09:48:15.173 0.0,0.0,0.0,0.0,0.0,0.7
2026-10-03T09:48:15.212 0.0,0.0,0.0,0.0,0.0,0.7
2026-10-03T09:48:15.263 0.0,0.0,0.0,0.0,0.0,0.7
2026-10-03T09:48:15.312 0.0,0.0,0.0,0.0,0.0,0.7
2026-10-03T09:48:15.363 0.0,0.0,0.0,0.0,0.0,0.7
2026-10-03T09:48:15.415 0.0,0.0,0.0,0.0,0.0,0.7
2026-10-03T09:48:15.463 0.0,0.0,0.0,0.0,0.0,0.7
2026-10-03T09:48:15.523 0.0,0.0,0.0,0.0,0.0,0.7
2026-10-03T09:48:15.562 0.0,0.0,0.0,0.0,0.0,0.7
2026-10-03T09:48:15.613 0.0,0.0,0.0,0.0,0.0,0.7
2026-10-03T09:48:15.663 0.0,0.0,0.0,0.0,0.0,0.7
2026-10-03T09:48:15.712 0.0,0.0,0.0,0.0,0.0,0.7
2026-10-03T09:48:15.763 0.0,0.0,0.0,0.0,0.0,0.7
2026-10-03T09:48:15.813 0.0,0.0,0.0,0.0,0.0,0.7
2026-10-03T09:48:15.863 0.0,0.0,0.0,0.0,0.0,0.7
2026-10-03T09:48:15.913 0.0,0.0,0.0,0.0,0.0,0.7
2026-10-03T09:48:15.962 0.0,0.0,0.0,0.0,0.0,0.7
2026-10-03T09:48:16.015 0.0,0.0,0.0,0.0,0.0,0.7
2026-10-03T09:48:16.062 0.0,0.0,0.0,0.0,0.0,0.7
2026-10-03T09:48:16.112 0.0,0.0,0.0,0.0,0.0,0.7
2026-10-03T09:48:16.163 0.0,0.0,0.0,0.0,0.0,0.7
2026-10-03T09:48:16.213 0.0,0.0,0.0,0.0,0.0,0.7
2026-10-03T09:48:16.263 0.0,0.0,0.0,0.0,0.0,0.7
2026-10-03T09:48:16.313 0.0,0.0,0.0,0.0,0.0,0.7
2026-10-03T09:48:16.363 0.0,0.0,0.0,0.0,0.0,0.7
2026-10-03T09:48:16.413 0.0,0.0,0.0,0.0,0.0,0.6505907386552643
2026-10-03T09:48:16.462 0.0,0.0,0.0,0.0,0.0,0.6505907386552643
2026-10-03T09:48:16.513 0.0,0.0,0.0,0.0,0.0,0.6505907386552643
2026-10-03T09:48:16.562 0.0,0.0,0.0,0.0,0.0,0.6505907386552643
2026-10-03T09:48:16.612 0.0,0.0,0.0,0.0,0.0,0.49059073865526426
2026-10-03T09:48:16.662 0.0,0.0,0.0,0.0,0.0,0.4
2026-10-03T09:48:16.713 0.0,0.0,0.0,0.0,0.0,0.4
2026-10-03T09:48:16.763 0.0,0.0,0.0,0.0,0.0,0.4
2026-10-03T09:48:16.812 0.0,0.0,0.0,0.0,0.0,0.24000000000000002
2026-10-03T09:48:16.863 0.125,0.0,0.0,0.0,0.0,0.4
2026-10-03T09:48:16.913 0.25,0.0,0.0,0.0,0.0,0.40526315789473694
2026-10-03T09:48:16.963 0.375,0.0,0.0,0.0,0.0,0.33157894736842114
2026-10-03T09:48:17.013 0.5,0.0,0.0,0.0,0.0,0.33157894736842114
2026-10-03T09:48:17.062 0.625,0.0,0.0,0.0,0.0,0.33157894736842114
2026-10-03T09:48:17.112 0.75,0.0,0.0,0.0,0.0,0.33157894736842114
2026-10-03T09:48:17.173 0.8,0.0,0.0,0.0,0.0,0.33157894736842114
2026-10-03T09:48:17.213 0.8,0.0,0.0,0.0,0.0,0.33157894736842114
2026-10-03T09:48:17.263 0.8,0.0,0.0,0.0,0.0,0.33157894736842114
2026-10-03T09:48:17.313 0.8,0.0,0.0,0.0,0.0,0.33157894736842114
2026-10-03T09:48:17.363 0.8,0.0,0.0,0.0,0.0,0.25789473684210534
2026-10-03T09:48:17.412 0.8,0.0,0.0,0.0,0.0,0.25789473684210534
2026-10-03T09:48:17.462 0.8,0.0,0.0,0.0,0.0,0.33157894736842114
2026-10-03T09:48:17.513 0.8,0.0,0.0,0.0,0.0,0.25789473684210534
2026-10-03T09:48:17.563 0.8,0.0,0.0,0.0,0.0,0.25789473684210534
2026-10-03T09:48:17.613 0.8,0.0,0.0,0.0,0.0,0.25789473684210534
2026-10-03T09:48:17.663 0.8,0.0,0.0,0.0,0.0,0.25789473684210534
2026-10-03T09:48:17.712 0.8,0.0,0.0,0.0,0.0,0.25789473684210534
2026-10-03T09:48:17.763 0.8,0.0,0.0,0.0,0.0,0.25789473684210534
2026-10-03T09:48:17.813 0.8,0.0,0.0,0.0,0.0,0.25789473684210534
2026-10-03T09:48:17.862 0.8,0.0,0.0,0.0,0.0,0.33157894736842114
2026-10-03T09:48:17.913 0.8,0.0,0.0,0.0,0.0,0.33157894736842114
2026-10-03T09:48:17.962 0.8,0.0,0.0,0.0,0.0,0.33157894736842114
2026-10-03T09:48:18.012 0.8,0.0,0.0,0.0,0.0,0.25789473684210534
2026-10-03T09:48:18.062 0.8,0.0,0.0,0.0,0.0,0.25789473684210534
2026-10-03T09:48:18.112 0.8,0.0,0.0,0.0,0.0,0.25789473684210534
2026-10-03T09:48:18.162 0.8,0.0,0.0,0.0,0.0,0.25789473684210534
2026-10-03T09:48:18.213 0.8,0.0,0.0,0.0,0.0,0.25789473684210534
2026-10-03T09:48:18.263 0.8,0.0,0.0,0.0,0.0,0.25789473684210534
2026-10-03T09:48:18.312 0.8,0.0,0.0,0.0,0.0,0.25789473684210534
2026-10-03T09:48:18.362 0.8,0.0,0.0,0.0,0.0,0.25789473684210534
2026-10-03T09:48:18.413 0.8,0.0,0.0,0.0,0.0,0.33157894736842114
2026-10-03T09:48:18.462 0.8,0.0,0.0,0.0,0.0,0.33157894736842114
2026-10-03T09:48:18.512 0.8,0.0,0.0,0.0,0.0,0.25789473684210534
2026-10-03T09:48:18.573 0.8,0.0,0.0,0.0,0.0,0.25789473684210534
2026-10-03T09:48:18.612 0.8,0.0,0.0,0.0,0.0,0.25789473684210534
2026-10-03T09:48:18.662 0.8,0.0,0.0,0.0,0.0,0.25789473684210534
2026-10-03T09:48:18.712 0.8,0.0,0.0,0.0,0.0,0.25789473684210534
2026-10-03T09:48:18.763 0.8,0.0,0.0,0.0,0.0,0.25789473684210534
2026-10-03T09:48:18.823 0.8,0.0,0.0,0.0,0.0,0.25789473684210534
2026-10-03T09:48:18.863 0.8,0.0,0.0,0.0,0.0,0.18421052631578955
2026-10-03T09:48:18.912 0.8,0.0,0.0,0.0,0.0,0.18421052631578955
2026-10-03T09:48:18.963 0.8,0.0,0.0,0.0,0.0,0.25789473684210534
2026-10-03T09:48:19.013 0.8,0.0,0.0,0.0,0.0,0.25789473684210534
2026-10-03T09:48:19.063 0.8,0.0,0.0,0.0,0.0,0.25789473684210534
2026-10-03T09:48:19.113 0.8,0.0,0.0,0.0,0.0,0.25789473684210534
2026-10-03T09:48:19.162 0.8,0.0,0.0,0.0,0.0,0.25789473684210534
2026-10-03T09:48:19.213 0.8,0.0,0.0,0.0,0.0,0.25789473684210534
2026-10-03T09:48:19.263 0.8,0.0,0.0,0.0,0.0,0.25789473684210534
2026-10-03T09:48:19.313 0.8,0.0,0.0,0.0,0.0,0.25789473684210534
2026-10-03T09:48:19.363 0.8,0.0,0.0,0.0,0.0,0.25789473684210534
2026-10-03T09:48:19.412 0.8,0.0,0.0,0.0,0.0,0.18421052631578955
2026-10-03T09:48:19.462 0.8,0.0,0.0,0.0,0.0,0.18421052631578955
2026-10-03T09:48:19.512 0.8,0.0,0.0,0.0,0.0,0.18421052631578955
2026-10-03T09:48:19.562 0.8,0.0,0.0,0.0,0.0,0.18421052631578955
2026-10-03T09:48:19.613 0.8,0.0,0.0,0.0,0.0,0.18421052631578955
2026-10-03T09:48:19.663 0.8,0.0,0.0,0.0,0.0,0.18421052631578955
2026-10-03T09:48:19.713 0.8,0.0,0.0,0.0,0.0,0.18421052631578955
2026-10-03T09:48:19.773 0.8,0.0,0.0,0.0,0.0,0.18421052631578955
2026-10-03T09:48:19.813 0.8,0.0,0.0,0.0,0.0,0.18421052631578955
2026-10-03T09:48:19.863 0.8,0.0,0.0,0.0,0.0,0.18421052631578955
2026-10-03T09:48:19.913 0.8,0.0,0.0,0.0,0.0,0.18421052631578955
2026-10-03T09:48:19.963 0.8,0.0,0.0,0.0,0.0,0.18421052631578955
2026-10-03T09:48:20.013 0.8,0.0,0.0,0.0,0.0,0.18421052631578955
2026-10-03T09:48:20.063 0.8,0.0,0.0,0.0,0.0,0.18421052631578955
2026-10-03T09:48:20.113 0.8,0.0,0.0,0.0,0.0,0.18421052631578955
2026-10-03T09:48:20.163 0.8,0.0,0.0,0.0,0.0,0.18421052631578955
2026-10-03T09:48:20.213 0.8,0.0,0.0,0.0,0.0,0.18421052631578955
2026-10-03T09:48:20.263 0.8,0.0,0.0,0.0,0.0,0.18421052631578955
2026-10-03T09:48:20.313 0.8,0.0,0.0,0.0,0.0,0.18421052631578955
2026-10-03T09:48:20.362 0.8,0.0,0.0,0.0,0.0,0.18421052631578955
2026-10-03T09:48:20.413 0.8,0.0,0.0,0.0,0.0,0.11052631578947375
2026-10-03T09:48:20.463 0.8,0.0,0.0,0.0,0.0,0.11052631578947375
2026-10-03T09:48:20.512 0.8,0.0,0.0,0.0,0.0,0.25789473684210534
2026-10-03T09:48:20.563 0.8,0.0,0.0,0.0,0.0,0.25789473684210534
2026-10-03T09:48:20.612 0.8,0.0,0.0,0.0,0.0,0.25789473684210534
2026-10-03T09:48:20.663 0.8,0.0,0.0,0.0,0.0,0.25789473684210534
2026-10-03T09:48:20.713 0.8,0.0,0.0,0.0,0.0,0.25789473684210534
2026-10-03T09:48:20.762 0.8,0.0,0.0,0.0,0.0,0.25789473684210534
2026-10-03T09:48:20.813 0.8,0.0,0.0,0.0,0.0,0.25789473684210534
2026-10-03T09:48:20.862 0.8,0.0,0.0,0.0,0.0,0.25789473684210534
2026-10-03T09:48:20.912 0.8,0.0,0.0,0.0,0.0,0.25789473684210534
2026-10-03T09:48:20.963 0.8,0.0,0.0,0.0,0.0,0.25789473684210534
2026-10-03T09:48:21.013 0.8,0.0,0.0,0.0,0.0,0.25789473684210534
2026-10-03T09:48:21.063 0.8,0.0,0.0,0.0,0.0,0.25789473684210534
2026-10-03T09:48:21.113 0.8,0.0,0.0,0.0,0.0,0.25789473684210534
2026-10-03T09:48:21.163 0.8,0.0,0.0,0.0,0.0,0.25789473684210534
2026-10-03T09:48:21.213 0.8,0.0,0.0,0.0,0.0,0.25789473684210534
2026-10-03T09:48:21.263 0.8,0.0,0.0,0.0,0.0,0.25789473684210534
2026-10-03T09:48:21.313 0.8,0.0,0.0,0.0,0.0,0.25789473684210534
2026-10-03T09:48:21.364 0.8,0.0,0.0,0.0,0.0,0.25789473684210534
2026-10-03T09:48:21.413 0.8,0.0,0.0,0.0,0.0,0.25789473684210534
2026-10-03T09:48:21.463 0.8,0.0,0.0,0.0,0.0,0.25789473684210534
2026-10-03T09:48:21.513 0.8,0.0,0.0,0.0,0.0,0.25789473684210534
2026-10-03T09:48:21.563 0.8,0.0,0.0,0.0,0.0,0.25789473684210534
2026-10-03T09:48:21.613 0.8,0.0,0.0,0.0,0.0,0.25789473684210534
2026-10-03T09:48:21.663 0.8,0.0,0.0,0.0,0.0,0.25789473684210534
2026-10-03T09:48:21.713 0.8,0.0,0.0,0.0,0.0,0.25789473684210534
2026-10-03T09:48:21.763 0.8,0.0,0.0,0.0,0.0,0.25789473684210534
2026-10-03T09:48:21.813 0.8,0.0,0.0,0.0,0.0,0.25789473684210534
2026-10-03T09:48:21.863 0.8,0.0,0.0,0.0,0.0,0.25789473684210534
2026-10-03T09:48:21.912 0.8,0.0,0.0,0.0,0.0,0.25789473684210534
2026-10-03T09:48:21.963 0.8,0.0,0.0,0.0,0.0,0.25789473684210534
2026-10-03T09:48:22.013 0.8,0.0,0.0,0.0,0.0,0.18421052631578955
2026-10-03T09:48:22.063 0.8,0.0,0.0,0.0,0.0,0.18421052631578955
2026-10-03T09:48:22.113 0.8,0.0,0.0,0.0,0.0,0.18421052631578955
2026-10-03T09:48:22.173 0.8,0.0,0.0,0.0,0.0,0.18421052631578955
2026-10-03T09:48:22.213 0.8,0.0,0.0,0.0,0.0,0.18421052631578955
2026-10-03T09:48:22.263 0.8,0.0,0.0,0.0,0.0,0.18421052631578955
2026-10-03T09:48:22.313 0.8,0.0,0.0,0.0,0.0,0.18421052631578955
2026-10-03T09:48:22.363 0.8,0.0,0.0,0.0,0.0,0.18421052631578955
2026-10-03T09:48:22.413 0.8,0.0,0.0,0.0,0.0,0.18421052631578955
2026-10-03T09:48:22.462 0.8,0.0,0.0,0.0,0.0,0.18421052631578955
2026-10-03T09:48:22.513 0.8,0.0,0.0,0.0,0.0,0.18421052631578955
2026-10-03T09:48:22.563 0.8,0.0,0.0,0.0,0.0,0.18421052631578955
2026-10-03T09:48:22.613 0.8,0.0,0.0,0.0,0.0,0.18421052631578955
2026-10-03T09:48:22.663 0.8,0.0,0.0,0.0,0.0,0.18421052631578955
2026-10-03T09:48:22.713 0.8,0.0,0.0,0.0,0.0,0.18421052631578955
2026-10-03T09:48:22.763 0.8,0.0,0.0,0.0,0.0,0.18421052631578955
2026-10-03T09:48:22.813 0.8,0.0,0.0,0.0,0.0,0.11052631578947375
2026-10-03T09:48:22.864 0.8,0.0,0.0,0.0,0.0,0.18421052631578955
2026-10-03T09:48:22.913 0.8,0.0,0.0,0.0,0.0,0.18421052631578955
2026-10-03T09:48:22.963 0.8,0.0,0.0,0.0,0.0,0.11052631578947375
2026-10-03T09:48:23.012 0.8,0.0,0.0,0.0,0.0,0.11052631578947375
2026-10-03T09:48:23.062 0.8,0.0,0.0,0.0,0.0,0.18421052631578955
2026-10-03T09:48:23.112 0.8,0.0,0.0,0.0,0.0,0.18421052631578955
2026-10-03T09:48:23.163 0.8,0.0,0.0,0.0,0.0,0.18421052631578955
2026-10-03T09:48:23.213 0.8,0.0,0.0,0.0,0.0,0.18421052631578955
2026-10-03T09:48:23.263 0.8,0.0,0.0,0.0,0.0,0.18421052631578955
2026-10-03T09:48:23.312 0.8,0.0,0.0,0.0,0.0,0.18421052631578955
2026-10-03T09:48:23.363 0.8,0.0,0.0,0.0,0.0,0.11052631578947375
2026-10-03T09:48:23.413 0.8,0.0,0.0,0.0,0.0,0.11052631578947375
2026-10-03T09:48:23.463 0.8,0.0,0.0,0.0,0.0,0.18421052631578955
2026-10-03T09:48:23.512 0.8,0.0,0.0,0.0,0.0,0.11052631578947375
2026-10-03T09:48:23.563 0.8,0.0,0.0,0.0,0.0,0.11052631578947375
2026-10-03T09:48:23.612 0.8,0.0,0.0,0.0,0.0,0.11052631578947375
2026-10-03T09:48:23.662 0.8,0.0,0.0,0.0,0.0,0.11052631578947375
2026-10-03T09:48:23.712 0.8,0.0,0.0,0.0,0.0,0.18421052631578955
2026-10-03T09:48:23.762 0.8,0.0,0.0,0.0,0.0,0.11052631578947375
2026-10-03T09:48:23.813 0.8,0.0,0.0,0.0,0.0,0.11052631578947375
2026-10-03T09:48:23.862 0.8,0.0,0.0,0.0,0.0,0.11052631578947375
2026-10-03T09:48:23.912 0.8,0.0,0.0,0.0,0.0,0.11052631578947375
2026-10-03T09:48:23.963 0.8,0.0,0.0,0.0,0.0,0.11052631578947375
2026-10-03T09:48:24.012 0.8,0.0,0.0,0.0,0.0,0.11052631578947375
2026-10-03T09:48:24.063 0.8,0.0,0.0,0.0,0.0,0.03684210526315797
2026-10-03T09:48:24.112 0.8,0.0,0.0,0.0,0.0,0.03684210526315797
2026-10-03T09:48:24.163 0.8,0.0,0.0,0.0,0.0,0.0
2026-10-03T09:48:24.212 0.8,0.0,0.0,0.0,0.0,0.0
2026-10-03T09:48:24.262 0.8,0.0,0.0,0.0,0.0,0.0
2026-10-03T09:48:24.312 0.8,0.0,0.0,0.0,0.0,0.0
2026-10-03T09:48:24.363 0.8,0.0,0.0,0.0,0.0,0.0
2026-10-03T09:48:24.413 0.8,0.0,0.0,0.0,0.0,0.0
2026-10-03T09:48:24.463 0.8,0.0,0.0,0.0,0.0,-0.036842105263157815
2026-10-03T09:48:24.513 0.8,0.0,0.0,0.0,0.0,0.0
2026-10-03T09:48:24.563 0.8,0.0,0.0,0.0,0.0,0.0
2026-10-03T09:48:24.612 0.8,0.0,0.0,0.0,0.0,0.0
2026-10-03T09:48:24.664 0.8,0.0,0.0,0.0,0.0,0.0
2026-10-03T09:48:24.712 0.8,0.0,0.0,0.0,0.0,-0.036842105263157815
2026-10-03T09:48:24.762 0.8,0.0,0.0,0.0,0.0,0.0
2026-10-03T09:48:24.812 0.8,0.0,0.0,0.0,0.0,0.0
2026-10-03T09:48:24.863 0.8,0.0,0.0,0.0,0.0,-0.036842105263157815
2026-10-03T09:48:24.913 0.8,0.0,0.0,0.0,0.0,-0.036842105263157815
2026-10-03T09:48:24.963 0.8,0.0,0.0,0.0,0.0,-0.036842105263157815
2026-10-03T09:48:25.012 0.8,0.0,0.0,0.0,0.0,-0.036842105263157815
2026-10-03T09:48:25.063 0.8,0.0,0.0,0.0,0.0,-0.036842105263157815
2026-10-03T09:48:25.112 0.8,0.0,0.0,0.0,0.0,-0.036842105263157815
2026-10-03T09:48:25.162 0.8,0.0,0.0,0.0,0.0,-0.036842105263157815
2026-10-03T09:48:25.213 0.8,0.0,0.0,0.0,0.0,-0.18421052631578938
2026-10-03T09:48:25.262 0.8,0.0,0.0,0.0,0.0,-0.2578947368421052
2026-10-03T09:48:25.313 0.8,0.0,0.0,0.0,0.0,-0.2578947368421052
2026-10-03T09:48:25.364 0.8,0.0,0.0,0.0,0.0,-0.2578947368421052
2026-10-03T09:48:25.413 0.8,0.0,0.0,0.0,0.0,-0.2578947368421052
2026-10-03T09:48:25.463 0.8,0.0,0.0,0.0,0.0,-0.2578947368421052
2026-10-03T09:48:25.513 0.8,0.0,0.0,0.0,0.0,-0.2578947368421052
2026-10-03T09:48:25.563 0.8,0.0,0.0,0.0,0.0,-0.2578947368421052
2026-10-03T09:48:25.613 0.8,0.0,0.0,0.0,0.0,-0.18421052631578938
2026-10-03T09:48:25.663 0.8,0.0,0.0,0.0,0.0,-0.18421052631578938
2026-10-03T09:48:25.713 0.8,0.0,0.0,0.0,0.0,-0.2578947368421052
2026-10-03T09:48:25.762 0.8,0.0,0.0,0.0,0.0,-0.2578947368421052
2026-10-03T09:48:25.813 0.8,0.0,0.0,0.0,0.0,-0.2578947368421052
2026-10-03T09:48:25.863 0.8,0.0,0.0,0.0,0.0,-0.2578947368421052
2026-10-03T09:48:25.912 0.8,0.0,0.0,0.0,0.0,-0.2578947368421052
2026-10-03T09:48:25.962 0.8,0.0,0.0,0.0,0.0,-0.2578947368421052
2026-10-03T09:48:26.013 0.8,0.0,0.0,0.0,0.0,-0.2578947368421052
2026-10-03T09:48:26.073 0.8,0.0,0.0,0.0,0.0,-0.2578947368421052
2026-10-03T09:48:26.113 0.8,0.0,0.0,0.0,0.0,-0.2578947368421052
2026-10-03T09:48:26.163 0.8,0.0,0.0,0.0,0.0,-0.2578947368421052
2026-10-03T09:48:26.212 0.8,0.0,0.0,0.0,0.0,-0.2578947368421052
2026-10-03T09:48:26.263 0.8,0.0,0.0,0.0,0.0,-0.2578947368421052
2026-10-03T09:48:26.313 0.8,0.0,0.0,0.0,0.0,-0.2578947368421052
2026-10-03T09:48:26.362 0.8,0.0,0.0,0.0,0.0,-0.18421052631578938
2026-10-03T09:48:26.413 0.8,0.0,0.0,0.0,0.0,-0.18421052631578938
2026-10-03T09:48:26.462 0.8,0.0,0.0,0.0,0.0,-0.18421052631578938
2026-10-03T09:48:26.512 0.8,0.0,0.0,0.0,0.0,-0.18421052631578938
2026-10-03T09:48:26.563 0.8,0.0,0.0,0.0,0.0,-0.18421052631578938
2026-10-03T09:48:26.613 0.8,0.0,0.0,0.0,0.0,-0.18421052631578938
2026-10-03T09:48:26.663 0.8,0.0,0.0,0.0,0.0,-0.18421052631578938
2026-10-03T09:48:26.713 0.8,0.0,0.0,0.0,0.0,-0.18421052631578938
2026-10-03T09:48:26.763 0.8,0.0,0.0,0.0,0.0,-0.18421052631578938
2026-10-03T09:48:26.813 0.8,0.0,0.0,0.0,0.0,-0.18421052631578938
2026-10-03T09:48:26.863 0.8,0.0,0.0,0.0,0.0,-0.18421052631578938
2026-10-03T09:48:26.913 0.8,0.0,0.0,0.0,0.0,-0.18421052631578938
2026-10-03T09:48:26.962 0.8,0.0,0.0,0.0,0.0,-0.18421052631578938
2026-10-03T09:48:27.012 0.8,0.0,0.0,0.0,0.0,-0.18421052631578938
2026-10-03T09:48:27.062 0.8,0.0,0.0,0.0,0.0,-0.18421052631578938
2026-10-03T09:48:27.112 0.8,0.0,0.0,0.0,0.0,-0.18421052631578938
2026-10-03T09:48:27.163 0.8,0.0,0.0,0.0,0.0,-0.1105263157894736
2026-10-03T09:48:27.213 0.8,0.0,0.0,0.0,0.0,-0.1105263157894736
2026-10-03T09:48:27.263 0.8,0.0,0.0,0.0,0.0,-0.1105263157894736
2026-10-03T09:48:27.314 0.8,0.0,0.0,0.0,0.0,-0.1105263157894736
2026-10-03T09:48:27.363 0.8,0.0,0.0,0.0,0.0,-0.1105263157894736
2026-10-03T09:48:27.423 0.8,0.0,0.0,0.0,0.0,-0.1105263157894736
2026-10-03T09:48:27.463 0.8,0.0,0.0,0.0,0.0,-0.1105263157894736
2026-10-03T09:48:27.513 0.8,0.0,0.0,0.0,0.0,-0.1105263157894736
2026-10-03T09:48:27.563 0.8,0.0,0.0,0.0,0.0,-0.1105263157894736
2026-10-03T09:48:27.614 0.8,0.0,0.0,0.0,0.0,-0.1105263157894736
2026-10-03T09:48:27.663 0.8,0.0,0.0,0.0,0.0,-0.1105263157894736
2026-10-03T09:48:27.713 0.8,0.0,0.0,0.0,0.0,-0.1105263157894736
2026-10-03T09:48:27.763 0.8,0.0,0.0,0.0,0.0,-0.036842105263157815
2026-10-03T09:48:27.812 0.8,0.0,0.0,0.0,0.0,-0.036842105263157815
2026-10-03T09:48:27.863 0.8,0.0,0.0,0.0,0.0,-0.036842105263157815
2026-10-03T09:48:27.912 0.8,0.0,0.0,0.0,0.0,-0.036842105263157815
2026-10-03T09:48:27.963 0.8,0.0,0.0,0.0,0.0,-0.036842105263157815
2026-10-03T09:48:28.013 0.8,0.0,0.0,0.0,0.0,-0.036842105263157815
2026-10-03T09:48:28.062 0.8,0.0,0.0,0.0,0.0,-0.036842105263157815
2026-10-03T09:48:28.113 0.8,0.0,0.0,0.0,0.0,-0.036842105263157815
2026-10-03T09:48:28.163 0.8,0.0,0.0,0.0,0.0,-0.036842105263157815
2026-10-03T09:48:28.213 0.8,0.0,0.0,0.0,0.0,-0.036842105263157815
2026-10-03T09:48:28.263 0.8,0.0,0.0,0.0,0.0,-0.036842105263157815
2026-10-03T09:48:28.313 0.8,0.0,0.0,0.0,0.0,-0.036842105263157815
2026-10-03T09:48:28.363 0.8,0.0,0.0,0.0,0.0,-0.036842105263157815
2026-10-03T09:48:28.414 0.8,0.0,0.0,0.0,0.0,-0.036842105263157815
2026-10-03T09:48:28.463 0.8,0.0,0.0,0.0,0.0,-0.036842105263157815
2026-10-03T09:48:28.523 0.8,0.0,0.0,0.0,0.0,-0.036842105263157815
2026-10-03T09:48:28.563 0.8,0.0,0.0,0.0,0.0,-0.036842105263157815
2026-10-03T09:48:28.612 0.8,0.0,0.0,0.0,0.0,-0.036842105263157815
2026-10-03T09:48:28.663 0.8,0.0,0.0,0.0,0.0,-0.036842105263157815
2026-10-03T09:48:28.713 0.8,0.0,0.0,0.0,0.0,-0.036842105263157815
2026-10-03T09:48:28.773 0.8,0.0,0.0,0.0,0.0,-0.036842105263157815
2026-10-03T09:48:28.813 0.8,0.0,0.0,0.0,0.0,-0.036842105263157815
2026-10-03T09:48:28.862 0.8,0.0,0.0,0.0,0.0,-0.036842105263157815
2026-10-03T09:48:28.913 0.8,0.0,0.0,0.0,0.0,-0.036842105263157815
2026-10-03T09:48:28.963 0.8,0.0,0.0,0.0,0.0,-0.036842105263157815
2026-10-03T09:48:29.012 0.8,0.0,0.0,0.0,0.0,-0.036842105263157815
2026-10-03T09:48:29.062 0.8,0.0,0.0,0.0,0.0,-0.036842105263157815
2026-10-03T09:48:29.123 0.8,0.0,0.0,0.0,0.0,-0.036842105263157815
2026-10-03T09:48:29.173 0.8,0.0,0.0,0.0,0.0,-0.036842105263157815
2026-10-03T09:48:29.213 0.8,0.0,0.0,0.0,0.0,-0.1105263157894736
2026-10-03T09:48:29.263 0.8,0.0,0.0,0.0,0.0,-0.1105263157894736
2026-10-03T09:48:29.312 0.7578947368421055,0.0,0.0,0.0,0.0,-0.1105263157894736
2026-10-03T09:48:29.363 0.7578947368421055,0.0,0.0,0.0,0.0,-0.1105263157894736
2026-10-03T09:48:29.413 0.7578947368421055,0.0,0.0,0.0,0.0,-0.1105263157894736
2026-10-03T09:48:29.463 0.8,0.0,0.0,0.0,0.0,-0.1105263157894736
2026-10-03T09:48:29.513 0.8,0.0,0.0,0.0,0.0,-0.1105263157894736
2026-10-03T09:48:29.563 0.8,0.0,0.0,0.0,0.0,-0.1105263157894736
2026-10-03T09:48:29.613 0.8,0.0,0.0,0.0,0.0,-0.1105263157894736
2026-10-03T09:48:29.663 0.8,0.0,0.0,0.0,0.0,-0.1105263157894736
2026-10-03T09:48:29.713 0.8,0.0,0.0,0.0,0.0,-0.2578947368421052
2026-10-03T09:48:29.763 0.8,0.0,0.0,0.0,0.0,-0.2578947368421052
2026-10-03T09:48:29.813 0.8,0.0,0.0,0.0,0.0,-0.2578947368421052
2026-10-03T09:48:29.863 0.8,0.0,0.0,0.0,0.0,-0.2578947368421052
2026-10-03T09:48:29.913 0.8,0.0,0.0,0.0,0.0,-0.2578947368421052
2026-10-03T09:48:29.963 0.8,0.0,0.0,0.0,0.0,-0.2578947368421052
2026-10-03T09:48:30.013 0.8,0.0,0.0,0.0,0.0,-0.2578947368421052
2026-10-03T09:48:30.065 0.8,0.0,0.0,0.0,0.0,-0.2578947368421052
2026-10-03T09:48:30.113 0.8,0.0,0.0,0.0,0.0,-0.2578947368421052
2026-10-03T09:48:30.163 0.8,0.0,0.0,0.0,0.0,-0.2578947368421052
2026-10-03T09:48:30.213 0.8,0.0,0.0,0.0,0.0,-0.2578947368421052
2026-10-03T09:48:30.263 0.8,0.0,0.0,0.0,0.0,-0.18421052631578938
2026-10-03T09:48:30.312 0.8,0.0,0.0,0.0,0.0,-0.18421052631578938
2026-10-03T09:48:30.373 0.8,0.0,0.0,0.0,0.0,-0.18421052631578938
2026-10-03T09:48:30.412 0.8,0.0,0.0,0.0,0.0,-0.18421052631578938
2026-10-03T09:48:30.463 0.8,0.0,0.0,0.0,0.0,-0.18421052631578938
2026-10-03T09:48:30.514 0.8,0.0,0.0,0.0,0.0,-0.18421052631578938
2026-10-03T09:48:30.562 0.8,0.0,0.0,0.0,0.0,-0.18421052631578938
2026-10-03T09:48:30.612 0.8,0.0,0.0,0.0,0.0,-0.18421052631578938
2026-10-03T09:48:30.663 0.8,0.0,0.0,0.0,0.0,-0.1105263157894736
2026-10-03T09:48:30.713 0.8,0.0,0.0,0.0,0.0,-0.1105263157894736
2026-10-03T09:48:30.762 0.8,0.0,0.0,0.0,0.0,-0.18421052631578938
2026-10-03T09:48:30.812 0.8,0.0,0.0,0.0,0.0,-0.1105263157894736
2026-10-03T09:48:30.863 0.8,0.0,0.0,0.0,0.0,-0.1105263157894736
2026-10-03T09:48:30.913 0.8,0.0,0.0,0.0,0.0,-0.1105263157894736
2026-10-03T09:48:30.962 0.8,0.0,0.0,0.0,0.0,-0.1105263157894736
2026-10-03T09:48:31.012 0.8,0.0,0.0,0.0,0.0,-0.1105263157894736
2026-10-03T09:48:31.063 0.8,0.0,0.0,0.0,0.0,-0.1105263157894736
2026-10-03T09:48:31.124 0.8,0.0,0.0,0.0,0.0,-0.1105263157894736
2026-10-03T09:48:31.163 0.8,0.0,0.0,0.0,0.0,-0.1105263157894736
2026-10-03T09:48:31.213 0.8,0.0,0.0,0.0,0.0,-0.1105263157894736
2026-10-03T09:48:31.262 0.8,0.0,0.0,0.0,0.0,-0.18421052631578938
2026-10-03T09:48:31.313 0.8,0.0,0.0,0.0,0.0,-0.18421052631578938
2026-10-03T09:48:31.373 0.8,0.0,0.0,0.0,0.0,-0.18421052631578938
2026-10-03T09:48:31.413 0.7578947368421055,0.0,0.0,0.0,0.0,-0.18421052631578938
2026-10-03T09:48:31.463 0.7578947368421055,0.0,0.0,0.0,0.0,-0.18421052631578938
2026-10-03T09:48:31.512 0.8,0.0,0.0,0.0,0.0,-0.18421052631578938
2026-10-03T09:48:31.563 0.8,0.0,0.0,0.0,0.0,-0.18421052631578938
2026-10-03T09:48:31.613 0.8,0.0,0.0,0.0,0.0,-0.18421052631578938
2026-10-03T09:48:31.662 0.8,0.0,0.0,0.0,0.0,-0.18421052631578938
2026-10-03T09:48:31.713 0.8,0.0,0.0,0.0,0.0,-0.18421052631578938
2026-10-03T09:48:31.763 0.8,0.0,0.0,0.0,0.0,-0.18421052631578938
2026-10-03T09:48:31.813 0.8,0.0,0.0,0.0,0.0,-0.18421052631578938
2026-10-03T09:48:31.873 0.8,0.0,0.0,0.0,0.0,-0.1105263157894736
2026-10-03T09:48:31.914 0.8,0.0,0.0,0.0,0.0,-0.1105263157894736
2026-10-03T09:48:31.963 0.8,0.0,0.0,0.0,0.0,-0.1105263157894736
2026-10-03T09:48:32.012 0.8,0.0,0.0,0.0,0.0,-0.1105263157894736
2026-10-03T09:48:32.063 0.8,0.0,0.0,0.0,0.0,-0.1105263157894736
2026-10-03T09:48:32.123 0.8,0.0,0.0,0.0,0.0,-0.1105263157894736
2026-10-03T09:48:32.163 0.8,0.0,0.0,0.0,0.0,-0.1105263157894736
2026-10-03T09:48:32.213 0.8,0.0,0.0,0.0,0.0,-0.1105263157894736
2026-10-03T09:48:32.262 0.8,0.0,0.0,0.0,0.0,-0.1105263157894736
2026-10-03T09:48:31.776 0.8,0.0,0.0,0.0,0.0,-0.18421052631578938
2026-10-03T09:48:31.837 0.8,0.0,0.0,0.0,0.0,-0.18421052631578938
2026-10-03T09:48:31.877 0.8,0.0,0.0,0.0,0.0,-0.18421052631578938
2026-10-03T09:48:31.926 0.8,0.0,0.0,0.0,0.0,-0.18421052631578938
2026-10-03T09:48:31.977 0.8,0.0,0.0,0.0,0.0,-0.18421052631578938
2026-10-03T09:48:32.027 0.8,0.0,0.0,0.0,0.0,-0.18421052631578938
2026-10-03T09:48:32.076 0.8,0.0,0.0,0.0,0.0,-0.1105263157894736
2026-10-03T09:48:32.126 0.8,0.0,0.0,0.0,0.0,-0.1105263157894736
2026-10-03T09:48:32.176 0.8,0.0,0.0,0.0,0.0,-0.1105263157894736
2026-10-03T09:48:32.228 0.8,0.0,0.0,0.0,0.0,-0.1105263157894736
2026-10-03T09:48:32.276 0.8,0.0,0.0,0.0,0.0,-0.1105263157894736
2026-10-03T09:48:32.327 0.8,0.0,0.0,0.0,0.0,-0.1105263157894736
2026-10-03T09:48:32.377 0.8,0.0,0.0,0.0,0.0,-0.1105263157894736
2026-10-03T09:48:32.427 0.8,0.0,0.0,0.0,0.0,-0.1105263157894736
2026-10-03T09:48:32.476 0.8,0.0,0.0,0.0,0.0,-0.1105263157894736
2026-10-03T09:48:32.526 0.8,0.0,0.0,0.0,0.0,-0.1105263157894736
2026-10-03T09:48:32.576 0.8,0.0,0.0,0.0,0.0,-0.1105263157894736
2026-10-03T09:48:32.627 0.8,0.0,0.0,0.0,0.0,-0.1105263157894736
2026-10-03T09:48:32.677 0.8,0.0,0.0,0.0,0.0,-0.1105263157894736
2026-10-03T09:48:32.727 0.8,0.0,0.0,0.0,0.0,-0.1105263157894736
2026-10-03T09:48:32.776 0.8,0.0,0.0,0.0,0.0,-0.1105263157894736
2026-10-03T09:48:32.827 0.8,0.0,0.0,0.0,0.0,-0.1105263157894736
2026-10-03T09:48:32.887 0.8,0.0,0.0,0.0,0.0,-0.1105263157894736
2026-10-03T09:48:32.926 0.8,0.0,0.0,0.0,0.0,-0.1105263157894736
2026-10-03T09:48:32.977 0.8,0.0,0.0,0.0,0.0,-0.1105263157894736
2026-10-03T09:48:33.027 0.7578947368421055,0.0,0.0,0.0,0.0,-0.1105263157894736
2026-10-03T09:48:33.076 0.8,0.0,0.0,0.0,0.0,-0.036842105263157815
2026-10-03T09:48:33.126 0.8,0.0,0.0,0.0,0.0,-0.036842105263157815
2026-10-03T09:48:33.176 0.8,0.0,0.0,0.0,0.0,-0.036842105263157815
2026-10-03T09:48:33.226 0.8,0.0,0.0,0.0,0.0,-0.036842105263157815
2026-10-03T09:48:33.276 0.8,0.0,0.0,0.0,0.0,-0.036842105263157815
2026-10-03T09:48:33.327 0.8,0.0,0.0,0.0,0.0,0.12315789473684219
2026-10-03T09:48:33.377 0.8,0.0,0.0,0.0,0.0,0.25789473684210534
2026-10-03T09:48:33.427 0.8,0.0,0.0,0.0,0.0,0.25789473684210534
2026-10-03T09:48:33.477 0.8,0.0,0.0,0.0,0.0,0.25789473684210534
2026-10-03T09:48:33.527 0.8,0.0,0.0,0.0,0.0,0.25789473684210534
2026-10-03T09:48:33.576 0.8,0.0,0.0,0.0,0.0,0.25789473684210534
2026-10-03T09:48:33.626 0.8,0.0,0.0,0.0,0.0,0.25789473684210534
2026-10-03T09:48:33.676 0.8,0.0,0.0,0.0,0.0,0.25789473684210534
2026-10-03T09:48:33.727 0.8,0.0,0.0,0.0,0.0,0.25789473684210534
2026-10-03T09:48:33.776 0.8,0.0,0.0,0.0,0.0,0.4178947368421053
2026-10-03T09:48:33.826 0.8,0.0,0.0,0.0,0.0,0.5526315789473685
2026-10-03T09:48:33.876 0.8,0.0,0.0,0.0,0.0,0.5526315789473685
2026-10-03T09:48:33.926 0.8,0.0,0.0,0.0,0.0,0.5526315789473685
2026-10-03T09:48:33.977 0.8,0.0,0.0,0.0,0.0,0.5526315789473685
2026-10-03T09:48:34.026 0.8,0.0,0.0,0.0,0.0,0.5526315789473685
2026-10-03T09:48:34.077 0.8,0.0,0.0,0.0,0.0,0.5526315789473685
2026-10-03T09:48:34.127 0.8,0.0,0.0,0.0,0.0,0.5526315789473685
2026-10-03T09:48:34.177 0.8,0.0,0.0,0.0,0.0,0.5526315789473685
2026-10-03T09:48:34.227 0.8,0.0,0.0,0.0,0.0,0.5526315789473685
2026-10-03T09:48:34.277 0.8,0.0,0.0,0.0,0.0,0.6263157894736843
2026-10-03T09:48:34.327 0.8,0.0,0.0,0.0,0.0,0.46631578947368424
2026-10-03T09:48:34.387 0.8,0.0,0.0,0.0,0.0,0.40526315789473694
2026-10-03T09:48:34.426 0.8,0.0,0.0,0.0,0.0,0.40526315789473694
2026-10-03T09:48:34.477 0.8,0.0,0.0,0.0,0.0,0.40526315789473694
2026-10-03T09:48:34.527 0.8,0.0,0.0,0.0,0.0,0.40526315789473694
2026-10-03T09:48:34.576 0.8,0.0,0.0,0.0,0.0,0.33157894736842114
2026-10-03T09:48:34.626 0.8,0.0,0.0,0.0,0.0,0.40526315789473694
2026-10-03T09:48:34.677 0.8,0.0,0.0,0.0,0.0,0.40526315789473694
2026-10-03T09:48:34.726 0.8,0.0,0.0,0.0,0.0,0.40526315789473694
2026-10-03T09:48:34.776 0.8,0.0,0.0,0.0,0.0,0.40526315789473694
2026-10-03T09:48:34.826 0.8,0.0,0.0,0.0,0.0,0.33157894736842114
2026-10-03T09:48:34.876 0.8,0.0,0.0,0.0,0.0,0.40526315789473694
2026-10-03T09:48:34.926 0.8,0.0,0.0,0.0,0.0,0.40526315789473694
2026-10-03T09:48:34.977 0.8,0.0,0.0,0.0,0.0,0.40526315789473694
2026-10-03T09:48:35.026 0.8,0.0,0.0,0.0,0.0,0.40526315789473694
2026-10-03T09:48:35.076 0.8,0.0,0.0,0.0,0.0,0.33157894736842114
2026-10-03T09:48:35.126 0.8,0.0,0.0,0.0,0.0,0.33157894736842114
2026-10-03T09:48:35.176 0.8,0.0,0.0,0.0,0.0,0.33157894736842114
2026-10-03T09:48:35.226 0.8,0.0,0.0,0.0,0.0,0.33157894736842114
2026-10-03T09:48:35.276 0.8,0.0,0.0,0.0,0.0,0.33157894736842114
2026-10-03T09:48:35.327 0.8,0.0,0.0,0.0,0.0,0.33157894736842114
2026-10-03T09:48:35.376 0.8,0.0,0.0,0.0,0.0,0.25789473684210534
2026-10-03T09:48:35.426 0.8,0.0,0.0,0.0,0.0,0.18421052631578955
2026-10-03T09:48:35.476 0.8,0.0,0.0,0.0,0.0,0.25789473684210534
2026-10-03T09:48:35.526 0.8,0.0,0.0,0.0,0.0,0.25789473684210534
2026-10-03T09:48:35.576 0.8,0.0,0.0,0.0,0.0,0.18421052631578955
2026-10-03T09:48:35.626 0.8,0.0,0.0,0.0,0.0,0.18421052631578955
2026-10-03T09:48:35.676 0.8,0.0,0.0,0.0,0.0,0.18421052631578955
2026-10-03T09:48:35.726 0.8,0.0,0.0,0.0,0.0,0.18421052631578955
2026-10-03T09:48:35.776 0.8,0.0,0.0,0.0,0.0,0.18421052631578955
2026-10-03T09:48:35.826 0.8,0.0,0.0,0.0,0.0,0.18421052631578955
2026-10-03T09:48:35.876 0.8,0.0,0.0,0.0,0.0,0.18421052631578955
2026-10-03T09:48:35.926 0.8,0.0,0.0,0.0,0.0,0.18421052631578955
2026-10-03T09:48:35.977 0.8,0.0,0.0,0.0,0.0,0.18421052631578955
2026-10-03T09:48:36.026 0.8,0.0,0.0,0.0,0.0,0.18421052631578955
2026-10-03T09:48:36.077 0.8,0.0,0.0,0.0,0.0,0.18421052631578955
2026-10-03T09:48:36.126 0.8,0.0,0.0,0.0,0.0,0.18421052631578955
2026-10-03T09:48:36.176 0.8,0.0,0.0,0.0,0.0,0.18421052631578955
2026-10-03T09:48:36.226 0.8,0.0,0.0,0.0,0.0,0.18421052631578955
2026-10-03T09:48:36.287 0.8,0.0,0.0,0.0,0.0,0.18421052631578955
2026-10-03T09:48:36.327 0.8,0.0,0.0,0.0,0.0,0.18421052631578955
2026-10-03T09:48:36.376 0.8,0.0,0.0,0.0,0.0,0.18421052631578955
2026-10-03T09:48:36.426 0.8,0.0,0.0,0.0,0.0,0.18421052631578955
2026-10-03T09:48:36.476 0.8,0.0,0.0,0.0,0.0,0.18421052631578955
2026-10-03T09:48:36.536 0.8,0.0,0.0,0.0,0.0,0.18421052631578955
2026-10-03T09:48:36.576 0.8,0.0,0.0,0.0,0.0,0.18421052631578955
2026-10-03T09:48:36.626 0.8,0.0,0.0,0.0,0.0,0.11052631578947375
2026-10-03T09:48:36.676 0.8,0.0,0.0,0.0,0.0,0.11052631578947375
2026-10-03T09:48:36.726 0.8,0.0,0.0,0.0,0.0,0.18421052631578955
2026-10-03T09:48:36.776 0.8,0.0,0.0,0.0,0.0,0.18421052631578955
2026-10-03T09:48:36.827 0.8,0.0,0.0,0.0,0.0,0.11052631578947375
2026-10-03T09:48:36.876 0.8,0.0,0.0,0.0,0.0,0.11052631578947375
2026-10-03T09:48:36.926 0.8,0.0,0.0,0.0,0.0,0.18421052631578955
2026-10-03T09:48:36.976 0.8,0.0,0.0,0.0,0.0,0.11052631578947375
2026-10-03T09:48:37.027 0.8,0.0,0.0,0.0,0.0,0.11052631578947375
2026-10-03T09:48:37.076 0.8,0.0,0.0,0.0,0.0,0.11052631578947375
2026-10-03T09:48:37.126 0.8,0.0,0.0,0.0,0.0,0.11052631578947375
2026-10-03T09:48:37.176 0.8,0.0,0.0,0.0,0.0,0.11052631578947375
2026-10-03T09:48:37.226 0.8,0.0,0.0,0.0,0.0,0.11052631578947375
2026-10-03T09:48:37.277 0.8,0.0,0.0,0.0,0.0,0.11052631578947375
2026-10-03T09:48:37.327 0.8,0.0,0.0,0.0,0.0,0.11052631578947375
2026-10-03T09:48:37.376 0.8,0.0,0.0,0.0,0.0,0.11052631578947375
2026-10-03T09:48:37.427 0.8,0.0,0.0,0.0,0.0,0.11052631578947375
2026-10-03T09:48:37.476 0.8,0.0,0.0,0.0,0.0,0.11052631578947375
2026-10-03T09:48:37.526 0.8,0.0,0.0,0.0,0.0,0.11052631578947375
2026-10-03T09:48:37.576 0.8,0.0,0.0,0.0,0.0,0.11052631578947375
2026-10-03T09:48:37.627 0.8,0.0,0.0,0.0,0.0,0.11052631578947375
2026-10-03T09:48:37.676 0.8,0.0,0.0,0.0,0.0,0.11052631578947375
2026-10-03T09:48:37.727 0.8,0.0,0.0,0.0,0.0,0.11052631578947375
2026-10-03T09:48:37.776 0.8,0.0,0.0,0.0,0.0,0.11052631578947375
2026-10-03T09:48:37.827 0.8,0.0,0.0,0.0,0.0,0.11052631578947375
2026-10-03T09:48:37.877 0.8,0.0,0.0,0.0,0.0,0.11052631578947375
2026-10-03T09:48:37.927 0.8,0.0,0.0,0.0,0.0,0.11052631578947375
2026-10-03T09:48:37.976 0.8,0.0,0.0,0.0,0.0,0.11052631578947375
2026-10-03T09:48:38.026 0.8,0.0,0.0,0.0,0.0,0.11052631578947375
2026-10-03T09:48:38.076 0.8,0.0,0.0,0.0,0.0,0.11052631578947375
2026-10-03T09:48:38.128 0.8,0.0,0.0,0.0,0.0,0.11052631578947375
2026-10-03T09:48:38.177 0.8,0.0,0.0,0.0,0.0,0.03684210526315797
2026-10-03T09:48:38.227 0.8,0.0,0.0,0.0,0.0,0.03684210526315797
2026-10-03T09:48:38.276 0.8,0.0,0.0,0.0,0.0,0.03684210526315797
2026-10-03T09:48:38.327 0.8,0.0,0.0,0.0,0.0,0.11052631578947375
2026-10-03T09:48:38.376 0.8,0.0,0.0,0.0,0.0,0.11052631578947375
2026-10-03T09:48:38.426 0.8,0.0,0.0,0.0,0.0,-0.04947368421052625
2026-10-03T09:48:38.476 0.8,0.0,0.0,0.0,0.0,-0.1105263157894736
2026-10-03T09:48:38.527 0.8,0.0,0.0,0.0,0.0,-0.1105263157894736
2026-10-03T09:48:38.576 0.8,0.0,0.0,0.0,0.0,-0.1105263157894736
2026-10-03T09:48:38.627 0.8,0.0,0.0,0.0,0.0,-0.1105263157894736
2026-10-03T09:48:38.676 0.8,0.0,0.0,0.0,0.0,-0.1105263157894736
2026-10-03T09:48:38.727 0.8,0.0,0.0,0.0,0.0,-0.18421052631578938
2026-10-03T09:48:38.776 0.8,0.0,0.0,0.0,0.0,-0.18421052631578938
2026-10-03T09:48:38.827 0.8,0.0,0.0,0.0,0.0,-0.18421052631578938
2026-10-03T09:48:38.877 0.8,0.0,0.0,0.0,0.0,-0.18421052631578938
2026-10-03T09:48:38.937 0.8,0.0,0.0,0.0,0.0,-0.18421052631578938
2026-10-03T09:48:38.977 0.8,0.0,0.0,0.0,0.0,-0.18421052631578938
2026-10-03T09:48:39.027 0.8,0.0,0.0,0.0,0.0,-0.18421052631578938
2026-10-03T09:48:39.077 0.8,0.0,0.0,0.0,0.0,-0.18421052631578938
2026-10-03T09:48:39.126 0.8,0.0,0.0,0.0,0.0,-0.18421052631578938
2026-10-03T09:48:39.176 0.8,0.0,0.0,0.0,0.0,-0.18421052631578938
2026-10-03T09:48:39.227 0.8,0.0,0.0,0.0,0.0,-0.18421052631578938
2026-10-03T09:48:39.277 0.8,0.0,0.0,0.0,0.0,-0.18421052631578938
2026-10-03T09:48:39.327 0.8,0.0,0.0,0.0,0.0,-0.18421052631578938
2026-10-03T09:48:39.376 0.8,0.0,0.0,0.0,0.0,-0.18421052631578938
2026-10-03T09:48:39.426 0.8,0.0,0.0,0.0,0.0,-0.18421052631578938
2026-10-03T09:48:39.476 0.8,0.0,0.0,0.0,0.0,-0.1105263157894736
2026-10-03T09:48:39.527 0.8,0.0,0.0,0.0,0.0,-0.1105263157894736
2026-10-03T09:48:39.576 0.8,0.0,0.0,0.0,0.0,-0.1105263157894736
2026-10-03T09:48:39.627 0.8,0.0,0.0,0.0,0.0,-0.1105263157894736
2026-10-03T09:48:39.676 0.8,0.0,0.0,0.0,0.0,-0.1105263157894736
2026-10-03T09:48:39.728 0.8,0.0,0.0,0.0,0.0,-0.1105263157894736
2026-10-03T09:48:39.777 0.8,0.0,0.0,0.0,0.0,-0.1105263157894736
2026-10-03T09:48:39.827 0.8,0.0,0.0,0.0,0.0,-0.1105263157894736
2026-10-03T09:48:39.876 0.8,0.0,0.0,0.0,0.0,-0.1105263157894736
2026-10-03T09:48:39.926 0.8,0.0,0.0,0.0,0.0,-0.1105263157894736
2026-10-03T09:48:39.976 0.8,0.0,0.0,0.0,0.0,-0.1105263157894736
2026-10-03T09:48:40.027 0.8,0.0,0.0,0.0,0.0,-0.1105263157894736
2026-10-03T09:48:40.076 0.8,0.0,0.0,0.0,0.0,-0.1105263157894736
2026-10-03T09:48:40.127 0.8,0.0,0.0,0.0,0.0,-0.1105263157894736
2026-10-03T09:48:40.177 0.8,0.0,0.0,0.0,0.0,-0.1105263157894736
2026-10-03T09:48:40.228 0.8,0.0,0.0,0.0,0.0,-0.1105263157894736
2026-10-03T09:48:40.276 0.8,0.0,0.0,0.0,0.0,-0.1105263157894736
2026-10-03T09:48:40.326 0.8,0.0,0.0,0.0,0.0,-0.1105263157894736
2026-10-03T09:48:40.376 0.8,0.0,0.0,0.0,0.0,-0.18421052631578938
2026-10-03T09:48:40.427 0.8,0.0,0.0,0.0,0.0,-0.18421052631578938
2026-10-03T09:48:40.476 0.8,0.0,0.0,0.0,0.0,-0.18421052631578938
2026-10-03T09:48:40.527 0.8,0.0,0.0,0.0,0.0,-0.18421052631578938
2026-10-03T09:48:40.576 0.8,0.0,0.0,0.0,0.0,-0.18421052631578938
2026-10-03T09:48:40.626 0.8,0.0,0.0,0.0,0.0,-0.18421052631578938
2026-10-03T09:48:40.677 0.8,0.0,0.0,0.0,0.0,-0.18421052631578938
2026-10-03T09:48:40.737 0.8,0.0,0.0,0.0,0.0,-0.18421052631578938
2026-10-03T09:48:40.776 0.8,0.0,0.0,0.0,0.0,-0.18421052631578938
2026-10-03T09:48:40.827 0.8,0.0,0.0,0.0,0.0,-0.18421052631578938
2026-10-03T09:48:40.877 0.8,0.0,0.0,0.0,0.0,-0.18421052631578938
2026-10-03T09:48:40.927 0.8,0.0,0.0,0.0,0.0,-0.18421052631578938
2026-10-03T09:48:40.976 0.8,0.0,0.0,0.0,0.0,-0.18421052631578938
2026-10-03T09:48:41.026 0.8,0.0,0.0,0.0,0.0,-0.1105263157894736
2026-10-03T09:48:41.077 0.8,0.0,0.0,0.0,0.0,-0.1105263157894736
2026-10-03T09:48:41.127 0.8,0.0,0.0,0.0,0.0,-0.1105263157894736
2026-10-03T09:48:41.176 0.8,0.0,0.0,0.0,0.0,-0.1105263157894736
2026-10-03T09:48:41.227 0.8,0.0,0.0,0.0,0.0,-0.1105263157894736
2026-10-03T09:48:41.277 0.8,0.0,0.0,0.0,0.0,-0.1105263157894736
2026-10-03T09:48:41.337 0.8,0.0,0.0,0.0,0.0,-0.1105263157894736
2026-10-03T09:48:41.377 0.8,0.0,0.0,0.0,0.0,-0.1105263157894736
2026-10-03T09:48:41.426 0.8,0.0,0.0,0.0,0.0,-0.1105263157894736
2026-10-03T09:48:41.476 0.8,0.0,0.0,0.0,0.0,-0.1105263157894736
2026-10-03T09:48:41.526 0.8,0.0,0.0,0.0,0.0,-0.1105263157894736
2026-10-03T09:48:41.576 0.8,0.0,0.0,0.0,0.0,-0.1105263157894736
2026-10-03T09:48:41.626 0.8,0.0,0.0,0.0,0.0,-0.1105263157894736
2026-10-03T09:48:41.676 0.8,0.0,0.0,0.0,0.0,-0.1105263157894736
2026-10-03T09:48:41.727 0.8,0.0,0.0,0.0,0.0,-0.1105263157894736
2026-10-03T09:48:41.776 0.8,0.0,0.0,0.0,0.0,-0.1105263157894736
2026-10-03T09:48:41.826 0.8,0.0,0.0,0.0,0.0,-0.1105263157894736
2026-10-03T09:48:41.877 0.8,0.0,0.0,0.0,0.0,-0.1105263157894736
2026-10-03T09:48:41.926 0.8,0.0,0.0,0.0,0.0,-0.1105263157894736
2026-10-03T09:48:41.976 0.8,0.0,0.0,0.0,0.0,-0.1105263157894736
2026-10-03T09:48:42.026 0.8,0.0,0.0,0.0,0.0,-0.036842105263157815
2026-10-03T09:48:42.076 0.8,0.0,0.0,0.0,0.0,-0.036842105263157815
2026-10-03T09:48:42.126 0.8,0.0,0.0,0.0,0.0,-0.036842105263157815
2026-10-03T09:48:42.176 0.8,0.0,0.0,0.0,0.0,-0.036842105263157815
2026-10-03T09:48:42.226 0.8,0.0,0.0,0.0,0.0,-0.036842105263157815
2026-10-03T09:48:42.276 0.8,0.0,0.0,0.0,0.0,-0.036842105263157815
2026-10-03T09:48:42.326 0.8,0.0,0.0,0.0,0.0,-0.036842105263157815
2026-10-03T09:48:42.376 0.8,0.0,0.0,0.0,0.0,-0.036842105263157815
2026-10-03T09:48:42.427 0.8,0.0,0.0,0.0,0.0,-0.036842105263157815
2026-10-03T09:48:42.476 0.8,0.0,0.0,0.0,0.0,-0.036842105263157815
2026-10-03T09:48:42.527 0.8,0.0,0.0,0.0,0.0,0.0
2026-10-03T09:48:42.586 0.8,0.0,0.0,0.0,0.0,0.0
2026-10-03T09:48:42.626 0.8,0.0,0.0,0.0,0.0,0.0
2026-10-03T09:48:42.677 0.8,0.0,0.0,0.0,0.0,0.0
2026-10-03T09:48:42.727 0.8,0.0,0.0,0.0,0.0,0.0
2026-10-03T09:48:42.776 0.7578947368421055,0.0,0.0,0.0,0.0,0.0
2026-10-03T09:48:42.827 0.7578947368421055,0.0,0.0,0.0,0.0,0.0
2026-10-03T09:48:42.876 0.7578947368421055,0.0,0.0,0.0,0.0,0.0
2026-10-03T09:48:42.927 0.7578947368421055,0.0,0.0,0.0,0.0,0.0
2026-10-03T09:48:42.977 0.7157894736842108,0.0,0.0,0.0,0.0,-0.16
2026-10-03T09:48:43.026 0.7157894736842108,0.0,0.0,0.0,0.0,-0.18421052631578938
2026-10-03T09:48:43.076 0.7157894736842108,0.0,0.0,0.0,0.0,-0.18421052631578938
2026-10-03T09:48:43.127 0.7157894736842108,0.0,0.0,0.0,0.0,-0.18421052631578938
2026-10-03T09:48:43.177 0.7157894736842108,0.0,0.0,0.0,0.0,-0.18421052631578938
2026-10-03T09:48:43.226 0.7157894736842108,0.0,0.0,0.0,0.0,-0.18421052631578938
2026-10-03T09:48:43.277 0.673684210526316,0.0,0.0,0.0,0.0,-0.18421052631578938
2026-10-03T09:48:43.326 0.673684210526316,0.0,0.0,0.0,0.0,-0.18421052631578938
2026-10-03T09:48:43.376 0.673684210526316,0.0,0.0,0.0,0.0,-0.18421052631578938
2026-10-03T09:48:43.426 0.673684210526316,0.0,0.0,0.0,0.0,-0.18421052631578938
2026-10-03T09:48:43.476 0.673684210526316,0.0,0.0,0.0,0.0,-0.18421052631578938
2026-10-03T09:48:43.526 0.6315789473684212,0.0,0.0,0.0,0.0,-0.18421052631578938
2026-10-03T09:48:43.576 0.6315789473684212,0.0,0.0,0.0,0.0,-0.18421052631578938
2026-10-03T09:48:43.626 0.6315789473684212,0.0,0.0,0.0,0.0,-0.18421052631578938
2026-10-03T09:48:43.676 0.6315789473684212,0.0,0.0,0.0,0.0,-0.18421052631578938
2026-10-03T09:48:43.727 0.6315789473684212,0.0,0.0,0.0,0.0,-0.18421052631578938
2026-10-03T09:48:43.777 0.6315789473684212,0.0,0.0,0.0,0.0,-0.18421052631578938
2026-10-03T09:48:43.826 0.6315789473684212,0.0,0.0,0.0,0.0,-0.18421052631578938
2026-10-03T09:48:43.877 0.5473684210526317,0.0,0.0,0.0,0.0,-0.2578947368421052
2026-10-03T09:48:43.926 0.5894736842105265,0.0,0.0,0.0,0.0,-0.18421052631578938
2026-10-03T09:48:43.976 0.5894736842105265,0.0,0.0,0.0,0.0,-0.18421052631578938
2026-10-03T09:48:44.027 0.5894736842105265,0.0,0.0,0.0,0.0,-0.18421052631578938
2026-10-03T09:48:44.077 0.5894736842105265,0.0,0.0,0.0,0.0,-0.18421052631578938
2026-10-03T09:48:44.127 0.5894736842105265,0.0,0.0,0.0,0.0,-0.18421052631578938
2026-10-03T09:48:44.176 0.5894736842105265,0.0,0.0,0.0,0.0,-0.18421052631578938
2026-10-03T09:48:44.227 0.5894736842105265,0.0,0.0,0.0,0.0,-0.18421052631578938
2026-10-03T09:48:44.276 0.505263157894737,0.0,0.0,0.0,0.0,-0.2578947368421052
2026-10-03T09:48:44.326 0.5473684210526317,0.0,0.0,0.0,0.0,-0.18421052631578938
2026-10-03T09:48:44.376 0.5473684210526317,0.0,0.0,0.0,0.0,-0.18421052631578938
2026-10-03T09:48:44.426 0.5473684210526317,0.0,0.0,0.0,0.0,-0.18421052631578938
2026-10-03T09:48:44.476 0.5473684210526317,0.0,0.0,0.0,0.0,-0.18421052631578938
2026-10-03T09:48:44.526 0.5473684210526317,0.0,0.0,0.0,0.0,-0.18421052631578938
2026-10-03T09:48:44.577 0.5473684210526317,0.0,0.0,0.0,0.0,-0.18421052631578938
2026-10-03T09:48:44.627 0.505263157894737,0.0,0.0,0.0,0.0,-0.2578947368421052
2026-10-03T09:48:44.676 0.505263157894737,0.0,0.0,0.0,0.0,-0.18421052631578938
2026-10-03T09:48:44.726 0.505263157894737,0.0,0.0,0.0,0.0,-0.18421052631578938
2026-10-03T09:48:44.776 0.505263157894737,0.0,0.0,0.0,0.0,-0.18421052631578938
2026-10-03T09:48:44.826 0.505263157894737,0.0,0.0,0.0,0.0,-0.18421052631578938
2026-10-03T09:48:44.877 0.505263157894737,0.0,0.0,0.0,0.0,-0.18421052631578938
2026-10-03T09:48:44.926 0.505263157894737,0.0,0.0,0.0,0.0,-0.18421052631578938
2026-10-03T09:48:44.976 0.505263157894737,0.0,0.0,0.0,0.0,-0.18421052631578938
2026-10-03T09:48:45.026 0.4631578947368422,0.0,0.0,0.0,0.0,-0.2578947368421052
2026-10-03T09:48:45.077 0.4631578947368422,0.0,0.0,0.0,0.0,-0.18421052631578938
2026-10-03T09:48:45.127 0.4631578947368422,0.0,0.0,0.0,0.0,-0.18421052631578938
2026-10-03T09:48:45.177 0.4631578947368422,0.0,0.0,0.0,0.0,-0.18421052631578938
2026-10-03T09:48:45.227 0.4631578947368422,0.0,0.0,0.0,0.0,-0.18421052631578938
2026-10-03T09:48:45.277 0.4631578947368422,0.0,0.0,0.0,0.0,-0.18421052631578938
2026-10-03T09:48:45.326 0.4631578947368422,0.0,0.0,0.0,0.0,-0.18421052631578938
2026-10-03T09:48:45.376 0.4631578947368422,0.0,0.0,0.0,0.0,-0.18421052631578938
2026-10-03T09:48:45.426 0.4631578947368422,0.0,0.0,0.0,0.0,-0.18421052631578938
2026-10-03T09:48:45.476 0.4631578947368422,0.0,0.0,0.0,0.0,-0.18421052631578938
2026-10-03T09:48:45.526 0.3789473684210527,0.0,0.0,0.0,0.0,-0.2578947368421052
2026-10-03T09:48:45.576 0.42105263157894746,0.0,0.0,0.0,0.0,-0.18421052631578938
2026-10-03T09:48:45.626 0.42105263157894746,0.0,0.0,0.0,0.0,-0.18421052631578938
2026-10-03T09:48:45.676 0.42105263157894746,0.0,0.0,0.0,0.0,-0.18421052631578938
2026-10-03T09:48:45.726 0.42105263157894746,0.0,0.0,0.0,0.0,-0.18421052631578938
2026-10-03T09:48:45.776 0.42105263157894746,0.0,0.0,0.0,0.0,-0.18421052631578938
2026-10-03T09:48:45.826 0.42105263157894746,0.0,0.0,0.0,0.0,-0.18421052631578938
2026-10-03T09:48:45.876 0.42105263157894746,0.0,0.0,0.0,0.0,-0.18421052631578938
2026-10-03T09:48:45.926 0.42105263157894746,0.0,0.0,0.0,0.0,-0.18421052631578938
2026-10-03T09:48:45.976 0.42105263157894746,0.0,0.0,0.0,0.0,-0.18421052631578938
2026-10-03T09:48:46.027 0.3789473684210527,0.0,0.0,0.0,0.0,-0.18421052631578938
2026-10-03T09:48:46.076 0.3789473684210527,0.0,0.0,0.0,0.0,-0.18421052631578938
2026-10-03T09:48:46.126 0.3789473684210527,0.0,0.0,0.0,0.0,-0.18421052631578938
2026-10-03T09:48:46.177 0.3789473684210527,0.0,0.0,0.0,0.0,-0.18421052631578938
2026-10-03T09:48:46.227 0.3789473684210527,0.0,0.0,0.0,0.0,-0.18421052631578938
2026-10-03T09:48:46.276 0.3789473684210527,0.0,0.0,0.0,0.0,-0.18421052631578938
2026-10-03T09:48:46.327 0.3789473684210527,0.0,0.0,0.0,0.0,-0.18421052631578938
2026-10-03T09:48:46.376 0.3789473684210527,0.0,0.0,0.0,0.0,-0.18421052631578938
2026-10-03T09:48:46.426 0.3789473684210527,0.0,0.0,0.0,0.0,-0.18421052631578938
2026-10-03T09:48:46.476 0.3789473684210527,0.0,0.0,0.0,0.0,-0.18421052631578938
2026-10-03T09:48:46.527 0.33684210526315794,0.0,0.0,0.0,0.0,-0.18421052631578938
2026-10-03T09:48:46.576 0.33684210526315794,0.0,0.0,0.0,0.0,-0.18421052631578938
2026-10-03T09:48:46.627 0.33684210526315794,0.0,0.0,0.0,0.0,-0.18421052631578938
2026-10-03T09:48:46.676 0.33684210526315794,0.0,0.0,0.0,0.0,-0.18421052631578938
2026-10-03T09:48:46.727 0.33684210526315794,0.0,0.0,0.0,0.0,-0.18421052631578938
2026-10-03T09:48:46.777 0.33684210526315794,0.0,0.0,0.0,0.0,-0.18421052631578938
2026-10-03T09:48:46.827 0.33684210526315794,0.0,0.0,0.0,0.0,-0.18421052631578938
2026-10-03T09:48:46.876 0.33684210526315794,0.0,0.0,0.0,0.0,-0.18421052631578938
2026-10-03T09:48:46.926 0.33684210526315794,0.0,0.0,0.0,0.0,-0.18421052631578938
2026-10-03T09:48:46.976 0.33684210526315794,0.0,0.0,0.0,0.0,-0.18421052631578938
2026-10-03T09:48:47.026 0.33684210526315794,0.0,0.0,0.0,0.0,-0.18421052631578938
2026-10-03T09:48:47.077 0.33684210526315794,0.0,0.0,0.0,0.0,-0.18421052631578938
2026-10-03T09:48:47.127 0.2947368421052632,0.0,0.0,0.0,0.0,-0.18421052631578938
2026-10-03T09:48:47.176 0.2947368421052632,0.0,0.0,0.0,0.0,-0.18421052631578938
2026-10-03T09:48:47.227 0.2947368421052632,0.0,0.0,0.0,0.0,-0.18421052631578938
2026-10-03T09:48:47.277 0.2947368421052632,0.0,0.0,0.0,0.0,-0.18421052631578938
2026-10-03T09:48:47.327 0.2947368421052632,0.0,0.0,0.0,0.0,-0.18421052631578938
2026-10-03T09:48:47.376 0.2947368421052632,0.0,0.0,0.0,0.0,-0.18421052631578938
2026-10-03T09:48:47.426 0.2947368421052632,0.0,0.0,0.0,0.0,-0.18421052631578938
2026-10-03T09:48:47.476 0.2947368421052632,0.0,0.0,0.0,0.0,-0.18421052631578938
2026-10-03T09:48:47.527 0.2947368421052632,0.0,0.0,0.0,0.0,-0.18421052631578938
2026-10-03T09:48:47.576 0.2947368421052632,0.0,0.0,0.0,0.0,-0.18421052631578938
2026-10-03T09:48:47.626 0.2947368421052632,0.0,0.0,0.0,0.0,-0.18421052631578938
2026-10-03T09:48:47.677 0.2947368421052632,0.0,0.0,0.0,0.0,-0.1105263157894736
2026-10-03T09:48:47.727 0.2947368421052632,0.0,0.0,0.0,0.0,-0.1105263157894736
2026-10-03T09:48:47.777 0.2947368421052632,0.0,0.0,0.0,0.0,-0.1105263157894736
2026-10-03T09:48:47.827 0.2947368421052632,0.0,0.0,0.0,0.0,-0.1105263157894736
2026-10-03T09:48:47.877 0.2947368421052632,0.0,0.0,0.0,0.0,-0.1105263157894736
2026-10-03T09:48:47.926 0.25263157894736843,0.0,0.0,0.0,0.0,-0.18421052631578938
2026-10-03T09:48:47.976 0.25263157894736843,0.0,0.0,0.0,0.0,-0.18421052631578938
2026-10-03T09:48:48.027 0.25263157894736843,0.0,0.0,0.0,0.0,-0.18421052631578938
2026-10-03T09:48:48.076 0.25263157894736843,0.0,0.0,0.0,0.0,-0.18421052631578938
2026-10-03T09:48:48.127 0.25263157894736843,0.0,0.0,0.0,0.0,-0.18421052631578938
2026-10-03T09:48:48.176 0.25263157894736843,0.0,0.0,0.0,0.0,-0.1105263157894736
2026-10-03T09:48:48.226 0.25263157894736843,0.0,0.0,0.0,0.0,-0.1105263157894736
2026-10-03T09:48:48.276 0.25263157894736843,0.0,0.0,0.0,0.0,-0.1105263157894736
2026-10-03T09:48:48.336 0.25263157894736843,0.0,0.0,0.0,0.0,-0.1105263157894736
2026-10-03T09:48:48.376 0.25263157894736843,0.0,0.0,0.0,0.0,-0.1105263157894736
2026-10-03T09:48:48.427 0.25263157894736843,0.0,0.0,0.0,0.0,-0.1105263157894736
2026-10-03T09:48:48.476 0.25263157894736843,0.0,0.0,0.0,0.0,-0.1105263157894736
2026-10-03T09:48:48.527 0.25263157894736843,0.0,0.0,0.0,0.0,-0.1105263157894736
2026-10-03T09:48:48.576 0.25263157894736843,0.0,0.0,0.0,0.0,-0.1105263157894736
2026-10-03T09:48:48.626 0.25263157894736843,0.0,0.0,0.0,0.0,-0.1105263157894736
2026-10-03T09:48:48.676 0.25263157894736843,0.0,0.0,0.0,0.0,-0.1105263157894736
2026-10-03T09:48:48.726 0.25263157894736843,0.0,0.0,0.0,0.0,-0.1105263157894736
2026-10-03T09:48:48.776 0.25263157894736843,0.0,0.0,0.0,0.0,-0.1105263157894736
2026-10-03T09:48:48.827 0.25263157894736843,0.0,0.0,0.0,0.0,-0.1105263157894736
2026-10-03T09:48:48.877 0.25263157894736843,0.0,0.0,0.0,0.0,-0.1105263157894736
2026-10-03T09:48:48.929 0.21052631578947367,0.0,0.0,0.0,0.0,-0.18421052631578938
2026-10-03T09:48:48.977 0.21052631578947367,0.0,0.0,0.0,0.0,-0.18421052631578938
2026-10-03T09:48:49.027 0.21052631578947367,0.0,0.0,0.0,0.0,-0.18421052631578938
2026-10-03T09:48:49.077 0.21052631578947367,0.0,0.0,0.0,0.0,-0.1105263157894736
2026-10-03T09:48:49.126 0.21052631578947367,0.0,0.0,0.0,0.0,-0.1105263157894736
2026-10-03T09:48:49.176 0.21052631578947367,0.0,0.0,0.0,0.0,-0.1105263157894736
2026-10-03T09:48:49.237 0.21052631578947367,0.0,0.0,0.0,0.0,-0.1105263157894736
2026-10-03T09:48:49.276 0.21052631578947367,0.0,0.0,0.0,0.0,-0.1105263157894736
2026-10-03T09:48:49.328 0.21052631578947367,0.0,0.0,0.0,0.0,-0.1105263157894736
2026-10-03T09:48:49.376 0.21052631578947367,0.0,0.0,0.0,0.0,-0.1105263157894736
2026-10-03T09:48:49.426 0.21052631578947367,0.0,0.0,0.0,0.0,-0.1105263157894736
2026-10-03T09:48:49.476 0.21052631578947367,0.0,0.0,0.0,0.0,-0.1105263157894736
2026-10-03T09:48:49.526 0.25263157894736843,0.0,0.0,0.0,0.0,0.049473684210526406
2026-10-03T09:48:49.576 0.21052631578947367,0.0,0.0,0.0,0.0,0.11052631578947375
2026-10-03T09:48:49.637 0.21052631578947367,0.0,0.0,0.0,0.0,0.11052631578947375
2026-10-03T09:48:49.676 0.21052631578947367,0.0,0.0,0.0,0.0,0.11052631578947375
2026-10-03T09:48:49.727 0.21052631578947367,0.0,0.0,0.0,0.0,0.11052631578947375
2026-10-03T09:48:49.776 0.21052631578947367,0.0,0.0,0.0,0.0,0.11052631578947375
2026-10-03T09:48:49.826 0.21052631578947367,0.0,0.0,0.0,0.0,0.11052631578947375
2026-10-03T09:48:49.876 0.21052631578947367,0.0,0.0,0.0,0.0,0.11052631578947375
2026-10-03T09:48:49.927 0.21052631578947367,0.0,0.0,0.0,0.0,0.11052631578947375
2026-10-03T09:48:49.976 0.21052631578947367,0.0,0.0,0.0,0.0,0.11052631578947375
2026-10-03T09:48:50.027 0.21052631578947367,0.0,0.0,0.0,0.0,0.11052631578947375
2026-10-03T09:48:50.076 0.21052631578947367,0.0,0.0,0.0,0.0,0.18421052631578955
2026-10-03T09:48:50.126 0.21052631578947367,0.0,0.0,0.0,0.0,0.18421052631578955
2026-10-03T09:48:50.176 0.21052631578947367,0.0,0.0,0.0,0.0,0.18421052631578955
2026-10-03T09:48:50.226 0.21052631578947367,0.0,0.0,0.0,0.0,0.18421052631578955
2026-10-03T09:48:50.286 0.21052631578947367,0.0,0.0,0.0,0.0,0.18421052631578955
2026-10-03T09:48:50.337 0.21052631578947367,0.0,0.0,0.0,0.0,0.18421052631578955
2026-10-03T09:48:50.376 0.21052631578947367,0.0,0.0,0.0,0.0,0.18421052631578955
2026-10-03T09:48:50.427 0.21052631578947367,0.0,0.0,0.0,0.0,0.18421052631578955
2026-10-03T09:48:50.476 0.21052631578947367,0.0,0.0,0.0,0.0,0.18421052631578955
2026-10-03T09:48:50.526 0.21052631578947367,0.0,0.0,0.0,0.0,0.18421052631578955
2026-10-03T09:48:50.577 0.21052631578947367,0.0,0.0,0.0,0.0,0.18421052631578955
2026-10-03T09:48:50.626 0.21052631578947367,0.0,0.0,0.0,0.0,0.18421052631578955
2026-10-03T09:48:50.676 0.21052631578947367,0.0,0.0,0.0,0.0,0.18421052631578955
2026-10-03T09:48:50.726 0.21052631578947367,0.0,0.0,0.0,0.0,0.18421052631578955
2026-10-03T09:48:50.777 0.21052631578947367,0.0,0.0,0.0,0.0,0.18421052631578955
2026-10-03T09:48:50.826 0.21052631578947367,0.0,0.0,0.0,0.0,0.18421052631578955
2026-10-03T09:48:50.878 0.16842105263157894,0.0,0.0,0.0,0.0,0.18421052631578955
2026-10-03T09:48:50.927 0.16842105263157894,0.0,0.0,0.0,0.0,0.18421052631578955
2026-10-03T09:48:50.976 0.16842105263157894,0.0,0.0,0.0,0.0,0.18421052631578955
2026-10-03T09:48:51.026 0.16842105263157894,0.0,0.0,0.0,0.0,0.18421052631578955
2026-10-03T09:48:51.076 0.16842105263157894,0.0,0.0,0.0,0.0,0.18421052631578955
2026-10-03T09:48:51.126 0.16842105263157894,0.0,0.0,0.0,0.0,0.18421052631578955
2026-10-03T09:48:51.187 0.16842105263157894,0.0,0.0,0.0,0.0,0.18421052631578955
2026-10-03T09:48:51.226 0.16842105263157894,0.0,0.0,0.0,0.0,0.18421052631578955
2026-10-03T09:48:51.276 0.16842105263157894,0.0,0.0,0.0,0.0,0.18421052631578955
2026-10-03T09:48:51.326 0.16842105263157894,0.0,0.0,0.0,0.0,0.18421052631578955
2026-10-03T09:48:51.376 0.16842105263157894,0.0,0.0,0.0,0.0,0.18421052631578955
2026-10-03T09:48:51.426 0.16842105263157894,0.0,0.0,0.0,0.0,0.18421052631578955
2026-10-03T09:48:51.476 0.16842105263157894,0.0,0.0,0.0,0.0,0.18421052631578955
2026-10-03T09:48:51.526 0.16842105263157894,0.0,0.0,0.0,0.0,0.18421052631578955
2026-10-03T09:48:51.576 0.16842105263157894,0.0,0.0,0.0,0.0,0.18421052631578955
2026-10-03T09:48:51.626 0.16842105263157894,0.0,0.0,0.0,0.0,0.18421052631578955
2026-10-03T09:48:51.676 0.16842105263157894,0.0,0.0,0.0,0.0,0.18421052631578955
2026-10-03T09:48:51.726 0.16842105263157894,0.0,0.0,0.0,0.0,0.18421052631578955
2026-10-03T09:48:51.776 0.16842105263157894,0.0,0.0,0.0,0.0,0.18421052631578955
2026-10-03T09:48:51.826 0.16842105263157894,0.0,0.0,0.0,0.0,0.18421052631578955
2026-10-03T09:48:51.876 0.16842105263157894,0.0,0.0,0.0,0.0,0.18421052631578955
2026-10-03T09:48:51.927 0.16842105263157894,0.0,0.0,0.0,0.0,0.18421052631578955
2026-10-03T09:48:51.976 0.043421052631578944,0.0,0.0,0.0,0.0,0.024210526315789543
2026-10-03T09:48:52.026 0.0,0.0,0.0,0.0,0.0,0.0
2026-10-03T09:48:52.077 0.0,0.0,0.0,0.0,0.0,0.0
2026-10-03T09:48:52.126 0.0,0.0,0.0,0.0,0.0,0.0
2026-10-03T09:48:52.177 0.0,0.0,0.0,0.0,0.0,0.0
2026-10-03T09:48:52.227 0.0,0.0,0.0,0.0,0.0,0.0
2026-10-03T09:48:52.287 0.0,0.0,0.0,0.0,0.0,0.0
2026-10-03T09:48:52.326 0.0,0.0,0.0,0.0,0.0,0.0
2026-10-03T09:48:52.376 0.0,0.0,0.0,0.0,0.0,0.0
2026-10-03T09:48:52.427 0.0,0.0,0.0,0.0,0.0,0.0
2026-10-03T09:48:52.476 0.0,0.0,0.0,0.0,0.0,0.0
2026-10-03T09:48:52.537 0.0,0.0,0.0,0.0,0.0,0.0
2026-10-03T09:48:52.576 0.0,0.0,0.0,0.0,0.0,0.0
2026-10-03T09:48:52.626 0.0,0.0,0.0,0.0,0.0,0.0
2026-10-03T09:48:52.676 0.0,0.0,0.0,0.0,0.0,0.0
2026-10-03T09:48:52.727 0.0,0.0,0.0,0.0,0.0,0.0
2026-10-03T09:48:52.776 0.0,0.0,0.0,0.0,0.0,0.0
2026-10-03T09:48:52.826 0.0,0.0,0.0,0.0,0.0,0.0
2026-10-03T09:48:52.876 0.0,0.0,0.0,0.0,0.0,0.0
2026-10-03T09:48:52.927 0.0,0.0,0.0,0.0,0.0,0.0
2026-10-03T09:48:52.976 0.0,0.0,0.0,0.0,0.0,0.0
2026-10-03T09:48:53.037 0.0,0.0,0.0,0.0,0.0,0.0
2026-10-03T09:48:53.076 0.0,0.0,0.0,0.0,0.0,0.0
2026-10-03T09:48:53.126 0.0,0.0,0.0,0.0,0.0,0.0
2026-10-03T09:48:53.176 0.0,0.0,0.0,0.0,0.0,0.0
2026-10-03T09:48:53.226 0.0,0.0,0.0,0.0,0.0,0.0
2026-10-03T09:48:53.276 0.0,0.0,0.0,0.0,0.0,0.0
2026-10-03T09:48:53.326 0.0,0.0,0.0,0.0,0.0,0.0
2026-10-03T09:48:53.376 0.0,0.0,0.0,0.0,0.0,0.0
2026-10-03T09:48:53.427 0.0,0.0,0.0,0.0,0.0,0.0
2026-10-03T09:48:53.476 0.0,0.0,0.0,0.0,0.0,0.0
2026-10-03T09:48:53.527 0.0,0.0,0.0,0.0,0.0,0.0
2026-10-03T09:48:53.576 0.0,0.0,0.0,0.0,0.0,0.0
2026-10-03T09:48:53.627 0.0,0.0,0.0,0.0,0.0,0.0
2026-10-03T09:48:53.676 0.0,0.0,0.0,0.0,0.0,0.0
2026-10-03T09:48:53.726 0.0,0.0,0.0,0.0,0.0,0.0
2026-10-03T09:48:53.777 0.0,0.0,0.0,0.0,0.0,0.0
2026-10-03T09:48:53.826 0.0,0.0,0.0,0.0,0.0,0.0
2026-10-03T09:48:53.876 0.0,0.0,0.0,0.0,0.0,0.0
2026-10-03T09:48:53.926 0.0,0.0,0.0,0.0,0.0,0.0
2026-10-03T09:48:53.976 0.0,0.0,0.0,0.0,0.0,0.0
2026-10-03T09:48:54.026 0.0,0.0,0.0,0.0,0.0,0.0
2026-10-03T09:48:54.077 0.0,0.0,0.0,0.0,0.0,0.0
2026-10-03T09:48:54.127 0.0,0.0,0.0,0.0,0.0,0.0
2026-10-03T09:48:54.176 0.0,0.0,0.0,0.0,0.0,0.0
2026-10-03T09:48:54.227 0.0,0.0,0.0,0.0,0.0,0.0
2026-10-03T09:48:54.276 0.0,0.0,0.0,0.0,0.0,0.0
2026-10-03T09:48:54.327 0.0,0.0,0.0,0.0,0.0,0.0
2026-10-03T09:48:54.376 0.0,0.0,0.0,0.0,0.0,0.0
2026-10-03T09:48:54.426 0.0,0.0,0.0,0.0,0.0,0.0
2026-10-03T09:48:54.476 0.0,0.0,0.0,0.0,0.0,0.0
2026-10-03T09:48:54.527 0.0,0.0,0.0,0.0,0.0,0.0
2026-10-03T09:48:54.576 0.0,0.0,0.0,0.0,0.0,0.0
2026-10-03T09:48:54.627 0.0,0.0,0.0,0.0,0.0,0.0
2026-10-03T09:48:54.676 0.0,0.0,0.0,0.0,0.0,0.0
2026-10-03T09:48:54.727 0.0,0.0,0.0,0.0,0.0,0.0
2026-10-03T09:48:54.776 0.0,0.0,0.0,0.0,0.0,0.0
2026-10-03T09:48:54.828 0.0,0.0,0.0,0.0,0.0,0.0
2026-10-03T09:48:54.877 0.0,0.0,0.0,0.0,0.0,0.0
2026-10-03T09:48:54.927 0.0,0.0,0.0,0.0,0.0,0.0
2026-10-03T09:48:54.976 0.0,0.0,0.0,0.0,0.0,0.0
2026-10-03T09:48:55.026 0.0,0.0,0.0,0.0,0.0,0.0
2026-10-03T09:48:55.076 0.0,0.0,0.0,0.0,0.0,0.0
2026-10-03T09:48:55.126 0.0,0.0,0.0,0.0,0.0,0.0
2026-10-03T09:48:55.176 0.0,0.0,0.0,0.0,0.0,0.0
2026-10-03T09:48:55.226 0.0,0.0,0.0,0.0,0.0,0.0
2026-10-03T09:48:55.276 0.0,0.0,0.0,0.0,0.0,0.0
2026-10-03T09:48:55.326 0.0,0.0,0.0,0.0,0.0,0.0
2026-10-03T09:48:55.376 0.0,0.0,0.0,0.0,0.0,0.0
2026-10-03T09:48:55.427 0.0,0.0,0.0,0.0,0.0,0.0
2026-10-03T09:48:55.477 0.0,0.0,0.0,0.0,0.0,0.0
2026-10-03T09:48:55.526 0.0,0.0,0.0,0.0,0.0,0.0
2026-10-03T09:48:55.576 0.0,0.0,0.0,0.0,0.0,0.0
2026-10-03T09:48:55.626 0.0,0.0,0.0,0.0,0.0,0.0
2026-10-03T09:48:55.677 0.0,0.0,0.0,0.0,0.0,0.0
2026-10-03T09:48:55.726 0.0,0.0,0.0,0.0,0.0,0.0
