2026-10-03T09:45:27.476 0.007880201149785248,-3.776245911067949e-07,-1.2384942573079392e-05,-2.75094191968496e-07,-4.854798406571343e-08,-1.3412821235905326e-05,0.9999999999100091
2026-10-03T09:45:27.570 0.007897844151206068,-4.966117485630698e-07,-1.238303568109524e-05,-3.451175906618426e-07,8.230317369155751e-08,-3.88103273655871e-06,0.9999999999924059
2026-10-03T09:45:27.665 0.007917871120392996,-3.7715033443173275e-07,-1.2519008761579708e-05,-2.7779510054447746e-07,1.3038342994888938e-07,6.182669308840912e-06,0.9999999999808402
2026-10-03T09:45:27.767 0.00793646780019121,-9.133579984384956e-07,-1.2518609661494087e-05,-3.488889647360041e-07,1.2735590152920615e-07,-5.39740463423251e-06,0.999999999985365
2026-10-03T09:45:27.873 0.0079531571209833,-4.3631071503228563e-07,-1.2515195006859144e-05,-1.5440638665662424e-07,-1.1222643086853127e-07,-1.4211395365516086e-05,0.9999999998989999
2026-10-03T09:45:27.993 0.007972230653399533,-3.764659251763642e-07,-1.2500648791769499e-05,-3.427226249318336e-07,6.14638686565944e-08,-3.515505712551474e-06,0.99999999999376
2026-10-03T09:45:28.070 0.007991780858956594,-4.358244405772834e-07,-1.2591164485230102e-05,-2.299225056612425e-07,1.562276095283755e-07,4.898381376126144e-06,0.9999999999879643
2026-10-03T09:45:28.169 0.008010377559313346,-7.336135227674415e-07,-1.257586428157332e-05,-4.272478478541723e-07,1.2735464217798528e-07,-5.2675945176792e-06,0.9999999999860268
2026-10-03T09:45:28.247 0.008029927759617299,-3.7573952477370125e-07,-1.2666380043278669e-05,-3.900527660044853e-07,7.822983446272858e-08,-1.5178904956367376e-06,0.9999999999987689
2026-10-03T09:45:28.335 0.008045663463411063,-6.13959979991766e-07,-1.2631655126373141e-05,-2.626476394735498e-07,7.555071111003627e-08,1.7639865045406107e-06,0.9999999999984068
2026-10-03T09:45:28.411 0.008065690667450692,-4.3489389375034195e-07,-1.261861679092527e-05,-3.8655767269648376e-07,4.446769357072615e-08,-3.0074565911184705e-06,0.9999999999954019
2026-10-03T09:45:28.503 0.008084763965764666,-4.942584207751733e-07,-1.2753081982018713e-05,-4.595395328969447e-07,1.4166810507983156e-07,-1.6638371716120375e-06,0.9999999999985002
2026-10-03T09:45:28.589 0.008102407038616874,-6.728502148002873e-07,-1.2706471652580832e-05,-3.058943457450732e-07,6.984673701058658e-08,6.631637843763567e-07,0.9999999999997309
2026-10-03T09:45:28.688 0.008121003637227927,-3.7459286021955774e-07,-1.2750776116689177e-05,-3.1283336953785117e-07,7.182528709733322e-08,-2.517062537967174e-06,0.9999999999967807
2026-10-03T09:45:28.789 0.008140077083657785,-9.70399173776727e-07,-1.2795834364630423e-05,-2.749574731475543e-07,1.2514122182575376e-07,-2.3074674378362204e-06,0.9999999999972922
2026-10-03T09:45:28.890 0.008155812757137238,-6.721778287927431e-07,-1.2776010678036296e-05,-2.2345617770688504e-07,-5.995614939658769e-08,-1.1125210679498144e-05,0.9999999999380881
2026-10-03T09:45:28.968 0.008175363003811373,-2.546991805604529e-07,-1.2836724164354578e-05,-3.9708209474233563e-07,4.318685549849388e-08,-6.892644804505379e-06,0.999999999976166
2026-10-03T09:45:29.126 0.008193005765126384,-1.6058496732155424e-08,-1.2983828756547503e-05,-4.335081310704145e-07,8.752113066151834e-07,4.885119493407729e-05,0.9999999988063034
2026-10-03T09:45:29.201 0.008211125576547254,1.0337892558237583e-07,-1.2997576976200144e-05,-3.9132718682282846e-07,8.639272574554869e-07,0.00014632393587312107,0.9999999892942031
2026-10-03T09:45:29.285 0.008233536981704806,6.997075450628304e-07,-1.2973407216787055e-05,-4.853237704754492e-07,-5.167393434898874e-07,0.00024519810648584517,0.9999999699386926
2026-10-03T09:45:29.381 0.008252610601608298,1.2959941487905112e-06,-1.2899256519168015e-05,-4.92664866443277e-08,6.932623022970437e-07,0.0004221137595846587,0.9999999109097415
2026-10-03T09:45:29.465 0.008273590974249834,2.249932566481975e-06,-1.3200650164534997e-05,-3.503972781048348e-07,7.236382943015653e-07,0.0007840616268045842,0.9999996926233122
2026-10-03T09:45:29.562 0.008290279679471968,2.9653983578883515e-06,-1.3584665255669178e-05,-1.6470701638541127e-07,9.123615991065022e-07,0.0012820066347968818,0.9999991782287267
2026-10-03T09:45:29.673 0.008309829729408703,4.038528076726426e-06,-1.376458798977447e-05,-1.6080562810373794e-06,9.276031074745523e-07,0.001995162664945587,0.9999980096592663
2026-10-03T09:45:29.751 0.008333195959144186,4.873287416096881e-06,-1.3011770143661876e-05,4.3724078306465314e-06,5.820617487306673e-07,0.002771798540509497,0.9999961585493187
2026-10-03T09:45:29.827 0.008357991471928845,5.82727391310993e-06,-1.3036073520806957e-05,5.412331110300612e-06,1.722039059948465e-06,0.0036084869881316517,0.9999934893735047
2026-10-03T09:45:29.909 0.008388985795343978,6.304501288242944e-06,-1.3114881338593833e-05,6.818052863480446e-06,4.289921547697245e-07,0.004480400100455124,0.9999899629337636
2026-10-03T09:45:29.994 0.00842045699493744,7.377781119972584e-06,-1.3164640898808524e-05,7.670638104502537e-06,9.006742169178768e-07,0.00537116641329043,0.9999855751518173
2026-10-03T09:45:30.076 0.008459080600100278,8.570360276171187e-06,-1.3315116285005256e-05,9.379739830698455e-06,1.1295482638373228e-06,0.006277377101786851,0.9999802970296298
2026-10-03T09:45:30.169 0.008499134999174207,9.643748185902024e-06,-1.3289039731100506e-05,1.0795037541169405e-05,4.805004944732291e-07,0.007192490066685029,0.9999741336504044
2026-10-03T09:45:30.252 0.008545864870012335,1.1074847984826634e-05,-1.342252968237579e-05,1.2297410672153213e-05,1.3951020098969988e-06,0.008113061440384413,0.9999670884988625
2026-10-03T09:45:30.348 0.008598793828201156,1.2506025852843836e-05,-1.3431710441468957e-05,1.3718162904581883e-05,2.257389280377049e-06,0.009046992699004665,0.9999590750274835
2026-10-03T09:45:30.429 0.008654583546599376,1.3937239711320188e-05,-1.3609327349241709e-05,1.5426574846943305e-05,2.702263359257647e-06,0.009985360546631863,0.9999501449219718
2026-10-03T09:45:30.510 0.008713234746571418,1.6083745382255886e-05,-1.349344510307211e-05,1.6601363152096135e-05,2.338503946719107e-06,0.01093588350451574,0.9999402012975085
2026-10-03T09:45:30.590 0.008779037880906539,1.8349550322981704e-05,-1.377630153424773e-05,1.8170692828236897e-05,2.903780047647606e-06,0.011895670012568334,0.9999292438449563
2026-10-03T09:45:30.670 0.008846748785575901,2.061537932660683e-05,-1.3793953119483052e-05,1.9711916810110074e-05,2.5238010510812944e-06,0.012867331834024774,0.9999172122613671
2026-10-03T09:45:30.749 0.008919704602200618,2.347732078277424e-05,-1.3998711743816804e-05,2.1277813522228972e-05,2.764748871700465e-06,0.013849763446669572,0.9999040871964081
2026-10-03T09:45:30.842 0.008994091112491621,2.6696908139703448e-05,-1.40865230763157e-05,2.26652258402431e-05,2.2498482030372717e-06,0.014845341746738369,0.9998898015829786
2026-10-03T09:45:30.927 0.009077060778144236,2.9678184990083296e-05,-1.412830054083447e-05,2.4919136540277348e-05,2.7096182673738737e-06,0.015845494944255856,0.9998744519496766
2026-10-03T09:45:31.019 0.00916241440255763,3.361316614929875e-05,-1.4307958094812858e-05,2.5972345906438985e-05,2.572625898078238e-06,0.016856962793702978,0.9998579109674487
2026-10-03T09:45:31.109 0.00925158257960717,3.74289860299459e-05,-1.4583053925274813e-05,2.7702043925146262e-05,3.183328914027908e-06,0.01787350581089256,0.9998402557471324
2026-10-03T09:45:31.196 0.00934218180072594,4.184087043144663e-05,-1.4517685364376525e-05,2.924946825175761e-05,2.704407214719756e-06,0.018901249053227428,0.999821355003674
2026-10-03T09:45:31.268 0.009441840517500967,4.613365956194866e-05,-1.4719960878999591e-05,3.123064605970574e-05,3.106264487982823e-06,0.01993689142546448,0.9998012399348618
2026-10-03T09:45:31.356 0.00954102255062895,5.1380117024496836e-05,-1.4817174621561894e-05,3.255869320363559e-05,2.65381612141577e-06,0.020983712042922716,0.9997798171406485
2026-10-03T09:45:31.436 0.009645449528277936,5.6507431205073255e-05,-1.5086594143663477e-05,3.443551606689208e-05,2.772039510968482e-06,0.022038932750677552,0.9997571126277233
2026-10-03T09:45:31.531 0.009753214514777021,6.258846174507253e-05,-1.5256983334277407e-05,3.569037238312177e-05,3.242158474854879e-06,0.02310475798368671,0.9997330488056304
2026-10-03T09:45:31.613 0.009866701805188841,6.819272719804486e-05,-1.5272507039507276e-05,3.780314007760103e-05,3.1732561579265637e-06,0.024181225687449428,0.9997075906909508
2026-10-03T09:45:31.684 0.009979711983365286,7.51082888024764e-05,-1.5451189597398733e-05,3.942118086772028e-05,2.5558942882336998e-06,0.025272596801184145,0.9996805961357671
2026-10-03T09:45:31.757 0.010099874590671416,8.214314973411084e-05,-1.571568683870407e-05,4.129694710796742e-05,2.2500126858342756e-06,0.026376395273910298,0.9996520815072882
2026-10-03T09:45:31.819 0.010221944539723459,8.953566254805761e-05,-1.5983199858791466e-05,4.251195984726408e-05,2.2810779491732183e-06,0.027493270032054533,0.9996219876985872
2026-10-03T09:45:31.900 0.010349259802757095,9.740507857148236e-05,-1.618450047482009e-05,4.475856242774375e-05,1.4879970746680684e-06,0.028621278861054002,0.9995903262791286
2026-10-03T09:45:31.980 0.010478482448653716,0.00010610898364085267,-1.6359014662488445e-05,4.615901201513912e-05,1.1713138580368764e-06,0.029763200449281997,0.9995569767486941
2026-10-03T09:45:32.086 0.010613427087676318,0.00011469375145627879,-1.6572378276654293e-05,4.841377529277365e-05,9.005823023051219e-07,0.030919046490685886,0.9995218908155049
2026-10-03T09:45:32.172 0.010748371777868316,0.00012482824004394404,-1.674103871659614e-05,4.988524371053494e-05,3.0947780396248175e-07,0.03209003458702207,0.9994849809734864
2026-10-03T09:45:32.239 0.010888084720382838,0.00013460516078353643,-1.699174411159968e-05,5.230470625164678e-05,-1.7379973131607475e-07,0.03327418710253389,0.9994462595541859
2026-10-03T09:45:32.311 0.011029704921955217,0.00014569340771356998,-1.7290168869077734e-05,5.3724596612959776e-05,-5.134675634544343e-07,0.03447188183093196,0.9994056666221371
2026-10-03T09:45:32.379 0.011174663098765063,0.00015666248739168654,-1.7519365404717975e-05,5.597741937718651e-05,-1.0278516828063264e-06,0.03568407099764095,0.9993631191626532
2026-10-03T09:45:32.435 0.011321051605330253,0.00016882367795634505,-1.7855131923535228e-05,5.7007807390017777e-05,-1.3750895266554668e-06,0.036910633292595835,0.999318568774822
2026-10-03T09:45:32.511 0.01147316267347075,0.00018062731275359133,-1.787212040821717e-05,5.983667083732895e-05,-1.9673632053734207e-06,0.03815225923134133,0.9992719357268305
2026-10-03T09:45:32.579 0.011625273364192315,0.00019433829614248977,-1.8112626343397458e-05,6.169576236678881e-05,-2.7261712662573303e-06,0.03940821339444591,0.9992231927368673
2026-10-03T09:45:32.655 0.011781198613553581,0.0002074532810946546,-1.844857047706733e-05,6.389697857855781e-05,-2.9846203739058487e-06,0.04067915412079394,0.9991722585862184
2026-10-03T09:45:32.742 0.011936170145217811,0.00022223718409081992,-1.8797908166141054e-05,6.481558711102087e-05,-3.1553072538567675e-06,0.04196491505643553,0.9991190828391228
2026-10-03T09:45:32.814 0.012097340862976657,0.00023666353729838964,-1.896333203426453e-05,6.78559420738892e-05,-4.045983170379717e-06,0.04326542272922759,0.9990636108753348
2026-10-03T09:45:32.874 0.012260418296405236,0.0002525204259230612,-1.9519201563428675e-05,6.9406379190259e-05,-5.706777259843605e-06,0.04457860873256027,0.999005877256814
2026-10-03T09:45:32.957 0.012428265223348578,0.0002686157932922654,-1.936735558903459e-05,7.232487410636804e-05,-7.563615357823521e-06,0.04590932858533982,0.9989456082594025
2026-10-03T09:45:33.023 0.012594680714248775,0.0002853071889922864,-1.979439248207627e-05,7.426151980137451e-05,-7.561760219819916e-06,0.047257964124287455,0.998882715465071
2026-10-03T09:45:33.092 0.012765388224472205,0.0003023562666491429,-1.991529081032686e-05,7.664776930154642e-05,-8.033877638097466e-06,0.048626477445505654,0.9988170301670962
2026-10-03T09:45:33.163 0.012932280389560223,0.0003207165983897609,-2.0432488761828106e-05,7.816354220803466e-05,-9.214618473473627e-06,0.05000902088634089,0.9987487630207814
2026-10-03T09:45:33.221 0.013105849113188689,0.00033919622356625134,-2.0423800621377088e-05,8.130938653616607e-05,-9.977888742215363e-06,0.051412309167836706,0.9986775093869172
2026-10-03T09:45:33.278 0.013276079192885544,0.00035851027165535645,-2.0901572811663318e-05,8.316581450747089e-05,-1.0070510998349924e-05,0.05283080881615809,0.9986034741687326
2026-10-03T09:45:33.353 0.013449647684959631,0.0003785396175712787,-2.1026995207806205e-05,8.598115734555204e-05,-1.0744402956440736e-05,0.05426930877675634,0.9985263314588612
2026-10-03T09:45:33.412 0.013621308494937184,0.0003990457765934028,-2.135801795761075e-05,8.801787393425008e-05,-1.076101198270443e-05,0.0557185344501138,0.9984465118652005
2026-10-03T09:45:33.485 0.013824917827878614,0.0004231286165911933,-2.141172947067059e-05,9.106681723804641e-05,-1.1584191703325514e-05,0.0572212433002784,0.9983615181324907
2026-10-03T09:45:33.571 0.013990856236700398,0.0004443499592684912,-2.1957222315128834e-05,9.27586419106264e-05,-1.0896287593944534e-05,0.05895699618046067,0.99826051904224
2026-10-03T09:45:33.641 0.014200187456065546,0.0004711746849531276,-2.2094487150354604e-05,9.653917092371498e-05,-1.2167739762948837e-05,0.06090789779114602,0.9981433857511645
2026-10-03T09:45:33.706 0.014372324821975447,0.0004952571286375744,-2.2575275840867322e-05,9.958053975160741e-05,-1.1059375686546632e-05,0.06320397788098985,0.9980006248201579
2026-10-03T09:45:33.785 0.01455829029736639,0.0005219623507775011,-2.3152434645265344e-05,0.00010273676095499863,-1.0106947366222276e-05,0.06581474053674723,0.9978318542074552
2026-10-03T09:45:33.840 0.014751408872675146,0.0005516478952756409,-2.3368374323996442e-05,0.00010744577777955575,-9.834927591362544e-06,0.06876445859469744,0.9976329172560703
2026-10-03T09:45:33.924 0.014946434908578374,0.0005834792310156166,-2.3497923218578106e-05,0.00011284432330111364,-9.74488257134724e-06,0.07206541872386414,0.9973999010403751
2026-10-03T09:45:33.988 0.015145752272597372,0.0006181716437162456,-2.3738565949745603e-05,0.00011824968622847244,-9.509176583821972e-06,0.07572709112820931,0.9971285742550191
2026-10-03T09:45:34.058 0.01534602354038724,0.0006551290449550774,-2.3816804343278093e-05,0.0001247810257668116,-9.858951656559899e-06,0.07975739486347151,0.9968142967960928
2026-10-03T09:45:34.122 0.015549632609033146,0.0006945898832954977,-2.3915221799348684e-05,0.00013169940267749076,-1.0292450680221777e-05,0.08415600265989809,0.996452582798419
2026-10-03T09:45:34.212 0.01575800984085608,0.0007370310138895348,-2.4125487041575232e-05,0.0001392813085348331,-1.174703874319433e-05,0.0888589063459889,0.9960442134894008
2026-10-03T09:45:34.266 0.015968294455088093,0.0007822139821649125,-2.4294065024849327e-05,0.00014714787656012,-1.3601145795947503e-05,0.09378058845361868,0.995592878335218
2026-10-03T09:45:34.333 0.016181440460701444,0.000829661963008585,-2.421384753536602e-05,0.00015669587528728695,-1.7369056328357214e-05,0.09886261297256425,0.9951010797406239
2026-10-03T09:45:34.386 0.016386956866275892,0.0008773482663519814,-2.425567748684691e-05,0.00016558220527327586,-2.009663354843303e-05,0.10406977775793985,0.9945699842324177
2026-10-03T09:45:34.457 0.016577690786484342,0.0009239614999178065,-2.4631762852256304e-05,0.0001745393205201985,-2.291340316702702e-05,0.1093764447799365,0.9940003834698974
2026-10-03T09:45:34.515 0.016752689499620423,0.0009687863960713258,-2.4744549951733576e-05,0.00018365717647045307,-2.5744005221325108e-05,0.11476147666859074,0.9933930587034179
2026-10-03T09:45:34.590 0.016910045197234592,0.0010111076750069243,-2.4889045799364364e-05,0.00019285449424290312,-2.839675755718593e-05,0.1202090708053401,0.9927485790958781
2026-10-03T09:45:34.638 0.017051188347896207,0.0010504485175712348,-2.5097314392505906e-05,0.00020193450433259657,-3.086441918638385e-05,0.1257059280588834,0.992067526895573
2026-10-03T09:45:34.715 0.017174211886579586,0.0010869281090729183,-2.5187526319552236e-05,0.00021122848021797895,-3.3027544944427955e-05,0.13124275729252546,0.9913502372774042
2026-10-03T09:45:34.764 0.017280069000647727,0.001119831205724157,-2.5474113317586983e-05,0.0002207924431236525,-3.511446726690763e-05,0.13681023778614632,0.9905972485599631
2026-10-03T09:45:34.840 0.017359700627989267,0.0011466542984725182,-2.543611145846313e-05,0.00023003232964605204,-3.702917383889763e-05,0.14240266286425615,0.9898087832117558
2026-10-03T09:45:34.893 0.017411198747064847,0.001164893968141927,-2.551753888947042e-05,0.0002394883886666383,-3.8670463000115956e-05,0.14801459317614216,0.9889851471871598
2026-10-03T09:45:34.965 0.017434563618538807,0.0011744310054729158,-2.5554483022860614e-05,0.0002489318212340539,-3.997193178259747e-05,0.15364069428787605,0.9881267497107507
2026-10-03T09:45:35.019 0.017433133158520887,0.00117609991752443,-2.5507518077920192e-05,0.00025804351718827843,-4.137009947205608e-05,0.15927654080791123,0.9872339718882874
2026-10-03T09:45:35.100 0.017409291406959022,0.0011700199435867177,-2.546982057991481e-05,0.0002675803776616358,-4.228862440893367e-05,0.16491711044858284,0.9863073929022856
2026-10-03T09:45:35.159 0.017361607777936182,0.0011547605541640815,-2.54987330749202e-05,0.00027702649032789167,-4.3446868181873354e-05,0.17049455868249463,0.9853585777920415
2026-10-03T09:45:35.227 0.017292943617667856,0.0011305602038944108,-2.539016318640898e-05,0.0002860594720822096,-4.430248830733881e-05,0.17593698772648883,0.9844013879292315
2026-10-03T09:45:35.283 0.017209497466660943,0.0010996839472879373,-2.534762722916998e-05,0.00029489451442590067,-4.513862324392902e-05,0.18125049199419077,0.9834369172202119
2026-10-03T09:45:35.365 0.01711222315095482,0.0010630854706869734,-2.5268325221357368e-05,0.00030362861897040847,-4.580542026015349e-05,0.18646926955670665,0.9824607458939586
2026-10-03T09:45:35.414 0.017006366077271465,0.0010213608866014741,-2.502644020813823e-05,0.00031209622272563095,-4.610142680897225e-05,0.19161774353501113,0.9814695822251227
2026-10-03T09:45:35.501 0.016892402746325055,0.0009749870381547517,-2.4831342193532424e-05,0.00032060616027511607,-4.702733225009201e-05,0.19671328842916508,0.9804610023634313
2026-10-03T09:45:35.544 0.016772240056718176,0.0009239639493085495,-2.4969168606621535e-05,0.0003286098663123452,-4.717875128390821e-05,0.20176784049594765,0.9794333200026039
2026-10-03T09:45:35.630 0.01664444889182476,0.0008680531836348216,-2.455849020667226e-05,0.0003371802231846854,-4.768094179474093e-05,0.20678889416735455,0.9783855258971627
2026-10-03T09:45:35.675 0.01650902811024347,0.0008080892060291274,-2.4314561973445726e-05,0.0003453676869529825,-4.839695224043414e-05,0.211783707054755,0.9773164993005293
2026-10-03T09:45:35.765 0.016367885034662567,0.0007440720405024218,-2.425530076979664e-05,0.00035351199826823656,-4.8728014853184646e-05,0.21675618299160307,0.9762257063762244
2026-10-03T09:45:35.809 0.016222927749204828,0.0006754056647054384,-2.3921786798906148e-05,0.00036198156921970917,-4.911487580288149e-05,0.22170830354060236,0.9751129650959527
2026-10-03T09:45:35.896 0.016072248125628623,0.0006024476824028931,-2.3802742103732432e-05,0.00036980365587786725,-4.9321815118568946e-05,0.22657940691489095,0.9739926248050911
2026-10-03T09:45:35.943 0.01592013818580507,0.0005272247056079338,-2.357712724989522e-05,0.00037750174511779833,-4.9128497615135595e-05,0.2313027206838736,0.9728817535975588
2026-10-03T09:45:36.031 0.01576898156165231,0.0004504520200120382,-2.3591438283811352e-05,0.0003845201003701168,-4.892526275498573e-05,0.23588979368658416,0.9717797358378656
2026-10-03T09:45:36.084 0.015617348640276772,0.00037201039841928865,-2.3277169978177368e-05,0.00039209967605463364,-4.909486132940122e-05,0.24037851856005032,0.9706791497000511
2026-10-03T09:45:36.185 0.015466669119807958,0.0002927343237737867,-2.314322310701509e-05,0.0003993227005960731,-4.91476867677846e-05,0.24479769994621958,0.969574094242893
2026-10-03T09:45:36.246 0.015315989671974872,0.00021143169121154995,-2.2979473619242022e-05,0.0004064038480221689,-4.892470128990948e-05,0.24916509984219132,0.9684609364671952
2026-10-03T09:45:36.320 0.015165787323323065,0.00012798329746833075,-2.2667466284886033e-05,0.00041343708814182013,-4.904230164806716e-05,0.25349390568799146,0.9673368939742113
2026-10-03T09:45:36.377 0.015013677512575898,4.250832177281695e-05,-2.2441849754177973e-05,0.00042052401908160763,-4.9014066159687194e-05,0.2577936243341317,0.9661999109966029
2026-10-03T09:45:36.455 0.014860613964480952,-4.535085173130343e-05,-2.2274329543629307e-05,0.0004276570716061571,-4.947232557396825e-05,0.262071020906541,0.9650484934255488
2026-10-03T09:45:36.520 0.014709457830017193,-0.00013481932662507556,-2.208002250500115e-05,0.000434587398775856,-4.9160948661530614e-05,0.26626616321856467,0.9638994444659975
2026-10-03T09:45:36.591 0.014560209074367657,-0.00022500303323967337,-2.1873829927100407e-05,0.00044080098733566254,-4.9057248267851835e-05,0.2703136654832939,0.9627722085420112
2026-10-03T09:45:36.658 0.0144128677464504,-0.0003141734368685458,-2.1611048664950816e-05,0.00044732057612552887,-4.874249531796882e-05,0.27422663990679064,0.9616649871415215
2026-10-03T09:45:36.729 0.014271248170052424,-0.0004029861406205364,-2.1536128332974305e-05,0.0004531341058350057,-4.844264315727502e-05,0.2780458568154308,0.9605676935180391
2026-10-03T09:45:36.806 0.014132489869939436,-0.0004916199943876093,-2.1301819042425633e-05,0.0004592282433036666,-4.8447408862542115e-05,0.2817989421468989,0.9594733675132197
2026-10-03T09:45:36.874 0.013994208187591763,-0.0005797174003729295,-2.1202374052805268e-05,0.0004653850580297126,-4.857849979075554e-05,0.28550604241686955,0.958376794794372
2026-10-03T09:45:36.951 0.013857834314897967,-0.0006690664798328004,-2.082282286994221e-05,0.0004715536264347356,-4.824892626876318e-05,0.2891789295675013,0.9572749458767907
2026-10-03T09:45:37.026 0.0137233672282583,-0.0007588327678579922,-2.0803914760756784e-05,0.00047701454674141744,-4.859228254716675e-05,0.29282773694322944,0.9561650937848647
2026-10-03T09:45:37.089 0.013588423676471869,-0.0008500295733200931,-2.0560735348995355e-05,0.0004832918277795534,-4.834550679770733e-05,0.29645705289080815,0.9550460616551527
2026-10-03T09:45:37.159 0.013453003276570088,-0.0009421800591046806,-2.0331702993742458e-05,0.0004889403752222821,-4.827630132628317e-05,0.30007251118346445,0.9539162681487081
2026-10-03T09:45:37.231 0.013318536567052805,-0.0010357014397121493,-2.010417827440011e-05,0.0004953596467351439,-4.852752628350602e-05,0.3036759882587442,0.9527752339450132
2026-10-03T09:45:37.293 0.013184546732666867,-0.0011304149072088752,-1.986250614757626e-05,0.0005012093379531214,-4.852803783648271e-05,0.3072051388255793,0.9516431837161372
2026-10-03T09:45:37.356 0.013054371321108392,-0.0012242938616815085,-1.9790778166064763e-05,0.0005066926585504879,-4.810159130692829e-05,0.31059281821352464,0.950542919716394
2026-10-03T09:45:37.429 0.012928487574264092,-0.0013158481809581492,-1.9621527937441624e-05,0.0005119934162955428,-4.7673152280641916e-05,0.31385246711116616,0.9494716238404635
2026-10-03T09:45:37.493 0.012782577006681598,-0.0014249265179301577,-1.9361005209257755e-05,0.000517225045251475,-4.813030675248536e-05,0.31701203996614835,0.9484213708464331
2026-10-03T09:45:37.578 0.012641911438087829,-0.001530964952000357,-1.9213084207050733e-05,0.0005218237186548147,-4.693132232176911e-05,0.3201078363935405,0.9473809680254844
2026-10-03T09:45:37.652 0.012505060534224776,-0.0016347979661866649,-1.9071195006139045e-05,0.0005270113994066158,-4.808686126396077e-05,0.3231617600985176,0.9463435933933652
2026-10-03T09:45:37.727 0.012368209766627851,-0.001741968840469194,-1.8869700688996772e-05,0.0005316354578900776,-4.715792235148769e-05,0.3261153101444601,0.9453298470001108
2026-10-03T09:45:37.791 0.012237557669939595,-0.0018441328465629043,-1.8767415137131694e-05,0.0005362731533098773,-4.7806456140966506e-05,0.3288920432685381,0.9443673723717343
2026-10-03T09:45:37.859 0.012106428667963036,-0.0019483234165931747,-1.8723979893993136e-05,0.0005398029384952335,-4.6561055976952223e-05,0.33142848154177856,0.9434801895470655
2026-10-03T09:45:37.916 0.011990081907476295,-0.002041427336538072,-1.8420796587640726e-05,0.0005443498606404523,-4.636289027336676e-05,0.3336955660893625,0.942680736360944
2026-10-03T09:45:37.996 0.01187325786803454,-0.0021349484950517303,-1.8399980991766946e-05,0.0005469447521680208,-4.5383611582020245e-05,0.3356587286448494,0.9419835012760517
2026-10-03T09:45:38.071 0.011779322084988511,-0.002212197297343196,-1.82216418474908e-05,0.000549969953465074,-4.477366234380106e-05,0.33744406071931027,0.9413454208810026
2026-10-03T09:45:38.146 0.0116796642012246,-0.0022920091714118012,-1.809385969340991e-05,0.0005523761296817552,-4.459646758509292e-05,0.33922516133763336,0.940705045594645
2026-10-03T09:45:38.215 0.011585251632785823,-0.00236770825893445,-1.7870063444838125e-05,0.0005560280995907242,-4.50478041547413e-05,0.34112746675334604,0.9400168829493929
2026-10-03T09:45:38.312 0.011483686488166618,-0.0024505599938945796,-1.7709462788122653e-05,0.0005591451928840707,-4.550610790864145e-05,0.3432081689118095,0.9392591964298515
2026-10-03T09:45:38.364 0.011383075129674063,-0.0025349018329561958,-1.7490765177546596e-05,0.0005633598485400368,-4.64413695834023e-05,0.34553423219812857,0.9384059754968156
2026-10-03T09:45:38.450 0.011267205539660789,-0.0026358139553352886,-1.7039323098432602e-05,0.0005685280048749759,-4.6407063590730614e-05,0.3481264288895638,0.9374474193952915
2026-10-03T09:45:38.515 0.011146566984669348,-0.002739646765416181,-1.6982672090229293e-05,0.0005729454498518904,-4.8689207646270066e-05,0.3510129830592466,0.9363704155336827
2026-10-03T09:45:38.594 0.01101543833131645,-0.002854685380770107,-1.680512478961397e-05,0.0005776236855351238,-4.8323474696685624e-05,0.35419645688178086,0.9351708581580761
2026-10-03T09:45:38.675 0.010877634498243164,-0.0029783071489697076,-1.6348800497876963e-05,0.0005841597451298256,-5.017085231844924e-05,0.357690319694403,0.9338400780846758
2026-10-03T09:45:38.741 0.010744122022849516,-0.003099544677364086,-1.5988668822163634e-05,0.0005903655148396102,-5.02657201653899e-05,0.36150196416131514,0.9323711593831222
2026-10-03T09:45:38.800 0.010606317823771309,-0.003225908259269614,-1.5785663505619868e-05,0.0005974325587457,-5.153646973073563e-05,0.365566390587359,0.9307850742740026
2026-10-03T09:45:38.872 0.01046326902863841,-0.0033592456505908055,-1.5246538681126428e-05,0.000604996480230042,-5.222587281647844e-05,0.369794758707617,0.9291132695662528
2026-10-03T09:45:38.936 0.01031735907713423,-0.0034985435424342024,-1.4836999584391674e-05,0.0006128745396840545,-5.262652984830506e-05,0.3741327689390996,0.9273749472684764
2026-10-03T09:45:39.006 0.010170495377933403,-0.003643146259685436,-1.4515358615239417e-05,0.0006208811511596376,-5.3060752437780875e-05,0.37854105263767285,0.9255842928437773
2026-10-03T09:45:38.350 0.01002363152402004,-0.003790431185973221,-1.4312926347916224e-05,0.0006276139890356692,-5.3263828087242516e-05,0.382994278987853,0.9237504996081031
2026-10-03T09:45:38.426 0.009875337175132585,-0.003940755967157311,-1.4123132935734569e-05,0.0006350559199474915,-5.32120911251985e-05,0.38747599557278184,0.9218795727899244
2026-10-03T09:45:38.483 0.009725612551568754,-0.004094776254305576,-1.3811867988339277e-05,0.0006424733311752696,-5.331108819950881e-05,0.39197422246319746,0.919975974311459
2026-10-03T09:45:38.568 0.00957541089261139,-0.0042517171750783645,-1.3648860058840726e-05,0.0006500177979014175,-5.322247951188029e-05,0.3964805851039962,0.9180428749681699
2026-10-03T09:45:38.638 0.009428070556763101,-0.004410326989851393,-1.3311561725975134e-05,0.000657857610644332,-5.326027897065828e-05,0.40098995737330234,0.9160822116341218
2026-10-03T09:45:38.708 0.009281683951665945,-0.004569771257638898,-1.2945968831627012e-05,0.0006653899308691361,-5.3293892990831555e-05,0.4054980482225042,0.9140956663849471
2026-10-03T09:45:38.766 0.009137204433357353,-0.004731063245433414,-1.2762205066156636e-05,0.0006727368346330832,-5.31326354687711e-05,0.4100006852395014,0.912084964630606
2026-10-03T09:45:38.898 0.00899463234698716,-0.004893547302101451,-1.2536753398283358e-05,0.0006802872549058245,-5.32498955528005e-05,0.41449754029165503,0.9100501763451657
2026-10-03T09:45:38.968 0.008856828616936523,-0.005057163786988646,-1.23337419884589e-05,0.0006875045754511719,-5.339104648143824e-05,0.41898628922756886,0.9079922983848305
2026-10-03T09:45:39.044 0.008717594428822752,-0.005221137917749262,-1.209866644478771e-05,0.0006944708198850365,-5.3344792377008635e-05,0.4234685711055684,0.9059105276739098
2026-10-03T09:45:39.118 0.008580267578860018,-0.0053882114660297326,-1.1896408399578444e-05,0.0007019039590305896,-5.303676375570324e-05,0.4279403620548305,0.9038067000428325
2026-10-03T09:45:39.194 0.008442940699036868,-0.005556655921145396,-1.1723952415272765e-05,0.0007092228487538523,-5.3040338052855864e-05,0.43234581313382076,0.9017075978693585
2026-10-03T09:45:39.260 0.008309905124973515,-0.005724206252583306,-1.1692392230964006e-05,0.0007159005719655258,-5.2776411042259357e-05,0.43661915122029277,0.8996461534896333
2026-10-03T09:45:39.339 0.008181161284804388,-0.005889312739527481,-1.1518606391337631e-05,0.0007223199292470509,-5.188959579742896e-05,0.4407709260179132,0.8976193326453598
2026-10-03T09:45:39.398 0.008056708784007693,-0.0060524522191825626,-1.1455914242058342e-05,0.0007287326474022845,-5.1652709611899866e-05,0.44483654239927584,0.8956114764935651
2026-10-03T09:45:39.481 0.007935117637227476,-0.006214101546656836,-1.1174228778417736e-05,0.000735647866379927,-5.1233596890562756e-05,0.4488398715622279,0.8936118989210797
2026-10-03T09:45:39.543 0.00781877134252444,-0.0063741414827229335,-1.1109452804749113e-05,0.000741689180116968,-5.1097521196935723e-05,0.4527983191066424,0.8916126566510834
2026-10-03T09:45:39.632 0.007704809502099232,-0.006533287319067553,-1.0869632916859517e-05,0.0007479388263581573,-5.097410727262035e-05,0.45672407329498443,0.88960809284875
2026-10-03T09:45:39.708 0.007590847528567022,-0.006693088806521054,-1.0719219777137138e-05,0.0007544827724064049,-5.089889045128119e-05,0.4606243462025089,0.8875948624516482
2026-10-03T09:45:39.814 0.007477839136919617,-0.00685312870055773,-1.0629919028833672e-05,0.0007608928783406665,-5.040776141686743e-05,0.4645045621758517,0.8855703982286816
2026-10-03T09:45:39.876 0.007369599560040513,-0.00701328774379778,-1.0265035852953089e-05,0.0007673180743679782,-5.066643537932952e-05,0.4683088121108405,0.8835645223497934
2026-10-03T09:45:39.973 0.007263266733944664,-0.0071710625772989315,-1.0260796208964838e-05,0.0007727848077948584,-4.986325807558419e-05,0.4719771942991319,0.8816104175761628
2026-10-03T09:45:40.043 0.007161225382579582,-0.007326393566336419,-1.0278243477908715e-05,0.0007782288492642931,-4.947829631626645e-05,0.47552219514843935,0.8797033783230379
2026-10-03T09:45:40.118 0.007060137812681133,-0.007479101938980751,-1.0207792180553877e-05,0.0007837173500914164,-4.9200819649498186e-05,0.4789821402839185,0.877824294865112
2026-10-03T09:45:40.187 0.006963341852575238,-0.007630737373977475,-1.0084521859057646e-05,0.000788678377288415,-4.8722331749070664e-05,0.4823799480787981,0.8759617350684034
2026-10-03T09:45:40.263 0.006868453233761355,-0.007780107808456493,-9.949366485751278e-06,0.0007943307404305439,-4.850251164921468e-05,0.48573415456028096,0.8741062279722015
2026-10-03T09:45:40.324 0.006776902584181385,-0.00792912057302926,-9.74498296860109e-06,0.00080001530928546,-4.8268810361130175e-05,0.48905605529672147,0.8722519890623563
2026-10-03T09:45:40.399 0.006685828805526637,-0.008077120052632038,-9.511551262123456e-06,0.0008052586181504335,-4.7944660648808175e-05,0.4923553959925575,0.8703938839955617
2026-10-03T09:45:40.453 0.006597138690605237,-0.00822505989763308,-9.609714352252763e-06,0.0008102310325614178,-4.7918691452540045e-05,0.4956363190238277,0.8685297810058002
2026-10-03T09:45:40.525 0.006508449131375617,-0.00837222488218649,-9.350250147486497e-06,0.0008159142058586576,-4.769096127284398e-05,0.4989030257290507,0.8666574311271894
2026-10-03T09:45:40.585 0.006422620222808708,-0.008520045481855587,-9.333727696998871e-06,0.0008211295013725245,-4.767735108243748e-05,0.50215703695408,0.8647760598621536
2026-10-03T09:45:40.652 0.006337745156790951,-0.008668223697367328,-9.214405050181914e-06,0.0008263039335137664,-4.761198689401604e-05,0.505341817547041,0.8629188619987173
2026-10-03T09:45:40.704 0.006256684936185439,-0.008815448190516223,-8.996806001948948e-06,0.0008317528995135632,-4.674181603281977e-05,0.5083746661012605,0.8611355902926953
2026-10-03T09:45:40.783 0.006178962266120481,-0.008957129409704832,-8.933496796579215e-06,0.0008355467663033871,-4.6479769610905915e-05,0.5112022977858188,0.8594600109602141
2026-10-03T09:45:40.849 0.00608359690128795,-0.009134275614680476,-8.961495518300872e-06,0.0008395802566525934,-4.630419096344762e-05,0.5137679676939021,0.8579287664675851
2026-10-03T09:45:40.902 0.006012549596878018,-0.009269042611057852,-9.072655033096734e-06,0.0008422489138363242,-4.500680204656194e-05,0.5160755514019365,0.8565426514986525
2026-10-03T09:45:40.960 0.005930535642834295,-0.009422704417865226,-8.942953927210539e-06,0.0008461093457283144,-4.4723062755409646e-05,0.5180856483742828,0.8553283247077825
2026-10-03T09:45:41.029 0.005868548063801263,-0.009542152906468785,-9.053539476356414e-06,0.0008482066558425668,-4.3477459400259435e-05,0.5198049366613455,0.8542845582577705
2026-10-03T09:45:41.084 0.005807037972921652,-0.009664700830525915,-8.777448741840843e-06,0.0008507969573440166,-4.321259497867728e-05,0.5212146390979256,0.8534252013312169
2026-10-03T09:45:41.156 0.005757924895479556,-0.009758638369047895,-8.759383149918018e-06,0.0008516357825042336,-4.2678788062680644e-05,0.5223208967281271,0.8527485876482823
2026-10-03T09:45:41.206 0.005718825223292644,-0.009837793829592151,-8.742251364745239e-06,0.0008530594808072024,-4.242625202217192e-05,0.5231135749615337,0.8522625523748533
2026-10-03T09:45:41.273 0.0056802022290457724,-0.009915578377319665,-8.815280589285782e-06,0.0008538539355856214,-4.25877152839807e-05,0.5235963702403816,0.8519660264299512
2026-10-03T09:45:41.324 0.005646824277434429,-0.009978819325682758,-8.881704280862984e-06,0.0008541462438421528,-4.21435585247585e-05,0.5237654081805426,0.85186211669001
2026-10-03T09:45:41.399 0.00562775168795729,-0.010018218235969309,-8.613122352653202e-06,0.000853798121201015,-4.2248777605041026e-05,0.5236252188299493,0.8519482962299395
2026-10-03T09:45:41.463 0.005629182097695457,-0.01001589363682119,-8.66008795079331e-06,0.0008532740119931389,-4.2429130407151396e-05,0.5232177633409325,0.8521985931974667
2026-10-03T09:45:41.532 0.005651592971677775,-0.009967494383087432,-8.591222582573534e-06,0.0008522557328351695,-4.2129936565708426e-05,0.522555737705985,0.8526046990697319
2026-10-03T09:45:41.596 0.005702136189049159,-0.009876000617037261,-8.864868988650765e-06,0.000850141569777114,-4.2285851050591666e-05,0.5216359833607458,0.853167730481226
2026-10-03T09:45:41.687 0.005773183275866602,-0.00974266413216172,-8.902720665554512e-06,0.0008493006135419278,-4.24219824310186e-05,0.5204514054973456,0.8538908662145772
2026-10-03T09:45:41.824 0.005849952219229195,-0.009598598739191866,-8.979423543319091e-06,0.0008459495067274759,-4.2491701829205195e-05,0.5189867483617415,0.8547818655006632
2026-10-03T09:45:41.906 0.0059252907956289375,-0.009460255410122057,-9.00916026723636e-06,0.0008435322631883907,-4.258159830643201e-05,0.5172273465274873,0.8558476258331638
2026-10-03T09:45:41.987 0.006005397442901078,-0.009311600417491841,-9.150745976467229e-06,0.0008396599251266701,-4.2611346567653186e-05,0.515161579002267,0.8570926674959799
2026-10-03T09:45:42.058 0.0060959946579435325,-0.009153468154234996,-9.130105986586873e-06,0.0008371384710901821,-4.3480807136249964e-05,0.512802198899048,0.8585063786093269
2026-10-03T09:45:42.136 0.0061904063480298435,-0.008991163517835965,-9.219806117704179e-06,0.0008326073275619465,-4.401223100934139e-05,0.510140625814523,0.860090603786327
2026-10-03T09:45:42.223 0.006287202049843766,-0.008824626921654775,-9.387782304217166e-06,0.0008279206108674497,-4.534099186337411e-05,0.5071758449839381,0.8618421982918247
2026-10-03T09:45:42.306 0.006395441773598111,-0.008644321508435762,-9.49934935168525e-06,0.0008231131233533069,-4.677570187054821e-05,0.503901895909206,0.863760498978697
2026-10-03T09:45:42.377 0.006494145557894717,-0.008483864561930942,-9.253108272152938e-06,0.0008182739469190918,-4.871574941866435e-05,0.5003045926325946,0.8658490876851792
2026-10-03T09:45:42.467 0.006603339135612226,-0.00830856592685215,-9.291676647986582e-06,0.0008130242340161643,-4.941753699919663e-05,0.4963943661989606,0.8680967513793806
2026-10-03T09:45:42.527 0.00672445367778412,-0.008122299887028133,-9.229885928927777e-06,0.0008068413061927179,-5.102862817138468e-05,0.4922026583354279,0.8704802637226898
2026-10-03T09:45:42.602 0.006853673791857805,-0.007925602932371222,-9.508738863704932e-06,0.0007995610239734843,-5.218169595691631e-05,0.4878031700461767,0.8729532778288541
2026-10-03T09:45:42.670 0.006986232291589276,-0.0077241971686851235,-9.420341514970274e-06,0.0007933789845296094,-5.303493796117361e-05,0.4832552358072333,0.8754791515518674
2026-10-03T09:45:42.727 0.007124035605282628,-0.0075218972693335655,-9.578655824352927e-06,0.0007864496078602829,-5.378262450043369e-05,0.4786007291926286,0.878032300442716
2026-10-03T09:45:42.814 0.007262792633217342,-0.007319120520811531,-9.708675786736533e-06,0.0007793308294905512,-5.52448342438465e-05,0.4738714487294298,0.8805936859133944
2026-10-03T09:45:42.882 0.007406795024959512,-0.0071179530316442564,-9.757581861269497e-06,0.0007719974834382668,-5.673459911645996e-05,0.4690855737910141,0.8831523794126503
2026-10-03T09:45:42.971 0.00755365798992945,-0.006916904715797936,-1.0094133205528818e-05,0.0007643205631139016,-5.809924429086821e-05,0.4642599427355769,0.8856986609506156
2026-10-03T09:45:43.096 0.007702428520695234,-0.006716452422361029,-1.0299589889468773e-05,0.0007572787021119139,-5.9569732487563326e-05,0.45940313782965125,0.8882275496361756
2026-10-03T09:45:43.157 0.00785215271153121,-0.0065168345819468015,-1.0521455439630682e-05,0.0007499358678772083,-6.0882135219301045e-05,0.45452398127277077,0.8907341827602159
2026-10-03T09:45:43.220 0.008006168479751443,-0.006319183640776473,-1.0735204896143964e-05,0.0007423855285133958,-6.267385099210094e-05,0.4496272115456959,0.8932159960353137
2026-10-03T09:45:43.300 0.00816304527605332,-0.006124095663313484,-1.096837865643753e-05,0.000735463149639193,-6.437669415505468e-05,0.44471679168510336,0.8956709385387611
2026-10-03T09:45:43.356 0.00832230600125556,-0.005929424888376853,-1.1369234567094297e-05,0.0007279158448354669,-6.604178352041749e-05,0.439800232845889,0.8980953295534431
2026-10-03T09:45:43.436 0.008483951346111731,-0.005735767362335001,-1.150563939614517e-05,0.0007204735979025991,-6.844106017703771e-05,0.4348784583214214,0.9004888687383091
2026-10-03T09:45:43.503 0.008646550393656055,-0.005542586661441738,-1.162865086477717e-05,0.0007140801113822413,-7.112406882283548e-05,0.42995513304242877,0.9028499701508711
2026-10-03T09:45:43.593 0.008812009948703767,-0.005351790110381648,-1.2098911802936694e-05,0.0007064212932114487,-7.365502402373897e-05,0.4250337457022347,0.9051772260492539
2026-10-03T09:45:43.667 0.008980807452130306,-0.0051627220519877524,-1.2529746541164993e-05,0.0006994919926974153,-7.65919426890851e-05,0.4201181392152694,0.9074691476556798
2026-10-03T09:45:43.732 0.009151512941686134,-0.0049739519927302035,-1.2561266101593318e-05,0.0006924499795385012,-7.866801232744927e-05,0.4152117415078241,0.909724531953717
2026-10-03T09:45:43.794 0.009323171948606726,-0.004789652269848217,-1.2728403074084666e-05,0.0006810742160724706,-6.96592705119818e-05,0.4103194434871809,0.9119416020677357
2026-10-03T09:45:43.873 0.009498168173536386,-0.0046070810397171764,-1.3318049266257717e-05,0.0006704027819014326,-6.841742349181738e-05,0.40544243326520035,0.9141203308028761
2026-10-03T09:45:43.933 0.009674595382064003,-0.004426595954090897,-1.3626835198626945e-05,0.0006630736967996832,-7.025327766432184e-05,0.4005844340404454,0.9162596065538663
2026-10-03T09:45:44.012 0.00985531453623213,-0.0042455147679369,-1.3674186032906568e-05,0.0006564305029301231,-7.055864173216835e-05,0.39575239184068134,0.9183570158020533
2026-10-03T09:45:44.093 0.01003794005282262,-0.004066758139032832,-1.4365301337682858e-05,0.0006461360845645068,-6.763184565539504e-05,0.39095355204610766,0.9204101792552194
2026-10-03T09:45:44.176 0.010220089857149426,-0.00389122016682404,-1.4370209627792748e-05,0.0006386445553406005,-6.730294088130672e-05,0.3861879393622653,0.9224198952183184
2026-10-03T09:45:44.241 0.010408437959329435,-0.0037147284423200448,-1.4742546586457751e-05,0.0006307489884198654,-6.687546684601683e-05,0.3814756728508353,0.924378660888701
2026-10-03T09:45:44.321 0.010596786209782678,-0.0035425282522286022,-1.5055278272904188e-05,0.0006237756008356647,-6.935427641616009e-05,0.3768179733632576,0.9262871158795157
2026-10-03T09:45:44.371 0.01078322689655221,-0.003375513690278703,-1.5543807101697294e-05,0.0006165754379543903,-7.09853242185514e-05,0.37222154732235196,0.9281437035851545
2026-10-03T09:45:44.449 0.0109648996641601,-0.0032158901642735777,-1.5801278282344735e-05,0.0006100068302609294,-7.271199958857552e-05,0.3676871987182687,0.9299493246964291
2026-10-03T09:45:44.505 0.011138943093615933,-0.003067472407551027,-1.6106289319259747e-05,0.00060290982557119,-7.424176699853516e-05,0.3632179385036758,0.9317040088660359
2026-10-03T09:45:44.575 0.011304880249317093,-0.0029317505422474088,-1.653259175148026e-05,0.0005962523798530385,-7.607084644074685e-05,0.3588143619662793,0.9334087488035763
2026-10-03T09:45:44.630 0.011459373698663797,-0.002808665005692696,-1.6806687512027182e-05,0.0005905159551905367,-8.003138496386495e-05,0.35447739260325234,0.935064395118905
2026-10-03T09:45:44.699 0.01159670134544083,-0.002701136497532653,-1.6979133532600272e-05,0.0005851193172778176,-8.438075066586192e-05,0.3502058685932065,0.9366725682532564
2026-10-03T09:45:44.755 0.0117182937210975,-0.002610893534455362,-1.7052191320686218e-05,0.0005800027407271981,-8.948873122914179e-05,0.34599791244801437,0.9382350985601657
2026-10-03T09:45:44.828 0.011821289181685662,-0.002536982478236107,-1.740876715861531e-05,0.0005748008945526294,-9.440559997919029e-05,0.34191613901872125,0.9397302882051024
2026-10-03T09:45:44.879 0.011901396886944804,-0.0024779728713491735,-1.759504163268e-05,0.0005704829119606024,-0.00010122761730979417,0.33804298061482824,0.9411304944370146
2026-10-03T09:45:44.957 0.011960523955478693,-0.002436368084891314,-1.7777942621948124e-05,0.0005672878499840343,-0.0001097405888851887,0.33442787902403925,0.9424211690496882
2026-10-03T09:45:45.015 0.011997239852993592,-0.0024139562762213822,-1.798501032886362e-05,0.0005639490910765879,-0.00011678111263330617,0.33110469064294545,0.9435938491521836
2026-10-03T09:45:45.087 0.012015836059612577,-0.0024031079967724673,-1.8193229086838804e-05,0.000558717643371758,-0.00011513474173306894,0.3281076298777522,0.9446401737140921
2026-10-03T09:45:45.153 0.012015359217954675,-0.0024064458628885142,-1.8222276895945533e-05,0.0005560969779706731,-0.00012095893383984024,0.3254076955858463,0.9455736395324251
2026-10-03T09:45:45.218 0.012002484280549362,-0.0024197974654696867,-1.8529743736678958e-05,0.000550150419356141,-0.00011709639404273868,0.32304294997294236,0.946384137702936
2026-10-03T09:45:45.273 0.01197959637096171,-0.0024392884724739545,-1.8493551905235804e-05,0.000551381508782046,-0.0001304854419144415,0.32098426793957124,0.9470843566901941
2026-10-03T09:45:45.363 0.011940495995469468,-0.002468197217484742,-1.8521131766384504e-05,0.0005447977019966925,-0.00011998556640023383,0.3192736229427771,0.9476624095593964
2026-10-03T09:45:45.415 0.011898535053957349,-0.002499430579612907,-1.827596710065579e-05,0.0005441784061150143,-0.00012339430600811143,0.31787068163600246,0.9481339137484592
2026-10-03T09:45:45.482 0.011848944569143535,-0.002536803316234543,-1.8167749975289774e-05,0.0005422096193616373,-0.00012079615804244675,0.31680131817878415,0.9484917586448507
2026-10-03T09:45:45.527 0.0117964926846935,-0.0025757854143319972,-1.830832842992289e-05,0.0005401746141936696,-0.00012236927094712242,0.3160521205442669,0.9487416668074719
2026-10-03T09:45:45.614 0.011742610480243896,-0.0026167344836980112,-1.8342336774638763e-05,0.000538528653862223,-0.00011794515363047786,0.3155996041887694,0.9488922941576255
2026-10-03T09:45:45.662 0.01170064918382617,-0.0026478486365776447,-1.832068926693093e-05,0.0005364982681694023,-0.00011571852733010714,0.3153829134934359,0.948964338979723
2026-10-03T09:45:45.752 0.011667747647917018,-0.002672048536604329,-1.834316984663346e-05,0.0005378664690971016,-0.00011823261052096972,0.315397098292224,0.9489596235401991
2026-10-03T09:45:45.803 0.011650104655973577,-0.00268391008306218,-1.8434481634427497e-05,0.0005375520044427029,-0.0001185414356684418,0.3154775348657967,0.9489328859201639
2026-10-03T09:45:45.885 0.011649150939480882,-0.002684208118298345,-1.8462776010674292e-05,0.0005380083802380973,-0.00011941274378437072,0.3155253969496161,0.9489169722201024
2026-10-03T09:45:45.960 0.011662502443185561,-0.0026737175326982843,-1.8349777485434608e-05,0.0005380733027861227,-0.00011937686747343215,0.3156516691133349,0.9488749759648265
2026-10-03T09:45:46.037 0.011691112550280236,-0.0026499945238496283,-1.8260906886820697e-05,0.0005383644865602132,-0.00011870028639855137,0.31577049053069267,0.9488354406238878
2026-10-03T09:45:46.105 0.011741656951622471,-0.0026113700776508905,-1.8206719508814475e-05,0.0005388337767294492,-0.00012008492084875009,0.31597231112712615,0.9487682508593737
2026-10-03T09:45:46.188 0.011784095000709953,-0.002577335291179541,-1.8258923709443472e-05,0.0005395591595578739,-0.00011941791234214129,0.3162876483638748,0.948663174212916
2026-10-03T09:45:46.244 0.011838930753431726,-0.0025376975120080403,-1.831582986579635e-05,0.0005403182920016285,-0.00012104106463760535,0.31680295879880066,0.9484912117154958
2026-10-03T09:45:46.323 0.011883275234714717,-0.0025021725855076254,-1.893729344803317e-05,0.0005394485346677395,-0.00012267236262083028,0.3175576423432915,0.9482388083896061
2026-10-03T09:45:46.390 0.011930481960803478,-0.0024647998788538887,-1.8773520356814127e-05,0.0005433965053729704,-0.00012284412389601513,0.318557892768688,0.9479032432607941
2026-10-03T09:45:46.460 0.011976734458076175,-0.0024282020446546294,-1.8965866700347384e-05,0.0005457340513015097,-0.00012358332826813655,0.319681287432972,0.9475249660915029
2026-10-03T09:45:46.528 0.012010589596567867,-0.0023983992960126587,-1.8944894897217544e-05,0.0005467235809104247,-0.00012070775706565398,0.3207757749531736,0.9471549972027569
2026-10-03T09:45:46.607 0.012043014668673791,-0.0023719940300864053,-1.8668341324506895e-05,0.0005502991370071998,-0.00012329131792255225,0.3217314712587906,0.9468307886691079
2026-10-03T09:45:46.663 0.012070193819343848,-0.0023520857365707513,-1.8890132305657455e-05,0.0005502967170353667,-0.00012121894402742897,0.3224362054889443,0.9465910288341962
2026-10-03T09:45:46.745 0.01209117457462112,-0.0023347405207727783,-1.8819000067863972e-05,0.0005524094580200063,-0.00012378219522137467,0.32291882174275266,0.946426496927274
2026-10-03T09:45:46.808 0.012109770821449385,-0.0023196007068894396,-1.8967614957512457e-05,0.0005514852221970533,-0.0001201457160399584,0.32315077352232646,0.9463473247180333
2026-10-03T09:45:46.880 0.012126459818225122,-0.0023064874749337896,-1.9068510367695433e-05,0.0005525684586816151,-0.00012352501061150832,0.32321851322058304,0.9463241897580057
2026-10-03T09:45:46.942 0.012138857270339594,-0.0022958776920947747,-1.9192422282901513e-05,0.0005522437848167625,-0.00012233975860357593,0.3231714854988363,0.9463402511888951
2026-10-03T09:45:47.022 0.012151255043450491,-0.002288307746106256,-1.9137519990077984e-05,0.000552662088240789,-0.00012333281550635865,0.3231113143898645,0.9463607968776427
2026-10-03T09:45:47.100 0.01215650039238826,-0.0022831220759489596,-1.901170378593726e-05,0.0005525358333603874,-0.00012321385450986882,0.32314952099678323,0.9463477514117358
2026-10-03T09:45:47.172 0.012163175681358792,-0.0022757310159877632,-1.9230876011801327e-05,0.0005529074899929257,-0.0001239354208488496,0.3232269767965999,0.9463212987163764
2026-10-03T09:45:47.251 0.012173189289966177,-0.0022677438675002266,-1.915730299429618e-05,0.000552812642459993,-0.00012351930171351904,0.3232606832362218,0.9463097853318518
2026-10-03T09:45:47.306 0.012185110228312366,-0.0022584453928140473,-1.908674591156108e-05,0.0005529636207118409,-0.00012384536218302815,0.3232838096765593,0.9463018848626323
2026-10-03T09:45:47.372 0.012202752963936771,-0.002243067172339332,-1.9129544982086168e-05,0.0005535469464252491,-0.00012405989586142724,0.32344784089624457,0.9462458308571182
2026-10-03T09:45:47.458 0.012214673943993132,-0.00222959637250827,-1.8999384011525868e-05,0.0005534097831379016,-0.00012303941795580188,0.32370428951680724,0.9461581324214957
2026-10-03T09:45:47.515 0.012229932194868046,-0.002210820717328811,-1.9202326555649705e-05,0.0005544051378921477,-0.00012453912840520385,0.3241635118694156,0.9460008957170367
2026-10-03T09:45:47.594 0.012241852825865,-0.002193952452781362,-1.926588099418267e-05,0.0005553134710438056,-0.00012188800145368817,0.3248203233210277,0.9457755729177441
2026-10-03T09:45:47.648 0.012246621012444989,-0.0021872170678989915,-1.9333025966836848e-05,0.0005552316243098964,-0.00012570345941563253,0.325748723612789,0.9454562099754396
2026-10-03T09:45:47.724 0.012253296984664647,-0.0021798260078585104,-1.912006505822431e-05,0.0005592911034839981,-0.00012397060862980418,0.32696605360056397,0.9450359102264966
2026-10-03T09:45:47.780 0.012249959122726091,-0.0021793492127242997,-1.9114787625716824e-05,0.0005625096300195581,-0.00012744093789347592,0.32850915281749654,0.9445006108292647
2026-10-03T09:45:47.853 0.012246144346493903,-0.0021801837257894017,-1.9168360618926858e-05,0.0005656119783207935,-0.0001271922291518152,0.3303771564128419,0.9438488218066448
2026-10-03T09:45:47.908 0.012234223134271917,-0.002186442363619617,-1.9387929624555255e-05,0.0005695324183772379,-0.0001297069289648412,0.3326048726810392,0.943066093907403
2026-10-03T09:45:47.987 0.012212288929012504,-0.0022009265684453687,-1.929364190191967e-05,0.0005736391672175106,-0.00012985426305603978,0.33515266509059294,0.9421636509432155
2026-10-03T09:45:48.047 0.012184632966841503,-0.0022209540772512525,-1.9056195828630813e-05,0.0005762756724473313,-0.0001226909962824092,0.33801177306643465,0.9411416971539163
2026-10-03T09:45:48.133 0.012141241075501418,-0.0022527835038893356,-1.9091890983989706e-05,0.0005814383535653854,-0.0001221617864973253,0.34119751179352714,0.9399914387651862
2026-10-03T09:45:48.203 0.012086882743096548,-0.0022920040444756704,-1.866321026174924e-05,0.0005884494797189834,-0.0001236353532654891,0.3446586814958382,0.9387278794789572
2026-10-03T09:45:48.286 0.012017742596604002,-0.00235005983892929,-1.828566033936602e-05,0.0005924421286604027,-0.00011734895295126971,0.3483261149479584,0.9373732196338922
2026-10-03T09:45:48.347 0.011936204366371151,-0.002419083044164365,-1.818652929262152e-05,0.000597543711718762,-0.00011352800915978663,0.35213114446046706,0.9359504725966356
2026-10-03T09:45:48.426 0.01183750075435597,-0.002505272603156441,-1.7732428819014757e-05,0.0006008710418039714,-0.00010339744522796786,0.3560282940502996,0.9344749767107693
2026-10-03T09:45:48.488 0.011729737051098168,-0.002603919647011614,-1.748751877497616e-05,0.0006067492345738854,-0.00010012285680902981,0.3600027187653649,0.9329510514021223
2026-10-03T09:45:48.565 0.011605761560996934,-0.002719136986177439,-1.6933850689415553e-05,0.0006114320684455645,-9.249921336362983e-05,0.3640396098361621,0.9313832616410154
2026-10-03T09:45:48.633 0.011474156285551559,-0.0028474674433131776,-1.6725744999509725e-05,0.0006168157442226946,-8.753243601831019e-05,0.36806642706314624,0.9297992886345848
2026-10-03T09:45:48.718 0.011336829114537943,-0.0029834273670151586,-1.6478788615704017e-05,0.0006224677648612989,-8.492843349041606e-05,0.3720168309655335,0.9282257714583261
2026-10-03T09:45:48.780 0.011194256355231186,-0.003124274937677922,-1.6506659910466862e-05,0.0006279760900300465,-8.486848956415317e-05,0.37590643825750125,0.9266574060136407
2026-10-03T09:45:48.877 0.011045961792642662,-0.0032707254169710557,-1.642117512996351e-05,0.0006339508156708989,-8.436045575532897e-05,0.379770951562583,0.9250803291276531
2026-10-03T09:45:48.931 0.010892899246511647,-0.003423196025384706,-1.6134435210683533e-05,0.0006400585726186066,-8.289731574400564e-05,0.3836337957174466,0.923485080678883
2026-10-03T09:45:49.023 0.010738406340171782,-0.0035819251395013407,-1.580072904981301e-05,0.0006459451832243639,-8.01053808206647e-05,0.38750838201537346,0.9218659502366793
2026-10-03T09:45:49.082 0.010583436553011721,-0.0037464955148225924,-1.5540773716285228e-05,0.0006515839066538278,-7.762309602020192e-05,0.3914035021402285,0.920218923911822
2026-10-03T09:45:49.170 0.010427989871069578,-0.003913926919107193,-1.5339668554994484e-05,0.0006575492918740374,-7.70611359010956e-05,0.3953233279504851,0.9185417944049489
2026-10-03T09:45:49.244 0.010272066775603961,-0.004083146468691861,-1.488448974749593e-05,0.0006665120504214886,-8.231707829942476e-05,0.39927125478859543,0.9168325987251575
2026-10-03T09:45:49.306 0.010116143256506581,-0.004254273366961134,-1.4712432336816415e-05,0.0006731760665687712,-8.21770245180814e-05,0.40325426056332087,0.9150877233459366
2026-10-03T09:45:49.393 0.00996260410765544,-0.004427188374537278,-1.4439836286040518e-05,0.0006794590950252382,-8.012364071642741e-05,0.40727544318848996,0.9133051216823211
2026-10-03T09:45:49.463 0.009808588208385883,-0.004603202829639452,-1.413668351309571e-05,0.0006857366073356215,-7.909954629672456e-05,0.41132520603940287,0.9114883972850175
2026-10-03T09:45:49.528 0.009654095410582018,-0.004781780290481121,-1.3892380961134182e-05,0.0006919260373840194,-7.74997404340263e-05,0.41540274451686304,0.9096373316217881
2026-10-03T09:45:49.603 0.009500079203388282,-0.004963278372945939,-1.3827645572348998e-05,0.0006981417900470244,-7.567534449139733e-05,0.41944428172246273,0.9077808113204479
2026-10-03T09:45:49.662 0.009345586643596245,-0.005145789740320602,-1.346413323639176e-05,0.0007036712637381276,-7.426732258445161e-05,0.4233833592182721,0.9059503465798603
2026-10-03T09:45:49.758 0.009192047324745297,-0.005331400537271173,-1.3400151104980024e-05,0.0007092590490986294,-7.188932444079746e-05,0.42722560904889545,0.904144773117849
2026-10-03T09:45:49.824 0.009039938706018082,-0.005519037874114545,-1.3234122434331629e-05,0.0007141119313290092,-7.01030479476566e-05,0.4310047679883261,0.9023493642160122
2026-10-03T09:45:49.915 0.008888307067169681,-0.005708701762863025,-1.2994341649439604e-05,0.000719599405574149,-6.777149879547132e-05,0.43474458734537125,0.9005535083256421
2026-10-03T09:45:49.993 0.008738582728653566,-0.005900332580883453,-1.2802279690813396e-05,0.0007247213121961695,-6.607510258681244e-05,0.4384600286384588,0.8987503956602536
2026-10-03T09:45:50.064 0.008589335239457143,-0.0060929766718615585,-1.2610971496521592e-05,0.0007301153691478446,-6.433943161355247e-05,0.44210072558071906,0.8969651114915156
2026-10-03T09:45:50.126 0.008443902651798927,-0.0062853822962086,-1.229158449868647e-05,0.0007350145534372752,-6.186485328144701e-05,0.44558725581977704,0.8952382104095796
2026-10-03T09:45:50.197 0.008301330763267584,-0.006474807652329382,-1.2155535279561547e-05,0.0007396497593449939,-6.037340721059894e-05,0.4488690149875379,0.8935972564065999
2026-10-03T09:45:50.255 0.00816257379458165,-0.006663577309302972,-1.1876506182569893e-05,0.0007443533281524254,-5.7732391551402706e-05,0.45190281939738025,0.8920668609615495
2026-10-03T09:45:50.327 0.008011418725367248,-0.006873208748106351,-1.1965301198250551e-05,0.0007476749275817948,-5.62860380204807e-05,0.45464566558916647,0.8906720813941955
2026-10-03T09:45:50.408 0.007898886895359196,-0.007031996938629493,-1.2040667153002707e-05,0.0007496934124408427,-5.43376968238521e-05,0.45713003795782675,0.8893995521720696
2026-10-03T09:45:50.498 0.007769189747810463,-0.007214925226350537,-1.1775963682798613e-05,0.0007538905057112825,-5.3476307210576356e-05,0.45929477958238135,0.888283588859865
2026-10-03T09:45:50.551 0.007668578652342503,-0.007355712664061919,-1.184037854847867e-05,0.0007553743258458152,-5.1873795126399675e-05,0.46117586564510027,0.8873084287130545
2026-10-03T09:45:50.632 0.007550802418968397,-0.007523680035838102,-1.1475316636581818e-05,0.0007588094988386064,-5.066518115597936e-05,0.46272125777256273,0.8865035021062023
2026-10-03T09:45:50.685 0.007468787895355744,-0.007641459846507206,-1.142012711258438e-05,0.0007592362144483727,-4.965263102346418e-05,0.4639767063280784,0.8858470731903645
2026-10-03T09:45:50.775 0.007386773196768567,-0.0077603125408040536,-1.148414655364573e-05,0.0007609289458881562,-4.921240563648313e-05,0.4649050743597678,0.8853602037587963
2026-10-03T09:45:50.832 0.007312388197539159,-0.0078667077682344,-1.1262208062083199e-05,0.0007613840897644552,-4.867321604361068e-05,0.4655230829077782,0.8850354101420032
2026-10-03T09:45:50.913 0.007248016055238397,-0.007965294661199008,-1.1443533085948858e-05,0.0007624392092364275,-4.8465854081461734e-05,0.4658104054018022,0.8848842198598198
2026-10-03T09:45:50.960 0.007197949181127131,-0.008038191772107382,-1.1334556219958733e-05,0.0007617961851008138,-4.8701125850182895e-05,0.46579511736466817,0.8848922679818192
2026-10-03T09:45:51.044 0.00720557847470644,-0.008025317072773963,-1.1301917779238298e-05,0.0007618034679086447,-4.9359827407761514e-05,0.46554349710591214,0.8850246717021405
2026-10-03T09:45:51.098 0.007241340739863126,-0.007976202395209875,-1.1269063712583573e-05,0.0007606957702084046,-4.889072394915063e-05,0.46505760237342597,0.8852800943353029
2026-10-03T09:45:51.179 0.007301421126228384,-0.007889536485273942,-1.1319369649313876e-05,0.0007595557231167244,-4.825264615043332e-05,0.4643184184834405,0.8856680117311577
2026-10-03T09:45:51.226 0.007398693785165708,-0.007753159833373361,-1.16520074010282e-05,0.0007575411914249572,-4.883116044486234e-05,0.4633314893121988,0.8861847181928838
2026-10-03T09:45:51.319 0.0075126558948066975,-0.007592941113390062,-1.1713013753586372e-05,0.0007549214044467238,-4.8261235495273256e-05,0.46207547624052425,0.8868402798822452
2026-10-03T09:45:51.378 0.007609928938667396,-0.007459067856528839,-1.1822133957309849e-05,0.0007533917323710927,-5.005489868380593e-05,0.4605366688915011,0.8876403587612072
2026-10-03T09:45:51.455 0.007722460751276034,-0.0073045115957926145,-1.1791470738065486e-05,0.0007509473247467147,-4.9442867797333354e-05,0.45878716044404094,0.88854587672512
2026-10-03T09:45:51.512 0.007834992166203748,-0.007146438661055931,-1.19843252325492e-05,0.000748532207771894,-5.049556541438471e-05,0.45690398892070416,0.8895157008496707
2026-10-03T09:45:51.585 0.00796230554424282,-0.006973881611509286,-1.2066443645207845e-05,0.0007459084572716235,-5.1087741753337796e-05,0.45492735771892395,0.8905282366154901
2026-10-03T09:45:51.630 0.008076744195575872,-0.0068183120478556855,-1.2351720305918609e-05,0.0007429133295748105,-5.199949230710694e-05,0.4528796484421379,0.8915713484644755
2026-10-03T09:45:51.719 0.008217408746567421,-0.006631449715476464,-1.2499654528107422e-05,0.0007391192690372732,-5.1142306011329035e-05,0.4508257706965067,0.8926116599972641
2026-10-03T09:45:51.770 0.008335661750046998,-0.006475045638806973,-1.2999578761835012e-05,0.0007352063743675053,-5.3090620755478224e-05,0.44872277892033313,0.89367070240161
2026-10-03T09:45:51.847 0.00848252553364255,-0.006282878414949464,-1.2889094376411449e-05,0.0007329437361622677,-5.2492977357543995e-05,0.44662979935229724,0.8947185492480267
2026-10-03T09:45:51.898 0.008606977746619707,-0.006123076795439815,-1.3160401975687013e-05,0.0007291989725938441,-5.350696227230687e-05,0.44450019396636103,0.8957784564108086
2026-10-03T09:45:51.980 0.008757655323668229,-0.005930611500434966,-1.3622192497172844e-05,0.0007252509517165938,-5.327493783970033e-05,0.4423931787985663,0.8968209110660488
2026-10-03T09:45:52.024 0.008882107681009051,-0.005771048299487996,-1.3804093202042457e-05,0.0007220024826266732,-5.47311232936246e-05,0.4402598476614761,0.8978701143561986
2026-10-03T09:45:52.111 0.009038508268918942,-0.00557345693287151,-1.3619281449824402e-05,0.0007199707265049521,-5.433884852755316e-05,0.43815289050539413,0.8989001742302705
2026-10-03T09:45:52.154 0.009169635497602083,-0.005408886857806116,-1.4303475699383134e-05,0.0007156454760355597,-5.5741644443175955e-05,0.4360800288875956,0.8999076025625161
2026-10-03T09:45:52.239 0.009327943257082572,-0.0052105206068130605,-1.4225987792168985e-05,0.0007133493523567745,-5.46817827553888e-05,0.4341712567689335,0.9008300660714478
2026-10-03T09:45:52.284 0.009454779600200162,-0.005052149468768998,-1.454576823552524e-05,0.0007097394617014286,-5.551044482153477e-05,0.43235278645019104,0.9017042537535478
2026-10-03T09:45:52.374 0.009609749221040024,-0.0048631411890753705,-1.4716320710836207e-05,0.000707218115845307,-5.451178363088695e-05,0.43064041122456204,0.9025233144309027
2026-10-03T09:45:52.421 0.009735632145851474,-0.0047081675277654755,-1.4900482455228557e-05,0.0007044320214677275,-5.513715966791828e-05,0.42895050707419563,0.903327716399874
2026-10-03T09:45:52.515 0.009887740453652738,-0.004525775399705667,-1.5304928549033576e-05,0.0007015545106998468,-5.507606512175329e-05,0.42732446917847655,0.9040980604056337
2026-10-03T09:45:52.565 0.01001457720616181,-0.00437372235396902,-1.5416091963015202e-05,0.0006987486942677268,-5.556402837245747e-05,0.42569348403119295,0.9048671539603399
2026-10-03T09:45:52.646 0.010164301273089763,-0.00419794637151227,-1.5906174179704324e-05,0.0006960170453715053,-5.5345479274738155e-05,0.4241184376143115,0.905606461644762
2026-10-03T09:45:52.690 0.010290661280136977,-0.004051257749805671,-1.6001681643613734e-05,0.0006941145911014061,-5.597952842245144e-05,0.42252211171856563,0.9063523488026668
2026-10-03T09:45:52.764 0.010442292996299275,-0.003877091068711232,-1.6315965606541783e-05,0.0006911093137304455,-5.564140361962594e-05,0.4209743345295487,0.9070722842967667
2026-10-03T09:45:52.813 0.010567699476086753,-0.003730760086863698,-1.632055829640347e-05,0.0006893900587835427,-5.673911995495476e-05,0.4194015224179566,0.90780057530028
2026-10-03T09:45:52.898 0.010719808017100632,-0.0035537919814588826,-1.6620695505049705e-05,0.0006862733787182683,-5.6290977829400944e-05,0.4178663218238724,0.9085082624531069
2026-10-03T09:45:52.954 0.010846644975509787,-0.0034068649351561096,-1.6642451225186953e-05,0.0006849454103248875,-5.761545910170786e-05,0.4162992015908294,0.9092274205527909
2026-10-03T09:45:53.027 0.011003044736297091,-0.003229658357176953,-1.714308869686101e-05,0.00068177341456668,-5.712036497562691e-05,0.41477329930134565,0.9099245255014019
2026-10-03T09:45:53.075 0.011132742913067838,-0.003083565739858566,-1.7050158720393343e-05,0.0006798629156159218,-5.815621117110813e-05,0.4132158354161416,0.9106328611276947
2026-10-03T09:45:53.160 0.011290096326717437,-0.0029047498244637576,-1.75523043154404e-05,0.0006771791518481507,-5.7892783559340974e-05,0.41170644314624455,0.9113162693317233
2026-10-03T09:45:53.210 0.011421701297343304,-0.002757822718167773,-1.7805116474816428e-05,0.0006748141648055633,-5.9353948252935475e-05,0.4101602150278445,0.9120132340658573
2026-10-03T09:45:53.293 0.011583823493946,-0.002578470300886597,-1.8046580892096265e-05,0.0006725926094420007,-5.879749247704366e-05,0.4087204106025634,0.9126593943629291
2026-10-03T09:45:53.351 0.011715428957244495,-0.002435119473224908,-1.801627075772233e-05,0.0006707820907492268,-5.914688771560879e-05,0.4073771353166055,0.9132597747488217
2026-10-03T09:45:53.428 0.011864676067575552,-0.0022685226120936004,-1.8654608968637037e-05,0.000667916931050117,-5.803587366203715e-05,0.40620015739501325,0.913783881807442
2026-10-03T09:45:53.488 0.011999142266615335,-0.002121357051173395,-1.8777834464326475e-05,0.0006661306856782386,-5.889013946791576e-05,0.4050836175693524,0.9142793968906812
2026-10-03T09:45:53.559 0.012130270548498395,-0.0019768141366579895,-1.8955386590820104e-05,0.0006645190201868313,-5.836000303429936e-05,0.40401496980918433,0.9147521299120684
2026-10-03T09:45:53.599 0.012261875708218026,-0.0018355494716015487,-1.9133692111176673e-05,0.0006630477746304804,-5.9236905806384665e-05,0.40297639239807687,0.9152101310783599
2026-10-03T09:45:53.684 0.012387758561180497,-0.001697324715505018,-1.949666482684793e-05,0.0006611991900881021,-5.8799702760941004e-05,0.40195626286865105,0.9156586274911048
2026-10-03T09:45:53.729 0.012517456713204742,-0.0015586230741518625,-1.9478239354314166e-05,0.0006595605799568162,-5.9671412550630293e-05,0.40095666691477705,0.9160967812822816
2026-10-03T09:45:53.809 0.012643816148522457,-0.001422663288586002,-2.00207793404035e-05,0.000657762193062422,-5.923900273734992e-05,0.39995879960941216,0.9165328812730267
2026-10-03T09:45:53.850 0.012774468085922905,-0.0012853921466895628,-1.9944256923758402e-05,0.0006563678506558189,-5.997460179802184e-05,0.3989732701081167,0.9169623194676692
2026-10-03T09:45:53.923 0.012903212361488814,-0.0011492535170957296,-2.0073334597545233e-05,0.0006554121164343786,-6.0266612663106495e-05,0.39798717400935285,0.9173907434277622
2026-10-03T09:45:53.963 0.01303529428379132,-0.00100959817145561,-2.0311998355016353e-05,0.0006538639214553187,-6.002469926796094e-05,0.39701091311366954,0.9178136541410016
2026-10-03T09:45:54.049 0.013164038196650633,-0.0008745920301561626,-2.0679494124657992e-05,0.0006520187263880482,-6.005953098148022e-05,0.39603381798202303,0.9182356921177781
2026-10-03T09:45:54.090 0.013294689907453262,-0.0007380361440243107,-2.075198301670349e-05,0.0006507777996358432,-6.074374811069304e-05,0.39506774919783927,0.9186517546612567
2026-10-03T09:45:54.175 0.013422480092563218,-0.0006024339682894686,-2.1147773308830663e-05,0.000648940769878272,-6.082441699915243e-05,0.3940984920363942,0.9190679810280128
2026-10-03T09:45:54.217 0.013553608701307061,-0.0004670105643993693,-2.119121366057575e-05,0.0006472628238916113,-6.141986223172984e-05,0.39313930790261387,0.9194786902698133
2026-10-03T09:45:54.300 0.013685213902004572,-0.0003308718987959394,-2.138441948506506e-05,0.000645922515373651,-6.123329677867717e-05,0.3921761299926635,0.9198899184677289
2026-10-03T09:45:54.350 0.013820633662388771,-0.0001935410922833892,-2.1658162657953253e-05,0.0006449276302866348,-6.18828041232488e-05,0.3912204917719502,0.9202967494545353
2026-10-03T09:45:54.440 0.013950808103241718,-5.8117700457546884e-05,-2.2013019143486398e-05,0.000643093631906537,-6.128481851177305e-05,0.39026342369901434,0.9207030155253513
2026-10-03T09:45:54.507 0.014081460047850063,7.670965100056124e-05,-2.1951397469690245e-05,0.0006419423251008485,-6.236053030782077e-05,0.38932668021526995,0.9210995169327648
2026-10-03T09:45:54.593 0.014213065004846887,0.00020974887504310923,-2.2323416498036502e-05,0.0006399835240605927,-6.244925322807485e-05,0.3884466510494793,0.9214709902159828
2026-10-03T09:45:54.670 0.014341808982540942,0.000341476760882904,-2.267601058890128e-05,0.0006385422090831447,-6.23092595190846e-05,0.3877320835759132,0.9217718913848938
2026-10-03T09:45:54.749 0.014446235463426207,0.0004478127619742908,-2.245370896047861e-05,0.000638732399398471,-6.270715177364612e-05,0.38720705713715625,0.9219925612454355
2026-10-03T09:45:54.805 0.014557813447223645,0.0005604669453506078,-2.2853664161845447e-05,0.0006377275870690243,-6.19479622242213e-05,0.3869560335549236,0.922097943583769
2026-10-03T09:45:54.889 0.014654133088295438,0.0006597694962188623,-2.3065578848838277e-05,0.0006373148621192718,-6.176675880607663e-05,0.38694867272470546,0.9221010328002148
2026-10-03T09:45:54.958 0.014687034179838781,0.0006949366508478075,-2.3236814916383647e-05,0.0006369641688110356,-6.138793179622011e-05,0.38711488016663764,0.9220312684837425
2026-10-03T09:45:55.029 0.014649841407368042,0.0006606039071984491,-2.3148200470091962e-05,0.0006379710077661552,-6.196849289344115e-05,0.3874015472413637,0.9219108581353712
2026-10-03T09:45:55.073 0.014589284730340343,0.000594203570574075,-2.2590505070717317e-05,0.0006397351984759434,-6.219808415740571e-05,0.3878649708778806,0.9217159818708662
2026-10-03T09:45:55.148 0.014484381635441983,0.0004870330984770823,-2.2677942349465435e-05,0.0006404032744495878,-6.257762592974047e-05,0.3885123646846518,0.9214432855335304
2026-10-03T09:45:55.197 0.014394737193148226,0.0003966713283258598,-2.2729903569521622e-05,0.0006413180653512818,-6.189754910942984e-05,0.38943247870472886,0.9210547917522189
2026-10-03T09:45:55.271 0.014283636213836914,0.00028377873239301987,-2.2226394261252315e-05,0.0006441628840286897,-6.281096190971306e-05,0.39054070300780025,0.9205854335167025
2026-10-03T09:45:55.322 0.014178733644769919,0.00017601221390846721,-2.1986006306008442e-05,0.0006460169200515056,-6.195256465334313e-05,0.39179308157616854,0.9200531289295573
2026-10-03T09:45:55.413 0.014051419655887493,4.261541596247938e-05,-2.1978400011447264e-05,0.0006483654947047684,-6.307473993345458e-05,0.39309370958625217,0.9194981844068436
2026-10-03T09:45:55.473 0.013944132818180757,-6.956187626861658e-05,-2.1823648539809713e-05,0.0006498814053141048,-6.164678181479968e-05,0.39447721830119625,0.9189054892072327
2026-10-03T09:45:55.547 0.013808236380310415,-0.00021017094423330578,-2.1474645187800377e-05,0.0006529475493181326,-6.219147722428892e-05,0.39586057676398106,0.918310390639138
2026-10-03T09:45:55.598 0.013700949834786683,-0.0003249708408042377,-2.115598071894612e-05,0.0006543759390739161,-6.112443638786564e-05,0.39729820640394076,0.9176893282828047
2026-10-03T09:45:55.681 0.01356839104456073,-0.00046587788999343107,-2.094636511180545e-05,0.0006575924576151903,-6.170812179009084e-05,0.3987198606075219,0.9170725361286236
2026-10-03T09:45:55.736 0.013461580952334004,-0.0005820486874371432,-2.08817737724488e-05,0.0006589270597746648,-6.038365005447191e-05,0.4001869647131198,0.916433279318601
2026-10-03T09:45:55.820 0.013329022102387221,-0.000725697550296723,-2.073176228711531e-05,0.0006617431210597429,-6.0746922482838344e-05,0.40163418952971897,0.9157999433318714
2026-10-03T09:45:55.883 0.013218874410090634,-0.0008434777151458583,-2.0512881748345866e-05,0.0006635420903892855,-5.950858765992865e-05,0.4031201282546167,0.9151468288567709
2026-10-03T09:45:55.960 0.013087269361575928,-0.0009879610310117137,-2.0289872273825373e-05,0.0006662353437086526,-6.0083681120518365e-05,0.40458377417252755,0.9145006955692988
2026-10-03T09:45:56.083 0.012979505626993126,-0.001106575630897867,-2.0223772674606232e-05,0.0006677610835855915,-5.8865420906803856e-05,0.4060822002194452,0.9138363077132206
2026-10-03T09:45:56.193 0.012850284641986677,-0.0012509397074707404,-2.0079038582783224e-05,0.0006708893883791834,-5.932574847079381e-05,0.40756086609066716,0.9131777958422497
2026-10-03T09:45:56.229 0.012742044405939247,-0.0013699715458354354,-1.9803568989293476e-05,0.0006728149109070025,-5.801197039190379e-05,0.4090722259601453,0.9125017577532214
2026-10-03T09:45:56.324 0.012614254287025723,-0.0015145740229361158,-1.9437579510166004e-05,0.0006758270456551748,-5.8641869583510664e-05,0.41056406447990607,0.911831502404186
2026-10-03T09:45:56.424 0.012506967244344852,-0.0016347979422467929,-1.947654157576589e-05,0.0006774175943464541,-5.7368059446905735e-05,0.4120846036685872,0.9111453326630237
2026-10-03T09:45:56.511 0.012376792829321703,-0.0017797580772468775,-1.9181288100625525e-05,0.0006804863628997569,-5.802312186970714e-05,0.41358878023626217,0.9104635382234195
2026-10-03T09:45:56.597 0.012272367243903898,-0.0018992071001030584,-1.8941652164600468e-05,0.000682440348043061,-5.6562090076491023e-05,0.4151187068068116,0.9097669978268841
2026-10-03T09:45:56.682 0.012147437895252095,-0.002042736657604674,-1.8729197867070906e-05,0.0006854478541770065,-5.733407961280298e-05,0.41663316515959187,0.9090744373059573
2026-10-03T09:45:56.742 0.012042534906777601,-0.0021639738258757454,-1.8861336272700713e-05,0.000686685526902682,-5.58214979670294e-05,0.41811013366746314,0.9083960818230798
2026-10-03T09:45:56.824 0.011919036468337576,-0.0023075033653206178,-1.839782434172737e-05,0.0006895014425478906,-5.645648920563813e-05,0.41941955268811615,0.9077922450777635
2026-10-03T09:45:56.878 0.01181461066578118,-0.002430290248314029,-1.832210042799411e-05,0.000690443695964251,-5.528200933714873e-05,0.42051955280177594,0.9072832115402536
2026-10-03T09:45:56.956 0.011725443523630377,-0.002535016731818753,-1.8195999517734998e-05,0.0006922484492869358,-5.442385989260972e-05,0.42138709471632124,0.9068806063846917
2026-10-03T09:45:57.008 0.011612911891509614,-0.0026683537389646742,-1.7943544498917028e-05,0.0006918299099058227,-5.3823975578140126e-05,0.4219544403748641,0.9066167705939984
2026-10-03T09:45:57.090 0.011549016519399062,-0.0027448273026913373,-1.7991516786712322e-05,0.000692551743488468,-5.373868045798743e-05,0.42226891308653963,0.9064703428821868
2026-10-03T09:45:57.136 0.011528035692254659,-0.0027695634944600103,-1.8166955813576024e-05,0.0006923769980700953,-5.358713352082576e-05,0.42233313706113423,0.9064404222466101
2026-10-03T09:45:57.221 0.011537095429796014,-0.0027589537536285465,-1.8196183362871676e-05,0.000692192121109559,-5.36695458184221e-05,0.42215319125613937,0.9065242418721656
2026-10-03T09:45:57.259 0.01157714953825442,-0.00271234241708122,-1.799130054657534e-05,0.0006917166993793062,-5.3824294807287914e-05,0.42174522870859626,0.906714111885597
2026-10-03T09:45:57.334 0.011656303057400202,-0.002620073430430034,-1.8235677170850387e-05,0.000690870728205248,-5.425794212613219e-05,0.4211317203718394,0.906999224834491
2026-10-03T09:45:57.385 0.011759774784212978,-0.0025008628381816517,-1.8593014348280434e-05,0.0006888435049633648,-5.3150593888374545e-05,0.42036431417365006,0.907355148791782
2026-10-03T09:45:57.468 0.011885181530964909,-0.0023532801587611268,-1.841879353205844e-05,0.0006874963474578719,-5.4312341170052426e-05,0.41957950292199636,0.9077183291785356
2026-10-03T09:45:57.521 0.01199675953514538,-0.002227274534934309,-1.8699541776711813e-05,0.0006874089235204828,-5.3763334983623766e-05,0.4188773620972172,0.9080425541245039
2026-10-03T09:45:57.595 0.012084019236667156,-0.002128150912070854,-1.892693404823206e-05,0.0006859108587456161,-5.3586280786333696e-05,0.41832253488210835,0.908298289916155
2026-10-03T09:45:57.657 0.012157450866544794,-0.002042140485153452,-1.91175590602718e-05,0.0006855099346506163,-5.338598065147584e-05,0.4179708389017774,0.9084601835269452
2026-10-03T09:45:57.718 0.012217055067818143,-0.0019735347885372423,-1.8898887546681126e-05,0.0006846904757166459,-5.376145184371758e-05,0.41786161432025226,0.9085104289915067
2026-10-03T09:45:57.777 0.012244710828573568,-0.001939380978923445,-1.9151237073110184e-05,0.0006845980180330011,-5.3765790350463994e-05,0.4179856513386867,0.9084533690342985
2026-10-03T09:45:57.850 0.012229452068219711,-0.0019551167972742794,-1.924631787756122e-05,0.0006848580096063182,-5.3528336072006595e-05,0.4183175587394747,0.9083005824915396
2026-10-03T09:45:57.921 0.012175093818853894,-0.0020215170559061114,-1.8981545277912907e-05,0.0006869997811361647,-5.444958879035649e-05,0.41884028842774373,0.9080596554501843
2026-10-03T09:45:57.993 0.01209498628143399,-0.002114441705697627,-1.8959177824775222e-05,0.0006874870912868554,-5.328251673606887e-05,0.41954663105300544,0.9077335230642009
2026-10-03T09:45:58.071 0.011987222814584234,-0.0022412221418982243,-1.878876889193184e-05,0.0006891589546832557,-5.41485714910574e-05,0.4203473266448269,0.9073630183726988
2026-10-03T09:45:58.160 0.011902824345979042,-0.0023404649380060825,-1.8431789898229504e-05,0.0006910190126031253,-5.410955128442553e-05,0.4212484258443636,0.9069450277103493
2026-10-03T09:45:58.228 0.011814610786009587,-0.0024435820841033555,-1.8351900539047874e-05,0.0006925889396890831,-5.4705380269318305e-05,0.4222710290165632,0.9064693571109698
2026-10-03T09:45:58.299 0.01170923137200452,-0.0025656537233581613,-1.822996545445785e-05,0.0006948582300446499,-5.506072770836554e-05,0.4234421660112573,0.9059228698868637
2026-10-03T09:45:58.373 0.011613388475680443,-0.002678248104036926,-1.818271509170386e-05,0.0006965524902222874,-5.459559893034337e-05,0.4247603179170114,0.9053055750170703
2026-10-03T09:45:58.452 0.011514208500476006,-0.0027982931072566934,-1.769805286531564e-05,0.0007005649829534153,-5.4977898698079936e-05,0.4261661163730447,0.9046446525800348
2026-10-03T09:45:58.517 0.011415504335825279,-0.0029135697330034773,-1.7825092194233513e-05,0.0007012520617551006,-5.425616173630464e-05,0.42763983675280115,0.9039489340244018
2026-10-03T09:45:58.597 0.011302496147475619,-0.0030523307688023462,-1.7437772075048804e-05,0.0007047359806183056,-5.4167195322339044e-05,0.4291334628010802,0.9032408159054076
2026-10-03T09:45:58.651 0.011203315659651264,-0.0031747003532310507,-1.7295835747507525e-05,0.0007067305245315183,-5.3372076486213715e-05,0.4306686343332761,0.902509847638738
2026-10-03T09:45:58.752 0.011087922805888734,-0.0033181701860467926,-1.7247471486841593e-05,0.0007092991905436905,-5.4320410775640236e-05,0.4321999609023744,0.9017775156544642
2026-10-03T09:45:58.801 0.010990172956355147,-0.003439526473487726,-1.701839025984352e-05,0.0007115673157194534,-5.3349124718660685e-05,0.43376052368757406,0.9010279123956747
2026-10-03T09:45:58.884 0.01087334960011408,-0.003585440114752066,-1.6982664951811615e-05,0.0007146540594764904,-5.363720135751642e-05,0.4352422886795709,0.900313076955786
2026-10-03T09:45:58.931 0.010769401684142471,-0.0037149027118442784,-1.629674703093958e-05,0.0007161165147799354,-5.3155038582326904e-05,0.4366153065605666,0.8996480191878942
2026-10-03T09:45:59.017 0.010677373062094235,-0.0038335767183196863,-1.656845110826663e-05,0.0007179152093589597,-5.297011654929858e-05,0.43786986025423164,0.8990380788781188
2026-10-03T09:45:59.061 0.01058629899825257,-0.003949568503666947,-1.6260518924294973e-05,0.0007199779141345007,-5.193215217816927e-05,0.4390609945587288,0.8984569672454851
2026-10-03T09:45:59.149 0.01050237693284013,-0.004059301711316635,-1.6261919566432243e-05,0.0007213407881582394,-5.21476825373896e-05,0.44020894595892435,0.8978950722917569
2026-10-03T09:45:59.197 0.010385077280284073,-0.004210698985848619,-1.5927416580034603e-05,0.0007236793396944512,-5.237730119188805e-05,0.44129708348179175,0.8973607734101687
2026-10-03T09:45:59.270 0.010305446528275069,-0.004314531279651616,-1.6025010413401247e-05,0.000724541669070621,-5.1885941741721466e-05,0.442392464105434,0.8968212642717283
2026-10-03T09:45:59.318 0.01021771008881403,-0.00442897330223549,-1.585646627652497e-05,0.0007267274374719731,-5.1614329069194885e-05,0.44347714466861576,0.8962853849973034
2026-10-03T09:45:59.388 0.010118052837674505,-0.004559031891845767,-1.572867590382708e-05,0.0007285281054555157,-5.212377182763261e-05,0.4445388480000657,0.8957592752233641
2026-10-03T09:45:59.433 0.010034131069540828,-0.004668049843722665,-1.5536361809569275e-05,0.0007299776223355395,-5.142621246438783e-05,0.4456161977742605,0.8952238093176627
2026-10-03T09:45:59.509 0.009956884723188137,-0.004770868828520111,-1.548871403334976e-05,0.0007315264188935353,-5.144603758920663e-05,0.4466976899709332,0.8946846572938623
2026-10-03T09:45:59.560 0.009848644904369479,-0.004913682920134632,-1.5138734837068822e-05,0.0007337398440634528,-5.168890370659158e-05,0.4477538795320661,0.8941565424007603
2026-10-03T09:45:59.632 0.009770444533739113,-0.005016680730914243,-1.531309630998066e-05,0.0007346289605248597,-5.0963558734538427e-05,0.4488296502002546,0.8936170336470334
2026-10-03T09:45:59.685 0.009686046509657077,-0.005130645874250383,-1.4792202339964047e-05,0.0007377136539343401,-5.096539018674316e-05,0.4499081907306282,0.8930745059033913
2026-10-03T09:45:59.745 0.009589250165638493,-0.005259273916376566,-1.4728540351950605e-05,0.0007389601537705905,-5.119626401602402e-05,0.45090805479848145,0.8925700966505002
2026-10-03T09:45:59.795 0.009510096508762,-0.005366801692127317,-1.4692777227822011e-05,0.0007400798974462712,-5.0741578972817965e-05,0.451773093638897,0.8921325695046549
2026-10-03T09:45:59.885 0.009447631880004392,-0.005450606609134102,-1.4653603251265627e-05,0.0007417895874416833,-5.007070840303221e-05,0.45243514897350806,0.8917969966390623
2026-10-03T09:45:59.928 0.009386597640583763,-0.005536080438200603,-1.4706097647354137e-05,0.0007412696805618895,-5.0256011797472234e-05,0.45284940047142985,0.8915867139466921
2026-10-03T09:46:00.014 0.009330331992613785,-0.005611421417580861,-1.4542615863009008e-05,0.0007417680182624463,-5.0603267385613925e-05,0.4529886361259268,0.891515980092499
2026-10-03T09:46:00.068 0.009296953838975625,-0.005654873623874626,-1.4579240506200598e-05,0.0007412220270331078,-5.027486926306805e-05,0.4528470163301911,0.8915879249200204
2026-10-03T09:46:00.152 0.009303629510618198,-0.005649807145018476,-1.4574895213321566e-05,0.0007404207521847391,-5.038540046377982e-05,0.45245669707267966,0.8917860654397458
2026-10-03T09:46:00.203 0.009351789675220634,-0.0055825724993113866,-1.4323228011210656e-05,0.00073989898701703,-5.106209129608236e-05,0.45186056334661573,0.8920882698669628
2026-10-03T09:46:00.274 0.009426651154169944,-0.005483389427946814,-1.4829040961980701e-05,0.0007375600619565584,-4.9691118106861506e-05,0.45103590750153905,0.8925054978431287
2026-10-03T09:46:00.319 0.009530123395067223,-0.005343257605293707,-1.469464385664795e-05,0.0007368938302723114,-5.0226241443530265e-05,0.44998356123650624,0.8930365328930945
2026-10-03T09:46:00.391 0.009626442630759999,-0.00521737138286594,-1.4951266319510357e-05,0.0007343465629154722,-5.0995975502780776e-05,0.44871321308164325,0.8936755062887669
2026-10-03T09:46:00.438 0.009742789080786815,-0.005060311679024704,-1.4941536092875732e-05,0.000733462334231401,-5.107286336429425e-05,0.4473370954556308,0.8943651281517447
2026-10-03T09:46:00.510 0.009844830216550499,-0.004927153617899318,-1.523700919114252e-05,0.000730200175756637,-5.1708731800961944e-05,0.44586209586641573,0.8951013661052682
2026-10-03T09:46:00.558 0.009977388613543735,-0.004755013734850295,-1.5446629906889725e-05,0.0007282446362001484,-5.118399501044555e-05,0.44436572701994437,0.8958451694852101
2026-10-03T09:46:00.644 0.01008229079028581,-0.004619829079776704,-1.5716824631924503e-05,0.0007257053459824529,-5.232034652992576e-05,0.44280909848816025,0.8966156216074059
2026-10-03T09:46:00.688 0.01022152493244699,-0.004439106043816393,-1.5847594917157583e-05,0.0007234929925523598,-5.201441531571241e-05,0.4412631388783511,0.8973774657966487
2026-10-03T09:46:00.764 0.01033214958416675,-0.004299272154352212,-1.5813913569562128e-05,0.0007209406103297647,-5.3236911024077306e-05,0.4396672309626662,0.8981604552796172
2026-10-03T09:46:00.810 0.01046804546208474,-0.004129158787247915,-1.628213088799504e-05,0.0007181674412227284,-5.223491730810345e-05,0.43809742996168344,0.8989272069350264
2026-10-03T09:46:00.883 0.010593928598485125,-0.003972277777278019,-1.6317281518681772e-05,0.0007160596486949232,-5.365914254751129e-05,0.4365094788489646,0.8996993715982474
2026-10-03T09:46:00.927 0.010724579515687041,-0.003808244149958835,-1.667289661392613e-05,0.0007133959284897262,-5.307408817479137e-05,0.43492939594541485,0.9004642740230991
2026-10-03T09:46:01.003 0.0108423564490137,-0.00366405903139967,-1.678463521221388e-05,0.0007109809605768475,-5.3611756532901245e-05,0.4333277956054248,0.9012361029095519
2026-10-03T09:46:01.052 0.010984451764527978,-0.0034899520749801685,-1.6875224568005667e-05,0.0007084848213211525,-5.344281532416138e-05,0.4317555803180011,0.9019903625080423
2026-10-03T09:46:01.136 0.01110413584061181,-0.003344574839533774,-1.7109188222110232e-05,0.0007061543310928648,-5.4390324984283936e-05,0.43015773495013354,0.9027534665955728
2026-10-03T09:46:01.184 0.01124575407886504,-0.003173805749257659,-1.7377836812690335e-05,0.0007031856139511759,-5.415597166388732e-05,0.4285986627826358,0.9034947088157514
2026-10-03T09:46:01.266 0.011366391828527056,-0.0030303358504398144,-1.7628209157530367e-05,0.0007011462761216413,-5.483794793895657e-05,0.42701482419572584,0.9042443504406275
2026-10-03T09:46:01.310 0.011514208737985502,-0.002852712147984256,-1.7981165673046224e-05,0.0006983081664634266,-5.475578944338363e-05,0.4254606096489072,0.9049766731826232
2026-10-03T09:46:01.394 0.011638184428207202,-0.0027028645101328584,-1.8132508573580274e-05,0.0006961580564161538,-5.571357433638601e-05,0.42387608565571616,0.9057199215370865
2026-10-03T09:46:01.439 0.011787909042572053,-0.002525658016135997,-1.8264963602615564e-05,0.0006935342039823635,-5.508870619338141e-05,0.42231567203127285,0.9064485584589546
2026-10-03T09:46:01.524 0.011911407670541585,-0.002380340337323399,-1.859436554295295e-05,0.0006909553606095679,-5.667470336130816e-05,0.4207452447966423,0.9071785702658993
2026-10-03T09:46:01.587 0.012060178656058351,-0.002206650529374852,-1.872531213663926e-05,0.000688878972416037,-5.6118761408678844e-05,0.4191983013129362,0.9078944357538462
2026-10-03T09:46:01.651 0.012187492161551874,-0.0020591870352985276,-1.8926635585409303e-05,0.000686895215023655,-5.6939526229018285e-05,0.41762632384979576,0.90861861006726
2026-10-03T09:46:01.699 0.012341985067104991,-0.0018816824580517942,-1.911133339161171e-05,0.0006841325313231484,-5.6387933891686335e-05,0.4161515917097983,0.9092949914634314
2026-10-03T09:46:01.782 0.012466914090868952,-0.001740417877092473,-1.9547304457192182e-05,0.0006811824528238973,-5.755958148560642e-05,0.41481687065248324,0.9099046634122948
2026-10-03T09:46:01.830 0.012608533062511865,-0.001579245134553353,-1.9428521771371048e-05,0.0006800740846743616,-5.5947883333591465e-05,0.41371219166461254,0.9104074674765891
2026-10-03T09:46:01.909 0.012728216584719506,-0.001442272154096172,-2.0079716042739938e-05,0.0006780566713762764,-5.608638923871053e-05,0.4128605046575148,0.9107940166620604
2026-10-03T09:46:01.954 0.012823106347416001,-0.001335101808043704,-1.9827434806805803e-05,0.000676978062768718,-5.604324675367288e-05,0.4122429731556097,0.9110736905671682
2026-10-03T09:46:02.024 0.01292180953544841,-0.0012245935539988667,-2.0356044970947e-05,0.0006762544342330838,-5.577307433036917e-05,0.4119303183559445,0.9112150966640503
2026-10-03T09:46:02.071 0.012994764496391337,-0.0011406692956354562,-2.0456508856282427e-05,0.0006761244708525495,-5.560124753298043e-05,0.4119026619735562,0.9112275988046562
2026-10-03T09:46:02.146 0.013020990109119944,-0.0011071711550833933,-2.048307934673244e-05,0.0006756337607805044,-5.550837414499967e-05,0.41211717893445016,0.9111306005534838
2026-10-03T09:46:02.190 0.012988088822043537,-0.0011436496119218988,-2.044595334781702e-05,0.000676394153594142,-5.578508649781467e-05,0.41250338564956046,0.9109558146291307
2026-10-03T09:46:02.263 0.012930869389883547,-0.0012101691158829422,-2.028096514621748e-05,0.0006780268716284117,-5.606472921026466e-05,0.4130874785914091,0.910691095908651
2026-10-03T09:46:02.305 0.012830735674014852,-0.0013248497130801942,-1.9794795937118406e-05,0.0006804307988367292,-5.735116410130971e-05,0.4138742559988009,0.9103338035831752
2026-10-03T09:46:02.377 0.012748720825459898,-0.0014168207125635995,-1.9739610634545832e-05,0.0006810237163466208,-5.5770964549709475e-05,0.4149168871159314,0.9098590604496516
2026-10-03T09:46:02.424 0.012638096027403534,-0.0015450316962975007,-1.9773293883244866e-05,0.0006832093124128465,-5.664100587193428e-05,0.41605831141016203,0.9093376773912739
2026-10-03T09:46:02.513 0.01254606801999931,-0.001650771494767454,-1.9553262371409728e-05,0.0006854679874293977,-5.598753920220446e-05,0.41718543055770324,0.9088211284567593
2026-10-03T09:46:02.561 0.012431152287005436,-0.0017850026015938446,-1.9252334128290345e-05,0.0006870997305937363,-5.569887097408101e-05,0.41814029321229196,0.9083821992883472
2026-10-03T09:46:02.642 0.012348660392708086,-0.0018828148623010045,-1.9375207651037627e-05,0.0006887101671214986,-5.524809970897799e-05,0.41892391217556624,0.9080210781878754
2026-10-03T09:46:02.691 0.012270937273248149,-0.001973832133412675,-1.919269759198437e-05,0.0006884066505359139,-5.550250831225363e-05,0.41946798220167925,0.9077698689224085
2026-10-03T09:46:02.778 0.012202750641154891,-0.0020548357041481015,-1.9099773485078543e-05,0.0006888853725149764,-5.500992542312564e-05,0.4197448148767531,0.9076418967824986
2026-10-03T09:46:02.826 0.012148392126168164,-0.0021188517770164466,-1.898401270108178e-05,0.0006887991285434268,-5.477372754522447e-05,0.4197398677722536,0.9076441846660674
2026-10-03T09:46:02.910 0.012134563662253562,-0.002132620624101454,-1.9200564758018226e-05,0.0006883373871408125,-5.529971856594146e-05,0.419488188178533,0.9077605318101654
2026-10-03T09:46:02.958 0.012161743352541374,-0.002103175587345943,-1.9005125307140198e-05,0.0006878232240335417,-5.512007034318446e-05,0.4190124553470298,0.907980223421768
2026-10-03T09:46:03.027 0.0122356519595926,-0.002017105549763945,-1.9107097403591874e-05,0.0006859985079674907,-5.574827422705453e-05,0.4183389558501609,0.9082907267589899
2026-10-03T09:46:03.073 0.01233960032322834,-0.0018970008818624516,-1.9584397797877572e-05,0.000684303801653591,-5.488684166241011e-05,0.4174584498494196,0.9086957529146162
2026-10-03T09:46:03.154 0.012450225221232968,-0.001771114479266405,-1.9506010741253355e-05,0.0006833204033645802,-5.577494975001568e-05,0.41632304467196884,0.9092165047102055
2026-10-03T09:46:03.200 0.012573247331839349,-0.0016305651780088094,-1.9670745403329423e-05,0.0006809634247779268,-5.604098302744357e-05,0.414921864138725,0.9098567908236261
2026-10-03T09:46:03.275 0.012698176724016913,-0.0014904926899038926,-1.9883199135402533e-05,0.0006791275547114847,-5.8046305513758145e-05,0.41322432963774836,0.910629007231718
2026-10-03T09:46:03.320 0.012858392031022346,-0.001311855552321708,-1.9838526006609802e-05,0.0006768098966186141,-5.879934105800381e-05,0.41131838838014345,0.9114914820509091
2026-10-03T09:46:03.397 0.012994288345069412,-0.001161411717969859,-2.0187530967245237e-05,0.0006745213030228593,-6.10403805189813e-05,0.4092771448657099,0.9124098640335145
2026-10-03T09:46:03.455 0.013144012776083807,-0.0009995832223675726,-2.05584017620648e-05,0.0006705321772819353,-6.0220010645692616e-05,0.4072922289096449,0.9132976442704552
2026-10-03T09:46:03.530 0.013295645011341622,-0.000834834075100422,-2.061936476095279e-05,0.0006686213740106918,-6.057364498670351e-05,0.4054610312758824,0.9141120836051724
2026-10-03T09:46:03.579 0.013474933203499176,-0.0006402822572713293,-2.0843269719165693e-05,0.0006650445163908637,-6.082428733109221e-05,0.40388437593947296,0.9148097971098581
2026-10-03T09:46:03.662 0.013609875916307239,-0.0004918053881982886,-2.116096421279631e-05,0.0006630924909252672,-6.136662288150626e-05,0.4025116262873851,0.9154146313261388
2026-10-03T09:46:03.711 0.013766752891686863,-0.0003221685940687777,-2.1483540665569462e-05,0.0006609819100644571,-5.964519266159561e-05,0.4014492373713424,0.9158810345013882
2026-10-03T09:46:03.793 0.013893112698716502,-0.00018579157594577958,-2.1787662438813002e-05,0.0006595060866571021,-5.9623711148479075e-05,0.40066257835855784,0.9162254415807319
2026-10-03T09:46:03.839 0.013990863016037015,-8.100537972101815e-05,-2.1852828387270076e-05,0.0006582565687373363,-5.976301147840872e-05,0.4001338278317644,0.916456481755338
2026-10-03T09:46:03.926 0.01409004328314606,2.5211345925624825e-05,-2.2262982638991702e-05,0.0006576937682907171,-5.8905426579971724e-05,0.3999134108369748,0.9165526868662788
2026-10-03T09:46:03.974 0.014163951958784247,0.00010770510482411724,-2.2350053007920272e-05,0.0006570473239170756,-5.911011060555686e-05,0.3999869931028831,0.9165205781341318
2026-10-03T09:46:04.058 0.01417873359534952,0.00012379854500734586,-2.243303204271099e-05,0.0006577766471975292,-5.89647543217344e-05,0.40013463287184425,0.9164561306628674
2026-10-03T09:46:04.105 0.014158707044141811,9.983722569861798e-05,-2.222254934968608e-05,0.0006579561738579087,-5.8849610623094126e-05,0.40016038187372366,0.9164448878187232
2026-10-03T09:46:04.177 0.014150600790334431,9.304219412291693e-05,-2.228423713989461e-05,0.0006580701613119447,-5.874604386158721e-05,0.4000431695351488,0.9164960589117868
2026-10-03T09:46:04.222 0.014180641236782874,0.0001209375461021156,-2.2272134726783843e-05,0.0006576638739796118,-5.90898797312304e-05,0.3997737277155288,0.9166136212249113
2026-10-03T09:46:04.294 0.014249781596189743,0.00019389450179487885,-2.2396367662820636e-05,0.0006568850128731862,-5.9323102812909175e-05,0.39933500941005495,0.9168048403244393
2026-10-03T09:46:04.341 0.014338471883785897,0.00029069356152801204,-2.259621905919877e-05,0.0006558884782674672,-5.963566253769708e-05,0.39882169624309805,0.9170282552133657
2026-10-03T09:46:04.432 0.014452911409471083,0.00041050033836842383,-2.261326930413321e-05,0.0006555534182649136,-5.87948620150791e-05,0.3984045544124248,0.9172095604693168
2026-10-03T09:46:04.479 0.014546846632582908,0.0005078955105568333,-2.2985326597041618e-05,0.0006545257339378153,-5.84566111898592e-05,0.39811964571249586,0.9173332632564051
2026-10-03T09:46:04.560 0.014599775000747156,0.0005692889610832777,-2.2890209165902276e-05,0.0006545775136365334,-5.88911907489918e-05,0.3980027016414457,0.9173840076795631
2026-10-03T09:46:04.611 0.014619324923840682,0.0005897932050110224,-2.2995629365421984e-05,0.0006545201015738023,-5.9093744894494894e-05,0.3980791146566166,0.9173508525016861
2026-10-03T09:46:04.698 0.014587377210236846,0.0005574870853078402,-2.2989814194233596e-05,0.0006547117285568285,-5.906974632983639e-05,0.39833216541206923,0.9172410009705463
2026-10-03T09:46:04.753 0.014543986000227405,0.0005089683581886497,-2.2727483768439564e-05,0.0006563454413180191,-5.869795983733863e-05,0.3987949632634117,0.9170398808344953
2026-10-03T09:46:04.831 0.014474368998744463,0.0004355345593561707,-2.2483287683791866e-05,0.0006575025622531043,-5.9280147559702096e-05,0.39947048995019596,0.9167458163717984
2026-10-03T09:46:04.880 0.014377095169084038,0.0003303907412251982,-2.2642392745433317e-05,0.0006585868771103236,-5.960542929541377e-05,0.40036235122179453,0.9163566720631626
2026-10-03T09:46:04.967 0.014278392079480855,0.00022703504457471233,-2.1994574610656748e-05,0.0006616924211278963,-5.9554739648856254e-05,0.40146196237015874,0.9158754562637182
2026-10-03T09:46:05.020 0.014166813261334782,0.00010579779224206182,-2.219066370812439e-05,0.000663256107909972,-6.095399453846801e-05,0.40270617524068053,0.9153290625774799
2026-10-03T09:46:05.099 0.014068586462811632,-1.0149678700491264e-06,-2.191612750216698e-05,0.0006651531333929757,-5.919569609742547e-05,0.4040552023438831,0.9147343589950158
2026-10-03T09:46:05.146 0.01393984217359853,-0.00014168355047465472,-2.1831752515141693e-05,0.0006675155990894141,-6.023830876764399e-05,0.40543090207680704,0.9141254478655857
2026-10-03T09:46:05.235 0.013836847319054515,-0.0002562449744165676,-2.1415565457952073e-05,0.000669585002193028,-5.891680616255237e-05,0.406876965133487,0.9134827220196877
2026-10-03T09:46:05.286 0.013708103089423046,-0.00039977457996743116,-2.1316288860394667e-05,0.0006723807398335181,-5.953427235578437e-05,0.4083154876301677,0.9128406251483057
2026-10-03T09:46:05.366 0.013603200607111022,-0.0005163029812360056,-2.109080061457934e-05,0.0006739788941250255,-5.821092236479837e-05,0.40980276753309414,0.9121739056156757
2026-10-03T09:46:05.438 0.013471595627479826,-0.0006625148317947422,-2.08379885721943e-05,0.0006769666716018728,-5.915602632837804e-05,0.4112707046609593,0.9115129980995159
2026-10-03T09:46:05.506 0.013369077310125207,-0.0007813677841977301,-2.0646071881652765e-05,0.0006791765666946571,-5.786765130868602e-05,0.412779918497337,0.9108305409107986
2026-10-03T09:46:05.566 0.013238425614349611,-0.0009284736924676596,-2.064808697683097e-05,0.0006816672624897614,-5.8357679020001044e-05,0.41426478365767133,0.9101561519570075
2026-10-03T09:46:05.654 0.013131139317797825,-0.0010499493092337685,-2.0225113418083702e-05,0.0006834280623193456,-5.719657946882232e-05,0.4157904188489162,0.9094602010248045
2026-10-03T09:46:05.705 0.013000487691952726,-0.0011969956128507254,-2.0182425095306677e-05,0.0006860413612403129,-5.799599129872974e-05,0.417294387114388,0.9087711045508341
2026-10-03T09:46:05.800 0.012895108461177066,-0.0013186500195702653,-1.9941280938416124e-05,0.0006883975374145371,-5.608256322113232e-05,0.4188317638807627,0.9080635861701016
2026-10-03T09:46:05.852 0.012767318026084482,-0.0014680804729411126,-1.981370895069002e-05,0.0006907024525122905,-5.69761858763398e-05,0.42034562669689673,0.9073638045462412
2026-10-03T09:46:05.932 0.012664323072814693,-0.0015916421982680013,-1.953163070447721e-05,0.000693449560564983,-5.560104055112545e-05,0.4218926292397227,0.9066455346106466
2026-10-03T09:46:05.985 0.012541301103134455,-0.0017396420801164623,-1.9337092538608688e-05,0.0006963309484736449,-5.60292719016932e-05,0.42342297220193037,0.9059318399281561
2026-10-03T09:46:06.073 0.012437352137890647,-0.0018624885617512224,-1.926212254519782e-05,0.0006974771852399478,-5.499915293815494e-05,0.4249721813361329,0.9052061398328439
2026-10-03T09:46:06.130 0.012317191194179915,-0.0020072697567560674,-1.9042306201082263e-05,0.000700606880630869,-5.534785783851584e-05,0.42650446120789337,0.9044851854267034
2026-10-03T09:46:06.218 0.012214672863178108,-0.0021306526621698275,-1.8895092197302274e-05,0.0007028299482930946,-5.425354302060469e-05,0.4280657691608229,0.9037473100150119
2026-10-03T09:46:06.280 0.01209641915137005,-0.002277579600389131,-1.8767698077909265e-05,0.0007053484250417893,-5.490576240851792e-05,0.4295993309718606,0.9030193321836949
2026-10-03T09:46:06.365 0.011993900814364689,-0.0024004856686447263,-1.862048415212327e-05,0.0007075526528775864,-5.335590478326573e-05,0.431163440309139,0.9022735639833289
2026-10-03T09:46:06.439 0.011877077816781453,-0.0025468165423814513,-1.8361241637324237e-05,0.0007105691821937601,-5.477577061704681e-05,0.4327147936241108,0.9015305870961314
2026-10-03T09:46:06.530 0.011776943725012866,-0.002669066929519257,-1.8173094041433705e-05,0.0007124914921054372,-5.3340765430396665e-05,0.43428188336658263,0.9007767399806738
2026-10-03T09:46:06.591 0.01166345838542289,-0.002812775156881256,-1.8023437464080223e-05,0.000715218492580014,-5.4029456609364645e-05,0.43583606808164527,0.9000257814654296
2026-10-03T09:46:06.708 0.011565708201699582,-0.00293752890911786,-1.803277396246549e-05,0.0007174290806195764,-5.3053779120602475e-05,0.43741117435675514,0.8992613341118671
2026-10-03T09:46:06.759 0.011449362352215688,-0.003084277009329017,-1.758057045610729e-05,0.0007203662093533959,-5.3350026129903894e-05,0.4389068570663955,0.8985322749052467
2026-10-03T09:46:06.847 0.011349228082785502,-0.0032148720467675227,-1.7571235206139787e-05,0.0007222660582266095,-5.260421011087061e-05,0.4402847621253152,0.897857897333867
2026-10-03T09:46:06.899 0.011254338875363193,-0.0033380760422222905,-1.7599996681003526e-05,0.0007236563206867405,-5.217388014495803e-05,0.44155180324018745,0.8972354644432835
2026-10-03T09:46:06.993 0.011160880889986409,-0.003459849508107545,-1.716908476045124e-05,0.0007254026125310333,-5.2275730333761495e-05,0.44274871939115784,0.8966454385852791
2026-10-03T09:46:07.052 0.011076481656666531,-0.003569463512509389,-1.737834748796959e-05,0.0007273083912504944,-5.200328898485176e-05,0.44390063402297963,0.8960757196979274
2026-10-03T09:46:07.131 0.010961089461406623,-0.003720324321211079,-1.6972354596760957e-05,0.0007293666170747031,-5.21091713180751e-05,0.44499002342639554,0.8955352278721078
2026-10-03T09:46:07.189 0.010882412406082217,-0.0038241566030044983,-1.7056555147702714e-05,0.0007304583920719872,-5.1676404291772835e-05,0.4460875793966608,0.8949890140488399
2026-10-03T09:46:07.255 0.010792769134354214,-0.003941996114299309,-1.6586971883469506e-05,0.0007328846022145401,-5.1561007206240734e-05,0.44717738571957455,0.8944449932347037
2026-10-03T09:46:07.266 0.010792769134354214,-0.003941996114299309,-1.6586971883469506e-05,0.0007328846022145401,-5.1561007206240734e-05,0.44717738571957455,0.8944449932347037
2026-10-03T09:46:07.320 0.010693588442009622,-0.00407431967444299,-1.665364992375786e-05,0.0007343880766512904,-5.198972285730137e-05,0.4482436489938389,0.8939111192439155
2026-10-03T09:46:07.401 0.010607759222286798,-0.004186198673298973,-1.654772649665849e-05,0.0007356759613462952,-5.145225168841231e-05,0.44932865803572514,0.8933662256887486
2026-10-03T09:46:07.451 0.010531466774905768,-0.0042882427856802165,-1.6352575281640903e-05,0.0007374188616759262,-5.1350172207491324e-05,0.45041324947622086,0.892819891284269
2026-10-03T09:46:07.532 0.010427518254342466,-0.004429566707169278,-1.614349198284938e-05,0.0007397540312258339,-5.150573679792059e-05,0.4514647897575296,0.8922886269141403
2026-10-03T09:46:07.604 0.010351225681655418,-0.004531014773116485,-1.6022846578165077e-05,0.0007411832115332694,-5.1186495220625745e-05,0.4525380267734047,0.8917447966494803
2026-10-03T09:46:07.665 0.010270164912493412,-0.004644026200180687,-1.5879758838841893e-05,0.000743097194227426,-5.112795817985844e-05,0.45360932625045963,0.8912003278338131
2026-10-03T09:46:07.722 0.010177183029417598,-0.004771104473540061,-1.5956238827995474e-05,0.0007449454609111291,-5.1225198995206135e-05,0.4546034677804331,0.890693622697639
2026-10-03T09:46:07.795 0.010098029951793198,-0.004877857388840445,-1.5547947266403147e-05,0.0007461782640795192,-5.0642624112051143e-05,0.45546430438781205,0.890253732416691
2026-10-03T09:46:07.851 0.01003699534170763,-0.00496196031111823,-1.582395902524677e-05,0.0007461386291613834,-5.038184007594057e-05,0.4561240067070431,0.8899159124570869
2026-10-03T09:46:07.934 0.009978345778659983,-0.005045467156830042,-1.5552398256919206e-05,0.0007473529055422022,-4.98991522572749e-05,0.4565388230628001,0.8897031763516091
2026-10-03T09:46:07.993 0.009923033528298411,-0.0051232519146745936,-1.558413878638421e-05,0.0007478745656646365,-5.0300281241107554e-05,0.45667635996686956,0.889632587308337
2026-10-03T09:46:08.075 0.009889178703770755,-0.005166763731597414,-1.5515701491777796e-05,0.0007473426532015484,-5.009295657409627e-05,0.45653476996690306,0.8897052561275117
2026-10-03T09:46:08.132 0.009894423998833899,-0.00516104161964265,-1.5419687660516633e-05,0.000746769319663504,-5.038256304910894e-05,0.4561443909375567,0.8899054637507211
2026-10-03T09:46:08.199 0.009944014249787546,-0.005093866560619277,-1.543850280509825e-05,0.0007453545066125571,-4.969288070645157e-05,0.4555485261570651,0.8902106392834244
2026-10-03T09:46:08.250 0.010015538137218425,-0.00499510076376198,-1.577512560887233e-05,0.0007440003812427752,-5.0307782048780306e-05,0.4547234523293512,0.8906323741220258
2026-10-03T09:46:08.329 0.01011901017657909,-0.004855803406160268,-1.577483865016352e-05,0.0007425708712342455,-5.026330558613935e-05,0.45366875232546156,0.8911700787310806
2026-10-03T09:46:08.386 0.01021151501195772,-0.004732539836099712,-1.5861516675236103e-05,0.0007409642674273114,-5.0631592206820126e-05,0.45240078764730357,0.8918144289842453
2026-10-03T09:46:08.451 0.010325000154041699,-0.004578758423779672,-1.605587832791716e-05,0.0007387604752446846,-5.134095042946798e-05,0.45102839638899056,0.8925092925274463
2026-10-03T09:46:08.504 0.010422750042580227,-0.0044511436486241495,-1.62104548657456e-05,0.0007366620893331568,-5.141406523511124e-05,0.44955661456932644,0.893251535113445
2026-10-03T09:46:08.600 0.010550063539625211,-0.004280553552344,-1.6232968386406386e-05,0.0007346208307024114,-5.1198170691595556e-05,0.44806343467869447,0.8940014632062487
2026-10-03T09:46:08.657 0.010651627577411957,-0.004147216683317796,-1.669160015209903e-05,0.0007316990823411181,-5.247770454799441e-05,0.44650862443628964,0.8947790286805765
2026-10-03T09:46:08.741 0.010790385166031317,-0.003964645909337474,-1.6627901956101128e-05,0.0007291367145773145,-5.1670819377328586e-05,0.4449660030038922,0.8955471633925921
2026-10-03T09:46:08.799 0.010896717747712344,-0.0038286267712377637,-1.6959963178112945e-05,0.0007269562143903981,-5.2931190419691915e-05,0.44338392308463404,0.8963315042343601
2026-10-03T09:46:08.878 0.011040243476698857,-0.003643135309651331,-1.7023013901089914e-05,0.000724580196935688,-5.243049121175976e-05,0.44182634073862126,0.8971003047954569
2026-10-03T09:46:08.943 0.011152298272239325,-0.0035004403792661676,-1.720021080762756e-05,0.0007221874103409585,-5.361895901670945e-05,0.440225962368629,0.8978867287286109
2026-10-03T09:46:09.016 0.011291055279216061,-0.003324068488418546,-1.7553743589616194e-05,0.0007190341235066352,-5.275141520550944e-05,0.4386508568770342,0.8986572794832639
2026-10-03T09:46:09.077 0.01141979911278854,-0.0031621806522974553,-1.7757331187919438e-05,0.0007172510155479428,-5.4005265413269794e-05,0.43705977627997356,0.8994321734252736
2026-10-03T09:46:09.157 0.011556172325787503,-0.002992365302356177,-1.791337839374641e-05,0.0007145126262829337,-5.3376725134329697e-05,0.43546917325190576,0.9002033580085856
2026-10-03T09:46:09.217 0.01167585631947983,-0.002844186648611028,-1.8177144791202e-05,0.0007117262629510615,-5.42536757183749e-05,0.4338713580976541,0.900974547434478
2026-10-03T09:46:09.302 0.011819381868256864,-0.0026687087673816084,-1.843390872969118e-05,0.0007090880334535344,-5.4069746142047365e-05,0.43229616270572646,0.9017314023480204
2026-10-03T09:46:09.350 0.011941927107465973,-0.0025179074732159445,-1.8538286568293822e-05,0.0007070167513189623,-5.488852687859908e-05,0.4307005821107372,0.9024946014708537
2026-10-03T09:46:09.437 0.012087836802735858,-0.0023414162830110476,-1.8813721465446593e-05,0.0007043633667047719,-5.452114173436002e-05,0.42914356605591303,0.9032360160071713
2026-10-03T09:46:09.485 0.012210858823288944,-0.002193714424380972,-1.8978457297432554e-05,0.00070216522910632,-5.568449826361362e-05,0.4275580288740956,0.9039876303404409
2026-10-03T09:46:09.571 0.01235962947054907,-0.0020156138727522015,-1.928821832338121e-05,0.0006999414166347013,-5.4945772647672564e-05,0.42600151907602807,0.9047221743761408
2026-10-03T09:46:09.649 0.012487896968347716,-0.0018635608089779497,-1.9252632101896166e-05,0.0006970474721483679,-5.6517653980805105e-05,0.4244194096599518,0.9054654469577922
2026-10-03T09:46:09.709 0.012635236957962877,-0.0016886789261989336,-1.967933995171572e-05,0.0006946843355872284,-5.594424954106076e-05,0.4229423229112136,0.9061563362766833
2026-10-03T09:46:09.762 0.012756828667225176,-0.0015455070385652916,-1.9752406397134877e-05,0.0006930166557259093,-5.604965226638152e-05,0.4215895109538114,0.9067865244036645
2026-10-03T09:46:09.851 0.012895108843522275,-0.0013845727567385663,-2.0224391864541624e-05,0.0006901034663511658,-5.521879700198792e-05,0.4204865321835583,0.9072985159033027
2026-10-03T09:46:09.907 0.013012886010811995,-0.0012458712654791649,-2.023182156792135e-05,0.0006891145770845569,-5.5415536689111755e-05,0.41961472789635373,0.9077020448267631
2026-10-03T09:46:09.984 0.013107297641425585,-0.0011368531815898607,-2.0783448402822876e-05,0.000686998006156808,-5.465136563094387e-05,0.4189964819959829,0.90798759524674
2026-10-03T09:46:10.035 0.013201233190157551,-0.0010278947082612633,-2.0857484735722434e-05,0.0006868658197374208,-5.5055659691969095e-05,0.4186651407387245,0.908140421473708
2026-10-03T09:46:10.110 0.013270850250296177,-0.0009441493058615877,-2.098247336644496e-05,0.0006864319494654351,-5.471598918496715e-05,0.4186132851750153,0.9081643261504608
2026-10-03T09:46:10.175 0.01330041341447313,-0.0009089225886200283,-2.119313536094258e-05,0.0006862102121459156,-5.44871055554321e-05,0.41880890728778064,0.9080741298611669
2026-10-03T09:46:10.243 0.013272280906440255,-0.0009408114277222925,-2.0865526562072554e-05,0.0006871868739634302,-5.5086387571902876e-05,0.4192046803309923,0.9078914917148859
2026-10-03T09:46:10.300 0.013217922926290222,-0.0010061388027154453,-2.0421940427092817e-05,0.0006885968760608378,-5.4821946770576017e-05,0.41980930716284287,0.9076120693602252
2026-10-03T09:46:10.373 0.013119218771691813,-0.0011203425448536235,-2.053407878892901e-05,0.0006904827523343219,-5.587587213152913e-05,0.4205462555822404,0.9072708344409692
2026-10-03T09:46:10.428 0.01303577356772722,-0.0012170819339180127,-2.0417026345928956e-05,0.0006917726858979416,-5.54905544176082e-05,0.4214666968876381,0.9068436148454557
2026-10-03T09:46:09.819 0.012943745524912922,-0.0013256231507003894,-2.0241697803583587e-05,0.0006938386952699665,-5.539574124971847e-05,0.42258281910813156,0.9063240460860569
2026-10-03T09:46:09.870 0.012826445510225212,-0.0014650994963028461,-2.00413070501492e-05,0.0006962333828774662,-5.6393329075867176e-05,0.4238324551111471,0.9057403392105966
2026-10-03T09:46:09.956 0.012724881093797038,-0.0015852041342145683,-1.9716787731903286e-05,0.0006984584585920233,-5.55856924921516e-05,0.4252060387659132,0.9050963118160482
2026-10-03T09:46:10.015 0.01261616352614246,-0.0017154416518733871,-1.9842893224823354e-05,0.0007004696979056588,-5.680736836974557e-05,0.4266323427421239,0.9044248726353628
2026-10-03T09:46:10.098 0.01252032142772811,-0.0018334004504967588,-1.933370656502402e-05,0.0007035579987998324,-5.504663000946557e-05,0.4281156575398289,0.9037236777606587
2026-10-03T09:46:10.158 0.012404451823093266,-0.001978062382203135,-1.9239884751596988e-05,0.0007052638271366368,-5.593701324418715e-05,0.42960219205410416,0.903017971059432
2026-10-03T09:46:10.236 0.012305271408497733,-0.002098763036567325,-1.9038344126762052e-05,0.0007078800003449292,-5.4773802777054215e-05,0.4310644370023429,0.9023208670188165
2026-10-03T09:46:10.303 0.012189401638486787,-0.002241517619657443,-1.9033929480719946e-05,0.0007095657301518088,-5.511856967603039e-05,0.4323556476027093,0.901702882031803
2026-10-03T09:46:10.388 0.012089267786824013,-0.0023641256346365333,-1.869677040065233e-05,0.0007111240745690623,-5.3989506109473186e-05,0.43346497520984395,0.9011701319140649
2026-10-03T09:46:10.452 0.012003915082963454,-0.0024711170466479725,-1.8755514271312776e-05,0.0007121779456410143,-5.345410628281734e-05,0.43433433555905865,0.900751450123564
2026-10-03T09:46:10.535 0.0118966286171623,-0.002605348057433279,-1.854115462218042e-05,0.0007132569697661734,-5.269030604081687e-05,0.43503906830237765,0.9004112935424711
2026-10-03T09:46:10.596 0.01182462744386506,-0.0027002395584303815,-1.8457097945694594e-05,0.0007146284085867801,-5.274470128393766e-05,0.43579109696657437,0.9000475578150878
2026-10-03T09:46:10.678 0.011753103186658889,-0.0027920912165270884,-1.8299289983651318e-05,0.0007157119416528563,-5.3136118228076215e-05,0.43668564016831823,0.8996138819536722
2026-10-03T09:46:10.733 0.011665366750338824,-0.0029011688210734007,-1.808604329650299e-05,0.0007184673617891368,-5.404024262595888e-05,0.4377620353122604,0.8990905857162389
2026-10-03T09:46:10.821 0.01157667660969052,-0.0030152532277982285,-1.7930892500547086e-05,0.0007198888082184404,-5.349688140536044e-05,0.4389607100915965,0.8985059676452176
2026-10-03T09:46:10.874 0.011485125267644286,-0.003131721856359021,-1.7905328017304818e-05,0.0007222940918667364,-5.3581114380779636e-05,0.4401442743451914,0.8979267749552042
2026-10-03T09:46:10.946 0.011392144037188585,-0.0032507535025868704,-1.7504972760425945e-05,0.0007232259142059218,-5.32745753492617e-05,0.441280692608634,0.897368834112786
2026-10-03T09:46:11.016 0.01130583769622506,-0.003360605949554146,-1.7562208302979157e-05,0.0007250799405516312,-5.3198395628561475e-05,0.44238996029192423,0.8968224988602372
2026-10-03T09:46:11.071 0.01119092207881773,-0.0035133741009178827,-1.7335782740684097e-05,0.0007274478311619814,-5.331638127098789e-05,0.4434429609312579,0.8963022974295756
2026-10-03T09:46:11.194 0.011112722082901066,-0.0036161930977194386,-1.7271725961753143e-05,0.0007285944735472923,-5.2220691516801664e-05,0.44451536378359013,0.8957709293024836
2026-10-03T09:46:11.274 0.011021171345325481,-0.0037357611677426915,-1.6888533549914108e-05,0.0007306149322766996,-5.257219062241644e-05,0.44557796099876495,0.8952428408594891
2026-10-03T09:46:11.331 0.010921036865510698,-0.0038702305071213637,-1.704311023449516e-05,0.0007322000108163612,-5.2964989798915386e-05,0.446619726783833,0.8947235778302639
2026-10-03T09:46:11.420 0.01083854548791834,-0.003982884324338145,-1.6957365333725186e-05,0.0007335187874085926,-5.2199874947778724e-05,0.44768199670938025,0.8941925346633487
2026-10-03T09:46:11.493 0.010758915228128062,-0.004088385548140041,-1.6756936042749676e-05,0.0007355386765405668,-5.1936157103697455e-05,0.44874787214150286,0.8936581021475519
2026-10-03T09:46:11.562 0.010650198678402533,-0.004235848808044628,-1.6376399870819352e-05,0.0007379347575619626,-5.217121144216542e-05,0.4497821866970335,0.8931379721300027
2026-10-03T09:46:11.612 0.01057628989880362,-0.004336283565057366,-1.649794256332103e-05,0.0007390658333448392,-5.1687553969637525e-05,0.45084165533108883,0.8926036370799832
2026-10-03T09:46:11.698 0.010492368661911763,-0.0044500698884612395,-1.6007604837760115e-05,0.0007404695665223051,-5.222097880531943e-05,0.45189778588924007,0.8920694143878003
2026-10-03T09:46:11.759 0.010394141317349713,-0.0045827510645049755,-1.6284406675650466e-05,0.0007427766208778965,-5.227865923020552e-05,0.45293499130322695,0.8915432346235257
2026-10-03T09:46:11.842 0.01031355783749159,-0.004692424625401185,-1.582914941842554e-05,0.0007435194796143723,-5.215204043493935e-05,0.4539940131810592,0.8910044222419462
2026-10-03T09:46:11.902 0.010237265151662985,-0.004797985411856705,-1.581281133902016e-05,0.0007460822018437793,-5.14790864246156e-05,0.4549957537128831,0.8904932929643531
2026-10-03T09:46:11.979 0.010137131267174323,-0.004940441773577235,-1.5654462723270497e-05,0.0007467494283761818,-5.097849302885924e-05,0.45582225858894526,0.8900705075112629
2026-10-03T09:46:12.042 0.01007132866199306,-0.005031518499294601,-1.5744120329917678e-05,0.0007475309574963836,-5.0691044336137334e-05,0.45645916154676963,0.8897440488521998
2026-10-03T09:46:12.132 0.010024122663780631,-0.005098633923647891,-1.5684371417739024e-05,0.0007480145285460678,-5.047465620077215e-05,0.45686822664754934,0.8895340698402157
2026-10-03T09:46:12.188 0.009981685063737127,-0.00515710661445881,-1.5542756364508942e-05,0.0007483481714743661,-5.0398712184063575e-05,0.45701214137816604,0.8894601396734579
2026-10-03T09:46:12.268 0.009957843318983715,-0.005191796817927451,-1.5728571325386366e-05,0.0007479774032474678,-5.06826393292893e-05,0.45687621367598896,0.8895299676448042
2026-10-03T09:46:12.324 0.009964519061446428,-0.005181127502446455,-1.56348200935278e-05,0.0007478255460586861,-5.09714803418976e-05,0.4564941193360865,0.8897261135711549
2026-10-03T09:46:12.396 0.010016493744915025,-0.005111329809003255,-1.547859160661667e-05,0.0007468837070604185,-5.0612333609736464e-05,0.455900161526651,0.8900306075203781
2026-10-03T09:46:12.460 0.010108521096642903,-0.004985324431357752,-1.59519458568552e-05,0.0007455350593311581,-5.079021625195101e-05,0.4551015222803272,0.8904392433040889
2026-10-03T09:46:12.544 0.0102177152554644,-0.0048355961888555034,-1.582659748201123e-05,0.0007424344851131316,-5.0177660313324714e-05,0.45405945974911366,0.8909710732036034
2026-10-03T09:46:12.606 0.01032118701826219,-0.004700530761070784,-1.6034925827059957e-05,0.0007420836171041194,-5.1795118799542165e-05,0.452809613842483,0.891606920251852
2026-10-03T09:46:12.690 0.010433241729752917,-0.004551160110471307,-1.6212123825513506e-05,0.0007390539370484082,-5.103982360127648e-05,0.45143904117837363,0.8923016548758415
2026-10-03T09:46:12.748 0.010544819429706977,-0.004402862349502993,-1.6507776858954196e-05,0.0007378299831931172,-5.2081429077607224e-05,0.45000474988720995,0.8930258551539201
2026-10-03T09:46:12.818 0.010664503579298027,-0.004244610510758795,-1.6592731193214984e-05,0.0007349595666886973,-5.2165587951353435e-05,0.4485140144414846,0.8937754952798664
2026-10-03T09:46:12.888 0.010784664579709658,-0.004087491154261816,-1.6678439272311676e-05,0.0007328801589136187,-5.2851963449699936e-05,0.4469864725870106,0.8945404146362333
2026-10-03T09:46:12.951 0.010904825443104716,-0.003926974333023846,-1.6823752477388198e-05,0.0007304622476373692,-5.2757539696236096e-05,0.44544519214767125,0.8953089100606958
2026-10-03T09:46:13.007 0.011025940074773111,-0.003770272197038888,-1.694077063351974e-05,0.0007287572974519399,-5.3464962856561594e-05,0.4438863576052962,0.8960827905870095
2026-10-03T09:46:13.082 0.0111556371522703,-0.003602364279830124,-1.7369384215162807e-05,0.0007253132916461729,-5.352720292298237e-05,0.4423197460320013,0.8968571309443067
2026-10-03T09:46:13.153 0.011273414094444939,-0.0034551393243821876,-1.745132102552595e-05,0.0007230404751403077,-5.413969496417642e-05,0.44073808338045756,0.897635458379116
2026-10-03T09:46:13.209 0.011412171462627381,-0.0032775157359506398,-1.756643573115827e-05,0.0007211268484290426,-5.369319457962825e-05,0.43917713297988253,0.8984002020039176
2026-10-03T09:46:13.265 0.01153137840680694,-0.003125522390962728,-1.7933756820471282e-05,0.000718212994831111,-5.457776530453732e-05,0.43759362305302607,0.8991725653369812
2026-10-03T09:46:13.350 0.011672996685112104,-0.0029467066736261695,-1.811299987179106e-05,0.0007153967215813952,-5.419979940987389e-05,0.4360397066523225,0.8999271412133703
2026-10-03T09:46:13.405 0.011793157721702403,-0.0027962034327042038,-1.8228509153857414e-05,0.0007138632824193531,-5.5179453698919235e-05,0.43445846056154447,0.9006915861719453
2026-10-03T09:46:13.495 0.011940020839030648,-0.0026166127889889926,-1.8639562701227853e-05,0.0007106096109994245,-5.446932755807753e-05,0.4329094022299555,0.9014371533989354
2026-10-03T09:46:13.553 0.012062089371486293,-0.002466765175129412,-1.866868074093007e-05,0.0007084600974943655,-5.595781020809962e-05,0.4313298553114655,0.9021940206352533
2026-10-03T09:46:13.637 0.012211336888013402,-0.0022837770366150897,-1.8919591926116158e-05,0.0007054748389328194,-5.5202968089513316e-05,0.4297892307606797,0.9029289653012729
2026-10-03T09:46:13.684 0.01233578922856606,-0.002134108206716454,-1.919089786801937e-05,0.0007039577622181601,-5.648238094910874e-05,0.4282132595691334,0.9036774344766985
2026-10-03T09:46:13.772 0.012488374596525508,-0.0019507623983095526,-1.9447086622202424e-05,0.0007012424911375728,-5.562993162634236e-05,0.42667349902894136,0.9044054568558724
2026-10-03T09:46:13.815 0.012614257515194207,-0.0018009147364581367,-1.967595095586383e-05,0.0006988669060289111,-5.745622342089267e-05,0.42511391970828083,0.9051395823595891
2026-10-03T09:46:13.899 0.01276684340013704,-0.0016212048113275674,-1.963411626397951e-05,0.0006967402292859644,-5.6437192196798057e-05,0.4236548929411022,0.9058234061090271
2026-10-03T09:46:13.947 0.012889388201020199,-0.001478628958203136,-2.008121903625343e-05,0.0006941764179953307,-5.734744376282038e-05,0.42233242038505375,0.9064407545571159
2026-10-03T09:46:14.031 0.013042927345804419,-0.0012979057421510984,-2.0294211793908325e-05,0.0006916147267915717,-5.617833871973495e-05,0.42126341590261146,0.9069380645529922
2026-10-03T09:46:14.072 0.01314687572834046,-0.0011736883537522278,-2.0726809433187734e-05,0.0006903245494051994,-5.678929990258767e-05,0.42040484405601636,0.907336369446981
2026-10-03T09:46:14.174 0.013257500487077183,-0.0010442256724808767,-2.0708027531791096e-05,0.000689581960635814,-5.635174332540959e-05,0.41981750200156465,0.9076082780111511
2026-10-03T09:46:14.220 0.013355727096052672,-0.0009298431224938269,-2.1042169546175777e-05,0.0006886805008647508,-5.54322332326055e-05,0.4195201061116897,0.9077457811603818
2026-10-03T09:46:14.295 0.013411993364409968,-0.000862608374742233,-2.087782486812353e-05,0.0006883184754669096,-5.611134797817655e-05,0.4194843735061933,0.9077622945756832
2026-10-03T09:46:14.345 0.013429635783383265,-0.0008407928526596255,-2.1069636417249115e-05,0.0006885546364202709,-5.5681365069896924e-05,0.41966953466753365,0.9076767070185474
2026-10-03T09:46:14.418 0.013416761082331544,-0.000854204059858229,-2.1228091822551706e-05,0.0006889844370338967,-5.587102966122506e-05,0.4200625961358857,0.9074948691350565
2026-10-03T09:46:14.467 0.013360496028307845,-0.0009224520864314932,-2.0632478063890614e-05,0.0006912741765326805,-5.6756890774715346e-05,0.42063461861226986,0.9072298697373111
2026-10-03T09:46:14.534 0.01327132855826742,-0.0010292051278994285,-2.072989396067942e-05,0.0006926972450718896,-5.7440880939572245e-05,0.4213500203695855,0.9068978317349875
2026-10-03T09:46:14.581 0.013186929950848218,-0.0011267789939673777,-2.0447420952796847e-05,0.0006939932619764421,-5.606501539127891e-05,0.4222485868165213,0.9064798101234892
2026-10-03T09:46:14.656 0.013094901684734428,-0.0012344261411027999,-2.0406202839803646e-05,0.0006956682842110912,-5.628477811706662e-05,0.423358391263028,0.9059620220654081
2026-10-03T09:46:14.700 0.012995721240871574,-0.001352802214320934,-2.0204662595189428e-05,0.0006977169451127472,-5.576228095164346e-05,0.4246135707485882,0.9053744118417343
2026-10-03T09:46:14.784 0.012888434500286828,-0.0014801786909794858,-2.010951320776599e-05,0.0007003649401494403,-5.77120361054614e-05,0.42596948132982815,0.9047372586192461
2026-10-03T09:46:14.826 0.01279163831096263,-0.0015967665948264534,-1.9852138335714807e-05,0.0007023471106641376,-5.5922632935646464e-05,0.42740126893221214,0.9040617561297072
2026-10-03T09:46:14.908 0.012673861489137446,-0.001742322620204408,-1.9680794942921685e-05,0.0007048393332626944,-5.696832312541022e-05,0.4288470929704348,0.9033768155132894
2026-10-03T09:46:14.956 0.012575157872988758,-0.0018637385243078916,-1.950981041630372e-05,0.000707026168870309,-5.505313617966585e-05,0.43034325321916495,0.9026650439071485
2026-10-03T09:46:15.026 0.012457857867167178,-0.002009532962264241,-1.93541220571534e-05,0.0007088084180458628,-5.543878865835463e-05,0.43183217182400596,0.9019536960925042
2026-10-03T09:46:15.079 0.012359154208103977,-0.0021331542382324407,-1.922784059751769e-05,0.0007118145110475605,-5.453623271896823e-05,0.43335473617284603,0.9012231482726485
2026-10-03T09:46:15.143 0.01224137763584383,-0.0022816904958243237,-1.8922386434148687e-05,0.0007135467981698281,-5.516460424917492e-05,0.43486532100797365,0.9004952195278247
2026-10-03T09:46:15.199 0.01214076660592475,-0.0024070999351547997,-1.8822891246885267e-05,0.0007168141147309128,-5.4247799383087825e-05,0.4364069883468287,0.8997490893336609
2026-10-03T09:46:15.269 0.012023466878481631,-0.0025562918378357375,-1.851819090634616e-05,0.0007195111897592023,-5.553538604936327e-05,0.437937778298428,0.8990049952911862
2026-10-03T09:46:15.319 0.011920948303779141,-0.0026827741848103794,-1.8549790106423126e-05,0.0007212706637746103,-5.390754901600745e-05,0.43949002658343633,0.8982471783402919
2026-10-03T09:46:15.402 0.01180603284813489,-0.0028315488249498768,-1.818925491421432e-05,0.0007246831182839948,-5.4284407515286006e-05,0.44102817708162745,0.8974929631521563
2026-10-03T09:46:15.451 0.011709236432981468,-0.0029582695184488667,-1.8155395523313172e-05,0.0007262157453403591,-5.34014485077681e-05,0.442591154310393,0.8967232236789513
2026-10-03T09:46:15.534 0.011594320860286087,-0.003107103763246804,-1.786936603419592e-05,0.0007292129340379402,-5.443209726014078e-05,0.44407548225223087,0.8959890799268104
2026-10-03T09:46:15.586 0.011494186700106043,-0.003238890893569787,-1.78004260189708e-05,0.0007305003003773219,-5.342690974063277e-05,0.4454316022969538,0.8953156712523493
2026-10-03T09:46:15.669 0.011397867378723437,-0.003363585023110345,-1.7588507178797852e-05,0.0007328987168082743,-5.322870442296459e-05,0.4466862746290416,0.8946903554214745
2026-10-03T09:46:15.717 0.01130631605034255,-0.0034848816279030295,-1.7592744191002723e-05,0.000733882248924701,-5.2230869907695275e-05,0.4478582766583422,0.8941042571855928
2026-10-03T09:46:15.802 0.011222394264512912,-0.0035999792535574716,-1.746003367259414e-05,0.0007359160146112318,-5.2499133253610864e-05,0.4489999987721635,0.8935314525936161
2026-10-03T09:46:15.848 0.011105571171956126,-0.0037556084519030264,-1.733489992002568e-05,0.0007381607682306875,-5.242642347942702e-05,0.45007052316313545,0.8929927080048369
2026-10-03T09:46:15.932 0.011022126232129706,-0.003863970746684026,-1.7143339863081253e-05,0.0007390391913809572,-5.222570143639054e-05,0.45116885411111723,0.8924382982445404
2026-10-03T09:46:15.979 0.01093486667396091,-0.0039838367859413425,-1.699044991166311e-05,0.0007411309607600893,-5.186385649342084e-05,0.4522447132028098,0.8918935852528304
2026-10-03T09:46:16.063 0.010833302347150285,-0.004118544561832813,-1.67255327751238e-05,0.0007433549338841642,-5.2193850214830905e-05,0.45330471739007067,0.8913553039563699
2026-10-03T09:46:16.108 0.01075510227411338,-0.004228337302091676,-1.676578285350781e-05,0.0007442556884339629,-5.14528093620186e-05,0.45437098108289276,0.890812244519488
2026-10-03T09:46:16.190 0.010678333201619943,-0.004334076908432984,-1.6465569105988025e-05,0.0007463422269728722,-5.172203018256909e-05,0.45544597588331526,0.8902631090581068
2026-10-03T09:46:16.234 0.01057343084212051,-0.004480944073919901,-1.640398846605465e-05,0.00074816872940146,-5.251979784057116e-05,0.45648181074167515,0.8897324282879795
2026-10-03T09:46:16.316 0.010497615172627784,-0.004583941854622255,-1.625429445282519e-05,0.000749778833425818,-5.15081369316396e-05,0.4575498321753454,0.8891836628362704
2026-10-03T09:46:16.367 0.010414170030375107,-0.004698681846426523,-1.6241547063529018e-05,0.0007510473021856837,-5.141944470946285e-05,0.4585476994080391,0.8886694777315046
2026-10-03T09:46:16.441 0.010323096170496893,-0.0048271310025253845,-1.5903810556827976e-05,0.0007528108745772981,-5.164516847961918e-05,0.45938341228168483,0.8882377559690869
2026-10-03T09:46:16.487 0.010254909363150717,-0.004920413130121843,-1.6019500437531062e-05,0.0007536520201783625,-5.0449287816553845e-05,0.46002067279879155,0.8879078837701854
2026-10-03T09:46:16.562 0.010202935285060562,-0.0049971249622982935,-1.5847902657029796e-05,0.0007538654946022737,-5.111843586235045e-05,0.4604286056152016,0.8876964166903923
2026-10-03T09:46:16.610 0.01016335837318382,-0.00504987557122077,-1.5874724688407215e-05,0.0007543990240254317,-5.067555254845828e-05,0.4605833085920033,0.8876161581227239
2026-10-03T09:46:16.690 0.010155252304717982,-0.005062035020812161,-1.5861905888342526e-05,0.0007541090412627716,-5.090871103198361e-05,0.4604750373038206,0.8876723318589479
2026-10-03T09:46:16.734 0.010177186462681263,-0.005034437794123193,-1.588169004297212e-05,0.0007532521049835363,-5.057413402710093e-05,0.46012158348093574,0.8878555955044264
2026-10-03T09:46:16.806 0.010230113966739353,-0.004958679624286302,-1.621870809587842e-05,0.0007522769830939069,-5.033232823761896e-05,0.459550215810981,0.8881514683285043
2026-10-03T09:46:16.850 0.010298300999182455,-0.0048645630316357154,-1.5954006925983238e-05,0.000750296996915321,-5.16569487149482e-05,0.4587360501256034,0.888572265322937
2026-10-03T09:46:16.922 0.010398911622100583,-0.00472741147731549,-1.6217416602098482e-05,0.0007490819015030568,-5.011156751391095e-05,0.4576889495598419,0.8891120636994777
2026-10-03T09:46:16.980 0.010489985739502173,-0.004604445948513659,-1.643594307132333e-05,0.0007480160825389275,-5.121974589017718e-05,0.45642938873007444,0.8897593219247374
2026-10-03T09:46:17.039 0.010605378492093946,-0.004447326652037232,-1.6439606136862832e-05,0.0007461867602847621,-5.0839859052920384e-05,0.4550685604923093,0.8904560886826958
2026-10-03T09:46:17.084 0.010700267542830785,-0.004315420378451414,-1.644064837052578e-05,0.0007432645307937582,-5.221975302157962e-05,0.45360703134607694,0.8912014957036001
2026-10-03T09:46:17.164 0.010828534197221013,-0.004143161340168255,-1.6777594018240157e-05,0.0007407789829474793,-5.17127012988372e-05,0.45212982585901074,0.8919518311775563
2026-10-03T09:46:17.206 0.010933436476598427,-0.004003029499559561,-1.69434815544855e-05,0.0007391284872733532,-5.267610212591787e-05,0.45058961776353823,0.8927308929784026
2026-10-03T09:46:17.290 0.011062179992612001,-0.003830889664559787,-1.726627997020486e-05,0.0007363562478227093,-5.223893589449865e-05,0.44904741378384977,0.8935076246035094
2026-10-03T09:46:17.330 0.011186155755293928,-0.0036699555627564403,-1.7283514400985817e-05,0.0007343367183292766,-5.288915854033303e-05,0.4474803541218615,0.894293458897746
2026-10-03T09:46:17.413 0.011312515076350482,-0.00350246492007409,-1.7647245833610025e-05,0.0007315661867783596,-5.289221179436225e-05,0.4459202985578987,0.8950723710110612
2026-10-03T09:46:17.455 0.01142886159136939,-0.0033524385643185287,-1.7652415599132162e-05,0.0007295512268864436,-5.3945675782280645e-05,0.4443350892859218,0.895860364830448
2026-10-03T09:46:17.543 0.011567141909742517,-0.003172848028634842,-1.7885985836963335e-05,0.0007262496392933773,-5.315677272663179e-05,0.44276817958371845,0.8966358284632279
2026-10-03T09:46:17.585 0.011693024398146496,-0.003009410507805788,-1.8278764961703285e-05,0.0007240345960247772,-5.4283902872353726e-05,0.44120341476250735,0.8974068306119942
2026-10-03T09:46:17.672 0.011826059821092189,-0.0028410853160022623,-1.8399732128161232e-05,0.0007214552784370653,-5.43392052105031e-05,0.43963322620019846,0.8981771000032995
2026-10-03T09:46:17.720 0.011942406114766387,-0.0026921914485246827,-1.8553913134129223e-05,0.0007195948674392112,-5.47726882639843e-05,0.43805201021926327,0.8989493397995473
2026-10-03T09:46:17.795 0.012085931916249433,-0.0025143293814716295,-1.8631863751770464e-05,0.0007170529699291483,-5.4187403136144124e-05,0.43649556041733634,0.8997061234840625
2026-10-03T09:46:17.847 0.012206092610691673,-0.0023647202102622324,-1.8970890026120468e-05,0.0007141158356370365,-5.5475931679432124e-05,0.4349245376111983,0.900466619894752
2026-10-03T09:46:17.944 0.012351048762785147,-0.002183579869750196,-1.912560868302612e-05,0.0007121871935677682,-5.51821064454522e-05,0.43338197512699334,0.9012100495330501
2026-10-03T09:46:18.012 0.012474070785728765,-0.002030453988437788,-1.9245641974489274e-05,0.0007096926595460033,-5.591965087348206e-05,0.4318110711377529,0.901963797528586
2026-10-03T09:46:18.096 0.012624271697612946,-0.0018497308144534482,-1.969177550273324e-05,0.0007065894740704978,-5.552898249062395e-05,0.43028290402384717,0.9026938130687793
2026-10-03T09:46:18.154 0.012746339932039386,-0.0017005388517218859,-1.9914608288579784e-05,0.0007047671642272485,-5.689768640230022e-05,0.4287197182423681,0.9034372713454333
2026-10-03T09:46:18.234 0.012897971633174646,-0.0015158221484893699,-2.015438826428413e-05,0.0007018054931565913,-5.6082819036309886e-05,0.42726048356435053,0.9041283003579329
2026-10-03T09:46:18.286 0.013020993810098504,-0.0013693123827383039,-2.022971704587616e-05,0.0007003182471722871,-5.6877789175512846e-05,0.4259179234856261,0.9047615314396176
2026-10-03T09:46:18.356 0.013173102185875482,-0.0011848340921005861,-2.057455891063226e-05,0.0006979351595471057,-5.554586883579361e-05,0.4248518991188,0.9052625992585348
2026-10-03T09:46:18.408 0.013278958714506454,-0.001058649726314907,-2.048863260203789e-05,0.0006962129947570852,-5.667411980087476e-05,0.42397803908870724,0.9056722003274721
2026-10-03T09:46:18.500 0.013385767987950218,-0.000929842744256364,-2.0970458000143796e-05,0.0006957367759910128,-5.575672491380569e-05,0.42338852127754745,0.9059479416014686
2026-10-03T09:46:18.557 0.01348161059313828,-0.0008128376198919099,-2.116672051002381e-05,0.0006940634932355884,-5.53934170474879e-05,0.423079771351852,0.9060921709629222
2026-10-03T09:46:18.648 0.013541214082349077,-0.0007438146908443239,-2.1395083341722644e-05,0.0006943237281666064,-5.5421445015772323e-05,0.42301527908987085,0.9061222812068703
2026-10-03T09:46:18.699 0.01356124103467523,-0.0007161578835078699,-2.1322444930405975e-05,0.0006935955261608501,-5.566090303715154e-05,0.4231974905859719,0.9060371955879329
2026-10-03T09:46:18.799 0.013550274025021918,-0.0007289134155592983,-2.1260399024714485e-05,0.000694683935066175,-5.548968691263765e-05,0.42361096605903603,0.9058439511139075
2026-10-03T09:46:18.847 0.013491624556790472,-0.0007993668440362612,-2.0824927823222727e-05,0.0006969670040017661,-5.6231346162644784e-05,0.42421764853309163,0.905559991247452
2026-10-03T09:46:18.926 0.01340054948179191,-0.0009080272581833533,-2.1098141398566904e-05,0.0006980771310710205,-5.63280057599507e-05,0.42496112422957233,0.9052113302478118
2026-10-03T09:46:18.993 0.013315197291598262,-0.0010109059496400021,-2.0799258520289728e-05,0.0006994072494283944,-5.569266038249144e-05,0.4258257458668958,0.9048049192421143
2026-10-03T09:46:19.060 0.013227937550163752,-0.0011124733629472561,-2.061656927675474e-05,0.0007011360141539821,-5.577165095801439e-05,0.4268226891424574,0.9043350581123203
2026-10-03T09:46:19.116 0.013106823019472457,-0.0012603540114815518,-2.0365442280398637e-05,0.0007034030143882779,-5.660724958648938e-05,0.4279445927885394,0.9038046954529888
2026-10-03T09:46:19.204 0.013017655689450383,-0.0013707429362695618,-2.040325301221061e-05,0.0007051438682001622,-5.624161809820507e-05,0.4292464427803206,0.9031871295415178
2026-10-03T09:46:19.255 0.012906554716336276,-0.0015065833204719154,-2.00785536612983e-05,0.0007082488530775896,-5.660886790799341e-05,0.4306156447466304,0.9025351304400522
2026-10-03T09:46:19.351 0.01280928151413187,-0.0016278799972865273,-1.9969435514666385e-05,0.0007095083392835951,-5.5713549003958444e-05,0.43205720799891384,0.9018459194951765
2026-10-03T09:46:19.407 0.012693412329080025,-0.0017721843010750683,-1.9607393193507986e-05,0.0007124257568640578,-5.6500401584693794e-05,0.43351566779372186,0.9011457457229707
2026-10-03T09:46:19.481 0.012591370599787655,-0.0018956268051575165,-1.960994453573198e-05,0.0007143214514551917,-5.495804045478695e-05,0.43501787806764797,0.9004215304433801
2026-10-03T09:46:19.530 0.012474547500162173,-0.0020432093764480956,-1.9425207529039514e-05,0.0007169576553545649,-5.559813575586267e-05,0.43651740553522794,0.8996955249112675
2026-10-03T09:46:19.628 0.012376321142270762,-0.002170049297181279,-1.9031458906789134e-05,0.0007191986428514856,-5.429315967487029e-05,0.43804438115894695,0.8989530576958066
2026-10-03T09:46:19.680 0.012259497871719522,-0.00231715503133283,-1.8951029976067766e-05,0.000721931571245883,-5.390310463911506e-05,0.43956360779126263,0.8982111726174368
2026-10-03T09:46:19.769 0.012163655407911497,-0.0024435180849235448,-1.8739864792987483e-05,0.0007236706771819272,-5.37667239413015e-05,0.4411094187868504,0.8974530372489791
2026-10-03T09:46:19.814 0.012045401552351025,-0.0025958690458415846,-1.8746580069526233e-05,0.0007260919875249318,-5.424872862320228e-05,0.44257592546412045,0.8967307399922668
2026-10-03T09:46:19.909 0.011941929782048792,-0.002730338427178597,-1.8538251821969996e-05,0.0007283900261650178,-5.346779579627324e-05,0.44392897509707313,0.8960616784900618
2026-10-03T09:46:19.958 0.011843703170700926,-0.0028595029290906437,-1.8323316530316806e-05,0.0007305149567357903,-5.413599285844546e-05,0.44517652492699084,0.8954425303005886
2026-10-03T09:46:20.059 0.011748814318480771,-0.0029809783898033194,-1.811366000681823e-05,0.0007321953770456656,-5.2998917150651984e-05,0.4463565432229541,0.894854902988803
2026-10-03T09:46:20.115 0.01166489218479607,-0.003094645504021541,-1.8189565718345854e-05,0.0007334247447449824,-5.290978425063706e-05,0.44748941472312914,0.8942889259067507
2026-10-03T09:46:20.211 0.011576202461636782,-0.003211948561520242,-1.7795996114839957e-05,0.0007360282966285162,-5.241274568913679e-05,0.4485922444701712,0.893736232742337
2026-10-03T09:46:20.263 0.011495141453258605,-0.0033190591287712862,-1.775721733866955e-05,0.000737277603190184,-5.2561792017563134e-05,0.44968154506144165,0.8931886484333244
2026-10-03T09:46:20.349 0.011382133139778433,-0.003470337140004802,-1.7548708882960435e-05,0.0007392789579069274,-5.2901283752007494e-05,0.45071982361801977,0.8926651618976836
2026-10-03T09:46:20.397 0.011305840222395447,-0.00357434820572089,-1.7666481340148962e-05,0.0007401382340608872,-5.214610314445358e-05,0.4517819448571987,0.8921280870913243
2026-10-03T09:46:20.492 0.011217150793670493,-0.003694452681493739,-1.7108998710178616e-05,0.000743149243112042,-5.221521050716363e-05,0.45284135238186796,0.8915907999613586
2026-10-03T09:46:20.551 0.011119400425985485,-0.0038289219908635027,-1.7312048472822344e-05,0.0007440477006599795,-5.2522769025870846e-05,0.45387969138573114,0.8910626629940072
2026-10-03T09:46:20.633 0.011038339768918045,-0.0039396088367652455,-1.707955425831092e-05,0.0007456713558323795,-5.18422409068709e-05,0.4549370436330857,0.890523288643817
2026-10-03T09:46:20.685 0.010960139801972154,-0.004046600158703483,-1.7030397939500692e-05,0.0007473954941256714,-5.199759346403988e-05,0.4559998197979842,0.8899795520350069
2026-10-03T09:46:20.776 0.010851899849156852,-0.004195613133398758,-1.681452801241128e-05,0.0007496162014994484,-5.254999285107303e-05,0.45703601196638033,0.8894478731662218
2026-10-03T09:46:20.830 0.010775607366365752,-0.004300458664092424,-1.6664079766883455e-05,0.000750809122997308,-5.151108404030073e-05,0.4580945268115867,0.8889031657821551
2026-10-03T09:46:20.922 0.010694546672544701,-0.004417582811643069,-1.6506090212293928e-05,0.0007524318070032722,-5.183452772079077e-05,0.4590883108532544,0.8883903162447592
2026-10-03T09:46:20.969 0.010604426065003435,-0.004544422630372756,-1.6423181252624595e-05,0.0007540531873637618,-5.141968856944209e-05,0.4599106128296596,0.8879648962467228
2026-10-03T09:46:21.056 0.010538623500346154,-0.004638718006907738,-1.651283833281232e-05,0.0007547421670275867,-5.0831630635052224e-05,0.4605516881500916,0.8876325649290405
2026-10-03T09:46:21.117 0.010481880492391352,-0.00471739685246419,-1.6706229494073416e-05,0.0007556667095021831,-5.013101398843088e-05,0.46094817634434243,0.8874267322880974
2026-10-03T09:46:21.198 0.010444688282106148,-0.004772054779944804,-1.6423896869901718e-05,0.0007553984074712012,-5.0218169180684035e-05,0.461080289860824,0.8873580974743173
2026-10-03T09:46:21.250 0.010436582071074082,-0.004782247276272434,-1.6485584104403045e-05,0.0007552604074664954,-5.0329317225190105e-05,0.4609795882204626,0.8874104159253313
2026-10-03T09:46:21.346 0.010458516499754033,-0.004753696375234327,-1.632655470420272e-05,0.0007544825899690749,-5.100855552320945e-05,0.46064833700130386,0.8875824118199289
2026-10-03T09:46:21.394 0.010512874978404746,-0.004679309094164951,-1.6382712614296192e-05,0.00075352428558708,-5.0868528601369485e-05,0.46009824811619116,0.887867688168657
2026-10-03T09:46:21.480 0.010582014916987969,-0.004586026954624528,-1.661125687280404e-05,0.0007510343582564369,-5.027770333896422e-05,0.45930148734285703,0.8882801231279379
2026-10-03T09:46:21.531 0.01067833430302981,-0.004451498058674939,-1.6703968181057826e-05,0.0007505017591208997,-5.093802261989289e-05,0.45827053905439963,0.8888124364494555
2026-10-03T09:46:21.615 0.010773223206855106,-0.004321022296582755,-1.6809318178715906e-05,0.0007483774656382818,-5.069499713963448e-05,0.45702251253291887,0.8894548107685315
2026-10-03T09:46:21.668 0.010890046183704304,-0.004161816819559162,-1.6979155943943795e-05,0.0007469609045412686,-5.17403435351454e-05,0.45566856829261315,0.8901491983047022
2026-10-03T09:46:21.747 0.01099018032316846,-0.004026513015191976,-1.703319539180645e-05,0.0007446533447341234,-5.1922044707638526e-05,0.45421124078344216,0.8908937038398371
2026-10-03T09:46:21.800 0.011121308167246057,-0.003849068336765896,-1.7225654042453746e-05,0.0007419374763293459,-5.193474983607223e-05,0.45273323082605055,0.891645707967783
2026-10-03T09:46:21.887 0.011227163929013908,-0.0037087576702379177,-1.7512258608635392e-05,0.000739492025242857,-5.293479046305392e-05,0.45119043057267016,0.8924273896004655
2026-10-03T09:46:21.939 0.011367828531925299,-0.0035204052217312275,-1.761548964685095e-05,0.0007377457853781367,-5.234462935322647e-05,0.44966041490508707,0.89319928585875
2026-10-03T09:46:22.027 0.011476068597307218,-0.0033803329437515515,-1.7831358111552998e-05,0.0007353949911560787,-5.375716883129224e-05,0.44808676921899465,0.8939897670305055
2026-10-03T09:46:22.077 0.011619593958019326,-0.00318804655269407,-1.807322365676227e-05,0.0007324578323374282,-5.30593879554807e-05,0.44654781377957586,0.8947594708629277
2026-10-03T09:46:22.172 0.011731648781465423,-0.003041954157548777,-1.820571769130264e-05,0.0007301317782001331,-5.434390957282462e-05,0.4449608166279732,0.8955497393333847
2026-10-03T09:46:22.221 0.01187135961477809,-0.0028627808363682187,-1.844154965110399e-05,0.0007272544247939453,-5.360457582454993e-05,0.4434023406325777,0.896322393198509
2026-10-03T09:46:22.305 0.011998672833916662,-0.0027000585532415402,-1.870248016595444e-05,0.000725509432251322,-5.48463398179519e-05,0.4418289626012754,0.8970990126148972
2026-10-03T09:46:22.372 0.01213266200351201,-0.0025282166753760322,-1.875045005492057e-05,0.0007230908657014775,-5.417985637352026e-05,0.4402697113423439,0.897865276908887
2026-10-03T09:46:22.430 0.012250915505825116,-0.002379620807125021,-1.8997053587837826e-05,0.0007205438939707808,-5.497977148695684e-05,0.43868751243901816,0.8986393849725194
2026-10-03T09:46:22.482 0.012391579708525856,-0.002198778543916848,-1.941320739157934e-05,0.0007179489747424577,-5.4381584781725844e-05,0.4371458147966277,0.8993903591865466
2026-10-03T09:46:22.561 0.01251221787640918,-0.0020492289712749825,-1.935065673691144e-05,0.0007156531414231735,-5.573109672742132e-05,0.4355694568912093,0.9001548383240091
2026-10-03T09:46:22.618 0.012659557881311618,-0.0018643335081580908,-1.968795936919589e-05,0.000712849153483469,-5.515725848174242e-05,0.43403264694013516,0.9008968587989977
2026-10-03T09:46:22.701 0.0127825800736801,-0.0017115652546951694,-1.970368460418644e-05,0.0007111635466037082,-5.6156786156545186e-05,0.43246549740265605,0.9016502008257408
2026-10-03T09:46:22.752 0.012930396786697692,-0.0015314381571783803,-2.0160949527147874e-05,0.0007078574050301458,-5.6118750168278015e-05,0.4309420094098135,0.9023793439094294
2026-10-03T09:46:22.839 0.013052465120915046,-0.0013808156829586526,-2.0309276834135603e-05,0.000706084603633511,-5.7473481770847124e-05,0.4293863635653585,0.9031206170415164
2026-10-03T09:46:22.897 0.013204096910445363,-0.0011993772351830553,-2.0519253988494934e-05,0.0007037579806991896,-5.6475778872264045e-05,0.4279383340369046,0.9038076586292626
2026-10-03T09:46:22.984 0.013327119209219562,-0.0010513177486515487,-2.0505176168158486e-05,0.000701642165061391,-5.7239501762434396e-05,0.4266063542591842,0.9044371304450073
2026-10-03T09:46:23.038 0.013466829557242996,-0.0008841249611437106,-2.114333701770105e-05,0.000698821849778256,-5.6138570732163946e-05,0.4255270980481606,0.904945411239371
2026-10-03T09:46:23.115 0.013586990717656575,-0.0007434564866089045,-2.1258844691141305e-05,0.0006975435111664995,-5.67170692717038e-05,0.4246733243844115,0.9053463855191097
2026-10-03T09:46:23.184 0.013680449156247146,-0.0006296104384371401,-2.146623817652108e-05,0.0006967229223834227,-5.626018639694711e-05,0.42407576024317006,0.9056264467130685
2026-10-03T09:46:23.252 0.013774861237351145,-0.000517075680448954,-2.1704941592696968e-05,0.0006956122243629675,-5.5933067891258236e-05,0.42376391044115125,0.9057724113720561
2026-10-03T09:46:23.301 0.013844478444401315,-0.0004318997665556446,-2.1725622459424356e-05,0.0006956826515979958,-5.566430629023907e-05,0.42372394557633675,0.9057911077463473
2026-10-03T09:46:23.382 0.013870703993499519,-0.00039709032382409515,-2.1781995449494167e-05,0.0006954187618927719,-5.566720338002881e-05,0.42392379963264104,0.9056975904787052
2026-10-03T09:46:23.446 0.013853538052133994,-0.00042033635142151954,-2.1829355877548788e-05,0.000696083017885686,-5.5797794586515564e-05,0.42432681485093615,0.9055088439951858
2026-10-03T09:46:23.511 0.01379059697096902,-0.0004972271355836505,-2.1491406250470484e-05,0.0006975304874522514,-5.6098630026545275e-05,0.42491558683343483,0.9052327073024706
2026-10-03T09:46:23.560 0.013695707883127566,-0.0006093446670810016,-2.135625697044481e-05,0.0006991437131934887,-5.645112596925005e-05,0.4256355481577213,0.9048944071856201
2026-10-03T09:46:23.634 0.013613693074206951,-0.0007100775493538967,-2.1345773662437096e-05,0.0007004619178106418,-5.610173517996382e-05,0.4264637812605364,0.9045043667548888
2026-10-03T09:46:23.705 0.013529294221882725,-0.0008087839037025622,-2.1227213037568538e-05,0.0007020198605769759,-5.610997692282845e-05,0.4274398928978696,0.9040434956235478
2026-10-03T09:46:23.783 0.013409133312238527,-0.0009543995637314621,-2.099249541439534e-05,0.000704077002814676,-5.7252527159382e-05,0.42854117355202126,0.9035219773577058
2026-10-03T09:46:23.843 0.01332187359602257,-0.0010598412789515435,-2.0824706679727322e-05,0.0007065072268620082,-5.633656722861982e-05,0.429825320460158,0.9029117850405166
2026-10-03T09:46:23.919 0.013207911445821294,-0.0011981254896318986,-2.0614692489211233e-05,0.0007084166376168072,-5.717940346084678e-05,0.43117491348962955,0.9022680803694619
2026-10-03T09:46:23.966 0.013111592354631382,-0.0013186472940057024,-2.0223960620667812e-05,0.0007109907545284455,-5.591693093386746e-05,0.43260664095592305,0.9015824896071778
2026-10-03T09:46:24.040 0.012990954203850921,-0.0014658126808512726,-2.025670938016936e-05,0.000713222881029548,-5.6680686939166e-05,0.43404799479909006,0.9008894639806322
2026-10-03T09:46:24.094 0.012891774114004035,-0.0015898511952898127,-1.9876354498558564e-05,0.0007156182713470847,-5.547346642114343e-05,0.4355435289691502,0.9001673839827143
2026-10-03T09:46:24.179 0.01277018225994233,-0.001740235244968045,-1.9952298299161856e-05,0.0007183264136924233,-5.611633128878511e-05,0.4370275890102085,0.8994478124394127
2026-10-03T09:46:24.229 0.012669094736813507,-0.00186671757386954,-1.964343301038608e-05,0.0007201463246753044,-5.441680098373219e-05,0.43855203176962093,0.8987055100859348
2026-10-03T09:46:24.315 0.012551794955949658,-0.002017280383388405,-1.938343587331872e-05,0.0007228614100397792,-5.4418704285701305e-05,0.44006669866669906,0.8979647962111762
2026-10-03T09:46:24.378 0.012444508237442491,-0.0021538955799973456,-1.934788954503431e-05,0.0007249727448213765,-5.4722190034745e-05,0.4415881609317308,0.8972175697928195
2026-10-03T09:46:24.457 0.012336268314172906,-0.002294027462605388,-1.904261421517406e-05,0.0007281419651975289,-5.548538797232499e-05,0.443115254963474,0.8964643537527333
2026-10-03T09:46:24.509 0.01224280971518095,-0.0024175890679075784,-1.901403285148459e-05,0.0007299569188944805,-5.456612682499074e-05,0.44459782550088683,0.8957300027046753
2026-10-03T09:46:24.598 0.012132185568140922,-0.002561952910322385,-1.876459174934209e-05,0.00073248921537629,-5.457063091420846e-05,0.44593963948095094,0.8950627343494952
2026-10-03T09:46:24.655 0.012036819709794557,-0.0026886735858056405,-1.8703191863519542e-05,0.00073349923820578,-5.357348015212893e-05,0.44717175261087977,0.8944478088606758
2026-10-03T09:46:24.734 0.011944791948378651,-0.002810208615134353,-1.8453355482997074e-05,0.0007354885606226095,-5.332657235328874e-05,0.4483402371760663,0.8938626784589244
2026-10-03T09:46:24.789 0.011853717532493958,-0.002931922446428808,-1.8413642929324364e-05,0.0007374905882458101,-5.281565108592782e-05,0.4494640779676761,0.8932981002637395
2026-10-03T09:46:24.871 0.011768841900362946,-0.003046364433016755,-1.838373265599136e-05,0.0007389043853915236,-5.3020557532159583e-05,0.45056816033008446,0.8927417230677039
2026-10-03T09:46:24.923 0.011655356970321802,-0.0032001458453121893,-1.8055260720196865e-05,0.0007414191318819946,-5.285809778924628e-05,0.4516147234944224,0.89221274874704
2026-10-03T09:46:25.000 0.011576680012694329,-0.00330612389430915,-1.8094757492461182e-05,0.0007416652232908284,-5.2605129073780075e-05,0.45269210395504095,0.8916665891364077
2026-10-03T09:46:25.052 0.011487989988957956,-0.003425751532992182,-1.79098035046888e-05,0.0007438462837409105,-5.2300563069500094e-05,0.453748621310327,0.8911294140675274
2026-10-03T09:46:25.125 0.01139167080820495,-0.00355974398711423,-1.7682982001064833e-05,0.0007459957906703202,-5.2663817806456615e-05,0.4547874957570351,0.8905996712439588
2026-10-03T09:46:25.192 0.011310609526562222,-0.003669477158770725,-1.7837917649313527e-05,0.0007469308405032642,-5.21513707725674e-05,0.45583948413781905,0.8900616855451767
2026-10-03T09:46:25.254 0.011233840883407559,-0.0037756339975762183,-1.726948326732214e-05,0.0007493568069564182,-5.20470407157226e-05,0.45690133587000115,0.8895170628131255
2026-10-03T09:46:25.314 0.011124646961690098,-0.0039254814493406695,-1.7245820196986024e-05,0.0007511215263017179,-5.221381051728113e-05,0.45792724661939627,0.8889893530823355
2026-10-03T09:46:25.400 0.011046923897484632,-0.004032115137398658,-1.7152714439038448e-05,0.000752267667537453,-5.1803929830104106e-05,0.45899306304070586,0.8884395305760656
2026-10-03T09:46:25.466 0.010963478897501636,-0.004150669826457312,-1.7080361855517697e-05,0.0007538992760120159,-5.171051570760819e-05,0.4600493721552529,0.8878930139050886
2026-10-03T09:46:25.545 0.010867636804376699,-0.004287761716079407,-1.6720183491890982e-05,0.0007560613181347171,-5.2226916198104476e-05,0.4610303109901348,0.8873840645357409
2026-10-03T09:46:25.597 0.010794204980503192,-0.004393918512981239,-1.6812676893400066e-05,0.0007569730454735626,-5.1429649245100605e-05,0.46186942197313624,0.8869476091590758
2026-10-03T09:46:25.683 0.010735555220125047,-0.004480465195603695,-1.6690127053542384e-05,0.0007578299838677219,-5.149221686127475e-05,0.46252217962518916,0.886607385710852
2026-10-03T09:46:25.734 0.010671659952483578,-0.0045689788975795,-1.6767899657125667e-05,0.0007585911042035619,-5.0974761265779605e-05,0.4629155983115292,0.8864020367649148
2026-10-03T09:46:25.822 0.010619209009768298,-0.004645333107893482,-1.6610449147616426e-05,0.0007583373432950418,-5.085988438484908e-05,0.4630303073096766,0.8863421217850658
2026-10-03T09:46:25.873 0.010583923495483928,-0.004693255686566937,-1.6688760767032246e-05,0.0007580705259506573,-5.0792770439457875e-05,0.46289017741768973,0.886415312593026
2026-10-03T09:46:25.938 0.010591553219763702,-0.004686520265603887,-1.643260418361677e-05,0.0007576476926650813,-5.0962589088461995e-05,0.4625268885221997,0.886604929360739
2026-10-03T09:46:25.988 0.010639712390330257,-0.004618927992143001,-1.6806785027864025e-05,0.0007570517605134918,-5.166985884036884e-05,0.4619633287502402,0.8868987017088564
2026-10-03T09:46:26.060 0.010709329636524566,-0.004521890753918457,-1.6708258694146715e-05,0.0007553461825760585,-5.071901718186285e-05,0.4611613519791964,0.8873159720868579
2026-10-03T09:46:26.110 0.010809463642567022,-0.004379732415408112,-1.6792101548309337e-05,0.0007540167138529067,-5.121189245595141e-05,0.4601302255245225,0.8878511161196394
2026-10-03T09:46:26.198 0.010901014488624154,-0.004251938904381902,-1.7041185022431324e-05,0.0007515119231209171,-5.1718502573245405e-05,0.458878503847614,0.8884987063927562
2026-10-03T09:46:26.254 0.011016884220780043,-0.004089335974558546,-1.6911492631859952e-05,0.0007505049636046564,-5.130063720215957e-05,0.45752908924560554,0.8891943356795695
2026-10-03T09:46:26.325 0.011118448350853263,-0.003953972547596471,-1.7295619016186277e-05,0.0007478187978530587,-5.2545213437869686e-05,0.45607298395170115,0.8899420606508256
2026-10-03T09:46:26.373 0.011251960386589554,-0.0037734880022645086,-1.7462045529267158e-05,0.0007454216478794138,-5.2017143309302203e-05,0.45459866924406095,0.8906960713746932
2026-10-03T09:46:26.453 0.011356385858968695,-0.003633833004814668,-1.761227791487871e-05,0.0007431699712486676,-5.342931104564962e-05,0.45306102464998094,0.8914791936926021
2026-10-03T09:46:26.508 0.011496096345158588,-0.0034439308475999954,-1.798222191265833e-05,0.0007401918692157395,-5.282200268654191e-05,0.4515406957085558,0.8922502168365476
2026-10-03T09:46:26.582 0.011601952585933722,-0.00330236848347442,-1.7955902689642863e-05,0.0007386453481907343,-5.3997215862733394e-05,0.44997351649823186,0.8930415925014723
2026-10-03T09:46:26.637 0.011734987742193358,-0.0031240893160105975,-1.8166278339634366e-05,0.0007360674919652996,-5.3412402712365716e-05,0.44842421942392496,0.8938205495432548
2026-10-03T09:46:26.728 0.011858009548573327,-0.002961247877611507,-1.8345917790497763e-05,0.0007333016656835331,-5.428057633345819e-05,0.4468677401378292,0.8945997329232755
2026-10-03T09:46:26.779 0.01198866057020802,-0.002790538530056137,-1.8582324837112747e-05,0.0007310305288081959,-5.423860690098502e-05,0.4453092338870628,0.8953765402708833
2026-10-03T09:46:26.862 0.012106914119484403,-0.0026381875691736385,-1.8769324413960067e-05,0.0007286621109702334,-5.491895148856307e-05,0.44373585637480056,0.8961573275953052
2026-10-03T09:46:26.914 0.01224710203756256,-0.0024562724282974004,-1.882709704148061e-05,0.0007265061829065816,-5.432535478451315e-05,0.4421843237141331,0.8969239059691724
2026-10-03T09:46:26.992 0.012367262442073128,-0.0023042194666824793,-1.9330036283799573e-05,0.0007234568931309361,-5.564629889891126e-05,0.44061565545110287,0.897695559577415
2026-10-03T09:46:27.043 0.01251078797702747,-0.002120158516595148,-1.952719705590799e-05,0.0007211892733848542,-5.5035209719270505e-05,0.43907488144519774,0.8984501796655412
2026-10-03T09:46:27.116 0.012632379366933427,-0.0019684631647839063,-1.9734375178583202e-05,0.0007184929392562562,-5.6721145234501964e-05,0.43751634562251884,0.8992101689058707
2026-10-03T09:46:27.173 0.01277733602534672,-0.0017863691498953924,-1.9561268854977345e-05,0.0007173982287480195,-5.556727634722667e-05,0.4359873723352807,0.8999524950886222
2026-10-03T09:46:27.238 0.012899880577554482,-0.0016352698325851596,-2.009777987680284e-05,0.0007145395011247339,-5.67146017675677e-05,0.4344366149842824,0.9007021226675075
2026-10-03T09:46:27.291 0.013049128276560554,-0.0014518048568908004,-2.0229481999437642e-05,0.00071193325362079,-5.6153733353209847e-05,0.4329190273077243,0.9014325298061605
2026-10-03T09:46:27.383 0.013172150174652054,-0.0012999902777797508,-2.043892193182627e-05,0.0007093295131505018,-5.7918127400982935e-05,0.4313795051594869,0.9021702810586749
2026-10-03T09:46:27.445 0.013322351501162673,-0.0011166444993735566,-2.0601934180242177e-05,0.0007072687901637783,-5.703442171304547e-05,0.4298751194051849,0.9028880762499366
2026-10-03T09:46:27.523 0.013446803592900737,-0.0009640550419057633,-2.1007350882972028e-05,0.0007049718205000375,-5.816458119996714e-05,0.4284058110581921,0.9035861667174784
2026-10-03T09:46:27.568 0.01359748188728307,-0.0007817821410883494,-2.109661117313229e-05,0.0007028801401401048,-5.7236019737269415e-05,0.42712339239680075,0.9041930713907264
2026-10-03T09:46:27.654 0.01372193381680416,-0.0006312788462094009,-2.1621236675183692e-05,0.0007008939255141712,-5.761316043143693e-05,0.42604032084409904,0.904703902082602
2026-10-03T09:46:27.703 0.01383971095978312,-0.0004925177503079627,-2.1643567530880827e-05,0.0006984613273735317,-5.83139953712874e-05,0.4251994524680531,0.9050994057959159
2026-10-03T09:46:27.793 0.013946043656282096,-0.00036561812285816386,-2.197562726125753e-05,0.0006979245997219272,-5.733292817383703e-05,0.4246304088522585,0.9053665144526565
2026-10-03T09:46:27.845 0.014018998547887618,-0.0002780579811664769,-2.2090992883865315e-05,0.0006971913495140334,-5.697099396367685e-05,0.42430711469169435,0.9055180744195763
2026-10-03T09:46:27.933 0.014066681605979835,-0.00022119454969938364,-2.2091889478972118e-05,0.0006972274374007199,-5.672661343074174e-05,0.42424253320082983,0.9055483331547438
2026-10-03T09:46:27.985 0.014069542365420639,-0.0002117769798214896,-2.2185821455192268e-05,0.0006966065922346387,-5.697890001451606e-05,0.4244225988486144,0.9054639523908441
2026-10-03T09:46:28.058 0.01403568730692992,-0.00024980516944454604,-2.2221693055493887e-05,0.0006965602183523643,-5.6977751805694515e-05,0.42480561732148814,0.905284319454119
2026-10-03T09:46:28.107 0.013966547595834157,-0.0003368288212485075,-2.1799434967271124e-05,0.0006988995350344114,-5.73768220715342e-05,0.42536339426328684,0.9050223704794019
2026-10-03T09:46:28.198 0.013874042486107678,-0.00044578727657504044,-2.1772363852290962e-05,0.0007001421972350067,-5.751115225525913e-05,0.42606985546153225,0.9046899937328587
2026-10-03T09:46:28.250 0.013790597450224411,-0.0005465201768253946,-2.1580805043250426e-05,0.0007017588412268775,-5.718123251530192e-05,0.4268839918643527,0.9043061217059136
2026-10-03T09:46:28.329 0.01370858288650537,-0.0006442728268269493,-2.139150851188726e-05,0.0007033427224264332,-5.7191675759334214e-05,0.4278420135162509,0.9038532588360167
2026-10-03T09:46:28.376 0.01358508421127601,-0.000795193342261659,-2.113661136796125e-05,0.0007054856822412655,-5.777871159447405e-05,0.4289198695360353,0.9033422631919549
2026-10-03T09:46:28.452 0.013495917085338429,-0.0009030788719419619,-2.10254110835601e-05,0.0007075218674567757,-5.728096169899314e-05,0.43018738710035986,0.9027393356398422
2026-10-03T09:46:28.507 0.013379570966324054,-0.001043389670539758,-2.069241777066607e-05,0.000709830561449264,-5.8585530709040254e-05,0.4315167440877427,0.9021046459697585
2026-10-03T09:46:28.591 0.01328229771549813,-0.0011645671380702965,-2.0613101928668967e-05,0.0007120090031419413,-5.698516335355993e-05,0.43292966664816357,0.9014274200021767
2026-10-03T09:46:28.643 0.013161182907039623,-0.0013147127631414188,-2.0555689415227464e-05,0.0007145528896750702,-5.764257554060189e-05,0.4343533475118025,0.9007422803426033
2026-10-03T09:46:28.726 0.013064386848135347,-0.0014379167825524625,-2.0268511175873307e-05,0.0007167744383342032,-5.6154585365157765e-05,0.43582998719463245,0.9000287247321574
2026-10-03T09:46:28.780 0.0129427955652282,-0.0015906254133138697,-2.0001728317188226e-05,0.0007190698017877228,-5.703735652979938e-05,0.43729554036702833,0.8993175690825065
2026-10-03T09:46:28.862 0.012847430019466028,-0.0017159751819291254,-1.9731712659644183e-05,0.0007208872758201582,-5.544655583115397e-05,0.4388017143516655,0.898583625896474
2026-10-03T09:46:28.910 0.01272774554016977,-0.0018686241840949545,-1.9810671810062562e-05,0.0007236742220189877,-5.5622188140580626e-05,0.44029143671403653,0.8978546229530047
2026-10-03T09:46:29.000 0.012628088507373177,-0.001997311866848166,-1.9533870235915814e-05,0.0007260083131789641,-5.5088593568211975e-05,0.4418157002104125,0.8971055439159648
2026-10-03T09:46:29.043 0.01250745063512853,-0.002151629811044345,-1.944740868496219e-05,0.0007284250251240051,-5.6127921447800514e-05,0.4433196980988902,0.8963632698432863
2026-10-03T09:46:29.130 0.0124130386604484,-0.0022782312652066096,-1.9253406395667986e-05,0.0007308184188932518,-5.489567335173645e-05,0.4447907049077852,0.8956342399208169
2026-10-03T09:46:29.188 0.012300030098904078,-0.0024266482535157388,-1.9179008691036257e-05,0.0007326353910018694,-5.512770023652037e-05,0.4461049523807838,0.8949803526713082
2026-10-03T09:46:29.256 0.012200373118481225,-0.0025557531687768775,-1.8872404763508445e-05,0.0007343988174998013,-5.407430610859539e-05,0.4473254718427796,0.8943709409271865
2026-10-03T09:46:29.306 0.01210834522320787,-0.0026778842445696997,-1.871197514090244e-05,0.0007359889332860067,-5.4043873604149216e-05,0.44847360179374224,0.893795773034141
2026-10-03T09:46:29.395 0.012017747807306635,-0.002799478860552054,-1.8568708538822753e-05,0.000737889711454966,-5.357079577824452e-05,0.44958120044476263,0.8932391599429517
2026-10-03T09:46:29.455 0.011935732912417802,-0.0029102253231710266,-1.869233387605462e-05,0.0007388488275846804,-5.3288551801864376e-05,0.45066534546889214,0.8926926669667139
2026-10-03T09:46:29.535 0.011821294582220372,-0.003063231887058479,-1.8183540496039183e-05,0.0007416252683695542,-5.3733185599289256e-05,0.45169489134833357,0.8921721651309926
2026-10-03T09:46:29.584 0.011746432080282558,-0.0031672429347752366,-1.8363179313715267e-05,0.0007421368306314598,-5.300453620342461e-05,0.45274875763372746,0.8916378238301469
2026-10-03T09:46:29.664 0.011657742945241495,-0.003290089224177463,-1.7641783667029713e-05,0.0007456075786505166,-5.286834848256006e-05,0.4537917735559448,0.891107438823864
2026-10-03T09:46:29.712 0.011557131150765084,-0.0034296249644279447,-1.8138331871920605e-05,0.0007461198725246596,-5.314475392061569e-05,0.4548129467684371,0.8905866740147091
2026-10-03T09:46:29.802 0.011475116989701679,-0.003542517194176643,-1.7814922581134734e-05,0.0007475457710325134,-5.275518415455883e-05,0.4558605240300786,0.8900509092311703
2026-10-03T09:46:29.859 0.011395963307921331,-0.003653680853266606,-1.7823862290006422e-05,0.0007492211896207789,-5.2770651231042594e-05,0.456911468737291,0.889511858054292
2026-10-03T09:46:29.945 0.011284385648945149,-0.00380710461368793,-1.754310956069846e-05,0.00075125756460665,-5.297441285581727e-05,0.45793329636563407,0.8889862366119554
2026-10-03T09:46:30.006 0.011210477148929036,-0.003912903788705423,-1.7530541092654288e-05,0.0007522993337389909,-5.211134743677979e-05,0.45898138053966525,0.8884455659453893
2026-10-03T09:46:30.082 0.01112464844379907,-0.004033842693520069,-1.717129676001035e-05,0.0007544152344692203,-5.2336987629781995e-05,0.46002588758662855,0.8879051812376298
2026-10-03T09:46:30.139 0.011025467710948644,-0.004172305532088798,-1.731247950896683e-05,0.0007559054787037875,-5.292304646671006e-05,0.4610518879309756,0.887372854239604
2026-10-03T09:46:30.247 0.010945837867757744,-0.004286568638636441,-1.6918333931465636e-05,0.0007578357067069764,-5.19281935399719e-05,0.46203872778245425,0.8868594234813517
2026-10-03T09:46:30.312 0.010873836711581524,-0.0043884338830799145,-1.6878979542022144e-05,0.0007589539014511454,-5.178013917742436e-05,0.4628789412773005,0.8864211792538568
2026-10-03T09:46:30.396 0.010787053878788096,-0.004514439194767058,-1.6846051657048252e-05,0.0007596078947272542,-5.164960985667336e-05,0.46349411846729893,0.8860996684766256
2026-10-03T09:46:30.476 0.010695025861682552,-0.004647477920582985,-1.6849532818579406e-05,0.0007601598921164354,-5.130943222978973e-05,0.46383061504959244,0.8859235746197284
2026-10-03T09:46:30.561 0.010629223511773336,-0.004743859459663069,-1.681998041699814e-05,0.0007601645416373823,-5.1411389884744694e-05,0.4639002330633071,0.8858871221947794
2026-10-03T09:46:30.642 0.010594415567579993,-0.004795775543453453,-1.646691217880931e-05,0.0007603836793220744,-5.138626647276361e-05,0.46371954194845555,0.8859817185423333
2026-10-03T09:46:30.703 0.010602998245556257,-0.004782423994987832,-1.6614595387044046e-05,0.0007593629009529842,-5.1606059816035636e-05,0.4633399219043867,0.88618030754155
2026-10-03T09:46:30.761 0.010654972251621932,-0.004709348046156062,-1.6860698285681906e-05,0.0007584277535783679,-5.127769714060675e-05,0.46276819659259455,0.8864790005298366
2026-10-03T09:46:30.836 0.01072506617725717,-0.004611059104404316,-1.6852332942179422e-05,0.0007565973588936374,-5.1607180953976395e-05,0.4619602296771311,0.886900316322972
2026-10-03T09:46:30.901 0.01082615377073409,-0.0044677086609999144,-1.698238727917478e-05,0.0007552369469259209,-5.1434128805299945e-05,0.4609330073469701,0.8874346115121735
2026-10-03T09:46:30.973 0.010920089063861157,-0.004336577259813896,-1.704152609622685e-05,0.0007538700876399666,-5.2334578186892655e-05,0.45968626175270916,0.8880810603187091
2026-10-03T09:46:31.030 0.011040726827884501,-0.004169921154144722,-1.709818738013872e-05,0.0007516634854691598,-5.16514316573315e-05,0.4583407223993841,0.8887762454771982
2026-10-03T09:46:31.145 0.011138476208584172,-0.004033782914833471,-1.750608473576848e-05,0.0007490925739889927,-5.31165913941023e-05,0.4568960908855659,0.8895197570444583
2026-10-03T09:46:31.204 0.011271988935667126,-0.0038501989278886825,-1.7210576336197394e-05,0.0007476659925964437,-5.279511215000968e-05,0.4554352162297998,0.8902686122884234
2026-10-03T09:46:31.291 0.011377367305774148,-0.0037069676398305104,-1.7824252586520094e-05,0.0007450884886636266,-5.441259712605783e-05,0.453910446470784,0.8910469956557324
2026-10-03T09:46:31.358 0.011510402738457461,-0.0035300593791663393,-1.7870715444029124e-05,0.0007425229603978585,-5.3449370179503197e-05,0.45238892512517254,0.8918204450599398
2026-10-03T09:46:31.421 0.01163104027363166,-0.0033639397153274408,-1.8076388065879335e-05,0.0007407558047320093,-5.464822601954375e-05,0.4508546179683972,0.892597088137184
2026-10-03T09:46:31.499 0.011761214791096493,-0.003191561443680905,-1.8088524316879275e-05,0.0007383368638694788,-5.4366172581465375e-05,0.4493142614517471,0.8933734641005775
2026-10-03T09:46:31.577 0.0118761302267753,-0.0030393297341419754,-1.8434158931976365e-05,0.0007355903727964989,-5.547493981759223e-05,0.44775781196482994,0.8941545714549596
2026-10-03T09:46:31.639 0.012015364386039345,-0.00285622251238537,-1.8535127322043087e-05,0.0007333202619378365,-5.48373630605419e-05,0.44622585951959104,0.8949200754985104
2026-10-03T09:46:31.724 0.012134094494249854,-0.0027005336854196314,-1.8871892800601582e-05,0.000731020630915687,-5.589902189283944e-05,0.4446737905661962,0.8956922922899511
2026-10-03T09:46:31.782 0.012277620197128173,-0.0025167111538922453,-1.896474553573589e-05,0.0007284791224555358,-5.5220193637703775e-05,0.4431455039694571,0.8964494010152242
2026-10-03T09:46:31.867 0.01239682702455315,-0.0023629296695721496,-1.9391671487799007e-05,0.0007261297849060461,-5.663537704698376e-05,0.4416018690472979,0.8972108218149749
2026-10-03T09:46:31.918 0.012543690626577531,-0.002175053980165468,-1.9430197826111095e-05,0.0007230063853461173,-5.624675352462583e-05,0.4400886031984668,0.8979540608699823
2026-10-03T09:46:32.003 0.01266337467098536,-0.002023418257012685,-1.96343602187505e-05,0.0007214885602598454,-5.718538716046114e-05,0.43855647124253033,0.8987033424414248
2026-10-03T09:46:32.054 0.012811191784667499,-0.0018376883228327745,-1.979360320677817e-05,0.000719177865750037,-5.6773030677218666e-05,0.4370563474992675,0.8994338378505781
2026-10-03T09:46:32.143 0.012934213398080437,-0.0016838471858295959,-2.0166956038891018e-05,0.0007167462664038526,-5.827435498098079e-05,0.4355326502597097,0.9001726464610234
2026-10-03T09:46:32.201 0.01308536849075226,-0.0014985344421254558,-2.0256970756334625e-05,0.0007144224460206758,-5.781696589575361e-05,0.4340432552944964,0.9008917464330127
2026-10-03T09:46:32.275 0.013209820534915798,-0.0013440376360277352,-2.067728891360861e-05,0.0007116880969367651,-5.9160194833726e-05,0.43253055528187867,0.901618993116091
2026-10-03T09:46:32.335 0.013359068298145366,-0.0011581884745316135,-2.0749386855940742e-05,0.0007100654602330984,-5.8498221736374414e-05,0.4311184965420484,0.9022950372934144
2026-10-03T09:46:32.424 0.01348399748906471,-0.0010077447782448027,-2.1006545712087676e-05,0.0007075557410590682,-5.9520728207888236e-05,0.42982225000055735,0.9029132456812308
2026-10-03T09:46:32.475 0.013627045856129765,-0.0008329225541522917,-2.1486072751785855e-05,0.0007051912713794498,-5.81826339023555e-05,0.4287827794526772,0.9034073429881389
2026-10-03T09:46:32.550 0.013747207405654679,-0.0006876049172734287,-2.1318459476872526e-05,0.0007044608166012277,-5.8347807967368644e-05,0.42796387400357255,0.9037955647591691
2026-10-03T09:46:32.597 0.013843526419113105,-0.000568394415095515,-2.1768795701205096e-05,0.0007035145337773805,-5.796874094481966e-05,0.42739596321021944,0.9040642633897961
2026-10-03T09:46:32.679 0.01393841535897787,-0.00045013760519498715,-2.1948649413107905e-05,0.0007020944474102237,-5.774331149981124e-05,0.42711546562131963,0.9041968163824623
2026-10-03T09:46:32.733 0.014008032451978689,-0.00036525971453920086,-2.204383594392984e-05,0.0007025314912638327,-5.744180757226945e-05,0.4270914446678612,0.9042081624501417
2026-10-03T09:46:32.821 0.014036642597920953,-0.00033152312534993585,-2.1850658985212667e-05,0.0007016722150357574,-5.799676136250655e-05,0.42729788548489367,0.9041106245104176
2026-10-03T09:46:32.869 0.014016138477076116,-0.0003533982881771308,-2.2086456980384603e-05,0.000702402942052893,-5.7550914806789324e-05,0.4276989336909998,0.903920973004599
2026-10-03T09:46:32.939 0.013952243688877673,-0.00043320971194807037,-2.179170244315429e-05,0.0007043800557615698,-5.826770682850976e-05,0.42826887022049565,0.9036510804805534
2026-10-03T09:46:32.986 0.013856878006395477,-0.000553314271831709,-2.1566391071248643e-05,0.0007060770729584183,-5.922499259747345e-05,0.42896194983520697,0.9033222811052236
2026-10-03T09:46:33.056 0.013768664474785551,-0.0006549413018042477,-2.1456699670661926e-05,0.00070682893154551,-5.776396726702039e-05,0.42977483520733384,0.9029358161456963
2026-10-03T09:46:33.113 0.01368474249699957,-0.0007585352310234195,-2.1353793318994742e-05,0.0007078696355448994,-5.777458806166047e-05,0.4306674711456802,0.9025104015354398
2026-10-03T09:46:33.183 0.013591283967169517,-0.0008726196977852024,-2.1206004364890607e-05,0.0007098144044755155,-5.766150302827784e-05,0.43158731580937515,0.9020708850589964
2026-10-03T09:46:33.227 0.013498302440778596,-0.000988730716449362,-2.096956215397469e-05,0.0007116080265091016,-5.8067269830684867e-05,0.43261018693488057,0.9015807875073517
2026-10-03T09:46:33.303 0.013400552245344729,-0.0011106830503790112,-2.0963997968006508e-05,0.0007133287185090682,-5.777483090639706e-05,0.43376940336340125,0.9010236359441228
2026-10-03T09:46:33.358 0.013298511011726761,-0.0012379402516748369,-2.0683426977483533e-05,0.0007163129217765352,-5.8600862993663e-05,0.4350505993542749,0.9004057193639005
2026-10-03T09:46:33.425 0.013204575645491917,-0.0013557798170660616,-2.0564685764241388e-05,0.0007176776481071803,-5.763064452193369e-05,0.4364262399119433,0.8997397505578072
2026-10-03T09:46:33.470 0.013089182855813683,-0.0015024683006966862,-2.0501419834547843e-05,0.0007198937069558611,-5.810182738601457e-05,0.4378227711508345,0.8990610098536319
2026-10-03T09:46:33.548 0.012991910099911717,-0.0016274008607958317,-2.013898166955303e-05,0.0007224079565868587,-5.6833632909603615e-05,0.43928301932600183,0.8983484311938847
2026-10-03T09:46:33.591 0.012871749291280926,-0.001782910891859396,-1.9919163570572635e-05,0.0007249775237507148,-5.7841770917096786e-05,0.4407352208344314,0.8976368620873056
2026-10-03T09:46:33.674 0.012773522769217758,-0.0019098104172564872,-1.962972293655012e-05,0.0007271407874169572,-5.660203305221307e-05,0.44223313928045505,0.8968998375429883
2026-10-03T09:46:33.721 0.012652884351037104,-0.0020656780822823177,-1.990088855375183e-05,0.0007290643104122734,-5.742744508597478e-05,0.44371219307944165,0.8961690436965295
2026-10-03T09:46:33.804 0.012554181626288958,-0.0021923987996747027,-1.9208363169565133e-05,0.0007324283235687602,-5.524179428440855e-05,0.4451646621235671,0.8954484262611139
2026-10-03T09:46:33.858 0.012438788965826307,-0.0023437364455892373,-1.9100393051725685e-05,0.0007342063071571083,-5.613299439066212e-05,0.44647116104122847,0.8947977202411073
2026-10-03T09:46:33.943 0.012341038794267456,-0.002473198964768192,-1.913953106505659e-05,0.0007353314289684492,-5.512481179374469e-05,0.44768062437370015,0.8941932200644996
2026-10-03T09:46:33.990 0.012248057038295092,-0.0025991447498605203,-1.9126604384036947e-05,0.000737235333051014,-5.574230331081007e-05,0.44881376354760955,0.8936250102963154
2026-10-03T09:46:34.074 0.01215698297461078,-0.0027188916278338008,-1.8848473870998918e-05,0.0007389168229904733,-5.4315396142627176e-05,0.4499107527721428,0.8930732140153853
2026-10-03T09:46:34.135 0.012070676728953653,-0.002836313864686951,-1.890570817539749e-05,0.0007401206342487734,-5.3784773002503565e-05,0.4509821720444884,0.8925326491656652
2026-10-03T09:46:34.216 0.011981986832774627,-0.002956716363738332,-1.8646248348044075e-05,0.0007417248481095154,-5.424435940897591e-05,0.4520423853492441,0.891996148393907
2026-10-03T09:46:34.263 0.011897111338253283,-0.003070860327086022,-1.852693126804836e-05,0.0007433795792701428,-5.420052662426612e-05,0.45309401555998186,0.8914624263045723
2026-10-03T09:46:34.362 0.011782672408402571,-0.0032286352626316774,-1.8435369100001447e-05,0.0007451855233729362,-5.44400737699205e-05,0.4540981408770715,0.8909513568017063
2026-10-03T09:46:34.414 0.011702565774705012,-0.003335328585280465,-1.7951063975174294e-05,0.0007475287450359143,-5.331630773687862e-05,0.45513498861523993,0.8904221361221609
2026-10-03T09:46:34.487 0.011608630260075886,-0.0034638373821184463,-1.8011134727634455e-05,0.0007485177894713706,-5.358978920285667e-05,0.45617019829154204,0.8898922333855424
2026-10-03T09:46:34.541 0.011506588833351693,-0.003605697721426828,-1.7968979629635998e-05,0.0007502648321641463,-5.389395791464204e-05,0.45718073110824037,0.8893734948273744
2026-10-03T09:46:34.612 0.011424574491764108,-0.0037210933462805,-1.7779680212495095e-05,0.0007516678189618032,-5.3146354237820205e-05,0.45821728153884933,0.888839892821031
2026-10-03T09:46:34.665 0.011343513978013342,-0.0038338067500907763,-1.747267995366841e-05,0.0007532379226279264,-5.32860907188163e-05,0.4592571696780753,0.8883030349450057
2026-10-03T09:46:34.740 0.01123288959029256,-0.003990866381888212,-1.7476556198594553e-05,0.0007552772497804248,-5.3419196079870085e-05,0.46026278486704414,0.8877824032774577
2026-10-03T09:46:34.785 0.01115707383346992,-0.004098155697030457,-1.7416268338828114e-05,0.0007566609628663452,-5.287685560046397e-05,0.4612982027993191,0.8872448324799326
2026-10-03T09:46:34.859 0.011069814437378901,-0.0042215384103155736,-1.7188872099363477e-05,0.0007583480144769629,-5.2854004490780285e-05,0.46233016342304045,0.8867075290669229
2026-10-03T09:46:34.908 0.010970633952889173,-0.004361014527818063,-1.7181043256901133e-05,0.0007594853634595428,-5.334905536907192e-05,0.46327942327347915,0.8862119364504485
2026-10-03T09:46:34.979 0.010896249473191028,-0.004469376708468429,-1.664618044968205e-05,0.0007615366067714882,-5.2521611113885733e-05,0.4641026487481746,0.8857810952647417
2026-10-03T09:46:35.023 0.010835691761204023,-0.004558367205613987,-1.6922945339158887e-05,0.0007626541027510151,-5.179792820716084e-05,0.4647285543688474,0.8854528708124083
2026-10-03T09:46:35.113 0.01077131991002112,-0.004652006913021619,-1.6880754033689834e-05,0.0007624991768881705,-5.18267278848821e-05,0.46510620839023564,0.8852545570771462
2026-10-03T09:46:35.163 0.010715530937304108,-0.00473324874625809,-1.6867036639922277e-05,0.0007626078924594731,-5.1860294286773276e-05,0.4652175792494544,0.8851960346143615
2026-10-03T09:46:35.239 0.010681199163072749,-0.0047808732896926455,-1.690215274052315e-05,0.0007623375527100626,-5.156535155105369e-05,0.4650576904824353,0.8852800464856382
2026-10-03T09:46:35.298 0.010689782533757367,-0.004770144345520384,-1.663260352788248e-05,0.0007618718330232448,-5.215563748185742e-05,0.46466462919699925,0.8854864195482135
2026-10-03T09:46:35.364 0.010741279608862292,-0.004693313310076951,-1.690775539578771e-05,0.000759950415083507,-5.1823546810694524e-05,0.4640757087830874,0.8857952112690393
2026-10-03T09:46:35.416 0.010816618302228423,-0.00458858700069334,-1.7131201474514548e-05,0.0007589369596004613,-5.217804043348703e-05,0.4632585025389144,0.886222873275987
2026-10-03T09:46:35.503 0.010925812710300256,-0.004434328805152979,-1.6812138987227442e-05,0.0007579153576920377,-5.123529888538305e-05,0.4622305646992621,0.8867594532888026
2026-10-03T09:46:35.555 0.011022131669412006,-0.004303316583299539,-1.72028725716387e-05,0.0007560847789893442,-5.290437284341703e-05,0.4609837896840013,0.8874082325432364
2026-10-03T09:46:35.635 0.011137524150675858,-0.004141488519910835,-1.7340646690482316e-05,0.000754115638552754,-5.255933623974779e-05,0.4596534194960824,0.8880980590524216
2026-10-03T09:46:35.678 0.011233366458548858,-0.004006482792833841,-1.758161557234004e-05,0.0007515555564156248,-5.392723893778666e-05,0.45821817569471635,0.8888394319105699
2026-10-03T09:46:35.764 0.01136735570240187,-0.0038218259163153006,-1.7480576131713136e-05,0.0007503421347596305,-5.356910000975127e-05,0.4567724404232744,0.8895832573665033
2026-10-03T09:46:35.810 0.011470350503470702,-0.0036805616114833216,-1.771795384574845e-05,0.0007479052353142264,-5.471569542300772e-05,0.4552575947157628,0.8903594555557716
2026-10-03T09:46:35.898 0.011601955085663062,-0.0035009115552055077,-1.7955870214894078e-05,0.0007455250104832349,-5.427370946409585e-05,0.45375067633766514,0.891128366157163
2026-10-03T09:46:35.949 0.011723546624556396,-0.0033348514839662597,-1.7954434691184108e-05,0.0007428726448960654,-5.555600423899552e-05,0.4522219429174857,0.8919051291464234
2026-10-03T09:46:36.033 0.011853243367391814,-0.0031590757536751083,-1.8532060985409642e-05,0.0007401885564655363,-5.526076890606425e-05,0.450700242829441,0.8926750473608138
2026-10-03T09:46:36.084 0.011967682386091479,-0.003006486422221766,-1.8608721162703724e-05,0.0007380624851706697,-5.615219380701083e-05,0.44914906786708925,0.8934565277308258
2026-10-03T09:46:36.163 0.012107393373208883,-0.0028208161947338665,-1.869554275949164e-05,0.0007358122856616397,-5.5368500965603e-05,0.4476339536892129,0.894216583954454
2026-10-03T09:46:36.217 0.012225647018977858,-0.002668644047774744,-1.8822937736818572e-05,0.0007335863560177311,-5.662786077887074e-05,0.44608504373401114,0.8949902750316168
2026-10-03T09:46:36.326 0.012370602527577592,-0.0024813048242721724,-1.9335284829281946e-05,0.000730940566690936,-5.602495609315084e-05,0.44458480114512344,0.8957364663659972
2026-10-03T09:46:36.380 0.012492194164482558,-0.002324900705488507,-1.934874886876177e-05,0.000729114412442322,-5.763039877237094e-05,0.4430525502840798,0.8964953445264976
2026-10-03T09:46:36.478 0.012637626351772775,-0.0021362501738139625,-1.9951256961189217e-05,0.0007259112381577033,-5.6819238643723895e-05,0.44156530187238546,0.8972288192021016
2026-10-03T09:46:36.552 0.01275969519545092,-0.0019793096071801953,-1.972705673739338e-05,0.0007241899141708933,-5.847478734325252e-05,0.4400404716458008,0.8979776475188058
2026-10-03T09:46:36.627 0.012906081609463223,-0.0017934604817428815,-2.0003247095249902e-05,0.0007218614123191118,-5.8131235695796366e-05,0.43855813987329934,0.8987025278075791
2026-10-03T09:46:36.698 0.01302862658305142,-0.0016402750018137304,-2.02566367495041e-05,0.0007197796543470207,-5.884034262249773e-05,0.4370421313549609,0.8994407450609386
2026-10-03T09:46:36.773 0.013180258030415526,-0.0014503726945080382,-2.061562671393839e-05,0.0007167678032298689,-5.851210426629029e-05,0.4355774430108132,0.9001509728708911
2026-10-03T09:46:36.826 0.013305187103672494,-0.0012943261616182526,-2.0902588771651053e-05,0.0007146351702347791,-5.9841081815840044e-05,0.43407112022212513,0.9008783204765934
2026-10-03T09:46:36.910 0.013459679878194438,-0.0011045430275460277,-2.107238744363062e-05,0.0007123907836672007,-5.935863693325592e-05,0.4326750061918147,0.9015496813780352
2026-10-03T09:46:36.960 0.01358174830290083,-0.0009536225300915109,-2.116111022909196e-05,0.000710804995808618,-6.036576440298475e-05,0.4313918123191898,0.9021643948727956
2026-10-03T09:46:37.031 0.013722412581553775,-0.0007825554286311942,-2.1607064719092934e-05,0.0007078498451548543,-5.903064001140063e-05,0.4303680182316607,0.9026532359368868
2026-10-03T09:46:37.085 0.013837328633274592,-0.0006418274154783246,-2.1654674601221767e-05,0.0007069701534453614,-5.9567326220301736e-05,0.4295611232153701,0.9030375064563406
2026-10-03T09:46:37.161 0.013936032072197424,-0.0005213055810682724,-2.194486812214627e-05,0.0007060018695624523,-5.913608413213404e-05,0.42900701088547166,0.9033008815867484
2026-10-03T09:46:37.216 0.014035689312098438,-0.0003997108510291004,-2.2147162823291582e-05,0.0007051341613888485,-5.8365886150717666e-05,0.428739029805614,0.9034281065478197
2026-10-03T09:46:37.290 0.014117703837090935,-0.00029701101550884656,-2.2321559021274267e-05,0.0007047905994220951,-5.851466068388032e-05,0.4287497588845917,0.9034230150392727
2026-10-03T09:46:37.350 0.014142975893449835,-0.00026530102629581217,-2.228701678883089e-05,0.0007050653416843674,-5.808188303965176e-05,0.42896499046368497,0.9033208380558092
2026-10-03T09:46:37.419 0.014120565123724792,-0.0002939115379246982,-2.2132368255278994e-05,0.000705636909642393,-5.8387377926741695e-05,0.429358290206924,0.9031339642035686
2026-10-03T09:46:37.464 0.014050471261544448,-0.0003803987599872467,-2.2006625246019373e-05,0.0007070880837186481,-5.919076079235683e-05,0.4299120743287734,0.9028704806721876
2026-10-03T09:46:37.542 0.013948429778361447,-0.0005046757290691449,-2.186016502607229e-05,0.0007088986936641027,-5.964222016916509e-05,0.4305831597891656,0.9025506281707556
2026-10-03T09:46:37.604 0.013865938471728425,-0.000606123873044435,-2.164031167504772e-05,0.0007097421370061509,-5.849432962750136e-05,0.4313780743257185,0.9021709648595144
2026-10-03T09:46:37.669 0.013783923877852421,-0.0007070951738718074,-2.149571804492958e-05,0.0007111859973614714,-5.840238246364443e-05,0.43224451376256046,0.9017561594609745
2026-10-03T09:46:37.721 0.01368998845353683,-0.0008221929256063154,-2.1391878422721046e-05,0.0007125461918959864,-5.794181354564722e-05,0.43314546425477973,0.9013237463398942
2026-10-03T09:46:37.789 0.013598437307023656,-0.0009373502519575479,-2.1232203870848825e-05,0.0007139109829371257,-5.861147301517068e-05,0.43408828688551987,0.9008700494991485
2026-10-03T09:46:37.850 0.013504978952325478,-0.001054116927717607,-2.0995007622619527e-05,0.0007158507181222989,-5.81065278685734e-05,0.43503611583047724,0.9004127176492525
2026-10-03T09:46:37.918 0.013411997365759829,-0.001171062411416758,-2.0803268702918596e-05,0.0007178855395820415,-5.860751067488393e-05,0.43606414252260595,0.8999152986873465
2026-10-03T09:46:37.985 0.013316154534881742,-0.00129259748881659,-2.0785819162913555e-05,0.0007188679722361908,-5.828316403962686e-05,0.43722425356745304,0.8993522290650616
2026-10-03T09:46:38.058 0.013212206004841062,-0.0014219408766903436,-2.0487330968312153e-05,0.0007219478128860543,-5.907400811939594e-05,0.43850306526526595,0.8987294014633008
2026-10-03T09:46:38.111 0.013120177838239792,-0.001539363185570889,-2.0461012399010258e-05,0.000723689124554445,-5.803846145667472e-05,0.4398675594464111,0.8980623603359881
2026-10-03T09:46:38.197 0.013004785328737455,-0.0016877205992250185,-2.023383362808799e-05,0.0007265349795744167,-5.846954207754766e-05,0.4412485929811949,0.8973846153798002
2026-10-03T09:46:38.245 0.012907512250495525,-0.001813249205810146,-2.008001136155491e-05,0.0007280342965045647,-5.7233601130271265e-05,0.44262658773534663,0.8967057324006251
2026-10-03T09:46:38.341 0.01279355001553037,-0.001963513950116744,-2.0019006637121343e-05,0.0007298458706658185,-5.747762503351557e-05,0.4438736907935878,0.8960890640123927
2026-10-03T09:46:38.396 0.012693893222839592,-0.0020925592607112403,-1.9593193578797506e-05,0.000731789180495526,-5.627679936930714e-05,0.44503940382073187,0.8955106869068648
2026-10-03T09:46:38.486 0.012597573136427604,-0.002220114413293744,-1.9887913117978e-05,0.0007330919373561214,-5.699894920918203e-05,0.446135916545492,0.8949649173545547
2026-10-03T09:46:38.538 0.012506022904124846,-0.002340516948286373,-1.9191796575718144e-05,0.0007354384298040458,-5.5753196304853584e-05,0.4472015533159319,0.8944329078995891
2026-10-03T09:46:38.611 0.012418762830177007,-0.0024587140575475235,-1.935183089121031e-05,0.00073634960180198,-5.6295537968086835e-05,0.4482439454658916,0.8939109687061946
2026-10-03T09:46:38.660 0.012330072846056821,-0.0025777456497773814,-1.91370747157941e-05,0.0007379944183582219,-5.5174629105099284e-05,0.4492706610492953,0.8933953914366964
2026-10-03T09:46:38.740 0.012245197329929947,-0.0026939161710527416,-1.9047559589460235e-05,0.0007399638883904845,-5.505289920587745e-05,0.45029457495653646,0.8928797484473115
2026-10-03T09:46:38.782 0.012155077021761423,-0.0028164644553179312,-1.8741134193214455e-05,0.0007414190443695338,-5.480971229313231e-05,0.45131947273490447,0.8923621354719081
2026-10-03T09:46:38.868 0.012071154818896663,-0.0029302507788338955,-1.8861743312948056e-05,0.0007429705581519837,-5.4792021475701574e-05,0.4523434763607142,0.8918434976981602
2026-10-03T09:46:38.910 0.011985325844393565,-0.003048507474661202,-1.865151084470192e-05,0.0007442873158692288,-5.451563659507937e-05,0.4533605362417311,0.8913269137881156
2026-10-03T09:46:38.996 0.011902834522927164,-0.003161876547609763,-1.8535963541804644e-05,0.000745855055687937,-5.46991324103523e-05,0.4543821258550498,0.890806558356912
2026-10-03T09:46:39.040 0.011816528685753726,-0.003281802179499538,-1.8354779155644213e-05,0.0007479094189507017,-5.4175973698912354e-05,0.45539984078366463,0.8902867081511876
2026-10-03T09:46:39.125 0.011733083267077374,-0.003395171264504154,-1.8505944558830514e-05,0.000748949436161716,-5.419875296691388e-05,0.45642503686608554,0.8897615533720423
2026-10-03T09:46:39.171 0.011619598898592364,-0.003554257490126765,-1.7864547761421518e-05,0.000752079359276136,-5.464448073020673e-05,0.45740818033310243,0.8892565366388814
2026-10-03T09:46:39.242 0.011542352473164645,-0.003662023660456579,-1.790630603142328e-05,0.000752411875563072,-5.391379573074396e-05,0.4584307841619225,0.8887297942020156
2026-10-03T09:46:39.295 0.011450801455431314,-0.003789280729698991,-1.7761530643021648e-05,0.0007542497539743502,-5.3790647229875704e-05,0.45944998933659353,0.8882033187916374
2026-10-03T09:46:39.358 0.01134780635753762,-0.003933167638939155,-1.7732768495973603e-05,0.0007558017308470213,-5.415252695014385e-05,0.4604456211605974,0.8876875890679553
2026-10-03T09:46:39.406 0.011266745833437985,-0.0040488016703486614,-1.7455570044570027e-05,0.0007573007815664395,-5.362243131900624e-05,0.46147135327390104,0.8871547856646638
2026-10-03T09:46:39.479 0.011187115557906534,-0.004162409125853039,-1.732964514053743e-05,0.000758829431022931,-5.367333433460021e-05,0.4625009596447691,0.8866184543673425
2026-10-03T09:46:39.531 0.011075537945911786,-0.004321435722885538,-1.7063792637368212e-05,0.0007610286869989172,-5.388027909794779e-05,0.4634278669790333,0.8861343182833608
2026-10-03T09:46:39.606 0.011004013693680327,-0.004424910286728928,-1.6995389629630313e-05,0.0007619844347529429,-5.28807520068765e-05,0.464236877653343,0.8857107530170458
2026-10-03T09:46:39.665 0.010933919916318324,-0.004527490762893226,-1.6944149700914228e-05,0.0007628707226224634,-5.3113661543991155e-05,0.46485175662983624,0.8853881971007718
2026-10-03T09:46:39.744 0.01087002418138013,-0.004620057580773582,-1.734974677804807e-05,0.0007628281986609626,-5.2134953559816516e-05,0.46521498628103436,0.8851973971463218
2026-10-03T09:46:39.788 0.01082329583128676,-0.004688007464057287,-1.6784112812134177e-05,0.0007630906179346219,-5.2681674276797956e-05,0.4653132440361227,0.8851457506207268
2026-10-03T09:46:39.872 0.010803745521944476,-0.004719002125524814,-1.700651603324612e-05,0.0007625899200562434,-5.224811530715771e-05,0.4651642928708956,0.8852240373852643
2026-10-03T09:46:39.916 0.010815666630901721,-0.004702670302725624,-1.677204753267266e-05,0.0007625447684932023,-5.240123445443272e-05,0.4647995433748776,0.8854156087725651
2026-10-03T09:46:39.995 0.010852382082059723,-0.0046485488230431655,-1.7008922711325e-05,0.0007611680652120252,-5.281700713568278e-05,0.46422036786143667,0.8857194069772507
2026-10-03T09:46:40.046 0.01092533666584396,-0.00454215361361215,-1.7168994842399977e-05,0.0007593779196991953,-5.2632146870709076e-05,0.4634242920159198,0.8861361893888409
2026-10-03T09:46:40.118 0.011024993766598113,-0.004402021839038366,-1.7311688005289127e-05,0.0007575613941872517,-5.2689425436395e-05,0.46240770945742693,0.8866670928589232
2026-10-03T09:46:40.172 0.011125604613705379,-0.004260221122393222,-1.7396284731027897e-05,0.0007560115414438546,-5.3037477879768174e-05,0.4611872197926722,0.8873025267255135
2026-10-03T09:46:40.264 0.01123241449292702,-0.004112161839975332,-1.7341672145687546e-05,0.0007551595338165408,-5.3847586786226855e-05,0.459856282481676,0.8879930327973575
2026-10-03T09:46:40.311 0.011347329911188263,-0.003954804130980658,-1.765750531408374e-05,0.0007525750136284001,-5.4436755544063225e-05,0.45844878458289295,0.8887205086988579
2026-10-03T09:46:40.392 0.011466537094844234,-0.0037881480433299515,-1.775660823548517e-05,0.0007511504728508186,-5.428145124299127e-05,0.45699685061641127,0.889467993439434
2026-10-03T09:46:40.443 0.01158622126513302,-0.0036240549493872926,-1.7781958954899732e-05,0.0007481258798549816,-5.532521370831107e-05,0.45550620479192877,0.890232292518555
2026-10-03T09:46:40.524 0.01171448763934735,-0.0034501269810806273,-1.828281744384283e-05,0.0007457784627025668,-5.5306125270128115e-05,0.454015319994294,0.8909935633696777
2026-10-03T09:46:40.575 0.01182654230176266,-0.0032987297725616807,-1.8474916916339004e-05,0.0007441734117520614,-5.599830711230949e-05,0.4524853936602373,0.8917715018962329
2026-10-03T09:46:40.658 0.011963392200623698,-0.003111331046401432,-1.8587017500561625e-05,0.0007413191608291338,-5.5528670879771984e-05,0.4509883103579387,0.8925295464481611
2026-10-03T09:46:40.709 0.012079738356827428,-0.002957132365547465,-1.8785902801917267e-05,0.0007395936204629485,-5.688761417237112e-05,0.4494540329514903,0.8933031523669424
2026-10-03T09:46:40.792 0.012224217658082168,-0.0027655016135455434,-1.886536353177833e-05,0.0007364641859993522,-5.653802571075388e-05,0.44795399940508923,0.894056300710945
2026-10-03T09:46:40.841 0.012345808646851529,-0.0026081438205193632,-1.928115857658643e-05,0.0007344835280629631,-5.7825791229355035e-05,0.4464284840172612,0.8948190129004718
2026-10-03T09:46:40.928 0.012490764768315994,-0.002418956852955085,-1.9391175121936237e-05,0.0007322884032067805,-5.741284515630593e-05,0.44493604926311975,0.8955620428108744
2026-10-03T09:46:40.968 0.012611879107504841,-0.0022614798566209142,-1.9687007115625925e-05,0.0007296444946466548,-5.865814716475462e-05,0.4434239155644862,0.8963117176984761
2026-10-03T09:46:41.057 0.01275874275439852,-0.002073425353274453,-1.9695731198049442e-05,0.0007278441192099512,-5.7943873505531095e-05,0.44194715643685417,0.897040789375168
2026-10-03T09:46:41.108 0.012880810445122131,-0.0019166039960641903,-2.020168694059489e-05,0.0007250763853289229,-5.951126017614555e-05,0.4404449767447224,0.8977793120711717
2026-10-03T09:46:41.187 0.013028150875453772,-0.0017280726495616091,-2.0240967316220362e-05,0.0007230661626533433,-5.896315461711839e-05,0.438981151916861,0.8984959777096482
2026-10-03T09:46:41.256 0.013153556742951465,-0.001570535994551869,-2.0543584690304053e-05,0.0007206610964411791,-6.056611069712599e-05,0.43748084944045645,0.8992274369436172
2026-10-03T09:46:41.328 0.013305188378798087,-0.001380633687224305,-2.0783365514193074e-05,0.0007180474107431137,-5.9704847440020524e-05,0.43603696275112575,0.899928468245127
2026-10-03T09:46:41.376 0.013431071472283963,-0.0012259580491191255,-2.0863219211862065e-05,0.0007165559333752816,-6.149779605766808e-05,0.43455135201920064,0.9006467705065624
2026-10-03T09:46:41.458 0.013585087049631147,-0.0010337311306530005,-2.124088034944343e-05,0.0007137345465611958,-6.045360161231736e-05,0.4331818816546951,0.9013062433681778
2026-10-03T09:46:41.510 0.013705248325576814,-0.0008835259129275484,-2.120737815708195e-05,0.0007123344912727664,-6.172594813572447e-05,0.4319196088146308,0.901911825119782
2026-10-03T09:46:41.580 0.013853541712939574,-0.0007054849719961823,-2.1784605809436572e-05,0.0007098967167215093,-6.028029138822636e-05,0.4309244244751386,0.9023877397237335
2026-10-03T09:46:41.624 0.013974179558936829,-0.0005584387944756944,-2.1945571883822596e-05,0.0007083857749221942,-6.0707477606730816e-05,0.4301445605954973,0.9027597418440316
2026-10-03T09:46:41.699 0.014074313568471265,-0.0004371420816651555,-2.219332389399778e-05,0.0007076521127372073,-6.027112232693741e-05,0.4296208463701763,0.9030090940627633
2026-10-03T09:46:41.745 0.014167294978858049,-0.00031930252831358227,-2.248937095791456e-05,0.0007068800549972431,-5.964610405131974e-05,0.42939262140762285,0.9031176409768663
2026-10-03T09:46:41.816 0.014245495136259393,-0.0002236956935210749,-2.2508723129481895e-05,0.0007059680574882083,-5.997143161333104e-05,0.4294241529011982,0.9031026491587861
2026-10-03T09:46:41.858 0.01426361457607123,-0.00019967479355392532,-2.2567178686287906e-05,0.0007064966967012717,-5.949767343088302e-05,0.4296370895056609,0.9030013669112298
2026-10-03T09:46:41.935 0.014236912356676627,-0.00023084835893328083,-2.2375942077737216e-05,0.0007069184791662633,-5.970903750482899e-05,0.4300185280725941,0.9028197839078264
2026-10-03T09:46:41.977 0.014168726240519762,-0.0003172759522908933,-2.1999895374854707e-05,0.0007094838370024266,-6.049565798608062e-05,0.4305529100508159,0.9025650583862276
2026-10-03T09:46:42.049 0.014069545796517714,-0.0004412548621256716,-2.1843057641515544e-05,0.0007106201907725437,-6.0726845906674644e-05,0.43120247882179363,0.902254904995886
2026-10-03T09:46:42.094 0.013988484593042218,-0.0005422261509790071,-2.187878558235859e-05,0.0007115249187222604,-5.9733363377160134e-05,0.43197614430725956,0.9018847492410819
2026-10-03T09:46:42.186 0.01390599334478649,-0.0006445683646203894,-2.1629129799958968e-05,0.0007127609568807131,-5.945509514521804e-05,0.4328226760065286,0.9014787959633092
2026-10-03T09:46:42.231 0.013812534985131747,-0.0007590700638764292,-2.1377032779632973e-05,0.0007148265268021426,-5.972530451974225e-05,0.43370303258788967,0.9010555837349838
2026-10-03T09:46:42.299 0.013725275118409375,-0.0008693993599923107,-2.1343353528639962e-05,0.000716005702991647,-5.956089388138886e-05,0.43461143377222916,0.9006177798726719
2026-10-03T09:46:42.348 0.013631816795072499,-0.0009849143382067178,-2.1076355200008576e-05,0.000717667916048003,-5.904024463131904e-05,0.4355338416207969,0.9001720692567852
2026-10-03T09:46:42.430 0.013543126041262916,-0.0011026942329838778,-2.133843579150768e-05,0.0007181436112755452,-5.9686200021204126e-05,0.43653761051719336,0.8996857202997335
2026-10-03T09:46:42.480 0.013443468545654112,-0.0012264347302676007,-2.1314954450207308e-05,0.0007190663044529463,-5.910667039115897e-05,0.4376808237342028,0.8991301218318742
2026-10-03T09:46:42.565 0.013339043566225995,-0.0013584603331184472,-2.079219474829567e-05,0.0007228520479322468,-6.015279855453226e-05,0.4389253324906237,0.8985232475370646
2026-10-03T09:46:42.611 0.013247969507340893,-0.001476717094969727,-2.0499163336420704e-05,0.0007247620287477404,-5.881576612388738e-05,0.4402661635550711,0.8978670149243744
2026-10-03T09:46:42.691 0.013129238781902187,-0.0016282932015119042,-2.0520025952196216e-05,0.0007270742964076075,-5.9690712677023935e-05,0.44162189540572133,0.8972009637189677
2026-10-03T09:46:42.744 0.013031965954568833,-0.001753166156974481,-2.0202291224655127e-05,0.000729382748832981,-5.8189006572173817e-05,0.4429811737096042,0.8965306154023447
2026-10-03T09:46:42.817 0.01291609653798076,-0.0019052786692662542,-2.0048863622299324e-05,0.0007314398801074992,-5.891160691629042e-05,0.444194927864809,0.8959298675590079
2026-10-03T09:46:42.864 0.012817393065009546,-0.0020343239678949155,-1.984807556264115e-05,0.0007325945247245719,-5.752966985237873e-05,0.44533733616172394,0.8953625617681248
2026-10-03T09:46:42.940 0.012718689088720293,-0.0021645613594791363,-1.9975112444497487e-05,0.0007343067614943023,-5.774623106449006e-05,0.44641456651180367,0.8948259564099776
2026-10-03T09:46:42.984 0.012624277792332727,-0.0022888978370580976,-1.933407624862999e-05,0.0007362408262107388,-5.656880319997526e-05,0.4474664051695715,0.8943004366509262
2026-10-03T09:46:43.060 0.012533202862623775,-0.0024109692962813235,-1.962218877296128e-05,0.0007375284873596296,-5.6797012293000844e-05,0.44849553502372314,0.8937847659753516
2026-10-03T09:46:43.124 0.012443082528189707,-0.0025314314179795397,-1.9315763717939215e-05,0.0007387592282300412,-5.61074204752322e-05,0.44951602226464116,0.8932719612828641
2026-10-03T09:46:43.183 0.012353438675412172,-0.0026517743244258013,-1.923360975100968e-05,0.0007402590709748043,-5.600902341350794e-05,0.4505292375378393,0.8927613650931979
2026-10-03T09:46:43.227 0.012261887566578556,-0.002773666975641587,-1.9103736382608628e-05,0.0007420294440284813,-5.572579181237862e-05,0.45154370428201357,0.892248692579719
2026-10-03T09:46:43.305 0.012176535267467618,-0.002892221688708462,-1.8998565793665e-05,0.0007432145971495432,-5.543209773711547e-05,0.4525558767075058,0.891735736088246
2026-10-03T09:46:43.348 0.012087845412859564,-0.0030140546992316057,-1.8724204589761442e-05,0.0007451205717764624,-5.566384776309272e-05,0.4535680783563345,0.891221319310199
2026-10-03T09:46:43.421 0.012002016101007618,-0.00313171534864948,-1.8722588214962024e-05,0.0007465594356583121,-5.5208619916686497e-05,0.45458078700328136,0.8907051968460129
2026-10-03T09:46:43.465 0.011916664202125483,-0.0032521178056605033,-1.8378999042701132e-05,0.0007486113944742125,-5.510155768863287e-05,0.4555895314590894,0.890189651349467
2026-10-03T09:46:43.541 0.011830835011373435,-0.0033681691296531665,-1.828797607572248e-05,0.0007497614128277271,-5.4810563983144276e-05,0.4566017038759092,0.8896709048132587
2026-10-03T09:46:43.595 0.011745005959592745,-0.0034896444763117583,-1.8152248793857693e-05,0.0007518319906375934,-5.486220981557598e-05,0.4576113125636229,0.8891520220708009
2026-10-03T09:46:43.673 0.011662037494983563,-0.003604861299289907,-1.8244563254616278e-05,0.0007530072093201038,-5.4709359013555295e-05,0.4586261671433607,0.8886289826459742
2026-10-03T09:46:43.729 0.011576685652227383,-0.00372597901203271,-1.7871171680228074e-05,0.0007547180496041423,-5.391789283057558e-05,0.45963780264902787,0.8881061411056111
2026-10-03T09:46:43.798 0.011495624428368852,-0.0038403017413365464,-1.802610657778459e-05,0.0007563859821524069,-5.399476076284381e-05,0.4606569185403111,0.8875779562189212
2026-10-03T09:46:43.846 0.011407888246134642,-0.003962075135208075,-1.7753253243773565e-05,0.0007577012682476354,-5.3888041488189704e-05,0.46167674995463204,0.8870479138897713
2026-10-03T09:46:43.928 0.01133016501732167,-0.00407621900853724,-1.7824058825670345e-05,0.0007592585893599459,-5.3860657007976096e-05,0.46270158794351335,0.8865137681615415
2026-10-03T09:46:43.974 0.011217633993320883,-0.0042372721754714475,-1.7407686705201794e-05,0.0007614563505496213,-5.4435324554872855e-05,0.46362354810654266,0.886031953634925
2026-10-03T09:46:44.069 0.011145632801280694,-0.004340031489591948,-1.739813445465588e-05,0.0007619511286505096,-5.354486240081053e-05,0.4644281484133198,0.8856104739245132
2026-10-03T09:46:44.112 0.01107410853704213,-0.004442552379119008,-1.7329731602905966e-05,0.0007631055645771719,-5.35576892438343e-05,0.4650331328353353,0.8852929459601633
2026-10-03T09:46:44.194 0.011010213532927589,-0.004537026545550008,-1.7288294091019073e-05,0.0007637536760817677,-5.277564578120821e-05,0.46538560333383333,0.8851077076292228
2026-10-03T09:46:44.235 0.0109639613855192,-0.0046051552368384175,-1.7125744875269358e-05,0.0007638287001987314,-5.3053606314343386e-05,0.46547936109970517,0.8850584038023942
2026-10-03T09:46:44.319 0.010940119593191262,-0.004637938091677131,-1.7326461290690914e-05,0.0007632536290875015,-5.271633268527783e-05,0.46532436014019335,0.8851399067520375
2026-10-03T09:46:44.363 0.010943457909372444,-0.004635196235936313,-1.7018815255726516e-05,0.0007626911954609786,-5.3053108739445544e-05,0.46494178931822266,0.8853409219239092
2026-10-03T09:46:44.446 0.010986849245716739,-0.004576127486662642,-1.711723483888789e-05,0.0007619011467299741,-5.341697035015262e-05,0.4643568019062407,0.8856478855485843
2026-10-03T09:46:44.487 0.011059326385623758,-0.004470149515819525,-1.766398267841861e-05,0.000760151985395028,-5.3003602790501996e-05,0.4635651069576186,0.8860625322012825
2026-10-03T09:46:44.562 0.011173289090730065,-0.004312314981561438,-1.7367361219371012e-05,0.000758226756901576,-5.3548056726901256e-05,0.4625659289909493,0.8865845608635032
2026-10-03T09:46:44.604 0.011263408884759631,-0.00418261413997298,-1.7942008351753542e-05,0.000756839203316267,-5.377603364393356e-05,0.4613439788901472,0.8872210307721329
2026-10-03T09:46:44.685 0.01138643156435398,-0.00401053398151961,-1.749580132588788e-05,0.0007562400229565388,-5.421908030629113e-05,0.46003649573967514,0.8878996833814499
2026-10-03T09:46:44.739 0.01148561154477522,-0.0038721903523279083,-1.7831455119613982e-05,0.0007537443815890533,-5.540373184180206e-05,0.458617464308061,0.8886334735038277
2026-10-03T09:46:44.818 0.01162293827028528,-0.003680261667156199,-1.7914508089714854e-05,0.0007513242312044081,-5.4782556956290825e-05,0.4571994758767803,0.8893638579168643
2026-10-03T09:46:44.862 0.01172879384641504,-0.003536434326603155,-1.8290520086511146e-05,0.0007490453815217729,-5.6429513666772005e-05,0.4557078757939562,0.8901290736101628
2026-10-03T09:46:44.945 0.011863259691227049,-0.0033517774441085314,-1.8339246001637472e-05,0.0007469274280428676,-5.545528469437073e-05,0.45423081905504087,0.8908837197102187
2026-10-03T09:46:45.005 0.01198628116010082,-0.0031845848666739894,-1.8697699875013962e-05,0.0007440997014622326,-5.720485599267278e-05,0.4527352258669869,0.8916446928583196
2026-10-03T09:46:45.074 0.012119793856730263,-0.003006067274545644,-1.8461795217029336e-05,0.0007432171899487846,-5.6810020553925654e-05,0.4512395715166084,0.8924025400559648
2026-10-03T09:46:45.120 0.01223566248081907,-0.002852762669448677,-1.9106960719119364e-05,0.0007399909676938585,-5.779691747255472e-05,0.44972755757112876,0.893165479087717
2026-10-03T09:46:45.211 0.012379188120660084,-0.002663933347760555,-1.9199814273190596e-05,0.000737481077093173,-5.72896749967781e-05,0.4482463883549677,0.8939097427404411
2026-10-03T09:46:45.263 0.012498872078016393,-0.0025053834858143748,-1.94039777967429e-05,0.0007357153308146894,-5.879070207557146e-05,0.4467390223641403,0.8946640157979628
2026-10-03T09:46:45.344 0.012645258542290299,-0.0023141699423340316,-1.9605663319191047e-05,0.0007336223895314526,-5.8027082928973644e-05,0.4452666146374657,0.8953977330328338
2026-10-03T09:46:45.398 0.012766373016087039,-0.002156156504180521,-1.9812088545215023e-05,0.0007310415750126413,-5.951230066680912e-05,0.4437703654866296,0.8961402372131076
2026-10-03T09:46:45.476 0.012914666834864403,-0.0019655985877789664,-2.0016789680707987e-05,0.0007286519585303624,-5.9074604670032846e-05,0.44231205441536997,0.8968609212667086
2026-10-03T09:46:45.525 0.013037688660616721,-0.0018099097067605574,-2.024113138936597e-05,0.0007267403928603674,-6.0620919407233315e-05,0.4408290666934432,0.8975907765411214
2026-10-03T09:46:45.610 0.013186459064751103,-0.001621855179468756,-2.0625399756280012e-05,0.0007239468760858509,-5.9976075794597184e-05,0.43939426987139707,0.8982940208572986
2026-10-03T09:46:45.658 0.013309957734116107,-0.0014648549902592366,-2.0835594466924955e-05,0.000721995008915971,-6.139836110987728e-05,0.43792525939440496,0.8990110912206765
2026-10-03T09:46:45.746 0.013463496891936272,-0.0012739393799350114,-2.0959182036292497e-05,0.0007200154027475078,-6.078799239076029e-05,0.43650160793079584,0.8997031866990745
2026-10-03T09:46:45.798 0.013588425960236678,-0.0011156278705412067,-2.123124332190847e-05,0.0007177343969193891,-6.247907143090082e-05,0.4350439225288577,0.900408943994009
2026-10-03T09:46:45.879 0.013742441803501322,-0.0009239373938479444,-2.1444991803496844e-05,0.0007156311837574503,-6.160243168860363e-05,0.4336985020112324,0.9010577636480152
2026-10-03T09:46:45.932 0.013867371414596761,-0.0007694405816620494,-2.140412847122954e-05,0.0007135366149906514,-6.360420015254492e-05,0.43245971389236226,0.9016529724235045
2026-10-03T09:46:46.035 0.014010896403475897,-0.0005925321890210146,-2.2003618922768348e-05,0.0007111211031684963,-6.11862150622633e-05,0.43148503348227196,0.9021198126877751
2026-10-03T09:46:46.091 0.01412962717785082,-0.0004485854770149505,-2.2012557344225275e-05,0.0007101516817266383,-6.174030721436782e-05,0.4307213219935379,0.9024847005090239
2026-10-03T09:46:46.170 0.01422928409645886,-0.0003257986541159063,-2.240856709374163e-05,0.0007092781392463044,-6.140683180870003e-05,0.43021474417071276,0.9027262968651408
2026-10-03T09:46:46.226 0.01432560358337491,-0.00020676696581762576,-2.256088043746328e-05,0.0007084234487536007,-6.0829228515908503e-05,0.43000225485860816,0.9028275335037887
2026-10-03T09:46:46.300 0.014400942266252978,-0.00011056412064988919,-2.285883083488829e-05,0.000707978637136768,-6.082390087002572e-05,0.4300479122455218,0.9028057865565386
2026-10-03T09:46:46.361 0.014420015745351372,-8.755648759598758e-05,-2.2695276947577957e-05,0.0007086134944819647,-6.069166881329657e-05,0.4302668688178469,0.9027014544029064
2026-10-03T09:46:46.429 0.014394743859167785,-0.00011968370930327902,-2.262551111379948e-05,0.0007087436314527866,-6.067633118818419e-05,0.4306421385491355,0.9025224886431777
2026-10-03T09:46:46.481 0.01432274291786067,-0.0002086743504325444,-2.234774054910325e-05,0.0007108528765417411,-6.142965257171723e-05,0.431162513831321,0.9022740036049147
2026-10-03T09:46:46.551 0.014251218582765662,-0.00029808221809912174,-2.2219735271915505e-05,0.0007116097303107829,-6.055713149548816e-05,0.4318486502496119,0.9019458039272725
2026-10-03T09:46:46.611 0.01416491268449155,-0.0004056696885104332,-2.1978948333577003e-05,0.0007132474783491992,-6.061966241886904e-05,0.4326173381770253,0.9015773545913387
2026-10-03T09:46:46.679 0.014058102891377329,-0.0005381125539656012,-2.185474976240271e-05,0.0007144298945011943,-6.093220985612238e-05,0.4334233686679204,0.901190140519604
2026-10-03T09:46:46.736 0.013969889512700652,-0.0006481438388453359,-2.171525470203555e-05,0.0007158387100030156,-6.065666354366248e-05,0.43429699045736436,0.9007694532872362
2026-10-03T09:46:46.815 0.013876430787494886,-0.0007672947004426987,-2.1731377487494994e-05,0.0007174389818116034,-6.140194427691735e-05,0.435194811508674,0.9003360247968746
2026-10-03T09:46:46.869 0.013780588370492793,-0.0008861475687759058,-2.143080667741114e-05,0.0007186366734349941,-6.0205577076824576e-05,0.4361771818282037,0.8998605147404937
2026-10-03T09:46:46.941 0.013681407726908913,-0.0010129875015870155,-2.1422979901789613e-05,0.0007207132770795641,-6.028015714081426e-05,0.43730072465789205,0.8993150466618233
2026-10-03T09:46:47.005 0.013589856746818832,-0.0011282640372086517,-2.1158997332441784e-05,0.000722495618769718,-5.963902992149578e-05,0.4385555167749207,0.898703807241045
2026-10-03T09:46:47.079 0.013472556741905046,-0.0012778731724357915,-2.103311063447584e-05,0.0007245671155869779,-6.069859138221356e-05,0.4398561146924513,0.8980679649591322
2026-10-03T09:46:47.134 0.013376714507696619,-0.0014037593888410011,-2.067293410370796e-05,0.000727212475978686,-5.910850328223012e-05,0.4412382510685603,0.8973896998863747
2026-10-03T09:46:47.217 0.0132546461437762,-0.001559507862521942,-2.0584210528557442e-05,0.000729400324541598,-5.981924886683813e-05,0.44261874866676565,0.8967096005538753
2026-10-03T09:46:47.299 0.01315689646502917,-0.0016869438237185471,-2.0295523736863318e-05,0.0007313677435146611,-5.8591822546120316e-05,0.4439885772209591,0.8960321450514656
2026-10-03T09:46:47.370 0.013039119263255326,-0.0018416193598038266,-2.0437102846366424e-05,0.0007326791997903386,-5.8481029735939424e-05,0.44520197432802683,0.8954298754316757
2026-10-03T09:46:47.437 0.012939462284490713,-0.001974598576980526,-2.0160300570273738e-05,0.0007341884857083036,-5.798360393629778e-05,0.44633874971156023,0.8948637762872572
2026-10-03T09:46:47.513 0.012837420870802462,-0.0021062665220167205,-2.0028740283987924e-05,0.0007363809589313714,-5.8497670026769194e-05,0.44740861851978725,0.8943293478329567
2026-10-03T09:46:47.593 0.012742055280170996,-0.002231795104571756,-1.978852688233245e-05,0.0007376818377089484,-5.7259591031320024e-05,0.44845130838198244,0.8938069570983064
2026-10-03T09:46:47.653 0.012650026984075743,-0.00235577392440168,-1.9896317523726578e-05,0.0007395278312687787,-5.7476008044031604e-05,0.4494693215512895,0.8932954599567374
2026-10-03T09:46:47.716 0.012558953479242336,-0.002478739453132429,-1.9290361347729604e-05,0.0007402688545007252,-5.710843154750934e-05,0.4504816433576606,0.8927853816782797
2026-10-03T09:46:47.790 0.012469785916637043,-0.0025987247257695262,-1.955168764843485e-05,0.0007419177072273823,-5.778916027374787e-05,0.4514835336544968,0.8922791407723132
2026-10-03T09:46:47.847 0.012382049714140841,-0.002718888794232246,-1.927883457765355e-05,0.0007439872709423627,-5.628635484513523e-05,0.45247827107289096,0.8917751160027255
2026-10-03T09:46:47.929 0.012294313240020175,-0.002836191839773314,-1.9154993400517794e-05,0.0007457788294222315,-5.65876839804416e-05,0.4534724424599482,0.8912699840907807
2026-10-03T09:46:47.976 0.012207530851556252,-0.002954448547577391,-1.8779340503878637e-05,0.0007464688652912161,-5.640217527913168e-05,0.45446488617930353,0.8907643385503602
2026-10-03T09:46:48.079 0.012123131790227273,-0.0030721091790150727,-1.894389848754388e-05,0.0007485976470020802,-5.6409665343202274e-05,0.45546108383419415,0.8902553777046751
2026-10-03T09:46:48.142 0.012034441925863447,-0.0031931673291561973,-1.8669537410380564e-05,0.0007501015328924472,-5.557575433299992e-05,0.4564616032983142,0.8897427937181387
2026-10-03T09:46:48.217 0.011951473856683855,-0.003311722012200494,-1.8538334186658816e-05,0.0007519459202352896,-5.56943332958436e-05,0.4574656391481361,0.8892269791646347
2026-10-03T09:46:48.263 0.011863260848393719,-0.003434329877102234,-1.8264726786086663e-05,0.0007535000102230032,-5.497738566104273e-05,0.458474205158064,0.888707394151699
2026-10-03T09:46:48.350 0.01178076941183097,-0.0035497851126341717,-1.8238585997374618e-05,0.0007548176337670722,-5.5566961250438374e-05,0.45948369521519616,0.8881858820055863
2026-10-03T09:46:48.400 0.011696370724919152,-0.003669114674084423,-1.817962656953851e-05,0.0007563973217614906,-5.472151277705653e-05,0.46048603251962145,0.8876666258922805
2026-10-03T09:46:48.487 0.011614356307100965,-0.003785940810423526,-1.8049931488688262e-05,0.0007580025276588494,-5.4887501255111635e-05,0.46149850255451413,0.8871406622173686
2026-10-03T09:46:48.533 0.011529957750748266,-0.00390628365082121,-1.7916466182274122e-05,0.0007593519925684331,-5.422042670217133e-05,0.46251046614429525,0.8866134947944811
2026-10-03T09:46:48.614 0.011446989419699983,-0.004022752171325873,-1.7934274725457676e-05,0.0007610338064396261,-5.450761446839969e-05,0.46352871773344995,0.8860815683066933
2026-10-03T09:46:48.675 0.011364498307589337,-0.004143393010922785,-1.7744220520311218e-05,0.0007625815360174326,-5.412806939495099e-05,0.4644772917977257,0.8855847000393601
2026-10-03T09:46:48.750 0.011292020620995866,-0.004250861097950782,-1.7555099858685076e-05,0.0007638425546216345,-5.3826306541610423e-05,0.4652830537796616,0.8851616199953277
2026-10-03T09:46:48.815 0.011196655046141877,-0.004386999307288666,-1.7389390434504052e-05,0.0007650683050011728,-5.406514177068292e-05,0.4658522456588806,0.8848621909438933
2026-10-03T09:46:48.882 0.011138005134349524,-0.00447461887353613,-1.7371148417137e-05,0.0007652738431319719,-5.327177557079689e-05,0.4662031965907594,0.8846773372290152
2026-10-03T09:46:48.930 0.011112256386857288,-0.004514137077212077,-1.7375133157220787e-05,0.0007653085276700782,-5.324543318188449e-05,0.4663297070416533,0.8846106577462354
2026-10-03T09:46:49.012 0.011108918523278647,-0.004519143909404969,-1.7414558255486858e-05,0.0007648714580618088,-5.310788050716605e-05,0.4662124356010326,0.8846724687940496
2026-10-03T09:46:49.069 0.011138005199934709,-0.004477956733640554,-1.735624672861089e-05,0.0007641984736797111,-5.3212661391361205e-05,0.4658763563528964,0.8848494978020017
2026-10-03T09:46:49.141 0.01119284016563426,-0.004398264633215973,-1.7591973147277078e-05,0.000763153468373204,-5.2992813185504526e-05,0.4653303802704807,0.885136741970344
2026-10-03T09:46:49.184 0.011281053087326777,-0.004270649978156232,-1.7880482509354318e-05,0.000762612283833008,-5.398668260599232e-05,0.4645852950668426,0.8855280453580211
2026-10-03T09:46:49.260 0.011390247221680165,-0.004117107038385927,-1.774023361589413e-05,0.0007591967197208413,-5.268373748026021e-05,0.4636093044251271,0.8860394086581107
2026-10-03T09:46:49.303 0.011488950159796533,-0.0039773925083897935,-1.819434284432659e-05,0.0007588277270193129,-5.434896568055437e-05,0.462413221869727,0.8866642168638189
2026-10-03T09:46:49.377 0.011598621670644516,-0.003821823004628249,-1.7697220790776704e-05,0.0007582203708174186,-5.416259708319087e-05,0.46110132800759945,0.8873471628837896
2026-10-03T09:46:49.418 0.011711629259897683,-0.0036654189940210063,-1.832296207682969e-05,0.0007552672398849171,-5.570494711734833e-05,0.4597100726339089,0.8880687335940172
2026-10-03T09:46:49.502 0.011832743894095808,-0.00349768999873707,-1.8350575181163364e-05,0.0007529607605613559,-5.5165727459080704e-05,0.45827500744603117,0.8888101302062077
2026-10-03T09:46:49.549 0.011944798426405893,-0.0033471868599060867,-1.8632081362829757e-05,0.000750660974068618,-5.6214613742747245e-05,0.45679032151266286,0.8895740753418893
2026-10-03T09:46:49.639 0.012082125302440516,-0.0031597285230812416,-1.8655529031464313e-05,0.0007487926326387031,-5.586498458910196e-05,0.4553191058289441,0.890328000264974
2026-10-03T09:46:49.688 0.012194656472620557,-0.003006543169251294,-1.9042097579895666e-05,0.0007459845377992475,-5.7467141822625235e-05,0.45382187351685427,0.8910921093367673
2026-10-03T09:46:49.772 0.01233198364263562,-0.002819978902065201,-1.888673139147358e-05,0.0007450503902874012,-5.6716721975591227e-05,0.4523475576230627,0.8918414258126718
2026-10-03T09:46:49.823 0.012448329310372841,-0.0026644093144361876,-1.9383639768425124e-05,0.0007417198298995221,-5.823759087172866e-05,0.45084525930419156,0.8926018141495194
2026-10-03T09:46:49.902 0.012589470727786949,-0.0024761760692183507,-1.9502525859781986e-05,0.0007398616125358253,-5.72737552399261e-05,0.4493732388742896,0.8933437980464979
2026-10-03T09:46:49.952 0.012709631724446358,-0.0023187586894975196,-1.9588233987624923e-05,0.000737550809141228,-5.8643919736913136e-05,0.44786405539281243,0.8941013591684102
2026-10-03T09:46:50.044 0.012857448240551045,-0.0021248629190414405,-2.0060402305231057e-05,0.0007349133326238561,-5.822044654373477e-05,0.4464033603907881,0.894831546350812
2026-10-03T09:46:50.090 0.012977609220700686,-0.001966134237135655,-2.0146110647557475e-05,0.0007328508411495421,-5.98747210442041e-05,0.4449065148003436,0.8955767149903319
2026-10-03T09:46:50.170 0.013125902941327221,-0.0017715232048951628,-2.0380614731135697e-05,0.0007305754408560403,-5.884994474464433e-05,0.44345413429876473,0.8962967664616125
2026-10-03T09:46:50.216 0.013251309011111972,-0.0016132116894787985,-2.05491219488462e-05,0.0007284217942003978,-6.0692671535979996e-05,0.441959225887311,0.8970348423395705
2026-10-03T09:46:50.303 0.013403894331775287,-0.0014167528592086813,-2.0730807135023266e-05,0.0007260711543580404,-5.9981746752875404e-05,0.44051945175523244,0.8977427704237658
2026-10-03T09:46:50.354 0.013527869571331081,-0.0012573088735874818,-2.1090767601140646e-05,0.000724102174294214,-6.183028151887596e-05,0.4390399211154285,0.8984672612399496
2026-10-03T09:46:50.432 0.01368236225220486,-0.0010638302515449437,-2.129036916270997e-05,0.0007215125509522944,-6.0840875809831e-05,0.4376827887483225,0.8991291632193441
2026-10-03T09:46:50.477 0.013803000003646159,-0.000909273888783352,-2.1451336465501384e-05,0.0007200011942683836,-6.18926867700993e-05,0.4364316322809842,0.899737132784977
2026-10-03T09:46:50.561 0.013946525187307914,-0.0007309945892879865,-2.1916716858159498e-05,0.0007173349892762955,-6.0450450052295946e-05,0.43544538883300266,0.9002148605307132
2026-10-03T09:46:50.605 0.014066209273740611,-0.0005826967262423607,-2.2120878704840947e-05,0.0007161509673755287,-6.0720153748337346e-05,0.43467193220704237,0.9005885824238786
2026-10-03T09:46:50.676 0.01416252877730563,-0.0004593735035123903,-2.2228489322804055e-05,0.0007154030516981179,-6.052025439733672e-05,0.43415602620057836,0.9008374045572792
2026-10-03T09:46:50.730 0.014259325208829625,-0.0003395669488149993,-2.2307051010496793e-05,0.0007149565584051171,-5.985493978177361e-05,0.4339340296579644,0.9009443618555514
2026-10-03T09:46:50.793 0.014334664027066027,-0.00024288726647269374,-2.2515594630506835e-05,0.0007146913241687661,-6.003170111689263e-05,0.4339654414300313,0.9009292321025798
2026-10-03T09:46:50.838 0.01435469081312644,-0.00021886634249185577,-2.25770659075994e-05,0.0007147776131739168,-5.9657208253369466e-05,0.43417811015573715,0.900826761478351
2026-10-03T09:46:50.911 0.014327034649733525,-0.00024723850160117357,-2.2533333322801736e-05,0.0007149991076395217,-5.985076041473333e-05,0.43455519773892887,0.9006449163306497
2026-10-03T09:46:50.968 0.014260755712355152,-0.00033533500102054793,-2.227951120777208e-05,0.0007166346211973746,-6.052978518685804e-05,0.43507867281119006,0.9003921541394162
2026-10-03T09:46:51.027 0.014192092194642491,-0.0004236699490825923,-2.2275238827045918e-05,0.0007174529122936543,-5.9548513253319145e-05,0.4357761340093189,0.9000547998556451
2026-10-03T09:46:51.069 0.014106263560768412,-0.000531555436665124,-2.176698520380596e-05,0.0007197902664257183,-6.0184461778401506e-05,0.4365546858993662,0.899677433583342
2026-10-03T09:46:51.144 0.013998976317180323,-0.0006676341915312751,-2.2059264099764278e-05,0.0007205770879940739,-6.101197062602605e-05,0.43736545523191295,0.899283567967291
2026-10-03T09:46:51.184 0.013915054861630836,-0.0007752812365401734,-2.1658334233784978e-05,0.0007223453402936184,-5.9394588445024886e-05,0.43824321921874193,0.898856137264627
2026-10-03T09:46:51.257 0.013823503854385572,-0.00089401484156671,-2.1439054526685175e-05,0.0007237485500634937,-6.0268925753137105e-05,0.4391466432163352,0.898415103561554
2026-10-03T09:46:51.298 0.013733383318850632,-0.001007860847709052,-2.120713626667056e-05,0.0007253298202469378,-5.948753371064683e-05,0.4400608852789667,0.8979676428498843
2026-10-03T09:46:51.380 0.013640401292597344,-0.0011273097265432498,-2.131341978886435e-05,0.0007264301651550646,-6.0034927620790045e-05,0.44099736018532737,0.8975081041442441
2026-10-03T09:46:51.425 0.013546465924111163,-0.0012449704780001626,-2.1194678604869946e-05,0.0007277183723769361,-5.9087732688793804e-05,0.44194006360341587,0.8970442838103474
2026-10-03T09:46:51.508 0.013453007533706367,-0.0013663863160632693,-2.101708616647185e-05,0.0007291261730799662,-5.95517033388594e-05,0.4428937639455309,0.8965737999109603
2026-10-03T09:46:51.559 0.013362886846164122,-0.0014850006938118701,-2.091927740963074e-05,0.0007303856255217281,-5.85410121697501e-05,0.4438472557811808,0.8961021574827855
2026-10-03T09:46:51.629 0.013272289471379966,-0.001606118472630591,-2.074620860040873e-05,0.0007322206355629329,-5.9123496688387166e-05,0.44480781028453525,0.8956257434147535
2026-10-03T09:46:51.673 0.01317930790882853,-0.0017249713049624028,-2.055446936873183e-05,0.0007330252179004927,-5.799288980081701e-05,0.44576818678083724,0.895148134648662
2026-10-03T09:46:51.754 0.013087280176226046,-0.0018469235668017762,-2.028973177739646e-05,0.0007354290301670971,-5.832543359764748e-05,0.44674045309786176,0.8946633016438098
2026-10-03T09:46:51.806 0.012995728961894508,-0.0019679221483569374,-2.021946312550678e-05,0.0007365533779783954,-5.7941052595639656e-05,0.4477050016384207,0.8941810139115556
2026-10-03T09:46:51.901 0.012906562148716622,-0.0020875497930379237,-2.0003952922526438e-05,0.0007384884164751684,-5.824686677025996e-05,0.4486765828580047,0.8936938934764103
2026-10-03T09:46:51.951 0.01281596449075479,-0.0022067602232540566,-1.999479699353015e-05,0.0007397725027109177,-5.738372453260472e-05,0.44964527376676283,0.8932069061661835
2026-10-03T09:46:52.028 0.01272679785480276,-0.002325493798241612,-1.966007779624327e-05,0.0007416677745001007,-5.763248232636813e-05,0.4506221597993261,0.8927144648235514
2026-10-03T09:46:52.076 0.012637630490732304,-0.00244440618724823,-1.9787293989321577e-05,0.0007420246910849845,-5.703205120040887e-05,0.45159663305835246,0.8922219046610897
2026-10-03T09:46:52.163 0.012548464153263375,-0.0025643914597431616,-1.9273760876482564e-05,0.0007449847019706598,-5.745291286130229e-05,0.4525801641310493,0.8917234082001375
2026-10-03T09:46:52.225 0.012460726896556563,-0.002685032365487075,-1.9671459143274418e-05,0.0007450864850265053,-5.672141472371888e-05,0.4535609556489161,0.8912249441861763
2026-10-03T09:46:52.308 0.01237156077713402,-0.002805494475115566,-1.9023815669327986e-05,0.000748301076220277,-5.7035417005369165e-05,0.4545534867784379,0.8907191276996498
2026-10-03T09:46:52.360 0.012286208139627245,-0.0029252412811188633,-1.9142162023921756e-05,0.0007485956587826954,-5.6127458966087134e-05,0.45553943391342044,0.8902152889071769
2026-10-03T09:46:52.440 0.012201332794129579,-0.0030437363835238763,-1.8963239661958222e-05,0.0007508301052342957,-5.6524213685044766e-05,0.4565308631175901,0.8897072575180415
2026-10-03T09:46:52.490 0.012113119523220308,-0.0031641984812412114,-1.8838644038040626e-05,0.0007523248255767552,-5.550133152170964e-05,0.4575189550473072,0.8891995483013805
2026-10-03T09:46:52.570 0.012027290796030914,-0.0032852565953481335,-1.8494300828466354e-05,0.0007527576022313477,-5.665189576887848e-05,0.4585234092349593,0.8886820091180563
2026-10-03T09:46:52.644 0.011940031375629136,-0.0034085797039912122,-1.8281805741319128e-05,0.000755696835877207,-5.513522171112682e-05,0.4595177286720604,0.8881682739878014
2026-10-03T09:46:52.721 0.011853725098314161,-0.003529101382380639,-1.838374296646122e-05,0.0007567895006296992,-5.526901030489428e-05,0.46052763612881187,0.8876450419940378
2026-10-03T09:46:52.796 0.01176932646347953,-0.003650695920329442,-1.8309882025585484e-05,0.0007580131764181537,-5.5305334078580656e-05,0.46152827497799925,0.8871251736667023
2026-10-03T09:46:52.856 0.011686835232066421,-0.003771217550650483,-1.8194333552778312e-05,0.0007598940750107273,-5.518506303104028e-05,0.4625391652670097,0.886598522505932
2026-10-03T09:46:52.923 0.01160100599855721,-0.0038932293391338822,-1.8177815323715547e-05,0.0007616085391709519,-5.4220382905385255e-05,0.463541591843963,0.8860748329815875
2026-10-03T09:46:52.997 0.011518992229328524,-0.004012916498350895,-1.766069006812922e-05,0.0007625555723903465,-5.528733780116436e-05,0.4645589499375717,0.8855418665908519
2026-10-03T09:46:53.046 0.011432685893793608,-0.00413629919970025,-1.782223139557999e-05,0.0007640672889469561,-5.403678765703933e-05,0.46550251724623565,0.8850462246225457
2026-10-03T09:46:53.126 0.011356870313307184,-0.004248237677120938,-1.7687437062531327e-05,0.0007654501920224664,-5.4179556792637764e-05,0.46631137855656596,0.8846203193343765
2026-10-03T09:46:53.181 0.011264365791438689,-0.004383302966826949,-1.7496449109130307e-05,0.0007666713334669395,-5.3428110885449556e-05,0.4668747291964223,0.884323129064411
2026-10-03T09:46:53.251 0.011205715956923929,-0.0044677038822431275,-1.740370190538191e-05,0.000766357104733908,-5.378869328717953e-05,0.4672300316619951,0.8841354575610547
2026-10-03T09:46:53.299 0.011180920665260038,-0.00450680484142344,-1.754330485696715e-05,0.0007671204882157343,-5.326725016451018e-05,0.467362114553068,0.8840656438122916
2026-10-03T09:46:53.364 0.011172814311819093,-0.004518785477113326,-1.7709299796968113e-05,0.0007671427024795347,-5.3616075130525854e-05,0.4672375114012925,0.8841315041083637
2026-10-03T09:46:53.416 0.011202854946871097,-0.004475929359252949,-1.7458781549828335e-05,0.0007665984843021357,-5.352786599283729e-05,0.4668968425106492,0.8843114541354293
2026-10-03T09:46:53.501 0.011260550853600773,-0.00439188608374231,-1.77139334031877e-05,0.0007650116270149912,-5.350754530045398e-05,0.4663458302843377,0.8846021583008742
2026-10-03T09:46:53.545 0.011359731469993164,-0.004249787361850772,-1.761745467663989e-05,0.0007650751413253867,-5.3648245340925234e-05,0.46560783754090074,0.8849908210836879
2026-10-03T09:46:53.623 0.011469878379019754,-0.00409225089897241,-1.801515542897639e-05,0.0007624456779361341,-5.335552182398662e-05,0.464626452082643,0.8855064516167411
2026-10-03T09:46:53.673 0.011571443144452876,-0.0039474699380490814,-1.7922446791502987e-05,0.000761081733367255,-5.405265220532778e-05,0.46342703247457134,0.8861347546534435
2026-10-03T09:46:53.744 0.01168063661011212,-0.0037932117426180793,-1.8199430006942237e-05,0.0007594426535685007,-5.407469984333754e-05,0.46212279861422795,0.8868156174333741
2026-10-03T09:46:53.790 0.011794598656122712,-0.0036316817204552934,-1.829023885912021e-05,0.0007569282250835442,-5.5454768721104975e-05,0.4607304998283036,0.8875397627782049
2026-10-03T09:46:53.888 0.011918573629288994,-0.0034604360151831723,-1.8724706968429703e-05,0.0007544646629465036,-5.552834347328694e-05,0.459305239713033,0.8882781796666114
2026-10-03T09:46:53.931 0.012027767831775447,-0.0033085620054609773,-1.8554655516854226e-05,0.0007531950779722154,-5.659428097629429e-05,0.45782445707173947,0.8890422914581898
2026-10-03T09:46:54.020 0.012163663543391389,-0.0031233686632269678,-1.9007974159279003e-05,0.000750191732702582,-5.631314686869596e-05,0.45636277901426403,0.8897934861368517
2026-10-03T09:46:54.068 0.01227953318792082,-0.002966905011834129,-1.8982588762512087e-05,0.00074878608988673,-5.762917010032444e-05,0.45486047922726663,0.8905623955879856
2026-10-03T09:46:54.140 0.012421627770777708,-0.002773903383079739,-1.9386105202747176e-05,0.0007458786976925114,-5.682125279201862e-05,0.4533848536086528,0.8913145432194933
2026-10-03T09:46:54.187 0.012538450705759383,-0.002615115138575009,-1.9585745184866636e-05,0.0007438696581709923,-5.8313116098069725e-05,0.4518858325049,0.8920754663361534
2026-10-03T09:46:54.272 0.012681499389281894,-0.002424259264979042,-1.9737449710613333e-05,0.0007416718524572362,-5.780868776754025e-05,0.45041577930469984,0.8928186111043827
2026-10-03T09:46:54.316 0.012800229721384991,-0.002265769019679009,-1.991030307913679e-05,0.0007389715918806629,-5.893689663831053e-05,0.4489201263607793,0.8935715811257935
2026-10-03T09:46:54.400 0.012946616106723069,-0.0020738998251143897,-2.0156692136531155e-05,0.0007371013192454409,-5.8565973961722876e-05,0.4474625600007958,0.8943023597470858
2026-10-03T09:46:54.444 0.013069161001060736,-0.0019125485088489237,-2.039518198386432e-05,0.0007348551768798165,-6.031054325383014e-05,0.44596833716643375,0.8950484336590471
2026-10-03T09:46:54.520 0.01321793167725533,-0.0017199044238715058,-2.0570835105516326e-05,0.0007323715333119056,-5.951785961688599e-05,0.4445300234996342,0.895763650912994
2026-10-03T09:46:54.571 0.013339046220232124,-0.001561771776420252,-2.0732556923334324e-05,0.0007303858316565457,-6.119784805547426e-05,0.44305213204791377,0.8964955499494452
2026-10-03T09:46:54.655 0.01348686310370342,-0.0013708562381644315,-2.0996108757523776e-05,0.0007280054048773677,-6.04154031031657e-05,0.4416268418414233,0.8971985281548783
2026-10-03T09:46:54.728 0.013607023871967579,-0.0012158826489092709,-2.124572905389725e-05,0.000726155363581258,-6.23700463101501e-05,0.4401691561635783,0.8979145743168493
2026-10-03T09:46:54.794 0.013758655285561699,-0.0010232981325888984,-2.160471945704775e-05,0.0007226332594399669,-6.157511018171016e-05,0.4387626720373763,0.8986026884203607
2026-10-03T09:46:54.852 0.01388120069358443,-0.0008671920250113061,-2.1560086737651973e-05,0.0007226134464719717,-6.324636429750354e-05,0.43737510954815806,0.8992788707500255
2026-10-03T09:46:54.923 0.014035216663202081,-0.0006743094554062268,-2.1684428558816372e-05,0.0007199116437217101,-6.160842080883297e-05,0.4361908600488996,0.8998538834396554
2026-10-03T09:46:54.970 0.014161099005148415,-0.0005142097947062012,-2.219641627814364e-05,0.000718237684538998,-6.197252638950629e-05,0.43520071172102504,0.900333172115494
2026-10-03T09:46:55.054 0.014285551808495132,-0.00036013022103438904,-2.2139897804991795e-05,0.000715861478712032,-6.14955621873732e-05,0.43444609105230264,0.9006975506406208
2026-10-03T09:46:55.096 0.014389023103699652,-0.0002309656531448465,-2.2690951463932515e-05,0.0007154783582548111,-6.14523102014845e-05,0.4339532218890123,0.9009351172678741
2026-10-03T09:46:55.177 0.014459594176701942,-0.0001423922624654256,-2.2564129320828795e-05,0.0007155744538354948,-6.132122155788397e-05,0.43369927691433285,0.9010573907342937
2026-10-03T09:46:55.224 0.014505846499853453,-8.260822143670746e-05,-2.2681973743979158e-05,0.0007134481669821912,-6.047365326925123e-05,0.4336735294586353,0.9010697848566117
2026-10-03T09:46:55.312 0.014510614327775614,-7.545560408195166e-05,-2.2972635923400462e-05,0.0007142615274348863,-6.079851931575734e-05,0.4338397359158672,0.9009897722363229
2026-10-03T09:46:55.378 0.01447199123457301,-0.00012105364359776403,-2.2851955559149458e-05,0.0007148294068952823,-6.126349633980878e-05,0.43417769288355224,0.9008269624450741
2026-10-03T09:46:55.457 0.014417156221595478,-0.00019699065140179247,-2.2616229754685964e-05,0.0007160579623173319,-6.090387209661848e-05,0.43470274779793056,0.900573708592829
2026-10-03T09:46:55.514 0.014315114642373781,-0.00032299615519570967,-2.2544274964851448e-05,0.0007175009634775324,-6.186739410568488e-05,0.4353361336865302,0.9002677002268028
2026-10-03T09:46:55.582 0.014237868752515046,-0.00042277530305243874,-2.21837036919123e-05,0.0007194411033257244,-6.151967178297187e-05,0.4360957912728148,0.8998999608034031
2026-10-03T09:46:55.637 0.014142502623433863,-0.0005410917236421685,-2.222661317871099e-05,0.0007202559096588111,-6.102752358906975e-05,0.43690021270909846,0.8995096895763883
2026-10-03T09:46:55.718 0.014061918330203232,-0.0006423014250629628,-2.2218391582924198e-05,0.0007207765303774997,-6.0754220970094186e-05,0.43777845452174796,0.8990825888352347
2026-10-03T09:46:55.773 0.013955585965660797,-0.0007749827030254428,-2.172241833862058e-05,0.0007231830264428144,-6.116308663465854e-05,0.4386470389110844,0.8986591392290654
2026-10-03T09:46:55.874 0.013874524687612938,-0.0008812588052797712,-2.1847552267189404e-05,0.0007239644419719168,-6.069481325583962e-05,0.43956509629674567,0.8982104421065584
2026-10-03T09:46:55.919 0.013769146625726642,-0.0010171587219846747,-2.0980557792365643e-05,0.0007274379340452471,-6.104055534788457e-05,0.4404568063670628,0.8977735064218761
2026-10-03T09:46:55.991 0.013686654464779539,-0.0011237328655168655,-2.134184816306385e-05,0.0007268845391483525,-6.006691548284743e-05,0.44139936223428033,0.8973104652515778
2026-10-03T09:46:56.038 0.013577937401665498,-0.0012641031727429546,-2.1229533717521028e-05,0.0007288628115324809,-6.083124336573406e-05,0.44231276950257087,0.8968605683123367
2026-10-03T09:46:56.115 0.013494015404682667,-0.0013736575664501287,-2.1186230961201566e-05,0.0007302932463664594,-5.9528453246173384e-05,0.443267959935483,0.8963888546957579
2026-10-03T09:46:56.181 0.013385775500174186,-0.001515279565177438,-2.0880955387610092e-05,0.0007319714718409909,-6.050783855337303e-05,0.4441999640230313,0.8959273701135062
2026-10-03T09:46:56.253 0.013303284358027623,-0.0016241782897408598,-2.0616397390224907e-05,0.0007335239206874076,-5.909122951244392e-05,0.4451622472764554,0.895449625635446
2026-10-03T09:46:56.300 0.013195520693272426,-0.0017670519800760138,-2.069930524874297e-05,0.000734785828796934,-6.019001272556708e-05,0.4461017320394551,0.8949819557613139
2026-10-03T09:46:56.384 0.013111122563081225,-0.0018744606124901139,-2.0193313493711914e-05,0.000736437385828553,-5.880509727606269e-05,0.4470691411833977,0.8944990984922659
2026-10-03T09:46:56.434 0.013005743161416113,-0.0020143540405559543,-2.0205485777209833e-05,0.0007377100677578322,-5.925767890159867e-05,0.4480048410378936,0.8940308242331442
2026-10-03T09:46:56.516 0.012925158824381328,-0.002123312345813339,-2.0286669769429613e-05,0.000739087190482438,-5.820949497550389e-05,0.44897236959156506,0.8935453327644405
2026-10-03T09:46:56.562 0.012820256902160857,-0.002263742209604877,-1.9897265045915645e-05,0.0007408373403735632,-5.8678304313715194e-05,0.4499189766717065,0.8930690690800887
2026-10-03T09:46:56.648 0.012742056800607074,-0.0023712699733624528,-1.9937515494771122e-05,0.0007419793834648606,-5.798100427390117e-05,0.45089127375280663,0.8925785709719729
2026-10-03T09:46:56.713 0.012642400127079559,-0.0025060373298494655,-1.9481899215383055e-05,0.0007437713476874162,-5.797468008479212e-05,0.4518328144035475,0.8921023210771779
2026-10-03T09:46:56.790 0.012564676691912609,-0.002613147855109362,-1.9627211660532028e-05,0.0007450146067162181,-5.728580800882246e-05,0.4528072571491677,0.8916081143330962
2026-10-03T09:46:56.855 0.012462635478574785,-0.00275137231105666,-1.942114458898802e-05,0.0007466022054922322,-5.784681325530947e-05,0.45376632166038067,0.8911203984679629
2026-10-03T09:46:56.931 0.01238300486403625,-0.002860509418236045,-1.947403412696701e-05,0.0007478272054891701,-5.7115018919429904e-05,0.4547505097348276,0.8906185554929
2026-10-03T09:46:57.006 0.012281440725865494,-0.0029989722867316635,-1.9119709520816053e-05,0.0007501677308685157,-5.7755345764901016e-05,0.4557160705215946,0.8901248771835627
2026-10-03T09:46:57.074 0.012203240812497683,-0.003108347794457993,-1.90556516694677e-05,0.000750885203162585,-5.671930329106207e-05,0.45670404386402486,0.8896183728276857
2026-10-03T09:46:57.120 0.012103583738602168,-0.0032468702436175023,-1.8883156484671956e-05,0.0007526214524904542,-5.707945358826409e-05,0.4576727343463202,0.8891204072221309
2026-10-03T09:46:57.195 0.01202538370668234,-0.0033561861467127307,-1.889360435591364e-05,0.0007535223003645401,-5.6377388463227994e-05,0.45866404537681643,0.8886094319240071
2026-10-03T09:46:57.257 0.011927157644290406,-0.003493397275616872,-1.8395546039316802e-05,0.0007557558223163196,-5.632624528373619e-05,0.4596387853025602,0.8881056315022882
2026-10-03T09:46:56.669 0.011851341677379721,-0.003602713148708659,-1.8484269273757485e-05,0.0007570953486407159,-5.6018071372572164e-05,0.4606338510503165,0.8875899272384538
2026-10-03T09:46:56.719 0.011754068784340137,-0.003739209009926121,-1.8300642928226253e-05,0.0007584847677020625,-5.5946271886449054e-05,0.4616146116773819,0.8870802510803697
2026-10-03T09:46:56.791 0.011678729848477665,-0.00384900171415078,-1.827091087419931e-05,0.0007600842927623887,-5.573200449407632e-05,0.46261373030568603,0.8865596176786249
2026-10-03T09:46:56.844 0.011584795051478896,-0.003985855161185572,-1.7943550554992466e-05,0.0007622881387952513,-5.526910626443416e-05,0.46359949704657527,0.8860445373683434
2026-10-03T09:46:56.908 0.011507548590937652,-0.004094575005837186,-1.801511095414256e-05,0.000763601022317548,-5.53163317073916e-05,0.4646042187034312,0.8855181160295685
2026-10-03T09:46:56.962 0.011415044232490472,-0.004229521086234519,-1.771981502226293e-05,0.0007648675124470666,-5.4875949747253735e-05,0.46559049280554343,0.8849999463137893
2026-10-03T09:46:57.038 0.011337321243172067,-0.004338360146143553,-1.7596906618456818e-05,0.0007667960945480001,-5.5030114791107744e-05,0.46659682327808,0.8844697923062381
2026-10-03T09:46:57.085 0.011243863085247593,-0.004474498331459546,-1.7389509486857877e-05,0.0007684061980106478,-5.4733884648915184e-05,0.4675278735539297,0.8839779940735275
2026-10-03T09:46:57.185 0.011171861844743235,-0.004580893528921993,-1.74395612118804e-05,0.0007692320242135399,-5.4410879035805086e-05,0.46832052287535786,0.8835583133983296
2026-10-03T09:46:57.229 0.011097476754728242,-0.0046894345235777525,-1.72921280821857e-05,0.0007701850318828664,-5.4177936698593046e-05,0.4689138547624137,0.8832435681575167
2026-10-03T09:46:57.310 0.011033104989392516,-0.004788021416498617,-1.7235034824960817e-05,0.0007706897956526105,-5.371538670847546e-05,0.46925261633508386,0.883063635993791
2026-10-03T09:46:57.364 0.010985422171581612,-0.004858355497675679,-1.718943259881924e-05,0.0007703528817497909,-5.418878750741366e-05,0.4693356158175838,0.8830195260271102
2026-10-03T09:46:57.449 0.010964918673078881,-0.004890363450056475,-1.711230494268749e-05,0.0007705256441801467,-5.3672530658313295e-05,0.46917381936339464,0.8831055036820096
2026-10-03T09:46:57.499 0.010966825980304361,-0.004887263984514711,-1.7115321169935002e-05,0.0007692456958645636,-5.397080946949178e-05,0.468789848417157,0.8833093927776553
2026-10-03T09:46:57.581 0.011012124442442161,-0.00482378446753346,-1.7321065192804482e-05,0.0007687918756335112,-5.4053392021603804e-05,0.4682140696496001,0.8836147299697092
2026-10-03T09:46:57.634 0.01108746311434196,-0.0047154818794608745,-1.7529610713918104e-05,0.0007665728382515745,-5.4162272539979694e-05,0.46742878258022447,0.8840303969027883
2026-10-03T09:46:57.711 0.011195703533842737,-0.004556753347599632,-1.7372953665931153e-05,0.0007663175813411437,-5.4215861592026344e-05,0.46644736545906207,0.8845486222216985
2026-10-03T09:46:57.765 0.011288684856863306,-0.004424489470202622,-1.760939851889358e-05,0.0007640980315397756,-5.468784544788073e-05,0.46523590644501683,0.8851864010013492
2026-10-03T09:46:57.842 0.011411706444270942,-0.004247998568156517,-1.781884248747134e-05,0.0007628669987053986,-5.5275251520065065e-05,0.46394904698559086,0.8858615562150504
2026-10-03T09:46:57.898 0.011512794174013989,-0.004107985984848337,-1.7889291708236113e-05,0.000760593723103289,-5.690178125338295e-05,0.46254923786907975,0.8865932668400484
2026-10-03T09:46:57.980 0.011640584327671878,-0.003926845860445825,-1.794236316972195e-05,0.0007585834907159453,-5.598968164876184e-05,0.46114042825197005,0.8873268433039951
2026-10-03T09:46:58.039 0.011759791001255812,-0.0037608454239477433,-1.8369291120381135e-05,0.00075609335926151,-5.7656810262438855e-05,0.4596997902100514,0.8880740554026781
2026-10-03T09:46:58.131 0.011889011878597746,-0.003581731839435297,-1.8305414900062147e-05,0.0007544806253368645,-5.7240575885237596e-05,0.45824782660637675,0.8888241428387477
2026-10-03T09:46:58.217 0.012001066320557995,-0.0034259238872224587,-1.8601823091979872e-05,0.0007521921543395201,-5.8604385359643735e-05,0.45676507780902814,0.889587035914194
2026-10-03T09:46:58.270 0.012141730766644718,-0.0032344719972013636,-1.877956034999718e-05,0.0007497114963414373,-5.796548918926935e-05,0.45531198236836595,0.890331642302161
2026-10-03T09:46:58.327 0.012257599961573383,-0.0030759817879355326,-1.9022395850931595e-05,0.000747562175849111,-5.963723899848029e-05,0.45383114076527376,0.8910873881196407
2026-10-03T09:46:58.409 0.012397310535250538,-0.002885543188906988,-1.933273536618182e-05,0.0007450395347448279,-5.8875388144508696e-05,0.4523862707370964,0.8918217890914995
2026-10-03T09:46:58.461 0.012517471389797615,-0.00272806620455779,-1.950785035918296e-05,0.0007433416524846089,-6.05850951894773e-05,0.4509108527457421,0.8925686789534695
2026-10-03T09:46:58.533 0.012662427426165348,-0.002533991656125051,-1.9632768846539353e-05,0.0007410049230452013,-5.975616936438809e-05,0.4494773371855972,0.8932914254023987
2026-10-03T09:46:58.578 0.01278449507486409,-0.0023738324388076315,-2.0138725135042753e-05,0.0007384780610583567,-6.125128591697419e-05,0.4480129764418131,0.8940267467129721
2026-10-03T09:46:58.655 0.012932312779787278,-0.00217892338925102,-1.985093534741002e-05,0.0007372753324437373,-6.0523127285752545e-05,0.44659322858252737,0.8947367998167225
2026-10-03T09:46:58.703 0.013052473187735367,-0.002019658265607913,-2.029427119911549e-05,0.0007346953418566598,-6.226969495342434e-05,0.4451414443882269,0.8954599660695072
2026-10-03T09:46:58.781 0.013200766897559136,-0.0018260605123312562,-2.054367625952464e-05,0.0007317539584376341,-6.161815972841981e-05,0.443739221584085,0.8961556583358145
2026-10-03T09:46:58.821 0.01332474231509123,-0.0016657820616613958,-2.078442772158624e-05,0.0007303596089206391,-6.316678826642869e-05,0.4422984334424252,0.8968676370341251
2026-10-03T09:46:58.901 0.013476374069629067,-0.0014703365223482886,-2.0905000311610154e-05,0.0007278470570273586,-6.256165371616826e-05,0.4409075053132306,0.8975522481076881
2026-10-03T09:46:58.954 0.01360034924450747,-0.001311369373893456,-2.130966412743802e-05,0.0007264174133357541,-6.476003018879647e-05,0.439478667862173,0.8982527309270871
2026-10-03T09:46:59.024 0.013753411691961145,-0.0011155065840348164,-2.1313289435376322e-05,0.0007243130640280823,-6.342855805530969e-05,0.43810758766812175,0.8989222507953746
2026-10-03T09:46:59.070 0.013882632158011275,-0.0009561221370180105,-2.1666641979964332e-05,0.0007218961538851635,-6.565543261630608e-05,0.4366946057548633,0.899609524104715
2026-10-03T09:46:59.156 0.014016144304220199,-0.0007881545670933569,-2.186286873083922e-05,0.0007202365578985165,-6.572174298907817e-05,0.43535696329066537,0.9002576250464549
2026-10-03T09:46:59.196 0.014173497840591628,-0.0005928877697035697,-2.215640102072481e-05,0.0007182115339438202,-6.437645556591488e-05,0.43423869539794036,0.9007975551959271
2026-10-03T09:46:59.272 0.014293659191720903,-0.00044304017983853974,-2.2078195342163365e-05,0.0007157274928204856,-6.580974902140865e-05,0.43327060135263334,0.9012635959622248
2026-10-03T09:46:59.308 0.014440045335924329,-0.00026195942602115426,-2.256300091603418e-05,0.0007148679007562277,-6.367036118261354e-05,0.4326162640155538,0.9015778685278352
2026-10-03T09:46:59.380 0.014534934247726115,-0.0001433449882547364,-2.275775582900064e-05,0.0007137272722342117,-6.411624279636459e-05,0.4321486975466923,0.9018020790013659
2026-10-03T09:46:59.427 0.01460931951755115,-5.095685233456113e-05,-2.2920087459216997e-05,0.0007134607129840539,-6.426403198060914e-05,0.4319170449317088,0.9019130518744063
2026-10-03T09:46:59.493 0.014667015690216438,2.3192052160549586e-05,-2.3085830838792056e-05,0.0007129433302778356,-6.38372125393145e-05,0.43195855986359183,0.9018931700579564
2026-10-03T09:46:59.542 0.014669399584892918,2.7364407284267185e-05,-2.3238612597279283e-05,0.0007123764249445127,-6.375508353076228e-05,0.4321675336313962,0.9017930534940234
2026-10-03T09:46:59.605 0.014621240148094206,-3.21812391517172e-05,-2.2968741067157768e-05,0.0007133548060780938,-6.410104904521544e-05,0.43250534126819745,0.9016310868589527
2026-10-03T09:46:59.652 0.01454923928092371,-0.00012331764748725865,-2.2661167866352253e-05,0.0007148454341867849,-6.390058621286717e-05,0.4330094152048912,0.9013891120135845
2026-10-03T09:46:59.724 0.014470562320730206,-0.000221606697297868,-2.2641061325997068e-05,0.0007160438641816608,-6.381027593313329e-05,0.43366256018204036,0.9010750618598827
2026-10-03T09:46:59.768 0.01438711708901733,-0.00032549864374840687,-2.259851342592791e-05,0.0007169044724174034,-6.374492984602524e-05,0.43440260875801934,0.9007185217862396
2026-10-03T09:46:59.839 0.014301287980935178,-0.00043314571280653473,-2.2388282693048125e-05,0.0007182437381037046,-6.384803226668088e-05,0.43519540691750025,0.9003357361824936
2026-10-03T09:46:59.895 0.014206876426273793,-0.0005519389584436957,-2.1866456544406057e-05,0.0007215287299625902,-6.448836778004994e-05,0.43602372780444415,0.8999348776600773
2026-10-03T09:46:59.959 0.01411580141476643,-0.0006675135113869191,-2.2154570131405497e-05,0.0007209077504458785,-6.307108698600639e-05,0.4368820030249635,0.8995185332982023
2026-10-03T09:47:00.017 0.014017098068287421,-0.0007897638804871188,-2.1819672900048296e-05,0.0007225868184946466,-6.28741644802351e-05,0.4377510648319102,0.8990959232215759
2026-10-03T09:47:00.080 0.013926500425177122,-0.0009064113109726453,-2.17807151051334e-05,0.0007237364538159219,-6.28757477893642e-05,0.4387007421104129,0.8986329234587161
2026-10-03T09:47:00.137 0.01382255195651551,-0.0010368871870915738,-2.1452424440159943e-05,0.0007262706160237051,-6.448681899398723e-05,0.43977922356731974,0.8981056190064551
2026-10-03T09:47:00.201 0.013734338490055023,-0.0011493026577758048,-2.1387434702663612e-05,0.0007275910618734415,-6.22459654551631e-05,0.4409906835661117,0.8975113836295225
2026-10-03T09:47:00.260 0.01361417765891091,-0.0013030245494962491,-2.116761689616069e-05,0.0007301820435217897,-6.305720026755773e-05,0.4422367131454318,0.8968980724721722
2026-10-03T09:47:00.331 0.013517858261751605,-0.0014310565391576341,-2.1030203222870586e-05,0.0007319419422760987,-6.166958549064577e-05,0.44357459386819975,0.8962371561883143
2026-10-03T09:47:00.385 0.013395790082422287,-0.0015921098262094947,-2.0866973067196104e-05,0.0007343046936570594,-6.25370816355089e-05,0.4448405612974003,0.8956094751119732
2026-10-03T09:47:00.467 0.013298040091387615,-0.0017190689502834759,-2.077200120688204e-05,0.0007357363738998853,-6.095695357844178e-05,0.4460339908006399,0.8950157171953421
2026-10-03T09:47:00.514 0.013182170846475738,-0.0018717179043590475,-2.051426551880588e-05,0.0007367563287930125,-6.18617038480144e-05,0.4470985855425955,0.8944843811766933
2026-10-03T09:47:00.600 0.013085374638565938,-0.0019999287139554327,-2.0361196743628232e-05,0.0007381346359474792,-5.9714122451419845e-05,0.4481172845450337,0.8939744688096346
2026-10-03T09:47:00.649 0.012986194218438902,-0.0021314178090395164,-2.0249061209588158e-05,0.0007398868574855211,-5.9844867540524314e-05,0.4491081777554347,0.8934770806569259
2026-10-03T09:47:00.731 0.012894166036393005,-0.002255098605631918,-2.028234618688774e-05,0.0007408656551121561,-5.942079282132858e-05,0.4500818458754897,0.8929869985618841
2026-10-03T09:47:00.786 0.012798324103669453,-0.002382474938123587,-1.9743355701570727e-05,0.0007436594161976774,-6.019320375324827e-05,0.4510512210303251,0.8924977531369498
2026-10-03T09:47:00.856 0.012707726103263017,-0.002504427182042914,-1.997261760519952e-05,0.0007443635287251857,-5.8725688556775125e-05,0.45201174656435095,0.8920116722566335
2026-10-03T09:47:00.905 0.012615698474361017,-0.002629002048243994,-1.9663176157192716e-05,0.000746021648149628,-5.948653259621654e-05,0.45297501314193644,0.8915228978450949
2026-10-03T09:47:00.992 0.012527962011950911,-0.0027491065120920167,-1.955423566441041e-05,0.0007470993513565609,-5.8597628336039776e-05,0.45393085941319317,0.8910365948047684
2026-10-03T09:47:01.038 0.012440702504654965,-0.0028692705745677186,-1.9371543379109708e-05,0.0007489579665278283,-5.88983917224568e-05,0.4548843208801985,0.8905502176802297
2026-10-03T09:47:01.115 0.012352489303676193,-0.0029896730676320813,-1.920224433723688e-05,0.0007504015265956941,-5.770499379931272e-05,0.4558400178347674,0.8900614089533833
2026-10-03T09:47:01.160 0.012265706668213264,-0.003112638542408582,-1.9020305523793105e-05,0.0007519947102213133,-5.809112203201766e-05,0.4568058772252916,0.8895660861688743
2026-10-03T09:47:01.240 0.01217892368969448,-0.003232683389626862,-1.9032082041448603e-05,0.0007533189451996116,-5.716723712637882e-05,0.45777030631269366,0.8890701749023282
2026-10-03T09:47:01.287 0.012092618367549645,-0.003354218346868032,-1.853797339812711e-05,0.000754800505650276,-5.785524897036566e-05,0.4587399506586268,0.888570247419239
2026-10-03T09:47:01.368 0.012005834942135325,-0.0034743227987830273,-1.883287161482837e-05,0.0007561122999328447,-5.7065485881561015e-05,0.4597070321380314,0.8880703066990604
2026-10-03T09:47:01.414 0.011921436498331092,-0.003594248406653646,-1.862490066381818e-05,0.0007575735509729737,-5.76054740234711e-05,0.4606792394752949,0.8875663699579813
2026-10-03T09:47:01.500 0.011835607720268848,-0.003715008497542183,-1.8310359788126472e-05,0.000759346653498921,-5.658226019320724e-05,0.4616476914758854,0.8870630356102622
2026-10-03T09:47:01.542 0.011751209356604784,-0.003837556709777243,-1.8072586123013e-05,0.0007609221727421254,-5.6128479992688576e-05,0.46262287892910636,0.8865548430516784
2026-10-03T09:47:01.627 0.011664426352728251,-0.00395933009169934,-1.811416464307659e-05,0.0007625126667663343,-5.61301439200741e-05,0.4635991988468123,0.8860446931461381
2026-10-03T09:47:01.673 0.011578597308155457,-0.004083249228796264,-1.7993338104060745e-05,0.0007638211715325106,-5.623764363615369e-05,0.4645891982039019,0.8855259964150126
2026-10-03T09:47:01.760 0.011492768505189358,-0.004207645203024012,-1.7723500061369313e-05,0.0007655972011170514,-5.564124582025483e-05,0.46557275990011165,0.8850092745299172
2026-10-03T09:47:01.815 0.011408846659499693,-0.004331087478965485,-1.7695096176042972e-05,0.0007669561226704064,-5.596491119352884e-05,0.4665080124980804,0.8845166380127202
2026-10-03T09:47:01.891 0.01132826270545165,-0.0044498805505799564,-1.7612365991386903e-05,0.0007676260001429507,-5.5056950984711785e-05,0.46728111168556297,0.8841084607563489
2026-10-03T09:47:01.955 0.011262460390062862,-0.0045490039033194915,-1.758281314134018e-05,0.0007687123779048821,-5.5074689997499094e-05,0.4678693770933255,0.8837972912531257
2026-10-03T09:47:02.025 0.011193797321376023,-0.0046524188264784406,-1.7414625725804253e-05,0.0007695238510080131,-5.492069652336666e-05,0.46819603872047033,0.8836242833598563
2026-10-03T09:47:02.074 0.01113467047712203,-0.004736164096824702,-1.742543269720307e-05,0.0007694292199043036,-5.476023753678394e-05,0.46825269283884585,0.8835942624469454
2026-10-03T09:47:02.160 0.011103676521006921,-0.004782656109987394,-1.7480727636109306e-05,0.0007688166559102676,-5.472767951845114e-05,0.4680599026823227,0.8836964034253196
2026-10-03T09:47:02.208 0.011120365791186406,-0.00476131743700965,-1.7343206110598125e-05,0.0007683949330416053,-5.485805785709948e-05,0.46768254714929086,0.8838961713073384
2026-10-03T09:47:02.287 0.011170909429381436,-0.004690148854807137,-1.7512541194204296e-05,0.0007675956579385703,-5.495212233170042e-05,0.4671214015452235,0.8841928545264298
2026-10-03T09:47:02.327 0.011257692315752943,-0.004566527728908086,-1.753056754664007e-05,0.0007664142530877123,-5.541211035838286e-05,0.46635792888216243,0.8845957787076709
2026-10-03T09:47:02.411 0.011348766425492741,-0.004439211061032527,-1.7719292442423787e-05,0.0007649284381332762,-5.533846304785886e-05,0.4653486476363413,0.8851271366109884
2026-10-03T09:47:02.460 0.011467973604192152,-0.0042702899968778026,-1.780349459172852e-05,0.0007619791490934096,-5.554076246757727e-05,0.46417748180663315,0.8857418820890501
2026-10-03T09:47:02.548 0.011563816171979057,-0.004135343874415506,-1.7880550895587244e-05,0.0007623911931095391,-5.6310228400309036e-05,0.46286522953280057,0.8864283360082611
2026-10-03T09:47:02.592 0.011700665529685147,-0.003938646823720244,-1.8260873566919588e-05,0.0007590432905540736,-5.655744278877285e-05,0.46153733404290964,0.8871204596553404
2026-10-03T09:47:02.672 0.011804137317525987,-0.0037943426759796677,-1.8379796567692973e-05,0.0007578266146646465,-5.845231445686505e-05,0.4601098973892947,0.8878616472213234
2026-10-03T09:47:02.728 0.011939556380904957,-0.003605394247101189,-1.8683350468567216e-05,0.0007544571937090686,-5.776469666239368e-05,0.45870207228953197,0.8885898020655378
2026-10-03T09:47:02.817 0.012054949342537783,-0.0034480365320210746,-1.8552903289990283e-05,0.0007541310328529994,-5.906542192294806e-05,0.4572418226345071,0.8893420845948623
2026-10-03T09:47:02.871 0.012197520797366886,-0.0032522334789508397,-1.8912470690807244e-05,0.0007506677242034,-5.8572040344997994e-05,0.45581802357450957,0.8900726725677582
2026-10-03T09:47:02.975 0.012313867000079996,-0.00309237235682999,-1.9036851205500754e-05,0.0007490540618666615,-5.998170757576331e-05,0.45434880442665226,0.8908235511234976
2026-10-03T09:47:03.028 0.012461206682013068,-0.0028930525696950005,-1.946356305251244e-05,0.0007462771256386031,-5.930707905338252e-05,0.4529253326118975,0.891548138145958
2026-10-03T09:47:03.112 0.012580890627658822,-0.002731701289441865,-1.9652825891711293e-05,0.0007449331338007593,-6.0898359648477204e-05,0.4514545932989902,0.8922937809686109
2026-10-03T09:47:03.161 0.012729184341670556,-0.0025309509787817923,-1.9842627551757698e-05,0.0007419695181977156,-6.0145489659474766e-05,0.4500393768149497,0.8930084015168983
2026-10-03T09:47:03.243 0.012851729428993408,-0.0023699572903630793,-1.9961908200050095e-05,0.0007404569311708513,-6.19316794655338e-05,0.4485769226198146,0.8937439187938215
2026-10-03T09:47:03.306 0.01300479147756182,-0.002168610873223813,-2.0174150400873545e-05,0.0007380525628318893,-6.136589398668502e-05,0.4471772624259065,0.8944450500069379
2026-10-03T09:47:03.395 0.01312733648744973,-0.0020070807430103655,-2.033813456461366e-05,0.0007364617504261843,-6.32349442024884e-05,0.4457354016024103,0.8951644571718484
2026-10-03T09:47:03.444 0.01327849106132258,-0.0018105027214883125,-2.0666569405755892e-05,0.0007334994596599322,-6.217786321893485e-05,0.4443581530980455,0.8958489213521161
2026-10-03T09:47:03.526 0.01340008228569509,-0.0016531449284347933,-2.0933353024882406e-05,0.0007316026746659546,-6.406287557927609e-05,0.4429320578652481,0.8965548799536651
2026-10-03T09:47:03.585 0.013556959220199727,-0.0014540634397502983,-2.104731829783039e-05,0.0007292125936285316,-6.329333541347426e-05,0.44156798146458054,0.8972274973429218
2026-10-03T09:47:03.662 0.013680934534188685,-0.0012949174773447503,-2.1362575287497053e-05,0.0007274787888178699,-6.503772784953496e-05,0.4401527936879515,0.8979225939653136
2026-10-03T09:47:03.712 0.013817784494307744,-0.0011236120052889845,-2.1564080094831367e-05,0.0007254636468132864,-6.551843154133037e-05,0.4387594809604462,0.8986042439679173
2026-10-03T09:47:03.799 0.013974661593734585,-0.0009245305165853521,-2.157373736980224e-05,0.0007238534337772308,-6.44986171493236e-05,0.4374870159808428,0.8992244340120616
2026-10-03T09:47:03.859 0.014095775635505473,-0.000773371612640615,-2.2107986611162065e-05,0.0007212206935572157,-6.685875875258525e-05,0.43631972390345247,0.8997914057732673
2026-10-03T09:47:03.943 0.014240255201194938,-0.0005915160223646791,-2.209803888673732e-05,0.0007198749745416692,-6.491222563811684e-05,0.4354101605765762,0.9002318976980899
2026-10-03T09:47:04.005 0.014356124598586163,-0.00044536397456090794,-2.231107008444085e-05,0.0007193537596462343,-6.532722702764249e-05,0.4347162754102778,0.9005671758152957
2026-10-03T09:47:04.074 0.014458642402098367,-0.0003175107208440267,-2.2756307670777693e-05,0.0007174108884349189,-6.519748805271328e-05,0.4342548786479705,0.9007897542941644
2026-10-03T09:47:04.124 0.01455496187384819,-0.00019353184702431293,-2.2878819538550697e-05,0.0007168509140675896,-6.443060897238767e-05,0.4340828903561666,0.9008726470891987
2026-10-03T09:47:04.219 0.014630777161140925,-9.947476309497161e-05,-2.3341436083324127e-05,0.0007161315321405569,-6.395562862262694e-05,0.43417718521627974,0.9008272059074229
2026-10-03T09:47:04.302 0.014645082402036035,-8.284488706028419e-05,-2.314053956699143e-05,0.0007172025617709787,-6.439418146514447e-05,0.4344370003087819,0.9007019341805491
2026-10-03T09:47:04.367 0.014610273934244508,-0.0001249858091547552,-2.3040792351338153e-05,0.0007176873595651925,-6.422245927736982e-05,0.4348360817368859,0.9005093352209304
2026-10-03T09:47:04.422 0.014524444755481411,-0.00023263287822108492,-2.2875265046162833e-05,0.0007178091429679672,-6.356118357676193e-05,0.4353429581562277,0.9002643997703093
2026-10-03T09:47:04.495 0.014451966754016114,-0.00032257719969744245,-2.2745751821088566e-05,0.0007199236584427887,-6.377928180560663e-05,0.4360217621253892,0.8999358313764375
2026-10-03T09:47:04.552 0.014356601194885145,-0.0004412512480901815,-2.2431033827755947e-05,0.0007217038892256241,-6.595971559643304e-05,0.4367536739478007,0.8995808485544312
2026-10-03T09:47:04.621 0.014273632635108755,-0.0005432954445658113,-2.2478647015394106e-05,0.0007221795162246929,-6.420169374988687e-05,0.4375715066557208,0.8991833244105072
2026-10-03T09:47:04.667 0.014169684431771508,-0.0006780032504388516,-2.2016245375110534e-05,0.0007245501256497392,-6.426099887550953e-05,0.438378072613123,0.8987903739747344
2026-10-03T09:47:04.738 0.014088623140512204,-0.0007813587250966833,-2.2126478638824407e-05,0.0007251399065353629,-6.363253096895053e-05,0.43924999628494554,0.8983645757078206
2026-10-03T09:47:04.785 0.013976568614484066,-0.0009211330278525432,-2.1755567356613904e-05,0.0007273797516855039,-6.410634672755778e-05,0.4400877652790409,0.897954467476371
2026-10-03T09:47:04.859 0.013895030961778486,-0.0010285416243089914,-2.1596825461080336e-05,0.00072788838123092,-6.317595791680118e-05,0.4409891932191687,0.8975121156013491
2026-10-03T09:47:04.909 0.013784883507233484,-0.001170819298167072,-2.1422644343073993e-05,0.00072995990139167,-6.35839173539953e-05,0.44184484367723126,0.8970911866869894
2026-10-03T09:47:04.992 0.013704776290077714,-0.001276082109406978,-2.129596687386463e-05,0.0007306971551495677,-6.249727263719465e-05,0.44275461604974187,0.8966425219352493
2026-10-03T09:47:05.038 0.013594628731535677,-0.0014175849228939758,-2.118139045287116e-05,0.0007325377508439718,-6.296135529223668e-05,0.44362042924063,0.8962144688547884
2026-10-03T09:47:05.115 0.01351070679547802,-0.0015263644562109296,-2.1093384395587463e-05,0.0007334379968001843,-6.196607072043894e-05,0.44454382109321683,0.8957568025735294
2026-10-03T09:47:05.157 0.013400559481247914,-0.0016704302693984604,-2.084469727226285e-05,0.0007353805533055391,-6.256460595995308e-05,0.44542083983157926,0.8953210210560469
2026-10-03T09:47:05.228 0.013318544893690162,-0.0017793885926360377,-2.0759706906017964e-05,0.000735823395674906,-6.16260202574688e-05,0.44635159318401824,0.8948573685388375
2026-10-03T09:47:05.276 0.013210305142550673,-0.0019219642656632743,-2.0365024321029544e-05,0.0007382149652853971,-6.172698733870145e-05,0.44723937016132925,0.8944139964279079
2026-10-03T09:47:05.355 0.013128766830610176,-0.0020312802108316684,-2.0638415247996617e-05,0.000738550857637719,-6.097144043543425e-05,0.4481813590270457,0.8939423472717827
2026-10-03T09:47:05.399 0.013021957808704392,-0.00217445191227174,-2.0111884072617198e-05,0.0007411540574596495,-6.174192432723275e-05,0.449077987087316,0.8934922542429802
2026-10-03T09:47:05.477 0.012942327303712545,-0.002282933368344977,-2.0090268004997137e-05,0.0007417704832907334,-6.05236681186929e-05,0.45001768094368055,0.8930193351498653
2026-10-03T09:47:05.519 0.012833610221244303,-0.0024255090474330485,-2.000775548386842e-05,0.00074340234509147,-6.129397598319953e-05,0.45091985297337317,0.8925641320322442
2026-10-03T09:47:05.599 0.012750641925902638,-0.0025373284056346636,-1.9965960217220775e-05,0.0007444419920553283,-6.0134477602532274e-05,0.4518693216134804,0.8920838292304922
2026-10-03T09:47:05.645 0.01264478623497308,-0.00268139416478046,-1.966445389426828e-05,0.0007465211051854302,-6.03675878716775e-05,0.45278019552778664,0.8916218557212544
2026-10-03T09:47:05.724 0.012561817798269525,-0.0027932135229984793,-1.9712065483029586e-05,0.0007473171468612057,-5.9419134029710183e-05,0.45374027394090005,0.8911336610130298
2026-10-03T09:47:05.789 0.012458346409453147,-0.002937398461403037,-1.9339823078095998e-05,0.0007496962318544396,-5.9624234086638735e-05,0.45465964124015273,0.8906649454356482
2026-10-03T09:47:05.856 0.012379669949454861,-0.0030492177655383123,-1.911109832870704e-05,0.0007498313968457831,-5.952015483189885e-05,0.4556261872448775,0.8901708890471106
2026-10-03T09:47:05.916 0.012275244478280064,-0.003190839716268318,-1.8975766763938428e-05,0.000751901050866119,-5.986348526375201e-05,0.4565549424774642,0.8896949002666994
2026-10-03T09:47:05.969 0.012195137086761017,-0.0033028378523973826,-1.9013000761313666e-05,0.0007530906635154776,-5.874666072707269e-05,0.4575203849494378,0.8891988117170426
2026-10-03T09:47:06.014 0.012091665618554912,-0.0034444597910822695,-1.8670561060734106e-05,0.000755431552818511,-5.9246729060846635e-05,0.4584548321787424,0.8887173862735865
2026-10-03T09:47:06.090 0.012009174102602441,-0.0035573520268945367,-1.8674222976376093e-05,0.000756286212849566,-5.82430572831504e-05,0.45943118251697396,0.8882130449221997
2026-10-03T09:47:06.134 0.011909516729630728,-0.003698318266527918,-1.871034338781536e-05,0.0007577190835697866,-5.852731763038496e-05,0.46037129287261075,0.8877261374630941
2026-10-03T09:47:06.214 0.011829886831657406,-0.003808230234007303,-1.831619852200935e-05,0.0007594225339380351,-5.7773818866920835e-05,0.46134835777664374,0.8872187513327222
2026-10-03T09:47:06.265 0.011732136820239696,-0.0039485407985317845,-1.834043361840876e-05,0.0007608213775789908,-5.81000716396865e-05,0.4622928192691004,0.8867269968978276
2026-10-03T09:47:06.340 0.011654414164221371,-0.004059525625617022,-1.8023810010243616e-05,0.0007625827546533005,-5.7325799534432744e-05,0.463272566311426,0.8862155180792765
2026-10-03T09:47:06.389 0.0115571411172197,-0.004198763300515808,-1.7959392356792196e-05,0.0007636994751955501,-5.766015893887831e-05,0.4642226904348359,0.8857181871926647
2026-10-03T09:47:06.472 0.011482756121149415,-0.004309152039151255,-1.776725549716629e-05,0.0007656844929203184,-5.6677244549593174e-05,0.4652027651077919,0.8852038171240632
2026-10-03T09:47:06.523 0.01138452918823018,-0.004448330121436719,-1.7835440276434266e-05,0.0007660320725254413,-5.7008113788480395e-05,0.46616045958976415,0.8846998563693783
2026-10-03T09:47:06.616 0.011309190550850811,-0.0045593745231687546,-1.7626894306855184e-05,0.0007681429867390084,-5.644956206506958e-05,0.4670846251576398,0.8842122820404306
2026-10-03T09:47:06.670 0.011221454373137417,-0.004690863474151571,-1.742854509655735e-05,0.0007691521277924765,-5.613950901070214e-05,0.46783483595843206,0.8838155755117167
2026-10-03T09:47:06.760 0.011128472543500485,-0.0048259287699156835,-1.7534826064447865e-05,0.000769738808629537,-5.58981402109924e-05,0.46835646396694597,0.8835392617410633
2026-10-03T09:47:06.819 0.011076975934506099,-0.004906097665417061,-1.6991453084357827e-05,0.0007709559589208545,-5.5316533609711115e-05,0.46867764166117293,0.8833689324251288
2026-10-03T09:47:06.906 0.011045504756608924,-0.004951934033534441,-1.728441248152471e-05,0.0007701751668367042,-5.5541752684566166e-05,0.46877408230169326,0.8833177590808029
2026-10-03T09:47:06.971 0.01103739861400647,-0.004961947715919557,-1.7301396317569304e-05,0.0007698457700111302,-5.5212471205224266e-05,0.46862739597539077,0.8833955897730064
2026-10-03T09:47:07.033 0.011067438982844468,-0.00492040290027694,-1.7229691566763952e-05,0.0007702255509387044,-5.620963183279757e-05,0.46827817311802267,0.8835807581507902
2026-10-03T09:47:07.082 0.01113228745749969,-0.004828551326236344,-1.7421647935508755e-05,0.0007684581644377147,-5.5683759957636515e-05,0.4677454596120258,0.8838628804196402
2026-10-03T09:47:07.173 0.011235282391657369,-0.004677273441052821,-1.749511471916817e-05,0.0007681449016196651,-5.5737528858487126e-05,0.4670317857976573,0.884240192425898
2026-10-03T09:47:07.234 0.011325403066720457,-0.004546440111109829,-1.7503518619196394e-05,0.0007662693309762786,-5.611944696779773e-05,0.4660583867545709,0.8847536322715194
2026-10-03T09:47:07.319 0.011436503602797694,-0.004387115496884237,-1.7917628666721804e-05,0.0007641061326724867,-5.5991913289107846e-05,0.4649165755106184,0.8853541612384297
2026-10-03T09:47:07.378 0.011535207346921324,-0.004249665943299169,-1.787999981993356e-05,0.0007624095656492062,-5.734467128580197e-05,0.4636221168460141,0.8860327015491379
2026-10-03T09:47:07.462 0.01167062606094434,-0.004059167793694929,-1.8392169970242504e-05,0.0007611191048669767,-5.6549220004326867e-05,0.46231356138838287,0.8867161825839674
2026-10-03T09:47:07.517 0.01177505197644864,-0.003909797239081855,-1.818477652334585e-05,0.0007590894071031438,-5.917260315582023e-05,0.4609061822912172,0.8874485401461937
2026-10-03T09:47:07.611 0.011912378359060196,-0.003718703018977944,-1.849134649547962e-05,0.0007571352687715099,-5.826662397878898e-05,0.45950980014075504,0.8881723745567572
2026-10-03T09:47:07.672 0.012026340071928054,-0.003558782322264975,-1.8805672222950248e-05,0.0007545694906884805,-5.9687102611591315e-05,0.4580676124212864,0.8889170318499897
2026-10-03T09:47:07.761 0.012165574461820532,-0.0033640521947343465,-1.8668224233030007e-05,0.0007532145006883931,-5.929255160278633e-05,0.45665567299476034,0.8896432012183377
2026-10-03T09:47:07.838 0.01228382771259566,-0.0032010916071018073,-1.8959533543220773e-05,0.0007505362248824216,-6.0884831593526545e-05,0.4551958126015751,0.8903910405986822
2026-10-03T09:47:07.919 0.01243069091782876,-0.0030041560117227916,-1.917687507423663e-05,0.0007482394455375911,-6.032259308508322e-05,0.45378902967022267,0.8911088334484597
2026-10-03T09:47:08.017 0.012549897814119094,-0.002842745132852913,-1.9499494276226523e-05,0.0007465622140788832,-6.225459388671113e-05,0.4523381687238471,0.8918461862253954
2026-10-03T09:47:08.077 0.012696284034377617,-0.002647120845681412,-1.9820389660664378e-05,0.0007439546462814308,-6.137007726333649e-05,0.45094819446406376,0.8925498129935375
2026-10-03T09:47:08.134 0.012813583720982053,-0.002487200106930818,-2.006548718579569e-05,0.0007423011582610106,-6.306858006327552e-05,0.44951396311077474,0.8932729940951925
2026-10-03T09:47:08.224 0.012963308001556621,-0.0022872246386370304,-2.0227748224180454e-05,0.000739336897229958,-6.204275538816955e-05,0.44813492651947257,0.8939656241517544
2026-10-03T09:47:08.284 0.013086329858809441,-0.0021246812234563253,-2.037758534116128e-05,0.0007380388136224276,-6.425331324128126e-05,0.4467062976704159,0.8946803534178065
2026-10-03T09:47:08.375 0.013238915149158445,-0.0019276859513860064,-2.057417175764975e-05,0.0007353934049100415,-6.350171986619968e-05,0.4453382280167191,0.8953621154767496
2026-10-03T09:47:08.439 0.0133624140151035,-0.0017675863206210727,-2.0635355549574054e-05,0.0007345377775386123,-6.509802573981067e-05,0.4439253641670456,0.8960634616285034
2026-10-03T09:47:08.515 0.013515475613931951,-0.0015698161822254597,-2.1160521159373893e-05,0.0007313058763488998,-6.418101596532775e-05,0.4425859348954462,0.8967257949369117
2026-10-03T09:47:08.570 0.013637543993454347,-0.001411564313458683,-2.121944285885656e-05,0.0007299835389653551,-6.616620462356976e-05,0.4411918765938863,0.8974124975581916
2026-10-03T09:47:08.644 0.013775824334655497,-0.0012412721023701563,-2.1512616146077508e-05,0.0007278593472817375,-6.599890064477858e-05,0.4398224355592201,0.8980844565204719
2026-10-03T09:47:08.696 0.013932701096733493,-0.001041594567257092,-2.1730889514495095e-05,0.0007257099562835859,-6.610891956278212e-05,0.4385733955784543,0.8986950793597652
2026-10-03T09:47:08.785 0.014055722825242773,-0.0008856672676705364,-2.201483583242271e-05,0.0007241890794914007,-6.703254561213438e-05,0.43742633835419015,0.8992539516570726
2026-10-03T09:47:08.832 0.014202109496621105,-0.0007015466769042324,-2.2142014481869418e-05,0.0007221769114495744,-6.608833463642365e-05,0.4365372497023077,0.8996858916950881
2026-10-03T09:47:08.922 0.014319409274640524,-0.0005545005414323048,-2.2431813328867396e-05,0.0007211057343886856,-6.624304464077656e-05,0.4358595773965348,0.9000143912238809
2026-10-03T09:47:08.971 0.014420496823127097,-0.0004262896778269923,-2.271087661523507e-05,0.000720020438863663,-6.611452999208226e-05,0.4354144519843804,0.9002298218802676
2026-10-03T09:47:09.076 0.014519677436257468,-0.0003045161398323249,-2.2778307132443062e-05,0.0007194354931426112,-6.524931875829466e-05,0.43525492105076746,0.9003069653491457
2026-10-03T09:47:09.125 0.014588340371105013,-0.00021105519238014993,-2.311040548810413e-05,0.0007189969643997781,-6.500575171665063e-05,0.43535559336748686,0.9002582885712638
2026-10-03T09:47:09.203 0.014596446691387219,-0.00020205478893699848,-2.298911348834519e-05,0.0007192316998105398,-6.546034025299653e-05,0.4356004781957919,0.900139823480943
2026-10-03T09:47:09.256 0.014561638605971185,-0.0002483680361271409,-2.268074959429025e-05,0.0007203992282459536,-6.505863149962314e-05,0.4359835850790586,0.8999543268043871
2026-10-03T09:47:09.333 0.014477716309143563,-0.0003509486864207527,-2.2771558261746363e-05,0.0007214895638890704,-6.665715730337474e-05,0.4364825035296171,0.8997124535773362
2026-10-03T09:47:09.388 0.01440666930357987,-0.0004420850827275784,-2.234628378053886e-05,0.0007223634062269825,-6.514395415151372e-05,0.43715227839389215,0.8993872132971447
2026-10-03T09:47:09.471 0.014312256806663244,-0.0005646334211001171,-2.245030500555677e-05,0.0007239582868074438,-6.616174938023723e-05,0.4378658023732948,0.899040049507814
2026-10-03T09:47:09.522 0.014233103240711531,-0.0006644125930088097,-2.229533400828529e-05,0.0007249628582755232,-6.48495455103559e-05,0.4386670348074691,0.8986493770078591
2026-10-03T09:47:09.600 0.014126770494108301,-0.000800431731127658,-2.2067580784250585e-05,0.0007267578021900557,-6.570421940793024e-05,0.439455541054984,0.8982640452239663
2026-10-03T09:47:09.660 0.01404284881676021,-0.0009073039157791432,-2.180076132812495e-05,0.0007277828492472648,-6.440878651950564e-05,0.4403192091540935,0.8978409994166819
2026-10-03T09:47:09.737 0.013934131658357916,-0.0010494623623620216,-2.1762952302945454e-05,0.000729143641514192,-6.486165042502028e-05,0.4411418392976826,0.8974370962711392
2026-10-03T09:47:09.791 0.013849256043922863,-0.001157824675172425,-2.167343845376322e-05,0.0007298187803165809,-6.413916403233107e-05,0.4420311673887843,0.8969993925904434
2026-10-03T09:47:09.877 0.013738632111176999,-0.0013023673314969378,-2.1289887039259542e-05,0.0007321295344984997,-6.424985474468843e-05,0.44287102246323246,0.8965850307252915
2026-10-03T09:47:09.926 0.013655663612640482,-0.001411146852834387,-2.1352400267800714e-05,0.0007329235206274819,-6.329178052636677e-05,0.4437697381521576,0.8961405460739007
2026-10-03T09:47:10.021 0.013555052859756325,-0.00154358964022593,-2.1133694789580624e-05,0.0007342597841844569,-6.316818191966712e-05,0.44463811472652737,0.8957099998352087
2026-10-03T09:47:10.110 0.013463978532405885,-0.0016629788903606596,-2.1019476903287836e-05,0.0007352668987457076,-6.29770190997292e-05,0.4455208264311397,0.8952712709746677
2026-10-03T09:47:10.161 0.013370520107795358,-0.0017891631000163553,-2.0901488255222452e-05,0.0007368168558372042,-6.356569646981157e-05,0.44640323967745477,0.8948316046417873
2026-10-03T09:47:10.212 0.013277062266782238,-0.0019111749844642884,-2.038116944026421e-05,0.0007389101022474737,-6.21533870707128e-05,0.44730097083752296,0.8943831906049144
2026-10-03T09:47:10.292 0.013186941081332412,-0.0020351537803078635,-2.064098722762649e-05,0.0007392686922604252,-6.221562539497067e-05,0.44819807751498114,0.89393396452025
2026-10-03T09:47:10.338 0.013097297466409358,-0.0021556755006610978,-2.0409821805767616e-05,0.0007407527596912093,-6.182406186680829e-05,0.44910224642581853,0.8934800611756357
2026-10-03T09:47:10.421 0.013006222927627332,-0.002280727192081848,-2.0474416704114063e-05,0.0007427684520124131,-6.271973006086535e-05,0.4500015571446151,0.893027459224342
2026-10-03T09:47:10.483 0.012916579225810111,-0.002398089866267705,-2.027305408410171e-05,0.0007432893201483614,-6.125230893580415e-05,0.45090676988071243,0.8925707415353046
2026-10-03T09:47:10.562 0.012826935593784191,-0.0025209957724172337,-2.0071690557409186e-05,0.0007447643180631539,-6.070237610410881e-05,0.45181403820967336,0.8921118296032173
2026-10-03T09:47:10.622 0.012738245629925999,-0.002641636690055899,-1.985693411876325e-05,0.0007462049071479945,-6.078425358839329e-05,0.4527321545726589,0.8916462503142764
2026-10-03T09:47:10.703 0.012644787298806286,-0.0027677612950558882,-1.9679340910174482e-05,0.0007482572114841426,-6.112861881791549e-05,0.45364937637749975,0.8911799367617872
2026-10-03T09:47:10.762 0.01255419010290622,-0.0028918593060967396,-1.941686475808106e-05,0.0007495828092709839,-5.996599476271725e-05,0.454582215120871,0.8907044651428967
2026-10-03T09:47:10.836 0.012462638825555532,-0.0030172090267338286,-1.9421101107336993e-05,0.0007508416676763981,-6.08218762215521e-05,0.4555108219919551,0.890229927370285
2026-10-03T09:47:10.886 0.012372518516636562,-0.003139697706354248,-1.9114675720840458e-05,0.0007525317618061214,-5.948325639395087e-05,0.4564442564763843,0.8897516905785627
2026-10-03T09:47:10.964 0.012284781535306438,-0.003263497658243667,-1.9363362045240522e-05,0.0007535639557251867,-6.040408367296727e-05,0.4573773934509762,0.8892723702289992
2026-10-03T09:47:11.013 0.012196091707260475,-0.003385569087343158,-1.9074099659771816e-05,0.0007546302623456411,-5.921901923123548e-05,0.4583168484644352,0.8887885538416339
2026-10-03T09:47:11.104 0.012108355229702288,-0.0035100842949124123,-1.9009861873249555e-05,0.0007565531722664021,-5.973568384335045e-05,0.459254604065556,0.8883043581473272
2026-10-03T09:47:11.161 0.012020142362023596,-0.0036326325551529776,-1.86468476270177e-05,0.0007579975118118561,-5.873396707417944e-05,0.46020097288274286,0.8878144437594323
2026-10-03T09:47:11.234 0.011933359241549828,-0.0037563728903689097,-1.877783268076502e-05,0.0007593319634350205,-5.9509740429750765e-05,0.4611476099990068,0.8873231100708265
2026-10-03T09:47:11.290 0.011845146652546146,-0.0038804708713434393,-1.825090561280294e-05,0.0007612789746520276,-5.807667922482326e-05,0.46209955142038467,0.8868277294145134
2026-10-03T09:47:11.365 0.011761224706611671,-0.004003436310137683,-1.8282106375743228e-05,0.0007622909770527539,-5.9484025128924036e-05,0.46304988425238625,0.8863318904721689
2026-10-03T09:47:11.420 0.011678256739177778,-0.004122587039618751,-1.809129848425635e-05,0.0007635411425198615,-5.7869191251323024e-05,0.463995835959366,0.8858370492751191
2026-10-03T09:47:11.496 0.011594811424813155,-0.004244241170246489,-1.8242462532297025e-05,0.000764792723980807,-5.854528507863188e-05,0.4649454235297681,0.885339011228616
2026-10-03T09:47:11.555 0.011511843783925346,-0.004365001225100824,-1.785793952419436e-05,0.0007668179809821868,-5.7302163033951615e-05,0.4658346609585119,0.8848714467968296
2026-10-03T09:47:11.630 0.011432213460522823,-0.004478549075965899,-1.7761816915047332e-05,0.0007679459552353097,-5.676673152374803e-05,0.4665806993612929,0.8844782970882185
2026-10-03T09:47:11.687 0.011356874523909906,-0.004588282175545787,-1.7732084870769635e-05,0.0007680280048477259,-5.6901894032611184e-05,0.4671230999308546,0.8841919567639976
2026-10-03T09:47:11.770 0.011305854166361212,-0.004663146251719301,-1.7517291824933896e-05,0.0007690957260682192,-5.618936620604849e-05,0.46744853946606263,0.884019947900252
2026-10-03T09:47:11.825 0.011269137982128224,-0.004715181568916803,-1.7727451264550045e-05,0.0007691397240099068,-5.5775673967452594e-05,0.4675183958641979,0.8839830059688515
2026-10-03T09:47:11.917 0.011261031920573735,-0.00473163255293715,-1.7744434047675736e-05,0.0007685040649283402,-5.6179234851987763e-05,0.4673534112076279,0.884070243407157
2026-10-03T09:47:11.982 0.011281059017402749,-0.004698611327546731,-1.753768623067806e-05,0.000768192596644859,-5.652202469453213e-05,0.4669990331063748,0.884257490645743
2026-10-03T09:47:12.061 0.011345907329840997,-0.00460884591609498,-1.784885139874441e-05,0.0007674150344396847,-5.656852906511598e-05,0.46647356075426855,0.8845348071112862
2026-10-03T09:47:12.121 0.011435074153960847,-0.004482602155833513,-1.8004758113618766e-05,0.0007662705386657669,-5.67991910269117e-05,0.46573965187261185,0.8849214576881339
2026-10-03T09:47:12.203 0.01155714250554131,-0.004309031893341539,-1.7959374320681343e-05,0.0007636871012808289,-5.678452942910322e-05,0.4648039234004605,0.8854133082064373
2026-10-03T09:47:12.273 0.01165393820711314,-0.004172416828878966,-1.8365763894161815e-05,0.000762575803048802,-5.780567370675941e-05,0.46363776288723835,0.8860245143118591
2026-10-03T09:47:12.353 0.01178554315035386,-0.003987759982391206,-1.8335460516017514e-05,0.0007609364514759492,-5.78229822230825e-05,0.4624016271339901,0.8866702616283338
2026-10-03T09:47:12.412 0.011886153895261528,-0.003843455870673896,-1.8464761078929223e-05,0.0007589894771788528,-5.946347813879417e-05,0.461045716430982,0.8873760576890222
2026-10-03T09:47:12.484 0.012021096461678532,-0.0036552823081425823,-1.8558944927037364e-05,0.0007576431912337993,-5.9010894051610197e-05,0.45969052048998177,0.8880788522795477
2026-10-03T09:47:12.495 0.012021096461678532,-0.0036552823081425823,-1.8558944927037364e-05,0.0007576431912337993,-5.9010894051610197e-05,0.45969052048998177,0.8880788522795477
2026-10-03T09:47:12.545 0.01213553484288801,-0.003496970930856871,-1.8993233461895174e-05,0.0007555034553394871,-6.076414322249545e-05,0.4582785221000976,0.8888083155011536
2026-10-03T09:47:12.627 0.01227619937750899,-0.0033031944596760504,-1.909646538729241e-05,0.0007537439974924202,-5.960926021085837e-05,0.4568980541564466,0.8895187442796105
2026-10-03T09:47:12.676 0.012395406724289725,-0.0031382669067072898,-1.9106161170556657e-05,0.000750935963236678,-6.228173645987866e-05,0.45546182704202387,0.8902549951130327
2026-10-03T09:47:12.758 0.012540839049625357,-0.0029418677711852193,-1.95596591047049e-05,0.0007490312300652226,-6.093521956782362e-05,0.4540763524028077,0.8909624579227099
2026-10-03T09:47:12.806 0.012658138772093762,-0.0027810529627575985,-1.977495449093863e-05,0.0007471319007438977,-6.28088959642589e-05,0.45264590616769357,0.8916900366599332
2026-10-03T09:47:12.889 0.012804524997605394,-0.0025858459080994917,-2.0095849807131735e-05,0.0007443050813654966,-6.188297336728909e-05,0.4512674953529209,0.8923884186935334
2026-10-03T09:47:12.937 0.012921348691473702,-0.0024293226400112946,-1.9833553999166808e-05,0.000744008331962525,-6.330851919370269e-05,0.44984348509844213,0.8931070940027971
2026-10-03T09:47:13.028 0.013071549284733834,-0.0022307776772514613,-2.033929501270889e-05,0.0007403161512511661,-6.274466677323444e-05,0.44848349271645604,0.8937908059249388
2026-10-03T09:47:13.084 0.013192663894935898,-0.002070499262577528,-2.0441412611227218e-05,0.0007398490713936883,-6.514410600779484e-05,0.4470750095276891,0.8944961622250895
2026-10-03T09:47:13.172 0.013344295181862312,-0.001871596653916933,-2.083020633293444e-05,0.0007363001996524881,-6.399783042480591e-05,0.44573215328621846,0.8951660746996195
2026-10-03T09:47:13.238 0.013466840140284278,-0.0017134639884663488,-2.1053794511239995e-05,0.0007350556032396971,-6.620363455744876e-05,0.44434021092050924,0.8958578192266093
2026-10-03T09:47:13.307 0.013598444791971396,-0.0015412049081428311,-2.1306610814046897e-05,0.000732559503059162,-6.554721404537707e-05,0.4429631110419999,0.8965395369508978
2026-10-03T09:47:13.360 0.013756275304905165,-0.0013402160588270326,-2.1466787686818607e-05,0.0007304027476901537,-6.532766890393046e-05,0.44163810519308916,0.8971929816296936
2026-10-03T09:47:13.435 0.01387977372620602,-0.0011803548466931266,-2.1811093148540935e-05,0.0007293001559022134,-6.801234849376554e-05,0.4402741767707018,0.8978630813016447
2026-10-03T09:47:13.490 0.014011855538907382,-0.0010132813644311617,-2.1900749964985056e-05,0.0007270622301375141,-6.777778756399613e-05,0.43898764564683485,0.8984928011710133
2026-10-03T09:47:13.560 0.014166347955661138,-0.0008175377659146774,-2.2249363322707433e-05,0.0007246980880223412,-6.66912912809461e-05,0.4379225750562981,0.8990123962554765
2026-10-03T09:47:13.606 0.014282217689196871,-0.0006700148112401719,-2.2238877606121312e-05,0.000723792953380011,-6.782998733628943e-05,0.4369960241168722,0.8994631434521926
2026-10-03T09:47:13.680 0.014429557712109966,-0.00048654985959777617,-2.2576180004423783e-05,0.0007221099330392527,-6.599026146385089e-05,0.4363896392571095,0.89975749896935
2026-10-03T09:47:13.728 0.014524923369234414,-0.0003681738344179546,-2.283129337873752e-05,0.0007210446576598039,-6.64953530442527e-05,0.4359521432048712,0.89996955754517
2026-10-03T09:47:13.812 0.014597878025375984,-0.0002750108561369627,-2.3050967915751836e-05,0.0007207273911664069,-6.651536111261016e-05,0.43574713384089325,0.900068837077021
2026-10-03T09:47:13.862 0.014653189900134212,-0.0002029481442423394,-2.3302348159153937e-05,0.0007201482392041695,-6.621782217450806e-05,0.4358050400527253,0.9000408013342263
2026-10-03T09:47:13.945 0.014651282679942099,-0.0002036038193348354,-2.3224826618784845e-05,0.0007201386964309567,-6.605692555064919e-05,0.436012314645251,0.8999404083129233
2026-10-03T09:47:13.990 0.014601215841676648,-0.00026624893132351843,-2.3011543431688453e-05,0.0007207796911910886,-6.64581419850882e-05,0.4363290523534024,0.8997868826185087
2026-10-03T09:47:14.065 0.014526354200946109,-0.0003600675846696669,-2.256533592862346e-05,0.0007229538060659934,-6.698171919989323e-05,0.43680970117210294,0.8995536436551084
2026-10-03T09:47:14.133 0.01445292232993382,-0.0004568664523343025,-2.2613127433060176e-05,0.0007235463622863754,-6.634773077932657e-05,0.4374359053814165,0.8992492984494238
2026-10-03T09:47:14.187 0.014369000281624245,-0.000564215474187696,-2.2584726180031088e-05,0.0007249195628930396,-6.732261500106601e-05,0.438149727556715,0.8989017110904113
2026-10-03T09:47:14.230 0.014284125162706244,-0.0006726373915854571,-2.2182288327168275e-05,0.0007263308610236521,-6.611651703518198e-05,0.4389137664718001,0.8985288941784926
2026-10-03T09:47:14.306 0.01419018994354029,-0.000792801538109068,-2.198904102086461e-05,0.000727475100386373,-6.597184826031454e-05,0.4397117503442311,0.8981386546836219
2026-10-03T09:47:14.369 0.014101499773782014,-0.0009083164563138599,-2.1863692276063054e-05,0.0007288089560916441,-6.546418853250696e-05,0.44053545339400624,0.8977349156933148
2026-10-03T09:47:14.444 0.014004226314072386,-0.0010334874350741063,-2.1948288349116012e-05,0.0007301938832217147,-6.644900004785387e-05,0.44136973619262726,0.8973250349648526
2026-10-03T09:47:14.495 0.013911721543510343,-0.0011506713313516519,-2.1772204463057885e-05,0.0007310043115646073,-6.466486671760436e-05,0.44221233426385625,0.8969100918576304
2026-10-03T09:47:14.581 0.013817309450120843,-0.001273458088256796,-2.16229062254201e-05,0.0007323561761551931,-6.461635377269466e-05,0.4430625016697066,0.8964904233137905
2026-10-03T09:47:14.632 0.013726235132822721,-0.0013917744547829196,-2.1493787372045638e-05,0.0007335389535875158,-6.424844652776122e-05,0.4439240238558549,0.8960641265201766
2026-10-03T09:47:14.704 0.013629439120899879,-0.0015205813108051399,-2.1221509358830226e-05,0.0007354251310639822,-6.516967922173476e-05,0.444791327113817,0.8956339264605372
2026-10-03T09:47:14.752 0.013537888096097853,-0.0016397917529925759,-2.101713071630459e-05,0.0007364824328956964,-6.32846557154812e-05,0.4456682869454292,0.8951978728749331
2026-10-03T09:47:14.822 0.0134410916275237,-0.0017678833533294929,-2.1027974528875183e-05,0.0007371542795636385,-6.372589156097585e-05,0.4465473630341206,0.8947596912634431
2026-10-03T09:47:14.876 0.013350017651030102,-0.001888941533479526,-2.0705140373649197e-05,0.0007392074625521339,-6.314765965872326e-05,0.44743072954615815,0.894318283298789
2026-10-03T09:47:14.946 0.013253221483190388,-0.002018463645258132,-2.0537170241419903e-05,0.0007406043168604282,-6.407373283712603e-05,0.44831814967463707,0.8938737517525125
2026-10-03T09:47:14.995 0.013164054324862662,-0.0021387469410726044,-2.054517706972021e-05,0.0007411137770024106,-6.253776339465398e-05,0.4492090871615073,0.8934263499869046
2026-10-03T09:47:15.084 0.013072503476850746,-0.002264513894173878,-2.0281192784504534e-05,0.000742931817578686,-6.238478940849233e-05,0.4500952254468045,0.8929802529678037
2026-10-03T09:47:15.130 0.012985720496831075,-0.0023844395321026162,-2.0292969321658528e-05,0.0007445705773498706,-6.172462829969987e-05,0.45098872501936293,0.8925293338093349
2026-10-03T09:47:15.202 0.012893216032117379,-0.0025090740089518896,-1.9982773933830833e-05,0.0007458276894629581,-6.303050331337048e-05,0.4518843110433032,0.8920762350837133
2026-10-03T09:47:15.248 0.012806433061103038,-0.0026297149026178754,-1.999455035399384e-05,0.0007464853622902191,-6.146070871504365e-05,0.4527859175855321,0.8916189498986733
2026-10-03T09:47:15.327 0.012713928501851534,-0.0027561971234687094,-1.9758860376780213e-05,0.0007489966497495911,-6.218138327397513e-05,0.4536904730767363,0.8911590148659787
2026-10-03T09:47:15.375 0.012623807870138705,-0.0028773745009397144,-1.9646150058153228e-05,0.0007497360133925736,-6.0589847588472294e-05,0.45460382162087215,0.8906934374926532
2026-10-03T09:47:15.456 0.012530349389559568,-0.00300659854748965,-1.9587765483148776e-05,0.0007512770420975408,-6.110204611397684e-05,0.45552551414999387,0.8902224091808348
2026-10-03T09:47:15.500 0.012440228996905557,-0.003129921692147794,-1.934094453043539e-05,0.000752432519674551,-6.02441991238659e-05,0.4564473261851586,0.8897501158383512
2026-10-03T09:47:15.586 0.012347247488997343,-0.0032587285001645086,-1.9193907098338365e-05,0.0007540284951819527,-6.015492902515353e-05,0.4573794196357042,0.8892713277263129
2026-10-03T09:47:15.631 0.012259987647808224,-0.0033804422834452577,-1.9234731698079563e-05,0.0007547211424758167,-6.031513058015618e-05,0.458307043457382,0.8887936097179342
2026-10-03T09:47:15.703 0.012174158835086353,-0.0035040633972909874,-1.896489378212838e-05,0.0007566378559640839,-6.041429104187175e-05,0.45922998735279646,0.8883170844722164
2026-10-03T09:47:15.756 0.012087376174108324,-0.0036250023141452857,-1.878295530015907e-05,0.0007578068599484395,-5.905372101651447e-05,0.46015793860693194,0.8878367495088499
2026-10-03T09:47:15.834 0.0119967788395516,-0.0037511864877722476,-1.8624786804819044e-05,0.0007592081353488522,-5.9318052191788065e-05,0.4610964098585163,0.8873497173606149
2026-10-03T09:47:15.887 0.011909518940439085,-0.003873913550022299,-1.8710314666527483e-05,0.0007608588179312378,-5.866870144558214e-05,0.46203318217757994,0.8868623096167194
2026-10-03T09:47:15.969 0.011821305951363948,-0.003999918879678701,-1.8451607852816292e-05,0.0007628333834051213,-5.962204924988143e-05,0.462976778944334,0.8863700788546338
2026-10-03T09:47:16.040 0.011734523441207035,-0.004123480400889239,-1.819516322903923e-05,0.0007640435746255535,-5.8058294695275546e-05,0.4639183199529951,0.8858776469008804
2026-10-03T09:47:16.088 0.01164678687661548,-0.00425043939890776,-1.8205430755638552e-05,0.0007653586400258963,-5.8601102933333234e-05,0.4648714837418487,0.8853778370818387
2026-10-03T09:47:16.132 0.011560481085673032,-0.00437590826276394,-1.8039146605366113e-05,0.0007668116644665583,-5.82490855778199e-05,0.46581975984711826,0.8848792911707722
2026-10-03T09:47:16.203 0.011474175458902345,-0.004501317521956212,-1.776855446686581e-05,0.0007688585412100019,-5.8674280320409274e-05,0.46671185826619005,0.8844090946884209
2026-10-03T09:47:16.252 0.011392161053091264,-0.0046190973326116465,-1.7638859230027578e-05,0.000769711249755823,-5.713216803727669e-05,0.467450625135813,0.8840188444488302
2026-10-03T09:47:16.335 0.01132349757667118,-0.004720068465378742,-1.770909049530141e-05,0.0007699171323895913,-5.7004280982594015e-05,0.46800742008138135,0.8837241983372928
2026-10-03T09:47:16.387 0.011251019937948782,-0.004827596157046043,-1.74901675387897e-05,0.000770444735030376,-5.6944763648316297e-05,0.4683008822457983,0.8835687222055855
2026-10-03T09:47:16.466 0.011191415845211437,-0.004916050200387287,-1.7798242661289376e-05,0.0007707159651188805,-5.652670077421461e-05,0.46831649840104633,0.8835604450896475
2026-10-03T09:47:16.514 0.011161852860075929,-0.004958012242476996,-1.752797499485397e-05,0.0007700934975324194,-5.6882501636813626e-05,0.4680972438701993,0.8836766229800974
2026-10-03T09:47:16.599 0.01118617101475794,-0.004924990963110457,-1.7626035399864227e-05,0.000769019753770361,-5.6781427693354545e-05,0.4677195312259462,0.8838766008297023
2026-10-03T09:47:16.649 0.011240529522361271,-0.0048454180779350965,-1.7622589587869735e-05,0.0007687603257548626,-5.711032501560681e-05,0.4671705445061996,0.8841668892758614
2026-10-03T09:47:16.733 0.01133446445037306,-0.004711485258483132,-1.7890344859090733e-05,0.0007673351920402903,-5.7318874560322344e-05,0.46643100322906,0.8845572492145335
2026-10-03T09:47:16.776 0.011425062349469545,-0.004581486387519765,-1.7661084271610573e-05,0.0007668932594149861,-5.7995475281150275e-05,0.46544776831040685,0.8850750157394092
2026-10-03T09:47:16.850 0.011547606899528868,-0.004405889561173247,-1.8003884446991384e-05,0.0007638095387254132,-5.7134534877504964e-05,0.4643110837719239,0.8856718527858808
2026-10-03T09:47:16.895 0.01164535644919951,-0.0042682016010760875,-1.829257291555635e-05,0.0007627590487022074,-5.917949299077039e-05,0.46303188333317385,0.8863412941487919
2026-10-03T09:47:16.982 0.011779345332736455,-0.0040792531901696,-1.8385249030261454e-05,0.0007604953406470224,-5.8822088195311026e-05,0.4617273519396049,0.8870215728253958
2026-10-03T09:47:17.034 0.011899982918626149,-0.003909676456923067,-1.8531317647295483e-05,0.0007594782839458811,-6.065373232983693e-05,0.4603599368307375,0.8877320249236592
2026-10-03T09:47:17.108 0.012036355734065234,-0.003721383667122019,-1.879167587336679e-05,0.0007568269972426559,-6.023252249610275e-05,0.4589879036504104,0.8884421916408186
2026-10-03T09:47:17.161 0.012151748411769943,-0.0035620589987945457,-1.8825141584764824e-05,0.0007548220112301441,-6.237687089328659e-05,0.457565593571768,0.8891755473089512
2026-10-03T09:47:17.249 0.012296227041764512,-0.003362023991945575,-1.9262231110905827e-05,0.0007526665815042239,-6.137213543285614e-05,0.4561937387784276,0.889880161834074
2026-10-03T09:47:17.313 0.012417341698929857,-0.0031979904846401543,-1.9304744753354216e-05,0.0007514909365785665,-6.300790968731762e-05,0.45477023591912025,0.8906084795315187
2026-10-03T09:47:17.392 0.012566112047059328,-0.0029942599357572638,-1.9599608828911826e-05,0.000748443887825183,-6.23642883542881e-05,0.4534025839117838,0.8913055216055604
2026-10-03T09:47:17.455 0.012688180108429726,-0.0028294515560930533,-1.980754302649348e-05,0.00074772694429942,-6.453615355820908e-05,0.4519860841801385,0.8920246725550849
2026-10-03T09:47:17.525 0.012840288341307621,-0.0026261381976968694,-2.0092783401739665e-05,0.0007445405647453167,-6.325895423449091e-05,0.45063243930047453,0.8927092731162573
2026-10-03T09:47:17.583 0.01296283351266206,-0.0024624623002498063,-2.013755877590748e-05,0.0007426776512550403,-6.64143805263229e-05,0.44922947065587276,0.8934160994258392
2026-10-03T09:47:17.659 0.013093007546616948,-0.0022909780983322433,-2.0462618874600016e-05,0.0007404840312391018,-6.496959329532455e-05,0.447843668343875,0.8941115680868091
2026-10-03T09:47:17.711 0.013245593009985691,-0.002090883384709244,-2.052509551493601e-05,0.0007388764286110886,-6.522369722639731e-05,0.44651067511772263,0.8947779986194386
2026-10-03T09:47:17.791 0.013371475548669428,-0.001931439375079824,-2.0917873986476266e-05,0.0007366705870742293,-6.76948854109955e-05,0.44513896924136215,0.8954611944671786
2026-10-03T09:47:17.849 0.013501650010916098,-0.0017621605449722987,-2.0989614300787882e-05,0.0007352262875164244,-6.725934420918187e-05,0.44378207445889445,0.8961344348408039
2026-10-03T09:47:17.928 0.013635161839130374,-0.001591391556776231,-2.1364655220695386e-05,0.0007327118196110692,-6.830308927949817e-05,0.44244589306268234,0.8967948986139712
2026-10-03T09:47:18.011 0.013770104835515553,-0.0014186555972131808,-2.1309825118066417e-05,0.0007321222697207224,-6.955809241129094e-05,0.4411210647823951,0.8974473050624755
2026-10-03T09:47:18.075 0.013904093336870657,-0.00124800581232237,-2.1789927946524174e-05,0.0007291993804440621,-6.935337323339121e-05,0.43981185470500034,0.8980896369067627
2026-10-03T09:47:18.137 0.014039036109363245,-0.0010780712710936142,-2.189900995393025e-05,0.0007274457511173565,-6.965576535491288e-05,0.43857491412076444,0.8986943366210325
2026-10-03T09:47:18.215 0.014169210130875283,-0.0009130839754669898,-2.2283673560227267e-05,0.0007253858119266588,-7.021997460276245e-05,0.437497207136131,0.8992194741177842
2026-10-03T09:47:18.275 0.014313689539146987,-0.0007318244316578981,-2.2378033736287145e-05,0.000723697825350979,-6.858172394124134e-05,0.43666927242625375,0.899621819475679
2026-10-03T09:47:18.353 0.014429082019993246,-0.0005868048781191276,-2.2649915388955933e-05,0.0007227212929753807,-6.892294835934059e-05,0.4360529032557821,0.8999207401131298
2026-10-03T09:47:18.438 0.014528262360748709,-0.000462110712558037,-2.286635780955872e-05,0.0007221500876011719,-6.920770049286988e-05,0.43566869321839513,0.9001068066951394
2026-10-03T09:47:18.501 0.014622674412428038,-0.00034349628079777516,-2.3075259935021704e-05,0.0007214469305173675,-6.812458128581888e-05,0.4355381599589931,0.9001699762227701
2026-10-03T09:47:18.559 0.014688953593071348,-0.00025975092042478787,-2.3209872197810907e-05,0.0007204921866943772,-6.795464386267145e-05,0.43563546503034817,0.9001228904327273
2026-10-03T09:47:18.632 0.014690860789091901,-0.0002534328040736108,-2.3257592379222346e-05,0.0007215510675675854,-6.789965201262355e-05,0.43586005388047017,0.9000141599913902
2026-10-03T09:47:18.711 0.014654145428858682,-0.00029980567991401045,-2.2901509327427124e-05,0.000721039993734721,-6.860339617280513e-05,0.43620778683023037,0.8998456768266289
2026-10-03T09:47:18.783 0.014574038792752441,-0.0004025650960024659,-2.2387402560914095e-05,0.0007235852914116743,-6.873355326733751e-05,0.4366611067012966,0.8996257830867364
2026-10-03T09:47:18.852 0.014502037349628173,-0.0004928670393768328,-2.243745691823388e-05,0.0007241999450924024,-6.799358469803383e-05,0.43728391343852197,0.8993232177360947
2026-10-03T09:47:18.924 0.014409531876759352,-0.0006104085636050203,-2.2708407250725022e-05,0.0007253431000202737,-6.871078258102093e-05,0.437947846846338,0.8990000848714488
2026-10-03T09:47:18.977 0.014329901376252018,-0.0007098897183042175,-2.2612286942400785e-05,0.000725740051830022,-6.776837919157477e-05,0.4387064923592203,0.8986301142687648
2026-10-03T09:47:19.061 0.014222615317433662,-0.0008465049148366075,-2.215950862220792e-05,0.0007284378618359511,-6.822224775077859e-05,0.4394481487715203,0.8982676601466236
2026-10-03T09:47:19.118 0.014142031302581496,-0.0009511120809819903,-2.2002275045032343e-05,0.0007283199647110628,-6.749210975560841e-05,0.4402669952057839,0.8978666036373747
2026-10-03T09:47:19.202 0.014038559172417094,-0.0010831972765664513,-2.20025631834003e-05,0.0007299051908063484,-6.685940837437004e-05,0.44106223691412644,0.8974762202624307
2026-10-03T09:47:19.259 0.01394605449100055,-0.0012037190329456861,-2.1796676466247902e-05,0.0007313616564603292,-6.657493162901851e-05,0.44187497263324965,0.8970763452673751
2026-10-03T09:47:19.343 0.013852596238659316,-0.001326744196403931,-2.154457805177929e-05,0.0007334564132074182,-6.713648540343846e-05,0.4426931318495933,0.8966728771115924
2026-10-03T09:47:19.407 0.013767243913422033,-0.0014376099102871888,-2.1394705292784318e-05,0.0007340338606974685,-6.57188300665493e-05,0.44354452175576825,0.8962520371501388
2026-10-03T09:47:19.493 0.013666156070519277,-0.0015723772848610174,-2.135405921508978e-05,0.0007352132453088427,-6.584312532052098e-05,0.44436008888903006,0.8958479594935181
2026-10-03T09:47:19.542 0.013576035430097663,-0.0016909916626041503,-2.1226448173112354e-05,0.0007357555852179268,-6.51665277163384e-05,0.44520241893012497,0.8954296513941271
2026-10-03T09:47:19.628 0.013481146598593396,-0.0018159837973610292,-2.1031692216976233e-05,0.0007373918949293546,-6.502809451973817e-05,0.4460460295964434,0.8950097158722854
2026-10-03T09:47:19.686 0.013391026037561512,-0.0019371611748238327,-2.087427847064477e-05,0.000739005988079693,-6.468416927434456e-05,0.4469053162512361,0.8945809566453393
2026-10-03T09:47:19.768 0.013295660285463511,-0.0020648355246124833,-2.0753273858561604e-05,0.0007402982818765744,-6.533823630198124e-05,0.44775986459822,0.8941535390213207
2026-10-03T09:47:19.818 0.013206016373261695,-0.0021860725007385074,-2.07158231730978e-05,0.000740928197198268,-6.41051783166498e-05,0.4486178407195736,0.8937233799694624
2026-10-03T09:47:19.891 0.013112558501183822,-0.0023074883387414675,-2.0210405598200213e-05,0.0007429593810834558,-6.387531478016405e-05,0.4494775442565045,0.8932913193020764
2026-10-03T09:47:19.936 0.013025298289329766,-0.0024278312152334995,-2.0474747560696523e-05,0.0007437180079209792,-6.346226405620332e-05,0.4503483054228748,0.892852645546179
2026-10-03T09:47:20.018 0.012931840016133449,-0.0025529425412641853,-2.025245109014051e-05,0.0007453114896031771,-6.417171513162036e-05,0.45122094346355773,0.892411956762476
2026-10-03T09:47:20.072 0.012842196537022626,-0.0026748947730782465,-1.9946779721458862e-05,0.0007464401131009814,-6.283023237449872e-05,0.4521055325616959,0.8919641395855692
2026-10-03T09:47:20.148 0.012751598970457627,-0.002797621877330381,-1.9907820932120555e-05,0.0007484099789648635,-6.336903657026885e-05,0.4529849055966395,0.8915178692367709
2026-10-03T09:47:20.193 0.01266433950878142,-0.0029176667305110733,-1.969532638118203e-05,0.000748971506564881,-6.252362331414949e-05,0.45387414427812706,0.8910654837262393
2026-10-03T09:47:20.276 0.012576126397244697,-0.003039559339686501,-1.94813236678735e-05,0.0007507996020483286,-6.276754874750053e-05,0.454758345373512,0.8906145516851485
2026-10-03T09:47:20.317 0.012487913003734637,-0.0031615115535395056,-1.944613465563363e-05,0.0007517802248442163,-6.176296306748371e-05,0.4556485671834026,0.890159431919666
2026-10-03T09:47:20.404 0.012399699599718364,-0.003282629302365722,-1.941094577988325e-05,0.0007537062174639833,-6.202806748991155e-05,0.4565364338623629,0.8897043962101643
2026-10-03T09:47:20.451 0.012311963462353451,-0.0034042238822974704,-1.9108290189983653e-05,0.0007538863150671865,-6.149507303398688e-05,0.45743392803640404,0.8892432903064076
2026-10-03T09:47:20.534 0.01222088956120081,-0.003529394782933945,-1.877055421949132e-05,0.0007569436501972717,-6.173881653681104e-05,0.45833657571532993,0.8887783787796453
2026-10-03T09:47:20.580 0.012132675640061952,-0.0036524794851004743,-1.9078091301083365e-05,0.0007568202957193837,-6.030703795703741e-05,0.4592492096499472,0.8883071467808868
2026-10-03T09:47:20.661 0.012043509217217899,-0.0037787828499602333,-1.866886515280106e-05,0.0007587309946118872,-6.047716068446155e-05,0.4601702163970738,0.887830385045962
2026-10-03T09:47:20.711 0.011955295788594318,-0.003901688738135037,-1.8663478269709522e-05,0.0007598153965459798,-6.0235251455418846e-05,0.4610901807115704,0.8873529536231054
2026-10-03T09:47:20.789 0.01186422162618423,-0.004030435917493294,-1.8519456567648302e-05,0.0007617575034425031,-6.056672029289198e-05,0.4620151809179681,0.8868716866934674
2026-10-03T09:47:20.840 0.011778392859832548,-0.004153997426688785,-1.8219816376310045e-05,0.0007629701627906378,-5.9222862817567606e-05,0.4629419400249585,0.8863882752694279
2026-10-03T09:47:20.909 0.011688748970755301,-0.004282684983419344,-1.8227067899894583e-05,0.000764258434553193,-6.018759723168912e-05,0.4638787722195196,0.8858983558911312
2026-10-03T09:47:20.957 0.011599582700075897,-0.004407975069298865,-1.77135339193724e-05,0.0007668869490284082,-5.9084707879798336e-05,0.46481298074989646,0.8854085505120227
2026-10-03T09:47:21.046 0.011508508014993575,-0.004540119713474664,-1.7927139083239794e-05,0.0007675461879745586,-5.9961978325427855e-05,0.46575702556622756,0.8849123122734314
2026-10-03T09:47:21.091 0.011418864182635382,-0.004665827037955754,-1.7874786524014157e-05,0.0007690185408723048,-5.8311715985942536e-05,0.46663598165519404,0.8844491312873347
2026-10-03T09:47:21.163 0.011337326948641311,-0.004787779167708905,-1.7567030823982218e-05,0.0007691644238263559,-5.875313289845371e-05,0.4673786233745116,0.8840569140879477
2026-10-03T09:47:21.206 0.011262941428240551,-0.004897691069246334,-1.77027191788498e-05,0.0007700797142601884,-5.777207863517648e-05,0.46790075776329776,0.8837806767089629
2026-10-03T09:47:21.277 0.011211920980953263,-0.0049729127732994075,-1.7547530644791207e-05,0.0007702782220668157,-5.752771435397169e-05,0.4682064093011609,0.8836187875160513
2026-10-03T09:47:21.329 0.011175682223494628,-0.005026915037705306,-1.740081627111796e-05,0.0007707894765971265,-5.765472350268747e-05,0.4682785004968876,0.8835805840623152
2026-10-03T09:47:21.401 0.01116185412034999,-0.0050468827678136555,-1.7438553603314596e-05,0.0007703404930802021,-5.750540183549723e-05,0.4681263902581962,0.8836611828141397
2026-10-03T09:47:21.449 0.01118521859005796,-0.005016662918763648,-1.756490797510318e-05,0.0007701771740524432,-5.769368098689582e-05,0.46777418760527195,0.88384767517304
2026-10-03T09:47:21.529 0.011246252865324406,-0.004920937090777455,-1.7408107257908406e-05,0.0007691939532048749,-5.831452741525772e-05,0.46725738786918164,0.8841209976138715
2026-10-03T09:47:21.593 0.0113358961059695,-0.004793143603795008,-1.781808757999358e-05,0.0007681815224689259,-5.7909466763201174e-05,0.46653903565379284,0.884500274027584
2026-10-03T09:47:21.666 0.011431738373021968,-0.004656766969891023,-1.807395782865219e-05,0.0007662780368684987,-5.771575586593886e-05,0.4655794052600121,0.8850057778820403
2026-10-03T09:47:21.731 0.011540932656380884,-0.004498217239935376,-1.7799599471015498e-05,0.0007648913718195851,-5.810725755652032e-05,0.4644377424084138,0.8856054397932026
2026-10-03T09:47:21.802 0.011651079576664135,-0.004341574846728574,-1.8197300077113262e-05,0.0007632942507504085,-6.0140171549152484e-05,0.4631871823498143,0.8862601468371951
2026-10-03T09:47:21.854 0.011776962115311566,-0.004163414978613826,-1.8441070184236147e-05,0.000761123927875717,-6.021454967460123e-05,0.4618845284250285,0.886939738351013
2026-10-03T09:47:21.924 0.01188758655285821,-0.00400844150938063,-1.842229245551813e-05,0.0007600894410561921,-6.186972412163234e-05,0.46051088466487805,0.8876537295259624
2026-10-03T09:47:21.983 0.012028727481945006,-0.0038132345207711024,-1.879449911119584e-05,0.0007572451988666375,-6.136288123458564e-05,0.4591696373474282,0.8883482802102658
2026-10-03T09:47:22.044 0.012143166302091678,-0.003652360143705573,-1.8930765213908185e-05,0.0007563681900264684,-6.275512963481741e-05,0.4577700356824605,0.8890703112804036
2026-10-03T09:47:22.089 0.01228859871896334,-0.0034538748456028603,-1.930975777643935e-05,0.0007529605127372592,-6.206273190598659e-05,0.4564214872297632,0.8897633703371108
2026-10-03T09:47:22.173 0.012405898637418701,-0.003293656083601074,-1.9405843924635318e-05,0.0007515676359936346,-6.363683061433756e-05,0.4550172367894296,0.8904823105042315
2026-10-03T09:47:22.215 0.012554192498045435,-0.0030933230054379928,-1.9506238661028026e-05,0.0007494028808126619,-6.312062584637218e-05,0.4536791479059159,0.8911647800303101
2026-10-03T09:47:22.294 0.012673399592870607,-0.0029308392429376368,-1.9694747755390967e-05,0.0007482987912102684,-6.584501820091525e-05,0.45228872544085186,0.8918712600776204
2026-10-03T09:47:22.351 0.012801189481379635,-0.0027585802106496974,-1.998623604532923e-05,0.000746206040552426,-6.537497018784245e-05,0.4509116849443299,0.8925682558120268
2026-10-03T09:47:22.419 0.012951867423821827,-0.002557710660677506,-2.015000509009601e-05,0.0007431505808522617,-6.484942292093327e-05,0.44958679910733146,0.8932363369177222
2026-10-03T09:47:22.470 0.013076796261457496,-0.0023923061985723954,-2.0511474391281582e-05,0.0007417436005684303,-6.672401500172841e-05,0.4482100858605836,0.8939279413337438
2026-10-03T09:47:22.553 0.013210785374472988,-0.0022178417163397114,-2.0574345851782834e-05,0.0007395294638673056,-6.608717703772571e-05,0.44684612859288103,0.8946105220095567
2026-10-03T09:47:22.597 0.01336670844000558,-0.0020125613566195815,-2.0761309991350243e-05,0.0007378068479852145,-6.665854098295403e-05,0.4455475272290342,0.895257980795361
2026-10-03T09:47:22.685 0.013492114140468933,-0.0018492430510780224,-2.1123532881383734e-05,0.0007359580477393206,-6.827010925913877e-05,0.4441929573459978,0.8959308401596413
2026-10-03T09:47:22.733 0.013625149485525788,-0.0016784740688443678,-2.1274302732697214e-05,0.000733760255176216,-6.867964331285788e-05,0.44286568657365183,0.8965876647236691
2026-10-03T09:47:22.817 0.013759615286394446,-0.0015071686268029786,-2.145713674710517e-05,0.000731952185894756,-6.983007377488514e-05,0.4415529291684605,0.8972349024154772
2026-10-03T09:47:22.865 0.013895988069443388,-0.001331273603136101,-2.183670208587793e-05,0.0007307838934011604,-7.089808686938663e-05,0.4402583506086872,0.8978708401811926
2026-10-03T09:47:22.958 0.014028069651340814,-0.0011627100047794747,-2.2060469429166707e-05,0.0007266933303769642,-6.691500737446892e-05,0.4389579033028341,0.8985073325060655
2026-10-03T09:47:23.004 0.01416158188803878,-0.0009944444116200323,-2.2197091658515207e-05,0.0007245725223617365,-6.797479177401934e-05,0.43772707245904896,0.8991076022426449
2026-10-03T09:47:23.093 0.014290326027895348,-0.0008325565754633998,-2.2206964403432385e-05,0.0007241681139178275,-6.97093846897587e-05,0.4366440295567392,0.8996340712609755
2026-10-03T09:47:23.151 0.014411440246438196,-0.0006785962531898358,-2.260710381989349e-05,0.0007227824221185121,-7.026629613122765e-05,0.43577869278968173,0.9000535559391641
2026-10-03T09:47:23.236 0.014543522016225045,-0.0005137281427925872,-2.274146370331987e-05,0.0007218370192219182,-7.00009585915735e-05,0.43519555308854585,0.9003356621966822
2026-10-03T09:47:23.289 0.014642225438934654,-0.00039004726220695583,-2.301675659838641e-05,0.000721176784520133,-7.056519629992813e-05,0.4348296118925258,0.9005124560748696
2026-10-03T09:47:23.384 0.014708504551148352,-0.0003064807157764824,-2.3196072259632346e-05,0.0007210890579383661,-7.044002276092674e-05,0.43466683212080676,0.9005910393307476
2026-10-03T09:47:23.440 0.014745697540285633,-0.0002575448341118341,-2.3031369670831364e-05,0.0007200898984909185,-7.104088516452476e-05,0.4347098375447255,0.9005702824130769
2026-10-03T09:47:23.512 0.014736160382723922,-0.000266724069537839,-2.3359015847081867e-05,0.0007201951658415396,-7.016646080504263e-05,0.4348835845271551,0.9004863931811539
2026-10-03T09:47:23.567 0.014697537590413104,-0.0003175077131213599,-2.3089323208964602e-05,0.0007202684392085815,-7.002362196660333e-05,0.43518700108542663,0.9003397971856741
2026-10-03T09:47:23.637 0.014625059864778389,-0.0004125184293786185,-2.282569887209073e-05,0.0007231580491149767,-7.297052070008086e-05,0.43561448214566917,0.9001330427568469
2026-10-03T09:47:23.685 0.0145516279803973,-0.0005026415768207376,-2.282878804073887e-05,0.0007229432455896516,-6.95528246675141e-05,0.43621010990046355,0.8998445490950612
2026-10-03T09:47:23.762 0.01445578556564654,-0.0006216732590882567,-2.2528217201407273e-05,0.0007255291228509769,-7.220250839863333e-05,0.4368439419110666,0.8995370135852612
2026-10-03T09:47:23.808 0.014382354033780534,-0.0007173396384612406,-2.2352491752557334e-05,0.0007255356088372853,-7.01475495260657e-05,0.43756089440547,0.8991884854492337
2026-10-03T09:47:23.888 0.014274113704871687,-0.0008514514519857215,-2.225583340332547e-05,0.0007274744046350325,-7.01393843721765e-05,0.43825540428110976,0.8988501913443966
2026-10-03T09:47:23.951 0.014192099001152448,-0.0009549261479098654,-2.2200646219147818e-05,0.0007275877504659693,-6.900855902168871e-05,0.43903586525586086,0.8984692398034124
2026-10-03T09:47:24.026 0.014091964727970039,-0.001085223162124518,-2.219131101792656e-05,0.0007282854517211056,-6.895937167200342e-05,0.43979331843430536,0.898098715011578
2026-10-03T09:47:24.077 0.014000413546046798,-0.0012031819067881736,-2.2076339435544112e-05,0.0007297207402253468,-6.889798637072012e-05,0.4405806030665292,0.897712757491082
2026-10-03T09:47:24.159 0.013902187030283727,-0.0013287105253528056,-2.1771997883186166e-05,0.0007313955263964217,-6.967484792857106e-05,0.44136156942933746,0.897329050703738
2026-10-03T09:47:24.203 0.01381778859681021,-0.0014363575763815296,-2.1459720942544178e-05,0.0007326528463859856,-6.792972800019864e-05,0.442183633404523,0.896924240365112
2026-10-03T09:47:24.275 0.01371622365518007,-0.001570886538409771,-2.1582233542024743e-05,0.0007327627040998947,-6.755850944976551e-05,0.44297145550845324,0.8965354137452629
2026-10-03T09:47:24.318 0.013625626527848817,-0.0016892028988914633,-2.1230351480199537e-05,0.0007352774839035061,-6.733794596911776e-05,0.44378049489977184,0.896135217017575
2026-10-03T09:47:24.408 0.013528830286622927,-0.001816638848108564,-2.1092183974330284e-05,0.0007366279607726202,-6.809657263188235e-05,0.4445906974932004,0.8957335342860698
2026-10-03T09:47:24.461 0.01344490831740653,-0.001928398613672253,-2.104888085728861e-05,0.0007368118088677244,-6.656684567785272e-05,0.44543904786807687,0.8953119608893844
2026-10-03T09:47:24.542 0.013340960145134037,-0.002063702465990266,-2.0571577976944384e-05,0.00073904736492744,-6.606841856306654e-05,0.4462504120372015,0.8949078272093637
2026-10-03T09:47:24.591 0.013249885689633156,-0.0021860123437378956,-2.0561667610915503e-05,0.0007391308327968982,-6.687175395723851e-05,0.44707596376726005,0.894495685755586
2026-10-03T09:47:24.676 0.013154996865929879,-0.0023097527809518566,-2.0352010716945456e-05,0.0007416783958855023,-6.668242030349017e-05,0.4479020797857492,0.8940823073913342
2026-10-03T09:47:24.732 0.013073458790046425,-0.0024209760747283065,-2.0491291048823125e-05,0.0007418792918678668,-6.530536497941899e-05,0.4487640497450028,0.8936499723083923
2026-10-03T09:47:24.815 0.012962834686078258,-0.002566889637904416,-2.0226948550631995e-05,0.0007440589794369503,-6.559757520347643e-05,0.4495804505127162,0.8932395314751673
2026-10-03T09:47:24.865 0.012885111538137749,-0.00267435779100013,-2.0193447226467564e-05,0.0007443965692820787,-6.455138351286225e-05,0.4504535961900568,0.892799529226081
2026-10-03T09:47:24.968 0.012784500731536315,-0.0028100192292202252,-2.003434579206066e-05,0.0007457888048251766,-6.466185485519383e-05,0.4512991143534665,0.8923724272979753
2026-10-03T09:47:25.041 0.012695333905758227,-0.0029323886875661296,-1.984863742575118e-05,0.0007471889818021131,-6.365698832023873e-05,0.45215878856655156,0.8919371432889438
2026-10-03T09:47:25.128 0.012600445469683553,-0.003060718682389157,-1.943036378513473e-05,0.0007482719360498953,-6.437054369710284e-05,0.4530280295418844,0.8914959564658386
2026-10-03T09:47:25.186 0.012511278010324846,-0.0031814192107525656,-1.9632085398576348e-05,0.0007495302920179174,-6.373096948250552e-05,0.4539017705093792,0.8910514109023989
2026-10-03T09:47:25.260 0.012419727239451324,-0.0033095703496391978,-1.93382984382544e-05,0.000751482007350035,-6.438146455601398e-05,0.4547706531575999,0.8906082663867597
2026-10-03T09:47:25.334 0.012332467740410262,-0.003430390063207377,-1.9155606045711952e-05,0.0007528493209782194,-6.245340853194487e-05,0.45564677820414135,0.8901603466958398
2026-10-03T09:47:25.403 0.012243300908785972,-0.003556037777021136,-1.8999699428330085e-05,0.0007533306312840109,-6.298309795626895e-05,0.45652224829529997,0.8897116753968635
2026-10-03T09:47:25.504 0.012155087546637218,-0.0036767382933284892,-1.8934708335688127e-05,0.0007550394959558811,-6.235284579090476e-05,0.45740624084832504,0.889257531236304
2026-10-03T09:47:25.579 0.012062582768746236,-0.0038064391650270125,-1.88629304002648e-05,0.0007566502200304391,-6.300016547372882e-05,0.4582840942116478,0.8888054413109954
2026-10-03T09:47:25.646 0.011976277145866965,-0.003926543610826493,-1.854763570174319e-05,0.0007576806281632679,-6.156398182013968e-05,0.4591769981551922,0.8883444751306379
2026-10-03T09:47:25.719 0.011884248904554133,-0.004054873569724677,-1.8655425631442136e-05,0.0007586577322796599,-6.178809339470091e-05,0.4600728823573092,0.8878808273299488
2026-10-03T09:47:25.784 0.011800804585726283,-0.004177004537395754,-1.8180741613626147e-05,0.0007603594543899381,-6.108847440456993e-05,0.46097621653783877,0.8874121623620886
2026-10-03T09:47:25.857 0.011711637222424425,-0.004305334460289808,-1.8382461979163886e-05,0.0007616608605619612,-6.124639811007518e-05,0.46187913379628753,0.88694254711633
2026-10-03T09:47:25.914 0.01162771572893514,-0.004426809782910107,-1.8115640134472226e-05,0.0007630755963527594,-6.0818785566956916e-05,0.4627757924886472,0.8864750306146328
2026-10-03T09:47:25.984 0.011539502599999002,-0.004552934321872453,-1.7946340156671487e-05,0.0007647258211799067,-6.125266660146991e-05,0.46361254849825667,0.8860377059231063
2026-10-03T09:47:26.048 0.011458918663350371,-0.004667495463700005,-1.7818907236507624e-05,0.0007653024811159179,-5.975434300035507e-05,0.4643080129618604,0.8856734611813429
2026-10-03T09:47:26.113 0.011390732047052748,-0.004768466590460945,-1.7874991289284933e-05,0.0007657828516946106,-5.944763741425622e-05,0.4648249323182962,0.8854022771248636
2026-10-03T09:47:26.161 0.011313486262710086,-0.004878497737220962,-1.7529319482043096e-05,0.0007666503378393827,-5.9047869556821905e-05,0.46507783338318703,0.8852694604786777
2026-10-03T09:47:26.231 0.011238147076986029,-0.004987157953222318,-1.7648599038933473e-05,0.0007661335189789879,-5.936695646485335e-05,0.4650384054373367,0.8852901733235803
2026-10-03T09:47:26.280 0.01123624014613249,-0.004993952906701587,-1.7436966211278294e-05,0.0007660040080195663,-5.962927092307998e-05,0.4648340814290698,0.885397473694274
2026-10-03T09:47:26.357 0.011278677609909867,-0.0049321423557944465,-1.7638186380738967e-05,0.000765578830487493,-6.0100911625542616e-05,0.46448742218803385,0.8855793837404131
2026-10-03T09:47:26.412 0.011352109185876574,-0.004826879628594248,-1.7709605401240897e-05,0.0007645766827919382,-5.9170222514162265e-05,0.46396910253743284,0.8858510505790407
2026-10-03T09:47:26.487 0.011467501461397694,-0.0046636806583976904,-1.7966588884862505e-05,0.0007631407782336516,-5.872191487158949e-05,0.4633046628760101,0.8861987381649987
2026-10-03T09:47:26.542 0.011560005942463812,-0.004536602391107352,-1.8246982387273097e-05,0.0007619705549149821,-6.0623032928762566e-05,0.46236589343830753,0.8866888948840608
2026-10-03T09:47:26.616 0.011682550620830926,-0.004361840029773954,-1.851527671332363e-05,0.0007599589510365831,-6.000422449190485e-05,0.4612790969605922,0.8872547624944632
2026-10-03T09:47:26.671 0.011783161820592468,-0.004219979708443031,-1.8376356310289265e-05,0.0007593415078584293,-6.224326508794005e-05,0.460034794561103,0.8879005616167692
2026-10-03T09:47:26.749 0.011920011360795674,-0.004032163749810396,-1.871197410127901e-05,0.000756668100572313,-6.208701414025122e-05,0.4587803312107608,0.8885493972158964
2026-10-03T09:47:26.799 0.012031589803108441,-0.003875461733830998,-1.847118737691011e-05,0.0007564490053018377,-6.405329918454537e-05,0.4574464429494546,0.8892368500658127
2026-10-03T09:47:26.877 0.012176068203957315,-0.0036778109128029275,-1.9072189081330894e-05,0.0007532870036334755,-6.318347941492592e-05,0.45614149496921913,0.8899069418393049
2026-10-03T09:47:26.926 0.012292414449584937,-0.003515744418817361,-1.9151866529042145e-05,0.0007520428475597986,-6.562447497369024e-05,0.45477318590438376,0.8906069725234361
2026-10-03T09:47:27.012 0.012440708173352447,-0.003315768968539307,-1.934166806234831e-05,0.0007498233959652348,-6.407554895258399e-05,0.45346275353635646,0.8912749097862144
2026-10-03T09:47:27.063 0.012558484841929682,-0.003154298503002117,-1.9483211773054625e-05,0.0007482780607989464,-6.60244398164899e-05,0.45209539834852264,0.8919692744219432
2026-10-03T09:47:27.144 0.012687228331084616,-0.0029837679934166185,-1.9835812210680577e-05,0.0007459714202603378,-6.649425805431666e-05,0.45074863709157664,0.8926506064890338
2026-10-03T09:47:27.187 0.012838859954452086,-0.0027816467338946647,-1.9986188177756707e-05,0.0007438118708000695,-6.603933838030648e-05,0.44945522170700886,0.8933025501267811
2026-10-03T09:47:27.277 0.012960451027549582,-0.0026197589878495108,-2.0312577108098788e-05,0.0007421940837032494,-6.783193157973903e-05,0.44810837046745217,0.8939789331207844
2026-10-03T09:47:27.324 0.013090625747755373,-0.002448513204431746,-2.020550403331772e-05,0.0007401118256684527,-6.750309949277905e-05,0.4467737682987434,0.8946466607761736
2026-10-03T09:47:27.415 0.013226044728621794,-0.0022717241231138222,-2.0658067371026737e-05,0.0007386939658368926,-6.951515192794874e-05,0.4454568383166805,0.8953031077214997
2026-10-03T09:47:27.489 0.013360510575999835,-0.0020947562398055506,-2.0766396598772565e-05,0.0007379350695932926,-7.160492314808643e-05,0.44415176908946585,0.895951257792111
2026-10-03T09:47:27.557 0.013496406689660168,-0.0019190400360572695,-2.1040899980248832e-05,0.0007348827020506857,-7.025023356080503e-05,0.4428552251005291,0.896592831007185
2026-10-03T09:47:27.628 0.01362896493749053,-0.0017481518505675687,-2.1354828489238913e-05,0.0007315791379548421,-6.962986937424475e-05,0.4415647311501499,0.8972290945728086
2026-10-03T09:47:27.708 0.013765814761343458,-0.0015735085184155817,-2.1615938412803812e-05,0.0007311335586507087,-7.253708468902681e-05,0.4402971826507344,0.8978517979777713
2026-10-03T09:47:27.771 0.01389837354430706,-0.0014020838910600644,-2.158714073046949e-05,0.0007303030731901624,-7.277778034505425e-05,0.43910104060849026,0.8984373865202611
2026-10-03T09:47:27.852 0.014028547638000932,-0.0012372158047147795,-2.1927100889563534e-05,0.0007272215346628409,-7.10468151887221e-05,0.4380607064455213,0.8989450948582124
2026-10-03T09:47:27.902 0.014176841719100884,-0.0010506513994882538,-2.199769108874338e-05,0.0007255161837982568,-7.166205757068412e-05,0.4372742266701219,0.8993279263877351
2026-10-03T09:47:27.989 0.014291280152859598,-0.0009058702765791533,-2.2506483123362436e-05,0.0007250837635318511,-7.16847916269338e-05,0.43669204024270464,0.89961076644485
2026-10-03T09:47:28.050 0.014389507219969132,-0.0007829642623242836,-2.248299911025393e-05,0.000724457727598435,-7.21232447161604e-05,0.4363418346074674,0.8997806806831474
2026-10-03T09:47:28.120 0.014479150973863547,-0.0006678665646369782,-2.266946021722666e-05,0.0007240135224830356,-7.128003870313222e-05,0.43624721284423346,0.8998265610711952
2026-10-03T09:47:28.168 0.014540184743143027,-0.0005899625255219663,-2.297459200461932e-05,0.0007235967845842347,-7.094270143708813e-05,0.43636040208395754,0.8997716770758865
2026-10-03T09:47:28.245 0.014539231073020516,-0.0005902009561078932,-2.2973084105479046e-05,0.0007239685864652922,-7.07276451517756e-05,0.43657280235940393,0.8996686385037231
2026-10-03T09:47:28.292 0.014499655006155977,-0.0006389580537268446,-2.2433663372466113e-05,0.0007235818773066626,-7.118336639798072e-05,0.4369004484985351,0.8995095716355519
2026-10-03T09:47:28.368 0.014420024502053772,-0.0007418962778282082,-2.2367344783821744e-05,0.0007265312879218135,-7.25633753930434e-05,0.4373225651017536,0.8993044206161042
2026-10-03T09:47:28.411 0.014353268205283671,-0.0008296351554425273,-2.2440593933715434e-05,0.0007263248896872025,-7.028877274690194e-05,0.43792424269598823,0.8990115823340589
2026-10-03T09:47:28.489 0.014256471996308726,-0.0009502761751421022,-2.2227921826419786e-05,0.000727649744371449,-7.086266063035161e-05,0.4385605790820894,0.8987013319115063
2026-10-03T09:47:28.553 0.014181132893708462,-0.0010524394848443182,-2.2242894448001205e-05,0.0007287908104723592,-6.975255354674065e-05,0.4392944881434973,0.8983428169052606
2026-10-03T09:47:28.625 0.014081475623807835,-0.0011810079583353275,-2.2115104319034538e-05,0.0007294965880161522,-7.001021303121069e-05,0.4400100393647673,0.8979925546414703
2026-10-03T09:47:28.681 0.013989924831449828,-0.0012962248892903218,-2.1731912618890688e-05,0.0007308806205317999,-7.005064029786672e-05,0.4407647799904212,0.8976223424282742
2026-10-03T09:47:28.756 0.013893128324603026,-0.001421276652743935,-2.174275692867299e-05,0.0007319628311405912,-6.946640469606244e-05,0.4415243488124501,0.8972489670156073
2026-10-03T09:47:28.811 0.013813021303434217,-0.001527135510409676,-2.1496870221425866e-05,0.0007330138607515372,-6.83684593621141e-05,0.44232540237099344,0.8968543340106979
2026-10-03T09:47:28.884 0.01370621149592236,-0.001664048724230846,-2.141737434676237e-05,0.0007342105169727113,-6.883662139710986e-05,0.44309417998414335,0.8964747647650858
2026-10-03T09:47:28.407 0.013617998245117727,-0.001782365054730969,-2.1262976788681424e-05,0.0007355207209184863,-6.835203438070524e-05,0.4438809580544983,0.8960854587671252
2026-10-03T09:47:28.494 0.013523109489844063,-0.0019059266780024164,-2.100861649625465e-05,0.0007370379739126896,-6.810202702816613e-05,0.4446695836945646,0.895694375037625
2026-10-03T09:47:28.549 0.013442525029300698,-0.002012560402124681,-2.114940543896778e-05,0.0007371640379845942,-6.732712718282158e-05,0.4454947479731694,0.8952842462506315
2026-10-03T09:47:28.640 0.013340007020814356,-0.0021484602829211427,-2.0897881389868368e-05,0.0007386408701473452,-6.705147212946274e-05,0.4462827775892688,0.8948916874912697
2026-10-03T09:47:28.700 0.013252747617811991,-0.0022675514617773035,-2.064068356721335e-05,0.0007401140643212271,-6.709077395868972e-05,0.44709601989610614,0.8944856604345653
2026-10-03T09:47:28.785 0.013158335451054468,-0.002397609985363606,-2.059569213814429e-05,0.0007419229836056194,-6.780863128298853e-05,0.4479071161706599,0.8940797840438843
2026-10-03T09:47:28.848 0.0130734600165505,-0.002507164391050285,-2.040187009599996e-05,0.0007430787643440994,-6.618167757390106e-05,0.44875531674124275,0.8936543566448957
2026-10-03T09:47:28.921 0.012969034471239087,-0.002646640574574015,-2.029634116734063e-05,0.000744502024782197,-6.69969226432128e-05,0.4495682014430646,0.893245696031834
2026-10-03T09:47:28.997 0.012876053018391686,-0.0027685928484257,-2.00598980009983e-05,0.0007449756373568224,-6.550090064090297e-05,0.4504116937870604,0.8928206689032255
2026-10-03T09:47:29.069 0.01278307121200037,-0.002896147958935039,-2.0091674484453415e-05,0.0007459855950680957,-6.555075934059154e-05,0.45125172864141244,0.8923963898440687
2026-10-03T09:47:29.140 0.012692474028700506,-0.003017504156310971,-1.9799396495689137e-05,0.0007473607341487537,-6.52095051630675e-05,0.45210627689001337,0.8919637613694315
2026-10-03T09:47:29.218 0.012599015665469046,-0.0031448208542118414,-1.9651605377251704e-05,0.0007493552968750449,-6.552508280196936e-05,0.4528913854317108,0.8915653802020624
2026-10-03T09:47:29.271 0.012513663496009436,-0.003260574148955358,-1.9442127248545666e-05,0.0007493006268325267,-6.442465440582889e-05,0.45354214710700647,0.891234511896617
2026-10-03T09:47:29.359 0.012437370803426835,-0.003365598493607942,-1.9425789256883534e-05,0.0007502677848393514,-6.371262537512061e-05,0.4541226641003505,0.890938852553503
2026-10-03T09:47:29.402 0.012338667424872383,-0.0035077568140943513,-1.9269702480095034e-05,0.0007517042884223054,-6.436703959059914e-05,0.4547031509175334,0.8906427315951183
2026-10-03T09:47:29.494 0.012267620127894284,-0.0036056881399487758,-1.9082845168563666e-05,0.0007521486793328574,-6.37811390041079e-05,0.45542308317699126,0.8902748146015892
2026-10-03T09:47:29.569 0.01217177757885033,-0.003732766449287674,-1.893128443876503e-05,0.000754634163019775,-6.436170708662812e-05,0.4561763327176543,0.8898890828935495
2026-10-03T09:47:29.622 0.012095484911782826,-0.0038398173518624608,-1.8914946115628424e-05,0.0007544887307270301,-6.343324908647746e-05,0.45701010997283337,0.8894611774021376
2026-10-03T09:47:29.681 0.011992013750611256,-0.003981498895156577,-1.8378791551913553e-05,0.0007568847494393474,-6.31130493108236e-05,0.4578228150324792,0.8890431334743862
2026-10-03T09:47:29.753 0.011913813539964683,-0.0040915896586556965,-1.850844843696027e-05,0.0007568948569365133,-6.267007981646154e-05,0.45870204056061076,0.8885898160389688
2026-10-03T09:47:29.798 0.011807957615386765,-0.004237681975753769,-1.8370854350783057e-05,0.0007590629271040171,-6.312495019247994e-05,0.45954198503065724,0.8881557204864452
2026-10-03T09:47:29.873 0.011727850287498117,-0.00435099141406232,-1.8378285848538493e-05,0.0007597868581606281,-6.232648085513094e-05,0.4604397767728956,0.8876906166028038
2026-10-03T09:47:29.921 0.011622948639310791,-0.004498216207335841,-1.7869670873064856e-05,0.0007624063774840362,-6.265510545616617e-05,0.46129468159445863,0.8872466576682723
2026-10-03T09:47:29.994 0.011545225157634455,-0.004610989173862622,-1.8089488104875954e-05,0.0007627745583329356,-6.176740454444913e-05,0.4622062720380615,0.8867721107750505
2026-10-03T09:47:30.042 0.011441753911838201,-0.004759048414166337,-1.765764049596854e-05,0.0007644716832119787,-6.231397802204396e-05,0.4630095005020047,0.8863529850713529
2026-10-03T09:47:30.115 0.011365461169587091,-0.004865741688880702,-1.7686005659031908e-05,0.0007649778569564959,-6.13095145192546e-05,0.46371789919451384,0.8859825737657872
2026-10-03T09:47:30.161 0.01128630773648214,-0.004985428812156466,-1.7605537118352018e-05,0.0007653619896592781,-6.0559494481502844e-05,0.46419014508192824,0.8857352424750812
2026-10-03T09:47:30.230 0.011213352961213608,-0.005091585603030271,-1.7564674166819304e-05,0.0007658368566276215,-6.019594388231269e-05,0.46442391342487715,0.8856126910277877
2026-10-03T09:47:30.278 0.011151842039804167,-0.0051799800656802866,-1.7541908442282178e-05,0.000765736854640055,-6.115287040857121e-05,0.4644096382342566,0.8856201769508883
2026-10-03T09:47:30.360 0.011159471502669148,-0.005173065830812998,-1.7449664456364193e-05,0.0007660825847067856,-6.123503618963815e-05,0.46425177553092917,0.8857029402029348
2026-10-03T09:47:30.408 0.011195710068189592,-0.005116917799214494,-1.770068717898752e-05,0.0007650915684399708,-6.0950755819720556e-05,0.46393024001812794,0.8858714033744511
2026-10-03T09:47:30.506 0.0112643733823927,-0.005018032829036244,-1.7749664713035244e-05,0.0007639826048674009,-6.082136133827269e-05,0.46343415291568074,0.8861310278636376
2026-10-03T09:47:30.560 0.011375474360566263,-0.004860138726235937,-1.7895553960351814e-05,0.0007633975863606474,-6.0662753675258206e-05,0.46278506072878156,0.886470191890519
2026-10-03T09:47:30.643 0.011472270564863041,-0.004726027056799054,-1.8003920273000647e-05,0.0007625081371577548,-6.131179864194073e-05,0.46187144415010006,0.886946550757657
2026-10-03T09:47:30.690 0.011594338695849237,-0.004553648887229832,-1.8107547710759835e-05,0.0007601537053792681,-6.153450877192507e-05,0.46081614890028366,0.8874952931100875
2026-10-03T09:47:30.770 0.011696856634840823,-0.004410358030479072,-1.834417182619797e-05,0.0007588987329899974,-6.324465878384023e-05,0.45959410926882854,0.8881287489988252
2026-10-03T09:47:30.821 0.01183132287672251,-0.004223555380723493,-1.812467752607041e-05,0.0007579325522979375,-6.292157539722011e-05,0.4583585689830425,0.8887670357404909
2026-10-03T09:47:30.905 0.011946238062678931,-0.004064588346344617,-1.857462124080976e-05,0.0007557980382385418,-6.536350476668584e-05,0.45704247416545735,0.8894445465039712
2026-10-03T09:47:30.948 0.01208833264237669,-0.0038675932063851246,-1.894833604910822e-05,0.0007533235342562242,-6.450012100243216e-05,0.45576017533609253,0.8901022923917236
2026-10-03T09:47:31.027 0.01220992403931504,-0.0037052286231435295,-1.906610906149007e-05,0.0007526215237651439,-6.731185005570284e-05,0.4544160652536706,0.890789239197089
2026-10-03T09:47:31.072 0.012333422639621033,-0.0035333868773724446,-1.9201800486857245e-05,0.0007497728507404282,-6.633280221475387e-05,0.4530762483739245,0.8914714502439445
2026-10-03T09:47:31.143 0.012487915102430275,-0.003330073488953682,-1.946100822732531e-05,0.0007481688750297271,-6.637072155122146e-05,0.4517930249418035,0.8921224683036498
2026-10-03T09:47:31.196 0.012609506438286107,-0.003164728673476288,-1.9593682869737773e-05,0.0007464613559058881,-6.905425021269112e-05,0.45045535289010125,0.8927986408365601
2026-10-03T09:47:31.278 0.012739680475993213,-0.0029935424947825787,-1.9918742919684065e-05,0.0007437786478106786,-6.766531325879676e-05,0.44913755968550234,0.89346230737199
2026-10-03T09:47:31.337 0.012873192576267699,-0.002818183948900894,-2.0085168594329525e-05,0.0007431013021966224,-7.001696540198516e-05,0.4478309109174608,0.8941179553755291
2026-10-03T09:47:31.423 0.01300861173240519,-0.0026384742399646033,-2.0403622126638313e-05,0.0007411743688209569,-7.116402926515108e-05,0.4465374059091397,0.894764656610984
2026-10-03T09:47:31.489 0.01313878608674526,-0.0024643674336361212,-2.0505165515775433e-05,0.0007384660423669029,-6.962748434922917e-05,0.4452458088468771,0.8954080743014371
2026-10-03T09:47:31.546 0.013274681996617648,-0.0022893068810049236,-2.0913779073123384e-05,0.0007361677687674875,-6.952868359336092e-05,0.44396821849815166,0.8960422279035493
2026-10-03T09:47:31.596 0.013414869964225116,-0.002111325646683549,-2.0971551057193488e-05,0.0007360302762202778,-7.383557702029461e-05,0.4427007591885917,0.8966691087695531
2026-10-03T09:47:31.672 0.01354790487678407,-0.0019361459207806085,-2.136073991104194e-05,0.0007338440727978307,-7.216123446486633e-05,0.4414474277455865,0.8972868130104434
2026-10-03T09:47:31.726 0.01368141766467115,-0.001766747839304908,-2.113973490399036e-05,0.0007295107573258593,-7.007239361201648e-05,0.44019534968033786,0.8979017301596649
2026-10-03T09:47:31.805 0.013814452363547185,-0.0015970517407536758,-2.17077365717258e-05,0.0007281377229260028,-7.012975344121962e-05,0.43895143507514733,0.8985104910588095
2026-10-03T09:47:31.851 0.013945580947471916,-0.001431587595858152,-2.1527664698570056e-05,0.0007265094853937469,-7.203477138164226e-05,0.4377731749939563,0.8990851540597644
2026-10-03T09:47:31.932 0.014073370541425562,-0.0012714879111553736,-2.2102272708456518e-05,0.0007262380069056151,-7.35352250319272e-05,0.43675375977070174,0.8995808026503701
2026-10-03T09:47:31.974 0.014193054882815607,-0.001120984676220426,-2.2127621205042288e-05,0.0007241037974896927,-7.457906781558875e-05,0.4359350939053954,0.8999778130672706
2026-10-03T09:47:32.063 0.01432322911982615,-0.0009581431477836739,-2.239307531982107e-05,0.0007241299167808884,-7.33246932633057e-05,0.4354136738779651,0.9002301943722206
2026-10-03T09:47:32.117 0.014418594805606673,-0.0008364292624884933,-2.2603485812388284e-05,0.0007232582508095814,-7.381732010223323e-05,0.43509544623769364,0.9003840425683521
2026-10-03T09:47:32.201 0.014485827562131232,-0.0007524454715405149,-2.2799210544590395e-05,0.0007230197844833035,-7.374547073738379e-05,0.43495075654585713,0.9004539472866914
2026-10-03T09:47:32.249 0.014518251470740103,-0.0007066090915256484,-2.3103804710293147e-05,0.000722336731927719,-7.364526550668535e-05,0.4349873542378801,0.9004362689603022
2026-10-03T09:47:32.333 0.014510622527109843,-0.0007173380236035802,-2.289802522089601e-05,0.0007222901197464378,-7.316847078150368e-05,0.43515770388452046,0.9003539557825633
2026-10-03T09:47:32.375 0.014460555449489022,-0.0007796851123957494,-2.2833753508227456e-05,0.000723001055826818,-7.372163133861007e-05,0.4354331058315315,0.900220796349707
2026-10-03T09:47:32.461 0.014390462244153066,-0.0008696890084286846,-2.2320580216990007e-05,0.0007252689959626661,-7.459279718806401e-05,0.43585635546395124,0.9000159475378644
2026-10-03T09:47:32.507 0.014315599856996897,-0.000964103708310026,-2.2351209178613606e-05,0.0007257441335028317,-7.348835943962354e-05,0.43641946842766327,0.8997430274651922
2026-10-03T09:47:32.593 0.014233108480748075,-0.0010731216421903283,-2.2235662587411512e-05,0.000726686978684366,-7.4112856132649e-05,0.43703902646263526,0.8994422470519781
2026-10-03T09:47:32.646 0.014153478093993546,-0.0011741525176426266,-2.207993745533416e-05,0.00072700717882986,-7.272532090605567e-05,0.4377304977923683,0.8991059322872
2026-10-03T09:47:32.728 0.0140528672953323,-0.0013029594217031596,-2.186123257181827e-05,0.0007285345389569005,-7.244704465817742e-05,0.438407722692919,0.8987759079281443
2026-10-03T09:47:32.774 0.013968468401909148,-0.0014115005424581225,-2.1846978336300723e-05,0.0007290483171972753,-7.169503693216719e-05,0.4391405295683578,0.8984180867718521
2026-10-03T09:47:32.861 0.013865473601572609,-0.001543466522692207,-2.1535096430307474e-05,0.0007307574883075656,-7.191826115586433e-05,0.43984251997822654,0.8980746174124177
2026-10-03T09:47:32.902 0.013783935749581746,-0.001651888398134362,-2.151046465215011e-05,0.0007312293916807273,-7.105874378785361e-05,0.4405941022885919,0.8977061308038068
2026-10-03T09:47:32.988 0.013676172412558823,-0.0017889804378802847,-2.1340054032686632e-05,0.0007324674720320794,-7.139684212973294e-05,0.4413114710175707,0.8973536894347742
2026-10-03T09:47:33.097 0.013593681117043264,-0.0018969254881437791,-2.1164903046698386e-05,0.0007332808808266058,-7.080127439339214e-05,0.44207214273133555,0.8969791959166361
2026-10-03T09:47:33.180 0.013487348064155944,-0.0020329446262981688,-2.1130864676049744e-05,0.0007347490579941871,-7.05048970887066e-05,0.44280453159759336,0.8966178684197171
2026-10-03T09:47:33.224 0.013402949366423205,-0.0021439295374695915,-2.1012302042835873e-05,0.0007357439391804416,-6.933141373403318e-05,0.44358180300496963,0.8962335844615907
2026-10-03T09:47:33.299 0.013299954805599383,-0.00227994863352621,-2.0581210333348417e-05,0.000736978778695557,-7.018142838665152e-05,0.44432879514307133,0.8958634794116531
2026-10-03T09:47:33.343 0.013207449608403797,-0.0023988014599092785,-2.068824788310633e-05,0.0007381205707080431,-6.941478924024211e-05,0.4451051127523444,0.8954780226009643
2026-10-03T09:47:33.417 0.013109223050180112,-0.0025284427989740225,-2.0443510228322832e-05,0.0007390672877212764,-6.935479717002953e-05,0.445874933622675,0.8950949628594899
2026-10-03T09:47:33.473 0.013026254644383964,-0.0026371031110109943,-2.0446418906089864e-05,0.0007401424025478353,-6.845899895941046e-05,0.4466855238478651,0.8946907232599138
2026-10-03T09:47:33.540 0.01291896834036404,-0.002776698539814725,-2.0172453809252454e-05,0.0007416640820982057,-6.839827262859134e-05,0.447463599472848,0.8943018351780725
2026-10-03T09:47:33.588 0.012825033449698955,-0.0029004985696365394,-1.9800392197426693e-05,0.0007421165386437546,-6.870051676005528e-05,0.44827353452983354,0.8938961252759811
2026-10-03T09:47:33.667 0.012726329735574938,-0.00303097437976977,-1.9763516472036288e-05,0.0007445118164447035,-6.89008117688137e-05,0.44907971296320637,0.8934913834837567
2026-10-03T09:47:33.719 0.012645745462920997,-0.003141303591851412,-1.9814897954887022e-05,0.0007440661063450857,-6.709152295675091e-05,0.4499195403624178,0.8930687818216622
2026-10-03T09:47:33.800 0.012542750600019203,-0.0032795280598028197,-1.9592421880631573e-05,0.0007459254694044208,-6.680279645766337e-05,0.45072029520057066,0.8926649173272639
2026-10-03T09:47:33.850 0.012455014264712546,-0.0033985000353837966,-1.9394074717676048e-05,0.0007472040849628484,-6.70496594271669e-05,0.4515330011891499,0.8922541039566687
2026-10-03T09:47:33.925 0.012363940108899109,-0.0035240285639189686,-1.9220251256937963e-05,0.0007490783244632935,-6.747321970550446e-05,0.45234266687288954,0.8918439022919596
2026-10-03T09:47:33.971 0.012281448762214153,-0.003633523334954702,-1.908980344517372e-05,0.0007498260606375478,-6.581040997093775e-05,0.45318744047558857,0.8914149298867804
2026-10-03T09:47:34.051 0.012180361021964892,-0.003772701453236092,-1.9019354360898432e-05,0.0007509948500230117,-6.555282907778551e-05,0.45400697124522194,0.8909978124385616
2026-10-03T09:47:34.098 0.012091194383918877,-0.003895011306915355,-1.8714436863792927e-05,0.0007521036091360671,-6.529279847548789e-05,0.45484238664806265,0.8905716329331997
2026-10-03T09:47:34.169 0.011997735754927307,-0.004025546655669383,-1.8760360072282103e-05,0.0007535476376761658,-6.494005713795712e-05,0.4556753281940655,0.8901457314529894
2026-10-03T09:47:34.217 0.011909522762693045,-0.004147558474120682,-1.8471851626634284e-05,0.0007549499441109652,-6.474874251440513e-05,0.4565205184856395,0.889712561482519
2026-10-03T09:47:34.287 0.011814156794957344,-0.004278689893336104,-1.8514759017344408e-05,0.0007560890076383572,-6.576600802220162e-05,0.45737345756019565,0.8892743920318839
2026-10-03T09:47:34.341 0.011726420450052262,-0.004400642101161083,-1.834621365206275e-05,0.0007569509401401563,-6.390650413063976e-05,0.4582337878013543,0.8888313780793612
2026-10-03T09:47:34.429 0.011635823168323175,-0.004529150855931367,-1.8173143633933852e-05,0.000759112344075019,-6.384547891192694e-05,0.45909241828134684,0.8883881871956587
2026-10-03T09:47:34.476 0.011548564080313682,-0.0046508050344798565,-1.7737131681243217e-05,0.0007600060024562762,-6.376379488886124e-05,0.4599590367557936,0.8879398081129921
2026-10-03T09:47:34.556 0.011453197846363972,-0.004783247755913042,-1.7958852568287768e-05,0.0007614797603926901,-6.406640755275781e-05,0.460815730620901,0.8874955089781554
2026-10-03T09:47:34.602 0.011365461729261051,-0.004906451661253599,-1.7656196715158446e-05,0.000762460721645026,-6.278882550018374e-05,0.46169480634662263,0.8870385112855957
2026-10-03T09:47:34.686 0.011276294677496392,-0.005035198816625505,-1.7664202159065372e-05,0.000763767264937073,-6.285926243868763e-05,0.4625694412752601,0.8865827229912456
2026-10-03T09:47:34.731 0.011189988836728086,-0.005158581517917447,-1.7512819492584816e-05,0.0007647272677450066,-6.240605421524198e-05,0.46339195236435643,0.8861530961304827
2026-10-03T09:47:34.805 0.011104636737059779,-0.005279878044624636,-1.7303340457198614e-05,0.0007667708207177516,-6.246444551472116e-05,0.4640649447858297,0.8858008439720672
2026-10-03T09:47:34.850 0.011029774834496851,-0.005390326393916478,-1.7155153085456296e-05,0.0007663676316700627,-6.173591825384939e-05,0.46454556572173666,0.8855488841603275
2026-10-03T09:47:34.932 0.010976846708568706,-0.005467217052077827,-1.722046569665455e-05,0.0007665564395702194,-6.092503864669945e-05,0.46481840501778593,0.8854057030740689
2026-10-03T09:47:34.985 0.010935839618962074,-0.0055257493295232515,-1.7081112423890138e-05,0.0007674063446631097,-6.070382318952084e-05,0.46484001096494476,0.8853943593725104
2026-10-03T09:47:35.076 0.010926779574840081,-0.005538206814380881,-1.7260500568321986e-05,0.00076664890519015,-6.117146059525382e-05,0.46465249591229896,0.8854927817605176
2026-10-03T09:47:35.138 0.010961111462666895,-0.005488376899073407,-1.713597797303438e-05,0.0007664006916579215,-6.181993802748324e-05,0.46431704217054587,0.885668726532822
2026-10-03T09:47:35.211 0.011037880515194888,-0.005379180223332665,-1.742129114344245e-05,0.000765580682005769,-6.16662586797445e-05,0.46384214422940223,0.8859175330244696
2026-10-03T09:47:35.259 0.011134676745599861,-0.005243399623836736,-1.749985544393394e-05,0.0007648515368836388,-6.21792033026723e-05,0.4631726376288452,0.8862677467265814
2026-10-03T09:47:35.330 0.011235287992482029,-0.005101539302500345,-1.733113275576326e-05,0.0007639036400469016,-6.22776829333036e-05,0.4622681107808598,0.8867398752327617
2026-10-03T09:47:35.383 0.01134400469330707,-0.004945492973718708,-1.7547757763335708e-05,0.0007613380187153811,-6.220985354120215e-05,0.46119749735337934,0.8872971796018148
2026-10-03T09:47:35.454 0.011460827245913251,-0.0047825324041183065,-1.795601442385683e-05,0.0007600034640516851,-6.360848211924183e-05,0.4600081210380279,0.8879143804037408
2026-10-03T09:47:35.502 0.011589570938541432,-0.004603836058163687,-1.8114901343743847e-05,0.0007583854247861453,-6.423614656563035e-05,0.45877126997391504,0.8885540740842879
2026-10-03T09:47:35.590 0.011704009694464614,-0.00444534586689992,-1.8310771626758863e-05,0.0007565827901310953,-6.617009595956248e-05,0.4574608671257043,0.8892294294795909
2026-10-03T09:47:35.640 0.01184848910540524,-0.004247456627175207,-1.8271024239745812e-05,0.0007554202090022509,-6.51991695494375e-05,0.45618992191571345,0.8898821159186825
2026-10-03T09:47:35.730 0.011967695683404377,-0.004085092074024539,-1.878735845110975e-05,0.0007532622381770523,-6.736941355867133e-05,0.4548559159473707,0.8905647218394861
2026-10-03T09:47:35.801 0.01209405564523129,-0.003912356222520352,-1.8704056464623114e-05,0.0007511394397582412,-6.660251450127828e-05,0.45353198309095494,0.8912396825025427
2026-10-03T09:47:35.875 0.012243779417077359,-0.0037094005220427097,-1.9164340841833515e-05,0.0007492914474933705,-6.7442767416448e-05,0.4522645550423863,0.8918835160861043
2026-10-03T09:47:35.950 0.012362986432216255,-0.0035462015038133076,-1.939755348089192e-05,0.000748078940304127,-6.968284775372096e-05,0.45094017440256456,0.8925538609137179
2026-10-03T09:47:36.018 0.012493637710309181,-0.003373405993658157,-1.9455147157912723e-05,0.0007460361537413265,-6.93351094268991e-05,0.44963150018241205,0.8932138336738933
2026-10-03T09:47:36.086 0.012621904514316181,-0.0032018026064510713,-1.9702685842976407e-05,0.0007430247995947477,-6.902342259947696e-05,0.44833111173489487,0.8938672481976659
2026-10-03T09:47:36.158 0.012755416429406474,-0.003024834735179717,-1.9973419778828705e-05,0.000742380233322711,-7.110014353325366e-05,0.4470547718076189,0.8945062743326044
2026-10-03T09:47:36.213 0.012888451820676163,-0.0028502510556698037,-2.0064585683821492e-05,0.0007403331304557458,-7.300464777144786e-05,0.44578779087760123,0.8951383647691823
2026-10-03T09:47:36.289 0.013021486851194041,-0.0026788264223792137,-2.040907049576278e-05,0.0007374091399620473,-7.090365291237045e-05,0.4445292148576633,0.8957640472459596
2026-10-03T09:47:36.341 0.013150230745080442,-0.0025105012846064864,-2.052325229157597e-05,0.0007348984082717305,-6.873192210907162e-05,0.4432755558665646,0.8963850940145316
2026-10-03T09:47:36.438 0.013282312182614204,-0.0023416992676871815,-2.0836426529270692e-05,0.000733021966966923,-7.07385431810644e-05,0.4420344133011333,0.8969977899261388
2026-10-03T09:47:36.483 0.013414394085350707,-0.002172420413555032,-2.085157799359624e-05,0.0007332989949195448,-7.330878187064005e-05,0.44080197127382986,0.897604076984676
2026-10-03T09:47:36.565 0.013545998697875532,-0.0020026647283200843,-2.1149097314639156e-05,0.0007315471743540436,-7.440745777733616e-05,0.4395825246136871,0.8982019056740634
2026-10-03T09:47:36.607 0.013676650091833399,-0.0018372005894689916,-2.1191788649934154e-05,0.0007295889743283899,-7.666758796149228e-05,0.43837976735839196,0.898789542325016
2026-10-03T09:47:36.692 0.013811115558808883,-0.001667444868232649,-2.1598139549384017e-05,0.0007279728477960145,-7.689769394277403e-05,0.43724978689124483,0.8993398067503954
2026-10-03T09:47:36.736 0.013938905425433986,-0.0015084180671056692,-2.2008834815534246e-05,0.0007267870940272068,-7.784431071422665e-05,0.43627841359819264,0.8998114311059999
2026-10-03T09:47:36.818 0.014060497167540324,-0.0013547557619732523,-2.1977594978844137e-05,0.000725577064556354,-7.695700525256035e-05,0.4355108280397172,0.9001831959527477
2026-10-03T09:47:36.859 0.014191147832629323,-0.001189410832496453,-2.248222171425356e-05,0.0007237660193240568,-7.550666625222367e-05,0.43503092398454485,0.9004152184623746
2026-10-03T09:47:36.937 0.014287467623578132,-0.0010702003302283192,-2.2440820233836888e-05,0.0007237312702405664,-7.614530767473954e-05,0.4347326333809281,0.9005592750555758
2026-10-03T09:47:36.980 0.014348024945564159,-0.0009914022273986927,-2.2491878813737953e-05,0.0007234770443451101,-7.567082503067643e-05,0.43461175569175764,0.9006176173434655
2026-10-03T09:47:37.056 0.014379018652132381,-0.0009512879112647366,-2.2645198827616278e-05,0.0007230495366976839,-7.56607590290062e-05,0.4346662345265653,0.9005913257617542
2026-10-03T09:47:37.103 0.014366144099650442,-0.0009671429088852675,-2.2729148120358862e-05,0.0007223512500027602,-7.549351016230673e-05,0.4348303560204979,0.9005120954170958
2026-10-03T09:47:37.177 0.014312262415972749,-0.0010307417432367956,-2.2614141334678482e-05,0.0007228354749881539,-7.571720056958867e-05,0.4350840621160069,0.900389543846671
2026-10-03T09:47:37.214 0.014241692222206543,-0.0011199111802627673,-2.2189621105267838e-05,0.0007249939077362312,-7.66529613866461e-05,0.4354820097337208,0.9001971382460826
2026-10-03T09:47:37.295 0.014171598182957696,-0.0012110475646447672,-2.2212888761248377e-05,0.0007256982539176158,-7.541675309962195e-05,0.4360264365130574,0.8999335610677504
2026-10-03T09:47:37.356 0.014085769115696074,-0.0013200655405298863,-2.1987756661567693e-05,0.0007270062093854219,-7.625703107276617e-05,0.4366329408801105,0.899639450327309
2026-10-03T09:47:37.419 0.014006138740198206,-0.001421990485653745,-2.1832031383251606e-05,0.0007269163515160038,-7.361584696861672e-05,0.43731016706539394,0.8993104491523282
2026-10-03T09:47:37.467 0.0139050511450449,-0.0015521086978999208,-2.1597671212612435e-05,0.0007288183970757982,-7.48258526001e-05,0.4379531787004631,0.8989974841405265
2026-10-03T09:47:37.539 0.013828758284380968,-0.00165313953136654,-2.165583958699078e-05,0.0007294649677694518,-7.383747672902623e-05,0.43865293478949574,0.8986562553220504
2026-10-03T09:47:37.579 0.013725286264059803,-0.0017827213318542293,-2.156672127941824e-05,0.0007301374307750679,-7.438094937760439e-05,0.43932670330070933,0.898327061338874
2026-10-03T09:47:37.652 0.013645179827396194,-0.001888222561582998,-2.0948306066462644e-05,0.0007316635778242048,-7.278791179994534e-05,0.44005220782115256,0.8979718891825389
2026-10-03T09:47:37.696 0.013544091681350321,-0.0020176255181548063,-2.1056672291882117e-05,0.0007329354079615043,-7.34718335813454e-05,0.4407394762648866,0.8976347650739308
2026-10-03T09:47:37.781 0.013461123440022479,-0.002124378481537245,-2.094037214107985e-05,0.0007329555133581422,-7.183061891628543e-05,0.4414816712210811,0.8972699658366032
2026-10-03T09:47:37.821 0.013358128010765339,-0.0022587882522834774,-2.1045721827275838e-05,0.0007348524533369511,-7.2321230293878e-05,0.44218643307647515,0.8969228579786644
2026-10-03T09:47:37.907 0.013276590873384902,-0.0023659584301006964,-2.0559154834239774e-05,0.0007347149889589769,-7.227561817040043e-05,0.44294767177874084,0.8965471627504673
2026-10-03T09:47:37.951 0.013173118989033318,-0.002500725834675232,-2.0425332250778087e-05,0.0007372872457730547,-7.212524121626474e-05,0.44367162573298724,0.8961891205124702
2026-10-03T09:47:38.024 0.013089673476254903,-0.0026084920830741396,-2.059139971296196e-05,0.0007365595447128484,-7.063359403635082e-05,0.4444409412985284,0.8958078489210789
2026-10-03T09:47:38.085 0.01298953998852122,-0.002741292492281674,-2.010522754009116e-05,0.0007392225434770386,-7.128076121283801e-05,0.44517201790663175,0.8954447626414607
2026-10-03T09:47:38.166 0.012909432633459235,-0.002848701070752461,-2.0082857717885945e-05,0.0007398435004779153,-6.980250696073559e-05,0.4459561441082691,0.8950545040897172
2026-10-03T09:47:38.238 0.012807867930887918,-0.0029853757999678413,-2.007125968328012e-05,0.0007409322614568357,-7.031203056087688e-05,0.44669994750680475,0.894683521125219
2026-10-03T09:47:38.331 0.01272585373080142,-0.0030951685881884647,-1.97478508994552e-05,0.0007418864995018483,-6.89027810701792e-05,0.44749343133712377,0.8942869079702306
2026-10-03T09:47:38.384 0.012621427997007486,-0.003234644771734066,-1.9761531111341145e-05,0.0007431756535040692,-6.914828640972007e-05,0.44824435730195045,0.8939107556436626
2026-10-03T09:47:38.469 0.01253989038557633,-0.003345331623652901,-1.9602788679598876e-05,0.0007441304708743953,-6.833590229015744e-05,0.4490426094790557,0.8935100315454142
2026-10-03T09:47:38.520 0.012435941527960728,-0.003484211754741906,-1.958742063391263e-05,0.0007446735754133118,-6.820026981080996e-05,0.4498096292314814,0.8931241449320618
2026-10-03T09:47:38.600 0.01235440418770014,-0.0035958522809469984,-1.9264765477932635e-05,0.0007462225218223647,-6.762990381787717e-05,0.45061098036053,0.8927201033676043
2026-10-03T09:47:38.657 0.012254747137958034,-0.003730679242122524,-1.904756746988586e-05,0.0007479120934144166,-6.768555866235393e-05,0.45138178408006224,0.8923306119633384
2026-10-03T09:47:38.734 0.012166533908916283,-0.003850724107320997,-1.889316962907669e-05,0.000749579760827934,-6.740624326910263e-05,0.4521780091194317,0.8919273970763358
2026-10-03T09:47:38.790 0.012071168204096264,-0.0039821535497302,-1.8772164402790825e-05,0.0007506409579640967,-6.844026850670689e-05,0.45298088053145164,0.8915199121315421
2026-10-03T09:47:38.873 0.011988676809243688,-0.004093436460117255,-1.8686419726253584e-05,0.000750973620836586,-6.67125321955169e-05,0.4538170118090086,0.8910945804912075
2026-10-03T09:47:38.924 0.011886635434439338,-0.004233806683298169,-1.8599561444281877e-05,0.0007525499523981367,-6.648021783598725e-05,0.4546129090787669,0.890688796464787
2026-10-03T09:47:39.011 0.01179699180721263,-0.004355222473325697,-1.838329701875242e-05,0.000753678993255239,-6.612824090624057e-05,0.4554327080895349,0.8902698894140267
2026-10-03T09:47:39.058 0.011703056579513395,-0.004485936641990119,-1.8279454842240625e-05,0.0007554037667995306,-6.71071802492699e-05,0.4562561126939584,0.889848180585415
2026-10-03T09:47:39.135 0.011623426258955299,-0.004595967818808257,-1.8153530523162975e-05,0.0007558015193074709,-6.531843639896682e-05,0.45710786026692607,0.8894109447155222
2026-10-03T09:47:39.181 0.011524246063192902,-0.004735920773436105,-1.7966887891888732e-05,0.0007574133250257468,-6.533655719485453e-05,0.45792745026215437,0.8889892419779846
2026-10-03T09:47:39.260 0.011438893738270315,-0.004854296672571403,-1.7876618474761008e-05,0.0007589366295289395,-6.465139572161874e-05,0.45876095796493854,0.8885593977233494
2026-10-03T09:47:39.316 0.011345912584517266,-0.004983163085191878,-1.7506063894392352e-05,0.0007598116144325638,-6.624470868033375e-05,0.45959744639768063,0.8881270210745084
2026-10-03T09:47:39.396 0.011261036617149544,-0.005102790675921351,-1.7729472196533376e-05,0.0007602019155212416,-6.410171905341906e-05,0.4604480018616136,0.8876863497686921
2026-10-03T09:47:39.444 0.011170916630134795,-0.005232133889663057,-1.727403426319161e-05,0.0007626007723037397,-6.395198551500346e-05,0.4612343915211688,0.887278000644839
2026-10-03T09:47:39.530 0.011086994773327665,-0.005349079259316326,-1.720092801282894e-05,0.000763469920324849,-6.349164158173773e-05,0.4618903380063026,0.8869367106727041
2026-10-03T09:47:39.583 0.011017377703626919,-0.005454520752445331,-1.7254749544197645e-05,0.0007637575209162384,-6.279567652440102e-05,0.46235510361713583,0.8866945194881605
2026-10-03T09:47:39.670 0.01093917811830608,-0.005565624794834469,-1.6996976556735008e-05,0.0007636254127442916,-6.268749888381287e-05,0.4625483712080769,0.8865937159935556
2026-10-03T09:47:39.716 0.010864792767469385,-0.0056702914876047405,-1.6983654343854925e-05,0.0007637796660715768,-6.319607223900938e-05,0.4624547920719306,0.8866425310893821
2026-10-03T09:47:39.805 0.010863362487382547,-0.0056698146684295014,-1.6832381205952405e-05,0.0007635798789613174,-6.448412362227882e-05,0.4622398287170284,0.8867546185587187
2026-10-03T09:47:39.851 0.010908183919222578,-0.005605917924960149,-1.715658050754026e-05,0.0007631291468310733,-6.366189414348148e-05,0.46190970972781586,0.8869266224667255
2026-10-03T09:47:39.934 0.010986384095506074,-0.0054968404404276,-1.705672574189263e-05,0.0007628110424776149,-6.389404927004656e-05,0.4614329636410728,0.8871747483457136
2026-10-03T09:47:39.984 0.01110654455176098,-0.005330184340816526,-1.7410655947096035e-05,0.000760893907411239,-6.226217428726487e-05,0.4608298573429472,0.8874881744255313
2026-10-03T09:47:40.070 0.011199525890540874,-0.0051991721609597,-1.7647100595324228e-05,0.0007605353898242985,-6.410954222452993e-05,0.45994222787704303,0.8879485145499089
2026-10-03T09:47:40.116 0.011331130624147447,-0.005018449221056877,-1.7780709141979234e-05,0.0007585966326960624,-6.409436936550083e-05,0.4589173901642387,0.8884786150650473
2026-10-03T09:47:40.207 0.011435556383892225,-0.004873549014826208,-1.7707425247002327e-05,0.0007572882286083035,-6.680692278582746e-05,0.45772235137929146,0.8890948605740483
2026-10-03T09:47:40.252 0.011575266760831976,-0.0046824547647270585,-1.813697401003956e-05,0.0007553722295864204,-6.585806011517233e-05,0.45653336291536745,0.8897059703186756
2026-10-03T09:47:40.360 0.011690182615936434,-0.004526110334644275,-1.8184586446471663e-05,0.000753586381364604,-6.798168411064424e-05,0.45525860350165875,0.8903589340393996
2026-10-03T09:47:40.408 0.011818449116207224,-0.004352838017416418,-1.8610939115332225e-05,0.0007518856992343986,-6.860861142483572e-05,0.4539849764909712,0.8910090185184694
2026-10-03T09:47:40.479 0.011968173951269229,-0.00415012073539483,-1.8400672037978482e-05,0.0007507124982192004,-6.766825499431442e-05,0.4527549199183892,0.8916346865961672
2026-10-03T09:47:40.530 0.012089287996320289,-0.003987994576795888,-1.884551621779119e-05,0.0007491016981707134,-7.05971477465521e-05,0.45146707714155315,0.8922874604744546
2026-10-03T09:47:40.617 0.012215647548773871,-0.003818298562226949,-1.9045335442887868e-05,0.0007471017798235183,-6.999523048020612e-05,0.4501863871942448,0.89293429418104
2026-10-03T09:47:40.665 0.012346298287527438,-0.003643834122078367,-1.9430754529387133e-05,0.0007443425214041041,-6.967719720379278e-05,0.4489117178847237,0.8935758001675544
2026-10-03T09:47:40.760 0.012479333657034249,-0.0034675219078701045,-1.9521920717108147e-05,0.0007433667093424427,-7.23992783866912e-05,0.44764682228520924,0.8942101345110299
2026-10-03T09:47:40.817 0.012613322126713353,-0.003290613635272906,-1.997222228410074e-05,0.0007416908331096632,-7.280417086469665e-05,0.4463986462804299,0.8948338913973143
2026-10-03T09:47:40.903 0.012745404246588444,-0.003117996921003526,-1.982346172613449e-05,0.0007387326891274319,-7.216723161739489e-05,0.4451504712755777,0.8954554745988411
2026-10-03T09:47:40.950 0.012877962179425932,-0.002944545735821494,-2.0316204365160188e-05,0.0007369496686349786,-7.104140573717589e-05,0.4439167494138217,0.8960677270430907
2026-10-03T09:47:41.029 0.013009090415634795,-0.002772048242873105,-2.030004621066559e-05,0.0007358365810988469,-7.377434622398018e-05,0.44268871923712605,0.8966750531614364
2026-10-03T09:47:41.074 0.013142602399015501,-0.0026005043942758806,-2.057077925933622e-05,0.0007349104044280877,-7.537195214467566e-05,0.44146965937345944,0.8972758740089071
2026-10-03T09:47:41.153 0.013274207117038249,-0.0024316427787015576,-2.0808693863867758e-05,0.0007329764224308407,-7.596922668740915e-05,0.44026034562586813,0.8978698597478545
2026-10-03T09:47:41.195 0.01340819601082117,-0.0022640924352978122,-2.1065279046842178e-05,0.0007314335266472145,-7.626982310043389e-05,0.43906661812788783,0.898454208089455
2026-10-03T09:47:41.273 0.013538370926124279,-0.0020989859302777566,-2.088369925504766e-05,0.0007292324911511754,-7.733178935799602e-05,0.4378821298324024,0.8990320920930506
2026-10-03T09:47:41.333 0.013669498340288157,-0.0019341774366114068,-2.1448684403058117e-05,0.000728795342357996,-7.893684559742023e-05,0.4367753345716539,0.8995703250642182
2026-10-03T09:47:41.401 0.013797288520998341,-0.001773898937905968,-2.1650763877988354e-05,0.0007273108956676386,-7.966325341861663e-05,0.43582464426588713,0.9000313017463004
2026-10-03T09:47:41.443 0.013917926350328475,-0.0016217863655745058,-2.178192849592424e-05,0.0007258480607829918,-7.835567056321741e-05,0.4350936858584732,0.9003848907723129
2026-10-03T09:47:41.524 0.014049054141614743,-0.0014607329644904332,-2.2138297033777776e-05,0.0007241552928766755,-7.712803918538941e-05,0.4346444184120041,0.9006018538697709
2026-10-03T09:47:41.566 0.014140605294131466,-0.0013460524752973658,-2.2297971507656003e-05,0.0007241525557605467,-7.757195461759826e-05,0.4343686582764404,0.9007348879069761
2026-10-03T09:47:41.646 0.014200208905331801,-0.0012698769888526945,-2.23922252261513e-05,0.0007238177674344369,-7.756770472884394e-05,0.4342597611516069,0.9007873944031632
2026-10-03T09:47:41.691 0.014230726166561356,-0.0012308951669290603,-2.230637284363172e-05,0.0007234276934871303,-7.766030494411958e-05,0.4343025574784275,0.9007667618140373
2026-10-03T09:47:41.786 0.014220712320710736,-0.001244365942771039,-2.2573659817592008e-05,0.0007228265411301652,-7.715036385801606e-05,0.4344588111043762,0.9006914083210658
2026-10-03T09:47:41.855 0.014170645638658705,-0.0013044480550127122,-2.2241167909168055e-05,0.0007234833959677198,-7.743914333940625e-05,0.43470536452635566,0.9005724383007527
2026-10-03T09:47:41.933 0.014101982668836836,-0.0013932598401700416,-2.189416917138026e-05,0.0007256503127133629,-7.894012877446527e-05,0.43508933488766227,0.9003869933906705
2026-10-03T09:47:41.993 0.014026166502761912,-0.001488628226388227,-2.199779582971339e-05,0.0007252518872504565,-7.665855715050821e-05,0.4356099505500724,0.9001352337926392
2026-10-03T09:47:42.069 0.013939860832289961,-0.0015974673943151172,-2.1622898403527225e-05,0.0007275384414485376,-7.864221161614646e-05,0.436191301054569,0.8998536622071064
2026-10-03T09:47:42.122 0.013859753279128882,-0.001698498275809113,-2.167503533733246e-05,0.0007270189229204559,-7.575923324037117e-05,0.4368443877672122,0.8995367955677599
2026-10-03T09:47:42.202 0.013760572901462462,-0.0018258746503930854,-2.1503295905717942e-05,0.0007287556476779911,-7.68216996734357e-05,0.4374700248293864,0.8992326953516584
2026-10-03T09:47:42.269 0.013679988913172385,-0.0019307202351148169,-2.1331161146977208e-05,0.0007297936044715313,-7.61028172578653e-05,0.4381584259584233,0.8988974665507146
2026-10-03T09:47:42.358 0.013579377926028618,-0.0020595271391972213,-2.1231665404006587e-05,0.0007305789118935022,-7.654510532552508e-05,0.4388032862104285,0.8985828489383876
2026-10-03T09:47:42.423 0.013499747693847425,-0.0021634786422296127,-2.100143408137523e-05,0.0007312772825226234,-7.388641897485172e-05,0.43950825764518925,0.8982382485933357
2026-10-03T09:47:42.491 0.013398659872392847,-0.002292464366249751,-2.0901184379085223e-05,0.0007331696023507678,-7.548316338591867e-05,0.4401675114963747,0.8979153738452834
2026-10-03T09:47:42.551 0.013318552736424238,-0.0023985616425082445,-2.07298033456819e-05,0.0007327537730398458,-7.33147614527533e-05,0.44089251090863346,0.8975596088959966
2026-10-03T09:47:42.636 0.013214603780203914,-0.002531481309122917,-2.0729337417488722e-05,0.0007345258077178787,-7.462976029658766e-05,0.4415744443511076,0.8972243114172995
2026-10-03T09:47:42.686 0.013133066287917869,-0.0026385322776916035,-2.0466287582473545e-05,0.0007348261878767764,-7.286788590578418e-05,0.4423027512368617,0.8968655032774132
2026-10-03T09:47:42.775 0.01303483960814039,-0.0027678755935461635,-2.0296055689277083e-05,0.0007368744378162852,-7.388332253381179e-05,0.4429873368518306,0.8965275628480367
2026-10-03T09:47:42.820 0.012953301847982103,-0.002872363562417051,-2.01820176991612e-05,0.000736863174079917,-7.163187601345084e-05,0.44373537305702115,0.8961575590260249
2026-10-03T09:47:42.904 0.012850783620402385,-0.0030095747454258076,-2.0079504861259896e-05,0.0007383375385570266,-7.269127070525369e-05,0.4444341449826954,0.8958112191456182
2026-10-03T09:47:42.951 0.012769722676247701,-0.0031143011268750893,-1.9981121904786816e-05,0.0007392634141557302,-7.158461277212296e-05,0.4451915681427564,0.8954350428813032
2026-10-03T09:47:43.036 0.012665774039226363,-0.003251989165041342,-1.981674262840397e-05,0.0007407342304541659,-7.184044224548477e-05,0.44590997973725127,0.8950775028579787
2026-10-03T09:47:43.083 0.012583282634618016,-0.003362497215046379,-1.973099807860696e-05,0.0007412807887805221,-7.002167781949937e-05,0.44668555275027966,0.8946907077666192
2026-10-03T09:47:43.154 0.01247838084834897,-0.0034987547536820987,-1.922238489699516e-05,0.0007429165724223928,-7.20311969900553e-05,0.4474266437080806,0.8943203237020813
2026-10-03T09:47:43.198 0.012397796402517943,-0.003608428314690401,-1.9378074485064743e-05,0.0007433880062966799,-6.951869054959412e-05,0.44820853484447254,0.8939287174232602
2026-10-03T09:47:43.267 0.012298616095847167,-0.0037433148745182106,-1.9221234967612998e-05,0.0007451252268528012,-7.059961879175439e-05,0.448952725144756,0.8935551971698152
2026-10-03T09:47:43.329 0.01221707839797574,-0.0038527500289050635,-1.9107196168309436e-05,0.0007456336495793468,-6.959650945321852e-05,0.4497502624160616,0.8931540408258086
2026-10-03T09:47:43.389 0.012112652885526516,-0.003991093724172684,-1.8971865139749524e-05,0.000747051058631471,-6.959971748087958e-05,0.45049758219383923,0.8927773325460835
2026-10-03T09:47:43.447 0.012032546011130052,-0.004101124906961436,-1.8666373179782327e-05,0.0007481452389315787,-6.841297026220364e-05,0.4512952083978725,0.8923744003922837
2026-10-03T09:47:43.512 0.011930981746902838,-0.004238932124378246,-1.8386554393713903e-05,0.0007494895824115518,-6.837780845219188e-05,0.4520567140878216,0.8919888793241554
2026-10-03T09:47:43.559 0.011848013064543817,-0.004351824366232211,-1.8598078375238473e-05,0.0007497597880108502,-6.814414308584099e-05,0.45285800660739,0.891582334430319
2026-10-03T09:47:43.639 0.011749309755605165,-0.004486412896813609,-1.8337684838627502e-05,0.0007515306899837753,-6.767869810932124e-05,0.45362383327377015,0.8911929356246193
2026-10-03T09:47:43.684 0.01166681849056127,-0.004598649481503325,-1.817743429326148e-05,0.0007522021716303022,-6.705806799254144e-05,0.4544367781391863,0.8907786730549764
2026-10-03T09:47:43.764 0.011568591729614781,-0.0047365162615819615,-1.8126410146467664e-05,0.0007536147808238639,-6.732500058475822e-05,0.45521685054682476,0.8903802819640247
2026-10-03T09:47:43.806 0.011478948014604265,-0.004860316237413986,-1.7984651043809042e-05,0.0007548035276980428,-6.714455032233887e-05,0.45602255304856704,0.8899678965413925
2026-10-03T09:47:43.883 0.01138501279470602,-0.004989778708535491,-1.7865907929463314e-05,0.0007568117271561512,-6.782046533612178e-05,0.45682143018486593,0.88955809453922
2026-10-03T09:47:43.918 0.011304429211304758,-0.005100584757696013,-1.7485156199843447e-05,0.0007574389223208838,-6.609866179802295e-05,0.45765899170822205,0.8891274763642498
2026-10-03T09:47:43.996 0.011207156059555612,-0.0052389879675789446,-1.7480343253154153e-05,0.0007588910495467082,-6.591162610129701e-05,0.4584629952567592,0.8887131717940459
2026-10-03T09:47:44.034 0.011118943108141877,-0.005362370692857234,-1.7176933440705444e-05,0.0007600628363129143,-6.576579136453939e-05,0.45929322498766345,0.8882843865901151
2026-10-03T09:47:44.118 0.011027391746463052,-0.0054922503665132995,-1.7270575904427393e-05,0.000761367953551351,-6.657504817922651e-05,0.460119580316573,0.887856625641721
2026-10-03T09:47:44.157 0.010951099910464014,-0.0056016854547859575,-1.674759834400342e-05,0.0007627315364204731,-6.491678872241579e-05,0.4609122292659604,0.8874453960326216
2026-10-03T09:47:44.255 0.010850965722989585,-0.005742532491130485,-1.6768063702301388e-05,0.0007633867100307146,-6.513964811837252e-05,0.4615079456071113,0.8871357444828051
2026-10-03T09:47:44.296 0.01078468622047836,-0.005838139175867514,-1.693147235077479e-05,0.0007632484512953219,-6.425450890473934e-05,0.46195933035314074,0.8869007782287923
2026-10-03T09:47:44.364 0.010727943879123717,-0.005921109555776372,-1.673743310331782e-05,0.000764247771445999,-6.389186920050031e-05,0.4621898200404648,0.8867806843262519
2026-10-03T09:47:44.412 0.010671677999460163,-0.006000503651033842,-1.6752764366841653e-05,0.0007643952307093741,-6.561033796363688e-05,0.462141093271569,0.8868060787483213
2026-10-03T09:47:44.492 0.010661664598707644,-0.00601564335688019,-1.6751830501596113e-05,0.0007636440585191048,-6.46094032905975e-05,0.4619179645396473,0.886922322815773
2026-10-03T09:47:44.545 0.010704578895888035,-0.005949839288764524,-1.6924002969191793e-05,0.000763199247818388,-6.509418781773482e-05,0.46158978269012324,0.8870931663617636
2026-10-03T09:47:44.637 0.010791839007200732,-0.005830867319115887,-1.673416649530355e-05,0.0007623832320999891,-6.380740270299509e-05,0.4611440909235425,0.8873249360334253
2026-10-03T09:47:44.689 0.010876714235350722,-0.005714279565359939,-1.7002495400700067e-05,0.0007614480089318123,-6.45497028126776e-05,0.4604759255701629,0.8876718639230193
2026-10-03T09:47:44.768 0.01098638432148051,-0.005561571084716891,-1.7429243718412065e-05,0.0007596825359340033,-6.504181050665915e-05,0.45960275129738215,0.8881242760176552
2026-10-03T09:47:44.813 0.011087949389602853,-0.005420247193160189,-1.7172621947232465e-05,0.0007592649264760002,-6.649450150933798e-05,0.45851708601760377,0.8886852653921848
2026-10-03T09:47:44.900 0.011220507336680625,-0.005238570566986135,-1.7590860218813752e-05,0.0007566952934591869,-6.604186845653523e-05,0.45740004067472007,0.8892607187104741
2026-10-03T09:47:44.949 0.011334946407893225,-0.005080795631424075,-1.7593015531451714e-05,0.0007555561847876244,-6.84232920265513e-05,0.4561758849555614,0.8898893113405257
2026-10-03T09:47:45.021 0.011456537696924974,-0.0049136030719615234,-1.774059161865906e-05,0.000754601840831769,-6.90731996117887e-05,0.45493778163041915,0.890522902934084
2026-10-03T09:47:45.067 0.011603400587915641,-0.004714164081534948,-1.813674726996129e-05,0.0007519262288390141,-6.792204958910454e-05,0.4537442041930706,0.891131655343215
2026-10-03T09:47:45.152 0.011720700449948501,-0.004555077807792006,-1.8277536660626e-05,0.0007508879514422071,-7.024641185234948e-05,0.4524758516375629,0.8917763368230782
2026-10-03T09:47:45.205 0.011847536568544103,-0.0043844877175781595,-1.8642022530282797e-05,0.0007487805985275883,-7.063362894754121e-05,0.4512207023036947,0.8924120753054983
2026-10-03T09:47:45.277 0.011976280597631492,-0.004211930650004845,-1.863699587774741e-05,0.0007477366216219038,-7.185556481829306e-05,0.4499708569135027,0.8930429237473698
2026-10-03T09:47:45.326 0.012107408112318576,-0.004036393320252436,-1.905297135494112e-05,0.0007454407148861391,-7.269645973715904e-05,0.4487296253458295,0.8936672548383748
2026-10-03T09:47:45.418 0.01223805980519529,-0.003864730298301451,-1.8857245423067485e-05,0.0007440740164520103,-7.219109436314263e-05,0.4474901811641291,0.894288532244487
2026-10-03T09:47:45.484 0.012369664104978579,-0.0036925904273084837,-1.9333578844898272e-05,0.0007411669997335752,-7.091820598247824e-05,0.44626179481690176,0.8949021489128766
2026-10-03T09:47:45.553 0.012497454010154726,-0.003525397789831519,-1.9654868591286673e-05,0.0007399513915232436,-7.354725785204731e-05,0.4450493811194214,0.8955057204886852
2026-10-03T09:47:45.603 0.012629058566099697,-0.0033530195002293957,-1.996728948386471e-05,0.0007384123836593366,-7.458922618376322e-05,0.4438458785339786,0.8961028318736638
2026-10-03T09:47:45.682 0.012759710491438583,-0.0031867208962886337,-1.966725467658154e-05,0.0007375093328505085,-7.513236608762016e-05,0.4426482166719235,0.8966950466642923
2026-10-03T09:47:45.732 0.01289036113010469,-0.003015534711618841,-2.0142080082281062e-05,0.0007363104910879471,-7.766718858178892e-05,0.44146146265097624,0.8972799054970134
2026-10-03T09:47:45.810 0.013019105082822278,-0.002850010992147602,-2.0241360277311387e-05,0.0007339509684967828,-7.683188644223783e-05,0.4402809978076262,0.897859732019628
2026-10-03T09:47:45.855 0.013149279185067581,-0.00268395081290417,-2.056641948882226e-05,0.0007324428537462196,-7.751203911420176e-05,0.43910854908176405,0.8984337146627223
2026-10-03T09:47:45.941 0.01327659275581344,-0.0025229570644375652,-2.0618733724990258e-05,0.0007303271084913988,-7.881144800127276e-05,0.43794480307855865,0.8990015627725865
2026-10-03T09:47:45.986 0.013406290035161942,-0.0023617248674294472,-2.0972840501876626e-05,0.0007286935953309006,-7.941036037452739e-05,0.4367958981981503,0.8995603403979692
2026-10-03T09:47:46.072 0.013531219339815938,-0.0022034729626530737,-2.1095890352061762e-05,0.00072738922359217,-7.985716237188604e-05,0.4357197403161245,0.9000820920486087
2026-10-03T09:47:46.110 0.013657578821310181,-0.0020449826213256267,-2.1429818027413034e-05,0.0007272093439273718,-8.287413273985591e-05,0.43480457324197497,0.9005245401355325
2026-10-03T09:47:46.200 0.013778693325282036,-0.0018931084615889623,-2.1666044534400672e-05,0.0007251835991873687,-8.114126242744622e-05,0.43409790409976806,0.9008654045866294
2026-10-03T09:47:46.242 0.013906960687861547,-0.0017359293983726348,-2.1675162579055533e-05,0.0007244597343439228,-7.971036003116778e-05,0.4336803752705566,0.9010664797391705
2026-10-03T09:47:46.312 0.013995650337198918,-0.0016239907589196976,-2.2158138160537956e-05,0.0007235515475668372,-7.993438422377943e-05,0.43343435848548373,0.9011848461708227
2026-10-03T09:47:46.352 0.014055254168103874,-0.0015521664115241472,-2.2148083169360957e-05,0.0007234440399403479,-7.984922345849379e-05,0.43335377330950775,0.9012236001188797
2026-10-03T09:47:46.439 0.014076234780796764,-0.0015234963132197475,-2.207695278392481e-05,0.0007227865845077667,-8.05498025064127e-05,0.4334136763347014,0.9011947937362494
2026-10-03T09:47:46.500 0.01405716126087784,-0.0015451330394466577,-2.2255408038036024e-05,0.0007227203306404793,-7.984085697296588e-05,0.43355899211635496,0.9011248923738661
2026-10-03T09:47:46.568 0.013998988329381895,-0.0016179706477493002,-2.2029306372600163e-05,0.0007232711869140938,-8.112472057617553e-05,0.43375208040309216,0.90103196560586
2026-10-03T09:47:46.612 0.013944153541937038,-0.001685622609891931,-2.158496592732807e-05,0.0007246508242571417,-7.995229560958107e-05,0.4341494325960477,0.9008405733898441
2026-10-03T09:47:46.686 0.01386547648045173,-0.0017852229619011646,-2.1639364885330203e-05,0.000726353692159088,-8.16869168399605e-05,0.4346318699309107,0.900607907681207
2026-10-03T09:47:46.727 0.013794428838009099,-0.0018762997536370361,-2.1616421263212232e-05,0.0007260362481696769,-7.923999565696251e-05,0.43521951077139165,0.9003240772279169
2026-10-03T09:47:46.806 0.013699063116661156,-0.00199705996461862,-2.142091206920116e-05,0.0007273712902231491,-8.00164624736926e-05,0.435794096921292,0.90004609305131
2026-10-03T09:47:46.848 0.013617525436031792,-0.0020985080965925337,-2.1232368863456194e-05,0.0007269762804601709,-7.67046544150002e-05,0.43644089526492197,0.8997326328205714
2026-10-03T09:47:46.924 0.013519298848994684,-0.002227732203146617,-2.1002532419485595e-05,0.0007294143237206242,-7.877957371874624e-05,0.4370358652694205,0.8994437804647559
2026-10-03T09:47:46.970 0.013443482822484212,-0.002324829124049482,-2.1031653082249707e-05,0.0007290369662796682,-7.635839614566016e-05,0.4376945546861365,0.8991234283860041
2026-10-03T09:47:47.053 0.013342395406354199,-0.002452324731901143,-2.0663183057464066e-05,0.0007308252427654568,-7.824891938650437e-05,0.43830841981813706,0.8988243370581923
2026-10-03T09:47:47.112 0.013260857158933742,-0.00255740874727715,-2.0862068963787027e-05,0.0007304825443782953,-7.558371625193227e-05,0.4389804009992285,0.8984963373441823
2026-10-03T09:47:47.179 0.013160246537498352,-0.002685321581644251,-2.05241550859646e-05,0.0007323944012812948,-7.759729890317249e-05,0.4396086307063185,0.8981891278487042
2026-10-03T09:47:47.226 0.013080616479995132,-0.002790047945039524,-2.0189615638615898e-05,0.0007329632504261974,-7.443483399951177e-05,0.44029518445436433,0.8978527762225978
2026-10-03T09:47:47.303 0.01297809775553667,-0.002921477477554737,-2.0355324312618614e-05,0.0007343775867860396,-7.662660901338049e-05,0.44092743784994515,0.8975424498980566
2026-10-03T09:47:47.346 0.012898467438869991,-0.0030262038409800823,-2.018469743351966e-05,0.000734198966369762,-7.408971849720494e-05,0.44161691280054005,0.8972034093733214
2026-10-03T09:47:47.419 0.012795472563349846,-0.0031578121933537456,-1.9917519013726388e-05,0.0007362460404499874,-7.593743183206766e-05,0.4422687755619837,0.8968822566748537
2026-10-03T09:47:47.464 0.012714888371725715,-0.003265220777827955,-1.989439526144953e-05,0.0007366883731743422,-7.390412748934555e-05,0.442975088278697,0.8965336150936569
2026-10-03T09:47:47.537 0.012616184756345622,-0.0033960542158188735,-1.9797914907290997e-05,0.0007384694487481802,-7.50061160923433e-05,0.4436368157836876,0.8962063516391001
2026-10-03T09:47:47.579 0.012536077737882043,-0.0035039992360543218,-1.9566929001388314e-05,0.000738378407968926,-7.32749782241991e-05,0.44436092085011447,0.8958475436419651
2026-10-03T09:47:47.653 0.012432605857282678,-0.0036390646638527107,-1.9433106369180386e-05,0.0007404710171970371,-7.448438905209489e-05,0.44503871150733887,0.895511022497566
2026-10-03T09:47:47.690 0.012354406142292355,-0.0037436121953225428,-1.9205136739271456e-05,0.0007405267891971045,-7.262556520718095e-05,0.4457667503442498,0.8951488427256827
2026-10-03T09:47:47.769 0.012253318334503122,-0.0038774258955745727,-1.913468853242859e-05,0.0007425757189389681,-7.380079360655415e-05,0.44646197533693105,0.8948022953217041
2026-10-03T09:47:47.809 0.012170826827695177,-0.003985430550507443,-1.9093647819804522e-05,0.0007426344064905665,-7.167512576011953e-05,0.44720980284838,0.8944287761432588
2026-10-03T09:47:47.884 0.012070216280553752,-0.004119244244706842,-1.8755732976806436e-05,0.0007445691341461822,-7.280824880097479e-05,0.44792007805256584,0.8940732878199341
2026-10-03T09:47:47.928 0.011988678392698921,-0.004228560189826024,-1.8760903337546648e-05,0.0007449184058122539,-7.072333224181078e-05,0.4486835813016287,0.8936903736558449
2026-10-03T09:47:48.015 0.011885206792729352,-0.0043672018962833134,-1.8478068694702177e-05,0.0007465771635007074,-7.1899456344109e-05,0.44941322816902063,0.8933236747113036
2026-10-03T09:47:48.059 0.01180319235149005,-0.004478425196008507,-1.8318572245145034e-05,0.0007472685892665871,-6.97991047843209e-05,0.4501916024538504,0.8929316646853637
2026-10-03T09:47:48.129 0.011698289857364572,-0.004616470874072098,-1.8271894190668682e-05,0.0007488386282272721,-7.130591933132752e-05,0.4509244680232726,0.8925617952243438
2026-10-03T09:47:48.175 0.011619613066614087,-0.004724475480974858,-1.822198377604957e-05,0.0007486936233620464,-6.938136743526488e-05,0.4517074623056465,0.8921657935280175
2026-10-03T09:47:48.253 0.011519479558479215,-0.004861269401390228,-1.7780514377683557e-05,0.000751256238101978,-7.017757594011338e-05,0.4524532016466549,0.8917878284709115
2026-10-03T09:47:48.295 0.011436988034271858,-0.004973505986110018,-1.778417640056728e-05,0.0007515194022184702,-6.894678066657502e-05,0.45324299050566913,0.8913866849030266
2026-10-03T09:47:48.386 0.011335900167215694,-0.00511196884866783,-1.7788233146123775e-05,0.0007527832949516221,-6.923856342580059e-05,0.4540048538729103,0.8909988895521529
2026-10-03T09:47:48.428 0.011251501746657074,-0.0052243842712836755,-1.7505757710678176e-05,0.0007537721581214758,-6.793234183483152e-05,0.45481174863071594,0.890587278440581
2026-10-03T09:47:48.514 0.011147552957628433,-0.005366840681056187,-1.747548793746883e-05,0.0007545923615371243,-6.810316736135747e-05,0.45558800681790135,0.8901904256932999
2026-10-03T09:47:48.554 0.011063631612394232,-0.005483249608846372,-1.7074556638349908e-05,0.0007564808762105671,-6.703030241199577e-05,0.4564041693483409,0.8897722503231226
2026-10-03T09:47:48.628 0.010960159618810658,-0.005626182849779095,-1.7074843002354527e-05,0.0007576493736374751,-6.761848173392435e-05,0.4571896361398725,0.889368909958887
2026-10-03T09:47:48.675 0.010869562181007346,-0.005751651767679744,-1.6976279194278124e-05,0.0007585700178581548,-6.756656611900627e-05,0.45799814024946023,0.8889528241331611
2026-10-03T09:47:48.756 0.010778011256171735,-0.005882544720247698,-1.680170092603598e-05,0.0007599743525072589,-6.823338485985385e-05,0.45873961874472213,0.8885704136291822
2026-10-03T09:47:48.796 0.01069551961732193,-0.00599877481618626,-1.6909670293697127e-05,0.0007600352105486501,-6.644355833603814e-05,0.4593429053347907,0.888258697255662
2026-10-03T09:47:48.883 0.010623995569925411,-0.006099805589566714,-1.669225625999685e-05,0.0007604286974918519,-6.591466360129028e-05,0.45974910948166786,0.8880485199212184
2026-10-03T09:47:48.931 0.01054674969284238,-0.006209955945627209,-1.6406189003529155e-05,0.0007611611293774382,-6.57902867441439e-05,0.45989567629217115,0.8879726252723897
2026-10-03T09:47:48.994 0.010477609268201332,-0.006305801084952916,-1.6505469462303083e-05,0.0007608891903398659,-6.613293195645017e-05,0.4598010842147273,0.8880216098885413
2026-10-03T09:47:49.037 0.01047999354329852,-0.006303774496999933,-1.6434733731294952e-05,0.0007611859351643171,-6.620155102131728e-05,0.4596006043480677,0.8881253856839234
2026-10-03T09:47:49.115 0.010524815352400135,-0.006238030009496213,-1.6505613911450835e-05,0.0007603825774205456,-6.700002060147158e-05,0.4592981421037218,0.8882818437801161
2026-10-03T09:47:49.164 0.010604445733586855,-0.00612907171627848,-1.660173576990568e-05,0.0007600519333176006,-6.709099405469856e-05,0.45886431123381366,0.8885060279456606
2026-10-03T09:47:49.241 0.010724606573857343,-0.005961104314435976,-1.6702346765933873e-05,0.0007587916312017642,-6.632202537332045e-05,0.4583014672220127,0.8887964811917292
2026-10-03T09:47:49.282 0.010822832952900385,-0.005830330487139726,-1.7051392603930218e-05,0.0007577742101247048,-6.731856883758708e-05,0.45745070362171986,0.8892346568833506
2026-10-03T09:47:49.364 0.010956822246421907,-0.005644004680559404,-1.6905650008577818e-05,0.000755591971680309,-6.781110264934998e-05,0.4564746821402329,0.8897360783105291
2026-10-03T09:47:49.408 0.01106506180366842,-0.0054972566824146255,-1.7389740131422623e-05,0.0007549108799559177,-6.986831003886625e-05,0.4553258064963789,0.89032456731599
2026-10-03T09:47:49.495 0.01121001772958167,-0.005300023087817243,-1.7559362563193693e-05,0.0007523347783299692,-6.860123675802551e-05,0.4541975256836926,0.8909006886006223
2026-10-03T09:47:49.538 0.011322549372468894,-0.005146956943222158,-1.7647908240763375e-05,0.0007522993316058835,-7.094349732115611e-05,0.45298430647781335,0.8915181698078567
2026-10-03T09:47:49.610 0.01144938567729568,-0.004976188039052127,-1.7893184999122652e-05,0.0007500596022618181,-7.122960254559368e-05,0.4517646219159262,0.8921368497725543
2026-10-03T09:47:49.649 0.01157574527086634,-0.004806015187319557,-1.8063202017077003e-05,0.000748252344553786,-7.193363413254391e-05,0.4505436555028005,0.8927540811612988
2026-10-03T09:47:49.725 0.011706396035885452,-0.004633636909737947,-1.8448620762352552e-05,0.0007477776955932966,-7.480069013048561e-05,0.4493301385825062,0.8933654693320089
2026-10-03T09:47:49.766 0.011835616771429755,-0.004461973905849174,-1.853375474905902e-05,0.0007451290131541285,-7.393712614146345e-05,0.4481146266176612,0.8939757942625568
2026-10-03T09:47:49.853 0.011964837246309711,-0.004290191692700932,-1.8782801323513726e-05,0.0007417187892373016,-7.086984793710335e-05,0.44689822117450917,0.8945844983799808
2026-10-03T09:47:49.894 0.01209262757482108,-0.0041229394505299865,-1.8835870513424523e-05,0.0007420798291548446,-7.489923318199036e-05,0.44567784903986934,0.8951931068673549
2026-10-03T09:47:49.963 0.012220417643121996,-0.003957475347734967,-1.9067753121675753e-05,0.0007406715357843708,-7.639571364870325e-05,0.44446364735409316,0.8957965794476263
2026-10-03T09:47:50.002 0.012348684561039151,-0.0037911767739070026,-1.928548865391995e-05,0.0007398669077980368,-7.852818244811424e-05,0.44325904149916495,0.896393255529918
2026-10-03T09:47:50.089 0.012472183277070887,-0.0036322692360566196,-1.945098024883638e-05,0.0007369358698602473,-7.789721350927083e-05,0.44206844436480774,0.8969810150468218
2026-10-03T09:47:50.132 0.012598066041898545,-0.0034702026220272174,-1.967984658109385e-05,0.0007365575590734402,-7.938787706148869e-05,0.4408856831891946,0.8975629590949731
2026-10-03T09:47:50.214 0.012720134386307416,-0.0033129044275822393,-1.976857040972485e-05,0.0007340086940949203,-7.920033602354074e-05,0.43971776523264916,0.8981357034977223
2026-10-03T09:47:50.258 0.012842679629111396,-0.003158646064014409,-1.984314652864762e-05,0.0007319738397165435,-8.095965722103407e-05,0.438557029197942,0.8987030598595442
2026-10-03T09:47:50.342 0.01296951594596344,-0.0029981887634033737,-2.0162927313227597e-05,0.0007305577152372229,-8.021403525866276e-05,0.4374204026747145,0.899256832709668
2026-10-03T09:47:50.384 0.013091107266985891,-0.0028447648768992503,-2.039990800376735e-05,0.0007298025184155599,-8.220858703840835e-05,0.43630544184705267,0.8997983229839231
2026-10-03T09:47:50.473 0.01321794364867268,-0.0026875858317478673,-2.0704787109570467e-05,0.0007279010793815732,-8.16783000383109e-05,0.43519954179586917,0.9003337282970907
2026-10-03T09:47:50.523 0.01334048901723657,-0.00253583086324947,-2.071975824875214e-05,0.0007266995141059565,-8.357829607572228e-05,0.43416147108223496,0.9008347695055927
2026-10-03T09:47:50.601 0.013462079967000988,-0.0023847315579378792,-2.1210057982729876e-05,0.0007248780572907891,-8.418152374724024e-05,0.4332888926964692,0.9012547935690222
2026-10-03T09:47:50.646 0.013579856767813736,-0.0022375066025063462,-2.138140164850197e-05,0.0007245404089102739,-8.545829842021727e-05,0.4326316343274768,0.9015704834993277
2026-10-03T09:47:50.734 0.013705263153795704,-0.0020837250400624788,-2.1385995557019797e-05,0.0007233481463711602,-8.314624485103373e-05,0.4322691804060196,0.9017443238109509
2026-10-03T09:47:50.796 0.013792045736467303,-0.0019771508426279847,-2.1731844257669812e-05,0.0007230553777211119,-8.369778525863891e-05,0.4320569588737,0.9018460259237224
2026-10-03T09:47:50.863 0.013857371454231722,-0.001895134028938319,-2.1745739237042242e-05,0.0007223814876886816,-8.270538151455415e-05,0.4320474226889789,0.9018505950946736
2026-10-03T09:47:50.906 0.013869768835647096,-0.0018751663168648416,-2.1839850397744114e-05,0.0007222421661481988,-8.365220022664279e-05,0.43211066315633534,0.9018202959321524
2026-10-03T09:47:50.987 0.013842112631748353,-0.0019096777543992078,-2.1870622521614585e-05,0.0007217845555316177,-8.383336244451298e-05,0.43221345145006745,0.9017710376723367
2026-10-03T09:47:51.027 0.01377964817915146,-0.0019850188118157508,-2.165263621863367e-05,0.0007225235342829303,-8.432370541843556e-05,0.43237253523242647,0.9016947718745736
2026-10-03T09:47:51.100 0.013721475525580078,-0.0020593465362075862,-2.1262621741216834e-05,0.0007239156933577083,-8.352353809484792e-05,0.4327118028512599,0.9015320097717551
2026-10-03T09:47:51.142 0.01364947397320567,-0.0021484563866974752,-2.1372280863794236e-05,0.0007249480569096621,-8.4009061567277e-05,0.4331874756132261,0.901303543965424
2026-10-03T09:47:51.225 0.013574612074812559,-0.0022423942493632384,-2.108998590948049e-05,0.0007251476080707951,-8.250500700904089e-05,0.43372850534685475,0.9010433125013768
2026-10-03T09:47:51.265 0.013477815615225583,-0.0023618431761947395,-2.1026325422851415e-05,0.0007259392173152001,-8.298472021954396e-05,0.43425716667995873,0.9007886429750785
2026-10-03T09:47:51.339 0.013400569473707831,-0.0024622183705292487,-2.0829666620669526e-05,0.0007270785330081479,-8.211811209179947e-05,0.4348585750062142,0.9004984643834698
2026-10-03T09:47:51.380 0.013300435413911793,-0.0025888795013828173,-2.0656419445902717e-05,0.0007279452224071986,-8.271949519815306e-05,0.43541304501550143,0.900230494642104
2026-10-03T09:47:51.453 0.013223188893474219,-0.002687228137836133,-2.068327811371768e-05,0.0007276146379989059,-7.939379215787375e-05,0.43602485547962844,0.8999343252024191
2026-10-03T09:47:51.495 0.013129253614430087,-0.0028063790054041102,-2.0519833258287573e-05,0.0007292414842210196,-8.17190344055811e-05,0.4365867456404593,0.8996618670700287
2026-10-03T09:47:51.573 0.013051530441410221,-0.0029043700199703525,-2.0426728913981115e-05,0.0007301076374214058,-8.109286569409181e-05,0.4372223671426834,0.8993531353350215
2026-10-03T09:47:51.616 0.0129523502865894,-0.0030307331155658844,-2.0105978222422243e-05,0.0007320187881519341,-8.148274914769924e-05,0.4378023470326593,0.8990709440537773
2026-10-03T09:47:51.706 0.01287558064203361,-0.0031303334435532275,-2.0118689473006455e-05,0.000730590981632783,-7.759527315729152e-05,0.4384447056476978,0.898757865225832
2026-10-03T09:47:51.746 0.01277496948096231,-0.003258425091917522,-2.0123501845003935e-05,0.0007325094657653082,-8.036733247044973e-05,0.43903979526163156,0.8984673144570141
2026-10-03T09:47:51.819 0.012694862871418161,-0.003361422926582326,-1.959449389692575e-05,0.000732918459765315,-7.728531907797445e-05,0.43969919929894746,0.8981447940022673
2026-10-03T09:47:51.864 0.012594251541375895,-0.003491064295732528,-1.9718515155988024e-05,0.0007343523949825411,-7.898338406761231e-05,0.44030176965153295,0.8978495453748994
2026-10-03T09:47:51.937 0.012514144468880335,-0.003594717781544489,-1.948752995203128e-05,0.0007353705270250064,-7.842607400631191e-05,0.4409721404244206,0.8975204869244178
2026-10-03T09:47:51.993 0.012412579986449387,-0.003728293069201721,-1.9312019856136653e-05,0.0007363057161308012,-7.790080881189869e-05,0.44158177429515666,0.8972207021662495
2026-10-03T09:47:52.064 0.012335333600026609,-0.0038298007518169463,-1.9279273436968776e-05,0.0007371064723828666,-7.741496567305927e-05,0.44224791331445806,0.896892543089739
2026-10-03T09:47:52.106 0.012233768966774545,-0.003960753435117939,-1.9178269482881907e-05,0.0007379159701545896,-7.70780898530353e-05,0.4428709582853586,0.8965850566713663
2026-10-03T09:47:52.180 0.012154138902220783,-0.0040667911007009,-1.8858630963617886e-05,0.0007387355828402452,-7.626412391119337e-05,0.443550657300907,0.896248996016986
2026-10-03T09:47:52.219 0.012054004593174409,-0.00419798218459258,-1.8879097901294212e-05,0.0007398051504352215,-7.654209574306575e-05,0.4441839838315152,0.895935285239515
2026-10-03T09:47:52.302 0.011972943803139163,-0.00430372184498656,-1.869130792367494e-05,0.0007399875710675189,-7.429271249336732e-05,0.4448795381337557,0.8955901090615528
2026-10-03T09:47:52.343 0.011875193978388383,-0.004436403014947589,-1.853673055716033e-05,0.0007420553949821263,-7.577860164209578e-05,0.4455205826476499,0.8952713856974839
2026-10-03T09:47:52.422 0.011796993928003999,-0.0045423810579329265,-1.8532277831791805e-05,0.0007419170216495248,-7.371097946910718e-05,0.44622582292276025,0.8949200853052355
2026-10-03T09:47:52.465 0.01169590655210142,-0.004674943060592828,-1.817870812088815e-05,0.0007438507118836871,-7.516969848410015e-05,0.44689234844859327,0.894587430011028
2026-10-03T09:47:52.542 0.011617706829764004,-0.004782649638240972,-1.798054025940534e-05,0.0007440687308788045,-7.341101230626947e-05,0.44760825763461143,0.894229438494313
2026-10-03T09:47:52.599 0.011521864050527362,-0.004913900272746625,-1.8007792557977173e-05,0.0007461771378427461,-7.459596950809738e-05,0.4482844091369409,0.8938906679118337
2026-10-03T09:47:52.659 0.011441757008800015,-0.005019997548994183,-1.7776806954301212e-05,0.000745653773652913,-7.270573844169762e-05,0.4490186174740526,0.8935220869547746
2026-10-03T09:47:52.701 0.011340668980870414,-0.0051569106908043606,-1.7870270808747138e-05,0.000747463821879902,-7.400548310704731e-05,0.44970999814708273,0.8931743129913524
2026-10-03T09:47:52.778 0.011260562498290516,-0.005264378873818762,-1.7296558701770793e-05,0.0007479416572775207,-7.146114781086076e-05,0.4504594346265224,0.8927965799847889
2026-10-03T09:47:52.817 0.011158997790919988,-0.0054025437191561445,-1.7299861566001893e-05,0.0007502319284067746,-7.294373562033855e-05,0.451166580294417,0.8924394369685298
2026-10-03T09:47:52.891 0.011078413627812736,-0.005512217280131639,-1.7276737443253573e-05,0.0007502732973795328,-7.066650460074302e-05,0.4519274611681453,0.8920543716267181
2026-10-03T09:47:52.934 0.010974941923549586,-0.00565193187020847,-1.7068408337763416e-05,0.0007522039797540711,-7.174553079909512e-05,0.45264840554656416,0.8916887629649175
2026-10-03T09:47:53.007 0.01089721860108845,-0.005762380255567322,-1.7169016809249963e-05,0.000751943194401729,-7.069784761381722e-05,0.4534150086786264,0.8912991975134994
2026-10-03T09:47:53.049 0.010797085302745079,-0.005898995362023774,-1.6593437157018266e-05,0.000754523087339916,-7.083872556236384e-05,0.45414522102961613,0.8909273505133551
2026-10-03T09:47:53.130 0.010717454549549884,-0.0060102186317892705,-1.675063435175065e-05,0.000754980831796864,-6.970082892895453e-05,0.4549265756901763,0.890528627207766
2026-10-03T09:47:53.175 0.010613506000923601,-0.006151184925412442,-1.6556452254022784e-05,0.0007561098438658944,-6.978173596425926e-05,0.4556735976392467,0.8901466148016961
2026-10-03T09:47:53.256 0.010532922305427773,-0.006264315555735424,-1.6265106999591148e-05,0.0007573640549842344,-6.831314238631378e-05,0.45640705946708937,0.889770766996538
2026-10-03T09:47:53.301 0.010436602846453657,-0.006398665637758904,-1.6217099148289592e-05,0.0007576280002330482,-6.920182512176967e-05,0.4569597119116471,0.8894870673037046
2026-10-03T09:47:53.380 0.010362217478356748,-0.00650196142369945,-1.620377715964224e-05,0.0007578243616459853,-6.887426295979327e-05,0.4573306005743284,0.8892964313078608
2026-10-03T09:47:53.426 0.010311196966531266,-0.0065720571283022465,-1.604858946401907e-05,0.0007586641954515765,-6.809532330420767e-05,0.45751710229818526,0.889200495330686
2026-10-03T09:47:53.527 0.01027209712622672,-0.00662850321917521,-1.5956955680469407e-05,0.0007578665385490677,-6.820353054904081e-05,0.4574685252854471,0.8892254884784548
2026-10-03T09:47:53.579 0.010277342170974382,-0.006619741270361747,-1.5995052629533376e-05,0.000757904394163789,-6.850280778001143e-05,0.45729123175829184,0.8893166760188852
2026-10-03T09:47:53.648 0.010328839504510474,-0.006552208559486135,-1.618079612114679e-05,0.0007580219462212765,-6.962882568394185e-05,0.4570098389600444,0.8894613131824621
2026-10-03T09:47:53.693 0.010400840691001008,-0.006450879756842865,-1.6205249280278892e-05,0.0007578364860797313,-6.947298782705764e-05,0.4565806571151696,0.8896816983650075
2026-10-03T09:47:53.766 0.01050955734577056,-0.006302403217963507,-1.6511279905105653e-05,0.000755941147059378,-6.799131340470814e-05,0.4560058628973677,0.8899764474037448
2026-10-03T09:47:53.813 0.010607307390819058,-0.00617037769907035,-1.6531746881265095e-05,0.0007555657849371365,-6.983132454670105e-05,0.4551674965021933,0.8904055111980477
2026-10-03T09:47:53.907 0.010744634146504228,-0.005984588292315487,-1.664460113232963e-05,0.0007529801662572746,-7.066105957149148e-05,0.4542283704879676,0.8908849619741763
2026-10-03T09:47:53.964 0.01085048944936944,-0.005843383556167893,-1.7214327553545022e-05,0.0007526630515715458,-7.259873449408007e-05,0.45311370750068714,0.8914524083217996
2026-10-03T09:47:54.051 0.010976372447234211,-0.0056736279429247995,-1.7234579147501405e-05,0.0007496071244124687,-7.262679546917907e-05,0.4519665324272109,0.892034576897236
2026-10-03T09:47:54.095 0.011104162465255371,-0.005504170328930145,-1.746646240895232e-05,0.0007503967382932252,-7.547997180501149e-05,0.45080758241859487,0.8926208348685408
2026-10-03T09:47:54.168 0.011234336782981028,-0.005330897987633922,-1.7597807946736266e-05,0.000747116907994575,-7.307088001262336e-05,0.44963501599233385,0.8932120626539624
2026-10-03T09:47:54.216 0.011361172933252634,-0.005166566385126463,-1.799209507785823e-05,0.000745299136044273,-7.337218126159548e-05,0.4484618225513331,0.8938016742318496
2026-10-03T09:47:54.286 0.011491347323614018,-0.004995320601746974,-1.809363799903139e-05,0.0007426728997273554,-7.266355292814154e-05,0.44728481505079876,0.8943912663828649
2026-10-03T09:47:54.333 0.011613892596714156,-0.004832240750736681,-1.807880870543408e-05,0.0007425117168017874,-7.304826453533988e-05,0.44611236533184806,0.8949766482083905
2026-10-03T09:47:54.408 0.01174120568859193,-0.00466689586325103,-1.839934421952412e-05,0.000741581936569376,-7.716453509156166e-05,0.4449357438953791,0.895562185393137
2026-10-03T09:47:54.472 0.011866134922407632,-0.004504888865856838,-1.8537295826480112e-05,0.0007407150709296376,-7.748866132133741e-05,0.44375864556089073,0.8961460315298255
2026-10-03T09:47:54.532 0.01198915696034198,-0.004343597148197179,-1.8582824740749598e-05,0.0007386086916388839,-7.853805341863353e-05,0.44259478038841316,0.8967214219934233
2026-10-03T09:47:54.588 0.012110271338100023,-0.004187312244755688,-1.8863755396886145e-05,0.0007370131695241055,-8.044195541030564e-05,0.441438961404961,0.8972909749319834
2026-10-03T09:47:54.659 0.012235676841983326,-0.004027093380769542,-1.937498920564027e-05,0.0007349122820140267,-8.053088462444855e-05,0.4403037361568645,0.8978485804104279
2026-10-03T09:47:54.701 0.012359176018872488,-0.003871106470463711,-1.9272259756616642e-05,0.000734225276575484,-8.149044120495279e-05,0.439165112324522,0.8984060654233926
2026-10-03T09:47:54.784 0.012481721076038378,-0.0037133314328708154,-1.9436243306154065e-05,0.0007329544264466608,-8.308064584558469e-05,0.43804955587652117,0.8989505228163548
2026-10-03T09:47:54.822 0.012602835599818323,-0.003561159249907564,-1.9657568719319788e-05,0.0007308668123293461,-8.20541637523768e-05,0.4369308112234672,0.8994948167190402
2026-10-03T09:47:54.899 0.012725380579410073,-0.0034084506071365784,-1.9910958295579992e-05,0.0007290515273487935,-8.221886705743372e-05,0.43582827876342445,0.9000295401563435
2026-10-03T09:47:54.939 0.012846018737241076,-0.00325997391810332,-1.986330860799377e-05,0.0007270233850161148,-8.389644261754804e-05,0.4347351937717324,0.9005580357170985
2026-10-03T09:47:55.027 0.012968563231525445,-0.00310988787976239,-2.0444522891786503e-05,0.0007259856626858777,-8.483151200296408e-05,0.4336557276110209,0.9010783404669032
2026-10-03T09:47:55.086 0.013086817165132108,-0.0029637358019004995,-2.043780660132585e-05,0.0007256750419976524,-8.735465017386638e-05,0.4326550281903612,0.9015592561482003
2026-10-03T09:47:55.172 0.013203640082889871,-0.0028222925090513724,-2.0786455172095403e-05,0.0007232336217250087,-8.616807813204306e-05,0.43181523274933586,0.9019617920254869
2026-10-03T09:47:55.228 0.013315695046215121,-0.0026854388338427983,-2.0904046552934e-05,0.0007240837555179685,-8.916483850282744e-05,0.4311829477120051,0.9022642259087594
2026-10-03T09:47:55.299 0.013411537724632008,-0.0025667647794138295,-2.104070476552036e-05,0.0007222182688208228,-8.656028720584508e-05,0.43077263191735726,0.9024601988448476
2026-10-03T09:47:55.359 0.01350976455809318,-0.0024458853231112366,-2.1181132989187133e-05,0.0007224960683567053,-8.723251843113404e-05,0.43063253135736973,0.9025270596091083
2026-10-03T09:47:55.449 0.013581765669121712,-0.0023554045658408327,-2.1339694657069314e-05,0.0007221026678211705,-8.780381991965615e-05,0.4306830464689177,0.9025029553095538
2026-10-03T09:47:55.492 0.013604176360661368,-0.002326198007772442,-2.1539046715818183e-05,0.0007208510605566036,-8.55656614887403e-05,0.43077248398691553,0.9024602706446465
2026-10-03T09:47:55.571 0.013590825219977985,-0.002343066290330157,-2.1473230487070303e-05,0.0007213995266689873,-8.674131775423352e-05,0.4309062360161151,0.902396413900837
2026-10-03T09:47:55.641 0.013537420364153651,-0.00240410211895039,-2.1344076908111116e-05,0.0007224116197630456,-8.865355949119603e-05,0.4310809359593139,0.9023129706007998
2026-10-03T09:47:55.711 0.013490214894163115,-0.0024663895670089075,-2.0911800221417674e-05,0.0007232317387412824,-8.625749184149182e-05,0.43143483693481327,0.9021438083667861
2026-10-03T09:47:55.773 0.013413922093062663,-0.0025609234941791205,-2.0880562803055224e-05,0.0007241848375549067,-8.715076955592459e-05,0.4318532596580679,0.9019435847566997
2026-10-03T09:47:55.848 0.013345735475088648,-0.0026486623897818344,-2.0832341022188725e-05,0.0007232440518447293,-8.32049992863892e-05,0.4323720578268526,0.9016950003219173
2026-10-03T09:47:55.902 0.01325656835155975,-0.0027604818260224687,-2.0750942379473447e-05,0.0007252579744562574,-8.651927786879078e-05,0.43285479294573703,0.9014633629489266
2026-10-03T09:47:55.972 0.013183613729781258,-0.002852631525336892,-2.0501465723060054e-05,0.0007260730619437384,-8.582369147593885e-05,0.4334213031108286,0.9011911226049188
2026-10-03T09:47:56.023 0.013087294132271526,-0.002974107004087173,-2.0438558835028145e-05,0.0007269280326528568,-8.580606057433839e-05,0.4339325300840136,0.9009450724366286
2026-10-03T09:47:56.098 0.01301147850328463,-0.003070965506364479,-2.021436011313055e-05,0.0007267718545875495,-8.292828458246204e-05,0.43450637236283757,0.9006684613672548
2026-10-03T09:47:56.151 0.012919927273332963,-0.003185109553762812,-2.009938915470004e-05,0.0007283657926325515,-8.505596330711712e-05,0.43501640665759256,0.9004222277284537
2026-10-03T09:47:56.222 0.012844111615532644,-0.003281550823529457,-1.9890091643615352e-05,0.0007280473431940656,-8.178412002200406e-05,0.435607295941108,0.9001365157470836
2026-10-03T09:47:56.280 0.012748268748790587,-0.003403979970606317,-1.9902444242507892e-05,0.000730066051376603,-8.450137365061302e-05,0.4361391153332724,0.8998789540484815
2026-10-03T09:47:56.350 0.012669591923204973,-0.003501732578597586,-1.9792930934486995e-05,0.0007293537871477265,-8.085429910445096e-05,0.436749763807891,0.8995827395628414
2026-10-03T09:47:56.408 0.012572795759710573,-0.003627857225618796,-1.9595159072828587e-05,0.0007317413374853649,-8.351910309587659e-05,0.4372972290794598,0.8993167356491265
2026-10-03T09:47:56.466 0.012493642187458761,-0.003729007304359948,-1.9455088993892536e-05,0.000731003123078527,-8.010317768776026e-05,0.43791276513590655,0.899017168550712
2026-10-03T09:47:56.514 0.012392077468062973,-0.003856860546138334,-1.938388783190294e-05,0.0007328611705344592,-8.25704900065679e-05,0.4384737312353459,0.8987437026834584
2026-10-03T09:47:56.584 0.012313400927313272,-0.003960394804647753,-1.914026329509145e-05,0.0007329230008626657,-7.913655762365723e-05,0.4391002338773584,0.8984377781294202
2026-10-03T09:47:56.634 0.012214220321548145,-0.004088367225706771,-1.911753519166603e-05,0.0007349020415648085,-8.181103832348693e-05,0.4396740446407647,0.8981571063545476
2026-10-03T09:47:56.705 0.012138404511286626,-0.00418766951844428,-1.902744635316265e-05,0.0007343598064986807,-7.858419999031073e-05,0.4403030213397073,0.8978489315799866
2026-10-03T09:47:56.751 0.0120435157380023,-0.0043098006302412315,-1.8773086294717857e-05,0.0007361069406393625,-8.07769332489623e-05,0.4408768918848863,0.8975672776029556
2026-10-03T09:47:56.827 0.011966269438316341,-0.004410712266397814,-1.868073540276984e-05,0.0007369327832772793,-7.969363289683892e-05,0.4415198149439198,0.8972511931398502
2026-10-03T09:47:56.868 0.011865181923599751,-0.004541605339017807,-1.8401671677685953e-05,0.0007379747129343058,-7.96684704141014e-05,0.44210834874203175,0.8969613464463516
2026-10-03T09:47:56.940 0.011784597557890743,-0.004644543575147885,-1.8453054369443573e-05,0.0007374402778903577,-7.679920944619152e-05,0.4427609585970781,0.8966393833787999
2026-10-03T09:47:56.987 0.011686371020679494,-0.004775853844266208,-1.82083164416811e-05,0.0007401363000473785,-7.915758904620663e-05,0.4433689221411329,0.896338911802753
2026-10-03T09:47:57.056 0.011607217665130527,-0.004881116643477398,-1.7963937692069744e-05,0.0007397512897664932,-7.654192818137103e-05,0.44403816152009623,0.8960075658292264
2026-10-03T09:47:57.097 0.011511375159158435,-0.005009744673577599,-1.7797475566222472e-05,0.0007416725124031339,-7.822689357023326e-05,0.4446458872519149,0.8957061341491387
2026-10-03T09:47:57.169 0.01143174471493441,-0.005113696176634597,-1.770135452670455e-05,0.0007410898849028378,-7.557220713506808e-05,0.445320640193723,0.8953708575177532
2026-10-03T09:47:57.210 0.011331610478227215,-0.005248761562433637,-1.7706919688111525e-05,0.0007432457152221747,-7.733681501004705e-05,0.445939958803919,0.8950625647108602
2026-10-03T09:47:57.293 0.011255794828246036,-0.005353309063900028,-1.7557225421401585e-05,0.0007436624244138906,-7.61865955015398e-05,0.4466167971048267,0.8947250291042648
2026-10-03T09:47:57.337 0.011151846241189756,-0.0054874804280138755,-1.73332421499518e-05,0.0007446827152257174,-7.653587857641764e-05,0.44725456419080983,0.8944063921956292
2026-10-03T09:47:57.408 0.011073170023391265,-0.0055960810812987274,-1.692570421620439e-05,0.000746551934445336,-7.556384956137926e-05,0.4479448719470613,0.8940608640616391
2026-10-03T09:47:57.446 0.010972558689003683,-0.005729119915206326,-1.7079527204695783e-05,0.0007465119741939373,-7.536074192941464e-05,0.448587914859773,0.893738395551177
2026-10-03T09:47:57.527 0.010892451645478897,-0.0058369457261549665,-1.6863442460859754e-05,0.0007478504294411627,-7.481046266737025e-05,0.44928775974350055,0.8933867830160666
2026-10-03T09:47:57.575 0.01079470169858123,-0.005973024360887062,-1.6813172536615057e-05,0.0007486629389030855,-7.425993941550942e-05,0.44993619617956765,0.8930603861759444
2026-10-03T09:47:57.663 0.010716978658232625,-0.006077810304951692,-1.6690264795757886e-05,0.0007493052545889001,-7.341742423770842e-05,0.4506400053027931,0.892705449054847
2026-10-03T09:47:57.703 0.010616367986989525,-0.0062129949059972185,-1.644175658393602e-05,0.0007508182911266802,-7.35700874309482e-05,0.45130897491853067,0.8923674355428491
2026-10-03T09:47:57.778 0.010538644702643688,-0.006322728035613355,-1.651256288727724e-05,0.0007510847945594482,-7.27146458345161e-05,0.45202440720258813,0.8920052499158065
2026-10-03T09:47:57.820 0.010441371822204306,-0.006456482083165898,-1.6299134705075146e-05,0.0007522596426466393,-7.307752944221168e-05,0.45270413568485074,0.8916604703018616
2026-10-03T09:47:57.899 0.010363648815625685,-0.006563950236245209,-1.617622652550177e-05,0.0007529250277260006,-7.170337575308739e-05,0.45337316556279855,0.891320481482444
2026-10-03T09:47:57.947 0.01026637590741987,-0.006695498911941237,-1.596279870402189e-05,0.0007541610242787411,-7.205190436409388e-05,0.45385494753626743,0.8910752564438789
2026-10-03T09:47:58.021 0.010192467194749678,-0.00679563564572192,-1.6039638017565334e-05,0.0007542232983371343,-7.192767683824918e-05,0.4541754109318433,0.8909119609021515
2026-10-03T09:47:58.066 0.01014812240769095,-0.0068611417086212635,-1.585030266593282e-05,0.0007549832221656714,-7.121545396651926e-05,0.454336014581036,0.8908300684099714
2026-10-03T09:47:58.141 0.01011140658721155,-0.0069102563981785275,-1.580714315960347e-05,0.0007542105424550219,-7.118378168131467e-05,0.45428260958492295,0.8908573043580208
2026-10-03T09:47:58.202 0.010119512512360712,-0.006896070390678603,-1.589446800398342e-05,0.000754245601907853,-7.183783182756458e-05,0.4541003688837776,0.890950212375818
2026-10-03T09:47:58.263 0.010173394347591815,-0.006825795836085421,-1.5860464455898116e-05,0.0007547149630881744,-7.358671375086654e-05,0.45381879698602945,0.8910936676312278
2026-10-03T09:47:58.330 0.010251117221813877,-0.006719042938759762,-1.607277937388946e-05,0.0007538974761612759,-7.278289169218258e-05,0.4534040101086554,0.8913047907189978
2026-10-03T09:47:58.394 0.010340284306755427,-0.006596673480383784,-1.6094575171949194e-05,0.0007529973080916258,-7.317245247229696e-05,0.4527940782512644,0.891614799305975
2026-10-03T09:47:58.441 0.010449001003846397,-0.006449687057620959,-1.638570441047657e-05,0.0007504783338531509,-7.197162844436239e-05,0.45199484386322364,0.8920202311177786
2026-10-03T09:47:58.516 0.010562009135755397,-0.0063027005808382695,-1.674322358992134e-05,0.0007495968759619134,-7.56419996932093e-05,0.4510385801893212,0.8925041353201747
2026-10-03T09:47:58.570 0.010696475389504991,-0.006122454442015667,-1.656843164508085e-05,0.0007488587593194787,-7.428185900826672e-05,0.4500263775944373,0.8930149456543227
2026-10-03T09:47:58.642 0.010811867627086316,-0.005973083749430509,-1.6959523149990096e-05,0.0007469383995646255,-7.528702195385606e-05,0.4489089740271745,0.8935771759913976
2026-10-03T09:47:58.690 0.010936796332661971,-0.005806546799088426,-1.7395498349252197e-05,0.0007437522775696538,-7.460966038737178e-05,0.44777652131934514,0.89414519414975
2026-10-03T09:47:58.765 0.011062679647177854,-0.005643228487453225,-1.7266737464608088e-05,0.0007443608782673437,-7.703972676813678e-05,0.446645823932593,0.8947105386410392
2026-10-03T09:47:58.810 0.011190946353348724,-0.005475082169659241,-1.7603682439624275e-05,0.0007420689568525811,-7.66056148889694e-05,0.4455155758609577,0.895273877163029
2026-10-03T09:47:58.882 0.01131778291960846,-0.005313850008636114,-1.775955078269474e-05,0.0007421966098913745,-8.012880324307076e-05,0.4443960546715565,0.8958301118604588
2026-10-03T09:47:58.923 0.011446049890649797,-0.005148028271960847,-1.7947483951808626e-05,0.0007393942587966623,-7.887247225758114e-05,0.44327552251097746,0.8963851059772708
2026-10-03T09:47:58.999 0.0115685950031912,-0.004990908885454961,-1.808166510896799e-05,0.0007384540720662661,-8.006475082997859e-05,0.44216410835269077,0.896933860192539
2026-10-03T09:47:59.040 0.011692570597198705,-0.004829676760446898,-1.8203207586472305e-05,0.0007371866132109046,-8.214292702982889e-05,0.4410584760768938,0.8974780612857146
2026-10-03T09:47:59.134 0.011814638731973425,-0.004676312472586858,-1.8455843339902607e-05,0.0007351668375516706,-8.156756314705889e-05,0.4399630665532195,0.8980155638659839
2026-10-03T09:47:59.183 0.011939567960989916,-0.004515795591314667,-1.8608695845695526e-05,0.0007341688031878154,-8.351241446347447e-05,0.43887382527528185,0.8985483957528868
2026-10-03T09:47:59.257 0.012060205596287881,-0.004365113530482305,-1.887397051276286e-05,0.0007324853050276778,-8.366126664872309e-05,0.4378000220892923,0.8990720756005525
2026-10-03T09:47:59.305 0.012185611632163447,-0.004209722642667906,-1.9087180680464634e-05,0.0007302861256060138,-8.407288703420849e-05,0.43673033201021844,0.8995921724404725
2026-10-03T09:47:59.377 0.012305295642365547,-0.004062855291107712,-1.935094686343674e-05,0.0007301608371576327,-8.709627581008126e-05,0.4356716671110796,0.9001053592530395
2026-10-03T09:47:59.419 0.012426886818727783,-0.003911040730031534,-1.9692235288723882e-05,0.0007272855185165549,-8.556231750821231e-05,0.43462340535809296,0.9006119915089956
2026-10-03T09:47:59.491 0.012544664021724121,-0.0037676900764690843,-1.9640061182272405e-05,0.0007276139183154445,-8.760979009127643e-05,0.43358637650824605,0.9011117117255552
2026-10-03T09:47:59.531 0.012664825238402852,-0.0036221340210494143,-1.968106394231029e-05,0.00072469680035439,-8.701474177624328e-05,0.43256168834274406,0.9016040444790923
2026-10-03T09:47:59.602 0.012779263922337854,-0.0034859955716156567,-2.010044770787927e-05,0.0007242537332121174,-8.966307317817353e-05,0.43153905456732194,0.9020939595187439
2026-10-03T09:47:59.642 0.012897994362819605,-0.003343598580414639,-2.03329030143781e-05,0.0007226540484475477,-8.923099107925656e-05,0.4305876788581519,0.9025484588788047
2026-10-03T09:47:59.719 0.013005281558693968,-0.003211215313535205,-2.010022808423897e-05,0.0007223936460360745,-8.904759416969243e-05,0.4297862669663352,0.9029303599642047
2026-10-03T09:47:59.759 0.013115428833779934,-0.0030790108246789077,-2.046812240800828e-05,0.0007226034516410237,-9.287107043663698e-05,0.42919743409395594,0.9032104028333489
2026-10-03T09:47:59.844 0.013210317720677867,-0.0029640322702517027,-2.0707580153975025e-05,0.0007216995632722013,-9.188121307786867e-05,0.4288345925048212,0.9033827333853615
2026-10-03T09:47:59.885 0.013303776221694496,-0.002849530570979259,-2.087027031889206e-05,0.0007206810112394072,-9.050151448610767e-05,0.4287337425207761,0.9034306007948174
2026-10-03T09:47:59.971 0.013366717562616029,-0.0027689442988058054,-2.1014505697037748e-05,0.0007205370604525093,-9.124503747315724e-05,0.4287702801841479,0.903413260546631
2026-10-03T09:48:00.025 0.01338769767019344,-0.002743194828158049,-2.1286101112956044e-05,0.0007192747277106658,-8.902724261712005e-05,0.4288444887661015,0.9033780377964461
2026-10-03T09:48:00.097 0.013373392918218733,-0.002763102959603178,-2.1203875384285018e-05,0.0007202119517295112,-9.08988950696131e-05,0.4289394081681081,0.9033329713635657
2026-10-03T09:48:00.144 0.013334769741281092,-0.002809535464156716,-2.1142799453817164e-05,0.0007206396677784299,-9.161866490495498e-05,0.4291372053141173,0.9032390222414434
2026-10-03T09:48:00.216 0.013284226306559309,-0.0028725382099901056,-2.0779750852472055e-05,0.0007210465796395145,-9.103719652504337e-05,0.42946497005566875,0.9030832250125912
2026-10-03T09:48:00.260 0.013213178733889825,-0.0029598003044469844,-2.068230214146523e-05,0.0007219162750352561,-9.057308433253205e-05,0.429877164183143,0.9028870883711138
2026-10-03T09:48:00.333 0.013143561899005477,-0.0030464663344185517,-2.0438103892484232e-05,0.00072147418536678,-8.706270607142015e-05,0.43036338811572433,0.9026554304188501
2026-10-03T09:48:00.383 0.013052964363033182,-0.0031585242072375993,-2.0294838850284403e-05,0.0007237687982981565,-9.019386022734446e-05,0.4308056813784293,0.9024444209566933
2026-10-03T09:48:00.452 0.012981916672562127,-0.003245786301708148,-2.0271895852118375e-05,0.0007244646181607815,-8.98009974777704e-05,0.4313313923784981,0.9021932703338149
2026-10-03T09:48:00.502 0.012888458079555569,-0.0033604668149258394,-2.016881022822623e-05,0.0007252092867330984,-8.9792258142142e-05,0.43180262483945664,0.9019678260285099
2026-10-03T09:48:00.577 0.012812642954933706,-0.003454345084901731,-1.9601885714723438e-05,0.0007255758254801907,-8.616653714857471e-05,0.4323484526082482,0.9017063167363877
2026-10-03T09:48:00.022 0.012717276566985606,-0.00357081376153091,-1.9793806929430435e-05,0.0007264884325536001,-8.894024306542746e-05,0.4328286256050566,0.901475926001925
2026-10-03T09:48:00.108 0.012644321726113737,-0.003664274763057626,-1.9693341484215148e-05,0.0007273212164462745,-8.768220331613642e-05,0.43338881768104326,0.9012067443293502
2026-10-03T09:48:00.160 0.012546571663786872,-0.0037855714458783943,-1.959837055007975e-05,0.0007282777214598432,-8.828372770485618e-05,0.43388764684175407,0.9009666873617854
2026-10-03T09:48:00.236 0.012473140158779502,-0.0038796284998371022,-1.9392843079323222e-05,0.0007275392395571792,-8.506307005434597e-05,0.43444715470309325,0.9006970263197918
2026-10-03T09:48:00.283 0.012384449793330815,-0.003992699627625435,-1.937180273221799e-05,0.0007292252271927259,-8.753813026246321e-05,0.43494312226757886,0.9004576286310054
2026-10-03T09:48:00.375 0.012310541234011466,-0.0040844321064633805,-1.9284730852155807e-05,0.0007284913442159008,-8.385009720163227e-05,0.43552712756220074,0.9001753070524325
2026-10-03T09:48:00.424 0.012214698980588036,-0.004206920858113927,-1.8909653734526966e-05,0.0007312605241934239,-8.677614982142451e-05,0.436040051740796,0.8999269587059994
2026-10-03T09:48:00.498 0.012139359731511973,-0.0043030640987025085,-1.896933076848702e-05,0.0007303382261346738,-8.308050368607486e-05,0.4366145204618312,0.8996483869966035
2026-10-03T09:48:00.549 0.012049715831002564,-0.004417744563892823,-1.887227658516799e-05,0.0007321006638945096,-8.533554613718637e-05,0.437122051225901,0.8994018951939803
2026-10-03T09:48:00.625 0.011974376983498842,-0.0045120996650890735,-1.8663733345378656e-05,0.0007313891226682929,-8.206237779533157e-05,0.43771121227948384,0.8991153168423626
2026-10-03T09:48:00.675 0.011876150698085812,-0.00463721105111297,-1.8210380435583864e-05,0.0007344003355020752,-8.467418068148126e-05,0.4382382923211331,0.8988585275947976
2026-10-03T09:48:00.746 0.011801288176025205,-0.004734009936804277,-1.834531700521461e-05,0.0007328567858288938,-8.149698581129216e-05,0.43883728876600203,0.8985662414467157
2026-10-03T09:48:00.790 0.011702107588113384,-0.004859657776711771,-1.8292786996873588e-05,0.0007351707358081099,-8.379973897080507e-05,0.43938409843654286,0.8982989850504671
2026-10-03T09:48:00.862 0.011623430945914531,-0.004960748244793795,-1.809386628748579e-05,0.0007362330068946866,-8.28817285435922e-05,0.43999927543180073,0.897997822219558
2026-10-03T09:48:00.905 0.01152472747774253,-0.005088303427300454,-1.7878177328990685e-05,0.0007369456471135323,-8.318973910784644e-05,0.440557321806916,0.897724176010036
2026-10-03T09:48:00.979 0.011447004204635203,-0.005189572697345488,-1.7874479303884483e-05,0.0007366720771400827,-7.986040144249764e-05,0.44118793741179213,0.8974144275745157
2026-10-03T09:48:01.019 0.011347823891803527,-0.005320227327389113,-1.7687838193493107e-05,0.0007383968171861853,-8.22825624212031e-05,0.4417499168767842,0.8971379263742418
2026-10-03T09:48:01.091 0.011270577856237588,-0.00542340394001964,-1.7446475505392028e-05,0.0007382869887617608,-7.917255535646255e-05,0.4423725751478231,0.8968310618065771
2026-10-03T09:48:01.130 0.011173781383003423,-0.0055473828198619145,-1.7427517705524498e-05,0.0007399827710380215,-8.144837279619319e-05,0.44294236281650934,0.8965497805555411
2026-10-03T09:48:01.207 0.011098919205203008,-0.005649069286391607,-1.7383639764898907e-05,0.0007396708255855571,-7.804874481451528e-05,0.4435811144498039,0.8962339213056674
2026-10-03T09:48:01.264 0.01099878526036412,-0.0057792470912784435,-1.716568858722193e-05,0.0007416427415839633,-8.031155167997713e-05,0.4441581140359363,0.895948108571104
2026-10-03T09:48:01.323 0.010917247569839784,-0.005885523199486983,-1.7021848019492256e-05,0.0007410172043597955,-7.746954738917693e-05,0.44480982988415607,0.8956247317545447
2026-10-03T09:48:01.362 0.010815206408264453,-0.006018502446680792,-1.674127609304137e-05,0.0007434181201852183,-7.916074472701349e-05,0.44540485947909675,0.8953289631277886
2026-10-03T09:48:01.435 0.010738436928195122,-0.006125553355256267,-1.6709282697264966e-05,0.0007434453052049953,-7.68806584097397e-05,0.4460552933079853,0.8950050931086201
2026-10-03T09:48:01.476 0.010643071055590321,-0.00625114154248888,-1.664788299667815e-05,0.0007450755532673544,-7.826652797114212e-05,0.44664677703932554,0.8947100621414479
2026-10-03T09:48:01.552 0.010567255516656717,-0.006355152602138666,-1.642368310487066e-05,0.0007458978310435365,-7.75876759678939e-05,0.4473133630456174,0.894376985871952
2026-10-03T09:48:01.598 0.010467598516286574,-0.006490158377243036,-1.6176682782439825e-05,0.0007467396190805417,-7.749168554303764e-05,0.44792740768755607,0.8940696135185928
2026-10-03T09:48:01.669 0.010387967859723167,-0.006595957624315263,-1.622957286637677e-05,0.0007469785720082724,-7.652771589562145e-05,0.44860007380391537,0.8937322921040972
2026-10-03T09:48:01.711 0.01028640361860237,-0.006731857493093946,-1.5919952107148e-05,0.0007487148000413995,-7.671775548379052e-05,0.4492280651788992,0.8934168002652272
2026-10-03T09:48:01.783 0.010209157475147983,-0.006839564058746183,-1.5782896676081105e-05,0.0007496054744756528,-7.597966508206712e-05,0.44990776410031375,0.8930747091486689
2026-10-03T09:48:01.825 0.010116175825423984,-0.006966463518143906,-1.5710365268800843e-05,0.0007499427310463383,-7.535228767186183e-05,0.45047218840235065,0.8927901429697407
2026-10-03T09:48:01.904 0.010044174576943137,-0.007060997391280587,-1.567101207851499e-05,0.0007501087175987043,-7.442138634412765e-05,0.450953911629538,0.8925469183098376
2026-10-03T09:48:01.942 0.009964544466630436,-0.007172757102775202,-1.5425878336163843e-05,0.0007514675751983264,-7.507274703941552e-05,0.451210805837239,0.8924170764593624
2026-10-03T09:48:02.027 0.009898741834433187,-0.007261688061280824,-1.5515536293783985e-05,0.0007508128270996801,-7.460832325764675e-05,0.4512670133734906,0.8923886559984201
2026-10-03T09:48:02.068 0.009862503033448794,-0.007312233256290023,-1.5368822485567188e-05,0.000750912420418829,-7.475898783446647e-05,0.4511456585863307,0.8924500127628082
2026-10-03T09:48:02.154 0.009870608801180195,-0.007298643295256943,-1.556045523043176e-05,0.0007505007722375493,-7.514314003199911e-05,0.4509380565296201,0.8925549284359975
2026-10-03T09:48:02.193 0.009913047133705591,-0.0072459522549122276,-1.5284837346076237e-05,0.0007510464930716238,-7.583540130283835e-05,0.45062027484556144,0.8927154071014277
2026-10-03T09:48:02.265 0.009996968280404953,-0.00713061621075252,-1.58198787528221e-05,0.0007491549151752665,-7.48836859421265e-05,0.45023466519566374,0.8929099503396158
2026-10-03T09:48:02.304 0.010084228267773328,-0.007016770240576032,-1.5749250581043706e-05,0.0007493097013459754,-7.624919369887134e-05,0.44964484899737744,0.8932071106362497
2026-10-03T09:48:02.382 0.010200574025249142,-0.006860843025067459,-1.6186554446218108e-05,0.0007476554580509697,-7.56400921312222e-05,0.4489247090417036,0.8935692703432199
2026-10-03T09:48:02.424 0.010304523336968173,-0.0067243470797200685,-1.5933701535707528e-05,0.0007465715277012933,-7.644348506196629e-05,0.44797291583732446,0.8940468127920109
2026-10-03T09:48:02.494 0.010424683707708755,-0.006569611909090467,-1.64366412167427e-05,0.0007453517851636051,-7.922341668689763e-05,0.4469646772938172,0.8945512927865011
2026-10-03T09:48:02.538 0.010552950201540246,-0.006403313335311714,-1.6922597315213755e-05,0.000742724334195197,-7.9435721079974e-05,0.4459180545711794,0.8950734777983226
2026-10-03T09:48:02.614 0.010677880240909314,-0.0062416639656931935,-1.655391001635685e-05,0.0007433916729838231,-8.002877286089169e-05,0.44485161074563084,0.8956039779842616
2026-10-03T09:48:02.659 0.010807101042196154,-0.0060770939145348615,-1.665394398547083e-05,0.0007400682846149759,-7.945588875727035e-05,0.4437701199343187,0.8961403498555214
2026-10-03T09:48:02.743 0.01092630783405371,-0.00592235875590117,-1.7095771236090096e-05,0.0007411080550926535,-8.204825936331491e-05,0.4426884468502916,0.8966751825785134
2026-10-03T09:48:02.788 0.01104646868725725,-0.005768517654888451,-1.7300687919523348e-05,0.0007380612881927581,-8.147625267845157e-05,0.4415990284041788,0.8972122083095172
2026-10-03T09:48:02.873 0.011163291776673061,-0.005618252874580457,-1.7470524222363872e-05,0.0007377003698676076,-8.391541460898523e-05,0.4405063891827848,0.897749168668795
2026-10-03T09:48:02.925 0.011285360050104441,-0.005462802424134306,-1.7618852319040784e-05,0.0007358478932264253,-8.411844826003098e-05,0.4394324073321658,0.8982753535738484
2026-10-03T09:48:03.007 0.011404090498526379,-0.005313550898773726,-1.7791704176430626e-05,0.0007350174103466894,-8.60878351469972e-05,0.4383707329889407,0.8987939434581377
2026-10-03T09:48:03.071 0.01152425135518559,-0.005161855564975484,-1.8011521651459077e-05,0.0007325399023736419,-8.536637840581587e-05,0.43731838803904405,0.8993064458685954
2026-10-03T09:48:03.152 0.011640120843223203,-0.005019160586562944,-1.819474999856984e-05,0.0007315016136605004,-8.735542866690207e-05,0.43627683035316034,0.8998121940557474
2026-10-03T09:48:03.198 0.011758374538521492,-0.004870922346158686,-1.832214433244633e-05,0.0007296705624608054,-8.6250660850082e-05,0.4352455252552655,0.9003114976978589
2026-10-03T09:48:03.272 0.011871859583537935,-0.004730015537139183,-1.8680416447539326e-05,0.0007294533775099313,-9.022859924334604e-05,0.4342239344034349,0.9008046594838258
2026-10-03T09:48:03.317 0.011987252558854258,-0.004586843727533624,-1.8654274946618222e-05,0.0007275299767113416,-8.83379234125827e-05,0.4332149810413775,0.9012903212050284
2026-10-03T09:48:03.391 0.012100260814586539,-0.004449692017138095,-1.9011792517436884e-05,0.0007266262681374563,-9.139968356661549e-05,0.43220301683844986,0.9017760342214174
2026-10-03T09:48:03.437 0.012211838688940182,-0.004313374789765952,-1.929254244871035e-05,0.0007255174703342781,-9.242183350303669e-05,0.431202794872054,0.9022547394040855
2026-10-03T09:48:03.518 0.012322939983347261,-0.004178726498423471,-1.942352675125161e-05,0.0007244899479137557,-9.460483511417586e-05,0.4302105300316235,0.9027282902480404
2026-10-03T09:48:03.564 0.012431180133232815,-0.0040472372892935045,-1.9654294954629946e-05,0.0007220005036844522,-9.296918673925076e-05,0.42923641590387857,0.903191878469905
2026-10-03T09:48:03.642 0.012539420402874731,-0.0039177746380748045,-1.9825458256261175e-05,0.0007212043197440158,-9.457787810757029e-05,0.4283327827338641,0.9036207712059404
2026-10-03T09:48:03.685 0.012643846037053251,-0.0037928419878860533,-1.9990589376376354e-05,0.0007203242559301397,-9.419753120705735e-05,0.4275882339960541,0.9039733261595317
2026-10-03T09:48:03.764 0.01273825841423167,-0.003677625020844912,-2.002067723531423e-05,0.0007202951965933716,-9.646814464692641e-05,0.4270320645597771,0.9042361902216374
2026-10-03T09:48:03.814 0.01284602181549624,-0.003547506724539892,-2.020598785668372e-05,0.0007194594063228488,-9.505572310760997e-05,0.4268044058851208,0.9043436694418895
2026-10-03T09:48:03.887 0.012916115802686048,-0.0034634632929020047,-2.0272125895951492e-05,0.0007197241598403764,-9.576190351387952e-05,0.4266698783501805,0.9044071471054581
2026-10-03T09:48:03.938 0.012967613175995681,-0.0033990896281992384,-2.0457868870854707e-05,0.0007185863671540067,-9.434041989763705e-05,0.42672152653699047,0.9043827804217961
2026-10-03T09:48:04.037 0.012973334941004801,-0.0033904468826855636,-2.0571225443332612e-05,0.0007190009771164593,-9.572271319920068e-05,0.4267735013214319,0.9043582544791654
2026-10-03T09:48:04.085 0.012951400939708835,-0.003417388458262917,-2.0447133397967646e-05,0.0007185623840868376,-9.563412309539428e-05,0.42685021264204387,0.9043220502064829
2026-10-03T09:48:04.167 0.012902287434810143,-0.003475503605274993,-2.0414172522775374e-05,0.0007187315586644601,-9.591037347721315e-05,0.42696828899561795,0.9042663072448853
2026-10-03T09:48:04.214 0.012855081648168499,-0.0035313537517256176,-2.013090831468243e-05,0.000718795371195491,-9.508430868140121e-05,0.42726970883160625,0.9041239241426714
2026-10-03T09:48:04.293 0.012786419114282048,-0.003617364118524047,-1.9485887183746156e-05,0.0007228986013444804,-9.650661965022432e-05,0.42760998759844715,0.903963033873698
2026-10-03T09:48:04.338 0.012723477154334886,-0.003695566204975022,-1.9714180759774405e-05,0.000719925727269706,-9.123395022871896e-05,0.4280598548047586,0.9037500949310282
2026-10-03T09:48:04.424 0.012640985586740967,-0.0037987428836814686,-1.9673140836839525e-05,0.0007226634906034004,-9.572910908566393e-05,0.4284506196482652,0.9035649036546488
2026-10-03T09:48:04.470 0.012573275523041064,-0.003879031192706299,-1.9744883345246067e-05,0.0007208680455359554,-9.123336106843923e-05,0.42892811259950575,0.9033383343175251
2026-10-03T09:48:04.566 0.012486493368957793,-0.003985963017960206,-1.9130814019873702e-05,0.000723894348900335,-9.478722768155858e-05,0.42933991759514434,0.9031426809490003
2026-10-03T09:48:04.629 0.012417352508956264,-0.004071556158420902,-1.942381100890454e-05,0.0007242551473778293,-9.390110552732831e-05,0.4298389558596851,0.902905276683285
2026-10-03T09:48:04.712 0.012328185780996155,-0.004181110618111039,-1.907419217043387e-05,0.0007244890780692277,-9.410711083446457e-05,0.4302595845230723,0.9027049109124535
2026-10-03T09:48:04.762 0.012257137997784724,-0.004268491921882066,-1.9110853723041983e-05,0.0007236037299421963,-9.046761010818703e-05,0.4307644054035758,0.902464124079488
2026-10-03T09:48:04.851 0.01216797099610617,-0.00437876163734226,-1.8940048478398228e-05,0.00072570767920973,-9.35191743574381e-05,0.43120333116213405,0.9022544828357504
2026-10-03T09:48:04.905 0.012095969793838156,-0.004469480813202682,-1.884109134179168e-05,0.0007252718364286874,-8.962912054729775e-05,0.4317260628305622,0.9020044748338035
2026-10-03T09:48:04.977 0.012003941706015367,-0.004583803680541482,-1.8740267566609944e-05,0.0007268903627012801,-9.248967921734399e-05,0.43217363161935907,0.9017901170499677
2026-10-03T09:48:05.052 0.01193527830565038,-0.004670231279954462,-1.8646588642450807e-05,0.0007257530798440333,-8.826608161250256e-05,0.4327017580436733,0.901536829018915
2026-10-03T09:48:05.110 0.011842773445192394,-0.004784017711485547,-1.8500307597236198e-05,0.0007283803217193215,-9.171971796664769e-05,0.4331624092153613,0.9013155875121345
2026-10-03T09:48:05.176 0.011770772468475207,-0.004875809770927236,-1.8267240002029734e-05,0.0007275415748423986,-8.760455631561353e-05,0.4337033503629905,0.9010554183248751
2026-10-03T09:48:05.239 0.011679698166028622,-0.004991563137722753,-1.8108319282736663e-05,0.0007297558085939735,-9.091936895920973e-05,0.4341606938084218,0.9008351409341878
2026-10-03T09:48:05.289 0.011611034441822784,-0.005078467574332173,-1.822325627653776e-05,0.000728263686565278,-8.622198500560952e-05,0.4346901318027997,0.9005797863104839
2026-10-03T09:48:05.361 0.011519483174506262,-0.005193386482117992,-1.813808747650333e-05,0.0007304008040225571,-8.988036675338707e-05,0.435155730526102,0.9003549014841201
2026-10-03T09:48:05.412 0.011446528738958952,-0.005285357367476232,-1.7769401708792412e-05,0.0007300914058265359,-8.562756495466124e-05,0.43570546290701156,0.9000890007257316
2026-10-03T09:48:05.484 0.011351639715359147,-0.0054044486424144845,-1.7649152430672752e-05,0.0007326638186736324,-8.927637233810207e-05,0.43618417426804484,0.8998571116302645
2026-10-03T09:48:05.530 0.011279161575237187,-0.005496479126476953,-1.762394686235188e-05,0.0007311985508485073,-8.49213805403432e-05,0.4367399276104484,0.8995875131235752
2026-10-03T09:48:05.606 0.011183796038619546,-0.005616941314212811,-1.7309228576541785e-05,0.0007335231653130922,-8.796248034054682e-05,0.43723222898471215,0.8993483374885554
2026-10-03T09:48:05.650 0.011108933814291596,-0.005714932292766723,-1.7265351240369643e-05,0.0007329919577972503,-8.447884003567126e-05,0.43779683284910825,0.8990736280936091
2026-10-03T09:48:05.728 0.011014521763066163,-0.005835454073162381,-1.707134994549885e-05,0.0007352608241457228,-8.750405378610466e-05,0.43829727027451815,0.8988297695361825
2026-10-03T09:48:05.768 0.010941089923415177,-0.005931001243281364,-1.7089339369533477e-05,0.0007339733428154311,-8.350870062604483e-05,0.43886738814594883,0.8985515399415784
2026-10-03T09:48:05.845 0.010845724316867034,-0.006051523035670196,-1.681932450167861e-05,0.0007362727891284263,-8.660585293715424e-05,0.43938287567371215,0.8982995819694594
2026-10-03T09:48:05.886 0.010770385471021549,-0.006149752438782006,-1.6640582913324404e-05,0.0007359290247667323,-8.295384281313549e-05,0.43997179800704406,0.8980112852774064
2026-10-03T09:48:05.969 0.0106764499908947,-0.006271645120036773,-1.6626149035110428e-05,0.0007379737500204568,-8.5634584758475e-05,0.4404922329029783,0.8977561143281679
2026-10-03T09:48:06.016 0.010600157299952184,-0.006371185837362255,-1.656510851267473e-05,0.0007368560242661583,-8.175744458346222e-05,0.44108881501801944,0.8974631511237212
2026-10-03T09:48:06.089 0.01050145372148305,-0.006499337066330292,-1.6423925169527934e-05,0.0007392029463005259,-8.447569354794312e-05,0.44162179641276283,0.8972010005433708
2026-10-03T09:48:06.135 0.010426591975569287,-0.006599771835267856,-1.609692572484156e-05,0.0007403794481864568,-8.356722011875221e-05,0.4422166481785989,0.8969079556612695
2026-10-03T09:48:06.207 0.010333133406437748,-0.006721962533734853,-1.6038542300248498e-05,0.000740618005704264,-8.365013353028317e-05,0.442751776995866,0.8966439139673161
2026-10-03T09:48:06.254 0.010258271269300512,-0.006821264814465517,-1.5949961321888398e-05,0.0007414540343244184,-8.271713186968543e-05,0.4433583413048861,0.896344144064751
2026-10-03T09:48:06.331 0.01015909077353597,-0.006950488933053783,-1.5867628443456114e-05,0.0007420652203307202,-8.23700699281003e-05,0.4439081921281435,0.8960719611258371
2026-10-03T09:48:06.377 0.010083275305125962,-0.0070507449000693475,-1.5568923453010522e-05,0.0007432340859752012,-8.151409013685637e-05,0.4445119249552423,0.8957726215570174
2026-10-03T09:48:06.458 0.009990770242695615,-0.007172816377259097,-1.5616355906036356e-05,0.0007436224572774235,-8.161159741111338e-05,0.44506395151254025,0.8954984753919079
2026-10-03T09:48:06.516 0.009916861980673179,-0.007273191529566917,-1.541007347178778e-05,0.0007442384381521108,-8.077329764546158e-05,0.445687950292657,0.8951880755175148
2026-10-03T09:48:06.582 0.009819112020406714,-0.007402594444076496,-1.5315101211754504e-05,0.0007452432982801166,-8.105045838874366e-05,0.4461970313317222,0.8949344374165114
2026-10-03T09:48:06.630 0.00974758760473579,-0.0074968302879859,-1.527650200028653e-05,0.0007452631720017594,-7.93177277109581e-05,0.4466208191417525,0.8947230198227005
2026-10-03T09:48:06.706 0.009671295106935806,-0.007600483725784154,-1.5126053949743699e-05,0.0007462547810450545,-7.971623879685473e-05,0.4468307751247479,0.8946181840039583
2026-10-03T09:48:06.749 0.009600247466447956,-0.007693587075444962,-1.5118011138719416e-05,0.0007464477028522602,-8.126250993090132e-05,0.44682541056952596,0.8946208630931911
2026-10-03T09:48:06.831 0.009591187939448543,-0.007704077606962279,-1.4954673325808835e-05,0.000746095514362967,-7.993987059901736e-05,0.44678699576305037,0.8946400490522032
2026-10-03T09:48:06.893 0.00961645965275159,-0.007669446990191024,-1.5113846424464732e-05,0.0007451441306561107,-7.890327174348115e-05,0.4468031195258449,0.894631997480792
2026-10-03T09:48:06.960 0.009630287399943628,-0.007651148190179996,-1.531452710037966e-05,0.0007455469267052387,-7.92501656642075e-05,0.44687863807851996,0.8945942771493
2026-10-03T09:48:07.005 0.009613122063345294,-0.007675645915249257,-1.4989358759496076e-05,0.000744705287972165,-7.978652645872823e-05,0.4470015431733108,0.8945328722013647
2026-10-03T09:48:07.078 0.009561147402983113,-0.007743536260054327,-1.511578527324686e-05,0.0007465472865140978,-8.193546803063489e-05,0.44717803057030997,0.8944446572756679
2026-10-03T09:48:07.130 0.009504405468889664,-0.00781768515247698,-1.4593922332179264e-05,0.0007472150389247784,-7.965322204619833e-05,0.44753777285541285,0.8942647131541458
2026-10-03T09:48:07.208 0.009430020096883186,-0.007916927822567654,-1.4550798721344531e-05,0.0007477394325569103,-7.935755553234095e-05,0.4480725139926228,0.8939968997666884
2026-10-03T09:48:07.247 0.009354204291439027,-0.008024097928425823,-1.4520313166212907e-05,0.0007493918675536412,-7.973780267182754e-05,0.448832857173477,0.8936154085372549
2026-10-03T09:48:07.323 0.009246917902183174,-0.008164408612977738,-1.4305952522657144e-05,0.0007508530435380342,-7.935221026247254e-05,0.4497792260652628,0.893139450322886
2026-10-03T09:48:07.362 0.009154412963261407,-0.008288804671302608,-1.429378002518962e-05,0.0007529860190916235,-7.914401563880384e-05,0.4510520183191516,0.8924973409027612
2026-10-03T09:48:07.437 0.009054278988422903,-0.008425956219641283,-1.4150333419691286e-05,0.0007558400153429093,-8.004366821244171e-05,0.4526012555346909,0.8917126924000263
2026-10-03T09:48:07.479 0.008946516001524529,-0.008574015514000402,-1.3845810723252548e-05,0.0007599629701947336,-8.19638692603333e-05,0.4544395138108346,0.890777269594134
2026-10-03T09:48:07.556 0.00883684578183384,-0.008725472297116935,-1.3493568323115571e-05,0.000763115774458712,-8.130662304909696e-05,0.456587865083587,0.8896779937156813
2026-10-03T09:48:07.600 0.008725267956888464,-0.00888068419690325,-1.333202444187541e-05,0.0007677087411266419,-8.243941138457216e-05,0.4590581091148108,0.8884059073886028
2026-10-03T09:48:07.672 0.008614643783915743,-0.009039829991245786,-1.3216691205032564e-05,0.0007733460578327431,-8.410125962674888e-05,0.4618519449230376,0.8869566933247983
2026-10-03T09:48:07.719 0.008499728700019723,-0.009206903257313475,-1.2766746164395334e-05,0.0007787696532109145,-8.427131542085443e-05,0.464969820511406,0.8853261841997917
2026-10-03T09:48:07.802 0.00838004514802428,-0.009382678861576503,-1.2443370682764771e-05,0.000785023138328008,-8.487095225508123e-05,0.46841519208607263,0.8835081122200076
2026-10-03T09:48:07.842 0.008256070442155296,-0.00956954098377034,-1.1964196591447529e-05,0.0007911086058303119,-8.379595452738112e-05,0.47215733430390194,0.8815139356745559
2026-10-03T09:48:07.919 0.0081301882173327,-0.00976701275678258,-1.1675719897863451e-05,0.0007932138879631688,-7.61977243654551e-05,0.47612493341015527,0.8793772869427604
2026-10-03T09:48:07.966 0.00800382967788791,-0.009970385395578598,-1.1103366600237057e-05,0.0007994525628231021,-7.359600319752633e-05,0.48024511651593077,0.8771339598498216
2026-10-03T09:48:08.038 0.007874609842507384,-0.010177990000212137,-1.0735105025938362e-05,0.0008056820139713405,-7.129930051083155e-05,0.4844791439809244,0.8748024376054361
2026-10-03T09:48:08.079 0.007746820292624155,-0.010390243749160331,-1.054791819223106e-05,0.0008120270630101417,-6.978691109581083e-05,0.4887945610668649,0.8723985401256051
2026-10-03T09:48:08.169 0.0076204610939626,-0.010604881665910955,-1.0482201899313983e-05,0.000819502754567391,-7.035479092903807e-05,0.49317062461117395,0.8699322148800234
2026-10-03T09:48:08.209 0.007494102303034291,-0.010821963373053434,-1.017806692558715e-05,0.0008283382317698486,-7.289393119884737e-05,0.4975936254004864,0.8674098757237255
2026-10-03T09:48:08.295 0.0073682204172550855,-0.011042621352875998,-9.859784154408853e-06,0.000835682336508644,-7.23989236285523e-05,0.5020533137161133,0.8648362657636983
2026-10-03T09:48:08.337 0.007242338263918336,-0.011268226518252803,-9.750116569997104e-06,0.0008428463241709626,-7.209196753328469e-05,0.5065364563288993,0.8622181294907821
2026-10-03T09:48:08.418 0.007116933324720011,-0.011499494118843856,-9.447487136092262e-06,0.0008497540547627812,-7.032049721431188e-05,0.5110375398832936,0.8595579711707089
2026-10-03T09:48:08.485 0.006991528396185253,-0.011735351277087719,-9.174659236631557e-06,0.000856525212319514,-6.875207110552462e-05,0.515549769374688,0.8568592048495595
2026-10-03T09:48:08.546 0.006868984406743988,-0.011974188631563252,-8.98086014297903e-06,0.0008633227521938981,-6.702259193219507e-05,0.5200699260313235,0.8541232476753993
2026-10-03T09:48:08.596 0.006748347650706285,-0.012215290938542787,-8.879483254550545e-06,0.0008700825940803525,-6.518942353515175e-05,0.5245947316570414,0.8513516348867225
2026-10-03T09:48:08.679 0.006628664870778635,-0.012458002558891476,-8.600800252217708e-06,0.0008766624212930581,-6.386578344911858e-05,0.5291224578332833,0.8485450206091756
2026-10-03T09:48:08.744 0.006511366109193397,-0.012702621497877589,-8.445095728812369e-06,0.0008831296639576048,-6.254640989892002e-05,0.5336515547891162,0.84570398736266
2026-10-03T09:48:08.823 0.006396451485253029,-0.012949266964776995,-8.337863951995231e-06,0.0008899533836704969,-6.117283827426137e-05,0.5381795187655856,0.8428297632512164
2026-10-03T09:48:08.875 0.006285351715433689,-0.01319752170904143,-8.147256497112533e-06,0.0008966058059444883,-6.004809926919389e-05,0.5427043236276105,0.8399233355539971
2026-10-03T09:48:08.962 0.006175205902666751,-0.013447743394546378,-7.794244012398144e-06,0.0009040095495646294,-5.861318521206209e-05,0.5472244189291003,0.8369854327638787
2026-10-03T09:48:09.027 0.006068874332953545,-0.01369969356677698,-7.745285536891826e-06,0.0009108352322069236,-5.7709013502571266e-05,0.5517392692797318,0.8340161543900196
2026-10-03T09:48:09.107 0.005965404002910916,-0.013952299354054919,-7.566740251460173e-06,0.0009180938716413556,-5.6685685471513044e-05,0.5562460724712276,0.8310171242223049
2026-10-03T09:48:09.166 0.005863364396848882,-0.014205083937232299,-7.256346443882261e-06,0.0009250962635333248,-5.5816336986335127e-05,0.560746080739853,0.8279873030526097
2026-10-03T09:48:09.244 0.005766092990439087,-0.01445965659974045,-7.0727007850885444e-06,0.0009318635214228354,-5.504506268204279e-05,0.5652357178030986,0.8249289132525508
2026-10-03T09:48:09.292 0.0056702519816211544,-0.014716553825400793,-6.980723391697982e-06,0.0009387661280290118,-5.367765862542001e-05,0.5697145065318515,0.8218421362305749
2026-10-03T09:48:09.375 0.00557679509168699,-0.014973987462855163,-6.93721898862685e-06,0.0009455130127121944,-5.3475225667845595e-05,0.5741826259686726,0.8187267035960549
2026-10-03T09:48:09.427 0.005485245870044817,-0.01523267277380049,-6.703015247721981e-06,0.0009524894456120495,-5.255473605819805e-05,0.5786401950166525,0.8155823776375665
2026-10-03T09:48:09.504 0.005397034274738053,-0.015491834879907365,-6.623100365006186e-06,0.0009595112719735378,-5.2146832972681504e-05,0.5830867965897045,0.8124092960211519
2026-10-03T09:48:09.551 0.00531406812651989,-0.01574986443169588,-6.3875663300644085e-06,0.0009668889727532949,-5.151765514412021e-05,0.5875201654744638,0.8092089455959469
2026-10-03T09:48:09.635 0.00523396289922721,-0.016005688575615552,-6.2012596639791634e-06,0.0009741249893149056,-5.102463725846671e-05,0.5919418517777235,0.8059800820063429
2026-10-03T09:48:09.676 0.005156241389088607,-0.016260082178095565,-6.30184459102911e-06,0.0009808044455872726,-5.0686443005411965e-05,0.5963500080905936,0.8027239272027918
2026-10-03T09:48:09.775 0.005082334985026598,-0.016513641267472196,-6.140240528914805e-06,0.0009876624723185357,-5.007965966353086e-05,0.6007444550180397,0.7994405054661334
2026-10-03T09:48:09.819 0.0050108129028858615,-0.016767021512881,-5.89299929099749e-06,0.0009950408233238618,-4.955226933183909e-05,0.6051249538717086,0.7961298874179357
2026-10-03T09:48:09.906 0.0049426284791922815,-0.01701968646055048,-5.77024482111791e-06,0.001001883931546366,-4.914516302668556e-05,0.6094909094416513,0.7927924224671483
2026-10-03T09:48:09.951 0.004878735289827108,-0.017271397679905633,-5.833089588688976e-06,0.0010085961878255163,-4.8601002033111206e-05,0.6138405928807493,0.789429355232932
2026-10-03T09:48:10.029 0.004816749716676735,-0.01752209559625319,-5.720136531465931e-06,0.0010154201491355376,-4.8290527584810996e-05,0.6181764477760122,0.7860387051570533
2026-10-03T09:48:10.073 0.00475953244747218,-0.017773508708311975,-5.659426085672768e-06,0.0010224332073600349,-4.772185691345519e-05,0.6224954342427923,0.7826227614245821
2026-10-03T09:48:10.163 0.0047027920772558275,-0.01802426616326666,-5.554766249488508e-06,0.001029555188862803,-4.7453237921414525e-05,0.6267994596837612,0.7791799375654178
2026-10-03T09:48:10.207 0.004650343366203991,-0.018274129494502585,-5.367485074778786e-06,0.001036688571141467,-4.6990816493903185e-05,0.6310864380227535,0.7757118220140925
2026-10-03T09:48:10.291 0.004601232198049069,-0.018523456341947155,-5.379196351699848e-06,0.0010431105042399923,-4.673122956391653e-05,0.6353557737873525,0.77221884880631
2026-10-03T09:48:10.332 0.0045559359123747,-0.01877290235063202,-5.277729909150257e-06,0.0010498196321558995,-4.6302020181108356e-05,0.6396067509355442,0.7687015675101356
2026-10-03T09:48:10.417 0.004513500579144466,-0.01902264634652841,-5.2254904259887344e-06,0.0010566669300774896,-4.587154201319219e-05,0.64384068088062,0.7651588455961156
2026-10-03T09:48:10.458 0.004472495982948925,-0.019271734673294717,-5.026501414602281e-06,0.0010639255628318988,-4.530691950572282e-05,0.6480572057801063,0.7615909164677326
2026-10-03T09:48:10.537 0.004435305809580851,-0.01951998848703693,-4.99745654852818e-06,0.0010705980908642478,-4.5125337703307246e-05,0.6522553727527205,0.7579985359475581
2026-10-03T09:48:10.575 0.00439906927151831,-0.019767109800524388,-4.984820870401248e-06,0.0010776118224782316,-4.472477290472706e-05,0.6564344658130076,0.7543822829608647
2026-10-03T09:48:10.659 0.004366647539251824,-0.020013873438102178,-4.903710978502134e-06,0.0010841678009595008,-4.4582232195238535e-05,0.6605937107361315,0.7507428134377792
2026-10-03T09:48:10.709 0.0043375635604241975,-0.020259981382574472,-4.88748327461887e-06,0.0010904687670450653,-4.4503750778784334e-05,0.6647346570743166,0.7470787405498667
2026-10-03T09:48:10.777 0.004310387012784527,-0.02050722179127552,-4.8295676780819565e-06,0.0010975866520719741,-4.386897026809959e-05,0.6688552774326421,0.7433918288692433
2026-10-03T09:48:10.818 0.004286071373470139,-0.020754998605772637,-4.850681287072431e-06,0.0011042676046951268,-4.339736870513498e-05,0.6729575397450283,0.7396802879690957
2026-10-03T09:48:10.900 0.004264616999934522,-0.02100176210525805,-4.712406073980229e-06,0.0011107335960120854,-4.328521004624827e-05,0.6770400729362792,0.7359453132099606
2026-10-03T09:48:10.939 0.0042474540324035125,-0.021248108318212937,-4.655422012618322e-06,0.0011175709621072207,-4.296690458669453e-05,0.6811010884132019,0.732188538937439
2026-10-03T09:48:11.026 0.00423076773200978,-0.021494096897314918,-4.703499937800661e-06,0.001123994638297026,-4.260244021194681e-05,0.6851430305733215,0.728407689743793
2026-10-03T09:48:11.072 0.004218849911286833,-0.021739787393145152,-4.684611499604847e-06,0.001130634755074867,-4.239213096797101e-05,0.6891641107889409,0.7246044081210424
2026-10-03T09:48:11.150 0.004210269968558314,-0.021985358637659158,-4.656099448840846e-06,0.0011368801043718985,-4.2151978429476305e-05,0.6931639719173877,0.7207790325491926
2026-10-03T09:48:11.200 0.004204074090088496,-0.022230870247524955,-4.705862771025087e-06,0.0011434738829683008,-4.1839591631200936e-05,0.6971430306012157,0.7169311582021527
2026-10-03T09:48:11.281 0.004200262542545278,-0.022476918269160172,-4.669988800415332e-06,0.0011497876994245324,-4.1682525133473244e-05,0.7011019429843648,0.7130601249504575
2026-10-03T09:48:11.322 0.004198835209627979,-0.022723621911868018,-4.622983230353873e-06,0.0011563189557999788,-4.141470903476682e-05,0.7050405298604513,0.7091660683263044
2026-10-03T09:48:11.406 0.004199315103656789,-0.02297020632128631,-4.653499112918267e-06,0.0011629946883201132,-4.092287047602608e-05,0.7089576588054523,0.705250085990612
2026-10-03T09:48:11.448 0.004202655933619965,-0.023215777415731168,-4.733242169354208e-06,0.0011690890959355023,-4.10246548696149e-05,0.712853986040281,0.7013115043503466
2026-10-03T09:48:11.534 0.004209811824790439,-0.02346069281101243,-4.580598492514463e-06,0.0011756836270367431,-4.065404051109407e-05,0.7167277225813476,0.697352126116077
2026-10-03T09:48:11.580 0.004220782077863207,-0.023705548553659816,-4.642602261951308e-06,0.0011817803272548325,-4.0689466121129795e-05,0.7205795844690922,0.693371231149646
2026-10-03T09:48:11.669 0.004234136400447785,-0.023950761894172386,-4.782881336091649e-06,0.00118810197354934,-4.0385345070420575e-05,0.724410226778975,0.6893681238066919
2026-10-03T09:48:11.712 0.00424844463626246,-0.024196332850519395,-4.775656786198186e-06,0.0011945388515536269,-4.009693526396966e-05,0.7282197688060813,0.6853426440760748
2026-10-03T09:48:11.797 0.004266090607208789,-0.024441665346277043,-4.84821549864399e-06,0.0012007922161843387,-3.989222681939082e-05,0.7320068994925987,0.6812961585110372
2026-10-03T09:48:11.835 0.004285644279605845,-0.024685269283278907,-4.685371933014035e-06,0.0012071377390611775,-3.9449647482860006e-05,0.7357704861397013,0.6772298967027015
2026-10-03T09:48:11.920 0.0043099659095945445,-0.02492827711384532,-4.783387189251667e-06,0.0012130884206592108,-3.966903446230818e-05,0.7395119000304765,0.6731423895106934
2026-10-03T09:48:11.960 0.004335241189897661,-0.025171344537052394,-4.8978114384514865e-06,0.0012193049204137021,-3.936679626312699e-05,0.7432310214339294,0.6690337514087347
2026-10-03T09:48:12.047 0.0043643313915470725,-0.025413875470401814,-4.869255790286076e-06,0.001225507029789617,-3.92332219210067e-05,0.7469277909672876,0.6649040319279182
2026-10-03T09:48:12.089 0.004395328906879413,-0.025655691124003035,-4.8586171219663715e-06,0.0012317833344739492,-3.889198746325222e-05,0.7506012548925658,0.6607542942357135
2026-10-03T09:48:12.174 0.004428710346609453,-0.025897566352261987,-5.015660662505363e-06,0.0012376655586334587,-3.8748902408558485e-05,0.7542521288308588,0.6565837287327528
2026-10-03T09:48:12.219 0.004465430007232425,-0.026138487864136913,-4.939563588443275e-06,0.0012437051350719444,-3.862052675621988e-05,0.757879935512265,0.6523928686412176
2026-10-03T09:48:12.297 0.0045059639037012345,-0.026378694072299154,-5.152619780740309e-06,0.0012496861177829159,-3.84073403108223e-05,0.7614841386694492,0.6481823380533678
2026-10-03T09:48:12.342 0.004546497990153451,-0.02661901948972907,-5.246466812993575e-06,0.0012555002458248378,-3.8287829717678205e-05,0.7650655728471273,0.6439511561425073
2026-10-03T09:48:12.427 0.00458989340076173,-0.026859225661813372,-5.151122591789111e-06,0.001261555801366102,-3.808732853506416e-05,0.7686236416802146,0.6397000113151169
2026-10-03T09:48:12.468 0.004637103162015642,-0.027098478111592238,-5.2704259630999726e-06,0.0012675259454186735,-3.7843409131431414e-05,0.7721571533428997,0.6354303443236274
2026-10-03T09:48:12.547 0.004685743351018379,-0.02733683647369748,-5.436694698568965e-06,0.0012734279223075378,-3.754057296074378e-05,0.7756677171352393,0.6311402138718771
2026-10-03T09:48:12.599 0.004739628868557699,-0.02757400267685326,-5.521850004402022e-06,0.0012789002560789073,-3.7814225225934075e-05,0.7791542604672934,0.6268309192915459
2026-10-03T09:48:12.671 0.0047944681527121195,-0.027811109263346498,-5.548908609854973e-06,0.0012850728511799403,-3.718649409304792e-05,0.7826163056121789,0.6225030645666546
2026-10-03T09:48:12.712 0.004851691402381316,-0.02804779858733383,-5.713847217024291e-06,0.0012904340273800154,-3.727776051324641e-05,0.7860558803075798,0.6181540960183516
2026-10-03T09:48:12.797 0.004910822091789899,-0.028284428282651767,-5.822196983956784e-06,0.0012961630717839968,-3.7005455309652843e-05,0.7894706590576084,0.6137869313361383
2026-10-03T09:48:12.840 0.004973290659192913,-0.028520938726653473,-5.920923138321091e-06,0.0013020550505495729,-3.659952451004836e-05,0.79286159569126,0.6094003555882036
2026-10-03T09:48:12.921 0.005039097183072289,-0.028756078221787832,-5.950421314578812e-06,0.001307889389300939,-3.639452723882557e-05,0.7962278559244342,0.6049954458925804
2026-10-03T09:48:12.962 0.0051058570359731065,-0.02899008521670298,-6.1900435321697665e-06,0.0013130643734094128,-3.660225137535366e-05,0.799570453503699,0.6005708654323118
2026-10-03T09:48:13.044 0.0051773856224550645,-0.029223376895802913,-6.198786886377565e-06,0.001318768388601624,-3.635026287878473e-05,0.8028879569894433,0.5961284996122175
2026-10-03T09:48:13.089 0.00524891425605765,-0.02945666857489738,-6.177727955449045e-06,0.0013244812503598485,-3.566880792497687e-05,0.806181082042868,0.5916673959526116
2026-10-03T09:48:13.184 0.0053256878673399784,-0.029687099165027087,-6.284171863817787e-06,0.0013299424347402056,-3.5670855599368436e-05,0.8094488155994382,0.587188934590373
2026-10-03T09:48:13.241 0.005402938088132734,-0.029916337656282557,-6.525480180356581e-06,0.0013352209637807711,-3.5449814569521907e-05,0.8126917536460804,0.5826923111591118
2026-10-03T09:48:13.316 0.005486387032365247,-0.030144741604483157,-6.865996579725129e-06,0.0013403107080084686,-3.548514351360595e-05,0.8159090617297654,0.578178696680589
2026-10-03T09:48:13.362 0.005569359964646632,-0.030373145558591493,-6.684219059136479e-06,0.001345952425052513,-3.482487218924248e-05,0.8191016333269022,0.5736468438686811
2026-10-03T09:48:13.441 0.005654239571480673,-0.03060059581444636,-6.92268940673082e-06,0.0013513528441479459,-3.459241482983317e-05,0.8222695286687153,0.5690966480939633
2026-10-03T09:48:13.495 0.005741980487461894,-0.0308267347320602,-6.971968695852412e-06,0.001356637890882401,-3.45385914212892e-05,0.8254120920101912,0.5645290397349622
2026-10-03T09:48:13.583 0.005832581904035153,-0.031050966265078254,-7.338695871311147e-06,0.0013612668380460018,-3.43715684106656e-05,0.8285287873418126,0.5599448136353229
2026-10-03T09:48:13.634 0.005926044970856662,-0.03127478052948857,-7.307615846104178e-06,0.0013666280829581815,-3.400540937641023e-05,0.8316202096071236,0.5553430994838409
2026-10-03T09:48:13.716 0.00602093827769492,-0.03149776031089191,-7.442710315851359e-06,0.0013720388155066593,-3.3636244194238684e-05,0.8346864785540544,0.5507237046805992
2026-10-03T09:48:13.762 0.006118692445283936,-0.03171936914946138,-7.67173544567006e-06,0.0013767917047202195,-3.358432596871207e-05,0.8377269390966983,0.5460876109456906
2026-10-03T09:48:13.842 0.006218830893973694,-0.03193942823723604,-7.830024766486643e-06,0.0013817105109248785,-3.334412570477852e-05,0.8407413521674917,0.5414351932778391
2026-10-03T09:48:13.888 0.006322307263275848,-0.032159010445820375,-7.948888248094215e-06,0.0013865460727227703,-3.297010433811807e-05,0.8437295987553601,0.5367666537584832
2026-10-03T09:48:13.966 0.00642912152963008,-0.032378115775217126,-8.043227033060941e-06,0.001391506876535091,-3.247730364235528e-05,0.8466922151321843,0.5320811549833281
2026-10-03T09:48:14.014 0.006538319592074221,-0.032596446214258494,-8.379753876216645e-06,0.0013961846599483386,-3.2335226567607436e-05,0.8496294996409295,0.5273781972766152
2026-10-03T09:48:14.099 0.006648471729965433,-0.03281304810654545,-8.449568296016994e-06,0.0014011930501565593,-3.220942373229836e-05,0.8525408557556649,0.5226587078467058
2026-10-03T09:48:14.141 0.006760054203615543,-0.033028934725104035,-8.62595262100036e-06,0.0014056253563077934,-3.1889639526606794e-05,0.8554258669647693,0.5179233624079741
2026-10-03T09:48:14.223 0.0068740206558345245,-0.03324356961612719,-8.925315941621425e-06,0.0014103875455001348,-3.153327556596463e-05,0.8582848305722465,0.5131716666206295
2026-10-03T09:48:14.271 0.006991802119138398,-0.033457310389413145,-9.02209485310012e-06,0.0014150061493624498,-3.0960723360161715e-05,0.8611171509119879,0.5084046117063179
2026-10-03T09:48:14.354 0.007111490765566077,-0.03366932260400346,-9.211296623002552e-06,0.0014197576899030269,-3.090860166208625e-05,0.8639228873695545,0.5036221083429645
2026-10-03T09:48:14.397 0.007232132947054477,-0.03387972548119179,-9.476512229118781e-06,0.0014241432877525168,-3.0607374801178775e-05,0.8667019211312773,0.4988243686774312
2026-10-03T09:48:14.478 0.007357543644828076,-0.034088995810076114,-9.644959323210027e-06,0.0014289563294968522,-2.9966631218700035e-05,0.8694542515699702,0.4940113982619352
2026-10-03T09:48:14.537 0.007485815274033375,-0.03429689519611839,-9.862633649668312e-06,0.0014329248668293537,-2.9811495116757566e-05,0.8721801777112393,0.48918266879070016
2026-10-03T09:48:14.602 0.0076145637180379385,-0.0345030660414589,-1.0081062188926466e-05,0.0014376038034906724,-2.9491258218838838e-05,0.8748792810977177,0.4843389060683753
2026-10-03T09:48:14.648 0.00774474278127562,-0.034708581217682985,-1.022724691280048e-05,0.001441752105269806,-2.9214765741258252e-05,0.8775518011264307,0.4794796730176597
2026-10-03T09:48:14.732 0.007877305900813663,-0.03491153336417576,-1.0436806276523045e-05,0.0014460102428411887,-2.8747465954900428e-05,0.8801968432313474,0.474606600663678
2026-10-03T09:48:14.774 0.008013683704593965,-0.03511382981154868,-1.0652397188060459e-05,0.001450297707506105,-2.8446659486477565e-05,0.8828151227238552,0.46971837830492846
2026-10-03T09:48:14.861 0.00815006152847891,-0.0353139804917044,-1.0838186165434529e-05,0.0014542772782769665,-2.837233613342118e-05,0.8854058650190594,0.46481645674659566
2026-10-03T09:48:14.904 0.008290254125594268,-0.035513058240215924,-1.097040218859556e-05,0.0014588788868308334,-2.7623212541259935e-05,0.8879693077976396,0.459900401520517
2026-10-03T09:48:14.988 0.008432353617856544,-0.03570999019755122,-1.1373854849242975e-05,0.0014628378839864288,-2.7236644353757598e-05,0.8905055712673499,0.4549699846201962
2026-10-03T09:48:15.029 0.008575407092075077,-0.035905253212787834,-1.1570199647058423e-05,0.0014666900478474377,-2.7283976091385706e-05,0.8930148338163078,0.450024837825559
2026-10-03T09:48:15.119 0.008720367703047231,-0.036098847273979044,-1.1888769578684674e-05,0.001470504223455205,-2.6821598736467885e-05,0.8954962013311624,0.4450667256708694
2026-10-03T09:48:15.159 0.00887009678243351,-0.03629124918222695,-1.214037329317151e-05,0.0014746489128987497,-2.6344780884891638e-05,0.8979496139169458,0.44009580273270527
2026-10-03T09:48:15.245 0.009020779662797969,-0.03648257819484574,-1.2304078187879151e-05,0.0014781612259891562,-2.6268317544665293e-05,0.9003759067895513,0.4351103777459909
2026-10-03T09:48:15.289 0.009172416046407948,-0.0366716422189728,-1.2558698168610494e-05,0.0014821722480838498,-2.5403736304919576e-05,0.902774065788505,0.4301125302287406
2026-10-03T09:48:15.368 0.00932786741454073,-0.0368595737067863,-1.2625634921764619e-05,0.0014862082453507926,-2.501428809128777e-05,0.9051449257427757,0.42510052218439104
2026-10-03T09:48:15.413 0.00948522552670277,-0.037044584543057965,-1.3053215294554322e-05,0.0014897564926108573,-2.4893513074524605e-05,0.9074877122073193,0.4200759838393898
2026-10-03T09:48:15.511 0.009644491207958978,-0.0372285820763275,-1.3334800127686229e-05,0.0014930833387205781,-2.4504270916120678e-05,0.9098025441793345,0.4150386737479953
2026-10-03T09:48:15.517 0.009644491207958978,-0.0372285820763275,-1.3334800127686229e-05,0.0014930833387205781,-2.4504270916120678e-05,0.9098025441793345,0.4150386737479953
2026-10-03T09:48:15.557 0.009804710634067411,-0.03741079145823614,-1.3558288543166255e-05,0.001496934520570679,-2.4340583265477648e-05,0.9120895402769834,0.40998832801910134
2026-10-03T09:48:15.643 0.009968744851713458,-0.037591510675984464,-1.3713302930109825e-05,0.0015009254549040085,-2.3655260474299542e-05,0.9143483431812427,0.40492573885210603
2026-10-03T09:48:15.687 0.010133255760353645,-0.03777002451588653,-1.394357732068805e-05,0.0015043183754645337,-2.319048770187934e-05,0.9165793110983282,0.39985010060639065
2026-10-03T09:48:15.769 0.010298243446724786,-0.03794573693148367,-1.418950724212078e-05,0.0015079170069606715,-2.300481689713252e-05,0.91878208576991,0.394762212636129
2026-10-03T09:48:15.814 0.010466091898104537,-0.038119959194968356,-1.4588972413396162e-05,0.0015111234272209403,-2.2860042825882565e-05,0.9209566080648767,0.3896622153160905
2026-10-03T09:48:15.899 0.01063680180854479,-0.038291678027297466,-1.4694938723206669e-05,0.0015145773007088957,-2.2498270430380218e-05,0.9231022814398661,0.38455153562291533
2026-10-03T09:48:15.945 0.010809895280972691,-0.03846274117858807,-1.5192104497389242e-05,0.0015177871945094208,-2.2044777130127825e-05,0.9252201195474868,0.3794277615312223
2026-10-03T09:48:16.027 0.010984419850140106,-0.03863177775387512,-1.5304102686489074e-05,0.0015213828560613329,-2.172872502522117e-05,0.927309108626016,0.374293336811239
2026-10-03T09:48:16.069 0.01116275878826036,-0.0387994433743406,-1.5615847393780815e-05,0.0015248349149391235,-2.1061405217058778e-05,0.9293700239425434,0.3691463571971634
2026-10-03T09:48:16.153 0.011340144077113189,-0.03896526126281959,-1.5896282258019686e-05,0.0015275949339767858,-2.1108404050923428e-05,0.9314026871192764,0.3639872256482973
2026-10-03T09:48:16.196 0.011522297693314802,-0.039128039254381033,-1.618425692018665e-05,0.0015312341322110106,-2.0526701706472177e-05,0.9334061432546702,0.35881837555388507
2026-10-03T09:48:16.281 0.01170397441082476,-0.039289625159055964,-1.650128013240328e-05,0.0015339254908253075,-2.0537185752626385e-05,0.9353811090377062,0.35363798934249646
2026-10-03T09:48:16.320 0.011887081704495976,-0.03944900567385317,-1.6760960925284407e-05,0.0015373820408202499,-1.9625066865404787e-05,0.9373272850955257,0.34844683480664373
2026-10-03T09:48:16.404 0.012074003576161086,-0.039606776815225134,-1.7086277992241015e-05,0.0015403210230392375,-1.945620570915472e-05,0.9392448512532993,0.34324442665070354
2026-10-03T09:48:16.455 0.012262832657058196,-0.03976115046784241,-1.7474215905464008e-05,0.0015433754471147279,-1.9241633064249603e-05,0.9411331513705085,0.33803255614423355
2026-10-03T09:48:16.527 0.012450231537851292,-0.03991391481302288,-1.765127629574759e-05,0.0015464772371769125,-1.89972423815426e-05,0.9429926623301134,0.3328099259920361
2026-10-03T09:48:16.567 0.012640967982396386,-0.04006405651183956,-1.7997527193749356e-05,0.0015497066286757485,-1.8489728748486176e-05,0.9448230264470217,0.32757754312984555
2026-10-03T09:48:16.649 0.012833611780240601,-0.04021288688445485,-1.8331892883953004e-05,0.0015522318755868977,-1.830982562165814e-05,0.9466247808110261,0.322333855800832
2026-10-03T09:48:16.694 0.01302482512586788,-0.040358796647475714,-1.86043926913823e-05,0.0015553770707683022,-1.7882003801921098e-05,0.9483971495287948,0.3170811051577478
2026-10-03T09:48:16.775 0.013222714179909497,-0.0405025605592342,-1.887254672821936e-05,0.0015580239725762589,-1.772127175615534e-05,0.9501402526917313,0.3118189738648859
2026-10-03T09:48:16.815 0.01341917261351365,-0.04064501318682892,-1.9198043759597618e-05,0.0015609386079328364,-1.7419922768601063e-05,0.9518545069187931,0.3065461805757656
2026-10-03T09:48:16.901 0.013618015316211443,-0.0407849623893125,-1.945280513796174e-05,0.0015637032147128034,-1.715797365453762e-05,0.9535393165050834,0.3012645455689712
2026-10-03T09:48:16.948 0.013817811493341332,-0.040922229370793685,-1.9813382813162464e-05,0.0015664698347289737,-1.6537718666562253e-05,0.9551945025201963,0.29597467502128544
2026-10-03T09:48:17.032 0.014020468722252377,-0.041056456479362846,-2.013378113830025e-05,0.0015690773452995755,-1.6466810089645946e-05,0.9568017668394068,0.2907368512901628
2026-10-03T09:48:17.077 0.014221218378910125,-0.04118770337972902,-2.0570373371159207e-05,0.0015710077099467662,-1.608835101476524e-05,0.9583523481948891,0.28558415289592387
2026-10-03T09:48:17.159 0.014420537563542845,-0.04131632769372735,-2.096000081506573e-05,0.0015729144219353264,-1.5669486888101023e-05,0.9598548885955055,0.2804926354362952
2026-10-03T09:48:17.206 0.014617949211786238,-0.04144107772984569,-2.1436020027795838e-05,0.0015753594753369902,-1.525166207868986e-05,0.9612986590195275,0.2755039131794112
2026-10-03T09:48:17.291 0.014812023270151284,-0.041560761413144194,-2.1698146562756426e-05,0.0015771528670185894,-1.5002675820970812e-05,0.962664587384225,0.2706924538292745
2026-10-03T09:48:17.337 0.01499989810519605,-0.04167525957042494,-2.2129286565788275e-05,0.001578103755620022,-1.4161050536221772e-05,0.9639408128509633,0.2661120416445403
2026-10-03T09:48:17.429 0.015184434579922631,-0.0417833800727884,-2.2823370667715158e-05,0.0015789162587545949,-1.4152055275288879e-05,0.9651205997771615,0.2618009448205629
2026-10-03T09:48:17.472 0.015204462189165779,-0.04179667165639299,-2.26613187032554e-05,0.001580475523918462,-1.3901278677659035e-05,0.9662028746977245,0.2577780185154006
2026-10-03T09:48:17.554 0.014915496895224532,-0.04163723286974352,-2.241307915503746e-05,0.0015854319575303469,-1.5088108576887534e-05,0.9671896621214655,0.25405047463687713
2026-10-03T09:48:17.598 0.014253166117653792,-0.04127341445684126,-2.1500040078060205e-05,0.0015885838674542091,-1.575644131087871e-05,0.9680857941109435,0.25061398882268093
2026-10-03T09:48:17.679 0.013146896951514296,-0.04067261356558241,-2.0242758289036855e-05,0.0015911310676239266,-1.7487036762354202e-05,0.9689093891713264,0.24741071838498893
2026-10-03T09:48:17.720 0.011540900520678493,-0.03981146587746688,-1.7733464950042505e-05,0.001591728168895851,-1.703696671829075e-05,0.9696779717616976,0.24438104916563935
2026-10-03T09:48:17.805 0.009417533898455278,-0.038688302684562255,-1.3914462636269154e-05,0.0015857188066662673,-1.4576811930824558e-05,0.970411214649081,0.24145301772120864
2026-10-03T09:48:17.849 0.006765351989303115,-0.0373008591545642,-9.393505384331592e-06,0.001574653963517666,-1.1262193482677295e-05,0.9711172226595551,0.23859769527816171
2026-10-03T09:48:17.930 0.0035986601828987066,-0.03566677808221396,-4.148504782896786e-06,0.0015630308787740897,-7.758016912350717e-06,0.9718112506538781,0.23575506352320585
2026-10-03T09:48:17.972 -7.443518422621367e-05,-0.033798933968729294,1.7779221775188789e-06,0.001549610617193461,-4.401130061990501e-06,0.9724883525581027,0.232946351820312
2026-10-03T09:48:18.054 -0.00425297989945065,-0.03170275082472281,8.682291375316969e-06,0.0015410561408335252,-2.0952413529388123e-06,0.9731636026919316,0.23010916439212342
2026-10-03T09:48:18.104 -0.008947465047231755,-0.029382222293554184,1.611925450566032e-05,0.0015241096821235287,1.933370605145964e-06,0.9738404089039294,0.227227936380557
2026-10-03T09:48:18.179 -0.014147398978082417,-0.02685016324164806,2.475767976119673e-05,0.0015124162295009958,4.91588824624389e-06,0.9745047536833125,0.2243617561475424
2026-10-03T09:48:18.234 -0.019854213250785763,-0.024113070593425937,3.3884575151537646e-05,0.0015003026440681066,7.840452598044649e-06,0.9751623634085276,0.2214861486007611
2026-10-03T09:48:18.307 -0.02607982797563944,-0.021173030661450123,4.401052697444701e-05,0.001488755467596521,1.0440786195570988e-05,0.9758224757608971,0.21855955549465542
2026-10-03T09:48:18.368 -0.032825673990358704,-0.01803767285831073,5.4869577701816776e-05,0.0014800016335530027,1.24016506555812e-05,0.9764924797341801,0.21554639051479302
2026-10-03T09:48:18.436 -0.040095565395116356,-0.01471474583579792,6.678068403555378e-05,0.001473305548034063,1.3735286655327752e-05,0.9771750580183304,0.21243054198720318
2026-10-03T09:48:18.485 -0.04790046977087761,-0.01121092545225392,7.949296689299475e-05,0.0014702907266832775,1.4500133764103515e-05,0.9778845139984168,0.2091404200937859
2026-10-03T09:48:18.563 -0.05625612236567458,-0.007532231974880692,9.321012066199588e-05,0.001469980487070493,1.418738275198392e-05,0.9786319941303805,0.20561434536646717
2026-10-03T09:48:18.603 -0.0651415421693392,-0.0037021493695782396,0.00010783937169033654,0.0014738410904488516,1.2925196601151328e-05,0.9794009871869801,0.20191962243067982
2026-10-03T09:48:18.686 -0.0745276419466914,0.0002536927325971269,0.00012326022872298305,0.0014781681434178889,1.2120288864363996e-05,0.9801727211515465,0.19813947507352286
2026-10-03T09:48:18.727 -0.08441680611328241,0.004329453046405231,0.00013928274751233395,0.001482750831171266,1.1354170590015673e-05,0.980944931253968,0.19428032110382007
2026-10-03T09:48:18.811 -0.09482286233454215,0.00851905172404037,0.00015625661816138966,0.0014884258464045994,1.0191636451809526e-05,0.9817200009116491,0.1903250490467871
2026-10-03T09:48:18.853 -0.10575105566797591,0.012814740095650186,0.00017421993745347697,0.0014945552180781181,9.469261124175441e-06,0.9824982882062203,0.18626561649128914
2026-10-03T09:48:18.936 -0.1172056778945803,0.017204716387492807,0.0001929261732659332,0.0015020543957789446,8.545258386132416e-06,0.9832800903830792,0.18209340354832865
2026-10-03T09:48:18.975 -0.12905273656296506,0.021624490060953596,0.00021252110921895104,0.0015089101304228642,7.135398459582686e-06,0.9840506275419731,0.17788222388297636
2026-10-03T09:48:19.058 -0.14119019059466653,0.026039610915811306,0.0002313383945128816,0.0015098796283972656,6.132922717413823e-06,0.9847990561492791,0.17369093019897258
2026-10-03T09:48:19.101 -0.15353840579730096,0.030415390051618748,0.00025054852790325384,0.0015119990924515145,5.293318578333025e-06,0.9855064766663991,0.16963106519533902
2026-10-03T09:48:19.182 -0.16596911276566473,0.034713086064181865,0.00026987420282496795,0.0015138762152603956,5.084128576542201e-06,0.9861708637754993,0.1657248792222883
2026-10-03T09:48:19.228 -0.1784670524647414,0.038926619471865424,0.0002894105036507,0.0015182160216944357,4.594971973892682e-06,0.9868002021299991,0.16193534535483922
2026-10-03T09:48:19.330 -0.19101792005787716,0.04305420231539617,0.00030895599905996044,0.0015225053495803256,4.053330771603341e-06,0.9874003347997113,0.15823482801977964
2026-10-03T09:48:19.380 -0.2036150393559921,0.0470953578417185,0.0003287981569611036,0.001527408443716101,3.321300884949278e-06,0.98797561226729,0.15460225282151754
2026-10-03T09:48:19.460 -0.21624744346210248,0.0510474635844975,0.00034868121911035805,0.0015322251639560314,2.7057827549951624e-06,0.9885201345002681,0.15108142164507746
2026-10-03T09:48:19.502 -0.22890607292812654,0.05491230779709208,0.0003683226399776583,0.0015313465552404663,2.811906264439402e-06,0.9890263365122184,0.14773138006206152
2026-10-03T09:48:19.584 -0.24159569561668234,0.05869859269767563,0.00038811738714710257,0.0015309955092939432,3.141661184251356e-06,0.9895073855236045,0.14447418467366865
2026-10-03T09:48:19.630 -0.2543234637919774,0.06240619898694008,0.0004082555833000819,0.001539136697316953,2.125355191393848e-06,0.9899813942981032,0.14118948260155048
2026-10-03T09:48:19.720 -0.26708127135744664,0.06602821262812561,0.00042859030247317776,0.0015480733302180624,5.320885695329743e-07,0.9904515874149776,0.13785229942163515
2026-10-03T09:48:19.765 -0.2798648270988662,0.06956344158232931,0.00044890614349477623,0.0015534148209402053,1.4471754811622233e-07,0.9909146902164594,0.13448294916305095
2026-10-03T09:48:19.844 -0.29267413078618265,0.07301045533810131,0.00046933721688197273,0.0015560774373046336,-2.975112669296126e-07,0.9913692715193065,0.1310898398435217
2026-10-03T09:48:19.885 -0.3055077524425915,0.07636853865765174,0.0004895385346824757,0.0015566186921702905,-4.952346893445378e-07,0.9918149732608861,0.12767394312666136
2026-10-03T09:48:19.966 -0.3183666452554556,0.07963840678476841,0.0005098245286333687,0.0015653774511103715,-1.4757435132647743e-06,0.992251608451224,0.12423483858087879
2026-10-03T09:48:20.013 -0.33123984186108774,0.08281779488103969,0.0005302374632837481,0.001560275554919523,-5.386974442414116e-07,0.992667870232761,0.12086382811849398
2026-10-03T09:48:20.092 -0.34412972709238887,0.0859096831486159,0.0005503936780897376,0.0015610032573898755,-9.99987067619231e-07,0.9930617762276865,0.11758346764466047
2026-10-03T09:48:20.136 -0.35703582346902474,0.08891907838374323,0.0005707394525793732,0.001555173531445492,1.1100437363523417e-08,0.9934308926217986,0.11442308779238307
2026-10-03T09:48:20.215 -0.3699652841869701,0.09185062965859414,0.0005909135663790845,0.0015549000263246745,-4.5985058607523254e-08,0.9937805740225255,0.11134519738796961
2026-10-03T09:48:20.273 -0.38291715521564706,0.09470588670598319,0.0006111529296563379,0.0015553915911488592,4.256160636749234e-08,0.994113387115567,0.10833353273392085
2026-10-03T09:48:20.344 -0.3958900060308142,0.09748556479966068,0.0006314701816464957,0.001555406583038341,-1.711060322347633e-08,0.9944312401552701,0.10537594276500124
2026-10-03T09:48:20.388 -0.40888192926116185,0.1001895447543535,0.0006518772077913382,0.0015563337753081348,-4.752243106283431e-08,0.9947360393066779,0.10245872305294966
2026-10-03T09:48:20.478 -0.4218929247522739,0.10281866103510753,0.0006724783159523529,0.0015575014923633688,-1.3279205299015054e-07,0.9950291559449422,0.09957184847425388
2026-10-03T09:48:20.522 -0.43492013184568684,0.10537350972435003,0.000693045465313095,0.0015580313120112706,-1.1388476098535731e-07,0.9953116039959422,0.09670772197421913
2026-10-03T09:48:20.600 -0.44796450401553595,0.10785325634506925,0.0007136993730107428,0.0015582836265692975,-1.0831318089529574e-07,0.9955845752021493,0.0938558755309623
2026-10-03T09:48:20.645 -0.4610241342574244,0.1102588545955569,0.0007342284071730673,0.0015665278218476232,-7.408914002225527e-07,0.9958497914497644,0.09099856515074958
2026-10-03T09:48:20.727 -0.4740966378125876,0.11258947004086893,0.0007549864257078355,0.0015614463802293508,-4.052999419909506e-07,0.9961033359615735,0.08817996354763555
2026-10-03T09:48:20.771 -0.4871848763665447,0.11484748683070183,0.0007755756209561675,0.0015695125109011887,-1.0643289173267215e-06,0.9963490618510586,0.08535855890220219
2026-10-03T09:48:20.856 -0.5002855113942126,0.11703028240278343,0.0007963930466858686,0.0015639318083096089,-7.713786252634189e-07,0.9965854406972079,0.0825530950785978
2026-10-03T09:48:20.907 -0.5134009277565554,0.11914119458713,0.0008170401411519986,0.0015709862499459872,-1.2647648980972742e-06,0.9968131073320785,0.07975688717326491
2026-10-03T09:48:20.991 -0.5265301715062766,0.12117903130288302,0.0008376793092576497,0.0015663032083289997,-8.356942812625186e-07,0.9970298162392097,0.07700059885201502
2026-10-03T09:48:21.038 -0.5396694276094813,0.1231447462724272,0.0008585280365447824,0.001571925501416971,-1.0787373981438479e-06,0.997234775224675,0.07429893762125206
2026-10-03T09:48:21.119 -0.5528196504159464,0.12504155813449952,0.0008791854994977406,0.0015627642569135303,-3.5241904098607964e-07,0.997429136553044,0.07164269204044707
2026-10-03T09:48:21.166 -0.5659889455080978,0.12686922836853654,0.0009000668458160794,0.0015751355445974527,-8.48871057000202e-07,0.997622765018897,0.0688936692544852
2026-10-03T09:48:21.263 -0.5791725445600697,0.12862155815150264,0.0009210900315001636,0.0015811514738995963,-1.4959483981518895e-06,0.997815503801211,0.06604332162841653
2026-10-03T09:48:21.319 -0.5923723553021263,0.13029723615715266,0.0009420047530611044,0.0015837232358288608,-1.7575126233892858e-06,0.9980023442184566,0.0631570483167853
2026-10-03T09:48:21.398 -0.6055826552583818,0.13189709692260654,0.0009630850849103478,0.001583829479643346,-1.8745572968787098e-06,0.9981811995190815,0.06026428799308439
2026-10-03T09:48:21.450 -0.6188039219822604,0.13342006755817007,0.0009838698457338387,0.0015831431831367759,-1.806119967825908e-06,0.9983529027485136,0.05734958786265713
2026-10-03T09:48:21.529 -0.6320328168313313,0.13486543285022026,0.0010048454958428163,0.0015810765676309037,-1.7158331049693752e-06,0.9985165007852556,0.0544269956318754
2026-10-03T09:48:21.601 -0.6452736319046039,0.13623355037252932,0.001025661193127794,0.001584108987196526,-2.060511998505853e-06,0.9986722268880199,0.051490521817071255
2026-10-03T09:48:21.687 -0.6585168297856315,0.13752239368732,0.0010467190913107216,0.0015821021532028518,-1.903679551067343e-06,0.9988202678480753,0.04853420943058777
2026-10-03T09:48:21.753 -0.6717676560861285,0.13873267798424546,0.0010677741640817374,0.001582164411668962,-1.6401265746166864e-06,0.9989601412498126,0.045564601910244584
2026-10-03T09:48:21.833 -0.6850242036849431,0.13986356882226528,0.001088674384431363,0.0015832970136839904,-1.8647794236259668e-06,0.9990917286742418,0.04258181374488818
2026-10-03T09:48:21.887 -0.6982855183079361,0.1409141125391383,0.0011097907732196472,0.001584612724512111,-1.7603311280241537e-06,0.9992152095901542,0.0395784527630734
2026-10-03T09:48:21.973 -0.7115530310863672,0.14188502437252037,0.0011307381624130416,0.0015840004593722446,-1.5884567990154812e-06,0.999330168474532,0.03656098079490098
2026-10-03T09:48:22.037 -0.7248253110508972,0.14277535066615749,0.0011517974120861141,0.0015826971569368386,-1.7484098829878438e-06,0.9994360679845887,0.03354163201392164
2026-10-03T09:48:22.110 -0.7381023584075652,0.14358461458286675,0.0011728344120337457,0.0015858439546075648,-1.671547892156783e-06,0.9995336191606498,0.03049638115860567
2026-10-03T09:48:22.160 -0.7513841732756739,0.14431293533192413,0.0011937746565235964,0.0015849806800454858,-1.6064797006844855e-06,0.999621756000821,0.027456015069532786
2026-10-03T09:48:22.244 -0.7646693247921319,0.14496031293138084,0.0012148394009039746,0.0015858324080467703,-1.702710338788244e-06,0.9997006527580063,0.024414954595297612
2026-10-03T09:48:22.299 -0.7779568597079006,0.14552674739319454,0.0012357589167485096,0.0015848872693340593,-1.8215912376986202e-06,0.9997704313823448,0.021367560988235584
2026-10-03T09:48:22.374 -0.7912482082970632,0.14601223869938232,0.001256684477273098,0.0015855733240996142,-1.7257090084500567e-06,0.9998310891435731,0.018310629050698576
2026-10-03T09:48:22.424 -0.8045419395727239,0.1464163100308509,0.001277911843616882,0.0015828060221714064,-1.4284348511543843e-06,0.9998823321271919,0.01525832962495411
2026-10-03T09:48:22.506 -0.8178385312947992,0.14673931900935894,0.00129886062509128,0.001582540262745759,-1.5090519095833717e-06,0.9999243343675769,0.012199225532713711
2026-10-03T09:48:22.553 -0.8311355984969848,0.1469807888278555,0.001320018789828676,0.0015847760158216168,-1.5640985723580613e-06,0.9999569766952717,0.009139652126056923
2026-10-03T09:48:22.633 -0.8444288502051627,0.14713988507527911,0.00134102192517328,0.0015804606876102499,-1.3886123214866334e-06,0.9999801471844999,0.006099785156281719
2026-10-03T09:48:22.694 -0.857715902470031,0.14722018406031115,0.0013617470517492331,0.0015698363378247578,-1.4655312821647983e-06,0.9999939054928729,0.003118427301652638
2026-10-03T09:48:22.775 -0.8709958007501901,0.14722383156227414,0.001382758904763009,0.0015298895710527567,-1.6238470059759888e-06,0.999998806384355,0.00021602113079305097
2026-10-03T09:48:22.820 -0.884273314206308,0.14715035068388266,0.001403558384746001,0.001570799120743728,-1.731188040011355e-06,0.999995239288742,-0.0026559342945435493
2026-10-03T09:48:22.903 -0.8975541642620146,0.14700141028322317,0.0014245568694354297,0.001579122143819922,-1.4076936767428924e-06,0.9999834725089323,-0.005528207688827954
2026-10-03T09:48:22.952 -0.9108307220195776,0.1467764144098452,0.0014454293720537101,0.00156992272748396,-1.631777635958209e-06,0.9999637923937458,-0.008363566313778737
2026-10-03T09:48:23.029 -0.9241106165742174,0.14647667426991456,0.0014663816701208916,0.0015751366071387314,-1.6875685489041795e-06,0.9999361138953913,-0.011193170668058777
2026-10-03T09:48:23.074 -0.9373881256706423,0.14610183230762824,0.0014875388268177226,0.0015755826260278802,-1.4962972766599236e-06,0.999900511780637,-0.014017277837361968
2026-10-03T09:48:23.158 -0.9506651576125226,0.14565308059175866,0.001508307811966779,0.0015762056297153595,-1.47406498693157e-06,0.999857459140465,-0.016810026020613978
2026-10-03T09:48:23.205 -0.9639393271287703,0.14513006152458,0.001529370308534333,0.0015755340859454879,-1.472259350762507e-06,0.9998069570536182,-0.01958484917891682
2026-10-03T09:48:23.295 -0.9772125422904543,0.14453420559347116,0.0015502822977296446,0.0015761673534107905,-1.4597217416104414e-06,0.999748943802554,-0.022350952105477963
2026-10-03T09:48:23.349 -0.9904838490179211,0.14386503597332717,0.0015712955911942232,0.0015764087979379603,-1.5146287386046607e-06,0.9996837784280594,-0.025096973538785705
2026-10-03T09:48:23.427 -1.003750386698327,0.14312302953728032,0.0015921523458459863,0.0015763983818975799,-1.313648124908272e-06,0.999613010854469,-0.027773071434022523
2026-10-03T09:48:23.470 -1.0170102476464344,0.14231307389026196,0.0016131028645888675,0.001575007110091894,-1.2087840021678357e-06,0.9995351514332449,-0.03044668127172827
2026-10-03T09:48:23.550 -1.0302701077025602,0.14143040057662065,0.0016340384940832643,0.0015798062404885718,-1.3235528562022554e-06,0.9994516845764848,-0.03307316748842443
2026-10-03T09:48:23.594 -1.0435180462206806,0.1404813278387658,0.0016548211759034204,0.001576711313867809,-1.2211379721076225e-06,0.999364469422204,-0.035611391947218636
2026-10-03T09:48:23.677 -1.0567612157526833,0.13946800135386048,0.001675477119792005,0.0015619085412337391,-1.816306637567689e-06,0.9992735088740208,-0.03807906118869237
2026-10-03T09:48:23.721 -1.070011536540926,0.13838946729757942,0.0016964424061487063,0.001575763477624211,-1.190797757507458e-06,0.9991739422176636,-0.040607267345363546
2026-10-03T09:48:23.800 -1.0832570876950547,0.13724012298338875,0.0017176385830678892,0.0015746882670972509,-1.3350929672065769e-06,0.9990665789476978,-0.043168173285679796
2026-10-03T09:48:23.837 -1.0965012078684602,0.1360234254385738,0.001738594090932419,0.0015819780181580941,-1.0529130279960869e-06,0.9989522352654232,-0.045737610373260316
2026-10-03T09:48:23.924 -1.1097386516509646,0.13473782500842993,0.0017594198459055317,0.0015808502895127189,-1.1057006099481164e-06,0.9988313417324346,-0.04830581418549913
2026-10-03T09:48:23.965 -1.1229689420430387,0.13338534825690473,0.0017802343028662277,0.0015801023478878363,-1.1532630924397102e-06,0.9987079450124294,-0.050793147611568425
2026-10-03T09:48:24.046 -1.1361920790792026,0.13196873699765765,0.001801037461366041,0.0015813524483266526,-8.293262823143987e-07,0.9985774536540074,-0.05329698281915513
2026-10-03T09:48:24.091 -1.149408539106348,0.13048465336463,0.0018221131975897965,0.0015804341690424024,-1.223358896645282e-06,0.9984431495908505,-0.05575642798317952
2026-10-03T09:48:24.171 -1.1626130780796091,0.12893893867892126,0.0018427677647931441,0.001573940953162348,-1.3863743539588402e-06,0.9983082544800872,-0.058121869764104585
2026-10-03T09:48:24.234 -1.1758076026283728,0.12733266580020827,0.001863466113940497,0.0015705696680045106,-1.6082310890035884e-06,0.9981715691603416,-0.06042393423398837
2026-10-03T09:48:24.297 -1.1889997421260798,0.12566678830675543,0.0018842352088995818,0.001572107797267375,-1.0627669305922195e-06,0.9980289790407704,-0.06273504180904155
2026-10-03T09:48:24.338 -1.2021866352521693,0.12393796837450614,0.001905234439204176,0.001577185499437324,-3.1322859651438553e-07,0.997883227289949,-0.0650121310156684
2026-10-03T09:48:24.420 -1.215363037499121,0.12215085523171636,0.0019260531800137102,0.00157284724221066,-6.008901546009997e-07,0.9977354567218324,-0.06724198503366922
2026-10-03T09:48:24.465 -1.2285346706084015,0.1203061640621178,0.001946894193225439,0.001571443117456015,-1.700169844820252e-07,0.9975851806647293,-0.06943585446020877
2026-10-03T09:48:24.551 -1.2417001044914082,0.11840365646509245,0.001967486996521917,0.0015718542315932959,-9.614428556943056e-07,0.9974329960814623,-0.07158873934710662
2026-10-03T09:48:24.593 -1.2548583851225201,0.11644714714995892,0.001988083400842709,0.0015710072992689578,-6.53679734483988e-07,0.9972784285007593,-0.07371070466828167
2026-10-03T09:48:24.679 -1.2680080815218915,0.11443484799543634,0.002008964266398872,0.0015698318307104352,-7.004680002421036e-07,0.9971264843782538,-0.07573843000087115
2026-10-03T09:48:24.726 -1.2811468107447628,0.11237152740298675,0.0020293807656316994,0.0015658744467531367,-1.487741487225418e-06,0.9969795499860107,-0.07764872790133474
2026-10-03T09:48:24.806 -1.2942769561536975,0.11026314580717402,0.002049902910634214,0.0015569982184942181,-1.990815827789399e-06,0.9968446012564408,-0.07936256484307938
2026-10-03T09:48:24.848 -1.3074037634735691,0.1081156636063856,0.002070255871953486,0.0015535644483711272,-1.7156167867646184e-06,0.9967203185156593,-0.08090854771038873
2026-10-03T09:48:24.927 -1.3205253247590694,0.10593015370831216,0.002090824063400513,0.001552207410405981,-1.969535522426997e-06,0.9966040815594049,-0.08232797378419462
2026-10-03T09:48:24.967 -1.3336445016931688,0.10371066919270647,0.002111224578186004,0.0015518412328559342,-1.9978950553749196e-06,0.9964940433220452,-0.08364934792620042
2026-10-03T09:48:25.047 -1.346761293717925,0.10145780610608185,0.002131815043634102,0.0015535904019365388,-1.5992239882229112e-06,0.9963925872484456,-0.08484926888697647
2026-10-03T09:48:25.091 -1.3598752246252603,0.09917657124453687,0.0021522370775741632,0.001549497527262174,-2.272016846089718e-06,0.9962964411010956,-0.08597092823473514
2026-10-03T09:48:25.180 -1.3729896315312808,0.09686434196175965,0.002172942992222701,0.0015549179295193663,-1.5726526750109466e-06,0.9961999298712811,-0.08708204150233247
2026-10-03T09:48:25.223 -1.3861002231134207,0.09452254882323363,0.0021938067928345423,0.0015547620247728618,-1.628090759982304e-06,0.9961047345342556,-0.08816428160449055
2026-10-03T09:48:25.297 -1.3992089073926257,0.092152383897764,0.0022144142629430814,0.0015611958569048633,-9.897520339913883e-07,0.9960140047352312,-0.08918332264388704
2026-10-03T09:48:25.342 -1.4123113923930986,0.08975766193670427,0.002235071540547652,0.0015550212757382996,-1.2641123060322479e-06,0.9959256693285932,-0.09016453337996982
2026-10-03T09:48:25.419 -1.425417214991493,0.08733683309920284,0.0022556893965051915,0.001563177763025925,-7.927558681654416e-07,0.9958375610952763,-0.0911323673919688
2026-10-03T09:48:25.474 -1.4385177917647323,0.08489085116768136,0.0022764926781995115,0.0015633457549400422,-6.464360946028854e-07,0.9957553008962411,-0.09202682590782574
2026-10-03T09:48:25.539 -1.4516155079672552,0.08242436527429729,0.002296844405390099,0.0015600343110389703,-1.2685786388334445e-06,0.9956807926316695,-0.09282955065984957
2026-10-03T09:48:25.583 -1.4647127467542245,0.07993809064489106,0.0023174039978833194,0.0015611517868748162,-8.961420991641433e-07,0.9956109899933735,-0.09357520723305994
2026-10-03T09:48:25.664 -1.4778095082629528,0.07743357700021304,0.002338096949712852,0.0015618764855675775,-6.890961593044047e-07,0.9955451814809072,-0.09427275413138637
2026-10-03T09:48:25.707 -1.4909043625772642,0.07491118198607376,0.002358548470465782,0.0015624987460057522,-8.471069519027093e-07,0.9954834860752422,-0.09492200771388279
2026-10-03T09:48:25.789 -1.5039973090599834,0.07237269374189288,0.002379175791841541,0.0015635372363515072,-6.471433324839915e-07,0.9954257841429106,-0.09552519884492977
2026-10-03T09:48:25.830 -1.5170883479867836,0.06981942356982532,0.002399815001057395,0.0015636418522224744,-4.18177637663781e-07,0.9953775607324686,-0.09602638499008517
2026-10-03T09:48:25.903 -1.5301760492203016,0.06725661669658559,0.00242027012061181,0.001560328999520582,-8.079651381944313e-07,0.9953444209997201,-0.09636933618891746
2026-10-03T09:48:25.942 -1.5432637503672217,0.06468880303318786,0.0024407401421277296,0.0015577583060442561,-1.0202151522010616e-06,0.9953284479443043,-0.09653421207427672
2026-10-03T09:48:26.011 -1.5563538362849134,0.062122777479050525,0.0024608563055798947,0.0015493577456732648,-1.9504160936685862e-06,0.9953367997798355,-0.09644819589192768
2026-10-03T09:48:26.062 -1.5694501202891844,0.05956521570653003,0.0024815485121561873,0.0015472604711758333,-2.3918981274151135e-06,0.9953714936098937,-0.0960895191377433
2026-10-03T09:48:26.123 -1.5825506949919363,0.05702589290140158,0.0025029180525354216,0.00154202916588413,-3.1289781636019483e-06,0.9954294968769352,-0.09548685188858566
2026-10-03T09:48:26.164 -1.5956593766601588,0.0545063587362214,0.0025239874824951915,0.001544108363446566,-3.028708377012697e-06,0.995502277322973,-0.09472503135372017
2026-10-03T09:48:26.246 -1.608774257612663,0.05200995109515409,0.0025449922040503437,0.0015473884422488402,-2.6540436673747977e-06,0.9955788122032715,-0.09391716708828116
2026-10-03T09:48:26.286 -1.621900106891408,0.049532378383657184,0.002565477821783927,0.0015578031229866267,-1.599501134947725e-06,0.9956587987913975,-0.09306519024932582
2026-10-03T09:48:26.368 -1.6350283396580585,0.04708007801164348,0.0025866079541646174,0.0015556346441583737,-1.7981149670749639e-06,0.9957486904238316,-0.09209845556167137
2026-10-03T09:48:26.416 -1.6481675404569878,0.04465507642880409,0.002607472300763005,0.0015616165834422449,-1.2595306501195182e-06,0.9958435232059605,-0.0910672204517057
2026-10-03T09:48:26.495 -1.661311033049447,0.042258565812145224,0.0026284030326421686,0.001563220101352318,-9.72670399683181e-07,0.9959436647088777,-0.08996539928338625
2026-10-03T09:48:26.539 -1.6744592944523842,0.039893645597175106,0.00264931149636981,0.0015641429174481478,-8.609025142223316e-07,0.9960503638125273,-0.08877627050695928
2026-10-03T09:48:26.619 -1.6876147087738795,0.03756186547465162,0.00267026106591308,0.0015651417160822446,-7.43141500513617e-07,0.9961624277625906,-0.08750981570657092
2026-10-03T09:48:26.667 -1.700775368639029,0.03526656332870382,0.002691293428433439,0.0015660961263961669,-7.539960559067898e-07,0.9962794990218165,-0.08616674051623983
2026-10-03T09:48:26.742 -1.7139436583840117,0.03300869280361451,0.002712322946569847,0.0015672136453739472,-8.947706224895464e-07,0.9964008025312663,-0.08475248996718585
2026-10-03T09:48:26.788 -1.7271214854863859,0.030789326758962194,0.0027332781301542637,0.0015678288411483375,-6.597922693550271e-07,0.9965258023574762,-0.08326984537080667
2026-10-03T09:48:26.872 -1.7403064656961162,0.028610610991986675,0.002754214813755631,0.0015683709885840058,-4.689937172838821e-07,0.9966540213107674,-0.08172087871100416
2026-10-03T09:48:26.921 -1.7534985987148761,0.026475048897806594,0.0027753416129604348,0.0015691792359166872,-1.2457918031563723e-07,0.9967848630540203,-0.0801091409446389
2026-10-03T09:48:27.013 -1.7666983616990202,0.02438371335398886,0.0027964655666698735,0.0015701724091810284,2.3690829681320257e-07,0.9969132608742117,-0.07849512629262582
2026-10-03T09:48:27.056 -1.779903370967555,0.022335293088305484,0.0028172550803115728,0.0015744659322086258,1.8449378907587937e-07,0.9970373048045609,-0.07690340619928056
2026-10-03T09:48:27.128 -1.793108380539305,0.020329668957594783,0.002838193598378994,0.0015747625304306705,6.198546073252815e-07,0.997160338743743,-0.07529129404554331
2026-10-03T09:48:27.172 -1.8063200662559502,0.01836779455211151,0.0028592171700243096,0.0015747752636015545,8.313749657986222e-07,0.9972833731307515,-0.07364369463252428
2026-10-03T09:48:27.243 -1.819534613721224,0.016450742803456108,0.0028801409499206424,0.0015749451842667584,8.760259534295433e-07,0.9974055730941819,-0.07196973188477067
2026-10-03T09:48:27.284 -1.8327558373654587,0.014578275245052194,0.002901134882115812,0.0015748742114681756,6.861181328686321e-07,0.9975268793505604,-0.07026837655645614
2026-10-03T09:48:27.358 -1.8459818301917619,0.012751941621639212,0.002921987334640098,0.0015751477291598016,6.028002238190041e-07,0.9976474106701866,-0.06853585114624476
2026-10-03T09:48:27.410 -1.8592140222270603,0.010972695589580642,0.002943013493121659,0.0015758634549948728,8.653912116825038e-07,0.9977663920575288,-0.06678131126388866
2026-10-03T09:48:27.479 -1.872452890686382,0.009240656352118862,0.0029639756931899757,0.0015759648687281478,8.551894468940482e-07,0.9978840031902376,-0.06500025008434497
2026-10-03T09:48:27.526 -1.8856979586479288,0.0075565391710054755,0.0029849327853682596,0.0015765418170908194,7.633674032514845e-07,0.9979999451679209,-0.06319512607902043
2026-10-03T09:48:27.595 -1.8989482722340385,0.005920940104719638,0.0030060173719819883,0.0015767818292426925,7.085356271452314e-07,0.9981140398138132,-0.06136674412995122
2026-10-03T09:48:27.655 -1.9122043084963172,0.004334097565812408,0.0030270960966391224,0.0015776869242991175,8.323984460148812e-07,0.9982259882944773,-0.05951795692721853
2026-10-03T09:48:27.716 -1.925467498278799,0.002796369164103864,0.003047962605075428,0.0015769161589078127,6.62264951550882e-07,0.9983352559722201,-0.0576561359949779
2026-10-03T09:48:27.775 -1.9387335499927032,0.0013104967672951944,0.0030686697160420663,0.0015785392078114919,1.9827037397792883e-07,0.9984393955717354,-0.05582366509176702
2026-10-03T09:48:27.844 -1.951999601466296,-0.0001270958671508143,0.0030899132602442672,0.001575008286065302,1.3540306109783034e-07,0.9985361477995287,-0.05406552401076173
2026-10-03T09:48:27.906 -1.9652675617139481,-0.001520521483936604,0.0031106084706675387,0.0015747852809522662,1.653242067372995e-08,0.9986278903922777,-0.05234363936513967
2026-10-03T09:48:27.962 -1.9785388598968585,-0.0028683495894393763,0.0031316218751370676,0.0015746098636240913,8.151849091430426e-08,0.9987150431880917,-0.05065355973255023
2026-10-03T09:48:28.022 -1.991815881015991,-0.00417296439956549,0.0031524208025607283,0.0015753663537336465,2.575443471304153e-07,0.9987984996518041,-0.04898035641040602
2026-10-03T09:48:28.095 -2.0050971938350424,-0.005434067872996074,0.003173464926519172,0.00157612425306776,3.065434168785071e-07,0.998878439345307,-0.04732207987112361
2026-10-03T09:48:28.148 -2.01838279877705,-0.006649871870434484,0.0031945009272962635,0.0015769130864991864,7.272969051125125e-08,0.9989548622349247,-0.04568037392924046
2026-10-03T09:48:28.219 -2.0316724574303313,-0.007823595039702095,0.0032154986261682893,0.0015773313969109088,3.109729174162209e-07,0.9990278878524881,-0.04405441315650834
2026-10-03T09:48:28.265 -2.044967361671699,-0.008953568465726543,0.0032366089191131317,0.0015780186399523347,3.50073440356303e-07,0.99909781374859,-0.04243899645181574
2026-10-03T09:48:28.334 -2.0582636975841937,-0.010041818658495604,0.003257319136174374,0.0015763658606974189,3.6081730826850255e-08,0.9991620189685738,-0.04089957116297354
2026-10-03T09:48:28.379 -2.0715581263963245,-0.011089954901290248,0.003278190243522335,0.0015734504011520403,-2.9574117342038017e-07,0.9992200256913032,-0.039457122439673906
2026-10-03T09:48:28.455 -2.084858039192746,-0.01210358012379383,0.0032991147188490095,0.001572276315246603,-2.0858605433968993e-07,0.9992731429918712,-0.03808823495900523
2026-10-03T09:48:28.510 -2.098159144432096,-0.013081800202301253,0.003320100677780081,0.0015728842185376549,7.617768351019337e-08,0.9993229803875939,-0.036757406117490975
2026-10-03T09:48:28.587 -2.1114635882401083,-0.01402586686141185,0.0033409130949245166,0.0015728240864202182,-1.419095599082208e-07,0.9993696590184806,-0.03546562924380041
2026-10-03T09:48:28.632 -2.1247708929959788,-0.014936316536834908,0.003362042954144737,0.0015732564663389341,2.5017186534558226e-08,0.9994132971704669,-0.03421383204124568
2026-10-03T09:48:28.713 -2.1380793907219506,-0.015814400905210732,0.003382876670044931,0.0015729945695241144,-4.143897501985664e-07,0.9994541342170771,-0.03299938308977254
2026-10-03T09:48:28.760 -2.1513919417458953,-0.016660775653573042,0.003403850899447247,0.0015731028557040136,-1.4980379109914475e-07,0.9994925269885684,-0.03181530828687596
2026-10-03T09:48:28.857 -2.164707115749905,-0.017477050089344987,0.003424829270541586,0.0015725875262828926,-1.3999036332259328e-07,0.9995283570145115,-0.030669047789651117
2026-10-03T09:48:28.902 -2.1780246744518093,-0.018263641442054654,0.0034457219995757482,0.001572659437070265,-1.1404088527166278e-07,0.9995621002489267,-0.029548849186333596
2026-10-03T09:48:28.981 -2.191344855787425,-0.019021443784320635,0.0034668274865123716,0.0015723004603658596,-4.07684166070583e-07,0.9995935786235912,-0.028464108023589462
2026-10-03T09:48:29.030 -2.2046669450591025,-0.019751112758295893,0.003487786973141954,0.0015728441396929782,-2.7139830014371405e-07,0.9996233276230514,-0.02739943490396544
2026-10-03T09:48:29.113 -2.2179918956534896,-0.020452946399178315,0.003508780781084204,0.0015719792612522464,-2.6863676751362455e-07,0.9996511702020243,-0.026364119459100815
2026-10-03T09:48:29.159 -2.2313182771150704,-0.02112825599115079,0.0035297619453356836,0.001572163426319151,-1.9983155748671937e-07,0.9996772236343417,-0.025356988166088886
2026-10-03T09:48:29.256 -2.244646566205975,-0.02177733956343239,0.003550775923302917,0.0015718104431093716,-3.5475716741653997e-07,0.9997016680118122,-0.024374256628780427
2026-10-03T09:48:29.308 -2.25797700129136,-0.02240067395617753,0.0035718528943140706,0.0015717862026227393,-3.5349929617484266e-07,0.99972468149274,-0.02341133704528359
2026-10-03T09:48:29.392 -2.2713088673635378,-0.022999212834727473,0.003592827815061773,0.0015722345987991908,-5.160557937440322e-07,0.9997462639473625,-0.022470776608538353
2026-10-03T09:48:29.442 -2.2846416873230315,-0.02357325421627258,0.003613863844232951,0.0015718191476980941,-3.944612936172424e-07,0.9997664164134387,-0.021555556041131595
2026-10-03T09:48:29.518 -2.2979761765577913,-0.02412345376092687,0.003634872705974544,0.0015721116329861736,-3.938228628089555e-07,0.9997854357416994,-0.02065456229597988
2026-10-03T09:48:29.565 -2.3113123347106597,-0.02465010949187318,0.0036560779174738193,0.0015723272571848835,-3.68505892770794e-07,0.9998032032928071,-0.019775805225132073
2026-10-03T09:48:29.649 -2.3246496856922505,-0.025153757844998518,0.003677001888326269,0.0015725190981189902,-4.045672217003333e-07,0.9998198978787914,-0.01891293179720004
2026-10-03T09:48:29.700 -2.337987513463477,-0.025634935253010457,0.003698135225429278,0.0015728437791570965,-2.3789501236218432e-07,0.9998355193615031,-0.0180682147846309
2026-10-03T09:48:29.780 -2.3513265337709464,-0.026093880143550637,0.0037191661357230186,0.0015732885416619798,-2.618394427022457e-07,0.9998501869870992,-0.017237411202360754
2026-10-03T09:48:29.847 -2.364666507876586,-0.026531665397187664,0.0037402879572713287,0.0015738571519579353,-3.0449966302018003e-07,0.9998648547801899,-0.01636444771332388
2026-10-03T09:48:29.926 -2.377799773786398,-0.026937142330880987,0.003761053142564353,0.0015774497383474865,-2.092486606439335e-07,0.9998798782679263,-0.015418841953801716
2026-10-03T09:48:29.997 -2.390659812751795,-0.0273085219678019,0.003781401221492326,0.0015769620428371263,-4.178093348080634e-07,0.9998943090632826,-0.014452816106268558
2026-10-03T09:48:30.066 -2.403595430381666,-0.027657550814451606,0.0038020029049637984,0.0015794508847512877,-9.719923571893195e-08,0.9999078434550381,-0.013483691333909241
2026-10-03T09:48:30.110 -2.41675635372628,-0.02798667454638672,0.003822841607997326,0.001580194773733395,-1.3021367627204816e-07,0.9999208429867149,-0.012482417442055077
2026-10-03T09:48:30.190 -2.430037440170928,-0.02829118307289118,0.0038438851985250354,0.001580156505724539,-1.8560345131450761e-07,0.9999331876757704,-0.011450907822332053
2026-10-03T09:48:30.233 -2.4433612035937364,-0.028568572023303925,0.00386514527278393,0.001580971656796819,-7.459677152514079e-08,0.9999445780827928,-0.010408712285410045
2026-10-03T09:48:30.318 -2.4567023721203167,-0.028817589381955343,0.003886298750566683,0.0015809999108500556,-1.353219646709016e-07,0.9999556119756393,-0.009288407704672711
2026-10-03T09:48:30.358 -2.470051885612289,-0.029035135593219536,0.00390751012040579,0.0015810012644679593,-1.3981224314025364e-07,0.9999661100051713,-0.00807955915306609
2026-10-03T09:48:30.445 -2.483405929561292,-0.0292178131443336,0.003928683943449564,0.0015783573443084152,6.874386736284813e-08,0.9999760745387666,-0.006734919311185108
2026-10-03T09:48:30.498 -2.4967640269697515,-0.029361568913425104,0.003949953575388096,0.0015754223898317898,-1.4648928742787405e-09,0.9999847882612853,-0.005285952168348823
2026-10-03T09:48:30.575 -2.510125462699578,-0.029464614752156733,0.003971258280463527,0.001573873120762181,8.642520321419748e-08,0.9999916535630844,-0.003770374989376664
2026-10-03T09:48:30.615 -2.5234883293174906,-0.029524506846065522,0.003992669548268694,0.001564706527926301,3.37068768849729e-07,0.9999964393094464,-0.0021617265776951696
2026-10-03T09:48:30.694 -2.5368521502352874,-0.0295402319102143,0.004014037613282108,0.001491265191239025,4.841121112058532e-07,0.9999987729335347,-0.0004798534363022763
2026-10-03T09:48:30.739 -2.550215733663799,-0.029510240208863274,0.004035181776714288,0.0015337155175969138,6.732891614499149e-07,0.9999982129115953,0.001105391276234568
2026-10-03T09:48:30.826 -2.5635793174533106,-0.029432862814892227,0.004056474943821497,0.0015762450982195633,7.486113870609032e-07,0.9999944952221893,0.002919756179709808
2026-10-03T09:48:30.867 -2.576941948197365,-0.029307503669876687,0.00407775169407785,0.0015778817840459802,1.005329846873938e-06,0.9999877697281433,0.004687289429839276
2026-10-03T09:48:30.948 -2.5902998114581273,-0.02913452035368797,0.0040988420835330166,0.0015813035104766276,8.065960548390285e-07,0.999978002901397,0.0064415209299451565
2026-10-03T09:48:30.989 -2.6036514762838143,-0.028915343359741094,0.004120012071196995,0.0015819765131731703,9.65651946662108e-07,0.9999650792646618,0.008205949097948386
2026-10-03T09:48:31.070 -2.617000995779654,-0.028648542227587923,0.004141282966383977,0.0015828980681889897,8.279355507816617e-07,0.9999487581444167,0.009998775848018853
2026-10-03T09:48:31.113 -2.6303476555016085,-0.02833334208793425,0.004162146999224798,0.0015815325557126025,4.7142979677155414e-07,0.9999291010377287,0.011802188459465958
2026-10-03T09:48:31.191 -2.643694792133604,-0.02796926614550918,0.004183354504280375,0.0015819451390192564,1.0009158341418436e-06,0.9999056876627164,0.013642332217236442
2026-10-03T09:48:31.236 -2.6570383530648796,-0.027555897116827634,0.004204586149082922,0.00157986637587664,6.035638269429577e-07,0.999879653341775,0.01543317384734019
2026-10-03T09:48:31.315 -2.670376908601651,-0.027095797983702905,0.004225303231128987,0.0015775900107038883,7.585171487018816e-08,0.9998512942719534,0.017172668763247842
2026-10-03T09:48:31.357 -2.6837092648940417,-0.026590160823819545,0.004246606550338422,0.0015738284872683795,5.999760749300528e-07,0.9998198369580623,0.01891604315617717
2026-10-03T09:48:31.435 -2.6970432914764864,-0.026038091666762034,0.004267420763003693,0.0015766359904514722,1.788842174100863e-07,0.9997860496492735,0.0206244792812381
2026-10-03T09:48:31.481 -2.7103692118127,-0.025441199714710455,0.004288594680090514,0.0015733700910485105,3.779502345263255e-07,0.9997502999203027,0.022290408602776174
2026-10-03T09:48:31.567 -2.7236953715042884,-0.02480169044469604,0.004309515647748001,0.0015728582682992846,6.542291492245031e-07,0.9997121041346727,0.023942325765584634
2026-10-03T09:48:31.612 -2.737019624029492,-0.024117954504204363,0.004330672010732347,0.0015735812512588268,6.488929160935606e-07,0.9996715231007929,0.025580651730668272
2026-10-03T09:48:31.688 -2.750342446910671,-0.02339166082937444,0.004351617488969561,0.0015732126163520517,8.106083158128609e-07,0.9996286778553531,0.027203518349017748
2026-10-03T09:48:31.747 -2.763663362605955,-0.02262269020483128,0.004372798362787117,0.0015733337130185423,8.091269540609566e-07,0.9995836863476447,0.028809349316259458
2026-10-03T09:48:31.816 -2.7769818950372134,-0.021810684996790338,0.0043937370416342655,0.001573107812982034,6.341752682185498e-07,0.9995364896638842,0.030402815030955526
2026-10-03T09:48:31.863 -2.7902989973472367,-0.02095659889151464,0.004414762858663639,0.001573569617131409,7.815578607589222e-07,0.9994852396159569,0.032043402876141346
2026-10-03T09:48:31.943 -2.8036151462534424,-0.02005679601165745,0.00443598087520858,0.0015773039978097766,9.445870712453376e-07,0.9994285038713693,0.03376651833759064
2026-10-03T09:48:31.983 -2.8169303420655707,-0.019109130590039842,0.004457212277207301,0.0015791768924882231,8.175038920082809e-07,0.9993672399198121,0.03553344867488153
2026-10-03T09:48:32.067 -2.830034300340799,-0.01812778588468464,0.004477707351826617,0.0015784624132901411,3.9184810880238126e-07,0.9993024018098611,0.037312440194919846
2026-10-03T09:48:32.111 -2.843128721964107,-0.01710084350595402,0.004498500264380257,0.0015799600621049083,1.1878818986775544e-06,0.9992335685704945,0.03911239147209174
2026-10-03T09:48:32.187 -2.8563492674050543,-0.01601549016323142,0.004519611791024128,0.0015799720060157391,7.934730430847626e-07,0.9991603855351371,0.04093931686175023
2026-10-03T09:48:32.228 -2.8696196432484298,-0.01487649326760837,0.0045406083797327745,0.0015803914363092895,7.050043328216579e-07,0.9990824340135503,0.04279944401474039
2026-10-03T09:48:31.780 -2.882902178895298,-0.013685104042297298,0.004561743394229202,0.0015807668215094188,4.26054259934552e-07,0.9989997143365356,0.044688610759286346
2026-10-03T09:48:31.826 -2.8961892456760254,-0.012442514484223613,0.004582542836407639,0.0015804705879831702,-5.843293690835506e-09,0.9989125845576271,0.046595606285596856
2026-10-03T09:48:31.904 -2.90947106704623,-0.01114723435403386,0.0046038853190119725,0.001581548178021287,3.77686868387049e-07,0.9988205662705917,0.048528085683578207
2026-10-03T09:48:31.963 -2.922749075395467,-0.009801528646461043,0.0046245661116548695,0.001580526690200503,2.0130863480475863e-07,0.9987266420646634,0.05042416450059316
2026-10-03T09:48:32.040 -2.9360156398978106,-0.008405695288507488,0.004645482121200587,0.0015787689460862865,3.237480280770135e-07,0.9986325392144937,0.052254752037712085
2026-10-03T09:48:32.089 -2.94927290681945,-0.006964800702059717,0.004666279113741498,0.0015743231136255264,3.635835398461171e-07,0.9985387360870507,0.05401771968786758
2026-10-03T09:48:32.183 -2.9625261206640148,-0.005478189301980876,0.004687412416678195,0.0015762573773749687,1.6528549052695388e-07,0.9984429012332902,0.055760993440787075
2026-10-03T09:48:32.232 -2.9757724212966217,-0.003944847773390488,0.004708326163989487,0.0015754254671309655,5.706576521367203e-07,0.9983451014939039,0.05748544474385547
2026-10-03T09:48:32.307 -2.9890168153649057,-0.0023681140394207086,0.004729087877057356,0.0015747742580745879,1.8931297628570002e-07,0.9982459305327545,0.059182617894071705
2026-10-03T09:48:32.355 -3.0022545337176587,-0.0007448885984135512,0.004750211556064014,0.0015761428031502405,3.2137593531392874e-07,0.9981443737353548,0.060871380419843184
2026-10-03T09:48:32.445 -3.015491061060463,0.0009211925971293893,0.004770990616956713,0.001575325817544685,9.297456187964706e-07,0.9980378120888687,0.06259428079759498
2026-10-03T09:48:32.499 -3.0287263966141875,0.0026356131746254363,0.0047919614999709795,0.0015788363549370697,6.030166980357331e-07,0.9979232008853783,0.06439559309519127
2026-10-03T09:48:32.578 -3.0419562488169123,0.004399505676361499,0.004813147221836068,0.0015797033127922346,5.303434486568145e-07,0.9978025719622656,0.06623844746557865
2026-10-03T09:48:32.626 -3.055182287446275,0.0062129892905167195,0.004834013980155275,0.0015789427732339587,7.109597985337947e-07,0.9976771164781216,0.06810196909865318
2026-10-03T09:48:32.705 -3.068400459216524,0.008077136951747927,0.004854674575488054,0.0015792806309160464,-1.3741418971957295e-07,0.9975500506302897,0.06993856132475432
2026-10-03T09:48:32.747 -3.081605040960113,0.009988372453535713,0.004875805413816633,0.0015738691454299692,2.850844113633718e-07,0.9974250154117179,0.07169980172055117
2026-10-03T09:48:32.827 -3.0948005639077376,0.01194383471574547,0.00489657919396084,0.0015726224696111693,4.5110953724454745e-07,0.9972996190357671,0.07342340723147237
2026-10-03T09:48:32.870 -3.107989888815105,0.013943166074518117,0.004917164352127851,0.001571036064059935,6.736220130892344e-07,0.9971738054804018,0.07511280522631086
2026-10-03T09:48:32.959 -3.121171822704523,0.015987081800703348,0.004938125246793084,0.0015707339299799547,7.326077125130954e-07,0.9970461430808888,0.07678881013473506
2026-10-03T09:48:33.019 -3.134348750640587,0.018074508980574285,0.004958899404364797,0.0015700069148816946,6.805512222239051e-07,0.9969171099930187,0.07844622923373568
2026-10-03T09:48:33.090 -3.147519718688007,0.020205209207588774,0.004979649229590091,0.0015696181704802784,7.345016339138363e-07,0.9967866460206413,0.0800869440869125
2026-10-03T09:48:33.154 -3.160684011382898,0.022379420909355623,0.005000507701817975,0.001569234649530806,9.192010446894262e-07,0.9966546322331828,0.08171341107742984
2026-10-03T09:48:33.217 -3.173840675530394,0.024595832795639323,0.005021160389408859,0.0015688211771692723,1.0447795751225808e-06,0.9965212474642038,0.08332431908758543
2026-10-03T09:48:33.263 -3.1869920946345576,0.026854802464370657,0.005042043195089081,0.001568895334682818,1.0163345676521491e-06,0.9963862529089946,0.08492333943250913
2026-10-03T09:48:33.345 -3.2001358851412034,0.029155733899045227,0.005062750018456436,0.0015684840144497459,1.0193585434903008e-06,0.9962498281420179,0.08650907341925071
2026-10-03T09:48:33.385 -3.213271569870417,0.03149755422209885,0.005083488721752292,0.0015680716153792297,1.1039019069528787e-06,0.9961122111864555,0.08807953153497572
2026-10-03T09:48:33.468 -3.226401294622294,0.033881217080829716,0.005104247796363417,0.00156781815767679,1.19944235775054e-06,0.9959730443178525,0.08963948313670231
2026-10-03T09:48:33.510 -3.239522913586233,0.036304934362912857,0.005125038751039533,0.0015677251826147426,1.3715896269196378e-06,0.9958325659405979,0.09118685677242865
2026-10-03T09:48:33.591 -3.2526371422205678,0.03876989815221666,0.005145743507340216,0.0015679748084408876,1.1219097825118884e-06,0.9956904779115052,0.09272547465556413
2026-10-03T09:48:33.634 -3.265536556278387,0.04123581832034564,0.005165929804276821,0.0015674862468611518,5.61329310218841e-07,0.9955477346989009,0.09424569445039889
2026-10-03T09:48:33.712 -3.278420950118429,0.04373857434808896,0.005186300962387086,0.0015682468135493194,1.4610379800036848e-06,0.9954096988055023,0.09569259179130041
2026-10-03T09:48:33.755 -3.291425507881984,0.04630141034485774,0.005206638583909641,0.0015635355339580562,1.294763071730093e-06,0.9952784615944853,0.09704812847794965
2026-10-03T09:48:33.837 -3.3044729812262927,0.04890787640132073,0.005227207964570442,0.001563107907248531,1.074730448776696e-06,0.9951507969302086,0.09834860477752598
2026-10-03T09:48:33.887 -3.3175338064551148,0.05155093954157709,0.0052477984492872096,0.0015637998485371423,1.2182656546124615e-06,0.9950251577040372,0.09961169642469565
2026-10-03T09:48:33.966 -3.3305965397582193,0.05422750046814535,0.0052681982293918,0.0015637896559444568,1.2955712104877077e-06,0.9949074458602343,0.10078059700209309
2026-10-03T09:48:34.020 -3.343652359307441,0.0569320756648027,0.005288572171785635,0.0015597690837174118,1.4027133220735148e-06,0.9948036837356797,0.1017997934396709
2026-10-03T09:48:34.114 -3.3567048411680953,0.059659300668510516,0.005309015338677097,0.0015569744873862761,1.5606811232190548e-06,0.9947169068712576,0.10264429361872937
2026-10-03T09:48:34.163 -3.3697532705947997,0.06240285739585991,0.005329154071640292,0.0015490918784394473,2.3808350872806297e-06,0.994655106826695,0.10324155545253892
2026-10-03T09:48:34.244 -3.3828014618230844,0.06515452035788617,0.005349217920599712,0.0015445884083017784,2.7456194896616245e-06,0.994623402626344,0.10354661359554053
2026-10-03T09:48:34.291 -3.395850368342827,0.06790534884587503,0.005369253098305591,0.0015358577078490928,3.551299173914753e-06,0.9946260319753556,0.1035214839801316
2026-10-03T09:48:34.375 -3.408904757542855,0.07064699814962552,0.005389818487698567,0.0015302688035134214,4.1705629479498304e-06,0.9946651346839424,0.10314517974278012
2026-10-03T09:48:34.425 -3.4219648672426666,0.07336933547657964,0.005411212490252406,0.001525992929607123,4.3022173418185e-06,0.9947417849916658,0.1024033813829621
2026-10-03T09:48:34.515 -3.4350337982411445,0.07606258562580048,0.005432501236129659,0.0015233720577755025,4.669143229529165e-06,0.9948553269662572,0.10129441111253021
2026-10-03T09:48:34.577 -3.448111311527229,0.07871709264789162,0.0054539823727960315,0.0015214476828911694,4.983654535802905e-06,0.9950046288701663,0.09981720141866483
2026-10-03T09:48:34.651 -3.4611978842826128,0.08132284295647345,0.0054753586329681055,0.0015210435101709007,4.416969635191732e-06,0.9951882595259111,0.09796945702063764
2026-10-03T09:48:34.696 -3.4743025761585553,0.08387173020580854,0.00549673374949855,0.0015211312881064083,4.174685472018032e-06,0.9954038355795336,0.09575432238666501
2026-10-03T09:48:34.775 -3.4874253871157177,0.08635314476911682,0.005518048119552457,0.0015210235888041767,4.0726595120148575e-06,0.9956490925833387,0.09316958145569888
2026-10-03T09:48:34.819 -3.5005694160165337,0.08875695381781694,0.005539589767041461,0.0015216335202453699,3.183519623173256e-06,0.9959161623450582,0.09027005151869062
2026-10-03T09:48:34.904 -3.513737047637463,0.09107791211307545,0.005560945230481943,0.001528613016528332,2.276640019710257e-06,0.9961998549646971,0.08708336411381416
2026-10-03T09:48:34.944 -3.526925658950012,0.09330827108412924,0.0055823189805218705,0.0015311300620104973,1.755975330906133e-06,0.9964882587595715,0.08371861078617537
2026-10-03T09:48:35.028 -3.5401321510528643,0.09544946128141489,0.005603378291245292,0.0015457340601654102,6.298265897837884e-07,0.9967651493032093,0.08035451350340994
2026-10-03T09:48:35.084 -3.5533515174808623,0.09750434379088453,0.0056239364322076746,0.0015624694298050996,-9.654373136406447e-07,0.9970240976887325,0.07707468661186936
2026-10-03T09:48:35.148 -3.566576365981981,0.09947375317076837,0.0056448012801976685,0.0015732973787208645,-1.4638157264785062e-06,0.9972667791322303,0.07386809847588545
2026-10-03T09:48:35.192 -3.5797997828512043,0.10135590136872094,0.005665678781812915,0.0015763062283217582,-1.96337815603436e-06,0.9975018371174483,0.0706229438789949
2026-10-03T09:48:35.270 -3.5930253440073865,0.10314876178183269,0.005686783207856383,0.0015767231088031097,-1.9086387003684462e-06,0.9977313534456372,0.06730275099973566
2026-10-03T09:48:35.308 -3.6062571029939434,0.10485114226612713,0.005707837845219868,0.0015772739813987905,-1.7994927533432613e-06,0.9979548490979316,0.06390329698437973
2026-10-03T09:48:35.392 -3.6194974437250633,0.10646042018724461,0.00572899547540838,0.0015785783520684841,-1.6625774788483893e-06,0.9981711315314306,0.060430954525690986
2026-10-03T09:48:35.431 -3.6327415980497157,0.1079749266751384,0.005750099547968498,0.001579089829009454,-1.7408023220991267e-06,0.9983763280100085,0.05694044381222704
2026-10-03T09:48:35.514 -3.6459895662360697,0.1093953769855157,0.0057709861502149825,0.0015807584763194132,-1.7482953262247969e-06,0.9985737148408281,0.053367005055291884
2026-10-03T09:48:35.556 -3.659246354033467,0.11071819477676917,0.005792289046986402,0.0015805095937283357,-1.9062047092508724e-06,0.9987627579688164,0.04970367471640557
2026-10-03T09:48:35.636 -3.6725098168048174,0.11194123430856848,0.005813274689962568,0.0015800960006391756,-2.0339302203970374e-06,0.9989417275746623,0.04596659877173236
2026-10-03T09:48:35.675 -3.6857780464319325,0.1130630650935403,0.005834416900219358,0.0015810357015144424,-2.1328766803728826e-06,0.9991068082057096,0.04222660439297455
2026-10-03T09:48:35.753 -3.699045083091365,0.11408535613670993,0.005855318823651122,0.0015832169270882488,-2.095406240554856e-06,0.9992566292627828,0.03851859673135369
2026-10-03T09:48:35.798 -3.7123097341898936,0.11500941875533104,0.005876306400354701,0.0015833387099003773,-2.174299474677424e-06,0.9993924448933852,0.034817152724260995
2026-10-03T09:48:35.880 -3.7255743841369258,0.1158345376636219,0.005897234388671761,0.0015836323141324264,-2.1807033058848138e-06,0.9995154452012813,0.031086442511527788
2026-10-03T09:48:35.921 -3.7388402247893113,0.11655892470725543,0.005918238784003072,0.0015848162758499206,-1.991088971191247e-06,0.9996255699529866,0.027316812580798783
2026-10-03T09:48:36.023 -3.7521043951111674,0.11718126862006724,0.005939315062982687,0.0015839168349670917,-2.1959496273389734e-06,0.9997204974228174,0.023588519142000195
2026-10-03T09:48:36.065 -3.76536022002061,0.1177066954854899,0.0059600950423295326,0.0015807953982862725,-2.0591825819133534e-06,0.9997997511809668,0.0199489002239626
2026-10-03T09:48:36.147 -3.7786107985657273,0.11813794707820979,0.0059808518427068354,0.0015718409044026627,-1.888003776732805e-06,0.9998649431643916,0.016359240308605246
2026-10-03T09:48:36.191 -3.791860660450753,0.11847442729477409,0.00600174163797345,0.001576711701466967,-2.2366051805949755e-06,0.9999162963915296,0.012841891833181242
2026-10-03T09:48:36.274 -3.8051036073301194,0.11872078537546467,0.006022456603426641,0.0015691010156754896,-2.095429541401906e-06,0.9999540108781687,0.009461186303803475
2026-10-03T09:48:36.317 -3.818346314906552,0.11888190881711305,0.006043051996715677,0.0015668668136218247,-1.8209474066981843e-06,0.9999794434164734,0.006217529216066265
2026-10-03T09:48:36.399 -3.8315964122566673,0.1189613738023917,0.0060637633972752715,0.0015627483011370449,-1.8265070976665322e-06,0.9999940895580481,0.0030624603477976604
2026-10-03T09:48:36.442 -3.8448543764911993,0.11896037241816255,0.006084427646272262,0.0014808859115741921,-1.6432899902336196e-06,0.9999989034337924,1.026787563206693e-05
2026-10-03T09:48:36.522 -3.8581180614144825,0.11888021599367793,0.006105324472515637,0.0015632410468366502,-2.0020547436650214e-06,0.9999943491776393,-0.002976220121369065
2026-10-03T09:48:36.564 -3.8713860370311095,0.11872245426765467,0.006126138689967772,0.001564576053951974,-1.9454302787411136e-06,0.9999812761945363,-0.005916025552139513
2026-10-03T09:48:36.645 -3.884656395693049,0.11848744489201066,0.006147060997703267,0.0015677136018800706,-1.920151037020352e-06,0.9999596784056106,-0.008842162253859717
2026-10-03T09:48:36.692 -3.897927706937735,0.1181751878847507,0.0061680593316467735,0.001568656335050466,-1.7498656419048564e-06,0.9999300359983476,-0.011724436983657032
2026-10-03T09:48:36.770 -3.9111994941717145,0.11778627929829857,0.006188983926345046,0.0015688954419713157,-1.6593610018362312e-06,0.9998924072612339,-0.014584665428919275
2026-10-03T09:48:36.811 -3.924470326781006,0.11732179203428408,0.006209907025545223,0.0015679960987511944,-1.8907402640233596e-06,0.9998467328437031,-0.01743709283201635
2026-10-03T09:48:36.892 -3.9377392510188036,0.1167814876861432,0.006230871824853862,0.0015761354628630736,-1.9947253909997303e-06,0.9997927065664316,-0.020299253424522996
2026-10-03T09:48:36.948 -3.9510048362119985,0.11616548548119486,0.006251980370459227,0.0015714843559002573,-1.798612167421314e-06,0.9997315381225168,-0.023116706445148565
2026-10-03T09:48:37.012 -3.9642692287526984,0.115474977485248,0.006272848625144885,0.0015767055158420508,-1.5445995118498813e-06,0.9996623152215585,-0.02593780104797456
2026-10-03T09:48:37.060 -3.9775283747581835,0.11470853323794471,0.00629394701730139,0.0015745585205266084,-1.6736509520018903e-06,0.999585111114932,-0.028759805284698646
2026-10-03T09:48:37.148 -3.9907860897018974,0.11386829845838185,0.006314804741456156,0.0015757777075645692,-1.7680794319501832e-06,0.9995007519517531,-0.03155572482720798
2026-10-03T09:48:37.203 -4.004039750389238,0.11295391555177797,0.006335790179616496,0.0015766706976374464,-1.614226073959203e-06,0.9994088829171798,-0.034342376929098625
2026-10-03T09:48:37.282 -4.017286853777609,0.11196693427037681,0.006356690757400094,0.001577690908365451,-1.3051582774592066e-06,0.999312067075379,-0.03705271227896417
2026-10-03T09:48:37.329 -4.03052632720625,0.11090997723203411,0.006377385568894779,0.0015676789246266535,-1.9735094345011453e-06,0.9992085247258953,-0.039747534439188784
2026-10-03T09:48:37.409 -4.043766633705075,0.10978161381880756,0.006398394635440621,0.0015774796109213616,-1.1115407557064822e-06,0.9990999006473978,-0.0423898582588037
2026-10-03T09:48:37.456 -4.0569921577889305,0.10858506287802572,0.0064191419230262906,0.0015641786430568491,-1.909514488547523e-06,0.9989887920625857,-0.04493269049214192
2026-10-03T09:48:37.540 -4.070216131492346,0.10732473498683397,0.006439797363915517,0.0015678752588546422,-1.4619124077888176e-06,0.9988724249959051,-0.047449134321243855
2026-10-03T09:48:37.589 -4.083437600438982,0.10599717308791905,0.00646077668280552,0.0015659522393016096,-1.6831513873309224e-06,0.998753321011746,-0.04989340195616571
2026-10-03T09:48:37.665 -4.096651320551407,0.1046075032466458,0.006481401034211508,0.00156597195641594,-1.5087184034546155e-06,0.9986315932922988,-0.05227321118929107
2026-10-03T09:48:37.710 -4.109860748082096,0.10315667909390146,0.006502197423960398,0.001560456414223438,-1.8185306049765967e-06,0.9985083803147937,-0.054576363140097534
2026-10-03T09:48:37.793 -4.123067194772186,0.10164601191531236,0.006522899704579179,0.0015637619100865986,-1.501532199363867e-06,0.998381584278348,-0.05684863076882216
2026-10-03T09:48:37.847 -4.136268037433078,0.10007562095325521,0.006543876257997161,0.0015594923554729217,-1.342119175192855e-06,0.9982524699524556,-0.059072618154382917
2026-10-03T09:48:37.935 -4.149466257071234,0.09844741351875379,0.006564654959403132,0.0015684186376158278,-4.069625603519867e-07,0.9981192325618703,-0.061282441636369644
2026-10-03T09:48:38.050 -4.1626573232134785,0.09676079362245306,0.006585556471695408,0.0015632279436832738,-9.126707614629205e-07,0.9979843377209259,-0.0634414531776203
2026-10-03T09:48:38.131 -4.175844335938552,0.09501802620176096,0.00660619826534221,0.001569150009561472,-9.764573883827262e-07,0.9978459175327421,-0.06558248722436602
2026-10-03T09:48:38.183 -4.1890224069062105,0.09322006499261913,0.006627064350109062,0.0015667493979807524,-9.074491967539048e-07,0.997704166180671,-0.06770481579055111
2026-10-03T09:48:38.259 -4.202194516674354,0.09136500260883253,0.006647935921232368,0.0015680791287503743,-1.1363554994418535e-06,0.9975602067169252,-0.0697938041765902
2026-10-03T09:48:38.314 -4.215359473433712,0.08945653455335813,0.0066686620818568135,0.001567756199527836,-4.7426448242920903e-07,0.9974138645487439,-0.07185488811635717
2026-10-03T09:48:38.394 -4.228515607839279,0.08749334954506943,0.006689493512865289,0.0015675745231690426,-6.658982989209965e-07,0.997265436292242,-0.07388634709142958
2026-10-03T09:48:38.440 -4.241666496620877,0.08547795093397194,0.006710167647757637,0.0015682517368232761,-6.928452704258069e-07,0.9971146233171786,-0.07589445666879122
2026-10-03T09:48:38.525 -4.254806655822194,0.08340986195198513,0.0067308844324119824,0.0015680752829316479,-8.186242477091682e-07,0.9969620230607252,-0.077873395417837
2026-10-03T09:48:38.579 -4.2679443109921795,0.08129098984417166,0.006751597267239812,0.0015697828460406672,-4.6487961570949226e-07,0.9968069180329325,-0.07983422789309724
2026-10-03T09:48:38.655 -4.281069329119335,0.07911954659878576,0.006772424241802693,0.0015689113262625587,-1.6005304471252323e-07,0.9966503847200526,-0.0817652074821328
2026-10-03T09:48:38.710 -4.294191247679233,0.07689851232791549,0.0067929333999375546,0.0015692588776191427,-5.093685053286885e-07,0.9964910490967157,-0.08368468495753978
2026-10-03T09:48:38.791 -4.307301124961234,0.07462693346992624,0.006813751354741968,0.0015692323857572706,-3.742029069474644e-07,0.9963360058923846,-0.08551082312777501
2026-10-03T09:48:38.863 -4.320403134377895,0.07231112806451623,0.006834243952940212,0.0015669613983220942,-5.185453660554111e-07,0.9961860910739437,-0.08723999416852128
2026-10-03T09:48:38.922 -4.33349560642275,0.06995193059779255,0.00685478108420475,0.0015615189813835944,-8.240824705566694e-07,0.996036775064398,-0.08892864767388226
2026-10-03T09:48:38.983 -4.34658593199588,0.06754779125594358,0.006875404236990307,0.001569480343188594,-4.3046035932554947e-07,0.9958802359955804,-0.09066472458820121
2026-10-03T09:48:39.049 -4.359667196549641,0.06509549147524508,0.0068963408981183956,0.0015713517158947932,9.82172671692072e-08,0.9957246556872871,-0.09235767921623422
2026-10-03T09:48:39.104 -4.372737613216499,0.06260230304473521,0.0069168431820334315,0.0015662547917123773,-1.1294214973429996e-07,0.9955778435509102,-0.09392712215560725
2026-10-03T09:48:39.173 -4.3857986122935015,0.06007192143440955,0.006937077262489425,0.0015637116433300025,-4.386230052105043e-07,0.9954436665782732,-0.09533866725997217
2026-10-03T09:48:39.213 -4.39885281605326,0.05751006865719375,0.0069573006045895005,0.0015539602578265499,-1.423065026009699e-06,0.9953297623344277,-0.0965207201422773
2026-10-03T09:48:39.286 -4.411905469952932,0.0549238972044035,0.006977417192396561,0.0015514997680091643,-1.6278965852023417e-06,0.9952396362058378,-0.09744567394549514
2026-10-03T09:48:39.325 -4.424958243137347,0.05232127486812289,0.006997355157666113,0.0015413561519678103,-2.923901500011333e-06,0.9951802145660974,-0.0980508273745814
2026-10-03T09:48:39.394 -4.438018883884615,0.04971078461969248,0.007017394970924158,0.0015333948426987582,-3.358392630337956e-06,0.9951527413565271,-0.09832939570426853
2026-10-03T09:48:39.440 -4.451088703991867,0.04710005583708704,0.007037285384806829,0.0015285075020015197,-4.1845507672908545e-06,0.9951513146170113,-0.09834391014872373
2026-10-03T09:48:39.517 -4.464167463413065,0.04449266480218863,0.007058084002886474,0.0015310038543062943,-3.979314467984665e-06,0.9951666320187423,-0.09818874949726443
2026-10-03T09:48:39.564 -4.477253017586163,0.041892426239144014,0.00707905727586798,0.0015356540410646443,-3.697795446167715e-06,0.9951930945042136,-0.09792010214516664
2026-10-03T09:48:39.634 -4.490343340701152,0.03930053226627839,0.007099740063933945,0.0015415028746575538,-3.1281335311812108e-06,0.9952265302400525,-0.09757959451364946
2026-10-03T09:48:39.696 -4.503439028129488,0.036717698131904015,0.007120565442514442,0.0015481509357394708,-2.499006891597969e-06,0.9952644359895527,-0.09719210707065053
2026-10-03T09:48:39.767 -4.516538411382301,0.03414511594987906,0.007141262552093012,0.001552210539633553,-2.104467483298099e-06,0.9953059799149789,-0.09676568081450881
2026-10-03T09:48:39.813 -4.52964137086043,0.03158362018677766,0.007162084523474304,0.0015547721305774064,-1.9497466691224703e-06,0.9953518168515785,-0.09629300789819685
2026-10-03T09:48:39.903 -4.542750171710426,0.02903571420914752,0.00718294553056128,0.0015593464430670861,-1.4745514547393553e-06,0.9954019440284059,-0.09577336926811471
2026-10-03T09:48:39.947 -4.555861714580326,0.02650259014889809,0.007203795969185786,0.0015603262874793642,-1.5534580230884966e-06,0.9954574388374863,-0.09519481520847578
2026-10-03T09:48:40.034 -4.568977072548832,0.02398675138758291,0.007224533227283038,0.001560822714295167,-1.575850536071925e-06,0.9955193121727851,-0.0945455600279375
2026-10-03T09:48:40.082 -4.582096841296692,0.02148915159205777,0.007245396665390728,0.0015618462671012758,-1.4816971890106898e-06,0.9955811255112578,-0.09389240203434984
2026-10-03T09:48:40.163 -4.595220425232899,0.01900847946758731,0.007266087318459387,0.0015667266028643653,-9.255120163248065e-07,0.9956393593097778,-0.09327278038158136
2026-10-03T09:48:40.213 -4.60834543969143,0.016543781369927,0.007286899439846006,0.001569182302086774,-7.265448318552131e-07,0.9956973566165401,-0.09265156066256879
2026-10-03T09:48:40.294 -4.62147319615276,0.014096249375443697,0.0073077307946653215,0.0015687517854483465,-8.04463064884724e-07,0.995757502145581,-0.09200291266031574
2026-10-03T09:48:40.341 -4.634604409973479,0.011666479521569038,0.007328522909144677,0.0015696629750501592,-7.332452041084273e-07,0.9958194945146241,-0.09132946130491362
2026-10-03T09:48:40.421 -4.6477388426941895,0.009254948648468375,0.007349305208526176,0.0015705713774041593,-8.510516571931124e-07,0.9958827387021586,-0.09063721123198985
2026-10-03T09:48:40.469 -4.660875301980831,0.0068629680733652805,0.007370239720338409,0.0015707165211204708,-5.947135928351919e-07,0.9959490831854507,-0.08990526431370421
2026-10-03T09:48:40.549 -4.674016410861583,0.004490776181770812,0.007391062370591543,0.0015714673016536127,-5.180899425836028e-07,0.9960166194052442,-0.08915393630569857
2026-10-03T09:48:40.601 -4.6871612155720825,0.0021386114042818306,0.007411831255956713,0.0015718172379579284,-7.213531410086349e-07,0.9960858250314385,-0.08837736453124553
2026-10-03T09:48:40.679 -4.7003099543305735,-0.00019257258776243948,0.0074326808635260784,0.0015721356391203455,-6.096033380197562e-07,0.9961568189941606,-0.08757351403589957
2026-10-03T09:48:40.721 -4.713463819436457,-0.002501226088628387,0.007453493868730793,0.0015723445949556475,-4.845420892794892e-07,0.9962281707444818,-0.08675805177240782
2026-10-03T09:48:40.805 -4.726620664837977,-0.004787706699136429,0.007474445692654849,0.0015723388737517436,-6.020134418700267e-07,0.9963015494201044,-0.08591129363013333
2026-10-03T09:48:40.860 -4.739781325395592,-0.007050464709072262,0.007495299236141299,0.0015732922663717623,-4.909409995127163e-07,0.9963758811359495,-0.08504486017252298
2026-10-03T09:48:40.933 -4.752945920209946,-0.009290632608176445,0.007516114292428171,0.0015738466266342788,-4.170547694711212e-07,0.9964510477512762,-0.0841595653625065
2026-10-03T09:48:40.978 -4.766114568250522,-0.011506660677155726,0.007537054962312752,0.0015749332917170437,-3.082179588834754e-07,0.9965313403929215,-0.0832034085823371
2026-10-03T09:48:41.058 -4.779287627608607,-0.013695389874389036,0.007557853590159657,0.0015741646639094147,-6.26346560723225e-07,0.9966186684588552,-0.08215078626840584
2026-10-03T09:48:41.113 -4.792469150782112,-0.015854972506843753,0.0075789189149216086,0.0015735381104505309,-5.863688020508552e-07,0.9967086193072484,-0.0810521571342166
2026-10-03T09:48:41.192 -4.805655800596552,-0.017983679997874126,0.00759982842681347,0.0015732385060376615,-5.031105591604317e-07,0.9968016100694019,-0.07990040727929999
2026-10-03T09:48:41.248 -4.8188484109336605,-0.020080975916114862,0.0076209559736893275,0.0015747516631720454,-3.0925483397170836e-07,0.9968962089595435,-0.07871129981898593
2026-10-03T09:48:41.328 -4.832046148243503,-0.02214537013504459,0.007641733992510234,0.001575621015253851,-2.46459104179269e-07,0.9969924775399409,-0.07748236668511153
2026-10-03T09:48:41.378 -4.845248534946095,-0.024176028183545615,0.007662638565771809,0.0015761168632697387,-4.847288895597733e-07,0.9970903559995354,-0.07621245192301539
2026-10-03T09:48:41.452 -4.858456166905412,-0.026172413627297414,0.007683789844939445,0.00157700724087143,-1.629293528399671e-07,0.9971892476477037,-0.07490739231839999
2026-10-03T09:48:41.500 -4.871668925778494,-0.028133095953423042,0.0077046512001641854,0.0015779094910638972,1.292397904251746e-08,0.9972894508475456,-0.07356127670071308
2026-10-03T09:48:41.576 -4.8848864533190515,-0.030056704250516403,0.0077256243966235885,0.0015773310827489337,-1.2089805800722045e-07,0.9973905495244525,-0.07217758478885043
2026-10-03T09:48:41.618 -4.898108630441749,-0.031942761679932145,0.007746634740044298,0.0015769496356008129,-3.653292595754258e-09,0.99748878693919,-0.07080701349746472
2026-10-03T09:48:41.699 -4.91133319232283,-0.03379246030606856,0.007767574341455484,0.0015790103627627162,1.5851216080908498e-07,0.9975827306707434,-0.06947087298826872
2026-10-03T09:48:41.740 -4.924558827760789,-0.035607290228549165,0.007788366622080339,0.0015766731549477467,-1.0024745887395322e-07,0.9976734590960735,-0.06815558023396069
2026-10-03T09:48:41.830 -4.937788397192744,-0.03738671504152323,0.0078093886339757525,0.0015780138255890096,2.2393506353301315e-07,0.997763529064888,-0.06682402217987814
2026-10-03T09:48:41.867 -4.951021662856351,-0.03913103276528943,0.007830222768233528,0.001576122822489552,-1.0252658362636727e-07,0.9978509192924174,-0.0655061730229714
2026-10-03T09:48:41.949 -4.964260293301113,-0.04084036263010555,0.007851110081909505,0.001575874122801184,-8.052840698459798e-08,0.9979366989093739,-0.06418614796515364
2026-10-03T09:48:41.986 -4.977503096409811,-0.042514883434894596,0.007872063591350318,0.0015757025505830126,-9.908628527169591e-08,0.9980206903219815,-0.06286667519996653
2026-10-03T09:48:42.070 -4.990749833791477,-0.04415429715343377,0.007893068018399622,0.0015753248048177458,7.035370049316237e-08,0.9981030725861396,-0.061544901054936395
2026-10-03T09:48:42.111 -5.004001161312931,-0.04575824616613372,0.007913990289369652,0.0015749247646667985,-1.7164397570973975e-07,0.9981837859465781,-0.06022166624490122
2026-10-03T09:48:42.197 -5.017256423296586,-0.047327028487960894,0.007934844268797876,0.001574310018396489,-1.8391104211031792e-07,0.9982628305559137,-0.058896881737724976
2026-10-03T09:48:42.239 -5.030515857828626,-0.048860822935813016,0.00795583894967453,0.0015741040368397264,-2.0543435437841954e-07,0.9983400866996223,-0.057572506329236585
2026-10-03T09:48:42.321 -5.043779465192528,-0.05035956990507814,0.007976795518279046,0.0015739362732908372,-2.341993143234438e-07,0.9984157335043532,-0.05624540706153085
2026-10-03T09:48:42.375 -5.057046708599007,-0.051822852156447996,0.007997936643510376,0.0015738506995005052,-2.1284411098743715e-07,0.998489592102086,-0.054918643990365786
2026-10-03T09:48:42.445 -5.070317886846154,-0.05325084850769926,0.008018771058899308,0.0015735665729331076,-2.4014828321683065e-07,0.9985619011611646,-0.05358781053171963
2026-10-03T09:48:42.492 -5.083592998898064,-0.05464349935406688,0.008039954414709097,0.0015734821515235775,-5.174304887156425e-08,0.9986323026976683,-0.052259431327454274
2026-10-03T09:48:42.571 -5.0968716881160985,-0.05600086429580787,0.00806086029751407,0.0015735388214691984,-1.1002565000381153e-07,0.9987010352047975,-0.05092903156777321
2026-10-03T09:48:42.623 -5.11015341751874,-0.05732282411681597,0.00808183058540247,0.0015735508221202236,-1.096437276067877e-07,0.9987652374439697,-0.04965404728004891
2026-10-03T09:48:42.701 -5.123434491957571,-0.058612716630715544,0.008102621017681107,0.0015691031741368008,-2.8627471179318047e-07,0.9988231841178077,-0.04847457873887087
2026-10-03T09:48:42.759 -5.13671741448749,-0.059872985659424637,0.008123429267735962,0.0015685386234109216,-4.836568803161995e-07,0.9988773127023627,-0.047346107071853855
2026-10-03T09:48:42.818 -5.150002184936822,-0.06110416764472702,0.008144359643652756,0.0015695082319282982,-5.046617689522333e-07,0.9989289961243999,-0.04624280858202914
2026-10-03T09:48:42.860 -5.163289935904951,-0.06230667983340791,0.008165339430370814,0.0015698445369601334,-3.631412468284503e-07,0.998977938020698,-0.04517316610458521
2026-10-03T09:48:42.940 -5.176580667590409,-0.06348159510909777,0.00818623451778251,0.001571101965937281,-2.87160615816319e-07,0.9990247928918724,-0.0441247643153084
2026-10-03T09:48:42.984 -5.189874558496873,-0.0646292114972362,0.00820723890351375,0.001571557404381606,-3.926090766543079e-07,0.9990692640233398,-0.04310610039232257
2026-10-03T09:48:43.069 -5.203171191565825,-0.0657507210854875,0.008228232718930164,0.0015726389827556476,-4.002611097713648e-07,0.9991116483404262,-0.04211224236426015
2026-10-03T09:48:43.113 -5.2164695535105645,-0.06684683911683162,0.00824921436204734,0.0015721137591893813,-1.5497921515231515e-07,0.9991500399560701,-0.04119133542491314
2026-10-03T09:48:43.193 -5.2297686313943395,-0.06792042660150405,0.008269943812950747,0.0015701335394815534,-3.38889017977633e-07,0.9991849752444399,-0.04033509546686736
2026-10-03T09:48:43.236 -5.2430700930942065,-0.06897261604864709,0.008291079360853873,0.0015717191734723997,-2.5214386292573513e-07,0.9992175232650173,-0.03952051238155693
2026-10-03T09:48:43.320 -5.256373820502356,-0.07000388429404657,0.008311920463651487,0.0015727605454859933,-3.7295267019210497e-07,0.9992483430077804,-0.03873338896007877
2026-10-03T09:48:43.360 -5.269468217000444,-0.0709987314659752,0.008332505090903703,0.0015730278458965933,-2.786401142763482e-07,0.9992768981127326,-0.037989557532488685
2026-10-03T09:48:43.439 -5.282289744375433,-0.07195530902051646,0.008352583769700564,0.001574580684833029,-4.299348044305386e-07,0.9993033061650504,-0.03728837597806985
2026-10-03T09:48:43.481 -5.294976267289569,-0.0728850031804953,0.008372732109357777,0.0015752580580381723,-2.7594793139338173e-07,0.9993277477020402,-0.03662746557901246
2026-10-03T09:48:43.568 -5.307403988094128,-0.07377976576033864,0.008392158323761617,0.00157525103048997,-4.582609878697425e-07,0.9993527860075722,-0.035937830803827384
2026-10-03T09:48:43.609 -5.319543759166375,-0.07463572209105684,0.00841147197857575,0.0015798059501466242,-1.0381519827669374e-07,0.9993796688671072,-0.03518212142865142
2026-10-03T09:48:43.707 -5.331543578983361,-0.07546229156988783,0.008430623954677748,0.0015792620582433488,-4.109646857019376e-08,0.9994088808688084,-0.03434231750924713
2026-10-03T09:48:43.752 -5.343496431015944,-0.0762641841344822,0.008449507949778117,0.0015789026127255132,-1.5214271382211666e-07,0.9994403582608227,-0.03341372990246424
2026-10-03T09:48:43.833 -5.35543259378826,-0.0770402080730908,0.00846855926794819,0.0015761084761384922,-3.241365034478125e-07,0.9994733281503034,-0.03241268575916827
2026-10-03T09:48:43.876 -5.36715489599911,-0.07777689025363237,0.00848718303519122,0.0015758185650315009,2.1978903397604872e-08,0.9995067731945584,-0.031364424656790214
2026-10-03T09:48:43.957 -5.378602302677493,-0.07847119007079376,0.008505238044533122,0.0015752278701324112,-2.40777483394209e-07,0.9995399206199449,-0.030289696997057906
2026-10-03T09:48:44.002 -5.389914764926541,-0.07913276523899666,0.008523139290882682,0.0015760766853308282,-2.861085388522277e-07,0.9995728286868105,-0.029183490765299504
2026-10-03T09:48:44.086 -5.401179245666754,-0.07976584878288295,0.00854108387749919,0.001577493342842467,-2.2383444425705622e-07,0.9996051403993294,-0.028054853447134733
2026-10-03T09:48:44.130 -5.412216216624007,-0.0803604248619084,0.008558430320651159,0.0015766111971831022,-1.3863472133117894e-07,0.9996369772782019,-0.026896616055063667
2026-10-03T09:48:44.211 -5.422972807841117,-0.08091434704314704,0.008575556963410537,0.0015759767074137658,-3.235934814735196e-07,0.9996679200012301,-0.025720925677886027
2026-10-03T09:48:44.253 -5.433591653516622,-0.0814358425634165,0.00859233169903377,0.0015767891937128354,-2.449806732243028e-07,0.9996979080163043,-0.024527666900946078
2026-10-03T09:48:44.335 -5.4441611468679145,-0.08192920406998909,0.008609088002863212,0.0015767840657213163,-2.3358252804793268e-07,0.9997271219924935,-0.023306550679189308
2026-10-03T09:48:44.377 -5.45471335537289,-0.08239574326880722,0.008625727565484987,0.0015771824653656756,-1.3468359063997104e-07,0.9997552628854312,-0.02206641856612415
2026-10-03T09:48:44.461 -5.465049616907626,-0.08282586131086249,0.00864207038949648,0.0015756298128073553,-2.3392890445140465e-08,0.9997836442773913,-0.020740829928222865
2026-10-03T09:48:44.502 -5.475111816867401,-0.08321639841829313,0.008658143798294049,0.0015725657310426998,1.8382982961840013e-07,0.9998101790902659,-0.019419907942063715
2026-10-03T09:48:44.585 -5.485036807848556,-0.08357605859228888,0.008673776741524869,0.0015763861694591736,-2.2790304673724294e-08,0.9998346818062964,-0.018114195095190085
2026-10-03T09:48:44.641 -5.494910121919,-0.08390824037441354,0.008689387577660045,0.0015763727696056803,-1.7472510487802377e-07,0.9998576378892582,-0.016799375088790754
2026-10-03T09:48:44.710 -5.504765733610107,-0.08421318261098182,0.008705074727683879,0.0015770211843892754,7.761364363058183e-09,0.9998793419457624,-0.015453625927047498
2026-10-03T09:48:44.753 -5.514614789397598,-0.084491123860952,0.00872058759418457,0.0015762900511019588,-7.836616455100028e-08,0.9998996763821238,-0.014076664398677182
2026-10-03T09:48:44.835 -5.524461699469235,-0.08474087208689472,0.00873629077824193,0.001576191734915443,-1.1885771724835063e-07,0.9999183415008522,-0.01268171714657268
2026-10-03T09:48:44.875 -5.5340990410224284,-0.08495723907334662,0.008751200669153612,0.0015748558492546345,-1.5739491398276896e-07,0.9999359352025532,-0.01120916230700905
2026-10-03T09:48:44.957 -5.543463929742694,-0.08513903193553601,0.008766171515320796,0.0015721431823575566,3.0367967972164023e-07,0.9999511456662379,-0.009758824032661243
2026-10-03T09:48:45.005 -5.55269029814477,-0.08529304728930918,0.008780699823120497,0.0015752939235383597,1.5348441617645216e-07,0.9999639670993943,-0.008341639639331763
2026-10-03T09:48:45.089 -5.561864632036778,-0.0854192266188428,0.008795190557175933,0.0015739373811531243,-8.345536981792218e-08,0.9999750041537643,-0.006893024647613004
2026-10-03T09:48:45.131 -5.571020488516857,-0.08551882204413781,0.008809860688088884,0.0015754316803953908,8.666128958247728e-08,0.9999839528081702,-0.005441703883932721
2026-10-03T09:48:45.215 -5.579961173698852,-0.08558855283345422,0.00882366906318275,0.0015678359952844988,7.692497852924402e-08,0.9999912404076576,-0.0038808501955620244
2026-10-03T09:48:45.258 -5.588627587942242,-0.08562943152150711,0.008837595124679916,0.0015715125199990585,2.668390898761496e-07,0.9999958362546073,-0.002420293737761301
2026-10-03T09:48:45.339 -5.597153634370215,-0.08564557251479661,0.008850896913116966,0.0015499077810809225,1.3558341631617665e-07,0.9999983661095088,-0.0009303570093341046
2026-10-03T09:48:45.387 -5.605626602729727,-0.08563632126109776,0.008864442600696238,0.0015501868836840388,1.0700205253918775e-07,0.9999986729231913,0.0005010713228769956
2026-10-03T09:48:45.454 -5.614080677345408,-0.0856019762141332,0.00887758588112778,0.0015606431167642346,2.418980334449446e-07,0.9999968262090153,0.0019778687772980413
2026-10-03T09:48:45.496 -5.622527360442333,-0.0855422394953421,0.008891268813765056,0.0015783711853776395,2.0134832440497598e-07,0.9999924709187232,0.0035449753493212405
2026-10-03T09:48:45.590 -5.630970736473991,-0.0854563959005693,0.00890452927975038,0.0015749814955410997,3.3854252034488783e-07,0.9999859266614628,0.005066153589225744
2026-10-03T09:48:45.635 -5.639204245171541,-0.08534587334061075,0.008917428115941598,0.0015744313847556584,5.206117671335799e-07,0.9999765792007607,0.006660496639782971
2026-10-03T09:48:45.718 -5.64716676173393,-0.08521317444095038,0.008930047492047939,0.0015738426188064093,5.390463102363891e-07,0.9999649665818476,0.008221230326741408
2026-10-03T09:48:45.759 -5.654988701338166,-0.08506014858755846,0.008942340288822561,0.0015772572715890862,2.781436547290181e-07,0.9999512644073123,0.009745823189423521
2026-10-03T09:48:45.841 -5.662756579856525,-0.08488465110244729,0.008954562506242415,0.0015770292790774827,2.5631904861633113e-07,0.9999351213892932,0.0112812229286971
2026-10-03T09:48:45.883 -5.670505057084158,-0.08468507309654899,0.008966947759047168,0.001577619951171215,2.776880873526654e-07,0.999916414823845,0.012832555514824132
2026-10-03T09:48:45.965 -5.6782454286252655,-0.08446171273535637,0.008979171179725071,0.0015778155894168192,3.105318956919522e-07,0.9998950860597956,0.014398867015969322
2026-10-03T09:48:46.008 -5.685981926103304,-0.08421415283960083,0.008991433174190652,0.0015783265183097776,3.487391683148241e-07,0.9998708961827903,0.015990617621087753
2026-10-03T09:48:46.088 -5.6937163675343525,-0.0839419165950205,0.009003691913296608,0.001578686988755225,3.616764455076381e-07,0.9998440838510569,0.017587374315156088
2026-10-03T09:48:46.134 -5.701241061000991,-0.08365096185125968,0.009015440200640221,0.001577848703922222,4.6426954603172033e-07,0.9998135773530133,0.019243724530930307
2026-10-03T09:48:46.212 -5.708496013820887,-0.08334683108490545,0.009026970613007803,0.0015762503343361724,4.312720154518139e-07,0.999781521374468,0.020842863355396587
2026-10-03T09:48:46.257 -5.715609465798875,-0.08302714172477517,0.009038143183798959,0.0015790993928109153,4.873647534038106e-07,0.9997477331107686,0.02240483395943542
2026-10-03T09:48:46.344 -5.722668141354503,-0.08268772253757449,0.009049273847073836,0.0015784710765641909,3.958160712410018e-07,0.99971126545015,0.02397695061853931
2026-10-03T09:48:46.390 -5.729706670736046,-0.08232726265711425,0.009060432257931976,0.0015791812643261775,3.081447071598659e-07,0.9996719358026227,0.025564173271919642
2026-10-03T09:48:46.468 -5.736736647067987,-0.08194480855503905,0.00907162184499969,0.0015789567303309308,5.008028612390159e-07,0.9996298651306567,0.027159521981404814
2026-10-03T09:48:46.527 -5.7437622130860095,-0.08153988344637005,0.009082715047683362,0.0015794345340097431,4.1727295644608525e-07,0.9995846349898445,0.02877608171030422
2026-10-03T09:48:46.589 -5.750784769460147,-0.08111171248835482,0.009093743882810978,0.001579195925197217,4.573329747680959e-07,0.9995364252576003,0.030404616808609015
2026-10-03T09:48:46.634 -5.7575959680637006,-0.0806732272657665,0.009104498141317993,0.0015785474515402917,4.997726935281072e-07,0.9994855336447702,0.03203398542989595
2026-10-03T09:48:46.712 -5.764136070518336,-0.08023223523500028,0.009114630051756108,0.0015779503334385856,7.452502612025346e-07,0.9994333304367499,0.033623326490641606
2026-10-03T09:48:46.755 -5.770536087025135,-0.0797800357672724,0.009124823591551303,0.0015787867468122097,5.142698555033104e-07,0.9993793974167805,0.03518987710999305
2026-10-03T09:48:46.841 -5.776883204111355,-0.07930625875205907,0.00913533581954929,0.0015785296960987968,-1.98574896888052e-06,0.9993229618733908,0.03675766739945401
2026-10-03T09:48:46.885 -5.783207464796057,-0.07881972605528356,0.009144679417102947,0.0015784985507861181,8.038899902584913e-08,0.999263784382227,0.03833272184999423
2026-10-03T09:48:46.963 -5.78952430314212,-0.07830815931405741,0.00915520336893063,0.00157811617426894,-1.7972675393368765e-06,0.9992016270137758,0.03992014678246706
2026-10-03T09:48:47.005 -5.795833737141872,-0.077782406574291,0.009164866243835184,0.0015784625846507157,1.8109945467385648e-07,0.9991361909262259,0.04152565998595038
2026-10-03T09:48:47.086 -5.802142038054124,-0.0772313814507771,0.009175108468582294,0.0015778105065085662,-1.4074103804158979e-06,0.9990678350489736,0.04313897869191865
2026-10-03T09:48:47.128 -5.808235673901151,-0.07668273781048413,0.00918448974383536,0.001577242268263358,3.3985311667725323e-07,0.9989967373091347,0.044755236033516436
2026-10-03T09:48:47.211 -5.8140599849185834,-0.07613224303520952,0.00919445846735225,0.0015778351620645854,-3.427200724108664e-06,0.9989255786996568,0.046316289186542604
2026-10-03T09:48:47.255 -5.819755746491372,-0.07558526331581115,0.009202480502928616,0.0015780710504979688,6.509071346262863e-07,0.9988536452917809,0.047842501801822035
2026-10-03T09:48:47.344 -5.825393332302769,-0.07501992463318179,0.009211632449724064,0.0015766953535002483,-2.037510282673733e-06,0.9987788522015316,0.049379331937584967
2026-10-03T09:48:47.390 -5.831008701386102,-0.07444492971846509,0.009220272429948679,0.0015771228040096484,1.8528023866995485e-07,0.9987015543057388,0.05091874027240225
2026-10-03T09:48:47.486 -5.836615113698926,-0.07384794057690673,0.009229822117665886,0.001577070844903106,-1.58772284579249e-06,0.9986212170306734,0.05247073223432161
2026-10-03T09:48:47.537 -5.842216953844293,-0.07323897084442481,0.009237889357292622,0.0015763545255619903,1.590986488169773e-07,0.9985380193081947,0.05403090876944305
2026-10-03T09:48:47.621 -5.847815007293751,-0.07260687446187639,0.009247276810505274,0.0015762188292090934,-2.1383416867635995e-06,0.9984513045730105,0.05561032211814102
2026-10-03T09:48:47.663 -5.853409098647113,-0.07196309551921898,0.009255734123924124,0.0015762312723275414,1.648959031251233e-07,0.998361549941105,0.05719904801780679
2026-10-03T09:48:47.750 -5.8587972243586215,-0.0713174066345852,0.009265177086906681,0.001575473946081073,-3.151868125193459e-06,0.9982697693052309,0.058779125233300825
2026-10-03T09:48:47.803 -5.863919322975401,-0.07069513902638233,0.009272113271462117,0.0015751462327072562,9.419369765952279e-07,0.9981795376275083,0.06029203575259711
2026-10-03T09:48:47.886 -5.868900752818573,-0.07007543264666816,0.009280063841898794,0.001573844775436702,8.398005964982396e-07,0.998087578126545,0.06179570698200407
2026-10-03T09:48:47.935 -5.873823130166409,-0.06943683085113281,0.00928760811572372,0.0015742658768887231,4.743151012809617e-07,0.9979946038592787,0.06327947814643602
2026-10-03T09:48:48.014 -5.878726955056617,-0.068797692380161,0.009295465783148119,0.001574058714448763,9.897722515258794e-07,0.9978987691274814,0.06477321137662945
2026-10-03T09:48:48.068 -5.883616371431601,-0.06813280452129797,0.009302943036114853,0.0015731773237995532,4.489378164178984e-07,0.9978000739633438,0.06627622131392329
2026-10-03T09:48:48.140 -5.88850173371123,-0.06746565163478699,0.009311054629435942,0.0015734553853809555,8.962059580396295e-07,0.9976982785164032,0.06779136584221306
2026-10-03T09:48:48.185 -5.893381017857965,-0.06677215341888319,0.009318396647568469,0.001572447760805551,4.725176237965378e-07,0.9975935635127048,0.06931529013024211
2026-10-03T09:48:48.274 -5.8982552046970085,-0.06607567490644531,0.009326460763571735,0.001572718953275231,8.931801613211922e-07,0.9974890260886249,0.07080373851049723
2026-10-03T09:48:48.326 -5.903120303053614,-0.06535571204963418,0.009333929359381647,0.0015710004004322587,7.221056838753927e-07,0.9973869932221495,0.0722268489448383
2026-10-03T09:48:48.432 -5.907968413678057,-0.0646343184674247,0.00934165421790757,0.0015723849959721318,3.7964223584294335e-07,0.9972831101412217,0.07364730702701917
2026-10-03T09:48:48.492 -5.912819311594595,-0.06389039436463183,0.009349070554533202,0.0015726601030808262,5.539977201272129e-07,0.9971800025631142,0.0750304553372902
2026-10-03T09:48:48.565 -5.917454067342816,-0.06317358765388345,0.00935662198979164,0.0015724776030766072,2.9619052441788747e-07,0.997070875611702,0.07646696228446721
2026-10-03T09:48:48.614 -5.921830676055829,-0.06247507631904538,0.009363392740586356,0.0015698482373813602,9.3084596964059e-07,0.9969594856322925,0.07790583792913013
2026-10-03T09:48:48.693 -5.926089594966012,-0.061792597151887264,0.009370215832918907,0.001570308131165386,9.41642190229406e-07,0.9968484506449498,0.07931393684750322
2026-10-03T09:48:48.743 -5.93029460224187,-0.06109760033062828,0.00937661095570632,0.0015700140240714558,6.526614520308713e-07,0.9967361644975363,0.08071278361126469
2026-10-03T09:48:48.823 -5.934479864765952,-0.06040319930715305,0.009383436796593814,0.0015694392452684875,1.1016714909345555e-06,0.9966256068240894,0.08206665998904467
2026-10-03T09:48:48.869 -5.9386480366465655,-0.05969187034946528,0.00938975877446933,0.001569560850537886,7.519822433087728e-07,0.9965180284698578,0.0833627939354171
2026-10-03T09:48:48.955 -5.942801261959071,-0.05897988555243052,0.009396519056661537,0.0015700537348882781,2.3746061321324985e-07,0.9964104496963173,0.08463894297069322
2026-10-03T09:48:49.015 -5.946951045897769,-0.05825192666732837,0.009402901365244036,0.0015691098531201095,6.293254565577202e-07,0.9963021567347,0.08590430943589586
2026-10-03T09:48:49.093 -5.951093617213917,-0.05752009338945421,0.009409600095137,0.001569836536672523,3.01794146405343e-07,0.9961918359231385,0.08717431762419378
2026-10-03T09:48:49.142 -5.955235966018847,-0.05677198804083652,0.009415791830116382,0.001567801571168112,5.863193792060484e-07,0.996079967567864,0.08844342942182316
2026-10-03T09:48:49.223 -5.959372427472511,-0.05601905464171816,0.009422898128820977,0.0015690382154846662,3.11092151945213e-07,0.9959645204822841,0.0897341187033998
2026-10-03T09:48:49.269 -5.963511364509795,-0.055249968415217475,0.009428875849060592,0.001567363185458513,6.305616307321585e-07,0.9958493735852979,0.0910031235838488
2026-10-03T09:48:49.357 -5.96764498030162,-0.05447575612210493,0.009435858435124046,0.0015685827311838047,5.035647963347057e-07,0.9957305886516107,0.09229373961151832
2026-10-03T09:48:49.402 -5.97177992372439,-0.05368533138245395,0.00944206825599017,0.0015668743396807987,6.333231496012179e-07,0.9956119251210902,0.09356516157779714
2026-10-03T09:48:49.502 -5.97590921854777,-0.052889780572118426,0.009448984401501844,0.001568158142085892,6.489313393565422e-07,0.9954898618753681,0.09485502508028297
2026-10-03T09:48:49.544 -5.9798393157883645,-0.0521151484843018,0.009454855440162238,0.0015664266957497808,8.880635868766325e-07,0.9953641652560543,0.09616509153916883
2026-10-03T09:48:49.625 -5.983516807686559,-0.05138694523438032,0.009460699620526052,0.0015656613445889217,1.17905495782219e-06,0.9952355473202816,0.09748719943286717
2026-10-03T09:48:49.668 -5.987059041957321,-0.05067024397801325,0.00946621073665404,0.001565046189996384,1.0711614846870242e-06,0.9951138428557823,0.09872178273346505
2026-10-03T09:48:49.749 -5.990544740803652,-0.04996248270653731,0.009471870884691388,0.001566511834273302,8.151227233626178e-07,0.9949986331503078,0.09987625377950429
2026-10-03T09:48:49.795 -5.994003022574122,-0.049248045369759644,0.009476891634954975,0.0015654235956342232,7.728750249667184e-07,0.9948840809906964,0.10101096395771463
2026-10-03T09:48:49.878 -5.997449575247373,-0.04852717058347043,0.009483145538173669,0.001566391052426601,-5.613696009693129e-07,0.9947683947066258,0.102143953866877
2026-10-03T09:48:49.923 -6.000886861013253,-0.04780432872739544,0.009488386410002802,0.001566207340699413,1.672300761945632e-06,0.9946515172323069,0.10327587452662589
2026-10-03T09:48:50.003 -6.004327843204624,-0.04707028124472305,0.009493126484109814,0.0015655163034858084,2.1857836708736e-07,0.9945321964366577,0.10441867366296759
2026-10-03T09:48:50.039 -6.007762192545521,-0.04632347828435226,0.009499122668908722,0.0015647256185868368,-9.929855023679248e-08,0.9944131140454741,0.10554672068857424
2026-10-03T09:48:50.124 -6.011393357735655,-0.04553525257389861,0.009504774381295973,0.0015655544644159656,7.481375375528608e-07,0.9942949839165116,0.10665380441936068
2026-10-03T09:48:50.168 -6.0150308862083115,-0.04473206617775123,0.009510242436637171,0.0015661872720212533,-1.7315647302524758e-07,0.9941843636215313,0.10768007330908515
2026-10-03T09:48:50.278 -6.018524304672731,-0.043958680289563186,0.009515914778183629,0.001566054712015533,7.431564453166616e-07,0.9940853065084855,0.10859074940351712
2026-10-03T09:48:50.328 -6.021952888659001,-0.04319149246820817,0.00952118658696322,0.0015674774092404385,2.620365166151503e-07,0.9940022212540961,0.10934864954093444
2026-10-03T09:48:50.396 -6.025346260887619,-0.04243026466798221,0.009526581537404825,0.001569559985598916,1.1807813150923834e-07,0.9939275988258205,0.11002483707680126
2026-10-03T09:48:50.455 -6.028737994227813,-0.04166516254523127,0.00953185468643756,0.0015675016039906197,5.790847082500258e-07,0.9938795022195713,0.1104584899686912
2026-10-03T09:48:50.519 -6.032127716197988,-0.04089994118789666,0.009536945841097492,0.0015648654414455606,7.099249154243586e-07,0.9938425515022951,0.11079049606827392
2026-10-03T09:48:50.564 -6.035516618073643,-0.040132037611163365,0.009542393326923032,0.0015640350703102397,8.631038221903617e-07,0.9938127515078666,0.11105750192543291
2026-10-03T09:48:50.642 -6.038907070100464,-0.03936347840289793,0.009547575042347838,0.001563638194381244,7.73981776595897e-07,0.9937880172782917,0.1112786221566392
2026-10-03T09:48:50.686 -6.042299846299156,-0.03859164096838485,0.009553043554354325,0.001564256879166753,3.3611814826960685e-07,0.9937729972578954,0.11141266993193569
2026-10-03T09:48:50.768 -6.045692667516111,-0.03782099562736827,0.00955830352124079,0.0015617807167781648,6.499875961667088e-07,0.9937750852615914,0.11139407863027063
2026-10-03T09:48:50.805 -6.0490895495340675,-0.0370519000582687,0.009563405995998253,0.0015600927612806825,-3.7171194077742657e-07,0.9937929073889843,0.11123499149902258
2026-10-03T09:48:50.889 -6.052489679314852,-0.03628304294856724,0.009568945740077802,0.0015597566469081868,4.5560164129112406e-07,0.993819311033963,0.11099884762903726
2026-10-03T09:48:50.933 -6.055893862813276,-0.03551651047111474,0.009574089562093841,0.0015592713516381434,-7.159827073247341e-07,0.9938511981130876,0.11071298334666838
2026-10-03T09:48:51.010 -6.059302687234867,-0.034750395284524976,0.009579732460920911,0.0015596781718627023,4.3983896204944803e-07,0.9938859453437214,0.11040061164696548
2026-10-03T09:48:51.053 -6.062715386440333,-0.033986783541853534,0.009585053660702786,0.001559584864937815,-9.416036808709434e-07,0.9939227790089742,0.11006851076143734
2026-10-03T09:48:51.132 -6.066131833040798,-0.03322370828814083,0.009590529797417242,0.0015601306651298653,2.2478382365323036e-07,0.9939603869787674,0.10972836966471379
2026-10-03T09:48:51.173 -6.06955235563543,-0.03246331529481892,0.009595654750894859,0.0015600754087929873,-9.679283246077418e-07,0.9939991278410434,0.1093768714812559
2026-10-03T09:48:51.255 -6.072976788926565,-0.0317033395831588,0.009601322330155794,0.0015609325494347996,2.343773848386517e-07,0.994037987177037,0.10902313304315744
2026-10-03T09:48:51.299 -6.07640441158413,-0.03094682098110889,0.009606637324467903,0.0015610441028928782,-1.0805489695918841e-06,0.9940774431076841,0.10866278224226751
2026-10-03T09:48:51.400 -6.079834634180284,-0.030190660039629464,0.009612150144966814,0.001562177212526078,-3.74394099905054e-08,0.9941168386216287,0.10830175793261305
2026-10-03T09:48:51.449 -6.083268224791659,-0.029437956209992386,0.009617414971238657,0.0015623757876505008,-1.371441878075841e-06,0.9941568904802134,0.10793347993431224
2026-10-03T09:48:51.525 -6.086496171107929,-0.02873150299557035,0.009622667584946294,0.001562695192674785,-1.4186894556895171e-08,0.9941981938601077,0.10755235612962813
2026-10-03T09:48:51.567 -6.0894571330353315,-0.02808906180830034,0.009627378869824907,0.0015633677850649921,3.70734586603363e-08,0.9942443842491674,0.10712450826100062
2026-10-03T09:48:51.649 -6.0922838666768095,-0.027476182835056432,0.009630879551671913,0.001562090002934695,-5.423891996577652e-06,0.9942918873954122,0.10668271886802166
2026-10-03T09:48:51.694 -6.095067942211548,-0.026874926230118782,0.009636488360834035,0.0015639176635125179,-3.655323036801422e-07,0.9943374808370202,0.10625689796007028
2026-10-03T09:48:51.776 -6.09783646363571,-0.026279570289471657,0.009640329140312272,0.0015641254435625385,-6.546522747135334e-07,0.9943816451215418,0.1058427954871972
2026-10-03T09:48:51.816 -6.100602578263024,-0.025688207829701035,0.00964430022573599,0.0015639581365853672,-3.5750794336946285e-06,0.9944180615461444,0.10550010849745454
2026-10-03T09:48:51.901 -6.103368772495391,-0.025098335486810862,0.009649746654099418,0.001565290709832253,1.5582573276513e-07,0.994461688512055,0.10508805805952465
2026-10-03T09:48:51.943 -6.106133813842759,-0.024510489687533003,0.009653939560894205,0.0015651446292962751,-8.394625247145341e-08,0.9945053166370094,0.10467437844575153
2026-10-03T09:48:52.024 -6.108901635975964,-0.023926160597490354,0.009657019276570282,0.0015637565373212026,-3.7677426384036555e-06,0.9945527006020234,0.1042232237868243
2026-10-03T09:48:52.068 -6.111670951489563,-0.023342964014068934,0.009662738862477791,0.0015653994615347606,3.6365062617611255e-07,0.9945979365191188,0.10379062672662129
2026-10-03T09:48:52.149 -6.114439338906808,-0.022761853581866345,0.009666400618532446,0.001565129326646791,-1.5317790969219251e-06,0.9946474056123733,0.10331548226872765
2026-10-03T09:48:52.192 -6.117211911928895,-0.02218747852706268,0.009671037570404141,0.0015650798577489845,-1.0939703708901149e-06,0.9946963977087229,0.10284272900469266
2026-10-03T09:48:52.275 -6.119987091892953,-0.021611553784235973,0.00967617038278218,0.0015666653886416918,1.0157392058239379e-07,0.9947467593218795,0.1023544350683864
2026-10-03T09:48:52.328 -6.122760753674472,-0.02103825162684831,0.009680183206744472,0.001566093849376811,-2.6834890190419007e-07,0.9947978974386535,0.10185622514906674
2026-10-03T09:48:52.398 -6.125537440098594,-0.020471088785931634,0.009684334924737944,0.0015665430249945534,-6.994909186172753e-07,0.9948505247573867,0.10134090651071749
2026-10-03T09:48:52.444 -6.128316032357351,-0.019904223992077523,0.00968944333162481,0.0015668566458666485,-5.256615005009973e-09,0.9949029733635569,0.10082469217708999
2026-10-03T09:48:52.526 -6.13109203382548,-0.019338789677289425,0.009693266140990031,0.0015672122674300429,-2.7471605382405643e-08,0.9949570311451075,0.10028983009568691
2026-10-03T09:48:52.566 -6.1336654541786775,-0.018822884271852275,0.009696425929698937,0.0015652460967798569,-2.1344406806089418e-06,0.9950066206750868,0.09979666734337667
2026-10-03T09:48:52.649 -6.1358155583613465,-0.018390300829864672,0.009701106898573716,0.0015676223192539445,-2.0041539298625695e-07,0.9950438693684749,0.09942454723275063
2026-10-03T09:48:52.687 -6.137459516975418,-0.018059873376897122,0.009703199473839798,0.0015681677121449585,-6.090549695575586e-09,0.9950693781239931,0.09916891433285131
2026-10-03T09:48:52.771 -6.1385692824203755,-0.01783708518677671,0.009704924289552134,0.0015692649453516636,-9.052858075034054e-09,0.9950798670143272,0.09906359407108209
2026-10-03T09:48:52.815 -6.13913235346326,-0.017723724241542758,0.009705725137766687,0.0015689530424980126,-5.212224602081916e-07,0.9950866021619089,0.0989959220571533
2026-10-03T09:48:52.898 -6.139349210218808,-0.017680394395024612,0.009706142509652217,0.0015694464185517824,-4.1794871919325344e-07,0.9950894626146257,0.09896715733565428
2026-10-03T09:48:52.937 -6.139434340253642,-0.01766388498017511,0.009706530426453436,0.0015699638531754927,-7.099858027025289e-08,0.9950905946224333,0.09895576641846987
2026-10-03T09:48:53.028 -6.139476525728913,-0.017655540861049805,0.009706448112913884,0.0015700374303620319,-3.6240415557201006e-08,0.9950918461829549,0.09894317885869862
2026-10-03T09:48:53.066 -6.13950246856786,-0.01765017676963046,0.009706563636257253,0.0015702650920508628,2.0758683476875495e-08,0.9950920248056299,0.09894137878447172
2026-10-03T09:48:53.145 -6.139522898013168,-0.017646243120276506,0.009706640640233013,0.001570292636315869,2.8948438078953827e-08,0.9950920843847424,0.09894077913511895
2026-10-03T09:48:53.192 -6.139541375550161,-0.01764230944636245,0.009706625150952134,0.001570296478937205,1.1252192567940709e-09,0.9950925015879355,0.09893658298340835
2026-10-03T09:48:53.282 -6.13955903351831,-0.017638852599288178,0.00970660836593194,0.00157026326646483,-8.263423887386665e-08,0.9950926208159803,0.09893538432154227
2026-10-03T09:48:53.323 -6.139576110130607,-0.017635336140227862,0.009706724772332833,0.0015702971262767176,-4.9517448324328733e-08,0.9950927995918767,0.09893358563872154
2026-10-03T09:48:53.407 -6.139593276503163,-0.01763181968233419,0.009706617802957094,0.0015702785291206542,-3.09249910578419e-08,0.9950930976110257,0.09893058835483404
2026-10-03T09:48:53.448 -6.139610338072204,-0.01762836282771463,0.00970682359266283,0.0015702699324445667,-6.176702463408384e-08,0.9950931572187145,0.09892998892563525
2026-10-03T09:48:53.533 -6.139627474545983,-0.017625025183369124,0.00970677618076598,0.0015702961479382483,-3.802469381895251e-09,0.9950934552024306,0.09892699117680755
2026-10-03T09:48:53.575 -6.139644595976506,-0.01762174714346438,0.009706818152173976,0.001570352763784371,-3.889113123938849e-08,0.9950936339603409,0.0989251921595245
2026-10-03T09:48:53.656 -6.139661747235126,-0.017618290290003266,0.009706845269530784,0.0015703149445416712,-1.928413238552353e-08,0.9950938723937964,0.09892279431604098
2026-10-03T09:48:53.699 -6.1396788239196045,-0.017614654621661608,0.009706916972484473,0.0015703567744451308,1.360785329734712e-07,0.9950940511633795,0.0989209953388871
2026-10-03T09:48:53.778 -6.139696049683187,-0.017611257373783305,0.009706944207652604,0.0015703131039096444,-3.1280863679788165e-08,0.9950942300005875,0.09891919700590415
2026-10-03T09:48:53.820 -6.13971339474865,-0.017607979336706332,0.00970691202675248,0.0015702991729415132,-7.972257345792358e-08,0.9950945280160505,0.09891619924468832
2026-10-03T09:48:53.901 -6.1397303076133,-0.01760446287560147,0.009706923865991934,0.0015702939421306456,1.0248910714167139e-07,0.995094706822837,0.09891440051932314
2026-10-03T09:48:53.939 -6.139747265156317,-0.017601065624346244,0.009706950677074399,0.0015703148917040012,2.0141696133976847e-08,0.9950948856089478,0.0989126015533695
2026-10-03T09:48:54.027 -6.139764312224741,-0.017597608769585556,0.009706903123796162,0.001570311375100385,-1.509331909328911e-08,0.9950951240152861,0.09891020312984564
2026-10-03T09:48:54.066 -6.1397812695314045,-0.017594271122947754,0.00970707894631406,0.0015703412914021561,-5.9137526269051166e-08,0.9950953027943041,0.0989084040157218
2026-10-03T09:48:54.146 -6.139798242025686,-0.017590635453306518,0.009707075978632705,0.0015703485622660157,-5.6742608822950796e-08,0.9950954815912215,0.09890660504801935
2026-10-03T09:48:54.196 -6.139815363408338,-0.017587417018041077,0.009707147752335585,0.001570319557383237,-1.1302811804505738e-10,0.9950956604168135,0.09890480633474563
2026-10-03T09:48:54.269 -6.139832574365019,-0.017584019769986095,0.009707115359373129,0.001570354308359869,-4.871761141237093e-08,0.9950959583937857,0.09890180774736589
2026-10-03T09:48:54.311 -6.139848801679118,-0.017580801323464238,0.009707185719457126,0.00157033299063683,1.5602932266356765e-08,0.9950960776124108,0.09890060856583861
2026-10-03T09:48:54.395 -6.139865550603887,-0.01757758288351682,0.009707212200724432,0.0015703496444471538,3.648713739118574e-08,0.9950963756036839,0.09889760999339135
2026-10-03T09:48:54.439 -6.1398823888457725,-0.01757400681681549,0.009707298427865404,0.001570351021138783,-7.508245021541276e-08,0.9950964948043817,0.09889641058045624
2026-10-03T09:48:54.516 -6.139899346555213,-0.017570490356289853,0.009707220930930394,0.0015703303347365915,-5.688926821256482e-08,0.9950967332242874,0.09889401189651549
2026-10-03T09:48:54.560 -6.1399162742017035,-0.017567093104648476,0.009707307299462503,0.0015703314621148183,-1.2287041676131738e-07,0.9950969120260659,0.09889221271299403
2026-10-03T09:48:54.635 -6.1399333808724466,-0.017563815064572528,0.009707259840454775,0.0015703605453513756,4.629347929297895e-09,0.9950970908057256,0.0988904132751968
2026-10-03T09:48:54.676 -6.139950323493011,-0.017560238999192644,0.009707301529090245,0.0015703492710664403,-1.0834384846038152e-07,0.9950973888190885,0.09888741461170493
2026-10-03T09:48:54.763 -6.139967310859622,-0.017557020562249673,0.00970731348618002,0.0015703370656366972,1.4282301949927127e-08,0.9950975676313909,0.09888561541290883
2026-10-03T09:48:54.811 -6.139984178996533,-0.01755356370522403,0.009707340155890847,0.0015702978144852512,-5.807535348622274e-08,0.9950977464650924,0.09888381639512676
2026-10-03T09:48:54.892 -6.1400011067137035,-0.017550166453590855,0.00970738182099525,0.0015703629925773227,1.0935325487922277e-08,0.9950979252162195,0.09888201651689173
2026-10-03T09:48:54.936 -6.140018093872024,-0.017546649993399423,0.009707527888319394,0.0015703650816460168,-1.2599924720779297e-07,0.9950981040172426,0.0988802171052619
2026-10-03T09:48:55.015 -6.140035245128393,-0.017543371953872625,0.009707555005705448,0.0015704181810116695,-3.548614605840847e-08,0.9950982827779167,0.09887841725663352
2026-10-03T09:48:55.055 -6.140052709738095,-0.01753967668582139,0.009707314397223643,0.001570213644105775,1.8423074401446468e-07,0.9950989981502536,0.09887122083518438
2026-10-03T09:48:55.147 -6.14007060583955,-0.01753639865565033,0.009707476802908548,0.0015702660569587939,4.7371607919276294e-08,0.995099057709715,0.09887062055912192
2026-10-03T09:48:55.186 -6.1400883532433665,-0.01753252457719104,0.009707445258039429,0.0015702150234651376,1.6268979940686428e-07,0.9950991769518264,0.09886942123099215
2026-10-03T09:48:55.265 -6.140106055960563,-0.017529186939974597,0.00970739874143454,0.0015702222771082697,1.7373832875012922e-07,0.9950995941523003,0.09886522199387289
2026-10-03T09:48:55.305 -6.140123713765291,-0.017525610883591645,0.009707486264392823,0.0015702797026263921,1.9539056599862401e-07,0.9950996537077844,0.09886462164123672
2026-10-03T09:48:55.388 -6.140141341909095,-0.017522034826849886,0.009707484333375068,0.001570219092621055,1.5698835698362868e-07,0.9950999517601409,0.09886162257894626
2026-10-03T09:48:55.431 -6.140159029469736,-0.017518399166191908,0.009707601705729365,0.001570265243171052,1.2714180004282684e-07,0.9951001305263172,0.09885982244348156
2026-10-03T09:48:55.513 -6.140176806668334,-0.01751512113455554,0.009707570208078367,0.0015702163926512595,1.3654784289931462e-07,0.9951003093675979,0.09885802302783837
2026-10-03T09:48:55.563 -6.140194524197685,-0.017511366265002368,0.009707583319535822,0.0015702527698885566,1.630500294625762e-07,0.9951005477423823,0.09885562295096302
2026-10-03T09:48:55.644 -6.140212137250363,-0.01750790941734067,0.009707700574117796,0.0015702858090610706,1.8567420599460568e-07,0.9951007265189193,0.09885382280904798
2026-10-03T09:48:55.689 -6.140229914382032,-0.017504333362472244,0.009707713779845755,0.0015702583320686754,2.1804476246374705e-07,0.9951010245450723,0.0988508231532277
2026-10-03T09:48:55.773 -6.140247527577572,-0.01750075730553741,0.009707741627552823,0.0015702530657542943,2.0554413163142924e-07,0.9951012033518962,0.09884902322671475
2026-10-03T09:48:55.819 -6.140265170643079,-0.01749741966756507,0.00970772481899181,0.0015702520387617118,1.686392018059926e-07,0.9951013821553701,0.09884722323352477
2026-10-03T09:48:55.902 -6.140282754181448,-0.017493545587047573,0.009707663212674092,0.0015702492339769339,2.0010081576245344e-07,0.9951016801620163,0.0988442231798892
2026-10-03T09:48:55.949 -6.140300367207565,-0.01749032715796222,0.00970779536843763,0.0015702942289478666,2.915891653125596e-07,0.9951018589290935,0.0988424227334201
2026-10-03T09:48:56.031 -6.140318040032736,-0.017486631892491004,0.00970780840922389,0.0015702383391698158,1.853985325462581e-07,0.9951020377759475,0.09884062305388687
2026-10-03T09:48:56.084 -6.140335578790994,-0.017483234648560646,0.009707791435730924,0.0015702247030651832,1.4720537128400654e-07,0.9951022165893896,0.098838823006164
2026-10-03T09:48:56.156 -6.140353236459612,-0.017479241359647894,0.009707968365476372,0.001570247858569813,-2.7604284277796752e-08,0.9951023953737558,0.09883702263360336
2026-10-03T09:48:56.204 -6.140370954122069,-0.01747614214120361,0.009707892070185659,0.0015702610678578809,1.2907335751781356e-07,0.995102693367728,0.09883402214043226
2026-10-03T09:48:56.288 -6.140388477959377,-0.01747244687385906,0.009707889974226202,0.0015702443308703376,2.0248220544894613e-07,0.9951028721836113,0.09883222199580376
2026-10-03T09:48:56.337 -6.140406061235581,-0.01746881121189057,0.00970799228051573,0.0015702513774822286,1.295814191569141e-07,0.9951030509807035,0.09883042162962782
2026-10-03T09:48:56.414 -6.140423734052499,-0.01746577159751183,0.00970800532140923,0.0015702554854320006,1.887799093085172e-07,0.9951032893809931,0.09882802113167347
2026-10-03T09:48:56.457 -6.14044122801759,-0.01746201672513909,0.009708047881747098,0.001570251748283909,2.330033948983667e-07,0.995103527787486,0.09882562063702488
2026-10-03T09:48:56.533 -6.140458751949138,-0.017458321457805476,0.00970798618121737,0.0015702336798241242,1.4063875955463441e-07,0.995103825806206,0.09882262004229231
2026-10-03T09:48:56.575 -6.1404762011363685,-0.017454864608085565,0.009708073374350744,0.001570249422528955,2.3737137832330015e-07,0.9951038853946366,0.09882201975871951
2026-10-03T09:48:56.662 -6.140493665363102,-0.017451646177148755,0.009708071184228022,0.0015702401884442139,2.1437711687051226e-07,0.9951041834063655,0.09881901898346995
2026-10-03T09:48:56.712 -6.140511159233202,-0.01744795090940985,0.009708173349145912,0.0015702674297884906,2.5753698479971736e-08,0.9951043621875002,0.09881721821427085
2026-10-03T09:48:56.791 -6.140528578760259,-0.017444434454686363,0.0097081710882935,0.0015702608633953498,1.5722507328943559e-07,0.9951045409953356,0.09881541767992909
2026-10-03T09:48:56.838 -6.140546028182341,-0.017441037209638563,0.009708109270010944,0.0015702746409961936,1.847138833859254e-07,0.9951048389888656,0.09881241651969558
2026-10-03T09:48:56.919 -6.140563492322338,-0.01743722273224311,0.009708166684361001,0.0015702431533568663,2.663950882602843e-07,0.9951050178164076,0.09881061609450606
2026-10-03T09:48:56.963 -6.1405811948473,-0.017434183118228648,0.009708239376945404,0.001570205604518698,1.5689625484853172e-07,0.9951051966487577,0.0988088156844935
2026-10-03T09:48:57.053 -6.140598674055611,-0.017430189827105622,0.009708192506828552,0.0015701908517197344,1.2690204143940583e-07,0.9951054350639631,0.0988064148060948
2026-10-03T09:48:57.096 -6.140616197721243,-0.017427031001544867,0.009708294718954815,0.0015702122840469846,1.3331512011938367e-07,0.995105613849672,0.09880461385093708
2026-10-03T09:48:57.181 -6.140633676783691,-0.017423395338274066,0.009708337255751869,0.0015702317902825194,2.138143386279442e-07,0.9951058522377818,0.09880221259767967
2026-10-03T09:48:57.224 -6.140651066555583,-0.017419878883180834,0.00970830514549369,0.0015702238035756274,1.3460517771032025e-07,0.9951060310467567,0.09880041179853578
2026-10-03T09:48:57.325 -6.140668560355003,-0.017416183615433727,0.009708452013839283,0.001570255688289592,1.7538138731361766e-07,0.9951062098241983,0.09879861064995611
2026-10-03T09:48:57.367 -6.140686471783936,-0.017412726771565176,0.009708346222489032,0.0015700916161700631,1.2690734675995563e-07,0.9951059119494959,0.09880161342540245
2026-10-03T09:48:57.450 -6.140703936037231,-0.017409269922052013,0.009708329131184745,0.0015701040694340587,9.488381038925163e-08,0.9951063887467289,0.09879681092346353
2026-10-03T09:48:57.493 -6.140721519429737,-0.017405753469386734,0.00970835693178093,0.0015700533735275456,9.308117187613543e-08,0.9951066867912307,0.09879380970372248
2026-10-03T09:48:57.582 -6.140739207177361,-0.01740223701804017,0.009708355095014182,0.0015700880956076295,6.777502922707866e-08,0.9951067463646658,0.09879320909301643
2026-10-03T09:48:57.628 -6.140756552083905,-0.017398482143785896,0.00970842722203404,0.0015700688066955296,2.2263857351169252e-07,0.995107103985207,0.09878960715615427
2026-10-03T09:48:57.705 -6.140774254611868,-0.01739520411119235,0.009708499914579446,0.0015701001407518974,9.193641529758114e-08,0.9951072231622136,0.09878840618173836
2026-10-03T09:48:57.743 -6.140791942313123,-0.01739162805519555,0.009708527880088086,0.001570087440855186,2.647678932308856e-07,0.9951073423740071,0.09878720554149935
2026-10-03T09:48:57.825 -6.140809421399881,-0.01738793278728271,0.00970855551573282,0.0015700568751185358,2.0099090037040622e-07,0.9951077000034815,0.09878360347319572
2026-10-03T09:48:57.870 -6.140827183605347,-0.01738447594151348,0.009708583599062534,0.0015701232104584966,8.051105293523867e-08,0.9951078191528148,0.09878240214748076
2026-10-03T09:48:57.952 -6.1408448564032065,-0.017381078699263388,0.009708611541040106,0.0015700945240855167,1.386144083659965e-07,0.9951080575790242,0.0987800007312608
2026-10-03T09:48:58.017 -6.140862395044413,-0.017377621850674586,0.009708669073250234,0.0015701150768849632,5.5269220180914175e-08,0.9951082959663169,0.09877759886561005
2026-10-03T09:48:58.080 -6.1408799784163595,-0.01737386697942749,0.00970871177494999,0.0015700821478084133,1.3000826728269e-07,0.9951084151941114,0.09877639825330928
2026-10-03T09:48:58.124 -6.140897606675713,-0.017370469736633712,0.009708635338248643,0.0015700960373923795,1.285316299362906e-07,0.995108713187548,0.09877339589504598
2026-10-03T09:48:58.206 -6.140915279356523,-0.017367012889725173,0.009708737785929306,0.0015701097430284097,1.0348688060927764e-07,0.9951088323784812,0.09877219486130756
2026-10-03T09:48:58.245 -6.140932698742217,-0.01736349643498528,0.009708824931932303,0.00157013648385209,6.527811773632172e-08,0.9951090707608766,0.09876979275488397
2026-10-03T09:48:58.328 -6.140950311983379,-0.017360039587345454,0.009708822977373731,0.0015701033928840996,1.443002605311588e-07,0.9951092495896814,0.0987679915578737
2026-10-03T09:48:58.376 -6.140967925273162,-0.017356463530421553,0.009708791220510526,0.001570126649755667,1.8223845457598214e-07,0.9951095475757069,0.09876498886722232
2026-10-03T09:48:58.451 -6.140985434159953,-0.017352947076818236,0.009708818903305137,0.0015700753187913852,1.61652113113136e-07,0.9951097264189405,0.0987631877264442
2026-10-03T09:48:58.499 -6.141002928096982,-0.017349549832311392,0.00970887636484407,0.0015701344637865475,8.323827839298161e-08,0.9951099647757191,0.09876078514180651
2026-10-03T09:48:58.579 -6.141020451980658,-0.017345914169617078,0.009708844466609225,0.0015700439749871107,6.822828778942931e-08,0.9951101436499099,0.09875898423418408
2026-10-03T09:48:58.618 -6.141037826592246,-0.017342397714306162,0.009708976245358983,0.0015700741958637313,1.3934098512375676e-07,0.9951103224286594,0.09875718233591693
2026-10-03T09:48:58.708 -6.141055275969459,-0.017338821655318585,0.009708944229332314,0.0015701016952050823,1.6916599308149097e-07,0.9951105608104469,0.09875477985472941
2026-10-03T09:48:58.750 -6.141072829678232,-0.017335245597646994,0.009708897477085282,0.0015700622386615253,1.4878995305121843e-07,0.9951107992451739,0.0987523778456801
2026-10-03T09:48:58.833 -6.1410904280395595,-0.017331967563756604,0.009708880597853074,0.001570081241575844,-1.7637437965173011e-09,0.9951109780328109,0.09875057591466199
2026-10-03T09:48:58.877 -6.141107877200228,-0.017328749132613043,0.009708982692168014,0.0015701012491049413,8.655008099954759e-08,0.9951112760213978,0.09874757271510895
2026-10-03T09:48:58.978 -6.1411252965212455,-0.017324755840706783,0.00970911454152072,0.0015701007785435218,2.1631239813457524e-08,0.9951113356226579,0.09874697209957828
2026-10-03T09:48:59.027 -6.14114282037686,-0.01732147780587836,0.009709097544486942,0.0015700811701829245,2.0962739755811833e-08,0.995111633642572,0.09874396910358603
2026-10-03T09:48:59.102 -6.141160150451443,-0.017317842140734223,0.009709124944538277,0.0015700923347802605,4.615191801898846e-10,0.9951117528355117,0.0987427677285567
2026-10-03T09:48:59.147 -6.141177614749607,-0.01731456410516084,0.009709078050978101,0.0015701048589209193,5.719889710056572e-08,0.9951119912291341,0.09874036501206909
2026-10-03T09:48:59.227 -6.141194989525364,-0.017311107254513833,0.009709105521739632,0.001570084476291343,1.4244325041889668e-07,0.9951122892496518,0.0987373618192958
2026-10-03T09:48:59.277 -6.141212349257869,-0.017307710008307588,0.009709222375806003,0.0015701477238915483,8.831325442313086e-08,0.9951124084014168,0.09873615994988542
2026-10-03T09:48:59.363 -6.141229530370397,-0.017303895527358535,0.009709219737939808,0.0015700979989563425,1.1355134998796543e-07,0.9951126468442552,0.0987337575648856
2026-10-03T09:48:59.433 -6.141247068959981,-0.017300796306632893,0.009709307072493567,0.0015701513284782761,8.202864154221105e-08,0.995112825604741,0.09873195501836002
2026-10-03T09:48:59.498 -6.14126447361396,-0.017296922223855905,0.009709289886879776,0.0015701139909837145,1.5554821327220184e-07,0.9951131236386628,0.09872895170179269
2026-10-03T09:48:59.543 -6.141282012415585,-0.01729382300315487,0.009709243111150423,0.0015701354928194652,1.1689829981961285e-07,0.9951133620251933,0.09872654857452078
2026-10-03T09:48:59.624 -6.141299565795263,-0.01729018734080023,0.009709404974889594,0.001570162202139057,1.1927928647100895e-07,0.9951134216049583,0.09872594761417845
2026-10-03T09:48:59.667 -6.141316970635473,-0.01728649207197943,0.009709268580164507,0.001570110287173114,1.6297631827619926e-07,0.9951137792512879,0.09872234345819993
2026-10-03T09:48:59.750 -6.141334508990954,-0.017283273641936905,0.009709504926124449,0.0015702332414623966,-8.897832653534581e-08,0.9951138387549832,0.09872174170810194
2026-10-03T09:48:59.797 -6.141351883981007,-0.01727963797738019,0.009709398286573617,0.0015701077764714673,1.3069414367538922e-07,0.9951141368585641,0.09871873877733914
2026-10-03T09:48:59.878 -6.141369333312601,-0.017275942709097606,0.009709396072812584,0.0015701082268060394,5.733680077297338e-08,0.9951143156608583,0.09871693637352594
2026-10-03T09:48:59.936 -6.141386857122595,-0.017272545464974174,0.009709408878044442,0.001570086982624512,5.075335392990272e-08,0.9951145540811794,0.09871453329008903
2026-10-03T09:49:00.003 -6.141404038090009,-0.01726902900723257,0.009709495647082404,0.0015701150617025265,3.510510178328551e-08,0.9951147328616247,0.09871273058946964
2026-10-03T09:49:00.052 -6.14142144261493,-0.017266048994113478,0.009709552967327693,0.001570156729609747,8.678515453887718e-08,0.9951149116313207,0.09871092774777246
2026-10-03T09:49:00.132 -6.141438713227804,-0.017262294118945774,0.009709490866262863,0.0015701210025739665,3.435470121226264e-08,0.9951152096639759,0.09870792377239772
2026-10-03T09:49:00.176 -6.14145607296181,-0.017258777663449985,0.009709607720309736,0.0015701387631680448,-4.857920111714389e-08,0.9951153288517034,0.09870672190194812
2026-10-03T09:49:00.258 -6.141473239191503,-0.017255380414829453,0.009709590157808904,0.0015701425779096549,1.0199691382505869e-07,0.9951155672521975,0.09870431836860938
2026-10-03T09:49:00.306 -6.141490569243276,-0.017251685145037807,0.00970963245899306,0.0015701334733553567,1.1947849061499653e-08,0.9951156864611651,0.09870311666710482
2026-10-03T09:49:00.387 -6.141508003714844,-0.01724846671373125,0.009709600419464571,0.001570106569673176,9.966305794542998e-09,0.9951159844868387,0.09870011238164729
2026-10-03T09:49:00.433 -6.141525184683009,-0.017244890651344873,0.009709687188492782,0.001570112826204353,-1.4319426335886517e-08,0.9951161632845361,0.09869830958824698
2026-10-03T09:49:00.512 -6.14154263396298,-0.017241553010925448,0.009709714777075384,0.0015701179293322225,7.369987028175946e-08,0.9951164016840158,0.09869590583777506
2026-10-03T09:49:00.557 -6.141559785102298,-0.017238215366740205,0.009709816400164531,0.0015701115526529097,9.412842825912416e-08,0.9951165804916967,0.09869410306708293
2026-10-03T09:49:00.636 -6.141577085467336,-0.017234698910521328,0.009709784148544464,0.0015700811469604927,8.205248417077064e-09,0.9951167593183841,0.0986923004538314
2026-10-03T09:49:00.680 -6.141594594360882,-0.01723064601511508,0.009709811831251334,0.0015701207792884772,-1.5566118077544556e-08,0.9951169380896934,0.09869049725141477
2026-10-03T09:49:00.763 -6.1416117753473545,-0.017227487185244833,0.009709883699205222,0.0015701001854772278,1.1315498697815248e-07,0.9951171765094846,0.09868809351277462
2026-10-03T09:49:00.807 -6.141628941669788,-0.01722420914592478,0.009709806532153616,0.00157008244663933,6.03632549226841e-08,0.9951174149270341,0.0986856896922981
2026-10-03T09:49:00.893 -6.141646033230348,-0.017220692687057535,0.009709893159829687,0.0015700919709994918,-8.871081061807107e-08,0.995117593722157,0.09868388660677535
2026-10-03T09:49:00.934 -6.141663095124731,-0.017217593460344877,0.009709890333597966,0.0015701215805040394,9.077607789881835e-08,0.9951177725013719,0.09868208332885091
2026-10-03T09:49:01.021 -6.14168027623801,-0.017213719374751052,0.009709887695722022,0.001570104595690873,1.0252108312571849e-07,0.9951179513174387,0.09868028038737925
2026-10-03T09:49:01.065 -6.141697695785626,-0.017210441338609384,0.009709870533766039,0.0015700971501397848,-8.869663287087982e-09,0.9951183089286135,0.09867667419403463
2026-10-03T09:49:01.148 -6.1417148767309815,-0.017206805671575502,0.009709972203927069,0.0015701136433604193,-9.177997550080738e-08,0.9951183685164608,0.09867607300797916
2026-10-03T09:49:01.193 -6.141731938533375,-0.017203527630917596,0.009710028982236373,0.0015701252979462897,-8.21053209848281e-08,0.9951186665116439,0.09867306758497872
2026-10-03T09:49:01.275 -6.141749372890143,-0.017200070781018283,0.009710071448381728,0.0015701119141498633,-1.4880892125320964e-07,0.9951189645266284,0.0986700622681763
2026-10-03T09:49:01.319 -6.141766598747216,-0.017196733137795683,0.009710039078989336,0.001570131620987838,2.8945340497967948e-08,0.9951190837127917,0.09866885991692669
