recv_wall_ns,sim_stamp_s,frame_id,source,x,y,yaw,lin_speed,ang_speed
1790754424618920765,8.217,odom,"ideal odometry /chassis/odom (IsaacComputeOdometry, relative to Play start)",0.0090,-0.0000,0.0000,0.0005,0.0000
1790754424674933131,8.233,odom,"ideal odometry /chassis/odom (IsaacComputeOdometry, relative to Play start)",0.0090,-0.0000,-0.0000,0.0007,0.0004
1790754424744159854,8.250,odom,"ideal odometry /chassis/odom (IsaacComputeOdometry, relative to Play start)",0.0091,-0.0000,-0.0000,0.0007,0.0004
1790754424799895153,8.267,odom,"ideal odometry /chassis/odom (IsaacComputeOdometry, relative to Play start)",0.0091,-0.0000,0.0000,0.0007,0.0003
1790754424883179712,8.283,odom,"ideal odometry /chassis/odom (IsaacComputeOdometry, relative to Play start)",0.0091,-0.0000,-0.0000,0.0007,0.0005
1790754424938720210,8.300,odom,"ideal odometry /chassis/odom (IsaacComputeOdometry, relative to Play start)",0.0091,-0.0000,-0.0000,0.0006,0.0000
1790754425001431018,8.317,odom,"ideal odometry /chassis/odom (IsaacComputeOdometry, relative to Play start)",0.0091,-0.0000,-0.0000,0.0007,0.0016
1790754425059952172,8.333,odom,"ideal odometry /chassis/odom (IsaacComputeOdometry, relative to Play start)",0.0092,-0.0000,-0.0000,0.0008,0.0027
1790754425123746045,8.350,odom,"ideal odometry /chassis/odom (IsaacComputeOdometry, relative to Play start)",0.0092,-0.0000,-0.0000,0.0008,0.0010
1790754425185772570,8.367,odom,"ideal odometry /chassis/odom (IsaacComputeOdometry, relative to Play start)",0.0092,-0.0000,0.0000,0.0007,0.0003
1790754425250651664,8.383,odom,"ideal odometry /chassis/odom (IsaacComputeOdometry, relative to Play start)",0.0092,-0.0000,-0.0000,0.0007,0.0006
1790754425306039808,8.400,odom,"ideal odometry /chassis/odom (IsaacComputeOdometry, relative to Play start)",0.0092,-0.0000,-0.0000,0.0009,0.0027
1790754425363608888,8.417,odom,"ideal odometry /chassis/odom (IsaacComputeOdometry, relative to Play start)",0.0092,-0.0000,-0.0000,0.0008,0.0013
1790754425414228413,8.433,odom,"ideal odometry /chassis/odom (IsaacComputeOdometry, relative to Play start)",0.0093,-0.0000,0.0000,0.0007,0.0001
1790754425468438293,8.450,odom,"ideal odometry /chassis/odom (IsaacComputeOdometry, relative to Play start)",0.0093,-0.0000,-0.0000,0.0007,0.0002
1790754425517455473,8.467,odom,"ideal odometry /chassis/odom (IsaacComputeOdometry, relative to Play start)",0.0093,-0.0000,-0.0000,0.0007,0.0004
1790754425578295769,8.483,odom,"ideal odometry /chassis/odom (IsaacComputeOdometry, relative to Play start)",0.0093,-0.0000,-0.0000,0.0006,0.0001
1790754425630605155,8.500,odom,"ideal odometry /chassis/odom (IsaacComputeOdometry, relative to Play start)",0.0093,-0.0000,-0.0000,0.0006,0.0001
1790754425690912866,8.517,odom,"ideal odometry /chassis/odom (IsaacComputeOdometry, relative to Play start)",0.0094,-0.0000,-0.0000,0.0007,0.0011
1790754425773802203,8.533,odom,"ideal odometry /chassis/odom (IsaacComputeOdometry, relative to Play start)",0.0094,-0.0000,-0.0000,0.0008,0.0022
1790754425841279755,8.550,odom,"ideal odometry /chassis/odom (IsaacComputeOdometry, relative to Play start)",0.0094,-0.0000,-0.0000,0.0008,0.0008
1790754425891200287,8.567,odom,"ideal odometry /chassis/odom (IsaacComputeOdometry, relative to Play start)",0.0094,-0.0000,0.0000,0.0007,0.0002
1790754425944460153,8.583,odom,"ideal odometry /chassis/odom (IsaacComputeOdometry, relative to Play start)",0.0094,-0.0000,-0.0000,0.0007,0.0006
1790754425998512713,8.600,odom,"ideal odometry /chassis/odom (IsaacComputeOdometry, relative to Play start)",0.0095,-0.0000,-0.0000,0.0007,0.0001
1790754426052475228,8.617,odom,"ideal odometry /chassis/odom (IsaacComputeOdometry, relative to Play start)",0.0095,-0.0000,-0.0000,0.0007,0.0002
1790754426106512515,8.633,odom,"ideal odometry /chassis/odom (IsaacComputeOdometry, relative to Play start)",0.0095,-0.0000,-0.0000,0.0007,0.0003
1790754426165429922,8.650,odom,"ideal odometry /chassis/odom (IsaacComputeOdometry, relative to Play start)",0.0095,-0.0000,-0.0000,0.0007,0.0000
1790754426218771682,8.667,odom,"ideal odometry /chassis/odom (IsaacComputeOdometry, relative to Play start)",0.0095,0.0000,-0.0000,0.0007,0.0011
1790754426274592808,8.683,odom,"ideal odometry /chassis/odom (IsaacComputeOdometry, relative to Play start)",0.0095,-0.0000,-0.0000,0.0009,0.0027
1790754426335991456,8.700,odom,"ideal odometry /chassis/odom (IsaacComputeOdometry, relative to Play start)",0.0096,-0.0000,-0.0000,0.0007,0.0011
1790754426391425607,8.717,odom,"ideal odometry /chassis/odom (IsaacComputeOdometry, relative to Play start)",0.0096,-0.0000,0.0000,0.0007,0.0001
1790754426452640346,8.733,odom,"ideal odometry /chassis/odom (IsaacComputeOdometry, relative to Play start)",0.0096,-0.0000,-0.0000,0.0007,0.0006
1790754426502881550,8.750,odom,"ideal odometry /chassis/odom (IsaacComputeOdometry, relative to Play start)",0.0096,-0.0000,-0.0000,0.0007,0.0005
1790754426558485143,8.767,odom,"ideal odometry /chassis/odom (IsaacComputeOdometry, relative to Play start)",0.0096,-0.0000,-0.0000,0.0007,0.0002
1790754426618093626,8.783,odom,"ideal odometry /chassis/odom (IsaacComputeOdometry, relative to Play start)",0.0097,-0.0000,-0.0000,0.0007,0.0002
1790754426666516019,8.800,odom,"ideal odometry /chassis/odom (IsaacComputeOdometry, relative to Play start)",0.0097,-0.0000,-0.0000,0.0006,0.0001
1790754426717658565,8.817,odom,"ideal odometry /chassis/odom (IsaacComputeOdometry, relative to Play start)",0.0097,-0.0000,-0.0000,0.0007,0.0002
1790754426775412514,8.833,odom,"ideal odometry /chassis/odom (IsaacComputeOdometry, relative to Play start)",0.0097,-0.0000,-0.0000,0.0007,0.0003
1790754426831901978,8.850,odom,"ideal odometry /chassis/odom (IsaacComputeOdometry, relative to Play start)",0.0097,-0.0000,-0.0000,0.0007,0.0001
1790754426883348221,8.867,odom,"ideal odometry /chassis/odom (IsaacComputeOdometry, relative to Play start)",0.0097,-0.0000,-0.0000,0.0007,0.0004
1790754426930276880,8.883,odom,"ideal odometry /chassis/odom (IsaacComputeOdometry, relative to Play start)",0.0098,-0.0000,-0.0000,0.0007,0.0008
1790754426983393789,8.900,odom,"ideal odometry /chassis/odom (IsaacComputeOdometry, relative to Play start)",0.0098,-0.0000,-0.0000,0.0008,0.0027
1790754427041827143,8.917,odom,"ideal odometry /chassis/odom (IsaacComputeOdometry, relative to Play start)",0.0098,-0.0000,0.0000,0.0007,0.0002
1790754427089454990,8.933,odom,"ideal odometry /chassis/odom (IsaacComputeOdometry, relative to Play start)",0.0098,-0.0000,-0.0000,0.0008,0.0014
1790754427129906702,8.950,odom,"ideal odometry /chassis/odom (IsaacComputeOdometry, relative to Play start)",0.0098,-0.0000,-0.0000,0.0007,0.0010
1790754427184442148,8.967,odom,"ideal odometry /chassis/odom (IsaacComputeOdometry, relative to Play start)",0.0099,-0.0000,-0.0000,0.0007,0.0013
1790754427223183157,8.983,odom,"ideal odometry /chassis/odom (IsaacComputeOdometry, relative to Play start)",0.0099,-0.0000,-0.0000,0.0007,0.0021
1790754427276293316,9.000,odom,"ideal odometry /chassis/odom (IsaacComputeOdometry, relative to Play start)",0.0099,-0.0000,-0.0000,0.0008,0.0016
1790754427317354110,9.017,odom,"ideal odometry /chassis/odom (IsaacComputeOdometry, relative to Play start)",0.0099,-0.0000,-0.0000,0.0007,0.0014
1790754427388898036,9.033,odom,"ideal odometry /chassis/odom (IsaacComputeOdometry, relative to Play start)",0.0099,0.0000,-0.0000,0.0007,0.0017
1790754427425720845,9.050,odom,"ideal odometry /chassis/odom (IsaacComputeOdometry, relative to Play start)",0.0100,-0.0000,-0.0000,0.0008,0.0014
1790754427480301298,9.067,odom,"ideal odometry /chassis/odom (IsaacComputeOdometry, relative to Play start)",0.0100,-0.0000,-0.0000,0.0008,0.0013
1790754427515044917,9.083,odom,"ideal odometry /chassis/odom (IsaacComputeOdometry, relative to Play start)",0.0100,-0.0000,0.0001,0.0015,0.0075
1790754427573609633,9.100,odom,"ideal odometry /chassis/odom (IsaacComputeOdometry, relative to Play start)",0.0100,0.0000,0.0002,0.0008,0.0019
1790754427642518074,9.117,odom,"ideal odometry /chassis/odom (IsaacComputeOdometry, relative to Play start)",0.0100,-0.0000,0.0002,0.0008,0.0018
1790754427704361393,9.133,odom,"ideal odometry /chassis/odom (IsaacComputeOdometry, relative to Play start)",0.0100,0.0000,0.0001,0.0007,0.0005
1790754427759022107,9.150,odom,"ideal odometry /chassis/odom (IsaacComputeOdometry, relative to Play start)",0.0101,0.0000,0.0001,0.0007,0.0005
1790754427804659745,9.167,odom,"ideal odometry /chassis/odom (IsaacComputeOdometry, relative to Play start)",0.0101,0.0000,0.0002,0.0008,0.0009
1790754427842471377,9.183,odom,"ideal odometry /chassis/odom (IsaacComputeOdometry, relative to Play start)",0.0101,0.0000,0.0001,0.0007,0.0005
1790754427899423373,9.200,odom,"ideal odometry /chassis/odom (IsaacComputeOdometry, relative to Play start)",0.0101,0.0000,0.0001,0.0007,0.0001
1790754427992644321,9.217,odom,"ideal odometry /chassis/odom (IsaacComputeOdometry, relative to Play start)",0.0101,-0.0000,0.0001,0.0007,0.0006
1790754428060633699,9.233,odom,"ideal odometry /chassis/odom (IsaacComputeOdometry, relative to Play start)",0.0102,-0.0000,0.0001,0.0007,0.0004
1790754428099382959,9.250,odom,"ideal odometry /chassis/odom (IsaacComputeOdometry, relative to Play start)",0.0102,0.0000,0.0001,0.0007,0.0003
1790754428152566158,9.267,odom,"ideal odometry /chassis/odom (IsaacComputeOdometry, relative to Play start)",0.0102,0.0000,0.0001,0.0007,0.0006
1790754428199544792,9.283,odom,"ideal odometry /chassis/odom (IsaacComputeOdometry, relative to Play start)",0.0102,0.0000,0.0001,0.0007,0.0004
1790754428240168839,9.300,odom,"ideal odometry /chassis/odom (IsaacComputeOdometry, relative to Play start)",0.0102,0.0000,0.0001,0.0007,0.0000
1790754428278375400,9.317,odom,"ideal odometry /chassis/odom (IsaacComputeOdometry, relative to Play start)",0.0103,0.0000,0.0002,0.0008,0.0022
1790754428336401073,9.333,odom,"ideal odometry /chassis/odom (IsaacComputeOdometry, relative to Play start)",0.0103,0.0000,0.0002,0.0008,0.0013
1790754428382727587,9.350,odom,"ideal odometry /chassis/odom (IsaacComputeOdometry, relative to Play start)",0.0103,0.0000,0.0002,0.0007,0.0005
1790754428429513444,9.367,odom,"ideal odometry /chassis/odom (IsaacComputeOdometry, relative to Play start)",0.0103,0.0000,0.0002,0.0010,0.0043
1790754428476781336,9.383,odom,"ideal odometry /chassis/odom (IsaacComputeOdometry, relative to Play start)",0.0103,0.0000,0.0003,0.0007,0.0004
1790754428527956512,9.400,odom,"ideal odometry /chassis/odom (IsaacComputeOdometry, relative to Play start)",0.0103,0.0000,0.0003,0.0007,0.0012
1790754428569507779,9.417,odom,"ideal odometry /chassis/odom (IsaacComputeOdometry, relative to Play start)",0.0104,0.0000,0.0003,0.0008,0.0007
1790754428623255900,9.433,odom,"ideal odometry /chassis/odom (IsaacComputeOdometry, relative to Play start)",0.0104,0.0000,0.0003,0.0007,0.0005
1790754428661720683,9.450,odom,"ideal odometry /chassis/odom (IsaacComputeOdometry, relative to Play start)",0.0104,0.0000,0.0003,0.0007,0.0006
1790754428714358465,9.467,odom,"ideal odometry /chassis/odom (IsaacComputeOdometry, relative to Play start)",0.0104,0.0000,0.0003,0.0007,0.0000
1790754428750789064,9.483,odom,"ideal odometry /chassis/odom (IsaacComputeOdometry, relative to Play start)",0.0104,0.0000,0.0003,0.0007,0.0005
1790754428804655420,9.500,odom,"ideal odometry /chassis/odom (IsaacComputeOdometry, relative to Play start)",0.0105,0.0000,0.0003,0.0007,0.0003
1790754428841691821,9.517,odom,"ideal odometry /chassis/odom (IsaacComputeOdometry, relative to Play start)",0.0105,0.0000,0.0003,0.0007,0.0001
1790754428905405521,9.533,odom,"ideal odometry /chassis/odom (IsaacComputeOdometry, relative to Play start)",0.0105,0.0000,0.0003,0.0008,0.0005
1790754428941481979,9.550,odom,"ideal odometry /chassis/odom (IsaacComputeOdometry, relative to Play start)",0.0105,0.0000,0.0003,0.0006,0.0002
1790754428995625684,9.567,odom,"ideal odometry /chassis/odom (IsaacComputeOdometry, relative to Play start)",0.0105,0.0000,0.0003,0.0007,0.0000
1790754429034921675,9.583,odom,"ideal odometry /chassis/odom (IsaacComputeOdometry, relative to Play start)",0.0106,0.0000,0.0003,0.0007,0.0004
1790754429086126292,9.600,odom,"ideal odometry /chassis/odom (IsaacComputeOdometry, relative to Play start)",0.0106,0.0000,0.0003,0.0007,0.0001
1790754429123781528,9.617,odom,"ideal odometry /chassis/odom (IsaacComputeOdometry, relative to Play start)",0.0106,0.0000,0.0003,0.0008,0.0005
1790754429179606026,9.633,odom,"ideal odometry /chassis/odom (IsaacComputeOdometry, relative to Play start)",0.0106,0.0000,0.0003,0.0006,0.0003
1790754429219051943,9.650,odom,"ideal odometry /chassis/odom (IsaacComputeOdometry, relative to Play start)",0.0106,0.0000,0.0003,0.0007,0.0001
1790754429276819394,9.667,odom,"ideal odometry /chassis/odom (IsaacComputeOdometry, relative to Play start)",0.0107,0.0000,0.0003,0.0007,0.0004
1790754429311146988,9.683,odom,"ideal odometry /chassis/odom (IsaacComputeOdometry, relative to Play start)",0.0107,0.0000,0.0003,0.0007,0.0001
1790754429362798009,9.700,odom,"ideal odometry /chassis/odom (IsaacComputeOdometry, relative to Play start)",0.0107,0.0000,0.0003,0.0006,0.0000
1790754429402502431,9.717,odom,"ideal odometry /chassis/odom (IsaacComputeOdometry, relative to Play start)",0.0107,0.0000,0.0003,0.0007,0.0004
1790754429458457634,9.733,odom,"ideal odometry /chassis/odom (IsaacComputeOdometry, relative to Play start)",0.0107,0.0000,0.0003,0.0007,0.0002
1790754429493815400,9.750,odom,"ideal odometry /chassis/odom (IsaacComputeOdometry, relative to Play start)",0.0107,0.0000,0.0003,0.0007,0.0001
1790754429546935872,9.767,odom,"ideal odometry /chassis/odom (IsaacComputeOdometry, relative to Play start)",0.0108,0.0000,0.0003,0.0007,0.0002
1790754429592042532,9.783,odom,"ideal odometry /chassis/odom (IsaacComputeOdometry, relative to Play start)",0.0108,0.0000,0.0003,0.0007,0.0001
1790754429638256717,9.800,odom,"ideal odometry /chassis/odom (IsaacComputeOdometry, relative to Play start)",0.0108,0.0000,0.0003,0.0007,0.0004
1790754429674419718,9.817,odom,"ideal odometry /chassis/odom (IsaacComputeOdometry, relative to Play start)",0.0108,0.0000,0.0003,0.0007,0.0002
1790754429727347882,9.833,odom,"ideal odometry /chassis/odom (IsaacComputeOdometry, relative to Play start)",0.0108,0.0000,0.0003,0.0007,0.0002
1790754429763366582,9.850,odom,"ideal odometry /chassis/odom (IsaacComputeOdometry, relative to Play start)",0.0109,0.0000,0.0003,0.0007,0.0002
1790754429816354474,9.867,odom,"ideal odometry /chassis/odom (IsaacComputeOdometry, relative to Play start)",0.0109,0.0000,0.0003,0.0007,0.0002
1790754429855275882,9.883,odom,"ideal odometry /chassis/odom (IsaacComputeOdometry, relative to Play start)",0.0109,0.0000,0.0003,0.0007,0.0001
1790754429905151599,9.900,odom,"ideal odometry /chassis/odom (IsaacComputeOdometry, relative to Play start)",0.0109,0.0000,0.0003,0.0007,0.0003
1790754429940192446,9.917,odom,"ideal odometry /chassis/odom (IsaacComputeOdometry, relative to Play start)",0.0109,0.0000,0.0003,0.0007,0.0000
1790754429996741637,9.933,odom,"ideal odometry /chassis/odom (IsaacComputeOdometry, relative to Play start)",0.0110,0.0000,0.0003,0.0007,0.0003
1790754430032792872,9.950,odom,"ideal odometry /chassis/odom (IsaacComputeOdometry, relative to Play start)",0.0110,0.0000,0.0003,0.0007,0.0002
1790754430114767535,9.967,odom,"ideal odometry /chassis/odom (IsaacComputeOdometry, relative to Play start)",0.0110,0.0000,0.0003,0.0007,0.0002
1790754430144816263,9.983,odom,"ideal odometry /chassis/odom (IsaacComputeOdometry, relative to Play start)",0.0110,0.0000,0.0003,0.0007,0.0003
1790754430213453354,10.000,odom,"ideal odometry /chassis/odom (IsaacComputeOdometry, relative to Play start)",0.0110,0.0000,0.0003,0.0007,0.0001
1790754430255726126,10.017,odom,"ideal odometry /chassis/odom (IsaacComputeOdometry, relative to Play start)",0.0111,0.0000,0.0003,0.0007,0.0004
1790754430317954436,10.033,odom,"ideal odometry /chassis/odom (IsaacComputeOdometry, relative to Play start)",0.0111,0.0000,0.0003,0.0007,0.0003
1790754430357835507,10.050,odom,"ideal odometry /chassis/odom (IsaacComputeOdometry, relative to Play start)",0.0111,0.0000,0.0003,0.0007,0.0002
1790754430414870389,10.067,odom,"ideal odometry /chassis/odom (IsaacComputeOdometry, relative to Play start)",0.0111,0.0000,0.0003,0.0007,0.0004
1790754430447183395,10.083,odom,"ideal odometry /chassis/odom (IsaacComputeOdometry, relative to Play start)",0.0111,0.0000,0.0003,0.0006,0.0001
1790754430501387953,10.100,odom,"ideal odometry /chassis/odom (IsaacComputeOdometry, relative to Play start)",0.0111,0.0000,0.0003,0.0007,0.0001
1790754430542874524,10.117,odom,"ideal odometry /chassis/odom (IsaacComputeOdometry, relative to Play start)",0.0112,0.0000,0.0003,0.0007,0.0001
1790754430593434147,10.133,odom,"ideal odometry /chassis/odom (IsaacComputeOdometry, relative to Play start)",0.0112,0.0000,0.0003,0.0007,0.0001
1790754430629498603,10.150,odom,"ideal odometry /chassis/odom (IsaacComputeOdometry, relative to Play start)",0.0112,0.0000,0.0003,0.0007,0.0003
1790754430680835144,10.167,odom,"ideal odometry /chassis/odom (IsaacComputeOdometry, relative to Play start)",0.0112,0.0000,0.0003,0.0007,0.0002
1790754430715729252,10.183,odom,"ideal odometry /chassis/odom (IsaacComputeOdometry, relative to Play start)",0.0112,0.0000,0.0003,0.0007,0.0004
1790754430775220157,10.200,odom,"ideal odometry /chassis/odom (IsaacComputeOdometry, relative to Play start)",0.0113,0.0000,0.0003,0.0007,0.0003
1790754430810260067,10.217,odom,"ideal odometry /chassis/odom (IsaacComputeOdometry, relative to Play start)",0.0113,0.0000,0.0003,0.0007,0.0003
1790754430879027488,10.233,odom,"ideal odometry /chassis/odom (IsaacComputeOdometry, relative to Play start)",0.0113,0.0000,0.0003,0.0007,0.0002
1790754430914958426,10.250,odom,"ideal odometry /chassis/odom (IsaacComputeOdometry, relative to Play start)",0.0113,0.0000,0.0003,0.0007,0.0001
1790754430972090915,10.267,odom,"ideal odometry /chassis/odom (IsaacComputeOdometry, relative to Play start)",0.0113,0.0000,0.0003,0.0007,0.0001
1790754431015155233,10.283,odom,"ideal odometry /chassis/odom (IsaacComputeOdometry, relative to Play start)",0.0114,0.0000,0.0003,0.0007,0.0002
1790754431061084754,10.300,odom,"ideal odometry /chassis/odom (IsaacComputeOdometry, relative to Play start)",0.0114,0.0000,0.0003,0.0007,0.0002
1790754431098407320,10.317,odom,"ideal odometry /chassis/odom (IsaacComputeOdometry, relative to Play start)",0.0114,0.0000,0.0003,0.0007,0.0004
1790754431156990038,10.333,odom,"ideal odometry /chassis/odom (IsaacComputeOdometry, relative to Play start)",0.0114,0.0000,0.0003,0.0007,0.0003
1790754431192646438,10.350,odom,"ideal odometry /chassis/odom (IsaacComputeOdometry, relative to Play start)",0.0114,0.0000,0.0003,0.0006,0.0001
1790754431242185171,10.367,odom,"ideal odometry /chassis/odom (IsaacComputeOdometry, relative to Play start)",0.0114,0.0000,0.0003,0.0007,0.0002
1790754431277901486,10.383,odom,"ideal odometry /chassis/odom (IsaacComputeOdometry, relative to Play start)",0.0115,0.0000,0.0003,0.0007,0.0004
1790754431333621719,10.400,odom,"ideal odometry /chassis/odom (IsaacComputeOdometry, relative to Play start)",0.0115,0.0000,0.0003,0.0007,0.0001
1790754431366694579,10.417,odom,"ideal odometry /chassis/odom (IsaacComputeOdometry, relative to Play start)",0.0115,0.0000,0.0003,0.0007,0.0003
1790754431425133184,10.433,odom,"ideal odometry /chassis/odom (IsaacComputeOdometry, relative to Play start)",0.0115,0.0000,0.0003,0.0007,0.0001
1790754431467319976,10.450,odom,"ideal odometry /chassis/odom (IsaacComputeOdometry, relative to Play start)",0.0115,0.0000,0.0003,0.0007,0.0004
1790754431516925093,10.467,odom,"ideal odometry /chassis/odom (IsaacComputeOdometry, relative to Play start)",0.0116,0.0000,0.0003,0.0007,0.0001
1790754431551929936,10.483,odom,"ideal odometry /chassis/odom (IsaacComputeOdometry, relative to Play start)",0.0116,0.0000,0.0003,0.0006,0.0001
1790754431606167779,10.500,odom,"ideal odometry /chassis/odom (IsaacComputeOdometry, relative to Play start)",0.0116,0.0000,0.0003,0.0007,0.0005
1790754431645068185,10.517,odom,"ideal odometry /chassis/odom (IsaacComputeOdometry, relative to Play start)",0.0116,0.0000,0.0003,0.0007,0.0000
1790754431713384045,10.533,odom,"ideal odometry /chassis/odom (IsaacComputeOdometry, relative to Play start)",0.0116,0.0000,0.0003,0.0007,0.0002
1790754431750130625,10.550,odom,"ideal odometry /chassis/odom (IsaacComputeOdometry, relative to Play start)",0.0117,0.0000,0.0003,0.0007,0.0001
1790754431801606685,10.567,odom,"ideal odometry /chassis/odom (IsaacComputeOdometry, relative to Play start)",0.0117,0.0000,0.0003,0.0007,0.0002
1790754431835084038,10.583,odom,"ideal odometry /chassis/odom (IsaacComputeOdometry, relative to Play start)",0.0117,0.0000,0.0003,0.0007,0.0001
1790754431890197251,10.600,odom,"ideal odometry /chassis/odom (IsaacComputeOdometry, relative to Play start)",0.0117,0.0000,0.0003,0.0007,0.0002
1790754431935646426,10.617,odom,"ideal odometry /chassis/odom (IsaacComputeOdometry, relative to Play start)",0.0117,0.0000,0.0003,0.0007,0.0001
1790754431987636400,10.633,odom,"ideal odometry /chassis/odom (IsaacComputeOdometry, relative to Play start)",0.0117,0.0000,0.0003,0.0007,0.0002
1790754432028123460,10.650,odom,"ideal odometry /chassis/odom (IsaacComputeOdometry, relative to Play start)",0.0118,0.0000,0.0003,0.0007,0.0002
1790754432081216272,10.667,odom,"ideal odometry /chassis/odom (IsaacComputeOdometry, relative to Play start)",0.0118,0.0000,0.0003,0.0007,0.0002
1790754432118788622,10.683,odom,"ideal odometry /chassis/odom (IsaacComputeOdometry, relative to Play start)",0.0118,0.0000,0.0003,0.0007,0.0002
1790754432173403298,10.700,odom,"ideal odometry /chassis/odom (IsaacComputeOdometry, relative to Play start)",0.0118,0.0000,0.0003,0.0007,0.0003
1790754432205051057,10.717,odom,"ideal odometry /chassis/odom (IsaacComputeOdometry, relative to Play start)",0.0118,0.0000,0.0003,0.0007,0.0001
1790754432258625998,10.733,odom,"ideal odometry /chassis/odom (IsaacComputeOdometry, relative to Play start)",0.0119,0.0000,0.0003,0.0007,0.0002
1790754432295321102,10.750,odom,"ideal odometry /chassis/odom (IsaacComputeOdometry, relative to Play start)",0.0119,0.0000,0.0003,0.0007,0.0000
1790754432350124335,10.767,odom,"ideal odometry /chassis/odom (IsaacComputeOdometry, relative to Play start)",0.0119,0.0000,0.0003,0.0007,0.0002
1790754432393936787,10.783,odom,"ideal odometry /chassis/odom (IsaacComputeOdometry, relative to Play start)",0.0119,0.0000,0.0003,0.0006,0.0003
1790754432437150469,10.800,odom,"ideal odometry /chassis/odom (IsaacComputeOdometry, relative to Play start)",0.0119,0.0000,0.0003,0.0007,0.0000
1790754432473953869,10.817,odom,"ideal odometry /chassis/odom (IsaacComputeOdometry, relative to Play start)",0.0120,0.0000,0.0003,0.0007,0.0003
1790754432528785700,10.833,odom,"ideal odometry /chassis/odom (IsaacComputeOdometry, relative to Play start)",0.0120,0.0000,0.0003,0.0007,0.0001
1790754432560688401,10.850,odom,"ideal odometry /chassis/odom (IsaacComputeOdometry, relative to Play start)",0.0120,0.0000,0.0003,0.0007,0.0001
1790754432615946759,10.867,odom,"ideal odometry /chassis/odom (IsaacComputeOdometry, relative to Play start)",0.0120,0.0000,0.0003,0.0007,0.0002
1790754432651004483,10.883,odom,"ideal odometry /chassis/odom (IsaacComputeOdometry, relative to Play start)",0.0120,0.0000,0.0003,0.0007,0.0001
1790754432706939621,10.900,odom,"ideal odometry /chassis/odom (IsaacComputeOdometry, relative to Play start)",0.0121,0.0000,0.0003,0.0007,0.0001
1790754432743562341,10.917,odom,"ideal odometry /chassis/odom (IsaacComputeOdometry, relative to Play start)",0.0121,0.0000,0.0003,0.0007,0.0004
1790754432797391660,10.933,odom,"ideal odometry /chassis/odom (IsaacComputeOdometry, relative to Play start)",0.0121,0.0000,0.0003,0.0007,0.0000
1790754432831042005,10.950,odom,"ideal odometry /chassis/odom (IsaacComputeOdometry, relative to Play start)",0.0121,0.0000,0.0003,0.0007,0.0002
1790754432883163435,10.967,odom,"ideal odometry /chassis/odom (IsaacComputeOdometry, relative to Play start)",0.0121,0.0000,0.0003,0.0007,0.0003
1790754432919930549,10.983,odom,"ideal odometry /chassis/odom (IsaacComputeOdometry, relative to Play start)",0.0121,0.0000,0.0003,0.0008,0.0002
1790754432974374483,11.000,odom,"ideal odometry /chassis/odom (IsaacComputeOdometry, relative to Play start)",0.0122,0.0000,0.0003,0.0007,0.0002
1790754433010127271,11.017,odom,"ideal odometry /chassis/odom (IsaacComputeOdometry, relative to Play start)",0.0122,0.0000,0.0003,0.0007,0.0000
1790754433078645096,11.033,odom,"ideal odometry /chassis/odom (IsaacComputeOdometry, relative to Play start)",0.0122,0.0000,0.0003,0.0007,0.0002
1790754433112551507,11.050,odom,"ideal odometry /chassis/odom (IsaacComputeOdometry, relative to Play start)",0.0122,0.0000,0.0003,0.0007,0.0000
1790754433167179592,11.067,odom,"ideal odometry /chassis/odom (IsaacComputeOdometry, relative to Play start)",0.0122,0.0000,0.0003,0.0007,0.0002
1790754433202918691,11.083,odom,"ideal odometry /chassis/odom (IsaacComputeOdometry, relative to Play start)",0.0123,0.0000,0.0003,0.0007,0.0003
1790754433257259674,11.100,odom,"ideal odometry /chassis/odom (IsaacComputeOdometry, relative to Play start)",0.0123,0.0000,0.0003,0.0007,0.0003
1790754433291213435,11.117,odom,"ideal odometry /chassis/odom (IsaacComputeOdometry, relative to Play start)",0.0123,0.0000,0.0003,0.0007,0.0002
1790754433345262815,11.133,odom,"ideal odometry /chassis/odom (IsaacComputeOdometry, relative to Play start)",0.0123,0.0000,0.0003,0.0007,0.0004
1790754433381049546,11.150,odom,"ideal odometry /chassis/odom (IsaacComputeOdometry, relative to Play start)",0.0123,0.0000,0.0003,0.0007,0.0002
1790754433437013563,11.167,odom,"ideal odometry /chassis/odom (IsaacComputeOdometry, relative to Play start)",0.0124,0.0000,0.0003,0.0007,0.0001
1790754433476693700,11.183,odom,"ideal odometry /chassis/odom (IsaacComputeOdometry, relative to Play start)",0.0124,0.0000,0.0003,0.0007,0.0004
1790754433526520566,11.200,odom,"ideal odometry /chassis/odom (IsaacComputeOdometry, relative to Play start)",0.0124,0.0000,0.0003,0.0007,0.0001
1790754433559773638,11.217,odom,"ideal odometry /chassis/odom (IsaacComputeOdometry, relative to Play start)",0.0124,0.0000,0.0003,0.0007,0.0000
1790754433616551891,11.233,odom,"ideal odometry /chassis/odom (IsaacComputeOdometry, relative to Play start)",0.0124,0.0000,0.0002,0.0012,0.0056
1790754433652998337,11.250,odom,"ideal odometry /chassis/odom (IsaacComputeOdometry, relative to Play start)",0.0124,0.0000,0.0001,0.0007,0.0003
1790754433706707546,11.267,odom,"ideal odometry /chassis/odom (IsaacComputeOdometry, relative to Play start)",0.0125,0.0000,0.0002,0.0007,0.0012
1790754433756160392,11.283,odom,"ideal odometry /chassis/odom (IsaacComputeOdometry, relative to Play start)",0.0125,0.0000,0.0002,0.0006,0.0004
1790754433801424386,11.300,odom,"ideal odometry /chassis/odom (IsaacComputeOdometry, relative to Play start)",0.0125,0.0000,0.0002,0.0006,0.0001
1790754433836981210,11.317,odom,"ideal odometry /chassis/odom (IsaacComputeOdometry, relative to Play start)",0.0125,0.0000,0.0002,0.0007,0.0005
1790754433891481402,11.333,odom,"ideal odometry /chassis/odom (IsaacComputeOdometry, relative to Play start)",0.0125,0.0000,0.0002,0.0006,0.0002
1790754433926677051,11.350,odom,"ideal odometry /chassis/odom (IsaacComputeOdometry, relative to Play start)",0.0126,0.0000,0.0002,0.0007,0.0001
1790754433980462583,11.367,odom,"ideal odometry /chassis/odom (IsaacComputeOdometry, relative to Play start)",0.0126,0.0000,0.0002,0.0007,0.0002
1790754434022488478,11.383,odom,"ideal odometry /chassis/odom (IsaacComputeOdometry, relative to Play start)",0.0126,0.0000,0.0002,0.0007,0.0002
1790754434072859263,11.400,odom,"ideal odometry /chassis/odom (IsaacComputeOdometry, relative to Play start)",0.0126,0.0000,0.0002,0.0007,0.0000
1790754434107656889,11.417,odom,"ideal odometry /chassis/odom (IsaacComputeOdometry, relative to Play start)",0.0126,0.0000,0.0002,0.0006,0.0004
1790754434166127561,11.433,odom,"ideal odometry /chassis/odom (IsaacComputeOdometry, relative to Play start)",0.0127,0.0000,0.0002,0.0007,0.0001
1790754434202541658,11.450,odom,"ideal odometry /chassis/odom (IsaacComputeOdometry, relative to Play start)",0.0127,0.0000,0.0002,0.0007,0.0001
1790754434256872046,11.467,odom,"ideal odometry /chassis/odom (IsaacComputeOdometry, relative to Play start)",0.0127,0.0000,0.0002,0.0006,0.0003
1790754434292853803,11.483,odom,"ideal odometry /chassis/odom (IsaacComputeOdometry, relative to Play start)",0.0127,0.0000,0.0002,0.0006,0.0005
1790754434345647793,11.500,odom,"ideal odometry /chassis/odom (IsaacComputeOdometry, relative to Play start)",0.0127,0.0000,0.0002,0.0007,0.0005
1790754434381484593,11.517,odom,"ideal odometry /chassis/odom (IsaacComputeOdometry, relative to Play start)",0.0127,0.0000,0.0002,0.0006,0.0002
1790754434446705036,11.533,odom,"ideal odometry /chassis/odom (IsaacComputeOdometry, relative to Play start)",0.0128,0.0000,0.0002,0.0007,0.0000
1790754434478240607,11.550,odom,"ideal odometry /chassis/odom (IsaacComputeOdometry, relative to Play start)",0.0128,0.0000,0.0002,0.0007,0.0000
1790754434529062964,11.567,odom,"ideal odometry /chassis/odom (IsaacComputeOdometry, relative to Play start)",0.0128,0.0000,0.0002,0.0006,0.0001
1790754434564390480,11.583,odom,"ideal odometry /chassis/odom (IsaacComputeOdometry, relative to Play start)",0.0128,0.0000,0.0002,0.0007,0.0001
1790754434624503003,11.600,odom,"ideal odometry /chassis/odom (IsaacComputeOdometry, relative to Play start)",0.0128,0.0000,0.0002,0.0007,0.0003
1790754434656166670,11.617,odom,"ideal odometry /chassis/odom (IsaacComputeOdometry, relative to Play start)",0.0129,0.0000,0.0002,0.0006,0.0001
1790754434713750508,11.633,odom,"ideal odometry /chassis/odom (IsaacComputeOdometry, relative to Play start)",0.0129,0.0000,0.0002,0.0006,0.0001
1790754434749318121,11.650,odom,"ideal odometry /chassis/odom (IsaacComputeOdometry, relative to Play start)",0.0129,0.0000,0.0002,0.0006,0.0000
1790754434806334518,11.667,odom,"ideal odometry /chassis/odom (IsaacComputeOdometry, relative to Play start)",0.0129,0.0000,0.0002,0.0007,0.0001
1790754434844672606,11.683,odom,"ideal odometry /chassis/odom (IsaacComputeOdometry, relative to Play start)",0.0129,0.0000,0.0002,0.0007,0.0003
1790754434904784376,11.700,odom,"ideal odometry /chassis/odom (IsaacComputeOdometry, relative to Play start)",0.0129,0.0000,0.0002,0.0006,0.0001
1790754434948569108,11.717,odom,"ideal odometry /chassis/odom (IsaacComputeOdometry, relative to Play start)",0.0130,0.0000,0.0002,0.0007,0.0000
1790754435007414230,11.733,odom,"ideal odometry /chassis/odom (IsaacComputeOdometry, relative to Play start)",0.0130,0.0000,0.0002,0.0006,0.0000
1790754435047316099,11.750,odom,"ideal odometry /chassis/odom (IsaacComputeOdometry, relative to Play start)",0.0130,0.0000,0.0002,0.0006,0.0000
1790754435105569497,11.767,odom,"ideal odometry /chassis/odom (IsaacComputeOdometry, relative to Play start)",0.0130,0.0000,0.0002,0.0007,0.0001
1790754435159950950,11.783,odom,"ideal odometry /chassis/odom (IsaacComputeOdometry, relative to Play start)",0.0130,0.0000,0.0002,0.0006,0.0002
1790754435201748932,11.800,odom,"ideal odometry /chassis/odom (IsaacComputeOdometry, relative to Play start)",0.0131,0.0000,0.0002,0.0006,0.0001
1790754435233970910,11.817,odom,"ideal odometry /chassis/odom (IsaacComputeOdometry, relative to Play start)",0.0131,0.0000,0.0002,0.0007,0.0002
1790754435290774882,11.833,odom,"ideal odometry /chassis/odom (IsaacComputeOdometry, relative to Play start)",0.0131,0.0000,0.0002,0.0007,0.0001
1790754435325678864,11.850,odom,"ideal odometry /chassis/odom (IsaacComputeOdometry, relative to Play start)",0.0131,0.0000,0.0002,0.0007,0.0001
1790754435381608474,11.867,odom,"ideal odometry /chassis/odom (IsaacComputeOdometry, relative to Play start)",0.0131,0.0000,0.0002,0.0007,0.0001
1790754435414085043,11.883,odom,"ideal odometry /chassis/odom (IsaacComputeOdometry, relative to Play start)",0.0132,0.0000,0.0002,0.0006,0.0002
1790754435465473900,11.900,odom,"ideal odometry /chassis/odom (IsaacComputeOdometry, relative to Play start)",0.0132,0.0000,0.0002,0.0007,0.0001
1790754435503518244,11.917,odom,"ideal odometry /chassis/odom (IsaacComputeOdometry, relative to Play start)",0.0132,0.0000,0.0002,0.0007,0.0001
1790754435558292830,11.933,odom,"ideal odometry /chassis/odom (IsaacComputeOdometry, relative to Play start)",0.0132,0.0000,0.0002,0.0006,0.0002
1790754435589854848,11.950,odom,"ideal odometry /chassis/odom (IsaacComputeOdometry, relative to Play start)",0.0132,0.0000,0.0002,0.0006,0.0001
1790754435644047217,11.967,odom,"ideal odometry /chassis/odom (IsaacComputeOdometry, relative to Play start)",0.0132,0.0000,0.0002,0.0007,0.0000
1790754435678994023,11.983,odom,"ideal odometry /chassis/odom (IsaacComputeOdometry, relative to Play start)",0.0133,0.0000,0.0002,0.0007,0.0001
1790754435731804824,12.000,odom,"ideal odometry /chassis/odom (IsaacComputeOdometry, relative to Play start)",0.0133,0.0000,0.0002,0.0007,0.0001
1790754435766134965,12.017,odom,"ideal odometry /chassis/odom (IsaacComputeOdometry, relative to Play start)",0.0133,0.0000,0.0002,0.0007,0.0000
1790754435833400879,12.033,odom,"ideal odometry /chassis/odom (IsaacComputeOdometry, relative to Play start)",0.0133,0.0000,0.0002,0.0006,0.0001
1790754435868675312,12.050,odom,"ideal odometry /chassis/odom (IsaacComputeOdometry, relative to Play start)",0.0133,0.0000,0.0002,0.0007,0.0002
1790754435920418808,12.067,odom,"ideal odometry /chassis/odom (IsaacComputeOdometry, relative to Play start)",0.0134,0.0000,0.0002,0.0007,0.0002
1790754435960158134,12.083,odom,"ideal odometry /chassis/odom (IsaacComputeOdometry, relative to Play start)",0.0134,0.0000,0.0002,0.0007,0.0001
1790754436011196588,12.100,odom,"ideal odometry /chassis/odom (IsaacComputeOdometry, relative to Play start)",0.0134,0.0000,0.0002,0.0006,0.0001
1790754436046458691,12.117,odom,"ideal odometry /chassis/odom (IsaacComputeOdometry, relative to Play start)",0.0134,0.0000,0.0002,0.0006,0.0002
1790754436106696298,12.133,odom,"ideal odometry /chassis/odom (IsaacComputeOdometry, relative to Play start)",0.0134,0.0000,0.0002,0.0007,0.0002
1790754436136624794,12.150,odom,"ideal odometry /chassis/odom (IsaacComputeOdometry, relative to Play start)",0.0134,0.0000,0.0002,0.0006,0.0002
1790754436190114284,12.167,odom,"ideal odometry /chassis/odom (IsaacComputeOdometry, relative to Play start)",0.0135,0.0000,0.0002,0.0007,0.0001
1790754436225519354,12.183,odom,"ideal odometry /chassis/odom (IsaacComputeOdometry, relative to Play start)",0.0135,0.0000,0.0002,0.0007,0.0001
1790754436279890265,12.200,odom,"ideal odometry /chassis/odom (IsaacComputeOdometry, relative to Play start)",0.0135,0.0000,0.0002,0.0006,0.0000
1790754436318034092,12.217,odom,"ideal odometry /chassis/odom (IsaacComputeOdometry, relative to Play start)",0.0135,0.0000,0.0002,0.0006,0.0003
1790754436374610015,12.233,odom,"ideal odometry /chassis/odom (IsaacComputeOdometry, relative to Play start)",0.0135,0.0000,0.0002,0.0007,0.0002
1790754436410884929,12.250,odom,"ideal odometry /chassis/odom (IsaacComputeOdometry, relative to Play start)",0.0136,0.0000,0.0002,0.0006,0.0003
1790754436463131583,12.267,odom,"ideal odometry /chassis/odom (IsaacComputeOdometry, relative to Play start)",0.0136,0.0000,0.0002,0.0007,0.0002
1790754436507679617,12.283,odom,"ideal odometry /chassis/odom (IsaacComputeOdometry, relative to Play start)",0.0136,0.0000,0.0002,0.0006,0.0000
1790754436550798083,12.300,odom,"ideal odometry /chassis/odom (IsaacComputeOdometry, relative to Play start)",0.0136,0.0000,0.0002,0.0006,0.0003
1790754436584349393,12.317,odom,"ideal odometry /chassis/odom (IsaacComputeOdometry, relative to Play start)",0.0136,0.0000,0.0002,0.0007,0.0002
1790754436642955830,12.333,odom,"ideal odometry /chassis/odom (IsaacComputeOdometry, relative to Play start)",0.0137,0.0000,0.0002,0.0006,0.0001
1790754436674211963,12.350,odom,"ideal odometry /chassis/odom (IsaacComputeOdometry, relative to Play start)",0.0137,0.0000,0.0002,0.0006,0.0000
1790754436728855818,12.367,odom,"ideal odometry /chassis/odom (IsaacComputeOdometry, relative to Play start)",0.0137,0.0000,0.0002,0.0007,0.0007
1790754436764893929,12.383,odom,"ideal odometry /chassis/odom (IsaacComputeOdometry, relative to Play start)",0.0137,0.0000,0.0002,0.0006,0.0005
1790754436821392392,12.400,odom,"ideal odometry /chassis/odom (IsaacComputeOdometry, relative to Play start)",0.0137,0.0000,0.0002,0.0006,0.0003
1790754436859219039,12.417,odom,"ideal odometry /chassis/odom (IsaacComputeOdometry, relative to Play start)",0.0137,0.0000,0.0002,0.0007,0.0005
1790754436916890220,12.433,odom,"ideal odometry /chassis/odom (IsaacComputeOdometry, relative to Play start)",0.0138,0.0000,0.0002,0.0007,0.0006
1790754436952250772,12.450,odom,"ideal odometry /chassis/odom (IsaacComputeOdometry, relative to Play start)",0.0138,0.0000,0.0002,0.0007,0.0002
1790754437004726793,12.467,odom,"ideal odometry /chassis/odom (IsaacComputeOdometry, relative to Play start)",0.0138,0.0000,0.0002,0.0007,0.0003
1790754437039556045,12.483,odom,"ideal odometry /chassis/odom (IsaacComputeOdometry, relative to Play start)",0.0138,0.0000,0.0002,0.0007,0.0001
1790754437093897403,12.500,odom,"ideal odometry /chassis/odom (IsaacComputeOdometry, relative to Play start)",0.0138,0.0000,0.0002,0.0007,0.0002
1790754437123860440,12.517,odom,"ideal odometry /chassis/odom (IsaacComputeOdometry, relative to Play start)",0.0139,0.0000,0.0002,0.0007,0.0000
1790754437191999681,12.533,odom,"ideal odometry /chassis/odom (IsaacComputeOdometry, relative to Play start)",0.0139,0.0000,0.0002,0.0006,0.0000
1790754437224689052,12.550,odom,"ideal odometry /chassis/odom (IsaacComputeOdometry, relative to Play start)",0.0139,0.0000,0.0002,0.0007,0.0007
1790754437281897828,12.567,odom,"ideal odometry /chassis/odom (IsaacComputeOdometry, relative to Play start)",0.0139,0.0000,0.0002,0.0006,0.0004
1790754437311650040,12.583,odom,"ideal odometry /chassis/odom (IsaacComputeOdometry, relative to Play start)",0.0139,0.0000,0.0002,0.0006,0.0000
1790754437363825446,12.600,odom,"ideal odometry /chassis/odom (IsaacComputeOdometry, relative to Play start)",0.0139,0.0000,0.0002,0.0007,0.0001
1790754437399400588,12.617,odom,"ideal odometry /chassis/odom (IsaacComputeOdometry, relative to Play start)",0.0140,0.0000,0.0002,0.0006,0.0001
1790754437452998221,12.633,odom,"ideal odometry /chassis/odom (IsaacComputeOdometry, relative to Play start)",0.0140,0.0000,0.0002,0.0007,0.0003
1790754437488754729,12.650,odom,"ideal odometry /chassis/odom (IsaacComputeOdometry, relative to Play start)",0.0140,0.0000,0.0002,0.0006,0.0000
1790754437543726400,12.667,odom,"ideal odometry /chassis/odom (IsaacComputeOdometry, relative to Play start)",0.0140,0.0000,0.0002,0.0006,0.0003
1790754437575251994,12.683,odom,"ideal odometry /chassis/odom (IsaacComputeOdometry, relative to Play start)",0.0140,0.0000,0.0002,0.0007,0.0003
1790754437628320116,12.700,odom,"ideal odometry /chassis/odom (IsaacComputeOdometry, relative to Play start)",0.0141,0.0000,0.0002,0.0007,0.0000
1790754437661565822,12.717,odom,"ideal odometry /chassis/odom (IsaacComputeOdometry, relative to Play start)",0.0141,0.0000,0.0002,0.0006,0.0003
1790754437722277881,12.733,odom,"ideal odometry /chassis/odom (IsaacComputeOdometry, relative to Play start)",0.0141,0.0000,0.0002,0.0007,0.0002
1790754437754019948,12.750,odom,"ideal odometry /chassis/odom (IsaacComputeOdometry, relative to Play start)",0.0141,0.0000,0.0002,0.0007,0.0000
1790754437808555191,12.767,odom,"ideal odometry /chassis/odom (IsaacComputeOdometry, relative to Play start)",0.0141,0.0000,0.0002,0.0007,0.0002
1790754437855831064,12.783,odom,"ideal odometry /chassis/odom (IsaacComputeOdometry, relative to Play start)",0.0142,0.0000,0.0002,0.0007,0.0003
1790754437897753377,12.800,odom,"ideal odometry /chassis/odom (IsaacComputeOdometry, relative to Play start)",0.0142,0.0000,0.0002,0.0006,0.0002
1790754437931124167,12.817,odom,"ideal odometry /chassis/odom (IsaacComputeOdometry, relative to Play start)",0.0142,0.0000,0.0002,0.0007,0.0001
1790754437987438063,12.833,odom,"ideal odometry /chassis/odom (IsaacComputeOdometry, relative to Play start)",0.0142,0.0000,0.0002,0.0007,0.0002
1790754438820254712,12.850,odom,"ideal odometry /chassis/odom (IsaacComputeOdometry, relative to Play start)",0.0142,0.0000,0.0002,0.0006,0.0001
1790754440008474313,12.867,odom,"ideal odometry /chassis/odom (IsaacComputeOdometry, relative to Play start)",0.0142,0.0000,0.0002,0.0006,0.0004
1790754440046210795,12.883,odom,"ideal odometry /chassis/odom (IsaacComputeOdometry, relative to Play start)",0.0143,0.0000,0.0002,0.0007,0.0005
1790754440108969933,12.900,odom,"ideal odometry /chassis/odom (IsaacComputeOdometry, relative to Play start)",0.0143,0.0000,0.0002,0.0006,0.0001
1790754440143774714,12.917,odom,"ideal odometry /chassis/odom (IsaacComputeOdometry, relative to Play start)",0.0143,0.0000,0.0002,0.0006,0.0004
1790754440212114146,12.933,odom,"ideal odometry /chassis/odom (IsaacComputeOdometry, relative to Play start)",0.0143,0.0000,0.0002,0.0006,0.0004
1790754440249438012,12.950,odom,"ideal odometry /chassis/odom (IsaacComputeOdometry, relative to Play start)",0.0143,0.0000,0.0002,0.0006,0.0002
1790754440303252964,12.967,odom,"ideal odometry /chassis/odom (IsaacComputeOdometry, relative to Play start)",0.0144,0.0000,0.0002,0.0007,0.0006
1790754440338000709,12.983,odom,"ideal odometry /chassis/odom (IsaacComputeOdometry, relative to Play start)",0.0144,0.0000,0.0002,0.0007,0.0001
1790754440396982304,13.000,odom,"ideal odometry /chassis/odom (IsaacComputeOdometry, relative to Play start)",0.0144,0.0000,0.0002,0.0006,0.0002
1790754440430833475,13.017,odom,"ideal odometry /chassis/odom (IsaacComputeOdometry, relative to Play start)",0.0144,0.0000,0.0002,0.0007,0.0001
1790754440504369571,13.033,odom,"ideal odometry /chassis/odom (IsaacComputeOdometry, relative to Play start)",0.0144,0.0000,0.0002,0.0006,0.0001
1790754440538740183,13.050,odom,"ideal odometry /chassis/odom (IsaacComputeOdometry, relative to Play start)",0.0144,0.0000,0.0002,0.0006,0.0000
1790754440591852352,13.067,odom,"ideal odometry /chassis/odom (IsaacComputeOdometry, relative to Play start)",0.0145,0.0000,0.0002,0.0006,0.0002
1790754440625530345,13.083,odom,"ideal odometry /chassis/odom (IsaacComputeOdometry, relative to Play start)",0.0145,0.0000,0.0002,0.0007,0.0007
1790754440681826735,13.100,odom,"ideal odometry /chassis/odom (IsaacComputeOdometry, relative to Play start)",0.0145,0.0000,0.0002,0.0006,0.0005
1790754440717458254,13.117,odom,"ideal odometry /chassis/odom (IsaacComputeOdometry, relative to Play start)",0.0145,0.0000,0.0002,0.0006,0.0003
1790754440770168443,13.133,odom,"ideal odometry /chassis/odom (IsaacComputeOdometry, relative to Play start)",0.0145,0.0000,0.0002,0.0007,0.0001
1790754440805142167,13.150,odom,"ideal odometry /chassis/odom (IsaacComputeOdometry, relative to Play start)",0.0146,0.0000,0.0002,0.0007,0.0002
1790754440860231203,13.167,odom,"ideal odometry /chassis/odom (IsaacComputeOdometry, relative to Play start)",0.0146,0.0000,0.0002,0.0007,0.0002
1790754440889755459,13.183,odom,"ideal odometry /chassis/odom (IsaacComputeOdometry, relative to Play start)",0.0146,0.0000,0.0002,0.0007,0.0002
1790754440948614605,13.200,odom,"ideal odometry /chassis/odom (IsaacComputeOdometry, relative to Play start)",0.0146,0.0000,0.0002,0.0007,0.0000
1790754440985216110,13.217,odom,"ideal odometry /chassis/odom (IsaacComputeOdometry, relative to Play start)",0.0146,0.0000,0.0002,0.0006,0.0003
1790754441042461592,13.233,odom,"ideal odometry /chassis/odom (IsaacComputeOdometry, relative to Play start)",0.0146,0.0000,0.0002,0.0007,0.0000
1790754441081452299,13.250,odom,"ideal odometry /chassis/odom (IsaacComputeOdometry, relative to Play start)",0.0147,0.0000,0.0002,0.0007,0.0002
1790754441135186686,13.267,odom,"ideal odometry /chassis/odom (IsaacComputeOdometry, relative to Play start)",0.0147,0.0000,0.0002,0.0006,0.0002
1790754441185788618,13.283,odom,"ideal odometry /chassis/odom (IsaacComputeOdometry, relative to Play start)",0.0147,0.0000,0.0002,0.0007,0.0000
1790754441224844078,13.300,odom,"ideal odometry /chassis/odom (IsaacComputeOdometry, relative to Play start)",0.0147,0.0000,0.0002,0.0007,0.0001
1790754441259121324,13.317,odom,"ideal odometry /chassis/odom (IsaacComputeOdometry, relative to Play start)",0.0147,0.0000,0.0002,0.0006,0.0000
1790754441318134071,13.333,odom,"ideal odometry /chassis/odom (IsaacComputeOdometry, relative to Play start)",0.0148,0.0000,0.0002,0.0007,0.0000
1790754441350496474,13.350,odom,"ideal odometry /chassis/odom (IsaacComputeOdometry, relative to Play start)",0.0148,0.0000,0.0002,0.0006,0.0001
1790754441405164141,13.367,odom,"ideal odometry /chassis/odom (IsaacComputeOdometry, relative to Play start)",0.0148,0.0000,0.0002,0.0006,0.0001
1790754441444213672,13.383,odom,"ideal odometry /chassis/odom (IsaacComputeOdometry, relative to Play start)",0.0148,0.0000,0.0002,0.0007,0.0001
1790754441498681996,13.400,odom,"ideal odometry /chassis/odom (IsaacComputeOdometry, relative to Play start)",0.0148,0.0000,0.0002,0.0006,0.0001
1790754441533292987,13.417,odom,"ideal odometry /chassis/odom (IsaacComputeOdometry, relative to Play start)",0.0149,0.0000,0.0002,0.0006,0.0002
1790754441588619485,13.433,odom,"ideal odometry /chassis/odom (IsaacComputeOdometry, relative to Play start)",0.0149,0.0000,0.0002,0.0007,0.0002
1790754441628680696,13.450,odom,"ideal odometry /chassis/odom (IsaacComputeOdometry, relative to Play start)",0.0149,0.0000,0.0002,0.0006,0.0002
1790754441678411183,13.467,odom,"ideal odometry /chassis/odom (IsaacComputeOdometry, relative to Play start)",0.0149,0.0000,0.0002,0.0007,0.0001
1790754441713767123,13.483,odom,"ideal odometry /chassis/odom (IsaacComputeOdometry, relative to Play start)",0.0149,0.0000,0.0002,0.0007,0.0001
1790754441765563702,13.500,odom,"ideal odometry /chassis/odom (IsaacComputeOdometry, relative to Play start)",0.0149,0.0000,0.0002,0.0006,0.0001
1790754441798657689,13.517,odom,"ideal odometry /chassis/odom (IsaacComputeOdometry, relative to Play start)",0.0150,0.0000,0.0002,0.0007,0.0000
1790754441863409413,13.533,odom,"ideal odometry /chassis/odom (IsaacComputeOdometry, relative to Play start)",0.0150,0.0000,0.0002,0.0007,0.0000
1790754441894960419,13.550,odom,"ideal odometry /chassis/odom (IsaacComputeOdometry, relative to Play start)",0.0150,0.0000,0.0002,0.0007,0.0001
1790754441952171454,13.567,odom,"ideal odometry /chassis/odom (IsaacComputeOdometry, relative to Play start)",0.0150,0.0000,0.0002,0.0007,0.0002
1790754441984897720,13.583,odom,"ideal odometry /chassis/odom (IsaacComputeOdometry, relative to Play start)",0.0150,0.0000,0.0002,0.0006,0.0002
1790754442037877087,13.600,odom,"ideal odometry /chassis/odom (IsaacComputeOdometry, relative to Play start)",0.0151,0.0000,0.0002,0.0007,0.0001
1790754442075474179,13.617,odom,"ideal odometry /chassis/odom (IsaacComputeOdometry, relative to Play start)",0.0151,0.0000,0.0002,0.0006,0.0002
1790754442129975633,13.633,odom,"ideal odometry /chassis/odom (IsaacComputeOdometry, relative to Play start)",0.0151,0.0000,0.0002,0.0006,0.0002
1790754442168177438,13.650,odom,"ideal odometry /chassis/odom (IsaacComputeOdometry, relative to Play start)",0.0151,0.0000,0.0002,0.0007,0.0000
1790754442219472647,13.667,odom,"ideal odometry /chassis/odom (IsaacComputeOdometry, relative to Play start)",0.0151,0.0000,0.0002,0.0006,0.0002
1790754442258625049,13.683,odom,"ideal odometry /chassis/odom (IsaacComputeOdometry, relative to Play start)",0.0151,0.0000,0.0002,0.0006,0.0007
1790754442312410072,13.700,odom,"ideal odometry /chassis/odom (IsaacComputeOdometry, relative to Play start)",0.0152,0.0000,0.0002,0.0007,0.0005
1790754442350255731,13.717,odom,"ideal odometry /chassis/odom (IsaacComputeOdometry, relative to Play start)",0.0152,0.0000,0.0002,0.0007,0.0001
1790754442408768709,13.733,odom,"ideal odometry /chassis/odom (IsaacComputeOdometry, relative to Play start)",0.0152,0.0000,0.0002,0.0007,0.0006
1790754442440867015,13.750,odom,"ideal odometry /chassis/odom (IsaacComputeOdometry, relative to Play start)",0.0152,0.0000,0.0002,0.0007,0.0003
1790754442493235741,13.767,odom,"ideal odometry /chassis/odom (IsaacComputeOdometry, relative to Play start)",0.0152,0.0000,0.0002,0.0006,0.0000
1790754442539578335,13.783,odom,"ideal odometry /chassis/odom (IsaacComputeOdometry, relative to Play start)",0.0153,0.0000,0.0002,0.0006,0.0005
1790754442586042341,13.800,odom,"ideal odometry /chassis/odom (IsaacComputeOdometry, relative to Play start)",0.0153,0.0000,0.0002,0.0007,0.0004
1790754442621954051,13.817,odom,"ideal odometry /chassis/odom (IsaacComputeOdometry, relative to Play start)",0.0153,0.0000,0.0002,0.0007,0.0000
1790754442679036991,13.833,odom,"ideal odometry /chassis/odom (IsaacComputeOdometry, relative to Play start)",0.0153,0.0000,0.0002,0.0007,0.0003
1790754442717240583,13.850,odom,"ideal odometry /chassis/odom (IsaacComputeOdometry, relative to Play start)",0.0153,0.0000,0.0002,0.0007,0.0001
1790754442767913857,13.867,odom,"ideal odometry /chassis/odom (IsaacComputeOdometry, relative to Play start)",0.0153,0.0000,0.0002,0.0007,0.0002
1790754442801914112,13.883,odom,"ideal odometry /chassis/odom (IsaacComputeOdometry, relative to Play start)",0.0154,0.0000,0.0002,0.0007,0.0000
1790754442855566051,13.900,odom,"ideal odometry /chassis/odom (IsaacComputeOdometry, relative to Play start)",0.0154,0.0000,0.0002,0.0006,0.0000
1790754442891398796,13.917,odom,"ideal odometry /chassis/odom (IsaacComputeOdometry, relative to Play start)",0.0154,0.0000,0.0002,0.0006,0.0001
1790754442949873655,13.933,odom,"ideal odometry /chassis/odom (IsaacComputeOdometry, relative to Play start)",0.0154,0.0000,0.0002,0.0007,0.0001
1790754442985716753,13.950,odom,"ideal odometry /chassis/odom (IsaacComputeOdometry, relative to Play start)",0.0154,0.0000,0.0002,0.0006,0.0001
1790754443040522492,13.967,odom,"ideal odometry /chassis/odom (IsaacComputeOdometry, relative to Play start)",0.0155,0.0000,0.0002,0.0007,0.0005
1790754443077328611,13.983,odom,"ideal odometry /chassis/odom (IsaacComputeOdometry, relative to Play start)",0.0155,0.0000,0.0002,0.0007,0.0002
1790754443131246436,14.000,odom,"ideal odometry /chassis/odom (IsaacComputeOdometry, relative to Play start)",0.0155,0.0000,0.0002,0.0006,0.0002
1790754443168393735,14.017,odom,"ideal odometry /chassis/odom (IsaacComputeOdometry, relative to Play start)",0.0155,0.0000,0.0002,0.0007,0.0003
1790754443232695572,14.033,odom,"ideal odometry /chassis/odom (IsaacComputeOdometry, relative to Play start)",0.0155,0.0000,0.0002,0.0007,0.0001
1790754443275111537,14.050,odom,"ideal odometry /chassis/odom (IsaacComputeOdometry, relative to Play start)",0.0156,0.0000,0.0002,0.0007,0.0002
1790754443323992698,14.067,odom,"ideal odometry /chassis/odom (IsaacComputeOdometry, relative to Play start)",0.0156,0.0000,0.0002,0.0007,0.0002
1790754443359354379,14.083,odom,"ideal odometry /chassis/odom (IsaacComputeOdometry, relative to Play start)",0.0156,0.0000,0.0002,0.0007,0.0000
1790754443411326489,14.100,odom,"ideal odometry /chassis/odom (IsaacComputeOdometry, relative to Play start)",0.0156,0.0000,0.0002,0.0006,0.0000
1790754443447674345,14.117,odom,"ideal odometry /chassis/odom (IsaacComputeOdometry, relative to Play start)",0.0156,0.0000,0.0002,0.0007,0.0001
1790754424618920765,8.217,map,sim_state_odom_plus_spawn (independent of AMCL),-6.0090,-1.0000,-3.1416,,
1790754424674933131,8.233,map,sim_state_odom_plus_spawn (independent of AMCL),-6.0090,-1.0000,3.1416,,
1790754424744159854,8.250,map,sim_state_odom_plus_spawn (independent of AMCL),-6.0091,-1.0000,3.1416,,
1790754424799895153,8.267,map,sim_state_odom_plus_spawn (independent of AMCL),-6.0091,-1.0000,-3.1416,,
1790754424883179712,8.283,map,sim_state_odom_plus_spawn (independent of AMCL),-6.0091,-1.0000,3.1416,,
1790754424938720210,8.300,map,sim_state_odom_plus_spawn (independent of AMCL),-6.0091,-1.0000,3.1416,,
1790754425001431018,8.317,map,sim_state_odom_plus_spawn (independent of AMCL),-6.0091,-1.0000,3.1416,,
1790754425059952172,8.333,map,sim_state_odom_plus_spawn (independent of AMCL),-6.0092,-1.0000,3.1416,,
1790754425123746045,8.350,map,sim_state_odom_plus_spawn (independent of AMCL),-6.0092,-1.0000,3.1416,,
1790754425185772570,8.367,map,sim_state_odom_plus_spawn (independent of AMCL),-6.0092,-1.0000,-3.1416,,
1790754425250651664,8.383,map,sim_state_odom_plus_spawn (independent of AMCL),-6.0092,-1.0000,3.1416,,
1790754425306039808,8.400,map,sim_state_odom_plus_spawn (independent of AMCL),-6.0092,-1.0000,3.1416,,
1790754425363608888,8.417,map,sim_state_odom_plus_spawn (independent of AMCL),-6.0092,-1.0000,3.1416,,
1790754425414228413,8.433,map,sim_state_odom_plus_spawn (independent of AMCL),-6.0093,-1.0000,-3.1416,,
1790754425468438293,8.450,map,sim_state_odom_plus_spawn (independent of AMCL),-6.0093,-1.0000,3.1416,,
1790754425517455473,8.467,map,sim_state_odom_plus_spawn (independent of AMCL),-6.0093,-1.0000,3.1416,,
1790754425578295769,8.483,map,sim_state_odom_plus_spawn (independent of AMCL),-6.0093,-1.0000,3.1416,,
1790754425630605155,8.500,map,sim_state_odom_plus_spawn (independent of AMCL),-6.0093,-1.0000,3.1416,,
1790754425690912866,8.517,map,sim_state_odom_plus_spawn (independent of AMCL),-6.0094,-1.0000,3.1416,,
1790754425773802203,8.533,map,sim_state_odom_plus_spawn (independent of AMCL),-6.0094,-1.0000,3.1416,,
1790754425841279755,8.550,map,sim_state_odom_plus_spawn (independent of AMCL),-6.0094,-1.0000,3.1416,,
1790754425891200287,8.567,map,sim_state_odom_plus_spawn (independent of AMCL),-6.0094,-1.0000,-3.1416,,
1790754425944460153,8.583,map,sim_state_odom_plus_spawn (independent of AMCL),-6.0094,-1.0000,3.1416,,
1790754425998512713,8.600,map,sim_state_odom_plus_spawn (independent of AMCL),-6.0095,-1.0000,3.1416,,
1790754426052475228,8.617,map,sim_state_odom_plus_spawn (independent of AMCL),-6.0095,-1.0000,3.1416,,
1790754426106512515,8.633,map,sim_state_odom_plus_spawn (independent of AMCL),-6.0095,-1.0000,3.1416,,
1790754426165429922,8.650,map,sim_state_odom_plus_spawn (independent of AMCL),-6.0095,-1.0000,3.1416,,
1790754426218771682,8.667,map,sim_state_odom_plus_spawn (independent of AMCL),-6.0095,-1.0000,3.1416,,
1790754426274592808,8.683,map,sim_state_odom_plus_spawn (independent of AMCL),-6.0095,-1.0000,3.1416,,
1790754426335991456,8.700,map,sim_state_odom_plus_spawn (independent of AMCL),-6.0096,-1.0000,3.1416,,
1790754426391425607,8.717,map,sim_state_odom_plus_spawn (independent of AMCL),-6.0096,-1.0000,-3.1416,,
1790754426452640346,8.733,map,sim_state_odom_plus_spawn (independent of AMCL),-6.0096,-1.0000,3.1416,,
1790754426502881550,8.750,map,sim_state_odom_plus_spawn (independent of AMCL),-6.0096,-1.0000,3.1416,,
1790754426558485143,8.767,map,sim_state_odom_plus_spawn (independent of AMCL),-6.0096,-1.0000,3.1416,,
1790754426618093626,8.783,map,sim_state_odom_plus_spawn (independent of AMCL),-6.0097,-1.0000,3.1416,,
1790754426666516019,8.800,map,sim_state_odom_plus_spawn (independent of AMCL),-6.0097,-1.0000,3.1416,,
1790754426717658565,8.817,map,sim_state_odom_plus_spawn (independent of AMCL),-6.0097,-1.0000,3.1416,,
1790754426775412514,8.833,map,sim_state_odom_plus_spawn (independent of AMCL),-6.0097,-1.0000,3.1416,,
1790754426831901978,8.850,map,sim_state_odom_plus_spawn (independent of AMCL),-6.0097,-1.0000,3.1416,,
1790754426883348221,8.867,map,sim_state_odom_plus_spawn (independent of AMCL),-6.0097,-1.0000,3.1416,,
1790754426930276880,8.883,map,sim_state_odom_plus_spawn (independent of AMCL),-6.0098,-1.0000,3.1416,,
1790754426983393789,8.900,map,sim_state_odom_plus_spawn (independent of AMCL),-6.0098,-1.0000,3.1416,,
1790754427041827143,8.917,map,sim_state_odom_plus_spawn (independent of AMCL),-6.0098,-1.0000,-3.1416,,
1790754427089454990,8.933,map,sim_state_odom_plus_spawn (independent of AMCL),-6.0098,-1.0000,3.1416,,
1790754427129906702,8.950,map,sim_state_odom_plus_spawn (independent of AMCL),-6.0098,-1.0000,3.1416,,
1790754427184442148,8.967,map,sim_state_odom_plus_spawn (independent of AMCL),-6.0099,-1.0000,3.1416,,
1790754427223183157,8.983,map,sim_state_odom_plus_spawn (independent of AMCL),-6.0099,-1.0000,3.1416,,
1790754427276293316,9.000,map,sim_state_odom_plus_spawn (independent of AMCL),-6.0099,-1.0000,3.1416,,
1790754427317354110,9.017,map,sim_state_odom_plus_spawn (independent of AMCL),-6.0099,-1.0000,3.1416,,
1790754427388898036,9.033,map,sim_state_odom_plus_spawn (independent of AMCL),-6.0099,-1.0000,3.1416,,
1790754427425720845,9.050,map,sim_state_odom_plus_spawn (independent of AMCL),-6.0100,-1.0000,3.1416,,
1790754427480301298,9.067,map,sim_state_odom_plus_spawn (independent of AMCL),-6.0100,-1.0000,3.1416,,
1790754427515044917,9.083,map,sim_state_odom_plus_spawn (independent of AMCL),-6.0100,-1.0000,-3.1415,,
1790754427573609633,9.100,map,sim_state_odom_plus_spawn (independent of AMCL),-6.0100,-1.0000,-3.1414,,
1790754427642518074,9.117,map,sim_state_odom_plus_spawn (independent of AMCL),-6.0100,-1.0000,-3.1414,,
1790754427704361393,9.133,map,sim_state_odom_plus_spawn (independent of AMCL),-6.0100,-1.0000,-3.1415,,
1790754427759022107,9.150,map,sim_state_odom_plus_spawn (independent of AMCL),-6.0101,-1.0000,-3.1414,,
1790754427804659745,9.167,map,sim_state_odom_plus_spawn (independent of AMCL),-6.0101,-1.0000,-3.1414,,
1790754427842471377,9.183,map,sim_state_odom_plus_spawn (independent of AMCL),-6.0101,-1.0000,-3.1414,,
1790754427899423373,9.200,map,sim_state_odom_plus_spawn (independent of AMCL),-6.0101,-1.0000,-3.1414,,
1790754427992644321,9.217,map,sim_state_odom_plus_spawn (independent of AMCL),-6.0101,-1.0000,-3.1414,,
1790754428060633699,9.233,map,sim_state_odom_plus_spawn (independent of AMCL),-6.0102,-1.0000,-3.1414,,
1790754428099382959,9.250,map,sim_state_odom_plus_spawn (independent of AMCL),-6.0102,-1.0000,-3.1414,,
1790754428152566158,9.267,map,sim_state_odom_plus_spawn (independent of AMCL),-6.0102,-1.0000,-3.1414,,
1790754428199544792,9.283,map,sim_state_odom_plus_spawn (independent of AMCL),-6.0102,-1.0000,-3.1414,,
1790754428240168839,9.300,map,sim_state_odom_plus_spawn (independent of AMCL),-6.0102,-1.0000,-3.1414,,
1790754428278375400,9.317,map,sim_state_odom_plus_spawn (independent of AMCL),-6.0103,-1.0000,-3.1414,,
1790754428336401073,9.333,map,sim_state_odom_plus_spawn (independent of AMCL),-6.0103,-1.0000,-3.1414,,
1790754428382727587,9.350,map,sim_state_odom_plus_spawn (independent of AMCL),-6.0103,-1.0000,-3.1414,,
1790754428429513444,9.367,map,sim_state_odom_plus_spawn (independent of AMCL),-6.0103,-1.0000,-3.1413,,
1790754428476781336,9.383,map,sim_state_odom_plus_spawn (independent of AMCL),-6.0103,-1.0000,-3.1413,,
1790754428527956512,9.400,map,sim_state_odom_plus_spawn (independent of AMCL),-6.0103,-1.0000,-3.1413,,
1790754428569507779,9.417,map,sim_state_odom_plus_spawn (independent of AMCL),-6.0104,-1.0000,-3.1413,,
1790754428623255900,9.433,map,sim_state_odom_plus_spawn (independent of AMCL),-6.0104,-1.0000,-3.1413,,
1790754428661720683,9.450,map,sim_state_odom_plus_spawn (independent of AMCL),-6.0104,-1.0000,-3.1413,,
1790754428714358465,9.467,map,sim_state_odom_plus_spawn (independent of AMCL),-6.0104,-1.0000,-3.1413,,
1790754428750789064,9.483,map,sim_state_odom_plus_spawn (independent of AMCL),-6.0104,-1.0000,-3.1413,,
1790754428804655420,9.500,map,sim_state_odom_plus_spawn (independent of AMCL),-6.0105,-1.0000,-3.1413,,
1790754428841691821,9.517,map,sim_state_odom_plus_spawn (independent of AMCL),-6.0105,-1.0000,-3.1413,,
1790754428905405521,9.533,map,sim_state_odom_plus_spawn (independent of AMCL),-6.0105,-1.0000,-3.1413,,
1790754428941481979,9.550,map,sim_state_odom_plus_spawn (independent of AMCL),-6.0105,-1.0000,-3.1413,,
1790754428995625684,9.567,map,sim_state_odom_plus_spawn (independent of AMCL),-6.0105,-1.0000,-3.1413,,
1790754429034921675,9.583,map,sim_state_odom_plus_spawn (independent of AMCL),-6.0106,-1.0000,-3.1413,,
1790754429086126292,9.600,map,sim_state_odom_plus_spawn (independent of AMCL),-6.0106,-1.0000,-3.1413,,
1790754429123781528,9.617,map,sim_state_odom_plus_spawn (independent of AMCL),-6.0106,-1.0000,-3.1413,,
1790754429179606026,9.633,map,sim_state_odom_plus_spawn (independent of AMCL),-6.0106,-1.0000,-3.1413,,
1790754429219051943,9.650,map,sim_state_odom_plus_spawn (independent of AMCL),-6.0106,-1.0000,-3.1413,,
1790754429276819394,9.667,map,sim_state_odom_plus_spawn (independent of AMCL),-6.0107,-1.0000,-3.1413,,
1790754429311146988,9.683,map,sim_state_odom_plus_spawn (independent of AMCL),-6.0107,-1.0000,-3.1413,,
1790754429362798009,9.700,map,sim_state_odom_plus_spawn (independent of AMCL),-6.0107,-1.0000,-3.1413,,
1790754429402502431,9.717,map,sim_state_odom_plus_spawn (independent of AMCL),-6.0107,-1.0000,-3.1413,,
1790754429458457634,9.733,map,sim_state_odom_plus_spawn (independent of AMCL),-6.0107,-1.0000,-3.1413,,
1790754429493815400,9.750,map,sim_state_odom_plus_spawn (independent of AMCL),-6.0107,-1.0000,-3.1413,,
1790754429546935872,9.767,map,sim_state_odom_plus_spawn (independent of AMCL),-6.0108,-1.0000,-3.1413,,
1790754429592042532,9.783,map,sim_state_odom_plus_spawn (independent of AMCL),-6.0108,-1.0000,-3.1413,,
1790754429638256717,9.800,map,sim_state_odom_plus_spawn (independent of AMCL),-6.0108,-1.0000,-3.1413,,
1790754429674419718,9.817,map,sim_state_odom_plus_spawn (independent of AMCL),-6.0108,-1.0000,-3.1413,,
1790754429727347882,9.833,map,sim_state_odom_plus_spawn (independent of AMCL),-6.0108,-1.0000,-3.1413,,
1790754429763366582,9.850,map,sim_state_odom_plus_spawn (independent of AMCL),-6.0109,-1.0000,-3.1413,,
1790754429816354474,9.867,map,sim_state_odom_plus_spawn (independent of AMCL),-6.0109,-1.0000,-3.1413,,
1790754429855275882,9.883,map,sim_state_odom_plus_spawn (independent of AMCL),-6.0109,-1.0000,-3.1413,,
1790754429905151599,9.900,map,sim_state_odom_plus_spawn (independent of AMCL),-6.0109,-1.0000,-3.1413,,
1790754429940192446,9.917,map,sim_state_odom_plus_spawn (independent of AMCL),-6.0109,-1.0000,-3.1413,,
1790754429996741637,9.933,map,sim_state_odom_plus_spawn (independent of AMCL),-6.0110,-1.0000,-3.1413,,
1790754430032792872,9.950,map,sim_state_odom_plus_spawn (independent of AMCL),-6.0110,-1.0000,-3.1413,,
1790754430114767535,9.967,map,sim_state_odom_plus_spawn (independent of AMCL),-6.0110,-1.0000,-3.1413,,
1790754430144816263,9.983,map,sim_state_odom_plus_spawn (independent of AMCL),-6.0110,-1.0000,-3.1413,,
1790754430213453354,10.000,map,sim_state_odom_plus_spawn (independent of AMCL),-6.0110,-1.0000,-3.1413,,
1790754430255726126,10.017,map,sim_state_odom_plus_spawn (independent of AMCL),-6.0111,-1.0000,-3.1413,,
1790754430317954436,10.033,map,sim_state_odom_plus_spawn (independent of AMCL),-6.0111,-1.0000,-3.1413,,
1790754430357835507,10.050,map,sim_state_odom_plus_spawn (independent of AMCL),-6.0111,-1.0000,-3.1413,,
1790754430414870389,10.067,map,sim_state_odom_plus_spawn (independent of AMCL),-6.0111,-1.0000,-3.1413,,
1790754430447183395,10.083,map,sim_state_odom_plus_spawn (independent of AMCL),-6.0111,-1.0000,-3.1413,,
1790754430501387953,10.100,map,sim_state_odom_plus_spawn (independent of AMCL),-6.0111,-1.0000,-3.1413,,
1790754430542874524,10.117,map,sim_state_odom_plus_spawn (independent of AMCL),-6.0112,-1.0000,-3.1413,,
1790754430593434147,10.133,map,sim_state_odom_plus_spawn (independent of AMCL),-6.0112,-1.0000,-3.1413,,
1790754430629498603,10.150,map,sim_state_odom_plus_spawn (independent of AMCL),-6.0112,-1.0000,-3.1413,,
1790754430680835144,10.167,map,sim_state_odom_plus_spawn (independent of AMCL),-6.0112,-1.0000,-3.1413,,
1790754430715729252,10.183,map,sim_state_odom_plus_spawn (independent of AMCL),-6.0112,-1.0000,-3.1413,,
1790754430775220157,10.200,map,sim_state_odom_plus_spawn (independent of AMCL),-6.0113,-1.0000,-3.1413,,
1790754430810260067,10.217,map,sim_state_odom_plus_spawn (independent of AMCL),-6.0113,-1.0000,-3.1413,,
1790754430879027488,10.233,map,sim_state_odom_plus_spawn (independent of AMCL),-6.0113,-1.0000,-3.1413,,
1790754430914958426,10.250,map,sim_state_odom_plus_spawn (independent of AMCL),-6.0113,-1.0000,-3.1413,,
1790754430972090915,10.267,map,sim_state_odom_plus_spawn (independent of AMCL),-6.0113,-1.0000,-3.1413,,
1790754431015155233,10.283,map,sim_state_odom_plus_spawn (independent of AMCL),-6.0114,-1.0000,-3.1413,,
1790754431061084754,10.300,map,sim_state_odom_plus_spawn (independent of AMCL),-6.0114,-1.0000,-3.1413,,
1790754431098407320,10.317,map,sim_state_odom_plus_spawn (independent of AMCL),-6.0114,-1.0000,-3.1413,,
1790754431156990038,10.333,map,sim_state_odom_plus_spawn (independent of AMCL),-6.0114,-1.0000,-3.1413,,
1790754431192646438,10.350,map,sim_state_odom_plus_spawn (independent of AMCL),-6.0114,-1.0000,-3.1413,,
1790754431242185171,10.367,map,sim_state_odom_plus_spawn (independent of AMCL),-6.0114,-1.0000,-3.1413,,
1790754431277901486,10.383,map,sim_state_odom_plus_spawn (independent of AMCL),-6.0115,-1.0000,-3.1413,,
1790754431333621719,10.400,map,sim_state_odom_plus_spawn (independent of AMCL),-6.0115,-1.0000,-3.1413,,
1790754431366694579,10.417,map,sim_state_odom_plus_spawn (independent of AMCL),-6.0115,-1.0000,-3.1413,,
1790754431425133184,10.433,map,sim_state_odom_plus_spawn (independent of AMCL),-6.0115,-1.0000,-3.1413,,
1790754431467319976,10.450,map,sim_state_odom_plus_spawn (independent of AMCL),-6.0115,-1.0000,-3.1413,,
1790754431516925093,10.467,map,sim_state_odom_plus_spawn (independent of AMCL),-6.0116,-1.0000,-3.1413,,
1790754431551929936,10.483,map,sim_state_odom_plus_spawn (independent of AMCL),-6.0116,-1.0000,-3.1413,,
1790754431606167779,10.500,map,sim_state_odom_plus_spawn (independent of AMCL),-6.0116,-1.0000,-3.1413,,
1790754431645068185,10.517,map,sim_state_odom_plus_spawn (independent of AMCL),-6.0116,-1.0000,-3.1413,,
1790754431713384045,10.533,map,sim_state_odom_plus_spawn (independent of AMCL),-6.0116,-1.0000,-3.1413,,
1790754431750130625,10.550,map,sim_state_odom_plus_spawn (independent of AMCL),-6.0117,-1.0000,-3.1413,,
1790754431801606685,10.567,map,sim_state_odom_plus_spawn (independent of AMCL),-6.0117,-1.0000,-3.1413,,
1790754431835084038,10.583,map,sim_state_odom_plus_spawn (independent of AMCL),-6.0117,-1.0000,-3.1413,,
1790754431890197251,10.600,map,sim_state_odom_plus_spawn (independent of AMCL),-6.0117,-1.0000,-3.1413,,
1790754431935646426,10.617,map,sim_state_odom_plus_spawn (independent of AMCL),-6.0117,-1.0000,-3.1413,,
1790754431987636400,10.633,map,sim_state_odom_plus_spawn (independent of AMCL),-6.0117,-1.0000,-3.1413,,
1790754432028123460,10.650,map,sim_state_odom_plus_spawn (independent of AMCL),-6.0118,-1.0000,-3.1413,,
1790754432081216272,10.667,map,sim_state_odom_plus_spawn (independent of AMCL),-6.0118,-1.0000,-3.1413,,
1790754432118788622,10.683,map,sim_state_odom_plus_spawn (independent of AMCL),-6.0118,-1.0000,-3.1413,,
1790754432173403298,10.700,map,sim_state_odom_plus_spawn (independent of AMCL),-6.0118,-1.0000,-3.1413,,
1790754432205051057,10.717,map,sim_state_odom_plus_spawn (independent of AMCL),-6.0118,-1.0000,-3.1413,,
1790754432258625998,10.733,map,sim_state_odom_plus_spawn (independent of AMCL),-6.0119,-1.0000,-3.1413,,
1790754432295321102,10.750,map,sim_state_odom_plus_spawn (independent of AMCL),-6.0119,-1.0000,-3.1413,,
1790754432350124335,10.767,map,sim_state_odom_plus_spawn (independent of AMCL),-6.0119,-1.0000,-3.1413,,
1790754432393936787,10.783,map,sim_state_odom_plus_spawn (independent of AMCL),-6.0119,-1.0000,-3.1413,,
1790754432437150469,10.800,map,sim_state_odom_plus_spawn (independent of AMCL),-6.0119,-1.0000,-3.1413,,
1790754432473953869,10.817,map,sim_state_odom_plus_spawn (independent of AMCL),-6.0120,-1.0000,-3.1413,,
1790754432528785700,10.833,map,sim_state_odom_plus_spawn (independent of AMCL),-6.0120,-1.0000,-3.1413,,
1790754432560688401,10.850,map,sim_state_odom_plus_spawn (independent of AMCL),-6.0120,-1.0000,-3.1413,,
1790754432615946759,10.867,map,sim_state_odom_plus_spawn (independent of AMCL),-6.0120,-1.0000,-3.1413,,
1790754432651004483,10.883,map,sim_state_odom_plus_spawn (independent of AMCL),-6.0120,-1.0000,-3.1413,,
1790754432706939621,10.900,map,sim_state_odom_plus_spawn (independent of AMCL),-6.0121,-1.0000,-3.1413,,
1790754432743562341,10.917,map,sim_state_odom_plus_spawn (independent of AMCL),-6.0121,-1.0000,-3.1413,,
1790754432797391660,10.933,map,sim_state_odom_plus_spawn (independent of AMCL),-6.0121,-1.0000,-3.1413,,
1790754432831042005,10.950,map,sim_state_odom_plus_spawn (independent of AMCL),-6.0121,-1.0000,-3.1413,,
1790754432883163435,10.967,map,sim_state_odom_plus_spawn (independent of AMCL),-6.0121,-1.0000,-3.1413,,
1790754432919930549,10.983,map,sim_state_odom_plus_spawn (independent of AMCL),-6.0121,-1.0000,-3.1413,,
1790754432974374483,11.000,map,sim_state_odom_plus_spawn (independent of AMCL),-6.0122,-1.0000,-3.1413,,
1790754433010127271,11.017,map,sim_state_odom_plus_spawn (independent of AMCL),-6.0122,-1.0000,-3.1413,,
1790754433078645096,11.033,map,sim_state_odom_plus_spawn (independent of AMCL),-6.0122,-1.0000,-3.1413,,
1790754433112551507,11.050,map,sim_state_odom_plus_spawn (independent of AMCL),-6.0122,-1.0000,-3.1413,,
1790754433167179592,11.067,map,sim_state_odom_plus_spawn (independent of AMCL),-6.0122,-1.0000,-3.1413,,
1790754433202918691,11.083,map,sim_state_odom_plus_spawn (independent of AMCL),-6.0123,-1.0000,-3.1413,,
1790754433257259674,11.100,map,sim_state_odom_plus_spawn (independent of AMCL),-6.0123,-1.0000,-3.1413,,
1790754433291213435,11.117,map,sim_state_odom_plus_spawn (independent of AMCL),-6.0123,-1.0000,-3.1413,,
1790754433345262815,11.133,map,sim_state_odom_plus_spawn (independent of AMCL),-6.0123,-1.0000,-3.1413,,
1790754433381049546,11.150,map,sim_state_odom_plus_spawn (independent of AMCL),-6.0123,-1.0000,-3.1413,,
1790754433437013563,11.167,map,sim_state_odom_plus_spawn (independent of AMCL),-6.0124,-1.0000,-3.1413,,
1790754433476693700,11.183,map,sim_state_odom_plus_spawn (independent of AMCL),-6.0124,-1.0000,-3.1413,,
1790754433526520566,11.200,map,sim_state_odom_plus_spawn (independent of AMCL),-6.0124,-1.0000,-3.1413,,
1790754433559773638,11.217,map,sim_state_odom_plus_spawn (independent of AMCL),-6.0124,-1.0000,-3.1413,,
1790754433616551891,11.233,map,sim_state_odom_plus_spawn (independent of AMCL),-6.0124,-1.0000,-3.1414,,
1790754433652998337,11.250,map,sim_state_odom_plus_spawn (independent of AMCL),-6.0124,-1.0000,-3.1414,,
1790754433706707546,11.267,map,sim_state_odom_plus_spawn (independent of AMCL),-6.0125,-1.0000,-3.1414,,
1790754433756160392,11.283,map,sim_state_odom_plus_spawn (independent of AMCL),-6.0125,-1.0000,-3.1414,,
1790754433801424386,11.300,map,sim_state_odom_plus_spawn (independent of AMCL),-6.0125,-1.0000,-3.1414,,
1790754433836981210,11.317,map,sim_state_odom_plus_spawn (independent of AMCL),-6.0125,-1.0000,-3.1414,,
1790754433891481402,11.333,map,sim_state_odom_plus_spawn (independent of AMCL),-6.0125,-1.0000,-3.1414,,
1790754433926677051,11.350,map,sim_state_odom_plus_spawn (independent of AMCL),-6.0126,-1.0000,-3.1414,,
1790754433980462583,11.367,map,sim_state_odom_plus_spawn (independent of AMCL),-6.0126,-1.0000,-3.1414,,
1790754434022488478,11.383,map,sim_state_odom_plus_spawn (independent of AMCL),-6.0126,-1.0000,-3.1414,,
1790754434072859263,11.400,map,sim_state_odom_plus_spawn (independent of AMCL),-6.0126,-1.0000,-3.1414,,
1790754434107656889,11.417,map,sim_state_odom_plus_spawn (independent of AMCL),-6.0126,-1.0000,-3.1414,,
1790754434166127561,11.433,map,sim_state_odom_plus_spawn (independent of AMCL),-6.0127,-1.0000,-3.1414,,
1790754434202541658,11.450,map,sim_state_odom_plus_spawn (independent of AMCL),-6.0127,-1.0000,-3.1414,,
1790754434256872046,11.467,map,sim_state_odom_plus_spawn (independent of AMCL),-6.0127,-1.0000,-3.1414,,
1790754434292853803,11.483,map,sim_state_odom_plus_spawn (independent of AMCL),-6.0127,-1.0000,-3.1414,,
1790754434345647793,11.500,map,sim_state_odom_plus_spawn (independent of AMCL),-6.0127,-1.0000,-3.1414,,
1790754434381484593,11.517,map,sim_state_odom_plus_spawn (independent of AMCL),-6.0127,-1.0000,-3.1414,,
1790754434446705036,11.533,map,sim_state_odom_plus_spawn (independent of AMCL),-6.0128,-1.0000,-3.1414,,
1790754434478240607,11.550,map,sim_state_odom_plus_spawn (independent of AMCL),-6.0128,-1.0000,-3.1414,,
1790754434529062964,11.567,map,sim_state_odom_plus_spawn (independent of AMCL),-6.0128,-1.0000,-3.1414,,
1790754434564390480,11.583,map,sim_state_odom_plus_spawn (independent of AMCL),-6.0128,-1.0000,-3.1414,,
1790754434624503003,11.600,map,sim_state_odom_plus_spawn (independent of AMCL),-6.0128,-1.0000,-3.1414,,
1790754434656166670,11.617,map,sim_state_odom_plus_spawn (independent of AMCL),-6.0129,-1.0000,-3.1414,,
1790754434713750508,11.633,map,sim_state_odom_plus_spawn (independent of AMCL),-6.0129,-1.0000,-3.1414,,
1790754434749318121,11.650,map,sim_state_odom_plus_spawn (independent of AMCL),-6.0129,-1.0000,-3.1414,,
1790754434806334518,11.667,map,sim_state_odom_plus_spawn (independent of AMCL),-6.0129,-1.0000,-3.1414,,
1790754434844672606,11.683,map,sim_state_odom_plus_spawn (independent of AMCL),-6.0129,-1.0000,-3.1414,,
1790754434904784376,11.700,map,sim_state_odom_plus_spawn (independent of AMCL),-6.0129,-1.0000,-3.1414,,
1790754434948569108,11.717,map,sim_state_odom_plus_spawn (independent of AMCL),-6.0130,-1.0000,-3.1414,,
1790754435007414230,11.733,map,sim_state_odom_plus_spawn (independent of AMCL),-6.0130,-1.0000,-3.1414,,
1790754435047316099,11.750,map,sim_state_odom_plus_spawn (independent of AMCL),-6.0130,-1.0000,-3.1414,,
1790754435105569497,11.767,map,sim_state_odom_plus_spawn (independent of AMCL),-6.0130,-1.0000,-3.1414,,
1790754435159950950,11.783,map,sim_state_odom_plus_spawn (independent of AMCL),-6.0130,-1.0000,-3.1414,,
1790754435201748932,11.800,map,sim_state_odom_plus_spawn (independent of AMCL),-6.0131,-1.0000,-3.1414,,
1790754435233970910,11.817,map,sim_state_odom_plus_spawn (independent of AMCL),-6.0131,-1.0000,-3.1414,,
1790754435290774882,11.833,map,sim_state_odom_plus_spawn (independent of AMCL),-6.0131,-1.0000,-3.1414,,
1790754435325678864,11.850,map,sim_state_odom_plus_spawn (independent of AMCL),-6.0131,-1.0000,-3.1414,,
1790754435381608474,11.867,map,sim_state_odom_plus_spawn (independent of AMCL),-6.0131,-1.0000,-3.1414,,
1790754435414085043,11.883,map,sim_state_odom_plus_spawn (independent of AMCL),-6.0132,-1.0000,-3.1414,,
1790754435465473900,11.900,map,sim_state_odom_plus_spawn (independent of AMCL),-6.0132,-1.0000,-3.1414,,
1790754435503518244,11.917,map,sim_state_odom_plus_spawn (independent of AMCL),-6.0132,-1.0000,-3.1414,,
1790754435558292830,11.933,map,sim_state_odom_plus_spawn (independent of AMCL),-6.0132,-1.0000,-3.1414,,
1790754435589854848,11.950,map,sim_state_odom_plus_spawn (independent of AMCL),-6.0132,-1.0000,-3.1414,,
1790754435644047217,11.967,map,sim_state_odom_plus_spawn (independent of AMCL),-6.0132,-1.0000,-3.1414,,
1790754435678994023,11.983,map,sim_state_odom_plus_spawn (independent of AMCL),-6.0133,-1.0000,-3.1414,,
1790754435731804824,12.000,map,sim_state_odom_plus_spawn (independent of AMCL),-6.0133,-1.0000,-3.1414,,
1790754435766134965,12.017,map,sim_state_odom_plus_spawn (independent of AMCL),-6.0133,-1.0000,-3.1414,,
1790754435833400879,12.033,map,sim_state_odom_plus_spawn (independent of AMCL),-6.0133,-1.0000,-3.1414,,
1790754435868675312,12.050,map,sim_state_odom_plus_spawn (independent of AMCL),-6.0133,-1.0000,-3.1414,,
1790754435920418808,12.067,map,sim_state_odom_plus_spawn (independent of AMCL),-6.0134,-1.0000,-3.1414,,
1790754435960158134,12.083,map,sim_state_odom_plus_spawn (independent of AMCL),-6.0134,-1.0000,-3.1414,,
1790754436011196588,12.100,map,sim_state_odom_plus_spawn (independent of AMCL),-6.0134,-1.0000,-3.1414,,
1790754436046458691,12.117,map,sim_state_odom_plus_spawn (independent of AMCL),-6.0134,-1.0000,-3.1414,,
1790754436106696298,12.133,map,sim_state_odom_plus_spawn (independent of AMCL),-6.0134,-1.0000,-3.1414,,
1790754436136624794,12.150,map,sim_state_odom_plus_spawn (independent of AMCL),-6.0134,-1.0000,-3.1414,,
1790754436190114284,12.167,map,sim_state_odom_plus_spawn (independent of AMCL),-6.0135,-1.0000,-3.1414,,
1790754436225519354,12.183,map,sim_state_odom_plus_spawn (independent of AMCL),-6.0135,-1.0000,-3.1414,,
1790754436279890265,12.200,map,sim_state_odom_plus_spawn (independent of AMCL),-6.0135,-1.0000,-3.1414,,
1790754436318034092,12.217,map,sim_state_odom_plus_spawn (independent of AMCL),-6.0135,-1.0000,-3.1414,,
1790754436374610015,12.233,map,sim_state_odom_plus_spawn (independent of AMCL),-6.0135,-1.0000,-3.1414,,
1790754436410884929,12.250,map,sim_state_odom_plus_spawn (independent of AMCL),-6.0136,-1.0000,-3.1414,,
1790754436463131583,12.267,map,sim_state_odom_plus_spawn (independent of AMCL),-6.0136,-1.0000,-3.1414,,
1790754436507679617,12.283,map,sim_state_odom_plus_spawn (independent of AMCL),-6.0136,-1.0000,-3.1414,,
1790754436550798083,12.300,map,sim_state_odom_plus_spawn (independent of AMCL),-6.0136,-1.0000,-3.1414,,
1790754436584349393,12.317,map,sim_state_odom_plus_spawn (independent of AMCL),-6.0136,-1.0000,-3.1414,,
1790754436642955830,12.333,map,sim_state_odom_plus_spawn (independent of AMCL),-6.0137,-1.0000,-3.1414,,
1790754436674211963,12.350,map,sim_state_odom_plus_spawn (independent of AMCL),-6.0137,-1.0000,-3.1414,,
1790754436728855818,12.367,map,sim_state_odom_plus_spawn (independent of AMCL),-6.0137,-1.0000,-3.1414,,
1790754436764893929,12.383,map,sim_state_odom_plus_spawn (independent of AMCL),-6.0137,-1.0000,-3.1414,,
1790754436821392392,12.400,map,sim_state_odom_plus_spawn (independent of AMCL),-6.0137,-1.0000,-3.1414,,
1790754436859219039,12.417,map,sim_state_odom_plus_spawn (independent of AMCL),-6.0137,-1.0000,-3.1414,,
1790754436916890220,12.433,map,sim_state_odom_plus_spawn (independent of AMCL),-6.0138,-1.0000,-3.1414,,
1790754436952250772,12.450,map,sim_state_odom_plus_spawn (independent of AMCL),-6.0138,-1.0000,-3.1414,,
1790754437004726793,12.467,map,sim_state_odom_plus_spawn (independent of AMCL),-6.0138,-1.0000,-3.1414,,
1790754437039556045,12.483,map,sim_state_odom_plus_spawn (independent of AMCL),-6.0138,-1.0000,-3.1414,,
1790754437093897403,12.500,map,sim_state_odom_plus_spawn (independent of AMCL),-6.0138,-1.0000,-3.1414,,
1790754437123860440,12.517,map,sim_state_odom_plus_spawn (independent of AMCL),-6.0139,-1.0000,-3.1414,,
1790754437191999681,12.533,map,sim_state_odom_plus_spawn (independent of AMCL),-6.0139,-1.0000,-3.1414,,
1790754437224689052,12.550,map,sim_state_odom_plus_spawn (independent of AMCL),-6.0139,-1.0000,-3.1414,,
1790754437281897828,12.567,map,sim_state_odom_plus_spawn (independent of AMCL),-6.0139,-1.0000,-3.1414,,
1790754437311650040,12.583,map,sim_state_odom_plus_spawn (independent of AMCL),-6.0139,-1.0000,-3.1414,,
1790754437363825446,12.600,map,sim_state_odom_plus_spawn (independent of AMCL),-6.0139,-1.0000,-3.1414,,
1790754437399400588,12.617,map,sim_state_odom_plus_spawn (independent of AMCL),-6.0140,-1.0000,-3.1414,,
1790754437452998221,12.633,map,sim_state_odom_plus_spawn (independent of AMCL),-6.0140,-1.0000,-3.1414,,
1790754437488754729,12.650,map,sim_state_odom_plus_spawn (independent of AMCL),-6.0140,-1.0000,-3.1414,,
1790754437543726400,12.667,map,sim_state_odom_plus_spawn (independent of AMCL),-6.0140,-1.0000,-3.1414,,
1790754437575251994,12.683,map,sim_state_odom_plus_spawn (independent of AMCL),-6.0140,-1.0000,-3.1414,,
1790754437628320116,12.700,map,sim_state_odom_plus_spawn (independent of AMCL),-6.0141,-1.0000,-3.1414,,
1790754437661565822,12.717,map,sim_state_odom_plus_spawn (independent of AMCL),-6.0141,-1.0000,-3.1414,,
1790754437722277881,12.733,map,sim_state_odom_plus_spawn (independent of AMCL),-6.0141,-1.0000,-3.1414,,
1790754437754019948,12.750,map,sim_state_odom_plus_spawn (independent of AMCL),-6.0141,-1.0000,-3.1414,,
1790754437808555191,12.767,map,sim_state_odom_plus_spawn (independent of AMCL),-6.0141,-1.0000,-3.1414,,
1790754437855831064,12.783,map,sim_state_odom_plus_spawn (independent of AMCL),-6.0142,-1.0000,-3.1414,,
1790754437897753377,12.800,map,sim_state_odom_plus_spawn (independent of AMCL),-6.0142,-1.0000,-3.1414,,
1790754437931124167,12.817,map,sim_state_odom_plus_spawn (independent of AMCL),-6.0142,-1.0000,-3.1414,,
1790754437987438063,12.833,map,sim_state_odom_plus_spawn (independent of AMCL),-6.0142,-1.0000,-3.1414,,
1790754438820254712,12.850,map,sim_state_odom_plus_spawn (independent of AMCL),-6.0142,-1.0000,-3.1414,,
1790754440008474313,12.867,map,sim_state_odom_plus_spawn (independent of AMCL),-6.0142,-1.0000,-3.1414,,
1790754440046210795,12.883,map,sim_state_odom_plus_spawn (independent of AMCL),-6.0143,-1.0000,-3.1414,,
1790754440108969933,12.900,map,sim_state_odom_plus_spawn (independent of AMCL),-6.0143,-1.0000,-3.1414,,
1790754440143774714,12.917,map,sim_state_odom_plus_spawn (independent of AMCL),-6.0143,-1.0000,-3.1414,,
1790754440212114146,12.933,map,sim_state_odom_plus_spawn (independent of AMCL),-6.0143,-1.0000,-3.1414,,
1790754440249438012,12.950,map,sim_state_odom_plus_spawn (independent of AMCL),-6.0143,-1.0000,-3.1414,,
1790754440303252964,12.967,map,sim_state_odom_plus_spawn (independent of AMCL),-6.0144,-1.0000,-3.1414,,
1790754440338000709,12.983,map,sim_state_odom_plus_spawn (independent of AMCL),-6.0144,-1.0000,-3.1414,,
1790754440396982304,13.000,map,sim_state_odom_plus_spawn (independent of AMCL),-6.0144,-1.0000,-3.1414,,
1790754440430833475,13.017,map,sim_state_odom_plus_spawn (independent of AMCL),-6.0144,-1.0000,-3.1414,,
1790754440504369571,13.033,map,sim_state_odom_plus_spawn (independent of AMCL),-6.0144,-1.0000,-3.1414,,
1790754440538740183,13.050,map,sim_state_odom_plus_spawn (independent of AMCL),-6.0144,-1.0000,-3.1414,,
1790754440591852352,13.067,map,sim_state_odom_plus_spawn (independent of AMCL),-6.0145,-1.0000,-3.1414,,
1790754440625530345,13.083,map,sim_state_odom_plus_spawn (independent of AMCL),-6.0145,-1.0000,-3.1414,,
1790754440681826735,13.100,map,sim_state_odom_plus_spawn (independent of AMCL),-6.0145,-1.0000,-3.1414,,
1790754440717458254,13.117,map,sim_state_odom_plus_spawn (independent of AMCL),-6.0145,-1.0000,-3.1414,,
1790754440770168443,13.133,map,sim_state_odom_plus_spawn (independent of AMCL),-6.0145,-1.0000,-3.1414,,
1790754440805142167,13.150,map,sim_state_odom_plus_spawn (independent of AMCL),-6.0146,-1.0000,-3.1414,,
1790754440860231203,13.167,map,sim_state_odom_plus_spawn (independent of AMCL),-6.0146,-1.0000,-3.1414,,
1790754440889755459,13.183,map,sim_state_odom_plus_spawn (independent of AMCL),-6.0146,-1.0000,-3.1414,,
1790754440948614605,13.200,map,sim_state_odom_plus_spawn (independent of AMCL),-6.0146,-1.0000,-3.1414,,
1790754440985216110,13.217,map,sim_state_odom_plus_spawn (independent of AMCL),-6.0146,-1.0000,-3.1414,,
1790754441042461592,13.233,map,sim_state_odom_plus_spawn (independent of AMCL),-6.0146,-1.0000,-3.1414,,
1790754441081452299,13.250,map,sim_state_odom_plus_spawn (independent of AMCL),-6.0147,-1.0000,-3.1414,,
1790754441135186686,13.267,map,sim_state_odom_plus_spawn (independent of AMCL),-6.0147,-1.0000,-3.1414,,
1790754441185788618,13.283,map,sim_state_odom_plus_spawn (independent of AMCL),-6.0147,-1.0000,-3.1414,,
1790754441224844078,13.300,map,sim_state_odom_plus_spawn (independent of AMCL),-6.0147,-1.0000,-3.1414,,
1790754441259121324,13.317,map,sim_state_odom_plus_spawn (independent of AMCL),-6.0147,-1.0000,-3.1414,,
1790754441318134071,13.333,map,sim_state_odom_plus_spawn (independent of AMCL),-6.0148,-1.0000,-3.1414,,
1790754441350496474,13.350,map,sim_state_odom_plus_spawn (independent of AMCL),-6.0148,-1.0000,-3.1414,,
1790754441405164141,13.367,map,sim_state_odom_plus_spawn (independent of AMCL),-6.0148,-1.0000,-3.1414,,
1790754441444213672,13.383,map,sim_state_odom_plus_spawn (independent of AMCL),-6.0148,-1.0000,-3.1414,,
1790754441498681996,13.400,map,sim_state_odom_plus_spawn (independent of AMCL),-6.0148,-1.0000,-3.1414,,
1790754441533292987,13.417,map,sim_state_odom_plus_spawn (independent of AMCL),-6.0149,-1.0000,-3.1414,,
1790754441588619485,13.433,map,sim_state_odom_plus_spawn (independent of AMCL),-6.0149,-1.0000,-3.1414,,
1790754441628680696,13.450,map,sim_state_odom_plus_spawn (independent of AMCL),-6.0149,-1.0000,-3.1414,,
1790754441678411183,13.467,map,sim_state_odom_plus_spawn (independent of AMCL),-6.0149,-1.0000,-3.1414,,
1790754441713767123,13.483,map,sim_state_odom_plus_spawn (independent of AMCL),-6.0149,-1.0000,-3.1414,,
1790754441765563702,13.500,map,sim_state_odom_plus_spawn (independent of AMCL),-6.0149,-1.0000,-3.1414,,
1790754441798657689,13.517,map,sim_state_odom_plus_spawn (independent of AMCL),-6.0150,-1.0000,-3.1414,,
1790754441863409413,13.533,map,sim_state_odom_plus_spawn (independent of AMCL),-6.0150,-1.0000,-3.1414,,
1790754441894960419,13.550,map,sim_state_odom_plus_spawn (independent of AMCL),-6.0150,-1.0000,-3.1414,,
1790754441952171454,13.567,map,sim_state_odom_plus_spawn (independent of AMCL),-6.0150,-1.0000,-3.1414,,
1790754441984897720,13.583,map,sim_state_odom_plus_spawn (independent of AMCL),-6.0150,-1.0000,-3.1414,,
1790754442037877087,13.600,map,sim_state_odom_plus_spawn (independent of AMCL),-6.0151,-1.0000,-3.1414,,
1790754442075474179,13.617,map,sim_state_odom_plus_spawn (independent of AMCL),-6.0151,-1.0000,-3.1414,,
1790754442129975633,13.633,map,sim_state_odom_plus_spawn (independent of AMCL),-6.0151,-1.0000,-3.1414,,
1790754442168177438,13.650,map,sim_state_odom_plus_spawn (independent of AMCL),-6.0151,-1.0000,-3.1414,,
1790754442219472647,13.667,map,sim_state_odom_plus_spawn (independent of AMCL),-6.0151,-1.0000,-3.1414,,
1790754442258625049,13.683,map,sim_state_odom_plus_spawn (independent of AMCL),-6.0151,-1.0000,-3.1414,,
1790754442312410072,13.700,map,sim_state_odom_plus_spawn (independent of AMCL),-6.0152,-1.0000,-3.1414,,
1790754442350255731,13.717,map,sim_state_odom_plus_spawn (independent of AMCL),-6.0152,-1.0000,-3.1414,,
1790754442408768709,13.733,map,sim_state_odom_plus_spawn (independent of AMCL),-6.0152,-1.0000,-3.1414,,
1790754442440867015,13.750,map,sim_state_odom_plus_spawn (independent of AMCL),-6.0152,-1.0000,-3.1414,,
1790754442493235741,13.767,map,sim_state_odom_plus_spawn (independent of AMCL),-6.0152,-1.0000,-3.1414,,
1790754442539578335,13.783,map,sim_state_odom_plus_spawn (independent of AMCL),-6.0153,-1.0000,-3.1414,,
1790754442586042341,13.800,map,sim_state_odom_plus_spawn (independent of AMCL),-6.0153,-1.0000,-3.1414,,
1790754442621954051,13.817,map,sim_state_odom_plus_spawn (independent of AMCL),-6.0153,-1.0000,-3.1414,,
1790754442679036991,13.833,map,sim_state_odom_plus_spawn (independent of AMCL),-6.0153,-1.0000,-3.1414,,
1790754442717240583,13.850,map,sim_state_odom_plus_spawn (independent of AMCL),-6.0153,-1.0000,-3.1414,,
1790754442767913857,13.867,map,sim_state_odom_plus_spawn (independent of AMCL),-6.0153,-1.0000,-3.1414,,
1790754442801914112,13.883,map,sim_state_odom_plus_spawn (independent of AMCL),-6.0154,-1.0000,-3.1414,,
1790754442855566051,13.900,map,sim_state_odom_plus_spawn (independent of AMCL),-6.0154,-1.0000,-3.1414,,
1790754442891398796,13.917,map,sim_state_odom_plus_spawn (independent of AMCL),-6.0154,-1.0000,-3.1414,,
1790754442949873655,13.933,map,sim_state_odom_plus_spawn (independent of AMCL),-6.0154,-1.0000,-3.1414,,
1790754442985716753,13.950,map,sim_state_odom_plus_spawn (independent of AMCL),-6.0154,-1.0000,-3.1414,,
1790754443040522492,13.967,map,sim_state_odom_plus_spawn (independent of AMCL),-6.0155,-1.0000,-3.1414,,
1790754443077328611,13.983,map,sim_state_odom_plus_spawn (independent of AMCL),-6.0155,-1.0000,-3.1414,,
1790754443131246436,14.000,map,sim_state_odom_plus_spawn (independent of AMCL),-6.0155,-1.0000,-3.1414,,
1790754443168393735,14.017,map,sim_state_odom_plus_spawn (independent of AMCL),-6.0155,-1.0000,-3.1414,,
1790754443232695572,14.033,map,sim_state_odom_plus_spawn (independent of AMCL),-6.0155,-1.0000,-3.1414,,
1790754443275111537,14.050,map,sim_state_odom_plus_spawn (independent of AMCL),-6.0156,-1.0000,-3.1414,,
1790754443323992698,14.067,map,sim_state_odom_plus_spawn (independent of AMCL),-6.0156,-1.0000,-3.1414,,
1790754443359354379,14.083,map,sim_state_odom_plus_spawn (independent of AMCL),-6.0156,-1.0000,-3.1414,,
1790754443411326489,14.100,map,sim_state_odom_plus_spawn (independent of AMCL),-6.0156,-1.0000,-3.1414,,
1790754443447674345,14.117,map,sim_state_odom_plus_spawn (independent of AMCL),-6.0156,-1.0000,-3.1414,,
1790754424623859353,8.217,map,tf map->odom (AMCL) + odom->base_link (estimate),-6.0036,-1.0000,-3.1416,,
1790754424677698561,8.233,map,tf map->odom (AMCL) + odom->base_link (estimate),-6.0036,-1.0000,-3.1416,,
1790754424749373730,8.250,map,tf map->odom (AMCL) + odom->base_link (estimate),-6.0036,-1.0000,3.1416,,
1790754424806287105,8.267,map,tf map->odom (AMCL) + odom->base_link (estimate),-6.0036,-1.0000,-3.1416,,
1790754424888074074,8.283,map,tf map->odom (AMCL) + odom->base_link (estimate),-6.0036,-1.0000,-3.1416,,
1790754424944490939,8.300,map,tf map->odom (AMCL) + odom->base_link (estimate),-6.0037,-1.0000,-3.1416,,
1790754425005475812,8.317,map,tf map->odom (AMCL) + odom->base_link (estimate),-6.0037,-1.0000,3.1416,,
1790754425067764413,8.333,map,tf map->odom (AMCL) + odom->base_link (estimate),-6.0037,-1.0000,3.1416,,
1790754425127988076,8.350,map,tf map->odom (AMCL) + odom->base_link (estimate),-6.0037,-1.0000,3.1416,,
1790754425192865577,8.367,map,tf map->odom (AMCL) + odom->base_link (estimate),-6.0037,-1.0000,-3.1416,,
1790754425257374467,8.383,map,tf map->odom (AMCL) + odom->base_link (estimate),-6.0038,-1.0000,3.1416,,
1790754425309248808,8.400,map,tf map->odom (AMCL) + odom->base_link (estimate),-6.0038,-1.0000,3.1416,,
1790754425364640044,8.417,map,tf map->odom (AMCL) + odom->base_link (estimate),-6.0038,-1.0000,-3.1416,,
1790754425420815446,8.433,map,tf map->odom (AMCL) + odom->base_link (estimate),-6.0038,-1.0000,-3.1416,,
1790754425471641297,8.450,map,tf map->odom (AMCL) + odom->base_link (estimate),-6.0038,-1.0000,-3.1416,,
1790754425522153537,8.467,map,tf map->odom (AMCL) + odom->base_link (estimate),-6.0038,-1.0000,-3.1416,,
1790754425585888567,8.483,map,tf map->odom (AMCL) + odom->base_link (estimate),-6.0039,-1.0000,-3.1416,,
1790754425637775370,8.500,map,tf map->odom (AMCL) + odom->base_link (estimate),-6.0039,-1.0000,-3.1416,,
1790754425696112781,8.517,map,tf map->odom (AMCL) + odom->base_link (estimate),-6.0039,-1.0000,3.1416,,
1790754425788983113,8.533,map,tf map->odom (AMCL) + odom->base_link (estimate),-6.0039,-1.0000,3.1416,,
1790754425848450720,8.550,map,tf map->odom (AMCL) + odom->base_link (estimate),-6.0039,-1.0000,3.1416,,
1790754425897750309,8.567,map,tf map->odom (AMCL) + odom->base_link (estimate),-6.0040,-1.0000,-3.1416,,
1790754425949860490,8.583,map,tf map->odom (AMCL) + odom->base_link (estimate),-6.0040,-1.0000,-3.1416,,
1790754426003355635,8.600,map,tf map->odom (AMCL) + odom->base_link (estimate),-6.0040,-1.0000,-3.1416,,
1790754426057671208,8.617,map,tf map->odom (AMCL) + odom->base_link (estimate),-6.0040,-1.0000,-3.1416,,
1790754426111449042,8.633,map,tf map->odom (AMCL) + odom->base_link (estimate),-6.0040,-1.0000,-3.1416,,
1790754426173283577,8.650,map,tf map->odom (AMCL) + odom->base_link (estimate),-6.0041,-1.0000,-3.1416,,
1790754426227159140,8.667,map,tf map->odom (AMCL) + odom->base_link (estimate),-6.0041,-1.0000,3.1416,,
1790754426283972163,8.683,map,tf map->odom (AMCL) + odom->base_link (estimate),-6.0041,-1.0000,3.1416,,
1790754426340893128,8.700,map,tf map->odom (AMCL) + odom->base_link (estimate),-6.0041,-1.0000,3.1416,,
1790754426399001164,8.717,map,tf map->odom (AMCL) + odom->base_link (estimate),-6.0041,-1.0000,-3.1416,,
1790754426457902783,8.733,map,tf map->odom (AMCL) + odom->base_link (estimate),-6.0041,-1.0000,-3.1416,,
1790754426510555754,8.750,map,tf map->odom (AMCL) + odom->base_link (estimate),-6.0042,-1.0000,3.1416,,
1790754426562892463,8.767,map,tf map->odom (AMCL) + odom->base_link (estimate),-6.0042,-1.0000,-3.1416,,
1790754426623625819,8.783,map,tf map->odom (AMCL) + odom->base_link (estimate),-6.0042,-1.0000,-3.1416,,
1790754426671534298,8.800,map,tf map->odom (AMCL) + odom->base_link (estimate),-6.0042,-1.0000,-3.1416,,
1790754426726146255,8.817,map,tf map->odom (AMCL) + odom->base_link (estimate),-6.0042,-1.0000,-3.1416,,
1790754426779785142,8.833,map,tf map->odom (AMCL) + odom->base_link (estimate),-6.0043,-1.0000,-3.1416,,
1790754426839502672,8.850,map,tf map->odom (AMCL) + odom->base_link (estimate),-6.0043,-1.0000,-3.1416,,
1790754426887971009,8.867,map,tf map->odom (AMCL) + odom->base_link (estimate),-6.0043,-1.0000,-3.1416,,
1790754426933300167,8.883,map,tf map->odom (AMCL) + odom->base_link (estimate),-6.0043,-1.0000,3.1416,,
1790754426990727165,8.900,map,tf map->odom (AMCL) + odom->base_link (estimate),-6.0043,-1.0000,3.1416,,
1790754427043473524,8.917,map,tf map->odom (AMCL) + odom->base_link (estimate),-6.0043,-1.0000,-3.1416,,
1790754427096368966,8.933,map,tf map->odom (AMCL) + odom->base_link (estimate),-6.0044,-1.0000,-3.1416,,
1790754427133950504,8.950,map,tf map->odom (AMCL) + odom->base_link (estimate),-6.0044,-1.0000,3.1416,,
1790754427187373642,8.967,map,tf map->odom (AMCL) + odom->base_link (estimate),-6.0044,-1.0000,3.1416,,
1790754427229132032,8.983,map,tf map->odom (AMCL) + odom->base_link (estimate),-6.0044,-1.0000,3.1416,,
1790754427280057142,9.000,map,tf map->odom (AMCL) + odom->base_link (estimate),-6.0044,-1.0000,3.1416,,
1790754427320552172,9.017,map,tf map->odom (AMCL) + odom->base_link (estimate),-6.0045,-1.0000,3.1416,,
1790754427392048184,9.033,map,tf map->odom (AMCL) + odom->base_link (estimate),-6.0045,-1.0000,3.1416,,
1790754427430249026,9.050,map,tf map->odom (AMCL) + odom->base_link (estimate),-6.0045,-1.0000,3.1416,,
1790754427483641785,9.067,map,tf map->odom (AMCL) + odom->base_link (estimate),-6.0045,-1.0000,3.1416,,
1790754427519255805,9.083,map,tf map->odom (AMCL) + odom->base_link (estimate),-6.0045,-1.0000,-3.1415,,
1790754427579832108,9.100,map,tf map->odom (AMCL) + odom->base_link (estimate),-6.0046,-1.0000,-3.1414,,
1790754427650743416,9.117,map,tf map->odom (AMCL) + odom->base_link (estimate),-6.0046,-1.0000,-3.1414,,
1790754427710901536,9.133,map,tf map->odom (AMCL) + odom->base_link (estimate),-6.0046,-1.0000,-3.1414,,
1790754427761917972,9.150,map,tf map->odom (AMCL) + odom->base_link (estimate),-6.0046,-1.0000,-3.1414,,
1790754427811027740,9.167,map,tf map->odom (AMCL) + odom->base_link (estimate),-6.0046,-1.0000,-3.1414,,
1790754427849332939,9.183,map,tf map->odom (AMCL) + odom->base_link (estimate),-6.0046,-1.0000,-3.1414,,
1790754427903691456,9.200,map,tf map->odom (AMCL) + odom->base_link (estimate),-6.0047,-1.0000,-3.1414,,
1790754427997038515,9.217,map,tf map->odom (AMCL) + odom->base_link (estimate),-6.0047,-1.0000,-3.1414,,
1790754428064068230,9.233,map,tf map->odom (AMCL) + odom->base_link (estimate),-6.0047,-1.0000,-3.1414,,
1790754428103418510,9.250,map,tf map->odom (AMCL) + odom->base_link (estimate),-6.0047,-1.0000,-3.1414,,
1790754428156073637,9.267,map,tf map->odom (AMCL) + odom->base_link (estimate),-6.0047,-1.0000,-3.1414,,
1790754428203899043,9.283,map,tf map->odom (AMCL) + odom->base_link (estimate),-6.0048,-1.0000,-3.1414,,
1790754428243912975,9.300,map,tf map->odom (AMCL) + odom->base_link (estimate),-6.0048,-1.0000,-3.1414,,
1790754428280521537,9.317,map,tf map->odom (AMCL) + odom->base_link (estimate),-6.0048,-1.0000,-3.1414,,
1790754428341222451,9.333,map,tf map->odom (AMCL) + odom->base_link (estimate),-6.0048,-1.0000,-3.1414,,
1790754428387245641,9.350,map,tf map->odom (AMCL) + odom->base_link (estimate),-6.0048,-1.0000,-3.1414,,
1790754428435019759,9.367,map,tf map->odom (AMCL) + odom->base_link (estimate),-6.0049,-1.0000,-3.1413,,
1790754428482863542,9.383,map,tf map->odom (AMCL) + odom->base_link (estimate),-6.0049,-1.0000,-3.1413,,
1790754428532403681,9.400,map,tf map->odom (AMCL) + odom->base_link (estimate),-6.0049,-1.0000,-3.1413,,
1790754428572721968,9.417,map,tf map->odom (AMCL) + odom->base_link (estimate),-6.0049,-1.0000,-3.1413,,
1790754428626759441,9.433,map,tf map->odom (AMCL) + odom->base_link (estimate),-6.0049,-1.0000,-3.1413,,
1790754428665155871,9.450,map,tf map->odom (AMCL) + odom->base_link (estimate),-6.0049,-1.0000,-3.1413,,
1790754428718116666,9.467,map,tf map->odom (AMCL) + odom->base_link (estimate),-6.0050,-1.0000,-3.1413,,
1790754428753371573,9.483,map,tf map->odom (AMCL) + odom->base_link (estimate),-6.0050,-1.0000,-3.1413,,
1790754428808464534,9.500,map,tf map->odom (AMCL) + odom->base_link (estimate),-6.0050,-1.0000,-3.1413,,
1790754428844268048,9.517,map,tf map->odom (AMCL) + odom->base_link (estimate),-6.0050,-1.0000,-3.1413,,
1790754428909420163,9.533,map,tf map->odom (AMCL) + odom->base_link (estimate),-6.0050,-1.0000,-3.1413,,
1790754428944816746,9.550,map,tf map->odom (AMCL) + odom->base_link (estimate),-6.0051,-1.0000,-3.1413,,
1790754428999206486,9.567,map,tf map->odom (AMCL) + odom->base_link (estimate),-6.0051,-1.0000,-3.1413,,
1790754429038593802,9.583,map,tf map->odom (AMCL) + odom->base_link (estimate),-6.0051,-1.0000,-3.1413,,
1790754429091606447,9.600,map,tf map->odom (AMCL) + odom->base_link (estimate),-6.0051,-1.0000,-3.1413,,
1790754429127566639,9.617,map,tf map->odom (AMCL) + odom->base_link (estimate),-6.0051,-1.0000,-3.1413,,
1790754429183958026,9.633,map,tf map->odom (AMCL) + odom->base_link (estimate),-6.0052,-1.0000,-3.1413,,
1790754429222343955,9.650,map,tf map->odom (AMCL) + odom->base_link (estimate),-6.0052,-1.0000,-3.1413,,
1790754429278388608,9.667,map,tf map->odom (AMCL) + odom->base_link (estimate),-6.0052,-1.0000,-3.1413,,
1790754429315288397,9.683,map,tf map->odom (AMCL) + odom->base_link (estimate),-6.0052,-1.0000,-3.1413,,
1790754429367700491,9.700,map,tf map->odom (AMCL) + odom->base_link (estimate),-6.0052,-1.0000,-3.1413,,
1790754429405828291,9.717,map,tf map->odom (AMCL) + odom->base_link (estimate),-6.0053,-1.0000,-3.1413,,
1790754429461355655,9.733,map,tf map->odom (AMCL) + odom->base_link (estimate),-6.0053,-1.0000,-3.1413,,
1790754429500372514,9.750,map,tf map->odom (AMCL) + odom->base_link (estimate),-6.0053,-1.0000,-3.1413,,
1790754429550668007,9.767,map,tf map->odom (AMCL) + odom->base_link (estimate),-6.0053,-1.0000,-3.1413,,
1790754429594889827,9.783,map,tf map->odom (AMCL) + odom->base_link (estimate),-6.0053,-1.0000,-3.1413,,
1790754429641861241,9.800,map,tf map->odom (AMCL) + odom->base_link (estimate),-6.0053,-1.0000,-3.1413,,
1790754429677408313,9.817,map,tf map->odom (AMCL) + odom->base_link (estimate),-6.0054,-1.0000,-3.1413,,
1790754429731466695,9.833,map,tf map->odom (AMCL) + odom->base_link (estimate),-6.0054,-1.0000,-3.1413,,
1790754429767328529,9.850,map,tf map->odom (AMCL) + odom->base_link (estimate),-6.0054,-1.0000,-3.1413,,
1790754429818909604,9.867,map,tf map->odom (AMCL) + odom->base_link (estimate),-6.0054,-1.0000,-3.1413,,
1790754429860350794,9.883,map,tf map->odom (AMCL) + odom->base_link (estimate),-6.0054,-1.0000,-3.1413,,
1790754429908573754,9.900,map,tf map->odom (AMCL) + odom->base_link (estimate),-6.0055,-1.0000,-3.1413,,
1790754429943538091,9.917,map,tf map->odom (AMCL) + odom->base_link (estimate),-6.0055,-1.0000,-3.1413,,
1790754430000995093,9.933,map,tf map->odom (AMCL) + odom->base_link (estimate),-6.0055,-1.0000,-3.1413,,
1790754430036293413,9.950,map,tf map->odom (AMCL) + odom->base_link (estimate),-6.0055,-1.0000,-3.1413,,
1790754430116361971,9.967,map,tf map->odom (AMCL) + odom->base_link (estimate),-6.0055,-1.0000,-3.1413,,
1790754430148115963,9.983,map,tf map->odom (AMCL) + odom->base_link (estimate),-6.0056,-1.0000,-3.1413,,
1790754430219571096,10.000,map,tf map->odom (AMCL) + odom->base_link (estimate),-6.0056,-1.0000,-3.1413,,
1790754430259395252,10.017,map,tf map->odom (AMCL) + odom->base_link (estimate),-6.0056,-1.0000,-3.1413,,
1790754430321341992,10.033,map,tf map->odom (AMCL) + odom->base_link (estimate),-6.0056,-1.0000,-3.1413,,
1790754430360774971,10.050,map,tf map->odom (AMCL) + odom->base_link (estimate),-6.0056,-1.0000,-3.1413,,
1790754430416359155,10.067,map,tf map->odom (AMCL) + odom->base_link (estimate),-6.0057,-1.0000,-3.1413,,
1790754430450094824,10.083,map,tf map->odom (AMCL) + odom->base_link (estimate),-6.0057,-1.0000,-3.1413,,
1790754430504536695,10.100,map,tf map->odom (AMCL) + odom->base_link (estimate),-6.0057,-1.0000,-3.1413,,
1790754430544684334,10.117,map,tf map->odom (AMCL) + odom->base_link (estimate),-6.0057,-1.0000,-3.1413,,
1790754430595981682,10.133,map,tf map->odom (AMCL) + odom->base_link (estimate),-6.0057,-1.0000,-3.1413,,
1790754430631837609,10.150,map,tf map->odom (AMCL) + odom->base_link (estimate),-6.0057,-1.0000,-3.1413,,
1790754430686958511,10.167,map,tf map->odom (AMCL) + odom->base_link (estimate),-6.0058,-1.0000,-3.1413,,
1790754430719935452,10.183,map,tf map->odom (AMCL) + odom->base_link (estimate),-6.0058,-1.0000,-3.1413,,
1790754430776758430,10.200,map,tf map->odom (AMCL) + odom->base_link (estimate),-6.0058,-1.0000,-3.1413,,
1790754430814364440,10.217,map,tf map->odom (AMCL) + odom->base_link (estimate),-6.0058,-1.0000,-3.1413,,
1790754430884348715,10.233,map,tf map->odom (AMCL) + odom->base_link (estimate),-6.0058,-1.0000,-3.1413,,
1790754430917869855,10.250,map,tf map->odom (AMCL) + odom->base_link (estimate),-6.0059,-1.0000,-3.1413,,
1790754430974647545,10.267,map,tf map->odom (AMCL) + odom->base_link (estimate),-6.0059,-1.0000,-3.1413,,
1790754431019446756,10.283,map,tf map->odom (AMCL) + odom->base_link (estimate),-6.0059,-1.0000,-3.1413,,
1790754431064380236,10.300,map,tf map->odom (AMCL) + odom->base_link (estimate),-6.0059,-1.0000,-3.1413,,
1790754431101385601,10.317,map,tf map->odom (AMCL) + odom->base_link (estimate),-6.0059,-1.0000,-3.1413,,
1790754431158289778,10.333,map,tf map->odom (AMCL) + odom->base_link (estimate),-6.0060,-1.0000,-3.1413,,
1790754431195989269,10.350,map,tf map->odom (AMCL) + odom->base_link (estimate),-6.0060,-1.0000,-3.1413,,
1790754431245911211,10.367,map,tf map->odom (AMCL) + odom->base_link (estimate),-6.0060,-1.0000,-3.1413,,
1790754431281562079,10.383,map,tf map->odom (AMCL) + odom->base_link (estimate),-6.0060,-1.0000,-3.1413,,
1790754431335082638,10.400,map,tf map->odom (AMCL) + odom->base_link (estimate),-6.0060,-1.0000,-3.1413,,
1790754431373323328,10.417,map,tf map->odom (AMCL) + odom->base_link (estimate),-6.0060,-1.0000,-3.1413,,
1790754431428883415,10.433,map,tf map->odom (AMCL) + odom->base_link (estimate),-6.0061,-1.0000,-3.1413,,
1790754431469865073,10.450,map,tf map->odom (AMCL) + odom->base_link (estimate),-6.0061,-1.0000,-3.1413,,
1790754431521675117,10.467,map,tf map->odom (AMCL) + odom->base_link (estimate),-6.0061,-1.0000,-3.1413,,
1790754431554964100,10.483,map,tf map->odom (AMCL) + odom->base_link (estimate),-6.0061,-1.0000,-3.1413,,
1790754431611448782,10.500,map,tf map->odom (AMCL) + odom->base_link (estimate),-6.0061,-1.0000,-3.1413,,
1790754431649048603,10.517,map,tf map->odom (AMCL) + odom->base_link (estimate),-6.0062,-1.0000,-3.1413,,
1790754431714170996,10.533,map,tf map->odom (AMCL) + odom->base_link (estimate),-6.0062,-1.0000,-3.1413,,
1790754431753007455,10.550,map,tf map->odom (AMCL) + odom->base_link (estimate),-6.0062,-1.0000,-3.1413,,
1790754431805309191,10.567,map,tf map->odom (AMCL) + odom->base_link (estimate),-6.0062,-1.0000,-3.1413,,
1790754431837967713,10.583,map,tf map->odom (AMCL) + odom->base_link (estimate),-6.0062,-1.0000,-3.1413,,
1790754431896715266,10.600,map,tf map->odom (AMCL) + odom->base_link (estimate),-6.0063,-1.0000,-3.1413,,
1790754431939074300,10.617,map,tf map->odom (AMCL) + odom->base_link (estimate),-6.0063,-1.0000,-3.1413,,
1790754431991999558,10.633,map,tf map->odom (AMCL) + odom->base_link (estimate),-6.0063,-1.0000,-3.1413,,
1790754432031897694,10.650,map,tf map->odom (AMCL) + odom->base_link (estimate),-6.0063,-1.0000,-3.1413,,
1790754432086235958,10.667,map,tf map->odom (AMCL) + odom->base_link (estimate),-6.0063,-1.0000,-3.1413,,
1790754432122414054,10.683,map,tf map->odom (AMCL) + odom->base_link (estimate),-6.0064,-1.0000,-3.1413,,
1790754432175558530,10.700,map,tf map->odom (AMCL) + odom->base_link (estimate),-6.0064,-1.0000,-3.1413,,
1790754432208807664,10.717,map,tf map->odom (AMCL) + odom->base_link (estimate),-6.0064,-1.0000,-3.1413,,
1790754432263059853,10.733,map,tf map->odom (AMCL) + odom->base_link (estimate),-6.0064,-1.0000,-3.1413,,
1790754432299793213,10.750,map,tf map->odom (AMCL) + odom->base_link (estimate),-6.0064,-1.0000,-3.1413,,
1790754432353406034,10.767,map,tf map->odom (AMCL) + odom->base_link (estimate),-6.0064,-1.0000,-3.1413,,
1790754432396096425,10.783,map,tf map->odom (AMCL) + odom->base_link (estimate),-6.0065,-1.0000,-3.1413,,
1790754432440696859,10.800,map,tf map->odom (AMCL) + odom->base_link (estimate),-6.0065,-1.0000,-3.1413,,
1790754432477302889,10.817,map,tf map->odom (AMCL) + odom->base_link (estimate),-6.0065,-1.0000,-3.1413,,
1790754432531527794,10.833,map,tf map->odom (AMCL) + odom->base_link (estimate),-6.0065,-1.0000,-3.1413,,
1790754432564032451,10.850,map,tf map->odom (AMCL) + odom->base_link (estimate),-6.0065,-1.0000,-3.1413,,
1790754432618963014,10.867,map,tf map->odom (AMCL) + odom->base_link (estimate),-6.0066,-1.0000,-3.1413,,
1790754432654591848,10.883,map,tf map->odom (AMCL) + odom->base_link (estimate),-6.0066,-1.0000,-3.1413,,
1790754432708524400,10.900,map,tf map->odom (AMCL) + odom->base_link (estimate),-6.0066,-1.0000,-3.1413,,
1790754432746210577,10.917,map,tf map->odom (AMCL) + odom->base_link (estimate),-6.0066,-1.0000,-3.1413,,
1790754432799487915,10.933,map,tf map->odom (AMCL) + odom->base_link (estimate),-6.0066,-1.0000,-3.1413,,
1790754432833888737,10.950,map,tf map->odom (AMCL) + odom->base_link (estimate),-6.0067,-1.0000,-3.1413,,
1790754432886471011,10.967,map,tf map->odom (AMCL) + odom->base_link (estimate),-6.0067,-1.0000,-3.1413,,
1790754432924135154,10.983,map,tf map->odom (AMCL) + odom->base_link (estimate),-6.0067,-1.0000,-3.1413,,
1790754432977876805,11.000,map,tf map->odom (AMCL) + odom->base_link (estimate),-6.0067,-1.0000,-3.1413,,
1790754433012506878,11.017,map,tf map->odom (AMCL) + odom->base_link (estimate),-6.0067,-1.0000,-3.1413,,
1790754433082418674,11.033,map,tf map->odom (AMCL) + odom->base_link (estimate),-6.0067,-1.0000,-3.1413,,
1790754433115407054,11.050,map,tf map->odom (AMCL) + odom->base_link (estimate),-6.0068,-1.0000,-3.1413,,
1790754433171540031,11.067,map,tf map->odom (AMCL) + odom->base_link (estimate),-6.0068,-1.0000,-3.1413,,
1790754433207951691,11.083,map,tf map->odom (AMCL) + odom->base_link (estimate),-6.0068,-1.0000,-3.1413,,
1790754433260814034,11.100,map,tf map->odom (AMCL) + odom->base_link (estimate),-6.0068,-1.0000,-3.1413,,
1790754433294635402,11.117,map,tf map->odom (AMCL) + odom->base_link (estimate),-6.0068,-1.0000,-3.1413,,
1790754433349141126,11.133,map,tf map->odom (AMCL) + odom->base_link (estimate),-6.0069,-1.0000,-3.1413,,
1790754433383953474,11.150,map,tf map->odom (AMCL) + odom->base_link (estimate),-6.0069,-1.0000,-3.1413,,
1790754433440551046,11.167,map,tf map->odom (AMCL) + odom->base_link (estimate),-6.0069,-1.0000,-3.1413,,
1790754433479406539,11.183,map,tf map->odom (AMCL) + odom->base_link (estimate),-6.0069,-1.0000,-3.1413,,
1790754433528906173,11.200,map,tf map->odom (AMCL) + odom->base_link (estimate),-6.0069,-1.0000,-3.1413,,
1790754433563317028,11.217,map,tf map->odom (AMCL) + odom->base_link (estimate),-6.0070,-1.0000,-3.1413,,
1790754433621188743,11.233,map,tf map->odom (AMCL) + odom->base_link (estimate),-6.0070,-1.0000,-3.1414,,
1790754433655660732,11.250,map,tf map->odom (AMCL) + odom->base_link (estimate),-6.0070,-1.0000,-3.1414,,
1790754433711775050,11.267,map,tf map->odom (AMCL) + odom->base_link (estimate),-6.0070,-1.0000,-3.1414,,
1790754433758920207,11.283,map,tf map->odom (AMCL) + odom->base_link (estimate),-6.0070,-1.0000,-3.1414,,
1790754433804754184,11.300,map,tf map->odom (AMCL) + odom->base_link (estimate),-6.0070,-1.0000,-3.1414,,
1790754433841179439,11.317,map,tf map->odom (AMCL) + odom->base_link (estimate),-6.0071,-1.0000,-3.1414,,
1790754433896708303,11.333,map,tf map->odom (AMCL) + odom->base_link (estimate),-6.0071,-1.0000,-3.1414,,
1790754433930583491,11.350,map,tf map->odom (AMCL) + odom->base_link (estimate),-6.0071,-1.0000,-3.1414,,
1790754433985240361,11.367,map,tf map->odom (AMCL) + odom->base_link (estimate),-6.0071,-1.0000,-3.1414,,
1790754434025830185,11.383,map,tf map->odom (AMCL) + odom->base_link (estimate),-6.0071,-1.0000,-3.1414,,
1790754434076283293,11.400,map,tf map->odom (AMCL) + odom->base_link (estimate),-6.0072,-1.0000,-3.1414,,
1790754434111924222,11.417,map,tf map->odom (AMCL) + odom->base_link (estimate),-6.0072,-1.0000,-3.1414,,
1790754434170340886,11.433,map,tf map->odom (AMCL) + odom->base_link (estimate),-6.0072,-1.0000,-3.1414,,
1790754434203982136,11.450,map,tf map->odom (AMCL) + odom->base_link (estimate),-6.0072,-1.0000,-3.1414,,
1790754434258364375,11.467,map,tf map->odom (AMCL) + odom->base_link (estimate),-6.0072,-1.0000,-3.1414,,
1790754434295951538,11.483,map,tf map->odom (AMCL) + odom->base_link (estimate),-6.0073,-1.0000,-3.1414,,
1790754434350271143,11.500,map,tf map->odom (AMCL) + odom->base_link (estimate),-6.0073,-1.0000,-3.1414,,
1790754434384355422,11.517,map,tf map->odom (AMCL) + odom->base_link (estimate),-6.0073,-1.0000,-3.1414,,
1790754434448404347,11.533,map,tf map->odom (AMCL) + odom->base_link (estimate),-6.0073,-1.0000,-3.1414,,
1790754434481735701,11.550,map,tf map->odom (AMCL) + odom->base_link (estimate),-6.0073,-1.0000,-3.1414,,
1790754434532730955,11.567,map,tf map->odom (AMCL) + odom->base_link (estimate),-6.0073,-1.0000,-3.1414,,
1790754434568004635,11.583,map,tf map->odom (AMCL) + odom->base_link (estimate),-6.0074,-1.0000,-3.1414,,
1790754434625643627,11.600,map,tf map->odom (AMCL) + odom->base_link (estimate),-6.0074,-1.0000,-3.1414,,
1790754434659262231,11.617,map,tf map->odom (AMCL) + odom->base_link (estimate),-6.0074,-1.0000,-3.1414,,
1790754434717414922,11.633,map,tf map->odom (AMCL) + odom->base_link (estimate),-6.0074,-1.0000,-3.1414,,
1790754434751009620,11.650,map,tf map->odom (AMCL) + odom->base_link (estimate),-6.0074,-1.0000,-3.1414,,
1790754434809515162,11.667,map,tf map->odom (AMCL) + odom->base_link (estimate),-6.0075,-1.0000,-3.1414,,
1790754434847693907,11.683,map,tf map->odom (AMCL) + odom->base_link (estimate),-6.0075,-1.0000,-3.1414,,
1790754434908336883,11.700,map,tf map->odom (AMCL) + odom->base_link (estimate),-6.0075,-1.0000,-3.1414,,
1790754434951250077,11.717,map,tf map->odom (AMCL) + odom->base_link (estimate),-6.0075,-1.0000,-3.1414,,
1790754435014127993,11.733,map,tf map->odom (AMCL) + odom->base_link (estimate),-6.0075,-1.0000,-3.1414,,
1790754435050644980,11.750,map,tf map->odom (AMCL) + odom->base_link (estimate),-6.0075,-1.0000,-3.1414,,
1790754435112223213,11.767,map,tf map->odom (AMCL) + odom->base_link (estimate),-6.0076,-1.0000,-3.1414,,
1790754435163558328,11.783,map,tf map->odom (AMCL) + odom->base_link (estimate),-6.0076,-1.0000,-3.1414,,
1790754435203929284,11.800,map,tf map->odom (AMCL) + odom->base_link (estimate),-6.0076,-1.0000,-3.1414,,
1790754435236356629,11.817,map,tf map->odom (AMCL) + odom->base_link (estimate),-6.0076,-1.0000,-3.1414,,
1790754435294033457,11.833,map,tf map->odom (AMCL) + odom->base_link (estimate),-6.0076,-1.0000,-3.1414,,
1790754435329344596,11.850,map,tf map->odom (AMCL) + odom->base_link (estimate),-6.0077,-1.0000,-3.1414,,
1790754435383188349,11.867,map,tf map->odom (AMCL) + odom->base_link (estimate),-6.0077,-1.0000,-3.1414,,
1790754435418102496,11.883,map,tf map->odom (AMCL) + odom->base_link (estimate),-6.0077,-1.0000,-3.1414,,
1790754435471426055,11.900,map,tf map->odom (AMCL) + odom->base_link (estimate),-6.0077,-1.0000,-3.1414,,
1790754435506180106,11.917,map,tf map->odom (AMCL) + odom->base_link (estimate),-6.0077,-1.0000,-3.1414,,
1790754435561874890,11.933,map,tf map->odom (AMCL) + odom->base_link (estimate),-6.0078,-1.0000,-3.1414,,
1790754435592930080,11.950,map,tf map->odom (AMCL) + odom->base_link (estimate),-6.0078,-1.0000,-3.1414,,
1790754435648128576,11.967,map,tf map->odom (AMCL) + odom->base_link (estimate),-6.0078,-1.0000,-3.1414,,
1790754435682925828,11.983,map,tf map->odom (AMCL) + odom->base_link (estimate),-6.0078,-1.0000,-3.1414,,
1790754435735244389,12.000,map,tf map->odom (AMCL) + odom->base_link (estimate),-6.0078,-1.0000,-3.1414,,
1790754435769327280,12.017,map,tf map->odom (AMCL) + odom->base_link (estimate),-6.0078,-1.0000,-3.1414,,
1790754435835973894,12.033,map,tf map->odom (AMCL) + odom->base_link (estimate),-6.0079,-1.0000,-3.1414,,
1790754435870877970,12.050,map,tf map->odom (AMCL) + odom->base_link (estimate),-6.0079,-1.0000,-3.1414,,
1790754435925005303,12.067,map,tf map->odom (AMCL) + odom->base_link (estimate),-6.0079,-1.0000,-3.1414,,
1790754435963805419,12.083,map,tf map->odom (AMCL) + odom->base_link (estimate),-6.0079,-1.0000,-3.1414,,
1790754436013747296,12.100,map,tf map->odom (AMCL) + odom->base_link (estimate),-6.0079,-1.0000,-3.1414,,
1790754436050123105,12.117,map,tf map->odom (AMCL) + odom->base_link (estimate),-6.0080,-1.0000,-3.1414,,
1790754436107947699,12.133,map,tf map->odom (AMCL) + odom->base_link (estimate),-6.0080,-1.0000,-3.1414,,
1790754436139658990,12.150,map,tf map->odom (AMCL) + odom->base_link (estimate),-6.0080,-1.0000,-3.1414,,
1790754436193612109,12.167,map,tf map->odom (AMCL) + odom->base_link (estimate),-6.0080,-1.0000,-3.1414,,
1790754436229255392,12.183,map,tf map->odom (AMCL) + odom->base_link (estimate),-6.0080,-1.0000,-3.1414,,
1790754436284442783,12.200,map,tf map->odom (AMCL) + odom->base_link (estimate),-6.0080,-1.0000,-3.1414,,
1790754436321472245,12.217,map,tf map->odom (AMCL) + odom->base_link (estimate),-6.0081,-1.0000,-3.1414,,
1790754436378772128,12.233,map,tf map->odom (AMCL) + odom->base_link (estimate),-6.0081,-1.0000,-3.1414,,
1790754436413665192,12.250,map,tf map->odom (AMCL) + odom->base_link (estimate),-6.0081,-1.0000,-3.1414,,
1790754436466557877,12.267,map,tf map->odom (AMCL) + odom->base_link (estimate),-6.0081,-1.0000,-3.1414,,
1790754436511403890,12.283,map,tf map->odom (AMCL) + odom->base_link (estimate),-6.0081,-1.0000,-3.1414,,
1790754436555719640,12.300,map,tf map->odom (AMCL) + odom->base_link (estimate),-6.0082,-1.0000,-3.1414,,
1790754436588095878,12.317,map,tf map->odom (AMCL) + odom->base_link (estimate),-6.0082,-1.0000,-3.1414,,
1790754436644671330,12.333,map,tf map->odom (AMCL) + odom->base_link (estimate),-6.0082,-1.0000,-3.1414,,
1790754436677110722,12.350,map,tf map->odom (AMCL) + odom->base_link (estimate),-6.0082,-1.0000,-3.1414,,
1790754436732594021,12.367,map,tf map->odom (AMCL) + odom->base_link (estimate),-6.0082,-1.0000,-3.1414,,
1790754436767875513,12.383,map,tf map->odom (AMCL) + odom->base_link (estimate),-6.0083,-1.0000,-3.1414,,
1790754436825975122,12.400,map,tf map->odom (AMCL) + odom->base_link (estimate),-6.0083,-1.0000,-3.1414,,
1790754436865245078,12.417,map,tf map->odom (AMCL) + odom->base_link (estimate),-6.0083,-1.0000,-3.1414,,
1790754436920880096,12.433,map,tf map->odom (AMCL) + odom->base_link (estimate),-6.0083,-1.0000,-3.1414,,
1790754436954250133,12.450,map,tf map->odom (AMCL) + odom->base_link (estimate),-6.0083,-1.0000,-3.1414,,
1790754437009023966,12.467,map,tf map->odom (AMCL) + odom->base_link (estimate),-6.0083,-1.0000,-3.1414,,
1790754437043457261,12.483,map,tf map->odom (AMCL) + odom->base_link (estimate),-6.0084,-1.0000,-3.1414,,
1790754437097093765,12.500,map,tf map->odom (AMCL) + odom->base_link (estimate),-6.0084,-1.0000,-3.1414,,
1790754437126775199,12.517,map,tf map->odom (AMCL) + odom->base_link (estimate),-6.0084,-1.0000,-3.1414,,
1790754437195476329,12.533,map,tf map->odom (AMCL) + odom->base_link (estimate),-6.0084,-1.0000,-3.1414,,
1790754437226403329,12.550,map,tf map->odom (AMCL) + odom->base_link (estimate),-6.0084,-1.0000,-3.1414,,
1790754437282746496,12.567,map,tf map->odom (AMCL) + odom->base_link (estimate),-6.0085,-1.0000,-3.1414,,
1790754437314985697,12.583,map,tf map->odom (AMCL) + odom->base_link (estimate),-6.0085,-1.0000,-3.1414,,
1790754437366754700,12.600,map,tf map->odom (AMCL) + odom->base_link (estimate),-6.0085,-1.0000,-3.1414,,
1790754437401393267,12.617,map,tf map->odom (AMCL) + odom->base_link (estimate),-6.0085,-1.0000,-3.1414,,
1790754437456498963,12.633,map,tf map->odom (AMCL) + odom->base_link (estimate),-6.0085,-1.0000,-3.1414,,
1790754437490605760,12.650,map,tf map->odom (AMCL) + odom->base_link (estimate),-6.0085,-1.0000,-3.1414,,
1790754437547655475,12.667,map,tf map->odom (AMCL) + odom->base_link (estimate),-6.0086,-1.0000,-3.1414,,
1790754437578394897,12.683,map,tf map->odom (AMCL) + odom->base_link (estimate),-6.0086,-1.0000,-3.1414,,
1790754437633458522,12.700,map,tf map->odom (AMCL) + odom->base_link (estimate),-6.0086,-1.0000,-3.1414,,
1790754437664289897,12.717,map,tf map->odom (AMCL) + odom->base_link (estimate),-6.0086,-1.0000,-3.1414,,
1790754437724429244,12.733,map,tf map->odom (AMCL) + odom->base_link (estimate),-6.0086,-1.0000,-3.1414,,
1790754437755928391,12.750,map,tf map->odom (AMCL) + odom->base_link (estimate),-6.0087,-1.0000,-3.1414,,
1790754437811979979,12.767,map,tf map->odom (AMCL) + odom->base_link (estimate),-6.0087,-1.0000,-3.1414,,
1790754437858721165,12.783,map,tf map->odom (AMCL) + odom->base_link (estimate),-6.0087,-1.0000,-3.1414,,
1790754437902372060,12.800,map,tf map->odom (AMCL) + odom->base_link (estimate),-6.0087,-1.0000,-3.1414,,
1790754437933815583,12.817,map,tf map->odom (AMCL) + odom->base_link (estimate),-6.0087,-1.0000,-3.1414,,
1790754437993924248,12.833,map,tf map->odom (AMCL) + odom->base_link (estimate),-6.0088,-1.0000,-3.1414,,
1790754438823992727,12.850,map,tf map->odom (AMCL) + odom->base_link (estimate),-6.0088,-1.0000,-3.1414,,
1790754440013431823,12.867,map,tf map->odom (AMCL) + odom->base_link (estimate),-6.0088,-1.0000,-3.1414,,
1790754440049933468,12.883,map,tf map->odom (AMCL) + odom->base_link (estimate),-6.0088,-1.0000,-3.1414,,
1790754440112214296,12.900,map,tf map->odom (AMCL) + odom->base_link (estimate),-6.0088,-1.0000,-3.1414,,
1790754440149155664,12.917,map,tf map->odom (AMCL) + odom->base_link (estimate),-6.0088,-1.0000,-3.1414,,
1790754440216498567,12.933,map,tf map->odom (AMCL) + odom->base_link (estimate),-6.0089,-1.0000,-3.1414,,
1790754440253889163,12.950,map,tf map->odom (AMCL) + odom->base_link (estimate),-6.0089,-1.0000,-3.1414,,
1790754440305729131,12.967,map,tf map->odom (AMCL) + odom->base_link (estimate),-6.0089,-1.0000,-3.1414,,
1790754440343011020,12.983,map,tf map->odom (AMCL) + odom->base_link (estimate),-6.0089,-1.0000,-3.1414,,
1790754440398205469,13.000,map,tf map->odom (AMCL) + odom->base_link (estimate),-6.0089,-1.0000,-3.1414,,
1790754440432773542,13.017,map,tf map->odom (AMCL) + odom->base_link (estimate),-6.0090,-1.0000,-3.1414,,
1790754440506754725,13.033,map,tf map->odom (AMCL) + odom->base_link (estimate),-6.0090,-1.0000,-3.1414,,
1790754440541505953,13.050,map,tf map->odom (AMCL) + odom->base_link (estimate),-6.0090,-1.0000,-3.1414,,
1790754440595184528,13.067,map,tf map->odom (AMCL) + odom->base_link (estimate),-6.0090,-1.0000,-3.1414,,
1790754440628048583,13.083,map,tf map->odom (AMCL) + odom->base_link (estimate),-6.0090,-1.0000,-3.1414,,
1790754440685639104,13.100,map,tf map->odom (AMCL) + odom->base_link (estimate),-6.0090,-1.0000,-3.1414,,
1790754440719492910,13.117,map,tf map->odom (AMCL) + odom->base_link (estimate),-6.0091,-1.0000,-3.1414,,
1790754440772738257,13.133,map,tf map->odom (AMCL) + odom->base_link (estimate),-6.0091,-1.0000,-3.1414,,
1790754440806661900,13.150,map,tf map->odom (AMCL) + odom->base_link (estimate),-6.0091,-1.0000,-3.1414,,
1790754440861340673,13.167,map,tf map->odom (AMCL) + odom->base_link (estimate),-6.0091,-1.0000,-3.1414,,
1790754440892530170,13.183,map,tf map->odom (AMCL) + odom->base_link (estimate),-6.0091,-1.0000,-3.1414,,
1790754440954460783,13.200,map,tf map->odom (AMCL) + odom->base_link (estimate),-6.0092,-1.0000,-3.1414,,
1790754440989591214,13.217,map,tf map->odom (AMCL) + odom->base_link (estimate),-6.0092,-1.0000,-3.1414,,
1790754441044792252,13.233,map,tf map->odom (AMCL) + odom->base_link (estimate),-6.0092,-1.0000,-3.1414,,
1790754441084129126,13.250,map,tf map->odom (AMCL) + odom->base_link (estimate),-6.0092,-1.0000,-3.1414,,
1790754441138714063,13.267,map,tf map->odom (AMCL) + odom->base_link (estimate),-6.0092,-1.0000,-3.1414,,
1790754441187858851,13.283,map,tf map->odom (AMCL) + odom->base_link (estimate),-6.0092,-1.0000,-3.1414,,
1790754441229062286,13.300,map,tf map->odom (AMCL) + odom->base_link (estimate),-6.0093,-1.0000,-3.1414,,
1790754441262929739,13.317,map,tf map->odom (AMCL) + odom->base_link (estimate),-6.0093,-1.0000,-3.1414,,
1790754441320636214,13.333,map,tf map->odom (AMCL) + odom->base_link (estimate),-6.0093,-1.0000,-3.1414,,
1790754441354148182,13.350,map,tf map->odom (AMCL) + odom->base_link (estimate),-6.0093,-1.0000,-3.1414,,
1790754441410381983,13.367,map,tf map->odom (AMCL) + odom->base_link (estimate),-6.0093,-1.0000,-3.1414,,
1790754441447545941,13.383,map,tf map->odom (AMCL) + odom->base_link (estimate),-6.0094,-1.0000,-3.1414,,
1790754441500917972,13.400,map,tf map->odom (AMCL) + odom->base_link (estimate),-6.0094,-1.0000,-3.1414,,
1790754441536859329,13.417,map,tf map->odom (AMCL) + odom->base_link (estimate),-6.0094,-1.0000,-3.1414,,
1790754441592412182,13.433,map,tf map->odom (AMCL) + odom->base_link (estimate),-6.0094,-1.0000,-3.1414,,
1790754441631292299,13.450,map,tf map->odom (AMCL) + odom->base_link (estimate),-6.0094,-1.0000,-3.1414,,
1790754441684873367,13.467,map,tf map->odom (AMCL) + odom->base_link (estimate),-6.0094,-1.0000,-3.1414,,
1790754441717007533,13.483,map,tf map->odom (AMCL) + odom->base_link (estimate),-6.0095,-1.0000,-3.1414,,
1790754441768747547,13.500,map,tf map->odom (AMCL) + odom->base_link (estimate),-6.0095,-1.0000,-3.1414,,
1790754441802763990,13.517,map,tf map->odom (AMCL) + odom->base_link (estimate),-6.0095,-1.0000,-3.1414,,
1790754441866790342,13.533,map,tf map->odom (AMCL) + odom->base_link (estimate),-6.0095,-1.0000,-3.1414,,
1790754441900848574,13.550,map,tf map->odom (AMCL) + odom->base_link (estimate),-6.0095,-1.0000,-3.1414,,
1790754441954999718,13.567,map,tf map->odom (AMCL) + odom->base_link (estimate),-6.0096,-1.0000,-3.1414,,
1790754441986329358,13.583,map,tf map->odom (AMCL) + odom->base_link (estimate),-6.0096,-1.0000,-3.1414,,
1790754442044126281,13.600,map,tf map->odom (AMCL) + odom->base_link (estimate),-6.0096,-1.0000,-3.1414,,
1790754442078918638,13.617,map,tf map->odom (AMCL) + odom->base_link (estimate),-6.0096,-1.0000,-3.1414,,
1790754442134286925,13.633,map,tf map->odom (AMCL) + odom->base_link (estimate),-6.0096,-1.0000,-3.1414,,
1790754442171790557,13.650,map,tf map->odom (AMCL) + odom->base_link (estimate),-6.0097,-1.0000,-3.1414,,
1790754442226420483,13.667,map,tf map->odom (AMCL) + odom->base_link (estimate),-6.0097,-1.0000,-3.1414,,
1790754442262355064,13.683,map,tf map->odom (AMCL) + odom->base_link (estimate),-6.0097,-1.0000,-3.1414,,
1790754442315937544,13.700,map,tf map->odom (AMCL) + odom->base_link (estimate),-6.0097,-1.0000,-3.1414,,
1790754442352139233,13.717,map,tf map->odom (AMCL) + odom->base_link (estimate),-6.0097,-1.0000,-3.1414,,
1790754442409852673,13.733,map,tf map->odom (AMCL) + odom->base_link (estimate),-6.0097,-1.0000,-3.1414,,
1790754442443546666,13.750,map,tf map->odom (AMCL) + odom->base_link (estimate),-6.0098,-1.0000,-3.1414,,
1790754442497648492,13.767,map,tf map->odom (AMCL) + odom->base_link (estimate),-6.0098,-1.0000,-3.1414,,
1790754442543556446,13.783,map,tf map->odom (AMCL) + odom->base_link (estimate),-6.0098,-1.0000,-3.1414,,
1790754442590126336,13.800,map,tf map->odom (AMCL) + odom->base_link (estimate),-6.0098,-1.0000,-3.1414,,
1790754442628592708,13.817,map,tf map->odom (AMCL) + odom->base_link (estimate),-6.0098,-1.0000,-3.1414,,
1790754442682650769,13.833,map,tf map->odom (AMCL) + odom->base_link (estimate),-6.0099,-1.0000,-3.1414,,
1790754442719843339,13.850,map,tf map->odom (AMCL) + odom->base_link (estimate),-6.0099,-1.0000,-3.1414,,
1790754442771084901,13.867,map,tf map->odom (AMCL) + odom->base_link (estimate),-6.0099,-1.0000,-3.1414,,
1790754442805841023,13.883,map,tf map->odom (AMCL) + odom->base_link (estimate),-6.0099,-1.0000,-3.1414,,
1790754442861615054,13.900,map,tf map->odom (AMCL) + odom->base_link (estimate),-6.0099,-1.0000,-3.1414,,
1790754442893452370,13.917,map,tf map->odom (AMCL) + odom->base_link (estimate),-6.0099,-1.0000,-3.1414,,
1790754442952057866,13.933,map,tf map->odom (AMCL) + odom->base_link (estimate),-6.0100,-1.0000,-3.1414,,
1790754442989611946,13.950,map,tf map->odom (AMCL) + odom->base_link (estimate),-6.0100,-1.0000,-3.1414,,
1790754443044298813,13.967,map,tf map->odom (AMCL) + odom->base_link (estimate),-6.0100,-1.0000,-3.1414,,
1790754443081409500,13.983,map,tf map->odom (AMCL) + odom->base_link (estimate),-6.0100,-1.0000,-3.1414,,
1790754443134135877,14.000,map,tf map->odom (AMCL) + odom->base_link (estimate),-6.0100,-1.0000,-3.1414,,
1790754443171806570,14.017,map,tf map->odom (AMCL) + odom->base_link (estimate),-6.0101,-1.0000,-3.1414,,
1790754443236231326,14.033,map,tf map->odom (AMCL) + odom->base_link (estimate),-6.0101,-1.0000,-3.1414,,
1790754443277787611,14.050,map,tf map->odom (AMCL) + odom->base_link (estimate),-6.0101,-1.0000,-3.1414,,
1790754443328239894,14.067,map,tf map->odom (AMCL) + odom->base_link (estimate),-6.0101,-1.0000,-3.1414,,
1790754443363066699,14.083,map,tf map->odom (AMCL) + odom->base_link (estimate),-6.0101,-1.0000,-3.1414,,
1790754443413817150,14.100,map,tf map->odom (AMCL) + odom->base_link (estimate),-6.0102,-1.0000,-3.1414,,
1790754427342003038,9.017,map,"nav2_feedback of the target goal (map, AMCL-based estimate)",-6.0045,-1.0000,3.1416,,
1790754427351397977,9.017,map,"nav2_feedback of the target goal (map, AMCL-based estimate)",-6.0045,-1.0000,3.1416,,
1790754427362828038,9.017,map,"nav2_feedback of the target goal (map, AMCL-based estimate)",-6.0045,-1.0000,3.1416,,
1790754427372066018,9.017,map,"nav2_feedback of the target goal (map, AMCL-based estimate)",-6.0045,-1.0000,3.1416,,
1790754427381709241,9.017,map,"nav2_feedback of the target goal (map, AMCL-based estimate)",-6.0045,-1.0000,3.1416,,
1790754427391514112,9.017,map,"nav2_feedback of the target goal (map, AMCL-based estimate)",-6.0045,-1.0000,3.1416,,
1790754427401839647,9.033,map,"nav2_feedback of the target goal (map, AMCL-based estimate)",-6.0045,-1.0000,3.1416,,
1790754427411463929,9.033,map,"nav2_feedback of the target goal (map, AMCL-based estimate)",-6.0045,-1.0000,3.1416,,
1790754427424105124,9.033,map,"nav2_feedback of the target goal (map, AMCL-based estimate)",-6.0045,-1.0000,3.1416,,
1790754427431609149,9.050,map,"nav2_feedback of the target goal (map, AMCL-based estimate)",-6.0045,-1.0000,3.1416,,
1790754427441607921,9.050,map,"nav2_feedback of the target goal (map, AMCL-based estimate)",-6.0045,-1.0000,3.1416,,
1790754427451841568,9.050,map,"nav2_feedback of the target goal (map, AMCL-based estimate)",-6.0045,-1.0000,3.1416,,
1790754427461565708,9.050,map,"nav2_feedback of the target goal (map, AMCL-based estimate)",-6.0045,-1.0000,3.1416,,
1790754427471637052,9.050,map,"nav2_feedback of the target goal (map, AMCL-based estimate)",-6.0045,-1.0000,3.1416,,
1790754427481493867,9.050,map,"nav2_feedback of the target goal (map, AMCL-based estimate)",-6.0045,-1.0000,3.1416,,
1790754427491767645,9.067,map,"nav2_feedback of the target goal (map, AMCL-based estimate)",-6.0045,-1.0000,3.1416,,
1790754427501667591,9.067,map,"nav2_feedback of the target goal (map, AMCL-based estimate)",-6.0045,-1.0000,3.1416,,
1790754427511555910,9.067,map,"nav2_feedback of the target goal (map, AMCL-based estimate)",-6.0045,-1.0000,3.1416,,
1790754427521749426,9.083,map,"nav2_feedback of the target goal (map, AMCL-based estimate)",-6.0045,-1.0000,-3.1415,,
1790754427532880196,9.083,map,"nav2_feedback of the target goal (map, AMCL-based estimate)",-6.0045,-1.0000,-3.1415,,
1790754427541361698,9.083,map,"nav2_feedback of the target goal (map, AMCL-based estimate)",-6.0045,-1.0000,-3.1415,,
1790754427552161767,9.083,map,"nav2_feedback of the target goal (map, AMCL-based estimate)",-6.0045,-1.0000,-3.1415,,
1790754427561770860,9.083,map,"nav2_feedback of the target goal (map, AMCL-based estimate)",-6.0045,-1.0000,-3.1415,,
1790754427572691508,9.083,map,"nav2_feedback of the target goal (map, AMCL-based estimate)",-6.0045,-1.0000,-3.1415,,
1790754427581989027,9.100,map,"nav2_feedback of the target goal (map, AMCL-based estimate)",-6.0046,-1.0000,-3.1414,,
1790754427592683050,9.100,map,"nav2_feedback of the target goal (map, AMCL-based estimate)",-6.0046,-1.0000,-3.1414,,
1790754427603626669,9.100,map,"nav2_feedback of the target goal (map, AMCL-based estimate)",-6.0046,-1.0000,-3.1414,,
1790754427612257723,9.100,map,"nav2_feedback of the target goal (map, AMCL-based estimate)",-6.0046,-1.0000,-3.1414,,
1790754427622696148,9.100,map,"nav2_feedback of the target goal (map, AMCL-based estimate)",-6.0046,-1.0000,-3.1414,,
1790754427633059938,9.100,map,"nav2_feedback of the target goal (map, AMCL-based estimate)",-6.0046,-1.0000,-3.1414,,
1790754427641808102,9.100,map,"nav2_feedback of the target goal (map, AMCL-based estimate)",-6.0046,-1.0000,-3.1414,,
1790754427652122198,9.117,map,"nav2_feedback of the target goal (map, AMCL-based estimate)",-6.0046,-1.0000,-3.1414,,
1790754427663061504,9.117,map,"nav2_feedback of the target goal (map, AMCL-based estimate)",-6.0046,-1.0000,-3.1414,,
1790754427672772517,9.117,map,"nav2_feedback of the target goal (map, AMCL-based estimate)",-6.0046,-1.0000,-3.1414,,
1790754427681746555,9.117,map,"nav2_feedback of the target goal (map, AMCL-based estimate)",-6.0046,-1.0000,-3.1414,,
1790754427693054724,9.117,map,"nav2_feedback of the target goal (map, AMCL-based estimate)",-6.0046,-1.0000,-3.1414,,
1790754427702117837,9.117,map,"nav2_feedback of the target goal (map, AMCL-based estimate)",-6.0046,-1.0000,-3.1414,,
1790754427712207090,9.117,map,"nav2_feedback of the target goal (map, AMCL-based estimate)",-6.0046,-1.0000,-3.1414,,
1790754427721984394,9.133,map,"nav2_feedback of the target goal (map, AMCL-based estimate)",-6.0046,-1.0000,-3.1414,,
1790754427732486109,9.133,map,"nav2_feedback of the target goal (map, AMCL-based estimate)",-6.0046,-1.0000,-3.1414,,
1790754427742667343,9.133,map,"nav2_feedback of the target goal (map, AMCL-based estimate)",-6.0046,-1.0000,-3.1414,,
1790754427751888727,9.133,map,"nav2_feedback of the target goal (map, AMCL-based estimate)",-6.0046,-1.0000,-3.1414,,
1790754427761366552,9.133,map,"nav2_feedback of the target goal (map, AMCL-based estimate)",-6.0046,-1.0000,-3.1414,,
1790754427772125834,9.150,map,"nav2_feedback of the target goal (map, AMCL-based estimate)",-6.0046,-1.0000,-3.1414,,
1790754427781595127,9.150,map,"nav2_feedback of the target goal (map, AMCL-based estimate)",-6.0046,-1.0000,-3.1414,,
1790754427791618090,9.150,map,"nav2_feedback of the target goal (map, AMCL-based estimate)",-6.0046,-1.0000,-3.1414,,
1790754427802102646,9.150,map,"nav2_feedback of the target goal (map, AMCL-based estimate)",-6.0046,-1.0000,-3.1414,,
1790754427811517369,9.150,map,"nav2_feedback of the target goal (map, AMCL-based estimate)",-6.0046,-1.0000,-3.1414,,
1790754427821768738,9.167,map,"nav2_feedback of the target goal (map, AMCL-based estimate)",-6.0046,-1.0000,-3.1414,,
1790754427831831456,9.167,map,"nav2_feedback of the target goal (map, AMCL-based estimate)",-6.0046,-1.0000,-3.1414,,
1790754427841756999,9.167,map,"nav2_feedback of the target goal (map, AMCL-based estimate)",-6.0046,-1.0000,-3.1414,,
1790754427851433695,9.183,map,"nav2_feedback of the target goal (map, AMCL-based estimate)",-6.0046,-1.0000,-3.1414,,
1790754427861797204,9.183,map,"nav2_feedback of the target goal (map, AMCL-based estimate)",-6.0046,-1.0000,-3.1414,,
1790754427871650174,9.183,map,"nav2_feedback of the target goal (map, AMCL-based estimate)",-6.0046,-1.0000,-3.1414,,
1790754427881533711,9.183,map,"nav2_feedback of the target goal (map, AMCL-based estimate)",-6.0046,-1.0000,-3.1414,,
1790754427891491696,9.183,map,"nav2_feedback of the target goal (map, AMCL-based estimate)",-6.0046,-1.0000,-3.1414,,
1790754427901829514,9.183,map,"nav2_feedback of the target goal (map, AMCL-based estimate)",-6.0046,-1.0000,-3.1414,,
1790754427911756651,9.200,map,"nav2_feedback of the target goal (map, AMCL-based estimate)",-6.0047,-1.0000,-3.1414,,
1790754427921754860,9.200,map,"nav2_feedback of the target goal (map, AMCL-based estimate)",-6.0047,-1.0000,-3.1414,,
1790754427931743505,9.200,map,"nav2_feedback of the target goal (map, AMCL-based estimate)",-6.0047,-1.0000,-3.1414,,
1790754427941373882,9.200,map,"nav2_feedback of the target goal (map, AMCL-based estimate)",-6.0047,-1.0000,-3.1414,,
1790754427951471105,9.200,map,"nav2_feedback of the target goal (map, AMCL-based estimate)",-6.0047,-1.0000,-3.1414,,
1790754427961301854,9.200,map,"nav2_feedback of the target goal (map, AMCL-based estimate)",-6.0047,-1.0000,-3.1414,,
1790754427971818665,9.200,map,"nav2_feedback of the target goal (map, AMCL-based estimate)",-6.0047,-1.0000,-3.1414,,
1790754427981973083,9.200,map,"nav2_feedback of the target goal (map, AMCL-based estimate)",-6.0047,-1.0000,-3.1414,,
1790754427991625869,9.200,map,"nav2_feedback of the target goal (map, AMCL-based estimate)",-6.0047,-1.0000,-3.1414,,
1790754428001568477,9.217,map,"nav2_feedback of the target goal (map, AMCL-based estimate)",-6.0047,-1.0000,-3.1414,,
1790754428011752805,9.217,map,"nav2_feedback of the target goal (map, AMCL-based estimate)",-6.0047,-1.0000,-3.1414,,
1790754428021734700,9.217,map,"nav2_feedback of the target goal (map, AMCL-based estimate)",-6.0047,-1.0000,-3.1414,,
1790754428031605110,9.217,map,"nav2_feedback of the target goal (map, AMCL-based estimate)",-6.0047,-1.0000,-3.1414,,
1790754428041650669,9.217,map,"nav2_feedback of the target goal (map, AMCL-based estimate)",-6.0047,-1.0000,-3.1414,,
1790754428051445225,9.217,map,"nav2_feedback of the target goal (map, AMCL-based estimate)",-6.0047,-1.0000,-3.1414,,
1790754428061832737,9.217,map,"nav2_feedback of the target goal (map, AMCL-based estimate)",-6.0047,-1.0000,-3.1414,,
1790754428071987061,9.233,map,"nav2_feedback of the target goal (map, AMCL-based estimate)",-6.0047,-1.0000,-3.1414,,
1790754428081855878,9.233,map,"nav2_feedback of the target goal (map, AMCL-based estimate)",-6.0047,-1.0000,-3.1414,,
1790754428091892811,9.233,map,"nav2_feedback of the target goal (map, AMCL-based estimate)",-6.0047,-1.0000,-3.1414,,
1790754428101691399,9.233,map,"nav2_feedback of the target goal (map, AMCL-based estimate)",-6.0047,-1.0000,-3.1414,,
1790754428111671793,9.250,map,"nav2_feedback of the target goal (map, AMCL-based estimate)",-6.0047,-1.0000,-3.1414,,
1790754428122047585,9.250,map,"nav2_feedback of the target goal (map, AMCL-based estimate)",-6.0047,-1.0000,-3.1414,,
1790754428131708435,9.250,map,"nav2_feedback of the target goal (map, AMCL-based estimate)",-6.0047,-1.0000,-3.1414,,
1790754428141629196,9.250,map,"nav2_feedback of the target goal (map, AMCL-based estimate)",-6.0047,-1.0000,-3.1414,,
1790754428151765705,9.250,map,"nav2_feedback of the target goal (map, AMCL-based estimate)",-6.0047,-1.0000,-3.1414,,
1790754428161637616,9.267,map,"nav2_feedback of the target goal (map, AMCL-based estimate)",-6.0047,-1.0000,-3.1414,,
1790754428171824851,9.267,map,"nav2_feedback of the target goal (map, AMCL-based estimate)",-6.0047,-1.0000,-3.1414,,
1790754428181666757,9.267,map,"nav2_feedback of the target goal (map, AMCL-based estimate)",-6.0047,-1.0000,-3.1414,,
1790754428191815549,9.267,map,"nav2_feedback of the target goal (map, AMCL-based estimate)",-6.0047,-1.0000,-3.1414,,
1790754428201451084,9.267,map,"nav2_feedback of the target goal (map, AMCL-based estimate)",-6.0047,-1.0000,-3.1414,,
1790754428211754584,9.283,map,"nav2_feedback of the target goal (map, AMCL-based estimate)",-6.0048,-1.0000,-3.1414,,
1790754428221996389,9.283,map,"nav2_feedback of the target goal (map, AMCL-based estimate)",-6.0048,-1.0000,-3.1414,,
1790754428231508250,9.283,map,"nav2_feedback of the target goal (map, AMCL-based estimate)",-6.0048,-1.0000,-3.1414,,
1790754428241514804,9.283,map,"nav2_feedback of the target goal (map, AMCL-based estimate)",-6.0048,-1.0000,-3.1414,,
1790754428251711228,9.300,map,"nav2_feedback of the target goal (map, AMCL-based estimate)",-6.0048,-1.0000,-3.1414,,
1790754428261762507,9.300,map,"nav2_feedback of the target goal (map, AMCL-based estimate)",-6.0048,-1.0000,-3.1414,,
1790754428271798690,9.300,map,"nav2_feedback of the target goal (map, AMCL-based estimate)",-6.0048,-1.0000,-3.1414,,
1790754428281571399,9.317,map,"nav2_feedback of the target goal (map, AMCL-based estimate)",-6.0048,-1.0000,-3.1414,,
1790754428291798108,9.317,map,"nav2_feedback of the target goal (map, AMCL-based estimate)",-6.0048,-1.0000,-3.1414,,
1790754428301732089,9.317,map,"nav2_feedback of the target goal (map, AMCL-based estimate)",-6.0048,-1.0000,-3.1414,,
1790754428311806340,9.317,map,"nav2_feedback of the target goal (map, AMCL-based estimate)",-6.0048,-1.0000,-3.1414,,
1790754428322145939,9.317,map,"nav2_feedback of the target goal (map, AMCL-based estimate)",-6.0048,-1.0000,-3.1414,,
1790754428331794319,9.317,map,"nav2_feedback of the target goal (map, AMCL-based estimate)",-6.0048,-1.0000,-3.1414,,
1790754428341907575,9.317,map,"nav2_feedback of the target goal (map, AMCL-based estimate)",-6.0048,-1.0000,-3.1414,,
1790754428351838088,9.333,map,"nav2_feedback of the target goal (map, AMCL-based estimate)",-6.0048,-1.0000,-3.1414,,
1790754428362142432,9.333,map,"nav2_feedback of the target goal (map, AMCL-based estimate)",-6.0048,-1.0000,-3.1414,,
1790754428372505191,9.333,map,"nav2_feedback of the target goal (map, AMCL-based estimate)",-6.0048,-1.0000,-3.1414,,
1790754428381797835,9.333,map,"nav2_feedback of the target goal (map, AMCL-based estimate)",-6.0048,-1.0000,-3.1414,,
1790754428392730953,9.350,map,"nav2_feedback of the target goal (map, AMCL-based estimate)",-6.0048,-1.0000,-3.1414,,
1790754428401807098,9.350,map,"nav2_feedback of the target goal (map, AMCL-based estimate)",-6.0048,-1.0000,-3.1414,,
1790754428411592935,9.350,map,"nav2_feedback of the target goal (map, AMCL-based estimate)",-6.0048,-1.0000,-3.1414,,
1790754428422216823,9.350,map,"nav2_feedback of the target goal (map, AMCL-based estimate)",-6.0048,-1.0000,-3.1414,,
1790754428433719081,9.350,map,"nav2_feedback of the target goal (map, AMCL-based estimate)",-6.0048,-1.0000,-3.1414,,
1790754428441883852,9.367,map,"nav2_feedback of the target goal (map, AMCL-based estimate)",-6.0049,-1.0000,-3.1413,,
1790754428452092934,9.367,map,"nav2_feedback of the target goal (map, AMCL-based estimate)",-6.0049,-1.0000,-3.1413,,
1790754428461727906,9.367,map,"nav2_feedback of the target goal (map, AMCL-based estimate)",-6.0049,-1.0000,-3.1413,,
1790754428471974774,9.367,map,"nav2_feedback of the target goal (map, AMCL-based estimate)",-6.0049,-1.0000,-3.1413,,
1790754428481623154,9.367,map,"nav2_feedback of the target goal (map, AMCL-based estimate)",-6.0049,-1.0000,-3.1413,,
1790754428491816014,9.383,map,"nav2_feedback of the target goal (map, AMCL-based estimate)",-6.0049,-1.0000,-3.1413,,
1790754428503453291,9.383,map,"nav2_feedback of the target goal (map, AMCL-based estimate)",-6.0049,-1.0000,-3.1413,,
1790754428511697010,9.383,map,"nav2_feedback of the target goal (map, AMCL-based estimate)",-6.0049,-1.0000,-3.1413,,
1790754428522709920,9.383,map,"nav2_feedback of the target goal (map, AMCL-based estimate)",-6.0049,-1.0000,-3.1413,,
1790754428531603416,9.383,map,"nav2_feedback of the target goal (map, AMCL-based estimate)",-6.0049,-1.0000,-3.1413,,
1790754428541692481,9.400,map,"nav2_feedback of the target goal (map, AMCL-based estimate)",-6.0049,-1.0000,-3.1413,,
1790754428551598052,9.400,map,"nav2_feedback of the target goal (map, AMCL-based estimate)",-6.0049,-1.0000,-3.1413,,
1790754428561556694,9.400,map,"nav2_feedback of the target goal (map, AMCL-based estimate)",-6.0049,-1.0000,-3.1413,,
1790754428571939705,9.400,map,"nav2_feedback of the target goal (map, AMCL-based estimate)",-6.0049,-1.0000,-3.1413,,
1790754428581583397,9.417,map,"nav2_feedback of the target goal (map, AMCL-based estimate)",-6.0049,-1.0000,-3.1413,,
1790754428591494594,9.417,map,"nav2_feedback of the target goal (map, AMCL-based estimate)",-6.0049,-1.0000,-3.1413,,
1790754428601772685,9.417,map,"nav2_feedback of the target goal (map, AMCL-based estimate)",-6.0049,-1.0000,-3.1413,,
1790754428611952981,9.417,map,"nav2_feedback of the target goal (map, AMCL-based estimate)",-6.0049,-1.0000,-3.1413,,
1790754428621698312,9.417,map,"nav2_feedback of the target goal (map, AMCL-based estimate)",-6.0049,-1.0000,-3.1413,,
1790754428631410732,9.433,map,"nav2_feedback of the target goal (map, AMCL-based estimate)",-6.0049,-1.0000,-3.1413,,
1790754428641709357,9.433,map,"nav2_feedback of the target goal (map, AMCL-based estimate)",-6.0049,-1.0000,-3.1413,,
1790754428651526135,9.433,map,"nav2_feedback of the target goal (map, AMCL-based estimate)",-6.0049,-1.0000,-3.1413,,
1790754428661765971,9.433,map,"nav2_feedback of the target goal (map, AMCL-based estimate)",-6.0049,-1.0000,-3.1413,,
1790754428672005057,9.450,map,"nav2_feedback of the target goal (map, AMCL-based estimate)",-6.0049,-1.0000,-3.1413,,
1790754428681496478,9.450,map,"nav2_feedback of the target goal (map, AMCL-based estimate)",-6.0049,-1.0000,-3.1413,,
1790754428693205389,9.450,map,"nav2_feedback of the target goal (map, AMCL-based estimate)",-6.0049,-1.0000,-3.1413,,
1790754428701500678,9.450,map,"nav2_feedback of the target goal (map, AMCL-based estimate)",-6.0049,-1.0000,-3.1413,,
1790754428711813649,9.450,map,"nav2_feedback of the target goal (map, AMCL-based estimate)",-6.0049,-1.0000,-3.1413,,
1790754428721787761,9.467,map,"nav2_feedback of the target goal (map, AMCL-based estimate)",-6.0050,-1.0000,-3.1413,,
1790754428731505056,9.467,map,"nav2_feedback of the target goal (map, AMCL-based estimate)",-6.0050,-1.0000,-3.1413,,
1790754428741596184,9.467,map,"nav2_feedback of the target goal (map, AMCL-based estimate)",-6.0050,-1.0000,-3.1413,,
1790754428751597206,9.467,map,"nav2_feedback of the target goal (map, AMCL-based estimate)",-6.0050,-1.0000,-3.1413,,
1790754428761416047,9.483,map,"nav2_feedback of the target goal (map, AMCL-based estimate)",-6.0050,-1.0000,-3.1413,,
1790754428771738394,9.483,map,"nav2_feedback of the target goal (map, AMCL-based estimate)",-6.0050,-1.0000,-3.1413,,
1790754428781721507,9.483,map,"nav2_feedback of the target goal (map, AMCL-based estimate)",-6.0050,-1.0000,-3.1413,,
1790754428791432802,9.483,map,"nav2_feedback of the target goal (map, AMCL-based estimate)",-6.0050,-1.0000,-3.1413,,
1790754428801644415,9.483,map,"nav2_feedback of the target goal (map, AMCL-based estimate)",-6.0050,-1.0000,-3.1413,,
1790754428812180354,9.500,map,"nav2_feedback of the target goal (map, AMCL-based estimate)",-6.0050,-1.0000,-3.1413,,
1790754428821913495,9.500,map,"nav2_feedback of the target goal (map, AMCL-based estimate)",-6.0050,-1.0000,-3.1413,,
1790754428831529152,9.500,map,"nav2_feedback of the target goal (map, AMCL-based estimate)",-6.0050,-1.0000,-3.1413,,
1790754428841631250,9.500,map,"nav2_feedback of the target goal (map, AMCL-based estimate)",-6.0050,-1.0000,-3.1413,,
1790754428851521163,9.517,map,"nav2_feedback of the target goal (map, AMCL-based estimate)",-6.0050,-1.0000,-3.1413,,
1790754428861669393,9.517,map,"nav2_feedback of the target goal (map, AMCL-based estimate)",-6.0050,-1.0000,-3.1413,,
1790754428871844720,9.517,map,"nav2_feedback of the target goal (map, AMCL-based estimate)",-6.0050,-1.0000,-3.1413,,
1790754428881886903,9.517,map,"nav2_feedback of the target goal (map, AMCL-based estimate)",-6.0050,-1.0000,-3.1413,,
1790754428891661769,9.517,map,"nav2_feedback of the target goal (map, AMCL-based estimate)",-6.0050,-1.0000,-3.1413,,
1790754428903241288,9.517,map,"nav2_feedback of the target goal (map, AMCL-based estimate)",-6.0050,-1.0000,-3.1413,,
1790754428911525888,9.533,map,"nav2_feedback of the target goal (map, AMCL-based estimate)",-6.0050,-1.0000,-3.1413,,
1790754428921789915,9.533,map,"nav2_feedback of the target goal (map, AMCL-based estimate)",-6.0050,-1.0000,-3.1413,,
1790754428931822066,9.533,map,"nav2_feedback of the target goal (map, AMCL-based estimate)",-6.0050,-1.0000,-3.1413,,
1790754428941791021,9.533,map,"nav2_feedback of the target goal (map, AMCL-based estimate)",-6.0050,-1.0000,-3.1413,,
1790754428951574325,9.550,map,"nav2_feedback of the target goal (map, AMCL-based estimate)",-6.0051,-1.0000,-3.1413,,
1790754428961789595,9.550,map,"nav2_feedback of the target goal (map, AMCL-based estimate)",-6.0051,-1.0000,-3.1413,,
1790754428972043402,9.550,map,"nav2_feedback of the target goal (map, AMCL-based estimate)",-6.0051,-1.0000,-3.1413,,
1790754428981872088,9.550,map,"nav2_feedback of the target goal (map, AMCL-based estimate)",-6.0051,-1.0000,-3.1413,,
1790754428991577663,9.550,map,"nav2_feedback of the target goal (map, AMCL-based estimate)",-6.0051,-1.0000,-3.1413,,
1790754429001389190,9.567,map,"nav2_feedback of the target goal (map, AMCL-based estimate)",-6.0051,-1.0000,-3.1413,,
1790754429011649654,9.567,map,"nav2_feedback of the target goal (map, AMCL-based estimate)",-6.0051,-1.0000,-3.1413,,
1790754429021560101,9.567,map,"nav2_feedback of the target goal (map, AMCL-based estimate)",-6.0051,-1.0000,-3.1413,,
1790754429031639227,9.567,map,"nav2_feedback of the target goal (map, AMCL-based estimate)",-6.0051,-1.0000,-3.1413,,
1790754429041714509,9.583,map,"nav2_feedback of the target goal (map, AMCL-based estimate)",-6.0051,-1.0000,-3.1413,,
1790754429051589514,9.583,map,"nav2_feedback of the target goal (map, AMCL-based estimate)",-6.0051,-1.0000,-3.1413,,
1790754429061345440,9.583,map,"nav2_feedback of the target goal (map, AMCL-based estimate)",-6.0051,-1.0000,-3.1413,,
1790754429071767925,9.583,map,"nav2_feedback of the target goal (map, AMCL-based estimate)",-6.0051,-1.0000,-3.1413,,
1790754429081709877,9.583,map,"nav2_feedback of the target goal (map, AMCL-based estimate)",-6.0051,-1.0000,-3.1413,,
1790754429091529561,9.583,map,"nav2_feedback of the target goal (map, AMCL-based estimate)",-6.0051,-1.0000,-3.1413,,
1790754429101728985,9.600,map,"nav2_feedback of the target goal (map, AMCL-based estimate)",-6.0051,-1.0000,-3.1413,,
1790754429111744165,9.600,map,"nav2_feedback of the target goal (map, AMCL-based estimate)",-6.0051,-1.0000,-3.1413,,
1790754429121708620,9.600,map,"nav2_feedback of the target goal (map, AMCL-based estimate)",-6.0051,-1.0000,-3.1413,,
1790754429131622630,9.617,map,"nav2_feedback of the target goal (map, AMCL-based estimate)",-6.0051,-1.0000,-3.1413,,
1790754429141442033,9.617,map,"nav2_feedback of the target goal (map, AMCL-based estimate)",-6.0051,-1.0000,-3.1413,,
1790754429151846329,9.617,map,"nav2_feedback of the target goal (map, AMCL-based estimate)",-6.0051,-1.0000,-3.1413,,
1790754429161523400,9.617,map,"nav2_feedback of the target goal (map, AMCL-based estimate)",-6.0051,-1.0000,-3.1413,,
1790754429172347472,9.617,map,"nav2_feedback of the target goal (map, AMCL-based estimate)",-6.0051,-1.0000,-3.1413,,
1790754429182061767,9.617,map,"nav2_feedback of the target goal (map, AMCL-based estimate)",-6.0051,-1.0000,-3.1413,,
1790754429191713898,9.633,map,"nav2_feedback of the target goal (map, AMCL-based estimate)",-6.0052,-1.0000,-3.1413,,
1790754429201448352,9.633,map,"nav2_feedback of the target goal (map, AMCL-based estimate)",-6.0052,-1.0000,-3.1413,,
1790754429211683500,9.633,map,"nav2_feedback of the target goal (map, AMCL-based estimate)",-6.0052,-1.0000,-3.1413,,
1790754429221961684,9.633,map,"nav2_feedback of the target goal (map, AMCL-based estimate)",-6.0052,-1.0000,-3.1413,,
1790754429231930358,9.650,map,"nav2_feedback of the target goal (map, AMCL-based estimate)",-6.0052,-1.0000,-3.1413,,
1790754429241637059,9.650,map,"nav2_feedback of the target goal (map, AMCL-based estimate)",-6.0052,-1.0000,-3.1413,,
1790754429251516751,9.650,map,"nav2_feedback of the target goal (map, AMCL-based estimate)",-6.0052,-1.0000,-3.1413,,
1790754429261692266,9.650,map,"nav2_feedback of the target goal (map, AMCL-based estimate)",-6.0052,-1.0000,-3.1413,,
1790754429272337532,9.650,map,"nav2_feedback of the target goal (map, AMCL-based estimate)",-6.0052,-1.0000,-3.1413,,
1790754429281433368,9.667,map,"nav2_feedback of the target goal (map, AMCL-based estimate)",-6.0052,-1.0000,-3.1413,,
1790754429291731524,9.667,map,"nav2_feedback of the target goal (map, AMCL-based estimate)",-6.0052,-1.0000,-3.1413,,
1790754429301654723,9.667,map,"nav2_feedback of the target goal (map, AMCL-based estimate)",-6.0052,-1.0000,-3.1413,,
1790754429311669715,9.667,map,"nav2_feedback of the target goal (map, AMCL-based estimate)",-6.0052,-1.0000,-3.1413,,
1790754429321857794,9.683,map,"nav2_feedback of the target goal (map, AMCL-based estimate)",-6.0052,-1.0000,-3.1413,,
1790754429331638567,9.683,map,"nav2_feedback of the target goal (map, AMCL-based estimate)",-6.0052,-1.0000,-3.1413,,
1790754429341540482,9.683,map,"nav2_feedback of the target goal (map, AMCL-based estimate)",-6.0052,-1.0000,-3.1413,,
1790754429351657113,9.683,map,"nav2_feedback of the target goal (map, AMCL-based estimate)",-6.0052,-1.0000,-3.1413,,
1790754429361337185,9.683,map,"nav2_feedback of the target goal (map, AMCL-based estimate)",-6.0052,-1.0000,-3.1413,,
1790754429373404927,9.700,map,"nav2_feedback of the target goal (map, AMCL-based estimate)",-6.0052,-1.0000,-3.1413,,
1790754429381969877,9.700,map,"nav2_feedback of the target goal (map, AMCL-based estimate)",-6.0052,-1.0000,-3.1413,,
1790754429391656513,9.700,map,"nav2_feedback of the target goal (map, AMCL-based estimate)",-6.0052,-1.0000,-3.1413,,
1790754429401951012,9.700,map,"nav2_feedback of the target goal (map, AMCL-based estimate)",-6.0052,-1.0000,-3.1413,,
1790754429411586546,9.717,map,"nav2_feedback of the target goal (map, AMCL-based estimate)",-6.0053,-1.0000,-3.1413,,
1790754429422578360,9.717,map,"nav2_feedback of the target goal (map, AMCL-based estimate)",-6.0053,-1.0000,-3.1413,,
1790754429432312814,9.717,map,"nav2_feedback of the target goal (map, AMCL-based estimate)",-6.0053,-1.0000,-3.1413,,
1790754429441562233,9.717,map,"nav2_feedback of the target goal (map, AMCL-based estimate)",-6.0053,-1.0000,-3.1413,,
1790754429451646610,9.717,map,"nav2_feedback of the target goal (map, AMCL-based estimate)",-6.0053,-1.0000,-3.1413,,
1790754429461754147,9.717,map,"nav2_feedback of the target goal (map, AMCL-based estimate)",-6.0053,-1.0000,-3.1413,,
1790754429471704443,9.733,map,"nav2_feedback of the target goal (map, AMCL-based estimate)",-6.0053,-1.0000,-3.1413,,
1790754429481819387,9.733,map,"nav2_feedback of the target goal (map, AMCL-based estimate)",-6.0053,-1.0000,-3.1413,,
1790754429491540996,9.733,map,"nav2_feedback of the target goal (map, AMCL-based estimate)",-6.0053,-1.0000,-3.1413,,
1790754429501748014,9.750,map,"nav2_feedback of the target goal (map, AMCL-based estimate)",-6.0053,-1.0000,-3.1413,,
1790754429511659118,9.750,map,"nav2_feedback of the target goal (map, AMCL-based estimate)",-6.0053,-1.0000,-3.1413,,
1790754429521928864,9.750,map,"nav2_feedback of the target goal (map, AMCL-based estimate)",-6.0053,-1.0000,-3.1413,,
1790754429531852625,9.750,map,"nav2_feedback of the target goal (map, AMCL-based estimate)",-6.0053,-1.0000,-3.1413,,
1790754429541741600,9.750,map,"nav2_feedback of the target goal (map, AMCL-based estimate)",-6.0053,-1.0000,-3.1413,,
1790754429551658986,9.767,map,"nav2_feedback of the target goal (map, AMCL-based estimate)",-6.0053,-1.0000,-3.1413,,
1790754429561630379,9.767,map,"nav2_feedback of the target goal (map, AMCL-based estimate)",-6.0053,-1.0000,-3.1413,,
1790754429571792298,9.767,map,"nav2_feedback of the target goal (map, AMCL-based estimate)",-6.0053,-1.0000,-3.1413,,
1790754429581652019,9.767,map,"nav2_feedback of the target goal (map, AMCL-based estimate)",-6.0053,-1.0000,-3.1413,,
1790754429591563872,9.767,map,"nav2_feedback of the target goal (map, AMCL-based estimate)",-6.0053,-1.0000,-3.1413,,
1790754429601635685,9.783,map,"nav2_feedback of the target goal (map, AMCL-based estimate)",-6.0053,-1.0000,-3.1413,,
1790754429612755016,9.783,map,"nav2_feedback of the target goal (map, AMCL-based estimate)",-6.0053,-1.0000,-3.1413,,
1790754429621718834,9.783,map,"nav2_feedback of the target goal (map, AMCL-based estimate)",-6.0053,-1.0000,-3.1413,,
1790754429631461633,9.783,map,"nav2_feedback of the target goal (map, AMCL-based estimate)",-6.0053,-1.0000,-3.1413,,
1790754429641340388,9.783,map,"nav2_feedback of the target goal (map, AMCL-based estimate)",-6.0053,-1.0000,-3.1413,,
1790754429651690583,9.800,map,"nav2_feedback of the target goal (map, AMCL-based estimate)",-6.0053,-1.0000,-3.1413,,
1790754429663550921,9.800,map,"nav2_feedback of the target goal (map, AMCL-based estimate)",-6.0053,-1.0000,-3.1413,,
1790754429671944942,9.800,map,"nav2_feedback of the target goal (map, AMCL-based estimate)",-6.0053,-1.0000,-3.1413,,
1790754429681839543,9.817,map,"nav2_feedback of the target goal (map, AMCL-based estimate)",-6.0054,-1.0000,-3.1413,,
1790754429691582530,9.817,map,"nav2_feedback of the target goal (map, AMCL-based estimate)",-6.0054,-1.0000,-3.1413,,
1790754429701408872,9.817,map,"nav2_feedback of the target goal (map, AMCL-based estimate)",-6.0054,-1.0000,-3.1413,,
1790754429712041855,9.817,map,"nav2_feedback of the target goal (map, AMCL-based estimate)",-6.0054,-1.0000,-3.1413,,
1790754429724714835,9.817,map,"nav2_feedback of the target goal (map, AMCL-based estimate)",-6.0054,-1.0000,-3.1413,,
1790754429731533642,9.817,map,"nav2_feedback of the target goal (map, AMCL-based estimate)",-6.0054,-1.0000,-3.1413,,
1790754429741464623,9.833,map,"nav2_feedback of the target goal (map, AMCL-based estimate)",-6.0054,-1.0000,-3.1413,,
1790754429751812942,9.833,map,"nav2_feedback of the target goal (map, AMCL-based estimate)",-6.0054,-1.0000,-3.1413,,
1790754429761360996,9.833,map,"nav2_feedback of the target goal (map, AMCL-based estimate)",-6.0054,-1.0000,-3.1413,,
1790754429771880713,9.850,map,"nav2_feedback of the target goal (map, AMCL-based estimate)",-6.0054,-1.0000,-3.1413,,
1790754429782911907,9.850,map,"nav2_feedback of the target goal (map, AMCL-based estimate)",-6.0054,-1.0000,-3.1413,,
1790754429791637192,9.850,map,"nav2_feedback of the target goal (map, AMCL-based estimate)",-6.0054,-1.0000,-3.1413,,
1790754429801492976,9.850,map,"nav2_feedback of the target goal (map, AMCL-based estimate)",-6.0054,-1.0000,-3.1413,,
1790754429811500936,9.850,map,"nav2_feedback of the target goal (map, AMCL-based estimate)",-6.0054,-1.0000,-3.1413,,
1790754429821804249,9.867,map,"nav2_feedback of the target goal (map, AMCL-based estimate)",-6.0054,-1.0000,-3.1413,,
1790754429831718541,9.867,map,"nav2_feedback of the target goal (map, AMCL-based estimate)",-6.0054,-1.0000,-3.1413,,
1790754429842539612,9.867,map,"nav2_feedback of the target goal (map, AMCL-based estimate)",-6.0054,-1.0000,-3.1413,,
1790754429851757621,9.867,map,"nav2_feedback of the target goal (map, AMCL-based estimate)",-6.0054,-1.0000,-3.1413,,
1790754429861657472,9.883,map,"nav2_feedback of the target goal (map, AMCL-based estimate)",-6.0054,-1.0000,-3.1413,,
1790754429871965849,9.883,map,"nav2_feedback of the target goal (map, AMCL-based estimate)",-6.0054,-1.0000,-3.1413,,
1790754429881610572,9.883,map,"nav2_feedback of the target goal (map, AMCL-based estimate)",-6.0054,-1.0000,-3.1413,,
1790754429891458010,9.883,map,"nav2_feedback of the target goal (map, AMCL-based estimate)",-6.0054,-1.0000,-3.1413,,
1790754429901451250,9.883,map,"nav2_feedback of the target goal (map, AMCL-based estimate)",-6.0054,-1.0000,-3.1413,,
1790754429911960466,9.900,map,"nav2_feedback of the target goal (map, AMCL-based estimate)",-6.0055,-1.0000,-3.1413,,
1790754429921715080,9.900,map,"nav2_feedback of the target goal (map, AMCL-based estimate)",-6.0055,-1.0000,-3.1413,,
1790754429931471756,9.900,map,"nav2_feedback of the target goal (map, AMCL-based estimate)",-6.0055,-1.0000,-3.1413,,
1790754429941623079,9.900,map,"nav2_feedback of the target goal (map, AMCL-based estimate)",-6.0055,-1.0000,-3.1413,,
1790754429951691048,9.917,map,"nav2_feedback of the target goal (map, AMCL-based estimate)",-6.0055,-1.0000,-3.1413,,
1790754429961313924,9.917,map,"nav2_feedback of the target goal (map, AMCL-based estimate)",-6.0055,-1.0000,-3.1413,,
1790754429971790324,9.917,map,"nav2_feedback of the target goal (map, AMCL-based estimate)",-6.0055,-1.0000,-3.1413,,
1790754429981723180,9.917,map,"nav2_feedback of the target goal (map, AMCL-based estimate)",-6.0055,-1.0000,-3.1413,,
1790754429991532269,9.917,map,"nav2_feedback of the target goal (map, AMCL-based estimate)",-6.0055,-1.0000,-3.1413,,
1790754430001760291,9.917,map,"nav2_feedback of the target goal (map, AMCL-based estimate)",-6.0055,-1.0000,-3.1413,,
1790754430011588977,9.933,map,"nav2_feedback of the target goal (map, AMCL-based estimate)",-6.0055,-1.0000,-3.1413,,
1790754430021983896,9.933,map,"nav2_feedback of the target goal (map, AMCL-based estimate)",-6.0055,-1.0000,-3.1413,,
1790754430031571424,9.933,map,"nav2_feedback of the target goal (map, AMCL-based estimate)",-6.0055,-1.0000,-3.1413,,
1790754430041561945,9.950,map,"nav2_feedback of the target goal (map, AMCL-based estimate)",-6.0055,-1.0000,-3.1413,,
1790754430051400663,9.950,map,"nav2_feedback of the target goal (map, AMCL-based estimate)",-6.0055,-1.0000,-3.1413,,
1790754430061557425,9.950,map,"nav2_feedback of the target goal (map, AMCL-based estimate)",-6.0055,-1.0000,-3.1413,,
1790754430071709499,9.950,map,"nav2_feedback of the target goal (map, AMCL-based estimate)",-6.0055,-1.0000,-3.1413,,
1790754430081506305,9.950,map,"nav2_feedback of the target goal (map, AMCL-based estimate)",-6.0055,-1.0000,-3.1413,,
1790754430091575399,9.950,map,"nav2_feedback of the target goal (map, AMCL-based estimate)",-6.0055,-1.0000,-3.1413,,
1790754430101539760,9.950,map,"nav2_feedback of the target goal (map, AMCL-based estimate)",-6.0055,-1.0000,-3.1413,,
1790754430111485649,9.950,map,"nav2_feedback of the target goal (map, AMCL-based estimate)",-6.0055,-1.0000,-3.1413,,
1790754430122204706,9.967,map,"nav2_feedback of the target goal (map, AMCL-based estimate)",-6.0055,-1.0000,-3.1413,,
1790754430131525104,9.967,map,"nav2_feedback of the target goal (map, AMCL-based estimate)",-6.0055,-1.0000,-3.1413,,
1790754430141394764,9.967,map,"nav2_feedback of the target goal (map, AMCL-based estimate)",-6.0055,-1.0000,-3.1413,,
1790754430151490674,9.983,map,"nav2_feedback of the target goal (map, AMCL-based estimate)",-6.0056,-1.0000,-3.1413,,
1790754430161570082,9.983,map,"nav2_feedback of the target goal (map, AMCL-based estimate)",-6.0056,-1.0000,-3.1413,,
1790754430171734063,9.983,map,"nav2_feedback of the target goal (map, AMCL-based estimate)",-6.0056,-1.0000,-3.1413,,
1790754430181579720,9.983,map,"nav2_feedback of the target goal (map, AMCL-based estimate)",-6.0056,-1.0000,-3.1413,,
1790754430191534892,9.983,map,"nav2_feedback of the target goal (map, AMCL-based estimate)",-6.0056,-1.0000,-3.1413,,
1790754430201492877,9.983,map,"nav2_feedback of the target goal (map, AMCL-based estimate)",-6.0056,-1.0000,-3.1413,,
1790754430211729150,9.983,map,"nav2_feedback of the target goal (map, AMCL-based estimate)",-6.0056,-1.0000,-3.1413,,
1790754430222261057,10.000,map,"nav2_feedback of the target goal (map, AMCL-based estimate)",-6.0056,-1.0000,-3.1413,,
1790754430231905311,10.000,map,"nav2_feedback of the target goal (map, AMCL-based estimate)",-6.0056,-1.0000,-3.1413,,
1790754430241698930,10.000,map,"nav2_feedback of the target goal (map, AMCL-based estimate)",-6.0056,-1.0000,-3.1413,,
1790754430251754897,10.000,map,"nav2_feedback of the target goal (map, AMCL-based estimate)",-6.0056,-1.0000,-3.1413,,
1790754430261755262,10.017,map,"nav2_feedback of the target goal (map, AMCL-based estimate)",-6.0056,-1.0000,-3.1413,,
1790754430271934433,10.017,map,"nav2_feedback of the target goal (map, AMCL-based estimate)",-6.0056,-1.0000,-3.1413,,
1790754430281519617,10.017,map,"nav2_feedback of the target goal (map, AMCL-based estimate)",-6.0056,-1.0000,-3.1413,,
1790754430291570146,10.017,map,"nav2_feedback of the target goal (map, AMCL-based estimate)",-6.0056,-1.0000,-3.1413,,
1790754430301837079,10.017,map,"nav2_feedback of the target goal (map, AMCL-based estimate)",-6.0056,-1.0000,-3.1413,,
1790754430311625541,10.017,map,"nav2_feedback of the target goal (map, AMCL-based estimate)",-6.0056,-1.0000,-3.1413,,
1790754430321911601,10.017,map,"nav2_feedback of the target goal (map, AMCL-based estimate)",-6.0056,-1.0000,-3.1413,,
1790754430333173827,10.033,map,"nav2_feedback of the target goal (map, AMCL-based estimate)",-6.0056,-1.0000,-3.1413,,
1790754430341698366,10.033,map,"nav2_feedback of the target goal (map, AMCL-based estimate)",-6.0056,-1.0000,-3.1413,,
1790754430351790244,10.033,map,"nav2_feedback of the target goal (map, AMCL-based estimate)",-6.0056,-1.0000,-3.1413,,
1790754430361797173,10.033,map,"nav2_feedback of the target goal (map, AMCL-based estimate)",-6.0056,-1.0000,-3.1413,,
1790754430371889145,10.050,map,"nav2_feedback of the target goal (map, AMCL-based estimate)",-6.0056,-1.0000,-3.1413,,
1790754430381558152,10.050,map,"nav2_feedback of the target goal (map, AMCL-based estimate)",-6.0056,-1.0000,-3.1413,,
1790754430391834462,10.050,map,"nav2_feedback of the target goal (map, AMCL-based estimate)",-6.0056,-1.0000,-3.1413,,
1790754430401627237,10.050,map,"nav2_feedback of the target goal (map, AMCL-based estimate)",-6.0056,-1.0000,-3.1413,,
1790754430411929237,10.050,map,"nav2_feedback of the target goal (map, AMCL-based estimate)",-6.0056,-1.0000,-3.1413,,
1790754430422412669,10.067,map,"nav2_feedback of the target goal (map, AMCL-based estimate)",-6.0057,-1.0000,-3.1413,,
1790754430431715158,10.067,map,"nav2_feedback of the target goal (map, AMCL-based estimate)",-6.0057,-1.0000,-3.1413,,
1790754430442159490,10.067,map,"nav2_feedback of the target goal (map, AMCL-based estimate)",-6.0057,-1.0000,-3.1413,,
1790754430451690104,10.083,map,"nav2_feedback of the target goal (map, AMCL-based estimate)",-6.0057,-1.0000,-3.1413,,
1790754430461489630,10.083,map,"nav2_feedback of the target goal (map, AMCL-based estimate)",-6.0057,-1.0000,-3.1413,,
1790754430471685022,10.083,map,"nav2_feedback of the target goal (map, AMCL-based estimate)",-6.0057,-1.0000,-3.1413,,
1790754430481678074,10.083,map,"nav2_feedback of the target goal (map, AMCL-based estimate)",-6.0057,-1.0000,-3.1413,,
1790754430491980356,10.083,map,"nav2_feedback of the target goal (map, AMCL-based estimate)",-6.0057,-1.0000,-3.1413,,
1790754430501589543,10.083,map,"nav2_feedback of the target goal (map, AMCL-based estimate)",-6.0057,-1.0000,-3.1413,,
1790754430511543214,10.100,map,"nav2_feedback of the target goal (map, AMCL-based estimate)",-6.0057,-1.0000,-3.1413,,
1790754430524297112,10.100,map,"nav2_feedback of the target goal (map, AMCL-based estimate)",-6.0057,-1.0000,-3.1413,,
1790754430531486000,10.100,map,"nav2_feedback of the target goal (map, AMCL-based estimate)",-6.0057,-1.0000,-3.1413,,
1790754430541798690,10.100,map,"nav2_feedback of the target goal (map, AMCL-based estimate)",-6.0057,-1.0000,-3.1413,,
1790754430551926010,10.117,map,"nav2_feedback of the target goal (map, AMCL-based estimate)",-6.0057,-1.0000,-3.1413,,
1790754430561447060,10.117,map,"nav2_feedback of the target goal (map, AMCL-based estimate)",-6.0057,-1.0000,-3.1413,,
1790754430571946619,10.117,map,"nav2_feedback of the target goal (map, AMCL-based estimate)",-6.0057,-1.0000,-3.1413,,
1790754430582174172,10.117,map,"nav2_feedback of the target goal (map, AMCL-based estimate)",-6.0057,-1.0000,-3.1413,,
1790754430591750354,10.117,map,"nav2_feedback of the target goal (map, AMCL-based estimate)",-6.0057,-1.0000,-3.1413,,
1790754430601672053,10.133,map,"nav2_feedback of the target goal (map, AMCL-based estimate)",-6.0057,-1.0000,-3.1413,,
1790754430611603972,10.133,map,"nav2_feedback of the target goal (map, AMCL-based estimate)",-6.0057,-1.0000,-3.1413,,
1790754430621690318,10.133,map,"nav2_feedback of the target goal (map, AMCL-based estimate)",-6.0057,-1.0000,-3.1413,,
1790754430631449244,10.133,map,"nav2_feedback of the target goal (map, AMCL-based estimate)",-6.0057,-1.0000,-3.1413,,
1790754430641524807,10.150,map,"nav2_feedback of the target goal (map, AMCL-based estimate)",-6.0057,-1.0000,-3.1413,,
1790754430651754235,10.150,map,"nav2_feedback of the target goal (map, AMCL-based estimate)",-6.0057,-1.0000,-3.1413,,
1790754430661419774,10.150,map,"nav2_feedback of the target goal (map, AMCL-based estimate)",-6.0057,-1.0000,-3.1413,,
1790754430671859043,10.150,map,"nav2_feedback of the target goal (map, AMCL-based estimate)",-6.0057,-1.0000,-3.1413,,
1790754430681997334,10.150,map,"nav2_feedback of the target goal (map, AMCL-based estimate)",-6.0057,-1.0000,-3.1413,,
1790754430691480129,10.167,map,"nav2_feedback of the target goal (map, AMCL-based estimate)",-6.0058,-1.0000,-3.1413,,
1790754430701544722,10.167,map,"nav2_feedback of the target goal (map, AMCL-based estimate)",-6.0058,-1.0000,-3.1413,,
1790754430711618316,10.167,map,"nav2_feedback of the target goal (map, AMCL-based estimate)",-6.0058,-1.0000,-3.1413,,
1790754430721859558,10.183,map,"nav2_feedback of the target goal (map, AMCL-based estimate)",-6.0058,-1.0000,-3.1413,,
1790754430731683181,10.183,map,"nav2_feedback of the target goal (map, AMCL-based estimate)",-6.0058,-1.0000,-3.1413,,
1790754430741640134,10.183,map,"nav2_feedback of the target goal (map, AMCL-based estimate)",-6.0058,-1.0000,-3.1413,,
1790754430752025490,10.183,map,"nav2_feedback of the target goal (map, AMCL-based estimate)",-6.0058,-1.0000,-3.1413,,
1790754430761408709,10.183,map,"nav2_feedback of the target goal (map, AMCL-based estimate)",-6.0058,-1.0000,-3.1413,,
1790754430771958899,10.183,map,"nav2_feedback of the target goal (map, AMCL-based estimate)",-6.0058,-1.0000,-3.1413,,
1790754430781349994,10.200,map,"nav2_feedback of the target goal (map, AMCL-based estimate)",-6.0058,-1.0000,-3.1413,,
1790754430791571452,10.200,map,"nav2_feedback of the target goal (map, AMCL-based estimate)",-6.0058,-1.0000,-3.1413,,
1790754430801593102,10.200,map,"nav2_feedback of the target goal (map, AMCL-based estimate)",-6.0058,-1.0000,-3.1413,,
1790754430811752958,10.200,map,"nav2_feedback of the target goal (map, AMCL-based estimate)",-6.0058,-1.0000,-3.1413,,
1790754430821591770,10.217,map,"nav2_feedback of the target goal (map, AMCL-based estimate)",-6.0058,-1.0000,-3.1413,,
1790754430831551162,10.217,map,"nav2_feedback of the target goal (map, AMCL-based estimate)",-6.0058,-1.0000,-3.1413,,
1790754430841531649,10.217,map,"nav2_feedback of the target goal (map, AMCL-based estimate)",-6.0058,-1.0000,-3.1413,,
1790754430851843307,10.217,map,"nav2_feedback of the target goal (map, AMCL-based estimate)",-6.0058,-1.0000,-3.1413,,
1790754430861315882,10.217,map,"nav2_feedback of the target goal (map, AMCL-based estimate)",-6.0058,-1.0000,-3.1413,,
1790754430872194993,10.217,map,"nav2_feedback of the target goal (map, AMCL-based estimate)",-6.0058,-1.0000,-3.1413,,
1790754430881416002,10.217,map,"nav2_feedback of the target goal (map, AMCL-based estimate)",-6.0058,-1.0000,-3.1413,,
1790754430891909278,10.233,map,"nav2_feedback of the target goal (map, AMCL-based estimate)",-6.0058,-1.0000,-3.1413,,
1790754430901647577,10.233,map,"nav2_feedback of the target goal (map, AMCL-based estimate)",-6.0058,-1.0000,-3.1413,,
1790754430911486295,10.233,map,"nav2_feedback of the target goal (map, AMCL-based estimate)",-6.0058,-1.0000,-3.1413,,
1790754430921808455,10.250,map,"nav2_feedback of the target goal (map, AMCL-based estimate)",-6.0059,-1.0000,-3.1413,,
1790754430931524250,10.250,map,"nav2_feedback of the target goal (map, AMCL-based estimate)",-6.0059,-1.0000,-3.1413,,
1790754430941471171,10.250,map,"nav2_feedback of the target goal (map, AMCL-based estimate)",-6.0059,-1.0000,-3.1413,,
1790754430951684003,10.250,map,"nav2_feedback of the target goal (map, AMCL-based estimate)",-6.0059,-1.0000,-3.1413,,
1790754430961464120,10.250,map,"nav2_feedback of the target goal (map, AMCL-based estimate)",-6.0059,-1.0000,-3.1413,,
1790754430972440838,10.250,map,"nav2_feedback of the target goal (map, AMCL-based estimate)",-6.0059,-1.0000,-3.1413,,
1790754430981716885,10.267,map,"nav2_feedback of the target goal (map, AMCL-based estimate)",-6.0059,-1.0000,-3.1413,,
1790754430991892119,10.267,map,"nav2_feedback of the target goal (map, AMCL-based estimate)",-6.0059,-1.0000,-3.1413,,
1790754431001518933,10.267,map,"nav2_feedback of the target goal (map, AMCL-based estimate)",-6.0059,-1.0000,-3.1413,,
1790754431011863877,10.267,map,"nav2_feedback of the target goal (map, AMCL-based estimate)",-6.0059,-1.0000,-3.1413,,
1790754431021799734,10.283,map,"nav2_feedback of the target goal (map, AMCL-based estimate)",-6.0059,-1.0000,-3.1413,,
1790754431031746748,10.283,map,"nav2_feedback of the target goal (map, AMCL-based estimate)",-6.0059,-1.0000,-3.1413,,
1790754431041744301,10.283,map,"nav2_feedback of the target goal (map, AMCL-based estimate)",-6.0059,-1.0000,-3.1413,,
1790754431051471348,10.283,map,"nav2_feedback of the target goal (map, AMCL-based estimate)",-6.0059,-1.0000,-3.1413,,
1790754431061658583,10.283,map,"nav2_feedback of the target goal (map, AMCL-based estimate)",-6.0059,-1.0000,-3.1413,,
1790754431072314350,10.300,map,"nav2_feedback of the target goal (map, AMCL-based estimate)",-6.0059,-1.0000,-3.1413,,
1790754431081712102,10.300,map,"nav2_feedback of the target goal (map, AMCL-based estimate)",-6.0059,-1.0000,-3.1413,,
1790754431091885835,10.300,map,"nav2_feedback of the target goal (map, AMCL-based estimate)",-6.0059,-1.0000,-3.1413,,
1790754431101454236,10.300,map,"nav2_feedback of the target goal (map, AMCL-based estimate)",-6.0059,-1.0000,-3.1413,,
1790754431111790647,10.317,map,"nav2_feedback of the target goal (map, AMCL-based estimate)",-6.0059,-1.0000,-3.1413,,
1790754431121852146,10.317,map,"nav2_feedback of the target goal (map, AMCL-based estimate)",-6.0059,-1.0000,-3.1413,,
1790754431131728651,10.317,map,"nav2_feedback of the target goal (map, AMCL-based estimate)",-6.0059,-1.0000,-3.1413,,
1790754431141910541,10.317,map,"nav2_feedback of the target goal (map, AMCL-based estimate)",-6.0059,-1.0000,-3.1413,,
1790754431153632111,10.317,map,"nav2_feedback of the target goal (map, AMCL-based estimate)",-6.0059,-1.0000,-3.1413,,
1790754431161589760,10.333,map,"nav2_feedback of the target goal (map, AMCL-based estimate)",-6.0060,-1.0000,-3.1413,,
1790754431171905637,10.333,map,"nav2_feedback of the target goal (map, AMCL-based estimate)",-6.0060,-1.0000,-3.1413,,
1790754431181872342,10.333,map,"nav2_feedback of the target goal (map, AMCL-based estimate)",-6.0060,-1.0000,-3.1413,,
1790754431191488280,10.333,map,"nav2_feedback of the target goal (map, AMCL-based estimate)",-6.0060,-1.0000,-3.1413,,
1790754431201630227,10.350,map,"nav2_feedback of the target goal (map, AMCL-based estimate)",-6.0060,-1.0000,-3.1413,,
1790754431211413438,10.350,map,"nav2_feedback of the target goal (map, AMCL-based estimate)",-6.0060,-1.0000,-3.1413,,
1790754431221883743,10.350,map,"nav2_feedback of the target goal (map, AMCL-based estimate)",-6.0060,-1.0000,-3.1413,,
1790754431231713554,10.350,map,"nav2_feedback of the target goal (map, AMCL-based estimate)",-6.0060,-1.0000,-3.1413,,
1790754431241788273,10.350,map,"nav2_feedback of the target goal (map, AMCL-based estimate)",-6.0060,-1.0000,-3.1413,,
1790754431251655964,10.367,map,"nav2_feedback of the target goal (map, AMCL-based estimate)",-6.0060,-1.0000,-3.1413,,
1790754431262139396,10.367,map,"nav2_feedback of the target goal (map, AMCL-based estimate)",-6.0060,-1.0000,-3.1413,,
1790754431273733260,10.367,map,"nav2_feedback of the target goal (map, AMCL-based estimate)",-6.0060,-1.0000,-3.1413,,
1790754431281889874,10.367,map,"nav2_feedback of the target goal (map, AMCL-based estimate)",-6.0060,-1.0000,-3.1413,,
1790754431291628829,10.383,map,"nav2_feedback of the target goal (map, AMCL-based estimate)",-6.0060,-1.0000,-3.1413,,
1790754431301384286,10.383,map,"nav2_feedback of the target goal (map, AMCL-based estimate)",-6.0060,-1.0000,-3.1413,,
1790754431311456286,10.383,map,"nav2_feedback of the target goal (map, AMCL-based estimate)",-6.0060,-1.0000,-3.1413,,
1790754431321996069,10.383,map,"nav2_feedback of the target goal (map, AMCL-based estimate)",-6.0060,-1.0000,-3.1413,,
1790754431331619884,10.383,map,"nav2_feedback of the target goal (map, AMCL-based estimate)",-6.0060,-1.0000,-3.1413,,
1790754431341525080,10.400,map,"nav2_feedback of the target goal (map, AMCL-based estimate)",-6.0060,-1.0000,-3.1413,,
1790754431351597455,10.400,map,"nav2_feedback of the target goal (map, AMCL-based estimate)",-6.0060,-1.0000,-3.1413,,
1790754431361542688,10.400,map,"nav2_feedback of the target goal (map, AMCL-based estimate)",-6.0060,-1.0000,-3.1413,,
1790754431372739748,10.400,map,"nav2_feedback of the target goal (map, AMCL-based estimate)",-6.0060,-1.0000,-3.1413,,
1790754431381601834,10.417,map,"nav2_feedback of the target goal (map, AMCL-based estimate)",-6.0060,-1.0000,-3.1413,,
1790754431391343132,10.417,map,"nav2_feedback of the target goal (map, AMCL-based estimate)",-6.0060,-1.0000,-3.1413,,
1790754431401722862,10.417,map,"nav2_feedback of the target goal (map, AMCL-based estimate)",-6.0060,-1.0000,-3.1413,,
1790754431412403102,10.417,map,"nav2_feedback of the target goal (map, AMCL-based estimate)",-6.0060,-1.0000,-3.1413,,
1790754431426494526,10.417,map,"nav2_feedback of the target goal (map, AMCL-based estimate)",-6.0060,-1.0000,-3.1413,,
1790754431432084383,10.433,map,"nav2_feedback of the target goal (map, AMCL-based estimate)",-6.0061,-1.0000,-3.1413,,
1790754431441963045,10.433,map,"nav2_feedback of the target goal (map, AMCL-based estimate)",-6.0061,-1.0000,-3.1413,,
1790754431452037670,10.433,map,"nav2_feedback of the target goal (map, AMCL-based estimate)",-6.0061,-1.0000,-3.1413,,
1790754431461826507,10.433,map,"nav2_feedback of the target goal (map, AMCL-based estimate)",-6.0061,-1.0000,-3.1413,,
1790754431471964985,10.450,map,"nav2_feedback of the target goal (map, AMCL-based estimate)",-6.0061,-1.0000,-3.1413,,
1790754431481788795,10.450,map,"nav2_feedback of the target goal (map, AMCL-based estimate)",-6.0061,-1.0000,-3.1413,,
1790754431491403046,10.450,map,"nav2_feedback of the target goal (map, AMCL-based estimate)",-6.0061,-1.0000,-3.1413,,
1790754431502428895,10.450,map,"nav2_feedback of the target goal (map, AMCL-based estimate)",-6.0061,-1.0000,-3.1413,,
1790754431511551172,10.450,map,"nav2_feedback of the target goal (map, AMCL-based estimate)",-6.0061,-1.0000,-3.1413,,
1790754431521997848,10.450,map,"nav2_feedback of the target goal (map, AMCL-based estimate)",-6.0061,-1.0000,-3.1413,,
1790754431531311495,10.467,map,"nav2_feedback of the target goal (map, AMCL-based estimate)",-6.0061,-1.0000,-3.1413,,
1790754431541759672,10.467,map,"nav2_feedback of the target goal (map, AMCL-based estimate)",-6.0061,-1.0000,-3.1413,,
1790754431551848831,10.467,map,"nav2_feedback of the target goal (map, AMCL-based estimate)",-6.0061,-1.0000,-3.1413,,
1790754431561963306,10.483,map,"nav2_feedback of the target goal (map, AMCL-based estimate)",-6.0061,-1.0000,-3.1413,,
1790754431572121755,10.483,map,"nav2_feedback of the target goal (map, AMCL-based estimate)",-6.0061,-1.0000,-3.1413,,
1790754431581518851,10.483,map,"nav2_feedback of the target goal (map, AMCL-based estimate)",-6.0061,-1.0000,-3.1413,,
1790754431591581850,10.483,map,"nav2_feedback of the target goal (map, AMCL-based estimate)",-6.0061,-1.0000,-3.1413,,
1790754431601440540,10.483,map,"nav2_feedback of the target goal (map, AMCL-based estimate)",-6.0061,-1.0000,-3.1413,,
1790754431611733727,10.483,map,"nav2_feedback of the target goal (map, AMCL-based estimate)",-6.0061,-1.0000,-3.1413,,
1790754431621651862,10.500,map,"nav2_feedback of the target goal (map, AMCL-based estimate)",-6.0061,-1.0000,-3.1413,,
1790754431631674544,10.500,map,"nav2_feedback of the target goal (map, AMCL-based estimate)",-6.0061,-1.0000,-3.1413,,
1790754431641466193,10.500,map,"nav2_feedback of the target goal (map, AMCL-based estimate)",-6.0061,-1.0000,-3.1413,,
1790754431651555164,10.517,map,"nav2_feedback of the target goal (map, AMCL-based estimate)",-6.0062,-1.0000,-3.1413,,
1790754431661643386,10.517,map,"nav2_feedback of the target goal (map, AMCL-based estimate)",-6.0062,-1.0000,-3.1413,,
1790754431671933853,10.517,map,"nav2_feedback of the target goal (map, AMCL-based estimate)",-6.0062,-1.0000,-3.1413,,
1790754431681828642,10.517,map,"nav2_feedback of the target goal (map, AMCL-based estimate)",-6.0062,-1.0000,-3.1413,,
1790754431691594226,10.517,map,"nav2_feedback of the target goal (map, AMCL-based estimate)",-6.0062,-1.0000,-3.1413,,
1790754431701389157,10.517,map,"nav2_feedback of the target goal (map, AMCL-based estimate)",-6.0062,-1.0000,-3.1413,,
1790754431711620554,10.517,map,"nav2_feedback of the target goal (map, AMCL-based estimate)",-6.0062,-1.0000,-3.1413,,
1790754431722108674,10.533,map,"nav2_feedback of the target goal (map, AMCL-based estimate)",-6.0062,-1.0000,-3.1413,,
1790754431731526772,10.533,map,"nav2_feedback of the target goal (map, AMCL-based estimate)",-6.0062,-1.0000,-3.1413,,
1790754431741482975,10.533,map,"nav2_feedback of the target goal (map, AMCL-based estimate)",-6.0062,-1.0000,-3.1413,,
1790754431751854267,10.533,map,"nav2_feedback of the target goal (map, AMCL-based estimate)",-6.0062,-1.0000,-3.1413,,
1790754431761423417,10.550,map,"nav2_feedback of the target goal (map, AMCL-based estimate)",-6.0062,-1.0000,-3.1413,,
1790754431771856217,10.550,map,"nav2_feedback of the target goal (map, AMCL-based estimate)",-6.0062,-1.0000,-3.1413,,
1790754431781400895,10.550,map,"nav2_feedback of the target goal (map, AMCL-based estimate)",-6.0062,-1.0000,-3.1413,,
1790754431791747339,10.550,map,"nav2_feedback of the target goal (map, AMCL-based estimate)",-6.0062,-1.0000,-3.1413,,
1790754431801658724,10.550,map,"nav2_feedback of the target goal (map, AMCL-based estimate)",-6.0062,-1.0000,-3.1413,,
1790754431811785950,10.567,map,"nav2_feedback of the target goal (map, AMCL-based estimate)",-6.0062,-1.0000,-3.1413,,
1790754431821772158,10.567,map,"nav2_feedback of the target goal (map, AMCL-based estimate)",-6.0062,-1.0000,-3.1413,,
1790754431831397097,10.567,map,"nav2_feedback of the target goal (map, AMCL-based estimate)",-6.0062,-1.0000,-3.1413,,
1790754431841543826,10.583,map,"nav2_feedback of the target goal (map, AMCL-based estimate)",-6.0062,-1.0000,-3.1413,,
1790754431851494122,10.583,map,"nav2_feedback of the target goal (map, AMCL-based estimate)",-6.0062,-1.0000,-3.1413,,
1790754431861708830,10.583,map,"nav2_feedback of the target goal (map, AMCL-based estimate)",-6.0062,-1.0000,-3.1413,,
1790754431871999110,10.583,map,"nav2_feedback of the target goal (map, AMCL-based estimate)",-6.0062,-1.0000,-3.1413,,
1790754431881454339,10.583,map,"nav2_feedback of the target goal (map, AMCL-based estimate)",-6.0062,-1.0000,-3.1413,,
1790754431893758081,10.583,map,"nav2_feedback of the target goal (map, AMCL-based estimate)",-6.0062,-1.0000,-3.1413,,
1790754431901803211,10.600,map,"nav2_feedback of the target goal (map, AMCL-based estimate)",-6.0063,-1.0000,-3.1413,,
1790754431911806014,10.600,map,"nav2_feedback of the target goal (map, AMCL-based estimate)",-6.0063,-1.0000,-3.1413,,
1790754431922070228,10.600,map,"nav2_feedback of the target goal (map, AMCL-based estimate)",-6.0063,-1.0000,-3.1413,,
1790754431931697887,10.600,map,"nav2_feedback of the target goal (map, AMCL-based estimate)",-6.0063,-1.0000,-3.1413,,
1790754431941333796,10.617,map,"nav2_feedback of the target goal (map, AMCL-based estimate)",-6.0063,-1.0000,-3.1413,,
1790754431951834011,10.617,map,"nav2_feedback of the target goal (map, AMCL-based estimate)",-6.0063,-1.0000,-3.1413,,
1790754431961347373,10.617,map,"nav2_feedback of the target goal (map, AMCL-based estimate)",-6.0063,-1.0000,-3.1413,,
1790754431971874685,10.617,map,"nav2_feedback of the target goal (map, AMCL-based estimate)",-6.0063,-1.0000,-3.1413,,
1790754431981656115,10.617,map,"nav2_feedback of the target goal (map, AMCL-based estimate)",-6.0063,-1.0000,-3.1413,,
1790754431991383631,10.617,map,"nav2_feedback of the target goal (map, AMCL-based estimate)",-6.0063,-1.0000,-3.1413,,
1790754432001608371,10.633,map,"nav2_feedback of the target goal (map, AMCL-based estimate)",-6.0063,-1.0000,-3.1413,,
1790754432011797481,10.633,map,"nav2_feedback of the target goal (map, AMCL-based estimate)",-6.0063,-1.0000,-3.1413,,
1790754432022097700,10.633,map,"nav2_feedback of the target goal (map, AMCL-based estimate)",-6.0063,-1.0000,-3.1413,,
1790754432031837030,10.633,map,"nav2_feedback of the target goal (map, AMCL-based estimate)",-6.0063,-1.0000,-3.1413,,
1790754432041493848,10.650,map,"nav2_feedback of the target goal (map, AMCL-based estimate)",-6.0063,-1.0000,-3.1413,,
1790754432051379354,10.650,map,"nav2_feedback of the target goal (map, AMCL-based estimate)",-6.0063,-1.0000,-3.1413,,
1790754432061477327,10.650,map,"nav2_feedback of the target goal (map, AMCL-based estimate)",-6.0063,-1.0000,-3.1413,,
1790754432072523523,10.650,map,"nav2_feedback of the target goal (map, AMCL-based estimate)",-6.0063,-1.0000,-3.1413,,
1790754432081624234,10.650,map,"nav2_feedback of the target goal (map, AMCL-based estimate)",-6.0063,-1.0000,-3.1413,,
1790754432091936174,10.667,map,"nav2_feedback of the target goal (map, AMCL-based estimate)",-6.0063,-1.0000,-3.1413,,
1790754432101624309,10.667,map,"nav2_feedback of the target goal (map, AMCL-based estimate)",-6.0063,-1.0000,-3.1413,,
1790754432111491906,10.667,map,"nav2_feedback of the target goal (map, AMCL-based estimate)",-6.0063,-1.0000,-3.1413,,
1790754432121727335,10.667,map,"nav2_feedback of the target goal (map, AMCL-based estimate)",-6.0063,-1.0000,-3.1413,,
1790754432131695071,10.683,map,"nav2_feedback of the target goal (map, AMCL-based estimate)",-6.0064,-1.0000,-3.1413,,
1790754432141453435,10.683,map,"nav2_feedback of the target goal (map, AMCL-based estimate)",-6.0064,-1.0000,-3.1413,,
1790754432151695521,10.683,map,"nav2_feedback of the target goal (map, AMCL-based estimate)",-6.0064,-1.0000,-3.1413,,
1790754432161624533,10.683,map,"nav2_feedback of the target goal (map, AMCL-based estimate)",-6.0064,-1.0000,-3.1413,,
1790754432172020484,10.683,map,"nav2_feedback of the target goal (map, AMCL-based estimate)",-6.0064,-1.0000,-3.1413,,
1790754432181612138,10.700,map,"nav2_feedback of the target goal (map, AMCL-based estimate)",-6.0064,-1.0000,-3.1413,,
1790754432191580061,10.700,map,"nav2_feedback of the target goal (map, AMCL-based estimate)",-6.0064,-1.0000,-3.1413,,
1790754432201548266,10.700,map,"nav2_feedback of the target goal (map, AMCL-based estimate)",-6.0064,-1.0000,-3.1413,,
1790754432211591388,10.717,map,"nav2_feedback of the target goal (map, AMCL-based estimate)",-6.0064,-1.0000,-3.1413,,
1790754432221565968,10.717,map,"nav2_feedback of the target goal (map, AMCL-based estimate)",-6.0064,-1.0000,-3.1413,,
1790754432231489167,10.717,map,"nav2_feedback of the target goal (map, AMCL-based estimate)",-6.0064,-1.0000,-3.1413,,
1790754432241637209,10.717,map,"nav2_feedback of the target goal (map, AMCL-based estimate)",-6.0064,-1.0000,-3.1413,,
1790754432251765467,10.717,map,"nav2_feedback of the target goal (map, AMCL-based estimate)",-6.0064,-1.0000,-3.1413,,
1790754432261963016,10.717,map,"nav2_feedback of the target goal (map, AMCL-based estimate)",-6.0064,-1.0000,-3.1413,,
1790754432272165534,10.733,map,"nav2_feedback of the target goal (map, AMCL-based estimate)",-6.0064,-1.0000,-3.1413,,
1790754432281871109,10.733,map,"nav2_feedback of the target goal (map, AMCL-based estimate)",-6.0064,-1.0000,-3.1413,,
1790754432291778368,10.733,map,"nav2_feedback of the target goal (map, AMCL-based estimate)",-6.0064,-1.0000,-3.1413,,
1790754432301639309,10.750,map,"nav2_feedback of the target goal (map, AMCL-based estimate)",-6.0064,-1.0000,-3.1413,,
1790754432311549474,10.750,map,"nav2_feedback of the target goal (map, AMCL-based estimate)",-6.0064,-1.0000,-3.1413,,
1790754432321876791,10.750,map,"nav2_feedback of the target goal (map, AMCL-based estimate)",-6.0064,-1.0000,-3.1413,,
1790754432333533758,10.750,map,"nav2_feedback of the target goal (map, AMCL-based estimate)",-6.0064,-1.0000,-3.1413,,
1790754432341531162,10.750,map,"nav2_feedback of the target goal (map, AMCL-based estimate)",-6.0064,-1.0000,-3.1413,,
1790754432351610007,10.750,map,"nav2_feedback of the target goal (map, AMCL-based estimate)",-6.0064,-1.0000,-3.1413,,
1790754432361598934,10.767,map,"nav2_feedback of the target goal (map, AMCL-based estimate)",-6.0064,-1.0000,-3.1413,,
1790754432371761509,10.767,map,"nav2_feedback of the target goal (map, AMCL-based estimate)",-6.0064,-1.0000,-3.1413,,
1790754432381644765,10.767,map,"nav2_feedback of the target goal (map, AMCL-based estimate)",-6.0064,-1.0000,-3.1413,,
1790754432391778367,10.767,map,"nav2_feedback of the target goal (map, AMCL-based estimate)",-6.0064,-1.0000,-3.1413,,
1790754432401718912,10.783,map,"nav2_feedback of the target goal (map, AMCL-based estimate)",-6.0065,-1.0000,-3.1413,,
1790754432411641923,10.783,map,"nav2_feedback of the target goal (map, AMCL-based estimate)",-6.0065,-1.0000,-3.1413,,
1790754432421776182,10.783,map,"nav2_feedback of the target goal (map, AMCL-based estimate)",-6.0065,-1.0000,-3.1413,,
1790754432431992108,10.783,map,"nav2_feedback of the target goal (map, AMCL-based estimate)",-6.0065,-1.0000,-3.1413,,
1790754432441565290,10.783,map,"nav2_feedback of the target goal (map, AMCL-based estimate)",-6.0065,-1.0000,-3.1413,,
1790754432451789937,10.800,map,"nav2_feedback of the target goal (map, AMCL-based estimate)",-6.0065,-1.0000,-3.1413,,
1790754432461916788,10.800,map,"nav2_feedback of the target goal (map, AMCL-based estimate)",-6.0065,-1.0000,-3.1413,,
1790754432472253762,10.800,map,"nav2_feedback of the target goal (map, AMCL-based estimate)",-6.0065,-1.0000,-3.1413,,
1790754432481489773,10.817,map,"nav2_feedback of the target goal (map, AMCL-based estimate)",-6.0065,-1.0000,-3.1413,,
1790754432492538782,10.817,map,"nav2_feedback of the target goal (map, AMCL-based estimate)",-6.0065,-1.0000,-3.1413,,
1790754432501442685,10.817,map,"nav2_feedback of the target goal (map, AMCL-based estimate)",-6.0065,-1.0000,-3.1413,,
1790754432511463866,10.817,map,"nav2_feedback of the target goal (map, AMCL-based estimate)",-6.0065,-1.0000,-3.1413,,
1790754432522080816,10.817,map,"nav2_feedback of the target goal (map, AMCL-based estimate)",-6.0065,-1.0000,-3.1413,,
1790754432531273415,10.817,map,"nav2_feedback of the target goal (map, AMCL-based estimate)",-6.0065,-1.0000,-3.1413,,
1790754432541704621,10.833,map,"nav2_feedback of the target goal (map, AMCL-based estimate)",-6.0065,-1.0000,-3.1413,,
1790754432551715582,10.833,map,"nav2_feedback of the target goal (map, AMCL-based estimate)",-6.0065,-1.0000,-3.1413,,
1790754432561543424,10.833,map,"nav2_feedback of the target goal (map, AMCL-based estimate)",-6.0065,-1.0000,-3.1413,,
1790754432573855136,10.850,map,"nav2_feedback of the target goal (map, AMCL-based estimate)",-6.0065,-1.0000,-3.1413,,
1790754432581570127,10.850,map,"nav2_feedback of the target goal (map, AMCL-based estimate)",-6.0065,-1.0000,-3.1413,,
1790754432591423660,10.850,map,"nav2_feedback of the target goal (map, AMCL-based estimate)",-6.0065,-1.0000,-3.1413,,
1790754432601377800,10.850,map,"nav2_feedback of the target goal (map, AMCL-based estimate)",-6.0065,-1.0000,-3.1413,,
1790754432611586038,10.850,map,"nav2_feedback of the target goal (map, AMCL-based estimate)",-6.0065,-1.0000,-3.1413,,
1790754432623157118,10.867,map,"nav2_feedback of the target goal (map, AMCL-based estimate)",-6.0066,-1.0000,-3.1413,,
1790754432631410308,10.867,map,"nav2_feedback of the target goal (map, AMCL-based estimate)",-6.0066,-1.0000,-3.1413,,
1790754432641504342,10.867,map,"nav2_feedback of the target goal (map, AMCL-based estimate)",-6.0066,-1.0000,-3.1413,,
1790754432651668324,10.867,map,"nav2_feedback of the target goal (map, AMCL-based estimate)",-6.0066,-1.0000,-3.1413,,
1790754432661664751,10.883,map,"nav2_feedback of the target goal (map, AMCL-based estimate)",-6.0066,-1.0000,-3.1413,,
1790754432673780124,10.883,map,"nav2_feedback of the target goal (map, AMCL-based estimate)",-6.0066,-1.0000,-3.1413,,
1790754432681450203,10.883,map,"nav2_feedback of the target goal (map, AMCL-based estimate)",-6.0066,-1.0000,-3.1413,,
1790754432692319281,10.883,map,"nav2_feedback of the target goal (map, AMCL-based estimate)",-6.0066,-1.0000,-3.1413,,
1790754432701826829,10.883,map,"nav2_feedback of the target goal (map, AMCL-based estimate)",-6.0066,-1.0000,-3.1413,,
1790754432711471177,10.900,map,"nav2_feedback of the target goal (map, AMCL-based estimate)",-6.0066,-1.0000,-3.1413,,
1790754432721923948,10.900,map,"nav2_feedback of the target goal (map, AMCL-based estimate)",-6.0066,-1.0000,-3.1413,,
1790754432732050425,10.900,map,"nav2_feedback of the target goal (map, AMCL-based estimate)",-6.0066,-1.0000,-3.1413,,
1790754432741434300,10.900,map,"nav2_feedback of the target goal (map, AMCL-based estimate)",-6.0066,-1.0000,-3.1413,,
1790754432751636349,10.917,map,"nav2_feedback of the target goal (map, AMCL-based estimate)",-6.0066,-1.0000,-3.1413,,
1790754432761726258,10.917,map,"nav2_feedback of the target goal (map, AMCL-based estimate)",-6.0066,-1.0000,-3.1413,,
1790754432771916775,10.917,map,"nav2_feedback of the target goal (map, AMCL-based estimate)",-6.0066,-1.0000,-3.1413,,
1790754432781373316,10.917,map,"nav2_feedback of the target goal (map, AMCL-based estimate)",-6.0066,-1.0000,-3.1413,,
1790754432791507106,10.917,map,"nav2_feedback of the target goal (map, AMCL-based estimate)",-6.0066,-1.0000,-3.1413,,
1790754432801554916,10.933,map,"nav2_feedback of the target goal (map, AMCL-based estimate)",-6.0066,-1.0000,-3.1413,,
1790754432811710646,10.933,map,"nav2_feedback of the target goal (map, AMCL-based estimate)",-6.0066,-1.0000,-3.1413,,
1790754432821691978,10.933,map,"nav2_feedback of the target goal (map, AMCL-based estimate)",-6.0066,-1.0000,-3.1413,,
1790754432831640024,10.933,map,"nav2_feedback of the target goal (map, AMCL-based estimate)",-6.0066,-1.0000,-3.1413,,
1790754432841442175,10.950,map,"nav2_feedback of the target goal (map, AMCL-based estimate)",-6.0067,-1.0000,-3.1413,,
1790754432851641786,10.950,map,"nav2_feedback of the target goal (map, AMCL-based estimate)",-6.0067,-1.0000,-3.1413,,
1790754432861505352,10.950,map,"nav2_feedback of the target goal (map, AMCL-based estimate)",-6.0067,-1.0000,-3.1413,,
1790754432871948841,10.950,map,"nav2_feedback of the target goal (map, AMCL-based estimate)",-6.0067,-1.0000,-3.1413,,
1790754432882425052,10.950,map,"nav2_feedback of the target goal (map, AMCL-based estimate)",-6.0067,-1.0000,-3.1413,,
1790754432891515356,10.967,map,"nav2_feedback of the target goal (map, AMCL-based estimate)",-6.0067,-1.0000,-3.1413,,
1790754432901789697,10.967,map,"nav2_feedback of the target goal (map, AMCL-based estimate)",-6.0067,-1.0000,-3.1413,,
1790754432911847164,10.967,map,"nav2_feedback of the target goal (map, AMCL-based estimate)",-6.0067,-1.0000,-3.1413,,
1790754432922288871,10.967,map,"nav2_feedback of the target goal (map, AMCL-based estimate)",-6.0067,-1.0000,-3.1413,,
1790754432931547854,10.983,map,"nav2_feedback of the target goal (map, AMCL-based estimate)",-6.0067,-1.0000,-3.1413,,
1790754432941435235,10.983,map,"nav2_feedback of the target goal (map, AMCL-based estimate)",-6.0067,-1.0000,-3.1413,,
1790754432951551679,10.983,map,"nav2_feedback of the target goal (map, AMCL-based estimate)",-6.0067,-1.0000,-3.1413,,
1790754432961340703,10.983,map,"nav2_feedback of the target goal (map, AMCL-based estimate)",-6.0067,-1.0000,-3.1413,,
1790754432972243067,10.983,map,"nav2_feedback of the target goal (map, AMCL-based estimate)",-6.0067,-1.0000,-3.1413,,
1790754432981586437,11.000,map,"nav2_feedback of the target goal (map, AMCL-based estimate)",-6.0067,-1.0000,-3.1413,,
1790754432991513855,11.000,map,"nav2_feedback of the target goal (map, AMCL-based estimate)",-6.0067,-1.0000,-3.1413,,
1790754433001378077,11.000,map,"nav2_feedback of the target goal (map, AMCL-based estimate)",-6.0067,-1.0000,-3.1413,,
1790754433011903139,11.000,map,"nav2_feedback of the target goal (map, AMCL-based estimate)",-6.0067,-1.0000,-3.1413,,
1790754433022104063,11.017,map,"nav2_feedback of the target goal (map, AMCL-based estimate)",-6.0067,-1.0000,-3.1413,,
1790754433032092615,11.017,map,"nav2_feedback of the target goal (map, AMCL-based estimate)",-6.0067,-1.0000,-3.1413,,
1790754433041401573,11.017,map,"nav2_feedback of the target goal (map, AMCL-based estimate)",-6.0067,-1.0000,-3.1413,,
1790754433051437569,11.017,map,"nav2_feedback of the target goal (map, AMCL-based estimate)",-6.0067,-1.0000,-3.1413,,
1790754433061427245,11.017,map,"nav2_feedback of the target goal (map, AMCL-based estimate)",-6.0067,-1.0000,-3.1413,,
1790754433073602627,11.017,map,"nav2_feedback of the target goal (map, AMCL-based estimate)",-6.0067,-1.0000,-3.1413,,
1790754433081489391,11.017,map,"nav2_feedback of the target goal (map, AMCL-based estimate)",-6.0067,-1.0000,-3.1413,,
1790754433091649435,11.033,map,"nav2_feedback of the target goal (map, AMCL-based estimate)",-6.0067,-1.0000,-3.1413,,
1790754433101618202,11.033,map,"nav2_feedback of the target goal (map, AMCL-based estimate)",-6.0067,-1.0000,-3.1413,,
1790754433111860851,11.033,map,"nav2_feedback of the target goal (map, AMCL-based estimate)",-6.0067,-1.0000,-3.1413,,
1790754433122012643,11.050,map,"nav2_feedback of the target goal (map, AMCL-based estimate)",-6.0068,-1.0000,-3.1413,,
1790754433131730595,11.050,map,"nav2_feedback of the target goal (map, AMCL-based estimate)",-6.0068,-1.0000,-3.1413,,
1790754433141390883,11.050,map,"nav2_feedback of the target goal (map, AMCL-based estimate)",-6.0068,-1.0000,-3.1413,,
1790754433151709573,11.050,map,"nav2_feedback of the target goal (map, AMCL-based estimate)",-6.0068,-1.0000,-3.1413,,
1790754433162102805,11.050,map,"nav2_feedback of the target goal (map, AMCL-based estimate)",-6.0068,-1.0000,-3.1413,,
1790754433172114985,11.050,map,"nav2_feedback of the target goal (map, AMCL-based estimate)",-6.0068,-1.0000,-3.1413,,
1790754433181630034,11.067,map,"nav2_feedback of the target goal (map, AMCL-based estimate)",-6.0068,-1.0000,-3.1413,,
1790754433191929222,11.067,map,"nav2_feedback of the target goal (map, AMCL-based estimate)",-6.0068,-1.0000,-3.1413,,
1790754433201405453,11.067,map,"nav2_feedback of the target goal (map, AMCL-based estimate)",-6.0068,-1.0000,-3.1413,,
1790754433211351530,11.083,map,"nav2_feedback of the target goal (map, AMCL-based estimate)",-6.0068,-1.0000,-3.1413,,
1790754433221797831,11.083,map,"nav2_feedback of the target goal (map, AMCL-based estimate)",-6.0068,-1.0000,-3.1413,,
1790754433231346073,11.083,map,"nav2_feedback of the target goal (map, AMCL-based estimate)",-6.0068,-1.0000,-3.1413,,
1790754433241333968,11.083,map,"nav2_feedback of the target goal (map, AMCL-based estimate)",-6.0068,-1.0000,-3.1413,,
1790754433252272055,11.083,map,"nav2_feedback of the target goal (map, AMCL-based estimate)",-6.0068,-1.0000,-3.1413,,
1790754433261671589,11.100,map,"nav2_feedback of the target goal (map, AMCL-based estimate)",-6.0068,-1.0000,-3.1413,,
1790754433271772280,11.100,map,"nav2_feedback of the target goal (map, AMCL-based estimate)",-6.0068,-1.0000,-3.1413,,
1790754433281679821,11.100,map,"nav2_feedback of the target goal (map, AMCL-based estimate)",-6.0068,-1.0000,-3.1413,,
1790754433291661152,11.100,map,"nav2_feedback of the target goal (map, AMCL-based estimate)",-6.0068,-1.0000,-3.1413,,
1790754433304048719,11.117,map,"nav2_feedback of the target goal (map, AMCL-based estimate)",-6.0068,-1.0000,-3.1413,,
1790754433311565495,11.117,map,"nav2_feedback of the target goal (map, AMCL-based estimate)",-6.0068,-1.0000,-3.1413,,
1790754433321580488,11.117,map,"nav2_feedback of the target goal (map, AMCL-based estimate)",-6.0068,-1.0000,-3.1413,,
1790754433331919056,11.117,map,"nav2_feedback of the target goal (map, AMCL-based estimate)",-6.0068,-1.0000,-3.1413,,
1790754433341366690,11.117,map,"nav2_feedback of the target goal (map, AMCL-based estimate)",-6.0068,-1.0000,-3.1413,,
1790754433351481165,11.133,map,"nav2_feedback of the target goal (map, AMCL-based estimate)",-6.0069,-1.0000,-3.1413,,
1790754433361492500,11.133,map,"nav2_feedback of the target goal (map, AMCL-based estimate)",-6.0069,-1.0000,-3.1413,,
1790754433371951460,11.133,map,"nav2_feedback of the target goal (map, AMCL-based estimate)",-6.0069,-1.0000,-3.1413,,
1790754433381532799,11.133,map,"nav2_feedback of the target goal (map, AMCL-based estimate)",-6.0069,-1.0000,-3.1413,,
1790754433391434714,11.150,map,"nav2_feedback of the target goal (map, AMCL-based estimate)",-6.0069,-1.0000,-3.1413,,
1790754433401510184,11.150,map,"nav2_feedback of the target goal (map, AMCL-based estimate)",-6.0069,-1.0000,-3.1413,,
1790754433412087565,11.150,map,"nav2_feedback of the target goal (map, AMCL-based estimate)",-6.0069,-1.0000,-3.1413,,
1790754433422321119,11.150,map,"nav2_feedback of the target goal (map, AMCL-based estimate)",-6.0069,-1.0000,-3.1413,,
1790754433431685023,11.150,map,"nav2_feedback of the target goal (map, AMCL-based estimate)",-6.0069,-1.0000,-3.1413,,
1790754433441666729,11.167,map,"nav2_feedback of the target goal (map, AMCL-based estimate)",-6.0069,-1.0000,-3.1413,,
1790754433451671502,11.167,map,"nav2_feedback of the target goal (map, AMCL-based estimate)",-6.0069,-1.0000,-3.1413,,
1790754433461531880,11.167,map,"nav2_feedback of the target goal (map, AMCL-based estimate)",-6.0069,-1.0000,-3.1413,,
1790754433471920986,11.167,map,"nav2_feedback of the target goal (map, AMCL-based estimate)",-6.0069,-1.0000,-3.1413,,
