2026-09-30T01:40:44.503 0.009027946760117273,-7.804068675410956e-07,-1.4199652187270896e-05,-3.5939840808671664e-07,1.9906413341080782e-07,1.6376925650697028e-06,0.9999999999985746
2026-09-30T01:40:44.577 0.009046543314609471,-7.205680975109128e-07,-1.4273758897518563e-05,-4.266602001799309e-07,1.4691132775426694e-07,-2.4631114019534228e-06,0.9999999999968647
2026-09-30T01:40:44.651 0.009064186290218644,-6.607413233891329e-07,-1.4286753177350313e-05,-4.057419978665166e-07,1.445829034021271e-07,-3.687651860507526e-06,0.9999999999931078
2026-09-30T01:40:44.718 0.009081829267328706,-7.201238388086843e-07,-1.4299747437683567e-05,-3.916533261271796e-07,1.571292448495385e-07,2.0861109333326404e-07,0.9999999999998892
2026-09-30T01:40:44.780 0.0091018564440558,-2.430345314478742e-07,-1.4301610293550103e-05,-3.01208569279392e-07,5.459916477728277e-08,-1.0508201428258169e-06,0.999999999999401
2026-09-30T01:40:44.829 0.009119976277536098,-4.387816858069511e-09,-1.4300457390133081e-05,-2.417809977025972e-07,1.0488826780931406e-07,-3.0429463405923556e-06,0.9999999999953355
2026-09-30T01:40:44.872 0.009136665629392946,-1.2338697842457372e-07,-1.4282141495437488e-05,-2.432627238669282e-07,-3.457782646418203e-08,-1.2021008869149658e-05,0.9999999999277175
2026-09-30T01:40:44.939 0.009153831726572454,-4.807987265874233e-07,-1.4324184062089174e-05,-9.739001568176168e-08,-1.583360472210792e-08,-6.270258397425327e-06,0.9999999999803371
2026-09-30T01:40:44.988 0.009171951350261252,-4.2096597091509483e-07,-1.4457141412537835e-05,-3.2140839005956336e-07,8.044047265954221e-08,-5.109460675186218e-06,0.9999999999868918
2026-09-30T01:40:45.055 0.009192455371805377,-5.995217526095208e-07,-1.4459758091234268e-05,-2.1151976010600605e-07,2.2349778677041723e-08,1.331071328133279e-06,0.9999999999990915
2026-09-30T01:40:45.121 0.009210575108042638,-1.224564698728223e-07,-1.4518209797086878e-05,-3.541330748299168e-07,7.508455294192859e-08,-1.263188593021456e-05,0.9999999999201522
2026-09-30T01:40:45.180 0.009228218231017252,-5.394668375127146e-07,-1.4441797143515685e-05,-2.0382363414667962e-07,-6.624215680459258e-08,-8.678121315355254e-06,0.9999999999623221
2026-09-30T01:40:45.235 0.009248245229017604,-8.372379340420949e-07,-1.456286901318725e-05,-3.264178573651914e-07,1.0477065106890483e-07,-2.9022746556599164e-06,0.9999999999957296
2026-09-30T01:40:45.302 0.009266365035935812,-3.601726431035698e-07,-1.4576617291335385e-05,-1.985777807494677e-07,1.2327884729477742e-07,1.828170549194613e-06,0.9999999999983016
2026-09-30T01:40:45.378 0.009285438493918878,-2.304637596146682e-09,-1.4606774552696458e-05,-3.872349024689816e-07,1.4574777501003093e-07,-3.247257204171355e-06,0.9999999999946421
2026-09-30T01:40:45.434 0.009305465732775485,-7.173082201807648e-07,-1.4578834928441694e-05,-2.5170043098653777e-07,1.0162599519757158e-07,-2.3467872069968698e-06,0.9999999999972095
2026-09-30T01:40:45.498 0.009323108544963344,-7.766907547379113e-07,-1.4696137186752057e-05,-2.840529410438996e-07,8.668234665688455e-08,-4.5534763271325066e-07,0.9999999999998522
2026-09-30T01:40:45.554 0.009342182068374245,-1.5902276340023372e-09,-1.46815910886534e-05,-2.1236135335502763e-07,6.099923796528005e-08,-2.659727548066958e-06,0.9999999999964385
2026-09-30T01:40:45.610 0.009359824979306026,-4.18600619879374e-07,-1.4739288718195635e-05,-3.650286155595687e-07,-5.3321493305368745e-08,-1.2903976354789286e-05,0.9999999999166757
2026-09-30T01:40:45.689 0.00937508379266302,-1.2038528105141804e-07,-1.4733612244098026e-05,-3.7142696874216185e-07,1.152227511497602e-08,-5.96229135042056e-06,0.9999999999821565
2026-09-30T01:40:45.740 0.009396541463020672,-2.393244138649492e-07,-1.4752637935255148e-05,-2.627473029295694e-07,1.1676224883825152e-07,-5.408950934737108e-06,0.9999999999853303
2026-09-30T01:40:45.804 0.009415614907949642,-7.15921437880787e-07,-1.4797696202694892e-05,-3.7176010976301476e-07,8.14796634853739e-08,1.239547188984321e-06,0.9999999999991593
2026-09-30T01:40:45.857 0.009433257807624761,-2.388621585661742e-07,-1.4855393978475863e-05,-4.012109868091871e-07,8.416183128165393e-08,-1.5248886513186917e-06,0.9999999999987533
2026-09-30T01:40:45.923 0.009452808136236505,-7.15453173692042e-07,-1.487140389085093e-05,-4.2627001793909455e-07,1.1850560211452419e-07,-3.15870953290945e-06,0.9999999999949134
2026-09-30T01:40:45.999 0.009470928063207616,-4.172018033958033e-07,-1.4810646426910524e-05,-2.788830153718033e-07,7.68330544734202e-08,-1.527954353090341e-07,0.9999999999999465
2026-09-30T01:40:46.054 0.009489524498397356,-2.381537574939999e-07,-1.4959258869497482e-05,-3.264459553398005e-07,7.904006833727689e-08,-1.1956201452167807e-06,0.9999999999992288
2026-09-30T01:40:46.115 0.009508121146380371,-1.1871033175738289e-07,-1.497376101922176e-05,-2.813179666395346e-07,5.3665507036664606e-08,-2.1185665715683785e-06,0.9999999999977148
2026-09-30T01:40:46.162 0.009524810564415499,1.1991838350193316e-07,-1.4910741755317187e-05,-2.1360491216223872e-07,-4.2028283784900856e-08,-1.2794497974345004e-05,0.9999999999181267
2026-09-30T01:40:46.203 0.009543883870984357,-5.950972360002201e-07,-1.5045206839168888e-05,-3.42444431984938e-07,7.601628134563539e-08,-7.274496712896794e-06,0.9999999999734793
2026-09-30T01:40:46.272 0.009562003707466432,-5.948691004930779e-07,-1.504405389675487e-05,-3.1941558839637084e-07,5.552748194135408e-08,-4.659196097949187e-06,0.9999999999890934
2026-09-30T01:40:46.331 0.009580123569009709,-7.13850251793325e-07,-1.5027999792274198e-05,-3.2704000430565285e-07,4.039270819044305e-08,1.578677206459256e-06,0.9999999999986996
2026-09-30T01:40:46.387 0.00959967369563094,-1.1755768291874864e-07,-1.5163219020681019e-05,-3.4777657702089607e-07,2.6065506638340375e-07,4.225884539260286e-05,0.9999999991070005
2026-09-30T01:40:46.449 0.00961874708593484,1.891735304185511e-09,-1.5238079670749573e-05,-4.573231491203878e-07,-7.683145271198045e-08,6.732673693057333e-05,0.9999999977334477
2026-09-30T01:40:46.499 0.00963925115084737,1.2135918293097187e-07,-1.5210894113055934e-05,-4.187824891451976e-07,1.0364156934879673e-08,7.133491639120235e-05,0.9999999974555771
2026-09-30T01:40:46.553 0.009654986688218044,2.3479981166433268e-09,-1.5280477213626017e-05,-4.3307657739235475e-07,1.0652259249165341e-07,6.536063638440409e-05,0.9999999978638942
2026-09-30T01:40:46.604 0.009674060219883832,1.2179743274323035e-07,-1.5265931008285616e-05,-4.599325464678653e-07,9.732577901081648e-08,6.73166989141336e-05,0.9999999977341205
2026-09-30T01:40:46.647 0.009694087379054165,1.2204957920477328e-07,-1.5282694928726316e-05,-3.196476929952017e-07,2.223896560095749e-08,6.921343090874646e-05,0.9999999976046992
2026-09-30T01:40:46.713 0.009713160795920156,3.0804210789870307e-09,-1.5342654397229716e-05,-3.9267429635606756e-07,1.0640658981356572e-07,6.728163312689876e-05,0.9999999977365082
2026-09-30T01:40:46.755 0.009733664769593206,-1.1587072131265774e-07,-1.5375073370811716e-05,-4.670263058408879e-07,7.974706462740035e-08,6.776263369166637e-05,0.9999999977040005
2026-09-30T01:40:46.814 0.009751307604590934,-1.1564860836519636e-07,-1.547747449630317e-05,-4.549234824822076e-07,8.277398410421308e-08,6.834664953693692e-05,0.9999999976642608
2026-09-30T01:40:46.853 0.00976990439243495,1.2300412331640477e-07,-1.5402569810116994e-05,-4.363849789234395e-07,8.952615666013594e-08,6.794311249825402e-05,0.9999999976917675
2026-09-30T01:40:46.923 0.009788501065479169,1.2323826224563265e-07,-1.5402170797774618e-05,-3.5404544414085275e-07,4.575452165135744e-08,6.782596265257167e-05,0.9999999976997557
2026-09-30T01:40:46.963 0.00980757434098327,4.269087716193534e-09,-1.555153712168697e-05,-4.921551862147683e-07,7.741860303925896e-08,6.778323032441129e-05,0.9999999977025927
2026-09-30T01:40:47.020 0.009826171036086915,1.237125189206948e-07,-1.5536236986274932e-05,-3.4517465279173975e-07,6.717503865472912e-08,6.845029051605259e-05,0.999999997657217
2026-09-30T01:40:47.062 0.009845721286513273,2.4316794329965683e-07,-1.5596950423846965e-05,-3.3544092316453234e-07,1.0279817137106346e-07,6.840363014354196e-05,0.9999999976604101
2026-09-30T01:40:47.126 0.009863364315997072,-2.334470800466697e-07,-1.5580142330799158e-05,-4.266853906114132e-07,9.371718205199365e-08,6.813841955026999e-05,0.9999999976784825
2026-09-30T01:40:47.161 0.009883391422043223,2.43642219112314e-07,-1.5626708614370167e-05,-4.1953850170117956e-07,6.775661224797844e-08,6.804123543866621e-05,0.9999999976851048
2026-09-30T01:40:47.227 0.00990151126302796,-1.1375751400453768e-07,-1.5625555613460656e-05,-2.890413663584499e-07,7.835121119314276e-08,6.789153842551963e-05,0.9999999976953247
2026-09-30T01:40:47.328 0.009920584772634322,-1.1351737165322407e-07,-1.5625910531189916e-05,-3.0086832481333096e-07,4.563849875475929e-08,6.853058276625585e-05,0.9999999976517333
2026-09-30T01:40:47.400 0.009940611905242565,1.2515335115703926e-07,-1.5657575633195772e-05,-3.890281859526711e-07,2.864124939675604e-08,6.77474680367472e-05,0.9999999977050642
2026-09-30T01:40:47.443 0.009958254693119664,1.2537545863661635e-07,-1.5789779043823545e-05,-4.128842328907085e-07,4.2378139518658436e-08,6.82045342034042e-05,0.9999999976739846
2026-09-30T01:40:47.501 0.009976851345605345,-1.1280898425076049e-07,-1.580428113505233e-05,-3.4296778059698205e-07,8.673285430924078e-08,6.889115336256797e-05,0.9999999976269419
2026-09-30T01:40:47.543 0.009996401735892701,1.258557460731857e-07,-1.5775587736713912e-05,-4.793984932471023e-07,3.818675426213888e-08,6.800417741445034e-05,0.9999999976876003
2026-09-30T01:40:47.605 0.010014521570873888,2.452931711216591e-07,-1.5774434813798392e-05,-3.398111825098922e-07,1.0186677776630457e-07,6.788232479148495e-05,0.9999999976959321
2026-09-30T01:40:47.648 0.010034548707984795,1.263360253079286e-07,-1.5806099857308753e-05,-2.719546036918473e-07,3.5277748742013063e-08,6.887587557660735e-05,0.9999999976280193
2026-09-30T01:40:47.713 0.010053622219092043,7.36687811791093e-09,-1.5806454755539514e-05,-2.2910972900934168e-07,-1.3928172534199473e-09,6.85758975566389e-05,0.9999999976486469
2026-09-30T01:40:47.755 0.010072218822956206,-1.1160828069601892e-07,-1.5850759151403116e-05,-3.8182203289383726e-07,4.1214215847610247e-08,6.861950066131347e-05,0.9999999976456083
2026-09-30T01:40:47.813 0.01009081535163676,1.2704442091221864e-07,-1.5939767033466688e-05,-3.062947268737433e-07,7.008566334082523e-08,6.844755144609852e-05,0.999999997657417
2026-09-30T01:40:47.866 0.01010988876700186,1.2728455232776364e-07,-1.5999726521468587e-05,-4.486514916858706e-07,6.647593354653616e-08,6.89123086226489e-05,0.999999997625444
2026-09-30T01:40:47.927 0.010128485441546969,8.309401715660252e-09,-1.599932748962771e-05,-3.720795855341678e-07,4.063222148313015e-08,6.886763295654299e-05,0.9999999976285545
2026-09-30T01:40:47.974 0.010147558971711868,2.469681258835785e-07,-1.598478130378581e-05,-3.707862868147377e-07,8.615061457662619e-08,6.904417363284517e-05,0.9999999976163786
2026-09-30T01:40:48.037 0.010164248229327455,1.2796895338130577e-07,-1.6026069979362852e-05,-4.2320898239000166e-07,3.923494938139455e-08,6.927960805967418e-05,0.9999999976000776
2026-09-30T01:40:48.079 0.010183798481254702,1.282150882189365e-07,-1.608678339743639e-05,-3.478706791825368e-07,3.143556515849137e-08,6.885797811640731e-05,0.9999999976292284
2026-09-30T01:40:48.137 0.010202395107178292,1.284492216802801e-07,-1.611618667023033e-05,-4.5304698118839765e-07,1.1676725842559292e-07,6.837412257006645e-05,0.9999999976623802
2026-09-30T01:40:48.191 0.01022242238264931,2.4791067135286503e-07,-1.6058444897328733e-05,-3.203697615617912e-07,2.5615049452698086e-08,6.977327199709176e-05,0.9999999975657936
2026-09-30T01:40:48.245 0.010242449332778585,9.744214126266083e-09,-1.6209319061885866e-05,-4.364398538211354e-07,6.938637876379293e-08,6.875085964498664e-05,0.999999997636562
2026-09-30T01:40:48.281 0.010259615610936171,2.4837893554161e-07,-1.6132152585484772e-05,-4.4947229007422143e-07,-1.9786216156567395e-08,8.815908466018283e-05,0.9999999961138867
2026-09-30T01:40:48.344 0.0102791656743809,2.486250485077036e-07,-1.6312075144103578e-05,-5.121819733685101e-07,2.5266839400672672e-08,9.719797243966898e-05,0.9999999952761456
2026-09-30T01:40:48.382 0.010299192920288051,8.449236536116716e-07,-1.6269234591764132e-05,-2.1484259444671054e-07,8.417708318213772e-08,0.00012460744446629953,0.9999999922364657
2026-09-30T01:40:48.442 0.010316358946786616,4.875118972469954e-07,-1.6355980586120297e-05,-3.458371676191946e-07,1.1421270851847336e-07,0.00014062341888894617,0.9999999901124607
2026-09-30T01:40:48.482 0.010336386055834541,7.261826173233167e-07,-1.6402546830694312e-05,-1.905985778904691e-07,4.506276380500971e-08,0.00013758450632416158,0.9999999905352326
2026-09-30T01:40:48.544 0.010354982846680334,7.264167699222554e-07,-1.632764210551114e-05,-1.593510196846802e-07,4.867181527329928e-08,0.000137352233579517,0.999999990567168
2026-09-30T01:40:48.583 0.010373579401922978,7.266508951817725e-07,-1.6401748806009556e-05,-2.352775577788531e-07,8.743776612021774e-08,0.0001390996283354927,0.9999999903256152
2026-09-30T01:40:48.648 0.010393129815770652,9.653156282396606e-07,-1.6358154265102975e-05,-3.7294615038907873e-07,9.535303642402532e-08,0.00013784160895155705,0.9999999904997713
2026-09-30T01:40:48.683 0.0104117264211357,7.271311798843996e-07,-1.640245864146808e-05,-2.5557318756881034e-07,8.324661266233233e-08,0.0001381656158174569,0.9999999904550951
2026-09-30T01:40:48.747 0.010429846164877403,6.081500149144418e-07,-1.6460910249828198e-05,-2.176833422011945e-07,7.335164268501362e-08,0.00013926224810176035,0.9999999903029867
2026-09-30T01:40:48.787 0.010449873273925332,8.468207349907631e-07,-1.650747649440221e-05,-2.701196752555391e-07,1.0629673499523877e-07,0.00013803209924888427,0.9999999904735276
2026-09-30T01:40:48.848 0.010467516251785837,7.27833574800546e-07,-1.652047074498622e-05,-2.742936811204935e-07,7.463177856372795e-08,0.00013833859472434158,0.9999999904311762
2026-09-30T01:40:48.888 0.01048706652577251,8.472890019134502e-07,-1.656628303999009e-05,-1.7955323114738983e-07,6.962658754706499e-08,0.0001391927457697879,0.9999999903126712
2026-09-30T01:40:48.961 0.01050709364082399,6.091225638244463e-07,-1.6612849206570115e-05,-2.808211113331894e-07,1.0862499736336353e-07,0.00013833816265698738,0.999999990431231
2026-09-30T01:40:48.998 0.010524259731999944,7.285479738269218e-07,-1.6654891851215793e-05,-3.5033157225832104e-07,1.167736647295382e-07,0.0001387688094901835,0.9999999903715405
2026-09-30T01:40:49.062 0.010544287005970076,9.67218713040838e-07,-1.6597150097812692e-05,-1.2018401196543227e-07,4.506331373146912e-08,0.00013888792451517633,0.9999999903550639
2026-09-30T01:40:49.102 0.010562406704092038,7.290282530616648e-07,-1.6685403971810634e-05,-2.8585315370858016e-07,9.407311343863119e-08,0.0001390366878893334,0.9999999903343544
2026-09-30T01:40:49.164 0.01058243381764263,6.100711045139921e-07,-1.6731970157889153e-05,-2.9323492709987717e-07,1.2061575865248586e-07,0.00013913145726079,0.9999999903211685
2026-09-30T01:40:49.204 0.010601984258052392,6.1031726122316e-07,-1.667347443541742e-05,-1.359408674957825e-07,8.534290906948743e-08,0.00013899533071618463,0.9999999903401361
2026-09-30T01:40:49.265 0.010619150229925888,8.48951947097256e-07,-1.679002281240239e-05,-2.7805871432313347e-07,1.0734454041907368e-07,0.00013947527750214674,0.999999990273279
2026-09-30T01:40:49.303 0.01063917731691439,9.684133748983036e-07,-1.6851490180046064e-05,-1.9964771307752404e-07,6.427137529677237e-08,0.00013939570335995,0.9999999902843969
2026-09-30T01:40:49.361 0.01065777392227944,7.302289265430427e-07,-1.6895794556411168e-05,-1.2685822836579392e-07,5.01855518733981e-08,0.0001389878719698426,0.9999999903411764
2026-09-30T01:40:49.402 0.010677324362689202,7.304750832522107e-07,-1.6837298833939434e-05,-1.0012384945440342e-07,7.544787917049771e-08,0.00013953191756131125,0.9999999902654141
2026-09-30T01:40:49.461 0.010696397779555193,6.115059251264243e-07,-1.689725830244283e-05,-1.8889709325691877e-07,9.593640259029462e-08,0.0001394560559247425,0.9999999902759817
2026-09-30T01:40:49.504 0.010713563985530947,9.693499278812731e-07,-1.6864795273244712e-05,-1.9403373293328005e-07,7.626221083405078e-08,0.00013972649277374497,0.9999999902382318
2026-09-30T01:40:49.576 0.010734067890023938,7.311894877464707e-07,-1.694191765503269e-05,-1.3667111672934285e-07,3.982462299423223e-08,0.0001401192328607289,0.9999999901832901
2026-09-30T01:40:49.618 0.010753141328949358,7.314296218959579e-07,-1.698697600046643e-05,-3.2104627678404035e-07,1.2550506141769328e-07,0.0001395894559271612,0.9999999902573324
2026-09-30T01:40:49.681 0.010770784372988142,9.70070338531561e-07,-1.6955266881841448e-05,-2.440084275556338e-07,7.207095484786263e-08,0.00013983133509084045,0.9999999902235664
2026-09-30T01:40:49.731 0.010790334651477478,7.318978970204714e-07,-1.7001079118349834e-05,-1.673561461825506e-07,5.088386219095286e-08,0.0001398895987743875,0.9999999902154347
2026-09-30T01:40:49.782 0.010810361782584833,1.089777909372066e-06,-1.7032744239854185e-05,-1.0623358131132096e-07,-5.598498976651351e-08,0.00013971684860741108,0.9999999902395939
2026-09-30T01:40:49.827 0.010829435128769879,9.70808743044453e-07,-1.713740713606206e-05,-3.1429377788278767e-07,1.202664409982995e-07,0.00013988275962448297,0.9999999902163501
2026-09-30T01:40:49.890 0.010849939245305706,7.326483275151302e-07,-1.708041923473661e-05,-3.0109291481475145e-07,4.750711245222469e-08,0.00014153843788908542,0.9999999899833888
2026-09-30T01:40:49.933 0.010867582195103231,9.712890332149647e-07,-1.7108314686384264e-05,-1.692126741685605e-07,2.432293590663527e-10,0.00014017685619097103,0.9999999901752101
2026-09-30T01:40:49.992 0.010886178750345874,9.715231584744819e-07,-1.7182421386882682e-05,-1.8358138286092497e-07,-3.947828296387173e-09,0.00013996571926927154,0.9999999902047818
2026-09-30T01:40:50.033 0.010906682796200757,7.333627347433324e-07,-1.717013691326171e-05,-1.1560167287596294e-07,3.20249919899746e-08,0.00014085062466715764,0.9999999900805435
2026-09-30T01:40:50.096 0.010923848887376714,8.527881447458078e-07,-1.7212179557907385e-05,-1.3200055091074415e-07,6.881210662994985e-08,0.00014073401966579007,0.9999999900969567
2026-09-30T01:40:50.134 0.0109433993247847,1.0914528805376383e-06,-1.715368387443265e-05,-2.766894646092458e-08,3.0628554233977935e-08,0.00014075250438246465,0.9999999900943654
2026-09-30T01:40:50.198 0.010961042206903058,1.0916749989529839e-06,-1.7226282714787786e-05,-9.560503617905583e-08,2.21297924615044e-08,0.00014051946559992556,0.999999990127135
2026-09-30T01:40:50.236 0.010982023040698567,9.72729862717367e-07,-1.7244554475873266e-05,-1.1985691435122588e-07,4.1105398417518916e-08,0.00014136067303669218,0.999999990008572
2026-09-30T01:40:50.296 0.011001096479623983,9.729699968668542e-07,-1.7289612821307002e-05,-9.326517317578254e-08,-5.111342582579144e-09,0.00014082045638292678,0.9999999900847951
2026-09-30T01:40:50.332 0.011018739503104228,9.73192131685853e-07,-1.727280480625319e-05,-3.0905147640114347e-09,1.1303786475178543e-08,0.00014091273131067481,0.999999990071801
2026-09-30T01:40:50.395 0.011037336154089021,8.542169783398073e-07,-1.728730691698047e-05,4.039012698334321e-08,1.6309959283486054e-08,0.0001414286502725781,0.9999999899989674
2026-09-30T01:40:50.436 0.011056886403014492,1.0928816922601006e-06,-1.7348020374051005e-05,-1.526752189074384e-07,1.7123621768349823e-08,0.00014107300862732013,0.9999999900491913
2026-09-30T01:40:50.506 0.011075482983318338,9.739065307122284e-07,-1.7407225912482763e-05,-1.782386170582771e-07,-1.0117709317775324e-08,0.00014112567621772372,0.9999999900417558
2026-09-30T01:40:50.544 0.011094079562121297,9.741406587056877e-07,-1.7466431470413023e-05,-1.5480378825889367e-07,5.530783995248981e-08,0.00014133666073664844,0.9999999900119606
2026-09-30T01:40:50.605 0.011113153045165566,1.212799377405722e-06,-1.748168756970744e-05,-1.8319199442214102e-07,4.692573902719647e-08,0.00014106156481004343,0.9999999900507995
2026-09-30T01:40:50.645 0.011132703394335848,9.746269440964585e-07,-1.7482796378511344e-05,-1.072108945947615e-07,5.1699275953797874e-08,0.00014145626937042336,0.9999999899950548
2026-09-30T01:40:50.706 0.011151776644778746,9.748670563744086e-07,-1.7647063864490355e-05,-2.3597352698862127e-07,1.2271180771618246e-07,0.0001417621936524494,0.9999999899517048
2026-09-30T01:40:50.746 0.011169896507822913,7.366766155328305e-07,-1.7631009740511184e-05,-2.2522753972455906e-07,6.904441237543555e-08,0.00014149736995073783,0.9999999899892194
2026-09-30T01:40:50.811 0.0111894468053699,8.561320453796767e-07,-1.76619208929469e-05,-2.6420239123646866e-07,5.6936992503012554e-08,0.00014167173237541534,0.9999999899645236
2026-09-30T01:40:50.851 0.011208997150037517,9.755874806944073e-07,-1.7663029760246297e-05,-2.1566485238734548e-07,1.1537775464226297e-07,0.00014153196648806465,0.9999999899843213
2026-09-30T01:40:50.913 0.011227593728840475,9.758216086878666e-07,-1.7722235318176556e-05,-1.1346571271632653e-07,4.9836619503619154e-08,0.00014179003724337774,0.9999999899477849
2026-09-30T01:40:50.951 0.011247144002827149,1.095277035800771e-06,-1.776804761318043e-05,-2.3285524931602437e-07,9.721694013983262e-08,0.0001424590840409445,0.9999999898526728
2026-09-30T01:40:51.014 0.011264310238366767,9.762838831242366e-07,-1.7720683363420162e-05,-9.386577207465156e-08,6.846321547059594e-08,0.00014214313792144457,0.9999999898976574
2026-09-30T01:40:51.055 0.011285291025041647,8.573387414207354e-07,-1.776875740964196e-05,-9.212274040808318e-08,6.008129003886591e-08,0.00014169511207222412,0.9999999899612415
2026-09-30T01:40:51.119 0.011302934024961579,8.575608735057919e-07,-1.7766850537156302e-05,-2.3274653604108636e-07,1.1665830269867007e-07,0.00014260221554047837,0.9999999898322701
2026-09-30T01:40:51.158 0.011322007440326682,8.578010049213369e-07,-1.7826810025158197e-05,-2.1480682383762362e-07,6.881168965408406e-08,0.00014201436221801585,0.999999989915935
2026-09-30T01:40:51.219 0.01134108075694786,1.2156689940251072e-06,-1.7946374141928228e-05,-2.0910450320576475e-07,6.240892159476702e-08,0.00014245146925846228,0.9999999898537656
2026-09-30T01:40:51.263 0.011359677337251708,1.0966938324772352e-06,-1.8005579680359986e-05,-3.063470139077235e-07,8.010343997760405e-08,0.00014255867707266035,0.9999999898384616
2026-09-30T01:40:51.311 0.011379704545043558,9.777366948653309e-07,-1.799254129616587e-05,-2.485288858762837e-07,5.216409678939813e-08,0.00014205804516075927,0.9999999899097236
2026-09-30T01:40:51.353 0.011398778097267883,1.3356047113085229e-06,-1.796309398725431e-05,-1.1881843592310584e-07,4.4597994993267155e-08,0.00014296886394657765,0.9999999897799439
2026-09-30T01:40:51.409 0.011417374679072619,1.0974202602193196e-06,-1.802229950618757e-05,-1.5844360983582109e-07,-4.5497178505906315e-10,0.00014290012244515878,0.9999999897897649
2026-09-30T01:40:51.445 0.011437878698365411,1.0976784128368903e-06,-1.802491621413175e-05,-2.205889371384174e-07,6.881168174732305e-08,0.00014235756014881635,0.9999999898671358
2026-09-30T01:40:51.503 0.011455521651164714,1.0979005394540624e-06,-1.805281162678241e-05,-1.825203216958337e-07,4.5994562816776595e-08,0.0001427934177711501,0.9999999898050022
2026-09-30T01:40:51.540 0.011474118275587414,1.2173439624567373e-06,-1.808221491907485e-05,1.5306136286674332e-08,6.124624931820893e-08,0.0001432859015850794,0.9999999897345732
2026-09-30T01:40:51.593 0.011493191739574034,1.0983748097988352e-06,-1.811237210244193e-05,-7.07552293656705e-08,7.591396922149255e-08,0.00014251588200600148,0.9999999898446063
2026-09-30T01:40:51.632 0.011513218779441906,1.2178362321319988e-06,-1.8203641755221923e-05,-9.310386745118636e-08,4.436536082127129e-08,0.0001433935843061642,0.9999999897191346
2026-09-30T01:40:51.687 0.011531815405365494,1.2180703655933423e-06,-1.8233045028015865e-05,-2.3172521057500785e-07,7.81249339392091e-08,0.00014358772937264196,0.999999989691252
2026-09-30T01:40:51.725 0.011550412101970026,1.2183045072565123e-06,-1.8217744873105327e-05,-1.0910811948884467e-07,7.579734344600913e-08,0.00014289132319691514,0.999999989791026
2026-09-30T01:40:51.781 0.01156948554239633,1.0993353518646684e-06,-1.8262803199040568e-05,-2.399912715208931e-07,4.4247999687956106e-08,0.00014313557822974565,0.9999999897560733
2026-09-30T01:40:51.820 0.011589512604323627,1.338006066473105e-06,-1.83391717287509e-05,-1.1994566870312678e-07,7.288697605875533e-08,0.0001439068514009985,0.9999999896453992
2026-09-30T01:40:51.878 0.011608109277367848,1.3382402054023332e-06,-1.833877271640852e-05,-1.2870478014786523e-07,8.802084403492584e-08,0.00014314005960908494,0.9999999897554495
2026-09-30T01:40:51.916 0.011626706024094786,1.100055773450725e-06,-1.8293670237364668e-05,-8.647920155074054e-08,7.405130912635144e-08,0.0001435355472738451,0.9999999896987668
2026-09-30T01:40:51.983 0.011645302580838318,9.810806091689105e-07,-1.836777691836459e-05,-2.6096626691987253e-07,1.1130309067309333e-07,0.0001434239861411246,0.9999999897147398
2026-09-30T01:40:52.016 0.011664376208246252,9.81320765189935e-07,-1.8293626123253053e-05,-2.475884009528548e-07,2.049924421657869e-08,0.00014323773930716038,0.9999999897414441
2026-09-30T01:40:52.073 0.011684403197991718,1.3392007611378768e-06,-1.8414698100166362e-05,-7.695166459707853e-08,1.9452626098312876e-08,0.00014379048980506294,0.9999999896621443
2026-09-30T01:40:52.110 0.011702522940232532,1.3394288857092504e-06,-1.8473149728024983e-05,-1.3354464206771792e-07,3.190872703662907e-08,0.00014406937819229883,0.9999999896219977
2026-09-30T01:40:52.161 0.011722073242282185,1.1012564469321027e-06,-1.8504060821965202e-05,-1.3282533003622543e-07,7.311971847095338e-08,0.00014381341030234203,0.99999998965884
2026-09-30T01:40:52.198 0.011740669818083369,1.3399091540082247e-06,-1.856326641889246e-05,-1.423385810393088e-07,5.984834415421528e-08,0.00014414534679313906,0.9999999896110475
2026-09-30T01:40:52.253 0.011758789656066332,1.2209279999740356e-06,-1.8562113456979942e-05,-1.27384919871529e-07,8.941789970292231e-08,0.00014392600741217561,0.99999998964264
2026-09-30T01:40:52.290 0.01177786309499175,1.2211681341235227e-06,-1.8607171802413682e-05,-1.8899522100181526e-07,8.185055215713819e-08,0.00014433170540171698,0.9999999895841581
2026-09-30T01:40:52.360 0.011796936601596333,1.4598268555574985e-06,-1.860752675913994e-05,-1.2531597292206412e-07,4.1454864063034166e-08,0.00014446713437220836,0.9999999895646148
2026-09-30T01:40:52.395 0.011817440600330588,1.2216664263584648e-06,-1.862504457065528e-05,-2.414008623993368e-07,6.927737071081064e-08,0.00014430433176518744,0.9999999895880983
2026-09-30T01:40:52.474 0.011835560320511977,1.102685258654565e-06,-1.8698397321583562e-05,-2.906511836040641e-07,5.006855099577634e-08,0.00014443754944064446,0.9999999895688536
2026-09-30T01:40:52.514 0.011853203249750964,1.102907382537795e-06,-1.874119387680238e-05,-2.2968030586128832e-07,1.281835587505912e-07,0.0001441271377043049,0.9999999896136494
2026-09-30T01:40:52.576 0.011872753545797062,1.3415721019259725e-06,-1.8772105048736595e-05,-1.7183565442485404e-07,8.208348383336746e-08,0.00014424339136047157,0.9999999895969038
2026-09-30T01:40:52.614 0.011891827034844886,1.1033936624606815e-06,-1.878736107003702e-05,-3.209342235128703e-07,1.2131448499898812e-07,0.00014414502194066493,0.9999999896110474
2026-09-30T01:40:52.666 0.011910900613631302,1.2228431025551528e-06,-1.8743012579560305e-05,-1.1782865504649036e-07,2.399267147839626e-08,0.0001450971397065068,0.9999999894734027
2026-09-30T01:40:52.716 0.011930450936239493,1.22308924559461e-06,-1.8759022569929362e-05,-2.149250609710343e-07,8.080269075872175e-08,0.00014481185201649277,0.9999999895147373
2026-09-30T01:40:52.761 0.011948570656420882,1.1041080778907101e-06,-1.8832375320857643e-05,-1.7564542589776656e-07,8.382972831260617e-08,0.00014472579031820046,0.9999999895272038
2026-09-30T01:40:52.799 0.011968120836166295,1.2235634940678456e-06,-1.8937792186134154e-05,-1.9407146456078153e-07,4.715882060958306e-08,0.00014496844379746708,0.9999999894920552
2026-09-30T01:40:52.853 0.011987194372334746,9.85385060070439e-07,-1.892324592229826e-05,-2.997688418961687e-07,9.046461563099931e-08,0.00014469658153784618,0.9999999895314006
2026-09-30T01:40:52.893 0.012006267784698073,1.2240437705686465e-06,-1.8983205449297153e-05,-2.713562350462664e-07,3.016170522593575e-08,0.00014498247550315735,0.9999999894900036
2026-09-30T01:40:52.947 0.012026294968929608,1.1050866302228004e-06,-1.8985068207671196e-05,-1.898217584162076e-07,9.128026800547031e-08,0.00014534996293866207,0.9999999894366719
2026-09-30T01:40:52.984 0.012042984266161386,1.582133910895068e-06,-1.8996554695604413e-05,-1.5484612396278797e-07,2.3526801685563754e-08,0.00014539466848119553,0.9999999894301829
2026-09-30T01:40:53.038 0.012063011429834385,1.2247581887326173e-06,-1.9013318557549618e-05,-7.982255137063709e-08,5.612353312189671e-08,0.0001451757187464003,0.9999999894620005
2026-09-30T01:40:53.074 0.012082084890819227,1.3442076151573778e-06,-1.9043475779913697e-05,-2.740132600926037e-07,6.275800413057726e-08,0.00014545945908073221,0.9999999894207333
2026-09-30T01:40:53.131 0.012100681468121297,1.4636510326921683e-06,-1.9102681357342452e-05,-1.4975332874676265e-07,8.20837152774646e-08,0.00014537452361440125,0.9999999894331093
2026-09-30T01:40:53.168 0.012121185488914978,1.344699895768408e-06,-1.9105298045788134e-05,3.705561554212541e-08,7.521642266266754e-08,0.00014576637665532138,0.9999999893760781
2026-09-30T01:40:53.222 0.012139305298834962,1.5833466076242704e-06,-1.911904628493927e-05,-1.4712265031238479e-07,4.9603900572262626e-08,0.00014574725436836087,0.9999999893788568
2026-09-30T01:40:53.257 0.012157901811459643,1.2259528587919094e-06,-1.9222955212078513e-05,-1.2095735750230776e-07,5.961578832932574e-08,0.000145861757362111,0.9999999893621647
2026-09-30T01:40:53.312 0.012176975368186634,1.2261930066111074e-06,-1.9193507844671454e-05,-1.2077972014679112e-07,6.683353096253471e-08,0.00014579411988356613,0.9999999893720277
2026-09-30T01:40:53.352 0.012196048901353309,1.226433151696363e-06,-1.917896161983256e-05,-1.4667870179272597e-07,4.680993456601254e-08,0.00014571899453092555,0.9999999893829754
2026-09-30T01:40:53.418 0.012215122244536577,1.345882564451413e-06,-1.9283624555037433e-05,-1.8593942193706056e-07,6.264219807410238e-08,0.00014612880695895464,0.9999999893231666
2026-09-30T01:40:53.458 0.012233718801280111,1.2269074001695989e-06,-1.935773123603735e-05,-2.969724878834051e-07,1.1013896013789566e-07,0.00014647141905855062,0.9999999892730115
2026-09-30T01:40:53.515 0.0122523154272037,1.2271415336309424e-06,-1.9387134508831288e-05,-1.4511459392647722e-07,7.079153330053562e-08,0.00014623162886668573,0.9999999893081423
2026-09-30T01:40:53.551 0.01227234270117383,1.4658122728448587e-06,-1.932939275542819e-05,-2.3850166480398925e-07,8.825323442850144e-08,0.00014620900089094648,0.9999999893114316
2026-09-30T01:40:53.607 0.012290939328598307,1.346837116764871e-06,-1.9358796008723634e-05,-2.596407938037139e-07,7.020873827040617e-08,0.0001462649842277732,0.999999989303241
2026-09-30T01:40:53.639 0.01230953588384095,1.3470712420243883e-06,-1.943290270922205e-05,-7.627392063112409e-08,1.0140922483711996e-07,0.00014673166539420568,0.9999999892349011
2026-09-30T01:40:53.695 0.01232908625507066,1.2281081009903982e-06,-1.9419110394956294e-05,-2.9828977199900434e-07,4.2734489483943564e-08,0.00014625808799933988,0.9999999893042404
2026-09-30T01:40:53.738 0.01234720585294781,1.4667547882407814e-06,-1.9566968917220862e-05,-1.9102635769072067e-07,1.2958097962231027e-07,0.00014648740082685784,0.999999989270694
2026-09-30T01:40:53.788 0.012366756197615425,1.586210223555512e-06,-1.9568077784520263e-05,-1.5308196157128064e-07,6.275887163235124e-08,0.00014675332113812318,0.9999999892317176
2026-09-30T01:40:53.826 0.01238535291928116,1.4672350784112928e-06,-1.9537876467543067e-05,-1.9023036079064846e-07,7.59135270823382e-08,0.00014630064067073508,0.9999999892980402
2026-09-30T01:40:53.882 0.01240394954520475,1.4674692118726364e-06,-1.956727974033701e-05,-1.4329790695015576e-07,5.891722919625216e-08,0.00014675872576536456,0.9999999892309261
2026-09-30T01:40:53.924 0.01242397665875534,1.348512063324964e-06,-1.9613845926415528e-05,-1.943342892507895e-07,6.182735765766321e-08,0.0001475838900180681,0.9999999891094769
2026-09-30T01:40:53.978 0.012442096473177991,1.2295309065568326e-06,-1.962759410707117e-05,-1.2487277814342962e-07,6.578585037170731e-08,0.00014680059286939772,0.999999989224783
2026-09-30T01:40:54.016 0.012460693096099802,1.4681836191008386e-06,-1.9656997418862106e-05,-3.195273446956648e-07,7.591275292563487e-08,0.00014679329531221168,0.9999999892258102
2026-09-30T01:40:54.074 0.01247928976914402,1.4684177580300665e-06,-1.965659840651973e-05,-2.240805921747142e-07,9.84979403064448e-08,0.00014707674946730655,0.9999999891841849
2026-09-30T01:40:54.125 0.01249740948932541,1.3494365903261669e-06,-1.9729951157448007e-05,-1.6892743675830297e-07,1.1444717801815908e-07,0.0001470463800821418,0.9999999891886602
2026-09-30T01:40:54.168 0.01251743666905428,1.5881073186043143e-06,-1.9731813974317546e-05,-9.353405433715341e-08,1.2002251567967313e-08,0.00014754975897179933,0.9999999891145298
2026-09-30T01:40:54.206 0.01253651013454179,1.3499288764050811e-06,-1.976197113818613e-05,-1.4265188541528226e-07,3.831177194242846e-08,0.0001472750567276567,0.9999999891550179
2026-09-30T01:40:54.261 0.012555106757463602,1.5885815889490871e-06,-1.9791374449977065e-05,-9.523696646635313e-08,4.005829125312747e-08,0.00014717123566071946,0.9999999891703083
2026-09-30T01:40:54.297 0.012574180125708075,1.588821714896748e-06,-1.9881136223115282e-05,-2.879610956705417e-07,1.1293309607663757e-07,0.00014785669560262013,0.9999999890691509
2026-09-30T01:40:54.350 0.012592299946134276,9.930033999632916e-07,-1.989488432577693e-05,-2.612884420875476e-07,1.052498692149623e-07,0.00014801875397786048,0.9999999890451845
2026-09-30T01:40:54.386 0.012610896566054311,1.4700746915899603e-06,-1.9924287676564862e-05,-2.2987841501880242e-07,1.0024416012038916e-07,0.00014740059351149131,0.999999989136501
2026-09-30T01:40:54.441 0.012631877420408357,1.589548137170948e-06,-1.992765833407918e-05,-7.504807702175077e-08,9.768411826820039e-08,0.0001488689627235703,0.9999999889190083
2026-09-30T01:40:54.479 0.012649043488024,1.7089735444394816e-06,-1.998460212129302e-05,-1.1027955049512091e-07,1.2737002514490073e-07,0.00015172748211079778,0.9999999884893713
2026-09-30T01:40:54.538 0.012669070672255535,1.590016404093635e-06,-1.998646487966706e-05,-7.974955698855169e-08,7.835926812187796e-08,0.00015027829052406357,0.9999999887082114
2026-09-30T01:40:54.579 0.012687667298179123,1.5902505375549788e-06,-2.0015868152461003e-05,9.913390235444503e-08,9.244660182533703e-08,0.0001497815793205895,0.99999998878273
2026-09-30T01:40:54.636 0.012707217504486628,1.4712873773833938e-06,-2.0106383836172357e-05,-1.991364571687656e-07,9.29104803252061e-08,0.00015094107966175788,0.999999988608371
2026-09-30T01:40:54.678 0.012726290989031787,1.5907368065420966e-06,-2.0121639915968277e-05,-1.002126919203935e-07,1.0560034138709931e-07,0.00015061343791051003,0.9999999886577855
2026-09-30T01:40:54.732 0.012744410803454434,1.4717556497739653e-06,-2.013538809662392e-05,-7.603566683947367e-08,9.931404058392888e-08,0.00015027002251207351,0.9999999887094523
2026-09-30T01:40:54.792 0.01276300740431682,1.591199070042698e-06,-2.017969253148452e-05,-1.0503158793641817e-07,1.0385394516784049e-07,0.00014893607161243244,0.9999999889090123
2026-09-30T01:40:54.857 0.012783511374988094,1.7106665067337159e-06,-2.0212111544063515e-05,3.6351928956251245e-08,1.1910536264761369e-07,0.00015048210119847336,0.9999999886775608
2026-09-30T01:40:54.905 0.012803061794839319,1.4724940816262791e-06,-2.016851692516294e-05,-3.9268062075113775e-08,1.0548427993019082e-07,0.00015024700167161069,0.9999999887129128
2026-09-30T01:40:54.956 0.012822135161582903,1.591943497115271e-06,-2.0258278717799655e-05,-1.0158797521352715e-08,1.1025746605129833e-07,0.00014996091698308523,0.9999999887558555
2026-09-30T01:40:54.999 0.012839778089321003,1.7113749105398324e-06,-2.0301075292516973e-05,-1.0324623173568725e-07,1.1619411216237756e-07,0.00015060799823329895,0.9999999886586033
2026-09-30T01:40:55.047 0.01285932841493097,1.473202474496627e-06,-2.0317085243889037e-05,-1.7002864278825581e-07,1.0955800019871255e-07,0.00015036229716649036,0.9999999886955693
2026-09-30T01:40:55.086 0.012878878805218328,1.7118672048205732e-06,-2.028839184555062e-05,-4.279996676307718e-08,1.3307467429598836e-07,0.00015020518195116457,0.9999999887191918
2026-09-30T01:40:55.139 0.012895567921472027,1.5928680159146475e-06,-2.0419087376536615e-05,-2.9190447573271305e-08,7.510001072670652e-08,0.00015091006653045698,0.9999999886130726
2026-09-30T01:40:55.177 0.012916548755267534,1.4739228796790306e-06,-2.0437359137622095e-05,-1.8318047244783717e-07,1.497212249746317e-07,0.00015081950017026478,0.9999999886267111
2026-09-30T01:40:55.228 0.012936575934996407,1.7125936079571783e-06,-2.043922195449163e-05,-5.4247654254339886e-08,8.51115279715577e-08,0.00015043621769819903,0.999999988684467
2026-09-30T01:40:55.267 0.012954218793554451,1.7128157236385818e-06,-2.052672193741493e-05,-1.3996805445351974e-07,1.6147945550958073e-07,0.0001509983101330249,0.9999999885997323
2026-09-30T01:40:55.321 0.01297281541947804,1.7130498570999254e-06,-2.0556125210208867e-05,-5.0396264372905754e-08,1.009440910947061e-07,0.00015118892704222615,0.9999999885709477
2026-09-30T01:40:55.358 0.012990935185279169,1.713277984405241e-06,-2.059967569549933e-05,1.3814547062727668e-08,1.5030454402528887e-07,0.00015084524730445806,0.9999999886228442
2026-09-30T01:40:55.414 0.013011916254677824,1.5943328755090455e-06,-2.046893603090322e-05,-1.2120245283353834e-07,3.4936155961528266e-08,0.00015084288026700893,0.9999999886232047
2026-09-30T01:40:55.450 0.01303051271567921,1.5945669898327943e-06,-2.060264730167427e-05,-1.560872492892475e-07,1.4960498940824705e-07,0.0001509267558897565,0.9999999886105337
2026-09-30T01:40:55.508 0.013049109341602798,1.5948011232941378e-06,-2.063205057446821e-05,-5.341900230951302e-08,1.0024560529201949e-07,0.0001514882339277197,0.999999988525651
2026-09-30T01:40:55.573 0.013068659620092134,1.356628681783048e-06,-2.067786281097659e-05,-1.432304322258044e-07,1.8662518172885829e-07,0.00015159089495055982,0.9999999885100725
2026-09-30T01:40:55.620 0.013086779474130972,1.8336939781894574e-06,-2.0661808803988408e-05,-4.264964603798369e-08,6.718371565233878e-08,0.00015125897366865016,0.9999999885603582
2026-09-30T01:40:55.660 0.013106806518501508,1.595527531898627e-06,-2.0753078398272906e-05,-5.2512444377720046e-08,1.378477668931846e-07,0.00015176227429932753,0.9999999884840951
2026-09-30T01:40:55.720 0.013125403190044838,1.7149709603691863e-06,-2.0752679405429028e-05,-2.6931200521452463e-08,1.4960591542353453e-07,0.00015231630324279152,0.9999999883998603
2026-09-30T01:40:55.764 0.013144953443472973,1.5960078056654857e-06,-2.0813392804004064e-05,-1.1169392936830119e-07,1.265550837393482e-07,0.00015141092113424298,0.9999999885373522
2026-09-30T01:40:55.819 0.01316402697513876,1.7154572402920729e-06,-2.0798846598663667e-05,-1.3699223055813968e-07,1.223639832491225e-07,0.00015151111714472153,0.9999999885221738
2026-09-30T01:40:55.853 0.013183100508305436,1.7156973853773285e-06,-2.078430037382477e-05,-2.355495244537264e-08,1.2120057349576025e-07,0.0001518667052636035,0.9999999884682442
2026-09-30T01:40:55.909 0.013201697039987765,1.7159315079029037e-06,-2.0873308216891345e-05,-1.7744582849129536e-07,7.172311263536715e-08,0.00015186513911215316,0.9999999884684714
2026-09-30T01:40:55.951 0.013221724227221076,1.358555788474395e-06,-2.087517093626839e-05,1.0840957068186697e-08,9.628791389587109e-08,0.0001517797447880312,0.9999999884814498
2026-09-30T01:40:56.002 0.013241274449584456,1.8356390787434083e-06,-2.0950785574904082e-05,-1.499316061266896e-07,1.313279361086469e-07,0.0001522277506319642,0.999999988413336
2026-09-30T01:40:56.042 0.013259871077008932,1.7166639226634208e-06,-2.0980188828199522e-05,-1.2787994620727811e-07,9.349310291939488e-08,0.00015213166187621848,0.9999999884279661
2026-09-30T01:40:56.097 0.013277990934049546,1.9553106399871677e-06,-2.096413478221434e-05,-6.212118180449614e-08,1.0676486826380909e-07,0.00015226260522567653,0.9999999884080418
2026-09-30T01:40:56.134 0.013296110630670622,1.8363294695493254e-06,-2.105238867571078e-05,-1.2064345263382147e-07,1.102569496524845e-07,0.0001521602640790759,0.9999999884236136
2026-09-30T01:40:56.180 0.013316614582284244,1.5981690348824075e-06,-2.1099708772362442e-05,-8.807643135335708e-08,1.685812540547456e-07,0.00015272901492878991,0.9999999883369058
2026-09-30T01:40:56.220 0.01333473446438606,1.7176064653987652e-06,-2.1068753564310604e-05,-8.187073769559577e-08,1.189883286681424e-07,0.00015202376616032146,0.9999999884443768
2026-09-30T01:40:56.284 0.01335476167217791,1.598649327786861e-06,-2.1055715180116488e-05,-1.0801472082221099e-07,1.0816156011804805e-07,0.00015223027819119612,0.9999999884129595
2026-09-30T01:40:56.322 0.013373358225919667,1.7180927425877096e-06,-2.11298219001134e-05,-2.1215379120159132e-07,1.6741637131369237e-07,0.00015334442710603332,0.9999999882427067
2026-09-30T01:40:56.376 0.013391954850342367,1.8375361655903843e-06,-2.1159225192405842e-05,-1.4330231111694337e-07,7.207261287825589e-08,0.00015234951614581676,0.9999999883947995
2026-09-30T01:40:56.416 0.013411981938831755,1.8377883038501007e-06,-2.1220692540551016e-05,-2.514320572802743e-08,1.130515705226884e-07,0.00015279992113366553,0.9999999883260853
2026-09-30T01:40:56.470 0.013429624938751689,1.838010435935157e-06,-2.121878566806536e-05,-1.8410095958584838e-07,1.5577500709634389e-07,0.00015318968830207796,0.9999999882664306
2026-09-30T01:40:56.517 0.013449175237799564,1.8382565762406722e-06,-2.1249696801002578e-05,-9.663628920728978e-08,1.2981487099823543e-07,0.0001521983431562554,0.999999988417819
2026-09-30T01:40:56.566 0.013469202349849267,1.8385087172343308e-06,-2.1296263006579596e-05,-7.253971035047754e-08,1.1537958762909473e-07,0.00015292821853033384,0.9999999883064706
2026-09-30T01:40:56.607 0.013485891605963966,1.8387188342733892e-06,-2.1337551701655137e-05,-1.1269510246560603e-07,1.5717248078449488e-07,0.0001536862891388244,0.9999999881902435
2026-09-30T01:40:56.660 0.013505441975692785,1.838964982780731e-06,-2.132375940688788e-05,-1.391130932950134e-07,1.0199138991358953e-07,0.00015265041786033902,0.99999998834891
2026-09-30T01:40:56.695 0.013524992182000291,1.720001822609146e-06,-2.1414275090599238e-05,-9.516807698718504e-09,7.20734936486489e-08,0.00015282173648980247,0.9999999883227557
2026-09-30T01:40:56.749 0.013544065715166968,1.720241967694402e-06,-2.139972886576034e-05,-1.3363549196022736e-07,9.058278777593176e-08,0.0001533906403670704,0.9999999882356426
2026-09-30T01:40:56.787 0.013564092802155467,1.8397033954954493e-06,-2.1461196233404014e-05,6.082289218273653e-08,9.291232188843842e-08,0.00015344787903039266,0.999999988226868
2026-09-30T01:40:56.843 0.013580782084832259,1.6014949361857877e-06,-2.14875837469144e-05,-1.0110062183550319e-07,9.163074724301443e-08,0.00015360764102305532,0.9999999882023369
2026-09-30T01:40:56.880 0.013600809286620557,1.9593749567392087e-06,-2.1474545440714277e-05,1.8727988199339765e-08,1.3330821081228875e-07,0.00015410836505079214,0.9999999881252968
2026-09-30T01:40:56.937 0.013621313164551462,1.9596330929531264e-06,-2.156656900406741e-05,5.944782027333364e-08,1.0420464533682128e-07,0.00015406755867795302,0.9999999881315864
2026-09-30T01:40:56.984 0.013638479631191563,2.1982678362400076e-06,-2.1370193387121045e-05,-1.5513892306011452e-07,3.695961208672433e-07,0.00017838648981227572,0.9999999840890497
2026-09-30T01:40:57.030 0.013658983487063039,2.079316680178652e-06,-2.1477118073543836e-05,-3.5425605661565586e-08,6.88972545455001e-07,0.00019618889363994717,0.9999999807547209
2026-09-30T01:40:57.069 0.013677580136546942,2.0795508163739378e-06,-2.1491620203769616e-05,4.692055170303305e-09,2.293067183580679e-07,0.00019202308425467202,0.9999999815635411
2026-09-30T01:40:57.122 0.013695223040724727,2.198982227064557e-06,-2.1549317921055092e-05,-7.569690332103315e-08,2.840213887313599e-07,0.0001919602537788954,0.9999999815755871
2026-09-30T01:40:57.161 0.013716203901082327,1.8416185144802197e-06,-2.155268850057542e-05,1.3072548615031679e-08,2.240118713756019e-07,0.00021645016198190597,0.9999999765746382
2026-09-30T01:40:57.211 0.013734800407703454,1.961061923813184e-06,-2.1656597505708655e-05,-9.071279824823191e-08,3.3419930148575775e-07,0.00022891702017438615,0.9999999737984386
2026-09-30T01:40:57.249 0.013754350730311645,1.961308066852641e-06,-2.1672607496077716e-05,5.196914113899014e-08,2.484021306324132e-07,0.00022883719157573555,0.9999999738167373
2026-09-30T01:40:57.305 0.013772947420912623,2.438379366681136e-06,-2.165730741916117e-05,-7.038279287408824e-08,2.9525847544253547e-07,0.00022841015988756872,0.999999973914353
2026-09-30T01:40:57.346 0.013791544096958616,2.2001949265277017e-06,-2.1656908367821792e-05,8.742875991307802e-08,2.531171557672205e-07,0.00022863189399591503,0.9999999738636923
2026-09-30T01:40:57.400 0.013810617562446125,1.9620164843284685e-06,-2.168706553169038e-05,3.995068792615283e-08,2.885653605527635e-07,0.00022925548106850915,0.9999999737209194
2026-09-30T01:40:57.434 0.013831598295996821,2.3199084953224083e-06,-2.1764941941042486e-05,8.614868040526515e-08,3.0643536034346703e-07,0.00022879531358511014,0.9999999738263012
2026-09-30T01:40:57.489 0.013849241300419418,1.9625027587834702e-06,-2.1763035010061336e-05,-4.375353336416911e-08,2.806485587160914e-07,0.00022880964781692132,0.9999999738230319
2026-09-30T01:40:57.525 0.013867361061717884,2.3203587547127803e-06,-2.180658555384729e-05,-7.98247458368508e-09,3.085302832040762e-07,0.0002292992039725587,0.9999999737108896
2026-09-30T01:40:57.584 0.01388738819882879,2.2014016088990494e-06,-2.1838250597357647e-05,-2.141998350958015e-08,3.341415445392936e-07,0.00022909665236711254,0.9999999737573055
2026-09-30T01:40:57.622 0.013905984824752379,2.201635742360393e-06,-2.186765387015159e-05,3.188259460906984e-08,2.8309379951471063e-07,0.0002293562738038134,0.9999999736978089
2026-09-30T01:40:57.688 0.013925535195982086,2.0826726013264033e-06,-2.1853861555885833e-05,1.4850353254128366e-07,2.1871692725441165e-07,0.00022989163398929905,0.999999973574883
2026-09-30T01:40:57.724 0.01394460865696693,2.2021220277511637e-06,-2.188401877824991e-05,9.192740812875156e-08,2.76342089299144e-07,0.0002293220300365369,0.9999999737056605
2026-09-30T01:40:57.778 0.013963205259330203,2.2023561584785654e-06,-2.192832319361201e-05,3.785781170957505e-08,2.411843759685978e-07,0.00022983360191859042,0.9999999735882276
2026-09-30T01:40:57.814 0.013982278742374473,2.4410148771785995e-06,-2.1943579292906426e-05,9.227038126092165e-08,2.8163904564427274e-07,0.0002300514878230169,0.9999999735381122
2026-09-30T01:40:57.870 0.01400087527705858,2.202830420621512e-06,-2.2032587096976007e-05,-4.6095223474369346e-08,3.0602717005011714e-07,0.00022997752809415556,0.99999997355512
2026-09-30T01:40:57.908 0.014019471925041596,2.322273846358129e-06,-2.2047089246700285e-05,6.487079409100762e-08,3.1196506201727607e-07,0.00023015447876216304,0.9999999735144068
2026-09-30T01:40:57.963 0.014039499060651614,2.3225259900857297e-06,-2.2078754309709144e-05,6.247728602664192e-08,3.2576025172819347e-07,0.00023007610432704232,0.9999999735324377
2026-09-30T01:40:57.997 0.01405904931257886,2.32277212492336e-06,-2.2139467727782682e-05,1.6795191783014694e-08,2.890891935897763e-07,0.00023059427649718394,0.9999999734130975
2026-09-30T01:40:58.052 0.014079076520370711,2.203814987311456e-06,-2.2126429343588562e-05,4.498914604760059e-08,2.6446751705375285e-07,0.00023031983437227208,0.9999999734763506
2026-09-30T01:40:58.089 0.014098149839993666,2.323264397332564e-06,-2.2245993421361596e-05,-1.2790329506046715e-08,2.621970753182671e-07,0.00023056615660443529,0.9999999734195889
2026-09-30T01:40:58.144 0.01411626989001946,2.204283267903854e-06,-2.211073017633565e-05,8.938508269461742e-08,2.3280290305157111e-07,0.00023109911204512577,0.9999999732965688
2026-09-30T01:40:58.180 0.014135820094826076,2.2045293972736006e-06,-2.2201245879545504e-05,5.743705934262e-08,2.814060533866635e-07,0.00023075553727800935,0.9999999733758994
2026-09-30T01:40:58.237 0.01415441674430998,2.2047635334688863e-06,-2.2215748009771283e-05,1.741534808947961e-08,2.454916895639045e-07,0.0002307768442287207,0.9999999733709934
2026-09-30T01:40:58.271 0.014173966949116596,2.205009662838633e-06,-2.230626371298114e-05,8.868839846778359e-08,2.8291970202961484e-07,0.00023141040696027904,0.9999999732245675
2026-09-30T01:40:58.325 0.014193040432160867,2.4436683815386668e-06,-2.232151981227556e-05,3.199695052013776e-08,3.167379981802298e-07,0.0002315710765525915,0.9999999731873672
2026-09-30T01:40:58.378 0.01421068329071891,2.4438904972200708e-06,-2.2409019795198855e-05,1.248415804291652e-08,2.4554990952074147e-07,0.0002313127658123233,0.9999999732471716
2026-09-30T01:40:58.421 0.01423118733807468,2.0865207839475897e-06,-2.239673530207938e-05,1.0773265720384624e-07,2.875764293518815e-07,0.00023135125374907736,0.9999999732382512
2026-09-30T01:40:58.458 0.01424978398305592,2.444382788766869e-06,-2.2411237490800655e-05,8.163771401917221e-08,2.5975300982502856e-07,0.00023132051107170652,0.9999999732453732
2026-09-30T01:40:58.514 0.014269811143727142,2.3254256456870805e-06,-2.2428001391742857e-05,8.434290373808765e-09,2.955502636212157e-07,0.00023150575722675814,0.9999999732024981
2026-09-30T01:40:58.549 0.014287930906526495,2.564072352075059e-06,-2.2471551916030313e-05,-1.867454200566661e-08,3.193570560544633e-07,0.00023197437947513385,0.9999999730938921
2026-09-30T01:40:58.606 0.014305573813706056,2.4450851836830154e-06,-2.2529249594318796e-05,5.686051170196188e-08,3.3222140667310824e-07,0.0002318075840111202,0.9999999731325648
2026-09-30T01:40:58.644 0.014327031411881875,2.4453553322089894e-06,-2.259297873267889e-05,8.800844623454143e-08,2.6772755455966336e-07,0.00023201809674390758,0.9999999730837613
2026-09-30T01:40:58.698 0.014345151198241543,2.6840020413309097e-06,-2.2621628114398186e-05,1.222505327181615e-07,3.0259414941631275e-07,0.00023204848331236674,0.9999999730766971
2026-09-30T01:40:58.736 0.014364701594532453,2.4458296134895305e-06,-2.2592934638065774e-05,4.742487577148274e-08,3.1493368822428767e-07,0.00023194210880523794,0.999999973101378
2026-09-30T01:40:58.785 0.014384728681520954,2.5652910412905783e-06,-2.265440200570945e-05,-1.3292241171193655e-08,3.0876337368842997e-07,0.0002328887011347936,0.9999999728813783
2026-09-30T01:40:58.826 0.01440237175212183,2.5655131815774614e-06,-2.2607791705519315e-05,1.2439002140942496e-07,2.4822825355082474e-07,0.00023238256422162507,0.999999972999133
2026-09-30T01:40:58.878 0.01442096835748688,2.3273287332222e-06,-2.2652096081884415e-05,5.908311901918995e-08,2.946775280931229e-07,0.00023225164802790336,0.9999999730295405
2026-09-30T01:40:58.919 0.014441472255976322,2.566005451252723e-06,-2.2729218541666387e-05,1.0214416688310919e-07,2.4229096834383397e-07,0.0002328090396972211,0.9999999728999406
2026-09-30T01:40:58.969 0.014460068905460225,2.5662395874480087e-06,-2.274372067189217e-05,-2.178598088245837e-08,3.0853050228735205e-07,0.00023304159042150777,0.9999999728457604
2026-09-30T01:40:59.005 0.014479619160389246,2.3280671432029768e-06,-2.2804434050968708e-05,-6.64280912288362e-08,3.309401457482182e-07,0.0002328314087749206,0.9999999728947102
2026-09-30T01:40:59.069 0.014497739040990174,2.566713863260666e-06,-2.2773478862415372e-05,-9.870410698247853e-09,2.997994115432112e-07,0.0002327967888405362,0.9999999729027822
2026-09-30T01:40:59.110 0.014516812385674335,2.5669539864743845e-06,-2.2878141778121744e-05,5.880030840177652e-08,2.69124438700963e-07,0.00023306402379321239,0.9999999728405421
2026-09-30T01:40:59.161 0.014537316288666438,2.4480028358809133e-06,-2.295526417940822e-05,-1.2123303355277055e-07,3.0806423598802696e-07,0.00023329996542423287,0.9999999727855079
2026-09-30T01:40:59.204 0.014556389889512283,2.6866615682506573e-06,-2.2896014565861845e-05,8.346535245366892e-08,2.568428044472869e-07,0.0002333358053815643,0.9999999727771641
2026-09-30T01:40:59.258 0.014575940097320677,2.448489118537742e-06,-2.29865302300747e-05,-3.6669803732643825e-08,3.417087897660391e-07,0.00023336756488079094,0.9999999727697304
2026-09-30T01:40:59.293 0.014594060002982807,2.5679265517880416e-06,-2.2940673879454707e-05,3.9912797102423104e-08,3.413600490405328e-07,0.00023363817066406138,0.9999999727065432
2026-09-30T01:40:59.351 0.014613133418347909,2.5681666832035867e-06,-2.3000633367456603e-05,-1.7194256057307563e-08,3.4619096460897376e-07,0.00023414793995702417,0.9999999725873107
2026-09-30T01:40:59.390 0.014633160553957927,2.5684188269311875e-06,-2.303229843046546e-05,1.4584371436222043e-08,2.832687163405386e-07,0.00023427320734533254,0.9999999725579916
2026-09-30T01:40:59.446 0.01465223406356429,2.568658969282501e-06,-2.3032653348194725e-05,1.365162242907645e-07,2.793695398666504e-07,0.00023388739724549155,0.999999972648294
2026-09-30T01:40:59.492 0.014671307526050021,2.56889910616593e-06,-2.3062810551060302e-05,1.7035032445121532e-07,2.555046276819662e-07,0.00023397351813174858,0.9999999726281489
2026-09-30T01:40:59.540 0.01469038099003664,2.449929953508028e-06,-2.3092967734427385e-05,1.9374171166349004e-07,2.752371772257262e-07,0.00023411622534191842,0.9999999725947395
2026-09-30T01:40:59.582 0.014710408102086344,2.450182094501687e-06,-2.3139533940004403e-05,-1.099733519302788e-07,2.779128540911126e-07,0.00023457447248181776,0.9999999724873634
2026-09-30T01:40:59.636 0.014729004797189988,2.5696255257061884e-06,-2.3124233804592363e-05,1.0683716237018503e-07,2.8053356742954725e-07,0.00023463227587494127,0.9999999724738021
2026-09-30T01:40:59.678 0.01474855500499838,2.331453075993272e-06,-2.3214749468805222e-05,-7.575767173048195e-08,3.013125406480218e-07,0.00023456813007982725,0.9999999724888475
2026-09-30T01:40:59.732 0.014768105230363536,2.5701177871796235e-06,-2.3290364068443916e-05,2.6597875136961043e-08,3.5800744188129214e-07,0.00023476531430242177,0.9999999724425588
2026-09-30T01:40:59.778 0.014787655622151782,2.689573227962238e-06,-2.3261670650606995e-05,1.1480871147494016e-08,3.3105721026892517e-07,0.00023477891767511227,0.9999999724393747
2026-09-30T01:40:59.821 0.014805298647132916,2.5705860732399053e-06,-2.324486261605468e-05,4.760460958554367e-10,2.87925296504985e-07,0.00023498253709818579,0.9999999723915618
2026-09-30T01:40:59.859 0.014823895152253155,2.8092387721142005e-06,-2.3348771640686414e-05,9.789327962505918e-08,2.7803059581953164e-07,0.00023480411132880156,0.9999999724334708
2026-09-30T01:40:59.914 0.014843445616223234,2.809484931557311e-06,-2.3275374775646525e-05,-1.9864521857402248e-08,3.060277848142498e-07,0.0002354699554729814,0.9999999722769026
2026-09-30T01:40:59.955 0.014862518985968595,2.6905157679636398e-06,-2.3365136529286236e-05,1.247890394503107e-07,2.8280385231295296e-07,0.00023554617979773087,0.9999999722589504
2026-09-30T01:41:00.006 0.014881115657511924,2.8099591964341992e-06,-2.336473753644236e-05,2.568742730805326e-08,2.695900783876495e-07,0.00023535452198967212,0.9999999723040874
2026-09-30T01:41:00.041 0.014900189027257286,2.6909900328405286e-06,-2.3454499290082074e-05,5.0848416239846485e-08,3.1033558831108497e-07,0.00023538576024609019,0.9999999722967221
2026-09-30T01:41:00.095 0.014919262560423962,2.6912301779257844e-06,-2.3439953065243178e-05,6.579698781534057e-08,2.6516655674240615e-07,0.00023543245959538252,0.9999999722857408
2026-09-30T01:41:00.134 0.014937859114165718,2.810673592726633e-06,-2.351405978524009e-05,9.156792327028061e-09,2.9910127305977187e-07,0.00023565794285929025,0.9999999722326218
2026-09-30T01:41:00.189 0.01495740955607637,2.6917104598944697e-06,-2.3455564043269863e-05,9.901139364910926e-08,2.5172084014012197e-07,0.00023591558591488796,0.9999999721718812
2026-09-30T01:41:00.231 0.01497648297294236,2.5727413017686834e-06,-2.351552351177326e-05,1.0318228032329655e-07,2.602192045322892e-07,0.00023618703456901527,0.9999999721078028
2026-09-30T01:41:00.278 0.014995556410366888,2.6921907254595018e-06,-2.3560581876705495e-05,1.9142812253592098e-07,2.376933789768014e-07,0.00023588990191064914,0.9999999721779301
2026-09-30T01:41:00.316 0.015015106640234708,2.5732275680218596e-06,-2.3636196417848693e-05,-2.2819682752535844e-08,3.411270049209165e-07,0.00023586512922719956,0.9999999721837616
2026-09-30T01:41:00.384 0.01503418010272044,2.5734677049052887e-06,-2.366635362071427e-05,-1.27282600062999e-08,3.056204399660326e-07,0.00023624984540632462,0.9999999720929581
2026-09-30T01:41:00.423 0.015054207144089199,2.5737198376971207e-06,-2.3757623253995766e-05,-3.4086629560504317e-08,3.2081253025464234e-07,0.00023662707699079907,0.9999999720037608
2026-09-30T01:41:00.511 0.015072327024690127,2.8123665577548098e-06,-2.372666806544243e-05,9.347437579951506e-08,2.4491056471145825e-07,0.00023656667239701034,0.99999997201807
2026-09-30T01:41:00.550 0.015090923652114605,2.6933914016748218e-06,-2.375607131873787e-05,-7.231350128447443e-08,3.132452675373554e-07,0.00023627660952930054,0.9999999720866298
2026-09-30T01:41:00.607 0.015109520322157045,2.932044119686712e-06,-2.3755672345392487e-05,6.058037992353564e-08,2.4566707433791916e-07,0.00023677921464434085,0.9999999719677694
2026-09-30T01:41:00.644 0.015127640160140008,2.813062965652523e-06,-2.3754519383479974e-05,1.2677232874004794e-07,2.7744887133575335e-07,0.00023687450732474096,0.999999971945187
2026-09-30T01:41:00.698 0.015147190363445735,2.932518384563601e-06,-2.3845035106188325e-05,2.462090751385495e-07,2.6679762356019343e-07,0.00023686454613028592,0.9999999719475271
2026-09-30T01:41:00.740 0.015166740687554815,2.8135552380617268e-06,-2.3861045077058887e-05,-1.894226027257926e-07,2.8454821181607195e-07,0.0002368629118673414,0.9999999719479217
2026-09-30T01:41:00.792 0.015185337289918088,2.813789368789128e-06,-2.3905349492420988e-05,-1.0940275747392791e-07,3.149913522770547e-07,0.00023736704323554955,0.9999999718283874
2026-09-30T01:41:00.826 0.015204887587465073,2.9332447986359746e-06,-2.3936260644856703e-05,-9.232036696301778e-08,3.3047472558229233e-07,0.00023777433808869731,0.9999999717316228
2026-09-30T01:41:00.877 0.015223007354767094,2.814263636399959e-06,-2.3979811110648667e-05,-3.644362197132955e-08,3.328033582981065e-07,0.00023747734716614383,0.9999999718021984
2026-09-30T01:41:00.915 0.015242080746571882,2.8145037650815616e-06,-2.405467174121872e-05,-1.589996677080309e-07,4.0061450440854815e-07,0.00023768143289431821,0.9999999717536749
2026-09-30T01:41:00.968 0.015261631163421331,2.8147499190567875e-06,-2.4011077161315146e-05,7.906344692741863e-08,2.964825679465185e-07,0.00023808453689546334,0.9999999716578292
2026-09-30T01:41:01.003 0.015280704602346748,2.814990053206275e-06,-2.4056135506748883e-05,2.1144448387316768e-08,2.6115014656979544e-07,0.00023785044232901265,0.9999999717135488
2026-09-30T01:41:01.063 0.015299778132511646,3.053648777374193e-06,-2.4041589320906984e-05,-1.4443972325411207e-07,3.083554970214626e-07,0.00023781171936765487,0.9999999717227347
2026-09-30T01:41:01.099 0.015317897854193924,2.815458320128962e-06,-2.4114942052336763e-05,6.937833953214391e-08,3.0439878009050835e-07,0.00023849974000672404,0.9999999715588879
2026-09-30T01:41:01.151 0.015336971316679658,2.8156984570123915e-06,-2.4145099255202344e-05,2.9178796679364827e-08,3.1068493656660187e-07,0.00023830858866671345,0.9999999716044592
2026-09-30T01:41:01.199 0.015356998500911195,2.6967413166665445e-06,-2.4146962013576387e-05,1.0456834371237252e-07,3.1545843246013654e-07,0.00023824979721600805,0.9999999716184614
2026-09-30T01:41:01.242 0.015374641406589866,2.696963437815833e-06,-2.4204659711363365e-05,-8.719430044994387e-09,3.439212670338529e-07,0.00023838554015922226,0.9999999715861075
2026-09-30T01:41:01.283 0.015394191773316907,2.935628165405837e-06,-2.4190867455593105e-05,1.4507963014112933e-07,3.223272135029555e-07,0.00023854455826146127,0.999999971548184
2026-09-30T01:41:01.338 0.015413742050305358,2.816665013436078e-06,-2.4236679711599982e-05,5.089343763548867e-08,2.814648914539962e-07,0.00023896631818066767,0.9999999714475081
2026-09-30T01:41:01.380 0.015431385050225288,2.816887145521135e-06,-2.4234772839114328e-05,1.2242023997002617e-08,3.1144153455299895e-07,0.00023838450416439655,0.9999999715863651
2026-09-30T01:41:01.432 0.01545141206953462,2.6979299860376936e-06,-2.434094359546548e-05,-8.417725907835124e-08,3.280301510189735e-07,0.00023894343255186646,0.9999999714529603
2026-09-30T01:41:01.467 0.015470485623259833,2.936588712939554e-06,-2.4311496267055422e-05,1.015979964447583e-07,3.1906736580462734e-07,0.00023920524971882067,0.9999999713903678
2026-09-30T01:41:01.519 0.015490512757368964,3.056050146208486e-06,-2.434316134956278e-05,1.832284180763068e-07,2.817567713371264e-07,0.00023907654587997077,0.9999999714211457
2026-09-30T01:41:01.561 0.01550863254673041,3.0562782762477443e-06,-2.437181069228508e-05,1.8985322087072584e-07,2.919432095821854e-07,0.00023980166300745714,0.9999999712475202
2026-09-30T01:41:01.613 0.015526752265410912,3.0565063980851755e-06,-2.4445163462711856e-05,7.454294825641496e-08,2.760517432612328e-07,0.0002391336463914674,0.9999999714075083
2026-09-30T01:41:01.653 0.01554725616690213,3.0567645370330357e-06,-2.452228588349683e-05,1.8394700590802378e-08,2.6860083148241047e-07,0.00023938025804830416,0.9999999713485094
2026-09-30T01:41:01.708 0.015565853004868551,3.0569986950998586e-06,-2.4417578873177346e-05,8.837573583166301e-08,2.7704141842465955e-07,0.0002398437110817979,0.9999999712374544
2026-09-30T01:41:01.749 0.015584926417231876,3.295657405598066e-06,-2.447753840017623e-05,7.565181385865738e-08,2.8099946661336473e-07,0.00023994823320548506,0.9999999712123799
2026-09-30T01:41:01.802 0.01560495348366184,3.176700251582509e-06,-2.4553906871391072e-05,9.73734953212891e-09,2.755857134688551e-07,0.00023962275795362065,0.9999999712904285
2026-09-30T01:41:01.839 0.015623073252464745,2.9385097998051624e-06,-2.4597457317684537e-05,7.237936963006165e-08,3.452606562940784e-07,0.00023965649834221606,0.9999999712823188
2026-09-30T01:41:01.904 0.01564166990194865,2.9387439360004477e-06,-2.4611959447910316e-05,1.9710329603507397e-07,2.6435288439023527e-07,0.00024042311143766901,0.999999971098309
2026-09-30T01:41:01.941 0.015661697013998357,2.9389960769941066e-06,-2.4658525653487335e-05,-1.363996230017575e-08,3.036416884696183e-07,0.00024010051642729316,0.9999999711758244
2026-09-30T01:41:01.993 0.015680770523604715,2.93923621934542e-06,-2.4658880571216594e-05,-5.9590804969182474e-08,3.011384617752316e-07,0.00023999461458521014,0.999999971201245
2026-09-30T01:41:02.034 0.015700320775531962,2.939482354183051e-06,-2.4719593989290132e-05,-6.082572465447821e-08,3.046309784916496e-07,0.00024078918039447723,0.9999999710102366
2026-09-30T01:41:02.089 0.01571844056189163,3.1781290633049714e-06,-2.474824337100943e-05,-4.3634741127338453e-08,3.0434001988435677e-07,0.000240446119378217,0.9999999710927842
2026-09-30T01:41:02.124 0.015738467651881905,3.0591719120233566e-06,-2.4809710699656107e-05,7.850463459263684e-08,3.3676245937399435e-07,0.00024062763087521425,0.9999999710491114
2026-09-30T01:41:02.208 0.01575849494941235,3.2978426539712152e-06,-2.473706780368485e-05,2.13465097245545e-08,2.3577187723745852e-07,0.00024104188163984622,0.9999999709493772
2026-09-30T01:41:02.245 0.01577661467259552,2.940442907184652e-06,-2.481042051561613e-05,3.382312969705378e-08,3.068434528165917e-07,0.00024064667122425672,0.9999999710445417
2026-09-30T01:41:02.304 0.015796164967140727,3.298316916114161e-06,-2.4841331707048844e-05,-4.158920651871567e-08,2.956089534959424e-07,0.0002412634408772214,0.9999999708959311
2026-09-30T01:41:02.339 0.015814284734442748,3.179335753878146e-06,-2.4884882172840807e-05,1.0452095488399746e-07,3.4514456516706186e-07,0.00024114199141888248,0.9999999709252045
2026-09-30T01:41:02.391 0.01583431177881328,2.9411693075873153e-06,-2.4976151767125305e-05,8.497860694475531e-08,2.9758882434875314e-07,0.00024144195086231072,0.9999999708528439
2026-09-30T01:41:02.429 0.015852908521037556,3.0606127442597008e-06,-2.493104934657695e-05,1.7389647691892168e-07,2.6400357276000515e-07,0.00024140244512499726,0.9999999708623794
2026-09-30T01:41:02.483 0.01587150526176094,3.299265470473418e-06,-2.488594694552709e-05,1.7591296715708457e-07,2.227343357320576e-07,0.0002409961834989142,0.9999999709603791
2026-09-30T01:41:02.520 0.01589057870068636,3.299505604622905e-06,-2.493100529096083e-05,1.700055272938322e-07,2.266342730750876e-07,0.00024177075702999835,0.99999997077341
2026-09-30T01:41:02.574 0.015910128858372348,3.2997517285247674e-06,-2.5051323279306998e-05,1.5665412033020495e-07,2.8559852204070983e-07,0.00024168680330903075,0.9999999707936911
2026-09-30T01:41:02.621 0.015930632832045398,3.1808005861331226e-06,-2.5083742252889e-05,5.310419636786027e-09,3.173206849079228e-07,0.00024110269200859624,0.9999999709346952
2026-09-30T01:41:02.663 0.015949229530150818,3.0618254382549614e-06,-2.5068442078479968e-05,4.887410925283364e-08,3.02012448343795e-07,0.0002423063634297462,0.9999999706437659
2026-09-30T01:41:02.701 0.015967349316510487,3.3004721473768817e-06,-2.509709146019926e-05,1.1075753871048238e-07,2.8315355689228724e-07,0.00024223821149982447,0.9999999706602778
2026-09-30T01:41:02.756 0.015986899617059253,3.1815089981410655e-06,-2.5128002573637986e-05,1.0172846101311298e-07,2.893816756901019e-07,0.00024171621283518546,0.9999999707865888
2026-09-30T01:41:02.796 0.016006449961726864,3.3009644334557963e-06,-2.5129111440937383e-05,2.466533165172639e-08,2.94154289063332e-07,0.00024260551191231997,0.9999999705712388
2026-09-30T01:41:02.848 0.016025523449273802,3.181995283531836e-06,-2.514436748173631e-05,5.117038449328643e-08,2.974141045296871e-07,0.00024285322326445094,0.99999997051111
2026-09-30T01:41:02.885 0.016043643164952524,3.4206419844519304e-06,-2.5217720291160077e-05,2.5432951416594574e-08,3.1068527126098444e-07,0.0002426977413806136,0.9999999705488541
2026-09-30T01:41:02.940 0.016062716605378828,3.3016728290600856e-06,-2.5262778617095318e-05,-4.825236375727977e-09,3.266921589514871e-07,0.0002424204637464246,0.9999999706161056
2026-09-30T01:41:02.979 0.016082266905927595,3.1827096798242695e-06,-2.5293689730534043e-05,1.5429027819952188e-07,3.0125647882559774e-07,0.00024311818978502595,0.9999999704467152
2026-09-30T01:41:03.044 0.016101340459652808,3.4213684067261304e-06,-2.526424240212398e-05,1.0397750803692497e-07,2.8105813219766234e-07,0.000243379640132154,0.99999997038313
2026-09-30T01:41:03.066 0.016119936901596545,3.0639746496919425e-06,-2.54128547569677e-05,7.636249470441949e-08,3.0381710803278967e-07,0.0002429137389635083,0.9999999704964082
2026-09-30T01:41:03.157 0.016139487288882124,3.541057959098551e-06,-2.538416139762627e-05,2.6302834306418997e-08,2.56028319117828e-07,0.0002428984117959067,0.9999999705001472
2026-09-30T01:41:03.198 0.01615808391780749,3.3028735134772325e-06,-2.5413564631423216e-05,-2.105207775285017e-08,3.595794304657857e-07,0.00024310892838257708,0.9999999704489592
2026-09-30T01:41:03.250 0.016178110982736565,3.303125649003007e-06,-2.5489933122136552e-05,-5.738092424805919e-10,3.269251424581028e-07,0.00024396869709652962,0.9999999702395835
2026-09-30T01:41:03.288 0.01619623077209801,3.3033537790422646e-06,-2.551858246485885e-05,3.2586032841434935e-08,2.938051418926838e-07,0.00024319974805296022,0.9999999704268971
2026-09-30T01:41:03.355 0.016215304328825002,3.303593926861463e-06,-2.5489135097451797e-05,5.2753897122125906e-08,2.8641291314602616e-07,0.0002433801466945181,0.9999999703830093
2026-09-30T01:41:03.391 0.01623437781186927,3.5422526455614965e-06,-2.5504391196746212e-05,1.364927810317008e-07,2.3786833133989244e-07,0.00024414760721671946,0.9999999701959349
2026-09-30T01:41:03.446 0.01625249755561097,3.423271480591539e-06,-2.556284280510633e-05,1.527139468586471e-07,3.0829964750195386e-07,0.00024377654925702134,0.9999999702864374
2026-09-30T01:41:03.486 0.01627300159846408,3.423529635943052e-06,-2.5550558370482356e-05,3.105420731679391e-08,3.1115106785579893e-07,0.00024391736277221883,0.9999999702521107
2026-09-30T01:41:03.539 0.016292551803270695,3.4237757653127985e-06,-2.564107407369221e-05,-9.432911192981929e-09,2.805918038429971e-07,0.00024394056153036601,0.9999999702464614
2026-09-30T01:41:03.574 0.016311625265756427,3.4240159021962275e-06,-2.567123127655779e-05,2.016017811999536e-07,2.5696083843482845e-07,0.00024404749617033426,0.999999970220356
2026-09-30T01:41:03.628 0.016330222033041904,3.424250052061224e-06,-2.5611227693942777e-05,1.7833123809788742e-07,2.445043064948594e-07,0.00024464839286891826,0.9999999700735357
2026-09-30T01:41:03.665 0.016348341657481148,3.4244781629628873e-06,-2.5744185034642186e-05,4.699729454576894e-08,2.6237322421523926e-07,0.00024463161675979014,0.9999999700776501
2026-09-30T01:41:03.719 0.01636884572239368,3.5439456105896727e-06,-2.5716999476948547e-05,1.3261915450377698e-07,2.421174736628349e-07,0.0002442556729734467,0.9999999701695446
2026-09-30T01:41:03.756 0.016387442209957158,3.3057611485647015e-06,-2.5835809566154446e-05,3.2964138747147144e-08,3.3146562282889023e-07,0.00024486611657025654,0.9999999700202366
2026-09-30T01:41:03.813 0.01640699264886603,3.4252165948152007e-06,-2.5777313863181207e-05,8.814424044091715e-08,2.7197778515383245e-07,0.0002451420651700102,0.9999999699526426
2026-09-30T01:41:03.851 0.016425112367546534,3.425444716652632e-06,-2.5850666633607987e-05,1.3028970289482606e-07,2.212791465440706e-07,0.0002445424633117241,0.9999999700994584
2026-09-30T01:41:03.903 0.016443708922789176,3.4256788419121493e-06,-2.5924773334106402e-05,-3.988896641034191e-08,3.4252464261994e-07,0.0002451926611203737,0.9999999699402196
2026-09-30T01:41:03.942 0.016463736127579252,3.5451402833829075e-06,-2.5911734988909283e-05,4.7948937999622615e-08,2.8548171341993877e-07,0.00024525272041277105,0.9999999699255092
2026-09-30T01:41:03.995 0.016483286475248646,3.426177139614976e-06,-2.5912843817211687e-05,2.6557067123960664e-08,2.5864785952093825e-07,0.0002452809685823159,0.999999969918589
2026-09-30T01:41:04.045 0.01650188312173077,3.6648298548929236e-06,-2.5927345986434463e-05,1.5554354303315953e-07,2.8396901922422255e-07,0.00024558051949802496,0.9999999698450514
2026-09-30T01:41:04.085 0.016520956466414927,3.6650699781066423e-06,-2.603200890214084e-05,1.3747368598036305e-07,2.961343120094715e-07,0.00024569904465904615,0.999999969815936
2026-09-30T01:41:04.136 0.016539553114397948,3.7845134038432594e-06,-2.6046511051865117e-05,9.620434115069464e-08,2.8705365370933904e-07,0.00024562267937400353,0.9999999698347034
2026-09-30T01:41:04.183 0.016558626600443993,3.784753543460631e-06,-2.606176711216254e-05,4.377893339141535e-08,2.97530671217896e-07,0.0002452827298398772,0.9999999699181455
2026-09-30T01:41:04.222 0.01657865376111521,3.6657964003808423e-06,-2.607853101310474e-05,1.1417570800201688e-07,3.2465597995098747e-07,0.0002465715667858544,0.9999999696011715
2026-09-30T01:41:04.269 0.0165977271278588,3.7852458158698347e-06,-2.6168292805741453e-05,-7.312884953322217e-08,2.792528291154519e-07,0.0002464209277754771,0.999999969638321
2026-09-30T01:41:04.307 0.016616800594847193,3.42785808412927e-06,-2.6198449950111538e-05,-5.573076493154571e-09,3.3402657721957985e-07,0.00024559799293865834,0.9999999698407567
2026-09-30T01:41:04.359 0.01663444361832744,3.428080218948269e-06,-2.618164193505772e-05,-1.2892865788930016e-07,3.2040526468647126e-07,0.00024623918940619194,0.9999999696830707
2026-09-30T01:41:04.399 0.016654947587497825,3.6667569451806177e-06,-2.6214060967135217e-05,6.993834878038455e-08,2.8489990606761154e-07,0.0002468548982353747,0.9999999695312861
2026-09-30T01:41:04.456 0.01667449800284639,3.7862123886971745e-06,-2.6170466406730144e-05,6.976181331919264e-08,3.0393376155502144e-07,0.0002463429619444281,0.9999999696575235
2026-09-30T01:41:04.493 0.016691664074964693,3.548009927341714e-06,-2.6227410135448483e-05,1.0566472759930637e-07,2.931656029848633e-07,0.0002466935185683275,0.9999999695711049
2026-09-30T01:41:04.546 0.01671073741814796,3.6674593400967637e-06,-2.6332073070653354e-05,9.253637450071138e-09,3.276239660838103e-07,0.000247268075568591,0.9999999694291952
2026-09-30T01:41:04.587 0.016729810879132806,3.7869087665215245e-06,-2.6362230293017433e-05,9.834476382680788e-08,2.806509513670394e-07,0.0002471493485483223,0.9999999694585551
2026-09-30T01:41:04.638 0.016748884343119424,3.6679396138636226e-06,-2.6392387476384512e-05,8.293841045989666e-08,3.010235015453329e-07,0.0002468110001313266,0.9999999695421159
2026-09-30T01:41:04.673 0.016768434783529188,3.6681857705727905e-06,-2.6333891753912782e-05,1.1898453303275002e-07,2.899643197425216e-07,0.00024734252372765326,0.9999999694107884
2026-09-30T01:41:04.738 0.01678655454933032,3.668413897878106e-06,-2.6377442239203237e-05,1.263542458366014e-07,2.631306348720244e-07,0.00024723244702145637,0.9999999694380155
2026-09-30T01:41:04.781 0.016806581612758508,3.787875322945212e-06,-2.645381074941507e-05,5.882656624341334e-08,3.314659561001512e-07,0.00024694955285516957,0.999999969507902
2026-09-30T01:41:04.835 0.0168247013580011,3.5496848684339225e-06,-2.6512262338276695e-05,1.2001709879797234e-07,2.983462125386086e-07,0.00024717863878394997,0.9999999694513081
2026-09-30T01:41:04.874 0.01684282128872443,3.5499130148768338e-06,-2.6451504825590044e-05,9.286538797870077e-08,2.575425430326533e-07,0.00024786850923520066,0.9999999692805631
2026-09-30T01:41:04.928 0.01686141783946441,3.907775008760345e-06,-2.652561158458395e-05,1.0427137444104622e-07,2.751212975763014e-07,0.00024757588960120535,0.9999999693530457
2026-09-30T01:41:04.963 0.016881444954515892,3.6696085706713405e-06,-2.6572177751163973e-05,1.8076180895253824e-07,2.843185748749563e-07,0.00024743840070170586,0.9999999693870617
2026-09-30T01:41:05.021 0.01690099537136534,3.6698547246465664e-06,-2.65285831712604e-05,9.471907172098237e-08,2.3065064735247998e-07,0.0002481436553895221,0.9999999692123316
2026-09-30T01:41:05.064 0.016920068738108925,3.7893041401355584e-06,-2.661834496389711e-05,5.5139487270977594e-08,2.870536031567419e-07,0.00024816222593945217,0.9999999692077116
2026-09-30T01:41:05.115 0.01693818848185063,3.6703229751656007e-06,-2.6676796572257232e-05,-4.616496003766477e-08,2.871111460452867e-07,0.0002478386999292319,0.9999999692879467
2026-09-30T01:41:05.151 0.0169582155467797,3.670575110691375e-06,-2.6753165062970568e-05,5.537792331419166e-08,3.1208291503798753e-07,0.000248470988280067,0.9999999691310333
2026-09-30T01:41:05.204 0.01697681224038246,3.9092278314372075e-06,-2.6737864947057027e-05,-4.7931684181816966e-08,2.779725696029124e-07,0.0002482516560844581,0.9999999691855174
2026-09-30T01:41:05.239 0.016994932149046366,3.790246685604845e-06,-2.6692008557440036e-05,1.074085984770327e-07,2.6318881092096557e-07,0.0002483006605781632,0.9999999691733501
2026-09-30T01:41:05.299 0.017014959256593406,4.148126695222497e-06,-2.6738574821512547e-05,2.2477427036418822e-07,3.975348078035488e-07,0.0002730887297536749,0.9999999627111679
2026-09-30T01:41:05.335 0.017031648394906534,4.148336798591845e-06,-2.6854369229428882e-05,1.0686791316022266e-07,4.798993341634148e-07,0.000290948859724148,0.9999999576742588
2026-09-30T01:41:05.389 0.017052629340500062,4.506228834191265e-06,-2.679813535566756e-05,3.049628311262957e-07,7.84422129317467e-08,0.0002875379663664598,0.9999999586609085
2026-09-30T01:41:05.438 0.017071225897243594,4.38725366990945e-06,-2.6872242036667482e-05,1.9117946697739004e-07,9.38082970916177e-08,0.0002873377053840562,0.999999958718498
2026-09-30T01:41:05.483 0.017091253057914813,4.268296526829662e-06,-2.6889005937609684e-05,2.864353576312046e-07,1.2657999388836372e-07,0.0002897375906084535,0.9999999580260144
2026-09-30T01:41:05.521 0.01711032654396086,4.268536666447033e-06,-2.6904261997907102e-05,1.6441884217906826e-07,1.0125878045288377e-07,0.0002882417501406464,0.9999999584583272
2026-09-30T01:41:05.576 0.017127492564455876,4.387962068247682e-06,-2.6991008070257258e-05,2.754868593632435e-07,2.4095967056882786e-07,0.0003109568013406812,0.9999999516528657
2026-09-30T01:41:05.623 0.017147519839926892,4.507423517920267e-06,-2.6933266297355665e-05,2.725915857772297e-07,2.868284165211048e-07,0.0003249705930099361,0.9999999471969772
2026-09-30T01:41:05.672 0.017167546926915397,4.626884945721315e-06,-2.6994733664999334e-05,3.188164572008669e-07,3.180277275511016e-07,0.00032160487259046724,0.9999999482850502
2026-09-30T01:41:05.714 0.01718614350721924,4.507909784173443e-06,-2.7053939203431095e-05,3.473947515695419e-07,3.6057766212308835e-07,0.0003212472799991894,0.9999999483999659
2026-09-30T01:41:05.765 0.01720664733652863,4.627377204460807e-06,-2.7175765071419042e-05,1.9782310236888024e-07,3.2961055865931177e-07,0.0003249453902974345,0.9999999472051714
2026-09-30T01:41:05.805 0.017224290312888243,4.627599333811922e-06,-2.7188759341501544e-05,2.1880555631397895e-07,3.556875003797982e-07,0.00032233895050099906,0.999999948048712
2026-09-30T01:41:05.855 0.017244794404362867,4.5086482050899885e-06,-2.7146672602242752e-05,1.8523698810051175e-07,3.237313383032408e-07,0.0003228665132028642,0.9999999478785364
2026-09-30T01:41:05.890 0.01726386779466677,4.628097623312922e-06,-2.7221533252311305e-05,3.322623008147233e-07,3.3886633392785996e-07,0.00032389195824067646,0.9999999475468857
2026-09-30T01:41:05.944 0.017281510747466068,4.6283197499300945e-06,-2.7249428664961965e-05,3.117277715099971e-07,3.1569951103253393e-07,0.0003232390589678186,0.9999999477581556
2026-09-30T01:41:05.983 0.017301061046513945,4.62856589023561e-06,-2.7280339797899185e-05,3.3646224074835087e-07,3.377603919098633e-07,0.00032360865797652724,0.9999999476386032
2026-09-30T01:41:06.037 0.0173196576002557,4.7480093050364574e-06,-2.73544465178961e-05,3.138131965239818e-07,3.338603305356866e-07,0.0003235260207517697,0.9999999476653506
2026-09-30T01:41:06.076 0.01733968497447064,4.509842897020817e-06,-2.723710011622638e-05,1.1969811597777e-07,3.24720515661115e-07,0.00032360644246008424,0.9999999476393739
2026-09-30T01:41:06.148 0.017359712061459143,4.629304324821865e-06,-2.7298567483870047e-05,2.588773131977177e-07,3.518462191384387e-07,0.00032442968037198807,0.9999999473725945
2026-09-30T01:41:06.183 0.017377831758080216,4.510323154384023e-06,-2.7386821377366487e-05,1.6415834258535697e-07,3.2902820788303723e-07,0.000324183187152492,0.9999999474525616
2026-09-30T01:41:06.236 0.017396905148384118,4.629772572606958e-06,-2.746168202743504e-05,9.356295122330038e-08,4.0184554072119025e-07,0.00032443854194942753,0.9999999473697297
2026-09-30T01:41:06.275 0.01741597865648959,4.749222004499603e-06,-2.74620369646628e-05,2.469204507812196e-07,3.68959205080632e-07,0.0003246247432537026,0.9999999473092881
2026-09-30T01:41:06.326 0.01743600579059872,4.868683437768535e-06,-2.7493702047170156e-05,2.4713971367148515e-07,3.4165982235711475e-07,0.0003245995979129455,0.9999999473174602
2026-09-30T01:41:06.366 0.01745364869627739,4.868905558917822e-06,-2.7551399744957135e-05,2.5095303251527534e-07,3.65874281857852e-07,0.00032530664352448135,0.999999947087694
2026-09-30T01:41:06.415 0.01747319902188736,4.630733122874617e-06,-2.75674096963292e-05,1.2236510672326742e-07,3.0504648122310757e-07,0.0003252062202489827,0.9999999471204017
2026-09-30T01:41:06.450 0.017491795622749745,4.75017654314335e-06,-2.7611714131189798e-05,2.7392111648708845e-07,3.7879648958090107e-07,0.0003249122097042106,0.9999999472159173
2026-09-30T01:41:06.508 0.017512776552287397,4.5120221283021705e-06,-2.7570381302504147e-05,1.60595473280624e-08,3.1523213550869645e-07,0.00032503884117210407,0.9999999471748247
2026-09-30T01:41:06.544 0.01753089629152644,4.750668831956206e-06,-2.7628832969359758e-05,1.6754743416606118e-07,3.813570077392345e-07,0.0003255395401396507,0.9999999470119157
2026-09-30T01:41:06.599 0.017550446611132853,4.989333554078326e-06,-2.7644842998725816e-05,2.7011489911010773e-07,3.436972743112123e-07,0.0003250939953759152,0.9999999471568501
2026-09-30T01:41:06.634 0.01757047383948324,5.108794998283026e-06,-2.7616903510960535e-05,3.300227688148262e-07,3.30251765937546e-07,0.00032606205814002807,0.9999999468416567
2026-09-30T01:41:06.694 0.017588593556662854,5.228232409661789e-06,-2.7690256300885813e-05,2.107505936221604e-07,3.47655068806867e-07,0.00032569334839115333,0.9999999469618374
2026-09-30T01:41:06.740 0.01760719018408733,5.109257253581802e-06,-2.7719659554181253e-05,3.3765835026585174e-07,3.233251243582935e-07,0.0003262938937352489,0.9999999467660368
2026-09-30T01:41:06.789 0.017625786765892063,4.871072802492598e-06,-2.7778865073114515e-05,1.2251747194641238e-07,3.3630412142403426e-07,0.00032687969135893275,0.9999999465747682
2026-09-30T01:41:06.838 0.017646290690943596,4.8713309441744006e-06,-2.784108635133133e-05,1.708798008095717e-07,3.672126275555353e-07,0.0003262160270209503,0.9999999467914684
2026-09-30T01:41:06.881 0.01766584099299325,4.633158505397253e-06,-2.787199744527155e-05,2.0364305605794365e-07,3.599951035817011e-07,0.00032642496662849965,0.9999999467232836
2026-09-30T01:41:06.919 0.017683960707171084,4.991014495858678e-06,-2.7945350274193827e-05,1.8339635519528686e-07,3.9055401284697806e-07,0.00032674035230196473,0.9999999466202766
2026-09-30T01:41:06.974 0.017703034285957504,5.110463935953149e-06,-2.7901001783717108e-05,3.031789264184082e-07,3.554555701747796e-07,0.00032686610196488205,0.9999999465791651
2026-09-30T01:41:07.018 0.01772306135388835,4.872297492396261e-06,-2.7977370235433447e-05,3.570847777593483e-07,3.549902613695141e-07,0.00032702013542425175,0.9999999465287873
2026-09-30T01:41:07.063 0.01774213493417566,4.8725376429494014e-06,-2.7933021725458233e-05,8.556258664236163e-08,2.542893300498355e-07,0.0003269381025673533,0.9999999465557011
2026-09-30T01:41:07.099 0.017761685186102903,4.872783777787032e-06,-2.7993735143531768e-05,2.2320204591213947e-07,3.1168295788258115e-07,0.00032729538916031624,0.9999999464387892
2026-09-30T01:41:07.153 0.017781235392410413,4.753820617615447e-06,-2.8084250827243125e-05,1.8229993892778015e-07,3.655247749685936e-07,0.00032740735434157224,0.9999999464021273
2026-09-30T01:41:07.195 0.017799831947653055,4.754054742874965e-06,-2.815835752774154e-05,1.010207135527365e-07,4.240811958729393e-07,0.00032798623624601234,0.999999946212418
2026-09-30T01:41:07.252 0.017819382361500727,4.992719475932853e-06,-2.8114762986834963e-05,2.6575396343648406e-07,3.4363921386845513e-07,0.0003272338294039697,0.9999999464589147
2026-09-30T01:41:07.287 0.01783845582398646,4.992959612816282e-06,-2.8144920189700544e-05,2.413507070551732e-07,3.7093842467476525e-07,0.0003270030558360342,0.9999999465344014
2026-09-30T01:41:07.340 0.01785800609797313,5.112415039929186e-06,-2.8190732484704418e-05,2.073359274735752e-07,3.46665790146818e-07,0.00032902917520093405,0.9999999458698179
2026-09-30T01:41:07.379 0.017878033329325298,4.993457905051224e-06,-2.8162792957942143e-05,2.661142579120959e-07,3.743729358333291e-07,0.00032828698099821745,0.9999999461137221
2026-09-30T01:41:07.433 0.017895676209942764,5.112889313007901e-06,-2.823539181779578e-05,1.7809804035933226e-07,3.7501259291368586e-07,0.00032739629835174325,0.9999999464057443
2026-09-30T01:41:07.476 0.017916180087873667,5.113147449221819e-06,-2.8327415381148912e-05,3.377559205280578e-07,3.750137112182012e-07,0.00032878710252529975,0.9999999459493918
2026-09-30T01:41:07.537 0.017934300067218523,4.994166311591284e-06,-2.8236855563827445e-05,1.6861150317364818e-07,2.912519137855612e-07,0.00032950744067355807,0.9999999457123652
2026-09-30T01:41:07.575 0.017954803992270053,4.994424453273085e-06,-2.829907684204426e-05,2.2186385797546632e-07,3.5301045205060747e-07,0.0003282648389058351,0.9999999461210094
2026-09-30T01:41:07.628 0.017974831055698238,5.1138858783401905e-06,-2.8375445352256092e-05,2.627178717639994e-07,3.8566525472180895e-07,0.0003290004352631503,0.9999999458792465
2026-09-30T01:41:07.663 0.017991997099753566,5.233311282874781e-06,-2.844729028203809e-05,2.2501052987183687e-07,4.316491020663564e-07,0.0003296167677419189,0.9999999456762733
2026-09-30T01:41:07.719 0.0180120242839851,5.114354142528935e-06,-2.8449153040412132e-05,1.827854655421173e-07,4.1302235886636976e-07,0.00032921243241776685,0.9999999458094837
2026-09-30T01:41:07.755 0.018030621096890322,5.2337975874031475e-06,-2.83593471921593e-05,2.402974741085682e-07,3.648849786809351e-07,0.000328907553315821,0.9999999459098138
2026-09-30T01:41:07.814 0.01805017125757808,4.995625132222348e-06,-2.8479665141508474e-05,3.7602632982619666e-07,3.5079963130155805e-07,0.00032947764864429334,0.9999999457221058
2026-09-30T01:41:07.850 0.018069721600744812,5.234289857078409e-06,-2.8480774028306373e-05,3.676205285490963e-07,3.859570629955755e-07,0.0003303407589770485,0.9999999454373479
2026-09-30T01:41:07.905 0.018087841388605367,5.353727276658998e-06,-2.850942339052717e-05,2.0577621498119625e-07,3.9625874543079024e-07,0.00032972097497640834,0.9999999456419382
2026-09-30T01:41:07.941 0.0181069148510911,5.353967413542427e-06,-2.8539580593392752e-05,3.648856958492053e-07,3.627321553789691e-07,0.0003298200352770593,0.9999999456092383
2026-09-30T01:41:07.995 0.018126465222320805,5.2350042725084376e-06,-2.8525788279126997e-05,3.4561622256277054e-07,3.613351045377133e-07,0.0003304784375935016,0.9999999453918746
2026-09-30T01:41:08.033 0.018146015427127425,5.235250401878184e-06,-2.861630398233685e-05,3.2787306015240756e-07,3.2932078530520167e-07,0.00033040836914687585,0.9999999454150453
2026-09-30T01:41:08.088 0.018165565633434924,5.116287241706599e-06,-2.8706819666048206e-05,1.8782018085279964e-07,3.8956482292473755e-07,0.00033056657208264923,0.9999999453627757
2026-09-30T01:41:08.126 0.018183208655414285,5.235718666066929e-06,-2.869001167049289e-05,2.168978339834572e-07,4.095302235923764e-07,0.00033053930767713537,0.9999999453717742
2026-09-30T01:41:08.181 0.018202282163519757,5.355168097959574e-06,-2.869036660772065e-05,1.8440315862703144e-07,3.2472154625059275e-07,0.0003312316559059222,0.9999999451427238
2026-09-30T01:41:08.231 0.018222786020892123,5.117007652356887e-06,-2.8797291274644946e-05,2.9575666520058775e-07,3.599960834277003e-07,0.00033131835548805115,0.9999999451139636
2026-09-30T01:41:08.268 0.018241382715995767,5.236451083561388e-06,-2.8781991139232906e-05,2.1559397601973212e-07,3.4777194306606264e-07,0.0003309333167434387,0.9999999452414847
2026-09-30T01:41:08.313 0.01826045612985998,5.355900504518265e-06,-2.8841950646733304e-05,2.0174103111542744e-07,3.6342974704042073e-07,0.00033138001329124196,0.9999999450935555
2026-09-30T01:41:08.367 0.018279529592345713,5.356140641401694e-06,-2.887210784959888e-05,2.2416018899966803e-07,3.499257704371439e-07,0.0003320499657173203,0.9999999448713223
2026-09-30T01:41:08.401 0.018298126288950247,5.356374783064865e-06,-2.8856807694688346e-05,2.3164441999148255e-07,3.76701287737122e-07,0.00033151165546665864,0.9999999450499119
2026-09-30T01:41:08.456 0.01831767654087749,5.356620917902495e-06,-2.8917521112761884e-05,1.7169987096247667e-07,4.0260332358712047e-07,0.00033167823530406233,0.9999999449946768
2026-09-30T01:41:08.492 0.018337226887045997,5.356867063675894e-06,-2.8918629960562783e-05,2.3537931776493184e-07,3.440468743126847e-07,0.00033210292625801855,0.9999999448537348
2026-09-30T01:41:08.547 0.01835630039665236,5.3571072060272076e-06,-2.8918984878292046e-05,2.8301034488064017e-07,3.465501403723496e-07,0.0003325668618732733,0.9999999446995396
2026-09-30T01:41:08.587 0.01837537390475783,5.476556637919853e-06,-2.8919339815519804e-05,3.2692776816295197e-07,3.1721375695646647e-07,0.00033244755941954035,0.9999999447392048
2026-09-30T01:41:08.643 0.018394447205323138,5.238378176583024e-06,-2.90538049773655e-05,2.2563342286084754e-07,3.6639852554957165e-07,0.0003318568313326123,0.9999999449354277
2026-09-30T01:41:08.677 0.018413520782608668,5.477036906218827e-06,-2.9009456506387284e-05,3.6727622272298174e-07,3.987047387761357e-07,0.00033285265336962996,0.9999999446044071
2026-09-30T01:41:08.731 0.018432594267153823,5.59648633537753e-06,-2.90247125861832e-05,4.357826009988233e-07,3.660506891326058e-07,0.0003329115632858331,0.999999944584782
2026-09-30T01:41:08.770 0.018451667710581907,5.239098600903022e-06,-2.9069770873121445e-05,1.7807478461092444e-07,2.8997166070131806e-07,0.00033264016989278505,0.9999999446751993
2026-09-30T01:41:08.824 0.018470264262822774,5.477751305245203e-06,-2.9143877612616858e-05,3.103934801539716e-07,3.3386108588345115e-07,0.0003330369254337442,0.9999999445430977
2026-09-30T01:41:08.866 0.01849076823649582,5.358800162853558e-06,-2.9176296586198858e-05,2.8980968765846203e-07,3.584246184800775e-07,0.0003335130802644905,0.9999999443844049
2026-09-30T01:41:08.928 0.018508411258475185,5.4782315872138875e-06,-2.915948859064354e-05,3.604243886344216e-07,3.8100961038054026e-07,0.000333310054368943,0.9999999444520647
2026-09-30T01:41:08.966 0.01852796150890154,5.5976870115928504e-06,-2.9220202028215576e-05,4.787496256672079e-07,3.2402503276752207e-07,0.0003327643806740684,0.9999999446337648
2026-09-30T01:41:09.020 0.018546558183446648,5.4787118609807456e-06,-2.9219802996374698e-05,1.9263314589020854e-07,2.904375226697025e-07,0.0003339729982008567,0.999999944230956
2026-09-30T01:41:09.060 0.01856563159881175,5.478951992396291e-06,-2.9279762484376597e-05,2.9078155316075376e-07,4.0248783633923684e-07,0.0003338715805504355,0.999999944264759
2026-09-30T01:41:09.110 0.018586612358924535,5.598425427041511e-06,-2.934273771216355e-05,2.852853916784692e-07,3.5644554454320485e-07,0.00033367979123862716,0.9999999443287927
2026-09-30T01:41:09.148 0.01860473214978687,5.479444267539437e-06,-2.9371387035387352e-05,2.779692757583658e-07,3.87586671338066e-07,0.00033474191197946607,0.9999999439738109
2026-09-30T01:41:09.208 0.018623328681469202,5.479678390065012e-06,-2.946039487845393e-05,2.186737689863657e-07,3.605197296639518e-07,0.00033453613688110045,0.9999999440426961
2026-09-30T01:41:09.247 0.018642879074758333,5.479924541306296e-06,-2.9431701441118514e-05,2.9454224771312677e-07,4.04292300624985e-07,0.000333916863245644,0.9999999442496376
2026-09-30T01:41:09.299 0.018662429348745006,5.5993799684192e-06,-2.9477513736122388e-05,2.6331494823319627e-07,3.6849447453726026e-07,0.00033475403072402346,0.9999999439697653
2026-09-30T01:41:09.331 0.018683410322401513,5.599644138128568e-06,-2.9406378661297413e-05,2.736380244735453e-07,3.6977513990252034e-07,0.0003351480304809125,0.9999999438377914
2026-09-30T01:41:09.386 0.018701530113263847,5.480662978626494e-06,-2.9435027984521217e-05,3.9891592634205257e-07,3.131398240130325e-07,0.00033426736553518563,0.999999944132534
2026-09-30T01:41:09.390 0.018719649712641884,5.600100376335546e-06,-2.9582886487287286e-05,2.772907863184041e-07,3.769929029032283e-07,0.00033505844608169107,0.9999999438678078
2026-09-30T01:41:09.425 0.018719649712641884,5.600100376335546e-06,-2.9582886487287286e-05,2.772907863184041e-07,3.769929029032283e-07,0.00033505844608169107,0.9999999438678078
2026-09-30T01:41:09.484 0.01873967687331311,5.481143233255757e-06,-2.9599650388229488e-05,2.3840961576057863e-07,4.019055765900482e-07,0.0003356563863031374,0.9999999436672844
2026-09-30T01:41:09.520 0.018759227144298004,5.8390172394513244e-06,-2.9645462722230356e-05,3.869214285976322e-07,3.782159503566715e-07,0.0003350175560374152,0.9999999438814706
2026-09-30T01:41:09.574 0.018778300704026772,5.60083880818786e-06,-2.9616015315826307e-05,4.0505686315413967e-07,3.7047451751456546e-07,0.0003358662675441183,0.9999999435967729
2026-09-30T01:41:09.621 0.018796897326948583,5.8394915207318664e-06,-2.964541862761724e-05,3.202048026164719e-07,3.542922730448175e-07,0.00033602733715481484,0.9999999435426987
2026-09-30T01:41:09.666 0.018816447648055883,5.958946953312654e-06,-2.96614286374848e-05,4.930929352573402e-07,4.07437045854538e-07,0.0003373817511345573,0.9999999430865708
2026-09-30T01:41:09.706 0.018835997901484016,5.839983798608954e-06,-2.972214203605984e-05,3.510926703443222e-07,3.198338971134582e-07,0.00034033299303228286,0.9999999420866125
2026-09-30T01:41:09.762 0.018855071527391062,5.959433244171309e-06,-2.9647991260446802e-05,4.017320897093149e-07,3.136058660155315e-07,0.0003387107049412781,0.9999999426373977
2026-09-30T01:41:09.798 0.018874621567275478,5.959679354403461e-06,-2.984281496163377e-05,3.4272688670290805e-07,4.286819647495269e-07,0.00033832483469928466,0.9999999427680009
2026-09-30T01:41:09.850 0.018893218430303102,5.840704225662895e-06,-2.9723206789247624e-05,4.1012064696980014e-07,3.041181700898615e-07,0.0003398937108855749,0.9999999422360006
2026-09-30T01:41:09.888 0.018912768562927885,5.960159636372146e-06,-2.9858425939660452e-05,3.720206478995277e-07,3.484721371355006e-07,0.0003397188274814397,0.9999999422954275
2026-09-30T01:41:09.941 0.01893184188555262,5.841190467310591e-06,-2.997798997843649e-05,2.3970879210129395e-07,3.74839310144241e-07,0.0003390569358358573,0.9999999425200965
2026-09-30T01:41:09.980 0.018949485213816068,5.960621927212168e-06,-2.9767467129495107e-05,4.1612261274076096e-07,2.629072178204664e-07,0.00034011070480879045,0.9999999421622314
2026-09-30T01:41:10.039 0.01896855834945917,5.722443446737745e-06,-3.0006240289317917e-05,4.619559720976965e-07,3.616858677472168e-07,0.00034009623285085954,0.9999999421671024
2026-09-30T01:41:10.087 0.018989539317112124,6.1995447746124375e-06,-2.9935105292486932e-05,3.901399135566261e-07,2.850259429909635e-07,0.00033994209748733524,0.9999999422195668
2026-09-30T01:41:10.135 0.019008135946037487,5.961360328991119e-06,-2.9964508526283874e-05,4.0979815132539564e-07,3.3473540143517825e-07,0.0003400836427591738,0.9999999421714163
2026-09-30T01:41:10.174 0.019026255733898045,6.080797748571708e-06,-2.999315788850467e-05,4.782282639707193e-07,3.480071963985341e-07,0.00034035390562544627,0.9999999420794329
2026-09-30T01:41:10.228 0.01904389859245609,6.08101986425311e-06,-3.008065787142797e-05,1.8566597580690686e-07,3.897984271061025e-07,0.00034020570730889364,0.9999999421299435
2026-09-30T01:41:10.263 0.01906535630993437,5.962080736907464e-06,-3.0069881277448772e-05,3.897479528265851e-07,3.577855701947819e-07,0.00034093960271750634,0.999999941879952
2026-09-30T01:41:10.330 0.01908347609779493,6.081518156488053e-06,-3.009853063966957e-05,4.08908804319757e-07,3.842701986317151e-07,0.00034132858992139175,0.9999999417472377
2026-09-30T01:41:10.373 0.019102549607401292,6.0817582988393665e-06,-3.0098885557398833e-05,5.06502890845477e-07,3.5819372188268817e-07,0.00034048595643893556,0.9999999420344626
2026-09-30T01:41:11.285 0.019121623021265504,6.201207719796244e-06,-3.0158845064899227e-05,5.427104405234879e-08,3.2256767114100243e-07,0.0003389095258758846,0.9999999425701115
2026-09-30T01:41:11.320 0.01914117334537458,6.082244573294369e-06,-3.017485503576979e-05,1.5635545431310205e-07,3.9812205778925065e-07,0.0003417129017459276,0.9999999416160532
2026-09-30T01:41:12.557 0.019160723572240624,6.20169999493939e-06,-3.0250469615909985e-05,1.3139075380220777e-07,4.1767963883560354e-07,0.0003413587864038758,0.9999999417369919
2026-09-30T01:41:12.599 0.0191812274281121,6.082748838878034e-06,-3.035739430233278e-05,1.9167140101003178e-07,4.6744745133339385e-07,0.00034016751799217953,0.9999999421429006
2026-09-30T01:41:12.655 0.019200301006898516,6.202198278972505e-06,-3.031304581185606e-05,2.3174485413237406e-07,4.0889094124670097e-07,0.0003416556825363348,0.9999999416355851
2026-09-30T01:41:12.690 0.019219851258825763,6.2024444138101355e-06,-3.03737592299296e-05,7.206913241897185e-08,4.705900624890806e-07,0.0003420264164575564,0.9999999415088502
2026-09-30T01:41:12.746 0.019236540585621405,6.202654539051021e-06,-3.0370344497300663e-05,1.4683637438169905e-08,4.519050136275521e-07,0.00034158862374574563,0.9999999416585021
2026-09-30T01:41:12.782 0.019256567626990167,6.202906671842853e-06,-3.0461614130582158e-05,1.4336369425030264e-07,4.63256305675316e-07,0.0003414967284772544,0.9999999416898729
2026-09-30T01:41:12.834 0.01927468746497313,6.083925517808664e-06,-3.046046116866964e-05,1.845898081981787e-07,4.391004446024377e-07,0.00034209739942809783,0.9999999414845695
2026-09-30T01:41:12.869 0.01929566829576686,6.20339896065571e-06,-3.0478732968752118e-05,1.5647636133807212e-07,4.4823884934253113e-07,0.0003418804235535986,0.9999999415587736
2026-09-30T01:41:12.925 0.019314741638950136,6.322848373410759e-06,-3.0583395903956986e-05,1.5094371769167515e-07,4.5848338820547883e-07,0.000342247659660355,0.9999999414331515
2026-09-30T01:41:12.958 0.019333338335554666,6.323082515073929e-06,-3.056809574904646e-05,1.2725576169042822e-07,4.4433883693021934e-07,0.0003429090340535367,0.9999999412065886
2026-09-30T01:41:13.012 0.019352888661164632,6.084910079030723e-06,-3.058410570041852e-05,1.904032471566831e-07,4.0766837896042354e-07,0.00034237329930789323,0.999999941390159
2026-09-30T01:41:13.066 0.019372438910090103,6.323574792951017e-06,-3.0644819157489046e-05,1.7959131775261008e-07,4.525464145373662e-07,0.0003425521797893782,0.9999999413288818
2026-09-30T01:41:13.106 0.019391989182575883,6.562239509605253e-06,-3.069063147199143e-05,2.6622896895706563e-07,4.651198126759537e-07,0.00034258697767055885,0.999999941316936
2026-09-30T01:41:13.147 0.019411062739302876,6.56247965742445e-06,-3.066118410458437e-05,2.4564921469710286e-07,3.652935955706918e-07,0.00034273751929286676,0.9999999412653978
2026-09-30T01:41:13.201 0.019429659250426667,6.324295198133421e-06,-3.0765093051222104e-05,4.2041952066974556e-08,4.7565405937319674e-07,0.00034350968847602617,0.9999999410004312
2026-09-30T01:41:13.242 0.01944968648177883,6.2053380632554594e-06,-3.0737153524459835e-05,1.8658510908478818e-07,4.0144022408184926e-07,0.0003434314598031877,0.9999999410273165
2026-09-30T01:41:13.290 0.019469236707143987,6.4440027744418104e-06,-3.081276812409852e-05,7.774417087134077e-08,4.1855259760929213e-07,0.00034359301374903235,0.9999999409718281
2026-09-30T01:41:13.328 0.01948735651856486,6.563440196756341e-06,-3.082651634375116e-05,1.535560382413791e-07,4.210560423065069e-07,0.0003440674630222839,0.9999999408086883
2026-09-30T01:41:13.380 0.019507383559933617,6.5636923295481734e-06,-3.091778597703265e-05,4.176942950059058e-08,4.678542300525404e-07,0.00034345724375273027,0.9999999410184488
2026-09-30T01:41:13.415 0.019526933931163323,6.4447291885141845e-06,-3.09039936627669e-05,5.2495200562325585e-08,4.3031041946004644e-07,0.00034405462069872055,0.9999999408131133
2026-09-30T01:41:13.474 0.019546484349513664,6.325766052948079e-06,-3.086039906336483e-05,-9.630290794504057e-08,4.132546660968659e-07,0.0003443195831238116,0.9999999407219206
2026-09-30T01:41:13.512 0.019563650275767414,6.445191443812959e-06,-3.100674970598761e-05,1.4055492643190967e-07,4.5731929976962167e-07,0.0003438310335199408,0.999999940889994
2026-09-30T01:41:13.566 0.019583677623420264,6.445443612146039e-06,-3.090430448588305e-05,3.448958850374231e-08,3.6511776562717704e-07,0.000344231702954177,0.9999999407521983
2026-09-30T01:41:13.606 0.019602751015225052,6.445683740827642e-06,-3.0979165116453106e-05,-2.3617749337026743e-08,4.4102019679376075e-07,0.0003446751167730058,0.9999999405994326
2026-09-30T01:41:13.662 0.019621347641148642,6.4459178742889854e-06,-3.1008568389247044e-05,1.0402451835288584e-07,4.532445851816047e-07,0.00034444887843332637,0.9999999406773752
2026-09-30T01:41:13.702 0.019641374753198347,6.446170015282644e-06,-3.1055134594824056e-05,-8.276648682777945e-09,3.790292260475364e-07,0.0003455074743153553,0.999999940312219
2026-09-30T01:41:13.769 0.019660448309925336,6.4464101631018425e-06,-3.1025687227417004e-05,8.593577028686983e-08,4.0074123608993845e-07,0.0003451132755999954,0.9999999404483277
2026-09-30T01:41:13.806 0.01968095204799524,6.327458993370776e-06,-3.1207117626680593e-05,5.6540231678367505e-08,4.6273213353399336e-07,0.00034446829958219543,0.9999999406706849
2026-09-30T01:41:13.860 0.01970097929690417,6.685339019392082e-06,-3.116427703534415e-05,-7.592105027098856e-08,4.299022643603152e-07,0.00034536625739635456,0.9999999403609771
2026-09-30T01:41:13.899 0.019718622326387967,6.208723996045754e-06,-3.114746894229635e-05,7.979558906010241e-08,4.3473449792947137e-07,0.00034560245749006447,0.9999999402793712
2026-09-30T01:41:13.952 0.01973721894930978,6.44737670858976e-06,-3.117687225408728e-05,6.074489752573226e-08,4.229182313741077e-07,0.0003456513670012718,0.9999999402624732
2026-09-30T01:41:13.991 0.019755815548671275,6.686029418399825e-06,-3.1221176708446376e-05,1.7483940285947803e-07,3.822317859812001e-07,0.00034535453398933986,0.9999999403650328
2026-09-30T01:41:14.045 0.019776796285223747,6.805502850311102e-06,-3.129905307880149e-05,1.0560196743641266e-07,4.170395817556237e-07,0.0003461381221504795,0.9999999400941059
2026-09-30T01:41:14.082 0.019795869797831885,6.567324413579753e-06,-3.1299407957533755e-05,6.781019223147958e-08,4.1942584981946363e-07,0.00034604630054758994,0.9999999401258869
2026-09-30T01:41:14.136 0.0198144664458149,6.68676783931637e-06,-3.131391010725803e-05,1.1705719672617258e-07,3.9404766541825064e-07,0.00034648456560547195,0.9999999399741366
2026-09-30T01:41:14.177 0.01983353990980152,6.567798686658467e-06,-3.1344067290625115e-05,1.9166633131210467e-07,4.386351976081963e-07,0.00034662822111569853,0.9999999399243218
2026-09-30T01:41:14.229 0.019852613392845792,6.806457405358501e-06,-3.1359323389919535e-05,1.0112823905471315e-07,3.989370208711304e-07,0.00034665838624040816,0.9999999399138951
2026-09-30T01:41:14.266 0.019872163529973237,6.568284947443759e-06,-3.1494542481836863e-05,4.8371663496491273e-08,4.220451318562745e-07,0.00034678648496119324,0.9999999398694749
2026-09-30T01:41:14.324 0.01989123696739777,6.687734371134578e-06,-3.15396008467691e-05,-9.940530269211957e-08,4.950366131093299e-07,0.0003471913778140274,0.9999999397289443
2026-09-30T01:41:14.359 0.01990935682593927,6.807171798916993e-06,-3.1523546781285426e-05,5.925046796161799e-08,4.063291551129687e-07,0.00034699503460404864,0.9999999397971369
2026-09-30T01:41:14.414 0.019928907104428607,6.5689993574059035e-06,-3.156935901779381e-05,9.396335327243736e-08,4.643624404359539e-07,0.0003476273750415806,0.99999993957749
2026-09-30T01:41:14.461 0.019948457496216855,6.688454798188519e-06,-3.1540665599956884e-05,9.92644938198984e-08,4.587745348435968e-07,0.00034755752166139054,0.9999999396017726
2026-09-30T01:41:14.505 0.01996753090707929,7.046322798228057e-06,-3.1600625146454286e-05,9.515937982627352e-08,4.419524858071068e-07,0.0003473667782660857,0.9999999396680567
2026-09-30T01:41:14.544 0.019987558022130772,6.808156360139053e-06,-3.16471913130343e-05,2.4427436815173898e-08,4.6581720208434356e-07,0.00034772952634896134,0.9999999395419776
2026-09-30T01:41:14.601 0.02000615462749582,6.569971911783792e-06,-3.1691495689399404e-05,4.9464923971036213e-08,4.6674871892142444e-07,0.0003481816638808765,0.9999999393846525
2026-09-30T01:41:14.636 0.020025705086963237,6.927845939850896e-06,-3.161809888285501e-05,9.69858934439902e-08,4.370630999431089e-07,0.0003479083411154743,0.999999939479791
2026-09-30T01:41:14.692 0.02004334790290331,6.570440181440421e-06,-3.1735401092419125e-05,1.7761339423548378e-07,4.725702990181676e-07,0.00034829914203922396,0.9999999393437246
2026-09-30T01:41:14.733 0.020062898291689783,6.928314201305699e-06,-3.1706707713579205e-05,3.201130263056697e-07,4.130829889540716e-07,0.0003482908803866311,0.9999999393465929
2026-09-30T01:41:14.788 0.020083402243303405,6.690153766638781e-06,-3.175402781023086e-05,1.0031530430507322e-07,4.4585248156268175e-07,0.00034799914233520264,0.9999999394481922
2026-09-30T01:41:14.824 0.020101521914863276,6.690381883008328e-06,-3.1857182865793956e-05,5.023092175669876e-09,4.426505273386857e-07,0.00034879974820685845,0.999999939169268
2026-09-30T01:41:14.880 0.020121072330211837,6.809837326524885e-06,-3.181358830538888e-05,1.4295068879848316e-07,3.872377077794057e-07,0.0003486052836278066,0.9999999392370911
2026-09-30T01:41:14.918 0.02013919209751386,6.69085616428887e-06,-3.1857138771180836e-05,7.507346451297189e-08,4.494030750122079e-07,0.00034905603921849346,0.9999999390798351
2026-09-30T01:41:14.976 0.02015874239355996,6.929520883677047e-06,-3.188804994311505e-05,2.0343793952185482e-07,4.2757602557785895e-07,0.0003491441221438173,0.999999939049077
2026-09-30T01:41:15.014 0.020178292598366572,6.929767013046793e-06,-3.197856564632491e-05,1.2302278979933695e-07,4.6843729791437516e-07,0.00034933848334379655,0.9999999389811929
2026-09-30T01:41:15.073 0.020196889367152936,6.810791873370458e-06,-3.1918562044211405e-05,1.1755324007510259e-07,4.528376278757187e-07,0.00034948359914962373,0.9999999389304957
2026-09-30T01:41:15.117 0.02021691649976118,7.0494625961807215e-06,-3.195022714621726e-05,1.7171723101200142e-07,4.1919399286648073e-07,0.00034995428233600297,0.9999999387658957
2026-09-30T01:41:15.190 0.020236466869489995,7.0497087446880635e-06,-3.193643485145e-05,1.6878201797287596e-07,4.220461581675122e-07,0.0003500708746157312,0.9999999387250862
2026-09-30T01:41:15.226 0.02025506342623353,6.930733580406249e-06,-3.201054153244992e-05,3.655805399433233e-07,3.92827143696635e-07,0.00034983951819057737,0.9999999388060099
2026-09-30T01:41:15.285 0.020274613747340832,7.0501890129870376e-06,-3.2026551542317475e-05,7.245439061101711e-08,3.836285157751703e-07,0.0003501409161212918,0.9999999387005913
2026-09-30T01:41:15.322 0.02029321032764468,6.931213851439166e-06,-3.2085757080749236e-05,6.211028917054285e-08,4.262364326659612e-07,0.0003500275356738464,0.9999999387402675
2026-09-30T01:41:15.381 0.020313237320391923,7.050675268304445e-06,-3.220682901866555e-05,5.654197977478024e-08,4.891588820142152e-07,0.00035036508618424377,0.9999999386220301
2026-09-30T01:41:15.419 0.0203318340876774,7.050909418169441e-06,-3.214682543605053e-05,2.0610346922838868e-07,4.2350161507819616e-07,0.00035045227992048123,0.999999938591487
2026-09-30T01:41:15.479 0.020349953738678733,6.812718952722384e-06,-3.226488159518479e-05,1.239692141110395e-07,4.83513180204819e-07,0.00035053936518626987,0.9999999385609503
2026-09-30T01:41:15.517 0.020368073595719346,7.05136567004613e-06,-3.224882754919961e-05,2.748428883020064e-07,6.208279932188124e-07,0.00037559782650421677,0.9999999294629034
2026-09-30T01:41:15.570 0.02038810077544822,7.290036398324279e-06,-3.2250690366069146e-05,2.5915767004772005e-07,6.240891217009153e-07,0.00039521155666230135,0.9999999219036814
2026-09-30T01:41:15.609 0.020406697473553635,7.171061250446117e-06,-3.223539019166011e-05,1.9356057686303996e-07,2.586027096131597e-07,0.00039223853454643223,0.9999999230744109
2026-09-30T01:41:15.663 0.020426247700419682,7.290516672091138e-06,-3.231100477180031e-05,2.2923941568692946e-07,3.5307372160853094e-07,0.0003896875547656093,0.9999999240717133
2026-09-30T01:41:15.701 0.020446274763847867,7.4099780971582425e-06,-3.238737328201214e-05,3.250120262721525e-07,4.0418095211172346e-07,0.00039362907029571765,0.99999992252794
2026-09-30T01:41:15.761 0.020462964233506287,7.290978949261449e-06,-3.2294551674475754e-05,1.1465234986480477e-07,2.885209896083434e-07,0.0003928629907644353,0.9999999228292841
2026-09-30T01:41:15.803 0.020483468067318336,7.0528185009248205e-06,-3.2416377483968206e-05,1.9171220524790795e-07,3.471364222814876e-07,0.0003911051162676163,0.9999999235183125
2026-09-30T01:41:15.851 0.020504448849490552,7.2915012278453125e-06,-3.24644515886855e-05,2.3555253838609163e-07,3.292670801765868e-07,0.00039265777128811365,0.9999999229098524
2026-09-30T01:41:15.900 0.020522568640352883,7.172520068343239e-06,-3.24931009119093e-05,2.8078259829067365e-07,3.8188712502065033e-07,0.00039333882377474587,0.9999999226421695
2026-09-30T01:41:15.946 0.020542119195562446,7.411184817804781e-06,-3.2360099515593765e-05,2.5278885981483984e-07,3.783021389412202e-07,0.00041593384463001036,0.9999999134994112
2026-09-30T01:41:15.985 0.02056071572874566,7.292209650789025e-06,-3.244910733916185e-05,2.5249142271063854e-07,4.798173682114544e-07,0.0004294216115147496,0.9999999077983885
2026-09-30T01:41:16.044 0.020580742908474534,7.530880379067172e-06,-3.2450970156031386e-05,2.881485993562102e-07,4.6840880168214056e-07,0.00042828397241822077,0.9999999082862641
2026-09-30T01:41:16.083 0.020599339419598326,7.292695919776142e-06,-3.2554879102669126e-05,2.617617205455693e-07,4.844739616487155e-07,0.00042848568286381496,0.999999908199854
2026-09-30T01:41:16.146 0.020618412973323542,7.531354646678003e-06,-3.252543177425907e-05,3.6137399850647357e-07,4.787702838749817e-07,0.00042902303596204595,0.9999999079694332
2026-09-30T01:41:16.185 0.02063796322074812,7.889228650139628e-06,-3.25861452508281e-05,3.426189234082838e-07,4.836014352955584e-07,0.00042945052815050624,0.999999907785942
2026-09-30T01:41:16.248 0.020656083014612234,7.531828911554892e-06,-3.2614794535054906e-05,3.3735527992348924e-07,5.340092078848728e-07,0.0004292865610099362,0.9999999078563205
2026-09-30T01:41:16.284 0.02067515654627802,7.651278346181478e-06,-3.26002483297145e-05,1.6826703405281052e-07,4.77139292728227e-07,0.00042949711540454864,0.9999999077659817
2026-09-30T01:41:16.346 0.020695660356529755,7.4131178951109076e-06,-3.273697528177511e-05,3.186393365301871e-07,5.509475775371577e-07,0.0004300614364099448,0.9999999075233736
2026-09-30T01:41:16.387 0.020715210820499833,7.413364054554017e-06,-3.266357841673522e-05,2.701139963650085e-07,4.611328416458252e-07,0.00042961874700615414,0.999999907713719
2026-09-30T01:41:16.445 0.02073380742136222,7.53280747482275e-06,-3.270788285159582e-05,4.338050173025384e-07,4.659068520340105e-07,0.0004290453883081759,0.9999999079598205
2026-09-30T01:41:16.484 0.02075145039321917,7.890657472797858e-06,-3.272087718017382e-05,3.9954554642735845e-07,4.7603488351904785e-07,0.00043047790663935866,0.9999999073441885
2026-09-30T01:41:16.539 0.020771477440591483,7.414072447424365e-06,-3.2812146735461316e-05,3.082114774488312e-07,5.089216695319506e-07,0.00043099474676248694,0.9999999071215828
2026-09-30T01:41:16.574 0.02079102780581764,7.771946464555701e-06,-3.279835449918955e-05,3.293297559462007e-07,4.7137779192484876e-07,0.0004300131154748965,0.9999999075441907
2026-09-30T01:41:16.645 0.020809624524481596,7.891389898494143e-06,-3.2768153221209356e-05,3.8164509696969e-07,4.3528944590590335e-07,0.0004307950941632743,0.9999999072076216
2026-09-30T01:41:16.679 0.020828697897228736,7.534002155817811e-06,-3.2857914935852084e-05,3.456762749855783e-07,4.792360520903141e-07,0.0004315482719987531,0.9999999068828656
2026-09-30T01:41:16.737 0.020848248144653313,7.891876159279436e-06,-3.291862841242111e-05,2.4756738828435514e-07,5.188165521508395e-07,0.00043056667712735187,0.9999999073059987
2026-09-30T01:41:16.779 0.020867321680821768,7.65369772528203e-06,-3.290408214858521e-05,3.9455148048180295e-07,4.900630034004129e-07,0.00043182145988568393,0.9999999067649111
2026-09-30T01:41:16.831 0.02088639506962478,7.892356433046294e-06,-3.297894281815227e-05,2.540926991408439e-07,5.208540051256602e-07,0.0004323409581533343,0.9999999065404757
2026-09-30T01:41:16.869 0.0209049917677302,7.773381285168133e-06,-3.296364264374323e-05,4.094747695989652e-07,4.4233280688093563e-07,0.000431541120019753,0.9999999068859449
2026-09-30T01:41:16.922 0.020925495672223196,7.535220845033331e-06,-3.3040765025531214e-05,3.45304501722974e-07,5.298185506801525e-07,0.00043227045475626537,0.9999999065709226
2026-09-30T01:41:16.960 0.020945045993330493,7.654676277614118e-06,-3.305677503539877e-05,2.465263217940464e-07,5.316223842768475e-07,0.00043249207159622085,0.9999999064751279
2026-09-30T01:41:17.013 0.020965073218679107,8.012556300901483e-06,-3.302883558663048e-05,2.5695992831506793e-07,4.5391521522023416e-07,0.00043211965046424205,0.9999999066361634
2026-09-30T01:41:17.051 0.02098223933941893,7.655144555472575e-06,-3.305597701071401e-05,2.716674395810628e-07,5.131707660647222e-07,0.0004330695296300565,0.9999999062252183
2026-09-30T01:41:17.106 0.021001789564784087,7.893809266658926e-06,-3.313159161035271e-05,3.6234542286064045e-07,4.509473277023718e-07,0.0004325976849115434,0.9999999064294498
2026-09-30T01:41:17.143 0.02102229356051656,7.894067416542554e-06,-3.3149109460865045e-05,3.428823245082922e-07,4.472801097122512e-07,0.0004324219717154673,0.999999906505456
2026-09-30T01:41:17.201 0.021040890162879838,7.894301547269955e-06,-3.3193413876227146e-05,4.057706193182837e-07,4.93846743647213e-07,0.00043393764953768353,0.9999999058488495
2026-09-30T01:41:17.241 0.021059009812380285,7.77532037136423e-06,-3.331147005485989e-05,3.349508115382308e-07,8.271174239030353e-07,0.0003901285108580717,0.9999999238994715
2026-09-30T01:41:17.294 0.021078560370591623,7.775566541743109e-06,-3.317846861954737e-05,3.0831940037418336e-07,6.439039866694718e-07,0.00041615923922241026,0.9999999134054852
2026-09-30T01:41:17.343 0.021098110456095772,7.895021946984475e-06,-3.334349005509652e-05,3.673890654651044e-07,6.206711596111403e-07,0.00045020847241635697,0.9999998986559004
2026-09-30T01:41:17.386 0.021117184085004598,7.77605281346417e-06,-3.326933924048648e-05,3.465504217470342e-07,3.9821120198623834e-07,0.00043380702020977784,0.9999999059055908
2026-09-30T01:41:17.438 0.021136734241189697,7.895508226907361e-06,-3.338965724833116e-05,2.9175330655668655e-07,4.979201363548248e-07,0.00042872885116977997,0.9999999080956153
2026-09-30T01:41:17.486 0.0211548541247924,7.895736367882389e-06,-3.3358702020780824e-05,3.1599798746145913e-07,4.834273086654666e-07,0.00043759316287309377,0.9999999042559405
2026-09-30T01:41:17.529 0.02117488123384033,8.134407087958709e-06,-3.340526826535484e-05,2.2587266371624158e-07,5.304001405987202e-07,0.00043552144819711085,0.9999999051603634
2026-09-30T01:41:17.577 0.0211934778612648,8.015431931878722e-06,-3.343467151865028e-05,2.5501897189783654e-07,5.060110373745791e-07,0.00043203589132320865,0.9999999066723294
2026-09-30T01:41:17.614 0.021213028180871216,8.254096654000842e-06,-3.3450681548016333e-05,3.587455652882794e-07,5.123565995931783e-07,0.00043542332144098147,0.9999999052030655
2026-09-30T01:41:17.667 0.021231624833356895,8.015912211113465e-06,-3.346518363924512e-05,2.7992647357248046e-07,4.785374973146783e-07,0.0004358474850564062,0.9999999050183267
2026-09-30T01:41:17.704 0.02125117510734357,8.13536763822637e-06,-3.3510995934248994e-05,3.890352093104365e-07,5.241729203025851e-07,0.00043515979124449143,0.9999999053177605
2026-09-30T01:41:17.760 0.02127120231213364,8.254829079697125e-06,-3.349795758905188e-05,1.918657281154345e-07,4.582806292341624e-07,0.0004351887601242466,0.9999999053052436
2026-09-30T01:41:17.797 0.021288368406311375,8.135835910616939e-06,-3.354000019470056e-05,4.3132720981889136e-07,4.5094803250954665e-07,0.0004359162245779265,0.9999999049883234
2026-09-30T01:41:17.851 0.021308872212060445,8.255303328170363e-06,-3.3676727205256666e-05,3.782351963399182e-07,4.905871041984413e-07,0.00043591946838687735,0.9999999049869122
2026-09-30T01:41:17.891 0.02132794579384864,8.136334189182171e-06,-3.3632378675782956e-05,2.2619043058857984e-07,4.6485836689155e-07,0.00043590398848793416,0.9999999049937183
2026-09-30T01:41:17.946 0.021347019234274945,8.017365033790328e-06,-3.3677437001718194e-05,3.213009082304359e-07,4.44952011290824e-07,0.0004366329065059487,0.9999999046756973
2026-09-30T01:41:17.984 0.021365615832135552,8.375227033141722e-06,-3.372174147557579e-05,2.6036381528305925e-07,4.851730931184129e-07,0.0004364319637505773,0.9999999047634144
2026-09-30T01:41:18.046 0.02138468929762306,8.137048590942488e-06,-3.375189863944437e-05,3.558540033841603e-07,5.18875923307448e-07,0.0004364792107932728,0.9999999047427468
2026-09-30T01:41:18.085 0.02140614694291951,8.137318744936346e-06,-3.378582549266815e-05,3.066701640500865e-07,5.06244597269598e-07,0.00043699269989383335,0.9999999045185104
2026-09-30T01:41:18.142 0.02142474368514378,8.256762181608732e-06,-3.374072307211979e-05,4.108920541975789e-07,4.6974907519900453e-07,0.00043716729878354215,0.9999999044421771
2026-09-30T01:41:18.181 0.021445724420195367,8.495444903061343e-06,-3.38185994619734e-05,3.209076509214346e-07,4.761513378214136e-07,0.0004370279040299098,0.9999999045031361
2026-09-30T01:41:18.234 0.021462890373011214,8.376451717577501e-06,-3.395004892303104e-05,2.2785616708957264e-07,5.786544469961839e-07,0.0004374544071170303,0.9999999043166229
2026-09-30T01:41:18.269 0.021483394560227985,8.138291310250005e-06,-3.384835759400111e-05,1.83952789329279e-07,4.699805324127347e-07,0.00043784542297395596,0.9999999041455608
2026-09-30T01:41:18.326 0.02150246797259131,8.376950020748214e-06,-3.390831712100001e-05,3.098178817585248e-07,4.989687460790093e-07,0.0004380264658757613,0.9999999040662305
2026-09-30T01:41:18.366 0.02152106450577453,8.257974853732454e-06,-3.399732494456808e-05,1.9626284005712289e-07,5.297598339807605e-07,0.0004375306842635836,0.999999904283286
2026-09-30T01:41:18.416 0.021540138106620373,8.496633586102201e-06,-3.39380753310217e-05,3.5447340181717755e-07,4.416345159046967e-07,0.0004382433704029588,0.9999999039712092
2026-09-30T01:41:18.455 0.02156016531141045,8.616095027572959e-06,-3.3925036985824584e-05,4.08261753719167e-07,4.186428355034655e-07,0.0004382422803809974,0.9999999039716763
2026-09-30T01:41:18.505 0.02157923866059727,8.258707282162684e-06,-3.402969984303546e-05,4.463606479001775e-07,4.430902534124708e-07,0.0004378471948026935,0.9999999041447146
2026-09-30T01:41:18.550 0.02159831205090117,8.378156700385618e-06,-3.410456049310402e-05,3.92986562322744e-07,5.017051298624203e-07,0.0004392654669176858,0.9999999035227171
2026-09-30T01:41:18.606 0.02161643195806419,8.378384844094587e-06,-3.405870412298552e-05,6.049319851791001e-08,4.486176392846639e-07,0.0004389415709545588,0.9999999036650415
2026-09-30T01:41:18.649 0.02163741274173729,8.497858281473748e-06,-3.410677820820432e-05,3.0860377906677377e-07,4.6864264650515855e-07,0.0004391318307808177,0.9999999035814555
2026-09-30T01:41:18.704 0.021655055672477164,8.378871115815648e-06,-3.414957474392464e-05,2.3122860975789167e-07,4.988519910633208e-07,0.00043992840559183894,0.9999999032313431
2026-09-30T01:41:18.754 0.02167460597152504,8.379117256121163e-06,-3.418048587686186e-05,2.4224767008518113e-07,5.169545735713156e-07,0.00043914678399407215,0.9999999035748834
2026-09-30T01:41:18.796 0.02169320240896611,8.379351367710969e-06,-3.432909829020107e-05,3.117480369316415e-07,5.734165105463366e-07,0.0004401940015983498,0.9999999031144028
2026-09-30T01:41:18.832 0.021713229662377702,8.37960352510828e-06,-3.428625764036914e-05,3.080528934002737e-07,5.011225955636753e-07,0.0004402109429111991,0.9999999031069852
2026-09-30T01:41:18.885 0.021733256821548034,8.379855671569823e-06,-3.430302156080983e-05,3.542854243029953e-07,4.6421918174924554e-07,0.00043948406738383643,0.9999999034267021
2026-09-30T01:41:18.920 0.021751853472532827,8.260880518223777e-06,-3.4317523671537113e-05,3.833082765918791e-07,4.891323718375908e-07,0.0004411550120143048,0.9999999026909299
2026-09-30T01:41:18.978 0.02177092695407621,8.618748526465143e-06,-3.4332779790330034e-05,3.0576543968912143e-07,4.605518810067541e-07,0.00044054505679481557,0.999999902959869
2026-09-30T01:41:19.010 0.021790954091187115,8.499791380651414e-06,-3.436444483384039e-05,2.5694227141966777e-07,4.902956396826129e-07,0.00044005521977908796,0.9999999031755439
2026-09-30T01:41:19.063 0.021810504341613475,8.619246805030372e-06,-3.4425158271412425e-05,3.2616815261539075e-07,4.4629117602668396e-07,0.00044102036498514647,0.9999999027503613
2026-09-30T01:41:19.103 0.02183053145216229,8.738708235565363e-06,-3.4471724496487945e-05,4.083644708324373e-07,4.7347471188993184e-07,0.0004416259504963009,0.9999999024830597
2026-09-30T01:41:19.157 0.021849128220948654,8.619733095889027e-06,-3.4411720894374434e-05,2.6708677018124967e-07,4.041484751873972e-07,0.000441080889419633,0.9999999027237024
2026-09-30T01:41:19.202 0.02186820156563281,8.619973219102746e-06,-3.4516383810080803e-05,2.4279939955592315e-07,4.573501260474778e-07,0.00044129854709114204,0.9999999026276574
2026-09-30T01:41:19.249 0.02188727509879949,8.620213364188002e-06,-3.4501837585241914e-05,3.6999345033164894e-07,4.756281822407542e-07,0.00044197912708796976,0.9999999023270393
2026-09-30T01:41:19.287 0.021906825278544904,8.739668780365138e-06,-3.460725445051842e-05,3.8296017758898255e-07,5.166064144783068e-07,0.0004416060057250733,0.9999999024918563
2026-09-30T01:41:19.348 0.021926375717453775,8.859124226615639e-06,-3.454875874754518e-05,3.4575248137436546e-07,4.364542577990237e-07,0.0004416397370903918,0.9999999024770115
2026-09-30T01:41:19.387 0.021944972346379144,8.620939780994319e-06,-3.457816198134213e-05,2.9353035406503384e-07,4.554296861143164e-07,0.0004424422875131621,0.9999999021222595
2026-09-30T01:41:19.450 0.021964522430382407,8.859604475777017e-06,-3.474318343638977e-05,2.7630321691596324e-07,5.0519711413251e-07,0.0004424598216669661,0.9999999021144825
2026-09-30T01:41:19.487 0.02198359594449143,8.502216749504339e-06,-3.474353829562354e-05,2.2299920600567385e-07,5.226590734468697e-07,0.0004424829140491058,0.9999999021042691
2026-09-30T01:41:19.540 0.02200219273083456,8.860078770727271e-06,-3.466863362893586e-05,3.173858883058009e-07,4.873276608703538e-07,0.0004428809801818294,0.9999999019280448
2026-09-30T01:41:19.579 0.022021742937142066,8.741115610555685e-06,-3.475914931264722e-05,2.6654267772366315e-07,5.131133186537638e-07,0.0004427796809159785,0.9999999019729051
2026-09-30T01:41:19.636 0.02204177004769088,8.860577041090676e-06,-3.480571553772274e-05,3.5347675134101227e-07,4.33602232482921e-07,0.0004428679133864011,0.9999999019338444
2026-09-30T01:41:19.677 0.022060366766354842,8.980020475029116e-06,-3.4775514259742536e-05,5.477480884501007e-07,4.631148364111103e-07,0.00044416835188825106,0.9999999013569755
2026-09-30T01:41:19.729 0.022079917066903605,8.861057325793301e-06,-3.4806425373181264e-05,2.4685921294750067e-07,4.2789726174806125e-07,0.00044347888688673395,0.9999999016631116
2026-09-30T01:41:19.764 0.02209899046171017,8.62287887539224e-06,-3.488128596475432e-05,3.2973718631184465e-07,4.5566285321926905e-07,0.0004437689868716699,0.9999999015343801
2026-09-30T01:41:19.819 0.022119017570758095,8.861549595468564e-06,-3.492785220932833e-05,4.245412476003874e-07,4.980275751121298e-07,0.00044471746433292364,0.9999999011129694
2026-09-30T01:41:19.856 0.022138091221726344,8.86178975422353e-06,-3.4838800271648646e-05,2.998760105736609e-07,4.467568894734644e-07,0.00044369200166080196,0.9999999015685542
2026-09-30T01:41:19.908 0.022158118190913272,8.981251168354865e-06,-3.4974773352133106e-05,3.70099861203452e-07,4.972816297150599e-07,0.0004444747229660336,0.9999999012209133
2026-09-30T01:41:19.947 0.022175761237953832,8.981473305907807e-06,-3.494306419451113e-05,3.533687534772634e-07,4.837081029905042e-07,0.00044539511622660794,0.9999999008114109
2026-09-30T01:41:20.004 0.022195311538502595,8.862510156671992e-06,-3.497397530794986e-05,3.6529191707648795e-07,4.64801717910841e-07,0.0004442739100718072,0.9999999013101668
2026-09-30T01:41:20.039 0.02221629227505507,8.981983588583268e-06,-3.505185167830497e-05,3.1370184499657055e-07,4.821361899798814e-07,0.0004446976448468822,0.999999901121832
2026-09-30T01:41:20.097 0.02223441206141474,9.22063029770519e-06,-3.5080501060024265e-05,2.7418502085706386e-07,5.504718144302234e-07,0.0004459764404291826,0.9999999005523132
2026-09-30T01:41:20.148 0.02225396234140496,8.863248566652768e-06,-3.512631327703415e-05,3.5040476937385504e-07,4.532765361359777e-07,0.0004445825972806011,0.9999999011729881
2026-09-30T01:41:20.198 0.022271605316263692,8.982679985545213e-06,-3.513930756661515e-05,3.687979517970288e-07,4.956990043758348e-07,0.00044577182388480134,0.9999999006435447
2026-09-30T01:41:20.239 0.022292109382677113,8.982938143630668e-06,-3.511212198942301e-05,3.066938570575851e-07,4.7649005007456174e-07,0.0004452555125621729,0.9999999008735988
2026-09-30T01:41:20.304 0.022311659703784414,9.102393576211457e-06,-3.512813199929057e-05,3.6518529524504677e-07,4.842320638040053e-07,0.00044561652853444887,0.9999999007127659
2026-09-30T01:41:20.342 0.02233120990859103,9.102639705581205e-06,-3.521864770250042e-05,3.3141148720276155e-07,4.919734901108863e-07,0.000445896243146961,0.9999999005880893
2026-09-30T01:41:20.390 0.0223517138542011,9.34131642907961e-06,-3.5265967877146074e-05,3.882980531903851e-07,4.4686300638864504e-07,0.00044686198016050344,0.9999999001570051
2026-09-30T01:41:20.430 0.022369356692200606,9.103119962944408e-06,-3.536836896364053e-05,4.086643781643158e-07,5.119392646054774e-07,0.00044672581619393625,0.999999900217803
2026-09-30T01:41:20.482 0.022389384013291366,9.34179070762621e-06,-3.5280824925101116e-05,1.352257361806183e-07,5.002960290719658e-07,0.00044689617328674553,0.9999999001417659
2026-09-30T01:41:20.521 0.02240798056853401,9.342024832885727e-06,-3.5354931625599535e-05,4.893384107008442e-07,4.1845826480868306e-07,0.0004462546778816913,0.999999900428169
2026-09-30T01:41:20.578 0.0224280076820846,9.223067684338053e-06,-3.540149781167805e-05,3.1202025427869055e-07,4.6461591386417423e-07,0.00044757048587117733,0.9999998998401685
2026-09-30T01:41:20.620 0.022448034791132526,9.461738404414375e-06,-3.544806405625207e-05,2.8334297183148637e-07,5.124624344025536e-07,0.000447829416404529,0.9999998997242304
2026-09-30T01:41:20.673 0.02246520088681115,9.223535945792857e-06,-3.549010664240225e-05,2.3809757061045405e-07,5.566416936140569e-07,0.0004471572701447907,0.9999999000249996
2026-09-30T01:41:20.714 0.02248570490610394,9.223794098410427e-06,-3.549272335034643e-05,2.395951346293222e-07,5.252678907808602e-07,0.00044845262258881097,0.9999998994449509
2026-09-30T01:41:20.774 0.022505255205151814,9.224040238715942e-06,-3.552363448328365e-05,3.121779282585491e-07,5.082135021837641e-07,0.000448371248686568,0.9999998994814288
2026-09-30T01:41:20.808 0.022524805620500375,9.3434956822325e-06,-3.5480039922878574e-05,3.7006764596736934e-07,4.886560669247138e-07,0.00044796357499877527,0.9999998996641248
2026-09-30T01:41:20.874 0.022544832591188193,9.343747806822506e-06,-3.561601298386454e-05,3.5140881810662334e-07,5.000646677939766e-07,0.00044822034382173734,0.9999998995490699
2026-09-30T01:41:20.911 0.022563429309852147,9.46319124076095e-06,-3.558581170588435e-05,3.872839025619924e-07,4.817877682328457e-07,0.00044912224335639096,0.9999998991444091
2026-09-30T01:41:20.967 0.02258154915083689,9.105791507644098e-06,-3.558465870497483e-05,3.9380288374117677e-07,4.462810999179471e-07,0.0004485228152826912,0.9999998994134599
2026-09-30T01:41:21.001 0.022601576187702983,9.463671509059923e-06,-3.567592839675182e-05,4.0233397636586143e-07,4.6217185530088693e-07,0.00044871605830869293,0.9999998993267567
2026-09-30T01:41:21.058 0.022621603392493063,9.58313295053068e-06,-3.566289005155471e-05,3.636838970814597e-07,4.6275373611741733e-07,0.0004493046846314539,0.9999998990624719
2026-09-30T01:41:21.096 0.022641153645921192,9.46416979582698e-06,-3.572360345012975e-05,3.9991063828988006e-07,4.7270750913323767e-07,0.00044977637112199206,0.9999998988504112
2026-09-30T01:41:21.156 0.022660703921408752,9.464415933398552e-06,-3.576941572563512e-05,3.901129923073144e-07,5.135691857146051e-07,0.0004494702648490623,0.9999998989880274
2026-09-30T01:41:21.202 0.022678823640089253,9.464644055235985e-06,-3.5842768496061906e-05,3.616304919067588e-07,5.077482100634148e-07,0.0004490766867923888,0.9999998991648653
2026-09-30T01:41:21.251 0.02269885089199996,9.584105502174629e-06,-3.579992786572846e-05,2.6353400333317363e-07,4.525668372917183e-07,0.0004501434201905473,0.9999998986853084
2026-09-30T01:41:21.286 0.02271840114542809,9.465142347470926e-06,-3.58606412643035e-05,3.8181004246857534e-07,4.964561908328034e-07,0.0004507424581625235,0.9999998984154169
2026-09-30T01:41:21.344 0.022738428208856278,9.584603772538034e-06,-3.5937009774515336e-05,3.3296861635358147e-07,5.228821339709785e-07,0.00045052287931054475,0.9999998985143703
2026-09-30T01:41:21.381 0.022757024858340184,9.584837908733319e-06,-3.595151190474111e-05,3.153645872484178e-07,4.738711990917516e-07,0.00045062370919952727,0.9999998984689692
2026-09-30T01:41:21.438 0.02277562162412477,9.704281348139648e-06,-3.58915083416246e-05,3.910561759643962e-07,4.791104134217998e-07,0.00045124123273816355,0.9999998981904785
2026-09-30T01:41:21.481 0.022794694943747727,9.823730758160755e-06,-3.6011072419397625e-05,2.52567049565236e-07,5.235801359964576e-07,0.0004507226535912079,0.9999998984243706
2026-09-30T01:41:21.534 0.02281329161829283,9.704755607548651e-06,-3.601067338755676e-05,4.552432173307946e-07,4.6688722891415043e-07,0.0004514381564731782,0.9999998981015776
2026-09-30T01:41:21.586 0.022833318731843424,9.58579845900098e-06,-3.6057239573635273e-05,3.921236238092037e-07,4.5914523742388463e-07,0.0004517018293577588,0.9999998979825412
2026-09-30T01:41:21.628 0.02285382267895438,9.705265892958055e-06,-3.610455972878243e-05,3.5939734170032524e-07,5.09727433957032e-07,0.00045125796338818443,0.9999998981829256
2026-09-30T01:41:21.667 0.022871465677373425,9.824697314584443e-06,-3.610265287579527e-05,3.4893677325165417e-07,4.7084471336703324e-07,0.00045185652094472284,0.9999998979126653
2026-09-30T01:41:21.722 0.02289101595886454,9.34810629399069e-06,-3.6148465073306655e-05,3.303053083724074e-07,5.08737818190932e-07,0.0004524499632651663,0.9999998976443262
2026-09-30T01:41:21.763 0.022910566254910638,9.586771013378867e-06,-3.617937624524087e-05,4.5684714447891193e-07,4.777138819842379e-07,0.0004517029423248948,0.9999998979820023
2026-09-30T01:41:21.818 0.02293011657601794,9.706226445959655e-06,-3.619538625510843e-05,2.9237833761655965e-07,5.119389782413152e-07,0.0004521874766480752,0.999999897763064
2026-09-30T01:41:21.853 0.02295062056874864,9.944903174925946e-06,-3.621290414461777e-05,5.341023850857582e-07,4.781218651524102e-07,0.00045223542323011366,0.9999998977412988
2026-09-30T01:41:21.904 0.02296921726985584,9.587509447965123e-06,-3.619760393121173e-05,2.5933092115759295e-07,4.373748313995254e-07,0.00045277272257168895,0.9999998974982963
2026-09-30T01:41:21.942 0.02298876742303916,9.945383440490978e-06,-3.6317921978053404e-05,3.6838040249706487e-07,5.255601264979462e-07,0.00045319993877169406,0.9999998973046965
2026-09-30T01:41:21.999 0.023009271396712213,9.826432298099335e-06,-3.6350340951635397e-05,3.979103903598249e-07,5.362705382567539e-07,0.0004534474726851388,0.9999998971924665
2026-09-30T01:41:22.039 0.023026914373071826,9.82665442745045e-06,-3.63633352217179e-05,1.6854581757294609e-07,4.7410328321540523e-07,0.0004528073114301393,0.9999998974826375
2026-09-30T01:41:22.091 0.023045987835557558,9.82689456433388e-06,-3.6393492424583486e-05,3.216128430774943e-07,4.778877774990175e-07,0.0004532257036329753,0.9999998972930596
2026-09-30T01:41:22.127 0.02306601494910815,9.707937415786206e-06,-3.6440058610662e-05,3.8422323962011296e-07,5.125217878210238e-07,0.0004540922500336156,0.9999998968999038
2026-09-30T01:41:22.181 0.02308461162065148,9.827380844256765e-06,-3.643965961781812e-05,3.883222582998743e-07,5.104845125078339e-07,0.00045368106757185414,0.9999998970865335
2026-09-30T01:41:22.220 0.023105115569263326,9.82763898867251e-06,-3.648697975346678e-05,1.685905178336384e-07,4.900523019950288e-07,0.0004543402108298671,0.9999998967873468
2026-09-30T01:41:22.285 0.023123235402743626,1.0066285703262314e-05,-3.648582685004976e-05,4.0432782502958773e-07,4.82312205093623e-07,0.0004547746609358984,0.9999998965898005
2026-09-30T01:41:22.325 0.023142785657672648,9.828113259017284e-06,-3.65465402291263e-05,3.176810510115063e-07,4.956411098549485e-07,0.0004535585381535432,0.9999998971421477
2026-09-30T01:41:22.375 0.023162335958221408,9.709150109781467e-06,-3.6577451342565026e-05,3.589727345459512e-07,5.615325236401433e-07,0.00045485711883468013,0.9999998965522733
2026-09-30T01:41:22.413 0.023180932557582908,9.947802819591528e-06,-3.662175579692412e-05,3.289903964575443e-07,5.184587342452018e-07,0.00045549998828464216,0.9999998962596864
2026-09-30T01:41:22.465 0.02320048280800927,1.0067258243970491e-05,-3.668246923449615e-05,3.439251985334816e-07,5.180513542667067e-07,0.0004552480536664462,0.9999998963744061
2026-09-30T01:41:22.505 0.023218602669552543,9.948277092670244e-06,-3.666641513001548e-05,2.479796387626041e-07,4.902857037084854e-07,0.0004552155333455316,0.9999998963892528
2026-09-30T01:41:22.558 0.02323862982722199,1.0067738528673118e-05,-3.668317906995467e-05,3.935060513100526e-07,5.032669963483542e-07,0.00045611146716280127,0.9999998959809553
2026-09-30T01:41:22.592 0.023258657032012065,1.0187199970143877e-05,-3.667014072475755e-05,4.5066959172638194e-07,5.076911010638401e-07,0.00045567579551473303,0.9999998961795489
2026-09-30T01:41:22.645 0.023277253593258256,9.710596937238069e-06,-3.6744247347261975e-05,2.623986971855816e-07,4.894127260989457e-07,0.0004557831631524758,0.9999998961306945
2026-09-30T01:41:22.681 0.02329728079504656,1.006847695779149e-05,-3.6731209041061856e-05,5.298216353717193e-07,4.5635250723936137e-07,0.0004562363312871426,0.9999998959239551
2026-09-30T01:41:22.734 0.023316830999853176,1.0068723087161237e-05,-3.682172474427171e-05,3.4029122054551555e-07,5.06235261699433e-07,0.00045624305858794916,0.9999998959209443
2026-09-30T01:41:22.767 0.023335427694956817,1.018816651836574e-05,-3.680642460885966e-05,4.434513957205959e-07,4.247452398287252e-07,0.00045653401570513937,0.9999998957881523
2026-09-30T01:41:22.824 0.02335450115744255,1.0188406655249169e-05,-3.6836581811725247e-05,3.6433523427001855e-07,4.80507666467302e-07,0.00045660881684987675,0.9999998957540069
2026-09-30T01:41:22.864 0.023374528081009736,1.018865877437129e-05,-3.700235715784753e-05,3.3321651598229445e-07,4.980862343633177e-07,0.0004573045395573105,0.999999895436094
2026-09-30T01:41:22.918 0.023393125033775955,1.0427311525190486e-05,-3.6823144473684246e-05,3.414616085041485e-07,4.5367386601886253e-07,0.0004574129155667965,0.9999998953865457
2026-09-30T01:41:22.970 0.023413152079647382,1.0069935789358324e-05,-3.691441404847025e-05,3.8448440314407077e-07,5.28354438852664e-07,0.0004561930814782327,0.9999998959437173
2026-09-30T01:41:23.011 0.02343127184394762,1.018937320620497e-05,-3.69579645532592e-05,4.3924770826129613e-07,5.064105798514304e-07,0.00045713047275842343,0.9999998955156353
2026-09-30T01:41:23.044 0.023450345304932462,1.030882263262973e-05,-3.698812177562328e-05,1.3158932860540732e-07,4.789346997445362e-07,0.0004578929458101147,0.9999998951668962
2026-09-30T01:41:23.099 0.023471326066546137,1.0309086777733617e-05,-3.705109698391174e-05,2.831631590970581e-07,4.789938857166421e-07,0.00045818863743572893,0.999999895031426
2026-09-30T01:41:23.138 0.023489922670410304,1.019011161891969e-05,-3.709540137977534e-05,4.0380274836314904e-07,5.296934795222916e-07,0.0004579511709288116,0.9999998951401352
2026-09-30T01:41:23.190 0.023510426642582464,1.0190369766069376e-05,-3.7127820372855835e-05,3.47614272221389e-07,5.22591785892359e-07,0.00045785266986375975,0.9999998951852639
2026-09-30T01:41:23.226 0.023529023361246425,1.0309813200007818e-05,-3.709761909487564e-05,2.9481649982906176e-07,4.57981001789272e-07,0.00045819741742527276,0.9999998950274095
2026-09-30T01:41:23.279 0.023547619963609694,1.031004733073522e-05,-3.714192351023774e-05,4.900442926550014e-07,4.552465314967009e-07,0.00045893149463096204,0.9999998946907124
2026-09-30T01:41:23.316 0.02356907754122698,1.007189889744459e-05,-3.7220553752168996e-05,3.298786602715796e-07,5.02626569204708e-07,0.00045926736324164864,0.9999998945365582
2026-09-30T01:41:23.376 0.0235871973717055,1.0548964191117057e-05,-3.721940088774897e-05,1.8811592910121225e-07,5.228237071344362e-07,0.00045901834625428317,0.999999894650919
2026-09-30T01:41:23.422 0.02360627086075332,1.0310785751651766e-05,-3.72346569090494e-05,4.0855132800405897e-07,4.68575544362065e-07,0.00045863825092773175,0.9999998948252786
2026-09-30T01:41:23.469 0.023626297851999677,1.0549456458058376e-05,-3.7355728866464204e-05,2.958469455073713e-07,5.181096793059184e-07,0.0004604006935046744,0.9999998940154171
2026-09-30T01:41:23.513 0.023645848342531844,1.0311284041152766e-05,-3.726743081985915e-05,1.6692647011857819e-07,4.4895817370136997e-07,0.00046017174842825746,0.9999998941208607
2026-09-30T01:41:23.565 0.02366682903196369,1.0430757467596159e-05,-3.7375109475350586e-05,2.2834534335580916e-07,5.296343216528585e-07,0.00045983979983407167,0.9999998942735073
2026-09-30T01:41:23.603 0.023683995195321477,1.043097359625913e-05,-3.737244867279329e-05,3.9075611181513767e-07,5.174700078512949e-07,0.00046058641735156897,0.9999998939298602
2026-09-30T01:41:23.665 0.023703545491367578,1.0669638315647308e-05,-3.74033598447275e-05,3.9842305651051646e-07,5.048390205633398e-07,0.00046085626225535827,0.9999998938055403
2026-09-30T01:41:23.699 0.023723572647536134,1.0908309041191514e-05,-3.74201238041652e-05,4.500045021787696e-07,5.786486622205693e-07,0.00048576171576902063,0.9999998820175021
2026-09-30T01:41:23.750 0.023740738763773292,1.0908525164386599e-05,-3.744726528674422e-05,4.4425882065240425e-07,4.3953381468871093e-07,0.0005034764709054096,0.9999998732555183
2026-09-30T01:41:23.786 0.023761242712385142,1.0908783308802342e-05,-3.749458542239288e-05,5.841649989672716e-07,3.3027868893690523e-07,0.0005001750534304971,0.999999874912225
2026-09-30T01:41:23.839 0.02377983926912867,1.0789808144520527e-05,-3.75686921033928e-05,5.214052228450477e-07,3.947141136887776e-07,0.0004997373230465121,0.9999998751310823
2026-09-30T01:41:23.881 0.023799389518054142,1.1028472858440822e-05,-3.7629405560463334e-05,4.37378477645819e-07,3.8278121341016167e-07,0.0005021203537683088,0.9999998739373983
2026-09-30T01:41:23.936 0.023818939862721756,1.1147928293755551e-05,-3.763051442776273e-05,5.076935684107636e-07,3.817921021221991e-07,0.0005018260000680745,0.9999998740851231
2026-09-30T01:41:23.974 0.023838013419448745,1.114816844157475e-05,-3.7601067060355676e-05,3.5941387110273993e-07,3.319653605190817e-07,0.0005009706972206235,0.9999998745140527
2026-09-30T01:41:24.021 0.023857086764132902,1.1148408564788469e-05,-3.770572997606205e-05,4.601290888795238e-07,3.5746105024252477e-07,0.0005023228399107609,0.9999998738357045
2026-09-30T01:41:24.058 0.02387759082754455,1.1387085301956587e-05,-3.767854443786691e-05,5.482633448064984e-07,3.554243267427347e-07,0.0005021849930346134,0.999999873904895
2026-09-30T01:41:24.110 0.023897141153154514,1.1148912865913382e-05,-3.769455438923897e-05,5.184305526390101e-07,3.4424834094116805e-07,0.0005030262338306131,0.9999998734821024
2026-09-30T01:41:24.146 0.023917168310823963,1.1268374301916255e-05,-3.7711318329178174e-05,4.7552908764906265e-07,3.072862375082748e-07,0.0005032331378397928,0.9999998733780362
2026-09-30T01:41:24.200 0.023936241891111265,1.1268614452469395e-05,-3.7666969819202954e-05,4.322583996096426e-07,2.794044133469886e-07,0.0005020928836529852,0.9999998739512277
2026-09-30T01:41:24.236 0.023955315278413387,1.1626482449774992e-05,-3.774183050826851e-05,6.358936638562745e-07,3.797575295397158e-07,0.0005249651388177881,0.9999998622055177
2026-09-30T01:41:24.290 0.02397438855091571,1.1745931854328217e-05,-3.7891196871177855e-05,6.732412062029003e-07,4.6090025530598983e-07,0.0005377652109552064,0.9999998554039456
2026-09-30T01:41:24.342 0.023993462134204797,1.1507753425798695e-05,-3.784684832220564e-05,6.93289196192306e-07,5.015291477337255e-07,0.0005357477750881166,0.9999998564867844
2026-09-30T01:41:24.385 0.024013012430250894,1.1746418145186872e-05,-3.787775949413985e-05,7.07669804093572e-07,4.3965460888506794e-07,0.0005368376444403822,0.9999998559023143
2026-09-30T01:41:24.420 0.024032562657116938,1.186587356683189e-05,-3.795337407428006e-05,6.591750455669871e-07,4.4291402063566234e-07,0.0005379325692939102,0.9999998553139496
2026-09-30T01:41:24.475 0.024051636127107114,1.1270067256008663e-05,-3.7983531179653145e-05,7.585987641989181e-07,4.5985316558484223e-07,0.0005391212075851037,0.9999998546737577
2026-09-30T01:41:24.513 0.024070709775073588,1.1508725993846294e-05,-3.789447928097044e-05,1.6781217500504082e-07,3.6747386639288664e-07,0.0005383852893492003,0.999999855070548
2026-09-30T01:41:24.565 0.024089306258134397,1.1628169400445314e-05,-3.801328942867184e-05,4.208856815395255e-07,5.160213756821934e-07,0.0005387060464528327,0.9999998548976655
2026-09-30T01:41:24.601 0.024110287024250738,1.1270805676925209e-05,-3.80762645784648e-05,3.307771330778986e-07,5.026330993782281e-07,0.0005392869722591275,0.9999998545845892
2026-09-30T01:41:24.657 0.02412983725111678,1.1390261098570229e-05,-3.815187915860499e-05,3.86587772115289e-07,5.40526616092259e-07,0.0005392111415204988,0.999999854625441
2026-09-30T01:41:24.696 0.024148910784283457,1.1390501243655485e-05,-3.81373329337661e-05,4.2540460736837444e-07,4.79001403947819e-07,0.0005394041859152869,0.9999998545213463
2026-09-30T01:41:24.751 0.024167984243767412,1.1629159959621576e-05,-3.816749017562867e-05,3.533292028633224e-07,4.939603478084035e-07,0.0005398320110950354,0.9999998542905049
2026-09-30T01:41:24.803 0.024186580844629796,1.1748603379890309e-05,-3.821179461048926e-05,2.7392324588744015e-07,5.161369811589046e-07,0.0005401193288347863,0.999999854135374
2026-09-30T01:41:24.853 0.024207561629803784,1.174886752772814e-05,-3.8259868676209565e-05,3.801366282277885e-07,4.934366749975111e-07,0.0005401665093202686,0.9999998541098665
2026-09-30T01:41:24.898 0.024227588812534433,1.1749119676923625e-05,-3.82617314540821e-05,3.125520515253185e-07,5.141582102559515e-07,0.0005406807693796878,0.9999998538319611
2026-09-30T01:41:24.943 0.024246662155717705,1.1868569089678675e-05,-3.8366394389286974e-05,3.6047658769506467e-07,4.997812454223148e-07,0.0005409221189066679,0.9999998537014301
2026-09-30T01:41:24.982 0.02426525878314218,1.1749593933598687e-05,-3.839579764258242e-05,1.5674481145326855e-07,5.632263362145693e-07,0.0005415231577615553,0.9999998533761532
2026-09-30T01:41:25.048 0.024283855385505454,1.1749828064326088e-05,-3.844010205794451e-05,3.2890027821808027e-07,5.387801972051826e-07,0.000541339958248721,0.9999998534753148
2026-09-30T01:41:25.084 0.024305313145601703,1.1988516811072319e-05,-3.83995232373245e-05,4.5356880349350003e-07,4.717839769403688e-07,0.0005411576114701786,0.9999998535739949
2026-09-30T01:41:25.138 0.024323432914404607,1.1750326359294972e-05,-3.844307368361796e-05,3.263591639178446e-07,4.674758742410512e-07,0.0005419330965521312,0.9999998531540861
2026-09-30T01:41:25.174 0.024343460098636145,1.1631369218949125e-05,-3.8444936441992004e-05,2.0513947000117156e-07,5.299901237806483e-07,0.0005420589794017304,0.9999998530858591
2026-09-30T01:41:25.224 0.0243620566273167,1.1870021920557363e-05,-3.853394432405557e-05,2.9504136739200257e-07,5.284772460773126e-07,0.0005415068084057706,0.9999998533849943
2026-09-30T01:41:25.260 0.024381606854182742,1.1989477342202383e-05,-3.860955890419577e-05,3.405010064812168e-07,4.6538055424959043e-07,0.0005427386217185492,0.9999998527172171
2026-09-30T01:41:25.315 0.02440258782783925,1.198974151191175e-05,-3.853842382937079e-05,2.997788939864725e-07,4.690473815156201e-07,0.0005427690965300315,0.9999998527006881
2026-09-30T01:41:25.355 0.024420707735002267,1.1989969655620719e-05,-3.849256745925229e-05,4.317137240459787e-07,4.191642814903027e-07,0.0005429474567120038,0.9999998526038377
2026-09-30T01:41:25.408 0.02444168833169374,1.199023378158701e-05,-3.865985066551786e-05,2.9162444664374096e-07,5.052525046199254e-07,0.0005430672426078532,0.999999852538804
2026-09-30T01:41:25.444 0.024459808048873356,1.2109671192965775e-05,-3.873320345544314e-05,3.251883431368061e-07,5.589783936012172e-07,0.0005434231557685797,0.9999998523454169
2026-09-30T01:41:25.498 0.024477927886856314,1.1990690038931585e-05,-3.873205049353062e-05,2.679320688629546e-07,5.238788294482833e-07,0.0005434382769733182,0.9999998523372355
2026-09-30T01:41:25.538 0.024498431951768852,1.2110157486558372e-05,-3.870486493583699e-05,4.078594842188612e-07,4.4809341279702187e-07,0.0005439999286991326,0.9999998520318443
2026-09-30T01:41:25.590 0.024518459040258237,1.2110409624818088e-05,-3.8766332283982164e-05,2.4060833729337784e-07,4.858691332116786e-07,0.0005442058251948643,0.999999851919852
2026-09-30T01:41:25.624 0.024538486222988886,1.2110661774013573e-05,-3.87681950618547e-05,3.420568072687025e-07,5.160795532091822e-07,0.0005444259444644308,0.9999998517999928
2026-09-30T01:41:25.682 0.024556129199348502,1.2110883903364688e-05,-3.878118933193721e-05,9.742950192662097e-08,5.244017373754224e-07,0.0005448210185998113,0.9999998515848756
2026-09-30T01:41:25.737 0.02457472585183418,1.1872699460477312e-05,-3.879569142316599e-05,3.0444561262284013e-07,5.231224278562756e-07,0.0005442693956501152,0.9999998518852183
2026-09-30T01:41:25.778 0.024594753030062165,1.2230579478296792e-05,-3.879755425953402e-05,3.1934849426593775e-07,5.276046058343173e-07,0.0005454502429238477,0.999999851241815
2026-09-30T01:41:25.815 0.024614780093490354,1.2350040903363896e-05,-3.887392276974587e-05,3.224643906234808e-07,4.919814879811898e-07,0.0005446694426271041,0.9999998516674151
2026-09-30T01:41:25.877 0.024634807112799684,1.2231083743880454e-05,-3.898009352609701e-05,1.0243580730120688e-07,5.39011970274414e-07,0.000545856063757498,0.9999998510204172
2026-09-30T01:41:25.911 0.0246534037858439,1.2231317882809682e-05,-3.897969451375463e-05,4.3365056851347594e-07,5.028671252650748e-07,0.0005460091791194401,0.9999998509367566
2026-09-30T01:41:25.965 0.02467200038670629,1.2350761303078414e-05,-3.902399894861523e-05,4.009778590182588e-07,4.827270450213791e-07,0.0005456123451685927,0.9999998511533764
2026-09-30T01:41:26.000 0.024691073877255,1.1993373574071791e-05,-3.903925495041716e-05,2.684255537395486e-07,5.553111520935561e-07,0.0005458373643542826,0.9999998510305845
2026-09-30T01:41:26.052 0.024712054753668472,1.2232056311928054e-05,-3.9027724484861816e-05,2.8690902659257793e-07,4.788847207898079e-07,0.0005468116300827541,0.9999998504983536
2026-09-30T01:41:26.092 0.02473017454152903,1.2351493731508644e-05,-3.905637384708262e-05,3.431273902480547e-07,4.526333925919093e-07,0.0005463494746637496,0.9999998507509533
2026-09-30T01:41:26.150 0.024749724818517477,1.2232530579538884e-05,-3.9102186103089495e-05,1.987300829363296e-07,5.238786285629909e-07,0.0005463168761777034,0.9999998507687673
2026-09-30T01:41:26.187 0.024769274951142263,1.2351985990248136e-05,-3.923740525350232e-05,2.3301453293834346e-07,5.54146870247597e-07,0.0005469881582003714,0.9999998504017855
2026-09-30T01:41:26.239 0.02478739494954476,1.2590632723975535e-05,-3.913194435210819e-05,2.845048174574573e-07,4.47161630843872e-07,0.0005478837590726786,0.9999998499115416
2026-09-30T01:41:26.276 0.024808852432920785,1.2352484279749136e-05,-3.9270179164312084e-05,2.8506468564656025e-07,5.562426862183616e-07,0.0005471517388853692,0.9999998503122808
2026-09-30T01:41:26.327 0.024826972292963177,1.2352712417990221e-05,-3.925412507932991e-05,2.831876423011979e-07,5.841824112421942e-07,0.0005480247391491143,0.9999998498342206
2026-09-30T01:41:26.360 0.024846045731888595,1.2352952552139708e-05,-3.929918342476364e-05,2.607166954321557e-07,5.396534380742565e-07,0.000548155374788205,0.9999998497626517
2026-09-30T01:41:26.422 0.02486464233575275,1.2233977393325779e-05,-3.934348782062725e-05,2.6824223262940554e-07,5.890135702890368e-07,0.0005482645663536737,0.9999998497027619
2026-09-30T01:41:26.460 0.02488371577467817,1.2234217527475264e-05,-3.938854616606098e-05,2.4591454551030673e-07,6.031579123805883e-07,0.0005485934574884098,0.9999998495223857
2026-09-30T01:41:26.510 0.024903742954407043,1.247288825575341e-05,-3.939040898293052e-05,2.2997540173445008e-07,4.898857372460066e-07,0.0005484254829128731,0.9999998496145871
2026-09-30T01:41:26.550 0.024923770137137688,1.2473140404948897e-05,-3.939227176080307e-05,3.897508451908112e-07,5.008880161214769e-07,0.0005487907843221408,0.9999998494141248
2026-09-30T01:41:26.600 0.024942366739500964,1.2473374535676298e-05,-3.943657617616516e-05,2.6609377405110573e-07,5.430878449747009e-07,0.0005496558482928366,0.9999998489390299
2026-09-30T01:41:26.633 0.02496191710922978,1.247362068418364e-05,-3.9422783881397906e-05,3.0989441189590187e-07,5.018188600725564e-07,0.0005490910826552146,0.9999998492493062
2026-09-30T01:41:26.691 0.024979560013407565,1.259305209487426e-05,-3.9480481598683386e-05,2.783130654915906e-07,5.694559453307772e-07,0.0005492166032393085,0.9999998491803491
2026-09-30T01:41:26.737 0.024998156640832044,1.2474076938794272e-05,-3.950988485197883e-05,1.7062823695541112e-07,5.642166879407577e-07,0.0005505388176749052,0.9999998484533199
2026-09-30T01:41:26.783 0.025018183608518086,1.271274764246694e-05,-3.964585795196179e-05,1.46460364184869e-07,5.927384991335027e-07,0.0005532550399578703,0.9999998469542323
2026-09-30T01:41:26.818 0.025038210770690194,1.247458120984582e-05,-3.966262183340549e-05,1.4972036792809937e-07,5.77779060882055e-07,0.0005520737708321587,0.999999847607086
2026-09-30T01:41:26.876 0.025057284255235353,1.2594030639004524e-05,-3.967787791320142e-05,2.956089453278566e-07,5.508880165659879e-07,0.0005516498453940436,0.999999847841017
2026-09-30T01:41:26.913 0.02507540397391585,1.2594258760841955e-05,-3.975123068362819e-05,2.6136811295579674e-07,5.862199075718536e-07,0.0005525246172617959,0.999999847358056
2026-09-30T01:41:26.971 0.025094954247902524,1.271371418795486e-05,-3.9797042978632065e-05,2.736754621000443e-07,6.486185696039909e-07,0.0005525015571895197,0.9999998473707552
2026-09-30T01:41:27.008 0.02511402782818983,1.2713954338508e-05,-3.9752694468656845e-05,2.876368040893134e-07,5.482687126587651e-07,0.0005527557974100535,0.9999998472303109
2026-09-30T01:41:27.062 0.025133578246540167,1.2594991202941892e-05,-3.970909986925478e-05,3.1727742819267986e-07,5.209113648202839e-07,0.0005534263848189526,0.9999998468594206
2026-09-30T01:41:27.116 0.02515408212297018,1.2714458628697142e-05,-3.980112345210641e-05,2.5652477477786877e-07,5.660218795215893e-07,0.000553165662402606,0.9999998470036702
2026-09-30T01:41:27.158 0.025172201745908535,1.2833896029140136e-05,-3.993408081230431e-05,2.255467760514566e-07,5.975702469430494e-07,0.0005534546878322837,0.9999998468437385
2026-09-30T01:41:27.203 0.025190798470576047,1.2476502304913254e-05,-3.990387945633013e-05,3.7565991492653797e-07,5.815059255896826e-07,0.000553959462811706,0.9999998465642054
2026-09-30T01:41:27.255 0.025211302460304973,1.2953597612962208e-05,-3.992139738483646e-05,1.7126591442346353e-07,5.169524194336701e-07,0.0005545688841166626,0.9999998462265163
2026-09-30T01:41:27.297 0.025230375737309966,1.2715419148891438e-05,-4.0070763689250314e-05,2.2524732117128738e-07,5.818542001414862e-07,0.0005536602196131939,0.9999998467299742
2026-09-30T01:41:27.348 0.025250402940599152,1.2954089879903528e-05,-4.0057725363551694e-05,1.573263376690747e-07,5.681168727568323e-07,0.0005549164533258565,0.9999998460336793
2026-09-30T01:41:27.394 0.02527043021907194,1.2835132750493449e-05,-3.9999983551653094e-05,1.9586748989972614e-07,5.891882448630787e-07,0.0005544908080120634,0.9999998462697673
2026-09-30T01:41:27.446 0.02528950358581553,1.2954582165982442e-05,-4.0089745344289816e-05,1.0041259751716962e-07,5.613062340269445e-07,0.0005550785483337354,0.9999998459437281
2026-09-30T01:41:27.488 0.025308100282420063,1.2954816307645613e-05,-4.007444518937928e-05,1.4897396594701584e-07,5.800494366300015e-07,0.0005555459756449256,0.9999998456841432
2026-09-30T01:41:27.542 0.02532812732378882,1.2955068440437444e-05,-4.016571482266077e-05,1.3881982811050768e-07,5.763240933663959e-07,0.0005556591977788675,0.9999998456212403
2026-09-30T01:41:27.587 0.02534720076121335,1.3074517864128264e-05,-4.0210773187593e-05,1.6235660106217387e-07,5.65672221796417e-07,0.000555388105863204,0.9999998457718409
2026-09-30T01:41:27.634 0.025367704830628546,1.2836357443131055e-05,-4.018358757140387e-05,1.7829611890157798e-07,6.010044175745782e-07,0.0005561224415229376,0.9999998453637066
2026-09-30T01:41:27.681 0.02538534766712716,1.2717370266537187e-05,-4.028598867739683e-05,2.9847407653077957e-08,6.164867009069497e-07,0.0005559556193394971,0.9999998454564722
2026-09-30T01:41:27.728 0.025404421150171434,1.295602898523722e-05,-4.0301244776691245e-05,9.914679896521537e-08,6.24519782210242e-07,0.0005558516053441913,0.9999998455142846
2026-09-30T01:41:27.769 0.025425402098766738,1.3075502441753976e-05,-4.024501086393293e-05,3.34839776999405e-07,5.765000437112864e-07,0.0005568068981994465,0.9999998449828048
2026-09-30T01:41:27.834 0.025442091284200493,1.3075712550591208e-05,-4.0331002986712945e-05,1.5283657001273443e-07,6.188741138044916e-07,0.000557496977885779,0.9999998445983446
2026-09-30T01:41:27.884 0.025462118325569254,1.3075964683383039e-05,-4.042227261999444e-05,6.562411230901173e-08,6.393043839677062e-07,0.0005567451782097717,0.9999998450171848
2026-09-30T01:41:27.938 0.025483576135787906,1.3076234856514493e-05,-4.035189147524111e-05,4.0919954318367753e-07,5.629380690724411e-07,0.000556029592184034,0.9999998454152922
2026-09-30T01:41:27.986 0.025502172830891554,1.3195678287718994e-05,-4.033659133982907e-05,5.117271708033257e-07,4.3691935495349483e-07,0.0005581569438233154,0.9999998442301745
2026-09-30T01:41:28.031 0.025523153641126745,1.3076733148749434e-05,-4.0369764243482706e-05,4.336691180506239e-07,5.153244975197904e-07,0.0005575156149099558,0.9999998445879307
2026-09-30T01:41:28.074 0.025541273405426987,1.3196170565596083e-05,-4.041331474827167e-05,3.9966405308349464e-07,5.195734639344781e-07,0.0005577963193695495,0.9999998444314061
2026-09-30T01:41:28.131 0.025561777354038834,1.3196428710011827e-05,-4.046063488392032e-05,4.221911026432007e-07,4.907026594588929e-07,0.0005583038143953998,0.9999998441482038
2026-09-30T01:41:28.175 0.02558132765308671,1.3196674850317342e-05,-4.049154601685754e-05,4.608797617272714e-07,4.986773053613847e-07,0.0005577664686613617,0.9999998444480406
2026-09-30T01:41:28.226 0.02559992456323496,1.307769972704466e-05,-4.034213555933508e-05,5.020728718060539e-07,4.4559226901561456e-07,0.0005586113205287426,0.9999998439764588
2026-09-30T01:41:28.264 0.025620905370468378,1.3197173167157763e-05,-4.0375308501985716e-05,8.030021335887284e-07,4.1771274024862247e-07,0.000559039083466814,0.9999998437372297
2026-09-30T01:41:28.319 0.025639978691592222,1.3197413287637541e-05,-4.0494872560260254e-05,5.744466653689087e-07,4.706220052253059e-07,0.0005585724388774883,0.9999998439981274
2026-09-30T01:41:28.355 0.02565905208339701,1.3197653416319144e-05,-4.0569733190830305e-05,6.086926402661816e-07,5.229509370334778e-07,0.0005592015200969806,0.9999998436464957
2026-09-30T01:41:28.410 0.025678602358884573,1.3197899553890716e-05,-4.061554546633568e-05,5.496059436334222e-07,4.993183176279003e-07,0.0005598494184509875,0.9999998432840264
2026-09-30T01:41:28.457 0.025697199055489107,1.3198133695553887e-05,-4.060024531142514e-05,4.976604696202843e-07,5.061864652735013e-07,0.0005595264649624721,0.9999998434648033
2026-09-30T01:41:28.503 0.025716749188113886,1.3317589106263137e-05,-4.073546446183797e-05,4.153582823597438e-07,5.676532489381028e-07,0.0005599903286783069,0.9999998432051562
2026-09-30T01:41:28.550 0.025737729995347302,1.3437062546376241e-05,-4.0768637404488606e-05,6.133053677720945e-07,4.785386540776968e-07,0.0005606047874617584,0.9999998428608212
2026-09-30T01:41:28.596 0.02575680364631555,1.3437302705131208e-05,-4.0679585466808925e-05,4.768385681356252e-07,4.2952696098807615e-07,0.0005605550112991889,0.9999998428888214
2026-09-30T01:41:28.635 0.025776830664123996,1.3437554835189096e-05,-4.078575624265857e-05,4.6402791348878175e-07,4.913433910442745e-07,0.0005605668373861911,0.9999998428821697
2026-09-30T01:41:28.689 0.02579399680692325,1.3199352382035462e-05,-4.0797996543672434e-05,4.495688526846548e-07,4.959999327544756e-07,0.0005608327416573617,0.9999998427330815
2026-09-30T01:41:28.727 0.025813547219270032,1.3557226404634682e-05,-4.075440202226435e-05,4.1316543468476594e-07,4.7114508184451364e-07,0.0005613107137497048,0.9999998424649326
2026-09-30T01:41:28.780 0.02583452800594491,1.3438281262931181e-05,-4.080247606848616e-05,4.984317678439171e-07,5.453603379031762e-07,0.0005611016806388573,0.9999998425821667
2026-09-30T01:41:28.820 0.02585217088656238,1.3557712670887858e-05,-4.087507492833979e-05,5.43511631022681e-07,4.83369526184742e-07,0.0005615593319655324,0.9999998423252814
2026-09-30T01:41:28.872 0.025874105252120284,1.343877952509276e-05,-4.0984261404977504e-05,3.8922445797829585e-07,5.863378984631321e-07,0.000561984428295925,0.9999998420864911
2026-09-30T01:41:28.905 0.025891748319719386,1.3677420244462305e-05,-4.093765114378437e-05,4.1166714380076223e-07,5.095039432920152e-07,0.0005617825463962105,0.9999998421999583
2026-09-30T01:41:28.961 0.025910344948644748,1.3439235798840986e-05,-4.096705437758131e-05,5.261269831197219e-07,5.192253776397319e-07,0.0005622566737410106,0.9999998419334307
2026-09-30T01:41:28.996 0.02593180256888,1.3558715239642233e-05,-4.101588239287174e-05,5.628402235007417e-07,5.326134298107753e-07,0.0005630500736222608,0.9999998414869945
2026-09-30T01:41:29.048 0.02595039921686301,1.367815866537885e-05,-4.103038454259603e-05,2.3375310269623142e-07,4.9186597753951e-07,0.0005626207609354198,0.9999998417287789
2026-09-30T01:41:29.087 0.02597042637603334,1.3678410811840394e-05,-4.104714846303673e-05,5.439130268909921e-07,5.00424456149167e-07,0.0005626604465609404,0.9999998417063253
2026-09-30T01:41:29.141 0.025989022860595044,1.3678644928898084e-05,-4.116595859123961e-05,4.183039415997037e-07,5.853486692328472e-07,0.000563425045532688,0.9999998412758376
2026-09-30T01:41:29.175 0.026007619627880518,1.3678879078763081e-05,-4.110595500862461e-05,5.664878959292539e-07,4.7621031576651006e-07,0.0005638184703059595,0.9999998410540798
2026-09-30T01:41:29.244 0.026027646738429337,1.3798340509298071e-05,-4.115252123370012e-05,5.616736647295586e-07,4.941382217113007e-07,0.0005636244679978258,0.9999998411634371
2026-09-30T01:41:29.284 0.026046243318733182,1.3679365347750197e-05,-4.121172677213188e-05,5.588390150405615e-07,5.174212789067561e-07,0.000563874181340197,0.9999998410226512
2026-09-30T01:41:29.334 0.026066270499962945,1.3798826786487014e-05,-4.121358956950292e-05,5.459625247157542e-07,5.23067379267172e-07,0.0005643750102587168,0.9999998407401254
2026-09-30T01:41:29.373 0.026086297754875424,1.3679869654342994e-05,-4.117074890017249e-05,4.795663096856386e-07,4.0909640257135983e-07,0.0005642917675775161,0.9999998407871892
2026-09-30T01:41:29.426 0.026103940589873153,1.3680091767290455e-05,-4.127315002566394e-05,4.930566345307762e-07,5.340101003523665e-07,0.0005646051467765931,0.9999998406102373
2026-09-30T01:41:29.465 0.02612492137354626,1.3799565204669616e-05,-4.132122411088273e-05,4.567014035753399e-07,4.901795650564858e-07,0.000565138474541075,0.9999998403090151
2026-09-30T01:41:29.525 0.026144471628475278,1.3561392760424586e-05,-4.138193748995927e-05,4.457877337947647e-07,4.923913655472845e-07,0.0005648819036361144,0.9999998404539842
2026-09-30T01:41:29.563 0.02616259151057709,1.3680830190940943e-05,-4.135098228190744e-05,4.357674519297977e-07,5.073506884303212e-07,0.0005651698066998031,0.9999998402913084
2026-09-30T01:41:29.618 0.026183095457688054,1.3800297624898019e-05,-4.139830243705459e-05,6.199561420169302e-07,4.982715304438622e-07,0.0005660749651198157,0.9999998397792378
2026-09-30T01:41:29.656 0.026202169012914153,1.3919747062258548e-05,-4.136885508914603e-05,5.268501620465887e-07,4.89889023373569e-07,0.0005658114163244458,0.999999839928449
2026-09-30T01:41:29.711 0.02622171917210103,1.380078389661908e-05,-4.1489173057993705e-05,4.904466634070229e-07,4.940215518231539e-07,0.000566003413788053,0.9999998398198127
2026-09-30T01:41:29.750 0.026241746329770475,1.3920245332621953e-05,-4.15059369979329e-05,6.134446836896859e-07,5.212635069479188e-07,0.0005660915592549013,0.9999998397698364
2026-09-30T01:41:29.804 0.026259866235432604,1.4039682765872254e-05,-4.146008064731291e-05,6.524708516079081e-07,4.862227699221586e-07,0.0005662626594142331,0.9999998396729564
2026-09-30T01:41:29.842 0.026279416485858964,1.4159138190251215e-05,-4.152079408488494e-05,5.657788265582227e-07,4.705644574235945e-07,0.0005673355536112105,0.9999998390649011
2026-09-30T01:41:29.893 0.026298013042602496,1.4040163025969402e-05,-4.159490076588486e-05,4.4852367082320445e-07,5.470485163890018e-07,0.0005668849440327462,0.999999839320467
2026-09-30T01:41:29.940 0.02631851701477466,1.4040421173119089e-05,-4.162731975896536e-05,4.96004417830155e-07,5.153839067549158e-07,0.0005674432346464293,0.999999839003819
2026-09-30T01:41:29.984 0.026339021034067447,1.404067932573666e-05,-4.162993646690954e-05,4.6278091963509383e-07,5.560126359379468e-07,0.0005675452406916694,0.9999998389459253
2026-09-30T01:41:30.032 0.026357617683551354,1.4040913461931944e-05,-4.1644438597135325e-05,5.519228390238321e-07,5.480387476215882e-07,0.0005675021549447435,0.9999998389703366
2026-09-30T01:41:30.077 0.026376691146037086,1.4041153598815373e-05,-4.16745958000009e-05,5.624293397535479e-07,5.278990221667273e-07,0.0005681217674417598,0.9999998386185182
2026-09-30T01:41:30.116 0.026397195044526523,1.4279830316845895e-05,-4.175171825978287e-05,4.756110455012875e-07,5.596216166903286e-07,0.0005678715427507485,0.9999998387606728
2026-09-30T01:41:30.168 0.026414361115143944,1.4160837145031766e-05,-4.1808662007999706e-05,5.246103128205087e-07,4.987949787869096e-07,0.0005682805877377548,0.9999998385283118
2026-09-30T01:41:30.210 0.026435341974000652,1.392268272198876e-05,-4.181203260701853e-05,4.542586925749501e-07,5.317983342910493e-07,0.0005691268080577548,0.9999998380470805
2026-09-30T01:41:30.262 0.026454415574846495,1.4161341454358505e-05,-4.175278299347216e-05,6.317552408667413e-07,4.782484096692241e-07,0.0005689173533216112,0.9999998381661955
2026-09-30T01:41:30.308 0.026473965710473057,1.4042378285985095e-05,-4.188800210488799e-05,5.88454453312196e-07,5.114847225780286e-07,0.0005692286820605208,0.9999998379890367
2026-09-30T01:41:30.364 0.02649494654276768,1.4042642439290809e-05,-4.190627388547197e-05,6.823640207938494e-07,5.294132744073219e-07,0.0005693334982400107,0.9999998379292978
2026-09-30T01:41:30.409 0.026511159055060605,1.4162055853384881e-05,-4.188720409970173e-05,6.447547398381418e-07,4.746978693991528e-07,0.0005694557056501237,0.999999837859766
2026-09-30T01:41:30.465 0.02653261665023465,1.4400744580993518e-05,-4.195093327705883e-05,5.808730071187031e-07,5.001924756844094e-07,0.0005702373107656407,0.9999998374143977
2026-09-30T01:41:30.505 0.026552166975844612,1.4162572144950313e-05,-4.196694322843089e-05,4.497390580753445e-07,4.805756471280074e-07,0.0005698736746194746,0.9999998376217677
2026-09-30T01:41:30.556 0.02657076366944737,1.4401224865696145e-05,-4.195164311251735e-05,5.15634228681094e-07,5.189349435831787e-07,0.0005704787496686511,0.9999998372767173
2026-09-30T01:41:30.597 0.026591267573940362,1.4163064425561343e-05,-4.202876549430533e-05,6.141528751998905e-07,5.114849892079741e-07,0.0005705160991151628,0.9999998372553577
2026-09-30T01:41:30.662 0.02660938738235946,1.4520920426958538e-05,-4.204251375295497e-05,4.808586292003863e-07,5.431491409692891e-07,0.0005709685363217779,0.9999998369971889
2026-09-30T01:41:30.699 0.026628937587166075,1.4521166556328283e-05,-4.213302945616482e-05,6.266712207536489e-07,5.54616969888026e-07,0.000571048456790998,0.9999998369514665
2026-09-30T01:41:30.754 0.026648011101275102,1.4163778830055601e-05,-4.213338431539858e-05,3.591371971634202e-07,5.387828550969907e-07,0.000571617939399417,0.9999998366262427
2026-09-30T01:41:30.796 0.026667561372259996,1.4521652836251169e-05,-4.217919664939946e-05,5.362943939001296e-07,5.529866307998992e-07,0.0005715879967021966,0.999999836643271
2026-09-30T01:41:30.848 0.02668854232385708,1.4402707713685263e-05,-4.2122962697644144e-05,5.408035591803408e-07,4.680616771134887e-07,0.0005710824014411745,0.9999998369321763
2026-09-30T01:41:30.885 0.026707138758296375,1.4641360404357731e-05,-4.2271575149980345e-05,5.055960494523475e-07,5.350585369787661e-07,0.0005722160820010046,0.9999998362840934
2026-09-30T01:41:30.938 0.026726212294464827,1.4403181970360325e-05,-4.225702888614446e-05,5.210100140615221e-07,5.032772687228815e-07,0.0005722663611420703,0.9999998362553302
2026-09-30T01:41:30.973 0.026745285637648095,1.4522631383115376e-05,-4.236169182134933e-05,5.1123878890736e-07,5.565372203722131e-07,0.0005725859873667852,0.9999998360723446
2026-09-30T01:41:31.028 0.026764359262054255,1.4761290118219062e-05,-4.2287541065234795e-05,6.185994247887473e-07,4.95536366858698e-07,0.0005734836395932639,0.9999998355579299
2026-09-30T01:41:31.064 0.02678438640216694,1.4403914393322669e-05,-4.231920606974816e-05,6.045356101050635e-07,5.748149990244785e-07,0.0005725050051414112,0.9999998361186482
2026-09-30T01:41:31.116 0.02680393667465272,1.4642579109976905e-05,-4.2365018384250534e-05,5.520619635213967e-07,5.22486017343018e-07,0.0005726743724197903,0.9999998360217293
2026-09-30T01:41:31.151 0.026823010020837767,1.4523609943649293e-05,-4.246968128045841e-05,4.429925897420731e-07,5.901808744923545e-07,0.0005734449539617383,0.9999998355801566
2026-09-30T01:41:31.209 0.02684351420655365,1.4404658825863127e-05,-4.236798997092698e-05,5.01109585011801e-07,5.005414692973498e-07,0.000573304103568818,0.9999998356609381
2026-09-30T01:41:31.244 0.026863541409842838,1.4643329556875216e-05,-4.235495164522835e-05,5.311389005083079e-07,5.308319143669079e-07,0.0005738942474145703,0.9999998353224009
2026-09-30T01:41:31.305 0.026882138106447368,1.4643563698538387e-05,-4.233965149031782e-05,4.7510303371436276e-07,4.6901512331916105e-07,0.000574855708124373,0.9999998347702209
2026-09-30T01:41:31.361 0.0269016883348143,1.4643809830642075e-05,-4.2415266050959515e-05,4.862934389400928e-07,5.843826980315e-07,0.0005743191405663237,0.9999998350784598
2026-09-30T01:41:31.404 0.026918377590929004,1.4644019947681132e-05,-4.245655474603506e-05,5.517946688918408e-07,5.464317822464629e-07,0.0005749925518357495,0.9999998346914675
2026-09-30T01:41:31.449 0.02693935830542205,1.4644284087317136e-05,-4.254933223945983e-05,4.7111656449848215e-07,5.614488341637941e-07,0.0005748469215803216,0.9999998347752261
2026-09-30T01:41:31.503 0.026959862415954317,1.4882960829953138e-05,-4.2492344416128375e-05,6.630412751145889e-07,4.633119858342516e-07,0.0005752038161413718,0.9999998345699441
2026-09-30T01:41:31.540 0.026977505276013253,1.476397365609321e-05,-4.2579844379553176e-05,5.189045441668135e-07,5.145338277326074e-07,0.0005754947936113978,0.9999998344025905
2026-09-30T01:41:31.601 0.026998486039127818,1.4645028511655767e-05,-4.2642819568343125e-05,5.471659071248446e-07,5.141847690913862e-07,0.0005756069958558027,0.9999998343379976
2026-09-30T01:41:31.637 0.027016129153847542,1.4883669236493198e-05,-4.256640702201367e-05,5.38186410416769e-07,4.732065653357524e-07,0.0005760169013886318,0.9999998341019941
2026-09-30T01:41:31.700 0.027037109822720846,1.4764724081119985e-05,-4.2688986781076266e-05,4.977964138551624e-07,5.51670204084787e-07,0.000575900459626896,0.9999998341690405
2026-09-30T01:41:31.735 0.027056183307266005,1.4884173510278689e-05,-4.270424286087218e-05,4.772783099391289e-07,5.733233638363316e-07,0.0005764588041865995,0.9999998338473315
2026-09-30T01:41:31.792 0.02707430314374808,1.488440164578583e-05,-4.2703089918458165e-05,7.218951251256533e-07,7.153535821017631e-07,0.000601407876887113,0.99999981915375
2026-09-30T01:41:31.832 0.027094807087857265,1.524228765882557e-05,-4.2750410112602314e-05,9.181744938922472e-07,6.302567768354126e-07,0.0006202247509470207,0.9999998076599905
2026-09-30T01:41:31.884 0.02711340385514274,1.5242521808690565e-05,-4.26904065299873e-05,7.714712347787134e-07,3.6657498961996223e-07,0.0006171790338384279,0.9999998095446372
2026-09-30T01:41:31.924 0.027132954014329615,1.5123558643051097e-05,-4.2810724498834974e-05,5.971088353495235e-07,4.47365959092595e-07,0.0006154717657161395,0.9999998105969565
2026-09-30T01:41:31.975 0.027153458033622405,1.5123816795668667e-05,-4.281334120677916e-05,7.845294044788853e-07,4.361915586061011e-07,0.0006189902717723621,0.9999998084251005
2026-09-30T01:41:32.021 0.027173485166230648,1.5362487518478928e-05,-4.284500630878501e-05,6.500582667123173e-07,4.3910100895629243e-07,0.0006179465396033265,0.9999998090707112
2026-09-30T01:41:32.082 0.027193035419658784,1.5243524363775231e-05,-4.290571970736005e-05,6.341219653584838e-07,4.4457236847194545e-07,0.0006172282113696398,0.9999998095143495
2026-09-30T01:41:32.119 0.027211155157396933,1.5601380356970595e-05,-4.296417139371417e-05,7.959645539312226e-07,4.3153504599439485e-07,0.0006193166915463788,0.9999998082229895
2026-09-30T01:41:32.176 0.027229751904123873,1.536319592501899e-05,-4.2919068914670317e-05,6.886102679035162e-07,3.726281375579733e-07,0.0006180976746097761,0.9999998089773076
2026-09-30T01:41:32.211 0.027250255779053,1.5601872640315567e-05,-4.301109251702045e-05,8.537408462239403e-07,4.542363458446974e-07,0.0006187779918693623,0.9999998085564125
2026-09-30T01:41:32.266 0.02727075977928814,1.5244502921575204e-05,-4.3028610309037285e-05,7.734717895491438e-07,4.7158177194051607e-07,0.0006194444749743258,0.9999998081438425
2026-09-30T01:41:32.309 0.027290310216696128,1.5483167657367035e-05,-4.2970114625562545e-05,6.731863304448285e-07,3.988215699018634e-07,0.0006192105013023472,0.999999808288853
2026-09-30T01:41:32.361 0.027310337188884832,1.5364210492415707e-05,-4.310608766705003e-05,7.00803510693945e-07,4.285076803270774e-07,0.0006196945345251067,0.9999998079889861
2026-09-30T01:41:32.398 0.027328456931125646,1.5364438616987085e-05,-4.3164539294908646e-05,5.882282346008125e-07,4.5155721001132053e-07,0.0006198463709442412,0.9999998078949448
2026-09-30T01:41:32.463 0.027348484183036353,1.5483900063925725e-05,-4.31216986645752e-05,7.465161543314798e-07,4.0056835554663976e-07,0.0006203733744873062,0.9999998075680607
2026-09-30T01:41:32.503 0.027367557576342027,1.5364930903065997e-05,-4.319655927564677e-05,6.822660660628496e-07,4.451550066529802e-07,0.0006204006083740326,0.9999998075511922
2026-09-30T01:41:32.561 0.027387584826751844,1.5603601639545973e-05,-4.315371866481182e-05,9.364798891777446e-07,4.453913288100951e-07,0.0006436065282504806,0.9999997928847593
2026-09-30T01:41:32.597 0.027406658168434225,1.584226034184235e-05,-4.3258381619515195e-05,9.095764864897631e-07,4.5877938370806837e-07,0.0006493356404298614,0.9999997891810719
2026-09-30T01:41:32.662 0.02742620851610362,1.572329719807442e-05,-4.32594904478176e-05,7.546850222189e-07,6.833439151693927e-07,0.0006546248617928834,0.999999785732604
2026-09-30T01:41:32.700 0.027444328256843547,1.5842734612187123e-05,-4.331794209517472e-05,9.624346117461566e-07,6.086069292228003e-07,0.0006585111077043329,0.9999997831808887
2026-09-30T01:41:32.761 0.027463878650132677,1.584298076342841e-05,-4.32892486578393e-05,9.167539691906874e-07,6.474889102116124e-07,0.0006531663982505828,0.9999997866861755
2026-09-30T01:41:32.809 0.027484859383683374,1.6200872774422348e-05,-4.3367125067191406e-05,9.671323978076848e-07,6.573848706675849e-07,0.0006574000357928581,0.9999997839118894
2026-09-30T01:41:32.859 0.027502025527983514,1.5843461031727383e-05,-4.337936534870678e-05,9.274774058892063e-07,6.275823490366429e-07,0.000657886741628008,0.9999997835918671
2026-09-30T01:41:32.894 0.02752300616729295,1.6201353031785554e-05,-4.3516846328331514e-05,9.333217545842901e-07,6.843928788790152e-07,0.0006558728097463886,0.9999997849147358
2026-09-30T01:41:32.959 0.02754255656358386,1.5963180603944177e-05,-4.3488152851999105e-05,1.014079674580209e-06,6.438810328783973e-07,0.0006578779422005867,0.9999997835975617
2026-09-30T01:41:32.994 0.027560199562002903,1.6082612025570563e-05,-4.348624599901195e-05,8.684930919681463e-07,6.017378249473641e-07,0.0006583690972191909,0.9999997832744842
2026-09-30T01:41:33.058 0.02758165718223815,1.6202091466371808e-05,-4.353507401430238e-05,1.0458802145157283e-06,6.742655637480057e-07,0.0006571751755209594,0.9999997840595968
2026-09-30T01:41:33.094 0.027599777045282315,1.596390102553023e-05,-4.35190198903232e-05,9.603700620344401e-07,5.797359054206082e-07,0.0006582474286384457,0.9999997833545087
2026-09-30T01:41:33.156 0.02762028101595359,1.6083368462221246e-05,-4.3551438902902205e-05,1.0498699549361795e-06,6.762447717536045e-07,0.0006586874079809956,0.999999783064646
2026-09-30T01:41:33.200 0.027640308104442977,1.6083620600480966e-05,-4.361290625104738e-05,9.882252388189839e-07,6.215292063405151e-07,0.0006587414732490678,0.9999997830291307
2026-09-30T01:41:33.264 0.02765795105574139,1.620305201663947e-05,-4.3640801683196535e-05,8.52427226143405e-07,5.970811842114448e-07,0.0006592500830221061,0.9999997826940988
2026-09-30T01:41:33.303 0.02767893191009544,1.6322525462220455e-05,-4.364417234071086e-05,1.0399840237614525e-06,6.026703116327932e-07,0.0006594136147132665,0.9999997825860963
2026-09-30T01:41:33.368 0.027697528397658915,1.6084341000195485e-05,-4.3762982429916755e-05,8.103188954878046e-07,6.537751893252692e-07,0.0006596040190999644,0.9999997824607033
2026-09-30T01:41:33.417 0.027717555670128156,1.644222102895073e-05,-4.3705240696012156e-05,9.250419674595126e-07,6.232751489963762e-07,0.0006601048055264451,0.999999782130177
2026-09-30T01:41:33.477 0.027736629063433837,1.6323251868091002e-05,-4.378010130708372e-05,9.087759859324517e-07,6.598294723127657e-07,0.0006604505135111598,0.9999997819019052
2026-09-30T01:41:33.515 0.027755225758537477,1.6442695299295505e-05,-4.376480117167167e-05,7.983705662760922e-07,6.460917694818813e-07,0.0006603912871901063,0.9999997819411227
2026-09-30T01:41:33.586 0.027777160216835756,1.6442971453977505e-05,-4.381438309753525e-05,9.864969175198948e-07,6.722864161283228e-07,0.0006606921885138362,0.9999997817421796
2026-09-30T01:41:33.627 0.027797187399566402,1.6443223603172993e-05,-4.381624587540779e-05,1.0045204456714994e-06,5.820647675770185e-07,0.0006616696560579384,0.9999997810959352
2026-09-30T01:41:33.678 0.027815307119747792,1.632424243546909e-05,-4.388959862633607e-05,9.960125980803212e-07,6.147773714274814e-07,0.0006612256545530874,0.999999781389608
2026-09-30T01:41:33.718 0.027834857324554412,1.632448856483884e-05,-4.398011432954593e-05,8.152537069734731e-07,6.904461586622702e-07,0.0006611438410162233,0.9999997814438162
2026-09-30T01:41:33.772 0.027853930948960565,1.6563147299942528e-05,-4.3905963573431386e-05,1.0494079222644392e-06,5.421346751585878e-07,0.0006624792311990064,0.9999997805599125
2026-09-30T01:41:33.810 0.027873481225949015,1.6444184147972767e-05,-4.3951775829438264e-05,8.304029641307517e-07,5.914933852690222e-07,0.0006626058895241298,0.9999997804761738
2026-09-30T01:41:33.863 0.027893985080319605,1.6444442281452744e-05,-4.405870053535956e-05,9.320106091736591e-07,6.344512735377679e-07,0.0006627366016619578,0.9999997803894387
2026-09-30T01:41:33.904 0.027912104960920534,1.6683089001510432e-05,-4.4027745346806224e-05,9.512652696254957e-07,6.243232580749777e-07,0.0006626447348540162,0.9999997804503062
2026-09-30T01:41:33.956 0.027931655237908977,1.6564125849540674e-05,-4.4073557602813094e-05,9.876813564564728e-07,6.458603241335114e-07,0.0006627705509124758,0.999999780366878
2026-09-30T01:41:33.999 0.02795215916296051,1.6564383991222475e-05,-4.4135778881029914e-05,8.43263053423606e-07,6.394566401121974e-07,0.0006635717194801868,0.9999997798357023
2026-09-30T01:41:34.053 0.027971709510629904,1.6445420847454544e-05,-4.413688770933232e-05,9.173060359299316e-07,6.207142221923908e-07,0.0006632754421586183,0.9999997800322064
2026-09-30T01:41:34.092 0.027992213482802068,1.644567899460423e-05,-4.416930670241281e-05,9.71556126753837e-07,5.91843645277032e-07,0.0006641506677702861,0.9999997794512738
2026-09-30T01:41:34.146 0.02800842589785196,1.6803510976845195e-05,-4.420984152591221e-05,7.248434962816364e-07,6.311904428350836e-07,0.0006639790339150469,0.9999997795654351
2026-09-30T01:41:34.196 0.028028929940705063,1.680376913219671e-05,-4.419755709128823e-05,9.112164401722969e-07,5.976640737656427e-07,0.0006646948991390307,0.9999997790897274
2026-09-30T01:41:34.242 0.028048480121951366,1.6804015258832514e-05,-4.4302973937066246e-05,8.58409749699215e-07,6.506327236357787e-07,0.0006650627554397476,0.9999997788451611
2026-09-30T01:41:34.287 0.02806755376991784,1.704267399667014e-05,-4.4213922038383556e-05,9.01156452220652e-07,5.56103725901789e-07,0.0006643273839795439,0.9999997793339784
2026-09-30T01:41:34.335 0.02808901130041449,1.680452555791163e-05,-4.4322354565451123e-05,8.957921519207114e-07,6.41203310295288e-07,0.0006649293719062287,0.999999778933834
2026-09-30T01:41:34.373 0.028107608044139653,1.6804759705042683e-05,-4.427725212540427e-05,1.007552552494229e-06,5.775249266750447e-07,0.0006657958214337622,0.9999997783572632
2026-09-30T01:41:34.427 0.028126681318142867,1.6804999820054575e-05,-4.4426618468815127e-05,8.081033502799322e-07,6.203644798798872e-07,0.0006656236261416404,0.9999997784720507
2026-09-30T01:41:34.464 0.028146231595131316,1.6686036668084817e-05,-4.4472430724822004e-05,8.62196543378008e-07,6.479552739113239e-07,0.000666022713245736,0.9999997782062665
2026-09-30T01:41:34.515 0.02816530522103836,1.6805486113647175e-05,-4.439827994920897e-05,8.587233455159662e-07,6.314242841045865e-07,0.0006660422739111324,0.999999778193252
2026-09-30T01:41:34.555 0.02818628593403052,1.6924959542824502e-05,-4.4491057462132246e-05,9.328678802216053e-07,6.379440650721413e-07,0.0006667647469925093,0.9999997777117228
2026-09-30T01:41:34.608 0.028205836255137822,1.7044414975405294e-05,-4.4507067471999795e-05,9.199772936371578e-07,5.984791946722812e-07,0.000666645897205672,0.9999997777909969
2026-09-30T01:41:34.648 0.028225386599805436,1.7163870410720023e-05,-4.4508176339299196e-05,7.928520588533618e-07,5.841593626788362e-07,0.0006672308102828338,0.9999997774010132
2026-09-30T01:41:34.702 0.028244936804612052,1.716411654008977e-05,-4.4598692042509055e-05,9.2418928268178e-07,6.455110691994014e-07,0.0006675693005485253,0.9999997771749543
2026-09-30T01:41:34.743 0.028263056691216537,1.6925926101982134e-05,-4.456773677596172e-05,7.393026820150287e-07,6.194328321933581e-07,0.0006669489527645958,0.9999997775890573
2026-09-30T01:41:34.798 0.02828260698876352,1.704538153182898e-05,-4.459864792839743e-05,9.996414848620892e-07,6.196674249781433e-07,0.0006684637765048825,0.9999997765773732
2026-09-30T01:41:34.837 0.02830311086219176,1.7403267536666895e-05,-4.469067155024607e-05,1.003152403772154e-06,6.296791871084515e-07,0.0006687843815547872,0.9999997763629991
2026-09-30T01:41:34.891 0.028321230726736816,1.7045867806283983e-05,-4.46746174067684e-05,9.497014855195577e-07,6.297952283161909e-07,0.0006683223130571655,0.9999997766719687
2026-09-30T01:41:34.931 0.028342688276291113,1.7165347238883405e-05,-4.476814884976331e-05,8.95724144674953e-07,6.405051465685738e-07,0.0006689639791417061,0.999999776242966
2026-09-30T01:41:34.992 0.02836176187563607,1.752321526079448e-05,-4.470889925571543e-05,9.477819647264789e-07,6.133807038220882e-07,0.0006688343096305135,0.9999997763296709
2026-09-30T01:41:35.029 0.02838131203782472,1.7165833516072348e-05,-4.482921718556611e-05,9.924229111380422e-07,6.6844547830462e-07,0.0006696544202343277,0.9999997757807377
2026-09-30T01:41:35.085 0.028401816314780087,1.7285300988304614e-05,-4.4667921344759036e-05,8.932188578183897e-07,5.665815042556757e-07,0.0006698959440811424,0.9999997756191275
2026-09-30T01:41:35.129 0.028418982218974417,1.7285517086894222e-05,-4.482917311045149e-05,9.807399830145538e-07,5.87303997099439e-07,0.0006701670064341772,0.9999997754374131
2026-09-30T01:41:35.178 0.02844091672439332,1.7285793247044105e-05,-4.484895275117874e-05,9.445717786284844e-07,5.832292503797256e-07,0.0006703597024982661,0.9999997753082932
2026-09-30T01:41:35.220 0.02846094369658202,1.716683608209278e-05,-4.4984925792666224e-05,8.776336519805391e-07,6.653015904646705e-07,0.000670237460773111,0.9999997753902414
2026-09-30T01:41:35.273 0.02848001729592698,1.7524704104003858e-05,-4.492567619861834e-05,8.635996712735117e-07,6.182697936201408e-07,0.0006710256621339269,0.999999774861691
2026-09-30T01:41:35.311 0.02849956764509726,1.7286531670694595e-05,-4.492678500742224e-05,9.030939131453398e-07,6.130313697213159e-07,0.000671208461400822,0.9999997747389796
2026-09-30T01:41:35.372 0.028516256924772276,1.7286741790467596e-05,-4.4953172559929624e-05,8.916609183305358e-07,5.810171166131494e-07,0.0006714627214449265,0.9999997745683151
2026-09-30T01:41:35.415 0.028537237686385955,1.7287005935571485e-05,-4.501614776821808e-05,8.501722238872249e-07,6.705402026609204e-07,0.0006714322536335354,0.9999997745887528
2026-09-30T01:41:35.469 0.02855774172773817,1.740647338046433e-05,-4.50038633530926e-05,1.022550991933943e-06,5.998771962866213e-07,0.0006712235008036138,0.9999997747287779
2026-09-30T01:41:35.505 0.02857681511654118,1.7645132088228594e-05,-4.5078724022659654e-05,8.480476171833458e-07,5.878853841006353e-07,0.0006719599078441711,0.9999997742343832
2026-09-30T01:41:35.563 0.028597795834036002,1.7406977648781937e-05,-4.5171501477087434e-05,7.75660964690384e-07,6.523790688370884e-07,0.0006728918119041016,0.9999997736077655
2026-09-30T01:41:35.604 0.02861543892369453,1.7764827660426754e-05,-4.510999009282463e-05,9.89314298173052e-07,5.803193696362318e-07,0.0006730572437951883,0.9999997734962899
2026-09-30T01:41:35.655 0.02863498906082198,1.7526655202512015e-05,-4.524520918474197e-05,8.812622802111952e-07,6.448127534587876e-07,0.0006730526725289836,0.9999997734994281
2026-09-30T01:41:35.702 0.02865453942904991,1.7646110640560685e-05,-4.5231416909473207e-05,8.129964850862248e-07,6.476063096272679e-07,0.0006732891660709845,0.9999997733402836
2026-09-30T01:41:35.747 0.028672659267032875,1.7527129486526495e-05,-4.523026394756069e-05,9.545116937508395e-07,5.797370867146833e-07,0.0006732113470554178,0.9999997733925918
2026-09-30T01:41:35.788 0.02869363998002503,1.764660291570383e-05,-4.5323041460483965e-05,7.166603505121537e-07,6.493519859201475e-07,0.0006739489097446019,0.9999997728959401
2026-09-30T01:41:35.844 0.02871319046755542,1.764684907788088e-05,-4.523474345287591e-05,9.227168450606007e-07,6.265358882500607e-07,0.0006739438576260898,0.9999997728991906
2026-09-30T01:41:35.887 0.028732263810738692,1.776629849063593e-05,-4.533940638808078e-05,9.268534240749741e-07,5.855577533513178e-07,0.000674157476305552,0.9999997727552218
2026-09-30T01:41:35.935 0.028751814180467513,1.7766544639143273e-05,-4.532561409331353e-05,7.974959786670322e-07,5.963836181562032e-07,0.0006748712630592083,0.9999997722738674
2026-09-30T01:41:35.976 0.028770410737211042,1.764756947486146e-05,-4.539972077431344e-05,1.0001656737180686e-06,6.301453605375026e-07,0.0006753106871968704,0.9999997719770132
2026-09-30T01:41:36.030 0.028790914682821116,1.7886246198359864e-05,-4.5447040948959095e-05,8.84000694005691e-07,5.741489044968064e-07,0.0006756108394165124,0.9999997717744152
2026-09-30T01:41:36.079 0.028811418656494166,1.776729505596822e-05,-4.54794599225411e-05,9.464969048971132e-07,5.909130846708489e-07,0.0006754447818808215,0.9999997718865248
2026-09-30T01:41:36.130 0.028829061585733153,1.776751717985145e-05,-4.552225647775992e-05,9.754684606291654e-07,6.062801424158363e-07,0.0006761650789699737,0.9999997713997073
2026-09-30T01:41:36.172 0.028849088814083542,1.788697862405615e-05,-4.549431698999463e-05,8.07758999551823e-07,5.717037646761494e-07,0.0006763591012830733,0.9999997712686672
2026-09-30T01:41:36.223 0.028868639161752935,1.7768015480288218e-05,-4.549542581829704e-05,9.404772070681341e-07,6.133812713934397e-07,0.0006763772154142264,0.9999997712562747
2026-09-30T01:41:36.258 0.028886758784691286,1.7887452880731214e-05,-4.562838317849495e-05,8.039596424202515e-07,6.444633079224712e-07,0.0006765811083939621,0.9999997711184448
2026-09-30T01:41:36.311 0.02890773956836439,1.8006926318110375e-05,-4.5676457263713745e-05,9.909125289478039e-07,6.17572577948376e-07,0.0006768547115309287,0.9999997709331419
2026-09-30T01:41:36.351 0.028925859453467984,1.788794516954407e-05,-4.5645502016664906e-05,6.38992399006312e-07,6.098869661358675e-07,0.0006770040594074113,0.9999997708323354
2026-09-30T01:41:36.414 0.028946840213580766,1.8007418604189288e-05,-4.570847724445187e-05,8.284559315125048e-07,6.350339251250998e-07,0.0006778177111104931,0.9999997702810041
2026-09-30T01:41:36.453 0.028966390467008905,1.788845544948559e-05,-4.57691906430269e-05,8.694574279854138e-07,6.685617868693485e-07,0.0006778569691365717,0.9999997702543368
2026-09-30T01:41:36.513 0.028985464023735894,1.7888695597304788e-05,-4.573974327561985e-05,9.85089256790963e-07,6.6041346004062e-07,0.0006780414540011961,0.9999997701291636
2026-09-30T01:41:36.549 0.029005491179904454,1.8127366322848992e-05,-4.5756507235057546e-05,9.073376217527314e-07,6.30843538682288e-07,0.0006786389593033709,0.9999997697239443
2026-09-30T01:41:36.601 0.029024087805828044,1.8127600456310336e-05,-4.5785910507851484e-05,8.703222848628008e-07,6.349177928798497e-07,0.0006780574354143064,0.9999997701184504
2026-09-30T01:41:36.641 0.02904459175143811,1.8366277179808745e-05,-4.583323068249714e-05,9.452829716242965e-07,6.093069497668867e-07,0.0006786250175011932,0.9999997697333839
2026-09-30T01:41:36.695 0.029063188331741957,1.824730201826087e-05,-4.58924362209289e-05,7.585615791119497e-07,6.690268622516884e-07,0.0006792423410519264,0.999999769314383
2026-09-30T01:41:36.739 0.02908226182229067,1.7889914289254245e-05,-4.590769222273082e-05,9.002713027256587e-07,6.264197769631166e-07,0.0006794177836081659,0.9999997691951096
2026-09-30T01:41:36.789 0.02910324257790079,1.8367015592523463e-05,-4.5970667509013275e-05,7.92272739971103e-07,6.486544431948167e-07,0.0006797627493584044,0.9999997689607514
2026-09-30T01:41:36.829 0.029122792879950444,1.8128843153746315e-05,-4.6001578602953495e-05,8.455277166720085e-07,6.609948155981168e-07,0.0006799806949411065,0.9999997688125246
2026-09-30T01:41:36.881 0.029140912760551373,1.8367489873804003e-05,-4.5970623414400156e-05,9.972576015690437e-07,6.15361020825965e-07,0.0006804602645964024,0.9999997684862008
2026-09-30T01:41:36.924 0.029160939946283795,1.8129323443916827e-05,-4.59724861532757e-05,7.790066135407309e-07,6.074433748541848e-07,0.0006800516447502084,0.9999997687643656
2026-09-30T01:41:36.981 0.02917858285196247,1.8129545565066114e-05,-4.603018385106268e-05,8.830276005370222e-07,6.308435434029e-07,0.0006805784583411249,0.9999997684058654
2026-09-30T01:41:37.024 0.02919861000512925,1.8606634869692978e-05,-4.604694784949737e-05,8.285061993355529e-07,6.345685569297511e-07,0.0006814132576915167,0.9999997678374146
2026-09-30T01:41:37.074 0.029218160282117697,1.8487671717723224e-05,-4.609276010550425e-05,9.86204073950709e-07,6.193191311984886e-07,0.0006812048076636661,0.9999997679793
2026-09-30T01:41:37.125 0.029237233840345576,1.836870257600109e-05,-4.60633127185987e-05,8.074364934148128e-07,5.658834446412824e-07,0.0006818365023854855,0.9999997675489789
2026-09-30T01:41:37.172 0.0292563071128479,1.8488151980554315e-05,-4.621267908150805e-05,8.569029873300894e-07,6.442312509289543e-07,0.0006819939149555196,0.9999997674415483
2026-09-30T01:41:37.213 0.029276334391320696,1.836919485114424e-05,-4.615493726960945e-05,8.810761312607497e-07,6.118679508032288e-07,0.0006819323121459743,0.9999997674835585
2026-09-30T01:41:37.269 0.029295407827244338,1.8607853564376382e-05,-4.619999565404019e-05,9.57947015901266e-07,6.040686146644206e-07,0.0006819765473938081,0.9999997674533261
2026-09-30T01:41:37.313 0.029315911730236444,1.8488902413782914e-05,-4.627711805532667e-05,9.68571877689157e-07,5.89283980142063e-07,0.0006824529690032423,0.9999997671283027
2026-09-30T01:41:37.366 0.02933355480083732,1.84891245540698e-05,-4.623050775513653e-05,8.213751481936156e-07,5.777579835976095e-07,0.0006829779438756123,0.9999997667700327
2026-09-30T01:41:37.404 0.02935358179358456,1.8608585970935072e-05,-4.635157969305284e-05,8.913666619226094e-07,6.450464952471606e-07,0.0006834718390876743,0.99999976643249
2026-09-30T01:41:37.459 0.02937360907055647,1.860883813106633e-05,-4.6293837900652743e-05,7.97745158122969e-07,6.009245358683181e-07,0.0006837235447463711,0.9999997662605311
2026-09-30T01:41:37.501 0.029391728720056912,1.8489856955160603e-05,-4.64118940792855e-05,8.555537516754525e-07,6.847439088911067e-07,0.0006838322311210068,0.9999997661861121
2026-09-30T01:41:37.584 0.02941318641247399,1.8490127114622347e-05,-4.641601864737296e-05,7.878942590347325e-07,6.125660664732387e-07,0.0006845189023757856,0.9999997657164107
2026-09-30T01:41:37.624 0.029430829362271517,1.872876782032218e-05,-4.644391409902062e-05,9.063240726772373e-07,6.471421179585275e-07,0.0006841322514044706,0.9999997659808838
2026-09-30T01:41:37.696 0.02945181026674797,1.860982269228839e-05,-4.641748243240162e-05,7.84856828377639e-07,5.909128279864692e-07,0.0006847934703774189,0.9999997655284414
2026-09-30T01:41:37.736 0.029472314096057353,1.8729290112575754e-05,-4.6539308300389574e-05,8.530262264933109e-07,6.279333591099105e-07,0.0006853298002254328,0.9999997651609439
2026-09-30T01:41:37.789 0.02949091074704215,1.8610314959229707e-05,-4.6553810411116855e-05,6.148915734378641e-07,6.018548423735331e-07,0.0006853868573397845,0.9999997651220301
2026-09-30T01:41:37.828 0.029510937926771015,1.8848985687507855e-05,-4.65556732279864e-05,9.563968747440443e-07,6.226953215178846e-07,0.000685320463411866,0.9999997651672524
2026-09-30T01:41:37.893 0.029529057574770572,1.884921380114346e-05,-4.667372942611765e-05,8.991570184556901e-07,6.625090148744554e-07,0.0006856726069422219,0.9999997649258867
2026-09-30T01:41:37.932 0.029549084922423426,1.884946596947654e-05,-4.657128420601307e-05,7.45473138025266e-07,5.278156140506857e-07,0.0006862021272173025,0.9999997645628754
2026-09-30T01:41:37.988 0.02956863503599056,1.8611293508827857e-05,-4.672140444049856e-05,8.842610384837301e-07,6.205994685265303e-07,0.0006862555686325952,0.999999764526036
2026-09-30T01:41:38.026 0.029587231845894003,1.896915553278473e-05,-4.663159863124273e-05,7.388987374055377e-07,5.988289360409039e-07,0.0006867418922497333,0.9999997641923066
2026-09-30T01:41:38.081 0.02960821258544825,1.8850210385613344e-05,-4.670947496260085e-05,8.247570482652215e-07,5.952206450792189e-07,0.000687258417663032,0.9999997638373885
2026-09-30T01:41:38.119 0.029628239576694602,1.9088881092019956e-05,-4.683054692001566e-05,9.35819806372184e-07,6.183880091124202e-07,0.0006875626976512742,0.9999997636281114
2026-09-30T01:41:38.175 0.029646359648779826,1.908910925486652e-05,-4.668038255192005e-05,8.414976989268715e-07,5.578514429496027e-07,0.0006872181828012895,0.9999997638650471
2026-09-30T01:41:38.214 0.029665909831527015,1.897014609196099e-05,-4.678579937819956e-05,8.983612483866805e-07,5.836959985656153e-07,0.0006872925854093725,0.9999997638138493
2026-09-30T01:41:38.267 0.029684983201272372,1.8851176928367322e-05,-4.687556113183928e-05,8.215803459067204e-07,6.181545156392104e-07,0.0006882530147030434,0.9999997631533373
2026-09-30T01:41:38.306 0.02970405675499759,1.908983565526918e-05,-4.6846113803429223e-05,9.79466408677039e-07,6.006932443091076e-07,0.000688576175441641,0.9999997629307371
2026-09-30T01:41:38.359 0.029724083846488752,1.8851669214446238e-05,-4.69075811125774e-05,8.715567474436389e-07,6.433005463588837e-07,0.0006884507649485297,0.9999997630171573
2026-09-30T01:41:38.397 0.02974315728091151,1.9209537217219716e-05,-4.695263951650663e-05,7.772669700656124e-07,6.616936156269004e-07,0.0006890532889362601,0.9999997626022333
2026-09-30T01:41:38.451 0.02976366134582404,1.9329004664846506e-05,-4.6925453958813e-05,9.444468847266634e-07,5.607626446269925e-07,0.0006893275476325595,0.9999997624131346
2026-09-30T01:41:38.489 0.029782734736127938,1.9448454083069442e-05,-4.7000314608881546e-05,8.596281282327339e-07,5.997612227005723e-07,0.0006892524687666269,0.9999997624649396
2026-09-30T01:41:38.542 0.02980133138861362,1.9210269640182063e-05,-4.701481670011033e-05,9.370404936753877e-07,6.36548974011626e-07,0.0006896998498723101,0.9999997621563886
2026-09-30T01:41:38.593 0.029822312029423943,1.9448952350698903e-05,-4.715229766023658e-05,8.450861996317469e-07,6.762460311170338e-07,0.0006900233244727544,0.9999997619332918
2026-09-30T01:41:38.633 0.029840431911525758,1.956838978121526e-05,-4.7121342452184745e-05,7.92710114397554e-07,6.157097807168876e-07,0.0006903136475574759,0.9999997617330019
2026-09-30T01:41:38.671 0.02986093583957907,1.9330229343814403e-05,-4.718356369140456e-05,8.031106827894814e-07,6.678639076672094e-07,0.0006905261554617149,0.9999997615862404
2026-09-30T01:41:38.726 0.029881916858855318,1.9449702808532982e-05,-4.708262635094177e-05,9.125489322952124e-07,5.501687972990777e-07,0.0006910902762773701,0.9999997611965188
2026-09-30T01:41:38.768 0.029899559695353933,1.9330715631939114e-05,-4.7185027456934726e-05,8.45925573251744e-07,6.070954463036694e-07,0.0006910642517624553,0.9999997612145294
2026-09-30T01:41:38.820 0.02991958680740364,1.933096777293277e-05,-4.723159366251175e-05,8.442082934256898e-07,6.579689279482065e-07,0.0006912629160045867,0.9999997610771891
2026-09-30T01:41:38.857 0.02993866031701,1.9331207915284085e-05,-4.723194858024101e-05,9.124521093336203e-07,6.208329096145052e-07,0.0006915772417021382,0.9999997608598218
2026-09-30T01:41:38.913 0.029958687449618243,1.9569878638094344e-05,-4.726361368224686e-05,9.401818446759443e-07,6.31310485486399e-07,0.0006919035900128527,0.9999997606340412
2026-09-30T01:41:38.953 0.02997823767948606,1.9450915480656704e-05,-4.733922822339006e-05,7.88292933500533e-07,6.299125855231205e-07,0.0006923866012557525,0.9999997602998594
2026-09-30T01:41:39.006 0.02999683428034845,1.9570358900925435e-05,-4.738353265825066e-05,9.366854269189631e-07,6.124512118294491e-07,0.0006921874136270196,0.9999997604376373
2026-09-30T01:41:39.051 0.03001686153225915,1.968982034786408e-05,-4.7340692027917214e-05,6.633879584456765e-07,6.444637221152257e-07,0.0006925489830290993,0.9999997601874966
2026-09-30T01:41:39.102 0.0300364118343088,1.9451647909086934e-05,-4.737160312185744e-05,9.147596128427138e-07,6.480742170486227e-07,0.0006930306271840657,0.9999997598536177
2026-09-30T01:41:39.140 0.03005548524517124,1.980951590912647e-05,-4.7431562668354835e-05,8.201439481276745e-07,6.110536016273198e-07,0.0006934992158506324,0.9999997595288669
2026-09-30T01:41:39.194 0.03007455868859932,1.9452128174651966e-05,-4.7476620955293075e-05,8.453778437788353e-07,6.507513798123317e-07,0.0006936223631207587,0.9999997594434107
2026-09-30T01:41:39.231 0.030093155333580562,1.9809990179471246e-05,-4.749112314401435e-05,9.976982990528088e-07,5.931267803547049e-07,0.0006936676448942157,0.9999997594118967
2026-09-30T01:41:39.300 0.030112705679749066,1.9810236325244643e-05,-4.7492231991815256e-05,9.66012051116999e-07,5.88702845843057e-07,0.0006942281515416152,0.9999997590229679
2026-09-30T01:41:39.334 0.030131779028935886,1.945284857983437e-05,-4.759689484902613e-05,8.225536983307893e-07,6.21298193787247e-07,0.0006938995663878113,0.9999997592511356
2026-09-30T01:41:39.388 0.030151806229223296,1.9929937889929123e-05,-4.75838565623245e-05,8.043644520344575e-07,6.401573996110402e-07,0.0006944577924246131,0.9999997588636298
2026-09-30T01:41:39.428 0.03017135650471086,1.9930184027500694e-05,-4.762966883782989e-05,9.339737578217609e-07,6.405075249987113e-07,0.0006952430859173687,0.9999997583178553
2026-09-30T01:41:39.481 0.030191383690443285,1.9692017597613515e-05,-4.763153157670543e-05,8.408679412219226e-07,6.650705657161736e-07,0.000695283730350401,0.9999997582896633
2026-09-30T01:41:39.516 0.030209026593120178,1.9930658297845465e-05,-4.7689229313489404e-05,9.196067060431507e-07,6.595995474016546e-07,0.0006953351817388098,0.9999997582538229
2026-09-30T01:41:39.574 0.030229530474052857,1.969249785497672e-05,-4.7781252837845545e-05,8.508115240790119e-07,6.782255959032903e-07,0.0006957901294022462,0.9999997579374267
2026-09-30T01:41:39.612 0.030249080818720474,1.9811953290291453e-05,-4.7782361705144946e-05,8.674298249470717e-07,6.329402133779247e-07,0.0006964759189617619,0.9999997574600412
2026-09-30T01:41:39.665 0.030268631163388092,1.9931408725606182e-05,-4.778347057244434e-05,7.909818801740765e-07,6.530795434482448e-07,0.0006960870357306735,0.9999997577308639
2026-09-30T01:41:39.717 0.030289135088439622,1.9931666867287986e-05,-4.784569185066116e-05,8.60036898452855e-07,6.114033222372554e-07,0.0006962481583468403,0.9999997576186649
2026-09-30T01:41:39.766 0.0303077316908029,1.993190099801539e-05,-4.788999626602325e-05,7.722923402981957e-07,6.293308221143191e-07,0.0006974720441912689,0.999999756765848
2026-09-30T01:41:39.805 0.03032775889709386,1.993215314994481e-05,-4.7876957901327635e-05,9.306381581799435e-07,6.187379825052208e-07,0.0006969067221842395,0.9999997571598563
2026-09-30T01:41:39.866 0.030347786031202993,2.0051614583213746e-05,-4.7908622983835e-05,8.633255630416698e-07,5.940575410933953e-07,0.0006971628312074828,0.9999997569814147
2026-09-30T01:41:39.908 0.030367813121193268,1.993265743193213e-05,-4.797009031248167e-05,7.86761475677534e-07,6.3352193858987e-07,0.0006983988154518398,0.9999997561190074
2026-09-30T01:41:39.961 0.0303873634894212,2.0052112869980805e-05,-4.795629803721292e-05,8.479076298290533e-07,6.259552972597448e-07,0.000697990614807457,0.9999997564039658
2026-09-30T01:41:40.012 0.03040596006672327,2.0171556287515595e-05,-4.801550361464167e-05,8.744651222615855e-07,6.439998343797973e-07,0.0006980145754557217,0.9999997563872068
2026-09-30T01:41:40.064 0.030426940782717207,2.005261113761027e-05,-4.810828108856794e-05,8.410409756929023e-07,6.780641218424371e-07,0.0007214083843471539,0.9999997397843541
2026-09-30T01:41:40.100 0.030446014357000957,2.052968844632873e-05,-4.806393265658672e-05,6.860669525044121e-07,5.662476879077644e-07,0.0007388571899698065,0.9999997270445935
2026-09-30T01:41:40.155 0.0304660413748094,2.0529940576386623e-05,-4.817010343243637e-05,8.251499767199553e-07,5.610680677655083e-07,0.000738666391409349,0.999999727185446
2026-09-30T01:41:40.195 0.03048463804785362,2.0530174715315852e-05,-4.816970442009399e-05,6.818530403805406e-07,5.230573253863035e-07,0.0007355777726476185,0.9999997294622643
2026-09-30T01:41:40.255 0.03050418832334118,2.0530420852887423e-05,-4.821551669559938e-05,7.457601127280109e-07,5.70439070712502e-07,0.000739559010746758,0.9999997265257566
2026-09-30T01:41:40.293 0.03052278501994571,2.0530654994550593e-05,-4.8200216540688835e-05,8.034725769793166e-07,5.06469185135927e-07,0.0007389142570618303,0.999999727002372
2026-09-30T01:41:40.354 0.03054185846037202,2.0411685839158748e-05,-4.824527486662408e-05,6.507788597098572e-07,5.734068722938233e-07,0.0007372223967392742,0.9999997282511558
2026-09-30T01:41:40.396 0.030562839266104546,2.0650368568813182e-05,-4.827844782877322e-05,8.223722494908379e-07,5.168885001077189e-07,0.0007392626733408659,0.9999997267448408
2026-09-30T01:41:40.456 0.030581912705029964,2.0650608702962672e-05,-4.832350617420695e-05,7.569874693905148e-07,5.268415992767239e-07,0.0007393169744289817,0.999999726704743
2026-09-30T01:41:40.502 0.03060098612039507,2.0650848834378214e-05,-4.8383465662208846e-05,8.445019055799859e-07,5.289376223043197e-07,0.0007392797688717536,0.9999997267321779
2026-09-30T01:41:40.553 0.030619106027558088,2.0651076978087183e-05,-4.8337609292090354e-05,6.498328485724272e-07,4.7631673450775494e-07,0.0007398245138734545,0.9999997263294823
2026-09-30T01:41:40.595 0.0306391331381069,2.0770538408622173e-05,-4.838417551716587e-05,8.419378443910333e-07,5.463999460789795e-07,0.0007398698801266442,0.9999997262957391
2026-09-30T01:41:40.650 0.03065868341509535,2.0651575256652415e-05,-4.842998777317275e-05,6.089565532472712e-07,4.71601692591207e-07,0.0007402463188867782,0.9999997260173595
2026-09-30T01:41:40.691 0.030678710505085624,2.05326181053708e-05,-4.849145510181943e-05,6.916323555900912e-07,5.553630111925281e-07,0.0007402972432544591,0.9999997259795649
2026-09-30T01:41:40.754 0.030698737706873924,2.089049812592422e-05,-4.8478416795619305e-05,7.782080173258947e-07,4.779474370824461e-07,0.0007408160380363925,0.9999997255953442
2026-09-30T01:41:40.803 0.03071733430773631,2.1009941546192956e-05,-4.85227212304799e-05,6.757855159979331e-07,5.387156445056968e-07,0.0007417459288244887,0.9999997249060772
2026-09-30T01:41:40.849 0.030737838212229304,2.0771781106058152e-05,-4.859984361226788e-05,6.916539423919422e-07,5.530348037384348e-07,0.0007415012109195076,0.9999997250875472
2026-09-30T01:41:40.888 0.03075834223002121,2.0891248548217056e-05,-4.860246033971056e-05,7.870510684517353e-07,5.783557697441235e-07,0.0007420170884479983,0.9999997247048054
2026-09-30T01:41:40.942 0.03077836938919154,2.08915006946786e-05,-4.861922426015126e-05,8.68945158536964e-07,5.65608829247459e-07,0.0007422288995301752,0.9999997245475549
2026-09-30T01:41:40.982 0.030797442897297016,2.101095012657124e-05,-4.861957919737902e-05,8.247746979365804e-07,5.028025370661781e-07,0.0007425900549955889,0.9999997242795006
2026-09-30T01:41:41.037 0.030817469912103684,2.1249620835711795e-05,-4.8725750012225664e-05,7.090564673290462e-07,6.344111046387821e-07,0.000764996843279343,0.9999997073894195
2026-09-30T01:41:41.077 0.030835112931081262,2.160747083915479e-05,-4.870894205566734e-05,8.039676121165373e-07,6.349948226899076e-07,0.0007778421550945243,0.9999996974802203
2026-09-30T01:41:41.128 0.030856570417459064,2.113090381584573e-05,-4.8847176828874245e-05,6.547284737446876e-07,6.828987474197935e-07,0.0007775685805369477,0.9999996976930581
2026-09-30T01:41:41.168 0.030877074480870705,2.1369580553013843e-05,-4.8819991290679094e-05,8.191534414819726e-07,6.455887381528365e-07,0.0007782051263636544,0.9999996971978009
2026-09-30T01:41:41.223 0.030896624941839007,2.1608245291539617e-05,-4.8746594464636205e-05,3.6823450827196693e-07,5.284139520676857e-07,0.0007785589198634034,0.9999996969227508
2026-09-30T01:41:41.268 0.030917128749088967,2.160850341955171e-05,-4.888332145569381e-05,6.233236511038673e-07,6.374966891520788e-07,0.0007787672179132166,0.9999996967603667
2026-09-30T01:41:41.316 0.030934294939008844,2.1370300971865957e-05,-4.886575947157136e-05,7.915384402724652e-07,6.260890622049627e-07,0.0007789042223548245,0.9999996966535509
2026-09-30T01:41:41.351 0.0309552757668008,2.1728192993795664e-05,-4.888403131065084e-05,7.614427098710035e-07,7.292327803310351e-07,0.0007785634983102583,0.9999996969188378
2026-09-30T01:41:41.407 0.03097387234710465,2.1609217832247794e-05,-4.894323684908259e-05,6.727596649197272e-07,6.649129023388468e-07,0.0007800485628335487,0.9999996957616262
2026-09-30T01:41:41.453 0.030993422719835243,2.137104540167247e-05,-4.892944451531834e-05,7.859660150075526e-07,6.326083560517569e-07,0.0007798087739481411,0.9999996959485828
2026-09-30T01:41:41.497 0.031013926640384114,2.1728931411978268e-05,-4.8991665852030657e-05,6.651455246473511e-07,6.518743262780549e-07,0.0007798379734586172,0.9999996959258877
2026-09-30T01:41:41.536 0.03103204654904802,2.1609950266145905e-05,-4.8945809462413656e-05,8.296488718141031e-07,5.829576009511164e-07,0.0007808586896136293,0.9999996951292929
2026-09-30T01:41:41.593 0.031051596753854632,2.1610196395515652e-05,-4.903632516562351e-05,6.746569084030043e-07,6.737605507651607e-07,0.0007809779050481713,0.9999996950362549
2026-09-30T01:41:41.632 0.031071623842344024,2.161044853377537e-05,-4.909779251376869e-05,6.900607654977847e-07,6.592669013990506e-07,0.0007804317884255057,0.99999969546261
2026-09-30T01:41:41.688 0.031091174139891015,2.1729903963622216e-05,-4.912870366620441e-05,7.342102258035132e-07,6.525151557436988e-07,0.0007812011425452554,0.9999996948618585
2026-09-30T01:41:41.729 0.03111120123138218,2.149173752279927e-05,-4.9190170975352584e-05,7.386860943053692e-07,6.391275040455224e-07,0.000782146082625313,0.9999996941232289
2026-09-30T01:41:41.780 0.031130751571547127,2.1968820826737997e-05,-4.9191279901147484e-05,6.48270277400886e-07,6.711993122680021e-07,0.0007817631473655295,0.9999996944227086
2026-09-30T01:41:41.819 0.031150301821973488,2.2088276251116955e-05,-4.9251993338719514e-05,7.39855714368512e-07,6.820265901140359e-07,0.0007827542353681025,0.9999996936473503
2026-09-30T01:41:41.876 0.031170805820707737,2.1850115821917923e-05,-4.926951115023486e-05,7.915685706285342e-07,6.708510754420485e-07,0.0007830761995637094,0.9999996933952475
2026-09-30T01:41:41.917 0.031189402446631327,2.1850349955379267e-05,-4.92989144230288e-05,7.396047409365038e-07,6.84238692223613e-07,0.000785381031702956,0.9999996915877624
2026-09-30T01:41:41.967 0.031209429511560402,2.185060209090504e-05,-4.937528291374213e-05,7.403607787857825e-07,6.7224788143213e-07,0.0007848615859171515,0.999999691995598
2026-09-30T01:41:42.005 0.03122897980610561,2.2208476099834546e-05,-4.9406194105174846e-05,8.197486511773491e-07,6.868002902247619e-07,0.0007848565171788603,0.9999996919995044
2026-09-30T01:41:42.061 0.0312461458546636,2.1970273635745147e-05,-4.947803897646135e-05,7.905153899773068e-07,6.929119908781954e-07,0.0007858720316469959,0.9999996912019747
2026-09-30T01:41:42.102 0.03126760344983765,2.220896236335378e-05,-4.954176815381844e-05,5.308770350214118e-07,6.567634326953338e-07,0.0007861151955323268,0.9999996910110454
2026-09-30T01:41:42.170 0.03128667714642564,2.2328411817117964e-05,-4.942291395050093e-05,8.137279231595724e-07,6.586278300341429e-07,0.0007857728273608917,0.9999996912799363
2026-09-30T01:41:42.208 0.03130622735123226,2.232865794648771e-05,-4.951342965371078e-05,7.83487400816113e-07,6.551352796792053e-07,0.0007869839200838405,0.9999996903275853
2026-09-30T01:41:42.263 0.031326731277784674,2.220970679862818e-05,-4.95756509124291e-05,7.278805984319972e-07,7.125277139945393e-07,0.000787639615298983,0.9999996898113513
2026-09-30T01:41:42.304 0.03134485113632617,2.2329144226410595e-05,-4.955959684694542e-05,7.792873817495907e-07,6.561829897834993e-07,0.0007869727474901375,0.9999996903363805
2026-09-30T01:41:42.357 0.031365355084938026,2.232940237082634e-05,-4.960691698259408e-05,7.106778115676598e-07,6.503618257455337e-07,0.000787360814284658,0.999999690030962
2026-09-30T01:41:42.398 0.03138442852686522,2.2091223925893164e-05,-4.965197528903082e-05,6.625361990565075e-07,6.51467569007856e-07,0.0007886071950424439,0.9999996890488659
2026-09-30T01:41:43.328 0.03140350207758865,2.256830123187769e-05,-4.9622527999617756e-05,7.424290162066533e-07,6.066481690697964e-07,0.0007883400751842896,0.999999689259455
2026-09-30T01:41:43.362 0.03142352917058071,2.221092550151341e-05,-4.9683995289267444e-05,6.613293689422342e-07,6.866249712339554e-07,0.0007885635402553599,0.9999996890832688
2026-09-30T01:41:44.599 0.03144164900556189,2.2330362926561885e-05,-4.968284236635192e-05,7.02857908308858e-07,6.432023663136015e-07,0.000788952218318327,0.9999996887766963
2026-09-30T01:41:44.636 0.031461676018867665,2.268824292524377e-05,-4.978901320069706e-05,6.966312697603536e-07,7.040875002457434e-07,0.0007887512904599096,0.999999688935162
2026-09-30T01:41:44.694 0.03148170330184314,2.2211657927209696e-05,-4.973127133030299e-05,6.435634620345316e-07,6.292322394093411e-07,0.0007899289901449519,0.9999996880056415
2026-09-30T01:41:44.744 0.03150173026802828,2.25695379204237e-05,-4.9867244449784445e-05,6.857134939772406e-07,6.876729993388069e-07,0.0007902501467843562,0.9999996877518325
2026-09-30T01:41:44.799 0.03152128059363825,2.2331365484380492e-05,-4.988325440115651e-05,6.717401801408053e-07,7.117708259097206e-07,0.0007896641229511995,0.9999996882147589
2026-09-30T01:41:44.839 0.03153987719299974,2.257001819419056e-05,-4.992755885551561e-05,6.724190520060984e-07,7.155543723536306e-07,0.0007902290859405229,0.999999687768465
2026-09-30T01:41:44.893 0.031558950748225845,2.2689467631551086e-05,-4.9898111507607044e-05,8.071633774017754e-07,6.4302856719386e-07,0.0007910091952087233,0.9999996871516451
2026-09-30T01:41:44.943 0.03157945464971706,2.2689725770498945e-05,-4.997523392839201e-05,7.131870011671177e-07,6.829002413688171e-07,0.0007914254544002371,0.9999996868223385
2026-09-30T01:41:44.983 0.03159852818138286,2.2809175205125532e-05,-4.9960687723051626e-05,6.224477680043632e-07,6.656701916077841e-07,0.00079120794576563,0.999999686994529
2026-09-30T01:41:45.026 0.03161807850699282,2.2571002769082325e-05,-4.997669767442369e-05,7.08540073113751e-07,6.102571032447827e-07,0.0007917107921110325,0.9999996865965245
2026-09-30T01:41:45.079 0.031637151870734626,2.292887076365398e-05,-5.006645950605739e-05,6.910853532593741e-07,7.210262272041855e-07,0.000792930140318678,0.9999996856303481
2026-09-30T01:41:45.117 0.03165574861596068,2.2809895621243707e-05,-5.002135704651205e-05,7.222868276773375e-07,6.748095104626309e-07,0.0007923306929337522,0.9999996861054987
2026-09-30T01:41:45.172 0.03167625253801044,2.304857234200817e-05,-5.008357836372586e-05,5.700641660416135e-07,7.36275800435283e-07,0.0007921157942617512,0.9999996862758015
2026-09-30T01:41:45.213 0.031695326050618575,2.2810393905276822e-05,-5.008393324245812e-05,7.60148945847067e-07,6.646234745968157e-07,0.0007930978402881738,0.9999996854973486
2026-09-30T01:41:45.263 0.031715353091987336,2.2810646038068653e-05,-5.017520287573962e-05,5.91422297631828e-07,6.876144377031002e-07,0.0007932001863890571,0.9999996854162714
2026-09-30T01:41:45.299 0.03173585710827835,2.3049322769768885e-05,-5.017781962268079e-05,6.319840963695786e-07,6.625272773806039e-07,0.0007941381128677596,0.99999968467186
2026-09-30T01:41:45.353 0.031753976853520945,2.2811132315257596e-05,-5.023627121154241e-05,6.852299940216009e-07,6.881389425767264e-07,0.0007937598374191091,0.9999996849721391
2026-09-30T01:41:45.390 0.031774957593075186,2.2692187168086215e-05,-5.0314147542900525e-05,7.351004716350015e-07,7.292338542440738e-07,0.0007938283665107299,0.9999996849176765
2026-09-30T01:41:45.448 0.03179403102749794,2.305005517085969e-05,-5.0359205946829764e-05,7.244177337016928e-07,7.248100570617598e-07,0.0007944504986424903,0.9999996844236277
2026-09-30T01:41:45.494 0.03181358140022854,2.281188274028437e-05,-5.034541361306551e-05,5.918871204987611e-07,6.784177770534931e-07,0.0007949624817202365,0.9999996840168711
2026-09-30T01:41:45.544 0.03183265478903155,2.3050541448048636e-05,-5.0420274282632565e-05,5.839117302299449e-07,7.399432432364374e-07,0.0007954943899320027,0.9999996835938435
2026-09-30T01:41:45.585 0.03185172839137828,2.316999089087705e-05,-5.0361024649587684e-05,9.387923432137873e-07,6.724827087924987e-07,0.0007940618512548339,0.9999996847321717
2026-09-30T01:41:45.650 0.03187366280405681,2.3051057750549836e-05,-5.044040884108908e-05,8.598567224057332e-07,6.886641261520417e-07,0.0007964137366061765,0.999999682861923
2026-09-30T01:41:45.689 0.03189416687197112,2.293210661909396e-05,-5.0413223244398445e-05,8.630422129599944e-07,6.679422190410951e-07,0.0007963139660638343,0.999999682941388
2026-09-30T01:41:45.744 0.03191324033445686,2.2932346755977386e-05,-5.044338044726403e-05,1.0142709262170043e-06,6.253933275828972e-07,0.0007955721642059546,0.9999996835317058
2026-09-30T01:41:45.788 0.031932313820502906,2.293258689559476e-05,-5.0458636507561444e-05,7.566280823081023e-07,5.803390512400512e-07,0.0007962750509370424,0.9999996829725167
2026-09-30T01:41:45.845 0.031950910394803196,2.3290448892212212e-05,-5.05178421239872e-05,8.805613950491891e-07,6.295253412907903e-07,0.0007969633171174671,0.9999996824240993
2026-09-30T01:41:45.883 0.031969983855788045,2.3409898318636975e-05,-5.054799934635127e-05,7.397873284127247e-07,7.123539824067217e-07,0.0007976881141242555,0.9999996818462583
2026-09-30T01:41:45.940 0.031991441480525955,2.3171749890814228e-05,-5.059682730314621e-05,8.734755900066921e-07,6.855792905321094e-07,0.0007974408585381963,0.9999996820433715
2026-09-30T01:41:45.981 0.03201099168233079,2.341041459926664e-05,-5.068734304535306e-05,8.311712428031079e-07,7.051367743876883e-07,0.0007972418218325049,0.9999996822020942
2026-09-30T01:41:46.040 0.03203149570312446,2.3291463462342876e-05,-5.068995973379875e-05,7.915335665774425e-07,6.778372079791007e-07,0.0007980454682300287,0.9999996815611216
2026-09-30T01:41:46.088 0.03204913867498142,2.3649313460317985e-05,-5.0702954062376746e-05,7.886431078882698e-07,6.816207721552313e-07,0.0007991019400015294,0.9999996807174505
2026-09-30T01:41:46.137 0.03206821225526873,2.3649553610871125e-05,-5.065860555240153e-05,8.106386167282288e-07,6.538558301093563e-07,0.0007986434787503523,0.9999996810837037
2026-09-30T01:41:46.184 0.032089192974264436,2.3292189881883136e-05,-5.075138298733081e-05,9.406725909424856e-07,6.710279378575873e-07,0.0007990875005511448,0.9999996807288647
2026-09-30T01:41:46.239 0.0321077896678672,2.353084260262897e-05,-5.073608287141727e-05,9.289753239359503e-07,6.494329201327482e-07,0.0008001881005762189,0.9999996798488082
2026-09-30T01:41:46.279 0.03212829349567569,2.3769519312457663e-05,-5.085790875890372e-05,8.155894068441476e-07,6.349384088513722e-07,0.0007990098339660265,0.9999996807910575
2026-09-30T01:41:46.336 0.032147367171705146,2.365055018440524e-05,-5.075395565915737e-05,9.848004329760936e-07,6.267904945144695e-07,0.0008001128521787971,0.9999996799089793
2026-09-30T01:41:46.389 0.032165963728448675,2.3531575020123428e-05,-5.082806234015729e-05,1.01672353461862e-06,5.821455109785267e-07,0.0008010148132642891,0.9999996791868967
2026-09-30T01:41:46.428 0.03218694432063749,2.3889467014713713e-05,-5.099534560491834e-05,7.92552754353464e-07,7.232393491869672e-07,0.0008002302345041455,0.999999679815159
2026-09-30T01:41:46.462 0.03220697160061117,2.3651300595762306e-05,-5.0937603773521255e-05,1.0619330283789538e-06,6.748705443077588e-07,0.0008007985940247028,0.9999996793599629
2026-09-30T01:41:46.519 0.03222652189965904,2.365154673606782e-05,-5.096851490645847e-05,8.425407494386696e-07,5.728312853288923e-07,0.0008021573347775994,0.9999996782712344
2026-09-30T01:41:46.556 0.03224464166546018,2.3651774863373133e-05,-5.101206539174893e-05,7.766610627641777e-07,6.878490703698455e-07,0.0008010280415161181,0.9999996791764487
2026-09-30T01:41:46.615 0.03226419191738742,2.3652020998210766e-05,-5.1072778809822475e-05,7.913854721946029e-07,7.335422370086501e-07,0.0008019953250903516,0.9999996784011154
2026-09-30T01:41:46.654 0.03228421911917572,2.4009901018764187e-05,-5.105974050362234e-05,8.071371184279001e-07,6.856957205176924e-07,0.0008027621405990797,0.9999996777858601
2026-09-30T01:41:46.711 0.032304246279846946,2.3890943875684395e-05,-5.107650440456455e-05,9.697073926945708e-07,6.493169751095277e-07,0.0008028203359315556,0.9999996777390212
2026-09-30T01:41:46.759 0.032322842907271415,2.3771968719604407e-05,-5.110590765786e-05,8.444030141840519e-07,7.068835609092086e-07,0.0008030791102148369,0.999999677531313
2026-09-30T01:41:46.819 0.032343346879443576,2.3772226866754094e-05,-5.113832665094049e-05,1.0366553181633762e-06,6.810406206150224e-07,0.0008035769831068973,0.9999996771311948
2026-09-30T01:41:46.858 0.03236194359360487,2.4249298169316532e-05,-5.110812543145578e-05,6.648139690688443e-07,6.031564340518414e-07,0.000803246308033005,0.9999996773972294
2026-09-30T01:41:46.910 0.03238292433466001,2.4011143732603816e-05,-5.1186001743315406e-05,9.533711928843034e-07,6.816221796794596e-07,0.000803664709538566,0.9999996770607784
2026-09-30T01:41:46.953 0.032403428305331286,2.4130611169294834e-05,-5.12184207558944e-05,9.951945198596092e-07,6.680019185380824e-07,0.000804434764230698,0.9999996764415844
2026-09-30T01:41:47.006 0.03242250172369817,2.3892432721627716e-05,-5.12783802048993e-05,9.861524092707596e-07,6.915177514737888e-07,0.0008044900685582747,0.9999996763970871
2026-09-30T01:41:47.047 0.03244300576354949,2.4131109456061893e-05,-5.126609580927232e-05,9.642115601501224e-07,6.365114609601822e-07,0.0008052877639355878,0.9999996757550886
2026-09-30T01:41:47.116 0.032460648810590055,2.4131331593614834e-05,-5.1234386651650345e-05,1.112056100741509e-06,6.494344632482631e-07,0.0008049934654845028,0.9999996759918786
2026-09-30T01:41:47.158 0.032481152687020065,2.4250799019370084e-05,-5.132641023450198e-05,9.706245483784969e-07,6.199805449546171e-07,0.0008054429405170252,0.9999996756301189
2026-09-30T01:41:47.210 0.032501179869750714,2.425105116856557e-05,-5.1328273012374515e-05,9.416604520949646e-07,6.801671710501456e-07,0.0008068145692839414,0.9999996745243978
2026-09-30T01:41:47.255 0.03252073005099702,2.4251297295201375e-05,-5.143368985815252e-05,1.0272211083234726e-06,6.459415339486235e-07,0.0008057685095889384,0.9999996753677656
2026-09-30T01:41:47.310 0.03254028046784647,2.42515434491766e-05,-5.1390095278248955e-05,8.560198054584145e-07,6.255677994306192e-07,0.0008059674824639839,0.9999996752075938
2026-09-30T01:41:47.353 0.03255840018502607,2.437098086055536e-05,-5.146344806817424e-05,1.0089125410063592e-06,6.520533728995624e-07,0.0008076438589426341,0.9999996738549238
2026-09-30T01:41:47.411 0.03257842725295693,2.4132814416998472e-05,-5.153981651989057e-05,9.488464098965474e-07,6.58339372313444e-07,0.0008070622952857309,0.9999996743245059
2026-09-30T01:41:47.451 0.0325979774768212,2.4490688417726156e-05,-5.161543113902776e-05,1.0365159340687523e-06,6.758604362667343e-07,0.0008072256731433864,0.9999996741925377
2026-09-30T01:41:47.504 0.032617051105730016,2.437171928420585e-05,-5.154128032441773e-05,9.274540901106592e-07,6.203296764898341e-07,0.0008073810574342453,0.9999996740672384
2026-09-30T01:41:47.546 0.03263803193802464,2.4371983437511562e-05,-5.155955210500171e-05,9.356154067466831e-07,6.366861235280816e-07,0.0008079900198907204,0.9999996735753702
2026-09-30T01:41:47.605 0.03265758211927094,2.4372229564147365e-05,-5.1664968950779725e-05,1.0699989436225002e-06,7.056630729176983e-07,0.0008086497557330231,0.9999996730419114
2026-09-30T01:41:47.651 0.03267713241381615,2.473010357307687e-05,-5.1695880142212433e-05,1.023844389136257e-06,6.400045367000189e-07,0.0008082678334241852,0.9999996733507724
2026-09-30T01:41:47.708 0.03269715957448738,2.4611146429997087e-05,-5.171264404315463e-05,9.922009526033425e-07,6.808662216024343e-07,0.0008097786971040139,0.9999996721284531
2026-09-30T01:41:47.762 0.032717186783780106,2.4372980002843853e-05,-5.1699605639462024e-05,7.462329959042608e-07,6.649739538392456e-07,0.0008093549068124678,0.9999996724717642
2026-09-30T01:41:47.811 0.03273626020214699,2.4134801555176735e-05,-5.175956508846692e-05,5.556882467305385e-07,9.537954215640287e-07,0.0007645866003920108,0.9999997077030133
2026-09-30T01:41:47.863 0.0327543801108109,2.401582040934437e-05,-5.171370869884993e-05,4.554860779159773e-07,7.437219252671618e-07,0.0007461684895166344,0.9999997216158736
2026-09-30T01:41:47.903 0.03277202299292926,2.4016042527759717e-05,-5.178630753920506e-05,5.095141136831987e-07,7.87378379637211e-07,0.0007509050381981958,0.9999997180703323
2026-09-30T01:41:47.947 0.03279348056904565,2.3897103384010417e-05,-5.186493780063482e-05,3.8662123975455246e-07,7.85514798564005e-07,0.0007488968541040877,0.9999997195763284
2026-09-30T01:41:48.003 0.03281112354390438,2.4016534802902862e-05,-5.187793209021582e-05,4.986945329788472e-07,7.176453550785573e-07,0.0007483916392869201,0.999999719954556
2026-09-30T01:41:48.042 0.03282876658944405,2.4135966229997134e-05,-5.1846222952092346e-05,4.737956921496905e-07,7.49892400316719e-07,0.0007504792191335868,0.9999997183900378
2026-09-30T01:41:48.097 0.032848793535070656,2.4255427641394532e-05,-5.1997097175144976e-05,6.715657263925046e-07,7.939567201280799e-07,0.0007491427309587476,0.9999997193920043
2026-09-30T01:41:48.133 0.03286500611804453,2.437484106369043e-05,-5.193332396167027e-05,5.509929772889329e-07,7.511152123671296e-07,0.0007500556390840044,0.9999997187077957
2026-09-30T01:41:48.192 0.03288407958203115,2.4255871911032527e-05,-5.196348114503734e-05,7.118861641039762e-07,7.072277602946775e-07,0.0007512292115980554,0.9999997178267925
2026-09-30T01:41:48.233 0.03290315311669872,2.413690276657645e-05,-5.194893490069995e-05,5.609143282526917e-07,7.465750456801484e-07,0.0007496457328174785,0.9999997190151622
2026-09-30T01:41:48.284 0.032920795995815294,2.4375543464074463e-05,-5.202153378005208e-05,5.810465478930392e-07,7.263190201563069e-07,0.0007509546912142271,0.9999997180330535
2026-09-30T01:41:48.324 0.03294034629486317,2.4375789604379978e-05,-5.2052444912989306e-05,5.94390754792806e-07,7.28531025769559e-07,0.0007513417615793792,0.9999997177422968
2026-09-30T01:41:48.379 0.032958466038604875,2.4256808439410017e-05,-5.211089652134942e-05,5.475095297458386e-07,6.798691105334419e-07,0.0007509292228090327,0.9999997180522304
2026-09-30T01:41:48.420 0.03297563213128172,2.4257024559871164e-05,-5.21529391464966e-05,5.989032053752386e-07,7.523961961326555e-07,0.0007514608509437746,0.9999997176527925
2026-09-30T01:41:48.473 0.03299518240526839,2.4376479986984066e-05,-5.219875144150048e-05,5.601070896596572e-07,7.552481591374444e-07,0.0007518655414180852,0.9999997173486218
2026-09-30T01:41:48.515 0.033013302334490846,2.4495917422968308e-05,-5.213799394831232e-05,6.207067859246226e-07,7.308594978353217e-07,0.000751350239226098,0.9999997177359095
2026-09-30T01:41:48.585 0.03303094528578926,2.461534883912681e-05,-5.216588938046148e-05,5.646026797713662e-07,6.911034700320943e-07,0.0007531149074275855,0.9999997164085297
2026-09-30T01:41:48.624 0.033050972343213886,2.521164742235924e-05,-5.2242257968667314e-05,8.294391105680027e-07,9.458252446465332e-07,0.0007960054918585992,0.999999683186787
2026-09-30T01:41:48.675 0.033068615270951986,2.5331078835783803e-05,-5.2285054543384625e-05,1.1048945172366887e-06,3.7236747909008487e-07,0.0008223496039110052,0.9999996618698276
2026-09-30T01:41:48.715 0.0330876888497384,2.545052827587827e-05,-5.224070605290791e-05,1.1704658313679e-06,3.7289170368233563e-07,0.0008216511763167598,0.9999996624438607
2026-09-30T01:41:48.765 0.033108192702608105,2.556999569889958e-05,-5.23476307783277e-05,1.2616161986312418e-06,6.490292035071936e-07,0.0008204038301811565,0.9999996634677146
2026-09-30T01:41:48.807 0.03312821984272079,2.5212619974003188e-05,-5.2379295782841065e-05,1.1246739281132494e-06,6.222531351300825e-07,0.0008241746319132197,0.9999996603672043
2026-09-30T01:41:48.861 0.03314777007108771,2.5212866106106876e-05,-5.2454910343482755e-05,1.0744275356861808e-06,6.836036019809705e-07,0.0008233665163248073,0.9999996610329216
2026-09-30T01:41:48.905 0.03316732046287596,2.533232154688949e-05,-5.2426216925645845e-05,1.1755637819899577e-06,6.307515929749116e-07,0.0008219901740456399,0.9999996621651299
2026-09-30T01:41:48.958 0.03318544034647867,2.533254968786452e-05,-5.239526169809551e-05,1.183578611083947e-06,5.477477294181587e-07,0.000824150952907439,0.9999996603866953
2026-09-30T01:41:49.002 0.033206897919593276,2.545202912319788e-05,-5.2473891998522264e-05,1.104213401896275e-06,5.825553524292238e-07,0.0008236104992057653,0.999999660832036
2026-09-30T01:41:49.053 0.033226448193579956,2.5571484550310784e-05,-5.251970429352614e-05,1.095226085624958e-06,6.440225709927383e-07,0.0008237461303459173,0.9999996607202917
2026-09-30T01:41:49.092 0.033246952143692686,2.5452533405185198e-05,-5.256702440967629e-05,1.027812115643367e-06,6.18585515445977e-07,0.0008250511996133994,0.9999996596444816
2026-09-30T01:41:49.147 0.03326507193005236,2.5691180114307117e-05,-5.2595673791395596e-05,1.1285219483656818e-06,6.325559477326564e-07,0.0008246271353296644,0.9999996599941492
2026-09-30T01:41:49.186 0.03328414546622081,2.5453001680309712e-05,-5.25811275275597e-05,1.0487857868107468e-06,6.419268882952877e-07,0.0008247876187631908,0.9999996598618781
2026-09-30T01:41:49.240 0.03330464936621114,2.5572469108798903e-05,-5.265824996784317e-05,1.1462254337369925e-06,6.498438241252942e-07,0.0008258201459492309,0.9999996590096171
2026-09-30T01:41:49.291 0.03332419959307718,2.569192453044392e-05,-5.2733864547983366e-05,1.166015388374725e-06,6.578766505617863e-07,0.0008264103562915179,0.999999658522007
2026-09-30T01:41:49.336 0.03334470363292851,2.5930601264878097e-05,-5.2721580152356384e-05,1.289079016363079e-06,6.223707554674094e-07,0.0008262686976951687,0.9999996586389368
2026-09-30T01:41:49.378 0.033363300233790895,2.605004468514683e-05,-5.2765884587216973e-05,1.2373065956236309e-06,6.233599508549762e-07,0.000826162800774449,0.9999996587264953
2026-09-30T01:41:49.435 0.033383327345840604,2.605029682614049e-05,-5.2812450792794e-05,1.1548875404951766e-06,6.501934164016914e-07,0.0008294122514716113,0.9999996560367211
2026-09-30T01:41:49.469 0.03340335450651182,2.59313396830607e-05,-5.28292146937362e-05,1.1540201276322512e-06,5.982721807730451e-07,0.0008291834957482752,0.9999996562264613
2026-09-30T01:41:49.522 0.0334233815965021,2.5812382531779086e-05,-5.2890682022382875e-05,1.1641043684638973e-06,6.364563662998784e-07,0.0008281089741283143,0.9999996571168246
2026-09-30T01:41:49.563 0.03344293187198966,2.581262866935066e-05,-5.2936494297888254e-05,1.0731301948504062e-06,6.405304782271929e-07,0.0008299553937008518,0.999999655586182
2026-09-30T01:41:49.618 0.03346200554501734,2.5932078120380897e-05,-5.2832541237138906e-05,1.2313741776097456e-06,5.889594514245667e-07,0.0008292493258534361,0.9999996561717871
2026-09-30T01:41:49.654 0.0334825093522673,2.593233624839299e-05,-5.296926822819652e-05,1.1064990454158362e-06,6.593898508892318e-07,0.0008285828302762281,0.9999996567243582
2026-09-30T01:41:49.709 0.03350253653649883,2.5813379108047145e-05,-5.2971130986570553e-05,1.039382014492129e-06,6.122413791109015e-07,0.0008302569361006909,0.999999655335923
2026-09-30T01:41:49.749 0.033522563598426126,2.605204982265558e-05,-5.304749951628088e-05,1.2056681828311182e-06,6.282496026376032e-07,0.0008312016317367588,0.9999996545509399
2026-09-30T01:41:49.804 0.033541637153652236,2.6171499260016112e-05,-5.301805216837234e-05,1.1861088856264345e-06,6.102632714521466e-07,0.0008306057168586448,0.9999996550461224
2026-09-30T01:41:49.840 0.033560233826696456,2.617173339894534e-05,-5.301765315602996e-05,1.2281579972893921e-06,6.000190303761802e-07,0.0008310735571180441,0.9999996546573775
2026-09-30T01:41:49.898 0.033580260915185844,2.6171985537205055e-05,-5.307912050417513e-05,1.1713414499194666e-06,6.099722258153097e-07,0.0008316577741144075,0.9999996541717415
2026-09-30T01:41:49.937 0.033599334451354296,2.593380710320765e-05,-5.306457424033924e-05,1.0038293942019989e-06,6.322064779157798e-07,0.0008315292677236419,0.999999654278775
2026-09-30T01:41:50.001 0.03361840779303668,2.617246580550403e-05,-5.3169237195042604e-05,1.1075164178871492e-06,6.167239069799495e-07,0.0008316225507768671,0.9999996542011033
2026-09-30T01:41:50.037 0.033639388835873245,2.6291939272956555e-05,-5.305339871201165e-05,1.1424086092287945e-06,6.066765680097461e-07,0.0008330502994098037,0.9999996530127025
2026-09-30T01:41:50.091 0.03365846225123834,2.6292179404372097e-05,-5.311335820001355e-05,1.1302206660174372e-06,5.895634356468646e-07,0.0008329432070150661,0.9999996531019343
2026-09-30T01:41:50.129 0.03367848924698736,2.6173222242154718e-05,-5.323443009893287e-05,1.0822481676925847e-06,5.610773057593555e-07,0.0008323343342032559,0.999999653608975
2026-09-30T01:41:50.183 0.033697562728530736,2.6531090250396082e-05,-5.3249686217725775e-05,1.1855349643104076e-06,5.61369032779458e-07,0.0008328093436297507,0.9999996532133781
2026-09-30T01:41:50.220 0.033717590032064745,2.6292923834178612e-05,-5.317704324376053e-05,1.0347515063765789e-06,5.970134839713332e-07,0.0008338175617635884,0.9999996523733629
2026-09-30T01:41:50.277 0.03373809393055418,2.6531600552209136e-05,-5.3254165703542496e-05,9.745396738052066e-07,6.599356016435444e-07,0.0008342457850855766,0.9999996520162319
2026-09-30T01:41:50.314 0.03375573688635526,2.6293404099743644e-05,-5.328206107719616e-05,1.094735508836026e-06,6.106926728492947e-07,0.000834006805471424,0.999999652215478
2026-09-30T01:41:50.368 0.0337762409497669,2.6532080836911762e-05,-5.325487553900102e-05,9.3953777248925e-07,4.7594309404460646e-07,0.0008597020096890378,0.9999996304556044
2026-09-30T01:41:50.406 0.03379626808987959,2.6174705112015373e-05,-5.3286540543514386e-05,1.0626466345099985e-06,5.229185081107396e-07,0.0008728871156950289,0.9999996190332677
2026-09-30T01:41:50.468 0.03381486461705925,2.653256710316494e-05,-5.337554844507645e-05,1.0563657596492206e-06,9.464958156183852e-07,0.0008771388422819375,0.9999996153126458
2026-09-30T01:41:50.506 0.03383346137984206,2.6890429121653933e-05,-5.3315544920956936e-05,1.1560575084368569e-06,9.591855703929907e-07,0.0008754273413583312,0.9999996168122833
2026-09-30T01:41:50.573 0.03385301146684711,2.6890675237353968e-05,-5.348056633700759e-05,1.090023668371744e-06,8.828167612281995e-07,0.0008758131940558588,0.9999996164745673
2026-09-30T01:41:50.612 0.033874469112143556,2.6890945391347826e-05,-5.351449319023137e-05,9.440573082220132e-07,1.0094757687810493e-06,0.0008770510374857237,0.9999996153897097
2026-09-30T01:41:50.672 0.033894496367056035,2.6771988259203802e-05,-5.347165252090093e-05,1.0670655043578023e-06,9.226307249667704e-07,0.000876824279675733,0.9999996155885225
2026-09-30T01:41:50.718 0.03391213917999433,2.6653001079875993e-05,-5.358895476946204e-05,9.659375888973007e-07,9.728632991020908e-07,0.0008770329758587245,0.9999996154055659
2026-09-30T01:41:50.762 0.033932166476023894,2.7010881111365185e-05,-5.3516311892989294e-05,1.1068907922571139e-06,9.226892797725735e-07,0.0008780158757567887,0.9999996145429484
2026-09-30T01:41:50.801 0.03395171672795114,2.7011127246202815e-05,-5.357702531106283e-05,1.1532705542556885e-06,9.284521092861414e-07,0.0008777819606933956,0.9999996147482445
2026-09-30T01:41:50.864 0.03397126697987839,2.7011373381040444e-05,-5.363773872913636e-05,1.0070538988846456e-06,9.087770296640387e-07,0.0008780718340269329,0.9999996144939328
2026-09-30T01:41:50.907 0.03399272457955509,2.6892434240025088e-05,-5.370146784799796e-05,9.98935480378303e-07,9.78218746317388e-07,0.0008787195755123309,0.9999996139249019
2026-09-30T01:41:50.968 0.034009890809091156,2.7250278245513874e-05,-5.365410367623168e-05,9.673592202189584e-07,9.180900385413378e-07,0.000878519831680631,0.9999996141004889
2026-09-30T01:41:51.011 0.03403134838520755,2.7131339101764573e-05,-5.373273393766143e-05,1.0269819285414708e-06,9.461465228638757e-07,0.0008788451653383292,0.9999996138145382
2026-09-30T01:41:51.072 0.034051375548880554,2.677396337960213e-05,-5.374949779960664e-05,1.061292015356682e-06,9.673344244538044e-07,0.0008801349039845005,0.9999996126801693
2026-09-30T01:41:51.105 0.0340704490349266,2.6774203519219498e-05,-5.376475385990406e-05,9.349475473309735e-07,1.0157623956633934e-06,0.0008802535147255045,0.9999996125758469
2026-09-30T01:41:51.171 0.034091429934900386,2.70128862598097e-05,-5.3738322251780564e-05,1.060087050571625e-06,9.558674596582668e-07,0.0008794912445015203,0.9999996132464819
2026-09-30T01:41:51.208 0.03410907279045665,2.7251526954573764e-05,-5.382582227370086e-05,1.2109617626359751e-06,9.623296007172892e-07,0.0008812597073639731,0.9999996116893924
2026-09-30T01:41:51.274 0.03412909990250635,2.7251779095567425e-05,-5.387238847927787e-05,1.0519319422027785e-06,8.867750559792787e-07,0.000880935150701571,0.9999996119756084
2026-09-30T01:41:51.315 0.0341481732486914,2.713280992923981e-05,-5.397705137548574e-05,9.706821708865466e-07,9.7385317754484e-07,0.0008809709543814787,0.9999996119440682
2026-09-30T01:41:51.376 0.034168200500602104,2.7252271376178456e-05,-5.393421074515231e-05,1.0981856885438855e-06,9.800822603232324e-07,0.0008817448992534372,0.9999996112618075
2026-09-30T01:41:51.416 0.03418822757003385,2.6894895643080236e-05,-5.4010579177370146e-05,9.823569714738705e-07,1.0364847723333407e-06,0.0008822086732220707,0.9999996108528331
2026-09-30T01:41:51.498 0.03420730102651603,2.737197293812899e-05,-5.4040736458229725e-05,1.0068554777390223e-06,9.549942332801565e-07,0.0008822496321105321,0.9999996108167547
2026-09-30T01:41:51.537 0.034226851394743955,2.7491428376177665e-05,-5.402694418296096e-05,1.1109151497437062e-06,9.226314856941734e-07,0.0008828090421836716,0.9999996103229789
2026-09-30T01:41:51.598 0.03424640169079005,2.7730093095565843e-05,-5.405785535489517e-05,1.079791162978582e-06,6.175088953876985e-07,0.0009081284756025511,0.9999995876504773
2026-09-30T01:41:51.637 0.034266905688023416,2.761114195590814e-05,-5.407537318590902e-05,1.075550545788036e-06,5.419557291237439e-07,0.0009127530790509396,0.9999995834400963
2026-09-30T01:41:51.701 0.03428693282213254,2.773060338917707e-05,-5.410703826841637e-05,1.1051864107208465e-06,7.799091375881628e-07,0.0009176160743951351,0.9999995789893665
2026-09-30T01:41:51.738 0.034306959887061624,2.7730855524702846e-05,-5.41834067591297e-05,9.322568653748251e-07,7.54704457643049e-07,0.0009215156598739427,0.9999995754036348
2026-09-30T01:41:51.800 0.03432603337460856,2.7611886374778883e-05,-5.4198662799928635e-05,9.174913716390638e-07,7.594770232497416e-07,0.0009169790815741817,0.9999995795738843
2026-09-30T01:41:51.837 0.03434606057789774,2.7850557105790976e-05,-5.418562447423001e-05,1.0525737569967572e-06,7.421903280573413e-07,0.0009184970310463015,0.9999995781806836
2026-09-30T01:41:51.901 0.034364657130138615,2.8089209810133153e-05,-5.425973121372542e-05,1.1026205501024722e-06,7.499324728411394e-07,0.0009211334500773001,0.9999995757556045
2026-09-30T01:41:51.938 0.03438420738656852,2.7731828076346794e-05,-5.4320444573303465e-05,9.578862908172923e-07,7.893961594224096e-07,0.000918899553721909,0.9999995778109456
2026-09-30T01:41:51.999 0.034404711404360425,2.785129551850569e-05,-5.4323061300746144e-05,9.228550684377846e-07,7.380568611075931e-07,0.0009196327652490016,0.9999995771370009
2026-09-30T01:41:52.038 0.034423784722482496,2.8089954218068132e-05,-5.4442625398017666e-05,1.0658732099363989e-06,7.533665201276098e-07,0.0009214792326303846,0.99999957543707
2026-09-30T01:41:52.098 0.03444238153989038,2.785176979431835e-05,-5.435281949126935e-05,1.091608999466642e-06,7.11689929307974e-07,0.000920446957317387,0.9999995763877606
2026-09-30T01:41:52.151 0.03446145495375459,2.7971219215275225e-05,-5.441277899876974e-05,1.0136255084797511e-06,7.213519558869804e-07,0.0009210571518776555,0.9999995758259976
2026-09-30T01:41:52.206 0.03448243576549067,2.7733064786764336e-05,-5.444595188292488e-05,9.458535335246802e-07,7.499897577625986e-07,0.0009219255475935188,0.9999995750258235
2026-09-30T01:41:52.254 0.03450198601591704,2.78525202111433e-05,-5.450666532049692e-05,1.080765715076449e-06,7.506891092863682e-07,0.0009220561753520272,0.9999995749052486
2026-09-30T01:41:52.304 0.034522489867285844,2.8091196923705935e-05,-5.4613590065415204e-05,1.0204191166718364e-06,8.075576128919875e-07,0.0009223122205076579,0.9999995746691468
2026-09-30T01:41:52.340 0.03454204030619471,2.8210652369956435e-05,-5.455509436244197e-05,1.0457884179303118e-06,7.439368690904552e-07,0.0009228706448292713,0.9999995741539722
2026-09-30T01:41:52.411 0.03456063695717951,2.8091677216610388e-05,-5.4569596473169256e-05,1.0493920254564013e-06,7.317132987827649e-07,0.0009230075463760706,0.9999995740276256
2026-09-30T01:41:52.446 0.034580187161986124,2.8091923345980135e-05,-5.466011217637911e-05,9.469262892009193e-07,8.307821261068251e-07,0.0009238940140729467,0.9999995732090409
2026-09-30T01:41:52.504 0.03460021420185399,2.82113847683133e-05,-5.4751381829159096e-05,1.0165311488694002e-06,8.277557657451004e-07,0.0009238785921110603,0.9999995732232232
2026-09-30T01:41:52.541 0.034621195125388096,2.845006751163745e-05,-5.4710049078467435e-05,9.626010767774223e-07,7.947517272826274e-07,0.0009242728171241747,0.9999995728590094
2026-09-30T01:41:52.602 0.034639314894191,2.8211877059860097e-05,-5.47535995247609e-05,1.0376659689441144e-06,7.830524738701904e-07,0.000924387426951393,0.9999995727530062
2026-09-30T01:41:52.639 0.03465791156423345,2.845052977787199e-05,-5.4753200551415524e-05,9.480998915732219e-07,7.880578223502596e-07,0.0009250708559397735,0.9999995721211042
2026-09-30T01:41:52.702 0.03467984611527209,2.8570015233031093e-05,-5.474317792650496e-05,1.084086839434982e-06,7.46556680479077e-07,0.0009256648159250357,0.9999995715713662
2026-09-30T01:41:52.741 0.03469939634363903,2.8570261365134782e-05,-5.4818792487146655e-05,9.886078332374103e-07,7.983026929354938e-07,0.0009259510403399711,0.9999995713064362
2026-09-30T01:41:52.802 0.03471942361911004,2.8689722814807366e-05,-5.476105071424506e-05,1.067111887071257e-06,6.84507256036182e-07,0.0009259684406724191,0.9999995712903279
2026-09-30T01:41:52.837 0.03473849705953635,2.857075365941552e-05,-5.48061090401803e-05,1.1504822893072174e-06,6.797929876506337e-07,0.0009262829289907906,0.9999995709989828
2026-09-30T01:41:52.901 0.034757570477903225,2.8332575211748403e-05,-5.4866068489185195e-05,1.0417334909766665e-06,7.516205524569221e-07,0.0009265769638722483,0.9999995707266478
2026-09-30T01:41:52.935 0.034779028025956636,2.8571263933889157e-05,-5.495959995167861e-05,9.979982574202155e-07,7.334013374940426e-07,0.0009272070383454176,0.9999995701426947
2026-09-30T01:41:53.008 0.034799055138006345,2.857151607488281e-05,-5.5006166157255626e-05,9.841604468075497e-07,7.380579227193862e-07,0.000927963981813629,0.9999995694405749
2026-09-30T01:41:53.043 0.034817651788991134,2.8452540921536768e-05,-5.502066826798291e-05,9.100827597359212e-07,7.89221943828087e-07,0.0009276371461636418,0.9999995697438444
2026-09-30T01:41:53.107 0.03483767892310026,2.8572002354805702e-05,-5.5052333350490265e-05,1.1051527379045569e-06,7.283962081060715e-07,0.0009278603929543563,0.999999569536577
2026-09-30T01:41:53.143 0.0348562754547826,2.8572236477331274e-05,-5.514134119355684e-05,9.954835756044322e-07,8.136697805019455e-07,0.0009287609525181316,0.999999568700627
2026-09-30T01:41:53.208 0.034876779541754555,2.8810913217233337e-05,-5.509925451279354e-05,9.364877994732215e-07,7.755434200150495e-07,0.0009289308491938849,0.9999995685429064
2026-09-30T01:41:53.251 0.03489680658162242,2.8930374639566497e-05,-5.519052416557353e-05,9.571619583538067e-07,8.339840629093876e-07,0.0009294762388096523,0.9999995680360616
2026-09-30T01:41:53.317 0.034916833762852185,2.9049836078303313e-05,-5.519238696294457e-05,9.86842576259214e-07,7.620978741491652e-07,0.0009301843698155988,0.9999995673776482
2026-09-30T01:41:53.358 0.03493686083078303,2.8811669634746425e-05,-5.5268755414660905e-05,9.4473909291799e-07,8.188500375639645e-07,0.0009299557633498125,0.9999995675902641
2026-09-30T01:41:53.418 0.03495450380714265,2.8811891764097542e-05,-5.5281749684743403e-05,9.085689606739458e-07,8.149499374933966e-07,0.0009304404291878145,0.9999995671394654
2026-09-30T01:41:53.456 0.034975484708617326,2.8931365215146412e-05,-5.525531805712142e-05,9.886296995316534e-07,8.047059413131942e-07,0.0009309843748801978,0.9999995666331405
2026-09-30T01:41:53.518 0.03499503488986363,2.8931611341782215e-05,-5.5360734902899425e-05,8.187427078768097e-07,8.123883121907422e-07,0.0009313813691113908,0.9999995662636134
2026-09-30T01:41:53.554 0.035015062096154584,2.893186349371164e-05,-5.534769653820381e-05,9.672330764483241e-07,8.10992281819548e-07,0.0009316050020876279,0.9999995660551693
2026-09-30T01:41:53.619 0.03503461241726189,2.9051318926292432e-05,-5.5363706548071364e-05,9.748038927840197e-07,7.726917390500282e-07,0.0009320401567149601,0.9999995656497052
2026-09-30T01:41:53.660 0.03505368576044516,2.9170768339047483e-05,-5.5468369483276235e-05,8.733019078030862e-07,8.08779885381045e-07,0.0009326547936760195,0.999999565076715
2026-09-30T01:41:53.719 0.035073713108098016,2.9171020507380562e-05,-5.536592426317166e-05,1.0638376399193454e-06,7.958589492847055e-07,0.0009321637192964188,0.9999995655344233
2026-09-30T01:41:53.768 0.03509278652346312,2.9171260638796108e-05,-5.5425883751173565e-05,9.733651022949569e-07,7.411432805887071e-07,0.0009331554167986762,0.9999995646096409
2026-09-30T01:41:53.822 0.035113290517694705,2.9290728078221067e-05,-5.54434016211844e-05,1.0453824759800464e-06,7.277560322753317e-07,0.0009338320824996606,0.9999995639779146
2026-09-30T01:41:53.857 0.0351328408137408,2.9529392797609246e-05,-5.5474312793118614e-05,1.0228706228670847e-06,7.393391942171108e-07,0.0009336330298985038,0.9999995641637913
2026-09-30T01:41:53.921 0.035150960532421296,2.952962091944668e-05,-5.554766556354539e-05,1.0095294542027534e-06,7.859052622368923e-07,0.0009341471308368352,0.9999995636836554
2026-09-30T01:41:53.962 0.03517146450459346,2.9529879066596365e-05,-5.558008455662589e-05,8.062054643636773e-07,8.015619022784433e-07,0.0009349553305250748,0.9999995629285232
2026-09-30T01:41:54.023 0.03519244535894751,2.964935251217735e-05,-5.558345521414021e-05,9.848027672773e-07,7.813649774403004e-07,0.0009349698576162754,0.999999562914797
2026-09-30T01:41:54.061 0.035211042034993506,2.9411168072023916e-05,-5.5583056162800836e-05,9.57973661740949e-07,7.175692545883044e-07,0.0009351777967320408,0.9999995627204323
2026-09-30T01:41:54.121 0.03523154595854415,2.953063550324705e-05,-5.5645277460516144e-05,1.0918684817347585e-06,7.665809788925286e-07,0.0009358024919303515,0.9999995621358623
2026-09-30T01:41:54.163 0.035251096114729256,2.9650090916690242e-05,-5.5765595468360824e-05,8.944702141751025e-07,8.071504650470411e-07,0.0009358677242904656,0.9999995620749796
2026-09-30T01:41:54.226 0.03527064648445807,2.9650337065197584e-05,-5.575180317359357e-05,8.651315561443706e-07,8.285125076038945e-07,0.0009361657709056236,0.9999995617960112
2026-09-30T01:41:54.270 0.03529162717689168,2.9531391912558317e-05,-5.585948179008799e-05,9.508360204569333e-07,7.474298799036029e-07,0.0009370538358669667,0.9999995609642266
2026-09-30T01:41:54.327 0.035310223802815274,2.953162604601966e-05,-5.5888885062881936e-05,9.651371928898135e-07,8.301430348089141e-07,0.000937202603214106,0.9999995608247335
2026-09-30T01:41:54.365 0.03533025107978718,2.9531878206150913e-05,-5.583114327048184e-05,1.0343853989156142e-06,7.599450443692544e-07,0.0009370109288547136,0.9999995610043395
2026-09-30T01:41:54.430 0.0353483709368278,2.9770524923474657e-05,-5.581508922449666e-05,9.487957904312273e-07,7.840425251803014e-07,0.0009377231091873315,0.9999995603368311
2026-09-30T01:41:54.470 0.03536744439781264,2.9889974349899416e-05,-5.584524644686075e-05,1.0139156925110826e-06,7.696657125601932e-07,0.0009385100256610896,0.9999995595985587
2026-09-30T01:41:54.551 0.03538937878392908,3.0009459785920925e-05,-5.593953181992729e-05,1.0083058235395469e-06,7.64194156816755e-07,0.0009384806932695723,0.9999995596260969
2026-09-30T01:41:54.593 0.03540940599172094,2.989050264830902e-05,-5.592649343573318e-05,9.911791577383142e-07,7.244964259561446e-07,0.0009383046867695562,0.9999995597913068
2026-09-30T01:41:54.664 0.03542943305665001,2.9890754783834795e-05,-5.600286192644651e-05,9.335873670650467e-07,7.608177410361666e-07,0.0009396826246313875,0.9999995584974598
2026-09-30T01:41:54.701 0.03544898349705977,2.9891000940543964e-05,-5.5944366203974776e-05,9.14583410163318e-07,7.27697483924357e-07,0.0009397843866216506,0.9999995584018728
2026-09-30T01:41:54.765 0.035467580005181784,2.98912350603356e-05,-5.604827518960951e-05,9.173110798875378e-07,7.910856129988346e-07,0.0009397190755219654,0.9999995584631984
2026-09-30T01:41:54.804 0.03548713039396826,3.0249109080200877e-05,-5.6019581810769586e-05,1.1104602224116107e-06,7.01272503478184e-07,0.0009404489633797212,0.9999995577769134
2026-09-30T01:41:54.870 0.035507157439839676,2.9891733344368713e-05,-5.6110851385555585e-05,9.154842138616191e-07,7.068592234998199e-07,0.0009406226930175836,0.999999557613708
2026-09-30T01:41:54.909 0.03552623094494338,3.024960135534402e-05,-5.6111206361780344e-05,9.692640479696478e-07,8.209106216332304e-07,0.0009409452956575981,0.9999995573100706
2026-09-30T01:41:54.973 0.03554625810861638,2.9892225633181567e-05,-5.612797022372555e-05,1.02764094119977e-06,8.005965618567457e-07,0.0009414475816417167,0.9999995568372788
2026-09-30T01:41:55.010 0.035564854849339765,3.0130878359395286e-05,-5.608286782267568e-05,1.0214105870706022e-06,7.684659080545077e-07,0.0009415090539556794,0.9999995567794355
2026-09-30T01:41:55.073 0.035585835681634384,3.0131142512700998e-05,-5.610113960325967e-05,1.0982783612801747e-06,8.00305977603292e-07,0.0009415609144850583,0.9999995567305006
2026-09-30T01:41:55.112 0.035605385908500424,3.0250597934346018e-05,-5.617675418339986e-05,1.0175215536116539e-06,8.215513349887445e-07,0.0009424949786685761,0.9999995558506538
2026-09-30T01:41:55.183 0.03562493622810684,3.048926265646814e-05,-5.619276421276592e-05,9.815933299176352e-07,7.939025174651077e-07,0.0009429841844082097,0.9999995553895182
2026-09-30T01:41:55.230 0.03564591706040146,3.0489526809773856e-05,-5.6211035993349896e-05,1.08422004604649e-06,7.513533693268038e-07,0.0009429064542353329,0.9999995554627404
2026-09-30T01:41:55.288 0.03566260632101883,3.013210905818892e-05,-5.625232462992994e-05,1.0145618255097994e-06,8.115979112097923e-07,0.0009437542459113876,0.9999995546630185
2026-09-30T01:41:55.343 0.035683110265128,3.0489995071228658e-05,-5.629964482407409e-05,1.0445977485671292e-06,7.675349364629882e-07,0.0009440366456860937,0.9999995543964664
2026-09-30T01:41:55.393 0.03570313733455975,3.0132619338130435e-05,-5.6376013256291935e-05,8.812452576493803e-07,7.967541320635827e-07,0.0009438705337568413,0.9999995545534028
2026-09-30T01:41:55.433 0.03572268777046684,3.04904933634636e-05,-5.63175175923157e-05,9.888818550877692e-07,7.331921156400824e-07,0.0009445276134574141,0.9999995539329365
2026-09-30T01:41:55.494 0.035743668484959884,3.0490757503099605e-05,-5.6410295085740474e-05,9.846022547265554e-07,7.546707484788427e-07,0.0009450105076941991,0.999999553476701
2026-09-30T01:41:55.534 0.03576178825226191,3.037177634086359e-05,-5.645384555153243e-05,8.503341230555998e-07,7.706188297622438e-07,0.000945404563546564,0.9999995531043473
2026-09-30T01:41:55.597 0.03578181550417261,3.0491237787802232e-05,-5.641100492119899e-05,9.610669311690206e-07,7.451828236537997e-07,0.0009458661790961443,0.9999995526677461
2026-09-30T01:41:55.632 0.0358008888944765,3.0610687206025165e-05,-5.6485865571267546e-05,8.52250643322762e-07,8.242863677846254e-07,0.0009463713913710615,0.9999995521897916
2026-09-30T01:41:55.698 0.035819962401081096,3.084934592745914e-05,-5.64862205279938e-05,9.202514531646743e-07,7.394200505435381e-07,0.0009463645857288435,0.9999995521962384
2026-09-30T01:41:55.740 0.03583903581794709,3.0730376769333355e-05,-5.65461799964972e-05,9.257142679437472e-07,7.66544858621115e-07,0.000946508703505015,0.9999995520598145
2026-09-30T01:41:55.801 0.03585906302273716,3.084983821080411e-05,-5.653314165130009e-05,9.730602511933153e-07,7.65963160228899e-07,0.0009474943550275419,0.9999995511263561
2026-09-30T01:41:55.845 0.03587861332178504,3.0850084351109625e-05,-5.6564052784237304e-05,1.0198552427286085e-06,7.741707562481403e-07,0.0009477860549171783,0.9999995508498765
2026-09-30T01:41:55.903 0.0358991171540962,3.073113319231433e-05,-5.668587861322826e-05,8.669212043371732e-07,7.943678499803403e-07,0.0009478371656248482,0.9999995508015616
2026-09-30T01:41:55.944 0.03591866754738534,3.073137934355561e-05,-5.6657185175892845e-05,9.420286360097219e-07,7.556602765752913e-07,0.0009482920575908115,0.9999995503702565
2026-09-30T01:41:56.006 0.035938694638876494,3.049321290273267e-05,-5.671865248504102e-05,9.154350028465863e-07,7.880235546015597e-07,0.0009482371304292213,0.9999995504223417
2026-09-30T01:41:56.048 0.03595824502616208,3.097029621213927e-05,-5.66899591256996e-05,8.709790960999882e-07,8.191644141698201e-07,0.0009488535848994444,0.9999995498376211
2026-09-30T01:41:56.118 0.035976841559345295,3.085132104512352e-05,-5.6778966949267676e-05,9.442288347023776e-07,8.665459368168008e-07,0.000949339910410031,0.9999995493759445
2026-09-30T01:41:56.161 0.03599829931944154,3.109000979186975e-05,-5.673838812864765e-05,1.1075721378927882e-06,7.698059196044763e-07,0.0009500633026349331,0.999999548688849
2026-09-30T01:41:56.219 0.03601832633724998,3.1090261921927644e-05,-5.684455890449731e-05,8.734252852216373e-07,7.998977826628654e-07,0.0009498800172202931,0.9999995488631733
2026-09-30T01:41:56.258 0.03603930712542575,3.0852107490682806e-05,-5.68926329312206e-05,9.502788679475794e-07,8.024011970890628e-07,0.0009499053348741063,0.9999995488390522
2026-09-30T01:41:56.319 0.03605790386614914,3.109076021689652e-05,-5.6847530530170745e-05,9.113456039513847e-07,7.56766272407424e-07,0.0009512997889247961,0.9999995475135518
2026-09-30T01:41:56.360 0.03607506979090201,3.1329394897302735e-05,-5.6993881192292035e-05,9.239667186682175e-07,8.053115088655073e-07,0.0009510806851208308,0.9999995477219118
2026-09-30T01:41:56.424 0.03609605074249909,3.121044977473683e-05,-5.693764724053673e-05,9.039751398880937e-07,7.58279633074893e-07,0.0009514015418746618,0.9999995474167546
2026-09-30T01:41:56.465 0.03611655457631114,3.09722893264002e-05,-5.705947305002918e-05,9.342576165242185e-07,8.318543363048887e-07,0.0009520300444791066,0.9999995468185121
2026-09-30T01:41:56.520 0.03613658175604,3.121096005467835e-05,-5.706133586689872e-05,9.462393696885429e-07,8.210860083571032e-07,0.0009521626320616171,0.9999995466922735
2026-09-30T01:41:56.561 0.03615660893726977,3.133042149341517e-05,-5.706319866426975e-05,8.99064304270939e-07,8.047876036504517e-07,0.0009525654663289938,0.9999995463086853
2026-09-30T01:41:56.623 0.03617425200937153,3.121143434416072e-05,-5.701658834458112e-05,1.0614158508926467e-06,7.635776439166769e-07,0.000952934374704364,0.9999995459570808
2026-09-30T01:41:56.657 0.036195232603061234,3.145011704920968e-05,-5.7183871589843685e-05,8.422061012902132e-07,8.396536679050158e-07,0.0009531042815566777,0.9999995457953039
2026-09-30T01:41:56.717 0.03621573676371591,3.14503752182309e-05,-5.709708144237891e-05,9.522434975765695e-07,8.164878038660465e-07,0.0009541591504926456,0.9999995447892674
2026-09-30T01:41:56.762 0.036233856501454054,3.1808231211426264e-05,-5.7155533128733025e-05,9.662469755111384e-07,8.606675218439547e-07,0.0009545089676119572,0.9999995444553744
2026-09-30T01:41:56.822 0.036255314148251394,3.16892920758788e-05,-5.71894599624583e-05,9.772944869527402e-07,7.700382752003314e-07,0.0009543201333065028,0.9999995446356639
2026-09-30T01:41:56.873 0.03627152659286516,3.157028690268837e-05,-5.721509356539555e-05,8.909332671277891e-07,7.45590570180817e-07,0.0009549256776466466,0.9999995440576963
2026-09-30T01:41:56.919 0.03629250742515978,3.157055105599409e-05,-5.723336534597952e-05,8.960598570739641e-07,7.792928532325888e-07,0.0009552353385562419,0.9999995437619148
2026-09-30T01:41:56.962 0.036312534487087066,3.1809221770602526e-05,-5.730973387568986e-05,9.36164156488457e-07,7.964643668750493e-07,0.0009553129559627173,0.9999995436877186
2026-09-30T01:41:57.023 0.036331131232313116,3.169024662819225e-05,-5.72646314161445e-05,1.0420983649368072e-06,7.574077275352741e-07,0.000955591104954018,0.999999543421886
2026-09-30T01:41:57.065 0.03635211197186737,3.1571301481020866e-05,-5.7342507747502627e-05,8.362542128589652e-07,8.149156778760839e-07,0.0009567577494405888,0.999999542306518
2026-09-30T01:41:57.124 0.03637070868903044,3.180995420450064e-05,-5.7312306489020926e-05,8.919644679560773e-07,7.873838190410415e-07,0.0009568302320710789,0.9999995422371409
2026-09-30T01:41:57.164 0.03639073577751983,3.181020634276035e-05,-5.73737738371661e-05,7.613472799590748e-07,7.444839867316656e-07,0.0009571131084968429,0.9999995419665769
2026-09-30T01:41:57.227 0.036411716559692046,3.204888906968085e-05,-5.742184794188339e-05,9.539829811749323e-07,7.762666058765748e-07,0.0009575237858646528,0.9999995415732383
2026-09-30T01:41:57.267 0.03642983632699407,3.192990790744483e-05,-5.746539840767535e-05,8.924946356165549e-07,7.98676183771738e-07,0.0009577981091160729,0.9999995413105687
2026-09-30T01:41:57.327 0.036449863511225596,3.1810950767098984e-05,-5.7467261166049396e-05,9.445349422145604e-07,7.899453767974286e-07,0.0009579460318231149,0.9999995411688367
2026-09-30T01:41:57.367 0.036469413741093415,3.169198760966135e-05,-5.754287570719259e-05,8.805291349357802e-07,7.8499737410791e-07,0.0009585619196823429,0.9999995405787218
2026-09-30T01:41:57.428 0.03648944092082229,3.193065833793948e-05,-5.7544738524062126e-05,1.027209549707584e-06,8.185841321204883e-07,0.0009588623882924913,0.9999995402904919
2026-09-30T01:41:57.466 0.036509468053430534,3.216932906074975e-05,-5.757640362606798e-05,9.114596020289953e-07,7.87442333944014e-07,0.0009591057878202807,0.9999995400572127
2026-09-30T01:41:57.524 0.036529018377539614,3.205036591424788e-05,-5.759241359693855e-05,9.295489183875992e-07,7.88082772320816e-07,0.0009596042641204467,0.9999995395789796
2026-09-30T01:41:57.561 0.036549045393847165,3.21698273338471e-05,-5.7698584392286694e-05,9.296994339864391e-07,7.947766915905673e-07,0.0009600908800973865,0.9999995391118968
2026-09-30T01:41:57.634 0.036568118928514734,3.205085818939103e-05,-5.76840381479493e-05,9.56891982696624e-07,7.914590459151071e-07,0.0009603227580146576,0.9999995388892229
2026-09-30T01:41:57.671 0.036587669251122924,3.205110433243048e-05,-5.7700048138318364e-05,9.7169941350252e-07,7.667790882673062e-07,0.0009601970177893145,0.9999995390099712
2026-09-30T01:41:57.731 0.03660721950004839,3.228976904635078e-05,-5.7760761595388896e-05,9.460973324987587e-07,7.787115666723838e-07,0.0009610952988246074,0.9999995381470559
2026-09-30T01:41:57.772 0.036626292941975586,3.205159060141761e-05,-5.780581990182564e-05,8.326030311473321e-07,7.418072424686349e-07,0.0009615395131635862,0.9999995377201537
2026-09-30T01:41:57.835 0.03664632014526477,3.2290261332429686e-05,-5.779278157612702e-05,9.555106829209944e-07,7.628209970591169e-07,0.0009618058908736022,0.9999995374638597
2026-09-30T01:41:57.886 0.036665870350071385,3.229050746179944e-05,-5.788329727933687e-05,9.133547578767623e-07,8.048466972832783e-07,0.0009623897471609883,0.999999536902139
2026-09-30T01:41:57.937 0.03668208272250332,3.229071156994853e-05,-5.7953634329477094e-05,8.25232917338869e-07,8.026924721465073e-07,0.0009625420881852468,0.9999995367555943
2026-09-30T01:41:57.973 0.03670306369165716,3.2648603608281884e-05,-5.788249931314761e-05,9.697028362028205e-07,7.687001288533544e-07,0.0009626773648492437,0.9999995366252726
2026-09-30T01:41:58.036 0.0367240443164116,3.229123986835813e-05,-5.8034881318349524e-05,8.625673215686546e-07,8.217266866973039e-07,0.0009635336845822602,0.999999535800602
2026-09-30T01:41:58.073 0.03674359465957834,3.25299045932142e-05,-5.803599020514742e-05,8.355616096058538e-07,8.45184221438406e-07,0.0009638382484349137,0.9999995355071013
2026-09-30T01:41:58.130 0.03676362177012716,3.264936602374918e-05,-5.808255643022294e-05,8.973200033624397e-07,8.033915274570739e-07,0.0009638996668665325,0.9999995354478829
2026-09-30T01:41:58.168 0.036780787934985834,3.253037286287082e-05,-5.807989560816714e-05,9.693503843263442e-07,8.147425043244171e-07,0.0009643056668646195,0.9999995350563806
2026-09-30T01:41:58.228 0.03680224564946233,3.264985231460783e-05,-5.806911905318494e-05,9.358146210655748e-07,8.039739257329276e-07,0.000964880901510528,0.9999995345015535
2026-09-30T01:41:58.265 0.03682227278357146,3.2769313747876764e-05,-5.8100784135692294e-05,1.0201670065021192e-06,7.736482810767257e-07,0.000964957552672935,0.9999995344275328
2026-09-30T01:41:58.327 0.036841823062060804,3.253114130636568e-05,-5.8146596372200676e-05,9.523929750971737e-07,7.844163142152983e-07,0.0009655237340886222,0.9999995338810896
2026-09-30T01:41:58.380 0.03686185012698988,3.253139344189146e-05,-5.822296486291401e-05,9.105293138692951e-07,7.933218011171805e-07,0.0009652900051582096,0.9999995341067652
2026-09-30T01:41:58.429 0.03687997007677086,3.28892494596923e-05,-5.81473062661547e-05,8.569750059419801e-07,7.564760963213376e-07,0.0009661581567554766,0.9999995332684458
2026-09-30T01:41:58.468 0.036900950836883654,3.3008722894337516e-05,-5.821028149394165e-05,9.501117868721141e-07,7.946609454468931e-07,0.000966763675835736,0.9999995326831213
2026-09-30T01:41:58.532 0.03692050109031177,3.2889759739633824e-05,-5.8270994892516694e-05,8.423742616822527e-07,7.540313142567092e-07,0.0009665372168624905,0.999999532902156
2026-09-30T01:41:58.569 0.036939574527736316,3.3009209163324636e-05,-5.831605325744892e-05,8.618649797236472e-07,8.16895757259939e-07,0.0009673538550066347,0.9999995321124451
2026-09-30T01:41:58.628 0.03695960175758759,3.3009461317988e-05,-5.828811375018514e-05,1.0530311478076245e-06,8.046151729987575e-07,0.0009676599928648625,0.9999995318160814
2026-09-30T01:41:58.668 0.036978198265709604,3.300969543777963e-05,-5.8392022735819886e-05,9.023788502471667e-07,8.393642109214448e-07,0.000967950801102809,0.9999995315347542
2026-09-30T01:41:58.726 0.0369967950565554,3.300992959037857e-05,-5.831711801063671e-05,9.104173998831055e-07,7.574079587174187e-07,0.0009686701251839133,0.999999530838283
2026-09-30T01:41:58.766 0.03701682216560332,3.3248600310454894e-05,-5.836368425521072e-05,9.740944786107281e-07,7.922165424345135e-07,0.0009688247908032383,0.999999530688364
2026-09-30T01:41:58.826 0.037036849255593605,3.3129643159173286e-05,-5.842515158385741e-05,9.978684283529426e-07,7.908779427109362e-07,0.0009691506185933891,0.9999995303726184
2026-09-30T01:41:58.864 0.037056876317520894,3.3368313873781725e-05,-5.8501520113567735e-05,8.551580649529003e-07,7.913427307691304e-07,0.0009694638886305125,0.9999995300690951
2026-09-30T01:41:58.921 0.03707642657395081,3.3010932139995356e-05,-5.856223347314577e-05,8.434680663998608e-07,8.202136914056599e-07,0.000969999757813525,0.9999995295494322
2026-09-30T01:41:58.963 0.03709406968867054,3.324957286483279e-05,-5.8485820926816325e-05,8.531012423326261e-07,7.685254208650179e-07,0.0009706834577279245,0.9999995288860423
2026-09-30T01:41:59.022 0.037115527261785144,3.336905230016615e-05,-5.8564451227243074e-05,9.342376901401717e-07,7.787122567803781e-07,0.0009705328683859199,0.9999995290321252
2026-09-30T01:41:59.058 0.037135554487133765,3.3726932323453515e-05,-5.853651177847479e-05,8.989561590054808e-07,7.601345595657391e-07,0.000993917947686269,0.9999995060627417
2026-09-30T01:41:59.129 0.037155104646320644,3.360796915781404e-05,-5.865682974732247e-05,7.574834244539572e-07,6.888305611962512e-07,0.001009314572581728,0.9999994906413929
2026-09-30T01:41:59.166 0.037174177940882396,3.384662785464254e-05,-5.8791294987162145e-05,8.39278745842856e-07,6.426142664075879e-07,0.0010099804037722922,0.9999994899691033
2026-09-30T01:41:59.227 0.037194205194293985,3.384688001203985e-05,-5.8748454337330217e-05,8.224993923368838e-07,6.791104678684977e-07,0.0010114431761786744,0.999999488490651
2026-09-30T01:41:59.272 0.03721375549184097,3.3966335441886703e-05,-5.8779365489765935e-05,1.018898969694134e-06,6.760851344007306e-07,0.0010142472338368583,0.9999994856503944
2026-09-30T01:41:59.331 0.03723425951413554,3.372817501542161e-05,-5.8781982158713115e-05,8.618302757631921e-07,6.623469854045664e-07,0.0010122991470794956,0.9999994876244964
2026-09-30T01:41:59.369 0.037254286645242884,3.40860550277732e-05,-5.881364728021747e-05,1.0309488057159602e-06,6.854565386326e-07,0.001013000066600605,0.9999994869145346
2026-09-30T01:41:59.432 0.03727288329772857,3.384787058488583e-05,-5.8828149371446256e-05,8.489760033047589e-07,7.162473155477174e-07,0.0010140195433222337,0.9999994858814338
2026-09-30T01:41:59.466 0.03729291038471707,3.396733201268687e-05,-5.888961673908993e-05,8.79593217110345e-07,7.065850522871631e-07,0.0010141638741401082,0.9999994857350495
2026-09-30T01:41:59.528 0.037312460613084,3.396757814479056e-05,-5.896523129973163e-05,7.44487098910008e-07,6.960486605512648e-07,0.0010146681760494105,0.9999994852235944
2026-09-30T01:41:59.571 0.03733248774569225,3.420624886760083e-05,-5.899689640173748e-05,8.250281324949213e-07,7.590880852007513e-07,0.0010152520515910363,0.9999994846308746
2026-09-30T01:41:59.628 0.03735203813898138,3.420649501884211e-05,-5.896820296440206e-05,8.449426164016779e-07,7.234069651403188e-07,0.0010156925517109784,0.9999994841835685
2026-09-30T01:41:59.662 0.03737206506104768,3.432595642750556e-05,-5.913397833002285e-05,8.319626522943882e-07,8.276569595319551e-07,0.0010181518362792684,0.9999994816825962
2026-09-30T01:41:59.730 0.03739161550295834,3.42069932946734e-05,-5.907548258805262e-05,9.790900466510416e-07,7.344673838149901e-07,0.0010172142271071493,0.9999994826367252
2026-09-30T01:41:59.766 0.037410688846141606,3.4326442707428445e-05,-5.9180145523257486e-05,7.122169301973456e-07,8.233487618032744e-07,0.0010171781164941259,0.9999994826736133
2026-09-30T01:41:59.830 0.03743071593463099,3.432669484568816e-05,-5.9241612871402666e-05,7.64964043720425e-07,8.307415961456132e-07,0.0010188130122243439,0.9999994810092507
2026-09-30T01:41:59.880 0.037451219974482315,3.4565371580122335e-05,-5.922932847577568e-05,8.115484405055823e-07,7.927323037246142e-07,0.0010188249660891685,0.999999480997066
2026-09-30T01:41:59.932 0.03747077025147077,3.444640842815258e-05,-5.927514073178257e-05,9.444048500879734e-07,7.637457511617275e-07,0.0010189971558692609,0.9999994808215258
2026-09-30T01:41:59.969 0.037490320549017755,3.456586385799943e-05,-5.930605188421828e-05,7.749271973620813e-07,8.01346868293507e-07,0.0010196260491833736,0.9999994801806035
2026-09-30T01:42:00.031 0.03750987094380777,3.4446900719699376e-05,-5.9277358427384366e-05,8.505429412702016e-07,7.383084670186836e-07,0.0010195390270469433,0.9999994802693168
2026-09-30T01:42:00.068 0.037528467521109846,3.456634413723417e-05,-5.9336564004813124e-05,7.943063720231902e-07,8.2014811045059e-07,0.0010202887864525158,0.9999994795046089
2026-09-30T01:42:00.130 0.037548494631658665,3.468580556776915e-05,-5.938313022988864e-05,8.596888937482178e-07,7.904044386562672e-07,0.0010205201685368828,0.9999994792684753
2026-09-30T01:42:00.166 0.03756804490864711,3.4566842415799404e-05,-5.9428942485895515e-05,9.105285417988037e-07,7.658993993225205e-07,0.0010212060475599486,0.9999994785682604
2026-09-30T01:42:00.227 0.0375875952312553,3.4567088558838854e-05,-5.9444952476264576e-05,9.541786111326404e-07,7.714875709822581e-07,0.001020758978087918,0.9999994790246658
2026-09-30T01:42:00.262 0.03760714557592292,3.468654399415359e-05,-5.944606134356398e-05,8.245494644616545e-07,7.814403145953148e-07,0.0010214233466481627,0.9999994783463921
2026-09-30T01:42:00.326 0.037626218964725934,3.4925202701917854e-05,-5.952092201313103e-05,9.437651525500201e-07,7.528029796021301e-07,0.001022306030117755,0.9999994774443252
2026-09-30T01:42:00.362 0.03764624605771798,3.4567826971553576e-05,-5.958238930278071e-05,8.653743294198959e-07,8.788802127362188e-07,0.0010221410150460016,0.9999994776129756
2026-09-30T01:42:00.421 0.037664842635020054,3.4687270389088366e-05,-5.964159488020947e-05,8.118120202560458e-07,8.936888940702674e-07,0.0010468559211924725,0.9999994520454611
2026-09-30T01:42:00.460 0.03768534665131107,3.49259471207886e-05,-5.9644211627150645e-05,7.372838448913454e-07,8.953767538148478e-07,0.001050654613438019,0.9999994480616167
2026-09-30T01:42:00.521 0.03770632750566511,3.504542056636959e-05,-5.964758228466496e-05,9.601519234537286e-07,1.002247892976086e-06,0.0010569291084846877,0.9999994414493106
2026-09-30T01:42:00.570 0.037725400757608905,3.4926451389106205e-05,-5.981184975114547e-05,8.111743420197495e-07,1.023027371997793e-06,0.0010605103954502162,0.9999994376578402
2026-09-30T01:42:00.635 0.03774542800651783,3.528433141512751e-05,-5.9769009159809036e-05,8.229963074693948e-07,1.0134810789732437e-06,0.0010566148955023554,0.9999994417814733
2026-09-30T01:42:00.683 0.03776545516568816,3.5284583561589056e-05,-5.978577308024973e-05,7.87861110727627e-07,1.0679634508251335e-06,0.001059602374177064,0.9999994386203661
2026-09-30T01:42:00.735 0.03778452860161181,3.55232422748212e-05,-5.983083146468047e-05,7.853817286601144e-07,1.037462686471493e-06,0.0010602855014284747,0.9999994378963232
2026-09-30T01:42:00.775 0.037805986204290286,3.516588455472318e-05,-5.9894560544545066e-05,7.270938984800508e-07,1.0615019725793346e-06,0.0010590138260820013,0.9999994392438731
2026-09-30T01:42:00.833 0.03782458289789304,3.540453727546902e-05,-5.987926042863152e-05,7.637199866276144e-07,9.907800676398035e-07,0.0010608497837399158,0.9999994372979274
2026-09-30T01:42:00.876 0.03784461003500395,3.5285580129655284e-05,-5.991092547214189e-05,7.192090626493701e-07,1.0630154673995077e-06,0.0010608200166851733,0.9999994373294642
2026-09-30T01:42:00.938 0.03786511393649517,3.5285838268603144e-05,-5.9988047892926864e-05,7.828550758370967e-07,1.0509086868470947e-06,0.0010609217132664527,0.9999994372215422
2026-09-30T01:42:00.973 0.03788371058597907,3.5286072404798425e-05,-6.000255002315264e-05,7.326901105955223e-07,1.117614365696705e-06,0.001061395447076469,0.9999994367188009
2026-09-30T01:42:01.038 0.03790516825033317,3.564397043015023e-05,-6.0021575792303756e-05,7.453548592967928e-07,1.0252972056268108e-06,0.001062367621786207,0.9999994356865555
2026-09-30T01:42:01.072 0.03792233429588938,3.564418654514349e-05,-6.009342070258725e-05,6.99145708582538e-07,1.0491038530214311e-06,0.001062531571137026,0.9999994355123761
2026-09-30T01:42:01.133 0.03794379189556609,3.5525247404128125e-05,-6.015714982144885e-05,6.455332408463302e-07,1.1253554965450665e-06,0.0010621819016274892,0.9999994358838032
2026-09-30T01:42:01.176 0.03796381908129851,3.5287080974240946e-05,-6.0159012560324394e-05,6.943815084677007e-07,1.0894417792653258e-06,0.0010632903702209628,0.9999994347058
2026-09-30T01:42:01.236 0.03798289258940399,3.540653040613359e-05,-6.015936749755215e-05,6.876438702233306e-07,1.0813508996846246e-06,0.0010636006223495632,0.999999434375877
2026-09-30T01:42:01.277 0.0380043502522572,3.5883637721026724e-05,-6.017839328620177e-05,6.971832545999255e-07,1.0723869822357107e-06,0.001063589555403267,0.9999994343876508
2026-09-30T01:42:01.340 0.03802199316093765,3.564544126309335e-05,-6.023609094499175e-05,6.899622578482754e-07,1.0484054828824419e-06,0.0010647558101374822,0.9999994331465841
2026-09-30T01:42:01.388 0.03804202024642526,3.588411198043573e-05,-6.029755833213392e-05,6.475760336938586e-07,1.1090576252522149e-06,0.0010653482813363275,0.999999432515534
2026-09-30T01:42:01.436 0.03806204747627654,3.58843641350991e-05,-6.0269618824870146e-05,7.633182669372258e-07,1.0187782800983048e-06,0.0010650595962004253,0.9999994328230571
2026-09-30T01:42:01.476 0.03808064398439855,3.588459825489073e-05,-6.0373527810504876e-05,7.816229872194967e-07,1.109116717868595e-06,0.0010658566777858147,0.9999994319736893
2026-09-30T01:42:01.538 0.03810210165325532,3.588486841161853e-05,-6.0392553521160494e-05,5.284102916128202e-07,1.1039346783987598e-06,0.0010662849372668958,0.9999994315173057
2026-09-30T01:42:01.576 0.038122128812425646,3.588512055808007e-05,-6.0409317441601194e-05,6.181843461558087e-07,1.1203497884042002e-06,0.0010661650747944079,0.9999994316450365
2026-09-30T01:42:01.638 0.03814167899067017,3.612378526379854e-05,-6.0514734326376206e-05,6.493722827090385e-07,1.1394421138306194e-06,0.0010664506170050916,0.999999431340519
2026-09-30T01:42:01.647 0.03816218312776454,3.612404343008581e-05,-6.044284532147959e-05,7.032762093691924e-07,1.021339231273849e-06,0.0010674508151019032,0.9999994302734475
2026-09-30T01:42:01.685 0.03816218312776454,3.612404343008581e-05,-6.044284532147959e-05,7.032762093691924e-07,1.021339231273849e-06,0.0010674508151019032,0.9999994302734475
2026-09-30T01:42:01.742 0.03817982608206473,3.600505626716166e-05,-6.0470740714631756e-05,6.870959524315748e-07,1.0406058948013857e-06,0.0010678998421083123,0.9999994297940236
2026-09-30T01:42:01.784 0.03819937631343343,3.5766883820182685e-05,-6.0546355236276456e-05,7.220105997999356e-07,1.0872304108465755e-06,0.0010676065641487967,0.999999430107098
2026-09-30T01:42:01.846 0.03821988028110293,3.6124769835956364e-05,-6.0578774287852443e-05,7.143202308225289e-07,1.0846110889874284e-06,0.0010684800345994504,0.9999994291742016
2026-09-30T01:42:01.887 0.03823847732961129,3.624421330817e-05,-6.033995701391802e-05,1.2263821007136592e-06,8.683146988631997e-07,0.0010682072178498168,0.9999994294653781
2026-09-30T01:42:01.946 0.03825993485860706,3.6125274158952814e-05,-6.04483895604841e-05,1.199122830695499e-06,8.549269582248081e-07,0.0010705351972713456,0.9999994269759471
2026-09-30T01:42:01.987 0.038277577882087306,3.612549629377181e-05,-6.043158154543028e-05,1.3007768716070121e-06,8.102822799020427e-07,0.0010698159028302678,0.999999427745629
2026-09-30T01:42:02.045 0.03829855862014067,3.612576043614176e-05,-6.05094578962869e-05,1.2995476552758595e-06,8.605154603668839e-07,0.0010697483830388011,0.9999994278178201
2026-09-30T01:42:02.082 0.03831906258781017,3.6483646451915445e-05,-6.054187694786289e-05,1.2986953244722975e-06,8.604573506534067e-07,0.0010710255766107099,0.9999994264507291
2026-09-30T01:42:02.153 0.03833718249797496,3.6245456016541744e-05,-6.04960205387474e-05,1.3592779931276125e-06,8.181407574582893e-07,0.001070777913105385,0.9999994267159076
2026-09-30T01:42:02.190 0.03835864007259046,3.624572616233378e-05,-6.057465081967565e-05,1.295025375082386e-06,8.657542047063234e-07,0.001070802760412529,0.9999994266893465
2026-09-30T01:42:02.252 0.03837866727738053,3.6365187603804536e-05,-6.0561612474478535e-05,1.388102290612344e-06,8.469538358464985e-07,0.001072198972708859,0.9999994251931942
2026-09-30T01:42:02.294 0.038399171199430294,3.6603864324569004e-05,-6.0623833791692345e-05,1.3847794803226145e-06,8.344973969627966e-07,0.0010724098035040926,0.9999994249671343
2026-09-30T01:42:02.351 0.03842015203172491,3.660412847787472e-05,-6.064210557227633e-05,1.356587168582826e-06,8.506207817820583e-07,0.001072978165589446,0.9999994243574805
2026-09-30T01:42:02.390 0.038438271869707885,3.648514732384053e-05,-6.064095261036381e-05,1.3444392156953942e-06,8.453820372265744e-07,0.0010732195042354306,0.9999994240985209
2026-09-30T01:42:02.451 0.0384573451938335,3.624696886523764e-05,-6.0760516629641344e-05,1.3247578298425602e-06,8.72623100638842e-07,0.0010733655046003736,0.9999994239418226
2026-09-30T01:42:02.485 0.03847737234700028,3.672405816986452e-05,-6.077728062807603e-05,1.2293331522237283e-06,8.956727772329829e-07,0.0010740063302298953,0.9999994232538783
2026-09-30T01:42:02.547 0.038496922716729096,3.6724304318371856e-05,-6.076348833330878e-05,1.273221378462866e-06,8.268134494076338e-07,0.0010744272534315225,0.9999994228017196
2026-09-30T01:42:02.581 0.03851838031190314,3.6962993045980485e-05,-6.082721751066587e-05,1.207778113628616e-06,8.486991326126514e-07,0.0010747054215220339,0.9999994225028722
2026-09-30T01:42:02.643 0.03853650007920516,3.684401188374447e-05,-6.087076797645783e-05,1.2788385999712724e-06,8.871166279820781e-07,0.001074776262204537,0.9999994224266151
2026-09-30T01:42:02.687 0.0385574809586204,3.6844276042518076e-05,-6.08592374719055e-05,1.3996042922798273e-06,8.55918156259017e-07,0.0010755573136465063,0.9999994215867195
2026-09-30T01:42:02.747 0.03857703125766828,3.684452218282359e-05,-6.0890148604842714e-05,1.3798798865440825e-06,8.179666806768716e-07,0.0010759242705958769,0.9999994211920279
2026-09-30T01:42:02.785 0.03859610474221344,3.696397161198228e-05,-6.090540468463863e-05,1.451857015546721e-06,8.367682290240719e-07,0.0010762650778445195,0.9999994208251693
2026-09-30T01:42:02.845 0.038617085436147953,3.6725817169801686e-05,-6.101308328163458e-05,1.3482729453159148e-06,8.583044306152808e-07,0.0010765981076434345,0.9999994204668121
2026-09-30T01:42:02.896 0.03863568231973411,3.684526062287772e-05,-6.087857400567726e-05,9.814522768332498e-07,7.703504354882774e-07,0.0010773134207149528,0.99999941969695
2026-09-30T01:42:02.948 0.0386571396808059,3.69647400336056e-05,-6.109131458921744e-05,1.3849356068746365e-06,8.510287649176864e-07,0.0010773214836712274,0.9999994196877209
2026-09-30T01:42:02.989 0.038676690215456916,3.696498620125054e-05,-6.0973214296473064e-05,1.3315567554007284e-06,7.97302817602213e-07,0.0010778178046477462,0.9999994191530169
2026-09-30T01:42:03.047 0.03869624039670322,3.696523232788635e-05,-6.107863114225108e-05,1.3862413688093034e-06,8.091775889390485e-07,0.0010786656144291392,0.9999994182387887
2026-09-30T01:42:03.083 0.03871579057344685,3.7323106323146144e-05,-6.118404804652459e-05,1.2332031216574912e-06,9.303067196120808e-07,0.0010786145125897763,0.9999994182940043
2026-09-30T01:42:03.144 0.03873486415523505,3.720413718415796e-05,-6.113969951705089e-05,1.261575647441102e-06,8.15113997013921e-07,0.0010788337003678455,0.9999994180576262
2026-09-30T01:42:03.185 0.03875441450290445,3.7085174040390025e-05,-6.114080834535327e-05,1.2258475825824978e-06,8.456728918642648e-07,0.0010801815855027335,0.9999994166025921
2026-09-30T01:42:03.247 0.038775395285076654,3.7323856767310514e-05,-6.118888245007057e-05,1.3151992024479307e-06,8.506792582938242e-07,0.0010795243502842661,0.9999994173121921
2026-09-30T01:42:03.289 0.03879351514511904,3.73240849055516e-05,-6.11728283650884e-05,1.398088601421597e-06,8.136015367659581e-07,0.0010798099680778012,0.9999994170037382
2026-09-30T01:42:03.349 0.03881544948561575,3.732436104656389e-05,-6.129691600379276e-05,1.3027385969877203e-06,8.580716807064036e-07,0.0010811402052411762,0.9999994155665408
2026-09-30T01:42:03.383 0.03883499978316273,3.744381647641073e-05,-6.132782715622848e-05,1.3418105584044559e-06,8.439274654068738e-07,0.0010810809188641795,0.9999994156305964
2026-09-30T01:42:03.453 0.03885407322208815,3.744405661056023e-05,-6.137288550166222e-05,1.2046628193356038e-06,8.55451737762212e-07,0.0010813654301126635,0.9999994153231409
2026-09-30T01:42:03.501 0.03887410042687823,3.756351805203099e-05,-6.13598471564651e-05,1.3885451479844682e-06,8.388055758099893e-07,0.0010821754190541153,0.9999994144466939
2026-09-30T01:42:03.555 0.03889222019117847,3.768295546887763e-05,-6.140339766125406e-05,1.3416609539533599e-06,8.626122209696085e-07,0.001082368938574407,0.9999994142372968
2026-09-30T01:42:03.591 0.038912724067608484,3.7802422894632874e-05,-6.14954212441057e-05,1.2965274709906145e-06,8.861278512177205e-07,0.0010827153099685436,0.9999994138623739
2026-09-30T01:42:03.668 0.03893179774213705,3.780266305612178e-05,-6.139146816385784e-05,1.393998251486043e-06,8.56500838183225e-07,0.0010834818278870467,0.9999994130320536
2026-09-30T01:42:03.707 0.038951347852702406,3.7802909174555765e-05,-6.154158843734034e-05,1.3959970631520038e-06,7.817040463052958e-07,0.0010836321185511077,0.9999994128692635
2026-09-30T01:42:03.768 0.038972328851420115,3.768396405745774e-05,-6.14555522004487e-05,1.0095928362265122e-06,7.354265731106048e-07,0.0010840326602695098,0.999999412435643
2026-09-30T01:42:03.810 0.038991879006104326,3.7922628760442265e-05,-6.157587022779186e-05,1.339022974447605e-06,8.487007606695585e-07,0.0010846225090220766,0.9999994117955768
2026-09-30T01:42:03.870 0.039011429237473035,3.768445631346329e-05,-6.165148474943656e-05,1.373986348865513e-06,8.739049170259553e-07,0.0010849732409380474,0.9999994114150342
2026-09-30T01:42:03.913 0.03903288699606839,3.8042354349750855e-05,-6.161090594831504e-05,1.434084874013665e-06,8.200050230108469e-07,0.0010849931005307645,0.9999994113934482
2026-09-30T01:42:03.971 0.039051960317192234,3.8042594470230636e-05,-6.173047000658958e-05,1.2878427183196433e-06,8.227981618066586e-07,0.0010861403729703666,0.9999994101482034
2026-09-30T01:42:04.012 0.03907246443072628,3.8042852633783976e-05,-6.167348214426112e-05,1.2755036964705314e-06,8.746028844397818e-07,0.0010861567973554573,0.9999994101303359
2026-09-30T01:42:04.077 0.03909153777841222,3.7804674177915025e-05,-6.177814502097051e-05,1.3407278312089116e-06,8.016691007335206e-07,0.0010858809578025445,0.9999994104298788
2026-09-30T01:42:04.118 0.039110611357198635,3.7924123618009504e-05,-6.173379653049378e-05,1.3816239908095308e-06,8.367104446615677e-07,0.001086964868835624,0.999999409252208
2026-09-30T01:42:04.181 0.03913159211581054,3.816280634219605e-05,-6.179677177777922e-05,1.3297272124678703e-06,8.645916040935703e-07,0.0010872983234428073,0.9999994088897454
2026-09-30T01:42:04.225 0.0391492349979289,3.81630284606114e-05,-6.186937061813437e-05,1.239535011054669e-06,9.102258651594303e-07,0.0010877907152203633,0.9999994083543224
2026-09-30T01:42:04.283 0.039170692761026915,3.816329862827497e-05,-6.182879175851736e-05,1.3108150998426587e-06,8.182000854243464e-07,0.0010883953203905813,0.999999407696444
2026-09-30T01:42:04.325 0.03918833566370381,3.840193932850692e-05,-6.188648949530133e-05,1.2786842326543132e-06,7.887468170429655e-07,0.001088386381808201,0.999999407706238
2026-09-30T01:42:04.391 0.039208362874497436,3.804456361181235e-05,-6.187345107211021e-05,1.3910990946519223e-06,8.311809617728877e-07,0.001089228325284195,0.9999994067893387
2026-09-30T01:42:04.449 0.039228389911363536,3.840244361322818e-05,-6.19647207638872e-05,1.3365685836481343e-06,7.970127524121721e-07,0.0010894517694159975,0.9999994065460341
2026-09-30T01:42:04.498 0.039247463351789844,3.8283474457836334e-05,-6.200977908982245e-05,1.3899836293617094e-06,8.902617385177489e-07,0.001089601437342119,0.9999994063828154
2026-09-30T01:42:04.536 0.03926892113694729,3.840295391777518e-05,-6.195429910713577e-05,1.4212182767586297e-06,8.06035554529372e-07,0.0010905045629886873,0.9999994053983875
2026-09-30T01:42:04.598 0.039287517643568415,3.852239732710814e-05,-6.2058208112269e-05,1.4128718511490828e-06,8.707624016620326e-07,0.0010905683651703702,0.9999994053287664
2026-09-30T01:42:04.641 0.03930754480123786,3.8641858763111015e-05,-6.207497205220819e-05,1.257536974493336e-06,8.450336905453214e-07,0.0010911029508002797,0.9999994047458505
2026-09-30T01:42:04.700 0.0393285255157309,3.864212290274702e-05,-6.216774954563296e-05,1.3374168739989062e-06,8.183751199163917e-07,0.0010914134838559846,0.999999404406897
2026-09-30T01:42:04.741 0.03934759909301643,3.8880781632382815e-05,-6.212340107465476e-05,1.4894374099383649e-06,8.456172744617396e-07,0.0010916931096819394,0.9999994041014328
2026-09-30T01:42:04.804 0.039367149370004885,3.876181848041306e-05,-6.216921333066163e-05,1.3962861823520571e-06,8.651162457346623e-07,0.0010916749062613185,0.999999404121423
2026-09-30T01:42:04.839 0.03938765343791919,3.864286734895719e-05,-6.214202773397099e-05,1.5064291033311226e-06,7.871187978129753e-07,0.0010928471217964521,0.9999994028409614
2026-09-30T01:42:04.904 0.03940720366628612,3.8643113481060875e-05,-6.22176422946127e-05,1.3807406377295708e-06,8.21635165164142e-07,0.0010932022880421868,0.9999994024529094
2026-09-30T01:42:04.947 0.03942723061191274,3.876257489245827e-05,-6.23685165176653e-05,1.3903406147125468e-06,8.265828805232352e-07,0.0010932718968323406,0.9999994023767931
2026-09-30T01:42:05.006 0.03944773489036899,3.87628330751492e-05,-6.220722065735974e-05,1.0961717324568696e-06,8.270467267175511e-07,0.0010937296416187858,0.9999994018766138
2026-09-30T01:42:05.051 0.03946680823505315,3.876307319836292e-05,-6.231188357306612e-05,1.2272459581197134e-06,8.968967429367603e-07,0.0010940324508708354,0.9999994015451639
2026-09-30T01:42:05.109 0.03948731223078562,3.876333134824655e-05,-6.232940142357847e-05,1.3012445938656503e-06,8.61798045006598e-07,0.0010945583568134612,0.9999994009696044
2026-09-30T01:42:05.146 0.03950590875946618,3.900198404985479e-05,-6.241840930564204e-05,1.3866981661290178e-06,8.752445721512871e-07,0.0010948625990822708,0.9999994006364205
2026-09-30T01:42:05.220 0.039525935942196826,3.900223619905027e-05,-6.242027208351457e-05,1.4247864030555177e-06,8.283295156177388e-07,0.001095610537630519,0.9999993998172367
2026-09-30T01:42:05.260 0.03954500935606104,3.9121685620007146e-05,-6.248023159101497e-05,1.422634426154682e-06,8.390979335105878e-07,0.0010958366179654863,0.9999993995695091
2026-09-30T01:42:05.327 0.039564559867151745,3.9121931784918145e-05,-6.237703244083875e-05,1.450716044441876e-06,8.192492958154015e-07,0.0010957158731298578,0.9999993997017946
2026-09-30T01:42:05.369 0.03958458681277836,3.924139319631554e-05,-6.252790666389139e-05,1.4579550748651895e-06,8.740810594623993e-07,0.0010972305476703882,0.9999993980409366
2026-09-30T01:42:05.431 0.03960509083057026,3.936086063847444e-05,-6.253052339133408e-05,1.103669880194135e-06,7.724482983590286e-07,0.001097305915653839,0.9999993979587751
2026-09-30T01:42:05.470 0.039624640944137396,3.9122688177825756e-05,-6.268064362581955e-05,1.393854933662795e-06,8.966651890090761e-07,0.0010968521318785991,0.999999398456146
2026-09-30T01:42:05.538 0.039643237755541724,3.93613409122413e-05,-6.259083779706524e-05,1.1993092273107495e-06,7.996319341474897e-07,0.001098128547325137,0.9999993970556261
2026-09-30T01:42:05.578 0.039662788005968085,3.9480796336620264e-05,-6.265155123463726e-05,1.2423896457503212e-06,8.622636502336229e-07,0.0010984497031196487,0.9999993967027994
2026-09-30T01:42:05.637 0.03968233830501596,3.948104247692578e-05,-6.268246236757448e-05,1.3467198457605387e-06,8.588882662925336e-07,0.0010984766291775474,0.9999993966730899
2026-09-30T01:42:05.677 0.03970141174694316,3.92428640319926e-05,-6.272752067401123e-05,1.2707161258764471e-06,8.321123346212478e-07,0.0010992241923074271,0.9999993958517515
2026-09-30T01:42:05.739 0.03972096204298926,3.9481528751380784e-05,-6.275843184594545e-05,1.3579006372909887e-06,8.443947062008444e-07,0.001099361609813077,0.9999993957005644
2026-09-30T01:42:05.779 0.03974146601666231,3.936257760898913e-05,-6.279085081952745e-05,1.3349884718145909e-06,8.538824213524592e-07,0.0010995389285025892,0.999999395505634
2026-09-30T01:42:05.838 0.03976101645557118,3.9482033055239636e-05,-6.27323551165542e-05,1.4005542869377328e-06,8.268745750759705e-07,0.0011005915044143817,0.9999993943476642
2026-09-30T01:42:05.877 0.039781997311426114,3.948229721127929e-05,-6.273572575457002e-05,1.4953976899031964e-06,8.20355924741088e-07,0.0011006923614772126,0.9999993942365246
2026-09-30T01:42:05.937 0.03979964016998415,3.94825193269607e-05,-6.282322573749332e-05,1.4802829218455274e-06,8.982958611068135e-07,0.0011007395216207816,0.9999993941845702
2026-09-30T01:42:05.990 0.039819667352714805,3.948277147615618e-05,-6.282508851536586e-05,1.3295805029268547e-06,9.000994143920138e-07,0.0011015460499769981,0.9999993932966769
2026-09-30T01:42:06.039 0.039840171249703356,3.984065748372803e-05,-6.290221099464634e-05,1.3937973243761277e-06,8.55687456313457e-07,0.0011023598588186603,0.9999993923998488
2026-09-30T01:42:06.080 0.03985924461794783,3.984089760967569e-05,-6.299197276778456e-05,1.3072494007779132e-06,9.04290273531206e-07,0.0011021620212816224,0.9999993926179916
2026-09-30T01:42:06.142 0.03987974880216282,3.984115578143086e-05,-6.289028147775162e-05,1.4407862213249467e-06,8.327539615519417e-07,0.001102593234488393,0.9999993921425102
2026-09-30T01:42:06.180 0.03989882214684698,3.984139590464458e-05,-6.2994944393458e-05,1.321412656533972e-06,8.280384459150882e-07,0.0011032672573956822,0.9999993913992783
2026-09-30T01:42:06.241 0.03991932609545883,3.984165404906032e-05,-6.304226452910665e-05,1.3884193071886084e-06,8.635455229949625e-07,0.0011032162146351581,0.99999939145547
2026-09-30T01:42:06.282 0.039938876347386076,3.984190018389795e-05,-6.310297794718019e-05,1.3943138916845551e-06,8.141273769199886e-07,0.0011044724481092014,0.9999993900688162
2026-09-30T01:42:06.343 0.03995985727392195,3.9842164348139436e-05,-6.306164515749153e-05,1.3725316229297946e-06,8.137779806994922e-07,0.0011043092509063286,0.9999993902490802
2026-09-30T01:42:06.384 0.03997893054492339,4.008082304223399e-05,-6.321101153989937e-05,1.3783721126347435e-06,8.429400706344936e-07,0.0011046370719035412,0.9999993898869783
2026-09-30T01:42:06.448 0.03999800396178938,3.99618538841082e-05,-6.327097100840276e-05,1.333316752102004e-06,8.15174826038707e-07,0.0011056558583013877,0.9999993887611536
2026-09-30T01:42:06.492 0.04001803121370009,4.008131533104685e-05,-6.322813037806934e-05,1.354411028525197e-06,8.906120261365565e-07,0.0011052656173196043,0.9999993891924572
2026-09-30T01:42:06.550 0.04003805846711167,4.008156748844416e-05,-6.31852897282374e-05,1.4538798066749114e-06,8.356065096433387e-07,0.001106195813878995,0.9999993881638175
2026-09-30T01:42:06.584 0.04005760876315777,4.0320232207832336e-05,-6.32162009001716e-05,1.4456107386252469e-06,7.935805774047582e-07,0.001106620503740864,0.9999993876939831
2026-09-30T01:42:06.645 0.04007715887222225,4.0439687615807647e-05,-6.33663211931526e-05,1.3116557451063301e-06,8.679690892605407e-07,0.0011065444739535109,0.9999993877782393
2026-09-30T01:42:06.687 0.04009718608151498,4.0201521188654406e-05,-6.335328278945998e-05,1.447138938848233e-06,8.559792135173335e-07,0.001107098969557055,0.9999993871643346
2026-09-30T01:42:06.760 0.04011721335848689,4.020177334878566e-05,-6.329554099705988e-05,1.2015269315548947e-06,7.302492166071198e-07,0.0011076817061256865,0.9999993865194423
2026-09-30T01:42:06.798 0.04013724032767381,4.0321234762917e-05,-6.343151407754436e-05,1.2733594709716826e-06,8.567349051404152e-07,0.001108165588129958,0.9999993859831484
2026-09-30T01:42:06.857 0.04015726748534327,4.044069619891988e-05,-6.344827801748357e-05,1.4053667103083478e-06,9.136628063852017e-07,0.0011081724685129536,0.9999993859752966
2026-09-30T01:42:06.897 0.04017634094932988,4.0321727046261976e-05,-6.347843520085064e-05,1.373197797021334e-06,8.779231571365886e-07,0.0011087023003408046,0.9999993853880875
2026-09-30T01:42:06.956 0.04019589133811635,4.067960106612725e-05,-6.344974182201072e-05,1.4552325208947792e-06,8.401469951053801e-07,0.0011096732559607372,0.9999993843110312
2026-09-30T01:42:06.998 0.04021687207616972,4.0679865208497195e-05,-6.352761817286732e-05,1.4615154454821819e-06,7.895646197223917e-07,0.0011099483405025612,0.9999993840057713
2026-09-30T01:42:07.062 0.04023689928246067,4.0680117360426624e-05,-6.351457980817172e-05,1.3072540611435931e-06,8.416012649262075e-07,0.0011098024775505592,0.9999993841678322
2026-09-30T01:42:07.107 0.04025644944014666,4.068036348432849e-05,-6.363489779651788e-05,1.4517383819250646e-06,8.485871519371938e-07,0.0011105566183729828,0.9999993833303947
2026-09-30T01:42:07.167 0.04027552287907208,4.068060361847797e-05,-6.367995614195162e-05,1.301790489702313e-06,8.865376357608569e-07,0.001111150222443846,0.9999993826711607
2026-09-30T01:42:07.208 0.04029459634155781,4.06808437553614e-05,-6.37101133448172e-05,1.4136838432319033e-06,8.698909928865217e-07,0.00111160985818052,0.9999993821601931
2026-09-30T01:42:07.267 0.040315100499210714,4.0919520503465286e-05,-6.362332323634943e-05,1.0721140815415194e-06,8.418910152411294e-07,0.0011121813784839751,0.9999993815251703
2026-09-30T01:42:07.306 0.040334173796774245,4.091976062121112e-05,-6.375778843719211e-05,1.3206432432935363e-06,9.195997640497958e-07,0.0011120346149921477,0.9999993816880215
2026-09-30T01:42:07.367 0.04035467774238431,4.115843734470953e-05,-6.380510861183777e-05,1.454346721975569e-06,8.606363211261004e-07,0.0011126802654006797,0.999999380969694
2026-09-30T01:42:07.418 0.04037470500179946,4.068185234394151e-05,-6.376226788401184e-05,1.1321854481683413e-06,8.58713472472143e-07,0.0011130706278130171,0.9999993805356873
2026-09-30T01:42:07.476 0.04039425513292336,4.09205170441921e-05,-6.389748705392317e-05,1.2842182394774076e-06,8.873526112268074e-07,0.0011133662027950407,0.9999993802064389
2026-09-30T01:42:07.536 0.04041380554977281,4.0920763198167324e-05,-6.38538924740196e-05,1.374495084535981e-06,8.799608505374213e-07,0.001113874982768674,0.9999993796397372
2026-09-30T01:42:07.581 0.04043335589143864,4.1278637212564717e-05,-6.385500138031598e-05,1.4330139309738888e-06,8.214043899759547e-07,0.001114545605544355,0.9999993788924896
2026-09-30T01:42:07.627 0.040453383024046885,4.1517307935374976e-05,-6.388666648232185e-05,1.5466381808184127e-06,8.768769615144334e-07,0.0011142711246570078,0.9999993791981572
2026-09-30T01:42:07.690 0.040471979676532564,4.12791234924876e-05,-6.390116857355064e-05,1.4774335916988606e-06,7.877025367309756e-07,0.00111564860588332,0.9999993776624988
2026-09-30T01:42:07.730 0.04049153011694233,4.127936964919677e-05,-6.384267285107889e-05,1.5323839834966493e-06,8.759698679827717e-07,0.0011395190657135447,0.9999993507463809
2026-09-30T01:42:07.787 0.040512033972813805,4.116041849313542e-05,-6.394959753750169e-05,1.489688271732419e-06,8.37088240089303e-07,0.001156174411860008,0.9999993316286814
2026-09-30T01:42:07.829 0.04053253784324027,4.175672307705599e-05,-6.404162119834731e-05,1.523161014296591e-06,8.628163185877456e-07,0.0011572898774287125,0.9999993303383133
2026-09-30T01:42:07.888 0.04055065772984475,4.151853263894835e-05,-6.401066593179998e-05,1.4991590082215346e-06,8.344105502041377e-07,0.0011537236283987442,0.9999993344592013
2026-09-30T01:42:07.930 0.04057259221020245,4.163801808590563e-05,-6.40453467345939e-05,1.5733519008919603e-06,7.75854381918703e-07,0.00115684303563613,0.9999993308553329
2026-09-30T01:42:07.990 0.04058880462975501,4.16382221995226e-05,-6.408588149959781e-05,1.507846793255612e-06,7.95411800764079e-07,0.001157630986437884,0.999999329943572
2026-09-30T01:42:08.028 0.040609785413428114,4.175769563690176e-05,-6.413395558481659e-05,1.5307372869090251e-06,7.368549445362713e-07,0.0011562345662499592,0.9999993315591474
2026-09-30T01:42:08.088 0.040631243198585555,4.1877175096840604e-05,-6.407847560212991e-05,1.570032945502546e-06,8.156684779413696e-07,0.0011579570168215628,0.9999993295659837
2026-09-30T01:42:08.128 0.040650316566830026,4.187741522278827e-05,-6.416823737526812e-05,1.5673270300833997e-06,8.379037894375616e-07,0.0011580748312272474,0.9999993294295385
2026-09-30T01:42:08.191 0.04067129744624528,4.187767938156186e-05,-6.41567068707158e-05,1.6265043103791573e-06,7.715474767583996e-07,0.0011583981862412344,0.9999993290549756
2026-09-30T01:42:08.232 0.04068941716192401,4.211632608248196e-05,-6.423005968013957e-05,1.5441597444933455e-06,8.374962970383293e-07,0.0011593984920981511,0.9999993278957995
2026-09-30T01:42:08.304 0.040709444299034905,4.1997368936668235e-05,-6.426172472364993e-05,1.5212241861259938e-06,8.458198098128044e-07,0.0011589571797412082,0.9999993284073875
2026-09-30T01:42:08.344 0.040729471412585504,4.187841178812055e-05,-6.430829090972844e-05,1.5683522581892449e-06,8.198595551437518e-07,0.0011596599419013858,0.9999993275926176
2026-09-30T01:42:08.410 0.04074902163795066,4.2117076499306906e-05,-6.438390550936714e-05,1.5569310286490978e-06,8.074613016606399e-07,0.0011602292220397302,0.9999993269323116
2026-09-30T01:42:08.448 0.04076857193849942,4.199811335007109e-05,-6.441481662280587e-05,1.4264393948465861e-06,8.198005371672395e-07,0.0011606869539745805,0.9999993264013172
2026-09-30T01:42:08.512 0.04078812233178855,4.199835950131238e-05,-6.438612318547045e-05,1.461895942992454e-06,8.471583591868179e-07,0.001160778777613262,0.9999993262946604
2026-09-30T01:42:08.554 0.04080767248497188,4.235623349383823e-05,-6.45064412323121e-05,1.559644305492823e-06,8.886028596379329e-07,0.0011613282973706146,0.9999993256564544
2026-09-30T01:42:08.618 0.04082913036587147,4.235650367517151e-05,-6.439135665985429e-05,1.530400731955628e-06,8.144462196823776e-07,0.00116230737365514,0.9999993245190537
2026-09-30T01:42:08.662 0.040848203686995314,4.235674379565128e-05,-6.451092071812882e-05,1.5920760357751603e-06,8.828987692506774e-07,0.0011620016180505207,0.9999993248742348
2026-09-30T01:42:08.727 0.04086823070480376,4.2356995925709177e-05,-6.461709149397847e-05,1.5197024569882793e-06,8.039105940329476e-07,0.0011626136709119437,0.9999993241630198
2026-09-30T01:42:08.770 0.040888734934638495,4.2476463392473554e-05,-6.448559793830773e-05,1.6688636446360265e-06,7.472173519903138e-07,0.001163374792872454,0.999999323277645
2026-09-30T01:42:08.831 0.04090685470194052,4.235748223023754e-05,-6.45291484040997e-05,1.7357763103760106e-06,7.060649791851622e-07,0.001163476836235267,0.999999323158841
2026-09-30T01:42:08.876 0.04092878918379911,4.235775838765348e-05,-6.456382918739511e-05,1.6733699393454165e-06,8.180561136144877e-07,0.0011637942339417838,0.9999993227895265
2026-09-30T01:42:08.937 0.04094738573904175,4.2357992512913e-05,-6.463793588789352e-05,1.6101440442031714e-06,8.654367709588523e-07,0.001164233984671189,0.999999322277714
2026-09-30T01:42:08.979 0.04096836652121396,4.25966752398335e-05,-6.468600999261082e-05,1.5901884228882913e-06,7.71314942063081e-07,0.0011648808042698218,0.9999993215245639
2026-09-30T01:42:09.044 0.04098839360820247,4.271613666763454e-05,-6.47474773602545e-05,1.5342866009582087e-06,8.239925279490413e-07,0.0011651622242319303,0.9999993211967487
2026-09-30T01:42:09.098 0.04100651349180517,4.2716364808609566e-05,-6.471652213270416e-05,1.6833843566768253e-06,8.528645136314704e-07,0.0011658681656355548,0.9999993203736987
2026-09-30T01:42:09.153 0.041027017462476445,4.283583224530059e-05,-6.474894114528315e-05,1.607706892305568e-06,8.195110811174687e-07,0.0011661433148634965,0.9999993200530253
2026-09-30T01:42:09.199 0.04104704455246672,4.271687509401897e-05,-6.481040847392984e-05,1.6641059712816127e-06,9.202688944157946e-07,0.0011665354737121116,0.9999993195954547
2026-09-30T01:42:09.265 0.04106659492069466,4.2836330532067646e-05,-6.479661619866106e-05,1.3841502229105552e-06,8.165993828068134e-07,0.0011672702757966956,0.9999993187385282
2026-09-30T01:42:09.307 0.04108662210042352,4.307500126034579e-05,-6.479847901553062e-05,1.794577715099501e-06,6.491403868448723e-07,0.0011895242604353516,0.9999992925139457
2026-09-30T01:42:09.364 0.04110569537442674,4.307524137535768e-05,-6.494784535894147e-05,1.6605424095198589e-06,8.459988140190905e-07,0.0012023336644298866,0.9999992771948819
2026-09-30T01:42:09.407 0.04112572250703499,4.3313912098167946e-05,-6.497951046094732e-05,1.6231180480335004e-06,8.440195250384072e-07,0.0012024106447138872,0.999999277102386
2026-09-30T01:42:09.467 0.04114574964114411,4.343337353143688e-05,-6.501117554345467e-05,1.7147414940356853e-06,8.325532328277409e-07,0.001202854580340294,0.9999992765683509
2026-09-30T01:42:09.512 0.041164823105130734,4.3314404378778976e-05,-6.504133272682175e-05,1.6992111234927142e-06,8.571750213185403e-07,0.0012035380671737192,0.9999992757459871
2026-09-30T01:42:09.572 0.041185327147983834,4.331466253413049e-05,-6.502904829219777e-05,1.809367027421329e-06,8.009471613722219e-07,0.0012038500897860686,0.9999992753702605
2026-09-30T01:42:09.618 0.04120535423347145,4.355333325147287e-05,-6.509051567933996e-05,1.673169617635282e-06,8.643926796623152e-07,0.0012044681300743371,0.9999992746262254
2026-09-30T01:42:09.680 0.041224904578139064,4.36727886867876e-05,-6.509162454663936e-05,1.8182436436212566e-06,8.067680554587736e-07,0.001204771510175919,0.9999992742605623
2026-09-30T01:42:09.728 0.041244454828565424,4.379224411116657e-05,-6.515233798421138e-05,1.6885998631639024e-06,8.608421885283264e-07,0.0012054302907668192,0.9999992734668469
2026-09-30T01:42:09.786 0.04126495877867816,4.367329296604098e-05,-6.519965810036154e-05,1.5871117747501232e-06,8.891886966495465e-07,0.0012057658801652696,0.9999992730624021
2026-09-30T01:42:09.827 0.04128498584360723,4.367354510156675e-05,-6.527602659107487e-05,1.7418730613460657e-06,8.581068315270705e-07,0.0012062556335127226,0.9999992724715234
2026-09-30T01:42:09.906 0.041304536233894594,4.3912209831890696e-05,-6.524733319273646e-05,1.7147028418144555e-06,8.133450166971816e-07,0.0012066265543576602,0.9999992720241133
2026-09-30T01:42:09.962 0.041323609696380326,4.3912449968774124e-05,-6.527749039560203e-05,1.6695489412744552e-06,8.778388223985272e-07,0.001206959072306857,0.9999992716228546
2026-09-30T01:42:10.022 0.04134316006310736,4.415111469636413e-05,-6.526369813983178e-05,1.7465289840960387e-06,8.302254965511524e-07,0.0012074239744060196,0.9999992710615375
2026-09-30T01:42:10.076 0.041363664035279524,4.415137284351382e-05,-6.529611713291228e-05,1.831597807024598e-06,8.6462675573749e-07,0.001207542185129712,0.9999992709186186
2026-09-30T01:42:10.138 0.041383691150331005,4.391320640542481e-05,-6.534268329949229e-05,1.717171263351436e-06,8.652081960500074e-07,0.0012085848916358693,0.9999992696591645
2026-09-30T01:42:10.183 0.041403241402258255,4.391345254026244e-05,-6.540339671756583e-05,1.7325716440333201e-06,8.81390067707962e-07,0.0012092207401445427,0.9999992688904442
2026-09-30T01:42:10.243 0.04142183797956032,4.403289595779723e-05,-6.546260229499459e-05,1.7893613407749269e-06,8.621818782455034e-07,0.0012088942665073217,0.9999992692850866
2026-09-30T01:42:10.285 0.04144234199735223,4.415236339995614e-05,-6.546521902243727e-05,1.693246356483955e-06,9.00423744362099e-07,0.001209549877476142,0.9999992684924405
2026-09-30T01:42:10.334 0.04146236918008287,4.4152615549151615e-05,-6.546708180030981e-05,1.6775996172944386e-06,8.815644371160189e-07,0.0012103678240610925,0.9999992675028012
2026-09-30T01:42:10.377 0.04148287308157409,4.4152873688099475e-05,-6.554420422109478e-05,1.6233037418303558e-06,8.700972331586891e-07,0.0012108946464556918,0.9999992668651128
2026-09-30T01:42:10.431 0.04150194658967956,4.4272323119992126e-05,-6.554455915832253e-05,1.6014400654953008e-06,8.676523769554038e-07,0.0012109222541730634,0.9999992668317197
2026-09-30T01:42:10.471 0.04152197353680706,4.4272575241848186e-05,-6.569543336187667e-05,1.6366639575288708e-06,9.210290819300501e-07,0.0012119048883738822,0.9999992656412376
2026-09-30T01:42:10.524 0.04154295450896269,4.439204870109889e-05,-6.562429830655019e-05,1.7125693936718358e-06,8.394224499241276e-07,0.0012118843393308762,0.9999992656660857
2026-09-30T01:42:10.563 0.04156250485663208,4.4273085557330956e-05,-6.56254071348526e-05,1.7550665355499725e-06,8.508896347517294e-07,0.0012120419320173648,0.9999992654750056
2026-09-30T01:42:10.614 0.04158157831761693,4.439253498375571e-05,-6.565556435721667e-05,1.671948763952848e-06,8.277807504264777e-07,0.0012129216322546194,0.9999992644085461
2026-09-30T01:42:10.667 0.04160112854298208,4.463119969494207e-05,-6.573117895685537e-05,1.7676909342838483e-06,8.362214895652448e-07,0.0012132801158580698,0.9999992639734974
2026-09-30T01:42:10.707 0.04162115565353089,4.4750661125477054e-05,-6.57777451819309e-05,1.7691662294867758e-06,8.439631465591251e-07,0.0012136756939906865,0.9999992634934626
2026-09-30T01:42:10.749 0.041642136485825515,4.475092527878277e-05,-6.579601696251487e-05,1.7170780377765468e-06,8.905871681592321e-07,0.0012140670073585399,0.9999992630185085
2026-09-30T01:42:10.804 0.041662640271016044,4.463197411451959e-05,-6.594764507664214e-05,1.7512257771610098e-06,9.113093420431844e-07,0.0012145626768366184,0.9999992624165314
2026-09-30T01:42:10.840 0.04168219075554466,4.48706388557793e-05,-6.585934710803107e-05,1.7716741682705754e-06,8.165475016464975e-07,0.0012153665087195624,0.9999992614399492
2026-09-30T01:42:10.898 0.04170174110171316,4.48708850015527e-05,-6.586045595583197e-05,1.873613508513549e-06,8.365133831759146e-07,0.0012156155569927427,0.9999992611370307
2026-09-30T01:42:10.935 0.04172081456419889,4.487112513843613e-05,-6.589061315869756e-05,1.8007848257343474e-06,8.430903926818653e-07,0.001215677198223854,0.999999261062225
2026-09-30T01:42:10.995 0.04174084181761049,4.487137729583344e-05,-6.584777250886563e-05,1.8241772607067928e-06,9.010877359295647e-07,0.0012170096699934145,0.9999992594413876
2026-09-30T01:42:11.038 0.04176086895171962,4.499083872910237e-05,-6.587943759137298e-05,1.6730129396836218e-06,8.077799460403365e-07,0.0012172044359123142,0.9999992592046805
2026-09-30T01:42:11.096 0.04178089606376933,4.499109087009603e-05,-6.592600379694998e-05,1.8983670844650869e-06,8.478864062180355e-07,0.00121688900500575,0.9999992595881393
2026-09-30T01:42:11.138 0.04179996978541852,4.499133103705283e-05,-6.579224843156582e-05,1.477165905004908e-06,7.638901921631197e-07,0.001217734280672725,0.9999992585599532
2026-09-30T01:42:11.193 0.04182095042772973,4.5110804458028336e-05,-6.592972937219357e-05,1.7938398044165213e-06,8.184327997607095e-07,0.0012183694253632001,0.9999992577857524
2026-09-30T01:42:11.234 0.041840977494159694,4.4991847304012776e-05,-6.600609784340842e-05,1.622087304157316e-06,8.627859761097872e-07,0.0012187735223964772,0.999999257293587
2026-09-30T01:42:11.289 0.041860050955144536,4.511129673043754e-05,-6.603625506577249e-05,1.691788262566156e-06,8.58129835700101e-07,0.001219173470546654,0.9999992568059489
2026-09-30T01:42:11.330 0.04187960127475095,4.534996145255966e-05,-6.605226509513855e-05,1.6376170113356503e-06,8.414821396898352e-07,0.001219561874852945,0.9999992563324452
2026-09-30T01:42:11.400 0.041898197924234847,4.535019558875495e-05,-6.606676722536432e-05,1.7812547418358172e-06,8.389801846669599e-07,0.0012204204411372195,0.9999992552847577
2026-09-30T01:42:11.439 0.0419201323354125,4.5350471737969066e-05,-6.614615143636422e-05,1.6145515109575862e-06,8.519012328957641e-07,0.001220428721974291,0.9999992552749237
2026-09-30T01:42:11.491 0.04193825224257552,4.5350699881678035e-05,-6.610029506624574e-05,1.8009042153589267e-06,8.110406715598539e-07,0.001220822524107204,0.9999992547939541
2026-09-30T01:42:11.525 0.04195923295556768,4.547017331085536e-05,-6.6193072579169e-05,1.6501581451512263e-06,8.411913674449508e-07,0.0012218764352191042,0.9999992535069946
2026-09-30T01:42:11.582 0.04197926018391807,4.5589634755060064e-05,-6.616513309140372e-05,1.7643422433970687e-06,8.67327305233056e-07,0.0012217124321751945,0.9999992537071555
2026-09-30T01:42:11.618 0.041998810363663486,4.57090901712372e-05,-6.627054995668023e-05,1.6761601138527976e-06,8.604000939618895e-07,0.001222375836502021,0.9999992528966032
2026-09-30T01:42:11.676 0.042018837620076854,4.547092374955185e-05,-6.62277092678513e-05,1.747356428448097e-06,8.262909044418629e-07,0.00122289150029557,0.9999992522660417
2026-09-30T01:42:11.721 0.04203791103093928,4.582879174959139e-05,-6.62876688143487e-05,1.7394837984107417e-06,8.730316697705819e-07,0.0012238433183864568,0.9999992511015916
2026-09-30T01:42:11.769 0.042058891910354536,4.5829055908364985e-05,-6.627613830979636e-05,1.7542102495015448e-06,8.272223278520374e-07,0.0012236090791355356,0.9999992513882497
2026-09-30T01:42:11.809 0.04207844218284033,4.606772062501922e-05,-6.632195062429872e-05,1.7597529546139383e-06,8.793764320712547e-07,0.0012238614632289876,0.999999251079344
2026-09-30T01:42:11.873 0.042097038717524425,4.582953616846213e-05,-6.641095842836831e-05,1.6637864861894838e-06,8.928218611271798e-07,0.0012246976341379226,0.9999992500557886
2026-09-30T01:42:11.917 0.042117542758876636,4.594900361335498e-05,-6.639867401324281e-05,1.8282531199325227e-06,8.633116530350324e-07,0.0012250947132351848,0.9999992495691463
2026-09-30T01:42:11.966 0.04213709296518415,4.583004045318339e-05,-6.648918969695418e-05,1.6723866175968185e-06,8.503886116672427e-07,0.0012255497877068902,0.9999992490118169
2026-09-30T01:42:12.006 0.042157120144913025,4.606871118146154e-05,-6.649105251382372e-05,1.795403518175152e-06,8.52484917275112e-07,0.0012262430603822414,0.9999992481617207
2026-09-30T01:42:12.061 0.042177624095025755,4.5949760036335954e-05,-6.653837262997388e-05,1.7556245368714167e-06,8.539398615294898e-07,0.001226287795275837,0.9999992481069332
2026-09-30T01:42:12.114 0.042195743882886314,4.606919745591654e-05,-6.656702199219467e-05,1.6446905716183172e-06,9.083633480289406e-07,0.001226757735401532,0.9999992475306811
2026-09-30T01:42:12.152 0.042216247969858275,4.630787419581861e-05,-6.652493531143137e-05,1.7672248647887429e-06,8.666874759075081e-07,0.0012271224842048158,0.9999992470829838
2026-09-30T01:42:12.190 0.04223579813054604,4.60697017406378e-05,-6.664525326078053e-05,1.6387210593094172e-06,8.470125086137047e-07,0.0012274348117913777,0.9999992466999063
2026-09-30T01:42:12.245 0.04225534852083339,4.630836647096175e-05,-6.661655986244213e-05,1.7551160720061744e-06,8.018442018772552e-07,0.0012285732620087259,0.9999992453017235
2026-09-30T01:42:12.283 0.04227728288639129,4.618943332516666e-05,-6.672574633907983e-05,1.7275099699636137e-06,9.18433903776539e-07,0.0012281460395314283,0.9999992458264545
2026-09-30T01:42:12.346 0.04229587953437432,4.6308876750903274e-05,-6.674024848880412e-05,1.7942656072475212e-06,8.66396777621755e-07,0.001229223760144178,0.9999992445022033
2026-09-30T01:42:12.383 0.042316383552166215,4.642834419306217e-05,-6.67428652162468e-05,1.760402585752068e-06,8.389225931143299e-07,0.0012296747800011837,0.9999992439477805
2026-09-30T01:42:12.433 0.04233593373191163,4.654779960923931e-05,-6.684828208152331e-05,1.7371511455134078e-06,8.730321061131384e-07,0.0012294303261404104,0.9999992442483611
2026-09-30T01:42:12.475 0.04235500736082045,4.642883047571899e-05,-6.677413126691328e-05,1.738695425013961e-06,8.400284674843899e-07,0.0012304899374438415,0.999999242945106
2026-09-30T01:42:12.530 0.04237503444930984,4.642908261397871e-05,-6.683559861505846e-05,1.666792811911969e-06,8.77688412874241e-07,0.0012311428516429148,0.999999242141578
2026-09-30T01:42:12.569 0.04239458463055614,4.6429328740614516e-05,-6.694101546083648e-05,1.6212865388385045e-06,8.980025837952454e-07,0.0012310169262048241,0.9999992422966592
2026-09-30T01:42:12.623 0.04241508864834804,4.654879618277342e-05,-6.694363218827914e-05,1.676973324096819e-06,8.475370054483672e-07,0.0012322303957990723,0.9999992408020724
2026-09-30T01:42:12.660 0.04243559275737943,4.690668221495075e-05,-6.688664438444619e-05,1.7344896163740414e-06,8.226827277844424e-07,0.00123252651105851,0.9999992404370687
2026-09-30T01:42:12.714 0.042454666150685105,4.678771305409103e-05,-6.696150499551776e-05,1.7322398149621713e-06,8.418330129508687e-07,0.0012323369886160737,0.9999992406706303
2026-09-30T01:42:12.757 0.042474693259733035,4.7026383774167346e-05,-6.700807124009177e-05,1.7006232862773656e-06,8.278048715739778e-07,0.001233571482040418,0.9999992391486212
2026-09-30T01:42:12.825 0.042494243491101744,4.678821132718838e-05,-6.708368576173647e-05,1.7568394217459383e-06,8.521360077610863e-07,0.0012334156738610515,0.9999992393406921
2026-09-30T01:42:12.860 0.042513316953587475,4.678845146407181e-05,-6.711384296460204e-05,1.686265318801526e-06,8.684337250948368e-07,0.0012336813895779848,0.9999992390130261
2026-09-30T01:42:12.920 0.04253477459588214,4.702714019714833e-05,-6.714776985682281e-05,1.8006722158141546e-06,8.86420663840875e-07,0.0012343853791708438,0.9999992381440636
2026-09-30T01:42:12.963 0.042552894455924535,4.7027368335389406e-05,-6.713171577184063e-05,1.7796092708308979e-06,8.839758941885252e-07,0.0012354252178559215,0.9999992368600001
2026-09-30T01:42:13.022 0.04257482888766072,4.7266063066420126e-05,-6.719619887926937e-05,1.7119688795977869e-06,8.615073053148624e-07,0.0012352676447806399,0.9999992370547953
2026-09-30T01:42:13.065 0.042593902325085246,4.738551249011095e-05,-6.724125724420161e-05,1.713320361051469e-06,9.003318318437725e-07,0.0012355158413157523,0.9999992367481386
2026-09-30T01:42:13.120 0.04261297583469161,4.738575263246227e-05,-6.724161216193086e-05,1.704162888863699e-06,8.668042818479757e-07,0.0012368802364631087,0.99999923506152
2026-09-30T01:42:13.159 0.04263395671560775,4.726680750169453e-05,-6.723008163788003e-05,1.7310543147218026e-06,8.361872421277437e-07,0.0012370178182963079,0.999999234891318
2026-09-30T01:42:13.212 0.04265255331797103,4.726704163242193e-05,-6.727438605324213e-05,1.8739594858726422e-06,8.861302951782601e-07,0.0012369655512038888,0.9999992349556714
2026-09-30T01:42:13.246 0.04267401093970716,4.726731178368184e-05,-6.732321404903408e-05,1.6816296173909935e-06,8.402033469378405e-07,0.0012381147228779736,0.9999992335339059
2026-09-30T01:42:13.303 0.042694514954497276,4.7625197804923414e-05,-6.732583081547373e-05,1.8351260385975098e-06,8.587143740335798e-07,0.0012384915543775321,0.9999992330669882
2026-09-30T01:42:13.348 0.04271311153630202,4.7387013353834205e-05,-6.7385036334407e-05,1.7491507229387654e-06,8.980039627838057e-07,0.0012381318989645354,0.9999992335124737
2026-09-30T01:42:13.406 0.04273361550397152,4.774489936960788e-05,-6.741745538598299e-05,1.7549049889097845e-06,8.605072497400105e-07,0.0012395086223083304,0.9999992318069825
2026-09-30T01:42:13.446 0.04275268901357788,4.774513951195921e-05,-6.741781030371224e-05,1.733853260760496e-06,8.249422626291993e-07,0.001239669990652921,0.9999992316070185
2026-09-30T01:42:13.503 0.042772239290566325,4.7626176359989446e-05,-6.746362255971914e-05,1.697338293647248e-06,8.709842805921628e-07,0.0012397333494967122,0.999999231528496
2026-09-30T01:42:13.558 0.04279322014642126,4.76264405160291e-05,-6.746699319773495e-05,1.781093174616756e-06,8.489824081348932e-07,0.00124082316380965,0.9999992301766952
2026-09-30T01:42:13.609 0.042811339932780926,4.786508722515102e-05,-6.749564257945425e-05,1.7970772188098722e-06,8.038716028095804e-07,0.001241001499578734,0.9999992299554047
2026-09-30T01:42:13.652 0.04283279743821638,4.7746148073199894e-05,-6.761897626858847e-05,1.7207883444254312e-06,9.130686407379301e-07,0.0012408397425918163,0.9999992301561729
2026-09-30T01:42:13.709 0.04285091741455945,4.7865585514652025e-05,-6.752841649026401e-05,1.7781583417649349e-06,8.433945606616141e-07,0.0012421151438431943,0.9999992285727506
2026-09-30T01:42:13.748 0.042871421361670416,4.7985052948609095e-05,-6.757573664541118e-05,1.8280672292569273e-06,8.18132791135574e-07,0.0012425071913276578,0.9999992280856362
2026-09-30T01:42:13.803 0.042891448426599484,4.798530508413487e-05,-6.76521051361245e-05,1.7777516054488104e-06,8.616135794105466e-07,0.0012424893032023509,0.9999992281079164
2026-09-30T01:42:13.843 0.04291052177278453,4.786633591780726e-05,-6.775676803233239e-05,1.8027131613678093e-06,8.856535444687482e-07,0.0012431465644763828,0.999999227290994
2026-09-30T01:42:13.905 0.04293293311626647,4.77474087918379e-05,-6.777730158363277e-05,1.605864773942394e-06,8.54045616975255e-07,0.0012438857248559226,0.9999992263721984
2026-09-30T01:42:13.941 0.042951529784808026,4.810527079939112e-05,-6.777690262978588e-05,1.8077650497773076e-06,9.10915732619948e-07,0.0012436536659004716,0.9999992266604317
2026-09-30T01:42:14.000 0.0429725105464217,4.8105534944495006e-05,-6.783987783807435e-05,1.7381865938064028e-06,8.919396314004857e-07,0.00124399039405134,0.999999226241742
2026-09-30T01:42:14.044 0.04299158414876843,4.822498438732342e-05,-6.778062820502946e-05,1.7381576287611192e-06,8.224980083191287e-07,0.001245110775408784,0.9999992248474292
2026-09-30T01:42:14.098 0.04301018072757139,4.8225218515316884e-05,-6.783983376295973e-05,1.7551313911327595e-06,8.502631810703497e-07,0.0012453843381454864,0.9999992245067227
2026-09-30T01:42:14.138 0.04303020790730026,4.8463889243595026e-05,-6.784169657982926e-05,1.7512291374905375e-06,8.108566134470016e-07,0.001245737778155087,0.9999992240665309
2026-09-30T01:42:14.195 0.04304975811360777,4.8344926083423445e-05,-6.793221226354062e-05,1.6859139768959107e-06,8.879813844109811e-07,0.0012464884760807688,0.9999992231311223
2026-09-30T01:42:14.234 0.04306930841115476,4.846438151327029e-05,-6.796312341597633e-05,1.7196099660249434e-06,8.385633271416151e-07,0.0012466868211552587,0.9999992228838529
2026-09-30T01:42:14.298 0.04309076607851063,4.858386095953942e-05,-6.798214914613046e-05,1.6842066570600062e-06,8.493315639973966e-07,0.0012472621739826046,0.9999992221664532
2026-09-30T01:42:14.336 0.043109362751554844,4.858409509846865e-05,-6.798175013378808e-05,1.733661418183623e-06,8.667941770319889e-07,0.001247386932156172,0.9999992220107397
2026-09-30T01:42:14.391 0.04312843625966032,4.87035445303613e-05,-6.798210507101584e-05,1.6802678403147607e-06,8.418228268297354e-07,0.001248167422829997,0.9999992210369729
2026-09-30T01:42:14.433 0.04314894018321096,4.882301196158443e-05,-6.804432636873114e-05,1.7740975185887652e-06,8.530575632424796e-07,0.0012490523382481982,0.9999992199318863
2026-09-30T01:42:14.485 0.04316658306532932,4.882323407999977e-05,-6.811692520908627e-05,1.755036785233497e-06,8.496231956573917e-07,0.001249091003163584,0.9999992198836276
2026-09-30T01:42:15.357 0.043188994360189734,4.882351623810386e-05,-6.81672610650215e-05,1.7962229292241917e-06,9.011954452173882e-07,0.0012493689705097126,0.9999992195362639
2026-09-30T01:42:15.412 0.04320806789335641,4.882375638318912e-05,-6.81527148401826e-05,1.784381899920729e-06,8.492741829028573e-07,0.0012496902861741075,0.9999992191348368
2026-09-30T01:42:16.634 0.0432285719126492,4.8824014535806687e-05,-6.815533154812678e-05,1.7571146596223032e-06,8.502054021463139e-07,0.0012505406055526049,0.9999992180718861
2026-09-30T01:42:16.692 0.043248122068834306,4.894346994924988e-05,-6.827564955597146e-05,1.812220945339074e-06,8.488670132725625e-07,0.0012510346288059403,0.9999992174538702
2026-09-30T01:42:16.733 0.04326624197449644,4.9062907382500184e-05,-6.822979320535146e-05,1.7752388954792459e-06,8.304731463865666e-07,0.0012507829680567836,0.9999992177687569
2026-09-30T01:42:16.787 0.04328722273761101,4.894396223806273e-05,-6.829276839414142e-05,1.7678956955222072e-06,8.683663084657901e-07,0.0012512241880942453,0.9999992172167694
2026-09-30T01:42:16.827 0.04330724975391856,4.906342365766196e-05,-6.839893918948957e-05,1.8168943937803808e-06,8.349555372318573e-07,0.0012525235774103157,0.9999992155900372
2026-09-30T01:42:16.883 0.04332680016776623,4.930208839071984e-05,-6.8355344648583e-05,1.6070936774364175e-06,8.706354976320683e-07,0.0012525083764795295,0.9999992156094054
2026-09-30T01:42:16.925 0.04334873467318513,4.930236455086973e-05,-6.837512428931024e-05,1.7376953464578486e-06,8.428712976971666e-07,0.0012527739330464383,0.9999992152765634
2026-09-30T01:42:16.978 0.04336685441092329,4.96602205440651e-05,-6.843357597566435e-05,1.8619840407250937e-06,8.641761669996054e-07,0.0012539032967200797,0.9999992138608453
2026-09-30T01:42:17.029 0.04338640473803414,4.930283881848056e-05,-6.844958590753792e-05,1.7224820775891467e-06,8.781451423250792e-07,0.0012541557954271134,0.9999992135444421
2026-09-30T01:42:17.076 0.04340690859240473,4.930309695196054e-05,-6.855651061345921e-05,1.6496015625755968e-06,9.248854177601526e-07,0.0012541637693532332,0.9999992135345223
2026-09-30T01:42:17.118 0.04342502854218571,4.966095296976139e-05,-6.84808520166999e-05,2.0322187821521114e-06,8.339675247722511e-07,0.001254528079695277,0.9999992130769263
2026-09-30T01:42:17.208 0.04344648621404425,4.942280454740652e-05,-6.849987768835852e-05,1.6292642878701912e-06,7.999718056753413e-07,0.0012554965084823509,0.9999992118623008
2026-09-30T01:42:17.247 0.04346460592972298,4.966145124832661e-05,-6.85732304977823e-05,1.8424075264186252e-06,8.343156890915942e-07,0.0012559312677746248,0.999999211315969
2026-09-30T01:42:17.311 0.043486063576520316,4.9542512112779145e-05,-6.860715733150758e-05,1.8551863690940758e-06,8.849564131288118e-07,0.0012559121654677036,0.9999992113398929
2026-09-30T01:42:17.355 0.04350609073268887,4.978118283832335e-05,-6.862392129094528e-05,1.7894497982896575e-06,8.362362683091039e-07,0.0012566819557561545,0.9999992103729686
2026-09-30T01:42:17.411 0.043524687146569624,4.978141694717921e-05,-6.878743484685265e-05,1.6648447225462653e-06,9.6958927656238e-07,0.001257846906226222,0.9999992089084114
2026-09-30T01:42:17.449 0.04354519126310545,4.9543256531649896e-05,-6.873044694552719e-05,1.7848941916942037e-06,8.586464998839682e-07,0.0012606426425414274,0.9999992053877866
2026-09-30T01:42:17.505 0.04356378795370643,5.0020327831478387e-05,-6.871514686861065e-05,1.8037600822191298e-06,8.312307500087723e-07,0.0012597599664359715,0.9999992065001264
2026-09-30T01:42:17.542 0.04358429183313822,4.990137667815098e-05,-6.880717041246527e-05,1.6619401560326676e-06,8.965388258588716e-07,0.001259746108796941,0.999999206517773
2026-09-30T01:42:17.597 0.04360431910860924,5.002083812782355e-05,-6.874942863956368e-05,1.8547907875768472e-06,8.167956759486883e-07,0.001260984615624399,0.9999992049565298
2026-09-30T01:42:17.636 0.04362291561973303,4.978265366853252e-05,-6.885333758620142e-05,1.6376557423083882e-06,8.666782181329222e-07,0.0012605319316068208,0.9999992055275926
2026-09-30T01:42:17.693 0.043643896471085304,5.0140545693196174e-05,-6.885670828271275e-05,1.853267703653111e-06,7.88273981721221e-07,0.0012616998729117347,0.9999992040543706
2026-09-30T01:42:17.737 0.0436629698864504,5.0140785824611726e-05,-6.891666777071464e-05,1.7307092075474192e-06,8.89496309198064e-07,0.001261910681583512,0.9999992037885056
2026-09-30T01:42:17.803 0.04368347381150194,5.014104396629353e-05,-6.897888904893145e-05,1.8292866914890774e-06,8.500903673147252e-07,0.001262013049203402,0.9999992036591803
2026-09-30T01:42:17.842 0.043704454664355095,5.0379726701415847e-05,-6.898225972594425e-05,1.7650532465440536e-06,8.971800644061113e-07,0.0012635337172322164,0.9999992017389939
2026-09-30T01:42:17.894 0.043721620659788914,5.061836139002388e-05,-6.908390696036109e-05,1.792313135046048e-06,8.496828282879354e-07,0.0012638377726086017,0.9999992013547562
2026-09-30T01:42:17.945 0.04374260161138599,5.0499416267457975e-05,-6.902767300860577e-05,1.4949480796769594e-06,8.006701202506853e-07,0.0012637725823004533,0.9999992014376733
2026-09-30T01:42:17.997 0.04376262879711841,5.0261249837570796e-05,-6.902953574748131e-05,1.7971896262553141e-06,8.22499937892083e-07,0.001264402150523917,0.9999992006413282
2026-09-30T01:42:18.041 0.0437807485819772,5.061910583623405e-05,-6.905818514869911e-05,1.8098572019992171e-06,8.595201093974219e-07,0.0012648270565639894,0.9999992001039314
2026-09-30T01:42:18.091 0.04380172925235139,5.038095139131951e-05,-6.918076488826319e-05,1.678332619757462e-06,9.030004138521444e-07,0.0012651654634560233,0.9999991996760387
2026-09-30T01:42:18.130 0.0438203259003344,5.0500394817056125e-05,-6.919526703798748e-05,1.7889264234651286e-06,8.840836986380563e-07,0.0012660419837363694,0.9999991985665356
2026-09-30T01:42:18.183 0.04383987616981841,5.0977478112793026e-05,-6.924107939148686e-05,1.825668077218791e-06,1.0623176566052697e-06,0.0012901725299740725,0.9999991677248443
2026-09-30T01:42:18.221 0.04385990342323,5.097773027019033e-05,-6.919823874165493e-05,1.96905039546501e-06,1.3509359563167398e-06,0.0013102198396187975,0.9999991416587665
2026-09-30T01:42:18.277 0.04387945365159693,5.097797640229403e-05,-6.927385330229662e-05,1.828702557499772e-06,8.634458348218356e-07,0.0013071958287827993,0.9999991456171228
2026-09-30T01:42:18.317 0.043899480737084544,5.1216647119636406e-05,-6.933532068943878e-05,1.8466434678518499e-06,8.114663816879814e-07,0.0013054309578818461,0.9999991479226098
2026-09-30T01:42:18.373 0.04391950780201362,5.1216899255162175e-05,-6.941168918015212e-05,1.7264868821550487e-06,8.879507747001427e-07,0.0013092596045816952,0.999999142917392
2026-09-30T01:42:18.411 0.043939058243924266,5.109793612233001e-05,-6.935319343818189e-05,1.8539625774006854e-06,8.836441049403999e-07,0.0013079349298890251,0.9999991446506348
2026-09-30T01:42:18.464 0.043959085280790365,5.145581612374584e-05,-6.944446312995887e-05,1.8538905007036409e-06,8.844590279092182e-07,0.001308138424045463,0.9999991443844561
2026-09-30T01:42:18.511 0.043978635677081275,5.121764369590446e-05,-6.941576965362646e-05,1.7195824752918734e-06,8.76018220290894e-07,0.0013099465771940421,0.9999991420177522
2026-09-30T01:42:18.559 0.043997709042323974,5.145630240093478e-05,-6.950553146576166e-05,1.8024242974598858e-06,9.34401002427665e-07,0.0013099056498090636,0.9999991420711654
2026-09-30T01:42:18.600 0.044017259456171645,5.169496713399267e-05,-6.946193692485509e-05,1.9376804706097813e-06,8.298609261712059e-07,0.0013098517589941686,0.9999991421415951
2026-09-30T01:42:18.659 0.04403824021928621,5.157602198955523e-05,-6.952491211364505e-05,1.7892877735193694e-06,8.041905323719841e-07,0.0013112153329490818,0.9999991403548817
2026-09-30T01:42:18.696 0.04405922100596109,5.145707684785172e-05,-6.957298615986685e-05,1.6945398465542685e-06,8.491844686956761e-07,0.0013115407888560622,0.9999991399282134
2026-09-30T01:42:18.751 0.04407972492650996,5.1814962858157526e-05,-6.963520749657916e-05,1.8435764869088668e-06,9.353909039496398e-07,0.0013113033000053858,0.9999991402393212
2026-09-30T01:42:18.794 0.044099275250619026,5.169599971165565e-05,-6.965121746744972e-05,1.8485710597085644e-06,8.934815148388232e-07,0.001312306912909703,0.9999991389228047
2026-09-30T01:42:18.848 0.04411787182642022,5.193465241873177e-05,-6.971042306437697e-05,1.8285924235115347e-06,8.778235853659208e-07,0.0013129476788725388,0.9999991380817677
2026-09-30T01:42:18.893 0.044138852705835466,5.193491657750537e-05,-6.969889255982464e-05,1.8732532786838923e-06,8.247384687433701e-07,0.0013125838456432028,0.9999991385593584
2026-09-30T01:42:18.950 0.04415792612120057,5.1935156708920915e-05,-6.975885204782653e-05,1.6289089789086761e-06,8.690912618623176e-07,0.0013139359702307096,0.9999991367840562
2026-09-30T01:42:18.982 0.04417795318763053,5.181619955490536e-05,-6.983522051904137e-05,1.5827444735429235e-06,9.98661223603932e-07,0.0013144816456044206,0.9999991360668773
2026-09-30T01:42:19.038 0.04419654974137229,5.193564296970621e-05,-6.990932723903827e-05,1.7719571070211446e-06,1.0258455412255118e-06,0.0013164504288269362,0.9999991334766627
2026-09-30T01:42:19.076 0.044216576924102934,5.193589511890169e-05,-6.991119001691082e-05,1.8685069131876891e-06,9.89058816928321e-07,0.0013151675716925298,0.9999991351645204
2026-09-30T01:42:19.130 0.044236603941911375,5.193614724895958e-05,-7.001736079276047e-05,1.602091074629147e-06,1.0151342049371463e-06,0.0013156911857410266,0.9999991344761787
2026-09-30T01:42:19.170 0.044257107937643855,5.1936405398843203e-05,-7.003487864327282e-05,1.646767035655868e-06,1.0100705370220032e-06,0.0013171266682964185,0.9999991325864276
2026-09-30T01:42:19.235 0.044276181467808755,5.217506412301113e-05,-7.002033245743093e-05,1.7294793354103612e-06,1.0232259668529088e-06,0.0013169086732497941,0.9999991328733782
2026-09-30T01:42:19.276 0.044296685441481805,5.2056112980619486e-05,-7.005275143101293e-05,1.7860969298467934e-06,9.976731962294711e-07,0.0013172457674107522,0.999999132429325
2026-09-30T01:42:19.329 0.04431575885834779,5.19371438224937e-05,-7.01127108995163e-05,1.649867153611054e-06,1.0186272056937132e-06,0.00131869350007321,0.9999991305214686
2026-09-30T01:42:19.362 0.04433673966408032,5.217582655214813e-05,-7.014588386166544e-05,1.7914087288475566e-06,9.902809494818232e-07,0.0013183662609970023,0.9999991309527284
2026-09-30T01:42:19.417 0.04435676680119122,5.2056869406334405e-05,-7.017754890517582e-05,1.6008475521815887e-06,1.0239820111738033e-06,0.0013188312582804486,0.9999991303398723
2026-09-30T01:42:19.454 0.0443758402576734,5.253394670138315e-05,-7.020770618603538e-05,1.6530361408941446e-06,1.093016700936545e-06,0.001320072437517734,0.9999991287020367
2026-09-30T01:42:19.509 0.04439682123132992,5.253421087109252e-05,-7.01365711112104e-05,1.5170610361338794e-06,9.682768685911346e-07,0.0013200334294357044,0.9999991287538735
2026-09-30T01:42:19.551 0.044415417740952826,5.241523570134282e-05,-7.024048007734664e-05,1.5763418390420993e-06,1.0579170480516649e-06,0.0013205332701164614,0.9999991280937591
2026-09-30T01:42:19.601 0.044438306035796696,5.253473317154792e-05,-7.018726188487487e-05,1.6428960281391164e-06,9.451111250068263e-07,0.0013213385789269158,0.9999991270300027
2026-09-30T01:42:19.636 0.04445785612280174,5.2534979287247955e-05,-7.035228330092553e-05,1.587644435196428e-06,1.0052392874692684e-06,0.0013215610924001153,0.9999991267359927
2026-09-30T01:42:19.691 0.04447692970609082,5.2296800858718435e-05,-7.030793475195332e-05,1.5811662688157449e-06,9.637954574507163e-07,0.00132218962400757,0.9999991259052026
2026-09-30T01:42:19.733 0.044496003113951486,5.2893087437840636e-05,-7.036789433744771e-05,1.4748507354021034e-06,1.0639701719028615e-06,0.0013226246358967787,0.9999991253300001
2026-09-30T01:42:19.784 0.0445160300595781,5.301254884923803e-05,-7.051876856050033e-05,1.6139447941030678e-06,1.0660684245510354e-06,0.001346291651566128,0.9999990937471132
2026-09-30T01:42:19.818 0.04453653398913229,5.265517912229584e-05,-7.058098978022166e-05,1.2385584741278419e-06,1.1294552850295285e-06,0.0013600643508406706,0.9999990751106482
2026-09-30T01:42:19.876 0.04455656109667933,5.301305913191349e-05,-7.062755604429417e-05,1.3370010293237757e-06,1.1500031020567176e-06,0.0013588363237019333,0.9999990767799415
2026-09-30T01:42:19.930 0.044576111350107465,5.2894095977209794e-05,-7.06882694428692e-05,1.2168322365816844e-06,1.2208410625513514e-06,0.0013591158155137496,0.9999990764001879
2026-09-30T01:42:19.972 0.04459709222652094,5.3132778715066055e-05,-7.067673897731387e-05,1.1641342079404837e-06,1.1399904781647982e-06,0.0013610535908902422,0.999999073764805
2026-09-30T01:42:20.010 0.0446156888303851,5.3013803556252126e-05,-7.072104337317746e-05,1.3073237684589053e-06,1.0819001325950428e-06,0.0013607405532589686,0.999999074190705
2026-09-30T01:42:20.066 0.044636669849661345,5.3133277020970705e-05,-7.062010603271467e-05,1.6537931009699104e-06,9.804463540602543e-07,0.0013601439998257023,0.9999990750018739
2026-09-30T01:42:20.105 0.044657173774712886,5.313353516265251e-05,-7.06823273109315e-05,1.6873913270907159e-06,9.67408346026509e-07,0.0013637615806035084,0.9999990700748517
2026-09-30T01:42:20.157 0.04467767786318573,5.325300261301324e-05,-7.06402406106697e-05,1.6403512195827474e-06,9.977340865440257e-07,0.0013619938505714895,0.9999990724841022
2026-09-30T01:42:20.197 0.04469818173961574,5.3372470038768483e-05,-7.073226419352132e-05,1.5775649537482176e-06,9.500616907284585e-07,0.001362667246607597,0.9999990715668609
2026-09-30T01:42:20.254 0.04471677838909964,5.337270417496377e-05,-7.07467663237471e-05,1.737948219437346e-06,9.775368676213128e-07,0.0013646887888264434,0.9999990688098332
2026-09-30T01:42:20.290 0.044737282359770925,5.3492171611654793e-05,-7.077918533632609e-05,1.712482008210748e-06,9.689218968738193e-07,0.0013636924099095203,0.9999990701691376
2026-09-30T01:42:20.354 0.044756832658818795,5.3492417751960305e-05,-7.081009646926332e-05,1.7820292414677885e-06,9.991903232882892e-07,0.0013639081890678207,0.9999990698747063
2026-09-30T01:42:20.388 0.04477590614486485,5.3492657891577684e-05,-7.082535252956073e-05,1.782614243463844e-06,9.839400798913726e-07,0.0013658206600094497,0.9999990672644544
2026-09-30T01:42:20.445 0.04479641021127827,5.3492916049663135e-05,-7.07981669523686e-05,1.7919845016829196e-06,9.554766097105363e-07,0.0013658844483159628,0.9999990671773398
2026-09-30T01:42:20.498 0.044815006766520914,5.349315017492265e-05,-7.087227365286702e-05,1.7030274592401675e-06,9.33997405909921e-07,0.0013655639106993733,0.9999990676152819
2026-09-30T01:42:20.547 0.04483598749857071,5.3970251475457916e-05,-7.095015008171762e-05,1.7420976926777023e-06,9.718327304972493e-07,0.0013669893859124308,0.9999990656675832
2026-09-30T01:42:20.583 0.044855537921423716,5.3493660471267824e-05,-7.090655542382004e-05,1.8337097315300558e-06,9.9011054034183e-07,0.0013674276172647513,0.9999990650682473
2026-09-30T01:42:20.657 0.04487508809816735,5.385153446652762e-05,-7.101197232809357e-05,1.7625960662743667e-06,9.841146720341857e-07,0.0013670047364309117,0.9999990656465512
2026-09-30T01:42:20.697 0.04489654574646558,5.361338604143881e-05,-7.104589914232034e-05,1.5725520325481426e-06,1.036151169599524e-06,0.0013678344625917933,0.9999990645122306
2026-09-30T01:42:20.752 0.04491323495245787,5.385201473209265e-05,-7.11169901615292e-05,1.7507371723986044e-06,1.0160125029165044e-06,0.0013685053397583889,0.9999990635940804
2026-09-30T01:42:20.787 0.04493516962279898,5.3852290911380135e-05,-7.103246180427934e-05,1.7453698373339876e-06,9.184564668140638e-07,0.001368461339095266,0.9999990636543984
2026-09-30T01:42:20.841 0.04495567361853146,5.385254906126376e-05,-7.104997965479169e-05,1.8216780814450701e-06,1.3501213942568273e-06,0.0013261261355938757,0.999999120691779
2026-09-30T01:42:20.879 0.04497617749646236,5.385280719747768e-05,-7.114200321814482e-05,1.6522585292936672e-06,1.7418601003053644e-06,0.0013557777266380623,0.9999990809300736
2026-09-30T01:42:20.935 0.04499620467769212,5.3972268636214494e-05,-7.114386601551586e-05,1.7207928510786363e-06,8.986311979857308e-07,0.0013859519509725467,0.9999990395662492
2026-09-30T01:42:20.971 0.04501432436981053,5.4210915334400646e-05,-7.12321199675078e-05,1.753670302973813e-06,9.294579676339807e-07,0.0013710107124354695,0.9999990601624019
2026-09-30T01:42:21.026 0.045035782035665516,5.444960407021111e-05,-7.12511457171604e-05,1.7894784057386313e-06,9.72124031415404e-07,0.0013665475521956523,0.9999990662713842
2026-09-30T01:42:21.067 0.045055809314138315,5.4330646940801036e-05,-7.119340390526181e-05,1.5405232038588405e-06,9.73484210536169e-07,0.0013750090498593603,0.9999990546729491
2026-09-30T01:42:21.123 0.04507488256308032,5.445009634262031e-05,-7.135767141073932e-05,1.642802912298993e-06,1.0151390029493821e-06,0.0013721626135441763,0.9999990585825732
2026-09-30T01:42:21.163 0.04509490974881275,5.4211929912733133e-05,-7.135953414961487e-05,1.6806722453098411e-06,1.0482011001952353e-06,0.0013711855094759267,0.9999990599227457
2026-09-30T01:42:21.219 0.04511541397414482,5.4689025248121516e-05,-7.122804065243962e-05,1.824624063338362e-06,9.539281879963608e-07,0.0013744744788436046,0.9999990554073878
2026-09-30T01:42:21.259 0.04513448718347064,5.421242819676625e-05,-7.142211034556094e-05,1.852895487741098e-06,9.810889603175586e-07,0.0013734302107451665,0.9999990568420855
2026-09-30T01:42:21.316 0.04515594478014558,5.4331907634833555e-05,-7.148583950341952e-05,1.8161833594317204e-06,9.865603021636804e-07,0.0013741154606165722,0.9999990559007689
2026-09-30T01:42:21.362 0.045174064872789334,5.457055437949673e-05,-7.132077403175277e-05,1.715140237338551e-06,9.493873444993787e-07,0.0013749943600180777,0.9999990546928866
2026-09-30T01:42:21.408 0.04519504553866086,5.4690027803206175e-05,-7.144335382981236e-05,1.7380658984479393e-06,1.0058489384839765e-06,0.0013754420753408446,0.999999054077085
2026-09-30T01:42:21.451 0.045213642310449005,5.433263408444718e-05,-7.138335018870185e-05,1.7145758608377537e-06,9.892014306591925e-07,0.001375764215229845,0.9999990536340051
2026-09-30T01:42:21.504 0.045233669322253894,5.4809723372670395e-05,-7.14895210425455e-05,1.7005733552064606e-06,9.861745417239242e-07,0.001375722083985995,0.9999990536919938
2026-09-30T01:42:21.543 0.04525608066573584,5.469079624670103e-05,-7.15100545938459e-05,1.735902920580999e-06,1.025523196433843e-06,0.001376539873889787,0.9999990525665065
2026-09-30T01:42:21.596 0.045275630963282826,5.481025167654789e-05,-7.154096574628162e-05,1.7899511743453124e-06,1.0410068678578334e-06,0.001377761610348265,0.9999990508838783
2026-09-30T01:42:21.635 0.04529565816807289,5.492971311801864e-05,-7.15279274010845e-05,1.8365227601043764e-06,1.0235448446899181e-06,0.0013774690217366041,0.9999990512868868
2026-09-30T01:42:21.686 0.04531520830219857,5.492995923918656e-05,-7.166314653199882e-05,1.7362549609761137e-06,9.832645793763915e-07,0.0013781498979045428,0.9999990503489878
2026-09-30T01:42:21.724 0.04533475864986796,5.481099609541863e-05,-7.166425536030122e-05,1.8497984280897187e-06,1.015279537821581e-06,0.0013786494628780569,0.9999990496601514
2026-09-30T01:42:21.782 0.045354786018079345,5.504966684556831e-05,-7.154690903662548e-05,1.8524975417754408e-06,9.673164938159547e-07,0.001379104179103045,0.9999990490331957
2026-09-30T01:42:21.816 0.045374812822344075,5.5169128240562056e-05,-7.178719011508707e-05,1.7410825417416168e-06,9.94440613151641e-07,0.001379841059960627,0.9999990480168613
2026-09-30T01:42:21.870 0.0453938864512529,5.505015910704175e-05,-7.171303930047704e-05,1.850206852356925e-06,1.0418223858364238e-06,0.0013806452874585186,0.9999990469065866
2026-09-30T01:42:21.912 0.04541391356030083,5.528882982711807e-05,-7.175960554505106e-05,1.7798834904685963e-06,1.0045690738011778e-06,0.00138091798774836,0.9999990465302124
2026-09-30T01:42:21.966 0.04543441746179205,5.528908796606593e-05,-7.183672796583603e-05,1.8983809150866166e-06,1.0052683102173867e-06,0.0013809012467973078,0.9999990465531116
2026-09-30T01:42:21.998 0.04545587517476766,5.552777670734427e-05,-7.182595143035232e-05,1.6614097904167866e-06,9.888523389684383e-07,0.001381843350712164,0.9999990452521522
2026-09-30T01:42:22.071 0.045474948659312814,5.564722613650299e-05,-7.184120751014824e-05,1.9011366608039786e-06,9.972358107591197e-07,0.0013826166248000287,0.9999990441828732
2026-09-30T01:42:22.107 0.04549640635323078,5.552828700642339e-05,-7.184533205873721e-05,1.802574078101127e-06,9.730208028421315e-07,0.0013825144900171328,0.9999990443242878
2026-09-30T01:42:22.161 0.04551500290847343,5.5528521131682906e-05,-7.191943875923562e-05,1.8488031724904006e-06,1.022264797276387e-06,0.001382985819376345,0.9999990436724229
2026-09-30T01:42:22.203 0.045534553039597324,5.576718583193349e-05,-7.205465792914695e-05,1.7684816074640031e-06,1.039261018626139e-06,0.001384174483560327,0.9999990420279369
2026-09-30T01:42:22.254 0.04555505722681409,5.552902542460599e-05,-7.195296660011701e-05,1.6675003559117652e-06,1.0341380934691537e-06,0.0013839637351662065,0.9999990423198063
2026-09-30T01:42:22.294 0.04557508424011988,5.588690542328787e-05,-7.205913743446218e-05,1.840019499926985e-06,1.0399599904158804e-06,0.001384543463810012,0.9999990415170055
2026-09-30T01:42:22.345 0.04559511156721418,5.5648739009804354e-05,-7.197159331792876e-05,1.7628518948531236e-06,9.910651921269153e-07,0.0013858736866546194,0.9999990396745563
2026-09-30T01:42:22.381 0.04561513863214326,5.564899114533013e-05,-7.204796180864209e-05,1.8636236227537032e-06,1.0061998093106638e-06,0.0013858225006166097,0.9999990397452946
2026-09-30T01:42:22.438 0.04563516578531004,5.612608044995699e-05,-7.206472580707679e-05,1.8861590288187802e-06,9.328583627862952e-07,0.0013863276090277784,0.9999990390452046
2026-09-30T01:42:22.475 0.04565662333936701,5.5887932013932416e-05,-7.21582571915762e-05,1.9531506903318e-06,1.0037557113729429e-06,0.001386562249390377,0.9999990387196911
2026-09-30T01:42:22.529 0.04567665061633891,5.588818417406367e-05,-7.210051539917611e-05,1.7400724214823553e-06,9.967695199982468e-07,0.0013873950205799351,0.9999990375650546
2026-09-30T01:42:22.566 0.045696200888824694,5.612684889071791e-05,-7.214632771367848e-05,1.8999934866349875e-06,9.323929171166101e-07,0.0013879223720770172,0.999999036833041
2026-09-30T01:42:22.625 0.04571575112019341,5.588867644373894e-05,-7.222194223532318e-05,1.7090981139072887e-06,1.0266881001864545e-06,0.001387982593348474,0.9999990367497088
2026-09-30T01:42:22.665 0.0457338709536737,5.612732315832874e-05,-7.222078933190616e-05,1.8561260208310175e-06,1.0032896118291115e-06,0.0013887056493139675,0.999999035745619
2026-09-30T01:42:22.717 0.045755805341291034,5.612759930480891e-05,-7.231507468547421e-05,1.8369444907968812e-06,9.712753255057095e-07,0.0013891719079116335,0.9999990350980807
2026-09-30T01:42:22.765 0.04577440215269537,5.6366252039224454e-05,-7.22252688567199e-05,1.8463078320570693e-06,9.465953724924255e-07,0.0013895224271046297,0.9999990346110939
2026-09-30T01:42:22.806 0.04579633646813087,5.648573746704414e-05,-7.236425765749091e-05,1.8934027336853935e-06,1.0020093753676275e-06,0.0013899127306148198,0.9999990340685396
2026-09-30T01:42:22.844 0.04581541002335696,5.660518690440467e-05,-7.233481030958235e-05,1.77382043769886e-06,9.573052094475655e-07,0.0013906054965421638,0.9999990331056776
2026-09-30T01:42:22.899 0.045835913811549285,5.624781716105882e-05,-7.248643838471262e-05,1.7647143892130066e-06,1.0489240507000963e-06,0.0013914829263322705,0.999999031885057
2026-09-30T01:42:22.941 0.045855464175274536,5.672490046773149e-05,-7.247264616793935e-05,1.661239300852368e-06,9.79656317813386e-07,0.001391632834715454,0.9999990316766981
2026-09-30T01:42:22.989 0.045875968106329636,5.624832145124797e-05,-7.253486736816218e-05,1.7119384927006368e-06,1.0472939595909888e-06,0.0013921680725004141,0.9999990309315456
2026-09-30T01:42:23.026 0.045895995260997295,5.6606201466333504e-05,-7.255163134709837e-05,1.8110241780134106e-06,9.77329057320247e-07,0.0013929039720229762,0.9999990299066743
2026-09-30T01:42:23.077 0.04591649929934774,5.696408749030901e-05,-7.253934697096989e-05,1.7630794603132935e-06,9.885046011416404e-07,0.0013926361381962538,0.9999990302797803
2026-09-30T01:42:23.114 0.04593557264853456,5.6606699744898736e-05,-7.264400982818077e-05,1.8561844947340938e-06,1.04287121746678e-06,0.0013937949793410085,0.9999990286650395
2026-09-30T01:42:23.168 0.04595607666482558,5.6845376476598975e-05,-7.264662657512194e-05,1.8078836512221176e-06,1.0133014675284065e-06,0.0013942424017745886,0.9999990280414426
2026-09-30T01:42:23.221 0.04597610387261743,5.672641933898706e-05,-7.263358819092783e-05,1.8390463616070175e-06,1.030065461185951e-06,0.001394201049789182,0.9999990280990225
2026-09-30T01:42:23.264 0.045996131000723,5.732271793042133e-05,-7.266525335142917e-05,1.899018138051295e-06,9.86526630140464e-07,0.0013955354714841478,0.9999990262376101
2026-09-30T01:42:23.304 0.046016158068653855,5.708455148686444e-05,-7.274162180314551e-05,1.8170308476777194e-06,1.0043376732489214e-06,0.0013957959575247633,0.9999990258741929
2026-09-30T01:42:23.359 0.046035708414822366,5.7084797632637834e-05,-7.274273065094642e-05,1.8041135095707263e-06,1.0574229979681226e-06,0.001396259067996675,0.9999990252276459
2026-09-30T01:42:23.403 0.04605382820268292,5.720423505221842e-05,-7.277138001316721e-05,1.9149716270538886e-06,9.780285217843466e-07,0.0013968632925181915,0.9999990243836833
2026-09-30T01:42:23.468 0.04607480908209816,5.720449921099202e-05,-7.275984950861489e-05,1.8863423928519731e-06,9.594018968291089e-07,0.0013968691359006204,0.9999990243755933
2026-09-30T01:42:23.506 0.04609531288934812,5.720475733900411e-05,-7.289657649967249e-05,1.8298300425041144e-06,1.029483596687785e-06,0.0013975611534518065,0.9999990234087303
2026-09-30T01:42:23.556 0.04611438632977443,5.708578818361227e-05,-7.294163482560772e-05,1.818777382024054e-06,1.0410087238268304e-06,0.0013986033125310887,0.999999021951713
2026-09-30T01:42:23.592 0.04613489046386702,5.732446492898221e-05,-7.28697458597081e-05,1.811805102342875e-06,9.825681844856693e-07,0.0013983078557906281,0.9999990223649683
2026-09-30T01:42:23.645 0.04615348706623029,5.7324699059709617e-05,-7.29140502750702e-05,1.8590143010047095e-06,9.978189493347775e-07,0.0013991252870746,0.9999990212215107
2026-09-30T01:42:23.686 0.04617399103540068,5.756337578594196e-05,-7.29464693071477e-05,1.8251540685895152e-06,9.809386045021172e-07,0.0014001715387793726,0.9999990197572038
2026-09-30T01:42:23.737 0.0461949717528955,5.732522134649531e-05,-7.303924676157548e-05,1.804648187527421e-06,9.930456396508016e-07,0.00139985956183779,0.9999990201940021
2026-09-30T01:42:23.775 0.046214998932624374,5.7563892074773444e-05,-7.304110957844503e-05,1.7945703137947466e-06,1.001660347827171e-06,0.001400367140695073,0.999999019483343
2026-09-30T01:42:23.827 0.04623407244072985,5.76833415066661e-05,-7.304146451567277e-05,1.9281911123392066e-06,9.628949915019363e-07,0.0014015027833038857,0.9999990178921694
2026-09-30T01:42:23.865 0.04625362276183714,5.780279693924688e-05,-7.305747452554032e-05,1.852311807217073e-06,9.5963486457796e-07,0.0014012371834488978,0.99999901826452
2026-09-30T01:42:23.917 0.04627460350139139,5.7683851792075496e-05,-7.313535085689846e-05,1.915029012408166e-06,1.0296008777140028e-06,0.001401660420113625,0.9999990176711872
2026-09-30T01:42:23.954 0.046294630732743564,5.7564894657197534e-05,-7.310741133013619e-05,1.688075164684634e-06,1.0028240575451535e-06,0.001403195186710732,0.9999990155192218
2026-09-30T01:42:24.011 0.04631418086386746,5.780355935744812e-05,-7.32426305000475e-05,1.8988041029536824e-06,1.0488093522139638e-06,0.0014023472835444173,0.999999016708212
2026-09-30T01:42:24.046 0.046332777632653824,5.768458421777179e-05,-7.318262689793399e-05,1.803890180938792e-06,9.021255995784764e-07,0.0014035841553247785,0.9999990149732404
2026-09-30T01:42:24.096 0.0463537583677054,5.7923266939224395e-05,-7.326050328778761e-05,1.8290869213212568e-06,1.0262245034548932e-06,0.001404273663519034,0.9999990140050535
2026-09-30T01:42:24.145 0.04637378559755668,5.792351909388777e-05,-7.323256378052383e-05,2.0245793381907042e-06,1.0100440009945876e-06,0.001404160935362172,0.9999990141629883
2026-09-30T01:42:24.190 0.046396196939537726,5.792380125745974e-05,-7.325309735132273e-05,1.9718414858599383e-06,1.024479223158094e-06,0.0014048989339830818,0.9999990131265368
2026-09-30T01:42:24.226 0.046415270378463144,5.7924041391609226e-05,-7.329815569675647e-05,1.984446959392566e-06,9.513705312267661e-07,0.0014052131290318483,0.999999012685122
2026-09-30T01:42:24.288 0.04643434371564287,5.85203279625296e-05,-7.340281870995533e-05,1.939946410000597e-06,1.0149330167021206e-06,0.00140548825376589,0.9999990122984997
2026-09-30T01:42:24.332 0.04645341732399315,5.816294024719269e-05,-7.334356899891646e-05,1.8177106852715796e-06,9.656886768734129e-07,0.0014066516890090376,0.9999990106629052
2026-09-30T01:42:24.383 0.04647487482642682,5.8282419674324225e-05,-7.346690272704769e-05,1.911562741958596e-06,1.0547469617498766e-06,0.0014067047001753354,0.9999990105880705
2026-09-30T01:42:24.423 0.046495855775022125,5.840189313084098e-05,-7.341066881428938e-05,1.8096890915567316e-06,9.774466303323845e-07,0.0014074050191487143,0.9999990096029504
2026-09-30T01:42:24.480 0.046515405934209005,5.8282929965201514e-05,-7.353098678313704e-05,1.8679753207415388e-06,1.0063180665383522e-06,0.0014083957842295635,0.9999990082079147
2026-09-30T01:42:24.518 0.04653447941725328,5.852158868390154e-05,-7.354624288243147e-05,1.9159730677309354e-06,9.837338071903365e-07,0.0014084329991014646,0.9999990081554323
2026-09-30T01:42:24.583 0.04655450657492272,5.864105011990442e-05,-7.356300682237066e-05,1.9175899749455784e-06,1.011091454977197e-06,0.0014090133284403105,0.9999990073378777
2026-09-30T01:42:24.620 0.046575010642837034,5.852209898844855e-05,-7.353582122568004e-05,1.9061800351112147e-06,9.883904265379366e-07,0.0014092994865073402,0.9999990069346804
2026-09-30T01:42:24.681 0.0465950375177827,5.86415603916441e-05,-7.373139887643713e-05,1.8815361604676346e-06,1.0519530668526694e-06,0.0014099524796050045,0.9999990060141852
2026-09-30T01:42:24.718 0.04661601860924078,5.864182457502319e-05,-7.358575808877136e-05,1.842932787900342e-06,9.902527759307367e-07,0.0014105819680206117,0.9999990051265724
2026-09-30T01:42:24.776 0.04663556888322745,5.8761280002136096e-05,-7.363157038377523e-05,1.8309671632382254e-06,9.57889337401302e-07,0.001411634488763335,0.9999990036414037
2026-09-30T01:42:24.819 0.04665559594815653,5.876153213766187e-05,-7.370793887448856e-05,1.9012872506972928e-06,1.0121392786762582e-06,0.0014113626032526403,0.9999990040249854
2026-09-30T01:42:24.883 0.046674669316401,5.876177226360953e-05,-7.379770064762677e-05,1.7004105948813528e-06,1.0527669771306663e-06,0.0014117399477632509,0.9999990034926636
2026-09-30T01:42:24.918 0.046696603723075984,5.911967628144764e-05,-7.387708491712217e-05,1.888199232687301e-06,1.067902253460554e-06,0.0014130824176077177,0.9999990015961893
2026-09-30T01:42:24.971 0.046715200541984754,5.876228256815653e-05,-7.378727899087534e-05,1.703506733844307e-06,1.0298332875781896e-06,0.0014129982789523156,0.9999990017154523
2026-09-30T01:42:25.006 0.0467352276229697,5.9358581154122896e-05,-7.384874643651301e-05,1.8856339454905913e-06,1.0036410009916233e-06,0.0014130583217371662,0.9999990016303099
2026-09-30T01:42:25.061 0.04675477790145904,5.9120408712611806e-05,-7.38945586730214e-05,1.9469763363119384e-06,1.0093457705814301e-06,0.00141349075624881,0.9999990010190373
2026-09-30T01:42:25.102 0.04677528194581303,5.900145757842199e-05,-7.388227421889893e-05,1.848479567454034e-06,9.776803111254418e-07,0.001414941369526533,0.999998998967773
2026-09-30T01:42:25.163 0.04679626270442493,5.9240140302608536e-05,-7.394524946618437e-05,1.9652927019958043e-06,1.0190084884259765e-06,0.0014151620006949443,0.9999989986553042
2026-09-30T01:42:25.202 0.0468162897708549,5.912118314859298e-05,-7.402161793739921e-05,1.7741732734164198e-06,1.0651077404894433e-06,0.0014152191952305337,0.9999989985746722
2026-09-30T01:42:25.260 0.04683536327896037,5.924063258048562e-05,-7.402197287462697e-05,1.782206882450333e-06,1.017377608226188e-06,0.001416236659073215,0.9999989971342542
2026-09-30T01:42:25.295 0.046855867224570434,5.9479309303984034e-05,-7.406929304927262e-05,1.939191964396281e-06,9.708124895720113e-07,0.0014162953248429257,0.999998997050922
2026-09-30T01:42:25.350 0.04687303343504885,5.9479525438114884e-05,-7.4036829961579e-05,1.842412187859713e-06,9.603345127811054e-07,0.0014163906290006931,0.9999989969161316
2026-09-30T01:42:25.387 0.04689449098460315,5.9599004870714315e-05,-7.413036140457392e-05,1.9107899318139144e-06,1.0117905849572126e-06,0.001417488837506306,0.9999989953598557
2026-09-30T01:42:25.441 0.04691547186251752,5.971847831902924e-05,-7.411883091952008e-05,1.8253592455867696e-06,9.954919568734846e-07,0.001418095778303625,0.9999989944995148
2026-09-30T01:42:25.479 0.04693454525282142,5.983792773725218e-05,-7.419369156958862e-05,1.8908334582164915e-06,9.658064771470329e-07,0.0014181486955004655,0.9999989944243791
2026-09-30T01:42:25.533 0.04695647971262058,5.971899460239284e-05,-7.42432734759537e-05,1.831843911602623e-06,9.543974944379636e-07,0.0014192173187313095,0.9999989929084607
2026-09-30T01:42:25.583 0.04697555319866663,5.9719234742010215e-05,-7.425852953625113e-05,1.963626413017509e-06,9.493925142689947e-07,0.0014198049956140144,0.9999989920740007
2026-09-30T01:42:25.625 0.04699558040345671,5.983869618348098e-05,-7.424549119105401e-05,1.776770990014887e-06,9.279709134546028e-07,0.001419640415590373,0.9999989923080285
2026-09-30T01:42:25.665 0.04701465377320207,5.97197270198873e-05,-7.433525294469373e-05,1.956992612930512e-06,1.0023614612405343e-06,0.001420264375886083,0.9999989914216254
2026-09-30T01:42:25.721 0.047034204138428216,6.007760103701864e-05,-7.432146070842197e-05,1.9383500256822505e-06,1.0307667181577331e-06,0.0014208409958594767,0.999998990602513
2026-09-30T01:42:25.755 0.04705566178372467,6.007787119101249e-05,-7.435538756164574e-05,1.935405042690088e-06,9.668547659757198e-07,0.001421514461173622,0.9999989896454676
2026-09-30T01:42:25.807 0.04707473524921218,5.983969274881327e-05,-7.438554472551432e-05,1.9206704232634044e-06,1.0093462913118465e-06,0.0014220317061328794,0.9999989889100483
2026-09-30T01:42:25.863 0.0470947623582601,6.007836346888958e-05,-7.443211097008835e-05,1.8761095526116294e-06,1.0050386599295186e-06,0.001422210788240593,0.9999989886554606
2026-09-30T01:42:25.908 0.04711574316399263,6.031704619854402e-05,-7.446528393223748e-05,1.8817407033221786e-06,9.858302256513963e-07,0.0014228485070079285,0.9999989877482943
2026-09-30T01:42:25.944 0.04713433976485502,6.043648961881276e-05,-7.450958836709806e-05,1.922005937954531e-06,1.017379066142086e-06,0.001423428107328498,0.9999989869233339
2026-09-30T01:42:25.998 0.04715484385482875,6.0436747779632156e-05,-7.446750164733777e-05,1.916600500917153e-06,1.0362383734456409e-06,0.00142425303086237,0.9999989857487641
2026-09-30T01:42:26.034 0.04717391729225328,6.055619720332297e-05,-7.451256001227e-05,1.9723153331801806e-06,1.0271583628696066e-06,0.0014246309874949394,0.9999989852102873
2026-09-30T01:42:26.088 0.04719442131154607,6.055645535594054e-05,-7.45151767202142e-05,2.033318515605094e-06,1.1609441506455592e-06,0.0014488080805677526,0.999998950474281
2026-09-30T01:42:26.130 0.047215878877156246,6.127198123898056e-05,-7.459380711813343e-05,1.9140868014904227e-06,1.1290470235867062e-06,0.001466431015170165,0.9999989247869916
2026-09-30T01:42:26.179 0.0472359058302873,6.0795396202671294e-05,-7.474468124369357e-05,1.8677766479584735e-06,1.0020956032678879e-06,0.001463185391542504,0.9999989295414357
2026-09-30T01:42:26.223 0.04725593310575832,6.091485765234388e-05,-7.468693947079197e-05,1.924432498411576e-06,9.7665920384713e-07,0.0014629822020837953,0.9999989298386369
2026-09-30T01:42:26.305 0.04727596028848897,6.0915109801539364e-05,-7.468880224866451e-05,2.0196396920416292e-06,9.77765959189587e-07,0.001465605546861855,0.9999989259970963
2026-09-30T01:42:26.349 0.04729503365673344,6.091534992748703e-05,-7.477856402180273e-05,1.9428522897380834e-06,9.718864612619842e-07,0.0014650742879432788,0.9999989267757299
2026-09-30T01:42:26.401 0.04731553772314687,6.0915608085572485e-05,-7.475137844461059e-05,2.0149680922163454e-06,9.97149049996437e-07,0.0014652979811612336,0.9999989264478097
2026-09-30T01:42:26.440 0.047333657485946215,6.115425479196046e-05,-7.479492896889805e-05,1.936644117452952e-06,9.716537177781273e-07,0.0014666448523585455,0.9999989244735128
2026-09-30T01:42:26.494 0.04735511508412203,6.115452494048643e-05,-7.485865810725814e-05,1.8994499818923993e-06,9.990110821086293e-07,0.0014667271873499163,0.9999989243527975
2026-09-30T01:42:26.531 0.04737561912397337,6.13932016749206e-05,-7.484637371163116e-05,2.13591770611176e-06,9.509330954185627e-07,0.0014671902172044768,0.9999989236731208
2026-09-30T01:42:26.588 0.04739469247316019,6.103581392951034e-05,-7.495103656884204e-05,1.9386975269756654e-06,9.842266720200743e-07,0.0014677726826414046,0.9999989228187323
2026-09-30T01:42:26.637 0.04741758074444375,6.115531139698149e-05,-7.491271951893844e-05,2.015077807190299e-06,9.21537569256072e-07,0.001468357958740266,0.9999989219594165
2026-09-30T01:42:26.685 0.04743713108761048,6.139397612183755e-05,-7.491382840573633e-05,2.1501078417905053e-06,9.23168255809383e-07,0.0014686379473614448,0.9999989215479707
2026-09-30T01:42:26.727 0.047457634990602585,6.127502497124408e-05,-7.499095080702281e-05,2.0683582507241436e-06,9.639131836843989e-07,0.001469794365776239,0.9999989198490742
2026-09-30T01:42:26.779 0.04747766209814962,6.163290498086174e-05,-7.503751707109534e-05,1.9537493308849377e-06,1.004890684736494e-06,0.0014703239133861648,0.9999989190707972
2026-09-30T01:42:26.819 0.04749721244431813,6.163315112663513e-05,-7.503862591889623e-05,1.961475501193136e-06,9.674631756620759e-07,0.001469778384862861,0.9999989198727747
2026-09-30T01:42:26.878 0.047516762647623854,6.175260654554621e-05,-7.512914164160458e-05,1.8388987393432617e-06,1.0155420247358544e-06,0.00147112785216033,0.9999989178886294
2026-09-30T01:42:26.921 0.04753535931916718,6.187204997401677e-05,-7.51287426487607e-05,2.014679257663578e-06,1.0026210810777615e-06,0.001471704318449442,0.999998917040081
2026-09-30T01:42:26.975 0.047555386432717776,6.17530928254691e-05,-7.517530883483921e-05,1.9063128160005315e-06,9.753792116428293e-07,0.0014715697115337955,0.9999989172384132
2026-09-30T01:42:27.026 0.047576367194331455,6.175335697057299e-05,-7.523828404312768e-05,2.044236330006832e-06,9.561716139247121e-07,0.0014722636709886187,0.9999989162167077
2026-09-30T01:42:27.071 0.047595440868860014,6.17535971320619e-05,-7.513433096287983e-05,1.8048309989240817e-06,9.360303276083984e-07,0.001473070851455617,0.9999989150284779
2026-09-30T01:42:27.114 0.04761737523141615,6.187308256534945e-05,-7.524351747851453e-05,2.0035377017922543e-06,9.983719747413485e-07,0.001473218192663755,0.9999989148109841
2026-09-30T01:42:27.163 0.04763597199569985,6.211173529429712e-05,-7.518351393489651e-05,2.143094338598174e-06,9.472084388350973e-07,0.0014744956244735052,0.9999989129279908
2026-09-30T01:42:27.206 0.04765599899144887,6.199277813207974e-05,-7.530458583381582e-05,2.0649114470785077e-06,1.001748489399091e-06,0.0014742782222991893,0.9999989132486374
2026-09-30T01:42:27.254 0.04767602610199768,6.211223956261473e-05,-7.535115205889136e-05,1.9613220231460866e-06,1.0197340482998533e-06,0.0014748977502896607,0.9999989123352783
2026-09-30T01:42:27.293 0.04769509951736278,6.211247969403027e-05,-7.541111154689325e-05,1.9930137070197012e-06,9.564626371807477e-07,0.0014760904005542798,0.9999989105755278
2026-09-30T01:42:27.346 0.04771655711253683,6.23511684216389e-05,-7.547484072425032e-05,1.8794653309099575e-06,1.0515149635077539e-06,0.0014756218022044698,0.9999989112672367
2026-09-30T01:42:27.387 0.04773563059708198,6.247061785079761e-05,-7.549009680404625e-05,1.9850041763150187e-06,9.957527599238352e-07,0.0014762783013126505,0.9999989102981289
2026-09-30T01:42:27.442 0.0477566115441764,6.27093005968557e-05,-7.543386291078643e-05,1.9394414205687804e-06,9.696173197021787e-07,0.0014772448176075391,0.9999989088709283
2026-09-30T01:42:27.478 0.047775208127482025,6.235190685622516e-05,-7.549306841022119e-05,2.035945575075522e-06,1.0012247123304245e-06,0.0014776902629390336,0.9999989082125736
2026-09-30T01:42:27.533 0.04779428160902541,6.270977486446652e-05,-7.550832452901412e-05,2.085905206460828e-06,9.91970072487774e-07,0.0014784455262400059,0.9999989070961482
2026-09-30T01:42:27.571 0.04781478551051662,6.271003300341437e-05,-7.558544694979909e-05,1.93422311710982e-06,1.0079180006952673e-06,0.0014783120014184334,0.9999989072938377
2026-09-30T01:42:27.624 0.047834335880245445,6.271027915192171e-05,-7.557165465503183e-05,2.134053901439231e-06,9.77127469181388e-07,0.001478970055760056,0.9999989063204345
2026-09-30T01:42:27.660 0.047853886110113264,6.259131599448409e-05,-7.564726919617501e-05,2.0786286613349617e-06,9.449965713722321e-07,0.001479829128559084,0.9999989050496688
2026-09-30T01:42:27.724 0.04787534373034851,6.271079543528532e-05,-7.569609721146546e-05,2.000394466763673e-06,9.556481244555297e-07,0.001480417087929493,0.999998904179565
2026-09-30T01:42:27.766 0.04789394047257278,6.283023887195772e-05,-7.56509947909171e-05,2.0961756872594813e-06,9.135064031836423e-07,0.0014805157325050579,0.9999989040333681
2026-09-30T01:42:27.817 0.04791539793238849,6.259209042499738e-05,-7.580413074568915e-05,1.965740109598037e-06,1.0384192014476416e-06,0.001480782892420447,0.9999989036379405
2026-09-30T01:42:27.853 0.04793447150817313,6.294995844417451e-05,-7.575978229420944e-05,2.0435617880427986e-06,9.939491527318785e-07,0.0014820183470790863,0.9999989018076244
2026-09-30T01:42:27.905 0.047954975313922205,6.306942586172794e-05,-7.589650930476554e-05,2.0224180466534134e-06,9.961516589720297e-07,0.001505621926630445,0.9999988665481234
2026-09-30T01:42:27.945 0.047975479473075996,6.318889332029048e-05,-7.580971917679927e-05,2.041896750775699e-06,1.1061292959350049e-06,0.0015179164206373314,0.99999884796151
2026-09-30T01:42:28.001 0.04799598327882506,6.330836073784392e-05,-7.594644618735538e-05,2.1297070825596963e-06,1.1029060791823867e-06,0.0015173687334862841,0.9999988487925247
2026-09-30T01:42:28.042 0.04801362644066542,6.354700146814923e-05,-7.58402313558896e-05,1.8354079707918267e-06,1.0579903496339007e-06,0.001518825904367765,0.9999988465810269
2026-09-30T01:42:28.094 0.04803460741282104,6.366647492739992e-05,-7.576909630056312e-05,2.1074722146515487e-06,1.0828467848524255e-06,0.0015195709803556025,0.9999988454485443
2026-09-30T01:42:28.134 0.04805654180494103,6.330912320525611e-05,-7.586338159563568e-05,2.195385825436793e-06,1.0916366825970167e-06,0.0015194517015862088,0.9999988456295913
2026-09-30T01:42:28.186 0.0480770457019296,6.366700921282797e-05,-7.594050407491615e-05,1.7449541046285338e-06,1.0850566053924245e-06,0.0015222198327505022,0.9999988414206081
2026-09-30T01:42:28.227 0.0480975497447827,6.366726736817947e-05,-7.592821964029217e-05,1.8287498982483826e-06,1.0118318455770547e-06,0.001521285998953688,0.9999988428416011
2026-09-30T01:42:28.282 0.04811566932210131,6.366749547361325e-05,-7.60909792661279e-05,1.7474240639632284e-06,1.1163140920515581e-06,0.0015218193619063085,0.9999988420300946
2026-09-30T01:42:28.325 0.04813712701601927,6.354855634353366e-05,-7.609510381471686e-05,1.7915621225045995e-06,1.1325544099371582e-06,0.0015231697452268863,0.9999988399740446
2026-09-30T01:42:28.382 0.04815810786887244,6.378723907865598e-05,-7.609847449172968e-05,1.7585967832033746e-06,1.0878507192760098e-06,0.0015229844379760625,0.9999988402563903
2026-09-30T01:42:28.443 0.04817813507516339,6.378749123058542e-05,-7.608543612703408e-05,1.7042022222871147e-06,1.0479199666910636e-06,0.001523378081248617,0.9999988396569364
2026-09-30T01:42:28.484 0.04819863902077347,6.402616795408381e-05,-7.613275630167971e-05,1.8576583954776042e-06,1.0662564130031298e-06,0.0015242927519028182,0.9999988382628345
2026-09-30T01:42:28.521 0.04821675871439276,6.414560536272863e-05,-7.622101023417314e-05,1.7143585272555639e-06,1.1072919347341954e-06,0.0015247556161788961,0.9999988375573973
2026-09-30T01:42:28.580 0.04823678585150367,6.402664821691489e-05,-7.62526752776835e-05,1.6903379434690312e-06,1.145417832294354e-06,0.0015253061633674365,0.9999988367177928
2026-09-30T01:42:28.621 0.04825872033336226,6.402692437433084e-05,-7.628735606097892e-05,1.7608593409299291e-06,1.1210875735137853e-06,0.001526443136492613,0.9999988349828182
2026-09-30T01:42:28.674 0.04827779386502805,6.414637380895743e-05,-7.627280985563853e-05,1.7678047654158503e-06,1.1145683572802957e-06,0.0015263913260946348,0.9999988350618976
2026-09-30T01:42:28.717 0.04829829785925964,6.42658412483824e-05,-7.629032772564937e-05,1.756617264278488e-06,1.0768497572539722e-06,0.001526659905194675,0.9999988346519653
2026-09-30T01:42:28.772 0.048316417532320396,6.414686007521061e-05,-7.639348276171396e-05,1.7231444846196862e-06,1.1537419178599925e-06,0.001527634793895028,0.9999988331631373
2026-09-30T01:42:28.813 0.04833692147943136,6.426632750916769e-05,-7.644080291686112e-05,1.8127611111478112e-06,1.1288296560196972e-06,0.0015281868810322417,0.9999988323194664
2026-09-30T01:42:28.870 0.04835694861354049,6.438578894243662e-05,-7.647246799936848e-05,1.6507740460710837e-06,1.144602937215135e-06,0.0015285655918938189,0.9999988317409156
2026-09-30T01:42:28.908 0.04837745272557365,6.450525639553129e-05,-7.641548015653852e-05,1.7384978758734138e-06,1.1228338731699534e-06,0.0015290804277057115,0.9999988309536979
2026-09-30T01:42:28.969 0.04839747981556393,6.438629924424966e-05,-7.64769474851852e-05,1.812109667104493e-06,1.1305760038177283e-06,0.0015297185584763518,0.9999988299776005
2026-09-30T01:42:29.029 0.04841655334572882,6.46249579684176e-05,-7.64624012993433e-05,1.6869356444304867e-06,1.120912803449267e-06,0.0015304168003474497,0.9999988289094718
2026-09-30T01:42:29.079 0.04843705725022183,6.438679752828278e-05,-7.653952368113128e-05,1.7346971758104567e-06,1.1213787683779597e-06,0.0015304564601762052,0.9999988288486926
2026-09-30T01:42:29.121 0.048458991683458894,6.450628296977218e-05,-7.66040067690615e-05,1.713657084785591e-06,1.1400633508793533e-06,0.0015312370416916852,0.9999988276537557
2026-09-30T01:42:29.225 0.04847758830788159,6.462572639277485e-05,-7.663341006135394e-05,1.7815621210326901e-06,1.0699818404755195e-06,0.0015319964819148475,0.9999988264905417
2026-09-30T01:42:29.265 0.048499045904556524,6.474520583084218e-05,-7.669713921921253e-05,1.6632987850841465e-06,1.1299349682346696e-06,0.0015320325477477747,0.999998826435426
2026-09-30T01:42:29.318 0.04851716573803682,6.498385254543197e-05,-7.669598631579551e-05,1.8291779160534329e-06,1.1210885086105127e-06,0.0015327497680585945,0.999998825336083
2026-09-30T01:42:29.356 0.04853862321841107,6.498412268028822e-05,-7.68342211669964e-05,1.603637179833556e-06,1.1919840503665073e-06,0.0015334504174466604,0.9999988242622212
2026-09-30T01:42:29.407 0.04855960424369087,6.462675898684149e-05,-7.673328374853961e-05,1.674100799880998e-06,1.1316232084342058e-06,0.0015339152082510324,0.9999988235493333
2026-09-30T01:42:29.449 0.04857915453523431,6.522305157485365e-05,-7.676419497896933e-05,1.680267078079733e-06,1.114102805873478e-06,0.0015346411697116152,0.9999988224355145
2026-09-30T01:42:29.505 0.0485996584397273,6.498489113471886e-05,-7.684131736075731e-05,1.6691083382202773e-06,1.1493183838167636e-06,0.0015349674906692938,0.999998821934654
2026-09-30T01:42:29.541 0.048619685481096055,6.498514326751069e-05,-7.69325869940388e-05,1.649104832437896e-06,1.1585733220335266e-06,0.0015355840423032002,0.9999988209880986
2026-09-30T01:42:29.596 0.04863923584482133,6.546222657418336e-05,-7.691879477726554e-05,1.6786212448035805e-06,1.1425082170391854e-06,0.0015358066051043083,0.9999988206462789
2026-09-30T01:42:29.635 0.04865926307467261,6.546247872884673e-05,-7.689085527000176e-05,1.8779845127563947e-06,1.0975150657737354e-06,0.001537046853045628,0.9999988187404224
2026-09-30T01:42:29.688 0.0486788133957799,6.558193416142751e-05,-7.690686527986932e-05,1.8255621990204289e-06,1.1148606328940943e-06,0.0015373016114209187,0.9999988183488918
2026-09-30T01:42:29.730 0.04869931736645118,6.570140159811852e-05,-7.693928429244831e-05,1.650758726992755e-06,1.1078163895971363e-06,0.001537071363571866,0.9999988187031378
2026-09-30T01:42:29.784 0.04871934443288114,6.558244444410298e-05,-7.701565276366314e-05,1.6309371950750313e-06,1.1274905857543163e-06,0.0015388041054147593,0.9999988160382961
2026-09-30T01:42:29.827 0.04873794101018321,6.570188786163777e-05,-7.70748583410919e-05,1.6487753741724693e-06,1.091634782182112e-06,0.0015386801090034794,0.9999988162291054
2026-09-30T01:42:29.880 0.048760352375724576,6.570217002794367e-05,-7.708049076932264e-05,1.6525831325381648e-06,1.0978048715152193e-06,0.0015393748727292225,0.9999988151598306
2026-09-30T01:42:29.933 0.04877942588683183,6.558320088075367e-05,-7.708084566755341e-05,1.7255907688040643e-06,1.058922711176446e-06,0.0015404128908152533,0.9999988135613096
2026-09-30T01:42:29.978 0.04880136036568864,6.582189561725227e-05,-7.711552648984583e-05,1.6530925039423082e-06,1.1294699064703678e-06,0.0015403223769328862,0.9999988137007797
2026-09-30T01:42:30.015 0.04882138744967536,6.617977562413597e-05,-7.717699389648648e-05,1.7688035801091165e-06,1.0914029079907527e-06,0.0015411870187473785,0.9999988123684215
2026-09-30T01:42:30.072 0.04884141458678627,6.606081847832224e-05,-7.720865893999684e-05,1.7136467697806469e-06,1.1163736646078562e-06,0.0015415190789146043,0.9999988118566674
2026-09-30T01:42:30.109 0.048861918607579956,6.594186734139849e-05,-7.721127562844254e-05,1.6601087612018957e-06,1.112124265435264e-06,0.00154271168019993,0.9999988100176315
2026-09-30T01:42:30.159 0.048880991925702014,6.618052604096092e-05,-7.733083972571406e-05,1.6267991257041158e-06,1.128887854719154e-06,0.001542697853091741,0.9999988100389986
2026-09-30T01:42:30.194 0.04890197282867758,6.618079020246846e-05,-7.730440807859356e-05,1.6866997296273684e-06,1.0695746760257891e-06,0.001543054618777483,0.9999988094885186
2026-09-30T01:42:30.249 0.048922953638912775,6.606184506349889e-05,-7.73375809822472e-05,1.6942557921824299e-06,1.1109604610363892e-06,0.0015443774406018879,0.999998807446397
2026-09-30T01:42:30.290 0.04894059656064732,6.665811363508879e-05,-7.738037763495851e-05,1.6382835540919316e-06,1.152229292756122e-06,0.001543977714466269,0.9999988080636925
2026-09-30T01:42:30.347 0.04896253113824806,6.653918051389917e-05,-7.73554538284828e-05,1.5227294850105642e-06,1.1209711495207544e-06,0.0015450574417713767,0.9999988063962508
2026-09-30T01:42:30.382 0.04898160453455551,6.618179277395677e-05,-7.743031440055736e-05,1.6374888749420777e-06,1.1022290798429443e-06,0.0015459019444828935,0.999998805090927
2026-09-30T01:42:30.435 0.04900258529616919,6.618205691906068e-05,-7.749328960884581e-05,1.5794352566742264e-06,1.1418680624025596e-06,0.0015452252679948003,0.9999988061368237
2026-09-30T01:42:30.472 0.04902261252001692,6.665914623188936e-05,-7.746535017957603e-05,1.569271190271552e-06,1.0953601726207577e-06,0.0015461964128883788,0.9999988046357807
2026-09-30T01:42:30.527 0.049041685936882906,6.654017707376357e-05,-7.752530964807942e-05,1.6485720113474063e-06,1.134068837256847e-06,0.0015472657416322224,0.999998802981644
2026-09-30T01:42:30.566 0.04906218993261538,6.654043522364721e-05,-7.754282749859178e-05,1.6352035208092348e-06,1.1106110878511026e-06,0.0015474303635222408,0.9999988027269646
2026-09-30T01:42:30.635 0.04908174018304174,6.665989064802617e-05,-7.76035409361638e-05,1.4749370140916293e-06,1.152577850195024e-06,0.0015482258400012197,0.999998801495904
2026-09-30T01:42:30.682 0.04910367475613981,6.689858539546054e-05,-7.757861718818358e-05,1.7393781428994348e-06,1.0653845588688505e-06,0.0015493087593923005,0.9999987998183836
2026-09-30T01:42:30.729 0.049124178612011286,6.677963423939919e-05,-7.768554187460637e-05,1.5849204212344932e-06,1.1514144456570361e-06,0.0015489245943959065,0.9999988004136621
2026-09-30T01:42:30.769 0.049142775259994304,6.68990776651358e-05,-7.770004402433065e-05,1.759192356258949e-06,1.1129403514493738e-06,0.0015496468139732595,0.9999987992944884
2026-09-30T01:42:30.833 0.04916375613790867,6.701855111345073e-05,-7.768851353927682e-05,1.6933054760891768e-06,1.1306351067172604e-06,0.0015502460558288118,0.9999987983657884
2026-09-30T01:42:30.885 0.049183783319138426,6.713801255218755e-05,-7.769037633664785e-05,1.7200000052357248e-06,1.1068865730775177e-06,0.0015504310187592569,0.9999987980790139
2026-09-30T01:42:30.940 0.04920476405869267,6.701906740501617e-05,-7.776825266800598e-05,1.678344739173161e-06,1.1325559528830976e-06,0.0015513486375455174,0.9999987966559286
2026-09-30T01:42:30.980 0.04922431432967757,6.737694141121172e-05,-7.781406500200683e-05,1.562690699559837e-06,1.1173631314412928e-06,0.0015526010089615726,0.9999987947124819
2026-09-30T01:42:31.038 0.049241957233855355,6.749637282190236e-05,-7.787176271929232e-05,1.5505666363131209e-06,1.196816458029224e-06,0.0015523085831377194,0.9999987951663872
2026-09-30T01:42:31.078 0.049262461206027515,6.749663096905204e-05,-7.790418171237283e-05,1.6831927886918636e-06,1.1205653467464283e-06,0.00155305889166016,0.9999987940012679
2026-09-30T01:42:31.131 0.04928153478781571,6.737766183006385e-05,-7.78598331828991e-05,1.6623170544260487e-06,1.067305256649178e-06,0.0015534374909061508,0.9999987934133018
2026-09-30T01:42:31.172 0.04930299236093032,6.74971412653972e-05,-7.793846348332585e-05,1.5902040765436173e-06,1.1369211462114278e-06,0.0015535395278045052,0.999998793254829
2026-09-30T01:42:31.227 0.049323496336104264,6.725898083346424e-05,-7.797088243740935e-05,1.7241747074948468e-06,1.1202165006720495e-06,0.0015548295368817719,0.9999987912497112
2026-09-30T01:42:31.275 0.049341616117961264,6.785525541121015e-05,-7.799953187762413e-05,1.7470962141000344e-06,1.0910546281147693e-06,0.0015549525697787243,0.9999987910584007
2026-09-30T01:42:31.331 0.049363073767760376,6.749789769658e-05,-7.803345867235244e-05,1.69169788669365e-06,1.1579930899011776e-06,0.0015552859107993333,0.999998790540035
2026-09-30T01:42:31.376 0.049383100876808306,6.773656841665633e-05,-7.808002491692644e-05,1.6875369392484477e-06,1.1338951981807378e-06,0.0015564941890047854,0.9999987886601194
2026-09-30T01:42:31.417 0.04940217429217341,6.773680854807187e-05,-7.813998440492833e-05,1.5889280267983376e-06,1.1318572977490174e-06,0.0015563400166066436,0.9999987889002401
2026-09-30T01:42:31.454 0.04942267836008772,6.7617857416616e-05,-7.811279880823771e-05,1.624394376103873e-06,1.1290636091593764e-06,0.0015570240452370183,0.9999987878353699
2026-09-30T01:42:31.507 0.0494407980301467,6.773729482252687e-05,-7.821595388329929e-05,1.5101278320058258e-06,1.187736219206063e-06,0.0015574029512198757,0.9999987872454428
2026-09-30T01:42:31.542 0.049461778928619596,6.809518685265842e-05,-7.81895222946743e-05,1.672054976747072e-06,1.083894891966438e-06,0.0015583944491827893,0.9999987857006478
2026-09-30T01:42:31.595 0.04948180594942982,6.785702040363364e-05,-7.829569303152695e-05,1.506190489236768e-06,1.1934406628049343e-06,0.0015589026169650088,0.9999987849087307
2026-09-30T01:42:31.630 0.04950183310709926,6.797648183963652e-05,-7.831245697146615e-05,1.5240073066077431e-06,1.1192260944434855e-06,0.0015596234466573428,0.9999987837848251
2026-09-30T01:42:31.685 0.04952329082157577,6.809596129137353e-05,-7.830168041648395e-05,1.536283886781889e-06,1.1351750584126322e-06,0.0015595478833951573,0.9999987839026359
2026-09-30T01:42:31.725 0.04954093374931388,6.821539270479809e-05,-7.834447699120126e-05,1.4660018142552668e-06,1.1688186818294924e-06,0.0015601878742953358,0.9999987829044001
2026-09-30T01:42:31.780 0.04956239144173095,6.821566286425983e-05,-7.834860155928873e-05,1.7229307609573048e-06,1.1136977475763867e-06,0.0015612022309823214,0.99999878132095
2026-09-30T01:42:31.828 0.049581941668596995,6.833511828590485e-05,-7.842421613942891e-05,1.5093308981411326e-06,1.17603679821018e-06,0.0015613958821520757,0.9999987810188761
2026-09-30T01:42:31.876 0.04960196884832586,6.857378901418299e-05,-7.842607895629846e-05,1.4270948757340845e-06,1.1656171555049157e-06,0.0015619223774082926,0.9999987801968019
2026-09-30T01:42:31.916 0.04962247274981708,6.857404715313086e-05,-7.850320137708343e-05,1.6039823021404588e-06,1.1031615132302144e-06,0.0015624119969768907,0.9999987794317361
2026-09-30T01:42:31.968 0.049641069469981924,6.857428129752797e-05,-7.847300007960473e-05,1.701199349815087e-06,1.1362241239152589e-06,0.0015631704824977883,0.9999987782461824
2026-09-30T01:42:32.004 0.04966205020803529,6.857454543989792e-05,-7.855087643046135e-05,1.5207615269352653e-06,1.17271922525376e-06,0.0015637773820823873,0.9999987772975582
2026-09-30T01:42:32.072 0.04968350773402928,6.86940248697634e-05,-7.865930901602442e-05,1.6522929325542925e-06,1.2252236706277332e-06,0.0015678908146791461,0.9999987708563256
2026-09-30T01:42:32.110 0.04970258112433318,6.881347428798633e-05,-7.873416966609297e-05,1.6071042166652883e-06,1.2341872899888175e-06,0.001566985721027418,0.9999987722750684
2026-09-30T01:42:32.162 0.04972403886387088,6.881374445291596e-05,-7.87084919490441e-05,1.6293780441561721e-06,1.2143385705854953e-06,0.0015662926827604245,0.9999987733607989
2026-09-30T01:42:32.202 0.049742635489794476,6.88139785863773e-05,-7.873789522183804e-05,1.5946253742942627e-06,1.1266778071022333e-06,0.001568250467390703,0.9999987702925736
2026-09-30T01:42:32.256 0.04976218574022083,6.893343401075626e-05,-7.879860865941009e-05,1.491410839842221e-06,1.2790647941041274e-06,0.0015687945578377607,0.9999987694391304
2026-09-30T01:42:32.292 0.04978316650033361,6.905290744540148e-05,-7.886158388719704e-05,1.6406343542025473e-06,1.2281340245174697e-06,0.0015684588145148848,0.9999987699656171
2026-09-30T01:42:32.348 0.04980271689662453,6.88147350175601e-05,-7.883289041086462e-05,1.4733338249097278e-06,1.1904145028713413e-06,0.0015694632620215873,0.9999987683899823
2026-09-30T01:42:32.387 0.049822744051292195,6.917261503264564e-05,-7.884965438980083e-05,1.484815179840759e-06,1.1574691299111833e-06,0.0015704284526724117,0.999998766874705
2026-09-30T01:42:32.446 0.049843247955785194,6.893445459251084e-05,-7.892677677158879e-05,1.4640214783815547e-06,1.2819750826617839e-06,0.001569785507105342,0.9999987678840784
2026-09-30T01:42:32.483 0.04986279829595014,6.941153789644955e-05,-7.892788569738369e-05,1.571479145796735e-06,1.1933256327099785e-06,0.0015710920680921676,0.9999987658321484
2026-09-30T01:42:32.539 0.04988377906056559,6.917338346247078e-05,-7.899086086667516e-05,1.429699520367698e-06,1.2731275072712647e-06,0.0015723108161228726,0.9999987639167524
2026-09-30T01:42:32.571 0.04990285252004955,6.941204217843687e-05,-7.902101810853773e-05,1.5345252418521453e-06,1.2129414513086516e-06,0.001572064514777104,0.9999987643039042
2026-09-30T01:42:32.630 0.04992383335234417,6.94123063317426e-05,-7.90392898891217e-05,1.5508284025118916e-06,1.230811346250193e-06,0.0015726647394100333,0.9999987633600841
2026-09-30T01:42:32.667 0.04994290674264806,6.953175574996553e-05,-7.911415053919026e-05,1.5198943515452527e-06,1.2611956358047855e-06,0.001573892014667008,0.9999987614292457
2026-09-30T01:42:32.721 0.04996245720511725,6.965121119894997e-05,-7.904075369364888e-05,1.608789822115352e-06,1.213582343084166e-06,0.0015738201160985068,0.9999987615423237
2026-09-30T01:42:32.769 0.04998391466493297,6.941306275198962e-05,-7.919388964842092e-05,1.57324713022496e-06,1.2727211109045594e-06,0.0015742334187143704,0.9999987608917565
2026-09-30T01:42:32.815 0.050002511383596925,6.953250618592808e-05,-7.916368837044073e-05,1.5579365748040215e-06,1.2568886132043686e-06,0.0015751829144642355,0.99999875939662
2026-09-30T01:42:32.850 0.05002396895521065,6.977119491080278e-05,-7.924231869036596e-05,1.5951966591960727e-06,1.2426279537724109e-06,0.0015748934764378863,0.9999987598524556
2026-09-30T01:42:32.906 0.05004351923069821,6.977144104837434e-05,-7.928813096587134e-05,1.6388269970551824e-06,1.1849445628369462e-06,0.0015761690050671436,0.9999987578428173
2026-09-30T01:42:32.946 0.050063546413428854,6.977169319756983e-05,-7.92899937437439e-05,1.4276888043626378e-06,1.2245244781709943e-06,0.0015768188860603141,0.9999987568185587
2026-09-30T01:42:33.002 0.050084050336979505,6.989116062879295e-05,-7.93522150414592e-05,1.583797831074078e-06,1.2468189738157475e-06,0.0015766732433204035,0.999998757047938
2026-09-30T01:42:33.039 0.050104077518209264,7.001062206752977e-05,-7.935407783883024e-05,1.4857579795939664e-06,1.2809281478585016e-06,0.0015781320053402047,0.9999987547469874
2026-09-30T01:42:33.092 0.05012315093207348,7.013007148848665e-05,-7.941403734633064e-05,1.4198616972871607e-06,1.2470508874973897e-06,0.0015781155263841814,0.9999987547731318
2026-09-30T01:42:33.133 0.050143178069184384,7.001111434267292e-05,-7.944570238984099e-05,1.4841304187227916e-06,1.2475751850656074e-06,0.0015784194360768397,0.9999987542933865
2026-09-30T01:42:33.186 0.05016225150510802,7.024977305590507e-05,-7.949076077427174e-05,1.472790069074987e-06,1.260613678343794e-06,0.0015790983794377264,0.9999987532214977
2026-09-30T01:42:33.224 0.05018370917546568,7.013083392309153e-05,-7.950978646542886e-05,1.4398119947445816e-06,1.3026975774832984e-06,0.0015789223854872356,0.9999987534993884
2026-09-30T01:42:33.282 0.05020325952013329,7.025028935840627e-05,-7.951089533272826e-05,1.4595532189225808e-06,1.2137565445494813e-06,0.0015803056171899007,0.9999987513144968
2026-09-30T01:42:33.320 0.05022376342012362,7.036975678689546e-05,-7.958801777301172e-05,1.412483909139979e-06,1.3202762673653358e-06,0.0015808780686540657,0.9999987504096162
2026-09-30T01:42:33.371 0.05024283688260935,7.036999692377888e-05,-7.96181749758773e-05,1.3492084495524914e-06,1.3199848598586518e-06,0.0015812412182447863,0.999998749835542
2026-09-30T01:42:33.407 0.05026191024785205,7.060865562880922e-05,-7.970793678801253e-05,1.512873372070139e-06,1.2341879020343496e-06,0.0015820800943013677,0.9999987485085985
2026-09-30T01:42:33.475 0.05028384477833216,7.04897225021517e-05,-7.971281526667311e-05,1.395567395020767e-06,1.2210322416775857e-06,0.0015821276844544252,0.9999987484334926
2026-09-30T01:42:33.516 0.05030387195355837,7.108602109905385e-05,-7.971467814203815e-05,9.716355049650134e-07,1.150333986909087e-06,0.0016369214685361011,0.9999986602420218
2026-09-30T01:42:33.572 0.050325805961208885,7.132471578087363e-05,-8.004738181569374e-05,4.684161463875377e-07,1.4498604643596002e-06,0.0017208055338951622,0.9999985194119004
2026-09-30T01:42:33.609 0.0503491708525091,7.180184709578538e-05,-8.014392903747071e-05,3.9840217609198113e-07,1.164470438070085e-06,0.00175200828099088,0.9999984652315566
2026-09-30T01:42:33.659 0.05037301296183915,7.192135658923829e-05,-8.000281184973327e-05,-6.364029007854202e-07,4.449747818367857e-07,0.0018061177928676783,0.9999983689676275
2026-09-30T01:42:33.698 0.05039494845078772,7.239847002237907e-05,-7.939674358059184e-05,1.8292636574298893e-07,1.5925408766624503e-06,0.0019436145080895572,0.9999981111782533
2026-09-30T01:42:33.755 0.050417836951670875,7.299480467535498e-05,-7.920941518300066e-05,3.786376076123695e-07,7.342625581717982e-07,0.0020150574101160047,0.9999979697694148
2026-09-30T01:42:33.796 0.05044215577675973,7.335273873764294e-05,-7.914355767717265e-05,1.539160281582533e-07,7.146816681243759e-09,0.002069541837437355,0.9999978584959867
2026-09-30T01:42:33.847 0.05046361369727551,7.394905537215077e-05,-7.899867091707102e-05,1.427265200584484e-07,1.1000498664932399e-06,0.0021964115347383696,0.9999975878846606
2026-09-30T01:42:33.886 0.05048745553843677,7.478382057277832e-05,-7.902146641457431e-05,4.788892076210556e-07,5.483519137725721e-07,0.0022665412767742432,0.9999974313917565
2026-09-30T01:42:33.938 0.05050938969299884,7.645302674823165e-05,-7.924986232423478e-05,4.6160259034140534e-07,3.050596071617633e-07,0.002323794595633436,0.9999972999855405
2026-09-30T01:42:33.977 0.050529894011071275,7.704933138409711e-05,-7.90587642762854e-05,5.170817235054248e-07,1.1158525080694553e-06,0.0024456779375159735,0.9999970093244847
2026-09-30T01:42:34.034 0.0505542127624774,7.764568401726592e-05,-7.903761023715886e-05,1.0121650660170471e-06,4.0575047643166877e-07,0.0025182804487962262,0.9999968291261688
2026-09-30T01:42:34.077 0.050578053109286515,7.740756543704918e-05,-8.001407868353782e-05,2.8001003463634918e-06,9.730919651933328e-07,0.0025832374071822193,0.999996663432289
2026-09-30T01:42:34.130 0.05060141818756836,7.800390606337382e-05,-7.999141678426803e-05,3.4257288985413948e-06,2.1129952987127617e-06,0.0027160407569425944,0.9999963115464008
2026-09-30T01:42:34.190 0.050628597871610524,7.80042482584327e-05,-8.003439079835147e-05,3.615511627998279e-06,1.2200838270961608e-06,0.0027938125841958754,0.9999960972907264
2026-09-30T01:42:34.231 0.05065625450701463,7.824301504966604e-05,-8.000361306866277e-05,3.6715825488631676e-06,8.156379609006727e-07,0.0028601634721330178,0.9999959097170182
2026-09-30T01:42:34.270 0.050680573075941794,7.836253050279799e-05,-8.010166809208752e-05,4.149256862100013e-06,4.027965117264403e-06,0.00299314388976752,0.9999955205180743
2026-09-30T01:42:34.327 0.05071061384253333,7.895895517429788e-05,-8.01044623563888e-05,4.265063264393893e-06,1.383060805547544e-06,0.003062830961893813,0.9999953095121973
2026-09-30T01:42:34.363 0.05073731685043288,7.931691925369626e-05,-8.004237450091901e-05,4.745965893307406e-06,8.153448560799425e-07,0.00312520104000981,0.9999951165357112
2026-09-30T01:42:34.429 0.050764019767092966,7.943646474307622e-05,-8.003989117672485e-05,5.07547547499248e-06,4.035842621533031e-06,0.0032583713316368286,0.9999946914730181
2026-09-30T01:42:34.465 0.05079262990919827,7.979445281155747e-05,-8.011492932465502e-05,5.106776333406651e-06,1.3298664319681924e-06,0.0033259955903171693,0.9999944688474459
2026-09-30T01:42:34.519 0.050821717004166406,8.027165618667186e-05,-8.011621570931455e-05,5.266831341204371e-06,8.290867971415297e-07,0.0033827838056466777,0.9999942783562801
2026-09-30T01:42:34.559 0.05084603571295456,8.051038094574877e-05,-8.012486389682885e-05,5.465607618037703e-06,2.0566699319937857e-06,0.003509927144805062,0.999993840169696
2026-09-30T01:42:34.621 0.050873692111254636,8.086835699918402e-05,-8.024309761232022e-05,5.655487249773056e-06,1.3232470517755726e-06,0.003584630728437322,0.9999935751737634
2026-09-30T01:42:34.656 0.05090754733774195,8.122641109163851e-05,-8.040093470387924e-05,5.392591111431657e-06,7.978089312835442e-07,0.003666265807398551,0.999993279210072
2026-09-30T01:42:34.714 0.05093520369192317,8.134596856052322e-05,-8.054897066550994e-05,5.44608116025688e-06,2.4373849807760447e-06,0.003796179015273831,0.9999927944686818
2026-09-30T01:42:34.753 0.050966674899021076,8.18232019445462e-05,-8.059873012823214e-05,5.660236045060861e-06,1.7303993613579202e-06,0.003866551928341486,0.9999925248426375
2026-09-30T01:42:34.805 0.05099766936079632,8.253884791516553e-05,-8.058813112960706e-05,5.998997812487749e-06,1.1994702709942393e-06,0.003936735917201364,0.9999922510064223
2026-09-30T01:42:34.845 0.05102580290794618,8.241999284939879e-05,-8.051340384379001e-05,6.073552797573051e-06,4.357019466579682e-06,0.0040745907307231715,0.9999916987927977
2026-09-30T01:42:34.907 0.05105775078518313,8.30164415072476e-05,-8.066822525405946e-05,6.291190238261766e-06,1.707283983415332e-06,0.004140261857746403,0.9999914290578972
2026-09-30T01:42:34.944 0.05108969920880999,8.325526235935306e-05,-8.048032032676575e-05,5.986478053061618e-06,1.015871818717508e-06,0.004203129184474198,0.9999911667950816
2026-09-30T01:42:35.000 0.051117832352432724,8.3374825826192e-05,-8.065891250360443e-05,6.479926208318514e-06,4.285636030441957e-06,0.004334580356449438,0.9999906056322616
2026-09-30T01:42:35.040 0.051152641440526836,8.373289194736218e-05,-8.069904831476143e-05,6.772613866196738e-06,1.6958191774485805e-06,0.004399485411015158,0.9999903221928571
2026-09-30T01:42:35.091 0.051185066154325935,8.432934660863308e-05,-8.085462365510253e-05,6.920232045940199e-06,1.1835151497232787e-06,0.004467922156235042,0.9999900187613452
2026-09-30T01:42:35.130 0.051212722741108524,8.468732268393987e-05,-8.085364823004862e-05,7.286417867126883e-06,4.5280400521068444e-06,0.004605403278294096,0.999989395037292
2026-09-30T01:42:35.191 0.051247055019202584,8.480696422533926e-05,-8.087812892956886e-05,7.2297464712200965e-06,1.7245989340995381e-06,0.004671869040317121,0.9999890867326636
2026-09-30T01:42:35.225 0.05128186394537627,8.492661174828918e-05,-8.1022572699706e-05,7.400932865924877e-06,1.4139375142173589e-06,0.004741313923769476,0.9999887598795815
2026-09-30T01:42:35.285 0.05131381208027579,8.564226972575271e-05,-8.10134815612242e-05,7.269928467361752e-06,4.556479151933645e-06,0.004884795020378794,0.9999880692808267
2026-09-30T01:42:35.323 0.05135100518175576,8.635799371351973e-05,-8.116169507921202e-05,7.6226847686993296e-06,1.8709001604034171e-06,0.004954968520512357,0.9999877240373279
2026-09-30T01:42:35.384 0.05138486074259014,8.63584199756254e-05,-8.11109161163213e-05,7.731087313963257e-06,1.8610889789856182e-06,0.005024602511991431,0.9999873765735061
2026-09-30T01:42:35.419 0.05141442467111863,8.707404793324453e-05,-8.111295647004948e-05,7.98719698985334e-06,4.649381186290267e-06,0.005165814599909905,0.9999866570480365
2026-09-30T01:42:35.479 0.05145161782572277,8.731293476831413e-05,-8.123136762490698e-05,8.06613142714361e-06,1.868921498061124e-06,0.005230056721269382,0.99998632312554
2026-09-30T01:42:35.519 0.051485950217115745,8.779020419200721e-05,-8.11813426700819e-05,8.201859195177833e-06,1.6902274978754418e-06,0.005296804521558364,0.9999859717974713
2026-09-30T01:42:35.572 0.05151789818709307,8.850586215033311e-05,-8.127655952957721e-05,8.483531884658946e-06,4.590009508007484e-06,0.0054332780184298355,0.9999852395895331
2026-09-30T01:42:35.622 0.05155175355194049,8.91023348382739e-05,-8.134498980472428e-05,8.5902696829488e-06,1.8260811148738408e-06,0.005500591154722054,0.9999848715954763
2026-09-30T01:42:35.662 0.05158799314671925,8.969883754879302e-05,-8.13873874450932e-05,8.886907126959763e-06,1.7491577944912282e-06,0.005572401964273362,0.9999844740066277
2026-09-30T01:42:35.700 0.051621848511566676,9.029531023673383e-05,-8.145581772024026e-05,8.603658615026673e-06,4.67041506196336e-06,0.0057126151686732966,0.9999836828329245
2026-09-30T01:42:35.757 0.05165951821850829,9.065341233195951e-05,-8.17537965354858e-05,8.444057957503728e-06,2.071329119685401e-06,0.005781767412364389,0.9999832854053096
2026-09-30T01:42:35.797 0.05169814214046144,9.101152649691006e-05,-8.1710556931807e-05,8.573808693176019e-06,2.224347609062753e-06,0.0058578331020162225,0.9999828427092592
2026-09-30T01:42:35.851 0.051733427992935864,9.148880790284184e-05,-8.179615012023863e-05,8.821734578322756e-06,5.052312953116623e-06,0.006003133237239456,0.999981980981651
2026-09-30T01:42:35.887 0.05177348220652905,9.232377721161847e-05,-8.188928266788214e-05,9.058120165516125e-06,2.1596296687002363e-06,0.006067121448341437,0.9999815948059332
2026-09-30T01:42:35.939 0.05181210596355999,9.26818913574314e-05,-8.195035106218042e-05,9.197571315041828e-06,2.1894582272207264e-06,0.006140992002285029,0.9999811438861429
2026-09-30T01:42:35.981 0.05184739200751871,9.292075420615207e-05,-8.191673507106982e-05,9.352029208666e-06,5.0265608977898415e-06,0.006281750149706013,0.9999802695565198
2026-09-30T01:42:36.033 0.05188840003259629,9.39941541172592e-05,-8.192196866244465e-05,9.32679080069399e-06,2.1049693383668425e-06,0.0063440612550709095,0.9999798761952022
2026-09-30T01:42:36.073 0.051926547098929646,9.399463440742971e-05,-8.189287621276686e-05,9.655986273254893e-06,2.0468471883050497e-06,0.006416124426991221,0.9999794164131128
2026-09-30T01:42:36.126 0.051960879155975546,9.48295316614716e-05,-8.205146731239149e-05,9.974659911518967e-06,4.918130047833836e-06,0.0065584526546246195,0.9999784930562733
2026-09-30T01:42:36.171 0.05200236390731814,9.530689111462444e-05,-8.213196044918629e-05,9.896929235738703e-06,2.0347806332960362e-06,0.006622702349845074,0.999978069615277
2026-09-30T01:42:36.220 0.05204146456558862,9.614184843022663e-05,-8.214907942384573e-05,1.0339028748182146e-05,2.2387907365794234e-06,0.0066971724361948645,0.9999775736332551
2026-09-30T01:42:36.261 0.05207722727668461,9.673834513185576e-05,-8.222052541927934e-05,1.058811129811539e-05,4.963785926183261e-06,0.006838607114360463,0.9999766163845973
2026-09-30T01:42:36.328 0.052118235100225584,9.697727999156809e-05,-8.235986915727813e-05,1.0451361557549881e-05,2.070144371280729e-06,0.006898884764280174,0.9999762023545824
2026-09-30T01:42:36.367 0.052159243246106525,9.781226133726226e-05,-8.229059699681518e-05,1.0748281631578204e-05,2.1248511860218182e-06,0.006977273040409873,0.9999756584741846
2026-09-30T01:42:36.415 0.052197866908896204,9.817037547213944e-05,-8.241126996138613e-05,1.1064656724990064e-05,4.704898639431454e-06,0.007184309113507994,0.9999741924459845
2026-09-30T01:42:36.454 0.05224364339533737,9.912462613886184e-05,-8.236443826370622e-05,1.173349485277771e-05,2.1163894345128066e-06,0.007450707424842675,0.9999722430231328
2026-09-30T01:42:36.511 0.05228369741894716,0.00010007880471530828,-8.257677997139352e-05,1.2056438540323407e-05,2.221623226151623e-06,0.00783133275279574,0.9999693345683265
2026-09-30T01:42:36.549 0.0523318576611116,0.00010127150392901283,-8.280193852929568e-05,1.2303558767432218e-05,2.4801161607659015e-06,0.008233000913180464,0.9999661081948903
2026-09-30T01:42:36.611 0.05238907824110008,0.00010282194512830591,-8.275830010825946e-05,1.3098601120725112e-05,2.74135851785326e-06,0.008557349287962339,0.9999633851267132
2026-09-30T01:42:36.646 0.05244105362340766,0.00010401469242133205,-8.270636839793972e-05,1.4164678020575594e-05,4.834825996960619e-06,0.009005880962871375,0.9999594461197259
2026-09-30T01:42:36.705 0.05250113461620436,0.0001050883324119098,-8.305468318611148e-05,1.4450108973590028e-05,2.2126427669291406e-06,0.009345644063038571,0.9999563284080688
2026-09-30T01:42:36.739 0.05255549439636726,0.0001060426911675692,-8.287241080403951e-05,1.4146363285921905e-05,4.885578440239624e-06,0.009797776381244117,0.9999520005250225
2026-09-30T01:42:36.800 0.052618913586496584,0.00010807004753944134,-8.300248612017833e-05,1.5672650104750816e-05,2.258614983866247e-06,0.010155325833027981,0.9999484332236797
2026-09-30T01:42:36.841 0.0526727957716646,0.00010938202807281648,-8.329629642871131e-05,1.5971446113879267e-05,5.035801702669022e-06,0.010614817916690599,0.9999436610930383
2026-09-30T01:42:36.896 0.0527390762463338,0.00011093258333712919,-8.326698267903625e-05,1.7090243417936717e-05,2.372849483941715e-06,0.010972017511405297,0.9999398054553197
2026-09-30T01:42:36.936 0.05279725033302349,0.00011260224581367015,-8.332916013561892e-05,1.78478272142887e-05,5.466276799287442e-06,0.01144498826484349,0.9999345038027203
2026-09-30T01:42:36.990 0.05286734514078156,0.00011462968622251573,-8.352939504303335e-05,1.821363691377904e-05,2.7949694887550263e-06,0.01181217595863144,0.9999302336461149
2026-09-30T01:42:37.040 0.05292647292415584,0.00011629936070863483,-8.357817921719114e-05,1.907279039626144e-05,3.3261751391814503e-06,0.012289177394558629,0.9999244850208091
2026-09-30T01:42:37.078 0.05299323036774375,0.00011856517773002127,-8.346021265916975e-05,2.016090557171012e-05,3.398785601056681e-06,0.012754382513623723,0.9999186593461902
2026-09-30T01:42:37.129 0.05306284814895627,0.00012071182140311457,-8.37789027965563e-05,2.059562967480609e-05,3.2177913378965392e-06,0.013206476054338518,0.9999127904750954
2026-09-30T01:42:37.181 0.05313723462713552,0.00012273931585916255,-8.389651621920654e-05,2.131876510435514e-05,3.07027775707201e-06,0.013676157396576707,0.9999064767541751
2026-09-30T01:42:37.218 0.053208760054877166,0.00012536282073965079,-8.402450730148758e-05,2.2264077624999482e-05,3.341496375183973e-06,0.01416457677612623,0.9998996770966068
2026-09-30T01:42:37.275 0.05329077595616601,0.00012810566699316802,-8.41243814371387e-05,2.2789413866263954e-05,3.003478991370287e-06,0.014564578564142682,0.9998939306360803
2026-09-30T01:42:37.312 0.05336277833977225,0.0001306099686012067,-8.41786207171521e-05,2.3569893646306024e-05,3.2781489014095792e-06,0.01506949552295021,0.9998864484222184
2026-09-30T01:42:37.373 0.05344145617608504,0.0001331143542270812,-8.44073275864182e-05,2.416140895680838e-05,3.964939151426025e-06,0.01555081197907537,0.9998790785126455
2026-09-30T01:42:37.411 0.05352204158824601,0.00013609560105214878,-8.449003882828325e-05,2.4850206978997002e-05,4.194050769502113e-06,0.0160410634675455,0.9998713335463255
2026-09-30T01:42:37.465 0.05360167342152393,0.000139076835881308,-8.451163763973239e-05,2.6131778326899118e-05,4.289996136932717e-06,0.01655216121475391,0.999863003244868
2026-09-30T01:42:37.496 0.05369608680525971,0.00014253509393097409,-8.479502664248689e-05,2.674900569283317e-05,2.9132300839063298e-06,0.016980902613441522,0.9998558137163761
2026-09-30T01:42:37.557 0.05377238080616295,0.0001455162867389126,-8.479644680086638e-05,2.739187056233427e-05,3.1606680085993652e-06,0.01750551621847782,0.9998467663305314
2026-09-30T01:42:37.600 0.05386965522682835,0.0001494514179700105,-8.506945831947656e-05,2.794560460690868e-05,2.9703786808575782e-06,0.017938225099649926,0.9998390967003112
2026-09-30T01:42:37.659 0.05395643938899116,0.00015302878927360216,-8.523647646260621e-05,2.899279349339991e-05,3.0805846018138904e-06,0.018459725901235378,0.9998296043174453
2026-09-30T01:42:37.695 0.054053714002641744,0.0001566062926579476,-8.53902787821756e-05,2.924701783329352e-05,3.2537014320835835e-06,0.018901256505690904,0.9998213548612229
2026-09-30T01:42:37.760 0.05414049844302566,0.00016054129186297055,-8.537848327298285e-05,3.046355007374506e-05,4.054139325107874e-06,0.019448957141836185,0.9998108506720814
2026-09-30T01:42:37.801 0.05424254129098811,0.0001651917388737391,-8.561433078159593e-05,3.1134334859388926e-05,3.244068705064583e-06,0.019899651630158003,0.9998019818369673
2026-09-30T01:42:37.853 0.05433027921901557,0.00016888833148465202,-8.572325223409471e-05,3.18699532792895e-05,3.793157636067743e-06,0.020447719584221112,0.9997909230102677
2026-09-30T01:42:37.888 0.05443804417190202,0.00017389647841331145,-8.592344353435849e-05,3.261613960655266e-05,3.270476282332622e-06,0.02091434894221881,0.9997812705456202
2026-09-30T01:42:37.942 0.05453198096923379,0.00017806998622687682,-8.604216615578257e-05,3.3570461771418194e-05,3.434110226941651e-06,0.021467697319847635,0.9997695418610303
2026-09-30T01:42:37.981 0.054644514044634086,0.00018367423961012432,-8.639890827993683e-05,3.4187732546047215e-05,3.0522481894632643e-06,0.021954769310822155,0.9997589644141188
2026-09-30T01:42:38.035 0.05474321947980485,0.00018868227251750717,-8.63463566277489e-05,3.554477709556201e-05,3.328193932387001e-06,0.02252748142872176,0.999746223451717
2026-09-30T01:42:38.073 0.05485766002075618,0.00019416734063857139,-8.663160873985042e-05,3.5930950483012795e-05,2.9737522736375844e-06,0.023022345045103518,0.9997349500386329
2026-09-30T01:42:38.124 0.05495874952243697,0.00019905619425985362,-8.665733243136298e-05,3.714197657348429e-05,3.2731587267036805e-06,0.023608559591489768,0.9997212784190277
2026-09-30T01:42:38.159 0.05508034241283172,0.0002053758174371669,-8.707310277157383e-05,3.755966402509341e-05,2.575029712794244e-06,0.02411549684740921,0.9997091784086227
2026-09-30T01:42:38.214 0.055184293000063646,0.00021062233495580747,-8.705864667430726e-05,3.9045375372464865e-05,3.1858412706533627e-06,0.02471527681931782,0.9996945301226038
2026-09-30T01:42:38.255 0.055309700861176654,0.00021729963406192876,-8.730163480276882e-05,3.9376224851202636e-05,2.3055596126563942e-06,0.025237765367116385,0.9996814760929962
2026-09-30T01:42:38.310 0.05541794275641971,0.0002232614613240106,-8.742807447625142e-05,4.077247093561239e-05,2.6781774019902583e-06,0.025847115677746512,0.9996659066616077
2026-09-30T01:42:38.357 0.055545257816415845,0.0002304156215855819,-8.776348525840248e-05,4.143176167108116e-05,2.0350058810704935e-06,0.026382228972810468,0.9996519275596352
2026-09-30T01:42:38.409 0.05565445371612849,0.00023625825160324175,-8.768281677657563e-05,4.269483882509135e-05,2.3704879102325423e-06,0.027005998122481074,0.9996352706047041
2026-09-30T01:42:38.458 0.055786060110697845,0.00024388930303190562,-8.814422214791073e-05,4.3258667212312626e-05,1.918764463770228e-06,0.027554118341974545,0.9996203122623122
2026-09-30T01:42:38.499 0.05589907062172047,0.0002505664460955297,-8.811428867085095e-05,4.463221922469327e-05,2.1069045646981425e-06,0.028182698612784277,0.9996027878624724
2026-09-30T01:42:38.539 0.05603496851728613,0.00025855517942088233,-8.859738061389445e-05,4.510740114318982e-05,1.282444911812728e-06,0.028743443908806097,0.9995868208394602
2026-09-30T01:42:38.597 0.056151793973965816,0.0002657092077001218,-8.840956608715206e-05,4.655190232665381e-05,1.3780970541383278e-06,0.029384576486090833,0.9995681790131948
2026-09-30T01:42:38.632 0.05629198343820696,0.0002742940415094478,-8.886964121319646e-05,4.732147512999228e-05,7.848884809911267e-07,0.029960809441449517,0.9995510730611393
2026-09-30T01:42:38.693 0.05640976204518133,0.0002818057096040086,-8.901115974159233e-05,4.817662196937232e-05,9.08780017479284e-07,0.030616592185569932,0.9995312010943579
2026-09-30T01:42:38.732 0.05654947480971956,0.0002907481652949402,-8.938107414065166e-05,4.9094206034420815e-05,6.965429879786468e-07,0.031214046138059438,0.9995127217364294
2026-09-30T01:42:38.794 0.05666916118252551,0.00029861748532102435,-8.925738788160272e-05,5.0766447554827435e-05,1.5714011704595478e-07,0.031886819282049256,0.9994914847955519
2026-09-30T01:42:38.831 0.056811734817570264,0.00030815602346379137,-8.972123281399332e-05,5.101576328925615e-05,2.5858083821237906e-07,0.03249578490628872,0.9994718712203207
2026-09-30T01:42:38.891 0.05693618945125017,0.00031685986853995,-8.96646905624229e-05,5.255413928972901e-05,2.5596906531085736e-07,0.03318256710624779,0.9994493056069609
2026-09-30T01:42:38.931 0.057085438740538084,0.0003272329557519477,-9.016889293744227e-05,5.325350012791426e-05,-2.3608243634309567e-07,0.033805468682174315,0.9994284303796783
2026-09-30T01:42:38.987 0.05721227790893254,0.00033605604017576717,-8.989260321720615e-05,5.4734991203522385e-05,-3.782646864561266e-07,0.03450123632249616,0.999404653629428
2026-09-30T01:42:39.027 0.05736391118504421,0.0003470252038307104,-9.051978448062147e-05,5.5256985945451523e-05,-1.047791029967068e-06,0.03513975445182833,0.9993824065905067
2026-09-30T01:42:39.078 0.057490272902807456,0.00035596749146956665,-9.063017055658436e-05,5.650028390666951e-05,-7.736170188862242e-07,0.03585211844428681,0.9993571045478069
2026-09-30T01:42:39.118 0.05764476749707164,0.00036753273762829027,-9.106816064453594e-05,5.744583169519725e-05,-1.3388451947648075e-06,0.036506308530908825,0.9993334209039694
2026-09-30T01:42:39.189 0.0577735138804051,0.0003774287296580004,-9.086939253291367e-05,5.9211458783451116e-05,-1.3610852380464168e-06,0.03723047382490938,0.999306703825669
2026-09-30T01:42:39.230 0.05792705444063583,0.00038959001021657736,-9.152939199673685e-05,5.9446051224415185e-05,-2.4304411825781785e-06,0.03797678345320812,0.9992786199948481
2026-09-30T01:42:39.281 0.05806104549281707,0.000400678161119197,-9.166674244738708e-05,6.087065075118593e-05,-1.6273245475893294e-06,0.03892910442985747,0.9992419732579316
2026-09-30T01:42:39.321 0.05822650772357933,0.0004145085219071249,-9.1853852731231e-05,6.232694373510502e-05,-2.359099689930719e-06,0.03994016948216499,0.999202071140529
2026-09-30T01:42:39.374 0.05836812781289979,0.00042702728030071863,-9.221188229296365e-05,6.422885576547779e-05,-1.6963407445629645e-06,0.04109909095554809,0.9991550733466773
2026-09-30T01:42:39.412 0.05851737724864536,0.0004407382276417451,-9.25968760733957e-05,6.522701551505867e-05,-1.55598029360536e-06,0.04230566332537366,0.9991047125269781
2026-09-30T01:42:39.472 0.058674256625827426,0.0004551645268403876,-9.263630543032915e-05,6.814869619208015e-05,-3.7470016686972254e-06,0.04354465164297981,0.9990514794819167
2026-09-30T01:42:39.514 0.05883256593073861,0.0004709021461686364,-9.303562421359682e-05,6.962177264900111e-05,-4.849488078811576e-06,0.04481054141805505,0.9989955007441785
2026-09-30T01:42:39.561 0.05899182938298215,0.0004864013589793255,-9.313842796664758e-05,7.26717042574768e-05,-4.94574698882699e-06,0.046176074003419526,0.9989333135319863
2026-09-30T01:42:39.601 0.05915299974792936,0.0005045232001271352,-9.349756729261057e-05,7.406449668270517e-05,-5.067200534487459e-06,0.04773664918832557,0.9988599535535723
2026-09-30T01:42:39.652 0.05932084651700105,0.0005219298696648905,-9.34351283881089e-05,7.831269830731392e-05,-4.2314769869951835e-06,0.04955766087071818,0.9987712611495381
2026-09-30T01:42:39.690 0.05948821553020441,0.0005412438817279953,-9.393817928310162e-05,8.09079766249651e-05,-2.961221090942211e-06,0.051685734613201376,0.9986633958860334
2026-09-30T01:42:39.743 0.05966464451131734,0.0005622269379206338,-9.439595055216184e-05,8.417844870733615e-05,-3.061513323954468e-06,0.05414393183460773,0.9985331379328907
2026-09-30T01:42:39.787 0.059842504288889216,0.0005847597329231175,-9.466226901153136e-05,8.83073903250991e-05,-1.266980180715733e-06,0.05694886344302749,0.99837709266226
2026-09-30T01:42:39.840 0.0600246558246661,0.0006096767677772996,-9.477146066326587e-05,9.312067564113561e-05,-6.896710181157015e-07,0.060113780414618505,0.9981915270790106
2026-09-30T01:42:39.894 0.060211098801857654,0.0006378125074744289,-9.491724049724091e-05,9.886924642595704e-05,-1.0980642002408762e-07,0.06364546255696804,0.9979725674189495
2026-09-30T01:42:39.934 0.06040326385845811,0.0006683325050116514,-9.502736445434109e-05,0.00010509343929205829,4.1807588124517055e-07,0.06754763922397697,0.9977160444687966
2026-09-30T01:42:39.975 0.06060162764554886,0.0007009983477914355,-9.522179556618635e-05,0.00011149150171611992,3.642679391828005e-07,0.07182104078348227,0.997417528254988
2026-09-30T01:42:40.027 0.060804759977284344,0.000736286854999955,-9.528965612460155e-05,0.00011900560352639824,-2.4010541358592002e-08,0.07640291768122831,0.9970770180921137
2026-09-30T01:42:40.069 0.06101218425570733,0.0007739596020820449,-9.508118073483646e-05,0.00012722670549146766,-2.4715502964756944e-06,0.08120541298490744,0.996697378700881
2026-09-30T01:42:40.120 0.06122151525234792,0.0008147318146375492,-9.524825013652283e-05,0.00013564234987444504,-5.261804732058622e-06,0.08617544915528326,0.9962799674470784
2026-09-30T01:42:40.157 0.06143370697918015,0.0008578882489743393,-9.558375607685876e-05,0.00014412181447061564,-8.430400145681805e-06,0.09127344880595353,0.9958258566139453
2026-09-30T01:42:40.218 0.06164494505299274,0.0009031904385214971,-9.588795222288806e-05,0.00015251923228533492,-1.2134268163399089e-05,0.09640621275459088,0.9953420611694052
2026-09-30T01:42:40.259 0.06185570627673519,0.0009495655056711047,-9.619139461433219e-05,0.0001612905903050746,-1.7141267176318024e-05,0.10145972443985901,0.9948396343170643
2026-09-30T01:42:40.313 0.06205406960295035,0.0009945099052381045,-9.657954258790885e-05,0.00016956042594324237,-2.077260338964835e-05,0.1063599705201335,0.9943276761152318
2026-09-30T01:42:40.351 0.06223383630819851,0.0010371890941676238,-9.695318806078825e-05,0.00017765778041028906,-2.417902671304651e-05,0.11105226350937195,0.9938145514242246
2026-09-30T01:42:40.403 0.06239309889781862,0.001076291746241882,-9.741362309617749e-05,0.00018477629494536224,-2.6816030001872438e-05,0.11549454555371605,0.9933080967584841
2026-09-30T01:42:40.441 0.0625366260848333,0.001112294758694274,-9.774486993426455e-05,0.00019205058041058015,-2.9086150032132906e-05,0.1196532211245029,0.9928157275875021
2026-09-30T01:42:40.497 0.06266489439906672,0.0011471054861280766,-9.812649652791495e-05,0.00019854223584618184,-3.128102084774898e-05,0.12363901401223888,0.9923272412952089
2026-09-30T01:42:40.538 0.06278171900422229,0.001180723976625345,-9.826651146633864e-05,0.00020504973123167084,-3.25087162275223e-05,0.12759861055667407,0.9918258675199983
2026-09-30T01:42:40.605 0.0628875762365459,0.0012117197246548582,-9.849349358212478e-05,0.0002117171904500034,-3.360791203115151e-05,0.13164097533002794,0.9912974365247287
2026-09-30T01:42:40.645 0.06297960550375213,0.0012398542756662126,-9.853469868961967e-05,0.00021867830516535686,-3.462923390127173e-05,0.13586106581740048,0.9907278747343162
2026-09-30T01:42:40.699 0.06305446876592614,0.0012647699597449578,-9.850405836037161e-05,0.00022606775857074554,-3.531123816711399e-05,0.14030368966329212,0.9901084901733505
2026-09-30T01:42:40.736 0.063111212036609,0.0012851554626610198,-9.860868051570808e-05,0.00023365276503645402,-3.648086796498625e-05,0.14493557275968544,0.9894410663725018
2026-09-30T01:42:40.790 0.06314935919955597,0.0012999378948871227,-9.840077677302614e-05,0.00024147741011915484,-3.690263322531545e-05,0.1496975276799309,0.9887318092047875
2026-09-30T01:42:40.824 0.0631679558587775,0.0013085211978839635,-9.8340774594303e-05,0.00024985046231204794,-3.846780167239563e-05,0.15454860580425742,0.987985154007354
2026-09-30T01:42:40.883 0.06316890943270397,0.001310786186383891,-9.838698625262223e-05,0.0002580980262572123,-3.9205533656925855e-05,0.1594604507666646,0.9872042830587938
2026-09-30T01:42:40.931 0.06315317410678303,0.0013072097096120615,-9.82130945496216e-05,0.000266488982605107,-4.047162401657331e-05,0.16434851322214478,0.9864022980241582
2026-09-30T01:42:40.982 0.06312265653951149,0.0012981494193715034,-9.825424839855975e-05,0.000274315984238122,-4.1236796749421426e-05,0.16912854263102453,0.9855939626021322
2026-09-30T01:42:41.026 0.06307497308141441,0.001282413192809839,-9.817885281759403e-05,0.00028199181717641556,-4.177846475554795e-05,0.17379931678256022,0.9847810498893093
2026-09-30T01:42:41.085 0.06301298448069408,0.0012609547402338585,-9.815534411139202e-05,0.00028953488646220267,-4.208217865689528e-05,0.1783915469396953,0.9839595369623195
2026-09-30T01:42:41.129 0.06294002859178464,0.0012338933129570576,-9.818899980995366e-05,0.0002969544015504213,-4.255682212131241e-05,0.18292612451202928,0.9831266159442587
2026-09-30T01:42:41.183 0.06285801304920809,0.0012026594465031624,-9.808912101416146e-05,0.0003044506225688298,-4.359647540261398e-05,0.18741829322048237,0.9822801478068703
2026-09-30T01:42:41.224 0.06276932201071392,0.0011673723801760901,-9.787437853644025e-05,0.00031165417086168317,-4.3943216569476324e-05,0.19187794772234967,0.9814187455508127
2026-09-30T01:42:41.280 0.06267252471900546,0.001128985770254566,-9.769152216824469e-05,0.0003191058264696054,-4.453042421332452e-05,0.19631273188118856,0.9805412829095251
2026-09-30T01:42:41.328 0.06256905158247736,0.0010861883325502316,-9.761731919814701e-05,0.00032636558856461416,-4.5001517327969435e-05,0.2007261478161265,0.9796473370776162
2026-09-30T01:42:41.371 0.06245985658908939,0.0010401721720036201,-9.744466168532126e-05,0.00033339323434563315,-4.5472199064617825e-05,0.20512162282413182,0.9787364336894918
2026-09-30T01:42:41.413 0.062347800525613076,0.000990698906028842,-9.732708459688185e-05,0.00034086015010465143,-4.570000190889312e-05,0.20950206209906136,0.9778081446286429
2026-09-30T01:42:41.472 0.0622285921176499,0.0009381261084937952,-9.70938900524298e-05,0.00034811380490506945,-4.645482546953672e-05,0.21386898607462618,0.9768622899130355
2026-09-30T01:42:41.514 0.06210747633778386,0.0008819770082506183,-9.69023826304407e-05,0.0003551139019742397,-4.659129546252284e-05,0.21815851357531302,0.9759132823555471
2026-09-30T01:42:41.572 0.06198206909999337,0.0008239205053494494,-9.667428724069456e-05,0.00036193978760864365,-4.653694151844036e-05,0.22230157774023582,0.9749778845533396
2026-09-30T01:42:41.631 0.06185856873469728,0.0007641950963509773,-9.676213129218735e-05,0.000368429954152293,-4.6586951426459356e-05,0.2263094290728773,0.9740553908283313
2026-09-30T01:42:41.684 0.061736975907134055,0.0007042312928089824,-9.673378188442442e-05,0.0003744906260203298,-4.6626691989136345e-05,0.23022286698945116,0.9731378571907888
2026-09-30T01:42:41.726 0.06161490657030521,0.000642598553245528,-9.651096342022482e-05,0.00038043494374020005,-4.6634468636203514e-05,0.23400290985886923,0.9722358208130689
2026-09-30T01:42:41.784 0.06149665197159326,0.0005810850710044596,-9.62643741309605e-05,0.00038679832414975136,-4.622116322491943e-05,0.23757521546594665,0.9713690674748551
2026-09-30T01:42:41.830 0.0613798276319557,0.0005207636996417314,-9.616905825257768e-05,0.00039240923845745325,-4.620132964583341e-05,0.2408894784946465,0.9705524730950944
2026-09-30T01:42:41.884 0.0612463141562745,0.00045090537499865754,-9.603245211923947e-05,0.0003973386501847077,-4.5793941313816906e-05,0.2440360743339954,0.9697660720238488
2026-09-30T01:42:41.920 0.06110755554745059,0.0003755633569990395,-9.58875518581823e-05,0.00040207976504865085,-4.5468495614151965e-05,0.2471806436985681,0.9689693316329676
2026-09-30T01:42:41.985 0.06097690306803584,0.00030379771973836897,-9.578527127843426e-05,0.00040749687176004716,-4.6544521265429035e-05,0.2504440043611907,0.9681309996376725
2026-09-30T01:42:42.030 0.060833376507030745,0.00022368727016388597,-9.540931379819838e-05,0.0004130933174747884,-4.608954305502588e-05,0.2538288538125559,0.9672490579999906
2026-09-30T01:42:42.096 0.06071607572116488,0.00015669017261896233,-9.511952804444195e-05,0.0004192017520938908,-4.7285177140653646e-05,0.257306209062177,0.9663298281705136
2026-09-30T01:42:42.132 0.060594960228700784,8.70704226712848e-05,-9.485351270628178e-05,0.0004249307449332929,-4.7571097294406516e-05,0.26077352115862434,0.965399910831457
2026-09-30T01:42:42.189 0.060473844492082096,1.6258579798120596e-05,-9.475140974138636e-05,0.00043067913958727983,-4.746947911645235e-05,0.26414048887778085,0.964484118271283
2026-09-30T01:42:42.236 0.06035368262082244,-5.485127427018123e-05,-9.45316054473427e-05,0.0004357279984364409,-4.7174745044780955e-05,0.26740621872650594,0.963583790908734
2026-09-30T01:42:42.289 0.06019632769764845,-0.00014932661736644245,-9.431259535627815e-05,0.0004410289659129836,-4.7833938763807915e-05,0.27058632635351415,0.9626956129514018
2026-09-30T01:42:42.337 0.06006662904053901,-0.00022919847430361142,-9.418201902563919e-05,0.0004462338462831296,-4.7035754433122066e-05,0.27372190938121593,0.9618087725674442
2026-09-30T01:42:42.396 0.059912612061241176,-0.0003250446821974415,-9.392358279313892e-05,0.0004512684436670633,-4.7632383698612516e-05,0.2768126400462283,0.9609238036382411
2026-09-30T01:42:42.443 0.05978243654371273,-0.0004067642891313911,-9.382205451533792e-05,0.00045585445773182933,-4.710863673358946e-05,0.27988483398170233,0.9600334732104525
2026-09-30T01:42:42.503 0.05962698889926548,-0.0005052331194272683,-9.368056520420103e-05,0.0004607658677380939,-4.79949391280055e-05,0.28299547252939744,0.9591211330792185
2026-09-30T01:42:42.544 0.05949681376261165,-0.0005910058421673479,-9.337042026749686e-05,0.00046623030266302527,-4.7705335571884724e-05,0.28625887703582564,0.9581521985946146
2026-09-30T01:42:42.605 0.05934136664294878,-0.000691858858196639,-9.291600657245869e-05,0.0004726259401942764,-4.9435337287144845e-05,0.28972830385664927,0.957108815195648
2026-09-30T01:42:42.650 0.0591968863717874,-0.0007896122946601565,-9.270245091455154e-05,0.0004786254433389655,-4.9131863448353636e-05,0.2934535834275188,0.9559732019660871
2026-09-30T01:42:42.713 0.05905240641291365,-0.0008878425682462982,-9.229518032526433e-05,0.00048522951189533883,-5.0252603228345726e-05,0.29746499404632337,0.9547326009642791
2026-09-30T01:42:42.756 0.05890125063623623,-0.0009926294368269937,-9.199656278310204e-05,0.0004925601845217072,-5.11541384904081e-05,0.30177564859094513,0.953378840065812
2026-09-30T01:42:42.816 0.05874389640865132,-0.0011049265686550052,-9.147952692564885e-05,0.0005009537740587129,-5.265224573523752e-05,0.3063689469018265,0.9519127137754402
2026-09-30T01:42:42.869 0.05858034328701559,-0.0012250915916509012,-9.102719440320422e-05,0.0005097424289404124,-5.3774088819836554e-05,0.3111774171379046,0.9503516992852625
2026-09-30T01:42:42.926 0.058410591117960056,-0.001352170831514755,-9.072897222716514e-05,0.0005179255370363217,-5.441667154355141e-05,0.31612807430944617,0.94871637986564
2026-09-30T01:42:42.973 0.05823559410373869,-0.0014851509972157403,-9.024364214434446e-05,0.0005264348688939717,-5.494609163620292e-05,0.32117216115284386,0.9470206770433619
2026-09-30T01:42:43.042 0.05805487491677497,-0.0016243301180385453,-8.988337416985564e-05,0.0005351963403344777,-5.502407920111723e-05,0.32627629917619905,0.9452742920089975
2026-09-30T01:42:43.079 0.057875586250161225,-0.0017680987785038931,-8.955516952002586e-05,0.0005438133990758883,-5.559569206191491e-05,0.3314175409405204,0.9434840299300484
2026-09-30T01:42:43.139 0.05769677436038881,-0.0019146092466362054,-8.92873229220749e-05,0.0005523590603208712,-5.5708904032706065e-05,0.33658178991142584,0.9416540715655657
2026-09-30T01:42:43.180 0.05751700871721273,-0.002064099959027565,-8.9092473689359e-05,0.0005610704411201869,-5.5802540041116e-05,0.341697639674349,0.9398097707126775
2026-09-30T01:42:43.236 0.05734153492588981,-0.002214901919537539,-8.871069475941831e-05,0.0005692425913334276,-5.555617204035279e-05,0.34669323753649245,0.9379783962985764
2026-09-30T01:42:43.279 0.05716796811240186,-0.0023645117631794204,-8.855544888327153e-05,0.0005768911813435906,-5.4948953893877796e-05,0.3515743353344835,0.9361597891980266
2026-09-30T01:42:43.335 0.05700107707996396,-0.0025140023134756495,-8.836605461992175e-05,0.000584385473774268,-5.470719027617718e-05,0.35637222516138223,0.9343438835002167
2026-09-30T01:42:43.369 0.05683657036569512,-0.0026630159965801994,-8.80910232295152e-05,0.0005923455841961781,-5.4724110663171985e-05,0.36111018209945,0.9325229662137456
2026-09-30T01:42:43.430 0.056674447535457355,-0.0028126256961508865,-8.801347624536042e-05,0.0005998680283115562,-5.421400259828994e-05,0.36580352522904386,0.930691902913738
2026-09-30T01:42:43.468 0.0565156630413662,-0.002962950609380188,-8.764318380335294e-05,0.0006076014500680099,-5.42264409393052e-05,0.3704625656222235,0.9288471969880572
2026-09-30T01:42:43.526 0.05635926252104472,-0.003113513911196068,-8.74107712558201e-05,0.0006152816024754646,-5.449093578271696e-05,0.3750962739696043,0.9269856545348515
2026-09-30T01:42:43.565 0.05620333860543445,-0.003264375230259718,-8.732812401529424e-05,0.0006226375734685683,-5.4304399421344687e-05,0.3797091804297656,0.9251056954050387
2026-09-30T01:42:43.639 0.05605027604024579,-0.003417203466544726,-8.705628518008692e-05,0.0006302460162326827,-5.4019075576272236e-05,0.38424325956033306,0.923231670467575
2026-09-30T01:42:43.677 0.05589912059725576,-0.0035690780045243213,-8.692157250426759e-05,0.0006372706307488754,-5.3561849116639e-05,0.38863807306180115,0.9213902751733826
2026-09-30T01:42:43.742 0.055754164220603995,-0.0037192835343812444,-8.666255090924512e-05,0.0006439768418272603,-5.2955001581321585e-05,0.3929043793509494,0.9195791054479436
2026-09-30T01:42:43.780 0.055614452801823866,-0.003866925998499992,-8.65459332473418e-05,0.0006505624756036547,-5.273219254427148e-05,0.39708011654877173,0.9177837190914835
2026-09-30T01:42:43.839 0.05547855589636026,-0.004013435926359858,-8.653965520922447e-05,0.0006570048741011914,-5.2516982329124026e-05,0.40119124244087506,0.9159940788975162
2026-09-30T01:42:43.878 0.05534504361685068,-0.004159588196282044,-8.62540251711658e-05,0.0006634888373935302,-5.214141232911572e-05,0.40525611507194886,0.9142029524458052
2026-09-30T01:42:43.931 0.0552129619132058,-0.004305382820317139,-8.592595355411307e-05,0.0006703838743251713,-5.192870408181956e-05,0.4092868636684907,0.9124055080485217
2026-09-30T01:42:43.973 0.055084694537100146,-0.00445213107068493,-8.584233150273602e-05,0.0006767886344664595,-5.189402369264343e-05,0.4132909991118186,0.9105987531933641
2026-09-30T01:42:44.023 0.05495690425672009,-0.004598879315019225,-8.559555081318086e-05,0.0006835226015131058,-5.176253559330891e-05,0.4172754050746502,0.9087798228599047
2026-09-30T01:42:44.065 0.054829590768783326,-0.004745865971934651,-8.537932629983663e-05,0.0006897940907950511,-5.166903695999135e-05,0.4212435094421691,0.9069473122884637
2026-09-30T01:42:44.116 0.05470609191016721,-0.004893448627278606,-8.521383655727754e-05,0.0006961209556921004,-5.165603643517682e-05,0.4251369590128982,0.9051287636731772
2026-09-30T01:42:44.153 0.05458306970818215,-0.005039839183742865,-8.515340893775217e-05,0.0007022526892426438,-5.106147822263478e-05,0.42889400374471837,0.9033545471107739
2026-09-30T01:42:44.209 0.05446576956654834,-0.005184203110238388,-8.507222652542461e-05,0.0007077953164548995,-5.060363293823141e-05,0.4325267734739052,0.9016208109251447
2026-09-30T01:42:44.252 0.05435323785776123,-0.005326421209477011,-8.493897919451381e-05,0.0007134346233469697,-5.021592709706893e-05,0.43607114956716597,0.8999119073579198
2026-09-30T01:42:44.307 0.05424309032232561,-0.005466016674325879,-8.479460080035998e-05,0.0007185677489248136,-5.0008485488570216e-05,0.4395556234499259,0.89821508284658
2026-09-30T01:42:44.359 0.05413532710881127,-0.005605433295206922,-8.456458523040317e-05,0.0007246681072879219,-4.937356147849098e-05,0.4429961679622489,0.8965232108479673
2026-09-30T01:42:44.396 0.05402899411100291,-0.005743955828438945,-8.451564530771789e-05,0.0007300163052826021,-4.9412252255399e-05,0.4464047053621167,0.8948308799237906
2026-09-30T01:42:44.436 0.05392552239577965,-0.005880928604853591,-8.429241550812504e-05,0.0007356153551249737,-4.9315831500488605e-05,0.44979044375011484,0.8931338159251797
2026-09-30T01:42:44.490 0.05382491144526845,-0.006018258973146403,-8.423762179871628e-05,0.0007408465907906488,-4.914532909018164e-05,0.45315803276567046,0.8914298884775028
2026-09-30T01:42:44.531 0.05372334725922662,-0.00615666223700272,-8.391309948745089e-05,0.0007467438246116307,-4.872038755497569e-05,0.4565113160809035,0.8897172912167469
2026-09-30T01:42:44.589 0.05362464366997287,-0.006295184674177256,-8.386132130334369e-05,0.0007517584897625318,-4.8866044849360746e-05,0.4598530367263963,0.8879947168113077
2026-09-30T01:42:44.626 0.05352594043037163,-0.006433409088086929,-8.358602602946036e-05,0.0007578339787289754,-4.856497074443087e-05,0.46312439335914635,0.8862929648851033
2026-09-30T01:42:44.685 0.05343057454518478,-0.006571097018227125,-8.362893234775309e-05,0.0007622184787602912,-4.8138719343364394e-05,0.46626152197539844,0.8846466016612732
2026-09-30T01:42:44.721 0.05333902361450297,-0.006705268226262935,-8.348415582843856e-05,0.0007673435565311752,-4.757275187860406e-05,0.46927795087714713,0.8830501762307993
2026-09-30T01:42:44.783 0.05323078355816267,-0.006864771618465187,-8.341729561116289e-05,0.0007717035724409754,-4.8117660452171136e-05,0.4721998178210687,0.8814911991665242
2026-09-30T01:42:44.821 0.05313208023529844,-0.007015095775290645,-8.329100978386359e-05,0.000776178283257439,-4.687838387037663e-05,0.47506282519064263,0.8799515370016548
2026-09-30T01:42:44.881 0.053033376767616644,-0.007163274164918029,-8.323923002037805e-05,0.0007803780916211206,-4.788639067369981e-05,0.4778864043522034,0.8784212959919916
2026-09-30T01:42:44.929 0.052937534441315395,-0.007313657890370459,-8.313236890632747e-05,0.0007848954636013294,-4.68234996876694e-05,0.48067720073674436,0.8768972633316623
2026-09-30T01:42:44.982 0.052842645793688095,-0.0074626110923388155,-8.3012114743834e-05,0.0007897369587908509,-4.7631417832860845e-05,0.4834490723776611,0.8753721314183832
2026-09-30T01:42:45.020 0.05274918771487495,-0.007612517950607769,-8.286431993043116e-05,0.0007941205406440598,-4.657890315702944e-05,0.48620213910288085,0.8738460088223529
2026-09-30T01:42:45.085 0.05266002117067076,-0.007760994243368693,-8.270840957908688e-05,0.0007991371025777213,-4.729649958978772e-05,0.4889437313991243,0.8723149584114867
2026-09-30T01:42:45.124 0.05256799357047929,-0.007910305037182406,-8.25777777959596e-05,0.0008030206358344189,-4.644113613763255e-05,0.4917338127409824,0.8707452040685013
2026-09-30T01:42:45.177 0.052475966144669255,-0.008062238435349625,-8.235773872845642e-05,0.0008080947688541871,-4.777342753763967e-05,0.49466187736903167,0.8690851349426529
2026-09-30T01:42:45.211 0.05238775345456741,-0.008210118669634128,-8.208412719420263e-05,0.0008134910581404403,-4.695725606866941e-05,0.4977847587986181,0.8673002190332457
2026-09-30T01:42:45.270 0.05230287875216405,-0.008360979094122272,-8.175618811271525e-05,0.0008198496116062403,-4.751296725243713e-05,0.5011389940313379,0.8653664161789449
2026-09-30T01:42:45.311 0.052213235523580516,-0.008517800043149044,-8.156972018126813e-05,0.0008256833956849092,-4.854207578060142e-05,0.5047497670970207,0.8632653059784695
2026-09-30T01:42:45.363 0.05211977785792923,-0.00868368094619193,-8.128781247195311e-05,0.0008325566904563626,-4.942435631459863e-05,0.5086278055304473,0.8609860973603881
2026-09-30T01:42:45.400 0.05202107536828189,-0.008860886797751547,-8.084859825381111e-05,0.0008401698252169992,-4.998647887333241e-05,0.5127565991070949,0.8585336112745633
2026-09-30T01:42:45.456 0.05192237305153325,-0.00904995397361779,-8.039448095300038e-05,0.0008482578122078667,-5.055443662711772e-05,0.5170720732347891,0.8559414401602541
2026-09-30T01:42:45.498 0.051821763143195275,-0.009247604242385708,-8.016086366653361e-05,0.0008558254295377506,-5.087345513300918e-05,0.5215099154901038,0.8532447907958364
2026-09-30T01:42:45.553 0.05171686163797964,-0.009451095820388354,-8.000986690940463e-05,0.0008636572249725373,-5.123128434795421e-05,0.5260270908351112,0.8504673722013696
2026-09-30T01:42:45.594 0.05161386776609981,-0.009660547838829773,-7.972777461452387e-05,0.0008709551783017641,-5.104569441638611e-05,0.5305910558696894,0.8476274949896934
2026-09-30T01:42:45.654 0.05151278120476195,-0.00987464899556055,-7.950830184976084e-05,0.0008785488964186129,-5.10354061346963e-05,0.535182796117517,0.8447358168605498
2026-09-30T01:42:45.693 0.05141312498009078,-0.01009184957583374,-7.942520065136524e-05,0.0008862463711766768,-5.088767267684969e-05,0.5397343030777084,0.8418349565437603
2026-09-30T01:42:45.753 0.05131632981590954,-0.010308573282922767,-7.931682082625714e-05,0.0008929905728282591,-4.988024731226162e-05,0.5441784630124401,0.838969010436748
2026-09-30T01:42:45.807 0.05122287270724513,-0.010522435925011505,-7.906470755393288e-05,0.0008998641422603374,-4.923549421001909e-05,0.5485193877837541,0.8361373505864496
2026-09-30T01:42:45.853 0.051133706836207465,-0.01073373551337438,-7.898329263972085e-05,0.0009066416958111042,-4.8612685085203656e-05,0.552783601546614,0.8333243459174805
2026-09-30T01:42:45.895 0.05104835545522252,-0.010942054821490483,-7.901221765152149e-05,0.0009134616861225553,-4.836125740595125e-05,0.5569920253487557,0.8305173369333285
2026-09-30T01:42:45.956 0.0509644348661939,-0.011148466762928117,-7.884968991212694e-05,0.0009196564636914943,-4.797540877877219e-05,0.561157117045179,0.827708790529551
2026-09-30T01:42:45.997 0.05088432864432067,-0.011355236284245274,-7.890180955076426e-05,0.0009261439129904602,-4.761238946834411e-05,0.565287816575231,0.8248932200122152
2026-09-30T01:42:46.056 0.050805176586586134,-0.011561707770274321,-7.864251310435975e-05,0.0009332693760667432,-4.70706135807635e-05,0.569390680153077,0.8220665302440219
2026-09-30T01:42:46.094 0.050730315892988674,-0.011768179202291706,-7.849431002657713e-05,0.000940293381531037,-4.658397518055513e-05,0.5734697018600905,0.8192262292717372
2026-09-30T01:42:46.150 0.050659269670840196,-0.011973935330569074,-7.848624878947202e-05,0.0009462137491106416,-4.665059556597212e-05,0.577528220336237,0.8163701716859343
2026-09-30T01:42:46.188 0.05058917742059566,-0.012179095400356346,-7.828598065661665e-05,0.0009529797328940463,-4.614348703006126e-05,0.5815146166350833,0.8135353958741804
2026-09-30T01:42:46.250 0.05052146891181596,-0.012382884533345996,-7.835770296457904e-05,0.0009583938573192615,-4.573521673128616e-05,0.5853744736916904,0.8107624836779762
2026-09-30T01:42:46.295 0.05045662129319353,-0.012582024468031203,-7.847865304111717e-05,0.0009640713400617335,-4.5077356764525964e-05,0.5891188170566536,0.8080458451871727
2026-09-30T01:42:46.352 0.05039558885912963,-0.012779078192061913,-7.827780976295266e-05,0.0009701857640205133,-4.418065137935463e-05,0.5927787004922251,0.8053648049364973
2026-09-30T01:42:46.397 0.050335509792499025,-0.01297243641614007,-7.82423875176346e-05,0.0009758018457818431,-4.3935083875385816e-05,0.5963794566108651,0.802702055318781
2026-09-30T01:42:46.453 0.050278291840529524,-0.013164006464840906,-7.813698343238307e-05,0.000981110991397387,-4.3575601199987175e-05,0.599934377044562,0.8000486102497416
2026-09-30T01:42:46.490 0.05022584223992301,-0.013354443965256878,-7.803911883308366e-05,0.000986903153215091,-4.326174874992721e-05,0.603454487983468,0.7973968303694201
2026-09-30T01:42:47.366 0.05017243894517978,-0.013543212547626115,-7.793974664661995e-05,0.0009927449907977102,-4.285111519819656e-05,0.6069479555727969,0.7947409589590607
2026-09-30T01:42:47.403 0.05012285021762768,-0.013731385035533939,-7.792091171106264e-05,0.000998088668551778,-4.2707833758191254e-05,0.6104193697844524,0.7920777707946377
2026-09-30T01:42:48.651 0.05007183088089479,-0.01391914030894957,-7.795941962380779e-05,0.0010032711209469413,-4.2847514645391134e-05,0.6138723662201039,0.7894046551689945
2026-09-30T01:42:48.687 0.05002605710950597,-0.014107670376668569,-7.778270350207835e-05,0.001009026921488619,-4.232961956196943e-05,0.6173073615304199,0.786721425584194
2026-09-30T01:42:48.752 0.04998028312982654,-0.014296498467636027,-7.774009761471611e-05,0.0010144584957940343,-4.222720141118432e-05,0.6207282903140913,0.7840251008064532
2026-09-30T01:42:48.790 0.04993689327428398,-0.014486280202910906,-7.774596464942854e-05,0.0010200234537670917,-4.197142525827303e-05,0.6240830579957466,0.7813573411143142
2026-09-30T01:42:48.850 0.04989636449558378,-0.014673141274560554,-7.76967511720114e-05,0.0010251683075262839,-4.138942912189202e-05,0.6273172462384518,0.778763134649209
2026-09-30T01:42:48.890 0.04985631219312966,-0.014855710805818833,-7.784200717999787e-05,0.0010291852865724532,-4.113422793184621e-05,0.630494453466599,0.7761930708486618
2026-09-30T01:42:48.940 0.049821028371847216,-0.015038101463094908,-7.792029680510771e-05,0.0010344883619532754,-4.0973256634511794e-05,0.6337183893572621,0.7735631397277528
2026-09-30T01:42:48.981 0.049784314620287776,-0.015223472370556905,-7.765359787347253e-05,0.0010404778553263349,-4.108999104004793e-05,0.6370617716880428,0.7708120489270633
2026-09-30T01:42:49.030 0.04974760081396407,-0.015413850068193305,-7.74614038357412e-05,0.001046780677404486,-4.151250796061927e-05,0.640571032524852,0.7678982060253625
2026-09-30T01:42:49.071 0.04971374812652574,-0.015614002891554297,-7.728863292213102e-05,0.0010535680832608077,-4.200689708288087e-05,0.6442706094886032,0.7647968815175037
2026-09-30T01:42:49.126 0.04968037270425605,-0.015823871265973944,-7.69228994960788e-05,0.0010611707224772232,-4.244933954439985e-05,0.64812962723579,0.7615292892686053
2026-09-30T01:42:49.167 0.04964604337657538,-0.0160414882562589,-7.676427293843514e-05,0.001068129667433428,-4.287861133725445e-05,0.6520888401763176,0.7581418084883218
2026-09-30T01:42:49.224 0.04961552873120036,-0.016265780918741722,-7.667128129972135e-05,0.0010752700279353523,-4.293892390039511e-05,0.6561083127318627,0.7546659684355485
2026-09-30T01:42:49.277 0.04958358362866999,-0.016494245924368763,-7.657602718834518e-05,0.001081987310011147,-4.315202578968033e-05,0.6601655149284397,0.7511193782220186
2026-09-30T01:42:49.322 0.04955593020572348,-0.016727181224311865,-7.642795314614746e-05,0.0010890382450040499,-4.285844149302671e-05,0.664238809785763,0.7475196423728595
2026-09-30T01:42:49.364 0.049532091405047066,-0.016962023824871192,-7.634551480281952e-05,0.0010957412293568657,-4.292067703514804e-05,0.6682693087618337,0.7439186302788463
2026-09-30T01:42:49.426 0.04950968271382828,-0.017195018663476103,-7.650375683302375e-05,0.0011014953615004603,-4.267849481947786e-05,0.6722003286250312,0.7403684914168855
2026-09-30T01:42:49.475 0.049489181648876605,-0.01742592731546481,-7.647130007135221e-05,0.0011077251229993,-4.1779472067533556e-05,0.6760335371847767,0.7368700209677193
2026-09-30T01:42:49.531 0.04948918213759123,-0.0174778429610792,-7.657559957773335e-05,0.0011139189355510817,-4.211603540108853e-05,0.6798330094992515,0.7333660999841997
2026-09-30T01:42:49.570 0.04950539261797804,-0.017314466425635517,-7.654165535258826e-05,0.0011237930550128756,-4.594193480310433e-05,0.683659539031732,0.7298002258628232
2026-09-30T01:42:49.624 0.04952350888098445,-0.017025026042485455,-7.649584632482345e-05,0.001131916304552563,-4.8370781577807885e-05,0.687527971539751,0.7261570111044734
2026-09-30T01:42:49.672 0.04953876322724419,-0.01666805363283623,-7.647532704766434e-05,0.0011378479410631367,-4.863259060254914e-05,0.6914287110670819,0.7224437974327469
2026-09-30T01:42:49.721 0.049549725636499585,-0.01627680860647194,-7.643312686311057e-05,0.001144304872150629,-4.801470183275306e-05,0.6953511458903563,0.7186692369719998
2026-09-30T01:42:49.759 0.04955687326468727,-0.01586917235080942,-7.63103922061864e-05,0.0011504856717999014,-4.70366059591272e-05,0.6992847862786707,0.7148422636144777
2026-09-30T01:42:49.810 0.0495611594729586,-0.015452178201971247,-7.636194921028239e-05,0.001155950155292165,-4.604834858751396e-05,0.7032230164971062,0.7109683894010331
2026-09-30T01:42:49.847 0.049559723478451646,-0.015029640893221403,-7.646406453047152e-05,0.001161592500181551,-4.5157109454410516e-05,0.7071613059075385,0.7070512966474526
2026-09-30T01:42:49.903 0.049555426918517914,-0.014605732713607687,-7.626363364310036e-05,0.0011672381875285245,-4.394343093750707e-05,0.7110939922363736,0.7030959890579129
2026-09-30T01:42:49.944 0.049545408031111134,-0.014181347768909676,-7.623296938368145e-05,0.0011731360390636407,-4.2903419927951826e-05,0.7149750011752757,0.6991490324712929
2026-09-30T01:42:50.007 0.04952871333413742,-0.013754817141056034,-7.6236453881937e-05,0.0011784888465963574,-4.163581496886872e-05,0.7187536101223584,0.6952638760690608
2026-09-30T01:42:50.048 0.04950963424065191,-0.013324412241328546,-7.634047736151267e-05,0.0011838589745787119,-4.059005020140685e-05,0.7224344677833715,0.6914383823515535
2026-09-30T01:42:50.104 0.04948483302753007,-0.012891325204632912,-7.646525640408119e-05,0.001189011735724205,-3.976111161484364e-05,0.7260438002375886,0.6876474276885699
2026-09-30T01:42:50.146 0.04945717103318639,-0.012456569273874157,-7.64215995709491e-05,0.001194291311777766,-3.898199005833786e-05,0.729598058000261,0.6838751683684055
2026-09-30T01:42:50.197 0.049422833390899666,-0.012021276985352174,-7.632268437685283e-05,0.0011991210788952335,-3.825875426575491e-05,0.7331108313056807,0.6801081308639089
2026-09-30T01:42:50.236 0.04938325031187319,-0.01158419662354932,-7.634958652755941e-05,0.0012046779443543197,-3.8285631351801904e-05,0.7365897485727204,0.676338738786148
2026-09-30T01:42:50.292 0.04932840657138798,-0.010970686705296526,-7.614377577779669e-05,0.0012093059781857264,-3.6820508324016204e-05,0.7400776665694798,0.6725203221229639
2026-09-30T01:42:50.330 0.04924161134684376,-0.010129308632380374,-7.624511640624926e-05,0.0012199033768983795,-4.25480330684468e-05,0.743627210386418,0.6685933607196006
2026-09-30T01:42:50.386 0.04912668182365255,-0.009149528928415683,-7.579535895091415e-05,0.0012268709975128236,-4.310914871199724e-05,0.7472395200734173,0.6645536792235868
2026-09-30T01:42:50.425 0.04899267756573075,-0.008098641123420217,-7.555387420465817e-05,0.0012321971614166153,-4.23168076494987e-05,0.7508973684149906,0.6604177632429985
2026-09-30T01:42:50.481 0.04884102996791969,-0.007011394707233057,-7.523979656508903e-05,0.001237253094420324,-4.1976254013479005e-05,0.7545834690837518,0.6562029073604482
2026-09-30T01:42:50.523 0.04866983180781221,-0.00590698239949772,-7.492461288550271e-05,0.0012434625488301468,-4.130604363799175e-05,0.758285900096025,0.6519209659232181
2026-09-30T01:42:50.576 0.048486712701224705,-0.004796252149496778,-7.456077970240951e-05,0.001248866856407627,-4.0819396967060064e-05,0.7619942322513277,0.6475826037511059
2026-09-30T01:42:50.617 0.048290718781158065,-0.003684389573362194,-7.431070087573119e-05,0.0012541782469105527,-4.005605968510541e-05,0.7657019085148913,0.6431943817611362
2026-09-30T01:42:50.671 0.048082327296410335,-0.0025741960833510253,-7.393671159623417e-05,0.001259259167608698,-3.888081072255852e-05,0.76940392223529,0.6387613147362505
2026-09-30T01:42:50.718 0.04785963062926583,-0.0014665657731813277,-7.361460970821105e-05,0.0012642594346286438,-3.8025108290773405e-05,0.7730963990154583,0.6342872835171018
2026-09-30T01:42:50.763 0.047625966880268024,-0.00036221385653905497,-7.320066117949072e-05,0.001269411115396231,-3.695221683081485e-05,0.7767752855818066,0.6297765817647215
2026-09-30T01:42:50.802 0.04737799821554135,0.0007389788338441136,-7.267468737650205e-05,0.0012747073640844138,-3.593405604711389e-05,0.780438734206237,0.62523096210956
2026-09-30T01:42:50.856 0.04711667771620044,0.0018372507284857562,-7.241072476258926e-05,0.0012805400690867313,-3.532135607265993e-05,0.7840843604082852,0.6206529422573163
2026-09-30T01:42:50.897 0.04684391349067883,0.0029319462003945702,-7.193495238861615e-05,0.0012857724157952027,-3.507420375319352e-05,0.7877107345837053,0.6160439466309967
2026-09-30T01:42:50.953 0.046559228540493956,0.004022826824968913,-7.135092428349115e-05,0.0012914529777721929,-3.425597332909393e-05,0.7913151141090252,0.6114071647914792
2026-09-30T01:42:50.992 0.046260238238190886,0.005109654153560647,-7.093799246665408e-05,0.001296824982540208,-3.415160761724765e-05,0.7948985724561801,0.6067409468510919
2026-09-30T01:42:51.047 0.04595075771836311,0.0061909977227718625,-7.043396757846923e-05,0.0013026727916211453,-3.3249573954257215e-05,0.7984587248363657,0.6020481431503204
2026-09-30T01:42:51.089 0.045629833080834584,0.007268049613466525,-6.997145223689173e-05,0.0013082529514079175,-3.299291451677105e-05,0.8019955122319717,0.5973286245823652
2026-09-30T01:42:51.146 0.045292696261765346,0.008341167393514579,-6.934919234631463e-05,0.001313964058434335,-3.2802242954182165e-05,0.8055078614516884,0.5925836291714393
2026-09-30T01:42:51.189 0.04494459206281361,0.009410351128907188,-6.882880056118463e-05,0.0013192434511299735,-3.20337587651595e-05,0.8089946404603583,0.5878145373134037
2026-09-30T01:42:51.247 0.04458409028057703,0.01047560080166963,-6.821430023790078e-05,0.0013245650981204892,-3.1605852157318586e-05,0.8124554912576827,0.5830217142213562
2026-09-30T01:42:51.288 0.044210713703029314,0.011536797196465196,-6.774335570798347e-05,0.0013294054106392404,-3.1019117478230976e-05,0.81588916256995,0.5782068022083224
2026-09-30T01:42:51.344 0.0438855000997831,0.012423352588461152,-6.716971583918396e-05,0.001334544612940292,-3.0373008730699918e-05,0.8192568514930584,0.5734251732788135
2026-09-30T01:42:51.381 0.043669962662310984,0.012981606977803614,-6.700784446908796e-05,0.0013348077077646086,-2.6187177276919115e-05,0.8225095079391643,0.5687497929250516
2026-09-30T01:42:51.449 0.043555518000447095,0.013264131553156993,-6.70355634592895e-05,0.0013351595423033496,-2.2079190152453126e-05,0.8256439093905455,0.5641899961429684
2026-09-30T01:42:51.485 0.04349018906299904,0.013426612992300194,-6.711111532674586e-05,0.0013395694473144583,-2.0810065519778e-05,0.828643244381288,0.559775471650813
2026-09-30T01:42:51.546 0.043441550310225285,0.013535927298455075,-6.706403462469781e-05,0.0013452887125315917,-2.13531141254931e-05,0.8314949386544239,0.5555306982826427
2026-09-30T01:42:51.583 0.04340864753217378,0.013614128178149863,-6.705672966847401e-05,0.0013507645682541145,-2.1440957710998703e-05,0.8342208085754702,0.5514288870879501
2026-09-30T01:42:51.633 0.04338098995320118,0.013668248847359402,-6.725142885772763e-05,0.001355985011348783,-2.217133556956159e-05,0.8368930347388184,0.5473647862428969
2026-09-30T01:42:51.670 0.04336239323237062,0.013701984842204414,-6.701341510705447e-05,0.0013614809295585074,-2.2601947999516042e-05,0.8395840356965415,0.5432281223043768
2026-09-30T01:42:51.730 0.04335285625829857,0.013713786441789628,-6.705794300624563e-05,0.0013666869860721942,-2.317872892523939e-05,0.8423441177243239,0.5389383257522692
2026-09-30T01:42:51.771 0.04335571764730752,0.013701269502432925,-6.692835425621974e-05,0.0013719244644128205,-2.3263944348864834e-05,0.8451790621329663,0.5344814966059092
2026-09-30T01:42:51.825 0.04337050038786083,0.013663361134503144,-6.67431038919639e-05,0.0013778079394370492,-2.3437662210867697e-05,0.8480645499449154,0.5298911399737554
2026-09-30T01:42:51.864 0.04339768099027109,0.01360351841336759,-6.668176011982413e-05,0.001384100807400328,-2.378027376969083e-05,0.8509746535558348,0.5252049340066984
2026-09-30T01:42:51.919 0.04343439837767779,0.013528178604643703,-6.672489926972134e-05,0.0013901125299727378,-2.443940797067022e-05,0.8538917306946117,0.520448824805312
2026-09-30T01:42:51.956 0.04348017599879046,0.013439010632417179,-6.66780528311768e-05,0.0013957843085503658,-2.4514337972146085e-05,0.8568039797948249,0.5156403702125743
2026-09-30T01:42:52.008 0.043534536689750415,0.013337683420702634,-6.67341820004839e-05,0.001401447894532961,-2.4860520656510624e-05,0.8597021023565208,0.5107938238952501
2026-09-30T01:42:52.049 0.04359509634142967,0.013223958520912075,-6.684481366058296e-05,0.0014070125073499663,-2.5085846577957518e-05,0.8625813897282,0.5059163624365905
2026-09-30T01:42:52.102 0.04366423919485888,0.01310069698602254,-6.695411335952355e-05,0.001412517838251277,-2.5210043550658482e-05,0.8654358218693048,0.5010178064532355
2026-09-30T01:42:52.152 0.04374005782710497,0.012968375629170307,-6.710376888271752e-05,0.0014178763496385896,-2.5568654434656765e-05,0.8682642663717076,0.49609994226456167
2026-09-30T01:42:52.192 0.04382398275340402,0.012828424979842868,-6.728114111179363e-05,0.0014231999395309023,-2.559861078595184e-05,0.8710633257181885,0.49116866393878644
2026-09-30T01:42:52.231 0.04391315307968919,0.012680248955585657,-6.740720065598876e-05,0.0014281697218691243,-2.5420671526987158e-05,0.8738330001614829,0.48622407130233364
2026-09-30T01:42:52.288 0.044010429587775415,0.012525874150316803,-6.762058171032067e-05,0.0014326934235245426,-2.5826440056672765e-05,0.8765716804677569,0.4812691925777944
2026-09-30T01:42:52.331 0.04411390520513257,0.012366015795792672,-6.773945496067585e-05,0.0014378870844809967,-2.549792304399909e-05,0.8792786505082929,0.47630556010916303
2026-09-30T01:42:52.388 0.0442231028285306,0.012201269932427478,-6.792697914272492e-05,0.0014424721430233883,-2.5405011510207817e-05,0.8819543881273472,0.4713325533968761
2026-09-30T01:42:52.426 0.04433802252069212,0.01203413995531252,-6.812355009566368e-05,0.0014471626098687075,-2.5209276878051345e-05,0.8845984159303031,0.46635131351640025
2026-09-30T01:42:52.493 0.04445628016648556,0.011864864253017974,-6.82806947804265e-05,0.0014515997608251314,-2.4875845649863684e-05,0.8872116878655739,0.46136028562723735
2026-09-30T01:42:52.542 0.04457787547418184,0.01169415808124828,-6.857722702482222e-05,0.0014560889474015206,-2.4989788168742414e-05,0.8897937864655934,0.4563604899065099
2026-09-30T01:42:52.592 0.04470328586034563,0.011522736701812461,-6.864137231170955e-05,0.0014607894889208646,-2.465759762080217e-05,0.8923442347744924,0.45135311248599747
2026-09-30T01:42:52.630 0.04483298776101372,0.01135060012066746,-6.87272039948188e-05,0.0014648875778050673,-2.4434299926281443e-05,0.8948639274961622,0.44633664959701996
2026-09-30T01:42:52.680 0.044965550491071274,0.011178582784810659,-6.893676841840164e-05,0.0014696943040355792,-2.460613689833636e-05,0.8973532212188952,0.4413105887708377
2026-09-30T01:42:52.721 0.04510049707709691,0.011006327060353609,-6.93587184492999e-05,0.0014733574221794294,-2.4479782238554785e-05,0.8998118193886908,0.436275736555519
2026-09-30T01:42:52.768 0.04524068942220224,0.01083287930910167,-6.944623523693358e-05,0.0014776957850366984,-2.3823799967829174e-05,0.9022401974000017,0.43123130921026537
2026-09-30T01:42:52.808 0.04538278875564876,0.010659789209691035,-6.976028494187169e-05,0.0014819093638202216,-2.3638809662662256e-05,0.904638236678767,0.42617773771582146
2026-09-30T01:42:52.876 0.04552822606283186,0.010486699152318025,-7.000510644447048e-05,0.0014855085315192912,-2.3407968497718704e-05,0.9070062952363452,0.42111444183037655
2026-09-30T01:42:52.911 0.04567509384413396,0.010314562787268876,-7.026709103584033e-05,0.0014898231886430417,-2.334757170673344e-05,0.9093445508339002,0.4160411851613368
2026-09-30T01:42:52.970 0.04582529964629327,0.01014242646426282,-7.043004513973455e-05,0.0014934112438532612,-2.293072065011202e-05,0.911652825800841,0.4109585069156986
2026-09-30T01:42:53.011 0.0459788429845955,0.00997136306685105,-7.079199178300279e-05,0.0014973000710284438,-2.2816476144202784e-05,0.9139314173451021,0.4058658915965701
2026-09-30T01:42:53.064 0.04613429393986297,0.009801253367802106,-7.097814059172767e-05,0.001501296086495213,-2.2426449148287632e-05,0.9161801468090602,0.4007638758671295
2026-09-30T01:42:53.097 0.04629308267288007,0.009631739757216621,-7.121427043615101e-05,0.0015047724787620024,-2.205434798270496e-05,0.9183993723119467,0.39565177632662735
2026-09-30T01:42:53.151 0.04645520930549711,0.009464371955875038,-7.141097471434428e-05,0.0015083781998978473,-2.1745901006987948e-05,0.9205886761149472,0.3905306821893139
2026-09-30T01:42:53.185 0.04661828932851468,0.00929700416650749,-7.178800056349876e-05,0.0015122234657834331,-2.179564243299632e-05,0.9227491906034431,0.3853980331369505
2026-09-30T01:42:53.239 0.04678518433380371,0.009130947727387814,-7.197734321432377e-05,0.0015155579001559446,-2.1346411252217507e-05,0.9248799031069632,0.3802563181032454
2026-09-30T01:42:53.280 0.0469549402166498,0.008966798672907665,-7.224571547039538e-05,0.001519077383466997,-2.0912627541123675e-05,0.9269811110949423,0.37510493417142843
2026-09-30T01:42:53.346 0.04712660342623293,0.008804199363205239,-7.251710370023404e-05,0.0015226124191447127,-2.1255623266296682e-05,0.9290532915318358,0.36994278299958977
2026-09-30T01:42:53.387 0.04729969708937653,0.00864231532724486,-7.28205561224149e-05,0.001526149576229009,-2.0475788631615354e-05,0.9310963848246286,0.36477005443802607
2026-09-30T01:42:53.448 0.04747469812037423,0.008482457873225841,-7.309722231122047e-05,0.001529500654080736,-2.0119694679496705e-05,0.9331101527077281,0.3595874068105102
2026-09-30T01:42:53.489 0.047651606679645575,0.00832498462903594,-7.324279432716916e-05,0.0015330355451538562,-1.9876728026077328e-05,0.9350942372670499,0.3543958476575132
2026-09-30T01:42:53.546 0.04783042232704902,0.008169299548175512,-7.354039378156346e-05,0.0015362441060768894,-1.9754430448302142e-05,0.9370492945468023,0.349193727253439
2026-09-30T01:42:53.591 0.048011622064068914,0.00801540263666711,-7.38864666064979e-05,0.0015392266680099883,-1.9223435137216084e-05,0.9389747284313289,0.3439826881967118
2026-09-30T01:42:53.635 0.04819472931630835,0.007863055469958304,-7.41163462646541e-05,0.001542548566924408,-1.9098733526115966e-05,0.9408705384743518,0.33876282265050944
2026-09-30T01:42:53.672 0.04837735937662614,0.0077127348551300065,-7.455408832016736e-05,0.0015459572652714363,-1.899704180463741e-05,0.9427374401192917,0.3335322003234037
2026-09-30T01:42:53.728 0.048562850747592,0.007563606369253194,-7.480263929770938e-05,0.001548516693428124,-1.8575972181050006e-05,0.9445748380701765,0.32829251748354454
2026-09-30T01:42:53.774 0.04875215667524277,0.007415908442864584,-7.513172766264727e-05,0.0015519107042750156,-1.845617003657904e-05,0.9463831482212007,0.3230426101855057
2026-09-30T01:42:53.826 0.04894289310161986,0.0072709523481484266,-7.544817712369738e-05,0.001554982669030542,-1.8177574246481637e-05,0.9481618350547607,0.3177840717280586
2026-09-30T01:42:53.860 0.04913362964384374,0.007128022811370874,-7.567522006081303e-05,0.0015577261273346749,-1.800255542497316e-05,0.9499111369905197,0.3125162475561851
2026-09-30T01:42:53.915 0.04932961122887864,0.006986523852089057,-7.599996331810764e-05,0.0015605412785802354,-1.7546158531100436e-05,0.9516308749017076,0.3072397147779902
2026-09-30T01:42:53.951 0.04952559267359865,0.006846813032136691,-7.63992125807205e-05,0.0015635328299834234,-1.7198409597133775e-05,0.953321406326759,0.3019533926096456
2026-09-30T01:42:54.006 0.049724435412456955,0.006709605643320765,-7.66092709798456e-05,0.0015661945485606428,-1.7034022086367925e-05,0.9549823144415529,0.296658601507412
2026-09-30T01:42:54.045 0.04992423173274617,0.006574067196557061,-7.686554093979743e-05,0.0015694060694058302,-1.641342850514375e-05,0.9566137177577656,0.2913549925655208
2026-09-30T01:42:54.097 0.05012545842945746,0.006441628209320763,-7.718367776719778e-05,0.0015719855756600246,-1.6216935493630174e-05,0.9582154383996547,0.2860431824234211
2026-09-30T01:42:54.138 0.05032811554971146,0.0063122886816173365,-7.753387917691031e-05,0.0015747503378241668,-1.59181077801521e-05,0.9597874161179508,0.2807234150718732
2026-09-30T01:42:54.188 0.050532203155637674,0.006184856520556839,-7.788634268881375e-05,0.0015776813184080927,-1.5779510765292592e-05,0.9613298297380917,0.27539511456886157
2026-09-30T01:42:54.223 0.05073962854486316,0.00605945095943703,-7.827388632782942e-05,0.001580220858295718,-1.5542776308207277e-05,0.9628425604942825,0.2700587091009563
2026-09-30T01:42:54.285 0.050946577356236075,0.005935952740979267,-7.848186263793154e-05,0.0015827023865854298,-1.5172086468215417e-05,0.9643254889164455,0.26471465061273364
2026-09-30T01:42:54.293 0.05115591015848151,0.005814600319731221,-7.879791694734195e-05,0.001585252152336314,-1.5089248471020935e-05,0.9657788533181128,0.2593620890405527
2026-09-30T01:42:54.331 0.05115591015848151,0.005814600319731221,-7.879791694734195e-05,0.001585252152336314,-1.5089248471020935e-05,0.9657788533181128,0.2593620890405527
2026-09-30T01:42:54.385 0.0513666730473747,0.005695036055790085,-7.936955276310342e-05,0.0015877410358053777,-1.4726972314355551e-05,0.9672025941978898,0.25400122172617967
2026-09-30T01:42:54.431 0.05157791338944699,0.005577021518690224,-7.953961191307671e-05,0.0015898837911876068,-1.4313809454223417e-05,0.9685967117811258,0.24863202125115774
2026-09-30T01:42:54.480 0.05179249133488747,0.005462225674407329,-7.98490593831244e-05,0.0015923609110875358,-1.3960031238238184e-05,0.9699606691010776,0.24325658179962262
2026-09-30T01:42:54.519 0.05200802298961275,0.005350171655798929,-8.011531173407633e-05,0.0015946647569997279,-1.3864186599672772e-05,0.9712945857659542,0.23787451421672
2026-09-30T01:42:54.572 0.05222403120072426,0.005239786573217458,-8.054623085632861e-05,0.0015968321688683141,-1.3483801738088197e-05,0.9725988193655044,0.23248437907532368
2026-09-30T01:42:54.609 0.052442900557107756,0.0051325009682037315,-8.087736606799458e-05,0.0015990129978741645,-1.3328050890804949e-05,0.973872833353417,0.22708841325788365
2026-09-30T01:42:54.657 0.052662246636300585,0.005026765089946528,-8.12688600334853e-05,0.0016012681765002119,-1.2948888541563432e-05,0.9751169853001597,0.22168513877046794
2026-09-30T01:42:54.695 0.052882546501462714,0.0049232942002138584,-8.157245537418183e-05,0.0016034013533920023,-1.2707185116942395e-05,0.9763312753607901,0.2162745239157875
2026-09-30T01:42:54.744 0.05310475351643257,0.0048223267295561065,-8.198337484261047e-05,0.001605527372880711,-1.2379515352208571e-05,0.9775155246354142,0.21085734804685702
2026-09-30T01:42:54.785 0.053326960440756015,0.004724816328289586,-8.242409716163187e-05,0.0016079270627320245,-1.2015890405800651e-05,0.9786697329020229,0.2054336105111881
2026-09-30T01:42:54.837 0.05355012134253307,0.004629332496990387,-8.265771167631681e-05,0.001609547073780374,-1.1660847408601506e-05,0.9797937221848142,0.2000041779300348
2026-09-30T01:42:54.879 0.05377614281108044,0.0045361136781637956,-8.316407070812992e-05,0.0016112531763079507,-1.14177610612694e-05,0.9808876706079475,0.19456819211307788
2026-09-30T01:42:54.929 0.05400311832325967,0.0044452790571813516,-8.341861856639756e-05,0.0016133109611521936,-1.0979907685222428e-05,0.9819513991530029,0.18912653650041972
2026-09-30T01:42:54.976 0.05422961663601283,0.004357067034527119,-8.388102891951474e-05,0.001614932899430799,-1.0929401113902769e-05,0.9829849084427702,0.18367923575090736
2026-09-30T01:42:55.016 0.05445802273170042,0.004271596849600705,-8.404843259002076e-05,0.0016166360421458609,-1.0233730712044844e-05,0.9839880192606638,0.1782272828010731
2026-09-30T01:42:55.056 0.05468833562829367,0.004188272455839577,-8.454667746828583e-05,0.001618333729280278,-1.0035776041628533e-05,0.9849610296884769,0.17276906809449266
2026-09-30T01:42:55.105 0.05491817210145033,0.004107689869786421,-8.476104715614967e-05,0.0016202099865478088,-9.693331270299868e-06,0.9859037011703046,0.16730590797797215
2026-09-30T01:42:55.145 0.05514800802175963,0.00402984909733257,-8.530324242897847e-05,0.001621886349754083,-9.594998643386123e-06,0.9868161532103246,0.16183710685680777
2026-09-30T01:42:55.194 0.05537975175456724,0.003954273325451106,-8.553552979863395e-05,0.0016228919175962128,-9.173648623353826e-06,0.9876980881689142,0.15636448690524307
2026-09-30T01:42:55.233 0.05561387933238282,0.003881200978631577,-8.596530208150217e-05,0.0016243932285462343,-8.742962120857915e-06,0.9885498031356276,0.1508862087492149
2026-09-30T01:42:55.280 0.055847053327859705,0.003810274387030619,-8.63190611423593e-05,0.0016258869913814526,-8.38666188561761e-06,0.9893710600992445,0.14540378901271006
2026-09-30T01:42:55.326 0.056080227206128104,0.00374304328339724,-8.671752423537431e-05,0.0016270547558124484,-8.00062391120976e-06,0.9901617997098229,0.1399177008966928
2026-09-30T01:42:55.375 0.056314831636247,0.0036780771742836145,-8.707354606137125e-05,0.001628810375171638,-7.775820120346054e-06,0.9909222000511494,0.13442671000247142
2026-09-30T01:42:55.418 0.05655038950343315,0.003615018425784889,-8.756518634260087e-05,0.0016294192907518143,-7.394688381107121e-06,0.9916522624939652,0.12893073810652686
2026-09-30T01:42:55.465 0.05678594770706034,0.0035551783281475226,-8.781840886919941e-05,0.0016308118597519199,-7.090141924912885e-06,0.9923515682998286,0.1234329992152782
2026-09-30T01:42:55.503 0.05702293612969186,0.0034978416435707173,-8.823780616373108e-05,0.0016316767659387836,-6.751921482569494e-06,0.9930204761163683,0.11793079156422384
2026-09-30T01:42:55.555 0.057260401644593305,0.0034426507322418854,-8.847914402848943e-05,0.001633017598804324,-6.376196961357286e-06,0.9936589851494305,0.11242399407897793
2026-09-30T01:42:55.595 0.05749786674050484,0.0033907976809764667,-8.895890072029628e-05,0.0016338747329396293,-5.972445754104955e-06,0.9942669769543148,0.10691355833482966
2026-09-30T01:42:55.658 0.057737239271949646,0.003341209630239692,-8.936716779002038e-05,0.0016347548418335516,-5.741398245085352e-06,0.9948443319282164,0.10140060539239501
2026-09-30T01:42:55.698 0.05797613519147535,0.00329436338718902,-8.961076880988852e-05,0.001635457823801561,-5.1246919060074915e-06,0.9953911694315771,0.0958840188408978
2026-09-30T01:42:55.750 0.05821693816056394,0.003250497400360495,-9.002129860575542e-05,0.0016362597052789773,-4.9968546002735425e-06,0.9959073104439554,0.09036565516553054
2026-09-30T01:42:55.786 0.05845726431469593,0.0032086579654562195,-9.040127251788886e-05,0.001637139090495108,-4.523730117177839e-06,0.9963929337843106,0.08484362828067243
2026-09-30T01:42:55.835 0.058698067245808436,0.0031696795595016233,-9.079690197062604e-05,0.0016372929868580693,-4.358899717761523e-06,0.9968479804863261,0.07931849124263947
2026-09-30T01:42:55.875 0.05894030062852662,0.00313344298521401,-9.120969480461177e-05,0.0016381567031130211,-3.8994799248347655e-06,0.9972722706155421,0.0737925110612934
2026-09-30T01:42:55.926 0.05918110347454239,0.003099352160127874,-9.162022619935553e-05,0.0016391092050982731,-3.5040765805450587e-06,0.9976660430620409,0.06826258001032084
2026-09-30T01:42:55.966 0.05942238325495643,0.0030687184104582635,-9.194210523421844e-05,0.0016391667017733296,-3.239685230256742e-06,0.9980290006072198,0.06273298230581992
2026-09-30T01:42:56.017 0.05966318611866816,0.0030407072591496723,-9.229303305311299e-05,0.0016395691913850558,-2.807332501052588e-06,0.9983614402655296,0.0571991817766893
2026-09-30T01:42:56.054 0.05990637311311341,0.0030149611143567424,-9.266263203540535e-05,0.0016401179724386244,-2.5083249822423526e-06,0.9986631237996637,0.051665028495513826
2026-09-30T01:42:56.111 0.060150036737173736,0.0029925528356552536,-9.31372934917044e-05,0.0016401834281723922,-2.178185801668551e-06,0.9989342305000428,0.046127138745698175
2026-09-30T01:42:56.149 0.06039083940758558,0.0029724094974454543,-9.354782716777247e-05,0.0016407581134472566,-1.8298799898911549e-06,0.9991745807898161,0.04058897649559647
2026-09-30T01:42:56.199 0.06063450318065143,0.0029550080089293077,-9.388837915989503e-05,0.0016408132337021508,-1.4275939764547327e-06,0.999384175485624,0.03505107015219038
2026-09-30T01:42:56.241 0.06087673626664765,0.002940467525335483,-9.43160766851756e-05,0.0016407882918216868,-1.0346031379034022e-06,0.999563193020844,0.029508150919468318
2026-09-30T01:42:56.289 0.061120876788177125,0.0029281920422703014,-9.467228458837335e-05,0.0016412771495359173,-8.848465628678515e-07,0.9997113945522478,0.023967348850788453
2026-09-30T01:42:56.339 0.0613640635253774,0.00291913519800769,-9.50716885855918e-05,0.001641040689165893,-5.620989890199757e-07,0.9998289002450685,0.018424907594820787
2026-09-30T01:42:56.383 0.06160772697638168,0.0029123433362388505,-9.553145145362598e-05,0.001640746560368385,-2.685429979409184e-07,0.9999157095632046,0.012879507729950545
2026-09-30T01:42:56.424 0.06185139081244853,0.0029086509160472966,-9.572299426239423e-05,0.0016410974358835786,2.3548953074018944e-07,0.9999717028081505,0.0073416879611126595
2026-09-30T01:42:56.473 0.06209505424453436,0.002907104263023743,-9.615295570322603e-05,0.0016357285325669627,5.679058076005047e-07,0.9999970636781675,0.0017880231788725018
2026-09-30T01:42:56.509 0.062337763940912484,0.0029086570395186863,-9.659631093344362e-05,0.0016330543073479382,9.281414868222938e-07,0.999991785973707,-0.003709598075807368
2026-09-30T01:42:56.557 0.0625804737676924,0.0029129516296922176,-9.69353586141496e-05,0.0016401041812779496,1.1201557960940516e-06,0.9999555652833245,-0.00928318457895902
2026-09-30T01:42:56.601 0.06282366035539694,0.0029195112023649885,-9.730496288053496e-05,0.0016403619734705402,1.5738220594706676e-06,0.9998887729764147,-0.014823996958952267
2026-09-30T01:42:56.643 0.06306636997327499,0.0029291702105514765,-9.773341829408231e-05,0.001639812816383072,1.8378535333627873e-06,0.999791225287018,-0.020367053042421583
2026-09-30T01:42:56.683 0.0633086028143117,0.0029415710264049286,-9.810151565575082e-05,0.00164000676286709,2.1282792806249886e-06,0.9996628613821475,-0.02591281433086375
2026-09-30T01:42:56.731 0.06355035871508583,0.002956594440616665,-9.851356294401913e-05,0.001639617966840708,2.3469136718296134e-06,0.999503801554296,-0.03145572008277062
2026-09-30T01:42:56.767 0.06379354518826896,0.002974121267929973,-9.88682678616982e-05,0.0016387702494796825,2.780784173775378e-06,0.9993141649295822,-0.036993434490843725
2026-09-30T01:42:56.812 0.06403625462694822,0.002994270693590629,-9.93265272762497e-05,0.0016386277844151358,3.258346535357337e-06,0.9990937121237171,-0.04253315510538464
2026-09-30T01:42:56.857 0.06427896434039292,0.003016923514367196,-9.959107224688358e-05,0.0016382811143767064,3.486557163868221e-06,0.9988424438626343,-0.048073780393833955
2026-09-30T01:42:56.902 0.06452119703689048,0.0030426757706520104,-9.994427064981573e-05,0.001638166302160595,3.92559718891829e-06,0.9985605386410588,-0.05361125874883644
2026-09-30T01:42:56.946 0.06476152231300285,0.003070573770129414,-0.00010032425596857062,0.001636895237032263,4.306738765142841e-06,0.9982479379424606,-0.05914706204927138
2026-09-30T01:42:57.000 0.06500327781967276,0.0031019288569864413,-0.00010085551506867847,0.0016364023424584409,4.560079498305548e-06,0.9979046998482876,-0.06468023026612256
2026-09-30T01:42:57.044 0.06524407990592439,0.0031356681176602594,-0.00010120645298779507,0.0016356591556911091,4.837930908197301e-06,0.9975308251704096,-0.07021094950620582
2026-09-30T01:42:57.087 0.06548392830659072,0.0031722683892789596,-0.00010154098237216423,0.001635080766944826,5.308639782081543e-06,0.9971261943609617,-0.0757408674490186
2026-09-30T01:42:57.123 0.06572234614249166,0.0032113720379650266,-0.00010188815151835506,0.0016345577293271163,5.774630529256269e-06,0.9966909863361365,-0.0812674962330119
2026-09-30T01:42:57.187 0.06596076380701295,0.0032528598724255167,-0.0001023247279099248,0.0016332384638675554,5.624811798427081e-06,0.9962251421591227,-0.08679169678326018
2026-09-30T01:42:57.237 0.06620061203793971,0.0032973279571457425,-0.00010270396200889932,0.0016330052162749102,6.150066487331814e-06,0.9957287199507882,-0.09231278092065827
2026-09-30T01:42:57.289 0.06643759936534042,0.0033438225637840422,-0.0001029892660035095,0.0016317777104432757,6.369713553490056e-06,0.9952013637043989,-0.09783446704426506
2026-09-30T01:42:57.343 0.06667649359643946,0.00339365505449671,-0.00010353090568802288,0.0016303405781060328,6.704446787318514e-06,0.9946437284942751,-0.1033498684646307
2026-09-30T01:42:57.385 0.06691538831134501,0.003446229358928976,-0.00010374472068450224,0.0016295776183999162,7.167860615689814e-06,0.9940554559701449,-0.10886273412603002
2026-09-30T01:42:57.428 0.0671523753231416,0.0035009494065210214,-0.00010416413630762221,0.0016288361908383658,7.430081385696595e-06,0.9934366658644667,-0.11437192729664633
2026-09-30T01:42:57.473 0.06738697808804316,0.0035588880749108385,-0.00010459468394941161,0.0016279841267181866,7.831266944406326e-06,0.992787358281479,-0.11987748263471595
2026-09-30T01:42:57.513 0.0676225348334001,0.0036186148946888955,-0.00010481812374786754,0.0016265302649204143,8.133945557613861e-06,0.9921074143941737,-0.12538035187876692
2026-09-30T01:42:57.561 0.0678576143467653,0.0036816795685296784,-0.00010526432730073216,0.0016258633989594282,8.16496662155796e-06,0.9913969523205911,-0.13087948437774757
2026-09-30T01:42:57.596 0.06808983283430017,0.003747128392143489,-0.00010569110652056875,0.0016246701916420101,8.686502934732668e-06,0.9906560923138126,-0.13637399727528784
2026-09-30T01:42:57.643 0.06832395877792688,0.00381508063486776,-0.0001060314950147514,0.0016230812563266244,8.871974463170366e-06,0.9898847150557134,-0.14186478219626128
2026-09-30T01:42:57.692 0.06855665407860279,0.0038861323010989032,-0.00010642922679595273,0.001621914405129792,9.322631211051905e-06,0.9890829391145047,-0.14735097169467182
2026-09-30T01:42:57.734 0.06878934939638157,0.003959568153126342,-0.0001067971566819877,0.0016203864193989712,9.777729953885661e-06,0.9882507055021649,-0.15283297198812007
2026-09-30T01:42:57.774 0.06902252147058234,0.004035626615521643,-0.0001071956432121976,0.0016194979768400836,1.0103947961204383e-05,0.9873880730349374,-0.15831036085034547
2026-09-30T01:42:57.820 0.06925140213307147,0.00411359237253521,-0.00010749793782832976,0.001617814809760765,1.0326711959892736e-05,0.9864951024536739,-0.16378276894568602
2026-09-30T01:42:57.860 0.06948028267430335,0.004193703896749586,-0.0001078598373657075,0.0016168717283573078,1.081455517070823e-05,0.9855719117587194,-0.16924949737332404
2026-09-30T01:42:57.911 0.06970868631188705,0.004277272484354505,-0.00010823588468103823,0.0016149283868272597,1.1135527888838134e-05,0.9846185619323323,-0.17471027268197886
2026-09-30T01:42:57.948 0.0699351826734492,0.004362748396589331,-0.00010854931201778573,0.001613516413288063,1.1360376040935488e-05,0.9836348133364762,-0.18016645200547715
2026-09-30T01:42:57.991 0.07016072530830898,0.004450608482605407,-0.00010887613302692807,0.0016122504056553008,1.1786120999263969e-05,0.9826208450962354,-0.18561701239939482
2026-09-30T01:42:58.030 0.07038531410466838,0.004540375905230896,-0.00010929085334331207,0.0016101515872181987,1.207194156077937e-05,0.9815887581234573,-0.19099978322444133
2026-09-30T01:42:58.081 0.07060656509926395,0.004631454588025587,-0.0001096555929359736,0.001608171404913808,1.250165475875282e-05,0.9805577449379045,-0.19622416382987246
2026-09-30T01:42:58.126 0.07082066337900428,0.004722652390039351,-0.00011011333159503615,0.001606053174112755,1.2585210225419222e-05,0.9795430649261339,-0.20122823954388325
2026-09-30T01:42:58.166 0.07102760893984061,0.004812419590505415,-0.00011067897020958737,0.0016032922029362864,1.2432382897575084e-05,0.9785576529832811,-0.20596686405196393
2026-09-30T01:42:58.206 0.0712245410466247,0.0049006369441465135,-0.00011116917146888106,0.0016008078874151222,1.2532114446514248e-05,0.9776121778138054,-0.210408809338398
2026-09-30T01:42:58.259 0.07140907558317809,0.0049857547001869685,-0.00011155036318394223,0.001598495794945937,1.2183270714230552e-05,0.976715401517624,-0.21453314219725603
2026-09-30T01:42:58.301 0.07142147309728288,0.0049895695535193945,-0.00011168917513030207,0.0015964274514624086,1.2445754314753761e-05,0.9758733441614084,-0.21833155388015976
2026-09-30T01:42:58.351 0.0711162990081739,0.00484055409933698,-0.00011156426293296582,0.0015976506109467742,1.2754003173390555e-05,0.9750894007863716,-0.22180646479292612
2026-09-30T01:42:58.394 0.07042441330768241,0.004499606820266922,-0.00011055966148872099,0.0016002741997014585,1.2622598761559706e-05,0.9743658974345656,-0.22496341231340153
2026-09-30T01:42:58.443 0.06928525765733978,0.003933109934163815,-0.0001089074413163923,0.0015992305041663709,1.2334723474394714e-05,0.9737046858195889,-0.22780831223338852
2026-09-30T01:42:58.482 0.0676554393799033,0.003113644758017849,-0.00010710523371239605,0.0015982652549959412,1.0672599631412153e-05,0.9731107698291518,-0.23033209736549115
2026-09-30T01:42:58.530 0.06552637814246805,0.0020306015572989842,-0.00010350034051757886,0.0015928887045484486,1.0328717489560196e-05,0.9725886234107013,-0.2325270569438525
2026-09-30T01:42:58.566 0.06289568843729605,0.00068254979035978,-9.893835697398567e-05,0.0015845898418989793,9.238010900318644e-06,0.972135682258712,-0.23441353260654663
2026-09-30T01:42:58.617 0.05976003144713939,-0.000934623305430455,-9.405475402884762e-05,0.001574753852732197,7.353314469848681e-06,0.9717521836539108,-0.23599833401973058
2026-09-30T01:42:58.663 0.0561289450161254,-0.002819487098397553,-8.814935567430782e-05,0.001563222723833964,4.704416146878093e-06,0.9714378892562405,-0.23728881901590781
2026-09-30T01:42:58.710 0.05202054813825368,-0.004965008012410555,-8.16978466805448e-05,0.0015428272227045918,8.979942415845186e-07,0.9711877977812433,-0.23831047212443957
2026-09-30T01:42:58.747 0.04743579531214915,-0.007365642803395056,-7.41354923967919e-05,0.0015316893906688815,-1.1632289985573139e-06,0.9709921194649156,-0.23910658264315615
2026-09-30T01:42:58.794 0.042383745026378115,-0.010021987403897778,-6.637068595100736e-05,0.001511240936549074,-5.768429756082233e-06,0.97084526599027,-0.23970228539135574
2026-09-30T01:42:58.832 0.0368591531644681,-0.012926710508512875,-5.765007818315283e-05,0.0014988025615416654,-9.156987180956858e-06,0.9707432300403389,-0.24011525323869135
2026-09-30T01:42:58.884 0.03087441692118569,-0.016076831728972986,-4.832109689905287e-05,0.0014772368761246037,-1.4090993298582104e-05,0.9706757728940308,-0.24038793956692517
2026-09-30T01:42:58.927 0.024440026903027764,-0.019467820980170185,-3.823641673297675e-05,0.0014658955893981436,-1.7305624805177127e-05,0.9706363225701445,-0.24054725140425715
2026-09-30T01:42:58.981 0.017564089035458183,-0.02309300243985658,-2.754296587117167e-05,0.001451664126736391,-2.0580134333250052e-05,0.9706204189715723,-0.24061150122795655
2026-09-30T01:42:59.028 0.010256140149353365,-0.02694719038384955,-1.615151576527797e-05,0.0014441287847230637,-2.232409550370011e-05,0.9706236436622449,-0.24059853772937967
2026-09-30T01:42:59.075 0.002519518468904577,-0.031027821770353525,-3.814024921356153e-06,0.0014386440226847057,-2.3595185293976848e-05,0.9706455234653782,-0.2405102856912052
2026-09-30T01:42:59.116 -0.005642915700532659,-0.03533245277299166,9.032849545968136e-06,0.0014373475861576587,-2.3723402843546708e-05,0.9706874872397951,-0.2403408737298121
2026-09-30T01:42:59.169 -0.014230684998973515,-0.03985774552558775,2.274598058230111e-05,0.001439399794302384,-2.359560490084776e-05,0.9707506085617681,-0.24008578372830933
2026-09-30T01:42:59.208 -0.02324665078734582,-0.04460089864589365,3.713617645647185e-05,0.0014439784240742623,-2.2508900401739298e-05,0.9708381664231204,-0.2397314519120383
2026-09-30T01:42:59.260 -0.03269272030280535,-0.04955934915818153,5.229585932495813e-05,0.0014502322088622518,-2.0767053718684926e-05,0.9709532014152691,-0.23926507696843277
2026-09-30T01:42:59.292 -0.04259273565166224,-0.05474281291976656,6.800940785681086e-05,0.0014573854259647338,-1.92136045960535e-05,0.9710879057450312,-0.23871773074970223
2026-09-30T01:42:59.350 -0.053008207845330765,-0.060180139353096324,8.47168100289757e-05,0.001466954138355752,-1.6893967908305086e-05,0.97122374069127,-0.2381644248787101
2026-09-30T01:42:59.388 -0.06386141384258484,-0.06583210762344961,0.00010177362883488403,0.0014792953428302512,-1.370280271643455e-05,0.9713772168887733,-0.23753760545846828
2026-09-30T01:42:59.440 -0.07503171340584042,-0.07162373356866143,0.00011995768196878592,0.0014822283627448321,-1.3016526216646387e-05,0.9715924525613997,-0.23665567594159903
2026-09-30T01:42:59.480 -0.08644710597623248,-0.07750488877609416,0.00013843986294747373,0.0014806129911619185,-1.4067054365082509e-05,0.9718926307028745,-0.23541988440387693
2026-09-30T01:42:59.529 -0.09806086143943402,-0.08343921382403394,0.0001575188092410888,0.0014785538522506423,-1.4841491050503625e-05,0.9722981334341493,-0.23373949896991197
2026-09-30T01:42:59.566 -0.1098205283223413,-0.08937938196415102,0.00017714138308598325,0.0014724858746387815,-1.6135680429524797e-05,0.9728171892990713,-0.23156974700777186
2026-09-30T01:42:59.621 -0.12170178840002707,-0.09529982249767786,0.0001971946241532349,0.0014714422452025313,-1.48169184057615e-05,0.9734300615771085,-0.22897980228868345
2026-09-30T01:42:59.657 -0.13366983439034105,-0.10117275922206836,0.00021671452130780626,0.0014775648073818814,-1.3698873252102052e-05,0.9741049785235237,-0.22609136965011833
2026-09-30T01:42:59.721 -0.1456984397304621,-0.10697840306497743,0.0002361662440063238,0.001487365214669698,-1.1432360691365725e-05,0.974816967931045,-0.22300149472087327
2026-09-30T01:42:59.758 -0.15777616039108452,-0.11270918409243162,0.0002555614989740499,0.0014983666794462461,-8.751953830951388e-06,0.9755494016476244,-0.2197751572986799
2026-09-30T01:42:59.809 -0.1698987048485595,-0.11836092992526076,0.00027492330244302873,0.0015099116679642842,-6.3596599953881835e-06,0.9762917895141937,-0.21645337108366636
2026-09-30T01:42:59.848 -0.18206082801265888,-0.12393036224197296,0.000294198657218559,0.0015202396008537147,-4.16551538177096e-06,0.977039126015025,-0.2130545354832914
2026-09-30T01:42:59.900 -0.1942620525970805,-0.1294139047578212,0.0003136997327795455,0.0015286220211480049,-2.7066302945250245e-06,0.9777803249569884,-0.20962657139398344
2026-09-30T01:42:59.938 -0.20650333291557982,-0.13481119985701745,0.00033302570607829574,0.0015396379385321179,-2.9802685319054e-07,0.978526648346843,-0.20611459916760694
2026-09-30T01:42:59.991 -0.2187794229559354,-0.1401136047999257,0.00035274942703053866,0.0015380712319449544,-7.119636229153375e-07,0.9792919369445183,-0.2024473674114634
2026-09-30T01:43:00.035 -0.231092707227504,-0.1453195102911899,0.0003726809501700168,0.0015420863022634144,2.8457420481588384e-08,0.9800594270150985,-0.1986986197452625
2026-09-30T01:43:00.086 -0.2434412796660499,-0.15042814144656183,0.0003920125979510227,0.0015472967068148062,1.055348872919409e-06,0.9808200618601661,-0.19490924073631685
2026-09-30T01:43:00.132 -0.2558184628339538,-0.15543621992632625,0.00041185140050895664,0.0015516627395963873,1.735193040415717e-06,0.9815802210121771,-0.19104413641202744
2026-09-30T01:43:00.176 -0.26822950272184987,-0.16034100398294884,0.0004317288140639601,0.0015530065875959357,1.8742687361706645e-06,0.9823422904876192,-0.1870861098172818
2026-09-30T01:43:00.216 -0.28067249210549716,-0.16514028822057025,0.0004515822179647518,0.0015543450070738332,1.8175282709846021e-06,0.9831062083330565,-0.1830294160655505
2026-09-30T01:43:00.276 -0.29315267611385054,-0.1698324037751637,0.00047147950973941324,0.0015562456275562662,1.977987011753997e-06,0.983870066726864,-0.1788778071603936
2026-09-30T01:43:00.311 -0.30566480957849623,-0.17441466837167682,0.0004914123957184402,0.001557641791079544,2.2013088681058228e-06,0.9846324359921871,-0.1746325849871571
2026-09-30T01:43:00.367 -0.31820841561891083,-0.1788830884928956,0.0005114397258888342,0.0015597085734997285,2.549879736462818e-06,0.9853827052275305,-0.1703481480414096
2026-09-30T01:43:00.412 -0.3307792029820046,-0.18323820052662504,0.0005313759012568755,0.0015621677927126116,2.6980107960388145e-06,0.986114794767935,-0.16605773443083577
2026-09-30T01:43:00.455 -0.343375741126276,-0.18748066010594458,0.0005512335612821592,0.0015632583173351082,2.7020551088216636e-06,0.9868282887583829,-0.16176366935234177
2026-09-30T01:43:00.492 -0.35581826302972286,-0.1915499066484306,0.0005709817838460991,0.001563358002018027,2.5489968166573e-06,0.9875235445425624,-0.15746366209177903
2026-09-30T01:43:00.547 -0.36828224447551633,-0.19550590463606105,0.0005904658918883262,0.0015668174234227345,2.8896814257200203e-06,0.9882008567182029,-0.15315551526543633
2026-09-30T01:43:00.589 -0.3808845091191914,-0.19938471634966212,0.0006104070453071416,0.0015660030942502782,2.697072906312901e-06,0.9888675630030156,-0.14879008860643794
2026-09-30T01:43:00.638 -0.3935664062287204,-0.20316387009972076,0.0006307870127411078,0.0015677437633115025,2.9720607052870052e-06,0.9895217505989137,-0.1443753693062675
2026-09-30T01:43:00.676 -0.4062988496448118,-0.2068340671955314,0.0006510829663727906,0.001569205995553181,2.932403635377423e-06,0.9901621104130991,-0.1399161630628228
2026-09-30T01:43:00.728 -0.4190656270880889,-0.21038791645703436,0.0006712245679431428,0.0015699695401738124,3.0862089237864926e-06,0.9907799997299639,-0.13547150003307404
2026-09-30T01:43:00.765 -0.4318562480228749,-0.2138264906357466,0.0006912697368789158,0.0015658379549683531,2.225388530795264e-06,0.9913690438529749,-0.13109144532189992
2026-09-30T01:43:00.820 -0.44466785088745586,-0.21715169704422005,0.0007115417750481554,0.0015654145885189857,1.991477855215912e-06,0.9919330508226011,-0.1267531938807357
2026-09-30T01:43:00.867 -0.45750520469588524,-0.22036442981223708,0.0007316309899059079,0.0015672978494577585,2.1457690473380533e-06,0.9924757173943919,-0.12243158887858155
2026-09-30T01:43:00.918 -0.4703702160071656,-0.22346546382410312,0.0007520321350039497,0.0015659897973748522,1.8929082611591587e-06,0.9929966902543442,-0.11813179426508966
2026-09-30T01:43:00.960 -0.4832605010711232,-0.22645599114274845,0.0007724583191781122,0.0015660149333077426,1.8303994882862702e-06,0.9934977540464479,-0.11384094297985192
2026-09-30T01:43:01.052 -0.4959934323095948,-0.22929667040335205,0.0007924121647804991,0.0015663403319009822,1.5776562044856052e-06,0.9939770021207788,-0.10957767030953484
2026-09-30T01:43:01.093 -0.5087411470509497,-0.23202392221107956,0.0008122999568068768,0.0015681304777058302,1.6360744230441518e-06,0.9944346719666288,-0.1053433631262626
2026-09-30T01:43:01.161 -0.5216118860071264,-0.2346628414840551,0.0008328441837629632,0.0015683652416624255,1.5695892336422686e-06,0.9948786938580448,-0.10106396358403974
2026-09-30T01:43:01.203 -0.5345560591683717,-0.2372000761575898,0.0008534448947475905,0.0015705183876871167,1.8348369921611e-06,0.9953060846592731,-0.096764308031709
2026-09-30T01:43:01.249 -0.5475431490858091,-0.23963026142943805,0.0008740389362161732,0.001569620511173034,2.024821965363304e-06,0.9957145235755221,-0.09246687962790787
2026-09-30T01:43:01.289 -0.5603776531944618,-0.24191959900461185,0.0008943171913115149,0.0015690147758793845,1.7718272557037868e-06,0.996101981257682,-0.0881951309541191
2026-09-30T01:43:01.342 -0.5732183580979858,-0.24409389969347742,0.0009143072058303738,0.0015702509478838131,1.5929959526990565e-06,0.9964639261613104,-0.08400701261567242
2026-09-30T01:43:01.384 -0.5861677824767811,-0.24617581455167947,0.0009347373218604572,0.00156717267614122,1.2930980216430014e-06,0.9968026878324492,-0.07988707966959445
2026-09-30T01:43:01.441 -0.5991796738213562,-0.2481615282996891,0.0009551618789966603,0.001562213036064061,7.743382075958439e-07,0.9971163567688108,-0.0758718034181624
2026-09-30T01:43:01.486 -0.6122397269802218,-0.2500516368038459,0.0009755880617194627,0.0015588659249947735,6.272707873000617e-07,0.9974067780019124,-0.07195338166117299
2026-09-30T01:43:01.529 -0.6253364977685909,-0.2518453054550272,0.000996072281283496,0.001557116788468737,2.9181849286238654e-07,0.9976761570120969,-0.06811652601825713
2026-09-30T01:43:01.568 -0.6384599725464768,-0.25354265333644255,0.0010166434086044595,0.0015561457981339774,2.6867942955533697e-07,0.9979263422788176,-0.06434744591825772
2026-09-30T01:43:01.619 -0.6516053828678213,-0.2551444552484316,0.0010373386079360807,0.0015571172192808814,2.3620179272382883e-07,0.9981588230717277,-0.06063447295040564
2026-09-30T01:43:01.664 -0.6647703445573183,-0.25665011511452945,0.0010581541095305092,0.0015584482911105652,6.368052038446624e-07,0.9983750908524719,-0.0569627001101355
2026-09-30T01:43:01.712 -0.677950566453868,-0.2580603481364863,0.0010788447098530008,0.001560765676106487,7.382768069678557e-07,0.9985760988579845,-0.05332296690477897
2026-09-30T01:43:01.753 -0.6911436639438198,-0.25937569072603883,0.0010996748599071677,0.0015624719310866556,8.90780426535367e-07,0.998762623264109,-0.04970695173983652
2026-09-30T01:43:01.802 -0.7043462993907865,-0.26059554679473984,0.0011205051718019016,0.0015646366786774013,8.041728202479557e-07,0.9989323382904631,-0.04617072047266363
2026-09-30T01:43:01.860 -0.717549889874852,-0.2617239097457494,0.0011412028663085683,0.0015606267116244476,5.742195982464513e-07,0.9990835202646466,-0.04277480542958458
2026-09-30T01:43:01.898 -0.7307615879729472,-0.26276787262186,0.001161704747825562,0.0015566974304062706,1.8255649043775927e-07,0.9992177139810746,-0.03951628473822628
2026-09-30T01:43:01.936 -0.7439861616489639,-0.26372940243633985,0.0011822567742564146,0.0015561319091043746,1.6072254675143614e-07,0.9993375992848264,-0.03635850807026865
2026-09-30T01:43:01.992 -0.7572250409334237,-0.2646110026022275,0.0012031443295096047,0.0015566151582509886,3.6179869978731534e-07,0.9994447278384033,-0.03328382407624039
2026-09-30T01:43:02.032 -0.7704748885724539,-0.2654135075425968,0.0012239747065043481,0.0015594235483512814,5.292055193499849e-07,0.9995405888990606,-0.03026845455645209
2026-09-30T01:43:02.080 -0.7837314128211997,-0.26613721522661626,0.0012448752302018598,0.001561989888436163,6.177094426419947e-07,0.9996260786474153,-0.027299506867312334
2026-09-30T01:43:02.123 -0.796996521203136,-0.26678301974799296,0.00126572970732812,0.0015650253629424593,8.068876992818348e-07,0.9997019714746191,-0.024362243835951772
2026-09-30T01:43:02.225 -0.8102678293174054,-0.2673513979138434,0.0012866684785938773,0.001567079756156599,6.536909387447513e-07,0.999768745421501,-0.02144760916579327
2026-09-30T01:43:02.267 -0.8235419993035704,-0.26784270731001225,0.0013076862665471266,0.0015691894860163356,9.32590258700055e-07,0.9998265784758182,-0.01855668657993666
2026-09-30T01:43:02.329 -0.8368185547180897,-0.26825754397699025,0.001328528997931629,0.001569434848002977,5.482550346143681e-07,0.9998749950432247,-0.015733123061519822
2026-09-30T01:43:02.370 -0.8500932038204543,-0.26859960334870314,0.0013492941959791713,0.0015674244658631688,1.6094135195084304e-07,0.9999136969884737,-0.013043839747600821
2026-09-30T01:43:02.422 -0.8633707149483617,-0.26887484594966793,0.001369959598680258,0.0015644231221088327,1.7142686015232502e-07,0.9999438158296506,-0.010484167315701875
2026-09-30T01:43:02.463 -0.8766544253805889,-0.2690860732401497,0.001390873210282673,0.0015631656708239578,3.948975181497111e-07,0.9999665416531945,-0.008029451231548771
2026-09-30T01:43:02.514 -0.8899429051305757,-0.26923477531832046,0.0014116900429608649,0.0015640901463023207,5.822664229166121e-07,0.9999827683172661,-0.005658329277470683
2026-09-30T01:43:02.555 -0.9032361537614787,-0.269321965463092,0.0014326783174467982,0.0015652454506820967,7.362133634995756e-07,0.9999932128437151,-0.0033353069786307733
2026-09-30T01:43:02.620 -0.916533217947575,-0.26934812049965673,0.0014536130088198004,0.001528900712050439,8.959882838531534e-07,0.9999983226196111,-0.0010085731378014422
2026-09-30T01:43:02.656 -0.9298321901346217,-0.269314790124743,0.0014746103107536115,0.0015687738574049577,8.081323461038185e-07,0.9999980664925157,0.0011857314880687304
2026-09-30T01:43:02.705 -0.9431330705406654,-0.26922149750121743,0.0014955361128871237,0.001561392379110448,7.658273516175711e-07,0.999993079329808,0.003376884028276984
2026-09-30T01:43:02.748 -0.9564353820389156,-0.2690688386694914,0.0015165684750985758,0.0015728930438707344,8.640592899784441e-07,0.999983011125115,0.005612795014460125
2026-09-30T01:43:02.799 -0.9697372173706111,-0.268857350047365,0.0015376447771851519,0.0015738939380173782,8.219049725776495e-07,0.9999683017822903,0.007805016837821054
2026-09-30T01:43:02.838 -0.9830385767290337,-0.26858852175098236,0.0015586309091074695,0.001573887359279443,8.239955431351938e-07,0.9999491226749189,0.009963681024684309
2026-09-30T01:43:02.889 -0.996343274768111,-0.2682635459212632,0.0015795478036436555,0.001573801791757028,8.257131478157906e-07,0.9999257114761557,0.012086963065312201
2026-09-30T01:43:02.927 -1.009648927181978,-0.26788283976069044,0.0016004661969244367,0.0015732790632631336,8.97361372638683e-07,0.9998983664602193,0.01416974037761395
2026-09-30T01:43:02.977 -1.0229541033752583,-0.26744759534414086,0.0016214285307822878,0.0015730608186798384,8.266373498945863e-07,0.9998670871386557,0.016227554832366806
2026-09-30T01:43:03.017 -1.0362597570318788,-0.2669588259625852,0.001642421412100521,0.001572310590644146,7.095620241982475e-07,0.9998321721465537,0.018252544469391355
2026-09-30T01:43:03.066 -1.0495639808216468,-0.2664171276384601,0.0016634269241137746,0.0015721135546616573,5.483821486123569e-07,0.9997950507543846,0.0201837792721905
2026-09-30T01:43:03.108 -1.062862006366777,-0.26582720907867385,0.0016844077260063858,0.001567762979963143,9.155720630699894e-07,0.9997566802413205,0.022002782352575707
2026-09-30T01:43:03.162 -1.0761581256550732,-0.2651919313602636,0.0017050576796230326,0.001564602924409348,9.71469081917805e-07,0.9997171161328678,0.023732672157335218
2026-09-30T01:43:03.200 -1.0894547218603017,-0.26451284423389565,0.001726006402855416,0.0015596989940044965,1.1947255820147276e-06,0.9996765396336548,0.025384708855981257
2026-09-30T01:43:03.252 -1.1027556102665153,-0.26379161667772194,0.0017468724977103163,0.0015656881533389457,1.0649577150960368e-06,0.9996342257520705,0.026999320816104795
2026-09-30T01:43:03.301 -1.116053161485718,-0.263028487014267,0.0017676439013455838,0.0015608076338486324,1.1483397343277365e-06,0.999591204792391,0.02854798031223652
2026-09-30T01:43:03.340 -1.129353097105554,-0.26222560108273435,0.0017885978818392785,0.0015661328995725762,5.176846491857765e-07,0.9995469238245261,0.03005818192106862
2026-09-30T01:43:03.383 -1.1426520794137014,-0.261382780027182,0.0018096397547962418,0.001567269259502855,3.3831788642518733e-07,0.9995015730434296,0.0315301308380347
2026-09-30T01:43:03.436 -1.1559515388206487,-0.26050228884211346,0.0018308164858048645,0.0015677001513829149,5.623624192230807e-07,0.9994558052531317,0.032948985746658284
2026-09-30T01:43:03.475 -1.1692533835439223,-0.259586034900279,0.0018515648474798198,0.0015680790122403374,7.281596723950889e-07,0.9994097391659175,0.03431784358018436
2026-09-30T01:43:03.524 -1.1825547515518064,-0.25863395856089555,0.0018725210653613587,0.001568752622387655,6.351784130964374e-07,0.9993631957614243,0.03564746796505063
2026-09-30T01:43:03.564 -1.1958561199889441,-0.2576477883647033,0.0018934772776663272,0.001569270941689746,6.866392303224584e-07,0.9993163542056548,0.036937265807833755
2026-09-30T01:43:03.621 -1.2091551047342013,-0.2566282395374306,0.0019143850114336537,0.0015700155267754303,5.243982535091275e-07,0.9992693334120355,0.03818814414497279
2026-09-30T01:43:03.657 -1.2224521824259011,-0.255576086945441,0.001935364229860695,0.0015710388502957666,5.293858364032048e-07,0.9992221333623705,0.039403807371925864
2026-09-30T01:43:03.715 -1.2357478301432596,-0.2544926418969529,0.0019562517745237568,0.0015716031412022146,3.014634491219291e-07,0.9991749334462264,0.04058303138264563
2026-09-30T01:43:03.763 -1.249041094062785,-0.2533786196356804,0.001977135544535095,0.001572571499272738,2.9065510957330957e-07,0.9991274946178553,0.0417345961696406
2026-09-30T01:43:03.812 -1.262332927638805,-0.2522345566154086,0.001998151158125711,0.0015725149499276497,2.502566644874757e-07,0.9990803543844049,0.04284825177065706
2026-09-30T01:43:03.849 -1.2756233311846543,-0.2510617641383607,0.0020190899995141324,0.001573685779689527,2.399146728654408e-07,0.9990330938102961,0.043936328759211836
2026-09-30T01:43:03.898 -1.2889103973215186,-0.24986095743625752,0.0020399639542396336,0.0015730559716768176,4.0337322271809815e-07,0.9989881587508609,0.044946458929620264
2026-09-30T01:43:03.938 -1.3021946026730091,-0.24863595121234883,0.0020608780848542134,0.0015717118334281984,4.809801486958589e-07,0.9989454887831729,0.045885075584871204
2026-09-30T01:43:03.996 -1.315477377809738,-0.24738752034503494,0.002081789949847124,0.0015726794683096786,2.828620841541946e-07,0.9989038300121187,0.046783170759688186
2026-09-30T01:43:04.035 -1.3287596765424388,-0.246115962869563,0.0021026116502718445,0.0015728578184989015,2.1967066367390018e-07,0.9988633040975716,0.0476405903145285
2026-09-30T01:43:04.088 -1.3420400681814946,-0.24482247086079909,0.002123445232531124,0.0015726430677915771,3.3324509641398184e-07,0.9988238511429606,0.048460717923029605
2026-09-30T01:43:04.130 -1.3553180756404808,-0.24350817680096298,0.002144438954305806,0.0015732067562126424,2.657446375138442e-07,0.9987854106367235,0.049246609219956335
2026-09-30T01:43:04.183 -1.3685951296306207,-0.2421739151731164,0.0021654609672394835,0.0015732174322607632,2.648479639496502e-07,0.9987480432388999,0.049998711116482956
2026-09-30T01:43:04.224 -1.3818712305624923,-0.24082075886091442,0.0021862430509414148,0.001573784544043348,2.8232837526085503e-08,0.9987118672763573,0.05071616471678558
2026-09-30T01:43:04.275 -1.3951459009854643,-0.2394488270675721,0.002207171881207799,0.0015730080148629838,8.85407425711906e-08,0.9986766458709951,0.051405083772294906
2026-09-30T01:43:04.315 -1.4084205714581413,-0.2380598483458062,0.0022282050166838752,0.0015733878838526249,1.5404866120423986e-07,0.9986424366507961,0.05206542202560091
2026-09-30T01:43:04.365 -1.4216947654281853,-0.23665370348035658,0.002249162889709256,0.0015732357577416694,1.576450987259479e-07,0.9986094197501261,0.05269489268935058
2026-09-30T01:43:04.405 -1.4349680060705878,-0.23523134613953894,0.002270029845367288,0.0015727881282264428,2.167270065958347e-07,0.9985772374030867,0.0533012877693975
2026-09-30T01:43:04.482 -1.4480281006751563,-0.2338164963004327,0.0022905597955117027,0.0015714641284063848,2.9517076678441475e-07,0.9985490487523394,0.05382683100651759
2026-09-30T01:43:04.525 -1.4608106762494033,-0.23242113368618578,0.0023105913569721553,0.001568709550231059,5.491148869950657e-07,0.9985249734463962,0.05427169201268125
2026-09-30T01:43:04.592 -1.4736671615813084,-0.23100735416721874,0.0023308291814366027,0.0015698512943763334,4.038117033991817e-07,0.9985026829714874,0.054680231029978946
2026-09-30T01:43:04.634 -1.4867496677656276,-0.22955864917202448,0.002351498868754788,0.0015694670783764143,3.163662401855175e-07,0.9984817048368888,0.05506198215656832
2026-09-30T01:43:04.687 -1.4999513832806597,-0.2280873555173067,0.0023724166394661914,0.0015689877031920302,4.533342628153135e-07,0.9984654945930286,0.05535516583373788
2026-09-30T01:43:04.741 -1.5131912464548034,-0.22660640639048096,0.0023930072932971743,0.0015640447800162383,7.335738592925174e-07,0.9984508374146513,0.05561905275505377
2026-09-30T01:43:04.781 -1.5264497057746775,-0.22511681482422857,0.0024139998775515145,0.001569242957728517,4.765801409390206e-07,0.9984359934166017,0.055884743235665765
2026-09-30T01:43:04.817 -1.5397124567652871,-0.22361971312677137,0.002434969443662958,0.001568240092897454,5.109810175299679e-07,0.998425624162443,0.05606972122800345
2026-09-30T01:43:04.871 -1.5529775923624969,-0.2221207637153898,0.002455689459698873,0.001563507820620154,6.376947375268346e-07,0.9984224692106979,0.05612600482932468
2026-09-30T01:43:04.907 -1.5662460656813302,-0.2206231256482035,0.002476489259172615,0.0015616424854184002,7.315606552013396e-07,0.9984239606351945,0.0560995196213316
2026-09-30T01:43:04.960 -1.5795150157663411,-0.2191273353310031,0.002497319615163791,0.001562571854117708,5.469877264063275e-07,0.9984282509550956,0.056023085095791104
2026-09-30T01:43:04.998 -1.5927844427356281,-0.2176352405077928,0.0025180911211192198,0.0015633208046499137,6.801757874087764e-08,0.9984356405111687,0.05589121384537666
2026-09-30T01:43:05.047 -1.6060538691493622,-0.21614797366075147,0.0025391755518582694,0.001564534577378337,-1.0725003888512467e-07,0.9984456520072093,0.05571204734564894
2026-09-30T01:43:05.088 -1.619323772580776,-0.2146669057027998,0.002560096824973062,0.0015658415461193833,-2.343767306689092e-07,0.9984584049299934,0.055482986264720216
2026-09-30T01:43:05.139 -1.632594629498768,-0.21319316912815087,0.0025810792117174288,0.0015672351932503315,-6.453009211546435e-07,0.9984734820956356,0.05521095294639564
2026-09-30T01:43:05.179 -1.6458645319538239,-0.2117278964009732,0.002602492225120522,0.0015691233301983456,-2.0070133075267475e-07,0.9984907043840523,0.05489855290054096
2026-09-30T01:43:05.233 -1.6591349117637504,-0.2102719816091018,0.002623503663134979,0.0015700304954033915,-6.678641300541477e-08,0.9985101921531204,0.05454292961124817
2026-09-30T01:43:05.281 -1.6724062446162042,-0.20882685526988332,0.0026448295347681248,0.0015704826457046406,3.3703229726395724e-07,0.9985316469928459,0.0541487168629185
2026-09-30T01:43:05.327 -1.6856799621405103,-0.2073934114711308,0.002665756847113141,0.0015717462570022471,2.0364272452515082e-07,0.9985550678966033,0.05371504437001048
2026-09-30T01:43:05.366 -1.6989546327158949,-0.20597194821792936,0.0026869836921292623,0.0015725931393951063,1.1703672741329197e-07,0.9985800386459291,0.053248787485718735
2026-09-30T01:43:05.429 -1.7122307338905292,-0.20456395563248642,0.00270804888857068,0.0015735783933482162,1.2820108872983683e-07,0.9986064991989169,0.05275020008215669
2026-09-30T01:43:05.463 -1.7255077886258605,-0.20317050659238256,0.0027290708918233527,0.0015743889584566783,1.9425369771542867e-07,0.9986344497972475,0.05221835862528281
2026-09-30T01:43:05.515 -1.7387872273373337,-0.20179160111561717,0.0027501115682477687,0.001575292503234591,1.2317817644270902e-07,0.9986635922357748,0.05165799063312508
2026-09-30T01:43:05.553 -1.7520671426651921,-0.20042831206178233,0.0027711679022991275,0.0015761098593512824,-2.0756134365646286e-07,0.9986938670529191,0.05106932336104292
2026-09-30T01:43:05.606 -1.7653489651276741,-0.19908183154178652,0.0027922272548200613,0.0015768592995963116,-6.432791623502186e-08,0.9987251550334474,0.05045372353119056
2026-09-30T01:43:05.645 -1.7786326946275364,-0.19775239797419786,0.0028133492304198396,0.001577153871858761,-1.881782302849123e-07,0.9987573372827898,0.04981258685734602
2026-09-30T01:43:05.697 -1.7919197619945542,-0.19644078623744696,0.002834327475019463,0.0015778368411833183,-2.8698371922898375e-07,0.9987904131278885,0.049144898765206224
2026-09-30T01:43:05.736 -1.8052101666329654,-0.19514753277326832,0.002855534517270879,0.0015785194436233893,-2.622835724967723e-07,0.9988240252876144,0.04845693742431984
2026-09-30T01:43:05.787 -1.8185015250813237,-0.19387335280746693,0.002876504652221108,0.001578653748262139,-1.0012890932785956e-07,0.9988585317705564,0.047740353596320416
2026-09-30T01:43:05.823 -1.8317952672498015,-0.1926190808230114,0.002897612670361058,0.0015789002493098317,-4.2496345822595706e-07,0.9988936340628418,0.04700015853751701
2026-09-30T01:43:05.875 -1.8450904397663057,-0.1913851340404439,0.0029186633490454433,0.001579188685968669,-2.11906657976112e-07,0.9989292130196723,0.04623779340482707
2026-09-30T01:43:05.913 -1.8583860889030868,-0.1901721084941998,0.0029396849827967512,0.0015791722252177318,-4.282411608716665e-07,0.9989651497154949,0.045454767283518625
2026-09-30T01:43:05.975 -1.871683644925973,-0.18898065985335447,0.002960828844938118,0.001579022988571427,-2.1984384563633029e-07,0.9990016823923735,0.044644655487087646
2026-09-30T01:43:06.016 -1.884981677695489,-0.1878113245417444,0.002981854255485983,0.001578651243836404,-3.2095214237575283e-07,0.9990385727274209,0.043811391930698246
2026-09-30T01:43:06.073 -1.898281140709331,-0.18666493703638395,0.0030028670304349564,0.001578519615247824,-3.663143606336929e-07,0.9990756415585231,0.0429577783424083
2026-09-30T01:43:06.130 -1.9115825106383884,-0.18554155694790234,0.0030239722317228356,0.0015780190095070897,-2.8303919619200084e-07,0.999112829763713,0.04208400239368505
2026-09-30T01:43:06.170 -1.92488531067746,-0.1844424359678417,0.003045139303339146,0.0015779652966232101,-2.9439125213363794e-07,0.9991500770942809,0.04119021082646607
2026-09-30T01:43:06.209 -1.9381900178957094,-0.1833678125208119,0.003066219987827275,0.0015779459499699598,-2.1577850743978507e-07,0.9991875030587094,0.04027212209251141
2026-09-30T01:43:06.270 -1.951497109027203,-0.18231834226389787,0.00308727464379481,0.0015776268551781186,-3.4741600507683095e-07,0.9992248099348263,0.03933561114429934
2026-09-30T01:43:06.311 -1.9648080146249953,-0.18129432323833927,0.0031082757307955744,0.001577344908038305,-2.599282846135621e-07,0.9992620570426264,0.03837777140367428
2026-09-30T01:43:06.364 -1.9781193963338821,-0.1802961130299233,0.0031295308953714937,0.0015770690118983809,-3.425033821038812e-07,0.9992990656124991,0.037401742194727125
2026-09-30T01:43:06.401 -1.9914317316351056,-0.17932490373762533,0.0031506236596557167,0.0015769702188045615,-1.1683523031348707e-07,0.9993357759055851,0.03640769369374887
2026-09-30T01:43:06.459 -2.004745974038369,-0.1783805761641436,0.003171659839486865,0.0015768895617345362,-2.721302568618643e-07,0.999372307226229,0.03539074693418645
2026-09-30T01:43:06.498 -2.018060215974873,-0.17746396475046652,0.0031927705295642546,0.0015767273150922938,1.4656850203373466e-08,0.9994064546713589,0.03441296691944281
2026-09-30T01:43:06.551 -2.0313742196072493,-0.17657197005212721,0.003213612626136822,0.0015749987437729594,2.365177291732028e-07,0.9994371467542014,0.03350983537295145
2026-09-30T01:43:06.590 -2.044687030818932,-0.17570238668520768,0.0032344826438350637,0.0015741293408601668,2.0017822480698952e-07,0.9994660502050792,0.03263643062953508
2026-09-30T01:43:06.640 -2.058001033475192,-0.17485610874936103,0.003255578067308964,0.0015748643699615434,1.2475084521926898e-07,0.9994937603788085,0.031776449865105354
2026-09-30T01:43:06.675 -2.0713164666409445,-0.17403230178263598,0.003276496942537728,0.0015746649398770832,3.09102989456016e-07,0.9995202196974243,0.03093300577448736
2026-09-30T01:43:06.742 -2.0846338065005683,-0.17323036974451173,0.003297657255345843,0.0015751613875782714,2.6952017601989797e-07,0.9995455460650168,0.030103491626688895
2026-09-30T01:43:06.781 -2.097952338439099,-0.17245001460283305,0.0033186555439401154,0.0015752124655805237,3.336124293569242e-07,0.9995697999832951,0.02928709044839344
2026-09-30T01:43:06.849 -2.1112706316641283,-0.17169123633955696,0.003339668360241149,0.0015759933938678432,6.583062554823882e-08,0.9995930401216314,0.0284828085906706
2026-09-30T01:43:06.893 -2.124592023966163,-0.17095361776418572,0.003360745685118904,0.0015761304798319773,1.2368363313345023e-07,0.9996153867550951,0.027687440747696756
2026-09-30T01:43:06.950 -2.1379141311242758,-0.17023644359095957,0.0033819135510911678,0.001576459429636464,1.170320264623173e-07,0.9996366604557086,0.026908397362373805
2026-09-30T01:43:06.987 -2.1512390994654433,-0.16953995226553858,0.0034028177234606237,0.001576728951764734,-1.0950287031836233e-07,0.9996570402023517,0.02614031177462492
2026-09-30T01:43:07.043 -2.164565497944096,-0.16886366693269145,0.003423798666638132,0.0015773631696673171,9.882194374891064e-08,0.999676644845644,0.025379473508672916
2026-09-30T01:43:07.090 -2.1778933265867937,-0.1682073491738418,0.0034448414794421255,0.0015776537897576868,-3.977103714414917e-09,0.9996954749499758,0.024626578590254213
2026-09-30T01:43:07.138 -2.191222108588041,-0.16757040293654127,0.0034659305067024724,0.001578161014934166,1.3482749667265734e-07,0.9997134108991272,0.023887349711215866
2026-09-30T01:43:07.175 -2.2045520824094873,-0.1669531262470209,0.0034870363231478195,0.0015788207562852491,-1.289913076607758e-07,0.9997305719290235,0.023157954906911214
2026-09-30T01:43:07.225 -2.21788181775724,-0.16635522106407113,0.0035080225566560905,0.0015789404499557513,2.7785313680905706e-08,0.9997460051858351,0.0224818162526776
2026-09-30T01:43:07.261 -2.2312105994169804,-0.16577346872786927,0.00352888807580572,0.0015770278053208642,2.8237112948576633e-07,0.9997598906433074,0.021855755399982
2026-09-30T01:43:07.316 -2.244541287630592,-0.16520786927434555,0.003550129141881887,0.0015774094055417678,1.266561613405994e-07,0.9997731187133054,0.021242007386839633
2026-09-30T01:43:07.359 -2.257659783877434,-0.16466682426301565,0.0035706472833860925,0.0015758807177633418,1.290900418745775e-09,0.9997862885924531,0.020612950843866346
2026-09-30T01:43:07.409 -2.2707754184441318,-0.16414270693472813,0.0035914440257874495,0.0015815086922881501,-3.5204789028700135e-08,0.9997990951720418,0.01998169470844755
2026-09-30T01:43:07.456 -2.284030289216573,-0.1636297970326649,0.00361241621417488,0.0015807447975010147,4.2030733358929945e-09,0.9998113108238865,0.019360888267515766
2026-09-30T01:43:07.508 -2.297338088593622,-0.1631314313302974,0.003633516794606784,0.0015816110805702925,-9.776193325561793e-08,0.9998231675491894,0.01873852017332183
2026-09-30T01:43:07.563 -2.3106640077930165,-0.16264915911017536,0.0036544970155880257,0.001581041445645408,-3.5429318475100874e-08,0.9998345486037424,0.018121140314474093
2026-09-30T01:43:07.611 -2.3239977944517043,-0.16218298024318145,0.0036755790859031552,0.00158066810725114,9.797374173390832e-08,0.9998456314497781,0.017498993088741175
2026-09-30T01:43:07.652 -2.337334680373489,-0.161732537041432,0.003696651158194985,0.0015803570258851069,-8.132347669016664e-08,0.9998562374426934,0.016882147926278807
2026-09-30T01:43:07.703 -2.350673473478518,-0.16129878316423743,0.003717696446651754,0.0015801093746093315,-1.241308974181322e-07,0.9998664261669343,0.016267546788354154
2026-09-30T01:43:07.742 -2.3640127431453086,-0.16088124175641574,0.0037387871951180952,0.0015793800995657426,-2.534362681233005e-08,0.9998761980552362,0.015655482142256295
2026-09-30T01:43:07.796 -2.3773534430249237,-0.1604797936206815,0.003759939812577221,0.0015798631538033714,1.016204012816402e-09,0.99988543261036,0.015054092002135333
2026-09-30T01:43:07.838 -2.390694142843281,-0.1600944387390517,0.0037810030258132355,0.001578588552016598,1.210008346812986e-07,0.9998943705045179,0.01444838716060217
2026-09-30T01:43:07.886 -2.4040357961306418,-0.15972529633280635,0.003802067749561189,0.0015791410065319749,6.963668539741764e-08,0.9999029493214128,0.01384190203754265
2026-09-30T01:43:07.927 -2.417376495571822,-0.15937177033148683,0.003823116066860733,0.0015783198360091396,2.887371116659072e-08,0.9999109332864773,0.013252712954727032
2026-09-30T01:43:07.978 -2.430718863407005,-0.15903445681451864,0.003844375641563279,0.001578595656366356,6.347343759704155e-08,0.9999186183361053,0.01265957110506038
2026-09-30T01:43:08.012 -2.4440612314977197,-0.15871240208666368,0.0038653520970528383,0.0015776902878049139,4.055482696022709e-08,0.9999257679742022,0.012081781100327496
2026-09-30T01:43:08.068 -2.457405744897185,-0.15840596380272395,0.0038864958603502717,0.0015788039387248046,1.7782526725922782e-08,0.9999326775443889,0.011495553794062557
2026-09-30T01:43:08.109 -2.470749781452704,-0.15811508232508784,0.0039075196631216435,0.0015774039959201161,6.149924373513899e-08,0.9999392910531617,0.010905320019616355
2026-09-30T01:43:08.161 -2.4840945330032738,-0.15783922122693084,0.0039285893026726375,0.0015775313903582389,-1.6238824813484684e-07,0.9999453670263713,0.010333167819311899
2026-09-30T01:43:08.203 -2.4974383306119208,-0.15757909574297824,0.003949702140364994,0.0015771548978223973,-5.371482593774899e-08,0.9999510262233736,0.009770247553033943
2026-09-30T01:43:08.267 -2.5107830817030794,-0.15733410985080423,0.003970816488393803,0.0015763917339363912,2.575649897955434e-08,0.9999564472539558,0.009198836032196239
2026-09-30T01:43:08.307 -2.5241283094166267,-0.15710426354440268,0.003991946493971561,0.0015754598099489321,1.5508663653822736e-07,0.9999615108127154,0.008631038148140632
2026-09-30T01:43:08.362 -2.537474490832233,-0.15688896078335665,0.004012943899505166,0.0015753819989638934,1.020716801203151e-07,0.999966275653385,0.008060131974444634
2026-09-30T01:43:08.399 -2.5508213869822254,-0.15668879761104917,0.004034151054406142,0.0015780100009144809,-1.0243283166517661e-07,0.9999705616424248,0.007509043411795083
2026-09-30T01:43:08.454 -2.5641663759958826,-0.15650377399454626,0.004055101876639482,0.0015748695147224305,8.250508729314866e-08,0.9999747328194152,0.0069320638156443095
2026-09-30T01:43:08.495 -2.577512795121822,-0.15633347274328738,0.004076189073354215,0.0015759024163137542,-1.0377749228457033e-07,0.9999784835446057,0.006367808052556822
2026-09-30T01:43:08.555 -2.590859690631547,-0.15617854949635265,0.0040974409390825755,0.001576088384005151,-2.6610328594710524e-08,0.9999818773545333,0.005810413746738518
2026-09-30T01:43:08.593 -2.604205870935171,-0.15603846779698802,0.00411854266491771,0.001577761814215814,-1.83062599330485e-08,0.9999849124152862,0.005261711646387463
2026-09-30T01:43:08.645 -2.6175518128045785,-0.15591275081403055,0.004139539708139401,0.001574957905914588,-4.627700283351668e-08,0.9999877125179609,0.00470045962523421
2026-09-30T01:43:08.684 -2.630898946387797,-0.155802054216542,0.004160657847783627,0.001578432676006485,5.542790401553874e-08,0.9999900905716603,0.004162608409011981
2026-09-30T01:43:08.740 -2.6442465565765985,-0.15570596076302018,0.004181806546031627,0.0015780072325021982,-5.499782714729863e-08,0.9999922332070205,0.0036115673615660067
2026-09-30T01:43:08.781 -2.6575944053745357,-0.15562464926444697,0.0042027172053813846,0.0015713766955652577,4.586761315200694e-08,0.9999941422048494,0.003040778069204239
2026-09-30T01:43:08.835 -2.6709422535690317,-0.15555758327592473,0.0042238960876274404,0.0015746146295221434,-1.3242966593846465e-07,0.9999956263798361,0.002503559456150168
2026-09-30T01:43:08.872 -2.684289147838115,-0.15550494159942194,0.004245118167800376,0.0015844624622221703,-2.031063465213048e-08,0.9999967479032479,0.001998414780192378
2026-09-30T01:43:08.926 -2.6976374727393093,-0.15546690307893377,0.004266148797298706,0.0015695510814691636,-1.3685315148915425e-07,0.9999977692885504,0.0014134805648394894
2026-09-30T01:43:08.978 -2.7109846052938082,-0.1554435272860424,0.004287222247797878,0.0015728020324075234,-1.7123710762235495e-07,0.9999983595230731,0.0008984680852710797
2026-09-30T01:43:09.020 -2.7243331680858973,-0.15543427781196106,0.004308357566968108,0.0015523580148057144,-1.7199036169366454e-07,0.9999987299297399,0.0003610034232709744
2026-09-30T01:43:09.058 -2.737681015636772,-0.155438916211128,0.0043293725483742615,0.0014756982468440074,5.94641895300987e-08,0.9999989068885089,-9.239301018498095e-05
2026-09-30T01:43:09.113 -2.751026955657697,-0.15545440263162405,0.004350414318119628,0.0014899778115120886,4.053176874465379e-08,0.9999987739393579,-0.0004817529455981768
2026-09-30T01:43:09.149 -2.7643752796223557,-0.15548139277856698,0.00437151946396723,0.001543805329898836,7.251916479410714e-08,0.9999983709024712,-0.0009353381751897253
2026-09-30T01:43:09.201 -2.777722411453269,-0.15551923095586062,0.004392563122193744,0.001569923881162835,-6.578354672221917e-08,0.9999978109928166,-0.0013832384386276949
2026-09-30T01:43:09.240 -2.7910702583751323,-0.1555682152107287,0.0044136228142810435,0.0015624661177363957,-1.1245118692281508e-07,0.9999972184269269,-0.0017668723857130844
2026-09-30T01:43:09.296 -2.8044188204949445,-0.15562733226422115,0.004434638935493117,0.0015661076975625016,-6.276703138399242e-08,0.9999964382049527,-0.002161222821447944
2026-09-30T01:43:09.337 -2.81776809761972,-0.15569693974418472,0.004455730695029007,0.0015680317033295512,-5.090294267593734e-08,0.9999955402181028,-0.0025418144070227583
2026-09-30T01:43:09.388 -2.8311168978099217,-0.15577620317060045,0.004476806801071636,0.001570285167043012,-1.030871213340286e-07,0.9999945228174797,-0.0029135098291619374
2026-09-30T01:43:09.426 -2.8444652209241883,-0.15586512254345192,0.004497956660476412,0.0015772183950971902,-1.0792054530398679e-07,0.9999933228323854,-0.0032964636760112126
2026-09-30T01:43:09.478 -2.8578140208544394,-0.15596316143296765,0.004519047670732623,0.0015732562763941863,-7.774523254941027e-08,0.9999921914066849,-0.0036251883177432775
2026-09-30T01:43:09.517 -2.8711616287235824,-0.15607002179491733,0.004540047390751134,0.0015746188102416946,3.3322649754128326e-08,0.9999908768516259,-0.003970741633205368
2026-09-30T01:43:09.569 -2.8845104283352097,-0.15618588247320855,0.004561198008492643,0.0015784258873328485,-9.465785270465545e-08,0.9999894411578237,-0.004315801729997948
2026-09-30T01:43:09.607 -2.8978587511959466,-0.15630990898185182,0.004582228664499183,0.001578312091208062,-5.1312680173792944e-08,0.9999880087209562,-0.004635875886746649
2026-09-30T01:43:09.672 -2.9112063584596743,-0.15644239934102008,0.004603407202420689,0.001576418716529532,-1.5705301846977128e-07,0.9999865778197371,-0.004935492313488173
2026-09-30T01:43:09.708 -2.9245553966044855,-0.15658281713600772,0.004624289980577697,0.0015729913382943475,-3.338746025751662e-08,0.9999852079147551,-0.005206692801828977
2026-09-30T01:43:09.760 -2.9379034804891018,-0.15673056629023796,0.004645484176067651,0.0015729253805302186,-9.808182307756462e-08,0.9999836564205492,-0.005496616916496032
2026-09-30T01:43:09.799 -2.951251802740811,-0.1568861236559403,0.004666648947514656,0.0015750352749488454,-1.5295037170669277e-07,0.9999819839604832,-0.005792324085832137
2026-09-30T01:43:09.849 -2.9646001252080003,-0.15704889318369541,0.004687620005287935,0.0015739257005531685,-3.457487053748712e-08,0.999980433466769,-0.006054373749663713
2026-09-30T01:43:09.891 -2.9779486857229456,-0.15721863645785764,0.0047087702548777284,0.00157462693302912,-3.873705239452476e-08,0.9999787622832313,-0.006324202124948467
2026-09-30T01:43:09.939 -2.99129653104186,-0.1573949362339559,0.004729829967789424,0.0015740108219826085,-2.9449749599414904e-08,0.999977092209769,-0.006583125824915907
2026-09-30T01:43:09.986 -3.004645568295949,-0.15757803095455838,0.004750936270065417,0.0015749859398569797,-7.008546043137188e-08,0.9999754806009643,-0.006823314162130558
2026-09-30T01:43:10.034 -3.017993651913667,-0.15776756296480288,0.004771966559821344,0.0015747211432502453,2.331720612097685e-08,0.9999739296809138,-0.00704700020090151
2026-09-30T01:43:10.080 -3.0313414968510775,-0.15796293622721133,0.004793115682708208,0.0015747594339298187,-8.86961578372581e-08,0.9999721995960362,-0.007288358373657144
2026-09-30T01:43:10.128 -3.0446907723644925,-0.15816426997212354,0.0048141776615048025,0.001575305835791231,4.307548161755733e-08,0.9999705288131662,-0.00751398141060268
2026-09-30T01:43:10.169 -3.0580393324074078,-0.1583715045678465,0.004835327917226875,0.0015757818756794478,7.54670664559533e-08,0.9999688581273434,-0.007733025731984211
2026-09-30T01:43:10.224 -3.07138717717356,-0.1585842227818887,0.004856447240665633,0.001576767683578977,1.498704626718059e-07,0.9999671870768658,-0.007945978431270468
2026-09-30T01:43:10.266 -3.084734068476519,-0.15880272263449963,0.004877386243479108,0.0015749262471718864,1.398355562129913e-07,0.9999657568979934,-0.008124323893080146
2026-09-30T01:43:10.315 -3.098082151293271,-0.1590259312689958,0.004898654957024452,0.0015778239753802964,5.974586294518628e-08,0.9999640247504609,-0.00833424719809521
2026-09-30T01:43:10.364 -3.1114299961911502,-0.15925438510929577,0.004919565667041058,0.0015780070056449333,7.669161040538273e-08,0.9999624737260301,-0.008518276445555603
2026-09-30T01:43:10.406 -3.124778317423163,-0.1594871900946154,0.0049407602534082265,0.0015777811806654007,3.609615270147333e-07,0.9999610423448152,-0.008684722165178443
2026-09-30T01:43:10.443 -3.1381271154552635,-0.15972476345752284,0.004961940693342838,0.001578688546082743,-3.637525065041854e-10,0.9999595504410838,-0.008854672446803753
2026-09-30T01:43:10.493 -3.1514754369296156,-0.15996638993030962,0.004982911764014372,0.0015783865058930074,2.3844652946829834e-08,0.9999581788055455,-0.00900829262038181
2026-09-30T01:43:10.531 -3.164823996674726,-0.16021224833586584,0.005003942816913413,0.0015790841017637453,2.159448814305979e-07,0.9999567467508569,-0.00916575805897255
2026-09-30T01:43:10.584 -3.178171364116231,-0.16046186181901487,0.005025076293599453,0.0015797601688394447,2.622335742988128e-07,0.9999553743749064,-0.009314162145950405
2026-09-30T01:43:10.629 -3.191519923645982,-0.16071546882837764,0.005046181853478736,0.0015798969019429978,1.2307657363648281e-07,0.9999540024397254,-0.009460281736693766
2026-09-30T01:43:10.675 -3.2048677677831225,-0.160972532898121,0.00506734588759864,0.0015803607660750453,2.4443676539767403e-07,0.9999527495476421,-0.009591722050819483
2026-09-30T01:43:10.718 -3.218216088854662,-0.1612330540432809,0.005088421269358665,0.0015805057658766358,2.9178217412478657e-07,0.9999514372754045,-0.009727542973025282
2026-09-30T01:43:10.772 -3.2315651252325095,-0.1614969726622088,0.005109438177999231,0.0015810960844987545,1.9686903001849615e-07,0.9999501246631389,-0.009861456348114452
2026-09-30T01:43:10.809 -3.2449120157839957,-0.16176393109100184,0.005130466595594254,0.0015794507926015014,7.283541700314812e-08,0.9999491120398697,-0.009963868017225288
2026-09-30T01:43:10.863 -3.258260098123447,-0.16203440620881487,0.005151660811157912,0.0015806903246257302,1.2422541253444738e-07,0.9999478585762857,-0.010088684095706511
2026-09-30T01:43:10.908 -3.2716084191286328,-0.16230768274796661,0.005172676590434002,0.0015803434749105036,1.8388368084637312e-07,0.9999467256585529,-0.010200409756778482
2026-09-30T01:43:10.957 -3.2849560246301603,-0.1625838799056824,0.005193825349575812,0.0015805413645564733,1.7506899968201114e-07,0.999945651959154,-0.010305096649083972
2026-09-30T01:43:11.002 -3.298303630195911,-0.16286246124919992,0.005214914504537318,0.0015803550063180597,6.075507246493897e-08,0.9999445785699814,-0.01040875912646653
2026-09-30T01:43:11.064 -3.311651712612325,-0.16314366520309628,0.005235974611572728,0.001579937725524668,1.652027140800902e-07,0.9999436246504737,-0.010500062744042929
2026-09-30T01:43:11.105 -3.3249995564581365,-0.16342761096763667,0.005257108847804407,0.0015795474840150233,3.5042700126728714e-07,0.9999426110744518,-0.010596206265948654
2026-09-30T01:43:11.157 -3.3383476386488424,-0.16371364289774032,0.0052782732636274836,0.001579515806184413,-3.9145939824004394e-08,0.9999416568604155,-0.01068587876891333
2026-09-30T01:43:11.203 -3.3516952441637025,-0.1640018801937189,0.005299317716740665,0.001579263618302553,5.90222230689643e-08,0.9999407624647753,-0.010769284460188261
2026-09-30T01:43:11.247 -3.3650423727701146,-0.16429208443696602,0.005320391218530635,0.0015783711369099214,1.2119910159862338e-07,0.9999399878576188,-0.010841099014610634
2026-09-30T01:43:11.287 -3.378390931864451,-0.16458401723292176,0.005341466982393549,0.0015777534239807044,1.799196416169969e-07,0.9999392130363461,-0.010912420737569819
2026-09-30T01:43:11.341 -3.391738775843351,-0.1648779765778137,0.0053624373076948525,0.0015773949440351439,-1.0136202556901711e-07,0.9999384380132,-0.010983260394907744
2026-09-30T01:43:11.379 -3.405086619798987,-0.16517378366669355,0.005383407633298383,0.001576086580845175,-3.3038898909816495e-07,0.9999378426593688,-0.011037516419378139
2026-09-30T01:43:11.427 -3.4184354171049542,-0.16547090206972967,0.005404573181829926,0.0015758908415504133,-4.716589824124314e-07,0.9999369482357645,-0.011118278678784095
2026-09-30T01:43:11.465 -3.4317837374789133,-0.16576998742003154,0.005425782680180827,0.0015762046078816973,-3.153958133397937e-08,0.9999362919660861,-0.01117710106187773
2026-09-30T01:43:11.516 -3.4451315813068346,-0.16607032446190576,0.005446797709953005,0.0015755350254724847,-1.630522125223461e-07,0.9999355768372867,-0.011240990367386287
2026-09-30T01:43:11.555 -3.458479663576144,-0.16637256885541982,0.005467783314717059,0.0015748739878892238,-3.398691486598608e-07,0.9999349213418942,-0.011299241248283824
2026-09-30T01:43:11.608 -3.471827507150748,-0.1666761841527318,0.005488932455308559,0.0015748218395135224,-3.693772717975218e-07,0.9999342057295662,-0.011362400627462285
2026-09-30T01:43:11.647 -3.4851753507985808,-0.1669814683801083,0.005510021991602766,0.0015748648384533517,-3.750466445454968e-07,0.9999334900442578,-0.011425204090528015
2026-09-30T01:43:11.702 -3.4985234326286383,-0.1672886599590946,0.0055312460154570975,0.0015752348127616147,-3.089952111549609e-07,0.999932774102755,-0.011487641636025935
2026-09-30T01:43:11.753 -3.5118705611217154,-0.16759722243294475,0.0055522450145369965,0.0015754944727067546,-3.9449131058306346e-07,0.9999320582505541,-0.01154974890728755
2026-09-30T01:43:11.792 -3.5252191198921747,-0.16790739425018938,0.005573380385953453,0.0015756585325308891,-1.5215528487270133e-07,0.9999320581209052,-0.011549737757041418
2026-09-30T01:43:11.835 -3.5385657711792295,-0.1682153606715447,0.005594617049286878,0.0015745028761845168,8.869575939210111e-08,0.9999331921427963,-0.011451296511873278
2026-09-30T01:43:11.890 -3.551913137993956,-0.16851849912570327,0.005615720732442608,0.0015715407866184782,5.192204932235017e-08,0.9999345661484396,-0.011331093552051644
2026-09-30T01:43:11.923 -3.5652638426437626,-0.1688195514593134,0.0056368594950527515,0.0015766185471523704,1.1867628080726753e-08,0.999936112724345,-0.011193066768439602
2026-09-30T01:43:11.976 -3.5786114477529836,-0.16911380882437554,0.005658112565146561,0.001573015544665505,-1.239859044474313e-07,0.9999389185846649,-0.010940051270985273
2026-09-30T01:43:12.014 -3.5919623909668146,-0.16939954276727587,0.0056792815045013205,0.00157071894694771,-8.342512393030301e-08,0.9999422005696261,-0.010636181737661678
2026-09-30T01:43:12.065 -3.605314287694869,-0.16967544195576303,0.005700630763818415,0.0015723792964631202,-1.5751515622255365e-07,0.999945777690039,-0.010294139264001979
2026-09-30T01:43:12.104 -3.6186661848302215,-0.1699414467732511,0.005721801207806316,0.0015730085176858947,-1.4033614675830441e-07,0.9999496539116446,-0.009910362564796337
2026-09-30T01:43:12.158 -3.632018082203901,-0.1701960074989541,0.005742912045352088,0.0015729602376032587,-3.2165935027915946e-07,0.999953828987013,-0.009479751589529366
2026-09-30T01:43:12.198 -3.6453711716328425,-0.17043846849675537,0.005764143974884488,0.0015751570759011246,-2.3078869147089093e-07,0.9999579427717056,-0.009035018976832444
2026-09-30T01:43:12.252 -3.658724738223864,-0.17066817410659826,0.005785272348262642,0.0015763487976383946,-2.663205523522423e-07,0.9999621767927381,-0.008553368244522186
2026-09-30T01:43:12.292 -3.6720787817305585,-0.1708841110494916,0.005806461077889064,0.0015775864139480403,-2.9532716567904966e-07,0.9999659337494877,-0.008102009721963637
2026-09-30T01:43:12.342 -3.685432348768373,-0.17108955756892924,0.005827500040443865,0.0015803220083362654,-8.80037799667759e-08,0.9999691528077915,-0.007693894671089374
2026-09-30T01:43:12.380 -3.6987840086428894,-0.1712842156236552,0.005848506183228629,0.0015800568537597001,-4.249697241318884e-08,0.9999722550679635,-0.0072795957737412575
2026-09-30T01:43:12.448 -3.7121359066093165,-0.1714673699848874,0.0058698107239481875,0.00158055302886005,-9.770990294936774e-08,0.9999751779062662,-0.006866252503721756
2026-09-30T01:43:12.486 -3.7254870898366974,-0.17163949747787569,0.005890875713687936,0.0015816020504649108,-2.98318923709673e-07,0.9999779214862023,-0.006454074294547398
2026-09-30T01:43:12.542 -3.7388389882722723,-0.17180035970198554,0.005912061041620729,0.0015802235919376289,-2.3901017256365406e-07,0.99998060749371,-0.006023913167786065
2026-09-30T01:43:12.583 -3.752189933457781,-0.17195007584554928,0.005933066046159453,0.0015793980016141364,-8.976843788874702e-09,0.9999831142576595,-0.005592557689049316
2026-09-30T01:43:12.632 -3.76554230906521,-0.17208804989207607,0.00595422232199347,0.001581355099803215,-1.1560879419138195e-07,0.9999853206647099,-0.00518244837238547
2026-09-30T01:43:12.676 -3.778893969656122,-0.17221457983781274,0.005975317860490252,0.0015770538015546156,-1.4804747621532113e-07,0.9999875919198326,-0.004725347358626788
2026-09-30T01:43:12.727 -3.7922458686908485,-0.17232972529938625,0.005996488279802803,0.0015801731054131778,-2.296180733058738e-07,0.9999894397785795,-0.004315481922945252
2026-09-30T01:43:12.770 -3.8055984833881698,-0.17243306905033035,0.006017495915511861,0.0015766137896662715,-1.476092886027818e-07,0.9999912931812536,-0.0038636576738445283
2026-09-30T01:43:12.817 -3.818950621185474,-0.17252461107558184,0.00603863690564361,0.0015777795052268882,-2.5142476691920946e-07,0.9999928446592354,-0.0034382033244169654
2026-09-30T01:43:12.856 -3.8323025208028234,-0.1726047090060466,0.006059717912368193,0.0015753419485286162,-1.528313513196546e-07,0.9999942799003377,-0.0029930693822891167
2026-09-30T01:43:12.906 -3.8456551356388737,-0.17267270720260616,0.006080919257149333,0.0015639259759032604,-1.9379684100268544e-07,0.9999956032092755,-0.002519463756745428
2026-09-30T01:43:12.947 -3.8590079891352835,-0.17272896328715856,0.006102061372404633,0.0015705470021385656,-2.981019651686796e-07,0.9999965542679818,-0.002103528984525151
2026-09-30T01:43:12.999 -3.872360843132186,-0.17277353686137692,0.006122979968610558,0.0015549754060776755,-2.336647517440446e-07,0.9999974636331237,-0.0016293491802662687
2026-09-30T01:43:13.039 -3.8857134585598643,-0.1728057722710905,0.006144091900686739,0.0015379766972321398,-2.377839498950023e-08,0.9999981356293521,-0.0011676324327639907
2026-09-30T01:43:13.094 -3.899065835481496,-0.1728262655627552,0.0061653524653029635,0.0015478938303256197,-2.3675604177323403e-07,0.9999984877771947,-0.0007927597100808942
2026-09-30T01:43:13.146 -3.9124174976423194,-0.1728374605208743,0.0061863734792221075,0.0014598254034655714,-1.0292716677801669e-07,0.9999988579514221,-0.00039115934440806037
2026-09-30T01:43:13.186 -3.925770113560771,-0.1728400724221505,0.006207410900740071,0.0015565853281392405,-5.834319024717803e-08,0.9999987832751573,-0.00010242225214024362
2026-09-30T01:43:13.222 -3.939122491251693,-0.1728331475772699,0.006228403240305413,0.0014501655794458659,-1.1861071273990272e-07,0.9999989289016996,0.00019802836109790626
2026-09-30T01:43:13.276 -3.9524748687717066,-0.17281734164028567,0.006249574392128937,0.0015285861273329475,-1.879368262230705e-09,0.9999986901945107,0.0005320091298827233
2026-09-30T01:43:13.313 -3.9658265312354306,-0.17279325064868412,0.006270684807131934,0.0015476077303310442,-3.3595254467676955e-09,0.9999984387581358,0.0008528725602769257
2026-09-30T01:43:13.367 -3.97917843238667,-0.1727608746144803,0.006291691289746843,0.0015473122118418601,-6.55240184817103e-08,0.9999981428324822,0.0011489806357367408
2026-09-30T01:43:13.410 -3.992530571894079,-0.17272033274692547,0.006312802455989119,0.001560002991399047,4.8676601001498555e-08,0.9999977175244241,0.0014599097940341873
2026-09-30T01:43:13.457 -4.005882472912841,-0.17267228069110868,0.006334017552035932,0.0015776195771632123,-6.732825180987711e-09,0.9999971691783032,0.0017812220102911111
2026-09-30T01:43:13.491 -4.019234135841228,-0.17261689726101076,0.006355083258492869,0.0015776638383384876,3.418986593844764e-08,0.9999966344539213,0.0020596256073779702
2026-09-30T01:43:13.546 -4.032586395048986,-0.17255418246712667,0.006376060499307828,0.001562526390454472,5.5920065554732774e-08,0.999996170995829,0.002283966934234228
2026-09-30T01:43:13.586 -4.045938177222258,-0.17248473234234732,0.006397215798801868,0.0015730339904648102,-4.9666388550108195e-08,0.9999954492607401,0.0025743002686646845
2026-09-30T01:43:13.637 -4.059289720997372,-0.1724080700525408,0.00641841542357892,0.00157625139283645,1.6949055295496462e-07,0.9999947331156266,0.0028371063647027665
2026-09-30T01:43:13.675 -4.072641741972069,-0.17232503007178002,0.006439436987532053,0.001575762111120955,9.488971105152692e-08,0.9999940197663253,0.0030785394826812937
2026-09-30T01:43:13.725 -4.08599364376705,-0.17223591041574632,0.006460488164293383,0.001573187929199986,2.0946039323072534e-08,0.9999933079577475,0.003302895617600796
2026-09-30T01:43:13.770 -4.0993447109891115,-0.17214047265683907,0.006481657229784212,0.0015760430615700907,1.394071951255436e-07,0.9999924727624813,0.0035454910276419655
2026-09-30T01:43:13.832 -4.1126963746617635,-0.17203907444099734,0.006502618620716751,0.0015741995470040767,6.911365298022597e-08,0.9999917006952466,0.003757716914537098
2026-09-30T01:43:13.874 -4.126047799755578,-0.17193171575764946,0.006523728645135013,0.0015739582500373431,6.0962845803229475e-09,0.9999908677777669,0.003973287869732282
2026-09-30T01:43:13.926 -4.139399105855156,-0.17181851581762958,0.00654474907325992,0.0015758388954969105,3.789563983509186e-08,0.9999899735953103,0.004191591657691984
2026-09-30T01:43:13.960 -4.152750292579782,-0.17169977264411784,0.006565918323421309,0.0015763068459764694,1.9219659981870614e-07,0.9999890804632194,0.004399342111675207
2026-09-30T01:43:14.015 -4.166101956343118,-0.1715762015003995,0.0065869989198676735,0.0015783972454264641,1.1440071249620351e-07,0.9999881264645393,0.004610378733166561
2026-09-30T01:43:14.055 -4.1794529049905815,-0.17144720632501015,0.006608033681104045,0.0015777530880725235,2.157033199774635e-08,0.9999872340990558,0.004800243130621429
2026-09-30T01:43:14.105 -4.192804449487623,-0.17131320436693426,0.0066292332965023175,0.0015786647558592105,5.938985552091837e-08,0.999986280927055,0.00499457458269731
2026-09-30T01:43:14.144 -4.206156113398204,-0.17117419562021485,0.006650343692708761,0.0015791909805799567,1.657004765808729e-08,0.9999853280143495,0.005181690060283739
2026-09-30T01:43:14.197 -4.219507539018217,-0.17103065691749936,0.006671409007781523,0.0015776363683773166,1.9221032971516903e-07,0.9999844362422338,0.005351479865809615
2026-09-30T01:43:14.243 -4.2328590839833415,-0.17088193261219792,0.0066924298070609135,0.0015778494497971885,1.0143358064748349e-07,0.9999834835014674,0.005526582612644072
2026-09-30T01:43:14.289 -4.246210271092352,-0.17072891676793758,0.006713628853901622,0.0015778888699606844,7.984721570407508e-08,0.9999825308643024,0.005696335043907547
2026-09-30T01:43:14.334 -4.259561696885718,-0.1705716093922801,0.006734694166722307,0.0015777769144744058,4.791898362851148e-08,0.9999815783160326,0.005861198561932661
2026-09-30T01:43:14.391 -4.272912884099041,-0.17041030850239663,0.006755893212207871,0.001578937426527244,2.0926225297748266e-07,0.9999805651899036,0.006031268443723233
2026-09-30T01:43:14.427 -4.286263833327331,-0.17024453726119743,0.006776853461716113,0.0015774224363417535,-2.663943663523925e-08,0.9999796732398999,0.00617777026763279
2026-09-30T01:43:14.482 -4.299615259110367,-0.17007495132869804,0.00679802308052643,0.0015773988708035554,1.4198731179251214e-07,0.9999787205428878,0.006330108544971984
2026-09-30T01:43:14.529 -4.31296620829185,-0.16990166990224131,0.006819072735661676,0.0015768031954895682,1.7372794267731717e-07,0.9999775300882049,0.006515597466551164
2026-09-30T01:43:14.568 -4.326317395806241,-0.16972207038642148,0.006840227074726515,0.0015772383718225982,1.5325332633005684e-07,0.9999761005902058,0.00673131246500671
2026-09-30T01:43:14.608 -4.339669179512058,-0.16953651041363704,0.006861337651801314,0.0015756828640629582,5.3049796920099925e-08,0.9999747321758424,0.006931971823465416
2026-09-30T01:43:14.661 -4.3530198903635355,-0.1693449899628624,0.006882476333843665,0.0015757137559413747,2.694354030880691e-07,0.9999730647096188,0.007168471339087684
2026-09-30T01:43:14.704 -4.366370720499947,-0.16914744944446672,0.006903615203383858,0.0015760252886478643,1.686467314199796e-08,0.9999715160817112,0.007381271539069473
2026-09-30T01:43:14.753 -4.379721670090265,-0.16894543857923602,0.006924635051534829,0.0015738215285599109,5.9236538652556394e-08,0.9999702671820186,0.007549028925315872
2026-09-30T01:43:14.789 -4.393072738784838,-0.1687386593439054,0.006945759395386357,0.0015737212542167396,-4.049072718517407e-08,0.9999690165951289,0.007712927536500942
2026-09-30T01:43:14.839 -4.4064236882846854,-0.1685269925261972,0.006966913352241064,0.0015745474037510206,-1.5166589152982367e-07,0.9999679439247473,0.007850600191306997
2026-09-30T01:43:14.881 -4.419773088409059,-0.16831425280541032,0.006987856242651597,0.0015714658057443876,6.919848710530602e-08,0.9999673507914426,0.007926401854614776
2026-09-30T01:43:14.938 -4.433123918876398,-0.16809978456791347,0.007008920603710163,0.0015714630641064378,2.692853380310667e-08,0.9999669338909718,0.007978823755818846
2026-09-30T01:43:14.982 -4.446473914960941,-0.16788448185489205,0.007029938941826909,0.0015721232132863863,-5.658366939401896e-08,0.9999665760218536,0.008023419952211648
2026-09-30T01:43:15.038 -4.459824030167888,-0.16766858309691282,0.007051017072898954,0.0015724038254693706,-2.3097235298441123e-07,0.9999663971258558,0.008045630198548828
2026-09-30T01:43:15.079 -4.473174622092845,-0.16745274394956816,0.0070721704636236594,0.0015737965570653942,-1.5388311288092455e-07,0.9999662769077539,0.00806028607548502
2026-09-30T01:43:15.129 -4.486524856622232,-0.1672372028209721,0.007093174277523876,0.0015737085168347647,-6.859780925850387e-08,0.9999663960936153,0.008045503405416715
2026-09-30T01:43:15.172 -4.499874971842984,-0.16702207892337767,0.007114237507580092,0.0015736241071305991,-1.0989517328804541e-07,0.9999666343923146,0.008015847382807998
2026-09-30T01:43:15.233 -4.513225205997952,-0.16680820672479418,0.007135464838891811,0.0015742649445409816,3.66501949061955e-08,0.9999669316742065,0.007978549238800934
2026-09-30T01:43:15.275 -4.526575559696706,-0.16659582464387182,0.007156468841791256,0.001574638131620989,-1.2675524195143508e-07,0.9999673482815962,0.007926088910128092
2026-09-30T01:43:15.324 -4.539926032488595,-0.16638517109913775,0.007177532638026219,0.0015751779490313631,-3.255339255355117e-07,0.9999678838689553,0.007858119683894013
2026-09-30T01:43:15.366 -4.553276504998808,-0.1661763056937167,0.007198760347121911,0.0015770407449173954,-3.363859259481541e-07,0.9999680610657964,0.0078351637307451
2026-09-30T01:43:15.420 -4.566627335440476,-0.16596761910676805,0.007219794906841017,0.0015787322303506173,-2.1757032351223123e-07,0.999968238397738,0.00781215720672655
2026-09-30T01:43:15.464 -4.57997697350126,-0.16575946894658103,0.0072410063955335065,0.0015786617751961357,-3.810427022935961e-08,0.9999684171232752,0.007789260746042318
2026-09-30T01:43:15.517 -4.593327327089856,-0.16555209365581394,0.007262040201537023,0.001578736904300478,-8.151474466613081e-08,0.999968595733222,0.007766282064695472
2026-09-30T01:43:15.559 -4.606676846093665,-0.16534495677310626,0.007283147193914755,0.0015793437803546964,-7.011514164387306e-08,0.9999686548094316,0.007758548307158939
2026-09-30T01:43:15.606 -4.620026961347714,-0.16513841594437523,0.0073041210185194536,0.0015785370065369683,-3.977710102337297e-08,0.9999687745603323,0.007743263215539475
2026-09-30T01:43:15.649 -4.633377076174675,-0.164932113534174,0.0073253630637293765,0.0015795603005258907,-3.0153834032934504e-07,0.999968833306953,0.007735464038929977
2026-09-30T01:43:15.703 -4.646727191115687,-0.1647261091472103,0.007346530603275206,0.0015794440461042363,-2.2039157524542412e-07,0.9999688929550998,0.007727773198583969
2026-09-30T01:43:15.746 -4.660077306226873,-0.1645196875277524,0.0073675938347548126,0.0015805550168751768,-4.958710217730592e-08,0.9999685347383293,0.0077737622240013765
2026-09-30T01:43:15.800 -4.673427182636008,-0.1643114777659141,0.007388850403830293,0.0015796917273482576,1.347441702442407e-07,0.9999679994114996,0.00784249494686984
2026-09-30T01:43:15.837 -4.686777297900721,-0.1641003473795302,0.007409854029969436,0.001579982426408752,-3.1704770076038834e-08,0.9999674036106374,0.007918040902383594
2026-09-30T01:43:15.889 -4.700127293629155,-0.16388713082903747,0.00743108098442336,0.0015797367732423358,-1.1407906195461551e-07,0.9999669273450535,0.007978010266152786
2026-09-30T01:43:15.939 -4.71347824339087,-0.1636733778487897,0.007452085929511162,0.0015783643964682262,-5.145018912396443e-08,0.9999667497576276,0.008000509046037364
2026-09-30T01:43:15.983 -4.726829312004274,-0.16345807514923497,0.007473329481109092,0.0015805081851816454,-4.6469743345486236e-08,0.999966331155848,0.008052238731388528
2026-09-30T01:43:16.021 -4.740179308075013,-0.16324199757582877,0.007494362720241666,0.0015793947014851816,-3.2812850059601e-08,0.9999660938040453,0.008081878163833064
2026-09-30T01:43:16.076 -4.753529304156259,-0.1630250855373958,0.00751539595923775,0.0015783613079294512,-1.377708980014898e-07,0.9999658563882063,0.008111401442663722
2026-09-30T01:43:16.122 -4.766879419269418,-0.1628072794307703,0.007536548595710659,0.0015783170124402223,1.791931031458222e-07,0.9999655586304897,0.008148034621223403
2026-09-30T01:43:16.172 -4.780016865269404,-0.16259185483241206,0.007557350078619019,0.0015776171708659968,-1.203213232202481e-07,0.9999652613904364,0.008184566964971956
2026-09-30T01:43:16.214 -4.792876673320035,-0.16238036064513806,0.007577593377246073,0.0015766388668427623,-5.207298018743924e-09,0.9999650834876684,0.008206461806650944
2026-09-30T01:43:16.264 -4.805813132612132,-0.16216701967889618,0.007598121782398165,0.0015773606757548307,7.969227649158471e-08,0.9999647851212082,0.008242599759083225
2026-09-30T01:43:16.303 -4.818978712025114,-0.1619490324350175,0.007618952845618965,0.0015764000531778104,-8.211576197560249e-09,0.9999646072035017,0.008264339248784652
2026-09-30T01:43:16.356 -4.832263858356124,-0.16172848369678536,0.007639898450673171,0.0015772954543861572,1.82754434423419e-07,0.9999642491385968,0.008307381278037328
2026-09-30T01:43:16.395 -4.845590727814594,-0.16150614734449864,0.00766096962888644,0.0015760925146289836,-1.1275743905036012e-07,0.9999640714115532,0.008328974630957053
2026-09-30T01:43:16.446 -4.85871959118971,-0.16128625228976473,0.007681519122041226,0.0015741647729684506,-3.701289297212144e-07,0.9999638942575765,0.008350580001009411
2026-09-30T01:43:16.481 -4.871576537919344,-0.16107064534594004,0.007701981413553672,0.0015747763464763296,-1.122608445902384e-07,0.9999636555343444,0.008379002914255503
2026-09-30T01:43:16.533 -4.884298778490645,-0.16085646721764496,0.007722111510914319,0.0015751163183132268,-2.325803542778112e-08,0.9999634170253974,0.008407355081985594
2026-09-30T01:43:16.571 -4.896973216076538,-0.16064246730142742,0.007742240532527371,0.0015755684625345001,7.186242987637293e-08,0.9999631784271062,0.008435601577479206
2026-09-30T01:43:16.637 -4.909417818492446,-0.1604317427470338,0.007761946555811829,0.0015750806233619705,-9.561669664603107e-08,0.9999630001322481,0.008456801259019087
2026-09-30T01:43:16.675 -4.921579061103482,-0.1602253657642186,0.007780966138581821,0.0015744417160066422,-1.792266097850988e-07,0.9999628815169856,0.008470933921222853
2026-09-30T01:43:16.722 -4.933601782195742,-0.16002107319992157,0.007800064727858587,0.001575598551138626,1.1905704004462803e-07,0.9999626423598428,0.008498904277178441
2026-09-30T01:43:16.761 -4.945575269957832,-0.159816958829711,0.00781905567159957,0.0015757272636922443,3.0807551559281554e-08,0.9999624635762124,0.008519889798679098
2026-09-30T01:43:16.814 -4.9575315916302465,-0.15961260582480086,0.007838004572676404,0.001575457276007717,3.04246798490197e-07,0.9999623446683981,0.008533884201171304
2026-09-30T01:43:16.853 -4.969268687749934,-0.15941123029206689,0.007856547250319996,0.0015763311181765756,-1.1111476627252913e-07,0.9999617483680385,0.00860331220689681
2026-09-30T01:43:16.902 -4.980725642634565,-0.1592128314645938,0.007874468180823144,0.0015747549578281458,-3.817296612684396e-08,0.9999614518091173,0.008637999920333381
2026-09-30T01:43:16.940 -4.992046221790012,-0.1590163978733675,0.007892456609356321,0.00157587846735387,-6.711583246755626e-08,0.999961212674975,0.008665434359875414
2026-09-30T01:43:16.988 -5.003317984821467,-0.15882032129541218,0.007910352953214343,0.0015771678946067665,2.1814063517432589e-07,0.9999609734089983,0.008692767126368685
2026-09-30T01:43:17.025 -5.01457240323301,-0.15862394647589412,0.007928028157963877,0.0015769943597348463,1.2467403559037248e-07,0.9999607948615455,0.008713313298641548
2026-09-30T01:43:17.078 -5.025607774622064,-0.15843060873541542,0.007945476235724508,0.0015762819803057278,-2.8924312756431876e-08,0.9999601998071249,0.00878146552760741
2026-09-30T01:43:17.112 -5.036363183097256,-0.15824006888845715,0.007962615773033156,0.001577406922733843,-6.134421195544858e-08,0.9999593054839999,0.008882520101465006
2026-09-30T01:43:17.166 -5.046982276104974,-0.15804982534851636,0.007979420571490774,0.0015780219344059625,1.7696765003697783e-07,0.9999585306828902,0.008969211852710294
2026-09-30T01:43:17.207 -5.057552195381542,-0.15785832949193518,0.007996132719562454,0.0015787299062244098,9.153471605021714e-08,0.9999575771131414,0.009074777456825493
2026-09-30T01:43:17.256 -5.068104471590965,-0.15766468764599922,0.008012906378725919,0.0015800475894844211,1.6424761539253363e-07,0.9999563847979089,0.009204996006758977
2026-09-30T01:43:17.304 -5.078438357064752,-0.15747217553879583,0.00802906651753558,0.0015779577015680138,-1.578923262218208e-07,0.9999553738603119,0.009314522926649072
2026-09-30T01:43:17.342 -5.088493590717685,-0.15728210371372905,0.008045054299425572,0.0015795469887408338,-1.324549807610814e-07,0.9999540621794712,0.00945402359140685
2026-09-30T01:43:17.384 -5.098410839861877,-0.15709197054678542,0.008060779209363633,0.0015792970409328902,1.727299188972034e-07,0.9999527519408075,0.009591647764223122
2026-09-30T01:43:17.434 -5.108279570981318,-0.15689986981572435,0.008076382703167474,0.0015797832329163188,5.946027485794832e-08,0.9999513815414683,0.00973338780910304
2026-09-30T01:43:17.472 -5.1181311359939805,-0.15670514626416748,0.008091973956202335,0.0015805593490450349,8.298251007277755e-08,0.9999498917665527,0.009885129649995111
2026-09-30T01:43:17.526 -5.127762700689949,-0.15651143322176195,0.008107113056918157,0.001579025544324121,-1.0065705849079339e-07,0.9999482846698403,0.010046624515941661
2026-09-30T01:43:17.567 -5.136959211337444,-0.15632391358501574,0.0081216984019819,0.0015797257158787228,-5.175334231988181e-08,0.9999466757898665,0.010205392861410973
2026-09-30T01:43:17.621 -5.145742781601946,-0.15614127633019362,0.008135541437547631,0.0015790947905155838,-1.0280763809110411e-07,0.9999449488105457,0.010373321932125213
2026-09-30T01:43:17.661 -5.154517053273469,-0.15595655279570225,0.008149563485989131,0.0015805000108513134,1.1343910177445346e-07,0.9999431606346342,0.010544075100327462
2026-09-30T01:43:17.712 -5.163488556944031,-0.15576396393131034,0.00816365895918852,0.0015814859141458917,9.201272864802581e-08,0.9999411344945259,0.010734358299189353
2026-09-30T01:43:17.752 -5.172568719552318,-0.15556619083082315,0.008178090145923049,0.0015810668416518544,2.6496980979247774e-07,0.9999390498745541,0.010926882608783477
2026-09-30T01:43:17.805 -5.181687506099975,-0.1553636498450451,0.0081925078945006,0.0015807098759685534,8.787223647602674e-08,0.9999368460426156,0.011126782222508387
2026-09-30T01:43:17.843 -5.190819763381666,-0.15515681749444576,0.00820691713861559,0.0015804930381932345,1.2641735596622174e-07,0.9999344633629061,0.011338916212639737
2026-09-30T01:43:17.892 -5.199744000753488,-0.15495051896666195,0.008220967678539437,0.0015788532126242744,-5.75528349173443e-08,0.9999320817842574,0.011547252536042305
2026-09-30T01:43:17.931 -5.2083934012964805,-0.1547471972108806,0.008234658178218545,0.001579330662508973,1.3124481889521526e-08,0.9999296389348745,0.011756823305209522
2026-09-30T01:43:17.992 -5.216906009237411,-0.1545435161049852,0.0082482068998627,0.0015788258026330436,9.073772735673997e-08,0.9999270181193588,0.011977718647737215
2026-09-30T01:43:18.030 -5.225370576072088,-0.15433697337131244,0.008261590255728762,0.0015792186266442665,1.7070648792252697e-07,0.9999243369947168,0.012199440732111362
2026-09-30T01:43:18.078 -5.2338182151779,-0.15412727137833715,0.008274991549988274,0.001579204164917044,1.1326414745753693e-07,0.9999215965928513,0.012422028070965832
2026-09-30T01:43:18.117 -5.242259476928448,-0.15391351618925453,0.00828820394605931,0.0015788905003092577,-1.2453772061207804e-07,0.999918737252977,0.012650138148841967
2026-09-30T01:43:18.167 -5.250484910227821,-0.1537013080036042,0.008301253908495971,0.0015772133976279027,-1.8750504388442046e-07,0.9999157598149603,0.01288354266240315
2026-09-30T01:43:18.204 -5.258277256903293,-0.1534969621784883,0.008313440301521147,0.0015774945324886025,-5.388392486100173e-08,0.9999128403780141,0.013108133283172509
2026-09-30T01:43:18.255 -5.2656569606990935,-0.15329946569226863,0.008325197780570266,0.0015770406400747727,-1.9684739812437644e-07,0.9999097427690027,0.013342385783957602
2026-09-30T01:43:18.296 -5.27302718742255,-0.15309952529629806,0.008336925373716922,0.0015777112187374976,3.33203556166312e-08,0.9999067633992028,0.013563750802774338
2026-09-30T01:43:18.350 -5.280595361083554,-0.15289064669578797,0.008348936138337046,0.0015778101969501988,2.6494856799482494e-07,0.9999035461492372,0.013798873616814245
2026-09-30T01:43:18.387 -5.288271002080843,-0.15267509372810942,0.008360982708572032,0.0015773215688787492,-1.0969318520598706e-08,0.9999000910274606,0.014047064460029023
2026-09-30T01:43:18.440 -5.295985445668543,-0.15245459406343792,0.00837312043134255,0.0015770507213761793,1.0453632726700863e-07,0.9998965165494251,0.014299269328770771
2026-09-30T01:43:18.479 -5.303713598198015,-0.1522296838276326,0.008385384136879158,0.0015767275236617225,3.417836060211215e-08,0.9998927037697001,0.014563477552898151
2026-09-30T01:43:19.389 -5.311446280825352,-0.15200030330051298,0.008397595399449983,0.0015761779533813257,-5.930648937503359e-08,0.9998893677740673,0.014790803745291918
2026-09-30T01:43:19.423 -5.318967844022777,-0.15177425797548533,0.008409472860027547,0.0015748439417350264,-8.316435541174669e-08,0.9998857940583702,0.015030592364070918
2026-09-30T01:43:20.660 -5.326213139797495,-0.15155226228804758,0.008421032722173347,0.0015752017150253558,4.0534222555025256e-08,0.999881801920121,0.015293819945566486
2026-09-30T01:43:20.709 -5.333322239304876,-0.15133127816486538,0.008432258034067629,0.0015760135145114786,1.03851989514029e-07,0.9998779285558529,0.015544908113216243
2026-09-30T01:43:20.758 -5.340382522816277,-0.15110796884595043,0.008443331656277761,0.0015757955815136437,-4.631743817782529e-08,0.9998739368190165,0.015799599308997506
2026-09-30T01:43:20.801 -5.347426116734373,-0.15088150027070188,0.008454602407557204,0.001576211624875991,1.0685970025292614e-07,0.9998698253927247,0.016057640736559315
2026-09-30T01:43:20.852 -5.3544626181717145,-0.15065193216467354,0.00846559372305364,0.001575582641143026,2.0312646214704622e-08,0.9998663105836947,0.016275088297498356
2026-09-30T01:43:20.885 -5.361496139345883,-0.15041950299816662,0.00847662502944687,0.001574631156914009,7.990411882200617e-08,0.9998630939211949,0.01647161045706599
2026-09-30T01:43:20.939 -5.368528766385774,-0.15018480884389104,0.008487714526421017,0.0015749246297328593,2.0672368579751806e-09,0.9998597570952164,0.016672904783079184
2026-09-30T01:43:20.977 -5.3755609162975295,-0.14994707484669048,0.008499011884963834,0.001575357524027917,2.7990838223666647e-08,0.9998563009789719,0.016878851895743133
2026-09-30T01:43:21.030 -5.382380337795872,-0.14971374891496733,0.008509749380036362,0.0015749937927106656,-1.2752488569267208e-07,0.9998523092325544,0.01711371137028373
2026-09-30T01:43:21.068 -5.388923193898328,-0.14948614154714363,0.00852012410231611,0.0015750440958389937,2.2281012217785938e-08,0.999848078806457,0.01735910548192708
2026-09-30T01:43:21.123 -5.395329794211859,-0.14926043981250756,0.008530104575679043,0.0015753438125183906,6.32256000495065e-08,0.9998439673282952,0.017594297061365217
2026-09-30T01:43:21.160 -5.4016879952751875,-0.14903360498023246,0.008540232042092994,0.0015756612578418931,8.481692223143221e-08,0.999839617482049,0.0178397478946107
2026-09-30T01:43:21.214 -5.408026646146624,-0.1488020015302409,0.008550298794308929,0.0015752476483175746,-1.3781866471673614e-06,0.9998360427837761,0.018039017252224118
2026-09-30T01:43:21.251 -5.414359038817905,-0.1485706364200663,0.008560176837520854,0.0015750935613703435,-2.144169234830323e-07,0.9998327062026972,0.018223026302405926
2026-09-30T01:43:21.301 -5.420688213455115,-0.1483355161768137,0.008569692163668957,0.0015749452502974855,-1.945113755519223e-06,0.9998293100214312,0.018408431919747538
2026-09-30T01:43:21.345 -5.427017028799627,-0.14809979988241667,0.008580264905394352,0.0015753824748553742,-1.643327322807018e-07,0.9998259729496609,0.018588759649178204
2026-09-30T01:43:21.406 -5.433344593395236,-0.14785997085187538,0.00859026942396302,0.0015759754901156886,-9.088441807020513e-07,0.9998224569899432,0.01877686872250023
2026-09-30T01:43:21.446 -5.439459846675407,-0.14762770893822638,0.008599774343837198,0.0015754376825404756,-4.937531394912839e-07,0.9998184056485352,0.018991411803390975
2026-09-30T01:43:21.496 -5.44529656736622,-0.14739985426149774,0.008609077293310813,0.0015753864362185275,-8.462555317916e-08,0.9998141155666986,0.01921594315014427
2026-09-30T01:43:21.535 -5.45099816442119,-0.1471779583480264,0.008618166598825302,0.0015763787546853878,9.571766051405238e-08,0.9998097650579248,0.01944090339541126
2026-09-30T01:43:21.584 -5.456650528179757,-0.14695355841962685,0.00862714825836529,0.00157603199850498,1.2239331071502812e-07,0.9998064881320721,0.01960873305793987
2026-09-30T01:43:21.619 -5.4622852491346885,-0.14673040996666004,0.008635997714699386,0.0015767095323559622,1.7832896800290908e-08,0.9998030912158483,0.019781121866180473
2026-09-30T01:43:21.674 -5.46791317494922,-0.14650410238194148,0.008645000339581498,0.0015770953787232252,-1.3186115204328832e-07,0.9997998136926469,0.019946060019407807
2026-09-30T01:43:21.721 -5.473539372497131,-0.14627725833368765,0.008653836318811108,0.001577033103194205,4.4129659429405417e-08,0.9997967152733062,0.02010077349996889
2026-09-30T01:43:21.767 -5.4791639009623605,-0.14604773205538535,0.008662788867987296,0.0015774450821904415,-9.747186056839314e-08,0.9997934972992132,0.020260168439861902
2026-09-30T01:43:21.804 -5.484789144974915,-0.14581743092573893,0.008671563734221035,0.0015774050023274419,-1.1633163516733386e-08,0.9997904584336303,0.020409581537353352
2026-09-30T01:43:21.861 -5.490413196672921,-0.14558426875810493,0.00868050062772988,0.0015776570240552653,-1.1723432563238715e-07,0.999787300157388,0.020563692331432244
2026-09-30T01:43:21.898 -5.496038023231842,-0.1453509873909369,0.008689438746355593,0.0015778339230488147,-8.749902776511249e-08,0.9997842015198825,0.020713783607894956
2026-09-30T01:43:21.949 -5.50144958474398,-0.1451224121056944,0.008697935362528978,0.001577409358330041,-1.472706082305056e-07,0.9997803287240705,0.020899906126198155
2026-09-30T01:43:21.988 -5.506585951766988,-0.14490503902893834,0.008706026670927763,0.0015772039930404028,-9.827436094897813e-08,0.9997761578101519,0.021098499992290846
2026-09-30T01:43:22.040 -5.511585883919194,-0.14469028683882576,0.0087138873603712,0.0015780591254946148,-1.004187653582044e-07,0.999772164807099,0.021286808269756787
2026-09-30T01:43:22.089 -5.516537774576768,-0.14447732218318968,0.008721791300792942,0.0015779548470152055,-8.367861139637939e-08,0.999768947185731,0.021437404265187636
2026-09-30T01:43:22.129 -5.521471009113847,-0.14426310559514044,0.008729606138925624,0.0015787834485619797,-8.07879314488557e-08,0.9997659671691891,0.021575873865782944
2026-09-30T01:43:22.171 -5.526398521682863,-0.14404888893505835,0.00873736722646974,0.0015789780862303137,2.6787089321834015e-08,0.9997629876484055,0.02171348328888785
2026-09-30T01:43:22.251 -5.531323173196345,-0.14383193042528802,0.008745168493412668,0.0015788837675668114,-1.0123481479251799e-07,0.9997601275256831,0.021844782806618446
2026-09-30T01:43:22.289 -5.536247526803276,-0.14361509112106885,0.008752894783455957,0.0015791610152703659,-3.7803833537530856e-08,0.9997572075165787,0.021977995111908677
2026-09-30T01:43:22.360 -5.541171105552749,-0.14339622524916915,0.008760634749173976,0.0015790901425485838,6.224902948127719e-08,0.9997543473654051,0.022107722593947405
2026-09-30T01:43:22.397 -5.546095399516698,-0.14317682294446615,0.008768405647984492,0.0015794699166670194,-4.463328951269875e-08,0.9997514868531231,0.022236677129238474
2026-09-30T01:43:22.448 -5.551018709847523,-0.14295497683692365,0.008776294200555063,0.001579398118824584,-6.033036841954387e-08,0.9997485671053474,0.022367567422122234
2026-09-30T01:43:22.487 -5.555942854876435,-0.142733249949204,0.008784035061097076,0.001579679023839871,-1.4302858283852767e-07,0.9997458258378483,0.02248973841465801
2026-09-30T01:43:22.542 -5.5608661354136855,-0.1425088408415584,0.008791938467270367,0.0015797354306311957,1.8962627632632093e-08,0.9997429059794564,0.02261915957149624
2026-09-30T01:43:22.582 -5.565790340100745,-0.14228472976880113,0.008799664520521102,0.0015799550020086344,-1.0024382812993534e-07,0.9997402243401217,0.022737360852681736
2026-09-30T01:43:22.637 -5.5705011602281465,-0.14206699370648926,0.008807127696820788,0.0015789578871987589,-2.902540247464786e-07,0.9997364710701732,0.022901862458394543
2026-09-30T01:43:22.676 -5.574936458446606,-0.1418619499647049,0.008813916826696454,0.0015787888326515085,-2.730927317213942e-07,0.9997326575496099,0.02306774489502402
2026-09-30T01:43:22.729 -5.579235380676264,-0.14166077880777267,0.00882092246633981,0.0015794687806263627,-1.132887573844032e-07,0.9997289029387338,0.02322984948883885
2026-09-30T01:43:22.771 -5.583486142763844,-0.14146169320710553,0.008827613541106063,0.0015796559290233308,1.9269354799255656e-07,0.9997249103559228,0.023401032048848122
2026-09-30T01:43:22.829 -5.58771985794178,-0.14126093846175974,0.008834292563741844,0.0015797415582097874,3.570560660483225e-08,0.9997221096203281,0.023520373145185205
2026-09-30T01:43:22.873 -5.5919468973494695,-0.1410610777020321,0.008840990833787995,0.0015802451271853665,-4.018822179388443e-09,0.9997194873168281,0.023631536224212275
2026-09-30T01:43:22.924 -5.596170718327364,-0.140858951925302,0.008847564805295147,0.0015799214759094865,-2.8472738566979683e-08,0.9997167464864448,0.023747223894311817
2026-09-30T01:43:22.961 -5.60039412178829,-0.1406570049572204,0.008854316930853553,0.001580190235112754,-9.95322818471559e-08,0.9997139455951298,0.02386482728680652
2026-09-30T01:43:23.016 -5.604617048694331,-0.1404532698438223,0.00886090438962116,0.0015801281020653172,-3.0160593208014094e-07,0.9997112641399001,0.023976896106322768
2026-09-30T01:43:23.052 -5.608840303209716,-0.14024983275775083,0.00886762647704755,0.001580219379070329,8.44546823394929e-08,0.9997085229709295,0.024090911273543143
2026-09-30T01:43:23.104 -5.613062842408283,-0.14004383266293813,0.00887440703772989,0.0015801438237057256,8.325077493737573e-08,0.9997058415197039,0.02420193332918913
2026-09-30T01:43:23.139 -5.617285828990779,-0.13983813059701852,0.008880964788131891,0.0015801292698236857,-6.901586350515787e-08,0.9997032196062993,0.02430999589233194
2026-09-30T01:43:23.191 -5.621508189389894,-0.13963099801170392,0.008887745065905218,0.0015801967801851008,-5.15342715468109e-08,0.9997005380356697,0.02442001698045433
2026-09-30T01:43:23.229 -5.62573114616906,-0.13942350780606322,0.008894317670036685,0.0015801112304760338,6.007561484324461e-08,0.9996979161723323,0.02452712068694887
2026-09-30T01:43:23.281 -5.629953357583766,-0.1392142294516608,0.008901097711855889,0.0015800635913182386,2.2591615796513008e-08,0.9996952346866567,0.024636175511580694
2026-09-30T01:43:23.314 -5.63417613535819,-0.13900507031369064,0.00890780414327371,0.0015801980281196341,3.0515924109436375e-08,0.9996925530539731,0.024744743737212423
2026-09-30T01:43:23.371 -5.638185826855267,-0.13880413393393873,0.00891406935553819,0.0015788388938542393,-1.680129538524075e-07,0.999689097934778,0.024884025760900857
2026-09-30T01:43:23.406 -5.64191999598675,-0.1386166051303997,0.008919943643204434,0.001579100157837964,-2.0623827388730328e-07,0.9996852244015821,0.025039140476609274
2026-09-30T01:43:23.458 -5.645517670398547,-0.13843426021245425,0.008925721328376402,0.001579507096756866,-3.143295029791698e-08,0.9996817082858057,0.0251791039575192
2026-09-30T01:43:23.515 -5.649067840171926,-0.13825441809152558,0.008931274892248769,0.0015798380991141694,-5.087185085422815e-08,0.999678073045514,0.02532300107779421
2026-09-30T01:43:23.566 -5.652598936356466,-0.13807338363754826,0.008936887705578695,0.0015793162411410079,4.659177547274879e-08,0.999675153553646,0.025438025231977187
2026-09-30T01:43:23.608 -5.656125323863691,-0.1378931835893248,0.00894243346941538,0.0015799261640664036,2.67213635249283e-09,0.9996728290633853,0.025529172836657718
2026-09-30T01:43:23.668 -5.659648373460808,-0.13771167219688432,0.008948018658954785,0.001579548170012393,3.8286218638625764e-08,0.999670386172213,0.025624676346754506
2026-09-30T01:43:23.707 -5.663170797159816,-0.1375303992151379,0.008953632661285104,0.0015796525188044044,1.4515230493257893e-07,0.9996679428973901,0.02571981028699883
2026-09-30T01:43:23.762 -5.666692565465167,-0.13734745729511055,0.008959096615262915,0.0015794818033074423,8.76597446113388e-09,0.9996654998378866,0.02581460189702077
2026-09-30T01:43:23.801 -5.670214571925132,-0.13716487300592348,0.008964724858832504,0.0015793966568118142,-3.3251392868279085e-08,0.9996630567085272,0.025909043949233684
2026-09-30T01:43:23.859 -5.673736191212006,-0.13698061978183235,0.008970203478135251,0.001579242193790882,-4.59097188137544e-09,0.9996606732220548,0.026000853972931108
2026-09-30T01:43:23.895 -5.677258197715794,-0.1367964261672392,0.008975816820299047,0.0015791974405531413,-8.118472517573145e-08,0.9996582300565127,0.026094620436362286
2026-09-30T01:43:23.954 -5.680779608257318,-0.13661121926618885,0.008981384516456808,0.0015791485012991231,-8.42206901957209e-08,0.9996557868921597,0.02618805114972913
2026-09-30T01:43:23.994 -5.684301316846753,-0.13642589315960385,0.008986937782658798,0.0015789868876755111,4.441626753340754e-08,0.999653462995587,0.0262766192904935
2026-09-30T01:43:24.050 -5.687822608223708,-0.1362390173270018,0.008992490388918493,0.0015789412319867002,1.0386586454593188e-07,0.999651019824571,0.026369404776568513
2026-09-30T01:43:24.087 -5.691344376292863,-0.13605237991896588,0.00899813315600267,0.0015789652618009914,1.921784608209441e-07,0.9996486361868919,0.026459611455049745
2026-09-30T01:43:24.141 -5.694865757255104,-0.13586443120390274,0.00900358159545079,0.0015786505130689868,5.74787522380375e-08,0.9996463719962635,0.026545033758926268
2026-09-30T01:43:24.178 -5.698387406270738,-0.1356766613061317,0.009009134767011803,0.001578673939550135,-1.7754211093606616e-08,0.9996439883553294,0.026634645363553387
2026-09-30T01:43:24.246 -5.701908757116608,-0.1354874608931149,0.009014791775130515,0.0015785870021786659,2.4692494851490437e-08,0.9996416643903925,0.026721730443254006
2026-09-30T01:43:24.284 -5.705430436002661,-0.13529802206567096,0.009020315191254041,0.0015784945227856552,1.0630821906948169e-07,0.9996393404280527,0.026808532664022947
2026-09-30T01:43:24.336 -5.708739088001188,-0.13511889215974082,0.00902551669194725,0.0015772519300513575,-4.941628540471452e-07,0.9996359447402903,0.026934926383649527
2026-09-30T01:43:24.373 -5.711772158110285,-0.1349542427128899,0.009030267569406182,0.0015772681020618854,-6.020702291010351e-08,0.999633143961371,0.027038670811182657
2026-09-30T01:43:24.430 -5.7146687334110045,-0.1347962076630989,0.00903496654803252,0.0015780258530553068,2.333768097355475e-08,0.9996298658667764,0.02715954899436782
2026-09-30T01:43:24.467 -5.717516105379371,-0.13463966210997913,0.009039423818175076,0.0015782308969050462,1.0188328069946187e-07,0.9996273032967821,0.027253691324830576
2026-09-30T01:43:24.522 -5.720345536401946,-0.13448448723781578,0.00904382291963778,0.0015784235253472922,-5.17286460773215e-09,0.9996239064611546,0.02737798770026249
2026-09-30T01:43:24.562 -5.723169900769835,-0.1343280009996483,0.00904839282408981,0.0015779554334099315,-4.365330596274448e-09,0.999620986872625,0.027484407587747207
2026-09-30T01:43:24.617 -5.725991106353913,-0.13417157432638302,0.009052793821196612,0.001577472965102626,-2.8434114603198044e-08,0.9996187227946091,0.027566657713954116
2026-09-30T01:43:24.711 -5.728811835001935,-0.1340155648796168,0.009057253669011861,0.0015776728175414942,4.6799831552374846e-08,0.9996164581755098,0.02764864360376035
2026-09-30T01:43:24.766 -5.73163265290915,-0.13385818452712728,0.009061817965962744,0.0015774074355814616,2.1806259603923097e-07,0.9996142535138918,0.027728251975189237
2026-09-30T01:43:24.804 -5.734451742573304,-0.1337002677111053,0.009066200716118555,0.001577417197284632,1.0013248276463341e-07,0.9996118102685768,0.02781619180539283
2026-09-30T01:43:24.857 -5.737271547298566,-0.13354276813657992,0.009070703806378264,0.0015773399285807183,-4.785132777728008e-08,0.9996094266815609,0.02790172195597423
2026-09-30T01:43:24.895 -5.740091709806872,-0.13338413607832292,0.009075118055044882,0.0015773202568529542,1.586471891599206e-07,0.9996069238647927,0.02799124545905261
2026-09-30T01:43:24.948 -5.742911007989482,-0.1332246099395049,0.00907957564049471,0.0015771497301381326,-1.892339608644457e-08,0.9996048383046868,0.028065634441242743
2026-09-30T01:43:24.997 -5.745730484838439,-0.13306556064008,0.009084122915601718,0.0015772961609600948,1.7100485199073018e-07,0.9996020969879085,0.02816309347652733
2026-09-30T01:43:25.039 -5.7485507963754285,-0.1329055576768693,0.00908853739964725,0.0015769929525716803,2.0667442029997958e-07,0.9995998923470788,0.0282412519710713
2026-09-30T01:43:25.075 -5.751369632639129,-0.13274472023005052,0.00909299425451284,0.0015770084008278082,1.3228844547391022e-07,0.9995974490872329,0.028327598252993868
2026-09-30T01:43:25.124 -5.75418918412661,-0.13258447883868188,0.009097467141513596,0.0015766804607956011,2.4711087964142613e-07,0.9995952444631014,0.028405304529545913
2026-09-30T01:43:25.166 -5.757009078524052,-0.13242274733552806,0.009101836262159883,0.0015767617935743465,2.9581552551801245e-07,0.9995926819650106,0.0284953326731959
2026-09-30T01:43:25.218 -5.759828004116127,-0.13226065819228383,0.009106352862752898,0.0015766986420953399,1.4283852519039974e-07,0.9995903579455726,0.02857674445443458
2026-09-30T01:43:25.256 -5.762647183120366,-0.1320986882615294,0.009110810259320489,0.0015766783760453945,2.2096015886636839e-07,0.9995877955244247,0.028666236653436553
2026-09-30T01:43:25.306 -5.765467330780058,-0.1319358838779508,0.009115224483744343,0.0015765564268179486,2.1894495318131253e-07,0.9995855311400365,0.02874509358614675
2026-09-30T01:43:25.345 -5.768286226419184,-0.13177266224606157,0.00911984534502947,0.0015765818083184513,1.1308014534585028e-07,0.9995829686795189,0.028834061726179097
2026-09-30T01:43:25.396 -5.771105733456554,-0.1316091425986923,0.009124184050529961,0.0015763658677538197,1.5304939730007452e-07,0.9995807043665652,0.028912463206535798
2026-09-30T01:43:25.429 -5.773925508457577,-0.13144544414073558,0.009128687092655118,0.001576401105026139,1.9019345939317513e-07,0.9995780823032736,0.029002971200033298
2026-09-30T01:43:25.484 -5.776532167402825,-0.13129181618461527,0.009132719066523394,0.0015750470126348066,3.1621911968530114e-08,0.9995748058272259,0.02911574801324429
2026-09-30T01:43:25.519 -5.778863989412821,-0.13115523169667148,0.009136346299020047,0.0015754264970207186,7.8904260150966e-09,0.9995720643041174,0.029209695208236203
2026-09-30T01:43:25.570 -5.781059361470782,-0.1310262152806859,0.009139817395523064,0.0015757903718833144,2.0343452905970892e-07,0.999569024832089,0.029313503388189017
2026-09-30T01:43:25.607 -5.783206558046884,-0.13089856916498857,0.00914325702518047,0.001576106674882371,2.4209751130853133e-07,0.9995665813145037,0.029396690407707867
2026-09-30T01:43:25.670 -5.785335903100857,-0.13077283017317898,0.00914662372646509,0.001576468596747127,1.9155204428691663e-07,0.9995632438801234,0.029509934438625093
2026-09-30T01:43:25.712 -5.787460226341932,-0.13064601823452363,0.009150071894603566,0.0015762754121081057,2.5868629822188744e-07,0.999560502801948,0.02960264505201114
2026-09-30T01:43:25.758 -5.789582225149129,-0.13051896784803887,0.009153426980438535,0.0015762960055738,1.908990861856185e-07,0.9995572252245642,0.029713108087784636
2026-09-30T01:43:25.794 -5.791702749076057,-0.13039167902444024,0.009156571117767395,0.0015757952605452358,1.1683552280981759e-07,0.9995542460172767,0.029813187318984354
2026-09-30T01:43:25.848 -5.793823913254348,-0.13026462862743035,0.009160029192222717,0.001576148170545833,2.194521919840522e-07,0.9995507298036779,0.029930825344972673
2026-09-30T01:43:25.890 -5.79594449623466,-0.13013620731626588,0.009163531051029237,0.001575848899440349,2.5694036831361356e-07,0.9995476908403238,0.030032156698394562
2026-09-30T01:43:25.940 -5.798065169093783,-0.13000772640163696,0.009166735028336532,0.0015760661140817942,3.422810175850233e-08,0.9995441151364411,0.03015091891985892
2026-09-30T01:43:25.973 -5.7999727408419375,-0.129891461756252,0.009169423257870528,0.001573683038163282,-7.011170769574441e-07,0.9995426868071612,0.03019835709977268
2026-09-30T01:43:26.026 -5.801446926922705,-0.1298023713724648,0.00917173918765025,0.001574451120981519,-7.520475746064256e-07,0.9995416135392605,0.030233820572893057
2026-09-30T01:43:26.060 -5.802407872425199,-0.12974373250039314,0.009173333041346701,0.001574183467364135,-5.339546441993067e-07,0.9995399451672518,0.030288941235596386
2026-09-30T01:43:26.111 -5.802874501875666,-0.12971518775043744,0.009174190037073399,0.001574399376907597,-1.6454556782880783e-07,0.9995393490736193,0.030308594821609545
2026-09-30T01:43:26.148 -5.803050514090951,-0.12970475915359114,0.009174602440088088,0.0015749727208038708,9.031945702532473e-08,0.9995389314741829,0.030322333821282296
2026-09-30T01:43:26.202 -5.803124394033391,-0.12970046854932563,0.009174704350284047,0.0015750380985547342,1.3252699581212847e-08,0.9995388122378981,0.03032626065046576
2026-09-30T01:43:26.244 -5.8031623025974115,-0.12969778681758573,0.009174749386143459,0.0015751340329211742,-5.285097924031629e-08,0.9995389313466433,0.030322329646418643
2026-09-30T01:43:26.292 -5.803187575027649,-0.12969605860107694,0.009174744640726823,0.0015750541811479833,8.030961463765572e-08,0.9995389314097719,0.03032233171330392
2026-09-30T01:43:26.344 -5.803208272537448,-0.12969516479196955,0.0091748965749983,0.0015751722318974978,8.251333497864186e-08,0.9995386929472312,0.030330185191884
2026-09-30T01:43:26.385 -5.803227852772343,-0.12969391334095856,0.009174853027334293,0.0015753496561977367,1.45984951896462e-07,0.9995388119915329,0.030326252587399245
2026-09-30T01:43:26.423 -5.803246836893104,-0.12969248306850079,0.009174853240656151,0.0015751265276010944,-1.243099953754448e-07,0.9995388717602863,0.030324294164592265
2026-09-30T01:43:26.475 -5.80326540372875,-0.1296915296279427,0.009174882596652329,0.0015752747550944362,3.161036672336968e-08,0.9995387524584689,0.03032821859609695
2026-09-30T01:43:26.510 -5.803283970543837,-0.1296903377688028,0.009174926853752076,0.0015752379920293631,-9.092213310553447e-08,0.9995387524875488,0.030328219547067804
2026-09-30T01:43:26.566 -5.803302522385599,-0.1296892651187566,0.009175015790738712,0.00157524098770313,1.6351579404201002e-07,0.9995387524851579,0.030328219469963214
2026-09-30T01:43:26.605 -5.803321104079019,-0.1296880136551568,0.009175074972531594,0.0015752894924576473,8.46512950819915e-08,0.9995386332622103,0.030332145972892625
2026-09-30T01:43:26.658 -5.80333970092599,-0.12968729863357764,0.009174970265404283,0.0015751939480808301,-4.1586945927984455e-08,0.9995387525223707,0.030328220687130307
2026-09-30T01:43:26.694 -5.803358178242984,-0.12968586835472207,0.009175073985673418,0.0015751854181955318,1.3847260914286935e-07,0.9995387525290997,0.030328220908095112
2026-09-30T01:43:26.746 -5.803376789736436,-0.12968479570543182,0.009175133214616178,0.0015752173786412365,-1.6426154868824515e-08,0.9995386333192404,0.030332147838799308
2026-09-30T01:43:26.791 -5.803395610033618,-0.12968378266343467,0.009175073564272546,0.001575249891065317,-6.811441228628819e-08,0.9995387524781381,0.03032821923924648
2026-09-30T01:43:26.842 -5.803414102153759,-0.12968265040797966,0.009175236912721015,0.001575263769942204,-8.834246571051962e-09,0.9995386332825574,0.030332146638380582
2026-09-30T01:43:26.883 -5.803432684107844,-0.1296812797351204,0.009175132181926147,0.0015753031861434122,9.478470996705642e-08,0.9995386332513814,0.030332145618522238
2026-09-30T01:43:26.938 -5.803451176344285,-0.12968026668896854,0.009175221024681272,0.0015753653180119334,-7.762610822638229e-08,0.999538573609966,0.030334107698489772
2026-09-30T01:43:26.978 -5.803469609193453,-0.12967883640957753,0.009175175662843782,0.0015751613474657468,7.281307418149938e-08,0.9995386333635374,0.030332149288766114
2026-09-30T01:43:27.039 -5.803488116377407,-0.12967788296826355,0.009175234726883837,0.0015753182544870714,-3.822481912598001e-07,0.9995385736472062,0.03033410891322682
2026-09-30T01:43:27.078 -5.803506638584059,-0.12967663150392697,0.009175219308722619,0.0015752027525455141,-3.0813092427427447e-07,0.9995385737385291,0.030334111902947287
2026-09-30T01:43:27.132 -5.803525041440206,-0.12967538003807316,0.00917529310893429,0.0015752101084171976,-9.341525334225631e-08,0.9995385737326942,0.03033411171465866
2026-09-30T01:43:27.172 -5.803543608227231,-0.12967454580679919,0.0091753522672351,0.001575345926180279,-2.297640002448386e-07,0.9995384544407068,0.030338035194183776
2026-09-30T01:43:27.226 -5.803562294463502,-0.12967335394918472,0.009175262602534253,0.0015751584736790616,-7.396088075650425e-08,0.9995385737735208,0.030334113050710765
2026-09-30T01:43:27.260 -5.803580831335692,-0.12967210248500843,0.009175396219359032,0.00157525966238858,-2.224951800155367e-07,0.9995384545089163,0.03033803742620564
2026-09-30T01:43:27.316 -5.80359941311885,-0.1296712086492882,0.009175395796640135,0.0015752298125957973,-1.0008430689867581e-07,0.9995384545325084,0.03033803819946782
2026-09-30T01:43:27.355 -5.803618009785594,-0.12966983797659468,0.009175410298546129,0.001575236615958639,-1.720747610512862e-07,0.999538454527135,0.030338038022927945
2026-09-30T01:43:27.407 -5.803636367839571,-0.12966894413803573,0.009175543632705625,0.0015752982257035795,-2.1690381911930578e-07,0.999538335293814,0.03034196291481848
2026-09-30T01:43:27.443 -5.80365499432841,-0.129667871488944,0.009175543280638425,0.0015753406101545232,-5.5072166557645377e-08,0.9995383352602859,0.03034196181949005
2026-09-30T01:43:27.499 -5.80367347178376,-0.12966667962868392,0.009175557594091149,0.0015753129582407835,-1.372182129691181e-07,0.9995383352821579,0.03034196253437664
2026-09-30T01:43:27.534 -5.803691949193494,-0.12966536855912883,0.009175601709809508,0.0015752292669510956,-8.440174186450997e-08,0.9995383353483295,0.030341964699740286
2026-09-30T01:43:27.590 -5.803710471537755,-0.12966441511803256,0.009175496884841627,0.0015751702733422667,-1.9461519166932692e-07,0.9995383353949862,0.030341966224892523
2026-09-30T01:43:27.627 -5.80372887415905,-0.12966310404750658,0.009175719696469232,0.0015753529290267567,-1.1382787539976946e-07,0.999538216065938,0.03034588747851245
2026-09-30T01:43:27.676 -5.803747605167929,-0.12966203139975274,0.009175585399041123,0.0015751810611855303,2.8064627744546593e-08,0.9995383353864368,0.03034196594710168
2026-09-30T01:43:27.721 -5.803766156912448,-0.12966119716827473,0.009175733940637028,0.0015752921287261613,-7.326149234792087e-08,0.9995382757063168,0.030343926126113557
2026-09-30T01:43:27.762 -5.803784530087115,-0.12965970728348028,0.009175733187976235,0.001575286660577619,-1.3093386825195535e-08,0.9995381565260214,0.030347851991528722
2026-09-30T01:43:27.801 -5.803803111897586,-0.1296585154245389,0.009175717864066023,0.001575195557078393,-3.31591730416875e-07,0.9995382161903934,0.03034589154685588
2026-09-30T01:43:27.856 -5.803821634029053,-0.12965762158806277,0.009175747149391006,0.0015751982942974348,6.087973633431333e-09,0.9995382161881998,0.03034589147883788
2026-09-30T01:43:27.895 -5.803840156117903,-0.12965637012371256,0.009175806236942627,0.0015752574017104573,-5.612685339714589e-08,0.9995381565491606,0.030347852748111925
2026-09-30T01:43:27.948 -5.803858603796031,-0.12965505905379043,0.009175805602112654,0.0015752156458948446,-2.1404076961617273e-07,0.9995381565821913,0.03034785382688726
2026-09-30T01:43:27.987 -5.803877081152639,-0.12965422482138808,0.009175879520194144,0.0015752170729820846,-1.911251537575333e-07,0.9995380969887528,0.0303498164613785
2026-09-30T01:43:28.040 -5.803895633137264,-0.12965303296206876,0.009175879050305874,0.0015752206883639826,-1.6301190104640863e-07,0.9995380969858915,0.030349816368126104
2026-09-30T01:43:28.078 -5.80391406593556,-0.1296519007058961,0.009175863490802266,0.0015752112065223654,-1.492469479785616e-08,0.9995380969933763,0.03034981661418956
2026-09-30T01:43:28.130 -5.803932722061009,-0.12965088766180524,0.009175967493863423,0.0015752232158388485,-2.2881466015693597e-07,0.9995380373915899,0.030351778846336403
2026-09-30T01:43:28.164 -5.803951363473799,-0.1296498746175486,0.009175952264223719,0.001575253608112006,2.6980436096464355e-08,0.999538037367536,0.030351778061982762
2026-09-30T01:43:28.224 -5.803969855739053,-0.12964844433888612,0.009176026205768031,0.001575291542320508,-1.0567094636477972e-07,0.9995379777452423,0.03035373949774276
2026-09-30T01:43:28.266 -5.803988571613439,-0.12964719287698298,0.009176040896176041,0.0015751861249724641,-1.396303199494553e-07,0.9995379778286005,0.030353742223393407
2026-09-30T01:43:28.313 -5.804007123687051,-0.12964641825018802,0.00917598082178574,0.0015751881693537887,-1.0378433970609779e-07,0.9995379778269811,0.030353742170779324
2026-09-30T01:43:28.351 -5.804025601118843,-0.12964522638992523,0.009176010036381032,0.0015751271921003315,-2.2027771696178745e-07,0.9995379778752067,0.030353743746413343
2026-09-30T01:43:28.412 -5.804043959179575,-0.12964379610956334,0.009176143370452786,0.0015751967745616002,-1.1732447658161249e-08,0.9995378586355469,0.030357666402195893
2026-09-30T01:43:28.450 -5.80406255600899,-0.12964260425082325,0.00917605356439005,0.0015751430056708642,-2.5483956919164644e-07,0.9995379182703952,0.030355705627306162
2026-09-30T01:43:28.501 -5.804080958694962,-0.1296417700174637,0.009176231672667944,0.0015753462360282757,-2.2414205725611887e-08,0.999537798925054,0.030359624574335692
2026-09-30T01:43:28.542 -5.80409946602328,-0.12964057815758706,0.009176201329813593,0.0015752566419964076,-1.2237406211183325e-07,0.9995377989959062,0.03035962689027312
2026-09-30T01:43:28.587 -5.804117928624612,-0.1296393862971448,0.009176185817420864,0.001575191909746313,-2.799241124847108e-07,0.9995377990471046,0.030359628562272627
2026-09-30T01:43:28.624 -5.804136420935485,-0.12963807522777734,0.009176229956699538,0.0015752269991001616,-2.0447465216123658e-07,0.9995377990193525,0.030359627655958128
2026-09-30T01:43:28.679 -5.804154957943785,-0.12963724099613083,0.009176274166737152,0.0015751565139345588,-1.209620277489393e-07,0.9995377990750789,0.030359629478789372
2026-09-30T01:43:28.714 -5.804173480078255,-0.12963610874107565,0.009176303452023138,0.0015751898068957226,-3.194902568503073e-08,0.9995376798641191,0.030363552310706598
2026-09-30T01:43:28.767 -5.804192017163238,-0.12963479767227917,0.009176302958555054,0.001575200937055094,-9.201735086754121e-08,0.9995377394476372,0.030361590240081497
2026-09-30T01:43:28.805 -5.804210434801227,-0.12963366541588886,0.009176451288059379,0.0015752657485165026,-6.469546148383139e-09,0.9995376202117542,0.030365512003665864
2026-09-30T01:43:28.858 -5.804228837912037,-0.12963277157793374,0.009176361175761299,0.0015751566880494402,-7.097363442892505e-08,0.9995376202979956,0.030365514822296658
2026-09-30T01:43:28.899 -5.80424744933631,-0.12963157971934575,0.009176465108112262,0.0015752279861911008,-6.894570539115325e-08,0.9995376202416187,0.030365512979501155
2026-09-30T01:43:28.951 -5.804265911842649,-0.12963044746353736,0.009176509200299554,0.0015752417317688398,-3.264928931069986e-08,0.9995376202307468,0.03036551262437142
2026-09-30T01:43:28.995 -5.804284329764112,-0.12962925560253502,0.009176478716083314,0.0015751970699997145,-1.9171744551167367e-07,0.999537501081444,0.03036943670891074
2026-09-30T01:43:29.051 -5.804302866941085,-0.1296281233476838,0.009176418618074205,0.0015751970860418485,-2.3999902057308054e-08,0.9995376202660483,0.030365513778379042
2026-09-30T01:43:29.109 -5.804321329328872,-0.12962705069650654,0.009176537215984088,0.0015751982533517255,-1.0221000796074136e-07,0.9995375606728165,0.030367475276811808
2026-09-30T01:43:29.149 -5.804339851486901,-0.1296259184414541,0.009176551600127507,0.0015752017336295764,-5.016764584773196e-08,0.9995375606700602,0.03036747518714295
2026-09-30T01:43:29.189 -5.804358299092849,-0.1296247265808133,0.009176595668744736,0.001575203478392971,-4.270179885491474e-08,0.9995375010763639,0.030369436544296663
2026-09-30T01:43:29.245 -5.804376806538217,-0.12962359432559512,0.009176490820187292,0.0015750896789124543,-2.6146111338354173e-07,0.9995375011663659,0.0303694394833423
2026-09-30T01:43:29.284 -5.804395179377036,-0.12962258127792056,0.009176698683600446,0.0015752204275644784,-2.365165944073805e-08,0.9995373818783254,0.030373358530573078
2026-09-30T01:43:29.336 -5.804413612248263,-0.1296212702078218,0.009176638420639885,0.0015751500231332947,-2.7068890172021053e-08,0.9995374415263134,0.03037139920114998
2026-09-30T01:43:29.376 -5.804432015123469,-0.12962037636983936,0.009176697319767484,0.001575192384163648,6.150833628484847e-08,0.9995373819004925,0.03037335925541242
2026-09-30T01:43:29.438 -5.804450552113461,-0.12961912490567673,0.009176756430879422,0.001575175411199705,1.1093592985576214e-07,0.999537381913909,0.03037335969398677
2026-09-30T01:43:29.479 -5.804468820835766,-0.12961787343813172,0.00917684492019083,0.0015752236270707661,-9.43409607600697e-08,0.9995372626911638,0.030377280364959177
2026-09-30T01:43:29.535 -5.804487373051493,-0.12961703920670836,0.009176695438935373,0.0015751458652514697,-1.207067531197008e-07,0.9995373819372915,0.030373360456718963
2026-09-30T01:43:29.571 -5.804505805521444,-0.12961578774120788,0.009176888495408219,0.0015752260296799231,-1.0020008680894297e-07,0.999537322281584,0.030375319407483826
2026-09-30T01:43:29.625 -5.804524238273368,-0.12961459588038501,0.009176902738179999,0.0015752458107312058,-1.0492279581621784e-08,0.9995372030812956,0.030379240560899235
2026-09-30T01:43:29.665 -5.80454293938497,-0.12961358283688973,0.009176827998211281,0.001575196449650917,-2.191461206704533e-07,0.9995372627126642,0.03037728106614406
2026-09-30T01:43:29.715 -5.804561312390962,-0.1296123909753,0.009176931553597209,0.0015751520068081944,-1.1327393927707928e-07,0.9995372627477969,0.03037728221524568
2026-09-30T01:43:29.750 -5.804579789870624,-0.1296111395103979,0.009176930965897615,0.0015752453940928275,-1.5466425614446003e-07,0.9995372030816374,0.030379240570860437
2026-09-30T01:43:29.813 -5.804598267418718,-0.1296100668594383,0.009176885674799564,0.0015751044075249137,-1.7404957182070698e-07,0.9995372031931193,0.030379244212981656
2026-09-30T01:43:29.852 -5.804616729805754,-0.1296090538129058,0.009177004272719197,0.0015751383217813013,-1.927396692212367e-09,0.9995372031662879,0.03037924333788187
2026-09-30T01:43:29.904 -5.804635147468053,-0.12960786195187343,0.009177137701071206,0.0015752101170878321,-6.093689457697481e-08,0.9995370839248807,0.03038316264034194
2026-09-30T01:43:29.938 -5.804653431538396,-0.12960667008921276,0.009176943092243884,0.0015751934862548195,-1.4522812451652838e-07,0.9995370839380382,0.030383163069419704
2026-09-30T01:43:29.989 -5.80467193858324,-0.12960553783394804,0.009177091563110099,0.0015752073128405264,-1.948770388296514e-07,0.9995371435194315,0.030381202196413177
2026-09-30T01:43:30.034 -5.804690267024916,-0.12960452478574622,0.009177105640988921,0.0015750922605579916,-1.1750653794174122e-07,0.9995371436103984,0.030381205169033837
2026-09-30T01:43:30.085 -5.804708640055969,-0.1296032137148697,0.009177194295212783,0.0015752182711248372,-1.3510772405066165e-07,0.999537024326117,0.03038512281810742
2026-09-30T01:43:30.123 -5.804727177302123,-0.12960220066931621,0.009177089493795467,0.0015751573496165347,-9.08470686631649e-08,0.9995371435589291,0.030381203487890515
2026-09-30T01:43:30.177 -5.804745684510389,-0.1296011876233602,0.009177133656683203,0.0015750727626800151,-1.249372385458296e-08,0.999537084033485,0.03038316618837704
2026-09-30T01:43:30.214 -5.804764266108066,-0.12960005536903904,0.009177252443065857,0.001575242396402016,-5.096467170695248e-08,0.9995369051223861,0.030389042593545194
2026-09-30T01:43:30.264 -5.804782788383147,-0.12959898271864498,0.009177192321506182,0.0015751341434860075,-4.0884623132064726e-08,0.9995370243926299,0.030385124991606397
2026-09-30T01:43:30.301 -5.804801221090202,-0.12959761204388232,0.009177236366533848,0.0015751461056868984,-1.4996693184923936e-07,0.9995369647908574,0.030387084944161473
2026-09-30T01:43:30.356 -5.804819758099251,-0.12959671820759103,0.009177280576561713,0.0015751318999755704,-3.4149586838766844e-08,0.9995369648020801,0.030387085311725053
2026-09-30T01:43:30.394 -5.804838116274782,-0.12959552634582192,0.009177339404959623,0.001575141616235464,2.917128387497929e-08,0.9995369052020676,0.030389045196599664
2026-09-30T01:43:30.442 -5.804856668142357,-0.12959427488184416,0.009177413440774442,0.0015751692644876698,4.334236191062191e-08,0.9995368455878795,0.03039100449175487
2026-09-30T01:43:30.492 -5.8048752498798954,-0.1295932618368289,0.009177442820321183,0.0015752585422717262,-4.9670976091326696e-08,0.9995367859249685,0.030392962068647972
2026-09-30T01:43:30.531 -5.804893891387677,-0.12959218918793847,0.009177367986101458,0.0015751122313498896,1.523910616772133e-07,0.999536905225292,0.030389045955428646
2026-09-30T01:43:30.569 -5.804912383698552,-0.12959087811857098,0.009177412125380134,0.0015750751886191268,-6.546718033532612e-08,0.9995368456622764,0.03039100692068123
2026-09-30T01:43:30.620 -5.8049308014064716,-0.12958980546683363,0.009177515751466506,0.0015752260227156606,-1.17297889375551e-07,0.9995367263583617,0.030394922664376083
2026-09-30T01:43:30.660 -5.80494926402986,-0.1295887328156837,0.009177485337950708,0.0015751429957136572,-1.6365776139569356e-07,0.999536786016343,0.03039296505173302
2026-09-30T01:43:30.707 -5.804967741508023,-0.12958760056007113,0.009177484750270613,0.0015750495866806958,-1.8423769863019506e-07,0.9995367860902047,0.03039296746337816
2026-09-30T01:43:30.743 -5.804986069737656,-0.12958658751184468,0.009177632938432548,0.001575191916249812,-1.3929073871741129e-07,0.9995366667930048,0.03039688317471847
2026-09-30T01:43:30.793 -5.805004770901631,-0.1295851572358415,0.00917752839611045,0.0015750525336854118,-2.0167784795736766e-07,0.999536786087876,0.030392967387130418
2026-09-30T01:43:30.832 -5.805023248214869,-0.1295840249802098,0.00917763211642833,0.0015751048873813007,-1.7852631211756014e-07,0.9995366668618234,0.030396885421347223
2026-09-30T01:43:30.886 -5.805041770232289,-0.12958283312049615,0.009177735907417408,0.001575203225100557,-3.3603084473956126e-07,0.9995366071917517,0.030398842384025626
2026-09-30T01:43:30.934 -5.805060158373525,-0.1295817604684109,0.009177690474957468,0.0015751519842588145,-2.0329864371982787e-07,0.999536607232257,0.03039884370850193
2026-09-30T01:43:30.982 -5.805078635874498,-0.12958068781744583,0.009177674986144553,0.0015751216795607563,-3.1098838559163835e-07,0.999536666848557,0.030396884986375307
2026-09-30T01:43:31.023 -5.805096979050893,-0.129579793978702,0.009177793395601166,0.0015751387151802685,-2.7012993687973263e-07,0.9995365476504261,0.030400803427256127
2026-09-30T01:43:31.077 -5.805115501278853,-0.1295787213283025,0.009177763076326628,0.0015751651680946895,-1.3052766292616468e-07,0.9995365476294973,0.030400802745686975
2026-09-30T01:43:31.126 -5.805133978668027,-0.1295771718401656,0.009177822093148559,0.001575153699657895,-8.84514069237122e-08,0.9995365476385619,0.030400803042021234
2026-09-30T01:43:31.197 -5.805152530601779,-0.12957627800406468,0.00917785142559417,0.001575168751101594,-2.4717270752889614e-07,0.9995364880343444,0.030402761902717297
2026-09-30T01:43:31.249 -5.805171067615331,-0.1295750265399048,0.00917789563556354,0.001575131708927997,-1.4211771118735473e-07,0.9995364880636252,0.0304027628598764
2026-09-30T01:43:31.291 -5.805189619623516,-0.12957383468058822,0.009177880264532699,0.001575107406123833,-2.1932443217568137e-07,0.9995364880828485,0.030402763486512656
2026-09-30T01:43:31.337 -5.805208126923772,-0.12957300044857747,0.009177864822879411,0.0015751381893034351,-1.4769945479501447e-07,0.9995364880585017,0.030402762692556134
2026-09-30T01:43:31.384 -5.8052265445875735,-0.12957168937825556,0.009177998251211923,0.0015751797343215575,-2.5207138704482166e-07,0.9995363688409986,0.030406679741341737
2026-09-30T01:43:31.424 -5.805245081838229,-0.1295703187048335,0.00917789344973611,0.0015750371305292973,-1.5017097984964213e-07,0.9995364881384107,0.03040276530100648
2026-09-30T01:43:31.475 -5.805263514419978,-0.12956954407650484,0.009178012000574111,0.0015751190363368405,-3.048967309972246e-07,0.9995363688889979,0.030406681307329618
2026-09-30T01:43:31.512 -5.805282021772607,-0.1295682926119861,0.009177966756567442,0.0015750725284560973,-2.64535169067278e-07,0.9995363689257691,0.030406682508114492
2026-09-30T01:43:31.562 -5.805300335150469,-0.12956710074964325,0.009178085118854679,0.0015751154650568895,-3.354923814614651e-07,0.9995363092994924,0.030408640270632784
2026-09-30T01:43:31.601 -5.805318574183038,-0.12956626651425007,0.009178099055400861,0.0015751113784523085,-1.0156083548468028e-07,0.9995363093027035,0.030408640378444624
2026-09-30T01:43:31.649 -5.805337036763058,-0.12956489583987083,0.009178098444121454,0.0015750745852309929,-2.639606466388977e-07,0.9995363093318105,0.03040864132651348
2026-09-30T01:43:31.688 -5.805355350238163,-0.12956346555895978,0.009178157201799424,0.001575184324727856,-2.2997385313227173e-07,0.9995361900603682,0.03041255585927771
2026-09-30T01:43:31.738 -5.805373932063941,-0.12956292935111366,0.009178126976853886,0.0015750208167647857,-1.8710355073028662e-07,0.9995363093743195,0.03040864271480414
2026-09-30T01:43:31.775 -5.805392349752801,-0.12956149907150494,0.00917824550402433,0.0015751059698813396,-1.096790702934103e-07,0.9995361901223143,0.03041255788223901
2026-09-30T01:43:31.827 -5.805410603764698,-0.12956006878985987,0.00917821476060563,0.001575052492540298,-1.9686058257939256e-07,0.9995361901646072,0.0304125592614179
2026-09-30T01:43:31.873 -5.805429185450612,-0.1295594133727078,0.009178273942496006,0.0015751139207575708,-1.3787485982694921e-07,0.9995361901160298,0.030412557676880836
2026-09-30T01:43:31.914 -5.805447394544038,-0.12955822150905436,0.00917837723871847,0.0015752200267309749,-1.5143078820098999e-07,0.9995360708474617,0.03041647179839795
2026-09-30T01:43:31.954 -5.805465991516315,-0.12955691044104115,0.009178198025780827,0.0015750520078686642,-1.9355079926216125e-07,0.9995361901649902,0.030412559273954066
2026-09-30T01:43:32.007 -5.805484468635819,-0.12955619541790098,0.009178420955307498,0.0015750929467929467,-2.8090868893126386e-07,0.9995361305402923,0.03041451670946055
2026-09-30T01:43:32.049 -5.805502722648466,-0.12955470553161114,0.009178390211879049,0.001575196730228827,-2.1566816577006e-07,0.9995360112735521,0.030418430639536437
2026-09-30T01:43:32.097 -5.805521423692389,-0.12955345406952862,0.009178360175299041,0.0015751048930401515,-1.934990710424445e-07,0.9995361305308387,0.03041451640215649
2026-09-30T01:43:32.132 -5.805539751992702,-0.12955244102131036,0.009178463660033272,0.001575113036337153,-1.9984892336832086e-07,0.9995360113397288,0.030418432799020467
2026-09-30T01:43:32.189 -5.805558244417626,-0.12955142797518043,0.009178433293647854,0.0015750963832130791,-1.456577295725477e-07,0.9995360113528919,0.030418433229111374
2026-09-30T01:43:32.225 -5.805576691953643,-0.12955017650988668,0.009178522065683037,0.0015751651508573458,-1.2583034981953045e-07,0.9995359517061777,0.030420389569454
2026-09-30T01:43:32.282 -5.80559515455047,-0.1295493422773131,0.009178506553348805,0.0015750623984397863,-2.0494103341271905e-08,0.9995360113797533,0.030418434106544066
2026-09-30T01:43:32.318 -5.80561349784992,-0.12954803120606953,0.009178550457024332,0.0015750941528505642,-4.3248477412378455e-08,0.9995358921699722,0.03042234938964495
2026-09-30T01:43:32.369 -5.80563213917222,-0.12954672013857815,0.009178594831906155,0.0015750424579138015,-1.9816252695297133e-07,0.9995359518031993,0.030420392733972682
2026-09-30T01:43:32.410 -5.805650303608587,-0.12954558787901216,0.00917866825517229,0.0015751549053486483,-5.414401539926849e-08,0.9995358325295969,0.030424305684555404
2026-09-30T01:43:32.461 -5.805668974939962,-0.12954469404443397,0.009178578566959875,0.0015750488466085184,-1.4806076949694094e-07,0.9995359517981434,0.030420392569603445
2026-09-30T01:43:32.507 -5.805687467152843,-0.12954368099827943,0.00917868231085757,0.0015750702648429848,-1.0995547258199189e-07,0.9995358325965282,0.03042430786746079
2026-09-30T01:43:32.573 -5.805705900069691,-0.12954248913747565,0.00917859224563137,0.0015750280201175552,-1.9238880302401523e-07,0.999535832629939,0.030424308956387675
2026-09-30T01:43:32.615 -5.805724302737357,-0.12954123767159997,0.009178785254983588,0.0015751613959787089,-1.253091839327589e-07,0.9995357729321316,0.03042626325278212
2026-09-30T01:43:32.661 -5.805742780238329,-0.12954016502063492,0.009178769766170672,0.0015751382929785865,-6.883730328952831e-08,0.9995358325427337,0.030424306113001422
2026-09-30T01:43:32.699 -5.8057610937605535,-0.12953873473972935,0.009178798721563505,0.0015751052462516309,-7.865675616217637e-08,0.9995357133841858,0.030428222311266084
2026-09-30T01:43:32.750 -5.8057796605977,-0.1295376620898817,0.009178828077540183,0.001575105529241435,-6.017836618960925e-07,0.9995357729763475,0.03042626468670327
2026-09-30T01:43:32.786 -5.805798063617271,-0.12953652983333658,0.009178797569773378,0.0015750152683989686,-3.9388141402675033e-07,0.9995357730477001,0.030426267018577858
2026-09-30T01:43:32.843 -5.805816317483302,-0.12953545717954373,0.009178856233268582,0.0015750650317776188,-2.7912585561959506e-07,0.9995356538236607,0.03043018083047045
2026-09-30T01:43:32.879 -5.805835048115966,-0.12953432492710135,0.009178960354111814,0.0015751247714440673,-3.0665070352800865e-07,0.999535653776426,0.03043017928953559
2026-09-30T01:43:32.929 -5.80585334689972,-0.12953307345996162,0.009178884977975602,0.0015749998279571155,-4.51597302877884e-07,0.9995356538752332,0.030430182509278206
2026-09-30T01:43:32.972 -5.805871675223593,-0.12953206041174614,0.009178973561567265,0.0015751516076897643,-3.2867422722427677e-07,0.999535534570524,0.030434093187110045
2026-09-30T01:43:33.024 -5.805890316638634,-0.1295308685535552,0.009178958331898314,0.001575062949789446,-3.871333758696039e-07,0.9995356538253163,0.03043018088266938
2026-09-30T01:43:33.064 -5.805908674696364,-0.1295296766917724,0.009179091666009064,0.0015751272079564493,-2.7878719668662705e-07,0.9995355345898129,0.030434093816935452
2026-09-30T01:43:33.114 -5.805927092710567,-0.12952860404007058,0.00917900157724205,0.0015749985354475949,-4.6557414208972837e-07,0.9995355346915726,0.030434097131818348
2026-09-30T01:43:33.149 -5.80594552545949,-0.12952765059782675,0.009179015820052826,0.001575083130735255,-2.9525656533573537e-07,0.999535534624667,0.03043409495328386
