2026-09-30T01:08:41.048 0.0,0.0,0.0,0.0,0.0,0.03684210526315797
2026-09-30T01:08:41.098 0.0,0.0,0.0,0.0,0.0,0.03684210526315797
2026-09-30T01:08:41.148 0.0,0.0,0.0,0.0,0.0,0.03684210526315797
2026-09-30T01:08:41.198 0.0,0.0,0.0,0.0,0.0,0.03684210526315797
2026-09-30T01:08:41.246 0.0,0.0,0.0,0.0,0.0,0.03684210526315797
2026-09-30T01:08:41.297 0.0,0.0,0.0,0.0,0.0,0.03684210526315797
2026-09-30T01:08:41.346 0.0,0.0,0.0,0.0,0.0,0.03684210526315797
2026-09-30T01:08:41.396 0.0,0.0,0.0,0.0,0.0,0.03684210526315797
2026-09-30T01:08:41.447 0.0,0.0,0.0,0.0,0.0,0.03684210526315797
2026-09-30T01:08:41.497 0.0,0.0,0.0,0.0,0.0,0.03684210526315797
2026-09-30T01:08:41.547 0.0,0.0,0.0,0.0,0.0,0.03684210526315797
2026-09-30T01:08:41.597 0.0,0.0,0.0,0.0,0.0,0.03684210526315797
2026-09-30T01:08:41.657 0.0,0.0,0.0,0.0,0.0,0.03684210526315797
2026-09-30T01:08:41.697 0.0,0.0,0.0,0.0,0.0,0.03684210526315797
2026-09-30T01:08:41.747 0.0,0.0,0.0,0.0,0.0,0.03684210526315797
2026-09-30T01:08:41.797 0.0,0.0,0.0,0.0,0.0,0.03684210526315797
2026-09-30T01:08:41.847 0.0,0.0,0.0,0.0,0.0,0.03684210526315797
2026-09-30T01:08:41.896 0.0,0.0,0.0,0.0,0.0,0.03684210526315797
2026-09-30T01:08:41.946 0.0,0.0,0.0,0.0,0.0,0.03684210526315797
2026-09-30T01:08:41.996 0.0,0.0,0.0,0.0,0.0,0.03684210526315797
2026-09-30T01:08:42.046 0.0,0.0,0.0,0.0,0.0,0.03684210526315797
2026-09-30T01:08:42.096 0.0,0.0,0.0,0.0,0.0,0.03684210526315797
2026-09-30T01:08:42.146 0.0,0.0,0.0,0.0,0.0,0.03684210526315797
2026-09-30T01:08:42.196 0.0,0.0,0.0,0.0,0.0,0.03684210526315797
2026-09-30T01:08:42.246 0.0,0.0,0.0,0.0,0.0,0.03684210526315797
2026-09-30T01:08:42.307 0.0,0.0,0.0,0.0,0.0,0.03684210526315797
2026-09-30T01:08:42.347 0.0,0.0,0.0,0.0,0.0,0.03684210526315797
2026-09-30T01:08:42.396 0.0,0.0,0.0,0.0,0.0,0.03684210526315797
2026-09-30T01:08:42.446 0.0,0.0,0.0,0.0,0.0,0.03684210526315797
2026-09-30T01:08:42.496 0.0,0.0,0.0,0.0,0.0,0.03684210526315797
2026-09-30T01:08:42.546 0.0,0.0,0.0,0.0,0.0,0.03684210526315797
2026-09-30T01:08:42.596 0.0,0.0,0.0,0.0,0.0,0.03684210526315797
2026-09-30T01:08:42.646 0.0,0.0,0.0,0.0,0.0,0.03684210526315797
2026-09-30T01:08:42.697 0.0,0.0,0.0,0.0,0.0,0.03684210526315797
2026-09-30T01:08:42.747 0.0,0.0,0.0,0.0,0.0,0.03684210526315797
2026-09-30T01:08:42.796 0.0,0.0,0.0,0.0,0.0,0.03684210526315797
2026-09-30T01:08:42.859 0.0,0.0,0.0,0.0,0.0,0.03684210526315797
2026-09-30T01:08:42.897 0.0,0.0,0.0,0.0,0.0,0.03684210526315797
2026-09-30T01:08:42.946 0.0,0.0,0.0,0.0,0.0,0.03684210526315797
2026-09-30T01:08:42.997 0.0,0.0,0.0,0.0,0.0,0.03684210526315797
2026-09-30T01:08:43.047 0.0,0.0,0.0,0.0,0.0,0.03684210526315797
2026-09-30T01:08:43.096 0.0,0.0,0.0,0.0,0.0,0.03684210526315797
2026-09-30T01:08:43.146 0.0,0.0,0.0,0.0,0.0,0.03684210526315797
2026-09-30T01:08:43.196 0.0,0.0,0.0,0.0,0.0,0.03684210526315797
2026-09-30T01:08:43.246 0.0,0.0,0.0,0.0,0.0,0.03684210526315797
2026-09-30T01:08:43.298 0.0,0.0,0.0,0.0,0.0,0.03684210526315797
2026-09-30T01:08:43.346 0.0,0.0,0.0,0.0,0.0,0.03684210526315797
2026-09-30T01:08:43.396 0.0,0.0,0.0,0.0,0.0,0.03684210526315797
2026-09-30T01:08:43.446 0.0,0.0,0.0,0.0,0.0,0.03684210526315797
2026-09-30T01:08:43.497 0.0,0.0,0.0,0.0,0.0,0.03684210526315797
2026-09-30T01:08:43.547 0.0,0.0,0.0,0.0,0.0,0.03684210526315797
2026-09-30T01:08:43.597 0.0,0.0,0.0,0.0,0.0,0.03684210526315797
2026-09-30T01:08:43.647 0.0,0.0,0.0,0.0,0.0,0.03684210526315797
2026-09-30T01:08:43.697 0.0,0.0,0.0,0.0,0.0,0.03684210526315797
2026-09-30T01:08:43.746 0.0,0.0,0.0,0.0,0.0,0.03684210526315797
2026-09-30T01:08:43.797 0.0,0.0,0.0,0.0,0.0,0.03684210526315797
2026-09-30T01:08:43.847 0.0,0.0,0.0,0.0,0.0,0.03684210526315797
2026-09-30T01:08:43.896 0.0,0.0,0.0,0.0,0.0,0.03684210526315797
2026-09-30T01:08:43.947 0.0,0.0,0.0,0.0,0.0,0.03684210526315797
2026-09-30T01:08:43.996 0.0,0.0,0.0,0.0,0.0,0.03684210526315797
2026-09-30T01:08:44.047 0.0,0.0,0.0,0.0,0.0,0.03684210526315797
2026-09-30T01:08:44.096 0.0,0.0,0.0,0.0,0.0,0.03684210526315797
2026-09-30T01:08:44.157 0.0,0.0,0.0,0.0,0.0,0.03684210526315797
2026-09-30T01:08:44.196 0.0,0.0,0.0,0.0,0.0,0.03684210526315797
2026-09-30T01:08:44.247 0.0,0.0,0.0,0.0,0.0,0.03684210526315797
2026-09-30T01:08:44.297 0.0,0.0,0.0,0.0,0.0,0.03684210526315797
2026-09-30T01:08:44.346 0.0,0.0,0.0,0.0,0.0,0.03684210526315797
2026-09-30T01:08:44.397 0.0,0.0,0.0,0.0,0.0,0.03684210526315797
2026-09-30T01:08:44.447 0.0,0.0,0.0,0.0,0.0,0.03684210526315797
2026-09-30T01:08:44.496 0.0,0.0,0.0,0.0,0.0,0.03684210526315797
2026-09-30T01:08:44.546 0.0,0.0,0.0,0.0,0.0,0.03684210526315797
2026-09-30T01:08:44.609 0.0,0.0,0.0,0.0,0.0,0.03684210526315797
2026-09-30T01:08:44.646 0.0,0.0,0.0,0.0,0.0,0.03684210526315797
2026-09-30T01:08:44.697 0.0,0.0,0.0,0.0,0.0,0.03684210526315797
2026-09-30T01:08:44.747 0.0,0.0,0.0,0.0,0.0,0.03684210526315797
2026-09-30T01:08:44.796 0.0,0.0,0.0,0.0,0.0,0.03684210526315797
2026-09-30T01:08:44.847 0.0,0.0,0.0,0.0,0.0,0.03684210526315797
2026-09-30T01:08:44.896 0.0,0.0,0.0,0.0,0.0,0.03684210526315797
2026-09-30T01:08:44.947 0.0,0.0,0.0,0.0,0.0,0.03684210526315797
2026-09-30T01:08:44.997 0.0,0.0,0.0,0.0,0.0,0.03684210526315797
2026-09-30T01:08:45.047 0.0,0.0,0.0,0.0,0.0,0.03684210526315797
2026-09-30T01:08:45.097 0.0,0.0,0.0,0.0,0.0,0.03684210526315797
2026-09-30T01:08:45.147 0.0,0.0,0.0,0.0,0.0,0.03684210526315797
2026-09-30T01:08:45.196 0.0,0.0,0.0,0.0,0.0,0.03684210526315797
2026-09-30T01:08:45.257 0.0,0.0,0.0,0.0,0.0,0.03684210526315797
2026-09-30T01:08:45.298 0.0,0.0,0.0,0.0,0.0,0.03684210526315797
2026-09-30T01:08:45.347 0.0,0.0,0.0,0.0,0.0,0.03684210526315797
2026-09-30T01:08:45.396 0.0,0.0,0.0,0.0,0.0,0.03684210526315797
2026-09-30T01:08:45.447 0.0,0.0,0.0,0.0,0.0,0.03684210526315797
2026-09-30T01:08:45.496 0.0,0.0,0.0,0.0,0.0,0.03684210526315797
2026-09-30T01:08:45.547 0.0,0.0,0.0,0.0,0.0,0.03684210526315797
2026-09-30T01:08:45.596 0.0,0.0,0.0,0.0,0.0,0.03684210526315797
2026-09-30T01:08:45.647 0.0,0.0,0.0,0.0,0.0,0.03684210526315797
2026-09-30T01:08:45.697 0.0,0.0,0.0,0.0,0.0,0.03684210526315797
2026-09-30T01:08:45.746 0.0,0.0,0.0,0.0,0.0,0.03684210526315797
2026-09-30T01:08:45.797 0.0,0.0,0.0,0.0,0.0,0.03684210526315797
2026-09-30T01:08:45.846 0.0,0.0,0.0,0.0,0.0,0.03684210526315797
2026-09-30T01:08:45.896 0.0,0.0,0.0,0.0,0.0,0.03684210526315797
2026-09-30T01:08:45.947 0.0,0.0,0.0,0.0,0.0,0.03684210526315797
2026-09-30T01:08:45.997 0.0,0.0,0.0,0.0,0.0,0.03684210526315797
2026-09-30T01:08:46.046 0.0,0.0,0.0,0.0,0.0,0.03684210526315797
2026-09-30T01:08:46.097 0.0,0.0,0.0,0.0,0.0,0.03684210526315797
2026-09-30T01:08:46.147 0.0,0.0,0.0,0.0,0.0,0.03684210526315797
2026-09-30T01:08:46.196 0.0,0.0,0.0,0.0,0.0,0.03684210526315797
2026-09-30T01:08:46.247 0.0,0.0,0.0,0.0,0.0,0.03684210526315797
2026-09-30T01:08:46.307 0.0,0.0,0.0,0.0,0.0,0.03684210526315797
2026-09-30T01:08:46.346 0.0,0.0,0.0,0.0,0.0,0.03684210526315797
2026-09-30T01:08:46.397 0.0,0.0,0.0,0.0,0.0,0.03684210526315797
2026-09-30T01:08:46.447 0.0,0.0,0.0,0.0,0.0,0.03684210526315797
2026-09-30T01:08:46.499 0.0,0.0,0.0,0.0,0.0,0.03684210526315797
2026-09-30T01:08:46.547 0.0,0.0,0.0,0.0,0.0,0.03684210526315797
2026-09-30T01:08:46.596 0.0,0.0,0.0,0.0,0.0,0.03684210526315797
2026-09-30T01:08:46.646 0.0,0.0,0.0,0.0,0.0,0.03684210526315797
2026-09-30T01:08:46.697 0.0,0.0,0.0,0.0,0.0,0.03684210526315797
2026-09-30T01:08:46.746 0.0,0.0,0.0,0.0,0.0,0.03684210526315797
2026-09-30T01:08:46.797 0.0,0.0,0.0,0.0,0.0,0.03684210526315797
2026-09-30T01:08:46.847 0.0,0.0,0.0,0.0,0.0,0.03684210526315797
2026-09-30T01:08:46.897 0.0,0.0,0.0,0.0,0.0,0.03684210526315797
2026-09-30T01:08:46.947 0.0,0.0,0.0,0.0,0.0,0.03684210526315797
2026-09-30T01:08:46.997 0.0,0.0,0.0,0.0,0.0,0.03684210526315797
2026-09-30T01:08:47.047 0.0,0.0,0.0,0.0,0.0,0.03684210526315797
2026-09-30T01:08:47.096 0.0,0.0,0.0,0.0,0.0,0.03684210526315797
2026-09-30T01:08:47.146 0.0,0.0,0.0,0.0,0.0,0.03684210526315797
2026-09-30T01:08:47.196 0.0,0.0,0.0,0.0,0.0,0.03684210526315797
2026-09-30T01:08:47.247 0.0,0.0,0.0,0.0,0.0,0.03684210526315797
2026-09-30T01:08:47.297 0.0,0.0,0.0,0.0,0.0,0.03684210526315797
2026-09-30T01:08:47.347 0.0,0.0,0.0,0.0,0.0,0.03684210526315797
2026-09-30T01:08:47.396 0.0,0.0,0.0,0.0,0.0,0.03684210526315797
2026-09-30T01:08:47.456 0.0,0.0,0.0,0.0,0.0,0.03684210526315797
2026-09-30T01:08:47.496 0.0,0.0,0.0,0.0,0.0,0.03684210526315797
2026-09-30T01:08:47.546 0.0,0.0,0.0,0.0,0.0,0.03684210526315797
2026-09-30T01:08:47.597 0.0,0.0,0.0,0.0,0.0,0.03684210526315797
2026-09-30T01:08:47.647 0.0,0.0,0.0,0.0,0.0,0.03684210526315797
2026-09-30T01:08:47.696 0.0,0.0,0.0,0.0,0.0,0.03684210526315797
2026-09-30T01:08:47.747 0.0,0.0,0.0,0.0,0.0,0.03684210526315797
2026-09-30T01:08:47.797 0.0,0.0,0.0,0.0,0.0,0.03684210526315797
2026-09-30T01:08:47.846 0.0,0.0,0.0,0.0,0.0,0.03684210526315797
2026-09-30T01:08:47.897 0.0,0.0,0.0,0.0,0.0,0.03684210526315797
2026-09-30T01:08:47.947 0.0,0.0,0.0,0.0,0.0,0.03684210526315797
2026-09-30T01:08:48.007 0.0,0.0,0.0,0.0,0.0,0.03684210526315797
2026-09-30T01:08:48.047 0.0,0.0,0.0,0.0,0.0,0.03684210526315797
2026-09-30T01:08:48.096 0.0,0.0,0.0,0.0,0.0,0.03684210526315797
2026-09-30T01:08:48.146 0.0,0.0,0.0,0.0,0.0,0.03684210526315797
2026-09-30T01:08:48.197 0.0,0.0,0.0,0.0,0.0,0.03684210526315797
2026-09-30T01:08:48.247 0.0,0.0,0.0,0.0,0.0,0.03684210526315797
2026-09-30T01:08:48.297 0.0,0.0,0.0,0.0,0.0,0.03684210526315797
2026-09-30T01:08:48.347 0.0,0.0,0.0,0.0,0.0,0.03684210526315797
2026-09-30T01:08:48.397 0.0,0.0,0.0,0.0,0.0,0.03684210526315797
2026-09-30T01:08:48.449 0.0,0.0,0.0,0.0,0.0,0.03684210526315797
2026-09-30T01:08:48.497 0.0,0.0,0.0,0.0,0.0,0.03684210526315797
2026-09-30T01:08:48.547 0.0,0.0,0.0,0.0,0.0,0.03684210526315797
2026-09-30T01:08:48.597 0.0,0.0,0.0,0.0,0.0,0.03684210526315797
2026-09-30T01:08:48.647 0.0,0.0,0.0,0.0,0.0,0.03684210526315797
2026-09-30T01:08:48.697 0.0,0.0,0.0,0.0,0.0,0.03684210526315797
2026-09-30T01:08:48.747 0.0,0.0,0.0,0.0,0.0,0.03684210526315797
2026-09-30T01:08:48.797 0.0,0.0,0.0,0.0,0.0,0.03684210526315797
2026-09-30T01:08:48.847 0.0,0.0,0.0,0.0,0.0,0.03684210526315797
2026-09-30T01:08:48.897 0.0,0.0,0.0,0.0,0.0,0.03684210526315797
2026-09-30T01:08:48.957 0.0,0.0,0.0,0.0,0.0,0.03684210526315797
2026-09-30T01:08:48.997 0.0,0.0,0.0,0.0,0.0,0.03684210526315797
2026-09-30T01:08:49.046 0.0,0.0,0.0,0.0,0.0,0.03684210526315797
2026-09-30T01:08:49.097 0.0,0.0,0.0,0.0,0.0,0.03684210526315797
2026-09-30T01:08:49.147 0.0,0.0,0.0,0.0,0.0,0.03684210526315797
2026-09-30T01:08:49.196 0.0,0.0,0.0,0.0,0.0,0.03684210526315797
2026-09-30T01:08:49.247 0.0,0.0,0.0,0.0,0.0,0.03684210526315797
2026-09-30T01:08:49.296 0.0,0.0,0.0,0.0,0.0,0.03684210526315797
2026-09-30T01:08:49.348 0.0,0.0,0.0,0.0,0.0,0.03684210526315797
2026-09-30T01:08:49.397 0.0,0.0,0.0,0.0,0.0,0.03684210526315797
2026-09-30T01:08:49.446 0.0,0.0,0.0,0.0,0.0,0.03684210526315797
2026-09-30T01:08:49.497 0.0,0.0,0.0,0.0,0.0,0.03684210526315797
2026-09-30T01:08:49.546 0.0,0.0,0.0,0.0,0.0,0.03684210526315797
2026-09-30T01:08:49.607 0.0,0.0,0.0,0.0,0.0,0.03684210526315797
2026-09-30T01:08:49.647 0.0,0.0,0.0,0.0,0.0,0.03684210526315797
2026-09-30T01:08:49.697 0.0,0.0,0.0,0.0,0.0,0.03684210526315797
2026-09-30T01:08:49.747 0.0,0.0,0.0,0.0,0.0,0.03684210526315797
2026-09-30T01:08:49.807 0.0,0.0,0.0,0.0,0.0,0.03684210526315797
2026-09-30T01:08:49.848 0.0,0.0,0.0,0.0,0.0,0.03684210526315797
2026-09-30T01:08:49.897 0.0,0.0,0.0,0.0,0.0,0.03684210526315797
2026-09-30T01:08:49.946 0.0,0.0,0.0,0.0,0.0,0.03684210526315797
2026-09-30T01:08:49.996 0.0,0.0,0.0,0.0,0.0,0.03684210526315797
2026-09-30T01:08:50.047 0.0,0.0,0.0,0.0,0.0,0.03684210526315797
2026-09-30T01:08:50.096 0.0,0.0,0.0,0.0,0.0,0.03684210526315797
2026-09-30T01:08:50.146 0.0,0.0,0.0,0.0,0.0,0.03684210526315797
2026-09-30T01:08:50.197 0.0,0.0,0.0,0.0,0.0,0.03684210526315797
2026-09-30T01:08:50.247 0.0,0.0,0.0,0.0,0.0,0.03684210526315797
2026-09-30T01:08:50.296 0.0,0.0,0.0,0.0,0.0,0.03684210526315797
2026-09-30T01:08:50.346 0.0,0.0,0.0,0.0,0.0,0.03684210526315797
2026-09-30T01:08:50.396 0.0,0.0,0.0,0.0,0.0,0.03684210526315797
2026-09-30T01:08:50.447 0.0,0.0,0.0,0.0,0.0,0.03684210526315797
2026-09-30T01:08:50.496 0.0,0.0,0.0,0.0,0.0,0.03684210526315797
2026-09-30T01:08:50.547 0.0,0.0,0.0,0.0,0.0,0.03684210526315797
2026-09-30T01:08:50.596 0.0,0.0,0.0,0.0,0.0,0.03684210526315797
2026-09-30T01:08:50.646 0.0,0.0,0.0,0.0,0.0,0.03684210526315797
2026-09-30T01:08:50.697 0.0,0.0,0.0,0.0,0.0,0.03684210526315797
2026-09-30T01:08:50.747 0.0,0.0,0.0,0.0,0.0,0.03684210526315797
2026-09-30T01:08:50.797 0.0,0.0,0.0,0.0,0.0,0.03684210526315797
2026-09-30T01:08:50.847 0.0,0.0,0.0,0.0,0.0,0.03684210526315797
2026-09-30T01:08:50.897 0.0,0.0,0.0,0.0,0.0,0.03684210526315797
2026-09-30T01:08:50.947 0.0,0.0,0.0,0.0,0.0,0.03684210526315797
2026-09-30T01:08:50.997 0.0,0.0,0.0,0.0,0.0,0.03684210526315797
2026-09-30T01:08:51.047 0.0,0.0,0.0,0.0,0.0,0.03684210526315797
2026-09-30T01:08:51.097 0.0,0.0,0.0,0.0,0.0,0.03684210526315797
2026-09-30T01:08:51.146 0.0,0.0,0.0,0.0,0.0,0.03684210526315797
2026-09-30T01:08:51.197 0.0,0.0,0.0,0.0,0.0,0.03684210526315797
2026-09-30T01:08:51.247 0.0,0.0,0.0,0.0,0.0,0.03684210526315797
2026-09-30T01:08:51.297 0.0,0.0,0.0,0.0,0.0,0.03684210526315797
2026-09-30T01:08:51.347 0.0,0.0,0.0,0.0,0.0,0.03684210526315797
2026-09-30T01:08:51.396 0.0,0.0,0.0,0.0,0.0,0.03684210526315797
2026-09-30T01:08:51.446 0.0,0.0,0.0,0.0,0.0,0.03684210526315797
2026-09-30T01:08:51.497 0.0,0.0,0.0,0.0,0.0,0.03684210526315797
2026-09-30T01:08:51.547 0.0,0.0,0.0,0.0,0.0,0.03684210526315797
2026-09-30T01:08:51.596 0.0,0.0,0.0,0.0,0.0,0.03684210526315797
2026-09-30T01:08:51.647 0.0,0.0,0.0,0.0,0.0,0.03684210526315797
2026-09-30T01:08:51.697 0.0,0.0,0.0,0.0,0.0,0.03684210526315797
2026-09-30T01:08:51.747 0.0,0.0,0.0,0.0,0.0,0.03684210526315797
2026-09-30T01:08:51.797 0.0,0.0,0.0,0.0,0.0,0.03684210526315797
2026-09-30T01:08:51.847 0.0,0.0,0.0,0.0,0.0,0.03684210526315797
2026-09-30T01:08:51.897 0.0,0.0,0.0,0.0,0.0,0.03684210526315797
2026-09-30T01:08:51.947 0.0,0.0,0.0,0.0,0.0,0.03684210526315797
2026-09-30T01:08:51.997 0.0,0.0,0.0,0.0,0.0,0.03684210526315797
2026-09-30T01:08:52.047 0.0,0.0,0.0,0.0,0.0,0.03684210526315797
2026-09-30T01:08:52.097 0.0,0.0,0.0,0.0,0.0,0.03684210526315797
2026-09-30T01:08:52.147 0.0,0.0,0.0,0.0,0.0,0.03684210526315797
2026-09-30T01:08:52.197 0.0,0.0,0.0,0.0,0.0,0.03684210526315797
2026-09-30T01:08:52.247 0.0,0.0,0.0,0.0,0.0,0.03684210526315797
2026-09-30T01:08:52.297 0.0,0.0,0.0,0.0,0.0,0.03684210526315797
2026-09-30T01:08:52.347 0.0,0.0,0.0,0.0,0.0,0.03684210526315797
2026-09-30T01:08:52.397 0.0,0.0,0.0,0.0,0.0,0.03684210526315797
2026-09-30T01:08:52.447 0.0,0.0,0.0,0.0,0.0,0.03684210526315797
2026-09-30T01:08:52.497 0.0,0.0,0.0,0.0,0.0,0.03684210526315797
2026-09-30T01:08:52.547 0.0,0.0,0.0,0.0,0.0,0.03684210526315797
2026-09-30T01:08:52.597 0.0,0.0,0.0,0.0,0.0,0.03684210526315797
2026-09-30T01:08:52.647 0.0,0.0,0.0,0.0,0.0,0.03684210526315797
2026-09-30T01:08:52.698 0.0,0.0,0.0,0.0,0.0,0.03684210526315797
2026-09-30T01:08:52.749 0.0,0.0,0.0,0.0,0.0,0.03684210526315797
2026-09-30T01:08:52.797 0.0,0.0,0.0,0.0,0.0,0.03684210526315797
2026-09-30T01:08:52.847 0.0,0.0,0.0,0.0,0.0,0.03684210526315797
2026-09-30T01:08:52.897 0.0,0.0,0.0,0.0,0.0,0.03684210526315797
2026-09-30T01:08:52.947 0.0,0.0,0.0,0.0,0.0,0.03684210526315797
2026-09-30T01:08:52.997 0.0,0.0,0.0,0.0,0.0,0.03684210526315797
2026-09-30T01:08:53.047 0.0,0.0,0.0,0.0,0.0,0.03684210526315797
2026-09-30T01:08:53.097 0.0,0.0,0.0,0.0,0.0,0.03684210526315797
2026-09-30T01:08:53.147 0.0,0.0,0.0,0.0,0.0,0.03684210526315797
2026-09-30T01:08:53.197 0.0,0.0,0.0,0.0,0.0,0.03684210526315797
2026-09-30T01:08:53.247 0.0,0.0,0.0,0.0,0.0,0.03684210526315797
2026-09-30T01:08:53.296 0.0,0.0,0.0,0.0,0.0,0.03684210526315797
2026-09-30T01:08:53.347 0.0,0.0,0.0,0.0,0.0,0.03684210526315797
2026-09-30T01:08:53.397 0.0,0.0,0.0,0.0,0.0,0.03684210526315797
2026-09-30T01:08:53.447 0.0,0.0,0.0,0.0,0.0,0.03684210526315797
2026-09-30T01:08:53.497 0.0,0.0,0.0,0.0,0.0,0.03684210526315797
2026-09-30T01:08:53.546 0.0,0.0,0.0,0.0,0.0,0.03684210526315797
2026-09-30T01:08:53.597 0.0,0.0,0.0,0.0,0.0,0.03684210526315797
2026-09-30T01:08:53.647 0.0,0.0,0.0,0.0,0.0,0.03684210526315797
2026-09-30T01:08:53.697 0.0,0.0,0.0,0.0,0.0,0.03684210526315797
2026-09-30T01:08:53.747 0.0,0.0,0.0,0.0,0.0,0.03684210526315797
2026-09-30T01:08:53.797 0.0,0.0,0.0,0.0,0.0,0.03684210526315797
2026-09-30T01:08:53.847 0.0,0.0,0.0,0.0,0.0,0.03684210526315797
2026-09-30T01:08:53.897 0.0,0.0,0.0,0.0,0.0,0.03684210526315797
2026-09-30T01:08:53.947 0.0,0.0,0.0,0.0,0.0,0.03684210526315797
2026-09-30T01:08:53.997 0.0,0.0,0.0,0.0,0.0,0.03684210526315797
2026-09-30T01:08:54.046 0.0,0.0,0.0,0.0,0.0,0.03684210526315797
2026-09-30T01:08:54.096 0.0,0.0,0.0,0.0,0.0,0.03684210526315797
2026-09-30T01:08:54.147 0.0,0.0,0.0,0.0,0.0,0.03684210526315797
2026-09-30T01:08:54.197 0.0,0.0,0.0,0.0,0.0,0.03684210526315797
2026-09-30T01:08:54.246 0.0,0.0,0.0,0.0,0.0,0.03684210526315797
2026-09-30T01:08:54.296 0.0,0.0,0.0,0.0,0.0,0.03684210526315797
2026-09-30T01:08:54.347 0.0,0.0,0.0,0.0,0.0,0.03684210526315797
2026-09-30T01:08:54.396 0.0,0.0,0.0,0.0,0.0,0.03684210526315797
2026-09-30T01:08:54.447 0.0,0.0,0.0,0.0,0.0,0.03684210526315797
2026-09-30T01:08:54.497 0.0,0.0,0.0,0.0,0.0,0.03684210526315797
2026-09-30T01:08:54.546 0.0,0.0,0.0,0.0,0.0,0.03684210526315797
2026-09-30T01:08:54.597 0.0,0.0,0.0,0.0,0.0,0.03684210526315797
2026-09-30T01:08:54.647 0.0,0.0,0.0,0.0,0.0,0.03684210526315797
2026-09-30T01:08:54.697 0.0,0.0,0.0,0.0,0.0,0.03684210526315797
2026-09-30T01:08:54.747 0.0,0.0,0.0,0.0,0.0,0.03684210526315797
2026-09-30T01:08:54.797 0.0,0.0,0.0,0.0,0.0,0.03684210526315797
2026-09-30T01:08:54.847 0.0,0.0,0.0,0.0,0.0,0.03684210526315797
2026-09-30T01:08:54.897 0.0,0.0,0.0,0.0,0.0,0.03684210526315797
2026-09-30T01:08:54.947 0.0,0.0,0.0,0.0,0.0,0.03684210526315797
2026-09-30T01:08:54.997 0.0,0.0,0.0,0.0,0.0,0.03684210526315797
2026-09-30T01:08:55.047 0.0,0.0,0.0,0.0,0.0,0.03684210526315797
2026-09-30T01:08:55.097 0.0,0.0,0.0,0.0,0.0,0.03684210526315797
2026-09-30T01:08:55.147 0.0,0.0,0.0,0.0,0.0,0.03684210526315797
2026-09-30T01:08:55.196 0.0,0.0,0.0,0.0,0.0,0.03684210526315797
2026-09-30T01:08:55.247 0.0,0.0,0.0,0.0,0.0,0.03684210526315797
2026-09-30T01:08:55.296 0.0,0.0,0.0,0.0,0.0,0.03684210526315797
2026-09-30T01:08:55.347 0.0,0.0,0.0,0.0,0.0,0.03684210526315797
2026-09-30T01:08:55.396 0.0,0.0,0.0,0.0,0.0,0.03684210526315797
2026-09-30T01:08:55.447 0.0,0.0,0.0,0.0,0.0,0.03684210526315797
2026-09-30T01:08:55.496 0.0,0.0,0.0,0.0,0.0,0.03684210526315797
2026-09-30T01:08:55.547 0.0,0.0,0.0,0.0,0.0,0.03684210526315797
2026-09-30T01:08:55.597 0.0,0.0,0.0,0.0,0.0,0.03684210526315797
2026-09-30T01:08:55.646 0.0,0.0,0.0,0.0,0.0,0.03684210526315797
2026-09-30T01:08:55.696 0.0,0.0,0.0,0.0,0.0,0.03684210526315797
2026-09-30T01:08:55.747 0.0,0.0,0.0,0.0,0.0,0.03684210526315797
2026-09-30T01:08:55.796 0.0,0.0,0.0,0.0,0.0,0.03684210526315797
2026-09-30T01:08:55.847 0.0,0.0,0.0,0.0,0.0,0.03684210526315797
2026-09-30T01:08:55.897 0.0,0.0,0.0,0.0,0.0,0.03684210526315797
2026-09-30T01:08:55.946 0.0,0.0,0.0,0.0,0.0,0.03684210526315797
2026-09-30T01:08:55.997 0.0,0.0,0.0,0.0,0.0,0.03684210526315797
2026-09-30T01:08:56.047 0.0,0.0,0.0,0.0,0.0,0.03684210526315797
2026-09-30T01:08:56.096 0.0,0.0,0.0,0.0,0.0,0.03684210526315797
2026-09-30T01:08:56.147 0.0,0.0,0.0,0.0,0.0,0.03684210526315797
2026-09-30T01:08:56.197 0.0,0.0,0.0,0.0,0.0,0.03684210526315797
2026-09-30T01:08:56.246 0.0,0.0,0.0,0.0,0.0,0.03684210526315797
2026-09-30T01:08:56.296 0.0,0.0,0.0,0.0,0.0,0.03684210526315797
2026-09-30T01:08:56.346 0.0,0.0,0.0,0.0,0.0,0.03684210526315797
2026-09-30T01:08:56.396 0.0,0.0,0.0,0.0,0.0,0.03684210526315797
2026-09-30T01:08:56.446 0.0,0.0,0.0,0.0,0.0,0.03684210526315797
2026-09-30T01:08:56.496 0.0,0.0,0.0,0.0,0.0,0.03684210526315797
2026-09-30T01:08:56.547 0.0,0.0,0.0,0.0,0.0,0.03684210526315797
2026-09-30T01:08:56.597 0.0,0.0,0.0,0.0,0.0,0.03684210526315797
2026-09-30T01:08:56.646 0.0,0.0,0.0,0.0,0.0,0.03684210526315797
2026-09-30T01:08:56.697 0.0,0.0,0.0,0.0,0.0,0.03684210526315797
2026-09-30T01:08:56.746 0.0,0.0,0.0,0.0,0.0,0.03684210526315797
2026-09-30T01:08:56.797 0.0,0.0,0.0,0.0,0.0,0.03684210526315797
2026-09-30T01:08:56.847 0.0,0.0,0.0,0.0,0.0,0.03684210526315797
2026-09-30T01:08:56.908 0.0,0.0,0.0,0.0,0.0,0.03684210526315797
2026-09-30T01:08:56.947 0.0,0.0,0.0,0.0,0.0,0.03684210526315797
2026-09-30T01:08:56.997 0.0,0.0,0.0,0.0,0.0,0.03684210526315797
2026-09-30T01:08:57.047 0.0,0.0,0.0,0.0,0.0,0.03684210526315797
2026-09-30T01:08:57.097 0.0,0.0,0.0,0.0,0.0,0.03684210526315797
2026-09-30T01:08:57.147 0.0,0.0,0.0,0.0,0.0,0.03684210526315797
2026-09-30T01:08:57.197 0.0,0.0,0.0,0.0,0.0,0.03684210526315797
2026-09-30T01:08:57.247 0.0,0.0,0.0,0.0,0.0,0.03684210526315797
2026-09-30T01:08:57.297 0.0,0.0,0.0,0.0,0.0,0.03684210526315797
2026-09-30T01:08:57.347 0.0,0.0,0.0,0.0,0.0,0.03684210526315797
2026-09-30T01:08:57.397 0.0,0.0,0.0,0.0,0.0,0.03684210526315797
2026-09-30T01:08:57.457 0.0,0.0,0.0,0.0,0.0,0.03684210526315797
2026-09-30T01:08:57.507 0.0,0.0,0.0,0.0,0.0,0.03684210526315797
2026-09-30T01:08:57.546 0.0,0.0,0.0,0.0,0.0,0.03684210526315797
2026-09-30T01:08:57.607 0.0,0.0,0.0,0.0,0.0,0.03684210526315797
2026-09-30T01:08:57.647 0.0,0.0,0.0,0.0,0.0,0.03684210526315797
2026-09-30T01:08:57.696 0.0,0.0,0.0,0.0,0.0,0.03684210526315797
2026-09-30T01:08:57.746 0.0,0.0,0.0,0.0,0.0,0.03684210526315797
2026-09-30T01:08:57.796 0.0,0.0,0.0,0.0,0.0,0.03684210526315797
2026-09-30T01:08:57.847 0.0,0.0,0.0,0.0,0.0,0.03684210526315797
2026-09-30T01:08:57.896 0.0,0.0,0.0,0.0,0.0,0.03684210526315797
2026-09-30T01:08:57.946 0.0,0.0,0.0,0.0,0.0,0.03684210526315797
2026-09-30T01:08:57.999 0.0,0.0,0.0,0.0,0.0,0.03684210526315797
2026-09-30T01:08:58.047 0.0,0.0,0.0,0.0,0.0,0.03684210526315797
2026-09-30T01:08:58.096 0.0,0.0,0.0,0.0,0.0,0.03684210526315797
2026-09-30T01:08:58.147 0.0,0.0,0.0,0.0,0.0,0.03684210526315797
2026-09-30T01:08:58.197 0.0,0.0,0.0,0.0,0.0,0.03684210526315797
2026-09-30T01:08:58.257 0.0,0.0,0.0,0.0,0.0,0.03684210526315797
2026-09-30T01:08:58.296 0.0,0.0,0.0,0.0,0.0,0.03684210526315797
2026-09-30T01:08:58.357 0.0,0.0,0.0,0.0,0.0,0.03684210526315797
2026-09-30T01:08:58.397 0.0,0.0,0.0,0.0,0.0,0.03684210526315797
2026-09-30T01:08:58.447 0.0,0.0,0.0,0.0,0.0,0.03684210526315797
2026-09-30T01:08:58.497 0.0,0.0,0.0,0.0,0.0,0.03684210526315797
2026-09-30T01:08:58.547 0.0,0.0,0.0,0.0,0.0,0.03684210526315797
2026-09-30T01:08:58.596 0.0,0.0,0.0,0.0,0.0,0.03684210526315797
2026-09-30T01:08:58.647 0.0,0.0,0.0,0.0,0.0,0.03684210526315797
2026-09-30T01:08:58.697 0.0,0.0,0.0,0.0,0.0,0.03684210526315797
2026-09-30T01:08:58.746 0.0,0.0,0.0,0.0,0.0,0.03684210526315797
2026-09-30T01:08:58.797 0.0,0.0,0.0,0.0,0.0,0.03684210526315797
2026-09-30T01:08:58.846 0.0,0.0,0.0,0.0,0.0,0.03684210526315797
2026-09-30T01:08:58.897 0.0,0.0,0.0,0.0,0.0,0.03684210526315797
2026-09-30T01:08:58.947 0.0,0.0,0.0,0.0,0.0,0.03684210526315797
2026-09-30T01:08:58.997 0.0,0.0,0.0,0.0,0.0,0.03684210526315797
2026-09-30T01:08:59.059 0.0,0.0,0.0,0.0,0.0,0.03684210526315797
2026-09-30T01:08:59.097 0.0,0.0,0.0,0.0,0.0,0.03684210526315797
2026-09-30T01:08:59.147 0.0,0.0,0.0,0.0,0.0,0.03684210526315797
2026-09-30T01:08:59.197 0.0,0.0,0.0,0.0,0.0,0.03684210526315797
2026-09-30T01:08:59.247 0.0,0.0,0.0,0.0,0.0,0.03684210526315797
2026-09-30T01:08:59.297 0.0,0.0,0.0,0.0,0.0,0.03684210526315797
2026-09-30T01:08:59.349 0.0,0.0,0.0,0.0,0.0,0.03684210526315797
2026-09-30T01:08:59.397 0.0,0.0,0.0,0.0,0.0,0.03684210526315797
2026-09-30T01:08:59.447 0.0,0.0,0.0,0.0,0.0,0.03684210526315797
2026-09-30T01:08:59.496 0.0,0.0,0.0,0.0,0.0,0.03684210526315797
2026-09-30T01:08:59.547 0.0,0.0,0.0,0.0,0.0,0.03684210526315797
2026-09-30T01:08:59.597 0.0,0.0,0.0,0.0,0.0,0.03684210526315797
2026-09-30T01:08:59.647 0.0,0.0,0.0,0.0,0.0,0.03684210526315797
2026-09-30T01:08:59.699 0.0,0.0,0.0,0.0,0.0,0.03684210526315797
2026-09-30T01:08:59.747 0.0,0.0,0.0,0.0,0.0,0.03684210526315797
2026-09-30T01:08:59.797 0.0,0.0,0.0,0.0,0.0,0.03684210526315797
2026-09-30T01:08:59.847 0.0,0.0,0.0,0.0,0.0,0.03684210526315797
2026-09-30T01:08:59.897 0.0,0.0,0.0,0.0,0.0,0.03684210526315797
2026-09-30T01:08:59.947 0.0,0.0,0.0,0.0,0.0,0.03684210526315797
2026-09-30T01:08:59.996 0.0,0.0,0.0,0.0,0.0,0.03684210526315797
2026-09-30T01:09:00.047 0.0,0.0,0.0,0.0,0.0,0.03684210526315797
2026-09-30T01:09:00.096 0.0,0.0,0.0,0.0,0.0,0.03684210526315797
2026-09-30T01:09:00.147 0.0,0.0,0.0,0.0,0.0,0.03684210526315797
2026-09-30T01:09:00.196 0.0,0.0,0.0,0.0,0.0,0.03684210526315797
2026-09-30T01:09:00.247 0.0,0.0,0.0,0.0,0.0,0.03684210526315797
2026-09-30T01:09:00.296 0.0,0.0,0.0,0.0,0.0,0.03684210526315797
2026-09-30T01:09:00.346 0.0,0.0,0.0,0.0,0.0,0.03684210526315797
2026-09-30T01:09:00.397 0.0,0.0,0.0,0.0,0.0,0.03684210526315797
2026-09-30T01:09:00.447 0.0,0.0,0.0,0.0,0.0,0.03684210526315797
2026-09-30T01:09:00.497 0.0,0.0,0.0,0.0,0.0,0.03684210526315797
2026-09-30T01:09:00.547 0.0,0.0,0.0,0.0,0.0,0.03684210526315797
2026-09-30T01:09:00.597 0.0,0.0,0.0,0.0,0.0,0.03684210526315797
2026-09-30T01:09:00.647 0.0,0.0,0.0,0.0,0.0,0.03684210526315797
2026-09-30T01:09:00.696 0.0,0.0,0.0,0.0,0.0,0.03684210526315797
2026-09-30T01:09:00.747 0.0,0.0,0.0,0.0,0.0,0.03684210526315797
2026-09-30T01:09:00.797 0.0,0.0,0.0,0.0,0.0,0.03684210526315797
2026-09-30T01:09:00.847 0.0,0.0,0.0,0.0,0.0,0.03684210526315797
2026-09-30T01:09:00.896 0.0,0.0,0.0,0.0,0.0,0.03684210526315797
2026-09-30T01:09:00.946 0.0,0.0,0.0,0.0,0.0,0.03684210526315797
2026-09-30T01:09:00.997 0.0,0.0,0.0,0.0,0.0,0.03684210526315797
2026-09-30T01:09:01.047 0.0,0.0,0.0,0.0,0.0,0.03684210526315797
2026-09-30T01:09:01.096 0.0,0.0,0.0,0.0,0.0,0.03684210526315797
2026-09-30T01:09:01.147 0.0,0.0,0.0,0.0,0.0,0.03684210526315797
2026-09-30T01:09:01.197 0.0,0.0,0.0,0.0,0.0,0.03684210526315797
2026-09-30T01:09:01.246 0.0,0.0,0.0,0.0,0.0,0.03684210526315797
2026-09-30T01:09:01.296 0.0,0.0,0.0,0.0,0.0,0.03684210526315797
2026-09-30T01:09:01.347 0.0,0.0,0.0,0.0,0.0,0.03684210526315797
2026-09-30T01:09:01.397 0.0,0.0,0.0,0.0,0.0,0.03684210526315797
2026-09-30T01:09:01.447 0.0,0.0,0.0,0.0,0.0,0.03684210526315797
2026-09-30T01:09:01.497 0.0,0.0,0.0,0.0,0.0,0.03684210526315797
2026-09-30T01:09:01.547 0.0,0.0,0.0,0.0,0.0,0.03684210526315797
2026-09-30T01:09:01.597 0.0,0.0,0.0,0.0,0.0,0.03684210526315797
2026-09-30T01:09:01.647 0.0,0.0,0.0,0.0,0.0,0.03684210526315797
2026-09-30T01:09:01.697 0.0,0.0,0.0,0.0,0.0,0.03684210526315797
2026-09-30T01:09:01.747 0.0,0.0,0.0,0.0,0.0,0.03684210526315797
2026-09-30T01:09:01.796 0.0,0.0,0.0,0.0,0.0,0.03684210526315797
2026-09-30T01:09:01.846 0.0,0.0,0.0,0.0,0.0,0.03684210526315797
2026-09-30T01:09:01.897 0.0,0.0,0.0,0.0,0.0,0.03684210526315797
2026-09-30T01:09:01.947 0.0,0.0,0.0,0.0,0.0,0.03684210526315797
2026-09-30T01:09:01.997 0.0,0.0,0.0,0.0,0.0,0.03684210526315797
2026-09-30T01:09:02.046 0.0,0.0,0.0,0.0,0.0,0.03684210526315797
2026-09-30T01:09:02.096 0.0,0.0,0.0,0.0,0.0,0.03684210526315797
2026-09-30T01:09:02.147 0.0,0.0,0.0,0.0,0.0,0.03684210526315797
2026-09-30T01:09:02.196 0.0,0.0,0.0,0.0,0.0,0.03684210526315797
2026-09-30T01:09:02.246 0.0,0.0,0.0,0.0,0.0,0.03684210526315797
2026-09-30T01:09:02.297 0.0,0.0,0.0,0.0,0.0,0.03684210526315797
2026-09-30T01:09:02.346 0.0,0.0,0.0,0.0,0.0,0.03684210526315797
2026-09-30T01:09:02.397 0.0,0.0,0.0,0.0,0.0,0.03684210526315797
2026-09-30T01:09:02.447 0.0,0.0,0.0,0.0,0.0,0.03684210526315797
2026-09-30T01:09:02.497 0.0,0.0,0.0,0.0,0.0,0.03684210526315797
2026-09-30T01:09:02.546 0.0,0.0,0.0,0.0,0.0,0.03684210526315797
2026-09-30T01:09:02.597 0.0,0.0,0.0,0.0,0.0,0.03684210526315797
2026-09-30T01:09:02.647 0.0,0.0,0.0,0.0,0.0,0.03684210526315797
2026-09-30T01:09:02.706 0.0,0.0,0.0,0.0,0.0,0.03684210526315797
2026-09-30T01:09:02.747 0.0,0.0,0.0,0.0,0.0,0.03684210526315797
2026-09-30T01:09:02.797 0.0,0.0,0.0,0.0,0.0,0.03684210526315797
2026-09-30T01:09:02.847 0.0,0.0,0.0,0.0,0.0,0.03684210526315797
2026-09-30T01:09:02.897 0.0,0.0,0.0,0.0,0.0,0.03684210526315797
2026-09-30T01:09:02.947 0.0,0.0,0.0,0.0,0.0,0.03684210526315797
2026-09-30T01:09:02.996 0.0,0.0,0.0,0.0,0.0,0.03684210526315797
2026-09-30T01:09:03.047 0.0,0.0,0.0,0.0,0.0,0.03684210526315797
2026-09-30T01:09:03.097 0.0,0.0,0.0,0.0,0.0,0.03684210526315797
2026-09-30T01:09:03.146 0.0,0.0,0.0,0.0,0.0,0.03684210526315797
2026-09-30T01:09:03.197 0.0,0.0,0.0,0.0,0.0,0.03684210526315797
2026-09-30T01:09:03.247 0.0,0.0,0.0,0.0,0.0,0.03684210526315797
2026-09-30T01:09:03.297 0.0,0.0,0.0,0.0,0.0,0.03684210526315797
2026-09-30T01:09:03.346 0.0,0.0,0.0,0.0,0.0,0.03684210526315797
2026-09-30T01:09:03.397 0.0,0.0,0.0,0.0,0.0,0.03684210526315797
2026-09-30T01:09:03.446 0.0,0.0,0.0,0.0,0.0,0.03684210526315797
2026-09-30T01:09:03.497 0.0,0.0,0.0,0.0,0.0,0.03684210526315797
2026-09-30T01:09:03.547 0.0,0.0,0.0,0.0,0.0,0.03684210526315797
2026-09-30T01:09:03.598 0.0,0.0,0.0,0.0,0.0,0.03684210526315797
2026-09-30T01:09:03.647 0.0,0.0,0.0,0.0,0.0,0.03684210526315797
2026-09-30T01:09:03.697 0.0,0.0,0.0,0.0,0.0,0.03684210526315797
2026-09-30T01:09:03.746 0.0,0.0,0.0,0.0,0.0,0.03684210526315797
2026-09-30T01:09:03.797 0.0,0.0,0.0,0.0,0.0,0.03684210526315797
2026-09-30T01:09:03.849 0.0,0.0,0.0,0.0,0.0,0.03684210526315797
2026-09-30T01:09:03.897 0.0,0.0,0.0,0.0,0.0,0.03684210526315797
2026-09-30T01:09:03.947 0.0,0.0,0.0,0.0,0.0,0.03684210526315797
2026-09-30T01:09:03.996 0.0,0.0,0.0,0.0,0.0,0.03684210526315797
2026-09-30T01:09:04.046 0.0,0.0,0.0,0.0,0.0,0.03684210526315797
2026-09-30T01:09:04.096 0.0,0.0,0.0,0.0,0.0,0.03684210526315797
2026-09-30T01:09:04.146 0.0,0.0,0.0,0.0,0.0,0.03684210526315797
2026-09-30T01:09:04.197 0.0,0.0,0.0,0.0,0.0,0.03684210526315797
2026-09-30T01:09:04.247 0.0,0.0,0.0,0.0,0.0,0.03684210526315797
2026-09-30T01:09:04.296 0.0,0.0,0.0,0.0,0.0,0.03684210526315797
2026-09-30T01:09:04.348 0.0,0.0,0.0,0.0,0.0,0.03684210526315797
2026-09-30T01:09:04.397 0.0,0.0,0.0,0.0,0.0,0.03684210526315797
2026-09-30T01:09:04.447 0.0,0.0,0.0,0.0,0.0,0.03684210526315797
2026-09-30T01:09:04.496 0.0,0.0,0.0,0.0,0.0,0.03684210526315797
2026-09-30T01:09:04.548 0.0,0.0,0.0,0.0,0.0,0.03684210526315797
2026-09-30T01:09:04.597 0.0,0.0,0.0,0.0,0.0,0.03684210526315797
2026-09-30T01:09:04.647 0.0,0.0,0.0,0.0,0.0,0.03684210526315797
2026-09-30T01:09:04.697 0.0,0.0,0.0,0.0,0.0,0.03684210526315797
2026-09-30T01:09:04.746 0.0,0.0,0.0,0.0,0.0,0.03684210526315797
2026-09-30T01:09:04.796 0.0,0.0,0.0,0.0,0.0,0.03684210526315797
2026-09-30T01:09:04.847 0.0,0.0,0.0,0.0,0.0,0.03684210526315797
2026-09-30T01:09:04.896 0.0,0.0,0.0,0.0,0.0,0.03684210526315797
2026-09-30T01:09:04.947 0.0,0.0,0.0,0.0,0.0,0.03684210526315797
2026-09-30T01:09:04.996 0.0,0.0,0.0,0.0,0.0,0.03684210526315797
2026-09-30T01:09:05.047 0.0,0.0,0.0,0.0,0.0,0.03684210526315797
2026-09-30T01:09:05.107 0.0,0.0,0.0,0.0,0.0,0.03684210526315797
2026-09-30T01:09:05.146 0.0,0.0,0.0,0.0,0.0,0.03684210526315797
2026-09-30T01:09:05.197 0.0,0.0,0.0,0.0,0.0,0.03684210526315797
2026-09-30T01:09:05.246 0.0,0.0,0.0,0.0,0.0,0.03684210526315797
2026-09-30T01:09:05.307 0.0,0.0,0.0,0.0,0.0,0.03684210526315797
2026-09-30T01:09:05.347 0.0,0.0,0.0,0.0,0.0,0.03684210526315797
2026-09-30T01:09:05.396 0.0,0.0,0.0,0.0,0.0,0.03684210526315797
2026-09-30T01:09:05.446 0.0,0.0,0.0,0.0,0.0,0.03684210526315797
2026-09-30T01:09:05.496 0.0,0.0,0.0,0.0,0.0,0.03684210526315797
2026-09-30T01:09:05.546 0.0,0.0,0.0,0.0,0.0,0.03684210526315797
2026-09-30T01:09:05.607 0.0,0.0,0.0,0.0,0.0,0.03684210526315797
2026-09-30T01:09:05.647 0.0,0.0,0.0,0.0,0.0,0.03684210526315797
2026-09-30T01:09:05.707 0.0,0.0,0.0,0.0,0.0,0.03684210526315797
2026-09-30T01:09:05.747 0.0,0.0,0.0,0.0,0.0,0.03684210526315797
2026-09-30T01:09:05.796 0.0,0.0,0.0,0.0,0.0,0.03684210526315797
2026-09-30T01:09:05.847 0.0,0.0,0.0,0.0,0.0,0.03684210526315797
2026-09-30T01:09:05.897 0.0,0.0,0.0,0.0,0.0,0.03684210526315797
2026-09-30T01:09:05.957 0.0,0.0,0.0,0.0,0.0,0.03684210526315797
2026-09-30T01:09:05.997 0.0,0.0,0.0,0.0,0.0,0.03684210526315797
2026-09-30T01:09:06.047 0.0,0.0,0.0,0.0,0.0,0.03684210526315797
2026-09-30T01:09:06.098 0.0,0.0,0.0,0.0,0.0,0.03684210526315797
2026-09-30T01:09:06.158 0.0,0.0,0.0,0.0,0.0,0.03684210526315797
2026-09-30T01:09:06.197 0.0,0.0,0.0,0.0,0.0,0.03684210526315797
2026-09-30T01:09:06.256 0.0,0.0,0.0,0.0,0.0,0.03684210526315797
2026-09-30T01:09:06.296 0.0,0.0,0.0,0.0,0.0,0.03684210526315797
2026-09-30T01:09:06.346 0.0,0.0,0.0,0.0,0.0,0.03684210526315797
2026-09-30T01:09:06.397 0.0,0.0,0.0,0.0,0.0,0.03684210526315797
2026-09-30T01:09:06.457 0.0,0.0,0.0,0.0,0.0,0.03684210526315797
2026-09-30T01:09:06.497 0.0,0.0,0.0,0.0,0.0,0.03684210526315797
2026-09-30T01:09:06.547 0.0,0.0,0.0,0.0,0.0,0.03684210526315797
2026-09-30T01:09:06.596 0.0,0.0,0.0,0.0,0.0,0.03684210526315797
2026-09-30T01:09:06.647 0.0,0.0,0.0,0.0,0.0,0.03684210526315797
2026-09-30T01:09:06.697 0.0,0.0,0.0,0.0,0.0,0.03684210526315797
2026-09-30T01:09:06.747 0.0,0.0,0.0,0.0,0.0,0.03684210526315797
2026-09-30T01:09:06.797 0.0,0.0,0.0,0.0,0.0,0.03684210526315797
2026-09-30T01:09:06.846 0.0,0.0,0.0,0.0,0.0,0.03684210526315797
2026-09-30T01:09:06.897 0.0,0.0,0.0,0.0,0.0,0.03684210526315797
2026-09-30T01:09:06.946 0.0,0.0,0.0,0.0,0.0,0.03684210526315797
2026-09-30T01:09:06.997 0.0,0.0,0.0,0.0,0.0,0.03684210526315797
2026-09-30T01:09:07.047 0.0,0.0,0.0,0.0,0.0,0.03684210526315797
2026-09-30T01:09:07.096 0.0,0.0,0.0,0.0,0.0,0.03684210526315797
2026-09-30T01:09:07.147 0.0,0.0,0.0,0.0,0.0,0.03684210526315797
2026-09-30T01:09:07.196 0.0,0.0,0.0,0.0,0.0,0.03684210526315797
2026-09-30T01:09:07.257 0.0,0.0,0.0,0.0,0.0,0.03684210526315797
2026-09-30T01:09:07.297 0.0,0.0,0.0,0.0,0.0,0.03684210526315797
2026-09-30T01:09:07.347 0.0,0.0,0.0,0.0,0.0,0.03684210526315797
2026-09-30T01:09:07.397 0.0,0.0,0.0,0.0,0.0,0.03684210526315797
2026-09-30T01:09:07.446 0.0,0.0,0.0,0.0,0.0,0.03684210526315797
2026-09-30T01:09:07.497 0.0,0.0,0.0,0.0,0.0,0.03684210526315797
2026-09-30T01:09:07.547 0.0,0.0,0.0,0.0,0.0,0.03684210526315797
2026-09-30T01:09:07.597 0.0,0.0,0.0,0.0,0.0,0.03684210526315797
2026-09-30T01:09:07.647 0.0,0.0,0.0,0.0,0.0,0.03684210526315797
2026-09-30T01:09:07.697 0.0,0.0,0.0,0.0,0.0,0.03684210526315797
2026-09-30T01:09:07.747 0.0,0.0,0.0,0.0,0.0,0.03684210526315797
2026-09-30T01:09:07.797 0.0,0.0,0.0,0.0,0.0,0.03684210526315797
2026-09-30T01:09:07.846 0.0,0.0,0.0,0.0,0.0,0.03684210526315797
2026-09-30T01:09:07.897 0.0,0.0,0.0,0.0,0.0,0.03684210526315797
2026-09-30T01:09:07.947 0.0,0.0,0.0,0.0,0.0,0.03684210526315797
2026-09-30T01:09:07.997 0.0,0.0,0.0,0.0,0.0,0.03684210526315797
2026-09-30T01:09:08.046 0.0,0.0,0.0,0.0,0.0,0.03684210526315797
2026-09-30T01:09:08.097 0.0,0.0,0.0,0.0,0.0,0.03684210526315797
2026-09-30T01:09:08.147 0.0,0.0,0.0,0.0,0.0,0.03684210526315797
2026-09-30T01:09:08.196 0.0,0.0,0.0,0.0,0.0,0.03684210526315797
2026-09-30T01:09:08.247 0.0,0.0,0.0,0.0,0.0,0.03684210526315797
2026-09-30T01:09:08.297 0.0,0.0,0.0,0.0,0.0,0.03684210526315797
2026-09-30T01:09:08.357 0.0,0.0,0.0,0.0,0.0,0.03684210526315797
2026-09-30T01:09:08.396 0.0,0.0,0.0,0.0,0.0,0.03684210526315797
2026-09-30T01:09:08.446 0.0,0.0,0.0,0.0,0.0,0.03684210526315797
2026-09-30T01:09:08.496 0.0,0.0,0.0,0.0,0.0,0.03684210526315797
2026-09-30T01:09:08.547 0.0,0.0,0.0,0.0,0.0,0.03684210526315797
2026-09-30T01:09:08.596 0.0,0.0,0.0,0.0,0.0,0.03684210526315797
2026-09-30T01:09:08.647 0.0,0.0,0.0,0.0,0.0,0.03684210526315797
2026-09-30T01:09:08.697 0.0,0.0,0.0,0.0,0.0,0.03684210526315797
2026-09-30T01:09:08.747 0.0,0.0,0.0,0.0,0.0,0.03684210526315797
2026-09-30T01:09:08.797 0.0,0.0,0.0,0.0,0.0,0.03684210526315797
2026-09-30T01:09:08.847 0.0,0.0,0.0,0.0,0.0,0.03684210526315797
2026-09-30T01:09:08.897 0.0,0.0,0.0,0.0,0.0,0.03684210526315797
2026-09-30T01:09:08.946 0.0,0.0,0.0,0.0,0.0,0.03684210526315797
2026-09-30T01:09:08.997 0.0,0.0,0.0,0.0,0.0,0.03684210526315797
2026-09-30T01:09:09.047 0.0,0.0,0.0,0.0,0.0,0.03684210526315797
2026-09-30T01:09:09.097 0.0,0.0,0.0,0.0,0.0,0.03684210526315797
2026-09-30T01:09:09.147 0.0,0.0,0.0,0.0,0.0,0.03684210526315797
2026-09-30T01:09:09.196 0.0,0.0,0.0,0.0,0.0,0.03684210526315797
2026-09-30T01:09:09.247 0.0,0.0,0.0,0.0,0.0,0.03684210526315797
2026-09-30T01:09:09.318 0.0,0.0,0.0,0.0,0.0,0.03684210526315797
2026-09-30T01:09:09.346 0.0,0.0,0.0,0.0,0.0,0.03684210526315797
2026-09-30T01:09:09.397 0.0,0.0,0.0,0.0,0.0,0.03684210526315797
2026-09-30T01:09:09.446 0.0,0.0,0.0,0.0,0.0,0.03684210526315797
2026-09-30T01:09:10.265 0.0,0.0,0.0,0.0,0.0,0.03684210526315797
2026-09-30T01:09:11.468 0.0,0.0,0.0,0.0,0.0,0.03684210526315797
2026-09-30T01:09:11.517 0.0,0.0,0.0,0.0,0.0,0.03684210526315797
2026-09-30T01:09:11.567 0.0,0.0,0.0,0.0,0.0,0.03684210526315797
2026-09-30T01:09:11.617 0.0,0.0,0.0,0.0,0.0,0.03684210526315797
2026-09-30T01:09:11.668 0.0,0.0,0.0,0.0,0.0,0.03684210526315797
2026-09-30T01:09:11.718 0.0,0.0,0.0,0.0,0.0,0.03684210526315797
2026-09-30T01:09:11.767 0.0,0.0,0.0,0.0,0.0,0.03684210526315797
2026-09-30T01:09:11.817 0.0,0.0,0.0,0.0,0.0,0.03684210526315797
2026-09-30T01:09:11.868 0.0,0.0,0.0,0.0,0.0,0.03684210526315797
2026-09-30T01:09:11.917 0.0,0.0,0.0,0.0,0.0,0.03684210526315797
2026-09-30T01:09:11.968 0.0,0.0,0.0,0.0,0.0,0.03684210526315797
2026-09-30T01:09:12.017 0.0,0.0,0.0,0.0,0.0,0.03684210526315797
2026-09-30T01:09:12.068 0.0,0.0,0.0,0.0,0.0,0.03684210526315797
2026-09-30T01:09:12.117 0.0,0.0,0.0,0.0,0.0,0.03684210526315797
2026-09-30T01:09:12.168 0.0,0.0,0.0,0.0,0.0,0.03684210526315797
2026-09-30T01:09:12.217 0.0,0.0,0.0,0.0,0.0,0.03684210526315797
2026-09-30T01:09:12.267 0.0,0.0,0.0,0.0,0.0,0.03684210526315797
2026-09-30T01:09:12.317 0.0,0.0,0.0,0.0,0.0,0.03684210526315797
2026-09-30T01:09:12.367 0.0,0.0,0.0,0.0,0.0,0.03684210526315797
2026-09-30T01:09:12.417 0.0,0.0,0.0,0.0,0.0,0.03684210526315797
2026-09-30T01:09:12.467 0.0,0.0,0.0,0.0,0.0,0.03684210526315797
2026-09-30T01:09:12.517 0.0,0.0,0.0,0.0,0.0,0.03684210526315797
2026-09-30T01:09:12.568 0.0,0.0,0.0,0.0,0.0,0.03684210526315797
2026-09-30T01:09:12.618 0.0,0.0,0.0,0.0,0.0,0.03684210526315797
2026-09-30T01:09:12.668 0.0,0.0,0.0,0.0,0.0,0.03684210526315797
2026-09-30T01:09:12.717 0.0,0.0,0.0,0.0,0.0,0.03684210526315797
2026-09-30T01:09:12.768 0.0,0.0,0.0,0.0,0.0,0.03684210526315797
2026-09-30T01:09:12.817 0.0,0.0,0.0,0.0,0.0,0.03684210526315797
2026-09-30T01:09:12.868 0.0,0.0,0.0,0.0,0.0,0.03684210526315797
2026-09-30T01:09:12.917 0.0,0.0,0.0,0.0,0.0,0.03684210526315797
2026-09-30T01:09:12.967 0.0,0.0,0.0,0.0,0.0,0.03684210526315797
2026-09-30T01:09:13.017 0.0,0.0,0.0,0.0,0.0,0.03684210526315797
2026-09-30T01:09:13.068 0.0,0.0,0.0,0.0,0.0,0.03684210526315797
2026-09-30T01:09:13.118 0.0,0.0,0.0,0.0,0.0,0.03684210526315797
2026-09-30T01:09:13.168 0.0,0.0,0.0,0.0,0.0,0.03684210526315797
2026-09-30T01:09:13.217 0.0,0.0,0.0,0.0,0.0,0.03684210526315797
2026-09-30T01:09:13.268 0.0,0.0,0.0,0.0,0.0,0.03684210526315797
2026-09-30T01:09:13.317 0.0,0.0,0.0,0.0,0.0,0.03684210526315797
2026-09-30T01:09:13.368 0.0,0.0,0.0,0.0,0.0,0.03684210526315797
2026-09-30T01:09:13.418 0.0,0.0,0.0,0.0,0.0,0.03684210526315797
2026-09-30T01:09:13.467 0.0,0.0,0.0,0.0,0.0,0.03684210526315797
2026-09-30T01:09:13.517 0.0,0.0,0.0,0.0,0.0,0.03684210526315797
2026-09-30T01:09:13.568 0.0,0.0,0.0,0.0,0.0,0.03684210526315797
2026-09-30T01:09:13.617 0.0,0.0,0.0,0.0,0.0,0.03684210526315797
2026-09-30T01:09:13.667 0.0,0.0,0.0,0.0,0.0,0.03684210526315797
2026-09-30T01:09:13.717 0.0,0.0,0.0,0.0,0.0,0.03684210526315797
2026-09-30T01:09:13.767 0.0,0.0,0.0,0.0,0.0,0.03684210526315797
2026-09-30T01:09:13.818 0.0,0.0,0.0,0.0,0.0,0.03684210526315797
2026-09-30T01:09:13.868 0.0,0.0,0.0,0.0,0.0,0.03684210526315797
2026-09-30T01:09:13.917 0.0,0.0,0.0,0.0,0.0,0.03684210526315797
2026-09-30T01:09:13.967 0.0,0.0,0.0,0.0,0.0,0.03684210526315797
2026-09-30T01:09:14.018 0.0,0.0,0.0,0.0,0.0,0.03684210526315797
2026-09-30T01:09:14.068 0.0,0.0,0.0,0.0,0.0,0.03684210526315797
2026-09-30T01:09:14.118 0.0,0.0,0.0,0.0,0.0,0.03684210526315797
2026-09-30T01:09:14.168 0.0,0.0,0.0,0.0,0.0,0.03684210526315797
2026-09-30T01:09:14.218 0.0,0.0,0.0,0.0,0.0,0.03684210526315797
2026-09-30T01:09:14.268 0.0,0.0,0.0,0.0,0.0,0.03684210526315797
2026-09-30T01:09:14.318 0.0,0.0,0.0,0.0,0.0,0.03684210526315797
2026-09-30T01:09:14.367 0.0,0.0,0.0,0.0,0.0,0.03684210526315797
2026-09-30T01:09:14.417 0.0,0.0,0.0,0.0,0.0,0.03684210526315797
2026-09-30T01:09:14.468 0.0,0.0,0.0,0.0,0.0,0.03684210526315797
2026-09-30T01:09:14.517 0.0,0.0,0.0,0.0,0.0,0.03684210526315797
2026-09-30T01:09:14.567 0.0,0.0,0.0,0.0,0.0,0.03684210526315797
2026-09-30T01:09:14.618 0.0,0.0,0.0,0.0,0.0,0.03684210526315797
2026-09-30T01:09:14.668 0.0,0.0,0.0,0.0,0.0,0.03684210526315797
2026-09-30T01:09:14.718 0.0,0.0,0.0,0.0,0.0,0.03684210526315797
2026-09-30T01:09:14.767 0.0,0.0,0.0,0.0,0.0,0.03684210526315797
2026-09-30T01:09:14.817 0.0,0.0,0.0,0.0,0.0,0.03684210526315797
2026-09-30T01:09:14.867 0.0,0.0,0.0,0.0,0.0,0.03684210526315797
2026-09-30T01:09:14.917 0.0,0.0,0.0,0.0,0.0,0.03684210526315797
2026-09-30T01:09:14.967 0.0,0.0,0.0,0.0,0.0,0.03684210526315797
2026-09-30T01:09:15.018 0.0,0.0,0.0,0.0,0.0,0.03684210526315797
2026-09-30T01:09:15.068 0.0,0.0,0.0,0.0,0.0,0.03684210526315797
2026-09-30T01:09:15.118 0.0,0.0,0.0,0.0,0.0,0.03684210526315797
2026-09-30T01:09:15.168 0.0,0.0,0.0,0.0,0.0,0.03684210526315797
2026-09-30T01:09:15.217 0.0,0.0,0.0,0.0,0.0,0.03684210526315797
2026-09-30T01:09:15.267 0.0,0.0,0.0,0.0,0.0,0.03684210526315797
2026-09-30T01:09:15.318 0.0,0.0,0.0,0.0,0.0,0.03684210526315797
2026-09-30T01:09:15.368 0.0,0.0,0.0,0.0,0.0,0.03684210526315797
2026-09-30T01:09:15.418 0.0,0.0,0.0,0.0,0.0,0.03684210526315797
2026-09-30T01:09:15.480 0.0,0.0,0.0,0.0,0.0,0.03684210526315797
2026-09-30T01:09:15.518 0.0,0.0,0.0,0.0,0.0,0.03684210526315797
2026-09-30T01:09:15.578 0.0,0.0,0.0,0.0,0.0,0.03684210526315797
2026-09-30T01:09:15.618 0.0,0.0,0.0,0.0,0.0,0.03684210526315797
2026-09-30T01:09:15.677 0.0,0.0,0.0,0.0,0.0,0.03684210526315797
2026-09-30T01:09:15.718 0.0,0.0,0.0,0.0,0.0,0.03684210526315797
2026-09-30T01:09:15.778 0.0,0.0,0.0,0.0,0.0,0.03684210526315797
2026-09-30T01:09:15.818 0.0,0.0,0.0,0.0,0.0,0.03684210526315797
2026-09-30T01:09:15.867 0.0,0.0,0.0,0.0,0.0,0.03684210526315797
2026-09-30T01:09:15.918 0.0,0.0,0.0,0.0,0.0,0.03684210526315797
2026-09-30T01:09:15.967 0.0,0.0,0.0,0.0,0.0,0.03684210526315797
2026-09-30T01:09:16.018 0.0,0.0,0.0,0.0,0.0,0.03684210526315797
2026-09-30T01:09:16.068 0.0,0.0,0.0,0.0,0.0,0.03684210526315797
2026-09-30T01:09:16.118 0.0,0.0,0.0,0.0,0.0,0.03684210526315797
2026-09-30T01:09:16.167 0.0,0.0,0.0,0.0,0.0,0.03684210526315797
2026-09-30T01:09:16.218 0.0,0.0,0.0,0.0,0.0,0.03684210526315797
2026-09-30T01:09:16.267 0.0,0.0,0.0,0.0,0.0,0.03684210526315797
2026-09-30T01:09:16.318 0.0,0.0,0.0,0.0,0.0,0.03684210526315797
2026-09-30T01:09:16.378 0.0,0.0,0.0,0.0,0.0,0.03684210526315797
2026-09-30T01:09:16.418 0.0,0.0,0.0,0.0,0.0,0.03684210526315797
2026-09-30T01:09:16.467 0.0,0.0,0.0,0.0,0.0,0.03684210526315797
2026-09-30T01:09:16.518 0.0,0.0,0.0,0.0,0.0,0.03684210526315797
2026-09-30T01:09:16.570 0.0,0.0,0.0,0.0,0.0,0.03684210526315797
2026-09-30T01:09:16.618 0.0,0.0,0.0,0.0,0.0,0.03684210526315797
2026-09-30T01:09:16.668 0.0,0.0,0.0,0.0,0.0,0.03684210526315797
2026-09-30T01:09:16.718 0.0,0.0,0.0,0.0,0.0,0.03684210526315797
2026-09-30T01:09:16.777 0.0,0.0,0.0,0.0,0.0,0.03684210526315797
2026-09-30T01:09:16.818 0.0,0.0,0.0,0.0,0.0,0.03684210526315797
2026-09-30T01:09:16.867 0.0,0.0,0.0,0.0,0.0,0.03684210526315797
2026-09-30T01:09:16.917 0.0,0.0,0.0,0.0,0.0,0.03684210526315797
2026-09-30T01:09:16.967 0.0,0.0,0.0,0.0,0.0,0.03684210526315797
2026-09-30T01:09:17.018 0.0,0.0,0.0,0.0,0.0,0.03684210526315797
2026-09-30T01:09:17.068 0.0,0.0,0.0,0.0,0.0,0.03684210526315797
2026-09-30T01:09:17.117 0.0,0.0,0.0,0.0,0.0,0.03684210526315797
2026-09-30T01:09:17.168 0.0,0.0,0.0,0.0,0.0,0.03684210526315797
2026-09-30T01:09:17.218 0.0,0.0,0.0,0.0,0.0,0.03684210526315797
2026-09-30T01:09:17.267 0.0,0.0,0.0,0.0,0.0,0.03684210526315797
2026-09-30T01:09:17.319 0.0,0.0,0.0,0.0,0.0,0.03684210526315797
2026-09-30T01:09:17.368 0.0,0.0,0.0,0.0,0.0,0.03684210526315797
2026-09-30T01:09:17.417 0.0,0.0,0.0,0.0,0.0,0.03684210526315797
2026-09-30T01:09:17.468 0.0,0.0,0.0,0.0,0.0,0.03684210526315797
2026-09-30T01:09:17.517 0.0,0.0,0.0,0.0,0.0,0.03684210526315797
2026-09-30T01:09:17.567 0.0,0.0,0.0,0.0,0.0,0.03684210526315797
2026-09-30T01:09:17.618 0.0,0.0,0.0,0.0,0.0,0.03684210526315797
2026-09-30T01:09:17.667 0.0,0.0,0.0,0.0,0.0,0.03684210526315797
2026-09-30T01:09:17.717 0.0,0.0,0.0,0.0,0.0,0.03684210526315797
2026-09-30T01:09:17.767 0.0,0.0,0.0,0.0,0.0,0.03684210526315797
2026-09-30T01:09:17.818 0.0,0.0,0.0,0.0,0.0,0.03684210526315797
2026-09-30T01:09:17.867 0.0,0.0,0.0,0.0,0.0,0.03684210526315797
2026-09-30T01:09:17.917 0.0,0.0,0.0,0.0,0.0,0.03684210526315797
2026-09-30T01:09:17.968 0.0,0.0,0.0,0.0,0.0,0.03684210526315797
2026-09-30T01:09:18.018 0.0,0.0,0.0,0.0,0.0,0.03684210526315797
2026-09-30T01:09:18.068 0.0,0.0,0.0,0.0,0.0,0.03684210526315797
2026-09-30T01:09:18.117 0.0,0.0,0.0,0.0,0.0,0.0
2026-09-30T01:09:18.168 0.0,0.0,0.0,0.0,0.0,0.0
2026-09-30T01:09:18.217 0.0,0.0,0.0,0.0,0.0,0.0
2026-09-30T01:09:18.268 0.0,0.0,0.0,0.0,0.0,0.03684210526315797
2026-09-30T01:09:18.317 0.0,0.0,0.0,0.0,0.0,0.03684210526315797
2026-09-30T01:09:18.367 0.0,0.0,0.0,0.0,0.0,0.03684210526315797
2026-09-30T01:09:18.417 0.0,0.0,0.0,0.0,0.0,0.03684210526315797
2026-09-30T01:09:18.468 0.0,0.0,0.0,0.0,0.0,0.03684210526315797
2026-09-30T01:09:18.517 0.0,0.0,0.0,0.0,0.0,0.03684210526315797
2026-09-30T01:09:18.567 0.0,0.0,0.0,0.0,0.0,0.03684210526315797
2026-09-30T01:09:18.617 0.0,0.0,0.0,0.0,0.0,0.03684210526315797
2026-09-30T01:09:18.668 0.0,0.0,0.0,0.0,0.0,0.03684210526315797
2026-09-30T01:09:18.718 0.0,0.0,0.0,0.0,0.0,0.03684210526315797
2026-09-30T01:09:18.768 0.0,0.0,0.0,0.0,0.0,0.03684210526315797
2026-09-30T01:09:18.818 0.0,0.0,0.0,0.0,0.0,0.03684210526315797
2026-09-30T01:09:18.868 0.0,0.0,0.0,0.0,0.0,0.03684210526315797
2026-09-30T01:09:18.917 0.0,0.0,0.0,0.0,0.0,0.03684210526315797
2026-09-30T01:09:18.967 0.0,0.0,0.0,0.0,0.0,0.03684210526315797
2026-09-30T01:09:19.018 0.0,0.0,0.0,0.0,0.0,0.03684210526315797
2026-09-30T01:09:19.068 0.0,0.0,0.0,0.0,0.0,0.03684210526315797
2026-09-30T01:09:19.117 0.0,0.0,0.0,0.0,0.0,0.03684210526315797
2026-09-30T01:09:19.167 0.0,0.0,0.0,0.0,0.0,0.03684210526315797
2026-09-30T01:09:19.218 0.0,0.0,0.0,0.0,0.0,0.03684210526315797
2026-09-30T01:09:19.267 0.0,0.0,0.0,0.0,0.0,0.03684210526315797
2026-09-30T01:09:19.317 0.0,0.0,0.0,0.0,0.0,0.03684210526315797
2026-09-30T01:09:19.367 0.0,0.0,0.0,0.0,0.0,0.03684210526315797
2026-09-30T01:09:19.418 0.0,0.0,0.0,0.0,0.0,0.03684210526315797
2026-09-30T01:09:19.467 0.0,0.0,0.0,0.0,0.0,0.03684210526315797
2026-09-30T01:09:19.517 0.0,0.0,0.0,0.0,0.0,0.03684210526315797
2026-09-30T01:09:19.567 0.0,0.0,0.0,0.0,0.0,0.03684210526315797
2026-09-30T01:09:19.617 0.0,0.0,0.0,0.0,0.0,0.03684210526315797
2026-09-30T01:09:19.668 0.0,0.0,0.0,0.0,0.0,0.03684210526315797
2026-09-30T01:09:19.717 0.0,0.0,0.0,0.0,0.0,0.03684210526315797
2026-09-30T01:09:19.767 0.0,0.0,0.0,0.0,0.0,0.03684210526315797
2026-09-30T01:09:19.817 0.0,0.0,0.0,0.0,0.0,0.03684210526315797
2026-09-30T01:09:19.868 0.0,0.0,0.0,0.0,0.0,0.03684210526315797
2026-09-30T01:09:19.917 0.0,0.0,0.0,0.0,0.0,0.03684210526315797
2026-09-30T01:09:19.967 0.0,0.0,0.0,0.0,0.0,0.03684210526315797
2026-09-30T01:09:20.017 0.0,0.0,0.0,0.0,0.0,0.03684210526315797
2026-09-30T01:09:20.068 0.0,0.0,0.0,0.0,0.0,0.03684210526315797
2026-09-30T01:09:20.118 0.0,0.0,0.0,0.0,0.0,0.03684210526315797
2026-09-30T01:09:20.167 0.0,0.0,0.0,0.0,0.0,0.03684210526315797
2026-09-30T01:09:20.218 0.0,0.0,0.0,0.0,0.0,0.03684210526315797
2026-09-30T01:09:20.268 0.0,0.0,0.0,0.0,0.0,0.03684210526315797
2026-09-30T01:09:20.318 0.0,0.0,0.0,0.0,0.0,0.03684210526315797
2026-09-30T01:09:20.370 0.0,0.0,0.0,0.0,0.0,0.03684210526315797
2026-09-30T01:09:20.428 0.0,0.0,0.0,0.0,0.0,0.03684210526315797
2026-09-30T01:09:20.467 0.0,0.0,0.0,0.0,0.0,0.03684210526315797
2026-09-30T01:09:20.517 0.0,0.0,0.0,0.0,0.0,0.03684210526315797
2026-09-30T01:09:20.568 0.0,0.0,0.0,0.0,0.0,0.03684210526315797
2026-09-30T01:09:20.618 0.0,0.0,0.0,0.0,0.0,0.03684210526315797
2026-09-30T01:09:20.668 0.0,0.0,0.0,0.0,0.0,0.03684210526315797
2026-09-30T01:09:20.717 0.0,0.0,0.0,0.0,0.0,0.03684210526315797
2026-09-30T01:09:20.768 0.0,0.0,0.0,0.0,0.0,0.03684210526315797
2026-09-30T01:09:20.817 0.0,0.0,0.0,0.0,0.0,0.03684210526315797
2026-09-30T01:09:20.868 0.0,0.0,0.0,0.0,0.0,0.03684210526315797
2026-09-30T01:09:20.918 0.0,0.0,0.0,0.0,0.0,0.03684210526315797
2026-09-30T01:09:20.968 0.0,0.0,0.0,0.0,0.0,0.03684210526315797
2026-09-30T01:09:21.018 0.0,0.0,0.0,0.0,0.0,0.03684210526315797
2026-09-30T01:09:21.068 0.0,0.0,0.0,0.0,0.0,0.03684210526315797
2026-09-30T01:09:21.118 0.0,0.0,0.0,0.0,0.0,0.03684210526315797
2026-09-30T01:09:21.168 0.0,0.0,0.0,0.0,0.0,0.03684210526315797
2026-09-30T01:09:21.218 0.0,0.0,0.0,0.0,0.0,0.03684210526315797
2026-09-30T01:09:21.267 0.0,0.0,0.0,0.0,0.0,0.03684210526315797
2026-09-30T01:09:21.318 0.0,0.0,0.0,0.0,0.0,0.03684210526315797
2026-09-30T01:09:21.368 0.0,0.0,0.0,0.0,0.0,0.03684210526315797
2026-09-30T01:09:21.418 0.0,0.0,0.0,0.0,0.0,0.03684210526315797
2026-09-30T01:09:21.477 0.0,0.0,0.0,0.0,0.0,0.03684210526315797
2026-09-30T01:09:21.518 0.0,0.0,0.0,0.0,0.0,0.03684210526315797
2026-09-30T01:09:21.567 0.0,0.0,0.0,0.0,0.0,0.03684210526315797
2026-09-30T01:09:21.619 0.0,0.0,0.0,0.0,0.0,0.03684210526315797
2026-09-30T01:09:21.667 0.0,0.0,0.0,0.0,0.0,0.03684210526315797
2026-09-30T01:09:21.718 0.0,0.0,0.0,0.0,0.0,0.03684210526315797
2026-09-30T01:09:21.767 0.0,0.0,0.0,0.0,0.0,0.03684210526315797
2026-09-30T01:09:21.818 0.0,0.0,0.0,0.0,0.0,0.03684210526315797
2026-09-30T01:09:21.878 0.0,0.0,0.0,0.0,0.0,0.03684210526315797
2026-09-30T01:09:21.918 0.0,0.0,0.0,0.0,0.0,0.03684210526315797
2026-09-30T01:09:21.978 0.0,0.0,0.0,0.0,0.0,0.03684210526315797
2026-09-30T01:09:22.018 0.0,0.0,0.0,0.0,0.0,0.03684210526315797
2026-09-30T01:09:22.078 0.0,0.0,0.0,0.0,0.0,0.03684210526315797
2026-09-30T01:09:22.120 0.0,0.0,0.0,0.0,0.0,0.03684210526315797
2026-09-30T01:09:22.167 0.0,0.0,0.0,0.0,0.0,0.03684210526315797
2026-09-30T01:09:22.217 0.0,0.0,0.0,0.0,0.0,0.03684210526315797
2026-09-30T01:09:22.267 0.0,0.0,0.0,0.0,0.0,0.03684210526315797
2026-09-30T01:09:22.318 0.0,0.0,0.0,0.0,0.0,0.03684210526315797
2026-09-30T01:09:22.378 0.0,0.0,0.0,0.0,0.0,0.03684210526315797
2026-09-30T01:09:22.419 0.0,0.0,0.0,0.0,0.0,0.03684210526315797
2026-09-30T01:09:22.478 0.0,0.0,0.0,0.0,0.0,0.03684210526315797
2026-09-30T01:09:22.518 0.0,0.0,0.0,0.0,0.0,0.03684210526315797
2026-09-30T01:09:22.578 0.0,0.0,0.0,0.0,0.0,0.03684210526315797
2026-09-30T01:09:22.618 0.0,0.0,0.0,0.0,0.0,0.03684210526315797
2026-09-30T01:09:22.668 0.0,0.0,0.0,0.0,0.0,0.03684210526315797
2026-09-30T01:09:22.728 0.0,0.0,0.0,0.0,0.0,0.03684210526315797
2026-09-30T01:09:22.768 0.0,0.0,0.0,0.0,0.0,0.03684210526315797
2026-09-30T01:09:22.817 0.0,0.0,0.0,0.0,0.0,0.03684210526315797
2026-09-30T01:09:22.868 0.0,0.0,0.0,0.0,0.0,0.03684210526315797
2026-09-30T01:09:22.918 0.0,0.0,0.0,0.0,0.0,0.03684210526315797
2026-09-30T01:09:22.968 0.0,0.0,0.0,0.0,0.0,0.03684210526315797
2026-09-30T01:09:23.018 0.0,0.0,0.0,0.0,0.0,0.03684210526315797
2026-09-30T01:09:23.067 0.0,0.0,0.0,0.0,0.0,0.03684210526315797
2026-09-30T01:09:23.118 0.0,0.0,0.0,0.0,0.0,0.03684210526315797
2026-09-30T01:09:23.168 0.0,0.0,0.0,0.0,0.0,0.03684210526315797
2026-09-30T01:09:23.218 0.0,0.0,0.0,0.0,0.0,0.03684210526315797
2026-09-30T01:09:23.268 0.0,0.0,0.0,0.0,0.0,0.03684210526315797
2026-09-30T01:09:23.318 0.0,0.0,0.0,0.0,0.0,0.03684210526315797
2026-09-30T01:09:23.368 0.0,0.0,0.0,0.0,0.0,0.03684210526315797
2026-09-30T01:09:23.428 0.0,0.0,0.0,0.0,0.0,0.03684210526315797
2026-09-30T01:09:23.468 0.0,0.0,0.0,0.0,0.0,0.03684210526315797
2026-09-30T01:09:23.517 0.0,0.0,0.0,0.0,0.0,0.03684210526315797
2026-09-30T01:09:23.567 0.0,0.0,0.0,0.0,0.0,0.03684210526315797
2026-09-30T01:09:23.617 0.0,0.0,0.0,0.0,0.0,0.03684210526315797
2026-09-30T01:09:23.678 0.0,0.0,0.0,0.0,0.0,0.03684210526315797
2026-09-30T01:09:23.718 0.0,0.0,0.0,0.0,0.0,0.03684210526315797
2026-09-30T01:09:23.768 0.0,0.0,0.0,0.0,0.0,0.03684210526315797
2026-09-30T01:09:23.817 0.0,0.0,0.0,0.0,0.0,0.03684210526315797
2026-09-30T01:09:23.868 0.0,0.0,0.0,0.0,0.0,0.03684210526315797
2026-09-30T01:09:23.918 0.0,0.0,0.0,0.0,0.0,0.03684210526315797
2026-09-30T01:09:23.967 0.0,0.0,0.0,0.0,0.0,0.03684210526315797
2026-09-30T01:09:24.017 0.0,0.0,0.0,0.0,0.0,0.03684210526315797
2026-09-30T01:09:24.067 0.0,0.0,0.0,0.0,0.0,0.03684210526315797
2026-09-30T01:09:24.118 0.0,0.0,0.0,0.0,0.0,0.03684210526315797
2026-09-30T01:09:24.168 0.0,0.0,0.0,0.0,0.0,0.03684210526315797
2026-09-30T01:09:24.217 0.0,0.0,0.0,0.0,0.0,0.03684210526315797
2026-09-30T01:09:24.267 0.0,0.0,0.0,0.0,0.0,0.03684210526315797
2026-09-30T01:09:24.317 0.0,0.0,0.0,0.0,0.0,0.03684210526315797
2026-09-30T01:09:24.368 0.0,0.0,0.0,0.0,0.0,0.03684210526315797
2026-09-30T01:09:24.417 0.0,0.0,0.0,0.0,0.0,0.03684210526315797
2026-09-30T01:09:24.467 0.0,0.0,0.0,0.0,0.0,0.03684210526315797
2026-09-30T01:09:24.517 0.0,0.0,0.0,0.0,0.0,0.03684210526315797
2026-09-30T01:09:24.568 0.0,0.0,0.0,0.0,0.0,0.03684210526315797
2026-09-30T01:09:24.618 0.0,0.0,0.0,0.0,0.0,0.03684210526315797
2026-09-30T01:09:24.667 0.0,0.0,0.0,0.0,0.0,0.03684210526315797
2026-09-30T01:09:24.717 0.0,0.0,0.0,0.0,0.0,0.03684210526315797
2026-09-30T01:09:24.767 0.0,0.0,0.0,0.0,0.0,0.03684210526315797
2026-09-30T01:09:24.818 0.0,0.0,0.0,0.0,0.0,0.03684210526315797
2026-09-30T01:09:24.867 0.0,0.0,0.0,0.0,0.0,0.03684210526315797
2026-09-30T01:09:24.917 0.0,0.0,0.0,0.0,0.0,0.03684210526315797
2026-09-30T01:09:24.967 0.0,0.0,0.0,0.0,0.0,0.03684210526315797
2026-09-30T01:09:25.018 0.0,0.0,0.0,0.0,0.0,0.03684210526315797
2026-09-30T01:09:25.067 0.0,0.0,0.0,0.0,0.0,0.03684210526315797
2026-09-30T01:09:25.117 0.0,0.0,0.0,0.0,0.0,0.03684210526315797
2026-09-30T01:09:25.167 0.0,0.0,0.0,0.0,0.0,0.03684210526315797
2026-09-30T01:09:25.217 0.0,0.0,0.0,0.0,0.0,0.03684210526315797
2026-09-30T01:09:25.268 0.0,0.0,0.0,0.0,0.0,0.03684210526315797
2026-09-30T01:09:25.318 0.0,0.0,0.0,0.0,0.0,0.03684210526315797
2026-09-30T01:09:25.367 0.0,0.0,0.0,0.0,0.0,0.03684210526315797
2026-09-30T01:09:25.417 0.0,0.0,0.0,0.0,0.0,0.03684210526315797
2026-09-30T01:09:25.467 0.0,0.0,0.0,0.0,0.0,0.03684210526315797
2026-09-30T01:09:25.518 0.0,0.0,0.0,0.0,0.0,0.03684210526315797
2026-09-30T01:09:25.567 0.0,0.0,0.0,0.0,0.0,0.03684210526315797
2026-09-30T01:09:25.617 0.0,0.0,0.0,0.0,0.0,0.03684210526315797
2026-09-30T01:09:25.667 0.0,0.0,0.0,0.0,0.0,0.03684210526315797
2026-09-30T01:09:25.718 0.0,0.0,0.0,0.0,0.0,0.03684210526315797
2026-09-30T01:09:25.767 0.0,0.0,0.0,0.0,0.0,0.03684210526315797
2026-09-30T01:09:25.817 0.0,0.0,0.0,0.0,0.0,0.03684210526315797
2026-09-30T01:09:25.867 0.0,0.0,0.0,0.0,0.0,0.03684210526315797
2026-09-30T01:09:25.917 0.0,0.0,0.0,0.0,0.0,0.03684210526315797
2026-09-30T01:09:25.968 0.0,0.0,0.0,0.0,0.0,0.03684210526315797
2026-09-30T01:09:26.017 0.0,0.0,0.0,0.0,0.0,0.03684210526315797
2026-09-30T01:09:26.067 0.0,0.0,0.0,0.0,0.0,0.03684210526315797
2026-09-30T01:09:26.130 0.0,0.0,0.0,0.0,0.0,0.03684210526315797
2026-09-30T01:09:26.167 0.0,0.0,0.0,0.0,0.0,0.03684210526315797
2026-09-30T01:09:26.218 0.0,0.0,0.0,0.0,0.0,0.03684210526315797
2026-09-30T01:09:26.278 0.0,0.0,0.0,0.0,0.0,0.03684210526315797
2026-09-30T01:09:26.317 0.0,0.0,0.0,0.0,0.0,0.03684210526315797
2026-09-30T01:09:26.367 0.0,0.0,0.0,0.0,0.0,0.03684210526315797
2026-09-30T01:09:26.417 0.0,0.0,0.0,0.0,0.0,0.03684210526315797
2026-09-30T01:09:26.467 0.0,0.0,0.0,0.0,0.0,0.03684210526315797
2026-09-30T01:09:26.518 0.0,0.0,0.0,0.0,0.0,0.03684210526315797
2026-09-30T01:09:26.567 0.0,0.0,0.0,0.0,0.0,0.03684210526315797
2026-09-30T01:09:26.619 0.0,0.0,0.0,0.0,0.0,0.03684210526315797
2026-09-30T01:09:26.667 0.0,0.0,0.0,0.0,0.0,0.03684210526315797
2026-09-30T01:09:26.718 0.0,0.0,0.0,0.0,0.0,0.03684210526315797
2026-09-30T01:09:26.768 0.0,0.0,0.0,0.0,0.0,0.03684210526315797
2026-09-30T01:09:26.817 0.0,0.0,0.0,0.0,0.0,0.03684210526315797
2026-09-30T01:09:26.867 0.0,0.0,0.0,0.0,0.0,0.03684210526315797
2026-09-30T01:09:26.917 0.0,0.0,0.0,0.0,0.0,0.03684210526315797
2026-09-30T01:09:26.970 0.0,0.0,0.0,0.0,0.0,0.03684210526315797
2026-09-30T01:09:27.017 0.0,0.0,0.0,0.0,0.0,0.03684210526315797
2026-09-30T01:09:27.067 0.0,0.0,0.0,0.0,0.0,0.03684210526315797
2026-09-30T01:09:27.118 0.0,0.0,0.0,0.0,0.0,0.03684210526315797
2026-09-30T01:09:27.167 0.0,0.0,0.0,0.0,0.0,0.03684210526315797
2026-09-30T01:09:27.217 0.0,0.0,0.0,0.0,0.0,0.03684210526315797
2026-09-30T01:09:27.268 0.0,0.0,0.0,0.0,0.0,0.03684210526315797
2026-09-30T01:09:27.317 0.0,0.0,0.0,0.0,0.0,0.03684210526315797
2026-09-30T01:09:27.367 0.0,0.0,0.0,0.0,0.0,0.03684210526315797
2026-09-30T01:09:27.417 0.0,0.0,0.0,0.0,0.0,0.03684210526315797
2026-09-30T01:09:27.467 0.0,0.0,0.0,0.0,0.0,0.03684210526315797
2026-09-30T01:09:27.517 0.0,0.0,0.0,0.0,0.0,0.03684210526315797
2026-09-30T01:09:27.568 0.0,0.0,0.0,0.0,0.0,0.03684210526315797
2026-09-30T01:09:27.618 0.0,0.0,0.0,0.0,0.0,0.03684210526315797
2026-09-30T01:09:27.667 0.0,0.0,0.0,0.0,0.0,0.03684210526315797
2026-09-30T01:09:27.717 0.0,0.0,0.0,0.0,0.0,0.03684210526315797
2026-09-30T01:09:27.767 0.0,0.0,0.0,0.0,0.0,0.03684210526315797
2026-09-30T01:09:27.817 0.0,0.0,0.0,0.0,0.0,0.03684210526315797
2026-09-30T01:09:27.867 0.0,0.0,0.0,0.0,0.0,0.03684210526315797
2026-09-30T01:09:27.918 0.0,0.0,0.0,0.0,0.0,0.03684210526315797
2026-09-30T01:09:27.967 0.0,0.0,0.0,0.0,0.0,0.03684210526315797
2026-09-30T01:09:28.017 0.0,0.0,0.0,0.0,0.0,0.03684210526315797
2026-09-30T01:09:28.067 0.0,0.0,0.0,0.0,0.0,0.03684210526315797
2026-09-30T01:09:28.117 0.0,0.0,0.0,0.0,0.0,0.03684210526315797
2026-09-30T01:09:28.168 0.0,0.0,0.0,0.0,0.0,0.03684210526315797
2026-09-30T01:09:28.217 0.0,0.0,0.0,0.0,0.0,0.03684210526315797
2026-09-30T01:09:28.267 0.0,0.0,0.0,0.0,0.0,0.03684210526315797
2026-09-30T01:09:28.318 0.0,0.0,0.0,0.0,0.0,0.03684210526315797
2026-09-30T01:09:28.367 0.0,0.0,0.0,0.0,0.0,0.03684210526315797
2026-09-30T01:09:28.417 0.0,0.0,0.0,0.0,0.0,0.03684210526315797
2026-09-30T01:09:28.468 0.0,0.0,0.0,0.0,0.0,0.03684210526315797
2026-09-30T01:09:28.517 0.0,0.0,0.0,0.0,0.0,0.03684210526315797
2026-09-30T01:09:28.568 0.0,0.0,0.0,0.0,0.0,0.03684210526315797
2026-09-30T01:09:28.618 0.0,0.0,0.0,0.0,0.0,0.03684210526315797
2026-09-30T01:09:28.667 0.0,0.0,0.0,0.0,0.0,0.03684210526315797
2026-09-30T01:09:28.717 0.0,0.0,0.0,0.0,0.0,0.03684210526315797
2026-09-30T01:09:28.768 0.0,0.0,0.0,0.0,0.0,0.03684210526315797
2026-09-30T01:09:28.817 0.0,0.0,0.0,0.0,0.0,0.03684210526315797
2026-09-30T01:09:28.867 0.0,0.0,0.0,0.0,0.0,0.03684210526315797
2026-09-30T01:09:28.927 0.0,0.0,0.0,0.0,0.0,0.03684210526315797
2026-09-30T01:09:28.977 0.0,0.0,0.0,0.0,0.0,0.03684210526315797
2026-09-30T01:09:29.017 0.0,0.0,0.0,0.0,0.0,0.03684210526315797
2026-09-30T01:09:29.067 0.0,0.0,0.0,0.0,0.0,0.03684210526315797
2026-09-30T01:09:29.118 0.0,0.0,0.0,0.0,0.0,0.03684210526315797
2026-09-30T01:09:29.167 0.0,0.0,0.0,0.0,0.0,0.03684210526315797
2026-09-30T01:09:29.217 0.0,0.0,0.0,0.0,0.0,0.03684210526315797
2026-09-30T01:09:29.277 0.0,0.0,0.0,0.0,0.0,0.03684210526315797
2026-09-30T01:09:29.323 0.0,0.0,0.0,0.0,0.0,0.03684210526315797
2026-09-30T01:09:29.368 0.0,0.0,0.0,0.0,0.0,0.03684210526315797
2026-09-30T01:09:29.418 0.0,0.0,0.0,0.0,0.0,0.03684210526315797
2026-09-30T01:09:29.467 0.0,0.0,0.0,0.0,0.0,0.03684210526315797
2026-09-30T01:09:29.517 0.0,0.0,0.0,0.0,0.0,0.03684210526315797
2026-09-30T01:09:29.567 0.0,0.0,0.0,0.0,0.0,0.03684210526315797
2026-09-30T01:09:29.618 0.0,0.0,0.0,0.0,0.0,0.03684210526315797
2026-09-30T01:09:29.668 0.0,0.0,0.0,0.0,0.0,0.03684210526315797
2026-09-30T01:09:29.717 0.0,0.0,0.0,0.0,0.0,0.03684210526315797
2026-09-30T01:09:29.767 0.0,0.0,0.0,0.0,0.0,0.03684210526315797
2026-09-30T01:09:29.817 0.0,0.0,0.0,0.0,0.0,0.03684210526315797
2026-09-30T01:09:29.867 0.0,0.0,0.0,0.0,0.0,0.03684210526315797
2026-09-30T01:09:29.918 0.0,0.0,0.0,0.0,0.0,0.03684210526315797
2026-09-30T01:09:29.967 0.0,0.0,0.0,0.0,0.0,0.03684210526315797
2026-09-30T01:09:30.018 0.0,0.0,0.0,0.0,0.0,0.03684210526315797
2026-09-30T01:09:30.069 0.0,0.0,0.0,0.0,0.0,0.03684210526315797
2026-09-30T01:09:30.117 0.0,0.0,0.0,0.0,0.0,0.03684210526315797
2026-09-30T01:09:30.167 0.0,0.0,0.0,0.0,0.0,0.03684210526315797
2026-09-30T01:09:30.217 0.0,0.0,0.0,0.0,0.0,0.03684210526315797
2026-09-30T01:09:30.267 0.0,0.0,0.0,0.0,0.0,0.03684210526315797
2026-09-30T01:09:30.317 0.0,0.0,0.0,0.0,0.0,0.03684210526315797
2026-09-30T01:09:30.367 0.0,0.0,0.0,0.0,0.0,0.03684210526315797
2026-09-30T01:09:30.418 0.0,0.0,0.0,0.0,0.0,0.03684210526315797
2026-09-30T01:09:30.467 0.0,0.0,0.0,0.0,0.0,0.03684210526315797
2026-09-30T01:09:30.518 0.0,0.0,0.0,0.0,0.0,0.03684210526315797
2026-09-30T01:09:30.567 0.0,0.0,0.0,0.0,0.0,0.03684210526315797
2026-09-30T01:09:30.618 0.0,0.0,0.0,0.0,0.0,0.03684210526315797
2026-09-30T01:09:30.667 0.0,0.0,0.0,0.0,0.0,0.03684210526315797
2026-09-30T01:09:30.718 0.0,0.0,0.0,0.0,0.0,0.03684210526315797
2026-09-30T01:09:30.767 0.0,0.0,0.0,0.0,0.0,0.03684210526315797
2026-09-30T01:09:30.817 0.0,0.0,0.0,0.0,0.0,0.03684210526315797
2026-09-30T01:09:30.877 0.0,0.0,0.0,0.0,0.0,0.03684210526315797
2026-09-30T01:09:30.917 0.0,0.0,0.0,0.0,0.0,0.03684210526315797
2026-09-30T01:09:30.967 0.0,0.0,0.0,0.0,0.0,0.03684210526315797
2026-09-30T01:09:31.018 0.0,0.0,0.0,0.0,0.0,0.03684210526315797
2026-09-30T01:09:31.067 0.0,0.0,0.0,0.0,0.0,0.03684210526315797
2026-09-30T01:09:31.118 0.0,0.0,0.0,0.0,0.0,0.03684210526315797
2026-09-30T01:09:31.168 0.0,0.0,0.0,0.0,0.0,0.03684210526315797
2026-09-30T01:09:31.217 0.0,0.0,0.0,0.0,0.0,0.03684210526315797
2026-09-30T01:09:31.267 0.0,0.0,0.0,0.0,0.0,0.03684210526315797
2026-09-30T01:09:31.317 0.0,0.0,0.0,0.0,0.0,0.03684210526315797
2026-09-30T01:09:31.367 0.0,0.0,0.0,0.0,0.0,0.03684210526315797
2026-09-30T01:09:31.417 0.0,0.0,0.0,0.0,0.0,0.03684210526315797
2026-09-30T01:09:31.467 0.0,0.0,0.0,0.0,0.0,0.03684210526315797
2026-09-30T01:09:31.517 0.0,0.0,0.0,0.0,0.0,0.03684210526315797
2026-09-30T01:09:31.568 0.0,0.0,0.0,0.0,0.0,0.03684210526315797
2026-09-30T01:09:31.617 0.0,0.0,0.0,0.0,0.0,0.03684210526315797
2026-09-30T01:09:31.667 0.0,0.0,0.0,0.0,0.0,0.03684210526315797
2026-09-30T01:09:31.718 0.0,0.0,0.0,0.0,0.0,0.03684210526315797
2026-09-30T01:09:31.767 0.0,0.0,0.0,0.0,0.0,0.03684210526315797
2026-09-30T01:09:31.818 0.0,0.0,0.0,0.0,0.0,0.03684210526315797
2026-09-30T01:09:31.867 0.0,0.0,0.0,0.0,0.0,0.03684210526315797
2026-09-30T01:09:31.918 0.0,0.0,0.0,0.0,0.0,0.03684210526315797
2026-09-30T01:09:31.967 0.0,0.0,0.0,0.0,0.0,0.03684210526315797
2026-09-30T01:09:32.017 0.0,0.0,0.0,0.0,0.0,0.03684210526315797
2026-09-30T01:09:32.067 0.0,0.0,0.0,0.0,0.0,0.03684210526315797
2026-09-30T01:09:32.118 0.0,0.0,0.0,0.0,0.0,0.03684210526315797
2026-09-30T01:09:32.168 0.0,0.0,0.0,0.0,0.0,0.03684210526315797
2026-09-30T01:09:32.218 0.0,0.0,0.0,0.0,0.0,0.03684210526315797
2026-09-30T01:09:32.278 0.0,0.0,0.0,0.0,0.0,0.03684210526315797
2026-09-30T01:09:32.317 0.0,0.0,0.0,0.0,0.0,0.03684210526315797
2026-09-30T01:09:32.368 0.0,0.0,0.0,0.0,0.0,0.03684210526315797
2026-09-30T01:09:32.417 0.0,0.0,0.0,0.0,0.0,0.03684210526315797
2026-09-30T01:09:32.467 0.0,0.0,0.0,0.0,0.0,0.03684210526315797
2026-09-30T01:09:32.517 0.0,0.0,0.0,0.0,0.0,0.03684210526315797
2026-09-30T01:09:32.567 0.0,0.0,0.0,0.0,0.0,0.03684210526315797
2026-09-30T01:09:32.617 0.0,0.0,0.0,0.0,0.0,0.03684210526315797
2026-09-30T01:09:32.668 0.0,0.0,0.0,0.0,0.0,0.03684210526315797
2026-09-30T01:09:32.728 0.0,0.0,0.0,0.0,0.0,0.03684210526315797
2026-09-30T01:09:32.768 0.0,0.0,0.0,0.0,0.0,0.03684210526315797
2026-09-30T01:09:32.817 0.0,0.0,0.0,0.0,0.0,0.03684210526315797
2026-09-30T01:09:32.867 0.0,0.0,0.0,0.0,0.0,0.03684210526315797
2026-09-30T01:09:32.917 0.0,0.0,0.0,0.0,0.0,0.03684210526315797
2026-09-30T01:09:32.968 0.0,0.0,0.0,0.0,0.0,0.03684210526315797
2026-09-30T01:09:33.017 0.0,0.0,0.0,0.0,0.0,0.03684210526315797
2026-09-30T01:09:33.068 0.0,0.0,0.0,0.0,0.0,0.03684210526315797
2026-09-30T01:09:33.117 0.0,0.0,0.0,0.0,0.0,0.03684210526315797
2026-09-30T01:09:33.168 0.0,0.0,0.0,0.0,0.0,0.03684210526315797
2026-09-30T01:09:33.217 0.0,0.0,0.0,0.0,0.0,0.03684210526315797
2026-09-30T01:09:33.278 0.0,0.0,0.0,0.0,0.0,0.03684210526315797
2026-09-30T01:09:33.318 0.0,0.0,0.0,0.0,0.0,0.03684210526315797
2026-09-30T01:09:33.368 0.0,0.0,0.0,0.0,0.0,0.03684210526315797
2026-09-30T01:09:33.418 0.0,0.0,0.0,0.0,0.0,0.03684210526315797
2026-09-30T01:09:33.467 0.0,0.0,0.0,0.0,0.0,0.03684210526315797
2026-09-30T01:09:33.518 0.0,0.0,0.0,0.0,0.0,0.03684210526315797
2026-09-30T01:09:33.568 0.0,0.0,0.0,0.0,0.0,0.03684210526315797
2026-09-30T01:09:33.617 0.0,0.0,0.0,0.0,0.0,0.03684210526315797
2026-09-30T01:09:33.677 0.0,0.0,0.0,0.0,0.0,0.03684210526315797
2026-09-30T01:09:33.717 0.0,0.0,0.0,0.0,0.0,0.03684210526315797
2026-09-30T01:09:33.768 0.0,0.0,0.0,0.0,0.0,0.03684210526315797
2026-09-30T01:09:33.818 0.0,0.0,0.0,0.0,0.0,0.03684210526315797
2026-09-30T01:09:33.867 0.0,0.0,0.0,0.0,0.0,0.03684210526315797
2026-09-30T01:09:33.918 0.0,0.0,0.0,0.0,0.0,0.03684210526315797
2026-09-30T01:09:33.968 0.0,0.0,0.0,0.0,0.0,0.03684210526315797
2026-09-30T01:09:34.017 0.0,0.0,0.0,0.0,0.0,0.03684210526315797
2026-09-30T01:09:34.067 0.0,0.0,0.0,0.0,0.0,0.03684210526315797
2026-09-30T01:09:34.117 0.0,0.0,0.0,0.0,0.0,0.03684210526315797
2026-09-30T01:09:34.168 0.0,0.0,0.0,0.0,0.0,0.03684210526315797
2026-09-30T01:09:34.217 0.0,0.0,0.0,0.0,0.0,0.03684210526315797
2026-09-30T01:09:34.267 0.0,0.0,0.0,0.0,0.0,0.03684210526315797
2026-09-30T01:09:34.317 0.0,0.0,0.0,0.0,0.0,0.03684210526315797
2026-09-30T01:09:34.367 0.0,0.0,0.0,0.0,0.0,0.03684210526315797
2026-09-30T01:09:34.417 0.0,0.0,0.0,0.0,0.0,0.03684210526315797
2026-09-30T01:09:34.468 0.0,0.0,0.0,0.0,0.0,0.03684210526315797
2026-09-30T01:09:34.518 0.0,0.0,0.0,0.0,0.0,0.03684210526315797
2026-09-30T01:09:34.567 0.0,0.0,0.0,0.0,0.0,0.03684210526315797
2026-09-30T01:09:34.617 0.0,0.0,0.0,0.0,0.0,0.03684210526315797
2026-09-30T01:09:34.667 0.0,0.0,0.0,0.0,0.0,0.03684210526315797
2026-09-30T01:09:34.717 0.0,0.0,0.0,0.0,0.0,0.03684210526315797
2026-09-30T01:09:34.767 0.0,0.0,0.0,0.0,0.0,0.03684210526315797
2026-09-30T01:09:34.817 0.0,0.0,0.0,0.0,0.0,0.03684210526315797
2026-09-30T01:09:34.867 0.0,0.0,0.0,0.0,0.0,0.03684210526315797
2026-09-30T01:09:34.918 0.0,0.0,0.0,0.0,0.0,0.03684210526315797
2026-09-30T01:09:34.967 0.0,0.0,0.0,0.0,0.0,0.03684210526315797
2026-09-30T01:09:35.019 0.0,0.0,0.0,0.0,0.0,0.03684210526315797
2026-09-30T01:09:35.078 0.0,0.0,0.0,0.0,0.0,0.03684210526315797
2026-09-30T01:09:35.118 0.0,0.0,0.0,0.0,0.0,0.03684210526315797
2026-09-30T01:09:35.167 0.0,0.0,0.0,0.0,0.0,0.03684210526315797
2026-09-30T01:09:35.217 0.0,0.0,0.0,0.0,0.0,0.03684210526315797
2026-09-30T01:09:35.268 0.0,0.0,0.0,0.0,0.0,0.03684210526315797
2026-09-30T01:09:35.318 0.0,0.0,0.0,0.0,0.0,0.03684210526315797
2026-09-30T01:09:35.367 0.0,0.0,0.0,0.0,0.0,0.03684210526315797
2026-09-30T01:09:35.418 0.0,0.0,0.0,0.0,0.0,0.03684210526315797
2026-09-30T01:09:35.467 0.0,0.0,0.0,0.0,0.0,0.03684210526315797
2026-09-30T01:09:35.518 0.0,0.0,0.0,0.0,0.0,0.03684210526315797
2026-09-30T01:09:35.567 0.0,0.0,0.0,0.0,0.0,0.03684210526315797
2026-09-30T01:09:35.617 0.0,0.0,0.0,0.0,0.0,0.03684210526315797
2026-09-30T01:09:35.667 0.0,0.0,0.0,0.0,0.0,0.03684210526315797
2026-09-30T01:09:35.717 0.0,0.0,0.0,0.0,0.0,0.03684210526315797
2026-09-30T01:09:35.767 0.0,0.0,0.0,0.0,0.0,0.03684210526315797
2026-09-30T01:09:35.818 0.0,0.0,0.0,0.0,0.0,0.03684210526315797
2026-09-30T01:09:35.868 0.0,0.0,0.0,0.0,0.0,0.03684210526315797
2026-09-30T01:09:35.918 0.0,0.0,0.0,0.0,0.0,0.03684210526315797
2026-09-30T01:09:35.967 0.0,0.0,0.0,0.0,0.0,0.03684210526315797
2026-09-30T01:09:36.017 0.0,0.0,0.0,0.0,0.0,0.03684210526315797
2026-09-30T01:09:36.067 0.0,0.0,0.0,0.0,0.0,0.03684210526315797
2026-09-30T01:09:36.117 0.0,0.0,0.0,0.0,0.0,0.03684210526315797
2026-09-30T01:09:36.167 0.0,0.0,0.0,0.0,0.0,0.03684210526315797
2026-09-30T01:09:36.217 0.0,0.0,0.0,0.0,0.0,0.03684210526315797
2026-09-30T01:09:36.267 0.0,0.0,0.0,0.0,0.0,0.03684210526315797
2026-09-30T01:09:36.317 0.0,0.0,0.0,0.0,0.0,0.03684210526315797
2026-09-30T01:09:36.367 0.0,0.0,0.0,0.0,0.0,0.03684210526315797
2026-09-30T01:09:36.418 0.0,0.0,0.0,0.0,0.0,0.03684210526315797
2026-09-30T01:09:36.469 0.0,0.0,0.0,0.0,0.0,0.03684210526315797
2026-09-30T01:09:36.528 0.0,0.0,0.0,0.0,0.0,0.03684210526315797
2026-09-30T01:09:36.567 0.0,0.0,0.0,0.0,0.0,0.03684210526315797
2026-09-30T01:09:36.617 0.0,0.0,0.0,0.0,0.0,0.03684210526315797
2026-09-30T01:09:36.667 0.0,0.0,0.0,0.0,0.0,0.03684210526315797
2026-09-30T01:09:36.719 0.0,0.0,0.0,0.0,0.0,0.03684210526315797
2026-09-30T01:09:36.767 0.0,0.0,0.0,0.0,0.0,0.03684210526315797
2026-09-30T01:09:36.817 0.0,0.0,0.0,0.0,0.0,0.03684210526315797
2026-09-30T01:09:36.867 0.0,0.0,0.0,0.0,0.0,0.03684210526315797
2026-09-30T01:09:36.917 0.0,0.0,0.0,0.0,0.0,0.03684210526315797
2026-09-30T01:09:36.968 0.0,0.0,0.0,0.0,0.0,0.03684210526315797
2026-09-30T01:09:37.017 0.0,0.0,0.0,0.0,0.0,0.03684210526315797
2026-09-30T01:09:37.068 0.0,0.0,0.0,0.0,0.0,0.03684210526315797
2026-09-30T01:09:37.127 0.0,0.0,0.0,0.0,0.0,0.03684210526315797
2026-09-30T01:09:37.167 0.0,0.0,0.0,0.0,0.0,0.03684210526315797
2026-09-30T01:09:37.218 0.0,0.0,0.0,0.0,0.0,0.03684210526315797
2026-09-30T01:09:37.267 0.0,0.0,0.0,0.0,0.0,0.03684210526315797
2026-09-30T01:09:37.318 0.0,0.0,0.0,0.0,0.0,0.03684210526315797
2026-09-30T01:09:37.367 0.0,0.0,0.0,0.0,0.0,0.03684210526315797
2026-09-30T01:09:37.417 0.0,0.0,0.0,0.0,0.0,0.03684210526315797
2026-09-30T01:09:37.467 0.0,0.0,0.0,0.0,0.0,0.03684210526315797
2026-09-30T01:09:37.517 0.0,0.0,0.0,0.0,0.0,0.03684210526315797
2026-09-30T01:09:37.568 0.0,0.0,0.0,0.0,0.0,0.03684210526315797
2026-09-30T01:09:37.618 0.0,0.0,0.0,0.0,0.0,0.03684210526315797
2026-09-30T01:09:37.667 0.0,0.0,0.0,0.0,0.0,0.03684210526315797
2026-09-30T01:09:37.717 0.0,0.0,0.0,0.0,0.0,0.03684210526315797
2026-09-30T01:09:37.767 0.0,0.0,0.0,0.0,0.0,0.03684210526315797
2026-09-30T01:09:37.817 0.0,0.0,0.0,0.0,0.0,0.03684210526315797
2026-09-30T01:09:37.867 0.0,0.0,0.0,0.0,0.0,0.03684210526315797
2026-09-30T01:09:37.918 0.0,0.0,0.0,0.0,0.0,0.03684210526315797
2026-09-30T01:09:37.968 0.0,0.0,0.0,0.0,0.0,0.03684210526315797
2026-09-30T01:09:38.019 0.0,0.0,0.0,0.0,0.0,0.03684210526315797
2026-09-30T01:09:38.068 0.0,0.0,0.0,0.0,0.0,0.03684210526315797
2026-09-30T01:09:38.127 0.0,0.0,0.0,0.0,0.0,0.03684210526315797
2026-09-30T01:09:38.167 0.0,0.0,0.0,0.0,0.0,0.03684210526315797
2026-09-30T01:09:38.218 0.0,0.0,0.0,0.0,0.0,0.03684210526315797
2026-09-30T01:09:38.267 0.0,0.0,0.0,0.0,0.0,0.03684210526315797
2026-09-30T01:09:38.317 0.0,0.0,0.0,0.0,0.0,0.03684210526315797
2026-09-30T01:09:38.367 0.0,0.0,0.0,0.0,0.0,0.03684210526315797
2026-09-30T01:09:38.417 0.0,0.0,0.0,0.0,0.0,0.03684210526315797
2026-09-30T01:09:38.467 0.0,0.0,0.0,0.0,0.0,0.03684210526315797
2026-09-30T01:09:38.518 0.0,0.0,0.0,0.0,0.0,0.03684210526315797
2026-09-30T01:09:38.569 0.0,0.0,0.0,0.0,0.0,0.03684210526315797
2026-09-30T01:09:38.617 0.0,0.0,0.0,0.0,0.0,0.03684210526315797
2026-09-30T01:09:38.667 0.0,0.0,0.0,0.0,0.0,0.03684210526315797
2026-09-30T01:09:38.717 0.0,0.0,0.0,0.0,0.0,0.03684210526315797
2026-09-30T01:09:38.768 0.0,0.0,0.0,0.0,0.0,0.03684210526315797
2026-09-30T01:09:38.827 0.0,0.0,0.0,0.0,0.0,0.03684210526315797
2026-09-30T01:09:38.868 0.0,0.0,0.0,0.0,0.0,0.03684210526315797
2026-09-30T01:09:38.917 0.0,0.0,0.0,0.0,0.0,0.03684210526315797
2026-09-30T01:09:38.980 0.0,0.0,0.0,0.0,0.0,0.03684210526315797
2026-09-30T01:09:39.017 0.0,0.0,0.0,0.0,0.0,0.03684210526315797
2026-09-30T01:09:39.067 0.0,0.0,0.0,0.0,0.0,0.03684210526315797
2026-09-30T01:09:39.117 0.0,0.0,0.0,0.0,0.0,0.03684210526315797
2026-09-30T01:09:39.167 0.0,0.0,0.0,0.0,0.0,0.03684210526315797
2026-09-30T01:09:39.217 0.0,0.0,0.0,0.0,0.0,0.03684210526315797
2026-09-30T01:09:39.268 0.0,0.0,0.0,0.0,0.0,0.03684210526315797
2026-09-30T01:09:39.317 0.0,0.0,0.0,0.0,0.0,0.03684210526315797
2026-09-30T01:09:39.367 0.0,0.0,0.0,0.0,0.0,0.03684210526315797
2026-09-30T01:09:39.417 0.0,0.0,0.0,0.0,0.0,0.03684210526315797
2026-09-30T01:09:39.467 0.0,0.0,0.0,0.0,0.0,0.03684210526315797
2026-09-30T01:09:39.528 0.0,0.0,0.0,0.0,0.0,0.03684210526315797
2026-09-30T01:09:39.568 0.0,0.0,0.0,0.0,0.0,0.03684210526315797
2026-09-30T01:09:39.618 0.0,0.0,0.0,0.0,0.0,0.03684210526315797
2026-09-30T01:09:39.669 0.0,0.0,0.0,0.0,0.0,0.03684210526315797
2026-09-30T01:09:39.718 0.0,0.0,0.0,0.0,0.0,0.03684210526315797
2026-09-30T01:09:39.768 0.0,0.0,0.0,0.0,0.0,0.03684210526315797
2026-09-30T01:09:39.817 0.0,0.0,0.0,0.0,0.0,0.03684210526315797
2026-09-30T01:09:39.868 0.0,0.0,0.0,0.0,0.0,0.03684210526315797
2026-09-30T01:09:39.918 0.0,0.0,0.0,0.0,0.0,0.03684210526315797
2026-09-30T01:09:39.968 0.0,0.0,0.0,0.0,0.0,0.03684210526315797
2026-09-30T01:09:40.020 0.0,0.0,0.0,0.0,0.0,0.03684210526315797
2026-09-30T01:09:40.067 0.0,0.0,0.0,0.0,0.0,0.03684210526315797
2026-09-30T01:09:40.118 0.0,0.0,0.0,0.0,0.0,0.03684210526315797
2026-09-30T01:09:40.178 0.0,0.0,0.0,0.0,0.0,0.03684210526315797
2026-09-30T01:09:40.218 0.0,0.0,0.0,0.0,0.0,0.03684210526315797
2026-09-30T01:09:40.267 0.0,0.0,0.0,0.0,0.0,0.03684210526315797
2026-09-30T01:09:40.317 0.0,0.0,0.0,0.0,0.0,0.03684210526315797
2026-09-30T01:09:40.368 0.0,0.0,0.0,0.0,0.0,0.03684210526315797
2026-09-30T01:09:40.417 0.0,0.0,0.0,0.0,0.0,0.03684210526315797
2026-09-30T01:09:40.467 0.0,0.0,0.0,0.0,0.0,0.03684210526315797
2026-09-30T01:09:40.518 0.0,0.0,0.0,0.0,0.0,0.03684210526315797
2026-09-30T01:09:40.567 0.0,0.0,0.0,0.0,0.0,0.03684210526315797
2026-09-30T01:09:40.618 0.0,0.0,0.0,0.0,0.0,0.03684210526315797
2026-09-30T01:09:40.667 0.0,0.0,0.0,0.0,0.0,0.03684210526315797
2026-09-30T01:09:40.718 0.0,0.0,0.0,0.0,0.0,0.03684210526315797
2026-09-30T01:09:40.767 0.0,0.0,0.0,0.0,0.0,0.03684210526315797
2026-09-30T01:09:40.817 0.0,0.0,0.0,0.0,0.0,0.03684210526315797
2026-09-30T01:09:40.867 0.0,0.0,0.0,0.0,0.0,0.03684210526315797
2026-09-30T01:09:40.917 0.0,0.0,0.0,0.0,0.0,0.03684210526315797
2026-09-30T01:09:40.968 0.0,0.0,0.0,0.0,0.0,0.03684210526315797
2026-09-30T01:09:41.017 0.0,0.0,0.0,0.0,0.0,0.03684210526315797
2026-09-30T01:09:41.078 0.0,0.0,0.0,0.0,0.0,0.03684210526315797
2026-09-30T01:09:41.117 0.0,0.0,0.0,0.0,0.0,0.03684210526315797
2026-09-30T01:09:41.167 0.0,0.0,0.0,0.0,0.0,0.03684210526315797
2026-09-30T01:09:41.217 0.0,0.0,0.0,0.0,0.0,0.03684210526315797
2026-09-30T01:09:41.267 0.0,0.0,0.0,0.0,0.0,0.03684210526315797
2026-09-30T01:09:41.317 0.0,0.0,0.0,0.0,0.0,0.03684210526315797
2026-09-30T01:09:41.367 0.0,0.0,0.0,0.0,0.0,0.03684210526315797
2026-09-30T01:09:42.269 0.0,0.0,0.0,0.0,0.0,0.03684210526315797
2026-09-30T01:09:43.472 0.0,0.0,0.0,0.0,0.0,0.03684210526315797
2026-09-30T01:09:43.522 0.0,0.0,0.0,0.0,0.0,0.03684210526315797
2026-09-30T01:09:43.573 0.0,0.0,0.0,0.0,0.0,0.03684210526315797
2026-09-30T01:09:43.624 0.0,0.0,0.0,0.0,0.0,0.03684210526315797
2026-09-30T01:09:43.672 0.0,0.0,0.0,0.0,0.0,0.03684210526315797
2026-09-30T01:09:43.722 0.0,0.0,0.0,0.0,0.0,0.03684210526315797
2026-09-30T01:09:43.772 0.0,0.0,0.0,0.0,0.0,0.03684210526315797
2026-09-30T01:09:43.822 0.0,0.0,0.0,0.0,0.0,0.03684210526315797
2026-09-30T01:09:43.872 0.0,0.0,0.0,0.0,0.0,0.03684210526315797
2026-09-30T01:09:43.922 0.0,0.0,0.0,0.0,0.0,0.03684210526315797
2026-09-30T01:09:43.972 0.0,0.0,0.0,0.0,0.0,0.03684210526315797
2026-09-30T01:09:44.022 0.0,0.0,0.0,0.0,0.0,0.03684210526315797
2026-09-30T01:09:44.072 0.0,0.0,0.0,0.0,0.0,0.03684210526315797
2026-09-30T01:09:44.122 0.0,0.0,0.0,0.0,0.0,0.03684210526315797
2026-09-30T01:09:44.182 0.0,0.0,0.0,0.0,0.0,0.03684210526315797
2026-09-30T01:09:44.222 0.0,0.0,0.0,0.0,0.0,0.03684210526315797
2026-09-30T01:09:44.271 0.0,0.0,0.0,0.0,0.0,0.03684210526315797
2026-09-30T01:09:44.322 0.0,0.0,0.0,0.0,0.0,0.03684210526315797
2026-09-30T01:09:44.372 0.0,0.0,0.0,0.0,0.0,0.03684210526315797
2026-09-30T01:09:44.422 0.0,0.0,0.0,0.0,0.0,0.03684210526315797
2026-09-30T01:09:44.472 0.0,0.0,0.0,0.0,0.0,0.03684210526315797
2026-09-30T01:09:44.522 0.0,0.0,0.0,0.0,0.0,0.03684210526315797
2026-09-30T01:09:44.572 0.0,0.0,0.0,0.0,0.0,0.03684210526315797
2026-09-30T01:09:44.622 0.0,0.0,0.0,0.0,0.0,0.03684210526315797
2026-09-30T01:09:44.672 0.0,0.0,0.0,0.0,0.0,0.03684210526315797
2026-09-30T01:09:44.722 0.0,0.0,0.0,0.0,0.0,0.03684210526315797
2026-09-30T01:09:44.772 0.0,0.0,0.0,0.0,0.0,0.03684210526315797
2026-09-30T01:09:44.822 0.0,0.0,0.0,0.0,0.0,0.03684210526315797
2026-09-30T01:09:44.872 0.0,0.0,0.0,0.0,0.0,0.03684210526315797
2026-09-30T01:09:44.922 0.0,0.0,0.0,0.0,0.0,0.03684210526315797
2026-09-30T01:09:44.972 0.0,0.0,0.0,0.0,0.0,0.03684210526315797
2026-09-30T01:09:45.022 0.0,0.0,0.0,0.0,0.0,0.03684210526315797
2026-09-30T01:09:45.072 0.0,0.0,0.0,0.0,0.0,0.03684210526315797
2026-09-30T01:09:45.122 0.0,0.0,0.0,0.0,0.0,0.03684210526315797
2026-09-30T01:09:45.172 0.0,0.0,0.0,0.0,0.0,0.03684210526315797
2026-09-30T01:09:45.222 0.0,0.0,0.0,0.0,0.0,0.03684210526315797
2026-09-30T01:09:45.272 0.0,0.0,0.0,0.0,0.0,0.03684210526315797
2026-09-30T01:09:45.322 0.0,0.0,0.0,0.0,0.0,0.03684210526315797
2026-09-30T01:09:45.372 0.0,0.0,0.0,0.0,0.0,0.03684210526315797
2026-09-30T01:09:45.422 0.0,0.0,0.0,0.0,0.0,0.03684210526315797
2026-09-30T01:09:45.472 0.0,0.0,0.0,0.0,0.0,0.03684210526315797
2026-09-30T01:09:45.532 0.0,0.0,0.0,0.0,0.0,0.03684210526315797
2026-09-30T01:09:45.572 0.0,0.0,0.0,0.0,0.0,0.03684210526315797
2026-09-30T01:09:45.622 0.0,0.0,0.0,0.0,0.0,0.03684210526315797
2026-09-30T01:09:45.672 0.0,0.0,0.0,0.0,0.0,0.03684210526315797
2026-09-30T01:09:45.722 0.0,0.0,0.0,0.0,0.0,0.03684210526315797
2026-09-30T01:09:45.772 0.0,0.0,0.0,0.0,0.0,0.03684210526315797
2026-09-30T01:09:45.822 0.0,0.0,0.0,0.0,0.0,0.03684210526315797
2026-09-30T01:09:45.872 0.0,0.0,0.0,0.0,0.0,0.03684210526315797
2026-09-30T01:09:45.922 0.0,0.0,0.0,0.0,0.0,0.03684210526315797
2026-09-30T01:09:45.972 0.0,0.0,0.0,0.0,0.0,0.03684210526315797
2026-09-30T01:09:46.022 0.0,0.0,0.0,0.0,0.0,0.03684210526315797
2026-09-30T01:09:46.082 0.0,0.0,0.0,0.0,0.0,0.03684210526315797
2026-09-30T01:09:46.124 0.0,0.0,0.0,0.0,0.0,0.03684210526315797
2026-09-30T01:09:46.172 0.0,0.0,0.0,0.0,0.0,0.03684210526315797
2026-09-30T01:09:46.222 0.0,0.0,0.0,0.0,0.0,0.03684210526315797
2026-09-30T01:09:46.272 0.0,0.0,0.0,0.0,0.0,0.03684210526315797
2026-09-30T01:09:46.322 0.0,0.0,0.0,0.0,0.0,0.03684210526315797
2026-09-30T01:09:46.372 0.0,0.0,0.0,0.0,0.0,0.03684210526315797
2026-09-30T01:09:46.422 0.0,0.0,0.0,0.0,0.0,0.03684210526315797
2026-09-30T01:09:46.472 0.0,0.0,0.0,0.0,0.0,0.03684210526315797
2026-09-30T01:09:46.522 0.0,0.0,0.0,0.0,0.0,0.03684210526315797
2026-09-30T01:09:46.572 0.0,0.0,0.0,0.0,0.0,0.03684210526315797
2026-09-30T01:09:46.622 0.0,0.0,0.0,0.0,0.0,0.03684210526315797
2026-09-30T01:09:46.672 0.0,0.0,0.0,0.0,0.0,0.03684210526315797
2026-09-30T01:09:46.722 0.0,0.0,0.0,0.0,0.0,0.03684210526315797
2026-09-30T01:09:46.772 0.0,0.0,0.0,0.0,0.0,0.03684210526315797
2026-09-30T01:09:46.822 0.0,0.0,0.0,0.0,0.0,0.03684210526315797
2026-09-30T01:09:46.872 0.0,0.0,0.0,0.0,0.0,0.03684210526315797
2026-09-30T01:09:46.922 0.0,0.0,0.0,0.0,0.0,0.03684210526315797
2026-09-30T01:09:46.972 0.0,0.0,0.0,0.0,0.0,0.03684210526315797
2026-09-30T01:09:47.022 0.0,0.0,0.0,0.0,0.0,0.03684210526315797
2026-09-30T01:09:47.072 0.0,0.0,0.0,0.0,0.0,0.03684210526315797
2026-09-30T01:09:47.122 0.0,0.0,0.0,0.0,0.0,0.03684210526315797
2026-09-30T01:09:47.172 0.0,0.0,0.0,0.0,0.0,0.03684210526315797
2026-09-30T01:09:47.222 0.0,0.0,0.0,0.0,0.0,0.03684210526315797
2026-09-30T01:09:47.272 0.0,0.0,0.0,0.0,0.0,0.03684210526315797
2026-09-30T01:09:47.322 0.0,0.0,0.0,0.0,0.0,0.03684210526315797
2026-09-30T01:09:47.372 0.0,0.0,0.0,0.0,0.0,0.03684210526315797
2026-09-30T01:09:47.422 0.0,0.0,0.0,0.0,0.0,0.03684210526315797
2026-09-30T01:09:47.472 0.0,0.0,0.0,0.0,0.0,0.03684210526315797
2026-09-30T01:09:47.522 0.0,0.0,0.0,0.0,0.0,0.03684210526315797
2026-09-30T01:09:47.572 0.0,0.0,0.0,0.0,0.0,0.03684210526315797
2026-09-30T01:09:47.622 0.0,0.0,0.0,0.0,0.0,0.03684210526315797
2026-09-30T01:09:47.672 0.0,0.0,0.0,0.0,0.0,0.03684210526315797
2026-09-30T01:09:47.722 0.0,0.0,0.0,0.0,0.0,0.03684210526315797
2026-09-30T01:09:47.772 0.0,0.0,0.0,0.0,0.0,0.03684210526315797
2026-09-30T01:09:47.822 0.0,0.0,0.0,0.0,0.0,0.03684210526315797
2026-09-30T01:09:47.872 0.0,0.0,0.0,0.0,0.0,0.03684210526315797
2026-09-30T01:09:47.922 0.0,0.0,0.0,0.0,0.0,0.03684210526315797
2026-09-30T01:09:47.973 0.0,0.0,0.0,0.0,0.0,0.03684210526315797
2026-09-30T01:09:48.022 0.0,0.0,0.0,0.0,0.0,0.03684210526315797
2026-09-30T01:09:48.082 0.0,0.0,0.0,0.0,0.0,0.03684210526315797
2026-09-30T01:09:48.122 0.0,0.0,0.0,0.0,0.0,0.03684210526315797
2026-09-30T01:09:48.172 0.0,0.0,0.0,0.0,0.0,0.03684210526315797
2026-09-30T01:09:48.222 0.0,0.0,0.0,0.0,0.0,0.03684210526315797
2026-09-30T01:09:48.272 0.0,0.0,0.0,0.0,0.0,0.03684210526315797
2026-09-30T01:09:48.322 0.0,0.0,0.0,0.0,0.0,0.03684210526315797
2026-09-30T01:09:48.372 0.0,0.0,0.0,0.0,0.0,0.03684210526315797
2026-09-30T01:09:48.422 0.0,0.0,0.0,0.0,0.0,0.03684210526315797
2026-09-30T01:09:48.472 0.0,0.0,0.0,0.0,0.0,0.03684210526315797
2026-09-30T01:09:48.522 0.0,0.0,0.0,0.0,0.0,0.03684210526315797
2026-09-30T01:09:48.572 0.0,0.0,0.0,0.0,0.0,0.03684210526315797
2026-09-30T01:09:48.622 0.0,0.0,0.0,0.0,0.0,0.03684210526315797
2026-09-30T01:09:48.672 0.0,0.0,0.0,0.0,0.0,0.03684210526315797
2026-09-30T01:09:48.722 0.0,0.0,0.0,0.0,0.0,0.03684210526315797
2026-09-30T01:09:48.772 0.0,0.0,0.0,0.0,0.0,0.0
2026-09-30T01:09:48.823 0.0,0.0,0.0,0.0,0.0,0.0
2026-09-30T01:09:48.872 0.0,0.0,0.0,0.0,0.0,0.0
2026-09-30T01:09:48.922 0.0,0.0,0.0,0.0,0.0,0.0
2026-09-30T01:09:48.972 0.0,0.0,0.0,0.0,0.0,0.0
2026-09-30T01:09:49.022 0.0,0.0,0.0,0.0,0.0,0.0
2026-09-30T01:09:49.072 0.0,0.0,0.0,0.0,0.0,0.0
2026-09-30T01:09:49.122 0.0,0.0,0.0,0.0,0.0,0.0
2026-09-30T01:09:49.172 0.0,0.0,0.0,0.0,0.0,0.0
2026-09-30T01:09:49.222 0.0,0.0,0.0,0.0,0.0,0.0
2026-09-30T01:09:49.274 0.0,0.0,0.0,0.0,0.0,0.0
2026-09-30T01:09:49.322 0.0,0.0,0.0,0.0,0.0,0.0
2026-09-30T01:09:49.372 0.0,0.0,0.0,0.0,0.0,0.0
2026-09-30T01:09:49.422 0.0,0.0,0.0,0.0,0.0,0.03684210526315797
2026-09-30T01:09:49.472 0.0,0.0,0.0,0.0,0.0,0.03684210526315797
2026-09-30T01:09:49.522 0.0,0.0,0.0,0.0,0.0,0.03684210526315797
2026-09-30T01:09:49.572 0.0,0.0,0.0,0.0,0.0,0.03684210526315797
2026-09-30T01:09:49.622 0.0,0.0,0.0,0.0,0.0,0.03684210526315797
2026-09-30T01:09:49.682 0.0,0.0,0.0,0.0,0.0,0.03684210526315797
2026-09-30T01:09:49.722 0.0,0.0,0.0,0.0,0.0,0.03684210526315797
2026-09-30T01:09:49.772 0.0,0.0,0.0,0.0,0.0,0.03684210526315797
2026-09-30T01:09:49.822 0.0,0.0,0.0,0.0,0.0,0.03684210526315797
2026-09-30T01:09:49.872 0.0,0.0,0.0,0.0,0.0,0.03684210526315797
2026-09-30T01:09:49.922 0.0,0.0,0.0,0.0,0.0,0.03684210526315797
2026-09-30T01:09:49.972 0.0,0.0,0.0,0.0,0.0,0.03684210526315797
2026-09-30T01:09:50.022 0.0,0.0,0.0,0.0,0.0,0.03684210526315797
2026-09-30T01:09:50.072 0.0,0.0,0.0,0.0,0.0,0.03684210526315797
2026-09-30T01:09:50.122 0.0,0.0,0.0,0.0,0.0,0.03684210526315797
2026-09-30T01:09:50.172 0.0,0.0,0.0,0.0,0.0,0.03684210526315797
2026-09-30T01:09:50.232 0.0,0.0,0.0,0.0,0.0,0.03684210526315797
2026-09-30T01:09:50.272 0.0,0.0,0.0,0.0,0.0,0.03684210526315797
2026-09-30T01:09:50.322 0.0,0.0,0.0,0.0,0.0,0.03684210526315797
2026-09-30T01:09:50.372 0.0,0.0,0.0,0.0,0.0,0.03684210526315797
2026-09-30T01:09:50.422 0.0,0.0,0.0,0.0,0.0,0.03684210526315797
2026-09-30T01:09:50.472 0.0,0.0,0.0,0.0,0.0,0.03684210526315797
2026-09-30T01:09:50.522 0.0,0.0,0.0,0.0,0.0,0.03684210526315797
2026-09-30T01:09:50.572 0.0,0.0,0.0,0.0,0.0,0.03684210526315797
2026-09-30T01:09:50.622 0.0,0.0,0.0,0.0,0.0,0.03684210526315797
2026-09-30T01:09:50.682 0.0,0.0,0.0,0.0,0.0,0.03684210526315797
2026-09-30T01:09:50.722 0.0,0.0,0.0,0.0,0.0,0.03684210526315797
2026-09-30T01:09:50.772 0.0,0.0,0.0,0.0,0.0,0.03684210526315797
2026-09-30T01:09:50.822 0.0,0.0,0.0,0.0,0.0,0.03684210526315797
2026-09-30T01:09:50.872 0.0,0.0,0.0,0.0,0.0,0.03684210526315797
2026-09-30T01:09:50.922 0.0,0.0,0.0,0.0,0.0,0.03684210526315797
2026-09-30T01:09:50.972 0.0,0.0,0.0,0.0,0.0,0.03684210526315797
2026-09-30T01:09:51.022 0.0,0.0,0.0,0.0,0.0,0.03684210526315797
2026-09-30T01:09:51.072 0.0,0.0,0.0,0.0,0.0,0.03684210526315797
2026-09-30T01:09:51.122 0.0,0.0,0.0,0.0,0.0,0.03684210526315797
2026-09-30T01:09:51.172 0.0,0.0,0.0,0.0,0.0,0.03684210526315797
2026-09-30T01:09:51.222 0.0,0.0,0.0,0.0,0.0,0.03684210526315797
2026-09-30T01:09:51.272 0.0,0.0,0.0,0.0,0.0,0.03684210526315797
2026-09-30T01:09:51.322 0.0,0.0,0.0,0.0,0.0,0.03684210526315797
2026-09-30T01:09:51.372 0.0,0.0,0.0,0.0,0.0,0.03684210526315797
2026-09-30T01:09:51.422 0.0,0.0,0.0,0.0,0.0,0.03684210526315797
2026-09-30T01:09:51.472 0.0,0.0,0.0,0.0,0.0,0.03684210526315797
2026-09-30T01:09:51.522 0.0,0.0,0.0,0.0,0.0,0.03684210526315797
2026-09-30T01:09:51.572 0.0,0.0,0.0,0.0,0.0,0.03684210526315797
2026-09-30T01:09:51.622 0.0,0.0,0.0,0.0,0.0,0.03684210526315797
2026-09-30T01:09:51.672 0.0,0.0,0.0,0.0,0.0,0.03684210526315797
2026-09-30T01:09:51.722 0.0,0.0,0.0,0.0,0.0,0.03684210526315797
2026-09-30T01:09:51.772 0.0,0.0,0.0,0.0,0.0,0.03684210526315797
2026-09-30T01:09:51.822 0.0,0.0,0.0,0.0,0.0,0.03684210526315797
2026-09-30T01:09:51.872 0.0,0.0,0.0,0.0,0.0,0.03684210526315797
2026-09-30T01:09:51.922 0.0,0.0,0.0,0.0,0.0,0.03684210526315797
2026-09-30T01:09:51.972 0.0,0.0,0.0,0.0,0.0,0.03684210526315797
2026-09-30T01:09:52.023 0.0,0.0,0.0,0.0,0.0,0.03684210526315797
2026-09-30T01:09:52.071 0.0,0.0,0.0,0.0,0.0,0.03684210526315797
2026-09-30T01:09:52.122 0.0,0.0,0.0,0.0,0.0,0.03684210526315797
2026-09-30T01:09:52.172 0.0,0.0,0.0,0.0,0.0,0.03684210526315797
2026-09-30T01:09:52.222 0.0,0.0,0.0,0.0,0.0,0.03684210526315797
2026-09-30T01:09:52.272 0.0,0.0,0.0,0.0,0.0,0.03684210526315797
2026-09-30T01:09:52.322 0.0,0.0,0.0,0.0,0.0,0.03684210526315797
2026-09-30T01:09:52.382 0.0,0.0,0.0,0.0,0.0,0.03684210526315797
2026-09-30T01:09:52.422 0.0,0.0,0.0,0.0,0.0,0.03684210526315797
2026-09-30T01:09:52.472 0.0,0.0,0.0,0.0,0.0,0.03684210526315797
2026-09-30T01:09:52.524 0.0,0.0,0.0,0.0,0.0,0.03684210526315797
2026-09-30T01:09:52.572 0.0,0.0,0.0,0.0,0.0,0.03684210526315797
2026-09-30T01:09:52.622 0.0,0.0,0.0,0.0,0.0,0.03684210526315797
2026-09-30T01:09:52.672 0.0,0.0,0.0,0.0,0.0,0.03684210526315797
2026-09-30T01:09:52.722 0.0,0.0,0.0,0.0,0.0,0.03684210526315797
2026-09-30T01:09:52.772 0.0,0.0,0.0,0.0,0.0,0.03684210526315797
2026-09-30T01:09:52.822 0.0,0.0,0.0,0.0,0.0,0.03684210526315797
2026-09-30T01:09:52.882 0.0,0.0,0.0,0.0,0.0,0.03684210526315797
2026-09-30T01:09:52.922 0.0,0.0,0.0,0.0,0.0,0.03684210526315797
2026-09-30T01:09:52.972 0.0,0.0,0.0,0.0,0.0,0.03684210526315797
2026-09-30T01:09:53.022 0.0,0.0,0.0,0.0,0.0,0.03684210526315797
2026-09-30T01:09:53.072 0.0,0.0,0.0,0.0,0.0,0.03684210526315797
2026-09-30T01:09:53.122 0.0,0.0,0.0,0.0,0.0,0.03684210526315797
2026-09-30T01:09:53.172 0.0,0.0,0.0,0.0,0.0,0.03684210526315797
2026-09-30T01:09:53.222 0.0,0.0,0.0,0.0,0.0,0.03684210526315797
2026-09-30T01:09:53.272 0.0,0.0,0.0,0.0,0.0,0.03684210526315797
2026-09-30T01:09:53.322 0.0,0.0,0.0,0.0,0.0,0.03684210526315797
2026-09-30T01:09:53.371 0.0,0.0,0.0,0.0,0.0,0.03684210526315797
2026-09-30T01:09:53.422 0.0,0.0,0.0,0.0,0.0,0.03684210526315797
2026-09-30T01:09:53.472 0.0,0.0,0.0,0.0,0.0,0.03684210526315797
2026-09-30T01:09:53.522 0.0,0.0,0.0,0.0,0.0,0.03684210526315797
2026-09-30T01:09:53.572 0.0,0.0,0.0,0.0,0.0,0.03684210526315797
2026-09-30T01:09:53.622 0.0,0.0,0.0,0.0,0.0,0.03684210526315797
2026-09-30T01:09:53.672 0.0,0.0,0.0,0.0,0.0,0.03684210526315797
2026-09-30T01:09:53.722 0.0,0.0,0.0,0.0,0.0,0.03684210526315797
2026-09-30T01:09:53.772 0.0,0.0,0.0,0.0,0.0,0.03684210526315797
2026-09-30T01:09:53.822 0.0,0.0,0.0,0.0,0.0,0.03684210526315797
2026-09-30T01:09:53.872 0.0,0.0,0.0,0.0,0.0,0.03684210526315797
2026-09-30T01:09:53.922 0.0,0.0,0.0,0.0,0.0,0.03684210526315797
2026-09-30T01:09:53.972 0.0,0.0,0.0,0.0,0.0,0.03684210526315797
2026-09-30T01:09:54.022 0.0,0.0,0.0,0.0,0.0,0.03684210526315797
2026-09-30T01:09:54.072 0.0,0.0,0.0,0.0,0.0,0.03684210526315797
2026-09-30T01:09:54.122 0.0,0.0,0.0,0.0,0.0,0.03684210526315797
2026-09-30T01:09:54.172 0.0,0.0,0.0,0.0,0.0,0.03684210526315797
2026-09-30T01:09:54.222 0.0,0.0,0.0,0.0,0.0,0.03684210526315797
2026-09-30T01:09:54.273 0.0,0.0,0.0,0.0,0.0,0.03684210526315797
2026-09-30T01:09:54.322 0.0,0.0,0.0,0.0,0.0,0.03684210526315797
2026-09-30T01:09:54.372 0.0,0.0,0.0,0.0,0.0,0.03684210526315797
2026-09-30T01:09:54.422 0.0,0.0,0.0,0.0,0.0,0.03684210526315797
2026-09-30T01:09:54.472 0.0,0.0,0.0,0.0,0.0,0.03684210526315797
2026-09-30T01:09:54.522 0.0,0.0,0.0,0.0,0.0,0.03684210526315797
2026-09-30T01:09:54.572 0.0,0.0,0.0,0.0,0.0,0.03684210526315797
2026-09-30T01:09:54.622 0.0,0.0,0.0,0.0,0.0,0.03684210526315797
2026-09-30T01:09:54.672 0.0,0.0,0.0,0.0,0.0,0.03684210526315797
2026-09-30T01:09:54.722 0.0,0.0,0.0,0.0,0.0,0.03684210526315797
2026-09-30T01:09:54.772 0.0,0.0,0.0,0.0,0.0,0.03684210526315797
2026-09-30T01:09:54.821 0.0,0.0,0.0,0.0,0.0,0.03684210526315797
2026-09-30T01:09:54.871 0.0,0.0,0.0,0.0,0.0,0.03684210526315797
2026-09-30T01:09:54.922 0.0,0.0,0.0,0.0,0.0,0.03684210526315797
2026-09-30T01:09:54.972 0.0,0.0,0.0,0.0,0.0,0.03684210526315797
2026-09-30T01:09:55.022 0.0,0.0,0.0,0.0,0.0,0.03684210526315797
2026-09-30T01:09:55.072 0.0,0.0,0.0,0.0,0.0,0.03684210526315797
2026-09-30T01:09:55.122 0.0,0.0,0.0,0.0,0.0,0.03684210526315797
2026-09-30T01:09:55.172 0.0,0.0,0.0,0.0,0.0,0.03684210526315797
2026-09-30T01:09:55.222 0.0,0.0,0.0,0.0,0.0,0.03684210526315797
2026-09-30T01:09:55.272 0.0,0.0,0.0,0.0,0.0,0.03684210526315797
2026-09-30T01:09:55.322 0.0,0.0,0.0,0.0,0.0,0.03684210526315797
2026-09-30T01:09:55.372 0.0,0.0,0.0,0.0,0.0,0.03684210526315797
2026-09-30T01:09:55.422 0.0,0.0,0.0,0.0,0.0,0.03684210526315797
2026-09-30T01:09:55.472 0.0,0.0,0.0,0.0,0.0,0.03684210526315797
2026-09-30T01:09:55.522 0.0,0.0,0.0,0.0,0.0,0.03684210526315797
2026-09-30T01:09:55.572 0.0,0.0,0.0,0.0,0.0,0.03684210526315797
2026-09-30T01:09:55.622 0.0,0.0,0.0,0.0,0.0,0.03684210526315797
2026-09-30T01:09:55.672 0.0,0.0,0.0,0.0,0.0,0.03684210526315797
2026-09-30T01:09:55.722 0.0,0.0,0.0,0.0,0.0,0.03684210526315797
2026-09-30T01:09:55.772 0.0,0.0,0.0,0.0,0.0,0.03684210526315797
2026-09-30T01:09:55.822 0.0,0.0,0.0,0.0,0.0,0.03684210526315797
2026-09-30T01:09:55.872 0.0,0.0,0.0,0.0,0.0,0.03684210526315797
2026-09-30T01:09:55.922 0.0,0.0,0.0,0.0,0.0,0.03684210526315797
2026-09-30T01:09:55.972 0.0,0.0,0.0,0.0,0.0,0.03684210526315797
2026-09-30T01:09:56.022 0.0,0.0,0.0,0.0,0.0,0.03684210526315797
2026-09-30T01:09:56.072 0.0,0.0,0.0,0.0,0.0,0.03684210526315797
2026-09-30T01:09:56.122 0.0,0.0,0.0,0.0,0.0,0.03684210526315797
2026-09-30T01:09:56.172 0.0,0.0,0.0,0.0,0.0,0.03684210526315797
2026-09-30T01:09:56.222 0.0,0.0,0.0,0.0,0.0,0.03684210526315797
2026-09-30T01:09:56.272 0.0,0.0,0.0,0.0,0.0,0.03684210526315797
2026-09-30T01:09:56.322 0.0,0.0,0.0,0.0,0.0,0.03684210526315797
2026-09-30T01:09:56.372 0.0,0.0,0.0,0.0,0.0,0.03684210526315797
2026-09-30T01:09:56.422 0.0,0.0,0.0,0.0,0.0,0.03684210526315797
2026-09-30T01:09:56.472 0.0,0.0,0.0,0.0,0.0,0.03684210526315797
2026-09-30T01:09:56.522 0.0,0.0,0.0,0.0,0.0,0.03684210526315797
2026-09-30T01:09:56.572 0.0,0.0,0.0,0.0,0.0,0.03684210526315797
2026-09-30T01:09:56.622 0.0,0.0,0.0,0.0,0.0,0.03684210526315797
2026-09-30T01:09:56.672 0.0,0.0,0.0,0.0,0.0,0.03684210526315797
2026-09-30T01:09:56.722 0.0,0.0,0.0,0.0,0.0,0.03684210526315797
2026-09-30T01:09:56.772 0.0,0.0,0.0,0.0,0.0,0.03684210526315797
2026-09-30T01:09:56.822 0.0,0.0,0.0,0.0,0.0,0.03684210526315797
2026-09-30T01:09:56.872 0.0,0.0,0.0,0.0,0.0,0.03684210526315797
2026-09-30T01:09:56.922 0.0,0.0,0.0,0.0,0.0,0.03684210526315797
2026-09-30T01:09:56.972 0.0,0.0,0.0,0.0,0.0,0.03684210526315797
2026-09-30T01:09:57.022 0.0,0.0,0.0,0.0,0.0,0.03684210526315797
2026-09-30T01:09:57.072 0.0,0.0,0.0,0.0,0.0,0.03684210526315797
2026-09-30T01:09:57.122 0.0,0.0,0.0,0.0,0.0,0.03684210526315797
2026-09-30T01:09:57.172 0.0,0.0,0.0,0.0,0.0,0.03684210526315797
2026-09-30T01:09:57.222 0.0,0.0,0.0,0.0,0.0,0.03684210526315797
2026-09-30T01:09:57.272 0.0,0.0,0.0,0.0,0.0,0.03684210526315797
2026-09-30T01:09:57.322 0.0,0.0,0.0,0.0,0.0,0.03684210526315797
2026-09-30T01:09:57.372 0.0,0.0,0.0,0.0,0.0,0.03684210526315797
2026-09-30T01:09:57.422 0.0,0.0,0.0,0.0,0.0,0.03684210526315797
2026-09-30T01:09:57.472 0.0,0.0,0.0,0.0,0.0,0.03684210526315797
2026-09-30T01:09:57.522 0.0,0.0,0.0,0.0,0.0,0.03684210526315797
2026-09-30T01:09:57.572 0.0,0.0,0.0,0.0,0.0,0.03684210526315797
2026-09-30T01:09:57.622 0.0,0.0,0.0,0.0,0.0,0.03684210526315797
2026-09-30T01:09:57.672 0.0,0.0,0.0,0.0,0.0,0.03684210526315797
2026-09-30T01:09:57.722 0.0,0.0,0.0,0.0,0.0,0.03684210526315797
2026-09-30T01:09:57.772 0.0,0.0,0.0,0.0,0.0,0.03684210526315797
2026-09-30T01:09:57.822 0.0,0.0,0.0,0.0,0.0,0.03684210526315797
2026-09-30T01:09:57.872 0.0,0.0,0.0,0.0,0.0,0.03684210526315797
2026-09-30T01:09:57.922 0.0,0.0,0.0,0.0,0.0,0.03684210526315797
2026-09-30T01:09:57.972 0.0,0.0,0.0,0.0,0.0,0.03684210526315797
2026-09-30T01:09:58.022 0.0,0.0,0.0,0.0,0.0,0.03684210526315797
2026-09-30T01:09:58.072 0.0,0.0,0.0,0.0,0.0,0.03684210526315797
2026-09-30T01:09:58.122 0.0,0.0,0.0,0.0,0.0,0.03684210526315797
2026-09-30T01:09:58.172 0.0,0.0,0.0,0.0,0.0,0.03684210526315797
2026-09-30T01:09:58.222 0.0,0.0,0.0,0.0,0.0,0.03684210526315797
2026-09-30T01:09:58.282 0.0,0.0,0.0,0.0,0.0,0.03684210526315797
2026-09-30T01:09:58.322 0.0,0.0,0.0,0.0,0.0,0.03684210526315797
2026-09-30T01:09:58.382 0.0,0.0,0.0,0.0,0.0,0.03684210526315797
2026-09-30T01:09:58.422 0.0,0.0,0.0,0.0,0.0,0.03684210526315797
2026-09-30T01:09:58.472 0.0,0.0,0.0,0.0,0.0,0.03684210526315797
2026-09-30T01:09:58.522 0.0,0.0,0.0,0.0,0.0,0.03684210526315797
2026-09-30T01:09:58.572 0.0,0.0,0.0,0.0,0.0,0.03684210526315797
2026-09-30T01:09:58.621 0.0,0.0,0.0,0.0,0.0,0.03684210526315797
2026-09-30T01:09:58.682 0.0,0.0,0.0,0.0,0.0,0.03684210526315797
2026-09-30T01:09:58.722 0.0,0.0,0.0,0.0,0.0,0.03684210526315797
2026-09-30T01:09:58.772 0.0,0.0,0.0,0.0,0.0,0.03684210526315797
2026-09-30T01:09:58.832 0.0,0.0,0.0,0.0,0.0,0.03684210526315797
2026-09-30T01:09:58.872 0.0,0.0,0.0,0.0,0.0,0.03684210526315797
2026-09-30T01:09:58.922 0.0,0.0,0.0,0.0,0.0,0.03684210526315797
2026-09-30T01:09:58.972 0.0,0.0,0.0,0.0,0.0,0.03684210526315797
2026-09-30T01:09:59.022 0.0,0.0,0.0,0.0,0.0,0.03684210526315797
2026-09-30T01:09:59.072 0.0,0.0,0.0,0.0,0.0,0.03684210526315797
2026-09-30T01:09:59.122 0.0,0.0,0.0,0.0,0.0,0.03684210526315797
2026-09-30T01:09:59.172 0.0,0.0,0.0,0.0,0.0,0.03684210526315797
2026-09-30T01:09:59.224 0.0,0.0,0.0,0.0,0.0,0.03684210526315797
2026-09-30T01:09:59.273 0.0,0.0,0.0,0.0,0.0,0.03684210526315797
2026-09-30T01:09:59.322 0.0,0.0,0.0,0.0,0.0,0.03684210526315797
2026-09-30T01:09:59.372 0.0,0.0,0.0,0.0,0.0,0.03684210526315797
2026-09-30T01:09:59.423 0.0,0.0,0.0,0.0,0.0,0.03684210526315797
2026-09-30T01:09:59.473 0.0,0.0,0.0,0.0,0.0,0.03684210526315797
2026-09-30T01:09:59.522 0.0,0.0,0.0,0.0,0.0,0.03684210526315797
2026-09-30T01:09:59.572 0.0,0.0,0.0,0.0,0.0,0.03684210526315797
2026-09-30T01:09:59.623 0.0,0.0,0.0,0.0,0.0,0.03684210526315797
2026-09-30T01:09:59.672 0.0,0.0,0.0,0.0,0.0,0.03684210526315797
2026-09-30T01:09:59.722 0.0,0.0,0.0,0.0,0.0,0.03684210526315797
2026-09-30T01:09:59.774 0.0,0.0,0.0,0.0,0.0,0.03684210526315797
2026-09-30T01:09:59.824 0.0,0.0,0.0,0.0,0.0,0.03684210526315797
2026-09-30T01:09:59.872 0.0,0.0,0.0,0.0,0.0,0.03684210526315797
2026-09-30T01:09:59.922 0.0,0.0,0.0,0.0,0.0,0.03684210526315797
2026-09-30T01:09:59.972 0.0,0.0,0.0,0.0,0.0,0.03684210526315797
2026-09-30T01:10:00.022 0.0,0.0,0.0,0.0,0.0,0.03684210526315797
2026-09-30T01:10:00.072 0.0,0.0,0.0,0.0,0.0,0.03684210526315797
2026-09-30T01:10:00.122 0.0,0.0,0.0,0.0,0.0,0.03684210526315797
2026-09-30T01:10:00.172 0.0,0.0,0.0,0.0,0.0,0.03684210526315797
2026-09-30T01:10:00.222 0.0,0.0,0.0,0.0,0.0,0.03684210526315797
2026-09-30T01:10:00.282 0.0,0.0,0.0,0.0,0.0,0.03684210526315797
2026-09-30T01:10:00.322 0.0,0.0,0.0,0.0,0.0,0.03684210526315797
2026-09-30T01:10:00.372 0.0,0.0,0.0,0.0,0.0,0.03684210526315797
2026-09-30T01:10:00.422 0.0,0.0,0.0,0.0,0.0,0.03684210526315797
2026-09-30T01:10:00.472 0.0,0.0,0.0,0.0,0.0,0.03684210526315797
2026-09-30T01:10:00.522 0.0,0.0,0.0,0.0,0.0,0.03684210526315797
2026-09-30T01:10:00.572 0.0,0.0,0.0,0.0,0.0,0.03684210526315797
2026-09-30T01:10:00.622 0.0,0.0,0.0,0.0,0.0,0.03684210526315797
2026-09-30T01:10:00.672 0.0,0.0,0.0,0.0,0.0,0.03684210526315797
2026-09-30T01:10:00.722 0.0,0.0,0.0,0.0,0.0,0.03684210526315797
2026-09-30T01:10:00.782 0.0,0.0,0.0,0.0,0.0,0.03684210526315797
2026-09-30T01:10:00.822 0.0,0.0,0.0,0.0,0.0,0.03684210526315797
2026-09-30T01:10:00.872 0.0,0.0,0.0,0.0,0.0,0.03684210526315797
2026-09-30T01:10:00.922 0.0,0.0,0.0,0.0,0.0,0.03684210526315797
2026-09-30T01:10:00.971 0.0,0.0,0.0,0.0,0.0,0.03684210526315797
2026-09-30T01:10:01.022 0.0,0.0,0.0,0.0,0.0,0.03684210526315797
2026-09-30T01:10:01.072 0.0,0.0,0.0,0.0,0.0,0.03684210526315797
2026-09-30T01:10:01.122 0.0,0.0,0.0,0.0,0.0,0.03684210526315797
2026-09-30T01:10:01.172 0.0,0.0,0.0,0.0,0.0,0.03684210526315797
2026-09-30T01:10:01.222 0.0,0.0,0.0,0.0,0.0,0.03684210526315797
2026-09-30T01:10:01.272 0.0,0.0,0.0,0.0,0.0,0.03684210526315797
2026-09-30T01:10:01.322 0.0,0.0,0.0,0.0,0.0,0.03684210526315797
2026-09-30T01:10:01.382 0.0,0.0,0.0,0.0,0.0,0.03684210526315797
2026-09-30T01:10:01.422 0.0,0.0,0.0,0.0,0.0,0.03684210526315797
2026-09-30T01:10:01.472 0.0,0.0,0.0,0.0,0.0,0.03684210526315797
2026-09-30T01:10:01.522 0.0,0.0,0.0,0.0,0.0,0.03684210526315797
2026-09-30T01:10:01.572 0.0,0.0,0.0,0.0,0.0,0.03684210526315797
2026-09-30T01:10:01.622 0.0,0.0,0.0,0.0,0.0,0.03684210526315797
2026-09-30T01:10:01.672 0.0,0.0,0.0,0.0,0.0,0.03684210526315797
2026-09-30T01:10:01.722 0.0,0.0,0.0,0.0,0.0,0.03684210526315797
2026-09-30T01:10:01.772 0.0,0.0,0.0,0.0,0.0,0.03684210526315797
2026-09-30T01:10:01.822 0.0,0.0,0.0,0.0,0.0,0.03684210526315797
2026-09-30T01:10:01.872 0.0,0.0,0.0,0.0,0.0,0.03684210526315797
2026-09-30T01:10:01.922 0.0,0.0,0.0,0.0,0.0,0.03684210526315797
2026-09-30T01:10:01.982 0.0,0.0,0.0,0.0,0.0,0.03684210526315797
2026-09-30T01:10:02.022 0.0,0.0,0.0,0.0,0.0,0.03684210526315797
2026-09-30T01:10:02.072 0.0,0.0,0.0,0.0,0.0,0.03684210526315797
2026-09-30T01:10:02.122 0.0,0.0,0.0,0.0,0.0,0.03684210526315797
2026-09-30T01:10:02.172 0.0,0.0,0.0,0.0,0.0,0.03684210526315797
2026-09-30T01:10:02.222 0.0,0.0,0.0,0.0,0.0,0.03684210526315797
2026-09-30T01:10:02.272 0.0,0.0,0.0,0.0,0.0,0.03684210526315797
2026-09-30T01:10:02.322 0.0,0.0,0.0,0.0,0.0,0.03684210526315797
2026-09-30T01:10:02.372 0.0,0.0,0.0,0.0,0.0,0.03684210526315797
2026-09-30T01:10:02.422 0.0,0.0,0.0,0.0,0.0,0.03684210526315797
2026-09-30T01:10:02.472 0.0,0.0,0.0,0.0,0.0,0.03684210526315797
2026-09-30T01:10:02.522 0.0,0.0,0.0,0.0,0.0,0.03684210526315797
2026-09-30T01:10:02.571 0.0,0.0,0.0,0.0,0.0,0.03684210526315797
2026-09-30T01:10:02.622 0.0,0.0,0.0,0.0,0.0,0.03684210526315797
2026-09-30T01:10:02.672 0.0,0.0,0.0,0.0,0.0,0.03684210526315797
2026-09-30T01:10:02.722 0.0,0.0,0.0,0.0,0.0,0.03684210526315797
2026-09-30T01:10:02.772 0.0,0.0,0.0,0.0,0.0,0.03684210526315797
2026-09-30T01:10:02.822 0.0,0.0,0.0,0.0,0.0,0.03684210526315797
2026-09-30T01:10:02.872 0.0,0.0,0.0,0.0,0.0,0.03684210526315797
2026-09-30T01:10:02.922 0.0,0.0,0.0,0.0,0.0,0.03684210526315797
2026-09-30T01:10:02.972 0.0,0.0,0.0,0.0,0.0,0.03684210526315797
2026-09-30T01:10:03.032 0.0,0.0,0.0,0.0,0.0,0.03684210526315797
2026-09-30T01:10:03.072 0.0,0.0,0.0,0.0,0.0,0.03684210526315797
2026-09-30T01:10:03.122 0.0,0.0,0.0,0.0,0.0,0.03684210526315797
2026-09-30T01:10:03.172 0.0,0.0,0.0,0.0,0.0,0.03684210526315797
2026-09-30T01:10:03.222 0.0,0.0,0.0,0.0,0.0,0.03684210526315797
2026-09-30T01:10:03.272 0.0,0.0,0.0,0.0,0.0,0.03684210526315797
2026-09-30T01:10:03.322 0.0,0.0,0.0,0.0,0.0,0.03684210526315797
2026-09-30T01:10:03.372 0.0,0.0,0.0,0.0,0.0,0.03684210526315797
2026-09-30T01:10:03.422 0.0,0.0,0.0,0.0,0.0,0.03684210526315797
2026-09-30T01:10:03.483 0.0,0.0,0.0,0.0,0.0,0.03684210526315797
2026-09-30T01:10:03.522 0.0,0.0,0.0,0.0,0.0,0.03684210526315797
2026-09-30T01:10:03.572 0.0,0.0,0.0,0.0,0.0,0.03684210526315797
2026-09-30T01:10:03.622 0.0,0.0,0.0,0.0,0.0,0.03684210526315797
2026-09-30T01:10:03.672 0.0,0.0,0.0,0.0,0.0,0.03684210526315797
2026-09-30T01:10:03.722 0.0,0.0,0.0,0.0,0.0,0.03684210526315797
2026-09-30T01:10:03.772 0.0,0.0,0.0,0.0,0.0,0.03684210526315797
2026-09-30T01:10:03.822 0.0,0.0,0.0,0.0,0.0,0.03684210526315797
2026-09-30T01:10:03.872 0.0,0.0,0.0,0.0,0.0,0.03684210526315797
2026-09-30T01:10:03.922 0.0,0.0,0.0,0.0,0.0,0.03684210526315797
2026-09-30T01:10:03.972 0.0,0.0,0.0,0.0,0.0,0.03684210526315797
2026-09-30T01:10:04.032 0.0,0.0,0.0,0.0,0.0,0.03684210526315797
2026-09-30T01:10:04.073 0.0,0.0,0.0,0.0,0.0,0.03684210526315797
2026-09-30T01:10:04.123 0.0,0.0,0.0,0.0,0.0,0.03684210526315797
2026-09-30T01:10:04.172 0.0,0.0,0.0,0.0,0.0,0.03684210526315797
2026-09-30T01:10:04.222 0.0,0.0,0.0,0.0,0.0,0.03684210526315797
2026-09-30T01:10:04.272 0.0,0.0,0.0,0.0,0.0,0.03684210526315797
2026-09-30T01:10:04.322 0.0,0.0,0.0,0.0,0.0,0.03684210526315797
2026-09-30T01:10:04.372 0.0,0.0,0.0,0.0,0.0,0.03684210526315797
2026-09-30T01:10:04.422 0.0,0.0,0.0,0.0,0.0,0.03684210526315797
2026-09-30T01:10:04.472 0.0,0.0,0.0,0.0,0.0,0.03684210526315797
2026-09-30T01:10:04.522 0.0,0.0,0.0,0.0,0.0,0.03684210526315797
2026-09-30T01:10:04.572 0.0,0.0,0.0,0.0,0.0,0.03684210526315797
2026-09-30T01:10:04.622 0.0,0.0,0.0,0.0,0.0,0.03684210526315797
2026-09-30T01:10:04.673 0.0,0.0,0.0,0.0,0.0,0.03684210526315797
2026-09-30T01:10:04.722 0.0,0.0,0.0,0.0,0.0,0.03684210526315797
2026-09-30T01:10:04.772 0.0,0.0,0.0,0.0,0.0,0.03684210526315797
2026-09-30T01:10:04.822 0.0,0.0,0.0,0.0,0.0,0.03684210526315797
2026-09-30T01:10:04.872 0.0,0.0,0.0,0.0,0.0,0.03684210526315797
2026-09-30T01:10:04.922 0.0,0.0,0.0,0.0,0.0,0.03684210526315797
2026-09-30T01:10:04.972 0.0,0.0,0.0,0.0,0.0,0.03684210526315797
2026-09-30T01:10:05.022 0.0,0.0,0.0,0.0,0.0,0.03684210526315797
2026-09-30T01:10:05.082 0.0,0.0,0.0,0.0,0.0,0.03684210526315797
2026-09-30T01:10:05.122 0.0,0.0,0.0,0.0,0.0,0.03684210526315797
2026-09-30T01:10:05.172 0.0,0.0,0.0,0.0,0.0,0.03684210526315797
2026-09-30T01:10:05.222 0.0,0.0,0.0,0.0,0.0,0.03684210526315797
2026-09-30T01:10:05.272 0.0,0.0,0.0,0.0,0.0,0.03684210526315797
2026-09-30T01:10:05.332 0.0,0.0,0.0,0.0,0.0,0.03684210526315797
2026-09-30T01:10:05.372 0.0,0.0,0.0,0.0,0.0,0.03684210526315797
2026-09-30T01:10:05.422 0.0,0.0,0.0,0.0,0.0,0.03684210526315797
2026-09-30T01:10:05.472 0.0,0.0,0.0,0.0,0.0,0.03684210526315797
2026-09-30T01:10:05.523 0.0,0.0,0.0,0.0,0.0,0.03684210526315797
2026-09-30T01:10:05.572 0.0,0.0,0.0,0.0,0.0,0.03684210526315797
2026-09-30T01:10:05.622 0.0,0.0,0.0,0.0,0.0,0.03684210526315797
2026-09-30T01:10:05.672 0.0,0.0,0.0,0.0,0.0,0.03684210526315797
2026-09-30T01:10:05.722 0.0,0.0,0.0,0.0,0.0,0.03684210526315797
2026-09-30T01:10:05.772 0.0,0.0,0.0,0.0,0.0,0.03684210526315797
2026-09-30T01:10:05.822 0.0,0.0,0.0,0.0,0.0,0.03684210526315797
2026-09-30T01:10:05.872 0.0,0.0,0.0,0.0,0.0,0.03684210526315797
2026-09-30T01:10:05.922 0.0,0.0,0.0,0.0,0.0,0.03684210526315797
2026-09-30T01:10:05.972 0.0,0.0,0.0,0.0,0.0,0.03684210526315797
2026-09-30T01:10:06.022 0.0,0.0,0.0,0.0,0.0,0.03684210526315797
2026-09-30T01:10:06.072 0.0,0.0,0.0,0.0,0.0,0.03684210526315797
2026-09-30T01:10:06.122 0.0,0.0,0.0,0.0,0.0,0.03684210526315797
2026-09-30T01:10:06.172 0.0,0.0,0.0,0.0,0.0,0.03684210526315797
2026-09-30T01:10:06.222 0.0,0.0,0.0,0.0,0.0,0.03684210526315797
2026-09-30T01:10:06.271 0.0,0.0,0.0,0.0,0.0,0.03684210526315797
2026-09-30T01:10:06.322 0.0,0.0,0.0,0.0,0.0,0.03684210526315797
2026-09-30T01:10:06.372 0.0,0.0,0.0,0.0,0.0,0.03684210526315797
2026-09-30T01:10:06.434 0.0,0.0,0.0,0.0,0.0,0.03684210526315797
2026-09-30T01:10:06.474 0.0,0.0,0.0,0.0,0.0,0.03684210526315797
2026-09-30T01:10:06.522 0.0,0.0,0.0,0.0,0.0,0.03684210526315797
2026-09-30T01:10:06.572 0.0,0.0,0.0,0.0,0.0,0.03684210526315797
2026-09-30T01:10:06.622 0.0,0.0,0.0,0.0,0.0,0.03684210526315797
2026-09-30T01:10:06.672 0.0,0.0,0.0,0.0,0.0,0.03684210526315797
2026-09-30T01:10:06.722 0.0,0.0,0.0,0.0,0.0,0.03684210526315797
2026-09-30T01:10:06.772 0.0,0.0,0.0,0.0,0.0,0.03684210526315797
2026-09-30T01:10:06.822 0.0,0.0,0.0,0.0,0.0,0.03684210526315797
2026-09-30T01:10:06.872 0.0,0.0,0.0,0.0,0.0,0.03684210526315797
2026-09-30T01:10:06.922 0.0,0.0,0.0,0.0,0.0,0.03684210526315797
2026-09-30T01:10:06.972 0.0,0.0,0.0,0.0,0.0,0.03684210526315797
2026-09-30T01:10:07.022 0.0,0.0,0.0,0.0,0.0,0.03684210526315797
2026-09-30T01:10:07.082 0.0,0.0,0.0,0.0,0.0,0.03684210526315797
2026-09-30T01:10:07.122 0.0,0.0,0.0,0.0,0.0,0.03684210526315797
2026-09-30T01:10:07.172 0.0,0.0,0.0,0.0,0.0,0.03684210526315797
2026-09-30T01:10:07.222 0.0,0.0,0.0,0.0,0.0,0.03684210526315797
2026-09-30T01:10:07.272 0.0,0.0,0.0,0.0,0.0,0.03684210526315797
2026-09-30T01:10:07.322 0.0,0.0,0.0,0.0,0.0,0.03684210526315797
2026-09-30T01:10:07.373 0.0,0.0,0.0,0.0,0.0,0.03684210526315797
2026-09-30T01:10:07.424 0.0,0.0,0.0,0.0,0.0,0.03684210526315797
2026-09-30T01:10:07.472 0.0,0.0,0.0,0.0,0.0,0.03684210526315797
2026-09-30T01:10:07.522 0.0,0.0,0.0,0.0,0.0,0.03684210526315797
2026-09-30T01:10:07.572 0.0,0.0,0.0,0.0,0.0,0.03684210526315797
2026-09-30T01:10:07.622 0.0,0.0,0.0,0.0,0.0,0.03684210526315797
2026-09-30T01:10:07.672 0.0,0.0,0.0,0.0,0.0,0.03684210526315797
2026-09-30T01:10:07.722 0.0,0.0,0.0,0.0,0.0,0.03684210526315797
2026-09-30T01:10:07.772 0.0,0.0,0.0,0.0,0.0,0.03684210526315797
2026-09-30T01:10:07.822 0.0,0.0,0.0,0.0,0.0,0.03684210526315797
2026-09-30T01:10:07.871 0.0,0.0,0.0,0.0,0.0,0.03684210526315797
2026-09-30T01:10:07.922 0.0,0.0,0.0,0.0,0.0,0.03684210526315797
2026-09-30T01:10:07.972 0.0,0.0,0.0,0.0,0.0,0.03684210526315797
2026-09-30T01:10:08.022 0.0,0.0,0.0,0.0,0.0,0.03684210526315797
2026-09-30T01:10:08.072 0.0,0.0,0.0,0.0,0.0,0.03684210526315797
2026-09-30T01:10:08.123 0.0,0.0,0.0,0.0,0.0,0.03684210526315797
2026-09-30T01:10:08.172 0.0,0.0,0.0,0.0,0.0,0.03684210526315797
2026-09-30T01:10:08.224 0.0,0.0,0.0,0.0,0.0,0.03684210526315797
2026-09-30T01:10:08.272 0.0,0.0,0.0,0.0,0.0,0.03684210526315797
2026-09-30T01:10:08.322 0.0,0.0,0.0,0.0,0.0,0.03684210526315797
2026-09-30T01:10:08.372 0.0,0.0,0.0,0.0,0.0,0.03684210526315797
2026-09-30T01:10:08.422 0.0,0.0,0.0,0.0,0.0,0.03684210526315797
2026-09-30T01:10:08.472 0.0,0.0,0.0,0.0,0.0,0.03684210526315797
2026-09-30T01:10:08.522 0.0,0.0,0.0,0.0,0.0,0.03684210526315797
2026-09-30T01:10:08.582 0.0,0.0,0.0,0.0,0.0,0.03684210526315797
2026-09-30T01:10:08.622 0.0,0.0,0.0,0.0,0.0,0.03684210526315797
2026-09-30T01:10:08.682 0.0,0.0,0.0,0.0,0.0,0.03684210526315797
2026-09-30T01:10:08.722 0.0,0.0,0.0,0.0,0.0,0.03684210526315797
2026-09-30T01:10:08.772 0.0,0.0,0.0,0.0,0.0,0.03684210526315797
2026-09-30T01:10:08.822 0.0,0.0,0.0,0.0,0.0,0.03684210526315797
2026-09-30T01:10:08.871 0.0,0.0,0.0,0.0,0.0,0.03684210526315797
2026-09-30T01:10:08.922 0.0,0.0,0.0,0.0,0.0,0.03684210526315797
2026-09-30T01:10:08.972 0.0,0.0,0.0,0.0,0.0,0.03684210526315797
2026-09-30T01:10:09.022 0.0,0.0,0.0,0.0,0.0,0.03684210526315797
2026-09-30T01:10:09.072 0.0,0.0,0.0,0.0,0.0,0.03684210526315797
2026-09-30T01:10:09.122 0.0,0.0,0.0,0.0,0.0,0.03684210526315797
2026-09-30T01:10:09.172 0.0,0.0,0.0,0.0,0.0,0.03684210526315797
2026-09-30T01:10:09.222 0.0,0.0,0.0,0.0,0.0,0.03684210526315797
2026-09-30T01:10:09.272 0.0,0.0,0.0,0.0,0.0,0.03684210526315797
2026-09-30T01:10:09.322 0.0,0.0,0.0,0.0,0.0,0.03684210526315797
2026-09-30T01:10:09.382 0.0,0.0,0.0,0.0,0.0,0.03684210526315797
2026-09-30T01:10:09.423 0.0,0.0,0.0,0.0,0.0,0.03684210526315797
2026-09-30T01:10:09.472 0.0,0.0,0.0,0.0,0.0,0.03684210526315797
2026-09-30T01:10:09.522 0.0,0.0,0.0,0.0,0.0,0.03684210526315797
2026-09-30T01:10:09.572 0.0,0.0,0.0,0.0,0.0,0.03684210526315797
2026-09-30T01:10:09.622 0.0,0.0,0.0,0.0,0.0,0.03684210526315797
2026-09-30T01:10:09.682 0.0,0.0,0.0,0.0,0.0,0.03684210526315797
2026-09-30T01:10:09.722 0.0,0.0,0.0,0.0,0.0,0.03684210526315797
2026-09-30T01:10:09.772 0.0,0.0,0.0,0.0,0.0,0.03684210526315797
2026-09-30T01:10:09.822 0.0,0.0,0.0,0.0,0.0,0.03684210526315797
2026-09-30T01:10:09.872 0.0,0.0,0.0,0.0,0.0,0.03684210526315797
2026-09-30T01:10:09.922 0.0,0.0,0.0,0.0,0.0,0.03684210526315797
2026-09-30T01:10:09.972 0.0,0.0,0.0,0.0,0.0,0.03684210526315797
2026-09-30T01:10:10.022 0.0,0.0,0.0,0.0,0.0,0.03684210526315797
2026-09-30T01:10:10.072 0.0,0.0,0.0,0.0,0.0,0.03684210526315797
2026-09-30T01:10:10.125 0.0,0.0,0.0,0.0,0.0,0.03684210526315797
2026-09-30T01:10:10.174 0.0,0.0,0.0,0.0,0.0,0.03684210526315797
2026-09-30T01:10:10.222 0.0,0.0,0.0,0.0,0.0,0.03684210526315797
2026-09-30T01:10:10.272 0.0,0.0,0.0,0.0,0.0,0.03684210526315797
2026-09-30T01:10:10.322 0.0,0.0,0.0,0.0,0.0,0.03684210526315797
2026-09-30T01:10:10.372 0.0,0.0,0.0,0.0,0.0,0.03684210526315797
2026-09-30T01:10:10.424 0.0,0.0,0.0,0.0,0.0,0.03684210526315797
2026-09-30T01:10:10.472 0.0,0.0,0.0,0.0,0.0,0.03684210526315797
2026-09-30T01:10:10.522 0.0,0.0,0.0,0.0,0.0,0.03684210526315797
2026-09-30T01:10:10.574 0.0,0.0,0.0,0.0,0.0,0.03684210526315797
2026-09-30T01:10:10.622 0.0,0.0,0.0,0.0,0.0,0.03684210526315797
2026-09-30T01:10:10.683 0.0,0.0,0.0,0.0,0.0,0.03684210526315797
2026-09-30T01:10:10.724 0.0,0.0,0.0,0.0,0.0,0.03684210526315797
2026-09-30T01:10:10.772 0.0,0.0,0.0,0.0,0.0,0.03684210526315797
2026-09-30T01:10:10.822 0.0,0.0,0.0,0.0,0.0,0.03684210526315797
2026-09-30T01:10:10.872 0.0,0.0,0.0,0.0,0.0,0.03684210526315797
2026-09-30T01:10:10.922 0.0,0.0,0.0,0.0,0.0,0.03684210526315797
2026-09-30T01:10:10.972 0.0,0.0,0.0,0.0,0.0,0.03684210526315797
2026-09-30T01:10:11.022 0.0,0.0,0.0,0.0,0.0,0.03684210526315797
2026-09-30T01:10:11.072 0.0,0.0,0.0,0.0,0.0,0.03684210526315797
2026-09-30T01:10:11.122 0.0,0.0,0.0,0.0,0.0,0.03684210526315797
2026-09-30T01:10:11.172 0.0,0.0,0.0,0.0,0.0,0.03684210526315797
2026-09-30T01:10:11.222 0.0,0.0,0.0,0.0,0.0,0.03684210526315797
2026-09-30T01:10:11.272 0.0,0.0,0.0,0.0,0.0,0.03684210526315797
2026-09-30T01:10:11.332 0.0,0.0,0.0,0.0,0.0,0.03684210526315797
2026-09-30T01:10:11.372 0.0,0.0,0.0,0.0,0.0,0.03684210526315797
2026-09-30T01:10:11.422 0.0,0.0,0.0,0.0,0.0,0.03684210526315797
2026-09-30T01:10:11.472 0.0,0.0,0.0,0.0,0.0,0.03684210526315797
2026-09-30T01:10:11.522 0.0,0.0,0.0,0.0,0.0,0.03684210526315797
2026-09-30T01:10:11.572 0.0,0.0,0.0,0.0,0.0,0.03684210526315797
2026-09-30T01:10:11.622 0.0,0.0,0.0,0.0,0.0,0.03684210526315797
2026-09-30T01:10:11.672 0.0,0.0,0.0,0.0,0.0,0.03684210526315797
2026-09-30T01:10:11.722 0.0,0.0,0.0,0.0,0.0,0.03684210526315797
2026-09-30T01:10:11.771 0.0,0.0,0.0,0.0,0.0,0.03684210526315797
2026-09-30T01:10:11.822 0.0,0.0,0.0,0.0,0.0,0.03684210526315797
2026-09-30T01:10:11.872 0.0,0.0,0.0,0.0,0.0,0.03684210526315797
2026-09-30T01:10:11.922 0.0,0.0,0.0,0.0,0.0,0.03684210526315797
2026-09-30T01:10:11.972 0.0,0.0,0.0,0.0,0.0,0.03684210526315797
2026-09-30T01:10:12.022 0.0,0.0,0.0,0.0,0.0,0.03684210526315797
2026-09-30T01:10:12.072 0.0,0.0,0.0,0.0,0.0,0.03684210526315797
2026-09-30T01:10:12.122 0.0,0.0,0.0,0.0,0.0,0.03684210526315797
2026-09-30T01:10:12.172 0.0,0.0,0.0,0.0,0.0,0.03684210526315797
2026-09-30T01:10:12.222 0.0,0.0,0.0,0.0,0.0,0.03684210526315797
2026-09-30T01:10:12.272 0.0,0.0,0.0,0.0,0.0,0.03684210526315797
2026-09-30T01:10:12.332 0.0,0.0,0.0,0.0,0.0,0.03684210526315797
2026-09-30T01:10:12.372 0.0,0.0,0.0,0.0,0.0,0.03684210526315797
2026-09-30T01:10:12.422 0.0,0.0,0.0,0.0,0.0,0.03684210526315797
2026-09-30T01:10:12.472 0.0,0.0,0.0,0.0,0.0,0.03684210526315797
2026-09-30T01:10:12.522 0.0,0.0,0.0,0.0,0.0,0.03684210526315797
2026-09-30T01:10:12.572 0.0,0.0,0.0,0.0,0.0,0.03684210526315797
2026-09-30T01:10:12.622 0.0,0.0,0.0,0.0,0.0,0.03684210526315797
2026-09-30T01:10:12.672 0.0,0.0,0.0,0.0,0.0,0.03684210526315797
2026-09-30T01:10:12.722 0.0,0.0,0.0,0.0,0.0,0.03684210526315797
2026-09-30T01:10:12.772 0.0,0.0,0.0,0.0,0.0,0.03684210526315797
2026-09-30T01:10:12.822 0.0,0.0,0.0,0.0,0.0,0.03684210526315797
2026-09-30T01:10:12.872 0.0,0.0,0.0,0.0,0.0,0.03684210526315797
2026-09-30T01:10:12.922 0.0,0.0,0.0,0.0,0.0,0.03684210526315797
2026-09-30T01:10:12.972 0.0,0.0,0.0,0.0,0.0,0.03684210526315797
2026-09-30T01:10:13.022 0.0,0.0,0.0,0.0,0.0,0.03684210526315797
2026-09-30T01:10:13.072 0.0,0.0,0.0,0.0,0.0,0.03684210526315797
2026-09-30T01:10:13.122 0.0,0.0,0.0,0.0,0.0,0.03684210526315797
2026-09-30T01:10:13.172 0.0,0.0,0.0,0.0,0.0,0.03684210526315797
2026-09-30T01:10:13.222 0.0,0.0,0.0,0.0,0.0,0.03684210526315797
2026-09-30T01:10:13.272 0.0,0.0,0.0,0.0,0.0,0.03684210526315797
2026-09-30T01:10:13.322 0.0,0.0,0.0,0.0,0.0,0.03684210526315797
2026-09-30T01:10:13.372 0.0,0.0,0.0,0.0,0.0,0.03684210526315797
2026-09-30T01:10:14.262 0.0,0.0,0.0,0.0,0.0,0.03684210526315797
2026-09-30T01:10:14.312 0.0,0.0,0.0,0.0,0.0,0.03684210526315797
2026-09-30T01:10:15.524 0.0,0.0,0.0,0.0,0.0,0.03684210526315797
2026-09-30T01:10:15.574 0.0,0.0,0.0,0.0,0.0,0.03684210526315797
2026-09-30T01:10:15.625 0.0,0.0,0.0,0.0,0.0,0.03684210526315797
2026-09-30T01:10:15.675 0.0,0.0,0.0,0.0,0.0,0.03684210526315797
2026-09-30T01:10:15.725 0.0,0.0,0.0,0.0,0.0,0.03684210526315797
2026-09-30T01:10:15.774 0.0,0.0,0.0,0.0,0.0,0.03684210526315797
2026-09-30T01:10:15.825 0.0,0.0,0.0,0.0,0.0,0.03684210526315797
2026-09-30T01:10:15.875 0.0,0.0,0.0,0.0,0.0,0.03684210526315797
2026-09-30T01:10:15.924 0.0,0.0,0.0,0.0,0.0,0.03684210526315797
2026-09-30T01:10:15.974 0.0,0.0,0.0,0.0,0.0,0.03684210526315797
2026-09-30T01:10:16.025 0.0,0.0,0.0,0.0,0.0,0.03684210526315797
2026-09-30T01:10:16.075 0.0,0.0,0.0,0.0,0.0,0.03684210526315797
2026-09-30T01:10:16.124 0.0,0.0,0.0,0.0,0.0,0.03684210526315797
2026-09-30T01:10:16.174 0.0,0.0,0.0,0.0,0.0,0.03684210526315797
2026-09-30T01:10:16.225 0.0,0.0,0.0,0.0,0.0,0.03684210526315797
2026-09-30T01:10:16.274 0.0,0.0,0.0,0.0,0.0,0.03684210526315797
2026-09-30T01:10:16.325 0.0,0.0,0.0,0.0,0.0,0.03684210526315797
2026-09-30T01:10:16.374 0.0,0.0,0.0,0.0,0.0,0.03684210526315797
2026-09-30T01:10:16.425 0.0,0.0,0.0,0.0,0.0,0.03684210526315797
2026-09-30T01:10:16.475 0.0,0.0,0.0,0.0,0.0,0.03684210526315797
2026-09-30T01:10:16.526 0.0,0.0,0.0,0.0,0.0,0.03684210526315797
2026-09-30T01:10:16.574 0.0,0.0,0.0,0.0,0.0,0.03684210526315797
2026-09-30T01:10:16.635 0.0,0.0,0.0,0.0,0.0,0.03684210526315797
2026-09-30T01:10:16.674 0.0,0.0,0.0,0.0,0.0,0.03684210526315797
2026-09-30T01:10:16.725 0.0,0.0,0.0,0.0,0.0,0.03684210526315797
2026-09-30T01:10:16.775 0.0,0.0,0.0,0.0,0.0,0.03684210526315797
2026-09-30T01:10:16.824 0.0,0.0,0.0,0.0,0.0,0.03684210526315797
2026-09-30T01:10:16.875 0.0,0.0,0.0,0.0,0.0,0.03684210526315797
2026-09-30T01:10:16.926 0.0,0.0,0.0,0.0,0.0,0.03684210526315797
2026-09-30T01:10:16.975 0.0,0.0,0.0,0.0,0.0,0.03684210526315797
2026-09-30T01:10:17.025 0.0,0.0,0.0,0.0,0.0,0.03684210526315797
2026-09-30T01:10:17.074 0.0,0.0,0.0,0.0,0.0,0.03684210526315797
2026-09-30T01:10:17.125 0.0,0.0,0.0,0.0,0.0,0.03684210526315797
2026-09-30T01:10:17.174 0.0,0.0,0.0,0.0,0.0,0.03684210526315797
2026-09-30T01:10:17.225 0.0,0.0,0.0,0.0,0.0,0.03684210526315797
2026-09-30T01:10:17.274 0.0,0.0,0.0,0.0,0.0,0.03684210526315797
2026-09-30T01:10:17.325 0.0,0.0,0.0,0.0,0.0,0.03684210526315797
2026-09-30T01:10:17.374 0.0,0.0,0.0,0.0,0.0,0.03684210526315797
2026-09-30T01:10:17.425 0.0,0.0,0.0,0.0,0.0,0.03684210526315797
2026-09-30T01:10:17.474 0.0,0.0,0.0,0.0,0.0,0.03684210526315797
2026-09-30T01:10:17.524 0.0,0.0,0.0,0.0,0.0,0.03684210526315797
2026-09-30T01:10:17.575 0.0,0.0,0.0,0.0,0.0,0.03684210526315797
2026-09-30T01:10:17.625 0.0,0.0,0.0,0.0,0.0,0.03684210526315797
2026-09-30T01:10:17.675 0.0,0.0,0.0,0.0,0.0,0.03684210526315797
2026-09-30T01:10:17.726 0.0,0.0,0.0,0.0,0.0,0.03684210526315797
2026-09-30T01:10:17.774 0.0,0.0,0.0,0.0,0.0,0.03684210526315797
2026-09-30T01:10:17.825 0.0,0.0,0.0,0.0,0.0,0.03684210526315797
2026-09-30T01:10:17.874 0.0,0.0,0.0,0.0,0.0,0.03684210526315797
2026-09-30T01:10:17.925 0.0,0.0,0.0,0.0,0.0,0.03684210526315797
2026-09-30T01:10:17.975 0.0,0.0,0.0,0.0,0.0,0.03684210526315797
2026-09-30T01:10:18.025 0.0,0.0,0.0,0.0,0.0,0.03684210526315797
2026-09-30T01:10:18.075 0.0,0.0,0.0,0.0,0.0,0.03684210526315797
2026-09-30T01:10:18.125 0.0,0.0,0.0,0.0,0.0,0.03684210526315797
2026-09-30T01:10:18.174 0.0,0.0,0.0,0.0,0.0,0.03684210526315797
2026-09-30T01:10:18.225 0.0,0.0,0.0,0.0,0.0,0.03684210526315797
2026-09-30T01:10:18.274 0.0,0.0,0.0,0.0,0.0,0.03684210526315797
2026-09-30T01:10:18.325 0.0,0.0,0.0,0.0,0.0,0.03684210526315797
2026-09-30T01:10:18.374 0.0,0.0,0.0,0.0,0.0,0.03684210526315797
2026-09-30T01:10:18.424 0.0,0.0,0.0,0.0,0.0,0.03684210526315797
2026-09-30T01:10:18.474 0.0,0.0,0.0,0.0,0.0,0.03684210526315797
2026-09-30T01:10:18.525 0.0,0.0,0.0,0.0,0.0,0.03684210526315797
2026-09-30T01:10:18.575 0.0,0.0,0.0,0.0,0.0,0.03684210526315797
2026-09-30T01:10:18.624 0.0,0.0,0.0,0.0,0.0,0.03684210526315797
2026-09-30T01:10:18.674 0.0,0.0,0.0,0.0,0.0,0.03684210526315797
2026-09-30T01:10:18.725 0.0,0.0,0.0,0.0,0.0,0.03684210526315797
2026-09-30T01:10:18.775 0.0,0.0,0.0,0.0,0.0,0.03684210526315797
2026-09-30T01:10:18.825 0.0,0.0,0.0,0.0,0.0,0.03684210526315797
2026-09-30T01:10:18.874 0.0,0.0,0.0,0.0,0.0,0.03684210526315797
2026-09-30T01:10:18.925 0.0,0.0,0.0,0.0,0.0,0.03684210526315797
2026-09-30T01:10:18.974 0.0,0.0,0.0,0.0,0.0,0.03684210526315797
2026-09-30T01:10:19.024 0.0,0.0,0.0,0.0,0.0,0.03684210526315797
2026-09-30T01:10:19.075 0.0,0.0,0.0,0.0,0.0,0.03684210526315797
2026-09-30T01:10:19.125 0.0,0.0,0.0,0.0,0.0,0.03684210526315797
2026-09-30T01:10:19.174 0.0,0.0,0.0,0.0,0.0,0.03684210526315797
2026-09-30T01:10:19.225 0.0,0.0,0.0,0.0,0.0,0.03684210526315797
2026-09-30T01:10:19.274 0.0,0.0,0.0,0.0,0.0,0.03684210526315797
2026-09-30T01:10:19.324 0.0,0.0,0.0,0.0,0.0,0.03684210526315797
2026-09-30T01:10:19.374 0.0,0.0,0.0,0.0,0.0,0.03684210526315797
2026-09-30T01:10:19.425 0.0,0.0,0.0,0.0,0.0,0.0
2026-09-30T01:10:19.475 0.0,0.0,0.0,0.0,0.0,0.03684210526315797
2026-09-30T01:10:19.525 0.0,0.0,0.0,0.0,0.0,0.03684210526315797
2026-09-30T01:10:19.576 0.0,0.0,0.0,0.0,0.0,0.03684210526315797
2026-09-30T01:10:19.625 0.0,0.0,0.0,0.0,0.0,0.03684210526315797
2026-09-30T01:10:19.675 0.0,0.0,0.0,0.0,0.0,0.03684210526315797
2026-09-30T01:10:19.724 0.0,0.0,0.0,0.0,0.0,0.03684210526315797
2026-09-30T01:10:19.775 0.0,0.0,0.0,0.0,0.0,0.03684210526315797
2026-09-30T01:10:19.825 0.0,0.0,0.0,0.0,0.0,0.03684210526315797
2026-09-30T01:10:19.874 0.0,0.0,0.0,0.0,0.0,0.03684210526315797
2026-09-30T01:10:19.924 0.0,0.0,0.0,0.0,0.0,0.03684210526315797
2026-09-30T01:10:19.975 0.0,0.0,0.0,0.0,0.0,0.03684210526315797
2026-09-30T01:10:20.025 0.0,0.0,0.0,0.0,0.0,0.03684210526315797
2026-09-30T01:10:20.074 0.0,0.0,0.0,0.0,0.0,0.03684210526315797
2026-09-30T01:10:20.124 0.0,0.0,0.0,0.0,0.0,0.03684210526315797
2026-09-30T01:10:20.174 0.0,0.0,0.0,0.0,0.0,0.03684210526315797
2026-09-30T01:10:20.224 0.0,0.0,0.0,0.0,0.0,0.03684210526315797
2026-09-30T01:10:20.275 0.0,0.0,0.0,0.0,0.0,0.03684210526315797
2026-09-30T01:10:20.325 0.0,0.0,0.0,0.0,0.0,0.03684210526315797
2026-09-30T01:10:20.385 0.0,0.0,0.0,0.0,0.0,0.03684210526315797
2026-09-30T01:10:20.425 0.0,0.0,0.0,0.0,0.0,0.03684210526315797
2026-09-30T01:10:20.475 0.0,0.0,0.0,0.0,0.0,0.03684210526315797
2026-09-30T01:10:20.525 0.0,0.0,0.0,0.0,0.0,0.03684210526315797
2026-09-30T01:10:20.574 0.0,0.0,0.0,0.0,0.0,0.03684210526315797
2026-09-30T01:10:20.624 0.0,0.0,0.0,0.0,0.0,0.03684210526315797
2026-09-30T01:10:20.674 0.0,0.0,0.0,0.0,0.0,0.03684210526315797
2026-09-30T01:10:20.725 0.0,0.0,0.0,0.0,0.0,0.03684210526315797
2026-09-30T01:10:20.774 0.0,0.0,0.0,0.0,0.0,0.03684210526315797
2026-09-30T01:10:20.824 0.0,0.0,0.0,0.0,0.0,0.03684210526315797
2026-09-30T01:10:20.885 0.0,0.0,0.0,0.0,0.0,0.03684210526315797
2026-09-30T01:10:20.924 0.0,0.0,0.0,0.0,0.0,0.03684210526315797
2026-09-30T01:10:20.975 0.0,0.0,0.0,0.0,0.0,0.03684210526315797
2026-09-30T01:10:21.024 0.0,0.0,0.0,0.0,0.0,0.03684210526315797
2026-09-30T01:10:21.074 0.0,0.0,0.0,0.0,0.0,0.03684210526315797
2026-09-30T01:10:21.125 0.0,0.0,0.0,0.0,0.0,0.03684210526315797
2026-09-30T01:10:21.175 0.0,0.0,0.0,0.0,0.0,0.03684210526315797
2026-09-30T01:10:21.224 0.0,0.0,0.0,0.0,0.0,0.03684210526315797
2026-09-30T01:10:21.275 0.0,0.0,0.0,0.0,0.0,0.03684210526315797
2026-09-30T01:10:21.325 0.0,0.0,0.0,0.0,0.0,0.03684210526315797
2026-09-30T01:10:21.375 0.0,0.0,0.0,0.0,0.0,0.03684210526315797
2026-09-30T01:10:21.424 0.0,0.0,0.0,0.0,0.0,0.03684210526315797
2026-09-30T01:10:21.474 0.0,0.0,0.0,0.0,0.0,0.03684210526315797
2026-09-30T01:10:21.525 0.0,0.0,0.0,0.0,0.0,0.03684210526315797
2026-09-30T01:10:21.574 0.0,0.0,0.0,0.0,0.0,0.03684210526315797
2026-09-30T01:10:21.625 0.0,0.0,0.0,0.0,0.0,0.03684210526315797
2026-09-30T01:10:21.675 0.0,0.0,0.0,0.0,0.0,0.03684210526315797
2026-09-30T01:10:21.725 0.0,0.0,0.0,0.0,0.0,0.03684210526315797
2026-09-30T01:10:21.774 0.0,0.0,0.0,0.0,0.0,0.03684210526315797
2026-09-30T01:10:21.825 0.0,0.0,0.0,0.0,0.0,0.03684210526315797
2026-09-30T01:10:21.875 0.0,0.0,0.0,0.0,0.0,0.03684210526315797
2026-09-30T01:10:21.925 0.0,0.0,0.0,0.0,0.0,0.03684210526315797
2026-09-30T01:10:21.975 0.0,0.0,0.0,0.0,0.0,0.03684210526315797
2026-09-30T01:10:22.025 0.0,0.0,0.0,0.0,0.0,0.03684210526315797
2026-09-30T01:10:22.075 0.0,0.0,0.0,0.0,0.0,0.03684210526315797
2026-09-30T01:10:22.124 0.0,0.0,0.0,0.0,0.0,0.03684210526315797
2026-09-30T01:10:22.174 0.0,0.0,0.0,0.0,0.0,0.03684210526315797
2026-09-30T01:10:22.224 0.0,0.0,0.0,0.0,0.0,0.03684210526315797
2026-09-30T01:10:22.275 0.0,0.0,0.0,0.0,0.0,0.03684210526315797
2026-09-30T01:10:22.325 0.0,0.0,0.0,0.0,0.0,0.03684210526315797
2026-09-30T01:10:22.374 0.0,0.0,0.0,0.0,0.0,0.03684210526315797
2026-09-30T01:10:22.425 0.0,0.0,0.0,0.0,0.0,0.03684210526315797
2026-09-30T01:10:22.475 0.0,0.0,0.0,0.0,0.0,0.03684210526315797
2026-09-30T01:10:22.525 0.0,0.0,0.0,0.0,0.0,0.03684210526315797
2026-09-30T01:10:22.575 0.0,0.0,0.0,0.0,0.0,0.03684210526315797
2026-09-30T01:10:22.624 0.0,0.0,0.0,0.0,0.0,0.03684210526315797
2026-09-30T01:10:22.675 0.0,0.0,0.0,0.0,0.0,0.03684210526315797
2026-09-30T01:10:22.724 0.0,0.0,0.0,0.0,0.0,0.03684210526315797
2026-09-30T01:10:22.775 0.0,0.0,0.0,0.0,0.0,0.03684210526315797
2026-09-30T01:10:22.825 0.0,0.0,0.0,0.0,0.0,0.03684210526315797
2026-09-30T01:10:22.875 0.0,0.0,0.0,0.0,0.0,0.03684210526315797
2026-09-30T01:10:22.926 0.0,0.0,0.0,0.0,0.0,0.03684210526315797
2026-09-30T01:10:22.975 0.0,0.0,0.0,0.0,0.0,0.03684210526315797
2026-09-30T01:10:23.024 0.0,0.0,0.0,0.0,0.0,0.03684210526315797
2026-09-30T01:10:23.075 0.0,0.0,0.0,0.0,0.0,0.03684210526315797
2026-09-30T01:10:23.124 0.0,0.0,0.0,0.0,0.0,0.03684210526315797
2026-09-30T01:10:23.175 0.0,0.0,0.0,0.0,0.0,0.03684210526315797
2026-09-30T01:10:23.225 0.0,0.0,0.0,0.0,0.0,0.03684210526315797
2026-09-30T01:10:23.274 0.0,0.0,0.0,0.0,0.0,0.03684210526315797
2026-09-30T01:10:23.325 0.0,0.0,0.0,0.0,0.0,0.03684210526315797
2026-09-30T01:10:23.375 0.0,0.0,0.0,0.0,0.0,0.03684210526315797
2026-09-30T01:10:23.425 0.0,0.0,0.0,0.0,0.0,0.03684210526315797
2026-09-30T01:10:23.474 0.0,0.0,0.0,0.0,0.0,0.03684210526315797
2026-09-30T01:10:23.524 0.0,0.0,0.0,0.0,0.0,0.03684210526315797
2026-09-30T01:10:23.574 0.0,0.0,0.0,0.0,0.0,0.03684210526315797
2026-09-30T01:10:23.625 0.0,0.0,0.0,0.0,0.0,0.03684210526315797
2026-09-30T01:10:23.675 0.0,0.0,0.0,0.0,0.0,0.03684210526315797
2026-09-30T01:10:23.725 0.0,0.0,0.0,0.0,0.0,0.03684210526315797
2026-09-30T01:10:23.774 0.0,0.0,0.0,0.0,0.0,0.03684210526315797
2026-09-30T01:10:23.824 0.0,0.0,0.0,0.0,0.0,0.03684210526315797
2026-09-30T01:10:23.875 0.0,0.0,0.0,0.0,0.0,0.03684210526315797
2026-09-30T01:10:23.925 0.0,0.0,0.0,0.0,0.0,0.03684210526315797
2026-09-30T01:10:23.975 0.0,0.0,0.0,0.0,0.0,0.03684210526315797
2026-09-30T01:10:24.025 0.0,0.0,0.0,0.0,0.0,0.03684210526315797
2026-09-30T01:10:24.074 0.0,0.0,0.0,0.0,0.0,0.03684210526315797
2026-09-30T01:10:24.124 0.0,0.0,0.0,0.0,0.0,0.03684210526315797
2026-09-30T01:10:24.175 0.0,0.0,0.0,0.0,0.0,0.03684210526315797
2026-09-30T01:10:24.225 0.0,0.0,0.0,0.0,0.0,0.03684210526315797
2026-09-30T01:10:24.274 0.0,0.0,0.0,0.0,0.0,0.03684210526315797
2026-09-30T01:10:24.324 0.0,0.0,0.0,0.0,0.0,0.03684210526315797
2026-09-30T01:10:24.375 0.0,0.0,0.0,0.0,0.0,0.03684210526315797
2026-09-30T01:10:24.425 0.0,0.0,0.0,0.0,0.0,0.03684210526315797
2026-09-30T01:10:24.474 0.0,0.0,0.0,0.0,0.0,0.03684210526315797
2026-09-30T01:10:24.525 0.0,0.0,0.0,0.0,0.0,0.03684210526315797
2026-09-30T01:10:24.575 0.0,0.0,0.0,0.0,0.0,0.03684210526315797
2026-09-30T01:10:24.625 0.0,0.0,0.0,0.0,0.0,0.03684210526315797
2026-09-30T01:10:24.675 0.0,0.0,0.0,0.0,0.0,0.03684210526315797
2026-09-30T01:10:24.725 0.0,0.0,0.0,0.0,0.0,0.03684210526315797
2026-09-30T01:10:24.774 0.0,0.0,0.0,0.0,0.0,0.03684210526315797
2026-09-30T01:10:24.824 0.0,0.0,0.0,0.0,0.0,0.03684210526315797
2026-09-30T01:10:24.875 0.0,0.0,0.0,0.0,0.0,0.03684210526315797
2026-09-30T01:10:24.924 0.0,0.0,0.0,0.0,0.0,0.03684210526315797
2026-09-30T01:10:24.975 0.0,0.0,0.0,0.0,0.0,0.03684210526315797
2026-09-30T01:10:25.025 0.0,0.0,0.0,0.0,0.0,0.03684210526315797
2026-09-30T01:10:25.075 0.0,0.0,0.0,0.0,0.0,0.03684210526315797
2026-09-30T01:10:25.125 0.0,0.0,0.0,0.0,0.0,0.03684210526315797
2026-09-30T01:10:25.175 0.0,0.0,0.0,0.0,0.0,0.03684210526315797
2026-09-30T01:10:25.235 0.0,0.0,0.0,0.0,0.0,0.03684210526315797
2026-09-30T01:10:25.275 0.0,0.0,0.0,0.0,0.0,0.03684210526315797
2026-09-30T01:10:25.325 0.0,0.0,0.0,0.0,0.0,0.03684210526315797
2026-09-30T01:10:25.375 0.0,0.0,0.0,0.0,0.0,0.03684210526315797
2026-09-30T01:10:25.425 0.0,0.0,0.0,0.0,0.0,0.03684210526315797
2026-09-30T01:10:25.475 0.0,0.0,0.0,0.0,0.0,0.03684210526315797
2026-09-30T01:10:25.525 0.0,0.0,0.0,0.0,0.0,0.03684210526315797
2026-09-30T01:10:25.575 0.0,0.0,0.0,0.0,0.0,0.03684210526315797
2026-09-30T01:10:25.625 0.0,0.0,0.0,0.0,0.0,0.03684210526315797
2026-09-30T01:10:25.675 0.0,0.0,0.0,0.0,0.0,0.03684210526315797
2026-09-30T01:10:25.735 0.0,0.0,0.0,0.0,0.0,0.03684210526315797
2026-09-30T01:10:25.775 0.0,0.0,0.0,0.0,0.0,0.03684210526315797
2026-09-30T01:10:25.825 0.0,0.0,0.0,0.0,0.0,0.03684210526315797
2026-09-30T01:10:25.875 0.0,0.0,0.0,0.0,0.0,0.03684210526315797
2026-09-30T01:10:25.925 0.0,0.0,0.0,0.0,0.0,0.03684210526315797
2026-09-30T01:10:25.975 0.0,0.0,0.0,0.0,0.0,0.03684210526315797
2026-09-30T01:10:26.025 0.0,0.0,0.0,0.0,0.0,0.03684210526315797
2026-09-30T01:10:26.075 0.0,0.0,0.0,0.0,0.0,0.03684210526315797
2026-09-30T01:10:26.125 0.0,0.0,0.0,0.0,0.0,0.03684210526315797
2026-09-30T01:10:26.175 0.0,0.0,0.0,0.0,0.0,0.03684210526315797
2026-09-30T01:10:26.224 0.0,0.0,0.0,0.0,0.0,0.03684210526315797
2026-09-30T01:10:26.275 0.0,0.0,0.0,0.0,0.0,0.03684210526315797
2026-09-30T01:10:26.325 0.0,0.0,0.0,0.0,0.0,0.03684210526315797
2026-09-30T01:10:26.374 0.0,0.0,0.0,0.0,0.0,0.03684210526315797
2026-09-30T01:10:26.425 0.0,0.0,0.0,0.0,0.0,0.03684210526315797
2026-09-30T01:10:26.475 0.0,0.0,0.0,0.0,0.0,0.03684210526315797
2026-09-30T01:10:26.527 0.0,0.0,0.0,0.0,0.0,0.03684210526315797
2026-09-30T01:10:26.575 0.0,0.0,0.0,0.0,0.0,0.03684210526315797
2026-09-30T01:10:26.625 0.0,0.0,0.0,0.0,0.0,0.03684210526315797
2026-09-30T01:10:26.675 0.0,0.0,0.0,0.0,0.0,0.03684210526315797
2026-09-30T01:10:26.725 0.0,0.0,0.0,0.0,0.0,0.03684210526315797
2026-09-30T01:10:26.774 0.0,0.0,0.0,0.0,0.0,0.03684210526315797
2026-09-30T01:10:26.825 0.0,0.0,0.0,0.0,0.0,0.03684210526315797
2026-09-30T01:10:26.874 0.0,0.0,0.0,0.0,0.0,0.03684210526315797
2026-09-30T01:10:26.925 0.0,0.0,0.0,0.0,0.0,0.03684210526315797
2026-09-30T01:10:26.975 0.0,0.0,0.0,0.0,0.0,0.03684210526315797
2026-09-30T01:10:27.025 0.0,0.0,0.0,0.0,0.0,0.03684210526315797
2026-09-30T01:10:27.075 0.0,0.0,0.0,0.0,0.0,0.03684210526315797
2026-09-30T01:10:27.125 0.0,0.0,0.0,0.0,0.0,0.03684210526315797
2026-09-30T01:10:27.174 0.0,0.0,0.0,0.0,0.0,0.03684210526315797
2026-09-30T01:10:27.225 0.0,0.0,0.0,0.0,0.0,0.03684210526315797
2026-09-30T01:10:27.275 0.0,0.0,0.0,0.0,0.0,0.03684210526315797
2026-09-30T01:10:27.325 0.0,0.0,0.0,0.0,0.0,0.03684210526315797
2026-09-30T01:10:27.375 0.0,0.0,0.0,0.0,0.0,0.03684210526315797
2026-09-30T01:10:27.425 0.0,0.0,0.0,0.0,0.0,0.03684210526315797
2026-09-30T01:10:27.474 0.0,0.0,0.0,0.0,0.0,0.03684210526315797
2026-09-30T01:10:27.527 0.0,0.0,0.0,0.0,0.0,0.03684210526315797
2026-09-30T01:10:27.575 0.0,0.0,0.0,0.0,0.0,0.03684210526315797
2026-09-30T01:10:27.624 0.0,0.0,0.0,0.0,0.0,0.03684210526315797
2026-09-30T01:10:27.674 0.0,0.0,0.0,0.0,0.0,0.03684210526315797
2026-09-30T01:10:27.724 0.0,0.0,0.0,0.0,0.0,0.03684210526315797
2026-09-30T01:10:27.774 0.0,0.0,0.0,0.0,0.0,0.03684210526315797
2026-09-30T01:10:27.824 0.0,0.0,0.0,0.0,0.0,0.03684210526315797
2026-09-30T01:10:27.874 0.0,0.0,0.0,0.0,0.0,0.03684210526315797
2026-09-30T01:10:27.925 0.0,0.0,0.0,0.0,0.0,0.03684210526315797
2026-09-30T01:10:27.975 0.0,0.0,0.0,0.0,0.0,0.03684210526315797
2026-09-30T01:10:28.025 0.0,0.0,0.0,0.0,0.0,0.03684210526315797
2026-09-30T01:10:28.075 0.0,0.0,0.0,0.0,0.0,0.03684210526315797
2026-09-30T01:10:28.125 0.0,0.0,0.0,0.0,0.0,0.03684210526315797
2026-09-30T01:10:28.175 0.0,0.0,0.0,0.0,0.0,0.03684210526315797
2026-09-30T01:10:28.224 0.0,0.0,0.0,0.0,0.0,0.03684210526315797
2026-09-30T01:10:28.275 0.0,0.0,0.0,0.0,0.0,0.03684210526315797
2026-09-30T01:10:28.326 0.0,0.0,0.0,0.0,0.0,0.03684210526315797
2026-09-30T01:10:28.375 0.0,0.0,0.0,0.0,0.0,0.03684210526315797
2026-09-30T01:10:28.424 0.0,0.0,0.0,0.0,0.0,0.03684210526315797
2026-09-30T01:10:28.475 0.0,0.0,0.0,0.0,0.0,0.03684210526315797
2026-09-30T01:10:28.525 0.0,0.0,0.0,0.0,0.0,0.03684210526315797
2026-09-30T01:10:28.574 0.0,0.0,0.0,0.0,0.0,0.03684210526315797
2026-09-30T01:10:28.625 0.0,0.0,0.0,0.0,0.0,0.03684210526315797
2026-09-30T01:10:28.675 0.0,0.0,0.0,0.0,0.0,0.03684210526315797
2026-09-30T01:10:28.724 0.0,0.0,0.0,0.0,0.0,0.03684210526315797
2026-09-30T01:10:28.774 0.0,0.0,0.0,0.0,0.0,0.03684210526315797
2026-09-30T01:10:28.825 0.0,0.0,0.0,0.0,0.0,0.03684210526315797
2026-09-30T01:10:28.874 0.0,0.0,0.0,0.0,0.0,0.03684210526315797
2026-09-30T01:10:28.925 0.0,0.0,0.0,0.0,0.0,0.03684210526315797
2026-09-30T01:10:28.974 0.0,0.0,0.0,0.0,0.0,0.03684210526315797
2026-09-30T01:10:29.025 0.0,0.0,0.0,0.0,0.0,0.03684210526315797
2026-09-30T01:10:29.075 0.0,0.0,0.0,0.0,0.0,0.03684210526315797
2026-09-30T01:10:29.126 0.0,0.0,0.0,0.0,0.0,0.03684210526315797
2026-09-30T01:10:29.174 0.0,0.0,0.0,0.0,0.0,0.03684210526315797
2026-09-30T01:10:29.224 0.0,0.0,0.0,0.0,0.0,0.03684210526315797
2026-09-30T01:10:29.274 0.0,0.0,0.0,0.0,0.0,0.03684210526315797
2026-09-30T01:10:29.324 0.0,0.0,0.0,0.0,0.0,0.03684210526315797
2026-09-30T01:10:29.374 0.0,0.0,0.0,0.0,0.0,0.03684210526315797
2026-09-30T01:10:29.424 0.0,0.0,0.0,0.0,0.0,0.03684210526315797
2026-09-30T01:10:29.475 0.0,0.0,0.0,0.0,0.0,0.03684210526315797
2026-09-30T01:10:29.524 0.0,0.0,0.0,0.0,0.0,0.03684210526315797
2026-09-30T01:10:29.574 0.0,0.0,0.0,0.0,0.0,0.03684210526315797
2026-09-30T01:10:29.624 0.0,0.0,0.0,0.0,0.0,0.03684210526315797
2026-09-30T01:10:29.674 0.0,0.0,0.0,0.0,0.0,0.03684210526315797
2026-09-30T01:10:29.725 0.0,0.0,0.0,0.0,0.0,0.03684210526315797
2026-09-30T01:10:29.774 0.0,0.0,0.0,0.0,0.0,0.03684210526315797
2026-09-30T01:10:29.824 0.0,0.0,0.0,0.0,0.0,0.03684210526315797
2026-09-30T01:10:29.874 0.0,0.0,0.0,0.0,0.0,0.03684210526315797
2026-09-30T01:10:29.924 0.0,0.0,0.0,0.0,0.0,0.03684210526315797
2026-09-30T01:10:29.975 0.0,0.0,0.0,0.0,0.0,0.03684210526315797
2026-09-30T01:10:30.025 0.0,0.0,0.0,0.0,0.0,0.03684210526315797
2026-09-30T01:10:30.077 0.0,0.0,0.0,0.0,0.0,0.03684210526315797
2026-09-30T01:10:30.125 0.0,0.0,0.0,0.0,0.0,0.03684210526315797
2026-09-30T01:10:30.175 0.0,0.0,0.0,0.0,0.0,0.03684210526315797
2026-09-30T01:10:30.235 0.0,0.0,0.0,0.0,0.0,0.03684210526315797
2026-09-30T01:10:30.275 0.0,0.0,0.0,0.0,0.0,0.03684210526315797
2026-09-30T01:10:30.324 0.0,0.0,0.0,0.0,0.0,0.03684210526315797
2026-09-30T01:10:30.385 0.0,0.0,0.0,0.0,0.0,0.03684210526315797
2026-09-30T01:10:30.424 0.0,0.0,0.0,0.0,0.0,0.03684210526315797
2026-09-30T01:10:30.475 0.0,0.0,0.0,0.0,0.0,0.03684210526315797
2026-09-30T01:10:30.524 0.0,0.0,0.0,0.0,0.0,0.03684210526315797
2026-09-30T01:10:30.574 0.0,0.0,0.0,0.0,0.0,0.03684210526315797
2026-09-30T01:10:30.624 0.0,0.0,0.0,0.0,0.0,0.03684210526315797
2026-09-30T01:10:30.675 0.0,0.0,0.0,0.0,0.0,0.03684210526315797
2026-09-30T01:10:30.726 0.0,0.0,0.0,0.0,0.0,0.03684210526315797
2026-09-30T01:10:30.774 0.0,0.0,0.0,0.0,0.0,0.03684210526315797
2026-09-30T01:10:30.824 0.0,0.0,0.0,0.0,0.0,0.03684210526315797
2026-09-30T01:10:30.875 0.0,0.0,0.0,0.0,0.0,0.03684210526315797
2026-09-30T01:10:30.925 0.0,0.0,0.0,0.0,0.0,0.03684210526315797
2026-09-30T01:10:30.974 0.0,0.0,0.0,0.0,0.0,0.03684210526315797
2026-09-30T01:10:31.024 0.0,0.0,0.0,0.0,0.0,0.03684210526315797
2026-09-30T01:10:31.074 0.0,0.0,0.0,0.0,0.0,0.03684210526315797
2026-09-30T01:10:31.125 0.0,0.0,0.0,0.0,0.0,0.03684210526315797
2026-09-30T01:10:31.174 0.0,0.0,0.0,0.0,0.0,0.03684210526315797
2026-09-30T01:10:31.225 0.0,0.0,0.0,0.0,0.0,0.03684210526315797
2026-09-30T01:10:31.274 0.0,0.0,0.0,0.0,0.0,0.03684210526315797
2026-09-30T01:10:31.324 0.0,0.0,0.0,0.0,0.0,0.03684210526315797
2026-09-30T01:10:31.374 0.0,0.0,0.0,0.0,0.0,0.03684210526315797
2026-09-30T01:10:31.425 0.0,0.0,0.0,0.0,0.0,0.03684210526315797
2026-09-30T01:10:31.475 0.0,0.0,0.0,0.0,0.0,0.03684210526315797
2026-09-30T01:10:31.525 0.0,0.0,0.0,0.0,0.0,0.03684210526315797
2026-09-30T01:10:31.575 0.0,0.0,0.0,0.0,0.0,0.03684210526315797
2026-09-30T01:10:31.625 0.0,0.0,0.0,0.0,0.0,0.03684210526315797
2026-09-30T01:10:31.674 0.0,0.0,0.0,0.0,0.0,0.03684210526315797
2026-09-30T01:10:31.724 0.0,0.0,0.0,0.0,0.0,0.03684210526315797
2026-09-30T01:10:31.774 0.0,0.0,0.0,0.0,0.0,0.03684210526315797
2026-09-30T01:10:31.824 0.0,0.0,0.0,0.0,0.0,0.03684210526315797
2026-09-30T01:10:31.885 0.0,0.0,0.0,0.0,0.0,0.03684210526315797
2026-09-30T01:10:31.925 0.0,0.0,0.0,0.0,0.0,0.03684210526315797
2026-09-30T01:10:31.974 0.0,0.0,0.0,0.0,0.0,0.03684210526315797
2026-09-30T01:10:32.024 0.0,0.0,0.0,0.0,0.0,0.11052631578947375
2026-09-30T01:10:32.074 0.0,0.0,0.0,0.0,0.0,0.11052631578947375
2026-09-30T01:10:32.124 0.0,0.0,0.0,0.0,0.0,0.11052631578947375
2026-09-30T01:10:32.174 0.0,0.0,0.0,0.0,0.0,0.11052631578947375
2026-09-30T01:10:32.225 0.0,0.0,0.0,0.0,0.0,0.11052631578947375
2026-09-30T01:10:32.274 0.0,0.0,0.0,0.0,0.0,0.11052631578947375
2026-09-30T01:10:32.325 0.0,0.0,0.0,0.0,0.0,0.11052631578947375
2026-09-30T01:10:32.374 0.0,0.0,0.0,0.0,0.0,0.11052631578947375
2026-09-30T01:10:32.425 0.0,0.0,0.0,0.0,0.0,0.11052631578947375
2026-09-30T01:10:32.474 0.0,0.0,0.0,0.0,0.0,0.11052631578947375
2026-09-30T01:10:32.524 0.0,0.0,0.0,0.0,0.0,0.11052631578947375
2026-09-30T01:10:32.574 0.0,0.0,0.0,0.0,0.0,0.11052631578947375
2026-09-30T01:10:32.624 0.0,0.0,0.0,0.0,0.0,0.11052631578947375
2026-09-30T01:10:32.674 0.0,0.0,0.0,0.0,0.0,0.11052631578947375
2026-09-30T01:10:32.724 0.0,0.0,0.0,0.0,0.0,0.11052631578947375
2026-09-30T01:10:32.775 0.0,0.0,0.0,0.0,0.0,0.11052631578947375
2026-09-30T01:10:32.825 0.0,0.0,0.0,0.0,0.0,0.11052631578947375
2026-09-30T01:10:32.874 0.0,0.0,0.0,0.0,0.0,0.11052631578947375
2026-09-30T01:10:32.935 0.0,0.0,0.0,0.0,0.0,0.11052631578947375
2026-09-30T01:10:32.974 0.0,0.0,0.0,0.0,0.0,0.11052631578947375
2026-09-30T01:10:33.024 0.0,0.0,0.0,0.0,0.0,0.11052631578947375
2026-09-30T01:10:33.074 0.0,0.0,0.0,0.0,0.0,0.11052631578947375
2026-09-30T01:10:33.125 0.0,0.0,0.0,0.0,0.0,0.11052631578947375
2026-09-30T01:10:33.174 0.0,0.0,0.0,0.0,0.0,0.11052631578947375
2026-09-30T01:10:33.225 0.0,0.0,0.0,0.0,0.0,0.11052631578947375
2026-09-30T01:10:33.275 0.0,0.0,0.0,0.0,0.0,0.11052631578947375
2026-09-30T01:10:33.324 0.0,0.0,0.0,0.0,0.0,0.11052631578947375
2026-09-30T01:10:33.375 0.0,0.0,0.0,0.0,0.0,0.11052631578947375
2026-09-30T01:10:33.425 0.0,0.0,0.0,0.0,0.0,0.11052631578947375
2026-09-30T01:10:33.475 0.0,0.0,0.0,0.0,0.0,0.11052631578947375
2026-09-30T01:10:33.524 0.0,0.0,0.0,0.0,0.0,0.11052631578947375
2026-09-30T01:10:33.575 0.0,0.0,0.0,0.0,0.0,0.11052631578947375
2026-09-30T01:10:33.625 0.0,0.0,0.0,0.0,0.0,0.11052631578947375
2026-09-30T01:10:33.675 0.0,0.0,0.0,0.0,0.0,0.11052631578947375
2026-09-30T01:10:33.724 0.0,0.0,0.0,0.0,0.0,0.11052631578947375
2026-09-30T01:10:33.774 0.0,0.0,0.0,0.0,0.0,0.11052631578947375
2026-09-30T01:10:33.824 0.0,0.0,0.0,0.0,0.0,0.11052631578947375
2026-09-30T01:10:33.875 0.0,0.0,0.0,0.0,0.0,0.11052631578947375
2026-09-30T01:10:33.924 0.0,0.0,0.0,0.0,0.0,0.11052631578947375
2026-09-30T01:10:33.974 0.0,0.0,0.0,0.0,0.0,0.11052631578947375
2026-09-30T01:10:34.024 0.0,0.0,0.0,0.0,0.0,0.11052631578947375
2026-09-30T01:10:34.075 0.0,0.0,0.0,0.0,0.0,0.11052631578947375
2026-09-30T01:10:34.124 0.0,0.0,0.0,0.0,0.0,0.11052631578947375
2026-09-30T01:10:34.175 0.0,0.0,0.0,0.0,0.0,0.11052631578947375
2026-09-30T01:10:34.224 0.0,0.0,0.0,0.0,0.0,0.11052631578947375
2026-09-30T01:10:34.274 0.0,0.0,0.0,0.0,0.0,0.11052631578947375
2026-09-30T01:10:34.324 0.0,0.0,0.0,0.0,0.0,0.11052631578947375
2026-09-30T01:10:34.374 0.0,0.0,0.0,0.0,0.0,0.11052631578947375
2026-09-30T01:10:34.424 0.0,0.0,0.0,0.0,0.0,0.11052631578947375
2026-09-30T01:10:34.474 0.0,0.0,0.0,0.0,0.0,0.11052631578947375
2026-09-30T01:10:34.525 0.0,0.0,0.0,0.0,0.0,0.11052631578947375
2026-09-30T01:10:34.574 0.0,0.0,0.0,0.0,0.0,0.11052631578947375
2026-09-30T01:10:34.624 0.0,0.0,0.0,0.0,0.0,0.11052631578947375
2026-09-30T01:10:34.675 0.0,0.0,0.0,0.0,0.0,0.11052631578947375
2026-09-30T01:10:34.724 0.0,0.0,0.0,0.0,0.0,0.11052631578947375
2026-09-30T01:10:34.774 0.0,0.0,0.0,0.0,0.0,0.11052631578947375
2026-09-30T01:10:34.825 0.0,0.0,0.0,0.0,0.0,0.18421052631578955
2026-09-30T01:10:34.875 0.0,0.0,0.0,0.0,0.0,0.18421052631578955
2026-09-30T01:10:34.924 0.0,0.0,0.0,0.0,0.0,0.18421052631578955
2026-09-30T01:10:34.974 0.0,0.0,0.0,0.0,0.0,0.18421052631578955
2026-09-30T01:10:35.024 0.0,0.0,0.0,0.0,0.0,0.18421052631578955
2026-09-30T01:10:35.075 0.0,0.0,0.0,0.0,0.0,0.18421052631578955
2026-09-30T01:10:35.125 0.0,0.0,0.0,0.0,0.0,0.18421052631578955
2026-09-30T01:10:35.174 0.0,0.0,0.0,0.0,0.0,0.18421052631578955
2026-09-30T01:10:35.224 0.0,0.0,0.0,0.0,0.0,0.18421052631578955
2026-09-30T01:10:35.274 0.0,0.0,0.0,0.0,0.0,0.18421052631578955
2026-09-30T01:10:35.334 0.0,0.0,0.0,0.0,0.0,0.18421052631578955
2026-09-30T01:10:35.375 0.0,0.0,0.0,0.0,0.0,0.18421052631578955
2026-09-30T01:10:35.424 0.0,0.0,0.0,0.0,0.0,0.18421052631578955
2026-09-30T01:10:35.474 0.0,0.0,0.0,0.0,0.0,0.18421052631578955
2026-09-30T01:10:35.525 0.0,0.0,0.0,0.0,0.0,0.18421052631578955
2026-09-30T01:10:35.574 0.0,0.0,0.0,0.0,0.0,0.18421052631578955
2026-09-30T01:10:35.625 0.0,0.0,0.0,0.0,0.0,0.18421052631578955
2026-09-30T01:10:35.675 0.0,0.0,0.0,0.0,0.0,0.18421052631578955
2026-09-30T01:10:35.724 0.0,0.0,0.0,0.0,0.0,0.18421052631578955
2026-09-30T01:10:35.775 0.0,0.0,0.0,0.0,0.0,0.18421052631578955
2026-09-30T01:10:35.824 0.0,0.0,0.0,0.0,0.0,0.18421052631578955
2026-09-30T01:10:35.874 0.0,0.0,0.0,0.0,0.0,0.18421052631578955
2026-09-30T01:10:35.925 0.0,0.0,0.0,0.0,0.0,0.18421052631578955
2026-09-30T01:10:35.975 0.0,0.0,0.0,0.0,0.0,0.18421052631578955
2026-09-30T01:10:36.024 0.0,0.0,0.0,0.0,0.0,0.18421052631578955
2026-09-30T01:10:36.074 0.0,0.0,0.0,0.0,0.0,0.18421052631578955
2026-09-30T01:10:36.124 0.0,0.0,0.0,0.0,0.0,0.18421052631578955
2026-09-30T01:10:36.174 0.0,0.0,0.0,0.0,0.0,0.18421052631578955
2026-09-30T01:10:36.235 0.0,0.0,0.0,0.0,0.0,0.18421052631578955
2026-09-30T01:10:36.274 0.0,0.0,0.0,0.0,0.0,0.18421052631578955
2026-09-30T01:10:36.324 0.0,0.0,0.0,0.0,0.0,0.18421052631578955
2026-09-30T01:10:36.374 0.0,0.0,0.0,0.0,0.0,0.18421052631578955
2026-09-30T01:10:36.424 0.0,0.0,0.0,0.0,0.0,0.18421052631578955
2026-09-30T01:10:36.474 0.0,0.0,0.0,0.0,0.0,0.18421052631578955
2026-09-30T01:10:36.525 0.0,0.0,0.0,0.0,0.0,0.18421052631578955
2026-09-30T01:10:36.574 0.0,0.0,0.0,0.0,0.0,0.18421052631578955
2026-09-30T01:10:36.625 0.0,0.0,0.0,0.0,0.0,0.18421052631578955
2026-09-30T01:10:36.674 0.0,0.0,0.0,0.0,0.0,0.18421052631578955
2026-09-30T01:10:36.724 0.0,0.0,0.0,0.0,0.0,0.18421052631578955
2026-09-30T01:10:36.774 0.0,0.0,0.0,0.0,0.0,0.18421052631578955
2026-09-30T01:10:36.824 0.0,0.0,0.0,0.0,0.0,0.18421052631578955
2026-09-30T01:10:36.876 0.0,0.0,0.0,0.0,0.0,0.18421052631578955
2026-09-30T01:10:36.924 0.0,0.0,0.0,0.0,0.0,0.18421052631578955
2026-09-30T01:10:36.974 0.0,0.0,0.0,0.0,0.0,0.18421052631578955
2026-09-30T01:10:37.025 0.0,0.0,0.0,0.0,0.0,0.18421052631578955
2026-09-30T01:10:37.074 0.0,0.0,0.0,0.0,0.0,0.18421052631578955
2026-09-30T01:10:37.125 0.0,0.0,0.0,0.0,0.0,0.18421052631578955
2026-09-30T01:10:37.174 0.0,0.0,0.0,0.0,0.0,0.18421052631578955
2026-09-30T01:10:37.224 0.0,0.0,0.0,0.0,0.0,0.18421052631578955
2026-09-30T01:10:37.285 0.0,0.0,0.0,0.0,0.0,0.18421052631578955
2026-09-30T01:10:37.325 0.0,0.0,0.0,0.0,0.0,0.18421052631578955
2026-09-30T01:10:37.374 0.0,0.0,0.0,0.0,0.0,0.18421052631578955
2026-09-30T01:10:37.424 0.0,0.0,0.0,0.0,0.0,0.18421052631578955
2026-09-30T01:10:37.475 0.0,0.0,0.0,0.0,0.0,0.18421052631578955
2026-09-30T01:10:37.525 0.0,0.0,0.0,0.0,0.0,0.18421052631578955
2026-09-30T01:10:37.574 0.0,0.0,0.0,0.0,0.0,0.18421052631578955
2026-09-30T01:10:37.625 0.0,0.0,0.0,0.0,0.0,0.25789473684210534
2026-09-30T01:10:37.675 0.0,0.0,0.0,0.0,0.0,0.25789473684210534
2026-09-30T01:10:37.725 0.0,0.0,0.0,0.0,0.0,0.25789473684210534
2026-09-30T01:10:37.775 0.0,0.0,0.0,0.0,0.0,0.25789473684210534
2026-09-30T01:10:37.824 0.0,0.0,0.0,0.0,0.0,0.25789473684210534
2026-09-30T01:10:37.874 0.0,0.0,0.0,0.0,0.0,0.25789473684210534
2026-09-30T01:10:37.924 0.0,0.0,0.0,0.0,0.0,0.25789473684210534
2026-09-30T01:10:37.974 0.0,0.0,0.0,0.0,0.0,0.4178947368421053
2026-09-30T01:10:38.025 0.0,0.0,0.0,0.0,0.0,0.5778947368421053
2026-09-30T01:10:38.074 0.0,0.0,0.0,0.0,0.0,0.7
2026-09-30T01:10:38.125 0.0,0.0,0.0,0.0,0.0,0.7
2026-09-30T01:10:38.185 0.0,0.0,0.0,0.0,0.0,0.7
2026-09-30T01:10:38.224 0.0,0.0,0.0,0.0,0.0,0.7
2026-09-30T01:10:38.275 0.0,0.0,0.0,0.0,0.0,0.7
2026-09-30T01:10:38.325 0.0,0.0,0.0,0.0,0.0,0.7
2026-09-30T01:10:38.374 0.0,0.0,0.0,0.0,0.0,0.7
2026-09-30T01:10:38.425 0.0,0.0,0.0,0.0,0.0,0.7
2026-09-30T01:10:38.474 0.0,0.0,0.0,0.0,0.0,0.7
2026-09-30T01:10:38.524 0.0,0.0,0.0,0.0,0.0,0.7
2026-09-30T01:10:38.575 0.0,0.0,0.0,0.0,0.0,0.7
2026-09-30T01:10:38.624 0.0,0.0,0.0,0.0,0.0,0.6263157894736843
2026-09-30T01:10:38.675 0.0,0.0,0.0,0.0,0.0,0.46631578947368424
2026-09-30T01:10:38.725 0.0,0.0,0.0,0.0,0.0,0.3063157894736842
2026-09-30T01:10:38.785 0.0,0.0,0.0,0.0,0.0,0.18421052631578955
2026-09-30T01:10:38.825 0.0,0.0,0.0,0.0,0.0,0.3442105263157895
2026-09-30T01:10:38.876 0.0,0.0,0.0,0.0,0.0,0.5042105263157896
2026-09-30T01:10:38.925 0.0,0.0,0.0,0.0,0.0,0.6263157894736843
2026-09-30T01:10:38.975 0.0,0.0,0.0,0.0,0.0,0.6263157894736843
2026-09-30T01:10:39.025 0.0,0.0,0.0,0.0,0.0,0.6263157894736843
2026-09-30T01:10:39.074 0.0,0.0,0.0,0.0,0.0,0.6263157894736843
2026-09-30T01:10:39.124 0.0,0.0,0.0,0.0,0.0,0.6263157894736843
2026-09-30T01:10:39.175 0.0,0.0,0.0,0.0,0.0,0.6263157894736843
2026-09-30T01:10:39.225 0.0,0.0,0.0,0.0,0.0,0.6263157894736843
2026-09-30T01:10:39.275 0.0,0.0,0.0,0.0,0.0,0.6263157894736843
2026-09-30T01:10:39.325 0.0,0.0,0.0,0.0,0.0,0.5526315789473685
2026-09-30T01:10:39.375 0.0,0.0,0.0,0.0,0.0,0.5526315789473685
2026-09-30T01:10:39.425 0.0,0.0,0.0,0.0,0.0,0.5526315789473685
2026-09-30T01:10:39.474 0.0,0.0,0.0,0.0,0.0,0.5526315789473685
2026-09-30T01:10:39.525 0.0,0.0,0.0,0.0,0.0,0.5526315789473685
2026-09-30T01:10:39.574 0.0,0.0,0.0,0.0,0.0,0.5526315789473685
2026-09-30T01:10:39.624 0.0,0.0,0.0,0.0,0.0,0.5526315789473685
2026-09-30T01:10:39.674 0.0,0.0,0.0,0.0,0.0,0.5526315789473685
2026-09-30T01:10:39.725 0.0,0.0,0.0,0.0,0.0,0.5526315789473685
2026-09-30T01:10:39.775 0.0,0.0,0.0,0.0,0.0,0.5526315789473685
2026-09-30T01:10:39.825 0.0,0.0,0.0,0.0,0.0,0.47894736842105273
2026-09-30T01:10:39.874 0.0,0.0,0.0,0.0,0.0,0.47894736842105273
2026-09-30T01:10:39.924 0.0,0.0,0.0,0.0,0.0,0.47894736842105273
2026-09-30T01:10:39.974 0.0,0.0,0.0,0.0,0.0,0.47894736842105273
2026-09-30T01:10:40.025 0.0,0.0,0.0,0.0,0.0,0.47894736842105273
2026-09-30T01:10:40.074 0.0,0.0,0.0,0.0,0.0,0.47894736842105273
2026-09-30T01:10:40.125 0.0,0.0,0.0,0.0,0.0,0.31894736842105276
2026-09-30T01:10:40.174 0.0,0.0,0.0,0.0,0.0,0.15894736842105275
2026-09-30T01:10:40.225 0.0,0.0,0.0,0.0,0.0,0.31894736842105276
2026-09-30T01:10:40.274 0.0,0.0,0.0,0.0,0.0,0.47894736842105273
2026-09-30T01:10:40.324 0.0,0.0,0.0,0.0,0.0,0.47894736842105273
2026-09-30T01:10:40.375 0.0,0.0,0.0,0.0,0.0,0.47894736842105273
2026-09-30T01:10:40.424 0.0,0.0,0.0,0.0,0.0,0.47894736842105273
2026-09-30T01:10:40.475 0.0,0.0,0.0,0.0,0.0,0.40526315789473694
2026-09-30T01:10:40.524 0.0,0.0,0.0,0.0,0.0,0.40526315789473694
2026-09-30T01:10:40.574 0.0,0.0,0.0,0.0,0.0,0.40526315789473694
2026-09-30T01:10:40.624 0.0,0.0,0.0,0.0,0.0,0.40526315789473694
2026-09-30T01:10:40.674 0.0,0.0,0.0,0.0,0.0,0.40526315789473694
2026-09-30T01:10:40.725 0.0,0.0,0.0,0.0,0.0,0.40526315789473694
2026-09-30T01:10:40.774 0.0,0.0,0.0,0.0,0.0,0.5652631578947369
2026-09-30T01:10:40.825 0.0,0.0,0.0,0.0,0.0,0.7
2026-09-30T01:10:40.875 0.0,0.0,0.0,0.0,0.0,0.7
2026-09-30T01:10:40.924 0.0,0.0,0.0,0.0,0.0,0.7
2026-09-30T01:10:40.975 0.0,0.0,0.0,0.0,0.0,0.7
2026-09-30T01:10:41.025 0.0,0.0,0.0,0.0,0.0,0.7
2026-09-30T01:10:41.074 0.0,0.0,0.0,0.0,0.0,0.7
2026-09-30T01:10:41.124 0.0,0.0,0.0,0.0,0.0,0.7
2026-09-30T01:10:41.174 0.0,0.0,0.0,0.0,0.0,0.7
2026-09-30T01:10:41.224 0.0,0.0,0.0,0.0,0.0,0.7
2026-09-30T01:10:41.277 0.0,0.0,0.0,0.0,0.0,0.7
2026-09-30T01:10:41.324 0.0,0.0,0.0,0.0,0.0,0.6263157894736843
2026-09-30T01:10:41.374 0.0,0.0,0.0,0.0,0.0,0.6263157894736843
2026-09-30T01:10:41.425 0.0,0.0,0.0,0.0,0.0,0.6263157894736843
2026-09-30T01:10:41.474 0.0,0.0,0.0,0.0,0.0,0.6263157894736843
2026-09-30T01:10:41.524 0.0,0.0,0.0,0.0,0.0,0.6263157894736843
2026-09-30T01:10:41.574 0.0,0.0,0.0,0.0,0.0,0.6263157894736843
2026-09-30T01:10:41.624 0.0,0.0,0.0,0.0,0.0,0.6263157894736843
2026-09-30T01:10:41.675 0.0,0.0,0.0,0.0,0.0,0.6263157894736843
2026-09-30T01:10:41.725 0.0,0.0,0.0,0.0,0.0,0.6263157894736843
2026-09-30T01:10:41.774 0.0,0.0,0.0,0.0,0.0,0.6263157894736843
2026-09-30T01:10:41.824 0.0,0.0,0.0,0.0,0.0,0.5526315789473685
2026-09-30T01:10:41.885 0.0,0.0,0.0,0.0,0.0,0.5526315789473685
2026-09-30T01:10:41.924 0.0,0.0,0.0,0.0,0.0,0.5526315789473685
2026-09-30T01:10:41.974 0.0,0.0,0.0,0.0,0.0,0.5526315789473685
2026-09-30T01:10:42.024 0.0,0.0,0.0,0.0,0.0,0.5526315789473685
2026-09-30T01:10:42.084 0.0,0.0,0.0,0.0,0.0,0.5526315789473685
2026-09-30T01:10:42.125 0.0,0.0,0.0,0.0,0.0,0.5526315789473685
2026-09-30T01:10:42.174 0.0,0.0,0.0,0.0,0.0,0.5526315789473685
2026-09-30T01:10:42.224 0.0,0.0,0.0,0.0,0.0,0.5526315789473685
2026-09-30T01:10:42.274 0.0,0.0,0.0,0.0,0.0,0.5526315789473685
2026-09-30T01:10:42.335 0.0,0.0,0.0,0.0,0.0,0.47894736842105273
2026-09-30T01:10:42.375 0.0,0.0,0.0,0.0,0.0,0.47894736842105273
2026-09-30T01:10:42.425 0.0,0.0,0.0,0.0,0.0,0.47894736842105273
2026-09-30T01:10:42.474 0.0,0.0,0.0,0.0,0.0,0.47894736842105273
2026-09-30T01:10:42.524 0.0,0.0,0.0,0.0,0.0,0.47894736842105273
2026-09-30T01:10:42.574 0.0,0.0,0.0,0.0,0.0,0.47894736842105273
2026-09-30T01:10:42.624 0.0,0.0,0.0,0.0,0.0,0.47894736842105273
2026-09-30T01:10:42.675 0.0,0.0,0.0,0.0,0.0,0.47894736842105273
2026-09-30T01:10:42.724 0.0,0.0,0.0,0.0,0.0,0.47894736842105273
2026-09-30T01:10:42.774 0.0,0.0,0.0,0.0,0.0,0.47894736842105273
2026-09-30T01:10:42.825 0.0,0.0,0.0,0.0,0.0,0.40526315789473694
2026-09-30T01:10:42.875 0.0,0.0,0.0,0.0,0.0,0.40526315789473694
2026-09-30T01:10:42.924 0.0,0.0,0.0,0.0,0.0,0.40526315789473694
2026-09-30T01:10:42.975 0.0,0.0,0.0,0.0,0.0,0.40526315789473694
2026-09-30T01:10:43.024 0.0,0.0,0.0,0.0,0.0,0.40526315789473694
2026-09-30T01:10:43.074 0.0,0.0,0.0,0.0,0.0,0.40526315789473694
2026-09-30T01:10:43.125 0.0,0.0,0.0,0.0,0.0,0.40526315789473694
2026-09-30T01:10:43.174 0.0,0.0,0.0,0.0,0.0,0.40526315789473694
2026-09-30T01:10:43.225 0.0,0.0,0.0,0.0,0.0,0.40526315789473694
2026-09-30T01:10:43.285 0.0,0.0,0.0,0.0,0.0,0.5652631578947369
2026-09-30T01:10:43.324 0.0,0.0,0.0,0.0,0.0,0.7
2026-09-30T01:10:43.375 0.0,0.0,0.0,0.0,0.0,0.7
2026-09-30T01:10:43.425 0.0,0.0,0.0,0.0,0.0,0.7
2026-09-30T01:10:43.474 0.0,0.0,0.0,0.0,0.0,0.7
2026-09-30T01:10:43.525 0.0,0.0,0.0,0.0,0.0,0.7
2026-09-30T01:10:43.576 0.0,0.0,0.0,0.0,0.0,0.7
2026-09-30T01:10:43.624 0.0,0.0,0.0,0.0,0.0,0.7
2026-09-30T01:10:43.674 0.0,0.0,0.0,0.0,0.0,0.7
2026-09-30T01:10:43.725 0.0,0.0,0.0,0.0,0.0,0.7
2026-09-30T01:10:43.775 0.0,0.0,0.0,0.0,0.0,0.7
2026-09-30T01:10:43.824 0.0,0.0,0.0,0.0,0.0,0.7
2026-09-30T01:10:43.875 0.0,0.0,0.0,0.0,0.0,0.6263157894736843
2026-09-30T01:10:43.935 0.0,0.0,0.0,0.0,0.0,0.6263157894736843
2026-09-30T01:10:43.975 0.0,0.0,0.0,0.0,0.0,0.6263157894736843
2026-09-30T01:10:44.024 0.0,0.0,0.0,0.0,0.0,0.6263157894736843
2026-09-30T01:10:44.074 0.0,0.0,0.0,0.0,0.0,0.6263157894736843
2026-09-30T01:10:44.124 0.0,0.0,0.0,0.0,0.0,0.6263157894736843
2026-09-30T01:10:44.175 0.0,0.0,0.0,0.0,0.0,0.6263157894736843
2026-09-30T01:10:44.224 0.0,0.0,0.0,0.0,0.0,0.6263157894736843
2026-09-30T01:10:44.275 0.0,0.0,0.0,0.0,0.0,0.6263157894736843
2026-09-30T01:10:44.324 0.0,0.0,0.0,0.0,0.0,0.5526315789473685
2026-09-30T01:10:44.375 0.0,0.0,0.0,0.0,0.0,0.5526315789473685
2026-09-30T01:10:44.425 0.0,0.0,0.0,0.0,0.0,0.5526315789473685
2026-09-30T01:10:44.474 0.0,0.0,0.0,0.0,0.0,0.5526315789473685
2026-09-30T01:10:44.524 0.0,0.0,0.0,0.0,0.0,0.5526315789473685
2026-09-30T01:10:44.575 0.0,0.0,0.0,0.0,0.0,0.5526315789473685
2026-09-30T01:10:44.624 0.0,0.0,0.0,0.0,0.0,0.5526315789473685
2026-09-30T01:10:44.675 0.0,0.0,0.0,0.0,0.0,0.5526315789473685
2026-09-30T01:10:44.725 0.0,0.0,0.0,0.0,0.0,0.5526315789473685
2026-09-30T01:10:44.775 0.0,0.0,0.0,0.0,0.0,0.5526315789473685
2026-09-30T01:10:44.824 0.0,0.0,0.0,0.0,0.0,0.5526315789473685
2026-09-30T01:10:44.874 0.0,0.0,0.0,0.0,0.0,0.47894736842105273
2026-09-30T01:10:44.924 0.0,0.0,0.0,0.0,0.0,0.47894736842105273
2026-09-30T01:10:44.975 0.0,0.0,0.0,0.0,0.0,0.6389473684210527
2026-09-30T01:10:45.025 0.0,0.0,0.0,0.0,0.0,0.7
2026-09-30T01:10:45.075 0.0,0.0,0.0,0.0,0.0,0.7
2026-09-30T01:10:45.125 0.0,0.0,0.0,0.0,0.0,0.7
2026-09-30T01:10:45.174 0.0,0.0,0.0,0.0,0.0,0.7
2026-09-30T01:10:45.225 0.0,0.0,0.0,0.0,0.0,0.7
2026-09-30T01:10:45.274 0.0,0.0,0.0,0.0,0.0,0.7
2026-09-30T01:10:45.325 0.0,0.0,0.0,0.0,0.0,0.7
2026-09-30T01:10:45.374 0.0,0.0,0.0,0.0,0.0,0.7
2026-09-30T01:10:46.299 0.0,0.0,0.0,0.0,0.0,0.6263157894736843
2026-09-30T01:10:46.349 0.0,0.0,0.0,0.0,0.0,0.6263157894736843
2026-09-30T01:10:47.554 0.0,0.0,0.0,0.0,0.0,0.6263157894736843
2026-09-30T01:10:47.604 0.0,0.0,0.0,0.0,0.0,0.6263157894736843
2026-09-30T01:10:47.654 0.0,0.0,0.0,0.0,0.0,0.6263157894736843
2026-09-30T01:10:47.705 0.0,0.0,0.0,0.0,0.0,0.6263157894736843
2026-09-30T01:10:47.754 0.0,0.0,0.0,0.0,0.0,0.6263157894736843
2026-09-30T01:10:47.806 0.0,0.0,0.0,0.0,0.0,0.5526315789473685
2026-09-30T01:10:47.854 0.0,0.0,0.0,0.0,0.0,0.5526315789473685
2026-09-30T01:10:47.904 0.0,0.0,0.0,0.0,0.0,0.5526315789473685
2026-09-30T01:10:47.954 0.0,0.0,0.0,0.0,0.0,0.5526315789473685
2026-09-30T01:10:48.004 0.0,0.0,0.0,0.0,0.0,0.5526315789473685
2026-09-30T01:10:48.054 0.0,0.0,0.0,0.0,0.0,0.5526315789473685
2026-09-30T01:10:48.104 0.0,0.0,0.0,0.0,0.0,0.5526315789473685
2026-09-30T01:10:48.154 0.0,0.0,0.0,0.0,0.0,0.5526315789473685
2026-09-30T01:10:48.204 0.0,0.0,0.0,0.0,0.0,0.5526315789473685
2026-09-30T01:10:48.255 0.0,0.0,0.0,0.0,0.0,0.5526315789473685
2026-09-30T01:10:48.304 0.0,0.0,0.0,0.0,0.0,0.47894736842105273
2026-09-30T01:10:48.354 0.0,0.0,0.0,0.0,0.0,0.47894736842105273
2026-09-30T01:10:48.407 0.0,0.0,0.0,0.0,0.0,0.47894736842105273
2026-09-30T01:10:48.464 0.0,0.0,0.0,0.0,0.0,0.47894736842105273
2026-09-30T01:10:48.504 0.0,0.0,0.0,0.0,0.0,0.47894736842105273
2026-09-30T01:10:48.554 0.0,0.0,0.0,0.0,0.0,0.47894736842105273
2026-09-30T01:10:48.604 0.0,0.0,0.0,0.0,0.0,0.47894736842105273
2026-09-30T01:10:48.654 0.0,0.0,0.0,0.0,0.0,0.47894736842105273
2026-09-30T01:10:48.704 0.0,0.0,0.0,0.0,0.0,0.47894736842105273
2026-09-30T01:10:48.754 0.0,0.0,0.0,0.0,0.0,0.47894736842105273
2026-09-30T01:10:48.804 0.0,0.0,0.0,0.0,0.0,0.40526315789473694
2026-09-30T01:10:48.854 0.0,0.0,0.0,0.0,0.0,0.40526315789473694
2026-09-30T01:10:48.904 0.0,0.0,0.0,0.0,0.0,0.40526315789473694
2026-09-30T01:10:48.954 0.0,0.0,0.0,0.0,0.0,0.40526315789473694
2026-09-30T01:10:49.004 0.0,0.0,0.0,0.0,0.0,0.40526315789473694
2026-09-30T01:10:49.054 0.0,0.0,0.0,0.0,0.0,0.40526315789473694
2026-09-30T01:10:49.114 0.0,0.0,0.0,0.0,0.0,0.40526315789473694
2026-09-30T01:10:49.154 0.0,0.0,0.0,0.0,0.0,0.40526315789473694
2026-09-30T01:10:49.214 0.0,0.0,0.0,0.0,0.0,0.40526315789473694
2026-09-30T01:10:49.254 0.0,0.0,0.0,0.0,0.0,0.40526315789473694
2026-09-30T01:10:49.304 0.0,0.0,0.0,0.0,0.0,0.40526315789473694
2026-09-30T01:10:49.354 0.0,0.0,0.0,0.0,0.0,0.33157894736842114
2026-09-30T01:10:49.404 0.0,0.0,0.0,0.0,0.0,0.33157894736842114
2026-09-30T01:10:49.454 0.0,0.0,0.0,0.0,0.0,0.4915789473684211
2026-09-30T01:10:49.504 0.042105263157894736,0.0,0.0,0.0,0.0,0.6515789473684211
2026-09-30T01:10:49.554 0.042105263157894736,0.0,0.0,0.0,0.0,0.7
2026-09-30T01:10:49.604 0.042105263157894736,0.0,0.0,0.0,0.0,0.7
2026-09-30T01:10:49.654 0.08421052631578947,0.0,0.0,0.0,0.0,0.7
2026-09-30T01:10:49.704 0.08421052631578947,0.0,0.0,0.0,0.0,0.7
2026-09-30T01:10:49.754 0.08421052631578947,0.0,0.0,0.0,0.0,0.7
2026-09-30T01:10:49.804 0.08421052631578947,0.0,0.0,0.0,0.0,0.7
2026-09-30T01:10:49.854 0.08421052631578947,0.0,0.0,0.0,0.0,0.7
2026-09-30T01:10:49.904 0.08421052631578947,0.0,0.0,0.0,0.0,0.7
2026-09-30T01:10:49.964 0.08421052631578947,0.0,0.0,0.0,0.0,0.7
2026-09-30T01:10:50.004 0.0,0.0,0.0,0.0,0.0,0.7
2026-09-30T01:10:50.064 0.0,0.0,0.0,0.0,0.0,0.7
2026-09-30T01:10:50.104 0.0,0.0,0.0,0.0,0.0,0.7
2026-09-30T01:10:50.154 0.0,0.0,0.0,0.0,0.0,0.7
2026-09-30T01:10:50.215 0.0,0.0,0.0,0.0,0.0,0.7
2026-09-30T01:10:50.254 0.0,0.0,0.0,0.0,0.0,0.7
2026-09-30T01:10:50.304 0.0,0.0,0.0,0.0,0.0,0.7
2026-09-30T01:10:50.354 0.0,0.0,0.0,0.0,0.0,0.7
2026-09-30T01:10:50.404 0.0,0.0,0.0,0.0,0.0,0.7
2026-09-30T01:10:50.454 0.0,0.0,0.0,0.0,0.0,0.7
2026-09-30T01:10:50.504 0.0,0.0,0.0,0.0,0.0,0.7
2026-09-30T01:10:50.554 0.0,0.0,0.0,0.0,0.0,0.7
2026-09-30T01:10:50.604 0.0,0.0,0.0,0.0,0.0,0.7
2026-09-30T01:10:50.654 0.0,0.0,0.0,0.0,0.0,0.7
2026-09-30T01:10:50.704 0.0,0.0,0.0,0.0,0.0,0.7
2026-09-30T01:10:50.754 0.0,0.0,0.0,0.0,0.0,0.7
2026-09-30T01:10:50.804 0.0,0.0,0.0,0.0,0.0,0.7
2026-09-30T01:10:50.854 0.0,0.0,0.0,0.0,0.0,0.7
2026-09-30T01:10:50.904 0.0,0.0,0.0,0.0,0.0,0.7
2026-09-30T01:10:50.954 0.0,0.0,0.0,0.0,0.0,0.7
2026-09-30T01:10:51.004 0.0,0.0,0.0,0.0,0.0,0.7
2026-09-30T01:10:51.064 0.0,0.0,0.0,0.0,0.0,0.7
2026-09-30T01:10:51.104 0.0,0.0,0.0,0.0,0.0,0.7
2026-09-30T01:10:51.154 0.0,0.0,0.0,0.0,0.0,0.7
2026-09-30T01:10:51.204 0.0,0.0,0.0,0.0,0.0,0.7
2026-09-30T01:10:51.254 0.0,0.0,0.0,0.0,0.0,0.7
2026-09-30T01:10:51.304 0.0,0.0,0.0,0.0,0.0,0.7
2026-09-30T01:10:51.354 0.0,0.0,0.0,0.0,0.0,0.7
2026-09-30T01:10:51.404 0.0,0.0,0.0,0.0,0.0,0.7
2026-09-30T01:10:51.464 0.0,0.0,0.0,0.0,0.0,0.7
2026-09-30T01:10:51.504 0.0,0.0,0.0,0.0,0.0,0.7
2026-09-30T01:10:51.554 0.0,0.0,0.0,0.0,0.0,0.7
2026-09-30T01:10:51.604 0.0,0.0,0.0,0.0,0.0,0.7
2026-09-30T01:10:51.654 0.0,0.0,0.0,0.0,0.0,0.7
2026-09-30T01:10:51.704 0.0,0.0,0.0,0.0,0.0,0.7
2026-09-30T01:10:51.754 0.0,0.0,0.0,0.0,0.0,0.7
2026-09-30T01:10:51.804 0.0,0.0,0.0,0.0,0.0,0.7
2026-09-30T01:10:51.854 0.0,0.0,0.0,0.0,0.0,0.7
2026-09-30T01:10:51.904 0.0,0.0,0.0,0.0,0.0,0.7
2026-09-30T01:10:51.964 0.0,0.0,0.0,0.0,0.0,0.7
2026-09-30T01:10:52.004 0.0,0.0,0.0,0.0,0.0,0.7
2026-09-30T01:10:52.054 0.0,0.0,0.0,0.0,0.0,0.7
2026-09-30T01:10:52.104 0.0,0.0,0.0,0.0,0.0,0.7
2026-09-30T01:10:52.154 0.0,0.0,0.0,0.0,0.0,0.7
2026-09-30T01:10:52.204 0.0,0.0,0.0,0.0,0.0,0.7
2026-09-30T01:10:52.254 0.0,0.0,0.0,0.0,0.0,0.7
2026-09-30T01:10:52.304 0.0,0.0,0.0,0.0,0.0,0.7
2026-09-30T01:10:52.355 0.0,0.0,0.0,0.0,0.0,0.7
2026-09-30T01:10:52.414 0.0,0.0,0.0,0.0,0.0,0.7
2026-09-30T01:10:52.454 0.0,0.0,0.0,0.0,0.0,0.7
2026-09-30T01:10:52.504 0.0,0.0,0.0,0.0,0.0,0.7
2026-09-30T01:10:52.554 0.0,0.0,0.0,0.0,0.0,0.7
2026-09-30T01:10:52.604 0.0,0.0,0.0,0.0,0.0,0.7
2026-09-30T01:10:52.654 0.0,0.0,0.0,0.0,0.0,0.7
2026-09-30T01:10:52.704 0.0,0.0,0.0,0.0,0.0,0.7
2026-09-30T01:10:52.754 0.0,0.0,0.0,0.0,0.0,0.7
2026-09-30T01:10:52.804 0.0,0.0,0.0,0.0,0.0,0.7
2026-09-30T01:10:52.854 0.0,0.0,0.0,0.0,0.0,0.7
2026-09-30T01:10:52.904 0.0,0.0,0.0,0.0,0.0,0.7
2026-09-30T01:10:52.954 0.0,0.0,0.0,0.0,0.0,0.7
2026-09-30T01:10:53.004 0.0,0.0,0.0,0.0,0.0,0.7
2026-09-30T01:10:53.064 0.0,0.0,0.0,0.0,0.0,0.7
2026-09-30T01:10:53.104 0.0,0.0,0.0,0.0,0.0,0.7
2026-09-30T01:10:53.154 0.0,0.0,0.0,0.0,0.0,0.7
2026-09-30T01:10:53.206 0.0,0.0,0.0,0.0,0.0,0.7
2026-09-30T01:10:53.256 0.0,0.0,0.0,0.0,0.0,0.7
2026-09-30T01:10:53.304 0.0,0.0,0.0,0.0,0.0,0.7
2026-09-30T01:10:53.364 0.0,0.0,0.0,0.0,0.0,0.7
2026-09-30T01:10:53.404 0.0,0.0,0.0,0.0,0.0,0.7
2026-09-30T01:10:53.454 0.0,0.0,0.0,0.0,0.0,0.7
2026-09-30T01:10:53.504 0.0,0.0,0.0,0.0,0.0,0.7
2026-09-30T01:10:53.554 0.0,0.0,0.0,0.0,0.0,0.7
2026-09-30T01:10:53.604 0.0,0.0,0.0,0.0,0.0,0.7
2026-09-30T01:10:53.664 0.0,0.0,0.0,0.0,0.0,0.7
2026-09-30T01:10:53.704 0.0,0.0,0.0,0.0,0.0,0.7
2026-09-30T01:10:53.754 0.0,0.0,0.0,0.0,0.0,0.7
2026-09-30T01:10:53.804 0.0,0.0,0.0,0.0,0.0,0.7
2026-09-30T01:10:53.854 0.0,0.0,0.0,0.0,0.0,0.7
2026-09-30T01:10:53.904 0.0,0.0,0.0,0.0,0.0,0.7
2026-09-30T01:10:53.954 0.0,0.0,0.0,0.0,0.0,0.7
2026-09-30T01:10:54.004 0.0,0.0,0.0,0.0,0.0,0.7
2026-09-30T01:10:54.054 0.0,0.0,0.0,0.0,0.0,0.7
2026-09-30T01:10:54.114 0.0,0.0,0.0,0.0,0.0,0.7
2026-09-30T01:10:54.154 0.0,0.0,0.0,0.0,0.0,0.7
2026-09-30T01:10:54.204 0.0,0.0,0.0,0.0,0.0,0.7
2026-09-30T01:10:54.254 0.0,0.0,0.0,0.0,0.0,0.7
2026-09-30T01:10:54.304 0.0,0.0,0.0,0.0,0.0,0.7
2026-09-30T01:10:54.354 0.0,0.0,0.0,0.0,0.0,0.7
2026-09-30T01:10:54.404 0.0,0.0,0.0,0.0,0.0,0.7
2026-09-30T01:10:54.454 0.0,0.0,0.0,0.0,0.0,0.7
2026-09-30T01:10:54.504 0.0,0.0,0.0,0.0,0.0,0.7
2026-09-30T01:10:54.554 0.0,0.0,0.0,0.0,0.0,0.7
2026-09-30T01:10:54.604 0.0,0.0,0.0,0.0,0.0,0.7
2026-09-30T01:10:54.654 0.0,0.0,0.0,0.0,0.0,0.7
2026-09-30T01:10:54.704 0.0,0.0,0.0,0.0,0.0,0.7
2026-09-30T01:10:54.754 0.0,0.0,0.0,0.0,0.0,0.7
2026-09-30T01:10:54.804 0.0,0.0,0.0,0.0,0.0,0.7
2026-09-30T01:10:54.854 0.0,0.0,0.0,0.0,0.0,0.7
2026-09-30T01:10:54.904 0.0,0.0,0.0,0.0,0.0,0.7
2026-09-30T01:10:54.954 0.0,0.0,0.0,0.0,0.0,0.7
2026-09-30T01:10:55.004 0.0,0.0,0.0,0.0,0.0,0.7
2026-09-30T01:10:55.054 0.0,0.0,0.0,0.0,0.0,0.7
2026-09-30T01:10:55.104 0.0,0.0,0.0,0.0,0.0,0.7
2026-09-30T01:10:55.154 0.0,0.0,0.0,0.0,0.0,0.7
2026-09-30T01:10:55.204 0.0,0.0,0.0,0.0,0.0,0.7
2026-09-30T01:10:55.254 0.0,0.0,0.0,0.0,0.0,0.7
2026-09-30T01:10:55.304 0.0,0.0,0.0,0.0,0.0,0.7
2026-09-30T01:10:55.354 0.0,0.0,0.0,0.0,0.0,0.7
2026-09-30T01:10:55.404 0.0,0.0,0.0,0.0,0.0,0.7
2026-09-30T01:10:55.454 0.0,0.0,0.0,0.0,0.0,0.7
2026-09-30T01:10:55.504 0.0,0.0,0.0,0.0,0.0,0.7
2026-09-30T01:10:55.554 0.0,0.0,0.0,0.0,0.0,0.7
2026-09-30T01:10:55.604 0.0,0.0,0.0,0.0,0.0,0.7
2026-09-30T01:10:55.664 0.0,0.0,0.0,0.0,0.0,0.7
2026-09-30T01:10:55.704 0.0,0.0,0.0,0.0,0.0,0.7
2026-09-30T01:10:55.756 0.0,0.0,0.0,0.0,0.0,0.7
2026-09-30T01:10:55.804 0.0,0.0,0.0,0.0,0.0,0.7
2026-09-30T01:10:55.854 0.0,0.0,0.0,0.0,0.0,0.7
2026-09-30T01:10:55.904 0.0,0.0,0.0,0.0,0.0,0.7
2026-09-30T01:10:55.954 0.0,0.0,0.0,0.0,0.0,0.7
2026-09-30T01:10:56.004 0.0,0.0,0.0,0.0,0.0,0.7
2026-09-30T01:10:56.054 0.0,0.0,0.0,0.0,0.0,0.7
2026-09-30T01:10:56.104 0.0,0.0,0.0,0.0,0.0,0.7
2026-09-30T01:10:56.164 0.0,0.0,0.0,0.0,0.0,0.7
2026-09-30T01:10:56.214 0.0,0.0,0.0,0.0,0.0,0.7
2026-09-30T01:10:56.254 0.0,0.0,0.0,0.0,0.0,0.7
2026-09-30T01:10:56.304 0.0,0.0,0.0,0.0,0.0,0.7
2026-09-30T01:10:56.354 0.0,0.0,0.0,0.0,0.0,0.7
2026-09-30T01:10:56.404 0.0,0.0,0.0,0.0,0.0,0.5955575359677626
2026-09-30T01:10:56.454 0.0,0.0,0.0,0.0,0.0,0.5955575359677626
2026-09-30T01:10:56.504 0.0,0.0,0.0,0.0,0.0,0.5955575359677626
2026-09-30T01:10:56.554 0.0,0.0,0.0,0.0,0.0,0.5955575359677626
2026-09-30T01:10:56.604 0.0,0.0,0.0,0.0,0.0,0.4355575359677626
2026-09-30T01:10:56.654 0.125,0.0,0.0,0.0,0.0,0.27555753596776256
2026-09-30T01:10:56.704 0.25,0.0,0.0,0.0,0.0,0.11555753596776255
2026-09-30T01:10:56.754 0.375,0.0,0.0,0.0,0.0,-0.04444246403223745
2026-09-30T01:10:56.804 0.5,0.0,0.0,0.0,0.0,-0.20444246403223745
2026-09-30T01:10:56.854 0.625,0.0,0.0,0.0,0.0,-0.36444246403223746
2026-09-30T01:10:56.904 0.75,0.0,0.0,0.0,0.0,-0.40526315789473677
2026-09-30T01:10:56.954 0.8,0.0,0.0,0.0,0.0,-0.40526315789473677
2026-09-30T01:10:57.004 0.8,0.0,0.0,0.0,0.0,-0.47894736842105257
2026-09-30T01:10:57.054 0.8,0.0,0.0,0.0,0.0,-0.47894736842105257
2026-09-30T01:10:57.104 0.8,0.0,0.0,0.0,0.0,-0.47894736842105257
2026-09-30T01:10:57.154 0.8,0.0,0.0,0.0,0.0,-0.47894736842105257
2026-09-30T01:10:57.204 0.8,0.0,0.0,0.0,0.0,-0.47894736842105257
2026-09-30T01:10:57.254 0.8,0.0,0.0,0.0,0.0,-0.47894736842105257
2026-09-30T01:10:57.304 0.8,0.0,0.0,0.0,0.0,-0.47894736842105257
2026-09-30T01:10:57.354 0.8,0.0,0.0,0.0,0.0,-0.47894736842105257
2026-09-30T01:10:57.404 0.8,0.0,0.0,0.0,0.0,-0.5526315789473684
2026-09-30T01:10:57.454 0.8,0.0,0.0,0.0,0.0,-0.5526315789473684
2026-09-30T01:10:57.504 0.8,0.0,0.0,0.0,0.0,-0.5526315789473684
2026-09-30T01:10:57.554 0.8,0.0,0.0,0.0,0.0,-0.5526315789473684
2026-09-30T01:10:57.604 0.8,0.0,0.0,0.0,0.0,-0.5526315789473684
2026-09-30T01:10:57.654 0.8,0.0,0.0,0.0,0.0,-0.5526315789473684
2026-09-30T01:10:57.704 0.8,0.0,0.0,0.0,0.0,-0.47894736842105257
2026-09-30T01:10:57.754 0.8,0.0,0.0,0.0,0.0,-0.47894736842105257
2026-09-30T01:10:57.804 0.8,0.0,0.0,0.0,0.0,-0.5526315789473684
2026-09-30T01:10:57.854 0.8,0.0,0.0,0.0,0.0,-0.5526315789473684
2026-09-30T01:10:57.904 0.8,0.0,0.0,0.0,0.0,-0.47894736842105257
2026-09-30T01:10:57.954 0.8,0.0,0.0,0.0,0.0,-0.5526315789473684
2026-09-30T01:10:58.004 0.8,0.0,0.0,0.0,0.0,-0.5526315789473684
2026-09-30T01:10:58.054 0.8,0.0,0.0,0.0,0.0,-0.5526315789473684
2026-09-30T01:10:58.105 0.8,0.0,0.0,0.0,0.0,-0.5526315789473684
2026-09-30T01:10:58.154 0.8,0.0,0.0,0.0,0.0,-0.5526315789473684
2026-09-30T01:10:58.204 0.8,0.0,0.0,0.0,0.0,-0.5526315789473684
2026-09-30T01:10:58.254 0.8,0.0,0.0,0.0,0.0,-0.5526315789473684
2026-09-30T01:10:58.304 0.8,0.0,0.0,0.0,0.0,-0.5526315789473684
2026-09-30T01:10:58.354 0.8,0.0,0.0,0.0,0.0,-0.5526315789473684
2026-09-30T01:10:58.404 0.8,0.0,0.0,0.0,0.0,-0.5526315789473684
2026-09-30T01:10:58.454 0.8,0.0,0.0,0.0,0.0,-0.5526315789473684
2026-09-30T01:10:58.504 0.8,0.0,0.0,0.0,0.0,-0.47894736842105257
2026-09-30T01:10:58.554 0.8,0.0,0.0,0.0,0.0,-0.5526315789473684
2026-09-30T01:10:58.604 0.8,0.0,0.0,0.0,0.0,-0.5526315789473684
2026-09-30T01:10:58.654 0.8,0.0,0.0,0.0,0.0,-0.47894736842105257
2026-09-30T01:10:58.704 0.8,0.0,0.0,0.0,0.0,-0.47894736842105257
2026-09-30T01:10:58.754 0.8,0.0,0.0,0.0,0.0,-0.40526315789473677
2026-09-30T01:10:58.804 0.8,0.0,0.0,0.0,0.0,-0.40526315789473677
2026-09-30T01:10:58.854 0.8,0.0,0.0,0.0,0.0,-0.40526315789473677
2026-09-30T01:10:58.904 0.8,0.0,0.0,0.0,0.0,-0.40526315789473677
2026-09-30T01:10:58.954 0.8,0.0,0.0,0.0,0.0,-0.331578947368421
2026-09-30T01:10:59.004 0.8,0.0,0.0,0.0,0.0,-0.331578947368421
2026-09-30T01:10:59.054 0.8,0.0,0.0,0.0,0.0,-0.331578947368421
2026-09-30T01:10:59.104 0.8,0.0,0.0,0.0,0.0,-0.331578947368421
2026-09-30T01:10:59.156 0.8,0.0,0.0,0.0,0.0,-0.331578947368421
2026-09-30T01:10:59.205 0.8,0.0,0.0,0.0,0.0,-0.331578947368421
2026-09-30T01:10:59.254 0.8,0.0,0.0,0.0,0.0,-0.331578947368421
2026-09-30T01:10:59.304 0.8,0.0,0.0,0.0,0.0,-0.331578947368421
2026-09-30T01:10:59.354 0.8,0.0,0.0,0.0,0.0,-0.331578947368421
2026-09-30T01:10:59.404 0.8,0.0,0.0,0.0,0.0,-0.331578947368421
2026-09-30T01:10:59.454 0.8,0.0,0.0,0.0,0.0,-0.2578947368421052
2026-09-30T01:10:59.504 0.8,0.0,0.0,0.0,0.0,-0.2578947368421052
2026-09-30T01:10:59.554 0.8,0.0,0.0,0.0,0.0,-0.2578947368421052
2026-09-30T01:10:59.614 0.8,0.0,0.0,0.0,0.0,-0.2578947368421052
2026-09-30T01:10:59.654 0.8,0.0,0.0,0.0,0.0,-0.40526315789473677
2026-09-30T01:10:59.704 0.8,0.0,0.0,0.0,0.0,-0.40526315789473677
2026-09-30T01:10:59.754 0.8,0.0,0.0,0.0,0.0,-0.331578947368421
2026-09-30T01:10:59.804 0.8,0.0,0.0,0.0,0.0,-0.331578947368421
2026-09-30T01:10:59.854 0.8,0.0,0.0,0.0,0.0,-0.331578947368421
2026-09-30T01:10:59.904 0.8,0.0,0.0,0.0,0.0,-0.331578947368421
2026-09-30T01:10:59.954 0.8,0.0,0.0,0.0,0.0,-0.331578947368421
2026-09-30T01:11:00.004 0.7578947368421055,0.0,0.0,0.0,0.0,-0.331578947368421
2026-09-30T01:11:00.064 0.8,0.0,0.0,0.0,0.0,-0.331578947368421
2026-09-30T01:11:00.104 0.8,0.0,0.0,0.0,0.0,-0.331578947368421
2026-09-30T01:11:00.154 0.8,0.0,0.0,0.0,0.0,-0.331578947368421
2026-09-30T01:11:00.204 0.8,0.0,0.0,0.0,0.0,-0.2578947368421052
2026-09-30T01:11:00.254 0.8,0.0,0.0,0.0,0.0,-0.2578947368421052
2026-09-30T01:11:00.304 0.8,0.0,0.0,0.0,0.0,-0.2578947368421052
2026-09-30T01:11:00.354 0.8,0.0,0.0,0.0,0.0,-0.2578947368421052
2026-09-30T01:11:00.404 0.8,0.0,0.0,0.0,0.0,-0.2578947368421052
2026-09-30T01:11:00.454 0.7578947368421055,0.0,0.0,0.0,0.0,-0.2578947368421052
2026-09-30T01:11:00.504 0.8,0.0,0.0,0.0,0.0,-0.2578947368421052
2026-09-30T01:11:00.554 0.8,0.0,0.0,0.0,0.0,-0.2578947368421052
2026-09-30T01:11:00.604 0.8,0.0,0.0,0.0,0.0,-0.2578947368421052
2026-09-30T01:11:00.654 0.7578947368421055,0.0,0.0,0.0,0.0,-0.2578947368421052
2026-09-30T01:11:00.704 0.8,0.0,0.0,0.0,0.0,-0.18421052631578938
2026-09-30T01:11:00.754 0.8,0.0,0.0,0.0,0.0,-0.18421052631578938
2026-09-30T01:11:00.804 0.7578947368421055,0.0,0.0,0.0,0.0,-0.18421052631578938
2026-09-30T01:11:00.864 0.8,0.0,0.0,0.0,0.0,-0.18421052631578938
2026-09-30T01:11:00.904 0.8,0.0,0.0,0.0,0.0,-0.1105263157894736
2026-09-30T01:11:00.954 0.8,0.0,0.0,0.0,0.0,-0.1105263157894736
2026-09-30T01:11:01.004 0.8,0.0,0.0,0.0,0.0,-0.1105263157894736
2026-09-30T01:11:01.054 0.8,0.0,0.0,0.0,0.0,-0.1105263157894736
2026-09-30T01:11:01.104 0.8,0.0,0.0,0.0,0.0,-0.1105263157894736
2026-09-30T01:11:01.154 0.8,0.0,0.0,0.0,0.0,-0.1105263157894736
2026-09-30T01:11:01.204 0.7578947368421055,0.0,0.0,0.0,0.0,-0.1105263157894736
2026-09-30T01:11:01.254 0.8,0.0,0.0,0.0,0.0,-0.1105263157894736
2026-09-30T01:11:01.304 0.8,0.0,0.0,0.0,0.0,-0.1105263157894736
2026-09-30T01:11:01.354 0.8,0.0,0.0,0.0,0.0,-0.1105263157894736
2026-09-30T01:11:01.406 0.8,0.0,0.0,0.0,0.0,-0.036842105263157815
2026-09-30T01:11:01.454 0.8,0.0,0.0,0.0,0.0,-0.036842105263157815
2026-09-30T01:11:01.504 0.8,0.0,0.0,0.0,0.0,-0.036842105263157815
2026-09-30T01:11:01.554 0.8,0.0,0.0,0.0,0.0,-0.036842105263157815
2026-09-30T01:11:01.605 0.8,0.0,0.0,0.0,0.0,-0.036842105263157815
2026-09-30T01:11:01.654 0.8,0.0,0.0,0.0,0.0,-0.036842105263157815
2026-09-30T01:11:01.704 0.8,0.0,0.0,0.0,0.0,-0.036842105263157815
2026-09-30T01:11:01.754 0.8,0.0,0.0,0.0,0.0,-0.036842105263157815
2026-09-30T01:11:01.804 0.8,0.0,0.0,0.0,0.0,-0.1105263157894736
2026-09-30T01:11:01.865 0.8,0.0,0.0,0.0,0.0,-0.1105263157894736
2026-09-30T01:11:01.904 0.8,0.0,0.0,0.0,0.0,-0.036842105263157815
2026-09-30T01:11:01.954 0.8,0.0,0.0,0.0,0.0,-0.036842105263157815
2026-09-30T01:11:02.005 0.8,0.0,0.0,0.0,0.0,-0.036842105263157815
2026-09-30T01:11:02.054 0.8,0.0,0.0,0.0,0.0,-0.036842105263157815
2026-09-30T01:11:02.104 0.8,0.0,0.0,0.0,0.0,-0.036842105263157815
2026-09-30T01:11:02.154 0.8,0.0,0.0,0.0,0.0,-0.036842105263157815
2026-09-30T01:11:02.204 0.8,0.0,0.0,0.0,0.0,-0.036842105263157815
2026-09-30T01:11:02.254 0.8,0.0,0.0,0.0,0.0,-0.036842105263157815
2026-09-30T01:11:02.304 0.7578947368421055,0.0,0.0,0.0,0.0,-0.036842105263157815
2026-09-30T01:11:02.355 0.8,0.0,0.0,0.0,0.0,0.0
2026-09-30T01:11:02.404 0.8,0.0,0.0,0.0,0.0,0.0
2026-09-30T01:11:02.454 0.8,0.0,0.0,0.0,0.0,0.0
2026-09-30T01:11:02.504 0.8,0.0,0.0,0.0,0.0,0.0
2026-09-30T01:11:02.554 0.8,0.0,0.0,0.0,0.0,0.0
2026-09-30T01:11:02.604 0.8,0.0,0.0,0.0,0.0,0.0
2026-09-30T01:11:02.654 0.8,0.0,0.0,0.0,0.0,0.0
2026-09-30T01:11:02.704 0.8,0.0,0.0,0.0,0.0,0.0
2026-09-30T01:11:02.754 0.8,0.0,0.0,0.0,0.0,0.0
2026-09-30T01:11:02.804 0.8,0.0,0.0,0.0,0.0,0.0
2026-09-30T01:11:02.854 0.8,0.0,0.0,0.0,0.0,0.11052631578947375
2026-09-30T01:11:02.904 0.8,0.0,0.0,0.0,0.0,0.11052631578947375
2026-09-30T01:11:02.954 0.8,0.0,0.0,0.0,0.0,0.11052631578947375
2026-09-30T01:11:03.004 0.8,0.0,0.0,0.0,0.0,0.11052631578947375
2026-09-30T01:11:03.054 0.8,0.0,0.0,0.0,0.0,0.11052631578947375
2026-09-30T01:11:03.104 0.8,0.0,0.0,0.0,0.0,0.11052631578947375
2026-09-30T01:11:03.154 0.8,0.0,0.0,0.0,0.0,0.11052631578947375
2026-09-30T01:11:03.214 0.8,0.0,0.0,0.0,0.0,0.11052631578947375
2026-09-30T01:11:03.254 0.8,0.0,0.0,0.0,0.0,0.11052631578947375
2026-09-30T01:11:03.304 0.8,0.0,0.0,0.0,0.0,0.11052631578947375
2026-09-30T01:11:03.354 0.8,0.0,0.0,0.0,0.0,0.11052631578947375
2026-09-30T01:11:03.404 0.8,0.0,0.0,0.0,0.0,0.11052631578947375
2026-09-30T01:11:03.454 0.8,0.0,0.0,0.0,0.0,0.11052631578947375
2026-09-30T01:11:03.504 0.7578947368421055,0.0,0.0,0.0,0.0,0.11052631578947375
2026-09-30T01:11:03.554 0.8,0.0,0.0,0.0,0.0,0.11052631578947375
2026-09-30T01:11:03.604 0.8,0.0,0.0,0.0,0.0,0.11052631578947375
2026-09-30T01:11:03.654 0.8,0.0,0.0,0.0,0.0,0.11052631578947375
2026-09-30T01:11:03.704 0.8,0.0,0.0,0.0,0.0,0.11052631578947375
2026-09-30T01:11:03.764 0.8,0.0,0.0,0.0,0.0,0.11052631578947375
2026-09-30T01:11:03.804 0.8,0.0,0.0,0.0,0.0,0.11052631578947375
2026-09-30T01:11:03.865 0.8,0.0,0.0,0.0,0.0,0.11052631578947375
2026-09-30T01:11:03.906 0.8,0.0,0.0,0.0,0.0,0.11052631578947375
2026-09-30T01:11:03.954 0.8,0.0,0.0,0.0,0.0,0.11052631578947375
2026-09-30T01:11:04.004 0.8,0.0,0.0,0.0,0.0,0.11052631578947375
2026-09-30T01:11:04.054 0.8,0.0,0.0,0.0,0.0,0.11052631578947375
2026-09-30T01:11:04.104 0.8,0.0,0.0,0.0,0.0,0.11052631578947375
2026-09-30T01:11:04.154 0.8,0.0,0.0,0.0,0.0,0.11052631578947375
2026-09-30T01:11:04.214 0.8,0.0,0.0,0.0,0.0,0.11052631578947375
2026-09-30T01:11:04.254 0.8,0.0,0.0,0.0,0.0,0.11052631578947375
2026-09-30T01:11:04.304 0.8,0.0,0.0,0.0,0.0,0.11052631578947375
2026-09-30T01:11:04.354 0.8,0.0,0.0,0.0,0.0,0.11052631578947375
2026-09-30T01:11:04.404 0.8,0.0,0.0,0.0,0.0,0.11052631578947375
2026-09-30T01:11:04.454 0.8,0.0,0.0,0.0,0.0,0.11052631578947375
2026-09-30T01:11:04.504 0.8,0.0,0.0,0.0,0.0,0.11052631578947375
2026-09-30T01:11:04.554 0.8,0.0,0.0,0.0,0.0,0.11052631578947375
2026-09-30T01:11:04.605 0.8,0.0,0.0,0.0,0.0,0.11052631578947375
2026-09-30T01:11:04.654 0.8,0.0,0.0,0.0,0.0,0.11052631578947375
2026-09-30T01:11:04.704 0.8,0.0,0.0,0.0,0.0,0.11052631578947375
2026-09-30T01:11:04.754 0.8,0.0,0.0,0.0,0.0,0.11052631578947375
2026-09-30T01:11:04.804 0.8,0.0,0.0,0.0,0.0,0.11052631578947375
2026-09-30T01:11:04.854 0.8,0.0,0.0,0.0,0.0,0.11052631578947375
2026-09-30T01:11:04.904 0.8,0.0,0.0,0.0,0.0,0.03684210526315797
2026-09-30T01:11:04.954 0.8,0.0,0.0,0.0,0.0,0.03684210526315797
2026-09-30T01:11:05.006 0.8,0.0,0.0,0.0,0.0,0.03684210526315797
2026-09-30T01:11:05.054 0.8,0.0,0.0,0.0,0.0,0.03684210526315797
2026-09-30T01:11:05.106 0.8,0.0,0.0,0.0,0.0,0.03684210526315797
2026-09-30T01:11:05.154 0.8,0.0,0.0,0.0,0.0,0.03684210526315797
2026-09-30T01:11:05.204 0.8,0.0,0.0,0.0,0.0,0.03684210526315797
2026-09-30T01:11:05.254 0.8,0.0,0.0,0.0,0.0,0.03684210526315797
2026-09-30T01:11:05.304 0.8,0.0,0.0,0.0,0.0,0.03684210526315797
2026-09-30T01:11:05.354 0.8,0.0,0.0,0.0,0.0,0.0
2026-09-30T01:11:05.404 0.7157894736842108,0.0,0.0,0.0,0.0,0.03684210526315797
2026-09-30T01:11:05.454 0.7578947368421055,0.0,0.0,0.0,0.0,0.03684210526315797
2026-09-30T01:11:05.504 0.8,0.0,0.0,0.0,0.0,0.03684210526315797
2026-09-30T01:11:05.554 0.8,0.0,0.0,0.0,0.0,0.03684210526315797
2026-09-30T01:11:05.616 0.8,0.0,0.0,0.0,0.0,0.03684210526315797
2026-09-30T01:11:05.654 0.8,0.0,0.0,0.0,0.0,0.03684210526315797
2026-09-30T01:11:05.704 0.8,0.0,0.0,0.0,0.0,0.03684210526315797
2026-09-30T01:11:05.754 0.8,0.0,0.0,0.0,0.0,0.03684210526315797
2026-09-30T01:11:05.804 0.8,0.0,0.0,0.0,0.0,0.03684210526315797
2026-09-30T01:11:05.854 0.8,0.0,0.0,0.0,0.0,0.03684210526315797
2026-09-30T01:11:05.904 0.8,0.0,0.0,0.0,0.0,0.03684210526315797
2026-09-30T01:11:05.955 0.8,0.0,0.0,0.0,0.0,0.03684210526315797
2026-09-30T01:11:06.005 0.8,0.0,0.0,0.0,0.0,0.03684210526315797
2026-09-30T01:11:06.054 0.8,0.0,0.0,0.0,0.0,0.03684210526315797
2026-09-30T01:11:06.104 0.8,0.0,0.0,0.0,0.0,0.03684210526315797
2026-09-30T01:11:06.154 0.8,0.0,0.0,0.0,0.0,0.03684210526315797
2026-09-30T01:11:06.204 0.8,0.0,0.0,0.0,0.0,0.03684210526315797
2026-09-30T01:11:06.255 0.8,0.0,0.0,0.0,0.0,0.03684210526315797
2026-09-30T01:11:06.304 0.8,0.0,0.0,0.0,0.0,0.03684210526315797
2026-09-30T01:11:06.354 0.8,0.0,0.0,0.0,0.0,0.03684210526315797
2026-09-30T01:11:06.404 0.8,0.0,0.0,0.0,0.0,0.03684210526315797
2026-09-30T01:11:06.454 0.8,0.0,0.0,0.0,0.0,0.03684210526315797
2026-09-30T01:11:06.504 0.8,0.0,0.0,0.0,0.0,0.03684210526315797
2026-09-30T01:11:06.554 0.8,0.0,0.0,0.0,0.0,0.03684210526315797
2026-09-30T01:11:06.604 0.8,0.0,0.0,0.0,0.0,0.03684210526315797
2026-09-30T01:11:06.654 0.8,0.0,0.0,0.0,0.0,0.03684210526315797
2026-09-30T01:11:06.704 0.8,0.0,0.0,0.0,0.0,0.03684210526315797
2026-09-30T01:11:06.754 0.8,0.0,0.0,0.0,0.0,0.03684210526315797
2026-09-30T01:11:06.804 0.8,0.0,0.0,0.0,0.0,0.03684210526315797
2026-09-30T01:11:06.854 0.8,0.0,0.0,0.0,0.0,0.03684210526315797
2026-09-30T01:11:06.904 0.8,0.0,0.0,0.0,0.0,0.0
2026-09-30T01:11:06.954 0.8,0.0,0.0,0.0,0.0,0.0
2026-09-30T01:11:07.004 0.8,0.0,0.0,0.0,0.0,0.0
2026-09-30T01:11:07.054 0.8,0.0,0.0,0.0,0.0,0.0
2026-09-30T01:11:07.104 0.8,0.0,0.0,0.0,0.0,0.0
2026-09-30T01:11:07.154 0.8,0.0,0.0,0.0,0.0,0.0
2026-09-30T01:11:07.204 0.8,0.0,0.0,0.0,0.0,0.0
2026-09-30T01:11:07.254 0.8,0.0,0.0,0.0,0.0,0.0
2026-09-30T01:11:07.304 0.8,0.0,0.0,0.0,0.0,0.0
2026-09-30T01:11:07.354 0.8,0.0,0.0,0.0,0.0,0.0
2026-09-30T01:11:07.404 0.8,0.0,0.0,0.0,0.0,0.0
2026-09-30T01:11:07.454 0.8,0.0,0.0,0.0,0.0,0.0
2026-09-30T01:11:07.504 0.8,0.0,0.0,0.0,0.0,0.0
2026-09-30T01:11:07.555 0.8,0.0,0.0,0.0,0.0,0.0
2026-09-30T01:11:07.615 0.8,0.0,0.0,0.0,0.0,0.0
2026-09-30T01:11:07.664 0.8,0.0,0.0,0.0,0.0,0.0
2026-09-30T01:11:07.704 0.8,0.0,0.0,0.0,0.0,0.0
2026-09-30T01:11:07.754 0.8,0.0,0.0,0.0,0.0,0.0
2026-09-30T01:11:07.804 0.8,0.0,0.0,0.0,0.0,0.0
2026-09-30T01:11:07.854 0.8,0.0,0.0,0.0,0.0,0.0
2026-09-30T01:11:07.904 0.8,0.0,0.0,0.0,0.0,0.0
2026-09-30T01:11:07.964 0.8,0.0,0.0,0.0,0.0,0.0
2026-09-30T01:11:08.004 0.8,0.0,0.0,0.0,0.0,0.0
2026-09-30T01:11:08.054 0.8,0.0,0.0,0.0,0.0,0.0
2026-09-30T01:11:08.104 0.8,0.0,0.0,0.0,0.0,0.0
2026-09-30T01:11:08.154 0.8,0.0,0.0,0.0,0.0,0.0
2026-09-30T01:11:08.204 0.8,0.0,0.0,0.0,0.0,0.0
2026-09-30T01:11:08.254 0.8,0.0,0.0,0.0,0.0,0.0
2026-09-30T01:11:08.304 0.8,0.0,0.0,0.0,0.0,0.0
2026-09-30T01:11:08.354 0.8,0.0,0.0,0.0,0.0,0.0
2026-09-30T01:11:08.404 0.8,0.0,0.0,0.0,0.0,0.0
2026-09-30T01:11:08.454 0.8,0.0,0.0,0.0,0.0,0.0
2026-09-30T01:11:08.505 0.8,0.0,0.0,0.0,0.0,0.0
2026-09-30T01:11:08.554 0.8,0.0,0.0,0.0,0.0,0.0
2026-09-30T01:11:08.604 0.8,0.0,0.0,0.0,0.0,0.0
2026-09-30T01:11:08.654 0.8,0.0,0.0,0.0,0.0,0.0
2026-09-30T01:11:08.704 0.8,0.0,0.0,0.0,0.0,0.0
2026-09-30T01:11:08.754 0.8,0.0,0.0,0.0,0.0,0.0
2026-09-30T01:11:08.804 0.8,0.0,0.0,0.0,0.0,0.0
2026-09-30T01:11:08.855 0.8,0.0,0.0,0.0,0.0,0.0
2026-09-30T01:11:08.914 0.8,0.0,0.0,0.0,0.0,0.0
2026-09-30T01:11:08.954 0.8,0.0,0.0,0.0,0.0,0.0
2026-09-30T01:11:09.005 0.8,0.0,0.0,0.0,0.0,0.0
2026-09-30T01:11:09.054 0.8,0.0,0.0,0.0,0.0,0.0
2026-09-30T01:11:09.104 0.8,0.0,0.0,0.0,0.0,0.0
2026-09-30T01:11:09.154 0.8,0.0,0.0,0.0,0.0,0.0
2026-09-30T01:11:09.204 0.8,0.0,0.0,0.0,0.0,0.0
2026-09-30T01:11:09.254 0.8,0.0,0.0,0.0,0.0,0.0
2026-09-30T01:11:09.304 0.8,0.0,0.0,0.0,0.0,-0.036842105263157815
2026-09-30T01:11:09.354 0.8,0.0,0.0,0.0,0.0,-0.036842105263157815
2026-09-30T01:11:09.404 0.8,0.0,0.0,0.0,0.0,-0.036842105263157815
2026-09-30T01:11:09.454 0.8,0.0,0.0,0.0,0.0,-0.036842105263157815
2026-09-30T01:11:09.504 0.8,0.0,0.0,0.0,0.0,-0.036842105263157815
2026-09-30T01:11:09.554 0.8,0.0,0.0,0.0,0.0,-0.036842105263157815
2026-09-30T01:11:09.604 0.8,0.0,0.0,0.0,0.0,-0.036842105263157815
2026-09-30T01:11:09.655 0.8,0.0,0.0,0.0,0.0,-0.036842105263157815
2026-09-30T01:11:09.704 0.8,0.0,0.0,0.0,0.0,0.03684210526315797
2026-09-30T01:11:09.754 0.8,0.0,0.0,0.0,0.0,0.03684210526315797
2026-09-30T01:11:09.806 0.8,0.0,0.0,0.0,0.0,0.03684210526315797
2026-09-30T01:11:09.854 0.8,0.0,0.0,0.0,0.0,0.03684210526315797
2026-09-30T01:11:09.904 0.8,0.0,0.0,0.0,0.0,0.03684210526315797
2026-09-30T01:11:09.954 0.8,0.0,0.0,0.0,0.0,0.03684210526315797
2026-09-30T01:11:10.004 0.8,0.0,0.0,0.0,0.0,0.03684210526315797
2026-09-30T01:11:10.054 0.8,0.0,0.0,0.0,0.0,0.03684210526315797
2026-09-30T01:11:10.104 0.8,0.0,0.0,0.0,0.0,0.03684210526315797
2026-09-30T01:11:10.154 0.8,0.0,0.0,0.0,0.0,0.03684210526315797
2026-09-30T01:11:10.204 0.8,0.0,0.0,0.0,0.0,0.0
2026-09-30T01:11:10.254 0.8,0.0,0.0,0.0,0.0,0.0
2026-09-30T01:11:10.304 0.8,0.0,0.0,0.0,0.0,0.0
2026-09-30T01:11:10.354 0.8,0.0,0.0,0.0,0.0,0.0
2026-09-30T01:11:10.406 0.8,0.0,0.0,0.0,0.0,0.0
2026-09-30T01:11:10.454 0.8,0.0,0.0,0.0,0.0,0.0
2026-09-30T01:11:10.504 0.8,0.0,0.0,0.0,0.0,0.0
2026-09-30T01:11:10.554 0.8,0.0,0.0,0.0,0.0,0.0
2026-09-30T01:11:10.605 0.8,0.0,0.0,0.0,0.0,0.0
2026-09-30T01:11:10.654 0.8,0.0,0.0,0.0,0.0,0.0
2026-09-30T01:11:10.704 0.8,0.0,0.0,0.0,0.0,0.0
2026-09-30T01:11:10.755 0.8,0.0,0.0,0.0,0.0,0.0
2026-09-30T01:11:10.804 0.8,0.0,0.0,0.0,0.0,0.0
2026-09-30T01:11:10.854 0.8,0.0,0.0,0.0,0.0,0.0
2026-09-30T01:11:10.904 0.8,0.0,0.0,0.0,0.0,0.0
2026-09-30T01:11:10.954 0.8,0.0,0.0,0.0,0.0,0.0
2026-09-30T01:11:11.004 0.8,0.0,0.0,0.0,0.0,0.0
2026-09-30T01:11:11.054 0.8,0.0,0.0,0.0,0.0,0.0
2026-09-30T01:11:11.104 0.8,0.0,0.0,0.0,0.0,0.0
2026-09-30T01:11:11.154 0.8,0.0,0.0,0.0,0.0,0.0
2026-09-30T01:11:11.204 0.8,0.0,0.0,0.0,0.0,0.0
2026-09-30T01:11:11.264 0.8,0.0,0.0,0.0,0.0,0.0
2026-09-30T01:11:11.304 0.8,0.0,0.0,0.0,0.0,0.0
2026-09-30T01:11:11.354 0.8,0.0,0.0,0.0,0.0,0.0
2026-09-30T01:11:11.414 0.8,0.0,0.0,0.0,0.0,0.0
2026-09-30T01:11:11.454 0.8,0.0,0.0,0.0,0.0,0.0
2026-09-30T01:11:11.504 0.8,0.0,0.0,0.0,0.0,0.0
2026-09-30T01:11:11.554 0.8,0.0,0.0,0.0,0.0,0.0
2026-09-30T01:11:11.604 0.8,0.0,0.0,0.0,0.0,0.0
2026-09-30T01:11:11.654 0.8,0.0,0.0,0.0,0.0,0.0
2026-09-30T01:11:11.704 0.8,0.0,0.0,0.0,0.0,0.0
2026-09-30T01:11:11.754 0.8,0.0,0.0,0.0,0.0,0.0
2026-09-30T01:11:11.804 0.8,0.0,0.0,0.0,0.0,0.0
2026-09-30T01:11:11.854 0.8,0.0,0.0,0.0,0.0,0.0
2026-09-30T01:11:11.905 0.8,0.0,0.0,0.0,0.0,0.0
2026-09-30T01:11:11.955 0.8,0.0,0.0,0.0,0.0,0.0
2026-09-30T01:11:12.004 0.8,0.0,0.0,0.0,0.0,0.0
2026-09-30T01:11:12.054 0.8,0.0,0.0,0.0,0.0,0.0
2026-09-30T01:11:12.104 0.8,0.0,0.0,0.0,0.0,0.0
2026-09-30T01:11:12.154 0.8,0.0,0.0,0.0,0.0,0.0
2026-09-30T01:11:12.205 0.8,0.0,0.0,0.0,0.0,0.0
2026-09-30T01:11:12.254 0.8,0.0,0.0,0.0,0.0,0.0
2026-09-30T01:11:12.315 0.8,0.0,0.0,0.0,0.0,0.0
2026-09-30T01:11:12.354 0.8,0.0,0.0,0.0,0.0,0.0
2026-09-30T01:11:12.404 0.8,0.0,0.0,0.0,0.0,0.0
2026-09-30T01:11:12.454 0.8,0.0,0.0,0.0,0.0,0.0
2026-09-30T01:11:12.504 0.8,0.0,0.0,0.0,0.0,0.0
2026-09-30T01:11:12.554 0.8,0.0,0.0,0.0,0.0,0.0
2026-09-30T01:11:12.604 0.8,0.0,0.0,0.0,0.0,0.0
2026-09-30T01:11:12.654 0.8,0.0,0.0,0.0,0.0,0.0
2026-09-30T01:11:12.704 0.8,0.0,0.0,0.0,0.0,0.0
2026-09-30T01:11:12.754 0.8,0.0,0.0,0.0,0.0,-0.036842105263157815
2026-09-30T01:11:12.804 0.8,0.0,0.0,0.0,0.0,-0.036842105263157815
2026-09-30T01:11:12.854 0.8,0.0,0.0,0.0,0.0,-0.036842105263157815
2026-09-30T01:11:12.904 0.8,0.0,0.0,0.0,0.0,-0.036842105263157815
2026-09-30T01:11:12.954 0.8,0.0,0.0,0.0,0.0,-0.036842105263157815
2026-09-30T01:11:13.004 0.8,0.0,0.0,0.0,0.0,-0.036842105263157815
2026-09-30T01:11:13.067 0.8,0.0,0.0,0.0,0.0,-0.036842105263157815
2026-09-30T01:11:13.114 0.8,0.0,0.0,0.0,0.0,-0.036842105263157815
2026-09-30T01:11:13.154 0.8,0.0,0.0,0.0,0.0,-0.036842105263157815
2026-09-30T01:11:13.205 0.8,0.0,0.0,0.0,0.0,-0.036842105263157815
2026-09-30T01:11:13.254 0.8,0.0,0.0,0.0,0.0,-0.036842105263157815
2026-09-30T01:11:13.304 0.8,0.0,0.0,0.0,0.0,-0.036842105263157815
2026-09-30T01:11:13.354 0.8,0.0,0.0,0.0,0.0,-0.036842105263157815
2026-09-30T01:11:13.404 0.8,0.0,0.0,0.0,0.0,-0.036842105263157815
2026-09-30T01:11:13.454 0.8,0.0,0.0,0.0,0.0,-0.036842105263157815
2026-09-30T01:11:13.505 0.8,0.0,0.0,0.0,0.0,-0.036842105263157815
2026-09-30T01:11:13.554 0.8,0.0,0.0,0.0,0.0,-0.036842105263157815
2026-09-30T01:11:13.615 0.8,0.0,0.0,0.0,0.0,-0.1105263157894736
2026-09-30T01:11:13.654 0.8,0.0,0.0,0.0,0.0,-0.1105263157894736
2026-09-30T01:11:13.704 0.8,0.0,0.0,0.0,0.0,-0.1105263157894736
2026-09-30T01:11:13.754 0.8,0.0,0.0,0.0,0.0,-0.1105263157894736
2026-09-30T01:11:13.814 0.8,0.0,0.0,0.0,0.0,-0.1105263157894736
2026-09-30T01:11:13.864 0.8,0.0,0.0,0.0,0.0,-0.1105263157894736
2026-09-30T01:11:13.904 0.8,0.0,0.0,0.0,0.0,-0.1105263157894736
2026-09-30T01:11:13.954 0.8,0.0,0.0,0.0,0.0,-0.1105263157894736
2026-09-30T01:11:14.004 0.8,0.0,0.0,0.0,0.0,-0.1105263157894736
2026-09-30T01:11:14.054 0.8,0.0,0.0,0.0,0.0,-0.1105263157894736
2026-09-30T01:11:14.104 0.8,0.0,0.0,0.0,0.0,-0.1105263157894736
2026-09-30T01:11:14.154 0.8,0.0,0.0,0.0,0.0,-0.1105263157894736
2026-09-30T01:11:14.204 0.8,0.0,0.0,0.0,0.0,-0.1105263157894736
2026-09-30T01:11:14.254 0.7578947368421055,0.0,0.0,0.0,0.0,-0.1105263157894736
2026-09-30T01:11:14.304 0.7578947368421055,0.0,0.0,0.0,0.0,-0.1105263157894736
2026-09-30T01:11:14.354 0.7578947368421055,0.0,0.0,0.0,0.0,-0.1105263157894736
2026-09-30T01:11:14.404 0.7578947368421055,0.0,0.0,0.0,0.0,-0.1105263157894736
2026-09-30T01:11:14.464 0.7157894736842108,0.0,0.0,0.0,0.0,-0.1105263157894736
2026-09-30T01:11:14.504 0.7157894736842108,0.0,0.0,0.0,0.0,-0.1105263157894736
2026-09-30T01:11:14.554 0.7157894736842108,0.0,0.0,0.0,0.0,-0.1105263157894736
2026-09-30T01:11:14.604 0.7157894736842108,0.0,0.0,0.0,0.0,-0.1105263157894736
2026-09-30T01:11:14.654 0.6315789473684212,0.0,0.0,0.0,0.0,-0.036842105263157815
2026-09-30T01:11:14.704 0.673684210526316,0.0,0.0,0.0,0.0,-0.036842105263157815
2026-09-30T01:11:14.754 0.673684210526316,0.0,0.0,0.0,0.0,-0.036842105263157815
2026-09-30T01:11:14.804 0.6315789473684212,0.0,0.0,0.0,0.0,-0.036842105263157815
2026-09-30T01:11:14.854 0.6315789473684212,0.0,0.0,0.0,0.0,-0.036842105263157815
2026-09-30T01:11:14.904 0.6315789473684212,0.0,0.0,0.0,0.0,-0.036842105263157815
2026-09-30T01:11:14.954 0.6315789473684212,0.0,0.0,0.0,0.0,-0.036842105263157815
2026-09-30T01:11:15.004 0.6315789473684212,0.0,0.0,0.0,0.0,-0.036842105263157815
2026-09-30T01:11:15.054 0.6315789473684212,0.0,0.0,0.0,0.0,-0.036842105263157815
2026-09-30T01:11:15.114 0.5894736842105265,0.0,0.0,0.0,0.0,-0.036842105263157815
2026-09-30T01:11:15.164 0.5894736842105265,0.0,0.0,0.0,0.0,-0.036842105263157815
2026-09-30T01:11:15.204 0.5894736842105265,0.0,0.0,0.0,0.0,-0.036842105263157815
2026-09-30T01:11:15.264 0.5894736842105265,0.0,0.0,0.0,0.0,-0.036842105263157815
2026-09-30T01:11:15.304 0.5894736842105265,0.0,0.0,0.0,0.0,-0.036842105263157815
2026-09-30T01:11:15.354 0.5473684210526317,0.0,0.0,0.0,0.0,-0.036842105263157815
2026-09-30T01:11:15.404 0.5473684210526317,0.0,0.0,0.0,0.0,-0.036842105263157815
2026-09-30T01:11:15.454 0.5473684210526317,0.0,0.0,0.0,0.0,-0.036842105263157815
2026-09-30T01:11:15.505 0.5473684210526317,0.0,0.0,0.0,0.0,-0.036842105263157815
2026-09-30T01:11:15.566 0.5473684210526317,0.0,0.0,0.0,0.0,-0.036842105263157815
2026-09-30T01:11:15.604 0.505263157894737,0.0,0.0,0.0,0.0,-0.036842105263157815
2026-09-30T01:11:15.654 0.505263157894737,0.0,0.0,0.0,0.0,-0.036842105263157815
2026-09-30T01:11:15.704 0.505263157894737,0.0,0.0,0.0,0.0,-0.036842105263157815
2026-09-30T01:11:15.754 0.505263157894737,0.0,0.0,0.0,0.0,-0.036842105263157815
2026-09-30T01:11:15.804 0.505263157894737,0.0,0.0,0.0,0.0,-0.036842105263157815
2026-09-30T01:11:15.854 0.505263157894737,0.0,0.0,0.0,0.0,-0.036842105263157815
2026-09-30T01:11:15.904 0.505263157894737,0.0,0.0,0.0,0.0,-0.036842105263157815
2026-09-30T01:11:15.955 0.4631578947368422,0.0,0.0,0.0,0.0,-0.036842105263157815
2026-09-30T01:11:16.004 0.4631578947368422,0.0,0.0,0.0,0.0,-0.036842105263157815
2026-09-30T01:11:16.054 0.4631578947368422,0.0,0.0,0.0,0.0,-0.036842105263157815
2026-09-30T01:11:16.104 0.42105263157894746,0.0,0.0,0.0,0.0,-0.18421052631578938
2026-09-30T01:11:16.154 0.42105263157894746,0.0,0.0,0.0,0.0,-0.18421052631578938
2026-09-30T01:11:16.204 0.42105263157894746,0.0,0.0,0.0,0.0,-0.18421052631578938
2026-09-30T01:11:16.254 0.42105263157894746,0.0,0.0,0.0,0.0,-0.18421052631578938
2026-09-30T01:11:16.304 0.42105263157894746,0.0,0.0,0.0,0.0,-0.18421052631578938
2026-09-30T01:11:16.354 0.42105263157894746,0.0,0.0,0.0,0.0,-0.18421052631578938
2026-09-30T01:11:16.404 0.42105263157894746,0.0,0.0,0.0,0.0,-0.18421052631578938
2026-09-30T01:11:16.454 0.3789473684210527,0.0,0.0,0.0,0.0,-0.18421052631578938
2026-09-30T01:11:16.506 0.3789473684210527,0.0,0.0,0.0,0.0,-0.18421052631578938
2026-09-30T01:11:16.554 0.3789473684210527,0.0,0.0,0.0,0.0,-0.18421052631578938
2026-09-30T01:11:16.604 0.3789473684210527,0.0,0.0,0.0,0.0,-0.18421052631578938
2026-09-30T01:11:16.654 0.3789473684210527,0.0,0.0,0.0,0.0,-0.18421052631578938
2026-09-30T01:11:16.704 0.3789473684210527,0.0,0.0,0.0,0.0,-0.18421052631578938
2026-09-30T01:11:16.754 0.3789473684210527,0.0,0.0,0.0,0.0,-0.18421052631578938
2026-09-30T01:11:16.804 0.3789473684210527,0.0,0.0,0.0,0.0,-0.18421052631578938
2026-09-30T01:11:16.854 0.33684210526315794,0.0,0.0,0.0,0.0,-0.18421052631578938
2026-09-30T01:11:16.904 0.33684210526315794,0.0,0.0,0.0,0.0,-0.18421052631578938
2026-09-30T01:11:16.954 0.33684210526315794,0.0,0.0,0.0,0.0,-0.18421052631578938
2026-09-30T01:11:17.004 0.33684210526315794,0.0,0.0,0.0,0.0,-0.18421052631578938
2026-09-30T01:11:17.054 0.33684210526315794,0.0,0.0,0.0,0.0,-0.18421052631578938
2026-09-30T01:11:17.104 0.33684210526315794,0.0,0.0,0.0,0.0,-0.18421052631578938
2026-09-30T01:11:17.154 0.33684210526315794,0.0,0.0,0.0,0.0,-0.18421052631578938
2026-09-30T01:11:17.214 0.2947368421052632,0.0,0.0,0.0,0.0,-0.18421052631578938
2026-09-30T01:11:17.254 0.2947368421052632,0.0,0.0,0.0,0.0,-0.18421052631578938
2026-09-30T01:11:17.304 0.2947368421052632,0.0,0.0,0.0,0.0,-0.18421052631578938
2026-09-30T01:11:17.354 0.2947368421052632,0.0,0.0,0.0,0.0,-0.1105263157894736
2026-09-30T01:11:17.404 0.2947368421052632,0.0,0.0,0.0,0.0,-0.1105263157894736
2026-09-30T01:11:18.221 0.2947368421052632,0.0,0.0,0.0,0.0,-0.1105263157894736
2026-09-30T01:11:18.271 0.2947368421052632,0.0,0.0,0.0,0.0,-0.1105263157894736
2026-09-30T01:11:19.477 0.2947368421052632,0.0,0.0,0.0,0.0,-0.18421052631578938
2026-09-30T01:11:19.526 0.2947368421052632,0.0,0.0,0.0,0.0,-0.18421052631578938
2026-09-30T01:11:19.576 0.25263157894736843,0.0,0.0,0.0,0.0,-0.18421052631578938
2026-09-30T01:11:19.626 0.25263157894736843,0.0,0.0,0.0,0.0,-0.18421052631578938
2026-09-30T01:11:19.676 0.25263157894736843,0.0,0.0,0.0,0.0,-0.18421052631578938
2026-09-30T01:11:19.726 0.25263157894736843,0.0,0.0,0.0,0.0,-0.18421052631578938
2026-09-30T01:11:19.776 0.25263157894736843,0.0,0.0,0.0,0.0,-0.18421052631578938
2026-09-30T01:11:19.826 0.25263157894736843,0.0,0.0,0.0,0.0,-0.1105263157894736
2026-09-30T01:11:19.876 0.25263157894736843,0.0,0.0,0.0,0.0,-0.1105263157894736
2026-09-30T01:11:19.926 0.25263157894736843,0.0,0.0,0.0,0.0,-0.1105263157894736
2026-09-30T01:11:19.986 0.25263157894736843,0.0,0.0,0.0,0.0,-0.1105263157894736
2026-09-30T01:11:20.026 0.25263157894736843,0.0,0.0,0.0,0.0,-0.1105263157894736
2026-09-30T01:11:20.076 0.25263157894736843,0.0,0.0,0.0,0.0,-0.1105263157894736
2026-09-30T01:11:20.128 0.25263157894736843,0.0,0.0,0.0,0.0,-0.1105263157894736
2026-09-30T01:11:20.175 0.25263157894736843,0.0,0.0,0.0,0.0,-0.1105263157894736
2026-09-30T01:11:20.227 0.21052631578947367,0.0,0.0,0.0,0.0,-0.18421052631578938
2026-09-30T01:11:20.276 0.25263157894736843,0.0,0.0,0.0,0.0,-0.18421052631578938
2026-09-30T01:11:20.326 0.25263157894736843,0.0,0.0,0.0,0.0,-0.18421052631578938
2026-09-30T01:11:20.376 0.21052631578947367,0.0,0.0,0.0,0.0,-0.1105263157894736
2026-09-30T01:11:20.426 0.21052631578947367,0.0,0.0,0.0,0.0,-0.1105263157894736
2026-09-30T01:11:20.476 0.21052631578947367,0.0,0.0,0.0,0.0,-0.18421052631578938
2026-09-30T01:11:20.526 0.21052631578947367,0.0,0.0,0.0,0.0,-0.18421052631578938
2026-09-30T01:11:20.576 0.25263157894736843,0.0,0.0,0.0,0.0,-0.1105263157894736
2026-09-30T01:11:20.626 0.25263157894736843,0.0,0.0,0.0,0.0,-0.1105263157894736
2026-09-30T01:11:20.676 0.25263157894736843,0.0,0.0,0.0,0.0,-0.1105263157894736
2026-09-30T01:11:20.726 0.25263157894736843,0.0,0.0,0.0,0.0,-0.1105263157894736
2026-09-30T01:11:20.776 0.21052631578947367,0.0,0.0,0.0,0.0,-0.1105263157894736
2026-09-30T01:11:20.826 0.21052631578947367,0.0,0.0,0.0,0.0,-0.1105263157894736
2026-09-30T01:11:20.876 0.21052631578947367,0.0,0.0,0.0,0.0,-0.1105263157894736
2026-09-30T01:11:20.926 0.21052631578947367,0.0,0.0,0.0,0.0,-0.1105263157894736
2026-09-30T01:11:20.976 0.21052631578947367,0.0,0.0,0.0,0.0,-0.1105263157894736
2026-09-30T01:11:21.026 0.21052631578947367,0.0,0.0,0.0,0.0,-0.1105263157894736
2026-09-30T01:11:21.076 0.21052631578947367,0.0,0.0,0.0,0.0,-0.18421052631578938
2026-09-30T01:11:21.126 0.21052631578947367,0.0,0.0,0.0,0.0,-0.1105263157894736
2026-09-30T01:11:21.176 0.21052631578947367,0.0,0.0,0.0,0.0,-0.18421052631578938
2026-09-30T01:11:21.226 0.21052631578947367,0.0,0.0,0.0,0.0,-0.18421052631578938
2026-09-30T01:11:21.276 0.21052631578947367,0.0,0.0,0.0,0.0,-0.1105263157894736
2026-09-30T01:11:21.326 0.21052631578947367,0.0,0.0,0.0,0.0,-0.1105263157894736
2026-09-30T01:11:21.376 0.21052631578947367,0.0,0.0,0.0,0.0,-0.1105263157894736
2026-09-30T01:11:21.426 0.21052631578947367,0.0,0.0,0.0,0.0,-0.1105263157894736
2026-09-30T01:11:21.476 0.21052631578947367,0.0,0.0,0.0,0.0,-0.1105263157894736
2026-09-30T01:11:21.526 0.21052631578947367,0.0,0.0,0.0,0.0,-0.18421052631578938
2026-09-30T01:11:21.576 0.21052631578947367,0.0,0.0,0.0,0.0,-0.18421052631578938
2026-09-30T01:11:21.626 0.21052631578947367,0.0,0.0,0.0,0.0,-0.18421052631578938
2026-09-30T01:11:21.676 0.21052631578947367,0.0,0.0,0.0,0.0,-0.18421052631578938
2026-09-30T01:11:21.726 0.21052631578947367,0.0,0.0,0.0,0.0,-0.18421052631578938
2026-09-30T01:11:21.776 0.21052631578947367,0.0,0.0,0.0,0.0,-0.18421052631578938
2026-09-30T01:11:21.826 0.21052631578947367,0.0,0.0,0.0,0.0,-0.18421052631578938
2026-09-30T01:11:21.876 0.16842105263157894,0.0,0.0,0.0,0.0,-0.036842105263157815
2026-09-30T01:11:21.926 0.16842105263157894,0.0,0.0,0.0,0.0,-0.1105263157894736
2026-09-30T01:11:21.976 0.16842105263157894,0.0,0.0,0.0,0.0,-0.1105263157894736
2026-09-30T01:11:22.026 0.16842105263157894,0.0,0.0,0.0,0.0,-0.1105263157894736
2026-09-30T01:11:22.076 0.16842105263157894,0.0,0.0,0.0,0.0,-0.1105263157894736
2026-09-30T01:11:22.126 0.16842105263157894,0.0,0.0,0.0,0.0,-0.18421052631578938
2026-09-30T01:11:22.176 0.16842105263157894,0.0,0.0,0.0,0.0,-0.18421052631578938
2026-09-30T01:11:22.226 0.16842105263157894,0.0,0.0,0.0,0.0,-0.18421052631578938
2026-09-30T01:11:22.276 0.16842105263157894,0.0,0.0,0.0,0.0,-0.18421052631578938
2026-09-30T01:11:22.326 0.16842105263157894,0.0,0.0,0.0,0.0,-0.18421052631578938
2026-09-30T01:11:22.376 0.16842105263157894,0.0,0.0,0.0,0.0,-0.18421052631578938
2026-09-30T01:11:22.426 0.16842105263157894,0.0,0.0,0.0,0.0,-0.036842105263157815
2026-09-30T01:11:22.477 0.16842105263157894,0.0,0.0,0.0,0.0,-0.036842105263157815
2026-09-30T01:11:22.526 0.16842105263157894,0.0,0.0,0.0,0.0,-0.036842105263157815
2026-09-30T01:11:22.576 0.16842105263157894,0.0,0.0,0.0,0.0,-0.036842105263157815
2026-09-30T01:11:22.626 0.16842105263157894,0.0,0.0,0.0,0.0,-0.036842105263157815
2026-09-30T01:11:22.676 0.16842105263157894,0.0,0.0,0.0,0.0,-0.036842105263157815
2026-09-30T01:11:22.726 0.16842105263157894,0.0,0.0,0.0,0.0,-0.036842105263157815
2026-09-30T01:11:22.776 0.16842105263157894,0.0,0.0,0.0,0.0,-0.18421052631578938
2026-09-30T01:11:22.825 0.16842105263157894,0.0,0.0,0.0,0.0,-0.1105263157894736
2026-09-30T01:11:22.876 0.12631578947368421,0.0,0.0,0.0,0.0,-0.036842105263157815
2026-09-30T01:11:22.926 0.12631578947368421,0.0,0.0,0.0,0.0,-0.036842105263157815
2026-09-30T01:11:22.976 0.12631578947368421,0.0,0.0,0.0,0.0,-0.036842105263157815
2026-09-30T01:11:23.026 0.12631578947368421,0.0,0.0,0.0,0.0,-0.036842105263157815
2026-09-30T01:11:23.076 0.12631578947368421,0.0,0.0,0.0,0.0,-0.036842105263157815
2026-09-30T01:11:23.126 0.12631578947368421,0.0,0.0,0.0,0.0,-0.036842105263157815
2026-09-30T01:11:23.176 0.0013157894736842146,0.0,0.0,0.0,0.0,0.12315789473684219
2026-09-30T01:11:23.226 0.0,0.0,0.0,0.0,0.0,0.18421052631578955
2026-09-30T01:11:23.276 0.0,0.0,0.0,0.0,0.0,0.18421052631578955
2026-09-30T01:11:23.326 0.0,0.0,0.0,0.0,0.0,0.18421052631578955
2026-09-30T01:11:23.376 0.0,0.0,0.0,0.0,0.0,0.18421052631578955
2026-09-30T01:11:23.426 0.0,0.0,0.0,0.0,0.0,0.18421052631578955
2026-09-30T01:11:23.476 0.0,0.0,0.0,0.0,0.0,0.18421052631578955
2026-09-30T01:11:23.526 0.0,0.0,0.0,0.0,0.0,0.18421052631578955
2026-09-30T01:11:23.576 0.0,0.0,0.0,0.0,0.0,0.18421052631578955
2026-09-30T01:11:23.626 0.0,0.0,0.0,0.0,0.0,0.18421052631578955
2026-09-30T01:11:23.676 0.0,0.0,0.0,0.0,0.0,0.18421052631578955
2026-09-30T01:11:23.726 0.0,0.0,0.0,0.0,0.0,0.18421052631578955
2026-09-30T01:11:23.776 0.0,0.0,0.0,0.0,0.0,0.18421052631578955
2026-09-30T01:11:23.826 0.0,0.0,0.0,0.0,0.0,0.18421052631578955
2026-09-30T01:11:23.878 0.0,0.0,0.0,0.0,0.0,0.18421052631578955
2026-09-30T01:11:23.928 0.0,0.0,0.0,0.0,0.0,0.18421052631578955
2026-09-30T01:11:23.976 0.0,0.0,0.0,0.0,0.0,0.18421052631578955
2026-09-30T01:11:24.026 0.0,0.0,0.0,0.0,0.0,0.18421052631578955
2026-09-30T01:11:24.076 0.0,0.0,0.0,0.0,0.0,0.18421052631578955
2026-09-30T01:11:24.126 0.0,0.0,0.0,0.0,0.0,0.18421052631578955
2026-09-30T01:11:24.176 0.0,0.0,0.0,0.0,0.0,0.18421052631578955
2026-09-30T01:11:24.226 0.0,0.0,0.0,0.0,0.0,0.18421052631578955
2026-09-30T01:11:24.276 0.0,0.0,0.0,0.0,0.0,0.18421052631578955
2026-09-30T01:11:24.326 0.0,0.0,0.0,0.0,0.0,0.18421052631578955
2026-09-30T01:11:24.376 0.0,0.0,0.0,0.0,0.0,0.18421052631578955
2026-09-30T01:11:24.426 0.0,0.0,0.0,0.0,0.0,0.18421052631578955
2026-09-30T01:11:24.476 0.0,0.0,0.0,0.0,0.0,0.18421052631578955
2026-09-30T01:11:24.526 0.0,0.0,0.0,0.0,0.0,0.18421052631578955
2026-09-30T01:11:24.576 0.0,0.0,0.0,0.0,0.0,0.18421052631578955
2026-09-30T01:11:24.626 0.0,0.0,0.0,0.0,0.0,0.18421052631578955
2026-09-30T01:11:24.676 0.0,0.0,0.0,0.0,0.0,0.18421052631578955
2026-09-30T01:11:24.726 0.0,0.0,0.0,0.0,0.0,0.18421052631578955
2026-09-30T01:11:24.776 0.0,0.0,0.0,0.0,0.0,0.18421052631578955
2026-09-30T01:11:24.826 0.0,0.0,0.0,0.0,0.0,0.18421052631578955
2026-09-30T01:11:24.876 0.0,0.0,0.0,0.0,0.0,0.18421052631578955
2026-09-30T01:11:24.926 0.0,0.0,0.0,0.0,0.0,0.18421052631578955
2026-09-30T01:11:24.976 0.0,0.0,0.0,0.0,0.0,0.18421052631578955
2026-09-30T01:11:25.036 0.0,0.0,0.0,0.0,0.0,0.18421052631578955
2026-09-30T01:11:25.076 0.0,0.0,0.0,0.0,0.0,0.18421052631578955
2026-09-30T01:11:25.126 0.0,0.0,0.0,0.0,0.0,0.18421052631578955
2026-09-30T01:11:25.176 0.0,0.0,0.0,0.0,0.0,0.18421052631578955
2026-09-30T01:11:25.226 0.0,0.0,0.0,0.0,0.0,0.18421052631578955
2026-09-30T01:11:25.276 0.0,0.0,0.0,0.0,0.0,0.18421052631578955
2026-09-30T01:11:25.326 0.0,0.0,0.0,0.0,0.0,0.18421052631578955
2026-09-30T01:11:25.376 0.0,0.0,0.0,0.0,0.0,0.18421052631578955
2026-09-30T01:11:25.426 0.0,0.0,0.0,0.0,0.0,0.18421052631578955
2026-09-30T01:11:25.476 0.0,0.0,0.0,0.0,0.0,0.18421052631578955
2026-09-30T01:11:25.526 0.0,0.0,0.0,0.0,0.0,0.18421052631578955
2026-09-30T01:11:25.576 0.0,0.0,0.0,0.0,0.0,0.18421052631578955
2026-09-30T01:11:25.626 0.0,0.0,0.0,0.0,0.0,0.18421052631578955
2026-09-30T01:11:25.676 0.0,0.0,0.0,0.0,0.0,0.18421052631578955
2026-09-30T01:11:25.726 0.0,0.0,0.0,0.0,0.0,0.18421052631578955
2026-09-30T01:11:25.776 0.0,0.0,0.0,0.0,0.0,0.18421052631578955
2026-09-30T01:11:25.826 0.0,0.0,0.0,0.0,0.0,0.18421052631578955
2026-09-30T01:11:25.876 0.0,0.0,0.0,0.0,0.0,0.18421052631578955
2026-09-30T01:11:25.926 0.0,0.0,0.0,0.0,0.0,0.18421052631578955
2026-09-30T01:11:25.976 0.0,0.0,0.0,0.0,0.0,0.18421052631578955
2026-09-30T01:11:26.026 0.0,0.0,0.0,0.0,0.0,0.18421052631578955
2026-09-30T01:11:26.076 0.0,0.0,0.0,0.0,0.0,0.18421052631578955
2026-09-30T01:11:26.126 0.0,0.0,0.0,0.0,0.0,0.18421052631578955
2026-09-30T01:11:26.176 0.0,0.0,0.0,0.0,0.0,0.18421052631578955
2026-09-30T01:11:26.226 0.0,0.0,0.0,0.0,0.0,0.18421052631578955
2026-09-30T01:11:26.276 0.0,0.0,0.0,0.0,0.0,0.18421052631578955
2026-09-30T01:11:26.326 0.0,0.0,0.0,0.0,0.0,0.18421052631578955
2026-09-30T01:11:26.376 0.0,0.0,0.0,0.0,0.0,0.18421052631578955
2026-09-30T01:11:26.426 0.0,0.0,0.0,0.0,0.0,0.18421052631578955
2026-09-30T01:11:26.476 0.0,0.0,0.0,0.0,0.0,0.18421052631578955
2026-09-30T01:11:26.536 0.0,0.0,0.0,0.0,0.0,0.18421052631578955
2026-09-30T01:11:26.576 0.0,0.0,0.0,0.0,0.0,0.18421052631578955
2026-09-30T01:11:26.636 0.0,0.0,0.0,0.0,0.0,0.18421052631578955
2026-09-30T01:11:26.676 0.0,0.0,0.0,0.0,0.0,0.18421052631578955
2026-09-30T01:11:26.726 0.0,0.0,0.0,0.0,0.0,0.18421052631578955
2026-09-30T01:11:26.776 0.0,0.0,0.0,0.0,0.0,0.18421052631578955
2026-09-30T01:11:26.826 0.0,0.0,0.0,0.0,0.0,0.18421052631578955
2026-09-30T01:11:26.876 0.0,0.0,0.0,0.0,0.0,0.18421052631578955
2026-09-30T01:11:26.926 0.0,0.0,0.0,0.0,0.0,0.18421052631578955
2026-09-30T01:11:26.976 0.0,0.0,0.0,0.0,0.0,0.18421052631578955
2026-09-30T01:11:27.026 0.0,0.0,0.0,0.0,0.0,0.18421052631578955
2026-09-30T01:11:27.076 0.0,0.0,0.0,0.0,0.0,0.18421052631578955
2026-09-30T01:11:27.126 0.0,0.0,0.0,0.0,0.0,0.18421052631578955
2026-09-30T01:11:27.176 0.0,0.0,0.0,0.0,0.0,0.18421052631578955
2026-09-30T01:11:27.226 0.0,0.0,0.0,0.0,0.0,0.18421052631578955
2026-09-30T01:11:27.276 0.0,0.0,0.0,0.0,0.0,0.18421052631578955
2026-09-30T01:11:27.326 0.0,0.0,0.0,0.0,0.0,0.18421052631578955
2026-09-30T01:11:27.376 0.0,0.0,0.0,0.0,0.0,0.18421052631578955
2026-09-30T01:11:27.426 0.0,0.0,0.0,0.0,0.0,0.024210526315789543
2026-09-30T01:11:27.476 0.0,0.0,0.0,0.0,0.0,0.0
2026-09-30T01:11:27.526 0.0,0.0,0.0,0.0,0.0,0.0
2026-09-30T01:11:27.576 0.0,0.0,0.0,0.0,0.0,0.0
2026-09-30T01:11:27.626 0.0,0.0,0.0,0.0,0.0,0.0
2026-09-30T01:11:27.676 0.0,0.0,0.0,0.0,0.0,0.0
2026-09-30T01:11:27.726 0.0,0.0,0.0,0.0,0.0,0.0
2026-09-30T01:11:27.776 0.0,0.0,0.0,0.0,0.0,0.0
2026-09-30T01:11:27.826 0.0,0.0,0.0,0.0,0.0,0.0
2026-09-30T01:11:27.876 0.0,0.0,0.0,0.0,0.0,0.0
2026-09-30T01:11:27.926 0.0,0.0,0.0,0.0,0.0,0.0
2026-09-30T01:11:27.976 0.0,0.0,0.0,0.0,0.0,0.0
2026-09-30T01:11:28.026 0.0,0.0,0.0,0.0,0.0,0.0
2026-09-30T01:11:28.076 0.0,0.0,0.0,0.0,0.0,0.0
2026-09-30T01:11:28.127 0.0,0.0,0.0,0.0,0.0,0.0
2026-09-30T01:11:28.176 0.0,0.0,0.0,0.0,0.0,0.0
2026-09-30T01:11:28.226 0.0,0.0,0.0,0.0,0.0,0.0
2026-09-30T01:11:28.276 0.0,0.0,0.0,0.0,0.0,0.0
2026-09-30T01:11:28.326 0.0,0.0,0.0,0.0,0.0,0.0
2026-09-30T01:11:28.376 0.0,0.0,0.0,0.0,0.0,0.0
2026-09-30T01:11:28.426 0.0,0.0,0.0,0.0,0.0,0.0
2026-09-30T01:11:28.476 0.0,0.0,0.0,0.0,0.0,0.0
2026-09-30T01:11:28.526 0.0,0.0,0.0,0.0,0.0,0.0
2026-09-30T01:11:28.575 0.0,0.0,0.0,0.0,0.0,0.0
2026-09-30T01:11:28.626 0.0,0.0,0.0,0.0,0.0,0.0
2026-09-30T01:11:28.677 0.0,0.0,0.0,0.0,0.0,0.0
2026-09-30T01:11:28.726 0.0,0.0,0.0,0.0,0.0,0.0
2026-09-30T01:11:28.776 0.0,0.0,0.0,0.0,0.0,0.0
2026-09-30T01:11:28.826 0.0,0.0,0.0,0.0,0.0,0.0
2026-09-30T01:11:28.876 0.0,0.0,0.0,0.0,0.0,0.0
2026-09-30T01:11:28.926 0.0,0.0,0.0,0.0,0.0,0.0
2026-09-30T01:11:28.976 0.0,0.0,0.0,0.0,0.0,0.0
2026-09-30T01:11:29.026 0.0,0.0,0.0,0.0,0.0,0.0
2026-09-30T01:11:29.076 0.0,0.0,0.0,0.0,0.0,0.0
2026-09-30T01:11:29.127 0.0,0.0,0.0,0.0,0.0,0.0
2026-09-30T01:11:29.176 0.0,0.0,0.0,0.0,0.0,0.0
2026-09-30T01:11:29.236 0.0,0.0,0.0,0.0,0.0,0.0
2026-09-30T01:11:29.276 0.0,0.0,0.0,0.0,0.0,0.0
2026-09-30T01:11:29.326 0.0,0.0,0.0,0.0,0.0,0.0
2026-09-30T01:11:29.376 0.0,0.0,0.0,0.0,0.0,0.0
2026-09-30T01:11:29.426 0.0,0.0,0.0,0.0,0.0,0.0
2026-09-30T01:11:29.476 0.0,0.0,0.0,0.0,0.0,0.0
2026-09-30T01:11:29.526 0.0,0.0,0.0,0.0,0.0,0.0
2026-09-30T01:11:29.576 0.0,0.0,0.0,0.0,0.0,0.0
2026-09-30T01:11:29.625 0.0,0.0,0.0,0.0,0.0,0.0
2026-09-30T01:11:29.676 0.0,0.0,0.0,0.0,0.0,0.0
2026-09-30T01:11:29.726 0.0,0.0,0.0,0.0,0.0,0.0
2026-09-30T01:11:29.776 0.0,0.0,0.0,0.0,0.0,0.0
2026-09-30T01:11:29.826 0.0,0.0,0.0,0.0,0.0,0.0
2026-09-30T01:11:29.876 0.0,0.0,0.0,0.0,0.0,0.0
2026-09-30T01:11:29.926 0.0,0.0,0.0,0.0,0.0,0.0
2026-09-30T01:11:29.976 0.0,0.0,0.0,0.0,0.0,0.0
2026-09-30T01:11:30.026 0.0,0.0,0.0,0.0,0.0,0.0
2026-09-30T01:11:30.076 0.0,0.0,0.0,0.0,0.0,0.0
