2026-09-30T02:16:04.796 0.00793646780019121,-9.133579984384956e-07,-1.2518609661494087e-05,-3.488889647360041e-07,1.2735590152920615e-07,-5.39740463423251e-06,0.999999999985365
2026-09-30T02:16:04.866 0.0079531571209833,-4.3631071503228563e-07,-1.2515195006859144e-05,-1.5440638665662424e-07,-1.1222643086853127e-07,-1.4211395365516086e-05,0.9999999998989999
2026-09-30T02:16:04.926 0.007972230653399533,-3.764659251763642e-07,-1.2500648791769499e-05,-3.427226249318336e-07,6.14638686565944e-08,-3.515505712551474e-06,0.99999999999376
2026-09-30T02:16:05.032 0.007991780858956594,-4.358244405772834e-07,-1.2591164485230102e-05,-2.299225056612425e-07,1.562276095283755e-07,4.898381376126144e-06,0.9999999999879643
2026-09-30T02:16:05.102 0.008010377559313346,-7.336135227674415e-07,-1.257586428157332e-05,-4.272478478541723e-07,1.2735464217798528e-07,-5.2675945176792e-06,0.9999999999860268
2026-09-30T02:16:05.169 0.008029927759617299,-3.7573952477370125e-07,-1.2666380043278669e-05,-3.900527660044853e-07,7.822983446272858e-08,-1.5178904956367376e-06,0.9999999999987689
2026-09-30T02:16:05.240 0.008045663463411063,-6.13959979991766e-07,-1.2631655126373141e-05,-2.626476394735498e-07,7.555071111003627e-08,1.7639865045406107e-06,0.9999999999984068
2026-09-30T02:16:05.305 0.008065690667450692,-4.3489389375034195e-07,-1.261861679092527e-05,-3.8655767269648376e-07,4.446769357072615e-08,-3.0074565911184705e-06,0.9999999999954019
2026-09-30T02:16:05.366 0.008084763965764666,-4.942584207751733e-07,-1.2753081982018713e-05,-4.595395328969447e-07,1.4166810507983156e-07,-1.6638371716120375e-06,0.9999999999985002
2026-09-30T02:16:05.429 0.008102407038616874,-6.728502148002873e-07,-1.2706471652580832e-05,-3.058943457450732e-07,6.984673701058658e-08,6.631637843763567e-07,0.9999999999997309
2026-09-30T02:16:05.502 0.008121003637227927,-3.7459286021955774e-07,-1.2750776116689177e-05,-3.1283336953785117e-07,7.182528709733322e-08,-2.517062537967174e-06,0.9999999999967807
2026-09-30T02:16:05.568 0.008140077083657785,-9.70399173776727e-07,-1.2795834364630423e-05,-2.749574731475543e-07,1.2514122182575376e-07,-2.3074674378362204e-06,0.9999999999972922
2026-09-30T02:16:05.631 0.008155812757137238,-6.721778287927431e-07,-1.2776010678036296e-05,-2.2345617770688504e-07,-5.995614939658769e-08,-1.1125210679498144e-05,0.9999999999380881
2026-09-30T02:16:05.690 0.008175363003811373,-2.546991805604529e-07,-1.2836724164354578e-05,-3.9708209474233563e-07,4.318685549849388e-08,-6.892644804505379e-06,0.999999999976166
2026-09-30T02:16:05.762 0.008193482752806187,-7.909128589250701e-07,-1.2895175704469951e-05,-3.7329842715645254e-07,9.731970500145751e-08,-4.479769909004576e-06,0.9999999999898914
2026-09-30T02:16:05.818 0.008210648882847888,-1.5836350977388293e-08,-1.2907416171221052e-05,-3.73552534674751e-07,1.5247403647876046e-08,-7.765171015524151e-06,0.9999999999697812
2026-09-30T02:16:05.892 0.008230676216696198,-7.904445673969036e-07,-1.2819871966944403e-05,-2.7676930545163546e-07,6.1676508372528545e-09,-7.56701517076335e-06,0.9999999999713318
2026-09-30T02:16:05.949 0.008246888560314703,-3.7300794858709786e-07,-1.2905110227897525e-05,-2.1396061816574517e-07,3.515553432839713e-08,-5.863285286914327e-06,0.9999999999827874
2026-09-30T02:16:06.040 0.008266915554562833,-3.7275582126314994e-07,-1.3026182146315336e-05,-2.857159609520775e-07,1.0453749389095807e-07,2.9262154742922167e-06,0.9999999999956724
2026-09-30T02:16:06.095 0.008286942744047477,-9.089454750036556e-07,-1.3028044836444634e-05,-3.5792935701133364e-07,8.567744261176949e-08,-2.7197362158993687e-06,0.9999999999962338
2026-09-30T02:16:06.162 0.008305062556218792,-8.4911269745979e-07,-1.3041793046348027e-05,-2.9178965744287617e-07,1.1454861784742567e-07,-2.9828188756042915e-06,0.9999999999955023
2026-09-30T02:16:06.217 0.008325566384777735,-6.700406324017594e-07,-1.3163618924085223e-05,-4.18921310158255e-07,1.432596195109232e-07,9.565998256112665e-08,0.9999999999998974
2026-09-30T02:16:06.281 0.008343209354383353,-1.3337670011465445e-07,-1.3176613281910967e-05,-4.019890767548124e-07,8.765519855432547e-08,-1.618312532355197e-06,0.9999999999986059
2026-09-30T02:16:06.320 0.008359898827793996,-5.50399071864776e-07,-1.3083791625628335e-05,-2.7928755795435603e-07,1.0241709306222756e-08,-1.3104402081249165e-05,0.9999999999140983
2026-09-30T02:16:06.393 0.008378972243159097,-5.50158940449231e-07,-1.3143751113630234e-05,-2.450879292824524e-07,3.839590443285727e-09,-6.958545699197062e-06,0.9999999999757593
2026-09-30T02:16:06.429 0.008397091964841376,-7.883493976944622e-07,-1.3217103845060012e-05,-4.235123260121211e-07,2.5375465078911862e-08,-4.6938497471734215e-06,0.9999999999888939
2026-09-30T02:16:06.505 0.008415688723871965,-1.3246415535214378e-07,-1.315710036968674e-05,-1.864560717605309e-07,-7.336002447429096e-09,-8.191589770683557e-06,0.9999999999664315
2026-09-30T02:16:06.546 0.008435715862483761,-3.7063059070720554e-07,-1.3188765393698604e-05,-2.3385559595735887e-07,1.152297539045928e-08,-8.062273328309146e-06,0.9999999999674725
2026-09-30T02:16:06.617 0.008450974515421218,-4.300431396408385e-07,-1.3287396859082611e-05,-3.1735960625786434e-07,9.615654676485561e-08,-6.167276669904018e-06,0.9999999999809274
2026-09-30T02:16:06.658 0.00847195528003667,-6.681975736196131e-07,-1.3350372028374069e-05,-3.1796283473893453e-07,1.034916193249918e-07,3.6689990153815056e-06,0.9999999999932133
2026-09-30T02:16:06.735 0.008490075115017856,-5.487601485711396e-07,-1.334921910545855e-05,-3.074934843887261e-07,4.830004456581514e-07,-5.598212471710111e-05,0.9999999984328369
2026-09-30T02:16:06.784 0.008507718213681712,-9.061658741743085e-07,-1.3287707604204765e-05,-3.379268857843785e-07,-3.5955318526213756e-07,-0.0001656387351267106,0.9999999862817829
2026-09-30T02:16:06.849 0.00852583791855767,-1.6807981370894725e-06,-1.3375961390459463e-05,-4.559092700502193e-07,4.235610833670438e-09,-0.0002661179742475764,0.9999999645905073
2026-09-30T02:16:06.908 0.008544911437919807,-2.4554183767568125e-06,-1.3376316181448486e-05,-7.072692752584412e-07,-4.857039431734858e-07,-0.00045392889837390276,0.9999998969739042
2026-09-30T02:16:06.962 0.00856398478305786,-4.362526888938336e-06,-1.3495879927747045e-05,-7.993459269629951e-07,2.2481355349666663e-06,-0.000835911162538308,0.9999996506233566
2026-09-30T02:16:07.003 0.008584965558633428,-7.342494985101672e-06,-1.3573755791141204e-05,-1.673183478133784e-06,7.566291806307247e-07,-0.0013385256350032526,0.999999104172475
2026-09-30T02:16:07.075 0.008604993109027235,-8.474731045539703e-06,-1.335210124525563e-05,-3.5178502927661035e-06,-6.478838540366738e-07,-0.002028516149337403,0.9999979425526019
2026-09-30T02:16:07.125 0.008626927323170932,-9.666547816344378e-06,-1.3565595544383971e-05,-4.443040318842213e-06,2.3570886180551807e-06,-0.0028346231010625343,0.9999959824352188
2026-09-30T02:16:07.192 0.008650769477824177,-1.1275573018506813e-05,-1.3409576931350155e-05,-6.213399284100264e-06,1.7118209315425846e-06,-0.003680348795380587,0.9999932274726703
2026-09-30T02:16:07.234 0.008681763792687877,-1.1990438541521055e-05,-1.3503285696720209e-05,-7.2314978402110365e-06,1.6027667519656755e-06,-0.004561552437514092,0.999989596038127
2026-09-30T02:16:07.305 0.008714665535737756,-1.3599349714205113e-05,-1.3555306608433607e-05,-8.593064164500453e-06,2.8922916877159743e-06,-0.00545829516848313,0.9999851033548688
2026-09-30T02:16:07.349 0.008755196567289337,-1.5029350908759567e-05,-1.3678995000813621e-05,-1.0368398608203082e-05,2.653514309654526e-06,-0.006385837822670492,0.9999796102725084
2026-09-30T02:16:07.426 0.008800019247202669,-1.6578507348386874e-05,-1.3734963031499097e-05,-1.1508745168208817e-05,2.8946289875107117e-06,-0.007325527763377323,0.9999731678910979
2026-09-30T02:16:07.467 0.008849610288985213,-1.7829580529939992e-05,-1.3798470411647212e-05,-1.3019352674913794e-05,2.7102342676314044e-06,-0.008274249386484593,0.9999657677241963
2026-09-30T02:16:07.553 0.00890301583928505,-1.943823357461196e-05,-1.3987218314418223e-05,-1.456972874848891e-05,3.0633416516471607e-06,-0.009233645807176494,0.9999573688730168
2026-09-30T02:16:07.590 0.00895975960792994,-2.176210029156818e-05,-1.3957726472177334e-05,-1.648696554918582e-05,3.0415555398115723e-06,-0.010203646917766965,0.9999479412991991
2026-09-30T02:16:07.675 0.009018887297970752,-2.390712308717534e-05,-1.409591687779214e-05,-1.765329480882756e-05,3.1996954479027454e-06,-0.011185038707369805,0.999937445337076
2026-09-30T02:16:07.723 0.009084690866304663,-2.6171271105277032e-05,-1.4140354286934288e-05,-1.8971063921616916e-05,3.1273789075633376e-06,-0.01217545397122382,0.9999258762282897
2026-09-30T02:16:07.815 0.009152878483591843,-2.9031435570378607e-05,-1.4277968104351095e-05,-2.089375622571614e-05,3.393978542783993e-06,-0.013177285851028807,0.9999131755755257
2026-09-30T02:16:07.866 0.009227741925297493,-3.147428346050662e-05,-1.4351631298174804e-05,-2.241602311705516e-05,3.7322772028316838e-06,-0.01426274526660465,0.9998982816172113
2026-09-30T02:16:07.934 0.009306419823600596,-3.576482734122193e-05,-1.4595238198594655e-05,-2.4641425512754125e-05,3.6204446672080525e-06,-0.015536992610152185,0.9998792933351128
2026-09-30T02:16:07.975 0.009387958819461941,-4.065138164090956e-05,-1.4798665154247373e-05,-2.633325353694862e-05,3.9116995048385305e-06,-0.01705816856272554,0.9998544985029292
2026-09-30T02:16:08.054 0.009475697050789872,-4.607429965803694e-05,-1.4788375974565782e-05,-3.0144689382676946e-05,5.530012225009891e-06,-0.01887613592884373,0.9998218294041756
2026-09-30T02:16:08.100 0.009565342351646147,-5.197403085244861e-05,-1.4959916147994663e-05,-3.3477750175535384e-05,7.3771495458051214e-06,-0.021019103751783428,0.9997790736469181
2026-09-30T02:16:08.168 0.009659756211859487,-5.8290934504162536e-05,-1.5019786413349922e-05,-3.726201627765125e-05,1.0189627283671787e-05,-0.02351115159748734,0.9997235739234489
2026-09-30T02:16:08.211 0.009760845836770463,-6.693233525128927e-05,-1.5075310176919262e-05,-4.180417471855256e-05,1.2672096949834091e-05,-0.026365366190910105,0.9996523723562347
2026-09-30T02:16:08.285 0.009870995378875489,-7.736176127651637e-05,-1.514515831937228e-05,-4.6855885407623376e-05,1.598983291038713e-05,-0.02959036062350536,0.9995621081788876
2026-09-30T02:16:08.321 0.009993065836238435,-8.975799049635722e-05,-1.524875553445922e-05,-5.228135098639879e-05,1.8725816941736052e-05,-0.033192358125814656,0.9994489803276863
2026-09-30T02:16:08.395 0.010126580616905639,-0.00010483628462414248,-1.523633634943587e-05,-5.848629324138885e-05,2.1206670998505965e-05,-0.03716731087271353,0.99930905486347
2026-09-30T02:16:08.434 0.010272493154192123,-0.00012039125982111885,-1.5243519268281155e-05,-6.497247681112631e-05,2.3438199893049556e-05,-0.04144607227061995,0.9991407399974073
2026-09-30T02:16:08.510 0.010429849568183875,-0.00013684016063213064,-1.5402906645720474e-05,-7.204254511734713e-05,2.3470719775371887e-05,-0.04593939154605672,0.9989442259522676
2026-09-30T02:16:08.548 0.0105976966443627,-0.00015692481267426164,-1.5444769606918246e-05,-7.907005907859331e-05,2.214492038781045e-05,-0.0505959458558032,0.9987192015378922
2026-09-30T02:16:08.621 0.010775080233144914,-0.00018022799549564025,-1.5665623211339095e-05,-8.662641306248175e-05,1.959426636351545e-05,-0.05538099640762562,0.9984652910085697
2026-09-30T02:16:08.678 0.01096295421144275,-0.00020609404597233947,-1.5932865143254622e-05,-9.442308785530087e-05,1.5958209702955273e-05,-0.06027267224691378,0.998181945243367
2026-09-30T02:16:08.734 0.011158457718505444,-0.00023589390693821348,-1.6152564742593304e-05,-0.00010252731393770041,1.2220115995378763e-05,-0.06525707053716365,0.9978684803538622
2026-09-30T02:16:08.774 0.011360636803284153,-0.0002681374743109132,-1.648712696119284e-05,-0.0001106599514891436,7.627801235564538e-06,-0.07032119768552851,0.9975243941138806
2026-09-30T02:16:08.848 0.011569968530893619,-0.00030413604424736564,-1.6803195231527954e-05,-0.00011917301545271507,2.93902789975497e-06,-0.07545862356550168,0.997148926649753
2026-09-30T02:16:08.884 0.011781207947057067,-0.00034299561308358045,-1.6928563900799605e-05,-0.00012770180742604256,-1.6830416954016355e-06,-0.08066270254942068,0.9967414469694934
2026-09-30T02:16:08.959 0.011993877621701824,-0.00038435855902270433,-1.7235007661635615e-05,-0.0001363482195458682,-6.158747600860197e-06,-0.08592653532002296,0.9963014663740738
2026-09-30T02:16:08.998 0.012207501100483884,-0.0004286421205378108,-1.748335423462907e-05,-0.00014498719830547747,-1.0767908584618699e-05,-0.09124488421956614,0.9958284741693835
2026-09-30T02:16:09.072 0.012422077962319363,-0.0004760847162571936,-1.7941824147009816e-05,-0.0001540553126493068,-1.567722416157671e-05,-0.09661222802338196,0.9953220852656407
2026-09-30T02:16:09.112 0.012629979487748985,-0.0005234081866912012,-1.815132077679557e-05,-0.00016290214641002864,-1.875088954875515e-05,-0.10202657794423214,0.9947816597144744
2026-09-30T02:16:09.183 0.01282023784233292,-0.0005702550421182661,-1.8467032355038087e-05,-0.00017202124377693688,-2.129569034922931e-05,-0.10748829867582377,0.9942063345216435
2026-09-30T02:16:09.221 0.01299333011533932,-0.0006142410907113324,-1.8710899490961057e-05,-0.0001812186017328301,-2.48982252336944e-05,-0.11299095306843614,0.9935959999238037
2026-09-30T02:16:09.293 0.01314687214976912,-0.0006555451764190884,-1.886425136239039e-05,-0.00019054154934567623,-2.7362992939661126e-05,-0.11853078599291521,0.9929503591404186
2026-09-30T02:16:09.330 0.01328229400916366,-0.0006942864905727542,-1.921247144883751e-05,-0.00019976291560443605,-2.9952175783798207e-05,-0.12410206813031577,0.9922694371406504
2026-09-30T02:16:09.403 0.01340198069118889,-0.0007296901426775127,-1.9237789537515308e-05,-0.0002091540557685694,-3.1597192230515566e-05,-0.1296995987588411,0.9915533113948004
2026-09-30T02:16:09.443 0.013501162992104377,-0.0007606833092574008,-1.9454206493079418e-05,-0.0002184836043602706,-3.4030416684928455e-05,-0.1353187065450155,0.990802098688648
2026-09-30T02:16:09.534 0.01357030473740602,-0.0007847031105873729,-1.94741155691108e-05,-0.00022790995342227328,-3.5376915581108876e-05,-0.14095682836378085,0.9900157167152199
2026-09-30T02:16:09.572 0.013610836207477207,-0.0008003786218520432,-1.9433889063170528e-05,-0.00023718572787481413,-3.665391552774166e-05,-0.14661031362414195,0.9891942975666872
2026-09-30T02:16:09.643 0.013625618043224869,-0.0008075905977850805,-1.9576468856277482e-05,-0.00024690214391784267,-3.8017985165046e-05,-0.1522743189773131,0.9883382363209265
2026-09-30T02:16:09.688 0.013613697215157658,-0.0008069350967672195,-1.94980161414556e-05,-0.00025629677061422856,-3.899361544723215e-05,-0.15794519423847325,0.9874478459181701
2026-09-30T02:16:09.755 0.013582702662875226,-0.0007985908367299638,-1.9493715479398385e-05,-0.0002656965629184442,-4.019726006095751e-05,-0.16361888602907976,0.9865235871098672
2026-09-30T02:16:09.798 0.013527866249605282,-0.0007820214358772586,-1.9407016231451095e-05,-0.00027528424047106655,-4.110425231816918e-05,-0.16929129638059667,0.9855660198580328
2026-09-30T02:16:09.873 0.013453956530202227,-0.0007572864387977822,-1.912624854803561e-05,-0.00028445226983361154,-4.2155467185421166e-05,-0.17495919221713732,0.9845756438022167
2026-09-30T02:16:09.915 0.013363833898416637,-0.000725220274571608,-1.905826672243256e-05,-0.000293720328185253,-4.2799472571946915e-05,-0.1806198164091816,0.9835529440842966
2026-09-30T02:16:09.987 0.013259406121580974,-0.000685584500556754,-1.8937865947698647e-05,-0.0003033187984382628,-4.387428536038245e-05,-0.18627029284592994,0.9824984906226804
2026-09-30T02:16:10.027 0.013142580685508267,-0.0006401076274242114,-1.8693555948551405e-05,-0.00031237825722568095,-4.453732358425749e-05,-0.19191062221432093,0.9814123565135928
2026-09-30T02:16:10.095 0.01301192675171467,-0.0005870015338766677,-1.8516790080639462e-05,-0.0003218181237052832,-4.438825898450871e-05,-0.19753740631697495,0.9802952961064029
2026-09-30T02:16:10.136 0.0128717362016172,-0.0005280543051881689,-1.8205737426175868e-05,-0.0003310115885642635,-4.529191172401503e-05,-0.20315027311882192,0.9791475143775421
2026-09-30T02:16:10.213 0.012722008519890714,-0.0004635043599979445,-1.8088223082663125e-05,-0.0003402257042547884,-4.556598547645152e-05,-0.20874876047129848,0.9779692414242421
2026-09-30T02:16:10.253 0.012563221096537798,-0.000392398017920627,-1.7807373714525042e-05,-0.00034951731764138935,-4.5754658234578717e-05,-0.21433157192533434,0.9767608985929828
2026-09-30T02:16:10.325 0.012398234506287112,-0.0003149736615667117,-1.7650834571989484e-05,-0.0003586276516463813,-4.625632914803205e-05,-0.21989754539189588,0.9755229053062663
2026-09-30T02:16:10.373 0.012228956684848991,-0.00023313861548955662,-1.7263993641731223e-05,-0.0003676718444742774,-4.675814335989652e-05,-0.22538573492178532,0.9742695382310059
2026-09-30T02:16:10.434 0.01205729433003986,-0.00014778692542358402,-1.7067098489706528e-05,-0.00037643230860554656,-4.676529118268292e-05,-0.2307294429612226,0.9730178725298567
2026-09-30T02:16:10.473 0.011884678258580684,-5.897817796775697e-05,-1.6868696042995e-05,-0.00038479351001297464,-4.66842137556257e-05,-0.23593688014139605,0.9717683048667946
2026-09-30T02:16:10.544 0.011711585369163117,3.209553999140117e-05,-1.6639737751546978e-05,-0.00039306007167237743,-4.6398503836585956e-05,-0.24104546309358274,0.9705137444018808
2026-09-30T02:16:10.584 0.011538015613165645,0.00012555343773796386,-1.6410025919997282e-05,-0.00040146385591255845,-4.6536158096713356e-05,-0.2460810153864009,0.9692491787603208
2026-09-30T02:16:10.652 0.011362061642838803,0.00022151470054778406,-1.6176544847557854e-05,-0.0004094460732411135,-4.639902878441349e-05,-0.2510618659186555,0.9679709549787567
2026-09-30T02:16:10.689 0.011187061436421829,0.00031962174258986213,-1.587006627339388e-05,-0.00041742982252918596,-4.720197712930284e-05,-0.25600133601525743,0.9666763364656858
2026-09-30T02:16:10.764 0.011011583993510462,0.00042142426656329026,-1.5786351512134092e-05,-0.0004256090645569615,-4.687671583878191e-05,-0.26090858975205655,0.9653634157420151
2026-09-30T02:16:10.807 0.010835630137668716,0.0005251341332179025,-1.5418761423983618e-05,-0.0004337260322225113,-4.736829821847538e-05,-0.2657912567401915,0.9640305065081929
2026-09-30T02:16:10.881 0.01065872245638068,0.0006315858015114514,-1.5124169636996117e-05,-0.00044161197000275695,-4.689184161939493e-05,-0.27065318161898855,0.9626768191140482
2026-09-30T02:16:10.922 0.010483245020659051,0.0007403024642892126,-1.4980851436376587e-05,-0.00044980329931158634,-4.713783289935845e-05,-0.27549758262043533,0.9613016578708855
2026-09-30T02:16:11.001 0.01030776790832438,0.0008514033128988094,-1.4614016487204644e-05,-0.0004577999672592697,-4.743775626660116e-05,-0.2803261290724614,0.95990470856648
2026-09-30T02:16:11.043 0.01013085988532403,0.0009644114920870583,-1.4483338340884296e-05,-0.00046548614604122304,-4.7515045401328654e-05,-0.2851414734782374,0.9584853265270303
2026-09-30T02:16:11.125 0.009956336496829147,0.0010789694221111335,-1.4058407247039443e-05,-0.0004735964811505305,-4.8196847739556204e-05,-0.28994483715422165,0.9570432408157161
2026-09-30T02:16:11.164 0.009780859055836255,0.0011974612466449535,-1.3840584932455975e-05,-0.0004816417501449522,-4.8136695425906905e-05,-0.29479814985232894,0.9555594259635174
2026-09-30T02:16:11.249 0.009602520663742769,0.0013198869417267746,-1.3543733968052316e-05,-0.0004902893040584095,-4.9077571290746255e-05,-0.29976974793260575,0.9540114545602754
2026-09-30T02:16:11.287 0.009423705575541234,0.001446127328092368,-1.3126920556983693e-05,-0.0004985811382249104,-5.0186253550863455e-05,-0.3047864672943692,0.9524205784486216
2026-09-30T02:16:11.359 0.009245367102399782,0.0015749903248094207,-1.283007064549894e-05,-0.0005065886585682932,-5.0267719818506414e-05,-0.30972370408271555,0.9508264657498601
2026-09-30T02:16:11.402 0.00906893580157937,0.0017045686012582726,-1.2640544569268844e-05,-0.0005144429818999626,-4.9644831280399294e-05,-0.3144973558307631,0.9492582083180886
2026-09-30T02:16:11.471 0.00889918025570083,0.00183259724099373,-1.2446672117993068e-05,-0.0005215075121499904,-4.905067030614683e-05,-0.31904820566674585,0.947738343681829
2026-09-30T02:16:11.508 0.008736100185042154,0.001958837825403904,-1.2427266963492518e-05,-0.0005282794767066855,-4.813314935476456e-05,-0.32333238404927533,0.946285310056648
2026-09-30T02:16:11.581 0.008581126664144236,0.0020795948845834245,-1.2256765155029173e-05,-0.0005343937392816568,-4.7409061546018424e-05,-0.3273226220492157,0.94491248974206
2026-09-30T02:16:11.618 0.008435689612184747,0.002194987645763752,-1.2309957066520423e-05,-0.0005403812649824145,-4.656572232653691e-05,-0.3309981469500961,0.9436312481765982
2026-09-30T02:16:11.690 0.008302650476077885,0.0023028703778001517,-1.2338046503764433e-05,-0.0005454956639622395,-4.550786957416953e-05,-0.33434593566841375,0.9424502616401184
2026-09-30T02:16:11.746 0.008182486377064362,0.0024012165288039167,-1.2177874497108629e-05,-0.0005501366380950682,-4.4881203603317324e-05,-0.3373567491200713,0.9413767147951421
2026-09-30T02:16:11.804 0.008034665217163065,0.0025237618173587517,-1.2122989930174463e-05,-0.0005543084064466654,-4.465260396227262e-05,-0.34000334788587305,0.9404240608229532
2026-09-30T02:16:11.844 0.007927852782310061,0.002614240323365011,-1.189451982321473e-05,-0.0005572994781925963,-4.3893688443703224e-05,-0.34231294209792296,0.9395858327810716
2026-09-30T02:16:11.920 0.007811502751218391,0.0027135401966414,-1.2127809119892158e-05,-0.0005614331582611105,-4.393924644357268e-05,-0.34426189659823464,0.9388734895675444
2026-09-30T02:16:11.966 0.007725195064109455,0.002787329660324637,-1.157412785458736e-05,-0.0005622979245910981,-4.439834789598686e-05,-0.3458681261013403,0.9382829643540258
2026-09-30T02:16:12.036 0.007644608483700668,0.0028546818942961475,-1.1670241827654163e-05,-0.0005646872130984961,-4.343187318027774e-05,-0.34712128537220976,0.9378200746857409
2026-09-30T02:16:12.086 0.0075525777930592975,0.002935862261788726,-1.1658856885418457e-05,-0.0005659120268948361,-4.321405482197091e-05,-0.34800182615105946,0.9374936836436025
2026-09-30T02:16:12.145 0.007493926153744597,0.0029854525878033338,-1.1640637310822853e-05,-0.0005671922594540781,-4.259072340316215e-05,-0.3485566266435943,0.9372875516626736
2026-09-30T02:16:12.187 0.007480097536406544,0.003000711202746246,-1.1723083832530193e-05,-0.0005678179854445316,-4.241831908453025e-05,-0.34878056139377056,0.937204244429819
2026-09-30T02:16:12.262 0.007473421780102986,0.003007982885365826,-1.1682727715799312e-05,-0.0005676872639358296,-4.2448661438345736e-05,-0.3486607856454558,0.937248810339269
2026-09-30T02:16:12.301 0.007486773287299645,0.00299761184526608,-1.1733638346572192e-05,-0.0005665786590042547,-4.2768138813312646e-05,-0.348231155102623,0.9374085234172999
2026-09-30T02:16:12.373 0.00753445714753188,0.0029570812871286952,-1.200273957763281e-05,-0.0005657024681453535,-4.182743208500736e-05,-0.3475130073309362,0.9376749905841534
2026-09-30T02:16:12.413 0.00760979847472689,0.002893782102963947,-1.1898333036726914e-05,-0.0005637859366553349,-4.273931153540726e-05,-0.3464984159023817,0.9380503867575073
2026-09-30T02:16:12.486 0.007723763699025649,0.0027991313618969445,-1.2018902271768529e-05,-0.0005619808855445461,-4.246641446748618e-05,-0.34519539675931205,0.9385306710120181
2026-09-30T02:16:12.522 0.007845358688146314,0.0026986394617327107,-1.1957818579143902e-05,-0.0005587991328456852,-4.2561540540185625e-05,-0.3435867252992517,0.9391207846332552
2026-09-30T02:16:12.598 0.007962184609024073,0.0026053000588356543,-1.2276626462484902e-05,-0.0005562724275648196,-4.245619694451743e-05,-0.341657588134477,0.9398243353034597
2026-09-30T02:16:12.645 0.008078533973515583,0.00251029171991167,-1.2430767574525539e-05,-0.0005525542232565218,-4.261682216051979e-05,-0.3393938902038382,0.9406441836103289
2026-09-30T02:16:12.710 0.008212526277473903,0.002403243464851491,-1.271711012784563e-05,-0.0005489825448502091,-4.2872263300694546e-05,-0.3368074322166042,0.9415733908643511
2026-09-30T02:16:12.747 0.00835128692349334,0.0022961952698227982,-1.3025893124450271e-05,-0.000545022543073148,-4.296071483350268e-05,-0.33388778377502953,0.9426126717536761
2026-09-30T02:16:12.823 0.008499584941701506,0.0021812793818157005,-1.300702715651917e-05,-0.0005394873436562898,-4.326442069079107e-05,-0.33064031027066076,0.9437566912640764
2026-09-30T02:16:12.860 0.008659326681309315,0.002059091871176767,-1.3289376029694042e-05,-0.000534477669838344,-4.494833432381093e-05,-0.32705216523338726,0.945006134122642
2026-09-30T02:16:12.945 0.008810485790164378,0.001947871507179653,-1.3200528533805429e-05,-0.000528379615950752,-4.634712911458119e-05,-0.3231146774690871,0.9463596694021639
2026-09-30T02:16:12.982 0.008976903270298266,0.0018290219407039875,-1.3448729546236726e-05,-0.0005218365432588699,-4.68326091744942e-05,-0.3188368766250467,0.9478094595420081
2026-09-30T02:16:13.062 0.00915381160830964,0.0017040928325807432,-1.3475097744730145e-05,-0.0005144900999904764,-4.750600432856509e-05,-0.3142625725350897,0.94933596189481
2026-09-30T02:16:13.105 0.00934073384533212,0.0015734418046614521,-1.335338497055033e-05,-0.0005065259950161384,-4.892196547570065e-05,-0.3094686850573044,0.950909498326187
2026-09-30T02:16:13.177 0.009537669307715005,0.001440049089110831,-1.3485922560500027e-05,-0.0004986624912345347,-5.059471692015499e-05,-0.30451976562661165,0.9525058850834508
2026-09-30T02:16:13.213 0.009739372972751903,0.0013046298756503568,-1.3745208260236921e-05,-0.0004907628381206502,-5.1871055736555655e-05,-0.2994629617489822,0.9541077984178506
2026-09-30T02:16:13.284 0.009946322032503663,0.001170760449016168,-1.3878677161128894e-05,-0.0004822503097996166,-5.244432657884729e-05,-0.294328106083196,0.9557043113085293
2026-09-30T02:16:13.324 0.010152316950472723,0.0010385599403767694,-1.4293760183651582e-05,-0.00047397830653092413,-5.279656361825657e-05,-0.28913820540610724,0.9572872456747888
2026-09-30T02:16:13.394 0.010361649887344202,0.000908386031705399,-1.4594911907604942e-05,-0.0004655079906178973,-5.363171460578772e-05,-0.2839072671917891,0.9588516277618973
2026-09-30T02:16:13.437 0.010572890118387065,0.0007804771235462684,-1.491398086488449e-05,-0.0004571584917035349,-5.413161474362607e-05,-0.2786467949127228,0.9603935400453029
2026-09-30T02:16:13.507 0.010786514630530672,0.0006541179661819554,-1.5162314013161915e-05,-0.00044847035412653275,-5.4789383792849376e-05,-0.27336534221895803,0.9619101754041158
2026-09-30T02:16:13.543 0.010997754783981243,0.0005305005924435788,-1.5496284814955558e-05,-0.00043979827041572327,-5.5646428808309494e-05,-0.2680671407700232,0.9634001305378471
2026-09-30T02:16:13.616 0.011211856046089371,0.0004091482312406898,-1.5760273854809708e-05,-0.0004315864783667994,-5.641413762723246e-05,-0.2627571374112536,0.9648619058134694
2026-09-30T02:16:13.655 0.011429771736574623,0.00029006089453912336,-1.6179306131390025e-05,-0.00042313552944374036,-5.7528480913407196e-05,-0.2574380149103319,0.9662947201169141
2026-09-30T02:16:13.726 0.011647687422103311,0.00017323853434157607,-1.6583437635873653e-05,-0.00041490427476375267,-5.858760190303486e-05,-0.25211379622606267,0.9676975034453789
2026-09-30T02:16:13.774 0.011865126379412207,5.9038772526919706e-05,-1.689740878384365e-05,-0.0004061210972303028,-5.99578278427929e-05,-0.24678628501208347,0.9690698432005033
2026-09-30T02:16:13.837 0.012085426379200376,-5.325360462907497e-05,-1.7186101539083132e-05,-0.00039782032130655906,-6.149195369960414e-05,-0.2414578795417086,0.9704112171471192
2026-09-30T02:16:13.874 0.012309064079599773,-0.0001625657075362515,-1.755457800512735e-05,-0.00038950822268670474,-6.320552139000065e-05,-0.2361293252639682,0.971721557874883
2026-09-30T02:16:13.943 0.012532701632930273,-0.0002695532293110418,-1.799756056423307e-05,-0.00038126846558973125,-6.513965195578684e-05,-0.2308037364602578,0.9730002495514412
2026-09-30T02:16:13.982 0.012758723540293794,-0.0003751698142171247,-1.832510385738445e-05,-0.00037279111218501055,-6.765513472697506e-05,-0.22548345286092472,0.9742469240061703
2026-09-30T02:16:14.052 0.012986175782211873,-0.00047810417211466516,-1.8744316234875907e-05,-0.0003645687131852226,-6.987307517143392e-05,-0.22016985988573104,0.9754614779709675
2026-09-30T02:16:14.091 0.013213628035229262,-0.0005781775070577456,-1.913372679519501e-05,-0.00035623810773983576,-7.085933000190332e-05,-0.21486628078500083,0.9766434095692179
2026-09-30T02:16:14.174 0.013442034308318208,-0.0006758666441594125,-1.928622732453681e-05,-0.0003470354340608064,-7.106627154518151e-05,-0.20957554738612813,0.9777923933298915
2026-09-30T02:16:14.214 0.013670439942573429,-0.0007714696187651884,-1.9826157901874457e-05,-0.00033825846009613765,-6.980634282016306e-05,-0.20436340269129866,0.9788950303013714
2026-09-30T02:16:14.295 0.013898369024037273,-0.0008652844599957252,-2.0171619988231876e-05,-0.00033008950772660104,-7.082189103947764e-05,-0.19930213219524814,0.9799380317793592
2026-09-30T02:16:14.333 0.01412725148794329,-0.0009565958941691233,-2.0682502912450785e-05,-0.0003224948106433312,-7.233684147397445e-05,-0.19444892665481536,0.980912588199004
2026-09-30T02:16:14.406 0.01435565694390751,-0.0010455231485715203,-2.128203915197697e-05,-0.00031526441925602757,-7.46865526957388e-05,-0.18986257138607282,0.9818106227867639
2026-09-30T02:16:14.446 0.014584062482402432,-0.0011316489846560265,-2.180707013687707e-05,-0.00030876442886822457,-7.782895544062501e-05,-0.18558493840058196,0.982628174461751
2026-09-30T02:16:14.521 0.014806746135363279,-0.0012149734744555049,-2.220384527858693e-05,-0.0003030196589489709,-8.236958220631899e-05,-0.1816469476071351,0.9833637616972414
2026-09-30T02:16:14.560 0.015026091555266735,-0.0012945429136966612,-2.2803959519952234e-05,-0.0002973508042063753,-8.402119758277124e-05,-0.17806987840537603,0.9840177960421409
2026-09-30T02:16:14.650 0.015240668640456166,-0.001370953366790991,-2.335183154960687e-05,-0.00029202455252736495,-8.45572765748402e-05,-0.17486732043698325,0.9845919600600632
2026-09-30T02:16:14.688 0.015450477441804422,-0.0014445028569568803,-2.3817659033668274e-05,-0.0002871147398677134,-8.318533241731981e-05,-0.17205025579108676,0.9850881281020233
2026-09-30T02:16:14.766 0.015656471443202823,-0.0015151317675645853,-2.4322158982574245e-05,-0.0002827585838612405,-8.1125524172444e-05,-0.16962531536353923,0.9855085823340416
2026-09-30T02:16:14.819 0.01586055846331058,-0.001584807027825905,-2.45852250860911e-05,-0.0002785822204601619,-7.993662214734441e-05,-0.16759451109048257,0.9858559711511743
2026-09-30T02:16:14.890 0.016060353779227175,-0.001651800133119747,-2.4930913113088363e-05,-0.00027549460657723325,-7.819918952399357e-05,-0.1659577081270123,0.9861328293393532
2026-09-30T02:16:14.930 0.016247274370198884,-0.0017153363311202229,-2.5315850163880447e-05,-0.0002732534493221357,-7.748287457738584e-05,-0.16470370096331785,0.9863430489530215
2026-09-30T02:16:15.002 0.01642227387303213,-0.0017744023308621203,-2.575644540691602e-05,-0.00027222403943620815,-7.543760345437173e-05,-0.16383207206828101,0.9864882018377381
2026-09-30T02:16:15.043 0.016607286683913827,-0.0018371636925434763,-2.640658743038864e-05,-0.00027108679203538273,-7.309671818207522e-05,-0.16333473113696462,0.9865706699336021
2026-09-30T02:16:15.120 0.01673937125868527,-0.001881984722430292,-2.6436605017979542e-05,-0.0002707135642566928,-7.407303076294239e-05,-0.16312012461784264,0.9866061758229632
2026-09-30T02:16:15.159 0.016794684768134713,-0.0019004614658848968,-2.6375046458340912e-05,-0.000269135885995947,-7.41470373912949e-05,-0.16309659689970862,0.9866100659063973
2026-09-30T02:16:15.235 0.016786578503506417,-0.001898911847181769,-2.6377131043171674e-05,-0.0002697465942038467,-7.397823100476416e-05,-0.16321808574858135,0.986589974735485
2026-09-30T02:16:15.273 0.016729358163133548,-0.001880196709101623,-2.6107848785021254e-05,-0.00027031871028932976,-7.406317315736002e-05,-0.16348278988236115,0.9865461463381837
2026-09-30T02:16:15.347 0.01662969883071595,-0.0018468193627534679,-2.599498628733258e-05,-0.000270996452117257,-7.318119068449465e-05,-0.1639204668472133,0.9864735180196313
2026-09-30T02:16:15.389 0.016473771091338702,-0.0017950248897444878,-2.671703389293426e-05,-0.00027067633861809897,-7.354173301941302e-05,-0.16451369803562654,0.9863747586412458
2026-09-30T02:16:15.471 0.01635074830373495,-0.001754554884647664,-2.553905114469294e-05,-0.0002724674733476212,-7.286337185448656e-05,-0.16544858184843675,0.9862183770427045
2026-09-30T02:16:15.524 0.016185761549802707,-0.0016978133400783802,-2.5650729185394798e-05,-0.0002755724221141146,-7.387552630298688e-05,-0.16662201764587975,0.9860208019295855
2026-09-30T02:16:15.589 0.016043187344244925,-0.0016489393263267574,-2.5082585809291207e-05,-0.0002790145526209297,-7.285816311016044e-05,-0.16814576506971754,0.9857621003729484
2026-09-30T02:16:15.629 0.015876770444833734,-0.0015911845207628957,-2.495358394442484e-05,-0.00028243345183712887,-7.652862559726584e-05,-0.1699679235978119,0.9854495518911981
2026-09-30T02:16:15.719 0.015697479220549117,-0.0015280654592237954,-2.4595610849102407e-05,-0.00028547695244098275,-7.522626647800793e-05,-0.17211439177487758,0.9850769254164278
2026-09-30T02:16:15.759 0.015516757651046369,-0.0014630390670404285,-2.4116167134995755e-05,-0.0002901727963233241,-7.742837932376324e-05,-0.1745955392339411,0.9846401918895062
2026-09-30T02:16:15.839 0.015331267552343526,-0.0013943768515739417,-2.37036904277177e-05,-0.0002950810245662382,-7.69719475379801e-05,-0.1774253742421617,0.9841342101449055
2026-09-30T02:16:15.879 0.015139101587947785,-0.0013228536972200416,-2.335516488024144e-05,-0.00030049486710691177,-7.877407465063821e-05,-0.18060838184302758,0.9835550395913404
2026-09-30T02:16:15.962 0.014940259887213928,-0.0012475159296459941,-2.2981183793146012e-05,-0.000306623335789353,-7.995576534342032e-05,-0.18415156545017494,0.9828978077762995
2026-09-30T02:16:16.000 0.014736650006182033,-0.0011681847108791935,-2.2450652632852288e-05,-0.00031346339314100726,-8.050966062647172e-05,-0.18799366632489692,0.9821701872285775
2026-09-30T02:16:16.082 0.014527794580957697,-0.0010841447912459605,-2.2090642722779123e-05,-0.00032039748663301436,-7.973799757369909e-05,-0.1920428638814367,0.9813864832060396
2026-09-30T02:16:16.118 0.014315601406936366,-0.0009955153559702034,-2.1621048054919543e-05,-0.00032705110832786076,-7.808855784784337e-05,-0.19623617112540354,0.9805566032013608
2026-09-30T02:16:16.196 0.01409816306238931,-0.0009037865451958129,-2.1098457235528408e-05,-0.0003337558109146502,-7.690608285110906e-05,-0.20053444239382548,0.979686592797059
2026-09-30T02:16:16.235 0.013880724360231415,-0.0008098523626031827,-2.0784482772813716e-05,-0.00034079583254852417,-7.577730642741718e-05,-0.2049108553375279,0.978780577801196
2026-09-30T02:16:16.316 0.01366137850465278,-0.0007125207392449737,-2.031848171983808e-05,-0.00034753328213759933,-7.425231706686711e-05,-0.20934641145600608,0.9778414767832789
2026-09-30T02:16:16.359 0.013443463170610327,-0.0006123876795668092,-1.9824940630155745e-05,-0.0003545081162796752,-7.260792345012472e-05,-0.21382915957656304,0.9768710045686
2026-09-30T02:16:16.442 0.013223640174575989,-0.0005096320395652311,-1.9507197959971723e-05,-0.000361777345881266,-7.132765940440404e-05,-0.21834926487545642,0.9758706177346794
2026-09-30T02:16:16.483 0.01300286352477156,-0.00040467103970851464,-1.915814550523032e-05,-0.0003689815660343519,-6.936229909013018e-05,-0.2229002754266558,0.9748411800166201
2026-09-30T02:16:16.554 0.012784471218493928,-0.00029750463795630153,-1.8693653921024065e-05,-0.0003760926769141533,-6.785078763127966e-05,-0.22747620097810384,0.973783565243909
2026-09-30T02:16:16.591 0.012567032295408917,-0.0001878944337917203,-1.8394583164930046e-05,-0.0003832940036368542,-6.587143029883394e-05,-0.23207184087305072,0.9726985706890161
2026-09-30T02:16:16.667 0.01234959331724494,-7.578083454950511e-05,-1.811041396087265e-05,-0.00039081395964540286,-6.459620305743765e-05,-0.23668516837149894,0.9715863184322506
2026-09-30T02:16:16.705 0.01213215443812143,3.782288082564643e-05,-1.7751739287705686e-05,-0.00039828435996440946,-6.368739924526859e-05,-0.24131372507050902,0.9704470739850157
2026-09-30T02:16:16.780 0.011916146199086125,0.00015416842788965247,-1.7291018855241988e-05,-0.0004054628203186994,-6.220492054440632e-05,-0.24595269807949546,0.9692817454372417
2026-09-30T02:16:16.816 0.011700137622248075,0.0002730173699984852,-1.702401368563282e-05,-0.0004128891361931857,-6.161984057560463e-05,-0.25060180385051783,0.9680901619334963
2026-09-30T02:16:16.903 0.011484606004869504,0.00039520417823703485,-1.6653454994076122e-05,-0.00042011464238191526,-5.995888587232566e-05,-0.2552572578375539,0.9668730796903344
2026-09-30T02:16:16.946 0.011270028091226075,0.0005187023006728512,-1.6254602092009873e-05,-0.0004276337928803875,-5.995762072824377e-05,-0.25991968550068717,0.9656301417331828
2026-09-30T02:16:17.025 0.01105449644337584,0.0006451806433376228,-1.586914295983096e-05,-0.0004349068090673046,-5.883244467939028e-05,-0.2645870309037078,0.9643617114300895
2026-09-30T02:16:17.064 0.010842779247463043,0.0007739240105064509,-1.5623825921810052e-05,-0.00044265178177214194,-5.859719286864934e-05,-0.26925795237255207,0.9630679912186416
2026-09-30T02:16:17.136 0.0106320157417774,0.0009050515754784177,-1.5350214848766077e-05,-0.00045072353775957807,-5.9000822817775995e-05,-0.2739317943705056,0.961749013724553
2026-09-30T02:16:17.172 0.010420775496318748,0.0010378480645142104,-1.5001344405788638e-05,-0.00045806179197875954,-5.814579302092416e-05,-0.27860662058176766,0.9604051945749088
2026-09-30T02:16:17.250 0.010212873107842092,0.001172432734919812,-1.4642850623221994e-05,-0.0004656343847701925,-5.767796697252221e-05,-0.2832820726131701,0.9590365202607555
2026-09-30T02:16:17.301 0.010002109759713405,0.0013097591829752677,-1.4220229138418334e-05,-0.00047278674205589096,-5.5920023243546316e-05,-0.2880207359981169,0.9576240540946904
2026-09-30T02:16:17.363 0.009790392679925793,0.0014517347813159905,-1.3796100553912827e-05,-0.00048093256942577844,-5.6697007458607634e-05,-0.29288778745090666,0.9561466987086372
2026-09-30T02:16:17.403 0.009575814355807588,0.0015984787151986969,-1.3471757166894525e-05,-0.0004893069027579113,-5.6129219522353844e-05,-0.2978688330363884,0.9546066811696877
2026-09-30T02:16:17.473 0.009363620278269697,0.0017495142135356713,-1.3076678419339559e-05,-0.0004977724401803832,-5.632119091898085e-05,-0.30292712652756937,0.9530135912274658
2026-09-30T02:16:17.511 0.009148565158391726,0.0019042451638306285,-1.2662175553240043e-05,-0.0005059636053055273,-5.5931895484793106e-05,-0.3080371871774632,0.9513741809552378
2026-09-30T02:16:17.584 0.008935893983766539,0.0020610027020402932,-1.2385552952086624e-05,-0.000514640385806646,-5.622572646278041e-05,-0.31318181841083204,0.9496930454630199
2026-09-30T02:16:17.619 0.008725130287292587,0.0022203828686526927,-1.2007638502209611e-05,-0.0005230630752411788,-5.6213122168023695e-05,-0.3183483249973322,0.9479736637779012
2026-09-30T02:16:17.692 0.008516750845357286,0.002381551204636259,-1.1573889424895636e-05,-0.0005315341886285615,-5.5825157332682535e-05,-0.32352916669523474,0.9462180470972033
2026-09-30T02:16:17.734 0.008309801713665783,0.002545461372270404,-1.1246710584239147e-05,-0.0005399485635840041,-5.57884549589155e-05,-0.3287163565479753,0.9444285374135098
2026-09-30T02:16:17.806 0.008107144240388352,0.0027103252682680826,-1.0836910414806446e-05,-0.000548574879851851,-5.59701782699639e-05,-0.33390751015318065,0.9426056813939984
2026-09-30T02:16:17.844 0.00790734725164709,0.002876500502411101,-1.075945917678656e-05,-0.0005573745740212235,-5.599498003703435e-05,-0.33909884263828866,0.9407505839060211
2026-09-30T02:16:17.919 0.007708027735142568,0.0030445830912667537,-1.0265530188905836e-05,-0.0005654077966233836,-5.5918868577180214e-05,-0.3442874341122682,0.938864122170772
2026-09-30T02:16:17.953 0.00751252244998122,0.00321373861170371,-1.0060754525879729e-05,-0.0005741012038509297,-5.57636712578776e-05,-0.3494721509569129,0.9369465742526462
2026-09-30T02:16:18.028 0.007318924785833882,0.003385397551270264,-9.665280139222578e-06,-0.0005826788589851557,-5.548296242664689e-05,-0.3546504605822,0.9349987744461602
2026-09-30T02:16:18.066 0.00712628074168665,0.0035575333399963595,-9.301115975839017e-06,-0.0005911026658370373,-5.574081971690882e-05,-0.35982304847400387,0.9330203755960929
2026-09-30T02:16:18.152 0.006936020714974034,0.0037315765073558226,-9.030128630198578e-06,-0.0005993485439566163,-5.5691294807333255e-05,-0.3649888417654728,0.9310116986732773
2026-09-30T02:16:18.191 0.0067490985392398605,0.00390788469324326,-8.749518022962922e-06,-0.0006082415673055099,-5.538954219493549e-05,-0.37014572383400274,0.9289735034443106
2026-09-30T02:16:18.272 0.006565990800888139,0.004085742647894772,-8.623950535462446e-06,-0.000616959153030789,-5.552876623057956e-05,-0.3752932780964112,0.9269059130751133
2026-09-30T02:16:18.312 0.006385744382189815,0.004264077475760524,-8.309191852999737e-06,-0.0006254931328987299,-5.556616632991542e-05,-0.38043168337391575,0.9248088126505016
2026-09-30T02:16:18.395 0.006205021156039318,0.004443842809102817,-7.96387718931105e-06,-0.0006339114132558109,-5.526788340320716e-05,-0.38556037336736554,0.922682390419693
2026-09-30T02:16:18.437 0.0060309734708330716,0.004624085063632047,-7.733425622596419e-06,-0.0006422864604353736,-5.525528622755046e-05,-0.39062007102356594,0.9205517609176034
2026-09-30T02:16:18.510 0.0058602636771292495,0.0048033736858716335,-7.49335026782712e-06,-0.0006496678356407271,-5.472897183618485e-05,-0.39552727072712485,0.9184540015959398
2026-09-30T02:16:18.548 0.005695276115610226,0.004980397403670139,-7.158013705468918e-06,-0.0006569995035926883,-5.377288740320209e-05,-0.4002228437262742,0.9164176126743655
2026-09-30T02:16:18.625 0.005538871204040792,0.005152414439314827,-7.134269916826478e-06,-0.0006637658199323444,-5.2646377894329866e-05,-0.4046675406253357,0.914463634163512
2026-09-30T02:16:18.662 0.00539248006512946,0.005317517462251651,-7.051851815934776e-06,-0.0006700173734354029,-5.149589218307124e-05,-0.4088320655832132,0.9126093855400873
2026-09-30T02:16:18.739 0.0052527645987866444,0.0054745143375311695,-7.0693942655571e-06,-0.0006761311592333699,-5.012356742877808e-05,-0.41269570559425317,0.9108687034465205
2026-09-30T02:16:18.782 0.00512306287449107,0.005623285897912402,-7.058064473583e-06,-0.0006811257091316913,-4.9059635604386464e-05,-0.4162437092093532,0.9092528296379175
2026-09-30T02:16:18.851 0.005003851932296279,0.005762640056525229,-6.8994070345538616e-06,-0.0006858667124345508,-4.815030711434451e-05,-0.4194666283500294,0.907770496859784
2026-09-30T02:16:18.897 0.004897992300264196,0.005890431082118292,-6.925770314426052e-06,-0.0006903113388224136,-4.694464712406575e-05,-0.4223594264153951,0.9064281748624731
2026-09-30T02:16:18.962 0.004769244222670015,0.006045043909699363,-6.886147052885326e-06,-0.0006940676419331852,-4.744490981963364e-05,-0.4248985895820939,0.9052406887619647
2026-09-30T02:16:19.017 0.00467673620499075,0.006157695523616495,-6.9336178984541455e-06,-0.0006975399538298871,-4.533929656978843e-05,-0.4272386430576895,0.9041386250241636
2026-09-30T02:16:19.079 0.004567539025401739,0.006289062785912852,-6.731187114257422e-06,-0.0007014947533589112,-4.68864662360984e-05,-0.42953658537738487,0.9030491833389291
2026-09-30T02:16:19.114 0.004474077442347441,0.006400641504228203,-6.717545353923844e-06,-0.0007052511863669643,-4.500917472352034e-05,-0.43192992545067344,0.9019068910342763
2026-09-30T02:16:19.193 0.004364880293508485,0.006538922905331628,-6.440609987799223e-06,-0.0007104446129251317,-4.689267155392769e-05,-0.43447221694283206,0.9006849536737638
2026-09-30T02:16:19.233 0.004272372939112903,0.006655031588727477,-6.0410471217797264e-06,-0.0007138748468446499,-4.660760726421884e-05,-0.4372414255325939,0.8993438852900815
2026-09-30T02:16:19.308 0.004148870194557968,0.006810478947389383,-5.92031037210757e-06,-0.0007206349489007075,-4.816524841084667e-05,-0.44023888831892977,0.8978803926899686
2026-09-30T02:16:19.349 0.0040468256490909325,0.00694065420684986,-5.68448491629598e-06,-0.0007254018690067798,-4.73098692606182e-05,-0.4435305026891885,0.896258983072516
2026-09-30T02:16:19.429 0.003938582269711505,0.0070825118986627715,-5.319651139860632e-06,-0.0007321934763996723,-4.8357950679702995e-05,-0.44711045401954697,0.8944784533238664
2026-09-30T02:16:19.479 0.0038241398032597784,0.0072355751856398795,-4.989721533057278e-06,-0.0007394035005514066,-4.944612621128925e-05,-0.4509847935004199,0.8925313254272523
2026-09-30T02:16:19.559 0.0037030214647969014,0.007399486433914607,-4.664139822182469e-06,-0.0007466755303712241,-5.1068037591842826e-05,-0.4551566506994947,0.8904110641674026
2026-09-30T02:16:19.601 0.0035766580477800732,0.007576033800875878,-4.151453236542531e-06,-0.0007546251939418203,-5.195479845704399e-05,-0.4595645129513798,0.888144068424305
2026-09-30T02:16:19.685 0.003447909958420876,0.007761521834491896,-3.873416744022303e-06,-0.000762250242384428,-5.326939700556228e-05,-0.4641275270849416,0.8857680592225914
2026-09-30T02:16:19.728 0.003318208029199602,0.007954639250623514,-3.6385770669671577e-06,-0.0007703912766307327,-5.34301361398177e-05,-0.46879207788258653,0.8833082085869169
2026-09-30T02:16:19.809 0.0031851682236239834,0.008153121042766004,-3.368658471706639e-06,-0.0007782415758404237,-5.331643698943657e-05,-0.4735236547796564,0.8807807558419541
2026-09-30T02:16:19.849 0.0030535589062684622,0.008355179131607734,-3.0861011090478257e-06,-0.000786281626616924,-5.372551507247056e-05,-0.4782971637573969,0.8781977009856052
2026-09-30T02:16:19.941 0.002922426542368865,0.008561051923737347,-2.6999903024354844e-06,-0.0007942450000100495,-5.359422779378076e-05,-0.48309394870949535,0.8755681601239313
2026-09-30T02:16:19.976 0.002791770659218008,0.008770858628389704,-2.508348922731287e-06,-0.0008022534011915485,-5.340399127073421e-05,-0.4879004792385555,0.872898892138306
2026-09-30T02:16:20.058 0.0026649295402922327,0.008982453520423496,-2.2631347058050455e-06,-0.0008099693328097867,-5.339483097626829e-05,-0.4927107355222215,0.8701927787564222
2026-09-30T02:16:20.097 0.0025409492267417,0.009196075006378148,-2.1416535413283795e-06,-0.0008181225624673348,-5.317452439051902e-05,-0.4975185180787943,0.8674529681871076
2026-09-30T02:16:20.176 0.0024174459939078903,0.00941088859126171,-1.8570139336585878e-06,-0.0008256540090052642,-5.299258348694978e-05,-0.5023206686885542,0.8646810170782792
2026-09-30T02:16:20.212 0.002298234130760823,0.009627132741634166,-1.6685667860244843e-06,-0.0008337177008064838,-5.280959137839508e-05,-0.5071128352840009,0.8618792690488408
2026-09-30T02:16:20.292 0.0021790220936862234,0.009844092147724729,-1.5844277533584815e-06,-0.000841727563532914,-5.2184785885044446e-05,-0.5118954653659297,0.8590473335673974
2026-09-30T02:16:20.327 0.0020641015556531485,0.010063435793636917,-1.5070744813071983e-06,-0.0008494964138066769,-5.185181692937294e-05,-0.5166639099017281,0.8561878765039196
2026-09-30T02:16:20.416 0.0019510885478485004,0.01028313709145329,-1.3135278474926972e-06,-0.0008572625948250716,-5.1289962187795005e-05,-0.5214188243570833,0.8533004582655868
2026-09-30T02:16:20.458 0.0018409368185801735,0.010502838425320269,-9.60592225858286e-07,-0.0008647052641460665,-5.147455442150676e-05,-0.5261599109614392,0.8503852054993823
2026-09-30T02:16:20.526 0.001733645678141592,0.010724923980952131,-8.654999982823762e-07,-0.0008723865203475014,-5.1037851167185514e-05,-0.53088502349455,0.8474434070580099
2026-09-30T02:16:20.567 0.0016287388999909154,0.010947724822360222,-6.549683975103824e-07,-0.0008800509437424047,-5.084988320439886e-05,-0.5355962483298686,0.8444737306154617
2026-09-30T02:16:20.646 0.001524785731334125,0.011171836977954644,-4.7574715650146586e-07,-0.0008874594007868502,-5.0346830468284285e-05,-0.5402917975097512,0.8414772625714201
2026-09-30T02:16:20.683 0.0014236936186646065,0.011396783634601856,-2.7124734727555587e-07,-0.0008950288113232346,-5.0448327882789023e-05,-0.5449708958408779,0.8384544824048495
2026-09-30T02:16:20.752 0.001324985524930593,0.011623518460592895,-1.5992433629426954e-07,-0.0009025235082209255,-4.9651973372716795e-05,-0.5496334242999223,0.8354054595693879
2026-09-30T02:16:20.797 0.0012281845769555291,0.01185120698489208,-1.7082634213279716e-07,-0.0009102192530589732,-4.9062678136688634e-05,-0.554279442273762,0.832330144213492
2026-09-30T02:16:20.865 0.0011351986318104703,0.012080445278020956,2.085595392930555e-08,-0.0009177851350158912,-4.87869766666973e-05,-0.5589071618765941,0.8292297267303721
2026-09-30T02:16:20.906 0.0010455506117804708,0.012309802822471528,2.5196414769591014e-07,-0.0009248305078034998,-4.844380492648618e-05,-0.5635174178859913,0.8261036630355991
2026-09-30T02:16:20.979 0.0009578098257471268,0.01254059090239935,4.204518169213427e-07,-0.0009324031476972952,-4.823779035126617e-05,-0.5681105671031439,0.8229517068718127
2026-09-30T02:16:21.018 0.0008724532120182818,0.01277221347737107,5.851696992990909e-07,-0.0009399275121862802,-4.795256484503798e-05,-0.572687563661943,0.8197731812298884
2026-09-30T02:16:21.092 0.0007885270312913696,0.013004312907503023,7.029222857634508e-07,-0.0009468789823383218,-4.766180724339132e-05,-0.5772470966689334,0.816568974757082
2026-09-30T02:16:21.130 0.000708415613288651,0.013238319734305946,8.742476899513585e-07,-0.0009545831937492297,-4.700345207328193e-05,-0.5817869000888188,0.8133406970308595
2026-09-30T02:16:21.202 0.0006306879094382341,0.013473995521127614,7.586814620070765e-07,-0.0009619094938617611,-4.6229276238903016e-05,-0.5863092994076019,0.8100867101867224
2026-09-30T02:16:21.246 0.0005553451483321574,0.013709194500895715,1.1161822238796719e-06,-0.0009690947057576633,-4.612279781281878e-05,-0.5908136387837901,0.8068074757680398
2026-09-30T02:16:21.315 0.0004833396717099778,0.013944870359780322,1.1107779756209864e-06,-0.000976172781078744,-4.5777157600955546e-05,-0.5952996201659486,0.8035032092166344
2026-09-30T02:16:21.356 0.000414672252559416,0.014181380725740276,1.2342063634847664e-06,-0.000983484105746637,-4.531296435885365e-05,-0.5997665876305925,0.800174400407626
2026-09-30T02:16:21.422 0.00034743529597465483,0.01441789110970503,1.32557067599731e-06,-0.000990437186332538,-4.527718904430329e-05,-0.604216449003536,0.7968196155578209
2026-09-30T02:16:21.461 0.0003316988495196135,0.014488343601716495,1.3802411298852838e-06,-0.0009980699121114173,-4.5504989005317316e-05,-0.6086357327455751,0.7934491455733023
2026-09-30T02:16:21.532 0.0004079961232669809,0.01422763384605354,1.3490618170475222e-06,-0.0010084324407050329,-5.008236256597787e-05,-0.6130073306116882,0.7900765742458776
2026-09-30T02:16:21.575 0.0005882491673035296,0.013539917724002287,1.1684967347811293e-06,-0.0010144510458494744,-4.963518379957859e-05,-0.6173281487321727,0.7867051068909702
2026-09-30T02:16:21.655 0.0008710277991727676,0.012380491733947127,6.918035595562662e-07,-0.0010147637961428883,-4.264244638153187e-05,-0.6215968768693085,0.783336639703762
2026-09-30T02:16:21.695 0.0012582400032428549,0.010728613483565302,1.5438824491560734e-07,-0.0010146403959842838,-3.525920399650399e-05,-0.6258027223524077,0.7799807189655208
2026-09-30T02:16:21.767 0.0017360574177806352,0.008577368659942308,-5.410932466956763e-07,-0.0010133015227358504,-2.756040418494512e-05,-0.6299582624382978,0.776628328124959
2026-09-30T02:16:21.809 0.0022672879463081666,0.005842475827116425,-1.2762160139788293e-06,-0.0010140564023895862,-2.0514070352132608e-05,-0.6341782936797655,0.7731861762177378
2026-09-30T02:16:21.875 0.002891509831935591,0.002499020741914969,-1.8006281837624665e-06,-0.0010094819011248037,-6.632042388904579e-06,-0.6385010883538176,0.7696202577072006
2026-09-30T02:16:21.912 0.0035796344366121977,-0.001398279898077962,-2.649493531645455e-06,-0.0010089963230045758,3.100600096543702e-06,-0.6428968365465274,0.765952113043155
2026-09-30T02:16:21.991 0.004312112197070325,-0.005853598664057335,-3.3597671077665324e-06,-0.0010075434614885141,1.3035694044050512e-05,-0.6473837813972143,0.762163515441462
2026-09-30T02:16:22.030 0.005072730688800856,-0.010864670783632747,-3.876013375025103e-06,-0.0010068142882260457,2.1236753900142893e-05,-0.6519814124209052,0.7582342802403693
2026-09-30T02:16:22.098 0.00584193922783254,-0.016428993107905146,-4.390838748474797e-06,-0.001006951101452773,2.913660792629532e-05,-0.656697776205479,0.754153178026398
2026-09-30T02:16:22.139 0.006606862910929493,-0.02253643300937779,-5.003097914098963e-06,-0.001007926094365282,3.516221241014839e-05,-0.6615323959625371,0.7499159099130196
2026-09-30T02:16:22.217 0.0073465213130582884,-0.029178169264717772,-5.366695397702999e-06,-0.0010112317218326566,3.994601312595826e-05,-0.6664884892134582,0.74551463403523
2026-09-30T02:16:22.256 0.008046608636845287,-0.03635283114727732,-5.891146655847054e-06,-0.001015436265908139,4.3243733998649505e-05,-0.6715627788486158,0.7409469623962935
2026-09-30T02:16:22.329 0.008684237264238287,-0.04405815396865379,-6.182635993928088e-06,-0.0010211705631825248,4.532082829582645e-05,-0.6767516284987009,0.7362106957122124
2026-09-30T02:16:22.366 0.009247963123434705,-0.05228710452483545,-6.163465670365514e-06,-0.0010278644190126356,4.5736834733627465e-05,-0.6820496145941983,0.7313051788650097
2026-09-30T02:16:22.439 0.009716804921875584,-0.061033066964449774,-6.053783267832543e-06,-0.0010356973845846095,4.5313891554277593e-05,-0.6874553661144356,0.7262258910821385
2026-09-30T02:16:22.486 0.010068351348783831,-0.07029103477948871,-5.773451464194568e-06,-0.001044696800653094,4.4122474616755045e-05,-0.6929684658410161,0.720967136568478
2026-09-30T02:16:22.546 0.010284959690400813,-0.0800537960300233,-5.08596003050585e-06,-0.0010544830318147313,4.22705396658364e-05,-0.6985873643838271,0.7155239902351249
2026-09-30T02:16:22.586 0.010347556015425032,-0.0903159269335628,-4.214472074741173e-06,-0.0010645936377465808,3.998283656097373e-05,-0.7043101547898443,0.7098915909501006
2026-09-30T02:16:22.659 0.010237065986056375,-0.10100977645843212,-3.143742602000859e-06,-0.0010759243899066864,3.7636118453201786e-05,-0.7101019078409708,0.7040980907876709
2026-09-30T02:16:22.702 0.009942520484680318,-0.11199938654800723,-1.96076145665153e-06,-0.0010868669862818675,3.412954722957755e-05,-0.7158938406190218,0.6982082973719769
2026-09-30T02:16:22.771 0.0094548590952027,-0.12331819552217882,-1.2472442007296383e-06,-0.0010982656003336744,3.081393047289238e-05,-0.7216775481595596,0.6922285094862674
2026-09-30T02:16:22.807 0.008758348466786841,-0.13492829502466855,7.502151955129117e-07,-0.0011100565987672206,2.7934590887201135e-05,-0.7274669781107368,0.6861417949319506
2026-09-30T02:16:22.882 0.007847739805393588,-0.1467352713644762,2.5199779781013635e-06,-0.001121149413133015,2.524283539447849e-05,-0.7332137916435145,0.6799972633257678
2026-09-30T02:16:22.920 0.006746872218612848,-0.15851930231151098,4.054113973359347e-06,-0.0011310691833393985,2.318944756896177e-05,-0.7388366878143439,0.6738835722024108
2026-09-30T02:16:22.990 0.005491029316555726,-0.17008309604730687,5.4160092265162595e-06,-0.0011436139031253828,1.826603862720764e-05,-0.7442649719686325,0.6678834803422848
2026-09-30T02:16:23.030 0.004100713621814751,-0.18130029046678653,6.662630931492444e-06,-0.0011586159184405031,1.2428109143934716e-05,-0.7495103267867991,0.6619916370277207
2026-09-30T02:16:23.099 0.002552562430525392,-0.19228896266531534,8.337579822378121e-06,-0.001175569582169216,4.883976790535172e-06,-0.7546282449658973,0.6561515296880698
2026-09-30T02:16:23.135 0.0008465780015547116,-0.20316677221158042,1.093261284894027e-05,-0.0011851488342784985,3.606845041816655e-06,-0.759661530314612,0.6503175799325227
2026-09-30T02:16:23.211 -0.001019624470455899,-0.21397222373624916,1.3751152258848553e-05,-0.0011958339921528459,1.2552841532373739e-06,-0.7646347334194049,0.6444627952241487
2026-09-30T02:16:23.254 -0.0030469983081914784,-0.22472379469119372,1.6869214647354264e-05,-0.0012053614584585236,5.887087952151124e-08,-0.7695556047297472,0.6385786704336313
2026-09-30T02:16:23.336 -0.005198351968269548,-0.2352839170880137,2.024287211017074e-05,-0.0012141411851891353,-9.029771169581609e-07,-0.7744025668645276,0.6326920185161166
2026-09-30T02:16:23.374 -0.007514215355734312,-0.24578741714352867,2.3623306762257483e-05,-0.001226069111475454,-4.84843666719672e-06,-0.779201068123646,0.626772839365265
2026-09-30T02:16:23.444 -0.010004123080189954,-0.2563167282013991,2.771106324639411e-05,-0.0012311429150020355,-2.683480809673261e-06,-0.7839879523888015,0.6207748181016496
2026-09-30T02:16:23.479 -0.012666645619740277,-0.26684204792130045,3.211644519096902e-05,-0.0012400450718068753,-4.1475160766914465e-06,-0.7887499788848076,0.6147128867042188
2026-09-30T02:16:23.553 -0.015450286706951886,-0.2771999397189048,3.6743100273235926e-05,-0.0012458488508402567,-2.737539817947534e-06,-0.7934429260732645,0.6086433856680303
2026-09-30T02:16:23.593 -0.018339312802251356,-0.2873272820774346,4.076147677769535e-05,-0.0012567359210305593,-5.472496568895674e-06,-0.7980445547520418,0.602597136746842
2026-09-30T02:16:23.665 -0.021343734978943204,-0.297279984279549,4.531990321582745e-05,-0.0012649980791654021,-6.3215974705772395e-06,-0.8025743618876041,0.5965507466935249
2026-09-30T02:16:23.703 -0.024420639708683103,-0.30696673146922215,4.996308123856291e-05,-0.0012721004520308862,-6.233070479773048e-06,-0.807028710395492,0.5905108316694776
2026-09-30T02:16:23.772 -0.027633444557724044,-0.3165522120784545,5.455289220151453e-05,-0.001283877579523302,-9.691990057672289e-06,-0.8114369214014089,0.5844385974172396
2026-09-30T02:16:23.809 -0.031008849342931927,-0.3261330455724004,6.027895996997515e-05,-0.0012878912901219898,-7.473109323245614e-06,-0.8158321452260279,0.5782873438837088
2026-09-30T02:16:23.883 -0.03453779638719448,-0.3356846747235707,6.591996330787214e-05,-0.0012944779446238065,-7.59199240902735e-06,-0.8202038235907984,0.5720699363156986
2026-09-30T02:16:23.928 -0.03821647080941103,-0.345192138718057,7.170828660866138e-05,-0.0013002104809415323,-6.410538910157054e-06,-0.824539501726643,0.565802898104976
2026-09-30T02:16:23.996 -0.04204010398135911,-0.3546482253337665,7.785990653048971e-05,-0.001305575417250235,-5.770076939361686e-06,-0.8288345300469158,0.5594922852385409
2026-09-30T02:16:24.035 -0.046009650145974065,-0.3640469741182867,8.406340596464418e-05,-0.0013118748191624117,-5.529202050603519e-06,-0.8330862252904293,0.5531415914440272
2026-09-30T02:16:24.105 -0.05012272456641162,-0.3733837358792371,9.07024442070973e-05,-0.001318182294342355,-5.198965187062465e-06,-0.8372920251667756,0.54675435705674
2026-09-30T02:16:24.159 -0.05437885101133073,-0.3826553515645072,9.741863938943138e-05,-0.0013251522330400586,-5.581441030532365e-06,-0.8414526444229439,0.540329243271213
2026-09-30T02:16:24.218 -0.058776121902335346,-0.39185967538284144,0.00010437288800863667,-0.0013314167595194818,-5.428008871547366e-06,-0.8455649846689698,0.5338708495523183
2026-09-30T02:16:24.257 -0.06331024578150103,-0.40099479993158177,0.00011152860209695613,-0.0013384274368595183,-5.943098210986874e-06,-0.8496292235736133,0.527378792734762
2026-09-30T02:16:24.328 -0.06798503735603723,-0.41005768542186954,0.00011890671374031932,-0.001344171775383334,-5.39244249242654e-06,-0.8536447666760407,0.5208539195396035
2026-09-30T02:16:24.367 -0.072798112502261,-0.4190473781493768,0.00012647365084724374,-0.0013510081003289029,-5.771036756721905e-06,-0.8576129234287594,0.5142939318247738
2026-09-30T02:16:24.440 -0.07774851724196827,-0.4279619111487811,0.00013443652123181507,-0.0013576822789557483,-6.263087855850175e-06,-0.8615313702181573,0.5077025258846244
2026-09-30T02:16:24.474 -0.08283482162011743,-0.4368002711231738,0.00014245033665901362,-0.001363714506657699,-5.804662705164735e-06,-0.8653987365019347,0.5010819963937093
2026-09-30T02:16:24.546 -0.08805607176625369,-0.4455594182236374,0.00015066260019716587,-0.0013707057366428618,-6.51513012233842e-06,-0.869215795883301,0.4944310076343273
2026-09-30T02:16:24.586 -0.09341226773170377,-0.45423714707831836,0.0001590584103429815,-0.0013773204619942124,-6.84298261535121e-06,-0.8729818341545581,0.48775077670636485
2026-09-30T02:16:24.660 -0.0988986409482627,-0.46283083502278494,0.00016777923879245871,-0.0013829721025471876,-6.752689026091797e-06,-0.8766967921742053,0.48104139316073763
2026-09-30T02:16:24.700 -0.10460245103336613,-0.4714649972586003,0.00017690347054461636,-0.0013900868163674773,-7.429262282959309e-06,-0.880388384516743,0.4742513679594912
2026-09-30T02:16:24.772 -0.11055755228122585,-0.48017474134770083,0.00018690187236875694,-0.0013924745465654304,-5.526514689168107e-06,-0.8840746169173146,0.467343698691443
2026-09-30T02:16:24.813 -0.11672484593096653,-0.4889002237345819,0.00019702715965262463,-0.0013969284413227158,-4.996364337991616e-06,-0.8877324763584394,0.4603575773075522
2026-09-30T02:16:24.887 -0.12298178728155033,-0.49747222528987933,0.0002069812366917128,-0.0014012040068548117,-4.769149543977097e-06,-0.8913146379445743,0.4533831192163191
2026-09-30T02:16:24.924 -0.12927401852645826,-0.5058228556388912,0.0002162311100764149,-0.0014092038127449067,-5.98677712326402e-06,-0.8947942761386022,0.446476446745366
2026-09-30T02:16:25.013 -0.13572265210836149,-0.5141030352667971,0.0002263243067037288,-0.0014178711102054902,-7.414583656048442e-06,-0.8982168126593987,0.43955039192626094
2026-09-30T02:16:25.053 -0.14245786259186372,-0.5224757845160066,0.00023731766472172652,-0.0014193040343471821,-4.835498306743949e-06,-0.9016349449652615,0.43249556248609766
2026-09-30T02:16:25.122 -0.1495149354897242,-0.5309629489330676,0.00024934148424165023,-0.0014231079307165484,-4.275146305603162e-06,-0.9050616594925963,0.4252779882171757
2026-09-30T02:16:25.179 -0.15693583342741535,-0.5395967453569439,0.00026156804782518365,-0.0014249725550995785,-2.661982728694953e-06,-0.9084936217966841,0.41789628928823314
2026-09-30T02:16:25.247 -0.16457846018777034,-0.5481942155413498,0.0002745475137992024,-0.001428809997916363,-1.8849203723194146e-06,-0.9118893434152398,0.41043365342544713
2026-09-30T02:16:25.289 -0.17226162294912994,-0.5565826825494207,0.00028616051995702523,-0.0014305458412550314,-1.6912240556366775e-06,-0.9151663931637937,0.40307372323101004
2026-09-30T02:16:25.362 -0.17995146479167815,-0.5647166378083881,0.0002976797315085803,-0.0014370424119652492,-2.7674463899625136e-06,-0.9183247655627049,0.3958251632421193
2026-09-30T02:16:25.403 -0.18767850246139806,-0.5726329471752231,0.0003093620220043171,-0.0014440084504395029,-3.3534074467571277e-06,-0.921388604196041,0.38863987814687945
2026-09-30T02:16:25.470 -0.1955829234383928,-0.5804790743060233,0.0003218165007117123,-0.0014497623162686608,-3.5996514423725216e-06,-0.9243983229345978,0.38142579715060143
2026-09-30T02:16:25.511 -0.20373196111236813,-0.5883111676226619,0.0003350600740992507,-0.0014529697629792663,-2.6642019918386435e-06,-0.9273806857469409,0.3741162286981194
2026-09-30T02:16:25.583 -0.21219094204194902,-0.5961893690342631,0.0003487490061466944,-0.00145633096188994,-2.2091369083459962e-06,-0.9303442737386882,0.366684348475473
2026-09-30T02:16:25.621 -0.22104378801714097,-0.6041648203825495,0.0003635226357588252,-0.0014591820525025542,-1.5079880174304681e-06,-0.9333120952560986,0.3590632306908278
2026-09-30T02:16:26.506 -0.2302885921332349,-0.6122136797856156,0.0003792885364602479,-0.0014615294658512053,-6.20738049436074e-07,-0.9362789646795695,0.3512542728989765
2026-09-30T02:16:26.542 -0.2398538311754279,-0.6202586093165086,0.00039511404324931717,-0.001463219970722171,-5.986413127582557e-08,-0.9392131123779665,0.34333160140687186
2026-09-30T02:16:27.836 -0.24955783262887857,-0.6281498500179764,0.00041050326827779565,-0.0014649689336513486,3.2184833666474763e-07,-0.9420613099254137,0.3354375384591503
2026-09-30T02:16:27.893 -0.25930952181205114,-0.6358223422736311,0.00042513338654987697,-0.0014676833945276811,5.558778126426153e-08,-0.9447926211957741,0.32766560521279764
2026-09-30T02:16:27.959 -0.26924336357588496,-0.6433768792305373,0.00044034950966692377,-0.0014733110188136298,-2.975135860468343e-07,-0.9474455499048215,0.31991367479384797
2026-09-30T02:16:27.998 -0.2794304046436074,-0.6508596553827464,0.0004571133458916635,-0.0014777554690291878,2.090474653729143e-07,-0.9500491869020476,0.312096713705044
2026-09-30T02:16:28.076 -0.2898310704756893,-0.6582390797705354,0.0004737827927488231,-0.0014807883355224965,-1.7857651374373816e-07,-0.9525933397931066,0.3042428902171566
2026-09-30T02:16:28.117 -0.3003995850247779,-0.6654774518797338,0.0004904195770682385,-0.001485225255223143,-7.390676350377455e-07,-0.9550532699239099,0.29643050739261395
2026-09-30T02:16:28.186 -0.3111163975538746,-0.672566516220838,0.0005073355126457694,-0.0014869985060367383,2.6312164571264437e-07,-0.957433510524565,0.2886500680061957
2026-09-30T02:16:28.226 -0.3219810313304143,-0.679505497927473,0.0005244702408543311,-0.0014931211371432902,-1.1456833793039386e-06,-0.9597456195746135,0.2808667233676833
2026-09-30T02:16:28.296 -0.33296964479007096,-0.686273445666831,0.0005417860617634806,-0.0014978696976961495,-1.4151054603649225e-06,-0.9619749385173002,0.2731336194045007
2026-09-30T02:16:28.338 -0.3440583962576707,-0.6928619548838341,0.0005592154752098555,-0.0015004787916557123,-1.1257058904711325e-06,-0.9641074605007519,0.26550810377259626
2026-09-30T02:16:28.405 -0.35524823957732404,-0.6992780291362791,0.000576596077630886,-0.0015019839767445328,-5.080771995435155e-07,-0.9661461649345641,0.25799095338036504
2026-09-30T02:16:28.455 -0.3665377438353635,-0.7055238141733242,0.0005941640258684208,-0.0015045490771794284,-2.8002748497200666e-07,-0.9680868179982702,0.25061055275063776
2026-09-30T02:16:28.511 -0.3779106968797336,-0.7115967765934801,0.0006117297733174312,-0.0015052775359749803,6.145433869344375e-07,-0.9699234016666772,0.24340568818025535
2026-09-30T02:16:28.548 -0.38937711163601046,-0.717508628835459,0.0006296220784190806,-0.001506249918652934,1.352952978232666e-06,-0.9716634245605748,0.23636395787126327
2026-09-30T02:16:28.625 -0.4009489092881957,-0.7232697422575827,0.0006476064716978704,-0.001507947095713585,1.269753231667383e-06,-0.9733179133485556,0.22945580325796525
2026-09-30T02:16:28.663 -0.4126241825763237,-0.7288826202309318,0.000665605432130142,-0.0015098196640092256,1.4962994666638254e-06,-0.9748955112891746,0.22265772501883327
2026-09-30T02:16:28.756 -0.42440006986094897,-0.7343478587658621,0.00068400186593973,-0.0015130546407579142,1.074704254277505e-06,-0.9764028336738727,0.2159518859795646
2026-09-30T02:16:28.796 -0.4362713260289548,-0.7396639974825475,0.0007027427762292853,-0.001516183991164547,7.359874628843519e-07,-0.9778455442074188,0.20932222256430455
2026-09-30T02:16:28.868 -0.4482231700383152,-0.7448257313815931,0.0007212832503090184,-0.001519712524639447,4.877931643068435e-07,-0.9792171453292244,0.20280895632809012
2026-09-30T02:16:28.906 -0.46023843492590466,-0.7498292157471839,0.0007401623894851138,-0.0015197939145598605,1.0169436144292056e-06,-0.9805109044591078,0.1964587907480997
2026-09-30T02:16:28.978 -0.4723228434058205,-0.7546844344294531,0.0007588826037041127,-0.0015200434074068697,1.6139612038371986e-06,-0.981732362040002,0.19026102803462802
2026-09-30T02:16:29.021 -0.4844835474091089,-0.7593992553315015,0.0007777830283404903,-0.0015211916977575758,1.8023592172508175e-06,-0.9828897431081848,0.18418859591542758
2026-09-30T02:16:29.089 -0.49672245421576183,-0.7639751983957792,0.0007968964816482755,-0.0015225211823819522,1.4823409691415903e-06,-0.9839901413438964,0.17821639561238684
2026-09-30T02:16:29.129 -0.5090333648517273,-0.7684126211720993,0.0008162727671653047,-0.00152560063776144,1.240270741137541e-06,-0.985039516115374,0.1723218623168452
2026-09-30T02:16:29.201 -0.5214134185704917,-0.7727104358397041,0.0008357434485649748,-0.0015277952964974253,1.0401151035520186e-06,-0.9860417438950266,0.16649127645887393
2026-09-30T02:16:29.238 -0.533855939832799,-0.776868031366956,0.0008551936627283758,-0.0015312108030721844,5.9011086094601e-07,-0.9870006378148375,0.16070904251544918
2026-09-30T02:16:29.307 -0.5463499609534209,-0.7808813992033583,0.0008749189926021546,-0.0015344684996886069,5.8900842315904076e-08,-0.9879099997918298,0.15502089445531916
2026-09-30T02:16:29.345 -0.5588830850117148,-0.784751984605556,0.0008943633951084139,-0.0015331952778543073,8.448850238168571e-07,-0.9887630379952117,0.14948345729881288
2026-09-30T02:16:29.415 -0.5714591259031272,-0.7884869550800281,0.0009139799371371188,-0.00153227961367604,1.118350855706717e-06,-0.9895636825225638,0.14408806456579826
2026-09-30T02:16:29.458 -0.5840861899368411,-0.792092450007263,0.0009336771285056825,-0.001533113290689898,9.967078801589653e-07,-0.9903189062225044,0.13880242627889255
2026-09-30T02:16:29.521 -0.5967580782716153,-0.7955676348441927,0.0009534302668441166,-0.001534859942742393,8.836430221896211e-07,-0.9910259677268882,0.13366067295640896
2026-09-30T02:16:29.573 -0.6094638236411931,-0.7989145211094993,0.0009732220120898102,-0.0015331777032228662,1.595371404676682e-06,-0.9916807574332344,0.1287125662094883
2026-09-30T02:16:29.629 -0.622206763808563,-0.8021423624663099,0.0009930427421242674,-0.0015321478456624784,1.9950859570396047e-06,-0.992288755869321,0.12393820030286944
2026-09-30T02:16:29.671 -0.6349959586221751,-0.8052567022606562,0.0010128918813829615,-0.001532696811462072,1.969043932962601e-06,-0.9928569362779055,0.11930111031108728
2026-09-30T02:16:29.737 -0.6478304540254823,-0.808259924666281,0.001032991439534242,-0.0015354978517797195,1.488053967025171e-06,-0.9933910203777532,0.11476899789132725
2026-09-30T02:16:29.776 -0.6607064355142827,-0.8111520445363402,0.001053216175999427,-0.001538311810683636,1.2762346807768488e-06,-0.9938953016335913,0.11031664872455671
2026-09-30T02:16:29.845 -0.6736196117679951,-0.81393334493889,0.001073425195171068,-0.0015424598540273594,8.041151087257157e-07,-0.9943728785606405,0.10592544170301159
2026-09-30T02:16:29.886 -0.6865666444805995,-0.8166040195469503,0.001093896341279143,-0.001546419706376187,5.630372419898716e-07,-0.9948263154685635,0.10157859339948085
2026-09-30T02:16:29.954 -0.6995418122062979,-0.8191637553641629,0.0011142480385474055,-0.001550710012031152,-5.3044594930080676e-08,-0.9952572809458319,0.09726530739562579
2026-09-30T02:16:29.991 -0.7125389156145229,-0.8216112857137278,0.001134768508529115,-0.0015541038201575268,-4.215010478455443e-07,-0.9956613648887039,0.09303779462724822
2026-09-30T02:16:30.061 -0.7255574782020734,-0.8239519452053945,0.0011552036787430995,-0.0015518759498270988,-1.3673651087605927e-07,-0.9960429820093881,0.0888592689079962
2026-09-30T02:16:30.100 -0.7386013140713914,-0.8261839457477766,0.0011759470100442268,-0.0015602606637126618,-9.061225241820993e-07,-0.9964032519995194,0.08472381595881094
2026-09-30T02:16:30.170 -0.7516575497917395,-0.8283090008124555,0.0011962330894724452,-0.0015565517716855301,-4.0320427182781704e-07,-0.9967361126163216,0.08071368504115813
2026-09-30T02:16:30.209 -0.7647309528769548,-0.8303330113192071,0.0012165611949983962,-0.0015555249402363493,-8.523406434563856e-09,-0.9970437576065949,0.07682008695570423
2026-09-30T02:16:30.279 -0.7778281985737349,-0.8322592407063318,0.001237210102743081,-0.0015555553337152526,-3.4266631644582977e-07,-0.9973338777982204,0.07295694924714823
2026-09-30T02:16:30.317 -0.7909540554903247,-0.8340852601446138,0.001258053241326821,-0.0015635388626401416,-1.0227040451121708e-06,-0.9976135613064302,0.06902707905366179
2026-09-30T02:16:30.417 -0.8040961259537792,-0.8358049003972303,0.0012790710075587057,-0.0015718447692750284,-1.6994504086161736e-06,-0.9978788799508204,0.06507895396538976
2026-09-30T02:16:30.457 -0.8172429668063189,-0.837419964360713,0.0012996492617092044,-0.0015691145381713408,-1.3719849139452218e-06,-0.9981241200955255,0.06120276759442068
2026-09-30T02:16:30.540 -0.8304017297809093,-0.8389353397058967,0.0013202761500910112,-0.0015682736007908578,-9.62827119316278e-07,-0.9983497483194744,0.05740488260965551
2026-09-30T02:16:30.583 -0.8435738452932922,-0.8403528741947717,0.0013409986382242728,-0.0015669979565589008,-1.0802041294581482e-06,-0.9985576143144289,0.053667824726866854
2026-09-30T02:16:30.661 -0.8567583596310236,-0.8416738195128682,0.0013618301195961475,-0.0015677670906743117,-9.274347784368087e-07,-0.9987492063372875,0.04997564352890183
2026-09-30T02:16:30.697 -0.8699562268398777,-0.8428985183989445,0.0013825336838417465,-0.0015677632197943084,-1.166117394257767e-06,-0.9989255399633211,0.046317466749753414
2026-09-30T02:16:30.778 -0.8831650621629662,-0.8440276562763326,0.001403463188844464,-0.0015686744095726876,-1.208019722526657e-06,-0.9990872695499461,0.042686849056483386
2026-09-30T02:16:30.818 -0.8963848660226864,-0.8450613672555326,0.0014243504140600083,-0.001568864349731191,-1.2117352367123707e-06,-0.9992350520978815,0.039074919348960124
2026-09-30T02:16:30.890 -0.9096127773710394,-0.8460000536318734,0.001445205737116326,-0.0015688130458587793,-1.2308654779605845e-06,-0.9993691852668571,0.03547915392410943
2026-09-30T02:16:30.929 -0.922849272881729,-0.8468435514985659,0.0014661342199146549,-0.0015664374026878813,-1.2871726048109922e-06,-0.9994898495171143,0.03189963925286391
2026-09-30T02:16:30.995 -0.9360905380477388,-0.8475920992261842,0.0014870106219128736,-0.0015662106881537098,-1.1109463390777764e-06,-0.9995976970701922,0.028319445524490963
2026-09-30T02:16:31.037 -0.9493389567940294,-0.8482455925365864,0.0015080026253125294,-0.001573684550927837,-1.3945568154018825e-06,-0.9996930812580663,0.02472381038073756
2026-09-30T02:16:31.107 -0.9625897612299376,-0.8488037333465696,0.0015288046679127955,-0.0015690373254580003,-1.2833902547134763e-06,-0.9997751830809439,0.02114524569943295
2026-09-30T02:16:31.146 -0.9758477191417543,-0.8492676244020303,0.001549781916616386,-0.0015750997411062481,-1.386389644491192e-06,-0.9998444018115205,0.017569610839354
2026-09-30T02:16:31.214 -0.9891071086375364,-0.8496368334972694,0.00157083591733635,-0.0015710637415524667,-1.3512858369411914e-06,-0.9999005749826649,0.014013276070582881
2026-09-30T02:16:31.268 -1.0023726984050574,-0.8499119716399682,0.0015917655934773796,-0.0015730411607411227,-1.4645145821081355e-06,-0.9999441072231625,0.010455045147415075
2026-09-30T02:16:31.326 -1.015636382148891,-0.8500932920478008,0.0016126028316973957,-0.0015698545560312608,-1.2125358184034193e-06,-0.999974470448886,0.006970940085304419
2026-09-30T02:16:31.377 -1.0288938681590298,-0.8501839388117316,0.0016334302539954349,-0.0015639996232587198,-1.0975469334123104e-06,-0.9999923181294661,0.003594104343290162
2026-09-30T02:16:31.443 -1.0421461102117962,-0.8501888144258188,0.0016541450610355398,-0.001536478484533141,-1.0511635770255263e-06,-0.9999987376620878,0.00040485428575945387
2026-09-30T02:16:31.483 -1.0553926316808553,-0.8501155482786253,0.0016745527852821563,-0.0015542383260723958,-7.446714100308173e-07,-0.9999955830715839,-0.0025334127169939066
2026-09-30T02:16:31.566 -1.0686434454738214,-0.8499716655825597,0.0016950268879192668,-0.0015494111947727347,-5.74011619896883e-07,-0.9999848157868009,-0.005288432703373918
2026-09-30T02:16:31.619 -1.081907611328175,-0.8497602956955236,0.0017156561998429099,-0.0015484879662585808,-3.640970959493415e-07,-0.9999677858711981,-0.007875874855496729
2026-09-30T02:16:31.690 -1.09518179145333,-0.8494837333543277,0.001736375839347657,-0.001548756937393565,-9.50350097029422e-07,-0.9999452706507461,-0.010346837886610465
2026-09-30T02:16:31.730 -1.1084636014705982,-0.8491444372205329,0.0017572863451832833,-0.0015512050561441338,-1.1178899572574428e-06,-0.9999176867981636,-0.012736302047048646
2026-09-30T02:16:31.809 -1.1217492270991853,-0.8487433907227991,0.0017781134655038516,-0.0015542705763830218,-1.2239770292259785e-06,-0.9998854528508619,-0.015055411608598556
2026-09-30T02:16:31.845 -1.1350367605591891,-0.8482813537962849,0.0017991224052796052,-0.0015583153001111592,-1.1807953869721162e-06,-0.9998485687004173,-0.017332377787197206
2026-09-30T02:16:31.926 -1.1483242949388748,-0.8477593694983118,0.0018200270272520748,-0.0015624028398780222,-1.2790761215505393e-06,-0.9998072735217064,-0.019569739620693225
2026-09-30T02:16:31.965 -1.1616118298573368,-0.8471777507532209,0.0018410657497535338,-0.001565128223055352,-1.2555265996713061e-06,-0.9997615089150023,-0.021782462304962037
2026-09-30T02:16:32.044 -1.1748993657532154,-0.8465372128168015,0.0018619554511921784,-0.001566464887642588,-1.1896584452892327e-06,-0.999711215355056,-0.02397982651433092
2026-09-30T02:16:32.080 -1.188184041088249,-0.8458378003564566,0.0018830194331313904,-0.0015666863814976341,-1.0382084590502917e-06,-0.9996565714207468,-0.026158836136605555
2026-09-30T02:16:32.177 -1.201470147563094,-0.845080854530746,0.0019041452720206275,-0.0015756348061727174,-9.187800328531923e-07,-0.9995971522161623,-0.028338148412557575
2026-09-30T02:16:32.216 -1.214750056239839,-0.8442664199471508,0.0019250377832772598,-0.0015738698289448536,-9.36504442625252e-07,-0.9995357739533015,-0.03042629652880878
2026-09-30T02:16:32.296 -1.2280237670954386,-0.8434000696399623,0.0019456671655277062,-0.0015714746119287436,-7.579726786770255e-07,-0.9994742165630118,-0.03238550436110691
2026-09-30T02:16:32.344 -1.2412936634763025,-0.8424864826037218,0.00196652892689239,-0.0015613172377515782,-1.0344580803876988e-06,-0.9994134393231033,-0.03421022636258076
2026-09-30T02:16:32.420 -1.2545678520858095,-0.8415266871206675,0.001987322960356772,-0.0015610776598248238,-1.27902510890601e-06,-0.9993503294829105,-0.036006693784663014
2026-09-30T02:16:32.460 -1.267847286209019,-0.8405178221798077,0.002008318993879259,-0.0015708379080067395,-1.0628459664558976e-06,-0.999281430507282,-0.037870240433054876
2026-09-30T02:16:32.535 -1.2811276743921343,-0.8394576525529385,0.0020294804394384736,-0.001576212189987693,-1.0259320321371318e-06,-0.9992081839968833,-0.03975576169224527
2026-09-30T02:16:32.573 -1.2944042487436629,-0.8383478173078139,0.0020504868340078712,-0.0015745600050222097,-8.89237061901094e-07,-0.9991346445251659,-0.04156299880386676
2026-09-30T02:16:32.647 -1.3076755789747303,-0.8371932338096503,0.002071157102890733,-0.001570982225370461,-9.561751278066116e-07,-0.9990639071127226,-0.04323009968291325
2026-09-30T02:16:32.686 -1.3209411874426895,-0.8359980445751684,0.00209196732939674,-0.0015657599147802556,-1.1700005304854336e-06,-0.9989975807357642,-0.04473680899003355
2026-09-30T02:16:32.769 -1.3342015516358627,-0.8347684931969958,0.002112456333057586,-0.0015559423311732362,-1.6900996822344016e-06,-0.9989375153188645,-0.04605887025513107
2026-09-30T02:16:32.808 -1.347462869621033,-0.8335089159909967,0.00213311075223564,-0.0015568572833471958,-1.3576297702965087e-06,-0.9988824473096176,-0.047238042405516496
2026-09-30T02:16:32.890 -1.3607241881109675,-0.832220475235784,0.002153675759837212,-0.0015551530524025878,-1.0600954019049285e-06,-0.9988316125707906,-0.048301047888155924
2026-09-30T02:16:32.933 -1.373988844209953,-0.8309067323508244,0.002174603668232365,-0.0015557259200108635,-1.3054452124243535e-06,-0.9987836365461811,-0.04928313182767109
2026-09-30T02:16:33.008 -1.3872535009287208,-0.8295680896255474,0.0021953378577013825,-0.0015557895862144437,-1.0912864596267372e-06,-0.9987379254968307,-0.050200953097122115
2026-09-30T02:16:33.053 -1.400517680802381,-0.8282057987514188,0.0022162650042257003,-0.0015548216077817198,-1.2190324190618566e-06,-0.9986938242870056,-0.05107081220499506
2026-09-30T02:16:33.121 -1.4137837682403425,-0.82682057501422,0.0022372398661469855,-0.0015626956501929162,-8.816869228661044e-07,-0.9986498351892591,-0.05192364257246642
2026-09-30T02:16:33.161 -1.4270460414975727,-0.8254134167197456,0.002258059681614292,-0.0015625064555144113,-9.310656637591818e-07,-0.9986074615137921,-0.05273230870813366
2026-09-30T02:16:33.242 -1.4403092687273853,-0.8239862163754794,0.0022788511993784206,-0.001562385922716184,-7.015895632945513e-07,-0.9985675908087491,-0.05348201133228704
2026-09-30T02:16:33.287 -1.4535701117487991,-0.8225404640554812,0.002299802857025987,-0.001563207942812432,-7.385785453078848e-07,-0.9985298648120972,-0.05418178161261537
2026-09-30T02:16:33.367 -1.4668304784102557,-0.8210774412836872,0.0023205898453503874,-0.0015641982329587648,-5.54217291433164e-07,-0.9984945821372764,-0.05482811984818342
2026-09-30T02:16:33.412 -1.4800913219672809,-0.8195985040777266,0.0023414669918572187,-0.0015650636045004818,-5.313356734311153e-07,-0.9984613854404276,-0.05542934565745508
2026-09-30T02:16:33.492 -1.4933535961486712,-0.8181048445425096,0.002362391101173905,-0.0015657355043955758,-4.5249418165286327e-07,-0.9984304535788595,-0.055983728336351395
2026-09-30T02:16:33.531 -1.5066168242219706,-0.8165975504568137,0.0023832869138354575,-0.0015661796685194707,-5.017818060691029e-07,-0.9984014885981852,-0.056497917182160115
2026-09-30T02:16:33.612 -1.5198781451096166,-0.8150775009531233,0.0024041797086903835,-0.0015667500891667068,-5.277764861265571e-07,-0.9983747286177609,-0.05696882086976841
2026-09-30T02:16:33.648 -1.5331394664960656,-0.8135459030495494,0.002424848984517871,-0.0015674800908654129,-4.948450742481912e-07,-0.9983500544216922,-0.05739958050477633
2026-09-30T02:16:33.730 -1.5463979263600298,-0.8120037401865956,0.0024459160658862143,-0.0015683092895955291,-4.679071718172034e-07,-0.9983271680724691,-0.05779624463714994
2026-09-30T02:16:33.769 -1.559655909762914,-0.810452338597729,0.0024668184792451023,-0.00156941606265478,-4.515333339390876e-07,-0.9983063078263572,-0.058155418381481014
2026-09-30T02:16:33.847 -1.5729143701551058,-0.8088925476611198,0.0024876918428767183,-0.0015704343511453909,-3.8434597657449945e-07,-0.9982872355841078,-0.05848186903341273
2026-09-30T02:16:33.886 -1.5861728306028005,-0.8073246057893327,0.0025085950074602618,-0.0015704154282289494,-2.4400521317284975e-07,-0.9982700116975559,-0.05877514390186626
2026-09-30T02:16:33.970 -1.5994322447377385,-0.8057499286046853,0.002529544382229988,-0.0015715658343670308,-3.502561267742649e-07,-0.9982545748269046,-0.05903671753969614
2026-09-30T02:16:34.006 -1.612690228561652,-0.8041688290015673,0.002550416988446176,-0.0015722621022906157,-3.349708935156475e-07,-0.9982406282666864,-0.0592720513353541
2026-09-30T02:16:34.080 -1.6259482124764786,-0.8025823798815837,0.0025712746926448015,-0.001572442971383957,-2.6175783958119084e-07,-0.9982283508623988,-0.05947845792863988
2026-09-30T02:16:34.120 -1.6392061963578495,-0.8009911027853628,0.0025921920006240105,-0.00157317791088686,-4.3296908554641763e-07,-0.9982176225735795,-0.059658219003118844
2026-09-30T02:16:34.196 -1.6524641805036067,-0.7993956682651937,0.0026129751976400953,-0.001573649204476298,-2.6011351947742803e-07,-0.998208384449911,-0.059812580967655994
2026-09-30T02:16:34.235 -1.6657202570177347,-0.79779670214577,0.002633963994354205,-0.0015742175144077579,-1.807444630679167e-07,-0.9982002786169467,-0.059947690599678416
2026-09-30T02:16:34.318 -1.6789753800376228,-0.7961947557821174,0.0026548618758652997,-0.0015743802478429662,-2.523422111815855e-07,-0.9981936630634384,-0.0600577417721194
2026-09-30T02:16:34.365 -1.6922295492231076,-0.7945906487380632,0.0026758774583033867,-0.0015746694944011035,-2.5866116915976494e-07,-0.9981882989758375,-0.06014682205769989
2026-09-30T02:16:34.444 -1.7054827651340083,-0.7929848280485086,0.0026966531143199487,-0.001574826262693342,-1.3719114214580448e-07,-0.9981840077641727,-0.060217992046210665
2026-09-30T02:16:34.483 -1.7187369342397767,-0.7913776960687184,0.002717743201976102,-0.0015750798935742312,-1.2933457707896416e-07,-0.9981808488459487,-0.06027032537238736
2026-09-30T02:16:34.565 -1.7319920575488157,-0.7897696253278402,0.002738506972202348,-0.0015750940815416647,-1.5744913652240112e-07,-0.9981789416842834,-0.06030190259563581
2026-09-30T02:16:34.602 -1.745246703652582,-0.7881608989298224,0.0027595084066723715,-0.0015751651338154545,-2.2027285929596387e-07,-0.9981751273268977,-0.06036500675626941
2026-09-30T02:16:34.687 -1.7585008729812444,-0.7865491624912428,0.002780494185577418,-0.0015771514333721044,-2.414182922620135e-07,-0.9981674375543291,-0.060491976323496004
2026-09-30T02:16:34.728 -1.7717536118521884,-0.7849332984130029,0.002801477702017114,-0.0015768706158026558,-2.553988092438961e-07,-0.9981579616179301,-0.06064814207982696
2026-09-30T02:16:34.811 -1.7850058738437344,-0.7833133514105816,0.002822520068429188,-0.0015768333355598303,-1.892281232542451e-07,-0.9981483066909408,-0.060806837169876685
2026-09-30T02:16:34.868 -1.7982586129886027,-0.7816888297577076,0.002843399275454828,-0.0015765069256232142,-1.3678720960830133e-07,-0.9981377580121126,-0.06097975611994731
2026-09-30T02:16:34.927 -1.8115103982892817,-0.7800591820933492,0.002864425985207572,-0.0015761022266135342,-2.225160691125024e-07,-0.9981263750125158,-0.06116580258687534
2026-09-30T02:16:34.968 -1.8247617068426227,-0.7784243190165728,0.002885437039034616,-0.001575755591734366,-2.2442346431184385e-07,-0.9981142767807314,-0.061362916168826664
2026-09-30T02:16:35.045 -1.8380115849321332,-0.776783942492142,0.002906460731312208,-0.0015753473182845595,-3.103766485226214e-07,-0.9981013442135509,-0.061572923918174205
2026-09-30T02:16:35.081 -1.8512619401688533,-0.7751376055092649,0.0029273361651192655,-0.001574936086555706,-3.225872844991528e-07,-0.9980877560595734,-0.061792805246117966
2026-09-30T02:16:35.163 -1.8645108648551934,-0.7734851441311137,0.0029482838418472134,-0.0015743974087635653,-2.1518868209862846e-07,-0.9980735124165635,-0.06202245629783639
2026-09-30T02:16:35.202 -1.8777597895281526,-0.7718262603524774,0.002969291122094952,-0.001573961675921651,-3.571811300119055e-07,-0.9980584343057027,-0.062264631660073656
2026-09-30T02:16:35.279 -1.8910072839172123,-0.7701606710333108,0.0029902067326002765,-0.001573490408852975,-3.9722048155868033e-07,-0.9980427602302835,-0.06251538114490188
2026-09-30T02:16:35.325 -1.9042538246261458,-0.7684881526621716,0.00301118043868238,-0.0015733513819976618,-2.5360765859557145e-07,-0.9980262515040944,-0.06277838699784252
2026-09-30T02:16:35.421 -1.9174994115889619,-0.7668083327100222,0.0030322569437080346,-0.0015730981977107113,-3.703900910725279e-07,-0.9980090276765131,-0.06305161408008775
2026-09-30T02:16:35.470 -1.9307454757888052,-0.7651210323809929,0.003053140486586844,-0.001572708887243422,-3.796616940528347e-07,-0.997992101942868,-0.06331896276999645
2026-09-30T02:16:35.551 -1.9439901094413488,-0.7634254916917974,0.003074111173183013,-0.001573227855481955,-1.481171800153177e-07,-0.9979706459768835,-0.06365622296818184
2026-09-30T02:16:35.588 -1.9572323587579974,-0.761719654270168,0.0030952569021554595,-0.0015718040069244864,-2.9649979942948626e-07,-0.997943350851653,-0.0640827427865796
2026-09-30T02:16:35.670 -1.970474608643083,-0.7600004803093173,0.003116149309522853,-0.0015711279252020327,-2.396778263452556e-07,-0.9979164723094225,-0.06449996783334744
2026-09-30T02:16:35.714 -1.9837182891588643,-0.7582716951175079,0.0031370439771083946,-0.0015730581265620818,-2.578127197892178e-07,-0.9978944787988264,-0.0648392988154784
2026-09-30T02:16:35.798 -1.9969581548265465,-0.7565346844366626,0.0031580965244762164,-0.001572726969727655,-1.4605054481881264e-07,-0.9978760629999817,-0.06512211161744062
2026-09-30T02:16:35.835 -2.010198259474816,-0.7547923093408471,0.0031788365239377105,-0.0015696255934850452,-2.2101164131018872e-07,-0.9978650396514616,-0.06529087927754319
2026-09-30T02:16:35.909 -2.0234345496804496,-0.7530488017087809,0.003199421480347714,-0.0015661296055829274,-3.9742452294969854e-07,-0.9978629564528975,-0.06532279370161262
2026-09-30T02:16:35.952 -2.0366725082410206,-0.7513077676904217,0.00322035180219663,-0.0015626405904591958,-5.069986275197586e-07,-0.9978706474729828,-0.06520528403418054
2026-09-30T02:16:36.028 -2.0499097518161036,-0.7495734093833128,0.0032410574771038324,-0.0015600743902346899,2.0870492671416497e-08,-0.9978880523836506,-0.06493844067931896
2026-09-30T02:16:36.069 -2.063149617404674,-0.7478501673754205,0.003262050422153458,-0.001560205065956,5.356758373722508e-07,-0.9979159445556899,-0.06450839760365029
2026-09-30T02:16:36.148 -2.076389958756581,-0.7461429292205515,0.003283595466025851,-0.0015547519828469879,-1.6090062341895825e-07,-0.9979562376768073,-0.06388216048473706
2026-09-30T02:16:36.185 -2.0896345913438266,-0.7444571487918277,0.0033051621999211863,-0.0015555279724405618,-9.28653263681516e-07,-0.9980049888545286,-0.06311594531762253
2026-09-30T02:16:36.264 -2.1028804163378707,-0.7427949718175129,0.0033263433927956314,-0.001558140049688498,-7.308881939275538e-07,-0.9980561820660053,-0.062301120687195746
2026-09-30T02:16:36.305 -2.1161331557603544,-0.7411540141838516,0.0033471778937052116,-0.0015668830377569257,-2.2140835631953152e-07,-0.9981111846703781,-0.06141341802400652
2026-09-30T02:16:36.378 -2.129386371156995,-0.7395403852857612,0.003368340978151394,-0.001564172660166895,-3.9849777148447764e-07,-0.9981728712763778,-0.060402586133396934
2026-09-30T02:16:36.414 -2.1426438774699945,-0.7379567077756712,0.003389659864292901,-0.0015663011933750982,-3.02593333727659e-07,-0.9982392622176421,-0.0592952111696878
2026-09-30T02:16:36.489 -2.1559061519378604,-0.7364047399966555,0.003410867085781179,-0.001568089518534359,-1.4753825402343444e-07,-0.9983090503933388,-0.058108355664141166
2026-09-30T02:16:36.529 -2.1691720024159866,-0.7348868363171709,0.003431975659318713,-0.0015694270260647929,-6.246421614350829e-08,-0.9983821166633451,-0.056839124075104094
2026-09-30T02:16:36.614 -2.1824430976662126,-0.7334049637114906,0.0034530776308378886,-0.0015703385272575975,3.260654967688478e-08,-0.9984578649932628,-0.05549257490875982
2026-09-30T02:16:36.667 -2.1957194375482247,-0.7319609103189438,0.003474247506344023,-0.001571039733606837,8.578802265547575e-08,-0.9985358779919621,-0.05407062230980492
2026-09-30T02:16:36.743 -2.2089993531795953,-0.7305566728741271,0.0034954379439807613,-0.0015726587970716051,1.3044911285243574e-07,-0.9986122212911723,-0.052641791688750224
2026-09-30T02:16:36.784 -2.222282129707587,-0.7291902546124788,0.0035164093942453055,-0.0015778508909121487,2.0001271583579912e-07,-0.9986853432569474,-0.051235686296557975
2026-09-30T02:16:36.865 -2.235565382484937,-0.7278611190621243,0.003537456110250918,-0.001580071951155686,4.6857392754783626e-07,-0.9987594208754533,-0.04977070006478495
2026-09-30T02:16:36.906 -2.2488519724952916,-0.7265739750260236,0.0035585677152056502,-0.0015767076475843953,2.4271341807836584e-07,-0.9988372572337508,-0.04818347802611601
2026-09-30T02:16:36.986 -2.262144045200869,-0.7253322497982366,0.0035799115149236565,-0.0015750356873196212,1.2930094362827354e-07,-0.9989165818278795,-0.04651001840326841
2026-09-30T02:16:37.028 -2.2754411243675423,-0.7241367480355352,0.0036010993258997074,-0.0015757947449097872,2.0458776790832635e-07,-0.9989956657204404,-0.04477919988849912
2026-09-30T02:16:37.107 -2.288740587279717,-0.7229890790302986,0.0036221866063519126,-0.0015763982023275387,-5.307214182726583e-08,-0.999071769499246,-0.04304781479181634
2026-09-30T02:16:37.148 -2.3020407651048718,-0.7218872758082455,0.0036431260137755905,-0.0015791074630525997,3.350905677400397e-08,-0.9991439974420803,-0.04133737769960169
2026-09-30T02:16:37.224 -2.3153392729743194,-0.7208315469555362,0.0036643459116889824,-0.0015802144839185787,6.198393576921932e-10,-0.9992137827828886,-0.039614633898283194
2026-09-30T02:16:37.265 -2.328638257485753,-0.7198230845921798,0.0036853132518399412,-0.0015801416357336148,8.639530784980439e-08,-0.9992817211248884,-0.0378621840110231
2026-09-30T02:16:37.338 -2.34193938712362,-0.7188615609135904,0.003706313794638893,-0.001579994663127859,3.2255252408594074e-07,-0.9993472752181396,-0.036090540739097274
2026-09-30T02:16:37.375 -2.355242184964169,-0.7179482872159412,0.003727391489797953,-0.001579980901055905,1.5895220288439964e-07,-0.999410504473753,-0.03429500266577919
2026-09-30T02:16:37.454 -2.3685473663074865,-0.7170834125198544,0.0037485176659514665,-0.0015801111312051446,9.559642503135246e-08,-0.9994711704859143,-0.03247895651526303
2026-09-30T02:16:37.495 -2.381854693009011,-0.7162676520780988,0.0037695131325405705,-0.0015799254699779188,2.9638401189488475e-07,-0.9995290948181418,-0.03064461530918441
2026-09-30T02:16:37.581 -2.395161541922386,-0.7155012740784941,0.0037907164692728094,-0.0015781326757980162,1.420234042566502e-07,-0.9995826099032624,-0.028846411843071802
2026-09-30T02:16:37.628 -2.408468390833044,-0.7147818943413593,0.0038115472851281266,-0.0015759406766529106,1.1643529024048375e-07,-0.9996338005096923,-0.027014464449975715
2026-09-30T02:16:37.699 -2.4217790533548027,-0.7141128507747089,0.003832667262366054,-0.0015784832562756243,2.1125063774428062e-07,-0.9996829604802828,-0.0251294034139811
2026-09-30T02:16:37.745 -2.4350930529012587,-0.7134948586283064,0.0038539117346052597,-0.0015804081529231984,3.0514533282769154e-07,-0.9997300939659624,-0.023178471234861317
2026-09-30T02:16:37.821 -2.448412535478015,-0.7129312259869853,0.003875105281361331,-0.0015780174244207073,1.0935558027837382e-07,-0.9997756804717166,-0.021121046335639968
2026-09-30T02:16:37.863 -2.461734878328657,-0.7124249330499512,0.0038963182622191793,-0.0015776586859418522,2.9291361388147836e-07,-0.9998171526081607,-0.019057081190326626
2026-09-30T02:16:37.941 -2.4750586513811705,-0.7119730293693244,0.00391729509548234,-0.0015807319087888976,6.287730089649592e-07,-0.9998554029915242,-0.016931461688061457
2026-09-30T02:16:37.981 -2.4883817078955146,-0.7115800150686631,0.003938613533761721,-0.0015789739115047233,-1.2163199699315074e-07,-0.9998900209347346,-0.014746283481219181
2026-09-30T02:16:38.056 -2.5017066717139733,-0.7112464862275785,0.003959487963214093,-0.0015797981843233184,7.880638504415573e-07,-0.9999199280332671,-0.01255554694236385
2026-09-30T02:16:38.097 -2.5150323494767153,-0.7109702672613777,0.00398073606149968,-0.001581897874265903,1.253610247737006e-07,-0.999944529613123,-0.010413226968140045
2026-09-30T02:16:38.180 -2.528348728637284,-0.710750702393014,0.004001701246849305,-0.0015804992853463607,3.028218128637563e-07,-0.9999643061634377,-0.008299904878484431
2026-09-30T02:16:38.223 -2.5416634380851573,-0.7105878513231293,0.004022708506147793,-0.0015811663652314,-6.701040652397428e-08,-0.9999798489086368,-0.0061483078632299975
2026-09-30T02:16:38.302 -2.5549769544441028,-0.7104817736623473,0.004043892703618081,-0.0015793592856418685,3.8040826837115805e-10,-0.9999904469202922,-0.004075744398443125
2026-09-30T02:16:38.344 -2.5682854639365065,-0.7104290420956675,0.004064696464983989,-0.0015620091094770412,3.350985157005779e-07,-0.9999966468669739,-0.002065522267763587
2026-09-30T02:16:38.420 -2.581597549004699,-0.7104261698593558,0.0040855505924083865,-0.001557225224806388,2.171412555773736e-07,-0.9999987839465446,-8.458713964186657e-05
2026-09-30T02:16:38.474 -2.5949103478986224,-0.710480667102559,0.004106852894388589,-0.001586906289954595,2.2719705176876715e-07,-0.999996720737627,0.002010035414586752
2026-09-30T02:16:38.536 -2.6082205238626264,-0.7105912224811939,0.004127912640641475,-0.0015818808494523925,1.7705930376172777e-07,-0.999990572627393,0.0040437988680716115
2026-09-30T02:16:38.581 -2.6215328451570703,-0.7107530974860164,0.004148841677690674,-0.0015787732719004517,3.5341216766822303e-08,-0.9999807279732837,0.0060042615679243815
2026-09-30T02:16:38.659 -2.6348401586732497,-0.710967752340709,0.004169971423103035,-0.0015796888272413385,-3.477620935451387e-07,-0.9999671847693528,0.007945688613541531
2026-09-30T02:16:38.709 -2.648146518385576,-0.7112320876548688,0.00419078674478732,-0.001577661422250367,-1.5611831097305332e-08,-0.9999501870194535,0.009855681823010708
2026-09-30T02:16:38.791 -2.6614481085872543,-0.7115480703336304,0.004211907459612546,-0.001577651109337415,-1.1852873384363097e-07,-0.9999296710712675,0.011754315304172105
2026-09-30T02:16:38.846 -2.674749460030881,-0.7119134950622606,0.004232848991848917,-0.0015768689159531045,-1.1663235677700479e-07,-0.9999059968920658,0.013620237284731293
2026-09-30T02:16:38.921 -2.688051049184686,-0.7123276763933039,0.004253850513595486,-0.0015773941485977602,-3.6502152119038636e-08,-0.9998791627642065,0.015465176935551836
2026-09-30T02:16:38.961 -2.701350730351441,-0.7127908825206547,0.0042748639287830915,-0.0015769945899851612,-1.9515663006439628e-07,-0.9998501840582926,0.017237242430964358
2026-09-30T02:16:39.031 -2.7146446892790275,-0.713298076803846,0.004295644786866263,-0.0015736173464146654,-1.5875167247084396e-07,-0.9998201951333747,0.018897119671590138
2026-09-30T02:16:39.076 -2.7279365017548525,-0.7138467558927634,0.004316526567047564,-0.0015710793231917333,-1.8565803350313373e-07,-0.9997888350630477,0.02048943613181708
2026-09-30T02:16:39.150 -2.7412280753492153,-0.7144359661371285,0.004337378174608184,-0.00157096429943059,-2.641847250857275e-07,-0.9997572949377184,0.021974605569068436
2026-09-30T02:16:39.194 -2.7545175029165136,-0.7150609987460073,0.004358107186202234,-0.001559338782879655,1.939068864595256e-07,-0.9997254067788902,0.023381178398562043
2026-09-30T02:16:39.257 -2.767814559171681,-0.7157226883074475,0.0043789972780989015,-0.0015720619197827138,1.233669468874963e-07,-0.9996914131857391,0.024791269108409134
2026-09-30T02:16:39.298 -2.781107084574387,-0.7164225843891038,0.004400148434475382,-0.0015655583176528362,1.5641251484586748e-07,-0.9996563025063445,0.026169178177267664
2026-09-30T02:16:39.379 -2.7944041402685427,-0.717156902210238,0.004420815021112987,-0.0015710777883570174,2.7585555920345305e-07,-0.999620348102697,0.027508023803065745
2026-09-30T02:16:39.416 -2.807698333784373,-0.7179271317937439,0.004441924124321128,-0.0015709580744236729,2.2411444663309513e-07,-0.9995832061943771,0.02882613371313508
2026-09-30T02:16:39.490 -2.820993242532321,-0.7187309784059521,0.004462781044499296,-0.001570271556669791,3.9318178154960726e-07,-0.999545647777713,0.030100369694007013
2026-09-30T02:16:39.531 -2.8342886274621057,-0.7195681142182409,0.004483787735478172,-0.0015705375952073462,2.9627726160077116e-07,-0.9995073735349116,0.0313455524902227
2026-09-30T02:16:39.610 -2.847582581525961,-0.7204372875090891,0.004504762367621918,-0.0015702357174086975,3.5996960582776455e-07,-0.9994701731325668,0.032510111934893955
2026-09-30T02:16:39.656 -2.860874389753425,-0.7213346239676087,0.004525554797976043,-0.0015671035567936208,3.3472732625940487e-07,-0.9994342867693484,0.033595395758559785
2026-09-30T02:16:39.731 -2.8741676277440957,-0.7222594381853316,0.004546602814038447,-0.0015675901539551887,1.530160916493907e-07,-0.9993988746839093,0.034632815964369824
2026-09-30T02:16:39.773 -2.8874606274548698,-0.723210687060063,0.004567352434608243,-0.0015673705066084188,3.1606406768544926e-07,-0.9993660268004785,0.035568073136178706
2026-09-30T02:16:39.842 -2.9007502891599772,-0.724183184948645,0.004588022275430304,-0.0015636330116985573,3.1368430640926635e-07,-0.9993380702756866,0.03634523833150022
2026-09-30T02:16:39.883 -2.914036612689478,-0.7251717164446327,0.004608761347077254,-0.0015527639662551356,5.319733433027608e-07,-0.9993160213548545,0.03694696722717881
2026-09-30T02:16:39.951 -2.9273269892593548,-0.7261714536648746,0.004629462125534965,-0.0015525251974325325,6.704617697488744e-07,-0.999300998624458,0.03735108851456734
2026-09-30T02:16:39.958 -2.94062189613132,-0.7271748268255265,0.004649916747499403,-0.0015510228256544703,8.626336836896672e-07,-0.9992951575730703,0.03750709770780518
2026-09-30T02:16:40.001 -2.94062189613132,-0.7271748268255265,0.004649916747499403,-0.0015510228256544703,8.626336836896672e-07,-0.9992951575730703,0.03750709770780518
2026-09-30T02:16:40.070 -2.953919902524832,-0.7281752793976123,0.004670346467246457,-0.0015447358339852762,1.4221668161065638e-06,-0.999297606744018,0.03744204781870928
2026-09-30T02:16:40.109 -2.967224821991894,-0.7291698311967841,0.004691502372857647,-0.0015470506650750093,1.3504902774099343e-06,-0.9993050567525775,0.03724258558617959
2026-09-30T02:16:40.190 -2.9805342711762606,-0.7301564556351957,0.004712874055503821,-0.0015507911874327294,1.2253185990058337e-06,-0.9993159632994324,0.03694862027355579
2026-09-30T02:16:40.238 -2.993847774200292,-0.731133841404768,0.004733864715337697,-0.0015553354468302659,1.0705456097096236e-06,-0.9993293134369586,0.03658557415319223
2026-09-30T02:16:40.309 -3.0071622307194903,-0.7321010347920559,0.0047550505962179815,-0.001558069541181326,8.57555443582544e-07,-0.9993445727090374,0.036166246910082814
2026-09-30T02:16:40.345 -3.020478594711091,-0.7330563370767229,0.004776254392016146,-0.0015583649632815073,8.685873517526833e-07,-0.9993615627794651,0.035693673625339366
2026-09-30T02:16:40.439 -3.0337997274664645,-0.7339968574695458,0.004797331614414099,-0.0015669675861749853,6.439885356465479e-07,-0.9993800963220456,0.03517055142456618
2026-09-30T02:16:40.485 -3.047121098639249,-0.7349224767041557,0.0048185284204803214,-0.0015683367245007862,6.287456340867371e-07,-0.9994001856348298,0.03459493131358055
2026-09-30T02:16:40.592 -3.0604450924953945,-0.7358303337876264,0.004839818777112069,-0.0015689971866584107,6.593748141137724e-07,-0.9994226005815823,0.033941179916739526
2026-09-30T02:16:40.630 -3.0737707556838223,-0.7367191770104463,0.004861007461391083,-0.00157085233709233,6.235200628881332e-07,-0.9994466242954783,0.03322615847370095
2026-09-30T02:16:40.708 -3.0870980881601158,-0.7375869202100405,0.004882139176403838,-0.0015716903050900393,5.204409713094441e-07,-0.999474047037325,0.03239072534144789
2026-09-30T02:16:40.758 -3.100426851024143,-0.7384287950117624,0.00490355627068443,-0.0015693309010157825,5.532365263995996e-07,-0.9995026051605924,0.03149729317585622
2026-09-30T02:16:40.830 -3.113759906119057,-0.7392467386026861,0.004924726826997684,-0.0015750850553703994,4.813946318977216e-07,-0.9995307397169187,0.03059116649926782
2026-09-30T02:16:40.874 -3.1270912927246206,-0.7400392011869722,0.0049458202346750425,-0.0015750868488117662,4.191967337900947e-07,-0.9995596540193756,0.029631354304339635
2026-09-30T02:16:40.947 -3.140425540618077,-0.7408047225078341,0.004966962864953874,-0.0015756546845986652,4.295327751480145e-07,-0.9995889854014185,0.02862477207408158
2026-09-30T02:16:40.988 -3.1537607422812046,-0.7415419912390517,0.0049882709110399565,-0.0015768131743262592,2.5185692820425867e-07,-0.9996186146392948,0.027570617090790794
2026-09-30T02:16:41.065 -3.1670992826156312,-0.7422500537364074,0.0050093011081506125,-0.0015780777377471136,2.665219181467404e-07,-0.9996468132059607,0.026528447330172445
2026-09-30T02:16:41.112 -3.1804383001460033,-0.7429314431612344,0.005030317153685983,-0.0015812899352197931,1.9925559960531692e-07,-0.9996729834429157,0.02552304246051074
2026-09-30T02:16:41.193 -3.1937766025285073,-0.7435856230566912,0.005051481075301395,-0.001581126316217477,1.9230515818668695e-07,-0.9996984411681569,0.02450564762442517
2026-09-30T02:16:41.236 -3.2071151435140766,-0.7442120271906675,0.00507274967733667,-0.0015809330430956864,1.3060850103511477e-07,-0.9997233626088134,0.0234669747693079
2026-09-30T02:16:41.320 -3.2204541620924445,-0.7448101787290723,0.005093765709257214,-0.0015805645653185843,2.4221792100006652e-08,-0.9997475690343159,0.022412050901919472
2026-09-30T02:16:41.359 -3.2337950881405444,-0.7453798094689406,0.0051149337636587095,-0.001580527015281669,1.385558926989237e-07,-0.999770881193106,0.021346827696296474
2026-09-30T02:16:41.436 -3.247136014670037,-0.7459205617584312,0.005136027307623854,-0.0015800856895177187,1.6717710523750221e-07,-0.9997934189223627,0.020263830060451276
2026-09-30T02:16:41.474 -3.260479087240162,-0.746431899182732,0.005157183844033339,-0.0015796864085353861,4.150151471700142e-08,-0.9998160166285195,0.019116419223511132
2026-09-30T02:16:41.555 -3.2738250211915307,-0.7469107521116478,0.0051783747009950505,-0.00157835410648674,1.1798953163083829e-07,-0.9998387944114758,0.017885580452071108
2026-09-30T02:16:41.593 -3.2871735782499303,-0.7473550343796238,0.0051995249954898855,-0.001577872978831292,1.3296941395044023e-07,-0.9998609161961453,0.016602969019128427
2026-09-30T02:16:41.668 -3.300523804676433,-0.7477643585444537,0.005220677923022037,-0.001577444346499964,9.404097474156434e-08,-0.9998810112243888,0.01534519671488823
2026-09-30T02:16:41.706 -3.313874269940339,-0.748140393518181,0.005241831222074269,-0.001578245678109479,-4.191159597516107e-08,-0.9999003904132926,0.014025633387584977
2026-09-30T02:16:41.790 -3.3272259274587697,-0.748479145801577,0.00526318011470691,-0.001576360575098661,4.832106113164952e-08,-0.999918758807546,0.012648749824065072
2026-09-30T02:16:41.836 -3.3405783011573473,-0.7487799597376337,0.005284247010320467,-0.0015763790355472456,2.1761920145863803e-08,-0.9999350394285105,0.011288576182986619
2026-09-30T02:16:41.910 -3.3539287678892618,-0.7490450108628061,0.005305355587791893,-0.0015777155957214506,-1.388163681465725e-07,-0.9999491730531195,0.009958018068999968
2026-09-30T02:16:41.947 -3.3672763741784224,-0.7492754912580073,0.0053263702291729146,-0.0015737600601477726,-1.0625892420842224e-07,-0.9999614034094504,0.008643782196713032
2026-09-30T02:16:42.029 -3.3806239805098204,-0.7494708049127474,0.0053476381842255385,-0.001575673213196706,-2.424925508117358e-07,-0.9999719005940105,0.007329070627900943
2026-09-30T02:16:42.080 -3.3939708725212765,-0.7496311604343818,0.0053685920786711895,-0.001573222762515756,1.5848873508221387e-08,-0.9999806726895207,0.006014916254858312
2026-09-30T02:16:42.151 -3.407318718291838,-0.7497566174484688,0.005389770992407321,-0.0015744940715878522,-3.222879377912077e-08,-0.9999876536250125,0.004713126983207511
2026-09-30T02:16:42.191 -3.420666803157169,-0.7498470567367822,0.005410801265955121,-0.0015711647350340435,-1.0240645824665456e-08,-0.9999930290233979,0.00338723279167686
2026-09-30T02:16:42.275 -3.4340151268599834,-0.7499023292876797,0.005431846811858469,-0.0015598463885162486,5.8943111141194985e-08,-0.9999966822739422,0.0020499561822947335
2026-09-30T02:16:42.314 -3.447363212301928,-0.7499226437113847,0.0054530707887896655,-0.0015302594029580937,-2.1851323937300733e-07,-0.9999985617093035,0.0007313586237824202
2026-09-30T02:16:42.387 -3.4607110599347766,-0.7499076721824031,0.005474190074986293,-0.0015403746371947691,-2.4391470413284355e-07,-0.999998680770884,-0.0005154632956424854
2026-09-30T02:16:42.428 -3.4740591465247856,-0.7498573849044073,0.005495250127801252,-0.0015493091845902062,-1.8721948535676135e-07,-0.9999971916359637,-0.001793421646311131
2026-09-30T02:16:42.510 -3.487406756534388,-0.7497717818683596,0.005516428630050257,-0.0015760321331638031,-1.5631453206863204e-07,-0.9999937221280426,-0.0031736142162985897
2026-09-30T02:16:42.546 -3.500754128876632,-0.7496508630773192,0.0055374130347044075,-0.0015766300833281867,-1.2718423244880263e-07,-0.9999886635645837,-0.0044929923082694815
2026-09-30T02:16:42.655 -3.5141010245685393,-0.7494945689235739,0.005558560592210559,-0.0015780379656675312,-5.423578090462247e-08,-0.9999818162714069,-0.005820388536383478
2026-09-30T02:16:42.696 -3.5274481591009303,-0.7493028696138337,0.00557972342203326,-0.0015791645680486867,-1.3140970928505302e-07,-0.9999731810838056,-0.007151458060040605
2026-09-30T02:16:42.773 -3.540794340641189,-0.7490757949354429,0.005600735726783956,-0.0015793531619456714,-1.006969655439888e-07,-0.9999628180709136,-0.008477506665103423
2026-09-30T02:16:42.811 -3.55414004541406,-0.7488132852896885,0.005621985690089743,-0.001580578082429973,-9.817938728222465e-08,-0.9999506065508351,-0.009812554791326493
2026-09-30T02:16:42.888 -3.5674845588008277,-0.7485153406676395,0.0056430698502061725,-0.0015804242991240426,-2.2922695297644728e-07,-0.999936727126537,-0.011137504318821068
2026-09-30T02:16:42.927 -3.58082811886787,-0.748181841862967,0.005664212101217305,-0.0015806412010255335,-6.787857649489371e-08,-0.9999209997108969,-0.01246979994024431
2026-09-30T02:16:43.010 -3.594170487501689,-0.7478129080819945,0.005685218351324214,-0.001580703011288226,-1.8996304675440322e-08,-0.9999035438612935,-0.013798708331439287
2026-09-30T02:16:43.046 -3.6075116642789484,-0.7474084797200279,0.005706356821083382,-0.0015805571233466922,-1.2393833666736983e-07,-0.9998843000450374,-0.015129056897582758
2026-09-30T02:16:43.125 -3.620851887974337,-0.7469683183615307,0.0057274043702823215,-0.0015805726360498598,-1.5391644200814645e-07,-0.999863208386125,-0.01646409140897351
2026-09-30T02:16:43.166 -3.6341911584438664,-0.7464926326227435,0.005748450405810565,-0.0015800748139678604,-1.4276275666508247e-07,-0.9998404481622568,-0.017792739593987833
2026-09-30T02:16:43.241 -3.6475280449392447,-0.7459816609042076,0.005769641677342578,-0.001580210329381401,-3.0184297502582985e-07,-0.9998168526652729,-0.019072599763326703
2026-09-30T02:16:43.281 -3.660860879312464,-0.7454389496613705,0.005790454006713301,-0.001574781692743372,-2.0329149459596318e-07,-0.9997937377499796,-0.020248506574658282
2026-09-30T02:16:43.355 -3.6741908529394114,-0.7448670619088867,0.00581132141230161,-0.0015730688509698716,-1.4211084655599456e-07,-0.9997703215537814,-0.021373572341066176
2026-09-30T02:16:43.392 -3.6875191577944415,-0.7442659380571063,0.005832320284635775,-0.0015736584799207099,-8.109859166889669e-08,-0.9997461881266112,-0.02247405004205336
2026-09-30T02:16:43.468 -3.700846032263645,-0.7436362635624432,0.005853465901935517,-0.0015733867714943647,-2.0259443259932737e-07,-0.9997215187581701,-0.02354589955563867
2026-09-30T02:16:43.504 -3.714173622740175,-0.7429786344984343,0.00587435932613431,-0.0015747604439509304,-2.078870923875387e-08,-0.9996949409329177,-0.02464843205305187
2026-09-30T02:16:43.586 -3.727501451605259,-0.7422896831965508,0.005895521342741135,-0.0015767443095149028,9.280894004953242e-08,-0.9996653828222801,-0.025819300225951497
2026-09-30T02:16:43.681 -3.7408304728753734,-0.741568336785232,0.005916744843444695,-0.0015781319966952914,1.1391444564168983e-07,-0.9996336795953682,-0.027018810447779634
2026-09-30T02:16:43.762 -3.754157825695693,-0.7408146250307991,0.005937920996671457,-0.00157736928665406,5.0108683575752644e-08,-0.999600249597818,-0.028228583211194192
2026-09-30T02:16:43.805 -3.7674844640467504,-0.7400284585383272,0.005958857595413555,-0.0015766150682849545,9.312550602086145e-08,-0.9995653890742053,-0.029437174624108768
2026-09-30T02:16:43.875 -3.780809195179704,-0.7392096584787968,0.005979969986808471,-0.0015761405160675543,-3.0064734457590954e-08,-0.9995286210714891,-0.03066025831594137
2026-09-30T02:16:43.929 -3.794132019354842,-0.738358135445271,0.00600109425827333,-0.0015759282120930873,-1.7520457077789184e-08,-0.9994901839645602,-0.03188869092264068
2026-09-30T02:16:43.989 -3.8074524599009005,-0.7374738596294428,0.00602212534787521,-0.0015753786895309867,4.951862602373316e-08,-0.9994501378169723,-0.03312008755449192
2026-09-30T02:16:44.025 -3.820770516607713,-0.7365566820196761,0.006043197365872851,-0.0015754966792827128,-3.230130637741323e-08,-0.9994102696444732,-0.034302051533018685
2026-09-30T02:16:44.102 -3.8340833288319627,-0.7356104172772644,0.0060640375687435475,-0.0015707632025634371,-1.7890358455953691e-07,-0.999372431258397,-0.03538751677654046
2026-09-30T02:16:44.145 -3.847392326582488,-0.7346374198036323,0.006084946241513974,-0.0015695011597750043,-2.791369192427606e-07,-0.9993350666788264,-0.036427478255529194
2026-09-30T02:16:44.218 -3.8606991787450142,-0.7336373021895948,0.006105955825161146,-0.001570601170956793,-3.881463063671996e-08,-0.9992973424817525,-0.03744802425853271
2026-09-30T02:16:44.256 -3.8740029318042084,-0.7326106306672898,0.006126960503919562,-0.0015708881489023435,-1.5234276000974462e-07,-0.9992595591618844,-0.03844301931427018
2026-09-30T02:16:44.333 -3.8873057314662245,-0.7315582993333988,0.006147993472905921,-0.0015715285910206328,-1.7983299488321682e-07,-0.9992217158091149,-0.0394143749581766
2026-09-30T02:16:44.368 -3.9006075779165426,-0.7304805466065225,0.00616893552301867,-0.0015718726668789234,-1.4007748221103846e-07,-0.999183872543365,-0.04036233473851395
2026-09-30T02:16:44.460 -3.9139075171192523,-0.7293781175326731,0.0061900086636580585,-0.0015726154572402887,1.780283732486645e-09,-0.9991435258103573,-0.041349023106621106
2026-09-30T02:16:44.501 -3.927209125630327,-0.7282473464712498,0.006211069537274363,-0.001577106639349605,9.774812329935372e-08,-0.9990991830489909,-0.04240678206935447
2026-09-30T02:16:44.608 -3.9405090654716046,-0.7270867134617708,0.0062322022729638825,-0.0015789075785048684,1.9919707535426959e-07,-0.9990522200265527,-0.04349906563175424
2026-09-30T02:16:44.648 -3.9538068600398755,-0.7258963973121941,0.006253257105400112,-0.0015790307625032712,3.129848805974832e-07,-0.9990034702741745,-0.04460463027433113
2026-09-30T02:16:44.724 -3.967102270800557,-0.7246762788102151,0.0062743081633113585,-0.0015792783721395088,1.9398167368924702e-07,-0.9989529323608196,-0.04572247595554771
2026-09-30T02:16:44.762 -3.980395536009261,-0.723426179144882,0.006295460131631388,-0.0015797405806457204,1.3761671302860086e-07,-0.998900487016318,-0.04685425763195594
2026-09-30T02:16:44.850 -3.9936859410312158,-0.722145502260813,0.0063163244496608284,-0.001579948127721843,1.942599969678931e-07,-0.9988463133960218,-0.04799527038211475
2026-09-30T02:16:44.887 -4.006972650651885,-0.7208339799265129,0.0063373766345403626,-0.0015801788386597467,1.2898838177444908e-07,-0.9987900536939284,-0.04915212789799817
2026-09-30T02:16:44.962 -4.020255545898105,-0.7194915823381861,0.006358467486356918,-0.001580372215477447,1.5114067147040405e-07,-0.9987318867426189,-0.050320183099493695
2026-09-30T02:16:45.003 -4.033535938241725,-0.7181178028728805,0.006379494770337345,-0.0015804492046367908,2.475086494298318e-07,-0.9986718125997595,-0.05149866890475174
2026-09-30T02:16:45.078 -4.046813231568611,-0.7167124627091493,0.006400502247467511,-0.0015804111604302382,2.0012621416065535e-07,-0.9986098908573665,-0.05268574932904381
2026-09-30T02:16:45.122 -4.060086472139086,-0.7152752340094314,0.006421533113261355,-0.0015802619178685805,9.624758200773503e-08,-0.9985459427156672,-0.053884163335263635
2026-09-30T02:16:45.198 -4.073355064051811,-0.7138058783476595,0.006442497018411882,-0.00158018986293436,8.29451564707392e-08,-0.9984800276188925,-0.05509208151963424
2026-09-30T02:16:45.242 -4.086621152832709,-0.712304634169401,0.006463546367069095,-0.0015793887308762672,1.6345097056887606e-07,-0.9984123249946488,-0.05630572644047821
2026-09-30T02:16:45.311 -4.099883069943913,-0.7107704583724042,0.00648444010202604,-0.0015797331448185914,9.150999277231645e-08,-0.9983424161713734,-0.057531943442641294
2026-09-30T02:16:45.349 -4.1131402188400745,-0.7092037383792981,0.006505490204927427,-0.001578532253758428,4.689424089430626e-08,-0.9982708992544687,-0.058759849707058054
2026-09-30T02:16:45.423 -4.126393911323261,-0.707603937764847,0.006526385824999279,-0.0015788000358007341,1.301044927026308e-08,-0.9981969374823856,-0.06000317817610492
2026-09-30T02:16:45.464 -4.139642954969969,-0.7059712353279382,0.006547333693441622,-0.0015774028109308022,1.3821961549974597e-08,-0.9981216061006509,-0.061243540356750455
2026-09-30T02:16:45.537 -4.15288806517678,-0.7043056012752706,0.0065682455342892755,-0.001576569465862502,-9.684661973906759e-08,-0.9980445457560774,-0.06248679152633017
2026-09-30T02:16:45.573 -4.166129003339934,-0.702606797185242,0.006589240179678755,-0.001576124305298898,-1.7021137308542975e-07,-0.9979654585925406,-0.06373742455046079
2026-09-30T02:16:45.655 -4.179365650533388,-0.7008747932540618,0.006610138627411849,-0.0015754051608133516,-1.1266280560732989e-07,-0.9978845239275588,-0.06499226880511577
2026-09-30T02:16:45.702 -4.192597648827188,-0.6991092914539678,0.006631134026845642,-0.001574624341455013,-3.132258713556879e-07,-0.9978017415916915,-0.06625107572464436
2026-09-30T02:16:45.768 -4.205825355988241,-0.6973104408010911,0.006652137536596656,-0.0015739875425322325,-2.4463746121137564e-07,-0.9977169922226808,-0.0675153759767593
2026-09-30T02:16:45.814 -4.219048414770595,-0.6954778836631044,0.0066729101728777475,-0.001573296677003056,-2.6576295238273494e-07,-0.9976305143720426,-0.06878140396407542
2026-09-30T02:16:45.987 -4.232266466862452,-0.6936117094423925,0.006693883503390465,-0.0015729286508072962,-4.54074416425854e-07,-0.9975420097445458,-0.07005329892350683
2026-09-30T02:16:46.052 -4.245479751083744,-0.6917118287350371,0.0067148045856615605,-0.001572487735500568,-4.819445087874163e-07,-0.9974515978499013,-0.071329077021705
2026-09-30T02:16:46.120 -4.258687790577728,-0.6897779733141302,0.00673568756685966,-0.0015720144287058957,-5.246173283598344e-07,-0.9973593978537623,-0.07260688867553523
2026-09-30T02:16:46.161 -4.2718904661823816,-0.6878101431781763,0.006756502456217109,-0.0015718043429762461,-4.921465838097405e-07,-0.9972652903225139,-0.07388822740340528
2026-09-30T02:16:46.239 -4.285087896920238,-0.6858081893170428,0.006777368651332598,-0.0015714754080318645,-5.592729795854598e-07,-0.9971692755570327,-0.07517290968022868
2026-09-30T02:16:46.287 -4.298280321279138,-0.6837722011407065,0.006798241825758082,-0.0015713850099037408,-5.178802803772909e-07,-0.997071293673904,-0.0764615333375546
2026-09-30T02:16:46.362 -4.311467262352209,-0.6817021488408335,0.006819165928986317,-0.0015713976751905322,-4.4976967890581675e-07,-0.9969714043788007,-0.07775313215624334
2026-09-30T02:16:46.401 -4.324649077909737,-0.6795979132126531,0.006840052119589952,-0.0015713922630905296,-5.968545642088827e-07,-0.9968696077665138,-0.07904755427865068
2026-09-30T02:16:46.476 -4.33782469521007,-0.6774595538473188,0.006860809294380666,-0.0015713162029073074,-4.550061602943635e-07,-0.9967706718783088,-0.08028548217734288
2026-09-30T02:16:46.516 -4.350991849204947,-0.6752911238321564,0.0068814487739961355,-0.0015671460058067658,-8.464001315485372e-07,-0.9966776991151797,-0.08143161633635825
2026-09-30T02:16:46.599 -4.364153162067916,-0.6730947689673495,0.006902228024826384,-0.0015660728621024248,-8.982512619980166e-07,-0.9965877038093853,-0.08252572950856399
2026-09-30T02:16:46.641 -4.377310064737253,-0.6708701316430892,0.006922881088036907,-0.0015680674912454708,-6.282498833338449e-07,-0.9964935339739726,-0.0836551128862523
2026-09-30T02:16:46.730 -4.390464225691188,-0.6686136356016437,0.0069437235257919306,-0.0015717591521034135,-1.959686842765022e-07,-0.9963925682723993,-0.08484915712404983
2026-09-30T02:16:46.767 -4.4036149297856255,-0.6663239695318339,0.0069646946024115915,-0.0015738386608931758,-3.749332703060974e-08,-0.9962878489202092,-0.08607000131178567
2026-09-30T02:16:46.853 -4.416759912531157,-0.6640019678702278,0.006985477812870607,-0.001573514118391822,-9.682506430374362e-08,-0.9961861709797634,-0.08723896378332255
2026-09-30T02:16:46.887 -4.429898220302372,-0.6616513260928053,0.007006012045343014,-0.0015697909149925172,-3.408830118425362e-07,-0.9960827076151995,-0.08841252935155829
2026-09-30T02:16:46.969 -4.443033786113653,-0.6592676633075945,0.007026899564738061,-0.0015747752754363194,3.5543262977763907e-08,-0.9959738732245256,-0.08963015082530774
2026-09-30T02:16:47.007 -4.456162199926856,-0.6568515159009487,0.0070476863630132836,-0.0015745317980101134,1.2476823599860015e-07,-0.9958627780425244,-0.09085619494028738
2026-09-30T02:16:47.087 -4.469285607248097,-0.6544028242952085,0.0070685397454125064,-0.0015745007584788031,1.1679465932714297e-07,-0.9957495965677418,-0.09208833738605256
2026-09-30T02:16:47.130 -4.482402339479255,-0.6519215884694002,0.0070892484571845205,-0.0015744783934916688,9.307526586207612e-08,-0.995634448161035,-0.0933250590830319
2026-09-30T02:16:47.207 -4.495513350130781,-0.6494076296215773,0.007109918314158202,-0.0015746446324267774,1.652040986490235e-07,-0.9955172730782702,-0.09456679912664513
2026-09-30T02:16:47.250 -4.508617685318633,-0.6468608583327411,0.007130681918741896,-0.001574378117376848,1.1159431536768564e-07,-0.9953979526078712,-0.09581459845759138
2026-09-30T02:16:47.326 -4.521715345281418,-0.6442810361843399,0.007151390259470924,-0.001574132507984038,1.7944259869157297e-07,-0.9952766055913059,-0.09706698959720172
2026-09-30T02:16:47.370 -4.534805972250727,-0.6416681333695322,0.007172132177748267,-0.0015737513898366174,3.474311815000136e-08,-0.9951531129493236,-0.09832499729892004
2026-09-30T02:16:47.450 -4.54789028162314,-0.6390221200950172,0.007192819397608748,-0.001573361599966197,7.780817444865443e-09,-0.9950278917866873,-0.09958423118052562
2026-09-30T02:16:47.489 -4.56096767723853,-0.6363427281323758,0.007213525482308746,-0.001572869348151437,1.7691611121071914e-07,-0.9949004057685672,-0.10084993149984117
2026-09-30T02:16:47.569 -4.574038278304162,-0.6336301064947203,0.007234250620355154,-0.0015722908515201843,-4.870977731609581e-08,-0.9947709528855672,-0.10211894631564204
2026-09-30T02:16:47.623 -4.587101250448791,-0.6308843743808453,0.007254933887819571,-0.0015716649491596833,9.026089274956872e-09,-0.994645552812571,-0.10333321895432544
2026-09-30T02:16:47.689 -4.600155521215584,-0.6281091676606292,0.007275275566102678,-0.001567065891960367,-4.6541038302120367e-07,-0.994518367758155,-0.10455027735940736
2026-09-30T02:16:47.731 -4.613205619432773,-0.6252998074263529,0.007296027873903248,-0.0015712160792853646,1.1256969868179722e-08,-0.9943851559827668,-0.10580970107301615
2026-09-30T02:16:47.806 -4.626247373663725,-0.6224572472999067,0.007316617971071548,-0.0015697768011763463,-8.108409185935773e-08,-0.9942497432884273,-0.10707466447149966
2026-09-30T02:16:47.848 -4.639282452246649,-0.6195815469068792,0.007337421024936787,-0.0015688756347691758,-1.261499063341142e-07,-0.9941188597672999,-0.10828310710443427
2026-09-30T02:16:47.920 -4.65230859122006,-0.6166765209161422,0.0073577629035395066,-0.001564618719397235,-6.335249397614108e-07,-0.9939857735677203,-0.10949810004215713
2026-09-30T02:16:47.963 -4.665329842528512,-0.6137374904139685,0.007378424873933547,-0.0015686774158694071,-9.43901183657601e-08,-0.9938464821742226,-0.11075517649789021
2026-09-30T02:16:48.042 -4.678342511169154,-0.6107655878421395,0.007399088169352153,-0.001566960783134752,-2.8886371164398377e-07,-0.9937116057554258,-0.11195887289890831
2026-09-30T02:16:48.079 -4.69134588221308,-0.607764866307538,0.007419513241282078,-0.0015625332747241487,-8.392826682813833e-07,-0.9935859100088014,-0.11306899628564555
2026-09-30T02:16:48.156 -4.704342220211294,-0.6047370841756549,0.007439956990602423,-0.0015613211975351476,-8.480655571984167e-07,-0.9934576487911483,-0.1141904651613371
2026-09-30T02:16:48.196 -4.717333790096133,-0.6016780393475386,0.007460482602363981,-0.0015650420811122471,-4.502871464176655e-07,-0.9933203837877425,-0.11537835930040782
2026-09-30T02:16:48.272 -4.730318446144637,-0.5985863012847026,0.007481071782504877,-0.0015660089503344858,-3.87939632412278e-07,-0.9931850877327741,-0.11653724349348062
2026-09-30T02:16:48.320 -4.743294400626744,-0.5954669661618163,0.007501423681769541,-0.0015611576559200382,-1.0136872728373515e-06,-0.9930593324441538,-0.11760410295273631
2026-09-30T02:16:48.392 -4.756263321832711,-0.5923220307554203,0.007521928368946595,-0.0015597087221654463,-1.0503291933693414e-06,-0.992938223323297,-0.11862230806713231
2026-09-30T02:16:48.435 -4.769226044726918,-0.5891510480412425,0.0075422742393466136,-0.001560591681389454,-8.885615700901878e-07,-0.992818423537644,-0.11962082777276617
2026-09-30T02:16:48.526 -4.782182211227166,-0.5859545842588535,0.007562743849323458,-0.001560667290275004,-9.213616717668034e-07,-0.9927004719863052,-0.1205957596059142
2026-09-30T02:16:48.563 -4.795132417558262,-0.5827333844738392,0.0075832189322710365,-0.0015610217177510195,-7.708826387917907e-07,-0.9925844274158006,-0.1215471828643095
2026-09-30T02:16:48.637 -4.808077259901642,-0.5794878957285561,0.007603611023819649,-0.001561760595042322,-6.998548852476165e-07,-0.9924702301444563,-0.12247613310504218
2026-09-30T02:16:48.673 -4.8210162615822885,-0.5762183862379212,0.007623815062085119,-0.0015616850352962554,-5.814077141418322e-07,-0.9923577023184053,-0.12338456868202002
2026-09-30T02:16:48.754 -4.833949779203647,-0.5729257202736687,0.007644472361786794,-0.001562128635887549,-6.876327327087025e-07,-0.9922467236828163,-0.12427388741955771
2026-09-30T02:16:48.796 -4.846878052449128,-0.5696104640830736,0.00766477863828365,-0.001562705372349446,-5.748593292866749e-07,-0.992137532952263,-0.12514261328175216
2026-09-30T02:16:48.883 -4.859800723051804,-0.5662728858824607,0.00768513565702134,-0.0015630991776425316,-4.855004714410118e-07,-0.9920295343622229,-0.12599587165378331
2026-09-30T02:16:48.922 -4.8727181484674205,-0.5629135221181162,0.007705648291533143,-0.0015635357522108247,-3.3440518001280446e-07,-0.9919231449483541,-0.12683071343963456
2026-09-30T02:16:49.007 -4.885630329467839,-0.5595328198249664,0.007725824804187427,-0.0015639578850237738,-3.0519617373633204e-07,-0.9918181263511783,-0.12764935674291064
2026-09-30T02:16:49.043 -4.8985372651072705,-0.5561310472238034,0.00774626124073079,-0.001564290903644634,-3.1736788983428146e-07,-0.991714299826409,-0.12845349552925103
2026-09-30T02:16:49.122 -4.911439194151021,-0.5527087109571504,0.007766734461072614,-0.001564647240640605,-1.6699399106827029e-07,-0.9916116056851133,-0.12924386000725901
2026-09-30T02:16:49.159 -4.924335759368444,-0.549266109043775,0.007786990580390434,-0.0015649587509838927,-1.7032512961693243e-07,-0.991510222788143,-0.13001934091005724
2026-09-30T02:16:49.238 -4.937227317791572,-0.5458037481275922,0.007807402692778875,-0.0015650320669535764,-9.959273864850584e-08,-0.9914099724846214,-0.1307815626633274
2026-09-30T02:16:49.283 -4.950114108092223,-0.5423220752464696,0.007827807262707842,-0.0015652436306612394,-2.434806521067129e-07,-0.9913171722728993,-0.13148313188078653
2026-09-30T02:16:49.354 -4.962994819255796,-0.5388245772556549,0.007847993601444017,-0.0015621147920014539,-5.229224386679025e-07,-0.9912315865019584,-0.1321268395062629
2026-09-30T02:16:49.402 -4.97587219269462,-0.5353110455733647,0.007868219363474847,-0.001562852328123314,-4.623020401239454e-07,-0.9911491565530303,-0.13274376428519624
2026-09-30T02:16:49.469 -4.98874491695816,-0.5317821656364882,0.007888571882460161,-0.001562979865126653,-5.229472040348828e-07,-0.9910630913536699,-0.1333848044200517
2026-09-30T02:16:49.505 -5.001614482219878,-0.5282351062431621,0.007909038612825773,-0.001565514252138112,8.905137099397944e-08,-0.9909738057298608,-0.13404650507340626
2026-09-30T02:16:49.582 -5.0144795180794794,-0.5246709402597926,0.007929289562061716,-0.0015646262051111882,-1.9939643565479407e-07,-0.9908918538249362,-0.1346509783409692
2026-09-30T02:16:49.617 -5.027339607067333,-0.5210935717853371,0.0079494432802583,-0.001561291358307859,-5.960307883724261e-07,-0.9908168176591575,-0.135202056984054
2026-09-30T02:16:49.695 -5.040196834763396,-0.5175022855902552,0.007969875594306798,-0.0015615842132373657,-5.866913824678048e-07,-0.9907444010957431,-0.13573169545776095
2026-09-30T02:16:49.737 -5.053050129291369,-0.5138976479052823,0.007989944058826737,-0.0015611577126443015,-5.448002691662307e-07,-0.9906745479710637,-0.13624060623994752
2026-09-30T02:16:49.809 -5.065900085724977,-0.5102801355749683,0.008010260563153996,-0.001560799629970918,-5.100500411958883e-07,-0.9906071384599019,-0.13672988384599738
2026-09-30T02:16:49.849 -5.078747002546648,-0.5066506724751143,0.00803052755579462,-0.0015602210421174036,-6.320110002590368e-07,-0.9905421727920091,-0.1371997435507294
2026-09-30T02:16:49.923 -5.0915912967961345,-0.503009556634175,0.00805086490562671,-0.0015599349244573226,-7.809079996974101e-07,-0.9904795909611541,-0.13765081362580775
2026-09-30T02:16:49.963 -5.104432909218149,-0.49935711587698745,0.00807104900132411,-0.0015594531407914529,-8.930424178143496e-07,-0.9904192145485198,-0.13808456669084168
2026-09-30T02:16:50.038 -5.117271362549413,-0.4956935588137556,0.008091347309557094,-0.0015591507971761947,-7.67857074496699e-07,-0.9903543082347611,-0.13854931688409722
2026-09-30T02:16:50.078 -5.130107193450687,-0.4920164118584972,0.008111641468951858,-0.0015618141120786984,-2.7026418180801264e-07,-0.9902851678250963,-0.13904260901690196
2026-09-30T02:16:50.151 -5.142938434726544,-0.48832639024215807,0.008132077381089526,-0.0015608066206778833,-6.131408279299965e-07,-0.9902154938882558,-0.13953795019977389
2026-09-30T02:16:50.201 -5.1557665770772445,-0.4846237324021464,0.008152284873476363,-0.001560166191085788,-5.62264578989433e-07,-0.990146177262069,-0.140028973910587
2026-09-30T02:16:50.279 -5.168591143106035,-0.4809080210998796,0.008172620819535693,-0.0015603066920149929,-5.205841126876151e-07,-0.9900824625972935,-0.14047876245196306
2026-09-30T02:16:50.323 -5.181411835168371,-0.4771828922149859,0.008192816528089696,-0.00155675754835452,-1.0189984446739367e-06,-0.9900250686551224,-0.14088271696456403
2026-09-30T02:16:50.396 -5.194026473870586,-0.47350699417247394,0.008212522540096119,-0.0015569957347454529,-1.0293278912368318e-06,-0.9899701749967976,-0.14126793118055034
2026-09-30T02:16:50.434 -5.206372056282077,-0.4698993996653919,0.008232056477655918,-0.0015572441496953624,-1.0710798736707763e-06,-0.9899178442114261,-0.14163416502141596
2026-09-30T02:16:50.510 -5.218584183636145,-0.46632178461441626,0.008251409216225927,-0.0015577217265744315,-1.1248967847505025e-06,-0.989867718514581,-0.14198406017752638
2026-09-30T02:16:50.549 -5.230747554713288,-0.4627495929723031,0.008270476250337338,-0.001558078680095977,-9.781675019495512e-07,-0.9898195597753742,-0.1423193995067237
2026-09-30T02:16:50.625 -5.243095938865729,-0.45911422273602526,0.008290029513835727,-0.0015586753358057556,-8.527486035800649e-07,-0.9897793875175863,-0.14259850832243032
2026-09-30T02:16:50.666 -5.255701517996585,-0.4553976742116929,0.008309840403662349,-0.0015559727581102884,-1.2416482432648783e-06,-0.989746310510181,-0.14282793766878668
2026-09-30T02:16:50.743 -5.268435605108954,-0.4516373178913737,0.008329869371620146,-0.0015566198549898489,-1.0417457547346377e-06,-0.9897168665783632,-0.14303181794219283
2026-09-30T02:16:50.783 -5.281213799733463,-0.44785914033757357,0.008350027679764819,-0.0015571381243410685,-1.040246726744313e-06,-0.9896905220541911,-0.14321398631377696
2026-09-30T02:16:50.854 -5.293802928109941,-0.4441322203979304,0.008369827458450167,-0.0015569595731417813,-9.490073250773717e-07,-0.9896680522142245,-0.14336918184355452
2026-09-30T02:16:50.893 -5.306131166278874,-0.4404793857471065,0.008389259458691088,-0.0015579906657975505,-8.659677355191923e-07,-0.9896494555517906,-0.14349748356810962
2026-09-30T02:16:50.970 -5.318329883059558,-0.4368618950199275,0.008408620788740722,-0.0015589626364131248,-7.279853159891715e-07,-0.9896339582434185,-0.14360431165683074
2026-09-30T02:16:51.015 -5.330277842741441,-0.43331646315125416,0.00842743664617509,-0.0015592218820645472,-7.326817395035434e-07,-0.98961500457736,-0.14373486543611314
2026-09-30T02:16:51.092 -5.341943812103803,-0.42985071914235434,0.008445866265818364,-0.0015626984825927964,-2.0701081555375413e-07,-0.989599386083595,-0.1438423200465768
2026-09-30T02:16:51.155 -5.353471140947217,-0.4264247296860463,0.008463942576512944,-0.0015602529051062545,-6.112972289174884e-07,-0.9895905669087692,-0.14390300725029873
2026-09-30T02:16:51.218 -5.364950785634222,-0.42301226988372065,0.008482152112409392,-0.0015610619672702614,-3.0813465546067405e-07,-0.9895844868566339,-0.1439448035120831
2026-09-30T02:16:51.259 -5.3764130854292365,-0.4196042802113893,0.008500274620260406,-0.0015616127149134954,-2.3253593123877742e-07,-0.9895804930815827,-0.1439722510697341
2026-09-30T02:16:51.335 -5.387664801825377,-0.41625839592768593,0.008517855567906296,-0.0015611922851914795,7.773927085036776e-09,-0.9895791225660449,-0.14398167543151355
2026-09-30T02:16:51.372 -5.398648773038632,-0.4129923784970019,0.00853529631858975,-0.001561595318334901,-1.5382367518727208e-07,-0.9895800162786669,-0.14397552848297432
2026-09-30T02:16:51.452 -5.409501375417581,-0.4097662945243878,0.008552439961215054,-0.0015623399881682523,-6.483733235649735e-08,-0.9895828169879132,-0.14395626910983703
2026-09-30T02:16:51.490 -5.420307605190074,-0.40655451508267754,0.008569554989908416,-0.001562628426488476,-7.88289918034329e-08,-0.9895872869161694,-0.14392553549071702
2026-09-30T02:16:51.566 -5.431097384144681,-0.40334863629369533,0.00858656950326664,-0.0015624920065359042,8.739474132407587e-08,-0.9895935452427754,-0.14388250009141798
2026-09-30T02:16:51.610 -5.441677413884221,-0.4002065318338706,0.008603207688638594,-0.0015618177893477075,1.3747514480321223e-07,-0.9896018900673318,-0.1438251017741295
2026-09-30T02:16:51.685 -5.451990056456066,-0.39714530751057525,0.008619452923237745,-0.0015618805320032937,2.8683951701708385e-07,-0.9896114859528118,-0.14375906023409182
2026-09-30T02:16:51.729 -5.4621714490631454,-0.3941247915071944,0.008635609854383958,-0.0015621330060190967,5.6484128975051296e-08,-0.9896226313421256,-0.1436823137200809
2026-09-30T02:16:51.803 -5.4723068864449225,-0.39111983173752995,0.008651634523493799,-0.0015624037502029427,1.2598365463392998e-07,-0.9896350283603889,-0.14359689946735604
2026-09-30T02:16:51.847 -5.482426289826022,-0.38812190511405054,0.00866781265656621,-0.0015623730773018226,1.7255180405043785e-07,-0.989648677260215,-0.14350280341319
2026-09-30T02:16:51.922 -5.492336123318088,-0.3851882296591982,0.008683286919317622,-0.0015614721653192548,3.077190328030768e-07,-0.9896638765015771,-0.14339795449187356
2026-09-30T02:16:51.968 -5.501978569448725,-0.3823358515733668,0.008698487440505021,-0.0015612385297676097,3.0689318523027356e-07,-0.9896802672563324,-0.1432847903219098
2026-09-30T02:16:52.056 -5.511490063533449,-0.3795249566715731,0.00871365973414279,-0.0015614006842271477,4.632334251646519e-08,-0.989697551728629,-0.14316535240853098
2026-09-30T02:16:52.103 -5.520955721621069,-0.376729975632868,0.00872868505314263,-0.0015613031979139,1.6792450594735338e-07,-0.9897159092427993,-0.143038391084335
2026-09-30T02:16:52.177 -5.530405584519315,-0.37394262378984383,0.008743610893743911,-0.0015610907582488214,3.582498086048321e-08,-0.9897354588884005,-0.1429030595005247
2026-09-30T02:16:52.218 -5.539645877072626,-0.3712201787664873,0.008758115985840233,-0.0015600993441748847,3.0421818831963365e-07,-0.9897563203944278,-0.14275851053168995
2026-09-30T02:16:52.290 -5.548619140029538,-0.36857932913989455,0.008772258495013428,-0.0015599313298787017,2.393973054449348e-07,-0.9897778368711679,-0.1426092572479808
2026-09-30T02:16:52.333 -5.557461391287347,-0.36598008190587317,0.00878640248470037,-0.0015601454828387755,1.6209331932779414e-07,-0.989800068269443,-0.14245487285401007
2026-09-30T02:16:52.408 -5.566257687474271,-0.363397225370614,0.008800309904489453,-0.0015600062343335377,1.3049189844075198e-07,-0.9898230151706829,-0.14229534433336194
2026-09-30T02:16:52.452 -5.575038486253062,-0.36082247487191876,0.008814267328589946,-0.001560099186557998,-1.7102098114419861e-07,-0.9898468559179299,-0.142129405542583
2026-09-30T02:16:52.525 -5.583814218823451,-0.35825213505317755,0.00882806773147919,-0.0015600872727980122,2.368680637260444e-08,-0.9898714119714456,-0.14195828221473203
2026-09-30T02:16:52.565 -5.592384106158823,-0.35574568882202273,0.008841572484916965,-0.0015590589999433528,2.7871737927492156e-07,-0.9898967436537311,-0.1417815440693765
2026-09-30T02:16:52.654 -5.600688483869713,-0.3533201823556805,0.00885468725619134,-0.0015590958849025557,2.3279684478117702e-08,-0.9899225513087776,-0.14160124162711915
2026-09-30T02:16:52.712 -5.608862118385541,-0.3509362186806748,0.008867625118344566,-0.001559253571590389,-4.64238052781319e-08,-0.9899488356831547,-0.14141736618203443
2026-09-30T02:16:52.789 -5.616990334034511,-0.3485687649204473,0.008880476270216436,-0.0015592299997561783,-1.7394965763087696e-07,-0.989975716219624,-0.14122906958987028
2026-09-30T02:16:52.833 -5.6251028139999315,-0.3462092979845088,0.008893287642559776,-0.0015593807725628281,-7.072464540396508e-08,-0.9900031926369607,-0.14103633184476302
2026-09-30T02:16:52.923 -5.633210436130589,-0.34385477817292653,0.008906091335049698,-0.0015593479562791468,-1.9267394245912327e-07,-0.9900316228301423,-0.1408366224752256
2026-09-30T02:16:52.973 -5.64111218339712,-0.341563496297482,0.008918495022862304,-0.0015584444459711027,2.433558817691802e-07,-0.9900605901281093,-0.14063285222887922
2026-09-30T02:16:53.051 -5.648597531383352,-0.3393964252592294,0.008930359570697828,-0.0015582740273949163,1.7256318381705326e-07,-0.9900895568445598,-0.14042877628666145
2026-09-30T02:16:53.098 -5.655946205315538,-0.33727214863516397,0.008942157041752212,-0.0015594744431634722,-4.5217008189855053e-07,-0.9901111318254762,-0.14027656495128238
2026-09-30T02:16:53.181 -5.663144616126441,-0.335192752416848,0.00895335931051232,-0.0015593838362133725,-1.7932111595130632e-07,-0.9901254959825423,-0.1401751423303868
2026-09-30T02:16:53.218 -5.670095517552001,-0.3331858323303644,0.008964483178293637,-0.0015599313416055284,-2.7424057438495616e-07,-0.9901344954535786,-0.14011155386698765
2026-09-30T02:16:53.305 -5.676922351723828,-0.3312153291198341,0.008975336383138386,-0.0015607538491064035,-4.853052330861048e-07,-0.9901427794828768,-0.1400529909895189
2026-09-30T02:16:53.342 -5.683705108336325,-0.3292581767948129,0.008986000689615428,-0.001560307690991452,-6.877851125439894e-07,-0.9901483228225572,-0.14001380021667098
2026-09-30T02:16:53.425 -5.690472755060291,-0.3273057330464871,0.00899668581013122,-0.0015612549503352749,-5.658871431821861e-07,-0.9901530306324443,-0.13998049296972026
2026-09-30T02:16:53.468 -5.697234888288875,-0.32535531578666327,0.009007392015947168,-0.0015610160979212348,-6.244581366292401e-07,-0.9901557725136974,-0.1399610995461073
2026-09-30T02:16:53.548 -5.703995471719694,-0.3234055541584126,0.009018140475025329,-0.0015612687536372516,-7.485604096556116e-07,-0.9901572623641633,-0.1399505563648256
2026-09-30T02:16:53.590 -5.710755369791447,-0.3214558521261878,0.00902882824576849,-0.0015612189313246577,-6.820386658894621e-07,-0.9901573816075756,-0.13994971326520558
2026-09-30T02:16:53.670 -5.717310883357346,-0.3195649773051704,0.009038999158003817,-0.0015607694085449087,-5.284023765474734e-07,-0.9901568455448968,-0.1399535109211397
2026-09-30T02:16:53.711 -5.723599426734539,-0.31775075069612113,0.00904897149331634,-0.0015611014602003623,-3.3124890886352025e-07,-0.990154282396008,-0.13997164003814444
2026-09-30T02:16:53.787 -5.729757197208033,-0.31597437139006274,0.009058737069497492,-0.0015614697118734107,-5.894041473743944e-07,-0.9901515404124164,-0.13999103125168622
2026-09-30T02:16:53.830 -5.735867522093015,-0.31421086608991233,0.009068546840882897,-0.0015608953461656323,-7.54671182079553e-07,-0.9901387264342335,-0.1400816405541534
2026-09-30T02:16:53.938 -5.74175683274196,-0.31250869118667773,0.009077828362001255,-0.0015591499608201386,-1.0246305049140718e-06,-0.9901139333766604,-0.14025679300393332
2026-09-30T02:16:53.989 -5.747626711943091,-0.31080687366663123,0.009087302677666213,-0.0015594262840051096,-1.0503602068468205e-06,-0.9900920592182441,-0.1404111194369541
2026-09-30T02:16:54.059 -5.753428731646015,-0.30912573810402383,0.009096312075619206,-0.0015606898150400076,-5.46573045639742e-07,-0.990065535320674,-0.14059800858187818
2026-09-30T02:16:54.098 -5.758859964538866,-0.30754431644384495,0.009105003459137274,-0.0015580525638947585,-1.1759094935150783e-06,-0.9900229219583169,-0.14089778730676308
2026-09-30T02:16:54.170 -5.7639163281644645,-0.30607131091289264,0.009113012746695936,-0.0015569181760162136,-1.2517874001561802e-06,-0.9899660625177246,-0.14129674825479493
2026-09-30T02:16:54.207 -5.768759783543748,-0.3046499799284202,0.009120730116357912,-0.0015543500247382194,-1.8744338215513591e-06,-0.9898997870806263,-0.14176034540807836
2026-09-30T02:16:54.287 -5.773534231520024,-0.3032492116775915,0.009128308579280691,-0.001557715309666015,-9.665830467747415e-07,-0.9898318976876432,-0.14223356791615227
2026-09-30T02:16:54.325 -5.778479805044666,-0.30178836409932014,0.009136112895602982,-0.0015583494515709786,-1.045458600086586e-06,-0.9897685998023832,-0.14267336959336133
2026-09-30T02:16:54.405 -5.7836818430339685,-0.3002522986882459,0.009144352498483823,-0.0015603569255799954,-6.169833500938396e-07,-0.9897120358564524,-0.14306519970545145
2026-09-30T02:16:54.442 -5.788809717838755,-0.29872821287704526,0.009152504645922946,-0.0015601519727672785,-8.563691560136902e-07,-0.9896466525455195,-0.14351679006491344
2026-09-30T02:16:54.520 -5.7937189921011685,-0.29726802049284773,0.009160296272853478,-0.0015580115945312202,-9.915388654029116e-07,-0.9895673834697495,-0.14406236903411634
2026-09-30T02:16:54.566 -5.798509295406281,-0.2958302379572356,0.009167869995611717,-0.0015576866777741556,-1.2590132050051655e-06,-0.9894812587043652,-0.1446527299550694
2026-09-30T02:16:54.636 -5.803463973618371,-0.2943435816823791,0.009175837714490568,-0.001558916337009886,-7.140831795761367e-07,-0.9894001392715995,-0.14520652254180524
2026-09-30T02:16:54.678 -5.80866702571335,-0.29277169389259866,0.009183840495332423,-0.0015612626587014125,-8.064570224671298e-07,-0.9893283168725565,-0.1456950372949426
2026-09-30T02:16:54.757 -5.813789998368973,-0.29122352774319077,0.009191969986346731,-0.0015617669125386814,-1.8441857809425146e-07,-0.9892558998981483,-0.1461859275059737
2026-09-30T02:16:54.817 -5.8186879182757965,-0.28973269842861643,0.009199788358734024,-0.0015607958195614665,-7.44278118735388e-07,-0.9891809807898675,-0.14669202827506206
2026-09-30T02:16:54.881 -5.823269381883169,-0.28833764979403465,0.009206808373532887,-0.0015599877787629448,-5.319871513602623e-07,-0.9890980152522951,-0.14725040801918943
2026-09-30T02:16:54.931 -5.827795471952611,-0.28694796488023916,0.009214262379069502,-0.0015592405248361536,-1.0314255441161438e-06,-0.9890164801046978,-0.14779705967723433
2026-09-30T02:16:55.003 -5.832446747676788,-0.28552073061640326,0.009221482175533733,-0.0015614677842700163,-3.4364821844438846e-07,-0.9889459689924972,-0.1482681092876398
2026-09-30T02:16:55.049 -5.837136751046448,-0.2840747809816233,0.009229180434186614,-0.0015627922086356924,-6.763310600704745e-07,-0.9888828492532655,-0.14868849361264896
2026-09-30T02:16:55.122 -5.8418402708678645,-0.2826225730294223,0.00923624441074829,-0.0015626976655315659,1.1275343264627203e-07,-0.9888113267215463,-0.14916339404548612
2026-09-30T02:16:55.163 -5.846546308275289,-0.2811591594356115,0.009243848808302755,-0.0015626692942674186,-4.620214171119561e-07,-0.9887309234021698,-0.14969542134867045
2026-09-30T02:16:55.241 -5.851054577433322,-0.27975582483386485,0.009250842500335886,-0.0015604923760412462,-2.958229515151972e-07,-0.9886399721808694,-0.15029494425850365
2026-09-30T02:16:55.284 -5.855298215876344,-0.2784221051254468,0.009257700917835492,-0.001560325591818613,-6.840123092924498e-07,-0.9885398406153025,-0.15095214109065125
2026-09-30T02:16:55.362 -5.859419247516261,-0.27712688847395345,0.009264186673652624,-0.0015603328493789283,-3.1918591121943556e-07,-0.9884368479874256,-0.15162507346075846
2026-09-30T02:16:55.401 -5.863489183179276,-0.2758359031089457,0.00927053203727244,-0.0015604899609263578,-4.840802984086993e-07,-0.9883318883483311,-0.15230772582068702
2026-09-30T02:16:55.478 -5.867541818244948,-0.27455004352554085,0.009277043763058665,-0.001560424233368065,-3.5103078994994045e-07,-0.988223948753812,-0.15300651027166062
2026-09-30T02:16:55.516 -5.871585095508657,-0.2732550047090242,0.009283540691465851,-0.0015598185212859945,-7.265616851162939e-07,-0.9881209565525146,-0.15367023845688677
2026-09-30T02:16:55.592 -5.875423556071388,-0.272025588027781,0.009289505178084924,-0.0015597854291515634,-4.2088060625562525e-07,-0.988012599676622,-0.1543653780790269
2026-09-30T02:16:55.634 -5.8789953448727,-0.27086876644645463,0.009295048041186015,-0.001558784783511885,-7.971417487997267e-07,-0.987899654170479,-0.15508656769434154
2026-09-30T02:16:55.725 -5.88244193351325,-0.2697536665401669,0.009300541968772828,-0.001559432541306896,-3.0553858673896126e-07,-0.9877883166013623,-0.15579412619191585
2026-09-30T02:16:55.765 -5.885837530416011,-0.26864452645637077,0.009305925471652394,-0.0015592191234352697,-6.414640631314732e-07,-0.9876751320212087,-0.15651007131236522
2026-09-30T02:16:55.843 -5.889415354049679,-0.2674756052081039,0.009311656688412676,-0.0015609153945001766,-1.658119520536434e-07,-0.9875666544925259,-0.15719308660861536
2026-09-30T02:16:55.884 -5.892994087057793,-0.2662951206702257,0.009317225427892553,-0.0015590993371933795,-8.857827791441681e-07,-0.987448643350734,-0.15793272603633193
2026-09-30T02:16:55.963 -5.896638936339928,-0.2650922852229267,0.009323137119114045,-0.0015586701583147821,-3.630538255758523e-07,-0.9873309291019928,-0.15866696879250483
2026-09-30T02:16:56.000 -5.900489705874244,-0.2638111318649831,0.009329135959233311,-0.0015589917808640863,-4.4010289641154806e-07,-0.9872184592436553,-0.15936525114659503
2026-09-30T02:16:56.076 -5.904444098295442,-0.2624935017690449,0.00933537313752757,-0.0015591185285766672,-1.880149487220566e-07,-0.987102472981108,-0.16008209451390706
2026-09-30T02:16:56.114 -5.908236380577606,-0.2612167584184325,0.009341413614416042,-0.0015574646008809292,-8.313190293450466e-07,-0.9869755212712182,-0.16086296874897288
2026-09-30T02:16:56.195 -5.911787710418485,-0.2600204783046618,0.009347043331891541,-0.0015565621210690257,-4.774186133500978e-07,-0.9868405822249696,-0.16168872065799322
2026-09-30T02:16:56.233 -5.9152118588764875,-0.25885519100497667,0.009352308054582105,-0.001556570442974583,-6.659252444409982e-07,-0.9867052848171799,-0.16251233184549668
2026-09-30T02:16:56.316 -5.918592063241058,-0.25770391024350775,0.00935778642190437,-0.0015569855906554097,-5.192607448963265e-07,-0.9865694506393671,-0.16333491623268548
2026-09-30T02:16:56.357 -5.9219532840363724,-0.2565476820575609,0.009362966552010247,-0.0015562966084856473,-6.611271291333694e-07,-0.9864308755969747,-0.1641697463280464
2026-09-30T02:16:56.434 -5.925306293999147,-0.2553930630936186,0.009368312514356748,-0.001556384006664053,-6.078109094877081e-07,-0.9862893197924482,-0.16501804547322754
2026-09-30T02:16:56.474 -5.928655221253117,-0.25422783445151104,0.00937360731601394,-0.001555669659696612,-6.702982152309337e-07,-0.986144486459887,-0.16588137844926082
2026-09-30T02:16:56.551 -5.932000199561443,-0.25306272496896076,0.009378985281062634,-0.0015552733510060287,-5.23399746362433e-07,-0.9860060899109742,-0.1667020449274755
2026-09-30T02:16:56.615 -5.935339932845879,-0.25189093970016946,0.009384295347218352,-0.0015551159615712715,-8.68852868999659e-07,-0.9858788388061593,-0.1674529689429543
2026-09-30T02:16:56.680 -5.938475847602692,-0.25078781641608544,0.00938917885862223,-0.001554880681031367,-4.859088380685482e-07,-0.9857465215317797,-0.1682301329543205
2026-09-30T02:16:56.727 -5.941351974753961,-0.24976533494562847,0.009393696336117394,-0.0015541858238145706,-1.043730132551048e-06,-0.9856081251450044,-0.16903907286034617
2026-09-30T02:16:56.810 -5.944110501460285,-0.24878523089699853,0.009398087487110627,-0.001553626565469828,-8.562716780927537e-07,-0.9854786689990356,-0.16979216469452124
2026-09-30T02:16:56.852 -5.947015790536864,-0.2477449280049211,0.009402546761228729,-0.0015541724528423063,-9.556339269385322e-07,-0.9853536225424402,-0.17051634258792894
2026-09-30T02:16:56.933 -5.950148946917672,-0.24661683033974116,0.009408677605865171,-0.0015551387621841448,2.267070846102358e-06,-0.9852301253990204,-0.17122844840890564
2026-09-30T02:16:56.977 -5.953398052990736,-0.2454464148369346,0.009412860903001382,-0.0015537096277067415,-1.1235340220225725e-06,-0.9851054976819371,-0.17194401537114873
2026-09-30T02:16:57.057 -5.956683561499868,-0.24425501895733948,0.009417936218538581,-0.0015538669208152538,8.646528539760961e-07,-0.9849840872281158,-0.17263815743989028
2026-09-30T02:16:57.103 -5.9599795141660765,-0.24305712630278814,0.009424056227630947,-0.0015548553526425577,-2.6210175781266395e-06,-0.9848512324125798,-0.17339444176035626
2026-09-30T02:16:57.182 -5.963281579940754,-0.24184707437802708,0.009427980525363422,-0.0015513169486687124,-1.2671083797407298e-07,-0.9847062818390097,-0.17421576255465965
2026-09-30T02:16:57.224 -5.966593297312778,-0.24063016804017268,0.009434721503861494,-0.001553716971258792,-2.9347884716544783e-06,-0.9845622801860001,-0.17502771891875998
2026-09-30T02:16:57.303 -5.969901860183279,-0.23940628791962418,0.009438641170486801,-0.0015516095048906263,-2.1895507031936478e-07,-0.9844161363803983,-0.17584784031026804
2026-09-30T02:16:57.347 -5.973011876059007,-0.2382517255008863,0.009444333090776448,-0.0015511619505861791,-2.383185898021938e-06,-0.9842810773158542,-0.17660225006739014
2026-09-30T02:16:57.423 -5.975862464662278,-0.23718746085305908,0.009447871407076132,-0.0015507586251523179,-4.998246524858214e-07,-0.9841457201829403,-0.1773550016014173
2026-09-30T02:16:57.466 -5.978585242449904,-0.23616008987086284,0.009453264010265491,-0.0015517303832608411,1.297977676569942e-07,-0.9840062493633794,-0.17812718306484243
2026-09-30T02:16:57.564 -5.981272722007535,-0.23514887130328124,0.00945684246688824,-0.001551134453720052,-7.848621600500811e-07,-0.9838613559247956,-0.17892575638826655
2026-09-30T02:16:57.605 -5.983945686962425,-0.23413348022772718,0.00946099402078471,-0.0015498004235793134,-1.1555110043047272e-06,-0.9837158670206181,-0.17972393020737557
2026-09-30T02:16:57.684 -5.986608204592963,-0.2331179102065377,0.009466157237708503,-0.00155054725131349,1.1610287094524628e-06,-0.9835799128676359,-0.18046648111260777
2026-09-30T02:16:58.598 -5.989264794342422,-0.23210472429679682,0.00946953784205139,-0.001549801056240066,-1.4749251768328448e-06,-0.9834517678188975,-0.18116351312666754
2026-09-30T02:16:58.673 -5.991907078440825,-0.23109064413721608,0.009473253455767525,-0.0015484090490210164,-6.866637771275725e-07,-0.9833299411428861,-0.1818236213501249
2026-09-30T02:16:59.929 -5.994343903237749,-0.2301470140808603,0.00947756810222688,-0.001548248829082283,1.10223321023033e-06,-0.9832006631473384,-0.18252139302279696
2026-09-30T02:17:00.012 -5.996531996458009,-0.22930137092891775,0.009481787518791748,-0.0015494982184506756,-3.707646787381021e-06,-0.98307263567516,-0.1832096941436743
2026-09-30T02:17:00.048 -5.998599959181615,-0.22849738991153545,0.00948389475152262,-0.0015480436224190853,-7.619202127210822e-07,-0.9829411533704301,-0.18391381832578904
2026-09-30T02:17:00.129 -6.000632066889785,-0.22770026297659685,0.00948770363408044,-0.00154783044847919,-1.5060623892092747e-07,-0.9827988223812939,-0.1846728971636668
2026-09-30T02:17:00.165 -6.002655667504632,-0.22690701023661977,0.009490545391207883,-0.0015461173772645703,-2.3638459682072122e-06,-0.9826417706966091,-0.18550676536908534
2026-09-30T02:17:00.245 -6.004666989400027,-0.22611292287700588,0.009493486943640037,-0.0015449445343638302,-1.1049775725696095e-06,-0.9824688046437694,-0.18642065617041476
2026-09-30T02:17:00.286 -6.0066860281855,-0.22531269633593137,0.009497692395286778,-0.0015442691718912673,-3.806564989603872e-06,-0.9822889242554648,-0.1873661775862356
2026-09-30T02:17:00.368 -6.008885419558439,-0.22443522444619904,0.009500230935111346,-0.0015430226317392232,-1.683994373891586e-06,-0.9820997462659146,-0.18835526927258658
2026-09-30T02:17:00.407 -6.011356667168158,-0.22343955996839066,0.009504272172250153,-0.00154447221158429,-8.782786192336096e-07,-0.981953599272277,-0.18911568808810364
2026-09-30T02:17:00.482 -6.0139300922566346,-0.22240533257182,0.00950856436301477,-0.0015469743331167254,-1.1007705117723574e-06,-0.9817937428001178,-0.1899438166083261
2026-09-30T02:17:00.534 -6.016530027483065,-0.22135113795309144,0.009512421627751125,-0.0015451335120937825,-1.169302908762967e-06,-0.981632101655955,-0.19077743461839364
2026-09-30T02:17:00.601 -6.019138350364694,-0.22028692985945353,0.009517439543284557,-0.0015463542973061409,1.388919740213536e-06,-0.9814668819033961,-0.19162559461951625
2026-09-30T02:17:00.639 -6.021754200582262,-0.21921920518677274,0.009521068648800316,-0.0015455804313654418,-1.9038460643875408e-06,-0.9812969550855445,-0.19249388851946564
2026-09-30T02:17:00.720 -6.0243663852697384,-0.21814510277095833,0.009524647254007776,-0.0015437097959591,-1.0197432646151022e-06,-0.9811233933413148,-0.19337658595975343
2026-09-30T02:17:00.758 -6.026785434428722,-0.21714067575319795,0.009528516551075507,-0.0015429386630874179,1.5138248287392038e-06,-0.9809687247792798,-0.19415967743819534
2026-09-30T02:17:00.836 -6.028951369830164,-0.21624329549056828,0.00953299894784137,-0.001545190568897034,-3.3737146654548306e-06,-0.9808365836550375,-0.19482609819692723
2026-09-30T02:17:00.876 -6.030975538588353,-0.21540206101883022,0.009535022029571379,-0.0015434008743680952,-1.2813232183479138e-06,-0.9807064722062958,-0.19548000737871205
2026-09-30T02:17:00.950 -6.0329475507294825,-0.21457602507460283,0.009538497470370381,-0.0015429653273600118,6.425062939332494e-07,-0.9805935252753973,-0.19604580445792424
2026-09-30T02:17:00.990 -6.034890805368238,-0.21375696251193996,0.009540794954067417,-0.0015426161122263648,1.3043996740365175e-06,-0.9804730683136297,-0.19664735606024716
2026-09-30T02:17:01.064 -6.036828283764643,-0.2129435027129582,0.00954433500503465,-0.0015422742915876043,-1.2439158073912711e-06,-0.9803381278535902,-0.1973189713762469
2026-09-30T02:17:01.102 -6.038782756450913,-0.2121181818035617,0.009548289354307512,-0.0015441833659253776,-2.786060227807055e-06,-0.9801956160428469,-0.19802567959826317
2026-09-30T02:17:01.184 -6.0407417096194225,-0.211283264603031,0.009550626557345395,-0.0015422065656620575,-1.7178404837131586e-06,-0.9800512596007479,-0.19873889944081236
2026-09-30T02:17:01.221 -6.042702828130514,-0.21044596324368098,0.009554740423984714,-0.001542973921717765,8.45380698561231e-07,-0.9799141129137955,-0.19941401792033514
2026-09-30T02:17:01.301 -6.0446693961532425,-0.20960782748823814,0.009556881049821015,-0.0015423084924397993,-1.4350849142597216e-06,-0.979772318323775,-0.20010953382812688
2026-09-30T02:17:01.344 -6.046630352366033,-0.20876581736006797,0.009560011181117182,-0.0015413551682069164,-1.8102736801604125e-06,-0.9796270669814137,-0.20081940608009335
2026-09-30T02:17:01.434 -6.048583835322684,-0.2079221978123631,0.009563353013790802,-0.0015404016231106384,1.0334248746488018e-06,-0.9794908752547219,-0.2014826356153565
2026-09-30T02:17:01.480 -6.050527163925005,-0.20708257164809943,0.00956615725077324,-0.001540402494564809,-1.426311486937286e-07,-0.9793683914132781,-0.20207716610419504
2026-09-30T02:17:01.552 -6.052265644663375,-0.20633056173252856,0.009569114455002543,-0.001540899624554371,-2.4463162614650175e-06,-0.9792690330737546,-0.20255810644147693
2026-09-30T02:17:01.597 -6.053596995408615,-0.20575336711441541,0.009570653113493557,-0.0015408661822671511,-1.6520943703526695e-06,-0.9791863639454766,-0.20295736101929324
2026-09-30T02:17:01.672 -6.054451208555741,-0.2053818025135376,0.009571705624907771,-0.0015396137610102312,-6.733327909322498e-07,-0.9791427356464519,-0.20316774552028624
2026-09-30T02:17:01.712 -6.054854070288128,-0.20520716597637145,0.009572536276084977,-0.0015398482947794887,-1.078650877812293e-06,-0.9791562653090473,-0.2031025282267663
2026-09-30T02:17:01.788 -6.054976051589617,-0.20515799368017784,0.009572773836206003,-0.0015402682715027454,1.1436494575788243e-06,-0.9792099671480641,-0.20284345641462345
2026-09-30T02:17:01.826 -6.055002217591547,-0.20515268919617635,0.009573113230102362,-0.0015411972476306634,-7.275699074970062e-07,-0.9793152250461331,-0.20233466016319732
2026-09-30T02:17:01.907 -6.054989701133294,-0.20516151052608367,0.0095727060111741,-0.0015408010137359215,-1.5429803240344858e-06,-0.9794494509647302,-0.20168390846754214
2026-09-30T02:17:01.946 -6.054964159647355,-0.20517343113338932,0.009573157368449235,-0.0015415721855382893,-1.1002647666530727e-06,-0.9796019740169319,-0.2009417728002735
2026-09-30T02:17:02.031 -6.054932867355085,-0.20518737822632388,0.009572929080358792,-0.0015416755866221876,-1.6215427360312084e-06,-0.9797668353640864,-0.20013638238561096
2026-09-30T02:17:02.067 -6.0549018505028505,-0.2052009676948332,0.009572850239501355,-0.001541765353533833,-1.5044708808294913e-06,-0.9799388490389697,-0.1992924361372267
2026-09-30T02:17:02.158 -6.054873396279178,-0.20521384193982997,0.009573013869182152,-0.0015424024141166485,-1.069756882948516e-06,-0.9801153920712431,-0.19842237580142583
2026-09-30T02:17:02.197 -6.054850739246303,-0.20522403404886216,0.009572799233679897,-0.0015426150119423091,-1.2878460263385117e-06,-0.9802944983343782,-0.19753560912558601
2026-09-30T02:17:02.274 -6.054831084407388,-0.2052330937074001,0.009572842664819484,-0.0015430802593371163,-1.2279750075875647e-06,-0.9804747368246582,-0.1966390331303086
2026-09-30T02:17:02.324 -6.0548174871279885,-0.20523953083785493,0.00957276156251493,-0.00154363022933281,-1.3569063937082096e-06,-0.9806556904544491,-0.19573460088390587
2026-09-30T02:17:02.391 -6.054806214154612,-0.20524513353251683,0.009572862949193805,-0.0015443895686497837,-1.1898894468806473e-06,-0.9808368823023528,-0.19482460105142071
2026-09-30T02:17:02.431 -6.054801549949921,-0.20524745805492828,0.009572930080908353,-0.0015452813654181104,-1.2431341937417898e-06,-0.9810184316341624,-0.1939083518005471
2026-09-30T02:17:02.509 -6.054799680093178,-0.20524924617075677,0.00957276321181308,-0.001546731988963741,-5.238977419176974e-07,-0.9811990268516917,-0.19299242815502662
2026-09-30T02:17:02.547 -6.054802712528815,-0.2052487693717821,0.009572738203974,-0.001546868809201639,-8.872995709438393e-07,-0.981377060161135,-0.192085067055167
2026-09-30T02:17:02.626 -6.054807406427293,-0.2052475773379856,0.00957273072413559,-0.0015473992515959904,-7.084248382962825e-07,-0.9815547951175981,-0.19117476229017358
2026-09-30T02:17:02.668 -6.05481825446149,-0.20524364356800312,0.009572777677686405,-0.0015478030004537407,-8.656598846528497e-07,-0.9817319937211854,-0.19026270472520065
2026-09-30T02:17:02.742 -6.054832425367495,-0.2052388157701745,0.009572889489611441,-0.0015470110383425143,-4.115373429319041e-07,-0.9819076435707708,-0.18935412922345832
2026-09-30T02:17:02.784 -6.0548564612608775,-0.20522969656216192,0.009572778479481799,-0.0015467074744019297,-8.387131256229112e-07,-0.9820827565811836,-0.18844380308513403
2026-09-30T02:17:02.858 -6.05487975918379,-0.20522141180984857,0.009572889820391587,-0.0015471885763414456,-6.233423823044337e-07,-0.9822553060264436,-0.18754231519851325
2026-09-30T02:17:02.898 -6.054911178531342,-0.20520972969505916,0.009572850088548952,-0.001547352482854758,-8.445704692839386e-07,-0.9824283325155265,-0.18663380500419194
2026-09-30T02:17:02.976 -6.054942225111724,-0.2051982859941313,0.009572958779163128,-0.001547706786780124,-6.416047566102585e-07,-0.9826008820037049,-0.18572321149719473
2026-09-30T02:17:03.011 -6.054981243959454,-0.20518380255670357,0.009573005568335635,-0.0015461312763252136,-1.2060615554701314e-06,-0.9827738502069084,-0.18480575972114877
2026-09-30T02:17:03.087 -6.055021037741781,-0.20516896150117095,0.00957300887915831,-0.0015464000523140817,-1.0393354498230315e-06,-0.9829460420877305,-0.18388770211698152
2026-09-30T02:17:03.129 -6.055069354736958,-0.20515078269280954,0.009573204479645873,-0.0015457669677639435,-1.2249830915446594e-06,-0.983118353856792,-0.18296423943736206
2026-09-30T02:17:03.222 -6.055117388719972,-0.20513325953198971,0.00957332512688186,-0.001545985440903748,-1.1064672414779311e-06,-0.9832906053195026,-0.18203624753932457
2026-09-30T02:17:03.262 -6.055172881019275,-0.20511293504679304,0.009573293653028907,-0.0015456749078340075,-1.486385984195804e-06,-0.9834634531956868,-0.18110010247176914
2026-09-30T02:17:03.338 -6.055229378891792,-0.20509219334171636,0.009573427681997204,-0.0015459545030412141,-1.3095218032135397e-06,-0.983636240971096,-0.1801592503070872
2026-09-30T02:17:03.377 -6.055293662835052,-0.20506865031638194,0.009573454811631195,-0.0015457462651147673,-1.6453907060926564e-06,-0.9838095655234239,-0.17921034973011052
2026-09-30T02:17:03.458 -6.055358088006321,-0.20504534571137062,0.009573690781123124,-0.0015465052334868103,-1.2228850121147984e-06,-0.9839834257016359,-0.17825326438677286
2026-09-30T02:17:03.494 -6.055430694435648,-0.20501918018646392,0.00957362676076595,-0.0015463694511236629,-1.4905593556156803e-06,-0.9841582997974335,-0.17728522126540572
2026-09-30T02:17:03.584 -6.055500334956396,-0.204994266321698,0.009573915679532512,-0.0015474113786309637,-1.1356184990932395e-06,-0.9843354378252677,-0.17629903958352852
2026-09-30T02:17:03.629 -6.0555810625474455,-0.204965001457509,0.009573864499039911,-0.0015466602192348218,-1.7583180742487076e-06,-0.9845141269010107,-0.17529843630624714
2026-09-30T02:17:03.719 -6.05566097742671,-0.2049365710480539,0.009574184563210849,-0.001547932468248707,-1.1392863435818824e-06,-0.9846920395068124,-0.17429627430237907
2026-09-30T02:17:03.758 -6.055746577563524,-0.20490623336159008,0.009574230493621088,-0.001547516191444045,-1.5001850444611627e-06,-0.9848712646654936,-0.17328068913637873
2026-09-30T02:17:03.836 -6.055835351606339,-0.20487512085469908,0.009574311244536764,-0.0015481614049562774,-9.237696951859196e-07,-0.9850503101386435,-0.17225994801802658
2026-09-30T02:17:03.876 -6.055930361878769,-0.2048415646358942,0.009574357151616735,-0.0015493651018187882,-1.211731983266063e-06,-0.9852291167206928,-0.17123430448387605
2026-09-30T02:17:03.967 -6.056027346080631,-0.2048080680465373,0.009574704203299518,-0.0015495072123137964,-1.0041991200034777e-06,-0.9854089969468075,-0.17019608621433513
2026-09-30T02:17:04.014 -6.056128689311794,-0.20477290258205108,0.00957478992553516,-0.0015503458730153506,-1.1454680342604067e-06,-0.9855892341957582,-0.16914921774510486
2026-09-30T02:17:04.092 -6.0562319396816635,-0.2047373795136853,0.009575012773715705,-0.001550961781386768,-8.395779502684612e-07,-0.9857706040253931,-0.16808899653534656
2026-09-30T02:17:04.143 -6.056341135611623,-0.20469965114831545,0.009575259923243675,-0.0015518328201893576,-9.325522232218153e-07,-0.9859527484415178,-0.16701727352176957
2026-09-30T02:17:04.213 -6.056452373066545,-0.20466210162259027,0.009575465597136311,-0.0015522969861249617,-7.646152553192139e-07,-0.9861358467734406,-0.165932763738545
2026-09-30T02:17:04.251 -6.056567492429979,-0.20462300242498907,0.009575588001382045,-0.0015530130832788526,-9.306750018251454e-07,-0.9863197196914062,-0.1648362784624893
2026-09-30T02:17:04.332 -6.0566846604869715,-0.20458402246244878,0.009575847755473666,-0.0015535436806585461,-4.2605687423108926e-07,-0.9865045463470045,-0.16372649919466825
2026-09-30T02:17:04.377 -6.056806746086388,-0.20454313521320247,0.009576025877301768,-0.0015544505191257532,-8.28525035747613e-07,-0.9866901474871022,-0.16260423283167644
2026-09-30T02:17:04.474 -6.056931007246615,-0.204502724828505,0.009576207439013815,-0.0015549122407669403,-2.796095453933447e-07,-0.9868767621690371,-0.16146776315600286
2026-09-30T02:17:04.530 -6.057059805879642,-0.20446010912908275,0.009576366372195841,-0.0015557899506115395,-5.662505346323066e-07,-0.9870640916981887,-0.16031861525518082
2026-09-30T02:17:04.602 -6.057190713135388,-0.20441802989802352,0.009576454133537306,-0.0015564365043761123,3.9665598196320906e-08,-0.9872523153915922,-0.1591554060010105
2026-09-30T02:17:04.646 -6.057325576292286,-0.2043739837634527,0.0095767865681017,-0.0015573997622858496,-4.5244822184850457e-07,-0.9874410752000605,-0.15798005416356942
2026-09-30T02:17:04.721 -6.057462197936922,-0.20433089132535504,0.009577017474941243,-0.0015580535346376133,1.5629918976894195e-07,-0.9876308484355091,-0.15678928435232928
2026-09-30T02:17:04.761 -6.057602574690499,-0.20428613000448068,0.009577254318707122,-0.0015589870773211226,-2.1642580467934828e-07,-0.9878212174136803,-0.15558538487467485
2026-09-30T02:17:04.840 -6.05774458306531,-0.20424190514594684,0.009577523544700343,-0.0015596459221700843,4.4199812891371454e-08,-0.9880123613779068,-0.15436690470773837
2026-09-30T02:17:04.877 -6.057890570304054,-0.2041958325935434,0.009577650049569692,-0.00156014000440487,1.7928685344393693e-08,-0.9881931942218419,-0.15320501576906453
2026-09-30T02:17:04.958 -6.058034233031783,-0.20415190577909603,0.009577713274810643,-0.001560359633022741,7.799828957582106e-07,-0.9883531068444893,-0.1521699755801152
2026-09-30T02:17:04.999 -6.058180130337841,-0.20410642927195455,0.009578167463552093,-0.0015628777133706569,4.3940246311736776e-07,-0.988494004499156,-0.15125197678801688
2026-09-30T02:17:05.095 -6.058346062698895,-0.20405552899442295,0.009578400008825873,-0.0015642903964801066,2.8727041188486426e-07,-0.9886178567633415,-0.15044030804319114
2026-09-30T02:17:05.136 -6.0584806279854035,-0.2040143438790709,0.009578612763511388,-0.0015643133442259113,3.757518995128557e-07,-0.9887451670245528,-0.14960129547971507
2026-09-30T02:17:05.214 -6.0586410319020585,-0.20396552969449314,0.009578896172819895,-0.0015655614487682572,2.74214273014854e-07,-0.9888630591438595,-0.14882002310819187
2026-09-30T02:17:05.256 -6.058774330674432,-0.20392523863287698,0.009579047320454627,-0.0015655900862731982,4.801390049796659e-07,-0.9889873296314762,-0.14799192800910815
2026-09-30T02:17:05.335 -6.058934123631485,-0.20387743771956848,0.009579329763955965,-0.0015664392240173231,5.047217612661262e-07,-0.989104506785516,-0.14720672852992828
2026-09-30T02:17:05.374 -6.059068212368204,-0.2038378023190126,0.009579348050111505,-0.0015666061423326516,8.641995179042454e-07,-0.9892281810838027,-0.14637332917604653
2026-09-30T02:17:05.458 -6.059228876691694,-0.20378976299805898,0.00957985538899078,-0.001567794081279291,4.875423037856306e-07,-0.9893456559243501,-0.14557717927305358
2026-09-30T02:17:05.499 -6.059366802388138,-0.2037493527854189,0.009579939346370898,-0.00156799227398291,6.790583617985433e-07,-0.9894698069543227,-0.14473093147472954
2026-09-30T02:17:05.576 -6.059529359440207,-0.20370125388367943,0.00958027086368958,-0.0015688667079223253,7.942827560956193e-07,-0.9895887124343414,-0.1439156658573507
2026-09-30T02:17:05.619 -6.059669400778808,-0.20366006883725923,0.009580566782503604,-0.0015692124850999383,7.487276137972583e-07,-0.9897134593050975,-0.14305525520564974
2026-09-30T02:17:05.703 -6.059833381165212,-0.20361256599991673,0.00958072173621902,-0.00156994196844345,9.244365651392043e-07,-0.9898338548892786,-0.14221981224988275
2026-09-30T02:17:05.745 -6.0599728488191245,-0.20357251343452706,0.009581001847003593,-0.0015703487307450583,9.474313892051792e-07,-0.9899591976658418,-0.14134468847738535
2026-09-30T02:17:05.820 -6.060137708343376,-0.2035254874454088,0.009581173091998138,-0.0015710774971625099,1.077119133451682e-06,-0.9900803084094669,-0.1404938241139179
2026-09-30T02:17:05.861 -6.0602809314704364,-0.20348477927624734,0.009581220721593696,-0.0015714260222789197,1.699842725564316e-06,-0.9902058299686347,-0.1396063928102663
2026-09-30T02:17:05.941 -6.060446036173537,-0.20343828973194825,0.009581824488555653,-0.0015723423609703105,9.106706340887053e-07,-0.9903274769132979,-0.13874082387391215
2026-09-30T02:17:05.993 -6.0605901011915915,-0.20339758157338383,0.00958188835045156,-0.0015728829360579372,1.2815883837474653e-06,-0.9904533558599591,-0.13783931189385887
2026-09-30T02:17:06.061 -6.060756547509848,-0.2033515688831877,0.00958216641278334,-0.0015732768371596953,1.3880443437832646e-06,-0.9905759567772503,-0.13695546229669747
2026-09-30T02:17:06.110 -6.0609026165165325,-0.20331109916841092,0.00958236755386369,-0.0015739318033251585,1.513454708075879e-06,-0.9907023123729832,-0.1360384173504386
2026-09-30T02:17:06.186 -6.061069174306132,-0.20326544410745762,0.009582824606667142,-0.0015746860176261489,1.2509617192817739e-06,-0.990825508948948,-0.13513819289319826
2026-09-30T02:17:06.224 -6.061216256725869,-0.20322545124261265,0.00958293794307148,-0.0015752295653580668,1.472269968068577e-06,-0.9909522221644931,-0.1342058569396357
2026-09-30T02:17:06.301 -6.061382971279996,-0.20318009420688862,0.009583201528453598,-0.001575878380645999,1.3808403901692052e-06,-0.9910759551613042,-0.13328903820844223
2026-09-30T02:17:06.336 -6.061531759617642,-0.2031403993867185,0.009583481475130969,-0.0015764094043138044,1.5809133374600646e-06,-0.9912027279050944,-0.1323429904618685
2026-09-30T02:17:06.428 -6.061698638215944,-0.20309581721345654,0.009583655912947882,-0.0015770477666550355,1.429929813767933e-06,-0.9913272356507016,-0.13140709560535704
2026-09-30T02:17:06.476 -6.061849654065363,-0.20305588400272992,0.009584073492136422,-0.0015775933558044575,1.5972191857267343e-06,-0.991454067897338,-0.13044670347108564
2026-09-30T02:17:06.560 -6.06201723293918,-0.203011897884725,0.009584293740813323,-0.0015778846980812474,1.5151853485111589e-06,-0.9915789930420499,-0.12949367102410203
2026-09-30T02:17:06.602 -6.062168703690778,-0.20297250112157256,0.00958444381811298,-0.001578763763603341,1.855793083013404e-06,-0.9917058249334917,-0.12851873129827315
2026-09-30T02:17:06.691 -6.0623357982175845,-0.20292952827642607,0.009584693103530526,-0.0015790499646830295,1.7877860699305852e-06,-0.9918311076005184,-0.12754826770263117
2026-09-30T02:17:06.728 -6.062488475908607,-0.20289060836562248,0.009584874891578807,-0.0015799396057575323,1.929666534334138e-06,-0.9919578797859381,-0.12655855766286675
2026-09-30T02:17:06.811 -6.062655376685742,-0.2028485295877059,0.009585138772001069,-0.0015805881326583678,1.898142565881653e-06,-0.9920831620695798,-0.1255726931923345
2026-09-30T02:17:06.871 -6.062810028658851,-0.2028097289110361,0.009585398187523391,-0.0015812334913309152,1.8194155121556248e-06,-0.9922095767376455,-0.12456988210413458
2026-09-30T02:17:06.955 -6.062975342429486,-0.20276854418280824,0.00958567446006094,-0.001581854113302529,2.4636754277346488e-06,-0.9923349781452327,-0.12356694089033232
2026-09-30T02:17:07.003 -6.063128757623069,-0.20273039914166227,0.009585917019041813,-0.0015822493643061707,1.8678069368534997e-06,-0.9924615717109166,-0.12254601242210143
2026-09-30T02:17:07.078 -6.063293207201413,-0.20269082372797292,0.009586132320774064,-0.0015827514301546672,2.1424960173470676e-06,-0.9925872115118273,-0.12152416400245383
2026-09-30T02:17:07.123 -6.0634464507143155,-0.2026535727543055,0.009586568323810944,-0.001583595340034151,2.0269800053355894e-06,-0.9927134470027936,-0.12048860677060803
2026-09-30T02:17:07.199 -6.063609038020052,-0.20261453375901198,0.009586542262310505,-0.0015840796601417513,2.1838939370324573e-06,-0.9928391463068181,-0.11944839993741938
2026-09-30T02:17:07.246 -6.0637969715162185,-0.20256935580434174,0.009587018211320877,-0.0015849177562812019,2.285219560942088e-06,-0.9929612691817492,-0.1184289066716979
2026-09-30T02:17:07.325 -6.06394968625165,-0.20253389296338473,0.009587304366833376,-0.0015857351617044086,1.9888355967033646e-06,-0.993086848902852,-0.11737118886781958
2026-09-30T02:17:07.368 -6.064110090000661,-0.20249652287060022,0.009587602679156306,-0.0015860116067180619,2.081590243511436e-06,-0.9932111177581601,-0.11631491789291983
2026-09-30T02:17:07.452 -6.064294894695825,-0.20245390787631234,0.009587775658068438,-0.001586609381918604,2.4294840806236734e-06,-0.9933327042333232,-0.11527194526544755
2026-09-30T02:17:07.497 -6.064445433901806,-0.2024192198683522,0.009588028571616593,-0.001587186095940317,2.1839762893440593e-06,-0.9934570323287087,-0.11419547167975756
2026-09-30T02:17:07.578 -6.064598439410304,-0.20238465110074966,0.009588181076418355,-0.001587471193724399,2.431091462167863e-06,-0.9935815989948111,-0.11310652531226124
2026-09-30T02:17:07.614 -6.064780047418415,-0.20234322815907177,0.009588587420119052,-0.0015883381307835976,2.205905368274922e-06,-0.9937034234719471,-0.11203117136426216
2026-09-30T02:17:07.691 -6.064928940021127,-0.2023106858975928,0.009588837730603398,-0.0015891087354811206,2.1460839605612346e-06,-0.9938273936056861,-0.1109260404402409
2026-09-30T02:17:07.732 -6.0650832342824685,-0.20227671319264412,0.009589111482610425,-0.0015894649670693444,2.360072015360331e-06,-0.9939511255910944,-0.10981180961875214
2026-09-30T02:17:07.811 -6.065281040462379,-0.2022339195481363,0.009589156006442237,-0.0015896596669757452,2.5144975072895156e-06,-0.9940691955143235,-0.1087377924427677
2026-09-30T02:17:07.860 -6.0654271908165125,-0.2022025097403391,0.009589670202580135,-0.0015907802917761648,2.1500543978834118e-06,-0.9941921519354202,-0.10760778058978351
2026-09-30T02:17:07.929 -6.065590679298614,-0.20216823912794463,0.009589824380969496,-0.0015908194468112916,2.520838250934272e-06,-0.9943124270830158,-0.10649068802207799
2026-09-30T02:17:07.977 -6.065752901020927,-0.20213378968565016,0.009590080864700833,-0.001591402211701008,2.500867222319052e-06,-0.9944334765399712,-0.10535429829567006
2026-09-30T02:17:08.055 -6.065917916817767,-0.20209993632499335,0.009590267260375835,-0.0015918119249745816,2.662314098807123e-06,-0.9945523208148034,-0.10422642318335634
2026-09-30T02:17:08.093 -6.066050723172765,-0.2020724602557517,0.009590745457752767,-0.0015927926203938613,1.997892741602837e-06,-0.9946669924865367,-0.10312631606658323
2026-09-30T02:17:08.168 -6.066222228662552,-0.20203783211644302,0.009590793102392416,-0.0015929387825430559,2.1575148232323714e-06,-0.9947619964099391,-0.10220583662341688
2026-09-30T02:17:08.205 -6.066383355419351,-0.20200451514864287,0.009590869040915039,-0.0015934383257595612,2.798859454215752e-06,-0.9948458546175523,-0.1013863230260396
2026-09-30T02:17:08.285 -6.066518269986787,-0.20197835040809978,0.009591529386001808,-0.0015941466269206817,2.313821622788226e-06,-0.9949224413013262,-0.10063197546598883
2026-09-30T02:17:08.318 -6.0666246202230205,-0.20195743051679615,0.009591369707409612,-0.0015944929600852963,1.775906304116141e-06,-0.9949950945739077,-0.0999110572604809
2026-09-30T02:17:08.394 -6.066738315873321,-0.20193472257853848,0.009591772986035127,-0.0015947627154003258,2.2132469601804184e-06,-0.9950650658333077,-0.09921175074122215
2026-09-30T02:17:08.435 -6.066849448720383,-0.20191350472415628,0.009592038102247126,-0.0015955558884380749,2.544408492978742e-06,-0.9951331294193677,-0.09852669144424206
2026-09-30T02:17:08.509 -6.066978381398227,-0.20188918765238623,0.009592092942467026,-0.0015953333119092875,2.13372640669106e-06,-0.995197915731313,-0.0978701355425746
2026-09-30T02:17:08.546 -6.067103536537688,-0.20186522816091554,0.00959220141477591,-0.0015954908645285752,2.7080152338008513e-06,-0.9952601984800801,-0.09723472488241931
2026-09-30T02:17:08.626 -6.067191915309577,-0.20184830155448372,0.00959241565394668,-0.0015957865635336142,2.3725347829554556e-06,-0.9953258187376005,-0.09656069601002422
2026-09-30T02:17:08.662 -6.067292378889484,-0.20182911012369445,0.009592678802447368,-0.001596344831679665,1.8989183906873136e-06,-0.995391677160485,-0.0958794071696793
2026-09-30T02:17:08.761 -6.067394481944726,-0.20181021673680677,0.0095927210254929,-0.0015961667196837126,2.7153938979691243e-06,-0.9954492516315921,-0.0952797967595077
2026-09-30T02:17:08.800 -6.067495407573352,-0.20179138293971557,0.009592910398708998,-0.0015964479484902555,1.8621866755772275e-06,-0.9954898991102139,-0.09485416237581001
2026-09-30T02:17:08.887 -6.067589396892838,-0.20177380075285542,0.009592969595662776,-0.0015964329556544413,2.149871278045232e-06,-0.9955132626045735,-0.09460864323936762
2026-09-30T02:17:08.955 -6.067650163969993,-0.20176211900754965,0.009593020969287724,-0.0015964563740841133,2.1622578526322614e-06,-0.9955249443257808,-0.09448564201783011
2026-09-30T02:17:09.023 -6.067676993538721,-0.20175723176446475,0.009593063388834972,-0.0015968608461715888,2.0132301381789454e-06,-0.9955305464726373,-0.0944265909120801
2026-09-30T02:17:09.073 -6.067689540308721,-0.20175472852734672,0.009593098127353082,-0.0015969006949054277,2.051052280490562e-06,-0.9955326920665984,-0.09440396671006597
2026-09-30T02:17:09.148 -6.067691887129128,-0.20175407290578862,0.009593176343708251,-0.0015969353121959465,1.9980161245525694e-06,-0.9955330496434656,-0.09440019523919352
2026-09-30T02:17:09.191 -6.0676920213579635,-0.20175401330284604,0.009593102050028494,-0.0015968617734724933,2.1515044702829115e-06,-0.9955321556910163,-0.09440962351924578
2026-09-30T02:17:09.264 -6.067690263016386,-0.20175454972251133,0.009593099269999098,-0.0015968898166419728,2.151878054119472e-06,-0.9955305464497449,-0.09442659066044522
2026-09-30T02:17:09.307 -6.067685062507874,-0.20175532451741854,0.009593091047575995,-0.0015968935650631302,1.9735559634933896e-06,-0.9955288180262294,-0.09444481143157525
2026-09-30T02:17:09.376 -6.067679377705476,-0.20175663574803143,0.009593082059530404,-0.0015968907634594726,2.007149723376007e-06,-0.995527030007179,-0.09446365682603224
2026-09-30T02:17:09.414 -6.067674579503502,-0.20175747015264606,0.009593089374388117,-0.0015967828320123663,2.1158318664535196e-06,-0.9955253016719378,-0.09448187133576479
2026-09-30T02:17:09.493 -6.067670504150557,-0.2017581257524417,0.009593008425036437,-0.001596774093561153,1.993329954426234e-06,-0.9955238712617857,-0.0944969420482407
2026-09-30T02:17:09.537 -6.067666868213394,-0.2017590197763317,0.009593032478751016,-0.0015968009580609392,2.2091467351415044e-06,-0.9955225600249223,-0.09451075443167943
2026-09-30T02:17:09.610 -6.067663545179665,-0.2017596753855796,0.009593071928335776,-0.0015968816609098426,2.0182701117534052e-06,-0.9955214275475813,-0.09452268118559336
2026-09-30T02:17:09.658 -6.067660803436362,-0.20175997337429202,0.009593022889858905,-0.0015968476621925354,1.958463134297757e-06,-0.9955204739630632,-0.09453272446124843
2026-09-30T02:17:09.724 -6.067658672566972,-0.20176045018462238,0.009593019520811891,-0.0015968191908631198,2.112941488607286e-06,-0.9955197587770374,-0.09454025623255327
2026-09-30T02:17:09.759 -6.0676567578340785,-0.20176098660232603,0.009592971789971486,-0.0015967643122238014,2.089683807169796e-06,-0.9955191628132957,-0.09454653251642522
2026-09-30T02:17:09.838 -6.0676552079967,-0.201761046187446,0.009593043845421343,-0.001596824155065802,1.9814185597462588e-06,-0.9955185071581314,-0.09455343491559468
2026-09-30T02:17:09.876 -6.067653844489031,-0.20176152300743266,0.009593071492015675,-0.0015968306902437862,2.121225101082017e-06,-0.9955179111458441,-0.09455970978732221
2026-09-30T02:17:09.953 -6.067652175514693,-0.20176146338177045,0.009593098655535811,-0.001596856561959523,2.0153112702410952e-06,-0.9955172555175317,-0.09456661150692092
2026-09-30T02:17:09.990 -6.067650595964017,-0.20176194019903954,0.009593111059363012,-0.0015967695471025961,2.119403717661045e-06,-0.9955167191799109,-0.09457225891236817
2026-09-30T02:17:10.063 -6.0676490910155465,-0.2017622382033233,0.009593063976392265,-0.0015967963785592624,2.2079987813141954e-06,-0.9955161231515649,-0.09457853235131326
2026-09-30T02:17:10.107 -6.0676476305554585,-0.20176277462672437,0.009593151074424574,-0.0015968444789379356,1.958102524563815e-06,-0.9955155867070862,-0.09458417788997431
2026-09-30T02:17:10.184 -6.067646163027018,-0.20176289381756196,0.009592999742327388,-0.0015967757282752757,2.043551384445772e-06,-0.9955151099557321,-0.09458919680874989
2026-09-30T02:17:10.228 -6.0676448293040774,-0.2017628938007629,0.009593042337106924,-0.0015967752748412252,2.169042402821768e-06,-0.9955146331503835,-0.09459421487318609
2026-09-30T02:17:10.304 -6.067643853181996,-0.2017631322070428,0.009593100398515577,-0.0015968521953478555,1.9433199404818915e-06,-0.9955142158845455,-0.09459860480508449
2026-09-30T02:17:10.339 -6.067642869797076,-0.20176343021789556,0.009593039239013277,-0.001596773831690843,2.1213613901585943e-06,-0.9955139775436554,-0.0946011142854077
2026-09-30T02:17:10.422 -6.067642139613778,-0.20176372823192393,0.009593052985749171,-0.001596776821318607,2.085050994243331e-06,-0.9955136199369972,-0.09460487735508816
2026-09-30T02:17:10.460 -6.0676415808261845,-0.20176331099237527,0.009593052102169123,-0.0015968083723995477,2.1122617942500503e-06,-0.9955134411099091,-0.09460675857499683
2026-09-30T02:17:10.555 -6.067641133834526,-0.20176366861462117,0.009593021593133041,-0.0015967914115416102,2.0194676463035957e-06,-0.9955133815225952,-0.09460738587741382
2026-09-30T02:17:10.589 -6.067640783492003,-0.201763728214838,0.00959312534747337,-0.001596798006448279,1.9760553264356608e-06,-0.995513202715231,-0.09460926726217254
2026-09-30T02:17:10.683 -6.067640552779704,-0.20176402623518405,0.009592961069768988,-0.0015967958893014958,2.061768758672614e-06,-0.9955132027169122,-0.09460926727838558
2026-09-30T02:17:10.725 -6.067640232405889,-0.20176396662650573,0.009592960563212473,-0.0015967227369858743,2.0039795967704018e-06,-0.995513083573311,-0.09461052217826087
2026-09-30T02:17:10.811 -6.067640030956239,-0.20176408583322977,0.00959313905887854,-0.0015968377836274679,2.0265670709708022e-06,-0.9955129046802095,-0.0946124025704766
2026-09-30T02:17:10.847 -6.067639777944601,-0.20176396662078644,0.009592944943480305,-0.0015967628527647972,2.025467038357306e-06,-0.9955129047394503,-0.09461240321179702
2026-09-30T02:17:10.940 -6.0676397256484895,-0.2017640262247582,0.00959303426788436,-0.0015968125654403297,2.12253796396757e-06,-0.9955129047001556,-0.09461240278412114
2026-09-30T02:17:10.977 -6.067639584183377,-0.2017639070136973,0.0095929744394716,-0.001596689004096816,2.1137920214578405e-06,-0.9955128451971278,-0.0946130309591436
2026-09-30T02:17:11.067 -6.067639613987163,-0.201763787804783,0.00959297448657273,-0.0015967770036908243,2.034224924563726e-06,-0.9955128451275476,-0.09461303020788316
2026-09-30T02:17:11.107 -6.067639435050399,-0.20176420503503142,0.009593048709630039,-0.0015967840221619526,2.000490811901138e-06,-0.9955127855212803,-0.09461365726176227
2026-09-30T02:17:11.207 -6.067639494844201,-0.20176414543115898,0.009592929594721003,-0.0015967241360492488,2.1128653133692293e-06,-0.995512845169352,-0.0946130306585251
2026-09-30T02:17:11.247 -6.067639457380802,-0.2017640262213758,0.009593063646083831,-0.00159678469201814,1.957325999451483e-06,-0.9955127855207468,-0.09461365725697148
2026-09-30T02:17:11.323 -6.067639390490584,-0.2017640262205507,0.009592959232064439,-0.0015967825611942676,1.925111164752304e-06,-0.995512725921713,-0.09461428438489877
2026-09-30T02:17:11.359 -6.067639427534399,-0.20176378780241602,0.009593093401209342,-0.0015968548284664397,2.1310820500861463e-06,-0.9955127854653116,-0.09461365665278972
2026-09-30T02:17:11.433 -6.067639375470137,-0.20176414542963897,0.009593033714236462,-0.0015968277715522367,2.001603573507344e-06,-0.995512725885976,-0.09461428399631402
2026-09-30T02:17:11.478 -6.067639360521125,-0.20176420503409065,0.009593063492971033,-0.0015967860394475546,1.9372259208106904e-06,-0.9955127855196799,-0.09461365724587197
2026-09-30T02:17:11.538 -6.06763953952557,-0.2017640262224295,0.009592944566525019,-0.0015968124485156354,1.9839633817426154e-06,-0.9955128450995204,-0.09461302990564593
2026-09-30T02:17:11.580 -6.067639397821852,-0.20176414542992038,0.009593033749576934,-0.001596741513919617,2.039114409070635e-06,-0.995512785554891,-0.0946136576246877
2026-09-30T02:17:11.659 -6.067639479802447,-0.2017640858263102,0.00959301897800635,-0.0015967618298769806,2.1356824896635347e-06,-0.9955127259381217,-0.09461428455760752
2026-09-30T02:17:11.699 -6.0676394648306236,-0.20176408582611438,0.009593063657873739,-0.0015967816651724814,2.001698164646243e-06,-0.9955127855231438,-0.09461365728190729
2026-09-30T02:17:11.771 -6.067639338243094,-0.20176396661523838,0.00959301875416386,-0.0015967480579238457,2.154566056200213e-06,-0.9955127259490115,-0.09461428467502052
2026-09-30T02:17:11.807 -6.06763956178154,-0.20176414543198953,0.009593004206455261,-0.0015968732119071647,2.0451819723861138e-06,-0.9955128450514856,-0.09461302938421894
2026-09-30T02:17:11.884 -6.067639360570496,-0.20176402622016182,0.009593033690656649,-0.0015967322486918846,2.1276826868270786e-06,-0.9955127855622238,-0.09461365770194591
2026-09-30T02:17:11.919 -6.067639584041265,-0.20176396661832569,0.009593063846336758,-0.0015968452313937901,2.0530616159604385e-06,-0.9955127854728923,-0.09461365673672646
2026-09-30T02:17:11.998 -6.067639487322198,-0.2017642050357017,0.0095929742863783,-0.0015967547284720348,2.044389552944137e-06,-0.9955128451451596,-0.0946130303982882
2026-09-30T02:17:12.035 -6.067639487161779,-0.20176384740781395,0.009593078594317782,-0.0015968342873472815,2.018315219819266e-06,-0.9955127258808262,-0.09461428394017747
2026-09-30T02:17:12.117 -6.067639338290965,-0.20176390701059907,0.009592988951868974,-0.001596785742161757,2.1768296114279994e-06,-0.9955127855199356,-0.0946136572429888
2026-09-30T02:17:12.160 -6.067639233887225,-0.20176402621856443,0.009593048391536543,-0.0015967767990069492,2.0492092709104344e-06,-0.9955127259262795,-0.09461428443149272
2026-09-30T02:17:12.240 -6.06763944257315,-0.2017640858258439,0.009593004017962994,-0.0015968078364017192,2.0946533404217887e-06,-0.9955127855024608,-0.09461365705582815
2026-09-30T02:17:12.283 -6.067639338335083,-0.20176414542918364,0.009592959149622835,-0.0015967458845298195,2.0548739130973556e-06,-0.9955127259507212,-0.09461428469592839
2026-09-30T02:17:12.367 -6.067639338313024,-0.20176402621989134,0.009592974050745905,-0.0015968502810164448,1.9472216263779614e-06,-0.9955127258681752,-0.09461428380484604
2026-09-30T02:17:12.406 -6.067639368090998,-0.2017640858249086,0.009592988999018852,-0.0015967970109680197,2.1802066160923776e-06,-0.9955127855110267,-0.094613657146466
2026-09-30T02:17:12.485 -6.067639308348069,-0.20176384740556266,0.009593078311594005,-0.0015968178482763495,1.955884902240916e-06,-0.9955127258938175,-0.09461428408224092
2026-09-30T02:17:12.525 -6.067639353191357,-0.20176396661543144,0.009592988975439039,-0.0015967227971208336,2.079866894436353e-06,-0.9955127855696921,-0.0946136577839357
2026-09-30T02:17:12.607 -6.067639286087593,-0.20176408582387131,0.009593018671722258,-0.0015967635811024441,2.0749491894442902e-06,-0.9955127259367319,-0.09461428454402718
2026-09-30T02:17:12.644 -6.067639204152619,-0.2017642646367765,0.009593003641027205,-0.0015967522095330815,2.0627243626007258e-06,-0.9955126663450056,-0.09461491174642772
2026-09-30T02:17:12.718 -6.067639241386417,-0.20176390700937416,0.009593018601012065,-0.0015968172043379757,2.143754464064605e-06,-0.9955127258943429,-0.09461428408351061
2026-09-30T02:17:12.756 -6.067639099777692,-0.2017639666122312,0.00959304817948396,-0.0015967988271185821,2.0753648721539128e-06,-0.9955126663081505,-0.09461491134718561
2026-09-30T02:17:12.828 -6.067639219034704,-0.20176390700909275,0.009593018565671593,-0.0015967214334314597,2.0379154004062382e-06,-0.9955127259700508,-0.09461428490555401
2026-09-30T02:17:12.866 -6.06763927111577,-0.20176408582367547,0.009593063351589647,-0.0015968262522014084,2.10270152536164e-06,-0.9955126662864703,-0.09461491111184213
2026-09-30T02:17:12.947 -6.067639084944978,-0.2017641454259861,0.009593003452525188,-0.0015967676080077362,2.031084053862095e-06,-0.9955127259335443,-0.0946142845105569
2026-09-30T02:17:12.985 -6.067639099824062,-0.20176402621688144,0.009593018377208573,-0.0015967481158854807,2.190575998645438e-06,-0.9955126663482531,-0.09461491177847002
2026-09-30T02:17:13.061 -6.067639301060917,-0.20176396661477755,0.009592973991835368,-0.0015968106910122782,1.9552976932985636e-06,-0.9955127258994761,-0.09461428414350895
2026-09-30T02:17:13.098 -6.067639181803906,-0.201764026217916,0.009593003605647736,-0.001596790333982012,2.193078899720165e-06,-0.9955127259155911,-0.0946142843123018
2026-09-30T02:17:13.179 -6.067639107394687,-0.20176384740305459,0.009592943883246644,-0.0015967377745765626,2.0784879233810268e-06,-0.9955126663564192,-0.09461491186959815
2026-09-30T02:17:13.223 -6.067639204179931,-0.2017639666135554,0.00959298873983589,-0.0015968487249902155,2.1164297353203883e-06,-0.99551272586942,-0.09461428381437562
2026-09-30T02:17:13.303 -6.0676390102949025,-0.20176438384361073,0.009593092741618021,-0.0015967457209077223,2.226042286075545e-06,-0.9955126663501496,-0.09461491179810533
2026-09-30T02:17:13.344 -6.067639159430134,-0.20176390700834232,0.009593018471430334,-0.001596796273799999,2.110038275402947e-06,-0.9955126663101722,-0.09461491136823917
2026-09-30T02:17:13.420 -6.067639248951039,-0.20176420503270545,0.009592944107128128,-0.001596757341374101,2.0950259701594847e-06,-0.9955127259416667,-0.09461428459696564
2026-09-30T02:17:13.457 -6.0676391070854,-0.20176408582159816,0.009593137598139026,-0.0015968024882034874,2.3016616877994474e-06,-0.9955126663052756,-0.09461491131041246
2026-09-30T02:17:13.529 -6.067639285990351,-0.20176432424243945,0.009593078276331527,-0.001596796690359437,1.944991287037434e-06,-0.9955126663098285,-0.09461491136836139
2026-09-30T02:17:13.567 -6.067639315956807,-0.20176438384747855,0.009592974015463928,-0.0015967862103576339,2.157387313353997e-06,-0.9955127259188482,-0.09461428434844567
2026-09-30T02:17:13.644 -6.067639181730975,-0.20176420503184211,0.009593048309104688,-0.0015968044202098592,2.019026172915898e-06,-0.9955126663037237,-0.09461491130058883
2026-09-30T02:17:13.679 -6.067639144574611,-0.20176402621744974,0.009592988645604381,-0.0015967605541005693,2.062871355352118e-06,-0.9955127259391241,-0.09461428457020729
2026-09-30T02:17:13.761 -6.067639122010854,-0.2017640262171437,0.009593122720547022,-0.001596800579067084,2.0538159186249118e-06,-0.9955126663067635,-0.0946149113326822
2026-09-30T02:17:13.800 -6.067639286228955,-0.20176408582388772,0.009592929264866849,-0.0015967048706005459,2.173490604635783e-06,-0.9955127259831574,-0.09461428504414811
2026-09-30T02:17:14.068 -6.067639263688009,-0.2017641454282292,0.009593048438676671,-0.001596778434107979,2.0095553945919235e-06,-0.9955126663242677,-0.09461491152319285
2026-09-30T02:17:14.102 -6.0676391967544205,-0.20176384740417475,0.009592973826893668,-0.001596787579465863,2.125001139666495e-06,-0.995512725917763,-0.09461428433749115
2026-09-30T02:17:14.191 -6.067639121963733,-0.20176402621713824,0.009593152522832158,-0.0015968538713588254,1.9966059834531794e-06,-0.9955126662646253,-0.09461491087785324
2026-09-30T02:17:14.227 -6.0676392488811075,-0.20176414542805252,0.009592988810546084,-0.001596756252888036,2.0320166607659076e-06,-0.9955127259425219,-0.09461428460771236
2026-09-30T02:17:14.317 -6.067639464857186,-0.20176384740753803,0.009593048756692174,-0.001596809845932257,2.164738135836133e-06,-0.9955127259001624,-0.09461428414599042
2026-09-30T02:17:14.355 -6.067639196608557,-0.20176420503202697,0.009593063233807571,-0.0015967995288018696,2.0098570925241904e-06,-0.99551266630759,-0.09461491134265435
2026-09-30T02:17:14.426 -6.067639293561725,-0.20176408582396782,0.009593003782359846,-0.0015968050073636312,1.954399696003912e-06,-0.9955127259039696,-0.09461428419217142
2026-09-30T02:17:14.469 -6.0676392337922325,-0.20176408582319827,0.009593107996116564,-0.001596811355018199,2.242924721889334e-06,-0.9955126662982602,-0.09461491123599156
2026-09-30T02:17:14.542 -6.067639286158274,-0.2017640858238795,0.009592973968294553,-0.001596691672549515,2.086011504483215e-06,-0.9955127259935842,-0.094614285159136
2026-09-30T02:17:14.584 -6.0676392636887595,-0.20176408582358443,0.009593048438666922,-0.0015967676749448542,2.044079687130741e-06,-0.9955126663327769,-0.09461491161449868
2026-09-30T02:17:14.657 -6.067639278567842,-0.20176396661447973,0.009593063363350305,-0.0015967672698854118,2.0520507518027932e-06,-0.9955127259338135,-0.09461428451297914
2026-09-30T02:17:14.693 -6.067639271257882,-0.2017640262190471,0.009592973944724489,-0.001596774949639536,2.0021396444406897e-06,-0.9955127855284532,-0.09461365733936998
2026-09-30T02:17:14.766 -6.067639271140831,-0.20176396661438867,0.00959304845042758,-0.0015967489917054517,2.055461924098466e-06,-0.9955127259482647,-0.09461428466932456
2026-09-30T02:17:14.802 -6.067639405343855,-0.20176408582537764,0.00959298905791964,-0.0015967562749527988,2.108840372617115e-06,-0.9955127855432269,-0.09461365749677311
2026-09-30T02:17:14.883 -6.067639450025974,-0.20176390701200336,0.009593004029713904,-0.0015967889621354093,2.05459628140837e-06,-0.9955127855173793,-0.09461365721827604
2026-09-30T02:17:14.921 -6.067639338243844,-0.2017639070105936,0.00959301875415411,-0.001596742725068321,2.1194548357603518e-06,-0.9955127259532247,-0.09461428472148273
2026-09-30T02:17:14.995 -6.067639405274675,-0.20176396661607987,0.009593033761327845,-0.0015968054595537854,1.940801891174766e-06,-0.9955127259036108,-0.09461428418859354
2026-09-30T02:17:15.041 -6.067639360616115,-0.20176414542945684,0.009593003888391011,-0.0015967657924118484,2.133031372878205e-06,-0.9955127855357043,-0.09461365741475858
2026-09-30T02:17:15.112 -6.067639293559474,-0.20176426463790212,0.009593003782389094,-0.0015967458879860934,2.101102512830834e-06,-0.9955127259507225,-0.0946142846948415
2026-09-30T02:17:15.164 -6.067639435146891,-0.20176402622110806,0.009592989105030519,-0.0015967587777771554,1.947723379525696e-06,-0.9955127855412341,-0.09461365747895481
2026-09-30T02:17:15.230 -6.067639576494951,-0.2017640858275105,0.00959312343914637,-0.0015968073364660813,2.296367592464924e-06,-0.9955127259021577,-0.09461428416424439
2026-09-30T02:17:15.267 -6.067639472281194,-0.20176408582620817,0.009593063669653895,-0.0015967949274237842,2.1047462230891778e-06,-0.9955127855126675,-0.09461365716607523
2026-09-30T02:17:15.339 -6.067639487414939,-0.20176432424500218,0.009592914681827526,-0.0015967669396248234,2.0955012130577886e-06,-0.9955128451355096,-0.0946130302926199
2026-09-30T02:17:15.374 -6.067639286064783,-0.2017640262192238,0.009593033572855077,-0.0015967703440350164,2.0250011121729212e-06,-0.9955127259313807,-0.09461428448727806
2026-09-30T02:17:15.447 -6.067639397895535,-0.2017639070113495,0.009592989046110233,-0.0015967669094105194,2.077157513122008e-06,-0.9955127855348164,-0.09461365740649334
2026-09-30T02:17:15.485 -6.067639338242343,-0.20176402621988315,0.009593018754173609,-0.001596768113183017,2.1049950007124803e-06,-0.9955127259331514,-0.0946142845045508
2026-09-30T02:17:15.562 -6.067639390326412,-0.20176396661588678,0.009593063540052666,-0.0015968177704778492,1.9877839081221615e-06,-0.9955127854945974,-0.09461365697321016
2026-09-30T02:17:15.599 -6.067639509769655,-0.20176408582670452,0.009592914717129001,-0.001596749988971528,2.015449953176268e-06,-0.995512845148904,-0.09461303043949583
2026-09-30T02:17:15.684 -6.067639546789159,-0.20176390701321187,0.009593063787426222,-0.001596845575007414,2.1166177187287697e-06,-0.9955127854726262,-0.09461365673232718
2026-09-30T02:17:15.721 -6.067639412653815,-0.20176402622081024,0.009593078476545456,-0.001596784307774271,1.994923218019382e-06,-0.9955127259203383,-0.09461428436844148
2026-09-30T02:17:15.805 -6.0676394425495905,-0.20176408582584118,0.009593018919105563,-0.001596803289980919,2.0544538131981973e-06,-0.9955127855060517,-0.09461365709565646
2026-09-30T02:17:15.841 -6.067639621411172,-0.20176402622345316,0.009592989399534454,-0.001596742234602948,2.1367579902054227e-06,-0.9955128451550452,-0.09461303050308398
2026-09-30T02:17:15.916 -6.067639643715766,-0.2017640262237291,0.009593019237160062,-0.00159680551488124,1.9762905148701554e-06,-0.9955128451050016,-0.09461302996515507
2026-09-30T02:17:15.956 -6.067639405249614,-0.2017640858253667,0.009593048662489912,-0.0015968081463194877,2.0536896556983056e-06,-0.9955127855022122,-0.09461365705411105
2026-09-30T02:17:16.040 -6.0676394499766015,-0.20176408582593222,0.009593033832028287,-0.0015967436508503956,2.0591983205541035e-06,-0.9955128451539188,-0.09461303049275482
2026-09-30T02:17:16.077 -6.06763953945639,-0.20176390701313177,0.009592989269933225,-0.0015967673670761826,2.069386785505928e-06,-0.9955127855344538,-0.09461365740275408
2026-09-30T02:17:16.153 -6.06763949474996,-0.20176414543114804,0.009592989199291276,-0.0015967413167341576,2.0988021834197066e-06,-0.9955128451557675,-0.09461303051182332
2026-09-30T02:17:16.191 -6.067639457475043,-0.20176402622138673,0.009593004041513559,-0.0015967812220314666,2.0223020506511715e-06,-0.9955127855234959,-0.09461365728524272
