recv_wall_ns,sim_stamp_s,frame_id,source,x,y,yaw,lin_speed,ang_speed
1790754263646603474,12.067,odom,"ideal odometry /chassis/odom (IsaacComputeOdometry, relative to Play start)",0.0133,-0.0000,-0.0000,0.0008,0.0027
1790754263714065801,12.083,odom,"ideal odometry /chassis/odom (IsaacComputeOdometry, relative to Play start)",0.0133,-0.0000,-0.0000,0.0008,0.0011
1790754263771203428,12.100,odom,"ideal odometry /chassis/odom (IsaacComputeOdometry, relative to Play start)",0.0133,-0.0000,-0.0000,0.0007,0.0001
1790754263833602552,12.117,odom,"ideal odometry /chassis/odom (IsaacComputeOdometry, relative to Play start)",0.0134,-0.0000,-0.0000,0.0007,0.0007
1790754263897547599,12.133,odom,"ideal odometry /chassis/odom (IsaacComputeOdometry, relative to Play start)",0.0134,-0.0000,-0.0000,0.0007,0.0005
1790754263956034816,12.150,odom,"ideal odometry /chassis/odom (IsaacComputeOdometry, relative to Play start)",0.0134,-0.0000,-0.0000,0.0006,0.0001
1790754264005292895,12.167,odom,"ideal odometry /chassis/odom (IsaacComputeOdometry, relative to Play start)",0.0134,-0.0000,-0.0000,0.0007,0.0006
1790754264046863276,12.183,odom,"ideal odometry /chassis/odom (IsaacComputeOdometry, relative to Play start)",0.0134,-0.0000,-0.0000,0.0006,0.0001
1790754264114089967,12.200,odom,"ideal odometry /chassis/odom (IsaacComputeOdometry, relative to Play start)",0.0134,-0.0000,-0.0000,0.0008,0.0012
1790754264169589153,12.217,odom,"ideal odometry /chassis/odom (IsaacComputeOdometry, relative to Play start)",0.0135,-0.0000,-0.0000,0.0008,0.0023
1790754264232089478,12.233,odom,"ideal odometry /chassis/odom (IsaacComputeOdometry, relative to Play start)",0.0135,-0.0000,-0.0000,0.0007,0.0012
1790754264282527514,12.250,odom,"ideal odometry /chassis/odom (IsaacComputeOdometry, relative to Play start)",0.0135,-0.0000,-0.0000,0.0007,0.0000
1790754264335993640,12.267,odom,"ideal odometry /chassis/odom (IsaacComputeOdometry, relative to Play start)",0.0135,-0.0000,-0.0000,0.0006,0.0006
1790754264423729537,12.283,odom,"ideal odometry /chassis/odom (IsaacComputeOdometry, relative to Play start)",0.0135,-0.0000,-0.0000,0.0007,0.0000
1790754264482029785,12.300,odom,"ideal odometry /chassis/odom (IsaacComputeOdometry, relative to Play start)",0.0136,-0.0000,-0.0000,0.0007,0.0002
1790754264552507770,12.317,odom,"ideal odometry /chassis/odom (IsaacComputeOdometry, relative to Play start)",0.0136,-0.0000,-0.0000,0.0007,0.0009
1790754264620494767,12.333,odom,"ideal odometry /chassis/odom (IsaacComputeOdometry, relative to Play start)",0.0136,-0.0000,-0.0000,0.0008,0.0025
1790754264694728734,12.350,odom,"ideal odometry /chassis/odom (IsaacComputeOdometry, relative to Play start)",0.0136,-0.0000,-0.0000,0.0008,0.0013
1790754264746379395,12.367,odom,"ideal odometry /chassis/odom (IsaacComputeOdometry, relative to Play start)",0.0136,-0.0000,-0.0000,0.0007,0.0010
1790754264800007976,12.383,odom,"ideal odometry /chassis/odom (IsaacComputeOdometry, relative to Play start)",0.0137,-0.0000,-0.0000,0.0007,0.0008
1790754264852347155,12.400,odom,"ideal odometry /chassis/odom (IsaacComputeOdometry, relative to Play start)",0.0137,-0.0000,-0.0000,0.0009,0.0025
1790754264910554066,12.417,odom,"ideal odometry /chassis/odom (IsaacComputeOdometry, relative to Play start)",0.0137,-0.0000,-0.0000,0.0008,0.0012
1790754264969997167,12.433,odom,"ideal odometry /chassis/odom (IsaacComputeOdometry, relative to Play start)",0.0137,-0.0000,-0.0000,0.0007,0.0003
1790754265022193161,12.450,odom,"ideal odometry /chassis/odom (IsaacComputeOdometry, relative to Play start)",0.0137,-0.0000,-0.0000,0.0007,0.0008
1790754265072394775,12.467,odom,"ideal odometry /chassis/odom (IsaacComputeOdometry, relative to Play start)",0.0137,-0.0000,-0.0000,0.0009,0.0027
1790754265115181223,12.483,odom,"ideal odometry /chassis/odom (IsaacComputeOdometry, relative to Play start)",0.0138,-0.0000,-0.0000,0.0008,0.0011
1790754265177291321,12.500,odom,"ideal odometry /chassis/odom (IsaacComputeOdometry, relative to Play start)",0.0138,-0.0000,-0.0000,0.0007,0.0001
1790754265231745338,12.517,odom,"ideal odometry /chassis/odom (IsaacComputeOdometry, relative to Play start)",0.0138,-0.0000,-0.0000,0.0007,0.0004
1790754265302886215,12.533,odom,"ideal odometry /chassis/odom (IsaacComputeOdometry, relative to Play start)",0.0138,-0.0000,-0.0000,0.0007,0.0005
1790754265366916997,12.550,odom,"ideal odometry /chassis/odom (IsaacComputeOdometry, relative to Play start)",0.0138,-0.0000,-0.0000,0.0006,0.0000
1790754265415768980,12.567,odom,"ideal odometry /chassis/odom (IsaacComputeOdometry, relative to Play start)",0.0139,-0.0000,-0.0000,0.0007,0.0002
1790754265473487981,12.583,odom,"ideal odometry /chassis/odom (IsaacComputeOdometry, relative to Play start)",0.0139,-0.0000,-0.0000,0.0007,0.0003
1790754265526491454,12.600,odom,"ideal odometry /chassis/odom (IsaacComputeOdometry, relative to Play start)",0.0139,-0.0000,-0.0000,0.0007,0.0012
1790754265572801759,12.617,odom,"ideal odometry /chassis/odom (IsaacComputeOdometry, relative to Play start)",0.0139,-0.0000,-0.0000,0.0008,0.0026
1790754265637196533,12.633,odom,"ideal odometry /chassis/odom (IsaacComputeOdometry, relative to Play start)",0.0139,-0.0000,-0.0000,0.0007,0.0011
1790754265689144785,12.650,odom,"ideal odometry /chassis/odom (IsaacComputeOdometry, relative to Play start)",0.0139,-0.0000,-0.0000,0.0007,0.0014
1790754265741320485,12.667,odom,"ideal odometry /chassis/odom (IsaacComputeOdometry, relative to Play start)",0.0140,-0.0000,-0.0000,0.0009,0.0019
1790754265777557042,12.683,odom,"ideal odometry /chassis/odom (IsaacComputeOdometry, relative to Play start)",0.0140,-0.0000,-0.0000,0.0008,0.0015
1790754265838170116,12.700,odom,"ideal odometry /chassis/odom (IsaacComputeOdometry, relative to Play start)",0.0140,-0.0000,-0.0000,0.0008,0.0013
1790754265890251077,12.717,odom,"ideal odometry /chassis/odom (IsaacComputeOdometry, relative to Play start)",0.0140,-0.0000,-0.0000,0.0008,0.0016
1790754265946864355,12.733,odom,"ideal odometry /chassis/odom (IsaacComputeOdometry, relative to Play start)",0.0140,-0.0000,-0.0000,0.0008,0.0016
1790754265999778981,12.750,odom,"ideal odometry /chassis/odom (IsaacComputeOdometry, relative to Play start)",0.0141,-0.0000,-0.0000,0.0007,0.0015
1790754266051929336,12.767,odom,"ideal odometry /chassis/odom (IsaacComputeOdometry, relative to Play start)",0.0141,-0.0000,-0.0000,0.0008,0.0017
1790754266137003753,12.783,odom,"ideal odometry /chassis/odom (IsaacComputeOdometry, relative to Play start)",0.0141,-0.0000,-0.0000,0.0008,0.0016
1790754266185507923,12.800,odom,"ideal odometry /chassis/odom (IsaacComputeOdometry, relative to Play start)",0.0141,-0.0000,-0.0000,0.0008,0.0015
1790754266229842085,12.817,odom,"ideal odometry /chassis/odom (IsaacComputeOdometry, relative to Play start)",0.0141,-0.0000,-0.0000,0.0008,0.0015
1790754266288621451,12.833,odom,"ideal odometry /chassis/odom (IsaacComputeOdometry, relative to Play start)",0.0141,-0.0000,-0.0000,0.0007,0.0016
1790754266349816333,12.850,odom,"ideal odometry /chassis/odom (IsaacComputeOdometry, relative to Play start)",0.0142,-0.0000,-0.0000,0.0008,0.0014
1790754266395877211,12.867,odom,"ideal odometry /chassis/odom (IsaacComputeOdometry, relative to Play start)",0.0142,-0.0000,-0.0000,0.0008,0.0018
1790754266440428908,12.883,odom,"ideal odometry /chassis/odom (IsaacComputeOdometry, relative to Play start)",0.0142,-0.0000,-0.0000,0.0008,0.0016
1790754266493760179,12.900,odom,"ideal odometry /chassis/odom (IsaacComputeOdometry, relative to Play start)",0.0142,-0.0000,-0.0000,0.0008,0.0017
1790754266531133977,12.917,odom,"ideal odometry /chassis/odom (IsaacComputeOdometry, relative to Play start)",0.0142,-0.0000,-0.0000,0.0008,0.0019
1790754266589880704,12.933,odom,"ideal odometry /chassis/odom (IsaacComputeOdometry, relative to Play start)",0.0143,-0.0000,-0.0000,0.0008,0.0013
1790754266626510245,12.950,odom,"ideal odometry /chassis/odom (IsaacComputeOdometry, relative to Play start)",0.0143,-0.0000,-0.0001,0.0013,0.0062
1790754266679703570,12.967,odom,"ideal odometry /chassis/odom (IsaacComputeOdometry, relative to Play start)",0.0143,-0.0000,-0.0003,0.0018,0.0091
1790754266720261549,12.983,odom,"ideal odometry /chassis/odom (IsaacComputeOdometry, relative to Play start)",0.0143,-0.0000,-0.0005,0.0018,0.0067
1790754266769366885,13.000,odom,"ideal odometry /chassis/odom (IsaacComputeOdometry, relative to Play start)",0.0143,-0.0000,-0.0009,0.0056,0.0308
1790754266803535646,13.017,odom,"ideal odometry /chassis/odom (IsaacComputeOdometry, relative to Play start)",0.0144,-0.0000,-0.0016,0.0097,0.0539
1790754266866220257,13.033,odom,"ideal odometry /chassis/odom (IsaacComputeOdometry, relative to Play start)",0.0144,-0.0000,-0.0027,0.0147,0.0819
1790754266904832488,13.050,odom,"ideal odometry /chassis/odom (IsaacComputeOdometry, relative to Play start)",0.0144,-0.0000,-0.0043,0.0214,0.1176
1790754266956770078,13.067,odom,"ideal odometry /chassis/odom (IsaacComputeOdometry, relative to Play start)",0.0144,-0.0000,-0.0065,0.0277,0.1538
1790754267003291184,13.083,odom,"ideal odometry /chassis/odom (IsaacComputeOdometry, relative to Play start)",0.0144,-0.0000,-0.0093,0.0351,0.1956
1790754267046199959,13.100,odom,"ideal odometry /chassis/odom (IsaacComputeOdometry, relative to Play start)",0.0145,-0.0000,-0.0127,0.0423,0.2373
1790754267086130305,13.117,odom,"ideal odometry /chassis/odom (IsaacComputeOdometry, relative to Play start)",0.0145,-0.0000,-0.0169,0.0497,0.2812
1790754267140314788,13.133,odom,"ideal odometry /chassis/odom (IsaacComputeOdometry, relative to Play start)",0.0146,-0.0000,-0.0217,0.0575,0.3249
1790754267185036322,13.150,odom,"ideal odometry /chassis/odom (IsaacComputeOdometry, relative to Play start)",0.0146,-0.0000,-0.0273,0.0648,0.3710
1790754267229001254,13.167,odom,"ideal odometry /chassis/odom (IsaacComputeOdometry, relative to Play start)",0.0147,-0.0000,-0.0337,0.0729,0.4139
1790754267270118314,13.183,odom,"ideal odometry /chassis/odom (IsaacComputeOdometry, relative to Play start)",0.0148,-0.0000,-0.0407,0.0807,0.4582
1790754267324176728,13.200,odom,"ideal odometry /chassis/odom (IsaacComputeOdometry, relative to Play start)",0.0148,-0.0001,-0.0485,0.0874,0.4978
1790754267357947080,13.217,odom,"ideal odometry /chassis/odom (IsaacComputeOdometry, relative to Play start)",0.0150,-0.0001,-0.0568,0.0919,0.5245
1790754267411711644,13.233,odom,"ideal odometry /chassis/odom (IsaacComputeOdometry, relative to Play start)",0.0151,-0.0001,-0.0655,0.0954,0.5429
1790754267451064952,13.250,odom,"ideal odometry /chassis/odom (IsaacComputeOdometry, relative to Play start)",0.0152,-0.0001,-0.0745,0.0979,0.5574
1790754267505489228,13.267,odom,"ideal odometry /chassis/odom (IsaacComputeOdometry, relative to Play start)",0.0154,-0.0001,-0.0838,0.1001,0.5691
1790754267559473291,13.283,odom,"ideal odometry /chassis/odom (IsaacComputeOdometry, relative to Play start)",0.0155,-0.0001,-0.0932,0.1020,0.5795
1790754267594694374,13.300,odom,"ideal odometry /chassis/odom (IsaacComputeOdometry, relative to Play start)",0.0157,-0.0001,-0.1028,0.1036,0.5889
1790754267631018655,13.317,odom,"ideal odometry /chassis/odom (IsaacComputeOdometry, relative to Play start)",0.0159,-0.0002,-0.1126,0.1052,0.5974
1790754267684317755,13.333,odom,"ideal odometry /chassis/odom (IsaacComputeOdometry, relative to Play start)",0.0161,-0.0002,-0.1226,0.1068,0.6053
1790754267722152154,13.350,odom,"ideal odometry /chassis/odom (IsaacComputeOdometry, relative to Play start)",0.0163,-0.0002,-0.1327,0.1081,0.6134
1790754267773742119,13.367,odom,"ideal odometry /chassis/odom (IsaacComputeOdometry, relative to Play start)",0.0165,-0.0002,-0.1429,0.1095,0.6206
1790754267812525123,13.383,odom,"ideal odometry /chassis/odom (IsaacComputeOdometry, relative to Play start)",0.0167,-0.0003,-0.1533,0.1107,0.6275
1790754267866369088,13.400,odom,"ideal odometry /chassis/odom (IsaacComputeOdometry, relative to Play start)",0.0169,-0.0003,-0.1638,0.1119,0.6339
1790754267903416677,13.417,odom,"ideal odometry /chassis/odom (IsaacComputeOdometry, relative to Play start)",0.0171,-0.0004,-0.1744,0.1130,0.6403
1790754267958165759,13.433,odom,"ideal odometry /chassis/odom (IsaacComputeOdometry, relative to Play start)",0.0173,-0.0004,-0.1852,0.1142,0.6465
1790754267992493976,13.450,odom,"ideal odometry /chassis/odom (IsaacComputeOdometry, relative to Play start)",0.0175,-0.0005,-0.1960,0.1148,0.6519
1790754268045580217,13.467,odom,"ideal odometry /chassis/odom (IsaacComputeOdometry, relative to Play start)",0.0177,-0.0005,-0.2069,0.1159,0.6577
1790754268081887291,13.483,odom,"ideal odometry /chassis/odom (IsaacComputeOdometry, relative to Play start)",0.0179,-0.0006,-0.2179,0.1167,0.6633
1790754268131789070,13.500,odom,"ideal odometry /chassis/odom (IsaacComputeOdometry, relative to Play start)",0.0181,-0.0006,-0.2290,0.1175,0.6683
1790754268168790365,13.517,odom,"ideal odometry /chassis/odom (IsaacComputeOdometry, relative to Play start)",0.0182,-0.0006,-0.2402,0.1181,0.6728
1790754268231458609,13.533,odom,"ideal odometry /chassis/odom (IsaacComputeOdometry, relative to Play start)",0.0184,-0.0007,-0.2515,0.1187,0.6767
1790754268268798365,13.550,odom,"ideal odometry /chassis/odom (IsaacComputeOdometry, relative to Play start)",0.0185,-0.0007,-0.2628,0.1191,0.6799
1790754268322201555,13.567,odom,"ideal odometry /chassis/odom (IsaacComputeOdometry, relative to Play start)",0.0186,-0.0007,-0.2741,0.1197,0.6827
1790754268355883248,13.583,odom,"ideal odometry /chassis/odom (IsaacComputeOdometry, relative to Play start)",0.0186,-0.0008,-0.2855,0.1201,0.6855
1790754268409247814,13.600,odom,"ideal odometry /chassis/odom (IsaacComputeOdometry, relative to Play start)",0.0187,-0.0008,-0.2970,0.1204,0.6876
1790754268446488715,13.617,odom,"ideal odometry /chassis/odom (IsaacComputeOdometry, relative to Play start)",0.0187,-0.0008,-0.3084,0.1205,0.6895
1790754268498811433,13.633,odom,"ideal odometry /chassis/odom (IsaacComputeOdometry, relative to Play start)",0.0187,-0.0008,-0.3199,0.1207,0.6906
1790754268534498261,13.650,odom,"ideal odometry /chassis/odom (IsaacComputeOdometry, relative to Play start)",0.0186,-0.0008,-0.3314,0.1210,0.6910
1790754268587524835,13.667,odom,"ideal odometry /chassis/odom (IsaacComputeOdometry, relative to Play start)",0.0186,-0.0007,-0.3429,0.1209,0.6915
1790754268623007127,13.683,odom,"ideal odometry /chassis/odom (IsaacComputeOdometry, relative to Play start)",0.0185,-0.0007,-0.3544,0.1211,0.6912
1790754268674922553,13.700,odom,"ideal odometry /chassis/odom (IsaacComputeOdometry, relative to Play start)",0.0184,-0.0007,-0.3658,0.1187,0.6777
1790754268715329118,13.717,odom,"ideal odometry /chassis/odom (IsaacComputeOdometry, relative to Play start)",0.0183,-0.0006,-0.3769,0.1156,0.6586
1790754268766013124,13.733,odom,"ideal odometry /chassis/odom (IsaacComputeOdometry, relative to Play start)",0.0182,-0.0006,-0.3878,0.1134,0.6449
1790754268800815598,13.750,odom,"ideal odometry /chassis/odom (IsaacComputeOdometry, relative to Play start)",0.0180,-0.0005,-0.3984,0.1116,0.6353
1790754268850895725,13.767,odom,"ideal odometry /chassis/odom (IsaacComputeOdometry, relative to Play start)",0.0179,-0.0005,-0.4089,0.1105,0.6277
1790754268897710307,13.783,odom,"ideal odometry /chassis/odom (IsaacComputeOdometry, relative to Play start)",0.0178,-0.0004,-0.4193,0.1098,0.6219
1790754268941113071,13.800,odom,"ideal odometry /chassis/odom (IsaacComputeOdometry, relative to Play start)",0.0176,-0.0004,-0.4297,0.1090,0.6184
1790754268977817337,13.817,odom,"ideal odometry /chassis/odom (IsaacComputeOdometry, relative to Play start)",0.0175,-0.0003,-0.4400,0.1085,0.6153
1790754269031323497,13.833,odom,"ideal odometry /chassis/odom (IsaacComputeOdometry, relative to Play start)",0.0173,-0.0002,-0.4502,0.1080,0.6133
1790754269069998295,13.850,odom,"ideal odometry /chassis/odom (IsaacComputeOdometry, relative to Play start)",0.0172,-0.0001,-0.4604,0.1078,0.6110
1790754269120029229,13.867,odom,"ideal odometry /chassis/odom (IsaacComputeOdometry, relative to Play start)",0.0170,-0.0001,-0.4706,0.1076,0.6091
1790754269158821305,13.883,odom,"ideal odometry /chassis/odom (IsaacComputeOdometry, relative to Play start)",0.0168,0.0000,-0.4807,0.1072,0.6083
1790754269213719743,13.900,odom,"ideal odometry /chassis/odom (IsaacComputeOdometry, relative to Play start)",0.0167,0.0001,-0.4908,0.1073,0.6066
1790754269250024011,13.917,odom,"ideal odometry /chassis/odom (IsaacComputeOdometry, relative to Play start)",0.0165,0.0002,-0.5009,0.1071,0.6055
1790754269300664248,13.933,odom,"ideal odometry /chassis/odom (IsaacComputeOdometry, relative to Play start)",0.0163,0.0003,-0.5110,0.1069,0.6048
1790754269337802742,13.950,odom,"ideal odometry /chassis/odom (IsaacComputeOdometry, relative to Play start)",0.0162,0.0004,-0.5211,0.1068,0.6039
1790754269390125086,13.967,odom,"ideal odometry /chassis/odom (IsaacComputeOdometry, relative to Play start)",0.0160,0.0005,-0.5313,0.1090,0.6176
1790754269425788066,13.983,odom,"ideal odometry /chassis/odom (IsaacComputeOdometry, relative to Play start)",0.0158,0.0006,-0.5418,0.1123,0.6347
1790754269475356341,14.000,odom,"ideal odometry /chassis/odom (IsaacComputeOdometry, relative to Play start)",0.0156,0.0007,-0.5525,0.1143,0.6469
1790754269510532533,14.017,odom,"ideal odometry /chassis/odom (IsaacComputeOdometry, relative to Play start)",0.0155,0.0008,-0.5633,0.1158,0.6546
1790754269573579266,14.033,odom,"ideal odometry /chassis/odom (IsaacComputeOdometry, relative to Play start)",0.0153,0.0009,-0.5743,0.1168,0.6598
1790754269614985873,14.050,odom,"ideal odometry /chassis/odom (IsaacComputeOdometry, relative to Play start)",0.0151,0.0011,-0.5854,0.1174,0.6634
1790754269663151583,14.067,odom,"ideal odometry /chassis/odom (IsaacComputeOdometry, relative to Play start)",0.0149,0.0012,-0.5964,0.1179,0.6658
1790754269699018817,14.083,odom,"ideal odometry /chassis/odom (IsaacComputeOdometry, relative to Play start)",0.0147,0.0013,-0.6074,0.1160,0.6536
1790754269748019594,14.100,odom,"ideal odometry /chassis/odom (IsaacComputeOdometry, relative to Play start)",0.0145,0.0015,-0.6184,0.1166,0.6596
1790754269787452584,14.117,odom,"ideal odometry /chassis/odom (IsaacComputeOdometry, relative to Play start)",0.0143,0.0016,-0.6294,0.1172,0.6629
1790754269842147609,14.133,odom,"ideal odometry /chassis/odom (IsaacComputeOdometry, relative to Play start)",0.0141,0.0017,-0.6405,0.1177,0.6648
1790754269877896443,14.150,odom,"ideal odometry /chassis/odom (IsaacComputeOdometry, relative to Play start)",0.0139,0.0019,-0.6516,0.1180,0.6667
1790754269929688324,14.167,odom,"ideal odometry /chassis/odom (IsaacComputeOdometry, relative to Play start)",0.0138,0.0020,-0.6628,0.1183,0.6675
1790754269966309822,14.183,odom,"ideal odometry /chassis/odom (IsaacComputeOdometry, relative to Play start)",0.0136,0.0022,-0.6739,0.1182,0.6687
1790754270014807820,14.200,odom,"ideal odometry /chassis/odom (IsaacComputeOdometry, relative to Play start)",0.0134,0.0023,-0.6851,0.1185,0.6684
1790754270064278364,14.217,odom,"ideal odometry /chassis/odom (IsaacComputeOdometry, relative to Play start)",0.0132,0.0025,-0.6962,0.1184,0.6689
1790754270113284472,14.233,odom,"ideal odometry /chassis/odom (IsaacComputeOdometry, relative to Play start)",0.0130,0.0026,-0.7074,0.1185,0.6690
1790754270146870490,14.250,odom,"ideal odometry /chassis/odom (IsaacComputeOdometry, relative to Play start)",0.0128,0.0028,-0.7186,0.1183,0.6696
1790754270198579604,14.267,odom,"ideal odometry /chassis/odom (IsaacComputeOdometry, relative to Play start)",0.0126,0.0029,-0.7297,0.1185,0.6691
1790754270249505367,14.283,odom,"ideal odometry /chassis/odom (IsaacComputeOdometry, relative to Play start)",0.0125,0.0031,-0.7409,0.1186,0.6688
1790754270287277667,14.300,odom,"ideal odometry /chassis/odom (IsaacComputeOdometry, relative to Play start)",0.0123,0.0033,-0.7521,0.1183,0.6695
1790754270322689350,14.317,odom,"ideal odometry /chassis/odom (IsaacComputeOdometry, relative to Play start)",0.0121,0.0034,-0.7632,0.1183,0.6694
1790754270376814258,14.333,odom,"ideal odometry /chassis/odom (IsaacComputeOdometry, relative to Play start)",0.0119,0.0036,-0.7744,0.1183,0.6691
1790754270417561248,14.350,odom,"ideal odometry /chassis/odom (IsaacComputeOdometry, relative to Play start)",0.0118,0.0038,-0.7855,0.1181,0.6695
1790754270472428636,14.367,odom,"ideal odometry /chassis/odom (IsaacComputeOdometry, relative to Play start)",0.0116,0.0040,-0.7967,0.1183,0.6690
1790754270512705485,14.383,odom,"ideal odometry /chassis/odom (IsaacComputeOdometry, relative to Play start)",0.0114,0.0041,-0.8079,0.1184,0.6688
1790754270568521946,14.400,odom,"ideal odometry /chassis/odom (IsaacComputeOdometry, relative to Play start)",0.0113,0.0043,-0.8190,0.1184,0.6685
1790754270602471301,14.417,odom,"ideal odometry /chassis/odom (IsaacComputeOdometry, relative to Play start)",0.0111,0.0045,-0.8302,0.1184,0.6687
1790754270661421722,14.433,odom,"ideal odometry /chassis/odom (IsaacComputeOdometry, relative to Play start)",0.0109,0.0047,-0.8413,0.1183,0.6687
1790754270703125265,14.450,odom,"ideal odometry /chassis/odom (IsaacComputeOdometry, relative to Play start)",0.0108,0.0049,-0.8525,0.1183,0.6686
1790754270754385842,14.467,odom,"ideal odometry /chassis/odom (IsaacComputeOdometry, relative to Play start)",0.0106,0.0050,-0.8636,0.1181,0.6690
1790754270789220300,14.483,odom,"ideal odometry /chassis/odom (IsaacComputeOdometry, relative to Play start)",0.0105,0.0052,-0.8748,0.1183,0.6684
1790754270841033785,14.500,odom,"ideal odometry /chassis/odom (IsaacComputeOdometry, relative to Play start)",0.0103,0.0054,-0.8859,0.1182,0.6687
1790754270886104721,14.517,odom,"ideal odometry /chassis/odom (IsaacComputeOdometry, relative to Play start)",0.0102,0.0056,-0.8971,0.1182,0.6687
1790754270950792878,14.533,odom,"ideal odometry /chassis/odom (IsaacComputeOdometry, relative to Play start)",0.0100,0.0058,-0.9082,0.1184,0.6680
1790754270992805796,14.550,odom,"ideal odometry /chassis/odom (IsaacComputeOdometry, relative to Play start)",0.0098,0.0060,-0.9194,0.1184,0.6682
1790754271046472815,14.567,odom,"ideal odometry /chassis/odom (IsaacComputeOdometry, relative to Play start)",0.0097,0.0062,-0.9305,0.1181,0.6690
1790754271082284684,14.583,odom,"ideal odometry /chassis/odom (IsaacComputeOdometry, relative to Play start)",0.0096,0.0064,-0.9417,0.1181,0.6688
1790754271130060496,14.600,odom,"ideal odometry /chassis/odom (IsaacComputeOdometry, relative to Play start)",0.0094,0.0066,-0.9528,0.1180,0.6688
1790754271171917136,14.617,odom,"ideal odometry /chassis/odom (IsaacComputeOdometry, relative to Play start)",0.0093,0.0068,-0.9640,0.1183,0.6678
1790754271227239234,14.633,odom,"ideal odometry /chassis/odom (IsaacComputeOdometry, relative to Play start)",0.0091,0.0070,-0.9751,0.1180,0.6686
1790754271265395353,14.650,odom,"ideal odometry /chassis/odom (IsaacComputeOdometry, relative to Play start)",0.0090,0.0072,-0.9863,0.1182,0.6682
1790754271317502500,14.667,odom,"ideal odometry /chassis/odom (IsaacComputeOdometry, relative to Play start)",0.0089,0.0074,-0.9974,0.1180,0.6688
1790754271355680784,14.683,odom,"ideal odometry /chassis/odom (IsaacComputeOdometry, relative to Play start)",0.0087,0.0076,-1.0086,0.1183,0.6678
1790754271402736655,14.700,odom,"ideal odometry /chassis/odom (IsaacComputeOdometry, relative to Play start)",0.0086,0.0078,-1.0197,0.1183,0.6682
1790754271443046330,14.717,odom,"ideal odometry /chassis/odom (IsaacComputeOdometry, relative to Play start)",0.0085,0.0080,-1.0309,0.1181,0.6685
1790754271491485034,14.733,odom,"ideal odometry /chassis/odom (IsaacComputeOdometry, relative to Play start)",0.0083,0.0083,-1.0420,0.1185,0.6674
1790754271527773309,14.750,odom,"ideal odometry /chassis/odom (IsaacComputeOdometry, relative to Play start)",0.0082,0.0085,-1.0532,0.1183,0.6681
1790754271573118361,14.767,odom,"ideal odometry /chassis/odom (IsaacComputeOdometry, relative to Play start)",0.0081,0.0087,-1.0643,0.1184,0.6677
1790754271618611929,14.783,odom,"ideal odometry /chassis/odom (IsaacComputeOdometry, relative to Play start)",0.0080,0.0089,-1.0755,0.1180,0.6688
1790754271657634633,14.800,odom,"ideal odometry /chassis/odom (IsaacComputeOdometry, relative to Play start)",0.0079,0.0091,-1.0866,0.1181,0.6682
1790754271699118864,14.817,odom,"ideal odometry /chassis/odom (IsaacComputeOdometry, relative to Play start)",0.0078,0.0093,-1.0977,0.1180,0.6684
1790754271746408169,14.833,odom,"ideal odometry /chassis/odom (IsaacComputeOdometry, relative to Play start)",0.0076,0.0096,-1.1089,0.1184,0.6673
1790754271784733377,14.850,odom,"ideal odometry /chassis/odom (IsaacComputeOdometry, relative to Play start)",0.0075,0.0098,-1.1200,0.1184,0.6676
1790754271835716377,14.867,odom,"ideal odometry /chassis/odom (IsaacComputeOdometry, relative to Play start)",0.0074,0.0100,-1.1312,0.1181,0.6685
1790754271877015340,14.883,odom,"ideal odometry /chassis/odom (IsaacComputeOdometry, relative to Play start)",0.0073,0.0102,-1.1423,0.1182,0.6682
1790754271921563295,14.900,odom,"ideal odometry /chassis/odom (IsaacComputeOdometry, relative to Play start)",0.0072,0.0104,-1.1535,0.1182,0.6680
1790754271959280229,14.917,odom,"ideal odometry /chassis/odom (IsaacComputeOdometry, relative to Play start)",0.0071,0.0107,-1.1646,0.1184,0.6677
1790754272011822633,14.933,odom,"ideal odometry /chassis/odom (IsaacComputeOdometry, relative to Play start)",0.0070,0.0109,-1.1757,0.1183,0.6679
1790754272051452582,14.950,odom,"ideal odometry /chassis/odom (IsaacComputeOdometry, relative to Play start)",0.0069,0.0111,-1.1869,0.1179,0.6691
1790754272097129736,14.967,odom,"ideal odometry /chassis/odom (IsaacComputeOdometry, relative to Play start)",0.0068,0.0114,-1.1980,0.1181,0.6684
1790754272134575733,14.983,odom,"ideal odometry /chassis/odom (IsaacComputeOdometry, relative to Play start)",0.0068,0.0116,-1.2092,0.1185,0.6676
1790754272184525303,15.000,odom,"ideal odometry /chassis/odom (IsaacComputeOdometry, relative to Play start)",0.0067,0.0118,-1.2203,0.1179,0.6690
1790754272223762174,15.017,odom,"ideal odometry /chassis/odom (IsaacComputeOdometry, relative to Play start)",0.0066,0.0121,-1.2315,0.1184,0.6675
1790754272283891734,15.033,odom,"ideal odometry /chassis/odom (IsaacComputeOdometry, relative to Play start)",0.0065,0.0123,-1.2426,0.1182,0.6683
1790754272316654232,15.050,odom,"ideal odometry /chassis/odom (IsaacComputeOdometry, relative to Play start)",0.0064,0.0125,-1.2538,0.1180,0.6685
1790754272366033425,15.067,odom,"ideal odometry /chassis/odom (IsaacComputeOdometry, relative to Play start)",0.0064,0.0128,-1.2649,0.1185,0.6672
1790754272403100533,15.083,odom,"ideal odometry /chassis/odom (IsaacComputeOdometry, relative to Play start)",0.0063,0.0130,-1.2761,0.1181,0.6681
1790754272454512509,15.100,odom,"ideal odometry /chassis/odom (IsaacComputeOdometry, relative to Play start)",0.0062,0.0132,-1.2872,0.1180,0.6683
1790754272487798751,15.117,odom,"ideal odometry /chassis/odom (IsaacComputeOdometry, relative to Play start)",0.0061,0.0135,-1.2983,0.1182,0.6680
1790754272538474182,15.133,odom,"ideal odometry /chassis/odom (IsaacComputeOdometry, relative to Play start)",0.0061,0.0137,-1.3095,0.1181,0.6684
1790754272577806923,15.150,odom,"ideal odometry /chassis/odom (IsaacComputeOdometry, relative to Play start)",0.0060,0.0139,-1.3206,0.1183,0.6677
1790754272627062243,15.167,odom,"ideal odometry /chassis/odom (IsaacComputeOdometry, relative to Play start)",0.0060,0.0142,-1.3318,0.1180,0.6687
1790754272659708380,15.183,odom,"ideal odometry /chassis/odom (IsaacComputeOdometry, relative to Play start)",0.0059,0.0144,-1.3429,0.1181,0.6682
1790754272709928101,15.200,odom,"ideal odometry /chassis/odom (IsaacComputeOdometry, relative to Play start)",0.0059,0.0147,-1.3541,0.1182,0.6682
1790754272745192260,15.217,odom,"ideal odometry /chassis/odom (IsaacComputeOdometry, relative to Play start)",0.0058,0.0149,-1.3652,0.1182,0.6681
1790754272799019479,15.233,odom,"ideal odometry /chassis/odom (IsaacComputeOdometry, relative to Play start)",0.0058,0.0151,-1.3763,0.1180,0.6685
1790754272842195682,15.250,odom,"ideal odometry /chassis/odom (IsaacComputeOdometry, relative to Play start)",0.0057,0.0154,-1.3875,0.1181,0.6684
1790754272891791889,15.267,odom,"ideal odometry /chassis/odom (IsaacComputeOdometry, relative to Play start)",0.0057,0.0156,-1.3986,0.1181,0.6683
1790754272941948353,15.283,odom,"ideal odometry /chassis/odom (IsaacComputeOdometry, relative to Play start)",0.0056,0.0159,-1.4098,0.1183,0.6679
1790754272981140536,15.300,odom,"ideal odometry /chassis/odom (IsaacComputeOdometry, relative to Play start)",0.0056,0.0161,-1.4209,0.1183,0.6679
1790754273030195340,15.317,odom,"ideal odometry /chassis/odom (IsaacComputeOdometry, relative to Play start)",0.0056,0.0164,-1.4321,0.1181,0.6683
1790754273076638343,15.333,odom,"ideal odometry /chassis/odom (IsaacComputeOdometry, relative to Play start)",0.0055,0.0166,-1.4432,0.1181,0.6684
1790754273114743383,15.350,odom,"ideal odometry /chassis/odom (IsaacComputeOdometry, relative to Play start)",0.0055,0.0168,-1.4544,0.1179,0.6687
1790754273165987367,15.367,odom,"ideal odometry /chassis/odom (IsaacComputeOdometry, relative to Play start)",0.0055,0.0171,-1.4655,0.1181,0.6684
1790754273203414781,15.383,odom,"ideal odometry /chassis/odom (IsaacComputeOdometry, relative to Play start)",0.0054,0.0173,-1.4766,0.1180,0.6684
1790754273250360913,15.400,odom,"ideal odometry /chassis/odom (IsaacComputeOdometry, relative to Play start)",0.0054,0.0176,-1.4878,0.1181,0.6682
1790754273284814995,15.417,odom,"ideal odometry /chassis/odom (IsaacComputeOdometry, relative to Play start)",0.0054,0.0178,-1.4989,0.1182,0.6680
1790754273334261027,15.433,odom,"ideal odometry /chassis/odom (IsaacComputeOdometry, relative to Play start)",0.0054,0.0181,-1.5101,0.1183,0.6679
1790754273369641894,15.450,odom,"ideal odometry /chassis/odom (IsaacComputeOdometry, relative to Play start)",0.0054,0.0183,-1.5212,0.1184,0.6678
1790754273421283516,15.467,odom,"ideal odometry /chassis/odom (IsaacComputeOdometry, relative to Play start)",0.0054,0.0186,-1.5324,0.1183,0.6681
1790754273455759752,15.483,odom,"ideal odometry /chassis/odom (IsaacComputeOdometry, relative to Play start)",0.0054,0.0188,-1.5435,0.1185,0.6676
1790754273505868137,15.500,odom,"ideal odometry /chassis/odom (IsaacComputeOdometry, relative to Play start)",0.0054,0.0190,-1.5547,0.1183,0.6681
1790754273537072575,15.517,odom,"ideal odometry /chassis/odom (IsaacComputeOdometry, relative to Play start)",0.0054,0.0193,-1.5658,0.1184,0.6677
1790754273600316228,15.533,odom,"ideal odometry /chassis/odom (IsaacComputeOdometry, relative to Play start)",0.0054,0.0195,-1.5770,0.1181,0.6684
1790754273636565528,15.550,odom,"ideal odometry /chassis/odom (IsaacComputeOdometry, relative to Play start)",0.0054,0.0198,-1.5881,0.1184,0.6676
1790754273684287140,15.567,odom,"ideal odometry /chassis/odom (IsaacComputeOdometry, relative to Play start)",0.0054,0.0200,-1.5992,0.1182,0.6683
1790754273723019747,15.583,odom,"ideal odometry /chassis/odom (IsaacComputeOdometry, relative to Play start)",0.0054,0.0203,-1.6104,0.1183,0.6680
1790754273770661700,15.600,odom,"ideal odometry /chassis/odom (IsaacComputeOdometry, relative to Play start)",0.0054,0.0205,-1.6215,0.1185,0.6677
1790754273809795339,15.617,odom,"ideal odometry /chassis/odom (IsaacComputeOdometry, relative to Play start)",0.0054,0.0208,-1.6327,0.1182,0.6683
1790754273859159826,15.633,odom,"ideal odometry /chassis/odom (IsaacComputeOdometry, relative to Play start)",0.0054,0.0210,-1.6438,0.1180,0.6687
1790754273899059801,15.650,odom,"ideal odometry /chassis/odom (IsaacComputeOdometry, relative to Play start)",0.0054,0.0213,-1.6550,0.1179,0.6687
1790754273954017339,15.667,odom,"ideal odometry /chassis/odom (IsaacComputeOdometry, relative to Play start)",0.0055,0.0215,-1.6661,0.1180,0.6684
1790754273989304407,15.683,odom,"ideal odometry /chassis/odom (IsaacComputeOdometry, relative to Play start)",0.0055,0.0218,-1.6773,0.1182,0.6677
1790754274036614994,15.700,odom,"ideal odometry /chassis/odom (IsaacComputeOdometry, relative to Play start)",0.0055,0.0220,-1.6884,0.1180,0.6683
1790754274073230256,15.717,odom,"ideal odometry /chassis/odom (IsaacComputeOdometry, relative to Play start)",0.0055,0.0222,-1.6996,0.1183,0.6676
1790754274122487085,15.733,odom,"ideal odometry /chassis/odom (IsaacComputeOdometry, relative to Play start)",0.0056,0.0225,-1.7107,0.1185,0.6673
1790754274155177058,15.750,odom,"ideal odometry /chassis/odom (IsaacComputeOdometry, relative to Play start)",0.0056,0.0227,-1.7218,0.1182,0.6679
1790754274204394103,15.767,odom,"ideal odometry /chassis/odom (IsaacComputeOdometry, relative to Play start)",0.0057,0.0230,-1.7330,0.1182,0.6678
1790754274247509972,15.783,odom,"ideal odometry /chassis/odom (IsaacComputeOdometry, relative to Play start)",0.0057,0.0232,-1.7441,0.1183,0.6677
1790754274290839838,15.800,odom,"ideal odometry /chassis/odom (IsaacComputeOdometry, relative to Play start)",0.0057,0.0235,-1.7553,0.1182,0.6681
1790754274327412396,15.817,odom,"ideal odometry /chassis/odom (IsaacComputeOdometry, relative to Play start)",0.0058,0.0237,-1.7664,0.1182,0.6682
1790754274376314668,15.833,odom,"ideal odometry /chassis/odom (IsaacComputeOdometry, relative to Play start)",0.0058,0.0239,-1.7776,0.1183,0.6682
1790754274420130788,15.850,odom,"ideal odometry /chassis/odom (IsaacComputeOdometry, relative to Play start)",0.0059,0.0242,-1.7887,0.1181,0.6685
1790754274466207923,15.867,odom,"ideal odometry /chassis/odom (IsaacComputeOdometry, relative to Play start)",0.0059,0.0244,-1.7999,0.1181,0.6683
1790754274502515199,15.883,odom,"ideal odometry /chassis/odom (IsaacComputeOdometry, relative to Play start)",0.0060,0.0247,-1.8110,0.1180,0.6685
1790754274549861232,15.900,odom,"ideal odometry /chassis/odom (IsaacComputeOdometry, relative to Play start)",0.0061,0.0249,-1.8221,0.1184,0.6677
1790754274584292877,15.917,odom,"ideal odometry /chassis/odom (IsaacComputeOdometry, relative to Play start)",0.0061,0.0251,-1.8333,0.1184,0.6674
1790754274634672483,15.933,odom,"ideal odometry /chassis/odom (IsaacComputeOdometry, relative to Play start)",0.0062,0.0254,-1.8444,0.1181,0.6683
1790754274669694646,15.950,odom,"ideal odometry /chassis/odom (IsaacComputeOdometry, relative to Play start)",0.0063,0.0256,-1.8556,0.1180,0.6685
1790754274722555108,15.967,odom,"ideal odometry /chassis/odom (IsaacComputeOdometry, relative to Play start)",0.0063,0.0259,-1.8667,0.1187,0.6666
1790754274754979047,15.983,odom,"ideal odometry /chassis/odom (IsaacComputeOdometry, relative to Play start)",0.0064,0.0261,-1.8779,0.1181,0.6683
1790754274800623380,16.000,odom,"ideal odometry /chassis/odom (IsaacComputeOdometry, relative to Play start)",0.0065,0.0263,-1.8890,0.1182,0.6678
1790754274842378246,16.017,odom,"ideal odometry /chassis/odom (IsaacComputeOdometry, relative to Play start)",0.0066,0.0266,-1.9001,0.1179,0.6689
1790754274899678062,16.033,odom,"ideal odometry /chassis/odom (IsaacComputeOdometry, relative to Play start)",0.0066,0.0268,-1.9113,0.1184,0.6674
1790754274939560126,16.050,odom,"ideal odometry /chassis/odom (IsaacComputeOdometry, relative to Play start)",0.0067,0.0270,-1.9224,0.1184,0.6676
1790754274983331184,16.067,odom,"ideal odometry /chassis/odom (IsaacComputeOdometry, relative to Play start)",0.0068,0.0273,-1.9336,0.1183,0.6681
1790754275025916397,16.083,odom,"ideal odometry /chassis/odom (IsaacComputeOdometry, relative to Play start)",0.0069,0.0275,-1.9447,0.1181,0.6685
1790754275070276842,16.100,odom,"ideal odometry /chassis/odom (IsaacComputeOdometry, relative to Play start)",0.0070,0.0277,-1.9559,0.1184,0.6677
1790754275109022930,16.117,odom,"ideal odometry /chassis/odom (IsaacComputeOdometry, relative to Play start)",0.0071,0.0279,-1.9670,0.1182,0.6682
1790754275154653311,16.133,odom,"ideal odometry /chassis/odom (IsaacComputeOdometry, relative to Play start)",0.0072,0.0282,-1.9782,0.1181,0.6685
1790754275191265651,16.150,odom,"ideal odometry /chassis/odom (IsaacComputeOdometry, relative to Play start)",0.0073,0.0284,-1.9893,0.1184,0.6674
1790754275284974085,16.167,odom,"ideal odometry /chassis/odom (IsaacComputeOdometry, relative to Play start)",0.0074,0.0286,-2.0005,0.1185,0.6673
1790754275318786647,16.183,odom,"ideal odometry /chassis/odom (IsaacComputeOdometry, relative to Play start)",0.0075,0.0288,-2.0116,0.1180,0.6689
1790754275364274300,16.200,odom,"ideal odometry /chassis/odom (IsaacComputeOdometry, relative to Play start)",0.0076,0.0291,-2.0227,0.1181,0.6683
1790754275399807511,16.217,odom,"ideal odometry /chassis/odom (IsaacComputeOdometry, relative to Play start)",0.0077,0.0293,-2.0339,0.1184,0.6676
1790754275444892906,16.233,odom,"ideal odometry /chassis/odom (IsaacComputeOdometry, relative to Play start)",0.0078,0.0295,-2.0450,0.1183,0.6677
1790754275479719550,16.250,odom,"ideal odometry /chassis/odom (IsaacComputeOdometry, relative to Play start)",0.0079,0.0297,-2.0562,0.1184,0.6677
1790754275523569891,16.267,odom,"ideal odometry /chassis/odom (IsaacComputeOdometry, relative to Play start)",0.0080,0.0298,-2.0673,0.1165,0.6656
1790754275567402885,16.283,odom,"ideal odometry /chassis/odom (IsaacComputeOdometry, relative to Play start)",0.0079,0.0295,-2.0783,0.1188,0.6592
1790754275608158188,16.300,odom,"ideal odometry /chassis/odom (IsaacComputeOdometry, relative to Play start)",0.0076,0.0290,-2.0893,0.1246,0.6580
1790754275651140285,16.317,odom,"ideal odometry /chassis/odom (IsaacComputeOdometry, relative to Play start)",0.0071,0.0282,-2.1003,0.1294,0.6623
1790754275699561771,16.333,odom,"ideal odometry /chassis/odom (IsaacComputeOdometry, relative to Play start)",0.0066,0.0274,-2.1114,0.1330,0.6677
1790754275736034024,16.350,odom,"ideal odometry /chassis/odom (IsaacComputeOdometry, relative to Play start)",0.0060,0.0265,-2.1226,0.1352,0.6724
1790754275782739857,16.367,odom,"ideal odometry /chassis/odom (IsaacComputeOdometry, relative to Play start)",0.0055,0.0255,-2.1338,0.1365,0.6777
1790754275823884597,16.383,odom,"ideal odometry /chassis/odom (IsaacComputeOdometry, relative to Play start)",0.0049,0.0248,-2.1452,0.1297,0.6815
1790754275869219341,16.400,odom,"ideal odometry /chassis/odom (IsaacComputeOdometry, relative to Play start)",0.0046,0.0242,-2.1565,0.1260,0.6843
1790754275909336990,16.417,odom,"ideal odometry /chassis/odom (IsaacComputeOdometry, relative to Play start)",0.0042,0.0237,-2.1680,0.1242,0.6859
1790754275954676071,16.433,odom,"ideal odometry /chassis/odom (IsaacComputeOdometry, relative to Play start)",0.0039,0.0233,-2.1795,0.1239,0.6882
1790754275991301420,16.450,odom,"ideal odometry /chassis/odom (IsaacComputeOdometry, relative to Play start)",0.0037,0.0229,-2.1909,0.1240,0.6891
1790754276039036607,16.467,odom,"ideal odometry /chassis/odom (IsaacComputeOdometry, relative to Play start)",0.0033,0.0224,-2.2025,0.1283,0.6869
1790754276074474981,16.483,odom,"ideal odometry /chassis/odom (IsaacComputeOdometry, relative to Play start)",0.0027,0.0216,-2.2139,0.1380,0.6883
1790754276120448511,16.500,odom,"ideal odometry /chassis/odom (IsaacComputeOdometry, relative to Play start)",0.0019,0.0205,-2.2254,0.1536,0.6895
1790754276158194658,16.517,odom,"ideal odometry /chassis/odom (IsaacComputeOdometry, relative to Play start)",0.0007,0.0190,-2.2369,0.1742,0.6895
1790754276218680107,16.533,odom,"ideal odometry /chassis/odom (IsaacComputeOdometry, relative to Play start)",-0.0007,0.0172,-2.2485,0.1945,0.6920
1790754276254211620,16.550,odom,"ideal odometry /chassis/odom (IsaacComputeOdometry, relative to Play start)",-0.0026,0.0149,-2.2602,0.2306,0.7067
1790754276300449394,16.567,odom,"ideal odometry /chassis/odom (IsaacComputeOdometry, relative to Play start)",-0.0049,0.0122,-2.2721,0.2610,0.7189
1790754276337874923,16.583,odom,"ideal odometry /chassis/odom (IsaacComputeOdometry, relative to Play start)",-0.0076,0.0091,-2.2842,0.2915,0.7342
1790754276384874790,16.600,odom,"ideal odometry /chassis/odom (IsaacComputeOdometry, relative to Play start)",-0.0107,0.0056,-2.2967,0.3221,0.7503
1790754276420488886,16.617,odom,"ideal odometry /chassis/odom (IsaacComputeOdometry, relative to Play start)",-0.0142,0.0018,-2.3094,0.3531,0.7670
1790754276468753315,16.633,odom,"ideal odometry /chassis/odom (IsaacComputeOdometry, relative to Play start)",-0.0181,-0.0024,-2.3224,0.3838,0.7842
1790754276506051294,16.650,odom,"ideal odometry /chassis/odom (IsaacComputeOdometry, relative to Play start)",-0.0225,-0.0069,-2.3357,0.4143,0.8040
1790754276552788143,16.667,odom,"ideal odometry /chassis/odom (IsaacComputeOdometry, relative to Play start)",-0.0273,-0.0118,-2.3494,0.4448,0.8239
1790754276589187052,16.683,odom,"ideal odometry /chassis/odom (IsaacComputeOdometry, relative to Play start)",-0.0325,-0.0169,-2.3635,0.4749,0.8449
1790754276680001248,16.700,odom,"ideal odometry /chassis/odom (IsaacComputeOdometry, relative to Play start)",-0.0381,-0.0223,-2.3779,0.5050,0.8669
1790754276689826161,16.700,odom,"ideal odometry /chassis/odom (IsaacComputeOdometry, relative to Play start)",-0.0443,-0.0280,-2.3926,0.5350,0.8889
1790754276731103541,16.717,odom,"ideal odometry /chassis/odom (IsaacComputeOdometry, relative to Play start)",-0.0443,-0.0280,-2.3926,0.5350,0.8889
1790754276788548724,16.733,odom,"ideal odometry /chassis/odom (IsaacComputeOdometry, relative to Play start)",-0.0508,-0.0339,-2.4078,0.5647,0.9112
1790754276827807556,16.750,odom,"ideal odometry /chassis/odom (IsaacComputeOdometry, relative to Play start)",-0.0579,-0.0400,-2.4233,0.5943,0.9346
1790754276881072445,16.767,odom,"ideal odometry /chassis/odom (IsaacComputeOdometry, relative to Play start)",-0.0654,-0.0464,-2.4392,0.6236,0.9590
1790754276925501709,16.783,odom,"ideal odometry /chassis/odom (IsaacComputeOdometry, relative to Play start)",-0.0735,-0.0529,-2.4556,0.6526,0.9838
1790754276966661720,16.800,odom,"ideal odometry /chassis/odom (IsaacComputeOdometry, relative to Play start)",-0.0820,-0.0597,-2.4723,0.6816,1.0092
1790754277005042034,16.817,odom,"ideal odometry /chassis/odom (IsaacComputeOdometry, relative to Play start)",-0.0910,-0.0665,-2.4895,0.7102,1.0362
1790754277058099242,16.833,odom,"ideal odometry /chassis/odom (IsaacComputeOdometry, relative to Play start)",-0.1005,-0.0735,-2.5071,0.7364,1.0563
1790754277094720255,16.850,odom,"ideal odometry /chassis/odom (IsaacComputeOdometry, relative to Play start)",-0.1104,-0.0805,-2.5248,0.7546,1.0604
1790754277142893052,16.867,odom,"ideal odometry /chassis/odom (IsaacComputeOdometry, relative to Play start)",-0.1206,-0.0874,-2.5426,0.7665,1.0558
1790754277180051508,16.883,odom,"ideal odometry /chassis/odom (IsaacComputeOdometry, relative to Play start)",-0.1311,-0.0943,-2.5603,0.7742,1.0460
1790754277229001482,16.900,odom,"ideal odometry /chassis/odom (IsaacComputeOdometry, relative to Play start)",-0.1418,-0.1010,-2.5778,0.7793,1.0337
1790754277264095857,16.917,odom,"ideal odometry /chassis/odom (IsaacComputeOdometry, relative to Play start)",-0.1526,-0.1076,-2.5951,0.7826,1.0218
1790754277321289146,16.933,odom,"ideal odometry /chassis/odom (IsaacComputeOdometry, relative to Play start)",-0.1636,-0.1140,-2.6122,0.7851,1.0105
1790754277354881960,16.950,odom,"ideal odometry /chassis/odom (IsaacComputeOdometry, relative to Play start)",-0.1748,-0.1203,-2.6291,0.7871,1.0000
1790754277406824027,16.967,odom,"ideal odometry /chassis/odom (IsaacComputeOdometry, relative to Play start)",-0.1861,-0.1263,-2.6459,0.7886,0.9911
1790754277442683607,16.983,odom,"ideal odometry /chassis/odom (IsaacComputeOdometry, relative to Play start)",-0.1975,-0.1323,-2.6625,0.7900,0.9829
1790754277497659340,17.000,odom,"ideal odometry /chassis/odom (IsaacComputeOdometry, relative to Play start)",-0.2090,-0.1380,-2.6790,0.7910,0.9761
1790754277535388706,17.017,odom,"ideal odometry /chassis/odom (IsaacComputeOdometry, relative to Play start)",-0.2207,-0.1435,-2.6954,0.7918,0.9708
1790754277598158926,17.033,odom,"ideal odometry /chassis/odom (IsaacComputeOdometry, relative to Play start)",-0.2324,-0.1489,-2.7117,0.7925,0.9660
1790754277638844374,17.050,odom,"ideal odometry /chassis/odom (IsaacComputeOdometry, relative to Play start)",-0.2443,-0.1541,-2.7280,0.7932,0.9618
1790754277687495977,17.067,odom,"ideal odometry /chassis/odom (IsaacComputeOdometry, relative to Play start)",-0.2562,-0.1591,-2.7441,0.7937,0.9584
1790754277725979047,17.083,odom,"ideal odometry /chassis/odom (IsaacComputeOdometry, relative to Play start)",-0.2682,-0.1639,-2.7602,0.7941,0.9562
1790754277781510701,17.100,odom,"ideal odometry /chassis/odom (IsaacComputeOdometry, relative to Play start)",-0.2803,-0.1685,-2.7763,0.7945,0.9538
1790754277817028640,17.117,odom,"ideal odometry /chassis/odom (IsaacComputeOdometry, relative to Play start)",-0.2925,-0.1729,-2.7923,0.7946,0.9522
1790754277873808170,17.133,odom,"ideal odometry /chassis/odom (IsaacComputeOdometry, relative to Play start)",-0.3048,-0.1772,-2.8084,0.7948,0.9511
1790754277909415855,17.150,odom,"ideal odometry /chassis/odom (IsaacComputeOdometry, relative to Play start)",-0.3171,-0.1812,-2.8243,0.7929,0.9404
1790754277962404150,17.167,odom,"ideal odometry /chassis/odom (IsaacComputeOdometry, relative to Play start)",-0.3294,-0.1850,-2.8399,0.7904,0.9209
1790754278010213246,17.183,odom,"ideal odometry /chassis/odom (IsaacComputeOdometry, relative to Play start)",-0.3418,-0.1887,-2.8551,0.7878,0.8950
1790754278895722467,17.200,odom,"ideal odometry /chassis/odom (IsaacComputeOdometry, relative to Play start)",-0.3542,-0.1921,-2.8699,0.7852,0.8645
1790754278930262147,17.217,odom,"ideal odometry /chassis/odom (IsaacComputeOdometry, relative to Play start)",-0.3667,-0.1954,-2.8841,0.7830,0.8293
1790754280112481975,17.233,odom,"ideal odometry /chassis/odom (IsaacComputeOdometry, relative to Play start)",-0.3792,-0.1984,-2.8976,0.7811,0.7913
1790754280156037339,17.250,odom,"ideal odometry /chassis/odom (IsaacComputeOdometry, relative to Play start)",-0.3917,-0.2014,-2.9106,0.7810,0.7526
1790754280208396276,17.267,odom,"ideal odometry /chassis/odom (IsaacComputeOdometry, relative to Play start)",-0.4043,-0.2041,-2.9230,0.7833,0.7206
1790754280266700558,17.283,odom,"ideal odometry /chassis/odom (IsaacComputeOdometry, relative to Play start)",-0.4169,-0.2068,-2.9348,0.7836,0.6832
1790754280303634836,17.300,odom,"ideal odometry /chassis/odom (IsaacComputeOdometry, relative to Play start)",-0.4296,-0.2093,-2.9459,0.7843,0.6451
1790754280343648220,17.317,odom,"ideal odometry /chassis/odom (IsaacComputeOdometry, relative to Play start)",-0.4424,-0.2117,-2.9565,0.7871,0.6132
1790754280393622174,17.333,odom,"ideal odometry /chassis/odom (IsaacComputeOdometry, relative to Play start)",-0.4552,-0.2139,-2.9667,0.7900,0.5866
1790754280429086472,17.350,odom,"ideal odometry /chassis/odom (IsaacComputeOdometry, relative to Play start)",-0.4681,-0.2161,-2.9764,0.7924,0.5658
1790754280481195965,17.367,odom,"ideal odometry /chassis/odom (IsaacComputeOdometry, relative to Play start)",-0.4811,-0.2181,-2.9859,0.7944,0.5490
1790754280520621564,17.383,odom,"ideal odometry /chassis/odom (IsaacComputeOdometry, relative to Play start)",-0.4941,-0.2200,-2.9951,0.7958,0.5363
1790754280569282972,17.400,odom,"ideal odometry /chassis/odom (IsaacComputeOdometry, relative to Play start)",-0.5072,-0.2218,-3.0040,0.7957,0.5139
1790754280606731692,17.417,odom,"ideal odometry /chassis/odom (IsaacComputeOdometry, relative to Play start)",-0.5203,-0.2235,-3.0124,0.7956,0.4884
1790754280659827739,17.433,odom,"ideal odometry /chassis/odom (IsaacComputeOdometry, relative to Play start)",-0.5334,-0.2251,-3.0205,0.7964,0.4690
1790754280700132235,17.450,odom,"ideal odometry /chassis/odom (IsaacComputeOdometry, relative to Play start)",-0.5465,-0.2266,-3.0284,0.7971,0.4547
1790754280752171024,17.467,odom,"ideal odometry /chassis/odom (IsaacComputeOdometry, relative to Play start)",-0.5596,-0.2280,-3.0360,0.7978,0.4445
1790754280790750439,17.483,odom,"ideal odometry /chassis/odom (IsaacComputeOdometry, relative to Play start)",-0.5728,-0.2293,-3.0434,0.7983,0.4376
1790754280841521085,17.500,odom,"ideal odometry /chassis/odom (IsaacComputeOdometry, relative to Play start)",-0.5860,-0.2305,-3.0508,0.7985,0.4325
1790754280881972738,17.517,odom,"ideal odometry /chassis/odom (IsaacComputeOdometry, relative to Play start)",-0.5992,-0.2316,-3.0581,0.7987,0.4295
1790754280943601044,17.533,odom,"ideal odometry /chassis/odom (IsaacComputeOdometry, relative to Play start)",-0.6124,-0.2326,-3.0653,0.7987,0.4280
1790754280978108389,17.550,odom,"ideal odometry /chassis/odom (IsaacComputeOdometry, relative to Play start)",-0.6257,-0.2335,-3.0724,0.7986,0.4272
1790754281029912253,17.567,odom,"ideal odometry /chassis/odom (IsaacComputeOdometry, relative to Play start)",-0.6389,-0.2343,-3.0796,0.7986,0.4276
1790754281066031457,17.583,odom,"ideal odometry /chassis/odom (IsaacComputeOdometry, relative to Play start)",-0.6521,-0.2351,-3.0867,0.7985,0.4286
1790754281114503378,17.600,odom,"ideal odometry /chassis/odom (IsaacComputeOdometry, relative to Play start)",-0.6654,-0.2357,-3.0937,0.7979,0.4157
1790754281155754740,17.617,odom,"ideal odometry /chassis/odom (IsaacComputeOdometry, relative to Play start)",-0.6786,-0.2362,-3.1005,0.7975,0.3964
1790754281205903945,17.633,odom,"ideal odometry /chassis/odom (IsaacComputeOdometry, relative to Play start)",-0.6919,-0.2367,-3.1069,0.7978,0.3818
1790754281242108748,17.650,odom,"ideal odometry /chassis/odom (IsaacComputeOdometry, relative to Play start)",-0.7051,-0.2371,-3.1132,0.7981,0.3708
1790754281293808159,17.667,odom,"ideal odometry /chassis/odom (IsaacComputeOdometry, relative to Play start)",-0.7184,-0.2374,-3.1194,0.7983,0.3629
1790754281333483767,17.683,odom,"ideal odometry /chassis/odom (IsaacComputeOdometry, relative to Play start)",-0.7317,-0.2376,-3.1253,0.7980,0.3433
1790754281386779576,17.700,odom,"ideal odometry /chassis/odom (IsaacComputeOdometry, relative to Play start)",-0.7449,-0.2377,-3.1308,0.7977,0.3193
1790754281428716765,17.717,odom,"ideal odometry /chassis/odom (IsaacComputeOdometry, relative to Play start)",-0.7582,-0.2378,-3.1360,0.7981,0.3010
1790754281479509658,17.733,odom,"ideal odometry /chassis/odom (IsaacComputeOdometry, relative to Play start)",-0.7715,-0.2378,-3.1410,0.7983,0.2878
1790754281527908990,17.750,odom,"ideal odometry /chassis/odom (IsaacComputeOdometry, relative to Play start)",-0.7848,-0.2377,3.1376,0.7985,0.2793
1790754281574029396,17.767,odom,"ideal odometry /chassis/odom (IsaacComputeOdometry, relative to Play start)",-0.7981,-0.2376,3.1329,0.7985,0.2743
1790754281625373779,17.783,odom,"ideal odometry /chassis/odom (IsaacComputeOdometry, relative to Play start)",-0.8114,-0.2375,3.1283,0.7986,0.2712
1790754281664120150,17.800,odom,"ideal odometry /chassis/odom (IsaacComputeOdometry, relative to Play start)",-0.8247,-0.2372,3.1239,0.7982,0.2544
1790754281708176852,17.817,odom,"ideal odometry /chassis/odom (IsaacComputeOdometry, relative to Play start)",-0.8379,-0.2369,3.1199,0.7976,0.2284
1790754281762021700,17.833,odom,"ideal odometry /chassis/odom (IsaacComputeOdometry, relative to Play start)",-0.8512,-0.2366,3.1164,0.7977,0.1936
1790754281801275819,17.850,odom,"ideal odometry /chassis/odom (IsaacComputeOdometry, relative to Play start)",-0.8645,-0.2362,3.1135,0.7987,0.1617
1790754281848357137,17.867,odom,"ideal odometry /chassis/odom (IsaacComputeOdometry, relative to Play start)",-0.8776,-0.2358,3.1111,0.7783,0.1150
1790754281885351938,17.883,odom,"ideal odometry /chassis/odom (IsaacComputeOdometry, relative to Play start)",-0.8907,-0.2354,3.1094,0.7910,0.0893
1790754281934398069,17.900,odom,"ideal odometry /chassis/odom (IsaacComputeOdometry, relative to Play start)",-0.9039,-0.2349,3.1081,0.7967,0.0654
1790754281974982646,17.917,odom,"ideal odometry /chassis/odom (IsaacComputeOdometry, relative to Play start)",-0.9172,-0.2345,3.1071,0.7987,0.0504
1790754282022143623,17.933,odom,"ideal odometry /chassis/odom (IsaacComputeOdometry, relative to Play start)",-0.9305,-0.2340,3.1063,0.7995,0.0409
1790754282058784339,17.950,odom,"ideal odometry /chassis/odom (IsaacComputeOdometry, relative to Play start)",-0.9439,-0.2335,3.1056,0.8000,0.0357
1790754282108635928,17.967,odom,"ideal odometry /chassis/odom (IsaacComputeOdometry, relative to Play start)",-0.9572,-0.2330,3.1051,0.8000,0.0331
1790754282146702317,17.983,odom,"ideal odometry /chassis/odom (IsaacComputeOdometry, relative to Play start)",-0.9705,-0.2325,3.1047,0.7999,0.0329
1790754282200472973,18.000,odom,"ideal odometry /chassis/odom (IsaacComputeOdometry, relative to Play start)",-0.9839,-0.2320,3.1043,0.8002,0.0309
1790754282240517090,18.017,odom,"ideal odometry /chassis/odom (IsaacComputeOdometry, relative to Play start)",-0.9972,-0.2315,3.1040,0.8004,0.0241
1790754282299055939,18.033,odom,"ideal odometry /chassis/odom (IsaacComputeOdometry, relative to Play start)",-1.0105,-0.2310,3.1037,0.8005,0.0193
1790754282349980321,18.050,odom,"ideal odometry /chassis/odom (IsaacComputeOdometry, relative to Play start)",-1.0239,-0.2305,3.1036,0.8007,0.0096
1790754282395759045,18.067,odom,"ideal odometry /chassis/odom (IsaacComputeOdometry, relative to Play start)",-1.0372,-0.2300,3.1035,0.8008,0.0126
1790754282437488452,18.083,odom,"ideal odometry /chassis/odom (IsaacComputeOdometry, relative to Play start)",-1.0506,-0.2295,3.1033,0.8008,0.0150
1790754282491564218,18.100,odom,"ideal odometry /chassis/odom (IsaacComputeOdometry, relative to Play start)",-1.0639,-0.2290,3.1031,0.8008,0.0130
1790754282535170513,18.117,odom,"ideal odometry /chassis/odom (IsaacComputeOdometry, relative to Play start)",-1.0772,-0.2285,3.1030,0.8008,0.0100
1790754282581214349,18.133,odom,"ideal odometry /chassis/odom (IsaacComputeOdometry, relative to Play start)",-1.0906,-0.2280,3.1029,0.8008,0.0079
1790754282619341475,18.150,odom,"ideal odometry /chassis/odom (IsaacComputeOdometry, relative to Play start)",-1.1039,-0.2274,3.1028,0.8009,0.0057
1790754282671001934,18.167,odom,"ideal odometry /chassis/odom (IsaacComputeOdometry, relative to Play start)",-1.1173,-0.2269,3.1028,0.8009,0.0037
1790754282707601605,18.183,odom,"ideal odometry /chassis/odom (IsaacComputeOdometry, relative to Play start)",-1.1306,-0.2264,3.1028,0.8008,0.0018
1790754282761548206,18.200,odom,"ideal odometry /chassis/odom (IsaacComputeOdometry, relative to Play start)",-1.1440,-0.2259,3.1028,0.8008,0.0000
1790754282805083183,18.217,odom,"ideal odometry /chassis/odom (IsaacComputeOdometry, relative to Play start)",-1.1573,-0.2254,3.1029,0.8008,0.0016
1790754282861051946,18.233,odom,"ideal odometry /chassis/odom (IsaacComputeOdometry, relative to Play start)",-1.1707,-0.2248,3.1029,0.8008,0.0034
1790754282894230316,18.250,odom,"ideal odometry /chassis/odom (IsaacComputeOdometry, relative to Play start)",-1.1840,-0.2243,3.1031,0.8008,0.0052
1790754282944355971,18.267,odom,"ideal odometry /chassis/odom (IsaacComputeOdometry, relative to Play start)",-1.1973,-0.2238,3.1032,0.8008,0.0065
1790754282997559901,18.283,odom,"ideal odometry /chassis/odom (IsaacComputeOdometry, relative to Play start)",-1.2107,-0.2233,3.1034,0.8008,0.0085
1790754283036760288,18.300,odom,"ideal odometry /chassis/odom (IsaacComputeOdometry, relative to Play start)",-1.2240,-0.2228,3.1035,0.8008,0.0097
1790754283074752692,18.317,odom,"ideal odometry /chassis/odom (IsaacComputeOdometry, relative to Play start)",-1.2374,-0.2223,3.1038,0.8008,0.0115
1790754283127657782,18.333,odom,"ideal odometry /chassis/odom (IsaacComputeOdometry, relative to Play start)",-1.2507,-0.2218,3.1040,0.8008,0.0126
1790754283164375312,18.350,odom,"ideal odometry /chassis/odom (IsaacComputeOdometry, relative to Play start)",-1.2641,-0.2213,3.1042,0.8008,0.0140
1790754283215386181,18.367,odom,"ideal odometry /chassis/odom (IsaacComputeOdometry, relative to Play start)",-1.2774,-0.2208,3.1045,0.8007,0.0156
1790754283253868391,18.383,odom,"ideal odometry /chassis/odom (IsaacComputeOdometry, relative to Play start)",-1.2907,-0.2203,3.1048,0.8007,0.0168
1790754283303625961,18.400,odom,"ideal odometry /chassis/odom (IsaacComputeOdometry, relative to Play start)",-1.3041,-0.2198,3.1051,0.8007,0.0181
1790754283344983420,18.417,odom,"ideal odometry /chassis/odom (IsaacComputeOdometry, relative to Play start)",-1.3174,-0.2193,3.1055,0.8007,0.0193
1790754283392488857,18.433,odom,"ideal odometry /chassis/odom (IsaacComputeOdometry, relative to Play start)",-1.3308,-0.2189,3.1060,0.8008,0.0292
1790754283433817017,18.450,odom,"ideal odometry /chassis/odom (IsaacComputeOdometry, relative to Play start)",-1.3441,-0.2184,3.1066,0.8008,0.0399
1790754283484838532,18.467,odom,"ideal odometry /chassis/odom (IsaacComputeOdometry, relative to Play start)",-1.3575,-0.2179,3.1074,0.8008,0.0449
1790754283523463096,18.483,odom,"ideal odometry /chassis/odom (IsaacComputeOdometry, relative to Play start)",-1.3708,-0.2175,3.1082,0.8008,0.0490
1790754283574331799,18.500,odom,"ideal odometry /chassis/odom (IsaacComputeOdometry, relative to Play start)",-1.3842,-0.2170,3.1092,0.8008,0.0537
1790754283610816909,18.517,odom,"ideal odometry /chassis/odom (IsaacComputeOdometry, relative to Play start)",-1.3975,-0.2166,3.1102,0.8008,0.0575
1790754283672445067,18.533,odom,"ideal odometry /chassis/odom (IsaacComputeOdometry, relative to Play start)",-1.4108,-0.2162,3.1112,0.8008,0.0613
1790754283712631663,18.550,odom,"ideal odometry /chassis/odom (IsaacComputeOdometry, relative to Play start)",-1.4242,-0.2158,3.1123,0.8008,0.0650
1790754283766443165,18.567,odom,"ideal odometry /chassis/odom (IsaacComputeOdometry, relative to Play start)",-1.4375,-0.2154,3.1135,0.8008,0.0683
1790754283805198024,18.583,odom,"ideal odometry /chassis/odom (IsaacComputeOdometry, relative to Play start)",-1.4509,-0.2151,3.1147,0.8008,0.0714
1790754283857112949,18.600,odom,"ideal odometry /chassis/odom (IsaacComputeOdometry, relative to Play start)",-1.4642,-0.2147,3.1160,0.8009,0.0744
1790754283891366935,18.617,odom,"ideal odometry /chassis/odom (IsaacComputeOdometry, relative to Play start)",-1.4776,-0.2144,3.1173,0.8009,0.0783
1790754283944458754,18.633,odom,"ideal odometry /chassis/odom (IsaacComputeOdometry, relative to Play start)",-1.4909,-0.2141,3.1187,0.8009,0.0808
1790754283982664453,18.650,odom,"ideal odometry /chassis/odom (IsaacComputeOdometry, relative to Play start)",-1.5043,-0.2138,3.1201,0.8010,0.0842
1790754284033032891,18.667,odom,"ideal odometry /chassis/odom (IsaacComputeOdometry, relative to Play start)",-1.5176,-0.2136,3.1216,0.8010,0.0871
1790754284069670435,18.683,odom,"ideal odometry /chassis/odom (IsaacComputeOdometry, relative to Play start)",-1.5310,-0.2133,3.1231,0.8009,0.0903
1790754284117560256,18.700,odom,"ideal odometry /chassis/odom (IsaacComputeOdometry, relative to Play start)",-1.5443,-0.2131,3.1247,0.8009,0.0930
1790754284156953401,18.717,odom,"ideal odometry /chassis/odom (IsaacComputeOdometry, relative to Play start)",-1.5577,-0.2129,3.1263,0.8009,0.0961
1790754284211369271,18.733,odom,"ideal odometry /chassis/odom (IsaacComputeOdometry, relative to Play start)",-1.5710,-0.2127,3.1280,0.8009,0.0986
1790754284248432747,18.750,odom,"ideal odometry /chassis/odom (IsaacComputeOdometry, relative to Play start)",-1.5844,-0.2125,3.1297,0.8008,0.1017
1790754284300086799,18.767,odom,"ideal odometry /chassis/odom (IsaacComputeOdometry, relative to Play start)",-1.5977,-0.2124,3.1314,0.8008,0.1043
1790754284349667627,18.783,odom,"ideal odometry /chassis/odom (IsaacComputeOdometry, relative to Play start)",-1.6111,-0.2123,3.1332,0.8008,0.1070
1790754284391011614,18.800,odom,"ideal odometry /chassis/odom (IsaacComputeOdometry, relative to Play start)",-1.6244,-0.2122,3.1349,0.8006,0.1025
1790754284434961594,18.817,odom,"ideal odometry /chassis/odom (IsaacComputeOdometry, relative to Play start)",-1.6378,-0.2121,3.1366,0.8004,0.0955
1790754284489404126,18.833,odom,"ideal odometry /chassis/odom (IsaacComputeOdometry, relative to Play start)",-1.6511,-0.2121,3.1381,0.8003,0.0955
1790754284527926659,18.850,odom,"ideal odometry /chassis/odom (IsaacComputeOdometry, relative to Play start)",-1.6645,-0.2121,3.1396,0.8002,0.0854
1790754284579991663,18.867,odom,"ideal odometry /chassis/odom (IsaacComputeOdometry, relative to Play start)",-1.6778,-0.2121,3.1409,0.8003,0.0834
1790754284618062545,18.883,odom,"ideal odometry /chassis/odom (IsaacComputeOdometry, relative to Play start)",-1.6912,-0.2121,-3.1411,0.8003,0.0799
1790754284665108417,18.900,odom,"ideal odometry /chassis/odom (IsaacComputeOdometry, relative to Play start)",-1.7045,-0.2121,-3.1398,0.8003,0.0758
1790754284705064759,18.917,odom,"ideal odometry /chassis/odom (IsaacComputeOdometry, relative to Play start)",-1.7178,-0.2121,-3.1387,0.8003,0.0728
1790754284755811081,18.933,odom,"ideal odometry /chassis/odom (IsaacComputeOdometry, relative to Play start)",-1.7312,-0.2122,-3.1376,0.8004,0.0705
1790754284796436421,18.950,odom,"ideal odometry /chassis/odom (IsaacComputeOdometry, relative to Play start)",-1.7445,-0.2123,-3.1365,0.8004,0.0680
1790754284847148262,18.967,odom,"ideal odometry /chassis/odom (IsaacComputeOdometry, relative to Play start)",-1.7579,-0.2123,-3.1354,0.8004,0.0654
1790754284880024966,18.983,odom,"ideal odometry /chassis/odom (IsaacComputeOdometry, relative to Play start)",-1.7712,-0.2124,-3.1343,0.8004,0.0638
1790754284934484174,19.000,odom,"ideal odometry /chassis/odom (IsaacComputeOdometry, relative to Play start)",-1.7846,-0.2125,-3.1332,0.8005,0.0714
1790754284979536054,19.017,odom,"ideal odometry /chassis/odom (IsaacComputeOdometry, relative to Play start)",-1.7979,-0.2127,-3.1319,0.8006,0.0790
1790754285039812179,19.033,odom,"ideal odometry /chassis/odom (IsaacComputeOdometry, relative to Play start)",-1.8113,-0.2128,-3.1305,0.8007,0.0825
1790754285080892279,19.050,odom,"ideal odometry /chassis/odom (IsaacComputeOdometry, relative to Play start)",-1.8246,-0.2130,-3.1291,0.8007,0.0851
1790754285124826902,19.067,odom,"ideal odometry /chassis/odom (IsaacComputeOdometry, relative to Play start)",-1.8380,-0.2132,-3.1276,0.8007,0.0885
1790754285164985046,19.083,odom,"ideal odometry /chassis/odom (IsaacComputeOdometry, relative to Play start)",-1.8513,-0.2134,-3.1260,0.8007,0.0910
1790754285214387060,19.100,odom,"ideal odometry /chassis/odom (IsaacComputeOdometry, relative to Play start)",-1.8647,-0.2136,-3.1245,0.8007,0.0941
1790754285255197243,19.117,odom,"ideal odometry /chassis/odom (IsaacComputeOdometry, relative to Play start)",-1.8780,-0.2139,-3.1228,0.8006,0.0975
1790754285307407899,19.133,odom,"ideal odometry /chassis/odom (IsaacComputeOdometry, relative to Play start)",-1.8914,-0.2141,-3.1211,0.8006,0.0999
1790754285348387098,19.150,odom,"ideal odometry /chassis/odom (IsaacComputeOdometry, relative to Play start)",-1.9047,-0.2144,-3.1194,0.8006,0.1027
1790754285393507847,19.167,odom,"ideal odometry /chassis/odom (IsaacComputeOdometry, relative to Play start)",-1.9180,-0.2148,-3.1177,0.8006,0.1054
1790754285424802359,19.183,odom,"ideal odometry /chassis/odom (IsaacComputeOdometry, relative to Play start)",-1.9314,-0.2151,-3.1159,0.8006,0.1080
1790754285482046844,19.200,odom,"ideal odometry /chassis/odom (IsaacComputeOdometry, relative to Play start)",-1.9447,-0.2155,-3.1140,0.8005,0.1107
1790754285517220243,19.217,odom,"ideal odometry /chassis/odom (IsaacComputeOdometry, relative to Play start)",-1.9581,-0.2159,-3.1121,0.8006,0.1133
1790754285568527596,19.233,odom,"ideal odometry /chassis/odom (IsaacComputeOdometry, relative to Play start)",-1.9714,-0.2163,-3.1102,0.8005,0.1157
1790754285608792576,19.250,odom,"ideal odometry /chassis/odom (IsaacComputeOdometry, relative to Play start)",-1.9847,-0.2167,-3.1082,0.8005,0.1185
1790754285662504778,19.267,odom,"ideal odometry /chassis/odom (IsaacComputeOdometry, relative to Play start)",-1.9981,-0.2172,-3.1062,0.8006,0.1203
1790754285708219250,19.283,odom,"ideal odometry /chassis/odom (IsaacComputeOdometry, relative to Play start)",-2.0114,-0.2177,-3.1042,0.8006,0.1234
1790754285749341934,19.300,odom,"ideal odometry /chassis/odom (IsaacComputeOdometry, relative to Play start)",-2.0248,-0.2182,-3.1021,0.8006,0.1253
1790754285787667093,19.317,odom,"ideal odometry /chassis/odom (IsaacComputeOdometry, relative to Play start)",-2.0381,-0.2188,-3.1001,0.8005,0.1175
1790754285840085674,19.333,odom,"ideal odometry /chassis/odom (IsaacComputeOdometry, relative to Play start)",-2.0514,-0.2194,-3.0983,0.8003,0.1113
1790754285874753156,19.350,odom,"ideal odometry /chassis/odom (IsaacComputeOdometry, relative to Play start)",-2.0647,-0.2200,-3.0965,0.8002,0.1100
1790754285926558230,19.367,odom,"ideal odometry /chassis/odom (IsaacComputeOdometry, relative to Play start)",-2.0781,-0.2206,-3.0947,0.8002,0.1076
1790754285965899181,19.383,odom,"ideal odometry /chassis/odom (IsaacComputeOdometry, relative to Play start)",-2.0914,-0.2212,-3.0930,0.8002,0.1060
1790754286015638379,19.400,odom,"ideal odometry /chassis/odom (IsaacComputeOdometry, relative to Play start)",-2.1047,-0.2219,-3.0913,0.8001,0.1041
1790754286056379599,19.417,odom,"ideal odometry /chassis/odom (IsaacComputeOdometry, relative to Play start)",-2.1180,-0.2226,-3.0896,0.8001,0.1023
1790754286108127581,19.433,odom,"ideal odometry /chassis/odom (IsaacComputeOdometry, relative to Play start)",-2.1314,-0.2233,-3.0880,0.8001,0.1003
1790754286155735897,19.450,odom,"ideal odometry /chassis/odom (IsaacComputeOdometry, relative to Play start)",-2.1447,-0.2240,-3.0863,0.8002,0.0987
1790754286199185706,19.467,odom,"ideal odometry /chassis/odom (IsaacComputeOdometry, relative to Play start)",-2.1580,-0.2248,-3.0848,0.8002,0.0971
1790754286241355742,19.483,odom,"ideal odometry /chassis/odom (IsaacComputeOdometry, relative to Play start)",-2.1713,-0.2256,-3.0832,0.8002,0.0957
1790754286294796803,19.500,odom,"ideal odometry /chassis/odom (IsaacComputeOdometry, relative to Play start)",-2.1846,-0.2264,-3.0816,0.8002,0.0942
1790754286329728832,19.517,odom,"ideal odometry /chassis/odom (IsaacComputeOdometry, relative to Play start)",-2.1980,-0.2272,-3.0801,0.8002,0.0928
1790754286394479356,19.533,odom,"ideal odometry /chassis/odom (IsaacComputeOdometry, relative to Play start)",-2.2113,-0.2280,-3.0786,0.8002,0.0916
1790754286430373852,19.550,odom,"ideal odometry /chassis/odom (IsaacComputeOdometry, relative to Play start)",-2.2246,-0.2289,-3.0771,0.8003,0.0903
1790754286481881028,19.567,odom,"ideal odometry /chassis/odom (IsaacComputeOdometry, relative to Play start)",-2.2379,-0.2298,-3.0758,0.8001,0.0813
1790754286523044506,19.583,odom,"ideal odometry /chassis/odom (IsaacComputeOdometry, relative to Play start)",-2.2512,-0.2307,-3.0745,0.8000,0.0801
1790754286571006776,19.600,odom,"ideal odometry /chassis/odom (IsaacComputeOdometry, relative to Play start)",-2.2645,-0.2316,-3.0733,0.8001,0.0765
1790754286607137838,19.617,odom,"ideal odometry /chassis/odom (IsaacComputeOdometry, relative to Play start)",-2.2778,-0.2325,-3.0721,0.8002,0.0717
1790754286660232105,19.633,odom,"ideal odometry /chassis/odom (IsaacComputeOdometry, relative to Play start)",-2.2912,-0.2335,-3.0710,0.8002,0.0697
1790754286696245779,19.650,odom,"ideal odometry /chassis/odom (IsaacComputeOdometry, relative to Play start)",-2.3045,-0.2344,-3.0699,0.8002,0.0673
1790754286748619986,19.667,odom,"ideal odometry /chassis/odom (IsaacComputeOdometry, relative to Play start)",-2.3178,-0.2354,-3.0688,0.8003,0.0648
1790754286793052895,19.683,odom,"ideal odometry /chassis/odom (IsaacComputeOdometry, relative to Play start)",-2.3311,-0.2364,-3.0678,0.8004,0.0627
1790754286843589219,19.700,odom,"ideal odometry /chassis/odom (IsaacComputeOdometry, relative to Play start)",-2.3444,-0.2374,-3.0668,0.8004,0.0608
1790754286883012605,19.717,odom,"ideal odometry /chassis/odom (IsaacComputeOdometry, relative to Play start)",-2.3577,-0.2384,-3.0659,0.8004,0.0589
1790754286932613406,19.733,odom,"ideal odometry /chassis/odom (IsaacComputeOdometry, relative to Play start)",-2.3710,-0.2394,-3.0650,0.8005,0.0568
1790754286972214758,19.750,odom,"ideal odometry /chassis/odom (IsaacComputeOdometry, relative to Play start)",-2.3843,-0.2404,-3.0641,0.8005,0.0553
1790754287023622164,19.767,odom,"ideal odometry /chassis/odom (IsaacComputeOdometry, relative to Play start)",-2.3976,-0.2415,-3.0632,0.8005,0.0533
1790754287075665971,19.783,odom,"ideal odometry /chassis/odom (IsaacComputeOdometry, relative to Play start)",-2.4109,-0.2425,-3.0624,0.8005,0.0517
1790754287116538899,19.800,odom,"ideal odometry /chassis/odom (IsaacComputeOdometry, relative to Play start)",-2.4242,-0.2436,-3.0615,0.8005,0.0579
1790754287153539347,19.817,odom,"ideal odometry /chassis/odom (IsaacComputeOdometry, relative to Play start)",-2.4375,-0.2447,-3.0605,0.8005,0.0578
1790754287208046509,19.833,odom,"ideal odometry /chassis/odom (IsaacComputeOdometry, relative to Play start)",-2.4508,-0.2458,-3.0596,0.8005,0.0576
1790754287250845314,19.850,odom,"ideal odometry /chassis/odom (IsaacComputeOdometry, relative to Play start)",-2.4641,-0.2469,-3.0586,0.8006,0.0573
1790754287299516810,19.867,odom,"ideal odometry /chassis/odom (IsaacComputeOdometry, relative to Play start)",-2.4774,-0.2480,-3.0578,0.8006,0.0509
1790754287340914404,19.883,odom,"ideal odometry /chassis/odom (IsaacComputeOdometry, relative to Play start)",-2.4907,-0.2491,-3.0570,0.8006,0.0493
1790754287384981960,19.900,odom,"ideal odometry /chassis/odom (IsaacComputeOdometry, relative to Play start)",-2.5040,-0.2503,-3.0562,0.8005,0.0474
1790754287424209668,19.917,odom,"ideal odometry /chassis/odom (IsaacComputeOdometry, relative to Play start)",-2.5173,-0.2514,-3.0555,0.8005,0.0463
1790754287479941865,19.933,odom,"ideal odometry /chassis/odom (IsaacComputeOdometry, relative to Play start)",-2.5306,-0.2526,-3.0548,0.8005,0.0448
1790754287515207215,19.950,odom,"ideal odometry /chassis/odom (IsaacComputeOdometry, relative to Play start)",-2.5439,-0.2538,-3.0541,0.8005,0.0435
1790754287573822010,19.967,odom,"ideal odometry /chassis/odom (IsaacComputeOdometry, relative to Play start)",-2.5572,-0.2549,-3.0534,0.8005,0.0415
1790754287614901545,19.983,odom,"ideal odometry /chassis/odom (IsaacComputeOdometry, relative to Play start)",-2.5705,-0.2561,-3.0528,0.8005,0.0400
1790754287664237799,20.000,odom,"ideal odometry /chassis/odom (IsaacComputeOdometry, relative to Play start)",-2.5838,-0.2573,-3.0521,0.8006,0.0388
1790754287694674419,20.017,odom,"ideal odometry /chassis/odom (IsaacComputeOdometry, relative to Play start)",-2.5971,-0.2585,-3.0515,0.8006,0.0373
1790754287759833540,20.033,odom,"ideal odometry /chassis/odom (IsaacComputeOdometry, relative to Play start)",-2.6104,-0.2597,-3.0509,0.8006,0.0370
1790754287796836531,20.050,odom,"ideal odometry /chassis/odom (IsaacComputeOdometry, relative to Play start)",-2.6237,-0.2609,-3.0504,0.8006,0.0352
1790754287850474589,20.067,odom,"ideal odometry /chassis/odom (IsaacComputeOdometry, relative to Play start)",-2.6370,-0.2622,-3.0498,0.8006,0.0346
1790754287890618601,20.083,odom,"ideal odometry /chassis/odom (IsaacComputeOdometry, relative to Play start)",-2.6503,-0.2634,-3.0493,0.8005,0.0330
1790754287942900104,20.100,odom,"ideal odometry /chassis/odom (IsaacComputeOdometry, relative to Play start)",-2.6636,-0.2646,-3.0487,0.8006,0.0325
1790754287979832154,20.117,odom,"ideal odometry /chassis/odom (IsaacComputeOdometry, relative to Play start)",-2.6769,-0.2659,-3.0482,0.8005,0.0315
1790754288030133891,20.133,odom,"ideal odometry /chassis/odom (IsaacComputeOdometry, relative to Play start)",-2.6902,-0.2671,-3.0477,0.8005,0.0310
1790754288073870857,20.150,odom,"ideal odometry /chassis/odom (IsaacComputeOdometry, relative to Play start)",-2.7035,-0.2684,-3.0473,0.8006,0.0297
1790754288127235795,20.167,odom,"ideal odometry /chassis/odom (IsaacComputeOdometry, relative to Play start)",-2.7168,-0.2696,-3.0468,0.8005,0.0298
1790754288164372944,20.183,odom,"ideal odometry /chassis/odom (IsaacComputeOdometry, relative to Play start)",-2.7300,-0.2709,-3.0464,0.8005,0.0280
1790754288216296348,20.200,odom,"ideal odometry /chassis/odom (IsaacComputeOdometry, relative to Play start)",-2.7433,-0.2722,-3.0459,0.8006,0.0287
1790754288254537377,20.217,odom,"ideal odometry /chassis/odom (IsaacComputeOdometry, relative to Play start)",-2.7566,-0.2735,-3.0456,0.8006,0.0171
1790754288306458708,20.233,odom,"ideal odometry /chassis/odom (IsaacComputeOdometry, relative to Play start)",-2.7699,-0.2748,-3.0456,0.8007,0.0051
1790754288344011048,20.250,odom,"ideal odometry /chassis/odom (IsaacComputeOdometry, relative to Play start)",-2.7832,-0.2760,-3.0457,0.8008,0.0067
1790754288394797128,20.267,odom,"ideal odometry /chassis/odom (IsaacComputeOdometry, relative to Play start)",-2.7965,-0.2773,-3.0460,0.8008,0.0139
1790754288444643445,20.283,odom,"ideal odometry /chassis/odom (IsaacComputeOdometry, relative to Play start)",-2.8098,-0.2786,-3.0464,0.8007,0.0198
1790754288482792711,20.300,odom,"ideal odometry /chassis/odom (IsaacComputeOdometry, relative to Play start)",-2.8231,-0.2799,-3.0468,0.8008,0.0257
1790754288521257398,20.317,odom,"ideal odometry /chassis/odom (IsaacComputeOdometry, relative to Play start)",-2.8364,-0.2811,-3.0474,0.8008,0.0311
1790754288574102758,20.333,odom,"ideal odometry /chassis/odom (IsaacComputeOdometry, relative to Play start)",-2.8497,-0.2824,-3.0480,0.8008,0.0360
1790754288611280230,20.350,odom,"ideal odometry /chassis/odom (IsaacComputeOdometry, relative to Play start)",-2.8630,-0.2836,-3.0488,0.8009,0.0407
1790754288663324508,20.367,odom,"ideal odometry /chassis/odom (IsaacComputeOdometry, relative to Play start)",-2.8762,-0.2848,-3.0495,0.8009,0.0451
1790754288701960095,20.383,odom,"ideal odometry /chassis/odom (IsaacComputeOdometry, relative to Play start)",-2.8895,-0.2860,-3.0504,0.8009,0.0493
1790754288757718577,20.400,odom,"ideal odometry /chassis/odom (IsaacComputeOdometry, relative to Play start)",-2.9028,-0.2872,-3.0513,0.8009,0.0530
1790754288797105221,20.417,odom,"ideal odometry /chassis/odom (IsaacComputeOdometry, relative to Play start)",-2.9161,-0.2884,-3.0523,0.8009,0.0564
1790754288849248138,20.433,odom,"ideal odometry /chassis/odom (IsaacComputeOdometry, relative to Play start)",-2.9295,-0.2896,-3.0533,0.8010,0.0603
1790754288891683192,20.450,odom,"ideal odometry /chassis/odom (IsaacComputeOdometry, relative to Play start)",-2.9428,-0.2908,-3.0544,0.8009,0.0636
1790754288942863359,20.467,odom,"ideal odometry /chassis/odom (IsaacComputeOdometry, relative to Play start)",-2.9561,-0.2919,-3.0556,0.8009,0.0667
1790754288980074936,20.483,odom,"ideal odometry /chassis/odom (IsaacComputeOdometry, relative to Play start)",-2.9694,-0.2931,-3.0568,0.8009,0.0700
1790754289030787812,20.500,odom,"ideal odometry /chassis/odom (IsaacComputeOdometry, relative to Play start)",-2.9827,-0.2942,-3.0581,0.8009,0.0735
1790754289068774563,20.517,odom,"ideal odometry /chassis/odom (IsaacComputeOdometry, relative to Play start)",-2.9960,-0.2953,-3.0594,0.8009,0.0769
1790754289131478997,20.533,odom,"ideal odometry /chassis/odom (IsaacComputeOdometry, relative to Play start)",-3.0093,-0.2963,-3.0608,0.8009,0.0794
1790754289173443557,20.550,odom,"ideal odometry /chassis/odom (IsaacComputeOdometry, relative to Play start)",-3.0226,-0.2974,-3.0622,0.8009,0.0835
1790754289227767854,20.567,odom,"ideal odometry /chassis/odom (IsaacComputeOdometry, relative to Play start)",-3.0359,-0.2984,-3.0636,0.8009,0.0865
1790754289262549332,20.583,odom,"ideal odometry /chassis/odom (IsaacComputeOdometry, relative to Play start)",-3.0492,-0.2995,-3.0651,0.8009,0.0891
1790754289316536350,20.600,odom,"ideal odometry /chassis/odom (IsaacComputeOdometry, relative to Play start)",-3.0626,-0.3005,-3.0667,0.8009,0.0921
1790754289355290456,20.617,odom,"ideal odometry /chassis/odom (IsaacComputeOdometry, relative to Play start)",-3.0759,-0.3014,-3.0683,0.8009,0.0953
1790754289407542093,20.633,odom,"ideal odometry /chassis/odom (IsaacComputeOdometry, relative to Play start)",-3.0892,-0.3024,-3.0699,0.8010,0.0982
1790754289446641203,20.650,odom,"ideal odometry /chassis/odom (IsaacComputeOdometry, relative to Play start)",-3.1025,-0.3033,-3.0716,0.8010,0.1011
1790754289499348354,20.667,odom,"ideal odometry /chassis/odom (IsaacComputeOdometry, relative to Play start)",-3.1158,-0.3043,-3.0733,0.8009,0.1036
1790754289537635641,20.683,odom,"ideal odometry /chassis/odom (IsaacComputeOdometry, relative to Play start)",-3.1289,-0.3051,-3.0750,0.7795,0.0976
1790754289588978417,20.700,odom,"ideal odometry /chassis/odom (IsaacComputeOdometry, relative to Play start)",-3.1416,-0.3059,-3.0765,0.7503,0.0881
1790754289623786934,20.717,odom,"ideal odometry /chassis/odom (IsaacComputeOdometry, relative to Play start)",-3.1542,-0.3067,-3.0779,0.7556,0.0868
1790754289679050805,20.733,odom,"ideal odometry /chassis/odom (IsaacComputeOdometry, relative to Play start)",-3.1670,-0.3075,-3.0794,0.7787,0.0873
1790754289717810563,20.750,odom,"ideal odometry /chassis/odom (IsaacComputeOdometry, relative to Play start)",-3.1801,-0.3083,-3.0808,0.7927,0.0874
1790754289771445041,20.767,odom,"ideal odometry /chassis/odom (IsaacComputeOdometry, relative to Play start)",-3.1933,-0.3091,-3.0822,0.7978,0.0870
1790754289818639108,20.783,odom,"ideal odometry /chassis/odom (IsaacComputeOdometry, relative to Play start)",-3.2066,-0.3099,-3.0836,0.7995,0.0861
1790754289860741972,20.800,odom,"ideal odometry /chassis/odom (IsaacComputeOdometry, relative to Play start)",-3.2199,-0.3107,-3.0850,0.8002,0.0851
1790754289895927241,20.817,odom,"ideal odometry /chassis/odom (IsaacComputeOdometry, relative to Play start)",-3.2333,-0.3114,-3.0864,0.8005,0.0840
1790754289955557451,20.833,odom,"ideal odometry /chassis/odom (IsaacComputeOdometry, relative to Play start)",-3.2466,-0.3121,-3.0878,0.8005,0.0831
1790754290003256399,20.850,odom,"ideal odometry /chassis/odom (IsaacComputeOdometry, relative to Play start)",-3.2599,-0.3128,-3.0891,0.8006,0.0821
1790754290054616699,20.867,odom,"ideal odometry /chassis/odom (IsaacComputeOdometry, relative to Play start)",-3.2732,-0.3135,-3.0904,0.8006,0.0812
1790754290097334953,20.883,odom,"ideal odometry /chassis/odom (IsaacComputeOdometry, relative to Play start)",-3.2866,-0.3142,-3.0918,0.8006,0.0803
1790754290145025987,20.900,odom,"ideal odometry /chassis/odom (IsaacComputeOdometry, relative to Play start)",-3.2999,-0.3148,-3.0931,0.8006,0.0794
1790754290183326087,20.917,odom,"ideal odometry /chassis/odom (IsaacComputeOdometry, relative to Play start)",-3.3132,-0.3154,-3.0944,0.8006,0.0786
1790754290233757553,20.933,odom,"ideal odometry /chassis/odom (IsaacComputeOdometry, relative to Play start)",-3.3266,-0.3160,-3.0956,0.8006,0.0777
1790754290266508956,20.950,odom,"ideal odometry /chassis/odom (IsaacComputeOdometry, relative to Play start)",-3.3399,-0.3166,-3.0969,0.8007,0.0769
1790754290320252140,20.967,odom,"ideal odometry /chassis/odom (IsaacComputeOdometry, relative to Play start)",-3.3533,-0.3172,-3.0982,0.8007,0.0760
1790754290355031133,20.983,odom,"ideal odometry /chassis/odom (IsaacComputeOdometry, relative to Play start)",-3.3666,-0.3178,-3.0994,0.8006,0.0755
1790754290409201003,21.000,odom,"ideal odometry /chassis/odom (IsaacComputeOdometry, relative to Play start)",-3.3799,-0.3183,-3.1006,0.8007,0.0750
1790754290449253560,21.017,odom,"ideal odometry /chassis/odom (IsaacComputeOdometry, relative to Play start)",-3.3933,-0.3189,-3.1019,0.8007,0.0743
1790754290508653317,21.033,odom,"ideal odometry /chassis/odom (IsaacComputeOdometry, relative to Play start)",-3.4066,-0.3194,-3.1031,0.8007,0.0736
1790754290546656440,21.050,odom,"ideal odometry /chassis/odom (IsaacComputeOdometry, relative to Play start)",-3.4200,-0.3199,-3.1043,0.8006,0.0730
1790754290595565319,21.067,odom,"ideal odometry /chassis/odom (IsaacComputeOdometry, relative to Play start)",-3.4333,-0.3203,-3.1055,0.8007,0.0724
1790754290631679466,21.083,odom,"ideal odometry /chassis/odom (IsaacComputeOdometry, relative to Play start)",-3.4466,-0.3208,-3.1066,0.8007,0.0722
1790754290685835088,21.100,odom,"ideal odometry /chassis/odom (IsaacComputeOdometry, relative to Play start)",-3.4600,-0.3213,-3.1078,0.8007,0.0717
1790754290722805811,21.117,odom,"ideal odometry /chassis/odom (IsaacComputeOdometry, relative to Play start)",-3.4733,-0.3217,-3.1090,0.8007,0.0713
1790754290775382847,21.133,odom,"ideal odometry /chassis/odom (IsaacComputeOdometry, relative to Play start)",-3.4867,-0.3221,-3.1102,0.8007,0.0709
1790754290809553353,21.150,odom,"ideal odometry /chassis/odom (IsaacComputeOdometry, relative to Play start)",-3.5000,-0.3225,-3.1113,0.8007,0.0706
1790754290861147066,21.167,odom,"ideal odometry /chassis/odom (IsaacComputeOdometry, relative to Play start)",-3.5134,-0.3229,-3.1125,0.8007,0.0701
1790754290897447001,21.183,odom,"ideal odometry /chassis/odom (IsaacComputeOdometry, relative to Play start)",-3.5267,-0.3233,-3.1136,0.8007,0.0699
1790754290948645393,21.200,odom,"ideal odometry /chassis/odom (IsaacComputeOdometry, relative to Play start)",-3.5401,-0.3236,-3.1148,0.8007,0.0699
1790754290987755230,21.217,odom,"ideal odometry /chassis/odom (IsaacComputeOdometry, relative to Play start)",-3.5534,-0.3240,-3.1159,0.8006,0.0694
1790754291034732295,21.233,odom,"ideal odometry /chassis/odom (IsaacComputeOdometry, relative to Play start)",-3.5667,-0.3243,-3.1170,0.8007,0.0691
1790754291070913214,21.250,odom,"ideal odometry /chassis/odom (IsaacComputeOdometry, relative to Play start)",-3.5801,-0.3246,-3.1182,0.8007,0.0691
1790754291124581877,21.267,odom,"ideal odometry /chassis/odom (IsaacComputeOdometry, relative to Play start)",-3.5934,-0.3249,-3.1193,0.8007,0.0688
1790754291168803611,21.283,odom,"ideal odometry /chassis/odom (IsaacComputeOdometry, relative to Play start)",-3.6068,-0.3252,-3.1204,0.8007,0.0686
1790754291206730370,21.300,odom,"ideal odometry /chassis/odom (IsaacComputeOdometry, relative to Play start)",-3.6201,-0.3255,-3.1215,0.8007,0.0684
1790754291246841782,21.317,odom,"ideal odometry /chassis/odom (IsaacComputeOdometry, relative to Play start)",-3.6335,-0.3257,-3.1226,0.8007,0.0680
1790754291295719278,21.333,odom,"ideal odometry /chassis/odom (IsaacComputeOdometry, relative to Play start)",-3.6468,-0.3260,-3.1237,0.8007,0.0677
1790754291330712835,21.350,odom,"ideal odometry /chassis/odom (IsaacComputeOdometry, relative to Play start)",-3.6602,-0.3262,-3.1248,0.8007,0.0678
1790754291382513941,21.367,odom,"ideal odometry /chassis/odom (IsaacComputeOdometry, relative to Play start)",-3.6735,-0.3264,-3.1260,0.8007,0.0674
1790754291417391369,21.383,odom,"ideal odometry /chassis/odom (IsaacComputeOdometry, relative to Play start)",-3.6869,-0.3266,-3.1271,0.8007,0.0673
1790754291470959177,21.400,odom,"ideal odometry /chassis/odom (IsaacComputeOdometry, relative to Play start)",-3.7002,-0.3268,-3.1282,0.8007,0.0670
1790754291508282012,21.417,odom,"ideal odometry /chassis/odom (IsaacComputeOdometry, relative to Play start)",-3.7136,-0.3269,-3.1293,0.8007,0.0670
1790754291560099974,21.433,odom,"ideal odometry /chassis/odom (IsaacComputeOdometry, relative to Play start)",-3.7269,-0.3271,-3.1303,0.8007,0.0668
1790754291592555184,21.450,odom,"ideal odometry /chassis/odom (IsaacComputeOdometry, relative to Play start)",-3.7403,-0.3272,-3.1315,0.8007,0.0733
1790754291643825097,21.467,odom,"ideal odometry /chassis/odom (IsaacComputeOdometry, relative to Play start)",-3.7536,-0.3273,-3.1329,0.8008,0.0797
1790754291679673554,21.483,odom,"ideal odometry /chassis/odom (IsaacComputeOdometry, relative to Play start)",-3.7670,-0.3274,-3.1343,0.8008,0.0817
1790754291731097499,21.500,odom,"ideal odometry /chassis/odom (IsaacComputeOdometry, relative to Play start)",-3.7803,-0.3275,-3.1359,0.8009,0.0926
1790754291766300683,21.517,odom,"ideal odometry /chassis/odom (IsaacComputeOdometry, relative to Play start)",-3.7937,-0.3276,-3.1376,0.8011,0.1044
1790754291828924197,21.533,odom,"ideal odometry /chassis/odom (IsaacComputeOdometry, relative to Play start)",-3.8071,-0.3276,-3.1394,0.8011,0.1016
1790754291867076416,21.550,odom,"ideal odometry /chassis/odom (IsaacComputeOdometry, relative to Play start)",-3.8204,-0.3276,-3.1411,0.8010,0.1000
1790754291919824804,21.567,odom,"ideal odometry /chassis/odom (IsaacComputeOdometry, relative to Play start)",-3.8338,-0.3276,3.1403,0.8010,0.1097
1790754291967675954,21.583,odom,"ideal odometry /chassis/odom (IsaacComputeOdometry, relative to Play start)",-3.8471,-0.3275,3.1384,0.8011,0.1208
1790754292016915525,21.600,odom,"ideal odometry /chassis/odom (IsaacComputeOdometry, relative to Play start)",-3.8605,-0.3275,3.1362,0.8013,0.1267
1790754292056043615,21.617,odom,"ideal odometry /chassis/odom (IsaacComputeOdometry, relative to Play start)",-3.8738,-0.3274,3.1339,0.8014,0.1317
1790754292108981423,21.633,odom,"ideal odometry /chassis/odom (IsaacComputeOdometry, relative to Play start)",-3.8872,-0.3272,3.1316,0.8015,0.1374
1790754292148746311,21.650,odom,"ideal odometry /chassis/odom (IsaacComputeOdometry, relative to Play start)",-3.9005,-0.3271,3.1292,0.8015,0.1420
1790754292195574094,21.667,odom,"ideal odometry /chassis/odom (IsaacComputeOdometry, relative to Play start)",-3.9139,-0.3269,3.1268,0.8013,0.1407
1790754292235202367,21.683,odom,"ideal odometry /chassis/odom (IsaacComputeOdometry, relative to Play start)",-3.9273,-0.3266,3.1245,0.8011,0.1397
1790754292287030201,21.700,odom,"ideal odometry /chassis/odom (IsaacComputeOdometry, relative to Play start)",-3.9406,-0.3264,3.1221,0.8010,0.1415
1790754292322611664,21.717,odom,"ideal odometry /chassis/odom (IsaacComputeOdometry, relative to Play start)",-3.9540,-0.3261,3.1198,0.8010,0.1416
1790754292376624430,21.733,odom,"ideal odometry /chassis/odom (IsaacComputeOdometry, relative to Play start)",-3.9673,-0.3258,3.1174,0.8009,0.1442
1790754292409104505,21.750,odom,"ideal odometry /chassis/odom (IsaacComputeOdometry, relative to Play start)",-3.9806,-0.3254,3.1150,0.8009,0.1443
1790754292461587203,21.767,odom,"ideal odometry /chassis/odom (IsaacComputeOdometry, relative to Play start)",-3.9940,-0.3250,3.1126,0.8010,0.1447
1790754292517431021,21.783,odom,"ideal odometry /chassis/odom (IsaacComputeOdometry, relative to Play start)",-4.0073,-0.3246,3.1102,0.8009,0.1456
1790754292555040406,21.800,odom,"ideal odometry /chassis/odom (IsaacComputeOdometry, relative to Play start)",-4.0207,-0.3242,3.1078,0.8009,0.1464
1790754292597868595,21.817,odom,"ideal odometry /chassis/odom (IsaacComputeOdometry, relative to Play start)",-4.0340,-0.3237,3.1053,0.8009,0.1474
1790754292650505139,21.833,odom,"ideal odometry /chassis/odom (IsaacComputeOdometry, relative to Play start)",-4.0474,-0.3232,3.1030,0.8008,0.1383
1790754292692347585,21.850,odom,"ideal odometry /chassis/odom (IsaacComputeOdometry, relative to Play start)",-4.0607,-0.3226,3.1008,0.8006,0.1290
1790754292744251689,21.867,odom,"ideal odometry /chassis/odom (IsaacComputeOdometry, relative to Play start)",-4.0740,-0.3220,3.0988,0.8005,0.1264
1790754292789531152,21.883,odom,"ideal odometry /chassis/odom (IsaacComputeOdometry, relative to Play start)",-4.0874,-0.3214,3.0967,0.8004,0.1237
1790754292842216215,21.900,odom,"ideal odometry /chassis/odom (IsaacComputeOdometry, relative to Play start)",-4.1007,-0.3208,3.0948,0.8004,0.1199
1790754292888752326,21.917,odom,"ideal odometry /chassis/odom (IsaacComputeOdometry, relative to Play start)",-4.1140,-0.3202,3.0928,0.8005,0.1176
1790754292939944292,21.933,odom,"ideal odometry /chassis/odom (IsaacComputeOdometry, relative to Play start)",-4.1273,-0.3195,3.0908,0.8006,0.1244
1790754292976861003,21.950,odom,"ideal odometry /chassis/odom (IsaacComputeOdometry, relative to Play start)",-4.1407,-0.3188,3.0887,0.8008,0.1318
1790754293026814108,21.967,odom,"ideal odometry /chassis/odom (IsaacComputeOdometry, relative to Play start)",-4.1540,-0.3180,3.0866,0.8007,0.1239
1790754293063856167,21.983,odom,"ideal odometry /chassis/odom (IsaacComputeOdometry, relative to Play start)",-4.1673,-0.3173,3.0845,0.8009,0.1305
1790754293109109275,22.000,odom,"ideal odometry /chassis/odom (IsaacComputeOdometry, relative to Play start)",-4.1807,-0.3165,3.0822,0.8009,0.1352
1790754293148748071,22.017,odom,"ideal odometry /chassis/odom (IsaacComputeOdometry, relative to Play start)",-4.1940,-0.3157,3.0800,0.8009,0.1350
1790754293217894719,22.033,odom,"ideal odometry /chassis/odom (IsaacComputeOdometry, relative to Play start)",-4.2073,-0.3148,3.0777,0.8009,0.1371
1790754293261337822,22.050,odom,"ideal odometry /chassis/odom (IsaacComputeOdometry, relative to Play start)",-4.2206,-0.3139,3.0754,0.8009,0.1388
1790754293312573558,22.067,odom,"ideal odometry /chassis/odom (IsaacComputeOdometry, relative to Play start)",-4.2340,-0.3130,3.0731,0.8009,0.1402
1790754293350484113,22.083,odom,"ideal odometry /chassis/odom (IsaacComputeOdometry, relative to Play start)",-4.2473,-0.3121,3.0709,0.8007,0.1344
1790754293397889839,22.100,odom,"ideal odometry /chassis/odom (IsaacComputeOdometry, relative to Play start)",-4.2606,-0.3111,3.0688,0.8006,0.1225
1790754293433074957,22.117,odom,"ideal odometry /chassis/odom (IsaacComputeOdometry, relative to Play start)",-4.2739,-0.3101,3.0669,0.8005,0.1192
1790754293489344269,22.133,odom,"ideal odometry /chassis/odom (IsaacComputeOdometry, relative to Play start)",-4.2872,-0.3091,3.0649,0.8005,0.1171
1790754293530146586,22.150,odom,"ideal odometry /chassis/odom (IsaacComputeOdometry, relative to Play start)",-4.3005,-0.3080,3.0631,0.8005,0.1141
1790754293581896287,22.167,odom,"ideal odometry /chassis/odom (IsaacComputeOdometry, relative to Play start)",-4.3138,-0.3070,3.0612,0.8005,0.1114
1790754293621386825,22.183,odom,"ideal odometry /chassis/odom (IsaacComputeOdometry, relative to Play start)",-4.3271,-0.3059,3.0594,0.8005,0.1090
1790754293673864309,22.200,odom,"ideal odometry /chassis/odom (IsaacComputeOdometry, relative to Play start)",-4.3404,-0.3047,3.0577,0.8005,0.1066
1790754293708379196,22.217,odom,"ideal odometry /chassis/odom (IsaacComputeOdometry, relative to Play start)",-4.3537,-0.3036,3.0560,0.8005,0.1048
1790754293762633531,22.233,odom,"ideal odometry /chassis/odom (IsaacComputeOdometry, relative to Play start)",-4.3670,-0.3024,3.0543,0.8005,0.1022
1790754293805382284,22.250,odom,"ideal odometry /chassis/odom (IsaacComputeOdometry, relative to Play start)",-4.3803,-0.3012,3.0526,0.8005,0.1004
1790754293852930586,22.267,odom,"ideal odometry /chassis/odom (IsaacComputeOdometry, relative to Play start)",-4.3936,-0.3000,3.0510,0.8006,0.0987
1790754293903492552,22.283,odom,"ideal odometry /chassis/odom (IsaacComputeOdometry, relative to Play start)",-4.4069,-0.2988,3.0494,0.8006,0.0971
1790754293944083473,22.300,odom,"ideal odometry /chassis/odom (IsaacComputeOdometry, relative to Play start)",-4.4202,-0.2976,3.0479,0.8006,0.0954
1790754293978609441,22.317,odom,"ideal odometry /chassis/odom (IsaacComputeOdometry, relative to Play start)",-4.4335,-0.2963,3.0463,0.8006,0.0937
1790754294029980211,22.333,odom,"ideal odometry /chassis/odom (IsaacComputeOdometry, relative to Play start)",-4.4467,-0.2950,3.0448,0.8006,0.0923
1790754294066517058,22.350,odom,"ideal odometry /chassis/odom (IsaacComputeOdometry, relative to Play start)",-4.4600,-0.2937,3.0433,0.8006,0.0906
1790754294116222820,22.367,odom,"ideal odometry /chassis/odom (IsaacComputeOdometry, relative to Play start)",-4.4733,-0.2924,3.0419,0.8006,0.0897
1790754294153998715,22.383,odom,"ideal odometry /chassis/odom (IsaacComputeOdometry, relative to Play start)",-4.4866,-0.2910,3.0404,0.8006,0.0881
1790754294200387128,22.400,odom,"ideal odometry /chassis/odom (IsaacComputeOdometry, relative to Play start)",-4.4999,-0.2896,3.0390,0.8006,0.0870
1790754294236584437,22.417,odom,"ideal odometry /chassis/odom (IsaacComputeOdometry, relative to Play start)",-4.5131,-0.2882,3.0376,0.8006,0.0857
1790754294290797890,22.433,odom,"ideal odometry /chassis/odom (IsaacComputeOdometry, relative to Play start)",-4.5264,-0.2868,3.0362,0.8006,0.0850
1790754294387813643,22.450,odom,"ideal odometry /chassis/odom (IsaacComputeOdometry, relative to Play start)",-4.5397,-0.2854,3.0348,0.8006,0.0839
1790754294439637473,22.467,odom,"ideal odometry /chassis/odom (IsaacComputeOdometry, relative to Play start)",-4.5530,-0.2840,3.0334,0.8006,0.0829
1790754294475660821,22.483,odom,"ideal odometry /chassis/odom (IsaacComputeOdometry, relative to Play start)",-4.5662,-0.2825,3.0321,0.8006,0.0821
1790754294526373932,22.500,odom,"ideal odometry /chassis/odom (IsaacComputeOdometry, relative to Play start)",-4.5795,-0.2810,3.0308,0.8006,0.0810
1790754294565975104,22.517,odom,"ideal odometry /chassis/odom (IsaacComputeOdometry, relative to Play start)",-4.5928,-0.2795,3.0294,0.8006,0.0801
1790754294626724356,22.533,odom,"ideal odometry /chassis/odom (IsaacComputeOdometry, relative to Play start)",-4.6060,-0.2780,3.0281,0.8006,0.0795
1790754294663522703,22.550,odom,"ideal odometry /chassis/odom (IsaacComputeOdometry, relative to Play start)",-4.6193,-0.2765,3.0269,0.8006,0.0704
1790754294713362008,22.567,odom,"ideal odometry /chassis/odom (IsaacComputeOdometry, relative to Play start)",-4.6326,-0.2750,3.0259,0.8006,0.0669
1790754294753028276,22.583,odom,"ideal odometry /chassis/odom (IsaacComputeOdometry, relative to Play start)",-4.6458,-0.2734,3.0248,0.8006,0.0648
1790754294804188021,22.600,odom,"ideal odometry /chassis/odom (IsaacComputeOdometry, relative to Play start)",-4.6591,-0.2718,3.0238,0.8006,0.0620
1790754294844053486,22.617,odom,"ideal odometry /chassis/odom (IsaacComputeOdometry, relative to Play start)",-4.6723,-0.2703,3.0228,0.8006,0.0593
1790754294898753805,22.633,odom,"ideal odometry /chassis/odom (IsaacComputeOdometry, relative to Play start)",-4.6856,-0.2687,3.0219,0.8006,0.0574
1790754294943883893,22.650,odom,"ideal odometry /chassis/odom (IsaacComputeOdometry, relative to Play start)",-4.6988,-0.2670,3.0210,0.8006,0.0550
1790754294992651220,22.667,odom,"ideal odometry /chassis/odom (IsaacComputeOdometry, relative to Play start)",-4.7121,-0.2654,3.0202,0.8007,0.0531
1790754295034486588,22.683,odom,"ideal odometry /chassis/odom (IsaacComputeOdometry, relative to Play start)",-4.7253,-0.2638,3.0192,0.8007,0.0591
1790754295078732628,22.700,odom,"ideal odometry /chassis/odom (IsaacComputeOdometry, relative to Play start)",-4.7386,-0.2622,3.0183,0.8006,0.0605
1790754295115807281,22.717,odom,"ideal odometry /chassis/odom (IsaacComputeOdometry, relative to Play start)",-4.7518,-0.2605,3.0173,0.8007,0.0595
1790754295165480821,22.733,odom,"ideal odometry /chassis/odom (IsaacComputeOdometry, relative to Play start)",-4.7651,-0.2588,3.0163,0.8007,0.0594
1790754295202129793,22.750,odom,"ideal odometry /chassis/odom (IsaacComputeOdometry, relative to Play start)",-4.7783,-0.2572,3.0153,0.8007,0.0597
1790754295250814423,22.767,odom,"ideal odometry /chassis/odom (IsaacComputeOdometry, relative to Play start)",-4.7916,-0.2555,3.0144,0.8007,0.0595
1790754295299367280,22.783,odom,"ideal odometry /chassis/odom (IsaacComputeOdometry, relative to Play start)",-4.8048,-0.2537,3.0134,0.8007,0.0598
1790754295339815065,22.800,odom,"ideal odometry /chassis/odom (IsaacComputeOdometry, relative to Play start)",-4.8178,-0.2521,3.0124,0.7793,0.0583
1790754295379809138,22.817,odom,"ideal odometry /chassis/odom (IsaacComputeOdometry, relative to Play start)",-4.8306,-0.2504,3.0115,0.7660,0.0580
1790754295428246518,22.833,odom,"ideal odometry /chassis/odom (IsaacComputeOdometry, relative to Play start)",-4.8432,-0.2487,3.0105,0.7613,0.0579
1790754295466375921,22.850,odom,"ideal odometry /chassis/odom (IsaacComputeOdometry, relative to Play start)",-4.8558,-0.2471,3.0096,0.7596,0.0577
1790754295517837302,22.867,odom,"ideal odometry /chassis/odom (IsaacComputeOdometry, relative to Play start)",-4.8683,-0.2454,3.0086,0.7590,0.0579
1790754295555092155,22.883,odom,"ideal odometry /chassis/odom (IsaacComputeOdometry, relative to Play start)",-4.8809,-0.2437,3.0077,0.7588,0.0577
1790754295605776768,22.900,odom,"ideal odometry /chassis/odom (IsaacComputeOdometry, relative to Play start)",-4.8932,-0.2420,3.0067,0.7372,0.0572
1790754295640508361,22.917,odom,"ideal odometry /chassis/odom (IsaacComputeOdometry, relative to Play start)",-4.9052,-0.2404,3.0058,0.7239,0.0563
1790754295694978191,22.933,odom,"ideal odometry /chassis/odom (IsaacComputeOdometry, relative to Play start)",-4.9172,-0.2387,3.0049,0.7192,0.0560
1790754295728799286,22.950,odom,"ideal odometry /chassis/odom (IsaacComputeOdometry, relative to Play start)",-4.9288,-0.2371,3.0039,0.6961,0.0552
1790754295783238012,22.967,odom,"ideal odometry /chassis/odom (IsaacComputeOdometry, relative to Play start)",-4.9402,-0.2355,3.0030,0.6821,0.0546
1790754295820749614,22.983,odom,"ideal odometry /chassis/odom (IsaacComputeOdometry, relative to Play start)",-4.9514,-0.2339,3.0022,0.6772,0.0542
1790754295871801518,23.000,odom,"ideal odometry /chassis/odom (IsaacComputeOdometry, relative to Play start)",-4.9626,-0.2324,3.0013,0.6754,0.0542
1790754295909839098,23.017,odom,"ideal odometry /chassis/odom (IsaacComputeOdometry, relative to Play start)",-4.9737,-0.2308,3.0004,0.6747,0.0546
1790754295976512960,23.033,odom,"ideal odometry /chassis/odom (IsaacComputeOdometry, relative to Play start)",-4.9848,-0.2292,2.9995,0.6745,0.0547
1790754296011197337,23.050,odom,"ideal odometry /chassis/odom (IsaacComputeOdometry, relative to Play start)",-4.9958,-0.2276,2.9986,0.6530,0.0538
1790754296059600726,23.067,odom,"ideal odometry /chassis/odom (IsaacComputeOdometry, relative to Play start)",-5.0064,-0.2261,2.9977,0.6397,0.0533
1790754296091152516,23.083,odom,"ideal odometry /chassis/odom (IsaacComputeOdometry, relative to Play start)",-5.0169,-0.2245,2.9968,0.6350,0.0531
1790754296144172927,23.100,odom,"ideal odometry /chassis/odom (IsaacComputeOdometry, relative to Play start)",-5.0274,-0.2230,2.9960,0.6333,0.0530
1790754296175324646,23.117,odom,"ideal odometry /chassis/odom (IsaacComputeOdometry, relative to Play start)",-5.0378,-0.2215,2.9951,0.6326,0.0533
1790754296229860503,23.133,odom,"ideal odometry /chassis/odom (IsaacComputeOdometry, relative to Play start)",-5.0480,-0.2199,2.9942,0.6110,0.0525
1790754296262715039,23.150,odom,"ideal odometry /chassis/odom (IsaacComputeOdometry, relative to Play start)",-5.0580,-0.2185,2.9934,0.5976,0.0515
1790754296311197120,23.167,odom,"ideal odometry /chassis/odom (IsaacComputeOdometry, relative to Play start)",-5.0678,-0.2170,2.9925,0.5929,0.0512
1790754296347520149,23.183,odom,"ideal odometry /chassis/odom (IsaacComputeOdometry, relative to Play start)",-5.0776,-0.2155,2.9917,0.5912,0.0514
1790754296398403588,23.200,odom,"ideal odometry /chassis/odom (IsaacComputeOdometry, relative to Play start)",-5.0873,-0.2140,2.9908,0.5906,0.0516
1790754296437826889,23.217,odom,"ideal odometry /chassis/odom (IsaacComputeOdometry, relative to Play start)",-5.0968,-0.2126,2.9900,0.5689,0.0508
1790754296490388466,23.233,odom,"ideal odometry /chassis/odom (IsaacComputeOdometry, relative to Play start)",-5.1061,-0.2112,2.9892,0.5555,0.0498
1790754296529055394,23.250,odom,"ideal odometry /chassis/odom (IsaacComputeOdometry, relative to Play start)",-5.1152,-0.2098,2.9884,0.5508,0.0496
1790754296579553290,23.267,odom,"ideal odometry /chassis/odom (IsaacComputeOdometry, relative to Play start)",-5.1242,-0.2083,2.9875,0.5490,0.0500
1790754296630771425,23.283,odom,"ideal odometry /chassis/odom (IsaacComputeOdometry, relative to Play start)",-5.1333,-0.2069,2.9867,0.5485,0.0501
1790754296671829840,23.300,odom,"ideal odometry /chassis/odom (IsaacComputeOdometry, relative to Play start)",-5.1421,-0.2055,2.9859,0.5268,0.0492
1790754296710943402,23.317,odom,"ideal odometry /chassis/odom (IsaacComputeOdometry, relative to Play start)",-5.1507,-0.2042,2.9851,0.5134,0.0479
1790754296765046221,23.333,odom,"ideal odometry /chassis/odom (IsaacComputeOdometry, relative to Play start)",-5.1591,-0.2029,2.9843,0.5087,0.0477
1790754296805677652,23.350,odom,"ideal odometry /chassis/odom (IsaacComputeOdometry, relative to Play start)",-5.1674,-0.2015,2.9835,0.5070,0.0479
1790754296860281863,23.367,odom,"ideal odometry /chassis/odom (IsaacComputeOdometry, relative to Play start)",-5.1758,-0.2002,2.9827,0.5063,0.0484
1790754296898745776,23.383,odom,"ideal odometry /chassis/odom (IsaacComputeOdometry, relative to Play start)",-5.1839,-0.1989,2.9819,0.4847,0.0471
1790754296947449125,23.400,odom,"ideal odometry /chassis/odom (IsaacComputeOdometry, relative to Play start)",-5.1917,-0.1976,2.9812,0.4713,0.0458
1790754296981719462,23.417,odom,"ideal odometry /chassis/odom (IsaacComputeOdometry, relative to Play start)",-5.1995,-0.1964,2.9804,0.4666,0.0461
1790754297035193026,23.433,odom,"ideal odometry /chassis/odom (IsaacComputeOdometry, relative to Play start)",-5.2071,-0.1951,2.9796,0.4648,0.0460
1790754297074773897,23.450,odom,"ideal odometry /chassis/odom (IsaacComputeOdometry, relative to Play start)",-5.2148,-0.1938,2.9789,0.4643,0.0462
1790754297128555616,23.467,odom,"ideal odometry /chassis/odom (IsaacComputeOdometry, relative to Play start)",-5.2224,-0.1926,2.9781,0.4640,0.0466
1790754297163644441,23.483,odom,"ideal odometry /chassis/odom (IsaacComputeOdometry, relative to Play start)",-5.2300,-0.1913,2.9773,0.4640,0.0467
1790754297213895179,23.500,odom,"ideal odometry /chassis/odom (IsaacComputeOdometry, relative to Play start)",-5.2377,-0.1901,2.9766,0.4639,0.0471
1790754297261499078,23.517,odom,"ideal odometry /chassis/odom (IsaacComputeOdometry, relative to Play start)",-5.2453,-0.1888,2.9758,0.4639,0.0474
1790754297314739546,23.533,odom,"ideal odometry /chassis/odom (IsaacComputeOdometry, relative to Play start)",-5.2527,-0.1875,2.9750,0.4425,0.0462
1790754297349899520,23.550,odom,"ideal odometry /chassis/odom (IsaacComputeOdometry, relative to Play start)",-5.2601,-0.1863,2.9743,0.4563,0.0412
1790754297401737690,23.567,odom,"ideal odometry /chassis/odom (IsaacComputeOdometry, relative to Play start)",-5.2677,-0.1850,2.9737,0.4611,0.0395
1790754297434979632,23.583,odom,"ideal odometry /chassis/odom (IsaacComputeOdometry, relative to Play start)",-5.2751,-0.1837,2.9730,0.4414,0.0458
1790754297488083857,23.600,odom,"ideal odometry /chassis/odom (IsaacComputeOdometry, relative to Play start)",-5.2822,-0.1825,2.9722,0.4288,0.0436
1790754297535526926,23.617,odom,"ideal odometry /chassis/odom (IsaacComputeOdometry, relative to Play start)",-5.2892,-0.1813,2.9716,0.4243,0.0376
1790754297585113300,23.633,odom,"ideal odometry /chassis/odom (IsaacComputeOdometry, relative to Play start)",-5.2962,-0.1801,2.9709,0.4227,0.0435
1790754297624714659,23.650,odom,"ideal odometry /chassis/odom (IsaacComputeOdometry, relative to Play start)",-5.3031,-0.1789,2.9703,0.4221,0.0373
1790754297672112841,23.667,odom,"ideal odometry /chassis/odom (IsaacComputeOdometry, relative to Play start)",-5.3101,-0.1777,2.9697,0.4219,0.0357
1790754297710127698,23.683,odom,"ideal odometry /chassis/odom (IsaacComputeOdometry, relative to Play start)",-5.3170,-0.1765,2.9692,0.4218,0.0351
1790754297759886822,23.700,odom,"ideal odometry /chassis/odom (IsaacComputeOdometry, relative to Play start)",-5.3239,-0.1753,2.9686,0.4217,0.0344
1790754297794713682,23.717,odom,"ideal odometry /chassis/odom (IsaacComputeOdometry, relative to Play start)",-5.3309,-0.1741,2.9681,0.4217,0.0338
1790754297844273328,23.733,odom,"ideal odometry /chassis/odom (IsaacComputeOdometry, relative to Play start)",-5.3378,-0.1729,2.9676,0.4217,0.0332
1790754297882267232,23.750,odom,"ideal odometry /chassis/odom (IsaacComputeOdometry, relative to Play start)",-5.3445,-0.1717,2.9670,0.4002,0.0319
1790754297934470459,23.767,odom,"ideal odometry /chassis/odom (IsaacComputeOdometry, relative to Play start)",-5.3510,-0.1705,2.9666,0.3869,0.0305
1790754297979480879,23.783,odom,"ideal odometry /chassis/odom (IsaacComputeOdometry, relative to Play start)",-5.3573,-0.1694,2.9661,0.3822,0.0292
1790754298020793064,23.800,odom,"ideal odometry /chassis/odom (IsaacComputeOdometry, relative to Play start)",-5.3635,-0.1683,2.9656,0.3805,0.0286
1790754298056713880,23.817,odom,"ideal odometry /chassis/odom (IsaacComputeOdometry, relative to Play start)",-5.3698,-0.1672,2.9652,0.3799,0.0280
1790754298109493373,23.833,odom,"ideal odometry /chassis/odom (IsaacComputeOdometry, relative to Play start)",-5.3760,-0.1661,2.9648,0.3796,0.0262
1790754298140871762,23.850,odom,"ideal odometry /chassis/odom (IsaacComputeOdometry, relative to Play start)",-5.3822,-0.1649,2.9643,0.3796,0.0272
1790754298191285937,23.867,odom,"ideal odometry /chassis/odom (IsaacComputeOdometry, relative to Play start)",-5.3885,-0.1638,2.9639,0.3795,0.0255
1790754298227440780,23.883,odom,"ideal odometry /chassis/odom (IsaacComputeOdometry, relative to Play start)",-5.3947,-0.1627,2.9635,0.3796,0.0265
1790754298279367327,23.900,odom,"ideal odometry /chassis/odom (IsaacComputeOdometry, relative to Play start)",-5.4007,-0.1616,2.9631,0.3580,0.0233
1790754298315954455,23.917,odom,"ideal odometry /chassis/odom (IsaacComputeOdometry, relative to Play start)",-5.4065,-0.1606,2.9627,0.3446,0.0243
1790754298365142284,23.933,odom,"ideal odometry /chassis/odom (IsaacComputeOdometry, relative to Play start)",-5.4121,-0.1596,2.9624,0.3399,0.0215
1790754298399013322,23.950,odom,"ideal odometry /chassis/odom (IsaacComputeOdometry, relative to Play start)",-5.4177,-0.1585,2.9620,0.3382,0.0226
1790754298449233741,23.967,odom,"ideal odometry /chassis/odom (IsaacComputeOdometry, relative to Play start)",-5.4232,-0.1575,2.9617,0.3377,0.0213
1790754298488519142,23.983,odom,"ideal odometry /chassis/odom (IsaacComputeOdometry, relative to Play start)",-5.4287,-0.1565,2.9613,0.3374,0.0218
1790754298538377727,24.000,odom,"ideal odometry /chassis/odom (IsaacComputeOdometry, relative to Play start)",-5.4343,-0.1555,2.9610,0.3374,0.0207
1790754298575255161,24.017,odom,"ideal odometry /chassis/odom (IsaacComputeOdometry, relative to Play start)",-5.4398,-0.1545,2.9607,0.3373,0.0212
1790754298642153115,24.033,odom,"ideal odometry /chassis/odom (IsaacComputeOdometry, relative to Play start)",-5.4454,-0.1535,2.9604,0.3374,0.0203
1790754298679077266,24.050,odom,"ideal odometry /chassis/odom (IsaacComputeOdometry, relative to Play start)",-5.4509,-0.1525,2.9601,0.3373,0.0210
1790754298728971594,24.067,odom,"ideal odometry /chassis/odom (IsaacComputeOdometry, relative to Play start)",-5.4564,-0.1514,2.9597,0.3374,0.0193
1790754298764754991,24.083,odom,"ideal odometry /chassis/odom (IsaacComputeOdometry, relative to Play start)",-5.4620,-0.1504,2.9594,0.3373,0.0199
1790754298813483891,24.100,odom,"ideal odometry /chassis/odom (IsaacComputeOdometry, relative to Play start)",-5.4673,-0.1494,2.9591,0.3159,0.0227
1790754298850061876,24.117,odom,"ideal odometry /chassis/odom (IsaacComputeOdometry, relative to Play start)",-5.4723,-0.1485,2.9587,0.3026,0.0181
1790754298905144762,24.133,odom,"ideal odometry /chassis/odom (IsaacComputeOdometry, relative to Play start)",-5.4773,-0.1476,2.9585,0.2979,0.0171
1790754298943186497,24.150,odom,"ideal odometry /chassis/odom (IsaacComputeOdometry, relative to Play start)",-5.4821,-0.1467,2.9582,0.2962,0.0176
1790754298991593622,24.167,odom,"ideal odometry /chassis/odom (IsaacComputeOdometry, relative to Play start)",-5.4870,-0.1458,2.9579,0.2956,0.0164
1790754299033139519,24.183,odom,"ideal odometry /chassis/odom (IsaacComputeOdometry, relative to Play start)",-5.4918,-0.1449,2.9577,0.2954,0.0171
1790754299083271473,24.200,odom,"ideal odometry /chassis/odom (IsaacComputeOdometry, relative to Play start)",-5.4967,-0.1440,2.9574,0.2954,0.0161
1790754299120367488,24.217,odom,"ideal odometry /chassis/odom (IsaacComputeOdometry, relative to Play start)",-5.5015,-0.1431,2.9572,0.2953,0.0165
1790754299172095467,24.233,odom,"ideal odometry /chassis/odom (IsaacComputeOdometry, relative to Play start)",-5.5064,-0.1422,2.9569,0.2953,0.0154
1790754299209854733,24.250,odom,"ideal odometry /chassis/odom (IsaacComputeOdometry, relative to Play start)",-5.5112,-0.1413,2.9567,0.2953,0.0163
1790754299259143786,24.267,odom,"ideal odometry /chassis/odom (IsaacComputeOdometry, relative to Play start)",-5.5161,-0.1404,2.9564,0.2953,0.0149
1790754299314444316,24.283,odom,"ideal odometry /chassis/odom (IsaacComputeOdometry, relative to Play start)",-5.5209,-0.1395,2.9562,0.2953,0.0159
1790754299353267505,24.300,odom,"ideal odometry /chassis/odom (IsaacComputeOdometry, relative to Play start)",-5.5258,-0.1385,2.9560,0.2953,0.0146
1790754299393545438,24.317,odom,"ideal odometry /chassis/odom (IsaacComputeOdometry, relative to Play start)",-5.5304,-0.1377,2.9558,0.2737,0.0052
1790754299446056748,24.333,odom,"ideal odometry /chassis/odom (IsaacComputeOdometry, relative to Play start)",-5.5347,-0.1368,2.9559,0.2604,0.0063
1790754299484619046,24.350,odom,"ideal odometry /chassis/odom (IsaacComputeOdometry, relative to Play start)",-5.5390,-0.1361,2.9562,0.2558,0.0167
1790754299537677936,24.367,odom,"ideal odometry /chassis/odom (IsaacComputeOdometry, relative to Play start)",-5.5432,-0.1353,2.9566,0.2541,0.0134
1790754299581324943,24.383,odom,"ideal odometry /chassis/odom (IsaacComputeOdometry, relative to Play start)",-5.5473,-0.1345,2.9568,0.2535,0.0066
1790754299631299949,24.400,odom,"ideal odometry /chassis/odom (IsaacComputeOdometry, relative to Play start)",-5.5515,-0.1337,2.9569,0.2533,0.0019
1790754299674393745,24.417,odom,"ideal odometry /chassis/odom (IsaacComputeOdometry, relative to Play start)",-5.5556,-0.1329,2.9570,0.2533,0.0025
1790754299724695124,24.433,odom,"ideal odometry /chassis/odom (IsaacComputeOdometry, relative to Play start)",-5.5598,-0.1322,2.9571,0.2532,0.0030
1790754299762656368,24.450,odom,"ideal odometry /chassis/odom (IsaacComputeOdometry, relative to Play start)",-5.5639,-0.1314,2.9572,0.2533,0.0036
1790754299812216724,24.467,odom,"ideal odometry /chassis/odom (IsaacComputeOdometry, relative to Play start)",-5.5681,-0.1306,2.9572,0.2532,0.0040
1790754299848420493,24.483,odom,"ideal odometry /chassis/odom (IsaacComputeOdometry, relative to Play start)",-5.5723,-0.1298,2.9574,0.2533,0.0048
1790754299899814032,24.500,odom,"ideal odometry /chassis/odom (IsaacComputeOdometry, relative to Play start)",-5.5764,-0.1291,2.9575,0.2532,0.0050
1790754299937377137,24.517,odom,"ideal odometry /chassis/odom (IsaacComputeOdometry, relative to Play start)",-5.5806,-0.1283,2.9576,0.2533,0.0056
1790754299998269054,24.533,odom,"ideal odometry /chassis/odom (IsaacComputeOdometry, relative to Play start)",-5.5847,-0.1275,2.9577,0.2532,0.0061
1790754300047134451,24.550,odom,"ideal odometry /chassis/odom (IsaacComputeOdometry, relative to Play start)",-5.5889,-0.1268,2.9579,0.2533,0.0065
1790754300087469047,24.567,odom,"ideal odometry /chassis/odom (IsaacComputeOdometry, relative to Play start)",-5.5928,-0.1260,2.9582,0.2317,0.0172
1790754300125741747,24.583,odom,"ideal odometry /chassis/odom (IsaacComputeOdometry, relative to Play start)",-5.5965,-0.1253,2.9586,0.2187,0.0278
1790754300177502091,24.600,odom,"ideal odometry /chassis/odom (IsaacComputeOdometry, relative to Play start)",-5.6001,-0.1247,2.9593,0.2141,0.0379
1790754300216030523,24.617,odom,"ideal odometry /chassis/odom (IsaacComputeOdometry, relative to Play start)",-5.6036,-0.1240,2.9601,0.2126,0.0435
1790754300267356704,24.633,odom,"ideal odometry /chassis/odom (IsaacComputeOdometry, relative to Play start)",-5.6070,-0.1234,2.9610,0.2121,0.0443
1790754300309832655,24.650,odom,"ideal odometry /chassis/odom (IsaacComputeOdometry, relative to Play start)",-5.6105,-0.1228,2.9620,0.2121,0.0484
1790754300362054366,24.667,odom,"ideal odometry /chassis/odom (IsaacComputeOdometry, relative to Play start)",-5.6140,-0.1222,2.9628,0.2117,0.0406
1790754300403208504,24.683,odom,"ideal odometry /chassis/odom (IsaacComputeOdometry, relative to Play start)",-5.6175,-0.1215,2.9635,0.2116,0.0346
1790754300458341861,24.700,odom,"ideal odometry /chassis/odom (IsaacComputeOdometry, relative to Play start)",-5.6209,-0.1209,2.9640,0.2114,0.0264
1790754300497723514,24.717,odom,"ideal odometry /chassis/odom (IsaacComputeOdometry, relative to Play start)",-5.6244,-0.1203,2.9645,0.2113,0.0261
1790754300547724600,24.733,odom,"ideal odometry /chassis/odom (IsaacComputeOdometry, relative to Play start)",-5.6279,-0.1197,2.9649,0.2112,0.0262
1790754300588238095,24.750,odom,"ideal odometry /chassis/odom (IsaacComputeOdometry, relative to Play start)",-5.6314,-0.1191,2.9654,0.2112,0.0274
1790754300634434726,24.767,odom,"ideal odometry /chassis/odom (IsaacComputeOdometry, relative to Play start)",-5.6348,-0.1184,2.9659,0.2112,0.0266
1790754300687082813,24.783,odom,"ideal odometry /chassis/odom (IsaacComputeOdometry, relative to Play start)",-5.6383,-0.1178,2.9663,0.2112,0.0276
1790754300727383262,24.800,odom,"ideal odometry /chassis/odom (IsaacComputeOdometry, relative to Play start)",-5.6418,-0.1172,2.9668,0.2112,0.0273
1790754300775917596,24.817,odom,"ideal odometry /chassis/odom (IsaacComputeOdometry, relative to Play start)",-5.6453,-0.1166,2.9672,0.2112,0.0283
1790754300821207158,24.833,odom,"ideal odometry /chassis/odom (IsaacComputeOdometry, relative to Play start)",-5.6487,-0.1160,2.9677,0.2112,0.0277
1790754300859456592,24.850,odom,"ideal odometry /chassis/odom (IsaacComputeOdometry, relative to Play start)",-5.6522,-0.1154,2.9682,0.2112,0.0287
1790754300909967078,24.867,odom,"ideal odometry /chassis/odom (IsaacComputeOdometry, relative to Play start)",-5.6557,-0.1148,2.9687,0.2112,0.0281
1790754300945895508,24.883,odom,"ideal odometry /chassis/odom (IsaacComputeOdometry, relative to Play start)",-5.6591,-0.1142,2.9692,0.2112,0.0292
1790754300994920010,24.900,odom,"ideal odometry /chassis/odom (IsaacComputeOdometry, relative to Play start)",-5.6624,-0.1136,2.9698,0.1899,0.0354
1790754301033997899,24.917,odom,"ideal odometry /chassis/odom (IsaacComputeOdometry, relative to Play start)",-5.6654,-0.1131,2.9705,0.1769,0.0413
1790754301085592290,24.933,odom,"ideal odometry /chassis/odom (IsaacComputeOdometry, relative to Play start)",-5.6683,-0.1126,2.9713,0.1723,0.0466
1790754301127051129,24.950,odom,"ideal odometry /chassis/odom (IsaacComputeOdometry, relative to Play start)",-5.6711,-0.1121,2.9722,0.1705,0.0600
1790754301176633720,24.967,odom,"ideal odometry /chassis/odom (IsaacComputeOdometry, relative to Play start)",-5.6739,-0.1116,2.9732,0.1704,0.0557
1790754301218443885,24.983,odom,"ideal odometry /chassis/odom (IsaacComputeOdometry, relative to Play start)",-5.6767,-0.1112,2.9742,0.1702,0.0671
1790754301290984448,25.000,odom,"ideal odometry /chassis/odom (IsaacComputeOdometry, relative to Play start)",-5.6795,-0.1107,2.9754,0.1703,0.0757
1790754301334255174,25.017,odom,"ideal odometry /chassis/odom (IsaacComputeOdometry, relative to Play start)",-5.6823,-0.1102,2.9769,0.1702,0.0878
1790754301415216403,25.033,odom,"ideal odometry /chassis/odom (IsaacComputeOdometry, relative to Play start)",-5.6851,-0.1098,2.9782,0.1704,0.0854
1790754301452874446,25.050,odom,"ideal odometry /chassis/odom (IsaacComputeOdometry, relative to Play start)",-5.6879,-0.1093,2.9796,0.1712,0.0632
1790754301506686460,25.067,odom,"ideal odometry /chassis/odom (IsaacComputeOdometry, relative to Play start)",-5.6907,-0.1089,2.9805,0.1700,0.0520
1790754301545043404,25.083,odom,"ideal odometry /chassis/odom (IsaacComputeOdometry, relative to Play start)",-5.6935,-0.1084,2.9813,0.1697,0.0473
1790754301596451952,25.100,odom,"ideal odometry /chassis/odom (IsaacComputeOdometry, relative to Play start)",-5.6963,-0.1080,2.9821,0.1691,0.0430
1790754301632611348,25.117,odom,"ideal odometry /chassis/odom (IsaacComputeOdometry, relative to Play start)",-5.6991,-0.1075,2.9828,0.1691,0.0471
1790754301685321445,25.133,odom,"ideal odometry /chassis/odom (IsaacComputeOdometry, relative to Play start)",-5.7019,-0.1071,2.9836,0.1690,0.0467
1790754301720568799,25.150,odom,"ideal odometry /chassis/odom (IsaacComputeOdometry, relative to Play start)",-5.7046,-0.1066,2.9844,0.1688,0.0466
1790754301775867828,25.167,odom,"ideal odometry /chassis/odom (IsaacComputeOdometry, relative to Play start)",-5.7074,-0.1062,2.9851,0.1690,0.0463
1790754301813766875,25.183,odom,"ideal odometry /chassis/odom (IsaacComputeOdometry, relative to Play start)",-5.7102,-0.1058,2.9859,0.1690,0.0483
1790754301862880874,25.200,odom,"ideal odometry /chassis/odom (IsaacComputeOdometry, relative to Play start)",-5.7130,-0.1053,2.9867,0.1688,0.0461
1790754301904446941,25.217,odom,"ideal odometry /chassis/odom (IsaacComputeOdometry, relative to Play start)",-5.7158,-0.1049,2.9875,0.1689,0.0466
1790754301956530467,25.233,odom,"ideal odometry /chassis/odom (IsaacComputeOdometry, relative to Play start)",-5.7186,-0.1045,2.9883,0.1690,0.0477
1790754301992727106,25.250,odom,"ideal odometry /chassis/odom (IsaacComputeOdometry, relative to Play start)",-5.7214,-0.1040,2.9891,0.1687,0.0490
1790754302044832209,25.267,odom,"ideal odometry /chassis/odom (IsaacComputeOdometry, relative to Play start)",-5.7241,-0.1036,2.9898,0.1689,0.0463
1790754302093391591,25.283,odom,"ideal odometry /chassis/odom (IsaacComputeOdometry, relative to Play start)",-5.7269,-0.1032,2.9906,0.1690,0.0486
1790754302136246448,25.300,odom,"ideal odometry /chassis/odom (IsaacComputeOdometry, relative to Play start)",-5.7295,-0.1028,2.9915,0.1478,0.0504
1790754302169186964,25.317,odom,"ideal odometry /chassis/odom (IsaacComputeOdometry, relative to Play start)",-5.7318,-0.1025,2.9924,0.1351,0.0537
1790754302228153482,25.333,odom,"ideal odometry /chassis/odom (IsaacComputeOdometry, relative to Play start)",-5.7340,-0.1021,2.9934,0.1309,0.0601
1790754302272680446,25.350,odom,"ideal odometry /chassis/odom (IsaacComputeOdometry, relative to Play start)",-5.7362,-0.1018,2.9945,0.1292,0.0688
1790754302321138229,25.367,odom,"ideal odometry /chassis/odom (IsaacComputeOdometry, relative to Play start)",-5.7383,-0.1015,2.9956,0.1292,0.0608
1790754302361067463,25.383,odom,"ideal odometry /chassis/odom (IsaacComputeOdometry, relative to Play start)",-5.7404,-0.1012,2.9967,0.1289,0.0723
1790754302412337451,25.400,odom,"ideal odometry /chassis/odom (IsaacComputeOdometry, relative to Play start)",-5.7425,-0.1009,2.9979,0.1288,0.0642
1790754302447825996,25.417,odom,"ideal odometry /chassis/odom (IsaacComputeOdometry, relative to Play start)",-5.7447,-0.1006,2.9991,0.1286,0.0736
1790754302498254678,25.433,odom,"ideal odometry /chassis/odom (IsaacComputeOdometry, relative to Play start)",-5.7468,-0.1003,3.0003,0.1297,0.0627
1790754302535999028,25.450,odom,"ideal odometry /chassis/odom (IsaacComputeOdometry, relative to Play start)",-5.7489,-0.1000,3.0015,0.1295,0.0891
1790754302589454275,25.467,odom,"ideal odometry /chassis/odom (IsaacComputeOdometry, relative to Play start)",-5.7508,-0.0997,3.0029,0.1084,0.0823
1790754302628620441,25.483,odom,"ideal odometry /chassis/odom (IsaacComputeOdometry, relative to Play start)",-5.7523,-0.0995,3.0042,0.0794,0.0620
1790754302674046031,25.500,odom,"ideal odometry /chassis/odom (IsaacComputeOdometry, relative to Play start)",-5.7533,-0.0994,3.0049,0.0470,0.0399
1790754302713318298,25.517,odom,"ideal odometry /chassis/odom (IsaacComputeOdometry, relative to Play start)",-5.7538,-0.0993,3.0054,0.0178,0.0181
1790754302772575353,25.533,odom,"ideal odometry /chassis/odom (IsaacComputeOdometry, relative to Play start)",-5.7540,-0.0993,3.0055,0.0071,0.0048
1790754302807923274,25.550,odom,"ideal odometry /chassis/odom (IsaacComputeOdometry, relative to Play start)",-5.7541,-0.0993,3.0054,0.0027,0.0015
1790754302859257054,25.567,odom,"ideal odometry /chassis/odom (IsaacComputeOdometry, relative to Play start)",-5.7541,-0.0993,3.0054,0.0013,0.0026
1790754302897636981,25.583,odom,"ideal odometry /chassis/odom (IsaacComputeOdometry, relative to Play start)",-5.7542,-0.0993,3.0054,0.0008,0.0005
1790754302949775575,25.600,odom,"ideal odometry /chassis/odom (IsaacComputeOdometry, relative to Play start)",-5.7542,-0.0993,3.0054,0.0006,0.0002
1790754302987531183,25.617,odom,"ideal odometry /chassis/odom (IsaacComputeOdometry, relative to Play start)",-5.7542,-0.0993,3.0054,0.0006,0.0009
1790754303037084598,25.633,odom,"ideal odometry /chassis/odom (IsaacComputeOdometry, relative to Play start)",-5.7542,-0.0993,3.0054,0.0006,0.0004
1790754303074696017,25.650,odom,"ideal odometry /chassis/odom (IsaacComputeOdometry, relative to Play start)",-5.7542,-0.0993,3.0054,0.0006,0.0005
1790754303125630252,25.667,odom,"ideal odometry /chassis/odom (IsaacComputeOdometry, relative to Play start)",-5.7542,-0.0993,3.0054,0.0006,0.0002
1790754303162499617,25.683,odom,"ideal odometry /chassis/odom (IsaacComputeOdometry, relative to Play start)",-5.7543,-0.0993,3.0054,0.0006,0.0002
1790754303211463047,25.700,odom,"ideal odometry /chassis/odom (IsaacComputeOdometry, relative to Play start)",-5.7543,-0.0993,3.0054,0.0005,0.0003
1790754303245067190,25.717,odom,"ideal odometry /chassis/odom (IsaacComputeOdometry, relative to Play start)",-5.7543,-0.0993,3.0055,0.0006,0.0001
1790754303300816798,25.733,odom,"ideal odometry /chassis/odom (IsaacComputeOdometry, relative to Play start)",-5.7543,-0.0993,3.0055,0.0005,0.0002
1790754303336311723,25.750,odom,"ideal odometry /chassis/odom (IsaacComputeOdometry, relative to Play start)",-5.7543,-0.0993,3.0055,0.0005,0.0003
1790754303387371384,25.767,odom,"ideal odometry /chassis/odom (IsaacComputeOdometry, relative to Play start)",-5.7543,-0.0993,3.0055,0.0006,0.0002
1790754303433783126,25.783,odom,"ideal odometry /chassis/odom (IsaacComputeOdometry, relative to Play start)",-5.7543,-0.0993,3.0055,0.0006,0.0004
1790754303476688548,25.800,odom,"ideal odometry /chassis/odom (IsaacComputeOdometry, relative to Play start)",-5.7544,-0.0993,3.0055,0.0006,0.0000
1790754303515510518,25.817,odom,"ideal odometry /chassis/odom (IsaacComputeOdometry, relative to Play start)",-5.7544,-0.0992,3.0055,0.0006,0.0005
1790754303565352405,25.833,odom,"ideal odometry /chassis/odom (IsaacComputeOdometry, relative to Play start)",-5.7544,-0.0992,3.0055,0.0006,0.0002
1790754303600832976,25.850,odom,"ideal odometry /chassis/odom (IsaacComputeOdometry, relative to Play start)",-5.7544,-0.0992,3.0055,0.0006,0.0002
1790754303651166344,25.867,odom,"ideal odometry /chassis/odom (IsaacComputeOdometry, relative to Play start)",-5.7544,-0.0992,3.0055,0.0006,0.0005
1790754303685049108,25.883,odom,"ideal odometry /chassis/odom (IsaacComputeOdometry, relative to Play start)",-5.7545,-0.0992,3.0055,0.0006,0.0001
1790754303733921260,25.900,odom,"ideal odometry /chassis/odom (IsaacComputeOdometry, relative to Play start)",-5.7545,-0.0992,3.0055,0.0006,0.0004
1790754303772991550,25.917,odom,"ideal odometry /chassis/odom (IsaacComputeOdometry, relative to Play start)",-5.7545,-0.0992,3.0055,0.0006,0.0002
1790754303823399217,25.933,odom,"ideal odometry /chassis/odom (IsaacComputeOdometry, relative to Play start)",-5.7545,-0.0992,3.0055,0.0006,0.0002
1790754303861653155,25.950,odom,"ideal odometry /chassis/odom (IsaacComputeOdometry, relative to Play start)",-5.7545,-0.0992,3.0056,0.0006,0.0004
1790754303911775540,25.967,odom,"ideal odometry /chassis/odom (IsaacComputeOdometry, relative to Play start)",-5.7545,-0.0992,3.0056,0.0006,0.0003
1790754303950076665,25.983,odom,"ideal odometry /chassis/odom (IsaacComputeOdometry, relative to Play start)",-5.7546,-0.0992,3.0056,0.0006,0.0003
1790754303999447709,26.000,odom,"ideal odometry /chassis/odom (IsaacComputeOdometry, relative to Play start)",-5.7546,-0.0992,3.0056,0.0006,0.0002
1790754304037188589,26.017,odom,"ideal odometry /chassis/odom (IsaacComputeOdometry, relative to Play start)",-5.7546,-0.0992,3.0056,0.0006,0.0002
1790754304107095096,26.033,odom,"ideal odometry /chassis/odom (IsaacComputeOdometry, relative to Play start)",-5.7546,-0.0992,3.0056,0.0006,0.0003
1790754304144840854,26.050,odom,"ideal odometry /chassis/odom (IsaacComputeOdometry, relative to Play start)",-5.7546,-0.0992,3.0056,0.0006,0.0003
1790754304195872184,26.067,odom,"ideal odometry /chassis/odom (IsaacComputeOdometry, relative to Play start)",-5.7546,-0.0992,3.0056,0.0006,0.0001
1790754304229569200,26.083,odom,"ideal odometry /chassis/odom (IsaacComputeOdometry, relative to Play start)",-5.7547,-0.0992,3.0056,0.0006,0.0002
1790754304279997037,26.100,odom,"ideal odometry /chassis/odom (IsaacComputeOdometry, relative to Play start)",-5.7547,-0.0992,3.0056,0.0006,0.0002
1790754304322761741,26.117,odom,"ideal odometry /chassis/odom (IsaacComputeOdometry, relative to Play start)",-5.7547,-0.0992,3.0056,0.0006,0.0003
1790754304370950753,26.133,odom,"ideal odometry /chassis/odom (IsaacComputeOdometry, relative to Play start)",-5.7547,-0.0992,3.0056,0.0006,0.0001
1790754304412598155,26.150,odom,"ideal odometry /chassis/odom (IsaacComputeOdometry, relative to Play start)",-5.7547,-0.0992,3.0056,0.0006,0.0002
1790754304462442950,26.167,odom,"ideal odometry /chassis/odom (IsaacComputeOdometry, relative to Play start)",-5.7547,-0.0992,3.0057,0.0006,0.0003
1790754304495486002,26.183,odom,"ideal odometry /chassis/odom (IsaacComputeOdometry, relative to Play start)",-5.7548,-0.0992,3.0057,0.0006,0.0001
1790754304544178878,26.200,odom,"ideal odometry /chassis/odom (IsaacComputeOdometry, relative to Play start)",-5.7548,-0.0992,3.0057,0.0006,0.0003
1790754304583168490,26.217,odom,"ideal odometry /chassis/odom (IsaacComputeOdometry, relative to Play start)",-5.7548,-0.0992,3.0057,0.0006,0.0001
1790754304637193364,26.233,odom,"ideal odometry /chassis/odom (IsaacComputeOdometry, relative to Play start)",-5.7548,-0.0992,3.0057,0.0006,0.0002
1790754304672966629,26.250,odom,"ideal odometry /chassis/odom (IsaacComputeOdometry, relative to Play start)",-5.7548,-0.0992,3.0057,0.0006,0.0002
1790754304731451891,26.267,odom,"ideal odometry /chassis/odom (IsaacComputeOdometry, relative to Play start)",-5.7548,-0.0992,3.0057,0.0006,0.0004
1790754304777399545,26.283,odom,"ideal odometry /chassis/odom (IsaacComputeOdometry, relative to Play start)",-5.7548,-0.0992,3.0057,0.0006,0.0003
1790754304821613176,26.300,odom,"ideal odometry /chassis/odom (IsaacComputeOdometry, relative to Play start)",-5.7549,-0.0992,3.0057,0.0006,0.0002
1790754304859037534,26.317,odom,"ideal odometry /chassis/odom (IsaacComputeOdometry, relative to Play start)",-5.7549,-0.0992,3.0057,0.0006,0.0004
1790754304915406959,26.333,odom,"ideal odometry /chassis/odom (IsaacComputeOdometry, relative to Play start)",-5.7549,-0.0992,3.0057,0.0006,0.0002
1790754304949702496,26.350,odom,"ideal odometry /chassis/odom (IsaacComputeOdometry, relative to Play start)",-5.7549,-0.0992,3.0057,0.0006,0.0003
1790754305007033588,26.367,odom,"ideal odometry /chassis/odom (IsaacComputeOdometry, relative to Play start)",-5.7549,-0.0992,3.0057,0.0006,0.0002
1790754305046339722,26.383,odom,"ideal odometry /chassis/odom (IsaacComputeOdometry, relative to Play start)",-5.7549,-0.0992,3.0057,0.0006,0.0004
1790754305095962276,26.400,odom,"ideal odometry /chassis/odom (IsaacComputeOdometry, relative to Play start)",-5.7550,-0.0992,3.0058,0.0006,0.0003
1790754305137484345,26.417,odom,"ideal odometry /chassis/odom (IsaacComputeOdometry, relative to Play start)",-5.7550,-0.0992,3.0058,0.0006,0.0002
1790754305187279608,26.433,odom,"ideal odometry /chassis/odom (IsaacComputeOdometry, relative to Play start)",-5.7550,-0.0992,3.0058,0.0006,0.0003
1790754305221042761,26.450,odom,"ideal odometry /chassis/odom (IsaacComputeOdometry, relative to Play start)",-5.7550,-0.0992,3.0058,0.0006,0.0004
1790754305275391005,26.467,odom,"ideal odometry /chassis/odom (IsaacComputeOdometry, relative to Play start)",-5.7550,-0.0992,3.0058,0.0006,0.0002
1790754305309180801,26.483,odom,"ideal odometry /chassis/odom (IsaacComputeOdometry, relative to Play start)",-5.7550,-0.0992,3.0058,0.0006,0.0003
1790754305358818647,26.500,odom,"ideal odometry /chassis/odom (IsaacComputeOdometry, relative to Play start)",-5.7551,-0.0992,3.0058,0.0006,0.0002
1790754305396922673,26.517,odom,"ideal odometry /chassis/odom (IsaacComputeOdometry, relative to Play start)",-5.7551,-0.0992,3.0058,0.0006,0.0003
1790754305458436283,26.533,odom,"ideal odometry /chassis/odom (IsaacComputeOdometry, relative to Play start)",-5.7551,-0.0992,3.0058,0.0006,0.0003
1790754305494247354,26.550,odom,"ideal odometry /chassis/odom (IsaacComputeOdometry, relative to Play start)",-5.7551,-0.0992,3.0058,0.0006,0.0003
1790754305543655829,26.567,odom,"ideal odometry /chassis/odom (IsaacComputeOdometry, relative to Play start)",-5.7551,-0.0991,3.0058,0.0006,0.0002
1790754305581870647,26.583,odom,"ideal odometry /chassis/odom (IsaacComputeOdometry, relative to Play start)",-5.7551,-0.0991,3.0058,0.0006,0.0004
1790754305630419241,26.600,odom,"ideal odometry /chassis/odom (IsaacComputeOdometry, relative to Play start)",-5.7552,-0.0991,3.0059,0.0006,0.0007
1790754305666088093,26.617,odom,"ideal odometry /chassis/odom (IsaacComputeOdometry, relative to Play start)",-5.7552,-0.0991,3.0059,0.0007,0.0000
1790754305718291605,26.633,odom,"ideal odometry /chassis/odom (IsaacComputeOdometry, relative to Play start)",-5.7552,-0.0991,3.0059,0.0006,0.0006
1790754305751558399,26.650,odom,"ideal odometry /chassis/odom (IsaacComputeOdometry, relative to Play start)",-5.7552,-0.0991,3.0059,0.0007,0.0002
1790754305803414337,26.667,odom,"ideal odometry /chassis/odom (IsaacComputeOdometry, relative to Play start)",-5.7552,-0.0991,3.0059,0.0006,0.0003
1790754305834002609,26.683,odom,"ideal odometry /chassis/odom (IsaacComputeOdometry, relative to Play start)",-5.7552,-0.0991,3.0059,0.0006,0.0006
1790754305890149605,26.700,odom,"ideal odometry /chassis/odom (IsaacComputeOdometry, relative to Play start)",-5.7553,-0.0991,3.0059,0.0006,0.0003
1790754305920455784,26.717,odom,"ideal odometry /chassis/odom (IsaacComputeOdometry, relative to Play start)",-5.7553,-0.0991,3.0059,0.0006,0.0003
1790754305980882018,26.733,odom,"ideal odometry /chassis/odom (IsaacComputeOdometry, relative to Play start)",-5.7553,-0.0991,3.0059,0.0006,0.0004
1790754306016716730,26.750,odom,"ideal odometry /chassis/odom (IsaacComputeOdometry, relative to Play start)",-5.7553,-0.0991,3.0059,0.0006,0.0002
1790754306069396901,26.767,odom,"ideal odometry /chassis/odom (IsaacComputeOdometry, relative to Play start)",-5.7553,-0.0991,3.0059,0.0006,0.0004
1790754306114302115,26.783,odom,"ideal odometry /chassis/odom (IsaacComputeOdometry, relative to Play start)",-5.7553,-0.0991,3.0059,0.0006,0.0004
1790754306154733994,26.800,odom,"ideal odometry /chassis/odom (IsaacComputeOdometry, relative to Play start)",-5.7554,-0.0991,3.0059,0.0006,0.0004
1790754306192895902,26.817,odom,"ideal odometry /chassis/odom (IsaacComputeOdometry, relative to Play start)",-5.7554,-0.0991,3.0059,0.0006,0.0004
1790754306245554778,26.833,odom,"ideal odometry /chassis/odom (IsaacComputeOdometry, relative to Play start)",-5.7554,-0.0991,3.0060,0.0006,0.0003
1790754306278261420,26.850,odom,"ideal odometry /chassis/odom (IsaacComputeOdometry, relative to Play start)",-5.7554,-0.0991,3.0060,0.0006,0.0004
1790754306329631970,26.867,odom,"ideal odometry /chassis/odom (IsaacComputeOdometry, relative to Play start)",-5.7554,-0.0991,3.0060,0.0006,0.0004
1790754306364464039,26.883,odom,"ideal odometry /chassis/odom (IsaacComputeOdometry, relative to Play start)",-5.7555,-0.0991,3.0060,0.0006,0.0002
1790754306414140550,26.900,odom,"ideal odometry /chassis/odom (IsaacComputeOdometry, relative to Play start)",-5.7555,-0.0991,3.0060,0.0006,0.0004
1790754306448776766,26.917,odom,"ideal odometry /chassis/odom (IsaacComputeOdometry, relative to Play start)",-5.7555,-0.0991,3.0060,0.0006,0.0004
1790754306505432025,26.933,odom,"ideal odometry /chassis/odom (IsaacComputeOdometry, relative to Play start)",-5.7555,-0.0991,3.0060,0.0006,0.0003
1790754306542553788,26.950,odom,"ideal odometry /chassis/odom (IsaacComputeOdometry, relative to Play start)",-5.7555,-0.0991,3.0060,0.0006,0.0005
1790754306594122724,26.967,odom,"ideal odometry /chassis/odom (IsaacComputeOdometry, relative to Play start)",-5.7555,-0.0991,3.0060,0.0006,0.0003
1790754306632623281,26.983,odom,"ideal odometry /chassis/odom (IsaacComputeOdometry, relative to Play start)",-5.7556,-0.0991,3.0060,0.0006,0.0003
1790754306683813337,27.000,odom,"ideal odometry /chassis/odom (IsaacComputeOdometry, relative to Play start)",-5.7556,-0.0991,3.0060,0.0006,0.0003
1790754306717847473,27.017,odom,"ideal odometry /chassis/odom (IsaacComputeOdometry, relative to Play start)",-5.7556,-0.0991,3.0060,0.0006,0.0003
1790754306779967370,27.033,odom,"ideal odometry /chassis/odom (IsaacComputeOdometry, relative to Play start)",-5.7556,-0.0991,3.0060,0.0006,0.0004
1790754306816762774,27.050,odom,"ideal odometry /chassis/odom (IsaacComputeOdometry, relative to Play start)",-5.7556,-0.0991,3.0061,0.0006,0.0003
1790754306870289388,27.067,odom,"ideal odometry /chassis/odom (IsaacComputeOdometry, relative to Play start)",-5.7556,-0.0991,3.0061,0.0006,0.0003
1790754306906258477,27.083,odom,"ideal odometry /chassis/odom (IsaacComputeOdometry, relative to Play start)",-5.7557,-0.0991,3.0061,0.0006,0.0004
1790754306956106324,27.100,odom,"ideal odometry /chassis/odom (IsaacComputeOdometry, relative to Play start)",-5.7557,-0.0991,3.0061,0.0006,0.0005
1790754306993832335,27.117,odom,"ideal odometry /chassis/odom (IsaacComputeOdometry, relative to Play start)",-5.7557,-0.0991,3.0061,0.0006,0.0004
1790754307047854380,27.133,odom,"ideal odometry /chassis/odom (IsaacComputeOdometry, relative to Play start)",-5.7557,-0.0991,3.0061,0.0006,0.0003
1790754307079746301,27.150,odom,"ideal odometry /chassis/odom (IsaacComputeOdometry, relative to Play start)",-5.7557,-0.0991,3.0061,0.0006,0.0003
1790754307130215936,27.167,odom,"ideal odometry /chassis/odom (IsaacComputeOdometry, relative to Play start)",-5.7557,-0.0991,3.0061,0.0006,0.0005
1790754307167189088,27.183,odom,"ideal odometry /chassis/odom (IsaacComputeOdometry, relative to Play start)",-5.7558,-0.0991,3.0061,0.0006,0.0002
1790754307224537893,27.200,odom,"ideal odometry /chassis/odom (IsaacComputeOdometry, relative to Play start)",-5.7558,-0.0991,3.0061,0.0006,0.0003
1790754307263101346,27.217,odom,"ideal odometry /chassis/odom (IsaacComputeOdometry, relative to Play start)",-5.7558,-0.0991,3.0061,0.0006,0.0003
1790754307318177714,27.233,odom,"ideal odometry /chassis/odom (IsaacComputeOdometry, relative to Play start)",-5.7558,-0.0991,3.0061,0.0006,0.0004
1790754307355309000,27.250,odom,"ideal odometry /chassis/odom (IsaacComputeOdometry, relative to Play start)",-5.7558,-0.0991,3.0061,0.0006,0.0003
1790754307413026220,27.267,odom,"ideal odometry /chassis/odom (IsaacComputeOdometry, relative to Play start)",-5.7558,-0.0991,3.0061,0.0006,0.0004
1790754307460825111,27.283,odom,"ideal odometry /chassis/odom (IsaacComputeOdometry, relative to Play start)",-5.7559,-0.0990,3.0062,0.0006,0.0002
1790754307501262035,27.300,odom,"ideal odometry /chassis/odom (IsaacComputeOdometry, relative to Play start)",-5.7559,-0.0990,3.0062,0.0006,0.0004
1790754307538592663,27.317,odom,"ideal odometry /chassis/odom (IsaacComputeOdometry, relative to Play start)",-5.7559,-0.0990,3.0062,0.0006,0.0004
1790754307591882123,27.333,odom,"ideal odometry /chassis/odom (IsaacComputeOdometry, relative to Play start)",-5.7559,-0.0990,3.0062,0.0006,0.0003
1790754307629050750,27.350,odom,"ideal odometry /chassis/odom (IsaacComputeOdometry, relative to Play start)",-5.7559,-0.0990,3.0062,0.0006,0.0004
1790754307680515772,27.367,odom,"ideal odometry /chassis/odom (IsaacComputeOdometry, relative to Play start)",-5.7559,-0.0990,3.0062,0.0006,0.0003
1790754307715338034,27.383,odom,"ideal odometry /chassis/odom (IsaacComputeOdometry, relative to Play start)",-5.7560,-0.0990,3.0062,0.0006,0.0003
1790754307767983359,27.400,odom,"ideal odometry /chassis/odom (IsaacComputeOdometry, relative to Play start)",-5.7560,-0.0990,3.0062,0.0006,0.0003
1790754307805074003,27.417,odom,"ideal odometry /chassis/odom (IsaacComputeOdometry, relative to Play start)",-5.7560,-0.0990,3.0062,0.0006,0.0005
1790754307861255331,27.433,odom,"ideal odometry /chassis/odom (IsaacComputeOdometry, relative to Play start)",-5.7560,-0.0990,3.0062,0.0006,0.0004
1790754307896413569,27.450,odom,"ideal odometry /chassis/odom (IsaacComputeOdometry, relative to Play start)",-5.7560,-0.0990,3.0062,0.0006,0.0005
1790754307948848802,27.467,odom,"ideal odometry /chassis/odom (IsaacComputeOdometry, relative to Play start)",-5.7560,-0.0990,3.0062,0.0006,0.0005
1790754307992233889,27.483,odom,"ideal odometry /chassis/odom (IsaacComputeOdometry, relative to Play start)",-5.7561,-0.0990,3.0062,0.0006,0.0003
1790754308041503985,27.500,odom,"ideal odometry /chassis/odom (IsaacComputeOdometry, relative to Play start)",-5.7561,-0.0990,3.0063,0.0006,0.0006
1790754308076911824,27.517,odom,"ideal odometry /chassis/odom (IsaacComputeOdometry, relative to Play start)",-5.7561,-0.0990,3.0063,0.0006,0.0004
1790754308139548651,27.533,odom,"ideal odometry /chassis/odom (IsaacComputeOdometry, relative to Play start)",-5.7561,-0.0990,3.0063,0.0006,0.0005
1790754308173534037,27.550,odom,"ideal odometry /chassis/odom (IsaacComputeOdometry, relative to Play start)",-5.7561,-0.0990,3.0063,0.0006,0.0004
1790754308226834435,27.567,odom,"ideal odometry /chassis/odom (IsaacComputeOdometry, relative to Play start)",-5.7561,-0.0990,3.0063,0.0006,0.0004
1790754308264355258,27.583,odom,"ideal odometry /chassis/odom (IsaacComputeOdometry, relative to Play start)",-5.7562,-0.0990,3.0063,0.0006,0.0004
1790754308312228359,27.600,odom,"ideal odometry /chassis/odom (IsaacComputeOdometry, relative to Play start)",-5.7562,-0.0990,3.0063,0.0006,0.0005
1790754308351088467,27.617,odom,"ideal odometry /chassis/odom (IsaacComputeOdometry, relative to Play start)",-5.7562,-0.0990,3.0063,0.0006,0.0004
1790754308403989994,27.633,odom,"ideal odometry /chassis/odom (IsaacComputeOdometry, relative to Play start)",-5.7562,-0.0990,3.0063,0.0006,0.0003
1790754308442105635,27.650,odom,"ideal odometry /chassis/odom (IsaacComputeOdometry, relative to Play start)",-5.7562,-0.0990,3.0063,0.0006,0.0003
1790754308489223238,27.667,odom,"ideal odometry /chassis/odom (IsaacComputeOdometry, relative to Play start)",-5.7562,-0.0990,3.0063,0.0006,0.0005
1790754308528524651,27.683,odom,"ideal odometry /chassis/odom (IsaacComputeOdometry, relative to Play start)",-5.7563,-0.0990,3.0063,0.0006,0.0003
1790754308581627499,27.700,odom,"ideal odometry /chassis/odom (IsaacComputeOdometry, relative to Play start)",-5.7563,-0.0990,3.0063,0.0006,0.0003
1790754308619586609,27.717,odom,"ideal odometry /chassis/odom (IsaacComputeOdometry, relative to Play start)",-5.7563,-0.0990,3.0063,0.0006,0.0005
1790754308669394381,27.733,odom,"ideal odometry /chassis/odom (IsaacComputeOdometry, relative to Play start)",-5.7563,-0.0990,3.0064,0.0006,0.0005
1790754308703528282,27.750,odom,"ideal odometry /chassis/odom (IsaacComputeOdometry, relative to Play start)",-5.7563,-0.0990,3.0064,0.0006,0.0004
1790754308755136445,27.767,odom,"ideal odometry /chassis/odom (IsaacComputeOdometry, relative to Play start)",-5.7563,-0.0990,3.0064,0.0006,0.0005
1790754308816178634,27.783,odom,"ideal odometry /chassis/odom (IsaacComputeOdometry, relative to Play start)",-5.7564,-0.0990,3.0064,0.0006,0.0004
1790754308858679036,27.800,odom,"ideal odometry /chassis/odom (IsaacComputeOdometry, relative to Play start)",-5.7564,-0.0990,3.0064,0.0006,0.0002
1790754308899417613,27.817,odom,"ideal odometry /chassis/odom (IsaacComputeOdometry, relative to Play start)",-5.7564,-0.0990,3.0064,0.0006,0.0006
1790754308953345363,27.833,odom,"ideal odometry /chassis/odom (IsaacComputeOdometry, relative to Play start)",-5.7564,-0.0990,3.0064,0.0006,0.0003
1790754263646603474,12.067,map,sim_state_odom_plus_spawn (independent of AMCL),-6.0133,-1.0000,3.1416,,
1790754263714065801,12.083,map,sim_state_odom_plus_spawn (independent of AMCL),-6.0133,-1.0000,3.1416,,
1790754263771203428,12.100,map,sim_state_odom_plus_spawn (independent of AMCL),-6.0133,-1.0000,3.1416,,
1790754263833602552,12.117,map,sim_state_odom_plus_spawn (independent of AMCL),-6.0134,-1.0000,3.1416,,
1790754263897547599,12.133,map,sim_state_odom_plus_spawn (independent of AMCL),-6.0134,-1.0000,3.1416,,
1790754263956034816,12.150,map,sim_state_odom_plus_spawn (independent of AMCL),-6.0134,-1.0000,3.1416,,
1790754264005292895,12.167,map,sim_state_odom_plus_spawn (independent of AMCL),-6.0134,-1.0000,3.1416,,
1790754264046863276,12.183,map,sim_state_odom_plus_spawn (independent of AMCL),-6.0134,-1.0000,3.1416,,
1790754264114089967,12.200,map,sim_state_odom_plus_spawn (independent of AMCL),-6.0134,-1.0000,3.1416,,
1790754264169589153,12.217,map,sim_state_odom_plus_spawn (independent of AMCL),-6.0135,-1.0000,3.1416,,
1790754264232089478,12.233,map,sim_state_odom_plus_spawn (independent of AMCL),-6.0135,-1.0000,3.1416,,
1790754264282527514,12.250,map,sim_state_odom_plus_spawn (independent of AMCL),-6.0135,-1.0000,3.1416,,
1790754264335993640,12.267,map,sim_state_odom_plus_spawn (independent of AMCL),-6.0135,-1.0000,3.1416,,
1790754264423729537,12.283,map,sim_state_odom_plus_spawn (independent of AMCL),-6.0135,-1.0000,3.1416,,
1790754264482029785,12.300,map,sim_state_odom_plus_spawn (independent of AMCL),-6.0136,-1.0000,3.1416,,
1790754264552507770,12.317,map,sim_state_odom_plus_spawn (independent of AMCL),-6.0136,-1.0000,3.1416,,
1790754264620494767,12.333,map,sim_state_odom_plus_spawn (independent of AMCL),-6.0136,-1.0000,3.1416,,
1790754264694728734,12.350,map,sim_state_odom_plus_spawn (independent of AMCL),-6.0136,-1.0000,3.1416,,
1790754264746379395,12.367,map,sim_state_odom_plus_spawn (independent of AMCL),-6.0136,-1.0000,3.1416,,
1790754264800007976,12.383,map,sim_state_odom_plus_spawn (independent of AMCL),-6.0137,-1.0000,3.1416,,
1790754264852347155,12.400,map,sim_state_odom_plus_spawn (independent of AMCL),-6.0137,-1.0000,3.1416,,
1790754264910554066,12.417,map,sim_state_odom_plus_spawn (independent of AMCL),-6.0137,-1.0000,3.1416,,
1790754264969997167,12.433,map,sim_state_odom_plus_spawn (independent of AMCL),-6.0137,-1.0000,3.1416,,
1790754265022193161,12.450,map,sim_state_odom_plus_spawn (independent of AMCL),-6.0137,-1.0000,3.1415,,
1790754265072394775,12.467,map,sim_state_odom_plus_spawn (independent of AMCL),-6.0137,-1.0000,3.1416,,
1790754265115181223,12.483,map,sim_state_odom_plus_spawn (independent of AMCL),-6.0138,-1.0000,3.1416,,
1790754265177291321,12.500,map,sim_state_odom_plus_spawn (independent of AMCL),-6.0138,-1.0000,3.1416,,
1790754265231745338,12.517,map,sim_state_odom_plus_spawn (independent of AMCL),-6.0138,-1.0000,3.1416,,
1790754265302886215,12.533,map,sim_state_odom_plus_spawn (independent of AMCL),-6.0138,-1.0000,3.1416,,
1790754265366916997,12.550,map,sim_state_odom_plus_spawn (independent of AMCL),-6.0138,-1.0000,3.1416,,
1790754265415768980,12.567,map,sim_state_odom_plus_spawn (independent of AMCL),-6.0139,-1.0000,3.1416,,
1790754265473487981,12.583,map,sim_state_odom_plus_spawn (independent of AMCL),-6.0139,-1.0000,3.1416,,
1790754265526491454,12.600,map,sim_state_odom_plus_spawn (independent of AMCL),-6.0139,-1.0000,3.1415,,
1790754265572801759,12.617,map,sim_state_odom_plus_spawn (independent of AMCL),-6.0139,-1.0000,3.1416,,
1790754265637196533,12.633,map,sim_state_odom_plus_spawn (independent of AMCL),-6.0139,-1.0000,3.1416,,
1790754265689144785,12.650,map,sim_state_odom_plus_spawn (independent of AMCL),-6.0139,-1.0000,3.1416,,
1790754265741320485,12.667,map,sim_state_odom_plus_spawn (independent of AMCL),-6.0140,-1.0000,3.1416,,
1790754265777557042,12.683,map,sim_state_odom_plus_spawn (independent of AMCL),-6.0140,-1.0000,3.1416,,
1790754265838170116,12.700,map,sim_state_odom_plus_spawn (independent of AMCL),-6.0140,-1.0000,3.1416,,
1790754265890251077,12.717,map,sim_state_odom_plus_spawn (independent of AMCL),-6.0140,-1.0000,3.1416,,
1790754265946864355,12.733,map,sim_state_odom_plus_spawn (independent of AMCL),-6.0140,-1.0000,3.1416,,
1790754265999778981,12.750,map,sim_state_odom_plus_spawn (independent of AMCL),-6.0141,-1.0000,3.1416,,
1790754266051929336,12.767,map,sim_state_odom_plus_spawn (independent of AMCL),-6.0141,-1.0000,3.1416,,
1790754266137003753,12.783,map,sim_state_odom_plus_spawn (independent of AMCL),-6.0141,-1.0000,3.1416,,
1790754266185507923,12.800,map,sim_state_odom_plus_spawn (independent of AMCL),-6.0141,-1.0000,3.1416,,
1790754266229842085,12.817,map,sim_state_odom_plus_spawn (independent of AMCL),-6.0141,-1.0000,3.1416,,
1790754266288621451,12.833,map,sim_state_odom_plus_spawn (independent of AMCL),-6.0141,-1.0000,3.1416,,
1790754266349816333,12.850,map,sim_state_odom_plus_spawn (independent of AMCL),-6.0142,-1.0000,3.1416,,
1790754266395877211,12.867,map,sim_state_odom_plus_spawn (independent of AMCL),-6.0142,-1.0000,3.1416,,
1790754266440428908,12.883,map,sim_state_odom_plus_spawn (independent of AMCL),-6.0142,-1.0000,3.1416,,
1790754266493760179,12.900,map,sim_state_odom_plus_spawn (independent of AMCL),-6.0142,-1.0000,3.1416,,
1790754266531133977,12.917,map,sim_state_odom_plus_spawn (independent of AMCL),-6.0142,-1.0000,3.1416,,
1790754266589880704,12.933,map,sim_state_odom_plus_spawn (independent of AMCL),-6.0143,-1.0000,3.1416,,
1790754266626510245,12.950,map,sim_state_odom_plus_spawn (independent of AMCL),-6.0143,-1.0000,3.1415,,
1790754266679703570,12.967,map,sim_state_odom_plus_spawn (independent of AMCL),-6.0143,-1.0000,3.1413,,
1790754266720261549,12.983,map,sim_state_odom_plus_spawn (independent of AMCL),-6.0143,-1.0000,3.1411,,
1790754266769366885,13.000,map,sim_state_odom_plus_spawn (independent of AMCL),-6.0143,-1.0000,3.1407,,
1790754266803535646,13.017,map,sim_state_odom_plus_spawn (independent of AMCL),-6.0144,-1.0000,3.1400,,
1790754266866220257,13.033,map,sim_state_odom_plus_spawn (independent of AMCL),-6.0144,-1.0000,3.1389,,
1790754266904832488,13.050,map,sim_state_odom_plus_spawn (independent of AMCL),-6.0144,-1.0000,3.1373,,
1790754266956770078,13.067,map,sim_state_odom_plus_spawn (independent of AMCL),-6.0144,-1.0000,3.1351,,
1790754267003291184,13.083,map,sim_state_odom_plus_spawn (independent of AMCL),-6.0144,-1.0000,3.1323,,
1790754267046199959,13.100,map,sim_state_odom_plus_spawn (independent of AMCL),-6.0145,-1.0000,3.1289,,
1790754267086130305,13.117,map,sim_state_odom_plus_spawn (independent of AMCL),-6.0145,-1.0000,3.1247,,
1790754267140314788,13.133,map,sim_state_odom_plus_spawn (independent of AMCL),-6.0146,-1.0000,3.1199,,
1790754267185036322,13.150,map,sim_state_odom_plus_spawn (independent of AMCL),-6.0146,-1.0000,3.1143,,
1790754267229001254,13.167,map,sim_state_odom_plus_spawn (independent of AMCL),-6.0147,-1.0000,3.1079,,
1790754267270118314,13.183,map,sim_state_odom_plus_spawn (independent of AMCL),-6.0148,-1.0000,3.1009,,
1790754267324176728,13.200,map,sim_state_odom_plus_spawn (independent of AMCL),-6.0148,-0.9999,3.0931,,
1790754267357947080,13.217,map,sim_state_odom_plus_spawn (independent of AMCL),-6.0150,-0.9999,3.0848,,
1790754267411711644,13.233,map,sim_state_odom_plus_spawn (independent of AMCL),-6.0151,-0.9999,3.0761,,
1790754267451064952,13.250,map,sim_state_odom_plus_spawn (independent of AMCL),-6.0152,-0.9999,3.0671,,
1790754267505489228,13.267,map,sim_state_odom_plus_spawn (independent of AMCL),-6.0154,-0.9999,3.0578,,
1790754267559473291,13.283,map,sim_state_odom_plus_spawn (independent of AMCL),-6.0155,-0.9999,3.0484,,
1790754267594694374,13.300,map,sim_state_odom_plus_spawn (independent of AMCL),-6.0157,-0.9999,3.0388,,
1790754267631018655,13.317,map,sim_state_odom_plus_spawn (independent of AMCL),-6.0159,-0.9998,3.0290,,
1790754267684317755,13.333,map,sim_state_odom_plus_spawn (independent of AMCL),-6.0161,-0.9998,3.0190,,
1790754267722152154,13.350,map,sim_state_odom_plus_spawn (independent of AMCL),-6.0163,-0.9998,3.0089,,
1790754267773742119,13.367,map,sim_state_odom_plus_spawn (independent of AMCL),-6.0165,-0.9998,2.9987,,
1790754267812525123,13.383,map,sim_state_odom_plus_spawn (independent of AMCL),-6.0167,-0.9997,2.9883,,
1790754267866369088,13.400,map,sim_state_odom_plus_spawn (independent of AMCL),-6.0169,-0.9997,2.9778,,
1790754267903416677,13.417,map,sim_state_odom_plus_spawn (independent of AMCL),-6.0171,-0.9996,2.9672,,
1790754267958165759,13.433,map,sim_state_odom_plus_spawn (independent of AMCL),-6.0173,-0.9996,2.9564,,
1790754267992493976,13.450,map,sim_state_odom_plus_spawn (independent of AMCL),-6.0175,-0.9995,2.9456,,
1790754268045580217,13.467,map,sim_state_odom_plus_spawn (independent of AMCL),-6.0177,-0.9995,2.9347,,
1790754268081887291,13.483,map,sim_state_odom_plus_spawn (independent of AMCL),-6.0179,-0.9994,2.9237,,
1790754268131789070,13.500,map,sim_state_odom_plus_spawn (independent of AMCL),-6.0181,-0.9994,2.9126,,
1790754268168790365,13.517,map,sim_state_odom_plus_spawn (independent of AMCL),-6.0182,-0.9994,2.9014,,
1790754268231458609,13.533,map,sim_state_odom_plus_spawn (independent of AMCL),-6.0184,-0.9993,2.8901,,
1790754268268798365,13.550,map,sim_state_odom_plus_spawn (independent of AMCL),-6.0185,-0.9993,2.8788,,
1790754268322201555,13.567,map,sim_state_odom_plus_spawn (independent of AMCL),-6.0186,-0.9993,2.8675,,
1790754268355883248,13.583,map,sim_state_odom_plus_spawn (independent of AMCL),-6.0186,-0.9992,2.8561,,
1790754268409247814,13.600,map,sim_state_odom_plus_spawn (independent of AMCL),-6.0187,-0.9992,2.8446,,
1790754268446488715,13.617,map,sim_state_odom_plus_spawn (independent of AMCL),-6.0187,-0.9992,2.8332,,
1790754268498811433,13.633,map,sim_state_odom_plus_spawn (independent of AMCL),-6.0187,-0.9992,2.8217,,
1790754268534498261,13.650,map,sim_state_odom_plus_spawn (independent of AMCL),-6.0186,-0.9992,2.8102,,
1790754268587524835,13.667,map,sim_state_odom_plus_spawn (independent of AMCL),-6.0186,-0.9993,2.7987,,
1790754268623007127,13.683,map,sim_state_odom_plus_spawn (independent of AMCL),-6.0185,-0.9993,2.7872,,
1790754268674922553,13.700,map,sim_state_odom_plus_spawn (independent of AMCL),-6.0184,-0.9993,2.7758,,
1790754268715329118,13.717,map,sim_state_odom_plus_spawn (independent of AMCL),-6.0183,-0.9994,2.7647,,
1790754268766013124,13.733,map,sim_state_odom_plus_spawn (independent of AMCL),-6.0182,-0.9994,2.7538,,
1790754268800815598,13.750,map,sim_state_odom_plus_spawn (independent of AMCL),-6.0180,-0.9995,2.7432,,
1790754268850895725,13.767,map,sim_state_odom_plus_spawn (independent of AMCL),-6.0179,-0.9995,2.7327,,
1790754268897710307,13.783,map,sim_state_odom_plus_spawn (independent of AMCL),-6.0178,-0.9996,2.7223,,
1790754268941113071,13.800,map,sim_state_odom_plus_spawn (independent of AMCL),-6.0176,-0.9996,2.7119,,
1790754268977817337,13.817,map,sim_state_odom_plus_spawn (independent of AMCL),-6.0175,-0.9997,2.7016,,
1790754269031323497,13.833,map,sim_state_odom_plus_spawn (independent of AMCL),-6.0173,-0.9998,2.6914,,
1790754269069998295,13.850,map,sim_state_odom_plus_spawn (independent of AMCL),-6.0172,-0.9999,2.6812,,
1790754269120029229,13.867,map,sim_state_odom_plus_spawn (independent of AMCL),-6.0170,-0.9999,2.6710,,
1790754269158821305,13.883,map,sim_state_odom_plus_spawn (independent of AMCL),-6.0168,-1.0000,2.6609,,
1790754269213719743,13.900,map,sim_state_odom_plus_spawn (independent of AMCL),-6.0167,-1.0001,2.6508,,
1790754269250024011,13.917,map,sim_state_odom_plus_spawn (independent of AMCL),-6.0165,-1.0002,2.6406,,
1790754269300664248,13.933,map,sim_state_odom_plus_spawn (independent of AMCL),-6.0163,-1.0003,2.6306,,
1790754269337802742,13.950,map,sim_state_odom_plus_spawn (independent of AMCL),-6.0162,-1.0004,2.6205,,
1790754269390125086,13.967,map,sim_state_odom_plus_spawn (independent of AMCL),-6.0160,-1.0005,2.6103,,
1790754269425788066,13.983,map,sim_state_odom_plus_spawn (independent of AMCL),-6.0158,-1.0006,2.5998,,
1790754269475356341,14.000,map,sim_state_odom_plus_spawn (independent of AMCL),-6.0156,-1.0007,2.5891,,
1790754269510532533,14.017,map,sim_state_odom_plus_spawn (independent of AMCL),-6.0155,-1.0008,2.5783,,
1790754269573579266,14.033,map,sim_state_odom_plus_spawn (independent of AMCL),-6.0153,-1.0009,2.5673,,
1790754269614985873,14.050,map,sim_state_odom_plus_spawn (independent of AMCL),-6.0151,-1.0011,2.5562,,
1790754269663151583,14.067,map,sim_state_odom_plus_spawn (independent of AMCL),-6.0149,-1.0012,2.5451,,
1790754269699018817,14.083,map,sim_state_odom_plus_spawn (independent of AMCL),-6.0147,-1.0013,2.5342,,
1790754269748019594,14.100,map,sim_state_odom_plus_spawn (independent of AMCL),-6.0145,-1.0015,2.5232,,
1790754269787452584,14.117,map,sim_state_odom_plus_spawn (independent of AMCL),-6.0143,-1.0016,2.5121,,
1790754269842147609,14.133,map,sim_state_odom_plus_spawn (independent of AMCL),-6.0141,-1.0017,2.5011,,
1790754269877896443,14.150,map,sim_state_odom_plus_spawn (independent of AMCL),-6.0139,-1.0019,2.4900,,
1790754269929688324,14.167,map,sim_state_odom_plus_spawn (independent of AMCL),-6.0138,-1.0020,2.4788,,
1790754269966309822,14.183,map,sim_state_odom_plus_spawn (independent of AMCL),-6.0136,-1.0022,2.4677,,
1790754270014807820,14.200,map,sim_state_odom_plus_spawn (independent of AMCL),-6.0134,-1.0023,2.4565,,
1790754270064278364,14.217,map,sim_state_odom_plus_spawn (independent of AMCL),-6.0132,-1.0025,2.4454,,
1790754270113284472,14.233,map,sim_state_odom_plus_spawn (independent of AMCL),-6.0130,-1.0026,2.4342,,
1790754270146870490,14.250,map,sim_state_odom_plus_spawn (independent of AMCL),-6.0128,-1.0028,2.4230,,
1790754270198579604,14.267,map,sim_state_odom_plus_spawn (independent of AMCL),-6.0126,-1.0029,2.4119,,
1790754270249505367,14.283,map,sim_state_odom_plus_spawn (independent of AMCL),-6.0125,-1.0031,2.4007,,
1790754270287277667,14.300,map,sim_state_odom_plus_spawn (independent of AMCL),-6.0123,-1.0033,2.3895,,
1790754270322689350,14.317,map,sim_state_odom_plus_spawn (independent of AMCL),-6.0121,-1.0034,2.3784,,
1790754270376814258,14.333,map,sim_state_odom_plus_spawn (independent of AMCL),-6.0119,-1.0036,2.3672,,
1790754270417561248,14.350,map,sim_state_odom_plus_spawn (independent of AMCL),-6.0118,-1.0038,2.3560,,
1790754270472428636,14.367,map,sim_state_odom_plus_spawn (independent of AMCL),-6.0116,-1.0040,2.3449,,
1790754270512705485,14.383,map,sim_state_odom_plus_spawn (independent of AMCL),-6.0114,-1.0041,2.3337,,
1790754270568521946,14.400,map,sim_state_odom_plus_spawn (independent of AMCL),-6.0113,-1.0043,2.3226,,
1790754270602471301,14.417,map,sim_state_odom_plus_spawn (independent of AMCL),-6.0111,-1.0045,2.3114,,
1790754270661421722,14.433,map,sim_state_odom_plus_spawn (independent of AMCL),-6.0109,-1.0047,2.3003,,
1790754270703125265,14.450,map,sim_state_odom_plus_spawn (independent of AMCL),-6.0108,-1.0049,2.2891,,
1790754270754385842,14.467,map,sim_state_odom_plus_spawn (independent of AMCL),-6.0106,-1.0050,2.2780,,
1790754270789220300,14.483,map,sim_state_odom_plus_spawn (independent of AMCL),-6.0105,-1.0052,2.2668,,
1790754270841033785,14.500,map,sim_state_odom_plus_spawn (independent of AMCL),-6.0103,-1.0054,2.2557,,
1790754270886104721,14.517,map,sim_state_odom_plus_spawn (independent of AMCL),-6.0102,-1.0056,2.2445,,
1790754270950792878,14.533,map,sim_state_odom_plus_spawn (independent of AMCL),-6.0100,-1.0058,2.2334,,
1790754270992805796,14.550,map,sim_state_odom_plus_spawn (independent of AMCL),-6.0098,-1.0060,2.2222,,
1790754271046472815,14.567,map,sim_state_odom_plus_spawn (independent of AMCL),-6.0097,-1.0062,2.2111,,
1790754271082284684,14.583,map,sim_state_odom_plus_spawn (independent of AMCL),-6.0096,-1.0064,2.1999,,
1790754271130060496,14.600,map,sim_state_odom_plus_spawn (independent of AMCL),-6.0094,-1.0066,2.1888,,
1790754271171917136,14.617,map,sim_state_odom_plus_spawn (independent of AMCL),-6.0093,-1.0068,2.1776,,
1790754271227239234,14.633,map,sim_state_odom_plus_spawn (independent of AMCL),-6.0091,-1.0070,2.1665,,
1790754271265395353,14.650,map,sim_state_odom_plus_spawn (independent of AMCL),-6.0090,-1.0072,2.1553,,
1790754271317502500,14.667,map,sim_state_odom_plus_spawn (independent of AMCL),-6.0089,-1.0074,2.1442,,
1790754271355680784,14.683,map,sim_state_odom_plus_spawn (independent of AMCL),-6.0087,-1.0076,2.1330,,
1790754271402736655,14.700,map,sim_state_odom_plus_spawn (independent of AMCL),-6.0086,-1.0078,2.1219,,
1790754271443046330,14.717,map,sim_state_odom_plus_spawn (independent of AMCL),-6.0085,-1.0080,2.1107,,
1790754271491485034,14.733,map,sim_state_odom_plus_spawn (independent of AMCL),-6.0083,-1.0083,2.0996,,
1790754271527773309,14.750,map,sim_state_odom_plus_spawn (independent of AMCL),-6.0082,-1.0085,2.0884,,
1790754271573118361,14.767,map,sim_state_odom_plus_spawn (independent of AMCL),-6.0081,-1.0087,2.0773,,
1790754271618611929,14.783,map,sim_state_odom_plus_spawn (independent of AMCL),-6.0080,-1.0089,2.0661,,
1790754271657634633,14.800,map,sim_state_odom_plus_spawn (independent of AMCL),-6.0079,-1.0091,2.0550,,
1790754271699118864,14.817,map,sim_state_odom_plus_spawn (independent of AMCL),-6.0078,-1.0093,2.0439,,
1790754271746408169,14.833,map,sim_state_odom_plus_spawn (independent of AMCL),-6.0076,-1.0096,2.0327,,
1790754271784733377,14.850,map,sim_state_odom_plus_spawn (independent of AMCL),-6.0075,-1.0098,2.0216,,
1790754271835716377,14.867,map,sim_state_odom_plus_spawn (independent of AMCL),-6.0074,-1.0100,2.0104,,
1790754271877015340,14.883,map,sim_state_odom_plus_spawn (independent of AMCL),-6.0073,-1.0102,1.9993,,
1790754271921563295,14.900,map,sim_state_odom_plus_spawn (independent of AMCL),-6.0072,-1.0104,1.9881,,
1790754271959280229,14.917,map,sim_state_odom_plus_spawn (independent of AMCL),-6.0071,-1.0107,1.9770,,
1790754272011822633,14.933,map,sim_state_odom_plus_spawn (independent of AMCL),-6.0070,-1.0109,1.9658,,
1790754272051452582,14.950,map,sim_state_odom_plus_spawn (independent of AMCL),-6.0069,-1.0111,1.9547,,
1790754272097129736,14.967,map,sim_state_odom_plus_spawn (independent of AMCL),-6.0068,-1.0114,1.9436,,
1790754272134575733,14.983,map,sim_state_odom_plus_spawn (independent of AMCL),-6.0068,-1.0116,1.9324,,
1790754272184525303,15.000,map,sim_state_odom_plus_spawn (independent of AMCL),-6.0067,-1.0118,1.9213,,
1790754272223762174,15.017,map,sim_state_odom_plus_spawn (independent of AMCL),-6.0066,-1.0121,1.9101,,
1790754272283891734,15.033,map,sim_state_odom_plus_spawn (independent of AMCL),-6.0065,-1.0123,1.8990,,
1790754272316654232,15.050,map,sim_state_odom_plus_spawn (independent of AMCL),-6.0064,-1.0125,1.8878,,
1790754272366033425,15.067,map,sim_state_odom_plus_spawn (independent of AMCL),-6.0064,-1.0128,1.8767,,
1790754272403100533,15.083,map,sim_state_odom_plus_spawn (independent of AMCL),-6.0063,-1.0130,1.8655,,
1790754272454512509,15.100,map,sim_state_odom_plus_spawn (independent of AMCL),-6.0062,-1.0132,1.8544,,
1790754272487798751,15.117,map,sim_state_odom_plus_spawn (independent of AMCL),-6.0061,-1.0135,1.8433,,
1790754272538474182,15.133,map,sim_state_odom_plus_spawn (independent of AMCL),-6.0061,-1.0137,1.8321,,
1790754272577806923,15.150,map,sim_state_odom_plus_spawn (independent of AMCL),-6.0060,-1.0139,1.8210,,
1790754272627062243,15.167,map,sim_state_odom_plus_spawn (independent of AMCL),-6.0060,-1.0142,1.8098,,
1790754272659708380,15.183,map,sim_state_odom_plus_spawn (independent of AMCL),-6.0059,-1.0144,1.7987,,
1790754272709928101,15.200,map,sim_state_odom_plus_spawn (independent of AMCL),-6.0059,-1.0147,1.7875,,
1790754272745192260,15.217,map,sim_state_odom_plus_spawn (independent of AMCL),-6.0058,-1.0149,1.7764,,
1790754272799019479,15.233,map,sim_state_odom_plus_spawn (independent of AMCL),-6.0058,-1.0151,1.7652,,
1790754272842195682,15.250,map,sim_state_odom_plus_spawn (independent of AMCL),-6.0057,-1.0154,1.7541,,
1790754272891791889,15.267,map,sim_state_odom_plus_spawn (independent of AMCL),-6.0057,-1.0156,1.7430,,
1790754272941948353,15.283,map,sim_state_odom_plus_spawn (independent of AMCL),-6.0056,-1.0159,1.7318,,
1790754272981140536,15.300,map,sim_state_odom_plus_spawn (independent of AMCL),-6.0056,-1.0161,1.7207,,
1790754273030195340,15.317,map,sim_state_odom_plus_spawn (independent of AMCL),-6.0056,-1.0164,1.7095,,
1790754273076638343,15.333,map,sim_state_odom_plus_spawn (independent of AMCL),-6.0055,-1.0166,1.6984,,
1790754273114743383,15.350,map,sim_state_odom_plus_spawn (independent of AMCL),-6.0055,-1.0168,1.6872,,
1790754273165987367,15.367,map,sim_state_odom_plus_spawn (independent of AMCL),-6.0055,-1.0171,1.6761,,
1790754273203414781,15.383,map,sim_state_odom_plus_spawn (independent of AMCL),-6.0054,-1.0173,1.6649,,
1790754273250360913,15.400,map,sim_state_odom_plus_spawn (independent of AMCL),-6.0054,-1.0176,1.6538,,
1790754273284814995,15.417,map,sim_state_odom_plus_spawn (independent of AMCL),-6.0054,-1.0178,1.6427,,
1790754273334261027,15.433,map,sim_state_odom_plus_spawn (independent of AMCL),-6.0054,-1.0181,1.6315,,
1790754273369641894,15.450,map,sim_state_odom_plus_spawn (independent of AMCL),-6.0054,-1.0183,1.6204,,
1790754273421283516,15.467,map,sim_state_odom_plus_spawn (independent of AMCL),-6.0054,-1.0186,1.6092,,
1790754273455759752,15.483,map,sim_state_odom_plus_spawn (independent of AMCL),-6.0054,-1.0188,1.5981,,
1790754273505868137,15.500,map,sim_state_odom_plus_spawn (independent of AMCL),-6.0054,-1.0190,1.5869,,
1790754273537072575,15.517,map,sim_state_odom_plus_spawn (independent of AMCL),-6.0054,-1.0193,1.5758,,
1790754273600316228,15.533,map,sim_state_odom_plus_spawn (independent of AMCL),-6.0054,-1.0195,1.5646,,
1790754273636565528,15.550,map,sim_state_odom_plus_spawn (independent of AMCL),-6.0054,-1.0198,1.5535,,
1790754273684287140,15.567,map,sim_state_odom_plus_spawn (independent of AMCL),-6.0054,-1.0200,1.5423,,
1790754273723019747,15.583,map,sim_state_odom_plus_spawn (independent of AMCL),-6.0054,-1.0203,1.5312,,
1790754273770661700,15.600,map,sim_state_odom_plus_spawn (independent of AMCL),-6.0054,-1.0205,1.5201,,
1790754273809795339,15.617,map,sim_state_odom_plus_spawn (independent of AMCL),-6.0054,-1.0208,1.5089,,
1790754273859159826,15.633,map,sim_state_odom_plus_spawn (independent of AMCL),-6.0054,-1.0210,1.4978,,
1790754273899059801,15.650,map,sim_state_odom_plus_spawn (independent of AMCL),-6.0054,-1.0213,1.4866,,
1790754273954017339,15.667,map,sim_state_odom_plus_spawn (independent of AMCL),-6.0055,-1.0215,1.4755,,
1790754273989304407,15.683,map,sim_state_odom_plus_spawn (independent of AMCL),-6.0055,-1.0218,1.4643,,
1790754274036614994,15.700,map,sim_state_odom_plus_spawn (independent of AMCL),-6.0055,-1.0220,1.4532,,
1790754274073230256,15.717,map,sim_state_odom_plus_spawn (independent of AMCL),-6.0055,-1.0222,1.4420,,
1790754274122487085,15.733,map,sim_state_odom_plus_spawn (independent of AMCL),-6.0056,-1.0225,1.4309,,
1790754274155177058,15.750,map,sim_state_odom_plus_spawn (independent of AMCL),-6.0056,-1.0227,1.4198,,
1790754274204394103,15.767,map,sim_state_odom_plus_spawn (independent of AMCL),-6.0057,-1.0230,1.4086,,
1790754274247509972,15.783,map,sim_state_odom_plus_spawn (independent of AMCL),-6.0057,-1.0232,1.3975,,
1790754274290839838,15.800,map,sim_state_odom_plus_spawn (independent of AMCL),-6.0057,-1.0235,1.3863,,
1790754274327412396,15.817,map,sim_state_odom_plus_spawn (independent of AMCL),-6.0058,-1.0237,1.3752,,
1790754274376314668,15.833,map,sim_state_odom_plus_spawn (independent of AMCL),-6.0058,-1.0239,1.3640,,
1790754274420130788,15.850,map,sim_state_odom_plus_spawn (independent of AMCL),-6.0059,-1.0242,1.3529,,
1790754274466207923,15.867,map,sim_state_odom_plus_spawn (independent of AMCL),-6.0059,-1.0244,1.3417,,
1790754274502515199,15.883,map,sim_state_odom_plus_spawn (independent of AMCL),-6.0060,-1.0247,1.3306,,
1790754274549861232,15.900,map,sim_state_odom_plus_spawn (independent of AMCL),-6.0061,-1.0249,1.3195,,
1790754274584292877,15.917,map,sim_state_odom_plus_spawn (independent of AMCL),-6.0061,-1.0251,1.3083,,
1790754274634672483,15.933,map,sim_state_odom_plus_spawn (independent of AMCL),-6.0062,-1.0254,1.2972,,
1790754274669694646,15.950,map,sim_state_odom_plus_spawn (independent of AMCL),-6.0063,-1.0256,1.2860,,
1790754274722555108,15.967,map,sim_state_odom_plus_spawn (independent of AMCL),-6.0063,-1.0259,1.2749,,
1790754274754979047,15.983,map,sim_state_odom_plus_spawn (independent of AMCL),-6.0064,-1.0261,1.2637,,
1790754274800623380,16.000,map,sim_state_odom_plus_spawn (independent of AMCL),-6.0065,-1.0263,1.2526,,
1790754274842378246,16.017,map,sim_state_odom_plus_spawn (independent of AMCL),-6.0066,-1.0266,1.2414,,
1790754274899678062,16.033,map,sim_state_odom_plus_spawn (independent of AMCL),-6.0066,-1.0268,1.2303,,
1790754274939560126,16.050,map,sim_state_odom_plus_spawn (independent of AMCL),-6.0067,-1.0270,1.2192,,
1790754274983331184,16.067,map,sim_state_odom_plus_spawn (independent of AMCL),-6.0068,-1.0273,1.2080,,
1790754275025916397,16.083,map,sim_state_odom_plus_spawn (independent of AMCL),-6.0069,-1.0275,1.1969,,
1790754275070276842,16.100,map,sim_state_odom_plus_spawn (independent of AMCL),-6.0070,-1.0277,1.1857,,
1790754275109022930,16.117,map,sim_state_odom_plus_spawn (independent of AMCL),-6.0071,-1.0279,1.1746,,
1790754275154653311,16.133,map,sim_state_odom_plus_spawn (independent of AMCL),-6.0072,-1.0282,1.1634,,
1790754275191265651,16.150,map,sim_state_odom_plus_spawn (independent of AMCL),-6.0073,-1.0284,1.1523,,
1790754275284974085,16.167,map,sim_state_odom_plus_spawn (independent of AMCL),-6.0074,-1.0286,1.1411,,
1790754275318786647,16.183,map,sim_state_odom_plus_spawn (independent of AMCL),-6.0075,-1.0288,1.1300,,
1790754275364274300,16.200,map,sim_state_odom_plus_spawn (independent of AMCL),-6.0076,-1.0291,1.1188,,
1790754275399807511,16.217,map,sim_state_odom_plus_spawn (independent of AMCL),-6.0077,-1.0293,1.1077,,
1790754275444892906,16.233,map,sim_state_odom_plus_spawn (independent of AMCL),-6.0078,-1.0295,1.0966,,
1790754275479719550,16.250,map,sim_state_odom_plus_spawn (independent of AMCL),-6.0079,-1.0297,1.0854,,
1790754275523569891,16.267,map,sim_state_odom_plus_spawn (independent of AMCL),-6.0080,-1.0298,1.0743,,
1790754275567402885,16.283,map,sim_state_odom_plus_spawn (independent of AMCL),-6.0079,-1.0295,1.0632,,
1790754275608158188,16.300,map,sim_state_odom_plus_spawn (independent of AMCL),-6.0076,-1.0290,1.0523,,
1790754275651140285,16.317,map,sim_state_odom_plus_spawn (independent of AMCL),-6.0071,-1.0282,1.0413,,
1790754275699561771,16.333,map,sim_state_odom_plus_spawn (independent of AMCL),-6.0066,-1.0274,1.0302,,
1790754275736034024,16.350,map,sim_state_odom_plus_spawn (independent of AMCL),-6.0060,-1.0265,1.0190,,
1790754275782739857,16.367,map,sim_state_odom_plus_spawn (independent of AMCL),-6.0055,-1.0255,1.0078,,
1790754275823884597,16.383,map,sim_state_odom_plus_spawn (independent of AMCL),-6.0049,-1.0248,0.9964,,
1790754275869219341,16.400,map,sim_state_odom_plus_spawn (independent of AMCL),-6.0046,-1.0242,0.9851,,
1790754275909336990,16.417,map,sim_state_odom_plus_spawn (independent of AMCL),-6.0042,-1.0237,0.9736,,
1790754275954676071,16.433,map,sim_state_odom_plus_spawn (independent of AMCL),-6.0039,-1.0233,0.9621,,
1790754275991301420,16.450,map,sim_state_odom_plus_spawn (independent of AMCL),-6.0037,-1.0229,0.9506,,
1790754276039036607,16.467,map,sim_state_odom_plus_spawn (independent of AMCL),-6.0033,-1.0224,0.9391,,
1790754276074474981,16.483,map,sim_state_odom_plus_spawn (independent of AMCL),-6.0027,-1.0216,0.9276,,
1790754276120448511,16.500,map,sim_state_odom_plus_spawn (independent of AMCL),-6.0019,-1.0205,0.9162,,
1790754276158194658,16.517,map,sim_state_odom_plus_spawn (independent of AMCL),-6.0007,-1.0190,0.9047,,
1790754276218680107,16.533,map,sim_state_odom_plus_spawn (independent of AMCL),-5.9993,-1.0172,0.8931,,
1790754276254211620,16.550,map,sim_state_odom_plus_spawn (independent of AMCL),-5.9974,-1.0149,0.8814,,
1790754276300449394,16.567,map,sim_state_odom_plus_spawn (independent of AMCL),-5.9951,-1.0122,0.8695,,
1790754276337874923,16.583,map,sim_state_odom_plus_spawn (independent of AMCL),-5.9924,-1.0091,0.8573,,
1790754276384874790,16.600,map,sim_state_odom_plus_spawn (independent of AMCL),-5.9893,-1.0056,0.8449,,
1790754276420488886,16.617,map,sim_state_odom_plus_spawn (independent of AMCL),-5.9858,-1.0018,0.8322,,
1790754276468753315,16.633,map,sim_state_odom_plus_spawn (independent of AMCL),-5.9819,-0.9976,0.8192,,
1790754276506051294,16.650,map,sim_state_odom_plus_spawn (independent of AMCL),-5.9775,-0.9931,0.8059,,
1790754276552788143,16.667,map,sim_state_odom_plus_spawn (independent of AMCL),-5.9727,-0.9882,0.7922,,
1790754276589187052,16.683,map,sim_state_odom_plus_spawn (independent of AMCL),-5.9675,-0.9831,0.7781,,
1790754276680001248,16.700,map,sim_state_odom_plus_spawn (independent of AMCL),-5.9619,-0.9777,0.7637,,
1790754276689826161,16.700,map,sim_state_odom_plus_spawn (independent of AMCL),-5.9557,-0.9720,0.7489,,
1790754276731103541,16.717,map,sim_state_odom_plus_spawn (independent of AMCL),-5.9557,-0.9720,0.7489,,
1790754276788548724,16.733,map,sim_state_odom_plus_spawn (independent of AMCL),-5.9492,-0.9661,0.7338,,
1790754276827807556,16.750,map,sim_state_odom_plus_spawn (independent of AMCL),-5.9421,-0.9600,0.7183,,
1790754276881072445,16.767,map,sim_state_odom_plus_spawn (independent of AMCL),-5.9346,-0.9536,0.7024,,
1790754276925501709,16.783,map,sim_state_odom_plus_spawn (independent of AMCL),-5.9265,-0.9471,0.6860,,
1790754276966661720,16.800,map,sim_state_odom_plus_spawn (independent of AMCL),-5.9180,-0.9403,0.6693,,
1790754277005042034,16.817,map,sim_state_odom_plus_spawn (independent of AMCL),-5.9090,-0.9335,0.6521,,
1790754277058099242,16.833,map,sim_state_odom_plus_spawn (independent of AMCL),-5.8995,-0.9265,0.6345,,
1790754277094720255,16.850,map,sim_state_odom_plus_spawn (independent of AMCL),-5.8896,-0.9195,0.6167,,
1790754277142893052,16.867,map,sim_state_odom_plus_spawn (independent of AMCL),-5.8794,-0.9126,0.5990,,
1790754277180051508,16.883,map,sim_state_odom_plus_spawn (independent of AMCL),-5.8689,-0.9057,0.5813,,
1790754277229001482,16.900,map,sim_state_odom_plus_spawn (independent of AMCL),-5.8582,-0.8990,0.5638,,
1790754277264095857,16.917,map,sim_state_odom_plus_spawn (independent of AMCL),-5.8474,-0.8924,0.5465,,
1790754277321289146,16.933,map,sim_state_odom_plus_spawn (independent of AMCL),-5.8364,-0.8860,0.5294,,
1790754277354881960,16.950,map,sim_state_odom_plus_spawn (independent of AMCL),-5.8252,-0.8797,0.5125,,
1790754277406824027,16.967,map,sim_state_odom_plus_spawn (independent of AMCL),-5.8139,-0.8737,0.4957,,
1790754277442683607,16.983,map,sim_state_odom_plus_spawn (independent of AMCL),-5.8025,-0.8677,0.4791,,
1790754277497659340,17.000,map,sim_state_odom_plus_spawn (independent of AMCL),-5.7910,-0.8620,0.4626,,
1790754277535388706,17.017,map,sim_state_odom_plus_spawn (independent of AMCL),-5.7793,-0.8565,0.4462,,
1790754277598158926,17.033,map,sim_state_odom_plus_spawn (independent of AMCL),-5.7676,-0.8511,0.4299,,
1790754277638844374,17.050,map,sim_state_odom_plus_spawn (independent of AMCL),-5.7557,-0.8459,0.4136,,
1790754277687495977,17.067,map,sim_state_odom_plus_spawn (independent of AMCL),-5.7438,-0.8409,0.3975,,
1790754277725979047,17.083,map,sim_state_odom_plus_spawn (independent of AMCL),-5.7318,-0.8361,0.3814,,
1790754277781510701,17.100,map,sim_state_odom_plus_spawn (independent of AMCL),-5.7197,-0.8315,0.3653,,
1790754277817028640,17.117,map,sim_state_odom_plus_spawn (independent of AMCL),-5.7075,-0.8271,0.3492,,
1790754277873808170,17.133,map,sim_state_odom_plus_spawn (independent of AMCL),-5.6952,-0.8228,0.3332,,
1790754277909415855,17.150,map,sim_state_odom_plus_spawn (independent of AMCL),-5.6829,-0.8188,0.3173,,
1790754277962404150,17.167,map,sim_state_odom_plus_spawn (independent of AMCL),-5.6706,-0.8150,0.3017,,
1790754278010213246,17.183,map,sim_state_odom_plus_spawn (independent of AMCL),-5.6582,-0.8113,0.2865,,
1790754278895722467,17.200,map,sim_state_odom_plus_spawn (independent of AMCL),-5.6458,-0.8079,0.2717,,
1790754278930262147,17.217,map,sim_state_odom_plus_spawn (independent of AMCL),-5.6333,-0.8046,0.2575,,
1790754280112481975,17.233,map,sim_state_odom_plus_spawn (independent of AMCL),-5.6208,-0.8016,0.2440,,
1790754280156037339,17.250,map,sim_state_odom_plus_spawn (independent of AMCL),-5.6083,-0.7986,0.2310,,
1790754280208396276,17.267,map,sim_state_odom_plus_spawn (independent of AMCL),-5.5957,-0.7959,0.2186,,
1790754280266700558,17.283,map,sim_state_odom_plus_spawn (independent of AMCL),-5.5831,-0.7932,0.2068,,
1790754280303634836,17.300,map,sim_state_odom_plus_spawn (independent of AMCL),-5.5704,-0.7907,0.1957,,
1790754280343648220,17.317,map,sim_state_odom_plus_spawn (independent of AMCL),-5.5576,-0.7883,0.1851,,
1790754280393622174,17.333,map,sim_state_odom_plus_spawn (independent of AMCL),-5.5448,-0.7861,0.1749,,
1790754280429086472,17.350,map,sim_state_odom_plus_spawn (independent of AMCL),-5.5319,-0.7839,0.1652,,
1790754280481195965,17.367,map,sim_state_odom_plus_spawn (independent of AMCL),-5.5189,-0.7819,0.1557,,
1790754280520621564,17.383,map,sim_state_odom_plus_spawn (independent of AMCL),-5.5059,-0.7800,0.1465,,
1790754280569282972,17.400,map,sim_state_odom_plus_spawn (independent of AMCL),-5.4928,-0.7782,0.1376,,
1790754280606731692,17.417,map,sim_state_odom_plus_spawn (independent of AMCL),-5.4797,-0.7765,0.1292,,
1790754280659827739,17.433,map,sim_state_odom_plus_spawn (independent of AMCL),-5.4666,-0.7749,0.1211,,
1790754280700132235,17.450,map,sim_state_odom_plus_spawn (independent of AMCL),-5.4535,-0.7734,0.1132,,
1790754280752171024,17.467,map,sim_state_odom_plus_spawn (independent of AMCL),-5.4404,-0.7720,0.1056,,
1790754280790750439,17.483,map,sim_state_odom_plus_spawn (independent of AMCL),-5.4272,-0.7707,0.0982,,
1790754280841521085,17.500,map,sim_state_odom_plus_spawn (independent of AMCL),-5.4140,-0.7695,0.0908,,
1790754280881972738,17.517,map,sim_state_odom_plus_spawn (independent of AMCL),-5.4008,-0.7684,0.0835,,
1790754280943601044,17.533,map,sim_state_odom_plus_spawn (independent of AMCL),-5.3876,-0.7674,0.0763,,
1790754280978108389,17.550,map,sim_state_odom_plus_spawn (independent of AMCL),-5.3743,-0.7665,0.0691,,
1790754281029912253,17.567,map,sim_state_odom_plus_spawn (independent of AMCL),-5.3611,-0.7657,0.0620,,
1790754281066031457,17.583,map,sim_state_odom_plus_spawn (independent of AMCL),-5.3479,-0.7649,0.0549,,
1790754281114503378,17.600,map,sim_state_odom_plus_spawn (independent of AMCL),-5.3346,-0.7643,0.0479,,
1790754281155754740,17.617,map,sim_state_odom_plus_spawn (independent of AMCL),-5.3214,-0.7638,0.0411,,
1790754281205903945,17.633,map,sim_state_odom_plus_spawn (independent of AMCL),-5.3081,-0.7633,0.0347,,
1790754281242108748,17.650,map,sim_state_odom_plus_spawn (independent of AMCL),-5.2949,-0.7629,0.0284,,
1790754281293808159,17.667,map,sim_state_odom_plus_spawn (independent of AMCL),-5.2816,-0.7626,0.0222,,
1790754281333483767,17.683,map,sim_state_odom_plus_spawn (independent of AMCL),-5.2683,-0.7624,0.0163,,
1790754281386779576,17.700,map,sim_state_odom_plus_spawn (independent of AMCL),-5.2551,-0.7623,0.0108,,
1790754281428716765,17.717,map,sim_state_odom_plus_spawn (independent of AMCL),-5.2418,-0.7622,0.0056,,
1790754281479509658,17.733,map,sim_state_odom_plus_spawn (independent of AMCL),-5.2285,-0.7622,0.0006,,
1790754281527908990,17.750,map,sim_state_odom_plus_spawn (independent of AMCL),-5.2152,-0.7623,-0.0040,,
1790754281574029396,17.767,map,sim_state_odom_plus_spawn (independent of AMCL),-5.2019,-0.7624,-0.0087,,
1790754281625373779,17.783,map,sim_state_odom_plus_spawn (independent of AMCL),-5.1886,-0.7625,-0.0133,,
1790754281664120150,17.800,map,sim_state_odom_plus_spawn (independent of AMCL),-5.1753,-0.7628,-0.0177,,
1790754281708176852,17.817,map,sim_state_odom_plus_spawn (independent of AMCL),-5.1621,-0.7631,-0.0216,,
1790754281762021700,17.833,map,sim_state_odom_plus_spawn (independent of AMCL),-5.1488,-0.7634,-0.0251,,
1790754281801275819,17.850,map,sim_state_odom_plus_spawn (independent of AMCL),-5.1355,-0.7638,-0.0281,,
1790754281848357137,17.867,map,sim_state_odom_plus_spawn (independent of AMCL),-5.1224,-0.7642,-0.0305,,
1790754281885351938,17.883,map,sim_state_odom_plus_spawn (independent of AMCL),-5.1093,-0.7646,-0.0322,,
1790754281934398069,17.900,map,sim_state_odom_plus_spawn (independent of AMCL),-5.0961,-0.7651,-0.0335,,
1790754281974982646,17.917,map,sim_state_odom_plus_spawn (independent of AMCL),-5.0828,-0.7655,-0.0345,,
1790754282022143623,17.933,map,sim_state_odom_plus_spawn (independent of AMCL),-5.0695,-0.7660,-0.0353,,
1790754282058784339,17.950,map,sim_state_odom_plus_spawn (independent of AMCL),-5.0561,-0.7665,-0.0360,,
1790754282108635928,17.967,map,sim_state_odom_plus_spawn (independent of AMCL),-5.0428,-0.7670,-0.0365,,
1790754282146702317,17.983,map,sim_state_odom_plus_spawn (independent of AMCL),-5.0295,-0.7675,-0.0369,,
1790754282200472973,18.000,map,sim_state_odom_plus_spawn (independent of AMCL),-5.0161,-0.7680,-0.0373,,
1790754282240517090,18.017,map,sim_state_odom_plus_spawn (independent of AMCL),-5.0028,-0.7685,-0.0376,,
1790754282299055939,18.033,map,sim_state_odom_plus_spawn (independent of AMCL),-4.9895,-0.7690,-0.0379,,
1790754282349980321,18.050,map,sim_state_odom_plus_spawn (independent of AMCL),-4.9761,-0.7695,-0.0380,,
1790754282395759045,18.067,map,sim_state_odom_plus_spawn (independent of AMCL),-4.9628,-0.7700,-0.0381,,
1790754282437488452,18.083,map,sim_state_odom_plus_spawn (independent of AMCL),-4.9494,-0.7705,-0.0383,,
1790754282491564218,18.100,map,sim_state_odom_plus_spawn (independent of AMCL),-4.9361,-0.7710,-0.0385,,
1790754282535170513,18.117,map,sim_state_odom_plus_spawn (independent of AMCL),-4.9228,-0.7715,-0.0386,,
1790754282581214349,18.133,map,sim_state_odom_plus_spawn (independent of AMCL),-4.9094,-0.7720,-0.0387,,
1790754282619341475,18.150,map,sim_state_odom_plus_spawn (independent of AMCL),-4.8961,-0.7726,-0.0388,,
1790754282671001934,18.167,map,sim_state_odom_plus_spawn (independent of AMCL),-4.8827,-0.7731,-0.0388,,
1790754282707601605,18.183,map,sim_state_odom_plus_spawn (independent of AMCL),-4.8694,-0.7736,-0.0388,,
1790754282761548206,18.200,map,sim_state_odom_plus_spawn (independent of AMCL),-4.8560,-0.7741,-0.0388,,
1790754282805083183,18.217,map,sim_state_odom_plus_spawn (independent of AMCL),-4.8427,-0.7746,-0.0387,,
1790754282861051946,18.233,map,sim_state_odom_plus_spawn (independent of AMCL),-4.8293,-0.7752,-0.0387,,
1790754282894230316,18.250,map,sim_state_odom_plus_spawn (independent of AMCL),-4.8160,-0.7757,-0.0385,,
1790754282944355971,18.267,map,sim_state_odom_plus_spawn (independent of AMCL),-4.8027,-0.7762,-0.0384,,
1790754282997559901,18.283,map,sim_state_odom_plus_spawn (independent of AMCL),-4.7893,-0.7767,-0.0382,,
1790754283036760288,18.300,map,sim_state_odom_plus_spawn (independent of AMCL),-4.7760,-0.7772,-0.0381,,
1790754283074752692,18.317,map,sim_state_odom_plus_spawn (independent of AMCL),-4.7626,-0.7777,-0.0378,,
1790754283127657782,18.333,map,sim_state_odom_plus_spawn (independent of AMCL),-4.7493,-0.7782,-0.0376,,
1790754283164375312,18.350,map,sim_state_odom_plus_spawn (independent of AMCL),-4.7359,-0.7787,-0.0374,,
1790754283215386181,18.367,map,sim_state_odom_plus_spawn (independent of AMCL),-4.7226,-0.7792,-0.0371,,
1790754283253868391,18.383,map,sim_state_odom_plus_spawn (independent of AMCL),-4.7093,-0.7797,-0.0368,,
1790754283303625961,18.400,map,sim_state_odom_plus_spawn (independent of AMCL),-4.6959,-0.7802,-0.0364,,
1790754283344983420,18.417,map,sim_state_odom_plus_spawn (independent of AMCL),-4.6826,-0.7807,-0.0361,,
1790754283392488857,18.433,map,sim_state_odom_plus_spawn (independent of AMCL),-4.6692,-0.7811,-0.0356,,
1790754283433817017,18.450,map,sim_state_odom_plus_spawn (independent of AMCL),-4.6559,-0.7816,-0.0350,,
1790754283484838532,18.467,map,sim_state_odom_plus_spawn (independent of AMCL),-4.6425,-0.7821,-0.0342,,
1790754283523463096,18.483,map,sim_state_odom_plus_spawn (independent of AMCL),-4.6292,-0.7825,-0.0334,,
1790754283574331799,18.500,map,sim_state_odom_plus_spawn (independent of AMCL),-4.6158,-0.7830,-0.0324,,
1790754283610816909,18.517,map,sim_state_odom_plus_spawn (independent of AMCL),-4.6025,-0.7834,-0.0314,,
1790754283672445067,18.533,map,sim_state_odom_plus_spawn (independent of AMCL),-4.5892,-0.7838,-0.0304,,
1790754283712631663,18.550,map,sim_state_odom_plus_spawn (independent of AMCL),-4.5758,-0.7842,-0.0293,,
1790754283766443165,18.567,map,sim_state_odom_plus_spawn (independent of AMCL),-4.5625,-0.7846,-0.0281,,
1790754283805198024,18.583,map,sim_state_odom_plus_spawn (independent of AMCL),-4.5491,-0.7849,-0.0269,,
1790754283857112949,18.600,map,sim_state_odom_plus_spawn (independent of AMCL),-4.5358,-0.7853,-0.0256,,
1790754283891366935,18.617,map,sim_state_odom_plus_spawn (independent of AMCL),-4.5224,-0.7856,-0.0243,,
1790754283944458754,18.633,map,sim_state_odom_plus_spawn (independent of AMCL),-4.5091,-0.7859,-0.0229,,
1790754283982664453,18.650,map,sim_state_odom_plus_spawn (independent of AMCL),-4.4957,-0.7862,-0.0215,,
1790754284033032891,18.667,map,sim_state_odom_plus_spawn (independent of AMCL),-4.4824,-0.7864,-0.0200,,
1790754284069670435,18.683,map,sim_state_odom_plus_spawn (independent of AMCL),-4.4690,-0.7867,-0.0185,,
1790754284117560256,18.700,map,sim_state_odom_plus_spawn (independent of AMCL),-4.4557,-0.7869,-0.0169,,
1790754284156953401,18.717,map,sim_state_odom_plus_spawn (independent of AMCL),-4.4423,-0.7871,-0.0153,,
1790754284211369271,18.733,map,sim_state_odom_plus_spawn (independent of AMCL),-4.4290,-0.7873,-0.0136,,
1790754284248432747,18.750,map,sim_state_odom_plus_spawn (independent of AMCL),-4.4156,-0.7875,-0.0119,,
1790754284300086799,18.767,map,sim_state_odom_plus_spawn (independent of AMCL),-4.4023,-0.7876,-0.0102,,
1790754284349667627,18.783,map,sim_state_odom_plus_spawn (independent of AMCL),-4.3889,-0.7877,-0.0084,,
1790754284391011614,18.800,map,sim_state_odom_plus_spawn (independent of AMCL),-4.3756,-0.7878,-0.0067,,
1790754284434961594,18.817,map,sim_state_odom_plus_spawn (independent of AMCL),-4.3622,-0.7879,-0.0050,,
1790754284489404126,18.833,map,sim_state_odom_plus_spawn (independent of AMCL),-4.3489,-0.7879,-0.0035,,
1790754284527926659,18.850,map,sim_state_odom_plus_spawn (independent of AMCL),-4.3355,-0.7879,-0.0020,,
1790754284579991663,18.867,map,sim_state_odom_plus_spawn (independent of AMCL),-4.3222,-0.7879,-0.0007,,
1790754284618062545,18.883,map,sim_state_odom_plus_spawn (independent of AMCL),-4.3088,-0.7879,0.0005,,
1790754284665108417,18.900,map,sim_state_odom_plus_spawn (independent of AMCL),-4.2955,-0.7879,0.0018,,
1790754284705064759,18.917,map,sim_state_odom_plus_spawn (independent of AMCL),-4.2822,-0.7879,0.0029,,
1790754284755811081,18.933,map,sim_state_odom_plus_spawn (independent of AMCL),-4.2688,-0.7878,0.0040,,
1790754284796436421,18.950,map,sim_state_odom_plus_spawn (independent of AMCL),-4.2555,-0.7877,0.0051,,
1790754284847148262,18.967,map,sim_state_odom_plus_spawn (independent of AMCL),-4.2421,-0.7877,0.0062,,
1790754284880024966,18.983,map,sim_state_odom_plus_spawn (independent of AMCL),-4.2288,-0.7876,0.0073,,
1790754284934484174,19.000,map,sim_state_odom_plus_spawn (independent of AMCL),-4.2154,-0.7875,0.0084,,
1790754284979536054,19.017,map,sim_state_odom_plus_spawn (independent of AMCL),-4.2021,-0.7873,0.0097,,
1790754285039812179,19.033,map,sim_state_odom_plus_spawn (independent of AMCL),-4.1887,-0.7872,0.0111,,
1790754285080892279,19.050,map,sim_state_odom_plus_spawn (independent of AMCL),-4.1754,-0.7870,0.0125,,
1790754285124826902,19.067,map,sim_state_odom_plus_spawn (independent of AMCL),-4.1620,-0.7868,0.0140,,
1790754285164985046,19.083,map,sim_state_odom_plus_spawn (independent of AMCL),-4.1487,-0.7866,0.0156,,
1790754285214387060,19.100,map,sim_state_odom_plus_spawn (independent of AMCL),-4.1353,-0.7864,0.0171,,
1790754285255197243,19.117,map,sim_state_odom_plus_spawn (independent of AMCL),-4.1220,-0.7861,0.0188,,
1790754285307407899,19.133,map,sim_state_odom_plus_spawn (independent of AMCL),-4.1086,-0.7859,0.0204,,
1790754285348387098,19.150,map,sim_state_odom_plus_spawn (independent of AMCL),-4.0953,-0.7856,0.0222,,
1790754285393507847,19.167,map,sim_state_odom_plus_spawn (independent of AMCL),-4.0820,-0.7852,0.0239,,
1790754285424802359,19.183,map,sim_state_odom_plus_spawn (independent of AMCL),-4.0686,-0.7849,0.0257,,
1790754285482046844,19.200,map,sim_state_odom_plus_spawn (independent of AMCL),-4.0553,-0.7845,0.0276,,
1790754285517220243,19.217,map,sim_state_odom_plus_spawn (independent of AMCL),-4.0419,-0.7841,0.0295,,
1790754285568527596,19.233,map,sim_state_odom_plus_spawn (independent of AMCL),-4.0286,-0.7837,0.0314,,
1790754285608792576,19.250,map,sim_state_odom_plus_spawn (independent of AMCL),-4.0153,-0.7833,0.0334,,
1790754285662504778,19.267,map,sim_state_odom_plus_spawn (independent of AMCL),-4.0019,-0.7828,0.0354,,
1790754285708219250,19.283,map,sim_state_odom_plus_spawn (independent of AMCL),-3.9886,-0.7823,0.0374,,
1790754285749341934,19.300,map,sim_state_odom_plus_spawn (independent of AMCL),-3.9752,-0.7818,0.0395,,
1790754285787667093,19.317,map,sim_state_odom_plus_spawn (independent of AMCL),-3.9619,-0.7812,0.0415,,
1790754285840085674,19.333,map,sim_state_odom_plus_spawn (independent of AMCL),-3.9486,-0.7806,0.0433,,
1790754285874753156,19.350,map,sim_state_odom_plus_spawn (independent of AMCL),-3.9353,-0.7800,0.0451,,
1790754285926558230,19.367,map,sim_state_odom_plus_spawn (independent of AMCL),-3.9219,-0.7794,0.0469,,
1790754285965899181,19.383,map,sim_state_odom_plus_spawn (independent of AMCL),-3.9086,-0.7788,0.0486,,
1790754286015638379,19.400,map,sim_state_odom_plus_spawn (independent of AMCL),-3.8953,-0.7781,0.0503,,
1790754286056379599,19.417,map,sim_state_odom_plus_spawn (independent of AMCL),-3.8820,-0.7774,0.0520,,
1790754286108127581,19.433,map,sim_state_odom_plus_spawn (independent of AMCL),-3.8686,-0.7767,0.0536,,
1790754286155735897,19.450,map,sim_state_odom_plus_spawn (independent of AMCL),-3.8553,-0.7760,0.0552,,
1790754286199185706,19.467,map,sim_state_odom_plus_spawn (independent of AMCL),-3.8420,-0.7752,0.0568,,
1790754286241355742,19.483,map,sim_state_odom_plus_spawn (independent of AMCL),-3.8287,-0.7744,0.0584,,
1790754286294796803,19.500,map,sim_state_odom_plus_spawn (independent of AMCL),-3.8154,-0.7736,0.0600,,
1790754286329728832,19.517,map,sim_state_odom_plus_spawn (independent of AMCL),-3.8020,-0.7728,0.0615,,
1790754286394479356,19.533,map,sim_state_odom_plus_spawn (independent of AMCL),-3.7887,-0.7720,0.0630,,
1790754286430373852,19.550,map,sim_state_odom_plus_spawn (independent of AMCL),-3.7754,-0.7711,0.0645,,
1790754286481881028,19.567,map,sim_state_odom_plus_spawn (independent of AMCL),-3.7621,-0.7702,0.0658,,
1790754286523044506,19.583,map,sim_state_odom_plus_spawn (independent of AMCL),-3.7488,-0.7693,0.0671,,
1790754286571006776,19.600,map,sim_state_odom_plus_spawn (independent of AMCL),-3.7355,-0.7684,0.0683,,
1790754286607137838,19.617,map,sim_state_odom_plus_spawn (independent of AMCL),-3.7222,-0.7675,0.0695,,
1790754286660232105,19.633,map,sim_state_odom_plus_spawn (independent of AMCL),-3.7088,-0.7665,0.0706,,
1790754286696245779,19.650,map,sim_state_odom_plus_spawn (independent of AMCL),-3.6955,-0.7656,0.0717,,
1790754286748619986,19.667,map,sim_state_odom_plus_spawn (independent of AMCL),-3.6822,-0.7646,0.0728,,
1790754286793052895,19.683,map,sim_state_odom_plus_spawn (independent of AMCL),-3.6689,-0.7636,0.0738,,
1790754286843589219,19.700,map,sim_state_odom_plus_spawn (independent of AMCL),-3.6556,-0.7626,0.0748,,
1790754286883012605,19.717,map,sim_state_odom_plus_spawn (independent of AMCL),-3.6423,-0.7616,0.0757,,
1790754286932613406,19.733,map,sim_state_odom_plus_spawn (independent of AMCL),-3.6290,-0.7606,0.0766,,
1790754286972214758,19.750,map,sim_state_odom_plus_spawn (independent of AMCL),-3.6157,-0.7596,0.0775,,
1790754287023622164,19.767,map,sim_state_odom_plus_spawn (independent of AMCL),-3.6024,-0.7585,0.0784,,
1790754287075665971,19.783,map,sim_state_odom_plus_spawn (independent of AMCL),-3.5891,-0.7575,0.0792,,
1790754287116538899,19.800,map,sim_state_odom_plus_spawn (independent of AMCL),-3.5758,-0.7564,0.0801,,
1790754287153539347,19.817,map,sim_state_odom_plus_spawn (independent of AMCL),-3.5625,-0.7553,0.0811,,
1790754287208046509,19.833,map,sim_state_odom_plus_spawn (independent of AMCL),-3.5492,-0.7542,0.0820,,
1790754287250845314,19.850,map,sim_state_odom_plus_spawn (independent of AMCL),-3.5359,-0.7531,0.0830,,
1790754287299516810,19.867,map,sim_state_odom_plus_spawn (independent of AMCL),-3.5226,-0.7520,0.0838,,
1790754287340914404,19.883,map,sim_state_odom_plus_spawn (independent of AMCL),-3.5093,-0.7509,0.0846,,
1790754287384981960,19.900,map,sim_state_odom_plus_spawn (independent of AMCL),-3.4960,-0.7497,0.0853,,
1790754287424209668,19.917,map,sim_state_odom_plus_spawn (independent of AMCL),-3.4827,-0.7486,0.0861,,
1790754287479941865,19.933,map,sim_state_odom_plus_spawn (independent of AMCL),-3.4694,-0.7474,0.0868,,
1790754287515207215,19.950,map,sim_state_odom_plus_spawn (independent of AMCL),-3.4561,-0.7462,0.0875,,
1790754287573822010,19.967,map,sim_state_odom_plus_spawn (independent of AMCL),-3.4428,-0.7451,0.0882,,
1790754287614901545,19.983,map,sim_state_odom_plus_spawn (independent of AMCL),-3.4295,-0.7439,0.0888,,
1790754287664237799,20.000,map,sim_state_odom_plus_spawn (independent of AMCL),-3.4162,-0.7427,0.0895,,
1790754287694674419,20.017,map,sim_state_odom_plus_spawn (independent of AMCL),-3.4029,-0.7415,0.0901,,
1790754287759833540,20.033,map,sim_state_odom_plus_spawn (independent of AMCL),-3.3896,-0.7403,0.0907,,
1790754287796836531,20.050,map,sim_state_odom_plus_spawn (independent of AMCL),-3.3763,-0.7391,0.0912,,
1790754287850474589,20.067,map,sim_state_odom_plus_spawn (independent of AMCL),-3.3630,-0.7378,0.0918,,
1790754287890618601,20.083,map,sim_state_odom_plus_spawn (independent of AMCL),-3.3497,-0.7366,0.0923,,
1790754287942900104,20.100,map,sim_state_odom_plus_spawn (independent of AMCL),-3.3364,-0.7354,0.0928,,
1790754287979832154,20.117,map,sim_state_odom_plus_spawn (independent of AMCL),-3.3231,-0.7341,0.0934,,
1790754288030133891,20.133,map,sim_state_odom_plus_spawn (independent of AMCL),-3.3098,-0.7329,0.0938,,
1790754288073870857,20.150,map,sim_state_odom_plus_spawn (independent of AMCL),-3.2965,-0.7316,0.0943,,
1790754288127235795,20.167,map,sim_state_odom_plus_spawn (independent of AMCL),-3.2832,-0.7304,0.0948,,
1790754288164372944,20.183,map,sim_state_odom_plus_spawn (independent of AMCL),-3.2700,-0.7291,0.0952,,
1790754288216296348,20.200,map,sim_state_odom_plus_spawn (independent of AMCL),-3.2567,-0.7278,0.0957,,
1790754288254537377,20.217,map,sim_state_odom_plus_spawn (independent of AMCL),-3.2434,-0.7265,0.0959,,
1790754288306458708,20.233,map,sim_state_odom_plus_spawn (independent of AMCL),-3.2301,-0.7252,0.0960,,
1790754288344011048,20.250,map,sim_state_odom_plus_spawn (independent of AMCL),-3.2168,-0.7240,0.0959,,
1790754288394797128,20.267,map,sim_state_odom_plus_spawn (independent of AMCL),-3.2035,-0.7227,0.0956,,
1790754288444643445,20.283,map,sim_state_odom_plus_spawn (independent of AMCL),-3.1902,-0.7214,0.0952,,
1790754288482792711,20.300,map,sim_state_odom_plus_spawn (independent of AMCL),-3.1769,-0.7201,0.0947,,
1790754288521257398,20.317,map,sim_state_odom_plus_spawn (independent of AMCL),-3.1636,-0.7189,0.0942,,
1790754288574102758,20.333,map,sim_state_odom_plus_spawn (independent of AMCL),-3.1503,-0.7176,0.0936,,
1790754288611280230,20.350,map,sim_state_odom_plus_spawn (independent of AMCL),-3.1370,-0.7164,0.0928,,
1790754288663324508,20.367,map,sim_state_odom_plus_spawn (independent of AMCL),-3.1238,-0.7152,0.0920,,
1790754288701960095,20.383,map,sim_state_odom_plus_spawn (independent of AMCL),-3.1105,-0.7140,0.0912,,
1790754288757718577,20.400,map,sim_state_odom_plus_spawn (independent of AMCL),-3.0972,-0.7128,0.0903,,
1790754288797105221,20.417,map,sim_state_odom_plus_spawn (independent of AMCL),-3.0839,-0.7116,0.0893,,
1790754288849248138,20.433,map,sim_state_odom_plus_spawn (independent of AMCL),-3.0705,-0.7104,0.0882,,
1790754288891683192,20.450,map,sim_state_odom_plus_spawn (independent of AMCL),-3.0572,-0.7092,0.0871,,
1790754288942863359,20.467,map,sim_state_odom_plus_spawn (independent of AMCL),-3.0439,-0.7081,0.0860,,
1790754288980074936,20.483,map,sim_state_odom_plus_spawn (independent of AMCL),-3.0306,-0.7069,0.0848,,
1790754289030787812,20.500,map,sim_state_odom_plus_spawn (independent of AMCL),-3.0173,-0.7058,0.0835,,
1790754289068774563,20.517,map,sim_state_odom_plus_spawn (independent of AMCL),-3.0040,-0.7047,0.0822,,
1790754289131478997,20.533,map,sim_state_odom_plus_spawn (independent of AMCL),-2.9907,-0.7037,0.0808,,
1790754289173443557,20.550,map,sim_state_odom_plus_spawn (independent of AMCL),-2.9774,-0.7026,0.0794,,
1790754289227767854,20.567,map,sim_state_odom_plus_spawn (independent of AMCL),-2.9641,-0.7016,0.0780,,
1790754289262549332,20.583,map,sim_state_odom_plus_spawn (independent of AMCL),-2.9508,-0.7005,0.0765,,
1790754289316536350,20.600,map,sim_state_odom_plus_spawn (independent of AMCL),-2.9374,-0.6995,0.0749,,
1790754289355290456,20.617,map,sim_state_odom_plus_spawn (independent of AMCL),-2.9241,-0.6986,0.0733,,
1790754289407542093,20.633,map,sim_state_odom_plus_spawn (independent of AMCL),-2.9108,-0.6976,0.0717,,
1790754289446641203,20.650,map,sim_state_odom_plus_spawn (independent of AMCL),-2.8975,-0.6967,0.0700,,
1790754289499348354,20.667,map,sim_state_odom_plus_spawn (independent of AMCL),-2.8842,-0.6957,0.0683,,
1790754289537635641,20.683,map,sim_state_odom_plus_spawn (independent of AMCL),-2.8711,-0.6949,0.0666,,
1790754289588978417,20.700,map,sim_state_odom_plus_spawn (independent of AMCL),-2.8584,-0.6941,0.0651,,
1790754289623786934,20.717,map,sim_state_odom_plus_spawn (independent of AMCL),-2.8458,-0.6933,0.0637,,
1790754289679050805,20.733,map,sim_state_odom_plus_spawn (independent of AMCL),-2.8330,-0.6925,0.0622,,
1790754289717810563,20.750,map,sim_state_odom_plus_spawn (independent of AMCL),-2.8199,-0.6917,0.0608,,
1790754289771445041,20.767,map,sim_state_odom_plus_spawn (independent of AMCL),-2.8067,-0.6909,0.0594,,
1790754289818639108,20.783,map,sim_state_odom_plus_spawn (independent of AMCL),-2.7934,-0.6901,0.0580,,
1790754289860741972,20.800,map,sim_state_odom_plus_spawn (independent of AMCL),-2.7801,-0.6893,0.0566,,
1790754289895927241,20.817,map,sim_state_odom_plus_spawn (independent of AMCL),-2.7667,-0.6886,0.0552,,
1790754289955557451,20.833,map,sim_state_odom_plus_spawn (independent of AMCL),-2.7534,-0.6879,0.0538,,
1790754290003256399,20.850,map,sim_state_odom_plus_spawn (independent of AMCL),-2.7401,-0.6872,0.0525,,
1790754290054616699,20.867,map,sim_state_odom_plus_spawn (independent of AMCL),-2.7268,-0.6865,0.0511,,
1790754290097334953,20.883,map,sim_state_odom_plus_spawn (independent of AMCL),-2.7134,-0.6858,0.0498,,
1790754290145025987,20.900,map,sim_state_odom_plus_spawn (independent of AMCL),-2.7001,-0.6852,0.0485,,
1790754290183326087,20.917,map,sim_state_odom_plus_spawn (independent of AMCL),-2.6868,-0.6846,0.0472,,
1790754290233757553,20.933,map,sim_state_odom_plus_spawn (independent of AMCL),-2.6734,-0.6840,0.0460,,
1790754290266508956,20.950,map,sim_state_odom_plus_spawn (independent of AMCL),-2.6601,-0.6834,0.0447,,
1790754290320252140,20.967,map,sim_state_odom_plus_spawn (independent of AMCL),-2.6467,-0.6828,0.0434,,
1790754290355031133,20.983,map,sim_state_odom_plus_spawn (independent of AMCL),-2.6334,-0.6822,0.0422,,
1790754290409201003,21.000,map,sim_state_odom_plus_spawn (independent of AMCL),-2.6201,-0.6817,0.0410,,
1790754290449253560,21.017,map,sim_state_odom_plus_spawn (independent of AMCL),-2.6067,-0.6811,0.0397,,
1790754290508653317,21.033,map,sim_state_odom_plus_spawn (independent of AMCL),-2.5934,-0.6806,0.0385,,
1790754290546656440,21.050,map,sim_state_odom_plus_spawn (independent of AMCL),-2.5800,-0.6801,0.0373,,
1790754290595565319,21.067,map,sim_state_odom_plus_spawn (independent of AMCL),-2.5667,-0.6797,0.0361,,
1790754290631679466,21.083,map,sim_state_odom_plus_spawn (independent of AMCL),-2.5534,-0.6792,0.0349,,
1790754290685835088,21.100,map,sim_state_odom_plus_spawn (independent of AMCL),-2.5400,-0.6787,0.0338,,
1790754290722805811,21.117,map,sim_state_odom_plus_spawn (independent of AMCL),-2.5267,-0.6783,0.0326,,
1790754290775382847,21.133,map,sim_state_odom_plus_spawn (independent of AMCL),-2.5133,-0.6779,0.0314,,
1790754290809553353,21.150,map,sim_state_odom_plus_spawn (independent of AMCL),-2.5000,-0.6775,0.0303,,
1790754290861147066,21.167,map,sim_state_odom_plus_spawn (independent of AMCL),-2.4866,-0.6771,0.0291,,
1790754290897447001,21.183,map,sim_state_odom_plus_spawn (independent of AMCL),-2.4733,-0.6767,0.0280,,
1790754290948645393,21.200,map,sim_state_odom_plus_spawn (independent of AMCL),-2.4599,-0.6764,0.0268,,
1790754290987755230,21.217,map,sim_state_odom_plus_spawn (independent of AMCL),-2.4466,-0.6760,0.0257,,
1790754291034732295,21.233,map,sim_state_odom_plus_spawn (independent of AMCL),-2.4333,-0.6757,0.0246,,
1790754291070913214,21.250,map,sim_state_odom_plus_spawn (independent of AMCL),-2.4199,-0.6754,0.0234,,
1790754291124581877,21.267,map,sim_state_odom_plus_spawn (independent of AMCL),-2.4066,-0.6751,0.0223,,
1790754291168803611,21.283,map,sim_state_odom_plus_spawn (independent of AMCL),-2.3932,-0.6748,0.0212,,
1790754291206730370,21.300,map,sim_state_odom_plus_spawn (independent of AMCL),-2.3799,-0.6745,0.0200,,
1790754291246841782,21.317,map,sim_state_odom_plus_spawn (independent of AMCL),-2.3665,-0.6743,0.0189,,
1790754291295719278,21.333,map,sim_state_odom_plus_spawn (independent of AMCL),-2.3532,-0.6740,0.0178,,
1790754291330712835,21.350,map,sim_state_odom_plus_spawn (independent of AMCL),-2.3398,-0.6738,0.0168,,
1790754291382513941,21.367,map,sim_state_odom_plus_spawn (independent of AMCL),-2.3265,-0.6736,0.0156,,
1790754291417391369,21.383,map,sim_state_odom_plus_spawn (independent of AMCL),-2.3131,-0.6734,0.0145,,
1790754291470959177,21.400,map,sim_state_odom_plus_spawn (independent of AMCL),-2.2998,-0.6732,0.0134,,
1790754291508282012,21.417,map,sim_state_odom_plus_spawn (independent of AMCL),-2.2864,-0.6731,0.0123,,
1790754291560099974,21.433,map,sim_state_odom_plus_spawn (independent of AMCL),-2.2731,-0.6729,0.0112,,
1790754291592555184,21.450,map,sim_state_odom_plus_spawn (independent of AMCL),-2.2597,-0.6728,0.0101,,
1790754291643825097,21.467,map,sim_state_odom_plus_spawn (independent of AMCL),-2.2464,-0.6727,0.0087,,
1790754291679673554,21.483,map,sim_state_odom_plus_spawn (independent of AMCL),-2.2330,-0.6726,0.0073,,
1790754291731097499,21.500,map,sim_state_odom_plus_spawn (independent of AMCL),-2.2197,-0.6725,0.0057,,
1790754291766300683,21.517,map,sim_state_odom_plus_spawn (independent of AMCL),-2.2063,-0.6724,0.0040,,
1790754291828924197,21.533,map,sim_state_odom_plus_spawn (independent of AMCL),-2.1929,-0.6724,0.0022,,
1790754291867076416,21.550,map,sim_state_odom_plus_spawn (independent of AMCL),-2.1796,-0.6724,0.0005,,
1790754291919824804,21.567,map,sim_state_odom_plus_spawn (independent of AMCL),-2.1662,-0.6724,-0.0013,,
1790754291967675954,21.583,map,sim_state_odom_plus_spawn (independent of AMCL),-2.1529,-0.6725,-0.0032,,
1790754292016915525,21.600,map,sim_state_odom_plus_spawn (independent of AMCL),-2.1395,-0.6725,-0.0054,,
1790754292056043615,21.617,map,sim_state_odom_plus_spawn (independent of AMCL),-2.1262,-0.6726,-0.0077,,
1790754292108981423,21.633,map,sim_state_odom_plus_spawn (independent of AMCL),-2.1128,-0.6728,-0.0100,,
1790754292148746311,21.650,map,sim_state_odom_plus_spawn (independent of AMCL),-2.0995,-0.6729,-0.0124,,
1790754292195574094,21.667,map,sim_state_odom_plus_spawn (independent of AMCL),-2.0861,-0.6731,-0.0148,,
1790754292235202367,21.683,map,sim_state_odom_plus_spawn (independent of AMCL),-2.0727,-0.6734,-0.0171,,
1790754292287030201,21.700,map,sim_state_odom_plus_spawn (independent of AMCL),-2.0594,-0.6736,-0.0195,,
1790754292322611664,21.717,map,sim_state_odom_plus_spawn (independent of AMCL),-2.0460,-0.6739,-0.0218,,
1790754292376624430,21.733,map,sim_state_odom_plus_spawn (independent of AMCL),-2.0327,-0.6742,-0.0242,,
1790754292409104505,21.750,map,sim_state_odom_plus_spawn (independent of AMCL),-2.0194,-0.6746,-0.0266,,
1790754292461587203,21.767,map,sim_state_odom_plus_spawn (independent of AMCL),-2.0060,-0.6750,-0.0290,,
1790754292517431021,21.783,map,sim_state_odom_plus_spawn (independent of AMCL),-1.9927,-0.6754,-0.0314,,
1790754292555040406,21.800,map,sim_state_odom_plus_spawn (independent of AMCL),-1.9793,-0.6758,-0.0338,,
1790754292597868595,21.817,map,sim_state_odom_plus_spawn (independent of AMCL),-1.9660,-0.6763,-0.0363,,
1790754292650505139,21.833,map,sim_state_odom_plus_spawn (independent of AMCL),-1.9526,-0.6768,-0.0386,,
1790754292692347585,21.850,map,sim_state_odom_plus_spawn (independent of AMCL),-1.9393,-0.6774,-0.0408,,
1790754292744251689,21.867,map,sim_state_odom_plus_spawn (independent of AMCL),-1.9260,-0.6780,-0.0428,,
1790754292789531152,21.883,map,sim_state_odom_plus_spawn (independent of AMCL),-1.9126,-0.6786,-0.0449,,
1790754292842216215,21.900,map,sim_state_odom_plus_spawn (independent of AMCL),-1.8993,-0.6792,-0.0468,,
1790754292888752326,21.917,map,sim_state_odom_plus_spawn (independent of AMCL),-1.8860,-0.6798,-0.0488,,
1790754292939944292,21.933,map,sim_state_odom_plus_spawn (independent of AMCL),-1.8727,-0.6805,-0.0508,,
1790754292976861003,21.950,map,sim_state_odom_plus_spawn (independent of AMCL),-1.8593,-0.6812,-0.0529,,
1790754293026814108,21.967,map,sim_state_odom_plus_spawn (independent of AMCL),-1.8460,-0.6820,-0.0550,,
1790754293063856167,21.983,map,sim_state_odom_plus_spawn (independent of AMCL),-1.8327,-0.6827,-0.0571,,
1790754293109109275,22.000,map,sim_state_odom_plus_spawn (independent of AMCL),-1.8193,-0.6835,-0.0593,,
1790754293148748071,22.017,map,sim_state_odom_plus_spawn (independent of AMCL),-1.8060,-0.6843,-0.0616,,
1790754293217894719,22.033,map,sim_state_odom_plus_spawn (independent of AMCL),-1.7927,-0.6852,-0.0639,,
1790754293261337822,22.050,map,sim_state_odom_plus_spawn (independent of AMCL),-1.7794,-0.6861,-0.0662,,
1790754293312573558,22.067,map,sim_state_odom_plus_spawn (independent of AMCL),-1.7660,-0.6870,-0.0685,,
1790754293350484113,22.083,map,sim_state_odom_plus_spawn (independent of AMCL),-1.7527,-0.6879,-0.0707,,
1790754293397889839,22.100,map,sim_state_odom_plus_spawn (independent of AMCL),-1.7394,-0.6889,-0.0728,,
1790754293433074957,22.117,map,sim_state_odom_plus_spawn (independent of AMCL),-1.7261,-0.6899,-0.0747,,
1790754293489344269,22.133,map,sim_state_odom_plus_spawn (independent of AMCL),-1.7128,-0.6909,-0.0767,,
1790754293530146586,22.150,map,sim_state_odom_plus_spawn (independent of AMCL),-1.6995,-0.6920,-0.0785,,
1790754293581896287,22.167,map,sim_state_odom_plus_spawn (independent of AMCL),-1.6862,-0.6930,-0.0804,,
1790754293621386825,22.183,map,sim_state_odom_plus_spawn (independent of AMCL),-1.6729,-0.6941,-0.0821,,
1790754293673864309,22.200,map,sim_state_odom_plus_spawn (independent of AMCL),-1.6596,-0.6953,-0.0839,,
1790754293708379196,22.217,map,sim_state_odom_plus_spawn (independent of AMCL),-1.6463,-0.6964,-0.0856,,
1790754293762633531,22.233,map,sim_state_odom_plus_spawn (independent of AMCL),-1.6330,-0.6976,-0.0873,,
1790754293805382284,22.250,map,sim_state_odom_plus_spawn (independent of AMCL),-1.6197,-0.6988,-0.0889,,
1790754293852930586,22.267,map,sim_state_odom_plus_spawn (independent of AMCL),-1.6064,-0.7000,-0.0906,,
1790754293903492552,22.283,map,sim_state_odom_plus_spawn (independent of AMCL),-1.5931,-0.7012,-0.0922,,
1790754293944083473,22.300,map,sim_state_odom_plus_spawn (independent of AMCL),-1.5798,-0.7024,-0.0937,,
1790754293978609441,22.317,map,sim_state_odom_plus_spawn (independent of AMCL),-1.5665,-0.7037,-0.0953,,
1790754294029980211,22.333,map,sim_state_odom_plus_spawn (independent of AMCL),-1.5533,-0.7050,-0.0968,,
1790754294066517058,22.350,map,sim_state_odom_plus_spawn (independent of AMCL),-1.5400,-0.7063,-0.0983,,
1790754294116222820,22.367,map,sim_state_odom_plus_spawn (independent of AMCL),-1.5267,-0.7076,-0.0997,,
1790754294153998715,22.383,map,sim_state_odom_plus_spawn (independent of AMCL),-1.5134,-0.7090,-0.1012,,
1790754294200387128,22.400,map,sim_state_odom_plus_spawn (independent of AMCL),-1.5001,-0.7104,-0.1026,,
1790754294236584437,22.417,map,sim_state_odom_plus_spawn (independent of AMCL),-1.4869,-0.7118,-0.1040,,
1790754294290797890,22.433,map,sim_state_odom_plus_spawn (independent of AMCL),-1.4736,-0.7132,-0.1054,,
1790754294387813643,22.450,map,sim_state_odom_plus_spawn (independent of AMCL),-1.4603,-0.7146,-0.1068,,
1790754294439637473,22.467,map,sim_state_odom_plus_spawn (independent of AMCL),-1.4470,-0.7160,-0.1082,,
1790754294475660821,22.483,map,sim_state_odom_plus_spawn (independent of AMCL),-1.4338,-0.7175,-0.1095,,
1790754294526373932,22.500,map,sim_state_odom_plus_spawn (independent of AMCL),-1.4205,-0.7190,-0.1108,,
1790754294565975104,22.517,map,sim_state_odom_plus_spawn (independent of AMCL),-1.4072,-0.7205,-0.1121,,
1790754294626724356,22.533,map,sim_state_odom_plus_spawn (independent of AMCL),-1.3940,-0.7220,-0.1135,,
1790754294663522703,22.550,map,sim_state_odom_plus_spawn (independent of AMCL),-1.3807,-0.7235,-0.1146,,
1790754294713362008,22.567,map,sim_state_odom_plus_spawn (independent of AMCL),-1.3674,-0.7250,-0.1157,,
1790754294753028276,22.583,map,sim_state_odom_plus_spawn (independent of AMCL),-1.3542,-0.7266,-0.1168,,
1790754294804188021,22.600,map,sim_state_odom_plus_spawn (independent of AMCL),-1.3409,-0.7282,-0.1178,,
1790754294844053486,22.617,map,sim_state_odom_plus_spawn (independent of AMCL),-1.3277,-0.7297,-0.1188,,
1790754294898753805,22.633,map,sim_state_odom_plus_spawn (independent of AMCL),-1.3144,-0.7313,-0.1197,,
1790754294943883893,22.650,map,sim_state_odom_plus_spawn (independent of AMCL),-1.3012,-0.7330,-0.1206,,
1790754294992651220,22.667,map,sim_state_odom_plus_spawn (independent of AMCL),-1.2879,-0.7346,-0.1214,,
1790754295034486588,22.683,map,sim_state_odom_plus_spawn (independent of AMCL),-1.2747,-0.7362,-0.1224,,
1790754295078732628,22.700,map,sim_state_odom_plus_spawn (independent of AMCL),-1.2614,-0.7378,-0.1233,,
1790754295115807281,22.717,map,sim_state_odom_plus_spawn (independent of AMCL),-1.2482,-0.7395,-0.1243,,
1790754295165480821,22.733,map,sim_state_odom_plus_spawn (independent of AMCL),-1.2349,-0.7412,-0.1253,,
1790754295202129793,22.750,map,sim_state_odom_plus_spawn (independent of AMCL),-1.2217,-0.7428,-0.1263,,
1790754295250814423,22.767,map,sim_state_odom_plus_spawn (independent of AMCL),-1.2084,-0.7445,-0.1272,,
1790754295299367280,22.783,map,sim_state_odom_plus_spawn (independent of AMCL),-1.1952,-0.7463,-0.1282,,
1790754295339815065,22.800,map,sim_state_odom_plus_spawn (independent of AMCL),-1.1822,-0.7479,-0.1292,,
1790754295379809138,22.817,map,sim_state_odom_plus_spawn (independent of AMCL),-1.1694,-0.7496,-0.1301,,
1790754295428246518,22.833,map,sim_state_odom_plus_spawn (independent of AMCL),-1.1568,-0.7513,-0.1311,,
1790754295466375921,22.850,map,sim_state_odom_plus_spawn (independent of AMCL),-1.1442,-0.7529,-0.1320,,
1790754295517837302,22.867,map,sim_state_odom_plus_spawn (independent of AMCL),-1.1317,-0.7546,-0.1330,,
1790754295555092155,22.883,map,sim_state_odom_plus_spawn (independent of AMCL),-1.1191,-0.7563,-0.1339,,
1790754295605776768,22.900,map,sim_state_odom_plus_spawn (independent of AMCL),-1.1068,-0.7580,-0.1349,,
1790754295640508361,22.917,map,sim_state_odom_plus_spawn (independent of AMCL),-1.0948,-0.7596,-0.1358,,
1790754295694978191,22.933,map,sim_state_odom_plus_spawn (independent of AMCL),-1.0828,-0.7613,-0.1367,,
1790754295728799286,22.950,map,sim_state_odom_plus_spawn (independent of AMCL),-1.0712,-0.7629,-0.1376,,
1790754295783238012,22.967,map,sim_state_odom_plus_spawn (independent of AMCL),-1.0598,-0.7645,-0.1385,,
1790754295820749614,22.983,map,sim_state_odom_plus_spawn (independent of AMCL),-1.0486,-0.7661,-0.1394,,
1790754295871801518,23.000,map,sim_state_odom_plus_spawn (independent of AMCL),-1.0374,-0.7676,-0.1403,,
1790754295909839098,23.017,map,sim_state_odom_plus_spawn (independent of AMCL),-1.0263,-0.7692,-0.1412,,
1790754295976512960,23.033,map,sim_state_odom_plus_spawn (independent of AMCL),-1.0152,-0.7708,-0.1421,,
1790754296011197337,23.050,map,sim_state_odom_plus_spawn (independent of AMCL),-1.0042,-0.7724,-0.1430,,
1790754296059600726,23.067,map,sim_state_odom_plus_spawn (independent of AMCL),-0.9936,-0.7739,-0.1439,,
1790754296091152516,23.083,map,sim_state_odom_plus_spawn (independent of AMCL),-0.9831,-0.7755,-0.1448,,
1790754296144172927,23.100,map,sim_state_odom_plus_spawn (independent of AMCL),-0.9726,-0.7770,-0.1456,,
1790754296175324646,23.117,map,sim_state_odom_plus_spawn (independent of AMCL),-0.9622,-0.7785,-0.1465,,
1790754296229860503,23.133,map,sim_state_odom_plus_spawn (independent of AMCL),-0.9520,-0.7801,-0.1474,,
1790754296262715039,23.150,map,sim_state_odom_plus_spawn (independent of AMCL),-0.9420,-0.7815,-0.1482,,
1790754296311197120,23.167,map,sim_state_odom_plus_spawn (independent of AMCL),-0.9322,-0.7830,-0.1491,,
1790754296347520149,23.183,map,sim_state_odom_plus_spawn (independent of AMCL),-0.9224,-0.7845,-0.1499,,
1790754296398403588,23.200,map,sim_state_odom_plus_spawn (independent of AMCL),-0.9127,-0.7860,-0.1508,,
1790754296437826889,23.217,map,sim_state_odom_plus_spawn (independent of AMCL),-0.9032,-0.7874,-0.1516,,
1790754296490388466,23.233,map,sim_state_odom_plus_spawn (independent of AMCL),-0.8939,-0.7888,-0.1524,,
1790754296529055394,23.250,map,sim_state_odom_plus_spawn (independent of AMCL),-0.8848,-0.7902,-0.1532,,
1790754296579553290,23.267,map,sim_state_odom_plus_spawn (independent of AMCL),-0.8758,-0.7917,-0.1541,,
1790754296630771425,23.283,map,sim_state_odom_plus_spawn (independent of AMCL),-0.8667,-0.7931,-0.1549,,
1790754296671829840,23.300,map,sim_state_odom_plus_spawn (independent of AMCL),-0.8579,-0.7945,-0.1557,,
1790754296710943402,23.317,map,sim_state_odom_plus_spawn (independent of AMCL),-0.8493,-0.7958,-0.1565,,
1790754296765046221,23.333,map,sim_state_odom_plus_spawn (independent of AMCL),-0.8409,-0.7971,-0.1573,,
1790754296805677652,23.350,map,sim_state_odom_plus_spawn (independent of AMCL),-0.8326,-0.7985,-0.1581,,
1790754296860281863,23.367,map,sim_state_odom_plus_spawn (independent of AMCL),-0.8242,-0.7998,-0.1589,,
1790754296898745776,23.383,map,sim_state_odom_plus_spawn (independent of AMCL),-0.8161,-0.8011,-0.1597,,
1790754296947449125,23.400,map,sim_state_odom_plus_spawn (independent of AMCL),-0.8083,-0.8024,-0.1604,,
1790754296981719462,23.417,map,sim_state_odom_plus_spawn (independent of AMCL),-0.8005,-0.8036,-0.1612,,
1790754297035193026,23.433,map,sim_state_odom_plus_spawn (independent of AMCL),-0.7929,-0.8049,-0.1620,,
1790754297074773897,23.450,map,sim_state_odom_plus_spawn (independent of AMCL),-0.7852,-0.8062,-0.1627,,
1790754297128555616,23.467,map,sim_state_odom_plus_spawn (independent of AMCL),-0.7776,-0.8074,-0.1635,,
1790754297163644441,23.483,map,sim_state_odom_plus_spawn (independent of AMCL),-0.7700,-0.8087,-0.1643,,
1790754297213895179,23.500,map,sim_state_odom_plus_spawn (independent of AMCL),-0.7623,-0.8099,-0.1650,,
1790754297261499078,23.517,map,sim_state_odom_plus_spawn (independent of AMCL),-0.7547,-0.8112,-0.1658,,
1790754297314739546,23.533,map,sim_state_odom_plus_spawn (independent of AMCL),-0.7473,-0.8125,-0.1666,,
1790754297349899520,23.550,map,sim_state_odom_plus_spawn (independent of AMCL),-0.7399,-0.8137,-0.1673,,
1790754297401737690,23.567,map,sim_state_odom_plus_spawn (independent of AMCL),-0.7323,-0.8150,-0.1679,,
1790754297434979632,23.583,map,sim_state_odom_plus_spawn (independent of AMCL),-0.7249,-0.8163,-0.1686,,
1790754297488083857,23.600,map,sim_state_odom_plus_spawn (independent of AMCL),-0.7178,-0.8175,-0.1694,,
1790754297535526926,23.617,map,sim_state_odom_plus_spawn (independent of AMCL),-0.7108,-0.8187,-0.1700,,
1790754297585113300,23.633,map,sim_state_odom_plus_spawn (independent of AMCL),-0.7038,-0.8199,-0.1707,,
1790754297624714659,23.650,map,sim_state_odom_plus_spawn (independent of AMCL),-0.6969,-0.8211,-0.1713,,
1790754297672112841,23.667,map,sim_state_odom_plus_spawn (independent of AMCL),-0.6899,-0.8223,-0.1719,,
1790754297710127698,23.683,map,sim_state_odom_plus_spawn (independent of AMCL),-0.6830,-0.8235,-0.1724,,
1790754297759886822,23.700,map,sim_state_odom_plus_spawn (independent of AMCL),-0.6761,-0.8247,-0.1730,,
1790754297794713682,23.717,map,sim_state_odom_plus_spawn (independent of AMCL),-0.6691,-0.8259,-0.1735,,
1790754297844273328,23.733,map,sim_state_odom_plus_spawn (independent of AMCL),-0.6622,-0.8271,-0.1740,,
1790754297882267232,23.750,map,sim_state_odom_plus_spawn (independent of AMCL),-0.6555,-0.8283,-0.1746,,
1790754297934470459,23.767,map,sim_state_odom_plus_spawn (independent of AMCL),-0.6490,-0.8295,-0.1750,,
1790754297979480879,23.783,map,sim_state_odom_plus_spawn (independent of AMCL),-0.6427,-0.8306,-0.1755,,
1790754298020793064,23.800,map,sim_state_odom_plus_spawn (independent of AMCL),-0.6365,-0.8317,-0.1760,,
1790754298056713880,23.817,map,sim_state_odom_plus_spawn (independent of AMCL),-0.6302,-0.8328,-0.1764,,
1790754298109493373,23.833,map,sim_state_odom_plus_spawn (independent of AMCL),-0.6240,-0.8339,-0.1768,,
1790754298140871762,23.850,map,sim_state_odom_plus_spawn (independent of AMCL),-0.6178,-0.8351,-0.1773,,
1790754298191285937,23.867,map,sim_state_odom_plus_spawn (independent of AMCL),-0.6115,-0.8362,-0.1777,,
1790754298227440780,23.883,map,sim_state_odom_plus_spawn (independent of AMCL),-0.6053,-0.8373,-0.1781,,
1790754298279367327,23.900,map,sim_state_odom_plus_spawn (independent of AMCL),-0.5993,-0.8384,-0.1785,,
1790754298315954455,23.917,map,sim_state_odom_plus_spawn (independent of AMCL),-0.5935,-0.8394,-0.1789,,
1790754298365142284,23.933,map,sim_state_odom_plus_spawn (independent of AMCL),-0.5879,-0.8404,-0.1792,,
1790754298399013322,23.950,map,sim_state_odom_plus_spawn (independent of AMCL),-0.5823,-0.8415,-0.1796,,
1790754298449233741,23.967,map,sim_state_odom_plus_spawn (independent of AMCL),-0.5768,-0.8425,-0.1799,,
1790754298488519142,23.983,map,sim_state_odom_plus_spawn (independent of AMCL),-0.5713,-0.8435,-0.1802,,
1790754298538377727,24.000,map,sim_state_odom_plus_spawn (independent of AMCL),-0.5657,-0.8445,-0.1806,,
1790754298575255161,24.017,map,sim_state_odom_plus_spawn (independent of AMCL),-0.5602,-0.8455,-0.1809,,
1790754298642153115,24.033,map,sim_state_odom_plus_spawn (independent of AMCL),-0.5546,-0.8465,-0.1812,,
1790754298679077266,24.050,map,sim_state_odom_plus_spawn (independent of AMCL),-0.5491,-0.8475,-0.1815,,
1790754298728971594,24.067,map,sim_state_odom_plus_spawn (independent of AMCL),-0.5436,-0.8486,-0.1819,,
1790754298764754991,24.083,map,sim_state_odom_plus_spawn (independent of AMCL),-0.5380,-0.8496,-0.1822,,
1790754298813483891,24.100,map,sim_state_odom_plus_spawn (independent of AMCL),-0.5327,-0.8506,-0.1825,,
1790754298850061876,24.117,map,sim_state_odom_plus_spawn (independent of AMCL),-0.5277,-0.8515,-0.1828,,
1790754298905144762,24.133,map,sim_state_odom_plus_spawn (independent of AMCL),-0.5227,-0.8524,-0.1831,,
1790754298943186497,24.150,map,sim_state_odom_plus_spawn (independent of AMCL),-0.5179,-0.8533,-0.1834,,
1790754298991593622,24.167,map,sim_state_odom_plus_spawn (independent of AMCL),-0.5130,-0.8542,-0.1837,,
1790754299033139519,24.183,map,sim_state_odom_plus_spawn (independent of AMCL),-0.5082,-0.8551,-0.1839,,
1790754299083271473,24.200,map,sim_state_odom_plus_spawn (independent of AMCL),-0.5033,-0.8560,-0.1842,,
1790754299120367488,24.217,map,sim_state_odom_plus_spawn (independent of AMCL),-0.4985,-0.8569,-0.1844,,
1790754299172095467,24.233,map,sim_state_odom_plus_spawn (independent of AMCL),-0.4936,-0.8578,-0.1847,,
1790754299209854733,24.250,map,sim_state_odom_plus_spawn (independent of AMCL),-0.4888,-0.8587,-0.1849,,
1790754299259143786,24.267,map,sim_state_odom_plus_spawn (independent of AMCL),-0.4839,-0.8596,-0.1852,,
1790754299314444316,24.283,map,sim_state_odom_plus_spawn (independent of AMCL),-0.4791,-0.8605,-0.1854,,
1790754299353267505,24.300,map,sim_state_odom_plus_spawn (independent of AMCL),-0.4742,-0.8615,-0.1856,,
1790754299393545438,24.317,map,sim_state_odom_plus_spawn (independent of AMCL),-0.4696,-0.8623,-0.1858,,
1790754299446056748,24.333,map,sim_state_odom_plus_spawn (independent of AMCL),-0.4653,-0.8632,-0.1857,,
1790754299484619046,24.350,map,sim_state_odom_plus_spawn (independent of AMCL),-0.4610,-0.8639,-0.1854,,
1790754299537677936,24.367,map,sim_state_odom_plus_spawn (independent of AMCL),-0.4568,-0.8647,-0.1850,,
1790754299581324943,24.383,map,sim_state_odom_plus_spawn (independent of AMCL),-0.4527,-0.8655,-0.1848,,
1790754299631299949,24.400,map,sim_state_odom_plus_spawn (independent of AMCL),-0.4485,-0.8663,-0.1847,,
1790754299674393745,24.417,map,sim_state_odom_plus_spawn (independent of AMCL),-0.4444,-0.8671,-0.1846,,
1790754299724695124,24.433,map,sim_state_odom_plus_spawn (independent of AMCL),-0.4402,-0.8678,-0.1845,,
1790754299762656368,24.450,map,sim_state_odom_plus_spawn (independent of AMCL),-0.4361,-0.8686,-0.1844,,
1790754299812216724,24.467,map,sim_state_odom_plus_spawn (independent of AMCL),-0.4319,-0.8694,-0.1843,,
1790754299848420493,24.483,map,sim_state_odom_plus_spawn (independent of AMCL),-0.4277,-0.8702,-0.1842,,
1790754299899814032,24.500,map,sim_state_odom_plus_spawn (independent of AMCL),-0.4236,-0.8709,-0.1841,,
1790754299937377137,24.517,map,sim_state_odom_plus_spawn (independent of AMCL),-0.4194,-0.8717,-0.1840,,
1790754299998269054,24.533,map,sim_state_odom_plus_spawn (independent of AMCL),-0.4153,-0.8725,-0.1839,,
1790754300047134451,24.550,map,sim_state_odom_plus_spawn (independent of AMCL),-0.4111,-0.8732,-0.1837,,
1790754300087469047,24.567,map,sim_state_odom_plus_spawn (independent of AMCL),-0.4072,-0.8740,-0.1834,,
1790754300125741747,24.583,map,sim_state_odom_plus_spawn (independent of AMCL),-0.4035,-0.8747,-0.1830,,
1790754300177502091,24.600,map,sim_state_odom_plus_spawn (independent of AMCL),-0.3999,-0.8753,-0.1823,,
1790754300216030523,24.617,map,sim_state_odom_plus_spawn (independent of AMCL),-0.3964,-0.8760,-0.1814,,
1790754300267356704,24.633,map,sim_state_odom_plus_spawn (independent of AMCL),-0.3930,-0.8766,-0.1805,,
1790754300309832655,24.650,map,sim_state_odom_plus_spawn (independent of AMCL),-0.3895,-0.8772,-0.1796,,
1790754300362054366,24.667,map,sim_state_odom_plus_spawn (independent of AMCL),-0.3860,-0.8778,-0.1788,,
1790754300403208504,24.683,map,sim_state_odom_plus_spawn (independent of AMCL),-0.3825,-0.8785,-0.1781,,
1790754300458341861,24.700,map,sim_state_odom_plus_spawn (independent of AMCL),-0.3791,-0.8791,-0.1775,,
1790754300497723514,24.717,map,sim_state_odom_plus_spawn (independent of AMCL),-0.3756,-0.8797,-0.1771,,
1790754300547724600,24.733,map,sim_state_odom_plus_spawn (independent of AMCL),-0.3721,-0.8803,-0.1766,,
1790754300588238095,24.750,map,sim_state_odom_plus_spawn (independent of AMCL),-0.3686,-0.8809,-0.1762,,
1790754300634434726,24.767,map,sim_state_odom_plus_spawn (independent of AMCL),-0.3652,-0.8816,-0.1757,,
1790754300687082813,24.783,map,sim_state_odom_plus_spawn (independent of AMCL),-0.3617,-0.8822,-0.1753,,
1790754300727383262,24.800,map,sim_state_odom_plus_spawn (independent of AMCL),-0.3582,-0.8828,-0.1748,,
1790754300775917596,24.817,map,sim_state_odom_plus_spawn (independent of AMCL),-0.3547,-0.8834,-0.1743,,
1790754300821207158,24.833,map,sim_state_odom_plus_spawn (independent of AMCL),-0.3513,-0.8840,-0.1739,,
1790754300859456592,24.850,map,sim_state_odom_plus_spawn (independent of AMCL),-0.3478,-0.8846,-0.1734,,
1790754300909967078,24.867,map,sim_state_odom_plus_spawn (independent of AMCL),-0.3443,-0.8852,-0.1729,,
1790754300945895508,24.883,map,sim_state_odom_plus_spawn (independent of AMCL),-0.3409,-0.8858,-0.1724,,
1790754300994920010,24.900,map,sim_state_odom_plus_spawn (independent of AMCL),-0.3376,-0.8864,-0.1718,,
1790754301033997899,24.917,map,sim_state_odom_plus_spawn (independent of AMCL),-0.3346,-0.8869,-0.1711,,
1790754301085592290,24.933,map,sim_state_odom_plus_spawn (independent of AMCL),-0.3317,-0.8874,-0.1703,,
1790754301127051129,24.950,map,sim_state_odom_plus_spawn (independent of AMCL),-0.3289,-0.8879,-0.1694,,
1790754301176633720,24.967,map,sim_state_odom_plus_spawn (independent of AMCL),-0.3261,-0.8884,-0.1684,,
1790754301218443885,24.983,map,sim_state_odom_plus_spawn (independent of AMCL),-0.3233,-0.8888,-0.1674,,
1790754301290984448,25.000,map,sim_state_odom_plus_spawn (independent of AMCL),-0.3205,-0.8893,-0.1662,,
1790754301334255174,25.017,map,sim_state_odom_plus_spawn (independent of AMCL),-0.3177,-0.8898,-0.1647,,
1790754301415216403,25.033,map,sim_state_odom_plus_spawn (independent of AMCL),-0.3149,-0.8902,-0.1634,,
1790754301452874446,25.050,map,sim_state_odom_plus_spawn (independent of AMCL),-0.3121,-0.8907,-0.1620,,
1790754301506686460,25.067,map,sim_state_odom_plus_spawn (independent of AMCL),-0.3093,-0.8911,-0.1611,,
1790754301545043404,25.083,map,sim_state_odom_plus_spawn (independent of AMCL),-0.3065,-0.8916,-0.1602,,
1790754301596451952,25.100,map,sim_state_odom_plus_spawn (independent of AMCL),-0.3037,-0.8920,-0.1595,,
1790754301632611348,25.117,map,sim_state_odom_plus_spawn (independent of AMCL),-0.3009,-0.8925,-0.1588,,
1790754301685321445,25.133,map,sim_state_odom_plus_spawn (independent of AMCL),-0.2981,-0.8929,-0.1580,,
1790754301720568799,25.150,map,sim_state_odom_plus_spawn (independent of AMCL),-0.2954,-0.8934,-0.1572,,
1790754301775867828,25.167,map,sim_state_odom_plus_spawn (independent of AMCL),-0.2926,-0.8938,-0.1565,,
1790754301813766875,25.183,map,sim_state_odom_plus_spawn (independent of AMCL),-0.2898,-0.8942,-0.1557,,
1790754301862880874,25.200,map,sim_state_odom_plus_spawn (independent of AMCL),-0.2870,-0.8947,-0.1549,,
1790754301904446941,25.217,map,sim_state_odom_plus_spawn (independent of AMCL),-0.2842,-0.8951,-0.1541,,
1790754301956530467,25.233,map,sim_state_odom_plus_spawn (independent of AMCL),-0.2814,-0.8955,-0.1533,,
1790754301992727106,25.250,map,sim_state_odom_plus_spawn (independent of AMCL),-0.2786,-0.8960,-0.1525,,
1790754302044832209,25.267,map,sim_state_odom_plus_spawn (independent of AMCL),-0.2759,-0.8964,-0.1518,,
1790754302093391591,25.283,map,sim_state_odom_plus_spawn (independent of AMCL),-0.2731,-0.8968,-0.1510,,
1790754302136246448,25.300,map,sim_state_odom_plus_spawn (independent of AMCL),-0.2705,-0.8972,-0.1501,,
1790754302169186964,25.317,map,sim_state_odom_plus_spawn (independent of AMCL),-0.2682,-0.8975,-0.1492,,
1790754302228153482,25.333,map,sim_state_odom_plus_spawn (independent of AMCL),-0.2660,-0.8979,-0.1482,,
1790754302272680446,25.350,map,sim_state_odom_plus_spawn (independent of AMCL),-0.2638,-0.8982,-0.1471,,
1790754302321138229,25.367,map,sim_state_odom_plus_spawn (independent of AMCL),-0.2617,-0.8985,-0.1459,,
1790754302361067463,25.383,map,sim_state_odom_plus_spawn (independent of AMCL),-0.2596,-0.8988,-0.1449,,
1790754302412337451,25.400,map,sim_state_odom_plus_spawn (independent of AMCL),-0.2575,-0.8991,-0.1437,,
1790754302447825996,25.417,map,sim_state_odom_plus_spawn (independent of AMCL),-0.2553,-0.8994,-0.1425,,
1790754302498254678,25.433,map,sim_state_odom_plus_spawn (independent of AMCL),-0.2532,-0.8997,-0.1413,,
1790754302535999028,25.450,map,sim_state_odom_plus_spawn (independent of AMCL),-0.2511,-0.9000,-0.1400,,
1790754302589454275,25.467,map,sim_state_odom_plus_spawn (independent of AMCL),-0.2492,-0.9003,-0.1387,,
1790754302628620441,25.483,map,sim_state_odom_plus_spawn (independent of AMCL),-0.2477,-0.9005,-0.1374,,
1790754302674046031,25.500,map,sim_state_odom_plus_spawn (independent of AMCL),-0.2467,-0.9006,-0.1366,,
1790754302713318298,25.517,map,sim_state_odom_plus_spawn (independent of AMCL),-0.2462,-0.9007,-0.1362,,
1790754302772575353,25.533,map,sim_state_odom_plus_spawn (independent of AMCL),-0.2460,-0.9007,-0.1361,,
1790754302807923274,25.550,map,sim_state_odom_plus_spawn (independent of AMCL),-0.2459,-0.9007,-0.1362,,
1790754302859257054,25.567,map,sim_state_odom_plus_spawn (independent of AMCL),-0.2459,-0.9007,-0.1362,,
1790754302897636981,25.583,map,sim_state_odom_plus_spawn (independent of AMCL),-0.2458,-0.9007,-0.1362,,
1790754302949775575,25.600,map,sim_state_odom_plus_spawn (independent of AMCL),-0.2458,-0.9007,-0.1362,,
1790754302987531183,25.617,map,sim_state_odom_plus_spawn (independent of AMCL),-0.2458,-0.9007,-0.1362,,
1790754303037084598,25.633,map,sim_state_odom_plus_spawn (independent of AMCL),-0.2458,-0.9007,-0.1362,,
1790754303074696017,25.650,map,sim_state_odom_plus_spawn (independent of AMCL),-0.2458,-0.9007,-0.1362,,
1790754303125630252,25.667,map,sim_state_odom_plus_spawn (independent of AMCL),-0.2458,-0.9007,-0.1362,,
1790754303162499617,25.683,map,sim_state_odom_plus_spawn (independent of AMCL),-0.2457,-0.9007,-0.1362,,
1790754303211463047,25.700,map,sim_state_odom_plus_spawn (independent of AMCL),-0.2457,-0.9007,-0.1361,,
1790754303245067190,25.717,map,sim_state_odom_plus_spawn (independent of AMCL),-0.2457,-0.9007,-0.1361,,
1790754303300816798,25.733,map,sim_state_odom_plus_spawn (independent of AMCL),-0.2457,-0.9007,-0.1361,,
1790754303336311723,25.750,map,sim_state_odom_plus_spawn (independent of AMCL),-0.2457,-0.9007,-0.1361,,
1790754303387371384,25.767,map,sim_state_odom_plus_spawn (independent of AMCL),-0.2457,-0.9007,-0.1361,,
1790754303433783126,25.783,map,sim_state_odom_plus_spawn (independent of AMCL),-0.2457,-0.9007,-0.1361,,
1790754303476688548,25.800,map,sim_state_odom_plus_spawn (independent of AMCL),-0.2456,-0.9007,-0.1361,,
1790754303515510518,25.817,map,sim_state_odom_plus_spawn (independent of AMCL),-0.2456,-0.9008,-0.1361,,
1790754303565352405,25.833,map,sim_state_odom_plus_spawn (independent of AMCL),-0.2456,-0.9008,-0.1361,,
1790754303600832976,25.850,map,sim_state_odom_plus_spawn (independent of AMCL),-0.2456,-0.9008,-0.1361,,
1790754303651166344,25.867,map,sim_state_odom_plus_spawn (independent of AMCL),-0.2456,-0.9008,-0.1361,,
1790754303685049108,25.883,map,sim_state_odom_plus_spawn (independent of AMCL),-0.2455,-0.9008,-0.1361,,
1790754303733921260,25.900,map,sim_state_odom_plus_spawn (independent of AMCL),-0.2455,-0.9008,-0.1361,,
1790754303772991550,25.917,map,sim_state_odom_plus_spawn (independent of AMCL),-0.2455,-0.9008,-0.1360,,
1790754303823399217,25.933,map,sim_state_odom_plus_spawn (independent of AMCL),-0.2455,-0.9008,-0.1360,,
1790754303861653155,25.950,map,sim_state_odom_plus_spawn (independent of AMCL),-0.2455,-0.9008,-0.1360,,
1790754303911775540,25.967,map,sim_state_odom_plus_spawn (independent of AMCL),-0.2455,-0.9008,-0.1360,,
1790754303950076665,25.983,map,sim_state_odom_plus_spawn (independent of AMCL),-0.2454,-0.9008,-0.1360,,
1790754303999447709,26.000,map,sim_state_odom_plus_spawn (independent of AMCL),-0.2454,-0.9008,-0.1360,,
1790754304037188589,26.017,map,sim_state_odom_plus_spawn (independent of AMCL),-0.2454,-0.9008,-0.1360,,
1790754304107095096,26.033,map,sim_state_odom_plus_spawn (independent of AMCL),-0.2454,-0.9008,-0.1360,,
1790754304144840854,26.050,map,sim_state_odom_plus_spawn (independent of AMCL),-0.2454,-0.9008,-0.1360,,
1790754304195872184,26.067,map,sim_state_odom_plus_spawn (independent of AMCL),-0.2454,-0.9008,-0.1360,,
1790754304229569200,26.083,map,sim_state_odom_plus_spawn (independent of AMCL),-0.2453,-0.9008,-0.1360,,
1790754304279997037,26.100,map,sim_state_odom_plus_spawn (independent of AMCL),-0.2453,-0.9008,-0.1360,,
1790754304322761741,26.117,map,sim_state_odom_plus_spawn (independent of AMCL),-0.2453,-0.9008,-0.1360,,
1790754304370950753,26.133,map,sim_state_odom_plus_spawn (independent of AMCL),-0.2453,-0.9008,-0.1360,,
1790754304412598155,26.150,map,sim_state_odom_plus_spawn (independent of AMCL),-0.2453,-0.9008,-0.1359,,
1790754304462442950,26.167,map,sim_state_odom_plus_spawn (independent of AMCL),-0.2453,-0.9008,-0.1359,,
1790754304495486002,26.183,map,sim_state_odom_plus_spawn (independent of AMCL),-0.2452,-0.9008,-0.1359,,
1790754304544178878,26.200,map,sim_state_odom_plus_spawn (independent of AMCL),-0.2452,-0.9008,-0.1359,,
1790754304583168490,26.217,map,sim_state_odom_plus_spawn (independent of AMCL),-0.2452,-0.9008,-0.1359,,
1790754304637193364,26.233,map,sim_state_odom_plus_spawn (independent of AMCL),-0.2452,-0.9008,-0.1359,,
1790754304672966629,26.250,map,sim_state_odom_plus_spawn (independent of AMCL),-0.2452,-0.9008,-0.1359,,
1790754304731451891,26.267,map,sim_state_odom_plus_spawn (independent of AMCL),-0.2452,-0.9008,-0.1359,,
1790754304777399545,26.283,map,sim_state_odom_plus_spawn (independent of AMCL),-0.2452,-0.9008,-0.1359,,
1790754304821613176,26.300,map,sim_state_odom_plus_spawn (independent of AMCL),-0.2451,-0.9008,-0.1359,,
1790754304859037534,26.317,map,sim_state_odom_plus_spawn (independent of AMCL),-0.2451,-0.9008,-0.1359,,
1790754304915406959,26.333,map,sim_state_odom_plus_spawn (independent of AMCL),-0.2451,-0.9008,-0.1359,,
1790754304949702496,26.350,map,sim_state_odom_plus_spawn (independent of AMCL),-0.2451,-0.9008,-0.1359,,
1790754305007033588,26.367,map,sim_state_odom_plus_spawn (independent of AMCL),-0.2451,-0.9008,-0.1359,,
1790754305046339722,26.383,map,sim_state_odom_plus_spawn (independent of AMCL),-0.2451,-0.9008,-0.1358,,
1790754305095962276,26.400,map,sim_state_odom_plus_spawn (independent of AMCL),-0.2450,-0.9008,-0.1358,,
1790754305137484345,26.417,map,sim_state_odom_plus_spawn (independent of AMCL),-0.2450,-0.9008,-0.1358,,
1790754305187279608,26.433,map,sim_state_odom_plus_spawn (independent of AMCL),-0.2450,-0.9008,-0.1358,,
1790754305221042761,26.450,map,sim_state_odom_plus_spawn (independent of AMCL),-0.2450,-0.9008,-0.1358,,
1790754305275391005,26.467,map,sim_state_odom_plus_spawn (independent of AMCL),-0.2450,-0.9008,-0.1358,,
1790754305309180801,26.483,map,sim_state_odom_plus_spawn (independent of AMCL),-0.2450,-0.9008,-0.1358,,
1790754305358818647,26.500,map,sim_state_odom_plus_spawn (independent of AMCL),-0.2449,-0.9008,-0.1358,,
1790754305396922673,26.517,map,sim_state_odom_plus_spawn (independent of AMCL),-0.2449,-0.9008,-0.1358,,
1790754305458436283,26.533,map,sim_state_odom_plus_spawn (independent of AMCL),-0.2449,-0.9008,-0.1358,,
1790754305494247354,26.550,map,sim_state_odom_plus_spawn (independent of AMCL),-0.2449,-0.9008,-0.1358,,
1790754305543655829,26.567,map,sim_state_odom_plus_spawn (independent of AMCL),-0.2449,-0.9009,-0.1358,,
1790754305581870647,26.583,map,sim_state_odom_plus_spawn (independent of AMCL),-0.2449,-0.9009,-0.1358,,
1790754305630419241,26.600,map,sim_state_odom_plus_spawn (independent of AMCL),-0.2448,-0.9009,-0.1357,,
1790754305666088093,26.617,map,sim_state_odom_plus_spawn (independent of AMCL),-0.2448,-0.9009,-0.1357,,
1790754305718291605,26.633,map,sim_state_odom_plus_spawn (independent of AMCL),-0.2448,-0.9009,-0.1357,,
1790754305751558399,26.650,map,sim_state_odom_plus_spawn (independent of AMCL),-0.2448,-0.9009,-0.1357,,
1790754305803414337,26.667,map,sim_state_odom_plus_spawn (independent of AMCL),-0.2448,-0.9009,-0.1357,,
1790754305834002609,26.683,map,sim_state_odom_plus_spawn (independent of AMCL),-0.2448,-0.9009,-0.1357,,
1790754305890149605,26.700,map,sim_state_odom_plus_spawn (independent of AMCL),-0.2447,-0.9009,-0.1357,,
1790754305920455784,26.717,map,sim_state_odom_plus_spawn (independent of AMCL),-0.2447,-0.9009,-0.1357,,
1790754305980882018,26.733,map,sim_state_odom_plus_spawn (independent of AMCL),-0.2447,-0.9009,-0.1357,,
1790754306016716730,26.750,map,sim_state_odom_plus_spawn (independent of AMCL),-0.2447,-0.9009,-0.1357,,
1790754306069396901,26.767,map,sim_state_odom_plus_spawn (independent of AMCL),-0.2447,-0.9009,-0.1357,,
1790754306114302115,26.783,map,sim_state_odom_plus_spawn (independent of AMCL),-0.2447,-0.9009,-0.1357,,
1790754306154733994,26.800,map,sim_state_odom_plus_spawn (independent of AMCL),-0.2446,-0.9009,-0.1357,,
1790754306192895902,26.817,map,sim_state_odom_plus_spawn (independent of AMCL),-0.2446,-0.9009,-0.1356,,
1790754306245554778,26.833,map,sim_state_odom_plus_spawn (independent of AMCL),-0.2446,-0.9009,-0.1356,,
1790754306278261420,26.850,map,sim_state_odom_plus_spawn (independent of AMCL),-0.2446,-0.9009,-0.1356,,
1790754306329631970,26.867,map,sim_state_odom_plus_spawn (independent of AMCL),-0.2446,-0.9009,-0.1356,,
1790754306364464039,26.883,map,sim_state_odom_plus_spawn (independent of AMCL),-0.2445,-0.9009,-0.1356,,
1790754306414140550,26.900,map,sim_state_odom_plus_spawn (independent of AMCL),-0.2445,-0.9009,-0.1356,,
1790754306448776766,26.917,map,sim_state_odom_plus_spawn (independent of AMCL),-0.2445,-0.9009,-0.1356,,
1790754306505432025,26.933,map,sim_state_odom_plus_spawn (independent of AMCL),-0.2445,-0.9009,-0.1356,,
1790754306542553788,26.950,map,sim_state_odom_plus_spawn (independent of AMCL),-0.2445,-0.9009,-0.1356,,
1790754306594122724,26.967,map,sim_state_odom_plus_spawn (independent of AMCL),-0.2445,-0.9009,-0.1356,,
1790754306632623281,26.983,map,sim_state_odom_plus_spawn (independent of AMCL),-0.2444,-0.9009,-0.1356,,
1790754306683813337,27.000,map,sim_state_odom_plus_spawn (independent of AMCL),-0.2444,-0.9009,-0.1356,,
1790754306717847473,27.017,map,sim_state_odom_plus_spawn (independent of AMCL),-0.2444,-0.9009,-0.1356,,
1790754306779967370,27.033,map,sim_state_odom_plus_spawn (independent of AMCL),-0.2444,-0.9009,-0.1356,,
1790754306816762774,27.050,map,sim_state_odom_plus_spawn (independent of AMCL),-0.2444,-0.9009,-0.1355,,
1790754306870289388,27.067,map,sim_state_odom_plus_spawn (independent of AMCL),-0.2444,-0.9009,-0.1355,,
1790754306906258477,27.083,map,sim_state_odom_plus_spawn (independent of AMCL),-0.2443,-0.9009,-0.1355,,
1790754306956106324,27.100,map,sim_state_odom_plus_spawn (independent of AMCL),-0.2443,-0.9009,-0.1355,,
1790754306993832335,27.117,map,sim_state_odom_plus_spawn (independent of AMCL),-0.2443,-0.9009,-0.1355,,
1790754307047854380,27.133,map,sim_state_odom_plus_spawn (independent of AMCL),-0.2443,-0.9009,-0.1355,,
1790754307079746301,27.150,map,sim_state_odom_plus_spawn (independent of AMCL),-0.2443,-0.9009,-0.1355,,
1790754307130215936,27.167,map,sim_state_odom_plus_spawn (independent of AMCL),-0.2443,-0.9009,-0.1355,,
1790754307167189088,27.183,map,sim_state_odom_plus_spawn (independent of AMCL),-0.2442,-0.9009,-0.1355,,
1790754307224537893,27.200,map,sim_state_odom_plus_spawn (independent of AMCL),-0.2442,-0.9009,-0.1355,,
1790754307263101346,27.217,map,sim_state_odom_plus_spawn (independent of AMCL),-0.2442,-0.9009,-0.1355,,
1790754307318177714,27.233,map,sim_state_odom_plus_spawn (independent of AMCL),-0.2442,-0.9009,-0.1355,,
1790754307355309000,27.250,map,sim_state_odom_plus_spawn (independent of AMCL),-0.2442,-0.9009,-0.1355,,
1790754307413026220,27.267,map,sim_state_odom_plus_spawn (independent of AMCL),-0.2442,-0.9009,-0.1354,,
1790754307460825111,27.283,map,sim_state_odom_plus_spawn (independent of AMCL),-0.2441,-0.9010,-0.1354,,
1790754307501262035,27.300,map,sim_state_odom_plus_spawn (independent of AMCL),-0.2441,-0.9010,-0.1354,,
1790754307538592663,27.317,map,sim_state_odom_plus_spawn (independent of AMCL),-0.2441,-0.9010,-0.1354,,
1790754307591882123,27.333,map,sim_state_odom_plus_spawn (independent of AMCL),-0.2441,-0.9010,-0.1354,,
1790754307629050750,27.350,map,sim_state_odom_plus_spawn (independent of AMCL),-0.2441,-0.9010,-0.1354,,
1790754307680515772,27.367,map,sim_state_odom_plus_spawn (independent of AMCL),-0.2441,-0.9010,-0.1354,,
1790754307715338034,27.383,map,sim_state_odom_plus_spawn (independent of AMCL),-0.2440,-0.9010,-0.1354,,
1790754307767983359,27.400,map,sim_state_odom_plus_spawn (independent of AMCL),-0.2440,-0.9010,-0.1354,,
1790754307805074003,27.417,map,sim_state_odom_plus_spawn (independent of AMCL),-0.2440,-0.9010,-0.1354,,
1790754307861255331,27.433,map,sim_state_odom_plus_spawn (independent of AMCL),-0.2440,-0.9010,-0.1354,,
1790754307896413569,27.450,map,sim_state_odom_plus_spawn (independent of AMCL),-0.2440,-0.9010,-0.1354,,
1790754307948848802,27.467,map,sim_state_odom_plus_spawn (independent of AMCL),-0.2440,-0.9010,-0.1354,,
1790754307992233889,27.483,map,sim_state_odom_plus_spawn (independent of AMCL),-0.2439,-0.9010,-0.1353,,
1790754308041503985,27.500,map,sim_state_odom_plus_spawn (independent of AMCL),-0.2439,-0.9010,-0.1353,,
1790754308076911824,27.517,map,sim_state_odom_plus_spawn (independent of AMCL),-0.2439,-0.9010,-0.1353,,
1790754308139548651,27.533,map,sim_state_odom_plus_spawn (independent of AMCL),-0.2439,-0.9010,-0.1353,,
1790754308173534037,27.550,map,sim_state_odom_plus_spawn (independent of AMCL),-0.2439,-0.9010,-0.1353,,
1790754308226834435,27.567,map,sim_state_odom_plus_spawn (independent of AMCL),-0.2439,-0.9010,-0.1353,,
1790754308264355258,27.583,map,sim_state_odom_plus_spawn (independent of AMCL),-0.2438,-0.9010,-0.1353,,
1790754308312228359,27.600,map,sim_state_odom_plus_spawn (independent of AMCL),-0.2438,-0.9010,-0.1353,,
1790754308351088467,27.617,map,sim_state_odom_plus_spawn (independent of AMCL),-0.2438,-0.9010,-0.1353,,
1790754308403989994,27.633,map,sim_state_odom_plus_spawn (independent of AMCL),-0.2438,-0.9010,-0.1353,,
1790754308442105635,27.650,map,sim_state_odom_plus_spawn (independent of AMCL),-0.2438,-0.9010,-0.1353,,
1790754308489223238,27.667,map,sim_state_odom_plus_spawn (independent of AMCL),-0.2438,-0.9010,-0.1353,,
1790754308528524651,27.683,map,sim_state_odom_plus_spawn (independent of AMCL),-0.2437,-0.9010,-0.1353,,
1790754308581627499,27.700,map,sim_state_odom_plus_spawn (independent of AMCL),-0.2437,-0.9010,-0.1353,,
1790754308619586609,27.717,map,sim_state_odom_plus_spawn (independent of AMCL),-0.2437,-0.9010,-0.1352,,
1790754308669394381,27.733,map,sim_state_odom_plus_spawn (independent of AMCL),-0.2437,-0.9010,-0.1352,,
1790754308703528282,27.750,map,sim_state_odom_plus_spawn (independent of AMCL),-0.2437,-0.9010,-0.1352,,
1790754308755136445,27.767,map,sim_state_odom_plus_spawn (independent of AMCL),-0.2437,-0.9010,-0.1352,,
1790754308816178634,27.783,map,sim_state_odom_plus_spawn (independent of AMCL),-0.2436,-0.9010,-0.1352,,
1790754308858679036,27.800,map,sim_state_odom_plus_spawn (independent of AMCL),-0.2436,-0.9010,-0.1352,,
1790754308899417613,27.817,map,sim_state_odom_plus_spawn (independent of AMCL),-0.2436,-0.9010,-0.1352,,
1790754308953345363,27.833,map,sim_state_odom_plus_spawn (independent of AMCL),-0.2436,-0.9010,-0.1352,,
1790754263652387031,12.067,map,tf map->odom (AMCL) + odom->base_link (estimate),-6.0035,-1.0000,3.1416,,
1790754263724835541,12.083,map,tf map->odom (AMCL) + odom->base_link (estimate),-6.0035,-1.0000,3.1416,,
1790754263776203055,12.100,map,tf map->odom (AMCL) + odom->base_link (estimate),-6.0036,-1.0000,-3.1416,,
1790754263839698394,12.117,map,tf map->odom (AMCL) + odom->base_link (estimate),-6.0036,-1.0000,-3.1416,,
1790754263903157790,12.133,map,tf map->odom (AMCL) + odom->base_link (estimate),-6.0036,-1.0000,-3.1416,,
1790754263959595975,12.150,map,tf map->odom (AMCL) + odom->base_link (estimate),-6.0036,-1.0000,-3.1416,,
1790754264008457747,12.167,map,tf map->odom (AMCL) + odom->base_link (estimate),-6.0036,-1.0000,-3.1416,,
1790754264051886709,12.183,map,tf map->odom (AMCL) + odom->base_link (estimate),-6.0036,-1.0000,-3.1416,,
1790754264117236615,12.200,map,tf map->odom (AMCL) + odom->base_link (estimate),-6.0037,-1.0000,3.1416,,
1790754264176076447,12.217,map,tf map->odom (AMCL) + odom->base_link (estimate),-6.0037,-1.0000,3.1416,,
1790754264236940664,12.233,map,tf map->odom (AMCL) + odom->base_link (estimate),-6.0037,-1.0000,3.1416,,
1790754264284382360,12.250,map,tf map->odom (AMCL) + odom->base_link (estimate),-6.0037,-1.0000,-3.1416,,
1790754264342224056,12.267,map,tf map->odom (AMCL) + odom->base_link (estimate),-6.0037,-1.0000,-3.1416,,
1790754264429259746,12.283,map,tf map->odom (AMCL) + odom->base_link (estimate),-6.0038,-1.0000,-3.1416,,
1790754264488977710,12.300,map,tf map->odom (AMCL) + odom->base_link (estimate),-6.0038,-1.0000,-3.1416,,
1790754264557411374,12.317,map,tf map->odom (AMCL) + odom->base_link (estimate),-6.0038,-1.0000,3.1416,,
1790754264629932464,12.333,map,tf map->odom (AMCL) + odom->base_link (estimate),-6.0038,-1.0000,3.1416,,
1790754264699150132,12.350,map,tf map->odom (AMCL) + odom->base_link (estimate),-6.0038,-1.0000,3.1416,,
1790754264750921719,12.367,map,tf map->odom (AMCL) + odom->base_link (estimate),-6.0039,-1.0000,3.1416,,
1790754264805509847,12.383,map,tf map->odom (AMCL) + odom->base_link (estimate),-6.0039,-1.0000,3.1416,,
1790754264859806277,12.400,map,tf map->odom (AMCL) + odom->base_link (estimate),-6.0039,-1.0000,3.1416,,
1790754264914581546,12.417,map,tf map->odom (AMCL) + odom->base_link (estimate),-6.0039,-1.0000,3.1416,,
1790754264973482960,12.433,map,tf map->odom (AMCL) + odom->base_link (estimate),-6.0039,-1.0000,3.1416,,
1790754265028801504,12.450,map,tf map->odom (AMCL) + odom->base_link (estimate),-6.0039,-1.0000,3.1416,,
1790754265078830007,12.467,map,tf map->odom (AMCL) + odom->base_link (estimate),-6.0040,-1.0000,3.1416,,
1790754265119385087,12.483,map,tf map->odom (AMCL) + odom->base_link (estimate),-6.0040,-1.0000,3.1416,,
1790754265181881716,12.500,map,tf map->odom (AMCL) + odom->base_link (estimate),-6.0040,-1.0000,3.1416,,
1790754265239852669,12.517,map,tf map->odom (AMCL) + odom->base_link (estimate),-6.0040,-1.0000,3.1416,,
1790754265309492874,12.533,map,tf map->odom (AMCL) + odom->base_link (estimate),-6.0040,-1.0000,3.1416,,
1790754265370427200,12.550,map,tf map->odom (AMCL) + odom->base_link (estimate),-6.0041,-1.0000,3.1416,,
1790754265419838731,12.567,map,tf map->odom (AMCL) + odom->base_link (estimate),-6.0041,-1.0000,3.1416,,
1790754265478065189,12.583,map,tf map->odom (AMCL) + odom->base_link (estimate),-6.0041,-1.0000,3.1416,,
1790754265530066843,12.600,map,tf map->odom (AMCL) + odom->base_link (estimate),-6.0041,-1.0000,3.1416,,
1790754265581401209,12.617,map,tf map->odom (AMCL) + odom->base_link (estimate),-6.0041,-1.0000,3.1416,,
1790754265642620687,12.633,map,tf map->odom (AMCL) + odom->base_link (estimate),-6.0041,-1.0000,3.1416,,
1790754265692689404,12.650,map,tf map->odom (AMCL) + odom->base_link (estimate),-6.0042,-1.0000,3.1416,,
1790754265744534220,12.667,map,tf map->odom (AMCL) + odom->base_link (estimate),-6.0042,-1.0000,3.1416,,
1790754265781448164,12.683,map,tf map->odom (AMCL) + odom->base_link (estimate),-6.0042,-1.0000,3.1416,,
1790754265843844818,12.700,map,tf map->odom (AMCL) + odom->base_link (estimate),-6.0042,-1.0000,3.1416,,
1790754265897832247,12.717,map,tf map->odom (AMCL) + odom->base_link (estimate),-6.0042,-1.0000,3.1416,,
1790754265948152168,12.733,map,tf map->odom (AMCL) + odom->base_link (estimate),-6.0043,-1.0000,3.1416,,
1790754266006346267,12.750,map,tf map->odom (AMCL) + odom->base_link (estimate),-6.0043,-1.0000,3.1416,,
1790754266054662830,12.767,map,tf map->odom (AMCL) + odom->base_link (estimate),-6.0043,-1.0000,3.1416,,
1790754266144284434,12.783,map,tf map->odom (AMCL) + odom->base_link (estimate),-6.0043,-1.0000,3.1416,,
1790754266189928854,12.800,map,tf map->odom (AMCL) + odom->base_link (estimate),-6.0043,-1.0000,3.1416,,
1790754266232964260,12.817,map,tf map->odom (AMCL) + odom->base_link (estimate),-6.0044,-1.0000,3.1416,,
1790754266296906383,12.833,map,tf map->odom (AMCL) + odom->base_link (estimate),-6.0044,-1.0000,3.1416,,
1790754266354448439,12.850,map,tf map->odom (AMCL) + odom->base_link (estimate),-6.0044,-1.0000,3.1416,,
1790754266402520812,12.867,map,tf map->odom (AMCL) + odom->base_link (estimate),-6.0044,-1.0000,3.1416,,
1790754266442839185,12.883,map,tf map->odom (AMCL) + odom->base_link (estimate),-6.0044,-1.0000,3.1416,,
1790754266497314525,12.900,map,tf map->odom (AMCL) + odom->base_link (estimate),-6.0044,-1.0000,3.1416,,
1790754266535527692,12.917,map,tf map->odom (AMCL) + odom->base_link (estimate),-6.0045,-1.0000,3.1416,,
1790754266592486538,12.933,map,tf map->odom (AMCL) + odom->base_link (estimate),-6.0045,-1.0000,3.1416,,
1790754266628851222,12.950,map,tf map->odom (AMCL) + odom->base_link (estimate),-6.0045,-1.0000,3.1415,,
1790754266683485176,12.967,map,tf map->odom (AMCL) + odom->base_link (estimate),-6.0045,-1.0000,3.1413,,
1790754266722784896,12.983,map,tf map->odom (AMCL) + odom->base_link (estimate),-6.0045,-1.0000,3.1411,,
1790754266773224807,13.000,map,tf map->odom (AMCL) + odom->base_link (estimate),-6.0046,-1.0000,3.1407,,
1790754266807609419,13.017,map,tf map->odom (AMCL) + odom->base_link (estimate),-6.0046,-1.0000,3.1400,,
1790754266871356826,13.033,map,tf map->odom (AMCL) + odom->base_link (estimate),-6.0046,-1.0000,3.1389,,
1790754266907863759,13.050,map,tf map->odom (AMCL) + odom->base_link (estimate),-6.0046,-1.0000,3.1373,,
1790754266960157298,13.067,map,tf map->odom (AMCL) + odom->base_link (estimate),-6.0046,-1.0000,3.1351,,
1790754267006156170,13.083,map,tf map->odom (AMCL) + odom->base_link (estimate),-6.0047,-1.0000,3.1323,,
1790754267050459189,13.100,map,tf map->odom (AMCL) + odom->base_link (estimate),-6.0047,-1.0000,3.1289,,
1790754267089778828,13.117,map,tf map->odom (AMCL) + odom->base_link (estimate),-6.0047,-1.0000,3.1247,,
1790754267143917017,13.133,map,tf map->odom (AMCL) + odom->base_link (estimate),-6.0048,-1.0000,3.1199,,
1790754267188858985,13.150,map,tf map->odom (AMCL) + odom->base_link (estimate),-6.0048,-1.0000,3.1143,,
1790754267233711265,13.167,map,tf map->odom (AMCL) + odom->base_link (estimate),-6.0049,-1.0000,3.1079,,
1790754267274303473,13.183,map,tf map->odom (AMCL) + odom->base_link (estimate),-6.0050,-1.0000,3.1009,,
1790754267326330191,13.200,map,tf map->odom (AMCL) + odom->base_link (estimate),-6.0051,-1.0000,3.0931,,
1790754267362177785,13.217,map,tf map->odom (AMCL) + odom->base_link (estimate),-6.0052,-0.9999,3.0848,,
1790754267416364606,13.233,map,tf map->odom (AMCL) + odom->base_link (estimate),-6.0053,-0.9999,3.0761,,
1790754267453337283,13.250,map,tf map->odom (AMCL) + odom->base_link (estimate),-6.0054,-0.9999,3.0671,,
1790754267510592784,13.267,map,tf map->odom (AMCL) + odom->base_link (estimate),-6.0056,-0.9999,3.0578,,
1790754267560686379,13.283,map,tf map->odom (AMCL) + odom->base_link (estimate),-6.0057,-0.9999,3.0484,,
1790754267598306143,13.300,map,tf map->odom (AMCL) + odom->base_link (estimate),-6.0059,-0.9999,3.0388,,
1790754267634836175,13.317,map,tf map->odom (AMCL) + odom->base_link (estimate),-6.0061,-0.9998,3.0290,,
1790754267688905718,13.333,map,tf map->odom (AMCL) + odom->base_link (estimate),-6.0063,-0.9998,3.0190,,
1790754267726679420,13.350,map,tf map->odom (AMCL) + odom->base_link (estimate),-6.0065,-0.9998,3.0089,,
1790754267777790734,13.367,map,tf map->odom (AMCL) + odom->base_link (estimate),-6.0067,-0.9998,2.9987,,
1790754267815617558,13.383,map,tf map->odom (AMCL) + odom->base_link (estimate),-6.0069,-0.9997,2.9883,,
1790754267869530543,13.400,map,tf map->odom (AMCL) + odom->base_link (estimate),-6.0071,-0.9997,2.9778,,
1790754267907846866,13.417,map,tf map->odom (AMCL) + odom->base_link (estimate),-6.0073,-0.9996,2.9672,,
1790754267961296632,13.433,map,tf map->odom (AMCL) + odom->base_link (estimate),-6.0075,-0.9996,2.9565,,
1790754267995286296,13.450,map,tf map->odom (AMCL) + odom->base_link (estimate),-6.0077,-0.9995,2.9456,,
1790754268048543871,13.467,map,tf map->odom (AMCL) + odom->base_link (estimate),-6.0079,-0.9995,2.9347,,
1790754268083897757,13.483,map,tf map->odom (AMCL) + odom->base_link (estimate),-6.0081,-0.9994,2.9237,,
1790754268136263589,13.500,map,tf map->odom (AMCL) + odom->base_link (estimate),-6.0083,-0.9994,2.9126,,
1790754268172555979,13.517,map,tf map->odom (AMCL) + odom->base_link (estimate),-6.0085,-0.9994,2.9014,,
1790754268232996784,13.533,map,tf map->odom (AMCL) + odom->base_link (estimate),-6.0086,-0.9993,2.8902,,
1790754268271695804,13.550,map,tf map->odom (AMCL) + odom->base_link (estimate),-6.0087,-0.9993,2.8788,,
1790754268325677248,13.567,map,tf map->odom (AMCL) + odom->base_link (estimate),-6.0088,-0.9993,2.8675,,
1790754268358840729,13.583,map,tf map->odom (AMCL) + odom->base_link (estimate),-6.0089,-0.9992,2.8561,,
1790754268410949093,13.600,map,tf map->odom (AMCL) + odom->base_link (estimate),-6.0089,-0.9992,2.8446,,
1790754268447704235,13.617,map,tf map->odom (AMCL) + odom->base_link (estimate),-6.0089,-0.9992,2.8332,,
1790754268502598371,13.633,map,tf map->odom (AMCL) + odom->base_link (estimate),-6.0089,-0.9992,2.8217,,
1790754268539233804,13.650,map,tf map->odom (AMCL) + odom->base_link (estimate),-6.0088,-0.9992,2.8102,,
1790754268591701202,13.667,map,tf map->odom (AMCL) + odom->base_link (estimate),-6.0088,-0.9993,2.7987,,
1790754268626237322,13.683,map,tf map->odom (AMCL) + odom->base_link (estimate),-6.0087,-0.9993,2.7872,,
1790754268678544796,13.700,map,tf map->odom (AMCL) + odom->base_link (estimate),-6.0086,-0.9993,2.7758,,
1790754268717473322,13.717,map,tf map->odom (AMCL) + odom->base_link (estimate),-6.0085,-0.9994,2.7647,,
1790754268769291857,13.733,map,tf map->odom (AMCL) + odom->base_link (estimate),-6.0084,-0.9994,2.7538,,
1790754268804060849,13.750,map,tf map->odom (AMCL) + odom->base_link (estimate),-6.0083,-0.9995,2.7432,,
1790754268854934240,13.767,map,tf map->odom (AMCL) + odom->base_link (estimate),-6.0081,-0.9995,2.7327,,
1790754268901913983,13.783,map,tf map->odom (AMCL) + odom->base_link (estimate),-6.0080,-0.9996,2.7223,,
1790754268942881874,13.800,map,tf map->odom (AMCL) + odom->base_link (estimate),-6.0078,-0.9996,2.7119,,
1790754268981391884,13.817,map,tf map->odom (AMCL) + odom->base_link (estimate),-6.0077,-0.9997,2.7016,,
1790754269035078356,13.833,map,tf map->odom (AMCL) + odom->base_link (estimate),-6.0075,-0.9998,2.6914,,
1790754269074626660,13.850,map,tf map->odom (AMCL) + odom->base_link (estimate),-6.0361,-0.9990,2.7391,,
1790754269124525446,13.867,map,tf map->odom (AMCL) + odom->base_link (estimate),-6.0359,-0.9990,2.7289,,
1790754269161928891,13.883,map,tf map->odom (AMCL) + odom->base_link (estimate),-6.0357,-0.9991,2.7187,,
1790754269218582103,13.900,map,tf map->odom (AMCL) + odom->base_link (estimate),-6.0356,-0.9992,2.7086,,
1790754269254375454,13.917,map,tf map->odom (AMCL) + odom->base_link (estimate),-6.0354,-0.9993,2.6985,,
1790754269304523853,13.933,map,tf map->odom (AMCL) + odom->base_link (estimate),-6.0352,-0.9994,2.6884,,
1790754269341355872,13.950,map,tf map->odom (AMCL) + odom->base_link (estimate),-6.0350,-0.9994,2.6783,,
1790754269394028647,13.967,map,tf map->odom (AMCL) + odom->base_link (estimate),-6.0349,-0.9995,2.6681,,
1790754269429395907,13.983,map,tf map->odom (AMCL) + odom->base_link (estimate),-6.0347,-0.9996,2.6577,,
1790754269479166379,14.000,map,tf map->odom (AMCL) + odom->base_link (estimate),-6.0345,-0.9997,2.6470,,
1790754269513623191,14.017,map,tf map->odom (AMCL) + odom->base_link (estimate),-6.0343,-0.9998,2.6361,,
1790754269577592810,14.033,map,tf map->odom (AMCL) + odom->base_link (estimate),-6.0341,-0.9999,2.6251,,
1790754269618590628,14.050,map,tf map->odom (AMCL) + odom->base_link (estimate),-6.0339,-1.0001,2.6141,,
1790754269668143659,14.067,map,tf map->odom (AMCL) + odom->base_link (estimate),-6.0337,-1.0002,2.6030,,
1790754269702488805,14.083,map,tf map->odom (AMCL) + odom->base_link (estimate),-6.0335,-1.0003,2.5920,,
1790754269751968421,14.100,map,tf map->odom (AMCL) + odom->base_link (estimate),-6.0333,-1.0004,2.5810,,
1790754269790677635,14.117,map,tf map->odom (AMCL) + odom->base_link (estimate),-6.0331,-1.0005,2.5700,,
1790754269844847622,14.133,map,tf map->odom (AMCL) + odom->base_link (estimate),-6.0329,-1.0007,2.5589,,
1790754269880539593,14.150,map,tf map->odom (AMCL) + odom->base_link (estimate),-6.0327,-1.0008,2.5478,,
1790754269933175333,14.167,map,tf map->odom (AMCL) + odom->base_link (estimate),-6.0325,-1.0009,2.5367,,
1790754269969471932,14.183,map,tf map->odom (AMCL) + odom->base_link (estimate),-6.0323,-1.0011,2.5255,,
1790754270018241053,14.200,map,tf map->odom (AMCL) + odom->base_link (estimate),-6.0321,-1.0012,2.5144,,
1790754270068106732,14.217,map,tf map->odom (AMCL) + odom->base_link (estimate),-6.0320,-1.0014,2.5032,,
1790754270115646117,14.233,map,tf map->odom (AMCL) + odom->base_link (estimate),-6.0318,-1.0015,2.4920,,
1790754270150815576,14.250,map,tf map->odom (AMCL) + odom->base_link (estimate),-6.0316,-1.0017,2.4809,,
1790754270202296960,14.267,map,tf map->odom (AMCL) + odom->base_link (estimate),-6.0314,-1.0018,2.4697,,
1790754270253097777,14.283,map,tf map->odom (AMCL) + odom->base_link (estimate),-6.0312,-1.0020,2.4585,,
1790754270291843933,14.300,map,tf map->odom (AMCL) + odom->base_link (estimate),-6.0310,-1.0021,2.4474,,
1790754270326476475,14.317,map,tf map->odom (AMCL) + odom->base_link (estimate),-6.0308,-1.0023,2.4362,,
1790754270381476853,14.333,map,tf map->odom (AMCL) + odom->base_link (estimate),-6.0306,-1.0024,2.4251,,
1790754270421476873,14.350,map,tf map->odom (AMCL) + odom->base_link (estimate),-6.0305,-1.0026,2.4139,,
1790754270476980032,14.367,map,tf map->odom (AMCL) + odom->base_link (estimate),-6.0303,-1.0028,2.4027,,
1790754270516507105,14.383,map,tf map->odom (AMCL) + odom->base_link (estimate),-6.0301,-1.0029,2.3916,,
1790754270571903648,14.400,map,tf map->odom (AMCL) + odom->base_link (estimate),-6.0299,-1.0031,2.3804,,
1790754270606388330,14.417,map,tf map->odom (AMCL) + odom->base_link (estimate),-6.0297,-1.0033,2.3693,,
1790754270665877256,14.433,map,tf map->odom (AMCL) + odom->base_link (estimate),-6.0296,-1.0034,2.3581,,
1790754270707024057,14.450,map,tf map->odom (AMCL) + odom->base_link (estimate),-6.0294,-1.0036,2.3470,,
1790754270757759033,14.467,map,tf map->odom (AMCL) + odom->base_link (estimate),-6.0292,-1.0038,2.3358,,
1790754270792577592,14.483,map,tf map->odom (AMCL) + odom->base_link (estimate),-6.0291,-1.0040,2.3247,,
1790754270847760902,14.500,map,tf map->odom (AMCL) + odom->base_link (estimate),-6.0289,-1.0041,2.3135,,
1790754270889807769,14.517,map,tf map->odom (AMCL) + odom->base_link (estimate),-6.0287,-1.0043,2.3024,,
1790754270957407580,14.533,map,tf map->odom (AMCL) + odom->base_link (estimate),-6.0286,-1.0045,2.2912,,
1790754270997620272,14.550,map,tf map->odom (AMCL) + odom->base_link (estimate),-6.0284,-1.0047,2.2801,,
1790754271049378485,14.567,map,tf map->odom (AMCL) + odom->base_link (estimate),-6.0282,-1.0049,2.2689,,
1790754271085156217,14.583,map,tf map->odom (AMCL) + odom->base_link (estimate),-6.0281,-1.0051,2.2578,,
1790754271135866504,14.600,map,tf map->odom (AMCL) + odom->base_link (estimate),-6.0279,-1.0053,2.2466,,
1790754271175121706,14.617,map,tf map->odom (AMCL) + odom->base_link (estimate),-6.0278,-1.0055,2.2355,,
1790754271230846795,14.633,map,tf map->odom (AMCL) + odom->base_link (estimate),-6.0276,-1.0056,2.2243,,
1790754271269082408,14.650,map,tf map->odom (AMCL) + odom->base_link (estimate),-6.0275,-1.0058,2.2132,,
1790754271321458995,14.667,map,tf map->odom (AMCL) + odom->base_link (estimate),-6.0273,-1.0060,2.2020,,
1790754271360316444,14.683,map,tf map->odom (AMCL) + odom->base_link (estimate),-6.0272,-1.0062,2.1909,,
1790754271410435009,14.700,map,tf map->odom (AMCL) + odom->base_link (estimate),-6.0271,-1.0064,2.1797,,
1790754271445388897,14.717,map,tf map->odom (AMCL) + odom->base_link (estimate),-6.0269,-1.0066,2.1686,,
1790754271494750299,14.733,map,tf map->odom (AMCL) + odom->base_link (estimate),-6.0268,-1.0069,2.1574,,
1790754271530224175,14.750,map,tf map->odom (AMCL) + odom->base_link (estimate),-6.0266,-1.0071,2.1463,,
1790754271578452078,14.767,map,tf map->odom (AMCL) + odom->base_link (estimate),-6.0265,-1.0073,2.1351,,
1790754271621312409,14.783,map,tf map->odom (AMCL) + odom->base_link (estimate),-6.0264,-1.0075,2.1240,,
1790754271663047002,14.800,map,tf map->odom (AMCL) + odom->base_link (estimate),-6.0262,-1.0077,2.1128,,
1790754271702057548,14.817,map,tf map->odom (AMCL) + odom->base_link (estimate),-6.0261,-1.0079,2.1017,,
1790754271751923320,14.833,map,tf map->odom (AMCL) + odom->base_link (estimate),-6.0260,-1.0081,2.0906,,
1790754271788419404,14.850,map,tf map->odom (AMCL) + odom->base_link (estimate),-6.0259,-1.0083,2.0794,,
1790754271838690038,14.867,map,tf map->odom (AMCL) + odom->base_link (estimate),-6.0258,-1.0085,2.0683,,
1790754271880684158,14.883,map,tf map->odom (AMCL) + odom->base_link (estimate),-6.0256,-1.0088,2.0571,,
1790754271924698096,14.900,map,tf map->odom (AMCL) + odom->base_link (estimate),-6.0255,-1.0090,2.0460,,
1790754271962309256,14.917,map,tf map->odom (AMCL) + odom->base_link (estimate),-6.0254,-1.0092,2.0348,,
1790754272016540126,14.933,map,tf map->odom (AMCL) + odom->base_link (estimate),-6.0253,-1.0094,2.0237,,
1790754272054263981,14.950,map,tf map->odom (AMCL) + odom->base_link (estimate),-6.0965,-0.9720,2.1011,,
1790754272100827452,14.967,map,tf map->odom (AMCL) + odom->base_link (estimate),-6.0964,-0.9722,2.0900,,
1790754272137588580,14.983,map,tf map->odom (AMCL) + odom->base_link (estimate),-6.0963,-0.9724,2.0789,,
1790754272188044671,15.000,map,tf map->odom (AMCL) + odom->base_link (estimate),-6.0962,-0.9727,2.0677,,
1790754272225797798,15.017,map,tf map->odom (AMCL) + odom->base_link (estimate),-6.0961,-0.9729,2.0566,,
1790754272286138627,15.033,map,tf map->odom (AMCL) + odom->base_link (estimate),-6.0959,-0.9731,2.0454,,
1790754272320333660,15.050,map,tf map->odom (AMCL) + odom->base_link (estimate),-6.0958,-0.9733,2.0343,,
1790754272370924623,15.067,map,tf map->odom (AMCL) + odom->base_link (estimate),-6.0957,-0.9735,2.0231,,
1790754272406777321,15.083,map,tf map->odom (AMCL) + odom->base_link (estimate),-6.0956,-0.9738,2.0120,,
1790754272457836627,15.100,map,tf map->odom (AMCL) + odom->base_link (estimate),-6.0955,-0.9740,2.0008,,
1790754272490803853,15.117,map,tf map->odom (AMCL) + odom->base_link (estimate),-6.0954,-0.9742,1.9897,,
1790754272541633984,15.133,map,tf map->odom (AMCL) + odom->base_link (estimate),-6.0953,-0.9744,1.9786,,
1790754272581177046,15.150,map,tf map->odom (AMCL) + odom->base_link (estimate),-6.0952,-0.9747,1.9674,,
1790754272630238449,15.167,map,tf map->odom (AMCL) + odom->base_link (estimate),-6.0951,-0.9749,1.9563,,
1790754272663414959,15.183,map,tf map->odom (AMCL) + odom->base_link (estimate),-6.0950,-0.9751,1.9451,,
1790754272712498327,15.200,map,tf map->odom (AMCL) + odom->base_link (estimate),-6.0950,-0.9753,1.9340,,
1790754272748618663,15.217,map,tf map->odom (AMCL) + odom->base_link (estimate),-6.0949,-0.9756,1.9228,,
1790754272803337034,15.233,map,tf map->odom (AMCL) + odom->base_link (estimate),-6.0948,-0.9758,1.9117,,
1790754272847198592,15.250,map,tf map->odom (AMCL) + odom->base_link (estimate),-6.0947,-0.9760,1.9006,,
1790754272893967965,15.267,map,tf map->odom (AMCL) + odom->base_link (estimate),-6.0946,-0.9763,1.8894,,
1790754272945360333,15.283,map,tf map->odom (AMCL) + odom->base_link (estimate),-6.0946,-0.9765,1.8783,,
1790754272987093800,15.300,map,tf map->odom (AMCL) + odom->base_link (estimate),-6.0945,-0.9767,1.8671,,
1790754273033762019,15.317,map,tf map->odom (AMCL) + odom->base_link (estimate),-6.0944,-0.9770,1.8560,,
1790754273080302123,15.333,map,tf map->odom (AMCL) + odom->base_link (estimate),-6.0943,-0.9772,1.8448,,
1790754273118202216,15.350,map,tf map->odom (AMCL) + odom->base_link (estimate),-6.0943,-0.9775,1.8337,,
1790754273167789749,15.367,map,tf map->odom (AMCL) + odom->base_link (estimate),-6.0942,-0.9777,1.8225,,
1790754273206123021,15.383,map,tf map->odom (AMCL) + odom->base_link (estimate),-6.0942,-0.9779,1.8114,,
1790754273252579034,15.400,map,tf map->odom (AMCL) + odom->base_link (estimate),-6.0941,-0.9782,1.8003,,
1790754273287861105,15.417,map,tf map->odom (AMCL) + odom->base_link (estimate),-6.0940,-0.9784,1.7891,,
1790754273336337834,15.433,map,tf map->odom (AMCL) + odom->base_link (estimate),-6.0940,-0.9786,1.7780,,
1790754273372755692,15.450,map,tf map->odom (AMCL) + odom->base_link (estimate),-6.0940,-0.9789,1.7668,,
1790754273422451638,15.467,map,tf map->odom (AMCL) + odom->base_link (estimate),-6.0939,-0.9791,1.7557,,
1790754273459787232,15.483,map,tf map->odom (AMCL) + odom->base_link (estimate),-6.0939,-0.9794,1.7445,,
1790754273507737830,15.500,map,tf map->odom (AMCL) + odom->base_link (estimate),-6.0938,-0.9796,1.7334,,
1790754273540397542,15.517,map,tf map->odom (AMCL) + odom->base_link (estimate),-6.0938,-0.9799,1.7222,,
1790754273602722705,15.533,map,tf map->odom (AMCL) + odom->base_link (estimate),-6.0937,-0.9801,1.7111,,
1790754273640179060,15.550,map,tf map->odom (AMCL) + odom->base_link (estimate),-6.0937,-0.9803,1.6999,,
1790754273687766618,15.567,map,tf map->odom (AMCL) + odom->base_link (estimate),-6.0937,-0.9806,1.6888,,
1790754273727300347,15.583,map,tf map->odom (AMCL) + odom->base_link (estimate),-6.0937,-0.9808,1.6776,,
1790754273778210797,15.600,map,tf map->odom (AMCL) + odom->base_link (estimate),-6.0936,-0.9811,1.6665,,
1790754273812859173,15.617,map,tf map->odom (AMCL) + odom->base_link (estimate),-6.0936,-0.9813,1.6553,,
1790754273861571016,15.633,map,tf map->odom (AMCL) + odom->base_link (estimate),-6.0936,-0.9816,1.6442,,
1790754273902296246,15.650,map,tf map->odom (AMCL) + odom->base_link (estimate),-6.0936,-0.9818,1.6331,,
1790754273956411749,15.667,map,tf map->odom (AMCL) + odom->base_link (estimate),-6.0936,-0.9821,1.6219,,
1790754273992357493,15.683,map,tf map->odom (AMCL) + odom->base_link (estimate),-6.0936,-0.9823,1.6108,,
1790754274040065342,15.700,map,tf map->odom (AMCL) + odom->base_link (estimate),-6.0935,-0.9826,1.5996,,
1790754274076931461,15.717,map,tf map->odom (AMCL) + odom->base_link (estimate),-6.0935,-0.9828,1.5885,,
1790754274125096528,15.733,map,tf map->odom (AMCL) + odom->base_link (estimate),-6.0935,-0.9830,1.5773,,
1790754274158340065,15.750,map,tf map->odom (AMCL) + odom->base_link (estimate),-6.0935,-0.9833,1.5662,,
1790754274206833386,15.767,map,tf map->odom (AMCL) + odom->base_link (estimate),-6.0935,-0.9835,1.5551,,
1790754274251847607,15.783,map,tf map->odom (AMCL) + odom->base_link (estimate),-6.0935,-0.9838,1.5439,,
1790754274294285661,15.800,map,tf map->odom (AMCL) + odom->base_link (estimate),-6.0936,-0.9840,1.5328,,
1790754274332257024,15.817,map,tf map->odom (AMCL) + odom->base_link (estimate),-6.0936,-0.9843,1.5216,,
1790754274380358363,15.833,map,tf map->odom (AMCL) + odom->base_link (estimate),-6.0936,-0.9845,1.5105,,
1790754274423558322,15.850,map,tf map->odom (AMCL) + odom->base_link (estimate),-6.1167,-0.9584,1.4552,,
1790754274468516828,15.867,map,tf map->odom (AMCL) + odom->base_link (estimate),-6.1168,-0.9587,1.4440,,
1790754274504611238,15.883,map,tf map->odom (AMCL) + odom->base_link (estimate),-6.1168,-0.9589,1.4329,,
1790754274553629276,15.900,map,tf map->odom (AMCL) + odom->base_link (estimate),-6.1168,-0.9592,1.4217,,
1790754274586821530,15.917,map,tf map->odom (AMCL) + odom->base_link (estimate),-6.1169,-0.9594,1.4106,,
1790754274637202644,15.933,map,tf map->odom (AMCL) + odom->base_link (estimate),-6.1169,-0.9597,1.3995,,
1790754274672303712,15.950,map,tf map->odom (AMCL) + odom->base_link (estimate),-6.1169,-0.9599,1.3883,,
1790754274723949388,15.967,map,tf map->odom (AMCL) + odom->base_link (estimate),-6.1170,-0.9602,1.3772,,
1790754274757301715,15.983,map,tf map->odom (AMCL) + odom->base_link (estimate),-6.1170,-0.9604,1.3660,,
1790754274805467253,16.000,map,tf map->odom (AMCL) + odom->base_link (estimate),-6.1171,-0.9606,1.3549,,
1790754274845607339,16.017,map,tf map->odom (AMCL) + odom->base_link (estimate),-6.1171,-0.9609,1.3437,,
1790754274903308469,16.033,map,tf map->odom (AMCL) + odom->base_link (estimate),-6.1172,-0.9611,1.3326,,
1790754274942154863,16.050,map,tf map->odom (AMCL) + odom->base_link (estimate),-6.1173,-0.9614,1.3214,,
1790754274987311151,16.067,map,tf map->odom (AMCL) + odom->base_link (estimate),-6.1173,-0.9616,1.3103,,
1790754275028923761,16.083,map,tf map->odom (AMCL) + odom->base_link (estimate),-6.1174,-0.9618,1.2992,,
1790754275074085517,16.100,map,tf map->odom (AMCL) + odom->base_link (estimate),-6.1175,-0.9621,1.2880,,
1790754275112096191,16.117,map,tf map->odom (AMCL) + odom->base_link (estimate),-6.1175,-0.9623,1.2769,,
1790754275160844140,16.133,map,tf map->odom (AMCL) + odom->base_link (estimate),-6.1176,-0.9625,1.2657,,
1790754275194805745,16.150,map,tf map->odom (AMCL) + odom->base_link (estimate),-6.1177,-0.9628,1.2546,,
1790754275288026983,16.167,map,tf map->odom (AMCL) + odom->base_link (estimate),-6.1178,-0.9630,1.2434,,
1790754275322878703,16.183,map,tf map->odom (AMCL) + odom->base_link (estimate),-6.1178,-0.9632,1.2323,,
1790754275368327611,16.200,map,tf map->odom (AMCL) + odom->base_link (estimate),-6.1179,-0.9635,1.2211,,
1790754275403488919,16.217,map,tf map->odom (AMCL) + odom->base_link (estimate),-6.1180,-0.9637,1.2100,,
1790754275448254828,16.233,map,tf map->odom (AMCL) + odom->base_link (estimate),-6.1181,-0.9639,1.1988,,
1790754275484185488,16.250,map,tf map->odom (AMCL) + odom->base_link (estimate),-6.1182,-0.9642,1.1877,,
1790754275526931717,16.267,map,tf map->odom (AMCL) + odom->base_link (estimate),-6.1182,-0.9642,1.1766,,
1790754275568981184,16.283,map,tf map->odom (AMCL) + odom->base_link (estimate),-6.1181,-0.9640,1.1655,,
1790754275613074745,16.300,map,tf map->odom (AMCL) + odom->base_link (estimate),-6.1179,-0.9634,1.1545,,
1790754275655571720,16.317,map,tf map->odom (AMCL) + odom->base_link (estimate),-6.1175,-0.9626,1.1435,,
1790754275702993548,16.333,map,tf map->odom (AMCL) + odom->base_link (estimate),-6.1171,-0.9617,1.1325,,
1790754275739273203,16.350,map,tf map->odom (AMCL) + odom->base_link (estimate),-6.1166,-0.9607,1.1213,,
1790754275785948209,16.367,map,tf map->odom (AMCL) + odom->base_link (estimate),-6.1161,-0.9598,1.1101,,
1790754275825652382,16.383,map,tf map->odom (AMCL) + odom->base_link (estimate),-6.1157,-0.9589,1.0987,,
1790754275875026107,16.400,map,tf map->odom (AMCL) + odom->base_link (estimate),-6.1154,-0.9583,1.0873,,
1790754275913703754,16.417,map,tf map->odom (AMCL) + odom->base_link (estimate),-6.1151,-0.9578,1.0759,,
1790754275959136352,16.433,map,tf map->odom (AMCL) + odom->base_link (estimate),-6.1149,-0.9574,1.0644,,
1790754275994829920,16.450,map,tf map->odom (AMCL) + odom->base_link (estimate),-6.1146,-0.9569,1.0529,,
1790754276042149745,16.467,map,tf map->odom (AMCL) + odom->base_link (estimate),-6.1143,-0.9564,1.0414,,
1790754276078515659,16.483,map,tf map->odom (AMCL) + odom->base_link (estimate),-6.1138,-0.9556,1.0299,,
1790754276124504461,16.500,map,tf map->odom (AMCL) + odom->base_link (estimate),-6.1131,-0.9544,1.0184,,
1790754276162230151,16.517,map,tf map->odom (AMCL) + odom->base_link (estimate),-6.1121,-0.9528,1.0069,,
1790754276223401238,16.533,map,tf map->odom (AMCL) + odom->base_link (estimate),-6.1108,-0.9508,0.9954,,
1790754276256619228,16.550,map,tf map->odom (AMCL) + odom->base_link (estimate),-6.1092,-0.9484,0.9837,,
1790754276303930004,16.567,map,tf map->odom (AMCL) + odom->base_link (estimate),-6.1072,-0.9454,0.9718,,
1790754276340085597,16.583,map,tf map->odom (AMCL) + odom->base_link (estimate),-6.1048,-0.9421,0.9596,,
1790754276388176849,16.600,map,tf map->odom (AMCL) + odom->base_link (estimate),-6.1021,-0.9383,0.9472,,
1790754276424166618,16.617,map,tf map->odom (AMCL) + odom->base_link (estimate),-6.0990,-0.9341,0.9345,,
1790754276471355311,16.633,map,tf map->odom (AMCL) + odom->base_link (estimate),-6.0955,-0.9295,0.9215,,
1790754276509490518,16.650,map,tf map->odom (AMCL) + odom->base_link (estimate),-6.0917,-0.9246,0.9081,,
1790754276557382857,16.667,map,tf map->odom (AMCL) + odom->base_link (estimate),-6.0874,-0.9193,0.8945,,
1790754276592018223,16.683,map,tf map->odom (AMCL) + odom->base_link (estimate),-6.0828,-0.9137,0.8804,,
1790754276686759876,16.700,map,tf map->odom (AMCL) + odom->base_link (estimate),-6.0777,-0.9077,0.8660,,
1790754276695510939,16.700,map,tf map->odom (AMCL) + odom->base_link (estimate),-6.0722,-0.9014,0.8512,,
1790754276732918556,16.717,map,tf map->odom (AMCL) + odom->base_link (estimate),-6.0722,-0.9014,0.8512,,
1790754276792359756,16.733,map,tf map->odom (AMCL) + odom->base_link (estimate),-6.0662,-0.8949,0.8361,,
1790754276832199680,16.750,map,tf map->odom (AMCL) + odom->base_link (estimate),-6.0598,-0.8880,0.8206,,
1790754276884590951,16.767,map,tf map->odom (AMCL) + odom->base_link (estimate),-6.0530,-0.8810,0.8046,,
1790754276928494555,16.783,map,tf map->odom (AMCL) + odom->base_link (estimate),-6.0457,-0.8736,0.7883,,
1790754276969703023,16.800,map,tf map->odom (AMCL) + odom->base_link (estimate),-6.0379,-0.8661,0.7716,,
1790754277009146440,16.817,map,tf map->odom (AMCL) + odom->base_link (estimate),-6.0296,-0.8583,0.7544,,
1790754277060240343,16.833,map,tf map->odom (AMCL) + odom->base_link (estimate),-6.0208,-0.8504,0.7368,,
1790754277097783523,16.850,map,tf map->odom (AMCL) + odom->base_link (estimate),-6.0088,-0.8636,0.6834,,
1790754277147659622,16.867,map,tf map->odom (AMCL) + odom->base_link (estimate),-5.9990,-0.8560,0.6656,,
1790754277183639304,16.883,map,tf map->odom (AMCL) + odom->base_link (estimate),-5.9890,-0.8484,0.6479,,
1790754277232084736,16.900,map,tf map->odom (AMCL) + odom->base_link (estimate),-5.9788,-0.8410,0.6304,,
1790754277267592964,16.917,map,tf map->odom (AMCL) + odom->base_link (estimate),-5.9684,-0.8337,0.6131,,
1790754277323883978,16.933,map,tf map->odom (AMCL) + odom->base_link (estimate),-5.9579,-0.8266,0.5960,,
1790754277357718693,16.950,map,tf map->odom (AMCL) + odom->base_link (estimate),-5.9472,-0.8196,0.5791,,
1790754277410815118,16.967,map,tf map->odom (AMCL) + odom->base_link (estimate),-5.9363,-0.8128,0.5623,,
1790754277445650717,16.983,map,tf map->odom (AMCL) + odom->base_link (estimate),-5.9253,-0.8061,0.5457,,
1790754277499299763,17.000,map,tf map->odom (AMCL) + odom->base_link (estimate),-5.9142,-0.7996,0.5292,,
1790754277540387940,17.017,map,tf map->odom (AMCL) + odom->base_link (estimate),-5.9029,-0.7933,0.5128,,
1790754277601791973,17.033,map,tf map->odom (AMCL) + odom->base_link (estimate),-5.8916,-0.7872,0.4965,,
1790754277642856205,17.050,map,tf map->odom (AMCL) + odom->base_link (estimate),-5.8801,-0.7812,0.4802,,
1790754277692860326,17.067,map,tf map->odom (AMCL) + odom->base_link (estimate),-5.8685,-0.7754,0.4641,,
1790754277729265928,17.083,map,tf map->odom (AMCL) + odom->base_link (estimate),-5.8569,-0.7698,0.4480,,
1790754277783290553,17.100,map,tf map->odom (AMCL) + odom->base_link (estimate),-5.8451,-0.7644,0.4319,,
1790754277820746625,17.117,map,tf map->odom (AMCL) + odom->base_link (estimate),-5.8332,-0.7592,0.4159,,
1790754277875624033,17.133,map,tf map->odom (AMCL) + odom->base_link (estimate),-5.8213,-0.7542,0.3998,,
1790754277912802098,17.150,map,tf map->odom (AMCL) + odom->base_link (estimate),-5.8093,-0.7493,0.3839,,
1790754277966278910,17.167,map,tf map->odom (AMCL) + odom->base_link (estimate),-5.7972,-0.7447,0.3683,,
1790754278011587918,17.183,map,tf map->odom (AMCL) + odom->base_link (estimate),-5.7851,-0.7402,0.3531,,
1790754278899481461,17.200,map,tf map->odom (AMCL) + odom->base_link (estimate),-5.7729,-0.7360,0.3383,,
1790754278933877942,17.217,map,tf map->odom (AMCL) + odom->base_link (estimate),-5.7607,-0.7319,0.3241,,
1790754280116316764,17.233,map,tf map->odom (AMCL) + odom->base_link (estimate),-5.7484,-0.7280,0.3106,,
1790754280157930883,17.250,map,tf map->odom (AMCL) + odom->base_link (estimate),-5.7361,-0.7242,0.2976,,
1790754280209996068,17.267,map,tf map->odom (AMCL) + odom->base_link (estimate),-5.7238,-0.7206,0.2852,,
1790754280270287223,17.283,map,tf map->odom (AMCL) + odom->base_link (estimate),-5.7113,-0.7172,0.2734,,
1790754280307956538,17.300,map,tf map->odom (AMCL) + odom->base_link (estimate),-5.6988,-0.7138,0.2623,,
1790754280345843527,17.317,map,tf map->odom (AMCL) + odom->base_link (estimate),-5.6862,-0.7106,0.2517,,
1790754280397420856,17.333,map,tf map->odom (AMCL) + odom->base_link (estimate),-5.6736,-0.7075,0.2415,,
1790754280432127963,17.350,map,tf map->odom (AMCL) + odom->base_link (estimate),-5.6608,-0.7045,0.2318,,
1790754280487625302,17.367,map,tf map->odom (AMCL) + odom->base_link (estimate),-5.6480,-0.7016,0.2223,,
1790754280525259926,17.383,map,tf map->odom (AMCL) + odom->base_link (estimate),-5.6352,-0.6988,0.2131,,
1790754280573419525,17.400,map,tf map->odom (AMCL) + odom->base_link (estimate),-5.6223,-0.6961,0.2042,,
1790754280610059204,17.417,map,tf map->odom (AMCL) + odom->base_link (estimate),-5.6093,-0.6936,0.1958,,
1790754280663936953,17.433,map,tf map->odom (AMCL) + odom->base_link (estimate),-5.5964,-0.6911,0.1877,,
1790754280703083885,17.450,map,tf map->odom (AMCL) + odom->base_link (estimate),-5.5834,-0.6888,0.1798,,
1790754280755500798,17.467,map,tf map->odom (AMCL) + odom->base_link (estimate),-5.5704,-0.6865,0.1722,,
1790754280793721887,17.483,map,tf map->odom (AMCL) + odom->base_link (estimate),-5.5573,-0.6843,0.1648,,
1790754280843450074,17.500,map,tf map->odom (AMCL) + odom->base_link (estimate),-5.5442,-0.6822,0.1574,,
1790754280885898593,17.517,map,tf map->odom (AMCL) + odom->base_link (estimate),-5.5311,-0.6803,0.1501,,
1790754280946373955,17.533,map,tf map->odom (AMCL) + odom->base_link (estimate),-5.5180,-0.6784,0.1429,,
1790754280981577497,17.550,map,tf map->odom (AMCL) + odom->base_link (estimate),-5.5048,-0.6766,0.1358,,
1790754281032916695,17.567,map,tf map->odom (AMCL) + odom->base_link (estimate),-5.4917,-0.6749,0.1286,,
1790754281069758681,17.583,map,tf map->odom (AMCL) + odom->base_link (estimate),-5.4785,-0.6733,0.1215,,
1790754281122596047,17.600,map,tf map->odom (AMCL) + odom->base_link (estimate),-5.4654,-0.6718,0.1145,,
1790754281160702689,17.617,map,tf map->odom (AMCL) + odom->base_link (estimate),-5.4522,-0.6703,0.1077,,
1790754281209330725,17.633,map,tf map->odom (AMCL) + odom->base_link (estimate),-5.4390,-0.6690,0.1013,,
1790754281245895552,17.650,map,tf map->odom (AMCL) + odom->base_link (estimate),-5.4258,-0.6677,0.0950,,
1790754281297823195,17.667,map,tf map->odom (AMCL) + odom->base_link (estimate),-5.4126,-0.6666,0.0888,,
1790754281338458113,17.683,map,tf map->odom (AMCL) + odom->base_link (estimate),-5.3993,-0.6655,0.0829,,
1790754281391771646,17.700,map,tf map->odom (AMCL) + odom->base_link (estimate),-5.3861,-0.6644,0.0774,,
1790754281433142166,17.717,map,tf map->odom (AMCL) + odom->base_link (estimate),-5.3729,-0.6635,0.0722,,
1790754281486574104,17.733,map,tf map->odom (AMCL) + odom->base_link (estimate),-5.3596,-0.6626,0.0672,,
1790754281532464958,17.750,map,tf map->odom (AMCL) + odom->base_link (estimate),-5.3381,-0.7036,-0.0012,,
1790754281580514542,17.767,map,tf map->odom (AMCL) + odom->base_link (estimate),-5.3248,-0.7036,-0.0059,,
1790754281626681612,17.783,map,tf map->odom (AMCL) + odom->base_link (estimate),-5.3115,-0.7038,-0.0104,,
1790754281669874218,17.800,map,tf map->odom (AMCL) + odom->base_link (estimate),-5.2982,-0.7040,-0.0148,,
1790754281711776432,17.817,map,tf map->odom (AMCL) + odom->base_link (estimate),-5.2849,-0.7042,-0.0188,,
1790754281764468525,17.833,map,tf map->odom (AMCL) + odom->base_link (estimate),-5.2716,-0.7045,-0.0223,,
1790754281803351684,17.850,map,tf map->odom (AMCL) + odom->base_link (estimate),-5.2583,-0.7049,-0.0252,,
1790754281851587455,17.867,map,tf map->odom (AMCL) + odom->base_link (estimate),-5.2452,-0.7053,-0.0276,,
1790754281888769102,17.883,map,tf map->odom (AMCL) + odom->base_link (estimate),-5.2321,-0.7056,-0.0293,,
1790754281938104082,17.900,map,tf map->odom (AMCL) + odom->base_link (estimate),-5.2189,-0.7060,-0.0306,,
1790754281977399398,17.917,map,tf map->odom (AMCL) + odom->base_link (estimate),-5.2056,-0.7065,-0.0317,,
1790754282026319299,17.933,map,tf map->odom (AMCL) + odom->base_link (estimate),-5.1923,-0.7069,-0.0324,,
1790754282064349487,17.950,map,tf map->odom (AMCL) + odom->base_link (estimate),-5.1790,-0.7073,-0.0331,,
1790754282112719029,17.967,map,tf map->odom (AMCL) + odom->base_link (estimate),-5.1656,-0.7078,-0.0336,,
1790754282151236036,17.983,map,tf map->odom (AMCL) + odom->base_link (estimate),-5.1523,-0.7082,-0.0341,,
1790754282202404885,18.000,map,tf map->odom (AMCL) + odom->base_link (estimate),-5.1390,-0.7087,-0.0345,,
1790754282242440423,18.017,map,tf map->odom (AMCL) + odom->base_link (estimate),-5.1256,-0.7092,-0.0348,,
1790754282302569661,18.033,map,tf map->odom (AMCL) + odom->base_link (estimate),-5.1123,-0.7096,-0.0350,,
1790754282354191870,18.050,map,tf map->odom (AMCL) + odom->base_link (estimate),-5.0990,-0.7101,-0.0351,,
1790754282401215319,18.067,map,tf map->odom (AMCL) + odom->base_link (estimate),-5.0856,-0.7106,-0.0352,,
1790754282443846239,18.083,map,tf map->odom (AMCL) + odom->base_link (estimate),-5.0723,-0.7111,-0.0354,,
1790754282495774636,18.100,map,tf map->odom (AMCL) + odom->base_link (estimate),-5.0589,-0.7115,-0.0356,,
1790754282538087498,18.117,map,tf map->odom (AMCL) + odom->base_link (estimate),-5.0456,-0.7120,-0.0357,,
1790754282587366189,18.133,map,tf map->odom (AMCL) + odom->base_link (estimate),-5.0322,-0.7125,-0.0358,,
1790754282623099677,18.150,map,tf map->odom (AMCL) + odom->base_link (estimate),-5.0189,-0.7130,-0.0359,,
1790754282677096964,18.167,map,tf map->odom (AMCL) + odom->base_link (estimate),-5.0055,-0.7135,-0.0359,,
1790754282710911547,18.183,map,tf map->odom (AMCL) + odom->base_link (estimate),-4.9922,-0.7139,-0.0360,,
1790754282766545858,18.200,map,tf map->odom (AMCL) + odom->base_link (estimate),-4.9789,-0.7144,-0.0359,,
1790754282810381935,18.217,map,tf map->odom (AMCL) + odom->base_link (estimate),-4.9655,-0.7149,-0.0359,,
1790754282862362620,18.233,map,tf map->odom (AMCL) + odom->base_link (estimate),-4.9522,-0.7154,-0.0358,,
1790754282897618077,18.250,map,tf map->odom (AMCL) + odom->base_link (estimate),-4.9388,-0.7158,-0.0357,,
1790754282948442783,18.267,map,tf map->odom (AMCL) + odom->base_link (estimate),-4.9255,-0.7163,-0.0355,,
1790754283001602151,18.283,map,tf map->odom (AMCL) + odom->base_link (estimate),-4.9121,-0.7168,-0.0354,,
1790754283039959060,18.300,map,tf map->odom (AMCL) + odom->base_link (estimate),-4.8988,-0.7173,-0.0352,,
1790754283082430668,18.317,map,tf map->odom (AMCL) + odom->base_link (estimate),-4.8854,-0.7177,-0.0350,,
1790754283129424912,18.333,map,tf map->odom (AMCL) + odom->base_link (estimate),-4.8721,-0.7182,-0.0347,,
1790754283167763450,18.350,map,tf map->odom (AMCL) + odom->base_link (estimate),-4.8587,-0.7187,-0.0345,,
1790754283219339118,18.367,map,tf map->odom (AMCL) + odom->base_link (estimate),-4.8454,-0.7191,-0.0342,,
1790754283257080447,18.383,map,tf map->odom (AMCL) + odom->base_link (estimate),-4.8321,-0.7196,-0.0339,,
1790754283307561940,18.400,map,tf map->odom (AMCL) + odom->base_link (estimate),-4.8187,-0.7200,-0.0336,,
1790754283348105222,18.417,map,tf map->odom (AMCL) + odom->base_link (estimate),-4.8054,-0.7205,-0.0332,,
1790754283395813120,18.433,map,tf map->odom (AMCL) + odom->base_link (estimate),-4.7920,-0.7209,-0.0328,,
1790754283437638812,18.450,map,tf map->odom (AMCL) + odom->base_link (estimate),-4.7787,-0.7213,-0.0321,,
1790754283488937780,18.467,map,tf map->odom (AMCL) + odom->base_link (estimate),-4.7653,-0.7218,-0.0313,,
1790754283526690886,18.483,map,tf map->odom (AMCL) + odom->base_link (estimate),-4.7520,-0.7222,-0.0305,,
1790754283579297513,18.500,map,tf map->odom (AMCL) + odom->base_link (estimate),-4.7386,-0.7226,-0.0295,,
1790754283614032451,18.517,map,tf map->odom (AMCL) + odom->base_link (estimate),-4.7253,-0.7229,-0.0286,,
1790754283677851410,18.533,map,tf map->odom (AMCL) + odom->base_link (estimate),-4.7119,-0.7233,-0.0275,,
1790754283716917074,18.550,map,tf map->odom (AMCL) + odom->base_link (estimate),-4.6986,-0.7237,-0.0264,,
1790754283768215100,18.567,map,tf map->odom (AMCL) + odom->base_link (estimate),-4.6852,-0.7240,-0.0252,,
1790754283809579060,18.583,map,tf map->odom (AMCL) + odom->base_link (estimate),-4.6719,-0.7243,-0.0240,,
1790754283858652840,18.600,map,tf map->odom (AMCL) + odom->base_link (estimate),-4.6585,-0.7246,-0.0227,,
1790754283895102338,18.617,map,tf map->odom (AMCL) + odom->base_link (estimate),-4.6452,-0.7249,-0.0214,,
1790754283947894563,18.633,map,tf map->odom (AMCL) + odom->base_link (estimate),-4.6318,-0.7252,-0.0200,,
1790754283985953009,18.650,map,tf map->odom (AMCL) + odom->base_link (estimate),-4.6185,-0.7254,-0.0186,,
1790754284035895893,18.667,map,tf map->odom (AMCL) + odom->base_link (estimate),-4.6051,-0.7257,-0.0171,,
1790754284072808253,18.683,map,tf map->odom (AMCL) + odom->base_link (estimate),-4.5918,-0.7259,-0.0156,,
1790754284121331365,18.700,map,tf map->odom (AMCL) + odom->base_link (estimate),-4.5784,-0.7261,-0.0140,,
1790754284159538666,18.717,map,tf map->odom (AMCL) + odom->base_link (estimate),-4.5651,-0.7262,-0.0124,,
1790754284215795623,18.733,map,tf map->odom (AMCL) + odom->base_link (estimate),-4.5517,-0.7264,-0.0108,,
1790754284252052174,18.750,map,tf map->odom (AMCL) + odom->base_link (estimate),-4.5384,-0.7265,-0.0090,,
1790754284303964932,18.767,map,tf map->odom (AMCL) + odom->base_link (estimate),-4.5250,-0.7266,-0.0073,,
1790754284353343205,18.783,map,tf map->odom (AMCL) + odom->base_link (estimate),-4.5117,-0.7267,-0.0055,,
1790754284394490572,18.800,map,tf map->odom (AMCL) + odom->base_link (estimate),-4.4983,-0.7267,-0.0038,,
1790754284438560201,18.817,map,tf map->odom (AMCL) + odom->base_link (estimate),-4.4850,-0.7267,-0.0021,,
1790754284491026264,18.833,map,tf map->odom (AMCL) + odom->base_link (estimate),-4.4716,-0.7267,-0.0006,,
1790754284530554131,18.850,map,tf map->odom (AMCL) + odom->base_link (estimate),-4.4583,-0.7267,0.0009,,
1790754284582426755,18.867,map,tf map->odom (AMCL) + odom->base_link (estimate),-4.4450,-0.7267,0.0022,,
1790754284623165149,18.883,map,tf map->odom (AMCL) + odom->base_link (estimate),-4.4316,-0.7267,0.0033,,
1790754284670412540,18.900,map,tf map->odom (AMCL) + odom->base_link (estimate),-4.4183,-0.7266,0.0047,,
1790754284707978353,18.917,map,tf map->odom (AMCL) + odom->base_link (estimate),-4.4049,-0.7265,0.0057,,
1790754284760359720,18.933,map,tf map->odom (AMCL) + odom->base_link (estimate),-4.3916,-0.7264,0.0069,,
1790754284799650362,18.950,map,tf map->odom (AMCL) + odom->base_link (estimate),-4.3831,-0.7569,-0.0524,,
1790754284849062551,18.967,map,tf map->odom (AMCL) + odom->base_link (estimate),-4.3698,-0.7576,-0.0512,,
1790754284883797488,18.983,map,tf map->odom (AMCL) + odom->base_link (estimate),-4.3565,-0.7583,-0.0502,,
1790754284938303425,19.000,map,tf map->odom (AMCL) + odom->base_link (estimate),-4.3431,-0.7589,-0.0491,,
1790754284983422007,19.017,map,tf map->odom (AMCL) + odom->base_link (estimate),-4.3298,-0.7595,-0.0478,,
1790754285043554082,19.033,map,tf map->odom (AMCL) + odom->base_link (estimate),-4.3165,-0.7602,-0.0464,,
1790754285084828541,19.050,map,tf map->odom (AMCL) + odom->base_link (estimate),-4.3031,-0.7608,-0.0449,,
1790754285128719544,19.067,map,tf map->odom (AMCL) + odom->base_link (estimate),-4.2898,-0.7613,-0.0435,,
1790754285166705824,19.083,map,tf map->odom (AMCL) + odom->base_link (estimate),-4.2765,-0.7619,-0.0419,,
1790754285219339867,19.100,map,tf map->odom (AMCL) + odom->base_link (estimate),-4.2631,-0.7624,-0.0403,,
1790754285260773450,19.117,map,tf map->odom (AMCL) + odom->base_link (estimate),-4.2498,-0.7630,-0.0387,,
1790754285311125213,19.133,map,tf map->odom (AMCL) + odom->base_link (estimate),-4.2365,-0.7635,-0.0370,,
1790754285352449887,19.150,map,tf map->odom (AMCL) + odom->base_link (estimate),-4.2231,-0.7639,-0.0353,,
1790754285396960614,19.167,map,tf map->odom (AMCL) + odom->base_link (estimate),-4.2098,-0.7644,-0.0335,,
1790754285428257387,19.183,map,tf map->odom (AMCL) + odom->base_link (estimate),-4.1964,-0.7648,-0.0317,,
1790754285485468238,19.200,map,tf map->odom (AMCL) + odom->base_link (estimate),-4.1831,-0.7652,-0.0299,,
1790754285520008157,19.217,map,tf map->odom (AMCL) + odom->base_link (estimate),-4.1697,-0.7656,-0.0280,,
1790754285573264846,19.233,map,tf map->odom (AMCL) + odom->base_link (estimate),-4.1564,-0.7659,-0.0261,,
1790754285613049063,19.250,map,tf map->odom (AMCL) + odom->base_link (estimate),-4.1431,-0.7662,-0.0241,,
1790754285665491763,19.267,map,tf map->odom (AMCL) + odom->base_link (estimate),-4.1297,-0.7665,-0.0221,,
1790754285711806740,19.283,map,tf map->odom (AMCL) + odom->base_link (estimate),-4.1164,-0.7668,-0.0201,,
1790754285751417136,19.300,map,tf map->odom (AMCL) + odom->base_link (estimate),-4.1030,-0.7670,-0.0180,,
1790754285790626191,19.317,map,tf map->odom (AMCL) + odom->base_link (estimate),-4.0897,-0.7673,-0.0160,,
1790754285842292679,19.333,map,tf map->odom (AMCL) + odom->base_link (estimate),-4.0763,-0.7674,-0.0141,,
1790754285879309708,19.350,map,tf map->odom (AMCL) + odom->base_link (estimate),-4.0630,-0.7676,-0.0123,,
1790754285929862142,19.367,map,tf map->odom (AMCL) + odom->base_link (estimate),-4.0497,-0.7677,-0.0106,,
1790754285969313415,19.383,map,tf map->odom (AMCL) + odom->base_link (estimate),-4.0363,-0.7679,-0.0089,,
1790754286019782943,19.400,map,tf map->odom (AMCL) + odom->base_link (estimate),-4.0230,-0.7680,-0.0072,,
1790754286060460759,19.417,map,tf map->odom (AMCL) + odom->base_link (estimate),-4.0096,-0.7680,-0.0055,,
1790754286112865773,19.433,map,tf map->odom (AMCL) + odom->base_link (estimate),-3.9963,-0.7681,-0.0038,,
1790754286160749753,19.450,map,tf map->odom (AMCL) + odom->base_link (estimate),-3.9830,-0.7681,-0.0022,,
1790754286203208454,19.467,map,tf map->odom (AMCL) + odom->base_link (estimate),-3.9696,-0.7681,-0.0006,,
1790754286245590467,19.483,map,tf map->odom (AMCL) + odom->base_link (estimate),-3.9563,-0.7681,0.0009,,
1790754286296061031,19.500,map,tf map->odom (AMCL) + odom->base_link (estimate),-3.9429,-0.7681,0.0025,,
1790754286333666224,19.517,map,tf map->odom (AMCL) + odom->base_link (estimate),-3.9296,-0.7680,0.0040,,
1790754286397757078,19.533,map,tf map->odom (AMCL) + odom->base_link (estimate),-3.9163,-0.7679,0.0055,,
1790754286434141852,19.550,map,tf map->odom (AMCL) + odom->base_link (estimate),-3.9029,-0.7678,0.0070,,
1790754286486503906,19.567,map,tf map->odom (AMCL) + odom->base_link (estimate),-3.8896,-0.7677,0.0084,,
1790754286526275028,19.583,map,tf map->odom (AMCL) + odom->base_link (estimate),-3.8762,-0.7676,0.0096,,
1790754286574702421,19.600,map,tf map->odom (AMCL) + odom->base_link (estimate),-3.8629,-0.7675,0.0109,,
1790754286610855717,19.617,map,tf map->odom (AMCL) + odom->base_link (estimate),-3.8495,-0.7673,0.0120,,
1790754286661702940,19.633,map,tf map->odom (AMCL) + odom->base_link (estimate),-3.8362,-0.7671,0.0132,,
1790754286698333795,19.650,map,tf map->odom (AMCL) + odom->base_link (estimate),-3.8229,-0.7669,0.0143,,
1790754286752537783,19.667,map,tf map->odom (AMCL) + odom->base_link (estimate),-3.8095,-0.7667,0.0153,,
1790754286797430068,19.683,map,tf map->odom (AMCL) + odom->base_link (estimate),-3.7962,-0.7665,0.0163,,
1790754286847367205,19.700,map,tf map->odom (AMCL) + odom->base_link (estimate),-3.7828,-0.7663,0.0173,,
1790754286886803121,19.717,map,tf map->odom (AMCL) + odom->base_link (estimate),-3.7695,-0.7660,0.0183,,
1790754286940482915,19.733,map,tf map->odom (AMCL) + odom->base_link (estimate),-3.7561,-0.7658,0.0192,,
1790754286974541977,19.750,map,tf map->odom (AMCL) + odom->base_link (estimate),-3.7428,-0.7655,0.0201,,
1790754287028679923,19.767,map,tf map->odom (AMCL) + odom->base_link (estimate),-3.7295,-0.7652,0.0209,,
1790754287080392387,19.783,map,tf map->odom (AMCL) + odom->base_link (estimate),-3.7161,-0.7649,0.0218,,
1790754287120138448,19.800,map,tf map->odom (AMCL) + odom->base_link (estimate),-3.7028,-0.7646,0.0227,,
1790754287160069448,19.817,map,tf map->odom (AMCL) + odom->base_link (estimate),-3.6894,-0.7643,0.0236,,
1790754287213637318,19.833,map,tf map->odom (AMCL) + odom->base_link (estimate),-3.6761,-0.7640,0.0246,,
1790754287254308350,19.850,map,tf map->odom (AMCL) + odom->base_link (estimate),-3.6627,-0.7636,0.0255,,
1790754287303374029,19.867,map,tf map->odom (AMCL) + odom->base_link (estimate),-3.6494,-0.7633,0.0264,,
1790754287342930819,19.883,map,tf map->odom (AMCL) + odom->base_link (estimate),-3.6360,-0.7629,0.0271,,
1790754287388690135,19.900,map,tf map->odom (AMCL) + odom->base_link (estimate),-3.6227,-0.7626,0.0279,,
1790754287427667334,19.917,map,tf map->odom (AMCL) + odom->base_link (estimate),-3.6094,-0.7622,0.0286,,
1790754287483379087,19.933,map,tf map->odom (AMCL) + odom->base_link (estimate),-3.5960,-0.7618,0.0293,,
1790754287519000934,19.950,map,tf map->odom (AMCL) + odom->base_link (estimate),-3.5827,-0.7614,0.0300,,
1790754287576123509,19.967,map,tf map->odom (AMCL) + odom->base_link (estimate),-3.5693,-0.7610,0.0307,,
1790754287618648347,19.983,map,tf map->odom (AMCL) + odom->base_link (estimate),-3.5560,-0.7605,0.0314,,
1790754287665101909,20.000,map,tf map->odom (AMCL) + odom->base_link (estimate),-3.5426,-0.7601,0.0320,,
1790754287698969156,20.017,map,tf map->odom (AMCL) + odom->base_link (estimate),-3.5293,-0.7597,0.0326,,
1790754287764770990,20.033,map,tf map->odom (AMCL) + odom->base_link (estimate),-3.5160,-0.7592,0.0332,,
1790754287800888485,20.050,map,tf map->odom (AMCL) + odom->base_link (estimate),-3.5026,-0.7588,0.0338,,
1790754287855076175,20.067,map,tf map->odom (AMCL) + odom->base_link (estimate),-3.4893,-0.7583,0.0343,,
1790754287893662489,20.083,map,tf map->odom (AMCL) + odom->base_link (estimate),-3.4759,-0.7579,0.0349,,
1790754287946163129,20.100,map,tf map->odom (AMCL) + odom->base_link (estimate),-3.4626,-0.7574,0.0354,,
1790754287984563469,20.117,map,tf map->odom (AMCL) + odom->base_link (estimate),-3.4492,-0.7569,0.0359,,
1790754288037754493,20.133,map,tf map->odom (AMCL) + odom->base_link (estimate),-3.3923,-0.6919,0.0407,,
1790754288078036902,20.150,map,tf map->odom (AMCL) + odom->base_link (estimate),-3.3789,-0.6913,0.0412,,
1790754288130831105,20.167,map,tf map->odom (AMCL) + odom->base_link (estimate),-3.3656,-0.6908,0.0417,,
1790754288169054422,20.183,map,tf map->odom (AMCL) + odom->base_link (estimate),-3.3522,-0.6902,0.0421,,
1790754288218825369,20.200,map,tf map->odom (AMCL) + odom->base_link (estimate),-3.3389,-0.6896,0.0425,,
1790754288256495757,20.217,map,tf map->odom (AMCL) + odom->base_link (estimate),-3.3256,-0.6891,0.0428,,
1790754288310273625,20.233,map,tf map->odom (AMCL) + odom->base_link (estimate),-3.3122,-0.6885,0.0429,,
1790754288348160041,20.250,map,tf map->odom (AMCL) + odom->base_link (estimate),-3.2989,-0.6879,0.0427,,
1790754288398557873,20.267,map,tf map->odom (AMCL) + odom->base_link (estimate),-3.2856,-0.6873,0.0425,,
1790754288448771616,20.283,map,tf map->odom (AMCL) + odom->base_link (estimate),-3.2722,-0.6868,0.0421,,
1790754288485956719,20.300,map,tf map->odom (AMCL) + odom->base_link (estimate),-3.2589,-0.6862,0.0416,,
1790754288525138735,20.317,map,tf map->odom (AMCL) + odom->base_link (estimate),-3.2455,-0.6857,0.0411,,
1790754288578709431,20.333,map,tf map->odom (AMCL) + odom->base_link (estimate),-3.2322,-0.6851,0.0404,,
1790754288615500446,20.350,map,tf map->odom (AMCL) + odom->base_link (estimate),-3.2188,-0.6846,0.0397,,
1790754288668216265,20.367,map,tf map->odom (AMCL) + odom->base_link (estimate),-3.2055,-0.6841,0.0389,,
1790754288704603677,20.383,map,tf map->odom (AMCL) + odom->base_link (estimate),-3.1922,-0.6836,0.0381,,
1790754288762394119,20.400,map,tf map->odom (AMCL) + odom->base_link (estimate),-3.1788,-0.6831,0.0371,,
1790754288800782118,20.417,map,tf map->odom (AMCL) + odom->base_link (estimate),-3.1655,-0.6826,0.0362,,
1790754288852784848,20.433,map,tf map->odom (AMCL) + odom->base_link (estimate),-3.1521,-0.6821,0.0351,,
1790754288896960747,20.450,map,tf map->odom (AMCL) + odom->base_link (estimate),-3.1388,-0.6817,0.0340,,
1790754288946135899,20.467,map,tf map->odom (AMCL) + odom->base_link (estimate),-3.1254,-0.6812,0.0329,,
1790754288983970310,20.483,map,tf map->odom (AMCL) + odom->base_link (estimate),-3.1121,-0.6808,0.0317,,
1790754289035664119,20.500,map,tf map->odom (AMCL) + odom->base_link (estimate),-3.0987,-0.6804,0.0304,,
1790754289072312875,20.517,map,tf map->odom (AMCL) + odom->base_link (estimate),-3.0854,-0.6800,0.0291,,
1790754289135179447,20.533,map,tf map->odom (AMCL) + odom->base_link (estimate),-3.0720,-0.6796,0.0277,,
1790754289177201570,20.550,map,tf map->odom (AMCL) + odom->base_link (estimate),-3.0587,-0.6793,0.0263,,
1790754289231555638,20.567,map,tf map->odom (AMCL) + odom->base_link (estimate),-3.0453,-0.6789,0.0248,,
1790754289265476020,20.583,map,tf map->odom (AMCL) + odom->base_link (estimate),-3.0320,-0.6786,0.0233,,
1790754289320796889,20.600,map,tf map->odom (AMCL) + odom->base_link (estimate),-3.0186,-0.6783,0.0218,,
1790754289358432136,20.617,map,tf map->odom (AMCL) + odom->base_link (estimate),-3.0053,-0.6781,0.0202,,
1790754289411478544,20.633,map,tf map->odom (AMCL) + odom->base_link (estimate),-2.9919,-0.6778,0.0186,,
1790754289450405622,20.650,map,tf map->odom (AMCL) + odom->base_link (estimate),-2.9786,-0.6776,0.0169,,
1790754289502481649,20.667,map,tf map->odom (AMCL) + odom->base_link (estimate),-2.9652,-0.6774,0.0151,,
1790754289539773871,20.683,map,tf map->odom (AMCL) + odom->base_link (estimate),-2.9521,-0.6772,0.0135,,
1790754289592305412,20.700,map,tf map->odom (AMCL) + odom->base_link (estimate),-2.9394,-0.6771,0.0120,,
1790754289627291141,20.717,map,tf map->odom (AMCL) + odom->base_link (estimate),-2.9268,-0.6769,0.0105,,
1790754289685751240,20.733,map,tf map->odom (AMCL) + odom->base_link (estimate),-2.9140,-0.6768,0.0091,,
1790754289721177880,20.750,map,tf map->odom (AMCL) + odom->base_link (estimate),-2.9009,-0.6767,0.0077,,
1790754289775637653,20.767,map,tf map->odom (AMCL) + odom->base_link (estimate),-2.8876,-0.6766,0.0063,,
1790754289822293018,20.783,map,tf map->odom (AMCL) + odom->base_link (estimate),-2.8743,-0.6766,0.0049,,
1790754289863418245,20.800,map,tf map->odom (AMCL) + odom->base_link (estimate),-2.8609,-0.6765,0.0035,,
1790754289898791939,20.817,map,tf map->odom (AMCL) + odom->base_link (estimate),-2.8476,-0.6765,0.0021,,
1790754289961504474,20.833,map,tf map->odom (AMCL) + odom->base_link (estimate),-2.8342,-0.6765,0.0007,,
1790754290007688497,20.850,map,tf map->odom (AMCL) + odom->base_link (estimate),-2.8209,-0.6765,-0.0006,,
1790754290062134798,20.867,map,tf map->odom (AMCL) + odom->base_link (estimate),-2.8075,-0.6765,-0.0020,,
1790754290101851371,20.883,map,tf map->odom (AMCL) + odom->base_link (estimate),-2.7942,-0.6766,-0.0033,,
1790754290148671983,20.900,map,tf map->odom (AMCL) + odom->base_link (estimate),-2.7808,-0.6766,-0.0046,,
1790754290185093405,20.917,map,tf map->odom (AMCL) + odom->base_link (estimate),-2.7675,-0.6767,-0.0059,,
1790754290236419977,20.933,map,tf map->odom (AMCL) + odom->base_link (estimate),-2.7541,-0.6768,-0.0072,,
1790754290271198912,20.950,map,tf map->odom (AMCL) + odom->base_link (estimate),-2.7408,-0.6769,-0.0084,,
1790754290321521732,20.967,map,tf map->odom (AMCL) + odom->base_link (estimate),-2.7274,-0.6771,-0.0097,,
1790754290358899791,20.983,map,tf map->odom (AMCL) + odom->base_link (estimate),-2.7141,-0.6772,-0.0109,,
1790754290413727879,21.000,map,tf map->odom (AMCL) + odom->base_link (estimate),-2.7007,-0.6774,-0.0122,,
1790754290452799162,21.017,map,tf map->odom (AMCL) + odom->base_link (estimate),-2.6874,-0.6775,-0.0134,,
1790754290511888901,21.033,map,tf map->odom (AMCL) + odom->base_link (estimate),-2.6741,-0.6777,-0.0146,,
1790754290549844157,21.050,map,tf map->odom (AMCL) + odom->base_link (estimate),-2.6607,-0.6780,-0.0158,,
1790754290599740083,21.067,map,tf map->odom (AMCL) + odom->base_link (estimate),-2.6474,-0.6782,-0.0170,,
1790754290635381148,21.083,map,tf map->odom (AMCL) + odom->base_link (estimate),-2.6340,-0.6784,-0.0182,,
1790754290690264553,21.100,map,tf map->odom (AMCL) + odom->base_link (estimate),-2.6207,-0.6787,-0.0194,,
1790754290726811179,21.117,map,tf map->odom (AMCL) + odom->base_link (estimate),-2.6073,-0.6790,-0.0205,,
1790754290778642551,21.133,map,tf map->odom (AMCL) + odom->base_link (estimate),-2.5940,-0.6792,-0.0217,,
1790754290812804955,21.150,map,tf map->odom (AMCL) + odom->base_link (estimate),-2.5806,-0.6796,-0.0229,,
1790754290864237746,21.167,map,tf map->odom (AMCL) + odom->base_link (estimate),-2.5673,-0.6799,-0.0240,,
1790754290901609193,21.183,map,tf map->odom (AMCL) + odom->base_link (estimate),-2.5539,-0.6802,-0.0252,,
1790754290952058104,21.200,map,tf map->odom (AMCL) + odom->base_link (estimate),-2.5406,-0.6806,-0.0263,,
1790754290991889485,21.217,map,tf map->odom (AMCL) + odom->base_link (estimate),-2.5272,-0.6809,-0.0274,,
1790754291038675175,21.233,map,tf map->odom (AMCL) + odom->base_link (estimate),-2.5139,-0.6813,-0.0286,,
1790754291076275712,21.250,map,tf map->odom (AMCL) + odom->base_link (estimate),-2.5005,-0.6817,-0.0297,,
1790754291126894393,21.267,map,tf map->odom (AMCL) + odom->base_link (estimate),-2.4872,-0.6821,-0.0308,,
1790754291171944672,21.283,map,tf map->odom (AMCL) + odom->base_link (estimate),-2.4738,-0.6825,-0.0319,,
1790754291213343184,21.300,map,tf map->odom (AMCL) + odom->base_link (estimate),-2.4605,-0.6830,-0.0331,,
1790754291250342591,21.317,map,tf map->odom (AMCL) + odom->base_link (estimate),-2.4472,-0.6834,-0.0342,,
1790754291298956073,21.333,map,tf map->odom (AMCL) + odom->base_link (estimate),-2.4338,-0.6839,-0.0353,,
1790754291335212052,21.350,map,tf map->odom (AMCL) + odom->base_link (estimate),-2.4205,-0.6844,-0.0364,,
1790754291387396280,21.367,map,tf map->odom (AMCL) + odom->base_link (estimate),-2.4071,-0.6849,-0.0375,,
1790754291425352933,21.383,map,tf map->odom (AMCL) + odom->base_link (estimate),-2.3938,-0.6854,-0.0386,,
1790754291476142966,21.400,map,tf map->odom (AMCL) + odom->base_link (estimate),-2.3804,-0.6859,-0.0397,,
1790754291511501765,21.417,map,tf map->odom (AMCL) + odom->base_link (estimate),-2.3671,-0.6865,-0.0408,,
1790754291562003478,21.433,map,tf map->odom (AMCL) + odom->base_link (estimate),-2.3538,-0.6870,-0.0419,,
1790754291596905398,21.450,map,tf map->odom (AMCL) + odom->base_link (estimate),-2.2727,-0.6551,-0.0379,,
1790754291647798336,21.467,map,tf map->odom (AMCL) + odom->base_link (estimate),-2.2593,-0.6556,-0.0392,,
1790754291682917241,21.483,map,tf map->odom (AMCL) + odom->base_link (estimate),-2.2460,-0.6561,-0.0406,,
1790754291734090582,21.500,map,tf map->odom (AMCL) + odom->base_link (estimate),-2.2326,-0.6567,-0.0422,,
1790754291770414450,21.517,map,tf map->odom (AMCL) + odom->base_link (estimate),-2.2193,-0.6573,-0.0440,,
1790754291831613688,21.533,map,tf map->odom (AMCL) + odom->base_link (estimate),-2.2060,-0.6579,-0.0457,,
1790754291870532803,21.550,map,tf map->odom (AMCL) + odom->base_link (estimate),-2.1926,-0.6585,-0.0474,,
1790754291926805468,21.567,map,tf map->odom (AMCL) + odom->base_link (estimate),-2.1793,-0.6592,-0.0492,,
1790754291971486594,21.583,map,tf map->odom (AMCL) + odom->base_link (estimate),-2.1659,-0.6599,-0.0512,,
1790754292020626426,21.600,map,tf map->odom (AMCL) + odom->base_link (estimate),-2.1526,-0.6606,-0.0533,,
1790754292060239147,21.617,map,tf map->odom (AMCL) + odom->base_link (estimate),-2.1393,-0.6613,-0.0556,,
1790754292112335184,21.633,map,tf map->odom (AMCL) + odom->base_link (estimate),-2.1259,-0.6621,-0.0579,,
1790754292152653337,21.650,map,tf map->odom (AMCL) + odom->base_link (estimate),-2.1126,-0.6629,-0.0603,,
1790754292199289001,21.667,map,tf map->odom (AMCL) + odom->base_link (estimate),-2.0993,-0.6637,-0.0627,,
1790754292239404231,21.683,map,tf map->odom (AMCL) + odom->base_link (estimate),-2.0859,-0.6646,-0.0651,,
1790754292289679461,21.700,map,tf map->odom (AMCL) + odom->base_link (estimate),-2.0726,-0.6655,-0.0674,,
1790754292326860930,21.717,map,tf map->odom (AMCL) + odom->base_link (estimate),-2.0593,-0.6664,-0.0697,,
1790754292378255353,21.733,map,tf map->odom (AMCL) + odom->base_link (estimate),-2.0460,-0.6674,-0.0721,,
1790754292411633539,21.750,map,tf map->odom (AMCL) + odom->base_link (estimate),-2.0327,-0.6684,-0.0745,,
1790754292465575715,21.767,map,tf map->odom (AMCL) + odom->base_link (estimate),-2.0194,-0.6694,-0.0769,,
1790754292521635679,21.783,map,tf map->odom (AMCL) + odom->base_link (estimate),-2.0060,-0.6705,-0.0793,,
1790754292560155654,21.800,map,tf map->odom (AMCL) + odom->base_link (estimate),-1.9927,-0.6716,-0.0818,,
1790754292601832521,21.817,map,tf map->odom (AMCL) + odom->base_link (estimate),-1.9794,-0.6727,-0.0842,,
1790754292655250768,21.833,map,tf map->odom (AMCL) + odom->base_link (estimate),-1.9661,-0.6738,-0.0866,,
1790754292696362544,21.850,map,tf map->odom (AMCL) + odom->base_link (estimate),-1.9528,-0.6750,-0.0887,,
1790754292749656560,21.867,map,tf map->odom (AMCL) + odom->base_link (estimate),-1.9396,-0.6762,-0.0908,,
1790754292793570790,21.883,map,tf map->odom (AMCL) + odom->base_link (estimate),-1.9263,-0.6775,-0.0928,,
1790754292846066434,21.900,map,tf map->odom (AMCL) + odom->base_link (estimate),-1.9130,-0.6787,-0.0948,,
1790754292891788247,21.917,map,tf map->odom (AMCL) + odom->base_link (estimate),-1.8997,-0.6800,-0.0967,,
1790754292942280089,21.933,map,tf map->odom (AMCL) + odom->base_link (estimate),-1.8864,-0.6814,-0.0987,,
1790754292980519195,21.950,map,tf map->odom (AMCL) + odom->base_link (estimate),-1.8731,-0.6827,-0.1008,,
1790754293028440282,21.967,map,tf map->odom (AMCL) + odom->base_link (estimate),-1.8599,-0.6841,-0.1029,,
1790754293067298492,21.983,map,tf map->odom (AMCL) + odom->base_link (estimate),-1.8466,-0.6855,-0.1051,,
1790754293115139956,22.000,map,tf map->odom (AMCL) + odom->base_link (estimate),-1.8333,-0.6869,-0.1073,,
1790754293152281567,22.017,map,tf map->odom (AMCL) + odom->base_link (estimate),-1.8200,-0.6884,-0.1095,,
1790754293225609404,22.033,map,tf map->odom (AMCL) + odom->base_link (estimate),-1.8068,-0.6898,-0.1118,,
1790754293263642887,22.050,map,tf map->odom (AMCL) + odom->base_link (estimate),-1.7935,-0.6914,-0.1141,,
1790754293315294712,22.067,map,tf map->odom (AMCL) + odom->base_link (estimate),-1.7802,-0.6929,-0.1164,,
1790754293352332580,22.083,map,tf map->odom (AMCL) + odom->base_link (estimate),-1.7670,-0.6945,-0.1186,,
1790754293402130723,22.100,map,tf map->odom (AMCL) + odom->base_link (estimate),-1.7537,-0.6961,-0.1207,,
1790754293436887739,22.117,map,tf map->odom (AMCL) + odom->base_link (estimate),-1.7405,-0.6977,-0.1227,,
1790754293492792647,22.133,map,tf map->odom (AMCL) + odom->base_link (estimate),-1.7273,-0.6994,-0.1246,,
1790754293535901706,22.150,map,tf map->odom (AMCL) + odom->base_link (estimate),-1.7140,-0.7011,-0.1265,,
1790754293584851374,22.167,map,tf map->odom (AMCL) + odom->base_link (estimate),-1.7008,-0.7028,-0.1283,,
1790754293624228112,22.183,map,tf map->odom (AMCL) + odom->base_link (estimate),-1.6875,-0.7045,-0.1301,,
1790754293676256261,22.200,map,tf map->odom (AMCL) + odom->base_link (estimate),-1.6743,-0.7063,-0.1318,,
1790754293711471179,22.217,map,tf map->odom (AMCL) + odom->base_link (estimate),-1.6611,-0.7081,-0.1335,,
1790754293765167967,22.233,map,tf map->odom (AMCL) + odom->base_link (estimate),-1.6479,-0.7099,-0.1352,,
1790754293806916728,22.250,map,tf map->odom (AMCL) + odom->base_link (estimate),-1.6346,-0.7117,-0.1369,,
1790754293857368060,22.267,map,tf map->odom (AMCL) + odom->base_link (estimate),-1.6214,-0.7135,-0.1385,,
1790754293907977055,22.283,map,tf map->odom (AMCL) + odom->base_link (estimate),-1.6082,-0.7154,-0.1401,,
1790754293946395708,22.300,map,tf map->odom (AMCL) + odom->base_link (estimate),-1.5950,-0.7173,-0.1417,,
1790754293981429123,22.317,map,tf map->odom (AMCL) + odom->base_link (estimate),-1.5818,-0.7192,-0.1432,,
1790754294033041183,22.333,map,tf map->odom (AMCL) + odom->base_link (estimate),-1.5686,-0.7211,-0.1447,,
1790754294069902297,22.350,map,tf map->odom (AMCL) + odom->base_link (estimate),-1.5554,-0.7231,-0.1462,,
1790754294119501802,22.367,map,tf map->odom (AMCL) + odom->base_link (estimate),-1.5422,-0.7250,-0.1477,,
1790754294157378552,22.383,map,tf map->odom (AMCL) + odom->base_link (estimate),-1.5290,-0.7270,-0.1491,,
1790754294203063302,22.400,map,tf map->odom (AMCL) + odom->base_link (estimate),-1.5158,-0.7290,-0.1505,,
1790754294240085152,22.417,map,tf map->odom (AMCL) + odom->base_link (estimate),-1.5026,-0.7310,-0.1520,,
1790754294295676411,22.433,map,tf map->odom (AMCL) + odom->base_link (estimate),-1.4894,-0.7331,-0.1533,,
1790754294389140322,22.450,map,tf map->odom (AMCL) + odom->base_link (estimate),-1.4762,-0.7351,-0.1547,,
1790754294442015176,22.467,map,tf map->odom (AMCL) + odom->base_link (estimate),-1.4630,-0.7372,-0.1561,,
1790754294479598486,22.483,map,tf map->odom (AMCL) + odom->base_link (estimate),-1.4498,-0.7393,-0.1574,,
1790754294531197973,22.500,map,tf map->odom (AMCL) + odom->base_link (estimate),-1.4366,-0.7414,-0.1588,,
1790754294567762666,22.517,map,tf map->odom (AMCL) + odom->base_link (estimate),-1.4234,-0.7435,-0.1601,,
1790754294630562189,22.533,map,tf map->odom (AMCL) + odom->base_link (estimate),-1.4103,-0.7457,-0.1614,,
1790754294668999654,22.550,map,tf map->odom (AMCL) + odom->base_link (estimate),-1.3971,-0.7478,-0.1626,,
1790754294718067034,22.567,map,tf map->odom (AMCL) + odom->base_link (estimate),-1.3839,-0.7500,-0.1637,,
1790754294758243449,22.583,map,tf map->odom (AMCL) + odom->base_link (estimate),-1.3708,-0.7522,-0.1647,,
1790754294808034887,22.600,map,tf map->odom (AMCL) + odom->base_link (estimate),-1.3576,-0.7544,-0.1657,,
1790754294846253226,22.617,map,tf map->odom (AMCL) + odom->base_link (estimate),-1.3444,-0.7566,-0.1667,,
1790754294903288502,22.633,map,tf map->odom (AMCL) + odom->base_link (estimate),-1.3313,-0.7589,-0.1676,,
1790754294947570768,22.650,map,tf map->odom (AMCL) + odom->base_link (estimate),-1.2833,-0.7520,-0.1488,,
1790754294996181363,22.667,map,tf map->odom (AMCL) + odom->base_link (estimate),-1.2701,-0.7540,-0.1496,,
1790754295038207268,22.683,map,tf map->odom (AMCL) + odom->base_link (estimate),-1.2569,-0.7560,-0.1506,,
1790754295081860279,22.700,map,tf map->odom (AMCL) + odom->base_link (estimate),-1.2437,-0.7580,-0.1515,,
1790754295117349547,22.717,map,tf map->odom (AMCL) + odom->base_link (estimate),-1.2305,-0.7600,-0.1525,,
1790754295169536383,22.733,map,tf map->odom (AMCL) + odom->base_link (estimate),-1.2173,-0.7621,-0.1535,,
1790754295206244491,22.750,map,tf map->odom (AMCL) + odom->base_link (estimate),-1.2041,-0.7641,-0.1545,,
1790754295257266036,22.767,map,tf map->odom (AMCL) + odom->base_link (estimate),-1.1909,-0.7662,-0.1555,,
1790754295305084218,22.783,map,tf map->odom (AMCL) + odom->base_link (estimate),-1.1778,-0.7683,-0.1564,,
1790754295343007346,22.800,map,tf map->odom (AMCL) + odom->base_link (estimate),-1.1648,-0.7704,-0.1574,,
1790754295382356984,22.817,map,tf map->odom (AMCL) + odom->base_link (estimate),-1.1521,-0.7724,-0.1584,,
1790754295431819500,22.833,map,tf map->odom (AMCL) + odom->base_link (estimate),-1.1395,-0.7744,-0.1593,,
1790754295470382965,22.850,map,tf map->odom (AMCL) + odom->base_link (estimate),-1.1270,-0.7764,-0.1603,,
1790754295523068306,22.867,map,tf map->odom (AMCL) + odom->base_link (estimate),-1.1145,-0.7785,-0.1612,,
1790754295558511012,22.883,map,tf map->odom (AMCL) + odom->base_link (estimate),-1.1020,-0.7805,-0.1621,,
1790754295608471475,22.900,map,tf map->odom (AMCL) + odom->base_link (estimate),-1.0897,-0.7825,-0.1631,,
1790754295646020327,22.917,map,tf map->odom (AMCL) + odom->base_link (estimate),-1.0777,-0.7845,-0.1640,,
1790754295697695620,22.933,map,tf map->odom (AMCL) + odom->base_link (estimate),-1.0659,-0.7865,-0.1650,,
1790754295734395718,22.950,map,tf map->odom (AMCL) + odom->base_link (estimate),-1.0543,-0.7884,-0.1659,,
1790754295787390798,22.967,map,tf map->odom (AMCL) + odom->base_link (estimate),-1.0430,-0.7903,-0.1668,,
1790754295823470675,22.983,map,tf map->odom (AMCL) + odom->base_link (estimate),-1.0318,-0.7922,-0.1677,,
1790754295875034775,23.000,map,tf map->odom (AMCL) + odom->base_link (estimate),-1.0207,-0.7941,-0.1685,,
1790754295911854168,23.017,map,tf map->odom (AMCL) + odom->base_link (estimate),-1.0096,-0.7960,-0.1694,,
1790754295978726016,23.033,map,tf map->odom (AMCL) + odom->base_link (estimate),-0.9985,-0.7979,-0.1703,,
1790754296014470544,23.050,map,tf map->odom (AMCL) + odom->base_link (estimate),-0.9876,-0.7998,-0.1712,,
1790754296062123614,23.067,map,tf map->odom (AMCL) + odom->base_link (estimate),-0.9770,-0.8016,-0.1721,,
1790754296094493240,23.083,map,tf map->odom (AMCL) + odom->base_link (estimate),-0.9666,-0.8035,-0.1730,,
1790754296146085278,23.100,map,tf map->odom (AMCL) + odom->base_link (estimate),-0.9562,-0.8053,-0.1738,,
1790754296178566284,23.117,map,tf map->odom (AMCL) + odom->base_link (estimate),-0.9458,-0.8071,-0.1747,,
1790754296234004443,23.133,map,tf map->odom (AMCL) + odom->base_link (estimate),-0.9356,-0.8089,-0.1756,,
1790754296266042167,23.150,map,tf map->odom (AMCL) + odom->base_link (estimate),-0.9257,-0.8107,-0.1764,,
1790754296316578151,23.167,map,tf map->odom (AMCL) + odom->base_link (estimate),-0.9159,-0.8125,-0.1773,,
1790754296352006235,23.183,map,tf map->odom (AMCL) + odom->base_link (estimate),-0.9062,-0.8142,-0.1781,,
1790754296403063075,23.200,map,tf map->odom (AMCL) + odom->base_link (estimate),-0.8965,-0.8160,-0.1790,,
1790754296441600931,23.217,map,tf map->odom (AMCL) + odom->base_link (estimate),-0.8870,-0.8177,-0.1798,,
1790754296494660082,23.233,map,tf map->odom (AMCL) + odom->base_link (estimate),-0.8778,-0.8194,-0.1806,,
1790754296533008797,23.250,map,tf map->odom (AMCL) + odom->base_link (estimate),-0.8688,-0.8210,-0.1815,,
1790754296584691726,23.267,map,tf map->odom (AMCL) + odom->base_link (estimate),-0.8597,-0.8227,-0.1823,,
1790754296636028411,23.283,map,tf map->odom (AMCL) + odom->base_link (estimate),-0.8507,-0.8244,-0.1831,,
1790754296675469127,23.300,map,tf map->odom (AMCL) + odom->base_link (estimate),-0.8420,-0.8260,-0.1839,,
1790754296713059700,23.317,map,tf map->odom (AMCL) + odom->base_link (estimate),-0.8334,-0.8276,-0.1847,,
1790754296769606715,23.333,map,tf map->odom (AMCL) + odom->base_link (estimate),-0.8251,-0.8292,-0.1855,,
1790754296807839954,23.350,map,tf map->odom (AMCL) + odom->base_link (estimate),-0.8168,-0.8307,-0.1863,,
1790754296862807266,23.367,map,tf map->odom (AMCL) + odom->base_link (estimate),-0.8085,-0.8323,-0.1871,,
1790754296902291285,23.383,map,tf map->odom (AMCL) + odom->base_link (estimate),-0.8004,-0.8338,-0.1879,,
1790754296951206776,23.400,map,tf map->odom (AMCL) + odom->base_link (estimate),-0.7926,-0.8353,-0.1886,,
1790754296985460164,23.417,map,tf map->odom (AMCL) + odom->base_link (estimate),-0.7849,-0.8368,-0.1894,,
1790754297039184238,23.433,map,tf map->odom (AMCL) + odom->base_link (estimate),-0.7773,-0.8383,-0.1902,,
1790754297078018515,23.450,map,tf map->odom (AMCL) + odom->base_link (estimate),-0.7697,-0.8397,-0.1909,,
1790754297131898296,23.467,map,tf map->odom (AMCL) + odom->base_link (estimate),-0.7621,-0.8412,-0.1917,,
1790754297167040296,23.483,map,tf map->odom (AMCL) + odom->base_link (estimate),-0.7545,-0.8427,-0.1925,,
1790754297218148263,23.500,map,tf map->odom (AMCL) + odom->base_link (estimate),-0.7469,-0.8442,-0.1932,,
1790754297265470454,23.517,map,tf map->odom (AMCL) + odom->base_link (estimate),-0.7393,-0.8457,-0.1940,,
1790754297317992266,23.533,map,tf map->odom (AMCL) + odom->base_link (estimate),-0.7319,-0.8471,-0.1948,,
1790754297353124860,23.550,map,tf map->odom (AMCL) + odom->base_link (estimate),-0.7245,-0.8486,-0.1955,,
1790754297404275758,23.567,map,tf map->odom (AMCL) + odom->base_link (estimate),-0.7170,-0.8501,-0.1961,,
1790754297438024307,23.583,map,tf map->odom (AMCL) + odom->base_link (estimate),-0.7096,-0.8515,-0.1968,,
1790754297491259002,23.600,map,tf map->odom (AMCL) + odom->base_link (estimate),-0.7025,-0.8530,-0.1976,,
1790754297537581202,23.617,map,tf map->odom (AMCL) + odom->base_link (estimate),-0.6956,-0.8544,-0.1982,,
1790754297589622947,23.633,map,tf map->odom (AMCL) + odom->base_link (estimate),-0.6887,-0.8558,-0.1989,,
1790754297628074287,23.650,map,tf map->odom (AMCL) + odom->base_link (estimate),-0.6817,-0.8572,-0.1995,,
1790754297676050319,23.667,map,tf map->odom (AMCL) + odom->base_link (estimate),-0.6748,-0.8586,-0.2001,,
1790754297713025699,23.683,map,tf map->odom (AMCL) + odom->base_link (estimate),-0.6680,-0.8600,-0.2006,,
1790754297762035714,23.700,map,tf map->odom (AMCL) + odom->base_link (estimate),-0.6611,-0.8614,-0.2012,,
1790754297797588774,23.717,map,tf map->odom (AMCL) + odom->base_link (estimate),-0.6542,-0.8628,-0.2017,,
1790754297848273295,23.733,map,tf map->odom (AMCL) + odom->base_link (estimate),-0.6473,-0.8642,-0.2023,,
1790754297885497881,23.750,map,tf map->odom (AMCL) + odom->base_link (estimate),-0.6406,-0.8656,-0.2028,,
1790754297937868455,23.767,map,tf map->odom (AMCL) + odom->base_link (estimate),-0.6342,-0.8669,-0.2033,,
1790754297982608996,23.783,map,tf map->odom (AMCL) + odom->base_link (estimate),-0.6279,-0.8682,-0.2037,,
1790754298024410560,23.800,map,tf map->odom (AMCL) + odom->base_link (estimate),-0.6217,-0.8695,-0.2042,,
1790754298061804264,23.817,map,tf map->odom (AMCL) + odom->base_link (estimate),-0.6155,-0.8708,-0.2046,,
1790754298110773861,23.833,map,tf map->odom (AMCL) + odom->base_link (estimate),-0.6093,-0.8721,-0.2051,,
1790754298144351803,23.850,map,tf map->odom (AMCL) + odom->base_link (estimate),-0.6031,-0.8733,-0.2055,,
1790754298194968435,23.867,map,tf map->odom (AMCL) + odom->base_link (estimate),-0.5969,-0.8746,-0.2059,,
1790754298231647486,23.883,map,tf map->odom (AMCL) + odom->base_link (estimate),-0.5907,-0.8759,-0.2063,,
1790754298281559617,23.900,map,tf map->odom (AMCL) + odom->base_link (estimate),-0.5847,-0.8772,-0.2067,,
1790754298319313303,23.917,map,tf map->odom (AMCL) + odom->base_link (estimate),-0.5790,-0.8784,-0.2071,,
1790754298367964527,23.933,map,tf map->odom (AMCL) + odom->base_link (estimate),-0.5734,-0.8796,-0.2074,,
1790754298400696404,23.950,map,tf map->odom (AMCL) + odom->base_link (estimate),-0.5678,-0.8807,-0.2078,,
1790754298456352482,23.967,map,tf map->odom (AMCL) + odom->base_link (estimate),-0.5623,-0.8819,-0.2081,,
1790754298491622915,23.983,map,tf map->odom (AMCL) + odom->base_link (estimate),-0.5568,-0.8831,-0.2085,,
1790754298541998498,24.000,map,tf map->odom (AMCL) + odom->base_link (estimate),-0.5513,-0.8842,-0.2088,,
1790754298579156805,24.017,map,tf map->odom (AMCL) + odom->base_link (estimate),-0.5458,-0.8854,-0.2091,,
1790754298645583635,24.033,map,tf map->odom (AMCL) + odom->base_link (estimate),-0.5403,-0.8866,-0.2094,,
1790754298681991069,24.050,map,tf map->odom (AMCL) + odom->base_link (estimate),-0.5348,-0.8878,-0.2098,,
1790754298732860949,24.067,map,tf map->odom (AMCL) + odom->base_link (estimate),-0.5293,-0.8889,-0.2101,,
1790754298769098490,24.083,map,tf map->odom (AMCL) + odom->base_link (estimate),-0.5238,-0.8901,-0.2104,,
1790754298818894690,24.100,map,tf map->odom (AMCL) + odom->base_link (estimate),-0.5185,-0.8912,-0.2108,,
1790754298853294922,24.117,map,tf map->odom (AMCL) + odom->base_link (estimate),-0.5135,-0.8923,-0.2111,,
1790754298911068244,24.133,map,tf map->odom (AMCL) + odom->base_link (estimate),-0.5086,-0.8934,-0.2113,,
1790754298946114090,24.150,map,tf map->odom (AMCL) + odom->base_link (estimate),-0.5037,-0.8944,-0.2116,,
1790754298997136039,24.167,map,tf map->odom (AMCL) + odom->base_link (estimate),-0.4989,-0.8955,-0.2119,,
1790754299036506434,24.183,map,tf map->odom (AMCL) + odom->base_link (estimate),-0.4941,-0.8965,-0.2121,,
1790754299086981553,24.200,map,tf map->odom (AMCL) + odom->base_link (estimate),-0.4893,-0.8975,-0.2124,,
1790754299124024939,24.217,map,tf map->odom (AMCL) + odom->base_link (estimate),-0.4844,-0.8986,-0.2126,,
1790754299176364854,24.233,map,tf map->odom (AMCL) + odom->base_link (estimate),-0.4796,-0.8996,-0.2129,,
1790754299214083594,24.250,map,tf map->odom (AMCL) + odom->base_link (estimate),-0.4860,-0.9385,-0.2280,,
1790754299263027887,24.267,map,tf map->odom (AMCL) + odom->base_link (estimate),-0.4812,-0.9396,-0.2283,,
1790754299317929434,24.283,map,tf map->odom (AMCL) + odom->base_link (estimate),-0.4764,-0.9408,-0.2285,,
1790754299356744087,24.300,map,tf map->odom (AMCL) + odom->base_link (estimate),-0.4716,-0.9419,-0.2287,,
1790754299397503557,24.317,map,tf map->odom (AMCL) + odom->base_link (estimate),-0.4670,-0.9429,-0.2288,,
1790754299451470361,24.333,map,tf map->odom (AMCL) + odom->base_link (estimate),-0.4627,-0.9440,-0.2288,,
1790754299487230680,24.350,map,tf map->odom (AMCL) + odom->base_link (estimate),-0.4585,-0.9449,-0.2284,,
1790754299544354166,24.367,map,tf map->odom (AMCL) + odom->base_link (estimate),-0.4543,-0.9459,-0.2281,,
1790754299587584084,24.383,map,tf map->odom (AMCL) + odom->base_link (estimate),-0.4502,-0.9468,-0.2279,,
1790754299635827226,24.400,map,tf map->odom (AMCL) + odom->base_link (estimate),-0.4461,-0.9478,-0.2278,,
1790754299678198857,24.417,map,tf map->odom (AMCL) + odom->base_link (estimate),-0.4420,-0.9488,-0.2277,,
1790754299728214953,24.433,map,tf map->odom (AMCL) + odom->base_link (estimate),-0.4379,-0.9497,-0.2276,,
1790754299766788133,24.450,map,tf map->odom (AMCL) + odom->base_link (estimate),-0.4337,-0.9507,-0.2275,,
1790754299814618970,24.467,map,tf map->odom (AMCL) + odom->base_link (estimate),-0.4296,-0.9516,-0.2274,,
1790754299851091323,24.483,map,tf map->odom (AMCL) + odom->base_link (estimate),-0.4255,-0.9526,-0.2273,,
1790754299903109368,24.500,map,tf map->odom (AMCL) + odom->base_link (estimate),-0.4214,-0.9535,-0.2272,,
1790754299940825012,24.517,map,tf map->odom (AMCL) + odom->base_link (estimate),-0.4173,-0.9545,-0.2271,,
1790754300001978103,24.533,map,tf map->odom (AMCL) + odom->base_link (estimate),-0.4131,-0.9554,-0.2269,,
1790754300050084747,24.550,map,tf map->odom (AMCL) + odom->base_link (estimate),-0.4090,-0.9564,-0.2268,,
1790754300090639332,24.567,map,tf map->odom (AMCL) + odom->base_link (estimate),-0.4051,-0.9573,-0.2265,,
1790754300129379592,24.583,map,tf map->odom (AMCL) + odom->base_link (estimate),-0.4015,-0.9581,-0.2260,,
1790754300180669187,24.600,map,tf map->odom (AMCL) + odom->base_link (estimate),-0.3980,-0.9589,-0.2254,,
1790754300221736173,24.617,map,tf map->odom (AMCL) + odom->base_link (estimate),-0.3945,-0.9597,-0.2245,,
1790754300270698384,24.633,map,tf map->odom (AMCL) + odom->base_link (estimate),-0.3910,-0.9605,-0.2236,,
1790754300312158350,24.650,map,tf map->odom (AMCL) + odom->base_link (estimate),-0.3876,-0.9613,-0.2227,,
1790754300366624890,24.667,map,tf map->odom (AMCL) + odom->base_link (estimate),-0.3841,-0.9620,-0.2218,,
1790754300406198014,24.683,map,tf map->odom (AMCL) + odom->base_link (estimate),-0.3807,-0.9628,-0.2212,,
1790754300462413024,24.700,map,tf map->odom (AMCL) + odom->base_link (estimate),-0.3773,-0.9636,-0.2206,,
1790754300501454983,24.717,map,tf map->odom (AMCL) + odom->base_link (estimate),-0.3738,-0.9644,-0.2202,,
1790754300551434117,24.733,map,tf map->odom (AMCL) + odom->base_link (estimate),-0.3704,-0.9651,-0.2197,,
1790754300594395075,24.750,map,tf map->odom (AMCL) + odom->base_link (estimate),-0.3669,-0.9659,-0.2193,,
1790754300639087148,24.767,map,tf map->odom (AMCL) + odom->base_link (estimate),-0.3635,-0.9667,-0.2188,,
1790754300690398883,24.783,map,tf map->odom (AMCL) + odom->base_link (estimate),-0.3600,-0.9674,-0.2184,,
1790754300730231302,24.800,map,tf map->odom (AMCL) + odom->base_link (estimate),-0.3566,-0.9682,-0.2179,,
1790754300779374102,24.817,map,tf map->odom (AMCL) + odom->base_link (estimate),-0.3532,-0.9689,-0.2174,,
1790754300824602873,24.833,map,tf map->odom (AMCL) + odom->base_link (estimate),-0.3497,-0.9697,-0.2170,,
1790754300862550046,24.850,map,tf map->odom (AMCL) + odom->base_link (estimate),-0.3463,-0.9705,-0.2165,,
1790754300912630497,24.867,map,tf map->odom (AMCL) + odom->base_link (estimate),-0.3428,-0.9712,-0.2160,,
1790754300950653844,24.883,map,tf map->odom (AMCL) + odom->base_link (estimate),-0.3394,-0.9720,-0.2155,,
1790754300999735009,24.900,map,tf map->odom (AMCL) + odom->base_link (estimate),-0.3361,-0.9727,-0.2149,,
1790754301036632424,24.917,map,tf map->odom (AMCL) + odom->base_link (estimate),-0.3332,-0.9733,-0.2142,,
1790754301092786081,24.933,map,tf map->odom (AMCL) + odom->base_link (estimate),-0.3303,-0.9739,-0.2134,,
1790754301130591034,24.950,map,tf map->odom (AMCL) + odom->base_link (estimate),-0.3275,-0.9745,-0.2125,,
1790754301181913463,24.967,map,tf map->odom (AMCL) + odom->base_link (estimate),-0.3248,-0.9751,-0.2115,,
1790754301222511671,24.983,map,tf map->odom (AMCL) + odom->base_link (estimate),-0.3220,-0.9757,-0.2105,,
1790754301294765169,25.000,map,tf map->odom (AMCL) + odom->base_link (estimate),-0.3192,-0.9763,-0.2093,,
1790754301338060380,25.017,map,tf map->odom (AMCL) + odom->base_link (estimate),-0.3164,-0.9769,-0.2078,,
1790754301420566318,25.033,map,tf map->odom (AMCL) + odom->base_link (estimate),-0.3136,-0.9775,-0.2065,,
1790754301461230851,25.050,map,tf map->odom (AMCL) + odom->base_link (estimate),-0.3109,-0.9780,-0.2051,,
1790754301510658745,25.067,map,tf map->odom (AMCL) + odom->base_link (estimate),-0.3081,-0.9786,-0.2042,,
1790754301549332773,25.083,map,tf map->odom (AMCL) + odom->base_link (estimate),-0.3053,-0.9792,-0.2033,,
1790754301600478742,25.100,map,tf map->odom (AMCL) + odom->base_link (estimate),-0.3025,-0.9798,-0.2026,,
1790754301635161629,25.117,map,tf map->odom (AMCL) + odom->base_link (estimate),-0.2998,-0.9803,-0.2018,,
1790754301689404522,25.133,map,tf map->odom (AMCL) + odom->base_link (estimate),-0.2970,-0.9809,-0.2011,,
1790754301723764601,25.150,map,tf map->odom (AMCL) + odom->base_link (estimate),-0.2942,-0.9815,-0.2003,,
1790754301778342028,25.167,map,tf map->odom (AMCL) + odom->base_link (estimate),-0.2915,-0.9820,-0.1995,,
1790754301817959337,25.183,map,tf map->odom (AMCL) + odom->base_link (estimate),-0.2887,-0.9826,-0.1987,,
1790754301868538962,25.200,map,tf map->odom (AMCL) + odom->base_link (estimate),-0.2859,-0.9831,-0.1980,,
1790754301906960448,25.217,map,tf map->odom (AMCL) + odom->base_link (estimate),-0.2832,-0.9837,-0.1972,,
1790754301958268617,25.233,map,tf map->odom (AMCL) + odom->base_link (estimate),-0.2804,-0.9842,-0.1964,,
1790754301997025951,25.250,map,tf map->odom (AMCL) + odom->base_link (estimate),-0.2777,-0.9848,-0.1956,,
1790754302047405381,25.267,map,tf map->odom (AMCL) + odom->base_link (estimate),-0.2749,-0.9853,-0.1949,,
1790754302098029285,25.283,map,tf map->odom (AMCL) + odom->base_link (estimate),-0.2721,-0.9859,-0.1941,,
1790754302138110682,25.300,map,tf map->odom (AMCL) + odom->base_link (estimate),-0.2696,-0.9864,-0.1932,,
1790754302174766625,25.317,map,tf map->odom (AMCL) + odom->base_link (estimate),-0.2673,-0.9868,-0.1923,,
1790754302232066478,25.333,map,tf map->odom (AMCL) + odom->base_link (estimate),-0.2651,-0.9872,-0.1912,,
1790754302276376829,25.350,map,tf map->odom (AMCL) + odom->base_link (estimate),-0.2630,-0.9876,-0.1902,,
1790754302327729935,25.367,map,tf map->odom (AMCL) + odom->base_link (estimate),-0.2609,-0.9880,-0.1890,,
1790754302364811972,25.383,map,tf map->odom (AMCL) + odom->base_link (estimate),-0.2587,-0.9884,-0.1879,,
1790754302415050121,25.400,map,tf map->odom (AMCL) + odom->base_link (estimate),-0.2566,-0.9888,-0.1867,,
1790754302450584071,25.417,map,tf map->odom (AMCL) + odom->base_link (estimate),-0.2545,-0.9892,-0.1856,,
1790754302502082304,25.433,map,tf map->odom (AMCL) + odom->base_link (estimate),-0.2524,-0.9896,-0.1844,,
1790754302539905082,25.450,map,tf map->odom (AMCL) + odom->base_link (estimate),-0.2503,-0.9900,-0.1831,,
1790754302592662929,25.467,map,tf map->odom (AMCL) + odom->base_link (estimate),-0.2484,-0.9903,-0.1818,,
1790754302632137268,25.483,map,tf map->odom (AMCL) + odom->base_link (estimate),-0.2469,-0.9906,-0.1805,,
1790754302679317050,25.500,map,tf map->odom (AMCL) + odom->base_link (estimate),-0.2459,-0.9908,-0.1797,,
1790754302714741334,25.517,map,tf map->odom (AMCL) + odom->base_link (estimate),-0.2454,-0.9909,-0.1793,,
1790754302775822470,25.533,map,tf map->odom (AMCL) + odom->base_link (estimate),-0.2452,-0.9909,-0.1792,,
1790754302812082807,25.550,map,tf map->odom (AMCL) + odom->base_link (estimate),-0.2452,-0.9909,-0.1793,,
1790754302863263955,25.567,map,tf map->odom (AMCL) + odom->base_link (estimate),-0.2451,-0.9909,-0.1793,,
1790754302901103713,25.583,map,tf map->odom (AMCL) + odom->base_link (estimate),-0.2451,-0.9909,-0.1793,,
1790754302953138082,25.600,map,tf map->odom (AMCL) + odom->base_link (estimate),-0.2451,-0.9909,-0.1793,,
1790754302991830497,25.617,map,tf map->odom (AMCL) + odom->base_link (estimate),-0.2451,-0.9909,-0.1793,,
1790754303040641764,25.633,map,tf map->odom (AMCL) + odom->base_link (estimate),-0.2450,-0.9909,-0.1793,,
1790754303077911051,25.650,map,tf map->odom (AMCL) + odom->base_link (estimate),-0.2450,-0.9910,-0.1793,,
1790754303129213310,25.667,map,tf map->odom (AMCL) + odom->base_link (estimate),-0.2450,-0.9910,-0.1793,,
1790754303167445765,25.683,map,tf map->odom (AMCL) + odom->base_link (estimate),-0.2450,-0.9910,-0.1792,,
1790754303214247202,25.700,map,tf map->odom (AMCL) + odom->base_link (estimate),-0.2450,-0.9910,-0.1792,,
1790754303251923164,25.717,map,tf map->odom (AMCL) + odom->base_link (estimate),-0.2450,-0.9910,-0.1792,,
1790754303304153037,25.733,map,tf map->odom (AMCL) + odom->base_link (estimate),-0.2449,-0.9910,-0.1792,,
1790754303339008914,25.750,map,tf map->odom (AMCL) + odom->base_link (estimate),-0.2449,-0.9910,-0.1792,,
1790754303390725541,25.767,map,tf map->odom (AMCL) + odom->base_link (estimate),-0.2449,-0.9910,-0.1792,,
1790754303441310138,25.783,map,tf map->odom (AMCL) + odom->base_link (estimate),-0.2449,-0.9910,-0.1792,,
1790754303480416827,25.800,map,tf map->odom (AMCL) + odom->base_link (estimate),-0.2449,-0.9910,-0.1792,,
1790754303519176318,25.817,map,tf map->odom (AMCL) + odom->base_link (estimate),-0.2449,-0.9910,-0.1792,,
1790754303568492764,25.833,map,tf map->odom (AMCL) + odom->base_link (estimate),-0.2449,-0.9910,-0.1792,,
1790754303603895659,25.850,map,tf map->odom (AMCL) + odom->base_link (estimate),-0.2448,-0.9910,-0.1792,,
1790754303654042435,25.867,map,tf map->odom (AMCL) + odom->base_link (estimate),-0.2448,-0.9910,-0.1792,,
1790754303690819489,25.883,map,tf map->odom (AMCL) + odom->base_link (estimate),-0.2448,-0.9910,-0.1792,,
1790754303737227572,25.900,map,tf map->odom (AMCL) + odom->base_link (estimate),-0.2448,-0.9910,-0.1791,,
1790754303775055885,25.917,map,tf map->odom (AMCL) + odom->base_link (estimate),-0.2448,-0.9910,-0.1791,,
1790754303826973645,25.933,map,tf map->odom (AMCL) + odom->base_link (estimate),-0.2448,-0.9910,-0.1791,,
1790754303863549942,25.950,map,tf map->odom (AMCL) + odom->base_link (estimate),-0.2447,-0.9910,-0.1791,,
1790754303913342577,25.967,map,tf map->odom (AMCL) + odom->base_link (estimate),-0.2447,-0.9910,-0.1791,,
1790754303953210927,25.983,map,tf map->odom (AMCL) + odom->base_link (estimate),-0.2447,-0.9910,-0.1791,,
1790754304003809596,26.000,map,tf map->odom (AMCL) + odom->base_link (estimate),-0.2447,-0.9910,-0.1791,,
1790754304040952048,26.017,map,tf map->odom (AMCL) + odom->base_link (estimate),-0.2447,-0.9910,-0.1791,,
1790754304109996891,26.033,map,tf map->odom (AMCL) + odom->base_link (estimate),-0.2447,-0.9910,-0.1791,,
1790754304150544159,26.050,map,tf map->odom (AMCL) + odom->base_link (estimate),-0.2446,-0.9910,-0.1791,,
1790754304199353644,26.067,map,tf map->odom (AMCL) + odom->base_link (estimate),-0.2446,-0.9910,-0.1791,,
1790754304234879526,26.083,map,tf map->odom (AMCL) + odom->base_link (estimate),-0.2446,-0.9910,-0.1791,,
1790754304283585068,26.100,map,tf map->odom (AMCL) + odom->base_link (estimate),-0.2446,-0.9910,-0.1791,,
1790754304327412005,26.117,map,tf map->odom (AMCL) + odom->base_link (estimate),-0.2446,-0.9910,-0.1791,,
1790754304376668505,26.133,map,tf map->odom (AMCL) + odom->base_link (estimate),-0.2446,-0.9910,-0.1790,,
1790754304413950362,26.150,map,tf map->odom (AMCL) + odom->base_link (estimate),-0.2445,-0.9910,-0.1790,,
1790754304464482424,26.167,map,tf map->odom (AMCL) + odom->base_link (estimate),-0.2445,-0.9910,-0.1790,,
1790754304497828020,26.183,map,tf map->odom (AMCL) + odom->base_link (estimate),-0.2445,-0.9910,-0.1790,,
1790754304551194802,26.200,map,tf map->odom (AMCL) + odom->base_link (estimate),-0.2445,-0.9910,-0.1790,,
1790754304586780631,26.217,map,tf map->odom (AMCL) + odom->base_link (estimate),-0.2445,-0.9911,-0.1790,,
1790754304640705969,26.233,map,tf map->odom (AMCL) + odom->base_link (estimate),-0.2445,-0.9911,-0.1790,,
1790754304676837127,26.250,map,tf map->odom (AMCL) + odom->base_link (estimate),-0.2444,-0.9911,-0.1790,,
1790754304732947443,26.267,map,tf map->odom (AMCL) + odom->base_link (estimate),-0.2444,-0.9911,-0.1790,,
1790754304779376072,26.283,map,tf map->odom (AMCL) + odom->base_link (estimate),-0.2444,-0.9911,-0.1790,,
1790754304824707568,26.300,map,tf map->odom (AMCL) + odom->base_link (estimate),-0.2444,-0.9911,-0.1790,,
1790754304861672809,26.317,map,tf map->odom (AMCL) + odom->base_link (estimate),-0.2444,-0.9911,-0.1790,,
1790754304916724924,26.333,map,tf map->odom (AMCL) + odom->base_link (estimate),-0.2444,-0.9911,-0.1790,,
1790754304953146056,26.350,map,tf map->odom (AMCL) + odom->base_link (estimate),-0.2443,-0.9911,-0.1789,,
1790754305010622275,26.367,map,tf map->odom (AMCL) + odom->base_link (estimate),-0.2443,-0.9911,-0.1789,,
1790754305050071285,26.383,map,tf map->odom (AMCL) + odom->base_link (estimate),-0.2443,-0.9911,-0.1789,,
1790754305099601903,26.400,map,tf map->odom (AMCL) + odom->base_link (estimate),-0.2443,-0.9911,-0.1789,,
1790754305140364001,26.417,map,tf map->odom (AMCL) + odom->base_link (estimate),-0.2443,-0.9911,-0.1789,,
1790754305190504679,26.433,map,tf map->odom (AMCL) + odom->base_link (estimate),-0.2443,-0.9911,-0.1789,,
1790754305223777102,26.450,map,tf map->odom (AMCL) + odom->base_link (estimate),-0.2442,-0.9911,-0.1789,,
1790754305278256495,26.467,map,tf map->odom (AMCL) + odom->base_link (estimate),-0.2442,-0.9911,-0.1789,,
1790754305312357841,26.483,map,tf map->odom (AMCL) + odom->base_link (estimate),-0.2442,-0.9911,-0.1789,,
1790754305362235470,26.500,map,tf map->odom (AMCL) + odom->base_link (estimate),-0.2442,-0.9911,-0.1789,,
1790754305399139921,26.517,map,tf map->odom (AMCL) + odom->base_link (estimate),-0.2442,-0.9911,-0.1789,,
1790754305460797064,26.533,map,tf map->odom (AMCL) + odom->base_link (estimate),-0.2442,-0.9911,-0.1789,,
1790754305495884562,26.550,map,tf map->odom (AMCL) + odom->base_link (estimate),-0.2441,-0.9911,-0.1789,,
1790754305547426793,26.567,map,tf map->odom (AMCL) + odom->base_link (estimate),-0.2441,-0.9911,-0.1789,,
1790754305584726943,26.583,map,tf map->odom (AMCL) + odom->base_link (estimate),-0.2441,-0.9911,-0.1788,,
1790754305633630240,26.600,map,tf map->odom (AMCL) + odom->base_link (estimate),-0.2441,-0.9911,-0.1788,,
1790754305668086478,26.617,map,tf map->odom (AMCL) + odom->base_link (estimate),-0.2441,-0.9911,-0.1788,,
1790754305722095966,26.633,map,tf map->odom (AMCL) + odom->base_link (estimate),-0.2441,-0.9911,-0.1788,,
1790754305754156712,26.650,map,tf map->odom (AMCL) + odom->base_link (estimate),-0.2440,-0.9911,-0.1788,,
1790754305805280634,26.667,map,tf map->odom (AMCL) + odom->base_link (estimate),-0.2440,-0.9911,-0.1788,,
1790754305837935117,26.683,map,tf map->odom (AMCL) + odom->base_link (estimate),-0.2440,-0.9911,-0.1788,,
1790754305891355559,26.700,map,tf map->odom (AMCL) + odom->base_link (estimate),-0.2440,-0.9911,-0.1788,,
1790754305923765661,26.717,map,tf map->odom (AMCL) + odom->base_link (estimate),-0.2440,-0.9911,-0.1788,,
1790754305983753793,26.733,map,tf map->odom (AMCL) + odom->base_link (estimate),-0.2440,-0.9911,-0.1788,,
1790754306019238398,26.750,map,tf map->odom (AMCL) + odom->base_link (estimate),-0.2439,-0.9911,-0.1788,,
1790754306073171430,26.767,map,tf map->odom (AMCL) + odom->base_link (estimate),-0.2439,-0.9911,-0.1788,,
1790754306122188427,26.783,map,tf map->odom (AMCL) + odom->base_link (estimate),-0.2439,-0.9912,-0.1787,,
1790754306158500267,26.800,map,tf map->odom (AMCL) + odom->base_link (estimate),-0.2439,-0.9912,-0.1787,,
1790754306196121349,26.817,map,tf map->odom (AMCL) + odom->base_link (estimate),-0.2439,-0.9912,-0.1787,,
1790754306247849327,26.833,map,tf map->odom (AMCL) + odom->base_link (estimate),-0.2439,-0.9912,-0.1787,,
1790754306281128223,26.850,map,tf map->odom (AMCL) + odom->base_link (estimate),-0.2438,-0.9912,-0.1787,,
1790754306332584470,26.867,map,tf map->odom (AMCL) + odom->base_link (estimate),-0.2438,-0.9912,-0.1787,,
1790754306367606074,26.883,map,tf map->odom (AMCL) + odom->base_link (estimate),-0.2438,-0.9912,-0.1787,,
1790754306417405264,26.900,map,tf map->odom (AMCL) + odom->base_link (estimate),-0.2438,-0.9912,-0.1787,,
1790754306454980118,26.917,map,tf map->odom (AMCL) + odom->base_link (estimate),-0.2438,-0.9912,-0.1787,,
1790754306510471671,26.933,map,tf map->odom (AMCL) + odom->base_link (estimate),-0.2438,-0.9912,-0.1787,,
1790754306546306388,26.950,map,tf map->odom (AMCL) + odom->base_link (estimate),-0.2437,-0.9912,-0.1787,,
1790754306597857409,26.967,map,tf map->odom (AMCL) + odom->base_link (estimate),-0.2437,-0.9912,-0.1787,,
1790754306635670077,26.983,map,tf map->odom (AMCL) + odom->base_link (estimate),-0.2437,-0.9912,-0.1787,,
1790754306686756030,27.000,map,tf map->odom (AMCL) + odom->base_link (estimate),-0.2437,-0.9912,-0.1787,,
1790754306721429681,27.017,map,tf map->odom (AMCL) + odom->base_link (estimate),-0.2437,-0.9912,-0.1786,,
1790754306783183898,27.033,map,tf map->odom (AMCL) + odom->base_link (estimate),-0.2437,-0.9912,-0.1786,,
1790754306819321871,27.050,map,tf map->odom (AMCL) + odom->base_link (estimate),-0.2436,-0.9912,-0.1786,,
1790754306871309293,27.067,map,tf map->odom (AMCL) + odom->base_link (estimate),-0.2436,-0.9912,-0.1786,,
1790754306909689906,27.083,map,tf map->odom (AMCL) + odom->base_link (estimate),-0.2436,-0.9912,-0.1786,,
1790754306960616876,27.100,map,tf map->odom (AMCL) + odom->base_link (estimate),-0.2436,-0.9912,-0.1786,,
1790754306997422558,27.117,map,tf map->odom (AMCL) + odom->base_link (estimate),-0.2436,-0.9912,-0.1786,,
1790754307050041385,27.133,map,tf map->odom (AMCL) + odom->base_link (estimate),-0.2436,-0.9912,-0.1786,,
1790754307082004689,27.150,map,tf map->odom (AMCL) + odom->base_link (estimate),-0.2435,-0.9912,-0.1786,,
1790754307133511956,27.167,map,tf map->odom (AMCL) + odom->base_link (estimate),-0.2435,-0.9912,-0.1786,,
1790754307170159221,27.183,map,tf map->odom (AMCL) + odom->base_link (estimate),-0.2435,-0.9912,-0.1786,,
1790754307229987915,27.200,map,tf map->odom (AMCL) + odom->base_link (estimate),-0.2435,-0.9912,-0.1786,,
1790754307267095156,27.217,map,tf map->odom (AMCL) + odom->base_link (estimate),-0.2435,-0.9912,-0.1786,,
1790754307324298557,27.233,map,tf map->odom (AMCL) + odom->base_link (estimate),-0.2435,-0.9912,-0.1785,,
1790754307359325913,27.250,map,tf map->odom (AMCL) + odom->base_link (estimate),-0.2434,-0.9912,-0.1785,,
1790754307417587031,27.267,map,tf map->odom (AMCL) + odom->base_link (estimate),-0.2434,-0.9912,-0.1785,,
1790754307462982413,27.283,map,tf map->odom (AMCL) + odom->base_link (estimate),-0.2434,-0.9912,-0.1785,,
1790754307506666041,27.300,map,tf map->odom (AMCL) + odom->base_link (estimate),-0.2434,-0.9912,-0.1785,,
1790754307542086610,27.317,map,tf map->odom (AMCL) + odom->base_link (estimate),-0.2434,-0.9912,-0.1785,,
1790754307595749859,27.333,map,tf map->odom (AMCL) + odom->base_link (estimate),-0.2434,-0.9913,-0.1785,,
1790754307633014668,27.350,map,tf map->odom (AMCL) + odom->base_link (estimate),-0.2433,-0.9913,-0.1785,,
1790754307684444707,27.367,map,tf map->odom (AMCL) + odom->base_link (estimate),-0.2433,-0.9913,-0.1785,,
1790754307718032823,27.383,map,tf map->odom (AMCL) + odom->base_link (estimate),-0.2433,-0.9913,-0.1785,,
1790754307771171221,27.400,map,tf map->odom (AMCL) + odom->base_link (estimate),-0.2433,-0.9913,-0.1785,,
1790754307809109021,27.417,map,tf map->odom (AMCL) + odom->base_link (estimate),-0.2433,-0.9913,-0.1785,,
1790754307864010752,27.433,map,tf map->odom (AMCL) + odom->base_link (estimate),-0.2433,-0.9913,-0.1785,,
1790754307899922887,27.450,map,tf map->odom (AMCL) + odom->base_link (estimate),-0.2432,-0.9913,-0.1785,,
1790754307956080829,27.467,map,tf map->odom (AMCL) + odom->base_link (estimate),-0.2432,-0.9913,-0.1784,,
1790754307994776107,27.483,map,tf map->odom (AMCL) + odom->base_link (estimate),-0.2432,-0.9913,-0.1784,,
1790754308045058281,27.500,map,tf map->odom (AMCL) + odom->base_link (estimate),-0.2432,-0.9913,-0.1784,,
1790754308080585688,27.517,map,tf map->odom (AMCL) + odom->base_link (estimate),-0.2432,-0.9913,-0.1784,,
1790754308140984401,27.533,map,tf map->odom (AMCL) + odom->base_link (estimate),-0.2432,-0.9913,-0.1784,,
1790754308176406951,27.550,map,tf map->odom (AMCL) + odom->base_link (estimate),-0.2431,-0.9913,-0.1784,,
1790754308230148277,27.567,map,tf map->odom (AMCL) + odom->base_link (estimate),-0.2431,-0.9913,-0.1784,,
1790754308266810252,27.583,map,tf map->odom (AMCL) + odom->base_link (estimate),-0.2431,-0.9913,-0.1784,,
1790754308315353704,27.600,map,tf map->odom (AMCL) + odom->base_link (estimate),-0.2431,-0.9913,-0.1784,,
1790754308352484141,27.617,map,tf map->odom (AMCL) + odom->base_link (estimate),-0.2431,-0.9913,-0.1784,,
1790754308407374275,27.633,map,tf map->odom (AMCL) + odom->base_link (estimate),-0.2431,-0.9913,-0.1784,,
1790754308444232669,27.650,map,tf map->odom (AMCL) + odom->base_link (estimate),-0.2430,-0.9913,-0.1784,,
1790754308493289467,27.667,map,tf map->odom (AMCL) + odom->base_link (estimate),-0.2430,-0.9913,-0.1784,,
1790754308530806707,27.683,map,tf map->odom (AMCL) + odom->base_link (estimate),-0.2430,-0.9913,-0.1783,,
1790754308584304089,27.700,map,tf map->odom (AMCL) + odom->base_link (estimate),-0.2430,-0.9913,-0.1783,,
1790754308620627448,27.717,map,tf map->odom (AMCL) + odom->base_link (estimate),-0.2430,-0.9913,-0.1783,,
1790754308674033457,27.733,map,tf map->odom (AMCL) + odom->base_link (estimate),-0.2430,-0.9913,-0.1783,,
1790754308707386777,27.750,map,tf map->odom (AMCL) + odom->base_link (estimate),-0.2429,-0.9913,-0.1783,,
1790754308759901407,27.767,map,tf map->odom (AMCL) + odom->base_link (estimate),-0.2429,-0.9913,-0.1783,,
1790754308820616201,27.783,map,tf map->odom (AMCL) + odom->base_link (estimate),-0.2429,-0.9913,-0.1783,,
1790754308863514626,27.800,map,tf map->odom (AMCL) + odom->base_link (estimate),-0.2429,-0.9913,-0.1783,,
1790754308903844713,27.817,map,tf map->odom (AMCL) + odom->base_link (estimate),-0.2429,-0.9913,-0.1783,,
1790754308957272317,27.833,map,tf map->odom (AMCL) + odom->base_link (estimate),-0.2429,-0.9913,-0.1783,,
1790754266722498902,12.967,map,"nav2_feedback of the target goal (map, AMCL-based estimate)",-6.0045,-1.0000,3.1413,,
1790754266732564326,12.983,map,"nav2_feedback of the target goal (map, AMCL-based estimate)",-6.0045,-1.0000,3.1411,,
1790754266742458136,12.983,map,"nav2_feedback of the target goal (map, AMCL-based estimate)",-6.0045,-1.0000,3.1411,,
1790754266752625126,12.983,map,"nav2_feedback of the target goal (map, AMCL-based estimate)",-6.0045,-1.0000,3.1411,,
1790754266762758168,12.983,map,"nav2_feedback of the target goal (map, AMCL-based estimate)",-6.0045,-1.0000,3.1411,,
1790754266772651697,12.983,map,"nav2_feedback of the target goal (map, AMCL-based estimate)",-6.0045,-1.0000,3.1411,,
1790754266782401294,13.000,map,"nav2_feedback of the target goal (map, AMCL-based estimate)",-6.0046,-1.0000,3.1407,,
1790754266792584745,13.000,map,"nav2_feedback of the target goal (map, AMCL-based estimate)",-6.0046,-1.0000,3.1407,,
1790754266802318443,13.000,map,"nav2_feedback of the target goal (map, AMCL-based estimate)",-6.0046,-1.0000,3.1407,,
1790754266813310494,13.017,map,"nav2_feedback of the target goal (map, AMCL-based estimate)",-6.0046,-1.0000,3.1400,,
1790754266822496895,13.017,map,"nav2_feedback of the target goal (map, AMCL-based estimate)",-6.0046,-1.0000,3.1400,,
1790754266832563067,13.017,map,"nav2_feedback of the target goal (map, AMCL-based estimate)",-6.0046,-1.0000,3.1400,,
1790754266843205903,13.017,map,"nav2_feedback of the target goal (map, AMCL-based estimate)",-6.0046,-1.0000,3.1400,,
1790754266852477223,13.017,map,"nav2_feedback of the target goal (map, AMCL-based estimate)",-6.0046,-1.0000,3.1400,,
1790754266862799930,13.017,map,"nav2_feedback of the target goal (map, AMCL-based estimate)",-6.0046,-1.0000,3.1400,,
1790754266872788852,13.033,map,"nav2_feedback of the target goal (map, AMCL-based estimate)",-6.0046,-1.0000,3.1389,,
1790754266882449696,13.033,map,"nav2_feedback of the target goal (map, AMCL-based estimate)",-6.0046,-1.0000,3.1389,,
1790754266892726202,13.033,map,"nav2_feedback of the target goal (map, AMCL-based estimate)",-6.0046,-1.0000,3.1389,,
1790754266902538085,13.033,map,"nav2_feedback of the target goal (map, AMCL-based estimate)",-6.0046,-1.0000,3.1389,,
1790754266912625394,13.050,map,"nav2_feedback of the target goal (map, AMCL-based estimate)",-6.0046,-1.0000,3.1373,,
1790754266922645460,13.050,map,"nav2_feedback of the target goal (map, AMCL-based estimate)",-6.0046,-1.0000,3.1373,,
1790754266932816004,13.050,map,"nav2_feedback of the target goal (map, AMCL-based estimate)",-6.0046,-1.0000,3.1373,,
1790754266943045188,13.050,map,"nav2_feedback of the target goal (map, AMCL-based estimate)",-6.0046,-1.0000,3.1373,,
1790754266952456605,13.050,map,"nav2_feedback of the target goal (map, AMCL-based estimate)",-6.0046,-1.0000,3.1373,,
1790754266962684947,13.067,map,"nav2_feedback of the target goal (map, AMCL-based estimate)",-6.0046,-1.0000,3.1351,,
1790754266972669287,13.067,map,"nav2_feedback of the target goal (map, AMCL-based estimate)",-6.0046,-1.0000,3.1351,,
1790754266984843938,13.067,map,"nav2_feedback of the target goal (map, AMCL-based estimate)",-6.0046,-1.0000,3.1351,,
1790754266993241471,13.067,map,"nav2_feedback of the target goal (map, AMCL-based estimate)",-6.0046,-1.0000,3.1351,,
1790754267002589199,13.067,map,"nav2_feedback of the target goal (map, AMCL-based estimate)",-6.0046,-1.0000,3.1351,,
1790754267013767268,13.083,map,"nav2_feedback of the target goal (map, AMCL-based estimate)",-6.0047,-1.0000,3.1323,,
1790754267023344128,13.083,map,"nav2_feedback of the target goal (map, AMCL-based estimate)",-6.0047,-1.0000,3.1323,,
1790754267032453559,13.083,map,"nav2_feedback of the target goal (map, AMCL-based estimate)",-6.0047,-1.0000,3.1323,,
1790754267042612787,13.083,map,"nav2_feedback of the target goal (map, AMCL-based estimate)",-6.0047,-1.0000,3.1323,,
1790754267054902378,13.100,map,"nav2_feedback of the target goal (map, AMCL-based estimate)",-6.0047,-1.0000,3.1289,,
1790754267062742981,13.100,map,"nav2_feedback of the target goal (map, AMCL-based estimate)",-6.0047,-1.0000,3.1289,,
1790754267072564965,13.100,map,"nav2_feedback of the target goal (map, AMCL-based estimate)",-6.0047,-1.0000,3.1289,,
1790754267082594851,13.100,map,"nav2_feedback of the target goal (map, AMCL-based estimate)",-6.0047,-1.0000,3.1289,,
1790754267092392893,13.117,map,"nav2_feedback of the target goal (map, AMCL-based estimate)",-6.0047,-1.0000,3.1247,,
1790754267102644802,13.117,map,"nav2_feedback of the target goal (map, AMCL-based estimate)",-6.0047,-1.0000,3.1247,,
1790754267112607071,13.117,map,"nav2_feedback of the target goal (map, AMCL-based estimate)",-6.0047,-1.0000,3.1247,,
1790754267122556713,13.117,map,"nav2_feedback of the target goal (map, AMCL-based estimate)",-6.0047,-1.0000,3.1247,,
1790754267132950404,13.117,map,"nav2_feedback of the target goal (map, AMCL-based estimate)",-6.0047,-1.0000,3.1247,,
1790754267142697289,13.117,map,"nav2_feedback of the target goal (map, AMCL-based estimate)",-6.0047,-1.0000,3.1247,,
1790754267152549574,13.133,map,"nav2_feedback of the target goal (map, AMCL-based estimate)",-6.0048,-1.0000,3.1199,,
1790754267162809433,13.133,map,"nav2_feedback of the target goal (map, AMCL-based estimate)",-6.0048,-1.0000,3.1199,,
1790754267173119420,13.133,map,"nav2_feedback of the target goal (map, AMCL-based estimate)",-6.0048,-1.0000,3.1199,,
1790754267182810004,13.133,map,"nav2_feedback of the target goal (map, AMCL-based estimate)",-6.0048,-1.0000,3.1199,,
1790754267192402763,13.150,map,"nav2_feedback of the target goal (map, AMCL-based estimate)",-6.0048,-1.0000,3.1143,,
1790754267202694981,13.150,map,"nav2_feedback of the target goal (map, AMCL-based estimate)",-6.0048,-1.0000,3.1143,,
1790754267213079319,13.150,map,"nav2_feedback of the target goal (map, AMCL-based estimate)",-6.0048,-1.0000,3.1143,,
1790754267222841635,13.150,map,"nav2_feedback of the target goal (map, AMCL-based estimate)",-6.0048,-1.0000,3.1143,,
1790754267232752279,13.150,map,"nav2_feedback of the target goal (map, AMCL-based estimate)",-6.0048,-1.0000,3.1143,,
1790754267243889759,13.167,map,"nav2_feedback of the target goal (map, AMCL-based estimate)",-6.0049,-1.0000,3.1079,,
1790754267252526805,13.167,map,"nav2_feedback of the target goal (map, AMCL-based estimate)",-6.0049,-1.0000,3.1079,,
1790754267262663494,13.167,map,"nav2_feedback of the target goal (map, AMCL-based estimate)",-6.0049,-1.0000,3.1079,,
1790754267272532520,13.167,map,"nav2_feedback of the target goal (map, AMCL-based estimate)",-6.0049,-1.0000,3.1079,,
1790754267282501615,13.183,map,"nav2_feedback of the target goal (map, AMCL-based estimate)",-6.0050,-1.0000,3.1009,,
1790754267292681232,13.183,map,"nav2_feedback of the target goal (map, AMCL-based estimate)",-6.0050,-1.0000,3.1009,,
1790754267304478423,13.183,map,"nav2_feedback of the target goal (map, AMCL-based estimate)",-6.0050,-1.0000,3.1009,,
1790754267313132304,13.183,map,"nav2_feedback of the target goal (map, AMCL-based estimate)",-6.0050,-1.0000,3.1009,,
1790754267322876663,13.183,map,"nav2_feedback of the target goal (map, AMCL-based estimate)",-6.0050,-1.0000,3.1009,,
1790754267332506925,13.200,map,"nav2_feedback of the target goal (map, AMCL-based estimate)",-6.0051,-1.0000,3.0931,,
1790754267342829444,13.200,map,"nav2_feedback of the target goal (map, AMCL-based estimate)",-6.0051,-1.0000,3.0931,,
1790754267352568192,13.200,map,"nav2_feedback of the target goal (map, AMCL-based estimate)",-6.0051,-1.0000,3.0931,,
1790754267362916150,13.217,map,"nav2_feedback of the target goal (map, AMCL-based estimate)",-6.0052,-0.9999,3.0848,,
1790754267372698480,13.217,map,"nav2_feedback of the target goal (map, AMCL-based estimate)",-6.0052,-0.9999,3.0848,,
1790754267382697316,13.217,map,"nav2_feedback of the target goal (map, AMCL-based estimate)",-6.0052,-0.9999,3.0848,,
1790754267392608895,13.217,map,"nav2_feedback of the target goal (map, AMCL-based estimate)",-6.0052,-0.9999,3.0848,,
1790754267402382901,13.217,map,"nav2_feedback of the target goal (map, AMCL-based estimate)",-6.0052,-0.9999,3.0848,,
1790754267412960271,13.217,map,"nav2_feedback of the target goal (map, AMCL-based estimate)",-6.0052,-0.9999,3.0848,,
1790754267422581180,13.233,map,"nav2_feedback of the target goal (map, AMCL-based estimate)",-6.0053,-0.9999,3.0761,,
1790754267434973366,13.233,map,"nav2_feedback of the target goal (map, AMCL-based estimate)",-6.0053,-0.9999,3.0761,,
1790754267442668354,13.233,map,"nav2_feedback of the target goal (map, AMCL-based estimate)",-6.0053,-0.9999,3.0761,,
1790754267452704412,13.233,map,"nav2_feedback of the target goal (map, AMCL-based estimate)",-6.0053,-0.9999,3.0761,,
1790754267463665507,13.250,map,"nav2_feedback of the target goal (map, AMCL-based estimate)",-6.0054,-0.9999,3.0671,,
1790754267472724530,13.250,map,"nav2_feedback of the target goal (map, AMCL-based estimate)",-6.0054,-0.9999,3.0671,,
1790754267483596778,13.250,map,"nav2_feedback of the target goal (map, AMCL-based estimate)",-6.0054,-0.9999,3.0671,,
1790754267492625499,13.250,map,"nav2_feedback of the target goal (map, AMCL-based estimate)",-6.0054,-0.9999,3.0671,,
1790754267502760879,13.250,map,"nav2_feedback of the target goal (map, AMCL-based estimate)",-6.0054,-0.9999,3.0671,,
1790754267512863525,13.267,map,"nav2_feedback of the target goal (map, AMCL-based estimate)",-6.0056,-0.9999,3.0578,,
1790754267522837671,13.267,map,"nav2_feedback of the target goal (map, AMCL-based estimate)",-6.0056,-0.9999,3.0578,,
1790754267532681165,13.267,map,"nav2_feedback of the target goal (map, AMCL-based estimate)",-6.0056,-0.9999,3.0578,,
1790754267542551313,13.267,map,"nav2_feedback of the target goal (map, AMCL-based estimate)",-6.0056,-0.9999,3.0578,,
1790754267552779936,13.267,map,"nav2_feedback of the target goal (map, AMCL-based estimate)",-6.0056,-0.9999,3.0578,,
1790754267562909049,13.283,map,"nav2_feedback of the target goal (map, AMCL-based estimate)",-6.0057,-0.9999,3.0484,,
1790754267572486096,13.283,map,"nav2_feedback of the target goal (map, AMCL-based estimate)",-6.0057,-0.9999,3.0484,,
1790754267582952454,13.283,map,"nav2_feedback of the target goal (map, AMCL-based estimate)",-6.0057,-0.9999,3.0484,,
1790754267592431863,13.283,map,"nav2_feedback of the target goal (map, AMCL-based estimate)",-6.0057,-0.9999,3.0484,,
1790754267603463755,13.300,map,"nav2_feedback of the target goal (map, AMCL-based estimate)",-6.0059,-0.9999,3.0388,,
1790754267612684572,13.300,map,"nav2_feedback of the target goal (map, AMCL-based estimate)",-6.0059,-0.9999,3.0388,,
1790754267622736623,13.300,map,"nav2_feedback of the target goal (map, AMCL-based estimate)",-6.0059,-0.9999,3.0388,,
1790754267632705906,13.300,map,"nav2_feedback of the target goal (map, AMCL-based estimate)",-6.0059,-0.9999,3.0388,,
1790754267642576241,13.317,map,"nav2_feedback of the target goal (map, AMCL-based estimate)",-6.0061,-0.9998,3.0290,,
1790754267654274392,13.317,map,"nav2_feedback of the target goal (map, AMCL-based estimate)",-6.0061,-0.9998,3.0290,,
1790754267662835684,13.317,map,"nav2_feedback of the target goal (map, AMCL-based estimate)",-6.0061,-0.9998,3.0290,,
1790754267672686660,13.317,map,"nav2_feedback of the target goal (map, AMCL-based estimate)",-6.0061,-0.9998,3.0290,,
1790754267682567470,13.317,map,"nav2_feedback of the target goal (map, AMCL-based estimate)",-6.0061,-0.9998,3.0290,,
1790754267692499530,13.333,map,"nav2_feedback of the target goal (map, AMCL-based estimate)",-6.0063,-0.9998,3.0190,,
1790754267702406901,13.333,map,"nav2_feedback of the target goal (map, AMCL-based estimate)",-6.0063,-0.9998,3.0190,,
1790754267712588200,13.333,map,"nav2_feedback of the target goal (map, AMCL-based estimate)",-6.0063,-0.9998,3.0190,,
1790754267723039969,13.333,map,"nav2_feedback of the target goal (map, AMCL-based estimate)",-6.0063,-0.9998,3.0190,,
1790754267733005511,13.350,map,"nav2_feedback of the target goal (map, AMCL-based estimate)",-6.0065,-0.9998,3.0089,,
1790754267742624643,13.350,map,"nav2_feedback of the target goal (map, AMCL-based estimate)",-6.0065,-0.9998,3.0089,,
1790754267752502366,13.350,map,"nav2_feedback of the target goal (map, AMCL-based estimate)",-6.0065,-0.9998,3.0089,,
1790754267762761103,13.350,map,"nav2_feedback of the target goal (map, AMCL-based estimate)",-6.0065,-0.9998,3.0089,,
1790754267772805765,13.350,map,"nav2_feedback of the target goal (map, AMCL-based estimate)",-6.0065,-0.9998,3.0089,,
1790754267785252382,13.367,map,"nav2_feedback of the target goal (map, AMCL-based estimate)",-6.0067,-0.9998,2.9987,,
1790754267792858803,13.367,map,"nav2_feedback of the target goal (map, AMCL-based estimate)",-6.0067,-0.9998,2.9987,,
1790754267802663672,13.367,map,"nav2_feedback of the target goal (map, AMCL-based estimate)",-6.0067,-0.9998,2.9987,,
1790754267813160893,13.367,map,"nav2_feedback of the target goal (map, AMCL-based estimate)",-6.0067,-0.9998,2.9987,,
1790754267822615424,13.383,map,"nav2_feedback of the target goal (map, AMCL-based estimate)",-6.0069,-0.9997,2.9883,,
1790754267832566657,13.383,map,"nav2_feedback of the target goal (map, AMCL-based estimate)",-6.0069,-0.9997,2.9883,,
1790754267842590089,13.383,map,"nav2_feedback of the target goal (map, AMCL-based estimate)",-6.0069,-0.9997,2.9883,,
1790754267852572652,13.383,map,"nav2_feedback of the target goal (map, AMCL-based estimate)",-6.0069,-0.9997,2.9883,,
1790754267863197158,13.383,map,"nav2_feedback of the target goal (map, AMCL-based estimate)",-6.0069,-0.9997,2.9883,,
1790754267872566396,13.400,map,"nav2_feedback of the target goal (map, AMCL-based estimate)",-6.0071,-0.9997,2.9778,,
1790754267882789688,13.400,map,"nav2_feedback of the target goal (map, AMCL-based estimate)",-6.0071,-0.9997,2.9778,,
1790754267892486351,13.400,map,"nav2_feedback of the target goal (map, AMCL-based estimate)",-6.0071,-0.9997,2.9778,,
1790754267902902580,13.400,map,"nav2_feedback of the target goal (map, AMCL-based estimate)",-6.0071,-0.9997,2.9778,,
1790754267913045068,13.417,map,"nav2_feedback of the target goal (map, AMCL-based estimate)",-6.0073,-0.9996,2.9672,,
1790754267922526534,13.417,map,"nav2_feedback of the target goal (map, AMCL-based estimate)",-6.0073,-0.9996,2.9672,,
1790754267932640216,13.417,map,"nav2_feedback of the target goal (map, AMCL-based estimate)",-6.0073,-0.9996,2.9672,,
1790754267942472862,13.417,map,"nav2_feedback of the target goal (map, AMCL-based estimate)",-6.0073,-0.9996,2.9672,,
1790754267954598413,13.417,map,"nav2_feedback of the target goal (map, AMCL-based estimate)",-6.0073,-0.9996,2.9672,,
1790754267963185237,13.433,map,"nav2_feedback of the target goal (map, AMCL-based estimate)",-6.0075,-0.9996,2.9565,,
1790754267972469276,13.433,map,"nav2_feedback of the target goal (map, AMCL-based estimate)",-6.0075,-0.9996,2.9565,,
1790754267982808162,13.433,map,"nav2_feedback of the target goal (map, AMCL-based estimate)",-6.0075,-0.9996,2.9565,,
1790754267992812049,13.433,map,"nav2_feedback of the target goal (map, AMCL-based estimate)",-6.0075,-0.9996,2.9565,,
1790754268002796295,13.450,map,"nav2_feedback of the target goal (map, AMCL-based estimate)",-6.0077,-0.9995,2.9456,,
1790754268012985450,13.450,map,"nav2_feedback of the target goal (map, AMCL-based estimate)",-6.0077,-0.9995,2.9456,,
1790754268022444190,13.450,map,"nav2_feedback of the target goal (map, AMCL-based estimate)",-6.0077,-0.9995,2.9456,,
1790754268032691985,13.450,map,"nav2_feedback of the target goal (map, AMCL-based estimate)",-6.0077,-0.9995,2.9456,,
1790754268042477308,13.450,map,"nav2_feedback of the target goal (map, AMCL-based estimate)",-6.0077,-0.9995,2.9456,,
1790754268052518229,13.467,map,"nav2_feedback of the target goal (map, AMCL-based estimate)",-6.0079,-0.9995,2.9347,,
1790754268063337169,13.467,map,"nav2_feedback of the target goal (map, AMCL-based estimate)",-6.0079,-0.9995,2.9347,,
1790754268072751579,13.467,map,"nav2_feedback of the target goal (map, AMCL-based estimate)",-6.0079,-0.9995,2.9347,,
1790754268082944008,13.467,map,"nav2_feedback of the target goal (map, AMCL-based estimate)",-6.0079,-0.9995,2.9347,,
1790754268092571464,13.483,map,"nav2_feedback of the target goal (map, AMCL-based estimate)",-6.0081,-0.9994,2.9237,,
1790754268102362959,13.483,map,"nav2_feedback of the target goal (map, AMCL-based estimate)",-6.0081,-0.9994,2.9237,,
1790754268112606545,13.483,map,"nav2_feedback of the target goal (map, AMCL-based estimate)",-6.0081,-0.9994,2.9237,,
1790754268122769982,13.483,map,"nav2_feedback of the target goal (map, AMCL-based estimate)",-6.0081,-0.9994,2.9237,,
1790754268132659957,13.483,map,"nav2_feedback of the target goal (map, AMCL-based estimate)",-6.0081,-0.9994,2.9237,,
1790754268142712849,13.500,map,"nav2_feedback of the target goal (map, AMCL-based estimate)",-6.0083,-0.9994,2.9126,,
1790754268152674370,13.500,map,"nav2_feedback of the target goal (map, AMCL-based estimate)",-6.0083,-0.9994,2.9126,,
1790754268162738859,13.500,map,"nav2_feedback of the target goal (map, AMCL-based estimate)",-6.0083,-0.9994,2.9126,,
1790754268172585159,13.500,map,"nav2_feedback of the target goal (map, AMCL-based estimate)",-6.0083,-0.9994,2.9126,,
1790754268182648619,13.517,map,"nav2_feedback of the target goal (map, AMCL-based estimate)",-6.0085,-0.9994,2.9014,,
1790754268192980304,13.517,map,"nav2_feedback of the target goal (map, AMCL-based estimate)",-6.0085,-0.9994,2.9014,,
1790754268202466540,13.517,map,"nav2_feedback of the target goal (map, AMCL-based estimate)",-6.0085,-0.9994,2.9014,,
1790754268212916625,13.517,map,"nav2_feedback of the target goal (map, AMCL-based estimate)",-6.0085,-0.9994,2.9014,,
1790754268222410342,13.517,map,"nav2_feedback of the target goal (map, AMCL-based estimate)",-6.0085,-0.9994,2.9014,,
1790754268232697416,13.517,map,"nav2_feedback of the target goal (map, AMCL-based estimate)",-6.0085,-0.9994,2.9014,,
1790754268242619938,13.533,map,"nav2_feedback of the target goal (map, AMCL-based estimate)",-6.0086,-0.9993,2.8902,,
1790754268252810589,13.533,map,"nav2_feedback of the target goal (map, AMCL-based estimate)",-6.0086,-0.9993,2.8902,,
1790754268262998436,13.533,map,"nav2_feedback of the target goal (map, AMCL-based estimate)",-6.0086,-0.9993,2.8902,,
1790754268272719695,13.533,map,"nav2_feedback of the target goal (map, AMCL-based estimate)",-6.0086,-0.9993,2.8902,,
1790754268282789702,13.550,map,"nav2_feedback of the target goal (map, AMCL-based estimate)",-6.0087,-0.9993,2.8788,,
1790754268292456999,13.550,map,"nav2_feedback of the target goal (map, AMCL-based estimate)",-6.0087,-0.9993,2.8788,,
1790754268302395232,13.550,map,"nav2_feedback of the target goal (map, AMCL-based estimate)",-6.0087,-0.9993,2.8788,,
1790754268312586632,13.550,map,"nav2_feedback of the target goal (map, AMCL-based estimate)",-6.0087,-0.9993,2.8788,,
1790754268322885396,13.550,map,"nav2_feedback of the target goal (map, AMCL-based estimate)",-6.0087,-0.9993,2.8788,,
1790754268332492745,13.567,map,"nav2_feedback of the target goal (map, AMCL-based estimate)",-6.0088,-0.9993,2.8675,,
1790754268342519264,13.567,map,"nav2_feedback of the target goal (map, AMCL-based estimate)",-6.0088,-0.9993,2.8675,,
1790754268352460302,13.567,map,"nav2_feedback of the target goal (map, AMCL-based estimate)",-6.0088,-0.9993,2.8675,,
1790754268363215647,13.583,map,"nav2_feedback of the target goal (map, AMCL-based estimate)",-6.0089,-0.9992,2.8561,,
1790754268372562627,13.583,map,"nav2_feedback of the target goal (map, AMCL-based estimate)",-6.0089,-0.9992,2.8561,,
1790754268382405840,13.583,map,"nav2_feedback of the target goal (map, AMCL-based estimate)",-6.0089,-0.9992,2.8561,,
1790754268392489876,13.583,map,"nav2_feedback of the target goal (map, AMCL-based estimate)",-6.0089,-0.9992,2.8561,,
1790754268402798928,13.583,map,"nav2_feedback of the target goal (map, AMCL-based estimate)",-6.0089,-0.9992,2.8561,,
1790754268412943099,13.600,map,"nav2_feedback of the target goal (map, AMCL-based estimate)",-6.0089,-0.9992,2.8446,,
1790754268422554843,13.600,map,"nav2_feedback of the target goal (map, AMCL-based estimate)",-6.0089,-0.9992,2.8446,,
1790754268432839672,13.600,map,"nav2_feedback of the target goal (map, AMCL-based estimate)",-6.0089,-0.9992,2.8446,,
1790754268442498739,13.600,map,"nav2_feedback of the target goal (map, AMCL-based estimate)",-6.0089,-0.9992,2.8446,,
1790754268452361873,13.617,map,"nav2_feedback of the target goal (map, AMCL-based estimate)",-6.0089,-0.9992,2.8332,,
1790754268464210315,13.617,map,"nav2_feedback of the target goal (map, AMCL-based estimate)",-6.0089,-0.9992,2.8332,,
1790754268472343272,13.617,map,"nav2_feedback of the target goal (map, AMCL-based estimate)",-6.0089,-0.9992,2.8332,,
1790754268482600325,13.617,map,"nav2_feedback of the target goal (map, AMCL-based estimate)",-6.0089,-0.9992,2.8332,,
1790754268493232125,13.617,map,"nav2_feedback of the target goal (map, AMCL-based estimate)",-6.0089,-0.9992,2.8332,,
1790754268502368678,13.617,map,"nav2_feedback of the target goal (map, AMCL-based estimate)",-6.0089,-0.9992,2.8332,,
1790754268513400571,13.633,map,"nav2_feedback of the target goal (map, AMCL-based estimate)",-6.0089,-0.9992,2.8217,,
1790754268522840606,13.633,map,"nav2_feedback of the target goal (map, AMCL-based estimate)",-6.0089,-0.9992,2.8217,,
1790754268532629950,13.633,map,"nav2_feedback of the target goal (map, AMCL-based estimate)",-6.0089,-0.9992,2.8217,,
1790754268542407043,13.650,map,"nav2_feedback of the target goal (map, AMCL-based estimate)",-6.0088,-0.9992,2.8102,,
1790754268552715066,13.650,map,"nav2_feedback of the target goal (map, AMCL-based estimate)",-6.0088,-0.9992,2.8102,,
1790754268562593912,13.650,map,"nav2_feedback of the target goal (map, AMCL-based estimate)",-6.0088,-0.9992,2.8102,,
1790754268573023329,13.650,map,"nav2_feedback of the target goal (map, AMCL-based estimate)",-6.0088,-0.9992,2.8102,,
1790754268582745430,13.650,map,"nav2_feedback of the target goal (map, AMCL-based estimate)",-6.0088,-0.9992,2.8102,,
1790754268592715835,13.667,map,"nav2_feedback of the target goal (map, AMCL-based estimate)",-6.0088,-0.9993,2.7987,,
1790754268602777144,13.667,map,"nav2_feedback of the target goal (map, AMCL-based estimate)",-6.0088,-0.9993,2.7987,,
1790754268612845748,13.667,map,"nav2_feedback of the target goal (map, AMCL-based estimate)",-6.0088,-0.9993,2.7987,,
1790754268622748256,13.667,map,"nav2_feedback of the target goal (map, AMCL-based estimate)",-6.0088,-0.9993,2.7987,,
1790754268632512348,13.683,map,"nav2_feedback of the target goal (map, AMCL-based estimate)",-6.0087,-0.9993,2.7872,,
1790754268644653238,13.683,map,"nav2_feedback of the target goal (map, AMCL-based estimate)",-6.0087,-0.9993,2.7872,,
1790754268652349815,13.683,map,"nav2_feedback of the target goal (map, AMCL-based estimate)",-6.0087,-0.9993,2.7872,,
1790754268662947947,13.683,map,"nav2_feedback of the target goal (map, AMCL-based estimate)",-6.0087,-0.9993,2.7872,,
1790754268672574468,13.683,map,"nav2_feedback of the target goal (map, AMCL-based estimate)",-6.0087,-0.9993,2.7872,,
1790754268682363532,13.700,map,"nav2_feedback of the target goal (map, AMCL-based estimate)",-6.0086,-0.9993,2.7758,,
1790754268692899658,13.700,map,"nav2_feedback of the target goal (map, AMCL-based estimate)",-6.0086,-0.9993,2.7758,,
1790754268703019980,13.700,map,"nav2_feedback of the target goal (map, AMCL-based estimate)",-6.0086,-0.9993,2.7758,,
1790754268712868338,13.700,map,"nav2_feedback of the target goal (map, AMCL-based estimate)",-6.0086,-0.9993,2.7758,,
1790754268722481858,13.717,map,"nav2_feedback of the target goal (map, AMCL-based estimate)",-6.0085,-0.9994,2.7647,,
1790754268732708143,13.717,map,"nav2_feedback of the target goal (map, AMCL-based estimate)",-6.0085,-0.9994,2.7647,,
1790754268744444451,13.717,map,"nav2_feedback of the target goal (map, AMCL-based estimate)",-6.0085,-0.9994,2.7647,,
1790754268752683463,13.717,map,"nav2_feedback of the target goal (map, AMCL-based estimate)",-6.0085,-0.9994,2.7647,,
1790754268763345190,13.717,map,"nav2_feedback of the target goal (map, AMCL-based estimate)",-6.0085,-0.9994,2.7647,,
1790754268772499326,13.733,map,"nav2_feedback of the target goal (map, AMCL-based estimate)",-6.0084,-0.9994,2.7538,,
1790754268782673985,13.733,map,"nav2_feedback of the target goal (map, AMCL-based estimate)",-6.0084,-0.9994,2.7538,,
1790754268792632326,13.733,map,"nav2_feedback of the target goal (map, AMCL-based estimate)",-6.0084,-0.9994,2.7538,,
1790754268802421763,13.733,map,"nav2_feedback of the target goal (map, AMCL-based estimate)",-6.0084,-0.9994,2.7538,,
1790754268813071614,13.750,map,"nav2_feedback of the target goal (map, AMCL-based estimate)",-6.0083,-0.9995,2.7432,,
1790754268822451327,13.750,map,"nav2_feedback of the target goal (map, AMCL-based estimate)",-6.0083,-0.9995,2.7432,,
1790754268832438659,13.750,map,"nav2_feedback of the target goal (map, AMCL-based estimate)",-6.0083,-0.9995,2.7432,,
1790754268842851896,13.750,map,"nav2_feedback of the target goal (map, AMCL-based estimate)",-6.0083,-0.9995,2.7432,,
1790754268852893659,13.750,map,"nav2_feedback of the target goal (map, AMCL-based estimate)",-6.0083,-0.9995,2.7432,,
1790754268862996493,13.767,map,"nav2_feedback of the target goal (map, AMCL-based estimate)",-6.0081,-0.9995,2.7327,,
1790754268872830635,13.767,map,"nav2_feedback of the target goal (map, AMCL-based estimate)",-6.0081,-0.9995,2.7327,,
1790754268882629893,13.767,map,"nav2_feedback of the target goal (map, AMCL-based estimate)",-6.0081,-0.9995,2.7327,,
1790754268892662397,13.767,map,"nav2_feedback of the target goal (map, AMCL-based estimate)",-6.0081,-0.9995,2.7327,,
1790754268903100604,13.783,map,"nav2_feedback of the target goal (map, AMCL-based estimate)",-6.0080,-0.9996,2.7223,,
1790754268913020600,13.783,map,"nav2_feedback of the target goal (map, AMCL-based estimate)",-6.0080,-0.9996,2.7223,,
1790754268922610273,13.783,map,"nav2_feedback of the target goal (map, AMCL-based estimate)",-6.0080,-0.9996,2.7223,,
1790754268932576095,13.783,map,"nav2_feedback of the target goal (map, AMCL-based estimate)",-6.0080,-0.9996,2.7223,,
1790754268942605233,13.783,map,"nav2_feedback of the target goal (map, AMCL-based estimate)",-6.0080,-0.9996,2.7223,,
1790754268952589666,13.800,map,"nav2_feedback of the target goal (map, AMCL-based estimate)",-6.0078,-0.9996,2.7119,,
1790754268963235401,13.800,map,"nav2_feedback of the target goal (map, AMCL-based estimate)",-6.0078,-0.9996,2.7119,,
1790754268972785420,13.800,map,"nav2_feedback of the target goal (map, AMCL-based estimate)",-6.0078,-0.9996,2.7119,,
1790754268982814183,13.817,map,"nav2_feedback of the target goal (map, AMCL-based estimate)",-6.0077,-0.9997,2.7016,,
1790754268992527119,13.817,map,"nav2_feedback of the target goal (map, AMCL-based estimate)",-6.0077,-0.9997,2.7016,,
1790754269002384642,13.817,map,"nav2_feedback of the target goal (map, AMCL-based estimate)",-6.0077,-0.9997,2.7016,,
1790754269012727082,13.817,map,"nav2_feedback of the target goal (map, AMCL-based estimate)",-6.0077,-0.9997,2.7016,,
1790754269024337321,13.817,map,"nav2_feedback of the target goal (map, AMCL-based estimate)",-6.0077,-0.9997,2.7016,,
1790754269032423609,13.817,map,"nav2_feedback of the target goal (map, AMCL-based estimate)",-6.0077,-0.9997,2.7016,,
1790754269042903622,13.833,map,"nav2_feedback of the target goal (map, AMCL-based estimate)",-6.0075,-0.9998,2.6914,,
1790754269052719901,13.833,map,"nav2_feedback of the target goal (map, AMCL-based estimate)",-6.0075,-0.9998,2.6914,,
1790754269062644760,13.833,map,"nav2_feedback of the target goal (map, AMCL-based estimate)",-6.0075,-0.9998,2.6914,,
1790754269072551569,13.833,map,"nav2_feedback of the target goal (map, AMCL-based estimate)",-6.0075,-0.9998,2.6914,,
1790754269082540772,13.850,map,"nav2_feedback of the target goal (map, AMCL-based estimate)",-6.0074,-0.9999,2.6812,,
1790754269092425791,13.850,map,"nav2_feedback of the target goal (map, AMCL-based estimate)",-6.0074,-0.9999,2.6812,,
1790754269102690045,13.850,map,"nav2_feedback of the target goal (map, AMCL-based estimate)",-6.0074,-0.9999,2.6812,,
1790754269113070455,13.850,map,"nav2_feedback of the target goal (map, AMCL-based estimate)",-6.0074,-0.9999,2.6812,,
1790754269122598028,13.850,map,"nav2_feedback of the target goal (map, AMCL-based estimate)",-6.0074,-0.9999,2.6812,,
1790754269132739674,13.867,map,"nav2_feedback of the target goal (map, AMCL-based estimate)",-6.0072,-0.9999,2.6710,,
1790754269142826609,13.867,map,"nav2_feedback of the target goal (map, AMCL-based estimate)",-6.0072,-0.9999,2.6710,,
1790754269152645974,13.867,map,"nav2_feedback of the target goal (map, AMCL-based estimate)",-6.0072,-0.9999,2.6710,,
1790754269163129447,13.883,map,"nav2_feedback of the target goal (map, AMCL-based estimate)",-6.0071,-1.0000,2.6609,,
1790754269172631675,13.883,map,"nav2_feedback of the target goal (map, AMCL-based estimate)",-6.0071,-1.0000,2.6609,,
1790754269182327496,13.883,map,"nav2_feedback of the target goal (map, AMCL-based estimate)",-6.0071,-1.0000,2.6609,,
1790754269193018403,13.883,map,"nav2_feedback of the target goal (map, AMCL-based estimate)",-6.0071,-1.0000,2.6609,,
1790754269202845157,13.883,map,"nav2_feedback of the target goal (map, AMCL-based estimate)",-6.0071,-1.0000,2.6609,,
1790754269212908337,13.883,map,"nav2_feedback of the target goal (map, AMCL-based estimate)",-6.0071,-1.0000,2.6609,,
1790754269222636236,13.900,map,"nav2_feedback of the target goal (map, AMCL-based estimate)",-6.0069,-1.0001,2.6508,,
1790754269232901894,13.900,map,"nav2_feedback of the target goal (map, AMCL-based estimate)",-6.0069,-1.0001,2.6508,,
1790754269242608002,13.900,map,"nav2_feedback of the target goal (map, AMCL-based estimate)",-6.0069,-1.0001,2.6508,,
1790754269252781259,13.900,map,"nav2_feedback of the target goal (map, AMCL-based estimate)",-6.0069,-1.0001,2.6508,,
1790754269264486050,13.917,map,"nav2_feedback of the target goal (map, AMCL-based estimate)",-6.0067,-1.0002,2.6407,,
1790754269272982811,13.917,map,"nav2_feedback of the target goal (map, AMCL-based estimate)",-6.0067,-1.0002,2.6407,,
1790754269282836406,13.917,map,"nav2_feedback of the target goal (map, AMCL-based estimate)",-6.0067,-1.0002,2.6407,,
1790754269292724604,13.917,map,"nav2_feedback of the target goal (map, AMCL-based estimate)",-6.0067,-1.0002,2.6407,,
1790754269302657693,13.917,map,"nav2_feedback of the target goal (map, AMCL-based estimate)",-6.0067,-1.0002,2.6407,,
1790754269313076822,13.933,map,"nav2_feedback of the target goal (map, AMCL-based estimate)",-6.0066,-1.0003,2.6306,,
1790754269322533785,13.933,map,"nav2_feedback of the target goal (map, AMCL-based estimate)",-6.0066,-1.0003,2.6306,,
1790754269332541880,13.933,map,"nav2_feedback of the target goal (map, AMCL-based estimate)",-6.0066,-1.0003,2.6306,,
1790754269342683526,13.950,map,"nav2_feedback of the target goal (map, AMCL-based estimate)",-6.0064,-1.0004,2.6205,,
1790754269352557415,13.950,map,"nav2_feedback of the target goal (map, AMCL-based estimate)",-6.0064,-1.0004,2.6205,,
1790754269362494526,13.950,map,"nav2_feedback of the target goal (map, AMCL-based estimate)",-6.0064,-1.0004,2.6205,,
1790754269372533015,13.950,map,"nav2_feedback of the target goal (map, AMCL-based estimate)",-6.0064,-1.0004,2.6205,,
1790754269382778472,13.950,map,"nav2_feedback of the target goal (map, AMCL-based estimate)",-6.0064,-1.0004,2.6205,,
1790754269392931434,13.950,map,"nav2_feedback of the target goal (map, AMCL-based estimate)",-6.0064,-1.0004,2.6205,,
1790754269402716570,13.967,map,"nav2_feedback of the target goal (map, AMCL-based estimate)",-6.0062,-1.0005,2.6103,,
1790754269413006356,13.967,map,"nav2_feedback of the target goal (map, AMCL-based estimate)",-6.0062,-1.0005,2.6103,,
1790754269422423385,13.967,map,"nav2_feedback of the target goal (map, AMCL-based estimate)",-6.0062,-1.0005,2.6103,,
1790754269432453832,13.983,map,"nav2_feedback of the target goal (map, AMCL-based estimate)",-6.0060,-1.0006,2.5998,,
1790754269442584442,13.983,map,"nav2_feedback of the target goal (map, AMCL-based estimate)",-6.0060,-1.0006,2.5998,,
1790754269452596838,13.983,map,"nav2_feedback of the target goal (map, AMCL-based estimate)",-6.0060,-1.0006,2.5998,,
1790754269463243790,13.983,map,"nav2_feedback of the target goal (map, AMCL-based estimate)",-6.0060,-1.0006,2.5998,,
1790754269472844778,13.983,map,"nav2_feedback of the target goal (map, AMCL-based estimate)",-6.0060,-1.0006,2.5998,,
1790754269483066480,14.000,map,"nav2_feedback of the target goal (map, AMCL-based estimate)",-6.0059,-1.0007,2.5891,,
1790754269492455919,14.000,map,"nav2_feedback of the target goal (map, AMCL-based estimate)",-6.0059,-1.0007,2.5891,,
1790754269502357865,14.000,map,"nav2_feedback of the target goal (map, AMCL-based estimate)",-6.0059,-1.0007,2.5891,,
1790754269513013701,14.000,map,"nav2_feedback of the target goal (map, AMCL-based estimate)",-6.0059,-1.0007,2.5891,,
1790754269522556425,14.017,map,"nav2_feedback of the target goal (map, AMCL-based estimate)",-6.0057,-1.0008,2.5783,,
1790754269533461780,14.017,map,"nav2_feedback of the target goal (map, AMCL-based estimate)",-6.0057,-1.0008,2.5783,,
1790754269542393705,14.017,map,"nav2_feedback of the target goal (map, AMCL-based estimate)",-6.0057,-1.0008,2.5783,,
1790754269552964902,14.017,map,"nav2_feedback of the target goal (map, AMCL-based estimate)",-6.0057,-1.0008,2.5783,,
1790754269563104303,14.017,map,"nav2_feedback of the target goal (map, AMCL-based estimate)",-6.0057,-1.0008,2.5783,,
1790754269572294071,14.017,map,"nav2_feedback of the target goal (map, AMCL-based estimate)",-6.0057,-1.0008,2.5783,,
1790754269585413586,14.033,map,"nav2_feedback of the target goal (map, AMCL-based estimate)",-6.0055,-1.0009,2.5673,,
1790754269592735043,14.033,map,"nav2_feedback of the target goal (map, AMCL-based estimate)",-6.0055,-1.0009,2.5673,,
1790754269602667477,14.033,map,"nav2_feedback of the target goal (map, AMCL-based estimate)",-6.0055,-1.0009,2.5673,,
1790754269612858129,14.033,map,"nav2_feedback of the target goal (map, AMCL-based estimate)",-6.0055,-1.0009,2.5673,,
1790754269622554324,14.050,map,"nav2_feedback of the target goal (map, AMCL-based estimate)",-6.0053,-1.0011,2.5563,,
1790754269632511075,14.050,map,"nav2_feedback of the target goal (map, AMCL-based estimate)",-6.0053,-1.0011,2.5563,,
1790754269642749611,14.050,map,"nav2_feedback of the target goal (map, AMCL-based estimate)",-6.0053,-1.0011,2.5563,,
1790754269652553357,14.050,map,"nav2_feedback of the target goal (map, AMCL-based estimate)",-6.0053,-1.0011,2.5563,,
1790754269663215740,14.050,map,"nav2_feedback of the target goal (map, AMCL-based estimate)",-6.0053,-1.0011,2.5563,,
1790754269672415608,14.067,map,"nav2_feedback of the target goal (map, AMCL-based estimate)",-6.0051,-1.0012,2.5452,,
1790754269682617108,14.067,map,"nav2_feedback of the target goal (map, AMCL-based estimate)",-6.0051,-1.0012,2.5452,,
1790754269692433668,14.067,map,"nav2_feedback of the target goal (map, AMCL-based estimate)",-6.0051,-1.0012,2.5452,,
1790754269702615996,14.067,map,"nav2_feedback of the target goal (map, AMCL-based estimate)",-6.0051,-1.0012,2.5452,,
1790754269712850417,14.083,map,"nav2_feedback of the target goal (map, AMCL-based estimate)",-6.0049,-1.0013,2.5342,,
1790754269722545022,14.083,map,"nav2_feedback of the target goal (map, AMCL-based estimate)",-6.0049,-1.0013,2.5342,,
1790754269733049070,14.083,map,"nav2_feedback of the target goal (map, AMCL-based estimate)",-6.0049,-1.0013,2.5342,,
1790754269742487422,14.083,map,"nav2_feedback of the target goal (map, AMCL-based estimate)",-6.0049,-1.0013,2.5342,,
1790754269753435985,14.100,map,"nav2_feedback of the target goal (map, AMCL-based estimate)",-6.0047,-1.0015,2.5232,,
1790754269762861057,14.100,map,"nav2_feedback of the target goal (map, AMCL-based estimate)",-6.0047,-1.0015,2.5232,,
1790754269772841095,14.100,map,"nav2_feedback of the target goal (map, AMCL-based estimate)",-6.0047,-1.0015,2.5232,,
1790754269782766141,14.100,map,"nav2_feedback of the target goal (map, AMCL-based estimate)",-6.0047,-1.0015,2.5232,,
1790754269792469351,14.117,map,"nav2_feedback of the target goal (map, AMCL-based estimate)",-6.0045,-1.0016,2.5122,,
1790754269802607349,14.117,map,"nav2_feedback of the target goal (map, AMCL-based estimate)",-6.0045,-1.0016,2.5122,,
1790754269812633026,14.117,map,"nav2_feedback of the target goal (map, AMCL-based estimate)",-6.0045,-1.0016,2.5122,,
1790754269822411989,14.117,map,"nav2_feedback of the target goal (map, AMCL-based estimate)",-6.0045,-1.0016,2.5122,,
1790754269833083163,14.117,map,"nav2_feedback of the target goal (map, AMCL-based estimate)",-6.0045,-1.0016,2.5122,,
1790754269842544709,14.117,map,"nav2_feedback of the target goal (map, AMCL-based estimate)",-6.0045,-1.0016,2.5122,,
1790754269852502488,14.133,map,"nav2_feedback of the target goal (map, AMCL-based estimate)",-6.0043,-1.0017,2.5011,,
1790754269862941818,14.133,map,"nav2_feedback of the target goal (map, AMCL-based estimate)",-6.0043,-1.0017,2.5011,,
1790754269872528591,14.133,map,"nav2_feedback of the target goal (map, AMCL-based estimate)",-6.0043,-1.0017,2.5011,,
1790754269882425113,14.150,map,"nav2_feedback of the target goal (map, AMCL-based estimate)",-6.0042,-1.0019,2.4900,,
1790754269892679080,14.150,map,"nav2_feedback of the target goal (map, AMCL-based estimate)",-6.0042,-1.0019,2.4900,,
1790754269902325708,14.150,map,"nav2_feedback of the target goal (map, AMCL-based estimate)",-6.0042,-1.0019,2.4900,,
1790754269913545675,14.150,map,"nav2_feedback of the target goal (map, AMCL-based estimate)",-6.0042,-1.0019,2.4900,,
1790754269922829714,14.150,map,"nav2_feedback of the target goal (map, AMCL-based estimate)",-6.0042,-1.0019,2.4900,,
1790754269932576411,14.150,map,"nav2_feedback of the target goal (map, AMCL-based estimate)",-6.0042,-1.0019,2.4900,,
1790754269942516889,14.167,map,"nav2_feedback of the target goal (map, AMCL-based estimate)",-6.0040,-1.0020,2.4788,,
1790754269952944248,14.167,map,"nav2_feedback of the target goal (map, AMCL-based estimate)",-6.0040,-1.0020,2.4788,,
1790754269962863496,14.167,map,"nav2_feedback of the target goal (map, AMCL-based estimate)",-6.0040,-1.0020,2.4788,,
1790754269974162396,14.183,map,"nav2_feedback of the target goal (map, AMCL-based estimate)",-6.0038,-1.0022,2.4677,,
1790754269982602763,14.183,map,"nav2_feedback of the target goal (map, AMCL-based estimate)",-6.0038,-1.0022,2.4677,,
1790754269992495544,14.183,map,"nav2_feedback of the target goal (map, AMCL-based estimate)",-6.0038,-1.0022,2.4677,,
1790754270002681052,14.183,map,"nav2_feedback of the target goal (map, AMCL-based estimate)",-6.0038,-1.0022,2.4677,,
1790754270012824381,14.183,map,"nav2_feedback of the target goal (map, AMCL-based estimate)",-6.0038,-1.0022,2.4677,,
1790754270022646178,14.200,map,"nav2_feedback of the target goal (map, AMCL-based estimate)",-6.0036,-1.0023,2.4565,,
1790754270032843657,14.200,map,"nav2_feedback of the target goal (map, AMCL-based estimate)",-6.0036,-1.0023,2.4565,,
1790754270042803401,14.200,map,"nav2_feedback of the target goal (map, AMCL-based estimate)",-6.0036,-1.0023,2.4565,,
1790754270052715260,14.200,map,"nav2_feedback of the target goal (map, AMCL-based estimate)",-6.0036,-1.0023,2.4565,,
1790754270062736822,14.200,map,"nav2_feedback of the target goal (map, AMCL-based estimate)",-6.0036,-1.0023,2.4565,,
1790754270072785974,14.217,map,"nav2_feedback of the target goal (map, AMCL-based estimate)",-6.0034,-1.0025,2.4454,,
1790754270082903397,14.217,map,"nav2_feedback of the target goal (map, AMCL-based estimate)",-6.0034,-1.0025,2.4454,,
1790754270093891988,14.217,map,"nav2_feedback of the target goal (map, AMCL-based estimate)",-6.0034,-1.0025,2.4454,,
1790754270103006657,14.217,map,"nav2_feedback of the target goal (map, AMCL-based estimate)",-6.0034,-1.0025,2.4454,,
1790754270113218351,14.217,map,"nav2_feedback of the target goal (map, AMCL-based estimate)",-6.0034,-1.0025,2.4454,,
1790754270122791283,14.233,map,"nav2_feedback of the target goal (map, AMCL-based estimate)",-6.0032,-1.0026,2.4342,,
1790754270132826967,14.233,map,"nav2_feedback of the target goal (map, AMCL-based estimate)",-6.0032,-1.0026,2.4342,,
1790754270142782034,14.233,map,"nav2_feedback of the target goal (map, AMCL-based estimate)",-6.0032,-1.0026,2.4342,,
1790754270152584939,14.250,map,"nav2_feedback of the target goal (map, AMCL-based estimate)",-6.0030,-1.0028,2.4230,,
1790754270164629500,14.250,map,"nav2_feedback of the target goal (map, AMCL-based estimate)",-6.0030,-1.0028,2.4230,,
1790754270172413147,14.250,map,"nav2_feedback of the target goal (map, AMCL-based estimate)",-6.0030,-1.0028,2.4230,,
1790754270182566296,14.250,map,"nav2_feedback of the target goal (map, AMCL-based estimate)",-6.0030,-1.0028,2.4230,,
1790754270192815868,14.250,map,"nav2_feedback of the target goal (map, AMCL-based estimate)",-6.0030,-1.0028,2.4230,,
1790754270202706311,14.250,map,"nav2_feedback of the target goal (map, AMCL-based estimate)",-6.0030,-1.0028,2.4230,,
1790754270212726283,14.267,map,"nav2_feedback of the target goal (map, AMCL-based estimate)",-6.0029,-1.0029,2.4119,,
1790754270222542094,14.267,map,"nav2_feedback of the target goal (map, AMCL-based estimate)",-6.0029,-1.0029,2.4119,,
1790754270232821593,14.267,map,"nav2_feedback of the target goal (map, AMCL-based estimate)",-6.0029,-1.0029,2.4119,,
1790754270242406776,14.267,map,"nav2_feedback of the target goal (map, AMCL-based estimate)",-6.0029,-1.0029,2.4119,,
1790754270252380735,14.267,map,"nav2_feedback of the target goal (map, AMCL-based estimate)",-6.0029,-1.0029,2.4119,,
1790754270262684082,14.283,map,"nav2_feedback of the target goal (map, AMCL-based estimate)",-6.0027,-1.0031,2.4007,,
1790754270272830591,14.283,map,"nav2_feedback of the target goal (map, AMCL-based estimate)",-6.0027,-1.0031,2.4007,,
1790754270282621151,14.283,map,"nav2_feedback of the target goal (map, AMCL-based estimate)",-6.0027,-1.0031,2.4007,,
1790754270292505422,14.300,map,"nav2_feedback of the target goal (map, AMCL-based estimate)",-6.0025,-1.0033,2.3895,,
1790754270302530444,14.300,map,"nav2_feedback of the target goal (map, AMCL-based estimate)",-6.0025,-1.0033,2.3895,,
1790754270312885229,14.300,map,"nav2_feedback of the target goal (map, AMCL-based estimate)",-6.0025,-1.0033,2.3895,,
1790754270322804944,14.300,map,"nav2_feedback of the target goal (map, AMCL-based estimate)",-6.0025,-1.0033,2.3895,,
1790754270332497118,14.317,map,"nav2_feedback of the target goal (map, AMCL-based estimate)",-6.0023,-1.0034,2.3784,,
1790754270342790739,14.317,map,"nav2_feedback of the target goal (map, AMCL-based estimate)",-6.0023,-1.0034,2.3784,,
1790754270352356937,14.317,map,"nav2_feedback of the target goal (map, AMCL-based estimate)",-6.0023,-1.0034,2.3784,,
1790754270362971342,14.317,map,"nav2_feedback of the target goal (map, AMCL-based estimate)",-6.0023,-1.0034,2.3784,,
1790754270372562511,14.317,map,"nav2_feedback of the target goal (map, AMCL-based estimate)",-6.0023,-1.0034,2.3784,,
1790754270383089098,14.333,map,"nav2_feedback of the target goal (map, AMCL-based estimate)",-6.0022,-1.0036,2.3672,,
1790754270392539982,14.333,map,"nav2_feedback of the target goal (map, AMCL-based estimate)",-6.0022,-1.0036,2.3672,,
1790754270402563601,14.333,map,"nav2_feedback of the target goal (map, AMCL-based estimate)",-6.0022,-1.0036,2.3672,,
1790754270412723017,14.333,map,"nav2_feedback of the target goal (map, AMCL-based estimate)",-6.0022,-1.0036,2.3672,,
1790754270422381054,14.350,map,"nav2_feedback of the target goal (map, AMCL-based estimate)",-6.0020,-1.0038,2.3561,,
1790754270432518398,14.350,map,"nav2_feedback of the target goal (map, AMCL-based estimate)",-6.0020,-1.0038,2.3561,,
1790754270442399863,14.350,map,"nav2_feedback of the target goal (map, AMCL-based estimate)",-6.0020,-1.0038,2.3561,,
1790754270452723224,14.350,map,"nav2_feedback of the target goal (map, AMCL-based estimate)",-6.0020,-1.0038,2.3561,,
1790754270462965594,14.350,map,"nav2_feedback of the target goal (map, AMCL-based estimate)",-6.0020,-1.0038,2.3561,,
1790754270472898870,14.350,map,"nav2_feedback of the target goal (map, AMCL-based estimate)",-6.0020,-1.0038,2.3561,,
1790754270482954755,14.367,map,"nav2_feedback of the target goal (map, AMCL-based estimate)",-6.0018,-1.0040,2.3449,,
1790754270492642627,14.367,map,"nav2_feedback of the target goal (map, AMCL-based estimate)",-6.0018,-1.0040,2.3449,,
1790754270502456661,14.367,map,"nav2_feedback of the target goal (map, AMCL-based estimate)",-6.0018,-1.0040,2.3449,,
1790754270512885236,14.367,map,"nav2_feedback of the target goal (map, AMCL-based estimate)",-6.0018,-1.0040,2.3449,,
1790754270522772593,14.383,map,"nav2_feedback of the target goal (map, AMCL-based estimate)",-6.0016,-1.0041,2.3337,,
1790754270532568857,14.383,map,"nav2_feedback of the target goal (map, AMCL-based estimate)",-6.0016,-1.0041,2.3337,,
1790754270543134818,14.383,map,"nav2_feedback of the target goal (map, AMCL-based estimate)",-6.0016,-1.0041,2.3337,,
1790754270552442892,14.383,map,"nav2_feedback of the target goal (map, AMCL-based estimate)",-6.0016,-1.0041,2.3337,,
1790754270563383225,14.383,map,"nav2_feedback of the target goal (map, AMCL-based estimate)",-6.0016,-1.0041,2.3337,,
1790754270572506685,14.383,map,"nav2_feedback of the target goal (map, AMCL-based estimate)",-6.0016,-1.0041,2.3337,,
1790754270582720437,14.400,map,"nav2_feedback of the target goal (map, AMCL-based estimate)",-6.0015,-1.0043,2.3226,,
1790754270592756963,14.400,map,"nav2_feedback of the target goal (map, AMCL-based estimate)",-6.0015,-1.0043,2.3226,,
1790754270602747849,14.400,map,"nav2_feedback of the target goal (map, AMCL-based estimate)",-6.0015,-1.0043,2.3226,,
1790754270612674953,14.417,map,"nav2_feedback of the target goal (map, AMCL-based estimate)",-6.0013,-1.0045,2.3114,,
1790754270622616740,14.417,map,"nav2_feedback of the target goal (map, AMCL-based estimate)",-6.0013,-1.0045,2.3114,,
1790754270632655791,14.417,map,"nav2_feedback of the target goal (map, AMCL-based estimate)",-6.0013,-1.0045,2.3114,,
1790754270642603844,14.417,map,"nav2_feedback of the target goal (map, AMCL-based estimate)",-6.0013,-1.0045,2.3114,,
1790754270653250982,14.417,map,"nav2_feedback of the target goal (map, AMCL-based estimate)",-6.0013,-1.0045,2.3114,,
1790754270662767426,14.417,map,"nav2_feedback of the target goal (map, AMCL-based estimate)",-6.0013,-1.0045,2.3114,,
1790754270672598949,14.433,map,"nav2_feedback of the target goal (map, AMCL-based estimate)",-6.0012,-1.0047,2.3003,,
1790754270682825981,14.433,map,"nav2_feedback of the target goal (map, AMCL-based estimate)",-6.0012,-1.0047,2.3003,,
1790754270692609059,14.433,map,"nav2_feedback of the target goal (map, AMCL-based estimate)",-6.0012,-1.0047,2.3003,,
1790754270702580306,14.433,map,"nav2_feedback of the target goal (map, AMCL-based estimate)",-6.0012,-1.0047,2.3003,,
1790754270712960249,14.450,map,"nav2_feedback of the target goal (map, AMCL-based estimate)",-6.0010,-1.0049,2.2891,,
1790754270722672904,14.450,map,"nav2_feedback of the target goal (map, AMCL-based estimate)",-6.0010,-1.0049,2.2891,,
1790754270732513967,14.450,map,"nav2_feedback of the target goal (map, AMCL-based estimate)",-6.0010,-1.0049,2.2891,,
1790754270743220585,14.450,map,"nav2_feedback of the target goal (map, AMCL-based estimate)",-6.0010,-1.0049,2.2891,,
1790754270752823819,14.450,map,"nav2_feedback of the target goal (map, AMCL-based estimate)",-6.0010,-1.0049,2.2891,,
1790754270762751671,14.467,map,"nav2_feedback of the target goal (map, AMCL-based estimate)",-6.0008,-1.0050,2.2780,,
1790754270772884338,14.467,map,"nav2_feedback of the target goal (map, AMCL-based estimate)",-6.0008,-1.0050,2.2780,,
1790754270782425566,14.467,map,"nav2_feedback of the target goal (map, AMCL-based estimate)",-6.0008,-1.0050,2.2780,,
1790754270792500903,14.467,map,"nav2_feedback of the target goal (map, AMCL-based estimate)",-6.0008,-1.0050,2.2780,,
1790754270802505818,14.483,map,"nav2_feedback of the target goal (map, AMCL-based estimate)",-6.0007,-1.0052,2.2668,,
1790754270813070189,14.483,map,"nav2_feedback of the target goal (map, AMCL-based estimate)",-6.0007,-1.0052,2.2668,,
1790754270822669120,14.483,map,"nav2_feedback of the target goal (map, AMCL-based estimate)",-6.0007,-1.0052,2.2668,,
1790754270832636813,14.483,map,"nav2_feedback of the target goal (map, AMCL-based estimate)",-6.0007,-1.0052,2.2668,,
1790754270842742733,14.483,map,"nav2_feedback of the target goal (map, AMCL-based estimate)",-6.0007,-1.0052,2.2668,,
1790754270852524876,14.500,map,"nav2_feedback of the target goal (map, AMCL-based estimate)",-6.0005,-1.0054,2.2557,,
1790754270862981320,14.500,map,"nav2_feedback of the target goal (map, AMCL-based estimate)",-6.0005,-1.0054,2.2557,,
1790754270872793484,14.500,map,"nav2_feedback of the target goal (map, AMCL-based estimate)",-6.0005,-1.0054,2.2557,,
1790754270882905109,14.500,map,"nav2_feedback of the target goal (map, AMCL-based estimate)",-6.0005,-1.0054,2.2557,,
1790754270892630951,14.517,map,"nav2_feedback of the target goal (map, AMCL-based estimate)",-6.0004,-1.0056,2.2445,,
1790754270902545149,14.517,map,"nav2_feedback of the target goal (map, AMCL-based estimate)",-6.0004,-1.0056,2.2445,,
1790754270913022449,14.517,map,"nav2_feedback of the target goal (map, AMCL-based estimate)",-6.0004,-1.0056,2.2445,,
1790754270922556849,14.517,map,"nav2_feedback of the target goal (map, AMCL-based estimate)",-6.0004,-1.0056,2.2445,,
1790754270932571771,14.517,map,"nav2_feedback of the target goal (map, AMCL-based estimate)",-6.0004,-1.0056,2.2445,,
1790754270942475962,14.517,map,"nav2_feedback of the target goal (map, AMCL-based estimate)",-6.0004,-1.0056,2.2445,,
1790754270952827286,14.517,map,"nav2_feedback of the target goal (map, AMCL-based estimate)",-6.0004,-1.0056,2.2445,,
1790754270962919926,14.533,map,"nav2_feedback of the target goal (map, AMCL-based estimate)",-6.0002,-1.0058,2.2334,,
1790754270972822714,14.533,map,"nav2_feedback of the target goal (map, AMCL-based estimate)",-6.0002,-1.0058,2.2334,,
1790754270982502355,14.533,map,"nav2_feedback of the target goal (map, AMCL-based estimate)",-6.0002,-1.0058,2.2334,,
1790754270992728733,14.533,map,"nav2_feedback of the target goal (map, AMCL-based estimate)",-6.0002,-1.0058,2.2334,,
1790754271002543235,14.550,map,"nav2_feedback of the target goal (map, AMCL-based estimate)",-6.0001,-1.0060,2.2222,,
1790754271013161755,14.550,map,"nav2_feedback of the target goal (map, AMCL-based estimate)",-6.0001,-1.0060,2.2222,,
1790754271023323695,14.550,map,"nav2_feedback of the target goal (map, AMCL-based estimate)",-6.0001,-1.0060,2.2222,,
1790754271032701164,14.550,map,"nav2_feedback of the target goal (map, AMCL-based estimate)",-6.0001,-1.0060,2.2222,,
1790754271042984778,14.550,map,"nav2_feedback of the target goal (map, AMCL-based estimate)",-6.0001,-1.0060,2.2222,,
1790754271052590349,14.567,map,"nav2_feedback of the target goal (map, AMCL-based estimate)",-5.9999,-1.0062,2.2111,,
1790754271063003960,14.567,map,"nav2_feedback of the target goal (map, AMCL-based estimate)",-5.9999,-1.0062,2.2111,,
1790754271072732046,14.567,map,"nav2_feedback of the target goal (map, AMCL-based estimate)",-5.9999,-1.0062,2.2111,,
1790754271082823938,14.567,map,"nav2_feedback of the target goal (map, AMCL-based estimate)",-5.9999,-1.0062,2.2111,,
1790754271092691748,14.583,map,"nav2_feedback of the target goal (map, AMCL-based estimate)",-5.9998,-1.0064,2.1999,,
1790754271102486984,14.583,map,"nav2_feedback of the target goal (map, AMCL-based estimate)",-5.9998,-1.0064,2.1999,,
1790754271113049484,14.583,map,"nav2_feedback of the target goal (map, AMCL-based estimate)",-5.9998,-1.0064,2.1999,,
1790754271122799174,14.583,map,"nav2_feedback of the target goal (map, AMCL-based estimate)",-5.9998,-1.0064,2.1999,,
1790754271132703178,14.583,map,"nav2_feedback of the target goal (map, AMCL-based estimate)",-5.9998,-1.0064,2.1999,,
1790754271142721841,14.600,map,"nav2_feedback of the target goal (map, AMCL-based estimate)",-5.9996,-1.0066,2.1888,,
1790754271152945039,14.600,map,"nav2_feedback of the target goal (map, AMCL-based estimate)",-5.9996,-1.0066,2.1888,,
1790754271162818273,14.600,map,"nav2_feedback of the target goal (map, AMCL-based estimate)",-5.9996,-1.0066,2.1888,,
1790754271172526252,14.600,map,"nav2_feedback of the target goal (map, AMCL-based estimate)",-5.9996,-1.0066,2.1888,,
1790754271182707365,14.617,map,"nav2_feedback of the target goal (map, AMCL-based estimate)",-5.9995,-1.0068,2.1776,,
1790754271192527478,14.617,map,"nav2_feedback of the target goal (map, AMCL-based estimate)",-5.9995,-1.0068,2.1776,,
1790754271202670620,14.617,map,"nav2_feedback of the target goal (map, AMCL-based estimate)",-5.9995,-1.0068,2.1776,,
1790754271212960968,14.617,map,"nav2_feedback of the target goal (map, AMCL-based estimate)",-5.9995,-1.0068,2.1776,,
1790754271224168216,14.617,map,"nav2_feedback of the target goal (map, AMCL-based estimate)",-5.9995,-1.0068,2.1776,,
1790754271232554620,14.633,map,"nav2_feedback of the target goal (map, AMCL-based estimate)",-5.9993,-1.0070,2.1665,,
1790754271242832155,14.633,map,"nav2_feedback of the target goal (map, AMCL-based estimate)",-5.9993,-1.0070,2.1665,,
1790754271252756266,14.633,map,"nav2_feedback of the target goal (map, AMCL-based estimate)",-5.9993,-1.0070,2.1665,,
1790754271262797749,14.633,map,"nav2_feedback of the target goal (map, AMCL-based estimate)",-5.9993,-1.0070,2.1665,,
1790754271272754593,14.650,map,"nav2_feedback of the target goal (map, AMCL-based estimate)",-5.9992,-1.0072,2.1553,,
1790754271282641201,14.650,map,"nav2_feedback of the target goal (map, AMCL-based estimate)",-5.9992,-1.0072,2.1553,,
1790754271292691101,14.650,map,"nav2_feedback of the target goal (map, AMCL-based estimate)",-5.9992,-1.0072,2.1553,,
1790754271302606327,14.650,map,"nav2_feedback of the target goal (map, AMCL-based estimate)",-5.9992,-1.0072,2.1553,,
1790754271312978975,14.650,map,"nav2_feedback of the target goal (map, AMCL-based estimate)",-5.9992,-1.0072,2.1553,,
1790754271322745219,14.667,map,"nav2_feedback of the target goal (map, AMCL-based estimate)",-5.9991,-1.0074,2.1442,,
1790754271332698696,14.667,map,"nav2_feedback of the target goal (map, AMCL-based estimate)",-5.9991,-1.0074,2.1442,,
1790754271343046467,14.667,map,"nav2_feedback of the target goal (map, AMCL-based estimate)",-5.9991,-1.0074,2.1442,,
1790754271352464711,14.667,map,"nav2_feedback of the target goal (map, AMCL-based estimate)",-5.9991,-1.0074,2.1442,,
1790754271362716901,14.683,map,"nav2_feedback of the target goal (map, AMCL-based estimate)",-5.9989,-1.0076,2.1330,,
1790754271372717795,14.683,map,"nav2_feedback of the target goal (map, AMCL-based estimate)",-5.9989,-1.0076,2.1330,,
1790754271382506765,14.683,map,"nav2_feedback of the target goal (map, AMCL-based estimate)",-5.9989,-1.0076,2.1330,,
1790754271392467444,14.683,map,"nav2_feedback of the target goal (map, AMCL-based estimate)",-5.9989,-1.0076,2.1330,,
1790754271402802121,14.683,map,"nav2_feedback of the target goal (map, AMCL-based estimate)",-5.9989,-1.0076,2.1330,,
1790754271413040937,14.700,map,"nav2_feedback of the target goal (map, AMCL-based estimate)",-5.9988,-1.0078,2.1219,,
1790754271422552892,14.700,map,"nav2_feedback of the target goal (map, AMCL-based estimate)",-5.9988,-1.0078,2.1219,,
1790754271432614669,14.700,map,"nav2_feedback of the target goal (map, AMCL-based estimate)",-5.9988,-1.0078,2.1219,,
1790754271442584326,14.700,map,"nav2_feedback of the target goal (map, AMCL-based estimate)",-5.9988,-1.0078,2.1219,,
1790754271452639182,14.717,map,"nav2_feedback of the target goal (map, AMCL-based estimate)",-6.0034,-1.0078,2.1204,,
1790754271463142949,14.717,map,"nav2_feedback of the target goal (map, AMCL-based estimate)",-6.0034,-1.0078,2.1204,,
1790754271472403140,14.717,map,"nav2_feedback of the target goal (map, AMCL-based estimate)",-6.0034,-1.0078,2.1204,,
1790754271482818528,14.717,map,"nav2_feedback of the target goal (map, AMCL-based estimate)",-6.0034,-1.0078,2.1204,,
1790754271493048927,14.717,map,"nav2_feedback of the target goal (map, AMCL-based estimate)",-6.0034,-1.0078,2.1204,,
1790754271502456510,14.733,map,"nav2_feedback of the target goal (map, AMCL-based estimate)",-6.0080,-1.0078,2.1189,,
1790754271514828401,14.733,map,"nav2_feedback of the target goal (map, AMCL-based estimate)",-6.0080,-1.0078,2.1189,,
1790754271522523763,14.733,map,"nav2_feedback of the target goal (map, AMCL-based estimate)",-6.0080,-1.0078,2.1189,,
1790754271532615094,14.750,map,"nav2_feedback of the target goal (map, AMCL-based estimate)",-6.0125,-1.0078,2.1174,,
1790754271542802192,14.750,map,"nav2_feedback of the target goal (map, AMCL-based estimate)",-6.0125,-1.0078,2.1174,,
1790754271552497077,14.750,map,"nav2_feedback of the target goal (map, AMCL-based estimate)",-6.0125,-1.0078,2.1174,,
1790754271563301054,14.750,map,"nav2_feedback of the target goal (map, AMCL-based estimate)",-6.0125,-1.0078,2.1174,,
1790754271572825073,14.750,map,"nav2_feedback of the target goal (map, AMCL-based estimate)",-6.0125,-1.0078,2.1174,,
1790754271583582475,14.767,map,"nav2_feedback of the target goal (map, AMCL-based estimate)",-6.0171,-1.0077,2.1159,,
1790754271592907851,14.767,map,"nav2_feedback of the target goal (map, AMCL-based estimate)",-6.0171,-1.0077,2.1159,,
1790754271602608629,14.767,map,"nav2_feedback of the target goal (map, AMCL-based estimate)",-6.0171,-1.0077,2.1159,,
1790754271613129137,14.767,map,"nav2_feedback of the target goal (map, AMCL-based estimate)",-6.0171,-1.0077,2.1159,,
1790754271622650911,14.783,map,"nav2_feedback of the target goal (map, AMCL-based estimate)",-6.0217,-1.0077,2.1144,,
1790754271632712501,14.783,map,"nav2_feedback of the target goal (map, AMCL-based estimate)",-6.0217,-1.0077,2.1144,,
1790754271642576103,14.783,map,"nav2_feedback of the target goal (map, AMCL-based estimate)",-6.0217,-1.0077,2.1144,,
1790754271652753101,14.783,map,"nav2_feedback of the target goal (map, AMCL-based estimate)",-6.0217,-1.0077,2.1144,,
1790754271662814691,14.783,map,"nav2_feedback of the target goal (map, AMCL-based estimate)",-6.0217,-1.0077,2.1144,,
1790754271672450283,14.800,map,"nav2_feedback of the target goal (map, AMCL-based estimate)",-6.0262,-1.0077,2.1128,,
1790754271682544512,14.800,map,"nav2_feedback of the target goal (map, AMCL-based estimate)",-6.0262,-1.0077,2.1128,,
1790754271692590765,14.800,map,"nav2_feedback of the target goal (map, AMCL-based estimate)",-6.0262,-1.0077,2.1128,,
1790754271702579594,14.800,map,"nav2_feedback of the target goal (map, AMCL-based estimate)",-6.0262,-1.0077,2.1128,,
1790754271712856287,14.817,map,"nav2_feedback of the target goal (map, AMCL-based estimate)",-6.0261,-1.0079,2.1017,,
1790754271722567633,14.817,map,"nav2_feedback of the target goal (map, AMCL-based estimate)",-6.0261,-1.0079,2.1017,,
1790754271732873224,14.817,map,"nav2_feedback of the target goal (map, AMCL-based estimate)",-6.0261,-1.0079,2.1017,,
1790754271742965584,14.817,map,"nav2_feedback of the target goal (map, AMCL-based estimate)",-6.0261,-1.0079,2.1017,,
1790754271753057288,14.817,map,"nav2_feedback of the target goal (map, AMCL-based estimate)",-6.0261,-1.0079,2.1017,,
1790754271763139547,14.833,map,"nav2_feedback of the target goal (map, AMCL-based estimate)",-6.0260,-1.0081,2.0906,,
1790754271772751290,14.833,map,"nav2_feedback of the target goal (map, AMCL-based estimate)",-6.0260,-1.0081,2.0906,,
1790754271782637151,14.833,map,"nav2_feedback of the target goal (map, AMCL-based estimate)",-6.0260,-1.0081,2.0906,,
1790754271792479803,14.850,map,"nav2_feedback of the target goal (map, AMCL-based estimate)",-6.0259,-1.0083,2.0794,,
1790754271804832428,14.850,map,"nav2_feedback of the target goal (map, AMCL-based estimate)",-6.0259,-1.0083,2.0794,,
1790754271812706232,14.850,map,"nav2_feedback of the target goal (map, AMCL-based estimate)",-6.0259,-1.0083,2.0794,,
1790754271822610423,14.850,map,"nav2_feedback of the target goal (map, AMCL-based estimate)",-6.0259,-1.0083,2.0794,,
1790754271832574001,14.850,map,"nav2_feedback of the target goal (map, AMCL-based estimate)",-6.0259,-1.0083,2.0794,,
1790754271842470990,14.867,map,"nav2_feedback of the target goal (map, AMCL-based estimate)",-6.0258,-1.0085,2.0683,,
1790754271853122804,14.867,map,"nav2_feedback of the target goal (map, AMCL-based estimate)",-6.0258,-1.0085,2.0683,,
1790754271863089562,14.867,map,"nav2_feedback of the target goal (map, AMCL-based estimate)",-6.0258,-1.0085,2.0683,,
1790754271872462074,14.867,map,"nav2_feedback of the target goal (map, AMCL-based estimate)",-6.0258,-1.0085,2.0683,,
1790754271882780572,14.883,map,"nav2_feedback of the target goal (map, AMCL-based estimate)",-6.0256,-1.0088,2.0571,,
1790754271892759020,14.883,map,"nav2_feedback of the target goal (map, AMCL-based estimate)",-6.0256,-1.0088,2.0571,,
1790754271902883644,14.883,map,"nav2_feedback of the target goal (map, AMCL-based estimate)",-6.0256,-1.0088,2.0571,,
1790754271913232724,14.883,map,"nav2_feedback of the target goal (map, AMCL-based estimate)",-6.0256,-1.0088,2.0571,,
1790754271922429132,14.883,map,"nav2_feedback of the target goal (map, AMCL-based estimate)",-6.0256,-1.0088,2.0571,,
1790754271932734256,14.900,map,"nav2_feedback of the target goal (map, AMCL-based estimate)",-6.0255,-1.0090,2.0460,,
1790754271942686798,14.900,map,"nav2_feedback of the target goal (map, AMCL-based estimate)",-6.0255,-1.0090,2.0460,,
1790754271952591831,14.900,map,"nav2_feedback of the target goal (map, AMCL-based estimate)",-6.0255,-1.0090,2.0460,,
1790754271962745541,14.900,map,"nav2_feedback of the target goal (map, AMCL-based estimate)",-6.0255,-1.0090,2.0460,,
1790754271972543022,14.917,map,"nav2_feedback of the target goal (map, AMCL-based estimate)",-6.0254,-1.0092,2.0348,,
1790754271982988617,14.917,map,"nav2_feedback of the target goal (map, AMCL-based estimate)",-6.0254,-1.0092,2.0348,,
1790754271992610649,14.917,map,"nav2_feedback of the target goal (map, AMCL-based estimate)",-6.0254,-1.0092,2.0348,,
1790754272002749863,14.917,map,"nav2_feedback of the target goal (map, AMCL-based estimate)",-6.0254,-1.0092,2.0348,,
1790754272013038434,14.917,map,"nav2_feedback of the target goal (map, AMCL-based estimate)",-6.0254,-1.0092,2.0348,,
1790754272022443678,14.933,map,"nav2_feedback of the target goal (map, AMCL-based estimate)",-6.0253,-1.0094,2.0237,,
1790754272032894512,14.933,map,"nav2_feedback of the target goal (map, AMCL-based estimate)",-6.0253,-1.0094,2.0237,,
1790754272042827227,14.933,map,"nav2_feedback of the target goal (map, AMCL-based estimate)",-6.0253,-1.0094,2.0237,,
1790754272053170602,14.933,map,"nav2_feedback of the target goal (map, AMCL-based estimate)",-6.0253,-1.0094,2.0237,,
1790754272063084332,14.950,map,"nav2_feedback of the target goal (map, AMCL-based estimate)",-6.0252,-1.0096,2.0125,,
1790754272072830843,14.950,map,"nav2_feedback of the target goal (map, AMCL-based estimate)",-6.0252,-1.0096,2.0125,,
1790754272082936856,14.950,map,"nav2_feedback of the target goal (map, AMCL-based estimate)",-6.0252,-1.0096,2.0125,,
1790754272092576750,14.950,map,"nav2_feedback of the target goal (map, AMCL-based estimate)",-6.0252,-1.0096,2.0125,,
1790754272102452136,14.967,map,"nav2_feedback of the target goal (map, AMCL-based estimate)",-6.0251,-1.0099,2.0014,,
1790754272112816180,14.967,map,"nav2_feedback of the target goal (map, AMCL-based estimate)",-6.0251,-1.0099,2.0014,,
1790754272122973911,14.967,map,"nav2_feedback of the target goal (map, AMCL-based estimate)",-6.0251,-1.0099,2.0014,,
1790754272132414788,14.967,map,"nav2_feedback of the target goal (map, AMCL-based estimate)",-6.0251,-1.0099,2.0014,,
1790754272142637332,14.983,map,"nav2_feedback of the target goal (map, AMCL-based estimate)",-6.0250,-1.0101,1.9903,,
1790754272152432474,14.983,map,"nav2_feedback of the target goal (map, AMCL-based estimate)",-6.0250,-1.0101,1.9903,,
1790754272162620321,14.983,map,"nav2_feedback of the target goal (map, AMCL-based estimate)",-6.0250,-1.0101,1.9903,,
1790754272172547985,14.983,map,"nav2_feedback of the target goal (map, AMCL-based estimate)",-6.0250,-1.0101,1.9903,,
1790754272182791758,14.983,map,"nav2_feedback of the target goal (map, AMCL-based estimate)",-6.0250,-1.0101,1.9903,,
1790754272192426883,15.000,map,"nav2_feedback of the target goal (map, AMCL-based estimate)",-6.0249,-1.0103,1.9791,,
1790754272202405612,15.000,map,"nav2_feedback of the target goal (map, AMCL-based estimate)",-6.0249,-1.0103,1.9791,,
1790754272213009355,15.000,map,"nav2_feedback of the target goal (map, AMCL-based estimate)",-6.0249,-1.0103,1.9791,,
1790754272222883057,15.000,map,"nav2_feedback of the target goal (map, AMCL-based estimate)",-6.0249,-1.0103,1.9791,,
1790754272232692883,15.017,map,"nav2_feedback of the target goal (map, AMCL-based estimate)",-6.0248,-1.0105,1.9680,,
1790754272242837896,15.017,map,"nav2_feedback of the target goal (map, AMCL-based estimate)",-6.0248,-1.0105,1.9680,,
1790754272252551767,15.017,map,"nav2_feedback of the target goal (map, AMCL-based estimate)",-6.0248,-1.0105,1.9680,,
1790754272263120158,15.017,map,"nav2_feedback of the target goal (map, AMCL-based estimate)",-6.0248,-1.0105,1.9680,,
1790754272274005687,15.017,map,"nav2_feedback of the target goal (map, AMCL-based estimate)",-6.0248,-1.0105,1.9680,,
1790754272282710911,15.017,map,"nav2_feedback of the target goal (map, AMCL-based estimate)",-6.0248,-1.0105,1.9680,,
1790754272292783537,15.033,map,"nav2_feedback of the target goal (map, AMCL-based estimate)",-6.0247,-1.0108,1.9568,,
1790754272302750201,15.033,map,"nav2_feedback of the target goal (map, AMCL-based estimate)",-6.0247,-1.0108,1.9568,,
1790754272312635500,15.033,map,"nav2_feedback of the target goal (map, AMCL-based estimate)",-6.0247,-1.0108,1.9568,,
1790754272322387937,15.050,map,"nav2_feedback of the target goal (map, AMCL-based estimate)",-6.0246,-1.0110,1.9457,,
1790754272332484919,15.050,map,"nav2_feedback of the target goal (map, AMCL-based estimate)",-6.0246,-1.0110,1.9457,,
1790754272342447563,15.050,map,"nav2_feedback of the target goal (map, AMCL-based estimate)",-6.0246,-1.0110,1.9457,,
1790754272352444333,15.050,map,"nav2_feedback of the target goal (map, AMCL-based estimate)",-6.0246,-1.0110,1.9457,,
1790754272363010129,15.050,map,"nav2_feedback of the target goal (map, AMCL-based estimate)",-6.0246,-1.0110,1.9457,,
1790754272372715128,15.067,map,"nav2_feedback of the target goal (map, AMCL-based estimate)",-6.0245,-1.0112,1.9345,,
1790754272382563232,15.067,map,"nav2_feedback of the target goal (map, AMCL-based estimate)",-6.0245,-1.0112,1.9345,,
1790754272393158534,15.067,map,"nav2_feedback of the target goal (map, AMCL-based estimate)",-6.0245,-1.0112,1.9345,,
1790754272402746730,15.067,map,"nav2_feedback of the target goal (map, AMCL-based estimate)",-6.0245,-1.0112,1.9345,,
1790754272412548830,15.083,map,"nav2_feedback of the target goal (map, AMCL-based estimate)",-6.0244,-1.0115,1.9234,,
1790754272422545035,15.083,map,"nav2_feedback of the target goal (map, AMCL-based estimate)",-6.0244,-1.0115,1.9234,,
1790754272432426322,15.083,map,"nav2_feedback of the target goal (map, AMCL-based estimate)",-6.0244,-1.0115,1.9234,,
1790754272445304982,15.083,map,"nav2_feedback of the target goal (map, AMCL-based estimate)",-6.0244,-1.0115,1.9234,,
1790754272452625941,15.083,map,"nav2_feedback of the target goal (map, AMCL-based estimate)",-6.0244,-1.0115,1.9234,,
1790754272463096899,15.100,map,"nav2_feedback of the target goal (map, AMCL-based estimate)",-6.0244,-1.0117,1.9122,,
1790754272472508147,15.100,map,"nav2_feedback of the target goal (map, AMCL-based estimate)",-6.0244,-1.0117,1.9122,,
1790754272482456085,15.100,map,"nav2_feedback of the target goal (map, AMCL-based estimate)",-6.0244,-1.0117,1.9122,,
1790754272492849457,15.117,map,"nav2_feedback of the target goal (map, AMCL-based estimate)",-6.0243,-1.0119,1.9011,,
1790754272502497705,15.117,map,"nav2_feedback of the target goal (map, AMCL-based estimate)",-6.0243,-1.0119,1.9011,,
1790754272512879104,15.117,map,"nav2_feedback of the target goal (map, AMCL-based estimate)",-6.0243,-1.0119,1.9011,,
1790754272522650471,15.117,map,"nav2_feedback of the target goal (map, AMCL-based estimate)",-6.0243,-1.0119,1.9011,,
1790754272532914502,15.117,map,"nav2_feedback of the target goal (map, AMCL-based estimate)",-6.0243,-1.0119,1.9011,,
1790754272542900431,15.133,map,"nav2_feedback of the target goal (map, AMCL-based estimate)",-6.0242,-1.0122,1.8900,,
1790754272553181903,15.133,map,"nav2_feedback of the target goal (map, AMCL-based estimate)",-6.0242,-1.0122,1.8900,,
1790754272562883037,15.133,map,"nav2_feedback of the target goal (map, AMCL-based estimate)",-6.0242,-1.0122,1.8900,,
1790754272572610001,15.133,map,"nav2_feedback of the target goal (map, AMCL-based estimate)",-6.0242,-1.0122,1.8900,,
1790754272582602907,15.150,map,"nav2_feedback of the target goal (map, AMCL-based estimate)",-6.0241,-1.0124,1.8788,,
1790754272592901630,15.150,map,"nav2_feedback of the target goal (map, AMCL-based estimate)",-6.0241,-1.0124,1.8788,,
1790754272602429681,15.150,map,"nav2_feedback of the target goal (map, AMCL-based estimate)",-6.0241,-1.0124,1.8788,,
1790754272613739940,15.150,map,"nav2_feedback of the target goal (map, AMCL-based estimate)",-6.0241,-1.0124,1.8788,,
1790754272622410684,15.150,map,"nav2_feedback of the target goal (map, AMCL-based estimate)",-6.0241,-1.0124,1.8788,,
1790754272632441392,15.167,map,"nav2_feedback of the target goal (map, AMCL-based estimate)",-6.0241,-1.0126,1.8677,,
1790754272642803089,15.167,map,"nav2_feedback of the target goal (map, AMCL-based estimate)",-6.0241,-1.0126,1.8677,,
1790754272652640257,15.167,map,"nav2_feedback of the target goal (map, AMCL-based estimate)",-6.0241,-1.0126,1.8677,,
1790754272662634200,15.167,map,"nav2_feedback of the target goal (map, AMCL-based estimate)",-6.0241,-1.0126,1.8677,,
1790754272672587322,15.183,map,"nav2_feedback of the target goal (map, AMCL-based estimate)",-6.0240,-1.0129,1.8565,,
1790754272682849468,15.183,map,"nav2_feedback of the target goal (map, AMCL-based estimate)",-6.0240,-1.0129,1.8565,,
1790754272692511008,15.183,map,"nav2_feedback of the target goal (map, AMCL-based estimate)",-6.0240,-1.0129,1.8565,,
1790754272702483362,15.183,map,"nav2_feedback of the target goal (map, AMCL-based estimate)",-6.0240,-1.0129,1.8565,,
1790754272712829598,15.183,map,"nav2_feedback of the target goal (map, AMCL-based estimate)",-6.0240,-1.0129,1.8565,,
1790754272723115972,15.200,map,"nav2_feedback of the target goal (map, AMCL-based estimate)",-6.0239,-1.0131,1.8454,,
1790754272732464246,15.200,map,"nav2_feedback of the target goal (map, AMCL-based estimate)",-6.0239,-1.0131,1.8454,,
1790754272742467899,15.200,map,"nav2_feedback of the target goal (map, AMCL-based estimate)",-6.0239,-1.0131,1.8454,,
1790754272752609565,15.217,map,"nav2_feedback of the target goal (map, AMCL-based estimate)",-6.0239,-1.0133,1.8342,,
1790754272762857947,15.217,map,"nav2_feedback of the target goal (map, AMCL-based estimate)",-6.0239,-1.0133,1.8342,,
1790754272774711212,15.217,map,"nav2_feedback of the target goal (map, AMCL-based estimate)",-6.0239,-1.0133,1.8342,,
1790754272782641450,15.217,map,"nav2_feedback of the target goal (map, AMCL-based estimate)",-6.0239,-1.0133,1.8342,,
1790754272792755118,15.217,map,"nav2_feedback of the target goal (map, AMCL-based estimate)",-6.0239,-1.0133,1.8342,,
1790754272802494809,15.217,map,"nav2_feedback of the target goal (map, AMCL-based estimate)",-6.0239,-1.0133,1.8342,,
1790754272813050046,15.233,map,"nav2_feedback of the target goal (map, AMCL-based estimate)",-6.0238,-1.0136,1.8231,,
1790754272823288058,15.233,map,"nav2_feedback of the target goal (map, AMCL-based estimate)",-6.0238,-1.0136,1.8231,,
1790754272832723534,15.233,map,"nav2_feedback of the target goal (map, AMCL-based estimate)",-6.0238,-1.0136,1.8231,,
1790754272842933453,15.233,map,"nav2_feedback of the target goal (map, AMCL-based estimate)",-6.0238,-1.0136,1.8231,,
1790754272853487087,15.250,map,"nav2_feedback of the target goal (map, AMCL-based estimate)",-6.0237,-1.0138,1.8120,,
1790754272863033239,15.250,map,"nav2_feedback of the target goal (map, AMCL-based estimate)",-6.0237,-1.0138,1.8120,,
1790754272872781697,15.250,map,"nav2_feedback of the target goal (map, AMCL-based estimate)",-6.0237,-1.0138,1.8120,,
1790754272883092959,15.250,map,"nav2_feedback of the target goal (map, AMCL-based estimate)",-6.0237,-1.0138,1.8120,,
1790754272892689922,15.250,map,"nav2_feedback of the target goal (map, AMCL-based estimate)",-6.0237,-1.0138,1.8120,,
1790754272902592044,15.267,map,"nav2_feedback of the target goal (map, AMCL-based estimate)",-6.0237,-1.0141,1.8008,,
1790754272912607857,15.267,map,"nav2_feedback of the target goal (map, AMCL-based estimate)",-6.0237,-1.0141,1.8008,,
1790754272922743773,15.267,map,"nav2_feedback of the target goal (map, AMCL-based estimate)",-6.0237,-1.0141,1.8008,,
1790754272932600927,15.267,map,"nav2_feedback of the target goal (map, AMCL-based estimate)",-6.0237,-1.0141,1.8008,,
1790754272942834320,15.267,map,"nav2_feedback of the target goal (map, AMCL-based estimate)",-6.0237,-1.0141,1.8008,,
1790754272952652257,15.283,map,"nav2_feedback of the target goal (map, AMCL-based estimate)",-6.0236,-1.0143,1.7897,,
1790754272963015556,15.283,map,"nav2_feedback of the target goal (map, AMCL-based estimate)",-6.0236,-1.0143,1.7897,,
1790754272972836415,15.283,map,"nav2_feedback of the target goal (map, AMCL-based estimate)",-6.0236,-1.0143,1.7897,,
1790754272983240817,15.283,map,"nav2_feedback of the target goal (map, AMCL-based estimate)",-6.0236,-1.0143,1.7897,,
1790754272992708157,15.300,map,"nav2_feedback of the target goal (map, AMCL-based estimate)",-6.0236,-1.0145,1.7785,,
1790754273002780911,15.300,map,"nav2_feedback of the target goal (map, AMCL-based estimate)",-6.0236,-1.0145,1.7785,,
1790754273013216422,15.300,map,"nav2_feedback of the target goal (map, AMCL-based estimate)",-6.0236,-1.0145,1.7785,,
1790754273022864858,15.300,map,"nav2_feedback of the target goal (map, AMCL-based estimate)",-6.0236,-1.0145,1.7785,,
1790754273032659510,15.300,map,"nav2_feedback of the target goal (map, AMCL-based estimate)",-6.0236,-1.0145,1.7785,,
1790754273043965339,15.317,map,"nav2_feedback of the target goal (map, AMCL-based estimate)",-6.0235,-1.0148,1.7674,,
1790754273052478554,15.317,map,"nav2_feedback of the target goal (map, AMCL-based estimate)",-6.0235,-1.0148,1.7674,,
1790754273062728256,15.317,map,"nav2_feedback of the target goal (map, AMCL-based estimate)",-6.0235,-1.0148,1.7674,,
1790754273072561276,15.317,map,"nav2_feedback of the target goal (map, AMCL-based estimate)",-6.0235,-1.0148,1.7674,,
1790754273082423238,15.333,map,"nav2_feedback of the target goal (map, AMCL-based estimate)",-6.0235,-1.0150,1.7562,,
1790754273092870534,15.333,map,"nav2_feedback of the target goal (map, AMCL-based estimate)",-6.0235,-1.0150,1.7562,,
1790754273102994477,15.333,map,"nav2_feedback of the target goal (map, AMCL-based estimate)",-6.0235,-1.0150,1.7562,,
1790754273112838810,15.333,map,"nav2_feedback of the target goal (map, AMCL-based estimate)",-6.0235,-1.0150,1.7562,,
1790754273122516093,15.350,map,"nav2_feedback of the target goal (map, AMCL-based estimate)",-6.0234,-1.0153,1.7451,,
1790754273132619862,15.350,map,"nav2_feedback of the target goal (map, AMCL-based estimate)",-6.0234,-1.0153,1.7451,,
1790754273142391040,15.350,map,"nav2_feedback of the target goal (map, AMCL-based estimate)",-6.0234,-1.0153,1.7451,,
1790754273152627450,15.350,map,"nav2_feedback of the target goal (map, AMCL-based estimate)",-6.0234,-1.0153,1.7451,,
1790754273162744511,15.350,map,"nav2_feedback of the target goal (map, AMCL-based estimate)",-6.0234,-1.0153,1.7451,,
1790754273172683304,15.367,map,"nav2_feedback of the target goal (map, AMCL-based estimate)",-6.0234,-1.0155,1.7339,,
1790754273182576565,15.367,map,"nav2_feedback of the target goal (map, AMCL-based estimate)",-6.0234,-1.0155,1.7339,,
1790754273192655540,15.367,map,"nav2_feedback of the target goal (map, AMCL-based estimate)",-6.0234,-1.0155,1.7339,,
1790754273202742434,15.367,map,"nav2_feedback of the target goal (map, AMCL-based estimate)",-6.0234,-1.0155,1.7339,,
1790754273213930141,15.383,map,"nav2_feedback of the target goal (map, AMCL-based estimate)",-6.0234,-1.0157,1.7228,,
1790754273222767462,15.383,map,"nav2_feedback of the target goal (map, AMCL-based estimate)",-6.0234,-1.0157,1.7228,,
1790754273232664776,15.383,map,"nav2_feedback of the target goal (map, AMCL-based estimate)",-6.0234,-1.0157,1.7228,,
1790754273242986124,15.383,map,"nav2_feedback of the target goal (map, AMCL-based estimate)",-6.0234,-1.0157,1.7228,,
1790754273252749101,15.383,map,"nav2_feedback of the target goal (map, AMCL-based estimate)",-6.0234,-1.0157,1.7228,,
1790754273262737481,15.400,map,"nav2_feedback of the target goal (map, AMCL-based estimate)",-6.0233,-1.0160,1.7117,,
1790754273272669864,15.400,map,"nav2_feedback of the target goal (map, AMCL-based estimate)",-6.0233,-1.0160,1.7117,,
1790754273282467250,15.400,map,"nav2_feedback of the target goal (map, AMCL-based estimate)",-6.0233,-1.0160,1.7117,,
1790754273292384549,15.417,map,"nav2_feedback of the target goal (map, AMCL-based estimate)",-6.0233,-1.0162,1.7005,,
1790754273302499159,15.417,map,"nav2_feedback of the target goal (map, AMCL-based estimate)",-6.0233,-1.0162,1.7005,,
1790754273312664016,15.417,map,"nav2_feedback of the target goal (map, AMCL-based estimate)",-6.0233,-1.0162,1.7005,,
1790754273322423411,15.417,map,"nav2_feedback of the target goal (map, AMCL-based estimate)",-6.0233,-1.0162,1.7005,,
1790754273332808487,15.417,map,"nav2_feedback of the target goal (map, AMCL-based estimate)",-6.0233,-1.0162,1.7005,,
1790754273342910559,15.433,map,"nav2_feedback of the target goal (map, AMCL-based estimate)",-6.0233,-1.0165,1.6894,,
1790754273353294598,15.433,map,"nav2_feedback of the target goal (map, AMCL-based estimate)",-6.0233,-1.0165,1.6894,,
1790754273362586121,15.433,map,"nav2_feedback of the target goal (map, AMCL-based estimate)",-6.0233,-1.0165,1.6894,,
1790754273372438844,15.433,map,"nav2_feedback of the target goal (map, AMCL-based estimate)",-6.0233,-1.0165,1.6894,,
1790754273382599553,15.450,map,"nav2_feedback of the target goal (map, AMCL-based estimate)",-6.0232,-1.0167,1.6782,,
1790754273392563423,15.450,map,"nav2_feedback of the target goal (map, AMCL-based estimate)",-6.0232,-1.0167,1.6782,,
1790754273402732522,15.450,map,"nav2_feedback of the target goal (map, AMCL-based estimate)",-6.0232,-1.0167,1.6782,,
1790754273412671316,15.450,map,"nav2_feedback of the target goal (map, AMCL-based estimate)",-6.0232,-1.0167,1.6782,,
1790754273422505750,15.450,map,"nav2_feedback of the target goal (map, AMCL-based estimate)",-6.0232,-1.0167,1.6782,,
1790754273432838411,15.467,map,"nav2_feedback of the target goal (map, AMCL-based estimate)",-6.0232,-1.0170,1.6671,,
1790754273444386801,15.467,map,"nav2_feedback of the target goal (map, AMCL-based estimate)",-6.0232,-1.0170,1.6671,,
1790754273452409709,15.467,map,"nav2_feedback of the target goal (map, AMCL-based estimate)",-6.0232,-1.0170,1.6671,,
1790754273462730680,15.483,map,"nav2_feedback of the target goal (map, AMCL-based estimate)",-6.0232,-1.0172,1.6559,,
1790754273472772607,15.483,map,"nav2_feedback of the target goal (map, AMCL-based estimate)",-6.0232,-1.0172,1.6559,,
1790754273482674823,15.483,map,"nav2_feedback of the target goal (map, AMCL-based estimate)",-6.0232,-1.0172,1.6559,,
1790754273492453543,15.483,map,"nav2_feedback of the target goal (map, AMCL-based estimate)",-6.0232,-1.0172,1.6559,,
1790754273502799873,15.483,map,"nav2_feedback of the target goal (map, AMCL-based estimate)",-6.0232,-1.0172,1.6559,,
1790754273512864896,15.500,map,"nav2_feedback of the target goal (map, AMCL-based estimate)",-6.0232,-1.0175,1.6448,,
1790754273522880898,15.500,map,"nav2_feedback of the target goal (map, AMCL-based estimate)",-6.0232,-1.0175,1.6448,,
1790754273532955820,15.500,map,"nav2_feedback of the target goal (map, AMCL-based estimate)",-6.0232,-1.0175,1.6448,,
1790754273542361129,15.517,map,"nav2_feedback of the target goal (map, AMCL-based estimate)",-6.0232,-1.0177,1.6336,,
1790754273552507132,15.517,map,"nav2_feedback of the target goal (map, AMCL-based estimate)",-6.0232,-1.0177,1.6336,,
1790754273562953391,15.517,map,"nav2_feedback of the target goal (map, AMCL-based estimate)",-6.0232,-1.0177,1.6336,,
1790754273572730602,15.517,map,"nav2_feedback of the target goal (map, AMCL-based estimate)",-6.0232,-1.0177,1.6336,,
1790754273582883864,15.517,map,"nav2_feedback of the target goal (map, AMCL-based estimate)",-6.0232,-1.0177,1.6336,,
1790754273592336874,15.517,map,"nav2_feedback of the target goal (map, AMCL-based estimate)",-6.0232,-1.0177,1.6336,,
1790754273603369409,15.517,map,"nav2_feedback of the target goal (map, AMCL-based estimate)",-6.0232,-1.0177,1.6336,,
1790754273613375984,15.533,map,"nav2_feedback of the target goal (map, AMCL-based estimate)",-6.0231,-1.0179,1.6225,,
1790754273622694846,15.533,map,"nav2_feedback of the target goal (map, AMCL-based estimate)",-6.0231,-1.0179,1.6225,,
1790754273633473036,15.533,map,"nav2_feedback of the target goal (map, AMCL-based estimate)",-6.0231,-1.0179,1.6225,,
1790754273642336282,15.550,map,"nav2_feedback of the target goal (map, AMCL-based estimate)",-6.0231,-1.0182,1.6113,,
1790754273652949119,15.550,map,"nav2_feedback of the target goal (map, AMCL-based estimate)",-6.0231,-1.0182,1.6113,,
1790754273662663357,15.550,map,"nav2_feedback of the target goal (map, AMCL-based estimate)",-6.0231,-1.0182,1.6113,,
1790754273672786923,15.550,map,"nav2_feedback of the target goal (map, AMCL-based estimate)",-6.0231,-1.0182,1.6113,,
1790754273682661140,15.550,map,"nav2_feedback of the target goal (map, AMCL-based estimate)",-6.0231,-1.0182,1.6113,,
1790754273692456263,15.567,map,"nav2_feedback of the target goal (map, AMCL-based estimate)",-6.0231,-1.0184,1.6002,,
1790754273702567385,15.567,map,"nav2_feedback of the target goal (map, AMCL-based estimate)",-6.0231,-1.0184,1.6002,,
1790754273712992810,15.567,map,"nav2_feedback of the target goal (map, AMCL-based estimate)",-6.0231,-1.0184,1.6002,,
1790754273722849398,15.567,map,"nav2_feedback of the target goal (map, AMCL-based estimate)",-6.0231,-1.0184,1.6002,,
1790754273732440611,15.583,map,"nav2_feedback of the target goal (map, AMCL-based estimate)",-6.0231,-1.0187,1.5890,,
1790754273742635541,15.583,map,"nav2_feedback of the target goal (map, AMCL-based estimate)",-6.0231,-1.0187,1.5890,,
1790754273752439149,15.583,map,"nav2_feedback of the target goal (map, AMCL-based estimate)",-6.0231,-1.0187,1.5890,,
1790754273762952434,15.583,map,"nav2_feedback of the target goal (map, AMCL-based estimate)",-6.0231,-1.0187,1.5890,,
1790754273774593494,15.583,map,"nav2_feedback of the target goal (map, AMCL-based estimate)",-6.0231,-1.0187,1.5890,,
1790754273782410417,15.600,map,"nav2_feedback of the target goal (map, AMCL-based estimate)",-6.0231,-1.0189,1.5779,,
1790754273792467993,15.600,map,"nav2_feedback of the target goal (map, AMCL-based estimate)",-6.0231,-1.0189,1.5779,,
1790754273802429129,15.600,map,"nav2_feedback of the target goal (map, AMCL-based estimate)",-6.0231,-1.0189,1.5779,,
1790754273812820615,15.600,map,"nav2_feedback of the target goal (map, AMCL-based estimate)",-6.0231,-1.0189,1.5779,,
1790754273822458022,15.617,map,"nav2_feedback of the target goal (map, AMCL-based estimate)",-6.0231,-1.0192,1.5668,,
1790754273832496366,15.617,map,"nav2_feedback of the target goal (map, AMCL-based estimate)",-6.0231,-1.0192,1.5668,,
1790754273842895017,15.617,map,"nav2_feedback of the target goal (map, AMCL-based estimate)",-6.0231,-1.0192,1.5668,,
1790754273852543454,15.617,map,"nav2_feedback of the target goal (map, AMCL-based estimate)",-6.0231,-1.0192,1.5668,,
1790754273862887522,15.633,map,"nav2_feedback of the target goal (map, AMCL-based estimate)",-6.0231,-1.0194,1.5556,,
1790754273872784741,15.633,map,"nav2_feedback of the target goal (map, AMCL-based estimate)",-6.0231,-1.0194,1.5556,,
1790754273882880308,15.633,map,"nav2_feedback of the target goal (map, AMCL-based estimate)",-6.0231,-1.0194,1.5556,,
1790754273892803547,15.633,map,"nav2_feedback of the target goal (map, AMCL-based estimate)",-6.0231,-1.0194,1.5556,,
1790754273902662775,15.633,map,"nav2_feedback of the target goal (map, AMCL-based estimate)",-6.0231,-1.0194,1.5556,,
1790754273912786341,15.650,map,"nav2_feedback of the target goal (map, AMCL-based estimate)",-6.0231,-1.0197,1.5445,,
1790754273922444299,15.650,map,"nav2_feedback of the target goal (map, AMCL-based estimate)",-6.0231,-1.0197,1.5445,,
1790754273932661005,15.650,map,"nav2_feedback of the target goal (map, AMCL-based estimate)",-6.0231,-1.0197,1.5445,,
1790754273943397244,15.650,map,"nav2_feedback of the target goal (map, AMCL-based estimate)",-6.0231,-1.0197,1.5445,,
1790754273952973374,15.650,map,"nav2_feedback of the target goal (map, AMCL-based estimate)",-6.0231,-1.0197,1.5445,,
1790754273963085438,15.667,map,"nav2_feedback of the target goal (map, AMCL-based estimate)",-6.0231,-1.0199,1.5333,,
1790754273972662888,15.667,map,"nav2_feedback of the target goal (map, AMCL-based estimate)",-6.0231,-1.0199,1.5333,,
1790754273982481108,15.667,map,"nav2_feedback of the target goal (map, AMCL-based estimate)",-6.0231,-1.0199,1.5333,,
1790754273992407551,15.667,map,"nav2_feedback of the target goal (map, AMCL-based estimate)",-6.0231,-1.0199,1.5333,,
1790754274004813721,15.683,map,"nav2_feedback of the target goal (map, AMCL-based estimate)",-6.0231,-1.0202,1.5222,,
1790754274012612073,15.683,map,"nav2_feedback of the target goal (map, AMCL-based estimate)",-6.0231,-1.0202,1.5222,,
1790754274022732905,15.683,map,"nav2_feedback of the target goal (map, AMCL-based estimate)",-6.0231,-1.0202,1.5222,,
1790754274032580820,15.683,map,"nav2_feedback of the target goal (map, AMCL-based estimate)",-6.0231,-1.0202,1.5222,,
1790754274042348605,15.700,map,"nav2_feedback of the target goal (map, AMCL-based estimate)",-6.0232,-1.0204,1.5110,,
1790754274054436418,15.700,map,"nav2_feedback of the target goal (map, AMCL-based estimate)",-6.0232,-1.0204,1.5110,,
1790754274062898538,15.700,map,"nav2_feedback of the target goal (map, AMCL-based estimate)",-6.0232,-1.0204,1.5110,,
1790754274072709310,15.700,map,"nav2_feedback of the target goal (map, AMCL-based estimate)",-6.0232,-1.0204,1.5110,,
1790754274082839570,15.717,map,"nav2_feedback of the target goal (map, AMCL-based estimate)",-6.0232,-1.0207,1.4999,,
1790754274092491022,15.717,map,"nav2_feedback of the target goal (map, AMCL-based estimate)",-6.0232,-1.0207,1.4999,,
1790754274105285591,15.717,map,"nav2_feedback of the target goal (map, AMCL-based estimate)",-6.0232,-1.0207,1.4999,,
1790754274112796132,15.717,map,"nav2_feedback of the target goal (map, AMCL-based estimate)",-6.0232,-1.0207,1.4999,,
1790754274122727949,15.717,map,"nav2_feedback of the target goal (map, AMCL-based estimate)",-6.0232,-1.0207,1.4999,,
1790754274132679940,15.733,map,"nav2_feedback of the target goal (map, AMCL-based estimate)",-6.0232,-1.0209,1.4887,,
1790754274142919084,15.733,map,"nav2_feedback of the target goal (map, AMCL-based estimate)",-6.0232,-1.0209,1.4887,,
1790754274152381993,15.733,map,"nav2_feedback of the target goal (map, AMCL-based estimate)",-6.0232,-1.0209,1.4887,,
1790754274162773762,15.750,map,"nav2_feedback of the target goal (map, AMCL-based estimate)",-6.0232,-1.0211,1.4776,,
1790754274172587551,15.750,map,"nav2_feedback of the target goal (map, AMCL-based estimate)",-6.0232,-1.0211,1.4776,,
1790754274182319889,15.750,map,"nav2_feedback of the target goal (map, AMCL-based estimate)",-6.0232,-1.0211,1.4776,,
1790754274192447981,15.750,map,"nav2_feedback of the target goal (map, AMCL-based estimate)",-6.0232,-1.0211,1.4776,,
1790754274202473693,15.750,map,"nav2_feedback of the target goal (map, AMCL-based estimate)",-6.0232,-1.0211,1.4776,,
1790754274212845571,15.767,map,"nav2_feedback of the target goal (map, AMCL-based estimate)",-6.0232,-1.0214,1.4665,,
1790754274224522265,15.767,map,"nav2_feedback of the target goal (map, AMCL-based estimate)",-6.0232,-1.0214,1.4665,,
1790754274232424504,15.767,map,"nav2_feedback of the target goal (map, AMCL-based estimate)",-6.0232,-1.0214,1.4665,,
1790754274242443994,15.767,map,"nav2_feedback of the target goal (map, AMCL-based estimate)",-6.0232,-1.0214,1.4665,,
1790754274252902131,15.767,map,"nav2_feedback of the target goal (map, AMCL-based estimate)",-6.0232,-1.0214,1.4665,,
1790754274262832817,15.783,map,"nav2_feedback of the target goal (map, AMCL-based estimate)",-6.0233,-1.0216,1.4553,,
1790754274272348141,15.783,map,"nav2_feedback of the target goal (map, AMCL-based estimate)",-6.0233,-1.0216,1.4553,,
1790754274282570410,15.783,map,"nav2_feedback of the target goal (map, AMCL-based estimate)",-6.0233,-1.0216,1.4553,,
1790754274292597819,15.783,map,"nav2_feedback of the target goal (map, AMCL-based estimate)",-6.0233,-1.0216,1.4553,,
1790754274302792937,15.800,map,"nav2_feedback of the target goal (map, AMCL-based estimate)",-6.0233,-1.0219,1.4442,,
1790754274312596545,15.800,map,"nav2_feedback of the target goal (map, AMCL-based estimate)",-6.0233,-1.0219,1.4442,,
1790754274322659023,15.800,map,"nav2_feedback of the target goal (map, AMCL-based estimate)",-6.0233,-1.0219,1.4442,,
1790754274333280061,15.817,map,"nav2_feedback of the target goal (map, AMCL-based estimate)",-6.0350,-1.0158,1.4478,,
1790754274342496544,15.817,map,"nav2_feedback of the target goal (map, AMCL-based estimate)",-6.0350,-1.0158,1.4478,,
1790754274352503967,15.817,map,"nav2_feedback of the target goal (map, AMCL-based estimate)",-6.0350,-1.0158,1.4478,,
1790754274362858028,15.817,map,"nav2_feedback of the target goal (map, AMCL-based estimate)",-6.0350,-1.0158,1.4478,,
1790754274372868185,15.817,map,"nav2_feedback of the target goal (map, AMCL-based estimate)",-6.0350,-1.0158,1.4478,,
1790754274382609479,15.833,map,"nav2_feedback of the target goal (map, AMCL-based estimate)",-6.0468,-1.0098,1.4514,,
1790754274392539222,15.833,map,"nav2_feedback of the target goal (map, AMCL-based estimate)",-6.0468,-1.0098,1.4514,,
1790754274402792224,15.833,map,"nav2_feedback of the target goal (map, AMCL-based estimate)",-6.0468,-1.0098,1.4514,,
1790754274413015341,15.833,map,"nav2_feedback of the target goal (map, AMCL-based estimate)",-6.0468,-1.0098,1.4514,,
1790754274422783031,15.833,map,"nav2_feedback of the target goal (map, AMCL-based estimate)",-6.0468,-1.0098,1.4514,,
1790754274432586544,15.850,map,"nav2_feedback of the target goal (map, AMCL-based estimate)",-6.0585,-1.0037,1.4550,,
1790754274442420978,15.850,map,"nav2_feedback of the target goal (map, AMCL-based estimate)",-6.0585,-1.0037,1.4550,,
1790754274452565190,15.850,map,"nav2_feedback of the target goal (map, AMCL-based estimate)",-6.0585,-1.0037,1.4550,,
1790754274463794376,15.850,map,"nav2_feedback of the target goal (map, AMCL-based estimate)",-6.0585,-1.0037,1.4550,,
1790754274472432595,15.867,map,"nav2_feedback of the target goal (map, AMCL-based estimate)",-6.0702,-0.9977,1.4587,,
1790754274482837186,15.867,map,"nav2_feedback of the target goal (map, AMCL-based estimate)",-6.0702,-0.9977,1.4587,,
1790754274492585739,15.867,map,"nav2_feedback of the target goal (map, AMCL-based estimate)",-6.0702,-0.9977,1.4587,,
1790754274502689508,15.867,map,"nav2_feedback of the target goal (map, AMCL-based estimate)",-6.0702,-0.9977,1.4587,,
1790754274512797707,15.883,map,"nav2_feedback of the target goal (map, AMCL-based estimate)",-6.0820,-0.9916,1.4623,,
1790754274522452743,15.883,map,"nav2_feedback of the target goal (map, AMCL-based estimate)",-6.0820,-0.9916,1.4623,,
1790754274532602705,15.883,map,"nav2_feedback of the target goal (map, AMCL-based estimate)",-6.0820,-0.9916,1.4623,,
1790754274542996737,15.883,map,"nav2_feedback of the target goal (map, AMCL-based estimate)",-6.0820,-0.9916,1.4623,,
1790754274552752266,15.883,map,"nav2_feedback of the target goal (map, AMCL-based estimate)",-6.0820,-0.9916,1.4623,,
1790754274562763837,15.900,map,"nav2_feedback of the target goal (map, AMCL-based estimate)",-6.0937,-0.9855,1.4659,,
1790754274572747315,15.900,map,"nav2_feedback of the target goal (map, AMCL-based estimate)",-6.0937,-0.9855,1.4659,,
1790754274582556579,15.900,map,"nav2_feedback of the target goal (map, AMCL-based estimate)",-6.0937,-0.9855,1.4659,,
1790754274592605199,15.917,map,"nav2_feedback of the target goal (map, AMCL-based estimate)",-6.0937,-0.9858,1.4548,,
1790754274602641847,15.917,map,"nav2_feedback of the target goal (map, AMCL-based estimate)",-6.0937,-0.9858,1.4548,,
1790754274613084146,15.917,map,"nav2_feedback of the target goal (map, AMCL-based estimate)",-6.0937,-0.9858,1.4548,,
1790754274622968827,15.917,map,"nav2_feedback of the target goal (map, AMCL-based estimate)",-6.0937,-0.9858,1.4548,,
1790754274632376776,15.917,map,"nav2_feedback of the target goal (map, AMCL-based estimate)",-6.0937,-0.9858,1.4548,,
1790754274642950113,15.933,map,"nav2_feedback of the target goal (map, AMCL-based estimate)",-6.0937,-0.9860,1.4436,,
1790754274652979596,15.933,map,"nav2_feedback of the target goal (map, AMCL-based estimate)",-6.0937,-0.9860,1.4436,,
1790754274663384940,15.933,map,"nav2_feedback of the target goal (map, AMCL-based estimate)",-6.0937,-0.9860,1.4436,,
1790754274672536941,15.933,map,"nav2_feedback of the target goal (map, AMCL-based estimate)",-6.0937,-0.9860,1.4436,,
1790754274682668143,15.950,map,"nav2_feedback of the target goal (map, AMCL-based estimate)",-6.0938,-0.9862,1.4325,,
1790754274692592984,15.950,map,"nav2_feedback of the target goal (map, AMCL-based estimate)",-6.0938,-0.9862,1.4325,,
1790754274702393104,15.950,map,"nav2_feedback of the target goal (map, AMCL-based estimate)",-6.0938,-0.9862,1.4325,,
1790754274715502635,15.950,map,"nav2_feedback of the target goal (map, AMCL-based estimate)",-6.0938,-0.9862,1.4325,,
1790754274722655791,15.950,map,"nav2_feedback of the target goal (map, AMCL-based estimate)",-6.0938,-0.9862,1.4325,,
1790754274732777377,15.967,map,"nav2_feedback of the target goal (map, AMCL-based estimate)",-6.0938,-0.9865,1.4213,,
1790754274743028964,15.967,map,"nav2_feedback of the target goal (map, AMCL-based estimate)",-6.0938,-0.9865,1.4213,,
1790754274752464441,15.967,map,"nav2_feedback of the target goal (map, AMCL-based estimate)",-6.0938,-0.9865,1.4213,,
1790754274762879306,15.983,map,"nav2_feedback of the target goal (map, AMCL-based estimate)",-6.0938,-0.9867,1.4102,,
1790754274772614661,15.983,map,"nav2_feedback of the target goal (map, AMCL-based estimate)",-6.0938,-0.9867,1.4102,,
1790754274782780367,15.983,map,"nav2_feedback of the target goal (map, AMCL-based estimate)",-6.0938,-0.9867,1.4102,,
1790754274792861511,15.983,map,"nav2_feedback of the target goal (map, AMCL-based estimate)",-6.0938,-0.9867,1.4102,,
1790754274802581311,15.983,map,"nav2_feedback of the target goal (map, AMCL-based estimate)",-6.0938,-0.9867,1.4102,,
1790754274812955451,16.000,map,"nav2_feedback of the target goal (map, AMCL-based estimate)",-6.0939,-0.9870,1.3990,,
1790754274822769429,16.000,map,"nav2_feedback of the target goal (map, AMCL-based estimate)",-6.0939,-0.9870,1.3990,,
1790754274832966150,16.000,map,"nav2_feedback of the target goal (map, AMCL-based estimate)",-6.0939,-0.9870,1.3990,,
1790754274842868083,16.000,map,"nav2_feedback of the target goal (map, AMCL-based estimate)",-6.0939,-0.9870,1.3990,,
1790754274852558093,16.017,map,"nav2_feedback of the target goal (map, AMCL-based estimate)",-6.0939,-0.9872,1.3879,,
1790754274863087970,16.017,map,"nav2_feedback of the target goal (map, AMCL-based estimate)",-6.0939,-0.9872,1.3879,,
1790754274872519581,16.017,map,"nav2_feedback of the target goal (map, AMCL-based estimate)",-6.0939,-0.9872,1.3879,,
1790754274882833954,16.017,map,"nav2_feedback of the target goal (map, AMCL-based estimate)",-6.0939,-0.9872,1.3879,,
1790754274892820920,16.017,map,"nav2_feedback of the target goal (map, AMCL-based estimate)",-6.0939,-0.9872,1.3879,,
1790754274902695420,16.017,map,"nav2_feedback of the target goal (map, AMCL-based estimate)",-6.0939,-0.9872,1.3879,,
1790754274912969161,16.033,map,"nav2_feedback of the target goal (map, AMCL-based estimate)",-6.0940,-0.9875,1.3767,,
1790754274922762304,16.033,map,"nav2_feedback of the target goal (map, AMCL-based estimate)",-6.0940,-0.9875,1.3767,,
1790754274932874652,16.033,map,"nav2_feedback of the target goal (map, AMCL-based estimate)",-6.0940,-0.9875,1.3767,,
1790754274942816085,16.033,map,"nav2_feedback of the target goal (map, AMCL-based estimate)",-6.0940,-0.9875,1.3767,,
1790754274952899869,16.050,map,"nav2_feedback of the target goal (map, AMCL-based estimate)",-6.0940,-0.9877,1.3656,,
1790754274962949903,16.050,map,"nav2_feedback of the target goal (map, AMCL-based estimate)",-6.0940,-0.9877,1.3656,,
1790754274972553560,16.050,map,"nav2_feedback of the target goal (map, AMCL-based estimate)",-6.0940,-0.9877,1.3656,,
1790754274982908186,16.050,map,"nav2_feedback of the target goal (map, AMCL-based estimate)",-6.0940,-0.9877,1.3656,,
1790754274992724143,16.067,map,"nav2_feedback of the target goal (map, AMCL-based estimate)",-6.0941,-0.9879,1.3545,,
1790754275002770501,16.067,map,"nav2_feedback of the target goal (map, AMCL-based estimate)",-6.0941,-0.9879,1.3545,,
1790754275012837221,16.067,map,"nav2_feedback of the target goal (map, AMCL-based estimate)",-6.0941,-0.9879,1.3545,,
1790754275022887066,16.067,map,"nav2_feedback of the target goal (map, AMCL-based estimate)",-6.0941,-0.9879,1.3545,,
1790754275032399280,16.083,map,"nav2_feedback of the target goal (map, AMCL-based estimate)",-6.0941,-0.9882,1.3433,,
1790754275042672361,16.083,map,"nav2_feedback of the target goal (map, AMCL-based estimate)",-6.0941,-0.9882,1.3433,,
1790754275053174428,16.083,map,"nav2_feedback of the target goal (map, AMCL-based estimate)",-6.0941,-0.9882,1.3433,,
1790754275063099835,16.083,map,"nav2_feedback of the target goal (map, AMCL-based estimate)",-6.0941,-0.9882,1.3433,,
1790754275072664087,16.083,map,"nav2_feedback of the target goal (map, AMCL-based estimate)",-6.0941,-0.9882,1.3433,,
1790754275082663403,16.100,map,"nav2_feedback of the target goal (map, AMCL-based estimate)",-6.0942,-0.9884,1.3322,,
1790754275092684401,16.100,map,"nav2_feedback of the target goal (map, AMCL-based estimate)",-6.0942,-0.9884,1.3322,,
1790754275102537973,16.100,map,"nav2_feedback of the target goal (map, AMCL-based estimate)",-6.0942,-0.9884,1.3322,,
1790754275113070018,16.117,map,"nav2_feedback of the target goal (map, AMCL-based estimate)",-6.0942,-0.9887,1.3210,,
1790754275122552065,16.117,map,"nav2_feedback of the target goal (map, AMCL-based estimate)",-6.0942,-0.9887,1.3210,,
1790754275132595877,16.117,map,"nav2_feedback of the target goal (map, AMCL-based estimate)",-6.0942,-0.9887,1.3210,,
1790754275142436345,16.117,map,"nav2_feedback of the target goal (map, AMCL-based estimate)",-6.0942,-0.9887,1.3210,,
1790754275152735162,16.117,map,"nav2_feedback of the target goal (map, AMCL-based estimate)",-6.0942,-0.9887,1.3210,,
1790754275162925284,16.133,map,"nav2_feedback of the target goal (map, AMCL-based estimate)",-6.0943,-0.9889,1.3099,,
1790754275172934216,16.133,map,"nav2_feedback of the target goal (map, AMCL-based estimate)",-6.0943,-0.9889,1.3099,,
1790754275182525618,16.133,map,"nav2_feedback of the target goal (map, AMCL-based estimate)",-6.0943,-0.9889,1.3099,,
1790754275192788517,16.133,map,"nav2_feedback of the target goal (map, AMCL-based estimate)",-6.0943,-0.9889,1.3099,,
1790754275202755404,16.150,map,"nav2_feedback of the target goal (map, AMCL-based estimate)",-6.0944,-0.9891,1.2987,,
1790754275213877120,16.150,map,"nav2_feedback of the target goal (map, AMCL-based estimate)",-6.0944,-0.9891,1.2987,,
1790754275222336317,16.150,map,"nav2_feedback of the target goal (map, AMCL-based estimate)",-6.0944,-0.9891,1.2987,,
1790754275232532661,16.150,map,"nav2_feedback of the target goal (map, AMCL-based estimate)",-6.0944,-0.9891,1.2987,,
1790754275242438836,16.150,map,"nav2_feedback of the target goal (map, AMCL-based estimate)",-6.0944,-0.9891,1.2987,,
1790754275252399878,16.150,map,"nav2_feedback of the target goal (map, AMCL-based estimate)",-6.0944,-0.9891,1.2987,,
1790754275264070350,16.150,map,"nav2_feedback of the target goal (map, AMCL-based estimate)",-6.0944,-0.9891,1.2987,,
1790754275272838853,16.150,map,"nav2_feedback of the target goal (map, AMCL-based estimate)",-6.0944,-0.9891,1.2987,,
1790754275282619270,16.150,map,"nav2_feedback of the target goal (map, AMCL-based estimate)",-6.0944,-0.9891,1.2987,,
1790754275292940524,16.167,map,"nav2_feedback of the target goal (map, AMCL-based estimate)",-6.0944,-0.9894,1.2876,,
1790754275302629497,16.167,map,"nav2_feedback of the target goal (map, AMCL-based estimate)",-6.0944,-0.9894,1.2876,,
1790754275315348366,16.167,map,"nav2_feedback of the target goal (map, AMCL-based estimate)",-6.0944,-0.9894,1.2876,,
1790754275322687709,16.167,map,"nav2_feedback of the target goal (map, AMCL-based estimate)",-6.0944,-0.9894,1.2876,,
1790754275332477647,16.183,map,"nav2_feedback of the target goal (map, AMCL-based estimate)",-6.0945,-0.9896,1.2764,,
1790754275342767131,16.183,map,"nav2_feedback of the target goal (map, AMCL-based estimate)",-6.0945,-0.9896,1.2764,,
1790754275352587708,16.183,map,"nav2_feedback of the target goal (map, AMCL-based estimate)",-6.0945,-0.9896,1.2764,,
1790754275363083742,16.183,map,"nav2_feedback of the target goal (map, AMCL-based estimate)",-6.0945,-0.9896,1.2764,,
1790754275373112093,16.200,map,"nav2_feedback of the target goal (map, AMCL-based estimate)",-6.0946,-0.9899,1.2653,,
1790754275383163164,16.200,map,"nav2_feedback of the target goal (map, AMCL-based estimate)",-6.0946,-0.9899,1.2653,,
1790754275392572527,16.200,map,"nav2_feedback of the target goal (map, AMCL-based estimate)",-6.0946,-0.9899,1.2653,,
1790754275402551763,16.200,map,"nav2_feedback of the target goal (map, AMCL-based estimate)",-6.0946,-0.9899,1.2653,,
1790754275412690790,16.217,map,"nav2_feedback of the target goal (map, AMCL-based estimate)",-6.0947,-0.9901,1.2541,,
1790754275422857815,16.217,map,"nav2_feedback of the target goal (map, AMCL-based estimate)",-6.0947,-0.9901,1.2541,,
1790754275432726848,16.217,map,"nav2_feedback of the target goal (map, AMCL-based estimate)",-6.0947,-0.9901,1.2541,,
1790754275442526590,16.217,map,"nav2_feedback of the target goal (map, AMCL-based estimate)",-6.0947,-0.9901,1.2541,,
1790754275452616878,16.233,map,"nav2_feedback of the target goal (map, AMCL-based estimate)",-6.0947,-0.9903,1.2430,,
1790754275462791162,16.233,map,"nav2_feedback of the target goal (map, AMCL-based estimate)",-6.0947,-0.9903,1.2430,,
1790754275472741363,16.233,map,"nav2_feedback of the target goal (map, AMCL-based estimate)",-6.0947,-0.9903,1.2430,,
1790754275482605398,16.233,map,"nav2_feedback of the target goal (map, AMCL-based estimate)",-6.0947,-0.9903,1.2430,,
1790754275492563706,16.250,map,"nav2_feedback of the target goal (map, AMCL-based estimate)",-6.0948,-0.9906,1.2319,,
1790754275502277096,16.250,map,"nav2_feedback of the target goal (map, AMCL-based estimate)",-6.0948,-0.9906,1.2319,,
1790754275512746639,16.250,map,"nav2_feedback of the target goal (map, AMCL-based estimate)",-6.0948,-0.9906,1.2319,,
1790754275522569384,16.250,map,"nav2_feedback of the target goal (map, AMCL-based estimate)",-6.0948,-0.9906,1.2319,,
1790754275534020014,16.267,map,"nav2_feedback of the target goal (map, AMCL-based estimate)",-6.0949,-0.9906,1.2207,,
1790754275542746849,16.267,map,"nav2_feedback of the target goal (map, AMCL-based estimate)",-6.0949,-0.9906,1.2207,,
1790754275552522175,16.267,map,"nav2_feedback of the target goal (map, AMCL-based estimate)",-6.0949,-0.9906,1.2207,,
1790754275562588424,16.267,map,"nav2_feedback of the target goal (map, AMCL-based estimate)",-6.0949,-0.9906,1.2207,,
1790754275572379776,16.283,map,"nav2_feedback of the target goal (map, AMCL-based estimate)",-6.0948,-0.9904,1.2097,,
1790754275582761930,16.283,map,"nav2_feedback of the target goal (map, AMCL-based estimate)",-6.0948,-0.9904,1.2097,,
1790754275592479373,16.283,map,"nav2_feedback of the target goal (map, AMCL-based estimate)",-6.0948,-0.9904,1.2097,,
1790754275602566550,16.283,map,"nav2_feedback of the target goal (map, AMCL-based estimate)",-6.0948,-0.9904,1.2097,,
1790754275612850850,16.283,map,"nav2_feedback of the target goal (map, AMCL-based estimate)",-6.0948,-0.9904,1.2097,,
1790754275622728744,16.300,map,"nav2_feedback of the target goal (map, AMCL-based estimate)",-6.0945,-0.9898,1.1987,,
1790754275633608558,16.300,map,"nav2_feedback of the target goal (map, AMCL-based estimate)",-6.0945,-0.9898,1.1987,,
1790754275642794968,16.300,map,"nav2_feedback of the target goal (map, AMCL-based estimate)",-6.0945,-0.9898,1.1987,,
1790754275652708874,16.300,map,"nav2_feedback of the target goal (map, AMCL-based estimate)",-6.0945,-0.9898,1.1987,,
1790754275663274858,16.317,map,"nav2_feedback of the target goal (map, AMCL-based estimate)",-6.0942,-0.9890,1.1877,,
1790754275672929327,16.317,map,"nav2_feedback of the target goal (map, AMCL-based estimate)",-6.0942,-0.9890,1.1877,,
1790754275683065431,16.317,map,"nav2_feedback of the target goal (map, AMCL-based estimate)",-6.0942,-0.9890,1.1877,,
1790754275692787400,16.317,map,"nav2_feedback of the target goal (map, AMCL-based estimate)",-6.0942,-0.9890,1.1877,,
1790754275702657752,16.317,map,"nav2_feedback of the target goal (map, AMCL-based estimate)",-6.0942,-0.9890,1.1877,,
1790754275712783297,16.333,map,"nav2_feedback of the target goal (map, AMCL-based estimate)",-6.0938,-0.9880,1.1766,,
1790754275722681083,16.333,map,"nav2_feedback of the target goal (map, AMCL-based estimate)",-6.0938,-0.9880,1.1766,,
1790754275732610166,16.333,map,"nav2_feedback of the target goal (map, AMCL-based estimate)",-6.0938,-0.9880,1.1766,,
1790754275742406138,16.350,map,"nav2_feedback of the target goal (map, AMCL-based estimate)",-6.0934,-0.9871,1.1655,,
1790754275752625672,16.350,map,"nav2_feedback of the target goal (map, AMCL-based estimate)",-6.0934,-0.9871,1.1655,,
1790754275763276595,16.350,map,"nav2_feedback of the target goal (map, AMCL-based estimate)",-6.0934,-0.9871,1.1655,,
1790754275772627321,16.350,map,"nav2_feedback of the target goal (map, AMCL-based estimate)",-6.0934,-0.9871,1.1655,,
1790754275783109025,16.350,map,"nav2_feedback of the target goal (map, AMCL-based estimate)",-6.0934,-0.9871,1.1655,,
1790754275792485205,16.367,map,"nav2_feedback of the target goal (map, AMCL-based estimate)",-6.0930,-0.9861,1.1542,,
1790754275802922130,16.367,map,"nav2_feedback of the target goal (map, AMCL-based estimate)",-6.0930,-0.9861,1.1542,,
1790754275813104239,16.367,map,"nav2_feedback of the target goal (map, AMCL-based estimate)",-6.0930,-0.9861,1.1542,,
1790754275822744568,16.367,map,"nav2_feedback of the target goal (map, AMCL-based estimate)",-6.0930,-0.9861,1.1542,,
1790754275832629721,16.383,map,"nav2_feedback of the target goal (map, AMCL-based estimate)",-6.0926,-0.9852,1.1429,,
1790754275842493379,16.383,map,"nav2_feedback of the target goal (map, AMCL-based estimate)",-6.0926,-0.9852,1.1429,,
1790754275852701696,16.383,map,"nav2_feedback of the target goal (map, AMCL-based estimate)",-6.0926,-0.9852,1.1429,,
1790754275862932072,16.383,map,"nav2_feedback of the target goal (map, AMCL-based estimate)",-6.0926,-0.9852,1.1429,,
1790754275872726724,16.383,map,"nav2_feedback of the target goal (map, AMCL-based estimate)",-6.0926,-0.9852,1.1429,,
1790754275882767519,16.400,map,"nav2_feedback of the target goal (map, AMCL-based estimate)",-6.0923,-0.9846,1.1315,,
1790754275892591961,16.400,map,"nav2_feedback of the target goal (map, AMCL-based estimate)",-6.0923,-0.9846,1.1315,,
1790754275902724483,16.400,map,"nav2_feedback of the target goal (map, AMCL-based estimate)",-6.0923,-0.9846,1.1315,,
1790754275912782813,16.400,map,"nav2_feedback of the target goal (map, AMCL-based estimate)",-6.0923,-0.9846,1.1315,,
1790754275922591322,16.417,map,"nav2_feedback of the target goal (map, AMCL-based estimate)",-6.0920,-0.9841,1.1201,,
1790754275932785121,16.417,map,"nav2_feedback of the target goal (map, AMCL-based estimate)",-6.0920,-0.9841,1.1201,,
1790754275942553282,16.417,map,"nav2_feedback of the target goal (map, AMCL-based estimate)",-6.0920,-0.9841,1.1201,,
1790754275952963812,16.417,map,"nav2_feedback of the target goal (map, AMCL-based estimate)",-6.0920,-0.9841,1.1201,,
1790754275962533154,16.433,map,"nav2_feedback of the target goal (map, AMCL-based estimate)",-6.0918,-0.9836,1.1086,,
1790754275973332272,16.433,map,"nav2_feedback of the target goal (map, AMCL-based estimate)",-6.0918,-0.9836,1.1086,,
1790754275982537065,16.433,map,"nav2_feedback of the target goal (map, AMCL-based estimate)",-6.0918,-0.9836,1.1086,,
1790754275992884621,16.433,map,"nav2_feedback of the target goal (map, AMCL-based estimate)",-6.0918,-0.9836,1.1086,,
1790754276002518256,16.450,map,"nav2_feedback of the target goal (map, AMCL-based estimate)",-6.0916,-0.9832,1.0971,,
1790754276012797842,16.450,map,"nav2_feedback of the target goal (map, AMCL-based estimate)",-6.0916,-0.9832,1.0971,,
1790754276022699210,16.450,map,"nav2_feedback of the target goal (map, AMCL-based estimate)",-6.0916,-0.9832,1.0971,,
1790754276032933734,16.450,map,"nav2_feedback of the target goal (map, AMCL-based estimate)",-6.0916,-0.9832,1.0971,,
1790754276042847262,16.450,map,"nav2_feedback of the target goal (map, AMCL-based estimate)",-6.0916,-0.9832,1.0971,,
1790754276052441492,16.467,map,"nav2_feedback of the target goal (map, AMCL-based estimate)",-6.0913,-0.9826,1.0856,,
1790754276063221096,16.467,map,"nav2_feedback of the target goal (map, AMCL-based estimate)",-6.0913,-0.9826,1.0856,,
1790754276072485657,16.467,map,"nav2_feedback of the target goal (map, AMCL-based estimate)",-6.0913,-0.9826,1.0856,,
1790754276083694857,16.483,map,"nav2_feedback of the target goal (map, AMCL-based estimate)",-6.0908,-0.9818,1.0741,,
1790754276092780491,16.483,map,"nav2_feedback of the target goal (map, AMCL-based estimate)",-6.0908,-0.9818,1.0741,,
1790754276102449384,16.483,map,"nav2_feedback of the target goal (map, AMCL-based estimate)",-6.0908,-0.9818,1.0741,,
1790754276112964178,16.483,map,"nav2_feedback of the target goal (map, AMCL-based estimate)",-6.0908,-0.9818,1.0741,,
1790754276122720084,16.483,map,"nav2_feedback of the target goal (map, AMCL-based estimate)",-6.0908,-0.9818,1.0741,,
1790754276132721380,16.500,map,"nav2_feedback of the target goal (map, AMCL-based estimate)",-6.0902,-0.9805,1.0626,,
1790754276143274825,16.500,map,"nav2_feedback of the target goal (map, AMCL-based estimate)",-6.0902,-0.9805,1.0626,,
1790754276152708039,16.500,map,"nav2_feedback of the target goal (map, AMCL-based estimate)",-6.0902,-0.9805,1.0626,,
1790754276162956327,16.517,map,"nav2_feedback of the target goal (map, AMCL-based estimate)",-6.0892,-0.9789,1.0511,,
1790754276172518127,16.517,map,"nav2_feedback of the target goal (map, AMCL-based estimate)",-6.0892,-0.9789,1.0511,,
1790754276182507167,16.517,map,"nav2_feedback of the target goal (map, AMCL-based estimate)",-6.0892,-0.9789,1.0511,,
1790754276192539855,16.517,map,"nav2_feedback of the target goal (map, AMCL-based estimate)",-6.0892,-0.9789,1.0511,,
1790754276202627598,16.517,map,"nav2_feedback of the target goal (map, AMCL-based estimate)",-6.0892,-0.9789,1.0511,,
1790754276212668865,16.517,map,"nav2_feedback of the target goal (map, AMCL-based estimate)",-6.0892,-0.9789,1.0511,,
1790754276222510747,16.517,map,"nav2_feedback of the target goal (map, AMCL-based estimate)",-6.0892,-0.9789,1.0511,,
1790754276232620172,16.533,map,"nav2_feedback of the target goal (map, AMCL-based estimate)",-6.0881,-0.9769,1.0396,,
1790754276243003929,16.533,map,"nav2_feedback of the target goal (map, AMCL-based estimate)",-6.0881,-0.9769,1.0396,,
1790754276252493423,16.533,map,"nav2_feedback of the target goal (map, AMCL-based estimate)",-6.0881,-0.9769,1.0396,,
1790754276262773857,16.550,map,"nav2_feedback of the target goal (map, AMCL-based estimate)",-6.0865,-0.9744,1.0279,,
1790754276272754130,16.550,map,"nav2_feedback of the target goal (map, AMCL-based estimate)",-6.0865,-0.9744,1.0279,,
1790754276282357221,16.550,map,"nav2_feedback of the target goal (map, AMCL-based estimate)",-6.0865,-0.9744,1.0279,,
1790754276292549983,16.550,map,"nav2_feedback of the target goal (map, AMCL-based estimate)",-6.0865,-0.9744,1.0279,,
1790754276302382626,16.550,map,"nav2_feedback of the target goal (map, AMCL-based estimate)",-6.0865,-0.9744,1.0279,,
1790754276312931924,16.567,map,"nav2_feedback of the target goal (map, AMCL-based estimate)",-6.0847,-0.9713,1.0159,,
1790754276322886932,16.567,map,"nav2_feedback of the target goal (map, AMCL-based estimate)",-6.0847,-0.9713,1.0159,,
1790754276332559690,16.567,map,"nav2_feedback of the target goal (map, AMCL-based estimate)",-6.0847,-0.9713,1.0159,,
1790754276342492167,16.583,map,"nav2_feedback of the target goal (map, AMCL-based estimate)",-6.0824,-0.9679,1.0038,,
1790754276352781275,16.583,map,"nav2_feedback of the target goal (map, AMCL-based estimate)",-6.0824,-0.9679,1.0038,,
1790754276362568385,16.583,map,"nav2_feedback of the target goal (map, AMCL-based estimate)",-6.0824,-0.9679,1.0038,,
1790754276372428461,16.583,map,"nav2_feedback of the target goal (map, AMCL-based estimate)",-6.0824,-0.9679,1.0038,,
1790754276382497727,16.583,map,"nav2_feedback of the target goal (map, AMCL-based estimate)",-6.0824,-0.9679,1.0038,,
1790754276392795978,16.600,map,"nav2_feedback of the target goal (map, AMCL-based estimate)",-6.0799,-0.9640,0.9914,,
1790754276402549811,16.600,map,"nav2_feedback of the target goal (map, AMCL-based estimate)",-6.0799,-0.9640,0.9914,,
1790754276412665741,16.600,map,"nav2_feedback of the target goal (map, AMCL-based estimate)",-6.0799,-0.9640,0.9914,,
1790754276423114450,16.600,map,"nav2_feedback of the target goal (map, AMCL-based estimate)",-6.0799,-0.9640,0.9914,,
1790754276433956933,16.617,map,"nav2_feedback of the target goal (map, AMCL-based estimate)",-6.0770,-0.9597,0.9787,,
1790754276442627488,16.617,map,"nav2_feedback of the target goal (map, AMCL-based estimate)",-6.0770,-0.9597,0.9787,,
1790754276452486056,16.617,map,"nav2_feedback of the target goal (map, AMCL-based estimate)",-6.0770,-0.9597,0.9787,,
1790754276462971626,16.617,map,"nav2_feedback of the target goal (map, AMCL-based estimate)",-6.0770,-0.9597,0.9787,,
1790754276472667104,16.633,map,"nav2_feedback of the target goal (map, AMCL-based estimate)",-6.0737,-0.9549,0.9656,,
1790754276482569791,16.633,map,"nav2_feedback of the target goal (map, AMCL-based estimate)",-6.0737,-0.9549,0.9656,,
1790754276493110887,16.633,map,"nav2_feedback of the target goal (map, AMCL-based estimate)",-6.0737,-0.9549,0.9656,,
1790754276502488103,16.633,map,"nav2_feedback of the target goal (map, AMCL-based estimate)",-6.0737,-0.9549,0.9656,,
1790754276512731206,16.650,map,"nav2_feedback of the target goal (map, AMCL-based estimate)",-6.0701,-0.9498,0.9523,,
1790754276522627577,16.650,map,"nav2_feedback of the target goal (map, AMCL-based estimate)",-6.0701,-0.9498,0.9523,,
1790754276532607567,16.650,map,"nav2_feedback of the target goal (map, AMCL-based estimate)",-6.0701,-0.9498,0.9523,,
1790754276542547680,16.650,map,"nav2_feedback of the target goal (map, AMCL-based estimate)",-6.0701,-0.9498,0.9523,,
1790754276552856962,16.650,map,"nav2_feedback of the target goal (map, AMCL-based estimate)",-6.0701,-0.9498,0.9523,,
1790754276562893892,16.667,map,"nav2_feedback of the target goal (map, AMCL-based estimate)",-6.0661,-0.9444,0.9386,,
1790754276572751423,16.667,map,"nav2_feedback of the target goal (map, AMCL-based estimate)",-6.0661,-0.9444,0.9386,,
1790754276582669099,16.667,map,"nav2_feedback of the target goal (map, AMCL-based estimate)",-6.0661,-0.9444,0.9386,,
1790754276592779090,16.683,map,"nav2_feedback of the target goal (map, AMCL-based estimate)",-6.0616,-0.9385,0.9246,,
1790754276602624649,16.683,map,"nav2_feedback of the target goal (map, AMCL-based estimate)",-6.0616,-0.9385,0.9246,,
1790754276614781281,16.683,map,"nav2_feedback of the target goal (map, AMCL-based estimate)",-6.0616,-0.9385,0.9246,,
1790754276622523918,16.683,map,"nav2_feedback of the target goal (map, AMCL-based estimate)",-6.0616,-0.9385,0.9246,,
1790754276632936333,16.683,map,"nav2_feedback of the target goal (map, AMCL-based estimate)",-6.0616,-0.9385,0.9246,,
1790754276642839869,16.683,map,"nav2_feedback of the target goal (map, AMCL-based estimate)",-6.0616,-0.9385,0.9246,,
1790754276652408457,16.683,map,"nav2_feedback of the target goal (map, AMCL-based estimate)",-6.0616,-0.9385,0.9246,,
1790754276663127726,16.683,map,"nav2_feedback of the target goal (map, AMCL-based estimate)",-6.0616,-0.9385,0.9246,,
1790754276672861761,16.683,map,"nav2_feedback of the target goal (map, AMCL-based estimate)",-6.0616,-0.9385,0.9246,,
1790754276682995603,16.683,map,"nav2_feedback of the target goal (map, AMCL-based estimate)",-6.0616,-0.9385,0.9246,,
1790754276692875571,16.700,map,"nav2_feedback of the target goal (map, AMCL-based estimate)",-6.0568,-0.9324,0.9102,,
1790754276703390365,16.700,map,"nav2_feedback of the target goal (map, AMCL-based estimate)",-6.0516,-0.9259,0.8954,,
1790754276712852332,16.700,map,"nav2_feedback of the target goal (map, AMCL-based estimate)",-6.0516,-0.9259,0.8954,,
1790754276722427801,16.700,map,"nav2_feedback of the target goal (map, AMCL-based estimate)",-6.0516,-0.9259,0.8954,,
1790754276732601049,16.700,map,"nav2_feedback of the target goal (map, AMCL-based estimate)",-6.0516,-0.9259,0.8954,,
1790754276743357461,16.717,map,"nav2_feedback of the target goal (map, AMCL-based estimate)",-6.0550,-0.9218,0.8880,,
1790754276752652190,16.717,map,"nav2_feedback of the target goal (map, AMCL-based estimate)",-6.0550,-0.9218,0.8880,,
1790754276762669417,16.717,map,"nav2_feedback of the target goal (map, AMCL-based estimate)",-6.0550,-0.9218,0.8880,,
1790754276772601989,16.717,map,"nav2_feedback of the target goal (map, AMCL-based estimate)",-6.0550,-0.9218,0.8880,,
1790754276783094063,16.717,map,"nav2_feedback of the target goal (map, AMCL-based estimate)",-6.0550,-0.9218,0.8880,,
1790754276792538778,16.717,map,"nav2_feedback of the target goal (map, AMCL-based estimate)",-6.0550,-0.9218,0.8880,,
1790754276802753411,16.733,map,"nav2_feedback of the target goal (map, AMCL-based estimate)",-6.0527,-0.9110,0.8655,,
1790754276813417060,16.733,map,"nav2_feedback of the target goal (map, AMCL-based estimate)",-6.0527,-0.9110,0.8655,,
1790754276822722535,16.733,map,"nav2_feedback of the target goal (map, AMCL-based estimate)",-6.0527,-0.9110,0.8655,,
1790754276832545846,16.733,map,"nav2_feedback of the target goal (map, AMCL-based estimate)",-6.0527,-0.9110,0.8655,,
1790754276842717396,16.750,map,"nav2_feedback of the target goal (map, AMCL-based estimate)",-6.0498,-0.9000,0.8426,,
1790754276852500170,16.750,map,"nav2_feedback of the target goal (map, AMCL-based estimate)",-6.0498,-0.9000,0.8426,,
1790754276864302245,16.750,map,"nav2_feedback of the target goal (map, AMCL-based estimate)",-6.0498,-0.9000,0.8426,,
1790754276872460998,16.750,map,"nav2_feedback of the target goal (map, AMCL-based estimate)",-6.0498,-0.9000,0.8426,,
1790754276882805066,16.750,map,"nav2_feedback of the target goal (map, AMCL-based estimate)",-6.0498,-0.9000,0.8426,,
1790754276892624700,16.767,map,"nav2_feedback of the target goal (map, AMCL-based estimate)",-6.0464,-0.8888,0.8194,,
1790754276902450933,16.767,map,"nav2_feedback of the target goal (map, AMCL-based estimate)",-6.0464,-0.8888,0.8194,,
1790754276912649445,16.767,map,"nav2_feedback of the target goal (map, AMCL-based estimate)",-6.0464,-0.8888,0.8194,,
1790754276922539500,16.767,map,"nav2_feedback of the target goal (map, AMCL-based estimate)",-6.0464,-0.8888,0.8194,,
1790754276932780529,16.783,map,"nav2_feedback of the target goal (map, AMCL-based estimate)",-6.0424,-0.8775,0.7957,,
1790754276942588190,16.783,map,"nav2_feedback of the target goal (map, AMCL-based estimate)",-6.0424,-0.8775,0.7957,,
1790754276952847319,16.783,map,"nav2_feedback of the target goal (map, AMCL-based estimate)",-6.0424,-0.8775,0.7957,,
1790754276963088348,16.783,map,"nav2_feedback of the target goal (map, AMCL-based estimate)",-6.0424,-0.8775,0.7957,,
1790754276972520901,16.800,map,"nav2_feedback of the target goal (map, AMCL-based estimate)",-6.0379,-0.8661,0.7716,,
1790754276985087521,16.800,map,"nav2_feedback of the target goal (map, AMCL-based estimate)",-6.0379,-0.8661,0.7716,,
1790754276992941588,16.800,map,"nav2_feedback of the target goal (map, AMCL-based estimate)",-6.0379,-0.8661,0.7716,,
1790754277002403083,16.800,map,"nav2_feedback of the target goal (map, AMCL-based estimate)",-6.0379,-0.8661,0.7716,,
1790754277012900531,16.817,map,"nav2_feedback of the target goal (map, AMCL-based estimate)",-6.0296,-0.8583,0.7544,,
1790754277022559432,16.817,map,"nav2_feedback of the target goal (map, AMCL-based estimate)",-6.0296,-0.8583,0.7544,,
1790754277034871423,16.817,map,"nav2_feedback of the target goal (map, AMCL-based estimate)",-6.0296,-0.8583,0.7544,,
1790754277042685425,16.817,map,"nav2_feedback of the target goal (map, AMCL-based estimate)",-6.0296,-0.8583,0.7544,,
1790754277052629874,16.817,map,"nav2_feedback of the target goal (map, AMCL-based estimate)",-6.0296,-0.8583,0.7544,,
1790754277062528791,16.833,map,"nav2_feedback of the target goal (map, AMCL-based estimate)",-6.0208,-0.8504,0.7368,,
1790754277072831002,16.833,map,"nav2_feedback of the target goal (map, AMCL-based estimate)",-6.0208,-0.8504,0.7368,,
1790754277082793740,16.833,map,"nav2_feedback of the target goal (map, AMCL-based estimate)",-6.0208,-0.8504,0.7368,,
1790754277092930976,16.833,map,"nav2_feedback of the target goal (map, AMCL-based estimate)",-6.0208,-0.8504,0.7368,,
1790754277102593930,16.850,map,"nav2_feedback of the target goal (map, AMCL-based estimate)",-6.0117,-0.8425,0.7190,,
1790754277112937903,16.850,map,"nav2_feedback of the target goal (map, AMCL-based estimate)",-6.0117,-0.8425,0.7190,,
1790754277122558624,16.850,map,"nav2_feedback of the target goal (map, AMCL-based estimate)",-6.0117,-0.8425,0.7190,,
1790754277132916172,16.850,map,"nav2_feedback of the target goal (map, AMCL-based estimate)",-6.0117,-0.8425,0.7190,,
1790754277143893370,16.850,map,"nav2_feedback of the target goal (map, AMCL-based estimate)",-6.0117,-0.8425,0.7190,,
1790754277153139360,16.867,map,"nav2_feedback of the target goal (map, AMCL-based estimate)",-6.0022,-0.8345,0.7013,,
1790754277163039784,16.867,map,"nav2_feedback of the target goal (map, AMCL-based estimate)",-6.0022,-0.8345,0.7013,,
1790754277172547001,16.867,map,"nav2_feedback of the target goal (map, AMCL-based estimate)",-6.0022,-0.8345,0.7013,,
1790754277182573185,16.867,map,"nav2_feedback of the target goal (map, AMCL-based estimate)",-6.0022,-0.8345,0.7013,,
1790754277193720920,16.883,map,"nav2_feedback of the target goal (map, AMCL-based estimate)",-5.9925,-0.8266,0.6836,,
1790754277202681077,16.883,map,"nav2_feedback of the target goal (map, AMCL-based estimate)",-5.9925,-0.8266,0.6836,,
1790754277212805492,16.883,map,"nav2_feedback of the target goal (map, AMCL-based estimate)",-5.9925,-0.8266,0.6836,,
1790754277222646525,16.883,map,"nav2_feedback of the target goal (map, AMCL-based estimate)",-5.9925,-0.8266,0.6836,,
1790754277232566559,16.883,map,"nav2_feedback of the target goal (map, AMCL-based estimate)",-5.9925,-0.8266,0.6836,,
1790754277242534388,16.900,map,"nav2_feedback of the target goal (map, AMCL-based estimate)",-5.9826,-0.8188,0.6661,,
1790754277253008174,16.900,map,"nav2_feedback of the target goal (map, AMCL-based estimate)",-5.9826,-0.8188,0.6661,,
1790754277262704500,16.900,map,"nav2_feedback of the target goal (map, AMCL-based estimate)",-5.9826,-0.8188,0.6661,,
1790754277272604265,16.917,map,"nav2_feedback of the target goal (map, AMCL-based estimate)",-5.9725,-0.8112,0.6488,,
1790754277282616402,16.917,map,"nav2_feedback of the target goal (map, AMCL-based estimate)",-5.9725,-0.8112,0.6488,,
1790754277295275973,16.917,map,"nav2_feedback of the target goal (map, AMCL-based estimate)",-5.9725,-0.8112,0.6488,,
1790754277302630117,16.917,map,"nav2_feedback of the target goal (map, AMCL-based estimate)",-5.9725,-0.8112,0.6488,,
1790754277313067702,16.917,map,"nav2_feedback of the target goal (map, AMCL-based estimate)",-5.9725,-0.8112,0.6488,,
1790754277322473766,16.917,map,"nav2_feedback of the target goal (map, AMCL-based estimate)",-5.9725,-0.8112,0.6488,,
1790754277332691321,16.933,map,"nav2_feedback of the target goal (map, AMCL-based estimate)",-5.9622,-0.8037,0.6317,,
1790754277342626249,16.933,map,"nav2_feedback of the target goal (map, AMCL-based estimate)",-5.9622,-0.8037,0.6317,,
1790754277352515173,16.933,map,"nav2_feedback of the target goal (map, AMCL-based estimate)",-5.9622,-0.8037,0.6317,,
1790754277362806731,16.950,map,"nav2_feedback of the target goal (map, AMCL-based estimate)",-5.9517,-0.7963,0.6148,,
1790754277372681702,16.950,map,"nav2_feedback of the target goal (map, AMCL-based estimate)",-5.9517,-0.7963,0.6148,,
1790754277382460705,16.950,map,"nav2_feedback of the target goal (map, AMCL-based estimate)",-5.9517,-0.7963,0.6148,,
1790754277392440601,16.950,map,"nav2_feedback of the target goal (map, AMCL-based estimate)",-5.9517,-0.7963,0.6148,,
1790754277402708497,16.950,map,"nav2_feedback of the target goal (map, AMCL-based estimate)",-5.9517,-0.7963,0.6148,,
1790754277413000998,16.967,map,"nav2_feedback of the target goal (map, AMCL-based estimate)",-5.9411,-0.7891,0.5980,,
1790754277422546301,16.967,map,"nav2_feedback of the target goal (map, AMCL-based estimate)",-5.9411,-0.7891,0.5980,,
1790754277432722377,16.967,map,"nav2_feedback of the target goal (map, AMCL-based estimate)",-5.9411,-0.7891,0.5980,,
1790754277442879315,16.967,map,"nav2_feedback of the target goal (map, AMCL-based estimate)",-5.9411,-0.7891,0.5980,,
1790754277452874106,16.983,map,"nav2_feedback of the target goal (map, AMCL-based estimate)",-5.9304,-0.7821,0.5814,,
1790754277462977215,16.983,map,"nav2_feedback of the target goal (map, AMCL-based estimate)",-5.9304,-0.7821,0.5814,,
1790754277472364707,16.983,map,"nav2_feedback of the target goal (map, AMCL-based estimate)",-5.9304,-0.7821,0.5814,,
1790754277482658905,16.983,map,"nav2_feedback of the target goal (map, AMCL-based estimate)",-5.9304,-0.7821,0.5814,,
1790754277492533876,16.983,map,"nav2_feedback of the target goal (map, AMCL-based estimate)",-5.9304,-0.7821,0.5814,,
1790754277503708290,17.000,map,"nav2_feedback of the target goal (map, AMCL-based estimate)",-5.9195,-0.7752,0.5649,,
1790754277512795432,17.000,map,"nav2_feedback of the target goal (map, AMCL-based estimate)",-5.9195,-0.7752,0.5649,,
1790754277522823501,17.000,map,"nav2_feedback of the target goal (map, AMCL-based estimate)",-5.9195,-0.7752,0.5649,,
1790754277532684237,17.000,map,"nav2_feedback of the target goal (map, AMCL-based estimate)",-5.9195,-0.7752,0.5649,,
1790754277542487467,17.017,map,"nav2_feedback of the target goal (map, AMCL-based estimate)",-5.9085,-0.7685,0.5485,,
1790754277552859817,17.017,map,"nav2_feedback of the target goal (map, AMCL-based estimate)",-5.9085,-0.7685,0.5485,,
1790754277562891845,17.017,map,"nav2_feedback of the target goal (map, AMCL-based estimate)",-5.9085,-0.7685,0.5485,,
1790754277572804902,17.017,map,"nav2_feedback of the target goal (map, AMCL-based estimate)",-5.9085,-0.7685,0.5485,,
1790754277582759627,17.017,map,"nav2_feedback of the target goal (map, AMCL-based estimate)",-5.9085,-0.7685,0.5485,,
1790754277592656376,17.017,map,"nav2_feedback of the target goal (map, AMCL-based estimate)",-5.9085,-0.7685,0.5485,,
1790754277602811240,17.033,map,"nav2_feedback of the target goal (map, AMCL-based estimate)",-5.8973,-0.7619,0.5322,,
1790754277612559133,17.033,map,"nav2_feedback of the target goal (map, AMCL-based estimate)",-5.8973,-0.7619,0.5322,,
1790754277622573249,17.033,map,"nav2_feedback of the target goal (map, AMCL-based estimate)",-5.8973,-0.7619,0.5322,,
1790754277632613196,17.033,map,"nav2_feedback of the target goal (map, AMCL-based estimate)",-5.8973,-0.7619,0.5322,,
1790754277642410771,17.033,map,"nav2_feedback of the target goal (map, AMCL-based estimate)",-5.8973,-0.7619,0.5322,,
1790754277652546309,17.050,map,"nav2_feedback of the target goal (map, AMCL-based estimate)",-5.8861,-0.7556,0.5159,,
1790754277662766221,17.050,map,"nav2_feedback of the target goal (map, AMCL-based estimate)",-5.8861,-0.7556,0.5159,,
1790754277672845102,17.050,map,"nav2_feedback of the target goal (map, AMCL-based estimate)",-5.8861,-0.7556,0.5159,,
1790754277682422740,17.050,map,"nav2_feedback of the target goal (map, AMCL-based estimate)",-5.8861,-0.7556,0.5159,,
1790754277692926976,17.050,map,"nav2_feedback of the target goal (map, AMCL-based estimate)",-5.8861,-0.7556,0.5159,,
1790754277702378761,17.067,map,"nav2_feedback of the target goal (map, AMCL-based estimate)",-5.8747,-0.7494,0.4998,,
1790754277713521783,17.067,map,"nav2_feedback of the target goal (map, AMCL-based estimate)",-5.8747,-0.7494,0.4998,,
1790754277722564994,17.067,map,"nav2_feedback of the target goal (map, AMCL-based estimate)",-5.8747,-0.7494,0.4998,,
1790754277733005030,17.083,map,"nav2_feedback of the target goal (map, AMCL-based estimate)",-5.8632,-0.7434,0.4836,,
1790754277742830603,17.083,map,"nav2_feedback of the target goal (map, AMCL-based estimate)",-5.8632,-0.7434,0.4836,,
1790754277752540505,17.083,map,"nav2_feedback of the target goal (map, AMCL-based estimate)",-5.8632,-0.7434,0.4836,,
1790754277763110542,17.083,map,"nav2_feedback of the target goal (map, AMCL-based estimate)",-5.8632,-0.7434,0.4836,,
1790754277772730885,17.083,map,"nav2_feedback of the target goal (map, AMCL-based estimate)",-5.8632,-0.7434,0.4836,,
1790754277782459075,17.083,map,"nav2_feedback of the target goal (map, AMCL-based estimate)",-5.8632,-0.7434,0.4836,,
1790754277792918155,17.100,map,"nav2_feedback of the target goal (map, AMCL-based estimate)",-5.8517,-0.7375,0.4676,,
1790754277802466097,17.100,map,"nav2_feedback of the target goal (map, AMCL-based estimate)",-5.8517,-0.7375,0.4676,,
1790754277812810637,17.100,map,"nav2_feedback of the target goal (map, AMCL-based estimate)",-5.8517,-0.7375,0.4676,,
1790754277822541843,17.117,map,"nav2_feedback of the target goal (map, AMCL-based estimate)",-5.8400,-0.7319,0.4515,,
1790754277832658433,17.117,map,"nav2_feedback of the target goal (map, AMCL-based estimate)",-5.8400,-0.7319,0.4515,,
1790754277842516530,17.117,map,"nav2_feedback of the target goal (map, AMCL-based estimate)",-5.8400,-0.7319,0.4515,,
1790754277852830431,17.117,map,"nav2_feedback of the target goal (map, AMCL-based estimate)",-5.8400,-0.7319,0.4515,,
1790754277862795243,17.117,map,"nav2_feedback of the target goal (map, AMCL-based estimate)",-5.8400,-0.7319,0.4515,,
1790754277872968679,17.117,map,"nav2_feedback of the target goal (map, AMCL-based estimate)",-5.8400,-0.7319,0.4515,,
1790754277882844688,17.133,map,"nav2_feedback of the target goal (map, AMCL-based estimate)",-5.8282,-0.7264,0.4355,,
1790754277892858050,17.133,map,"nav2_feedback of the target goal (map, AMCL-based estimate)",-5.8282,-0.7264,0.4355,,
1790754277902802122,17.133,map,"nav2_feedback of the target goal (map, AMCL-based estimate)",-5.8282,-0.7264,0.4355,,
1790754277913022411,17.133,map,"nav2_feedback of the target goal (map, AMCL-based estimate)",-5.8282,-0.7264,0.4355,,
1790754277922665757,17.150,map,"nav2_feedback of the target goal (map, AMCL-based estimate)",-5.8164,-0.7212,0.4196,,
1790754277932607567,17.150,map,"nav2_feedback of the target goal (map, AMCL-based estimate)",-5.8164,-0.7212,0.4196,,
1790754277942701532,17.150,map,"nav2_feedback of the target goal (map, AMCL-based estimate)",-5.8164,-0.7212,0.4196,,
1790754277952427271,17.150,map,"nav2_feedback of the target goal (map, AMCL-based estimate)",-5.8164,-0.7212,0.4196,,
1790754277962810461,17.150,map,"nav2_feedback of the target goal (map, AMCL-based estimate)",-5.8164,-0.7212,0.4196,,
1790754277972741242,17.167,map,"nav2_feedback of the target goal (map, AMCL-based estimate)",-5.8045,-0.7161,0.4040,,
1790754277982606032,17.167,map,"nav2_feedback of the target goal (map, AMCL-based estimate)",-5.8045,-0.7161,0.4040,,
1790754277993048896,17.167,map,"nav2_feedback of the target goal (map, AMCL-based estimate)",-5.8045,-0.7161,0.4040,,
1790754278002755781,17.167,map,"nav2_feedback of the target goal (map, AMCL-based estimate)",-5.8045,-0.7161,0.4040,,
1790754278013117572,17.183,map,"nav2_feedback of the target goal (map, AMCL-based estimate)",-5.7926,-0.7112,0.3888,,
1790754278022934755,17.183,map,"nav2_feedback of the target goal (map, AMCL-based estimate)",-5.7926,-0.7112,0.3888,,
1790754278032663982,17.183,map,"nav2_feedback of the target goal (map, AMCL-based estimate)",-5.7926,-0.7112,0.3888,,
1790754278885654050,17.183,map,"nav2_feedback of the target goal (map, AMCL-based estimate)",-5.7926,-0.7112,0.3888,,
1790754278894805768,17.183,map,"nav2_feedback of the target goal (map, AMCL-based estimate)",-5.7926,-0.7112,0.3888,,
1790754278905059429,17.200,map,"nav2_feedback of the target goal (map, AMCL-based estimate)",-5.7806,-0.7065,0.3740,,
1790754278914876046,17.200,map,"nav2_feedback of the target goal (map, AMCL-based estimate)",-5.7806,-0.7065,0.3740,,
1790754278924501197,17.200,map,"nav2_feedback of the target goal (map, AMCL-based estimate)",-5.7806,-0.7065,0.3740,,
1790754278934683212,17.217,map,"nav2_feedback of the target goal (map, AMCL-based estimate)",-5.7685,-0.7020,0.3598,,
1790754278946808545,17.217,map,"nav2_feedback of the target goal (map, AMCL-based estimate)",-5.7685,-0.7020,0.3598,,
1790754278955081179,17.217,map,"nav2_feedback of the target goal (map, AMCL-based estimate)",-5.7685,-0.7020,0.3598,,
1790754278964633081,17.217,map,"nav2_feedback of the target goal (map, AMCL-based estimate)",-5.7685,-0.7020,0.3598,,
1790754280103513239,17.217,map,"nav2_feedback of the target goal (map, AMCL-based estimate)",-5.7685,-0.7020,0.3598,,
1790754280113143763,17.217,map,"nav2_feedback of the target goal (map, AMCL-based estimate)",-5.7685,-0.7020,0.3598,,
1790754280123729544,17.233,map,"nav2_feedback of the target goal (map, AMCL-based estimate)",-5.7564,-0.6977,0.3462,,
1790754280133436712,17.233,map,"nav2_feedback of the target goal (map, AMCL-based estimate)",-5.7564,-0.6977,0.3462,,
1790754280142944871,17.233,map,"nav2_feedback of the target goal (map, AMCL-based estimate)",-5.7564,-0.6977,0.3462,,
1790754280152939945,17.233,map,"nav2_feedback of the target goal (map, AMCL-based estimate)",-5.7564,-0.6977,0.3462,,
1790754280162810109,17.250,map,"nav2_feedback of the target goal (map, AMCL-based estimate)",-5.7442,-0.6935,0.3333,,
1790754280172959128,17.250,map,"nav2_feedback of the target goal (map, AMCL-based estimate)",-5.7442,-0.6935,0.3333,,
1790754280183144631,17.250,map,"nav2_feedback of the target goal (map, AMCL-based estimate)",-5.7442,-0.6935,0.3333,,
1790754280193039116,17.250,map,"nav2_feedback of the target goal (map, AMCL-based estimate)",-5.7442,-0.6935,0.3333,,
1790754280203269869,17.250,map,"nav2_feedback of the target goal (map, AMCL-based estimate)",-5.7442,-0.6935,0.3333,,
1790754280212796601,17.267,map,"nav2_feedback of the target goal (map, AMCL-based estimate)",-5.7320,-0.6894,0.3209,,
1790754280222968245,17.267,map,"nav2_feedback of the target goal (map, AMCL-based estimate)",-5.7320,-0.6894,0.3209,,
1790754280233387919,17.267,map,"nav2_feedback of the target goal (map, AMCL-based estimate)",-5.7320,-0.6894,0.3209,,
1790754280243063600,17.267,map,"nav2_feedback of the target goal (map, AMCL-based estimate)",-5.7320,-0.6894,0.3209,,
1790754280252902088,17.267,map,"nav2_feedback of the target goal (map, AMCL-based estimate)",-5.7320,-0.6894,0.3209,,
1790754280263105691,17.267,map,"nav2_feedback of the target goal (map, AMCL-based estimate)",-5.7320,-0.6894,0.3209,,
1790754280272761669,17.283,map,"nav2_feedback of the target goal (map, AMCL-based estimate)",-5.7197,-0.6855,0.3091,,
1790754280283270335,17.283,map,"nav2_feedback of the target goal (map, AMCL-based estimate)",-5.7197,-0.6855,0.3091,,
1790754280293064893,17.283,map,"nav2_feedback of the target goal (map, AMCL-based estimate)",-5.7197,-0.6855,0.3091,,
1790754280303167248,17.283,map,"nav2_feedback of the target goal (map, AMCL-based estimate)",-5.7197,-0.6855,0.3091,,
1790754280312899963,17.300,map,"nav2_feedback of the target goal (map, AMCL-based estimate)",-5.7073,-0.6817,0.2980,,
1790754280322815188,17.300,map,"nav2_feedback of the target goal (map, AMCL-based estimate)",-5.7073,-0.6817,0.2980,,
1790754280333145210,17.300,map,"nav2_feedback of the target goal (map, AMCL-based estimate)",-5.7073,-0.6817,0.2980,,
1790754280343022915,17.300,map,"nav2_feedback of the target goal (map, AMCL-based estimate)",-5.7073,-0.6817,0.2980,,
1790754280352990084,17.317,map,"nav2_feedback of the target goal (map, AMCL-based estimate)",-5.6949,-0.6781,0.2874,,
1790754280363069908,17.317,map,"nav2_feedback of the target goal (map, AMCL-based estimate)",-5.6949,-0.6781,0.2874,,
1790754280375113131,17.317,map,"nav2_feedback of the target goal (map, AMCL-based estimate)",-5.6949,-0.6781,0.2874,,
1790754280383006226,17.317,map,"nav2_feedback of the target goal (map, AMCL-based estimate)",-5.6949,-0.6781,0.2874,,
1790754280392690014,17.317,map,"nav2_feedback of the target goal (map, AMCL-based estimate)",-5.6949,-0.6781,0.2874,,
1790754280402857228,17.333,map,"nav2_feedback of the target goal (map, AMCL-based estimate)",-5.6823,-0.6745,0.2772,,
1790754280413107967,17.333,map,"nav2_feedback of the target goal (map, AMCL-based estimate)",-5.6823,-0.6745,0.2772,,
1790754280423051474,17.333,map,"nav2_feedback of the target goal (map, AMCL-based estimate)",-5.6823,-0.6745,0.2772,,
1790754280433443243,17.350,map,"nav2_feedback of the target goal (map, AMCL-based estimate)",-5.6697,-0.6710,0.2675,,
1790754280443010606,17.350,map,"nav2_feedback of the target goal (map, AMCL-based estimate)",-5.6697,-0.6710,0.2675,,
1790754280453000777,17.350,map,"nav2_feedback of the target goal (map, AMCL-based estimate)",-5.6697,-0.6710,0.2675,,
1790754280462695784,17.350,map,"nav2_feedback of the target goal (map, AMCL-based estimate)",-5.6697,-0.6710,0.2675,,
1790754280472978386,17.350,map,"nav2_feedback of the target goal (map, AMCL-based estimate)",-5.6697,-0.6710,0.2675,,
1790754280483433035,17.350,map,"nav2_feedback of the target goal (map, AMCL-based estimate)",-5.6697,-0.6710,0.2675,,
1790754280493268978,17.367,map,"nav2_feedback of the target goal (map, AMCL-based estimate)",-5.6570,-0.6677,0.2580,,
1790754280503085878,17.367,map,"nav2_feedback of the target goal (map, AMCL-based estimate)",-5.6570,-0.6677,0.2580,,
1790754280512766649,17.367,map,"nav2_feedback of the target goal (map, AMCL-based estimate)",-5.6570,-0.6677,0.2580,,
1790754280522798018,17.367,map,"nav2_feedback of the target goal (map, AMCL-based estimate)",-5.6570,-0.6677,0.2580,,
1790754280533267938,17.383,map,"nav2_feedback of the target goal (map, AMCL-based estimate)",-5.6442,-0.6645,0.2488,,
1790754280542742254,17.383,map,"nav2_feedback of the target goal (map, AMCL-based estimate)",-5.6442,-0.6645,0.2488,,
1790754280553354431,17.383,map,"nav2_feedback of the target goal (map, AMCL-based estimate)",-5.6442,-0.6645,0.2488,,
1790754280562730422,17.383,map,"nav2_feedback of the target goal (map, AMCL-based estimate)",-5.6442,-0.6645,0.2488,,
1790754280572939493,17.383,map,"nav2_feedback of the target goal (map, AMCL-based estimate)",-5.6442,-0.6645,0.2488,,
1790754280583373873,17.400,map,"nav2_feedback of the target goal (map, AMCL-based estimate)",-5.6314,-0.6613,0.2399,,
1790754280592807464,17.400,map,"nav2_feedback of the target goal (map, AMCL-based estimate)",-5.6314,-0.6613,0.2399,,
1790754280603097797,17.400,map,"nav2_feedback of the target goal (map, AMCL-based estimate)",-5.6314,-0.6613,0.2399,,
1790754280612897916,17.417,map,"nav2_feedback of the target goal (map, AMCL-based estimate)",-5.6186,-0.6583,0.2315,,
1790754280622982642,17.417,map,"nav2_feedback of the target goal (map, AMCL-based estimate)",-5.6186,-0.6583,0.2315,,
1790754280633386761,17.417,map,"nav2_feedback of the target goal (map, AMCL-based estimate)",-5.6186,-0.6583,0.2315,,
1790754280642895958,17.417,map,"nav2_feedback of the target goal (map, AMCL-based estimate)",-5.6186,-0.6583,0.2315,,
1790754280653019807,17.417,map,"nav2_feedback of the target goal (map, AMCL-based estimate)",-5.6186,-0.6583,0.2315,,
1790754280662894590,17.417,map,"nav2_feedback of the target goal (map, AMCL-based estimate)",-5.6186,-0.6583,0.2315,,
1790754280673081695,17.433,map,"nav2_feedback of the target goal (map, AMCL-based estimate)",-5.6057,-0.6554,0.2234,,
1790754280682939320,17.433,map,"nav2_feedback of the target goal (map, AMCL-based estimate)",-5.6057,-0.6554,0.2234,,
1790754280693396514,17.433,map,"nav2_feedback of the target goal (map, AMCL-based estimate)",-5.6057,-0.6554,0.2234,,
1790754280702874130,17.433,map,"nav2_feedback of the target goal (map, AMCL-based estimate)",-5.6057,-0.6554,0.2234,,
1790754280712794540,17.450,map,"nav2_feedback of the target goal (map, AMCL-based estimate)",-5.5928,-0.6526,0.2155,,
1790754280722863523,17.450,map,"nav2_feedback of the target goal (map, AMCL-based estimate)",-5.5928,-0.6526,0.2155,,
1790754280733276692,17.450,map,"nav2_feedback of the target goal (map, AMCL-based estimate)",-5.5928,-0.6526,0.2155,,
1790754280745502425,17.450,map,"nav2_feedback of the target goal (map, AMCL-based estimate)",-5.5928,-0.6526,0.2155,,
1790754280753015982,17.450,map,"nav2_feedback of the target goal (map, AMCL-based estimate)",-5.5928,-0.6526,0.2155,,
1790754280763081854,17.467,map,"nav2_feedback of the target goal (map, AMCL-based estimate)",-5.5799,-0.6498,0.2079,,
1790754280773069763,17.467,map,"nav2_feedback of the target goal (map, AMCL-based estimate)",-5.5799,-0.6498,0.2079,,
1790754280783355571,17.467,map,"nav2_feedback of the target goal (map, AMCL-based estimate)",-5.5799,-0.6498,0.2079,,
1790754280792990432,17.467,map,"nav2_feedback of the target goal (map, AMCL-based estimate)",-5.5799,-0.6498,0.2079,,
1790754280803221656,17.483,map,"nav2_feedback of the target goal (map, AMCL-based estimate)",-5.5669,-0.6472,0.2004,,
1790754280812837757,17.483,map,"nav2_feedback of the target goal (map, AMCL-based estimate)",-5.5669,-0.6472,0.2004,,
1790754280823233297,17.483,map,"nav2_feedback of the target goal (map, AMCL-based estimate)",-5.5669,-0.6472,0.2004,,
1790754280832955171,17.483,map,"nav2_feedback of the target goal (map, AMCL-based estimate)",-5.5669,-0.6472,0.2004,,
1790754280843104191,17.483,map,"nav2_feedback of the target goal (map, AMCL-based estimate)",-5.5669,-0.6472,0.2004,,
1790754280853031483,17.500,map,"nav2_feedback of the target goal (map, AMCL-based estimate)",-5.5539,-0.6447,0.1931,,
1790754280863132612,17.500,map,"nav2_feedback of the target goal (map, AMCL-based estimate)",-5.5539,-0.6447,0.1931,,
1790754280873000136,17.500,map,"nav2_feedback of the target goal (map, AMCL-based estimate)",-5.5539,-0.6447,0.1931,,
1790754280883628245,17.500,map,"nav2_feedback of the target goal (map, AMCL-based estimate)",-5.5539,-0.6447,0.1931,,
1790754280893024033,17.517,map,"nav2_feedback of the target goal (map, AMCL-based estimate)",-5.5409,-0.6422,0.1858,,
1790754280903143640,17.517,map,"nav2_feedback of the target goal (map, AMCL-based estimate)",-5.5409,-0.6422,0.1858,,
1790754280913152760,17.517,map,"nav2_feedback of the target goal (map, AMCL-based estimate)",-5.5409,-0.6422,0.1858,,
1790754280923456762,17.517,map,"nav2_feedback of the target goal (map, AMCL-based estimate)",-5.5409,-0.6422,0.1858,,
1790754280932886582,17.517,map,"nav2_feedback of the target goal (map, AMCL-based estimate)",-5.5409,-0.6422,0.1858,,
1790754280942902772,17.517,map,"nav2_feedback of the target goal (map, AMCL-based estimate)",-5.5409,-0.6422,0.1858,,
1790754280953109769,17.533,map,"nav2_feedback of the target goal (map, AMCL-based estimate)",-5.5279,-0.6399,0.1786,,
1790754280963158955,17.533,map,"nav2_feedback of the target goal (map, AMCL-based estimate)",-5.5279,-0.6399,0.1786,,
1790754280973023462,17.533,map,"nav2_feedback of the target goal (map, AMCL-based estimate)",-5.5279,-0.6399,0.1786,,
1790754280983172104,17.550,map,"nav2_feedback of the target goal (map, AMCL-based estimate)",-5.5148,-0.6376,0.1714,,
1790754280993310283,17.550,map,"nav2_feedback of the target goal (map, AMCL-based estimate)",-5.5148,-0.6376,0.1714,,
1790754281003765874,17.550,map,"nav2_feedback of the target goal (map, AMCL-based estimate)",-5.5148,-0.6376,0.1714,,
1790754281012812667,17.550,map,"nav2_feedback of the target goal (map, AMCL-based estimate)",-5.5148,-0.6376,0.1714,,
1790754281023049077,17.550,map,"nav2_feedback of the target goal (map, AMCL-based estimate)",-5.5148,-0.6376,0.1714,,
1790754281033085065,17.550,map,"nav2_feedback of the target goal (map, AMCL-based estimate)",-5.5148,-0.6376,0.1714,,
1790754281042770361,17.567,map,"nav2_feedback of the target goal (map, AMCL-based estimate)",-5.5017,-0.6354,0.1643,,
1790754281052910425,17.567,map,"nav2_feedback of the target goal (map, AMCL-based estimate)",-5.5017,-0.6354,0.1643,,
1790754281062792372,17.567,map,"nav2_feedback of the target goal (map, AMCL-based estimate)",-5.5017,-0.6354,0.1643,,
1790754281072750868,17.583,map,"nav2_feedback of the target goal (map, AMCL-based estimate)",-5.4886,-0.6334,0.1572,,
1790754281083121426,17.583,map,"nav2_feedback of the target goal (map, AMCL-based estimate)",-5.4886,-0.6334,0.1572,,
1790754281092954541,17.583,map,"nav2_feedback of the target goal (map, AMCL-based estimate)",-5.4886,-0.6334,0.1572,,
1790754281103367899,17.583,map,"nav2_feedback of the target goal (map, AMCL-based estimate)",-5.4886,-0.6334,0.1572,,
1790754281113062811,17.583,map,"nav2_feedback of the target goal (map, AMCL-based estimate)",-5.4886,-0.6334,0.1572,,
1790754281122899037,17.583,map,"nav2_feedback of the target goal (map, AMCL-based estimate)",-5.4886,-0.6334,0.1572,,
1790754281133502069,17.600,map,"nav2_feedback of the target goal (map, AMCL-based estimate)",-5.4755,-0.6314,0.1502,,
1790754281142976857,17.600,map,"nav2_feedback of the target goal (map, AMCL-based estimate)",-5.4755,-0.6314,0.1502,,
1790754281153703197,17.600,map,"nav2_feedback of the target goal (map, AMCL-based estimate)",-5.4755,-0.6314,0.1502,,
1790754281162832384,17.617,map,"nav2_feedback of the target goal (map, AMCL-based estimate)",-5.4615,-0.6329,0.1404,,
1790754281173695606,17.617,map,"nav2_feedback of the target goal (map, AMCL-based estimate)",-5.4615,-0.6329,0.1404,,
1790754281182768796,17.617,map,"nav2_feedback of the target goal (map, AMCL-based estimate)",-5.4615,-0.6329,0.1404,,
1790754281192727575,17.617,map,"nav2_feedback of the target goal (map, AMCL-based estimate)",-5.4615,-0.6329,0.1404,,
1790754281202763280,17.617,map,"nav2_feedback of the target goal (map, AMCL-based estimate)",-5.4615,-0.6329,0.1404,,
1790754281212939355,17.633,map,"nav2_feedback of the target goal (map, AMCL-based estimate)",-5.4475,-0.6345,0.1310,,
1790754281223492895,17.633,map,"nav2_feedback of the target goal (map, AMCL-based estimate)",-5.4475,-0.6345,0.1310,,
1790754281232918379,17.633,map,"nav2_feedback of the target goal (map, AMCL-based estimate)",-5.4475,-0.6345,0.1310,,
1790754281242861980,17.633,map,"nav2_feedback of the target goal (map, AMCL-based estimate)",-5.4475,-0.6345,0.1310,,
1790754281253159383,17.650,map,"nav2_feedback of the target goal (map, AMCL-based estimate)",-5.4334,-0.6364,0.1217,,
1790754281262789436,17.650,map,"nav2_feedback of the target goal (map, AMCL-based estimate)",-5.4334,-0.6364,0.1217,,
1790754281273192612,17.650,map,"nav2_feedback of the target goal (map, AMCL-based estimate)",-5.4334,-0.6364,0.1217,,
1790754281283324192,17.650,map,"nav2_feedback of the target goal (map, AMCL-based estimate)",-5.4334,-0.6364,0.1217,,
1790754281293100366,17.650,map,"nav2_feedback of the target goal (map, AMCL-based estimate)",-5.4334,-0.6364,0.1217,,
1790754281303806626,17.667,map,"nav2_feedback of the target goal (map, AMCL-based estimate)",-5.4194,-0.6383,0.1126,,
1790754281313222211,17.667,map,"nav2_feedback of the target goal (map, AMCL-based estimate)",-5.4194,-0.6383,0.1126,,
1790754281322935224,17.667,map,"nav2_feedback of the target goal (map, AMCL-based estimate)",-5.4194,-0.6383,0.1126,,
1790754281333405521,17.667,map,"nav2_feedback of the target goal (map, AMCL-based estimate)",-5.4194,-0.6383,0.1126,,
1790754281342904160,17.683,map,"nav2_feedback of the target goal (map, AMCL-based estimate)",-5.4053,-0.6405,0.1038,,
1790754281352895274,17.683,map,"nav2_feedback of the target goal (map, AMCL-based estimate)",-5.4053,-0.6405,0.1038,,
1790754281362752805,17.683,map,"nav2_feedback of the target goal (map, AMCL-based estimate)",-5.4053,-0.6405,0.1038,,
1790754281373201609,17.683,map,"nav2_feedback of the target goal (map, AMCL-based estimate)",-5.4053,-0.6405,0.1038,,
1790754281382693931,17.683,map,"nav2_feedback of the target goal (map, AMCL-based estimate)",-5.4053,-0.6405,0.1038,,
1790754281393258029,17.700,map,"nav2_feedback of the target goal (map, AMCL-based estimate)",-5.3912,-0.6428,0.0953,,
1790754281403038540,17.700,map,"nav2_feedback of the target goal (map, AMCL-based estimate)",-5.3912,-0.6428,0.0953,,
1790754281414426951,17.700,map,"nav2_feedback of the target goal (map, AMCL-based estimate)",-5.3912,-0.6428,0.0953,,
1790754281423460075,17.700,map,"nav2_feedback of the target goal (map, AMCL-based estimate)",-5.3912,-0.6428,0.0953,,
1790754281433564221,17.700,map,"nav2_feedback of the target goal (map, AMCL-based estimate)",-5.3912,-0.6428,0.0953,,
1790754281443060126,17.717,map,"nav2_feedback of the target goal (map, AMCL-based estimate)",-5.3771,-0.6452,0.0871,,
1790754281452901253,17.717,map,"nav2_feedback of the target goal (map, AMCL-based estimate)",-5.3771,-0.6452,0.0871,,
1790754281462757465,17.717,map,"nav2_feedback of the target goal (map, AMCL-based estimate)",-5.3771,-0.6452,0.0871,,
1790754281473103795,17.717,map,"nav2_feedback of the target goal (map, AMCL-based estimate)",-5.3771,-0.6452,0.0871,,
1790754281483426652,17.717,map,"nav2_feedback of the target goal (map, AMCL-based estimate)",-5.3771,-0.6452,0.0871,,
1790754281492958851,17.733,map,"nav2_feedback of the target goal (map, AMCL-based estimate)",-5.3630,-0.6478,0.0791,,
1790754281503469497,17.733,map,"nav2_feedback of the target goal (map, AMCL-based estimate)",-5.3630,-0.6478,0.0791,,
1790754281512971435,17.733,map,"nav2_feedback of the target goal (map, AMCL-based estimate)",-5.3630,-0.6478,0.0791,,
1790754281523016661,17.733,map,"nav2_feedback of the target goal (map, AMCL-based estimate)",-5.3630,-0.6478,0.0791,,
1790754281533197544,17.733,map,"nav2_feedback of the target goal (map, AMCL-based estimate)",-5.3630,-0.6478,0.0791,,
1790754281542803275,17.750,map,"nav2_feedback of the target goal (map, AMCL-based estimate)",-5.3489,-0.6506,0.0715,,
1790754281552853404,17.750,map,"nav2_feedback of the target goal (map, AMCL-based estimate)",-5.3489,-0.6506,0.0715,,
1790754281563020146,17.750,map,"nav2_feedback of the target goal (map, AMCL-based estimate)",-5.3489,-0.6506,0.0715,,
1790754281573071972,17.750,map,"nav2_feedback of the target goal (map, AMCL-based estimate)",-5.3489,-0.6506,0.0715,,
1790754281583236263,17.767,map,"nav2_feedback of the target goal (map, AMCL-based estimate)",-5.3348,-0.6535,0.0638,,
1790754281593058442,17.767,map,"nav2_feedback of the target goal (map, AMCL-based estimate)",-5.3348,-0.6535,0.0638,,
1790754281602905132,17.767,map,"nav2_feedback of the target goal (map, AMCL-based estimate)",-5.3348,-0.6535,0.0638,,
1790754281614472282,17.767,map,"nav2_feedback of the target goal (map, AMCL-based estimate)",-5.3348,-0.6535,0.0638,,
1790754281623224948,17.767,map,"nav2_feedback of the target goal (map, AMCL-based estimate)",-5.3348,-0.6535,0.0638,,
1790754281633389239,17.783,map,"nav2_feedback of the target goal (map, AMCL-based estimate)",-5.3207,-0.6565,0.0563,,
1790754281642681328,17.783,map,"nav2_feedback of the target goal (map, AMCL-based estimate)",-5.3207,-0.6565,0.0563,,
1790754281653082619,17.783,map,"nav2_feedback of the target goal (map, AMCL-based estimate)",-5.3207,-0.6565,0.0563,,
1790754281662984175,17.783,map,"nav2_feedback of the target goal (map, AMCL-based estimate)",-5.3207,-0.6565,0.0563,,
1790754281672875927,17.800,map,"nav2_feedback of the target goal (map, AMCL-based estimate)",-5.3065,-0.6596,0.0489,,
1790754281683364325,17.800,map,"nav2_feedback of the target goal (map, AMCL-based estimate)",-5.3065,-0.6596,0.0489,,
1790754281692994566,17.800,map,"nav2_feedback of the target goal (map, AMCL-based estimate)",-5.3065,-0.6596,0.0489,,
1790754281703119075,17.800,map,"nav2_feedback of the target goal (map, AMCL-based estimate)",-5.3065,-0.6596,0.0489,,
1790754281712946062,17.817,map,"nav2_feedback of the target goal (map, AMCL-based estimate)",-5.2932,-0.6591,0.0450,,
1790754281722812455,17.817,map,"nav2_feedback of the target goal (map, AMCL-based estimate)",-5.2932,-0.6591,0.0450,,
1790754281732928291,17.817,map,"nav2_feedback of the target goal (map, AMCL-based estimate)",-5.2932,-0.6591,0.0450,,
1790754281743187325,17.817,map,"nav2_feedback of the target goal (map, AMCL-based estimate)",-5.2932,-0.6591,0.0450,,
1790754281753138562,17.817,map,"nav2_feedback of the target goal (map, AMCL-based estimate)",-5.2932,-0.6591,0.0450,,
1790754281762966869,17.817,map,"nav2_feedback of the target goal (map, AMCL-based estimate)",-5.2932,-0.6591,0.0450,,
1790754281772734088,17.833,map,"nav2_feedback of the target goal (map, AMCL-based estimate)",-5.2800,-0.6585,0.0415,,
1790754281783349093,17.833,map,"nav2_feedback of the target goal (map, AMCL-based estimate)",-5.2800,-0.6585,0.0415,,
1790754281792799181,17.833,map,"nav2_feedback of the target goal (map, AMCL-based estimate)",-5.2800,-0.6585,0.0415,,
1790754281803283620,17.833,map,"nav2_feedback of the target goal (map, AMCL-based estimate)",-5.2800,-0.6585,0.0415,,
1790754281812999178,17.850,map,"nav2_feedback of the target goal (map, AMCL-based estimate)",-5.2667,-0.6580,0.0385,,
1790754281822733401,17.850,map,"nav2_feedback of the target goal (map, AMCL-based estimate)",-5.2667,-0.6580,0.0385,,
1790754281833012799,17.850,map,"nav2_feedback of the target goal (map, AMCL-based estimate)",-5.2667,-0.6580,0.0385,,
1790754281843043790,17.850,map,"nav2_feedback of the target goal (map, AMCL-based estimate)",-5.2667,-0.6580,0.0385,,
1790754281853259177,17.867,map,"nav2_feedback of the target goal (map, AMCL-based estimate)",-5.2536,-0.6575,0.0361,,
1790754281863154039,17.867,map,"nav2_feedback of the target goal (map, AMCL-based estimate)",-5.2536,-0.6575,0.0361,,
1790754281873036364,17.867,map,"nav2_feedback of the target goal (map, AMCL-based estimate)",-5.2536,-0.6575,0.0361,,
1790754281883126935,17.867,map,"nav2_feedback of the target goal (map, AMCL-based estimate)",-5.2536,-0.6575,0.0361,,
1790754281892886235,17.883,map,"nav2_feedback of the target goal (map, AMCL-based estimate)",-5.2405,-0.6571,0.0344,,
1790754281903003296,17.883,map,"nav2_feedback of the target goal (map, AMCL-based estimate)",-5.2405,-0.6571,0.0344,,
1790754281913434848,17.883,map,"nav2_feedback of the target goal (map, AMCL-based estimate)",-5.2405,-0.6571,0.0344,,
1790754281923009281,17.883,map,"nav2_feedback of the target goal (map, AMCL-based estimate)",-5.2405,-0.6571,0.0344,,
1790754281933099286,17.883,map,"nav2_feedback of the target goal (map, AMCL-based estimate)",-5.2405,-0.6571,0.0344,,
1790754281942912698,17.900,map,"nav2_feedback of the target goal (map, AMCL-based estimate)",-5.2273,-0.6566,0.0331,,
1790754281953198883,17.900,map,"nav2_feedback of the target goal (map, AMCL-based estimate)",-5.2273,-0.6566,0.0331,,
1790754281962882577,17.900,map,"nav2_feedback of the target goal (map, AMCL-based estimate)",-5.2273,-0.6566,0.0331,,
1790754281972774611,17.900,map,"nav2_feedback of the target goal (map, AMCL-based estimate)",-5.2273,-0.6566,0.0331,,
1790754281983482568,17.917,map,"nav2_feedback of the target goal (map, AMCL-based estimate)",-5.2140,-0.6562,0.0321,,
1790754281992996856,17.917,map,"nav2_feedback of the target goal (map, AMCL-based estimate)",-5.2140,-0.6562,0.0321,,
1790754282003143896,17.917,map,"nav2_feedback of the target goal (map, AMCL-based estimate)",-5.2140,-0.6562,0.0321,,
1790754282012870200,17.917,map,"nav2_feedback of the target goal (map, AMCL-based estimate)",-5.2140,-0.6562,0.0321,,
1790754282023061736,17.917,map,"nav2_feedback of the target goal (map, AMCL-based estimate)",-5.2140,-0.6562,0.0321,,
1790754282033586900,17.933,map,"nav2_feedback of the target goal (map, AMCL-based estimate)",-5.2007,-0.6558,0.0313,,
1790754282043067721,17.933,map,"nav2_feedback of the target goal (map, AMCL-based estimate)",-5.2007,-0.6558,0.0313,,
1790754282052918842,17.933,map,"nav2_feedback of the target goal (map, AMCL-based estimate)",-5.2007,-0.6558,0.0313,,
1790754282062725938,17.933,map,"nav2_feedback of the target goal (map, AMCL-based estimate)",-5.2007,-0.6558,0.0313,,
1790754282073150231,17.950,map,"nav2_feedback of the target goal (map, AMCL-based estimate)",-5.1873,-0.6554,0.0306,,
1790754282083305001,17.950,map,"nav2_feedback of the target goal (map, AMCL-based estimate)",-5.1873,-0.6554,0.0306,,
1790754282092845024,17.950,map,"nav2_feedback of the target goal (map, AMCL-based estimate)",-5.1873,-0.6554,0.0306,,
1790754282102799844,17.950,map,"nav2_feedback of the target goal (map, AMCL-based estimate)",-5.1873,-0.6554,0.0306,,
1790754282112782474,17.950,map,"nav2_feedback of the target goal (map, AMCL-based estimate)",-5.1873,-0.6554,0.0306,,
1790754282122746061,17.967,map,"nav2_feedback of the target goal (map, AMCL-based estimate)",-5.1740,-0.6550,0.0301,,
1790754282135247161,17.967,map,"nav2_feedback of the target goal (map, AMCL-based estimate)",-5.1740,-0.6550,0.0301,,
1790754282142737245,17.967,map,"nav2_feedback of the target goal (map, AMCL-based estimate)",-5.1740,-0.6550,0.0301,,
1790754282152855155,17.983,map,"nav2_feedback of the target goal (map, AMCL-based estimate)",-5.1607,-0.6546,0.0297,,
1790754282163310652,17.983,map,"nav2_feedback of the target goal (map, AMCL-based estimate)",-5.1607,-0.6546,0.0297,,
1790754282172725954,17.983,map,"nav2_feedback of the target goal (map, AMCL-based estimate)",-5.1607,-0.6546,0.0297,,
1790754282183850969,17.983,map,"nav2_feedback of the target goal (map, AMCL-based estimate)",-5.1607,-0.6546,0.0297,,
1790754282194322210,17.983,map,"nav2_feedback of the target goal (map, AMCL-based estimate)",-5.1607,-0.6546,0.0297,,
1790754282202890197,17.983,map,"nav2_feedback of the target goal (map, AMCL-based estimate)",-5.1607,-0.6546,0.0297,,
1790754282212937780,18.000,map,"nav2_feedback of the target goal (map, AMCL-based estimate)",-5.1473,-0.6542,0.0293,,
1790754282223214820,18.000,map,"nav2_feedback of the target goal (map, AMCL-based estimate)",-5.1473,-0.6542,0.0293,,
1790754282233427285,18.000,map,"nav2_feedback of the target goal (map, AMCL-based estimate)",-5.1473,-0.6542,0.0293,,
1790754282243163205,18.000,map,"nav2_feedback of the target goal (map, AMCL-based estimate)",-5.1473,-0.6542,0.0293,,
1790754282254259845,18.017,map,"nav2_feedback of the target goal (map, AMCL-based estimate)",-5.1340,-0.6538,0.0290,,
1790754282262808600,18.017,map,"nav2_feedback of the target goal (map, AMCL-based estimate)",-5.1340,-0.6538,0.0290,,
1790754282273140884,18.017,map,"nav2_feedback of the target goal (map, AMCL-based estimate)",-5.1340,-0.6538,0.0290,,
1790754282283176023,18.017,map,"nav2_feedback of the target goal (map, AMCL-based estimate)",-5.1340,-0.6538,0.0290,,
1790754282293073303,18.017,map,"nav2_feedback of the target goal (map, AMCL-based estimate)",-5.1340,-0.6538,0.0290,,
1790754282303173370,18.017,map,"nav2_feedback of the target goal (map, AMCL-based estimate)",-5.1340,-0.6538,0.0290,,
1790754282313186197,18.033,map,"nav2_feedback of the target goal (map, AMCL-based estimate)",-5.1207,-0.6534,0.0287,,
1790754282323101232,18.033,map,"nav2_feedback of the target goal (map, AMCL-based estimate)",-5.1207,-0.6534,0.0287,,
1790754282333097760,18.033,map,"nav2_feedback of the target goal (map, AMCL-based estimate)",-5.1207,-0.6534,0.0287,,
1790754282343740016,18.033,map,"nav2_feedback of the target goal (map, AMCL-based estimate)",-5.1207,-0.6534,0.0287,,
1790754282352702193,18.033,map,"nav2_feedback of the target goal (map, AMCL-based estimate)",-5.1207,-0.6534,0.0287,,
1790754282363105528,18.050,map,"nav2_feedback of the target goal (map, AMCL-based estimate)",-5.1073,-0.6531,0.0286,,
1790754282373017360,18.050,map,"nav2_feedback of the target goal (map, AMCL-based estimate)",-5.1073,-0.6531,0.0286,,
1790754282385524161,18.050,map,"nav2_feedback of the target goal (map, AMCL-based estimate)",-5.1073,-0.6531,0.0286,,
1790754282392998263,18.050,map,"nav2_feedback of the target goal (map, AMCL-based estimate)",-5.1073,-0.6531,0.0286,,
1790754282402916972,18.067,map,"nav2_feedback of the target goal (map, AMCL-based estimate)",-5.0940,-0.6527,0.0285,,
1790754282413046528,18.067,map,"nav2_feedback of the target goal (map, AMCL-based estimate)",-5.0940,-0.6527,0.0285,,
1790754282423097510,18.067,map,"nav2_feedback of the target goal (map, AMCL-based estimate)",-5.0940,-0.6527,0.0285,,
1790754282433115142,18.067,map,"nav2_feedback of the target goal (map, AMCL-based estimate)",-5.0940,-0.6527,0.0285,,
1790754282443126838,18.067,map,"nav2_feedback of the target goal (map, AMCL-based estimate)",-5.0940,-0.6527,0.0285,,
1790754282452828861,18.083,map,"nav2_feedback of the target goal (map, AMCL-based estimate)",-5.0806,-0.6523,0.0283,,
1790754282462698957,18.083,map,"nav2_feedback of the target goal (map, AMCL-based estimate)",-5.0806,-0.6523,0.0283,,
1790754282473028147,18.083,map,"nav2_feedback of the target goal (map, AMCL-based estimate)",-5.0806,-0.6523,0.0283,,
1790754282483488291,18.083,map,"nav2_feedback of the target goal (map, AMCL-based estimate)",-5.0806,-0.6523,0.0283,,
1790754282493057004,18.083,map,"nav2_feedback of the target goal (map, AMCL-based estimate)",-5.0806,-0.6523,0.0283,,
1790754282503249116,18.100,map,"nav2_feedback of the target goal (map, AMCL-based estimate)",-5.0673,-0.6519,0.0282,,
1790754282513035929,18.100,map,"nav2_feedback of the target goal (map, AMCL-based estimate)",-5.0673,-0.6519,0.0282,,
1790754282522818219,18.100,map,"nav2_feedback of the target goal (map, AMCL-based estimate)",-5.0673,-0.6519,0.0282,,
1790754282533195269,18.100,map,"nav2_feedback of the target goal (map, AMCL-based estimate)",-5.0673,-0.6519,0.0282,,
1790754282543088541,18.117,map,"nav2_feedback of the target goal (map, AMCL-based estimate)",-5.0539,-0.6516,0.0280,,
1790754282553275189,18.117,map,"nav2_feedback of the target goal (map, AMCL-based estimate)",-5.0539,-0.6516,0.0280,,
1790754282562770039,18.117,map,"nav2_feedback of the target goal (map, AMCL-based estimate)",-5.0539,-0.6516,0.0280,,
1790754282572986175,18.117,map,"nav2_feedback of the target goal (map, AMCL-based estimate)",-5.0539,-0.6516,0.0280,,
1790754282585830443,18.117,map,"nav2_feedback of the target goal (map, AMCL-based estimate)",-5.0539,-0.6516,0.0280,,
1790754282593002785,18.133,map,"nav2_feedback of the target goal (map, AMCL-based estimate)",-5.0406,-0.6512,0.0279,,
1790754282602916595,18.133,map,"nav2_feedback of the target goal (map, AMCL-based estimate)",-5.0406,-0.6512,0.0279,,
1790754282613065935,18.133,map,"nav2_feedback of the target goal (map, AMCL-based estimate)",-5.0406,-0.6512,0.0279,,
1790754282622623625,18.133,map,"nav2_feedback of the target goal (map, AMCL-based estimate)",-5.0406,-0.6512,0.0279,,
1790754282633036946,18.150,map,"nav2_feedback of the target goal (map, AMCL-based estimate)",-5.0272,-0.6508,0.0278,,
1790754282643136165,18.150,map,"nav2_feedback of the target goal (map, AMCL-based estimate)",-5.0272,-0.6508,0.0278,,
1790754282653022089,18.150,map,"nav2_feedback of the target goal (map, AMCL-based estimate)",-5.0272,-0.6508,0.0278,,
1790754282662996948,18.150,map,"nav2_feedback of the target goal (map, AMCL-based estimate)",-5.0272,-0.6508,0.0278,,
1790754282673313796,18.150,map,"nav2_feedback of the target goal (map, AMCL-based estimate)",-5.0272,-0.6508,0.0278,,
1790754282683409059,18.167,map,"nav2_feedback of the target goal (map, AMCL-based estimate)",-5.0139,-0.6505,0.0278,,
1790754282693051068,18.167,map,"nav2_feedback of the target goal (map, AMCL-based estimate)",-5.0139,-0.6505,0.0278,,
1790754282703016318,18.167,map,"nav2_feedback of the target goal (map, AMCL-based estimate)",-5.0139,-0.6505,0.0278,,
1790754282712845243,18.183,map,"nav2_feedback of the target goal (map, AMCL-based estimate)",-5.0005,-0.6501,0.0278,,
1790754282722999388,18.183,map,"nav2_feedback of the target goal (map, AMCL-based estimate)",-5.0005,-0.6501,0.0278,,
1790754282733510030,18.183,map,"nav2_feedback of the target goal (map, AMCL-based estimate)",-5.0005,-0.6501,0.0278,,
1790754282742992350,18.183,map,"nav2_feedback of the target goal (map, AMCL-based estimate)",-5.0005,-0.6501,0.0278,,
1790754282753060103,18.183,map,"nav2_feedback of the target goal (map, AMCL-based estimate)",-5.0005,-0.6501,0.0278,,
1790754282762874425,18.183,map,"nav2_feedback of the target goal (map, AMCL-based estimate)",-5.0005,-0.6501,0.0278,,
1790754282773206536,18.200,map,"nav2_feedback of the target goal (map, AMCL-based estimate)",-4.9872,-0.6497,0.0278,,
1790754282783157277,18.200,map,"nav2_feedback of the target goal (map, AMCL-based estimate)",-4.9872,-0.6497,0.0278,,
1790754282793320278,18.200,map,"nav2_feedback of the target goal (map, AMCL-based estimate)",-4.9872,-0.6497,0.0278,,
1790754282803319821,18.200,map,"nav2_feedback of the target goal (map, AMCL-based estimate)",-4.9872,-0.6497,0.0278,,
1790754282812932907,18.217,map,"nav2_feedback of the target goal (map, AMCL-based estimate)",-4.9738,-0.6493,0.0279,,
1790754282823056716,18.217,map,"nav2_feedback of the target goal (map, AMCL-based estimate)",-4.9738,-0.6493,0.0279,,
1790754282833125881,18.217,map,"nav2_feedback of the target goal (map, AMCL-based estimate)",-4.9738,-0.6493,0.0279,,
1790754282843647923,18.217,map,"nav2_feedback of the target goal (map, AMCL-based estimate)",-4.9738,-0.6493,0.0279,,
1790754282853475906,18.217,map,"nav2_feedback of the target goal (map, AMCL-based estimate)",-4.9738,-0.6493,0.0279,,
1790754282863106799,18.217,map,"nav2_feedback of the target goal (map, AMCL-based estimate)",-4.9738,-0.6493,0.0279,,
1790754282872679845,18.233,map,"nav2_feedback of the target goal (map, AMCL-based estimate)",-4.9605,-0.6490,0.0280,,
1790754282883257000,18.233,map,"nav2_feedback of the target goal (map, AMCL-based estimate)",-4.9605,-0.6490,0.0280,,
1790754282892913989,18.233,map,"nav2_feedback of the target goal (map, AMCL-based estimate)",-4.9605,-0.6490,0.0280,,
1790754282903136249,18.250,map,"nav2_feedback of the target goal (map, AMCL-based estimate)",-4.9471,-0.6486,0.0281,,
1790754282913064003,18.250,map,"nav2_feedback of the target goal (map, AMCL-based estimate)",-4.9471,-0.6486,0.0281,,
1790754282923406288,18.250,map,"nav2_feedback of the target goal (map, AMCL-based estimate)",-4.9471,-0.6486,0.0281,,
1790754282933303611,18.250,map,"nav2_feedback of the target goal (map, AMCL-based estimate)",-4.9471,-0.6486,0.0281,,
1790754282943131501,18.250,map,"nav2_feedback of the target goal (map, AMCL-based estimate)",-4.9471,-0.6486,0.0281,,
1790754282952984544,18.267,map,"nav2_feedback of the target goal (map, AMCL-based estimate)",-4.9338,-0.6482,0.0282,,
1790754282964746319,18.267,map,"nav2_feedback of the target goal (map, AMCL-based estimate)",-4.9338,-0.6482,0.0282,,
1790754282973074451,18.267,map,"nav2_feedback of the target goal (map, AMCL-based estimate)",-4.9338,-0.6482,0.0282,,
1790754282983360492,18.267,map,"nav2_feedback of the target goal (map, AMCL-based estimate)",-4.9338,-0.6482,0.0282,,
1790754282993034062,18.267,map,"nav2_feedback of the target goal (map, AMCL-based estimate)",-4.9338,-0.6482,0.0282,,
1790754283003064506,18.283,map,"nav2_feedback of the target goal (map, AMCL-based estimate)",-4.9204,-0.6478,0.0284,,
1790754283013256901,18.283,map,"nav2_feedback of the target goal (map, AMCL-based estimate)",-4.9204,-0.6478,0.0284,,
1790754283022883365,18.283,map,"nav2_feedback of the target goal (map, AMCL-based estimate)",-4.9204,-0.6478,0.0284,,
1790754283033286418,18.283,map,"nav2_feedback of the target goal (map, AMCL-based estimate)",-4.9204,-0.6478,0.0284,,
1790754283042926072,18.300,map,"nav2_feedback of the target goal (map, AMCL-based estimate)",-4.9071,-0.6475,0.0285,,
1790754283052858442,18.300,map,"nav2_feedback of the target goal (map, AMCL-based estimate)",-4.9071,-0.6475,0.0285,,
1790754283063076273,18.300,map,"nav2_feedback of the target goal (map, AMCL-based estimate)",-4.9071,-0.6475,0.0285,,
1790754283072756533,18.300,map,"nav2_feedback of the target goal (map, AMCL-based estimate)",-4.9071,-0.6475,0.0285,,
1790754283083430067,18.300,map,"nav2_feedback of the target goal (map, AMCL-based estimate)",-4.9071,-0.6475,0.0285,,
1790754283092887044,18.317,map,"nav2_feedback of the target goal (map, AMCL-based estimate)",-4.8937,-0.6471,0.0288,,
1790754283102850693,18.317,map,"nav2_feedback of the target goal (map, AMCL-based estimate)",-4.8937,-0.6471,0.0288,,
1790754283113081997,18.317,map,"nav2_feedback of the target goal (map, AMCL-based estimate)",-4.8937,-0.6471,0.0288,,
1790754283122671342,18.317,map,"nav2_feedback of the target goal (map, AMCL-based estimate)",-4.8937,-0.6471,0.0288,,
1790754283133138552,18.333,map,"nav2_feedback of the target goal (map, AMCL-based estimate)",-4.8804,-0.6467,0.0290,,
1790754283142781880,18.333,map,"nav2_feedback of the target goal (map, AMCL-based estimate)",-4.8804,-0.6467,0.0290,,
1790754283152920668,18.333,map,"nav2_feedback of the target goal (map, AMCL-based estimate)",-4.8804,-0.6467,0.0290,,
1790754283163116360,18.333,map,"nav2_feedback of the target goal (map, AMCL-based estimate)",-4.8804,-0.6467,0.0290,,
1790754283172979956,18.350,map,"nav2_feedback of the target goal (map, AMCL-based estimate)",-4.8670,-0.6463,0.0293,,
1790754283183377261,18.350,map,"nav2_feedback of the target goal (map, AMCL-based estimate)",-4.8670,-0.6463,0.0293,,
1790754283192961142,18.350,map,"nav2_feedback of the target goal (map, AMCL-based estimate)",-4.8670,-0.6463,0.0293,,
1790754283203504287,18.350,map,"nav2_feedback of the target goal (map, AMCL-based estimate)",-4.8670,-0.6463,0.0293,,
1790754283213293643,18.350,map,"nav2_feedback of the target goal (map, AMCL-based estimate)",-4.8670,-0.6463,0.0293,,
1790754283222841723,18.367,map,"nav2_feedback of the target goal (map, AMCL-based estimate)",-4.8537,-0.6459,0.0295,,
1790754283233209917,18.367,map,"nav2_feedback of the target goal (map, AMCL-based estimate)",-4.8537,-0.6459,0.0295,,
1790754283243076810,18.367,map,"nav2_feedback of the target goal (map, AMCL-based estimate)",-4.8537,-0.6459,0.0295,,
1790754283253153136,18.367,map,"nav2_feedback of the target goal (map, AMCL-based estimate)",-4.8537,-0.6459,0.0295,,
1790754283263002411,18.383,map,"nav2_feedback of the target goal (map, AMCL-based estimate)",-4.8404,-0.6455,0.0298,,
1790754283272791862,18.383,map,"nav2_feedback of the target goal (map, AMCL-based estimate)",-4.8404,-0.6455,0.0298,,
1790754283282883826,18.383,map,"nav2_feedback of the target goal (map, AMCL-based estimate)",-4.8404,-0.6455,0.0298,,
1790754283293019317,18.383,map,"nav2_feedback of the target goal (map, AMCL-based estimate)",-4.8404,-0.6455,0.0298,,
1790754283302891486,18.383,map,"nav2_feedback of the target goal (map, AMCL-based estimate)",-4.8404,-0.6455,0.0298,,
1790754283312813304,18.400,map,"nav2_feedback of the target goal (map, AMCL-based estimate)",-4.8270,-0.6451,0.0302,,
1790754283322965282,18.400,map,"nav2_feedback of the target goal (map, AMCL-based estimate)",-4.8270,-0.6451,0.0302,,
1790754283332941649,18.400,map,"nav2_feedback of the target goal (map, AMCL-based estimate)",-4.8270,-0.6451,0.0302,,
1790754283342866859,18.400,map,"nav2_feedback of the target goal (map, AMCL-based estimate)",-4.8270,-0.6451,0.0302,,
1790754283353003009,18.417,map,"nav2_feedback of the target goal (map, AMCL-based estimate)",-4.8137,-0.6447,0.0305,,
1790754283363037787,18.417,map,"nav2_feedback of the target goal (map, AMCL-based estimate)",-4.8137,-0.6447,0.0305,,
1790754283372690819,18.417,map,"nav2_feedback of the target goal (map, AMCL-based estimate)",-4.8137,-0.6447,0.0305,,
1790754283382961315,18.417,map,"nav2_feedback of the target goal (map, AMCL-based estimate)",-4.8137,-0.6447,0.0305,,
1790754283393171422,18.417,map,"nav2_feedback of the target goal (map, AMCL-based estimate)",-4.8137,-0.6447,0.0305,,
1790754283403446911,18.433,map,"nav2_feedback of the target goal (map, AMCL-based estimate)",-4.8003,-0.6443,0.0310,,
1790754283413144694,18.433,map,"nav2_feedback of the target goal (map, AMCL-based estimate)",-4.8003,-0.6443,0.0310,,
1790754283422856326,18.433,map,"nav2_feedback of the target goal (map, AMCL-based estimate)",-4.8003,-0.6443,0.0310,,
1790754283433348219,18.433,map,"nav2_feedback of the target goal (map, AMCL-based estimate)",-4.8003,-0.6443,0.0310,,
1790754283442766853,18.450,map,"nav2_feedback of the target goal (map, AMCL-based estimate)",-4.7870,-0.6439,0.0316,,
1790754283452804269,18.450,map,"nav2_feedback of the target goal (map, AMCL-based estimate)",-4.7870,-0.6439,0.0316,,
1790754283464362828,18.450,map,"nav2_feedback of the target goal (map, AMCL-based estimate)",-4.7870,-0.6439,0.0316,,
1790754283472831147,18.450,map,"nav2_feedback of the target goal (map, AMCL-based estimate)",-4.7870,-0.6439,0.0316,,
1790754283483317577,18.450,map,"nav2_feedback of the target goal (map, AMCL-based estimate)",-4.7870,-0.6439,0.0316,,
1790754283493118051,18.467,map,"nav2_feedback of the target goal (map, AMCL-based estimate)",-4.7736,-0.6434,0.0324,,
1790754283503162815,18.467,map,"nav2_feedback of the target goal (map, AMCL-based estimate)",-4.7736,-0.6434,0.0324,,
1790754283513057501,18.467,map,"nav2_feedback of the target goal (map, AMCL-based estimate)",-4.7736,-0.6434,0.0324,,
1790754283524554540,18.467,map,"nav2_feedback of the target goal (map, AMCL-based estimate)",-4.7736,-0.6434,0.0324,,
1790754283533067609,18.483,map,"nav2_feedback of the target goal (map, AMCL-based estimate)",-4.7603,-0.6430,0.0333,,
1790754283542809389,18.483,map,"nav2_feedback of the target goal (map, AMCL-based estimate)",-4.7603,-0.6430,0.0333,,
1790754283553498751,18.483,map,"nav2_feedback of the target goal (map, AMCL-based estimate)",-4.7603,-0.6430,0.0333,,
1790754283562835326,18.483,map,"nav2_feedback of the target goal (map, AMCL-based estimate)",-4.7603,-0.6430,0.0333,,
1790754283572747723,18.483,map,"nav2_feedback of the target goal (map, AMCL-based estimate)",-4.7603,-0.6430,0.0333,,
1790754283583217006,18.500,map,"nav2_feedback of the target goal (map, AMCL-based estimate)",-4.7469,-0.6425,0.0342,,
1790754283593011261,18.500,map,"nav2_feedback of the target goal (map, AMCL-based estimate)",-4.7469,-0.6425,0.0342,,
1790754283602802973,18.500,map,"nav2_feedback of the target goal (map, AMCL-based estimate)",-4.7469,-0.6425,0.0342,,
1790754283612698601,18.500,map,"nav2_feedback of the target goal (map, AMCL-based estimate)",-4.7469,-0.6425,0.0342,,
1790754283622913983,18.517,map,"nav2_feedback of the target goal (map, AMCL-based estimate)",-4.7336,-0.6421,0.0352,,
1790754283635257232,18.517,map,"nav2_feedback of the target goal (map, AMCL-based estimate)",-4.7336,-0.6421,0.0352,,
1790754283642692519,18.517,map,"nav2_feedback of the target goal (map, AMCL-based estimate)",-4.7336,-0.6421,0.0352,,
1790754283652897632,18.517,map,"nav2_feedback of the target goal (map, AMCL-based estimate)",-4.7336,-0.6421,0.0352,,
1790754283662780918,18.517,map,"nav2_feedback of the target goal (map, AMCL-based estimate)",-4.7336,-0.6421,0.0352,,
1790754283673137147,18.517,map,"nav2_feedback of the target goal (map, AMCL-based estimate)",-4.7336,-0.6421,0.0352,,
1790754283685822291,18.533,map,"nav2_feedback of the target goal (map, AMCL-based estimate)",-4.7202,-0.6416,0.0362,,
1790754283693147256,18.533,map,"nav2_feedback of the target goal (map, AMCL-based estimate)",-4.7202,-0.6416,0.0362,,
1790754283702756103,18.533,map,"nav2_feedback of the target goal (map, AMCL-based estimate)",-4.7202,-0.6416,0.0362,,
1790754283712964796,18.533,map,"nav2_feedback of the target goal (map, AMCL-based estimate)",-4.7202,-0.6416,0.0362,,
1790754283722735593,18.550,map,"nav2_feedback of the target goal (map, AMCL-based estimate)",-4.7069,-0.6411,0.0373,,
1790754283733145145,18.550,map,"nav2_feedback of the target goal (map, AMCL-based estimate)",-4.7069,-0.6411,0.0373,,
1790754283745414909,18.550,map,"nav2_feedback of the target goal (map, AMCL-based estimate)",-4.7069,-0.6411,0.0373,,
1790754283752728381,18.550,map,"nav2_feedback of the target goal (map, AMCL-based estimate)",-4.7069,-0.6411,0.0373,,
1790754283762858972,18.550,map,"nav2_feedback of the target goal (map, AMCL-based estimate)",-4.7069,-0.6411,0.0373,,
1790754283772682151,18.567,map,"nav2_feedback of the target goal (map, AMCL-based estimate)",-4.6936,-0.6406,0.0385,,
1790754283782906954,18.567,map,"nav2_feedback of the target goal (map, AMCL-based estimate)",-4.6936,-0.6406,0.0385,,
1790754283792822178,18.567,map,"nav2_feedback of the target goal (map, AMCL-based estimate)",-4.6936,-0.6406,0.0385,,
1790754283802928745,18.567,map,"nav2_feedback of the target goal (map, AMCL-based estimate)",-4.6936,-0.6406,0.0385,,
1790754283813044923,18.583,map,"nav2_feedback of the target goal (map, AMCL-based estimate)",-4.6802,-0.6400,0.0397,,
1790754283823302135,18.583,map,"nav2_feedback of the target goal (map, AMCL-based estimate)",-4.6802,-0.6400,0.0397,,
1790754283833284343,18.583,map,"nav2_feedback of the target goal (map, AMCL-based estimate)",-4.6802,-0.6400,0.0397,,
1790754283843080671,18.583,map,"nav2_feedback of the target goal (map, AMCL-based estimate)",-4.6802,-0.6400,0.0397,,
1790754283854380713,18.583,map,"nav2_feedback of the target goal (map, AMCL-based estimate)",-4.6802,-0.6400,0.0397,,
1790754283862669371,18.600,map,"nav2_feedback of the target goal (map, AMCL-based estimate)",-4.6669,-0.6395,0.0410,,
1790754283873017215,18.600,map,"nav2_feedback of the target goal (map, AMCL-based estimate)",-4.6669,-0.6395,0.0410,,
1790754283883105976,18.600,map,"nav2_feedback of the target goal (map, AMCL-based estimate)",-4.6669,-0.6395,0.0410,,
1790754283893006503,18.600,map,"nav2_feedback of the target goal (map, AMCL-based estimate)",-4.6669,-0.6395,0.0410,,
1790754283904983362,18.617,map,"nav2_feedback of the target goal (map, AMCL-based estimate)",-4.6517,-0.6532,0.0317,,
1790754283912851176,18.617,map,"nav2_feedback of the target goal (map, AMCL-based estimate)",-4.6517,-0.6532,0.0317,,
1790754283923264497,18.617,map,"nav2_feedback of the target goal (map, AMCL-based estimate)",-4.6517,-0.6532,0.0317,,
1790754283933156450,18.617,map,"nav2_feedback of the target goal (map, AMCL-based estimate)",-4.6517,-0.6532,0.0317,,
1790754283943040113,18.617,map,"nav2_feedback of the target goal (map, AMCL-based estimate)",-4.6517,-0.6532,0.0317,,
1790754283952668556,18.633,map,"nav2_feedback of the target goal (map, AMCL-based estimate)",-4.6367,-0.6672,0.0225,,
1790754283963356033,18.633,map,"nav2_feedback of the target goal (map, AMCL-based estimate)",-4.6367,-0.6672,0.0225,,
1790754283972756107,18.633,map,"nav2_feedback of the target goal (map, AMCL-based estimate)",-4.6367,-0.6672,0.0225,,
1790754283983354365,18.633,map,"nav2_feedback of the target goal (map, AMCL-based estimate)",-4.6367,-0.6672,0.0225,,
1790754283993088043,18.650,map,"nav2_feedback of the target goal (map, AMCL-based estimate)",-4.6219,-0.6815,0.0133,,
1790754284002803914,18.650,map,"nav2_feedback of the target goal (map, AMCL-based estimate)",-4.6219,-0.6815,0.0133,,
1790754284012822394,18.650,map,"nav2_feedback of the target goal (map, AMCL-based estimate)",-4.6219,-0.6815,0.0133,,
1790754284022779918,18.650,map,"nav2_feedback of the target goal (map, AMCL-based estimate)",-4.6219,-0.6815,0.0133,,
1790754284033344450,18.650,map,"nav2_feedback of the target goal (map, AMCL-based estimate)",-4.6219,-0.6815,0.0133,,
1790754284043021129,18.667,map,"nav2_feedback of the target goal (map, AMCL-based estimate)",-4.6072,-0.6960,0.0041,,
1790754284052968573,18.667,map,"nav2_feedback of the target goal (map, AMCL-based estimate)",-4.6072,-0.6960,0.0041,,
1790754284062807579,18.667,map,"nav2_feedback of the target goal (map, AMCL-based estimate)",-4.6072,-0.6960,0.0041,,
1790754284072624069,18.667,map,"nav2_feedback of the target goal (map, AMCL-based estimate)",-4.6072,-0.6960,0.0041,,
1790754284083100229,18.683,map,"nav2_feedback of the target goal (map, AMCL-based estimate)",-4.5928,-0.7109,-0.0050,,
1790754284093084792,18.683,map,"nav2_feedback of the target goal (map, AMCL-based estimate)",-4.5928,-0.7109,-0.0050,,
1790754284103212746,18.683,map,"nav2_feedback of the target goal (map, AMCL-based estimate)",-4.5928,-0.7109,-0.0050,,
1790754284113110069,18.683,map,"nav2_feedback of the target goal (map, AMCL-based estimate)",-4.5928,-0.7109,-0.0050,,
1790754284122878322,18.700,map,"nav2_feedback of the target goal (map, AMCL-based estimate)",-4.5784,-0.7261,-0.0140,,
1790754284133285520,18.700,map,"nav2_feedback of the target goal (map, AMCL-based estimate)",-4.5784,-0.7261,-0.0140,,
1790754284143181241,18.700,map,"nav2_feedback of the target goal (map, AMCL-based estimate)",-4.5784,-0.7261,-0.0140,,
1790754284152927826,18.700,map,"nav2_feedback of the target goal (map, AMCL-based estimate)",-4.5784,-0.7261,-0.0140,,
1790754284162790573,18.717,map,"nav2_feedback of the target goal (map, AMCL-based estimate)",-4.5651,-0.7262,-0.0124,,
1790754284172898837,18.717,map,"nav2_feedback of the target goal (map, AMCL-based estimate)",-4.5651,-0.7262,-0.0124,,
1790754284183237731,18.717,map,"nav2_feedback of the target goal (map, AMCL-based estimate)",-4.5651,-0.7262,-0.0124,,
1790754284193124879,18.717,map,"nav2_feedback of the target goal (map, AMCL-based estimate)",-4.5651,-0.7262,-0.0124,,
1790754284208307389,18.717,map,"nav2_feedback of the target goal (map, AMCL-based estimate)",-4.5651,-0.7262,-0.0124,,
1790754284213030225,18.717,map,"nav2_feedback of the target goal (map, AMCL-based estimate)",-4.5651,-0.7262,-0.0124,,
1790754284224228801,18.733,map,"nav2_feedback of the target goal (map, AMCL-based estimate)",-4.5517,-0.7264,-0.0108,,
1790754284233172795,18.733,map,"nav2_feedback of the target goal (map, AMCL-based estimate)",-4.5517,-0.7264,-0.0108,,
1790754284242701468,18.733,map,"nav2_feedback of the target goal (map, AMCL-based estimate)",-4.5517,-0.7264,-0.0108,,
1790754284253089823,18.750,map,"nav2_feedback of the target goal (map, AMCL-based estimate)",-4.5384,-0.7265,-0.0090,,
1790754284262952194,18.750,map,"nav2_feedback of the target goal (map, AMCL-based estimate)",-4.5384,-0.7265,-0.0090,,
1790754284272863272,18.750,map,"nav2_feedback of the target goal (map, AMCL-based estimate)",-4.5384,-0.7265,-0.0090,,
1790754284283384465,18.750,map,"nav2_feedback of the target goal (map, AMCL-based estimate)",-4.5384,-0.7265,-0.0090,,
1790754284293081212,18.750,map,"nav2_feedback of the target goal (map, AMCL-based estimate)",-4.5384,-0.7265,-0.0090,,
1790754284302762036,18.750,map,"nav2_feedback of the target goal (map, AMCL-based estimate)",-4.5384,-0.7265,-0.0090,,
1790754284312875764,18.767,map,"nav2_feedback of the target goal (map, AMCL-based estimate)",-4.5250,-0.7266,-0.0073,,
1790754284323077015,18.767,map,"nav2_feedback of the target goal (map, AMCL-based estimate)",-4.5250,-0.7266,-0.0073,,
1790754284333491466,18.767,map,"nav2_feedback of the target goal (map, AMCL-based estimate)",-4.5250,-0.7266,-0.0073,,
1790754284342912172,18.767,map,"nav2_feedback of the target goal (map, AMCL-based estimate)",-4.5250,-0.7266,-0.0073,,
1790754284352787921,18.767,map,"nav2_feedback of the target goal (map, AMCL-based estimate)",-4.5250,-0.7266,-0.0073,,
1790754284362819967,18.783,map,"nav2_feedback of the target goal (map, AMCL-based estimate)",-4.5117,-0.7267,-0.0055,,
1790754284373091405,18.783,map,"nav2_feedback of the target goal (map, AMCL-based estimate)",-4.5117,-0.7267,-0.0055,,
1790754284383133344,18.783,map,"nav2_feedback of the target goal (map, AMCL-based estimate)",-4.5117,-0.7267,-0.0055,,
1790754284393048661,18.783,map,"nav2_feedback of the target goal (map, AMCL-based estimate)",-4.5117,-0.7267,-0.0055,,
1790754284403286466,18.800,map,"nav2_feedback of the target goal (map, AMCL-based estimate)",-4.4983,-0.7267,-0.0038,,
1790754284413200088,18.800,map,"nav2_feedback of the target goal (map, AMCL-based estimate)",-4.4983,-0.7267,-0.0038,,
1790754284422845583,18.800,map,"nav2_feedback of the target goal (map, AMCL-based estimate)",-4.4983,-0.7267,-0.0038,,
1790754284435535343,18.800,map,"nav2_feedback of the target goal (map, AMCL-based estimate)",-4.4983,-0.7267,-0.0038,,
1790754284442641454,18.817,map,"nav2_feedback of the target goal (map, AMCL-based estimate)",-4.4850,-0.7267,-0.0021,,
1790754284452895463,18.817,map,"nav2_feedback of the target goal (map, AMCL-based estimate)",-4.4850,-0.7267,-0.0021,,
1790754284462648077,18.817,map,"nav2_feedback of the target goal (map, AMCL-based estimate)",-4.4850,-0.7267,-0.0021,,
1790754284473125180,18.817,map,"nav2_feedback of the target goal (map, AMCL-based estimate)",-4.4850,-0.7267,-0.0021,,
1790754284484678652,18.817,map,"nav2_feedback of the target goal (map, AMCL-based estimate)",-4.4850,-0.7267,-0.0021,,
1790754284493144993,18.833,map,"nav2_feedback of the target goal (map, AMCL-based estimate)",-4.4716,-0.7267,-0.0006,,
1790754284502894592,18.833,map,"nav2_feedback of the target goal (map, AMCL-based estimate)",-4.4716,-0.7267,-0.0006,,
1790754284513166690,18.833,map,"nav2_feedback of the target goal (map, AMCL-based estimate)",-4.4716,-0.7267,-0.0006,,
1790754284522809735,18.833,map,"nav2_feedback of the target goal (map, AMCL-based estimate)",-4.4716,-0.7267,-0.0006,,
1790754284532964445,18.850,map,"nav2_feedback of the target goal (map, AMCL-based estimate)",-4.4583,-0.7267,0.0009,,
1790754284542942885,18.850,map,"nav2_feedback of the target goal (map, AMCL-based estimate)",-4.4583,-0.7267,0.0009,,
1790754284553163166,18.850,map,"nav2_feedback of the target goal (map, AMCL-based estimate)",-4.4583,-0.7267,0.0009,,
1790754284562719537,18.850,map,"nav2_feedback of the target goal (map, AMCL-based estimate)",-4.4583,-0.7267,0.0009,,
1790754284572950087,18.850,map,"nav2_feedback of the target goal (map, AMCL-based estimate)",-4.4583,-0.7267,0.0009,,
1790754284583247339,18.867,map,"nav2_feedback of the target goal (map, AMCL-based estimate)",-4.4450,-0.7267,0.0022,,
1790754284593014274,18.867,map,"nav2_feedback of the target goal (map, AMCL-based estimate)",-4.4450,-0.7267,0.0022,,
1790754284603199508,18.867,map,"nav2_feedback of the target goal (map, AMCL-based estimate)",-4.4450,-0.7267,0.0022,,
1790754284613054813,18.867,map,"nav2_feedback of the target goal (map, AMCL-based estimate)",-4.4450,-0.7267,0.0022,,
1790754284622861975,18.867,map,"nav2_feedback of the target goal (map, AMCL-based estimate)",-4.4450,-0.7267,0.0022,,
1790754284633190129,18.883,map,"nav2_feedback of the target goal (map, AMCL-based estimate)",-4.4316,-0.7267,0.0033,,
1790754284642726150,18.883,map,"nav2_feedback of the target goal (map, AMCL-based estimate)",-4.4316,-0.7267,0.0033,,
1790754284652949164,18.883,map,"nav2_feedback of the target goal (map, AMCL-based estimate)",-4.4316,-0.7267,0.0033,,
1790754284662910645,18.883,map,"nav2_feedback of the target goal (map, AMCL-based estimate)",-4.4316,-0.7267,0.0033,,
1790754284672710836,18.900,map,"nav2_feedback of the target goal (map, AMCL-based estimate)",-4.4183,-0.7266,0.0047,,
1790754284683332459,18.900,map,"nav2_feedback of the target goal (map, AMCL-based estimate)",-4.4183,-0.7266,0.0047,,
1790754284692974375,18.900,map,"nav2_feedback of the target goal (map, AMCL-based estimate)",-4.4183,-0.7266,0.0047,,
1790754284702847014,18.900,map,"nav2_feedback of the target goal (map, AMCL-based estimate)",-4.4183,-0.7266,0.0047,,
1790754284712956314,18.917,map,"nav2_feedback of the target goal (map, AMCL-based estimate)",-4.4049,-0.7265,0.0057,,
1790754284723045735,18.917,map,"nav2_feedback of the target goal (map, AMCL-based estimate)",-4.4049,-0.7265,0.0057,,
1790754284732997607,18.917,map,"nav2_feedback of the target goal (map, AMCL-based estimate)",-4.4049,-0.7265,0.0057,,
1790754284743053112,18.917,map,"nav2_feedback of the target goal (map, AMCL-based estimate)",-4.4049,-0.7265,0.0057,,
1790754284752924527,18.917,map,"nav2_feedback of the target goal (map, AMCL-based estimate)",-4.4049,-0.7265,0.0057,,
1790754284762727450,18.933,map,"nav2_feedback of the target goal (map, AMCL-based estimate)",-4.3916,-0.7264,0.0069,,
1790754284772732081,18.933,map,"nav2_feedback of the target goal (map, AMCL-based estimate)",-4.3916,-0.7264,0.0069,,
1790754284783226518,18.933,map,"nav2_feedback of the target goal (map, AMCL-based estimate)",-4.3916,-0.7264,0.0069,,
1790754284793051769,18.933,map,"nav2_feedback of the target goal (map, AMCL-based estimate)",-4.3916,-0.7264,0.0069,,
1790754284803072793,18.950,map,"nav2_feedback of the target goal (map, AMCL-based estimate)",-4.3782,-0.7263,0.0080,,
1790754284812935823,18.950,map,"nav2_feedback of the target goal (map, AMCL-based estimate)",-4.3782,-0.7263,0.0080,,
1790754284822790657,18.950,map,"nav2_feedback of the target goal (map, AMCL-based estimate)",-4.3782,-0.7263,0.0080,,
1790754284833090829,18.950,map,"nav2_feedback of the target goal (map, AMCL-based estimate)",-4.3782,-0.7263,0.0080,,
1790754284842988718,18.950,map,"nav2_feedback of the target goal (map, AMCL-based estimate)",-4.3782,-0.7263,0.0080,,
1790754284853043846,18.967,map,"nav2_feedback of the target goal (map, AMCL-based estimate)",-4.3649,-0.7262,0.0091,,
1790754284863087292,18.967,map,"nav2_feedback of the target goal (map, AMCL-based estimate)",-4.3649,-0.7262,0.0091,,
1790754284872689826,18.967,map,"nav2_feedback of the target goal (map, AMCL-based estimate)",-4.3649,-0.7262,0.0091,,
1790754284883234196,18.967,map,"nav2_feedback of the target goal (map, AMCL-based estimate)",-4.3649,-0.7262,0.0091,,
1790754284892958547,18.983,map,"nav2_feedback of the target goal (map, AMCL-based estimate)",-4.3516,-0.7260,0.0101,,
1790754284903102328,18.983,map,"nav2_feedback of the target goal (map, AMCL-based estimate)",-4.3516,-0.7260,0.0101,,
1790754284912959140,18.983,map,"nav2_feedback of the target goal (map, AMCL-based estimate)",-4.3516,-0.7260,0.0101,,
1790754284923038669,18.983,map,"nav2_feedback of the target goal (map, AMCL-based estimate)",-4.3516,-0.7260,0.0101,,
1790754284934186182,18.983,map,"nav2_feedback of the target goal (map, AMCL-based estimate)",-4.3516,-0.7260,0.0101,,
1790754284943261696,19.000,map,"nav2_feedback of the target goal (map, AMCL-based estimate)",-4.3382,-0.7259,0.0112,,
1790754284953263312,19.000,map,"nav2_feedback of the target goal (map, AMCL-based estimate)",-4.3382,-0.7259,0.0112,,
1790754284963270675,19.000,map,"nav2_feedback of the target goal (map, AMCL-based estimate)",-4.3382,-0.7259,0.0112,,
1790754284973080475,19.000,map,"nav2_feedback of the target goal (map, AMCL-based estimate)",-4.3382,-0.7259,0.0112,,
1790754284983347109,19.000,map,"nav2_feedback of the target goal (map, AMCL-based estimate)",-4.3382,-0.7259,0.0112,,
1790754284992977436,19.017,map,"nav2_feedback of the target goal (map, AMCL-based estimate)",-4.3249,-0.7257,0.0125,,
1790754285002901327,19.017,map,"nav2_feedback of the target goal (map, AMCL-based estimate)",-4.3249,-0.7257,0.0125,,
1790754285013195753,19.017,map,"nav2_feedback of the target goal (map, AMCL-based estimate)",-4.3249,-0.7257,0.0125,,
1790754285023273774,19.017,map,"nav2_feedback of the target goal (map, AMCL-based estimate)",-4.3249,-0.7257,0.0125,,
1790754285032886389,19.017,map,"nav2_feedback of the target goal (map, AMCL-based estimate)",-4.3249,-0.7257,0.0125,,
1790754285042756957,19.017,map,"nav2_feedback of the target goal (map, AMCL-based estimate)",-4.3249,-0.7257,0.0125,,
1790754285052862676,19.033,map,"nav2_feedback of the target goal (map, AMCL-based estimate)",-4.3115,-0.7255,0.0139,,
1790754285062972636,19.033,map,"nav2_feedback of the target goal (map, AMCL-based estimate)",-4.3115,-0.7255,0.0139,,
1790754285072901331,19.033,map,"nav2_feedback of the target goal (map, AMCL-based estimate)",-4.3115,-0.7255,0.0139,,
1790754285083454651,19.033,map,"nav2_feedback of the target goal (map, AMCL-based estimate)",-4.3115,-0.7255,0.0139,,
1790754285093092044,19.050,map,"nav2_feedback of the target goal (map, AMCL-based estimate)",-4.2982,-0.7253,0.0154,,
1790754285102747526,19.050,map,"nav2_feedback of the target goal (map, AMCL-based estimate)",-4.2982,-0.7253,0.0154,,
1790754285113235368,19.050,map,"nav2_feedback of the target goal (map, AMCL-based estimate)",-4.2982,-0.7253,0.0154,,
1790754285123118183,19.050,map,"nav2_feedback of the target goal (map, AMCL-based estimate)",-4.2982,-0.7253,0.0154,,
1790754285133078440,19.067,map,"nav2_feedback of the target goal (map, AMCL-based estimate)",-4.2848,-0.7251,0.0169,,
1790754285143076570,19.067,map,"nav2_feedback of the target goal (map, AMCL-based estimate)",-4.2848,-0.7251,0.0169,,
1790754285152862912,19.067,map,"nav2_feedback of the target goal (map, AMCL-based estimate)",-4.2848,-0.7251,0.0169,,
1790754285162984553,19.067,map,"nav2_feedback of the target goal (map, AMCL-based estimate)",-4.2848,-0.7251,0.0169,,
1790754285172745269,19.083,map,"nav2_feedback of the target goal (map, AMCL-based estimate)",-4.2715,-0.7249,0.0184,,
1790754285182888014,19.083,map,"nav2_feedback of the target goal (map, AMCL-based estimate)",-4.2715,-0.7249,0.0184,,
1790754285192825566,19.083,map,"nav2_feedback of the target goal (map, AMCL-based estimate)",-4.2715,-0.7249,0.0184,,
1790754285202970760,19.083,map,"nav2_feedback of the target goal (map, AMCL-based estimate)",-4.2715,-0.7249,0.0184,,
1790754285212987544,19.083,map,"nav2_feedback of the target goal (map, AMCL-based estimate)",-4.2715,-0.7249,0.0184,,
1790754285222847465,19.100,map,"nav2_feedback of the target goal (map, AMCL-based estimate)",-4.2581,-0.7246,0.0200,,
1790754285233769059,19.100,map,"nav2_feedback of the target goal (map, AMCL-based estimate)",-4.2581,-0.7246,0.0200,,
1790754285243078124,19.100,map,"nav2_feedback of the target goal (map, AMCL-based estimate)",-4.2581,-0.7246,0.0200,,
1790754285253677608,19.100,map,"nav2_feedback of the target goal (map, AMCL-based estimate)",-4.2581,-0.7246,0.0200,,
1790754285262860806,19.117,map,"nav2_feedback of the target goal (map, AMCL-based estimate)",-4.2448,-0.7243,0.0216,,
1790754285273049714,19.117,map,"nav2_feedback of the target goal (map, AMCL-based estimate)",-4.2448,-0.7243,0.0216,,
1790754285283125192,19.117,map,"nav2_feedback of the target goal (map, AMCL-based estimate)",-4.2448,-0.7243,0.0216,,
1790754285292833432,19.117,map,"nav2_feedback of the target goal (map, AMCL-based estimate)",-4.2448,-0.7243,0.0216,,
1790754285302811589,19.117,map,"nav2_feedback of the target goal (map, AMCL-based estimate)",-4.2448,-0.7243,0.0216,,
1790754285312842693,19.133,map,"nav2_feedback of the target goal (map, AMCL-based estimate)",-4.2314,-0.7240,0.0233,,
1790754285322887646,19.133,map,"nav2_feedback of the target goal (map, AMCL-based estimate)",-4.2314,-0.7240,0.0233,,
1790754285333603576,19.133,map,"nav2_feedback of the target goal (map, AMCL-based estimate)",-4.2314,-0.7240,0.0233,,
1790754285342815697,19.133,map,"nav2_feedback of the target goal (map, AMCL-based estimate)",-4.2314,-0.7240,0.0233,,
1790754285352940918,19.133,map,"nav2_feedback of the target goal (map, AMCL-based estimate)",-4.2314,-0.7240,0.0233,,
1790754285363002359,19.150,map,"nav2_feedback of the target goal (map, AMCL-based estimate)",-4.2181,-0.7237,0.0250,,
1790754285372649079,19.150,map,"nav2_feedback of the target goal (map, AMCL-based estimate)",-4.2181,-0.7237,0.0250,,
1790754285383374806,19.150,map,"nav2_feedback of the target goal (map, AMCL-based estimate)",-4.2181,-0.7237,0.0250,,
1790754285393041122,19.150,map,"nav2_feedback of the target goal (map, AMCL-based estimate)",-4.2181,-0.7237,0.0250,,
1790754285402761610,19.167,map,"nav2_feedback of the target goal (map, AMCL-based estimate)",-4.2047,-0.7233,0.0268,,
1790754285412968701,19.167,map,"nav2_feedback of the target goal (map, AMCL-based estimate)",-4.2047,-0.7233,0.0268,,
1790754285422758812,19.167,map,"nav2_feedback of the target goal (map, AMCL-based estimate)",-4.2047,-0.7233,0.0268,,
1790754285434608485,19.183,map,"nav2_feedback of the target goal (map, AMCL-based estimate)",-4.1914,-0.7229,0.0286,,
1790754285442906658,19.183,map,"nav2_feedback of the target goal (map, AMCL-based estimate)",-4.1914,-0.7229,0.0286,,
1790754285452776000,19.183,map,"nav2_feedback of the target goal (map, AMCL-based estimate)",-4.1914,-0.7229,0.0286,,
1790754285463114517,19.183,map,"nav2_feedback of the target goal (map, AMCL-based estimate)",-4.1914,-0.7229,0.0286,,
1790754285473032096,19.183,map,"nav2_feedback of the target goal (map, AMCL-based estimate)",-4.1914,-0.7229,0.0286,,
1790754285483632805,19.183,map,"nav2_feedback of the target goal (map, AMCL-based estimate)",-4.1914,-0.7229,0.0286,,
1790754285492922839,19.200,map,"nav2_feedback of the target goal (map, AMCL-based estimate)",-4.1781,-0.7225,0.0304,,
1790754285503178732,19.200,map,"nav2_feedback of the target goal (map, AMCL-based estimate)",-4.1781,-0.7225,0.0304,,
1790754285513068424,19.200,map,"nav2_feedback of the target goal (map, AMCL-based estimate)",-4.1781,-0.7225,0.0304,,
1790754285522978372,19.217,map,"nav2_feedback of the target goal (map, AMCL-based estimate)",-4.1647,-0.7221,0.0323,,
1790754285536089918,19.217,map,"nav2_feedback of the target goal (map, AMCL-based estimate)",-4.1647,-0.7221,0.0323,,
1790754285542846315,19.217,map,"nav2_feedback of the target goal (map, AMCL-based estimate)",-4.1647,-0.7221,0.0323,,
1790754285553174563,19.217,map,"nav2_feedback of the target goal (map, AMCL-based estimate)",-4.1647,-0.7221,0.0323,,
1790754285563232894,19.217,map,"nav2_feedback of the target goal (map, AMCL-based estimate)",-4.1647,-0.7221,0.0323,,
1790754285572761284,19.217,map,"nav2_feedback of the target goal (map, AMCL-based estimate)",-4.1647,-0.7221,0.0323,,
1790754285582922306,19.233,map,"nav2_feedback of the target goal (map, AMCL-based estimate)",-4.1514,-0.7216,0.0343,,
1790754285595026823,19.233,map,"nav2_feedback of the target goal (map, AMCL-based estimate)",-4.1514,-0.7216,0.0343,,
1790754285603186504,19.233,map,"nav2_feedback of the target goal (map, AMCL-based estimate)",-4.1514,-0.7216,0.0343,,
1790754285613186236,19.233,map,"nav2_feedback of the target goal (map, AMCL-based estimate)",-4.1514,-0.7216,0.0343,,
1790754285623252575,19.250,map,"nav2_feedback of the target goal (map, AMCL-based estimate)",-4.1380,-0.7212,0.0362,,
1790754285633198888,19.250,map,"nav2_feedback of the target goal (map, AMCL-based estimate)",-4.1380,-0.7212,0.0362,,
1790754285643039967,19.250,map,"nav2_feedback of the target goal (map, AMCL-based estimate)",-4.1380,-0.7212,0.0362,,
1790754285653119779,19.250,map,"nav2_feedback of the target goal (map, AMCL-based estimate)",-4.1380,-0.7212,0.0362,,
1790754285663339306,19.250,map,"nav2_feedback of the target goal (map, AMCL-based estimate)",-4.1380,-0.7212,0.0362,,
1790754285672805045,19.267,map,"nav2_feedback of the target goal (map, AMCL-based estimate)",-4.1247,-0.7206,0.0382,,
1790754285683192458,19.267,map,"nav2_feedback of the target goal (map, AMCL-based estimate)",-4.1247,-0.7206,0.0382,,
1790754285692863296,19.267,map,"nav2_feedback of the target goal (map, AMCL-based estimate)",-4.1247,-0.7206,0.0382,,
1790754285703019702,19.267,map,"nav2_feedback of the target goal (map, AMCL-based estimate)",-4.1247,-0.7206,0.0382,,
1790754285712888008,19.283,map,"nav2_feedback of the target goal (map, AMCL-based estimate)",-4.1114,-0.7201,0.0403,,
1790754285722787310,19.283,map,"nav2_feedback of the target goal (map, AMCL-based estimate)",-4.1114,-0.7201,0.0403,,
1790754285733010041,19.283,map,"nav2_feedback of the target goal (map, AMCL-based estimate)",-4.1114,-0.7201,0.0403,,
1790754285743045196,19.283,map,"nav2_feedback of the target goal (map, AMCL-based estimate)",-4.1114,-0.7201,0.0403,,
1790754285753081952,19.300,map,"nav2_feedback of the target goal (map, AMCL-based estimate)",-4.0980,-0.7195,0.0424,,
1790754285762768241,19.300,map,"nav2_feedback of the target goal (map, AMCL-based estimate)",-4.0980,-0.7195,0.0424,,
1790754285772843248,19.300,map,"nav2_feedback of the target goal (map, AMCL-based estimate)",-4.0980,-0.7195,0.0424,,
1790754285783404293,19.300,map,"nav2_feedback of the target goal (map, AMCL-based estimate)",-4.0980,-0.7195,0.0424,,
1790754285792804084,19.317,map,"nav2_feedback of the target goal (map, AMCL-based estimate)",-4.0847,-0.7189,0.0444,,
1790754285803093988,19.317,map,"nav2_feedback of the target goal (map, AMCL-based estimate)",-4.0847,-0.7189,0.0444,,
1790754285812728837,19.317,map,"nav2_feedback of the target goal (map, AMCL-based estimate)",-4.0847,-0.7189,0.0444,,
1790754285823346786,19.317,map,"nav2_feedback of the target goal (map, AMCL-based estimate)",-4.0847,-0.7189,0.0444,,
1790754285833435830,19.317,map,"nav2_feedback of the target goal (map, AMCL-based estimate)",-4.0847,-0.7189,0.0444,,
1790754285842930116,19.317,map,"nav2_feedback of the target goal (map, AMCL-based estimate)",-4.0847,-0.7189,0.0444,,
1790754285852718719,19.333,map,"nav2_feedback of the target goal (map, AMCL-based estimate)",-4.0714,-0.7183,0.0462,,
1790754285863098406,19.333,map,"nav2_feedback of the target goal (map, AMCL-based estimate)",-4.0714,-0.7183,0.0462,,
1790754285872633674,19.333,map,"nav2_feedback of the target goal (map, AMCL-based estimate)",-4.0714,-0.7183,0.0462,,
1790754285882808733,19.350,map,"nav2_feedback of the target goal (map, AMCL-based estimate)",-4.0581,-0.7177,0.0480,,
1790754285892996229,19.350,map,"nav2_feedback of the target goal (map, AMCL-based estimate)",-4.0581,-0.7177,0.0480,,
1790754285902729529,19.350,map,"nav2_feedback of the target goal (map, AMCL-based estimate)",-4.0581,-0.7177,0.0480,,
1790754285912989285,19.350,map,"nav2_feedback of the target goal (map, AMCL-based estimate)",-4.0581,-0.7177,0.0480,,
1790754285923373118,19.350,map,"nav2_feedback of the target goal (map, AMCL-based estimate)",-4.0581,-0.7177,0.0480,,
1790754285936182150,19.367,map,"nav2_feedback of the target goal (map, AMCL-based estimate)",-4.0447,-0.7170,0.0498,,
1790754285943152785,19.367,map,"nav2_feedback of the target goal (map, AMCL-based estimate)",-4.0447,-0.7170,0.0498,,
1790754285952779061,19.367,map,"nav2_feedback of the target goal (map, AMCL-based estimate)",-4.0447,-0.7170,0.0498,,
1790754285962772763,19.367,map,"nav2_feedback of the target goal (map, AMCL-based estimate)",-4.0447,-0.7170,0.0498,,
1790754285972691661,19.383,map,"nav2_feedback of the target goal (map, AMCL-based estimate)",-4.0314,-0.7163,0.0515,,
1790754285983147000,19.383,map,"nav2_feedback of the target goal (map, AMCL-based estimate)",-4.0314,-0.7163,0.0515,,
1790754285992725605,19.383,map,"nav2_feedback of the target goal (map, AMCL-based estimate)",-4.0314,-0.7163,0.0515,,
1790754286003007689,19.383,map,"nav2_feedback of the target goal (map, AMCL-based estimate)",-4.0314,-0.7163,0.0515,,
1790754286012958525,19.383,map,"nav2_feedback of the target goal (map, AMCL-based estimate)",-4.0314,-0.7163,0.0515,,
1790754286022978512,19.400,map,"nav2_feedback of the target goal (map, AMCL-based estimate)",-4.0181,-0.7156,0.0532,,
1790754286033487175,19.400,map,"nav2_feedback of the target goal (map, AMCL-based estimate)",-4.0181,-0.7156,0.0532,,
1790754286044001680,19.400,map,"nav2_feedback of the target goal (map, AMCL-based estimate)",-4.0181,-0.7156,0.0532,,
1790754286052902525,19.400,map,"nav2_feedback of the target goal (map, AMCL-based estimate)",-4.0181,-0.7156,0.0532,,
1790754286062883414,19.417,map,"nav2_feedback of the target goal (map, AMCL-based estimate)",-4.0048,-0.7149,0.0549,,
1790754286072951261,19.417,map,"nav2_feedback of the target goal (map, AMCL-based estimate)",-4.0048,-0.7149,0.0549,,
1790754286082873739,19.417,map,"nav2_feedback of the target goal (map, AMCL-based estimate)",-4.0048,-0.7149,0.0549,,
1790754286092911249,19.417,map,"nav2_feedback of the target goal (map, AMCL-based estimate)",-4.0048,-0.7149,0.0549,,
1790754286103068220,19.417,map,"nav2_feedback of the target goal (map, AMCL-based estimate)",-4.0048,-0.7149,0.0549,,
1790754286112930779,19.417,map,"nav2_feedback of the target goal (map, AMCL-based estimate)",-4.0048,-0.7149,0.0549,,
1790754286123378770,19.433,map,"nav2_feedback of the target goal (map, AMCL-based estimate)",-3.9914,-0.7141,0.0565,,
1790754286133166054,19.433,map,"nav2_feedback of the target goal (map, AMCL-based estimate)",-3.9914,-0.7141,0.0565,,
1790754286142873635,19.433,map,"nav2_feedback of the target goal (map, AMCL-based estimate)",-3.9914,-0.7141,0.0565,,
1790754286153173619,19.433,map,"nav2_feedback of the target goal (map, AMCL-based estimate)",-3.9914,-0.7141,0.0565,,
1790754286163143203,19.450,map,"nav2_feedback of the target goal (map, AMCL-based estimate)",-3.9781,-0.7134,0.0581,,
1790754286172965534,19.450,map,"nav2_feedback of the target goal (map, AMCL-based estimate)",-3.9781,-0.7134,0.0581,,
1790754286183264199,19.450,map,"nav2_feedback of the target goal (map, AMCL-based estimate)",-3.9781,-0.7134,0.0581,,
1790754286192872010,19.450,map,"nav2_feedback of the target goal (map, AMCL-based estimate)",-3.9781,-0.7134,0.0581,,
1790754286202906600,19.450,map,"nav2_feedback of the target goal (map, AMCL-based estimate)",-3.9781,-0.7134,0.0581,,
1790754286212892105,19.467,map,"nav2_feedback of the target goal (map, AMCL-based estimate)",-3.9648,-0.7126,0.0597,,
1790754286223095240,19.467,map,"nav2_feedback of the target goal (map, AMCL-based estimate)",-3.9648,-0.7126,0.0597,,
1790754286235249689,19.467,map,"nav2_feedback of the target goal (map, AMCL-based estimate)",-3.9648,-0.7126,0.0597,,
1790754286242889038,19.467,map,"nav2_feedback of the target goal (map, AMCL-based estimate)",-3.9648,-0.7126,0.0597,,
1790754286252886320,19.483,map,"nav2_feedback of the target goal (map, AMCL-based estimate)",-3.9515,-0.7117,0.0613,,
1790754286263401390,19.483,map,"nav2_feedback of the target goal (map, AMCL-based estimate)",-3.9515,-0.7117,0.0613,,
1790754286272647522,19.483,map,"nav2_feedback of the target goal (map, AMCL-based estimate)",-3.9515,-0.7117,0.0613,,
1790754286284199675,19.483,map,"nav2_feedback of the target goal (map, AMCL-based estimate)",-3.9515,-0.7117,0.0613,,
1790754286295332397,19.483,map,"nav2_feedback of the target goal (map, AMCL-based estimate)",-3.9515,-0.7117,0.0613,,
1790754286302971464,19.500,map,"nav2_feedback of the target goal (map, AMCL-based estimate)",-3.9382,-0.7109,0.0628,,
1790754286312982501,19.500,map,"nav2_feedback of the target goal (map, AMCL-based estimate)",-3.9382,-0.7109,0.0628,,
1790754286322804738,19.500,map,"nav2_feedback of the target goal (map, AMCL-based estimate)",-3.9382,-0.7109,0.0628,,
1790754286332846393,19.500,map,"nav2_feedback of the target goal (map, AMCL-based estimate)",-3.9382,-0.7109,0.0628,,
1790754286342884186,19.517,map,"nav2_feedback of the target goal (map, AMCL-based estimate)",-3.9249,-0.7101,0.0643,,
1790754286352826637,19.517,map,"nav2_feedback of the target goal (map, AMCL-based estimate)",-3.9249,-0.7101,0.0643,,
1790754286362874040,19.517,map,"nav2_feedback of the target goal (map, AMCL-based estimate)",-3.9249,-0.7101,0.0643,,
1790754286372929450,19.517,map,"nav2_feedback of the target goal (map, AMCL-based estimate)",-3.9249,-0.7101,0.0643,,
1790754286383183365,19.517,map,"nav2_feedback of the target goal (map, AMCL-based estimate)",-3.9249,-0.7101,0.0643,,
1790754286392949451,19.517,map,"nav2_feedback of the target goal (map, AMCL-based estimate)",-3.9249,-0.7101,0.0643,,
1790754286405340937,19.533,map,"nav2_feedback of the target goal (map, AMCL-based estimate)",-3.9115,-0.7092,0.0658,,
1790754286412902939,19.533,map,"nav2_feedback of the target goal (map, AMCL-based estimate)",-3.9115,-0.7092,0.0658,,
1790754286422702847,19.533,map,"nav2_feedback of the target goal (map, AMCL-based estimate)",-3.9115,-0.7092,0.0658,,
1790754286432982670,19.533,map,"nav2_feedback of the target goal (map, AMCL-based estimate)",-3.9115,-0.7092,0.0658,,
1790754286442651342,19.550,map,"nav2_feedback of the target goal (map, AMCL-based estimate)",-3.8982,-0.7083,0.0673,,
1790754286452691490,19.550,map,"nav2_feedback of the target goal (map, AMCL-based estimate)",-3.8982,-0.7083,0.0673,,
1790754286462797116,19.550,map,"nav2_feedback of the target goal (map, AMCL-based estimate)",-3.8982,-0.7083,0.0673,,
1790754286473112739,19.550,map,"nav2_feedback of the target goal (map, AMCL-based estimate)",-3.8982,-0.7083,0.0673,,
1790754286483072431,19.550,map,"nav2_feedback of the target goal (map, AMCL-based estimate)",-3.8982,-0.7083,0.0673,,
1790754286492816189,19.567,map,"nav2_feedback of the target goal (map, AMCL-based estimate)",-3.8849,-0.7074,0.0687,,
1790754286503097990,19.567,map,"nav2_feedback of the target goal (map, AMCL-based estimate)",-3.8849,-0.7074,0.0687,,
1790754286514618676,19.567,map,"nav2_feedback of the target goal (map, AMCL-based estimate)",-3.8849,-0.7074,0.0687,,
1790754286523227088,19.567,map,"nav2_feedback of the target goal (map, AMCL-based estimate)",-3.8849,-0.7074,0.0687,,
1790754286533047723,19.583,map,"nav2_feedback of the target goal (map, AMCL-based estimate)",-3.8716,-0.7064,0.0700,,
1790754286542883621,19.583,map,"nav2_feedback of the target goal (map, AMCL-based estimate)",-3.8716,-0.7064,0.0700,,
1790754286552778306,19.583,map,"nav2_feedback of the target goal (map, AMCL-based estimate)",-3.8716,-0.7064,0.0700,,
1790754286565374891,19.583,map,"nav2_feedback of the target goal (map, AMCL-based estimate)",-3.8716,-0.7064,0.0700,,
1790754286572917956,19.583,map,"nav2_feedback of the target goal (map, AMCL-based estimate)",-3.8716,-0.7064,0.0700,,
1790754286582965830,19.600,map,"nav2_feedback of the target goal (map, AMCL-based estimate)",-3.8583,-0.7055,0.0712,,
1790754286593161993,19.600,map,"nav2_feedback of the target goal (map, AMCL-based estimate)",-3.8583,-0.7055,0.0712,,
1790754286602753222,19.600,map,"nav2_feedback of the target goal (map, AMCL-based estimate)",-3.8583,-0.7055,0.0712,,
1790754286613077607,19.617,map,"nav2_feedback of the target goal (map, AMCL-based estimate)",-3.8450,-0.7045,0.0724,,
1790754286623113987,19.617,map,"nav2_feedback of the target goal (map, AMCL-based estimate)",-3.8450,-0.7045,0.0724,,
1790754286633164970,19.617,map,"nav2_feedback of the target goal (map, AMCL-based estimate)",-3.8450,-0.7045,0.0724,,
1790754286643017071,19.617,map,"nav2_feedback of the target goal (map, AMCL-based estimate)",-3.8450,-0.7045,0.0724,,
1790754286653112805,19.617,map,"nav2_feedback of the target goal (map, AMCL-based estimate)",-3.8450,-0.7045,0.0724,,
1790754286663001743,19.633,map,"nav2_feedback of the target goal (map, AMCL-based estimate)",-3.8317,-0.7035,0.0735,,
1790754286672997894,19.633,map,"nav2_feedback of the target goal (map, AMCL-based estimate)",-3.8317,-0.7035,0.0735,,
1790754286682997720,19.633,map,"nav2_feedback of the target goal (map, AMCL-based estimate)",-3.8317,-0.7035,0.0735,,
1790754286693017801,19.633,map,"nav2_feedback of the target goal (map, AMCL-based estimate)",-3.8317,-0.7035,0.0735,,
1790754286702950077,19.650,map,"nav2_feedback of the target goal (map, AMCL-based estimate)",-3.8184,-0.7025,0.0746,,
1790754286712773538,19.650,map,"nav2_feedback of the target goal (map, AMCL-based estimate)",-3.8184,-0.7025,0.0746,,
1790754286723064290,19.650,map,"nav2_feedback of the target goal (map, AMCL-based estimate)",-3.8184,-0.7025,0.0746,,
1790754286733151356,19.650,map,"nav2_feedback of the target goal (map, AMCL-based estimate)",-3.8184,-0.7025,0.0746,,
1790754286742987724,19.650,map,"nav2_feedback of the target goal (map, AMCL-based estimate)",-3.8184,-0.7025,0.0746,,
1790754286752981991,19.650,map,"nav2_feedback of the target goal (map, AMCL-based estimate)",-3.8184,-0.7025,0.0746,,
1790754286762824201,19.667,map,"nav2_feedback of the target goal (map, AMCL-based estimate)",-3.8051,-0.7015,0.0756,,
1790754286775504822,19.667,map,"nav2_feedback of the target goal (map, AMCL-based estimate)",-3.8051,-0.7015,0.0756,,
1790754286783240268,19.667,map,"nav2_feedback of the target goal (map, AMCL-based estimate)",-3.8051,-0.7015,0.0756,,
1790754286792991375,19.667,map,"nav2_feedback of the target goal (map, AMCL-based estimate)",-3.8051,-0.7015,0.0756,,
1790754286803100109,19.683,map,"nav2_feedback of the target goal (map, AMCL-based estimate)",-3.7918,-0.7005,0.0767,,
1790754286812822104,19.683,map,"nav2_feedback of the target goal (map, AMCL-based estimate)",-3.7918,-0.7005,0.0767,,
1790754286822797623,19.683,map,"nav2_feedback of the target goal (map, AMCL-based estimate)",-3.7918,-0.7005,0.0767,,
1790754286833069909,19.683,map,"nav2_feedback of the target goal (map, AMCL-based estimate)",-3.7918,-0.7005,0.0767,,
1790754286843272196,19.683,map,"nav2_feedback of the target goal (map, AMCL-based estimate)",-3.7918,-0.7005,0.0767,,
1790754286852942187,19.700,map,"nav2_feedback of the target goal (map, AMCL-based estimate)",-3.7785,-0.6995,0.0776,,
1790754286863054784,19.700,map,"nav2_feedback of the target goal (map, AMCL-based estimate)",-3.7785,-0.6995,0.0776,,
1790754286872789592,19.700,map,"nav2_feedback of the target goal (map, AMCL-based estimate)",-3.7785,-0.6995,0.0776,,
1790754286883568266,19.700,map,"nav2_feedback of the target goal (map, AMCL-based estimate)",-3.7785,-0.6995,0.0776,,
1790754286893384661,19.717,map,"nav2_feedback of the target goal (map, AMCL-based estimate)",-3.7652,-0.6984,0.0786,,
1790754286903063696,19.717,map,"nav2_feedback of the target goal (map, AMCL-based estimate)",-3.7652,-0.6984,0.0786,,
1790754286912753942,19.717,map,"nav2_feedback of the target goal (map, AMCL-based estimate)",-3.7652,-0.6984,0.0786,,
1790754286922878881,19.717,map,"nav2_feedback of the target goal (map, AMCL-based estimate)",-3.7652,-0.6984,0.0786,,
1790754286933621660,19.717,map,"nav2_feedback of the target goal (map, AMCL-based estimate)",-3.7652,-0.6984,0.0786,,
1790754286942753796,19.733,map,"nav2_feedback of the target goal (map, AMCL-based estimate)",-3.7519,-0.6974,0.0795,,
1790754286953060752,19.733,map,"nav2_feedback of the target goal (map, AMCL-based estimate)",-3.7519,-0.6974,0.0795,,
1790754286962771065,19.733,map,"nav2_feedback of the target goal (map, AMCL-based estimate)",-3.7519,-0.6974,0.0795,,
1790754286973109016,19.733,map,"nav2_feedback of the target goal (map, AMCL-based estimate)",-3.7519,-0.6974,0.0795,,
1790754286983144548,19.750,map,"nav2_feedback of the target goal (map, AMCL-based estimate)",-3.7386,-0.6963,0.0804,,
1790754286992666061,19.750,map,"nav2_feedback of the target goal (map, AMCL-based estimate)",-3.7386,-0.6963,0.0804,,
1790754287002754917,19.750,map,"nav2_feedback of the target goal (map, AMCL-based estimate)",-3.7386,-0.6963,0.0804,,
1790754287012767084,19.750,map,"nav2_feedback of the target goal (map, AMCL-based estimate)",-3.7386,-0.6963,0.0804,,
1790754287023361669,19.750,map,"nav2_feedback of the target goal (map, AMCL-based estimate)",-3.7386,-0.6963,0.0804,,
1790754287032858686,19.767,map,"nav2_feedback of the target goal (map, AMCL-based estimate)",-3.7252,-0.6952,0.0813,,
1790754287042977784,19.767,map,"nav2_feedback of the target goal (map, AMCL-based estimate)",-3.7252,-0.6952,0.0813,,
1790754287053110260,19.767,map,"nav2_feedback of the target goal (map, AMCL-based estimate)",-3.7252,-0.6952,0.0813,,
1790754287062995053,19.767,map,"nav2_feedback of the target goal (map, AMCL-based estimate)",-3.7252,-0.6952,0.0813,,
1790754287072675124,19.767,map,"nav2_feedback of the target goal (map, AMCL-based estimate)",-3.7252,-0.6952,0.0813,,
1790754287083381067,19.783,map,"nav2_feedback of the target goal (map, AMCL-based estimate)",-3.7119,-0.6941,0.0821,,
1790754287092915675,19.783,map,"nav2_feedback of the target goal (map, AMCL-based estimate)",-3.7119,-0.6941,0.0821,,
1790754287102890723,19.783,map,"nav2_feedback of the target goal (map, AMCL-based estimate)",-3.7119,-0.6941,0.0821,,
1790754287113021691,19.783,map,"nav2_feedback of the target goal (map, AMCL-based estimate)",-3.7119,-0.6941,0.0821,,
1790754287122875583,19.800,map,"nav2_feedback of the target goal (map, AMCL-based estimate)",-3.6986,-0.6930,0.0830,,
1790754287133194598,19.800,map,"nav2_feedback of the target goal (map, AMCL-based estimate)",-3.6986,-0.6930,0.0830,,
1790754287142964641,19.800,map,"nav2_feedback of the target goal (map, AMCL-based estimate)",-3.6986,-0.6930,0.0830,,
1790754287153322095,19.800,map,"nav2_feedback of the target goal (map, AMCL-based estimate)",-3.6986,-0.6930,0.0830,,
1790754287162967402,19.817,map,"nav2_feedback of the target goal (map, AMCL-based estimate)",-3.6854,-0.7039,0.0739,,
1790754287173073215,19.817,map,"nav2_feedback of the target goal (map, AMCL-based estimate)",-3.6854,-0.7039,0.0739,,
1790754287183186472,19.817,map,"nav2_feedback of the target goal (map, AMCL-based estimate)",-3.6854,-0.7039,0.0739,,
1790754287192952841,19.817,map,"nav2_feedback of the target goal (map, AMCL-based estimate)",-3.6854,-0.7039,0.0739,,
1790754287203057053,19.817,map,"nav2_feedback of the target goal (map, AMCL-based estimate)",-3.6854,-0.7039,0.0739,,
1790754287212762373,19.817,map,"nav2_feedback of the target goal (map, AMCL-based estimate)",-3.6854,-0.7039,0.0739,,
1790754287222889573,19.833,map,"nav2_feedback of the target goal (map, AMCL-based estimate)",-3.6724,-0.7151,0.0648,,
1790754287233354334,19.833,map,"nav2_feedback of the target goal (map, AMCL-based estimate)",-3.6724,-0.7151,0.0648,,
1790754287243205305,19.833,map,"nav2_feedback of the target goal (map, AMCL-based estimate)",-3.6724,-0.7151,0.0648,,
1790754287252857583,19.833,map,"nav2_feedback of the target goal (map, AMCL-based estimate)",-3.6724,-0.7151,0.0648,,
1790754287262779967,19.850,map,"nav2_feedback of the target goal (map, AMCL-based estimate)",-3.6596,-0.7265,0.0557,,
1790754287272820775,19.850,map,"nav2_feedback of the target goal (map, AMCL-based estimate)",-3.6596,-0.7265,0.0557,,
1790754287282863184,19.850,map,"nav2_feedback of the target goal (map, AMCL-based estimate)",-3.6596,-0.7265,0.0557,,
1790754287293932879,19.850,map,"nav2_feedback of the target goal (map, AMCL-based estimate)",-3.6596,-0.7265,0.0557,,
1790754287302753833,19.850,map,"nav2_feedback of the target goal (map, AMCL-based estimate)",-3.6596,-0.7265,0.0557,,
1790754287313624458,19.867,map,"nav2_feedback of the target goal (map, AMCL-based estimate)",-3.6471,-0.7383,0.0465,,
1790754287322799459,19.867,map,"nav2_feedback of the target goal (map, AMCL-based estimate)",-3.6471,-0.7383,0.0465,,
1790754287332843470,19.867,map,"nav2_feedback of the target goal (map, AMCL-based estimate)",-3.6471,-0.7383,0.0465,,
1790754287342866095,19.867,map,"nav2_feedback of the target goal (map, AMCL-based estimate)",-3.6471,-0.7383,0.0465,,
1790754287352822112,19.883,map,"nav2_feedback of the target goal (map, AMCL-based estimate)",-3.6348,-0.7503,0.0372,,
1790754287362652734,19.883,map,"nav2_feedback of the target goal (map, AMCL-based estimate)",-3.6348,-0.7503,0.0372,,
1790754287372775129,19.883,map,"nav2_feedback of the target goal (map, AMCL-based estimate)",-3.6348,-0.7503,0.0372,,
1790754287382934078,19.883,map,"nav2_feedback of the target goal (map, AMCL-based estimate)",-3.6348,-0.7503,0.0372,,
1790754287395276574,19.900,map,"nav2_feedback of the target goal (map, AMCL-based estimate)",-3.6227,-0.7626,0.0279,,
1790754287403165302,19.900,map,"nav2_feedback of the target goal (map, AMCL-based estimate)",-3.6227,-0.7626,0.0279,,
1790754287412875709,19.900,map,"nav2_feedback of the target goal (map, AMCL-based estimate)",-3.6227,-0.7626,0.0279,,
1790754287423083555,19.900,map,"nav2_feedback of the target goal (map, AMCL-based estimate)",-3.6227,-0.7626,0.0279,,
1790754287433113716,19.917,map,"nav2_feedback of the target goal (map, AMCL-based estimate)",-3.6094,-0.7622,0.0286,,
1790754287444317380,19.917,map,"nav2_feedback of the target goal (map, AMCL-based estimate)",-3.6094,-0.7622,0.0286,,
1790754287452789750,19.917,map,"nav2_feedback of the target goal (map, AMCL-based estimate)",-3.6094,-0.7622,0.0286,,
1790754287463218522,19.917,map,"nav2_feedback of the target goal (map, AMCL-based estimate)",-3.6094,-0.7622,0.0286,,
1790754287473114715,19.917,map,"nav2_feedback of the target goal (map, AMCL-based estimate)",-3.6094,-0.7622,0.0286,,
1790754287483075443,19.917,map,"nav2_feedback of the target goal (map, AMCL-based estimate)",-3.6094,-0.7622,0.0286,,
1790754287492971353,19.933,map,"nav2_feedback of the target goal (map, AMCL-based estimate)",-3.5960,-0.7618,0.0293,,
1790754287503052860,19.933,map,"nav2_feedback of the target goal (map, AMCL-based estimate)",-3.5960,-0.7618,0.0293,,
1790754287512953575,19.933,map,"nav2_feedback of the target goal (map, AMCL-based estimate)",-3.5960,-0.7618,0.0293,,
1790754287522697427,19.950,map,"nav2_feedback of the target goal (map, AMCL-based estimate)",-3.5827,-0.7614,0.0300,,
1790754287533093414,19.950,map,"nav2_feedback of the target goal (map, AMCL-based estimate)",-3.5827,-0.7614,0.0300,,
1790754287542669475,19.950,map,"nav2_feedback of the target goal (map, AMCL-based estimate)",-3.5827,-0.7614,0.0300,,
1790754287552915853,19.950,map,"nav2_feedback of the target goal (map, AMCL-based estimate)",-3.5827,-0.7614,0.0300,,
1790754287563139149,19.950,map,"nav2_feedback of the target goal (map, AMCL-based estimate)",-3.5827,-0.7614,0.0300,,
1790754287572947159,19.950,map,"nav2_feedback of the target goal (map, AMCL-based estimate)",-3.5827,-0.7614,0.0300,,
1790754287583308475,19.967,map,"nav2_feedback of the target goal (map, AMCL-based estimate)",-3.5693,-0.7610,0.0307,,
1790754287593568137,19.967,map,"nav2_feedback of the target goal (map, AMCL-based estimate)",-3.5693,-0.7610,0.0307,,
1790754287602850917,19.967,map,"nav2_feedback of the target goal (map, AMCL-based estimate)",-3.5693,-0.7610,0.0307,,
1790754287612968225,19.967,map,"nav2_feedback of the target goal (map, AMCL-based estimate)",-3.5693,-0.7610,0.0307,,
1790754287622958441,19.983,map,"nav2_feedback of the target goal (map, AMCL-based estimate)",-3.5560,-0.7605,0.0314,,
1790754287633641396,19.983,map,"nav2_feedback of the target goal (map, AMCL-based estimate)",-3.5560,-0.7605,0.0314,,
1790754287643037984,19.983,map,"nav2_feedback of the target goal (map, AMCL-based estimate)",-3.5560,-0.7605,0.0314,,
1790754287652744340,19.983,map,"nav2_feedback of the target goal (map, AMCL-based estimate)",-3.5560,-0.7605,0.0314,,
1790754287663246974,19.983,map,"nav2_feedback of the target goal (map, AMCL-based estimate)",-3.5560,-0.7605,0.0314,,
1790754287672720532,20.000,map,"nav2_feedback of the target goal (map, AMCL-based estimate)",-3.5426,-0.7601,0.0320,,
1790754287682910666,20.000,map,"nav2_feedback of the target goal (map, AMCL-based estimate)",-3.5426,-0.7601,0.0320,,
1790754287692660736,20.000,map,"nav2_feedback of the target goal (map, AMCL-based estimate)",-3.5426,-0.7601,0.0320,,
1790754287704009392,20.017,map,"nav2_feedback of the target goal (map, AMCL-based estimate)",-3.5293,-0.7597,0.0326,,
1790754287712960075,20.017,map,"nav2_feedback of the target goal (map, AMCL-based estimate)",-3.5293,-0.7597,0.0326,,
1790754287722732945,20.017,map,"nav2_feedback of the target goal (map, AMCL-based estimate)",-3.5293,-0.7597,0.0326,,
1790754287733258095,20.017,map,"nav2_feedback of the target goal (map, AMCL-based estimate)",-3.5293,-0.7597,0.0326,,
1790754287743048111,20.017,map,"nav2_feedback of the target goal (map, AMCL-based estimate)",-3.5293,-0.7597,0.0326,,
1790754287752733364,20.017,map,"nav2_feedback of the target goal (map, AMCL-based estimate)",-3.5293,-0.7597,0.0326,,
1790754287763292996,20.017,map,"nav2_feedback of the target goal (map, AMCL-based estimate)",-3.5293,-0.7597,0.0326,,
1790754287772696555,20.033,map,"nav2_feedback of the target goal (map, AMCL-based estimate)",-3.5160,-0.7592,0.0332,,
1790754287783239512,20.033,map,"nav2_feedback of the target goal (map, AMCL-based estimate)",-3.5160,-0.7592,0.0332,,
1790754287792895182,20.033,map,"nav2_feedback of the target goal (map, AMCL-based estimate)",-3.5160,-0.7592,0.0332,,
1790754287802871549,20.050,map,"nav2_feedback of the target goal (map, AMCL-based estimate)",-3.5026,-0.7588,0.0338,,
1790754287815224314,20.050,map,"nav2_feedback of the target goal (map, AMCL-based estimate)",-3.5026,-0.7588,0.0338,,
1790754287822942048,20.050,map,"nav2_feedback of the target goal (map, AMCL-based estimate)",-3.5026,-0.7588,0.0338,,
1790754287833451182,20.050,map,"nav2_feedback of the target goal (map, AMCL-based estimate)",-3.5026,-0.7588,0.0338,,
1790754287842912211,20.050,map,"nav2_feedback of the target goal (map, AMCL-based estimate)",-3.5026,-0.7588,0.0338,,
1790754287853032156,20.050,map,"nav2_feedback of the target goal (map, AMCL-based estimate)",-3.5026,-0.7588,0.0338,,
1790754287862969237,20.067,map,"nav2_feedback of the target goal (map, AMCL-based estimate)",-3.4893,-0.7583,0.0343,,
1790754287873010327,20.067,map,"nav2_feedback of the target goal (map, AMCL-based estimate)",-3.4893,-0.7583,0.0343,,
1790754287883287701,20.067,map,"nav2_feedback of the target goal (map, AMCL-based estimate)",-3.4893,-0.7583,0.0343,,
1790754287892771435,20.067,map,"nav2_feedback of the target goal (map, AMCL-based estimate)",-3.4893,-0.7583,0.0343,,
1790754287902751758,20.083,map,"nav2_feedback of the target goal (map, AMCL-based estimate)",-3.4759,-0.7579,0.0349,,
1790754287912811597,20.083,map,"nav2_feedback of the target goal (map, AMCL-based estimate)",-3.4759,-0.7579,0.0349,,
1790754287923224070,20.083,map,"nav2_feedback of the target goal (map, AMCL-based estimate)",-3.4759,-0.7579,0.0349,,
1790754287933880740,20.083,map,"nav2_feedback of the target goal (map, AMCL-based estimate)",-3.4759,-0.7579,0.0349,,
1790754287942935434,20.083,map,"nav2_feedback of the target goal (map, AMCL-based estimate)",-3.4759,-0.7579,0.0349,,
1790754287952947884,20.100,map,"nav2_feedback of the target goal (map, AMCL-based estimate)",-3.4626,-0.7574,0.0354,,
1790754287962825705,20.100,map,"nav2_feedback of the target goal (map, AMCL-based estimate)",-3.4626,-0.7574,0.0354,,
1790754287973192674,20.100,map,"nav2_feedback of the target goal (map, AMCL-based estimate)",-3.4626,-0.7574,0.0354,,
1790754287983084439,20.100,map,"nav2_feedback of the target goal (map, AMCL-based estimate)",-3.4626,-0.7574,0.0354,,
1790754287992866730,20.117,map,"nav2_feedback of the target goal (map, AMCL-based estimate)",-3.4492,-0.7569,0.0359,,
1790754288002728629,20.117,map,"nav2_feedback of the target goal (map, AMCL-based estimate)",-3.4492,-0.7569,0.0359,,
1790754288012864685,20.117,map,"nav2_feedback of the target goal (map, AMCL-based estimate)",-3.4492,-0.7569,0.0359,,
1790754288023125666,20.117,map,"nav2_feedback of the target goal (map, AMCL-based estimate)",-3.4492,-0.7569,0.0359,,
1790754288035408431,20.117,map,"nav2_feedback of the target goal (map, AMCL-based estimate)",-3.4492,-0.7569,0.0359,,
1790754288043224711,20.133,map,"nav2_feedback of the target goal (map, AMCL-based estimate)",-3.4359,-0.7564,0.0364,,
1790754288053023677,20.133,map,"nav2_feedback of the target goal (map, AMCL-based estimate)",-3.4359,-0.7564,0.0364,,
1790754288062756695,20.133,map,"nav2_feedback of the target goal (map, AMCL-based estimate)",-3.4359,-0.7564,0.0364,,
1790754288073004768,20.133,map,"nav2_feedback of the target goal (map, AMCL-based estimate)",-3.4359,-0.7564,0.0364,,
1790754288082895874,20.150,map,"nav2_feedback of the target goal (map, AMCL-based estimate)",-3.4226,-0.7559,0.0369,,
1790754288093131888,20.150,map,"nav2_feedback of the target goal (map, AMCL-based estimate)",-3.4226,-0.7559,0.0369,,
1790754288102753925,20.150,map,"nav2_feedback of the target goal (map, AMCL-based estimate)",-3.4226,-0.7559,0.0369,,
1790754288113613339,20.150,map,"nav2_feedback of the target goal (map, AMCL-based estimate)",-3.4226,-0.7559,0.0369,,
1790754288123165376,20.150,map,"nav2_feedback of the target goal (map, AMCL-based estimate)",-3.4226,-0.7559,0.0369,,
1790754288133026428,20.167,map,"nav2_feedback of the target goal (map, AMCL-based estimate)",-3.4092,-0.7554,0.0373,,
1790754288142971516,20.167,map,"nav2_feedback of the target goal (map, AMCL-based estimate)",-3.4092,-0.7554,0.0373,,
1790754288153245969,20.167,map,"nav2_feedback of the target goal (map, AMCL-based estimate)",-3.4092,-0.7554,0.0373,,
1790754288163031086,20.167,map,"nav2_feedback of the target goal (map, AMCL-based estimate)",-3.4092,-0.7554,0.0373,,
1790754288172872259,20.183,map,"nav2_feedback of the target goal (map, AMCL-based estimate)",-3.3959,-0.7549,0.0378,,
1790754288183248178,20.183,map,"nav2_feedback of the target goal (map, AMCL-based estimate)",-3.3959,-0.7549,0.0378,,
1790754288193072205,20.183,map,"nav2_feedback of the target goal (map, AMCL-based estimate)",-3.3959,-0.7549,0.0378,,
1790754288202833957,20.183,map,"nav2_feedback of the target goal (map, AMCL-based estimate)",-3.3959,-0.7549,0.0378,,
1790754288212795910,20.183,map,"nav2_feedback of the target goal (map, AMCL-based estimate)",-3.3959,-0.7549,0.0378,,
1790754288224146450,20.200,map,"nav2_feedback of the target goal (map, AMCL-based estimate)",-3.3825,-0.7544,0.0382,,
1790754288233424048,20.200,map,"nav2_feedback of the target goal (map, AMCL-based estimate)",-3.3825,-0.7544,0.0382,,
1790754288243036569,20.200,map,"nav2_feedback of the target goal (map, AMCL-based estimate)",-3.3825,-0.7544,0.0382,,
1790754288253041859,20.200,map,"nav2_feedback of the target goal (map, AMCL-based estimate)",-3.3825,-0.7544,0.0382,,
1790754288262688108,20.217,map,"nav2_feedback of the target goal (map, AMCL-based estimate)",-3.3692,-0.7539,0.0385,,
1790754288272810503,20.217,map,"nav2_feedback of the target goal (map, AMCL-based estimate)",-3.3692,-0.7539,0.0385,,
1790754288283124619,20.217,map,"nav2_feedback of the target goal (map, AMCL-based estimate)",-3.3692,-0.7539,0.0385,,
1790754288292875067,20.217,map,"nav2_feedback of the target goal (map, AMCL-based estimate)",-3.3692,-0.7539,0.0385,,
1790754288304068650,20.217,map,"nav2_feedback of the target goal (map, AMCL-based estimate)",-3.3692,-0.7539,0.0385,,
1790754288312713145,20.233,map,"nav2_feedback of the target goal (map, AMCL-based estimate)",-3.3559,-0.7534,0.0385,,
1790754288323423139,20.233,map,"nav2_feedback of the target goal (map, AMCL-based estimate)",-3.3559,-0.7534,0.0385,,
1790754288334515633,20.233,map,"nav2_feedback of the target goal (map, AMCL-based estimate)",-3.3559,-0.7534,0.0385,,
1790754288343232011,20.233,map,"nav2_feedback of the target goal (map, AMCL-based estimate)",-3.3559,-0.7534,0.0385,,
1790754288352820320,20.250,map,"nav2_feedback of the target goal (map, AMCL-based estimate)",-3.3425,-0.7529,0.0384,,
1790754288363029861,20.250,map,"nav2_feedback of the target goal (map, AMCL-based estimate)",-3.3425,-0.7529,0.0384,,
1790754288372658869,20.250,map,"nav2_feedback of the target goal (map, AMCL-based estimate)",-3.3425,-0.7529,0.0384,,
1790754288382900631,20.250,map,"nav2_feedback of the target goal (map, AMCL-based estimate)",-3.3425,-0.7529,0.0384,,
1790754288392635062,20.250,map,"nav2_feedback of the target goal (map, AMCL-based estimate)",-3.3425,-0.7529,0.0384,,
1790754288402749166,20.267,map,"nav2_feedback of the target goal (map, AMCL-based estimate)",-3.3292,-0.7524,0.0381,,
1790754288413052071,20.267,map,"nav2_feedback of the target goal (map, AMCL-based estimate)",-3.3292,-0.7524,0.0381,,
1790754288422734874,20.267,map,"nav2_feedback of the target goal (map, AMCL-based estimate)",-3.3292,-0.7524,0.0381,,
1790754288433065101,20.267,map,"nav2_feedback of the target goal (map, AMCL-based estimate)",-3.3292,-0.7524,0.0381,,
1790754288443160740,20.267,map,"nav2_feedback of the target goal (map, AMCL-based estimate)",-3.3292,-0.7524,0.0381,,
1790754288452821497,20.283,map,"nav2_feedback of the target goal (map, AMCL-based estimate)",-3.3158,-0.7519,0.0377,,
1790754288462966315,20.283,map,"nav2_feedback of the target goal (map, AMCL-based estimate)",-3.3158,-0.7519,0.0377,,
1790754288473058280,20.283,map,"nav2_feedback of the target goal (map, AMCL-based estimate)",-3.3158,-0.7519,0.0377,,
1790754288483499488,20.283,map,"nav2_feedback of the target goal (map, AMCL-based estimate)",-3.3158,-0.7519,0.0377,,
1790754288495204358,20.300,map,"nav2_feedback of the target goal (map, AMCL-based estimate)",-3.3025,-0.7514,0.0373,,
1790754288503436488,20.300,map,"nav2_feedback of the target goal (map, AMCL-based estimate)",-3.3025,-0.7514,0.0373,,
1790754288512763453,20.300,map,"nav2_feedback of the target goal (map, AMCL-based estimate)",-3.3025,-0.7514,0.0373,,
1790754288523266652,20.300,map,"nav2_feedback of the target goal (map, AMCL-based estimate)",-3.3025,-0.7514,0.0373,,
1790754288532990249,20.317,map,"nav2_feedback of the target goal (map, AMCL-based estimate)",-3.2892,-0.7509,0.0367,,
1790754288544572644,20.317,map,"nav2_feedback of the target goal (map, AMCL-based estimate)",-3.2892,-0.7509,0.0367,,
1790754288552847452,20.317,map,"nav2_feedback of the target goal (map, AMCL-based estimate)",-3.2892,-0.7509,0.0367,,
1790754288562757494,20.317,map,"nav2_feedback of the target goal (map, AMCL-based estimate)",-3.2892,-0.7509,0.0367,,
1790754288572616002,20.317,map,"nav2_feedback of the target goal (map, AMCL-based estimate)",-3.2892,-0.7509,0.0367,,
1790754288582875005,20.333,map,"nav2_feedback of the target goal (map, AMCL-based estimate)",-3.2758,-0.7504,0.0361,,
1790754288595914856,20.333,map,"nav2_feedback of the target goal (map, AMCL-based estimate)",-3.2758,-0.7504,0.0361,,
1790754288602756232,20.333,map,"nav2_feedback of the target goal (map, AMCL-based estimate)",-3.2758,-0.7504,0.0361,,
1790754288612816824,20.333,map,"nav2_feedback of the target goal (map, AMCL-based estimate)",-3.2758,-0.7504,0.0361,,
1790754288623133201,20.350,map,"nav2_feedback of the target goal (map, AMCL-based estimate)",-3.2625,-0.7499,0.0354,,
1790754288632795372,20.350,map,"nav2_feedback of the target goal (map, AMCL-based estimate)",-3.2625,-0.7499,0.0354,,
1790754288642825534,20.350,map,"nav2_feedback of the target goal (map, AMCL-based estimate)",-3.2625,-0.7499,0.0354,,
1790754288655392536,20.350,map,"nav2_feedback of the target goal (map, AMCL-based estimate)",-3.2625,-0.7499,0.0354,,
1790754288662896975,20.350,map,"nav2_feedback of the target goal (map, AMCL-based estimate)",-3.2625,-0.7499,0.0354,,
1790754288672544825,20.367,map,"nav2_feedback of the target goal (map, AMCL-based estimate)",-3.2491,-0.7494,0.0346,,
1790754288683055279,20.367,map,"nav2_feedback of the target goal (map, AMCL-based estimate)",-3.2491,-0.7494,0.0346,,
1790754288692817785,20.367,map,"nav2_feedback of the target goal (map, AMCL-based estimate)",-3.2491,-0.7494,0.0346,,
1790754288703373554,20.367,map,"nav2_feedback of the target goal (map, AMCL-based estimate)",-3.2491,-0.7494,0.0346,,
1790754288712824690,20.383,map,"nav2_feedback of the target goal (map, AMCL-based estimate)",-3.2358,-0.7490,0.0337,,
1790754288722763655,20.383,map,"nav2_feedback of the target goal (map, AMCL-based estimate)",-3.2358,-0.7490,0.0337,,
1790754288733609220,20.383,map,"nav2_feedback of the target goal (map, AMCL-based estimate)",-3.2358,-0.7490,0.0337,,
1790754288743107462,20.383,map,"nav2_feedback of the target goal (map, AMCL-based estimate)",-3.2358,-0.7490,0.0337,,
1790754288755748327,20.383,map,"nav2_feedback of the target goal (map, AMCL-based estimate)",-3.2358,-0.7490,0.0337,,
1790754288762989632,20.383,map,"nav2_feedback of the target goal (map, AMCL-based estimate)",-3.2358,-0.7490,0.0337,,
1790754288772897036,20.400,map,"nav2_feedback of the target goal (map, AMCL-based estimate)",-3.2224,-0.7486,0.0328,,
1790754288783340316,20.400,map,"nav2_feedback of the target goal (map, AMCL-based estimate)",-3.2224,-0.7486,0.0328,,
1790754288792871438,20.400,map,"nav2_feedback of the target goal (map, AMCL-based estimate)",-3.2224,-0.7486,0.0328,,
1790754288802919406,20.417,map,"nav2_feedback of the target goal (map, AMCL-based estimate)",-3.2091,-0.7481,0.0318,,
1790754288813053012,20.417,map,"nav2_feedback of the target goal (map, AMCL-based estimate)",-3.2091,-0.7481,0.0318,,
1790754288822907187,20.417,map,"nav2_feedback of the target goal (map, AMCL-based estimate)",-3.2091,-0.7481,0.0318,,
1790754288833010363,20.417,map,"nav2_feedback of the target goal (map, AMCL-based estimate)",-3.2091,-0.7481,0.0318,,
1790754288842984280,20.417,map,"nav2_feedback of the target goal (map, AMCL-based estimate)",-3.2091,-0.7481,0.0318,,
1790754288852695253,20.417,map,"nav2_feedback of the target goal (map, AMCL-based estimate)",-3.2091,-0.7481,0.0318,,
1790754288865323869,20.433,map,"nav2_feedback of the target goal (map, AMCL-based estimate)",-3.1957,-0.7477,0.0308,,
1790754288873007310,20.433,map,"nav2_feedback of the target goal (map, AMCL-based estimate)",-3.1957,-0.7477,0.0308,,
1790754288883207524,20.433,map,"nav2_feedback of the target goal (map, AMCL-based estimate)",-3.1957,-0.7477,0.0308,,
1790754288892923396,20.433,map,"nav2_feedback of the target goal (map, AMCL-based estimate)",-3.1957,-0.7477,0.0308,,
1790754288903100528,20.450,map,"nav2_feedback of the target goal (map, AMCL-based estimate)",-3.1824,-0.7473,0.0297,,
1790754288913089708,20.450,map,"nav2_feedback of the target goal (map, AMCL-based estimate)",-3.1824,-0.7473,0.0297,,
1790754288922837705,20.450,map,"nav2_feedback of the target goal (map, AMCL-based estimate)",-3.1824,-0.7473,0.0297,,
1790754288933253193,20.450,map,"nav2_feedback of the target goal (map, AMCL-based estimate)",-3.1824,-0.7473,0.0297,,
1790754288943273746,20.450,map,"nav2_feedback of the target goal (map, AMCL-based estimate)",-3.1824,-0.7473,0.0297,,
1790754288953221755,20.467,map,"nav2_feedback of the target goal (map, AMCL-based estimate)",-3.1690,-0.7469,0.0285,,
1790754288962805164,20.467,map,"nav2_feedback of the target goal (map, AMCL-based estimate)",-3.1690,-0.7469,0.0285,,
1790754288972992848,20.467,map,"nav2_feedback of the target goal (map, AMCL-based estimate)",-3.1690,-0.7469,0.0285,,
1790754288985382167,20.483,map,"nav2_feedback of the target goal (map, AMCL-based estimate)",-3.1557,-0.7466,0.0273,,
1790754288992809635,20.483,map,"nav2_feedback of the target goal (map, AMCL-based estimate)",-3.1557,-0.7466,0.0273,,
1790754289002777146,20.483,map,"nav2_feedback of the target goal (map, AMCL-based estimate)",-3.1557,-0.7466,0.0273,,
1790754289013141383,20.483,map,"nav2_feedback of the target goal (map, AMCL-based estimate)",-3.1557,-0.7466,0.0273,,
1790754289023091936,20.483,map,"nav2_feedback of the target goal (map, AMCL-based estimate)",-3.1557,-0.7466,0.0273,,
1790754289035742032,20.483,map,"nav2_feedback of the target goal (map, AMCL-based estimate)",-3.1557,-0.7466,0.0273,,
1790754289042883944,20.500,map,"nav2_feedback of the target goal (map, AMCL-based estimate)",-3.1423,-0.7462,0.0260,,
1790754289052998802,20.500,map,"nav2_feedback of the target goal (map, AMCL-based estimate)",-3.1423,-0.7462,0.0260,,
1790754289062743126,20.500,map,"nav2_feedback of the target goal (map, AMCL-based estimate)",-3.1423,-0.7462,0.0260,,
1790754289072835844,20.500,map,"nav2_feedback of the target goal (map, AMCL-based estimate)",-3.1423,-0.7462,0.0260,,
1790754289083090795,20.517,map,"nav2_feedback of the target goal (map, AMCL-based estimate)",-3.1290,-0.7459,0.0247,,
1790754289092863477,20.517,map,"nav2_feedback of the target goal (map, AMCL-based estimate)",-3.1290,-0.7459,0.0247,,
1790754289103192761,20.517,map,"nav2_feedback of the target goal (map, AMCL-based estimate)",-3.1290,-0.7459,0.0247,,
1790754289113137096,20.517,map,"nav2_feedback of the target goal (map, AMCL-based estimate)",-3.1290,-0.7459,0.0247,,
1790754289122959426,20.517,map,"nav2_feedback of the target goal (map, AMCL-based estimate)",-3.1290,-0.7459,0.0247,,
1790754289133085967,20.517,map,"nav2_feedback of the target goal (map, AMCL-based estimate)",-3.1290,-0.7459,0.0247,,
1790754289145207159,20.533,map,"nav2_feedback of the target goal (map, AMCL-based estimate)",-3.1156,-0.7456,0.0234,,
1790754289152880802,20.533,map,"nav2_feedback of the target goal (map, AMCL-based estimate)",-3.1156,-0.7456,0.0234,,
1790754289162934988,20.533,map,"nav2_feedback of the target goal (map, AMCL-based estimate)",-3.1156,-0.7456,0.0234,,
1790754289172941220,20.533,map,"nav2_feedback of the target goal (map, AMCL-based estimate)",-3.1156,-0.7456,0.0234,,
1790754289183159523,20.550,map,"nav2_feedback of the target goal (map, AMCL-based estimate)",-3.1023,-0.7453,0.0220,,
1790754289192835919,20.550,map,"nav2_feedback of the target goal (map, AMCL-based estimate)",-3.1023,-0.7453,0.0220,,
1790754289202994115,20.550,map,"nav2_feedback of the target goal (map, AMCL-based estimate)",-3.1023,-0.7453,0.0220,,
1790754289212807872,20.550,map,"nav2_feedback of the target goal (map, AMCL-based estimate)",-3.1023,-0.7453,0.0220,,
1790754289222825504,20.550,map,"nav2_feedback of the target goal (map, AMCL-based estimate)",-3.1023,-0.7453,0.0220,,
1790754289233161948,20.567,map,"nav2_feedback of the target goal (map, AMCL-based estimate)",-3.0889,-0.7450,0.0205,,
1790754289242887241,20.567,map,"nav2_feedback of the target goal (map, AMCL-based estimate)",-3.0889,-0.7450,0.0205,,
1790754289255259790,20.567,map,"nav2_feedback of the target goal (map, AMCL-based estimate)",-3.0889,-0.7450,0.0205,,
1790754289262754619,20.567,map,"nav2_feedback of the target goal (map, AMCL-based estimate)",-3.0889,-0.7450,0.0205,,
1790754289272868629,20.583,map,"nav2_feedback of the target goal (map, AMCL-based estimate)",-3.0756,-0.7448,0.0190,,
1790754289283263579,20.583,map,"nav2_feedback of the target goal (map, AMCL-based estimate)",-3.0756,-0.7448,0.0190,,
1790754289292776801,20.583,map,"nav2_feedback of the target goal (map, AMCL-based estimate)",-3.0756,-0.7448,0.0190,,
1790754289303164968,20.583,map,"nav2_feedback of the target goal (map, AMCL-based estimate)",-3.0756,-0.7448,0.0190,,
1790754289312842024,20.583,map,"nav2_feedback of the target goal (map, AMCL-based estimate)",-3.0756,-0.7448,0.0190,,
1790754289322758472,20.600,map,"nav2_feedback of the target goal (map, AMCL-based estimate)",-3.0622,-0.7445,0.0174,,
1790754289333301900,20.600,map,"nav2_feedback of the target goal (map, AMCL-based estimate)",-3.0622,-0.7445,0.0174,,
1790754289343407620,20.600,map,"nav2_feedback of the target goal (map, AMCL-based estimate)",-3.0622,-0.7445,0.0174,,
1790754289352854139,20.600,map,"nav2_feedback of the target goal (map, AMCL-based estimate)",-3.0622,-0.7445,0.0174,,
1790754289363303167,20.617,map,"nav2_feedback of the target goal (map, AMCL-based estimate)",-3.0489,-0.7443,0.0159,,
1790754289372718691,20.617,map,"nav2_feedback of the target goal (map, AMCL-based estimate)",-3.0489,-0.7443,0.0159,,
1790754289382784182,20.617,map,"nav2_feedback of the target goal (map, AMCL-based estimate)",-3.0489,-0.7443,0.0159,,
1790754289392728141,20.617,map,"nav2_feedback of the target goal (map, AMCL-based estimate)",-3.0489,-0.7443,0.0159,,
1790754289403503800,20.617,map,"nav2_feedback of the target goal (map, AMCL-based estimate)",-3.0489,-0.7443,0.0159,,
1790754289412975663,20.633,map,"nav2_feedback of the target goal (map, AMCL-based estimate)",-3.0355,-0.7441,0.0142,,
1790754289422678062,20.633,map,"nav2_feedback of the target goal (map, AMCL-based estimate)",-3.0355,-0.7441,0.0142,,
1790754289433715065,20.633,map,"nav2_feedback of the target goal (map, AMCL-based estimate)",-3.0355,-0.7441,0.0142,,
1790754289442932651,20.633,map,"nav2_feedback of the target goal (map, AMCL-based estimate)",-3.0355,-0.7441,0.0142,,
1790754289452695251,20.650,map,"nav2_feedback of the target goal (map, AMCL-based estimate)",-3.0222,-0.7440,0.0125,,
1790754289462698751,20.650,map,"nav2_feedback of the target goal (map, AMCL-based estimate)",-3.0222,-0.7440,0.0125,,
1790754289472732022,20.650,map,"nav2_feedback of the target goal (map, AMCL-based estimate)",-3.0222,-0.7440,0.0125,,
1790754289483466699,20.650,map,"nav2_feedback of the target goal (map, AMCL-based estimate)",-3.0222,-0.7440,0.0125,,
1790754289493041065,20.650,map,"nav2_feedback of the target goal (map, AMCL-based estimate)",-3.0222,-0.7440,0.0125,,
1790754289502950070,20.650,map,"nav2_feedback of the target goal (map, AMCL-based estimate)",-3.0222,-0.7440,0.0125,,
1790754289512762132,20.667,map,"nav2_feedback of the target goal (map, AMCL-based estimate)",-3.0088,-0.7438,0.0108,,
1790754289523153502,20.667,map,"nav2_feedback of the target goal (map, AMCL-based estimate)",-3.0088,-0.7438,0.0108,,
1790754289532800222,20.667,map,"nav2_feedback of the target goal (map, AMCL-based estimate)",-3.0088,-0.7438,0.0108,,
1790754289542996196,20.683,map,"nav2_feedback of the target goal (map, AMCL-based estimate)",-2.9957,-0.7437,0.0091,,
1790754289552976520,20.683,map,"nav2_feedback of the target goal (map, AMCL-based estimate)",-2.9957,-0.7437,0.0091,,
1790754289562683347,20.683,map,"nav2_feedback of the target goal (map, AMCL-based estimate)",-2.9957,-0.7437,0.0091,,
1790754289573138593,20.683,map,"nav2_feedback of the target goal (map, AMCL-based estimate)",-2.9957,-0.7437,0.0091,,
1790754289583370933,20.683,map,"nav2_feedback of the target goal (map, AMCL-based estimate)",-2.9957,-0.7437,0.0091,,
1790754289592865407,20.683,map,"nav2_feedback of the target goal (map, AMCL-based estimate)",-2.9957,-0.7437,0.0091,,
1790754289603049699,20.700,map,"nav2_feedback of the target goal (map, AMCL-based estimate)",-2.9830,-0.7436,0.0076,,
1790754289612878624,20.700,map,"nav2_feedback of the target goal (map, AMCL-based estimate)",-2.9830,-0.7436,0.0076,,
1790754289622902003,20.700,map,"nav2_feedback of the target goal (map, AMCL-based estimate)",-2.9830,-0.7436,0.0076,,
1790754289633044277,20.717,map,"nav2_feedback of the target goal (map, AMCL-based estimate)",-2.9704,-0.7435,0.0062,,
1790754289642945840,20.717,map,"nav2_feedback of the target goal (map, AMCL-based estimate)",-2.9704,-0.7435,0.0062,,
1790754289652915047,20.717,map,"nav2_feedback of the target goal (map, AMCL-based estimate)",-2.9704,-0.7435,0.0062,,
1790754289662729369,20.717,map,"nav2_feedback of the target goal (map, AMCL-based estimate)",-2.9704,-0.7435,0.0062,,
1790754289673155880,20.717,map,"nav2_feedback of the target goal (map, AMCL-based estimate)",-2.9704,-0.7435,0.0062,,
1790754289684962311,20.717,map,"nav2_feedback of the target goal (map, AMCL-based estimate)",-2.9704,-0.7435,0.0062,,
1790754289693193028,20.733,map,"nav2_feedback of the target goal (map, AMCL-based estimate)",-2.9576,-0.7435,0.0048,,
1790754289703323619,20.733,map,"nav2_feedback of the target goal (map, AMCL-based estimate)",-2.9576,-0.7435,0.0048,,
1790754289713289906,20.733,map,"nav2_feedback of the target goal (map, AMCL-based estimate)",-2.9576,-0.7435,0.0048,,
1790754289722984203,20.750,map,"nav2_feedback of the target goal (map, AMCL-based estimate)",-2.9445,-0.7434,0.0033,,
1790754289733013046,20.750,map,"nav2_feedback of the target goal (map, AMCL-based estimate)",-2.9445,-0.7434,0.0033,,
1790754289743800858,20.750,map,"nav2_feedback of the target goal (map, AMCL-based estimate)",-2.9445,-0.7434,0.0033,,
1790754289752706980,20.750,map,"nav2_feedback of the target goal (map, AMCL-based estimate)",-2.9445,-0.7434,0.0033,,
1790754289762733656,20.750,map,"nav2_feedback of the target goal (map, AMCL-based estimate)",-2.9445,-0.7434,0.0033,,
1790754289772777761,20.750,map,"nav2_feedback of the target goal (map, AMCL-based estimate)",-2.9445,-0.7434,0.0033,,
1790754289782968460,20.767,map,"nav2_feedback of the target goal (map, AMCL-based estimate)",-2.9312,-0.7434,0.0019,,
1790754289793016993,20.767,map,"nav2_feedback of the target goal (map, AMCL-based estimate)",-2.9312,-0.7434,0.0019,,
1790754289802967828,20.767,map,"nav2_feedback of the target goal (map, AMCL-based estimate)",-2.9312,-0.7434,0.0019,,
1790754289813007035,20.767,map,"nav2_feedback of the target goal (map, AMCL-based estimate)",-2.9312,-0.7434,0.0019,,
1790754289822729689,20.767,map,"nav2_feedback of the target goal (map, AMCL-based estimate)",-2.9312,-0.7434,0.0019,,
1790754289833096941,20.783,map,"nav2_feedback of the target goal (map, AMCL-based estimate)",-2.9179,-0.7434,0.0005,,
1790754289843182028,20.783,map,"nav2_feedback of the target goal (map, AMCL-based estimate)",-2.9179,-0.7434,0.0005,,
1790754289853016606,20.783,map,"nav2_feedback of the target goal (map, AMCL-based estimate)",-2.9179,-0.7434,0.0005,,
1790754289863078612,20.783,map,"nav2_feedback of the target goal (map, AMCL-based estimate)",-2.9179,-0.7434,0.0005,,
1790754289872964724,20.800,map,"nav2_feedback of the target goal (map, AMCL-based estimate)",-2.9045,-0.7434,-0.0009,,
1790754289882933177,20.800,map,"nav2_feedback of the target goal (map, AMCL-based estimate)",-2.9045,-0.7434,-0.0009,,
1790754289892950809,20.800,map,"nav2_feedback of the target goal (map, AMCL-based estimate)",-2.9045,-0.7434,-0.0009,,
1790754289902827217,20.817,map,"nav2_feedback of the target goal (map, AMCL-based estimate)",-2.8912,-0.7434,-0.0023,,
1790754289913238089,20.817,map,"nav2_feedback of the target goal (map, AMCL-based estimate)",-2.8912,-0.7434,-0.0023,,
1790754289922863611,20.817,map,"nav2_feedback of the target goal (map, AMCL-based estimate)",-2.8912,-0.7434,-0.0023,,
1790754289933256959,20.817,map,"nav2_feedback of the target goal (map, AMCL-based estimate)",-2.8912,-0.7434,-0.0023,,
1790754289943217216,20.817,map,"nav2_feedback of the target goal (map, AMCL-based estimate)",-2.8912,-0.7434,-0.0023,,
1790754289953089950,20.817,map,"nav2_feedback of the target goal (map, AMCL-based estimate)",-2.8912,-0.7434,-0.0023,,
1790754289962957031,20.833,map,"nav2_feedback of the target goal (map, AMCL-based estimate)",-2.8778,-0.7435,-0.0036,,
1790754289973344256,20.833,map,"nav2_feedback of the target goal (map, AMCL-based estimate)",-2.8778,-0.7435,-0.0036,,
1790754289983617013,20.833,map,"nav2_feedback of the target goal (map, AMCL-based estimate)",-2.8778,-0.7435,-0.0036,,
1790754289992945674,20.833,map,"nav2_feedback of the target goal (map, AMCL-based estimate)",-2.8778,-0.7435,-0.0036,,
1790754290003196386,20.833,map,"nav2_feedback of the target goal (map, AMCL-based estimate)",-2.8778,-0.7435,-0.0036,,
1790754290013037088,20.850,map,"nav2_feedback of the target goal (map, AMCL-based estimate)",-2.8645,-0.7436,-0.0050,,
1790754290023174463,20.850,map,"nav2_feedback of the target goal (map, AMCL-based estimate)",-2.8645,-0.7436,-0.0050,,
1790754290033522872,20.850,map,"nav2_feedback of the target goal (map, AMCL-based estimate)",-2.8645,-0.7436,-0.0050,,
1790754290043002931,20.850,map,"nav2_feedback of the target goal (map, AMCL-based estimate)",-2.8645,-0.7436,-0.0050,,
1790754290053084627,20.850,map,"nav2_feedback of the target goal (map, AMCL-based estimate)",-2.8645,-0.7436,-0.0050,,
1790754290063044318,20.867,map,"nav2_feedback of the target goal (map, AMCL-based estimate)",-2.8511,-0.7436,-0.0063,,
1790754290072957375,20.867,map,"nav2_feedback of the target goal (map, AMCL-based estimate)",-2.8511,-0.7436,-0.0063,,
1790754290083166351,20.867,map,"nav2_feedback of the target goal (map, AMCL-based estimate)",-2.8511,-0.7436,-0.0063,,
1790754290092869975,20.867,map,"nav2_feedback of the target goal (map, AMCL-based estimate)",-2.8511,-0.7436,-0.0063,,
1790754290102658483,20.883,map,"nav2_feedback of the target goal (map, AMCL-based estimate)",-2.8378,-0.7437,-0.0076,,
1790754290112726236,20.883,map,"nav2_feedback of the target goal (map, AMCL-based estimate)",-2.8378,-0.7437,-0.0076,,
1790754290122725873,20.883,map,"nav2_feedback of the target goal (map, AMCL-based estimate)",-2.8378,-0.7437,-0.0076,,
1790754290133056759,20.883,map,"nav2_feedback of the target goal (map, AMCL-based estimate)",-2.8378,-0.7437,-0.0076,,
1790754290142726843,20.883,map,"nav2_feedback of the target goal (map, AMCL-based estimate)",-2.8378,-0.7437,-0.0076,,
1790754290152768216,20.900,map,"nav2_feedback of the target goal (map, AMCL-based estimate)",-2.8244,-0.7439,-0.0089,,
1790754290162765310,20.900,map,"nav2_feedback of the target goal (map, AMCL-based estimate)",-2.8244,-0.7439,-0.0089,,
1790754290172649915,20.900,map,"nav2_feedback of the target goal (map, AMCL-based estimate)",-2.8244,-0.7439,-0.0089,,
1790754290183266733,20.900,map,"nav2_feedback of the target goal (map, AMCL-based estimate)",-2.8244,-0.7439,-0.0089,,
1790754290193194958,20.917,map,"nav2_feedback of the target goal (map, AMCL-based estimate)",-2.8111,-0.7440,-0.0102,,
1790754290202789390,20.917,map,"nav2_feedback of the target goal (map, AMCL-based estimate)",-2.8111,-0.7440,-0.0102,,
1790754290212817574,20.917,map,"nav2_feedback of the target goal (map, AMCL-based estimate)",-2.8111,-0.7440,-0.0102,,
1790754290222984248,20.917,map,"nav2_feedback of the target goal (map, AMCL-based estimate)",-2.8111,-0.7440,-0.0102,,
1790754290233505631,20.917,map,"nav2_feedback of the target goal (map, AMCL-based estimate)",-2.8111,-0.7440,-0.0102,,
1790754290242980697,20.933,map,"nav2_feedback of the target goal (map, AMCL-based estimate)",-2.7977,-0.7441,-0.0115,,
1790754290253066915,20.933,map,"nav2_feedback of the target goal (map, AMCL-based estimate)",-2.7977,-0.7441,-0.0115,,
1790754290262759045,20.933,map,"nav2_feedback of the target goal (map, AMCL-based estimate)",-2.7977,-0.7441,-0.0115,,
1790754290272931372,20.950,map,"nav2_feedback of the target goal (map, AMCL-based estimate)",-2.7844,-0.7443,-0.0128,,
1790754290284667615,20.950,map,"nav2_feedback of the target goal (map, AMCL-based estimate)",-2.7844,-0.7443,-0.0128,,
1790754290293032584,20.950,map,"nav2_feedback of the target goal (map, AMCL-based estimate)",-2.7844,-0.7443,-0.0128,,
1790754290302796058,20.950,map,"nav2_feedback of the target goal (map, AMCL-based estimate)",-2.7844,-0.7443,-0.0128,,
1790754290313240372,20.950,map,"nav2_feedback of the target goal (map, AMCL-based estimate)",-2.7844,-0.7443,-0.0128,,
1790754290323141294,20.967,map,"nav2_feedback of the target goal (map, AMCL-based estimate)",-2.7710,-0.7445,-0.0140,,
1790754290332935586,20.967,map,"nav2_feedback of the target goal (map, AMCL-based estimate)",-2.7710,-0.7445,-0.0140,,
1790754290343054330,20.967,map,"nav2_feedback of the target goal (map, AMCL-based estimate)",-2.7710,-0.7445,-0.0140,,
1790754290353043443,20.967,map,"nav2_feedback of the target goal (map, AMCL-based estimate)",-2.7710,-0.7445,-0.0140,,
1790754290362729522,20.983,map,"nav2_feedback of the target goal (map, AMCL-based estimate)",-2.7577,-0.7447,-0.0153,,
1790754290373303375,20.983,map,"nav2_feedback of the target goal (map, AMCL-based estimate)",-2.7577,-0.7447,-0.0153,,
1790754290383559388,20.983,map,"nav2_feedback of the target goal (map, AMCL-based estimate)",-2.7577,-0.7447,-0.0153,,
1790754290393328815,20.983,map,"nav2_feedback of the target goal (map, AMCL-based estimate)",-2.7577,-0.7447,-0.0153,,
1790754290403047954,20.983,map,"nav2_feedback of the target goal (map, AMCL-based estimate)",-2.7577,-0.7447,-0.0153,,
1790754290412822410,20.983,map,"nav2_feedback of the target goal (map, AMCL-based estimate)",-2.7577,-0.7447,-0.0153,,
1790754290422932308,21.000,map,"nav2_feedback of the target goal (map, AMCL-based estimate)",-2.7443,-0.7449,-0.0165,,
1790754290433223523,21.000,map,"nav2_feedback of the target goal (map, AMCL-based estimate)",-2.7443,-0.7449,-0.0165,,
1790754290443035974,21.000,map,"nav2_feedback of the target goal (map, AMCL-based estimate)",-2.7443,-0.7449,-0.0165,,
1790754290452861277,21.000,map,"nav2_feedback of the target goal (map, AMCL-based estimate)",-2.7443,-0.7449,-0.0165,,
1790754290462871064,21.017,map,"nav2_feedback of the target goal (map, AMCL-based estimate)",-2.7237,-0.7339,-0.0170,,
1790754290472890722,21.017,map,"nav2_feedback of the target goal (map, AMCL-based estimate)",-2.7237,-0.7339,-0.0170,,
1790754290483655298,21.017,map,"nav2_feedback of the target goal (map, AMCL-based estimate)",-2.7237,-0.7339,-0.0170,,
1790754290492842592,21.017,map,"nav2_feedback of the target goal (map, AMCL-based estimate)",-2.7237,-0.7339,-0.0170,,
1790754290502772849,21.017,map,"nav2_feedback of the target goal (map, AMCL-based estimate)",-2.7237,-0.7339,-0.0170,,
1790754290512804241,21.033,map,"nav2_feedback of the target goal (map, AMCL-based estimate)",-2.7031,-0.7229,-0.0175,,
1790754290522742133,21.033,map,"nav2_feedback of the target goal (map, AMCL-based estimate)",-2.7031,-0.7229,-0.0175,,
1790754290533188776,21.033,map,"nav2_feedback of the target goal (map, AMCL-based estimate)",-2.7031,-0.7229,-0.0175,,
1790754290542807897,21.033,map,"nav2_feedback of the target goal (map, AMCL-based estimate)",-2.7031,-0.7229,-0.0175,,
1790754290552915653,21.050,map,"nav2_feedback of the target goal (map, AMCL-based estimate)",-2.6825,-0.7118,-0.0180,,
1790754290565166341,21.050,map,"nav2_feedback of the target goal (map, AMCL-based estimate)",-2.6825,-0.7118,-0.0180,,
1790754290572642157,21.050,map,"nav2_feedback of the target goal (map, AMCL-based estimate)",-2.6825,-0.7118,-0.0180,,
1790754290583048197,21.050,map,"nav2_feedback of the target goal (map, AMCL-based estimate)",-2.6825,-0.7118,-0.0180,,
1790754290593251686,21.050,map,"nav2_feedback of the target goal (map, AMCL-based estimate)",-2.6825,-0.7118,-0.0180,,
1790754290602739499,21.067,map,"nav2_feedback of the target goal (map, AMCL-based estimate)",-2.6619,-0.7008,-0.0184,,
1790754290613319871,21.067,map,"nav2_feedback of the target goal (map, AMCL-based estimate)",-2.6619,-0.7008,-0.0184,,
1790754290622682336,21.067,map,"nav2_feedback of the target goal (map, AMCL-based estimate)",-2.6619,-0.7008,-0.0184,,
1790754290633127768,21.067,map,"nav2_feedback of the target goal (map, AMCL-based estimate)",-2.6619,-0.7008,-0.0184,,
1790754290642931373,21.083,map,"nav2_feedback of the target goal (map, AMCL-based estimate)",-2.6413,-0.6897,-0.0189,,
1790754290652635705,21.083,map,"nav2_feedback of the target goal (map, AMCL-based estimate)",-2.6413,-0.6897,-0.0189,,
1790754290665097789,21.083,map,"nav2_feedback of the target goal (map, AMCL-based estimate)",-2.6413,-0.6897,-0.0189,,
1790754290672920781,21.083,map,"nav2_feedback of the target goal (map, AMCL-based estimate)",-2.6413,-0.6897,-0.0189,,
1790754290682936062,21.083,map,"nav2_feedback of the target goal (map, AMCL-based estimate)",-2.6413,-0.6897,-0.0189,,
1790754290692761551,21.100,map,"nav2_feedback of the target goal (map, AMCL-based estimate)",-2.6207,-0.6787,-0.0194,,
1790754290702973329,21.100,map,"nav2_feedback of the target goal (map, AMCL-based estimate)",-2.6207,-0.6787,-0.0194,,
1790754290714905152,21.100,map,"nav2_feedback of the target goal (map, AMCL-based estimate)",-2.6207,-0.6787,-0.0194,,
1790754290722856007,21.100,map,"nav2_feedback of the target goal (map, AMCL-based estimate)",-2.6207,-0.6787,-0.0194,,
1790754290733174693,21.117,map,"nav2_feedback of the target goal (map, AMCL-based estimate)",-2.6073,-0.6790,-0.0205,,
1790754290742806387,21.117,map,"nav2_feedback of the target goal (map, AMCL-based estimate)",-2.6073,-0.6790,-0.0205,,
1790754290752895983,21.117,map,"nav2_feedback of the target goal (map, AMCL-based estimate)",-2.6073,-0.6790,-0.0205,,
1790754290763040523,21.117,map,"nav2_feedback of the target goal (map, AMCL-based estimate)",-2.6073,-0.6790,-0.0205,,
1790754290772969476,21.117,map,"nav2_feedback of the target goal (map, AMCL-based estimate)",-2.6073,-0.6790,-0.0205,,
1790754290782726983,21.133,map,"nav2_feedback of the target goal (map, AMCL-based estimate)",-2.5940,-0.6792,-0.0217,,
1790754290792955803,21.133,map,"nav2_feedback of the target goal (map, AMCL-based estimate)",-2.5940,-0.6792,-0.0217,,
1790754290802965683,21.133,map,"nav2_feedback of the target goal (map, AMCL-based estimate)",-2.5940,-0.6792,-0.0217,,
1790754290812665824,21.133,map,"nav2_feedback of the target goal (map, AMCL-based estimate)",-2.5940,-0.6792,-0.0217,,
1790754290822945398,21.150,map,"nav2_feedback of the target goal (map, AMCL-based estimate)",-2.5806,-0.6796,-0.0229,,
1790754290832917934,21.150,map,"nav2_feedback of the target goal (map, AMCL-based estimate)",-2.5806,-0.6796,-0.0229,,
1790754290843164075,21.150,map,"nav2_feedback of the target goal (map, AMCL-based estimate)",-2.5806,-0.6796,-0.0229,,
1790754290853058478,21.150,map,"nav2_feedback of the target goal (map, AMCL-based estimate)",-2.5806,-0.6796,-0.0229,,
1790754290863049174,21.150,map,"nav2_feedback of the target goal (map, AMCL-based estimate)",-2.5806,-0.6796,-0.0229,,
1790754290872853337,21.167,map,"nav2_feedback of the target goal (map, AMCL-based estimate)",-2.5673,-0.6799,-0.0240,,
1790754290883165319,21.167,map,"nav2_feedback of the target goal (map, AMCL-based estimate)",-2.5673,-0.6799,-0.0240,,
1790754290892921615,21.167,map,"nav2_feedback of the target goal (map, AMCL-based estimate)",-2.5673,-0.6799,-0.0240,,
1790754290902781003,21.183,map,"nav2_feedback of the target goal (map, AMCL-based estimate)",-2.5539,-0.6802,-0.0252,,
1790754290912862962,21.183,map,"nav2_feedback of the target goal (map, AMCL-based estimate)",-2.5539,-0.6802,-0.0252,,
1790754290922677928,21.183,map,"nav2_feedback of the target goal (map, AMCL-based estimate)",-2.5539,-0.6802,-0.0252,,
1790754290933272456,21.183,map,"nav2_feedback of the target goal (map, AMCL-based estimate)",-2.5539,-0.6802,-0.0252,,
1790754290943195169,21.183,map,"nav2_feedback of the target goal (map, AMCL-based estimate)",-2.5539,-0.6802,-0.0252,,
1790754290952679350,21.183,map,"nav2_feedback of the target goal (map, AMCL-based estimate)",-2.5539,-0.6802,-0.0252,,
1790754290962673864,21.200,map,"nav2_feedback of the target goal (map, AMCL-based estimate)",-2.5406,-0.6806,-0.0263,,
1790754290972975415,21.200,map,"nav2_feedback of the target goal (map, AMCL-based estimate)",-2.5406,-0.6806,-0.0263,,
1790754290983060355,21.200,map,"nav2_feedback of the target goal (map, AMCL-based estimate)",-2.5406,-0.6806,-0.0263,,
1790754290992958855,21.217,map,"nav2_feedback of the target goal (map, AMCL-based estimate)",-2.5272,-0.6809,-0.0274,,
1790754291002994438,21.217,map,"nav2_feedback of the target goal (map, AMCL-based estimate)",-2.5272,-0.6809,-0.0274,,
1790754291013116721,21.217,map,"nav2_feedback of the target goal (map, AMCL-based estimate)",-2.5272,-0.6809,-0.0274,,
1790754291022788273,21.217,map,"nav2_feedback of the target goal (map, AMCL-based estimate)",-2.5272,-0.6809,-0.0274,,
1790754291033034321,21.217,map,"nav2_feedback of the target goal (map, AMCL-based estimate)",-2.5272,-0.6809,-0.0274,,
1790754291042848076,21.233,map,"nav2_feedback of the target goal (map, AMCL-based estimate)",-2.5139,-0.6813,-0.0286,,
1790754291052984701,21.233,map,"nav2_feedback of the target goal (map, AMCL-based estimate)",-2.5139,-0.6813,-0.0286,,
1790754291063067220,21.233,map,"nav2_feedback of the target goal (map, AMCL-based estimate)",-2.5139,-0.6813,-0.0286,,
1790754291072917760,21.233,map,"nav2_feedback of the target goal (map, AMCL-based estimate)",-2.5139,-0.6813,-0.0286,,
1790754291083207205,21.250,map,"nav2_feedback of the target goal (map, AMCL-based estimate)",-2.5005,-0.6817,-0.0297,,
1790754291092738508,21.250,map,"nav2_feedback of the target goal (map, AMCL-based estimate)",-2.5005,-0.6817,-0.0297,,
1790754291103348308,21.250,map,"nav2_feedback of the target goal (map, AMCL-based estimate)",-2.5005,-0.6817,-0.0297,,
1790754291112728188,21.250,map,"nav2_feedback of the target goal (map, AMCL-based estimate)",-2.5005,-0.6817,-0.0297,,
1790754291123141118,21.250,map,"nav2_feedback of the target goal (map, AMCL-based estimate)",-2.5005,-0.6817,-0.0297,,
1790754291133199145,21.267,map,"nav2_feedback of the target goal (map, AMCL-based estimate)",-2.4872,-0.6821,-0.0308,,
1790754291142696177,21.267,map,"nav2_feedback of the target goal (map, AMCL-based estimate)",-2.4872,-0.6821,-0.0308,,
1790754291152789964,21.267,map,"nav2_feedback of the target goal (map, AMCL-based estimate)",-2.4872,-0.6821,-0.0308,,
1790754291162766877,21.267,map,"nav2_feedback of the target goal (map, AMCL-based estimate)",-2.4872,-0.6821,-0.0308,,
1790754291172935537,21.283,map,"nav2_feedback of the target goal (map, AMCL-based estimate)",-2.4738,-0.6825,-0.0319,,
1790754291183243235,21.283,map,"nav2_feedback of the target goal (map, AMCL-based estimate)",-2.4738,-0.6825,-0.0319,,
1790754291192787017,21.283,map,"nav2_feedback of the target goal (map, AMCL-based estimate)",-2.4738,-0.6825,-0.0319,,
1790754291202754617,21.283,map,"nav2_feedback of the target goal (map, AMCL-based estimate)",-2.4738,-0.6825,-0.0319,,
1790754291212699494,21.283,map,"nav2_feedback of the target goal (map, AMCL-based estimate)",-2.4738,-0.6825,-0.0319,,
1790754291223013804,21.300,map,"nav2_feedback of the target goal (map, AMCL-based estimate)",-2.4605,-0.6830,-0.0331,,
1790754291233046314,21.300,map,"nav2_feedback of the target goal (map, AMCL-based estimate)",-2.4605,-0.6830,-0.0331,,
1790754291242838464,21.300,map,"nav2_feedback of the target goal (map, AMCL-based estimate)",-2.4605,-0.6830,-0.0331,,
1790754291252793678,21.317,map,"nav2_feedback of the target goal (map, AMCL-based estimate)",-2.4472,-0.6834,-0.0342,,
1790754291263633035,21.317,map,"nav2_feedback of the target goal (map, AMCL-based estimate)",-2.4472,-0.6834,-0.0342,,
1790754291272624019,21.317,map,"nav2_feedback of the target goal (map, AMCL-based estimate)",-2.4472,-0.6834,-0.0342,,
1790754291283049894,21.317,map,"nav2_feedback of the target goal (map, AMCL-based estimate)",-2.4472,-0.6834,-0.0342,,
1790754291292829472,21.317,map,"nav2_feedback of the target goal (map, AMCL-based estimate)",-2.4472,-0.6834,-0.0342,,
1790754291302758239,21.333,map,"nav2_feedback of the target goal (map, AMCL-based estimate)",-2.4338,-0.6839,-0.0353,,
1790754291312972996,21.333,map,"nav2_feedback of the target goal (map, AMCL-based estimate)",-2.4338,-0.6839,-0.0353,,
1790754291322716814,21.333,map,"nav2_feedback of the target goal (map, AMCL-based estimate)",-2.4338,-0.6839,-0.0353,,
1790754291332902237,21.333,map,"nav2_feedback of the target goal (map, AMCL-based estimate)",-2.4338,-0.6839,-0.0353,,
1790754291342734152,21.350,map,"nav2_feedback of the target goal (map, AMCL-based estimate)",-2.4205,-0.6844,-0.0364,,
1790754291352904116,21.350,map,"nav2_feedback of the target goal (map, AMCL-based estimate)",-2.4205,-0.6844,-0.0364,,
1790754291362691796,21.350,map,"nav2_feedback of the target goal (map, AMCL-based estimate)",-2.4205,-0.6844,-0.0364,,
1790754291372749450,21.350,map,"nav2_feedback of the target goal (map, AMCL-based estimate)",-2.4205,-0.6844,-0.0364,,
1790754291383693667,21.350,map,"nav2_feedback of the target goal (map, AMCL-based estimate)",-2.4205,-0.6844,-0.0364,,
1790754291392763435,21.367,map,"nav2_feedback of the target goal (map, AMCL-based estimate)",-2.4071,-0.6849,-0.0375,,
1790754291403727954,21.367,map,"nav2_feedback of the target goal (map, AMCL-based estimate)",-2.4071,-0.6849,-0.0375,,
1790754291413124317,21.367,map,"nav2_feedback of the target goal (map, AMCL-based estimate)",-2.4071,-0.6849,-0.0375,,
1790754291423166139,21.367,map,"nav2_feedback of the target goal (map, AMCL-based estimate)",-2.4071,-0.6849,-0.0375,,
1790754291432998147,21.383,map,"nav2_feedback of the target goal (map, AMCL-based estimate)",-2.3938,-0.6854,-0.0386,,
1790754291442739543,21.383,map,"nav2_feedback of the target goal (map, AMCL-based estimate)",-2.3938,-0.6854,-0.0386,,
1790754291452829605,21.383,map,"nav2_feedback of the target goal (map, AMCL-based estimate)",-2.3938,-0.6854,-0.0386,,
1790754291463037378,21.383,map,"nav2_feedback of the target goal (map, AMCL-based estimate)",-2.3938,-0.6854,-0.0386,,
1790754291473190114,21.383,map,"nav2_feedback of the target goal (map, AMCL-based estimate)",-2.3938,-0.6854,-0.0386,,
1790754291483523421,21.400,map,"nav2_feedback of the target goal (map, AMCL-based estimate)",-2.3804,-0.6859,-0.0397,,
1790754291492929376,21.400,map,"nav2_feedback of the target goal (map, AMCL-based estimate)",-2.3804,-0.6859,-0.0397,,
1790754291502969708,21.400,map,"nav2_feedback of the target goal (map, AMCL-based estimate)",-2.3804,-0.6859,-0.0397,,
1790754291512906390,21.417,map,"nav2_feedback of the target goal (map, AMCL-based estimate)",-2.3671,-0.6865,-0.0408,,
1790754291522738492,21.417,map,"nav2_feedback of the target goal (map, AMCL-based estimate)",-2.3671,-0.6865,-0.0408,,
1790754291532913112,21.417,map,"nav2_feedback of the target goal (map, AMCL-based estimate)",-2.3671,-0.6865,-0.0408,,
1790754291542976353,21.417,map,"nav2_feedback of the target goal (map, AMCL-based estimate)",-2.3671,-0.6865,-0.0408,,
1790754291553581497,21.417,map,"nav2_feedback of the target goal (map, AMCL-based estimate)",-2.3671,-0.6865,-0.0408,,
1790754291562898144,21.433,map,"nav2_feedback of the target goal (map, AMCL-based estimate)",-2.3538,-0.6870,-0.0419,,
1790754291572629389,21.433,map,"nav2_feedback of the target goal (map, AMCL-based estimate)",-2.3538,-0.6870,-0.0419,,
1790754291582905517,21.433,map,"nav2_feedback of the target goal (map, AMCL-based estimate)",-2.3538,-0.6870,-0.0419,,
1790754291593585721,21.433,map,"nav2_feedback of the target goal (map, AMCL-based estimate)",-2.3538,-0.6870,-0.0419,,
1790754291602779254,21.450,map,"nav2_feedback of the target goal (map, AMCL-based estimate)",-2.3404,-0.6876,-0.0431,,
1790754291612753746,21.450,map,"nav2_feedback of the target goal (map, AMCL-based estimate)",-2.3404,-0.6876,-0.0431,,
1790754291622996442,21.450,map,"nav2_feedback of the target goal (map, AMCL-based estimate)",-2.3404,-0.6876,-0.0431,,
1790754291633169572,21.450,map,"nav2_feedback of the target goal (map, AMCL-based estimate)",-2.3404,-0.6876,-0.0431,,
1790754291642987611,21.450,map,"nav2_feedback of the target goal (map, AMCL-based estimate)",-2.3404,-0.6876,-0.0431,,
1790754291652787677,21.467,map,"nav2_feedback of the target goal (map, AMCL-based estimate)",-2.3271,-0.6882,-0.0444,,
1790754291663356688,21.467,map,"nav2_feedback of the target goal (map, AMCL-based estimate)",-2.3271,-0.6882,-0.0444,,
1790754291672774563,21.467,map,"nav2_feedback of the target goal (map, AMCL-based estimate)",-2.3271,-0.6882,-0.0444,,
1790754291682826815,21.467,map,"nav2_feedback of the target goal (map, AMCL-based estimate)",-2.3271,-0.6882,-0.0444,,
1790754291693562895,21.483,map,"nav2_feedback of the target goal (map, AMCL-based estimate)",-2.3138,-0.6888,-0.0458,,
1790754291702812118,21.483,map,"nav2_feedback of the target goal (map, AMCL-based estimate)",-2.3138,-0.6888,-0.0458,,
1790754291712941944,21.483,map,"nav2_feedback of the target goal (map, AMCL-based estimate)",-2.3138,-0.6888,-0.0458,,
1790754291723006210,21.483,map,"nav2_feedback of the target goal (map, AMCL-based estimate)",-2.3138,-0.6888,-0.0458,,
1790754291733239407,21.483,map,"nav2_feedback of the target goal (map, AMCL-based estimate)",-2.3138,-0.6888,-0.0458,,
1790754291744143020,21.500,map,"nav2_feedback of the target goal (map, AMCL-based estimate)",-2.3004,-0.6895,-0.0474,,
1790754291753025791,21.500,map,"nav2_feedback of the target goal (map, AMCL-based estimate)",-2.3004,-0.6895,-0.0474,,
1790754291762771564,21.500,map,"nav2_feedback of the target goal (map, AMCL-based estimate)",-2.3004,-0.6895,-0.0474,,
1790754291772620615,21.517,map,"nav2_feedback of the target goal (map, AMCL-based estimate)",-2.2871,-0.6901,-0.0491,,
1790754291783055244,21.517,map,"nav2_feedback of the target goal (map, AMCL-based estimate)",-2.2871,-0.6901,-0.0491,,
1790754291793332024,21.517,map,"nav2_feedback of the target goal (map, AMCL-based estimate)",-2.2871,-0.6901,-0.0491,,
1790754291803426835,21.517,map,"nav2_feedback of the target goal (map, AMCL-based estimate)",-2.2871,-0.6901,-0.0491,,
1790754291813064023,21.517,map,"nav2_feedback of the target goal (map, AMCL-based estimate)",-2.2871,-0.6901,-0.0491,,
1790754291822669547,21.517,map,"nav2_feedback of the target goal (map, AMCL-based estimate)",-2.2871,-0.6901,-0.0491,,
1790754291833453587,21.533,map,"nav2_feedback of the target goal (map, AMCL-based estimate)",-2.2737,-0.6908,-0.0509,,
1790754291842813165,21.533,map,"nav2_feedback of the target goal (map, AMCL-based estimate)",-2.2737,-0.6908,-0.0509,,
1790754291852973444,21.533,map,"nav2_feedback of the target goal (map, AMCL-based estimate)",-2.2737,-0.6908,-0.0509,,
1790754291862911244,21.533,map,"nav2_feedback of the target goal (map, AMCL-based estimate)",-2.2737,-0.6908,-0.0509,,
1790754291872604028,21.550,map,"nav2_feedback of the target goal (map, AMCL-based estimate)",-2.2604,-0.6915,-0.0526,,
1790754291883127034,21.550,map,"nav2_feedback of the target goal (map, AMCL-based estimate)",-2.2604,-0.6915,-0.0526,,
1790754291893115774,21.550,map,"nav2_feedback of the target goal (map, AMCL-based estimate)",-2.2604,-0.6915,-0.0526,,
1790754291903053388,21.550,map,"nav2_feedback of the target goal (map, AMCL-based estimate)",-2.2604,-0.6915,-0.0526,,
1790754291912982806,21.550,map,"nav2_feedback of the target goal (map, AMCL-based estimate)",-2.2604,-0.6915,-0.0526,,
1790754291922890060,21.550,map,"nav2_feedback of the target goal (map, AMCL-based estimate)",-2.2604,-0.6915,-0.0526,,
1790754291933417816,21.567,map,"nav2_feedback of the target goal (map, AMCL-based estimate)",-2.2471,-0.6922,-0.0544,,
1790754291943228685,21.567,map,"nav2_feedback of the target goal (map, AMCL-based estimate)",-2.2471,-0.6922,-0.0544,,
1790754291953209975,21.567,map,"nav2_feedback of the target goal (map, AMCL-based estimate)",-2.2471,-0.6922,-0.0544,,
1790754291963047012,21.567,map,"nav2_feedback of the target goal (map, AMCL-based estimate)",-2.2471,-0.6922,-0.0544,,
1790754291975160152,21.583,map,"nav2_feedback of the target goal (map, AMCL-based estimate)",-2.2337,-0.6930,-0.0563,,
1790754291983207206,21.583,map,"nav2_feedback of the target goal (map, AMCL-based estimate)",-2.2337,-0.6930,-0.0563,,
1790754291992790939,21.583,map,"nav2_feedback of the target goal (map, AMCL-based estimate)",-2.2337,-0.6930,-0.0563,,
1790754292003035497,21.583,map,"nav2_feedback of the target goal (map, AMCL-based estimate)",-2.2337,-0.6930,-0.0563,,
1790754292013210490,21.583,map,"nav2_feedback of the target goal (map, AMCL-based estimate)",-2.2337,-0.6930,-0.0563,,
1790754292022969580,21.600,map,"nav2_feedback of the target goal (map, AMCL-based estimate)",-2.2204,-0.6937,-0.0585,,
1790754292032902817,21.600,map,"nav2_feedback of the target goal (map, AMCL-based estimate)",-2.2204,-0.6937,-0.0585,,
1790754292042825437,21.600,map,"nav2_feedback of the target goal (map, AMCL-based estimate)",-2.2204,-0.6937,-0.0585,,
1790754292053045596,21.600,map,"nav2_feedback of the target goal (map, AMCL-based estimate)",-2.2204,-0.6937,-0.0585,,
1790754292062673192,21.617,map,"nav2_feedback of the target goal (map, AMCL-based estimate)",-2.2071,-0.6946,-0.0608,,
1790754292073045799,21.617,map,"nav2_feedback of the target goal (map, AMCL-based estimate)",-2.2071,-0.6946,-0.0608,,
1790754292085026886,21.617,map,"nav2_feedback of the target goal (map, AMCL-based estimate)",-2.2071,-0.6946,-0.0608,,
1790754292092958835,21.617,map,"nav2_feedback of the target goal (map, AMCL-based estimate)",-2.2071,-0.6946,-0.0608,,
1790754292102959589,21.617,map,"nav2_feedback of the target goal (map, AMCL-based estimate)",-2.2071,-0.6946,-0.0608,,
1790754292112955406,21.617,map,"nav2_feedback of the target goal (map, AMCL-based estimate)",-2.2071,-0.6946,-0.0608,,
1790754292122865361,21.633,map,"nav2_feedback of the target goal (map, AMCL-based estimate)",-2.1937,-0.6954,-0.0631,,
1790754292133109826,21.633,map,"nav2_feedback of the target goal (map, AMCL-based estimate)",-2.1937,-0.6954,-0.0631,,
1790754292143102943,21.633,map,"nav2_feedback of the target goal (map, AMCL-based estimate)",-2.1937,-0.6954,-0.0631,,
1790754292152955719,21.633,map,"nav2_feedback of the target goal (map, AMCL-based estimate)",-2.1937,-0.6954,-0.0631,,
1790754292162743213,21.650,map,"nav2_feedback of the target goal (map, AMCL-based estimate)",-2.1804,-0.6963,-0.0655,,
1790754292172767527,21.650,map,"nav2_feedback of the target goal (map, AMCL-based estimate)",-2.1804,-0.6963,-0.0655,,
1790754292182896981,21.650,map,"nav2_feedback of the target goal (map, AMCL-based estimate)",-2.1804,-0.6963,-0.0655,,
1790754292193140515,21.650,map,"nav2_feedback of the target goal (map, AMCL-based estimate)",-2.1804,-0.6963,-0.0655,,
1790754292204499703,21.667,map,"nav2_feedback of the target goal (map, AMCL-based estimate)",-2.1671,-0.6972,-0.0679,,
1790754292213166514,21.667,map,"nav2_feedback of the target goal (map, AMCL-based estimate)",-2.1671,-0.6972,-0.0679,,
1790754292223008673,21.667,map,"nav2_feedback of the target goal (map, AMCL-based estimate)",-2.1671,-0.6972,-0.0679,,
1790754292233123413,21.667,map,"nav2_feedback of the target goal (map, AMCL-based estimate)",-2.1671,-0.6972,-0.0679,,
1790754292242737412,21.683,map,"nav2_feedback of the target goal (map, AMCL-based estimate)",-2.1538,-0.6981,-0.0703,,
1790754292252883349,21.683,map,"nav2_feedback of the target goal (map, AMCL-based estimate)",-2.1538,-0.6981,-0.0703,,
1790754292262997158,21.683,map,"nav2_feedback of the target goal (map, AMCL-based estimate)",-2.1538,-0.6981,-0.0703,,
1790754292272875730,21.683,map,"nav2_feedback of the target goal (map, AMCL-based estimate)",-2.1538,-0.6981,-0.0703,,
1790754292283308496,21.683,map,"nav2_feedback of the target goal (map, AMCL-based estimate)",-2.1538,-0.6981,-0.0703,,
1790754292292707560,21.700,map,"nav2_feedback of the target goal (map, AMCL-based estimate)",-2.1404,-0.6991,-0.0726,,
1790754292302720792,21.700,map,"nav2_feedback of the target goal (map, AMCL-based estimate)",-2.1404,-0.6991,-0.0726,,
1790754292313093585,21.700,map,"nav2_feedback of the target goal (map, AMCL-based estimate)",-2.1404,-0.6991,-0.0726,,
1790754292323323616,21.700,map,"nav2_feedback of the target goal (map, AMCL-based estimate)",-2.1404,-0.6991,-0.0726,,
1790754292333093229,21.717,map,"nav2_feedback of the target goal (map, AMCL-based estimate)",-2.1271,-0.7001,-0.0749,,
1790754292342944515,21.717,map,"nav2_feedback of the target goal (map, AMCL-based estimate)",-2.1271,-0.7001,-0.0749,,
1790754292352689822,21.717,map,"nav2_feedback of the target goal (map, AMCL-based estimate)",-2.1271,-0.7001,-0.0749,,
1790754292362818252,21.717,map,"nav2_feedback of the target goal (map, AMCL-based estimate)",-2.1271,-0.7001,-0.0749,,
1790754292373005444,21.717,map,"nav2_feedback of the target goal (map, AMCL-based estimate)",-2.1271,-0.7001,-0.0749,,
1790754292383017559,21.733,map,"nav2_feedback of the target goal (map, AMCL-based estimate)",-2.1138,-0.7011,-0.0773,,
1790754292392981434,21.733,map,"nav2_feedback of the target goal (map, AMCL-based estimate)",-2.1138,-0.7011,-0.0773,,
1790754292403090959,21.733,map,"nav2_feedback of the target goal (map, AMCL-based estimate)",-2.1138,-0.7011,-0.0773,,
1790754292413266231,21.750,map,"nav2_feedback of the target goal (map, AMCL-based estimate)",-2.1005,-0.7022,-0.0797,,
1790754292425131655,21.750,map,"nav2_feedback of the target goal (map, AMCL-based estimate)",-2.1005,-0.7022,-0.0797,,
1790754292433213166,21.750,map,"nav2_feedback of the target goal (map, AMCL-based estimate)",-2.1005,-0.7022,-0.0797,,
1790754292442933329,21.750,map,"nav2_feedback of the target goal (map, AMCL-based estimate)",-2.1005,-0.7022,-0.0797,,
1790754292452822052,21.750,map,"nav2_feedback of the target goal (map, AMCL-based estimate)",-2.1005,-0.7022,-0.0797,,
1790754292463213750,21.750,map,"nav2_feedback of the target goal (map, AMCL-based estimate)",-2.1005,-0.7022,-0.0797,,
1790754292472924973,21.767,map,"nav2_feedback of the target goal (map, AMCL-based estimate)",-2.0872,-0.7033,-0.0821,,
1790754292483532072,21.767,map,"nav2_feedback of the target goal (map, AMCL-based estimate)",-2.0872,-0.7033,-0.0821,,
1790754292493074830,21.767,map,"nav2_feedback of the target goal (map, AMCL-based estimate)",-2.0872,-0.7033,-0.0821,,
1790754292502927046,21.767,map,"nav2_feedback of the target goal (map, AMCL-based estimate)",-2.0872,-0.7033,-0.0821,,
1790754292513009099,21.767,map,"nav2_feedback of the target goal (map, AMCL-based estimate)",-2.0872,-0.7033,-0.0821,,
1790754292522998584,21.783,map,"nav2_feedback of the target goal (map, AMCL-based estimate)",-2.0739,-0.7044,-0.0845,,
1790754292532903883,21.783,map,"nav2_feedback of the target goal (map, AMCL-based estimate)",-2.0739,-0.7044,-0.0845,,
1790754292542888060,21.783,map,"nav2_feedback of the target goal (map, AMCL-based estimate)",-2.0739,-0.7044,-0.0845,,
1790754292552769052,21.783,map,"nav2_feedback of the target goal (map, AMCL-based estimate)",-2.0739,-0.7044,-0.0845,,
1790754292562836112,21.800,map,"nav2_feedback of the target goal (map, AMCL-based estimate)",-2.0606,-0.7056,-0.0869,,
1790754292572800452,21.800,map,"nav2_feedback of the target goal (map, AMCL-based estimate)",-2.0606,-0.7056,-0.0869,,
1790754292583267862,21.800,map,"nav2_feedback of the target goal (map, AMCL-based estimate)",-2.0606,-0.7056,-0.0869,,
1790754292592982904,21.800,map,"nav2_feedback of the target goal (map, AMCL-based estimate)",-2.0606,-0.7056,-0.0869,,
1790754292602766579,21.817,map,"nav2_feedback of the target goal (map, AMCL-based estimate)",-2.0473,-0.7068,-0.0894,,
1790754292612881040,21.817,map,"nav2_feedback of the target goal (map, AMCL-based estimate)",-2.0473,-0.7068,-0.0894,,
1790754292622690698,21.817,map,"nav2_feedback of the target goal (map, AMCL-based estimate)",-2.0473,-0.7068,-0.0894,,
1790754292633297611,21.817,map,"nav2_feedback of the target goal (map, AMCL-based estimate)",-2.0473,-0.7068,-0.0894,,
1790754292643430604,21.817,map,"nav2_feedback of the target goal (map, AMCL-based estimate)",-2.0473,-0.7068,-0.0894,,
1790754292652977738,21.817,map,"nav2_feedback of the target goal (map, AMCL-based estimate)",-2.0473,-0.7068,-0.0894,,
1790754292663046846,21.833,map,"nav2_feedback of the target goal (map, AMCL-based estimate)",-2.0340,-0.7080,-0.0917,,
1790754292672855759,21.833,map,"nav2_feedback of the target goal (map, AMCL-based estimate)",-2.0340,-0.7080,-0.0917,,
1790754292683014269,21.833,map,"nav2_feedback of the target goal (map, AMCL-based estimate)",-2.0340,-0.7080,-0.0917,,
1790754292693018468,21.833,map,"nav2_feedback of the target goal (map, AMCL-based estimate)",-2.0340,-0.7080,-0.0917,,
1790754292702846192,21.850,map,"nav2_feedback of the target goal (map, AMCL-based estimate)",-2.0207,-0.7092,-0.0939,,
1790754292713071939,21.850,map,"nav2_feedback of the target goal (map, AMCL-based estimate)",-2.0207,-0.7092,-0.0939,,
1790754292722888022,21.850,map,"nav2_feedback of the target goal (map, AMCL-based estimate)",-2.0207,-0.7092,-0.0939,,
1790754292733317344,21.850,map,"nav2_feedback of the target goal (map, AMCL-based estimate)",-2.0207,-0.7092,-0.0939,,
1790754292742959281,21.850,map,"nav2_feedback of the target goal (map, AMCL-based estimate)",-2.0207,-0.7092,-0.0939,,
1790754292752878176,21.867,map,"nav2_feedback of the target goal (map, AMCL-based estimate)",-2.0074,-0.7105,-0.0960,,
1790754292762989377,21.867,map,"nav2_feedback of the target goal (map, AMCL-based estimate)",-2.0074,-0.7105,-0.0960,,
1790754292772991341,21.867,map,"nav2_feedback of the target goal (map, AMCL-based estimate)",-2.0074,-0.7105,-0.0960,,
1790754292783233571,21.867,map,"nav2_feedback of the target goal (map, AMCL-based estimate)",-2.0074,-0.7105,-0.0960,,
1790754292792791695,21.867,map,"nav2_feedback of the target goal (map, AMCL-based estimate)",-2.0074,-0.7105,-0.0960,,
1790754292803223064,21.883,map,"nav2_feedback of the target goal (map, AMCL-based estimate)",-1.9942,-0.7118,-0.0980,,
1790754292813131250,21.883,map,"nav2_feedback of the target goal (map, AMCL-based estimate)",-1.9942,-0.7118,-0.0980,,
1790754292825052084,21.883,map,"nav2_feedback of the target goal (map, AMCL-based estimate)",-1.9942,-0.7118,-0.0980,,
1790754292833139182,21.883,map,"nav2_feedback of the target goal (map, AMCL-based estimate)",-1.9942,-0.7118,-0.0980,,
1790754292842819953,21.883,map,"nav2_feedback of the target goal (map, AMCL-based estimate)",-1.9942,-0.7118,-0.0980,,
1790754292853086955,21.900,map,"nav2_feedback of the target goal (map, AMCL-based estimate)",-1.9809,-0.7132,-0.1000,,
1790754292863368485,21.900,map,"nav2_feedback of the target goal (map, AMCL-based estimate)",-1.9809,-0.7132,-0.1000,,
1790754292873062386,21.900,map,"nav2_feedback of the target goal (map, AMCL-based estimate)",-1.9809,-0.7132,-0.1000,,
1790754292883380421,21.900,map,"nav2_feedback of the target goal (map, AMCL-based estimate)",-1.9809,-0.7132,-0.1000,,
1790754292893021800,21.917,map,"nav2_feedback of the target goal (map, AMCL-based estimate)",-1.9676,-0.7145,-0.1019,,
1790754292903114096,21.917,map,"nav2_feedback of the target goal (map, AMCL-based estimate)",-1.9676,-0.7145,-0.1019,,
1790754292912654433,21.917,map,"nav2_feedback of the target goal (map, AMCL-based estimate)",-1.9676,-0.7145,-0.1019,,
1790754292922828308,21.917,map,"nav2_feedback of the target goal (map, AMCL-based estimate)",-1.9676,-0.7145,-0.1019,,
1790754292933098103,21.917,map,"nav2_feedback of the target goal (map, AMCL-based estimate)",-1.9676,-0.7145,-0.1019,,
1790754292945113833,21.917,map,"nav2_feedback of the target goal (map, AMCL-based estimate)",-1.9676,-0.7145,-0.1019,,
1790754292952736417,21.933,map,"nav2_feedback of the target goal (map, AMCL-based estimate)",-1.9543,-0.7159,-0.1039,,
1790754292963061995,21.933,map,"nav2_feedback of the target goal (map, AMCL-based estimate)",-1.9543,-0.7159,-0.1039,,
1790754292972829094,21.933,map,"nav2_feedback of the target goal (map, AMCL-based estimate)",-1.9543,-0.7159,-0.1039,,
1790754292983109413,21.950,map,"nav2_feedback of the target goal (map, AMCL-based estimate)",-1.9411,-0.7173,-0.1060,,
1790754292992913297,21.950,map,"nav2_feedback of the target goal (map, AMCL-based estimate)",-1.9411,-0.7173,-0.1060,,
1790754293002767469,21.950,map,"nav2_feedback of the target goal (map, AMCL-based estimate)",-1.9411,-0.7173,-0.1060,,
1790754293012891801,21.950,map,"nav2_feedback of the target goal (map, AMCL-based estimate)",-1.9411,-0.7173,-0.1060,,
1790754293023159641,21.950,map,"nav2_feedback of the target goal (map, AMCL-based estimate)",-1.9411,-0.7173,-0.1060,,
1790754293032941734,21.967,map,"nav2_feedback of the target goal (map, AMCL-based estimate)",-1.9278,-0.7188,-0.1081,,
1790754293042942021,21.967,map,"nav2_feedback of the target goal (map, AMCL-based estimate)",-1.9278,-0.7188,-0.1081,,
1790754293053105001,21.967,map,"nav2_feedback of the target goal (map, AMCL-based estimate)",-1.9278,-0.7188,-0.1081,,
1790754293062926579,21.967,map,"nav2_feedback of the target goal (map, AMCL-based estimate)",-1.9278,-0.7188,-0.1081,,
1790754293072782335,21.983,map,"nav2_feedback of the target goal (map, AMCL-based estimate)",-1.9145,-0.7202,-0.1103,,
1790754293083247137,21.983,map,"nav2_feedback of the target goal (map, AMCL-based estimate)",-1.9145,-0.7202,-0.1103,,
1790754293092864395,21.983,map,"nav2_feedback of the target goal (map, AMCL-based estimate)",-1.9145,-0.7202,-0.1103,,
1790754293103490772,21.983,map,"nav2_feedback of the target goal (map, AMCL-based estimate)",-1.9145,-0.7202,-0.1103,,
1790754293113066217,21.983,map,"nav2_feedback of the target goal (map, AMCL-based estimate)",-1.9145,-0.7202,-0.1103,,
1790754293122882580,22.000,map,"nav2_feedback of the target goal (map, AMCL-based estimate)",-1.9012,-0.7217,-0.1125,,
1790754293133288154,22.000,map,"nav2_feedback of the target goal (map, AMCL-based estimate)",-1.9012,-0.7217,-0.1125,,
1790754293143027781,22.000,map,"nav2_feedback of the target goal (map, AMCL-based estimate)",-1.9012,-0.7217,-0.1125,,
1790754293153040175,22.000,map,"nav2_feedback of the target goal (map, AMCL-based estimate)",-1.9012,-0.7217,-0.1125,,
1790754293163150817,22.017,map,"nav2_feedback of the target goal (map, AMCL-based estimate)",-1.8880,-0.7232,-0.1147,,
1790754293173063939,22.017,map,"nav2_feedback of the target goal (map, AMCL-based estimate)",-1.8880,-0.7232,-0.1147,,
1790754293183244426,22.017,map,"nav2_feedback of the target goal (map, AMCL-based estimate)",-1.8880,-0.7232,-0.1147,,
1790754293193240709,22.017,map,"nav2_feedback of the target goal (map, AMCL-based estimate)",-1.8880,-0.7232,-0.1147,,
1790754293203102611,22.017,map,"nav2_feedback of the target goal (map, AMCL-based estimate)",-1.8880,-0.7232,-0.1147,,
1790754293212934060,22.017,map,"nav2_feedback of the target goal (map, AMCL-based estimate)",-1.8880,-0.7232,-0.1147,,
1790754293223313745,22.017,map,"nav2_feedback of the target goal (map, AMCL-based estimate)",-1.8880,-0.7232,-0.1147,,
1790754293233537909,22.033,map,"nav2_feedback of the target goal (map, AMCL-based estimate)",-1.8747,-0.7248,-0.1170,,
1790754293242807713,22.033,map,"nav2_feedback of the target goal (map, AMCL-based estimate)",-1.8747,-0.7248,-0.1170,,
1790754293252921894,22.033,map,"nav2_feedback of the target goal (map, AMCL-based estimate)",-1.8747,-0.7248,-0.1170,,
1790754293262943042,22.033,map,"nav2_feedback of the target goal (map, AMCL-based estimate)",-1.8747,-0.7248,-0.1170,,
1790754293272739755,22.050,map,"nav2_feedback of the target goal (map, AMCL-based estimate)",-1.8615,-0.7264,-0.1193,,
1790754293282936167,22.050,map,"nav2_feedback of the target goal (map, AMCL-based estimate)",-1.8615,-0.7264,-0.1193,,
1790754293293563661,22.050,map,"nav2_feedback of the target goal (map, AMCL-based estimate)",-1.8615,-0.7264,-0.1193,,
1790754293302763993,22.050,map,"nav2_feedback of the target goal (map, AMCL-based estimate)",-1.8615,-0.7264,-0.1193,,
1790754293313357403,22.050,map,"nav2_feedback of the target goal (map, AMCL-based estimate)",-1.8615,-0.7264,-0.1193,,
1790754293323154489,22.067,map,"nav2_feedback of the target goal (map, AMCL-based estimate)",-1.8482,-0.7280,-0.1216,,
1790754293333005308,22.067,map,"nav2_feedback of the target goal (map, AMCL-based estimate)",-1.8482,-0.7280,-0.1216,,
1790754293342910328,22.067,map,"nav2_feedback of the target goal (map, AMCL-based estimate)",-1.8482,-0.7280,-0.1216,,
1790754293353265427,22.083,map,"nav2_feedback of the target goal (map, AMCL-based estimate)",-1.8350,-0.7297,-0.1238,,
1790754293362714592,22.083,map,"nav2_feedback of the target goal (map, AMCL-based estimate)",-1.8350,-0.7297,-0.1238,,
1790754293372744401,22.083,map,"nav2_feedback of the target goal (map, AMCL-based estimate)",-1.8350,-0.7297,-0.1238,,
1790754293383195421,22.083,map,"nav2_feedback of the target goal (map, AMCL-based estimate)",-1.8350,-0.7297,-0.1238,,
1790754293393166374,22.083,map,"nav2_feedback of the target goal (map, AMCL-based estimate)",-1.8350,-0.7297,-0.1238,,
1790754293402772830,22.100,map,"nav2_feedback of the target goal (map, AMCL-based estimate)",-1.8217,-0.7313,-0.1259,,
1790754293413052590,22.100,map,"nav2_feedback of the target goal (map, AMCL-based estimate)",-1.8217,-0.7313,-0.1259,,
1790754293422870815,22.100,map,"nav2_feedback of the target goal (map, AMCL-based estimate)",-1.8217,-0.7313,-0.1259,,
1790754293433750496,22.100,map,"nav2_feedback of the target goal (map, AMCL-based estimate)",-1.8217,-0.7313,-0.1259,,
1790754293444697041,22.117,map,"nav2_feedback of the target goal (map, AMCL-based estimate)",-1.8085,-0.7330,-0.1279,,
1790754293453999998,22.117,map,"nav2_feedback of the target goal (map, AMCL-based estimate)",-1.8085,-0.7330,-0.1279,,
1790754293463337319,22.117,map,"nav2_feedback of the target goal (map, AMCL-based estimate)",-1.8085,-0.7330,-0.1279,,
1790754293473194937,22.117,map,"nav2_feedback of the target goal (map, AMCL-based estimate)",-1.8085,-0.7330,-0.1279,,
1790754293483057397,22.117,map,"nav2_feedback of the target goal (map, AMCL-based estimate)",-1.8085,-0.7330,-0.1279,,
1790754293493047348,22.117,map,"nav2_feedback of the target goal (map, AMCL-based estimate)",-1.8085,-0.7330,-0.1279,,
1790754293505225024,22.133,map,"nav2_feedback of the target goal (map, AMCL-based estimate)",-1.7953,-0.7348,-0.1298,,
1790754293512925741,22.133,map,"nav2_feedback of the target goal (map, AMCL-based estimate)",-1.7953,-0.7348,-0.1298,,
1790754293523033869,22.133,map,"nav2_feedback of the target goal (map, AMCL-based estimate)",-1.7953,-0.7348,-0.1298,,
1790754293533017674,22.133,map,"nav2_feedback of the target goal (map, AMCL-based estimate)",-1.7953,-0.7348,-0.1298,,
1790754293542927256,22.150,map,"nav2_feedback of the target goal (map, AMCL-based estimate)",-1.7820,-0.7365,-0.1316,,
1790754293552861983,22.150,map,"nav2_feedback of the target goal (map, AMCL-based estimate)",-1.7820,-0.7365,-0.1316,,
1790754293563422985,22.150,map,"nav2_feedback of the target goal (map, AMCL-based estimate)",-1.7820,-0.7365,-0.1316,,
1790754293573317015,22.150,map,"nav2_feedback of the target goal (map, AMCL-based estimate)",-1.7820,-0.7365,-0.1316,,
1790754293583118757,22.150,map,"nav2_feedback of the target goal (map, AMCL-based estimate)",-1.7820,-0.7365,-0.1316,,
1790754293593141488,22.167,map,"nav2_feedback of the target goal (map, AMCL-based estimate)",-1.7688,-0.7383,-0.1335,,
1790754293602965767,22.167,map,"nav2_feedback of the target goal (map, AMCL-based estimate)",-1.7688,-0.7383,-0.1335,,
1790754293613289296,22.167,map,"nav2_feedback of the target goal (map, AMCL-based estimate)",-1.7688,-0.7383,-0.1335,,
1790754293623609566,22.167,map,"nav2_feedback of the target goal (map, AMCL-based estimate)",-1.7688,-0.7383,-0.1335,,
1790754293632951357,22.183,map,"nav2_feedback of the target goal (map, AMCL-based estimate)",-1.7556,-0.7401,-0.1353,,
1790754293642768000,22.183,map,"nav2_feedback of the target goal (map, AMCL-based estimate)",-1.7556,-0.7401,-0.1353,,
1790754293653084079,22.183,map,"nav2_feedback of the target goal (map, AMCL-based estimate)",-1.7556,-0.7401,-0.1353,,
1790754293663160078,22.183,map,"nav2_feedback of the target goal (map, AMCL-based estimate)",-1.7556,-0.7401,-0.1353,,
1790754293673295958,22.183,map,"nav2_feedback of the target goal (map, AMCL-based estimate)",-1.7556,-0.7401,-0.1353,,
1790754293683007461,22.200,map,"nav2_feedback of the target goal (map, AMCL-based estimate)",-1.7424,-0.7419,-0.1370,,
1790754293693008493,22.200,map,"nav2_feedback of the target goal (map, AMCL-based estimate)",-1.7424,-0.7419,-0.1370,,
1790754293703169797,22.200,map,"nav2_feedback of the target goal (map, AMCL-based estimate)",-1.7424,-0.7419,-0.1370,,
1790754293712976288,22.217,map,"nav2_feedback of the target goal (map, AMCL-based estimate)",-1.7291,-0.7438,-0.1387,,
1790754293722836328,22.217,map,"nav2_feedback of the target goal (map, AMCL-based estimate)",-1.7291,-0.7438,-0.1387,,
1790754293733229143,22.217,map,"nav2_feedback of the target goal (map, AMCL-based estimate)",-1.7291,-0.7438,-0.1387,,
1790754293743181005,22.217,map,"nav2_feedback of the target goal (map, AMCL-based estimate)",-1.7291,-0.7438,-0.1387,,
1790754293753305151,22.217,map,"nav2_feedback of the target goal (map, AMCL-based estimate)",-1.7291,-0.7438,-0.1387,,
1790754293762770520,22.217,map,"nav2_feedback of the target goal (map, AMCL-based estimate)",-1.7291,-0.7438,-0.1387,,
1790754293773904343,22.233,map,"nav2_feedback of the target goal (map, AMCL-based estimate)",-1.7159,-0.7456,-0.1404,,
1790754293783296980,22.233,map,"nav2_feedback of the target goal (map, AMCL-based estimate)",-1.7159,-0.7456,-0.1404,,
1790754293792998705,22.233,map,"nav2_feedback of the target goal (map, AMCL-based estimate)",-1.7159,-0.7456,-0.1404,,
1790754293803311059,22.233,map,"nav2_feedback of the target goal (map, AMCL-based estimate)",-1.7159,-0.7456,-0.1404,,
1790754293812703883,22.250,map,"nav2_feedback of the target goal (map, AMCL-based estimate)",-1.7027,-0.7475,-0.1421,,
1790754293822909421,22.250,map,"nav2_feedback of the target goal (map, AMCL-based estimate)",-1.7027,-0.7475,-0.1421,,
1790754293833588787,22.250,map,"nav2_feedback of the target goal (map, AMCL-based estimate)",-1.7027,-0.7475,-0.1421,,
1790754293842844529,22.250,map,"nav2_feedback of the target goal (map, AMCL-based estimate)",-1.7027,-0.7475,-0.1421,,
1790754293853010861,22.250,map,"nav2_feedback of the target goal (map, AMCL-based estimate)",-1.7027,-0.7475,-0.1421,,
1790754293862872297,22.267,map,"nav2_feedback of the target goal (map, AMCL-based estimate)",-1.6895,-0.7495,-0.1437,,
1790754293872907507,22.267,map,"nav2_feedback of the target goal (map, AMCL-based estimate)",-1.6895,-0.7495,-0.1437,,
1790754293883170505,22.267,map,"nav2_feedback of the target goal (map, AMCL-based estimate)",-1.6895,-0.7495,-0.1437,,
1790754293892905848,22.267,map,"nav2_feedback of the target goal (map, AMCL-based estimate)",-1.6895,-0.7495,-0.1437,,
1790754293903251541,22.267,map,"nav2_feedback of the target goal (map, AMCL-based estimate)",-1.6895,-0.7495,-0.1437,,
1790754293912853341,22.283,map,"nav2_feedback of the target goal (map, AMCL-based estimate)",-1.6763,-0.7514,-0.1453,,
1790754293923250068,22.283,map,"nav2_feedback of the target goal (map, AMCL-based estimate)",-1.6763,-0.7514,-0.1453,,
1790754293932932142,22.283,map,"nav2_feedback of the target goal (map, AMCL-based estimate)",-1.6763,-0.7514,-0.1453,,
1790754293943136842,22.283,map,"nav2_feedback of the target goal (map, AMCL-based estimate)",-1.6763,-0.7514,-0.1453,,
1790754293952919401,22.300,map,"nav2_feedback of the target goal (map, AMCL-based estimate)",-1.6631,-0.7533,-0.1468,,
1790754293962993165,22.300,map,"nav2_feedback of the target goal (map, AMCL-based estimate)",-1.6631,-0.7533,-0.1468,,
1790754293972684366,22.300,map,"nav2_feedback of the target goal (map, AMCL-based estimate)",-1.6631,-0.7533,-0.1468,,
1790754293983055297,22.317,map,"nav2_feedback of the target goal (map, AMCL-based estimate)",-1.6385,-0.7493,-0.1475,,
1790754293992853873,22.317,map,"nav2_feedback of the target goal (map, AMCL-based estimate)",-1.6385,-0.7493,-0.1475,,
1790754294003085021,22.317,map,"nav2_feedback of the target goal (map, AMCL-based estimate)",-1.6385,-0.7493,-0.1475,,
1790754294012884155,22.317,map,"nav2_feedback of the target goal (map, AMCL-based estimate)",-1.6385,-0.7493,-0.1475,,
1790754294023080567,22.317,map,"nav2_feedback of the target goal (map, AMCL-based estimate)",-1.6385,-0.7493,-0.1475,,
1790754294032915928,22.317,map,"nav2_feedback of the target goal (map, AMCL-based estimate)",-1.6385,-0.7493,-0.1475,,
1790754294043095763,22.333,map,"nav2_feedback of the target goal (map, AMCL-based estimate)",-1.6140,-0.7452,-0.1482,,
1790754294053001621,22.333,map,"nav2_feedback of the target goal (map, AMCL-based estimate)",-1.6140,-0.7452,-0.1482,,
1790754294062831580,22.333,map,"nav2_feedback of the target goal (map, AMCL-based estimate)",-1.6140,-0.7452,-0.1482,,
1790754294072653438,22.350,map,"nav2_feedback of the target goal (map, AMCL-based estimate)",-1.5894,-0.7412,-0.1488,,
1790754294083306169,22.350,map,"nav2_feedback of the target goal (map, AMCL-based estimate)",-1.5894,-0.7412,-0.1488,,
1790754294092698434,22.350,map,"nav2_feedback of the target goal (map, AMCL-based estimate)",-1.5894,-0.7412,-0.1488,,
1790754294103152155,22.350,map,"nav2_feedback of the target goal (map, AMCL-based estimate)",-1.5894,-0.7412,-0.1488,,
1790754294112708229,22.350,map,"nav2_feedback of the target goal (map, AMCL-based estimate)",-1.5894,-0.7412,-0.1488,,
1790754294122665865,22.367,map,"nav2_feedback of the target goal (map, AMCL-based estimate)",-1.5649,-0.7371,-0.1494,,
1790754294133061754,22.367,map,"nav2_feedback of the target goal (map, AMCL-based estimate)",-1.5649,-0.7371,-0.1494,,
1790754294142715332,22.367,map,"nav2_feedback of the target goal (map, AMCL-based estimate)",-1.5649,-0.7371,-0.1494,,
1790754294153402706,22.367,map,"nav2_feedback of the target goal (map, AMCL-based estimate)",-1.5649,-0.7371,-0.1494,,
1790754294162848519,22.383,map,"nav2_feedback of the target goal (map, AMCL-based estimate)",-1.5403,-0.7331,-0.1500,,
1790754294172963818,22.383,map,"nav2_feedback of the target goal (map, AMCL-based estimate)",-1.5403,-0.7331,-0.1500,,
1790754294182880292,22.383,map,"nav2_feedback of the target goal (map, AMCL-based estimate)",-1.5403,-0.7331,-0.1500,,
1790754294192820327,22.383,map,"nav2_feedback of the target goal (map, AMCL-based estimate)",-1.5403,-0.7331,-0.1500,,
1790754294203091240,22.383,map,"nav2_feedback of the target goal (map, AMCL-based estimate)",-1.5403,-0.7331,-0.1500,,
1790754294212959381,22.400,map,"nav2_feedback of the target goal (map, AMCL-based estimate)",-1.5158,-0.7290,-0.1505,,
1790754294222876320,22.400,map,"nav2_feedback of the target goal (map, AMCL-based estimate)",-1.5158,-0.7290,-0.1505,,
1790754294233084559,22.400,map,"nav2_feedback of the target goal (map, AMCL-based estimate)",-1.5158,-0.7290,-0.1505,,
1790754294242746891,22.417,map,"nav2_feedback of the target goal (map, AMCL-based estimate)",-1.5026,-0.7310,-0.1520,,
1790754294252888452,22.417,map,"nav2_feedback of the target goal (map, AMCL-based estimate)",-1.5026,-0.7310,-0.1520,,
1790754294262745697,22.417,map,"nav2_feedback of the target goal (map, AMCL-based estimate)",-1.5026,-0.7310,-0.1520,,
1790754294273633014,22.417,map,"nav2_feedback of the target goal (map, AMCL-based estimate)",-1.5026,-0.7310,-0.1520,,
1790754294283289386,22.417,map,"nav2_feedback of the target goal (map, AMCL-based estimate)",-1.5026,-0.7310,-0.1520,,
1790754294293039536,22.417,map,"nav2_feedback of the target goal (map, AMCL-based estimate)",-1.5026,-0.7310,-0.1520,,
1790754294302736045,22.433,map,"nav2_feedback of the target goal (map, AMCL-based estimate)",-1.4894,-0.7331,-0.1533,,
1790754294312720408,22.433,map,"nav2_feedback of the target goal (map, AMCL-based estimate)",-1.4894,-0.7331,-0.1533,,
1790754294322999610,22.433,map,"nav2_feedback of the target goal (map, AMCL-based estimate)",-1.4894,-0.7331,-0.1533,,
1790754294332763822,22.433,map,"nav2_feedback of the target goal (map, AMCL-based estimate)",-1.4894,-0.7331,-0.1533,,
1790754294343190349,22.433,map,"nav2_feedback of the target goal (map, AMCL-based estimate)",-1.4894,-0.7331,-0.1533,,
1790754294352949160,22.433,map,"nav2_feedback of the target goal (map, AMCL-based estimate)",-1.4894,-0.7331,-0.1533,,
1790754294362736840,22.433,map,"nav2_feedback of the target goal (map, AMCL-based estimate)",-1.4894,-0.7331,-0.1533,,
1790754294372881567,22.433,map,"nav2_feedback of the target goal (map, AMCL-based estimate)",-1.4894,-0.7331,-0.1533,,
1790754294382867513,22.433,map,"nav2_feedback of the target goal (map, AMCL-based estimate)",-1.4894,-0.7331,-0.1533,,
1790754294393127530,22.450,map,"nav2_feedback of the target goal (map, AMCL-based estimate)",-1.4762,-0.7351,-0.1547,,
1790754294403033853,22.450,map,"nav2_feedback of the target goal (map, AMCL-based estimate)",-1.4762,-0.7351,-0.1547,,
1790754294412719653,22.450,map,"nav2_feedback of the target goal (map, AMCL-based estimate)",-1.4762,-0.7351,-0.1547,,
1790754294424481334,22.450,map,"nav2_feedback of the target goal (map, AMCL-based estimate)",-1.4762,-0.7351,-0.1547,,
1790754294433402566,22.450,map,"nav2_feedback of the target goal (map, AMCL-based estimate)",-1.4762,-0.7351,-0.1547,,
1790754294443058006,22.467,map,"nav2_feedback of the target goal (map, AMCL-based estimate)",-1.4630,-0.7372,-0.1561,,
1790754294453730015,22.467,map,"nav2_feedback of the target goal (map, AMCL-based estimate)",-1.4630,-0.7372,-0.1561,,
1790754294462728634,22.467,map,"nav2_feedback of the target goal (map, AMCL-based estimate)",-1.4630,-0.7372,-0.1561,,
1790754294475180103,22.467,map,"nav2_feedback of the target goal (map, AMCL-based estimate)",-1.4630,-0.7372,-0.1561,,
1790754294483070611,22.483,map,"nav2_feedback of the target goal (map, AMCL-based estimate)",-1.4498,-0.7393,-0.1574,,
1790754294492812380,22.483,map,"nav2_feedback of the target goal (map, AMCL-based estimate)",-1.4498,-0.7393,-0.1574,,
1790754294503244029,22.483,map,"nav2_feedback of the target goal (map, AMCL-based estimate)",-1.4498,-0.7393,-0.1574,,
1790754294513038601,22.483,map,"nav2_feedback of the target goal (map, AMCL-based estimate)",-1.4498,-0.7393,-0.1574,,
1790754294524545953,22.483,map,"nav2_feedback of the target goal (map, AMCL-based estimate)",-1.4498,-0.7393,-0.1574,,
1790754294533395571,22.500,map,"nav2_feedback of the target goal (map, AMCL-based estimate)",-1.4366,-0.7414,-0.1588,,
1790754294542730284,22.500,map,"nav2_feedback of the target goal (map, AMCL-based estimate)",-1.4366,-0.7414,-0.1588,,
1790754294553026993,22.500,map,"nav2_feedback of the target goal (map, AMCL-based estimate)",-1.4366,-0.7414,-0.1588,,
1790754294562769879,22.500,map,"nav2_feedback of the target goal (map, AMCL-based estimate)",-1.4366,-0.7414,-0.1588,,
1790754294573344198,22.517,map,"nav2_feedback of the target goal (map, AMCL-based estimate)",-1.4234,-0.7435,-0.1601,,
1790754294583141563,22.517,map,"nav2_feedback of the target goal (map, AMCL-based estimate)",-1.4234,-0.7435,-0.1601,,
1790754294592756308,22.517,map,"nav2_feedback of the target goal (map, AMCL-based estimate)",-1.4234,-0.7435,-0.1601,,
1790754294603083283,22.517,map,"nav2_feedback of the target goal (map, AMCL-based estimate)",-1.4234,-0.7435,-0.1601,,
1790754294612885211,22.517,map,"nav2_feedback of the target goal (map, AMCL-based estimate)",-1.4234,-0.7435,-0.1601,,
1790754294622835117,22.517,map,"nav2_feedback of the target goal (map, AMCL-based estimate)",-1.4234,-0.7435,-0.1601,,
1790754294633569241,22.533,map,"nav2_feedback of the target goal (map, AMCL-based estimate)",-1.4103,-0.7457,-0.1614,,
1790754294642926957,22.533,map,"nav2_feedback of the target goal (map, AMCL-based estimate)",-1.4103,-0.7457,-0.1614,,
1790754294652996903,22.533,map,"nav2_feedback of the target goal (map, AMCL-based estimate)",-1.4103,-0.7457,-0.1614,,
1790754294663031834,22.533,map,"nav2_feedback of the target goal (map, AMCL-based estimate)",-1.4103,-0.7457,-0.1614,,
1790754294672640059,22.550,map,"nav2_feedback of the target goal (map, AMCL-based estimate)",-1.3971,-0.7478,-0.1626,,
1790754294683525420,22.550,map,"nav2_feedback of the target goal (map, AMCL-based estimate)",-1.3971,-0.7478,-0.1626,,
1790754294693050856,22.550,map,"nav2_feedback of the target goal (map, AMCL-based estimate)",-1.3971,-0.7478,-0.1626,,
1790754294702735445,22.550,map,"nav2_feedback of the target goal (map, AMCL-based estimate)",-1.3971,-0.7478,-0.1626,,
1790754294713165791,22.550,map,"nav2_feedback of the target goal (map, AMCL-based estimate)",-1.3971,-0.7478,-0.1626,,
1790754294722964367,22.567,map,"nav2_feedback of the target goal (map, AMCL-based estimate)",-1.3839,-0.7500,-0.1637,,
1790754294733063182,22.567,map,"nav2_feedback of the target goal (map, AMCL-based estimate)",-1.3839,-0.7500,-0.1637,,
1790754294742910835,22.567,map,"nav2_feedback of the target goal (map, AMCL-based estimate)",-1.3839,-0.7500,-0.1637,,
1790754294753157722,22.567,map,"nav2_feedback of the target goal (map, AMCL-based estimate)",-1.3839,-0.7500,-0.1637,,
1790754294762675242,22.583,map,"nav2_feedback of the target goal (map, AMCL-based estimate)",-1.3708,-0.7522,-0.1647,,
1790754294772747144,22.583,map,"nav2_feedback of the target goal (map, AMCL-based estimate)",-1.3708,-0.7522,-0.1647,,
1790754294783014332,22.583,map,"nav2_feedback of the target goal (map, AMCL-based estimate)",-1.3708,-0.7522,-0.1647,,
1790754294793029986,22.583,map,"nav2_feedback of the target goal (map, AMCL-based estimate)",-1.3708,-0.7522,-0.1647,,
1790754294803318034,22.583,map,"nav2_feedback of the target goal (map, AMCL-based estimate)",-1.3708,-0.7522,-0.1647,,
1790754294812875040,22.600,map,"nav2_feedback of the target goal (map, AMCL-based estimate)",-1.3576,-0.7544,-0.1657,,
1790754294822772050,22.600,map,"nav2_feedback of the target goal (map, AMCL-based estimate)",-1.3576,-0.7544,-0.1657,,
1790754294832850098,22.600,map,"nav2_feedback of the target goal (map, AMCL-based estimate)",-1.3576,-0.7544,-0.1657,,
1790754294843288639,22.600,map,"nav2_feedback of the target goal (map, AMCL-based estimate)",-1.3576,-0.7544,-0.1657,,
1790754294852942310,22.617,map,"nav2_feedback of the target goal (map, AMCL-based estimate)",-1.3444,-0.7566,-0.1667,,
1790754294862988602,22.617,map,"nav2_feedback of the target goal (map, AMCL-based estimate)",-1.3444,-0.7566,-0.1667,,
1790754294872985537,22.617,map,"nav2_feedback of the target goal (map, AMCL-based estimate)",-1.3444,-0.7566,-0.1667,,
1790754294885503218,22.617,map,"nav2_feedback of the target goal (map, AMCL-based estimate)",-1.3444,-0.7566,-0.1667,,
1790754294893204122,22.617,map,"nav2_feedback of the target goal (map, AMCL-based estimate)",-1.3444,-0.7566,-0.1667,,
1790754294902900817,22.617,map,"nav2_feedback of the target goal (map, AMCL-based estimate)",-1.3444,-0.7566,-0.1667,,
1790754294913014160,22.633,map,"nav2_feedback of the target goal (map, AMCL-based estimate)",-1.3313,-0.7589,-0.1676,,
1790754294923099938,22.633,map,"nav2_feedback of the target goal (map, AMCL-based estimate)",-1.3313,-0.7589,-0.1676,,
1790754294933056643,22.633,map,"nav2_feedback of the target goal (map, AMCL-based estimate)",-1.3313,-0.7589,-0.1676,,
1790754294942815174,22.633,map,"nav2_feedback of the target goal (map, AMCL-based estimate)",-1.3313,-0.7589,-0.1676,,
1790754294953408304,22.650,map,"nav2_feedback of the target goal (map, AMCL-based estimate)",-1.3181,-0.7611,-0.1685,,
1790754294963017275,22.650,map,"nav2_feedback of the target goal (map, AMCL-based estimate)",-1.3181,-0.7611,-0.1685,,
1790754294972910560,22.650,map,"nav2_feedback of the target goal (map, AMCL-based estimate)",-1.3181,-0.7611,-0.1685,,
1790754294983057801,22.650,map,"nav2_feedback of the target goal (map, AMCL-based estimate)",-1.3181,-0.7611,-0.1685,,
1790754294992938515,22.650,map,"nav2_feedback of the target goal (map, AMCL-based estimate)",-1.3181,-0.7611,-0.1685,,
1790754295003273313,22.667,map,"nav2_feedback of the target goal (map, AMCL-based estimate)",-1.3049,-0.7634,-0.1694,,
1790754295013024953,22.667,map,"nav2_feedback of the target goal (map, AMCL-based estimate)",-1.3049,-0.7634,-0.1694,,
1790754295022718854,22.667,map,"nav2_feedback of the target goal (map, AMCL-based estimate)",-1.3049,-0.7634,-0.1694,,
1790754295032876619,22.667,map,"nav2_feedback of the target goal (map, AMCL-based estimate)",-1.3049,-0.7634,-0.1694,,
1790754295042788343,22.683,map,"nav2_feedback of the target goal (map, AMCL-based estimate)",-1.2918,-0.7656,-0.1703,,
1790754295052692525,22.683,map,"nav2_feedback of the target goal (map, AMCL-based estimate)",-1.2918,-0.7656,-0.1703,,
1790754295063170271,22.683,map,"nav2_feedback of the target goal (map, AMCL-based estimate)",-1.2918,-0.7656,-0.1703,,
1790754295072784550,22.683,map,"nav2_feedback of the target goal (map, AMCL-based estimate)",-1.2918,-0.7656,-0.1703,,
1790754295082880851,22.700,map,"nav2_feedback of the target goal (map, AMCL-based estimate)",-1.2786,-0.7679,-0.1713,,
1790754295093042061,22.700,map,"nav2_feedback of the target goal (map, AMCL-based estimate)",-1.2786,-0.7679,-0.1713,,
1790754295102678224,22.700,map,"nav2_feedback of the target goal (map, AMCL-based estimate)",-1.2786,-0.7679,-0.1713,,
1790754295112839993,22.700,map,"nav2_feedback of the target goal (map, AMCL-based estimate)",-1.2786,-0.7679,-0.1713,,
1790754295123079616,22.717,map,"nav2_feedback of the target goal (map, AMCL-based estimate)",-1.2655,-0.7702,-0.1722,,
1790754295133195939,22.717,map,"nav2_feedback of the target goal (map, AMCL-based estimate)",-1.2655,-0.7702,-0.1722,,
1790754295142672763,22.717,map,"nav2_feedback of the target goal (map, AMCL-based estimate)",-1.2655,-0.7702,-0.1722,,
1790754295153829122,22.717,map,"nav2_feedback of the target goal (map, AMCL-based estimate)",-1.2655,-0.7702,-0.1722,,
1790754295162943964,22.717,map,"nav2_feedback of the target goal (map, AMCL-based estimate)",-1.2655,-0.7702,-0.1722,,
1790754295172566065,22.733,map,"nav2_feedback of the target goal (map, AMCL-based estimate)",-1.2523,-0.7725,-0.1732,,
1790754295182984025,22.733,map,"nav2_feedback of the target goal (map, AMCL-based estimate)",-1.2523,-0.7725,-0.1732,,
1790754295192827022,22.733,map,"nav2_feedback of the target goal (map, AMCL-based estimate)",-1.2523,-0.7725,-0.1732,,
1790754295203022130,22.733,map,"nav2_feedback of the target goal (map, AMCL-based estimate)",-1.2523,-0.7725,-0.1732,,
1790754295212629983,22.750,map,"nav2_feedback of the target goal (map, AMCL-based estimate)",-1.2392,-0.7748,-0.1742,,
1790754295222809166,22.750,map,"nav2_feedback of the target goal (map, AMCL-based estimate)",-1.2392,-0.7748,-0.1742,,
1790754295233051303,22.750,map,"nav2_feedback of the target goal (map, AMCL-based estimate)",-1.2392,-0.7748,-0.1742,,
1790754295243038926,22.750,map,"nav2_feedback of the target goal (map, AMCL-based estimate)",-1.2392,-0.7748,-0.1742,,
1790754295254887866,22.750,map,"nav2_feedback of the target goal (map, AMCL-based estimate)",-1.2392,-0.7748,-0.1742,,
1790754295263117914,22.767,map,"nav2_feedback of the target goal (map, AMCL-based estimate)",-1.2260,-0.7771,-0.1752,,
1790754295273177802,22.767,map,"nav2_feedback of the target goal (map, AMCL-based estimate)",-1.2260,-0.7771,-0.1752,,
1790754295283030391,22.767,map,"nav2_feedback of the target goal (map, AMCL-based estimate)",-1.2260,-0.7771,-0.1752,,
1790754295292672887,22.767,map,"nav2_feedback of the target goal (map, AMCL-based estimate)",-1.2260,-0.7771,-0.1752,,
1790754295302743392,22.767,map,"nav2_feedback of the target goal (map, AMCL-based estimate)",-1.2260,-0.7771,-0.1752,,
1790754295312712948,22.783,map,"nav2_feedback of the target goal (map, AMCL-based estimate)",-1.2129,-0.7795,-0.1761,,
1790754295322788762,22.783,map,"nav2_feedback of the target goal (map, AMCL-based estimate)",-1.2129,-0.7795,-0.1761,,
1790754295332948668,22.783,map,"nav2_feedback of the target goal (map, AMCL-based estimate)",-1.2129,-0.7795,-0.1761,,
1790754295342877900,22.783,map,"nav2_feedback of the target goal (map, AMCL-based estimate)",-1.2129,-0.7795,-0.1761,,
1790754295352909664,22.800,map,"nav2_feedback of the target goal (map, AMCL-based estimate)",-1.1999,-0.7818,-0.1771,,
1790754295363120325,22.800,map,"nav2_feedback of the target goal (map, AMCL-based estimate)",-1.1999,-0.7818,-0.1771,,
1790754295372831362,22.800,map,"nav2_feedback of the target goal (map, AMCL-based estimate)",-1.1999,-0.7818,-0.1771,,
1790754295383183108,22.817,map,"nav2_feedback of the target goal (map, AMCL-based estimate)",-1.1873,-0.7841,-0.1781,,
1790754295392870491,22.817,map,"nav2_feedback of the target goal (map, AMCL-based estimate)",-1.1873,-0.7841,-0.1781,,
1790754295402848801,22.817,map,"nav2_feedback of the target goal (map, AMCL-based estimate)",-1.1873,-0.7841,-0.1781,,
1790754295412963727,22.817,map,"nav2_feedback of the target goal (map, AMCL-based estimate)",-1.1873,-0.7841,-0.1781,,
1790754295422971279,22.817,map,"nav2_feedback of the target goal (map, AMCL-based estimate)",-1.1873,-0.7841,-0.1781,,
1790754295433242285,22.833,map,"nav2_feedback of the target goal (map, AMCL-based estimate)",-1.1748,-0.7863,-0.1790,,
1790754295442631477,22.833,map,"nav2_feedback of the target goal (map, AMCL-based estimate)",-1.1748,-0.7863,-0.1790,,
1790754295452872590,22.833,map,"nav2_feedback of the target goal (map, AMCL-based estimate)",-1.1748,-0.7863,-0.1790,,
1790754295463005490,22.833,map,"nav2_feedback of the target goal (map, AMCL-based estimate)",-1.1748,-0.7863,-0.1790,,
1790754295472639511,22.850,map,"nav2_feedback of the target goal (map, AMCL-based estimate)",-1.1623,-0.7886,-0.1800,,
1790754295483467413,22.850,map,"nav2_feedback of the target goal (map, AMCL-based estimate)",-1.1623,-0.7886,-0.1800,,
1790754295492825129,22.850,map,"nav2_feedback of the target goal (map, AMCL-based estimate)",-1.1623,-0.7886,-0.1800,,
1790754295503729487,22.850,map,"nav2_feedback of the target goal (map, AMCL-based estimate)",-1.1623,-0.7886,-0.1800,,
1790754295512632932,22.850,map,"nav2_feedback of the target goal (map, AMCL-based estimate)",-1.1623,-0.7886,-0.1800,,
1790754295522770861,22.850,map,"nav2_feedback of the target goal (map, AMCL-based estimate)",-1.1623,-0.7886,-0.1800,,
1790754295533027898,22.867,map,"nav2_feedback of the target goal (map, AMCL-based estimate)",-1.1498,-0.7909,-0.1809,,
1790754295542969330,22.867,map,"nav2_feedback of the target goal (map, AMCL-based estimate)",-1.1498,-0.7909,-0.1809,,
1790754295554150367,22.867,map,"nav2_feedback of the target goal (map, AMCL-based estimate)",-1.1498,-0.7909,-0.1809,,
1790754295563160535,22.883,map,"nav2_feedback of the target goal (map, AMCL-based estimate)",-1.1374,-0.7932,-0.1819,,
1790754295572746875,22.883,map,"nav2_feedback of the target goal (map, AMCL-based estimate)",-1.1374,-0.7932,-0.1819,,
1790754295582930529,22.883,map,"nav2_feedback of the target goal (map, AMCL-based estimate)",-1.1374,-0.7932,-0.1819,,
1790754295593048901,22.883,map,"nav2_feedback of the target goal (map, AMCL-based estimate)",-1.1374,-0.7932,-0.1819,,
1790754295602845707,22.883,map,"nav2_feedback of the target goal (map, AMCL-based estimate)",-1.1374,-0.7932,-0.1819,,
1790754295612761902,22.900,map,"nav2_feedback of the target goal (map, AMCL-based estimate)",-1.1252,-0.7954,-0.1828,,
1790754295622945276,22.900,map,"nav2_feedback of the target goal (map, AMCL-based estimate)",-1.1252,-0.7954,-0.1828,,
1790754295632918278,22.900,map,"nav2_feedback of the target goal (map, AMCL-based estimate)",-1.1252,-0.7954,-0.1828,,
1790754295645065502,22.900,map,"nav2_feedback of the target goal (map, AMCL-based estimate)",-1.1252,-0.7954,-0.1828,,
1790754295653070556,22.917,map,"nav2_feedback of the target goal (map, AMCL-based estimate)",-1.1132,-0.7976,-0.1837,,
1790754295662963283,22.917,map,"nav2_feedback of the target goal (map, AMCL-based estimate)",-1.1132,-0.7976,-0.1837,,
1790754295672625894,22.917,map,"nav2_feedback of the target goal (map, AMCL-based estimate)",-1.1132,-0.7976,-0.1837,,
1790754295683477264,22.917,map,"nav2_feedback of the target goal (map, AMCL-based estimate)",-1.1132,-0.7976,-0.1837,,
1790754295693796882,22.917,map,"nav2_feedback of the target goal (map, AMCL-based estimate)",-1.1132,-0.7976,-0.1837,,
1790754295702934074,22.933,map,"nav2_feedback of the target goal (map, AMCL-based estimate)",-1.1014,-0.7999,-0.1847,,
1790754295713038105,22.933,map,"nav2_feedback of the target goal (map, AMCL-based estimate)",-1.1014,-0.7999,-0.1847,,
1790754295722884920,22.933,map,"nav2_feedback of the target goal (map, AMCL-based estimate)",-1.1014,-0.7999,-0.1847,,
1790754295733125288,22.933,map,"nav2_feedback of the target goal (map, AMCL-based estimate)",-1.1014,-0.7999,-0.1847,,
1790754295742826919,22.950,map,"nav2_feedback of the target goal (map, AMCL-based estimate)",-1.0898,-0.8020,-0.1856,,
1790754295752906736,22.950,map,"nav2_feedback of the target goal (map, AMCL-based estimate)",-1.0898,-0.8020,-0.1856,,
1790754295762780558,22.950,map,"nav2_feedback of the target goal (map, AMCL-based estimate)",-1.0898,-0.8020,-0.1856,,
1790754295772817352,22.950,map,"nav2_feedback of the target goal (map, AMCL-based estimate)",-1.0898,-0.8020,-0.1856,,
1790754295783156992,22.950,map,"nav2_feedback of the target goal (map, AMCL-based estimate)",-1.0898,-0.8020,-0.1856,,
1790754295793029045,22.967,map,"nav2_feedback of the target goal (map, AMCL-based estimate)",-1.0786,-0.8042,-0.1865,,
1790754295803297816,22.967,map,"nav2_feedback of the target goal (map, AMCL-based estimate)",-1.0786,-0.8042,-0.1865,,
1790754295812672014,22.967,map,"nav2_feedback of the target goal (map, AMCL-based estimate)",-1.0786,-0.8042,-0.1865,,
1790754295822725663,22.967,map,"nav2_feedback of the target goal (map, AMCL-based estimate)",-1.0786,-0.8042,-0.1865,,
1790754295833001605,22.983,map,"nav2_feedback of the target goal (map, AMCL-based estimate)",-1.0674,-0.8063,-0.1874,,
1790754295842671946,22.983,map,"nav2_feedback of the target goal (map, AMCL-based estimate)",-1.0674,-0.8063,-0.1874,,
1790754295852762380,22.983,map,"nav2_feedback of the target goal (map, AMCL-based estimate)",-1.0674,-0.8063,-0.1874,,
1790754295863164136,22.983,map,"nav2_feedback of the target goal (map, AMCL-based estimate)",-1.0674,-0.8063,-0.1874,,
1790754295873044290,22.983,map,"nav2_feedback of the target goal (map, AMCL-based estimate)",-1.0674,-0.8063,-0.1874,,
1790754295882836534,23.000,map,"nav2_feedback of the target goal (map, AMCL-based estimate)",-1.0563,-0.8084,-0.1883,,
1790754295892720134,23.000,map,"nav2_feedback of the target goal (map, AMCL-based estimate)",-1.0563,-0.8084,-0.1883,,
1790754295902692670,23.000,map,"nav2_feedback of the target goal (map, AMCL-based estimate)",-1.0563,-0.8084,-0.1883,,
1790754295913088000,23.017,map,"nav2_feedback of the target goal (map, AMCL-based estimate)",-1.0453,-0.8105,-0.1892,,
1790754295922841037,23.017,map,"nav2_feedback of the target goal (map, AMCL-based estimate)",-1.0453,-0.8105,-0.1892,,
1790754295932925045,23.017,map,"nav2_feedback of the target goal (map, AMCL-based estimate)",-1.0453,-0.8105,-0.1892,,
1790754295943005049,23.017,map,"nav2_feedback of the target goal (map, AMCL-based estimate)",-1.0453,-0.8105,-0.1892,,
1790754295952799155,23.017,map,"nav2_feedback of the target goal (map, AMCL-based estimate)",-1.0453,-0.8105,-0.1892,,
1790754295962586183,23.017,map,"nav2_feedback of the target goal (map, AMCL-based estimate)",-1.0453,-0.8105,-0.1892,,
1790754295972603606,23.017,map,"nav2_feedback of the target goal (map, AMCL-based estimate)",-1.0453,-0.8105,-0.1892,,
1790754295982940825,23.033,map,"nav2_feedback of the target goal (map, AMCL-based estimate)",-1.0342,-0.8126,-0.1900,,
1790754295992972682,23.033,map,"nav2_feedback of the target goal (map, AMCL-based estimate)",-1.0342,-0.8126,-0.1900,,
1790754296003084815,23.033,map,"nav2_feedback of the target goal (map, AMCL-based estimate)",-1.0342,-0.8126,-0.1900,,
1790754296013035094,23.033,map,"nav2_feedback of the target goal (map, AMCL-based estimate)",-1.0342,-0.8126,-0.1900,,
1790754296022805452,23.050,map,"nav2_feedback of the target goal (map, AMCL-based estimate)",-1.0234,-0.8147,-0.1909,,
1790754296032829860,23.050,map,"nav2_feedback of the target goal (map, AMCL-based estimate)",-1.0234,-0.8147,-0.1909,,
1790754296042932959,23.050,map,"nav2_feedback of the target goal (map, AMCL-based estimate)",-1.0234,-0.8147,-0.1909,,
1790754296053255464,23.050,map,"nav2_feedback of the target goal (map, AMCL-based estimate)",-1.0234,-0.8147,-0.1909,,
1790754296063019304,23.050,map,"nav2_feedback of the target goal (map, AMCL-based estimate)",-1.0234,-0.8147,-0.1909,,
1790754296073317968,23.067,map,"nav2_feedback of the target goal (map, AMCL-based estimate)",-1.0128,-0.8168,-0.1918,,
1790754296083009076,23.067,map,"nav2_feedback of the target goal (map, AMCL-based estimate)",-1.0128,-0.8168,-0.1918,,
1790754296093074366,23.067,map,"nav2_feedback of the target goal (map, AMCL-based estimate)",-1.0128,-0.8168,-0.1918,,
1790754296103332614,23.083,map,"nav2_feedback of the target goal (map, AMCL-based estimate)",-1.0024,-0.8188,-0.1927,,
1790754296112608751,23.083,map,"nav2_feedback of the target goal (map, AMCL-based estimate)",-1.0024,-0.8188,-0.1927,,
1790754296123099908,23.083,map,"nav2_feedback of the target goal (map, AMCL-based estimate)",-1.0024,-0.8188,-0.1927,,
1790754296133086040,23.083,map,"nav2_feedback of the target goal (map, AMCL-based estimate)",-1.0024,-0.8188,-0.1927,,
1790754296143436949,23.083,map,"nav2_feedback of the target goal (map, AMCL-based estimate)",-1.0024,-0.8188,-0.1927,,
1790754296152816549,23.100,map,"nav2_feedback of the target goal (map, AMCL-based estimate)",-0.9921,-0.8208,-0.1936,,
1790754296162830992,23.100,map,"nav2_feedback of the target goal (map, AMCL-based estimate)",-0.9921,-0.8208,-0.1936,,
1790754296172675572,23.100,map,"nav2_feedback of the target goal (map, AMCL-based estimate)",-0.9921,-0.8208,-0.1936,,
1790754296183174365,23.117,map,"nav2_feedback of the target goal (map, AMCL-based estimate)",-0.9817,-0.8229,-0.1944,,
1790754296192692817,23.117,map,"nav2_feedback of the target goal (map, AMCL-based estimate)",-0.9817,-0.8229,-0.1944,,
1790754296202761553,23.117,map,"nav2_feedback of the target goal (map, AMCL-based estimate)",-0.9817,-0.8229,-0.1944,,
1790754296212617215,23.117,map,"nav2_feedback of the target goal (map, AMCL-based estimate)",-0.9817,-0.8229,-0.1944,,
1790754296222967099,23.117,map,"nav2_feedback of the target goal (map, AMCL-based estimate)",-0.9817,-0.8229,-0.1944,,
1790754296233045892,23.117,map,"nav2_feedback of the target goal (map, AMCL-based estimate)",-0.9817,-0.8229,-0.1944,,
1790754296242858251,23.133,map,"nav2_feedback of the target goal (map, AMCL-based estimate)",-0.9716,-0.8249,-0.1953,,
1790754296252931829,23.133,map,"nav2_feedback of the target goal (map, AMCL-based estimate)",-0.9716,-0.8249,-0.1953,,
1790754296263007363,23.133,map,"nav2_feedback of the target goal (map, AMCL-based estimate)",-0.9716,-0.8249,-0.1953,,
1790754296273503549,23.150,map,"nav2_feedback of the target goal (map, AMCL-based estimate)",-0.9617,-0.8268,-0.1961,,
1790754296283295885,23.150,map,"nav2_feedback of the target goal (map, AMCL-based estimate)",-0.9617,-0.8268,-0.1961,,
1790754296292550975,23.150,map,"nav2_feedback of the target goal (map, AMCL-based estimate)",-0.9617,-0.8268,-0.1961,,
1790754296303102478,23.150,map,"nav2_feedback of the target goal (map, AMCL-based estimate)",-0.9617,-0.8268,-0.1961,,
1790754296313406172,23.150,map,"nav2_feedback of the target goal (map, AMCL-based estimate)",-0.9617,-0.8268,-0.1961,,
1790754296323074557,23.167,map,"nav2_feedback of the target goal (map, AMCL-based estimate)",-0.9520,-0.8288,-0.1970,,
1790754296332910942,23.167,map,"nav2_feedback of the target goal (map, AMCL-based estimate)",-0.9520,-0.8288,-0.1970,,
1790754296343031828,23.167,map,"nav2_feedback of the target goal (map, AMCL-based estimate)",-0.9520,-0.8288,-0.1970,,
1790754296353006599,23.183,map,"nav2_feedback of the target goal (map, AMCL-based estimate)",-0.9423,-0.8307,-0.1978,,
1790754296362966284,23.183,map,"nav2_feedback of the target goal (map, AMCL-based estimate)",-0.9423,-0.8307,-0.1978,,
1790754296372839547,23.183,map,"nav2_feedback of the target goal (map, AMCL-based estimate)",-0.9423,-0.8307,-0.1978,,
1790754296383102172,23.183,map,"nav2_feedback of the target goal (map, AMCL-based estimate)",-0.9423,-0.8307,-0.1978,,
1790754296392877187,23.183,map,"nav2_feedback of the target goal (map, AMCL-based estimate)",-0.9423,-0.8307,-0.1978,,
1790754296402803439,23.183,map,"nav2_feedback of the target goal (map, AMCL-based estimate)",-0.9423,-0.8307,-0.1978,,
1790754296412851966,23.200,map,"nav2_feedback of the target goal (map, AMCL-based estimate)",-0.9326,-0.8327,-0.1987,,
1790754296422711167,23.200,map,"nav2_feedback of the target goal (map, AMCL-based estimate)",-0.9326,-0.8327,-0.1987,,
1790754296433357566,23.200,map,"nav2_feedback of the target goal (map, AMCL-based estimate)",-0.9326,-0.8327,-0.1987,,
1790754296442790062,23.217,map,"nav2_feedback of the target goal (map, AMCL-based estimate)",-0.9232,-0.8346,-0.1995,,
1790754296452901729,23.217,map,"nav2_feedback of the target goal (map, AMCL-based estimate)",-0.9232,-0.8346,-0.1995,,
1790754296462865790,23.217,map,"nav2_feedback of the target goal (map, AMCL-based estimate)",-0.9232,-0.8346,-0.1995,,
1790754296472689138,23.217,map,"nav2_feedback of the target goal (map, AMCL-based estimate)",-0.9232,-0.8346,-0.1995,,
1790754296483375394,23.217,map,"nav2_feedback of the target goal (map, AMCL-based estimate)",-0.9232,-0.8346,-0.1995,,
1790754296492954099,23.217,map,"nav2_feedback of the target goal (map, AMCL-based estimate)",-0.9232,-0.8346,-0.1995,,
1790754296502808178,23.233,map,"nav2_feedback of the target goal (map, AMCL-based estimate)",-0.9140,-0.8364,-0.2004,,
1790754296513096226,23.233,map,"nav2_feedback of the target goal (map, AMCL-based estimate)",-0.9140,-0.8364,-0.2004,,
1790754296523096514,23.233,map,"nav2_feedback of the target goal (map, AMCL-based estimate)",-0.9140,-0.8364,-0.2004,,
1790754296533354948,23.233,map,"nav2_feedback of the target goal (map, AMCL-based estimate)",-0.9140,-0.8364,-0.2004,,
1790754296542853750,23.250,map,"nav2_feedback of the target goal (map, AMCL-based estimate)",-0.9050,-0.8383,-0.2012,,
1790754296552764916,23.250,map,"nav2_feedback of the target goal (map, AMCL-based estimate)",-0.9050,-0.8383,-0.2012,,
1790754296562769394,23.250,map,"nav2_feedback of the target goal (map, AMCL-based estimate)",-0.9050,-0.8383,-0.2012,,
1790754296572962919,23.250,map,"nav2_feedback of the target goal (map, AMCL-based estimate)",-0.9050,-0.8383,-0.2012,,
1790754296583266426,23.250,map,"nav2_feedback of the target goal (map, AMCL-based estimate)",-0.9050,-0.8383,-0.2012,,
1790754296593034550,23.267,map,"nav2_feedback of the target goal (map, AMCL-based estimate)",-0.8960,-0.8401,-0.2020,,
1790754296603210846,23.267,map,"nav2_feedback of the target goal (map, AMCL-based estimate)",-0.8960,-0.8401,-0.2020,,
1790754296612947679,23.267,map,"nav2_feedback of the target goal (map, AMCL-based estimate)",-0.8960,-0.8401,-0.2020,,
1790754296622751843,23.267,map,"nav2_feedback of the target goal (map, AMCL-based estimate)",-0.8960,-0.8401,-0.2020,,
1790754296633256596,23.267,map,"nav2_feedback of the target goal (map, AMCL-based estimate)",-0.8960,-0.8401,-0.2020,,
1790754296642897602,23.283,map,"nav2_feedback of the target goal (map, AMCL-based estimate)",-0.8870,-0.8420,-0.2028,,
1790754296652867344,23.283,map,"nav2_feedback of the target goal (map, AMCL-based estimate)",-0.8870,-0.8420,-0.2028,,
1790754296662873313,23.283,map,"nav2_feedback of the target goal (map, AMCL-based estimate)",-0.8870,-0.8420,-0.2028,,
1790754296672914576,23.283,map,"nav2_feedback of the target goal (map, AMCL-based estimate)",-0.8870,-0.8420,-0.2028,,
1790754296683236336,23.300,map,"nav2_feedback of the target goal (map, AMCL-based estimate)",-0.8783,-0.8438,-0.2036,,
1790754296695438691,23.300,map,"nav2_feedback of the target goal (map, AMCL-based estimate)",-0.8783,-0.8438,-0.2036,,
1790754296702915253,23.300,map,"nav2_feedback of the target goal (map, AMCL-based estimate)",-0.8783,-0.8438,-0.2036,,
1790754296712791124,23.300,map,"nav2_feedback of the target goal (map, AMCL-based estimate)",-0.8783,-0.8438,-0.2036,,
1790754296722723988,23.317,map,"nav2_feedback of the target goal (map, AMCL-based estimate)",-0.8698,-0.8455,-0.2044,,
1790754296732996484,23.317,map,"nav2_feedback of the target goal (map, AMCL-based estimate)",-0.8698,-0.8455,-0.2044,,
1790754296742704634,23.317,map,"nav2_feedback of the target goal (map, AMCL-based estimate)",-0.8698,-0.8455,-0.2044,,
1790754296752948727,23.317,map,"nav2_feedback of the target goal (map, AMCL-based estimate)",-0.8698,-0.8455,-0.2044,,
1790754296763033852,23.317,map,"nav2_feedback of the target goal (map, AMCL-based estimate)",-0.8698,-0.8455,-0.2044,,
1790754296772709781,23.333,map,"nav2_feedback of the target goal (map, AMCL-based estimate)",-0.8615,-0.8473,-0.2052,,
1790754296785156406,23.333,map,"nav2_feedback of the target goal (map, AMCL-based estimate)",-0.8615,-0.8473,-0.2052,,
1790754296793185115,23.333,map,"nav2_feedback of the target goal (map, AMCL-based estimate)",-0.8615,-0.8473,-0.2052,,
1790754296802666129,23.333,map,"nav2_feedback of the target goal (map, AMCL-based estimate)",-0.8615,-0.8473,-0.2052,,
1790754296812857326,23.350,map,"nav2_feedback of the target goal (map, AMCL-based estimate)",-0.8532,-0.8490,-0.2060,,
1790754296823015649,23.350,map,"nav2_feedback of the target goal (map, AMCL-based estimate)",-0.8532,-0.8490,-0.2060,,
1790754296833441432,23.350,map,"nav2_feedback of the target goal (map, AMCL-based estimate)",-0.8532,-0.8490,-0.2060,,
1790754296842627329,23.350,map,"nav2_feedback of the target goal (map, AMCL-based estimate)",-0.8532,-0.8490,-0.2060,,
1790754296852780158,23.350,map,"nav2_feedback of the target goal (map, AMCL-based estimate)",-0.8532,-0.8490,-0.2060,,
1790754296862742822,23.350,map,"nav2_feedback of the target goal (map, AMCL-based estimate)",-0.8532,-0.8490,-0.2060,,
1790754296872727651,23.367,map,"nav2_feedback of the target goal (map, AMCL-based estimate)",-0.8449,-0.8507,-0.2068,,
1790754296883266675,23.367,map,"nav2_feedback of the target goal (map, AMCL-based estimate)",-0.8449,-0.8507,-0.2068,,
1790754296892698984,23.367,map,"nav2_feedback of the target goal (map, AMCL-based estimate)",-0.8449,-0.8507,-0.2068,,
1790754296902891485,23.383,map,"nav2_feedback of the target goal (map, AMCL-based estimate)",-0.8369,-0.8524,-0.2076,,
1790754296913077746,23.383,map,"nav2_feedback of the target goal (map, AMCL-based estimate)",-0.8369,-0.8524,-0.2076,,
1790754296922766247,23.383,map,"nav2_feedback of the target goal (map, AMCL-based estimate)",-0.8369,-0.8524,-0.2076,,
1790754296932949621,23.383,map,"nav2_feedback of the target goal (map, AMCL-based estimate)",-0.8369,-0.8524,-0.2076,,
1790754296943195203,23.383,map,"nav2_feedback of the target goal (map, AMCL-based estimate)",-0.8369,-0.8524,-0.2076,,
1790754296952858187,23.400,map,"nav2_feedback of the target goal (map, AMCL-based estimate)",-0.8291,-0.8541,-0.2084,,
1790754296963033459,23.400,map,"nav2_feedback of the target goal (map, AMCL-based estimate)",-0.8291,-0.8541,-0.2084,,
1790754296972791618,23.400,map,"nav2_feedback of the target goal (map, AMCL-based estimate)",-0.8291,-0.8541,-0.2084,,
1790754296983031241,23.400,map,"nav2_feedback of the target goal (map, AMCL-based estimate)",-0.8291,-0.8541,-0.2084,,
1790754296992943710,23.417,map,"nav2_feedback of the target goal (map, AMCL-based estimate)",-0.8214,-0.8557,-0.2091,,
1790754297005110677,23.417,map,"nav2_feedback of the target goal (map, AMCL-based estimate)",-0.8214,-0.8557,-0.2091,,
1790754297012739221,23.417,map,"nav2_feedback of the target goal (map, AMCL-based estimate)",-0.8214,-0.8557,-0.2091,,
1790754297022715203,23.417,map,"nav2_feedback of the target goal (map, AMCL-based estimate)",-0.8214,-0.8557,-0.2091,,
1790754297033027744,23.417,map,"nav2_feedback of the target goal (map, AMCL-based estimate)",-0.8214,-0.8557,-0.2091,,
1790754297042630754,23.433,map,"nav2_feedback of the target goal (map, AMCL-based estimate)",-0.8138,-0.8573,-0.2099,,
1790754297053114647,23.433,map,"nav2_feedback of the target goal (map, AMCL-based estimate)",-0.8138,-0.8573,-0.2099,,
1790754297063086345,23.433,map,"nav2_feedback of the target goal (map, AMCL-based estimate)",-0.8138,-0.8573,-0.2099,,
1790754297072733311,23.433,map,"nav2_feedback of the target goal (map, AMCL-based estimate)",-0.8138,-0.8573,-0.2099,,
1790754297083109550,23.450,map,"nav2_feedback of the target goal (map, AMCL-based estimate)",-0.8063,-0.8589,-0.2106,,
1790754297092739288,23.450,map,"nav2_feedback of the target goal (map, AMCL-based estimate)",-0.8063,-0.8589,-0.2106,,
1790754297103211819,23.450,map,"nav2_feedback of the target goal (map, AMCL-based estimate)",-0.8063,-0.8589,-0.2106,,
1790754297113304861,23.450,map,"nav2_feedback of the target goal (map, AMCL-based estimate)",-0.8063,-0.8589,-0.2106,,
1790754297123105858,23.450,map,"nav2_feedback of the target goal (map, AMCL-based estimate)",-0.8063,-0.8589,-0.2106,,
1790754297133214917,23.467,map,"nav2_feedback of the target goal (map, AMCL-based estimate)",-0.7987,-0.8606,-0.2114,,
1790754297142953240,23.467,map,"nav2_feedback of the target goal (map, AMCL-based estimate)",-0.7987,-0.8606,-0.2114,,
1790754297152880983,23.467,map,"nav2_feedback of the target goal (map, AMCL-based estimate)",-0.7987,-0.8606,-0.2114,,
1790754297162706193,23.467,map,"nav2_feedback of the target goal (map, AMCL-based estimate)",-0.7987,-0.8606,-0.2114,,
1790754297172788338,23.483,map,"nav2_feedback of the target goal (map, AMCL-based estimate)",-0.7911,-0.8622,-0.2122,,
1790754297182802967,23.483,map,"nav2_feedback of the target goal (map, AMCL-based estimate)",-0.7911,-0.8622,-0.2122,,
1790754297192657233,23.483,map,"nav2_feedback of the target goal (map, AMCL-based estimate)",-0.7911,-0.8622,-0.2122,,
1790754297202778026,23.483,map,"nav2_feedback of the target goal (map, AMCL-based estimate)",-0.7911,-0.8622,-0.2122,,
1790754297212797963,23.483,map,"nav2_feedback of the target goal (map, AMCL-based estimate)",-0.7911,-0.8622,-0.2122,,
1790754297222637515,23.500,map,"nav2_feedback of the target goal (map, AMCL-based estimate)",-0.7836,-0.8638,-0.2130,,
1790754297233443160,23.500,map,"nav2_feedback of the target goal (map, AMCL-based estimate)",-0.7836,-0.8638,-0.2130,,
1790754297242863456,23.500,map,"nav2_feedback of the target goal (map, AMCL-based estimate)",-0.7836,-0.8638,-0.2130,,
1790754297252978010,23.500,map,"nav2_feedback of the target goal (map, AMCL-based estimate)",-0.7836,-0.8638,-0.2130,,
1790754297262870644,23.500,map,"nav2_feedback of the target goal (map, AMCL-based estimate)",-0.7836,-0.8638,-0.2130,,
1790754297273298568,23.517,map,"nav2_feedback of the target goal (map, AMCL-based estimate)",-0.7697,-0.8622,-0.2104,,
1790754297283151622,23.517,map,"nav2_feedback of the target goal (map, AMCL-based estimate)",-0.7697,-0.8622,-0.2104,,
1790754297292764690,23.517,map,"nav2_feedback of the target goal (map, AMCL-based estimate)",-0.7697,-0.8622,-0.2104,,
1790754297302747750,23.517,map,"nav2_feedback of the target goal (map, AMCL-based estimate)",-0.7697,-0.8622,-0.2104,,
1790754297312617474,23.517,map,"nav2_feedback of the target goal (map, AMCL-based estimate)",-0.7697,-0.8622,-0.2104,,
1790754297323048378,23.533,map,"nav2_feedback of the target goal (map, AMCL-based estimate)",-0.7562,-0.8604,-0.2079,,
1790754297333208005,23.533,map,"nav2_feedback of the target goal (map, AMCL-based estimate)",-0.7562,-0.8604,-0.2079,,
1790754297342608652,23.533,map,"nav2_feedback of the target goal (map, AMCL-based estimate)",-0.7562,-0.8604,-0.2079,,
1790754297352590221,23.533,map,"nav2_feedback of the target goal (map, AMCL-based estimate)",-0.7562,-0.8604,-0.2079,,
1790754297362824629,23.550,map,"nav2_feedback of the target goal (map, AMCL-based estimate)",-0.7426,-0.8586,-0.2053,,
1790754297372629910,23.550,map,"nav2_feedback of the target goal (map, AMCL-based estimate)",-0.7426,-0.8586,-0.2053,,
1790754297383235333,23.550,map,"nav2_feedback of the target goal (map, AMCL-based estimate)",-0.7426,-0.8586,-0.2053,,
1790754297392784982,23.550,map,"nav2_feedback of the target goal (map, AMCL-based estimate)",-0.7426,-0.8586,-0.2053,,
1790754297403009145,23.550,map,"nav2_feedback of the target goal (map, AMCL-based estimate)",-0.7426,-0.8586,-0.2053,,
1790754297412648289,23.567,map,"nav2_feedback of the target goal (map, AMCL-based estimate)",-0.7290,-0.8568,-0.2027,,
1790754297423390049,23.567,map,"nav2_feedback of the target goal (map, AMCL-based estimate)",-0.7290,-0.8568,-0.2027,,
1790754297433532820,23.567,map,"nav2_feedback of the target goal (map, AMCL-based estimate)",-0.7290,-0.8568,-0.2027,,
1790754297442908323,23.583,map,"nav2_feedback of the target goal (map, AMCL-based estimate)",-0.7156,-0.8549,-0.2001,,
1790754297452794717,23.583,map,"nav2_feedback of the target goal (map, AMCL-based estimate)",-0.7156,-0.8549,-0.2001,,
1790754297463024468,23.583,map,"nav2_feedback of the target goal (map, AMCL-based estimate)",-0.7156,-0.8549,-0.2001,,
1790754297472752826,23.583,map,"nav2_feedback of the target goal (map, AMCL-based estimate)",-0.7156,-0.8549,-0.2001,,
1790754297482959296,23.583,map,"nav2_feedback of the target goal (map, AMCL-based estimate)",-0.7156,-0.8549,-0.2001,,
1790754297492648076,23.600,map,"nav2_feedback of the target goal (map, AMCL-based estimate)",-0.7025,-0.8530,-0.1976,,
1790754297502868794,23.600,map,"nav2_feedback of the target goal (map, AMCL-based estimate)",-0.7025,-0.8530,-0.1976,,
1790754297514595086,23.600,map,"nav2_feedback of the target goal (map, AMCL-based estimate)",-0.7025,-0.8530,-0.1976,,
1790754297523052362,23.600,map,"nav2_feedback of the target goal (map, AMCL-based estimate)",-0.7025,-0.8530,-0.1976,,
1790754297534176127,23.600,map,"nav2_feedback of the target goal (map, AMCL-based estimate)",-0.7025,-0.8530,-0.1976,,
1790754297542998179,23.617,map,"nav2_feedback of the target goal (map, AMCL-based estimate)",-0.6956,-0.8544,-0.1982,,
1790754297553715354,23.617,map,"nav2_feedback of the target goal (map, AMCL-based estimate)",-0.6956,-0.8544,-0.1982,,
1790754297563068693,23.617,map,"nav2_feedback of the target goal (map, AMCL-based estimate)",-0.6956,-0.8544,-0.1982,,
1790754297573049610,23.617,map,"nav2_feedback of the target goal (map, AMCL-based estimate)",-0.6956,-0.8544,-0.1982,,
1790754297583230749,23.617,map,"nav2_feedback of the target goal (map, AMCL-based estimate)",-0.6956,-0.8544,-0.1982,,
1790754297592685316,23.633,map,"nav2_feedback of the target goal (map, AMCL-based estimate)",-0.6887,-0.8558,-0.1989,,
1790754297603117058,23.633,map,"nav2_feedback of the target goal (map, AMCL-based estimate)",-0.6887,-0.8558,-0.1989,,
1790754297612865066,23.633,map,"nav2_feedback of the target goal (map, AMCL-based estimate)",-0.6887,-0.8558,-0.1989,,
1790754297622940042,23.633,map,"nav2_feedback of the target goal (map, AMCL-based estimate)",-0.6887,-0.8558,-0.1989,,
1790754297633010174,23.650,map,"nav2_feedback of the target goal (map, AMCL-based estimate)",-0.6817,-0.8572,-0.1995,,
1790754297642784164,23.650,map,"nav2_feedback of the target goal (map, AMCL-based estimate)",-0.6817,-0.8572,-0.1995,,
1790754297653120918,23.650,map,"nav2_feedback of the target goal (map, AMCL-based estimate)",-0.6817,-0.8572,-0.1995,,
1790754297662707165,23.650,map,"nav2_feedback of the target goal (map, AMCL-based estimate)",-0.6817,-0.8572,-0.1995,,
1790754297673305884,23.650,map,"nav2_feedback of the target goal (map, AMCL-based estimate)",-0.6817,-0.8572,-0.1995,,
1790754297683586389,23.667,map,"nav2_feedback of the target goal (map, AMCL-based estimate)",-0.6748,-0.8586,-0.2001,,
1790754297693002960,23.667,map,"nav2_feedback of the target goal (map, AMCL-based estimate)",-0.6748,-0.8586,-0.2001,,
1790754297702761864,23.667,map,"nav2_feedback of the target goal (map, AMCL-based estimate)",-0.6748,-0.8586,-0.2001,,
1790754297712901189,23.667,map,"nav2_feedback of the target goal (map, AMCL-based estimate)",-0.6748,-0.8586,-0.2001,,
1790754297722816918,23.683,map,"nav2_feedback of the target goal (map, AMCL-based estimate)",-0.6680,-0.8600,-0.2006,,
1790754297732895898,23.683,map,"nav2_feedback of the target goal (map, AMCL-based estimate)",-0.6680,-0.8600,-0.2006,,
1790754297742705090,23.683,map,"nav2_feedback of the target goal (map, AMCL-based estimate)",-0.6680,-0.8600,-0.2006,,
1790754297752798970,23.683,map,"nav2_feedback of the target goal (map, AMCL-based estimate)",-0.6680,-0.8600,-0.2006,,
1790754297763054796,23.700,map,"nav2_feedback of the target goal (map, AMCL-based estimate)",-0.6611,-0.8614,-0.2012,,
1790754297772902822,23.700,map,"nav2_feedback of the target goal (map, AMCL-based estimate)",-0.6611,-0.8614,-0.2012,,
1790754297783268165,23.700,map,"nav2_feedback of the target goal (map, AMCL-based estimate)",-0.6611,-0.8614,-0.2012,,
1790754297792742475,23.700,map,"nav2_feedback of the target goal (map, AMCL-based estimate)",-0.6611,-0.8614,-0.2012,,
1790754297802827973,23.717,map,"nav2_feedback of the target goal (map, AMCL-based estimate)",-0.6542,-0.8628,-0.2017,,
1790754297812792687,23.717,map,"nav2_feedback of the target goal (map, AMCL-based estimate)",-0.6542,-0.8628,-0.2017,,
1790754297822718380,23.717,map,"nav2_feedback of the target goal (map, AMCL-based estimate)",-0.6542,-0.8628,-0.2017,,
1790754297833578131,23.717,map,"nav2_feedback of the target goal (map, AMCL-based estimate)",-0.6542,-0.8628,-0.2017,,
1790754297842902135,23.717,map,"nav2_feedback of the target goal (map, AMCL-based estimate)",-0.6542,-0.8628,-0.2017,,
1790754297852704995,23.733,map,"nav2_feedback of the target goal (map, AMCL-based estimate)",-0.6473,-0.8642,-0.2023,,
1790754297863058325,23.733,map,"nav2_feedback of the target goal (map, AMCL-based estimate)",-0.6473,-0.8642,-0.2023,,
1790754297872744590,23.733,map,"nav2_feedback of the target goal (map, AMCL-based estimate)",-0.6473,-0.8642,-0.2023,,
1790754297883247947,23.733,map,"nav2_feedback of the target goal (map, AMCL-based estimate)",-0.6473,-0.8642,-0.2023,,
1790754297892855613,23.750,map,"nav2_feedback of the target goal (map, AMCL-based estimate)",-0.6406,-0.8656,-0.2028,,
1790754297902736513,23.750,map,"nav2_feedback of the target goal (map, AMCL-based estimate)",-0.6406,-0.8656,-0.2028,,
1790754297912529408,23.750,map,"nav2_feedback of the target goal (map, AMCL-based estimate)",-0.6406,-0.8656,-0.2028,,
1790754297922710454,23.750,map,"nav2_feedback of the target goal (map, AMCL-based estimate)",-0.6406,-0.8656,-0.2028,,
1790754297933143221,23.750,map,"nav2_feedback of the target goal (map, AMCL-based estimate)",-0.6406,-0.8656,-0.2028,,
1790754297942827437,23.767,map,"nav2_feedback of the target goal (map, AMCL-based estimate)",-0.6342,-0.8669,-0.2033,,
1790754297952937428,23.767,map,"nav2_feedback of the target goal (map, AMCL-based estimate)",-0.6342,-0.8669,-0.2033,,
1790754297963809658,23.767,map,"nav2_feedback of the target goal (map, AMCL-based estimate)",-0.6342,-0.8669,-0.2033,,
1790754297972653223,23.767,map,"nav2_feedback of the target goal (map, AMCL-based estimate)",-0.6342,-0.8669,-0.2033,,
1790754297983195879,23.767,map,"nav2_feedback of the target goal (map, AMCL-based estimate)",-0.6342,-0.8669,-0.2033,,
1790754297992838375,23.783,map,"nav2_feedback of the target goal (map, AMCL-based estimate)",-0.6279,-0.8682,-0.2037,,
1790754298002848534,23.783,map,"nav2_feedback of the target goal (map, AMCL-based estimate)",-0.6279,-0.8682,-0.2037,,
1790754298012936919,23.783,map,"nav2_feedback of the target goal (map, AMCL-based estimate)",-0.6279,-0.8682,-0.2037,,
1790754298022951176,23.783,map,"nav2_feedback of the target goal (map, AMCL-based estimate)",-0.6279,-0.8682,-0.2037,,
1790754298033008270,23.800,map,"nav2_feedback of the target goal (map, AMCL-based estimate)",-0.6217,-0.8695,-0.2042,,
1790754298042714930,23.800,map,"nav2_feedback of the target goal (map, AMCL-based estimate)",-0.6217,-0.8695,-0.2042,,
1790754298052819799,23.800,map,"nav2_feedback of the target goal (map, AMCL-based estimate)",-0.6217,-0.8695,-0.2042,,
1790754298062969089,23.817,map,"nav2_feedback of the target goal (map, AMCL-based estimate)",-0.6155,-0.8708,-0.2046,,
1790754298072777816,23.817,map,"nav2_feedback of the target goal (map, AMCL-based estimate)",-0.6155,-0.8708,-0.2046,,
1790754298083130400,23.817,map,"nav2_feedback of the target goal (map, AMCL-based estimate)",-0.6155,-0.8708,-0.2046,,
1790754298093116999,23.817,map,"nav2_feedback of the target goal (map, AMCL-based estimate)",-0.6155,-0.8708,-0.2046,,
1790754298102564767,23.817,map,"nav2_feedback of the target goal (map, AMCL-based estimate)",-0.6155,-0.8708,-0.2046,,
1790754298112808394,23.833,map,"nav2_feedback of the target goal (map, AMCL-based estimate)",-0.6093,-0.8721,-0.2051,,
1790754298122825724,23.833,map,"nav2_feedback of the target goal (map, AMCL-based estimate)",-0.6093,-0.8721,-0.2051,,
1790754298133103342,23.833,map,"nav2_feedback of the target goal (map, AMCL-based estimate)",-0.6093,-0.8721,-0.2051,,
1790754298142709333,23.833,map,"nav2_feedback of the target goal (map, AMCL-based estimate)",-0.6093,-0.8721,-0.2051,,
1790754298152651323,23.850,map,"nav2_feedback of the target goal (map, AMCL-based estimate)",-0.6031,-0.8734,-0.2055,,
1790754298162690817,23.850,map,"nav2_feedback of the target goal (map, AMCL-based estimate)",-0.6031,-0.8734,-0.2055,,
1790754298172607570,23.850,map,"nav2_feedback of the target goal (map, AMCL-based estimate)",-0.6031,-0.8734,-0.2055,,
1790754298182912102,23.850,map,"nav2_feedback of the target goal (map, AMCL-based estimate)",-0.6031,-0.8734,-0.2055,,
1790754298193071636,23.850,map,"nav2_feedback of the target goal (map, AMCL-based estimate)",-0.6031,-0.8734,-0.2055,,
1790754298202779693,23.867,map,"nav2_feedback of the target goal (map, AMCL-based estimate)",-0.5969,-0.8746,-0.2059,,
1790754298212747386,23.867,map,"nav2_feedback of the target goal (map, AMCL-based estimate)",-0.5969,-0.8746,-0.2059,,
1790754298222754751,23.867,map,"nav2_feedback of the target goal (map, AMCL-based estimate)",-0.5969,-0.8746,-0.2059,,
1790754298233024826,23.883,map,"nav2_feedback of the target goal (map, AMCL-based estimate)",-0.5907,-0.8759,-0.2063,,
1790754298242835229,23.883,map,"nav2_feedback of the target goal (map, AMCL-based estimate)",-0.5907,-0.8759,-0.2063,,
1790754298253093756,23.883,map,"nav2_feedback of the target goal (map, AMCL-based estimate)",-0.5907,-0.8759,-0.2063,,
1790754298262810940,23.883,map,"nav2_feedback of the target goal (map, AMCL-based estimate)",-0.5907,-0.8759,-0.2063,,
1790754298272790926,23.883,map,"nav2_feedback of the target goal (map, AMCL-based estimate)",-0.5907,-0.8759,-0.2063,,
1790754298283042655,23.900,map,"nav2_feedback of the target goal (map, AMCL-based estimate)",-0.5847,-0.8772,-0.2067,,
1790754298292807798,23.900,map,"nav2_feedback of the target goal (map, AMCL-based estimate)",-0.5847,-0.8772,-0.2067,,
1790754298304585497,23.900,map,"nav2_feedback of the target goal (map, AMCL-based estimate)",-0.5847,-0.8772,-0.2067,,
1790754298313028457,23.900,map,"nav2_feedback of the target goal (map, AMCL-based estimate)",-0.5847,-0.8772,-0.2067,,
1790754298322642881,23.917,map,"nav2_feedback of the target goal (map, AMCL-based estimate)",-0.5790,-0.8784,-0.2071,,
1790754298333109495,23.917,map,"nav2_feedback of the target goal (map, AMCL-based estimate)",-0.5790,-0.8784,-0.2071,,
1790754298342788649,23.917,map,"nav2_feedback of the target goal (map, AMCL-based estimate)",-0.5790,-0.8784,-0.2071,,
1790754298352896338,23.917,map,"nav2_feedback of the target goal (map, AMCL-based estimate)",-0.5790,-0.8784,-0.2071,,
1790754298363077856,23.917,map,"nav2_feedback of the target goal (map, AMCL-based estimate)",-0.5790,-0.8784,-0.2071,,
1790754298372626143,23.933,map,"nav2_feedback of the target goal (map, AMCL-based estimate)",-0.5734,-0.8796,-0.2074,,
1790754298383158425,23.933,map,"nav2_feedback of the target goal (map, AMCL-based estimate)",-0.5734,-0.8796,-0.2074,,
1790754298393016667,23.933,map,"nav2_feedback of the target goal (map, AMCL-based estimate)",-0.5734,-0.8796,-0.2074,,
1790754298402685502,23.950,map,"nav2_feedback of the target goal (map, AMCL-based estimate)",-0.5678,-0.8807,-0.2078,,
1790754298412813078,23.950,map,"nav2_feedback of the target goal (map, AMCL-based estimate)",-0.5678,-0.8807,-0.2078,,
1790754298422690458,23.950,map,"nav2_feedback of the target goal (map, AMCL-based estimate)",-0.5678,-0.8807,-0.2078,,
1790754298433306326,23.950,map,"nav2_feedback of the target goal (map, AMCL-based estimate)",-0.5678,-0.8807,-0.2078,,
1790754298443230424,23.950,map,"nav2_feedback of the target goal (map, AMCL-based estimate)",-0.5678,-0.8807,-0.2078,,
1790754298454040015,23.950,map,"nav2_feedback of the target goal (map, AMCL-based estimate)",-0.5678,-0.8807,-0.2078,,
1790754298463035561,23.967,map,"nav2_feedback of the target goal (map, AMCL-based estimate)",-0.5623,-0.8819,-0.2081,,
1790754298472874571,23.967,map,"nav2_feedback of the target goal (map, AMCL-based estimate)",-0.5623,-0.8819,-0.2081,,
1790754298483127762,23.967,map,"nav2_feedback of the target goal (map, AMCL-based estimate)",-0.5623,-0.8819,-0.2081,,
1790754298492753350,23.983,map,"nav2_feedback of the target goal (map, AMCL-based estimate)",-0.5568,-0.8831,-0.2085,,
1790754298505160560,23.983,map,"nav2_feedback of the target goal (map, AMCL-based estimate)",-0.5568,-0.8831,-0.2085,,
1790754298512834294,23.983,map,"nav2_feedback of the target goal (map, AMCL-based estimate)",-0.5568,-0.8831,-0.2085,,
1790754298523145367,23.983,map,"nav2_feedback of the target goal (map, AMCL-based estimate)",-0.5568,-0.8831,-0.2085,,
1790754298533383079,23.983,map,"nav2_feedback of the target goal (map, AMCL-based estimate)",-0.5568,-0.8831,-0.2085,,
1790754298542661468,23.983,map,"nav2_feedback of the target goal (map, AMCL-based estimate)",-0.5568,-0.8831,-0.2085,,
1790754298553553988,24.000,map,"nav2_feedback of the target goal (map, AMCL-based estimate)",-0.5513,-0.8842,-0.2088,,
1790754298563008088,24.000,map,"nav2_feedback of the target goal (map, AMCL-based estimate)",-0.5513,-0.8842,-0.2088,,
1790754298573355935,24.000,map,"nav2_feedback of the target goal (map, AMCL-based estimate)",-0.5513,-0.8842,-0.2088,,
1790754298582991936,24.017,map,"nav2_feedback of the target goal (map, AMCL-based estimate)",-0.5458,-0.8854,-0.2091,,
1790754298593064914,24.017,map,"nav2_feedback of the target goal (map, AMCL-based estimate)",-0.5458,-0.8854,-0.2091,,
1790754298602929441,24.017,map,"nav2_feedback of the target goal (map, AMCL-based estimate)",-0.5458,-0.8854,-0.2091,,
1790754298613015459,24.017,map,"nav2_feedback of the target goal (map, AMCL-based estimate)",-0.5458,-0.8854,-0.2091,,
1790754298622808314,24.017,map,"nav2_feedback of the target goal (map, AMCL-based estimate)",-0.5458,-0.8854,-0.2091,,
1790754298633060192,24.017,map,"nav2_feedback of the target goal (map, AMCL-based estimate)",-0.5458,-0.8854,-0.2091,,
1790754298642936164,24.017,map,"nav2_feedback of the target goal (map, AMCL-based estimate)",-0.5458,-0.8854,-0.2091,,
1790754298653012050,24.033,map,"nav2_feedback of the target goal (map, AMCL-based estimate)",-0.5403,-0.8866,-0.2094,,
1790754298664181503,24.033,map,"nav2_feedback of the target goal (map, AMCL-based estimate)",-0.5403,-0.8866,-0.2094,,
1790754298672990833,24.033,map,"nav2_feedback of the target goal (map, AMCL-based estimate)",-0.5403,-0.8866,-0.2094,,
1790754298683091485,24.050,map,"nav2_feedback of the target goal (map, AMCL-based estimate)",-0.5348,-0.8878,-0.2098,,
1790754298692932184,24.050,map,"nav2_feedback of the target goal (map, AMCL-based estimate)",-0.5348,-0.8878,-0.2098,,
1790754298702840334,24.050,map,"nav2_feedback of the target goal (map, AMCL-based estimate)",-0.5348,-0.8878,-0.2098,,
1790754298712661614,24.050,map,"nav2_feedback of the target goal (map, AMCL-based estimate)",-0.5348,-0.8878,-0.2098,,
1790754298723142018,24.050,map,"nav2_feedback of the target goal (map, AMCL-based estimate)",-0.5348,-0.8878,-0.2098,,
1790754298733324380,24.050,map,"nav2_feedback of the target goal (map, AMCL-based estimate)",-0.5348,-0.8878,-0.2098,,
1790754298743032429,24.067,map,"nav2_feedback of the target goal (map, AMCL-based estimate)",-0.5293,-0.8889,-0.2101,,
1790754298753126702,24.067,map,"nav2_feedback of the target goal (map, AMCL-based estimate)",-0.5293,-0.8889,-0.2101,,
1790754298762709887,24.067,map,"nav2_feedback of the target goal (map, AMCL-based estimate)",-0.5293,-0.8889,-0.2101,,
1790754298772731175,24.083,map,"nav2_feedback of the target goal (map, AMCL-based estimate)",-0.5238,-0.8901,-0.2104,,
1790754298783391510,24.083,map,"nav2_feedback of the target goal (map, AMCL-based estimate)",-0.5238,-0.8901,-0.2104,,
1790754298792754612,24.083,map,"nav2_feedback of the target goal (map, AMCL-based estimate)",-0.5238,-0.8901,-0.2104,,
1790754298802763985,24.083,map,"nav2_feedback of the target goal (map, AMCL-based estimate)",-0.5238,-0.8901,-0.2104,,
1790754298813411468,24.083,map,"nav2_feedback of the target goal (map, AMCL-based estimate)",-0.5238,-0.8901,-0.2104,,
1790754298822715937,24.100,map,"nav2_feedback of the target goal (map, AMCL-based estimate)",-0.5185,-0.8912,-0.2108,,
1790754298833044835,24.100,map,"nav2_feedback of the target goal (map, AMCL-based estimate)",-0.5185,-0.8912,-0.2108,,
1790754298842768456,24.100,map,"nav2_feedback of the target goal (map, AMCL-based estimate)",-0.5185,-0.8912,-0.2108,,
1790754298852741430,24.100,map,"nav2_feedback of the target goal (map, AMCL-based estimate)",-0.5185,-0.8912,-0.2108,,
1790754298865151079,24.117,map,"nav2_feedback of the target goal (map, AMCL-based estimate)",-0.5135,-0.8923,-0.2111,,
1790754298872973318,24.117,map,"nav2_feedback of the target goal (map, AMCL-based estimate)",-0.5135,-0.8923,-0.2111,,
1790754298882979595,24.117,map,"nav2_feedback of the target goal (map, AMCL-based estimate)",-0.5135,-0.8923,-0.2111,,
1790754298892876769,24.117,map,"nav2_feedback of the target goal (map, AMCL-based estimate)",-0.5135,-0.8923,-0.2111,,
1790754298902911003,24.117,map,"nav2_feedback of the target goal (map, AMCL-based estimate)",-0.5135,-0.8923,-0.2111,,
1790754298912831911,24.133,map,"nav2_feedback of the target goal (map, AMCL-based estimate)",-0.5086,-0.8934,-0.2113,,
1790754298922978344,24.133,map,"nav2_feedback of the target goal (map, AMCL-based estimate)",-0.5086,-0.8934,-0.2113,,
1790754298933147479,24.133,map,"nav2_feedback of the target goal (map, AMCL-based estimate)",-0.5086,-0.8934,-0.2113,,
1790754298942960504,24.133,map,"nav2_feedback of the target goal (map, AMCL-based estimate)",-0.5086,-0.8934,-0.2113,,
1790754298952898861,24.150,map,"nav2_feedback of the target goal (map, AMCL-based estimate)",-0.5037,-0.8944,-0.2116,,
1790754298962679802,24.150,map,"nav2_feedback of the target goal (map, AMCL-based estimate)",-0.5037,-0.8944,-0.2116,,
1790754298972697806,24.150,map,"nav2_feedback of the target goal (map, AMCL-based estimate)",-0.5037,-0.8944,-0.2116,,
1790754298982874727,24.150,map,"nav2_feedback of the target goal (map, AMCL-based estimate)",-0.5037,-0.8944,-0.2116,,
1790754298992848358,24.150,map,"nav2_feedback of the target goal (map, AMCL-based estimate)",-0.5037,-0.8944,-0.2116,,
1790754299002680896,24.167,map,"nav2_feedback of the target goal (map, AMCL-based estimate)",-0.4989,-0.8955,-0.2119,,
1790754299012917013,24.167,map,"nav2_feedback of the target goal (map, AMCL-based estimate)",-0.4989,-0.8955,-0.2119,,
1790754299022748143,24.167,map,"nav2_feedback of the target goal (map, AMCL-based estimate)",-0.4989,-0.8955,-0.2119,,
1790754299033180609,24.167,map,"nav2_feedback of the target goal (map, AMCL-based estimate)",-0.4989,-0.8955,-0.2119,,
1790754299042820550,24.183,map,"nav2_feedback of the target goal (map, AMCL-based estimate)",-0.4941,-0.8965,-0.2121,,
1790754299052699431,24.183,map,"nav2_feedback of the target goal (map, AMCL-based estimate)",-0.4941,-0.8965,-0.2121,,
1790754299062968007,24.183,map,"nav2_feedback of the target goal (map, AMCL-based estimate)",-0.4941,-0.8965,-0.2121,,
1790754299073033667,24.183,map,"nav2_feedback of the target goal (map, AMCL-based estimate)",-0.4941,-0.8965,-0.2121,,
1790754299083298022,24.183,map,"nav2_feedback of the target goal (map, AMCL-based estimate)",-0.4941,-0.8965,-0.2121,,
1790754299093024833,24.200,map,"nav2_feedback of the target goal (map, AMCL-based estimate)",-0.4893,-0.8975,-0.2124,,
1790754299103227178,24.200,map,"nav2_feedback of the target goal (map, AMCL-based estimate)",-0.4893,-0.8975,-0.2124,,
1790754299112860552,24.200,map,"nav2_feedback of the target goal (map, AMCL-based estimate)",-0.4893,-0.8975,-0.2124,,
1790754299123079220,24.200,map,"nav2_feedback of the target goal (map, AMCL-based estimate)",-0.4893,-0.8975,-0.2124,,
1790754299132916167,24.217,map,"nav2_feedback of the target goal (map, AMCL-based estimate)",-0.4844,-0.8986,-0.2126,,
1790754299142802834,24.217,map,"nav2_feedback of the target goal (map, AMCL-based estimate)",-0.4844,-0.8986,-0.2126,,
1790754299153009118,24.217,map,"nav2_feedback of the target goal (map, AMCL-based estimate)",-0.4844,-0.8986,-0.2126,,
1790754299163210619,24.217,map,"nav2_feedback of the target goal (map, AMCL-based estimate)",-0.4844,-0.8986,-0.2126,,
1790754299172940901,24.217,map,"nav2_feedback of the target goal (map, AMCL-based estimate)",-0.4844,-0.8986,-0.2126,,
1790754299183171108,24.233,map,"nav2_feedback of the target goal (map, AMCL-based estimate)",-0.4796,-0.8996,-0.2129,,
1790754299193081697,24.233,map,"nav2_feedback of the target goal (map, AMCL-based estimate)",-0.4796,-0.8996,-0.2129,,
1790754299202844251,24.233,map,"nav2_feedback of the target goal (map, AMCL-based estimate)",-0.4796,-0.8996,-0.2129,,
1790754299212777073,24.233,map,"nav2_feedback of the target goal (map, AMCL-based estimate)",-0.4796,-0.8996,-0.2129,,
1790754299222976979,24.250,map,"nav2_feedback of the target goal (map, AMCL-based estimate)",-0.4748,-0.9007,-0.2131,,
1790754299233150711,24.250,map,"nav2_feedback of the target goal (map, AMCL-based estimate)",-0.4748,-0.9007,-0.2131,,
1790754299242765698,24.250,map,"nav2_feedback of the target goal (map, AMCL-based estimate)",-0.4748,-0.9007,-0.2131,,
1790754299252760812,24.250,map,"nav2_feedback of the target goal (map, AMCL-based estimate)",-0.4748,-0.9007,-0.2131,,
1790754299262694760,24.250,map,"nav2_feedback of the target goal (map, AMCL-based estimate)",-0.4748,-0.9007,-0.2131,,
1790754299272755449,24.267,map,"nav2_feedback of the target goal (map, AMCL-based estimate)",-0.4700,-0.9017,-0.2134,,
1790754299283153861,24.267,map,"nav2_feedback of the target goal (map, AMCL-based estimate)",-0.4700,-0.9017,-0.2134,,
1790754299292739109,24.267,map,"nav2_feedback of the target goal (map, AMCL-based estimate)",-0.4700,-0.9017,-0.2134,,
1790754299302764055,24.267,map,"nav2_feedback of the target goal (map, AMCL-based estimate)",-0.4700,-0.9017,-0.2134,,
1790754299312747818,24.267,map,"nav2_feedback of the target goal (map, AMCL-based estimate)",-0.4700,-0.9017,-0.2134,,
1790754299322885808,24.283,map,"nav2_feedback of the target goal (map, AMCL-based estimate)",-0.4652,-0.9028,-0.2136,,
1790754299333288722,24.283,map,"nav2_feedback of the target goal (map, AMCL-based estimate)",-0.4652,-0.9028,-0.2136,,
1790754299342826878,24.283,map,"nav2_feedback of the target goal (map, AMCL-based estimate)",-0.4652,-0.9028,-0.2136,,
1790754299352948638,24.283,map,"nav2_feedback of the target goal (map, AMCL-based estimate)",-0.4652,-0.9028,-0.2136,,
1790754299362877708,24.300,map,"nav2_feedback of the target goal (map, AMCL-based estimate)",-0.4604,-0.9038,-0.2139,,
1790754299372881734,24.300,map,"nav2_feedback of the target goal (map, AMCL-based estimate)",-0.4604,-0.9038,-0.2139,,
1790754299383203595,24.300,map,"nav2_feedback of the target goal (map, AMCL-based estimate)",-0.4604,-0.9038,-0.2139,,
1790754299392877121,24.300,map,"nav2_feedback of the target goal (map, AMCL-based estimate)",-0.4604,-0.9038,-0.2139,,
1790754299403014079,24.317,map,"nav2_feedback of the target goal (map, AMCL-based estimate)",-0.4557,-0.9048,-0.2140,,
1790754299413142218,24.317,map,"nav2_feedback of the target goal (map, AMCL-based estimate)",-0.4557,-0.9048,-0.2140,,
1790754299423067536,24.317,map,"nav2_feedback of the target goal (map, AMCL-based estimate)",-0.4557,-0.9048,-0.2140,,
1790754299433021091,24.317,map,"nav2_feedback of the target goal (map, AMCL-based estimate)",-0.4557,-0.9048,-0.2140,,
1790754299442756157,24.317,map,"nav2_feedback of the target goal (map, AMCL-based estimate)",-0.4557,-0.9048,-0.2140,,
1790754299452827447,24.333,map,"nav2_feedback of the target goal (map, AMCL-based estimate)",-0.4514,-0.9057,-0.2139,,
1790754299462936448,24.333,map,"nav2_feedback of the target goal (map, AMCL-based estimate)",-0.4514,-0.9057,-0.2139,,
1790754299473061023,24.333,map,"nav2_feedback of the target goal (map, AMCL-based estimate)",-0.4514,-0.9057,-0.2139,,
1790754299482961574,24.333,map,"nav2_feedback of the target goal (map, AMCL-based estimate)",-0.4514,-0.9057,-0.2139,,
1790754299492772722,24.350,map,"nav2_feedback of the target goal (map, AMCL-based estimate)",-0.4472,-0.9067,-0.2136,,
1790754299502863055,24.350,map,"nav2_feedback of the target goal (map, AMCL-based estimate)",-0.4472,-0.9067,-0.2136,,
1790754299512910704,24.350,map,"nav2_feedback of the target goal (map, AMCL-based estimate)",-0.4472,-0.9067,-0.2136,,
1790754299522961730,24.350,map,"nav2_feedback of the target goal (map, AMCL-based estimate)",-0.4472,-0.9067,-0.2136,,
1790754299533201318,24.350,map,"nav2_feedback of the target goal (map, AMCL-based estimate)",-0.4472,-0.9067,-0.2136,,
1790754299543066033,24.350,map,"nav2_feedback of the target goal (map, AMCL-based estimate)",-0.4472,-0.9067,-0.2136,,
1790754299553064149,24.367,map,"nav2_feedback of the target goal (map, AMCL-based estimate)",-0.4430,-0.9076,-0.2132,,
1790754299563092753,24.367,map,"nav2_feedback of the target goal (map, AMCL-based estimate)",-0.4430,-0.9076,-0.2132,,
1790754299573223988,24.367,map,"nav2_feedback of the target goal (map, AMCL-based estimate)",-0.4430,-0.9076,-0.2132,,
1790754299583966503,24.367,map,"nav2_feedback of the target goal (map, AMCL-based estimate)",-0.4430,-0.9076,-0.2132,,
1790754299595209411,24.383,map,"nav2_feedback of the target goal (map, AMCL-based estimate)",-0.4389,-0.9084,-0.2130,,
1790754299602871888,24.383,map,"nav2_feedback of the target goal (map, AMCL-based estimate)",-0.4389,-0.9084,-0.2130,,
1790754299613171046,24.383,map,"nav2_feedback of the target goal (map, AMCL-based estimate)",-0.4389,-0.9084,-0.2130,,
1790754299623133514,24.383,map,"nav2_feedback of the target goal (map, AMCL-based estimate)",-0.4389,-0.9084,-0.2130,,
1790754299633057799,24.383,map,"nav2_feedback of the target goal (map, AMCL-based estimate)",-0.4389,-0.9084,-0.2130,,
1790754299643037528,24.400,map,"nav2_feedback of the target goal (map, AMCL-based estimate)",-0.4348,-0.9093,-0.2129,,
1790754299652961063,24.400,map,"nav2_feedback of the target goal (map, AMCL-based estimate)",-0.4348,-0.9093,-0.2129,,
1790754299662958897,24.400,map,"nav2_feedback of the target goal (map, AMCL-based estimate)",-0.4348,-0.9093,-0.2129,,
1790754299672854852,24.400,map,"nav2_feedback of the target goal (map, AMCL-based estimate)",-0.4348,-0.9093,-0.2129,,
1790754299682834674,24.417,map,"nav2_feedback of the target goal (map, AMCL-based estimate)",-0.4306,-0.9102,-0.2128,,
1790754299693095370,24.417,map,"nav2_feedback of the target goal (map, AMCL-based estimate)",-0.4306,-0.9102,-0.2128,,
1790754299703005021,24.417,map,"nav2_feedback of the target goal (map, AMCL-based estimate)",-0.4306,-0.9102,-0.2128,,
1790754299712878742,24.417,map,"nav2_feedback of the target goal (map, AMCL-based estimate)",-0.4306,-0.9102,-0.2128,,
1790754299722745521,24.417,map,"nav2_feedback of the target goal (map, AMCL-based estimate)",-0.4306,-0.9102,-0.2128,,
1790754299732964752,24.433,map,"nav2_feedback of the target goal (map, AMCL-based estimate)",-0.4265,-0.9111,-0.2128,,
1790754299743003113,24.433,map,"nav2_feedback of the target goal (map, AMCL-based estimate)",-0.4265,-0.9111,-0.2128,,
1790754299752720355,24.433,map,"nav2_feedback of the target goal (map, AMCL-based estimate)",-0.4265,-0.9111,-0.2128,,
1790754299763008163,24.433,map,"nav2_feedback of the target goal (map, AMCL-based estimate)",-0.4265,-0.9111,-0.2128,,
1790754299772969504,24.450,map,"nav2_feedback of the target goal (map, AMCL-based estimate)",-0.4224,-0.9120,-0.2127,,
1790754299783137045,24.450,map,"nav2_feedback of the target goal (map, AMCL-based estimate)",-0.4224,-0.9120,-0.2127,,
1790754299792818076,24.450,map,"nav2_feedback of the target goal (map, AMCL-based estimate)",-0.4224,-0.9120,-0.2127,,
1790754299802731479,24.450,map,"nav2_feedback of the target goal (map, AMCL-based estimate)",-0.4224,-0.9120,-0.2127,,
1790754299813119384,24.450,map,"nav2_feedback of the target goal (map, AMCL-based estimate)",-0.4224,-0.9120,-0.2127,,
1790754299823115248,24.467,map,"nav2_feedback of the target goal (map, AMCL-based estimate)",-0.4182,-0.9129,-0.2126,,
1790754299833513191,24.467,map,"nav2_feedback of the target goal (map, AMCL-based estimate)",-0.4182,-0.9129,-0.2126,,
1790754299842870758,24.467,map,"nav2_feedback of the target goal (map, AMCL-based estimate)",-0.4182,-0.9129,-0.2126,,
1790754299852906024,24.483,map,"nav2_feedback of the target goal (map, AMCL-based estimate)",-0.4141,-0.9138,-0.2124,,
1790754299862892131,24.483,map,"nav2_feedback of the target goal (map, AMCL-based estimate)",-0.4141,-0.9138,-0.2124,,
1790754299872981057,24.483,map,"nav2_feedback of the target goal (map, AMCL-based estimate)",-0.4141,-0.9138,-0.2124,,
1790754299883215298,24.483,map,"nav2_feedback of the target goal (map, AMCL-based estimate)",-0.4141,-0.9138,-0.2124,,
1790754299892991548,24.483,map,"nav2_feedback of the target goal (map, AMCL-based estimate)",-0.4141,-0.9138,-0.2124,,
1790754299902968087,24.483,map,"nav2_feedback of the target goal (map, AMCL-based estimate)",-0.4141,-0.9138,-0.2124,,
1790754299912825579,24.500,map,"nav2_feedback of the target goal (map, AMCL-based estimate)",-0.4100,-0.9147,-0.2123,,
1790754299923010287,24.500,map,"nav2_feedback of the target goal (map, AMCL-based estimate)",-0.4100,-0.9147,-0.2123,,
1790754299933137488,24.500,map,"nav2_feedback of the target goal (map, AMCL-based estimate)",-0.4100,-0.9147,-0.2123,,
1790754299942736902,24.517,map,"nav2_feedback of the target goal (map, AMCL-based estimate)",-0.4058,-0.9156,-0.2122,,
1790754299953015516,24.517,map,"nav2_feedback of the target goal (map, AMCL-based estimate)",-0.4058,-0.9156,-0.2122,,
1790754299962803118,24.517,map,"nav2_feedback of the target goal (map, AMCL-based estimate)",-0.4058,-0.9156,-0.2122,,
1790754299972710048,24.517,map,"nav2_feedback of the target goal (map, AMCL-based estimate)",-0.4058,-0.9156,-0.2122,,
1790754299983307529,24.517,map,"nav2_feedback of the target goal (map, AMCL-based estimate)",-0.4058,-0.9156,-0.2122,,
1790754299992942874,24.517,map,"nav2_feedback of the target goal (map, AMCL-based estimate)",-0.4058,-0.9156,-0.2122,,
1790754300003117638,24.533,map,"nav2_feedback of the target goal (map, AMCL-based estimate)",-0.4017,-0.9165,-0.2121,,
1790754300012701479,24.533,map,"nav2_feedback of the target goal (map, AMCL-based estimate)",-0.4017,-0.9165,-0.2121,,
1790754300023024279,24.533,map,"nav2_feedback of the target goal (map, AMCL-based estimate)",-0.4017,-0.9165,-0.2121,,
1790754300032990029,24.533,map,"nav2_feedback of the target goal (map, AMCL-based estimate)",-0.4017,-0.9165,-0.2121,,
1790754300042763465,24.533,map,"nav2_feedback of the target goal (map, AMCL-based estimate)",-0.4017,-0.9165,-0.2121,,
1790754300052812240,24.550,map,"nav2_feedback of the target goal (map, AMCL-based estimate)",-0.3976,-0.9174,-0.2119,,
1790754300062901916,24.550,map,"nav2_feedback of the target goal (map, AMCL-based estimate)",-0.3976,-0.9174,-0.2119,,
1790754300072950690,24.550,map,"nav2_feedback of the target goal (map, AMCL-based estimate)",-0.3976,-0.9174,-0.2119,,
1790754300083165981,24.550,map,"nav2_feedback of the target goal (map, AMCL-based estimate)",-0.3976,-0.9174,-0.2119,,
1790754300092887633,24.567,map,"nav2_feedback of the target goal (map, AMCL-based estimate)",-0.3937,-0.9182,-0.2117,,
1790754300103027498,24.567,map,"nav2_feedback of the target goal (map, AMCL-based estimate)",-0.3937,-0.9182,-0.2117,,
1790754300112934710,24.567,map,"nav2_feedback of the target goal (map, AMCL-based estimate)",-0.3937,-0.9182,-0.2117,,
1790754300122854868,24.567,map,"nav2_feedback of the target goal (map, AMCL-based estimate)",-0.3937,-0.9182,-0.2117,,
1790754300133377956,24.583,map,"nav2_feedback of the target goal (map, AMCL-based estimate)",-0.3900,-0.9190,-0.2112,,
1790754300142954856,24.583,map,"nav2_feedback of the target goal (map, AMCL-based estimate)",-0.3900,-0.9190,-0.2112,,
1790754300153113672,24.583,map,"nav2_feedback of the target goal (map, AMCL-based estimate)",-0.3900,-0.9190,-0.2112,,
1790754300163053249,24.583,map,"nav2_feedback of the target goal (map, AMCL-based estimate)",-0.3900,-0.9190,-0.2112,,
1790754300172684466,24.583,map,"nav2_feedback of the target goal (map, AMCL-based estimate)",-0.3900,-0.9190,-0.2112,,
1790754300183120684,24.600,map,"nav2_feedback of the target goal (map, AMCL-based estimate)",-0.3865,-0.9197,-0.2105,,
1790754300192900968,24.600,map,"nav2_feedback of the target goal (map, AMCL-based estimate)",-0.3865,-0.9197,-0.2105,,
1790754300203235119,24.600,map,"nav2_feedback of the target goal (map, AMCL-based estimate)",-0.3865,-0.9197,-0.2105,,
1790754300212897387,24.600,map,"nav2_feedback of the target goal (map, AMCL-based estimate)",-0.3865,-0.9197,-0.2105,,
1790754300223004231,24.617,map,"nav2_feedback of the target goal (map, AMCL-based estimate)",-0.3830,-0.9205,-0.2097,,
1790754300233368496,24.617,map,"nav2_feedback of the target goal (map, AMCL-based estimate)",-0.3830,-0.9205,-0.2097,,
1790754300242736476,24.617,map,"nav2_feedback of the target goal (map, AMCL-based estimate)",-0.3830,-0.9205,-0.2097,,
1790754300252965651,24.617,map,"nav2_feedback of the target goal (map, AMCL-based estimate)",-0.3830,-0.9205,-0.2097,,
1790754300262827551,24.617,map,"nav2_feedback of the target goal (map, AMCL-based estimate)",-0.3830,-0.9205,-0.2097,,
1790754300272906158,24.617,map,"nav2_feedback of the target goal (map, AMCL-based estimate)",-0.3830,-0.9205,-0.2097,,
1790754300282909715,24.633,map,"nav2_feedback of the target goal (map, AMCL-based estimate)",-0.3795,-0.9212,-0.2088,,
1790754300293232326,24.633,map,"nav2_feedback of the target goal (map, AMCL-based estimate)",-0.3795,-0.9212,-0.2088,,
1790754300302980058,24.633,map,"nav2_feedback of the target goal (map, AMCL-based estimate)",-0.3795,-0.9212,-0.2088,,
1790754300313079866,24.650,map,"nav2_feedback of the target goal (map, AMCL-based estimate)",-0.3761,-0.9219,-0.2078,,
1790754300323157816,24.650,map,"nav2_feedback of the target goal (map, AMCL-based estimate)",-0.3761,-0.9219,-0.2078,,
1790754300333379955,24.650,map,"nav2_feedback of the target goal (map, AMCL-based estimate)",-0.3761,-0.9219,-0.2078,,
1790754300342950100,24.650,map,"nav2_feedback of the target goal (map, AMCL-based estimate)",-0.3761,-0.9219,-0.2078,,
1790754300353012289,24.650,map,"nav2_feedback of the target goal (map, AMCL-based estimate)",-0.3761,-0.9219,-0.2078,,
1790754300362878224,24.650,map,"nav2_feedback of the target goal (map, AMCL-based estimate)",-0.3761,-0.9219,-0.2078,,
1790754300372928218,24.667,map,"nav2_feedback of the target goal (map, AMCL-based estimate)",-0.3726,-0.9227,-0.2070,,
1790754300383218839,24.667,map,"nav2_feedback of the target goal (map, AMCL-based estimate)",-0.3726,-0.9227,-0.2070,,
1790754300392808310,24.667,map,"nav2_feedback of the target goal (map, AMCL-based estimate)",-0.3726,-0.9227,-0.2070,,
1790754300402932603,24.667,map,"nav2_feedback of the target goal (map, AMCL-based estimate)",-0.3726,-0.9227,-0.2070,,
1790754300413089261,24.683,map,"nav2_feedback of the target goal (map, AMCL-based estimate)",-0.3692,-0.9234,-0.2063,,
1790754300422661939,24.683,map,"nav2_feedback of the target goal (map, AMCL-based estimate)",-0.3692,-0.9234,-0.2063,,
1790754300433073954,24.683,map,"nav2_feedback of the target goal (map, AMCL-based estimate)",-0.3692,-0.9234,-0.2063,,
1790754300442951521,24.683,map,"nav2_feedback of the target goal (map, AMCL-based estimate)",-0.3692,-0.9234,-0.2063,,
1790754300453036413,24.683,map,"nav2_feedback of the target goal (map, AMCL-based estimate)",-0.3692,-0.9234,-0.2063,,
1790754300462819418,24.683,map,"nav2_feedback of the target goal (map, AMCL-based estimate)",-0.3692,-0.9234,-0.2063,,
1790754300472674376,24.700,map,"nav2_feedback of the target goal (map, AMCL-based estimate)",-0.3657,-0.9241,-0.2058,,
1790754300483159564,24.700,map,"nav2_feedback of the target goal (map, AMCL-based estimate)",-0.3657,-0.9241,-0.2058,,
1790754300492874461,24.700,map,"nav2_feedback of the target goal (map, AMCL-based estimate)",-0.3657,-0.9241,-0.2058,,
1790754300502910665,24.717,map,"nav2_feedback of the target goal (map, AMCL-based estimate)",-0.3622,-0.9248,-0.2053,,
1790754300512671249,24.717,map,"nav2_feedback of the target goal (map, AMCL-based estimate)",-0.3622,-0.9248,-0.2053,,
1790754300522747510,24.717,map,"nav2_feedback of the target goal (map, AMCL-based estimate)",-0.3622,-0.9248,-0.2053,,
1790754300533098265,24.717,map,"nav2_feedback of the target goal (map, AMCL-based estimate)",-0.3622,-0.9248,-0.2053,,
1790754300543280534,24.717,map,"nav2_feedback of the target goal (map, AMCL-based estimate)",-0.3622,-0.9248,-0.2053,,
1790754300553025263,24.733,map,"nav2_feedback of the target goal (map, AMCL-based estimate)",-0.3588,-0.9255,-0.2049,,
1790754300562943451,24.733,map,"nav2_feedback of the target goal (map, AMCL-based estimate)",-0.3588,-0.9255,-0.2049,,
1790754300572923180,24.733,map,"nav2_feedback of the target goal (map, AMCL-based estimate)",-0.3588,-0.9255,-0.2049,,
1790754300582932928,24.733,map,"nav2_feedback of the target goal (map, AMCL-based estimate)",-0.3588,-0.9255,-0.2049,,
1790754300594075645,24.733,map,"nav2_feedback of the target goal (map, AMCL-based estimate)",-0.3588,-0.9255,-0.2049,,
1790754300603413043,24.750,map,"nav2_feedback of the target goal (map, AMCL-based estimate)",-0.3553,-0.9263,-0.2044,,
1790754300613289015,24.750,map,"nav2_feedback of the target goal (map, AMCL-based estimate)",-0.3553,-0.9263,-0.2044,,
1790754300623228405,24.750,map,"nav2_feedback of the target goal (map, AMCL-based estimate)",-0.3553,-0.9263,-0.2044,,
1790754300633225582,24.750,map,"nav2_feedback of the target goal (map, AMCL-based estimate)",-0.3553,-0.9263,-0.2044,,
1790754300642817210,24.767,map,"nav2_feedback of the target goal (map, AMCL-based estimate)",-0.3519,-0.9270,-0.2040,,
1790754300653076593,24.767,map,"nav2_feedback of the target goal (map, AMCL-based estimate)",-0.3519,-0.9270,-0.2040,,
1790754300662972266,24.767,map,"nav2_feedback of the target goal (map, AMCL-based estimate)",-0.3519,-0.9270,-0.2040,,
1790754300672779849,24.767,map,"nav2_feedback of the target goal (map, AMCL-based estimate)",-0.3519,-0.9270,-0.2040,,
1790754300683146177,24.767,map,"nav2_feedback of the target goal (map, AMCL-based estimate)",-0.3519,-0.9270,-0.2040,,
1790754300692717917,24.783,map,"nav2_feedback of the target goal (map, AMCL-based estimate)",-0.3484,-0.9277,-0.2035,,
1790754300703250011,24.783,map,"nav2_feedback of the target goal (map, AMCL-based estimate)",-0.3484,-0.9277,-0.2035,,
1790754300712919410,24.783,map,"nav2_feedback of the target goal (map, AMCL-based estimate)",-0.3484,-0.9277,-0.2035,,
1790754300723129447,24.783,map,"nav2_feedback of the target goal (map, AMCL-based estimate)",-0.3484,-0.9277,-0.2035,,
1790754300733034689,24.800,map,"nav2_feedback of the target goal (map, AMCL-based estimate)",-0.3450,-0.9284,-0.2030,,
1790754300742868352,24.800,map,"nav2_feedback of the target goal (map, AMCL-based estimate)",-0.3450,-0.9284,-0.2030,,
1790754300753140493,24.800,map,"nav2_feedback of the target goal (map, AMCL-based estimate)",-0.3450,-0.9284,-0.2030,,
1790754300766003066,24.800,map,"nav2_feedback of the target goal (map, AMCL-based estimate)",-0.3450,-0.9284,-0.2030,,
1790754300772924146,24.800,map,"nav2_feedback of the target goal (map, AMCL-based estimate)",-0.3450,-0.9284,-0.2030,,
1790754300783291225,24.817,map,"nav2_feedback of the target goal (map, AMCL-based estimate)",-0.3415,-0.9291,-0.2026,,
1790754300793090647,24.817,map,"nav2_feedback of the target goal (map, AMCL-based estimate)",-0.3415,-0.9291,-0.2026,,
1790754300803046735,24.817,map,"nav2_feedback of the target goal (map, AMCL-based estimate)",-0.3415,-0.9291,-0.2026,,
1790754300813109581,24.817,map,"nav2_feedback of the target goal (map, AMCL-based estimate)",-0.3415,-0.9291,-0.2026,,
1790754300823001220,24.817,map,"nav2_feedback of the target goal (map, AMCL-based estimate)",-0.3415,-0.9291,-0.2026,,
1790754300833088926,24.833,map,"nav2_feedback of the target goal (map, AMCL-based estimate)",-0.3381,-0.9298,-0.2021,,
1790754300843119501,24.833,map,"nav2_feedback of the target goal (map, AMCL-based estimate)",-0.3381,-0.9298,-0.2021,,
1790754300852997631,24.833,map,"nav2_feedback of the target goal (map, AMCL-based estimate)",-0.3381,-0.9298,-0.2021,,
1790754300862831388,24.833,map,"nav2_feedback of the target goal (map, AMCL-based estimate)",-0.3381,-0.9298,-0.2021,,
1790754300872722840,24.850,map,"nav2_feedback of the target goal (map, AMCL-based estimate)",-0.3346,-0.9305,-0.2016,,
1790754300885338875,24.850,map,"nav2_feedback of the target goal (map, AMCL-based estimate)",-0.3346,-0.9305,-0.2016,,
1790754300892885306,24.850,map,"nav2_feedback of the target goal (map, AMCL-based estimate)",-0.3346,-0.9305,-0.2016,,
1790754300902902090,24.850,map,"nav2_feedback of the target goal (map, AMCL-based estimate)",-0.3346,-0.9305,-0.2016,,
1790754300912757706,24.850,map,"nav2_feedback of the target goal (map, AMCL-based estimate)",-0.3346,-0.9305,-0.2016,,
1790754300922830777,24.867,map,"nav2_feedback of the target goal (map, AMCL-based estimate)",-0.3312,-0.9312,-0.2011,,
1790754300933184066,24.867,map,"nav2_feedback of the target goal (map, AMCL-based estimate)",-0.3312,-0.9312,-0.2011,,
1790754300942792861,24.867,map,"nav2_feedback of the target goal (map, AMCL-based estimate)",-0.3312,-0.9312,-0.2011,,
1790754300952772027,24.883,map,"nav2_feedback of the target goal (map, AMCL-based estimate)",-0.3277,-0.9319,-0.2006,,
1790754300962911236,24.883,map,"nav2_feedback of the target goal (map, AMCL-based estimate)",-0.3277,-0.9319,-0.2006,,
1790754300972654277,24.883,map,"nav2_feedback of the target goal (map, AMCL-based estimate)",-0.3277,-0.9319,-0.2006,,
1790754300983155882,24.883,map,"nav2_feedback of the target goal (map, AMCL-based estimate)",-0.3277,-0.9319,-0.2006,,
1790754300993424740,24.883,map,"nav2_feedback of the target goal (map, AMCL-based estimate)",-0.3277,-0.9319,-0.2006,,
1790754301002873586,24.900,map,"nav2_feedback of the target goal (map, AMCL-based estimate)",-0.3245,-0.9326,-0.2000,,
1790754301012988028,24.900,map,"nav2_feedback of the target goal (map, AMCL-based estimate)",-0.3245,-0.9326,-0.2000,,
1790754301022849741,24.900,map,"nav2_feedback of the target goal (map, AMCL-based estimate)",-0.3245,-0.9326,-0.2000,,
1790754301033099930,24.900,map,"nav2_feedback of the target goal (map, AMCL-based estimate)",-0.3245,-0.9326,-0.2000,,
1790754301042869238,24.917,map,"nav2_feedback of the target goal (map, AMCL-based estimate)",-0.3215,-0.9332,-0.1993,,
1790754301052939402,24.917,map,"nav2_feedback of the target goal (map, AMCL-based estimate)",-0.3215,-0.9332,-0.1993,,
1790754301062877947,24.917,map,"nav2_feedback of the target goal (map, AMCL-based estimate)",-0.3215,-0.9332,-0.1993,,
1790754301072773526,24.917,map,"nav2_feedback of the target goal (map, AMCL-based estimate)",-0.3215,-0.9332,-0.1993,,
1790754301083250459,24.917,map,"nav2_feedback of the target goal (map, AMCL-based estimate)",-0.3215,-0.9332,-0.1993,,
1790754301092842181,24.917,map,"nav2_feedback of the target goal (map, AMCL-based estimate)",-0.3215,-0.9332,-0.1993,,
1790754301103212074,24.933,map,"nav2_feedback of the target goal (map, AMCL-based estimate)",-0.3186,-0.9338,-0.1985,,
1790754301113206156,24.933,map,"nav2_feedback of the target goal (map, AMCL-based estimate)",-0.3186,-0.9338,-0.1985,,
1790754301122708850,24.933,map,"nav2_feedback of the target goal (map, AMCL-based estimate)",-0.3186,-0.9338,-0.1985,,
1790754301133038591,24.950,map,"nav2_feedback of the target goal (map, AMCL-based estimate)",-0.3158,-0.9343,-0.1976,,
1790754301142900492,24.950,map,"nav2_feedback of the target goal (map, AMCL-based estimate)",-0.3158,-0.9343,-0.1976,,
1790754301152999456,24.950,map,"nav2_feedback of the target goal (map, AMCL-based estimate)",-0.3158,-0.9343,-0.1976,,
1790754301162891751,24.950,map,"nav2_feedback of the target goal (map, AMCL-based estimate)",-0.3158,-0.9343,-0.1976,,
1790754301173098318,24.950,map,"nav2_feedback of the target goal (map, AMCL-based estimate)",-0.3158,-0.9343,-0.1976,,
1790754301183191277,24.967,map,"nav2_feedback of the target goal (map, AMCL-based estimate)",-0.3130,-0.9349,-0.1966,,
1790754301192931973,24.967,map,"nav2_feedback of the target goal (map, AMCL-based estimate)",-0.3130,-0.9349,-0.1966,,
1790754301203198673,24.967,map,"nav2_feedback of the target goal (map, AMCL-based estimate)",-0.3130,-0.9349,-0.1966,,
1790754301212907003,24.967,map,"nav2_feedback of the target goal (map, AMCL-based estimate)",-0.3130,-0.9349,-0.1966,,
1790754301223049026,24.967,map,"nav2_feedback of the target goal (map, AMCL-based estimate)",-0.3130,-0.9349,-0.1966,,
1790754301233016747,24.983,map,"nav2_feedback of the target goal (map, AMCL-based estimate)",-0.3102,-0.9354,-0.1956,,
1790754301242946755,24.983,map,"nav2_feedback of the target goal (map, AMCL-based estimate)",-0.3102,-0.9354,-0.1956,,
1790754301252793834,24.983,map,"nav2_feedback of the target goal (map, AMCL-based estimate)",-0.3102,-0.9354,-0.1956,,
1790754301262927883,24.983,map,"nav2_feedback of the target goal (map, AMCL-based estimate)",-0.3102,-0.9354,-0.1956,,
1790754301272608070,24.983,map,"nav2_feedback of the target goal (map, AMCL-based estimate)",-0.3102,-0.9354,-0.1956,,
1790754301283262213,24.983,map,"nav2_feedback of the target goal (map, AMCL-based estimate)",-0.3102,-0.9354,-0.1956,,
1790754301292816129,24.983,map,"nav2_feedback of the target goal (map, AMCL-based estimate)",-0.3102,-0.9354,-0.1956,,
1790754301303113036,25.000,map,"nav2_feedback of the target goal (map, AMCL-based estimate)",-0.3075,-0.9360,-0.1944,,
1790754301313058336,25.000,map,"nav2_feedback of the target goal (map, AMCL-based estimate)",-0.3075,-0.9360,-0.1944,,
1790754301322787774,25.000,map,"nav2_feedback of the target goal (map, AMCL-based estimate)",-0.3075,-0.9360,-0.1944,,
1790754301332947903,25.000,map,"nav2_feedback of the target goal (map, AMCL-based estimate)",-0.3075,-0.9360,-0.1944,,
1790754301342764211,25.017,map,"nav2_feedback of the target goal (map, AMCL-based estimate)",-0.3047,-0.9365,-0.1929,,
1790754301353116749,25.017,map,"nav2_feedback of the target goal (map, AMCL-based estimate)",-0.3047,-0.9365,-0.1929,,
1790754301362784834,25.017,map,"nav2_feedback of the target goal (map, AMCL-based estimate)",-0.3047,-0.9365,-0.1929,,
1790754301373031552,25.017,map,"nav2_feedback of the target goal (map, AMCL-based estimate)",-0.3047,-0.9365,-0.1929,,
1790754301382985576,25.017,map,"nav2_feedback of the target goal (map, AMCL-based estimate)",-0.3047,-0.9365,-0.1929,,
1790754301392892506,25.017,map,"nav2_feedback of the target goal (map, AMCL-based estimate)",-0.3047,-0.9365,-0.1929,,
1790754301402931430,25.017,map,"nav2_feedback of the target goal (map, AMCL-based estimate)",-0.3047,-0.9365,-0.1929,,
1790754301412797834,25.017,map,"nav2_feedback of the target goal (map, AMCL-based estimate)",-0.3047,-0.9365,-0.1929,,
1790754301422918468,25.033,map,"nav2_feedback of the target goal (map, AMCL-based estimate)",-0.3019,-0.9370,-0.1916,,
1790754301433530303,25.033,map,"nav2_feedback of the target goal (map, AMCL-based estimate)",-0.3019,-0.9370,-0.1916,,
1790754301442793213,25.033,map,"nav2_feedback of the target goal (map, AMCL-based estimate)",-0.3019,-0.9370,-0.1916,,
1790754301453278214,25.033,map,"nav2_feedback of the target goal (map, AMCL-based estimate)",-0.3019,-0.9370,-0.1916,,
1790754301463080825,25.050,map,"nav2_feedback of the target goal (map, AMCL-based estimate)",-0.2991,-0.9376,-0.1902,,
1790754301472957173,25.050,map,"nav2_feedback of the target goal (map, AMCL-based estimate)",-0.2991,-0.9376,-0.1902,,
1790754301483067675,25.050,map,"nav2_feedback of the target goal (map, AMCL-based estimate)",-0.2991,-0.9376,-0.1902,,
1790754301492909875,25.050,map,"nav2_feedback of the target goal (map, AMCL-based estimate)",-0.2991,-0.9376,-0.1902,,
1790754301502942326,25.050,map,"nav2_feedback of the target goal (map, AMCL-based estimate)",-0.2991,-0.9376,-0.1902,,
1790754301512721391,25.067,map,"nav2_feedback of the target goal (map, AMCL-based estimate)",-0.2963,-0.9381,-0.1893,,
1790754301522991656,25.067,map,"nav2_feedback of the target goal (map, AMCL-based estimate)",-0.2963,-0.9381,-0.1893,,
1790754301533244659,25.067,map,"nav2_feedback of the target goal (map, AMCL-based estimate)",-0.2963,-0.9381,-0.1893,,
1790754301542769774,25.067,map,"nav2_feedback of the target goal (map, AMCL-based estimate)",-0.2963,-0.9381,-0.1893,,
1790754301552787403,25.083,map,"nav2_feedback of the target goal (map, AMCL-based estimate)",-0.2935,-0.9386,-0.1885,,
1790754301562814413,25.083,map,"nav2_feedback of the target goal (map, AMCL-based estimate)",-0.2935,-0.9386,-0.1885,,
1790754301572785135,25.083,map,"nav2_feedback of the target goal (map, AMCL-based estimate)",-0.2935,-0.9386,-0.1885,,
1790754301583429992,25.083,map,"nav2_feedback of the target goal (map, AMCL-based estimate)",-0.2935,-0.9386,-0.1885,,
1790754301593074999,25.083,map,"nav2_feedback of the target goal (map, AMCL-based estimate)",-0.2935,-0.9386,-0.1885,,
1790754301602716160,25.100,map,"nav2_feedback of the target goal (map, AMCL-based estimate)",-0.2907,-0.9392,-0.1877,,
1790754301612993179,25.100,map,"nav2_feedback of the target goal (map, AMCL-based estimate)",-0.2907,-0.9392,-0.1877,,
1790754301623080885,25.100,map,"nav2_feedback of the target goal (map, AMCL-based estimate)",-0.2907,-0.9392,-0.1877,,
1790754301633529955,25.100,map,"nav2_feedback of the target goal (map, AMCL-based estimate)",-0.2907,-0.9392,-0.1877,,
1790754301642927768,25.117,map,"nav2_feedback of the target goal (map, AMCL-based estimate)",-0.2899,-0.9465,-0.1894,,
1790754301652748860,25.117,map,"nav2_feedback of the target goal (map, AMCL-based estimate)",-0.2899,-0.9465,-0.1894,,
1790754301663013871,25.117,map,"nav2_feedback of the target goal (map, AMCL-based estimate)",-0.2899,-0.9465,-0.1894,,
1790754301672795375,25.117,map,"nav2_feedback of the target goal (map, AMCL-based estimate)",-0.2899,-0.9465,-0.1894,,
1790754301683402237,25.117,map,"nav2_feedback of the target goal (map, AMCL-based estimate)",-0.2899,-0.9465,-0.1894,,
1790754301692777347,25.133,map,"nav2_feedback of the target goal (map, AMCL-based estimate)",-0.2890,-0.9538,-0.1912,,
1790754301702927908,25.133,map,"nav2_feedback of the target goal (map, AMCL-based estimate)",-0.2890,-0.9538,-0.1912,,
1790754301713004825,25.133,map,"nav2_feedback of the target goal (map, AMCL-based estimate)",-0.2890,-0.9538,-0.1912,,
1790754301723153228,25.133,map,"nav2_feedback of the target goal (map, AMCL-based estimate)",-0.2890,-0.9538,-0.1912,,
1790754301733074512,25.150,map,"nav2_feedback of the target goal (map, AMCL-based estimate)",-0.2882,-0.9611,-0.1929,,
1790754301742942135,25.150,map,"nav2_feedback of the target goal (map, AMCL-based estimate)",-0.2882,-0.9611,-0.1929,,
1790754301752839403,25.150,map,"nav2_feedback of the target goal (map, AMCL-based estimate)",-0.2882,-0.9611,-0.1929,,
1790754301763021578,25.150,map,"nav2_feedback of the target goal (map, AMCL-based estimate)",-0.2882,-0.9611,-0.1929,,
1790754301773038550,25.150,map,"nav2_feedback of the target goal (map, AMCL-based estimate)",-0.2882,-0.9611,-0.1929,,
1790754301783121472,25.167,map,"nav2_feedback of the target goal (map, AMCL-based estimate)",-0.2874,-0.9684,-0.1946,,
1790754301792845187,25.167,map,"nav2_feedback of the target goal (map, AMCL-based estimate)",-0.2874,-0.9684,-0.1946,,
1790754301802939273,25.167,map,"nav2_feedback of the target goal (map, AMCL-based estimate)",-0.2874,-0.9684,-0.1946,,
1790754301812961780,25.167,map,"nav2_feedback of the target goal (map, AMCL-based estimate)",-0.2874,-0.9684,-0.1946,,
1790754301824302065,25.183,map,"nav2_feedback of the target goal (map, AMCL-based estimate)",-0.2867,-0.9758,-0.1963,,
1790754301833227909,25.183,map,"nav2_feedback of the target goal (map, AMCL-based estimate)",-0.2867,-0.9758,-0.1963,,
1790754301842880984,25.183,map,"nav2_feedback of the target goal (map, AMCL-based estimate)",-0.2867,-0.9758,-0.1963,,
1790754301853270577,25.183,map,"nav2_feedback of the target goal (map, AMCL-based estimate)",-0.2867,-0.9758,-0.1963,,
1790754301863317381,25.183,map,"nav2_feedback of the target goal (map, AMCL-based estimate)",-0.2867,-0.9758,-0.1963,,
1790754301872755814,25.200,map,"nav2_feedback of the target goal (map, AMCL-based estimate)",-0.2859,-0.9831,-0.1980,,
1790754301883049813,25.200,map,"nav2_feedback of the target goal (map, AMCL-based estimate)",-0.2859,-0.9831,-0.1980,,
1790754301892754673,25.200,map,"nav2_feedback of the target goal (map, AMCL-based estimate)",-0.2859,-0.9831,-0.1980,,
1790754301903117999,25.200,map,"nav2_feedback of the target goal (map, AMCL-based estimate)",-0.2859,-0.9831,-0.1980,,
1790754301912757565,25.217,map,"nav2_feedback of the target goal (map, AMCL-based estimate)",-0.2832,-0.9837,-0.1972,,
1790754301923028111,25.217,map,"nav2_feedback of the target goal (map, AMCL-based estimate)",-0.2832,-0.9837,-0.1972,,
1790754301933379992,25.217,map,"nav2_feedback of the target goal (map, AMCL-based estimate)",-0.2832,-0.9837,-0.1972,,
1790754301942769737,25.217,map,"nav2_feedback of the target goal (map, AMCL-based estimate)",-0.2832,-0.9837,-0.1972,,
1790754301952816728,25.217,map,"nav2_feedback of the target goal (map, AMCL-based estimate)",-0.2832,-0.9837,-0.1972,,
1790754301962910908,25.233,map,"nav2_feedback of the target goal (map, AMCL-based estimate)",-0.2804,-0.9842,-0.1964,,
1790754301973085859,25.233,map,"nav2_feedback of the target goal (map, AMCL-based estimate)",-0.2804,-0.9842,-0.1964,,
1790754301983338863,25.233,map,"nav2_feedback of the target goal (map, AMCL-based estimate)",-0.2804,-0.9842,-0.1964,,
1790754301993094193,25.233,map,"nav2_feedback of the target goal (map, AMCL-based estimate)",-0.2804,-0.9842,-0.1964,,
1790754302002834982,25.250,map,"nav2_feedback of the target goal (map, AMCL-based estimate)",-0.2776,-0.9848,-0.1956,,
1790754302013091738,25.250,map,"nav2_feedback of the target goal (map, AMCL-based estimate)",-0.2776,-0.9848,-0.1956,,
1790754302022700346,25.250,map,"nav2_feedback of the target goal (map, AMCL-based estimate)",-0.2776,-0.9848,-0.1956,,
1790754302032974738,25.250,map,"nav2_feedback of the target goal (map, AMCL-based estimate)",-0.2776,-0.9848,-0.1956,,
1790754302042869285,25.250,map,"nav2_feedback of the target goal (map, AMCL-based estimate)",-0.2776,-0.9848,-0.1956,,
1790754302052869653,25.267,map,"nav2_feedback of the target goal (map, AMCL-based estimate)",-0.2749,-0.9853,-0.1949,,
1790754302062735400,25.267,map,"nav2_feedback of the target goal (map, AMCL-based estimate)",-0.2749,-0.9853,-0.1949,,
1790754302072610997,25.267,map,"nav2_feedback of the target goal (map, AMCL-based estimate)",-0.2749,-0.9853,-0.1949,,
1790754302082860435,25.267,map,"nav2_feedback of the target goal (map, AMCL-based estimate)",-0.2749,-0.9853,-0.1949,,
1790754302093239522,25.267,map,"nav2_feedback of the target goal (map, AMCL-based estimate)",-0.2749,-0.9853,-0.1949,,
1790754302102645308,25.283,map,"nav2_feedback of the target goal (map, AMCL-based estimate)",-0.2721,-0.9859,-0.1941,,
1790754302113427693,25.283,map,"nav2_feedback of the target goal (map, AMCL-based estimate)",-0.2721,-0.9859,-0.1941,,
1790754302123375338,25.283,map,"nav2_feedback of the target goal (map, AMCL-based estimate)",-0.2721,-0.9859,-0.1941,,
1790754302133245400,25.283,map,"nav2_feedback of the target goal (map, AMCL-based estimate)",-0.2721,-0.9859,-0.1941,,
1790754302143022682,25.300,map,"nav2_feedback of the target goal (map, AMCL-based estimate)",-0.2696,-0.9864,-0.1932,,
1790754302152980740,25.300,map,"nav2_feedback of the target goal (map, AMCL-based estimate)",-0.2696,-0.9864,-0.1932,,
1790754302162706613,25.300,map,"nav2_feedback of the target goal (map, AMCL-based estimate)",-0.2696,-0.9864,-0.1932,,
1790754302172816834,25.300,map,"nav2_feedback of the target goal (map, AMCL-based estimate)",-0.2696,-0.9864,-0.1932,,
1790754302183105111,25.317,map,"nav2_feedback of the target goal (map, AMCL-based estimate)",-0.2673,-0.9868,-0.1923,,
1790754302192965042,25.317,map,"nav2_feedback of the target goal (map, AMCL-based estimate)",-0.2673,-0.9868,-0.1923,,
1790754302203142338,25.317,map,"nav2_feedback of the target goal (map, AMCL-based estimate)",-0.2673,-0.9868,-0.1923,,
1790754302213273855,25.317,map,"nav2_feedback of the target goal (map, AMCL-based estimate)",-0.2673,-0.9868,-0.1923,,
1790754302222977119,25.317,map,"nav2_feedback of the target goal (map, AMCL-based estimate)",-0.2673,-0.9868,-0.1923,,
1790754302233535762,25.333,map,"nav2_feedback of the target goal (map, AMCL-based estimate)",-0.2651,-0.9872,-0.1912,,
1790754302242845204,25.333,map,"nav2_feedback of the target goal (map, AMCL-based estimate)",-0.2651,-0.9872,-0.1912,,
1790754302253194927,25.333,map,"nav2_feedback of the target goal (map, AMCL-based estimate)",-0.2651,-0.9872,-0.1912,,
1790754302263053075,25.333,map,"nav2_feedback of the target goal (map, AMCL-based estimate)",-0.2651,-0.9872,-0.1912,,
1790754302272968730,25.333,map,"nav2_feedback of the target goal (map, AMCL-based estimate)",-0.2651,-0.9872,-0.1912,,
1790754302283294344,25.350,map,"nav2_feedback of the target goal (map, AMCL-based estimate)",-0.2630,-0.9876,-0.1902,,
1790754302292731745,25.350,map,"nav2_feedback of the target goal (map, AMCL-based estimate)",-0.2630,-0.9876,-0.1902,,
1790754302302993473,25.350,map,"nav2_feedback of the target goal (map, AMCL-based estimate)",-0.2630,-0.9876,-0.1902,,
1790754302313104257,25.350,map,"nav2_feedback of the target goal (map, AMCL-based estimate)",-0.2630,-0.9876,-0.1902,,
1790754302322920377,25.350,map,"nav2_feedback of the target goal (map, AMCL-based estimate)",-0.2630,-0.9876,-0.1902,,
1790754302333202275,25.367,map,"nav2_feedback of the target goal (map, AMCL-based estimate)",-0.2609,-0.9880,-0.1890,,
1790754302342817168,25.367,map,"nav2_feedback of the target goal (map, AMCL-based estimate)",-0.2609,-0.9880,-0.1890,,
1790754302352793707,25.367,map,"nav2_feedback of the target goal (map, AMCL-based estimate)",-0.2609,-0.9880,-0.1890,,
1790754302362798765,25.367,map,"nav2_feedback of the target goal (map, AMCL-based estimate)",-0.2609,-0.9880,-0.1890,,
1790754302372663949,25.383,map,"nav2_feedback of the target goal (map, AMCL-based estimate)",-0.2587,-0.9884,-0.1879,,
1790754302382964046,25.383,map,"nav2_feedback of the target goal (map, AMCL-based estimate)",-0.2587,-0.9884,-0.1879,,
1790754302393018074,25.383,map,"nav2_feedback of the target goal (map, AMCL-based estimate)",-0.2587,-0.9884,-0.1879,,
1790754302402925004,25.383,map,"nav2_feedback of the target goal (map, AMCL-based estimate)",-0.2587,-0.9884,-0.1879,,
1790754302413140295,25.383,map,"nav2_feedback of the target goal (map, AMCL-based estimate)",-0.2587,-0.9884,-0.1879,,
1790754302422934182,25.400,map,"nav2_feedback of the target goal (map, AMCL-based estimate)",-0.2566,-0.9888,-0.1867,,
1790754302433035678,25.400,map,"nav2_feedback of the target goal (map, AMCL-based estimate)",-0.2566,-0.9888,-0.1867,,
1790754302442749637,25.400,map,"nav2_feedback of the target goal (map, AMCL-based estimate)",-0.2566,-0.9888,-0.1867,,
1790754302453694974,25.417,map,"nav2_feedback of the target goal (map, AMCL-based estimate)",-0.2545,-0.9892,-0.1856,,
1790754302462869701,25.417,map,"nav2_feedback of the target goal (map, AMCL-based estimate)",-0.2545,-0.9892,-0.1856,,
1790754302472639853,25.417,map,"nav2_feedback of the target goal (map, AMCL-based estimate)",-0.2545,-0.9892,-0.1856,,
1790754302482970533,25.417,map,"nav2_feedback of the target goal (map, AMCL-based estimate)",-0.2545,-0.9892,-0.1856,,
