2026-09-30T01:48:34.231 0.009489524498397356,-2.381537574939999e-07,-1.4959258869497482e-05,-3.264459553398005e-07,7.904006833727689e-08,-1.1956201452167807e-06,0.9999999999992288
2026-09-30T01:48:34.304 0.009508121146380371,-1.1871033175738289e-07,-1.497376101922176e-05,-2.813179666395346e-07,5.3665507036664606e-08,-2.1185665715683785e-06,0.9999999999977148
2026-09-30T01:48:34.356 0.009524810564415499,1.1991838350193316e-07,-1.4910741755317187e-05,-2.1360491216223872e-07,-4.2028283784900856e-08,-1.2794497974345004e-05,0.9999999999181267
2026-09-30T01:48:34.418 0.009543883870984357,-5.950972360002201e-07,-1.5045206839168888e-05,-3.42444431984938e-07,7.601628134563539e-08,-7.274496712896794e-06,0.9999999999734793
2026-09-30T01:48:34.478 0.009562003707466432,-5.948691004930779e-07,-1.504405389675487e-05,-3.1941558839637084e-07,5.552748194135408e-08,-4.659196097949187e-06,0.9999999999890934
2026-09-30T01:48:34.536 0.009580123569009709,-7.13850251793325e-07,-1.5027999792274198e-05,-3.2704000430565285e-07,4.039270819044305e-08,1.578677206459256e-06,0.9999999999986996
2026-09-30T01:48:34.593 0.009600627510117114,-1.1754565967092431e-07,-1.5075320025415345e-05,-1.4278005774524342e-07,9.371208416919983e-08,-2.104476522431603e-06,0.999999999997771
2026-09-30T01:48:34.651 0.009619224047802997,-5.941486953106743e-07,-1.5164327790487927e-05,-2.916483250918691e-07,9.115043697232448e-08,-3.984424268228161e-06,0.9999999999920155
2026-09-30T01:48:34.720 0.009637343841667107,-9.515484338954104e-07,-1.5192977074714734e-05,-3.200860860847857e-07,8.717635965623155e-08,-8.634135987972238e-07,0.9999999999995722
2026-09-30T01:48:34.805 0.009656894156770858,-3.5525584314929684e-07,-1.5208987162576282e-05,-2.8178849267231103e-07,1.25370078588712e-07,-1.2414202682750163e-06,0.9999999999991819
2026-09-30T01:48:34.869 0.009672152951070202,-4.1466837567927694e-07,-1.521821177255134e-05,-2.65621255971616e-07,1.1757587575063431e-07,-3.1591864639229554e-06,0.9999999999949676
2026-09-30T01:48:34.923 0.009692180113992753,-7.124394530710621e-07,-1.5234975644245798e-05,-3.020314488403676e-07,2.6537779248071666e-08,-9.80423536714167e-07,0.9999999999994734
2026-09-30T01:48:34.981 0.009711730405536186,-1.1614686505889073e-07,-1.5265886874675502e-05,-3.45816110744104e-07,1.2314542950299194e-07,-9.957191656896972e-07,0.9999999999994369
2026-09-30T01:48:35.030 0.00972889649971392,-2.3514003413907777e-07,-1.5307929480324184e-05,-2.1381150125286228e-07,9.941388536430257e-08,-2.1321997932639313e-06,0.9999999999976991
2026-09-30T01:48:35.082 0.009749400360088062,-7.11719058824427e-07,-1.5414854108251486e-05,-2.818779412708796e-07,1.6751327817420008e-07,-1.6293989866606124e-06,0.9999999999986188
2026-09-30T01:48:35.135 0.009765613011491545,-4.1349169401470474e-07,-1.5306377496320043e-05,-2.605201888076268e-07,5.273346016006092e-08,-1.20308473776847e-05,0.999999999927594
2026-09-30T01:48:35.184 0.009782779197659205,-3.5367091784712623e-07,-1.528881556094384e-05,-1.996280986092637e-07,5.238496186195289e-08,-8.048436596041238e-06,0.99999999996759
2026-09-30T01:48:35.237 0.009802329311226338,-5.91843378495811e-07,-1.5438935795429333e-05,-3.364796756732898e-07,1.3189690581924675e-07,7.052937938810191e-06,0.9999999999750627
2026-09-30T01:48:35.286 0.009822356633817987,-4.7238192335534174e-07,-1.535139173739142e-05,-2.4248763026002914e-07,1.2805417885575628e-07,-3.3423918322773876e-06,0.9999999999943766
2026-09-30T01:48:35.324 0.009839999474068823,-8.893923238025397e-07,-1.5453792794638128e-05,-2.3045503471510717e-07,6.750160643403241e-09,-5.531595457888887e-06,0.9999999999846741
2026-09-30T01:48:35.380 0.009858596021056583,-2.335071060657006e-07,-1.5527899602378287e-05,-3.2723285058848727e-07,7.331320217344828e-09,-9.550499429644913e-06,0.9999999999543404
2026-09-30T01:48:35.437 0.009874808635845654,-7.697447735131813e-07,-1.5449225139093672e-05,-3.759352656186657e-07,6.146424640942243e-08,-7.526067519510006e-06,0.9999999999716066
2026-09-30T01:48:35.493 0.00989483570302606,-9.48306572299404e-07,-1.552559360055926e-05,-2.6193647700304477e-07,5.8903840610912175e-08,-6.4613568836854395e-06,0.9999999999790894
2026-09-30T01:48:35.554 0.009913909015144573,-2.328107145716399e-07,-1.5645157775824784e-05,-3.483968590434466e-07,-9.199668115603836e-09,-8.348773282609068e-06,0.9999999999650883
2026-09-30T01:48:35.615 0.009931552035623046,5.829999330021207e-09,-1.5628349799767965e-05,-3.411087103483986e-07,1.2863606644887292e-07,-7.630216100411247e-06,0.9999999999708234
2026-09-30T01:48:35.656 0.009950148711669039,-2.3235444082341349e-07,-1.5627950748428588e-05,-2.0857261350262244e-07,5.5760866682536226e-08,-6.993394185791763e-06,0.9999999999755229
2026-09-30T01:48:35.711 0.00996874526991346,-4.705388946465589e-07,-1.570205740993001e-05,-3.064600959648472e-07,4.86590248088274e-08,-7.708054950411488e-06,0.9999999999702448
2026-09-30T01:48:35.757 0.009985434601962214,-8.875612828003334e-07,-1.569864260905633e-05,-3.2070232103830273e-07,4.027704757532465e-08,-7.466247581248438e-06,0.9999999999720753
2026-09-30T01:48:35.812 0.010005461734570457,-6.488905599900701e-07,-1.5730307711062187e-05,-3.683772504237842e-07,3.7715558002332156e-08,-7.103720461627181e-06,0.9999999999747
2026-09-30T01:48:35.854 0.010024535265485801,-4.6983648059281747e-07,-1.5715761515471034e-05,-2.742411044909726e-07,2.6191029124059544e-08,-8.19173908544215e-06,0.9999999999664098
2026-09-30T01:48:35.909 0.010042178215283325,-2.3119577489298277e-07,-1.5743656967118695e-05,-1.815430488310468e-07,1.827539129397973e-08,-7.566064658535179e-06,0.9999999999713607
2026-09-30T01:48:35.957 0.010060774845709579,-5.885895100556329e-07,-1.577306018141714e-05,-2.9989389991915354e-07,3.305939541970434e-08,-7.65358570821495e-06,0.9999999999706658
2026-09-30T01:48:36.006 0.010080325001894676,-4.691340966124396e-07,-1.589337818926181e-05,-3.3973068197528614e-07,9.18499027777147e-08,5.286032598480786e-06,0.999999999985967
2026-09-30T01:48:36.042 0.01009939846813263,-7.669171835823384e-07,-1.5923535343381143e-05,-4.072329056946264e-07,1.3724689263565137e-07,-2.3445212639662866e-06,0.9999999999971593
2026-09-30T01:48:36.097 0.010117995233166775,-5.87869099405345e-07,-1.586353179001388e-05,-4.721495488641196e-07,1.337576151842195e-07,-6.102975357906549e-06,0.9999999999812564
2026-09-30T01:48:36.138 0.010135161327344506,-7.068622684855321e-07,-1.5905574395662562e-05,-3.0102972894562584e-07,6.049450021249162e-08,3.829359138010018e-07,0.9999999999998795
2026-09-30T01:48:36.190 0.010153281040021455,-2.2979698848277563e-07,-1.597892724408333e-05,-2.7454445544171734e-07,-1.26919755142351e-08,-1.2118802256797054e-05,0.9999999999265295
2026-09-30T01:48:36.227 0.010170924020883735,-5.872027277556551e-07,-1.5991921455670338e-05,-2.997575404853807e-07,8.262793640212465e-09,-9.84285736424551e-06,0.9999999999515141
2026-09-30T01:48:36.282 0.01018904383305505,-5.273699502117895e-07,-1.600566966557373e-05,-2.491405998650599e-07,1.215347125291038e-07,-3.808170550968524e-06,0.9999999999927105
2026-09-30T01:48:36.334 0.010209547854599176,-7.059257319062155e-07,-1.6008286344270164e-05,-3.2963164798383693e-07,8.195369170771365e-08,2.152091107073449e-06,0.9999999999976266
2026-09-30T01:48:36.376 0.010229098078463441,-3.4805173117853324e-07,-1.608390096340735e-05,-2.927844839681179e-07,1.2502586665936622e-07,-3.0598416510835805e-06,0.999999999995268
2026-09-30T01:48:36.415 0.010246741082135595,-6.458528229468051e-07,-1.608199404217545e-05,-1.5545815822997488e-07,3.35262898228115e-08,-3.72481636164513e-06,0.9999999999930502
2026-09-30T01:48:36.472 0.010264384004620583,-1.0918889612758432e-07,-1.6124790685137512e-05,-3.696695901796374e-07,-6.042284051983528e-08,-1.2886378389070018e-05,0.9999999999169005
2026-09-30T01:48:36.509 0.010280596452236121,-4.666126484006633e-07,-1.615042424907776e-05,-3.7810448222887146e-07,2.549187735488223e-08,-7.924591426515982e-06,0.9999999999685286
2026-09-30T01:48:36.565 0.010300623494355324,-5.259651603794967e-07,-1.6241693872610007e-05,-3.996926316011185e-07,8.626041779489474e-08,-6.059388597466962e-06,0.9999999999815583
2026-09-30T01:48:36.607 0.010320173981885717,-5.257189982024444e-07,-1.615339586500195e-05,-2.8245370922842726e-07,-3.2715347903418336e-08,-1.0643809655737176e-05,0.9999999999433142
2026-09-30T01:48:36.658 0.010336863171071693,-8.235321132185405e-07,-1.6239387939035725e-05,-3.2861157687812036e-07,6.74929854162136e-09,-8.645209799863713e-06,0.9999999999625762
2026-09-30T01:48:36.699 0.010356413440555701,-3.464488174816426e-07,-1.6285200292535095e-05,-3.668374874993661e-07,1.240957051231797e-07,-7.191467703667708e-06,0.9999999999740664
2026-09-30T01:48:36.754 0.010374056301365077,-5.25040636112236e-07,-1.6372700246210645e-05,-3.270096708989034e-07,8.42818340962569e-08,-9.83429693491631e-06,0.9999999999515863
2026-09-30T01:48:36.800 0.010391222513344383,-6.440337915227124e-07,-1.634023713901853e-05,-3.209063653155417e-07,2.4328073385457683e-08,-8.611705162823008e-06,0.9999999999628675
2026-09-30T01:48:36.851 0.01041268022632,-4.0534505024436536e-07,-1.6329460603534828e-05,-2.2153340974013176e-07,1.9555672467140223e-08,-8.082891113666228e-06,0.9999999999673087
2026-09-30T01:48:36.895 0.010431276845489591,1.3133088615296897e-07,-1.635886396407201e-05,-1.7277958974785855e-07,1.37351641936386e-08,-8.850934840634128e-06,0.9999999999608155
2026-09-30T01:48:36.946 0.010447966226159863,-4.049007860742526e-07,-1.632564685856352e-05,-1.7430545624002e-07,-1.2458253766785604e-08,-9.021400640012748e-06,0.9999999999592919
2026-09-30T01:48:36.991 0.010467993248470973,-7.622765246403563e-07,-1.6431817575917675e-05,-2.0226715961776142e-07,4.377016782271716e-08,-8.73808108123294e-06,0.9999999999618016
2026-09-30T01:48:37.057 0.010484205739454916,-8.216770475922227e-07,-1.6427648903467852e-05,-3.384372271445958e-07,2.8518864884266757e-08,-8.991767336529153e-06,0.9999999999595164
2026-09-30T01:48:37.102 0.010501848570700426,-5.23431710791433e-07,-1.6530050077705552e-05,-2.8434657504832005e-07,2.2465635866068938e-08,-8.899818758532773e-06,0.9999999999603559
2026-09-30T01:48:37.155 0.010522352586240994,-2.2515033432053418e-07,-1.6532666834395977e-05,-4.414919555032751e-07,1.4781240281592676e-08,-8.589071143890667e-06,0.9999999999630164
2026-09-30T01:48:37.193 0.010540472426475291,-5.229454226667201e-07,-1.6531513843235714e-05,-2.817935657178517e-07,-1.3390237998287813e-08,-8.92122418598039e-06,0.9999999999601661
2026-09-30T01:48:37.248 0.010559545979450061,-2.2468205099419417e-07,-1.6502066524574907e-05,-3.4218990363325807e-07,2.6190585765337155e-08,-8.438341765949997e-06,0.9999999999643383
2026-09-30T01:48:37.290 0.010578619160712906,-3.4365123645940184e-07,-1.671103741875989e-05,-4.4875807169562665e-07,6.542168191584746e-08,-8.930356440865016e-06,0.9999999999600215
2026-09-30T01:48:37.344 0.010594354866007558,-7.010809812187978e-07,-1.6676312482355866e-05,-3.491664793773357e-07,2.4677118987550305e-08,-8.722592866086692e-06,0.9999999999618969
2026-09-30T01:48:37.383 0.010614858883049015,-5.220088942892301e-07,-1.6678929219547792e-05,-2.341543407063484e-07,4.062668872651402e-08,-8.726021800682291e-06,0.9999999999619
2026-09-30T01:48:37.440 0.010633932436023785,-2.2374552261670413e-07,-1.664948190088698e-05,-2.9445217997657706e-07,2.5957987639427312e-08,-8.723945797353272e-06,0.9999999999619027
2026-09-30T01:48:37.481 0.010652528928840372,-8.791624980363354e-07,-1.6768291921848134e-05,-3.1042268697812945e-07,1.1175174187312848e-07,1.999965667986868e-06,0.9999999999979456
2026-09-30T01:48:37.538 0.010672079206579265,-1.0577302947767595e-06,-1.6814104168105767e-05,-3.4206595436349633e-07,1.0092910722775241e-07,-5.0234411529509125e-06,0.9999999999873189
2026-09-30T01:48:37.574 0.0106873379956255,-6.999103139120799e-07,-1.6823328846325565e-05,-3.4448226137341444e-07,-9.95386655310696e-08,-1.755413043527881e-05,0.999999999845862
2026-09-30T01:48:37.630 0.010707365198164242,-4.0163493812932467e-07,-1.6810290530376192e-05,-1.2683261520003187e-07,9.080234137858042e-08,-5.784806967205101e-06,0.9999999999832558
2026-09-30T01:48:37.667 0.01072739231996972,-1.1762431791543193e-06,-1.685685660921297e-05,-2.631016390794619e-07,7.555210650924637e-08,4.1387835755742285e-06,0.9999999999913978
2026-09-30T01:48:37.720 0.010744558399138567,-1.0314345282119358e-07,-1.6898899409846635e-05,-3.3349483174268755e-07,1.5168633235907594e-07,-7.122809493775243e-06,0.9999999999745657
2026-09-30T01:48:37.769 0.010764108562828108,-5.797344870846565e-07,-1.7019217320198818e-05,-2.9495452490483535e-07,6.87992840833139e-08,-4.635767245184944e-06,0.999999999989209
2026-09-30T01:48:37.810 0.01078222851561087,-4.602970483664724e-07,-1.69435586844425e-05,-1.7917817119952047e-07,8.45153181785159e-08,-1.1326649375190254e-05,0.9999999999358339
2026-09-30T01:48:37.854 0.010798917843907402,-5.792962126669187e-07,-1.694014393231507e-05,-1.7783849145743023e-07,-2.3983450304641423e-08,-9.66451425306563e-06,0.9999999999532825
2026-09-30T01:48:37.907 0.010818944930145458,-4.0023014009520535e-07,-1.7001611309707992e-05,-2.501723312274815e-07,7.531825568837225e-08,-6.89079365518866e-06,0.9999999999762244
2026-09-30T01:48:37.949 0.010838972018634848,-3.9997800183548885e-07,-1.706307865785317e-05,-2.8959290788666027e-07,9.953179336909408e-08,1.2620935737180136e-06,0.9999999999991567
2026-09-30T01:48:38.002 0.010856138087000934,-3.4015723933762107e-07,-1.7120022435317756e-05,-2.849737606286674e-07,1.6309583455099337e-07,-4.647358175805798e-06,0.9999999999891471
2026-09-30T01:48:38.042 0.010876165350918742,-1.1743701087296284e-06,-1.707718164899633e-05,-2.4473341004666885e-07,9.219848008584406e-08,-5.014212540040661e-06,0.9999999999873946
2026-09-30T01:48:38.096 0.010892377739406543,-5.781195501399416e-07,-1.7132617654060884e-05,-2.1681805275352994e-07,4.877562740041959e-08,-2.117358588076519e-06,0.9999999999977337
2026-09-30T01:48:38.139 0.010910020763637236,-6.375020600916086e-07,-1.711580962925782e-05,-1.9187224045932046e-07,-1.6996854813820037e-07,-1.4497651286843094e-05,0.9999999998948762
2026-09-30T01:48:38.191 0.01092909420031132,-4.584479916301246e-07,-1.7160868003939302e-05,-2.4317618981815207e-07,3.3874632614787735e-08,-7.770987898293758e-06,0.9999999999697757
2026-09-30T01:48:38.232 0.010947690829236684,-6.966324372514435e-07,-1.719027123773625e-05,-2.993742527287455e-07,9.441003655905876e-08,-6.09681922389941e-06,0.9999999999813651
2026-09-30T01:48:38.286 0.010967717894916204,-7.559849464963347e-07,-1.7266639718700332e-05,-1.9159854358277974e-07,1.0976135118603133e-07,-2.3533245333487544e-07,0.9999999999999479
2026-09-30T01:48:38.328 0.010986791327087622,-2.1930300941085693e-07,-1.7311698151877314e-05,-1.549133812636744e-07,8.533049396052856e-08,-4.78805473704753e-06,0.9999999999885216
2026-09-30T01:48:38.380 0.011002526960950887,-5.171281176014136e-07,-1.7321676652927014e-05,-2.684813147355012e-07,-6.275078035718212e-08,-1.5358917047703445e-05,0.9999999998820138
2026-09-30T01:48:38.421 0.011022077377049891,-4.5727731885552243e-07,-1.7278082082772684e-05,-1.93341073233133e-07,2.3863308735984032e-08,-6.879094675594778e-06,0.99999999997632
2026-09-30T01:48:38.486 0.011042581284544661,-9.338563380729874e-07,-1.7355204425563668e-05,-1.7525987175101473e-07,5.005709082924193e-08,3.6216990291627635e-06,0.999999999993425
2026-09-30T01:48:38.523 0.011060224204778318,-2.1837847694176978e-07,-1.739800109777348e-05,-2.1894114711053868e-07,9.103471607847078e-08,-7.433526013049264e-06,0.9999999999723432
2026-09-30T01:48:38.577 0.011078820810893814,-5.161675700676965e-07,-1.744230546438933e-05,-3.1647066704135957e-07,-1.3225098244236978e-07,-1.6001323010709575e-05,0.99999999987192
2026-09-30T01:48:38.615 0.011095510039695979,-2.17934231909252e-07,-1.7498495350779276e-05,-2.8015521340116083e-07,1.0290883918590259e-07,-4.7554280041083005e-06,0.9999999999886484
2026-09-30T01:48:38.667 0.01111506029612589,-5.75315965695615e-07,-1.755920871035732e-05,-3.2973000879939476e-07,1.6367665071187144e-07,3.523540453017672e-06,0.9999999999937246
2026-09-30T01:48:38.713 0.011136041243970751,-3.962378644081931e-07,-1.750297480734825e-05,-2.730543206648433e-07,1.4388689761566984e-07,-6.951435260462224e-06,0.9999999999757911
2026-09-30T01:48:38.765 0.011154161058393399,-5.152190211763243e-07,-1.7516722988003893e-05,-3.583310535906762e-07,1.2979963533549073e-07,-3.7971613743787894e-06,0.9999999999927182
2026-09-30T01:48:39.685 0.011172757617388264,-8.130081197701353e-07,-1.7590829639756067e-05,-2.7235473053795833e-07,5.12128866725336e-08,-5.555803948503578e-07,0.9999999999998073
2026-09-30T01:48:39.741 0.011190400517063385,-3.359488404555225e-07,-1.7648527415537036e-05,-2.2564393808670586e-07,7.61331618336065e-08,-4.728662150562746e-06,0.9999999999887915
2026-09-30T01:48:40.963 0.011206613010298662,-5.741632977193857e-07,-1.7644358713839468e-05,-3.311700621113824e-07,-9.034152425430038e-08,-1.4850884178851095e-05,0.9999999998896667
2026-09-30T01:48:41.016 0.011226640193779754,-6.335157932945664e-07,-1.7646221481962758e-05,-3.3497796074954307e-07,3.9345585919694786e-08,-7.265102027860461e-06,0.9999999999735523
2026-09-30T01:48:41.059 0.011244283192949242,-5.736890164388443e-07,-1.764431461922635e-05,-3.127403746371694e-07,4.679626153321542e-08,-7.701473920717475e-06,0.9999999999702937
2026-09-30T01:48:41.111 0.011262402808383153,1.4179483171080615e-07,-1.777727207691675e-05,-4.860121228366973e-07,7.684575524612902e-07,4.160769703787682e-05,0.9999999991339864
2026-09-30T01:48:41.151 0.011281953048303294,1.0957152828790871e-06,-1.7837985650978274e-05,-4.0821700568623663e-07,5.487910113376928e-07,0.00014636682072316373,0.9999999892881429
2026-09-30T01:48:41.209 0.011303410843513063,2.2880783514238533e-06,-1.776760470120992e-05,-2.925696753897987e-07,-5.858887152423101e-07,0.00024631766635982644,0.9999999696635887
2026-09-30T01:48:41.262 0.011324391616679946,3.2420168155923333e-06,-1.78156789229182e-05,-1.3095162822603524e-06,6.405766482016814e-07,0.0004245327027864592,0.9999999098849255
2026-09-30T01:48:41.306 0.011342988041206118,8.010622514303274e-06,-1.7934489831061025e-05,1.1592935891431551e-06,5.526339223700293e-07,0.0007860929291564688,0.999999691028081
2026-09-30T01:48:41.348 0.011356340038945117,9.202883573883543e-06,-1.7583071503847945e-05,-6.376551826123787e-06,7.2649346120254375e-09,0.0013050939170303562,0.999999148344241
2026-09-30T01:48:41.403 0.011372552847609012,1.3852250031557337e-05,-1.734048532049826e-05,-2.0810974746748184e-07,-5.592473879730675e-07,0.0021238622276159983,0.9999977446018976
2026-09-30T01:48:41.443 0.01138161268707157,1.0752922557566582e-05,-1.741441405517109e-05,3.3223646123988116e-06,-6.10005976504184e-08,0.0031798927027340954,0.9999949441228977
2026-09-30T01:48:41.496 0.011404976979311593,1.015717019552386e-05,-1.7898390808233696e-05,6.413009023412297e-06,8.988556045342627e-07,0.0045486337884229665,0.9999896548908515
2026-09-30T01:48:41.537 0.011427865266651028,1.0872714113435618e-05,-1.784517271325443e-05,9.365066473144063e-06,2.9707014688404816e-06,0.006259071031699425,0.999980411774796
2026-09-30T01:48:41.589 0.011460767023051554,1.1946011960899399e-05,-1.786739177854772e-05,1.2255466538516267e-05,5.543037026111828e-06,0.008320859151529617,0.9999653809617904
2026-09-30T01:48:41.632 0.011503205165841654,1.4211522733943018e-05,-1.8113305636213008e-05,1.5559845888652226e-05,5.128486685922461e-06,0.010733226623263026,0.9999423971298764
2026-09-30T01:48:41.685 0.011558041119422205,1.7311654630952013e-05,-1.833411838452593e-05,1.92983396585499e-05,8.019097595985652e-06,0.013504926917286181,0.9999088040977672
2026-09-30T01:48:41.729 0.011625275339990622,2.2438500602018535e-05,-1.8231807367108297e-05,2.4270388733179974e-05,9.143935735951044e-06,0.01664965355324413,0.9998613845748288
2026-09-30T01:48:41.781 0.011707291146130415,2.89960441153905e-05,-1.8361484411847693e-05,2.9930921244119123e-05,1.045907993352791e-05,0.020162958010914393,0.999796706395354
2026-09-30T01:48:41.820 0.011806950141719652,3.734194912857297e-05,-1.8355144593465476e-05,3.593695083031413e-05,1.4128899246998253e-05,0.024020421254945953,0.9997114673102658
2026-09-30T01:48:41.878 0.011919960912952731,4.5807231568124306e-05,-1.8146397698065278e-05,4.261172394981682e-05,1.8043509819293034e-05,0.028144698517243348,0.9996038584379545
2026-09-30T01:48:41.917 0.012045369529042796,5.4272670107585637e-05,-1.789764841425507e-05,5.0035078111630646e-05,2.0281010527946436e-05,0.03245807828736078,0.9994730963057801
2026-09-30T01:48:41.980 0.012178883486999314,6.524160568716846e-05,-1.8198157483584917e-05,5.676921174693926e-05,2.212854641781626e-05,0.036919056361215376,0.9993182573960017
2026-09-30T01:48:42.020 0.012325272424700712,7.871409848872653e-05,-1.8250802508090633e-05,6.361629456816184e-05,2.3259199141244028e-05,0.041498185533486935,0.9991385769798927
2026-09-30T01:48:42.071 0.012485966115460113,9.51670035959392e-05,-1.851978077559405e-05,7.088474672955533e-05,2.270870227546004e-05,0.04617889173323058,0.9989331831598939
2026-09-30T01:48:42.113 0.012657627271791842,0.00011436186047138381,-1.8642187314960894e-05,7.834812262671732e-05,2.1194945566337032e-05,0.05094973476390266,0.9987012155493924
2026-09-30T01:48:42.167 0.01284073208362333,0.00013713314007145536,-1.902110704209257e-05,8.622035446921045e-05,1.8373701550616596e-05,0.05580439263077742,0.9984417168726313
2026-09-30T01:48:42.214 0.013032897132580145,0.00016264634743974021,-1.9175933607960314e-05,9.421363404215739e-05,1.4496909242285597e-05,0.060737586817538124,0.9981537639368059
2026-09-30T01:48:42.269 0.01323078436223766,0.00019185511484674293,-1.9220598798595905e-05,0.00010250222533613714,1.0118112789468317e-05,0.06574492133678535,0.9978364568952858
2026-09-30T01:48:42.306 0.013434869772993801,0.000223805773881133,-1.9692297520536718e-05,0.00011087529430718234,5.485722850166975e-06,0.07082071155573831,0.997489054822816
2026-09-30T01:48:42.359 0.01364324697556756,0.00025921355637856166,-1.997706732519267e-05,0.00011909123817955619,7.821409073653017e-07,0.07596217114191874,0.9971106931389669
2026-09-30T01:48:42.400 0.013854008301370407,0.00029748239183935877,-2.0280508390738933e-05,0.00012783941644084503,-3.7569296896311158e-06,0.08116429275455754,0.9967007280144936
2026-09-30T01:48:42.458 0.014068107517767882,0.00033861229228130427,-2.0544524007046154e-05,0.00013663617366166064,-8.17131231574548e-06,0.08642285229157104,0.9962585366588208
2026-09-30T01:48:42.502 0.014280299284216301,0.00038236477307126884,-2.0850227759738256e-05,0.0001452601889164698,-1.2806752154439588e-05,0.09173319331043307,0.9957836110222619
2026-09-30T01:48:42.556 0.014492967783526375,0.00042873986422636303,-2.1201389299173433e-05,0.00015408905254714675,-1.652115110432416e-05,0.0970911357325667,0.9952754831431224
2026-09-30T01:48:42.595 0.01469514599777176,0.00047499561403029967,-2.146145864469325e-05,0.00016329402251795882,-2.1073539331262935e-05,0.10249455600282062,0.9947335517015362
2026-09-30T01:48:42.653 0.014881588502673725,0.0005200590728122245,-2.1771153815704774e-05,0.0001723635024995355,-2.4159628470313385e-05,0.10794289572708422,0.9941570806312185
2026-09-30T01:48:42.709 0.01504943443523018,0.0005627381116725953,-2.2036544181384237e-05,0.0001815972242363777,-2.717617186805395e-05,0.1134310882707454,0.9935458492176484
2026-09-30T01:48:42.753 0.015199637615930855,0.0006025559054764945,-2.2169730668471965e-05,0.00019091581275094085,-2.95009444937852e-05,0.1189549688192262,0.9928996314200462
2026-09-30T01:48:42.796 0.015332197663308046,0.0006398700820488031,-2.2409131616554005e-05,0.0002002101609850182,-3.219419031198557e-05,0.12450903892883153,0.9922184528139175
2026-09-30T01:48:42.852 0.015447591823454579,0.0006739653917021722,-2.2502181415052294e-05,0.00020960975369818045,-3.47763385943274e-05,0.13008830660707332,0.9915023889726446
2026-09-30T01:48:42.889 0.015542481860922537,0.0007031728623125917,-2.2696921704145096e-05,0.00021892315328137215,-3.6449796558559926e-05,0.1356877801158105,0.9907516222905258
2026-09-30T01:48:42.945 0.015607331494069815,0.000725465815938628,-2.2710052984698285e-05,0.00022841979120864135,-3.81178777230429e-05,0.1413062671472707,0.9899659010472687
2026-09-30T01:48:42.988 0.015642140686735896,0.0007381024389126287,-2.2586278235950867e-05,0.00023782683713309216,-3.9083669666031176e-05,0.14693752433186313,0.9891457455067405
2026-09-30T01:48:43.041 0.01565072347127523,0.0007429901278208153,-2.2733960059792235e-05,0.0002470631770290896,-4.0551779428355095e-05,0.15257875031544557,0.9882912841199788
2026-09-30T01:48:43.085 0.015636895223434078,0.0007401289307698489,-2.2726996762318895e-05,0.0002568163864525118,-4.231875785636827e-05,0.15822484835921904,0.9874030735298369
2026-09-30T01:48:43.139 0.015601132825394326,0.0007296380630581608,-2.2536340007964657e-05,0.00026620312928660894,-4.3237447374018805e-05,0.16387270481990315,0.986481456430594
2026-09-30T01:48:43.177 0.015543912698637785,0.000710802274902714,-2.2430964176037042e-05,0.0002755076989810831,-4.450279482478029e-05,0.16951798323750444,0.9855270546636953
2026-09-30T01:48:43.232 0.015463804171557596,0.0006833831296950224,-2.2512915435301243e-05,0.0002849322000896552,-4.53283598723851e-05,0.17515783733236814,0.9845403235927053
2026-09-30T01:48:43.269 0.015364622687579202,0.000647619094129031,-2.231138870314629e-05,0.0002942393623928601,-4.6435342971725095e-05,0.18078863141184792,0.9835219275741581
2026-09-30T01:48:43.327 0.015253043464852992,0.0006052983915410903,-2.213496214441578e-05,0.00030363007722738035,-4.710826210530813e-05,0.18640890500491697,0.9824722009932167
2026-09-30T01:48:43.368 0.015130020400553189,0.0005554673596463194,-2.185103318015158e-05,0.00031297480876698534,-4.803196617769134e-05,0.19201615482176532,0.9813917138569915
2026-09-30T01:48:43.431 0.01499412274743543,0.000500152538332049,-2.1591450634726678e-05,0.00032234337908263524,-4.848467500020444e-05,0.1976105745228087,0.9802805489148235
2026-09-30T01:48:43.470 0.014848211470701403,0.0004380426614256554,-2.1405441301791902e-05,0.0003316092544434551,-4.9404792636463846e-05,0.2031896906185886,0.9791393349369594
2026-09-30T01:48:43.527 0.01469562443783932,0.0003700914452701575,-2.128338170526855e-05,0.0003408631264705573,-4.968418728699604e-05,0.20875335402684037,0.9779682604902652
2026-09-30T01:48:43.586 0.014536362202289628,0.00029725256424750085,-2.0867644579508802e-05,0.00035022014028873125,-5.0836688074558165e-05,0.21430159445994187,0.97676747559151
2026-09-30T01:48:43.634 0.014368039575652516,0.00021892994177530873,-2.0795209307092803e-05,0.00035921151121568265,-5.088687349331188e-05,0.21983402485952674,0.9755372211718409
2026-09-30T01:48:43.675 0.014193995432960078,0.00013464678283692987,-2.0430604190097193e-05,0.00036813241274765335,-5.122573806842086e-05,0.22534995954072592,0.9742778133517378
2026-09-30T01:48:43.728 0.014015659704943196,4.5475988982887955e-05,-2.0133718615859197e-05,0.00037745365108128956,-5.206894029542185e-05,0.2308497259575713,0.9729893415875022
2026-09-30T01:48:43.768 0.013833509368025007,-4.8463224477449954e-05,-1.981589967854e-05,0.0003866087841123687,-5.222639523878715e-05,0.23633409941820435,0.9716717765059547
2026-09-30T01:48:43.819 0.013648974710093341,-0.00014639597917640444,-1.9613519578208183e-05,0.0003954532275339098,-5.206424284778376e-05,0.2418032737527055,0.9703252123430235
2026-09-30T01:48:43.860 0.01346253319558395,-0.00024766661794425963,-1.9125001502836844e-05,0.00040471054701273607,-5.289182797636166e-05,0.24725754641286796,0.9689497093005994
2026-09-30T01:48:43.914 0.013276568022277002,-0.00035263273874735465,-1.897996303215135e-05,0.000413408453124647,-5.291616697981163e-05,0.25269770792848595,0.9675451900045908
2026-09-30T01:48:43.954 0.013085357960278462,-0.00046004271599088266,-1.8647817220140703e-05,0.0004228911833112034,-5.332927605571754e-05,0.2581248152186681,0.9661114832602725
2026-09-30T01:48:44.013 0.012896055436170136,-0.0005714461804039533,-1.822927961980797e-05,0.000431779229641614,-5.309807142885135e-05,0.26353740906272866,0.9646490785626635
2026-09-30T01:48:44.049 0.012705798780192238,-0.0006857106798302727,-1.8122157685299338e-05,0.0004403980101774812,-5.390962996347579e-05,0.2689363832726494,0.9631578400737706
2026-09-30T01:48:44.103 0.01251697291077834,-0.0008032534166813732,-1.7868285579115334e-05,0.00044929724323972397,-5.3841515523818304e-05,0.27432117117099547,0.9616380245604121
2026-09-30T01:48:44.151 0.012326716740876415,-0.0009243128455650715,-1.75078431095336e-05,0.00045824854295566537,-5.3548708434309035e-05,0.2796931140414901,0.9600893443313402
2026-09-30T01:48:44.198 0.01213693732725727,-0.0010483525006975507,-1.722265979540185e-05,0.0004671437471289834,-5.416074905118484e-05,0.28505286762028975,0.9585116804216746
2026-09-30T01:48:44.235 0.011947158082016,-0.0011745379230253703,-1.6848069274888172e-05,0.00047616672614009,-5.4320714162631676e-05,0.2904011470168967,0.9569048772609426
2026-09-30T01:48:44.289 0.011757378850736619,-0.0013037035775944569,-1.64883794094802e-05,0.00048491033158480114,-5.428620585678934e-05,0.29573679026482264,0.9552693404474146
2026-09-30T01:48:44.327 0.011568553089247476,-0.0014354322199091778,-1.6279208410679385e-05,0.000493501312589872,-5.466941481756359e-05,0.3010596482529628,0.9536051812262305
2026-09-30T01:48:44.385 0.011381158115823225,-0.0015705583089382206,-1.5923287220704702e-05,0.0005024287694273539,-5.443421661703729e-05,0.3063698100017834,0.9519124351124524
2026-09-30T01:48:44.426 0.011192809320565706,-0.0017088434561688245,-1.5685066794421807e-05,0.0005110094783032065,-5.449018833469536e-05,0.31166784229500255,0.9501909765827656
2026-09-30T01:48:44.480 0.011004937435256504,-0.001849214759957512,-1.5417797671850513e-05,0.0005199940529950756,-5.4303440595871275e-05,0.3169541021666945,0.9484407328752945
2026-09-30T01:48:44.524 0.010818019389198132,-0.001991553005000383,-1.5062629232288326e-05,0.0005286128158488657,-5.496343385781503e-05,0.32222978231637756,0.9466613359252884
2026-09-30T01:48:44.584 0.01063300869809712,-0.0021364542257574387,-1.4725377236363141e-05,0.0005373561701180261,-5.485930157377816e-05,0.32749243857043164,0.9448536452371846
2026-09-30T01:48:44.629 0.010448951594587912,-0.0022839184342464585,-1.4464138394204322e-05,0.0005459921863742285,-5.517936170202994e-05,0.332743203598751,0.9430173165465259
2026-09-30T01:48:44.680 0.010267278662039666,-0.0024341840310280567,-1.423647102932531e-05,0.000554357193174287,-5.47894438366771e-05,0.3379819583217684,0.9411524241775089
2026-09-30T01:48:44.722 0.010085129077066482,-0.0025878470985486015,-1.3918642323258504e-05,0.0005628994872027898,-5.467033373760954e-05,0.34320831495593956,0.9392591403337135
2026-09-30T01:48:44.774 0.009903933019056482,-0.002743000270200707,-1.370662923158086e-05,0.0005718342161843775,-5.510400302414816e-05,0.34842444889654817,0.9373366915790263
2026-09-30T01:48:44.813 0.009725598204923178,-0.0029010144287593994,-1.3379930111823829e-05,0.0005801345093862664,-5.5112369503724544e-05,0.35362842380830184,0.9353858018387032
2026-09-30T01:48:44.892 0.009545832734191899,-0.0030604591168219924,-1.3155276965847008e-05,0.0005888430885724232,-5.500252805444094e-05,0.35882095412128434,0.9334062208502952
2026-09-30T01:48:44.937 0.009368928649449649,-0.0032228243964195396,-1.2726530926632597e-05,0.000597595612547965,-5.4937252397800284e-05,0.36400084803326116,0.9313984230674051
2026-09-30T01:48:44.987 0.009195362092002337,-0.0033871565873115736,-1.2526579214716823e-05,0.0006060772409684459,-5.5298795625842754e-05,0.3691684336181721,0.9293623067632593
2026-09-30T01:48:45.028 0.009022272392880044,-0.0035532173068985357,-1.2327381150144465e-05,0.0006142013044815858,-5.524185262587972e-05,0.37432403876939646,0.9272977589234553
2026-09-30T01:48:45.084 0.008851567218123435,-0.003722079414737066,-1.1938237424329532e-05,0.0006229743848350464,-5.5343809384514735e-05,0.3794667388213918,0.9252051680401684
2026-09-30T01:48:45.122 0.008680861758845613,-0.0038926700573094874,-1.1742808269172438e-05,0.00063166401314707,-5.538071416470306e-05,0.38459838209307157,0.9230837894931005
2026-09-30T01:48:45.176 0.008513017292832457,-0.004064929593920423,-1.1581704706602525e-05,0.0006398989847740483,-5.5176300376126284e-05,0.3897173595561657,0.9209342903516164
2026-09-30T01:48:45.215 0.00834755732087067,-0.004239454076982726,-1.1245556713101437e-05,0.0006481958484218868,-5.5134070182497466e-05,0.3948233131754253,0.9187568384374379
2026-09-30T01:48:45.267 0.008182097660149538,-0.0044162435365135075,-1.0730594638310977e-05,0.0006569910427800006,-5.529239864180639e-05,0.39991642141944,0.916551374001801
2026-09-30T01:48:45.302 0.008019975145255641,-0.004594642279513893,-1.0682845230405191e-05,0.0006652808825480815,-5.538306878696017e-05,0.4049968042907256,0.9143178565730644
2026-09-30T01:48:45.364 0.00785928356158596,-0.0047747099345111154,-1.0384037916076648e-05,0.0006737682124229484,-5.5293005444718936e-05,0.41006404400221225,0.9120564800469493
2026-09-30T01:48:45.405 0.007700975902767876,-0.004956744512801466,-1.0267813641198987e-05,0.0006818755691293481,-5.5576501873254975e-05,0.415118409230755,0.9097671340923941
2026-09-30T01:48:45.460 0.007544099083934524,-0.005140686421678671,-9.96013599117421e-06,0.0006900645956148042,-5.539874660579437e-05,0.42016019763379686,0.907449684041028
2026-09-30T01:48:45.502 0.007388652664944367,-0.005327131707642381,-9.744126577304841e-06,0.0006983885537387663,-5.507110217456703e-05,0.42518788925480056,0.9051048381550334
2026-09-30T01:48:45.557 0.007234636912761853,-0.005514828673119605,-9.440971893507206e-06,0.0007066171965205609,-5.537162291805036e-05,0.43020321280604795,0.902731794785957
2026-09-30T01:48:45.609 0.007083482232029392,-0.0057047905790748475,-9.127439277099783e-06,0.0007151544214838609,-5.515525175877734e-05,0.4352047672627071,0.9003312146448464
2026-09-30T01:48:45.652 0.006933280851662298,-0.005896957844926238,-9.068733583772123e-06,0.0007231931813222552,-5.534920399341623e-05,0.4401923744494928,0.8979031948960899
2026-09-30T01:48:45.696 0.006785464076394149,-0.00609085361541239,-8.760477834415735e-06,0.0007316813116349879,-5.5058249275990055e-05,0.44516624223274315,0.895447641343382
2026-09-30T01:48:45.750 0.006641462014635584,-0.006286418267924744,-8.458253252653489e-06,0.0007399550225017682,-5.504476977451564e-05,0.450125566476898,0.8929649622692313
2026-09-30T01:48:45.789 0.006498890140223482,-0.006482578948912814,-8.366906359567893e-06,0.0007477527814408177,-5.489524141510593e-05,0.4550720759184593,0.8904542905571035
2026-09-30T01:48:45.839 0.006357272344417579,-0.006681004594351582,-8.038648675063567e-06,0.0007559661947070093,-5.468246853001082e-05,0.46000332606919053,0.8879168685919995
2026-09-30T01:48:45.883 0.006218992027285098,-0.006881277941800762,-7.9689876224927e-06,0.0007638744976242107,-5.459362045993377e-05,0.46492116523752847,0.8853517513561868
2026-09-30T01:48:45.933 0.006082142664937145,-0.007083220201244045,-7.633367520930914e-06,0.0007719532980704897,-5.4531231644372416e-05,0.46982449036478185,0.8827595082285568
2026-09-30T01:48:45.971 0.005945293043879627,-0.007287069809352796,-7.476560818211062e-06,0.000780093764225792,-5.419881310708749e-05,0.47471318232805937,0.8801402064672279
2026-09-30T01:48:46.028 0.005813212130295055,-0.007491873031705382,-7.118677264265396e-06,0.0007882911526126225,-5.420028638533979e-05,0.4795873603400939,0.8774937831468714
2026-09-30T01:48:46.121 0.005684945501631735,-0.007697987508264756,-7.035045502636225e-06,0.0007964861381996491,-5.432568904654127e-05,0.48444520651184814,0.8748212414809348
2026-09-30T01:48:46.175 0.0055581097488171145,-0.007905115245733958,-6.730158226962355e-06,0.0008043689755838342,-5.392331025636068e-05,0.4892879131774022,0.8721219456597402
2026-09-30T01:48:46.215 0.005434134797782865,-0.00811367345868446,-6.578805723417933e-06,0.0008124185375105994,-5.384334677881274e-05,0.49411539055160175,0.8693959500118758
2026-09-30T01:48:46.271 0.005311590332124288,-0.00832217204898266,-6.444616162405835e-06,0.0008198922592422236,-5.393501911471513e-05,0.4989293379482393,0.8666422794915031
2026-09-30T01:48:46.308 0.005190476457793199,-0.008533412434924576,-6.28288565800688e-06,0.0008277760949931929,-5.3453038458589643e-05,0.5037263571342147,0.8638628763049162
2026-09-30T01:48:46.379 0.005072223865454104,-0.008746798552030366,-5.9766669573832055e-06,0.0008358387818368421,-5.3361546752030335e-05,0.5085087132614364,0.8610564366307671
2026-09-30T01:48:46.430 0.004957308771596525,-0.00896173434791998,-5.914143794871072e-06,0.0008433997879813521,-5.303377496738292e-05,0.513275453196701,0.8582235111029862
2026-09-30T01:48:46.474 0.004844778210656059,-0.009178279439163018,-5.646774023533185e-06,0.0008517329869076618,-5.2682695379897485e-05,0.5180250858220393,0.8553649994210201
2026-09-30T01:48:46.517 0.004733678066661652,-0.009394943721696265,-5.441270593184355e-06,0.0008593603572362459,-5.274174074729117e-05,0.5227605925277939,0.8524791033322019
2026-09-30T01:48:46.570 0.004624961856070274,-0.009612382834624494,-5.403449254703231e-06,0.0008669121169406618,-5.242130526849992e-05,0.5274789925938829,0.8495676300845807
2026-09-30T01:48:46.610 0.00451815335638885,-0.009830715993169585,-5.145126351747546e-06,0.000874564570784453,-5.224172399894487e-05,0.5321812991563784,0.846629964763735
2026-09-30T01:48:46.666 0.004413252008173383,-0.010050420034555321,-5.023929227959118e-06,0.0008821127482598544,-5.2005366905349304e-05,0.536867571981702,0.8436660650559634
2026-09-30T01:48:46.709 0.0043116886644627,-0.010272567824339027,-4.8335035021121605e-06,0.0008899750802409862,-5.155064906607491e-05,0.5415359630019136,0.8406771116561205
2026-09-30T01:48:46.758 0.004212986265395166,-0.010496265298877176,-4.707205673487197e-06,0.0008972124730054532,-5.1456255454547615e-05,0.5461884399054832,0.8376618533009883
2026-09-30T01:48:46.797 0.004115714478510206,-0.010720618406486599,-4.523564957562777e-06,0.0009052881409457185,-5.095866253388752e-05,0.5508238690515718,0.8346210176718853
2026-09-30T01:48:46.854 0.0040217804645756505,-0.010945865541754562,-4.4048061761737325e-06,0.0009123993187417652,-5.093783003427245e-05,0.5554417154257569,0.8315549685364843
2026-09-30T01:48:46.896 0.003928800127517604,-0.011171410688239536,-4.28755520618172e-06,0.000919892887501814,-5.03470494927567e-05,0.5600432296558556,0.8284628731445295
2026-09-30T01:48:46.953 0.0038420188797650364,-0.011398982314580352,-4.060895855101282e-06,0.0009274885955616511,-5.020188328072476e-05,0.5646268026444063,0.8253458129658324
2026-09-30T01:48:46.990 0.003757144764717322,-0.011626434707642545,-3.9713625269193285e-06,0.0009350461737442156,-5.0080827629686994e-05,0.5691942822388772,0.8222025250795165
2026-09-30T01:48:47.046 0.003673701255552081,-0.011855913640608473,-3.839387229773349e-06,0.0009423435726920796,-4.9559975650894104e-05,0.5737431056253453,0.8190347723264159
2026-09-30T01:48:47.099 0.003593118960996215,-0.012085928979334934,-3.592726284768692e-06,0.0009501205831723475,-4.9388388578585984e-05,0.5782744643071474,0.8158417363447069
2026-09-30T01:48:47.137 0.003512536245356461,-0.012316182736689687,-3.6142858669938975e-06,0.0009567396917752508,-4.935574947707886e-05,0.5827880615568046,0.8126236259917836
2026-09-30T01:48:47.180 0.0034367223905586446,-0.012548343782588203,-3.3453615865963514e-06,0.0009643331948913537,-4.8869658534793885e-05,0.5872829420182933,0.8093811300540578
2026-09-30T01:48:47.235 0.0033637692189891835,-0.012781875699336918,-3.304477800918294e-06,0.0009715062856290587,-4.856985368161474e-05,0.5917608949261006,0.8061129555172567
2026-09-30T01:48:47.277 0.0032922466756581687,-0.01301546720270647,-3.1913500828651116e-06,0.0009786821852480541,-4.8263275229169766e-05,0.5962207278577438,0.8028199571040937
2026-09-30T01:48:47.329 0.0032212011084537502,-0.013250787234757278,-3.0044702993145505e-06,0.000986124156677121,-4.781849203011454e-05,0.6006619041656301,0.799502534177759
2026-09-30T01:48:47.375 0.003156831215754482,-0.013486882043147665,-2.857947695163022e-06,0.0009932434851460245,-4.748943191489706e-05,0.6050835302495656,0.7961613734870941
2026-09-30T01:48:47.422 0.003093891597138497,-0.013722976833555126,-2.8626983069080004e-06,0.0010007393050515104,-4.7114970004801494e-05,0.6094876321057473,0.7927949436084669
2026-09-30T01:48:47.464 0.0030352434436548546,-0.013959608011742923,-2.9189376292589686e-06,0.001007454585666808,-4.707980015073911e-05,0.6138723629131995,0.7894046521715686
2026-09-30T01:48:47.522 0.002975642089754108,-0.014196358411172429,-2.6756462206049816e-06,0.0010144261535597453,-4.671865157232902e-05,0.6182395695877071,0.7859890605809684
2026-09-30T01:48:47.561 0.0029222392810202705,-0.014434956476586346,-2.665672739177969e-06,0.0010215156126308763,-4.6368396778569995e-05,0.6225855567678481,0.7825510710873084
2026-09-30T01:48:47.617 0.0028688366615193953,-0.014673614146623163,-2.5364901074564372e-06,0.0010286767576877204,-4.6145632546404266e-05,0.6269143775871087,0.7790874808834223
2026-09-30T01:48:47.654 0.002817341516574884,-0.014913106257659412,-2.3358173466911816e-06,0.0010359347176362864,-4.5587323694343006e-05,0.631222753785542,0.7756009024391692
2026-09-30T01:48:47.717 0.00277156798478954,-0.015152479087414263,-2.4124123325109563e-06,0.0010425540439145062,-4.541664866628145e-05,0.63551277209723,0.7720896499239501
2026-09-30T01:48:47.772 0.0027277019884857307,-0.015391911497778328,-2.37281388832277e-06,0.0010494531099892463,-4.5285642827072325e-05,0.6397827628740902,0.768555081257405
2026-09-30T01:48:47.842 0.0026847897973662194,-0.015632476384372516,-2.2602174062013345e-06,0.001056514193535903,-4.4836572002287166e-05,0.6440329646266254,0.7649970079952474
2026-09-30T01:48:47.886 0.002645692259127666,-0.015873637269392508,-2.1834545522968417e-06,0.0010631230963106296,-4.478021918039556e-05,0.648263973883909,0.7614149249445119
2026-09-30T01:48:47.937 0.002609455590348652,-0.016115990211306518,-2.215523081814316e-06,0.001070160653214703,-4.4270926090032224e-05,0.6524743594452266,0.7578100441817875
2026-09-30T01:48:47.979 0.002576080264783351,-0.016357866280003554,-2.0434992738013963e-06,0.001077002470401925,-4.4157498928968775e-05,0.6566650158694397,0.7541816061460147
2026-09-30T01:48:48.029 0.0025455658209812414,-0.016600040335920312,-1.965405852881021e-06,0.0010836562862473577,-4.400725658969297e-05,0.6608357047329907,0.750529809602834
2026-09-30T01:48:48.076 0.0025179123356268217,-0.01684298921620676,-1.93653931335472e-06,0.0010908260613185863,-4.3412245913567637e-05,0.6649855314143311,0.7468554419855831
2026-09-30T01:48:48.131 0.0024897820866425346,-0.01708611691642274,-1.8622153868045562e-06,0.0010977350921005332,-4.296732194576542e-05,0.6691159270314483,0.7431572305537519
2026-09-30T01:48:48.172 0.0024683272996666693,-0.01732811204436751,-1.9474580921746667e-06,0.001104154814707032,-4.307394366401933e-05,0.6732254016568229,0.7394365000125366
2026-09-30T01:48:48.222 0.0024492570238450373,-0.01756998793296735,-1.8278544714472495e-06,0.001110939359361449,-4.2747253458385806e-05,0.6773137161979146,0.7356934781799979
2026-09-30T01:48:48.259 0.0024311400980572833,-0.01781240025140156,-1.918374619074092e-06,0.0011173298712458023,-4.2744295426151386e-05,0.6813818845281264,0.7319272348968735
2026-09-30T01:48:48.312 0.002415884607927065,-0.01805606423130894,-1.7600987187378416e-06,0.0011240621962436705,-4.2323373993559234e-05,0.6854289523965594,0.7281386447026873
2026-09-30T01:48:48.350 0.002402536276313347,-0.018299787791869276,-1.72404766948417e-06,0.0011306845795387597,-4.217457003902682e-05,0.6894552181819626,0.7243274272698429
2026-09-30T01:48:48.400 0.00239347911885331,-0.018543392089150283,-1.9182991488961335e-06,0.0011370038247592957,-4.217799832356122e-05,0.6934602052025758,0.7204940313727245
2026-09-30T01:48:48.438 0.002386329945271231,-0.018787115571633324,-1.713235479755869e-06,0.0011438307252438881,-4.162537525559941e-05,0.6974430783571868,0.7166392693470343
2026-09-30T01:48:48.494 0.0023815646998390713,-0.019031196651997952,-1.6758539707280545e-06,0.0011504387885270494,-4.140401966658641e-05,0.7014054475363021,0.7127615821175416
2026-09-30T01:48:48.544 0.0023810906453669107,-0.019274622027277578,-1.853873935540959e-06,0.0011566601232461525,-4.133351731218293e-05,0.7053007023175947,0.7089073139270093
2026-09-30T01:48:48.592 0.002381570408225351,-0.019514530716487025,-1.9141931951575695e-06,0.0011626134905264448,-4.0745496086980364e-05,0.7090656620733113,0.7051414989477027
2026-09-30T01:48:48.633 0.0023863416774724086,-0.01974889611969653,-1.9514964469627845e-06,0.001168008265864212,-3.981485824387874e-05,0.7126561602822852,0.701512531166178
2026-09-30T01:48:48.684 0.0023915896531582297,-0.019974797657347908,-2.0044561558011715e-06,0.0011729422311394888,-3.888278105123622e-05,0.7160783957425897,0.698018877857448
2026-09-30T01:48:48.724 0.0023987445873066724,-0.020192354520750515,-2.239246660638898e-06,0.0011774616505971559,-3.863232934170211e-05,0.7193294478367478,0.6946680916570763
2026-09-30T01:48:48.778 0.0024073299626937807,-0.02040073225084271,-2.446498171939588e-06,0.0011817180975516356,-3.773811297160817e-05,0.7223776070007006,0.6914977910464459
2026-09-30T01:48:48.820 0.002415915314502422,-0.02059975205169497,-2.594146643599753e-06,0.0011855042342126987,-3.6970314000470516e-05,0.7252052305677014,0.6885317471040486
2026-09-30T01:48:48.874 0.00242688449149279,-0.020787208521469216,-2.879676940085871e-06,0.0011888468828243728,-3.624294370834859e-05,0.7278193518536855,0.6857678735525743
2026-09-30T01:48:48.911 0.0024369001916242244,-0.020964055376442855,-2.9550851158408286e-06,0.0011925214765925072,-3.5377998854814795e-05,0.730221877612881,0.6832090354323804
2026-09-30T01:48:48.969 0.00244977668810742,-0.021128802452515714,-3.079722278827669e-06,0.0011956731825657281,-3.4477477602880634e-05,0.7323973710464623,0.6808763911762361
2026-09-30T01:48:49.005 0.0024636072170384346,-0.021327702978043525,-3.2505651433425246e-06,0.0011980593592697962,-3.431801193850451e-05,0.7343232423611548,0.6787988945219686
2026-09-30T01:48:49.057 0.002474575838560961,-0.021476654847304124,-3.5808051655480452e-06,0.0011993122748382972,-3.3890292095804415e-05,0.7360120087694312,0.6769674168294234
2026-09-30T01:48:49.097 0.002486500031716446,-0.021639792609813715,-2.8247673200999614e-06,0.0012035794986418955,-3.2244338919329726e-05,0.7374464413867842,0.6754045428057627
2026-09-30T01:48:49.149 0.002497467851244174,-0.021766213923411153,-3.4828361640211384e-06,0.0012036348935794056,-3.203614150242339e-05,0.7386350097519367,0.6741044967996319
2026-09-30T01:48:49.190 0.002507482708051927,-0.021889178179531243,-3.6625611510744018e-06,0.0012049353484739297,-3.2376858137776235e-05,0.7395653714886231,0.6730836562994529
2026-09-30T01:48:49.255 0.002519405088315957,-0.022001890412701553,-3.6515886818990067e-06,0.0012055542482299363,-3.1534921834908144e-05,0.7402508794866149,0.6723296669520068
2026-09-30T01:48:49.295 0.002526558397892092,-0.022084800383559026,-3.841697782585994e-06,0.001206378202517677,-3.139211113288151e-05,0.740692903953276,0.6718426643935549
2026-09-30T01:48:49.342 0.0025327581238525753,-0.022126165928947103,-3.6428761115842017e-06,0.0012063808380386415,-3.1661996156325865e-05,0.7409491426201428,0.6715600581431768
2026-09-30T01:48:49.383 0.0025356193776968497,-0.02216163065658972,-3.7815041743242474e-06,0.00120630609524169,-3.200090741175596e-05,0.741090523958671,0.6714040356597575
2026-09-30T01:48:49.430 0.002540864712745339,-0.022190896471161813,-3.9388040439125576e-06,0.00120658760382074,-3.187501942780763e-05,0.7411565056399765,0.671331197903
2026-09-30T01:48:49.475 0.002538957476218956,-0.022203353865938042,-3.965588571169255e-06,0.0012065625389250348,-3.1807092577974606e-05,0.7411833275719008,0.6713015850752871
2026-09-30T01:48:49.525 0.0025427723710031614,-0.022202578957504042,-3.837509855369178e-06,0.0012057279922246759,-3.2877467928125274e-05,0.7411870832994466,0.6712974398052923
2026-09-30T01:48:49.562 0.002539434574788988,-0.022199837185857607,-3.772628223060526e-06,0.0012064947252685236,-3.217482424342944e-05,0.7411815394980693,0.6713035593846727
2026-09-30T01:48:49.620 0.002541341764212894,-0.022196737720329516,-3.850150163148832e-06,0.0012062679039696056,-3.227738533954031e-05,0.7411650889046313,0.6713217223246277
2026-09-30T01:48:49.655 0.0025418184630080195,-0.02219328064494033,-3.9105092289495545e-06,0.0012063700631742091,-3.200525040268021e-05,0.7411464326938572,0.6713423187555695
2026-09-30T01:48:49.710 0.002539434481576568,-0.022188691117280026,-3.7428277610337917e-06,0.0012067667693089416,-3.177729570679802e-05,0.7411261073312456,0.6713647561022272
2026-09-30T01:48:49.746 0.002540864769307043,-0.022184161146286324,-3.849398290168755e-06,0.0012065238180116048,-3.1873898126660145e-05,0.7411044115766086,0.6713887059118735
2026-09-30T01:48:49.800 0.0025403877350997023,-0.02217969080394835,-3.938051946699751e-06,0.0012062649567378442,-3.183871591678133e-05,0.7410843847535067,0.6714108120857653
2026-09-30T01:48:49.837 0.002538957099949908,-0.022175339682898563,-3.980494295884494e-06,0.0012059262997129005,-3.2185925448852884e-05,0.7410659673082438,0.6714311407756738
2026-09-30T01:48:49.888 0.002537526606162002,-0.022170988561832368,-3.933529789660284e-06,0.0012061684909323257,-3.2078181613815e-05,0.741048979905722,0.6714498890529736
2026-09-30T01:48:49.939 0.002537526542828149,-0.02216782951566226,-3.948431448938646e-06,0.0012060602172692001,-3.193275999382862e-05,0.7410331848652406,0.6714673211166193
2026-09-30T01:48:49.976 0.0025389570363013557,-0.022164670451476413,-3.9357926132956084e-06,0.0012057667681471698,-3.224613591017586e-05,0.7410182840349262,0.6714837658593251
2026-09-30T01:48:50.014 0.0025384803013275632,-0.022161511411290583,-3.8456323445252185e-06,0.0012060696204345385,-3.227064501983233e-05,0.7410040979841627,0.6714994200484119
2026-09-30T01:48:50.069 0.002537050102270539,-0.022158113964507915,-3.6198539714951173e-06,0.0012064962940762456,-3.195915483710482e-05,0.7409908655034678,0.6715140211385958
2026-09-30T01:48:50.106 0.0025375266040317144,-0.022155848982038748,-3.8143231254242873e-06,0.0012057832008525655,-3.2416454198113686e-05,0.7409774551111404,0.6715288199720574
2026-09-30T01:48:50.158 0.002537526897104359,-0.02215292835440671,-3.6057076071832698e-06,0.001206203683941428,-3.225287276848145e-05,0.7409652955118341,0.6715422361099006
2026-09-30T01:48:50.201 0.002533711794622637,-0.02215030579810792,-3.838094876667657e-06,0.0012060621161289432,-3.212696470958493e-05,0.7409545668588482,0.6715540739456851
2026-09-30T01:48:50.247 0.00253657249299907,-0.02214726592523689,-4.021432665127104e-06,0.0012047296947532852,-3.3134308563881394e-05,0.7409415741859199,0.6715684113858924
2026-09-30T01:48:50.293 0.002534188680695939,-0.0221448817694167,-3.7643439810801707e-06,0.0012063612906576115,-3.1835446674310884e-05,0.7409314997777804,0.671579523449003
2026-09-30T01:48:50.345 0.0025346656802255002,-0.0221428552054692,-3.645889102081009e-06,0.0012062105127275088,-3.2058336402870624e-05,0.7409205923193498,0.6715915573513457
2026-09-30T01:48:50.391 0.002535619138601725,-0.022140769030917256,-3.7666064439932777e-06,0.001205841960437913,-3.2308101783863405e-05,0.740910996326571,0.6716021444454454
2026-09-30T01:48:50.440 0.002533711409681111,-0.022138444473825895,-3.987108242449817e-06,0.001205830703777833,-3.211664416019646e-05,0.7409039630340163,0.6716099035164118
2026-09-30T01:48:50.480 0.0025327575255609833,-0.022136656346511494,-4.104809815329282e-06,0.0012051385044705395,-3.240757900885014e-05,0.7408976455308212,0.6716168739972362
2026-09-30T01:48:50.527 0.0025337113485985907,-0.022135464241590096,-4.002009872480432e-06,0.0012046902548099076,-3.3001634913225976e-05,0.7408903145625539,0.6716249618795314
2026-09-30T01:48:50.570 0.0025327574263631627,-0.02213439137001841,-4.149513613505225e-06,0.0012048709931662502,-3.275402771844611e-05,0.7408838175564533,0.6716321285466021
2026-09-30T01:48:50.632 0.0025332341286139625,-0.0221330800618437,-4.224773470901138e-06,0.0012042931460372983,-3.3225618020742494e-05,0.7408782152138633,0.6716383095056424
2026-09-30T01:48:50.671 0.0025318038843910942,-0.022131709172991437,-4.043698194101043e-06,0.0012048784491068064,-3.2890754615594545e-05,0.7408730291814103,0.671644029094045
2026-09-30T01:48:50.720 0.0025322804520340027,-0.02213093430663607,-4.208364819162669e-06,0.0012045181462250081,-3.3024099051452114e-05,0.7408685591475491,0.6716489604786707
2026-09-30T01:48:50.766 0.0025322806049490995,-0.022129980632300598,-4.104056977173543e-06,0.001204776049954967,-3.275354079846819e-05,0.74086450585467,0.671653431024208
2026-09-30T01:48:50.812 0.002531803709259221,-0.02212902696399316,-4.133105488226207e-06,0.0012050319739516488,-3.258677470038187e-05,0.7408609293973614,0.6716573755483684
2026-09-30T01:48:50.849 0.0025327574227501396,-0.02212849051017791,-4.1048111509764105e-06,0.001204753599853607,-3.285682757062733e-05,0.7408573533624842,0.6716613205015812
2026-09-30T01:48:50.902 0.002530850091056552,-0.022127775278451618,-4.086894405112683e-06,0.001204991464147588,-3.25777260857295e-05,0.7408556246511776,0.6716632268905128
2026-09-30T01:48:50.948 0.00253275745186011,-0.022127059998697948,-4.075009099822071e-06,0.0012046492646757305,-3.292849875731259e-05,0.7408521678752639,0.6716670403484043
2026-09-30T01:48:50.994 0.0025327574473574454,-0.022126702370829324,-4.075009158317566e-06,0.0012050597433097229,-3.2529575109912844e-05,0.7408497237764907,0.6716697354750616
2026-09-30T01:48:51.032 0.0025313266710031133,-0.02212610634242196,-4.236660033844885e-06,0.0012052876310311032,-3.211602354724302e-05,0.7408482930943073,0.6716713131208887
2026-09-30T01:48:51.081 0.002533234175419892,-0.022125569876586194,-4.135367843897573e-06,0.0012049781729365039,-3.261732912160323e-05,0.7408459687732635,0.6716738773512912
2026-09-30T01:48:51.121 0.0025322803852444765,-0.02212562949325148,-4.20836568684584e-06,0.0012051074985126782,-3.2246067998580666e-05,0.7408439421265072,0.6716761124906593
2026-09-30T01:48:51.168 0.0025318038953330564,-0.022125093057410956,-3.98409470599506e-06,0.0012049255651701435,-3.27505730282164e-05,0.740842452164141,0.6716777561846192
2026-09-30T01:48:51.207 0.002532757373971272,-0.02212461620826782,-4.104811784677602e-06,0.0012048511755618457,-3.281680481120094e-05,0.7408408429082189,0.6716795312764429
2026-09-30T01:48:51.261 0.002530373256588391,-0.02212419900576333,-4.056338774859671e-06,0.0012048854565994912,-3.282151124342839e-05,0.740840842881118,0.6716795312446104
2026-09-30T01:48:51.309 0.0025318035063609154,-0.02212413938313837,-4.2225131430735866e-06,0.0012051543392279111,-3.227807287230157e-05,0.7408389353325172,0.671681634747093
2026-09-30T01:48:51.352 0.0025337107310556945,-0.022123841335914496,-4.300034624947185e-06,0.001205060388608961,-3.2207355559903296e-05,0.7408369088622999,0.6716838700307598
2026-09-30T01:48:51.392 0.002533710803987971,-0.022124020149840603,-4.25533116799496e-06,0.0012049600693078957,-3.240775813774091e-05,0.7408372069628733,0.6716835414095075
2026-09-30T01:48:51.442 0.0025341873981929697,-0.02212348370206159,-4.40509661149143e-06,0.0012047115812257726,-3.2428539839123614e-05,0.7408372071593196,0.6716835416375597
2026-09-30T01:48:51.478 0.002533234173465107,-0.022123543318661256,-4.120467032803885e-06,0.0012046084774312265,-3.28990499236998e-05,0.7408376840748665,0.6716830157824872
2026-09-30T01:48:51.530 0.002531803734459621,-0.02212354333666332,-4.07350181488449e-06,0.001204721046083627,-3.288110539191491e-05,0.7408375051731239,0.6716832129024036
2026-09-30T01:48:51.570 0.0025318036615273446,-0.02212336452273721,-4.1182052718367135e-06,0.00120460821149264,-3.295895817678572e-05,0.7408367900113385,0.6716840018926011
2026-09-30T01:48:51.618 0.002531326940515443,-0.022123185714792656,-4.0429456581720266e-06,0.0012047850910713257,-3.285880002976601e-05,0.7408364322459987,0.6716843961788925
2026-09-30T01:48:51.654 0.0025327571925392992,-0.022123304906102002,-4.209119997138195e-06,0.0012047192156517525,-3.277657830309384e-05,0.7408357766513248,0.6716851193905785
2026-09-30T01:48:51.703 0.0025332340762220717,-0.02212330490009311,-4.180071642073516e-06,0.0012049625599243282,-3.234287363275706e-05,0.7408354188334118,0.6716855136305167
2026-09-30T01:48:51.744 0.002532757193289743,-0.02212336451074677,-4.2091199873889455e-06,0.001204967881464963,-3.232847353723222e-05,0.7408355380377026,0.6716853821452884
2026-09-30T01:48:51.799 0.0025332340556635338,-0.022123543318674926,-4.194972745644679e-06,0.0012046924373125714,-3.271844240677187e-05,0.7408353594427426,0.6716855796017787
2026-09-30T01:48:51.840 0.002533234143901239,-0.022123066481505825,-4.135368253366035e-06,0.0012047843798131082,-3.271623118459232e-05,0.7408356573913042,0.6716852508145764
2026-09-30T01:48:51.888 0.002533234142400351,-0.022122947272216285,-4.135368272864534e-06,0.0012044601691433856,-3.3132600588753325e-05,0.740835657647648,0.6716852510928825
2026-09-30T01:48:51.925 0.0025313268698344987,-0.022123185714800857,-4.0876490858765035e-06,0.001204884056409558,-3.267026808972498e-05,0.7408363725634949,0.6716844618375707
2026-09-30T01:48:51.989 0.0025332342647045895,-0.02212330490007124,-4.060862501528245e-06,0.0012043785060209154,-3.326072385790276e-05,0.7408358365249674,0.6716850539400816
2026-09-30T01:48:52.030 0.0025318033552432537,-0.02212336452277275,-4.3119201252227775e-06,0.0012050534951238145,-3.2294529095951296e-05,0.7408361936167622,0.6716846589215542
2026-09-30T01:48:52.080 0.00253418732826247,-0.02212354330671456,-4.4498000294466576e-06,0.0012047262408556036,-3.242897242847587e-05,0.7408354190202436,0.6716855138441996
2026-09-30T01:48:52.115 0.0025327574517027608,-0.02212330490607193,-4.045207428888447e-06,0.0012045918362529546,-3.3026539351460736e-05,0.7408364323987926,0.6716843963487502
2026-09-30T01:48:52.165 0.002531803758019936,-0.022123543336660587,-4.058600672316331e-06,0.0012045936769220702,-3.306589708798483e-05,0.7408367304185886,0.6716840676414884
2026-09-30T01:48:52.207 0.0025318036850876594,-0.022123364522734477,-4.1033041292685546e-06,0.0012045946145721707,-3.30239456781194e-05,0.7408367304178435,0.6716840676426924
2026-09-30T01:48:52.255 0.002534187805768864,-0.022122172399827424,-4.136876259748051e-06,0.0012046345985260423,-3.290305386462164e-05,0.7408361343437281,0.6716847250187508
2026-09-30T01:48:52.297 0.0025337110328371207,-0.02212348370801033,-4.106319830056615e-06,0.0012050896144875476,-3.250919166878414e-05,0.7408364916094743,0.6716843301744793
2026-09-30T01:48:52.358 0.002533233968176272,-0.0221240797604888,-4.254577228174072e-06,0.0012051204598198144,-3.2106582543520415e-05,0.7408360743553073,0.6716847903501033
2026-09-30T01:48:52.397 0.002533710918037324,-0.02212372212660308,-4.180825503900412e-06,0.0012052467399460936,-3.209009444268482e-05,0.7408361934639732,0.6716846587531476
2026-09-30T01:48:52.454 0.0025337108466059357,-0.022123662521966514,-4.225528941354137e-06,0.0012050344179794265,-3.2283305928716925e-05,0.7408363128403419,0.6716845274583647
2026-09-30T01:48:52.495 0.0025341874430622672,-0.02212330488812181,-4.37529435560286e-06,0.0012047840991396119,-3.242363977530868e-05,0.7408364322467452,0.6716843962009954
2026-09-30T01:48:52.549 0.0025332343148269953,-0.022123543318644853,-4.031060177394932e-06,0.0012047787348165814,-3.2797032393888425e-05,0.740837266710512,0.6716834758168855
2026-09-30T01:48:52.583 0.0025313268765884958,-0.02212372215660379,-4.087648998133261e-06,0.0012046681780968238,-3.284268499367988e-05,0.7408377436319141,0.6716829499892887
2026-09-30T01:48:52.641 0.002530850108455964,-0.022123543348664697,-4.042191669604893e-06,0.001205130642894309,-3.252100633675152e-05,0.7408373260365336,0.6716834097650146
2026-09-30T01:48:52.694 0.002534187329763358,-0.022123662516004103,-4.449800009948159e-06,0.0012046399195305558,-3.2523560376538785e-05,0.7408354190884939,0.6716855139191688
2026-09-30T01:48:52.732 0.002534664747828928,-0.022123066463484622,-4.0780254733083184e-06,0.0012045787676964214,-3.304547765620881e-05,0.7408355383453822,0.6716853824689776
2026-09-30T01:48:52.771 0.0025327574251406693,-0.02212306648749558,-4.060108610453602e-06,0.0012050350204004436,-3.2487554617606116e-05,0.7408366704653809,0.6716841330036962
2026-09-30T01:48:52.827 0.002531326734476163,-0.022123662551975426,-4.177055863291463e-06,0.0012048826745575858,-3.264762905015605e-05,0.7408361341475872,0.67168472480259
2026-09-30T01:48:52.861 0.0025327575033260545,-0.022123662533935086,-4.015405085256635e-06,0.0012048769104347618,-3.267985278392863e-05,0.7408352996926528,0.6716856451741061
2026-09-30T01:48:52.914 0.002534664702959631,-0.022123245277424403,-4.107827729196889e-06,0.0012048957054038407,-3.270532408055944e-05,0.7408349420522993,0.6716860395981649
2026-09-30T01:48:52.953 0.0025327569819973547,-0.022123424115416148,-4.343230260753125e-06,0.0012049735921873185,-3.231163252731159e-05,0.7408365513054294,0.6716842645503008
2026-09-30T01:48:53.008 0.0025322800291345264,-0.022123543330722778,-4.4169820240237815e-06,0.0012047262658191546,-3.247542215663627e-05,0.7408365515009697,0.6716842647703776
2026-09-30T01:48:53.050 0.0025341878170255256,-0.02212306646949898,-4.136876113509314e-06,0.0012045409156810896,-3.2982485841049314e-05,0.7408355979795508,0.6716853167664302
2026-09-30T01:48:53.104 0.0025327573567110575,-0.022123245301438093,-4.104812008910332e-06,0.00120470436497147,-3.282692678954137e-05,0.7408366111225635,0.6716841990327161
2026-09-30T01:48:53.144 0.002531803615157159,-0.02212342412738745,-4.148007547223781e-06,0.0012045990548130974,-3.297488801608725e-05,0.7408366708100798,0.6716841333817641
2026-09-30T01:48:53.193 0.00253466465733989,-0.02212336448671941,-4.137629994834708e-06,0.0012046759033937577,-3.290846074138874e-05,0.7408357766855772,0.6716851194240339
2026-09-30T01:48:53.230 0.002532757358211946,-0.022123364510727633,-4.104811989411834e-06,0.0012047195028243019,-3.294325652475254e-05,0.7408376243828485,0.6716830814189375
2026-09-30T01:48:53.280 0.002532757245663481,-0.0221237817432547,-4.179317634007884e-06,0.0012046409104922186,-3.2927894685015504e-05,0.7408378628619772,0.6716828185283058
2026-09-30T01:48:53.316 0.0025332340358554394,-0.022123841341901516,-4.209873839466592e-06,0.0012046674651221452,-3.2920497672528334e-05,0.7408376244239854,0.6716830814680129
2026-09-30T01:48:53.381 0.002533710940847194,-0.022123662521955578,-4.165924371081502e-06,0.0012046743212617828,-3.285851097814201e-05,0.7408378628355581,0.6716828185009207
2026-09-30T01:48:53.421 0.0025337107994853063,-0.022123662521971982,-4.255331226490455e-06,0.0012046490327629912,-3.282391551330076e-05,0.7408385781065417,0.6716820296333496
2026-09-30T01:48:53.471 0.002534664335750369,-0.022124020137850163,-4.3462458835471914e-06,0.0012051719927352184,-3.19734683737224e-05,0.7408380412547916,0.6716826208619135
2026-09-30T01:48:53.512 0.0025327573702190517,-0.022124318185043967,-4.104811833423848e-06,0.0012049682690860382,-3.2507896814817076e-05,0.7408390546881358,0.6716815034251699
2026-09-30T01:48:53.562 0.002531326857530846,-0.02212407978447515,-4.102550082205926e-06,0.0012047801670010607,-3.2795937144106146e-05,0.7408389952326168,0.6716815693257502
2026-09-30T01:48:53.605 0.0025318038324531004,-0.02212384135987624,-4.013897195865609e-06,0.0012048574306393013,-3.278071221959722e-05,0.7408376838780438,0.6716830155588366
2026-09-30T01:48:53.657 0.002532280102066803,-0.02212372214464889,-4.372278567071558e-06,0.0012048963604126635,-3.234897577200599e-05,0.7408369089919861,0.6716838701751771
2026-09-30T01:48:53.697 0.0025332338200603865,-0.022123543318702265,-4.343984171326267e-06,0.0012046177311069738,-3.251860345206455e-05,0.7408362535655287,0.6716845935717554
2026-09-30T01:48:53.746 0.0025332343368864216,-0.022123424109352578,-4.0161590543252705e-06,0.0012045686701212153,-3.311553898419799e-05,0.7408364324171145,0.6716843963657055
2026-09-30T01:48:53.785 0.0025327576181258518,-0.022123424115342332,-3.940899411412837e-06,0.001204648151805128,-3.290860339146708e-05,0.7408367303755092,0.6716840675990308
2026-09-30T01:48:53.834 0.0025322805680199883,-0.022123304912080817,-4.074255783953125e-06,0.001204691506264863,-3.29072692692584e-05,0.7408367899454846,0.6716840018183821
2026-09-30T01:48:53.874 0.0025327573817722606,-0.0221233645107249,-4.089910846843675e-06,0.001204790070958883,-3.2771082344406964e-05,0.7408367302633019,0.6716840674749707
2026-09-30T01:48:53.925 0.002532280498089488,-0.022123364516733787,-4.118959201908353e-06,0.0012045399926889813,-3.304749242134169e-05,0.7408367900652773,0.6716840019511003
2026-09-30T01:48:53.960 0.0025327574524532047,-0.022123364510716698,-4.045207419139198e-06,0.0012047440596456576,-3.28937407361329e-05,0.7408366110911885,0.6716841989928569
2026-09-30T01:48:54.014 0.0025318038507603064,-0.02212342412736011,-3.998996121542193e-06,0.001204767372287721,-3.2919694275893376e-05,0.7408369090940082,0.6716838702662948
2026-09-30T01:48:54.060 0.0025322804030977852,-0.022123304912099954,-4.178563781930237e-06,0.001204657677891244,-3.298370102204382e-05,0.7408368495764841,0.6716839361050289
2026-09-30T01:48:54.098 0.0025337110313362328,-0.022123364498720786,-4.106319849555113e-06,0.0012046417219162304,-3.2884615422210974e-05,0.7408368495890896,0.6716839361246005
2026-09-30T01:48:54.138 0.0025322805276533555,-0.022123841353889222,-4.104057981346201e-06,0.00120517558652012,-3.24095042653682e-05,0.740837504813742,0.6716832125062964
2026-09-30T01:48:54.189 0.0025337109491020797,-0.022124318173048056,-4.165924263839762e-06,0.0012051751788737107,-3.2234379000393776e-05,0.7408370875843024,0.6716836727011769
2026-09-30T01:48:54.242 0.0025337108275482858,-0.02212402014983787,-4.240430025426801e-06,0.0012052054279861708,-3.213641918747802e-05,0.7408379816241237,0.6716826865642895
2026-09-30T01:48:54.276 0.0025337107052440474,-0.022123662521982917,-4.31493579676309e-06,0.0012052087373005062,-3.2180145757696345e-05,0.7408382200385092,0.6716824235950435
2026-09-30T01:48:54.314 0.002532757058681852,-0.02212390095256611,-4.298526755054657e-06,0.00120480228785724,-3.2562823635811074e-05,0.7408389952151089,0.6716815693167245
2026-09-30T01:48:54.369 0.002532757410585684,-0.022123781743235562,-4.0750096360307725e-06,0.0012047849248421245,-3.28061551324414e-05,0.7408382203736121,0.6716824239554736
2026-09-30T01:48:54.410 0.0025332342168335156,-0.022123245295431936,-4.090664796413812e-06,0.0012048205968560142,-3.2711208070563064e-05,0.7408374454901592,0.6716832785598595
2026-09-30T01:48:54.466 0.0025308500220156934,-0.022122291651132716,-4.086895302043601e-06,0.0012048173166631332,-3.27441125115351e-05,0.7408379223267514,0.6716827526337408
2026-09-30T01:48:54.504 0.0025341877052275055,-0.022123543306670816,-4.211381748356117e-06,0.0012047890027130255,-3.267418246143503e-05,0.7408357765961453,0.6716851193312555
2026-09-30T01:48:54.556 0.002531803569537418,-0.02212354333668246,-4.1778098128616016e-06,0.0012045273738653679,-3.308433345026757e-05,0.7408365516582582,0.6716842649238803
2026-09-30T01:48:54.594 0.002533234286013572,-0.022123126086134193,-4.045961388207834e-06,0.0012046800231605658,-3.29975151608109e-05,0.7408358362865775,0.671685053675287
2026-09-30T01:48:54.642 0.002533234332383757,-0.022123066481483954,-4.016159112820765e-06,0.001204808154070714,-3.286650036006034e-05,0.7408357765810215,0.6716851193042019
2026-09-30T01:48:54.681 0.002533234146903016,-0.02212330490008491,-4.135368214369039e-06,0.0012047027689552983,-3.288041957231536e-05,0.7408354786430882,0.6716854481033389
2026-09-30T01:48:54.743 0.0025332342418947188,-0.022123364504718742,-4.075763634347155e-06,0.001204643003834513,-3.299043561361657e-05,0.7408354190860958,0.6716855138935134
2026-09-30T01:48:54.780 0.002533710982714715,-0.022123245289436714,-4.136122154189928e-06,0.001204705096802274,-3.279776472199436e-05,0.7408354786412407,0.6716854481052423
2026-09-30T01:48:54.828 0.0025327573331507427,-0.022123245301440827,-4.119713151478491e-06,0.00120465039081329,-3.2875715275637716e-05,0.7408362535397401,0.6716845935242414
2026-09-30T01:48:54.870 0.002531803777077586,-0.022123185708789232,-4.0436995882436665e-06,0.0012048779564421252,-3.2775714365627576e-05,0.7408365513810752,0.6716842646159417
2026-09-30T01:48:54.921 0.0025337109090319944,-0.022123006870865835,-4.180825620891401e-06,0.0012043128085779623,-3.331265724140752e-05,0.7408355981599114,0.6716853169602357
2026-09-30T01:48:54.964 0.0025341876292934527,-0.022123126074165625,-4.256085244305337e-06,0.0012049091678992705,-3.226415065750839e-05,0.7408346440203702,0.6716863683089995
2026-09-30T01:48:55.012 0.002533710821544733,-0.022123543312679704,-4.240430103420795e-06,0.0012047545734412638,-3.256750267704017e-05,0.740835657414855,0.6716852508492912
2026-09-30T01:48:55.047 0.00253466465733989,-0.02212336448671941,-4.137629994834708e-06,0.0012045799645897498,-3.2913369102765294e-05,0.7408354191359255,0.6716855139553902
2026-09-30T01:48:55.100 0.0025313268492759603,-0.022123424133382672,-4.102550189447665e-06,0.0012047478338227432,-3.2924756471667816e-05,0.740837266734952,0.6716834758391059
2026-09-30T01:48:55.138 0.002531803872819733,-0.022123304918067837,-3.984094998472533e-06,0.0012046411954920989,-3.301505058195016e-05,0.7408368495895171,0.6716839361186746
2026-09-30T01:48:55.188 0.0025313268956461458,-0.022123364528732432,-4.072747914060597e-06,0.0012047330996243317,-3.2847105096592e-05,0.7408366707040981,0.6716841332645085
2026-09-30T01:48:55.224 0.0025337111233261593,-0.022123185684775542,-4.046715308530225e-06,0.0012042994572795571,-3.334645608774926e-05,0.7408358365874675,0.6716850540086314
2026-09-30T01:48:55.274 0.002533710721299921,-0.022123066475532475,-4.300034751687423e-06,0.0012049414883835512,-3.227555034342262e-05,0.7408364321223069,0.6716843960630537
2026-09-30T01:48:55.311 0.002533710841352827,-0.022123245289453117,-4.225529009598881e-06,0.001205108721922377,-3.225681464242387e-05,0.7408364319900974,0.6716843959097518
2026-09-30T01:48:55.356 0.002532756848890352,-0.02212407976652503,-4.432637008920339e-06,0.0012047492859937488,-3.237807039918912e-05,0.7408372667337568,0.6716834758643948
2026-09-30T01:48:55.407 0.0025318032206353624,-0.022123900964592092,-4.401326892888489e-06,0.0012049789928873257,-3.22058964845192e-05,0.740837802990391,0.6716828839927198
2026-09-30T01:48:55.448 0.0025332339180538658,-0.022123841341915185,-4.284379552307386e-06,0.0012048394615888965,-3.2386272656138584e-05,0.7408370282454704,0.6716837387442259
2026-09-30T01:48:55.489 0.002533233678698498,-0.02212354331871867,-4.4333910267352196e-06,0.001204729628767473,-3.2414228850811645e-05,0.7408372071450506,0.6716835416216186
2026-09-30T01:48:55.535 0.0025337107493629005,-0.022123424103398365,-4.285133550623769e-06,0.0012048200389166177,-3.246743324144094e-05,0.740837147469331,0.6716836072765542
2026-09-30T01:48:55.574 0.0025332341042850507,-0.022123662527959,-4.165170441009862e-06,0.0012046347079973812,-3.28440024415736e-05,0.7408381608881215,0.6716824898331039
2026-09-30T01:48:55.627 0.0025308501828891286,-0.02212384137188035,-3.997488193154171e-06,0.0012048524071548129,-3.276126079696045e-05,0.7408391739882523,0.671681372037204
2026-09-30T01:48:55.671 0.0025337109924704884,-0.02212402014981873,-4.1361220274496894e-06,0.0012047100443466265,-3.29247978490209e-05,0.7408379224115722,0.6716827527237634
2026-09-30T01:48:55.717 0.0025332342052803067,-0.022124198969751,-4.105565782993985e-06,0.0012047605771790747,-3.277849526720134e-05,0.7408382799971076,0.6716823582382145
2026-09-30T01:48:55.759 0.0025341878503416138,-0.02212384132987827,-4.121974844200918e-06,0.001204806818593442,-3.261650186573846e-05,0.7408379819392898,0.6716826869086431
2026-09-30T01:48:55.809 0.002534664874635831,-0.022123781719208202,-4.003519643476536e-06,0.00120573702107428,-3.198782184118196e-05,0.7408376235783574,0.6716830805266628
2026-09-30T01:48:55.851 0.0025327576286320696,-0.02212425858036912,-3.94089927492335e-06,0.0012050520346009608,-3.25104504458673e-05,0.7408382201624204,0.6716824237236237
2026-09-30T01:48:55.898 0.0025322802662385616,-0.022123662539984983,-4.267970578843695e-06,0.0012047926341894242,-3.256523295113382e-05,0.7408377435335002,0.6716829498881195
2026-09-30T01:48:55.947 0.0025327574767639634,-0.022123424115358736,-4.03030626682179e-06,0.0012053392458021299,-3.231720171501255e-05,0.7408365510163587,0.6716842642127975
2026-09-30T01:48:55.992 0.0025318034752961596,-0.022123543336693394,-4.2374143831342366e-06,0.001205309062304354,-3.2151157686488884e-05,0.7408370874784522,0.6716836725816785
2026-09-30T01:48:56.035 0.002535141142748645,-0.022123543294691312,-4.361901034180984e-06,0.001204789025619905,-3.2474404960297386e-05,0.7408352997621134,0.671685645265102
2026-09-30T01:48:56.096 0.0025332341005328304,-0.022123364504735146,-4.165170489756108e-06,0.0012050539065899559,-3.243464306030865e-05,0.7408361936164489,0.6716846589144101
2026-09-30T01:48:56.135 0.0025332340556635338,-0.022123543318674926,-4.194972745644679e-06,0.0012049160901056516,-3.2448421474796224e-05,0.7408358957041548,0.6716849877439115
2026-09-30T01:48:56.179 0.00253418835816232,-0.022123006864791333,-3.7941498441909113e-06,0.001205670088223201,-3.232628373911386e-05,0.7408351798570693,0.6716857759405015
2026-09-30T01:48:56.216 0.002533711713084471,-0.022123245289351962,-3.6741867345770055e-06,0.0012060269179832918,-3.1974864253755193e-05,0.7408348815536958,0.6716861043299933
2026-09-30T01:48:56.263 0.002535141875369733,-0.022123722108540873,-3.899965585320312e-06,0.001205165723667299,-3.279606556951901e-05,0.7408343457963462,0.671686696748191
2026-09-30T01:48:56.302 0.002534664423237631,-0.022123483696036294,-4.286641401017799e-06,0.0012043891929433082,-3.279820018406628e-05,0.7408353000782327,0.6716856456177583
2026-09-30T01:48:56.350 0.0025346646300273543,-0.022123066463498292,-4.152531186149112e-06,0.0012052652349022186,-3.225213168336909e-05,0.7408348225516264,0.6716861707601356
2026-09-30T01:48:56.390 0.0025346643981764283,-0.022123364486749484,-4.301542563084456e-06,0.0012047712277087413,-3.249897188409734e-05,0.7408352401719361,0.6716857110207834
2026-09-30T01:48:56.441 0.0025351415866424034,-0.022123245271415515,-4.078779374132211e-06,0.001205125669834457,-3.2389550675628006e-05,0.7408351802874696,0.6716857764397496
2026-09-30T01:48:56.480 0.002533710794982642,-0.022123304894103357,-4.25533128498595e-06,0.0012048100477243826,-3.255573105268546e-05,0.7408360746007454,0.6716847906146395
2026-09-30T01:48:56.529 0.0025332340085429043,-0.022123543318680394,-4.224775030780996e-06,0.0012046444500123015,-3.2678404781898444e-05,0.7408358363146725,0.6716850537237006
2026-09-30T01:48:56.569 0.0025313274595928103,-0.022123245319377278,-3.7151205119232835e-06,0.0012052956389279209,-3.2783543220231365e-05,0.7408357761956287,0.671685118858742
2026-09-30T01:48:56.621 0.002533233842119813,-0.02212342410940999,-4.329083048256605e-06,0.0012047501782399062,-3.253700883636593e-05,0.7408353593970793,0.6716855795573934
2026-09-30T01:48:56.661 0.0025332340276005543,-0.02212318569080904,-4.2098739467083324e-06,0.0012046928567385077,-3.2711744061568644e-05,0.7408351210254126,0.6716858425635642
2026-09-30T01:48:56.711 0.002532757234406819,-0.022122887673583138,-4.179317780246621e-06,0.0012048186224584928,-3.255287504921579e-05,0.740835180530223,0.6716857767149378
2026-09-30T01:48:56.776 0.002532757379520928,-0.02212318569679059,-4.0899108760914225e-06,0.0012051693004042426,-3.231821061590618e-05,0.7408350610444717,0.6716859078838296
2026-09-30T01:48:56.811 0.002533710701491827,-0.02212336449875906,-4.314935845509336e-06,0.0012047107549196367,-3.2524518444289956e-05,0.7408344057602516,0.6716866314405905
2026-09-30T01:48:56.848 0.0025351413502888126,-0.022123185666798086,-4.227790809563049e-06,0.0012044865294167295,-3.2781765409286465e-05,0.7408342271247893,0.6716868288555109
2026-09-30T01:48:56.902 0.0025337108125394036,-0.02212282805694246,-4.240430220411784e-06,0.0012047102605524211,-3.266564350518649e-05,0.7408351210116497,0.6716858425497728
2026-09-30T01:48:56.945 0.0025341876749131937,-0.022123006864870617,-4.2262829786675166e-06,0.0012049641809959777,-3.247794186410355e-05,0.7408350612066447,0.67168590806526
2026-09-30T01:48:56.996 0.0025341876801663024,-0.02212342409738401,-4.2262829104227725e-06,0.0012050758919730162,-3.236959080183852e-05,0.7408352399310699,0.6716857107461631
2026-09-30T01:48:57.034 0.0025341876573564317,-0.022123483702031516,-4.241184043241683e-06,0.0012047614827001192,-3.2569891622677904e-05,0.7408351209711475,0.6716858425072226
2026-09-30T01:48:57.083 0.002534187769904896,-0.02212306646950445,-4.166678398645632e-06,0.001204744557774393,-3.270671955880167e-05,0.7408354786100367,0.6716854480733218
2026-09-30T01:48:57.125 0.0025351416255081478,-0.02212258962031757,-4.048977196237634e-06,0.0012051929500135642,-3.24246836180186e-05,0.7408350014215351,0.6716859735972958
2026-09-30T01:48:57.177 0.0025351416124540505,-0.022123424085347093,-4.063878202316305e-06,0.001204980933465971,-3.260128818282267e-05,0.7408352996104096,0.6716856450820283
2026-09-30T01:48:57.212 0.002533234169712886,-0.022123245295437403,-4.12046708155013e-06,0.0012052627189559147,-3.2345167139357906e-05,0.7408358954301152,0.6716849874292473
2026-09-30T01:48:57.266 0.0025322801188731206,-0.02212318570284322,-4.357377512246641e-06,0.0012047614853915754,-3.247044579268324e-05,0.740836134243379,0.6716847249229058
2026-09-30T01:48:57.306 0.0025327580863303695,-0.022123185696708573,-3.6428765990466578e-06,0.001205654283288147,-3.2400330307637695e-05,0.7408350606610712,0.6716859074323912
2026-09-30T01:48:57.356 0.0025318040216860626,-0.02212390096449914,-3.894688045571089e-06,0.0012056613571696914,-3.2196211243920646e-05,0.7408347626342134,0.6716862361376811
2026-09-30T01:48:57.394 0.002533234308823442,-0.022123066481486688,-4.031060255388924e-06,0.0012049583914185552,-3.2647143255639516e-05,0.7408339287304949,0.6716871571283606
2026-09-30T01:48:57.453 0.0025332339067972044,-0.022122947272243624,-4.284379698546123e-06,0.0012047376549381703,-3.2545438853091834e-05,0.7408345845517365,0.6716864341938382
2026-09-30T01:48:57.491 0.0025327573559606135,-0.022123185696793325,-4.104812018659581e-06,0.0012050457396272697,-3.239632922691047e-05,0.7408350015379113,0.6716859737344277
2026-09-30T01:48:57.543 0.002531803822697327,-0.02212306649949422,-4.013897322605847e-06,0.0012055324633902696,-3.221956281693592e-05,0.7408350607573614,0.6716859075535353
2026-09-30T01:48:57.578 0.0025332346614777186,-0.02212300687680091,-3.8075431266157908e-06,0.001205732828673688,-3.215173760648841e-05,0.7408341665352115,0.671686893476931
2026-09-30T01:48:57.628 0.0025332346143570896,-0.022123006876806378,-3.837345411752109e-06,0.001206120401728771,-3.183253143178121e-05,0.7408338682075367,0.6716872218353753
2026-09-30T01:48:57.667 0.0025360957302225404,-0.02212318565470922,-3.7822643926615634e-06,0.0012052658616182542,-3.2684950981460863e-05,0.7408334516534278,0.6716876827642183
2026-09-30T01:48:57.725 0.00253466432674504,-0.022123304882112917,-4.346246000538181e-06,0.001204768907061088,-3.243735405688663e-05,0.7408354189865142,0.67168551380447
2026-09-30T01:48:57.765 0.002532757403081243,-0.022123185696787857,-4.0750097335232635e-06,0.0012052219201321103,-3.2333308873408075e-05,0.7408360742751166,0.6716847902456289
2026-09-30T01:48:57.819 0.002531326801404887,-0.022123364528743368,-4.132352484333232e-06,0.001204961886478097,-3.2537242842942434e-05,0.7408359552722071,0.6716849219567879
2026-09-30T01:48:57.855 0.002532280869801415,-0.02212294728417665,-3.880540989062555e-06,0.0012057171286759276,-3.202610160934486e-05,0.7408351202156056,0.6716858416519316
2026-09-30T01:48:57.917 0.002534187867147932,-0.022123304888072598,-4.107073789376001e-06,0.0012050746811778426,-3.246646479827583e-05,0.7408347630980391,0.6716862366659109
2026-09-30T01:48:57.958 0.002534187538804414,-0.022123424097400413,-4.3156897658317254e-06,0.001204459857019831,-3.280937560243486e-05,0.7408353000223694,0.6716856455521165
2026-09-30T01:48:58.012 0.0025341878611443787,-0.022122828050914433,-4.107073867369994e-06,0.0012051447462604818,-3.244561463114514e-05,0.7408348226468963,0.6716861708619319
2026-09-30T01:48:58.046 0.0025341878132733053,-0.02212276844627513,-4.13687616225556e-06,0.0012049799810277672,-3.2396319520963723e-05,0.7408353592153945,0.6716855793523643
2026-09-30T01:48:58.097 0.002531803541474439,-0.02212318570881657,-4.192711013925255e-06,0.0012049786415844696,-3.255017747926339e-05,0.7408361936759604,0.6716846589782098
2026-09-30T01:48:58.145 0.0025346646285264664,-0.02212294725420875,-4.152531205647611e-06,0.0012046670226245858,-3.2687466672460374e-05,0.7408350614415841,0.6716859083289887
2026-09-30T01:48:58.185 0.0025327574015803545,-0.022123066487498313,-4.075009753021761e-06,0.0012049851081371622,-3.255143716544839e-05,0.7408359552538505,0.6716849219346881
2026-09-30T01:48:58.224 0.0025303734102539326,-0.022123304936072636,-3.952030923121297e-06,0.0012049621723661216,-3.2780883642939176e-05,0.7408359552720023,0.6716849219446547
2026-09-30T01:48:58.273 0.002533711704829586,-0.022122589638259485,-3.6741868418187458e-06,0.0012051488745595449,-3.29487589342172e-05,0.7408342266011807,0.6716868282367906
2026-09-30T01:48:58.308 0.002535141251544889,-0.022122828038940397,-4.287395438331179e-06,0.001204799558259986,-3.2530311410690124e-05,0.7408342864815489,0.6716867628390316
2026-09-30T01:48:58.357 0.0025341877964669877,-0.0221233048880808,-4.151777217080477e-06,0.0012048501709187355,-3.254303775828993e-05,0.7408351805052812,0.671685776686334
2026-09-30T01:48:58.394 0.0025337108428537154,-0.022123364498742658,-4.225528990100383e-06,0.0012048146095249204,-3.257634094316547e-05,0.7408351805333976,0.6716857767174969
2026-09-30T01:48:58.448 0.0025322806843206735,-0.022123185702777607,-3.9997500906108296e-06,0.0012048348009246,-3.2822942526929725e-05,0.7408350017047076,0.6716859739081521
2026-09-30T01:48:58.487 0.002531803562032977,-0.022122947290234753,-4.177809910354093e-06,0.0012049679689531973,-3.242420922030928e-05,0.7408342267441519,0.6716868284291863
2026-09-30T01:48:58.537 0.0025346642515614312,-0.022122947254252495,-4.390949486738152e-06,0.0012047751783599032,-3.245363816124421e-05,0.7408326175818283,0.6716886035882904
2026-09-30T01:48:58.578 0.0025332342093290746,-0.02212264924898423,-4.090664893906303e-06,0.0012053140784154424,-3.227508030707762e-05,0.7408333920110249,0.6716877484797015
2026-09-30T01:48:58.627 0.0025327576106214107,-0.022122828068894627,-3.940899508905329e-06,0.0012053308822104897,-3.2453022846013996e-05,0.7408330343722586,0.6716881428959854
2026-09-30T01:48:58.663 0.002533233855924354,-0.02212264924902524,-4.314182032428685e-06,0.0012048132487962543,-3.2482146343299754e-05,0.7408330347814809,0.6716881433719124
2026-09-30T01:48:58.712 0.002532280419904103,-0.022122768470294284,-4.16366272710532e-06,0.0012047097087345509,-3.25376000015831e-05,0.7408335713015862,0.671687551803932
2026-09-30T01:48:58.748 0.002534187707024941,-0.022121814771969735,-4.1964808885161816e-06,0.0012047619286685522,-3.2618720814798995e-05,0.7408331540305634,0.6716880119325057
2026-09-30T01:48:58.811 0.0025327577056131136,-0.02212288767352846,-3.881294928883444e-06,0.0012057107173532803,-3.207833915885851e-05,0.740833332093192,0.6716878138632147
2026-09-30T01:48:58.853 0.0025318037785784743,-0.022123304918078773,-4.043699568745168e-06,0.0012051619173635735,-3.2418874401235466e-05,0.7408338093610766,0.6716872884321436
2026-09-30T01:48:58.898 0.00253275758781154,-0.02212288767354213,-3.955800641724239e-06,0.0012053144831486605,-3.23650028818414e-05,0.7408333920107126,0.6716877484749928
2026-09-30T01:48:58.941 0.0025332338574252425,-0.02212276845831478,-4.314182012930187e-06,0.0012043928358264505,-3.276120159810485e-05,0.740833750364861,0.6716873548645497
2026-09-30T01:48:58.985 0.002532280961040897,-0.02212270886558663,-3.820936457786916e-06,0.0012059445443899524,-3.208066854206553e-05,0.7408339279508332,0.6716871562457675
2026-09-30T01:48:59.022 0.002533711379487845,-0.022122947266166385,-3.882802779277474e-06,0.0012058005145060009,-3.200446171679848e-05,0.7408333916264448,0.6716877480437561
2026-09-30T01:48:59.071 0.0025337114486679007,-0.022122828056868642,-3.8380993710714964e-06,0.0012058367035670768,-3.1981385963022784e-05,0.7408340472445786,0.6716870248696583
2026-09-30T01:48:59.110 0.0025341883323506727,-0.022122828050859755,-3.8090510160068176e-06,0.0012059343161202596,-3.199228540950752e-05,0.7408348816269048,0.6716861044146804
2026-09-30T01:48:59.161 0.0025341888566811498,-0.022123304887957773,-3.4812258015133305e-06,0.0012053794183178174,-3.2989863502203835e-05,0.7408352992954175,0.67168564469549
2026-09-30T01:48:59.202 0.002532757428142446,-0.022123304906074663,-4.060108571456606e-06,0.0012052272869603553,-3.2428044907530814e-05,0.7408362530836308,0.6716845930141732
2026-09-30T01:48:59.258 0.002532280311858303,-0.02212354333068997,-4.238168313205876e-06,0.0012047771357012558,-3.2554706303726437e-05,0.7408359554182653,0.671684922126253
2026-09-30T01:48:59.269 0.00253514221901868,-0.022122947248117846,-3.676448573538169e-06,0.0012049735946184127,-3.319876555390179e-05,0.7408351208035148,0.6716858422808388
2026-09-30T01:48:59.302 0.00253514221901868,-0.022122947248117846,-3.676448573538169e-06,0.0012049735946184127,-3.319876555390179e-05,0.7408351208035148,0.6716858422808388
2026-09-30T01:48:59.356 0.0025337110040236973,-0.022123066475499668,-4.121221040869517e-06,0.0012048967692641366,-3.259784879054715e-05,0.740835895719442,0.671684987754474
2026-09-30T01:48:59.394 0.002532757941966705,-0.022122947278145892,-3.732283493452607e-06,0.0012049316106928526,-3.31531058238929e-05,0.7408357764834467,0.6716851191762804
2026-09-30T01:48:59.444 0.002534188051127785,-0.022122947260182102,-3.987864707326225e-06,0.0012050286896649939,-3.268987864420318e-05,0.7408350015514156,0.6716859737358991
2026-09-30T01:48:59.490 0.002535141370847351,-0.022122947248216267,-4.212889705991887e-06,0.0012046220602002296,-3.28245977202039e-05,0.7408351806856407,0.6716857768828458
2026-09-30T01:48:59.542 0.0025341878155246376,-0.02212294726020944,-4.136876133007813e-06,0.0012050823010876237,-3.250827867952e-05,0.7408350015090168,0.6716859736952935
2026-09-30T01:48:59.584 0.002533710891475233,-0.022123483708026734,-4.195726685465568e-06,0.0012048873355892927,-3.258685328342068e-05,0.7408352996844031,0.6716856451690226
2026-09-30T01:48:59.636 0.002533711008526362,-0.022123424103368292,-4.121220982374022e-06,0.0012050930738304326,-3.2433788683636424e-05,0.7408351803132427,0.6716857764676709
2026-09-30T01:48:59.676 0.00253418753805397,-0.02212336449275564,-4.315689775580975e-06,0.001204443591846846,-3.271591702244736e-05,0.7408351808267212,0.6716857770525905
2026-09-30T01:48:59.725 0.0025341879441289758,-0.022121933981231936,-4.047469443336095e-06,0.0012049289221424406,-3.2471142625914464e-05,0.7408351804430174,0.671685776617221
2026-09-30T01:48:59.765 0.002533711008526362,-0.022123424103368292,-4.121220982374022e-06,0.0012050819480844846,-3.241397411690833e-05,0.7408350015092878,0.6716859737001855
2026-09-30T01:48:59.817 0.0025341876154889114,-0.022123900934550376,-4.270986260133257e-06,0.0012047159777055934,-3.2546553846938306e-05,0.74083506140287,0.6716859082907284
2026-09-30T01:48:59.855 0.002533710981964271,-0.022123185684791945,-4.1361221639391776e-06,0.0012050383635296054,-3.244870602408414e-05,0.7408353591692441,0.6716855792959984
2026-09-30T01:48:59.907 0.0025322808462411002,-0.022122947284179385,-3.895442131630714e-06,0.00120504816848212,-3.283137685071401e-05,0.7408358955997718,0.6716849876034868
2026-09-30T01:48:59.952 0.0025341885915141347,-0.02212282805082968,-3.6451384477570707e-06,0.0012053818472702257,-3.2866022076583224e-05,0.7408341668127449,0.6716868937662047
2026-09-30T01:48:59.998 0.002534187750096802,-0.022123364492731036,-4.181579492467546e-06,0.0012048924253108423,-3.248279825971597e-05,0.7408345844293758,0.6716864340542137
2026-09-30T01:49:00.042 0.002533710700741383,-0.022123304894114293,-4.314935855258585e-06,0.0012047384374580178,-3.2612049945203964e-05,0.7408352998021182,0.6716856453050469
2026-09-30T01:49:00.089 0.0025341877979678756,-0.02212342409737034,-4.1517771975819785e-06,0.0012048156908595288,-3.259859903277245e-05,0.7408350613240455,0.671685908196294
2026-09-30T01:49:00.137 0.0025341878663974874,-0.022123245283427826,-4.10707379912525e-06,0.0012052088681875704,-3.234346930132259e-05,0.740835120617443,0.6716858421056847
2026-09-30T01:49:00.190 0.0025318033803044563,-0.02212348373205956,-4.297018963156122e-06,0.0012048605350483937,-3.2532998783325705e-05,0.7408361937693294,0.6716846590879294
2026-09-30T01:49:00.227 0.0025327578499767783,-0.02212312609209114,-3.7918880344774954e-06,0.0012059740797882605,-3.197874683329431e-05,0.7408350604082167,0.6716859071573801
2026-09-30T01:49:00.284 0.0025322813432590414,-0.022123126098056285,-3.582518108451632e-06,0.0012057593462693548,-3.252725133402856e-05,0.7408352989950218,0.6716856443674627
2026-09-30T01:49:00.319 0.0025337114303606947,-0.02212324528938477,-3.853000445394911e-06,0.0012058714684594894,-3.210098474696277e-05,0.7408342260298542,0.6716868276111089
2026-09-30T01:49:00.368 0.0025356180941105855,-0.022123304870095138,-4.288149290408825e-06,0.0012046586669348979,-3.262312501890339e-05,0.7408350018439347,0.6716859740802433
2026-09-30T01:49:00.406 0.002536572073518963,-0.022123304858052754,-4.095942297166039e-06,0.0012051071403055918,-3.2472593497417034e-05,0.740835239906375,0.6716857107123649
2026-09-30T01:49:00.459 0.0025332343155774393,-0.022123602923289624,-4.0310601676456825e-06,0.0012052971198133942,-3.237959044652769e-05,0.7408369086751646,0.6716838698041222
2026-09-30T01:49:00.494 0.002533710750863789,-0.022123543312687906,-4.2851335311252716e-06,0.0012046912994168855,-3.254083762525668e-05,0.7408369091541154,0.6716838703549043
2026-09-30T01:49:00.544 0.002533234033604107,-0.022123662527967203,-4.209873868714339e-06,0.001205264637595077,-3.2226555179540726e-05,0.7408367298880818,0.6716840670637767
2026-09-30T01:49:00.581 0.002532280618892838,-0.022123602935299202,-4.0444534500705616e-06,0.001205159680594875,-3.23990004192339e-05,0.7408367299710713,0.6716840671522729
2026-09-30T01:49:00.629 0.0025332341719642186,-0.022123424109371716,-4.120467052302382e-06,0.0012053779971519477,-3.220848033765663e-05,0.7408360145474683,0.6716848558482773
2026-09-30T01:49:00.666 0.002534187937828876,-0.022123304888064396,-4.062370361671524e-06,0.001205133483055654,-3.2373802352169286e-05,0.7408361339492845,0.6716847245846095
2026-09-30T01:49:00.722 0.0025337109857164913,-0.022123483708015798,-4.136122115192932e-06,0.0012050952472026314,-3.2389150432395264e-05,0.740837147251756,0.6716836070266032
2026-09-30T01:49:00.758 0.0025318038993818242,-0.022123543336644184,-3.969193816907378e-06,0.001205370469693822,-3.230235860741766e-05,0.7408376834724149,0.6716830151089237
2026-09-30T01:49:00.807 0.002532757010060334,-0.02212378174328204,-4.328329059689472e-06,0.0012047927718173007,-3.251343257851e-05,0.7408368494696437,0.6716839360034944
2026-09-30T01:49:00.853 0.0025327573178453135,-0.022123900952536038,-4.134614186804909e-06,0.0012048730252839006,-3.2461761461722526e-05,0.7408366705934454,0.6716841331543019
2026-09-30T01:49:00.891 0.002532757643187055,-0.02212354332462914,-3.925998249346181e-06,0.0012058653565927557,-3.193999137582271e-05,0.7408358353494097,0.6716850526330932
2026-09-30T01:49:00.929 0.0025327580186512016,-0.022123424115295855,-3.687579987754137e-06,0.0012052548855983065,-3.27802826426171e-05,0.7408366106873403,0.6716841985274092
2026-09-30T01:49:00.985 0.0025337113155608974,-0.022123483707977523,-3.927506119238709e-06,0.0012057817261001429,-3.1982719450153424e-05,0.7408357758112788,0.6716851184488424
2026-09-30T01:49:01.026 0.0025327578589821073,-0.02212384134782839,-3.791887917486506e-06,0.0012051744763640214,-3.2812611177756635e-05,0.740836491542412,0.6716843300814331
2026-09-30T01:49:01.075 0.0025327573133426488,-0.022123543324667413,-4.134614245300404e-06,0.0012050482490678506,-3.2405798074718486e-05,0.7408360148081706,0.6716848561429161
2026-09-30T01:49:01.113 0.002532280121124453,-0.02212336451677753,-4.3573774829988935e-06,0.0012046875659819825,-3.2642283369507496e-05,0.7408361343018316,0.6716847249826873
2026-09-30T01:49:01.168 0.002535142193207033,-0.022122768434186268,-3.6913497453540747e-06,0.0012053508826187975,-3.276706314387885e-05,0.7408349416924599,0.6716860391753717
2026-09-30T01:49:01.205 0.002533710915035547,-0.022123483708024,-4.180825542897409e-06,0.0012047509807840808,-3.260753942130513e-05,0.7408360150431963,0.6716848564071843
2026-09-30T01:49:01.257 0.002533234855963789,-0.022123483713937204,-3.688333908076528e-06,0.0012052365338757489,-3.285190214750554e-05,0.7408356570338612,0.6716852503910272
2026-09-30T01:49:01.295 0.0025337107714223273,-0.02212330489410609,-4.270232427554109e-06,0.0012047390155648713,-3.2484974470637574e-05,0.74083529980165,0.6716856453106841
2026-09-30T01:49:01.347 0.0025327570504269665,-0.022123245301473634,-4.298526862296397e-06,0.0012045782558591572,-3.2660248878537214e-05,0.7408360747839997,0.6716847908231731
2026-09-30T01:49:01.389 0.002533235131933569,-0.02212294727210146,-3.5095202850018637e-06,0.0012056480942006908,-3.2554153556184865e-05,0.740835120270227,0.6716858416902193
2026-09-30T01:49:01.441 0.0025308496858711875,-0.02212366255800345,-4.310412216333253e-06,0.0012047423455500996,-3.251578465624456e-05,0.7408360746542646,0.6716847906789803
2026-09-30T01:49:01.478 0.002533711831636489,-0.022123304893983065,-3.599681011986962e-06,0.0012055872715154234,-3.245781331403244e-05,0.7408342858588087,0.6716867621160104
2026-09-30T01:49:01.544 0.0025332343148269953,-0.022123543318644853,-4.031060177394932e-06,0.0012050498143619008,-3.243311642964116e-05,0.7408350015346932,0.6716859737288915
2026-09-30T01:49:01.586 0.002532280525402023,-0.02212366253995491,-4.104058010593948e-06,0.0012050736088093565,-3.2348312192448037e-05,0.7408352399328728,0.6716857107492958
2026-09-30T01:49:01.639 0.0025351410911253506,-0.02212318566682816,-4.3917033778127956e-06,0.0012043951965737532,-3.283650197675065e-05,0.740834465613996,0.6716865659758274
2026-09-30T01:49:01.685 0.002535618278840882,-0.022123006846849414,-4.1689401986098e-06,0.0012048673507657856,-3.251822854581627e-05,0.7408349420746992,0.6716860396334058
2026-09-30T01:49:01.731 0.002532757428142446,-0.022123304906074663,-4.060108571456606e-06,0.0012048674630415245,-3.263484823931634e-05,0.7408367898063569,0.6716840016695166
2026-09-30T01:49:01.768 0.0025337118121249416,-0.022121755173219026,-3.5996812654674387e-06,0.001205525308136976,-3.270833995843603e-05,0.7408352395758091,0.6716857103151366
2026-09-30T01:49:01.824 0.002534187747095026,-0.022123126074151955,-4.181579531464543e-06,0.0012050772830411742,-3.247120490290282e-05,0.7408352399299789,0.6716857107399661
2026-09-30T01:49:01.860 0.0025318037565190475,-0.022123424127371047,-4.058600691814828e-06,0.0012053199751105442,-3.231784779608259e-05,0.740835954989098,0.6716849216371509
2026-09-30T01:49:01.910 0.0025327570990484843,-0.022123364510757706,-4.2687245576615805e-06,0.0012045998036188616,-3.2594949168944634e-05,0.7408352403074654,0.6716857111741045
2026-09-30T01:49:01.947 0.002533233953917834,-0.022122947272238156,-4.254577413409805e-06,0.0012048059744289926,-3.2508567727036865e-05,0.7408352401444678,0.671685710988291
2026-09-30T01:49:01.995 0.0025322805665191,-0.022123185702791277,-4.0742558034516235e-06,0.001205076094266707,-3.2490203377279436e-05,0.7408351207224214,0.671685842221041
2026-09-30T01:49:02.034 0.0025327573043373193,-0.022122828068930168,-4.134614362291393e-06,0.0012051949481356992,-3.239852364493122e-05,0.7408343457732082,0.6716866967405677
2026-09-30T01:49:02.090 0.0025332338626783512,-0.022123185690828176,-4.3141819446854435e-06,0.0012046024512031952,-3.2759827807442415e-05,0.7408337501991474,0.6716873546714985
2026-09-30T01:49:02.127 0.0025341873648768816,-0.0221227088416823,-4.419997880799827e-06,0.0012046343521917387,-3.261940231670438e-05,0.740833332944169,0.6716878148298406
2026-09-30T01:49:02.175 0.0025337112814943653,-0.022122649242953468,-3.942407398296355e-06,0.0012053518889723616,-3.23399689556487e-05,0.7408342860448824,0.6716867623389042
2026-09-30T01:49:02.224 0.0025322803088565268,-0.02212330491211089,-4.238168352202872e-06,0.0012048105308748885,-3.2556404244967095e-05,0.740835597766367,0.6716853165387904
2026-09-30T01:49:02.262 0.002534187889207358,-0.022123185678780324,-4.092172666306341e-06,0.001204948632736498,-3.255046615162612e-05,0.7408344651764472,0.6716865654797534
2026-09-30T01:49:02.301 0.002533710865663586,-0.022123304894095155,-4.210627857281474e-06,0.0012048713618582178,-3.256487367958777e-05,0.7408351804885305,0.671685776665739
2026-09-30T01:49:02.357 0.0025346645630986314,-0.022123364486730347,-4.197234565107344e-06,0.001204740829531592,-3.2628269029805425e-05,0.7408350613832304,0.6716859082638515
2026-09-30T01:49:02.393 0.0025318037299569564,-0.0221231857087947,-4.0735018733799844e-06,0.0012050978692796663,-3.2467504227564866e-05,0.7408358955604492,0.6716849875753768
2026-09-30T01:49:02.442 0.0025327573308994104,-0.022123066487506515,-4.119713180726238e-06,0.0012051518889861451,-3.243343780107515e-05,0.7408348822454978,0.6716861051155487
2026-09-30T01:49:02.481 0.0025318035377222183,-0.022122887685592715,-4.192711062671501e-06,0.0012050694400726827,-3.2304604589606685e-05,0.7408355975616622,0.6716853163122685
2026-09-30T01:49:02.530 0.002532280974094994,-0.02212187440055711,-3.8060354517082445e-06,0.0012057088301316854,-3.2102948372899274e-05,0.7408342261584294,0.6716868277611663
2026-09-30T01:49:02.571 0.0025337106771810684,-0.022123304894117027,-4.329836997826744e-06,0.0012043627055132035,-3.285131293383009e-05,0.7408342868269348,0.671686763225904
2026-09-30T01:49:02.623 0.002533233962923163,-0.022123662527975405,-4.254577296418815e-06,0.0012050395925594592,-3.234490152137545e-05,0.7408349419385168,0.6716860394829881
2026-09-30T01:49:02.661 0.0025322804517193026,-0.022123424121384027,-4.1487614772954204e-06,0.0012050133661177119,-3.256406732159886e-05,0.7408354783975153,0.671685447832461
2026-09-30T01:49:02.709 0.00253323451636361,-0.022122708853593458,-3.896950030770989e-06,0.0012058188585096785,-3.197358628946517e-05,0.740835179739427,0.6716857758200787
2026-09-30T01:49:02.752 0.0025341883634154285,-0.022123424097304726,-3.794149775946167e-06,0.001205151554176128,-3.2879850516447494e-05,0.7408356571010454,0.671685250468037
2026-09-30T01:49:02.799 0.002532757361964166,-0.02212366253395149,-4.104811940665588e-06,0.0012048881012384771,-3.2627958041750564e-05,0.7408360745390458,0.6716847905391765
2026-09-30T01:49:02.842 0.0025322801439343237,-0.022123304912130028,-4.342476350179984e-06,0.0012047245374966018,-3.25522891522988e-05,0.7408360746683459,0.6716847906936215
2026-09-30T01:49:02.902 0.0025327575665025576,-0.022123066487479175,-3.970701755044649e-06,0.0012049355830700335,-3.2841335540660814e-05,0.7408361341057765,0.6716847247443515
2026-09-30T01:49:02.938 0.0025327579169055017,-0.022122828068859086,-3.7471846555192645e-06,0.001204999820196737,-3.3236056143112476e-05,0.7408358360337794,0.6716850533687116
2026-09-30T01:49:02.988 0.0025337114714777714,-0.022122768452221137,-3.823198238252586e-06,0.00120518552491389,-3.283676323928763e-05,0.7408349418231911,0.6716860393244947
2026-09-30T01:49:03.025 0.0025351414209697563,-0.022123185666789884,-4.183087381858573e-06,0.0012051570088326402,-3.241047481566231e-05,0.7408351206584468,0.6716858421502793
2026-09-30T01:49:03.075 0.0025332340769725157,-0.02212336450473788,-4.180071632324267e-06,0.0012049079312569323,-3.2529509764337045e-05,0.7408359553148612,0.6716849220069072
2026-09-30T01:49:03.116 0.0025513562725543353,-0.02231260902375197,-4.193788878612486e-06,0.0012035074419742815,-3.235573819013455e-05,0.740845135476447,0.6716747991132525
2026-09-30T01:49:03.170 0.0026019065494624076,-0.022837963726515437,-4.914368666755454e-06,0.0012040094821606062,-3.2848427790124425e-05,0.7408898382667358,0.6716254885241013
2026-09-30T01:49:03.209 0.0027073004326230755,-0.023861374150457814,-5.006314105139783e-06,0.0012044233646000197,-3.372683214351534e-05,0.7409425280961343,0.6715673594550058
2026-09-30T01:49:03.263 0.0028580009070590107,-0.025403344413511535,-4.797269517658642e-06,0.0012063712623883642,-3.301915915141517e-05,0.7410178663273592,0.6714842256983857
2026-09-30T01:49:03.304 0.0030520977889108335,-0.027376970967816976,-5.386917948474429e-06,0.0012066521804621154,-3.4057166324256474e-05,0.7411060207900481,0.6713869292586546
2026-09-30T01:49:03.352 0.003271470994104459,-0.029558617414032096,-5.1522243792545055e-06,0.0012076606353420977,-3.516302930510612e-05,0.7412179567728108,0.6712633468892003
2026-09-30T01:49:03.391 0.003496566201259912,-0.03180845150192769,-5.49281023534331e-06,0.001213022949126265,-3.759713075341544e-05,0.741358737769924,0.6711078520580471
2026-09-30T01:49:03.437 0.0037249999761526744,-0.03407926638270664,-5.555548461402888e-06,0.0012132224465105628,-3.604310431076043e-05,0.7415404709666559,0.6709070402900391
2026-09-30T01:49:03.473 0.003958678657154593,-0.03635276340650092,-5.835195475488514e-06,0.0012190573727148017,-4.148992893715145e-05,0.7417483063689804,0.6706772414332077
2026-09-30T01:49:03.526 0.004192833714926372,-0.03863090958664403,-6.443420795703841e-06,0.001218018542323443,-3.995000955566479e-05,0.7420021616834751,0.6703963804286815
2026-09-30T01:49:03.577 0.004426035666068409,-0.040907267639382516,-6.677609984049394e-06,0.0012229193963018293,-4.563049973886252e-05,0.74229457624988,0.6700725814835427
2026-09-30T01:49:03.626 0.004663529315851952,-0.04318773835856571,-6.844078157500719e-06,0.0012243675600876274,-4.4443514580219806e-05,0.7426203719219807,0.6697114917300665
2026-09-30T01:49:03.665 0.004903882981670596,-0.04546898390222794,-7.655818915072473e-06,0.0012279344665218044,-4.8864365111323775e-05,0.7429840146141354,0.6693080335817597
2026-09-30T01:49:03.725 0.005147098796413668,-0.047753865293074904,-7.78663010023456e-06,0.0012317273776824445,-4.914770708780646e-05,0.7433793665835746,0.6688688943058823
2026-09-30T01:49:03.765 0.005395082707719739,-0.05004357460015233,-8.133595792378088e-06,0.001234337962573917,-5.239920237503921e-05,0.7437982631618032,0.6684030351379343
2026-09-30T01:49:03.821 0.005645450600003366,-0.052335966086254675,-8.633342121845194e-06,0.001237158011234499,-5.44098420761822e-05,0.7442542334112161,0.6678952781155947
2026-09-30T01:49:03.865 0.005898203177980005,-0.054634616029991624,-8.86863651177248e-06,0.00124015790640314,-5.604437271921582e-05,0.7447340452119036,0.6673602181503703
2026-09-30T01:49:03.920 0.006154769789969322,-0.056935232879057905,-9.542095155024267e-06,0.0012422221364474409,-5.802820664620851e-05,0.7452412756997121,0.6667937421049756
2026-09-30T01:49:03.961 0.006415629136207,-0.05924175053379445,-9.507083360473527e-06,0.0012458358345512502,-5.8986149905925124e-05,0.7457653729579009,0.6662075149010783
2026-09-30T01:49:04.023 0.006684118072745958,-0.061557089579891366,-9.424528433907512e-06,0.0012476401798660985,-6.339415081554183e-05,0.7463053859737423,0.665602516703285
2026-09-30T01:49:04.059 0.006953558868997262,-0.06386313028959406,-1.0416365153275074e-05,0.0012514018693565738,-6.245907566146855e-05,0.7468664973371646,0.6649728304581627
2026-09-30T01:49:04.113 0.007229199344173161,-0.06617685992034568,-1.097096742887605e-05,0.0012539730590887613,-6.358842643501404e-05,0.7474345833314127,0.6643342284936676
2026-09-30T01:49:04.156 0.007506747227134051,-0.06849547710795477,-1.1528584625325154e-05,0.0012557455483365601,-6.533053676419293e-05,0.7480308627559639,0.6636627511014968
2026-09-30T01:49:04.220 0.0077943091431208434,-0.07082297526152184,-1.1878515762118192e-05,0.0012591402116080615,-6.650466258912957e-05,0.748632326459239,0.6629842003572067
2026-09-30T01:49:04.267 0.008082824616385133,-0.07315249996102068,-1.2319361282988989e-05,0.001261283189362551,-6.732964826214918e-05,0.7492543546066307,0.6622811462924459
2026-09-30T01:49:04.336 0.008378969631922282,-0.07548703135461454,-1.2712664295796457e-05,0.0012636993303697178,-6.866050603426772e-05,0.7498783494695868,0.6615745304548125
2026-09-30T01:49:04.379 0.008677498796360962,-0.07782448334579327,-1.3154439908953394e-05,0.0012658275054719605,-6.93902286218459e-05,0.7505207622610003,0.6608456539017941
2026-09-30T01:49:04.434 0.008981749908741626,-0.0801547231029137,-1.3605263862629147e-05,0.001269041743411707,-7.106472793669585e-05,0.7512006652495973,0.6600726816127299
2026-09-30T01:49:04.474 0.009291246185366068,-0.08249879107160786,-1.4198489068380571e-05,0.0012703424507362199,-7.118902938315635e-05,0.751844389969742,0.6593393621142352
2026-09-30T01:49:04.530 0.009604557546897315,-0.08483660050451906,-1.4499723887013091e-05,0.001273524595184184,-7.189514328368176e-05,0.7525206571055817,0.6585674100618534
2026-09-30T01:49:04.569 0.00992311403801272,-0.08719109917196122,-1.4988062917461801e-05,0.0012743869663307875,-7.255203777112755e-05,0.7531609847122815,0.6578350110637837
2026-09-30T01:49:04.634 0.01025168377232368,-0.0895366570166405,-1.5626346224915737e-05,0.0012766954468809526,-7.364237401720804e-05,0.7538286099054077,0.6570698528418554
2026-09-30T01:49:04.682 0.010581207427090787,-0.09189437419683523,-1.6206530833393494e-05,0.0012778849455165491,-7.413630223603536e-05,0.7544657186063941,0.6563382062333507
2026-09-30T01:49:04.734 0.010918360462488718,-0.09424613081648993,-1.6754075870237917e-05,0.001279675753501181,-7.414684013900229e-05,0.7551235690953977,0.6555812324409847
2026-09-30T01:49:04.776 0.01125694421993061,-0.0966053976033618,-1.722937575605108e-05,0.0012818004267567832,-7.549579167971984e-05,0.7557548954283991,0.6548533342085545
2026-09-30T01:49:04.829 0.011605541437724807,-0.09896174363657624,-1.7765212078786356e-05,0.0012834896688412938,-7.507729713452799e-05,0.7564019576131414,0.6541058213597222
2026-09-30T01:49:04.867 0.011955092256025715,-0.10132542102910977,-1.840686306048438e-05,0.0012870288666925677,-7.74746124079995e-05,0.7570283952630924,0.653380705500069
2026-09-30T01:49:04.930 0.012310365538501544,-0.10368546246621654,-1.8759538946383098e-05,0.001289830910299324,-7.889834913945875e-05,0.7576676483958484,0.6526393067273673
2026-09-30T01:49:04.972 0.01266992984073322,-0.10605557703433259,-1.9521329404643758e-05,0.0012910556002190283,-7.899003086389308e-05,0.7582899155615473,0.6519161992876643
2026-09-30T01:49:05.029 0.013035693276510276,-0.1084125188978606,-2.002470254219293e-05,0.0012917153547592581,-7.817162700586464e-05,0.7589567075218736,0.6511398017846831
2026-09-30T01:49:05.089 0.013404318154142076,-0.11079366021113132,-2.0458089589136002e-05,0.0012925415249536432,-7.813391490776277e-05,0.7595361195464095,0.6504638393760873
2026-09-30T01:49:05.131 0.01378533996913814,-0.11315137674297833,-2.12389077858961e-05,0.0012943837663483074,-7.897674337293376e-05,0.760190453270181,0.6496990019156688
2026-09-30T01:49:05.189 0.01416636256347648,-0.11553543852776203,-2.173659996469307e-05,0.001295822668049556,-7.918050804470954e-05,0.7607624142660089,0.6490291700795994
2026-09-30T01:49:05.235 0.014551199354008169,-0.1179006651968009,-2.240423923307562e-05,0.0012972298892816579,-7.89534950763152e-05,0.7613950523780852,0.6482868849322289
2026-09-30T01:49:05.279 0.014941281721788137,-0.12029193902956144,-2.305036518668803e-05,0.0012985814439796291,-7.92125368917192e-05,0.7619441850100727,0.6476413871433354
2026-09-30T01:49:05.335 0.015335178588135974,-0.12266032463069171,-2.3642921754312575e-05,0.001300000244164573,-7.966711069773431e-05,0.7625629353122383,0.6469127246704149
2026-09-30T01:49:05.379 0.015735751268293168,-0.12505177714532223,-2.436523871052594e-05,0.0013008788676855578,-8.024610601019202e-05,0.7630981805199036,0.6462812608779143
2026-09-30T01:49:05.437 0.016136323769983866,-0.12742344091788066,-2.5042855475785532e-05,0.001302641635138208,-7.980545046347884e-05,0.7636988704549242,0.6455713221803873
2026-09-30T01:49:05.478 0.016544526425801457,-0.1298187676383036,-2.5434508400376286e-05,0.0013038659528541855,-8.06277985694633e-05,0.7642192739246366,0.6449551882067747
2026-09-30T01:49:05.533 0.01695845006716485,-0.13219406712613552,-2.634185060889181e-05,0.0013050854182982783,-8.054644731017357e-05,0.7648033943008263,0.6442624141840463
2026-09-30T01:49:05.572 0.01737809603424016,-0.13459028777223814,-2.7243335413712416e-05,0.0013054629502616427,-8.139470727137919e-05,0.7653049634938107,0.6436665301172061
2026-09-30T01:49:05.624 0.01779249841843905,-0.13695980560329418,-2.6899736522251406e-05,0.0013088926489652794,-8.037877946313772e-05,0.7658779957233849,0.6429845845788343
2026-09-30T01:49:05.665 0.018219773974750497,-0.13935727785086036,-2.769407486293874e-05,0.0013088614429309345,-8.278360651523853e-05,0.7663688364680531,0.6423994758086284
2026-09-30T01:49:05.722 0.018650387127797183,-0.14173603419794734,-2.850859491795993e-05,0.001309237713123114,-8.306692480043796e-05,0.7669136186992989,0.6417490011289795
2026-09-30T01:49:05.767 0.019082430536795446,-0.14412832078143614,-2.9593595116343347e-05,0.0013120307022023174,-8.164923976377507e-05,0.7673958145877777,0.6411723135491735
2026-09-30T01:49:05.832 0.019519242686407236,-0.14650922281767945,-3.035831134105025e-05,0.001312381290016233,-8.147639319555384e-05,0.7679294508380092,0.640533082324856
2026-09-30T01:49:05.872 0.019964162518351283,-0.14890884061018037,-3.0360981902166536e-05,0.0013139333822131702,-8.372581867657577e-05,0.7683919783058389,0.6399781513804151
2026-09-30T01:49:05.928 0.020404311884017357,-0.15128944458124965,-3.1533306535461454e-05,0.001314624604396259,-8.217018737221446e-05,0.76891560076627,0.6393489375203935
2026-09-30T01:49:05.967 0.020855905548101995,-0.15368572442980877,-3.270882178385503e-05,0.0013152885233500143,-8.274705444079904e-05,0.7693666849165338,0.6388060482725318
2026-09-30T01:49:06.064 0.02131036269441427,-0.15606990449915542,-3.2234835766710386e-05,0.0013163549414735912,-8.383283784653387e-05,0.7698675978639673,0.6382022735315882
2026-09-30T01:49:06.113 0.021767200955618734,-0.15846678032819567,-3.380607385517164e-05,0.0013181861310713194,-8.29455563553038e-05,0.770309978866243,0.6376682460060613
2026-09-30T01:49:06.165 0.0222249936767216,-0.16085316572764283,-3.479767695948583e-05,0.0013191084518904474,-8.187128123713059e-05,0.7708039182234497,0.6370710893623748
2026-09-30T01:49:06.201 0.022689463130921846,-0.16325516745987628,-3.5278292540614146e-05,0.0013201333970809602,-8.371107137161067e-05,0.7712401606197696,0.6365429010581002
2026-09-30T01:49:06.264 0.023154885731192516,-0.1656452482511925,-3.599883621282609e-05,0.0013211526269208474,-8.29576994358616e-05,0.7717181259614254,0.6359633493656234
2026-09-30T01:49:06.304 0.023632230579328336,-0.1680495744023894,-3.600806982091872e-05,0.001321644592438975,-8.587046453686772e-05,0.7721372623618998,0.6354543995867095
2026-09-30T01:49:06.357 0.024102420321584966,-0.17043977434310317,-3.7511012187892826e-05,0.0013232064497660022,-8.334120219355845e-05,0.7726037236520066,0.6348871776764665
2026-09-30T01:49:06.397 0.024583579380051523,-0.17284135863266514,-3.780939939381904e-05,0.0013242460633810346,-8.503618901554514e-05,0.7730199390042056,0.6343803378440607
2026-09-30T01:49:06.460 0.025068552762286922,-0.17523424059609335,-3.827773203195848e-05,0.0013244577419309614,-8.601144100531118e-05,0.7734642881916249,0.6338384914991714
2026-09-30T01:49:06.501 0.025551617066381822,-0.17763552683866116,-3.990533669548364e-05,0.0013260139136010124,-8.388248530676814e-05,0.7738706088282639,0.6333423366889362
2026-09-30T01:49:06.555 0.02604278866003016,-0.1800262033522622,-4.0785801634616906e-05,0.0013274567640612917,-8.443154389625709e-05,0.7743106655302672,0.6328042540754041
2026-09-30T01:49:06.612 0.0265349140200152,-0.18242802592243393,-4.1697574895920187e-05,0.0013284624071905776,-8.50794504182605e-05,0.7747135295500248,0.6323109797253742
2026-09-30T01:49:06.656 0.02702847141508542,-0.1848200137080169,-4.1568531576293365e-05,0.0013312090843052864,-8.419069862045667e-05,0.77513820732754,0.6317902977534141
2026-09-30T01:49:06.696 0.027526794871090502,-0.18722356473493548,-4.2996744493117125e-05,0.0013303660337889264,-8.501544161846985e-05,0.7755357084222844,0.631302295149112
2026-09-30T01:49:06.761 0.028031794443225008,-0.18961805577174085,-4.410768877633022e-05,0.0013309264800064168,-8.520639427119312e-05,0.7759425066589621,0.6308022255306189
2026-09-30T01:49:06.814 0.02853679658884428,-0.19201671913338764,-4.362421012230287e-05,0.0013344018176776194,-8.3336026156548e-05,0.7763250436769995,0.6303313723644101
2026-09-30T01:49:06.874 0.0290413180397168,-0.19441770708263498,-4.559866568172939e-05,0.00133312914304926,-8.463436195732397e-05,0.776734465939733,0.6298267897009705
2026-09-30T01:49:06.919 0.029559669835752374,-0.19681774118322348,-4.6268783680655293e-05,0.0013332597392592832,-8.636863765603072e-05,0.7771109855704673,0.629362162085252
2026-09-30T01:49:06.978 0.030071823913779935,-0.19921425868767553,-4.616914289287948e-05,0.0013368184922064896,-8.37696488497739e-05,0.7774937609280339,0.6288892252352128
2026-09-30T01:49:07.039 0.030588266392458846,-0.20161679620759043,-4.810284188034387e-05,0.0013354524219244292,-8.582832010982963e-05,0.7778678975668156,0.6284264023219509
2026-09-30T01:49:07.095 0.031110910210365536,-0.20401480369616576,-4.845192044488951e-05,0.001335865152279281,-8.631033581778629e-05,0.7782386353563534,0.6279672240280553
2026-09-30T01:49:07.139 0.031630215422613274,-0.2064150165987118,-4.928745884296069e-05,0.0013378175856311062,-8.48495730239822e-05,0.7785952457301115,0.6275250165301179
2026-09-30T01:49:07.196 0.0321571505156689,-0.2088134412657998,-4.980723527815608e-05,0.0013372878051347828,-8.662769341642456e-05,0.7789714678441614,0.6270579370693601
2026-09-30T01:49:07.237 0.03268742372953,-0.21121419047198256,-5.0183277417950656e-05,0.0013385440094934432,-8.818374385462487e-05,0.779322058738053,0.6266221583122038
2026-09-30T01:49:07.288 0.033215310163692655,-0.21361452247596976,-5.219467565812924e-05,0.001338960862850928,-8.48265153567228e-05,0.7796792067535198,0.6261777180197904
2026-09-30T01:49:07.333 0.033753212082143345,-0.21601175491213012,-5.2985112103616024e-05,0.0013401466213207043,-8.590509750833615e-05,0.7800214531093131,0.6257513318536232
2026-09-30T01:49:07.404 0.034292544123263116,-0.21841006021393256,-5.403112958748994e-05,0.0013398160423600922,-8.567260230392944e-05,0.7803663828495235,0.6253211223615663
2026-09-30T01:49:07.447 0.034830923745662275,-0.22081069010874574,-5.430077941745562e-05,0.001342020274562015,-8.544788918314962e-05,0.7806986744934862,0.6249062100222357
2026-09-30T01:49:07.506 0.03537359370439266,-0.22320828011277874,-5.530737110111752e-05,0.0013423750626707894,-8.506821636380046e-05,0.7810369280160983,0.6244833927878033
2026-09-30T01:49:07.547 0.03592055609738741,-0.2256104000156851,-5.578430628202754e-05,0.0013426700362779178,-8.757379871838352e-05,0.7813632607445654,0.6240750310071889
2026-09-30T01:49:07.602 0.03646799372513945,-0.22801067216878337,-5.726037224730256e-05,0.0013432189975307216,-8.558163042776268e-05,0.7816929311039101,0.6236620478277372
2026-09-30T01:49:07.645 0.03701733984759194,-0.2304104674605758,-5.8009298025018346e-05,0.0013443662814589048,-8.593642103337814e-05,0.7820071038975464,0.6232680601057663
2026-09-30T01:49:07.703 0.03757336142454842,-0.23280853413364933,-5.89177905321469e-05,0.0013446725258747102,-8.547440937067884e-05,0.7823299199612976,0.6228628106439437
2026-09-30T01:49:07.743 0.038127475608589576,-0.23520850817937736,-5.986797043471739e-05,0.0013452806473324174,-8.621183549181715e-05,0.7826405765286923,0.6224724176687151
2026-09-30T01:49:07.797 0.038685881817800166,-0.23760484628768072,-6.0482210023569196e-05,0.0013459543230709785,-8.533868525737245e-05,0.782950040957782,0.622083125063264
2026-09-30T01:49:07.839 0.03924857828517475,-0.24000690638800715,-6.195259917352287e-05,0.0013460677520440775,-8.615085436679288e-05,0.7832496711359584,0.621705825407041
2026-09-30T01:49:07.895 0.03980984565227567,-0.2424067611343205,-6.251175719732619e-05,0.0013471647767179327,-8.535409362857245e-05,0.7835549629321236,0.6213210103691824
2026-09-30T01:49:07.938 0.040377788405450955,-0.24480506607585745,-6.327518534899897e-05,0.0013480592167125376,-8.581655705948818e-05,0.7838449962135307,0.6209550686506045
2026-09-30T01:49:07.994 0.04094620731764627,-0.24720569559261907,-6.448640132756747e-05,0.0013474597468581422,-8.594031905396065e-05,0.7841451633859039,0.6205759741602849
2026-09-30T01:49:08.037 0.04151653481127884,-0.24960525220161625,-6.491087264579657e-05,0.001349560189019867,-8.560666878099981e-05,0.7844301889574573,0.6202156479894411
2026-09-30T01:49:08.096 0.042086384266022764,-0.25200474921211147,-6.609454831467938e-05,0.001349676796251712,-8.474520274990773e-05,0.7847189115548444,0.6198503053471672
2026-09-30T01:49:08.146 0.04266482048085646,-0.254404484532695,-6.495231530265379e-05,0.001348450747614889,-9.079207895650546e-05,0.7849971448749951,0.6194979063527863
2026-09-30T01:49:08.189 0.04324086633782565,-0.2568040410700776,-6.771041202237534e-05,0.0013498405411362152,-8.572719482681668e-05,0.7852799060424098,0.6191394348185115
2026-09-30T01:49:08.233 0.043820252942941555,-0.2592012729839511,-6.862604495436741e-05,0.0013509590862284492,-8.536448242413739e-05,0.7855499121265143,0.6187968189805747
2026-09-30T01:49:08.287 0.04440297653976526,-0.2615991009023496,-7.009829757439032e-05,0.0013506454349774696,-8.547471209381939e-05,0.7858243896549589,0.6184482169708262
2026-09-30T01:49:08.332 0.04498379454130811,-0.26399752489100714,-7.046484982659044e-05,0.0013522327653417744,-8.48895395688067e-05,0.7860904018840555,0.6181100584249365
2026-09-30T01:49:08.386 0.04557128695499409,-0.26639189567991733,-7.163171831885487e-05,0.0013519584806347576,-8.513520969154911e-05,0.7863548062700405,0.6177736507947468
2026-09-30T01:49:08.428 0.046160209975766885,-0.26879025996201134,-7.277104566299819e-05,0.001351728873970852,-8.516757324316669e-05,0.7866137270337656,0.6174439326915315
2026-09-30T01:49:08.482 0.04674722659975424,-0.271187312965822,-7.329641065604396e-05,0.0013532220108195493,-8.460313333650415e-05,0.7868733616839316,0.6171130158283228
2026-09-30T01:49:08.528 0.04733853421241454,-0.2735844851249543,-7.417128727930361e-05,0.0013532518478841054,-8.481598960768998e-05,0.7871210766522738,0.616797026748224
2026-09-30T01:49:08.587 0.04793413403993113,-0.27597998829992026,-7.460591526914224e-05,0.001353162358597167,-8.686845895950272e-05,0.7873812489879541,0.6164648652986409
2026-09-30T01:49:08.631 0.048526394119340455,-0.27837865056330713,-7.625715892235818e-05,0.0013538455747755561,-8.488809183912432e-05,0.7876296190822153,0.616147501042223
2026-09-30T01:49:08.685 0.049125807752613666,-0.2807729615974514,-7.72491608227768e-05,0.0013544312879364194,-8.443835861848717e-05,0.7878762607307125,0.6158320843891136
2026-09-30T01:49:08.728 0.0497266528118777,-0.28316894154353517,-7.76771808228413e-05,0.0013543288452792489,-8.634222918928804e-05,0.7881137834818067,0.6155280843506578
2026-09-30T01:49:08.781 0.050325111909003774,-0.28556581558951527,-7.923391786148894e-05,0.001354905291035736,-8.439463513401914e-05,0.7883566104665951,0.6152170444995974
2026-09-30T01:49:08.820 0.05093120166292722,-0.2879607821906577,-7.998315525201006e-05,0.00135572814630053,-8.437726919459477e-05,0.7885857878974271,0.6149232553805912
2026-09-30T01:49:08.890 0.051534906219445537,-0.29035562961264516,-8.136937214210229e-05,0.0013547818529841568,-8.454865349524425e-05,0.7888242053736594,0.6146173853986489
2026-09-30T01:49:08.943 0.05214147366485646,-0.2927511326494886,-8.158292224249809e-05,0.0013575659807039642,-8.391260640036915e-05,0.7890502818335932,0.6143271137688859
2026-09-30T01:49:08.996 0.05274994649800806,-0.29514639724396624,-8.30362829353346e-05,0.0013560579302828466,-8.40278720422943e-05,0.7892813088324637,0.6140302676366365
2026-09-30T01:49:09.039 0.053361280741005546,-0.2975427346859854,-8.425574875202395e-05,0.0013564065038011795,-8.47376405842469e-05,0.7895034533392312,0.6137446131302149
2026-09-30T01:49:09.091 0.0539702318647048,-0.2999374628324872,-8.478599262344952e-05,0.001357443313744663,-8.367959561580731e-05,0.7897290543428716,0.6134542941997304
2026-09-30T01:49:09.133 0.05458919577646735,-0.302332012039073,-8.58238067603765e-05,0.0013577949352416158,-8.44168818185171e-05,0.7899407085088386,0.6131817237224692
2026-09-30T01:49:09.193 0.05520291440831484,-0.3047278726138923,-8.691293202230457e-05,0.0013580314289436662,-8.388569277197527e-05,0.7901642239962434,0.6128936676375789
2026-09-30T01:49:09.235 0.05581758667742265,-0.3071246272463818,-8.803336728327354e-05,0.001358297371516667,-8.41462330484617e-05,0.7903737920811109,0.6126233889911378
2026-09-30T01:49:09.292 0.056438458137720825,-0.30951840156854726,-8.894008698411388e-05,0.0013582409286649062,-8.393494816587788e-05,0.7905943275885311,0.6123387602637471
2026-09-30T01:49:09.330 0.05706028417318925,-0.3119127123204049,-8.928207103976424e-05,0.001359198521321883,-8.568228120009326e-05,0.7908018685821921,0.6120707066057316
2026-09-30T01:49:09.380 0.05768258536493303,-0.3143064270200056,-9.068279024531799e-05,0.0013595581199128187,-8.380559385760873e-05,0.7910059530047697,0.6118069359604852
2026-09-30T01:49:09.424 0.05830870174723889,-0.31669853234610995,-9.176171601817511e-05,0.0013594987922490019,-8.426820921522816e-05,0.7912043753606841,0.611550309518369
2026-09-30T01:49:09.478 0.05893148012294598,-0.319091770202508,-9.293967209327211e-05,0.0013598483667994756,-8.419072452044642e-05,0.7914098902893443,0.6112843276876558
2026-09-30T01:49:09.521 0.05955998236355013,-0.3214859616609708,-9.297928719549257e-05,0.0013623368912743972,-8.316852435131741e-05,0.7916006812939964,0.611037231677475
2026-09-30T01:49:09.576 0.06018752784612966,-0.3238802723410882,-9.496944409450006e-05,0.0013610808610539946,-8.383180273480693e-05,0.7918061378856257,0.610770972163681
2026-09-30T01:49:09.634 0.06082175068379767,-0.32627410609980806,-9.592707611273338e-05,0.001361282524063861,-8.432219609514659e-05,0.7919952617792776,0.610525712086584
2026-09-30T01:49:09.675 0.061453589772792944,-0.3286668670048872,-9.659781694729997e-05,0.0013618590943412986,-8.366461265696539e-05,0.7921893325220907,0.6102738727638961
2026-09-30T01:49:09.717 0.06208638157269183,-0.3310599259212955,-9.788101243855811e-05,0.0013618853186253869,-8.385524861238467e-05,0.7923748206976678,0.6100330169433578
2026-09-30T01:49:09.777 0.06266958030017299,-0.3332474090421855,-9.875800769102642e-05,0.001362603434607448,-8.463688859372118e-05,0.7925598314919532,0.6097926284024134
2026-09-30T01:49:09.817 0.06314119497417395,-0.33501867433333343,-9.886260568301126e-05,0.001365505288173094,-8.418743605794053e-05,0.7927112238038515,0.6095958037611348
2026-09-30T01:49:09.878 0.06348167165475217,-0.3362959975844074,-9.984773710479821e-05,0.0013641584303228976,-8.543245300205497e-05,0.7928285854900541,0.6094431604365684
2026-09-30T01:49:09.922 0.06368529008664085,-0.33705261638170053,-0.00010036325634180615,0.001364553318241463,-8.502800328988277e-05,0.7929104217104059,0.609336683539984
2026-09-30T01:49:09.978 0.06377207852602039,-0.33738127530033774,-0.00010047061557234862,0.0013634427997537917,-8.527919194559587e-05,0.7929480924270332,0.609287663150601
2026-09-30T01:49:10.023 0.06380068950689828,-0.33748683476608415,-0.00010085856038979448,0.0013620431534842963,-8.48647135161532e-05,0.7929514313673076,0.6092833209016693
2026-09-30T01:49:10.079 0.06380736611065903,-0.33751276270244585,-0.00010051148374823824,0.001362496623391851,-8.4044201585319e-05,0.7929519674463178,0.6092826223211504
2026-09-30T01:49:10.121 0.0638040282640259,-0.33751163025621644,-0.00010049130528040436,0.001362432232014957,-8.398519229673464e-05,0.7929523847264434,0.6092820794029209
2026-09-30T01:49:10.173 0.06380116712817685,-0.3374986364796715,-0.00010045698154017451,0.0013626042077280983,-8.391252811492476e-05,0.792951013694453,0.6092838633587798
2026-09-30T01:49:10.219 0.06379735213956898,-0.3374826028782665,-0.00010051055729242203,0.0013625565420089135,-8.357761783241457e-05,0.7929502388778311,0.6092848718933062
2026-09-30T01:49:10.276 0.06379210664982611,-0.33746537720197367,-0.00010054697030687147,0.0013625401796453383,-8.36492076738672e-05,0.7929483315571699,0.6092873541833688
2026-09-30T01:49:10.319 0.0637868615074844,-0.3374476746884816,-0.00010035986626079253,0.0013630304766117513,-8.342147037338046e-05,0.7929467814609882,0.6092893704631962
2026-09-30T01:49:10.395 0.06378209254051515,-0.3374298529597731,-0.00010059074815619215,0.0013624414763539166,-8.374519923730656e-05,0.7929454110306298,0.6092911552496317
2026-09-30T01:49:10.442 0.06377637046887093,-0.337412269661585,-0.00010046249473081568,0.0013627490717751844,-8.357088702532625e-05,0.7929439206830646,0.6092930941530884
2026-09-30T01:49:10.500 0.06377350908450384,-0.3373945075134802,-0.00010054738091107103,0.0013625243121368656,-8.367945390607275e-05,0.7929426691730831,0.6092947233727816
2026-09-30T01:49:10.545 0.06376826359401053,-0.33737722223254263,-0.00010058379393526972,0.0013626282956753887,-8.363434138870545e-05,0.7929405233405705,0.6092975157456387
2026-09-30T01:49:10.594 0.06376254129126584,-0.33735999656225035,-0.00010060455187707936,0.0013624329414617376,-8.354371093242081e-05,0.7929393314115003,0.6092990673697208
2026-09-30T01:49:10.636 0.0637596801896225,-0.3373422344141129,-0.0001005106243465168,0.001362567949852715,-8.361480150063999e-05,0.7929382584296224,0.6093004634297797
2026-09-30T01:49:10.697 0.06375491156600566,-0.337325485568972,-0.00010053289007047573,0.0013624969583932649,-8.387297972950502e-05,0.7929355166937125,0.6093040316074043
2026-09-30T01:49:10.759 0.0637491893339419,-0.3373082598986716,-0.00010050894458458089,0.0013622939727878046,-8.378861746894402e-05,0.7929346227915516,0.6093051953766841
2026-09-30T01:49:10.808 0.06374442085948792,-0.3372902593559714,-0.00010042690251529692,0.001362748792373965,-8.35809216181328e-05,0.7929339667860448,0.609306048096444
2026-09-30T01:49:11.631 0.06373965213562624,-0.3372730336736833,-0.00010050877288752248,0.001362396918075745,-8.38773975284543e-05,0.7929314636888936,0.609309306289842
2026-09-30T01:49:11.687 0.06373488368173082,-0.33725479471240133,-0.00010041182971466736,0.0013627128205290892,-8.371385490362225e-05,0.7929303905639874,0.6093107021264289
2026-09-30T01:49:12.924 0.0637315455595455,-0.3372373901981576,-0.00010043635733608295,0.0013627126427730202,-8.35504808405975e-05,0.7929286620430356,0.609312951564475
2026-09-30T01:49:12.982 0.06372534643074486,-0.33722099899889574,-0.00010045636121133145,0.0013623509040047665,-8.37802183118345e-05,0.7929269934121286,0.6093151238064684
2026-09-30T01:49:13.029 0.0637220085942851,-0.33720383290319833,-0.00010030207508293213,0.0013628422587380902,-8.343209800441767e-05,0.7929257413359754,0.6093167521304963
2026-09-30T01:49:13.084 0.06371676305817205,-0.3371866668315558,-0.00010036829037276863,0.0013626259101087355,-8.35867473865568e-05,0.7929235957567214,0.6093195447022166
2026-09-30T01:49:13.137 0.06371294807286251,-0.3371690239047392,-0.00010040696524567773,0.0013627093048896209,-8.359218878449274e-05,0.7929225228156405,0.6093209407589538
2026-09-30T01:49:13.193 0.06370722579592947,-0.33715197704837857,-0.00010041282201567145,0.0013625965547988206,-8.34750312489135e-05,0.7929205559669872,0.6093235005213176
2026-09-30T01:49:13.237 0.06370436441681547,-0.33713463213278727,-0.00010049770812768207,0.0013624471586636015,-8.383442036973705e-05,0.7929200196475488,0.6093241987248339
2026-09-30T01:49:13.292 0.06370054980697006,-0.3371168699966374,-0.00010029796473899912,0.0013628102965063523,-8.360862465997123e-05,0.7929173967767406,0.6093276110980782
2026-09-30T01:49:13.335 0.06369291999530594,-0.33709982316431236,-0.00010042001492925156,0.0013625899787704375,-8.358292296044714e-05,0.7929160856590601,0.6093293177466179
2026-09-30T01:49:13.389 0.06368910515661139,-0.3370825974699928,-0.00010036928287850697,0.0013625413727931229,-8.373930567808491e-05,0.7929156684682733,0.6093298607209787
2026-09-30T01:49:13.436 0.0636848133583,-0.337064954549177,-0.00010039230267877626,0.0013623810619634716,-8.377251772055044e-05,0.7929129268029553,0.6093334287635781
2026-09-30T01:49:13.493 0.06367813750023259,-0.337047728890878,-0.00010033704704760182,0.0013626143946875076,-8.355965805525646e-05,0.7929114365140948,0.6093353675480766
2026-09-30T01:49:13.540 0.0636752762594787,-0.33703014555669114,-0.00010033252634320047,0.0013626185732093733,-8.365174431702833e-05,0.7929111980940988,0.6093356777753871
2026-09-30T01:49:13.592 0.06367050751881073,-0.3370134563162087,-0.00010042929777025094,0.0013626241957367992,-8.364152265720237e-05,0.7929082178808955,0.6093395558113222
2026-09-30T01:49:13.635 0.06366526216742797,-0.3369959922213204,-0.00010037630396828842,0.0013624523564433617,-8.357924021131676e-05,0.7929072643499371,0.6093407969922792
2026-09-30T01:49:13.694 0.0636614473317352,-0.33697900494557986,-0.00010032557187854682,0.0013625201791919027,-8.378304856585322e-05,0.7929064298378847,0.6093418827234034
2026-09-30T01:49:13.738 0.06365858618897481,-0.33696171963460597,-0.0001002614465551266,0.0013624573810985966,-8.37028181959834e-05,0.792903628491291,0.6093455281111594
2026-09-30T01:49:13.798 0.06365191003212774,-0.3369450900227903,-0.00010039990567984573,0.0013625150662365992,-8.365153475121996e-05,0.7929031516122818,0.6093461485218613
2026-09-30T01:49:13.839 0.06364857212648792,-0.33692804313639063,-0.00010029032295965239,0.0013625640507958045,-8.366110661625494e-05,0.7929008866149013,0.6093490956958336
2026-09-30T01:49:13.909 0.06364332671192867,-0.33691117508795815,-0.00010028203248790184,0.001362493389915726,-8.366493455670515e-05,0.7928995157747346,0.6093508796220225
2026-09-30T01:49:13.952 0.0636390350191152,-0.336894426236803,-0.00010024544757165977,0.001362598128203649,-8.359620175244307e-05,0.7928982640042483,0.609352508222511
2026-09-30T01:49:14.009 0.06363617369162451,-0.3368774389490748,-0.00010030053134003856,0.001362584995782689,-8.361099872507109e-05,0.7928972507436536,0.6093538267168643
2026-09-30T01:49:14.058 0.06363092830437779,-0.3368608689238634,-0.00010027733967697364,0.0013625237905393788,-8.37555914931184e-05,0.7928945686041697,0.6093573168445005
2026-09-30T01:49:14.111 0.06362568282213936,-0.3368442392940183,-0.00010031375259393058,0.0013626259595977343,-8.370103531027696e-05,0.7928936744607666,0.6093584800794479
2026-09-30T01:49:14.155 0.06362139093784161,-0.33682725202430586,-0.00010039637685723076,0.0013625133362526434,-8.370499927162173e-05,0.7928922440495985,0.6093603415688238
2026-09-30T01:49:14.209 0.06361900674539617,-0.33681151642808166,-0.00010027340064012906,0.001362416993933633,-8.34844985319805e-05,0.7929175162960099,0.609327456464289
2026-09-30T01:49:14.259 0.06361566884832594,-0.33680263537802657,-0.00010022342115456124,0.0013628017761727782,-8.333377922844529e-05,0.7929514903716138,0.609283242625494
2026-09-30T01:49:14.307 0.06361376178780291,-0.33680287382058655,-0.00010004159168445977,0.0013631486070412424,-8.310694980858321e-05,0.7929826630809559,0.6092426700192176
2026-09-30T01:49:14.349 0.0636161453205414,-0.3368092514876447,-0.00010050729571126124,0.0013621491859382327,-8.383805870687657e-05,0.7930563942355546,0.6091466925814141
2026-09-30T01:49:14.403 0.06361519223494223,-0.3368184902195363,-0.00010020776348862117,0.0013632828652904894,-8.328801593815883e-05,0.7932439080730241,0.6089024854834899
2026-09-30T01:49:14.445 0.06361376198805044,-0.3368337490265996,-0.00010016079577489401,0.0013640802359748856,-8.318444872360059e-05,0.7934974039962923,0.6085721010830205
2026-09-30T01:49:14.502 0.06361376182271065,-0.3368505575364687,-0.0001003992113066963,0.001364030129732145,-8.266312405030603e-05,0.7939357331300303,0.6080001515196315
2026-09-30T01:49:14.543 0.06361614706308476,-0.33687654513148685,-9.994104128676896e-05,0.0013630583356208643,-8.482059797407308e-05,0.7945206296476532,0.6072356247304143
2026-09-30T01:49:14.601 0.06362186872671734,-0.3369028903125164,-0.00010039711841550529,0.0013627316148116457,-8.145385913858724e-05,0.7952735498042192,0.6062492204610337
2026-09-30T01:49:14.669 0.06362902120558814,-0.3369385338000981,-0.0001007362466730284,0.0013619080873824318,-8.090231318592424e-05,0.7962176805143714,0.6050087139021154
2026-09-30T01:49:14.711 0.06363426799898561,-0.336973223637183,-0.00010001437824391367,0.0013652910724330513,-7.916683979241097e-05,0.7973585016274195,0.6035043907009918
2026-09-30T01:49:14.754 0.06364332803796341,-0.33701649649526794,-0.00010028201526097866,0.0013655982346720092,-7.860787912593848e-05,0.7987169995474028,0.6017053129200846
2026-09-30T01:49:14.815 0.06365763322631532,-0.3370668026354146,-0.00010064735121382926,0.00136710436966245,-7.905941663769492e-05,0.8002776737865229,0.5996280260412139
2026-09-30T01:49:14.857 0.06367432372179452,-0.33712968532547866,-0.00010040550791465197,0.0013715600440618592,-7.913913800378868e-05,0.8020470197858711,0.5972593160534583
2026-09-30T01:49:14.908 0.06369768948601859,-0.3372022834886581,-0.00010053184546898585,0.0013709700900506265,-7.609422974876037e-05,0.8040217656036477,0.5945982804266031
2026-09-30T01:49:14.951 0.06372582451660282,-0.3372977697753241,-0.00010027828887355232,0.0013680474808816098,-7.078019342544062e-05,0.8061862331653674,0.5916602748967434
2026-09-30T01:49:15.006 0.06376063555111898,-0.33741083934814137,-9.999058099538879e-05,0.0013689658405299807,-6.779313128184413e-05,0.8084910653170527,0.5885068552184555
2026-09-30T01:49:15.053 0.06380259931178338,-0.3375436379683346,-9.97588822690029e-05,0.0013694137346014902,-6.330476805522855e-05,0.8108882840989962,0.5851993774855845
2026-09-30T01:49:15.114 0.06385505333203366,-0.3376930065477398,-9.976728443242417e-05,0.0013700664150105633,-6.066596909622666e-05,0.8133469544058854,0.5817773207992292
2026-09-30T01:49:15.154 0.06391513703459331,-0.3378603756338028,-9.974304310501398e-05,0.0013700682308596887,-5.7068458243889736e-05,0.8158483611981042,0.5782642745203974
2026-09-30T01:49:15.209 0.06398380398558778,-0.33804473193556644,-9.974727088292546e-05,0.0013673990882809607,-5.16715865863941e-05,0.8183798103790808,0.5746760944337952
2026-09-30T01:49:15.249 0.06405914670534682,-0.33823922094290154,-9.980675545217201e-05,0.0013682534315602943,-4.9076000998344794e-05,0.8209355750447915,0.5710191827775759
2026-09-30T01:49:15.305 0.0641411648232055,-0.3384424717490192,-0.00010014501417550876,0.0013697224745820925,-4.747238007605448e-05,0.8235153594636242,0.5672923182400884
2026-09-30T01:49:15.346 0.06422699821688033,-0.338652755855135,-0.0001001763791950759,0.001371730304774329,-4.5066955396500105e-05,0.8261162430830725,0.5634980649827032
2026-09-30T01:49:15.415 0.06431569280266936,-0.33887114615691083,-0.00010016756304147053,0.0013734976924318631,-4.289218591128124e-05,0.8287369748225097,0.5596366126571637
2026-09-30T01:49:15.451 0.0644086790093684,-0.3390949604273274,-0.00010015063022876007,0.0013756751921108292,-4.080128488697283e-05,0.831373501078095,0.5557123424562133
2026-09-30T01:49:15.512 0.06450834078823381,-0.3393226489156279,-0.00010026346094389664,0.0013793698036520454,-3.9594230965237056e-05,0.834021946698629,0.5517295426169158
2026-09-30T01:49:15.553 0.06460990990959556,-0.33955003935669087,-0.00010037930742806603,0.0013876144040136436,-4.17485413401711e-05,0.8366820112570696,0.5476872144044901
2026-09-30T01:49:15.609 0.0647138630365422,-0.3397783238374301,-0.00010061813255690015,0.0013916710653520254,-4.124516726064078e-05,0.8393543572962611,0.5435828588525052
2026-09-30T01:49:15.651 0.06482020063652773,-0.34000720433456727,-0.00010068191352778207,0.0013958267204624366,-4.0984376795508924e-05,0.8420362396297326,0.5394191516235469
2026-09-30T01:49:15.706 0.06493035271246494,-0.34023572715583295,-0.00010088583628084601,0.0014000597034435564,-4.079894163685044e-05,0.8447255125184123,0.5351979509198246
2026-09-30T01:49:15.745 0.06504241211709395,-0.34046472679024586,-0.00010110767581877069,0.0014042360943412235,-4.034012862965091e-05,0.8474199111043519,0.5309213884913265
2026-09-30T01:49:15.798 0.06515542542894953,-0.340693607203335,-0.00010118201181065557,0.001408693455044152,-3.9432030842623646e-05,0.8501167529290905,0.5265923664630591
2026-09-30T01:49:15.845 0.06527368393503032,-0.34091998415530345,-0.00010124974030022877,0.00141402609962506,-3.894703491709236e-05,0.8528124016673215,0.5222154790656185
2026-09-30T01:49:15.895 0.06539384930069062,-0.3411432616417821,-0.0001016036067258445,0.0014204249656219162,-4.116541585951267e-05,0.8555039961666824,0.5177942576363348
2026-09-30T01:49:15.941 0.06551496877377053,-0.34136922132522207,-0.0001017056611492286,0.001425737169018633,-4.089434211344094e-05,0.8581910016855803,0.5133285207613912
2026-09-30T01:49:15.999 0.06564133314545517,-0.34159726710522964,-0.00010202462445813125,0.0014292164804391733,-4.071240385493881e-05,0.8608702001897147,0.5088226155627054
2026-09-30T01:49:16.039 0.06577008202544961,-0.3418287103199393,-0.00010216854315086699,0.0014323854245983183,-3.8905899848344974e-05,0.8635387294762907,0.504280486884829
2026-09-30T01:49:16.094 0.06590550660350951,-0.3420609283109857,-0.00010233791788043361,0.0014352940952583916,-3.76797220685677e-05,0.866194622568324,0.4997047271587665
2026-09-30T01:49:16.147 0.06604331545336828,-0.3422927290394907,-0.00010245145775833051,0.0014384363162797183,-3.6119922878684664e-05,0.8688357333265702,0.4950983721354743
2026-09-30T01:49:16.185 0.06618398502786903,-0.3425235760576916,-0.00010274833508346316,0.001441405795674901,-3.527106067652503e-05,0.8714623004843814,0.490460375504234
2026-09-30T01:49:16.228 0.06632703876792029,-0.3427530521390457,-0.00010304898228318672,0.001444423541709234,-3.4399253430488116e-05,0.8740722377231632,0.48579382015310324
2026-09-30T01:49:16.283 0.06647343056694405,-0.34298181292261404,-0.00010322079682728934,0.0014476853003251538,-3.356192857422201e-05,0.8766650084488273,0.4810991228866312
2026-09-30T01:49:16.323 0.06662077615764411,-0.3432106332988066,-0.00010331961350894518,0.00145100554273038,-3.2669425788589366e-05,0.8792395399330878,0.4763777124655139
2026-09-30T01:49:16.376 0.06677288991122464,-0.34343832112673617,-0.00010354517881709842,0.0014544661447364537,-3.191335376682412e-05,0.8817950572565599,0.47163053390092546
2026-09-30T01:49:16.420 0.06692738795040859,-0.34366481683173955,-0.00010370000825775405,0.0014581835192191894,-3.088631708384409e-05,0.88433036824514,0.46685937127391475
2026-09-30T01:49:16.476 0.06708570023248892,-0.3438892859308425,-0.00010412909003668413,0.0014617065908079706,-3.02297901551445e-05,0.8868448772134722,0.4620649589183578
2026-09-30T01:49:16.521 0.06724544337645606,-0.34411178805861403,-0.00010432201564646379,0.00146560592311313,-2.959660898806436e-05,0.8893373916293434,0.4572492263232765
2026-09-30T01:49:16.572 0.06740852405581567,-0.3443331576561466,-0.00010471393380536673,0.0014688544307325435,-2.9446324545246623e-05,0.89180755467923,0.45241256284129383
2026-09-30T01:49:16.615 0.06757303565393849,-0.3445533351427242,-0.00010483989338324271,0.0014727348516325354,-2.8844802316852397e-05,0.8942550673274541,0.44755525332544677
2026-09-30T01:49:16.668 0.06774231535101485,-0.34477291652284997,-0.00010513730492757732,0.0014759303728285613,-2.7914116030499134e-05,0.8966787385350707,0.44267941075849837
2026-09-30T01:49:16.715 0.06791302553751564,-0.3449908885595566,-0.0001054369785253566,0.001479356299904242,-2.778822698280813e-05,0.899079044408307,0.43778383094696166
2026-09-30T01:49:16.762 0.06808516637565784,-0.34520516509025545,-0.00010561970537725893,0.0014833109595323276,-2.72865020166829e-05,0.9014556270861538,0.4328689772191508
2026-09-30T01:49:16.805 0.06825826090282287,-0.3454150904698709,-0.0001057592373732953,0.0014871003761708493,-2.673956002225279e-05,0.9038077718691284,0.4279360925727449
2026-09-30T01:49:16.871 0.06843278555475095,-0.3456225124364367,-0.00010612454870753739,0.0014905415906052186,-2.6553341489046335e-05,0.9061363133545368,0.4229831665692332
2026-09-30T01:49:16.916 0.06860587970763798,-0.345825166049423,-0.00010644289560380003,0.001494414847869497,-2.60780064394465e-05,0.9084397012234396,0.4180132477389538
2026-09-30T01:49:16.964 0.06878278879822378,-0.3460248393821105,-0.00010658846071728034,0.0014981755954222493,-2.5545895142261557e-05,0.9107183531320013,0.41302522451519613
2026-09-30T01:49:17.002 0.0689582670498718,-0.3462208172448653,-0.00010691057835581707,0.0015016200121767097,-2.555409475025456e-05,0.9129720904283646,0.40801924780969523
2026-09-30T01:49:17.055 0.06913422198125731,-0.34641369566010227,-0.0001073079561442272,0.0015052900309689417,-2.5218950949973864e-05,0.9152002570405156,0.4029965545496658
2026-09-30T01:49:17.095 0.06931256127072462,-0.3466036534177038,-0.0001075749937775953,0.001508698223484374,-2.456336650391848e-05,0.9174022573145354,0.39795831628514416
2026-09-30T01:49:17.153 0.06949042366930125,-0.3467911673908759,-0.00010785617902317913,0.0015122516050966295,-2.425393173496959e-05,0.9195783889466395,0.3929036766042445
2026-09-30T01:49:17.189 0.0696706702497808,-0.34697486663676014,-0.00010811133225793679,0.0015157355993920063,-2.4235666249662947e-05,0.9217277580485902,0.3878345549341175
2026-09-30T01:49:17.242 0.06985139371423967,-0.3471567181326447,-0.00010832253629728831,0.0015191129059281664,-2.336326582179648e-05,0.9238507222715393,0.38274996369495884
2026-09-30T01:49:17.285 0.07003497791669117,-0.34733493370920526,-0.00010868727593745549,0.0015225648773405345,-2.3465503392389713e-05,0.9259467450374519,0.3776510381292662
2026-09-30T01:49:17.335 0.07021760855285983,-0.3475104074840966,-0.00010896110131053586,0.0015261279222350238,-2.3181818145094557e-05,0.9280157071091281,0.3725379413629081
2026-09-30T01:49:17.374 0.07040357702799983,-0.34768266256614383,-0.00010922530357800902,0.0015292119565284506,-2.2735352309220898e-05,0.9300569533113909,0.3674121998396748
2026-09-30T01:49:17.430 0.0705904992753046,-0.34785342752005116,-0.0001094165082365159,0.0015326689064885525,-2.2169161101708082e-05,0.9320710194035928,0.3622723633159159
2026-09-30T01:49:17.476 0.07077789803892551,-0.3480212122357494,-0.00010978728102337478,0.0015360409854888884,-2.2055389368974076e-05,0.9340577865393935,0.3571185958428649
2026-09-30T01:49:17.528 0.0709676811150085,-0.34818619550310714,-0.00011005751592082943,0.001539285182216735,-2.1657160909915562e-05,0.9360166587151357,0.35195233305072504
2026-09-30T01:49:17.587 0.07115746406608198,-0.3483487349800402,-0.00011038735578827596,0.0015420920204816076,-2.1411519898378538e-05,0.937947516967682,0.34677381231561766
2026-09-30T01:49:17.627 0.07134867745345573,-0.3485091882764015,-0.00011074926007229742,0.0015451654713913255,-2.0968875215525595e-05,0.9398501819290535,0.3415834415657433
2026-09-30T01:49:17.668 0.07154132148241858,-0.3486670189503635,-0.00011100911857752366,0.0015480878489263624,-2.0497404277239236e-05,0.9417245943254187,0.3363813185158979
2026-09-30T01:49:17.720 0.07173587284066635,-0.3488216309494915,-0.00011125709218692774,0.0015511089395279743,-2.0042433299058335e-05,0.9435703367336825,0.33116855722674515
2026-09-30T01:49:17.767 0.07193090084353805,-0.3489740971754234,-0.00011161012807535354,0.0015542848310155883,-1.9678458391299806e-05,0.9453877071272376,0.3259442698133023
2026-09-30T01:49:17.814 0.07212640584443843,-0.3491244176281183,-0.00011184470910427868,0.0015571012698912064,-1.9233678447375445e-05,0.9471764674978924,0.3207090807631035
2026-09-30T01:49:17.861 0.07232334089041559,-0.3492715194120345,-0.00011234977301610507,0.0015601064024991698,-1.9176216029861237e-05,0.948936617411986,0.31546293258477137
2026-09-30T01:49:17.910 0.07252313749869983,-0.34941683302052146,-0.00011250173337920292,0.0015625622785941536,-1.87742942769457e-05,0.9506677998313412,0.3102068542287363
2026-09-30T01:49:17.950 0.07272436430242808,-0.3495596432159506,-0.0001128347696528021,0.0015652221055011452,-1.8417537048243733e-05,0.9523701929708767,0.304940265103135
2026-09-30T01:49:18.012 0.07292654482294558,-0.34970030763215293,-0.00011312461070981301,0.0015681348889252454,-1.816424107672119e-05,0.9540437967914548,0.29966310154367687
2026-09-30T01:49:18.068 0.0731296787517169,-0.3498386474552297,-0.00011356497143286953,0.0015704515809341968,-1.781104406045571e-05,0.9556883735500206,0.29437606225016844
2026-09-30T01:49:18.117 0.07333472032731388,-0.3499746626731085,-0.00011379973226047907,0.001573382585706847,-1.7394092807049026e-05,0.957303862685953,0.28907929474668115
2026-09-30T01:49:18.160 0.07354119221390508,-0.3501079956639814,-0.00011414106331499689,0.001575439835320974,-1.719244959877165e-05,0.9588901461686077,0.28377315812897314
2026-09-30T01:49:18.216 0.07374909454054877,-0.3502395404975065,-0.00011451445873734338,0.0015779326743251873,-1.6582023277547663e-05,0.9604471633592008,0.27845781771890776
2026-09-30T01:49:18.259 0.0739593809713639,-0.35036858190593945,-0.00011492142650465289,0.0015803306995476702,-1.63221427881523e-05,0.9619747954702041,0.27313365806602197
2026-09-30T01:49:18.321 0.07416823710333109,-0.350495656379078,-0.00011517712137779108,0.0015828174566013067,-1.6002611982044736e-05,0.9634733403728983,0.2677995833146588
2026-09-30T01:49:18.365 0.07437947724823023,-0.35062046584571455,-0.0001155259931271679,0.0015850411703572946,-1.5614731325360876e-05,0.9649424407250133,0.2624568030901902
2026-09-30T01:49:18.414 0.074590717574404,-0.35074283152189084,-0.00011574075499315049,0.0015872958949605046,-1.5290475499611874e-05,0.9663819770873444,0.2571057265381282
2026-09-30T01:49:18.462 0.07480577232295132,-0.3508624553364077,-0.00011611056017385326,0.00158935332408705,-1.473323524636311e-05,0.9677917708305579,0.25174701994580967
2026-09-30T01:49:18.515 0.07502082703697822,-0.35097933733726505,-0.00011648036580302148,0.001591640612699414,-1.4261281834815537e-05,0.9691717620138766,0.24638092903407482
2026-09-30T01:49:18.554 0.07523635854779373,-0.3510930602859462,-0.00011685092587897156,0.0015939654096921209,-1.4095579168507917e-05,0.9705219507895049,0.241007473144136
2026-09-30T01:49:18.611 0.07545332063927315,-0.35120493547261816,-0.00011716414347709062,0.0015957511844614594,-1.3898079538257599e-05,0.9718425760257211,0.23562567943390939
2026-09-30T01:49:18.652 0.07567171304925127,-0.3513147244787321,-0.00011758393120462544,0.0015977460732728768,-1.34146159762426e-05,0.9731332795121016,0.23023698081228286
2026-09-30T01:49:18.702 0.07589201292357609,-0.35142266571682806,-0.00011791732809926458,0.0015995407616597992,-1.3118089631765924e-05,0.9743942999845495,0.2248403643807919
2026-09-30T01:49:18.744 0.07611326640769132,-0.351527447896747,-0.00011826713451332539,0.0016015819588019694,-1.2794827637142278e-05,0.9756253986774516,0.2194368160245344
2026-09-30T01:49:18.797 0.07633499684046328,-0.3516299054895001,-0.00011852828838226958,0.0016032238791090548,-1.223760575729715e-05,0.9768263972924262,0.21402714565244696
2026-09-30T01:49:18.838 0.07655720381911527,-0.3517298596811995,-0.0001189541091590036,0.0016049803553325748,-1.1995017198519506e-05,0.9779975338351874,0.20861027708737248
2026-09-30T01:49:18.892 0.07677988767424213,-0.35182737007645165,-0.00011933598083782404,0.0016070165131759943,-1.1692244070091768e-05,0.9791386889690737,0.2031867247758607
2026-09-30T01:49:18.941 0.07700352547350649,-0.35192207904135725,-0.00011952564598161638,0.001608814882707165,-1.1294670566388916e-05,0.9802497438973823,0.19775705088876125
2026-09-30T01:49:18.993 0.07722859339453213,-0.35201404617463405,-0.00011994109050261146,0.0016103415386298828,-1.0973957380899675e-05,0.9813306390442194,0.19232156289081453
2026-09-30T01:49:19.051 0.07745461497922283,-0.3521033906915314,-0.00012034314217014864,0.0016118831074138067,-1.0751869877966287e-05,0.9823814933884684,0.18687964887886543
2026-09-30T01:49:19.091 0.0776825438595858,-0.35219058941720605,-0.00012076311105151351,0.0016135793492499078,-1.0294586578788563e-05,0.9834021280113654,0.1814322211692934
2026-09-30T01:49:19.131 0.07791190351059611,-0.3522760595901393,-0.00012100652829500362,0.0016148629899500392,-1.0016166956468973e-05,0.9843926625666396,0.17597862939050973
2026-09-30T01:49:19.182 0.07814126281329745,-0.352358191903001,-0.00012144366093783773,0.0016166504292755566,-9.446945463094834e-06,0.9853530367268427,0.17051914662387438
2026-09-30T01:49:19.224 0.07837014520079737,-0.3524378208267911,-0.00012190984234520497,0.0016176876947499327,-9.103425319059837e-06,0.9862828938684977,0.16505585801791997
2026-09-30T01:49:19.275 0.0786028426262408,-0.35251494630742974,-0.00012214363732152326,0.0016190822292130257,-8.987874110821362e-06,0.9871825311286854,0.15958705688844382
2026-09-30T01:49:19.317 0.07883601648501581,-0.3525899856195418,-0.00012261660485022745,0.0016204874289693725,-8.647727777931179e-06,0.9880520083832824,0.15411230539924975
2026-09-30T01:49:19.370 0.07906871382386163,-0.35266210431002243,-0.00012286530178805082,0.0016218492093010748,-8.120323690770632e-06,0.9888908488569067,0.1486346480006238
2026-09-30T01:49:19.410 0.07930331821602259,-0.35273154076750485,-0.00012328092745312672,0.0016228159877355105,-7.889654426335033e-06,0.9896994700433341,0.14315140726505984
2026-09-30T01:49:19.467 0.0795388764184636,-0.3527987718411047,-0.000123593753341091,0.0016243744614348988,-7.421569236374089e-06,0.9904776923557046,0.13766372905833846
2026-09-30T01:49:19.506 0.07977443427859919,-0.3528631418917911,-0.00012410029455040531,0.001625405025890298,-7.1616648953075625e-06,0.9912255166791095,0.13217160470935063
2026-09-30T01:49:19.560 0.08001094608212185,-0.3529246509074861,-0.0001244146292344408,0.0016261075808075474,-6.717711601763118e-06,0.9919427044483223,0.1266768598472357
2026-09-30T01:49:19.603 0.08024745783056553,-0.35298365652810354,-0.0001247438654705129,0.0016278901864023947,-6.589602455631421e-06,0.9926294929577181,0.12117771924170717
2026-09-30T01:49:19.650 0.08048539984363329,-0.35304003952636537,-0.0001252094742088803,0.001628445874649713,-6.287088606102793e-06,0.9932858244291617,0.1156746260533688
2026-09-30T01:49:19.698 0.0807247725158469,-0.35309332306506697,-0.00012555813610387828,0.001629855138459208,-5.842832932070625e-06,0.9939116376162349,0.11016805412234189
2026-09-30T01:49:19.757 0.08096509866924659,-0.35314446082456913,-0.00012601261420796964,0.0016306242130755078,-5.717233076045207e-06,0.9945069933010418,0.10465744745268149
2026-09-30T01:49:19.801 0.08120304086898128,-0.35319321442826757,-0.00012629941048342301,0.0016315936811488135,-5.215552062791433e-06,0.9950718312172732,0.09914327305854138
2026-09-30T01:49:19.849 0.08144241335089676,-0.3532388685724494,-0.00012670767819659753,0.0016322510855278996,-5.010085952888947e-06,0.9956060325683023,0.09362672505699218
2026-09-30T01:49:19.950 0.08168369317410427,-0.35328225771611366,-0.00012710406085796193,0.0016333669825227609,-4.677456659347427e-06,0.9961097159464248,0.08810655984406027
2026-09-30T01:49:20.001 0.08192306561429144,-0.3533227262561978,-0.00012749742827675297,0.0016339833091139886,-4.3386734836525255e-06,0.9965828225079261,0.08258333949324846
2026-09-30T01:49:20.043 0.08216386869681816,-0.3533606317785273,-0.00012778874990699952,0.001634845789575215,-3.9613370581166365e-06,0.9970252324630088,0.0770585043693137
2026-09-30T01:49:20.099 0.08240467148491053,-0.3533957358825828,-0.00012824398456371053,0.0016355130480091597,-3.698428525315392e-06,0.9974370057613122,0.07153142401280495
2026-09-30T01:49:20.135 0.08264738174965326,-0.35342809814894594,-0.00012859792739119646,0.0016362536952502227,-3.2501161154063096e-06,0.9978180825915048,0.06600300536107881
2026-09-30T01:49:20.190 0.08289009202774661,-0.353457778206289,-0.00012892206837226226,0.0016366437651327678,-2.976529396490335e-06,0.9981685824871067,0.06047150009720662
2026-09-30T01:49:20.230 0.08313041783309759,-0.3534850145032436,-0.00012940635267093883,0.001637467352138368,-2.667922720966178e-06,0.9984885644238148,0.05493546585242091
2026-09-30T01:49:20.284 0.08337312802009067,-0.3535093301425599,-0.0001297453956720052,0.0016380848211121166,-2.3938799904450765e-06,0.9987777309161296,0.049400009093277436
2026-09-30T01:49:20.331 0.08361679192162166,-0.3535313211887153,-0.00013004124348573113,0.0016385359505870166,-1.9163080856394584e-06,0.9990362011300281,0.043863242332829705
2026-09-30T01:49:20.380 0.08385997871196427,-0.35355021279937326,-0.0001304853493020279,0.0016390058014124666,-1.7841363944424314e-06,0.9992640345144487,0.038323660872970546
2026-09-30T01:49:20.419 0.08410221179466217,-0.3535663626083786,-0.0001309279477066469,0.0016393763178425874,-1.4434621954743603e-06,0.999461171564506,0.032782296718046534
2026-09-30T01:49:20.474 0.08434396833912366,-0.3535800090282687,-0.00013116117659470847,0.0016399247075492274,-9.056361388122025e-07,0.999627492876551,0.027243093280218657
2026-09-30T01:49:20.536 0.08458620128510153,-0.3535909136285425,-0.0001316484792849659,0.0016396002204060846,-8.046909883473965e-07,0.9997632376459734,0.021697473634294178
2026-09-30T01:49:20.571 0.08483129537935315,-0.3535989571698276,-0.00013203599802563996,0.0016407219063268527,-4.1465319521951e-07,0.9998681060946505,0.01615792208642319
2026-09-30T01:49:20.619 0.08507448204421422,-0.3536041397121828,-0.00013245030379912772,0.0016397309242891427,-3.808397857319407e-08,0.9999423989500811,0.010607076149980663
2026-09-30T01:49:20.668 0.08531909935516707,-0.35360705726000735,-0.0001327625637353248,0.0016382069128032725,1.5208178618027954e-07,0.9999858766143098,0.005055971716515144
2026-09-30T01:49:20.711 0.08556085532725152,-0.3536070542162915,-0.00013324911427962312,0.0015333773861810065,5.486916003358441e-07,0.9999987400775109,-0.00041060550596829393
2026-09-30T01:49:20.759 0.08580118094361164,-0.3536043093769046,-0.00013361419434162672,0.0016389104995908317,9.29312695685978e-07,0.9999806804831902,-0.0059960513579041435
2026-09-30T01:49:20.799 0.0860429370381395,-0.353599061124427,-0.00013398153660331368,0.0016408449103117789,1.3967593327688594e-06,0.999931946979358,-0.011550282944569721
2026-09-30T01:49:20.850 0.08628612358352264,-0.3535910114356377,-0.00013436604225599847,0.001640908281847631,1.6124815507272144e-06,0.9998525782378321,-0.017091787752317865
2026-09-30T01:49:20.893 0.08652978693094747,-0.3535802199271856,-0.00013475130228722033,0.0016409113291631764,1.9724800973052324e-06,0.9997423939069593,-0.022637429874024013
2026-09-30T01:49:20.946 0.08677345019748171,-0.35356674620972417,-0.00013516636504229472,0.0016409187221057221,2.249882197687319e-06,0.9996015131892491,-0.02818017406705259
2026-09-30T01:49:20.989 0.08701520613336934,-0.35355076912119066,-0.00013554861020141472,0.0016412495566447388,2.7048343960750295e-06,0.9994298762101056,-0.03372282359515461
2026-09-30T01:49:21.038 0.08725648527035622,-0.3535321694342824,-0.00013588539843172555,0.0016406438441360458,2.9342017143099267e-06,0.9992276031961955,-0.03926200822619638
2026-09-30T01:49:21.078 0.08749824106652204,-0.3535107087184382,-0.0001363123479154809,0.0016403063315730958,3.394865501425768e-06,0.998994573963664,-0.04480123407643432
2026-09-30T01:49:21.124 0.08773952013071586,-0.35348632738098723,-0.0001366491370914689,0.0016401767387576763,3.573496079680208e-06,0.9987308481750868,-0.05033887872179773
2026-09-30T01:49:21.165 0.08798032214284902,-0.35345980028234975,-0.0001371043818289035,0.001639980466015456,3.9408707586528335e-06,0.9984364260472594,-0.05587498179432592
2026-09-30T01:49:21.228 0.08822064739719852,-0.353430173748174,-0.00013748436743038663,0.001639617180602729,4.2999845087681365e-06,0.9981111884381385,-0.06141145782032903
2026-09-30T01:49:21.268 0.0884619263653355,-0.3533981630161924,-0.0001378211578542785,0.0016388114054744,4.679370712059012e-06,0.9977553143996573,-0.0669451033498494
2026-09-30T01:49:21.317 0.08870272838570538,-0.3533629336394048,-0.00013820189830226264,0.0016384340842903254,5.0623806361803025e-06,0.9973689224617681,-0.07247446457598306
2026-09-30T01:49:21.361 0.0889406693574351,-0.35332537971749167,-0.0001385781155500377,0.001637845138994099,5.412828459975565e-06,0.9969517150802678,-0.07800381549972109
2026-09-30T01:49:21.417 0.0891795639434579,-0.35328502436527015,-0.00013897074225873885,0.001636862944626317,5.7125750391846014e-06,0.9965039308381847,-0.08352985377165288
2026-09-30T01:49:21.458 0.08941845870775356,-0.3532419868040094,-0.00013922925912304287,0.001636430812604948,6.143457432675056e-06,0.9960255689888426,-0.08905272582524357
2026-09-30T01:49:21.509 0.08965735311593927,-0.3531968630802199,-0.00013969639232452475,0.0016356662252668833,6.454545449872744e-06,0.9955164514034799,-0.09457441270957641
2026-09-30T01:49:21.556 0.08989338665421155,-0.3531486399509011,-0.00014003979331199255,0.001634922522474486,6.734102321715089e-06,0.9949768758464609,-0.10009167554703906
2026-09-30T01:49:21.606 0.09013085055885359,-0.3530983902456635,-0.00014045996213399046,0.0016340870899794568,7.0174827115693355e-06,0.9944065443643949,-0.10560754819330083
2026-09-30T01:49:21.653 0.0903659304750136,-0.35304486231495313,-0.00014072735041615732,0.0016332542522766449,7.591487512880653e-06,0.9938058145324866,-0.11111856471507174
2026-09-30T01:49:21.702 0.09059910263719183,-0.35298889061786465,-0.0001412301416588474,0.001632289364753755,7.858594261050021e-06,0.9931818990068823,-0.1165635065307985
2026-09-30T01:49:21.740 0.0908289370043602,-0.35293214410241,-0.00014168295209007173,0.001630470872766639,8.222734268615762e-06,0.992546421809589,-0.1218562351712101
2026-09-30T01:49:21.793 0.0910535262485774,-0.35287420556008653,-0.0001420678649152204,0.0016289420025593154,8.39476080272268e-06,0.9919014681839794,-0.12699930665931466
2026-09-30T01:49:21.837 0.09127430083991363,-0.3528156710193373,-0.0001424169441121521,0.0016271825168160368,8.45577446161238e-06,0.9912433427682461,-0.13203782648616444
2026-09-30T01:49:21.889 0.09148887637451002,-0.3527558252544668,-0.00014286053043061306,0.0016255739996437887,8.983571988973103e-06,0.9905784827860061,-0.13693657973617349
2026-09-30T01:49:21.940 0.09169868340437441,-0.35269615836358115,-0.00014338598427451885,0.0016236174625819894,8.742812090163076e-06,0.9899188099982407,-0.14162666910425334
2026-09-30T01:49:21.979 0.09189895365512488,-0.35263643198812467,-0.00014392616181187743,0.0016218013359832945,8.950011144670445e-06,0.9892746359381399,-0.14605842793137488
2026-09-30T01:49:22.022 0.09208968742299317,-0.3525777190116704,-0.0001443022491563844,0.0016198069419069922,8.93450045649948e-06,0.9886545441396434,-0.15019843041017325
2026-09-30T01:49:22.074 0.09227088417359651,-0.352520615480729,-0.0001448569724896149,0.001617571860806954,8.73883831869861e-06,0.9880643759950551,-0.1540330233242539
2026-09-30T01:49:22.119 0.09244159082356888,-0.3524651810118835,-0.00014521629537747244,0.0016155135683102154,8.974572210163749e-06,0.9875094956631725,-0.15755121710235875
2026-09-30T01:49:22.169 0.09260037654763793,-0.35241254811143335,-0.00014558657184046066,0.0016137380615963111,9.214753013799624e-06,0.9869962808726629,-0.16073499092633417
2026-09-30T01:49:22.213 0.0927906330778075,-0.35234817269976754,-0.00014617052217702888,0.0016123541699325638,8.403725899147138e-06,0.9865333148096032,-0.16355249620285411
2026-09-30T01:49:22.264 0.09293463715058077,-0.3522992354733719,-0.00014636841477766118,0.0016106232480081527,8.697062751534697e-06,0.9861201210825403,-0.16602563842151088
2026-09-30T01:49:22.306 0.09309056206161279,-0.35224427802776886,-0.00014658515661475867,0.0016096658257186906,9.186985577443296e-06,0.9857639111382346,-0.1681276907263639
2026-09-30T01:49:22.358 0.09321120138101023,-0.3522030300946999,-0.00014665669852881856,0.0016081947265736496,9.33544607174566e-06,0.9854642686574087,-0.16987521544383608
2026-09-30T01:49:22.399 0.09332564129071702,-0.352162378286186,-0.0001470611655335223,0.0016075446245327767,8.922730367294905e-06,0.9852271531970072,-0.17124506510841775
2026-09-30T01:49:22.448 0.09343292877775157,-0.35212422996279286,-0.00014739471860741036,0.0016063985892052768,8.807113590853145e-06,0.98505071792858,-0.1722570826247692
2026-09-30T01:49:22.486 0.09351303675694095,-0.35209633398048995,-0.00014765549370520783,0.0016063423523175408,9.000480279128559e-06,0.98493674976187,-0.1729075433628101
2026-09-30T01:49:22.539 0.09355261413259218,-0.3520804190420357,-0.00014762866564879443,0.0016061715727859374,8.349969700696454e-06,0.9848709439914324,-0.17328197778355933
2026-09-30T01:49:22.582 0.09358265448363132,-0.35206927259527254,-0.00014781027534953076,0.0016060456044977365,8.648828977163265e-06,0.9848359549024274,-0.17348072652066673
2026-09-30T01:49:22.642 0.09360840369728854,-0.3520611660393826,-0.00014776158204388824,0.0016061878071065164,8.628674074964205e-06,0.9848211126985503,-0.17356496210198538
2026-09-30T01:49:22.686 0.0936174635765065,-0.3520580664837868,-0.00014776100607964216,0.0016060059641553235,8.742011028976894e-06,0.9848182517162567,-0.17358119643255146
2026-09-30T01:49:22.736 0.09361555621270114,-0.3520585433449614,-0.00014777289142392977,0.001605895866479838,8.78269557225396e-06,0.9848207552885682,-0.17356699275549142
2026-09-30T01:49:22.777 0.09361078782397331,-0.3520604507536337,-0.0001477951540963737,0.0016058834302037658,8.743476763779376e-06,0.984824927773886,-0.17354331648646257
2026-09-30T01:49:22.832 0.09360697305524555,-0.35206188131314653,-0.00014784872699209127,0.0016059105024595513,8.660896578418558e-06,0.9848299347230997,-0.17351490036807324
2026-09-30T01:49:22.875 0.09360315840732115,-0.3520635502912247,-0.000147827794135971,0.0016058294897891437,8.838096081299047e-06,0.9848350013645581,-0.17348614158142006
2026-09-30T01:49:22.929 0.09359982065988585,-0.3520646828214884,-0.00014776291186996117,0.0016058636716697226,8.846804929456003e-06,0.9848396506674415,-0.17345974632990196
2026-09-30T01:49:22.971 0.0935950524308271,-0.35206617299762827,-0.00014768086661267276,0.0016059055629628943,8.763919824848307e-06,0.9848435250759406,-0.1734377470636426
2026-09-30T01:49:23.022 0.09359266805248331,-0.3520674843298549,-0.0001478112070309445,0.0016058999110529252,8.755073800420294e-06,0.9848471610948576,-0.17341709919216158
2026-09-30T01:49:23.069 0.09359028385361673,-0.3520680804063224,-0.000147822338425662,0.0016059661898226952,8.661940182758455e-06,0.9848507970569353,-0.17339644844658006
2026-09-30T01:49:23.119 0.09358742289187072,-0.3520689149073643,-0.00014778801242360632,0.001605912232047917,8.76712305769454e-06,0.9848542542936768,-0.17337681150801726
2026-09-30T01:49:23.158 0.09358313133520235,-0.3520704646821646,-0.00014781102908461742,0.0016058796934420331,8.724496023884157e-06,0.9848571750523574,-0.173360219837724
2026-09-30T01:49:23.213 0.09358408501282929,-0.35207082229802633,-0.0001478125368862652,0.0016059656261716946,8.652776085491622e-06,0.9848597976834197,-0.17334531925180718
2026-09-30T01:49:23.250 0.09358027044713906,-0.35207153760177734,-0.0001477319996158603,0.0016058978784782008,8.654193948145457e-06,0.9848618839748129,-0.17333346621668583
2026-09-30T01:49:23.302 0.09357788625352557,-0.3520725509107583,-0.00014774313094233302,0.0016059859304139363,8.633902518005482e-06,0.9848634336818901,-0.17332465990436594
2026-09-30T01:49:23.347 0.09357883997226958,-0.35207243168945646,-0.0001477148365368385,0.0016060188899940787,8.581373322250578e-06,0.9848646853985468,-0.17331754696079324
2026-09-30T01:49:23.387 0.09357740932197171,-0.35207249131212787,-0.00014780198159228326,0.0016059716357632943,8.698072319630075e-06,0.984865579537827,-0.17331246643293918
2026-09-30T01:49:23.423 0.09357645579771376,-0.35207308737056603,-0.00014771106677923855,0.0016059798029269359,8.583674010421337e-06,0.9848659967789507,-0.1733100953314525
2026-09-30T01:49:23.478 0.09357645572928415,-0.35207326618450857,-0.00014775577017769528,0.0016059793193994103,8.689062733297997e-06,0.9848663544200981,-0.17330806295781956
2026-09-30T01:49:23.520 0.09357645558792227,-0.35207326618452495,-0.00014784517703310423,0.0016059611309916255,8.711420933119105e-06,0.984866533254862,-0.17330704684895806
2026-09-30T01:49:23.569 0.09357597888896978,-0.3520729681672881,-0.0001477550162963699,0.0016059835694947927,8.678681237191634e-06,0.9848666524507182,-0.1733063692769867
2026-09-30T01:49:23.605 0.09357645568066264,-0.35207314697522446,-0.0001477855724823301,0.001605937129892673,8.635707308741483e-06,0.984866473667046,-0.17330738569950502
2026-09-30T01:49:23.655 0.09357693259090749,-0.35207338538779187,-0.00014774162294570024,0.0016059605524967597,8.644811680058978e-06,0.9848666524689168,-0.17330636938855218
2026-09-30T01:49:23.698 0.09357740949890103,-0.35207344498642507,-0.00014769767343831815,0.0016060176536586757,8.586758348117421e-06,0.9848671888849438,-0.17330332048588118
2026-09-30T01:49:23.752 0.09357645578015701,-0.3520735642077269,-0.00014772596784381272,0.001605931355020654,8.680674610687957e-06,0.984867844627911,-0.17329959471130288
2026-09-30T01:49:23.792 0.09357502511155193,-0.3520740410629145,-0.0001478280139735809,0.0016059615082472097,8.675858341885355e-06,0.9848685002788293,-0.1732958683030072
2026-09-30T01:49:23.841 0.09357359483896951,-0.3520741602901869,-0.00014767674073818592,0.0016060022399186583,8.722515989530722e-06,0.9848690963145852,-0.1732924805212722
2026-09-30T01:49:23.881 0.0935740716276606,-0.3520741006795442,-0.00014770729696314314,0.0016059789215082773,8.590518339387155e-06,0.9848697520077861,-0.1732887542168529
2026-09-30T01:49:23.933 0.0935735947256706,-0.35207451791806926,-0.00014775124639253122,0.0016059587715362704,8.753494721168524e-06,0.9848702288780692,-0.17328604412779525
2026-09-30T01:49:23.974 0.09357264102298248,-0.3520740410929207,-0.00014776463975295007,0.0016059435845139343,8.760270667715148e-06,0.9848707653512385,-0.17328299519839416
2026-09-30T01:49:24.038 0.09357216421748507,-0.3520746371453691,-0.0001477489845828178,0.0016059951984086448,8.701496839119102e-06,0.98487094413083,-0.1732819786087243
2026-09-30T01:49:24.086 0.09357264102748514,-0.35207439872078927,-0.0001477646396944546,0.001605960939418808,8.788183077778446e-06,0.9848712421918856,-0.17328028484406818
2026-09-30T01:49:24.134 0.09357359477354169,-0.35207457752270854,-0.00014772144409764564,0.0016060177889329133,8.672304216766329e-06,0.9848712421469547,-0.17328028457838898
2026-09-30T01:49:24.176 0.09357407149530404,-0.3520748159352978,-0.00014779670370156109,0.0016059468505672757,8.694419444775816e-06,0.9848713614166235,-0.1732796073416811
2026-09-30T01:49:24.226 0.09357311791867234,-0.35207499476122806,-0.00014773559124189742,0.0016059254036551972,8.700231849751872e-06,0.9848713018267811,-0.17327994623130966
2026-09-30T01:49:24.271 0.09357264103498958,-0.35207499476723697,-0.0001477646395969621,0.0016059360626472126,8.617341722157397e-06,0.984871301818362,-0.173279946184517
2026-09-30T01:49:24.323 0.0935731178913598,-0.352074696738007,-0.00014775049243321184,0.001605996559058382,8.661237726359071e-06,0.9848713613773306,-0.17327960710596924
2026-09-30T01:49:24.367 0.09357311789211024,-0.35207475634265173,-0.0001477504924234626,0.001606007877905524,8.660198343279299e-06,0.9848714209751789,-0.17327926826377493
2026-09-30T01:49:24.420 0.09357311777205733,-0.3520745775287311,-0.00014782499816555112,0.0016059020653395955,8.813001375312247e-06,0.9848714806656089,-0.17327892997251135
2026-09-30T01:49:24.458 0.09357264098636806,-0.35207487555795286,-0.00014779444190159691,0.0016059659878425489,8.755173252166501e-06,0.9848714210082857,-0.1732792684590772
2026-09-30T01:49:24.506 0.09357264107910843,-0.3520747563486524,-0.00014773483735082277,0.0016060057485324643,8.614542348720088e-06,0.984871301763274,-0.17327994585190667
2026-09-30T01:49:24.545 0.09357216426685704,-0.35207481595929785,-0.00014771918226843373,0.0016060256213509935,8.638034858486265e-06,0.984871242140766,-0.17328028454268224
2026-09-30T01:49:24.594 0.09357311783973651,-0.3520743391101438,-0.0001477802947768436,0.0016059238250418254,8.637271138046653e-06,0.9848712422212383,-0.1732802850287959
2026-09-30T01:49:24.634 0.09357264112848039,-0.35207493516258126,-0.0001477050350364387,0.0016059473120190752,8.980551642124985e-06,0.9848713018094377,-0.17327994611253839
2026-09-30T01:49:24.690 0.09357216426760748,-0.3520748755639426,-0.00014771918225868448,0.0016059822961055114,8.660926149690873e-06,0.9848712421750135,-0.17328028474843543
2026-09-30T01:49:24.739 0.09357264117334968,-0.35207475634864144,-0.00014767523278055015,0.0016059625250849138,8.702979600094717e-06,0.9848712421906394,-0.1732802848407551
2026-09-30T01:49:24.780 0.09357359463293025,-0.35207463712736975,-0.00014781085094330533,0.0016059720156453867,8.623882043725231e-06,0.9848713613967358,-0.1732796072250101
2026-09-30T01:49:24.821 0.09357407165647402,-0.3520745179120549,-0.0001476923957523302,0.0016060211934282827,8.641576250260987e-06,0.9848713613578581,-0.17327960698930697
2026-09-30T01:49:24.872 0.09357454849453706,-0.35207463711534104,-0.00014769314966290334,0.0016059677910259928,8.77311809925265e-06,0.9848713614000626,-0.1732796072377645
2026-09-30T01:49:24.910 0.09357311782593197,-0.35207511397052854,-0.00014779519579267156,0.0016059044105342834,8.698080780502264e-06,0.9848713018433768,-0.17327994633165134
2026-09-30T01:49:24.963 0.09357311796654341,-0.3520750543658674,-0.00014770578894701187,0.0016060297223926918,8.670155436326294e-06,0.9848713017443173,-0.17327994573467911
2026-09-30T01:49:25.006 0.09357311779711855,-0.35207469673801794,-0.00014781009700348446,0.001605946560436569,8.715921078410905e-06,0.984871421023647,-0.1732792685538007
2026-09-30T01:49:25.055 0.09357264105404722,-0.35207463713936565,-0.00014774973851288943,0.0016059299660438227,8.754654690755821e-06,0.9848714806435579,-0.17327892984222348
2026-09-30T01:49:25.097 0.09357311777355823,-0.35207469673802066,-0.00014782499814605264,0.0016059505008101272,8.774830488206064e-06,0.9848715402341193,-0.17327859095360063
2026-09-30T01:49:25.146 0.09357264107760754,-0.3520746371393629,-0.00014773483737032125,0.0016059241047987661,8.828772185682066e-06,0.984871421041389,-0.1732792686553638
2026-09-30T01:49:25.187 0.09357216422273817,-0.35207505437788245,-0.00014774898451457307,0.0016059598425974247,8.672130001658634e-06,0.9848713017995586,-0.17327994606826527
2026-09-30T01:49:25.236 0.09357264100617614,-0.3520745775347263,-0.00014777954080777498,0.0016059602188271639,8.786939010649722e-06,0.9848714210128435,-0.17327926848503147
2026-09-30T01:49:25.275 0.09357311786930038,-0.3520748159472992,-0.00014776539355628148,0.0016059863081680373,8.651563825907121e-06,0.9848713613854349,-0.17327960715539675
2026-09-30T01:49:25.326 0.09357264096055641,-0.35207469674402136,-0.00014780934307341283,0.0016060205066835303,8.613437412310886e-06,0.9848713017516073,-0.17327994578148742
2026-09-30T01:49:25.378 0.09357359480010377,-0.35207481594128487,-0.0001477065429160805,0.001606012563030805,8.586586651212244e-06,0.9848711825442972,-0.173280623393719
2026-09-30T01:49:25.442 0.09357311794223266,-0.35207499476122533,-0.00014772069009932927,0.0016059523873659899,8.793172769710739e-06,0.9848711229850534,-0.173280962456265
2026-09-30T01:49:25.485 0.09357311784273828,-0.3520745775287229,-0.00014778029473784662,0.0016059635006149635,8.775726707640737e-06,0.984871242189862,-0.17328028483246388
2026-09-30T01:49:25.538 0.09357359470436163,-0.3520746967320063,-0.00014776614750585163,0.0016059266225363856,8.789159908684501e-06,0.9848711826122175,-0.17328062379402348
2026-09-30T01:49:25.575 0.09357454839954533,-0.3520745775107072,-0.00014775275424292524,0.0016058800773960807,8.752283883642427e-06,0.9848711826490159,-0.1732806240181045
2026-09-30T01:49:25.628 0.09357311784423918,-0.35207469673801245,-0.00014778029471834814,0.0016059719337826038,8.695602133944875e-06,0.984871182576406,-0.17328062358234408
2026-09-30T01:49:25.669 0.09357168726462224,-0.35207475636067564,-0.00014782273634608847,0.0016059484173684064,8.792975901267962e-06,0.9848711825949878,-0.1732806236897666
2026-09-30T01:49:25.718 0.0935702568028069,-0.3520748159833252,-0.00014779067226098797,0.0016059718101628564,8.65519315531583e-06,0.9848711229697111,-0.17328096237040228
2026-09-30T01:49:25.756 0.09357168749572273,-0.3520743987327797,-0.00014767372497890237,0.0016060468260742414,8.889800783433732e-06,0.9848713017307774,-0.17327994564198157
2026-09-30T01:49:25.809 0.09357359472642104,-0.35207457752271404,-0.00014775124638278196,0.0016059770590311254,8.639521364830311e-06,0.9848713017859516,-0.17327994598767044
2026-09-30T01:49:25.854 0.09357407158354175,-0.35207433909812874,-0.00014773709920928242,0.0016059510601954849,8.764543639203191e-06,0.9848713614132896,-0.17327960731808248
2026-09-30T01:49:25.906 0.0935740714694924,-0.35207463712136633,-0.00014781160487337697,0.0016059365588956755,8.784837886460182e-06,0.9848713018179552,-0.17327994617381917
2026-09-30T01:49:25.958 0.0935731178913598,-0.352074696738007,-0.00014775049243321184,0.001605918013630348,8.711006440696963e-06,0.9848714210462143,-0.17327926869034976
2026-09-30T01:49:26.010 0.0935716872455646,-0.352075113988547,-0.00014783763743016112,0.001605948609712496,8.686548603040852e-06,0.9848713614152333,-0.1732796073336726
2026-09-30T01:49:26.055 0.09357168757240722,-0.35207487556992967,-0.0001476290214732039,0.0016059811024424237,8.644898805894434e-06,0.9848713613895509,-0.1732796071805837
2026-09-30T01:49:26.104 0.09357168733155097,-0.3520744583374436,-0.0001477780329671302,0.0016060284198000584,8.743200025984221e-06,0.9848715401725252,-0.17327859058311182
2026-09-30T01:49:26.160 0.09357264105329677,-0.3520745775347209,-0.00014774973852263868,0.001605988691189882,8.72641372530146e-06,0.9848715402039329,-0.17327859077366292
2026-09-30T01:49:26.202 0.09357359460786903,-0.3520745179180829,-0.00014782575210537202,0.0016058938355049941,8.74621826853511e-06,0.9848715998857128,-0.17327825243535064
2026-09-30T01:49:26.250 0.09357311789586246,-0.3520750543658756,-0.00014775049237471634,0.0016059525698389932,8.723265150700928e-06,0.984871480625692,-0.17327892973586176
2026-09-30T01:49:26.297 0.09357311789361113,-0.3520748755519413,-0.00014775049240396408,0.0016059617933039793,8.724306558435302e-06,0.9848715402251966,-0.1732785909022064
2026-09-30T01:49:26.351 0.09357359465874189,-0.35207481594130124,-0.00014779594977148945,0.0016059830053183038,8.714569749016336e-06,0.9848714806016327,-0.1732789295909661
2026-09-30T01:49:26.392 0.0935745483038032,-0.3520744583014286,-0.00014781235883269637,0.0016058945260657212,8.767225612147441e-06,0.9848715402783692,-0.1732785912212461
2026-09-30T01:49:26.438 0.09357311789511202,-0.35207499476123083,-0.0001477504923844656,0.001605870758676229,8.799050287669413e-06,0.9848712422631746,-0.17328028527410347
2026-09-30T01:49:26.481 0.09357264096130685,-0.3520747563486661,-0.00014780934306366357,0.001605895000943771,8.659044197097313e-06,0.9848713018508187,-0.17327994637851396
2026-09-30T01:49:26.525 0.09357264107985887,-0.35207481595329715,-0.00014773483734107352,0.0016060189539102983,8.578506565719728e-06,0.9848712421460418,-0.17328028457744885
2026-09-30T01:49:26.575 0.09357359482066231,-0.3520745775227031,-0.0001476916418125093,0.00160596306865956,8.78519413138214e-06,0.9848713017969988,-0.17327994604722094
2026-09-30T01:49:26.613 0.0935740716344146,-0.3520746371213472,-0.00014770729687539987,0.0016059350540192287,8.702661824037775e-06,0.984871361425948,-0.1732796073975979
2026-09-30T01:49:26.667 0.09357359480085421,-0.35207487554592964,-0.00014770654290633124,0.0016059651179942398,8.63470133955173e-06,0.9848711825817993,-0.17328062361790456
2026-09-30T01:49:26.713 0.09357502528622991,-0.35207481592327733,-0.00014772370584886357,0.0016059306237748352,8.761423697134982e-06,0.9848710633954646,-0.17328130134655526
2026-09-30T01:49:26.779 0.09357311793848044,-0.3520746967380015,-0.00014772069014807552,0.0016059580901940148,8.780584413237071e-06,0.9848710633737503,-0.17328130121444862
2026-09-30T01:49:26.822 0.09357121033607019,-0.3520749351806243,-0.0001478815869570417,0.0016059763401900312,8.629123215569044e-06,0.984870944145744,-0.17328197870235604
2026-09-30T01:49:26.893 0.09357311809814953,-0.35207427950546893,-0.00014761638221834312,0.001606069817761761,9.025242457875248e-06,0.9848710632854057,-0.17328130066847883
2026-09-30T01:49:26.931 0.09357311795453631,-0.35207410069155104,-0.00014770578910299986,0.0016059419667361625,8.70899148799501e-06,0.9848710037797063,-0.17328164007911181
2026-09-30T01:49:26.989 0.0935726410753562,-0.35207445832542855,-0.00014773483739956902,0.001605955165171689,8.719240746769448e-06,0.9848709441624756,-0.17328197879899757
2026-09-30T01:49:27.037 0.09357311791191834,-0.35207445831942513,-0.00014773559132964066,0.0016059386264546723,8.77299322635681e-06,0.984870884568749,-0.1732823176580126
2026-09-30T01:49:27.085 0.09357264109816608,-0.35207439872078106,-0.00014771993626675012,0.0016059390410387057,8.71445167059852e-06,0.9848708845684264,-0.17328231765895824
2026-09-30T01:49:27.125 0.09357264119465866,-0.35207457753470445,-0.0001476603316672297,0.0016059875389530709,8.674052769516638e-06,0.9848708249232953,-0.1732826562114447
2026-09-30T01:49:27.177 0.09357311770062596,-0.35207451792409455,-0.00014786970160300485,0.0016059763326357285,8.72328763005535e-06,0.9848709441457419,-0.1732819786977234
2026-09-30T01:49:27.219 0.0935726410001726,-0.3520741006975681,-0.000147779540885769,0.0016059352541596202,8.76698676658858e-06,0.9848710633918037,-0.17328130132416777
2026-09-30T01:49:27.264 0.09357311786854994,-0.35207475634265445,-0.00014776539356603074,0.0016059820321142392,8.680381768488887e-06,0.9848710037480362,-0.17328163988922607
2026-09-30T01:49:27.301 0.0935726410753562,-0.35207445832542855,-0.00014773483739956902,0.0016059726243412172,8.709275413323455e-06,0.984871122969063,-0.17328096236383145
2026-09-30T01:49:27.353 0.09357216442877746,-0.35207457754069965,-0.0001476148743094536,0.0016060113893603513,8.775646559656908e-06,0.9848711229384125,-0.17328096217540973
2026-09-30T01:49:27.395 0.09357264105404722,-0.35207463713936565,-0.00014774973851288943,0.001605932424587632,8.830555091850457e-06,0.9848712422144236,-0.17328028497808817
2026-09-30T01:49:27.449 0.0935726411718488,-0.35207463713935194,-0.00014767523280004863,0.0016059955729579099,8.745556988182392e-06,0.9848712421645106,-0.17328028468082854
2026-09-30T01:49:27.486 0.09357359479860289,-0.3520746967319954,-0.000147706542935579,0.0016059812370566998,8.635998090875398e-06,0.9848713017826489,-0.173279945967894
2026-09-30T01:49:27.534 0.09357407168453699,-0.35207487553992073,-0.00014767749455126656,0.0016059882989950158,8.6827411761169e-06,0.9848713017770622,-0.17327994593186008
2026-09-30T01:49:27.580 0.09357454845116865,-0.3520749351385703,-0.00014772295189929342,0.0016059522380773136,8.672872228154765e-06,0.9848713614123663,-0.1732796073170258
2026-09-30T01:49:27.620 0.09357311789511202,-0.35207499476123083,-0.0001477504923844656,0.0016059258566883485,8.664745574958956e-06,0.9848713018264259,-0.17327994623090723
2026-09-30T01:49:27.659 0.09357264103273824,-0.35207481595330264,-0.00014776463962620984,0.0016059537444630821,8.718458829135854e-06,0.9848713614111715,-0.17327960730756742
2026-09-30T01:49:27.715 0.09357311777731045,-0.3520749947612445,-0.0001478249980973064,0.0016060123387874763,8.694664533135285e-06,0.9848713613648533,-0.17327960702896059
2026-09-30T01:49:27.758 0.09357311786704905,-0.35207463713336495,-0.00014776539358552922,0.0016059418508706043,8.745206153274175e-06,0.9848713614205714,-0.17327960736302309
2026-09-30T01:49:27.805 0.09357216431097588,-0.35207457754071336,-0.0001476893800222944,0.0016059736967656748,8.680909695711314e-06,0.984871361395402,-0.17327960721416327
2026-09-30T01:49:27.843 0.09357216431022544,-0.3520745179360686,-0.00014768938003204365,0.0016059768454958702,8.647763838161257e-06,0.9848713017861196,-0.17327994598828272
2026-09-30T01:49:27.895 0.0935726411467876,-0.35207451793006517,-0.0001476901339621153,0.0016060331375251607,8.538213204499257e-06,0.9848712421348328,-0.17328028451168834
2026-09-30T01:49:27.937 0.0935735946770491,-0.35207439870878515,-0.00014778104869716602,0.0016060145940145836,8.671686601335012e-06,0.9848712421494803,-0.17328028459367645
2026-09-30T01:49:27.986 0.09357359465949233,-0.352074875545946,-0.0001477959497617402,0.0016059319665575709,8.707738231526572e-06,0.9848712422147963,-0.17328028498643017
2026-09-30T01:49:28.029 0.09357407156898676,-0.35207505435386877,-0.00014775200023485962,0.0016059979885024239,8.696223112974818e-06,0.984871063342217,-0.17328130102814798
2026-09-30T01:49:28.080 0.09357454844891731,-0.352074756324636,-0.00014772295192854118,0.001605964577845068,8.7140527094143e-06,0.9848710633686274,-0.1732813011867967
2026-09-30T01:49:28.119 0.09357216442952791,-0.3520746371453444,-0.00014761487429970434,0.0016059298215822134,8.659109904199243e-06,0.9848710037893117,-0.17328164013957684
2026-09-30T01:49:28.169 0.09357264112622905,-0.35207475634864693,-0.00014770503506568648,0.0016059774798203679,8.617486863076068e-06,0.9848710037516402,-0.17328163991407156
2026-09-30T01:49:28.213 0.09357311784348873,-0.3520746371333677,-0.00014778029472809737,0.001605985190330724,8.596023683976386e-06,0.9848710633523429,-0.17328130109421025
2026-09-30T01:49:28.281 0.09357264093474475,-0.35207451793008976,-0.00014782424424522874,0.0016059205357460541,8.656123708693844e-06,0.9848710634034488,-0.1732813013999629
2026-09-30T01:49:28.324 0.09357311817183224,-0.3520745179240399,-0.00014757167875164166,0.0016060207328136072,8.956763681884595e-06,0.9848711229310105,-0.1732809621216146
2026-09-30T01:49:28.371 0.09357168731174288,-0.35207475636067015,-0.00014779293406095214,0.0016059258465009343,8.781997976904372e-06,0.9848711826128316,-0.1732806237980884
2026-09-30T01:49:28.420 0.09357121068497223,-0.3520745775527147,-0.0001476580698770148,0.0016059956870715113,8.72107849397398e-06,0.9848711229508302,-0.17328096225311834
2026-09-30T01:49:28.464 0.09357168745235432,-0.35207469675600905,-0.00014770352721529245,0.0016059944853748895,8.694961658776469e-06,0.9848711825585785,-0.17328062347469148
2026-09-30T01:49:28.509 0.09357216433453619,-0.3520745775407106,-0.00014767447887972625,0.0016059637716082846,8.738048229843838e-06,0.9848711825828548,-0.17328062361920354
2026-09-30T01:49:28.558 0.09357264102973646,-0.3520745775347236,-0.00014776463966520683,0.0016059901402409513,8.716494739936247e-06,0.9848712421688078,-0.17328028470822027
2026-09-30T01:49:28.597 0.09357359484347218,-0.35207451791805555,-0.00014767674067969042,0.001606011533319381,8.719044101660018e-06,0.9848711825450995,-0.1732806233920869
2026-09-30T01:49:28.648 0.09357407153942289,-0.35207457751671334,-0.00014776690145542175,0.0016059235063357793,8.803785248962517e-06,0.9848712422214758,-0.17328028502201925
2026-09-30T01:49:28.694 0.09357311789060936,-0.35207463713336223,-0.00014775049244296107,0.0016059422171581083,8.72942125569081e-06,0.984871242206691,-0.17328028493640557
2026-09-30T01:49:28.740 0.09357264100842748,-0.3520747563486606,-0.00014777954077852725,0.0016059196531701177,8.782884661811629e-06,0.9848713018313197,-0.1732799462546377
2026-09-30T01:49:28.782 0.09357311791567056,-0.35207475634264895,-0.0001477355912808944,0.0016059506904161395,8.749799083497641e-06,0.9848713018067871,-0.17327994610809927
2026-09-30T01:49:28.832 0.0935731178913598,-0.352074696738007,-0.00014775049243321184,0.0016059754232550752,8.704132141737661e-06,0.9848713613940353,-0.17327960720476573
2026-09-30T01:49:28.875 0.09357264103423914,-0.3520749351625922,-0.00014776463960671133,0.001605958841083523,8.68281087033397e-06,0.9848713614071457,-0.17327960728500413
2026-09-30T01:49:28.922 0.09357264103273824,-0.35207481595330264,-0.00014776463962620984,0.0016059370306398132,8.823768603919637e-06,0.9848713018175789,-0.17327994616960768
2026-09-30T01:49:28.975 0.09357264119841088,-0.35207487555792827,-0.00014766033161848347,0.0016059294191198207,8.658055653218285e-06,0.9848712422168143,-0.1732802850010587
2026-09-30T01:49:29.012 0.09357311784198784,-0.3520745179240781,-0.00014778029474759588,0.0016059703845586822,8.75158909632661e-06,0.9848713613980142,-0.17327960722645866
2026-09-30T01:49:29.053 0.09357264107685709,-0.3520745775347181,-0.0001477348373800705,0.0016060389559407978,8.715364734120788e-06,0.9848712421302179,-0.1732802844751711
2026-09-30T01:49:29.107 0.09357359474923092,-0.3520745179180665,-0.00014773634524996304,0.0016059648986261096,8.686385412421956e-06,0.9848712421887645,-0.17328028483024616
2026-09-30T01:49:29.146 0.09357454844591553,-0.3520745179060569,-0.00014772295196753817,0.001605965559427777,8.689073877551501e-06,0.9848713017950378,-0.17327994604012717
2026-09-30T01:49:29.196 0.0935726411269795,-0.3520748159532917,-0.00014770503505593722,0.0016059143608928334,8.747078208298703e-06,0.9848711826219144,-0.17328062385467724
2026-09-30T01:49:29.238 0.09357216429116778,-0.3520748755639399,-0.00014770428111611633,0.001605929500182764,8.712731734385634e-06,0.9848711230031532,-0.17328096256956976
2026-09-30T01:49:29.285 0.09357264117560102,-0.35207493516257576,-0.0001476752327513024,0.0016060203034019961,8.678587538625918e-06,0.9848711825381702,-0.17328062335221922
2026-09-30T01:49:29.323 0.0935740716093534,-0.35207451791206035,-0.00014772219803746653,0.0016060202470651354,8.610416804427658e-06,0.9848712421450168,-0.17328028456970673
2026-09-30T01:49:29.375 0.09357454828474554,-0.3520748159292999,-0.00014782725991676905,0.001605909201775024,8.685985752762653e-06,0.9848712422327942,-0.17328028509620574
2026-09-30T01:49:29.415 0.09357311789361113,-0.3520748755519413,-0.00014775049240396408,0.0016059577200363303,8.773935504442662e-06,0.9848713018012278,-0.17327994607332523
2026-09-30T01:49:29.466 0.09357311789286069,-0.3520748159472965,-0.00014775049241371333,0.001605962099866047,8.648867354474484e-06,0.9848713017977763,-0.17327994605863806
2026-09-30T01:49:29.509 0.09357311774849703,-0.35207457752873383,-0.00014783989930811927,0.0016059719955977343,8.696878862810394e-06,0.9848713613967455,-0.17327960722149344
2026-09-30T01:49:29.561 0.0935726409818654,-0.35207451793008426,-0.0001477944419600924,0.0016059103558833867,8.752009449357453e-06,0.9848714210522643,-0.1732792687248669
2026-09-30T01:49:29.601 0.09357264110266875,-0.35207475634864965,-0.00014771993620825462,0.0016059741667700555,8.645769149618007e-06,0.9848712421814412,-0.1732802847880029
2026-09-30T01:49:29.664 0.09357311781917797,-0.3520745775287256,-0.0001477951958804148,0.0016060113476040474,8.621724743610616e-06,0.9848712421520511,-0.1732802846116469
2026-09-30T01:49:29.705 0.09357264100842748,-0.3520747563486606,-0.00014777954077852725,0.001605919119864827,8.722952157206882e-06,0.9848711230113582,-0.17328096261862333
2026-09-30T01:49:29.752 0.0935731180061596,-0.3520744583194142,-0.00014767598675936803,0.0016059553031952795,8.766196871508862e-06,0.9848710633759546,-0.1732813012284775
2026-09-30T01:49:29.789 0.09357168742804357,-0.352074637151367,-0.00014771842836760983,0.0016059340142985513,8.704194213392937e-06,0.9848711229995856,-0.17328096254844103
2026-09-30T01:49:29.840 0.09357121061654262,-0.3520747563666572,-0.00014770277327547156,0.0016059932207024114,8.699300576711413e-06,0.9848710037391898,-0.17328163983486083
2026-09-30T01:49:29.879 0.09357311790591478,-0.352073981482267,-0.00014773559140763464,0.001606066731539848,8.627554758555097e-06,0.984871122894676,-0.17328096191849612
2026-09-30T01:49:29.932 0.09357502523010394,-0.3520741006675456,-0.0001477535082509909,0.001606024783679949,8.697929670321567e-06,0.9848711229278306,-0.17328096211532934
2026-09-30T01:49:29.971 0.09357359481766055,-0.352074339104124,-0.0001476916418515063,0.0016059928482688372,8.677337185924866e-06,0.9848711229530782,-0.17328096226884843
2026-09-30T01:49:30.080 0.09357359473392549,-0.35207517356916174,-0.00014775124628528947,0.001605968069866409,8.618245824576416e-06,0.9848710037590789,-0.17328163995896617
2026-09-30T01:49:30.125 0.09357407154017335,-0.3520746371213581,-0.0001477669014456725,0.0016059937404160017,8.699233056208891e-06,0.984871122952371,-0.1732809622635011
