recv_wall_ns,sim_stamp_s,frame_id,source,x,y,yaw,lin_speed,ang_speed
1790738664431224979,505.450,odom,"ideal odometry /chassis/odom (IsaacComputeOdometry, relative to Play start)",0.5609,-0.0004,-0.0018,0.0007,0.0002
1790738664513803815,505.467,odom,"ideal odometry /chassis/odom (IsaacComputeOdometry, relative to Play start)",0.5610,-0.0004,-0.0018,0.0007,0.0003
1790738664579981670,505.483,odom,"ideal odometry /chassis/odom (IsaacComputeOdometry, relative to Play start)",0.5610,-0.0004,-0.0018,0.0007,0.0002
1790738664639410452,505.500,odom,"ideal odometry /chassis/odom (IsaacComputeOdometry, relative to Play start)",0.5610,-0.0004,-0.0018,0.0006,0.0000
1790738664740208165,505.517,odom,"ideal odometry /chassis/odom (IsaacComputeOdometry, relative to Play start)",0.5610,-0.0004,-0.0018,0.0007,0.0002
1790738664830511987,505.533,odom,"ideal odometry /chassis/odom (IsaacComputeOdometry, relative to Play start)",0.5610,-0.0004,-0.0018,0.0007,0.0004
1790738664876206890,505.550,odom,"ideal odometry /chassis/odom (IsaacComputeOdometry, relative to Play start)",0.5611,-0.0004,-0.0018,0.0006,0.0002
1790738664927283239,505.567,odom,"ideal odometry /chassis/odom (IsaacComputeOdometry, relative to Play start)",0.5611,-0.0004,-0.0018,0.0007,0.0001
1790738665014490888,505.583,odom,"ideal odometry /chassis/odom (IsaacComputeOdometry, relative to Play start)",0.5611,-0.0004,-0.0018,0.0006,0.0002
1790738665086519563,505.600,odom,"ideal odometry /chassis/odom (IsaacComputeOdometry, relative to Play start)",0.5611,-0.0004,-0.0018,0.0007,0.0004
1790738665147308368,505.617,odom,"ideal odometry /chassis/odom (IsaacComputeOdometry, relative to Play start)",0.5611,-0.0004,-0.0018,0.0007,0.0004
1790738665208520446,505.633,odom,"ideal odometry /chassis/odom (IsaacComputeOdometry, relative to Play start)",0.5611,-0.0004,-0.0018,0.0007,0.0000
1790738665296816361,505.650,odom,"ideal odometry /chassis/odom (IsaacComputeOdometry, relative to Play start)",0.5612,-0.0004,-0.0018,0.0007,0.0003
1790738665365076931,505.667,odom,"ideal odometry /chassis/odom (IsaacComputeOdometry, relative to Play start)",0.5612,-0.0004,-0.0018,0.0007,0.0000
1790738665432117110,505.683,odom,"ideal odometry /chassis/odom (IsaacComputeOdometry, relative to Play start)",0.5612,-0.0004,-0.0018,0.0006,0.0001
1790738665482932632,505.700,odom,"ideal odometry /chassis/odom (IsaacComputeOdometry, relative to Play start)",0.5612,-0.0004,-0.0018,0.0007,0.0005
1790738665546586536,505.717,odom,"ideal odometry /chassis/odom (IsaacComputeOdometry, relative to Play start)",0.5612,-0.0004,-0.0018,0.0007,0.0004
1790738665600243774,505.733,odom,"ideal odometry /chassis/odom (IsaacComputeOdometry, relative to Play start)",0.5613,-0.0004,-0.0018,0.0007,0.0001
1790738665653901201,505.750,odom,"ideal odometry /chassis/odom (IsaacComputeOdometry, relative to Play start)",0.5613,-0.0004,-0.0018,0.0006,0.0001
1790738665708891087,505.767,odom,"ideal odometry /chassis/odom (IsaacComputeOdometry, relative to Play start)",0.5613,-0.0004,-0.0018,0.0007,0.0003
1790738665780407328,505.783,odom,"ideal odometry /chassis/odom (IsaacComputeOdometry, relative to Play start)",0.5613,-0.0004,-0.0018,0.0007,0.0004
1790738665850125256,505.800,odom,"ideal odometry /chassis/odom (IsaacComputeOdometry, relative to Play start)",0.5613,-0.0004,-0.0018,0.0007,0.0004
1790738665936017367,505.817,odom,"ideal odometry /chassis/odom (IsaacComputeOdometry, relative to Play start)",0.5613,-0.0004,-0.0018,0.0006,0.0000
1790738666005366772,505.833,odom,"ideal odometry /chassis/odom (IsaacComputeOdometry, relative to Play start)",0.5614,-0.0004,-0.0018,0.0007,0.0002
1790738666074525025,505.850,odom,"ideal odometry /chassis/odom (IsaacComputeOdometry, relative to Play start)",0.5614,-0.0004,-0.0018,0.0006,0.0002
1790738666156494474,505.867,odom,"ideal odometry /chassis/odom (IsaacComputeOdometry, relative to Play start)",0.5614,-0.0004,-0.0018,0.0007,0.0004
1790738666246661229,505.883,odom,"ideal odometry /chassis/odom (IsaacComputeOdometry, relative to Play start)",0.5614,-0.0004,-0.0018,0.0006,0.0002
1790738666326388465,505.900,odom,"ideal odometry /chassis/odom (IsaacComputeOdometry, relative to Play start)",0.5614,-0.0004,-0.0018,0.0007,0.0002
1790738666399365201,505.917,odom,"ideal odometry /chassis/odom (IsaacComputeOdometry, relative to Play start)",0.5615,-0.0004,-0.0018,0.0006,0.0002
1790738666470832966,505.933,odom,"ideal odometry /chassis/odom (IsaacComputeOdometry, relative to Play start)",0.5615,-0.0004,-0.0018,0.0007,0.0003
1790738666532204448,505.950,odom,"ideal odometry /chassis/odom (IsaacComputeOdometry, relative to Play start)",0.5615,-0.0004,-0.0018,0.0006,0.0000
1790738666580880700,505.967,odom,"ideal odometry /chassis/odom (IsaacComputeOdometry, relative to Play start)",0.5615,-0.0004,-0.0018,0.0007,0.0002
1790738666631580828,505.983,odom,"ideal odometry /chassis/odom (IsaacComputeOdometry, relative to Play start)",0.5615,-0.0004,-0.0018,0.0006,0.0000
1790738666684007125,506.000,odom,"ideal odometry /chassis/odom (IsaacComputeOdometry, relative to Play start)",0.5616,-0.0004,-0.0018,0.0006,0.0001
1790738666760302744,506.017,odom,"ideal odometry /chassis/odom (IsaacComputeOdometry, relative to Play start)",0.5616,-0.0004,-0.0018,0.0007,0.0003
1790738666852442807,506.033,odom,"ideal odometry /chassis/odom (IsaacComputeOdometry, relative to Play start)",0.5616,-0.0004,-0.0018,0.0006,0.0002
1790738666929183846,506.050,odom,"ideal odometry /chassis/odom (IsaacComputeOdometry, relative to Play start)",0.5616,-0.0004,-0.0018,0.0007,0.0001
1790738666979821714,506.067,odom,"ideal odometry /chassis/odom (IsaacComputeOdometry, relative to Play start)",0.5616,-0.0004,-0.0018,0.0007,0.0001
1790738667027815292,506.083,odom,"ideal odometry /chassis/odom (IsaacComputeOdometry, relative to Play start)",0.5616,-0.0004,-0.0018,0.0006,0.0000
1790738667107704309,506.100,odom,"ideal odometry /chassis/odom (IsaacComputeOdometry, relative to Play start)",0.5617,-0.0004,-0.0018,0.0006,0.0001
1790738667162130338,506.117,odom,"ideal odometry /chassis/odom (IsaacComputeOdometry, relative to Play start)",0.5617,-0.0004,-0.0018,0.0007,0.0001
1790738667216210278,506.133,odom,"ideal odometry /chassis/odom (IsaacComputeOdometry, relative to Play start)",0.5617,-0.0004,-0.0018,0.0007,0.0001
1790738667272429203,506.150,odom,"ideal odometry /chassis/odom (IsaacComputeOdometry, relative to Play start)",0.5617,-0.0004,-0.0018,0.0007,0.0001
1790738667329953021,506.167,odom,"ideal odometry /chassis/odom (IsaacComputeOdometry, relative to Play start)",0.5617,-0.0004,-0.0018,0.0007,0.0000
1790738667400595437,506.183,odom,"ideal odometry /chassis/odom (IsaacComputeOdometry, relative to Play start)",0.5618,-0.0004,-0.0018,0.0005,0.0002
1790738667446110975,506.200,odom,"ideal odometry /chassis/odom (IsaacComputeOdometry, relative to Play start)",0.5618,-0.0004,-0.0018,0.0007,0.0004
1790738667496968036,506.217,odom,"ideal odometry /chassis/odom (IsaacComputeOdometry, relative to Play start)",0.5618,-0.0004,-0.0018,0.0007,0.0002
1790738667570459106,506.233,odom,"ideal odometry /chassis/odom (IsaacComputeOdometry, relative to Play start)",0.5618,-0.0004,-0.0018,0.0007,0.0000
1790738667629809564,506.250,odom,"ideal odometry /chassis/odom (IsaacComputeOdometry, relative to Play start)",0.5618,-0.0004,-0.0018,0.0006,0.0000
1790738667722715662,506.267,odom,"ideal odometry /chassis/odom (IsaacComputeOdometry, relative to Play start)",0.5618,-0.0004,-0.0018,0.0007,0.0002
1790738667776399134,506.283,odom,"ideal odometry /chassis/odom (IsaacComputeOdometry, relative to Play start)",0.5619,-0.0004,-0.0018,0.0007,0.0002
1790738667818656433,506.300,odom,"ideal odometry /chassis/odom (IsaacComputeOdometry, relative to Play start)",0.5619,-0.0004,-0.0018,0.0007,0.0001
1790738667863247101,506.317,odom,"ideal odometry /chassis/odom (IsaacComputeOdometry, relative to Play start)",0.5619,-0.0004,-0.0018,0.0007,0.0002
1790738667923576609,506.333,odom,"ideal odometry /chassis/odom (IsaacComputeOdometry, relative to Play start)",0.5619,-0.0004,-0.0018,0.0007,0.0004
1790738667962386988,506.350,odom,"ideal odometry /chassis/odom (IsaacComputeOdometry, relative to Play start)",0.5619,-0.0004,-0.0018,0.0007,0.0002
1790738668016608082,506.367,odom,"ideal odometry /chassis/odom (IsaacComputeOdometry, relative to Play start)",0.5620,-0.0004,-0.0018,0.0006,0.0004
1790738668053024732,506.383,odom,"ideal odometry /chassis/odom (IsaacComputeOdometry, relative to Play start)",0.5620,-0.0004,-0.0018,0.0007,0.0000
1790738668109978610,506.400,odom,"ideal odometry /chassis/odom (IsaacComputeOdometry, relative to Play start)",0.5620,-0.0004,-0.0018,0.0006,0.0001
1790738668150328474,506.417,odom,"ideal odometry /chassis/odom (IsaacComputeOdometry, relative to Play start)",0.5620,-0.0004,-0.0018,0.0007,0.0007
1790738668200668159,506.433,odom,"ideal odometry /chassis/odom (IsaacComputeOdometry, relative to Play start)",0.5620,-0.0004,-0.0018,0.0006,0.0001
1790738668240060074,506.450,odom,"ideal odometry /chassis/odom (IsaacComputeOdometry, relative to Play start)",0.5621,-0.0004,-0.0018,0.0007,0.0004
1790738668296801128,506.467,odom,"ideal odometry /chassis/odom (IsaacComputeOdometry, relative to Play start)",0.5621,-0.0004,-0.0018,0.0006,0.0000
1790738668335698196,506.483,odom,"ideal odometry /chassis/odom (IsaacComputeOdometry, relative to Play start)",0.5621,-0.0004,-0.0018,0.0007,0.0002
1790738668390438471,506.500,odom,"ideal odometry /chassis/odom (IsaacComputeOdometry, relative to Play start)",0.5621,-0.0004,-0.0018,0.0007,0.0001
1790738668431327382,506.517,odom,"ideal odometry /chassis/odom (IsaacComputeOdometry, relative to Play start)",0.5621,-0.0004,-0.0018,0.0006,0.0000
1790738668497019900,506.533,odom,"ideal odometry /chassis/odom (IsaacComputeOdometry, relative to Play start)",0.5621,-0.0004,-0.0018,0.0006,0.0004
1790738668531279485,506.550,odom,"ideal odometry /chassis/odom (IsaacComputeOdometry, relative to Play start)",0.5622,-0.0004,-0.0018,0.0007,0.0000
1790738668583596398,506.567,odom,"ideal odometry /chassis/odom (IsaacComputeOdometry, relative to Play start)",0.5622,-0.0004,-0.0018,0.0006,0.0002
1790738668623511092,506.583,odom,"ideal odometry /chassis/odom (IsaacComputeOdometry, relative to Play start)",0.5622,-0.0004,-0.0018,0.0007,0.0007
1790738668687481043,506.600,odom,"ideal odometry /chassis/odom (IsaacComputeOdometry, relative to Play start)",0.5622,-0.0004,-0.0018,0.0007,0.0001
1790738668740406453,506.617,odom,"ideal odometry /chassis/odom (IsaacComputeOdometry, relative to Play start)",0.5622,-0.0004,-0.0018,0.0007,0.0001
1790738668794605739,506.633,odom,"ideal odometry /chassis/odom (IsaacComputeOdometry, relative to Play start)",0.5623,-0.0004,-0.0018,0.0006,0.0007
1790738668834485522,506.650,odom,"ideal odometry /chassis/odom (IsaacComputeOdometry, relative to Play start)",0.5623,-0.0004,-0.0018,0.0006,0.0006
1790738668887218976,506.667,odom,"ideal odometry /chassis/odom (IsaacComputeOdometry, relative to Play start)",0.5623,-0.0004,-0.0018,0.0007,0.0006
1790738668925211725,506.683,odom,"ideal odometry /chassis/odom (IsaacComputeOdometry, relative to Play start)",0.5623,-0.0004,-0.0018,0.0007,0.0000
1790738668977721832,506.700,odom,"ideal odometry /chassis/odom (IsaacComputeOdometry, relative to Play start)",0.5623,-0.0004,-0.0018,0.0007,0.0002
1790738669017077778,506.717,odom,"ideal odometry /chassis/odom (IsaacComputeOdometry, relative to Play start)",0.5623,-0.0004,-0.0018,0.0007,0.0004
1790738669070954029,506.733,odom,"ideal odometry /chassis/odom (IsaacComputeOdometry, relative to Play start)",0.5624,-0.0004,-0.0018,0.0006,0.0001
1790738669110276206,506.750,odom,"ideal odometry /chassis/odom (IsaacComputeOdometry, relative to Play start)",0.5624,-0.0004,-0.0018,0.0007,0.0006
1790738669163608168,506.767,odom,"ideal odometry /chassis/odom (IsaacComputeOdometry, relative to Play start)",0.5624,-0.0004,-0.0018,0.0007,0.0002
1790738669215005821,506.783,odom,"ideal odometry /chassis/odom (IsaacComputeOdometry, relative to Play start)",0.5624,-0.0004,-0.0018,0.0006,0.0001
1790738669254807700,506.800,odom,"ideal odometry /chassis/odom (IsaacComputeOdometry, relative to Play start)",0.5624,-0.0004,-0.0018,0.0007,0.0001
1790738669293619641,506.817,odom,"ideal odometry /chassis/odom (IsaacComputeOdometry, relative to Play start)",0.5625,-0.0004,-0.0018,0.0007,0.0001
1790738669347985011,506.833,odom,"ideal odometry /chassis/odom (IsaacComputeOdometry, relative to Play start)",0.5625,-0.0004,-0.0018,0.0007,0.0001
1790738669382674358,506.850,odom,"ideal odometry /chassis/odom (IsaacComputeOdometry, relative to Play start)",0.5625,-0.0004,-0.0018,0.0007,0.0001
1790738669434565599,506.867,odom,"ideal odometry /chassis/odom (IsaacComputeOdometry, relative to Play start)",0.5625,-0.0004,-0.0018,0.0007,0.0001
1790738669471756089,506.883,odom,"ideal odometry /chassis/odom (IsaacComputeOdometry, relative to Play start)",0.5625,-0.0004,-0.0018,0.0007,0.0006
1790738669525886126,506.900,odom,"ideal odometry /chassis/odom (IsaacComputeOdometry, relative to Play start)",0.5626,-0.0004,-0.0018,0.0006,0.0003
1790738669565123644,506.917,odom,"ideal odometry /chassis/odom (IsaacComputeOdometry, relative to Play start)",0.5626,-0.0004,-0.0018,0.0006,0.0002
1790738669622292169,506.933,odom,"ideal odometry /chassis/odom (IsaacComputeOdometry, relative to Play start)",0.5626,-0.0004,-0.0018,0.0007,0.0006
1790738669659207090,506.950,odom,"ideal odometry /chassis/odom (IsaacComputeOdometry, relative to Play start)",0.5626,-0.0004,-0.0018,0.0006,0.0004
1790738669713987287,506.967,odom,"ideal odometry /chassis/odom (IsaacComputeOdometry, relative to Play start)",0.5626,-0.0004,-0.0018,0.0006,0.0004
1790738669756370116,506.983,odom,"ideal odometry /chassis/odom (IsaacComputeOdometry, relative to Play start)",0.5626,-0.0004,-0.0018,0.0007,0.0000
1790738669803306443,507.000,odom,"ideal odometry /chassis/odom (IsaacComputeOdometry, relative to Play start)",0.5627,-0.0004,-0.0018,0.0007,0.0001
1790738669846121887,507.017,odom,"ideal odometry /chassis/odom (IsaacComputeOdometry, relative to Play start)",0.5627,-0.0004,-0.0018,0.0007,0.0005
1790738669910505620,507.033,odom,"ideal odometry /chassis/odom (IsaacComputeOdometry, relative to Play start)",0.5627,-0.0004,-0.0018,0.0007,0.0002
1790738669951246925,507.050,odom,"ideal odometry /chassis/odom (IsaacComputeOdometry, relative to Play start)",0.5627,-0.0004,-0.0018,0.0007,0.0004
1790738670002817129,507.067,odom,"ideal odometry /chassis/odom (IsaacComputeOdometry, relative to Play start)",0.5627,-0.0004,-0.0018,0.0006,0.0000
1790738670039746793,507.083,odom,"ideal odometry /chassis/odom (IsaacComputeOdometry, relative to Play start)",0.5628,-0.0004,-0.0018,0.0006,0.0002
1790738670092960709,507.100,odom,"ideal odometry /chassis/odom (IsaacComputeOdometry, relative to Play start)",0.5628,-0.0004,-0.0018,0.0006,0.0005
1790738670134489911,507.117,odom,"ideal odometry /chassis/odom (IsaacComputeOdometry, relative to Play start)",0.5628,-0.0004,-0.0018,0.0007,0.0004
1790738670196415211,507.133,odom,"ideal odometry /chassis/odom (IsaacComputeOdometry, relative to Play start)",0.5628,-0.0004,-0.0018,0.0007,0.0003
1790738670231431493,507.150,odom,"ideal odometry /chassis/odom (IsaacComputeOdometry, relative to Play start)",0.5628,-0.0004,-0.0018,0.0006,0.0002
1790738670291519507,507.167,odom,"ideal odometry /chassis/odom (IsaacComputeOdometry, relative to Play start)",0.5628,-0.0004,-0.0018,0.0007,0.0002
1790738670331320340,507.183,odom,"ideal odometry /chassis/odom (IsaacComputeOdometry, relative to Play start)",0.5629,-0.0004,-0.0018,0.0006,0.0004
1790738670381449157,507.200,odom,"ideal odometry /chassis/odom (IsaacComputeOdometry, relative to Play start)",0.5629,-0.0004,-0.0018,0.0007,0.0005
1790738670418392805,507.217,odom,"ideal odometry /chassis/odom (IsaacComputeOdometry, relative to Play start)",0.5629,-0.0004,-0.0018,0.0006,0.0006
1790738670476248112,507.233,odom,"ideal odometry /chassis/odom (IsaacComputeOdometry, relative to Play start)",0.5629,-0.0004,-0.0018,0.0007,0.0004
1790738670509757087,507.250,odom,"ideal odometry /chassis/odom (IsaacComputeOdometry, relative to Play start)",0.5629,-0.0004,-0.0018,0.0007,0.0002
1790738670563997657,507.267,odom,"ideal odometry /chassis/odom (IsaacComputeOdometry, relative to Play start)",0.5630,-0.0004,-0.0018,0.0007,0.0001
1790738670617008677,507.283,odom,"ideal odometry /chassis/odom (IsaacComputeOdometry, relative to Play start)",0.5630,-0.0004,-0.0018,0.0007,0.0001
1790738670653727740,507.300,odom,"ideal odometry /chassis/odom (IsaacComputeOdometry, relative to Play start)",0.5630,-0.0004,-0.0018,0.0007,0.0001
1790738670689703710,507.317,odom,"ideal odometry /chassis/odom (IsaacComputeOdometry, relative to Play start)",0.5630,-0.0004,-0.0018,0.0007,0.0000
1790738670750587802,507.333,odom,"ideal odometry /chassis/odom (IsaacComputeOdometry, relative to Play start)",0.5630,-0.0004,-0.0018,0.0006,0.0001
1790738670784874782,507.350,odom,"ideal odometry /chassis/odom (IsaacComputeOdometry, relative to Play start)",0.5630,-0.0004,-0.0018,0.0007,0.0006
1790738670844968790,507.367,odom,"ideal odometry /chassis/odom (IsaacComputeOdometry, relative to Play start)",0.5631,-0.0004,-0.0018,0.0007,0.0005
1790738670882841115,507.383,odom,"ideal odometry /chassis/odom (IsaacComputeOdometry, relative to Play start)",0.5631,-0.0004,-0.0018,0.0007,0.0001
1790738670935029423,507.400,odom,"ideal odometry /chassis/odom (IsaacComputeOdometry, relative to Play start)",0.5631,-0.0004,-0.0018,0.0006,0.0002
1790738670973465157,507.417,odom,"ideal odometry /chassis/odom (IsaacComputeOdometry, relative to Play start)",0.5631,-0.0004,-0.0018,0.0006,0.0002
1790738671031565023,507.433,odom,"ideal odometry /chassis/odom (IsaacComputeOdometry, relative to Play start)",0.5631,-0.0004,-0.0018,0.0007,0.0006
1790738671066659495,507.450,odom,"ideal odometry /chassis/odom (IsaacComputeOdometry, relative to Play start)",0.5632,-0.0004,-0.0018,0.0006,0.0004
1790738671130431306,507.467,odom,"ideal odometry /chassis/odom (IsaacComputeOdometry, relative to Play start)",0.5632,-0.0004,-0.0018,0.0007,0.0003
1790738671178074487,507.483,odom,"ideal odometry /chassis/odom (IsaacComputeOdometry, relative to Play start)",0.5632,-0.0004,-0.0018,0.0007,0.0002
1790738671224898950,507.500,odom,"ideal odometry /chassis/odom (IsaacComputeOdometry, relative to Play start)",0.5632,-0.0004,-0.0018,0.0007,0.0001
1790738671273024876,507.517,odom,"ideal odometry /chassis/odom (IsaacComputeOdometry, relative to Play start)",0.5632,-0.0004,-0.0018,0.0006,0.0003
1790738671334760407,507.533,odom,"ideal odometry /chassis/odom (IsaacComputeOdometry, relative to Play start)",0.5633,-0.0004,-0.0018,0.0007,0.0004
1790738671365805813,507.550,odom,"ideal odometry /chassis/odom (IsaacComputeOdometry, relative to Play start)",0.5633,-0.0004,-0.0018,0.0007,0.0003
1790738671424504473,507.567,odom,"ideal odometry /chassis/odom (IsaacComputeOdometry, relative to Play start)",0.5633,-0.0004,-0.0018,0.0006,0.0001
1790738671461481413,507.583,odom,"ideal odometry /chassis/odom (IsaacComputeOdometry, relative to Play start)",0.5633,-0.0004,-0.0018,0.0007,0.0003
1790738671517148245,507.600,odom,"ideal odometry /chassis/odom (IsaacComputeOdometry, relative to Play start)",0.5633,-0.0004,-0.0018,0.0007,0.0001
1790738671562593532,507.617,odom,"ideal odometry /chassis/odom (IsaacComputeOdometry, relative to Play start)",0.5633,-0.0004,-0.0018,0.0007,0.0002
1790738671620344395,507.633,odom,"ideal odometry /chassis/odom (IsaacComputeOdometry, relative to Play start)",0.5634,-0.0004,-0.0018,0.0006,0.0002
1790738671658277788,507.650,odom,"ideal odometry /chassis/odom (IsaacComputeOdometry, relative to Play start)",0.5634,-0.0004,-0.0018,0.0006,0.0003
1790738672388448201,507.667,odom,"ideal odometry /chassis/odom (IsaacComputeOdometry, relative to Play start)",0.5634,-0.0004,-0.0018,0.0006,0.0004
1790738673294492097,507.683,odom,"ideal odometry /chassis/odom (IsaacComputeOdometry, relative to Play start)",0.5634,-0.0004,-0.0018,0.0007,0.0005
1790738673350343751,507.700,odom,"ideal odometry /chassis/odom (IsaacComputeOdometry, relative to Play start)",0.5634,-0.0004,-0.0018,0.0005,0.0001
1790738673399746026,507.717,odom,"ideal odometry /chassis/odom (IsaacComputeOdometry, relative to Play start)",0.5635,-0.0004,-0.0018,0.0007,0.0002
1790738673456100876,507.733,odom,"ideal odometry /chassis/odom (IsaacComputeOdometry, relative to Play start)",0.5635,-0.0004,-0.0018,0.0007,0.0002
1790738673497073613,507.750,odom,"ideal odometry /chassis/odom (IsaacComputeOdometry, relative to Play start)",0.5635,-0.0004,-0.0018,0.0007,0.0000
1790738673550806801,507.767,odom,"ideal odometry /chassis/odom (IsaacComputeOdometry, relative to Play start)",0.5635,-0.0004,-0.0018,0.0007,0.0003
1790738673609749830,507.783,odom,"ideal odometry /chassis/odom (IsaacComputeOdometry, relative to Play start)",0.5635,-0.0004,-0.0018,0.0007,0.0000
1790738673670062618,507.800,odom,"ideal odometry /chassis/odom (IsaacComputeOdometry, relative to Play start)",0.5635,-0.0004,-0.0018,0.0007,0.0001
1790738673718480283,507.817,odom,"ideal odometry /chassis/odom (IsaacComputeOdometry, relative to Play start)",0.5636,-0.0004,-0.0018,0.0006,0.0001
1790738673766557221,507.833,odom,"ideal odometry /chassis/odom (IsaacComputeOdometry, relative to Play start)",0.5636,-0.0004,-0.0018,0.0006,0.0000
1790738673807268848,507.850,odom,"ideal odometry /chassis/odom (IsaacComputeOdometry, relative to Play start)",0.5636,-0.0004,-0.0018,0.0006,0.0003
1790738673870161826,507.867,odom,"ideal odometry /chassis/odom (IsaacComputeOdometry, relative to Play start)",0.5636,-0.0004,-0.0018,0.0007,0.0004
1790738673913670901,507.883,odom,"ideal odometry /chassis/odom (IsaacComputeOdometry, relative to Play start)",0.5636,-0.0004,-0.0018,0.0007,0.0002
1790738673971288688,507.900,odom,"ideal odometry /chassis/odom (IsaacComputeOdometry, relative to Play start)",0.5637,-0.0004,-0.0018,0.0007,0.0001
1790738674025567972,507.917,odom,"ideal odometry /chassis/odom (IsaacComputeOdometry, relative to Play start)",0.5637,-0.0004,-0.0018,0.0006,0.0000
1790738674076500572,507.933,odom,"ideal odometry /chassis/odom (IsaacComputeOdometry, relative to Play start)",0.5637,-0.0004,-0.0018,0.0006,0.0000
1790738674120641354,507.950,odom,"ideal odometry /chassis/odom (IsaacComputeOdometry, relative to Play start)",0.5637,-0.0004,-0.0018,0.0006,0.0001
1790738674171830689,507.967,odom,"ideal odometry /chassis/odom (IsaacComputeOdometry, relative to Play start)",0.5637,-0.0004,-0.0018,0.0007,0.0002
1790738674221016465,507.983,odom,"ideal odometry /chassis/odom (IsaacComputeOdometry, relative to Play start)",0.5637,-0.0004,-0.0018,0.0006,0.0002
1790738674273117071,508.000,odom,"ideal odometry /chassis/odom (IsaacComputeOdometry, relative to Play start)",0.5638,-0.0004,-0.0018,0.0007,0.0005
1790738674322922473,508.017,odom,"ideal odometry /chassis/odom (IsaacComputeOdometry, relative to Play start)",0.5638,-0.0004,-0.0018,0.0006,0.0000
1790738674391302764,508.033,odom,"ideal odometry /chassis/odom (IsaacComputeOdometry, relative to Play start)",0.5638,-0.0004,-0.0018,0.0006,0.0001
1790738674432597776,508.050,odom,"ideal odometry /chassis/odom (IsaacComputeOdometry, relative to Play start)",0.5638,-0.0004,-0.0018,0.0006,0.0000
1790738674484834216,508.067,odom,"ideal odometry /chassis/odom (IsaacComputeOdometry, relative to Play start)",0.5638,-0.0004,-0.0018,0.0007,0.0002
1790738674591636257,508.083,odom,"ideal odometry /chassis/odom (IsaacComputeOdometry, relative to Play start)",0.5639,-0.0004,-0.0018,0.0007,0.0001
1790738674646539828,508.100,odom,"ideal odometry /chassis/odom (IsaacComputeOdometry, relative to Play start)",0.5639,-0.0004,-0.0018,0.0007,0.0003
1790738674686583793,508.117,odom,"ideal odometry /chassis/odom (IsaacComputeOdometry, relative to Play start)",0.5639,-0.0004,-0.0018,0.0007,0.0000
1790738674740598256,508.133,odom,"ideal odometry /chassis/odom (IsaacComputeOdometry, relative to Play start)",0.5639,-0.0004,-0.0018,0.0007,0.0000
1790738674782369164,508.150,odom,"ideal odometry /chassis/odom (IsaacComputeOdometry, relative to Play start)",0.5639,-0.0004,-0.0018,0.0006,0.0003
1790738674833342667,508.167,odom,"ideal odometry /chassis/odom (IsaacComputeOdometry, relative to Play start)",0.5640,-0.0004,-0.0018,0.0007,0.0001
1790738674873724315,508.183,odom,"ideal odometry /chassis/odom (IsaacComputeOdometry, relative to Play start)",0.5640,-0.0004,-0.0018,0.0006,0.0000
1790738674924403224,508.200,odom,"ideal odometry /chassis/odom (IsaacComputeOdometry, relative to Play start)",0.5640,-0.0004,-0.0018,0.0007,0.0005
1790738674971363808,508.217,odom,"ideal odometry /chassis/odom (IsaacComputeOdometry, relative to Play start)",0.5640,-0.0004,-0.0018,0.0007,0.0002
1790738675027185593,508.233,odom,"ideal odometry /chassis/odom (IsaacComputeOdometry, relative to Play start)",0.5640,-0.0004,-0.0018,0.0007,0.0000
1790738675065779135,508.250,odom,"ideal odometry /chassis/odom (IsaacComputeOdometry, relative to Play start)",0.5640,-0.0004,-0.0018,0.0007,0.0006
1790738675124257587,508.267,odom,"ideal odometry /chassis/odom (IsaacComputeOdometry, relative to Play start)",0.5641,-0.0004,-0.0018,0.0007,0.0003
1790738675182483776,508.283,odom,"ideal odometry /chassis/odom (IsaacComputeOdometry, relative to Play start)",0.5641,-0.0004,-0.0018,0.0007,0.0002
1790738675228834911,508.300,odom,"ideal odometry /chassis/odom (IsaacComputeOdometry, relative to Play start)",0.5641,-0.0004,-0.0018,0.0007,0.0003
1790738675291497313,508.317,odom,"ideal odometry /chassis/odom (IsaacComputeOdometry, relative to Play start)",0.5641,-0.0004,-0.0018,0.0006,0.0001
1790738675341607392,508.333,odom,"ideal odometry /chassis/odom (IsaacComputeOdometry, relative to Play start)",0.5641,-0.0004,-0.0018,0.0007,0.0000
1790738675384333421,508.350,odom,"ideal odometry /chassis/odom (IsaacComputeOdometry, relative to Play start)",0.5642,-0.0004,-0.0018,0.0007,0.0002
1790738675442218502,508.367,odom,"ideal odometry /chassis/odom (IsaacComputeOdometry, relative to Play start)",0.5642,-0.0004,-0.0018,0.0006,0.0000
1790738675488443125,508.383,odom,"ideal odometry /chassis/odom (IsaacComputeOdometry, relative to Play start)",0.5642,-0.0004,-0.0018,0.0006,0.0005
1790738675552374742,508.400,odom,"ideal odometry /chassis/odom (IsaacComputeOdometry, relative to Play start)",0.5642,-0.0004,-0.0018,0.0007,0.0001
1790738675607611430,508.417,odom,"ideal odometry /chassis/odom (IsaacComputeOdometry, relative to Play start)",0.5642,-0.0004,-0.0018,0.0007,0.0005
1790738675654016120,508.433,odom,"ideal odometry /chassis/odom (IsaacComputeOdometry, relative to Play start)",0.5643,-0.0004,-0.0018,0.0007,0.0003
1790738675695416526,508.450,odom,"ideal odometry /chassis/odom (IsaacComputeOdometry, relative to Play start)",0.5643,-0.0004,-0.0018,0.0006,0.0009
1790738675748145509,508.467,odom,"ideal odometry /chassis/odom (IsaacComputeOdometry, relative to Play start)",0.5643,-0.0004,-0.0018,0.0007,0.0002
1790738675795079553,508.483,odom,"ideal odometry /chassis/odom (IsaacComputeOdometry, relative to Play start)",0.5643,-0.0004,-0.0018,0.0007,0.0008
1790738675846202588,508.500,odom,"ideal odometry /chassis/odom (IsaacComputeOdometry, relative to Play start)",0.5643,-0.0004,-0.0018,0.0006,0.0007
1790738675899074349,508.517,odom,"ideal odometry /chassis/odom (IsaacComputeOdometry, relative to Play start)",0.5643,-0.0004,-0.0018,0.0007,0.0001
1790738675963783590,508.533,odom,"ideal odometry /chassis/odom (IsaacComputeOdometry, relative to Play start)",0.5644,-0.0004,-0.0018,0.0007,0.0009
1790738676004794757,508.550,odom,"ideal odometry /chassis/odom (IsaacComputeOdometry, relative to Play start)",0.5644,-0.0004,-0.0018,0.0007,0.0003
1790738676058903772,508.567,odom,"ideal odometry /chassis/odom (IsaacComputeOdometry, relative to Play start)",0.5644,-0.0004,-0.0018,0.0006,0.0004
1790738676098399167,508.583,odom,"ideal odometry /chassis/odom (IsaacComputeOdometry, relative to Play start)",0.5644,-0.0004,-0.0018,0.0007,0.0003
1790738676151797334,508.600,odom,"ideal odometry /chassis/odom (IsaacComputeOdometry, relative to Play start)",0.5644,-0.0004,-0.0018,0.0007,0.0006
1790738676196866032,508.617,odom,"ideal odometry /chassis/odom (IsaacComputeOdometry, relative to Play start)",0.5645,-0.0004,-0.0018,0.0007,0.0001
1790738676257658427,508.633,odom,"ideal odometry /chassis/odom (IsaacComputeOdometry, relative to Play start)",0.5645,-0.0004,-0.0018,0.0007,0.0007
1790738676307823011,508.650,odom,"ideal odometry /chassis/odom (IsaacComputeOdometry, relative to Play start)",0.5645,-0.0004,-0.0018,0.0007,0.0009
1790738676354122971,508.667,odom,"ideal odometry /chassis/odom (IsaacComputeOdometry, relative to Play start)",0.5645,-0.0004,-0.0018,0.0006,0.0002
1790738676390453651,508.683,odom,"ideal odometry /chassis/odom (IsaacComputeOdometry, relative to Play start)",0.5645,-0.0004,-0.0018,0.0007,0.0005
1790738676446213226,508.700,odom,"ideal odometry /chassis/odom (IsaacComputeOdometry, relative to Play start)",0.5645,-0.0004,-0.0018,0.0007,0.0004
1790738676496941504,508.717,odom,"ideal odometry /chassis/odom (IsaacComputeOdometry, relative to Play start)",0.5646,-0.0004,-0.0018,0.0007,0.0008
1790738676546749665,508.733,odom,"ideal odometry /chassis/odom (IsaacComputeOdometry, relative to Play start)",0.5646,-0.0004,-0.0018,0.0006,0.0007
1790738676592327552,508.750,odom,"ideal odometry /chassis/odom (IsaacComputeOdometry, relative to Play start)",0.5646,-0.0004,-0.0018,0.0007,0.0002
1790738676642890318,508.767,odom,"ideal odometry /chassis/odom (IsaacComputeOdometry, relative to Play start)",0.5646,-0.0004,-0.0018,0.0006,0.0010
1790738676693653791,508.783,odom,"ideal odometry /chassis/odom (IsaacComputeOdometry, relative to Play start)",0.5646,-0.0004,-0.0018,0.0007,0.0001
1790738676734189537,508.800,odom,"ideal odometry /chassis/odom (IsaacComputeOdometry, relative to Play start)",0.5647,-0.0004,-0.0018,0.0006,0.0008
1790738676780347384,508.817,odom,"ideal odometry /chassis/odom (IsaacComputeOdometry, relative to Play start)",0.5647,-0.0004,-0.0018,0.0007,0.0004
1790738676833120408,508.833,odom,"ideal odometry /chassis/odom (IsaacComputeOdometry, relative to Play start)",0.5647,-0.0004,-0.0018,0.0007,0.0007
1790738676870956492,508.850,odom,"ideal odometry /chassis/odom (IsaacComputeOdometry, relative to Play start)",0.5647,-0.0004,-0.0018,0.0006,0.0008
1790738676921789024,508.867,odom,"ideal odometry /chassis/odom (IsaacComputeOdometry, relative to Play start)",0.5647,-0.0004,-0.0018,0.0006,0.0005
1790738676959360382,508.883,odom,"ideal odometry /chassis/odom (IsaacComputeOdometry, relative to Play start)",0.5648,-0.0004,-0.0018,0.0007,0.0007
1790738677010327512,508.900,odom,"ideal odometry /chassis/odom (IsaacComputeOdometry, relative to Play start)",0.5648,-0.0004,-0.0018,0.0006,0.0005
1790738677050116739,508.917,odom,"ideal odometry /chassis/odom (IsaacComputeOdometry, relative to Play start)",0.5648,-0.0004,-0.0018,0.0007,0.0001
1790738677103579114,508.933,odom,"ideal odometry /chassis/odom (IsaacComputeOdometry, relative to Play start)",0.5648,-0.0004,-0.0018,0.0007,0.0008
1790738677143350743,508.950,odom,"ideal odometry /chassis/odom (IsaacComputeOdometry, relative to Play start)",0.5648,-0.0004,-0.0018,0.0007,0.0002
1790738677199653561,508.967,odom,"ideal odometry /chassis/odom (IsaacComputeOdometry, relative to Play start)",0.5648,-0.0004,-0.0018,0.0007,0.0005
1790738677238404435,508.983,odom,"ideal odometry /chassis/odom (IsaacComputeOdometry, relative to Play start)",0.5649,-0.0004,-0.0018,0.0006,0.0006
1790738677297199169,509.000,odom,"ideal odometry /chassis/odom (IsaacComputeOdometry, relative to Play start)",0.5649,-0.0004,-0.0018,0.0006,0.0006
1790738677335351914,509.017,odom,"ideal odometry /chassis/odom (IsaacComputeOdometry, relative to Play start)",0.5649,-0.0004,-0.0018,0.0007,0.0004
1790738677400018825,509.033,odom,"ideal odometry /chassis/odom (IsaacComputeOdometry, relative to Play start)",0.5649,-0.0004,-0.0018,0.0007,0.0003
1790738677440667481,509.050,odom,"ideal odometry /chassis/odom (IsaacComputeOdometry, relative to Play start)",0.5649,-0.0004,-0.0018,0.0006,0.0011
1790738677494181222,509.067,odom,"ideal odometry /chassis/odom (IsaacComputeOdometry, relative to Play start)",0.5650,-0.0004,-0.0018,0.0007,0.0002
1790738677533196250,509.083,odom,"ideal odometry /chassis/odom (IsaacComputeOdometry, relative to Play start)",0.5650,-0.0004,-0.0018,0.0007,0.0004
1790738677587385548,509.100,odom,"ideal odometry /chassis/odom (IsaacComputeOdometry, relative to Play start)",0.5650,-0.0004,-0.0018,0.0006,0.0008
1790738677622374435,509.117,odom,"ideal odometry /chassis/odom (IsaacComputeOdometry, relative to Play start)",0.5650,-0.0004,-0.0018,0.0007,0.0000
1790738677679229913,509.133,odom,"ideal odometry /chassis/odom (IsaacComputeOdometry, relative to Play start)",0.5650,-0.0004,-0.0018,0.0006,0.0008
1790738677781941130,509.150,odom,"ideal odometry /chassis/odom (IsaacComputeOdometry, relative to Play start)",0.5650,-0.0004,-0.0018,0.0007,0.0004
1790738677837511127,509.167,odom,"ideal odometry /chassis/odom (IsaacComputeOdometry, relative to Play start)",0.5651,-0.0004,-0.0018,0.0007,0.0001
1790738677902186218,509.183,odom,"ideal odometry /chassis/odom (IsaacComputeOdometry, relative to Play start)",0.5651,-0.0004,-0.0018,0.0006,0.0007
1790738677952891477,509.200,odom,"ideal odometry /chassis/odom (IsaacComputeOdometry, relative to Play start)",0.5651,-0.0004,-0.0018,0.0006,0.0006
1790738678014489081,509.217,odom,"ideal odometry /chassis/odom (IsaacComputeOdometry, relative to Play start)",0.5651,-0.0004,-0.0018,0.0007,0.0000
1790738678078146052,509.233,odom,"ideal odometry /chassis/odom (IsaacComputeOdometry, relative to Play start)",0.5651,-0.0004,-0.0018,0.0007,0.0003
1790738678140503027,509.250,odom,"ideal odometry /chassis/odom (IsaacComputeOdometry, relative to Play start)",0.5652,-0.0004,-0.0018,0.0007,0.0003
1790738678199099873,509.267,odom,"ideal odometry /chassis/odom (IsaacComputeOdometry, relative to Play start)",0.5652,-0.0004,-0.0018,0.0007,0.0003
1790738678289872118,509.283,odom,"ideal odometry /chassis/odom (IsaacComputeOdometry, relative to Play start)",0.5652,-0.0004,-0.0018,0.0006,0.0007
1790738678376739277,509.300,odom,"ideal odometry /chassis/odom (IsaacComputeOdometry, relative to Play start)",0.5652,-0.0004,-0.0018,0.0006,0.0004
1790738678451003076,509.317,odom,"ideal odometry /chassis/odom (IsaacComputeOdometry, relative to Play start)",0.5652,-0.0004,-0.0018,0.0007,0.0003
1790738678495807421,509.333,odom,"ideal odometry /chassis/odom (IsaacComputeOdometry, relative to Play start)",0.5653,-0.0004,-0.0018,0.0006,0.0000
1790738678539349765,509.350,odom,"ideal odometry /chassis/odom (IsaacComputeOdometry, relative to Play start)",0.5653,-0.0004,-0.0018,0.0007,0.0002
1790738678597111396,509.367,odom,"ideal odometry /chassis/odom (IsaacComputeOdometry, relative to Play start)",0.5653,-0.0004,-0.0018,0.0006,0.0003
1790738678643512646,509.383,odom,"ideal odometry /chassis/odom (IsaacComputeOdometry, relative to Play start)",0.5653,-0.0004,-0.0018,0.0007,0.0003
1790738678693131007,509.400,odom,"ideal odometry /chassis/odom (IsaacComputeOdometry, relative to Play start)",0.5653,-0.0004,-0.0018,0.0006,0.0003
1790738678740705037,509.417,odom,"ideal odometry /chassis/odom (IsaacComputeOdometry, relative to Play start)",0.5653,-0.0004,-0.0018,0.0007,0.0002
1790738678795914323,509.433,odom,"ideal odometry /chassis/odom (IsaacComputeOdometry, relative to Play start)",0.5654,-0.0004,-0.0018,0.0007,0.0001
1790738678841780449,509.450,odom,"ideal odometry /chassis/odom (IsaacComputeOdometry, relative to Play start)",0.5654,-0.0004,-0.0018,0.0007,0.0002
1790738678900576563,509.467,odom,"ideal odometry /chassis/odom (IsaacComputeOdometry, relative to Play start)",0.5654,-0.0004,-0.0018,0.0006,0.0001
1790738678973870463,509.483,odom,"ideal odometry /chassis/odom (IsaacComputeOdometry, relative to Play start)",0.5654,-0.0004,-0.0018,0.0007,0.0000
1790738679028925280,509.500,odom,"ideal odometry /chassis/odom (IsaacComputeOdometry, relative to Play start)",0.5654,-0.0004,-0.0018,0.0007,0.0000
1790738679072785978,509.517,odom,"ideal odometry /chassis/odom (IsaacComputeOdometry, relative to Play start)",0.5655,-0.0004,-0.0018,0.0007,0.0000
1790738679153795792,509.533,odom,"ideal odometry /chassis/odom (IsaacComputeOdometry, relative to Play start)",0.5655,-0.0004,-0.0018,0.0006,0.0001
1790738679202285506,509.550,odom,"ideal odometry /chassis/odom (IsaacComputeOdometry, relative to Play start)",0.5655,-0.0004,-0.0018,0.0007,0.0005
1790738679254468672,509.567,odom,"ideal odometry /chassis/odom (IsaacComputeOdometry, relative to Play start)",0.5655,-0.0004,-0.0018,0.0006,0.0004
1790738679292947797,509.583,odom,"ideal odometry /chassis/odom (IsaacComputeOdometry, relative to Play start)",0.5655,-0.0004,-0.0018,0.0007,0.0002
1790738679351535416,509.600,odom,"ideal odometry /chassis/odom (IsaacComputeOdometry, relative to Play start)",0.5655,-0.0004,-0.0018,0.0007,0.0004
1790738679409300566,509.617,odom,"ideal odometry /chassis/odom (IsaacComputeOdometry, relative to Play start)",0.5656,-0.0004,-0.0018,0.0007,0.0001
1790738679459959022,509.633,odom,"ideal odometry /chassis/odom (IsaacComputeOdometry, relative to Play start)",0.5656,-0.0004,-0.0018,0.0006,0.0002
1790738679507158390,509.650,odom,"ideal odometry /chassis/odom (IsaacComputeOdometry, relative to Play start)",0.5656,-0.0004,-0.0018,0.0007,0.0005
1790738679554913142,509.667,odom,"ideal odometry /chassis/odom (IsaacComputeOdometry, relative to Play start)",0.5656,-0.0004,-0.0018,0.0006,0.0001
1790738679591294956,509.683,odom,"ideal odometry /chassis/odom (IsaacComputeOdometry, relative to Play start)",0.5656,-0.0004,-0.0018,0.0007,0.0002
1790738679649260706,509.700,odom,"ideal odometry /chassis/odom (IsaacComputeOdometry, relative to Play start)",0.5657,-0.0004,-0.0018,0.0007,0.0004
1790738679705948381,509.717,odom,"ideal odometry /chassis/odom (IsaacComputeOdometry, relative to Play start)",0.5657,-0.0004,-0.0018,0.0006,0.0001
1790738679783344639,509.733,odom,"ideal odometry /chassis/odom (IsaacComputeOdometry, relative to Play start)",0.5657,-0.0004,-0.0018,0.0007,0.0000
1790738679856024375,509.750,odom,"ideal odometry /chassis/odom (IsaacComputeOdometry, relative to Play start)",0.5657,-0.0004,-0.0018,0.0006,0.0002
1790738679923564702,509.767,odom,"ideal odometry /chassis/odom (IsaacComputeOdometry, relative to Play start)",0.5657,-0.0004,-0.0018,0.0006,0.0004
1790738680023982386,509.783,odom,"ideal odometry /chassis/odom (IsaacComputeOdometry, relative to Play start)",0.5658,-0.0004,-0.0018,0.0007,0.0004
1790738680090204975,509.800,odom,"ideal odometry /chassis/odom (IsaacComputeOdometry, relative to Play start)",0.5658,-0.0004,-0.0018,0.0006,0.0001
1790738680144260788,509.817,odom,"ideal odometry /chassis/odom (IsaacComputeOdometry, relative to Play start)",0.5658,-0.0004,-0.0018,0.0007,0.0003
1790738680198734731,509.833,odom,"ideal odometry /chassis/odom (IsaacComputeOdometry, relative to Play start)",0.5658,-0.0004,-0.0018,0.0006,0.0001
1790738680275465556,509.850,odom,"ideal odometry /chassis/odom (IsaacComputeOdometry, relative to Play start)",0.5658,-0.0004,-0.0018,0.0006,0.0003
1790738680326503906,509.867,odom,"ideal odometry /chassis/odom (IsaacComputeOdometry, relative to Play start)",0.5658,-0.0004,-0.0018,0.0006,0.0002
1790738680377797166,509.883,odom,"ideal odometry /chassis/odom (IsaacComputeOdometry, relative to Play start)",0.5659,-0.0004,-0.0018,0.0007,0.0000
1790738680437577161,509.900,odom,"ideal odometry /chassis/odom (IsaacComputeOdometry, relative to Play start)",0.5659,-0.0004,-0.0018,0.0006,0.0004
1790738680476179841,509.917,odom,"ideal odometry /chassis/odom (IsaacComputeOdometry, relative to Play start)",0.5659,-0.0004,-0.0018,0.0007,0.0006
1790738680541260085,509.933,odom,"ideal odometry /chassis/odom (IsaacComputeOdometry, relative to Play start)",0.5659,-0.0004,-0.0018,0.0007,0.0001
1790738680595366215,509.950,odom,"ideal odometry /chassis/odom (IsaacComputeOdometry, relative to Play start)",0.5659,-0.0004,-0.0018,0.0007,0.0002
1790738680644343398,509.967,odom,"ideal odometry /chassis/odom (IsaacComputeOdometry, relative to Play start)",0.5660,-0.0004,-0.0018,0.0007,0.0005
1790738680681507066,509.983,odom,"ideal odometry /chassis/odom (IsaacComputeOdometry, relative to Play start)",0.5660,-0.0004,-0.0018,0.0007,0.0003
1790738680733397751,510.000,odom,"ideal odometry /chassis/odom (IsaacComputeOdometry, relative to Play start)",0.5660,-0.0004,-0.0018,0.0007,0.0001
1790738680783963849,510.017,odom,"ideal odometry /chassis/odom (IsaacComputeOdometry, relative to Play start)",0.5660,-0.0004,-0.0019,0.0014,0.0067
1790738680849747287,510.033,odom,"ideal odometry /chassis/odom (IsaacComputeOdometry, relative to Play start)",0.5660,-0.0004,-0.0021,0.0018,0.0085
1790738680896250215,510.050,odom,"ideal odometry /chassis/odom (IsaacComputeOdometry, relative to Play start)",0.5660,-0.0004,-0.0023,0.0016,0.0064
1790738680946984098,510.067,odom,"ideal odometry /chassis/odom (IsaacComputeOdometry, relative to Play start)",0.5661,-0.0004,-0.0027,0.0056,0.0308
1790738680980104666,510.083,odom,"ideal odometry /chassis/odom (IsaacComputeOdometry, relative to Play start)",0.5661,-0.0004,-0.0034,0.0097,0.0533
1790738681041133060,510.100,odom,"ideal odometry /chassis/odom (IsaacComputeOdometry, relative to Play start)",0.5661,-0.0004,-0.0044,0.0149,0.0814
1790738681077687700,510.117,odom,"ideal odometry /chassis/odom (IsaacComputeOdometry, relative to Play start)",0.5661,-0.0004,-0.0060,0.0212,0.1157
1790738681132728535,510.133,odom,"ideal odometry /chassis/odom (IsaacComputeOdometry, relative to Play start)",0.5661,-0.0004,-0.0082,0.0275,0.1539
1790738681172033362,510.150,odom,"ideal odometry /chassis/odom (IsaacComputeOdometry, relative to Play start)",0.5662,-0.0004,-0.0110,0.0349,0.1957
1790738681226501883,510.167,odom,"ideal odometry /chassis/odom (IsaacComputeOdometry, relative to Play start)",0.5662,-0.0004,-0.0145,0.0422,0.2373
1790738681271390787,510.183,odom,"ideal odometry /chassis/odom (IsaacComputeOdometry, relative to Play start)",0.5662,-0.0004,-0.0186,0.0497,0.2806
1790738681325434329,510.200,odom,"ideal odometry /chassis/odom (IsaacComputeOdometry, relative to Play start)",0.5663,-0.0004,-0.0235,0.0574,0.3250
1790738681373830068,510.217,odom,"ideal odometry /chassis/odom (IsaacComputeOdometry, relative to Play start)",0.5663,-0.0004,-0.0291,0.0646,0.3715
1790738681433145896,510.233,odom,"ideal odometry /chassis/odom (IsaacComputeOdometry, relative to Play start)",0.5664,-0.0004,-0.0354,0.0728,0.4138
1790738681473912943,510.250,odom,"ideal odometry /chassis/odom (IsaacComputeOdometry, relative to Play start)",0.5665,-0.0004,-0.0425,0.0807,0.4581
1790738681524785315,510.267,odom,"ideal odometry /chassis/odom (IsaacComputeOdometry, relative to Play start)",0.5666,-0.0004,-0.0502,0.0875,0.4976
1790738681573981741,510.283,odom,"ideal odometry /chassis/odom (IsaacComputeOdometry, relative to Play start)",0.5667,-0.0005,-0.0586,0.0920,0.5245
1790738681618078232,510.300,odom,"ideal odometry /chassis/odom (IsaacComputeOdometry, relative to Play start)",0.5668,-0.0005,-0.0673,0.0955,0.5427
1790738681666687031,510.317,odom,"ideal odometry /chassis/odom (IsaacComputeOdometry, relative to Play start)",0.5669,-0.0005,-0.0763,0.0980,0.5573
1790738681724828841,510.333,odom,"ideal odometry /chassis/odom (IsaacComputeOdometry, relative to Play start)",0.5671,-0.0005,-0.0855,0.1002,0.5691
1790738681764437944,510.350,odom,"ideal odometry /chassis/odom (IsaacComputeOdometry, relative to Play start)",0.5672,-0.0005,-0.0949,0.1020,0.5799
1790738681822302301,510.367,odom,"ideal odometry /chassis/odom (IsaacComputeOdometry, relative to Play start)",0.5674,-0.0005,-0.1046,0.1037,0.5890
1790738681865731457,510.383,odom,"ideal odometry /chassis/odom (IsaacComputeOdometry, relative to Play start)",0.5676,-0.0006,-0.1144,0.1054,0.5977
1790738681926707727,510.400,odom,"ideal odometry /chassis/odom (IsaacComputeOdometry, relative to Play start)",0.5678,-0.0006,-0.1243,0.1068,0.6058
1790738681979352968,510.417,odom,"ideal odometry /chassis/odom (IsaacComputeOdometry, relative to Play start)",0.5680,-0.0006,-0.1344,0.1082,0.6135
1790738682036636165,510.433,odom,"ideal odometry /chassis/odom (IsaacComputeOdometry, relative to Play start)",0.5682,-0.0006,-0.1447,0.1095,0.6207
1790738682075335959,510.450,odom,"ideal odometry /chassis/odom (IsaacComputeOdometry, relative to Play start)",0.5684,-0.0007,-0.1551,0.1108,0.6276
1790738682134036576,510.467,odom,"ideal odometry /chassis/odom (IsaacComputeOdometry, relative to Play start)",0.5686,-0.0007,-0.1656,0.1119,0.6341
1790738682184521445,510.483,odom,"ideal odometry /chassis/odom (IsaacComputeOdometry, relative to Play start)",0.5688,-0.0008,-0.1762,0.1132,0.6399
1790738682234982534,510.500,odom,"ideal odometry /chassis/odom (IsaacComputeOdometry, relative to Play start)",0.5690,-0.0008,-0.1869,0.1143,0.6472
1790738682280506908,510.517,odom,"ideal odometry /chassis/odom (IsaacComputeOdometry, relative to Play start)",0.5693,-0.0009,-0.1978,0.1149,0.6517
1790738682346341233,510.533,odom,"ideal odometry /chassis/odom (IsaacComputeOdometry, relative to Play start)",0.5695,-0.0009,-0.2087,0.1160,0.6575
1790738682384652287,510.550,odom,"ideal odometry /chassis/odom (IsaacComputeOdometry, relative to Play start)",0.5696,-0.0010,-0.2197,0.1167,0.6634
1790738682439782531,510.567,odom,"ideal odometry /chassis/odom (IsaacComputeOdometry, relative to Play start)",0.5698,-0.0010,-0.2308,0.1174,0.6684
1790738682485678334,510.583,odom,"ideal odometry /chassis/odom (IsaacComputeOdometry, relative to Play start)",0.5700,-0.0010,-0.2420,0.1182,0.6726
1790738682536555271,510.600,odom,"ideal odometry /chassis/odom (IsaacComputeOdometry, relative to Play start)",0.5701,-0.0011,-0.2532,0.1187,0.6765
1790738682572531225,510.617,odom,"ideal odometry /chassis/odom (IsaacComputeOdometry, relative to Play start)",0.5702,-0.0011,-0.2645,0.1193,0.6796
1790738682628208006,510.633,odom,"ideal odometry /chassis/odom (IsaacComputeOdometry, relative to Play start)",0.5703,-0.0011,-0.2759,0.1198,0.6826
1790738682674134435,510.650,odom,"ideal odometry /chassis/odom (IsaacComputeOdometry, relative to Play start)",0.5704,-0.0012,-0.2873,0.1201,0.6855
1790738682718400994,510.667,odom,"ideal odometry /chassis/odom (IsaacComputeOdometry, relative to Play start)",0.5704,-0.0012,-0.2987,0.1205,0.6876
1790738682768507586,510.683,odom,"ideal odometry /chassis/odom (IsaacComputeOdometry, relative to Play start)",0.5704,-0.0012,-0.3102,0.1207,0.6893
1790738682819000920,510.700,odom,"ideal odometry /chassis/odom (IsaacComputeOdometry, relative to Play start)",0.5704,-0.0012,-0.3217,0.1210,0.6901
1790738682861167410,510.717,odom,"ideal odometry /chassis/odom (IsaacComputeOdometry, relative to Play start)",0.5703,-0.0012,-0.3332,0.1209,0.6914
1790738682919800971,510.733,odom,"ideal odometry /chassis/odom (IsaacComputeOdometry, relative to Play start)",0.5703,-0.0011,-0.3446,0.1189,0.6777
1790738682981459984,510.750,odom,"ideal odometry /chassis/odom (IsaacComputeOdometry, relative to Play start)",0.5702,-0.0011,-0.3557,0.1158,0.6592
1790738683032824011,510.767,odom,"ideal odometry /chassis/odom (IsaacComputeOdometry, relative to Play start)",0.5701,-0.0011,-0.3666,0.1134,0.6465
1790738683086244068,510.783,odom,"ideal odometry /chassis/odom (IsaacComputeOdometry, relative to Play start)",0.5700,-0.0010,-0.3772,0.1118,0.6369
1790738683134250877,510.800,odom,"ideal odometry /chassis/odom (IsaacComputeOdometry, relative to Play start)",0.5699,-0.0010,-0.3878,0.1109,0.6295
1790738683190842009,510.817,odom,"ideal odometry /chassis/odom (IsaacComputeOdometry, relative to Play start)",0.5698,-0.0010,-0.3982,0.1099,0.6245
1790738683245405837,510.833,odom,"ideal odometry /chassis/odom (IsaacComputeOdometry, relative to Play start)",0.5696,-0.0009,-0.4086,0.1092,0.6205
1790738683290777169,510.850,odom,"ideal odometry /chassis/odom (IsaacComputeOdometry, relative to Play start)",0.5695,-0.0008,-0.4189,0.1088,0.6173
1790738683341425447,510.867,odom,"ideal odometry /chassis/odom (IsaacComputeOdometry, relative to Play start)",0.5694,-0.0008,-0.4292,0.1085,0.6146
1790738683380928781,510.883,odom,"ideal odometry /chassis/odom (IsaacComputeOdometry, relative to Play start)",0.5692,-0.0007,-0.4394,0.1079,0.6134
1790738683438618695,510.900,odom,"ideal odometry /chassis/odom (IsaacComputeOdometry, relative to Play start)",0.5691,-0.0006,-0.4496,0.1077,0.6119
1790738683484798324,510.917,odom,"ideal odometry /chassis/odom (IsaacComputeOdometry, relative to Play start)",0.5689,-0.0006,-0.4598,0.1077,0.6096
1790738683534100994,510.933,odom,"ideal odometry /chassis/odom (IsaacComputeOdometry, relative to Play start)",0.5688,-0.0005,-0.4700,0.1074,0.6087
1790738683582624569,510.950,odom,"ideal odometry /chassis/odom (IsaacComputeOdometry, relative to Play start)",0.5686,-0.0004,-0.4800,0.1050,0.5939
1790738683626397190,510.967,odom,"ideal odometry /chassis/odom (IsaacComputeOdometry, relative to Play start)",0.5684,-0.0003,-0.4897,0.1015,0.5749
1790738683670419300,510.983,odom,"ideal odometry /chassis/odom (IsaacComputeOdometry, relative to Play start)",0.5683,-0.0002,-0.4991,0.0991,0.5616
1790738683725872939,511.000,odom,"ideal odometry /chassis/odom (IsaacComputeOdometry, relative to Play start)",0.5681,-0.0001,-0.5084,0.0975,0.5518
1790738683776006258,511.017,odom,"ideal odometry /chassis/odom (IsaacComputeOdometry, relative to Play start)",0.5680,-0.0001,-0.5175,0.0963,0.5448
1790738683837578431,511.033,odom,"ideal odometry /chassis/odom (IsaacComputeOdometry, relative to Play start)",0.5678,0.0000,-0.5266,0.0956,0.5398
1790738683873344939,511.050,odom,"ideal odometry /chassis/odom (IsaacComputeOdometry, relative to Play start)",0.5677,0.0001,-0.5356,0.0948,0.5369
1790738683926839471,511.067,odom,"ideal odometry /chassis/odom (IsaacComputeOdometry, relative to Play start)",0.5675,0.0002,-0.5446,0.0967,0.5487
1790738683968569664,511.083,odom,"ideal odometry /chassis/odom (IsaacComputeOdometry, relative to Play start)",0.5673,0.0003,-0.5540,0.1006,0.5696
1790738684026843115,511.100,odom,"ideal odometry /chassis/odom (IsaacComputeOdometry, relative to Play start)",0.5672,0.0004,-0.5637,0.1060,0.5984
1790738684069436866,511.117,odom,"ideal odometry /chassis/odom (IsaacComputeOdometry, relative to Play start)",0.5670,0.0005,-0.5739,0.1102,0.6216
1790738684118166843,511.133,odom,"ideal odometry /chassis/odom (IsaacComputeOdometry, relative to Play start)",0.5668,0.0006,-0.5845,0.1127,0.6376
1790738684157768242,511.150,odom,"ideal odometry /chassis/odom (IsaacComputeOdometry, relative to Play start)",0.5666,0.0008,-0.5952,0.1144,0.6488
1790738684209872177,511.167,odom,"ideal odometry /chassis/odom (IsaacComputeOdometry, relative to Play start)",0.5665,0.0009,-0.6061,0.1158,0.6553
1790738684251616637,511.183,odom,"ideal odometry /chassis/odom (IsaacComputeOdometry, relative to Play start)",0.5663,0.0010,-0.6170,0.1168,0.6596
1790738684307063142,511.200,odom,"ideal odometry /chassis/odom (IsaacComputeOdometry, relative to Play start)",0.5661,0.0012,-0.6281,0.1173,0.6631
1790738684352863258,511.217,odom,"ideal odometry /chassis/odom (IsaacComputeOdometry, relative to Play start)",0.5659,0.0013,-0.6392,0.1178,0.6650
1790738684410749966,511.233,odom,"ideal odometry /chassis/odom (IsaacComputeOdometry, relative to Play start)",0.5657,0.0014,-0.6503,0.1182,0.6665
1790738684444975879,511.250,odom,"ideal odometry /chassis/odom (IsaacComputeOdometry, relative to Play start)",0.5655,0.0016,-0.6614,0.1182,0.6678
1790738684506571069,511.267,odom,"ideal odometry /chassis/odom (IsaacComputeOdometry, relative to Play start)",0.5653,0.0017,-0.6726,0.1182,0.6686
1790738684559737071,511.283,odom,"ideal odometry /chassis/odom (IsaacComputeOdometry, relative to Play start)",0.5652,0.0019,-0.6837,0.1185,0.6685
1790738684601937708,511.300,odom,"ideal odometry /chassis/odom (IsaacComputeOdometry, relative to Play start)",0.5650,0.0020,-0.6949,0.1186,0.6687
1790738684652142079,511.317,odom,"ideal odometry /chassis/odom (IsaacComputeOdometry, relative to Play start)",0.5648,0.0022,-0.7060,0.1185,0.6692
1790738684707946601,511.333,odom,"ideal odometry /chassis/odom (IsaacComputeOdometry, relative to Play start)",0.5646,0.0023,-0.7172,0.1182,0.6700
1790738684747361763,511.350,odom,"ideal odometry /chassis/odom (IsaacComputeOdometry, relative to Play start)",0.5644,0.0025,-0.7284,0.1184,0.6694
1790738684796731491,511.367,odom,"ideal odometry /chassis/odom (IsaacComputeOdometry, relative to Play start)",0.5642,0.0027,-0.7395,0.1185,0.6690
1790738684833997884,511.383,odom,"ideal odometry /chassis/odom (IsaacComputeOdometry, relative to Play start)",0.5641,0.0028,-0.7507,0.1185,0.6690
1790738684890450338,511.400,odom,"ideal odometry /chassis/odom (IsaacComputeOdometry, relative to Play start)",0.5639,0.0030,-0.7619,0.1184,0.6691
1790738684936029308,511.417,odom,"ideal odometry /chassis/odom (IsaacComputeOdometry, relative to Play start)",0.5637,0.0032,-0.7730,0.1184,0.6690
1790738684992230750,511.433,odom,"ideal odometry /chassis/odom (IsaacComputeOdometry, relative to Play start)",0.5635,0.0033,-0.7842,0.1183,0.6692
1790738685030045678,511.450,odom,"ideal odometry /chassis/odom (IsaacComputeOdometry, relative to Play start)",0.5634,0.0035,-0.7954,0.1182,0.6694
1790738685079543432,511.467,odom,"ideal odometry /chassis/odom (IsaacComputeOdometry, relative to Play start)",0.5632,0.0037,-0.8065,0.1183,0.6689
1790738685113262756,511.483,odom,"ideal odometry /chassis/odom (IsaacComputeOdometry, relative to Play start)",0.5630,0.0039,-0.8177,0.1184,0.6687
1790738685168358758,511.500,odom,"ideal odometry /chassis/odom (IsaacComputeOdometry, relative to Play start)",0.5629,0.0041,-0.8288,0.1184,0.6686
1790738685212079255,511.517,odom,"ideal odometry /chassis/odom (IsaacComputeOdometry, relative to Play start)",0.5627,0.0042,-0.8400,0.1185,0.6682
1790738685271352091,511.533,odom,"ideal odometry /chassis/odom (IsaacComputeOdometry, relative to Play start)",0.5625,0.0044,-0.8511,0.1184,0.6683
1790738685306836009,511.550,odom,"ideal odometry /chassis/odom (IsaacComputeOdometry, relative to Play start)",0.5624,0.0046,-0.8623,0.1183,0.6686
1790738685358851486,511.567,odom,"ideal odometry /chassis/odom (IsaacComputeOdometry, relative to Play start)",0.5622,0.0048,-0.8734,0.1183,0.6688
1790738685397797630,511.583,odom,"ideal odometry /chassis/odom (IsaacComputeOdometry, relative to Play start)",0.5621,0.0050,-0.8846,0.1181,0.6689
1790738685454441933,511.600,odom,"ideal odometry /chassis/odom (IsaacComputeOdometry, relative to Play start)",0.5619,0.0052,-0.8958,0.1181,0.6691
1790738685493739246,511.617,odom,"ideal odometry /chassis/odom (IsaacComputeOdometry, relative to Play start)",0.5618,0.0054,-0.9069,0.1182,0.6686
1790738685549911962,511.633,odom,"ideal odometry /chassis/odom (IsaacComputeOdometry, relative to Play start)",0.5616,0.0056,-0.9181,0.1183,0.6681
1790738685587411390,511.650,odom,"ideal odometry /chassis/odom (IsaacComputeOdometry, relative to Play start)",0.5615,0.0058,-0.9292,0.1184,0.6679
1790738685640674601,511.667,odom,"ideal odometry /chassis/odom (IsaacComputeOdometry, relative to Play start)",0.5613,0.0060,-0.9404,0.1182,0.6684
1790738685683374977,511.683,odom,"ideal odometry /chassis/odom (IsaacComputeOdometry, relative to Play start)",0.5612,0.0062,-0.9515,0.1182,0.6681
1790738685737176830,511.700,odom,"ideal odometry /chassis/odom (IsaacComputeOdometry, relative to Play start)",0.5610,0.0064,-0.9626,0.1183,0.6680
1790738685778979311,511.717,odom,"ideal odometry /chassis/odom (IsaacComputeOdometry, relative to Play start)",0.5609,0.0066,-0.9738,0.1183,0.6680
1790738685831513932,511.733,odom,"ideal odometry /chassis/odom (IsaacComputeOdometry, relative to Play start)",0.5608,0.0068,-0.9849,0.1183,0.6679
1790738685870154373,511.750,odom,"ideal odometry /chassis/odom (IsaacComputeOdometry, relative to Play start)",0.5606,0.0070,-0.9961,0.1181,0.6685
1790738685924872764,511.767,odom,"ideal odometry /chassis/odom (IsaacComputeOdometry, relative to Play start)",0.5605,0.0072,-1.0072,0.1182,0.6685
1790738685990462641,511.783,odom,"ideal odometry /chassis/odom (IsaacComputeOdometry, relative to Play start)",0.5604,0.0074,-1.0184,0.1182,0.6682
1790738686037537407,511.800,odom,"ideal odometry /chassis/odom (IsaacComputeOdometry, relative to Play start)",0.5602,0.0076,-1.0295,0.1184,0.6679
1790738686083732545,511.817,odom,"ideal odometry /chassis/odom (IsaacComputeOdometry, relative to Play start)",0.5601,0.0078,-1.0407,0.1185,0.6674
1790738686132337414,511.833,odom,"ideal odometry /chassis/odom (IsaacComputeOdometry, relative to Play start)",0.5600,0.0080,-1.0518,0.1182,0.6683
1790738686168729983,511.850,odom,"ideal odometry /chassis/odom (IsaacComputeOdometry, relative to Play start)",0.5599,0.0082,-1.0630,0.1181,0.6685
1790738686223440003,511.867,odom,"ideal odometry /chassis/odom (IsaacComputeOdometry, relative to Play start)",0.5597,0.0085,-1.0741,0.1180,0.6686
1790738686266085747,511.883,odom,"ideal odometry /chassis/odom (IsaacComputeOdometry, relative to Play start)",0.5596,0.0087,-1.0853,0.1180,0.6685
1790738686321446135,511.900,odom,"ideal odometry /chassis/odom (IsaacComputeOdometry, relative to Play start)",0.5595,0.0089,-1.0964,0.1182,0.6682
1790738686362174238,511.917,odom,"ideal odometry /chassis/odom (IsaacComputeOdometry, relative to Play start)",0.5594,0.0091,-1.1075,0.1184,0.6675
1790738686412353167,511.933,odom,"ideal odometry /chassis/odom (IsaacComputeOdometry, relative to Play start)",0.5593,0.0093,-1.1187,0.1180,0.6685
1790738686451462243,511.950,odom,"ideal odometry /chassis/odom (IsaacComputeOdometry, relative to Play start)",0.5592,0.0096,-1.1298,0.1180,0.6687
1790738686504793665,511.967,odom,"ideal odometry /chassis/odom (IsaacComputeOdometry, relative to Play start)",0.5591,0.0098,-1.1410,0.1181,0.6682
1790738686550695907,511.983,odom,"ideal odometry /chassis/odom (IsaacComputeOdometry, relative to Play start)",0.5590,0.0100,-1.1521,0.1181,0.6684
1790738686605365903,512.000,odom,"ideal odometry /chassis/odom (IsaacComputeOdometry, relative to Play start)",0.5589,0.0102,-1.1633,0.1183,0.6679
1790738686659200431,512.017,odom,"ideal odometry /chassis/odom (IsaacComputeOdometry, relative to Play start)",0.5588,0.0105,-1.1744,0.1181,0.6684
1790738686720719114,512.033,odom,"ideal odometry /chassis/odom (IsaacComputeOdometry, relative to Play start)",0.5587,0.0107,-1.1856,0.1184,0.6678
1790738686761267441,512.050,odom,"ideal odometry /chassis/odom (IsaacComputeOdometry, relative to Play start)",0.5586,0.0109,-1.1967,0.1182,0.6682
1790738686814266216,512.067,odom,"ideal odometry /chassis/odom (IsaacComputeOdometry, relative to Play start)",0.5585,0.0111,-1.2078,0.1183,0.6679
1790738686861529849,512.083,odom,"ideal odometry /chassis/odom (IsaacComputeOdometry, relative to Play start)",0.5584,0.0114,-1.2190,0.1182,0.6682
1790738686907988341,512.100,odom,"ideal odometry /chassis/odom (IsaacComputeOdometry, relative to Play start)",0.5584,0.0116,-1.2301,0.1179,0.6690
1790738686952338295,512.117,odom,"ideal odometry /chassis/odom (IsaacComputeOdometry, relative to Play start)",0.5583,0.0118,-1.2413,0.1182,0.6683
1790738686993920690,512.133,odom,"ideal odometry /chassis/odom (IsaacComputeOdometry, relative to Play start)",0.5582,0.0121,-1.2524,0.1183,0.6679
1790738687033574226,512.150,odom,"ideal odometry /chassis/odom (IsaacComputeOdometry, relative to Play start)",0.5581,0.0123,-1.2636,0.1182,0.6681
1790738687086254425,512.167,odom,"ideal odometry /chassis/odom (IsaacComputeOdometry, relative to Play start)",0.5580,0.0125,-1.2747,0.1181,0.6683
1790738687128396302,512.183,odom,"ideal odometry /chassis/odom (IsaacComputeOdometry, relative to Play start)",0.5580,0.0128,-1.2859,0.1181,0.6684
1790738687177593736,512.200,odom,"ideal odometry /chassis/odom (IsaacComputeOdometry, relative to Play start)",0.5579,0.0130,-1.2970,0.1183,0.6680
1790738687224118872,512.217,odom,"ideal odometry /chassis/odom (IsaacComputeOdometry, relative to Play start)",0.5578,0.0132,-1.3081,0.1180,0.6686
1790738687274382222,512.233,odom,"ideal odometry /chassis/odom (IsaacComputeOdometry, relative to Play start)",0.5578,0.0135,-1.3193,0.1183,0.6679
1790738687312011831,512.250,odom,"ideal odometry /chassis/odom (IsaacComputeOdometry, relative to Play start)",0.5577,0.0137,-1.3304,0.1180,0.6686
1790738687363231577,512.267,odom,"ideal odometry /chassis/odom (IsaacComputeOdometry, relative to Play start)",0.5577,0.0140,-1.3416,0.1180,0.6684
1790738687418187446,512.283,odom,"ideal odometry /chassis/odom (IsaacComputeOdometry, relative to Play start)",0.5576,0.0142,-1.3527,0.1182,0.6680
1790738687465770606,512.300,odom,"ideal odometry /chassis/odom (IsaacComputeOdometry, relative to Play start)",0.5576,0.0144,-1.3639,0.1182,0.6679
1790738687511964045,512.317,odom,"ideal odometry /chassis/odom (IsaacComputeOdometry, relative to Play start)",0.5575,0.0147,-1.3750,0.1183,0.6678
1790738687562673175,512.333,odom,"ideal odometry /chassis/odom (IsaacComputeOdometry, relative to Play start)",0.5575,0.0149,-1.3862,0.1183,0.6677
1790738687601761620,512.350,odom,"ideal odometry /chassis/odom (IsaacComputeOdometry, relative to Play start)",0.5574,0.0152,-1.3973,0.1182,0.6683
1790738687653850489,512.367,odom,"ideal odometry /chassis/odom (IsaacComputeOdometry, relative to Play start)",0.5574,0.0154,-1.4084,0.1184,0.6678
1790738687704876483,512.383,odom,"ideal odometry /chassis/odom (IsaacComputeOdometry, relative to Play start)",0.5573,0.0157,-1.4196,0.1180,0.6686
1790738687749351453,512.400,odom,"ideal odometry /chassis/odom (IsaacComputeOdometry, relative to Play start)",0.5573,0.0159,-1.4307,0.1183,0.6679
1790738687793290042,512.417,odom,"ideal odometry /chassis/odom (IsaacComputeOdometry, relative to Play start)",0.5573,0.0161,-1.4419,0.1184,0.6678
1790738687843852574,512.433,odom,"ideal odometry /chassis/odom (IsaacComputeOdometry, relative to Play start)",0.5572,0.0164,-1.4530,0.1184,0.6679
1790738687892224809,512.450,odom,"ideal odometry /chassis/odom (IsaacComputeOdometry, relative to Play start)",0.5572,0.0166,-1.4642,0.1185,0.6675
1790738687935166217,512.467,odom,"ideal odometry /chassis/odom (IsaacComputeOdometry, relative to Play start)",0.5572,0.0169,-1.4753,0.1181,0.6686
1790738687982688914,512.483,odom,"ideal odometry /chassis/odom (IsaacComputeOdometry, relative to Play start)",0.5572,0.0171,-1.4865,0.1179,0.6689
1790738688029251411,512.500,odom,"ideal odometry /chassis/odom (IsaacComputeOdometry, relative to Play start)",0.5572,0.0174,-1.4976,0.1183,0.6678
1790738688073471785,512.517,odom,"ideal odometry /chassis/odom (IsaacComputeOdometry, relative to Play start)",0.5571,0.0176,-1.5088,0.1182,0.6683
1790738688131045003,512.533,odom,"ideal odometry /chassis/odom (IsaacComputeOdometry, relative to Play start)",0.5571,0.0179,-1.5199,0.1182,0.6681
1790738688171557014,512.550,odom,"ideal odometry /chassis/odom (IsaacComputeOdometry, relative to Play start)",0.5571,0.0181,-1.5310,0.1182,0.6684
1790738688219290574,512.567,odom,"ideal odometry /chassis/odom (IsaacComputeOdometry, relative to Play start)",0.5571,0.0184,-1.5422,0.1184,0.6677
1790738688266285732,512.583,odom,"ideal odometry /chassis/odom (IsaacComputeOdometry, relative to Play start)",0.5571,0.0186,-1.5533,0.1183,0.6680
1790738688312524614,512.600,odom,"ideal odometry /chassis/odom (IsaacComputeOdometry, relative to Play start)",0.5571,0.0189,-1.5645,0.1182,0.6682
1790738688358136135,512.617,odom,"ideal odometry /chassis/odom (IsaacComputeOdometry, relative to Play start)",0.5571,0.0191,-1.5756,0.1180,0.6687
1790738688414082529,512.633,odom,"ideal odometry /chassis/odom (IsaacComputeOdometry, relative to Play start)",0.5571,0.0193,-1.5868,0.1181,0.6684
1790738688450563608,512.650,odom,"ideal odometry /chassis/odom (IsaacComputeOdometry, relative to Play start)",0.5571,0.0196,-1.5979,0.1185,0.6672
1790738688504706541,512.667,odom,"ideal odometry /chassis/odom (IsaacComputeOdometry, relative to Play start)",0.5571,0.0198,-1.6091,0.1179,0.6690
1790738688551446628,512.683,odom,"ideal odometry /chassis/odom (IsaacComputeOdometry, relative to Play start)",0.5571,0.0201,-1.6202,0.1185,0.6674
1790738688603414758,512.700,odom,"ideal odometry /chassis/odom (IsaacComputeOdometry, relative to Play start)",0.5571,0.0203,-1.6314,0.1184,0.6678
1790738688650451841,512.717,odom,"ideal odometry /chassis/odom (IsaacComputeOdometry, relative to Play start)",0.5572,0.0206,-1.6425,0.1179,0.6690
1790738688701602281,512.733,odom,"ideal odometry /chassis/odom (IsaacComputeOdometry, relative to Play start)",0.5572,0.0208,-1.6537,0.1185,0.6675
1790738688738356018,512.750,odom,"ideal odometry /chassis/odom (IsaacComputeOdometry, relative to Play start)",0.5572,0.0211,-1.6648,0.1180,0.6688
1790738688797563095,512.767,odom,"ideal odometry /chassis/odom (IsaacComputeOdometry, relative to Play start)",0.5572,0.0213,-1.6759,0.1180,0.6688
1790738688858733920,512.783,odom,"ideal odometry /chassis/odom (IsaacComputeOdometry, relative to Play start)",0.5573,0.0216,-1.6871,0.1184,0.6676
1790738688898103675,512.800,odom,"ideal odometry /chassis/odom (IsaacComputeOdometry, relative to Play start)",0.5573,0.0218,-1.6982,0.1181,0.6684
1790738688938330954,512.817,odom,"ideal odometry /chassis/odom (IsaacComputeOdometry, relative to Play start)",0.5573,0.0220,-1.7094,0.1183,0.6679
1790738688993712733,512.833,odom,"ideal odometry /chassis/odom (IsaacComputeOdometry, relative to Play start)",0.5574,0.0223,-1.7205,0.1183,0.6679
1790738689030306373,512.850,odom,"ideal odometry /chassis/odom (IsaacComputeOdometry, relative to Play start)",0.5574,0.0225,-1.7317,0.1183,0.6679
1790738689085724659,512.867,odom,"ideal odometry /chassis/odom (IsaacComputeOdometry, relative to Play start)",0.5574,0.0228,-1.7428,0.1182,0.6683
1790738689131470798,512.883,odom,"ideal odometry /chassis/odom (IsaacComputeOdometry, relative to Play start)",0.5575,0.0230,-1.7540,0.1183,0.6680
1790738689181609512,512.900,odom,"ideal odometry /chassis/odom (IsaacComputeOdometry, relative to Play start)",0.5575,0.0233,-1.7651,0.1184,0.6677
1790738689215272075,512.917,odom,"ideal odometry /chassis/odom (IsaacComputeOdometry, relative to Play start)",0.5576,0.0235,-1.7763,0.1182,0.6684
1790738689274054193,512.933,odom,"ideal odometry /chassis/odom (IsaacComputeOdometry, relative to Play start)",0.5576,0.0237,-1.7874,0.1183,0.6677
1790738689323157984,512.950,odom,"ideal odometry /chassis/odom (IsaacComputeOdometry, relative to Play start)",0.5577,0.0240,-1.7985,0.1180,0.6683
1790738689377135971,512.967,odom,"ideal odometry /chassis/odom (IsaacComputeOdometry, relative to Play start)",0.5577,0.0242,-1.8097,0.1179,0.6686
1790738689423611291,512.983,odom,"ideal odometry /chassis/odom (IsaacComputeOdometry, relative to Play start)",0.5578,0.0245,-1.8208,0.1181,0.6683
1790738689478789907,513.000,odom,"ideal odometry /chassis/odom (IsaacComputeOdometry, relative to Play start)",0.5579,0.0247,-1.8320,0.1183,0.6679
1790738689518236763,513.017,odom,"ideal odometry /chassis/odom (IsaacComputeOdometry, relative to Play start)",0.5579,0.0249,-1.8431,0.1180,0.6688
1790738689584616427,513.033,odom,"ideal odometry /chassis/odom (IsaacComputeOdometry, relative to Play start)",0.5580,0.0252,-1.8543,0.1182,0.6681
1790738689633146476,513.050,odom,"ideal odometry /chassis/odom (IsaacComputeOdometry, relative to Play start)",0.5581,0.0254,-1.8654,0.1183,0.6679
1790738689682445825,513.067,odom,"ideal odometry /chassis/odom (IsaacComputeOdometry, relative to Play start)",0.5581,0.0256,-1.8766,0.1181,0.6683
1790738689721148860,513.083,odom,"ideal odometry /chassis/odom (IsaacComputeOdometry, relative to Play start)",0.5582,0.0259,-1.8877,0.1183,0.6679
1790738689781183894,513.100,odom,"ideal odometry /chassis/odom (IsaacComputeOdometry, relative to Play start)",0.5583,0.0261,-1.8988,0.1180,0.6687
1790738689831053278,513.117,odom,"ideal odometry /chassis/odom (IsaacComputeOdometry, relative to Play start)",0.5584,0.0263,-1.9100,0.1181,0.6683
1790738689886162493,513.133,odom,"ideal odometry /chassis/odom (IsaacComputeOdometry, relative to Play start)",0.5585,0.0266,-1.9211,0.1180,0.6687
1790738689930395796,513.150,odom,"ideal odometry /chassis/odom (IsaacComputeOdometry, relative to Play start)",0.5586,0.0268,-1.9323,0.1183,0.6676
1790738689979285872,513.167,odom,"ideal odometry /chassis/odom (IsaacComputeOdometry, relative to Play start)",0.5586,0.0270,-1.9434,0.1180,0.6685
1790738690016793318,513.183,odom,"ideal odometry /chassis/odom (IsaacComputeOdometry, relative to Play start)",0.5587,0.0273,-1.9546,0.1180,0.6683
1790738690078202291,513.200,odom,"ideal odometry /chassis/odom (IsaacComputeOdometry, relative to Play start)",0.5588,0.0275,-1.9657,0.1181,0.6680
1790738690131314008,513.217,odom,"ideal odometry /chassis/odom (IsaacComputeOdometry, relative to Play start)",0.5589,0.0277,-1.9768,0.1185,0.6669
1790738690173704586,513.233,odom,"ideal odometry /chassis/odom (IsaacComputeOdometry, relative to Play start)",0.5590,0.0279,-1.9880,0.1184,0.6676
1790738690208222772,513.250,odom,"ideal odometry /chassis/odom (IsaacComputeOdometry, relative to Play start)",0.5591,0.0282,-1.9991,0.1183,0.6677
1790738690265665175,513.267,odom,"ideal odometry /chassis/odom (IsaacComputeOdometry, relative to Play start)",0.5592,0.0284,-2.0103,0.1180,0.6685
1790738690333882145,513.283,odom,"ideal odometry /chassis/odom (IsaacComputeOdometry, relative to Play start)",0.5593,0.0286,-2.0214,0.1183,0.6677
1790738690374262296,513.300,odom,"ideal odometry /chassis/odom (IsaacComputeOdometry, relative to Play start)",0.5594,0.0288,-2.0326,0.1183,0.6680
1790738690413614083,513.317,odom,"ideal odometry /chassis/odom (IsaacComputeOdometry, relative to Play start)",0.5595,0.0289,-2.0437,0.1168,0.6651
1790738690468800209,513.333,odom,"ideal odometry /chassis/odom (IsaacComputeOdometry, relative to Play start)",0.5594,0.0287,-2.0547,0.1189,0.6592
1790738690515279902,513.350,odom,"ideal odometry /chassis/odom (IsaacComputeOdometry, relative to Play start)",0.5591,0.0281,-2.0657,0.1248,0.6576
1790738690565475372,513.367,odom,"ideal odometry /chassis/odom (IsaacComputeOdometry, relative to Play start)",0.5587,0.0273,-2.0767,0.1297,0.6614
1790738690610562302,513.383,odom,"ideal odometry /chassis/odom (IsaacComputeOdometry, relative to Play start)",0.5582,0.0265,-2.0878,0.1329,0.6677
1790738690655543039,513.400,odom,"ideal odometry /chassis/odom (IsaacComputeOdometry, relative to Play start)",0.5576,0.0256,-2.0990,0.1351,0.6731
1790738690692762045,513.417,odom,"ideal odometry /chassis/odom (IsaacComputeOdometry, relative to Play start)",0.5571,0.0246,-2.1102,0.1365,0.6778
1790738690748312666,513.433,odom,"ideal odometry /chassis/odom (IsaacComputeOdometry, relative to Play start)",0.5565,0.0237,-2.1215,0.1374,0.6822
1790738690787735660,513.450,odom,"ideal odometry /chassis/odom (IsaacComputeOdometry, relative to Play start)",0.5559,0.0227,-2.1329,0.1380,0.6865
1790738690832493935,513.467,odom,"ideal odometry /chassis/odom (IsaacComputeOdometry, relative to Play start)",0.5554,0.0219,-2.1444,0.1306,0.6897
1790738690867823441,513.483,odom,"ideal odometry /chassis/odom (IsaacComputeOdometry, relative to Play start)",0.5550,0.0213,-2.1559,0.1270,0.6898
1790738690916018942,513.500,odom,"ideal odometry /chassis/odom (IsaacComputeOdometry, relative to Play start)",0.5546,0.0208,-2.1674,0.1256,0.6915
1790738690956091734,513.517,odom,"ideal odometry /chassis/odom (IsaacComputeOdometry, relative to Play start)",0.5543,0.0204,-2.1790,0.1248,0.6935
1790738691015374675,513.533,odom,"ideal odometry /chassis/odom (IsaacComputeOdometry, relative to Play start)",0.5541,0.0200,-2.1906,0.1250,0.6933
1790738691053313450,513.550,odom,"ideal odometry /chassis/odom (IsaacComputeOdometry, relative to Play start)",0.5538,0.0196,-2.2022,0.1250,0.6936
1790738691102870531,513.567,odom,"ideal odometry /chassis/odom (IsaacComputeOdometry, relative to Play start)",0.5535,0.0193,-2.2137,0.1251,0.6935
1790738691137119291,513.583,odom,"ideal odometry /chassis/odom (IsaacComputeOdometry, relative to Play start)",0.5532,0.0189,-2.2253,0.1249,0.6941
1790738691192078202,513.600,odom,"ideal odometry /chassis/odom (IsaacComputeOdometry, relative to Play start)",0.5529,0.0185,-2.2369,0.1248,0.6942
1790738691229058489,513.617,odom,"ideal odometry /chassis/odom (IsaacComputeOdometry, relative to Play start)",0.5526,0.0182,-2.2485,0.1251,0.6934
1790738691294087886,513.633,odom,"ideal odometry /chassis/odom (IsaacComputeOdometry, relative to Play start)",0.5524,0.0178,-2.2601,0.1248,0.6939
1790738691326176199,513.650,odom,"ideal odometry /chassis/odom (IsaacComputeOdometry, relative to Play start)",0.5521,0.0175,-2.2717,0.1248,0.6934
1790738691383073665,513.667,odom,"ideal odometry /chassis/odom (IsaacComputeOdometry, relative to Play start)",0.5518,0.0172,-2.2833,0.1249,0.6925
1790738691426316633,513.683,odom,"ideal odometry /chassis/odom (IsaacComputeOdometry, relative to Play start)",0.5515,0.0168,-2.2949,0.1248,0.6927
1790738691481957095,513.700,odom,"ideal odometry /chassis/odom (IsaacComputeOdometry, relative to Play start)",0.5511,0.0164,-2.3064,0.1287,0.6925
1790738691531014778,513.717,odom,"ideal odometry /chassis/odom (IsaacComputeOdometry, relative to Play start)",0.5504,0.0156,-2.3180,0.1384,0.6912
1790738691581475397,513.733,odom,"ideal odometry /chassis/odom (IsaacComputeOdometry, relative to Play start)",0.5495,0.0146,-2.3295,0.1537,0.6928
1790738691624327440,513.750,odom,"ideal odometry /chassis/odom (IsaacComputeOdometry, relative to Play start)",0.5482,0.0133,-2.3411,0.1746,0.6917
1790738691677614370,513.767,odom,"ideal odometry /chassis/odom (IsaacComputeOdometry, relative to Play start)",0.5465,0.0116,-2.3526,0.1947,0.6947
1790738691729268962,513.783,odom,"ideal odometry /chassis/odom (IsaacComputeOdometry, relative to Play start)",0.5444,0.0095,-2.3644,0.2298,0.7096
1790738691764294912,513.800,odom,"ideal odometry /chassis/odom (IsaacComputeOdometry, relative to Play start)",0.5419,0.0071,-2.3763,0.2606,0.7204
1790738691800920211,513.817,odom,"ideal odometry /chassis/odom (IsaacComputeOdometry, relative to Play start)",0.5389,0.0043,-2.3885,0.2913,0.7349
1790738691850466740,513.833,odom,"ideal odometry /chassis/odom (IsaacComputeOdometry, relative to Play start)",0.5354,0.0011,-2.4009,0.3224,0.7508
1790738691888519122,513.850,odom,"ideal odometry /chassis/odom (IsaacComputeOdometry, relative to Play start)",0.5315,-0.0023,-2.4136,0.3534,0.7671
1790738691939357925,513.867,odom,"ideal odometry /chassis/odom (IsaacComputeOdometry, relative to Play start)",0.5272,-0.0061,-2.4267,0.3841,0.7844
1790738691972950233,513.883,odom,"ideal odometry /chassis/odom (IsaacComputeOdometry, relative to Play start)",0.5224,-0.0101,-2.4400,0.4144,0.8042
1790738692023287356,513.900,odom,"ideal odometry /chassis/odom (IsaacComputeOdometry, relative to Play start)",0.5171,-0.0144,-2.4537,0.4447,0.8236
1790738692060420800,513.917,odom,"ideal odometry /chassis/odom (IsaacComputeOdometry, relative to Play start)",0.5114,-0.0190,-2.4678,0.4749,0.8449
1790738692114559929,513.933,odom,"ideal odometry /chassis/odom (IsaacComputeOdometry, relative to Play start)",0.5052,-0.0238,-2.4822,0.5050,0.8669
1790738692149955984,513.950,odom,"ideal odometry /chassis/odom (IsaacComputeOdometry, relative to Play start)",0.4986,-0.0288,-2.4969,0.5349,0.8888
1790738692207073725,513.967,odom,"ideal odometry /chassis/odom (IsaacComputeOdometry, relative to Play start)",0.4914,-0.0340,-2.5121,0.5646,0.9120
1790738692239222978,513.983,odom,"ideal odometry /chassis/odom (IsaacComputeOdometry, relative to Play start)",0.4837,-0.0394,-2.5276,0.5943,0.9351
1790738692296349751,514.000,odom,"ideal odometry /chassis/odom (IsaacComputeOdometry, relative to Play start)",0.4756,-0.0449,-2.5435,0.6237,0.9583
1790738692331291755,514.017,odom,"ideal odometry /chassis/odom (IsaacComputeOdometry, relative to Play start)",0.4669,-0.0506,-2.5598,0.6528,0.9830
1790738692391888648,514.033,odom,"ideal odometry /chassis/odom (IsaacComputeOdometry, relative to Play start)",0.4577,-0.0564,-2.5766,0.6817,1.0087
1790738692429297506,514.050,odom,"ideal odometry /chassis/odom (IsaacComputeOdometry, relative to Play start)",0.4480,-0.0622,-2.5937,0.7103,1.0356
1790738692481228370,514.067,odom,"ideal odometry /chassis/odom (IsaacComputeOdometry, relative to Play start)",0.4378,-0.0682,-2.6113,0.7365,1.0567
1790738692521792289,514.083,odom,"ideal odometry /chassis/odom (IsaacComputeOdometry, relative to Play start)",0.4273,-0.0741,-2.6291,0.7544,1.0617
1790738692572523569,514.100,odom,"ideal odometry /chassis/odom (IsaacComputeOdometry, relative to Play start)",0.4164,-0.0800,-2.6469,0.7665,1.0567
1790738692608286876,514.117,odom,"ideal odometry /chassis/odom (IsaacComputeOdometry, relative to Play start)",0.4053,-0.0857,-2.6646,0.7744,1.0462
1790738692664829164,514.133,odom,"ideal odometry /chassis/odom (IsaacComputeOdometry, relative to Play start)",0.3939,-0.0913,-2.6821,0.7793,1.0343
1790738692703907152,514.150,odom,"ideal odometry /chassis/odom (IsaacComputeOdometry, relative to Play start)",0.3825,-0.0967,-2.6994,0.7827,1.0219
1790738692760809847,514.167,odom,"ideal odometry /chassis/odom (IsaacComputeOdometry, relative to Play start)",0.3708,-0.1019,-2.7165,0.7852,1.0102
1790738692801305126,514.183,odom,"ideal odometry /chassis/odom (IsaacComputeOdometry, relative to Play start)",0.3591,-0.1070,-2.7334,0.7873,0.9992
1790738692857751869,514.200,odom,"ideal odometry /chassis/odom (IsaacComputeOdometry, relative to Play start)",0.3472,-0.1119,-2.7502,0.7887,0.9907
1790738692895818511,514.217,odom,"ideal odometry /chassis/odom (IsaacComputeOdometry, relative to Play start)",0.3353,-0.1165,-2.7668,0.7899,0.9829
1790738692957049325,514.233,odom,"ideal odometry /chassis/odom (IsaacComputeOdometry, relative to Play start)",0.3232,-0.1210,-2.7833,0.7911,0.9761
1790738692992763291,514.250,odom,"ideal odometry /chassis/odom (IsaacComputeOdometry, relative to Play start)",0.3110,-0.1254,-2.7997,0.7919,0.9701
1790738693051776331,514.267,odom,"ideal odometry /chassis/odom (IsaacComputeOdometry, relative to Play start)",0.2988,-0.1295,-2.8159,0.7905,0.9556
1790738693099957857,514.283,odom,"ideal odometry /chassis/odom (IsaacComputeOdometry, relative to Play start)",0.2865,-0.1334,-2.8318,0.7890,0.9372
1790738693148680040,514.300,odom,"ideal odometry /chassis/odom (IsaacComputeOdometry, relative to Play start)",0.2742,-0.1371,-2.8473,0.7870,0.9121
1790738693184268420,514.317,odom,"ideal odometry /chassis/odom (IsaacComputeOdometry, relative to Play start)",0.2618,-0.1406,-2.8624,0.7857,0.8848
1790738693244482849,514.333,odom,"ideal odometry /chassis/odom (IsaacComputeOdometry, relative to Play start)",0.2494,-0.1440,-2.8771,0.7864,0.8623
1790738693283410818,514.350,odom,"ideal odometry /chassis/odom (IsaacComputeOdometry, relative to Play start)",0.2369,-0.1472,-2.8914,0.7879,0.8438
1790738693338442647,514.367,odom,"ideal odometry /chassis/odom (IsaacComputeOdometry, relative to Play start)",0.2243,-0.1502,-2.9055,0.7895,0.8282
1790738693379022633,514.383,odom,"ideal odometry /chassis/odom (IsaacComputeOdometry, relative to Play start)",0.2117,-0.1530,-2.9194,0.7910,0.8151
1790738693440514601,514.400,odom,"ideal odometry /chassis/odom (IsaacComputeOdometry, relative to Play start)",0.1990,-0.1557,-2.9329,0.7902,0.7941
1790738693484629924,514.417,odom,"ideal odometry /chassis/odom (IsaacComputeOdometry, relative to Play start)",0.1862,-0.1582,-2.9461,0.7896,0.7696
1790738693541494496,514.433,odom,"ideal odometry /chassis/odom (IsaacComputeOdometry, relative to Play start)",0.1734,-0.1606,-2.9589,0.7904,0.7497
1790738693581539813,514.450,odom,"ideal odometry /chassis/odom (IsaacComputeOdometry, relative to Play start)",0.1606,-0.1628,-2.9713,0.7919,0.7332
1790738693635467128,514.467,odom,"ideal odometry /chassis/odom (IsaacComputeOdometry, relative to Play start)",0.1477,-0.1648,-2.9835,0.7912,0.7090
1790738693676581593,514.483,odom,"ideal odometry /chassis/odom (IsaacComputeOdometry, relative to Play start)",0.1348,-0.1667,-2.9952,0.7908,0.6820
1790738693734466923,514.500,odom,"ideal odometry /chassis/odom (IsaacComputeOdometry, relative to Play start)",0.1219,-0.1684,-3.0065,0.7919,0.6606
1790738693769942360,514.517,odom,"ideal odometry /chassis/odom (IsaacComputeOdometry, relative to Play start)",0.1089,-0.1700,-3.0175,0.7934,0.6430
1790738693837456770,514.533,odom,"ideal odometry /chassis/odom (IsaacComputeOdometry, relative to Play start)",0.0959,-0.1715,-3.0283,0.7947,0.6294
1790738693876253543,514.550,odom,"ideal odometry /chassis/odom (IsaacComputeOdometry, relative to Play start)",0.0828,-0.1729,-3.0388,0.7958,0.6189
1790738693926780520,514.567,odom,"ideal odometry /chassis/odom (IsaacComputeOdometry, relative to Play start)",0.0697,-0.1741,-3.0491,0.7952,0.5989
1790738693964735551,514.583,odom,"ideal odometry /chassis/odom (IsaacComputeOdometry, relative to Play start)",0.0566,-0.1752,-3.0590,0.7947,0.5747
1790738694014747824,514.600,odom,"ideal odometry /chassis/odom (IsaacComputeOdometry, relative to Play start)",0.0435,-0.1761,-3.0685,0.7954,0.5561
1790738694054602945,514.617,odom,"ideal odometry /chassis/odom (IsaacComputeOdometry, relative to Play start)",0.0304,-0.1769,-3.0778,0.7963,0.5420
1790738694107692669,514.633,odom,"ideal odometry /chassis/odom (IsaacComputeOdometry, relative to Play start)",0.0172,-0.1777,-3.0869,0.7970,0.5318
1790738694148671005,514.650,odom,"ideal odometry /chassis/odom (IsaacComputeOdometry, relative to Play start)",0.0040,-0.1783,-3.0958,0.7976,0.5242
1790738694197335119,514.667,odom,"ideal odometry /chassis/odom (IsaacComputeOdometry, relative to Play start)",-0.0092,-0.1788,-3.1046,0.7981,0.5188
1790738694232929749,514.683,odom,"ideal odometry /chassis/odom (IsaacComputeOdometry, relative to Play start)",-0.0224,-0.1791,-3.1133,0.7983,0.5149
1790738694285751857,514.700,odom,"ideal odometry /chassis/odom (IsaacComputeOdometry, relative to Play start)",-0.0356,-0.1794,-3.1220,0.7984,0.5125
1790738694324807060,514.717,odom,"ideal odometry /chassis/odom (IsaacComputeOdometry, relative to Play start)",-0.0489,-0.1795,-3.1306,0.7986,0.5112
1790738694376471808,514.733,odom,"ideal odometry /chassis/odom (IsaacComputeOdometry, relative to Play start)",-0.0621,-0.1796,-3.1392,0.7985,0.5105
1790738694413363643,514.750,odom,"ideal odometry /chassis/odom (IsaacComputeOdometry, relative to Play start)",-0.0753,-0.1795,3.1355,0.7985,0.5107
1790738694461824597,514.767,odom,"ideal odometry /chassis/odom (IsaacComputeOdometry, relative to Play start)",-0.0886,-0.1793,3.1270,0.7984,0.5111
1790738694510717350,514.783,odom,"ideal odometry /chassis/odom (IsaacComputeOdometry, relative to Play start)",-0.1018,-0.1790,3.1185,0.7983,0.5113
1790738694554688429,514.800,odom,"ideal odometry /chassis/odom (IsaacComputeOdometry, relative to Play start)",-0.1150,-0.1786,3.1099,0.7982,0.5126
1790738694590226208,514.817,odom,"ideal odometry /chassis/odom (IsaacComputeOdometry, relative to Play start)",-0.1283,-0.1780,3.1014,0.7982,0.5134
1790738694644089406,514.833,odom,"ideal odometry /chassis/odom (IsaacComputeOdometry, relative to Play start)",-0.1415,-0.1774,3.0930,0.7973,0.5017
1790738694678599309,514.850,odom,"ideal odometry /chassis/odom (IsaacComputeOdometry, relative to Play start)",-0.1547,-0.1766,3.0848,0.7968,0.4827
1790738694732695804,514.867,odom,"ideal odometry /chassis/odom (IsaacComputeOdometry, relative to Play start)",-0.1679,-0.1758,3.0769,0.7971,0.4681
1790738694773543896,514.883,odom,"ideal odometry /chassis/odom (IsaacComputeOdometry, relative to Play start)",-0.1811,-0.1748,3.0692,0.7975,0.4570
1790738694825743973,514.900,odom,"ideal odometry /chassis/odom (IsaacComputeOdometry, relative to Play start)",-0.1943,-0.1737,3.0616,0.7979,0.4487
1790738694859849077,514.917,odom,"ideal odometry /chassis/odom (IsaacComputeOdometry, relative to Play start)",-0.2075,-0.1726,3.0542,0.7981,0.4424
1790738694912178636,514.933,odom,"ideal odometry /chassis/odom (IsaacComputeOdometry, relative to Play start)",-0.2207,-0.1713,3.0469,0.7976,0.4245
1790738694954962029,514.950,odom,"ideal odometry /chassis/odom (IsaacComputeOdometry, relative to Play start)",-0.2338,-0.1700,3.0401,0.7968,0.3965
1790738695001100946,514.967,odom,"ideal odometry /chassis/odom (IsaacComputeOdometry, relative to Play start)",-0.2470,-0.1686,3.0337,0.7962,0.3618
1790738695039285420,514.983,odom,"ideal odometry /chassis/odom (IsaacComputeOdometry, relative to Play start)",-0.2602,-0.1670,3.0279,0.7965,0.3320
1790738695087690379,515.000,odom,"ideal odometry /chassis/odom (IsaacComputeOdometry, relative to Play start)",-0.2733,-0.1655,3.0225,0.7973,0.3091
1790738695122203040,515.017,odom,"ideal odometry /chassis/odom (IsaacComputeOdometry, relative to Play start)",-0.2865,-0.1638,3.0173,0.7980,0.2928
1790738695187983782,515.033,odom,"ideal odometry /chassis/odom (IsaacComputeOdometry, relative to Play start)",-0.2996,-0.1621,3.0126,0.7978,0.2661
1790738695224072576,515.050,odom,"ideal odometry /chassis/odom (IsaacComputeOdometry, relative to Play start)",-0.3128,-0.1603,3.0083,0.7975,0.2401
1790738695275837146,515.067,odom,"ideal odometry /chassis/odom (IsaacComputeOdometry, relative to Play start)",-0.3260,-0.1585,3.0044,0.7983,0.2206
1790738695310886370,515.083,odom,"ideal odometry /chassis/odom (IsaacComputeOdometry, relative to Play start)",-0.3391,-0.1567,3.0008,0.7988,0.2055
1790738695368675119,515.100,odom,"ideal odometry /chassis/odom (IsaacComputeOdometry, relative to Play start)",-0.3523,-0.1547,2.9974,0.7991,0.1961
1790738695404264806,515.117,odom,"ideal odometry /chassis/odom (IsaacComputeOdometry, relative to Play start)",-0.3655,-0.1528,2.9942,0.7992,0.1912
1790738695460696173,515.133,odom,"ideal odometry /chassis/odom (IsaacComputeOdometry, relative to Play start)",-0.3786,-0.1508,2.9911,0.7990,0.1746
1790738695503774657,515.150,odom,"ideal odometry /chassis/odom (IsaacComputeOdometry, relative to Play start)",-0.3918,-0.1488,2.9882,0.7994,0.1781
1790738695551705037,515.167,odom,"ideal odometry /chassis/odom (IsaacComputeOdometry, relative to Play start)",-0.4049,-0.1467,2.9853,0.7997,0.1781
1790738695588320698,515.183,odom,"ideal odometry /chassis/odom (IsaacComputeOdometry, relative to Play start)",-0.4181,-0.1446,2.9824,0.7996,0.1822
1790738695640295368,515.200,odom,"ideal odometry /chassis/odom (IsaacComputeOdometry, relative to Play start)",-0.4313,-0.1424,2.9796,0.7993,0.1716
1790738695676067110,515.217,odom,"ideal odometry /chassis/odom (IsaacComputeOdometry, relative to Play start)",-0.4444,-0.1402,2.9770,0.7996,0.1621
1790738695728340865,515.233,odom,"ideal odometry /chassis/odom (IsaacComputeOdometry, relative to Play start)",-0.4575,-0.1380,2.9745,0.7999,0.1541
1790738695768143588,515.250,odom,"ideal odometry /chassis/odom (IsaacComputeOdometry, relative to Play start)",-0.4707,-0.1358,2.9721,0.7999,0.1500
1790738695816639242,515.267,odom,"ideal odometry /chassis/odom (IsaacComputeOdometry, relative to Play start)",-0.4838,-0.1335,2.9698,0.8000,0.1412
1790738695868685879,515.283,odom,"ideal odometry /chassis/odom (IsaacComputeOdometry, relative to Play start)",-0.4970,-0.1312,2.9676,0.7999,0.1372
1790738695906700658,515.300,odom,"ideal odometry /chassis/odom (IsaacComputeOdometry, relative to Play start)",-0.5101,-0.1288,2.9654,0.8000,0.1298
1790738695946007316,515.317,odom,"ideal odometry /chassis/odom (IsaacComputeOdometry, relative to Play start)",-0.5232,-0.1265,2.9634,0.8001,0.1248
1790738695998648128,515.333,odom,"ideal odometry /chassis/odom (IsaacComputeOdometry, relative to Play start)",-0.5363,-0.1241,2.9615,0.8000,0.1185
1790738696034574166,515.350,odom,"ideal odometry /chassis/odom (IsaacComputeOdometry, relative to Play start)",-0.5495,-0.1217,2.9597,0.8002,0.1135
1790738696091417273,515.367,odom,"ideal odometry /chassis/odom (IsaacComputeOdometry, relative to Play start)",-0.5626,-0.1192,2.9580,0.8001,0.1006
1790738696130331775,515.383,odom,"ideal odometry /chassis/odom (IsaacComputeOdometry, relative to Play start)",-0.5757,-0.1168,2.9565,0.8002,0.0925
1790738696178746051,515.400,odom,"ideal odometry /chassis/odom (IsaacComputeOdometry, relative to Play start)",-0.5888,-0.1143,2.9551,0.8002,0.0871
1790738696217026640,515.417,odom,"ideal odometry /chassis/odom (IsaacComputeOdometry, relative to Play start)",-0.6019,-0.1118,2.9538,0.8002,0.0805
1790738696265869102,515.433,odom,"ideal odometry /chassis/odom (IsaacComputeOdometry, relative to Play start)",-0.6150,-0.1093,2.9526,0.8004,0.0750
1790738696302758369,515.450,odom,"ideal odometry /chassis/odom (IsaacComputeOdometry, relative to Play start)",-0.6281,-0.1068,2.9515,0.8004,0.0690
1790738696355359823,515.467,odom,"ideal odometry /chassis/odom (IsaacComputeOdometry, relative to Play start)",-0.6412,-0.1042,2.9505,0.8003,0.0633
1790738696397346356,515.483,odom,"ideal odometry /chassis/odom (IsaacComputeOdometry, relative to Play start)",-0.6543,-0.1017,2.9496,0.8005,0.0587
1790738696448674088,515.500,odom,"ideal odometry /chassis/odom (IsaacComputeOdometry, relative to Play start)",-0.6674,-0.0991,2.9487,0.8006,0.0543
1790738696486445017,515.517,odom,"ideal odometry /chassis/odom (IsaacComputeOdometry, relative to Play start)",-0.6805,-0.0965,2.9480,0.8006,0.0499
1790738696551250931,515.533,odom,"ideal odometry /chassis/odom (IsaacComputeOdometry, relative to Play start)",-0.6936,-0.0940,2.9472,0.8005,0.0448
1790738696585948594,515.550,odom,"ideal odometry /chassis/odom (IsaacComputeOdometry, relative to Play start)",-0.7067,-0.0914,2.9466,0.8007,0.0414
1790738696643868822,515.567,odom,"ideal odometry /chassis/odom (IsaacComputeOdometry, relative to Play start)",-0.7198,-0.0888,2.9460,0.8008,0.0366
1790738696679978816,515.583,odom,"ideal odometry /chassis/odom (IsaacComputeOdometry, relative to Play start)",-0.7329,-0.0862,2.9455,0.8008,0.0336
1790738696736850253,515.600,odom,"ideal odometry /chassis/odom (IsaacComputeOdometry, relative to Play start)",-0.7460,-0.0836,2.9450,0.8007,0.0297
1790738696772030386,515.617,odom,"ideal odometry /chassis/odom (IsaacComputeOdometry, relative to Play start)",-0.7591,-0.0810,2.9446,0.8006,0.0266
1790738696824901168,515.633,odom,"ideal odometry /chassis/odom (IsaacComputeOdometry, relative to Play start)",-0.7722,-0.0783,2.9443,0.8007,0.0229
1790738696864783369,515.650,odom,"ideal odometry /chassis/odom (IsaacComputeOdometry, relative to Play start)",-0.7853,-0.0757,2.9440,0.8008,0.0199
1790738696919760669,515.667,odom,"ideal odometry /chassis/odom (IsaacComputeOdometry, relative to Play start)",-0.7984,-0.0731,2.9437,0.8008,0.0171
1790738696954016836,515.683,odom,"ideal odometry /chassis/odom (IsaacComputeOdometry, relative to Play start)",-0.8115,-0.0705,2.9435,0.8008,0.0146
1790738697004422028,515.700,odom,"ideal odometry /chassis/odom (IsaacComputeOdometry, relative to Play start)",-0.8246,-0.0678,2.9433,0.8008,0.0122
1790738697042370068,515.717,odom,"ideal odometry /chassis/odom (IsaacComputeOdometry, relative to Play start)",-0.8376,-0.0652,2.9432,0.8007,0.0095
1790738697096290972,515.733,odom,"ideal odometry /chassis/odom (IsaacComputeOdometry, relative to Play start)",-0.8507,-0.0626,2.9431,0.8007,0.0074
1790738697136630165,515.750,odom,"ideal odometry /chassis/odom (IsaacComputeOdometry, relative to Play start)",-0.8638,-0.0599,2.9430,0.8006,0.0051
1790738697187174251,515.767,odom,"ideal odometry /chassis/odom (IsaacComputeOdometry, relative to Play start)",-0.8767,-0.0573,2.9430,0.7792,0.0030
1790738697238767033,515.783,odom,"ideal odometry /chassis/odom (IsaacComputeOdometry, relative to Play start)",-0.8893,-0.0548,2.9430,0.7659,0.0009
1790738697277748368,515.800,odom,"ideal odometry /chassis/odom (IsaacComputeOdometry, relative to Play start)",-0.9018,-0.0523,2.9430,0.7612,0.0007
1790738697314984539,515.817,odom,"ideal odometry /chassis/odom (IsaacComputeOdometry, relative to Play start)",-0.9142,-0.0498,2.9431,0.7595,0.0023
1790738697373299680,515.833,odom,"ideal odometry /chassis/odom (IsaacComputeOdometry, relative to Play start)",-0.9268,-0.0473,2.9432,0.7805,0.0034
1790738697411541576,515.850,odom,"ideal odometry /chassis/odom (IsaacComputeOdometry, relative to Play start)",-0.9395,-0.0447,2.9432,0.7663,0.0003
1790738697462594466,515.867,odom,"ideal odometry /chassis/odom (IsaacComputeOdometry, relative to Play start)",-0.9517,-0.0422,2.9433,0.7398,0.0047
1790738697498536000,515.883,odom,"ideal odometry /chassis/odom (IsaacComputeOdometry, relative to Play start)",-0.9637,-0.0398,2.9434,0.7248,0.0075
1790738697556469062,515.900,odom,"ideal odometry /chassis/odom (IsaacComputeOdometry, relative to Play start)",-0.9755,-0.0375,2.9436,0.7194,0.0078
1790738697589481738,515.917,odom,"ideal odometry /chassis/odom (IsaacComputeOdometry, relative to Play start)",-0.9870,-0.0352,2.9438,0.6959,0.0099
1790738697654035817,515.933,odom,"ideal odometry /chassis/odom (IsaacComputeOdometry, relative to Play start)",-0.9983,-0.0329,2.9440,0.6820,0.0105
1790738697686590360,515.950,odom,"ideal odometry /chassis/odom (IsaacComputeOdometry, relative to Play start)",-1.0094,-0.0307,2.9442,0.6771,0.0119
1790738697745661197,515.967,odom,"ideal odometry /chassis/odom (IsaacComputeOdometry, relative to Play start)",-1.0204,-0.0285,2.9444,0.6754,0.0132
1790738697787574147,515.983,odom,"ideal odometry /chassis/odom (IsaacComputeOdometry, relative to Play start)",-1.0315,-0.0263,2.9447,0.6748,0.0144
1790738697841768277,516.000,odom,"ideal odometry /chassis/odom (IsaacComputeOdometry, relative to Play start)",-1.0425,-0.0241,2.9450,0.6745,0.0154
1790738697879788949,516.017,odom,"ideal odometry /chassis/odom (IsaacComputeOdometry, relative to Play start)",-1.0533,-0.0219,2.9453,0.6529,0.0166
1790738697950782940,516.033,odom,"ideal odometry /chassis/odom (IsaacComputeOdometry, relative to Play start)",-1.0639,-0.0198,2.9456,0.6396,0.0169
1790738697987621345,516.050,odom,"ideal odometry /chassis/odom (IsaacComputeOdometry, relative to Play start)",-1.0743,-0.0178,2.9459,0.6348,0.0179
1790738698045154742,516.067,odom,"ideal odometry /chassis/odom (IsaacComputeOdometry, relative to Play start)",-1.0847,-0.0157,2.9462,0.6332,0.0186
1790738698082424852,516.083,odom,"ideal odometry /chassis/odom (IsaacComputeOdometry, relative to Play start)",-1.0950,-0.0137,2.9466,0.6326,0.0197
1790738698138283433,516.100,odom,"ideal odometry /chassis/odom (IsaacComputeOdometry, relative to Play start)",-1.1054,-0.0116,2.9469,0.6323,0.0163
1790738698175358844,516.117,odom,"ideal odometry /chassis/odom (IsaacComputeOdometry, relative to Play start)",-1.1155,-0.0096,2.9472,0.6107,0.0209
1790738698226749701,516.133,odom,"ideal odometry /chassis/odom (IsaacComputeOdometry, relative to Play start)",-1.1256,-0.0076,2.9477,0.6246,0.0297
1790738698268264886,516.150,odom,"ideal odometry /chassis/odom (IsaacComputeOdometry, relative to Play start)",-1.1361,-0.0056,2.9484,0.6511,0.0435
1790738698316285295,516.167,odom,"ideal odometry /chassis/odom (IsaacComputeOdometry, relative to Play start)",-1.1469,-0.0035,2.9494,0.6663,0.0588
1790738698351497371,516.183,odom,"ideal odometry /chassis/odom (IsaacComputeOdometry, relative to Play start)",-1.1579,-0.0014,2.9506,0.6717,0.0685
1790738698402919030,516.200,odom,"ideal odometry /chassis/odom (IsaacComputeOdometry, relative to Play start)",-1.1689,0.0008,2.9519,0.6737,0.0759
1790738698441649386,516.217,odom,"ideal odometry /chassis/odom (IsaacComputeOdometry, relative to Play start)",-1.1799,0.0029,2.9533,0.6745,0.0824
1790738698493066577,516.233,odom,"ideal odometry /chassis/odom (IsaacComputeOdometry, relative to Play start)",-1.1908,0.0049,2.9549,0.6533,0.0894
1790738698529846706,516.250,odom,"ideal odometry /chassis/odom (IsaacComputeOdometry, relative to Play start)",-1.2013,0.0069,2.9565,0.6402,0.0940
1790738698579782261,516.267,odom,"ideal odometry /chassis/odom (IsaacComputeOdometry, relative to Play start)",-1.2118,0.0088,2.9582,0.6355,0.0991
1790738698630604802,516.283,odom,"ideal odometry /chassis/odom (IsaacComputeOdometry, relative to Play start)",-1.2222,0.0107,2.9600,0.6338,0.1040
1790738698671878989,516.300,odom,"ideal odometry /chassis/odom (IsaacComputeOdometry, relative to Play start)",-1.2326,0.0126,2.9619,0.6332,0.1099
1790738698708452725,516.317,odom,"ideal odometry /chassis/odom (IsaacComputeOdometry, relative to Play start)",-1.2428,0.0145,2.9638,0.6117,0.1134
1790738698760196095,516.333,odom,"ideal odometry /chassis/odom (IsaacComputeOdometry, relative to Play start)",-1.2527,0.0162,2.9658,0.5983,0.1169
1790738698797222736,516.350,odom,"ideal odometry /chassis/odom (IsaacComputeOdometry, relative to Play start)",-1.2624,0.0179,2.9679,0.5935,0.1203
1790738698847825479,516.367,odom,"ideal odometry /chassis/odom (IsaacComputeOdometry, relative to Play start)",-1.2722,0.0196,2.9700,0.5918,0.1242
1790738698882502226,516.383,odom,"ideal odometry /chassis/odom (IsaacComputeOdometry, relative to Play start)",-1.2819,0.0213,2.9722,0.5912,0.1280
1790738698930321376,516.400,odom,"ideal odometry /chassis/odom (IsaacComputeOdometry, relative to Play start)",-1.2914,0.0229,2.9744,0.5696,0.1312
1790738698966884465,516.417,odom,"ideal odometry /chassis/odom (IsaacComputeOdometry, relative to Play start)",-1.3006,0.0244,2.9767,0.5563,0.1324
1790738699021446128,516.433,odom,"ideal odometry /chassis/odom (IsaacComputeOdometry, relative to Play start)",-1.3097,0.0259,2.9790,0.5514,0.1348
1790738699056660105,516.450,odom,"ideal odometry /chassis/odom (IsaacComputeOdometry, relative to Play start)",-1.3188,0.0274,2.9813,0.5497,0.1376
1790738699111186878,516.467,odom,"ideal odometry /chassis/odom (IsaacComputeOdometry, relative to Play start)",-1.3278,0.0288,2.9837,0.5491,0.1411
1790738699148461932,516.483,odom,"ideal odometry /chassis/odom (IsaacComputeOdometry, relative to Play start)",-1.3368,0.0302,2.9861,0.5489,0.1441
1790738699199478031,516.500,odom,"ideal odometry /chassis/odom (IsaacComputeOdometry, relative to Play start)",-1.3459,0.0316,2.9886,0.5487,0.1474
1790738699236720000,516.517,odom,"ideal odometry /chassis/odom (IsaacComputeOdometry, relative to Play start)",-1.3547,0.0330,2.9912,0.5274,0.1487
1790738699312150723,516.533,odom,"ideal odometry /chassis/odom (IsaacComputeOdometry, relative to Play start)",-1.3633,0.0342,2.9937,0.5142,0.1482
1790738699350315709,516.550,odom,"ideal odometry /chassis/odom (IsaacComputeOdometry, relative to Play start)",-1.3717,0.0355,2.9962,0.5094,0.1494
1790738699419527839,516.567,odom,"ideal odometry /chassis/odom (IsaacComputeOdometry, relative to Play start)",-1.3801,0.0367,2.9988,0.5077,0.1510
1790738699454307355,516.583,odom,"ideal odometry /chassis/odom (IsaacComputeOdometry, relative to Play start)",-1.3884,0.0379,3.0014,0.5070,0.1546
1790738699520584733,516.600,odom,"ideal odometry /chassis/odom (IsaacComputeOdometry, relative to Play start)",-1.3968,0.0390,3.0040,0.5068,0.1571
1790738699553868353,516.617,odom,"ideal odometry /chassis/odom (IsaacComputeOdometry, relative to Play start)",-1.4052,0.0402,3.0067,0.5066,0.1602
1790738699609304547,516.633,odom,"ideal odometry /chassis/odom (IsaacComputeOdometry, relative to Play start)",-1.4135,0.0413,3.0095,0.5065,0.1637
1790738699647872812,516.650,odom,"ideal odometry /chassis/odom (IsaacComputeOdometry, relative to Play start)",-1.4217,0.0423,3.0122,0.4853,0.1617
1790738699697054002,516.667,odom,"ideal odometry /chassis/odom (IsaacComputeOdometry, relative to Play start)",-1.4296,0.0433,3.0150,0.4721,0.1607
1790738699735836360,516.683,odom,"ideal odometry /chassis/odom (IsaacComputeOdometry, relative to Play start)",-1.4373,0.0443,3.0177,0.4673,0.1615
1790738699786085640,516.700,odom,"ideal odometry /chassis/odom (IsaacComputeOdometry, relative to Play start)",-1.4450,0.0452,3.0205,0.4655,0.1638
1790738699793829315,516.700,odom,"ideal odometry /chassis/odom (IsaacComputeOdometry, relative to Play start)",-1.4527,0.0461,3.0233,0.4648,0.1664
1790738699835240496,516.717,odom,"ideal odometry /chassis/odom (IsaacComputeOdometry, relative to Play start)",-1.4527,0.0461,3.0233,0.4648,0.1664
1790738699882842034,516.733,odom,"ideal odometry /chassis/odom (IsaacComputeOdometry, relative to Play start)",-1.4604,0.0470,3.0261,0.4646,0.1686
1790738699919994925,516.750,odom,"ideal odometry /chassis/odom (IsaacComputeOdometry, relative to Play start)",-1.4681,0.0479,3.0290,0.4645,0.1717
1790738699973720084,516.767,odom,"ideal odometry /chassis/odom (IsaacComputeOdometry, relative to Play start)",-1.4756,0.0487,3.0318,0.4433,0.1685
1790738700021782228,516.783,odom,"ideal odometry /chassis/odom (IsaacComputeOdometry, relative to Play start)",-1.4826,0.0495,3.0347,0.4145,0.1629
1790738700063937981,516.800,odom,"ideal odometry /chassis/odom (IsaacComputeOdometry, relative to Play start)",-1.4893,0.0502,3.0374,0.3929,0.1588
1790738700100432051,516.817,odom,"ideal odometry /chassis/odom (IsaacComputeOdometry, relative to Play start)",-1.4959,0.0508,3.0401,0.4060,0.1598
1790738700183318202,516.833,odom,"ideal odometry /chassis/odom (IsaacComputeOdometry, relative to Play start)",-1.5027,0.0515,3.0429,0.4164,0.1691
1790738700219581446,516.850,odom,"ideal odometry /chassis/odom (IsaacComputeOdometry, relative to Play start)",-1.5095,0.0522,3.0457,0.3991,0.1673
1790738700289700240,516.867,odom,"ideal odometry /chassis/odom (IsaacComputeOdometry, relative to Play start)",-1.5158,0.0528,3.0485,0.3728,0.1559
1790738700325390414,516.883,odom,"ideal odometry /chassis/odom (IsaacComputeOdometry, relative to Play start)",-1.5218,0.0533,3.0512,0.3510,0.1557
1790738700377797549,516.900,odom,"ideal odometry /chassis/odom (IsaacComputeOdometry, relative to Play start)",-1.5275,0.0538,3.0538,0.3437,0.1492
1790738700412123781,516.917,odom,"ideal odometry /chassis/odom (IsaacComputeOdometry, relative to Play start)",-1.5332,0.0543,3.0564,0.3405,0.1535
1790738700466613002,516.933,odom,"ideal odometry /chassis/odom (IsaacComputeOdometry, relative to Play start)",-1.5388,0.0547,3.0590,0.3394,0.1559
1790738700505786185,516.950,odom,"ideal odometry /chassis/odom (IsaacComputeOdometry, relative to Play start)",-1.5444,0.0552,3.0616,0.3389,0.1565
1790738700555000268,516.967,odom,"ideal odometry /chassis/odom (IsaacComputeOdometry, relative to Play start)",-1.5500,0.0556,3.0643,0.3389,0.1602
1790738700589151099,516.983,odom,"ideal odometry /chassis/odom (IsaacComputeOdometry, relative to Play start)",-1.5558,0.0560,3.0669,0.3591,0.1606
1790738700643664753,517.000,odom,"ideal odometry /chassis/odom (IsaacComputeOdometry, relative to Play start)",-1.5617,0.0565,3.0695,0.3451,0.1548
1790738700677360778,517.017,odom,"ideal odometry /chassis/odom (IsaacComputeOdometry, relative to Play start)",-1.5674,0.0569,3.0721,0.3396,0.1512
1790738700749710440,517.033,odom,"ideal odometry /chassis/odom (IsaacComputeOdometry, relative to Play start)",-1.5732,0.0572,3.0746,0.3586,0.1549
1790738700789831832,517.050,odom,"ideal odometry /chassis/odom (IsaacComputeOdometry, relative to Play start)",-1.5793,0.0576,3.0771,0.3714,0.1610
1790738700843505559,517.067,odom,"ideal odometry /chassis/odom (IsaacComputeOdometry, relative to Play start)",-1.5855,0.0580,3.0798,0.3762,0.1627
1790738700878468652,517.083,odom,"ideal odometry /chassis/odom (IsaacComputeOdometry, relative to Play start)",-1.5918,0.0584,3.0825,0.3776,0.1623
1790738700932915758,517.100,odom,"ideal odometry /chassis/odom (IsaacComputeOdometry, relative to Play start)",-1.5978,0.0587,3.0852,0.3574,0.1596
1790738700968998182,517.117,odom,"ideal odometry /chassis/odom (IsaacComputeOdometry, relative to Play start)",-1.6035,0.0590,3.0878,0.3299,0.1496
1790738701027751967,517.133,odom,"ideal odometry /chassis/odom (IsaacComputeOdometry, relative to Play start)",-1.6090,0.0593,3.0902,0.3344,0.1487
1790738701062617425,517.150,odom,"ideal odometry /chassis/odom (IsaacComputeOdometry, relative to Play start)",-1.6146,0.0596,3.0927,0.3363,0.1499
1790738701118759785,517.167,odom,"ideal odometry /chassis/odom (IsaacComputeOdometry, relative to Play start)",-1.6202,0.0598,3.0951,0.3366,0.1525
1790738701157632933,517.183,odom,"ideal odometry /chassis/odom (IsaacComputeOdometry, relative to Play start)",-1.6258,0.0601,3.0976,0.3370,0.1511
1790738701215168896,517.200,odom,"ideal odometry /chassis/odom (IsaacComputeOdometry, relative to Play start)",-1.6314,0.0603,3.1001,0.3368,0.1531
1790738701251080768,517.217,odom,"ideal odometry /chassis/odom (IsaacComputeOdometry, relative to Play start)",-1.6370,0.0605,3.1026,0.3370,0.1512
1790738701306238318,517.233,odom,"ideal odometry /chassis/odom (IsaacComputeOdometry, relative to Play start)",-1.6426,0.0607,3.1051,0.3368,0.1532
1790738701342747123,517.250,odom,"ideal odometry /chassis/odom (IsaacComputeOdometry, relative to Play start)",-1.6482,0.0609,3.1076,0.3371,0.1513
1790738701399389636,517.267,odom,"ideal odometry /chassis/odom (IsaacComputeOdometry, relative to Play start)",-1.6536,0.0611,3.1101,0.3171,0.1490
1790738701447320110,517.283,odom,"ideal odometry /chassis/odom (IsaacComputeOdometry, relative to Play start)",-1.6586,0.0612,3.1125,0.2877,0.1376
1790738701489120024,517.300,odom,"ideal odometry /chassis/odom (IsaacComputeOdometry, relative to Play start)",-1.6632,0.0613,3.1147,0.2667,0.1303
1790738701527261433,517.317,odom,"ideal odometry /chassis/odom (IsaacComputeOdometry, relative to Play start)",-1.6675,0.0614,3.1168,0.2584,0.1240
1790738701583571113,517.333,odom,"ideal odometry /chassis/odom (IsaacComputeOdometry, relative to Play start)",-1.6718,0.0615,3.1188,0.2551,0.1268
1790738701624894355,517.350,odom,"ideal odometry /chassis/odom (IsaacComputeOdometry, relative to Play start)",-1.6762,0.0616,3.1209,0.2751,0.1289
1790738701674684646,517.367,odom,"ideal odometry /chassis/odom (IsaacComputeOdometry, relative to Play start)",-1.6809,0.0617,3.1231,0.2874,0.1367
1790738701712681552,517.383,odom,"ideal odometry /chassis/odom (IsaacComputeOdometry, relative to Play start)",-1.6858,0.0618,3.1253,0.2924,0.1386
1790738701765639226,517.400,odom,"ideal odometry /chassis/odom (IsaacComputeOdometry, relative to Play start)",-1.6906,0.0618,3.1276,0.2941,0.1419
1790738701803763428,517.417,odom,"ideal odometry /chassis/odom (IsaacComputeOdometry, relative to Play start)",-1.6955,0.0619,3.1300,0.2948,0.1405
1790738701857225058,517.433,odom,"ideal odometry /chassis/odom (IsaacComputeOdometry, relative to Play start)",-1.7004,0.0619,3.1323,0.2952,0.1422
1790738701895111970,517.450,odom,"ideal odometry /chassis/odom (IsaacComputeOdometry, relative to Play start)",-1.7054,0.0620,3.1347,0.2953,0.1417
1790738701948165663,517.467,odom,"ideal odometry /chassis/odom (IsaacComputeOdometry, relative to Play start)",-1.7103,0.0620,3.1370,0.2953,0.1427
1790738701985407062,517.483,odom,"ideal odometry /chassis/odom (IsaacComputeOdometry, relative to Play start)",-1.7152,0.0620,3.1393,0.2953,0.1422
1790738702038607255,517.500,odom,"ideal odometry /chassis/odom (IsaacComputeOdometry, relative to Play start)",-1.7201,0.0620,-3.1415,0.2952,0.1436
1790738702077040317,517.517,odom,"ideal odometry /chassis/odom (IsaacComputeOdometry, relative to Play start)",-1.7250,0.0620,-3.1393,0.2952,0.1430
1790738702142634360,517.533,odom,"ideal odometry /chassis/odom (IsaacComputeOdometry, relative to Play start)",-1.7297,0.0619,-3.1369,0.2748,0.1411
1790738702183894242,517.550,odom,"ideal odometry /chassis/odom (IsaacComputeOdometry, relative to Play start)",-1.7340,0.0619,-3.1347,0.2458,0.1254
1790738702235873742,517.567,odom,"ideal odometry /chassis/odom (IsaacComputeOdometry, relative to Play start)",-1.7379,0.0619,-3.1326,0.2243,0.1199
1790738702272431580,517.583,odom,"ideal odometry /chassis/odom (IsaacComputeOdometry, relative to Play start)",-1.7415,0.0618,-3.1307,0.2164,0.1121
1790738702322821695,517.600,odom,"ideal odometry /chassis/odom (IsaacComputeOdometry, relative to Play start)",-1.7453,0.0618,-3.1289,0.2331,0.1103
1790738702357265174,517.617,odom,"ideal odometry /chassis/odom (IsaacComputeOdometry, relative to Play start)",-1.7493,0.0617,-3.1272,0.2451,0.1072
1790738702432650925,517.633,odom,"ideal odometry /chassis/odom (IsaacComputeOdometry, relative to Play start)",-1.7534,0.0616,-3.1254,0.2492,0.1124
1790738702469503164,517.650,odom,"ideal odometry /chassis/odom (IsaacComputeOdometry, relative to Play start)",-1.7576,0.0616,-3.1237,0.2508,0.1100
1790738702550001597,517.667,odom,"ideal odometry /chassis/odom (IsaacComputeOdometry, relative to Play start)",-1.7618,0.0615,-3.1219,0.2517,0.1117
1790738702589907331,517.683,odom,"ideal odometry /chassis/odom (IsaacComputeOdometry, relative to Play start)",-1.7660,0.0614,-3.1202,0.2520,0.1088
1790738702648416157,517.700,odom,"ideal odometry /chassis/odom (IsaacComputeOdometry, relative to Play start)",-1.7702,0.0613,-3.1185,0.2521,0.1090
1790738702683593498,517.717,odom,"ideal odometry /chassis/odom (IsaacComputeOdometry, relative to Play start)",-1.7744,0.0612,-3.1167,0.2520,0.1068
1790738702734736975,517.733,odom,"ideal odometry /chassis/odom (IsaacComputeOdometry, relative to Play start)",-1.7786,0.0611,-3.1150,0.2521,0.1077
1790738702769570927,517.750,odom,"ideal odometry /chassis/odom (IsaacComputeOdometry, relative to Play start)",-1.7828,0.0609,-3.1133,0.2521,0.1050
1790738702821316998,517.767,odom,"ideal odometry /chassis/odom (IsaacComputeOdometry, relative to Play start)",-1.7870,0.0608,-3.1116,0.2522,0.1063
1790738702868409157,517.783,odom,"ideal odometry /chassis/odom (IsaacComputeOdometry, relative to Play start)",-1.7912,0.0607,-3.1100,0.2522,0.1034
1790738702907385364,517.800,odom,"ideal odometry /chassis/odom (IsaacComputeOdometry, relative to Play start)",-1.7952,0.0605,-3.1084,0.2311,0.0943
1790738702941856808,517.817,odom,"ideal odometry /chassis/odom (IsaacComputeOdometry, relative to Play start)",-1.7989,0.0604,-3.1071,0.2174,0.0831
1790738702997388809,517.833,odom,"ideal odometry /chassis/odom (IsaacComputeOdometry, relative to Play start)",-1.8024,0.0603,-3.1058,0.2125,0.0781
1790738703035374230,517.850,odom,"ideal odometry /chassis/odom (IsaacComputeOdometry, relative to Play start)",-1.8060,0.0601,-3.1046,0.2106,0.0779
1790738703118407745,517.867,odom,"ideal odometry /chassis/odom (IsaacComputeOdometry, relative to Play start)",-1.8095,0.0600,-3.1034,0.2101,0.0744
1790738703153063535,517.883,odom,"ideal odometry /chassis/odom (IsaacComputeOdometry, relative to Play start)",-1.8130,0.0599,-3.1022,0.2098,0.0757
1790738703901644474,517.900,odom,"ideal odometry /chassis/odom (IsaacComputeOdometry, relative to Play start)",-1.8165,0.0597,-3.1010,0.2099,0.0721
1790738703938465989,517.917,odom,"ideal odometry /chassis/odom (IsaacComputeOdometry, relative to Play start)",-1.8200,0.0596,-3.0999,0.2098,0.0734
1790738704857543746,517.933,odom,"ideal odometry /chassis/odom (IsaacComputeOdometry, relative to Play start)",-1.8235,0.0594,-3.0988,0.2099,0.0706
1790738704897088112,517.950,odom,"ideal odometry /chassis/odom (IsaacComputeOdometry, relative to Play start)",-1.8270,0.0593,-3.0976,0.2098,0.0715
1790738704946552410,517.967,odom,"ideal odometry /chassis/odom (IsaacComputeOdometry, relative to Play start)",-1.8305,0.0591,-3.0965,0.2099,0.0686
1790738704985945058,517.983,odom,"ideal odometry /chassis/odom (IsaacComputeOdometry, relative to Play start)",-1.8340,0.0590,-3.0955,0.2099,0.0693
1790738705035647255,518.000,odom,"ideal odometry /chassis/odom (IsaacComputeOdometry, relative to Play start)",-1.8375,0.0588,-3.0944,0.2100,0.0669
1790738705073127581,518.017,odom,"ideal odometry /chassis/odom (IsaacComputeOdometry, relative to Play start)",-1.8410,0.0586,-3.0933,0.2100,0.0678
1790738705132939857,518.033,odom,"ideal odometry /chassis/odom (IsaacComputeOdometry, relative to Play start)",-1.8445,0.0584,-3.0923,0.2100,0.0654
1790738705169667392,518.050,odom,"ideal odometry /chassis/odom (IsaacComputeOdometry, relative to Play start)",-1.8480,0.0583,-3.0913,0.2101,0.0658
1790738705222335856,518.067,odom,"ideal odometry /chassis/odom (IsaacComputeOdometry, relative to Play start)",-1.8515,0.0581,-3.0902,0.2101,0.0635
1790738705258861068,518.083,odom,"ideal odometry /chassis/odom (IsaacComputeOdometry, relative to Play start)",-1.8550,0.0579,-3.0892,0.2101,0.0646
1790738705307007649,518.100,odom,"ideal odometry /chassis/odom (IsaacComputeOdometry, relative to Play start)",-1.8583,0.0577,-3.0882,0.1888,0.0591
1790738705350203918,518.117,odom,"ideal odometry /chassis/odom (IsaacComputeOdometry, relative to Play start)",-1.8613,0.0576,-3.0872,0.1756,0.0628
1790738705398442386,518.133,odom,"ideal odometry /chassis/odom (IsaacComputeOdometry, relative to Play start)",-1.8642,0.0574,-3.0863,0.1708,0.0539
1790738705438659071,518.150,odom,"ideal odometry /chassis/odom (IsaacComputeOdometry, relative to Play start)",-1.8670,0.0572,-3.0855,0.1691,0.0530
1790738705487269749,518.167,odom,"ideal odometry /chassis/odom (IsaacComputeOdometry, relative to Play start)",-1.8698,0.0571,-3.0846,0.1686,0.0527
1790738705524472035,518.183,odom,"ideal odometry /chassis/odom (IsaacComputeOdometry, relative to Play start)",-1.8726,0.0569,-3.0838,0.1684,0.0545
1790738705577517656,518.200,odom,"ideal odometry /chassis/odom (IsaacComputeOdometry, relative to Play start)",-1.8754,0.0567,-3.0829,0.1684,0.0519
1790738705614866239,518.217,odom,"ideal odometry /chassis/odom (IsaacComputeOdometry, relative to Play start)",-1.8782,0.0566,-3.0820,0.1683,0.0533
1790738705666016755,518.233,odom,"ideal odometry /chassis/odom (IsaacComputeOdometry, relative to Play start)",-1.8810,0.0564,-3.0813,0.1681,0.0433
1790738705706034256,518.250,odom,"ideal odometry /chassis/odom (IsaacComputeOdometry, relative to Play start)",-1.8838,0.0562,-3.0806,0.1679,0.0480
1790738705753241702,518.267,odom,"ideal odometry /chassis/odom (IsaacComputeOdometry, relative to Play start)",-1.8866,0.0561,-3.0799,0.1678,0.0452
1790738705803179134,518.283,odom,"ideal odometry /chassis/odom (IsaacComputeOdometry, relative to Play start)",-1.8894,0.0559,-3.0792,0.1678,0.0447
1790738705841230950,518.300,odom,"ideal odometry /chassis/odom (IsaacComputeOdometry, relative to Play start)",-1.8922,0.0557,-3.0785,0.1679,0.0440
1790738705876798860,518.317,odom,"ideal odometry /chassis/odom (IsaacComputeOdometry, relative to Play start)",-1.8950,0.0555,-3.0777,0.1678,0.0461
1790738705934274667,518.333,odom,"ideal odometry /chassis/odom (IsaacComputeOdometry, relative to Play start)",-1.8978,0.0553,-3.0771,0.1680,0.0420
1790738705971110736,518.350,odom,"ideal odometry /chassis/odom (IsaacComputeOdometry, relative to Play start)",-1.9006,0.0552,-3.0764,0.1679,0.0450
1790738706025023579,518.367,odom,"ideal odometry /chassis/odom (IsaacComputeOdometry, relative to Play start)",-1.9034,0.0550,-3.0757,0.1679,0.0414
1790738706059817390,518.383,odom,"ideal odometry /chassis/odom (IsaacComputeOdometry, relative to Play start)",-1.9062,0.0548,-3.0751,0.1679,0.0414
1790738706109902355,518.400,odom,"ideal odometry /chassis/odom (IsaacComputeOdometry, relative to Play start)",-1.9090,0.0546,-3.0744,0.1679,0.0409
1790738706158428851,518.417,odom,"ideal odometry /chassis/odom (IsaacComputeOdometry, relative to Play start)",-1.9118,0.0544,-3.0738,0.1679,0.0420
1790738706213846706,518.433,odom,"ideal odometry /chassis/odom (IsaacComputeOdometry, relative to Play start)",-1.9146,0.0542,-3.0732,0.1680,0.0379
1790738706249887273,518.450,odom,"ideal odometry /chassis/odom (IsaacComputeOdometry, relative to Play start)",-1.9174,0.0540,-3.0725,0.1681,0.0409
1790738706300418454,518.467,odom,"ideal odometry /chassis/odom (IsaacComputeOdometry, relative to Play start)",-1.9200,0.0538,-3.0718,0.1467,0.0450
1790738706338049262,518.483,odom,"ideal odometry /chassis/odom (IsaacComputeOdometry, relative to Play start)",-1.9222,0.0537,-3.0712,0.1181,0.0329
1790738706391335064,518.500,odom,"ideal odometry /chassis/odom (IsaacComputeOdometry, relative to Play start)",-1.9238,0.0536,-3.0707,0.0864,0.0258
1790738706427095500,518.517,odom,"ideal odometry /chassis/odom (IsaacComputeOdometry, relative to Play start)",-1.9249,0.0535,-3.0704,0.0536,0.0148
1790738706490954718,518.533,odom,"ideal odometry /chassis/odom (IsaacComputeOdometry, relative to Play start)",-1.9255,0.0534,-3.0702,0.0206,0.0079
1790738706525037971,518.550,odom,"ideal odometry /chassis/odom (IsaacComputeOdometry, relative to Play start)",-1.9257,0.0534,-3.0701,0.0077,0.0005
1790738706585332228,518.567,odom,"ideal odometry /chassis/odom (IsaacComputeOdometry, relative to Play start)",-1.9258,0.0534,-3.0701,0.0031,0.0009
1790738706622125396,518.583,odom,"ideal odometry /chassis/odom (IsaacComputeOdometry, relative to Play start)",-1.9258,0.0534,-3.0701,0.0014,0.0016
1790738706689826094,518.600,odom,"ideal odometry /chassis/odom (IsaacComputeOdometry, relative to Play start)",-1.9259,0.0534,-3.0701,0.0010,0.0006
1790738706727511027,518.617,odom,"ideal odometry /chassis/odom (IsaacComputeOdometry, relative to Play start)",-1.9259,0.0534,-3.0701,0.0008,0.0002
1790738706783165924,518.633,odom,"ideal odometry /chassis/odom (IsaacComputeOdometry, relative to Play start)",-1.9259,0.0534,-3.0701,0.0006,0.0008
1790738706824979223,518.650,odom,"ideal odometry /chassis/odom (IsaacComputeOdometry, relative to Play start)",-1.9259,0.0534,-3.0701,0.0006,0.0003
1790738706879886371,518.667,odom,"ideal odometry /chassis/odom (IsaacComputeOdometry, relative to Play start)",-1.9259,0.0534,-3.0701,0.0005,0.0005
1790738706925510901,518.683,odom,"ideal odometry /chassis/odom (IsaacComputeOdometry, relative to Play start)",-1.9260,0.0534,-3.0701,0.0006,0.0006
1790738706974996316,518.700,odom,"ideal odometry /chassis/odom (IsaacComputeOdometry, relative to Play start)",-1.9260,0.0534,-3.0701,0.0005,0.0000
1790738707009507901,518.717,odom,"ideal odometry /chassis/odom (IsaacComputeOdometry, relative to Play start)",-1.9260,0.0534,-3.0701,0.0006,0.0006
1790738707068838482,518.733,odom,"ideal odometry /chassis/odom (IsaacComputeOdometry, relative to Play start)",-1.9260,0.0534,-3.0701,0.0006,0.0003
1790738707138142071,518.750,odom,"ideal odometry /chassis/odom (IsaacComputeOdometry, relative to Play start)",-1.9260,0.0534,-3.0701,0.0006,0.0005
1790738707187013002,518.767,odom,"ideal odometry /chassis/odom (IsaacComputeOdometry, relative to Play start)",-1.9260,0.0534,-3.0700,0.0006,0.0004
1790738707261152090,518.783,odom,"ideal odometry /chassis/odom (IsaacComputeOdometry, relative to Play start)",-1.9261,0.0534,-3.0700,0.0005,0.0004
1790738707321924617,518.800,odom,"ideal odometry /chassis/odom (IsaacComputeOdometry, relative to Play start)",-1.9261,0.0534,-3.0700,0.0005,0.0003
1790738707370637455,518.817,odom,"ideal odometry /chassis/odom (IsaacComputeOdometry, relative to Play start)",-1.9261,0.0534,-3.0700,0.0005,0.0004
1790738707430215637,518.833,odom,"ideal odometry /chassis/odom (IsaacComputeOdometry, relative to Play start)",-1.9261,0.0534,-3.0700,0.0006,0.0004
1790738707480625918,518.850,odom,"ideal odometry /chassis/odom (IsaacComputeOdometry, relative to Play start)",-1.9261,0.0534,-3.0700,0.0006,0.0004
1790738707537060716,518.867,odom,"ideal odometry /chassis/odom (IsaacComputeOdometry, relative to Play start)",-1.9261,0.0534,-3.0700,0.0006,0.0001
1790738707572878890,518.883,odom,"ideal odometry /chassis/odom (IsaacComputeOdometry, relative to Play start)",-1.9262,0.0534,-3.0700,0.0006,0.0003
1790738707624564559,518.900,odom,"ideal odometry /chassis/odom (IsaacComputeOdometry, relative to Play start)",-1.9262,0.0534,-3.0700,0.0006,0.0002
1790738707664958551,518.917,odom,"ideal odometry /chassis/odom (IsaacComputeOdometry, relative to Play start)",-1.9262,0.0534,-3.0700,0.0006,0.0005
1790738707722971319,518.933,odom,"ideal odometry /chassis/odom (IsaacComputeOdometry, relative to Play start)",-1.9262,0.0534,-3.0700,0.0005,0.0003
1790738707758993338,518.950,odom,"ideal odometry /chassis/odom (IsaacComputeOdometry, relative to Play start)",-1.9262,0.0534,-3.0700,0.0006,0.0004
1790738707810761097,518.967,odom,"ideal odometry /chassis/odom (IsaacComputeOdometry, relative to Play start)",-1.9262,0.0534,-3.0700,0.0005,0.0003
1790738707850287486,518.983,odom,"ideal odometry /chassis/odom (IsaacComputeOdometry, relative to Play start)",-1.9263,0.0534,-3.0700,0.0005,0.0001
1790738707899874015,519.000,odom,"ideal odometry /chassis/odom (IsaacComputeOdometry, relative to Play start)",-1.9263,0.0534,-3.0700,0.0006,0.0004
1790738707934708538,519.017,odom,"ideal odometry /chassis/odom (IsaacComputeOdometry, relative to Play start)",-1.9263,0.0534,-3.0700,0.0005,0.0003
1790738707999917529,519.033,odom,"ideal odometry /chassis/odom (IsaacComputeOdometry, relative to Play start)",-1.9263,0.0534,-3.0700,0.0005,0.0001
1790738708035643245,519.050,odom,"ideal odometry /chassis/odom (IsaacComputeOdometry, relative to Play start)",-1.9263,0.0534,-3.0700,0.0006,0.0004
1790738708087871678,519.067,odom,"ideal odometry /chassis/odom (IsaacComputeOdometry, relative to Play start)",-1.9264,0.0534,-3.0700,0.0005,0.0003
1790738708127883757,519.083,odom,"ideal odometry /chassis/odom (IsaacComputeOdometry, relative to Play start)",-1.9264,0.0534,-3.0700,0.0005,0.0004
1790738708180348471,519.100,odom,"ideal odometry /chassis/odom (IsaacComputeOdometry, relative to Play start)",-1.9264,0.0534,-3.0699,0.0005,0.0004
1790738708217900328,519.117,odom,"ideal odometry /chassis/odom (IsaacComputeOdometry, relative to Play start)",-1.9264,0.0534,-3.0699,0.0005,0.0003
1790738708271254142,519.133,odom,"ideal odometry /chassis/odom (IsaacComputeOdometry, relative to Play start)",-1.9264,0.0534,-3.0699,0.0005,0.0003
1790738708311272975,519.150,odom,"ideal odometry /chassis/odom (IsaacComputeOdometry, relative to Play start)",-1.9264,0.0534,-3.0699,0.0005,0.0004
1790738708360382660,519.167,odom,"ideal odometry /chassis/odom (IsaacComputeOdometry, relative to Play start)",-1.9265,0.0534,-3.0699,0.0006,0.0003
1790738708402803975,519.183,odom,"ideal odometry /chassis/odom (IsaacComputeOdometry, relative to Play start)",-1.9265,0.0534,-3.0699,0.0005,0.0004
1790738708451129194,519.200,odom,"ideal odometry /chassis/odom (IsaacComputeOdometry, relative to Play start)",-1.9265,0.0534,-3.0699,0.0006,0.0001
1790738708490870367,519.217,odom,"ideal odometry /chassis/odom (IsaacComputeOdometry, relative to Play start)",-1.9265,0.0534,-3.0699,0.0006,0.0004
1790738708548667495,519.233,odom,"ideal odometry /chassis/odom (IsaacComputeOdometry, relative to Play start)",-1.9265,0.0534,-3.0699,0.0005,0.0004
1790738708582448167,519.250,odom,"ideal odometry /chassis/odom (IsaacComputeOdometry, relative to Play start)",-1.9265,0.0534,-3.0699,0.0005,0.0001
1790738708649461327,519.267,odom,"ideal odometry /chassis/odom (IsaacComputeOdometry, relative to Play start)",-1.9266,0.0534,-3.0699,0.0005,0.0004
1790738708697903450,519.283,odom,"ideal odometry /chassis/odom (IsaacComputeOdometry, relative to Play start)",-1.9266,0.0534,-3.0699,0.0005,0.0006
1790738708765731040,519.300,odom,"ideal odometry /chassis/odom (IsaacComputeOdometry, relative to Play start)",-1.9266,0.0534,-3.0699,0.0006,0.0002
1790738708815882210,519.317,odom,"ideal odometry /chassis/odom (IsaacComputeOdometry, relative to Play start)",-1.9266,0.0534,-3.0699,0.0006,0.0000
1790738708878639731,519.333,odom,"ideal odometry /chassis/odom (IsaacComputeOdometry, relative to Play start)",-1.9266,0.0534,-3.0699,0.0006,0.0003
1790738708914068858,519.350,odom,"ideal odometry /chassis/odom (IsaacComputeOdometry, relative to Play start)",-1.9266,0.0534,-3.0699,0.0006,0.0002
1790738708966199981,519.367,odom,"ideal odometry /chassis/odom (IsaacComputeOdometry, relative to Play start)",-1.9267,0.0534,-3.0699,0.0006,0.0003
1790738709003827746,519.383,odom,"ideal odometry /chassis/odom (IsaacComputeOdometry, relative to Play start)",-1.9267,0.0534,-3.0698,0.0007,0.0005
1790738709062333528,519.400,odom,"ideal odometry /chassis/odom (IsaacComputeOdometry, relative to Play start)",-1.9267,0.0534,-3.0698,0.0006,0.0002
1790738709097110788,519.417,odom,"ideal odometry /chassis/odom (IsaacComputeOdometry, relative to Play start)",-1.9267,0.0534,-3.0698,0.0006,0.0004
1790738709153562328,519.433,odom,"ideal odometry /chassis/odom (IsaacComputeOdometry, relative to Play start)",-1.9267,0.0534,-3.0698,0.0006,0.0004
1790738709186592301,519.450,odom,"ideal odometry /chassis/odom (IsaacComputeOdometry, relative to Play start)",-1.9267,0.0534,-3.0698,0.0006,0.0001
1790738709243040417,519.467,odom,"ideal odometry /chassis/odom (IsaacComputeOdometry, relative to Play start)",-1.9268,0.0534,-3.0698,0.0006,0.0001
1790738709277635519,519.483,odom,"ideal odometry /chassis/odom (IsaacComputeOdometry, relative to Play start)",-1.9268,0.0533,-3.0698,0.0006,0.0002
1790738709333292414,519.500,odom,"ideal odometry /chassis/odom (IsaacComputeOdometry, relative to Play start)",-1.9268,0.0533,-3.0698,0.0006,0.0001
1790738709372083799,519.517,odom,"ideal odometry /chassis/odom (IsaacComputeOdometry, relative to Play start)",-1.9268,0.0533,-3.0698,0.0006,0.0004
1790738709437177598,519.533,odom,"ideal odometry /chassis/odom (IsaacComputeOdometry, relative to Play start)",-1.9268,0.0533,-3.0698,0.0006,0.0001
1790738709475015962,519.550,odom,"ideal odometry /chassis/odom (IsaacComputeOdometry, relative to Play start)",-1.9269,0.0533,-3.0698,0.0006,0.0004
1790738709523795385,519.567,odom,"ideal odometry /chassis/odom (IsaacComputeOdometry, relative to Play start)",-1.9269,0.0533,-3.0698,0.0006,0.0001
1790738709561308529,519.583,odom,"ideal odometry /chassis/odom (IsaacComputeOdometry, relative to Play start)",-1.9269,0.0533,-3.0698,0.0006,0.0002
1790738709613910503,519.600,odom,"ideal odometry /chassis/odom (IsaacComputeOdometry, relative to Play start)",-1.9269,0.0533,-3.0698,0.0006,0.0002
1790738709657757403,519.617,odom,"ideal odometry /chassis/odom (IsaacComputeOdometry, relative to Play start)",-1.9269,0.0533,-3.0698,0.0006,0.0002
1790738709707109743,519.633,odom,"ideal odometry /chassis/odom (IsaacComputeOdometry, relative to Play start)",-1.9269,0.0533,-3.0698,0.0006,0.0003
1790738709745513794,519.650,odom,"ideal odometry /chassis/odom (IsaacComputeOdometry, relative to Play start)",-1.9270,0.0533,-3.0698,0.0006,0.0000
1790738709797783604,519.667,odom,"ideal odometry /chassis/odom (IsaacComputeOdometry, relative to Play start)",-1.9270,0.0533,-3.0698,0.0006,0.0001
1790738709836387315,519.683,odom,"ideal odometry /chassis/odom (IsaacComputeOdometry, relative to Play start)",-1.9270,0.0533,-3.0698,0.0005,0.0001
1790738709893802149,519.700,odom,"ideal odometry /chassis/odom (IsaacComputeOdometry, relative to Play start)",-1.9270,0.0533,-3.0697,0.0006,0.0001
1790738709927322474,519.717,odom,"ideal odometry /chassis/odom (IsaacComputeOdometry, relative to Play start)",-1.9270,0.0533,-3.0697,0.0006,0.0000
1790738709983374313,519.733,odom,"ideal odometry /chassis/odom (IsaacComputeOdometry, relative to Play start)",-1.9270,0.0533,-3.0697,0.0006,0.0004
1790738710020191738,519.750,odom,"ideal odometry /chassis/odom (IsaacComputeOdometry, relative to Play start)",-1.9271,0.0533,-3.0697,0.0006,0.0001
1790738710073281876,519.767,odom,"ideal odometry /chassis/odom (IsaacComputeOdometry, relative to Play start)",-1.9271,0.0533,-3.0697,0.0005,0.0001
1790738710118620946,519.783,odom,"ideal odometry /chassis/odom (IsaacComputeOdometry, relative to Play start)",-1.9271,0.0533,-3.0697,0.0006,0.0004
1790738710166673737,519.800,odom,"ideal odometry /chassis/odom (IsaacComputeOdometry, relative to Play start)",-1.9271,0.0533,-3.0697,0.0006,0.0003
1790738710203075101,519.817,odom,"ideal odometry /chassis/odom (IsaacComputeOdometry, relative to Play start)",-1.9271,0.0533,-3.0697,0.0006,0.0001
1790738710254026242,519.833,odom,"ideal odometry /chassis/odom (IsaacComputeOdometry, relative to Play start)",-1.9272,0.0533,-3.0697,0.0006,0.0003
1790738710291637741,519.850,odom,"ideal odometry /chassis/odom (IsaacComputeOdometry, relative to Play start)",-1.9272,0.0533,-3.0697,0.0006,0.0003
1790738710351681542,519.867,odom,"ideal odometry /chassis/odom (IsaacComputeOdometry, relative to Play start)",-1.9272,0.0533,-3.0697,0.0006,0.0001
1790738710388630520,519.883,odom,"ideal odometry /chassis/odom (IsaacComputeOdometry, relative to Play start)",-1.9272,0.0533,-3.0697,0.0005,0.0003
1790738710449068410,519.900,odom,"ideal odometry /chassis/odom (IsaacComputeOdometry, relative to Play start)",-1.9272,0.0533,-3.0697,0.0006,0.0000
1790738710495049931,519.917,odom,"ideal odometry /chassis/odom (IsaacComputeOdometry, relative to Play start)",-1.9272,0.0533,-3.0697,0.0005,0.0001
1790738710546467928,519.933,odom,"ideal odometry /chassis/odom (IsaacComputeOdometry, relative to Play start)",-1.9273,0.0533,-3.0697,0.0006,0.0002
1790738710581904284,519.950,odom,"ideal odometry /chassis/odom (IsaacComputeOdometry, relative to Play start)",-1.9273,0.0533,-3.0697,0.0006,0.0002
1790738710637267825,519.967,odom,"ideal odometry /chassis/odom (IsaacComputeOdometry, relative to Play start)",-1.9273,0.0533,-3.0697,0.0006,0.0004
1790738710675270463,519.983,odom,"ideal odometry /chassis/odom (IsaacComputeOdometry, relative to Play start)",-1.9273,0.0533,-3.0697,0.0006,0.0001
1790738710734700446,520.000,odom,"ideal odometry /chassis/odom (IsaacComputeOdometry, relative to Play start)",-1.9273,0.0533,-3.0697,0.0006,0.0003
1790738710773476611,520.017,odom,"ideal odometry /chassis/odom (IsaacComputeOdometry, relative to Play start)",-1.9273,0.0533,-3.0697,0.0005,0.0001
1790738710841495300,520.033,odom,"ideal odometry /chassis/odom (IsaacComputeOdometry, relative to Play start)",-1.9274,0.0533,-3.0697,0.0006,0.0002
1790738710877224726,520.050,odom,"ideal odometry /chassis/odom (IsaacComputeOdometry, relative to Play start)",-1.9274,0.0533,-3.0696,0.0006,0.0002
1790738710932414004,520.067,odom,"ideal odometry /chassis/odom (IsaacComputeOdometry, relative to Play start)",-1.9274,0.0533,-3.0696,0.0005,0.0003
1790738710968517637,520.083,odom,"ideal odometry /chassis/odom (IsaacComputeOdometry, relative to Play start)",-1.9274,0.0533,-3.0696,0.0006,0.0000
1790738711017979462,520.100,odom,"ideal odometry /chassis/odom (IsaacComputeOdometry, relative to Play start)",-1.9274,0.0533,-3.0696,0.0006,0.0004
1790738711057018258,520.117,odom,"ideal odometry /chassis/odom (IsaacComputeOdometry, relative to Play start)",-1.9274,0.0533,-3.0696,0.0006,0.0001
1790738711110634703,520.133,odom,"ideal odometry /chassis/odom (IsaacComputeOdometry, relative to Play start)",-1.9275,0.0533,-3.0696,0.0006,0.0000
1790738711148754340,520.150,odom,"ideal odometry /chassis/odom (IsaacComputeOdometry, relative to Play start)",-1.9275,0.0533,-3.0696,0.0006,0.0004
1790738711200450283,520.167,odom,"ideal odometry /chassis/odom (IsaacComputeOdometry, relative to Play start)",-1.9275,0.0533,-3.0696,0.0006,0.0001
1790738711238415253,520.183,odom,"ideal odometry /chassis/odom (IsaacComputeOdometry, relative to Play start)",-1.9275,0.0533,-3.0696,0.0006,0.0002
1790738711296380936,520.200,odom,"ideal odometry /chassis/odom (IsaacComputeOdometry, relative to Play start)",-1.9275,0.0533,-3.0696,0.0006,0.0005
1790738711340738448,520.217,odom,"ideal odometry /chassis/odom (IsaacComputeOdometry, relative to Play start)",-1.9276,0.0533,-3.0696,0.0006,0.0000
1790738711393351932,520.233,odom,"ideal odometry /chassis/odom (IsaacComputeOdometry, relative to Play start)",-1.9276,0.0533,-3.0696,0.0006,0.0000
1790738711436666057,520.250,odom,"ideal odometry /chassis/odom (IsaacComputeOdometry, relative to Play start)",-1.9276,0.0533,-3.0696,0.0006,0.0004
1790738711486848617,520.267,odom,"ideal odometry /chassis/odom (IsaacComputeOdometry, relative to Play start)",-1.9276,0.0533,-3.0696,0.0006,0.0001
1790738711542350369,520.283,odom,"ideal odometry /chassis/odom (IsaacComputeOdometry, relative to Play start)",-1.9276,0.0533,-3.0696,0.0006,0.0002
1790738711581931358,520.300,odom,"ideal odometry /chassis/odom (IsaacComputeOdometry, relative to Play start)",-1.9276,0.0533,-3.0696,0.0005,0.0003
1790738711624528441,520.317,odom,"ideal odometry /chassis/odom (IsaacComputeOdometry, relative to Play start)",-1.9277,0.0533,-3.0696,0.0005,0.0003
1790738711674854096,520.333,odom,"ideal odometry /chassis/odom (IsaacComputeOdometry, relative to Play start)",-1.9277,0.0533,-3.0696,0.0006,0.0002
1790738711716642875,520.350,odom,"ideal odometry /chassis/odom (IsaacComputeOdometry, relative to Play start)",-1.9277,0.0533,-3.0695,0.0006,0.0003
1790738711769387238,520.367,odom,"ideal odometry /chassis/odom (IsaacComputeOdometry, relative to Play start)",-1.9277,0.0533,-3.0695,0.0006,0.0003
1790738711813391607,520.383,odom,"ideal odometry /chassis/odom (IsaacComputeOdometry, relative to Play start)",-1.9277,0.0533,-3.0695,0.0006,0.0001
1790738711862494559,520.400,odom,"ideal odometry /chassis/odom (IsaacComputeOdometry, relative to Play start)",-1.9277,0.0533,-3.0695,0.0006,0.0001
1790738711958504255,520.417,odom,"ideal odometry /chassis/odom (IsaacComputeOdometry, relative to Play start)",-1.9278,0.0533,-3.0695,0.0005,0.0004
1790738712015618141,520.433,odom,"ideal odometry /chassis/odom (IsaacComputeOdometry, relative to Play start)",-1.9278,0.0533,-3.0695,0.0006,0.0002
1790738712055694186,520.450,odom,"ideal odometry /chassis/odom (IsaacComputeOdometry, relative to Play start)",-1.9278,0.0533,-3.0695,0.0006,0.0001
1790738712104868962,520.467,odom,"ideal odometry /chassis/odom (IsaacComputeOdometry, relative to Play start)",-1.9278,0.0533,-3.0695,0.0005,0.0005
1790738712148411611,520.483,odom,"ideal odometry /chassis/odom (IsaacComputeOdometry, relative to Play start)",-1.9278,0.0533,-3.0695,0.0006,0.0001
1790738664431224979,505.450,map,sim_state_odom_plus_spawn (independent of AMCL),-6.5609,-0.9996,3.1398,,
1790738664513803815,505.467,map,sim_state_odom_plus_spawn (independent of AMCL),-6.5610,-0.9996,3.1398,,
1790738664579981670,505.483,map,sim_state_odom_plus_spawn (independent of AMCL),-6.5610,-0.9996,3.1398,,
1790738664639410452,505.500,map,sim_state_odom_plus_spawn (independent of AMCL),-6.5610,-0.9996,3.1398,,
1790738664740208165,505.517,map,sim_state_odom_plus_spawn (independent of AMCL),-6.5610,-0.9996,3.1398,,
1790738664830511987,505.533,map,sim_state_odom_plus_spawn (independent of AMCL),-6.5610,-0.9996,3.1398,,
1790738664876206890,505.550,map,sim_state_odom_plus_spawn (independent of AMCL),-6.5611,-0.9996,3.1398,,
1790738664927283239,505.567,map,sim_state_odom_plus_spawn (independent of AMCL),-6.5611,-0.9996,3.1398,,
1790738665014490888,505.583,map,sim_state_odom_plus_spawn (independent of AMCL),-6.5611,-0.9996,3.1398,,
1790738665086519563,505.600,map,sim_state_odom_plus_spawn (independent of AMCL),-6.5611,-0.9996,3.1398,,
1790738665147308368,505.617,map,sim_state_odom_plus_spawn (independent of AMCL),-6.5611,-0.9996,3.1398,,
1790738665208520446,505.633,map,sim_state_odom_plus_spawn (independent of AMCL),-6.5611,-0.9996,3.1398,,
1790738665296816361,505.650,map,sim_state_odom_plus_spawn (independent of AMCL),-6.5612,-0.9996,3.1398,,
1790738665365076931,505.667,map,sim_state_odom_plus_spawn (independent of AMCL),-6.5612,-0.9996,3.1398,,
1790738665432117110,505.683,map,sim_state_odom_plus_spawn (independent of AMCL),-6.5612,-0.9996,3.1398,,
1790738665482932632,505.700,map,sim_state_odom_plus_spawn (independent of AMCL),-6.5612,-0.9996,3.1398,,
1790738665546586536,505.717,map,sim_state_odom_plus_spawn (independent of AMCL),-6.5612,-0.9996,3.1398,,
1790738665600243774,505.733,map,sim_state_odom_plus_spawn (independent of AMCL),-6.5613,-0.9996,3.1398,,
1790738665653901201,505.750,map,sim_state_odom_plus_spawn (independent of AMCL),-6.5613,-0.9996,3.1398,,
1790738665708891087,505.767,map,sim_state_odom_plus_spawn (independent of AMCL),-6.5613,-0.9996,3.1398,,
1790738665780407328,505.783,map,sim_state_odom_plus_spawn (independent of AMCL),-6.5613,-0.9996,3.1398,,
1790738665850125256,505.800,map,sim_state_odom_plus_spawn (independent of AMCL),-6.5613,-0.9996,3.1398,,
1790738665936017367,505.817,map,sim_state_odom_plus_spawn (independent of AMCL),-6.5613,-0.9996,3.1398,,
1790738666005366772,505.833,map,sim_state_odom_plus_spawn (independent of AMCL),-6.5614,-0.9996,3.1398,,
1790738666074525025,505.850,map,sim_state_odom_plus_spawn (independent of AMCL),-6.5614,-0.9996,3.1398,,
1790738666156494474,505.867,map,sim_state_odom_plus_spawn (independent of AMCL),-6.5614,-0.9996,3.1398,,
1790738666246661229,505.883,map,sim_state_odom_plus_spawn (independent of AMCL),-6.5614,-0.9996,3.1398,,
1790738666326388465,505.900,map,sim_state_odom_plus_spawn (independent of AMCL),-6.5614,-0.9996,3.1398,,
1790738666399365201,505.917,map,sim_state_odom_plus_spawn (independent of AMCL),-6.5615,-0.9996,3.1398,,
1790738666470832966,505.933,map,sim_state_odom_plus_spawn (independent of AMCL),-6.5615,-0.9996,3.1398,,
1790738666532204448,505.950,map,sim_state_odom_plus_spawn (independent of AMCL),-6.5615,-0.9996,3.1398,,
1790738666580880700,505.967,map,sim_state_odom_plus_spawn (independent of AMCL),-6.5615,-0.9996,3.1398,,
1790738666631580828,505.983,map,sim_state_odom_plus_spawn (independent of AMCL),-6.5615,-0.9996,3.1398,,
1790738666684007125,506.000,map,sim_state_odom_plus_spawn (independent of AMCL),-6.5616,-0.9996,3.1398,,
1790738666760302744,506.017,map,sim_state_odom_plus_spawn (independent of AMCL),-6.5616,-0.9996,3.1398,,
1790738666852442807,506.033,map,sim_state_odom_plus_spawn (independent of AMCL),-6.5616,-0.9996,3.1398,,
1790738666929183846,506.050,map,sim_state_odom_plus_spawn (independent of AMCL),-6.5616,-0.9996,3.1398,,
1790738666979821714,506.067,map,sim_state_odom_plus_spawn (independent of AMCL),-6.5616,-0.9996,3.1398,,
1790738667027815292,506.083,map,sim_state_odom_plus_spawn (independent of AMCL),-6.5616,-0.9996,3.1398,,
1790738667107704309,506.100,map,sim_state_odom_plus_spawn (independent of AMCL),-6.5617,-0.9996,3.1398,,
1790738667162130338,506.117,map,sim_state_odom_plus_spawn (independent of AMCL),-6.5617,-0.9996,3.1398,,
1790738667216210278,506.133,map,sim_state_odom_plus_spawn (independent of AMCL),-6.5617,-0.9996,3.1398,,
1790738667272429203,506.150,map,sim_state_odom_plus_spawn (independent of AMCL),-6.5617,-0.9996,3.1398,,
1790738667329953021,506.167,map,sim_state_odom_plus_spawn (independent of AMCL),-6.5617,-0.9996,3.1398,,
1790738667400595437,506.183,map,sim_state_odom_plus_spawn (independent of AMCL),-6.5618,-0.9996,3.1398,,
1790738667446110975,506.200,map,sim_state_odom_plus_spawn (independent of AMCL),-6.5618,-0.9996,3.1398,,
1790738667496968036,506.217,map,sim_state_odom_plus_spawn (independent of AMCL),-6.5618,-0.9996,3.1398,,
1790738667570459106,506.233,map,sim_state_odom_plus_spawn (independent of AMCL),-6.5618,-0.9996,3.1398,,
1790738667629809564,506.250,map,sim_state_odom_plus_spawn (independent of AMCL),-6.5618,-0.9996,3.1398,,
1790738667722715662,506.267,map,sim_state_odom_plus_spawn (independent of AMCL),-6.5618,-0.9996,3.1398,,
1790738667776399134,506.283,map,sim_state_odom_plus_spawn (independent of AMCL),-6.5619,-0.9996,3.1398,,
1790738667818656433,506.300,map,sim_state_odom_plus_spawn (independent of AMCL),-6.5619,-0.9996,3.1398,,
1790738667863247101,506.317,map,sim_state_odom_plus_spawn (independent of AMCL),-6.5619,-0.9996,3.1398,,
1790738667923576609,506.333,map,sim_state_odom_plus_spawn (independent of AMCL),-6.5619,-0.9996,3.1398,,
1790738667962386988,506.350,map,sim_state_odom_plus_spawn (independent of AMCL),-6.5619,-0.9996,3.1398,,
1790738668016608082,506.367,map,sim_state_odom_plus_spawn (independent of AMCL),-6.5620,-0.9996,3.1398,,
1790738668053024732,506.383,map,sim_state_odom_plus_spawn (independent of AMCL),-6.5620,-0.9996,3.1398,,
1790738668109978610,506.400,map,sim_state_odom_plus_spawn (independent of AMCL),-6.5620,-0.9996,3.1398,,
1790738668150328474,506.417,map,sim_state_odom_plus_spawn (independent of AMCL),-6.5620,-0.9996,3.1398,,
1790738668200668159,506.433,map,sim_state_odom_plus_spawn (independent of AMCL),-6.5620,-0.9996,3.1398,,
1790738668240060074,506.450,map,sim_state_odom_plus_spawn (independent of AMCL),-6.5621,-0.9996,3.1398,,
1790738668296801128,506.467,map,sim_state_odom_plus_spawn (independent of AMCL),-6.5621,-0.9996,3.1398,,
1790738668335698196,506.483,map,sim_state_odom_plus_spawn (independent of AMCL),-6.5621,-0.9996,3.1398,,
1790738668390438471,506.500,map,sim_state_odom_plus_spawn (independent of AMCL),-6.5621,-0.9996,3.1398,,
1790738668431327382,506.517,map,sim_state_odom_plus_spawn (independent of AMCL),-6.5621,-0.9996,3.1398,,
1790738668497019900,506.533,map,sim_state_odom_plus_spawn (independent of AMCL),-6.5621,-0.9996,3.1398,,
1790738668531279485,506.550,map,sim_state_odom_plus_spawn (independent of AMCL),-6.5622,-0.9996,3.1398,,
1790738668583596398,506.567,map,sim_state_odom_plus_spawn (independent of AMCL),-6.5622,-0.9996,3.1398,,
1790738668623511092,506.583,map,sim_state_odom_plus_spawn (independent of AMCL),-6.5622,-0.9996,3.1398,,
1790738668687481043,506.600,map,sim_state_odom_plus_spawn (independent of AMCL),-6.5622,-0.9996,3.1398,,
1790738668740406453,506.617,map,sim_state_odom_plus_spawn (independent of AMCL),-6.5622,-0.9996,3.1398,,
1790738668794605739,506.633,map,sim_state_odom_plus_spawn (independent of AMCL),-6.5623,-0.9996,3.1398,,
1790738668834485522,506.650,map,sim_state_odom_plus_spawn (independent of AMCL),-6.5623,-0.9996,3.1398,,
1790738668887218976,506.667,map,sim_state_odom_plus_spawn (independent of AMCL),-6.5623,-0.9996,3.1398,,
1790738668925211725,506.683,map,sim_state_odom_plus_spawn (independent of AMCL),-6.5623,-0.9996,3.1398,,
1790738668977721832,506.700,map,sim_state_odom_plus_spawn (independent of AMCL),-6.5623,-0.9996,3.1398,,
1790738669017077778,506.717,map,sim_state_odom_plus_spawn (independent of AMCL),-6.5623,-0.9996,3.1398,,
1790738669070954029,506.733,map,sim_state_odom_plus_spawn (independent of AMCL),-6.5624,-0.9996,3.1398,,
1790738669110276206,506.750,map,sim_state_odom_plus_spawn (independent of AMCL),-6.5624,-0.9996,3.1398,,
1790738669163608168,506.767,map,sim_state_odom_plus_spawn (independent of AMCL),-6.5624,-0.9996,3.1398,,
1790738669215005821,506.783,map,sim_state_odom_plus_spawn (independent of AMCL),-6.5624,-0.9996,3.1398,,
1790738669254807700,506.800,map,sim_state_odom_plus_spawn (independent of AMCL),-6.5624,-0.9996,3.1398,,
1790738669293619641,506.817,map,sim_state_odom_plus_spawn (independent of AMCL),-6.5625,-0.9996,3.1398,,
1790738669347985011,506.833,map,sim_state_odom_plus_spawn (independent of AMCL),-6.5625,-0.9996,3.1398,,
1790738669382674358,506.850,map,sim_state_odom_plus_spawn (independent of AMCL),-6.5625,-0.9996,3.1398,,
1790738669434565599,506.867,map,sim_state_odom_plus_spawn (independent of AMCL),-6.5625,-0.9996,3.1398,,
1790738669471756089,506.883,map,sim_state_odom_plus_spawn (independent of AMCL),-6.5625,-0.9996,3.1398,,
1790738669525886126,506.900,map,sim_state_odom_plus_spawn (independent of AMCL),-6.5626,-0.9996,3.1398,,
1790738669565123644,506.917,map,sim_state_odom_plus_spawn (independent of AMCL),-6.5626,-0.9996,3.1398,,
1790738669622292169,506.933,map,sim_state_odom_plus_spawn (independent of AMCL),-6.5626,-0.9996,3.1398,,
1790738669659207090,506.950,map,sim_state_odom_plus_spawn (independent of AMCL),-6.5626,-0.9996,3.1398,,
1790738669713987287,506.967,map,sim_state_odom_plus_spawn (independent of AMCL),-6.5626,-0.9996,3.1398,,
1790738669756370116,506.983,map,sim_state_odom_plus_spawn (independent of AMCL),-6.5626,-0.9996,3.1398,,
1790738669803306443,507.000,map,sim_state_odom_plus_spawn (independent of AMCL),-6.5627,-0.9996,3.1398,,
1790738669846121887,507.017,map,sim_state_odom_plus_spawn (independent of AMCL),-6.5627,-0.9996,3.1398,,
1790738669910505620,507.033,map,sim_state_odom_plus_spawn (independent of AMCL),-6.5627,-0.9996,3.1398,,
1790738669951246925,507.050,map,sim_state_odom_plus_spawn (independent of AMCL),-6.5627,-0.9996,3.1398,,
1790738670002817129,507.067,map,sim_state_odom_plus_spawn (independent of AMCL),-6.5627,-0.9996,3.1398,,
1790738670039746793,507.083,map,sim_state_odom_plus_spawn (independent of AMCL),-6.5628,-0.9996,3.1398,,
1790738670092960709,507.100,map,sim_state_odom_plus_spawn (independent of AMCL),-6.5628,-0.9996,3.1398,,
1790738670134489911,507.117,map,sim_state_odom_plus_spawn (independent of AMCL),-6.5628,-0.9996,3.1398,,
1790738670196415211,507.133,map,sim_state_odom_plus_spawn (independent of AMCL),-6.5628,-0.9996,3.1398,,
1790738670231431493,507.150,map,sim_state_odom_plus_spawn (independent of AMCL),-6.5628,-0.9996,3.1398,,
1790738670291519507,507.167,map,sim_state_odom_plus_spawn (independent of AMCL),-6.5628,-0.9996,3.1398,,
1790738670331320340,507.183,map,sim_state_odom_plus_spawn (independent of AMCL),-6.5629,-0.9996,3.1398,,
1790738670381449157,507.200,map,sim_state_odom_plus_spawn (independent of AMCL),-6.5629,-0.9996,3.1398,,
1790738670418392805,507.217,map,sim_state_odom_plus_spawn (independent of AMCL),-6.5629,-0.9996,3.1398,,
1790738670476248112,507.233,map,sim_state_odom_plus_spawn (independent of AMCL),-6.5629,-0.9996,3.1398,,
1790738670509757087,507.250,map,sim_state_odom_plus_spawn (independent of AMCL),-6.5629,-0.9996,3.1398,,
1790738670563997657,507.267,map,sim_state_odom_plus_spawn (independent of AMCL),-6.5630,-0.9996,3.1398,,
1790738670617008677,507.283,map,sim_state_odom_plus_spawn (independent of AMCL),-6.5630,-0.9996,3.1398,,
1790738670653727740,507.300,map,sim_state_odom_plus_spawn (independent of AMCL),-6.5630,-0.9996,3.1398,,
1790738670689703710,507.317,map,sim_state_odom_plus_spawn (independent of AMCL),-6.5630,-0.9996,3.1398,,
1790738670750587802,507.333,map,sim_state_odom_plus_spawn (independent of AMCL),-6.5630,-0.9996,3.1398,,
1790738670784874782,507.350,map,sim_state_odom_plus_spawn (independent of AMCL),-6.5630,-0.9996,3.1398,,
1790738670844968790,507.367,map,sim_state_odom_plus_spawn (independent of AMCL),-6.5631,-0.9996,3.1398,,
1790738670882841115,507.383,map,sim_state_odom_plus_spawn (independent of AMCL),-6.5631,-0.9996,3.1398,,
1790738670935029423,507.400,map,sim_state_odom_plus_spawn (independent of AMCL),-6.5631,-0.9996,3.1398,,
1790738670973465157,507.417,map,sim_state_odom_plus_spawn (independent of AMCL),-6.5631,-0.9996,3.1398,,
1790738671031565023,507.433,map,sim_state_odom_plus_spawn (independent of AMCL),-6.5631,-0.9996,3.1398,,
1790738671066659495,507.450,map,sim_state_odom_plus_spawn (independent of AMCL),-6.5632,-0.9996,3.1398,,
1790738671130431306,507.467,map,sim_state_odom_plus_spawn (independent of AMCL),-6.5632,-0.9996,3.1398,,
1790738671178074487,507.483,map,sim_state_odom_plus_spawn (independent of AMCL),-6.5632,-0.9996,3.1398,,
1790738671224898950,507.500,map,sim_state_odom_plus_spawn (independent of AMCL),-6.5632,-0.9996,3.1398,,
1790738671273024876,507.517,map,sim_state_odom_plus_spawn (independent of AMCL),-6.5632,-0.9996,3.1398,,
1790738671334760407,507.533,map,sim_state_odom_plus_spawn (independent of AMCL),-6.5633,-0.9996,3.1398,,
1790738671365805813,507.550,map,sim_state_odom_plus_spawn (independent of AMCL),-6.5633,-0.9996,3.1398,,
1790738671424504473,507.567,map,sim_state_odom_plus_spawn (independent of AMCL),-6.5633,-0.9996,3.1398,,
1790738671461481413,507.583,map,sim_state_odom_plus_spawn (independent of AMCL),-6.5633,-0.9996,3.1398,,
1790738671517148245,507.600,map,sim_state_odom_plus_spawn (independent of AMCL),-6.5633,-0.9996,3.1398,,
1790738671562593532,507.617,map,sim_state_odom_plus_spawn (independent of AMCL),-6.5633,-0.9996,3.1398,,
1790738671620344395,507.633,map,sim_state_odom_plus_spawn (independent of AMCL),-6.5634,-0.9996,3.1398,,
1790738671658277788,507.650,map,sim_state_odom_plus_spawn (independent of AMCL),-6.5634,-0.9996,3.1398,,
1790738672388448201,507.667,map,sim_state_odom_plus_spawn (independent of AMCL),-6.5634,-0.9996,3.1398,,
1790738673294492097,507.683,map,sim_state_odom_plus_spawn (independent of AMCL),-6.5634,-0.9996,3.1398,,
1790738673350343751,507.700,map,sim_state_odom_plus_spawn (independent of AMCL),-6.5634,-0.9996,3.1398,,
1790738673399746026,507.717,map,sim_state_odom_plus_spawn (independent of AMCL),-6.5635,-0.9996,3.1398,,
1790738673456100876,507.733,map,sim_state_odom_plus_spawn (independent of AMCL),-6.5635,-0.9996,3.1398,,
1790738673497073613,507.750,map,sim_state_odom_plus_spawn (independent of AMCL),-6.5635,-0.9996,3.1398,,
1790738673550806801,507.767,map,sim_state_odom_plus_spawn (independent of AMCL),-6.5635,-0.9996,3.1398,,
1790738673609749830,507.783,map,sim_state_odom_plus_spawn (independent of AMCL),-6.5635,-0.9996,3.1398,,
1790738673670062618,507.800,map,sim_state_odom_plus_spawn (independent of AMCL),-6.5635,-0.9996,3.1398,,
1790738673718480283,507.817,map,sim_state_odom_plus_spawn (independent of AMCL),-6.5636,-0.9996,3.1398,,
1790738673766557221,507.833,map,sim_state_odom_plus_spawn (independent of AMCL),-6.5636,-0.9996,3.1398,,
1790738673807268848,507.850,map,sim_state_odom_plus_spawn (independent of AMCL),-6.5636,-0.9996,3.1398,,
1790738673870161826,507.867,map,sim_state_odom_plus_spawn (independent of AMCL),-6.5636,-0.9996,3.1398,,
1790738673913670901,507.883,map,sim_state_odom_plus_spawn (independent of AMCL),-6.5636,-0.9996,3.1398,,
1790738673971288688,507.900,map,sim_state_odom_plus_spawn (independent of AMCL),-6.5637,-0.9996,3.1398,,
1790738674025567972,507.917,map,sim_state_odom_plus_spawn (independent of AMCL),-6.5637,-0.9996,3.1398,,
1790738674076500572,507.933,map,sim_state_odom_plus_spawn (independent of AMCL),-6.5637,-0.9996,3.1398,,
1790738674120641354,507.950,map,sim_state_odom_plus_spawn (independent of AMCL),-6.5637,-0.9996,3.1398,,
1790738674171830689,507.967,map,sim_state_odom_plus_spawn (independent of AMCL),-6.5637,-0.9996,3.1398,,
1790738674221016465,507.983,map,sim_state_odom_plus_spawn (independent of AMCL),-6.5637,-0.9996,3.1398,,
1790738674273117071,508.000,map,sim_state_odom_plus_spawn (independent of AMCL),-6.5638,-0.9996,3.1398,,
1790738674322922473,508.017,map,sim_state_odom_plus_spawn (independent of AMCL),-6.5638,-0.9996,3.1398,,
1790738674391302764,508.033,map,sim_state_odom_plus_spawn (independent of AMCL),-6.5638,-0.9996,3.1398,,
1790738674432597776,508.050,map,sim_state_odom_plus_spawn (independent of AMCL),-6.5638,-0.9996,3.1398,,
1790738674484834216,508.067,map,sim_state_odom_plus_spawn (independent of AMCL),-6.5638,-0.9996,3.1398,,
1790738674591636257,508.083,map,sim_state_odom_plus_spawn (independent of AMCL),-6.5639,-0.9996,3.1398,,
1790738674646539828,508.100,map,sim_state_odom_plus_spawn (independent of AMCL),-6.5639,-0.9996,3.1398,,
1790738674686583793,508.117,map,sim_state_odom_plus_spawn (independent of AMCL),-6.5639,-0.9996,3.1398,,
1790738674740598256,508.133,map,sim_state_odom_plus_spawn (independent of AMCL),-6.5639,-0.9996,3.1398,,
1790738674782369164,508.150,map,sim_state_odom_plus_spawn (independent of AMCL),-6.5639,-0.9996,3.1398,,
1790738674833342667,508.167,map,sim_state_odom_plus_spawn (independent of AMCL),-6.5640,-0.9996,3.1398,,
1790738674873724315,508.183,map,sim_state_odom_plus_spawn (independent of AMCL),-6.5640,-0.9996,3.1398,,
1790738674924403224,508.200,map,sim_state_odom_plus_spawn (independent of AMCL),-6.5640,-0.9996,3.1398,,
1790738674971363808,508.217,map,sim_state_odom_plus_spawn (independent of AMCL),-6.5640,-0.9996,3.1398,,
1790738675027185593,508.233,map,sim_state_odom_plus_spawn (independent of AMCL),-6.5640,-0.9996,3.1398,,
1790738675065779135,508.250,map,sim_state_odom_plus_spawn (independent of AMCL),-6.5640,-0.9996,3.1398,,
1790738675124257587,508.267,map,sim_state_odom_plus_spawn (independent of AMCL),-6.5641,-0.9996,3.1398,,
1790738675182483776,508.283,map,sim_state_odom_plus_spawn (independent of AMCL),-6.5641,-0.9996,3.1398,,
1790738675228834911,508.300,map,sim_state_odom_plus_spawn (independent of AMCL),-6.5641,-0.9996,3.1398,,
1790738675291497313,508.317,map,sim_state_odom_plus_spawn (independent of AMCL),-6.5641,-0.9996,3.1398,,
1790738675341607392,508.333,map,sim_state_odom_plus_spawn (independent of AMCL),-6.5641,-0.9996,3.1398,,
1790738675384333421,508.350,map,sim_state_odom_plus_spawn (independent of AMCL),-6.5642,-0.9996,3.1398,,
1790738675442218502,508.367,map,sim_state_odom_plus_spawn (independent of AMCL),-6.5642,-0.9996,3.1398,,
1790738675488443125,508.383,map,sim_state_odom_plus_spawn (independent of AMCL),-6.5642,-0.9996,3.1398,,
1790738675552374742,508.400,map,sim_state_odom_plus_spawn (independent of AMCL),-6.5642,-0.9996,3.1398,,
1790738675607611430,508.417,map,sim_state_odom_plus_spawn (independent of AMCL),-6.5642,-0.9996,3.1398,,
1790738675654016120,508.433,map,sim_state_odom_plus_spawn (independent of AMCL),-6.5643,-0.9996,3.1398,,
1790738675695416526,508.450,map,sim_state_odom_plus_spawn (independent of AMCL),-6.5643,-0.9996,3.1398,,
1790738675748145509,508.467,map,sim_state_odom_plus_spawn (independent of AMCL),-6.5643,-0.9996,3.1398,,
1790738675795079553,508.483,map,sim_state_odom_plus_spawn (independent of AMCL),-6.5643,-0.9996,3.1398,,
1790738675846202588,508.500,map,sim_state_odom_plus_spawn (independent of AMCL),-6.5643,-0.9996,3.1398,,
1790738675899074349,508.517,map,sim_state_odom_plus_spawn (independent of AMCL),-6.5643,-0.9996,3.1398,,
1790738675963783590,508.533,map,sim_state_odom_plus_spawn (independent of AMCL),-6.5644,-0.9996,3.1398,,
1790738676004794757,508.550,map,sim_state_odom_plus_spawn (independent of AMCL),-6.5644,-0.9996,3.1398,,
1790738676058903772,508.567,map,sim_state_odom_plus_spawn (independent of AMCL),-6.5644,-0.9996,3.1398,,
1790738676098399167,508.583,map,sim_state_odom_plus_spawn (independent of AMCL),-6.5644,-0.9996,3.1398,,
1790738676151797334,508.600,map,sim_state_odom_plus_spawn (independent of AMCL),-6.5644,-0.9996,3.1398,,
1790738676196866032,508.617,map,sim_state_odom_plus_spawn (independent of AMCL),-6.5645,-0.9996,3.1398,,
1790738676257658427,508.633,map,sim_state_odom_plus_spawn (independent of AMCL),-6.5645,-0.9996,3.1398,,
1790738676307823011,508.650,map,sim_state_odom_plus_spawn (independent of AMCL),-6.5645,-0.9996,3.1398,,
1790738676354122971,508.667,map,sim_state_odom_plus_spawn (independent of AMCL),-6.5645,-0.9996,3.1398,,
1790738676390453651,508.683,map,sim_state_odom_plus_spawn (independent of AMCL),-6.5645,-0.9996,3.1398,,
1790738676446213226,508.700,map,sim_state_odom_plus_spawn (independent of AMCL),-6.5645,-0.9996,3.1398,,
1790738676496941504,508.717,map,sim_state_odom_plus_spawn (independent of AMCL),-6.5646,-0.9996,3.1398,,
1790738676546749665,508.733,map,sim_state_odom_plus_spawn (independent of AMCL),-6.5646,-0.9996,3.1398,,
1790738676592327552,508.750,map,sim_state_odom_plus_spawn (independent of AMCL),-6.5646,-0.9996,3.1398,,
1790738676642890318,508.767,map,sim_state_odom_plus_spawn (independent of AMCL),-6.5646,-0.9996,3.1398,,
1790738676693653791,508.783,map,sim_state_odom_plus_spawn (independent of AMCL),-6.5646,-0.9996,3.1398,,
1790738676734189537,508.800,map,sim_state_odom_plus_spawn (independent of AMCL),-6.5647,-0.9996,3.1398,,
1790738676780347384,508.817,map,sim_state_odom_plus_spawn (independent of AMCL),-6.5647,-0.9996,3.1398,,
1790738676833120408,508.833,map,sim_state_odom_plus_spawn (independent of AMCL),-6.5647,-0.9996,3.1398,,
1790738676870956492,508.850,map,sim_state_odom_plus_spawn (independent of AMCL),-6.5647,-0.9996,3.1398,,
1790738676921789024,508.867,map,sim_state_odom_plus_spawn (independent of AMCL),-6.5647,-0.9996,3.1398,,
1790738676959360382,508.883,map,sim_state_odom_plus_spawn (independent of AMCL),-6.5648,-0.9996,3.1398,,
1790738677010327512,508.900,map,sim_state_odom_plus_spawn (independent of AMCL),-6.5648,-0.9996,3.1398,,
1790738677050116739,508.917,map,sim_state_odom_plus_spawn (independent of AMCL),-6.5648,-0.9996,3.1398,,
1790738677103579114,508.933,map,sim_state_odom_plus_spawn (independent of AMCL),-6.5648,-0.9996,3.1398,,
1790738677143350743,508.950,map,sim_state_odom_plus_spawn (independent of AMCL),-6.5648,-0.9996,3.1398,,
1790738677199653561,508.967,map,sim_state_odom_plus_spawn (independent of AMCL),-6.5648,-0.9996,3.1398,,
1790738677238404435,508.983,map,sim_state_odom_plus_spawn (independent of AMCL),-6.5649,-0.9996,3.1398,,
1790738677297199169,509.000,map,sim_state_odom_plus_spawn (independent of AMCL),-6.5649,-0.9996,3.1398,,
1790738677335351914,509.017,map,sim_state_odom_plus_spawn (independent of AMCL),-6.5649,-0.9996,3.1398,,
1790738677400018825,509.033,map,sim_state_odom_plus_spawn (independent of AMCL),-6.5649,-0.9996,3.1398,,
1790738677440667481,509.050,map,sim_state_odom_plus_spawn (independent of AMCL),-6.5649,-0.9996,3.1398,,
1790738677494181222,509.067,map,sim_state_odom_plus_spawn (independent of AMCL),-6.5650,-0.9996,3.1398,,
1790738677533196250,509.083,map,sim_state_odom_plus_spawn (independent of AMCL),-6.5650,-0.9996,3.1398,,
1790738677587385548,509.100,map,sim_state_odom_plus_spawn (independent of AMCL),-6.5650,-0.9996,3.1398,,
1790738677622374435,509.117,map,sim_state_odom_plus_spawn (independent of AMCL),-6.5650,-0.9996,3.1398,,
1790738677679229913,509.133,map,sim_state_odom_plus_spawn (independent of AMCL),-6.5650,-0.9996,3.1398,,
1790738677781941130,509.150,map,sim_state_odom_plus_spawn (independent of AMCL),-6.5650,-0.9996,3.1398,,
1790738677837511127,509.167,map,sim_state_odom_plus_spawn (independent of AMCL),-6.5651,-0.9996,3.1398,,
1790738677902186218,509.183,map,sim_state_odom_plus_spawn (independent of AMCL),-6.5651,-0.9996,3.1398,,
1790738677952891477,509.200,map,sim_state_odom_plus_spawn (independent of AMCL),-6.5651,-0.9996,3.1398,,
1790738678014489081,509.217,map,sim_state_odom_plus_spawn (independent of AMCL),-6.5651,-0.9996,3.1398,,
1790738678078146052,509.233,map,sim_state_odom_plus_spawn (independent of AMCL),-6.5651,-0.9996,3.1398,,
1790738678140503027,509.250,map,sim_state_odom_plus_spawn (independent of AMCL),-6.5652,-0.9996,3.1398,,
1790738678199099873,509.267,map,sim_state_odom_plus_spawn (independent of AMCL),-6.5652,-0.9996,3.1398,,
1790738678289872118,509.283,map,sim_state_odom_plus_spawn (independent of AMCL),-6.5652,-0.9996,3.1398,,
1790738678376739277,509.300,map,sim_state_odom_plus_spawn (independent of AMCL),-6.5652,-0.9996,3.1398,,
1790738678451003076,509.317,map,sim_state_odom_plus_spawn (independent of AMCL),-6.5652,-0.9996,3.1398,,
1790738678495807421,509.333,map,sim_state_odom_plus_spawn (independent of AMCL),-6.5653,-0.9996,3.1398,,
1790738678539349765,509.350,map,sim_state_odom_plus_spawn (independent of AMCL),-6.5653,-0.9996,3.1398,,
1790738678597111396,509.367,map,sim_state_odom_plus_spawn (independent of AMCL),-6.5653,-0.9996,3.1398,,
1790738678643512646,509.383,map,sim_state_odom_plus_spawn (independent of AMCL),-6.5653,-0.9996,3.1398,,
1790738678693131007,509.400,map,sim_state_odom_plus_spawn (independent of AMCL),-6.5653,-0.9996,3.1398,,
1790738678740705037,509.417,map,sim_state_odom_plus_spawn (independent of AMCL),-6.5653,-0.9996,3.1398,,
1790738678795914323,509.433,map,sim_state_odom_plus_spawn (independent of AMCL),-6.5654,-0.9996,3.1398,,
1790738678841780449,509.450,map,sim_state_odom_plus_spawn (independent of AMCL),-6.5654,-0.9996,3.1398,,
1790738678900576563,509.467,map,sim_state_odom_plus_spawn (independent of AMCL),-6.5654,-0.9996,3.1398,,
1790738678973870463,509.483,map,sim_state_odom_plus_spawn (independent of AMCL),-6.5654,-0.9996,3.1398,,
1790738679028925280,509.500,map,sim_state_odom_plus_spawn (independent of AMCL),-6.5654,-0.9996,3.1398,,
1790738679072785978,509.517,map,sim_state_odom_plus_spawn (independent of AMCL),-6.5655,-0.9996,3.1398,,
1790738679153795792,509.533,map,sim_state_odom_plus_spawn (independent of AMCL),-6.5655,-0.9996,3.1398,,
1790738679202285506,509.550,map,sim_state_odom_plus_spawn (independent of AMCL),-6.5655,-0.9996,3.1398,,
1790738679254468672,509.567,map,sim_state_odom_plus_spawn (independent of AMCL),-6.5655,-0.9996,3.1398,,
1790738679292947797,509.583,map,sim_state_odom_plus_spawn (independent of AMCL),-6.5655,-0.9996,3.1398,,
1790738679351535416,509.600,map,sim_state_odom_plus_spawn (independent of AMCL),-6.5655,-0.9996,3.1398,,
1790738679409300566,509.617,map,sim_state_odom_plus_spawn (independent of AMCL),-6.5656,-0.9996,3.1398,,
1790738679459959022,509.633,map,sim_state_odom_plus_spawn (independent of AMCL),-6.5656,-0.9996,3.1398,,
1790738679507158390,509.650,map,sim_state_odom_plus_spawn (independent of AMCL),-6.5656,-0.9996,3.1398,,
1790738679554913142,509.667,map,sim_state_odom_plus_spawn (independent of AMCL),-6.5656,-0.9996,3.1398,,
1790738679591294956,509.683,map,sim_state_odom_plus_spawn (independent of AMCL),-6.5656,-0.9996,3.1398,,
1790738679649260706,509.700,map,sim_state_odom_plus_spawn (independent of AMCL),-6.5657,-0.9996,3.1398,,
1790738679705948381,509.717,map,sim_state_odom_plus_spawn (independent of AMCL),-6.5657,-0.9996,3.1398,,
1790738679783344639,509.733,map,sim_state_odom_plus_spawn (independent of AMCL),-6.5657,-0.9996,3.1398,,
1790738679856024375,509.750,map,sim_state_odom_plus_spawn (independent of AMCL),-6.5657,-0.9996,3.1398,,
1790738679923564702,509.767,map,sim_state_odom_plus_spawn (independent of AMCL),-6.5657,-0.9996,3.1398,,
1790738680023982386,509.783,map,sim_state_odom_plus_spawn (independent of AMCL),-6.5658,-0.9996,3.1398,,
1790738680090204975,509.800,map,sim_state_odom_plus_spawn (independent of AMCL),-6.5658,-0.9996,3.1398,,
1790738680144260788,509.817,map,sim_state_odom_plus_spawn (independent of AMCL),-6.5658,-0.9996,3.1398,,
1790738680198734731,509.833,map,sim_state_odom_plus_spawn (independent of AMCL),-6.5658,-0.9996,3.1398,,
1790738680275465556,509.850,map,sim_state_odom_plus_spawn (independent of AMCL),-6.5658,-0.9996,3.1398,,
1790738680326503906,509.867,map,sim_state_odom_plus_spawn (independent of AMCL),-6.5658,-0.9996,3.1398,,
1790738680377797166,509.883,map,sim_state_odom_plus_spawn (independent of AMCL),-6.5659,-0.9996,3.1398,,
1790738680437577161,509.900,map,sim_state_odom_plus_spawn (independent of AMCL),-6.5659,-0.9996,3.1398,,
1790738680476179841,509.917,map,sim_state_odom_plus_spawn (independent of AMCL),-6.5659,-0.9996,3.1398,,
1790738680541260085,509.933,map,sim_state_odom_plus_spawn (independent of AMCL),-6.5659,-0.9996,3.1398,,
1790738680595366215,509.950,map,sim_state_odom_plus_spawn (independent of AMCL),-6.5659,-0.9996,3.1398,,
1790738680644343398,509.967,map,sim_state_odom_plus_spawn (independent of AMCL),-6.5660,-0.9996,3.1398,,
1790738680681507066,509.983,map,sim_state_odom_plus_spawn (independent of AMCL),-6.5660,-0.9996,3.1398,,
1790738680733397751,510.000,map,sim_state_odom_plus_spawn (independent of AMCL),-6.5660,-0.9996,3.1398,,
1790738680783963849,510.017,map,sim_state_odom_plus_spawn (independent of AMCL),-6.5660,-0.9996,3.1397,,
1790738680849747287,510.033,map,sim_state_odom_plus_spawn (independent of AMCL),-6.5660,-0.9996,3.1395,,
1790738680896250215,510.050,map,sim_state_odom_plus_spawn (independent of AMCL),-6.5660,-0.9996,3.1393,,
1790738680946984098,510.067,map,sim_state_odom_plus_spawn (independent of AMCL),-6.5661,-0.9996,3.1389,,
1790738680980104666,510.083,map,sim_state_odom_plus_spawn (independent of AMCL),-6.5661,-0.9996,3.1382,,
1790738681041133060,510.100,map,sim_state_odom_plus_spawn (independent of AMCL),-6.5661,-0.9996,3.1372,,
1790738681077687700,510.117,map,sim_state_odom_plus_spawn (independent of AMCL),-6.5661,-0.9996,3.1355,,
1790738681132728535,510.133,map,sim_state_odom_plus_spawn (independent of AMCL),-6.5661,-0.9996,3.1334,,
1790738681172033362,510.150,map,sim_state_odom_plus_spawn (independent of AMCL),-6.5662,-0.9996,3.1306,,
1790738681226501883,510.167,map,sim_state_odom_plus_spawn (independent of AMCL),-6.5662,-0.9996,3.1271,,
1790738681271390787,510.183,map,sim_state_odom_plus_spawn (independent of AMCL),-6.5662,-0.9996,3.1230,,
1790738681325434329,510.200,map,sim_state_odom_plus_spawn (independent of AMCL),-6.5663,-0.9996,3.1181,,
1790738681373830068,510.217,map,sim_state_odom_plus_spawn (independent of AMCL),-6.5663,-0.9996,3.1125,,
1790738681433145896,510.233,map,sim_state_odom_plus_spawn (independent of AMCL),-6.5664,-0.9996,3.1062,,
1790738681473912943,510.250,map,sim_state_odom_plus_spawn (independent of AMCL),-6.5665,-0.9996,3.0991,,
1790738681524785315,510.267,map,sim_state_odom_plus_spawn (independent of AMCL),-6.5666,-0.9996,3.0914,,
1790738681573981741,510.283,map,sim_state_odom_plus_spawn (independent of AMCL),-6.5667,-0.9995,3.0830,,
1790738681618078232,510.300,map,sim_state_odom_plus_spawn (independent of AMCL),-6.5668,-0.9995,3.0743,,
1790738681666687031,510.317,map,sim_state_odom_plus_spawn (independent of AMCL),-6.5669,-0.9995,3.0653,,
1790738681724828841,510.333,map,sim_state_odom_plus_spawn (independent of AMCL),-6.5671,-0.9995,3.0561,,
1790738681764437944,510.350,map,sim_state_odom_plus_spawn (independent of AMCL),-6.5672,-0.9995,3.0466,,
1790738681822302301,510.367,map,sim_state_odom_plus_spawn (independent of AMCL),-6.5674,-0.9995,3.0370,,
1790738681865731457,510.383,map,sim_state_odom_plus_spawn (independent of AMCL),-6.5676,-0.9994,3.0272,,
1790738681926707727,510.400,map,sim_state_odom_plus_spawn (independent of AMCL),-6.5678,-0.9994,3.0173,,
1790738681979352968,510.417,map,sim_state_odom_plus_spawn (independent of AMCL),-6.5680,-0.9994,3.0072,,
1790738682036636165,510.433,map,sim_state_odom_plus_spawn (independent of AMCL),-6.5682,-0.9994,2.9969,,
1790738682075335959,510.450,map,sim_state_odom_plus_spawn (independent of AMCL),-6.5684,-0.9993,2.9865,,
1790738682134036576,510.467,map,sim_state_odom_plus_spawn (independent of AMCL),-6.5686,-0.9993,2.9760,,
1790738682184521445,510.483,map,sim_state_odom_plus_spawn (independent of AMCL),-6.5688,-0.9992,2.9654,,
1790738682234982534,510.500,map,sim_state_odom_plus_spawn (independent of AMCL),-6.5690,-0.9992,2.9547,,
1790738682280506908,510.517,map,sim_state_odom_plus_spawn (independent of AMCL),-6.5693,-0.9991,2.9438,,
1790738682346341233,510.533,map,sim_state_odom_plus_spawn (independent of AMCL),-6.5695,-0.9991,2.9329,,
1790738682384652287,510.550,map,sim_state_odom_plus_spawn (independent of AMCL),-6.5696,-0.9990,2.9219,,
1790738682439782531,510.567,map,sim_state_odom_plus_spawn (independent of AMCL),-6.5698,-0.9990,2.9108,,
1790738682485678334,510.583,map,sim_state_odom_plus_spawn (independent of AMCL),-6.5700,-0.9990,2.8996,,
1790738682536555271,510.600,map,sim_state_odom_plus_spawn (independent of AMCL),-6.5701,-0.9989,2.8884,,
1790738682572531225,510.617,map,sim_state_odom_plus_spawn (independent of AMCL),-6.5702,-0.9989,2.8771,,
1790738682628208006,510.633,map,sim_state_odom_plus_spawn (independent of AMCL),-6.5703,-0.9989,2.8657,,
1790738682674134435,510.650,map,sim_state_odom_plus_spawn (independent of AMCL),-6.5704,-0.9988,2.8543,,
1790738682718400994,510.667,map,sim_state_odom_plus_spawn (independent of AMCL),-6.5704,-0.9988,2.8428,,
1790738682768507586,510.683,map,sim_state_odom_plus_spawn (independent of AMCL),-6.5704,-0.9988,2.8314,,
1790738682819000920,510.700,map,sim_state_odom_plus_spawn (independent of AMCL),-6.5704,-0.9988,2.8199,,
1790738682861167410,510.717,map,sim_state_odom_plus_spawn (independent of AMCL),-6.5703,-0.9988,2.8084,,
1790738682919800971,510.733,map,sim_state_odom_plus_spawn (independent of AMCL),-6.5703,-0.9989,2.7970,,
1790738682981459984,510.750,map,sim_state_odom_plus_spawn (independent of AMCL),-6.5702,-0.9989,2.7859,,
1790738683032824011,510.767,map,sim_state_odom_plus_spawn (independent of AMCL),-6.5701,-0.9989,2.7750,,
1790738683086244068,510.783,map,sim_state_odom_plus_spawn (independent of AMCL),-6.5700,-0.9990,2.7644,,
1790738683134250877,510.800,map,sim_state_odom_plus_spawn (independent of AMCL),-6.5699,-0.9990,2.7538,,
1790738683190842009,510.817,map,sim_state_odom_plus_spawn (independent of AMCL),-6.5698,-0.9990,2.7434,,
1790738683245405837,510.833,map,sim_state_odom_plus_spawn (independent of AMCL),-6.5696,-0.9991,2.7330,,
1790738683290777169,510.850,map,sim_state_odom_plus_spawn (independent of AMCL),-6.5695,-0.9992,2.7227,,
1790738683341425447,510.867,map,sim_state_odom_plus_spawn (independent of AMCL),-6.5694,-0.9992,2.7124,,
1790738683380928781,510.883,map,sim_state_odom_plus_spawn (independent of AMCL),-6.5692,-0.9993,2.7022,,
1790738683438618695,510.900,map,sim_state_odom_plus_spawn (independent of AMCL),-6.5691,-0.9994,2.6920,,
1790738683484798324,510.917,map,sim_state_odom_plus_spawn (independent of AMCL),-6.5689,-0.9994,2.6818,,
1790738683534100994,510.933,map,sim_state_odom_plus_spawn (independent of AMCL),-6.5688,-0.9995,2.6716,,
1790738683582624569,510.950,map,sim_state_odom_plus_spawn (independent of AMCL),-6.5686,-0.9996,2.6616,,
1790738683626397190,510.967,map,sim_state_odom_plus_spawn (independent of AMCL),-6.5684,-0.9997,2.6519,,
1790738683670419300,510.983,map,sim_state_odom_plus_spawn (independent of AMCL),-6.5683,-0.9998,2.6425,,
1790738683725872939,511.000,map,sim_state_odom_plus_spawn (independent of AMCL),-6.5681,-0.9999,2.6332,,
1790738683776006258,511.017,map,sim_state_odom_plus_spawn (independent of AMCL),-6.5680,-0.9999,2.6240,,
1790738683837578431,511.033,map,sim_state_odom_plus_spawn (independent of AMCL),-6.5678,-1.0000,2.6150,,
1790738683873344939,511.050,map,sim_state_odom_plus_spawn (independent of AMCL),-6.5677,-1.0001,2.6060,,
1790738683926839471,511.067,map,sim_state_odom_plus_spawn (independent of AMCL),-6.5675,-1.0002,2.5970,,
1790738683968569664,511.083,map,sim_state_odom_plus_spawn (independent of AMCL),-6.5673,-1.0003,2.5876,,
1790738684026843115,511.100,map,sim_state_odom_plus_spawn (independent of AMCL),-6.5672,-1.0004,2.5779,,
1790738684069436866,511.117,map,sim_state_odom_plus_spawn (independent of AMCL),-6.5670,-1.0005,2.5677,,
1790738684118166843,511.133,map,sim_state_odom_plus_spawn (independent of AMCL),-6.5668,-1.0006,2.5571,,
1790738684157768242,511.150,map,sim_state_odom_plus_spawn (independent of AMCL),-6.5666,-1.0008,2.5464,,
1790738684209872177,511.167,map,sim_state_odom_plus_spawn (independent of AMCL),-6.5665,-1.0009,2.5355,,
1790738684251616637,511.183,map,sim_state_odom_plus_spawn (independent of AMCL),-6.5663,-1.0010,2.5246,,
1790738684307063142,511.200,map,sim_state_odom_plus_spawn (independent of AMCL),-6.5661,-1.0012,2.5135,,
1790738684352863258,511.217,map,sim_state_odom_plus_spawn (independent of AMCL),-6.5659,-1.0013,2.5024,,
1790738684410749966,511.233,map,sim_state_odom_plus_spawn (independent of AMCL),-6.5657,-1.0014,2.4913,,
1790738684444975879,511.250,map,sim_state_odom_plus_spawn (independent of AMCL),-6.5655,-1.0016,2.4802,,
1790738684506571069,511.267,map,sim_state_odom_plus_spawn (independent of AMCL),-6.5653,-1.0017,2.4690,,
1790738684559737071,511.283,map,sim_state_odom_plus_spawn (independent of AMCL),-6.5652,-1.0019,2.4579,,
1790738684601937708,511.300,map,sim_state_odom_plus_spawn (independent of AMCL),-6.5650,-1.0020,2.4467,,
1790738684652142079,511.317,map,sim_state_odom_plus_spawn (independent of AMCL),-6.5648,-1.0022,2.4355,,
1790738684707946601,511.333,map,sim_state_odom_plus_spawn (independent of AMCL),-6.5646,-1.0023,2.4244,,
1790738684747361763,511.350,map,sim_state_odom_plus_spawn (independent of AMCL),-6.5644,-1.0025,2.4132,,
1790738684796731491,511.367,map,sim_state_odom_plus_spawn (independent of AMCL),-6.5642,-1.0027,2.4020,,
1790738684833997884,511.383,map,sim_state_odom_plus_spawn (independent of AMCL),-6.5641,-1.0028,2.3909,,
1790738684890450338,511.400,map,sim_state_odom_plus_spawn (independent of AMCL),-6.5639,-1.0030,2.3797,,
1790738684936029308,511.417,map,sim_state_odom_plus_spawn (independent of AMCL),-6.5637,-1.0032,2.3685,,
1790738684992230750,511.433,map,sim_state_odom_plus_spawn (independent of AMCL),-6.5635,-1.0033,2.3574,,
1790738685030045678,511.450,map,sim_state_odom_plus_spawn (independent of AMCL),-6.5634,-1.0035,2.3462,,
1790738685079543432,511.467,map,sim_state_odom_plus_spawn (independent of AMCL),-6.5632,-1.0037,2.3351,,
1790738685113262756,511.483,map,sim_state_odom_plus_spawn (independent of AMCL),-6.5630,-1.0039,2.3239,,
1790738685168358758,511.500,map,sim_state_odom_plus_spawn (independent of AMCL),-6.5629,-1.0041,2.3128,,
1790738685212079255,511.517,map,sim_state_odom_plus_spawn (independent of AMCL),-6.5627,-1.0042,2.3016,,
1790738685271352091,511.533,map,sim_state_odom_plus_spawn (independent of AMCL),-6.5625,-1.0044,2.2905,,
1790738685306836009,511.550,map,sim_state_odom_plus_spawn (independent of AMCL),-6.5624,-1.0046,2.2793,,
1790738685358851486,511.567,map,sim_state_odom_plus_spawn (independent of AMCL),-6.5622,-1.0048,2.2681,,
1790738685397797630,511.583,map,sim_state_odom_plus_spawn (independent of AMCL),-6.5621,-1.0050,2.2570,,
1790738685454441933,511.600,map,sim_state_odom_plus_spawn (independent of AMCL),-6.5619,-1.0052,2.2458,,
1790738685493739246,511.617,map,sim_state_odom_plus_spawn (independent of AMCL),-6.5618,-1.0054,2.2347,,
1790738685549911962,511.633,map,sim_state_odom_plus_spawn (independent of AMCL),-6.5616,-1.0056,2.2235,,
1790738685587411390,511.650,map,sim_state_odom_plus_spawn (independent of AMCL),-6.5615,-1.0058,2.2124,,
1790738685640674601,511.667,map,sim_state_odom_plus_spawn (independent of AMCL),-6.5613,-1.0060,2.2012,,
1790738685683374977,511.683,map,sim_state_odom_plus_spawn (independent of AMCL),-6.5612,-1.0062,2.1901,,
1790738685737176830,511.700,map,sim_state_odom_plus_spawn (independent of AMCL),-6.5610,-1.0064,2.1789,,
1790738685778979311,511.717,map,sim_state_odom_plus_spawn (independent of AMCL),-6.5609,-1.0066,2.1678,,
1790738685831513932,511.733,map,sim_state_odom_plus_spawn (independent of AMCL),-6.5608,-1.0068,2.1567,,
1790738685870154373,511.750,map,sim_state_odom_plus_spawn (independent of AMCL),-6.5606,-1.0070,2.1455,,
1790738685924872764,511.767,map,sim_state_odom_plus_spawn (independent of AMCL),-6.5605,-1.0072,2.1344,,
1790738685990462641,511.783,map,sim_state_odom_plus_spawn (independent of AMCL),-6.5604,-1.0074,2.1232,,
1790738686037537407,511.800,map,sim_state_odom_plus_spawn (independent of AMCL),-6.5602,-1.0076,2.1121,,
1790738686083732545,511.817,map,sim_state_odom_plus_spawn (independent of AMCL),-6.5601,-1.0078,2.1009,,
1790738686132337414,511.833,map,sim_state_odom_plus_spawn (independent of AMCL),-6.5600,-1.0080,2.0898,,
1790738686168729983,511.850,map,sim_state_odom_plus_spawn (independent of AMCL),-6.5599,-1.0082,2.0786,,
1790738686223440003,511.867,map,sim_state_odom_plus_spawn (independent of AMCL),-6.5597,-1.0085,2.0675,,
1790738686266085747,511.883,map,sim_state_odom_plus_spawn (independent of AMCL),-6.5596,-1.0087,2.0563,,
1790738686321446135,511.900,map,sim_state_odom_plus_spawn (independent of AMCL),-6.5595,-1.0089,2.0452,,
1790738686362174238,511.917,map,sim_state_odom_plus_spawn (independent of AMCL),-6.5594,-1.0091,2.0340,,
1790738686412353167,511.933,map,sim_state_odom_plus_spawn (independent of AMCL),-6.5593,-1.0093,2.0229,,
1790738686451462243,511.950,map,sim_state_odom_plus_spawn (independent of AMCL),-6.5592,-1.0096,2.0118,,
1790738686504793665,511.967,map,sim_state_odom_plus_spawn (independent of AMCL),-6.5591,-1.0098,2.0006,,
1790738686550695907,511.983,map,sim_state_odom_plus_spawn (independent of AMCL),-6.5590,-1.0100,1.9895,,
1790738686605365903,512.000,map,sim_state_odom_plus_spawn (independent of AMCL),-6.5589,-1.0102,1.9783,,
1790738686659200431,512.017,map,sim_state_odom_plus_spawn (independent of AMCL),-6.5588,-1.0105,1.9672,,
1790738686720719114,512.033,map,sim_state_odom_plus_spawn (independent of AMCL),-6.5587,-1.0107,1.9560,,
1790738686761267441,512.050,map,sim_state_odom_plus_spawn (independent of AMCL),-6.5586,-1.0109,1.9449,,
1790738686814266216,512.067,map,sim_state_odom_plus_spawn (independent of AMCL),-6.5585,-1.0111,1.9337,,
1790738686861529849,512.083,map,sim_state_odom_plus_spawn (independent of AMCL),-6.5584,-1.0114,1.9226,,
1790738686907988341,512.100,map,sim_state_odom_plus_spawn (independent of AMCL),-6.5584,-1.0116,1.9115,,
1790738686952338295,512.117,map,sim_state_odom_plus_spawn (independent of AMCL),-6.5583,-1.0118,1.9003,,
1790738686993920690,512.133,map,sim_state_odom_plus_spawn (independent of AMCL),-6.5582,-1.0121,1.8892,,
1790738687033574226,512.150,map,sim_state_odom_plus_spawn (independent of AMCL),-6.5581,-1.0123,1.8780,,
1790738687086254425,512.167,map,sim_state_odom_plus_spawn (independent of AMCL),-6.5580,-1.0125,1.8669,,
1790738687128396302,512.183,map,sim_state_odom_plus_spawn (independent of AMCL),-6.5580,-1.0128,1.8557,,
1790738687177593736,512.200,map,sim_state_odom_plus_spawn (independent of AMCL),-6.5579,-1.0130,1.8446,,
1790738687224118872,512.217,map,sim_state_odom_plus_spawn (independent of AMCL),-6.5578,-1.0132,1.8334,,
1790738687274382222,512.233,map,sim_state_odom_plus_spawn (independent of AMCL),-6.5578,-1.0135,1.8223,,
1790738687312011831,512.250,map,sim_state_odom_plus_spawn (independent of AMCL),-6.5577,-1.0137,1.8112,,
1790738687363231577,512.267,map,sim_state_odom_plus_spawn (independent of AMCL),-6.5577,-1.0140,1.8000,,
1790738687418187446,512.283,map,sim_state_odom_plus_spawn (independent of AMCL),-6.5576,-1.0142,1.7889,,
1790738687465770606,512.300,map,sim_state_odom_plus_spawn (independent of AMCL),-6.5576,-1.0144,1.7777,,
1790738687511964045,512.317,map,sim_state_odom_plus_spawn (independent of AMCL),-6.5575,-1.0147,1.7666,,
1790738687562673175,512.333,map,sim_state_odom_plus_spawn (independent of AMCL),-6.5575,-1.0149,1.7554,,
1790738687601761620,512.350,map,sim_state_odom_plus_spawn (independent of AMCL),-6.5574,-1.0152,1.7443,,
1790738687653850489,512.367,map,sim_state_odom_plus_spawn (independent of AMCL),-6.5574,-1.0154,1.7331,,
1790738687704876483,512.383,map,sim_state_odom_plus_spawn (independent of AMCL),-6.5573,-1.0157,1.7220,,
1790738687749351453,512.400,map,sim_state_odom_plus_spawn (independent of AMCL),-6.5573,-1.0159,1.7109,,
1790738687793290042,512.417,map,sim_state_odom_plus_spawn (independent of AMCL),-6.5573,-1.0161,1.6997,,
1790738687843852574,512.433,map,sim_state_odom_plus_spawn (independent of AMCL),-6.5572,-1.0164,1.6886,,
1790738687892224809,512.450,map,sim_state_odom_plus_spawn (independent of AMCL),-6.5572,-1.0166,1.6774,,
1790738687935166217,512.467,map,sim_state_odom_plus_spawn (independent of AMCL),-6.5572,-1.0169,1.6663,,
1790738687982688914,512.483,map,sim_state_odom_plus_spawn (independent of AMCL),-6.5572,-1.0171,1.6551,,
1790738688029251411,512.500,map,sim_state_odom_plus_spawn (independent of AMCL),-6.5572,-1.0174,1.6440,,
1790738688073471785,512.517,map,sim_state_odom_plus_spawn (independent of AMCL),-6.5571,-1.0176,1.6328,,
1790738688131045003,512.533,map,sim_state_odom_plus_spawn (independent of AMCL),-6.5571,-1.0179,1.6217,,
1790738688171557014,512.550,map,sim_state_odom_plus_spawn (independent of AMCL),-6.5571,-1.0181,1.6105,,
1790738688219290574,512.567,map,sim_state_odom_plus_spawn (independent of AMCL),-6.5571,-1.0184,1.5994,,
1790738688266285732,512.583,map,sim_state_odom_plus_spawn (independent of AMCL),-6.5571,-1.0186,1.5883,,
1790738688312524614,512.600,map,sim_state_odom_plus_spawn (independent of AMCL),-6.5571,-1.0189,1.5771,,
1790738688358136135,512.617,map,sim_state_odom_plus_spawn (independent of AMCL),-6.5571,-1.0191,1.5660,,
1790738688414082529,512.633,map,sim_state_odom_plus_spawn (independent of AMCL),-6.5571,-1.0193,1.5548,,
1790738688450563608,512.650,map,sim_state_odom_plus_spawn (independent of AMCL),-6.5571,-1.0196,1.5437,,
1790738688504706541,512.667,map,sim_state_odom_plus_spawn (independent of AMCL),-6.5571,-1.0198,1.5325,,
1790738688551446628,512.683,map,sim_state_odom_plus_spawn (independent of AMCL),-6.5571,-1.0201,1.5214,,
1790738688603414758,512.700,map,sim_state_odom_plus_spawn (independent of AMCL),-6.5571,-1.0203,1.5102,,
1790738688650451841,512.717,map,sim_state_odom_plus_spawn (independent of AMCL),-6.5572,-1.0206,1.4991,,
1790738688701602281,512.733,map,sim_state_odom_plus_spawn (independent of AMCL),-6.5572,-1.0208,1.4879,,
1790738688738356018,512.750,map,sim_state_odom_plus_spawn (independent of AMCL),-6.5572,-1.0211,1.4768,,
1790738688797563095,512.767,map,sim_state_odom_plus_spawn (independent of AMCL),-6.5572,-1.0213,1.4656,,
1790738688858733920,512.783,map,sim_state_odom_plus_spawn (independent of AMCL),-6.5573,-1.0216,1.4545,,
1790738688898103675,512.800,map,sim_state_odom_plus_spawn (independent of AMCL),-6.5573,-1.0218,1.4434,,
1790738688938330954,512.817,map,sim_state_odom_plus_spawn (independent of AMCL),-6.5573,-1.0220,1.4322,,
1790738688993712733,512.833,map,sim_state_odom_plus_spawn (independent of AMCL),-6.5574,-1.0223,1.4211,,
1790738689030306373,512.850,map,sim_state_odom_plus_spawn (independent of AMCL),-6.5574,-1.0225,1.4099,,
1790738689085724659,512.867,map,sim_state_odom_plus_spawn (independent of AMCL),-6.5574,-1.0228,1.3988,,
1790738689131470798,512.883,map,sim_state_odom_plus_spawn (independent of AMCL),-6.5575,-1.0230,1.3876,,
1790738689181609512,512.900,map,sim_state_odom_plus_spawn (independent of AMCL),-6.5575,-1.0233,1.3765,,
1790738689215272075,512.917,map,sim_state_odom_plus_spawn (independent of AMCL),-6.5576,-1.0235,1.3653,,
1790738689274054193,512.933,map,sim_state_odom_plus_spawn (independent of AMCL),-6.5576,-1.0237,1.3542,,
1790738689323157984,512.950,map,sim_state_odom_plus_spawn (independent of AMCL),-6.5577,-1.0240,1.3430,,
1790738689377135971,512.967,map,sim_state_odom_plus_spawn (independent of AMCL),-6.5577,-1.0242,1.3319,,
1790738689423611291,512.983,map,sim_state_odom_plus_spawn (independent of AMCL),-6.5578,-1.0245,1.3208,,
1790738689478789907,513.000,map,sim_state_odom_plus_spawn (independent of AMCL),-6.5579,-1.0247,1.3096,,
1790738689518236763,513.017,map,sim_state_odom_plus_spawn (independent of AMCL),-6.5579,-1.0249,1.2985,,
1790738689584616427,513.033,map,sim_state_odom_plus_spawn (independent of AMCL),-6.5580,-1.0252,1.2873,,
1790738689633146476,513.050,map,sim_state_odom_plus_spawn (independent of AMCL),-6.5581,-1.0254,1.2762,,
1790738689682445825,513.067,map,sim_state_odom_plus_spawn (independent of AMCL),-6.5581,-1.0256,1.2650,,
1790738689721148860,513.083,map,sim_state_odom_plus_spawn (independent of AMCL),-6.5582,-1.0259,1.2539,,
1790738689781183894,513.100,map,sim_state_odom_plus_spawn (independent of AMCL),-6.5583,-1.0261,1.2427,,
1790738689831053278,513.117,map,sim_state_odom_plus_spawn (independent of AMCL),-6.5584,-1.0263,1.2316,,
1790738689886162493,513.133,map,sim_state_odom_plus_spawn (independent of AMCL),-6.5585,-1.0266,1.2205,,
1790738689930395796,513.150,map,sim_state_odom_plus_spawn (independent of AMCL),-6.5586,-1.0268,1.2093,,
1790738689979285872,513.167,map,sim_state_odom_plus_spawn (independent of AMCL),-6.5586,-1.0270,1.1982,,
1790738690016793318,513.183,map,sim_state_odom_plus_spawn (independent of AMCL),-6.5587,-1.0273,1.1870,,
1790738690078202291,513.200,map,sim_state_odom_plus_spawn (independent of AMCL),-6.5588,-1.0275,1.1759,,
1790738690131314008,513.217,map,sim_state_odom_plus_spawn (independent of AMCL),-6.5589,-1.0277,1.1647,,
1790738690173704586,513.233,map,sim_state_odom_plus_spawn (independent of AMCL),-6.5590,-1.0279,1.1536,,
1790738690208222772,513.250,map,sim_state_odom_plus_spawn (independent of AMCL),-6.5591,-1.0282,1.1425,,
1790738690265665175,513.267,map,sim_state_odom_plus_spawn (independent of AMCL),-6.5592,-1.0284,1.1313,,
1790738690333882145,513.283,map,sim_state_odom_plus_spawn (independent of AMCL),-6.5593,-1.0286,1.1202,,
1790738690374262296,513.300,map,sim_state_odom_plus_spawn (independent of AMCL),-6.5594,-1.0288,1.1090,,
1790738690413614083,513.317,map,sim_state_odom_plus_spawn (independent of AMCL),-6.5595,-1.0289,1.0979,,
1790738690468800209,513.333,map,sim_state_odom_plus_spawn (independent of AMCL),-6.5594,-1.0287,1.0869,,
1790738690515279902,513.350,map,sim_state_odom_plus_spawn (independent of AMCL),-6.5591,-1.0281,1.0759,,
1790738690565475372,513.367,map,sim_state_odom_plus_spawn (independent of AMCL),-6.5587,-1.0273,1.0649,,
1790738690610562302,513.383,map,sim_state_odom_plus_spawn (independent of AMCL),-6.5582,-1.0265,1.0538,,
1790738690655543039,513.400,map,sim_state_odom_plus_spawn (independent of AMCL),-6.5576,-1.0256,1.0426,,
1790738690692762045,513.417,map,sim_state_odom_plus_spawn (independent of AMCL),-6.5571,-1.0246,1.0314,,
1790738690748312666,513.433,map,sim_state_odom_plus_spawn (independent of AMCL),-6.5565,-1.0237,1.0201,,
1790738690787735660,513.450,map,sim_state_odom_plus_spawn (independent of AMCL),-6.5559,-1.0227,1.0087,,
1790738690832493935,513.467,map,sim_state_odom_plus_spawn (independent of AMCL),-6.5554,-1.0219,0.9972,,
1790738690867823441,513.483,map,sim_state_odom_plus_spawn (independent of AMCL),-6.5550,-1.0213,0.9857,,
1790738690916018942,513.500,map,sim_state_odom_plus_spawn (independent of AMCL),-6.5546,-1.0208,0.9742,,
1790738690956091734,513.517,map,sim_state_odom_plus_spawn (independent of AMCL),-6.5543,-1.0204,0.9626,,
1790738691015374675,513.533,map,sim_state_odom_plus_spawn (independent of AMCL),-6.5541,-1.0200,0.9510,,
1790738691053313450,513.550,map,sim_state_odom_plus_spawn (independent of AMCL),-6.5538,-1.0196,0.9394,,
1790738691102870531,513.567,map,sim_state_odom_plus_spawn (independent of AMCL),-6.5535,-1.0193,0.9278,,
1790738691137119291,513.583,map,sim_state_odom_plus_spawn (independent of AMCL),-6.5532,-1.0189,0.9163,,
1790738691192078202,513.600,map,sim_state_odom_plus_spawn (independent of AMCL),-6.5529,-1.0185,0.9047,,
1790738691229058489,513.617,map,sim_state_odom_plus_spawn (independent of AMCL),-6.5526,-1.0182,0.8931,,
1790738691294087886,513.633,map,sim_state_odom_plus_spawn (independent of AMCL),-6.5524,-1.0178,0.8815,,
1790738691326176199,513.650,map,sim_state_odom_plus_spawn (independent of AMCL),-6.5521,-1.0175,0.8699,,
1790738691383073665,513.667,map,sim_state_odom_plus_spawn (independent of AMCL),-6.5518,-1.0172,0.8583,,
1790738691426316633,513.683,map,sim_state_odom_plus_spawn (independent of AMCL),-6.5515,-1.0168,0.8467,,
1790738691481957095,513.700,map,sim_state_odom_plus_spawn (independent of AMCL),-6.5511,-1.0164,0.8352,,
1790738691531014778,513.717,map,sim_state_odom_plus_spawn (independent of AMCL),-6.5504,-1.0156,0.8236,,
1790738691581475397,513.733,map,sim_state_odom_plus_spawn (independent of AMCL),-6.5495,-1.0146,0.8121,,
1790738691624327440,513.750,map,sim_state_odom_plus_spawn (independent of AMCL),-6.5482,-1.0133,0.8005,,
1790738691677614370,513.767,map,sim_state_odom_plus_spawn (independent of AMCL),-6.5465,-1.0116,0.7889,,
1790738691729268962,513.783,map,sim_state_odom_plus_spawn (independent of AMCL),-6.5444,-1.0095,0.7772,,
1790738691764294912,513.800,map,sim_state_odom_plus_spawn (independent of AMCL),-6.5419,-1.0071,0.7653,,
1790738691800920211,513.817,map,sim_state_odom_plus_spawn (independent of AMCL),-6.5389,-1.0043,0.7531,,
1790738691850466740,513.833,map,sim_state_odom_plus_spawn (independent of AMCL),-6.5354,-1.0011,0.7407,,
1790738691888519122,513.850,map,sim_state_odom_plus_spawn (independent of AMCL),-6.5315,-0.9977,0.7279,,
1790738691939357925,513.867,map,sim_state_odom_plus_spawn (independent of AMCL),-6.5272,-0.9939,0.7149,,
1790738691972950233,513.883,map,sim_state_odom_plus_spawn (independent of AMCL),-6.5224,-0.9899,0.7016,,
1790738692023287356,513.900,map,sim_state_odom_plus_spawn (independent of AMCL),-6.5171,-0.9856,0.6879,,
1790738692060420800,513.917,map,sim_state_odom_plus_spawn (independent of AMCL),-6.5114,-0.9810,0.6738,,
1790738692114559929,513.933,map,sim_state_odom_plus_spawn (independent of AMCL),-6.5052,-0.9762,0.6594,,
1790738692149955984,513.950,map,sim_state_odom_plus_spawn (independent of AMCL),-6.4986,-0.9712,0.6447,,
1790738692207073725,513.967,map,sim_state_odom_plus_spawn (independent of AMCL),-6.4914,-0.9660,0.6295,,
1790738692239222978,513.983,map,sim_state_odom_plus_spawn (independent of AMCL),-6.4837,-0.9606,0.6140,,
1790738692296349751,514.000,map,sim_state_odom_plus_spawn (independent of AMCL),-6.4756,-0.9551,0.5981,,
1790738692331291755,514.017,map,sim_state_odom_plus_spawn (independent of AMCL),-6.4669,-0.9494,0.5818,,
1790738692391888648,514.033,map,sim_state_odom_plus_spawn (independent of AMCL),-6.4577,-0.9436,0.5650,,
1790738692429297506,514.050,map,sim_state_odom_plus_spawn (independent of AMCL),-6.4480,-0.9378,0.5478,,
1790738692481228370,514.067,map,sim_state_odom_plus_spawn (independent of AMCL),-6.4378,-0.9318,0.5303,,
1790738692521792289,514.083,map,sim_state_odom_plus_spawn (independent of AMCL),-6.4273,-0.9259,0.5125,,
1790738692572523569,514.100,map,sim_state_odom_plus_spawn (independent of AMCL),-6.4164,-0.9200,0.4947,,
1790738692608286876,514.117,map,sim_state_odom_plus_spawn (independent of AMCL),-6.4053,-0.9143,0.4770,,
1790738692664829164,514.133,map,sim_state_odom_plus_spawn (independent of AMCL),-6.3939,-0.9087,0.4595,,
1790738692703907152,514.150,map,sim_state_odom_plus_spawn (independent of AMCL),-6.3825,-0.9033,0.4422,,
1790738692760809847,514.167,map,sim_state_odom_plus_spawn (independent of AMCL),-6.3708,-0.8981,0.4251,,
1790738692801305126,514.183,map,sim_state_odom_plus_spawn (independent of AMCL),-6.3591,-0.8930,0.4082,,
1790738692857751869,514.200,map,sim_state_odom_plus_spawn (independent of AMCL),-6.3472,-0.8881,0.3914,,
1790738692895818511,514.217,map,sim_state_odom_plus_spawn (independent of AMCL),-6.3353,-0.8835,0.3748,,
1790738692957049325,514.233,map,sim_state_odom_plus_spawn (independent of AMCL),-6.3232,-0.8790,0.3583,,
1790738692992763291,514.250,map,sim_state_odom_plus_spawn (independent of AMCL),-6.3110,-0.8746,0.3419,,
1790738693051776331,514.267,map,sim_state_odom_plus_spawn (independent of AMCL),-6.2988,-0.8705,0.3257,,
1790738693099957857,514.283,map,sim_state_odom_plus_spawn (independent of AMCL),-6.2865,-0.8666,0.3098,,
1790738693148680040,514.300,map,sim_state_odom_plus_spawn (independent of AMCL),-6.2742,-0.8629,0.2943,,
1790738693184268420,514.317,map,sim_state_odom_plus_spawn (independent of AMCL),-6.2618,-0.8594,0.2792,,
1790738693244482849,514.333,map,sim_state_odom_plus_spawn (independent of AMCL),-6.2494,-0.8560,0.2645,,
1790738693283410818,514.350,map,sim_state_odom_plus_spawn (independent of AMCL),-6.2369,-0.8528,0.2502,,
1790738693338442647,514.367,map,sim_state_odom_plus_spawn (independent of AMCL),-6.2243,-0.8498,0.2361,,
1790738693379022633,514.383,map,sim_state_odom_plus_spawn (independent of AMCL),-6.2117,-0.8470,0.2222,,
1790738693440514601,514.400,map,sim_state_odom_plus_spawn (independent of AMCL),-6.1990,-0.8443,0.2087,,
1790738693484629924,514.417,map,sim_state_odom_plus_spawn (independent of AMCL),-6.1862,-0.8418,0.1955,,
1790738693541494496,514.433,map,sim_state_odom_plus_spawn (independent of AMCL),-6.1734,-0.8394,0.1827,,
1790738693581539813,514.450,map,sim_state_odom_plus_spawn (independent of AMCL),-6.1606,-0.8372,0.1702,,
1790738693635467128,514.467,map,sim_state_odom_plus_spawn (independent of AMCL),-6.1477,-0.8352,0.1581,,
1790738693676581593,514.483,map,sim_state_odom_plus_spawn (independent of AMCL),-6.1348,-0.8333,0.1464,,
1790738693734466923,514.500,map,sim_state_odom_plus_spawn (independent of AMCL),-6.1219,-0.8316,0.1351,,
1790738693769942360,514.517,map,sim_state_odom_plus_spawn (independent of AMCL),-6.1089,-0.8300,0.1241,,
1790738693837456770,514.533,map,sim_state_odom_plus_spawn (independent of AMCL),-6.0959,-0.8285,0.1133,,
1790738693876253543,514.550,map,sim_state_odom_plus_spawn (independent of AMCL),-6.0828,-0.8271,0.1028,,
1790738693926780520,514.567,map,sim_state_odom_plus_spawn (independent of AMCL),-6.0697,-0.8259,0.0925,,
1790738693964735551,514.583,map,sim_state_odom_plus_spawn (independent of AMCL),-6.0566,-0.8248,0.0826,,
1790738694014747824,514.600,map,sim_state_odom_plus_spawn (independent of AMCL),-6.0435,-0.8239,0.0731,,
1790738694054602945,514.617,map,sim_state_odom_plus_spawn (independent of AMCL),-6.0304,-0.8231,0.0638,,
1790738694107692669,514.633,map,sim_state_odom_plus_spawn (independent of AMCL),-6.0172,-0.8223,0.0547,,
1790738694148671005,514.650,map,sim_state_odom_plus_spawn (independent of AMCL),-6.0040,-0.8217,0.0458,,
1790738694197335119,514.667,map,sim_state_odom_plus_spawn (independent of AMCL),-5.9908,-0.8212,0.0370,,
1790738694232929749,514.683,map,sim_state_odom_plus_spawn (independent of AMCL),-5.9776,-0.8209,0.0283,,
1790738694285751857,514.700,map,sim_state_odom_plus_spawn (independent of AMCL),-5.9644,-0.8206,0.0196,,
1790738694324807060,514.717,map,sim_state_odom_plus_spawn (independent of AMCL),-5.9511,-0.8205,0.0110,,
1790738694376471808,514.733,map,sim_state_odom_plus_spawn (independent of AMCL),-5.9379,-0.8204,0.0024,,
1790738694413363643,514.750,map,sim_state_odom_plus_spawn (independent of AMCL),-5.9247,-0.8205,-0.0060,,
1790738694461824597,514.767,map,sim_state_odom_plus_spawn (independent of AMCL),-5.9114,-0.8207,-0.0146,,
1790738694510717350,514.783,map,sim_state_odom_plus_spawn (independent of AMCL),-5.8982,-0.8210,-0.0231,,
1790738694554688429,514.800,map,sim_state_odom_plus_spawn (independent of AMCL),-5.8850,-0.8214,-0.0317,,
1790738694590226208,514.817,map,sim_state_odom_plus_spawn (independent of AMCL),-5.8717,-0.8220,-0.0402,,
1790738694644089406,514.833,map,sim_state_odom_plus_spawn (independent of AMCL),-5.8585,-0.8226,-0.0486,,
1790738694678599309,514.850,map,sim_state_odom_plus_spawn (independent of AMCL),-5.8453,-0.8234,-0.0568,,
1790738694732695804,514.867,map,sim_state_odom_plus_spawn (independent of AMCL),-5.8321,-0.8242,-0.0647,,
1790738694773543896,514.883,map,sim_state_odom_plus_spawn (independent of AMCL),-5.8189,-0.8252,-0.0724,,
1790738694825743973,514.900,map,sim_state_odom_plus_spawn (independent of AMCL),-5.8057,-0.8263,-0.0800,,
1790738694859849077,514.917,map,sim_state_odom_plus_spawn (independent of AMCL),-5.7925,-0.8274,-0.0874,,
1790738694912178636,514.933,map,sim_state_odom_plus_spawn (independent of AMCL),-5.7793,-0.8287,-0.0947,,
1790738694954962029,514.950,map,sim_state_odom_plus_spawn (independent of AMCL),-5.7662,-0.8300,-0.1015,,
1790738695001100946,514.967,map,sim_state_odom_plus_spawn (independent of AMCL),-5.7530,-0.8314,-0.1079,,
1790738695039285420,514.983,map,sim_state_odom_plus_spawn (independent of AMCL),-5.7398,-0.8330,-0.1137,,
1790738695087690379,515.000,map,sim_state_odom_plus_spawn (independent of AMCL),-5.7267,-0.8345,-0.1191,,
1790738695122203040,515.017,map,sim_state_odom_plus_spawn (independent of AMCL),-5.7135,-0.8362,-0.1242,,
1790738695187983782,515.033,map,sim_state_odom_plus_spawn (independent of AMCL),-5.7004,-0.8379,-0.1290,,
1790738695224072576,515.050,map,sim_state_odom_plus_spawn (independent of AMCL),-5.6872,-0.8397,-0.1333,,
1790738695275837146,515.067,map,sim_state_odom_plus_spawn (independent of AMCL),-5.6740,-0.8415,-0.1372,,
1790738695310886370,515.083,map,sim_state_odom_plus_spawn (independent of AMCL),-5.6609,-0.8433,-0.1408,,
1790738695368675119,515.100,map,sim_state_odom_plus_spawn (independent of AMCL),-5.6477,-0.8453,-0.1442,,
1790738695404264806,515.117,map,sim_state_odom_plus_spawn (independent of AMCL),-5.6345,-0.8472,-0.1474,,
1790738695460696173,515.133,map,sim_state_odom_plus_spawn (independent of AMCL),-5.6214,-0.8492,-0.1505,,
1790738695503774657,515.150,map,sim_state_odom_plus_spawn (independent of AMCL),-5.6082,-0.8512,-0.1534,,
1790738695551705037,515.167,map,sim_state_odom_plus_spawn (independent of AMCL),-5.5951,-0.8533,-0.1563,,
1790738695588320698,515.183,map,sim_state_odom_plus_spawn (independent of AMCL),-5.5819,-0.8554,-0.1592,,
1790738695640295368,515.200,map,sim_state_odom_plus_spawn (independent of AMCL),-5.5687,-0.8576,-0.1620,,
1790738695676067110,515.217,map,sim_state_odom_plus_spawn (independent of AMCL),-5.5556,-0.8598,-0.1646,,
1790738695728340865,515.233,map,sim_state_odom_plus_spawn (independent of AMCL),-5.5425,-0.8620,-0.1671,,
1790738695768143588,515.250,map,sim_state_odom_plus_spawn (independent of AMCL),-5.5293,-0.8642,-0.1695,,
1790738695816639242,515.267,map,sim_state_odom_plus_spawn (independent of AMCL),-5.5162,-0.8665,-0.1718,,
1790738695868685879,515.283,map,sim_state_odom_plus_spawn (independent of AMCL),-5.5030,-0.8688,-0.1740,,
1790738695906700658,515.300,map,sim_state_odom_plus_spawn (independent of AMCL),-5.4899,-0.8712,-0.1761,,
1790738695946007316,515.317,map,sim_state_odom_plus_spawn (independent of AMCL),-5.4768,-0.8735,-0.1782,,
1790738695998648128,515.333,map,sim_state_odom_plus_spawn (independent of AMCL),-5.4637,-0.8759,-0.1801,,
1790738696034574166,515.350,map,sim_state_odom_plus_spawn (independent of AMCL),-5.4505,-0.8783,-0.1819,,
1790738696091417273,515.367,map,sim_state_odom_plus_spawn (independent of AMCL),-5.4374,-0.8808,-0.1836,,
1790738696130331775,515.383,map,sim_state_odom_plus_spawn (independent of AMCL),-5.4243,-0.8832,-0.1851,,
1790738696178746051,515.400,map,sim_state_odom_plus_spawn (independent of AMCL),-5.4112,-0.8857,-0.1865,,
1790738696217026640,515.417,map,sim_state_odom_plus_spawn (independent of AMCL),-5.3981,-0.8882,-0.1877,,
1790738696265869102,515.433,map,sim_state_odom_plus_spawn (independent of AMCL),-5.3850,-0.8907,-0.1889,,
1790738696302758369,515.450,map,sim_state_odom_plus_spawn (independent of AMCL),-5.3719,-0.8932,-0.1900,,
1790738696355359823,515.467,map,sim_state_odom_plus_spawn (independent of AMCL),-5.3588,-0.8958,-0.1911,,
1790738696397346356,515.483,map,sim_state_odom_plus_spawn (independent of AMCL),-5.3457,-0.8983,-0.1920,,
1790738696448674088,515.500,map,sim_state_odom_plus_spawn (independent of AMCL),-5.3326,-0.9009,-0.1929,,
1790738696486445017,515.517,map,sim_state_odom_plus_spawn (independent of AMCL),-5.3195,-0.9035,-0.1936,,
1790738696551250931,515.533,map,sim_state_odom_plus_spawn (independent of AMCL),-5.3064,-0.9060,-0.1944,,
1790738696585948594,515.550,map,sim_state_odom_plus_spawn (independent of AMCL),-5.2933,-0.9086,-0.1950,,
1790738696643868822,515.567,map,sim_state_odom_plus_spawn (independent of AMCL),-5.2802,-0.9112,-0.1956,,
1790738696679978816,515.583,map,sim_state_odom_plus_spawn (independent of AMCL),-5.2671,-0.9138,-0.1961,,
1790738696736850253,515.600,map,sim_state_odom_plus_spawn (independent of AMCL),-5.2540,-0.9164,-0.1966,,
1790738696772030386,515.617,map,sim_state_odom_plus_spawn (independent of AMCL),-5.2409,-0.9190,-0.1970,,
1790738696824901168,515.633,map,sim_state_odom_plus_spawn (independent of AMCL),-5.2278,-0.9217,-0.1973,,
1790738696864783369,515.650,map,sim_state_odom_plus_spawn (independent of AMCL),-5.2147,-0.9243,-0.1976,,
1790738696919760669,515.667,map,sim_state_odom_plus_spawn (independent of AMCL),-5.2016,-0.9269,-0.1979,,
1790738696954016836,515.683,map,sim_state_odom_plus_spawn (independent of AMCL),-5.1885,-0.9295,-0.1981,,
1790738697004422028,515.700,map,sim_state_odom_plus_spawn (independent of AMCL),-5.1754,-0.9322,-0.1983,,
1790738697042370068,515.717,map,sim_state_odom_plus_spawn (independent of AMCL),-5.1624,-0.9348,-0.1984,,
1790738697096290972,515.733,map,sim_state_odom_plus_spawn (independent of AMCL),-5.1493,-0.9374,-0.1985,,
1790738697136630165,515.750,map,sim_state_odom_plus_spawn (independent of AMCL),-5.1362,-0.9401,-0.1986,,
1790738697187174251,515.767,map,sim_state_odom_plus_spawn (independent of AMCL),-5.1233,-0.9427,-0.1986,,
1790738697238767033,515.783,map,sim_state_odom_plus_spawn (independent of AMCL),-5.1107,-0.9452,-0.1986,,
1790738697277748368,515.800,map,sim_state_odom_plus_spawn (independent of AMCL),-5.0982,-0.9477,-0.1986,,
1790738697314984539,515.817,map,sim_state_odom_plus_spawn (independent of AMCL),-5.0858,-0.9502,-0.1985,,
1790738697373299680,515.833,map,sim_state_odom_plus_spawn (independent of AMCL),-5.0732,-0.9527,-0.1984,,
1790738697411541576,515.850,map,sim_state_odom_plus_spawn (independent of AMCL),-5.0605,-0.9553,-0.1984,,
1790738697462594466,515.867,map,sim_state_odom_plus_spawn (independent of AMCL),-5.0483,-0.9578,-0.1983,,
1790738697498536000,515.883,map,sim_state_odom_plus_spawn (independent of AMCL),-5.0363,-0.9602,-0.1982,,
1790738697556469062,515.900,map,sim_state_odom_plus_spawn (independent of AMCL),-5.0245,-0.9625,-0.1980,,
1790738697589481738,515.917,map,sim_state_odom_plus_spawn (independent of AMCL),-5.0130,-0.9648,-0.1978,,
1790738697654035817,515.933,map,sim_state_odom_plus_spawn (independent of AMCL),-5.0017,-0.9671,-0.1976,,
1790738697686590360,515.950,map,sim_state_odom_plus_spawn (independent of AMCL),-4.9906,-0.9693,-0.1974,,
1790738697745661197,515.967,map,sim_state_odom_plus_spawn (independent of AMCL),-4.9796,-0.9715,-0.1972,,
1790738697787574147,515.983,map,sim_state_odom_plus_spawn (independent of AMCL),-4.9685,-0.9737,-0.1969,,
1790738697841768277,516.000,map,sim_state_odom_plus_spawn (independent of AMCL),-4.9575,-0.9759,-0.1966,,
1790738697879788949,516.017,map,sim_state_odom_plus_spawn (independent of AMCL),-4.9467,-0.9781,-0.1963,,
1790738697950782940,516.033,map,sim_state_odom_plus_spawn (independent of AMCL),-4.9361,-0.9802,-0.1960,,
1790738697987621345,516.050,map,sim_state_odom_plus_spawn (independent of AMCL),-4.9257,-0.9822,-0.1957,,
1790738698045154742,516.067,map,sim_state_odom_plus_spawn (independent of AMCL),-4.9153,-0.9843,-0.1953,,
1790738698082424852,516.083,map,sim_state_odom_plus_spawn (independent of AMCL),-4.9050,-0.9863,-0.1950,,
1790738698138283433,516.100,map,sim_state_odom_plus_spawn (independent of AMCL),-4.8946,-0.9884,-0.1947,,
1790738698175358844,516.117,map,sim_state_odom_plus_spawn (independent of AMCL),-4.8845,-0.9904,-0.1944,,
1790738698226749701,516.133,map,sim_state_odom_plus_spawn (independent of AMCL),-4.8744,-0.9924,-0.1939,,
1790738698268264886,516.150,map,sim_state_odom_plus_spawn (independent of AMCL),-4.8639,-0.9944,-0.1932,,
1790738698316285295,516.167,map,sim_state_odom_plus_spawn (independent of AMCL),-4.8531,-0.9965,-0.1922,,
1790738698351497371,516.183,map,sim_state_odom_plus_spawn (independent of AMCL),-4.8421,-0.9986,-0.1910,,
1790738698402919030,516.200,map,sim_state_odom_plus_spawn (independent of AMCL),-4.8311,-1.0008,-0.1897,,
1790738698441649386,516.217,map,sim_state_odom_plus_spawn (independent of AMCL),-4.8201,-1.0029,-0.1883,,
1790738698493066577,516.233,map,sim_state_odom_plus_spawn (independent of AMCL),-4.8092,-1.0049,-0.1867,,
1790738698529846706,516.250,map,sim_state_odom_plus_spawn (independent of AMCL),-4.7987,-1.0069,-0.1851,,
1790738698579782261,516.267,map,sim_state_odom_plus_spawn (independent of AMCL),-4.7882,-1.0088,-0.1834,,
1790738698630604802,516.283,map,sim_state_odom_plus_spawn (independent of AMCL),-4.7778,-1.0107,-0.1816,,
1790738698671878989,516.300,map,sim_state_odom_plus_spawn (independent of AMCL),-4.7674,-1.0126,-0.1797,,
1790738698708452725,516.317,map,sim_state_odom_plus_spawn (independent of AMCL),-4.7572,-1.0145,-0.1778,,
1790738698760196095,516.333,map,sim_state_odom_plus_spawn (independent of AMCL),-4.7473,-1.0162,-0.1758,,
1790738698797222736,516.350,map,sim_state_odom_plus_spawn (independent of AMCL),-4.7376,-1.0179,-0.1737,,
1790738698847825479,516.367,map,sim_state_odom_plus_spawn (independent of AMCL),-4.7278,-1.0196,-0.1716,,
1790738698882502226,516.383,map,sim_state_odom_plus_spawn (independent of AMCL),-4.7181,-1.0213,-0.1694,,
1790738698930321376,516.400,map,sim_state_odom_plus_spawn (independent of AMCL),-4.7086,-1.0229,-0.1672,,
1790738698966884465,516.417,map,sim_state_odom_plus_spawn (independent of AMCL),-4.6994,-1.0244,-0.1649,,
1790738699021446128,516.433,map,sim_state_odom_plus_spawn (independent of AMCL),-4.6903,-1.0259,-0.1626,,
1790738699056660105,516.450,map,sim_state_odom_plus_spawn (independent of AMCL),-4.6812,-1.0274,-0.1603,,
1790738699111186878,516.467,map,sim_state_odom_plus_spawn (independent of AMCL),-4.6722,-1.0288,-0.1579,,
1790738699148461932,516.483,map,sim_state_odom_plus_spawn (independent of AMCL),-4.6632,-1.0302,-0.1555,,
1790738699199478031,516.500,map,sim_state_odom_plus_spawn (independent of AMCL),-4.6541,-1.0316,-0.1530,,
1790738699236720000,516.517,map,sim_state_odom_plus_spawn (independent of AMCL),-4.6453,-1.0330,-0.1504,,
1790738699312150723,516.533,map,sim_state_odom_plus_spawn (independent of AMCL),-4.6367,-1.0342,-0.1479,,
1790738699350315709,516.550,map,sim_state_odom_plus_spawn (independent of AMCL),-4.6283,-1.0355,-0.1454,,
1790738699419527839,516.567,map,sim_state_odom_plus_spawn (independent of AMCL),-4.6199,-1.0367,-0.1428,,
1790738699454307355,516.583,map,sim_state_odom_plus_spawn (independent of AMCL),-4.6116,-1.0379,-0.1402,,
1790738699520584733,516.600,map,sim_state_odom_plus_spawn (independent of AMCL),-4.6032,-1.0390,-0.1376,,
1790738699553868353,516.617,map,sim_state_odom_plus_spawn (independent of AMCL),-4.5948,-1.0402,-0.1349,,
1790738699609304547,516.633,map,sim_state_odom_plus_spawn (independent of AMCL),-4.5865,-1.0413,-0.1321,,
1790738699647872812,516.650,map,sim_state_odom_plus_spawn (independent of AMCL),-4.5783,-1.0423,-0.1293,,
1790738699697054002,516.667,map,sim_state_odom_plus_spawn (independent of AMCL),-4.5704,-1.0433,-0.1266,,
1790738699735836360,516.683,map,sim_state_odom_plus_spawn (independent of AMCL),-4.5627,-1.0443,-0.1239,,
1790738699786085640,516.700,map,sim_state_odom_plus_spawn (independent of AMCL),-4.5550,-1.0452,-0.1211,,
1790738699793829315,516.700,map,sim_state_odom_plus_spawn (independent of AMCL),-4.5473,-1.0461,-0.1183,,
1790738699835240496,516.717,map,sim_state_odom_plus_spawn (independent of AMCL),-4.5473,-1.0461,-0.1183,,
1790738699882842034,516.733,map,sim_state_odom_plus_spawn (independent of AMCL),-4.5396,-1.0470,-0.1155,,
1790738699919994925,516.750,map,sim_state_odom_plus_spawn (independent of AMCL),-4.5319,-1.0479,-0.1126,,
1790738699973720084,516.767,map,sim_state_odom_plus_spawn (independent of AMCL),-4.5244,-1.0487,-0.1097,,
1790738700021782228,516.783,map,sim_state_odom_plus_spawn (independent of AMCL),-4.5174,-1.0495,-0.1069,,
1790738700063937981,516.800,map,sim_state_odom_plus_spawn (independent of AMCL),-4.5107,-1.0502,-0.1042,,
1790738700100432051,516.817,map,sim_state_odom_plus_spawn (independent of AMCL),-4.5041,-1.0508,-0.1015,,
1790738700183318202,516.833,map,sim_state_odom_plus_spawn (independent of AMCL),-4.4973,-1.0515,-0.0987,,
1790738700219581446,516.850,map,sim_state_odom_plus_spawn (independent of AMCL),-4.4905,-1.0522,-0.0958,,
1790738700289700240,516.867,map,sim_state_odom_plus_spawn (independent of AMCL),-4.4842,-1.0528,-0.0931,,
1790738700325390414,516.883,map,sim_state_odom_plus_spawn (independent of AMCL),-4.4782,-1.0533,-0.0904,,
1790738700377797549,516.900,map,sim_state_odom_plus_spawn (independent of AMCL),-4.4725,-1.0538,-0.0878,,
1790738700412123781,516.917,map,sim_state_odom_plus_spawn (independent of AMCL),-4.4668,-1.0543,-0.0852,,
1790738700466613002,516.933,map,sim_state_odom_plus_spawn (independent of AMCL),-4.4612,-1.0547,-0.0826,,
1790738700505786185,516.950,map,sim_state_odom_plus_spawn (independent of AMCL),-4.4556,-1.0552,-0.0800,,
1790738700555000268,516.967,map,sim_state_odom_plus_spawn (independent of AMCL),-4.4500,-1.0556,-0.0773,,
1790738700589151099,516.983,map,sim_state_odom_plus_spawn (independent of AMCL),-4.4442,-1.0560,-0.0747,,
1790738700643664753,517.000,map,sim_state_odom_plus_spawn (independent of AMCL),-4.4383,-1.0565,-0.0720,,
1790738700677360778,517.017,map,sim_state_odom_plus_spawn (independent of AMCL),-4.4326,-1.0569,-0.0695,,
1790738700749710440,517.033,map,sim_state_odom_plus_spawn (independent of AMCL),-4.4268,-1.0572,-0.0670,,
1790738700789831832,517.050,map,sim_state_odom_plus_spawn (independent of AMCL),-4.4207,-1.0576,-0.0644,,
1790738700843505559,517.067,map,sim_state_odom_plus_spawn (independent of AMCL),-4.4145,-1.0580,-0.0618,,
1790738700878468652,517.083,map,sim_state_odom_plus_spawn (independent of AMCL),-4.4082,-1.0584,-0.0591,,
1790738700932915758,517.100,map,sim_state_odom_plus_spawn (independent of AMCL),-4.4022,-1.0587,-0.0564,,
1790738700968998182,517.117,map,sim_state_odom_plus_spawn (independent of AMCL),-4.3965,-1.0590,-0.0538,,
1790738701027751967,517.133,map,sim_state_odom_plus_spawn (independent of AMCL),-4.3910,-1.0593,-0.0514,,
1790738701062617425,517.150,map,sim_state_odom_plus_spawn (independent of AMCL),-4.3854,-1.0596,-0.0489,,
1790738701118759785,517.167,map,sim_state_odom_plus_spawn (independent of AMCL),-4.3798,-1.0598,-0.0465,,
1790738701157632933,517.183,map,sim_state_odom_plus_spawn (independent of AMCL),-4.3742,-1.0601,-0.0440,,
1790738701215168896,517.200,map,sim_state_odom_plus_spawn (independent of AMCL),-4.3686,-1.0603,-0.0415,,
1790738701251080768,517.217,map,sim_state_odom_plus_spawn (independent of AMCL),-4.3630,-1.0605,-0.0390,,
1790738701306238318,517.233,map,sim_state_odom_plus_spawn (independent of AMCL),-4.3574,-1.0607,-0.0365,,
1790738701342747123,517.250,map,sim_state_odom_plus_spawn (independent of AMCL),-4.3518,-1.0609,-0.0340,,
1790738701399389636,517.267,map,sim_state_odom_plus_spawn (independent of AMCL),-4.3464,-1.0611,-0.0315,,
1790738701447320110,517.283,map,sim_state_odom_plus_spawn (independent of AMCL),-4.3414,-1.0612,-0.0291,,
1790738701489120024,517.300,map,sim_state_odom_plus_spawn (independent of AMCL),-4.3368,-1.0613,-0.0269,,
1790738701527261433,517.317,map,sim_state_odom_plus_spawn (independent of AMCL),-4.3325,-1.0614,-0.0248,,
1790738701583571113,517.333,map,sim_state_odom_plus_spawn (independent of AMCL),-4.3282,-1.0615,-0.0228,,
1790738701624894355,517.350,map,sim_state_odom_plus_spawn (independent of AMCL),-4.3238,-1.0616,-0.0207,,
1790738701674684646,517.367,map,sim_state_odom_plus_spawn (independent of AMCL),-4.3191,-1.0617,-0.0185,,
1790738701712681552,517.383,map,sim_state_odom_plus_spawn (independent of AMCL),-4.3142,-1.0618,-0.0163,,
1790738701765639226,517.400,map,sim_state_odom_plus_spawn (independent of AMCL),-4.3094,-1.0618,-0.0139,,
1790738701803763428,517.417,map,sim_state_odom_plus_spawn (independent of AMCL),-4.3045,-1.0619,-0.0116,,
1790738701857225058,517.433,map,sim_state_odom_plus_spawn (independent of AMCL),-4.2996,-1.0619,-0.0093,,
1790738701895111970,517.450,map,sim_state_odom_plus_spawn (independent of AMCL),-4.2946,-1.0620,-0.0069,,
1790738701948165663,517.467,map,sim_state_odom_plus_spawn (independent of AMCL),-4.2897,-1.0620,-0.0046,,
1790738701985407062,517.483,map,sim_state_odom_plus_spawn (independent of AMCL),-4.2848,-1.0620,-0.0023,,
1790738702038607255,517.500,map,sim_state_odom_plus_spawn (independent of AMCL),-4.2799,-1.0620,0.0000,,
1790738702077040317,517.517,map,sim_state_odom_plus_spawn (independent of AMCL),-4.2750,-1.0620,0.0023,,
1790738702142634360,517.533,map,sim_state_odom_plus_spawn (independent of AMCL),-4.2703,-1.0619,0.0046,,
1790738702183894242,517.550,map,sim_state_odom_plus_spawn (independent of AMCL),-4.2660,-1.0619,0.0069,,
1790738702235873742,517.567,map,sim_state_odom_plus_spawn (independent of AMCL),-4.2621,-1.0619,0.0090,,
1790738702272431580,517.583,map,sim_state_odom_plus_spawn (independent of AMCL),-4.2585,-1.0618,0.0109,,
1790738702322821695,517.600,map,sim_state_odom_plus_spawn (independent of AMCL),-4.2547,-1.0618,0.0127,,
1790738702357265174,517.617,map,sim_state_odom_plus_spawn (independent of AMCL),-4.2507,-1.0617,0.0144,,
1790738702432650925,517.633,map,sim_state_odom_plus_spawn (independent of AMCL),-4.2466,-1.0616,0.0161,,
1790738702469503164,517.650,map,sim_state_odom_plus_spawn (independent of AMCL),-4.2424,-1.0616,0.0179,,
1790738702550001597,517.667,map,sim_state_odom_plus_spawn (independent of AMCL),-4.2382,-1.0615,0.0197,,
1790738702589907331,517.683,map,sim_state_odom_plus_spawn (independent of AMCL),-4.2340,-1.0614,0.0214,,
1790738702648416157,517.700,map,sim_state_odom_plus_spawn (independent of AMCL),-4.2298,-1.0613,0.0231,,
1790738702683593498,517.717,map,sim_state_odom_plus_spawn (independent of AMCL),-4.2256,-1.0612,0.0249,,
1790738702734736975,517.733,map,sim_state_odom_plus_spawn (independent of AMCL),-4.2214,-1.0611,0.0266,,
1790738702769570927,517.750,map,sim_state_odom_plus_spawn (independent of AMCL),-4.2172,-1.0609,0.0283,,
1790738702821316998,517.767,map,sim_state_odom_plus_spawn (independent of AMCL),-4.2130,-1.0608,0.0299,,
1790738702868409157,517.783,map,sim_state_odom_plus_spawn (independent of AMCL),-4.2088,-1.0607,0.0316,,
1790738702907385364,517.800,map,sim_state_odom_plus_spawn (independent of AMCL),-4.2048,-1.0605,0.0331,,
1790738702941856808,517.817,map,sim_state_odom_plus_spawn (independent of AMCL),-4.2011,-1.0604,0.0345,,
1790738702997388809,517.833,map,sim_state_odom_plus_spawn (independent of AMCL),-4.1976,-1.0603,0.0358,,
1790738703035374230,517.850,map,sim_state_odom_plus_spawn (independent of AMCL),-4.1940,-1.0601,0.0370,,
1790738703118407745,517.867,map,sim_state_odom_plus_spawn (independent of AMCL),-4.1905,-1.0600,0.0382,,
1790738703153063535,517.883,map,sim_state_odom_plus_spawn (independent of AMCL),-4.1870,-1.0599,0.0394,,
1790738703901644474,517.900,map,sim_state_odom_plus_spawn (independent of AMCL),-4.1835,-1.0597,0.0406,,
1790738703938465989,517.917,map,sim_state_odom_plus_spawn (independent of AMCL),-4.1800,-1.0596,0.0417,,
1790738704857543746,517.933,map,sim_state_odom_plus_spawn (independent of AMCL),-4.1765,-1.0594,0.0428,,
1790738704897088112,517.950,map,sim_state_odom_plus_spawn (independent of AMCL),-4.1730,-1.0593,0.0439,,
1790738704946552410,517.967,map,sim_state_odom_plus_spawn (independent of AMCL),-4.1695,-1.0591,0.0450,,
1790738704985945058,517.983,map,sim_state_odom_plus_spawn (independent of AMCL),-4.1660,-1.0590,0.0461,,
1790738705035647255,518.000,map,sim_state_odom_plus_spawn (independent of AMCL),-4.1625,-1.0588,0.0472,,
1790738705073127581,518.017,map,sim_state_odom_plus_spawn (independent of AMCL),-4.1590,-1.0586,0.0483,,
1790738705132939857,518.033,map,sim_state_odom_plus_spawn (independent of AMCL),-4.1555,-1.0584,0.0493,,
1790738705169667392,518.050,map,sim_state_odom_plus_spawn (independent of AMCL),-4.1520,-1.0583,0.0503,,
1790738705222335856,518.067,map,sim_state_odom_plus_spawn (independent of AMCL),-4.1485,-1.0581,0.0514,,
1790738705258861068,518.083,map,sim_state_odom_plus_spawn (independent of AMCL),-4.1450,-1.0579,0.0524,,
1790738705307007649,518.100,map,sim_state_odom_plus_spawn (independent of AMCL),-4.1417,-1.0577,0.0534,,
1790738705350203918,518.117,map,sim_state_odom_plus_spawn (independent of AMCL),-4.1387,-1.0576,0.0543,,
1790738705398442386,518.133,map,sim_state_odom_plus_spawn (independent of AMCL),-4.1358,-1.0574,0.0553,,
1790738705438659071,518.150,map,sim_state_odom_plus_spawn (independent of AMCL),-4.1330,-1.0572,0.0561,,
1790738705487269749,518.167,map,sim_state_odom_plus_spawn (independent of AMCL),-4.1302,-1.0571,0.0570,,
1790738705524472035,518.183,map,sim_state_odom_plus_spawn (independent of AMCL),-4.1274,-1.0569,0.0578,,
1790738705577517656,518.200,map,sim_state_odom_plus_spawn (independent of AMCL),-4.1246,-1.0567,0.0587,,
1790738705614866239,518.217,map,sim_state_odom_plus_spawn (independent of AMCL),-4.1218,-1.0566,0.0595,,
1790738705666016755,518.233,map,sim_state_odom_plus_spawn (independent of AMCL),-4.1190,-1.0564,0.0603,,
1790738705706034256,518.250,map,sim_state_odom_plus_spawn (independent of AMCL),-4.1162,-1.0562,0.0610,,
1790738705753241702,518.267,map,sim_state_odom_plus_spawn (independent of AMCL),-4.1134,-1.0561,0.0617,,
1790738705803179134,518.283,map,sim_state_odom_plus_spawn (independent of AMCL),-4.1106,-1.0559,0.0624,,
1790738705841230950,518.300,map,sim_state_odom_plus_spawn (independent of AMCL),-4.1078,-1.0557,0.0631,,
1790738705876798860,518.317,map,sim_state_odom_plus_spawn (independent of AMCL),-4.1050,-1.0555,0.0638,,
1790738705934274667,518.333,map,sim_state_odom_plus_spawn (independent of AMCL),-4.1022,-1.0553,0.0645,,
1790738705971110736,518.350,map,sim_state_odom_plus_spawn (independent of AMCL),-4.0994,-1.0552,0.0652,,
1790738706025023579,518.367,map,sim_state_odom_plus_spawn (independent of AMCL),-4.0966,-1.0550,0.0659,,
1790738706059817390,518.383,map,sim_state_odom_plus_spawn (independent of AMCL),-4.0938,-1.0548,0.0665,,
1790738706109902355,518.400,map,sim_state_odom_plus_spawn (independent of AMCL),-4.0910,-1.0546,0.0672,,
1790738706158428851,518.417,map,sim_state_odom_plus_spawn (independent of AMCL),-4.0882,-1.0544,0.0678,,
1790738706213846706,518.433,map,sim_state_odom_plus_spawn (independent of AMCL),-4.0854,-1.0542,0.0684,,
1790738706249887273,518.450,map,sim_state_odom_plus_spawn (independent of AMCL),-4.0826,-1.0540,0.0691,,
1790738706300418454,518.467,map,sim_state_odom_plus_spawn (independent of AMCL),-4.0800,-1.0538,0.0698,,
1790738706338049262,518.483,map,sim_state_odom_plus_spawn (independent of AMCL),-4.0778,-1.0537,0.0704,,
1790738706391335064,518.500,map,sim_state_odom_plus_spawn (independent of AMCL),-4.0762,-1.0536,0.0709,,
1790738706427095500,518.517,map,sim_state_odom_plus_spawn (independent of AMCL),-4.0751,-1.0535,0.0712,,
1790738706490954718,518.533,map,sim_state_odom_plus_spawn (independent of AMCL),-4.0745,-1.0534,0.0714,,
1790738706525037971,518.550,map,sim_state_odom_plus_spawn (independent of AMCL),-4.0743,-1.0534,0.0715,,
1790738706585332228,518.567,map,sim_state_odom_plus_spawn (independent of AMCL),-4.0742,-1.0534,0.0715,,
1790738706622125396,518.583,map,sim_state_odom_plus_spawn (independent of AMCL),-4.0742,-1.0534,0.0715,,
1790738706689826094,518.600,map,sim_state_odom_plus_spawn (independent of AMCL),-4.0741,-1.0534,0.0715,,
1790738706727511027,518.617,map,sim_state_odom_plus_spawn (independent of AMCL),-4.0741,-1.0534,0.0715,,
1790738706783165924,518.633,map,sim_state_odom_plus_spawn (independent of AMCL),-4.0741,-1.0534,0.0715,,
1790738706824979223,518.650,map,sim_state_odom_plus_spawn (independent of AMCL),-4.0741,-1.0534,0.0715,,
1790738706879886371,518.667,map,sim_state_odom_plus_spawn (independent of AMCL),-4.0741,-1.0534,0.0715,,
1790738706925510901,518.683,map,sim_state_odom_plus_spawn (independent of AMCL),-4.0740,-1.0534,0.0715,,
1790738706974996316,518.700,map,sim_state_odom_plus_spawn (independent of AMCL),-4.0740,-1.0534,0.0715,,
1790738707009507901,518.717,map,sim_state_odom_plus_spawn (independent of AMCL),-4.0740,-1.0534,0.0715,,
1790738707068838482,518.733,map,sim_state_odom_plus_spawn (independent of AMCL),-4.0740,-1.0534,0.0715,,
1790738707138142071,518.750,map,sim_state_odom_plus_spawn (independent of AMCL),-4.0740,-1.0534,0.0715,,
1790738707187013002,518.767,map,sim_state_odom_plus_spawn (independent of AMCL),-4.0740,-1.0534,0.0715,,
1790738707261152090,518.783,map,sim_state_odom_plus_spawn (independent of AMCL),-4.0739,-1.0534,0.0716,,
1790738707321924617,518.800,map,sim_state_odom_plus_spawn (independent of AMCL),-4.0739,-1.0534,0.0716,,
1790738707370637455,518.817,map,sim_state_odom_plus_spawn (independent of AMCL),-4.0739,-1.0534,0.0716,,
1790738707430215637,518.833,map,sim_state_odom_plus_spawn (independent of AMCL),-4.0739,-1.0534,0.0716,,
1790738707480625918,518.850,map,sim_state_odom_plus_spawn (independent of AMCL),-4.0739,-1.0534,0.0716,,
1790738707537060716,518.867,map,sim_state_odom_plus_spawn (independent of AMCL),-4.0739,-1.0534,0.0716,,
1790738707572878890,518.883,map,sim_state_odom_plus_spawn (independent of AMCL),-4.0738,-1.0534,0.0716,,
1790738707624564559,518.900,map,sim_state_odom_plus_spawn (independent of AMCL),-4.0738,-1.0534,0.0716,,
1790738707664958551,518.917,map,sim_state_odom_plus_spawn (independent of AMCL),-4.0738,-1.0534,0.0716,,
1790738707722971319,518.933,map,sim_state_odom_plus_spawn (independent of AMCL),-4.0738,-1.0534,0.0716,,
1790738707758993338,518.950,map,sim_state_odom_plus_spawn (independent of AMCL),-4.0738,-1.0534,0.0716,,
1790738707810761097,518.967,map,sim_state_odom_plus_spawn (independent of AMCL),-4.0738,-1.0534,0.0716,,
1790738707850287486,518.983,map,sim_state_odom_plus_spawn (independent of AMCL),-4.0737,-1.0534,0.0716,,
1790738707899874015,519.000,map,sim_state_odom_plus_spawn (independent of AMCL),-4.0737,-1.0534,0.0716,,
1790738707934708538,519.017,map,sim_state_odom_plus_spawn (independent of AMCL),-4.0737,-1.0534,0.0716,,
1790738707999917529,519.033,map,sim_state_odom_plus_spawn (independent of AMCL),-4.0737,-1.0534,0.0716,,
1790738708035643245,519.050,map,sim_state_odom_plus_spawn (independent of AMCL),-4.0737,-1.0534,0.0716,,
1790738708087871678,519.067,map,sim_state_odom_plus_spawn (independent of AMCL),-4.0736,-1.0534,0.0716,,
1790738708127883757,519.083,map,sim_state_odom_plus_spawn (independent of AMCL),-4.0736,-1.0534,0.0716,,
1790738708180348471,519.100,map,sim_state_odom_plus_spawn (independent of AMCL),-4.0736,-1.0534,0.0717,,
1790738708217900328,519.117,map,sim_state_odom_plus_spawn (independent of AMCL),-4.0736,-1.0534,0.0716,,
1790738708271254142,519.133,map,sim_state_odom_plus_spawn (independent of AMCL),-4.0736,-1.0534,0.0717,,
1790738708311272975,519.150,map,sim_state_odom_plus_spawn (independent of AMCL),-4.0736,-1.0534,0.0717,,
1790738708360382660,519.167,map,sim_state_odom_plus_spawn (independent of AMCL),-4.0735,-1.0534,0.0717,,
1790738708402803975,519.183,map,sim_state_odom_plus_spawn (independent of AMCL),-4.0735,-1.0534,0.0717,,
1790738708451129194,519.200,map,sim_state_odom_plus_spawn (independent of AMCL),-4.0735,-1.0534,0.0717,,
1790738708490870367,519.217,map,sim_state_odom_plus_spawn (independent of AMCL),-4.0735,-1.0534,0.0717,,
1790738708548667495,519.233,map,sim_state_odom_plus_spawn (independent of AMCL),-4.0735,-1.0534,0.0717,,
1790738708582448167,519.250,map,sim_state_odom_plus_spawn (independent of AMCL),-4.0735,-1.0534,0.0717,,
1790738708649461327,519.267,map,sim_state_odom_plus_spawn (independent of AMCL),-4.0734,-1.0534,0.0717,,
1790738708697903450,519.283,map,sim_state_odom_plus_spawn (independent of AMCL),-4.0734,-1.0534,0.0717,,
1790738708765731040,519.300,map,sim_state_odom_plus_spawn (independent of AMCL),-4.0734,-1.0534,0.0717,,
1790738708815882210,519.317,map,sim_state_odom_plus_spawn (independent of AMCL),-4.0734,-1.0534,0.0717,,
1790738708878639731,519.333,map,sim_state_odom_plus_spawn (independent of AMCL),-4.0734,-1.0534,0.0717,,
1790738708914068858,519.350,map,sim_state_odom_plus_spawn (independent of AMCL),-4.0734,-1.0534,0.0717,,
1790738708966199981,519.367,map,sim_state_odom_plus_spawn (independent of AMCL),-4.0733,-1.0534,0.0717,,
1790738709003827746,519.383,map,sim_state_odom_plus_spawn (independent of AMCL),-4.0733,-1.0534,0.0717,,
1790738709062333528,519.400,map,sim_state_odom_plus_spawn (independent of AMCL),-4.0733,-1.0534,0.0717,,
1790738709097110788,519.417,map,sim_state_odom_plus_spawn (independent of AMCL),-4.0733,-1.0534,0.0717,,
1790738709153562328,519.433,map,sim_state_odom_plus_spawn (independent of AMCL),-4.0733,-1.0534,0.0718,,
1790738709186592301,519.450,map,sim_state_odom_plus_spawn (independent of AMCL),-4.0733,-1.0534,0.0718,,
1790738709243040417,519.467,map,sim_state_odom_plus_spawn (independent of AMCL),-4.0732,-1.0534,0.0718,,
1790738709277635519,519.483,map,sim_state_odom_plus_spawn (independent of AMCL),-4.0732,-1.0533,0.0718,,
1790738709333292414,519.500,map,sim_state_odom_plus_spawn (independent of AMCL),-4.0732,-1.0533,0.0718,,
1790738709372083799,519.517,map,sim_state_odom_plus_spawn (independent of AMCL),-4.0732,-1.0533,0.0718,,
1790738709437177598,519.533,map,sim_state_odom_plus_spawn (independent of AMCL),-4.0732,-1.0533,0.0718,,
1790738709475015962,519.550,map,sim_state_odom_plus_spawn (independent of AMCL),-4.0731,-1.0533,0.0718,,
1790738709523795385,519.567,map,sim_state_odom_plus_spawn (independent of AMCL),-4.0731,-1.0533,0.0718,,
1790738709561308529,519.583,map,sim_state_odom_plus_spawn (independent of AMCL),-4.0731,-1.0533,0.0718,,
1790738709613910503,519.600,map,sim_state_odom_plus_spawn (independent of AMCL),-4.0731,-1.0533,0.0718,,
1790738709657757403,519.617,map,sim_state_odom_plus_spawn (independent of AMCL),-4.0731,-1.0533,0.0718,,
1790738709707109743,519.633,map,sim_state_odom_plus_spawn (independent of AMCL),-4.0731,-1.0533,0.0718,,
1790738709745513794,519.650,map,sim_state_odom_plus_spawn (independent of AMCL),-4.0730,-1.0533,0.0718,,
1790738709797783604,519.667,map,sim_state_odom_plus_spawn (independent of AMCL),-4.0730,-1.0533,0.0718,,
1790738709836387315,519.683,map,sim_state_odom_plus_spawn (independent of AMCL),-4.0730,-1.0533,0.0718,,
1790738709893802149,519.700,map,sim_state_odom_plus_spawn (independent of AMCL),-4.0730,-1.0533,0.0718,,
1790738709927322474,519.717,map,sim_state_odom_plus_spawn (independent of AMCL),-4.0730,-1.0533,0.0718,,
1790738709983374313,519.733,map,sim_state_odom_plus_spawn (independent of AMCL),-4.0730,-1.0533,0.0719,,
1790738710020191738,519.750,map,sim_state_odom_plus_spawn (independent of AMCL),-4.0729,-1.0533,0.0719,,
1790738710073281876,519.767,map,sim_state_odom_plus_spawn (independent of AMCL),-4.0729,-1.0533,0.0719,,
1790738710118620946,519.783,map,sim_state_odom_plus_spawn (independent of AMCL),-4.0729,-1.0533,0.0719,,
1790738710166673737,519.800,map,sim_state_odom_plus_spawn (independent of AMCL),-4.0729,-1.0533,0.0719,,
1790738710203075101,519.817,map,sim_state_odom_plus_spawn (independent of AMCL),-4.0729,-1.0533,0.0719,,
1790738710254026242,519.833,map,sim_state_odom_plus_spawn (independent of AMCL),-4.0728,-1.0533,0.0719,,
1790738710291637741,519.850,map,sim_state_odom_plus_spawn (independent of AMCL),-4.0728,-1.0533,0.0719,,
1790738710351681542,519.867,map,sim_state_odom_plus_spawn (independent of AMCL),-4.0728,-1.0533,0.0719,,
1790738710388630520,519.883,map,sim_state_odom_plus_spawn (independent of AMCL),-4.0728,-1.0533,0.0719,,
1790738710449068410,519.900,map,sim_state_odom_plus_spawn (independent of AMCL),-4.0728,-1.0533,0.0719,,
1790738710495049931,519.917,map,sim_state_odom_plus_spawn (independent of AMCL),-4.0728,-1.0533,0.0719,,
1790738710546467928,519.933,map,sim_state_odom_plus_spawn (independent of AMCL),-4.0727,-1.0533,0.0719,,
1790738710581904284,519.950,map,sim_state_odom_plus_spawn (independent of AMCL),-4.0727,-1.0533,0.0719,,
1790738710637267825,519.967,map,sim_state_odom_plus_spawn (independent of AMCL),-4.0727,-1.0533,0.0719,,
1790738710675270463,519.983,map,sim_state_odom_plus_spawn (independent of AMCL),-4.0727,-1.0533,0.0719,,
1790738710734700446,520.000,map,sim_state_odom_plus_spawn (independent of AMCL),-4.0727,-1.0533,0.0719,,
1790738710773476611,520.017,map,sim_state_odom_plus_spawn (independent of AMCL),-4.0727,-1.0533,0.0719,,
1790738710841495300,520.033,map,sim_state_odom_plus_spawn (independent of AMCL),-4.0726,-1.0533,0.0719,,
1790738710877224726,520.050,map,sim_state_odom_plus_spawn (independent of AMCL),-4.0726,-1.0533,0.0720,,
1790738710932414004,520.067,map,sim_state_odom_plus_spawn (independent of AMCL),-4.0726,-1.0533,0.0720,,
1790738710968517637,520.083,map,sim_state_odom_plus_spawn (independent of AMCL),-4.0726,-1.0533,0.0720,,
1790738711017979462,520.100,map,sim_state_odom_plus_spawn (independent of AMCL),-4.0726,-1.0533,0.0720,,
1790738711057018258,520.117,map,sim_state_odom_plus_spawn (independent of AMCL),-4.0726,-1.0533,0.0720,,
1790738711110634703,520.133,map,sim_state_odom_plus_spawn (independent of AMCL),-4.0725,-1.0533,0.0720,,
1790738711148754340,520.150,map,sim_state_odom_plus_spawn (independent of AMCL),-4.0725,-1.0533,0.0720,,
1790738711200450283,520.167,map,sim_state_odom_plus_spawn (independent of AMCL),-4.0725,-1.0533,0.0720,,
1790738711238415253,520.183,map,sim_state_odom_plus_spawn (independent of AMCL),-4.0725,-1.0533,0.0720,,
1790738711296380936,520.200,map,sim_state_odom_plus_spawn (independent of AMCL),-4.0725,-1.0533,0.0720,,
1790738711340738448,520.217,map,sim_state_odom_plus_spawn (independent of AMCL),-4.0724,-1.0533,0.0720,,
1790738711393351932,520.233,map,sim_state_odom_plus_spawn (independent of AMCL),-4.0724,-1.0533,0.0720,,
1790738711436666057,520.250,map,sim_state_odom_plus_spawn (independent of AMCL),-4.0724,-1.0533,0.0720,,
1790738711486848617,520.267,map,sim_state_odom_plus_spawn (independent of AMCL),-4.0724,-1.0533,0.0720,,
1790738711542350369,520.283,map,sim_state_odom_plus_spawn (independent of AMCL),-4.0724,-1.0533,0.0720,,
1790738711581931358,520.300,map,sim_state_odom_plus_spawn (independent of AMCL),-4.0724,-1.0533,0.0720,,
1790738711624528441,520.317,map,sim_state_odom_plus_spawn (independent of AMCL),-4.0723,-1.0533,0.0720,,
1790738711674854096,520.333,map,sim_state_odom_plus_spawn (independent of AMCL),-4.0723,-1.0533,0.0720,,
1790738711716642875,520.350,map,sim_state_odom_plus_spawn (independent of AMCL),-4.0723,-1.0533,0.0720,,
1790738711769387238,520.367,map,sim_state_odom_plus_spawn (independent of AMCL),-4.0723,-1.0533,0.0721,,
1790738711813391607,520.383,map,sim_state_odom_plus_spawn (independent of AMCL),-4.0723,-1.0533,0.0721,,
1790738711862494559,520.400,map,sim_state_odom_plus_spawn (independent of AMCL),-4.0723,-1.0533,0.0721,,
1790738711958504255,520.417,map,sim_state_odom_plus_spawn (independent of AMCL),-4.0722,-1.0533,0.0721,,
1790738712015618141,520.433,map,sim_state_odom_plus_spawn (independent of AMCL),-4.0722,-1.0533,0.0721,,
1790738712055694186,520.450,map,sim_state_odom_plus_spawn (independent of AMCL),-4.0722,-1.0533,0.0721,,
1790738712104868962,520.467,map,sim_state_odom_plus_spawn (independent of AMCL),-4.0722,-1.0533,0.0721,,
1790738712148411611,520.483,map,sim_state_odom_plus_spawn (independent of AMCL),-4.0722,-1.0533,0.0721,,
1790738664436661556,505.450,map,tf map->odom (AMCL) + odom->base_link (estimate),-6.2366,-0.9999,3.1406,,
1790738664519619084,505.467,map,tf map->odom (AMCL) + odom->base_link (estimate),-6.2366,-0.9999,3.1406,,
1790738664586973130,505.483,map,tf map->odom (AMCL) + odom->base_link (estimate),-6.2366,-0.9999,3.1406,,
1790738664651951412,505.500,map,tf map->odom (AMCL) + odom->base_link (estimate),-6.2366,-0.9999,3.1406,,
1790738664746401936,505.517,map,tf map->odom (AMCL) + odom->base_link (estimate),-6.2367,-0.9999,3.1406,,
1790738664834541203,505.533,map,tf map->odom (AMCL) + odom->base_link (estimate),-6.2367,-0.9999,3.1406,,
1790738664877659876,505.550,map,tf map->odom (AMCL) + odom->base_link (estimate),-6.2367,-0.9999,3.1406,,
1790738664934668694,505.567,map,tf map->odom (AMCL) + odom->base_link (estimate),-6.2367,-0.9999,3.1406,,
1790738665019448966,505.583,map,tf map->odom (AMCL) + odom->base_link (estimate),-6.2367,-0.9999,3.1406,,
1790738665090551536,505.600,map,tf map->odom (AMCL) + odom->base_link (estimate),-6.2368,-0.9999,3.1406,,
1790738665153700706,505.617,map,tf map->odom (AMCL) + odom->base_link (estimate),-6.2368,-0.9999,3.1406,,
1790738665217758967,505.633,map,tf map->odom (AMCL) + odom->base_link (estimate),-6.2368,-0.9999,3.1406,,
1790738665300102546,505.650,map,tf map->odom (AMCL) + odom->base_link (estimate),-6.2368,-0.9999,3.1406,,
1790738665377039490,505.667,map,tf map->odom (AMCL) + odom->base_link (estimate),-6.2368,-0.9999,3.1406,,
1790738665434768338,505.683,map,tf map->odom (AMCL) + odom->base_link (estimate),-6.2368,-0.9999,3.1406,,
1790738665487998121,505.700,map,tf map->odom (AMCL) + odom->base_link (estimate),-6.2369,-0.9999,3.1406,,
1790738665551494901,505.717,map,tf map->odom (AMCL) + odom->base_link (estimate),-6.2369,-0.9999,3.1406,,
1790738665607684835,505.733,map,tf map->odom (AMCL) + odom->base_link (estimate),-6.2369,-0.9999,3.1406,,
1790738665657216282,505.750,map,tf map->odom (AMCL) + odom->base_link (estimate),-6.2369,-0.9999,3.1406,,
1790738665714683163,505.767,map,tf map->odom (AMCL) + odom->base_link (estimate),-6.2369,-0.9999,3.1406,,
1790738665790476045,505.783,map,tf map->odom (AMCL) + odom->base_link (estimate),-6.2370,-0.9999,3.1406,,
1790738665855837107,505.800,map,tf map->odom (AMCL) + odom->base_link (estimate),-6.2370,-0.9999,3.1406,,
1790738665946796322,505.817,map,tf map->odom (AMCL) + odom->base_link (estimate),-6.2370,-0.9999,3.1406,,
1790738666015431972,505.833,map,tf map->odom (AMCL) + odom->base_link (estimate),-6.2370,-0.9999,3.1406,,
1790738666084224079,505.850,map,tf map->odom (AMCL) + odom->base_link (estimate),-6.2370,-0.9999,3.1406,,
1790738666159155873,505.867,map,tf map->odom (AMCL) + odom->base_link (estimate),-6.2370,-0.9999,3.1406,,
1790738666257108924,505.883,map,tf map->odom (AMCL) + odom->base_link (estimate),-6.2371,-0.9999,3.1406,,
1790738666330589918,505.900,map,tf map->odom (AMCL) + odom->base_link (estimate),-6.2371,-0.9999,3.1406,,
1790738666406985629,505.917,map,tf map->odom (AMCL) + odom->base_link (estimate),-6.2371,-0.9999,3.1406,,
1790738666482043844,505.933,map,tf map->odom (AMCL) + odom->base_link (estimate),-6.2371,-0.9999,3.1406,,
1790738666536338889,505.950,map,tf map->odom (AMCL) + odom->base_link (estimate),-6.2371,-0.9999,3.1406,,
1790738666584873226,505.967,map,tf map->odom (AMCL) + odom->base_link (estimate),-6.2372,-0.9999,3.1406,,
1790738666635956324,505.983,map,tf map->odom (AMCL) + odom->base_link (estimate),-6.2372,-0.9999,3.1406,,
1790738666691558163,506.000,map,tf map->odom (AMCL) + odom->base_link (estimate),-6.2372,-0.9999,3.1406,,
1790738666766121910,506.017,map,tf map->odom (AMCL) + odom->base_link (estimate),-6.2372,-0.9999,3.1406,,
1790738666855977556,506.033,map,tf map->odom (AMCL) + odom->base_link (estimate),-6.2372,-0.9999,3.1406,,
1790738666935479325,506.050,map,tf map->odom (AMCL) + odom->base_link (estimate),-6.2373,-0.9999,3.1406,,
1790738666986682475,506.067,map,tf map->odom (AMCL) + odom->base_link (estimate),-6.2373,-0.9999,3.1406,,
1790738667034671111,506.083,map,tf map->odom (AMCL) + odom->base_link (estimate),-6.2373,-0.9999,3.1406,,
1790738667113922794,506.100,map,tf map->odom (AMCL) + odom->base_link (estimate),-6.2373,-0.9999,3.1406,,
1790738667168080297,506.117,map,tf map->odom (AMCL) + odom->base_link (estimate),-6.2373,-0.9999,3.1406,,
1790738667223376730,506.133,map,tf map->odom (AMCL) + odom->base_link (estimate),-6.2373,-0.9999,3.1406,,
1790738667278588660,506.150,map,tf map->odom (AMCL) + odom->base_link (estimate),-6.2374,-0.9999,3.1406,,
1790738667339179945,506.167,map,tf map->odom (AMCL) + odom->base_link (estimate),-6.2374,-0.9999,3.1406,,
1790738667402944776,506.183,map,tf map->odom (AMCL) + odom->base_link (estimate),-6.2374,-0.9999,3.1406,,
1790738667452741707,506.200,map,tf map->odom (AMCL) + odom->base_link (estimate),-6.2374,-0.9999,3.1406,,
1790738667506820221,506.217,map,tf map->odom (AMCL) + odom->base_link (estimate),-6.2374,-0.9999,3.1406,,
1790738667578866290,506.233,map,tf map->odom (AMCL) + odom->base_link (estimate),-6.2375,-0.9999,3.1406,,
1790738667635110689,506.250,map,tf map->odom (AMCL) + odom->base_link (estimate),-6.2375,-0.9999,3.1406,,
1790738667727407875,506.267,map,tf map->odom (AMCL) + odom->base_link (estimate),-6.2375,-0.9999,3.1406,,
1790738667780879664,506.283,map,tf map->odom (AMCL) + odom->base_link (estimate),-6.2375,-0.9999,3.1406,,
1790738667823584284,506.300,map,tf map->odom (AMCL) + odom->base_link (estimate),-6.2375,-0.9999,3.1406,,
1790738667865354434,506.317,map,tf map->odom (AMCL) + odom->base_link (estimate),-6.2375,-0.9999,3.1406,,
1790738667927888799,506.333,map,tf map->odom (AMCL) + odom->base_link (estimate),-6.2376,-0.9999,3.1406,,
1790738667964169143,506.350,map,tf map->odom (AMCL) + odom->base_link (estimate),-6.2376,-0.9999,3.1406,,
1790738668020648135,506.367,map,tf map->odom (AMCL) + odom->base_link (estimate),-6.2376,-0.9999,3.1406,,
1790738668058784205,506.383,map,tf map->odom (AMCL) + odom->base_link (estimate),-6.2376,-0.9999,3.1406,,
1790738668112147728,506.400,map,tf map->odom (AMCL) + odom->base_link (estimate),-6.2376,-0.9999,3.1406,,
1790738668153121521,506.417,map,tf map->odom (AMCL) + odom->base_link (estimate),-6.2377,-0.9999,3.1406,,
1790738668204155857,506.433,map,tf map->odom (AMCL) + odom->base_link (estimate),-6.2377,-0.9999,3.1406,,
1790738668243824663,506.450,map,tf map->odom (AMCL) + odom->base_link (estimate),-6.2377,-0.9999,3.1406,,
1790738668299378119,506.467,map,tf map->odom (AMCL) + odom->base_link (estimate),-6.2377,-0.9999,3.1406,,
1790738668340142986,506.483,map,tf map->odom (AMCL) + odom->base_link (estimate),-6.2377,-0.9999,3.1406,,
1790738668394482611,506.500,map,tf map->odom (AMCL) + odom->base_link (estimate),-6.2378,-0.9999,3.1406,,
1790738668435814280,506.517,map,tf map->odom (AMCL) + odom->base_link (estimate),-6.2378,-0.9999,3.1406,,
1790738668498877826,506.533,map,tf map->odom (AMCL) + odom->base_link (estimate),-6.2378,-0.9999,3.1406,,
1790738668535944276,506.550,map,tf map->odom (AMCL) + odom->base_link (estimate),-6.2378,-0.9999,3.1406,,
1790738668587773689,506.567,map,tf map->odom (AMCL) + odom->base_link (estimate),-6.2378,-0.9999,3.1406,,
1790738668626604940,506.583,map,tf map->odom (AMCL) + odom->base_link (estimate),-6.2378,-0.9999,3.1406,,
1790738668691470277,506.600,map,tf map->odom (AMCL) + odom->base_link (estimate),-6.2379,-0.9999,3.1406,,
1790738668744443723,506.617,map,tf map->odom (AMCL) + odom->base_link (estimate),-6.2379,-0.9999,3.1406,,
1790738668797287328,506.633,map,tf map->odom (AMCL) + odom->base_link (estimate),-6.2379,-0.9999,3.1406,,
1790738668838172553,506.650,map,tf map->odom (AMCL) + odom->base_link (estimate),-6.2379,-0.9999,3.1406,,
1790738668891357171,506.667,map,tf map->odom (AMCL) + odom->base_link (estimate),-6.2379,-0.9999,3.1406,,
1790738668927913005,506.683,map,tf map->odom (AMCL) + odom->base_link (estimate),-6.2380,-0.9999,3.1406,,
1790738668983204104,506.700,map,tf map->odom (AMCL) + odom->base_link (estimate),-6.2380,-0.9999,3.1406,,
1790738669022000160,506.717,map,tf map->odom (AMCL) + odom->base_link (estimate),-6.2380,-0.9999,3.1406,,
1790738669074889329,506.733,map,tf map->odom (AMCL) + odom->base_link (estimate),-6.2380,-0.9999,3.1406,,
1790738669112670812,506.750,map,tf map->odom (AMCL) + odom->base_link (estimate),-6.2380,-0.9999,3.1406,,
1790738669168271914,506.767,map,tf map->odom (AMCL) + odom->base_link (estimate),-6.2380,-0.9999,3.1406,,
1790738669216782418,506.783,map,tf map->odom (AMCL) + odom->base_link (estimate),-6.2381,-0.9999,3.1406,,
1790738669257269937,506.800,map,tf map->odom (AMCL) + odom->base_link (estimate),-6.2381,-0.9999,3.1406,,
1790738669299696902,506.817,map,tf map->odom (AMCL) + odom->base_link (estimate),-6.2381,-0.9999,3.1406,,
1790738669350891755,506.833,map,tf map->odom (AMCL) + odom->base_link (estimate),-6.2381,-0.9999,3.1406,,
1790738669386291569,506.850,map,tf map->odom (AMCL) + odom->base_link (estimate),-6.2381,-0.9999,3.1406,,
1790738669439383728,506.867,map,tf map->odom (AMCL) + odom->base_link (estimate),-6.2382,-0.9999,3.1406,,
1790738669475664659,506.883,map,tf map->odom (AMCL) + odom->base_link (estimate),-6.2382,-0.9999,3.1406,,
1790738669529776623,506.900,map,tf map->odom (AMCL) + odom->base_link (estimate),-6.2382,-0.9999,3.1406,,
1790738669568835407,506.917,map,tf map->odom (AMCL) + odom->base_link (estimate),-6.2382,-0.9999,3.1406,,
1790738669625619068,506.933,map,tf map->odom (AMCL) + odom->base_link (estimate),-6.2382,-0.9999,3.1406,,
1790738669660812562,506.950,map,tf map->odom (AMCL) + odom->base_link (estimate),-6.2382,-0.9999,3.1406,,
1790738669717843635,506.967,map,tf map->odom (AMCL) + odom->base_link (estimate),-6.2383,-0.9999,3.1406,,
1790738669757884366,506.983,map,tf map->odom (AMCL) + odom->base_link (estimate),-6.2383,-0.9999,3.1406,,
1790738669807564778,507.000,map,tf map->odom (AMCL) + odom->base_link (estimate),-6.2383,-0.9999,3.1406,,
1790738669847598944,507.017,map,tf map->odom (AMCL) + odom->base_link (estimate),-6.2383,-0.9999,3.1406,,
1790738669914495615,507.033,map,tf map->odom (AMCL) + odom->base_link (estimate),-6.2383,-0.9999,3.1406,,
1790738669953531664,507.050,map,tf map->odom (AMCL) + odom->base_link (estimate),-6.2384,-0.9999,3.1406,,
1790738670004348311,507.067,map,tf map->odom (AMCL) + odom->base_link (estimate),-6.2384,-0.9999,3.1406,,
1790738670043824967,507.083,map,tf map->odom (AMCL) + odom->base_link (estimate),-6.2384,-0.9999,3.1406,,
1790738670099044438,507.100,map,tf map->odom (AMCL) + odom->base_link (estimate),-6.2384,-0.9999,3.1406,,
1790738670136908392,507.117,map,tf map->odom (AMCL) + odom->base_link (estimate),-6.2384,-0.9999,3.1406,,
1790738670198153569,507.133,map,tf map->odom (AMCL) + odom->base_link (estimate),-6.2385,-0.9999,3.1406,,
1790738670239286492,507.150,map,tf map->odom (AMCL) + odom->base_link (estimate),-6.2385,-0.9999,3.1406,,
1790738670293463139,507.167,map,tf map->odom (AMCL) + odom->base_link (estimate),-6.2385,-0.9999,3.1406,,
1790738670334341515,507.183,map,tf map->odom (AMCL) + odom->base_link (estimate),-6.2385,-0.9999,3.1406,,
1790738670384453687,507.200,map,tf map->odom (AMCL) + odom->base_link (estimate),-6.2385,-0.9999,3.1406,,
1790738670421271107,507.217,map,tf map->odom (AMCL) + odom->base_link (estimate),-6.2385,-0.9999,3.1406,,
1790738670478049631,507.233,map,tf map->odom (AMCL) + odom->base_link (estimate),-6.2386,-0.9999,3.1406,,
1790738670513036234,507.250,map,tf map->odom (AMCL) + odom->base_link (estimate),-6.2386,-0.9999,3.1406,,
1790738670568650653,507.267,map,tf map->odom (AMCL) + odom->base_link (estimate),-6.2386,-0.9999,3.1406,,
1790738670618231567,507.283,map,tf map->odom (AMCL) + odom->base_link (estimate),-6.2386,-0.9999,3.1406,,
1790738670658687696,507.300,map,tf map->odom (AMCL) + odom->base_link (estimate),-6.2386,-0.9999,3.1406,,
1790738670692729736,507.317,map,tf map->odom (AMCL) + odom->base_link (estimate),-6.2387,-0.9999,3.1406,,
1790738670754558582,507.333,map,tf map->odom (AMCL) + odom->base_link (estimate),-6.2387,-0.9999,3.1406,,
1790738670789038185,507.350,map,tf map->odom (AMCL) + odom->base_link (estimate),-6.2387,-0.9999,3.1406,,
1790738670847288059,507.367,map,tf map->odom (AMCL) + odom->base_link (estimate),-6.2387,-0.9999,3.1406,,
1790738670885009139,507.383,map,tf map->odom (AMCL) + odom->base_link (estimate),-6.2387,-0.9999,3.1406,,
1790738670939543921,507.400,map,tf map->odom (AMCL) + odom->base_link (estimate),-6.2387,-0.9999,3.1406,,
1790738670977303241,507.417,map,tf map->odom (AMCL) + odom->base_link (estimate),-6.2388,-0.9999,3.1406,,
1790738671036078285,507.433,map,tf map->odom (AMCL) + odom->base_link (estimate),-6.2388,-0.9999,3.1406,,
1790738671074104993,507.450,map,tf map->odom (AMCL) + odom->base_link (estimate),-6.2388,-0.9999,3.1406,,
1790738671134653209,507.467,map,tf map->odom (AMCL) + odom->base_link (estimate),-6.2388,-0.9999,3.1406,,
1790738671179385270,507.483,map,tf map->odom (AMCL) + odom->base_link (estimate),-6.2388,-0.9999,3.1406,,
1790738671231793501,507.500,map,tf map->odom (AMCL) + odom->base_link (estimate),-6.2389,-0.9999,3.1406,,
1790738671276483708,507.517,map,tf map->odom (AMCL) + odom->base_link (estimate),-6.2389,-0.9999,3.1406,,
1790738671335823397,507.533,map,tf map->odom (AMCL) + odom->base_link (estimate),-6.2389,-0.9999,3.1406,,
1790738671370437407,507.550,map,tf map->odom (AMCL) + odom->base_link (estimate),-6.2389,-0.9999,3.1406,,
1790738671427048421,507.567,map,tf map->odom (AMCL) + odom->base_link (estimate),-6.2389,-0.9999,3.1406,,
1790738671465023954,507.583,map,tf map->odom (AMCL) + odom->base_link (estimate),-6.2390,-0.9999,3.1406,,
1790738671519315318,507.600,map,tf map->odom (AMCL) + odom->base_link (estimate),-6.2390,-0.9999,3.1406,,
1790738671566137213,507.617,map,tf map->odom (AMCL) + odom->base_link (estimate),-6.2390,-0.9999,3.1406,,
1790738671621587071,507.633,map,tf map->odom (AMCL) + odom->base_link (estimate),-6.2390,-0.9999,3.1406,,
1790738671659581438,507.650,map,tf map->odom (AMCL) + odom->base_link (estimate),-6.2390,-0.9999,3.1406,,
1790738672392896304,507.667,map,tf map->odom (AMCL) + odom->base_link (estimate),-6.2390,-0.9999,3.1406,,
1790738673299238028,507.683,map,tf map->odom (AMCL) + odom->base_link (estimate),-6.2391,-0.9999,3.1406,,
1790738673354878511,507.700,map,tf map->odom (AMCL) + odom->base_link (estimate),-6.2391,-0.9999,3.1406,,
1790738673401179612,507.717,map,tf map->odom (AMCL) + odom->base_link (estimate),-6.2391,-0.9999,3.1406,,
1790738673459663392,507.733,map,tf map->odom (AMCL) + odom->base_link (estimate),-6.2391,-0.9999,3.1406,,
1790738673500039427,507.750,map,tf map->odom (AMCL) + odom->base_link (estimate),-6.2391,-0.9999,3.1406,,
1790738673555690183,507.767,map,tf map->odom (AMCL) + odom->base_link (estimate),-6.2392,-0.9999,3.1406,,
1790738673617464143,507.783,map,tf map->odom (AMCL) + odom->base_link (estimate),-6.2392,-0.9999,3.1406,,
1790738673671744379,507.800,map,tf map->odom (AMCL) + odom->base_link (estimate),-6.2392,-0.9999,3.1406,,
1790738673721999994,507.817,map,tf map->odom (AMCL) + odom->base_link (estimate),-6.2392,-0.9999,3.1406,,
1790738673771148198,507.833,map,tf map->odom (AMCL) + odom->base_link (estimate),-6.2392,-0.9999,3.1406,,
1790738673809804805,507.850,map,tf map->odom (AMCL) + odom->base_link (estimate),-6.2392,-0.9999,3.1406,,
1790738673873935227,507.867,map,tf map->odom (AMCL) + odom->base_link (estimate),-6.2393,-0.9999,3.1406,,
1790738673918091133,507.883,map,tf map->odom (AMCL) + odom->base_link (estimate),-6.2393,-0.9999,3.1406,,
1790738673977002772,507.900,map,tf map->odom (AMCL) + odom->base_link (estimate),-6.2393,-0.9999,3.1406,,
1790738674031780782,507.917,map,tf map->odom (AMCL) + odom->base_link (estimate),-6.2393,-0.9999,3.1406,,
1790738674081267049,507.933,map,tf map->odom (AMCL) + odom->base_link (estimate),-6.2393,-0.9999,3.1406,,
1790738674125795549,507.950,map,tf map->odom (AMCL) + odom->base_link (estimate),-6.2394,-0.9999,3.1406,,
1790738674176444971,507.967,map,tf map->odom (AMCL) + odom->base_link (estimate),-6.2394,-0.9999,3.1406,,
1790738674224453515,507.983,map,tf map->odom (AMCL) + odom->base_link (estimate),-6.2394,-0.9999,3.1406,,
1790738674279114239,508.000,map,tf map->odom (AMCL) + odom->base_link (estimate),-6.2394,-0.9999,3.1406,,
1790738674332074178,508.017,map,tf map->odom (AMCL) + odom->base_link (estimate),-6.2394,-0.9999,3.1406,,
1790738674394248888,508.033,map,tf map->odom (AMCL) + odom->base_link (estimate),-6.2394,-0.9999,3.1406,,
1790738674436078962,508.050,map,tf map->odom (AMCL) + odom->base_link (estimate),-6.2395,-0.9999,3.1405,,
1790738674489339868,508.067,map,tf map->odom (AMCL) + odom->base_link (estimate),-6.2395,-0.9999,3.1406,,
1790738674597634567,508.083,map,tf map->odom (AMCL) + odom->base_link (estimate),-6.2395,-0.9999,3.1406,,
1790738674648044471,508.100,map,tf map->odom (AMCL) + odom->base_link (estimate),-6.2395,-0.9999,3.1405,,
1790738674689421763,508.117,map,tf map->odom (AMCL) + odom->base_link (estimate),-6.2395,-0.9999,3.1406,,
1790738674745571624,508.133,map,tf map->odom (AMCL) + odom->base_link (estimate),-6.2396,-0.9999,3.1405,,
1790738674786836482,508.150,map,tf map->odom (AMCL) + odom->base_link (estimate),-6.2396,-0.9999,3.1405,,
1790738674836415018,508.167,map,tf map->odom (AMCL) + odom->base_link (estimate),-6.2396,-0.9999,3.1406,,
1790738674878734305,508.183,map,tf map->odom (AMCL) + odom->base_link (estimate),-6.2396,-0.9999,3.1405,,
1790738674929451834,508.200,map,tf map->odom (AMCL) + odom->base_link (estimate),-6.2396,-0.9999,3.1405,,
1790738674976248046,508.217,map,tf map->odom (AMCL) + odom->base_link (estimate),-6.2397,-0.9999,3.1406,,
1790738675030488235,508.233,map,tf map->odom (AMCL) + odom->base_link (estimate),-6.2397,-0.9999,3.1405,,
1790738675069425263,508.250,map,tf map->odom (AMCL) + odom->base_link (estimate),-6.2397,-0.9999,3.1405,,
1790738675127052277,508.267,map,tf map->odom (AMCL) + odom->base_link (estimate),-6.2397,-0.9999,3.1406,,
1790738675184617461,508.283,map,tf map->odom (AMCL) + odom->base_link (estimate),-6.2397,-0.9999,3.1405,,
1790738675236143624,508.300,map,tf map->odom (AMCL) + odom->base_link (estimate),-6.2397,-0.9999,3.1405,,
1790738675294411381,508.317,map,tf map->odom (AMCL) + odom->base_link (estimate),-6.2398,-0.9999,3.1405,,
1790738675348647289,508.333,map,tf map->odom (AMCL) + odom->base_link (estimate),-6.2398,-0.9999,3.1405,,
1790738675388010845,508.350,map,tf map->odom (AMCL) + odom->base_link (estimate),-6.2398,-0.9999,3.1405,,
1790738675447194438,508.367,map,tf map->odom (AMCL) + odom->base_link (estimate),-6.2398,-0.9999,3.1405,,
1790738675490087692,508.383,map,tf map->odom (AMCL) + odom->base_link (estimate),-6.2398,-0.9999,3.1405,,
1790738675556993018,508.400,map,tf map->odom (AMCL) + odom->base_link (estimate),-6.2399,-0.9999,3.1405,,
1790738675609914528,508.417,map,tf map->odom (AMCL) + odom->base_link (estimate),-6.2399,-0.9999,3.1405,,
1790738675657575401,508.433,map,tf map->odom (AMCL) + odom->base_link (estimate),-6.2399,-0.9999,3.1405,,
1790738675697636583,508.450,map,tf map->odom (AMCL) + odom->base_link (estimate),-6.2399,-0.9999,3.1405,,
1790738675752696915,508.467,map,tf map->odom (AMCL) + odom->base_link (estimate),-6.2399,-0.9999,3.1405,,
1790738675797184512,508.483,map,tf map->odom (AMCL) + odom->base_link (estimate),-6.2400,-0.9999,3.1405,,
1790738675853935356,508.500,map,tf map->odom (AMCL) + odom->base_link (estimate),-6.2400,-0.9999,3.1405,,
1790738675904419265,508.517,map,tf map->odom (AMCL) + odom->base_link (estimate),-6.2400,-0.9999,3.1405,,
1790738675967127610,508.533,map,tf map->odom (AMCL) + odom->base_link (estimate),-6.2400,-0.9999,3.1405,,
1790738676007807942,508.550,map,tf map->odom (AMCL) + odom->base_link (estimate),-6.2400,-0.9999,3.1405,,
1790738676060517044,508.567,map,tf map->odom (AMCL) + odom->base_link (estimate),-6.2400,-0.9999,3.1405,,
1790738676101519365,508.583,map,tf map->odom (AMCL) + odom->base_link (estimate),-6.2401,-0.9999,3.1405,,
1790738676155263015,508.600,map,tf map->odom (AMCL) + odom->base_link (estimate),-6.2401,-0.9999,3.1405,,
1790738676201150811,508.617,map,tf map->odom (AMCL) + odom->base_link (estimate),-6.2401,-0.9999,3.1405,,
1790738676262641117,508.633,map,tf map->odom (AMCL) + odom->base_link (estimate),-6.2401,-0.9999,3.1405,,
1790738676311369927,508.650,map,tf map->odom (AMCL) + odom->base_link (estimate),-6.2401,-0.9999,3.1405,,
1790738676356828816,508.667,map,tf map->odom (AMCL) + odom->base_link (estimate),-6.2402,-0.9999,3.1405,,
1790738676395040918,508.683,map,tf map->odom (AMCL) + odom->base_link (estimate),-6.2402,-0.9999,3.1405,,
1790738676449027035,508.700,map,tf map->odom (AMCL) + odom->base_link (estimate),-6.2402,-0.9999,3.1405,,
1790738676500563091,508.717,map,tf map->odom (AMCL) + odom->base_link (estimate),-6.2402,-0.9999,3.1405,,
1790738676549515818,508.733,map,tf map->odom (AMCL) + odom->base_link (estimate),-6.2402,-0.9999,3.1405,,
1790738676594779517,508.750,map,tf map->odom (AMCL) + odom->base_link (estimate),-6.2402,-0.9999,3.1405,,
1790738676648346431,508.767,map,tf map->odom (AMCL) + odom->base_link (estimate),-6.2403,-0.9999,3.1405,,
1790738676696605812,508.783,map,tf map->odom (AMCL) + odom->base_link (estimate),-6.2403,-0.9999,3.1405,,
1790738676740323776,508.800,map,tf map->odom (AMCL) + odom->base_link (estimate),-6.2403,-0.9999,3.1405,,
1790738676783593619,508.817,map,tf map->odom (AMCL) + odom->base_link (estimate),-6.2403,-0.9999,3.1405,,
1790738676836058542,508.833,map,tf map->odom (AMCL) + odom->base_link (estimate),-6.2403,-0.9999,3.1405,,
1790738676875469278,508.850,map,tf map->odom (AMCL) + odom->base_link (estimate),-6.2404,-0.9999,3.1405,,
1790738676924587138,508.867,map,tf map->odom (AMCL) + odom->base_link (estimate),-6.2404,-0.9999,3.1405,,
1790738676961097789,508.883,map,tf map->odom (AMCL) + odom->base_link (estimate),-6.2404,-0.9999,3.1405,,
1790738677013220938,508.900,map,tf map->odom (AMCL) + odom->base_link (estimate),-6.2404,-0.9999,3.1405,,
1790738677052120393,508.917,map,tf map->odom (AMCL) + odom->base_link (estimate),-6.2404,-0.9999,3.1405,,
1790738677110644218,508.933,map,tf map->odom (AMCL) + odom->base_link (estimate),-6.2405,-0.9999,3.1405,,
1790738677146981272,508.950,map,tf map->odom (AMCL) + odom->base_link (estimate),-6.2405,-0.9999,3.1405,,
1790738677202783937,508.967,map,tf map->odom (AMCL) + odom->base_link (estimate),-6.2405,-0.9999,3.1405,,
1790738677242303493,508.983,map,tf map->odom (AMCL) + odom->base_link (estimate),-6.2405,-0.9999,3.1405,,
1790738677298943234,509.000,map,tf map->odom (AMCL) + odom->base_link (estimate),-6.2405,-0.9999,3.1405,,
1790738677338749583,509.017,map,tf map->odom (AMCL) + odom->base_link (estimate),-6.2405,-0.9999,3.1405,,
1790738677404078830,509.033,map,tf map->odom (AMCL) + odom->base_link (estimate),-6.2406,-0.9999,3.1405,,
1790738677444996682,509.050,map,tf map->odom (AMCL) + odom->base_link (estimate),-6.2406,-0.9999,3.1405,,
1790738677498346908,509.067,map,tf map->odom (AMCL) + odom->base_link (estimate),-6.2406,-0.9999,3.1405,,
1790738677535277143,509.083,map,tf map->odom (AMCL) + odom->base_link (estimate),-6.2406,-0.9999,3.1405,,
1790738677590774086,509.100,map,tf map->odom (AMCL) + odom->base_link (estimate),-6.2406,-0.9999,3.1405,,
1790738677627860701,509.117,map,tf map->odom (AMCL) + odom->base_link (estimate),-6.2407,-0.9999,3.1405,,
1790738677684448601,509.133,map,tf map->odom (AMCL) + odom->base_link (estimate),-6.2407,-0.9999,3.1405,,
1790738677783480302,509.150,map,tf map->odom (AMCL) + odom->base_link (estimate),-6.2407,-0.9999,3.1405,,
1790738677844666693,509.167,map,tf map->odom (AMCL) + odom->base_link (estimate),-6.2407,-0.9999,3.1405,,
1790738677908191091,509.183,map,tf map->odom (AMCL) + odom->base_link (estimate),-6.2407,-0.9999,3.1405,,
1790738677959913016,509.200,map,tf map->odom (AMCL) + odom->base_link (estimate),-6.2407,-0.9999,3.1405,,
1790738678020150182,509.217,map,tf map->odom (AMCL) + odom->base_link (estimate),-6.2408,-0.9999,3.1405,,
1790738678080527664,509.233,map,tf map->odom (AMCL) + odom->base_link (estimate),-6.2408,-0.9999,3.1405,,
1790738678145904195,509.250,map,tf map->odom (AMCL) + odom->base_link (estimate),-6.2408,-0.9999,3.1405,,
1790738678203790048,509.267,map,tf map->odom (AMCL) + odom->base_link (estimate),-6.2408,-0.9999,3.1405,,
1790738678300076935,509.283,map,tf map->odom (AMCL) + odom->base_link (estimate),-6.2408,-0.9999,3.1405,,
1790738678383563096,509.300,map,tf map->odom (AMCL) + odom->base_link (estimate),-6.2409,-0.9999,3.1405,,
1790738678452452265,509.317,map,tf map->odom (AMCL) + odom->base_link (estimate),-6.2409,-0.9999,3.1405,,
1790738678498419404,509.333,map,tf map->odom (AMCL) + odom->base_link (estimate),-6.2409,-0.9999,3.1405,,
1790738678542325758,509.350,map,tf map->odom (AMCL) + odom->base_link (estimate),-6.2409,-0.9999,3.1405,,
1790738678599518119,509.367,map,tf map->odom (AMCL) + odom->base_link (estimate),-6.2409,-0.9999,3.1405,,
1790738678646195586,509.383,map,tf map->odom (AMCL) + odom->base_link (estimate),-6.2410,-0.9999,3.1405,,
1790738678697955581,509.400,map,tf map->odom (AMCL) + odom->base_link (estimate),-6.2410,-0.9999,3.1405,,
1790738678744465643,509.417,map,tf map->odom (AMCL) + odom->base_link (estimate),-6.2410,-0.9999,3.1405,,
1790738678801882383,509.433,map,tf map->odom (AMCL) + odom->base_link (estimate),-6.2410,-0.9999,3.1405,,
1790738678847488176,509.450,map,tf map->odom (AMCL) + odom->base_link (estimate),-6.2410,-0.9999,3.1405,,
1790738678909976126,509.467,map,tf map->odom (AMCL) + odom->base_link (estimate),-6.2410,-0.9999,3.1405,,
1790738678977929353,509.483,map,tf map->odom (AMCL) + odom->base_link (estimate),-6.2411,-0.9999,3.1405,,
1790738679031210920,509.500,map,tf map->odom (AMCL) + odom->base_link (estimate),-6.2411,-0.9999,3.1405,,
1790738679074970605,509.517,map,tf map->odom (AMCL) + odom->base_link (estimate),-6.2411,-0.9999,3.1405,,
1790738679159869907,509.533,map,tf map->odom (AMCL) + odom->base_link (estimate),-6.2411,-0.9999,3.1405,,
1790738679206526542,509.550,map,tf map->odom (AMCL) + odom->base_link (estimate),-6.2411,-0.9999,3.1405,,
1790738679256621625,509.567,map,tf map->odom (AMCL) + odom->base_link (estimate),-6.2412,-0.9999,3.1405,,
1790738679298336314,509.583,map,tf map->odom (AMCL) + odom->base_link (estimate),-6.2412,-0.9999,3.1405,,
1790738679358526259,509.600,map,tf map->odom (AMCL) + odom->base_link (estimate),-6.2412,-0.9999,3.1405,,
1790738679411770827,509.617,map,tf map->odom (AMCL) + odom->base_link (estimate),-6.2412,-0.9999,3.1405,,
1790738679462869765,509.633,map,tf map->odom (AMCL) + odom->base_link (estimate),-6.2412,-0.9999,3.1405,,
1790738679509769327,509.650,map,tf map->odom (AMCL) + odom->base_link (estimate),-6.2412,-0.9999,3.1405,,
1790738679557885235,509.667,map,tf map->odom (AMCL) + odom->base_link (estimate),-6.2413,-0.9999,3.1405,,
1790738679593880497,509.683,map,tf map->odom (AMCL) + odom->base_link (estimate),-6.2413,-0.9999,3.1405,,
1790738679655960019,509.700,map,tf map->odom (AMCL) + odom->base_link (estimate),-6.2413,-0.9999,3.1405,,
1790738679709960283,509.717,map,tf map->odom (AMCL) + odom->base_link (estimate),-6.2413,-0.9999,3.1405,,
1790738679788700912,509.733,map,tf map->odom (AMCL) + odom->base_link (estimate),-6.2413,-0.9999,3.1405,,
1790738679863708329,509.750,map,tf map->odom (AMCL) + odom->base_link (estimate),-6.2414,-0.9999,3.1405,,
1790738679927648132,509.767,map,tf map->odom (AMCL) + odom->base_link (estimate),-6.2414,-0.9999,3.1405,,
1790738680034083621,509.783,map,tf map->odom (AMCL) + odom->base_link (estimate),-6.2414,-0.9999,3.1405,,
1790738680095773642,509.800,map,tf map->odom (AMCL) + odom->base_link (estimate),-6.2414,-0.9999,3.1405,,
1790738680151431876,509.817,map,tf map->odom (AMCL) + odom->base_link (estimate),-6.2414,-0.9999,3.1405,,
1790738680207406180,509.833,map,tf map->odom (AMCL) + odom->base_link (estimate),-6.2415,-0.9999,3.1405,,
1790738680282625706,509.850,map,tf map->odom (AMCL) + odom->base_link (estimate),-6.2415,-0.9999,3.1405,,
1790738680329293280,509.867,map,tf map->odom (AMCL) + odom->base_link (estimate),-6.2415,-0.9999,3.1405,,
1790738680385727757,509.883,map,tf map->odom (AMCL) + odom->base_link (estimate),-6.2415,-0.9999,3.1405,,
1790738680439413758,509.900,map,tf map->odom (AMCL) + odom->base_link (estimate),-6.2415,-0.9999,3.1405,,
1790738680481126069,509.917,map,tf map->odom (AMCL) + odom->base_link (estimate),-6.2415,-0.9999,3.1405,,
1790738680546820953,509.933,map,tf map->odom (AMCL) + odom->base_link (estimate),-6.2416,-0.9999,3.1405,,
1790738680597909048,509.950,map,tf map->odom (AMCL) + odom->base_link (estimate),-6.2416,-0.9999,3.1405,,
1790738680646099051,509.967,map,tf map->odom (AMCL) + odom->base_link (estimate),-6.2416,-0.9999,3.1405,,
1790738680683319694,509.983,map,tf map->odom (AMCL) + odom->base_link (estimate),-6.2416,-0.9999,3.1405,,
1790738680738322863,510.000,map,tf map->odom (AMCL) + odom->base_link (estimate),-6.2416,-0.9999,3.1404,,
1790738680788037101,510.017,map,tf map->odom (AMCL) + odom->base_link (estimate),-6.2417,-0.9999,3.1402,,
1790738680855929739,510.033,map,tf map->odom (AMCL) + odom->base_link (estimate),-6.2417,-0.9999,3.1400,,
1790738680898197908,510.050,map,tf map->odom (AMCL) + odom->base_link (estimate),-6.2417,-0.9999,3.1397,,
1790738680950958810,510.067,map,tf map->odom (AMCL) + odom->base_link (estimate),-6.2417,-0.9999,3.1389,,
1790738680987410724,510.083,map,tf map->odom (AMCL) + odom->base_link (estimate),-6.2417,-0.9999,3.1379,,
1790738681042319253,510.100,map,tf map->odom (AMCL) + odom->base_link (estimate),-6.2418,-0.9999,3.1363,,
1790738681083507189,510.117,map,tf map->odom (AMCL) + odom->base_link (estimate),-6.2418,-0.9999,3.1341,,
1790738681136935235,510.133,map,tf map->odom (AMCL) + odom->base_link (estimate),-6.2418,-0.9999,3.1313,,
1790738681174041834,510.150,map,tf map->odom (AMCL) + odom->base_link (estimate),-6.2418,-0.9999,3.1279,,
1790738681232810839,510.167,map,tf map->odom (AMCL) + odom->base_link (estimate),-6.2419,-0.9999,3.1237,,
1790738681275265246,510.183,map,tf map->odom (AMCL) + odom->base_link (estimate),-6.2419,-0.9999,3.1189,,
1790738681328935743,510.200,map,tf map->odom (AMCL) + odom->base_link (estimate),-6.2420,-0.9999,3.1133,,
1790738681379009615,510.217,map,tf map->odom (AMCL) + odom->base_link (estimate),-6.2420,-0.9999,3.1069,,
1790738681435336705,510.233,map,tf map->odom (AMCL) + odom->base_link (estimate),-6.2421,-0.9999,3.0999,,
1790738681477613911,510.250,map,tf map->odom (AMCL) + odom->base_link (estimate),-6.2422,-0.9999,3.0921,,
1790738681530312702,510.267,map,tf map->odom (AMCL) + odom->base_link (estimate),-6.2423,-0.9999,3.0838,,
1790738681576284407,510.283,map,tf map->odom (AMCL) + odom->base_link (estimate),-6.2424,-0.9998,3.0751,,
1790738681625564250,510.300,map,tf map->odom (AMCL) + odom->base_link (estimate),-6.2426,-0.9998,3.0661,,
1790738681672206713,510.317,map,tf map->odom (AMCL) + odom->base_link (estimate),-6.2427,-0.9998,3.0568,,
1790738681728532947,510.333,map,tf map->odom (AMCL) + odom->base_link (estimate),-6.2429,-0.9998,3.0474,,
1790738681768494646,510.350,map,tf map->odom (AMCL) + odom->base_link (estimate),-6.2430,-0.9998,3.0378,,
1790738681828179620,510.367,map,tf map->odom (AMCL) + odom->base_link (estimate),-6.2432,-0.9998,3.0280,,
1790738681870445982,510.383,map,tf map->odom (AMCL) + odom->base_link (estimate),-6.2434,-0.9997,3.0180,,
1790738681934509245,510.400,map,tf map->odom (AMCL) + odom->base_link (estimate),-6.2436,-0.9997,3.0079,,
1790738681985665538,510.417,map,tf map->odom (AMCL) + odom->base_link (estimate),-6.2438,-0.9997,2.9976,,
1790738682038808141,510.433,map,tf map->odom (AMCL) + odom->base_link (estimate),-6.2440,-0.9996,2.9873,,
1790738682077240659,510.450,map,tf map->odom (AMCL) + odom->base_link (estimate),-6.2442,-0.9996,2.9768,,
1790738682138155293,510.467,map,tf map->odom (AMCL) + odom->base_link (estimate),-6.2445,-0.9995,2.9661,,
1790738682188274726,510.483,map,tf map->odom (AMCL) + odom->base_link (estimate),-6.2447,-0.9995,2.9554,,
1790738682240299429,510.500,map,tf map->odom (AMCL) + odom->base_link (estimate),-6.2449,-0.9995,2.9446,,
1790738682286815008,510.517,map,tf map->odom (AMCL) + odom->base_link (estimate),-6.2451,-0.9994,2.9337,,
1790738682350752908,510.533,map,tf map->odom (AMCL) + odom->base_link (estimate),-6.2453,-0.9994,2.9226,,
1790738682394888016,510.550,map,tf map->odom (AMCL) + odom->base_link (estimate),-6.2454,-0.9993,2.9115,,
1790738682443824110,510.567,map,tf map->odom (AMCL) + odom->base_link (estimate),-6.2456,-0.9993,2.9004,,
1790738682492034277,510.583,map,tf map->odom (AMCL) + odom->base_link (estimate),-6.2457,-0.9992,2.8891,,
1790738682540567934,510.600,map,tf map->odom (AMCL) + odom->base_link (estimate),-6.2458,-0.9992,2.8778,,
1790738682575746720,510.617,map,tf map->odom (AMCL) + odom->base_link (estimate),-6.2459,-0.9992,2.8664,,
1790738682631003849,510.633,map,tf map->odom (AMCL) + odom->base_link (estimate),-6.2460,-0.9992,2.8550,,
1790738682676873494,510.650,map,tf map->odom (AMCL) + odom->base_link (estimate),-6.2460,-0.9991,2.8436,,
1790738682726720229,510.667,map,tf map->odom (AMCL) + odom->base_link (estimate),-6.2460,-0.9991,2.8321,,
1790738682771689029,510.683,map,tf map->odom (AMCL) + odom->base_link (estimate),-6.2460,-0.9991,2.8206,,
1790738682821685477,510.700,map,tf map->odom (AMCL) + odom->base_link (estimate),-6.2460,-0.9992,2.8091,,
1790738682862804644,510.717,map,tf map->odom (AMCL) + odom->base_link (estimate),-6.2459,-0.9992,2.7977,,
1790738682926426473,510.733,map,tf map->odom (AMCL) + odom->base_link (estimate),-6.2458,-0.9992,2.7866,,
1790738682989645010,510.750,map,tf map->odom (AMCL) + odom->base_link (estimate),-6.2457,-0.9992,2.7758,,
1790738683036646727,510.767,map,tf map->odom (AMCL) + odom->base_link (estimate),-6.2456,-0.9993,2.7651,,
1790738683089804644,510.783,map,tf map->odom (AMCL) + odom->base_link (estimate),-6.2455,-0.9993,2.7545,,
1790738683138205614,510.800,map,tf map->odom (AMCL) + odom->base_link (estimate),-6.2454,-0.9994,2.7441,,
1790738683193182436,510.817,map,tf map->odom (AMCL) + odom->base_link (estimate),-6.2453,-0.9994,2.7337,,
1790738683247068371,510.833,map,tf map->odom (AMCL) + odom->base_link (estimate),-6.2451,-0.9995,2.7234,,
1790738683295484750,510.850,map,tf map->odom (AMCL) + odom->base_link (estimate),-6.2450,-0.9995,2.7132,,
1790738683345220580,510.867,map,tf map->odom (AMCL) + odom->base_link (estimate),-6.2449,-0.9996,2.7029,,
1790738683384337742,510.883,map,tf map->odom (AMCL) + odom->base_link (estimate),-6.2447,-0.9997,2.6927,,
1790738683441668878,510.900,map,tf map->odom (AMCL) + odom->base_link (estimate),-6.2446,-0.9998,2.6825,,
1790738683489069132,510.917,map,tf map->odom (AMCL) + odom->base_link (estimate),-6.2444,-0.9998,2.6724,,
1790738683540146954,510.933,map,tf map->odom (AMCL) + odom->base_link (estimate),-6.2442,-0.9999,2.6624,,
1790738683586350647,510.950,map,tf map->odom (AMCL) + odom->base_link (estimate),-6.2441,-1.0000,2.6526,,
1790738683632330342,510.967,map,tf map->odom (AMCL) + odom->base_link (estimate),-6.2439,-1.0001,2.6432,,
1790738683674265319,510.983,map,tf map->odom (AMCL) + odom->base_link (estimate),-6.2438,-1.0002,2.6339,,
1790738683729166429,511.000,map,tf map->odom (AMCL) + odom->base_link (estimate),-6.2436,-1.0003,2.6248,,
1790738683782465688,511.017,map,tf map->odom (AMCL) + odom->base_link (estimate),-6.2434,-1.0003,2.6157,,
1790738683840360862,511.033,map,tf map->odom (AMCL) + odom->base_link (estimate),-6.2433,-1.0004,2.6068,,
1790738683877590161,511.050,map,tf map->odom (AMCL) + odom->base_link (estimate),-6.3241,-1.0117,2.7510,,
1790738683930257944,511.067,map,tf map->odom (AMCL) + odom->base_link (estimate),-6.3239,-1.0117,2.7417,,
1790738683976336084,511.083,map,tf map->odom (AMCL) + odom->base_link (estimate),-6.3237,-1.0118,2.7319,,
1790738684028849874,511.100,map,tf map->odom (AMCL) + odom->base_link (estimate),-6.3235,-1.0119,2.7217,,
1790738684075122336,511.117,map,tf map->odom (AMCL) + odom->base_link (estimate),-6.3233,-1.0120,2.7112,,
1790738684122946237,511.133,map,tf map->odom (AMCL) + odom->base_link (estimate),-6.3231,-1.0121,2.7005,,
1790738684160447187,511.150,map,tf map->odom (AMCL) + odom->base_link (estimate),-6.3229,-1.0122,2.6896,,
1790738684215030609,511.167,map,tf map->odom (AMCL) + odom->base_link (estimate),-6.3227,-1.0123,2.6786,,
1790738684258117823,511.183,map,tf map->odom (AMCL) + odom->base_link (estimate),-6.3225,-1.0124,2.6676,,
1790738684310515001,511.200,map,tf map->odom (AMCL) + odom->base_link (estimate),-6.3223,-1.0125,2.6565,,
1790738684357096970,511.217,map,tf map->odom (AMCL) + odom->base_link (estimate),-6.3221,-1.0126,2.6454,,
1790738684412222839,511.233,map,tf map->odom (AMCL) + odom->base_link (estimate),-6.3219,-1.0127,2.6342,,
1790738684448465308,511.250,map,tf map->odom (AMCL) + odom->base_link (estimate),-6.3217,-1.0128,2.6231,,
1790738684508428782,511.267,map,tf map->odom (AMCL) + odom->base_link (estimate),-6.3215,-1.0130,2.6119,,
1790738684561659367,511.283,map,tf map->odom (AMCL) + odom->base_link (estimate),-6.3213,-1.0131,2.6008,,
1790738684610453357,511.300,map,tf map->odom (AMCL) + odom->base_link (estimate),-6.3211,-1.0132,2.5896,,
1790738684659135205,511.317,map,tf map->odom (AMCL) + odom->base_link (estimate),-6.3209,-1.0133,2.5784,,
1790738684712145502,511.333,map,tf map->odom (AMCL) + odom->base_link (estimate),-6.3207,-1.0135,2.5672,,
1790738684749668233,511.350,map,tf map->odom (AMCL) + odom->base_link (estimate),-6.3205,-1.0136,2.5561,,
1790738684799884685,511.367,map,tf map->odom (AMCL) + odom->base_link (estimate),-6.3203,-1.0137,2.5449,,
1790738684835954898,511.383,map,tf map->odom (AMCL) + odom->base_link (estimate),-6.3201,-1.0139,2.5338,,
1790738684893959836,511.400,map,tf map->odom (AMCL) + odom->base_link (estimate),-6.3199,-1.0140,2.5226,,
1790738684940222406,511.417,map,tf map->odom (AMCL) + odom->base_link (estimate),-6.3197,-1.0142,2.5114,,
1790738684994392453,511.433,map,tf map->odom (AMCL) + odom->base_link (estimate),-6.3195,-1.0143,2.5003,,
1790738685034250095,511.450,map,tf map->odom (AMCL) + odom->base_link (estimate),-6.3193,-1.0145,2.4891,,
1790738685081469153,511.467,map,tf map->odom (AMCL) + odom->base_link (estimate),-6.3191,-1.0146,2.4780,,
1790738685117526050,511.483,map,tf map->odom (AMCL) + odom->base_link (estimate),-6.3189,-1.0148,2.4668,,
1790738685171876913,511.500,map,tf map->odom (AMCL) + odom->base_link (estimate),-6.3187,-1.0149,2.4556,,
1790738685214806234,511.517,map,tf map->odom (AMCL) + odom->base_link (estimate),-6.3185,-1.0151,2.4445,,
1790738685275066090,511.533,map,tf map->odom (AMCL) + odom->base_link (estimate),-6.3183,-1.0152,2.4333,,
1790738685310949305,511.550,map,tf map->odom (AMCL) + odom->base_link (estimate),-6.3182,-1.0154,2.4222,,
1790738685361659314,511.567,map,tf map->odom (AMCL) + odom->base_link (estimate),-6.3180,-1.0156,2.4110,,
1790738685399282868,511.583,map,tf map->odom (AMCL) + odom->base_link (estimate),-6.3178,-1.0157,2.3999,,
1790738685457064189,511.600,map,tf map->odom (AMCL) + odom->base_link (estimate),-6.3176,-1.0159,2.3887,,
1790738685502547948,511.617,map,tf map->odom (AMCL) + odom->base_link (estimate),-6.3174,-1.0161,2.3776,,
1790738685553555670,511.633,map,tf map->odom (AMCL) + odom->base_link (estimate),-6.3173,-1.0162,2.3664,,
1790738685589455436,511.650,map,tf map->odom (AMCL) + odom->base_link (estimate),-6.3171,-1.0164,2.3553,,
1790738685643607981,511.667,map,tf map->odom (AMCL) + odom->base_link (estimate),-6.3169,-1.0166,2.3441,,
1790738685688936701,511.683,map,tf map->odom (AMCL) + odom->base_link (estimate),-6.3167,-1.0168,2.3330,,
1790738685741233056,511.700,map,tf map->odom (AMCL) + odom->base_link (estimate),-6.3166,-1.0169,2.3218,,
1790738685783797036,511.717,map,tf map->odom (AMCL) + odom->base_link (estimate),-6.3164,-1.0171,2.3107,,
1790738685834526639,511.733,map,tf map->odom (AMCL) + odom->base_link (estimate),-6.3162,-1.0173,2.2995,,
1790738685872074672,511.750,map,tf map->odom (AMCL) + odom->base_link (estimate),-6.3161,-1.0175,2.2884,,
1790738685929590428,511.767,map,tf map->odom (AMCL) + odom->base_link (estimate),-6.3159,-1.0177,2.2772,,
1790738685996153818,511.783,map,tf map->odom (AMCL) + odom->base_link (estimate),-6.3158,-1.0179,2.2661,,
1790738686043156933,511.800,map,tf map->odom (AMCL) + odom->base_link (estimate),-6.3156,-1.0180,2.2550,,
1790738686087145623,511.817,map,tf map->odom (AMCL) + odom->base_link (estimate),-6.3154,-1.0182,2.2438,,
1790738686136065361,511.833,map,tf map->odom (AMCL) + odom->base_link (estimate),-6.3153,-1.0184,2.2327,,
1790738686172329397,511.850,map,tf map->odom (AMCL) + odom->base_link (estimate),-6.3151,-1.0186,2.2215,,
1790738686227052441,511.867,map,tf map->odom (AMCL) + odom->base_link (estimate),-6.3150,-1.0188,2.2104,,
1790738686267772369,511.883,map,tf map->odom (AMCL) + odom->base_link (estimate),-6.3149,-1.0190,2.1992,,
1790738686323043297,511.900,map,tf map->odom (AMCL) + odom->base_link (estimate),-6.3147,-1.0192,2.1881,,
1790738686363656557,511.917,map,tf map->odom (AMCL) + odom->base_link (estimate),-6.3146,-1.0194,2.1769,,
1790738686417135241,511.933,map,tf map->odom (AMCL) + odom->base_link (estimate),-6.3144,-1.0196,2.1658,,
1790738686452743204,511.950,map,tf map->odom (AMCL) + odom->base_link (estimate),-6.3143,-1.0198,2.1547,,
1790738686506016919,511.967,map,tf map->odom (AMCL) + odom->base_link (estimate),-6.3142,-1.0200,2.1435,,
1790738686552885160,511.983,map,tf map->odom (AMCL) + odom->base_link (estimate),-6.3140,-1.0202,2.1324,,
1790738686613923173,512.000,map,tf map->odom (AMCL) + odom->base_link (estimate),-6.3139,-1.0205,2.1212,,
1790738686664556342,512.017,map,tf map->odom (AMCL) + odom->base_link (estimate),-6.3138,-1.0207,2.1101,,
1790738686724109185,512.033,map,tf map->odom (AMCL) + odom->base_link (estimate),-6.4674,-0.9838,2.1873,,
1790738686762610198,512.050,map,tf map->odom (AMCL) + odom->base_link (estimate),-6.4672,-0.9840,2.1761,,
1790738686818949513,512.067,map,tf map->odom (AMCL) + odom->base_link (estimate),-6.4671,-0.9842,2.1650,,
1790738686863212859,512.083,map,tf map->odom (AMCL) + odom->base_link (estimate),-6.4670,-0.9845,2.1538,,
1790738686909824697,512.100,map,tf map->odom (AMCL) + odom->base_link (estimate),-6.4668,-0.9847,2.1427,,
1790738686958130954,512.117,map,tf map->odom (AMCL) + odom->base_link (estimate),-6.4667,-0.9849,2.1315,,
1790738686997828127,512.133,map,tf map->odom (AMCL) + odom->base_link (estimate),-6.4666,-0.9851,2.1204,,
1790738687037751185,512.150,map,tf map->odom (AMCL) + odom->base_link (estimate),-6.4665,-0.9853,2.1092,,
1790738687089776167,512.167,map,tf map->odom (AMCL) + odom->base_link (estimate),-6.4663,-0.9855,2.0981,,
1790738687132325415,512.183,map,tf map->odom (AMCL) + odom->base_link (estimate),-6.4662,-0.9857,2.0870,,
1790738687182636680,512.200,map,tf map->odom (AMCL) + odom->base_link (estimate),-6.4661,-0.9859,2.0758,,
1790738687227941508,512.217,map,tf map->odom (AMCL) + odom->base_link (estimate),-6.4660,-0.9861,2.0647,,
1790738687277210054,512.233,map,tf map->odom (AMCL) + odom->base_link (estimate),-6.4659,-0.9864,2.0535,,
1790738687313753784,512.250,map,tf map->odom (AMCL) + odom->base_link (estimate),-6.4657,-0.9866,2.0424,,
1790738687367968493,512.267,map,tf map->odom (AMCL) + odom->base_link (estimate),-6.4656,-0.9868,2.0312,,
1790738687422426294,512.283,map,tf map->odom (AMCL) + odom->base_link (estimate),-6.4655,-0.9870,2.0201,,
1790738687473454001,512.300,map,tf map->odom (AMCL) + odom->base_link (estimate),-6.4654,-0.9872,2.0090,,
1790738687515401651,512.317,map,tf map->odom (AMCL) + odom->base_link (estimate),-6.4653,-0.9875,1.9978,,
1790738687566862492,512.333,map,tf map->odom (AMCL) + odom->base_link (estimate),-6.4652,-0.9877,1.9867,,
1790738687605913101,512.350,map,tf map->odom (AMCL) + odom->base_link (estimate),-6.4651,-0.9879,1.9755,,
1790738687658805969,512.367,map,tf map->odom (AMCL) + odom->base_link (estimate),-6.4650,-0.9882,1.9644,,
1790738687705928519,512.383,map,tf map->odom (AMCL) + odom->base_link (estimate),-6.4649,-0.9884,1.9532,,
1790738687755230529,512.400,map,tf map->odom (AMCL) + odom->base_link (estimate),-6.4648,-0.9886,1.9421,,
1790738687798787131,512.417,map,tf map->odom (AMCL) + odom->base_link (estimate),-6.4648,-0.9888,1.9309,,
1790738687850081220,512.433,map,tf map->odom (AMCL) + odom->base_link (estimate),-6.4647,-0.9891,1.9198,,
1790738687894369759,512.450,map,tf map->odom (AMCL) + odom->base_link (estimate),-6.4646,-0.9893,1.9086,,
1790738687940273142,512.467,map,tf map->odom (AMCL) + odom->base_link (estimate),-6.4645,-0.9895,1.8975,,
1790738687985676652,512.483,map,tf map->odom (AMCL) + odom->base_link (estimate),-6.4644,-0.9898,1.8864,,
1790738688033588086,512.500,map,tf map->odom (AMCL) + odom->base_link (estimate),-6.4644,-0.9900,1.8752,,
1790738688075382961,512.517,map,tf map->odom (AMCL) + odom->base_link (estimate),-6.4643,-0.9902,1.8641,,
1790738688135720029,512.533,map,tf map->odom (AMCL) + odom->base_link (estimate),-6.4642,-0.9905,1.8529,,
1790738688175164889,512.550,map,tf map->odom (AMCL) + odom->base_link (estimate),-6.4641,-0.9907,1.8418,,
1790738688223815391,512.567,map,tf map->odom (AMCL) + odom->base_link (estimate),-6.4641,-0.9910,1.8306,,
1790738688272124404,512.583,map,tf map->odom (AMCL) + odom->base_link (estimate),-6.4640,-0.9912,1.8195,,
1790738688319296010,512.600,map,tf map->odom (AMCL) + odom->base_link (estimate),-6.4640,-0.9914,1.8083,,
1790738688361145169,512.617,map,tf map->odom (AMCL) + odom->base_link (estimate),-6.4639,-0.9917,1.7972,,
1790738688416645784,512.633,map,tf map->odom (AMCL) + odom->base_link (estimate),-6.4638,-0.9919,1.7860,,
1790738688454436631,512.650,map,tf map->odom (AMCL) + odom->base_link (estimate),-6.4638,-0.9922,1.7749,,
1790738688509917091,512.667,map,tf map->odom (AMCL) + odom->base_link (estimate),-6.4638,-0.9924,1.7637,,
1790738688555554851,512.683,map,tf map->odom (AMCL) + odom->base_link (estimate),-6.4637,-0.9926,1.7526,,
1790738688608714863,512.700,map,tf map->odom (AMCL) + odom->base_link (estimate),-6.4637,-0.9929,1.7415,,
1790738688652278500,512.717,map,tf map->odom (AMCL) + odom->base_link (estimate),-6.4636,-0.9931,1.7303,,
1790738688705058901,512.733,map,tf map->odom (AMCL) + odom->base_link (estimate),-6.4636,-0.9934,1.7192,,
1790738688740934104,512.750,map,tf map->odom (AMCL) + odom->base_link (estimate),-6.4636,-0.9936,1.7080,,
1790738688801143399,512.767,map,tf map->odom (AMCL) + odom->base_link (estimate),-6.4635,-0.9939,1.6969,,
1790738688862432776,512.783,map,tf map->odom (AMCL) + odom->base_link (estimate),-6.4635,-0.9941,1.6857,,
1790738688904937722,512.800,map,tf map->odom (AMCL) + odom->base_link (estimate),-6.4635,-0.9943,1.6746,,
1790738688941689367,512.817,map,tf map->odom (AMCL) + odom->base_link (estimate),-6.4634,-0.9946,1.6634,,
1790738688995442991,512.833,map,tf map->odom (AMCL) + odom->base_link (estimate),-6.4634,-0.9948,1.6523,,
1790738689034567468,512.850,map,tf map->odom (AMCL) + odom->base_link (estimate),-6.4634,-0.9951,1.6411,,
1790738689090103734,512.867,map,tf map->odom (AMCL) + odom->base_link (estimate),-6.4634,-0.9953,1.6300,,
1790738689133996405,512.883,map,tf map->odom (AMCL) + odom->base_link (estimate),-6.4634,-0.9956,1.6189,,
1790738689185617533,512.900,map,tf map->odom (AMCL) + odom->base_link (estimate),-6.4634,-0.9958,1.6077,,
1790738689221255253,512.917,map,tf map->odom (AMCL) + odom->base_link (estimate),-6.4634,-0.9961,1.5966,,
1790738689280992910,512.933,map,tf map->odom (AMCL) + odom->base_link (estimate),-6.5826,-0.9419,1.5068,,
1790738689328668098,512.950,map,tf map->odom (AMCL) + odom->base_link (estimate),-6.5826,-0.9421,1.4957,,
1790738689385255353,512.967,map,tf map->odom (AMCL) + odom->base_link (estimate),-6.5826,-0.9424,1.4845,,
1790738689424981903,512.983,map,tf map->odom (AMCL) + odom->base_link (estimate),-6.5826,-0.9426,1.4734,,
1790738689480849580,513.000,map,tf map->odom (AMCL) + odom->base_link (estimate),-6.5827,-0.9429,1.4622,,
1790738689520290827,513.017,map,tf map->odom (AMCL) + odom->base_link (estimate),-6.5827,-0.9431,1.4511,,
1790738689586924231,513.033,map,tf map->odom (AMCL) + odom->base_link (estimate),-6.5827,-0.9434,1.4399,,
1790738689635847391,513.050,map,tf map->odom (AMCL) + odom->base_link (estimate),-6.5828,-0.9436,1.4288,,
1790738689686203053,513.067,map,tf map->odom (AMCL) + odom->base_link (estimate),-6.5828,-0.9438,1.4176,,
1790738689724374652,513.083,map,tf map->odom (AMCL) + odom->base_link (estimate),-6.5828,-0.9441,1.4065,,
1790738689786318389,513.100,map,tf map->odom (AMCL) + odom->base_link (estimate),-6.5829,-0.9443,1.3954,,
1790738689833386560,513.117,map,tf map->odom (AMCL) + odom->base_link (estimate),-6.5829,-0.9446,1.3842,,
1790738689891658631,513.133,map,tf map->odom (AMCL) + odom->base_link (estimate),-6.5830,-0.9448,1.3731,,
1790738689932057605,513.150,map,tf map->odom (AMCL) + odom->base_link (estimate),-6.5830,-0.9451,1.3619,,
1790738689982374859,513.167,map,tf map->odom (AMCL) + odom->base_link (estimate),-6.5831,-0.9453,1.3508,,
1790738690022477123,513.183,map,tf map->odom (AMCL) + odom->base_link (estimate),-6.5831,-0.9455,1.3396,,
1790738690080212909,513.200,map,tf map->odom (AMCL) + odom->base_link (estimate),-6.5832,-0.9458,1.3285,,
1790738690134985104,513.217,map,tf map->odom (AMCL) + odom->base_link (estimate),-6.5832,-0.9460,1.3174,,
1790738690176235802,513.233,map,tf map->odom (AMCL) + odom->base_link (estimate),-6.5833,-0.9463,1.3062,,
1790738690213183576,513.250,map,tf map->odom (AMCL) + odom->base_link (estimate),-6.5834,-0.9465,1.2951,,
1790738690267541840,513.267,map,tf map->odom (AMCL) + odom->base_link (estimate),-6.5834,-0.9467,1.2839,,
1790738690335535683,513.283,map,tf map->odom (AMCL) + odom->base_link (estimate),-6.5835,-0.9470,1.2728,,
1790738690378212324,513.300,map,tf map->odom (AMCL) + odom->base_link (estimate),-6.5835,-0.9470,1.2617,,
1790738690419687196,513.317,map,tf map->odom (AMCL) + odom->base_link (estimate),-6.5835,-0.9468,1.2506,,
1790738690471185399,513.333,map,tf map->odom (AMCL) + odom->base_link (estimate),-6.5833,-0.9462,1.2396,,
1790738690517854945,513.350,map,tf map->odom (AMCL) + odom->base_link (estimate),-6.5830,-0.9454,1.2286,,
1790738690569435763,513.367,map,tf map->odom (AMCL) + odom->base_link (estimate),-6.5826,-0.9444,1.2175,,
1790738690613991636,513.383,map,tf map->odom (AMCL) + odom->base_link (estimate),-6.5823,-0.9434,1.2064,,
1790738690657352680,513.400,map,tf map->odom (AMCL) + odom->base_link (estimate),-6.5819,-0.9424,1.1951,,
1790738690696585726,513.417,map,tf map->odom (AMCL) + odom->base_link (estimate),-6.5814,-0.9414,1.1838,,
1790738690751933280,513.433,map,tf map->odom (AMCL) + odom->base_link (estimate),-6.5810,-0.9403,1.1724,,
1790738690789582378,513.450,map,tf map->odom (AMCL) + odom->base_link (estimate),-6.5806,-0.9395,1.1609,,
1790738690834422793,513.467,map,tf map->odom (AMCL) + odom->base_link (estimate),-6.5803,-0.9388,1.1494,,
1790738690870512092,513.483,map,tf map->odom (AMCL) + odom->base_link (estimate),-6.5801,-0.9383,1.1379,,
1790738690920087617,513.500,map,tf map->odom (AMCL) + odom->base_link (estimate),-6.5798,-0.9378,1.1263,,
1790738690957838249,513.517,map,tf map->odom (AMCL) + odom->base_link (estimate),-6.5796,-0.9374,1.1148,,
1790738691019362542,513.533,map,tf map->odom (AMCL) + odom->base_link (estimate),-6.5794,-0.9370,1.1032,,
1790738691056379810,513.550,map,tf map->odom (AMCL) + odom->base_link (estimate),-6.5792,-0.9365,1.0916,,
1790738691103792036,513.567,map,tf map->odom (AMCL) + odom->base_link (estimate),-6.5790,-0.9361,1.0800,,
1790738691138547610,513.583,map,tf map->odom (AMCL) + odom->base_link (estimate),-6.5788,-0.9357,1.0684,,
1790738691196717102,513.600,map,tf map->odom (AMCL) + odom->base_link (estimate),-6.5785,-0.9353,1.0568,,
1790738691232731771,513.617,map,tf map->odom (AMCL) + odom->base_link (estimate),-6.5783,-0.9349,1.0452,,
1790738691295371034,513.633,map,tf map->odom (AMCL) + odom->base_link (estimate),-6.5781,-0.9346,1.0336,,
1790738691330457068,513.650,map,tf map->odom (AMCL) + odom->base_link (estimate),-6.5778,-0.9342,1.0220,,
1790738691387112679,513.667,map,tf map->odom (AMCL) + odom->base_link (estimate),-6.5776,-0.9338,1.0105,,
1790738691431239314,513.683,map,tf map->odom (AMCL) + odom->base_link (estimate),-6.5773,-0.9333,0.9989,,
1790738691485124134,513.700,map,tf map->odom (AMCL) + odom->base_link (estimate),-6.5768,-0.9325,0.9874,,
1790738691536087954,513.717,map,tf map->odom (AMCL) + odom->base_link (estimate),-6.5760,-0.9313,0.9758,,
1790738691587194567,513.733,map,tf map->odom (AMCL) + odom->base_link (estimate),-6.5749,-0.9298,0.9643,,
1790738691630141490,513.750,map,tf map->odom (AMCL) + odom->base_link (estimate),-6.5736,-0.9278,0.9527,,
1790738691679892417,513.767,map,tf map->odom (AMCL) + odom->base_link (estimate),-6.5718,-0.9255,0.9409,,
1790738691731255147,513.783,map,tf map->odom (AMCL) + odom->base_link (estimate),-6.5697,-0.9226,0.9290,,
1790738691768074672,513.800,map,tf map->odom (AMCL) + odom->base_link (estimate),-6.5672,-0.9194,0.9168,,
1790738691803300553,513.817,map,tf map->odom (AMCL) + odom->base_link (estimate),-6.5643,-0.9157,0.9044,,
1790738691854353262,513.833,map,tf map->odom (AMCL) + odom->base_link (estimate),-6.5611,-0.9117,0.8917,,
1790738691891820874,513.850,map,tf map->odom (AMCL) + odom->base_link (estimate),-6.6166,-0.8941,0.7970,,
1790738691940449034,513.867,map,tf map->odom (AMCL) + odom->base_link (estimate),-6.6122,-0.8896,0.7836,,
1790738691975668355,513.883,map,tf map->odom (AMCL) + odom->base_link (estimate),-6.6073,-0.8849,0.7699,,
1790738692024422482,513.900,map,tf map->odom (AMCL) + odom->base_link (estimate),-6.6020,-0.8799,0.7559,,
1790738692061572087,513.917,map,tf map->odom (AMCL) + odom->base_link (estimate),-6.5962,-0.8746,0.7415,,
1790738692117790855,513.933,map,tf map->odom (AMCL) + odom->base_link (estimate),-6.5899,-0.8691,0.7267,,
1790738692153881770,513.950,map,tf map->odom (AMCL) + odom->base_link (estimate),-6.5832,-0.8633,0.7116,,
1790738692208535129,513.967,map,tf map->odom (AMCL) + odom->base_link (estimate),-6.5760,-0.8573,0.6961,,
1790738692245627122,513.983,map,tf map->odom (AMCL) + odom->base_link (estimate),-6.5683,-0.8511,0.6801,,
1790738692299919123,514.000,map,tf map->odom (AMCL) + odom->base_link (estimate),-6.5602,-0.8448,0.6638,,
1790738692334119207,514.017,map,tf map->odom (AMCL) + odom->base_link (estimate),-6.5515,-0.8382,0.6471,,
1790738692398751976,514.033,map,tf map->odom (AMCL) + odom->base_link (estimate),-6.5423,-0.8316,0.6299,,
1790738692432657726,514.050,map,tf map->odom (AMCL) + odom->base_link (estimate),-6.5327,-0.8248,0.6123,,
1790738692485383082,514.067,map,tf map->odom (AMCL) + odom->base_link (estimate),-6.5226,-0.8181,0.5945,,
1790738692522908306,514.083,map,tf map->odom (AMCL) + odom->base_link (estimate),-6.5122,-0.8114,0.5767,,
1790738692574034028,514.100,map,tf map->odom (AMCL) + odom->base_link (estimate),-6.5016,-0.8047,0.5591,,
1790738692611117085,514.117,map,tf map->odom (AMCL) + odom->base_link (estimate),-6.4908,-0.7982,0.5416,,
1790738692666390104,514.133,map,tf map->odom (AMCL) + odom->base_link (estimate),-6.4798,-0.7919,0.5243,,
1790738692707494206,514.150,map,tf map->odom (AMCL) + odom->base_link (estimate),-6.4686,-0.7857,0.5072,,
1790738692762852408,514.167,map,tf map->odom (AMCL) + odom->base_link (estimate),-6.4574,-0.7797,0.4902,,
1790738692802678210,514.183,map,tf map->odom (AMCL) + odom->base_link (estimate),-6.4459,-0.7739,0.4735,,
1790738692861314776,514.200,map,tf map->odom (AMCL) + odom->base_link (estimate),-6.4344,-0.7682,0.4569,,
1790738692899812177,514.217,map,tf map->odom (AMCL) + odom->base_link (estimate),-6.4227,-0.7628,0.4404,,
1790738692958155740,514.233,map,tf map->odom (AMCL) + odom->base_link (estimate),-6.4110,-0.7575,0.4240,,
1790738692994695476,514.250,map,tf map->odom (AMCL) + odom->base_link (estimate),-6.3991,-0.7524,0.4078,,
1790738693054050956,514.267,map,tf map->odom (AMCL) + odom->base_link (estimate),-6.3872,-0.7475,0.3919,,
1790738693104628224,514.283,map,tf map->odom (AMCL) + odom->base_link (estimate),-6.3752,-0.7427,0.3763,,
1790738693152236863,514.300,map,tf map->odom (AMCL) + odom->base_link (estimate),-6.3632,-0.7382,0.3613,,
1790738693187880573,514.317,map,tf map->odom (AMCL) + odom->base_link (estimate),-6.3511,-0.7339,0.3466,,
1790738693248157177,514.333,map,tf map->odom (AMCL) + odom->base_link (estimate),-6.3389,-0.7297,0.3322,,
1790738693286944729,514.350,map,tf map->odom (AMCL) + odom->base_link (estimate),-6.3266,-0.7256,0.3181,,
1790738693342862032,514.367,map,tf map->odom (AMCL) + odom->base_link (estimate),-6.3142,-0.7218,0.3043,,
1790738693382921419,514.383,map,tf map->odom (AMCL) + odom->base_link (estimate),-6.3017,-0.7180,0.2907,,
1790738693443393010,514.400,map,tf map->odom (AMCL) + odom->base_link (estimate),-6.2893,-0.7145,0.2776,,
1790738693486748065,514.417,map,tf map->odom (AMCL) + odom->base_link (estimate),-6.2767,-0.7111,0.2648,,
1790738693544023716,514.433,map,tf map->odom (AMCL) + odom->base_link (estimate),-6.2641,-0.7079,0.2523,,
1790738693585763736,514.450,map,tf map->odom (AMCL) + odom->base_link (estimate),-6.2514,-0.7048,0.2402,,
1790738693639951826,514.467,map,tf map->odom (AMCL) + odom->base_link (estimate),-6.2387,-0.7018,0.2284,,
1790738693678045183,514.483,map,tf map->odom (AMCL) + odom->base_link (estimate),-6.2260,-0.6990,0.2171,,
1790738693736354331,514.500,map,tf map->odom (AMCL) + odom->base_link (estimate),-6.2132,-0.6964,0.2061,,
1790738693773579801,514.517,map,tf map->odom (AMCL) + odom->base_link (estimate),-6.2003,-0.6938,0.1954,,
1790738693842061064,514.533,map,tf map->odom (AMCL) + odom->base_link (estimate),-6.1874,-0.6914,0.1848,,
1790738693878748918,514.550,map,tf map->odom (AMCL) + odom->base_link (estimate),-6.1745,-0.6891,0.1746,,
1790738693929662447,514.567,map,tf map->odom (AMCL) + odom->base_link (estimate),-6.1615,-0.6870,0.1647,,
1790738693968058218,514.583,map,tf map->odom (AMCL) + odom->base_link (estimate),-6.1485,-0.6850,0.1551,,
1790738694020339221,514.600,map,tf map->odom (AMCL) + odom->base_link (estimate),-6.1355,-0.6830,0.1458,,
1790738694056341645,514.617,map,tf map->odom (AMCL) + odom->base_link (estimate),-6.1224,-0.6812,0.1368,,
1790738694112018837,514.633,map,tf map->odom (AMCL) + odom->base_link (estimate),-6.1093,-0.6796,0.1278,,
1790738694150387649,514.650,map,tf map->odom (AMCL) + odom->base_link (estimate),-6.0962,-0.6780,0.1190,,
1790738694199352559,514.667,map,tf map->odom (AMCL) + odom->base_link (estimate),-6.0831,-0.6765,0.1103,,
1790738694236552224,514.683,map,tf map->odom (AMCL) + odom->base_link (estimate),-6.0699,-0.6752,0.1017,,
1790738694287649986,514.700,map,tf map->odom (AMCL) + odom->base_link (estimate),-6.0567,-0.6740,0.0930,,
1790738694326613449,514.717,map,tf map->odom (AMCL) + odom->base_link (estimate),-6.0435,-0.6729,0.0844,,
1790738694379005088,514.733,map,tf map->odom (AMCL) + odom->base_link (estimate),-6.0303,-0.6719,0.0760,,
1790738694416823740,514.750,map,tf map->odom (AMCL) + odom->base_link (estimate),-6.0171,-0.6710,0.0674,,
1790738694465359038,514.767,map,tf map->odom (AMCL) + odom->base_link (estimate),-6.0039,-0.6702,0.0589,,
1790738694516713484,514.783,map,tf map->odom (AMCL) + odom->base_link (estimate),-5.9907,-0.6695,0.0504,,
1790738694556716326,514.800,map,tf map->odom (AMCL) + odom->base_link (estimate),-5.9775,-0.6690,0.0419,,
1790738694592534556,514.817,map,tf map->odom (AMCL) + odom->base_link (estimate),-5.9642,-0.6685,0.0335,,
1790738694646459073,514.833,map,tf map->odom (AMCL) + odom->base_link (estimate),-5.9536,-0.6739,-0.0680,,
1790738694683121983,514.850,map,tf map->odom (AMCL) + odom->base_link (estimate),-5.9404,-0.6749,-0.0759,,
1790738694737293582,514.867,map,tf map->odom (AMCL) + odom->base_link (estimate),-5.9272,-0.6760,-0.0837,,
1790738694774006688,514.883,map,tf map->odom (AMCL) + odom->base_link (estimate),-5.9140,-0.6772,-0.0912,,
1790738694826673644,514.900,map,tf map->odom (AMCL) + odom->base_link (estimate),-5.9009,-0.6785,-0.0987,,
1790738694862320942,514.917,map,tf map->odom (AMCL) + odom->base_link (estimate),-5.8877,-0.6800,-0.1059,,
1790738694917073977,514.933,map,tf map->odom (AMCL) + odom->base_link (estimate),-5.8745,-0.6814,-0.1128,,
1790738694955931629,514.950,map,tf map->odom (AMCL) + odom->base_link (estimate),-5.8614,-0.6830,-0.1191,,
1790738695004004800,514.967,map,tf map->odom (AMCL) + odom->base_link (estimate),-5.8482,-0.6847,-0.1250,,
1790738695041994290,514.983,map,tf map->odom (AMCL) + odom->base_link (estimate),-5.8351,-0.6864,-0.1304,,
1790738695091990309,515.000,map,tf map->odom (AMCL) + odom->base_link (estimate),-5.8220,-0.6882,-0.1355,,
1790738695128257926,515.017,map,tf map->odom (AMCL) + odom->base_link (estimate),-5.8088,-0.6901,-0.1403,,
1790738695191674040,515.033,map,tf map->odom (AMCL) + odom->base_link (estimate),-5.7957,-0.6920,-0.1445,,
1790738695227755608,515.050,map,tf map->odom (AMCL) + odom->base_link (estimate),-5.7825,-0.6939,-0.1484,,
1790738695278931517,515.067,map,tf map->odom (AMCL) + odom->base_link (estimate),-5.7694,-0.6960,-0.1520,,
1790738695315259882,515.083,map,tf map->odom (AMCL) + odom->base_link (estimate),-5.7563,-0.6980,-0.1554,,
1790738695370978239,515.100,map,tf map->odom (AMCL) + odom->base_link (estimate),-5.7431,-0.7001,-0.1587,,
1790738695408086828,515.117,map,tf map->odom (AMCL) + odom->base_link (estimate),-5.7300,-0.7023,-0.1617,,
1790738695462953660,515.133,map,tf map->odom (AMCL) + odom->base_link (estimate),-5.7168,-0.7045,-0.1647,,
1790738695508512565,515.150,map,tf map->odom (AMCL) + odom->base_link (estimate),-5.7037,-0.7067,-0.1676,,
1790738695555866642,515.167,map,tf map->odom (AMCL) + odom->base_link (estimate),-5.6906,-0.7089,-0.1705,,
1790738695591283019,515.183,map,tf map->odom (AMCL) + odom->base_link (estimate),-5.6774,-0.7112,-0.1732,,
1790738695641811324,515.200,map,tf map->odom (AMCL) + odom->base_link (estimate),-5.6643,-0.7136,-0.1759,,
1790738695680565542,515.217,map,tf map->odom (AMCL) + odom->base_link (estimate),-5.6512,-0.7159,-0.1784,,
1790738695734432827,515.233,map,tf map->odom (AMCL) + odom->base_link (estimate),-5.6381,-0.7183,-0.1808,,
1790738695771354893,515.250,map,tf map->odom (AMCL) + odom->base_link (estimate),-5.6250,-0.7208,-0.1831,,
1790738695821188060,515.267,map,tf map->odom (AMCL) + odom->base_link (estimate),-5.6119,-0.7232,-0.1853,,
1790738695872804799,515.283,map,tf map->odom (AMCL) + odom->base_link (estimate),-5.5988,-0.7257,-0.1874,,
1790738695911134253,515.300,map,tf map->odom (AMCL) + odom->base_link (estimate),-5.5857,-0.7282,-0.1894,,
1790738695947149369,515.317,map,tf map->odom (AMCL) + odom->base_link (estimate),-5.5726,-0.7308,-0.1913,,
1790738695999870894,515.333,map,tf map->odom (AMCL) + odom->base_link (estimate),-5.5595,-0.7333,-0.1932,,
1790738696038622735,515.350,map,tf map->odom (AMCL) + odom->base_link (estimate),-5.5464,-0.7359,-0.1948,,
1790738696092492017,515.367,map,tf map->odom (AMCL) + odom->base_link (estimate),-5.5333,-0.7385,-0.1963,,
1790738696131974076,515.383,map,tf map->odom (AMCL) + odom->base_link (estimate),-5.5202,-0.7411,-0.1977,,
1790738696183061857,515.400,map,tf map->odom (AMCL) + odom->base_link (estimate),-5.5072,-0.7438,-0.1990,,
1790738696218909178,515.417,map,tf map->odom (AMCL) + odom->base_link (estimate),-5.4941,-0.7464,-0.2002,,
1790738696270118740,515.433,map,tf map->odom (AMCL) + odom->base_link (estimate),-5.4810,-0.7491,-0.2013,,
1790738696305776686,515.450,map,tf map->odom (AMCL) + odom->base_link (estimate),-5.4679,-0.7518,-0.2023,,
1790738696361447698,515.467,map,tf map->odom (AMCL) + odom->base_link (estimate),-5.4549,-0.7545,-0.2033,,
1790738696398761349,515.483,map,tf map->odom (AMCL) + odom->base_link (estimate),-5.4418,-0.7572,-0.2041,,
1790738696452637286,515.500,map,tf map->odom (AMCL) + odom->base_link (estimate),-5.4287,-0.7599,-0.2049,,
1790738696490032316,515.517,map,tf map->odom (AMCL) + odom->base_link (estimate),-5.4156,-0.7626,-0.2056,,
1790738696554639157,515.533,map,tf map->odom (AMCL) + odom->base_link (estimate),-5.4026,-0.7654,-0.2063,,
1790738696589400706,515.550,map,tf map->odom (AMCL) + odom->base_link (estimate),-5.3895,-0.7681,-0.2068,,
1790738696646817929,515.567,map,tf map->odom (AMCL) + odom->base_link (estimate),-5.3764,-0.7709,-0.2074,,
1790738696686935233,515.583,map,tf map->odom (AMCL) + odom->base_link (estimate),-5.3634,-0.7736,-0.2078,,
1790738696738509191,515.600,map,tf map->odom (AMCL) + odom->base_link (estimate),-5.3503,-0.7764,-0.2082,,
1790738696775320978,515.617,map,tf map->odom (AMCL) + odom->base_link (estimate),-5.3373,-0.7791,-0.2086,,
1790738696828672424,515.633,map,tf map->odom (AMCL) + odom->base_link (estimate),-5.3242,-0.7819,-0.2089,,
1790738696866758693,515.650,map,tf map->odom (AMCL) + odom->base_link (estimate),-5.3111,-0.7847,-0.2092,,
1790738696921103981,515.667,map,tf map->odom (AMCL) + odom->base_link (estimate),-5.2981,-0.7875,-0.2094,,
1790738696955695073,515.683,map,tf map->odom (AMCL) + odom->base_link (estimate),-5.2850,-0.7902,-0.2096,,
1790738697007966261,515.700,map,tf map->odom (AMCL) + odom->base_link (estimate),-5.2719,-0.7930,-0.2097,,
1790738697046707549,515.717,map,tf map->odom (AMCL) + odom->base_link (estimate),-5.2589,-0.7958,-0.2098,,
1790738697101347548,515.733,map,tf map->odom (AMCL) + odom->base_link (estimate),-5.2458,-0.7986,-0.2099,,
1790738697140801467,515.750,map,tf map->odom (AMCL) + odom->base_link (estimate),-5.2330,-0.8013,-0.2099,,
1790738697192723755,515.767,map,tf map->odom (AMCL) + odom->base_link (estimate),-5.2204,-0.8040,-0.2099,,
1790738697243406355,515.783,map,tf map->odom (AMCL) + odom->base_link (estimate),-5.2080,-0.8067,-0.2098,,
1790738697281742083,515.800,map,tf map->odom (AMCL) + odom->base_link (estimate),-5.1956,-0.8093,-0.2098,,
1790738697318930720,515.817,map,tf map->odom (AMCL) + odom->base_link (estimate),-5.1830,-0.8120,-0.2097,,
1790738697374901957,515.833,map,tf map->odom (AMCL) + odom->base_link (estimate),-5.1704,-0.8147,-0.2097,,
1790738697415909289,515.850,map,tf map->odom (AMCL) + odom->base_link (estimate),-5.1581,-0.8173,-0.2096,,
1790738697466377890,515.867,map,tf map->odom (AMCL) + odom->base_link (estimate),-5.1462,-0.8198,-0.2094,,
1790738697500594984,515.883,map,tf map->odom (AMCL) + odom->base_link (estimate),-5.1344,-0.8223,-0.2093,,
1790738697558086265,515.900,map,tf map->odom (AMCL) + odom->base_link (estimate),-5.1229,-0.8247,-0.2091,,
1790738697593200896,515.917,map,tf map->odom (AMCL) + odom->base_link (estimate),-5.1117,-0.8271,-0.2089,,
1790738697655435219,515.933,map,tf map->odom (AMCL) + odom->base_link (estimate),-5.1006,-0.8295,-0.2087,,
1790738697689107763,515.950,map,tf map->odom (AMCL) + odom->base_link (estimate),-5.0896,-0.8318,-0.2084,,
1790738697753033822,515.967,map,tf map->odom (AMCL) + odom->base_link (estimate),-5.0786,-0.8341,-0.2082,,
1790738697788605731,515.983,map,tf map->odom (AMCL) + odom->base_link (estimate),-5.0676,-0.8364,-0.2079,,
1790738697847654702,516.000,map,tf map->odom (AMCL) + odom->base_link (estimate),-5.0568,-0.8387,-0.2076,,
1790738697882948252,516.017,map,tf map->odom (AMCL) + odom->base_link (estimate),-5.0462,-0.8409,-0.2073,,
1790738697952934806,516.033,map,tf map->odom (AMCL) + odom->base_link (estimate),-5.0799,-0.8897,-0.2437,,
1790738697991434906,516.050,map,tf map->odom (AMCL) + odom->base_link (estimate),-5.0696,-0.8922,-0.2434,,
1790738698047177315,516.067,map,tf map->odom (AMCL) + odom->base_link (estimate),-5.0593,-0.8948,-0.2431,,
1790738698085979827,516.083,map,tf map->odom (AMCL) + odom->base_link (estimate),-5.0491,-0.8973,-0.2428,,
1790738698140743225,516.100,map,tf map->odom (AMCL) + odom->base_link (estimate),-5.0391,-0.8998,-0.2424,,
1790738698177723282,516.117,map,tf map->odom (AMCL) + odom->base_link (estimate),-5.0291,-0.9023,-0.2420,,
1790738698232380584,516.133,map,tf map->odom (AMCL) + odom->base_link (estimate),-5.0187,-0.9048,-0.2413,,
1790738698271815869,516.150,map,tf map->odom (AMCL) + odom->base_link (estimate),-5.0080,-0.9074,-0.2403,,
1790738698318557992,516.167,map,tf map->odom (AMCL) + odom->base_link (estimate),-4.9972,-0.9101,-0.2391,,
1790738698355371015,516.183,map,tf map->odom (AMCL) + odom->base_link (estimate),-4.9863,-0.9127,-0.2378,,
1790738698406866352,516.200,map,tf map->odom (AMCL) + odom->base_link (estimate),-4.9753,-0.9154,-0.2363,,
1790738698444926573,516.217,map,tf map->odom (AMCL) + odom->base_link (estimate),-4.9646,-0.9179,-0.2348,,
1790738698495820319,516.233,map,tf map->odom (AMCL) + odom->base_link (estimate),-4.9541,-0.9204,-0.2331,,
1790738698531600047,516.250,map,tf map->odom (AMCL) + odom->base_link (estimate),-4.9438,-0.9228,-0.2314,,
1790738698583952518,516.267,map,tf map->odom (AMCL) + odom->base_link (estimate),-4.9335,-0.9253,-0.2296,,
1790738698633247884,516.283,map,tf map->odom (AMCL) + odom->base_link (estimate),-4.9232,-0.9276,-0.2278,,
1790738698674337355,516.300,map,tf map->odom (AMCL) + odom->base_link (estimate),-4.9131,-0.9300,-0.2258,,
1790738698709738806,516.317,map,tf map->odom (AMCL) + odom->base_link (estimate),-4.9033,-0.9322,-0.2238,,
1790738698762106203,516.333,map,tf map->odom (AMCL) + odom->base_link (estimate),-4.8936,-0.9344,-0.2218,,
1790738698799698118,516.350,map,tf map->odom (AMCL) + odom->base_link (estimate),-4.8840,-0.9365,-0.2196,,
1790738698849747375,516.367,map,tf map->odom (AMCL) + odom->base_link (estimate),-4.8744,-0.9387,-0.2175,,
1790738698885413116,516.383,map,tf map->odom (AMCL) + odom->base_link (estimate),-4.8650,-0.9407,-0.2152,,
1790738698934699451,516.400,map,tf map->odom (AMCL) + odom->base_link (estimate),-4.8558,-0.9427,-0.2130,,
1790738698968606528,516.417,map,tf map->odom (AMCL) + odom->base_link (estimate),-4.8468,-0.9446,-0.2107,,
1790738699025274995,516.433,map,tf map->odom (AMCL) + odom->base_link (estimate),-4.8378,-0.9465,-0.2083,,
1790738699059537246,516.450,map,tf map->odom (AMCL) + odom->base_link (estimate),-4.8289,-0.9484,-0.2060,,
1790738699112913980,516.467,map,tf map->odom (AMCL) + odom->base_link (estimate),-4.8199,-0.9502,-0.2035,,
1790738699149755048,516.483,map,tf map->odom (AMCL) + odom->base_link (estimate),-4.8109,-0.9521,-0.2010,,
1790738699201121092,516.500,map,tf map->odom (AMCL) + odom->base_link (estimate),-4.8022,-0.9538,-0.1985,,
1790738699239439613,516.517,map,tf map->odom (AMCL) + odom->base_link (estimate),-4.7937,-0.9555,-0.1960,,
1790738699314754353,516.533,map,tf map->odom (AMCL) + odom->base_link (estimate),-4.7853,-0.9571,-0.1934,,
1790738699352834728,516.550,map,tf map->odom (AMCL) + odom->base_link (estimate),-4.7770,-0.9588,-0.1909,,
1790738699420750699,516.567,map,tf map->odom (AMCL) + odom->base_link (estimate),-4.7687,-0.9603,-0.1883,,
1790738699457535677,516.583,map,tf map->odom (AMCL) + odom->base_link (estimate),-4.7604,-0.9619,-0.1856,,
1790738699521886500,516.600,map,tf map->odom (AMCL) + odom->base_link (estimate),-4.7521,-0.9634,-0.1829,,
1790738699557116829,516.617,map,tf map->odom (AMCL) + odom->base_link (estimate),-4.7438,-0.9649,-0.1802,,
1790738699612898881,516.633,map,tf map->odom (AMCL) + odom->base_link (estimate),-4.7357,-0.9664,-0.1774,,
1790738699651301823,516.650,map,tf map->odom (AMCL) + odom->base_link (estimate),-4.7279,-0.9678,-0.1747,,
1790738699700147802,516.667,map,tf map->odom (AMCL) + odom->base_link (estimate),-4.7202,-0.9691,-0.1719,,
1790738699738156116,516.683,map,tf map->odom (AMCL) + odom->base_link (estimate),-4.7126,-0.9704,-0.1692,,
1790738699789351418,516.700,map,tf map->odom (AMCL) + odom->base_link (estimate),-4.7049,-0.9717,-0.1664,,
1790738699795337190,516.700,map,tf map->odom (AMCL) + odom->base_link (estimate),-4.7049,-0.9717,-0.1664,,
1790738699836534182,516.717,map,tf map->odom (AMCL) + odom->base_link (estimate),-4.6973,-0.9730,-0.1636,,
1790738699888233155,516.733,map,tf map->odom (AMCL) + odom->base_link (estimate),-4.6897,-0.9742,-0.1607,,
1790738699923746502,516.750,map,tf map->odom (AMCL) + odom->base_link (estimate),-4.6822,-0.9754,-0.1578,,
1790738699975360959,516.767,map,tf map->odom (AMCL) + odom->base_link (estimate),-4.6752,-0.9765,-0.1550,,
1790738700023904527,516.783,map,tf map->odom (AMCL) + odom->base_link (estimate),-4.6686,-0.9775,-0.1522,,
1790738700065330729,516.800,map,tf map->odom (AMCL) + odom->base_link (estimate),-4.6620,-0.9785,-0.1495,,
1790738700103834062,516.817,map,tf map->odom (AMCL) + odom->base_link (estimate),-4.6552,-0.9795,-0.1468,,
1790738700187064265,516.833,map,tf map->odom (AMCL) + odom->base_link (estimate),-4.6485,-0.9804,-0.1439,,
1790738700221046636,516.850,map,tf map->odom (AMCL) + odom->base_link (estimate),-4.6422,-0.9813,-0.1411,,
1790738700292562170,516.867,map,tf map->odom (AMCL) + odom->base_link (estimate),-4.6363,-0.9822,-0.1385,,
1790738700331790207,516.883,map,tf map->odom (AMCL) + odom->base_link (estimate),-4.6306,-0.9829,-0.1359,,
1790738700379645482,516.900,map,tf map->odom (AMCL) + odom->base_link (estimate),-4.6250,-0.9837,-0.1333,,
1790738700415716689,516.917,map,tf map->odom (AMCL) + odom->base_link (estimate),-4.6194,-0.9844,-0.1307,,
1790738700469362656,516.933,map,tf map->odom (AMCL) + odom->base_link (estimate),-4.6138,-0.9851,-0.1280,,
1790738700507406050,516.950,map,tf map->odom (AMCL) + odom->base_link (estimate),-4.6082,-0.9858,-0.1253,,
1790738700555871282,516.967,map,tf map->odom (AMCL) + odom->base_link (estimate),-4.6024,-0.9865,-0.1227,,
1790738700590825724,516.983,map,tf map->odom (AMCL) + odom->base_link (estimate),-4.5966,-0.9872,-0.1201,,
1790738700645379496,517.000,map,tf map->odom (AMCL) + odom->base_link (estimate),-4.5909,-0.9879,-0.1176,,
1790738700681853601,517.017,map,tf map->odom (AMCL) + odom->base_link (estimate),-4.5851,-0.9886,-0.1151,,
1790738700754555299,517.033,map,tf map->odom (AMCL) + odom->base_link (estimate),-4.5791,-0.9893,-0.1125,,
1790738700791677578,517.050,map,tf map->odom (AMCL) + odom->base_link (estimate),-4.5729,-0.9899,-0.1098,,
1790738700847435673,517.067,map,tf map->odom (AMCL) + odom->base_link (estimate),-4.5666,-0.9906,-0.1071,,
1790738700881582987,517.083,map,tf map->odom (AMCL) + odom->base_link (estimate),-4.5606,-0.9912,-0.1045,,
1790738700935932078,517.100,map,tf map->odom (AMCL) + odom->base_link (estimate),-4.5549,-0.9918,-0.1019,,
1790738700971388764,517.117,map,tf map->odom (AMCL) + odom->base_link (estimate),-4.5494,-0.9924,-0.0994,,
1790738701029735372,517.133,map,tf map->odom (AMCL) + odom->base_link (estimate),-4.5439,-0.9929,-0.0970,,
1790738701068905323,517.150,map,tf map->odom (AMCL) + odom->base_link (estimate),-4.5383,-0.9934,-0.0945,,
1790738701122304303,517.167,map,tf map->odom (AMCL) + odom->base_link (estimate),-4.5327,-0.9939,-0.0920,,
1790738701161492032,517.183,map,tf map->odom (AMCL) + odom->base_link (estimate),-4.5271,-0.9944,-0.0895,,
1790738701216806634,517.200,map,tf map->odom (AMCL) + odom->base_link (estimate),-4.5215,-0.9949,-0.0870,,
1790738701252603379,517.217,map,tf map->odom (AMCL) + odom->base_link (estimate),-4.5160,-0.9954,-0.0845,,
1790738701309833412,517.233,map,tf map->odom (AMCL) + odom->base_link (estimate),-4.5104,-0.9958,-0.0820,,
1790738701344209650,517.250,map,tf map->odom (AMCL) + odom->base_link (estimate),-4.5050,-0.9962,-0.0796,,
1790738701402316972,517.267,map,tf map->odom (AMCL) + odom->base_link (estimate),-4.5000,-0.9966,-0.0772,,
1790738701449889230,517.283,map,tf map->odom (AMCL) + odom->base_link (estimate),-4.4955,-0.9970,-0.0750,,
1790738701492366979,517.300,map,tf map->odom (AMCL) + odom->base_link (estimate),-4.4911,-0.9973,-0.0729,,
1790738701530591287,517.317,map,tf map->odom (AMCL) + odom->base_link (estimate),-4.4869,-0.9976,-0.0708,,
1790738701588111849,517.333,map,tf map->odom (AMCL) + odom->base_link (estimate),-4.4824,-0.9979,-0.0687,,
1790738701627244914,517.350,map,tf map->odom (AMCL) + odom->base_link (estimate),-4.4777,-0.9982,-0.0666,,
1790738701678135237,517.367,map,tf map->odom (AMCL) + odom->base_link (estimate),-4.4729,-0.9985,-0.0643,,
1790738701713968203,517.383,map,tf map->odom (AMCL) + odom->base_link (estimate),-4.4680,-0.9988,-0.0620,,
1790738701768810982,517.400,map,tf map->odom (AMCL) + odom->base_link (estimate),-4.4631,-0.9991,-0.0597,,
1790738701807062861,517.417,map,tf map->odom (AMCL) + odom->base_link (estimate),-4.4582,-0.9994,-0.0574,,
1790738701860879380,517.433,map,tf map->odom (AMCL) + odom->base_link (estimate),-4.4533,-0.9996,-0.0550,,
1790738701897773115,517.450,map,tf map->odom (AMCL) + odom->base_link (estimate),-4.4484,-0.9999,-0.0526,,
1790738701950993938,517.467,map,tf map->odom (AMCL) + odom->base_link (estimate),-4.4435,-1.0001,-0.0504,,
1790738701989059102,517.483,map,tf map->odom (AMCL) + odom->base_link (estimate),-4.4386,-1.0003,-0.0480,,
1790738702043193054,517.500,map,tf map->odom (AMCL) + odom->base_link (estimate),-4.4337,-1.0006,-0.0457,,
1790738702081424560,517.517,map,tf map->odom (AMCL) + odom->base_link (estimate),-4.4290,-1.0008,-0.0434,,
1790738702145933458,517.533,map,tf map->odom (AMCL) + odom->base_link (estimate),-4.4247,-1.0009,-0.0411,,
1790738702186925668,517.550,map,tf map->odom (AMCL) + odom->base_link (estimate),-4.4209,-1.0011,-0.0391,,
1790738702237711774,517.567,map,tf map->odom (AMCL) + odom->base_link (estimate),-4.4172,-1.0012,-0.0372,,
1790738702275393758,517.583,map,tf map->odom (AMCL) + odom->base_link (estimate),-4.4134,-1.0013,-0.0354,,
1790738702325864726,517.600,map,tf map->odom (AMCL) + odom->base_link (estimate),-4.4094,-1.0015,-0.0337,,
1790738702360665291,517.617,map,tf map->odom (AMCL) + odom->base_link (estimate),-4.4053,-1.0016,-0.0319,,
1790738702433828433,517.633,map,tf map->odom (AMCL) + odom->base_link (estimate),-4.4011,-1.0017,-0.0302,,
1790738702474116650,517.650,map,tf map->odom (AMCL) + odom->base_link (estimate),-4.3970,-1.0018,-0.0284,,
1790738702554055198,517.667,map,tf map->odom (AMCL) + odom->base_link (estimate),-4.3928,-1.0020,-0.0266,,
1790738702591955486,517.683,map,tf map->odom (AMCL) + odom->base_link (estimate),-4.3886,-1.0021,-0.0249,,
1790738702650014197,517.700,map,tf map->odom (AMCL) + odom->base_link (estimate),-4.3844,-1.0022,-0.0232,,
1790738702684505998,517.717,map,tf map->odom (AMCL) + odom->base_link (estimate),-4.3802,-1.0022,-0.0215,,
1790738702737787900,517.733,map,tf map->odom (AMCL) + odom->base_link (estimate),-4.3760,-1.0023,-0.0198,,
1790738702771889608,517.750,map,tf map->odom (AMCL) + odom->base_link (estimate),-4.3718,-1.0024,-0.0181,,
1790738702823102999,517.767,map,tf map->odom (AMCL) + odom->base_link (estimate),-4.3676,-1.0025,-0.0164,,
1790738702873429573,517.783,map,tf map->odom (AMCL) + odom->base_link (estimate),-4.3636,-1.0025,-0.0149,,
1790738702912851138,517.800,map,tf map->odom (AMCL) + odom->base_link (estimate),-4.3599,-1.0026,-0.0135,,
1790738702944626935,517.817,map,tf map->odom (AMCL) + odom->base_link (estimate),-4.3563,-1.0026,-0.0123,,
1790738702999933403,517.833,map,tf map->odom (AMCL) + odom->base_link (estimate),-4.3527,-1.0027,-0.0110,,
1790738703038814202,517.850,map,tf map->odom (AMCL) + odom->base_link (estimate),-4.3492,-1.0027,-0.0098,,
1790738703119962125,517.867,map,tf map->odom (AMCL) + odom->base_link (estimate),-4.3457,-1.0027,-0.0087,,
1790738703155077161,517.883,map,tf map->odom (AMCL) + odom->base_link (estimate),-4.3422,-1.0027,-0.0075,,
1790738703904982857,517.900,map,tf map->odom (AMCL) + odom->base_link (estimate),-4.3387,-1.0028,-0.0064,,
1790738703941803135,517.917,map,tf map->odom (AMCL) + odom->base_link (estimate),-4.3352,-1.0028,-0.0052,,
1790738704861968606,517.933,map,tf map->odom (AMCL) + odom->base_link (estimate),-4.3317,-1.0028,-0.0041,,
1790738704899636511,517.950,map,tf map->odom (AMCL) + odom->base_link (estimate),-4.3282,-1.0028,-0.0030,,
1790738704950229330,517.967,map,tf map->odom (AMCL) + odom->base_link (estimate),-4.3247,-1.0028,-0.0019,,
1790738704989540840,517.983,map,tf map->odom (AMCL) + odom->base_link (estimate),-4.3212,-1.0028,-0.0008,,
1790738705039350428,518.000,map,tf map->odom (AMCL) + odom->base_link (estimate),-4.3177,-1.0028,0.0002,,
1790738705075471564,518.017,map,tf map->odom (AMCL) + odom->base_link (estimate),-4.3142,-1.0028,0.0013,,
1790738705136696964,518.033,map,tf map->odom (AMCL) + odom->base_link (estimate),-4.3107,-1.0028,0.0023,,
1790738705170803903,518.050,map,tf map->odom (AMCL) + odom->base_link (estimate),-4.3072,-1.0028,0.0033,,
1790738705223137825,518.067,map,tf map->odom (AMCL) + odom->base_link (estimate),-4.3037,-1.0028,0.0043,,
1790738705261307877,518.083,map,tf map->odom (AMCL) + odom->base_link (estimate),-4.3004,-1.0027,0.0053,,
1790738705312183302,518.100,map,tf map->odom (AMCL) + odom->base_link (estimate),-4.2974,-1.0027,0.0063,,
1790738705353612881,518.117,map,tf map->odom (AMCL) + odom->base_link (estimate),-4.2945,-1.0027,0.0072,,
1790738705401584057,518.133,map,tf map->odom (AMCL) + odom->base_link (estimate),-4.2917,-1.0027,0.0081,,
1790738705440434798,518.150,map,tf map->odom (AMCL) + odom->base_link (estimate),-4.2888,-1.0026,0.0089,,
1790738705491948393,518.167,map,tf map->odom (AMCL) + odom->base_link (estimate),-4.2860,-1.0026,0.0098,,
1790738705529078767,518.183,map,tf map->odom (AMCL) + odom->base_link (estimate),-4.2832,-1.0026,0.0106,,
1790738705580967236,518.200,map,tf map->odom (AMCL) + odom->base_link (estimate),-4.2804,-1.0026,0.0115,,
1790738705619433020,518.217,map,tf map->odom (AMCL) + odom->base_link (estimate),-4.2776,-1.0025,0.0122,,
1790738705670647648,518.233,map,tf map->odom (AMCL) + odom->base_link (estimate),-4.2748,-1.0025,0.0129,,
1790738705707791340,518.250,map,tf map->odom (AMCL) + odom->base_link (estimate),-4.2720,-1.0024,0.0137,,
1790738705755956183,518.267,map,tf map->odom (AMCL) + odom->base_link (estimate),-4.2692,-1.0024,0.0144,,
1790738705804325728,518.283,map,tf map->odom (AMCL) + odom->base_link (estimate),-4.2664,-1.0024,0.0151,,
1790738705845119515,518.300,map,tf map->odom (AMCL) + odom->base_link (estimate),-4.2636,-1.0023,0.0158,,
1790738705880354214,518.317,map,tf map->odom (AMCL) + odom->base_link (estimate),-4.2608,-1.0023,0.0165,,
1790738705935658970,518.333,map,tf map->odom (AMCL) + odom->base_link (estimate),-4.2580,-1.0022,0.0171,,
1790738705972244679,518.350,map,tf map->odom (AMCL) + odom->base_link (estimate),-4.2552,-1.0022,0.0178,,
1790738706026363745,518.367,map,tf map->odom (AMCL) + odom->base_link (estimate),-4.2524,-1.0021,0.0185,,
1790738706061211395,518.383,map,tf map->odom (AMCL) + odom->base_link (estimate),-4.2496,-1.0021,0.0191,,
1790738706115965587,518.400,map,tf map->odom (AMCL) + odom->base_link (estimate),-4.2468,-1.0020,0.0198,,
1790738706162176065,518.417,map,tf map->odom (AMCL) + odom->base_link (estimate),-4.2440,-1.0019,0.0204,,
1790738706215240520,518.433,map,tf map->odom (AMCL) + odom->base_link (estimate),-4.2412,-1.0019,0.0210,,
1790738706253172293,518.450,map,tf map->odom (AMCL) + odom->base_link (estimate),-4.2386,-1.0018,0.0217,,
1790738706304009669,518.467,map,tf map->odom (AMCL) + odom->base_link (estimate),-4.2364,-1.0018,0.0223,,
1790738706339918208,518.483,map,tf map->odom (AMCL) + odom->base_link (estimate),-4.2347,-1.0017,0.0228,,
1790738706393854546,518.500,map,tf map->odom (AMCL) + odom->base_link (estimate),-4.2336,-1.0017,0.0232,,
1790738706428944090,518.517,map,tf map->odom (AMCL) + odom->base_link (estimate),-4.2330,-1.0017,0.0233,,
1790738706494299664,518.533,map,tf map->odom (AMCL) + odom->base_link (estimate),-4.2310,-1.0215,0.0207,,
1790738706531551223,518.550,map,tf map->odom (AMCL) + odom->base_link (estimate),-4.2309,-1.0215,0.0207,,
1790738706588396470,518.567,map,tf map->odom (AMCL) + odom->base_link (estimate),-4.2309,-1.0215,0.0207,,
1790738706626209912,518.583,map,tf map->odom (AMCL) + odom->base_link (estimate),-4.2309,-1.0215,0.0207,,
1790738706691018917,518.600,map,tf map->odom (AMCL) + odom->base_link (estimate),-4.2309,-1.0215,0.0207,,
1790738706730317205,518.617,map,tf map->odom (AMCL) + odom->base_link (estimate),-4.2308,-1.0215,0.0207,,
1790738706787220857,518.633,map,tf map->odom (AMCL) + odom->base_link (estimate),-4.2308,-1.0215,0.0207,,
1790738706830008770,518.650,map,tf map->odom (AMCL) + odom->base_link (estimate),-4.2308,-1.0215,0.0207,,
1790738706883948057,518.667,map,tf map->odom (AMCL) + odom->base_link (estimate),-4.2308,-1.0215,0.0207,,
1790738706928470319,518.683,map,tf map->odom (AMCL) + odom->base_link (estimate),-4.2308,-1.0215,0.0207,,
1790738706975859828,518.700,map,tf map->odom (AMCL) + odom->base_link (estimate),-4.2307,-1.0215,0.0207,,
1790738707016890563,518.717,map,tf map->odom (AMCL) + odom->base_link (estimate),-4.2307,-1.0215,0.0207,,
1790738707079688035,518.733,map,tf map->odom (AMCL) + odom->base_link (estimate),-4.2307,-1.0215,0.0207,,
1790738707140221141,518.750,map,tf map->odom (AMCL) + odom->base_link (estimate),-4.2307,-1.0215,0.0207,,
1790738707192399635,518.767,map,tf map->odom (AMCL) + odom->base_link (estimate),-4.2307,-1.0215,0.0207,,
1790738707269931040,518.783,map,tf map->odom (AMCL) + odom->base_link (estimate),-4.2307,-1.0215,0.0208,,
1790738707323254700,518.800,map,tf map->odom (AMCL) + odom->base_link (estimate),-4.2306,-1.0215,0.0208,,
1790738707374278229,518.817,map,tf map->odom (AMCL) + odom->base_link (estimate),-4.2306,-1.0215,0.0208,,
1790738707439355667,518.833,map,tf map->odom (AMCL) + odom->base_link (estimate),-4.2306,-1.0215,0.0208,,
1790738707485587548,518.850,map,tf map->odom (AMCL) + odom->base_link (estimate),-4.2306,-1.0215,0.0208,,
1790738707539158334,518.867,map,tf map->odom (AMCL) + odom->base_link (estimate),-4.2306,-1.0215,0.0208,,
1790738707575773531,518.883,map,tf map->odom (AMCL) + odom->base_link (estimate),-4.2306,-1.0215,0.0208,,
1790738707629260420,518.900,map,tf map->odom (AMCL) + odom->base_link (estimate),-4.2305,-1.0215,0.0208,,
1790738707669354113,518.917,map,tf map->odom (AMCL) + odom->base_link (estimate),-4.2305,-1.0215,0.0208,,
1790738707724841597,518.933,map,tf map->odom (AMCL) + odom->base_link (estimate),-4.2305,-1.0215,0.0208,,
1790738707761967976,518.950,map,tf map->odom (AMCL) + odom->base_link (estimate),-4.2305,-1.0215,0.0208,,
1790738707815255966,518.967,map,tf map->odom (AMCL) + odom->base_link (estimate),-4.2305,-1.0215,0.0208,,
1790738707854578415,518.983,map,tf map->odom (AMCL) + odom->base_link (estimate),-4.2305,-1.0215,0.0208,,
1790738707903042606,519.000,map,tf map->odom (AMCL) + odom->base_link (estimate),-4.2304,-1.0215,0.0208,,
1790738707938641525,519.017,map,tf map->odom (AMCL) + odom->base_link (estimate),-4.2304,-1.0215,0.0208,,
1790738708001342259,519.033,map,tf map->odom (AMCL) + odom->base_link (estimate),-4.2304,-1.0215,0.0208,,
1790738708037559087,519.050,map,tf map->odom (AMCL) + odom->base_link (estimate),-4.2304,-1.0215,0.0208,,
1790738708091183617,519.067,map,tf map->odom (AMCL) + odom->base_link (estimate),-4.2304,-1.0215,0.0208,,
1790738708129492831,519.083,map,tf map->odom (AMCL) + odom->base_link (estimate),-4.2304,-1.0215,0.0208,,
1790738708181707946,519.100,map,tf map->odom (AMCL) + odom->base_link (estimate),-4.2303,-1.0215,0.0208,,
1790738708219699360,519.117,map,tf map->odom (AMCL) + odom->base_link (estimate),-4.2303,-1.0215,0.0208,,
1790738708275404767,519.133,map,tf map->odom (AMCL) + odom->base_link (estimate),-4.2303,-1.0215,0.0209,,
1790738708313157712,519.150,map,tf map->odom (AMCL) + odom->base_link (estimate),-4.2303,-1.0215,0.0209,,
1790738708363543166,519.167,map,tf map->odom (AMCL) + odom->base_link (estimate),-4.2303,-1.0215,0.0209,,
1790738708407430683,519.183,map,tf map->odom (AMCL) + odom->base_link (estimate),-4.2303,-1.0215,0.0209,,
1790738708457133260,519.200,map,tf map->odom (AMCL) + odom->base_link (estimate),-4.2302,-1.0215,0.0209,,
1790738708497506040,519.217,map,tf map->odom (AMCL) + odom->base_link (estimate),-4.2302,-1.0215,0.0209,,
1790738708549559924,519.233,map,tf map->odom (AMCL) + odom->base_link (estimate),-4.2302,-1.0215,0.0209,,
1790738708586142399,519.250,map,tf map->odom (AMCL) + odom->base_link (estimate),-4.2302,-1.0215,0.0209,,
1790738708651451553,519.267,map,tf map->odom (AMCL) + odom->base_link (estimate),-4.2302,-1.0215,0.0209,,
1790738708701399829,519.283,map,tf map->odom (AMCL) + odom->base_link (estimate),-4.2302,-1.0215,0.0209,,
1790738708773187610,519.300,map,tf map->odom (AMCL) + odom->base_link (estimate),-4.2301,-1.0215,0.0209,,
1790738708819013227,519.317,map,tf map->odom (AMCL) + odom->base_link (estimate),-4.2301,-1.0215,0.0209,,
1790738708880385590,519.333,map,tf map->odom (AMCL) + odom->base_link (estimate),-4.2301,-1.0215,0.0209,,
1790738708917168771,519.350,map,tf map->odom (AMCL) + odom->base_link (estimate),-4.2301,-1.0215,0.0209,,
1790738708971973473,519.367,map,tf map->odom (AMCL) + odom->base_link (estimate),-4.2301,-1.0215,0.0209,,
1790738709007206840,519.383,map,tf map->odom (AMCL) + odom->base_link (estimate),-4.2301,-1.0215,0.0209,,
1790738709064606360,519.400,map,tf map->odom (AMCL) + odom->base_link (estimate),-4.2300,-1.0215,0.0209,,
1790738709103227002,519.417,map,tf map->odom (AMCL) + odom->base_link (estimate),-4.2300,-1.0215,0.0210,,
1790738709155579188,519.433,map,tf map->odom (AMCL) + odom->base_link (estimate),-4.2300,-1.0215,0.0210,,
1790738709192536061,519.450,map,tf map->odom (AMCL) + odom->base_link (estimate),-4.2300,-1.0215,0.0210,,
1790738709245580920,519.467,map,tf map->odom (AMCL) + odom->base_link (estimate),-4.2300,-1.0215,0.0210,,
1790738709281562989,519.483,map,tf map->odom (AMCL) + odom->base_link (estimate),-4.2299,-1.0215,0.0210,,
1790738709335631546,519.500,map,tf map->odom (AMCL) + odom->base_link (estimate),-4.2299,-1.0215,0.0210,,
1790738709375340758,519.517,map,tf map->odom (AMCL) + odom->base_link (estimate),-4.2299,-1.0215,0.0210,,
1790738709441125805,519.533,map,tf map->odom (AMCL) + odom->base_link (estimate),-4.2299,-1.0215,0.0210,,
1790738709478422356,519.550,map,tf map->odom (AMCL) + odom->base_link (estimate),-4.2299,-1.0215,0.0210,,
1790738709527203777,519.567,map,tf map->odom (AMCL) + odom->base_link (estimate),-4.2299,-1.0215,0.0210,,
1790738709564576997,519.583,map,tf map->odom (AMCL) + odom->base_link (estimate),-4.2298,-1.0215,0.0210,,
1790738709620500422,519.600,map,tf map->odom (AMCL) + odom->base_link (estimate),-4.2298,-1.0215,0.0210,,
1790738709658775393,519.617,map,tf map->odom (AMCL) + odom->base_link (estimate),-4.2298,-1.0215,0.0210,,
1790738709713945076,519.633,map,tf map->odom (AMCL) + odom->base_link (estimate),-4.2298,-1.0215,0.0210,,
1790738709748557490,519.650,map,tf map->odom (AMCL) + odom->base_link (estimate),-4.2298,-1.0215,0.0210,,
1790738709799817776,519.667,map,tf map->odom (AMCL) + odom->base_link (estimate),-4.2297,-1.0215,0.0210,,
1790738709841370252,519.683,map,tf map->odom (AMCL) + odom->base_link (estimate),-4.2297,-1.0215,0.0210,,
1790738709894973094,519.700,map,tf map->odom (AMCL) + odom->base_link (estimate),-4.2297,-1.0215,0.0210,,
1790738709928901490,519.717,map,tf map->odom (AMCL) + odom->base_link (estimate),-4.2297,-1.0215,0.0210,,
1790738709985677109,519.733,map,tf map->odom (AMCL) + odom->base_link (estimate),-4.2297,-1.0215,0.0211,,
1790738710021327679,519.750,map,tf map->odom (AMCL) + odom->base_link (estimate),-4.2297,-1.0215,0.0211,,
1790738710076905433,519.767,map,tf map->odom (AMCL) + odom->base_link (estimate),-4.2296,-1.0215,0.0211,,
1790738710121845849,519.783,map,tf map->odom (AMCL) + odom->base_link (estimate),-4.2296,-1.0215,0.0211,,
1790738710168020562,519.800,map,tf map->odom (AMCL) + odom->base_link (estimate),-4.2296,-1.0215,0.0211,,
1790738710204749238,519.817,map,tf map->odom (AMCL) + odom->base_link (estimate),-4.2296,-1.0215,0.0211,,
1790738710257657123,519.833,map,tf map->odom (AMCL) + odom->base_link (estimate),-4.2296,-1.0215,0.0211,,
1790738710294514975,519.850,map,tf map->odom (AMCL) + odom->base_link (estimate),-4.2296,-1.0215,0.0211,,
1790738710353692220,519.867,map,tf map->odom (AMCL) + odom->base_link (estimate),-4.2295,-1.0215,0.0211,,
1790738710391260438,519.883,map,tf map->odom (AMCL) + odom->base_link (estimate),-4.2295,-1.0215,0.0211,,
1790738710453568320,519.900,map,tf map->odom (AMCL) + odom->base_link (estimate),-4.2295,-1.0215,0.0211,,
1790738710499005176,519.917,map,tf map->odom (AMCL) + odom->base_link (estimate),-4.2295,-1.0215,0.0211,,
1790738710549800413,519.933,map,tf map->odom (AMCL) + odom->base_link (estimate),-4.2295,-1.0215,0.0211,,
1790738710585413030,519.950,map,tf map->odom (AMCL) + odom->base_link (estimate),-4.2295,-1.0215,0.0211,,
1790738710640743182,519.967,map,tf map->odom (AMCL) + odom->base_link (estimate),-4.2294,-1.0215,0.0211,,
1790738710678229691,519.983,map,tf map->odom (AMCL) + odom->base_link (estimate),-4.2294,-1.0215,0.0211,,
1790738710738842509,520.000,map,tf map->odom (AMCL) + odom->base_link (estimate),-4.2294,-1.0215,0.0211,,
1790738710776807670,520.017,map,tf map->odom (AMCL) + odom->base_link (estimate),-4.2294,-1.0215,0.0211,,
1790738710843868010,520.033,map,tf map->odom (AMCL) + odom->base_link (estimate),-4.2294,-1.0215,0.0211,,
1790738710881485311,520.050,map,tf map->odom (AMCL) + odom->base_link (estimate),-4.2293,-1.0215,0.0211,,
1790738710933734194,520.067,map,tf map->odom (AMCL) + odom->base_link (estimate),-4.2293,-1.0215,0.0212,,
1790738710971789054,520.083,map,tf map->odom (AMCL) + odom->base_link (estimate),-4.2293,-1.0215,0.0212,,
1790738711022904946,520.100,map,tf map->odom (AMCL) + odom->base_link (estimate),-4.2293,-1.0215,0.0212,,
1790738711059767744,520.117,map,tf map->odom (AMCL) + odom->base_link (estimate),-4.2293,-1.0215,0.0212,,
1790738711114876264,520.133,map,tf map->odom (AMCL) + odom->base_link (estimate),-4.2293,-1.0215,0.0212,,
1790738711151548248,520.150,map,tf map->odom (AMCL) + odom->base_link (estimate),-4.2292,-1.0215,0.0212,,
1790738711204323819,520.167,map,tf map->odom (AMCL) + odom->base_link (estimate),-4.2292,-1.0215,0.0212,,
1790738711243045004,520.183,map,tf map->odom (AMCL) + odom->base_link (estimate),-4.2292,-1.0215,0.0212,,
1790738711300049104,520.200,map,tf map->odom (AMCL) + odom->base_link (estimate),-4.2292,-1.0215,0.0212,,
1790738711344111550,520.217,map,tf map->odom (AMCL) + odom->base_link (estimate),-4.2292,-1.0215,0.0212,,
1790738711397425984,520.233,map,tf map->odom (AMCL) + odom->base_link (estimate),-4.2292,-1.0215,0.0212,,
1790738711439073391,520.250,map,tf map->odom (AMCL) + odom->base_link (estimate),-4.2291,-1.0215,0.0212,,
1790738711491247224,520.267,map,tf map->odom (AMCL) + odom->base_link (estimate),-4.2291,-1.0215,0.0212,,
1790738711548619539,520.283,map,tf map->odom (AMCL) + odom->base_link (estimate),-4.2291,-1.0215,0.0212,,
1790738711587156950,520.300,map,tf map->odom (AMCL) + odom->base_link (estimate),-4.2291,-1.0215,0.0212,,
1790738711627323271,520.317,map,tf map->odom (AMCL) + odom->base_link (estimate),-4.2291,-1.0215,0.0212,,
1790738711678710217,520.333,map,tf map->odom (AMCL) + odom->base_link (estimate),-4.2290,-1.0215,0.0212,,
1790738711718241508,520.350,map,tf map->odom (AMCL) + odom->base_link (estimate),-4.2290,-1.0215,0.0212,,
1790738711774116351,520.367,map,tf map->odom (AMCL) + odom->base_link (estimate),-4.2290,-1.0215,0.0213,,
1790738711818614551,520.383,map,tf map->odom (AMCL) + odom->base_link (estimate),-4.2290,-1.0215,0.0213,,
1790738711868157467,520.400,map,tf map->odom (AMCL) + odom->base_link (estimate),-4.2290,-1.0215,0.0213,,
1790738711961787596,520.417,map,tf map->odom (AMCL) + odom->base_link (estimate),-4.2290,-1.0215,0.0213,,
1790738712017606672,520.433,map,tf map->odom (AMCL) + odom->base_link (estimate),-4.2289,-1.0215,0.0213,,
1790738712057752355,520.450,map,tf map->odom (AMCL) + odom->base_link (estimate),-4.2289,-1.0215,0.0213,,
1790738712108500683,520.467,map,tf map->odom (AMCL) + odom->base_link (estimate),-4.2289,-1.0215,0.0213,,
1790738712150296966,520.483,map,tf map->odom (AMCL) + odom->base_link (estimate),-4.2289,-1.0215,0.0213,,
1790738680496970319,509.917,map,"nav2_feedback of the target goal (map, AMCL-based estimate)",-6.2415,-0.9999,3.1405,,
1790738680506085009,509.917,map,"nav2_feedback of the target goal (map, AMCL-based estimate)",-6.2415,-0.9999,3.1405,,
1790738680515812819,509.917,map,"nav2_feedback of the target goal (map, AMCL-based estimate)",-6.2415,-0.9999,3.1405,,
1790738680527514762,509.917,map,"nav2_feedback of the target goal (map, AMCL-based estimate)",-6.2415,-0.9999,3.1405,,
1790738680535825627,509.917,map,"nav2_feedback of the target goal (map, AMCL-based estimate)",-6.2415,-0.9999,3.1405,,
1790738680546422797,509.917,map,"nav2_feedback of the target goal (map, AMCL-based estimate)",-6.2415,-0.9999,3.1405,,
1790738680555771283,509.933,map,"nav2_feedback of the target goal (map, AMCL-based estimate)",-6.2416,-0.9999,3.1405,,
1790738680566073784,509.933,map,"nav2_feedback of the target goal (map, AMCL-based estimate)",-6.2416,-0.9999,3.1405,,
1790738680576029016,509.933,map,"nav2_feedback of the target goal (map, AMCL-based estimate)",-6.2416,-0.9999,3.1405,,
1790738680585964749,509.933,map,"nav2_feedback of the target goal (map, AMCL-based estimate)",-6.2416,-0.9999,3.1405,,
1790738680596176223,509.933,map,"nav2_feedback of the target goal (map, AMCL-based estimate)",-6.2416,-0.9999,3.1405,,
1790738680606191854,509.950,map,"nav2_feedback of the target goal (map, AMCL-based estimate)",-6.2416,-0.9999,3.1405,,
1790738680615785359,509.950,map,"nav2_feedback of the target goal (map, AMCL-based estimate)",-6.2416,-0.9999,3.1405,,
1790738680625927399,509.950,map,"nav2_feedback of the target goal (map, AMCL-based estimate)",-6.2416,-0.9999,3.1405,,
1790738680636087701,509.950,map,"nav2_feedback of the target goal (map, AMCL-based estimate)",-6.2416,-0.9999,3.1405,,
1790738680645719443,509.950,map,"nav2_feedback of the target goal (map, AMCL-based estimate)",-6.2416,-0.9999,3.1405,,
1790738680655729461,509.967,map,"nav2_feedback of the target goal (map, AMCL-based estimate)",-6.2416,-0.9999,3.1405,,
1790738680665894519,509.967,map,"nav2_feedback of the target goal (map, AMCL-based estimate)",-6.2416,-0.9999,3.1405,,
1790738680675560693,509.967,map,"nav2_feedback of the target goal (map, AMCL-based estimate)",-6.2416,-0.9999,3.1405,,
1790738680685901335,509.983,map,"nav2_feedback of the target goal (map, AMCL-based estimate)",-6.2416,-0.9999,3.1405,,
1790738680697833175,509.983,map,"nav2_feedback of the target goal (map, AMCL-based estimate)",-6.2416,-0.9999,3.1405,,
1790738680705359141,509.983,map,"nav2_feedback of the target goal (map, AMCL-based estimate)",-6.2416,-0.9999,3.1405,,
1790738680716256022,509.983,map,"nav2_feedback of the target goal (map, AMCL-based estimate)",-6.2416,-0.9999,3.1405,,
1790738680725515860,509.983,map,"nav2_feedback of the target goal (map, AMCL-based estimate)",-6.2416,-0.9999,3.1405,,
1790738680735932786,509.983,map,"nav2_feedback of the target goal (map, AMCL-based estimate)",-6.2416,-0.9999,3.1405,,
1790738680745782058,510.000,map,"nav2_feedback of the target goal (map, AMCL-based estimate)",-6.2416,-0.9999,3.1404,,
1790738680755940933,510.000,map,"nav2_feedback of the target goal (map, AMCL-based estimate)",-6.2416,-0.9999,3.1404,,
1790738680766254943,510.000,map,"nav2_feedback of the target goal (map, AMCL-based estimate)",-6.2416,-0.9999,3.1404,,
1790738680775949747,510.000,map,"nav2_feedback of the target goal (map, AMCL-based estimate)",-6.2416,-0.9999,3.1404,,
1790738680786060589,510.000,map,"nav2_feedback of the target goal (map, AMCL-based estimate)",-6.2416,-0.9999,3.1404,,
1790738680795854028,510.017,map,"nav2_feedback of the target goal (map, AMCL-based estimate)",-6.2417,-0.9999,3.1402,,
1790738680805943849,510.017,map,"nav2_feedback of the target goal (map, AMCL-based estimate)",-6.2417,-0.9999,3.1402,,
1790738680815941027,510.017,map,"nav2_feedback of the target goal (map, AMCL-based estimate)",-6.2417,-0.9999,3.1402,,
1790738680825781739,510.017,map,"nav2_feedback of the target goal (map, AMCL-based estimate)",-6.2417,-0.9999,3.1402,,
1790738680836334014,510.017,map,"nav2_feedback of the target goal (map, AMCL-based estimate)",-6.2417,-0.9999,3.1402,,
1790738680845900031,510.017,map,"nav2_feedback of the target goal (map, AMCL-based estimate)",-6.2417,-0.9999,3.1402,,
1790738680855670357,510.017,map,"nav2_feedback of the target goal (map, AMCL-based estimate)",-6.2417,-0.9999,3.1402,,
1790738680866088899,510.033,map,"nav2_feedback of the target goal (map, AMCL-based estimate)",-6.2417,-0.9999,3.1400,,
1790738680876171587,510.033,map,"nav2_feedback of the target goal (map, AMCL-based estimate)",-6.2417,-0.9999,3.1400,,
1790738680885889504,510.033,map,"nav2_feedback of the target goal (map, AMCL-based estimate)",-6.2417,-0.9999,3.1400,,
1790738680896024124,510.033,map,"nav2_feedback of the target goal (map, AMCL-based estimate)",-6.2417,-0.9999,3.1400,,
1790738680905756404,510.050,map,"nav2_feedback of the target goal (map, AMCL-based estimate)",-6.2417,-0.9999,3.1397,,
1790738680915847462,510.050,map,"nav2_feedback of the target goal (map, AMCL-based estimate)",-6.2417,-0.9999,3.1397,,
1790738680925591155,510.050,map,"nav2_feedback of the target goal (map, AMCL-based estimate)",-6.2417,-0.9999,3.1397,,
1790738680935873111,510.050,map,"nav2_feedback of the target goal (map, AMCL-based estimate)",-6.2417,-0.9999,3.1397,,
1790738680945800664,510.050,map,"nav2_feedback of the target goal (map, AMCL-based estimate)",-6.2417,-0.9999,3.1397,,
1790738680955514300,510.067,map,"nav2_feedback of the target goal (map, AMCL-based estimate)",-6.2417,-0.9999,3.1389,,
1790738680965786649,510.067,map,"nav2_feedback of the target goal (map, AMCL-based estimate)",-6.2417,-0.9999,3.1389,,
1790738680975872761,510.067,map,"nav2_feedback of the target goal (map, AMCL-based estimate)",-6.2417,-0.9999,3.1389,,
1790738680986112390,510.067,map,"nav2_feedback of the target goal (map, AMCL-based estimate)",-6.2417,-0.9999,3.1389,,
1790738680995776186,510.083,map,"nav2_feedback of the target goal (map, AMCL-based estimate)",-6.2417,-0.9999,3.1379,,
1790738681005460907,510.083,map,"nav2_feedback of the target goal (map, AMCL-based estimate)",-6.2417,-0.9999,3.1379,,
1790738681015784999,510.083,map,"nav2_feedback of the target goal (map, AMCL-based estimate)",-6.2417,-0.9999,3.1379,,
1790738681025963944,510.083,map,"nav2_feedback of the target goal (map, AMCL-based estimate)",-6.2417,-0.9999,3.1379,,
1790738681035640771,510.083,map,"nav2_feedback of the target goal (map, AMCL-based estimate)",-6.2417,-0.9999,3.1379,,
1790738681046072439,510.100,map,"nav2_feedback of the target goal (map, AMCL-based estimate)",-6.2418,-0.9999,3.1363,,
1790738681055624093,510.100,map,"nav2_feedback of the target goal (map, AMCL-based estimate)",-6.2418,-0.9999,3.1363,,
1790738681065718480,510.100,map,"nav2_feedback of the target goal (map, AMCL-based estimate)",-6.2418,-0.9999,3.1363,,
1790738681075557290,510.100,map,"nav2_feedback of the target goal (map, AMCL-based estimate)",-6.2418,-0.9999,3.1363,,
1790738681085887659,510.117,map,"nav2_feedback of the target goal (map, AMCL-based estimate)",-6.2418,-0.9999,3.1341,,
1790738681095919079,510.117,map,"nav2_feedback of the target goal (map, AMCL-based estimate)",-6.2418,-0.9999,3.1341,,
1790738681105389409,510.117,map,"nav2_feedback of the target goal (map, AMCL-based estimate)",-6.2418,-0.9999,3.1341,,
1790738681115777990,510.117,map,"nav2_feedback of the target goal (map, AMCL-based estimate)",-6.2418,-0.9999,3.1341,,
1790738681125485349,510.117,map,"nav2_feedback of the target goal (map, AMCL-based estimate)",-6.2418,-0.9999,3.1341,,
1790738681136100781,510.117,map,"nav2_feedback of the target goal (map, AMCL-based estimate)",-6.2418,-0.9999,3.1341,,
1790738681145727672,510.133,map,"nav2_feedback of the target goal (map, AMCL-based estimate)",-6.2418,-0.9999,3.1313,,
1790738681155753861,510.133,map,"nav2_feedback of the target goal (map, AMCL-based estimate)",-6.2418,-0.9999,3.1313,,
1790738681165684267,510.133,map,"nav2_feedback of the target goal (map, AMCL-based estimate)",-6.2418,-0.9999,3.1313,,
1790738681175659663,510.150,map,"nav2_feedback of the target goal (map, AMCL-based estimate)",-6.2418,-0.9999,3.1279,,
1790738681185803130,510.150,map,"nav2_feedback of the target goal (map, AMCL-based estimate)",-6.2418,-0.9999,3.1279,,
1790738681195457605,510.150,map,"nav2_feedback of the target goal (map, AMCL-based estimate)",-6.2418,-0.9999,3.1279,,
1790738681205523837,510.150,map,"nav2_feedback of the target goal (map, AMCL-based estimate)",-6.2418,-0.9999,3.1279,,
1790738681216184735,510.150,map,"nav2_feedback of the target goal (map, AMCL-based estimate)",-6.2418,-0.9999,3.1279,,
1790738681225811531,510.150,map,"nav2_feedback of the target goal (map, AMCL-based estimate)",-6.2418,-0.9999,3.1279,,
1790738681235966126,510.167,map,"nav2_feedback of the target goal (map, AMCL-based estimate)",-6.2419,-0.9999,3.1237,,
1790738681245888923,510.167,map,"nav2_feedback of the target goal (map, AMCL-based estimate)",-6.2419,-0.9999,3.1237,,
1790738681255765304,510.167,map,"nav2_feedback of the target goal (map, AMCL-based estimate)",-6.2419,-0.9999,3.1237,,
1790738681265781885,510.167,map,"nav2_feedback of the target goal (map, AMCL-based estimate)",-6.2419,-0.9999,3.1237,,
1790738681275550404,510.167,map,"nav2_feedback of the target goal (map, AMCL-based estimate)",-6.2419,-0.9999,3.1237,,
1790738681286079661,510.183,map,"nav2_feedback of the target goal (map, AMCL-based estimate)",-6.2419,-0.9999,3.1189,,
1790738681295601925,510.183,map,"nav2_feedback of the target goal (map, AMCL-based estimate)",-6.2419,-0.9999,3.1189,,
1790738681305470315,510.183,map,"nav2_feedback of the target goal (map, AMCL-based estimate)",-6.2419,-0.9999,3.1189,,
1790738681316164409,510.183,map,"nav2_feedback of the target goal (map, AMCL-based estimate)",-6.2419,-0.9999,3.1189,,
1790738681326080073,510.183,map,"nav2_feedback of the target goal (map, AMCL-based estimate)",-6.2419,-0.9999,3.1189,,
1790738681336417005,510.200,map,"nav2_feedback of the target goal (map, AMCL-based estimate)",-6.2420,-0.9999,3.1133,,
1790738681345632043,510.200,map,"nav2_feedback of the target goal (map, AMCL-based estimate)",-6.2420,-0.9999,3.1133,,
1790738681355888032,510.200,map,"nav2_feedback of the target goal (map, AMCL-based estimate)",-6.2420,-0.9999,3.1133,,
1790738681366074206,510.200,map,"nav2_feedback of the target goal (map, AMCL-based estimate)",-6.2420,-0.9999,3.1133,,
1790738681375909021,510.200,map,"nav2_feedback of the target goal (map, AMCL-based estimate)",-6.2420,-0.9999,3.1133,,
1790738681386170621,510.217,map,"nav2_feedback of the target goal (map, AMCL-based estimate)",-6.2420,-0.9999,3.1069,,
1790738681395843263,510.217,map,"nav2_feedback of the target goal (map, AMCL-based estimate)",-6.2420,-0.9999,3.1069,,
1790738681406579208,510.217,map,"nav2_feedback of the target goal (map, AMCL-based estimate)",-6.2420,-0.9999,3.1069,,
1790738681415995417,510.217,map,"nav2_feedback of the target goal (map, AMCL-based estimate)",-6.2420,-0.9999,3.1069,,
1790738681425928772,510.217,map,"nav2_feedback of the target goal (map, AMCL-based estimate)",-6.2420,-0.9999,3.1069,,
1790738681436149473,510.217,map,"nav2_feedback of the target goal (map, AMCL-based estimate)",-6.2420,-0.9999,3.1069,,
1790738681445548656,510.233,map,"nav2_feedback of the target goal (map, AMCL-based estimate)",-6.2421,-0.9999,3.0999,,
1790738681456070684,510.233,map,"nav2_feedback of the target goal (map, AMCL-based estimate)",-6.2421,-0.9999,3.0999,,
1790738681465779090,510.233,map,"nav2_feedback of the target goal (map, AMCL-based estimate)",-6.2421,-0.9999,3.0999,,
1790738681475706357,510.233,map,"nav2_feedback of the target goal (map, AMCL-based estimate)",-6.2421,-0.9999,3.0999,,
1790738681485951978,510.250,map,"nav2_feedback of the target goal (map, AMCL-based estimate)",-6.2422,-0.9999,3.0921,,
1790738681495515903,510.250,map,"nav2_feedback of the target goal (map, AMCL-based estimate)",-6.2422,-0.9999,3.0921,,
1790738681505525921,510.250,map,"nav2_feedback of the target goal (map, AMCL-based estimate)",-6.2422,-0.9999,3.0921,,
1790738681518296304,510.250,map,"nav2_feedback of the target goal (map, AMCL-based estimate)",-6.2422,-0.9999,3.0921,,
1790738681525618912,510.250,map,"nav2_feedback of the target goal (map, AMCL-based estimate)",-6.2422,-0.9999,3.0921,,
1790738681536368078,510.267,map,"nav2_feedback of the target goal (map, AMCL-based estimate)",-6.2423,-0.9999,3.0838,,
1790738681545777439,510.267,map,"nav2_feedback of the target goal (map, AMCL-based estimate)",-6.2423,-0.9999,3.0838,,
1790738681555929466,510.267,map,"nav2_feedback of the target goal (map, AMCL-based estimate)",-6.2423,-0.9999,3.0838,,
1790738681566103084,510.267,map,"nav2_feedback of the target goal (map, AMCL-based estimate)",-6.2423,-0.9999,3.0838,,
1790738681575864469,510.267,map,"nav2_feedback of the target goal (map, AMCL-based estimate)",-6.2423,-0.9999,3.0838,,
1790738681586031620,510.283,map,"nav2_feedback of the target goal (map, AMCL-based estimate)",-6.2424,-0.9998,3.0751,,
1790738681595851216,510.283,map,"nav2_feedback of the target goal (map, AMCL-based estimate)",-6.2424,-0.9998,3.0751,,
1790738681605747000,510.283,map,"nav2_feedback of the target goal (map, AMCL-based estimate)",-6.2424,-0.9998,3.0751,,
1790738681616045125,510.283,map,"nav2_feedback of the target goal (map, AMCL-based estimate)",-6.2424,-0.9998,3.0751,,
1790738681626192491,510.283,map,"nav2_feedback of the target goal (map, AMCL-based estimate)",-6.2424,-0.9998,3.0751,,
1790738681636414429,510.300,map,"nav2_feedback of the target goal (map, AMCL-based estimate)",-6.2426,-0.9998,3.0661,,
1790738681645881715,510.300,map,"nav2_feedback of the target goal (map, AMCL-based estimate)",-6.2426,-0.9998,3.0661,,
1790738681655684666,510.300,map,"nav2_feedback of the target goal (map, AMCL-based estimate)",-6.2426,-0.9998,3.0661,,
1790738681666183010,510.300,map,"nav2_feedback of the target goal (map, AMCL-based estimate)",-6.2426,-0.9998,3.0661,,
1790738681677118128,510.317,map,"nav2_feedback of the target goal (map, AMCL-based estimate)",-6.2427,-0.9998,3.0568,,
1790738681685991034,510.317,map,"nav2_feedback of the target goal (map, AMCL-based estimate)",-6.2427,-0.9998,3.0568,,
1790738681695879399,510.317,map,"nav2_feedback of the target goal (map, AMCL-based estimate)",-6.2427,-0.9998,3.0568,,
1790738681706012213,510.317,map,"nav2_feedback of the target goal (map, AMCL-based estimate)",-6.2427,-0.9998,3.0568,,
1790738681716000925,510.317,map,"nav2_feedback of the target goal (map, AMCL-based estimate)",-6.2427,-0.9998,3.0568,,
1790738681725529466,510.317,map,"nav2_feedback of the target goal (map, AMCL-based estimate)",-6.2427,-0.9998,3.0568,,
1790738681736020011,510.333,map,"nav2_feedback of the target goal (map, AMCL-based estimate)",-6.2429,-0.9998,3.0474,,
1790738681745724802,510.333,map,"nav2_feedback of the target goal (map, AMCL-based estimate)",-6.2429,-0.9998,3.0474,,
1790738681755976987,510.333,map,"nav2_feedback of the target goal (map, AMCL-based estimate)",-6.2429,-0.9998,3.0474,,
1790738681765605780,510.333,map,"nav2_feedback of the target goal (map, AMCL-based estimate)",-6.2429,-0.9998,3.0474,,
1790738681775637865,510.350,map,"nav2_feedback of the target goal (map, AMCL-based estimate)",-6.2430,-0.9998,3.0378,,
1790738681785998387,510.350,map,"nav2_feedback of the target goal (map, AMCL-based estimate)",-6.2430,-0.9998,3.0378,,
1790738681795749404,510.350,map,"nav2_feedback of the target goal (map, AMCL-based estimate)",-6.2430,-0.9998,3.0378,,
1790738681806942667,510.350,map,"nav2_feedback of the target goal (map, AMCL-based estimate)",-6.2430,-0.9998,3.0378,,
1790738681815958437,510.350,map,"nav2_feedback of the target goal (map, AMCL-based estimate)",-6.2430,-0.9998,3.0378,,
1790738681826048924,510.350,map,"nav2_feedback of the target goal (map, AMCL-based estimate)",-6.2430,-0.9998,3.0378,,
1790738681835973053,510.367,map,"nav2_feedback of the target goal (map, AMCL-based estimate)",-6.2432,-0.9998,3.0280,,
1790738681845845534,510.367,map,"nav2_feedback of the target goal (map, AMCL-based estimate)",-6.2432,-0.9998,3.0280,,
1790738681855702320,510.367,map,"nav2_feedback of the target goal (map, AMCL-based estimate)",-6.2432,-0.9998,3.0280,,
1790738681866120292,510.367,map,"nav2_feedback of the target goal (map, AMCL-based estimate)",-6.2432,-0.9998,3.0280,,
1790738681875656632,510.383,map,"nav2_feedback of the target goal (map, AMCL-based estimate)",-6.2434,-0.9997,3.0180,,
1790738681886223460,510.383,map,"nav2_feedback of the target goal (map, AMCL-based estimate)",-6.2434,-0.9997,3.0180,,
1790738681895950509,510.383,map,"nav2_feedback of the target goal (map, AMCL-based estimate)",-6.2434,-0.9997,3.0180,,
1790738681906122225,510.383,map,"nav2_feedback of the target goal (map, AMCL-based estimate)",-6.2434,-0.9997,3.0180,,
1790738681916306211,510.383,map,"nav2_feedback of the target goal (map, AMCL-based estimate)",-6.2434,-0.9997,3.0180,,
1790738681926206180,510.383,map,"nav2_feedback of the target goal (map, AMCL-based estimate)",-6.2434,-0.9997,3.0180,,
1790738681936413850,510.400,map,"nav2_feedback of the target goal (map, AMCL-based estimate)",-6.2436,-0.9997,3.0079,,
1790738681945782501,510.400,map,"nav2_feedback of the target goal (map, AMCL-based estimate)",-6.2436,-0.9997,3.0079,,
1790738681956000443,510.400,map,"nav2_feedback of the target goal (map, AMCL-based estimate)",-6.2436,-0.9997,3.0079,,
1790738681965769057,510.400,map,"nav2_feedback of the target goal (map, AMCL-based estimate)",-6.2436,-0.9997,3.0079,,
1790738681978524887,510.400,map,"nav2_feedback of the target goal (map, AMCL-based estimate)",-6.2436,-0.9997,3.0079,,
1790738681986190009,510.400,map,"nav2_feedback of the target goal (map, AMCL-based estimate)",-6.2436,-0.9997,3.0079,,
1790738681996090358,510.417,map,"nav2_feedback of the target goal (map, AMCL-based estimate)",-6.2438,-0.9997,2.9976,,
1790738682005779360,510.417,map,"nav2_feedback of the target goal (map, AMCL-based estimate)",-6.2438,-0.9997,2.9976,,
1790738682015997968,510.417,map,"nav2_feedback of the target goal (map, AMCL-based estimate)",-6.2438,-0.9997,2.9976,,
1790738682025942928,510.417,map,"nav2_feedback of the target goal (map, AMCL-based estimate)",-6.2438,-0.9997,2.9976,,
1790738682037745790,510.417,map,"nav2_feedback of the target goal (map, AMCL-based estimate)",-6.2438,-0.9997,2.9976,,
1790738682045553395,510.433,map,"nav2_feedback of the target goal (map, AMCL-based estimate)",-6.2440,-0.9996,2.9873,,
1790738682055831451,510.433,map,"nav2_feedback of the target goal (map, AMCL-based estimate)",-6.2440,-0.9996,2.9873,,
1790738682065670260,510.433,map,"nav2_feedback of the target goal (map, AMCL-based estimate)",-6.2440,-0.9996,2.9873,,
1790738682075898190,510.433,map,"nav2_feedback of the target goal (map, AMCL-based estimate)",-6.2440,-0.9996,2.9873,,
1790738682085888044,510.450,map,"nav2_feedback of the target goal (map, AMCL-based estimate)",-6.2442,-0.9996,2.9768,,
1790738682095896731,510.450,map,"nav2_feedback of the target goal (map, AMCL-based estimate)",-6.2442,-0.9996,2.9768,,
1790738682105665345,510.450,map,"nav2_feedback of the target goal (map, AMCL-based estimate)",-6.2442,-0.9996,2.9768,,
1790738682115605073,510.450,map,"nav2_feedback of the target goal (map, AMCL-based estimate)",-6.2442,-0.9996,2.9768,,
1790738682125589790,510.450,map,"nav2_feedback of the target goal (map, AMCL-based estimate)",-6.2442,-0.9996,2.9768,,
1790738682136204367,510.450,map,"nav2_feedback of the target goal (map, AMCL-based estimate)",-6.2442,-0.9996,2.9768,,
1790738682148296953,510.467,map,"nav2_feedback of the target goal (map, AMCL-based estimate)",-6.2445,-0.9995,2.9661,,
1790738682155871143,510.467,map,"nav2_feedback of the target goal (map, AMCL-based estimate)",-6.2445,-0.9995,2.9661,,
1790738682166298056,510.467,map,"nav2_feedback of the target goal (map, AMCL-based estimate)",-6.2445,-0.9995,2.9661,,
1790738682175968415,510.467,map,"nav2_feedback of the target goal (map, AMCL-based estimate)",-6.2445,-0.9995,2.9661,,
1790738682186451826,510.467,map,"nav2_feedback of the target goal (map, AMCL-based estimate)",-6.2445,-0.9995,2.9661,,
1790738682195964007,510.483,map,"nav2_feedback of the target goal (map, AMCL-based estimate)",-6.2447,-0.9995,2.9554,,
1790738682206089116,510.483,map,"nav2_feedback of the target goal (map, AMCL-based estimate)",-6.2447,-0.9995,2.9554,,
1790738682216060993,510.483,map,"nav2_feedback of the target goal (map, AMCL-based estimate)",-6.2447,-0.9995,2.9554,,
1790738682225775962,510.483,map,"nav2_feedback of the target goal (map, AMCL-based estimate)",-6.2447,-0.9995,2.9554,,
1790738682236379980,510.483,map,"nav2_feedback of the target goal (map, AMCL-based estimate)",-6.2447,-0.9995,2.9554,,
1790738682245593877,510.500,map,"nav2_feedback of the target goal (map, AMCL-based estimate)",-6.2449,-0.9995,2.9446,,
1790738682255850627,510.500,map,"nav2_feedback of the target goal (map, AMCL-based estimate)",-6.2449,-0.9995,2.9446,,
1790738682265906682,510.500,map,"nav2_feedback of the target goal (map, AMCL-based estimate)",-6.2449,-0.9995,2.9446,,
1790738682275755954,510.500,map,"nav2_feedback of the target goal (map, AMCL-based estimate)",-6.2449,-0.9995,2.9446,,
1790738682286313841,510.500,map,"nav2_feedback of the target goal (map, AMCL-based estimate)",-6.2449,-0.9995,2.9446,,
1790738682295776277,510.517,map,"nav2_feedback of the target goal (map, AMCL-based estimate)",-6.2451,-0.9994,2.9337,,
1790738682305699549,510.517,map,"nav2_feedback of the target goal (map, AMCL-based estimate)",-6.2451,-0.9994,2.9337,,
1790738682315726594,510.517,map,"nav2_feedback of the target goal (map, AMCL-based estimate)",-6.2451,-0.9994,2.9337,,
1790738682325705414,510.517,map,"nav2_feedback of the target goal (map, AMCL-based estimate)",-6.2451,-0.9994,2.9337,,
1790738682336164952,510.517,map,"nav2_feedback of the target goal (map, AMCL-based estimate)",-6.2451,-0.9994,2.9337,,
1790738682346053602,510.517,map,"nav2_feedback of the target goal (map, AMCL-based estimate)",-6.2451,-0.9994,2.9337,,
1790738682355616480,510.533,map,"nav2_feedback of the target goal (map, AMCL-based estimate)",-6.2453,-0.9994,2.9226,,
1790738682365744062,510.533,map,"nav2_feedback of the target goal (map, AMCL-based estimate)",-6.2453,-0.9994,2.9226,,
1790738682375691970,510.533,map,"nav2_feedback of the target goal (map, AMCL-based estimate)",-6.2453,-0.9994,2.9226,,
1790738682386234163,510.533,map,"nav2_feedback of the target goal (map, AMCL-based estimate)",-6.2453,-0.9994,2.9226,,
1790738682395841555,510.533,map,"nav2_feedback of the target goal (map, AMCL-based estimate)",-6.2453,-0.9994,2.9226,,
1790738682406200365,510.550,map,"nav2_feedback of the target goal (map, AMCL-based estimate)",-6.2454,-0.9993,2.9115,,
1790738682415829443,510.550,map,"nav2_feedback of the target goal (map, AMCL-based estimate)",-6.2454,-0.9993,2.9115,,
1790738682425738829,510.550,map,"nav2_feedback of the target goal (map, AMCL-based estimate)",-6.2454,-0.9993,2.9115,,
1790738682435853951,510.550,map,"nav2_feedback of the target goal (map, AMCL-based estimate)",-6.2454,-0.9993,2.9115,,
1790738682447024101,510.567,map,"nav2_feedback of the target goal (map, AMCL-based estimate)",-6.2456,-0.9993,2.9004,,
1790738682455916695,510.567,map,"nav2_feedback of the target goal (map, AMCL-based estimate)",-6.2456,-0.9993,2.9004,,
1790738682466027632,510.567,map,"nav2_feedback of the target goal (map, AMCL-based estimate)",-6.2456,-0.9993,2.9004,,
1790738682475694472,510.567,map,"nav2_feedback of the target goal (map, AMCL-based estimate)",-6.2456,-0.9993,2.9004,,
1790738682486321509,510.567,map,"nav2_feedback of the target goal (map, AMCL-based estimate)",-6.2456,-0.9993,2.9004,,
1790738682495773101,510.583,map,"nav2_feedback of the target goal (map, AMCL-based estimate)",-6.2457,-0.9992,2.8891,,
1790738682506258510,510.583,map,"nav2_feedback of the target goal (map, AMCL-based estimate)",-6.2457,-0.9992,2.8891,,
1790738682516170939,510.583,map,"nav2_feedback of the target goal (map, AMCL-based estimate)",-6.2457,-0.9992,2.8891,,
1790738682525703570,510.583,map,"nav2_feedback of the target goal (map, AMCL-based estimate)",-6.2457,-0.9992,2.8891,,
1790738682536214755,510.583,map,"nav2_feedback of the target goal (map, AMCL-based estimate)",-6.2457,-0.9992,2.8891,,
1790738682545426084,510.600,map,"nav2_feedback of the target goal (map, AMCL-based estimate)",-6.2458,-0.9992,2.8778,,
1790738682558499412,510.600,map,"nav2_feedback of the target goal (map, AMCL-based estimate)",-6.2458,-0.9992,2.8778,,
1790738682565487497,510.600,map,"nav2_feedback of the target goal (map, AMCL-based estimate)",-6.2458,-0.9992,2.8778,,
1790738682576383046,510.617,map,"nav2_feedback of the target goal (map, AMCL-based estimate)",-6.2459,-0.9992,2.8664,,
1790738682585800682,510.617,map,"nav2_feedback of the target goal (map, AMCL-based estimate)",-6.2459,-0.9992,2.8664,,
1790738682595449545,510.617,map,"nav2_feedback of the target goal (map, AMCL-based estimate)",-6.2459,-0.9992,2.8664,,
1790738682605641711,510.617,map,"nav2_feedback of the target goal (map, AMCL-based estimate)",-6.2459,-0.9992,2.8664,,
1790738682615881435,510.617,map,"nav2_feedback of the target goal (map, AMCL-based estimate)",-6.2459,-0.9992,2.8664,,
1790738682625642249,510.617,map,"nav2_feedback of the target goal (map, AMCL-based estimate)",-6.2459,-0.9992,2.8664,,
1790738682635880166,510.633,map,"nav2_feedback of the target goal (map, AMCL-based estimate)",-6.2460,-0.9992,2.8550,,
1790738682645898935,510.633,map,"nav2_feedback of the target goal (map, AMCL-based estimate)",-6.2460,-0.9992,2.8550,,
1790738682658061051,510.633,map,"nav2_feedback of the target goal (map, AMCL-based estimate)",-6.2460,-0.9992,2.8550,,
1790738682666320077,510.633,map,"nav2_feedback of the target goal (map, AMCL-based estimate)",-6.2460,-0.9992,2.8550,,
1790738682675966277,510.633,map,"nav2_feedback of the target goal (map, AMCL-based estimate)",-6.2460,-0.9992,2.8550,,
1790738682686383677,510.650,map,"nav2_feedback of the target goal (map, AMCL-based estimate)",-6.2460,-0.9991,2.8436,,
1790738682695961203,510.650,map,"nav2_feedback of the target goal (map, AMCL-based estimate)",-6.2460,-0.9991,2.8436,,
1790738682705914152,510.650,map,"nav2_feedback of the target goal (map, AMCL-based estimate)",-6.2460,-0.9991,2.8436,,
1790738682716136280,510.650,map,"nav2_feedback of the target goal (map, AMCL-based estimate)",-6.2460,-0.9991,2.8436,,
1790738682725997632,510.650,map,"nav2_feedback of the target goal (map, AMCL-based estimate)",-6.2460,-0.9991,2.8436,,
1790738682736251433,510.667,map,"nav2_feedback of the target goal (map, AMCL-based estimate)",-6.2460,-0.9991,2.8321,,
1790738682745912090,510.667,map,"nav2_feedback of the target goal (map, AMCL-based estimate)",-6.2460,-0.9991,2.8321,,
1790738682755827658,510.667,map,"nav2_feedback of the target goal (map, AMCL-based estimate)",-6.2460,-0.9991,2.8321,,
1790738682765971696,510.667,map,"nav2_feedback of the target goal (map, AMCL-based estimate)",-6.2460,-0.9991,2.8321,,
1790738682775916845,510.683,map,"nav2_feedback of the target goal (map, AMCL-based estimate)",-6.2460,-0.9991,2.8206,,
1790738682786162276,510.683,map,"nav2_feedback of the target goal (map, AMCL-based estimate)",-6.2460,-0.9991,2.8206,,
1790738682795690532,510.683,map,"nav2_feedback of the target goal (map, AMCL-based estimate)",-6.2460,-0.9991,2.8206,,
1790738682805738597,510.683,map,"nav2_feedback of the target goal (map, AMCL-based estimate)",-6.2460,-0.9991,2.8206,,
1790738682815943128,510.683,map,"nav2_feedback of the target goal (map, AMCL-based estimate)",-6.2460,-0.9991,2.8206,,
1790738682825475378,510.700,map,"nav2_feedback of the target goal (map, AMCL-based estimate)",-6.2460,-0.9992,2.8091,,
1790738682836294264,510.700,map,"nav2_feedback of the target goal (map, AMCL-based estimate)",-6.2460,-0.9992,2.8091,,
1790738682845921821,510.700,map,"nav2_feedback of the target goal (map, AMCL-based estimate)",-6.2460,-0.9992,2.8091,,
1790738682855755494,510.700,map,"nav2_feedback of the target goal (map, AMCL-based estimate)",-6.2460,-0.9992,2.8091,,
1790738682865593353,510.717,map,"nav2_feedback of the target goal (map, AMCL-based estimate)",-6.2459,-0.9992,2.7977,,
1790738682876049561,510.717,map,"nav2_feedback of the target goal (map, AMCL-based estimate)",-6.2459,-0.9992,2.7977,,
1790738682885929175,510.717,map,"nav2_feedback of the target goal (map, AMCL-based estimate)",-6.2459,-0.9992,2.7977,,
1790738682896123244,510.717,map,"nav2_feedback of the target goal (map, AMCL-based estimate)",-6.2459,-0.9992,2.7977,,
1790738682906034151,510.717,map,"nav2_feedback of the target goal (map, AMCL-based estimate)",-6.2459,-0.9992,2.7977,,
1790738682916036846,510.717,map,"nav2_feedback of the target goal (map, AMCL-based estimate)",-6.2459,-0.9992,2.7977,,
1790738682925809740,510.717,map,"nav2_feedback of the target goal (map, AMCL-based estimate)",-6.2459,-0.9992,2.7977,,
1790738682936215252,510.733,map,"nav2_feedback of the target goal (map, AMCL-based estimate)",-6.2458,-0.9992,2.7866,,
1790738682946111892,510.733,map,"nav2_feedback of the target goal (map, AMCL-based estimate)",-6.2458,-0.9992,2.7866,,
1790738682956392230,510.733,map,"nav2_feedback of the target goal (map, AMCL-based estimate)",-6.2458,-0.9992,2.7866,,
1790738682965825655,510.733,map,"nav2_feedback of the target goal (map, AMCL-based estimate)",-6.2458,-0.9992,2.7866,,
1790738682975931266,510.733,map,"nav2_feedback of the target goal (map, AMCL-based estimate)",-6.2458,-0.9992,2.7866,,
1790738682986395939,510.733,map,"nav2_feedback of the target goal (map, AMCL-based estimate)",-6.2458,-0.9992,2.7866,,
1790738682995722168,510.750,map,"nav2_feedback of the target goal (map, AMCL-based estimate)",-6.2457,-0.9992,2.7758,,
1790738683006152124,510.750,map,"nav2_feedback of the target goal (map, AMCL-based estimate)",-6.2457,-0.9992,2.7758,,
1790738683016058371,510.750,map,"nav2_feedback of the target goal (map, AMCL-based estimate)",-6.2457,-0.9992,2.7758,,
1790738683025769630,510.750,map,"nav2_feedback of the target goal (map, AMCL-based estimate)",-6.2457,-0.9992,2.7758,,
1790738683036044737,510.750,map,"nav2_feedback of the target goal (map, AMCL-based estimate)",-6.2457,-0.9992,2.7758,,
1790738683045806408,510.767,map,"nav2_feedback of the target goal (map, AMCL-based estimate)",-6.2456,-0.9993,2.7651,,
1790738683055726732,510.767,map,"nav2_feedback of the target goal (map, AMCL-based estimate)",-6.2456,-0.9993,2.7651,,
1790738683065479176,510.767,map,"nav2_feedback of the target goal (map, AMCL-based estimate)",-6.2456,-0.9993,2.7651,,
1790738683075467794,510.767,map,"nav2_feedback of the target goal (map, AMCL-based estimate)",-6.2456,-0.9993,2.7651,,
1790738683086173491,510.767,map,"nav2_feedback of the target goal (map, AMCL-based estimate)",-6.2456,-0.9993,2.7651,,
1790738683095832056,510.783,map,"nav2_feedback of the target goal (map, AMCL-based estimate)",-6.2455,-0.9993,2.7545,,
1790738683105604760,510.783,map,"nav2_feedback of the target goal (map, AMCL-based estimate)",-6.2455,-0.9993,2.7545,,
1790738683115855803,510.783,map,"nav2_feedback of the target goal (map, AMCL-based estimate)",-6.2455,-0.9993,2.7545,,
1790738683125820546,510.783,map,"nav2_feedback of the target goal (map, AMCL-based estimate)",-6.2455,-0.9993,2.7545,,
1790738683135653649,510.783,map,"nav2_feedback of the target goal (map, AMCL-based estimate)",-6.2455,-0.9993,2.7545,,
1790738683146710896,510.800,map,"nav2_feedback of the target goal (map, AMCL-based estimate)",-6.2454,-0.9994,2.7441,,
1790738683156140611,510.800,map,"nav2_feedback of the target goal (map, AMCL-based estimate)",-6.2454,-0.9994,2.7441,,
1790738683165992642,510.800,map,"nav2_feedback of the target goal (map, AMCL-based estimate)",-6.2454,-0.9994,2.7441,,
1790738683176226754,510.800,map,"nav2_feedback of the target goal (map, AMCL-based estimate)",-6.2454,-0.9994,2.7441,,
1790738683186336835,510.800,map,"nav2_feedback of the target goal (map, AMCL-based estimate)",-6.2454,-0.9994,2.7441,,
1790738683195923872,510.817,map,"nav2_feedback of the target goal (map, AMCL-based estimate)",-6.2453,-0.9994,2.7337,,
1790738683205772098,510.817,map,"nav2_feedback of the target goal (map, AMCL-based estimate)",-6.2453,-0.9994,2.7337,,
1790738683216387911,510.817,map,"nav2_feedback of the target goal (map, AMCL-based estimate)",-6.2453,-0.9994,2.7337,,
1790738683225620261,510.817,map,"nav2_feedback of the target goal (map, AMCL-based estimate)",-6.2453,-0.9994,2.7337,,
1790738683236163976,510.817,map,"nav2_feedback of the target goal (map, AMCL-based estimate)",-6.2453,-0.9994,2.7337,,
1790738683245838995,510.817,map,"nav2_feedback of the target goal (map, AMCL-based estimate)",-6.2453,-0.9994,2.7337,,
1790738683256092131,510.833,map,"nav2_feedback of the target goal (map, AMCL-based estimate)",-6.2451,-0.9995,2.7234,,
1790738683265773238,510.833,map,"nav2_feedback of the target goal (map, AMCL-based estimate)",-6.2451,-0.9995,2.7234,,
1790738683276454776,510.833,map,"nav2_feedback of the target goal (map, AMCL-based estimate)",-6.2451,-0.9995,2.7234,,
1790738683286105637,510.833,map,"nav2_feedback of the target goal (map, AMCL-based estimate)",-6.2451,-0.9995,2.7234,,
1790738683295567501,510.833,map,"nav2_feedback of the target goal (map, AMCL-based estimate)",-6.2451,-0.9995,2.7234,,
1790738683305607862,510.850,map,"nav2_feedback of the target goal (map, AMCL-based estimate)",-6.2450,-0.9995,2.7132,,
1790738683315632623,510.850,map,"nav2_feedback of the target goal (map, AMCL-based estimate)",-6.2450,-0.9995,2.7132,,
1790738683325525078,510.850,map,"nav2_feedback of the target goal (map, AMCL-based estimate)",-6.2450,-0.9995,2.7132,,
1790738683335974248,510.850,map,"nav2_feedback of the target goal (map, AMCL-based estimate)",-6.2450,-0.9995,2.7132,,
1790738683345566136,510.850,map,"nav2_feedback of the target goal (map, AMCL-based estimate)",-6.2450,-0.9995,2.7132,,
1790738683355680117,510.867,map,"nav2_feedback of the target goal (map, AMCL-based estimate)",-6.2449,-0.9996,2.7029,,
1790738683365916987,510.867,map,"nav2_feedback of the target goal (map, AMCL-based estimate)",-6.2449,-0.9996,2.7029,,
1790738683375816291,510.867,map,"nav2_feedback of the target goal (map, AMCL-based estimate)",-6.2449,-0.9996,2.7029,,
1790738683386102051,510.883,map,"nav2_feedback of the target goal (map, AMCL-based estimate)",-6.2447,-0.9997,2.6927,,
1790738683395815022,510.883,map,"nav2_feedback of the target goal (map, AMCL-based estimate)",-6.2447,-0.9997,2.6927,,
1790738683405638042,510.883,map,"nav2_feedback of the target goal (map, AMCL-based estimate)",-6.2447,-0.9997,2.6927,,
1790738683417298801,510.883,map,"nav2_feedback of the target goal (map, AMCL-based estimate)",-6.2447,-0.9997,2.6927,,
1790738683425818065,510.883,map,"nav2_feedback of the target goal (map, AMCL-based estimate)",-6.2447,-0.9997,2.6927,,
1790738683436286543,510.883,map,"nav2_feedback of the target goal (map, AMCL-based estimate)",-6.2447,-0.9997,2.6927,,
1790738683445915051,510.900,map,"nav2_feedback of the target goal (map, AMCL-based estimate)",-6.2446,-0.9998,2.6825,,
1790738683455660552,510.900,map,"nav2_feedback of the target goal (map, AMCL-based estimate)",-6.2446,-0.9998,2.6825,,
1790738683468078910,510.900,map,"nav2_feedback of the target goal (map, AMCL-based estimate)",-6.2446,-0.9998,2.6825,,
1790738683476155028,510.900,map,"nav2_feedback of the target goal (map, AMCL-based estimate)",-6.2446,-0.9998,2.6825,,
1790738683486114255,510.900,map,"nav2_feedback of the target goal (map, AMCL-based estimate)",-6.2446,-0.9998,2.6825,,
1790738683495587533,510.917,map,"nav2_feedback of the target goal (map, AMCL-based estimate)",-6.2444,-0.9998,2.6724,,
1790738683506183277,510.917,map,"nav2_feedback of the target goal (map, AMCL-based estimate)",-6.2444,-0.9998,2.6724,,
1790738683517994890,510.917,map,"nav2_feedback of the target goal (map, AMCL-based estimate)",-6.2444,-0.9998,2.6724,,
1790738683526178964,510.917,map,"nav2_feedback of the target goal (map, AMCL-based estimate)",-6.2444,-0.9998,2.6724,,
1790738683536092821,510.917,map,"nav2_feedback of the target goal (map, AMCL-based estimate)",-6.2444,-0.9998,2.6724,,
1790738683545548027,510.933,map,"nav2_feedback of the target goal (map, AMCL-based estimate)",-6.2442,-0.9999,2.6624,,
1790738683555533791,510.933,map,"nav2_feedback of the target goal (map, AMCL-based estimate)",-6.2442,-0.9999,2.6624,,
1790738683565944724,510.933,map,"nav2_feedback of the target goal (map, AMCL-based estimate)",-6.2442,-0.9999,2.6624,,
1790738683578757339,510.933,map,"nav2_feedback of the target goal (map, AMCL-based estimate)",-6.2442,-0.9999,2.6624,,
1790738683585645837,510.933,map,"nav2_feedback of the target goal (map, AMCL-based estimate)",-6.2442,-0.9999,2.6624,,
1790738683596624328,510.950,map,"nav2_feedback of the target goal (map, AMCL-based estimate)",-6.2441,-1.0000,2.6526,,
1790738683605599483,510.950,map,"nav2_feedback of the target goal (map, AMCL-based estimate)",-6.2441,-1.0000,2.6526,,
1790738683615906549,510.950,map,"nav2_feedback of the target goal (map, AMCL-based estimate)",-6.2441,-1.0000,2.6526,,
1790738683626099286,510.950,map,"nav2_feedback of the target goal (map, AMCL-based estimate)",-6.2441,-1.0000,2.6526,,
1790738683636099127,510.967,map,"nav2_feedback of the target goal (map, AMCL-based estimate)",-6.2439,-1.0001,2.6432,,
1790738683645669329,510.967,map,"nav2_feedback of the target goal (map, AMCL-based estimate)",-6.2439,-1.0001,2.6432,,
1790738683655907341,510.967,map,"nav2_feedback of the target goal (map, AMCL-based estimate)",-6.2439,-1.0001,2.6432,,
1790738683666269575,510.967,map,"nav2_feedback of the target goal (map, AMCL-based estimate)",-6.2439,-1.0001,2.6432,,
1790738683676078232,510.983,map,"nav2_feedback of the target goal (map, AMCL-based estimate)",-6.2438,-1.0002,2.6339,,
1790738683686643444,510.983,map,"nav2_feedback of the target goal (map, AMCL-based estimate)",-6.2438,-1.0002,2.6339,,
1790738683696094180,510.983,map,"nav2_feedback of the target goal (map, AMCL-based estimate)",-6.2438,-1.0002,2.6339,,
1790738683706139486,510.983,map,"nav2_feedback of the target goal (map, AMCL-based estimate)",-6.2438,-1.0002,2.6339,,
1790738683715980674,510.983,map,"nav2_feedback of the target goal (map, AMCL-based estimate)",-6.2438,-1.0002,2.6339,,
1790738683725960636,510.983,map,"nav2_feedback of the target goal (map, AMCL-based estimate)",-6.2438,-1.0002,2.6339,,
1790738683736801874,511.000,map,"nav2_feedback of the target goal (map, AMCL-based estimate)",-6.2436,-1.0003,2.6248,,
1790738683745695705,511.000,map,"nav2_feedback of the target goal (map, AMCL-based estimate)",-6.2436,-1.0003,2.6248,,
1790738683756455524,511.000,map,"nav2_feedback of the target goal (map, AMCL-based estimate)",-6.2436,-1.0003,2.6248,,
1790738683766014978,511.000,map,"nav2_feedback of the target goal (map, AMCL-based estimate)",-6.2436,-1.0003,2.6248,,
1790738683776104989,511.000,map,"nav2_feedback of the target goal (map, AMCL-based estimate)",-6.2436,-1.0003,2.6248,,
1790738683786118717,511.017,map,"nav2_feedback of the target goal (map, AMCL-based estimate)",-6.2434,-1.0003,2.6157,,
1790738683796288150,511.017,map,"nav2_feedback of the target goal (map, AMCL-based estimate)",-6.2434,-1.0003,2.6157,,
1790738683806262405,511.017,map,"nav2_feedback of the target goal (map, AMCL-based estimate)",-6.2434,-1.0003,2.6157,,
1790738683816173408,511.017,map,"nav2_feedback of the target goal (map, AMCL-based estimate)",-6.2434,-1.0003,2.6157,,
1790738683825708036,511.017,map,"nav2_feedback of the target goal (map, AMCL-based estimate)",-6.2434,-1.0003,2.6157,,
1790738683835879657,511.017,map,"nav2_feedback of the target goal (map, AMCL-based estimate)",-6.2434,-1.0003,2.6157,,
1790738683845716184,511.033,map,"nav2_feedback of the target goal (map, AMCL-based estimate)",-6.2433,-1.0004,2.6068,,
1790738683855677313,511.033,map,"nav2_feedback of the target goal (map, AMCL-based estimate)",-6.2433,-1.0004,2.6068,,
1790738683866672925,511.033,map,"nav2_feedback of the target goal (map, AMCL-based estimate)",-6.2433,-1.0004,2.6068,,
1790738683875739201,511.033,map,"nav2_feedback of the target goal (map, AMCL-based estimate)",-6.2433,-1.0004,2.6068,,
1790738683886055874,511.050,map,"nav2_feedback of the target goal (map, AMCL-based estimate)",-6.2431,-1.0005,2.5977,,
1790738683895663932,511.050,map,"nav2_feedback of the target goal (map, AMCL-based estimate)",-6.2431,-1.0005,2.5977,,
1790738683905519673,511.050,map,"nav2_feedback of the target goal (map, AMCL-based estimate)",-6.2431,-1.0005,2.5977,,
1790738683917223804,511.050,map,"nav2_feedback of the target goal (map, AMCL-based estimate)",-6.2431,-1.0005,2.5977,,
1790738683925889927,511.050,map,"nav2_feedback of the target goal (map, AMCL-based estimate)",-6.2431,-1.0005,2.5977,,
1790738683935919064,511.067,map,"nav2_feedback of the target goal (map, AMCL-based estimate)",-6.2430,-1.0006,2.5884,,
1790738683945754830,511.067,map,"nav2_feedback of the target goal (map, AMCL-based estimate)",-6.2430,-1.0006,2.5884,,
1790738683955760854,511.067,map,"nav2_feedback of the target goal (map, AMCL-based estimate)",-6.2430,-1.0006,2.5884,,
1790738683965917161,511.067,map,"nav2_feedback of the target goal (map, AMCL-based estimate)",-6.2430,-1.0006,2.5884,,
1790738683975908156,511.067,map,"nav2_feedback of the target goal (map, AMCL-based estimate)",-6.2430,-1.0006,2.5884,,
1790738683986087482,511.083,map,"nav2_feedback of the target goal (map, AMCL-based estimate)",-6.2428,-1.0007,2.5786,,
1790738683995968618,511.083,map,"nav2_feedback of the target goal (map, AMCL-based estimate)",-6.2428,-1.0007,2.5786,,
1790738684005764530,511.083,map,"nav2_feedback of the target goal (map, AMCL-based estimate)",-6.2428,-1.0007,2.5786,,
1790738684015897439,511.083,map,"nav2_feedback of the target goal (map, AMCL-based estimate)",-6.2428,-1.0007,2.5786,,
1790738684025674899,511.083,map,"nav2_feedback of the target goal (map, AMCL-based estimate)",-6.2428,-1.0007,2.5786,,
1790738684036660428,511.100,map,"nav2_feedback of the target goal (map, AMCL-based estimate)",-6.2426,-1.0008,2.5684,,
1790738684045942523,511.100,map,"nav2_feedback of the target goal (map, AMCL-based estimate)",-6.2426,-1.0008,2.5684,,
1790738684055881966,511.100,map,"nav2_feedback of the target goal (map, AMCL-based estimate)",-6.2426,-1.0008,2.5684,,
1790738684066368040,511.100,map,"nav2_feedback of the target goal (map, AMCL-based estimate)",-6.2426,-1.0008,2.5684,,
1790738684076152919,511.100,map,"nav2_feedback of the target goal (map, AMCL-based estimate)",-6.2426,-1.0008,2.5684,,
1790738684086739532,511.117,map,"nav2_feedback of the target goal (map, AMCL-based estimate)",-6.2425,-1.0010,2.5579,,
1790738684095678733,511.117,map,"nav2_feedback of the target goal (map, AMCL-based estimate)",-6.2425,-1.0010,2.5579,,
1790738684105379529,511.117,map,"nav2_feedback of the target goal (map, AMCL-based estimate)",-6.2425,-1.0010,2.5579,,
1790738684115676608,511.117,map,"nav2_feedback of the target goal (map, AMCL-based estimate)",-6.2425,-1.0010,2.5579,,
1790738684125505336,511.133,map,"nav2_feedback of the target goal (map, AMCL-based estimate)",-6.2423,-1.0011,2.5472,,
1790738684136050002,511.133,map,"nav2_feedback of the target goal (map, AMCL-based estimate)",-6.2423,-1.0011,2.5472,,
1790738684145892902,511.133,map,"nav2_feedback of the target goal (map, AMCL-based estimate)",-6.2423,-1.0011,2.5472,,
1790738684155612721,511.133,map,"nav2_feedback of the target goal (map, AMCL-based estimate)",-6.2423,-1.0011,2.5472,,
1790738684165582886,511.150,map,"nav2_feedback of the target goal (map, AMCL-based estimate)",-6.2421,-1.0012,2.5363,,
1790738684175518524,511.150,map,"nav2_feedback of the target goal (map, AMCL-based estimate)",-6.2421,-1.0012,2.5363,,
1790738684186204532,511.150,map,"nav2_feedback of the target goal (map, AMCL-based estimate)",-6.2421,-1.0012,2.5363,,
1790738684195617698,511.150,map,"nav2_feedback of the target goal (map, AMCL-based estimate)",-6.2421,-1.0012,2.5363,,
1790738684205757264,511.150,map,"nav2_feedback of the target goal (map, AMCL-based estimate)",-6.2421,-1.0012,2.5363,,
1790738684215745692,511.150,map,"nav2_feedback of the target goal (map, AMCL-based estimate)",-6.2421,-1.0012,2.5363,,
1790738684225599054,511.167,map,"nav2_feedback of the target goal (map, AMCL-based estimate)",-6.2419,-1.0013,2.5253,,
1790738684236448472,511.167,map,"nav2_feedback of the target goal (map, AMCL-based estimate)",-6.2419,-1.0013,2.5253,,
1790738684245625654,511.167,map,"nav2_feedback of the target goal (map, AMCL-based estimate)",-6.2419,-1.0013,2.5253,,
1790738684255795848,511.167,map,"nav2_feedback of the target goal (map, AMCL-based estimate)",-6.2419,-1.0013,2.5253,,
1790738684265966994,511.183,map,"nav2_feedback of the target goal (map, AMCL-based estimate)",-6.2417,-1.0015,2.5143,,
1790738684275791536,511.183,map,"nav2_feedback of the target goal (map, AMCL-based estimate)",-6.2417,-1.0015,2.5143,,
1790738684286167181,511.183,map,"nav2_feedback of the target goal (map, AMCL-based estimate)",-6.2417,-1.0015,2.5143,,
1790738684295908211,511.183,map,"nav2_feedback of the target goal (map, AMCL-based estimate)",-6.2417,-1.0015,2.5143,,
1790738684306096382,511.183,map,"nav2_feedback of the target goal (map, AMCL-based estimate)",-6.2417,-1.0015,2.5143,,
1790738684315858814,511.200,map,"nav2_feedback of the target goal (map, AMCL-based estimate)",-6.2415,-1.0016,2.5032,,
1790738684325833639,511.200,map,"nav2_feedback of the target goal (map, AMCL-based estimate)",-6.2415,-1.0016,2.5032,,
1790738684337083877,511.200,map,"nav2_feedback of the target goal (map, AMCL-based estimate)",-6.2415,-1.0016,2.5032,,
1790738684345866612,511.200,map,"nav2_feedback of the target goal (map, AMCL-based estimate)",-6.2415,-1.0016,2.5032,,
1790738684356147712,511.200,map,"nav2_feedback of the target goal (map, AMCL-based estimate)",-6.2415,-1.0016,2.5032,,
1790738684366105417,511.217,map,"nav2_feedback of the target goal (map, AMCL-based estimate)",-6.2413,-1.0017,2.4921,,
1790738684375716328,511.217,map,"nav2_feedback of the target goal (map, AMCL-based estimate)",-6.2413,-1.0017,2.4921,,
1790738684385724349,511.217,map,"nav2_feedback of the target goal (map, AMCL-based estimate)",-6.2413,-1.0017,2.4921,,
1790738684395635257,511.217,map,"nav2_feedback of the target goal (map, AMCL-based estimate)",-6.2413,-1.0017,2.4921,,
1790738684405567566,511.217,map,"nav2_feedback of the target goal (map, AMCL-based estimate)",-6.2413,-1.0017,2.4921,,
1790738684415659289,511.233,map,"nav2_feedback of the target goal (map, AMCL-based estimate)",-6.2412,-1.0019,2.4809,,
1790738684425878753,511.233,map,"nav2_feedback of the target goal (map, AMCL-based estimate)",-6.2412,-1.0019,2.4809,,
1790738684435801455,511.233,map,"nav2_feedback of the target goal (map, AMCL-based estimate)",-6.2412,-1.0019,2.4809,,
1790738684445804435,511.233,map,"nav2_feedback of the target goal (map, AMCL-based estimate)",-6.2412,-1.0019,2.4809,,
1790738684455880560,511.250,map,"nav2_feedback of the target goal (map, AMCL-based estimate)",-6.2410,-1.0020,2.4698,,
1790738684465465885,511.250,map,"nav2_feedback of the target goal (map, AMCL-based estimate)",-6.2410,-1.0020,2.4698,,
1790738684475435194,511.250,map,"nav2_feedback of the target goal (map, AMCL-based estimate)",-6.2410,-1.0020,2.4698,,
1790738684485871237,511.250,map,"nav2_feedback of the target goal (map, AMCL-based estimate)",-6.2410,-1.0020,2.4698,,
1790738684495893241,511.250,map,"nav2_feedback of the target goal (map, AMCL-based estimate)",-6.2410,-1.0020,2.4698,,
1790738684505962612,511.250,map,"nav2_feedback of the target goal (map, AMCL-based estimate)",-6.2410,-1.0020,2.4698,,
1790738684515850882,511.267,map,"nav2_feedback of the target goal (map, AMCL-based estimate)",-6.2408,-1.0022,2.4586,,
1790738684525810964,511.267,map,"nav2_feedback of the target goal (map, AMCL-based estimate)",-6.2408,-1.0022,2.4586,,
1790738684536082172,511.267,map,"nav2_feedback of the target goal (map, AMCL-based estimate)",-6.2408,-1.0022,2.4586,,
1790738684547958368,511.267,map,"nav2_feedback of the target goal (map, AMCL-based estimate)",-6.2408,-1.0022,2.4586,,
1790738684555897995,511.267,map,"nav2_feedback of the target goal (map, AMCL-based estimate)",-6.2408,-1.0022,2.4586,,
1790738684565937214,511.283,map,"nav2_feedback of the target goal (map, AMCL-based estimate)",-6.2406,-1.0023,2.4475,,
1790738684576167426,511.283,map,"nav2_feedback of the target goal (map, AMCL-based estimate)",-6.2406,-1.0023,2.4475,,
1790738684586127224,511.283,map,"nav2_feedback of the target goal (map, AMCL-based estimate)",-6.2406,-1.0023,2.4475,,
1790738684596118029,511.283,map,"nav2_feedback of the target goal (map, AMCL-based estimate)",-6.2406,-1.0023,2.4475,,
1790738684608622087,511.283,map,"nav2_feedback of the target goal (map, AMCL-based estimate)",-6.2406,-1.0023,2.4475,,
1790738684616176874,511.300,map,"nav2_feedback of the target goal (map, AMCL-based estimate)",-6.2404,-1.0025,2.4363,,
1790738684626885805,511.300,map,"nav2_feedback of the target goal (map, AMCL-based estimate)",-6.2404,-1.0025,2.4363,,
1790738684636212605,511.300,map,"nav2_feedback of the target goal (map, AMCL-based estimate)",-6.2404,-1.0025,2.4363,,
1790738684645709567,511.300,map,"nav2_feedback of the target goal (map, AMCL-based estimate)",-6.2404,-1.0025,2.4363,,
1790738684656041839,511.300,map,"nav2_feedback of the target goal (map, AMCL-based estimate)",-6.2404,-1.0025,2.4363,,
1790738684665760327,511.317,map,"nav2_feedback of the target goal (map, AMCL-based estimate)",-6.2402,-1.0027,2.4251,,
1790738684675836071,511.317,map,"nav2_feedback of the target goal (map, AMCL-based estimate)",-6.2402,-1.0027,2.4251,,
1790738684685868442,511.317,map,"nav2_feedback of the target goal (map, AMCL-based estimate)",-6.2402,-1.0027,2.4251,,
1790738684696050811,511.317,map,"nav2_feedback of the target goal (map, AMCL-based estimate)",-6.2402,-1.0027,2.4251,,
1790738684707471401,511.317,map,"nav2_feedback of the target goal (map, AMCL-based estimate)",-6.2402,-1.0027,2.4251,,
1790738684715487025,511.333,map,"nav2_feedback of the target goal (map, AMCL-based estimate)",-6.2400,-1.0028,2.4140,,
1790738684725553258,511.333,map,"nav2_feedback of the target goal (map, AMCL-based estimate)",-6.2400,-1.0028,2.4140,,
1790738684735964666,511.333,map,"nav2_feedback of the target goal (map, AMCL-based estimate)",-6.2400,-1.0028,2.4140,,
1790738684745928078,511.333,map,"nav2_feedback of the target goal (map, AMCL-based estimate)",-6.2400,-1.0028,2.4140,,
1790738684755639717,511.350,map,"nav2_feedback of the target goal (map, AMCL-based estimate)",-6.2399,-1.0030,2.4028,,
1790738684765916251,511.350,map,"nav2_feedback of the target goal (map, AMCL-based estimate)",-6.2399,-1.0030,2.4028,,
1790738684775432617,511.350,map,"nav2_feedback of the target goal (map, AMCL-based estimate)",-6.2399,-1.0030,2.4028,,
1790738684785709437,511.350,map,"nav2_feedback of the target goal (map, AMCL-based estimate)",-6.2399,-1.0030,2.4028,,
1790738684796056071,511.350,map,"nav2_feedback of the target goal (map, AMCL-based estimate)",-6.2399,-1.0030,2.4028,,
1790738684805545329,511.367,map,"nav2_feedback of the target goal (map, AMCL-based estimate)",-6.2397,-1.0031,2.3916,,
1790738684816001918,511.367,map,"nav2_feedback of the target goal (map, AMCL-based estimate)",-6.2397,-1.0031,2.3916,,
1790738684825541968,511.367,map,"nav2_feedback of the target goal (map, AMCL-based estimate)",-6.2397,-1.0031,2.3916,,
1790738684836018055,511.367,map,"nav2_feedback of the target goal (map, AMCL-based estimate)",-6.2397,-1.0031,2.3916,,
1790738684845418475,511.383,map,"nav2_feedback of the target goal (map, AMCL-based estimate)",-6.2395,-1.0033,2.3805,,
1790738684855630996,511.383,map,"nav2_feedback of the target goal (map, AMCL-based estimate)",-6.2395,-1.0033,2.3805,,
1790738684865834766,511.383,map,"nav2_feedback of the target goal (map, AMCL-based estimate)",-6.2395,-1.0033,2.3805,,
1790738684875634292,511.383,map,"nav2_feedback of the target goal (map, AMCL-based estimate)",-6.2395,-1.0033,2.3805,,
1790738684886217766,511.383,map,"nav2_feedback of the target goal (map, AMCL-based estimate)",-6.2395,-1.0033,2.3805,,
1790738684895604204,511.400,map,"nav2_feedback of the target goal (map, AMCL-based estimate)",-6.2393,-1.0035,2.3693,,
1790738684905636765,511.400,map,"nav2_feedback of the target goal (map, AMCL-based estimate)",-6.2393,-1.0035,2.3693,,
1790738684915795640,511.400,map,"nav2_feedback of the target goal (map, AMCL-based estimate)",-6.2393,-1.0035,2.3693,,
1790738684925477223,511.400,map,"nav2_feedback of the target goal (map, AMCL-based estimate)",-6.2393,-1.0035,2.3693,,
1790738684936116244,511.400,map,"nav2_feedback of the target goal (map, AMCL-based estimate)",-6.2393,-1.0035,2.3693,,
1790738684945563651,511.417,map,"nav2_feedback of the target goal (map, AMCL-based estimate)",-6.2392,-1.0037,2.3581,,
1790738684955589174,511.417,map,"nav2_feedback of the target goal (map, AMCL-based estimate)",-6.2392,-1.0037,2.3581,,
1790738684965996397,511.417,map,"nav2_feedback of the target goal (map, AMCL-based estimate)",-6.2392,-1.0037,2.3581,,
1790738684975899600,511.417,map,"nav2_feedback of the target goal (map, AMCL-based estimate)",-6.2392,-1.0037,2.3581,,
1790738684986114118,511.417,map,"nav2_feedback of the target goal (map, AMCL-based estimate)",-6.2392,-1.0037,2.3581,,
1790738684995882542,511.433,map,"nav2_feedback of the target goal (map, AMCL-based estimate)",-6.2390,-1.0038,2.3470,,
1790738685005542343,511.433,map,"nav2_feedback of the target goal (map, AMCL-based estimate)",-6.2390,-1.0038,2.3470,,
1790738685015792435,511.433,map,"nav2_feedback of the target goal (map, AMCL-based estimate)",-6.2390,-1.0038,2.3470,,
1790738685025584162,511.433,map,"nav2_feedback of the target goal (map, AMCL-based estimate)",-6.2390,-1.0038,2.3470,,
1790738685035988247,511.450,map,"nav2_feedback of the target goal (map, AMCL-based estimate)",-6.2388,-1.0040,2.3358,,
1790738685045594783,511.450,map,"nav2_feedback of the target goal (map, AMCL-based estimate)",-6.2388,-1.0040,2.3358,,
1790738685055482292,511.450,map,"nav2_feedback of the target goal (map, AMCL-based estimate)",-6.2388,-1.0040,2.3358,,
1790738685065528740,511.450,map,"nav2_feedback of the target goal (map, AMCL-based estimate)",-6.2388,-1.0040,2.3358,,
1790738685075587173,511.450,map,"nav2_feedback of the target goal (map, AMCL-based estimate)",-6.2388,-1.0040,2.3358,,
1790738685086650412,511.467,map,"nav2_feedback of the target goal (map, AMCL-based estimate)",-6.2387,-1.0042,2.3247,,
1790738685095849281,511.467,map,"nav2_feedback of the target goal (map, AMCL-based estimate)",-6.2387,-1.0042,2.3247,,
1790738685105399983,511.467,map,"nav2_feedback of the target goal (map, AMCL-based estimate)",-6.2387,-1.0042,2.3247,,
1790738685115811012,511.467,map,"nav2_feedback of the target goal (map, AMCL-based estimate)",-6.2387,-1.0042,2.3247,,
1790738685125704513,511.483,map,"nav2_feedback of the target goal (map, AMCL-based estimate)",-6.2385,-1.0044,2.3135,,
1790738685138135617,511.483,map,"nav2_feedback of the target goal (map, AMCL-based estimate)",-6.2385,-1.0044,2.3135,,
1790738685145743573,511.483,map,"nav2_feedback of the target goal (map, AMCL-based estimate)",-6.2385,-1.0044,2.3135,,
1790738685156031712,511.483,map,"nav2_feedback of the target goal (map, AMCL-based estimate)",-6.2385,-1.0044,2.3135,,
1790738685165709775,511.483,map,"nav2_feedback of the target goal (map, AMCL-based estimate)",-6.2385,-1.0044,2.3135,,
1790738685175776197,511.500,map,"nav2_feedback of the target goal (map, AMCL-based estimate)",-6.2383,-1.0045,2.3024,,
1790738685186324763,511.500,map,"nav2_feedback of the target goal (map, AMCL-based estimate)",-6.2383,-1.0045,2.3024,,
1790738685195789006,511.500,map,"nav2_feedback of the target goal (map, AMCL-based estimate)",-6.2383,-1.0045,2.3024,,
1790738685206508971,511.500,map,"nav2_feedback of the target goal (map, AMCL-based estimate)",-6.2383,-1.0045,2.3024,,
1790738685215841763,511.517,map,"nav2_feedback of the target goal (map, AMCL-based estimate)",-6.2382,-1.0047,2.2912,,
1790738685225748295,511.517,map,"nav2_feedback of the target goal (map, AMCL-based estimate)",-6.2382,-1.0047,2.2912,,
1790738685238729456,511.517,map,"nav2_feedback of the target goal (map, AMCL-based estimate)",-6.2382,-1.0047,2.2912,,
1790738685245764243,511.517,map,"nav2_feedback of the target goal (map, AMCL-based estimate)",-6.2382,-1.0047,2.2912,,
1790738685255635772,511.517,map,"nav2_feedback of the target goal (map, AMCL-based estimate)",-6.2382,-1.0047,2.2912,,
1790738685265826321,511.517,map,"nav2_feedback of the target goal (map, AMCL-based estimate)",-6.2382,-1.0047,2.2912,,
1790738685275644395,511.517,map,"nav2_feedback of the target goal (map, AMCL-based estimate)",-6.2382,-1.0047,2.2912,,
1790738685285939192,511.533,map,"nav2_feedback of the target goal (map, AMCL-based estimate)",-6.2380,-1.0049,2.2800,,
1790738685296100350,511.533,map,"nav2_feedback of the target goal (map, AMCL-based estimate)",-6.2380,-1.0049,2.2800,,
1790738685305517605,511.533,map,"nav2_feedback of the target goal (map, AMCL-based estimate)",-6.2380,-1.0049,2.2800,,
1790738685315834563,511.550,map,"nav2_feedback of the target goal (map, AMCL-based estimate)",-6.2378,-1.0051,2.2689,,
1790738685325597946,511.550,map,"nav2_feedback of the target goal (map, AMCL-based estimate)",-6.2378,-1.0051,2.2689,,
1790738685335536818,511.550,map,"nav2_feedback of the target goal (map, AMCL-based estimate)",-6.2378,-1.0051,2.2689,,
1790738685345482823,511.550,map,"nav2_feedback of the target goal (map, AMCL-based estimate)",-6.2378,-1.0051,2.2689,,
1790738685355678984,511.550,map,"nav2_feedback of the target goal (map, AMCL-based estimate)",-6.2378,-1.0051,2.2689,,
1790738685365684912,511.567,map,"nav2_feedback of the target goal (map, AMCL-based estimate)",-6.2377,-1.0053,2.2577,,
1790738685375600956,511.567,map,"nav2_feedback of the target goal (map, AMCL-based estimate)",-6.2377,-1.0053,2.2577,,
1790738685385957293,511.567,map,"nav2_feedback of the target goal (map, AMCL-based estimate)",-6.2377,-1.0053,2.2577,,
1790738685396087253,511.567,map,"nav2_feedback of the target goal (map, AMCL-based estimate)",-6.2377,-1.0053,2.2577,,
1790738685407585173,511.583,map,"nav2_feedback of the target goal (map, AMCL-based estimate)",-6.2375,-1.0055,2.2466,,
1790738685415736147,511.583,map,"nav2_feedback of the target goal (map, AMCL-based estimate)",-6.2375,-1.0055,2.2466,,
1790738685425435707,511.583,map,"nav2_feedback of the target goal (map, AMCL-based estimate)",-6.2375,-1.0055,2.2466,,
1790738685436261917,511.583,map,"nav2_feedback of the target goal (map, AMCL-based estimate)",-6.2375,-1.0055,2.2466,,
1790738685445660814,511.583,map,"nav2_feedback of the target goal (map, AMCL-based estimate)",-6.2375,-1.0055,2.2466,,
1790738685456113218,511.583,map,"nav2_feedback of the target goal (map, AMCL-based estimate)",-6.2375,-1.0055,2.2466,,
1790738685466350374,511.600,map,"nav2_feedback of the target goal (map, AMCL-based estimate)",-6.2374,-1.0057,2.2354,,
1790738685475947493,511.600,map,"nav2_feedback of the target goal (map, AMCL-based estimate)",-6.2374,-1.0057,2.2354,,
1790738685486076502,511.600,map,"nav2_feedback of the target goal (map, AMCL-based estimate)",-6.2374,-1.0057,2.2354,,
1790738685496893010,511.600,map,"nav2_feedback of the target goal (map, AMCL-based estimate)",-6.2374,-1.0057,2.2354,,
1790738685505896225,511.617,map,"nav2_feedback of the target goal (map, AMCL-based estimate)",-6.2372,-1.0059,2.2243,,
1790738685516189594,511.617,map,"nav2_feedback of the target goal (map, AMCL-based estimate)",-6.2372,-1.0059,2.2243,,
1790738685525921018,511.617,map,"nav2_feedback of the target goal (map, AMCL-based estimate)",-6.2372,-1.0059,2.2243,,
1790738685535751077,511.617,map,"nav2_feedback of the target goal (map, AMCL-based estimate)",-6.2372,-1.0059,2.2243,,
1790738685545717152,511.617,map,"nav2_feedback of the target goal (map, AMCL-based estimate)",-6.2372,-1.0059,2.2243,,
1790738685555766263,511.633,map,"nav2_feedback of the target goal (map, AMCL-based estimate)",-6.2371,-1.0061,2.2131,,
1790738685565875773,511.633,map,"nav2_feedback of the target goal (map, AMCL-based estimate)",-6.2371,-1.0061,2.2131,,
1790738685575789059,511.633,map,"nav2_feedback of the target goal (map, AMCL-based estimate)",-6.2371,-1.0061,2.2131,,
1790738685586600145,511.633,map,"nav2_feedback of the target goal (map, AMCL-based estimate)",-6.2371,-1.0061,2.2131,,
1790738685595670987,511.650,map,"nav2_feedback of the target goal (map, AMCL-based estimate)",-6.2369,-1.0063,2.2020,,
1790738685605880369,511.650,map,"nav2_feedback of the target goal (map, AMCL-based estimate)",-6.2369,-1.0063,2.2020,,
1790738685615728215,511.650,map,"nav2_feedback of the target goal (map, AMCL-based estimate)",-6.2369,-1.0063,2.2020,,
1790738685625666897,511.650,map,"nav2_feedback of the target goal (map, AMCL-based estimate)",-6.2369,-1.0063,2.2020,,
1790738685636232013,511.650,map,"nav2_feedback of the target goal (map, AMCL-based estimate)",-6.2369,-1.0063,2.2020,,
1790738685645874027,511.667,map,"nav2_feedback of the target goal (map, AMCL-based estimate)",-6.2368,-1.0065,2.1908,,
1790738685656571830,511.667,map,"nav2_feedback of the target goal (map, AMCL-based estimate)",-6.2368,-1.0065,2.1908,,
1790738685665757953,511.667,map,"nav2_feedback of the target goal (map, AMCL-based estimate)",-6.2368,-1.0065,2.1908,,
1790738685675992826,511.667,map,"nav2_feedback of the target goal (map, AMCL-based estimate)",-6.2368,-1.0065,2.1908,,
1790738685686105475,511.667,map,"nav2_feedback of the target goal (map, AMCL-based estimate)",-6.2368,-1.0065,2.1908,,
1790738685695966067,511.683,map,"nav2_feedback of the target goal (map, AMCL-based estimate)",-6.2367,-1.0067,2.1797,,
1790738685708039914,511.683,map,"nav2_feedback of the target goal (map, AMCL-based estimate)",-6.2367,-1.0067,2.1797,,
1790738685715812041,511.683,map,"nav2_feedback of the target goal (map, AMCL-based estimate)",-6.2367,-1.0067,2.1797,,
1790738685725918983,511.683,map,"nav2_feedback of the target goal (map, AMCL-based estimate)",-6.2367,-1.0067,2.1797,,
1790738685736346371,511.683,map,"nav2_feedback of the target goal (map, AMCL-based estimate)",-6.2367,-1.0067,2.1797,,
1790738685745495875,511.700,map,"nav2_feedback of the target goal (map, AMCL-based estimate)",-6.2365,-1.0069,2.1685,,
1790738685758342921,511.700,map,"nav2_feedback of the target goal (map, AMCL-based estimate)",-6.2365,-1.0069,2.1685,,
1790738685766038575,511.700,map,"nav2_feedback of the target goal (map, AMCL-based estimate)",-6.2365,-1.0069,2.1685,,
1790738685775889559,511.700,map,"nav2_feedback of the target goal (map, AMCL-based estimate)",-6.2365,-1.0069,2.1685,,
1790738685786074401,511.717,map,"nav2_feedback of the target goal (map, AMCL-based estimate)",-6.2364,-1.0071,2.1574,,
1790738685795848722,511.717,map,"nav2_feedback of the target goal (map, AMCL-based estimate)",-6.2364,-1.0071,2.1574,,
1790738685805656239,511.717,map,"nav2_feedback of the target goal (map, AMCL-based estimate)",-6.2364,-1.0071,2.1574,,
1790738685815885595,511.717,map,"nav2_feedback of the target goal (map, AMCL-based estimate)",-6.2364,-1.0071,2.1574,,
1790738685825894282,511.717,map,"nav2_feedback of the target goal (map, AMCL-based estimate)",-6.2364,-1.0071,2.1574,,
1790738685836056296,511.733,map,"nav2_feedback of the target goal (map, AMCL-based estimate)",-6.2362,-1.0073,2.1462,,
1790738685845499994,511.733,map,"nav2_feedback of the target goal (map, AMCL-based estimate)",-6.2362,-1.0073,2.1462,,
1790738685855747422,511.733,map,"nav2_feedback of the target goal (map, AMCL-based estimate)",-6.2362,-1.0073,2.1462,,
1790738685865665939,511.733,map,"nav2_feedback of the target goal (map, AMCL-based estimate)",-6.2362,-1.0073,2.1462,,
1790738685875836228,511.750,map,"nav2_feedback of the target goal (map, AMCL-based estimate)",-6.2361,-1.0075,2.1351,,
1790738685885751796,511.750,map,"nav2_feedback of the target goal (map, AMCL-based estimate)",-6.2361,-1.0075,2.1351,,
1790738685895699704,511.750,map,"nav2_feedback of the target goal (map, AMCL-based estimate)",-6.2361,-1.0075,2.1351,,
1790738685905488007,511.750,map,"nav2_feedback of the target goal (map, AMCL-based estimate)",-6.2361,-1.0075,2.1351,,
1790738685915838637,511.750,map,"nav2_feedback of the target goal (map, AMCL-based estimate)",-6.2361,-1.0075,2.1351,,
1790738685925582425,511.750,map,"nav2_feedback of the target goal (map, AMCL-based estimate)",-6.2361,-1.0075,2.1351,,
1790738685936314851,511.767,map,"nav2_feedback of the target goal (map, AMCL-based estimate)",-6.2360,-1.0077,2.1239,,
1790738685946047130,511.767,map,"nav2_feedback of the target goal (map, AMCL-based estimate)",-6.2360,-1.0077,2.1239,,
1790738685956111936,511.767,map,"nav2_feedback of the target goal (map, AMCL-based estimate)",-6.2360,-1.0077,2.1239,,
1790738685966153723,511.767,map,"nav2_feedback of the target goal (map, AMCL-based estimate)",-6.2360,-1.0077,2.1239,,
1790738685976199981,511.767,map,"nav2_feedback of the target goal (map, AMCL-based estimate)",-6.2360,-1.0077,2.1239,,
1790738685986378355,511.767,map,"nav2_feedback of the target goal (map, AMCL-based estimate)",-6.2360,-1.0077,2.1239,,
1790738685996059653,511.767,map,"nav2_feedback of the target goal (map, AMCL-based estimate)",-6.2360,-1.0077,2.1239,,
1790738686006065391,511.783,map,"nav2_feedback of the target goal (map, AMCL-based estimate)",-6.2359,-1.0079,2.1128,,
1790738686015782072,511.783,map,"nav2_feedback of the target goal (map, AMCL-based estimate)",-6.2359,-1.0079,2.1128,,
1790738686025653791,511.783,map,"nav2_feedback of the target goal (map, AMCL-based estimate)",-6.2359,-1.0079,2.1128,,
1790738686036195509,511.783,map,"nav2_feedback of the target goal (map, AMCL-based estimate)",-6.2359,-1.0079,2.1128,,
1790738686045737395,511.800,map,"nav2_feedback of the target goal (map, AMCL-based estimate)",-6.2357,-1.0081,2.1017,,
1790738686055568497,511.800,map,"nav2_feedback of the target goal (map, AMCL-based estimate)",-6.2357,-1.0081,2.1017,,
1790738686065568537,511.800,map,"nav2_feedback of the target goal (map, AMCL-based estimate)",-6.2357,-1.0081,2.1017,,
1790738686075586639,511.800,map,"nav2_feedback of the target goal (map, AMCL-based estimate)",-6.2357,-1.0081,2.1017,,
1790738686086164890,511.800,map,"nav2_feedback of the target goal (map, AMCL-based estimate)",-6.2357,-1.0081,2.1017,,
1790738686095568656,511.817,map,"nav2_feedback of the target goal (map, AMCL-based estimate)",-6.2356,-1.0083,2.0905,,
1790738686105447958,511.817,map,"nav2_feedback of the target goal (map, AMCL-based estimate)",-6.2356,-1.0083,2.0905,,
1790738686115760775,511.817,map,"nav2_feedback of the target goal (map, AMCL-based estimate)",-6.2356,-1.0083,2.0905,,
1790738686125638270,511.817,map,"nav2_feedback of the target goal (map, AMCL-based estimate)",-6.2356,-1.0083,2.0905,,
1790738686136335833,511.817,map,"nav2_feedback of the target goal (map, AMCL-based estimate)",-6.2356,-1.0083,2.0905,,
1790738686145623994,511.833,map,"nav2_feedback of the target goal (map, AMCL-based estimate)",-6.2355,-1.0085,2.0794,,
1790738686155748004,511.833,map,"nav2_feedback of the target goal (map, AMCL-based estimate)",-6.2355,-1.0085,2.0794,,
1790738686165508660,511.833,map,"nav2_feedback of the target goal (map, AMCL-based estimate)",-6.2355,-1.0085,2.0794,,
1790738686177337735,511.850,map,"nav2_feedback of the target goal (map, AMCL-based estimate)",-6.2354,-1.0088,2.0682,,
1790738686186233927,511.850,map,"nav2_feedback of the target goal (map, AMCL-based estimate)",-6.2354,-1.0088,2.0682,,
1790738686196006751,511.850,map,"nav2_feedback of the target goal (map, AMCL-based estimate)",-6.2354,-1.0088,2.0682,,
1790738686205942715,511.850,map,"nav2_feedback of the target goal (map, AMCL-based estimate)",-6.2354,-1.0088,2.0682,,
1790738686216033545,511.850,map,"nav2_feedback of the target goal (map, AMCL-based estimate)",-6.2354,-1.0088,2.0682,,
1790738686225971315,511.850,map,"nav2_feedback of the target goal (map, AMCL-based estimate)",-6.2354,-1.0088,2.0682,,
1790738686235998069,511.867,map,"nav2_feedback of the target goal (map, AMCL-based estimate)",-6.2352,-1.0090,2.0571,,
1790738686245803407,511.867,map,"nav2_feedback of the target goal (map, AMCL-based estimate)",-6.2352,-1.0090,2.0571,,
1790738686255748592,511.867,map,"nav2_feedback of the target goal (map, AMCL-based estimate)",-6.2352,-1.0090,2.0571,,
1790738686266142408,511.867,map,"nav2_feedback of the target goal (map, AMCL-based estimate)",-6.2352,-1.0090,2.0571,,
1790738686275861708,511.883,map,"nav2_feedback of the target goal (map, AMCL-based estimate)",-6.2351,-1.0092,2.0459,,
1790738686286313137,511.883,map,"nav2_feedback of the target goal (map, AMCL-based estimate)",-6.2351,-1.0092,2.0459,,
1790738686295765293,511.883,map,"nav2_feedback of the target goal (map, AMCL-based estimate)",-6.2351,-1.0092,2.0459,,
1790738686306175746,511.883,map,"nav2_feedback of the target goal (map, AMCL-based estimate)",-6.2351,-1.0092,2.0459,,
1790738686318245631,511.883,map,"nav2_feedback of the target goal (map, AMCL-based estimate)",-6.2351,-1.0092,2.0459,,
1790738686325781384,511.900,map,"nav2_feedback of the target goal (map, AMCL-based estimate)",-6.2350,-1.0094,2.0348,,
1790738686336259811,511.900,map,"nav2_feedback of the target goal (map, AMCL-based estimate)",-6.2350,-1.0094,2.0348,,
1790738686345652739,511.900,map,"nav2_feedback of the target goal (map, AMCL-based estimate)",-6.2350,-1.0094,2.0348,,
1790738686355717616,511.900,map,"nav2_feedback of the target goal (map, AMCL-based estimate)",-6.2350,-1.0094,2.0348,,
1790738686367678838,511.917,map,"nav2_feedback of the target goal (map, AMCL-based estimate)",-6.2491,-1.0113,2.0492,,
1790738686375482114,511.917,map,"nav2_feedback of the target goal (map, AMCL-based estimate)",-6.2491,-1.0113,2.0492,,
1790738686386145737,511.917,map,"nav2_feedback of the target goal (map, AMCL-based estimate)",-6.2491,-1.0113,2.0492,,
1790738686395706557,511.917,map,"nav2_feedback of the target goal (map, AMCL-based estimate)",-6.2491,-1.0113,2.0492,,
1790738686405769057,511.917,map,"nav2_feedback of the target goal (map, AMCL-based estimate)",-6.2491,-1.0113,2.0492,,
1790738686416024643,511.917,map,"nav2_feedback of the target goal (map, AMCL-based estimate)",-6.2491,-1.0113,2.0492,,
1790738686425645642,511.933,map,"nav2_feedback of the target goal (map, AMCL-based estimate)",-6.2628,-1.0132,2.0636,,
1790738686435856355,511.933,map,"nav2_feedback of the target goal (map, AMCL-based estimate)",-6.2628,-1.0132,2.0636,,
1790738686445510628,511.933,map,"nav2_feedback of the target goal (map, AMCL-based estimate)",-6.2628,-1.0132,2.0636,,
1790738686455415123,511.950,map,"nav2_feedback of the target goal (map, AMCL-based estimate)",-6.2761,-1.0151,2.0780,,
1790738686467067370,511.950,map,"nav2_feedback of the target goal (map, AMCL-based estimate)",-6.2761,-1.0151,2.0780,,
1790738686475405886,511.950,map,"nav2_feedback of the target goal (map, AMCL-based estimate)",-6.2761,-1.0151,2.0780,,
1790738686485973584,511.950,map,"nav2_feedback of the target goal (map, AMCL-based estimate)",-6.2761,-1.0151,2.0780,,
1790738686496080291,511.950,map,"nav2_feedback of the target goal (map, AMCL-based estimate)",-6.2761,-1.0151,2.0780,,
1790738686505737131,511.950,map,"nav2_feedback of the target goal (map, AMCL-based estimate)",-6.2761,-1.0151,2.0780,,
1790738686516155000,511.967,map,"nav2_feedback of the target goal (map, AMCL-based estimate)",-6.2891,-1.0169,2.0924,,
1790738686526027361,511.967,map,"nav2_feedback of the target goal (map, AMCL-based estimate)",-6.2891,-1.0169,2.0924,,
1790738686536334379,511.967,map,"nav2_feedback of the target goal (map, AMCL-based estimate)",-6.2891,-1.0169,2.0924,,
1790738686545634140,511.967,map,"nav2_feedback of the target goal (map, AMCL-based estimate)",-6.2891,-1.0169,2.0924,,
1790738686555698827,511.983,map,"nav2_feedback of the target goal (map, AMCL-based estimate)",-6.3017,-1.0187,2.1068,,
1790738686565704570,511.983,map,"nav2_feedback of the target goal (map, AMCL-based estimate)",-6.3017,-1.0187,2.1068,,
1790738686575606499,511.983,map,"nav2_feedback of the target goal (map, AMCL-based estimate)",-6.3017,-1.0187,2.1068,,
1790738686586168682,511.983,map,"nav2_feedback of the target goal (map, AMCL-based estimate)",-6.3017,-1.0187,2.1068,,
1790738686596301534,511.983,map,"nav2_feedback of the target goal (map, AMCL-based estimate)",-6.3017,-1.0187,2.1068,,
1790738686606203842,511.983,map,"nav2_feedback of the target goal (map, AMCL-based estimate)",-6.3017,-1.0187,2.1068,,
1790738686616019923,512.000,map,"nav2_feedback of the target goal (map, AMCL-based estimate)",-6.3139,-1.0205,2.1212,,
1790738686626074247,512.000,map,"nav2_feedback of the target goal (map, AMCL-based estimate)",-6.3139,-1.0205,2.1212,,
1790738686636342953,512.000,map,"nav2_feedback of the target goal (map, AMCL-based estimate)",-6.3139,-1.0205,2.1212,,
1790738686645692529,512.000,map,"nav2_feedback of the target goal (map, AMCL-based estimate)",-6.3139,-1.0205,2.1212,,
1790738686655759212,512.000,map,"nav2_feedback of the target goal (map, AMCL-based estimate)",-6.3139,-1.0205,2.1212,,
1790738686665894726,512.017,map,"nav2_feedback of the target goal (map, AMCL-based estimate)",-6.3138,-1.0207,2.1101,,
1790738686675725637,512.017,map,"nav2_feedback of the target goal (map, AMCL-based estimate)",-6.3138,-1.0207,2.1101,,
1790738686686181439,512.017,map,"nav2_feedback of the target goal (map, AMCL-based estimate)",-6.3138,-1.0207,2.1101,,
1790738686695589007,512.017,map,"nav2_feedback of the target goal (map, AMCL-based estimate)",-6.3138,-1.0207,2.1101,,
1790738686706243028,512.017,map,"nav2_feedback of the target goal (map, AMCL-based estimate)",-6.3138,-1.0207,2.1101,,
1790738686715461314,512.017,map,"nav2_feedback of the target goal (map, AMCL-based estimate)",-6.3138,-1.0207,2.1101,,
1790738686725594641,512.033,map,"nav2_feedback of the target goal (map, AMCL-based estimate)",-6.3136,-1.0209,2.0989,,
1790738686735617402,512.033,map,"nav2_feedback of the target goal (map, AMCL-based estimate)",-6.3136,-1.0209,2.0989,,
1790738686745296868,512.033,map,"nav2_feedback of the target goal (map, AMCL-based estimate)",-6.3136,-1.0209,2.0989,,
1790738686755502448,512.033,map,"nav2_feedback of the target goal (map, AMCL-based estimate)",-6.3136,-1.0209,2.0989,,
1790738686765951404,512.050,map,"nav2_feedback of the target goal (map, AMCL-based estimate)",-6.3135,-1.0211,2.0878,,
1790738686776087297,512.050,map,"nav2_feedback of the target goal (map, AMCL-based estimate)",-6.3135,-1.0211,2.0878,,
1790738686786061668,512.050,map,"nav2_feedback of the target goal (map, AMCL-based estimate)",-6.3135,-1.0211,2.0878,,
1790738686796048779,512.050,map,"nav2_feedback of the target goal (map, AMCL-based estimate)",-6.3135,-1.0211,2.0878,,
1790738686806155866,512.050,map,"nav2_feedback of the target goal (map, AMCL-based estimate)",-6.3135,-1.0211,2.0878,,
1790738686815790650,512.050,map,"nav2_feedback of the target goal (map, AMCL-based estimate)",-6.3135,-1.0211,2.0878,,
1790738686825883288,512.067,map,"nav2_feedback of the target goal (map, AMCL-based estimate)",-6.3134,-1.0213,2.0766,,
1790738686836233657,512.067,map,"nav2_feedback of the target goal (map, AMCL-based estimate)",-6.3134,-1.0213,2.0766,,
1790738686845858934,512.067,map,"nav2_feedback of the target goal (map, AMCL-based estimate)",-6.3134,-1.0213,2.0766,,
1790738686855771605,512.067,map,"nav2_feedback of the target goal (map, AMCL-based estimate)",-6.3134,-1.0213,2.0766,,
1790738686866103246,512.083,map,"nav2_feedback of the target goal (map, AMCL-based estimate)",-6.3133,-1.0215,2.0655,,
1790738686876066019,512.083,map,"nav2_feedback of the target goal (map, AMCL-based estimate)",-6.3133,-1.0215,2.0655,,
1790738686885943705,512.083,map,"nav2_feedback of the target goal (map, AMCL-based estimate)",-6.3133,-1.0215,2.0655,,
1790738686898613857,512.083,map,"nav2_feedback of the target goal (map, AMCL-based estimate)",-6.3133,-1.0215,2.0655,,
1790738686906381578,512.083,map,"nav2_feedback of the target goal (map, AMCL-based estimate)",-6.3133,-1.0215,2.0655,,
1790738686916100783,512.100,map,"nav2_feedback of the target goal (map, AMCL-based estimate)",-6.3132,-1.0217,2.0544,,
1790738686925680237,512.100,map,"nav2_feedback of the target goal (map, AMCL-based estimate)",-6.3132,-1.0217,2.0544,,
1790738686935967575,512.100,map,"nav2_feedback of the target goal (map, AMCL-based estimate)",-6.3132,-1.0217,2.0544,,
1790738686945537617,512.100,map,"nav2_feedback of the target goal (map, AMCL-based estimate)",-6.3132,-1.0217,2.0544,,
1790738686955944078,512.100,map,"nav2_feedback of the target goal (map, AMCL-based estimate)",-6.3132,-1.0217,2.0544,,
1790738686965844580,512.117,map,"nav2_feedback of the target goal (map, AMCL-based estimate)",-6.3131,-1.0220,2.0432,,
1790738686975873331,512.117,map,"nav2_feedback of the target goal (map, AMCL-based estimate)",-6.3131,-1.0220,2.0432,,
1790738686985881641,512.117,map,"nav2_feedback of the target goal (map, AMCL-based estimate)",-6.3131,-1.0220,2.0432,,
1790738686995575939,512.117,map,"nav2_feedback of the target goal (map, AMCL-based estimate)",-6.3131,-1.0220,2.0432,,
1790738687006268177,512.133,map,"nav2_feedback of the target goal (map, AMCL-based estimate)",-6.3129,-1.0222,2.0321,,
1790738687015940418,512.133,map,"nav2_feedback of the target goal (map, AMCL-based estimate)",-6.3129,-1.0222,2.0321,,
1790738687025509129,512.133,map,"nav2_feedback of the target goal (map, AMCL-based estimate)",-6.3129,-1.0222,2.0321,,
1790738687035886689,512.133,map,"nav2_feedback of the target goal (map, AMCL-based estimate)",-6.3129,-1.0222,2.0321,,
1790738687045592204,512.150,map,"nav2_feedback of the target goal (map, AMCL-based estimate)",-6.3128,-1.0224,2.0209,,
1790738687055458481,512.150,map,"nav2_feedback of the target goal (map, AMCL-based estimate)",-6.3128,-1.0224,2.0209,,
1790738687065732986,512.150,map,"nav2_feedback of the target goal (map, AMCL-based estimate)",-6.3128,-1.0224,2.0209,,
1790738687076057592,512.150,map,"nav2_feedback of the target goal (map, AMCL-based estimate)",-6.3128,-1.0224,2.0209,,
1790738687086059628,512.150,map,"nav2_feedback of the target goal (map, AMCL-based estimate)",-6.3128,-1.0224,2.0209,,
1790738687095938074,512.167,map,"nav2_feedback of the target goal (map, AMCL-based estimate)",-6.3127,-1.0226,2.0098,,
1790738687105803211,512.167,map,"nav2_feedback of the target goal (map, AMCL-based estimate)",-6.3127,-1.0226,2.0098,,
1790738687115788325,512.167,map,"nav2_feedback of the target goal (map, AMCL-based estimate)",-6.3127,-1.0226,2.0098,,
1790738687125795399,512.167,map,"nav2_feedback of the target goal (map, AMCL-based estimate)",-6.3127,-1.0226,2.0098,,
1790738687136107361,512.183,map,"nav2_feedback of the target goal (map, AMCL-based estimate)",-6.3126,-1.0229,1.9986,,
1790738687145877429,512.183,map,"nav2_feedback of the target goal (map, AMCL-based estimate)",-6.3126,-1.0229,1.9986,,
1790738687155578095,512.183,map,"nav2_feedback of the target goal (map, AMCL-based estimate)",-6.3126,-1.0229,1.9986,,
1790738687165758576,512.183,map,"nav2_feedback of the target goal (map, AMCL-based estimate)",-6.3126,-1.0229,1.9986,,
1790738687176523257,512.183,map,"nav2_feedback of the target goal (map, AMCL-based estimate)",-6.3126,-1.0229,1.9986,,
1790738687186315096,512.200,map,"nav2_feedback of the target goal (map, AMCL-based estimate)",-6.3125,-1.0231,1.9875,,
1790738687195947598,512.200,map,"nav2_feedback of the target goal (map, AMCL-based estimate)",-6.3125,-1.0231,1.9875,,
1790738687205672413,512.200,map,"nav2_feedback of the target goal (map, AMCL-based estimate)",-6.3125,-1.0231,1.9875,,
1790738687215925336,512.200,map,"nav2_feedback of the target goal (map, AMCL-based estimate)",-6.3125,-1.0231,1.9875,,
1790738687225804068,512.200,map,"nav2_feedback of the target goal (map, AMCL-based estimate)",-6.3125,-1.0231,1.9875,,
1790738687236747954,512.217,map,"nav2_feedback of the target goal (map, AMCL-based estimate)",-6.3124,-1.0233,1.9763,,
1790738687245831242,512.217,map,"nav2_feedback of the target goal (map, AMCL-based estimate)",-6.3124,-1.0233,1.9763,,
1790738687255604256,512.217,map,"nav2_feedback of the target goal (map, AMCL-based estimate)",-6.3124,-1.0233,1.9763,,
1790738687265986855,512.217,map,"nav2_feedback of the target goal (map, AMCL-based estimate)",-6.3124,-1.0233,1.9763,,
1790738687276030626,512.217,map,"nav2_feedback of the target goal (map, AMCL-based estimate)",-6.3124,-1.0233,1.9763,,
1790738687285909167,512.233,map,"nav2_feedback of the target goal (map, AMCL-based estimate)",-6.3123,-1.0235,1.9652,,
1790738687295590440,512.233,map,"nav2_feedback of the target goal (map, AMCL-based estimate)",-6.3123,-1.0235,1.9652,,
1790738687305711693,512.233,map,"nav2_feedback of the target goal (map, AMCL-based estimate)",-6.3123,-1.0235,1.9652,,
1790738687315765827,512.250,map,"nav2_feedback of the target goal (map, AMCL-based estimate)",-6.3122,-1.0238,1.9541,,
1790738687326938070,512.250,map,"nav2_feedback of the target goal (map, AMCL-based estimate)",-6.3122,-1.0238,1.9541,,
1790738687335878754,512.250,map,"nav2_feedback of the target goal (map, AMCL-based estimate)",-6.3122,-1.0238,1.9541,,
1790738687345604234,512.250,map,"nav2_feedback of the target goal (map, AMCL-based estimate)",-6.3122,-1.0238,1.9541,,
1790738687356276032,512.250,map,"nav2_feedback of the target goal (map, AMCL-based estimate)",-6.3122,-1.0238,1.9541,,
1790738687365728759,512.250,map,"nav2_feedback of the target goal (map, AMCL-based estimate)",-6.3122,-1.0238,1.9541,,
1790738687375950500,512.267,map,"nav2_feedback of the target goal (map, AMCL-based estimate)",-6.3122,-1.0240,1.9429,,
1790738687386171670,512.267,map,"nav2_feedback of the target goal (map, AMCL-based estimate)",-6.3122,-1.0240,1.9429,,
1790738687395875665,512.267,map,"nav2_feedback of the target goal (map, AMCL-based estimate)",-6.3122,-1.0240,1.9429,,
1790738687405809536,512.267,map,"nav2_feedback of the target goal (map, AMCL-based estimate)",-6.3122,-1.0240,1.9429,,
1790738687416135758,512.267,map,"nav2_feedback of the target goal (map, AMCL-based estimate)",-6.3122,-1.0240,1.9429,,
1790738687427614409,512.283,map,"nav2_feedback of the target goal (map, AMCL-based estimate)",-6.3121,-1.0242,1.9318,,
1790738687436946397,512.283,map,"nav2_feedback of the target goal (map, AMCL-based estimate)",-6.3121,-1.0242,1.9318,,
1790738687445942697,512.283,map,"nav2_feedback of the target goal (map, AMCL-based estimate)",-6.3121,-1.0242,1.9318,,
1790738687455676828,512.283,map,"nav2_feedback of the target goal (map, AMCL-based estimate)",-6.3121,-1.0242,1.9318,,
1790738687466161531,512.283,map,"nav2_feedback of the target goal (map, AMCL-based estimate)",-6.3121,-1.0242,1.9318,,
1790738687475814188,512.300,map,"nav2_feedback of the target goal (map, AMCL-based estimate)",-6.3120,-1.0244,1.9206,,
1790738687486508422,512.300,map,"nav2_feedback of the target goal (map, AMCL-based estimate)",-6.3120,-1.0244,1.9206,,
1790738687496058595,512.300,map,"nav2_feedback of the target goal (map, AMCL-based estimate)",-6.3120,-1.0244,1.9206,,
1790738687505461980,512.300,map,"nav2_feedback of the target goal (map, AMCL-based estimate)",-6.3120,-1.0244,1.9206,,
1790738687515688760,512.300,map,"nav2_feedback of the target goal (map, AMCL-based estimate)",-6.3120,-1.0244,1.9206,,
1790738687527542078,512.317,map,"nav2_feedback of the target goal (map, AMCL-based estimate)",-6.3119,-1.0247,1.9095,,
1790738687536037933,512.317,map,"nav2_feedback of the target goal (map, AMCL-based estimate)",-6.3119,-1.0247,1.9095,,
1790738687545777674,512.317,map,"nav2_feedback of the target goal (map, AMCL-based estimate)",-6.3119,-1.0247,1.9095,,
1790738687555743679,512.317,map,"nav2_feedback of the target goal (map, AMCL-based estimate)",-6.3119,-1.0247,1.9095,,
1790738687565513366,512.317,map,"nav2_feedback of the target goal (map, AMCL-based estimate)",-6.3119,-1.0247,1.9095,,
1790738687575656865,512.333,map,"nav2_feedback of the target goal (map, AMCL-based estimate)",-6.3118,-1.0249,1.8983,,
1790738687586050396,512.333,map,"nav2_feedback of the target goal (map, AMCL-based estimate)",-6.3118,-1.0249,1.8983,,
1790738687595755912,512.333,map,"nav2_feedback of the target goal (map, AMCL-based estimate)",-6.3118,-1.0249,1.8983,,
1790738687605540239,512.333,map,"nav2_feedback of the target goal (map, AMCL-based estimate)",-6.3118,-1.0249,1.8983,,
1790738687615546934,512.350,map,"nav2_feedback of the target goal (map, AMCL-based estimate)",-6.3117,-1.0251,1.8872,,
1790738687625652120,512.350,map,"nav2_feedback of the target goal (map, AMCL-based estimate)",-6.3117,-1.0251,1.8872,,
1790738687636904316,512.350,map,"nav2_feedback of the target goal (map, AMCL-based estimate)",-6.3117,-1.0251,1.8872,,
1790738687646239822,512.350,map,"nav2_feedback of the target goal (map, AMCL-based estimate)",-6.3117,-1.0251,1.8872,,
1790738687655896187,512.350,map,"nav2_feedback of the target goal (map, AMCL-based estimate)",-6.3117,-1.0251,1.8872,,
1790738687665822548,512.367,map,"nav2_feedback of the target goal (map, AMCL-based estimate)",-6.3117,-1.0254,1.8760,,
1790738687676004455,512.367,map,"nav2_feedback of the target goal (map, AMCL-based estimate)",-6.3117,-1.0254,1.8760,,
1790738687687060523,512.367,map,"nav2_feedback of the target goal (map, AMCL-based estimate)",-6.3117,-1.0254,1.8760,,
1790738687695987897,512.367,map,"nav2_feedback of the target goal (map, AMCL-based estimate)",-6.3117,-1.0254,1.8760,,
1790738687706586873,512.367,map,"nav2_feedback of the target goal (map, AMCL-based estimate)",-6.3117,-1.0254,1.8760,,
1790738687715706762,512.383,map,"nav2_feedback of the target goal (map, AMCL-based estimate)",-6.3116,-1.0256,1.8649,,
1790738687725772114,512.383,map,"nav2_feedback of the target goal (map, AMCL-based estimate)",-6.3116,-1.0256,1.8649,,
1790738687737200473,512.383,map,"nav2_feedback of the target goal (map, AMCL-based estimate)",-6.3116,-1.0256,1.8649,,
1790738687745985054,512.383,map,"nav2_feedback of the target goal (map, AMCL-based estimate)",-6.3116,-1.0256,1.8649,,
1790738687755935943,512.383,map,"nav2_feedback of the target goal (map, AMCL-based estimate)",-6.3116,-1.0256,1.8649,,
1790738687765906891,512.400,map,"nav2_feedback of the target goal (map, AMCL-based estimate)",-6.3115,-1.0259,1.8538,,
1790738687775951138,512.400,map,"nav2_feedback of the target goal (map, AMCL-based estimate)",-6.3115,-1.0259,1.8538,,
1790738687786183812,512.400,map,"nav2_feedback of the target goal (map, AMCL-based estimate)",-6.3115,-1.0259,1.8538,,
1790738687795917563,512.400,map,"nav2_feedback of the target goal (map, AMCL-based estimate)",-6.3115,-1.0259,1.8538,,
1790738687805910853,512.417,map,"nav2_feedback of the target goal (map, AMCL-based estimate)",-6.3115,-1.0261,1.8426,,
1790738687815897678,512.417,map,"nav2_feedback of the target goal (map, AMCL-based estimate)",-6.3115,-1.0261,1.8426,,
1790738687825747223,512.417,map,"nav2_feedback of the target goal (map, AMCL-based estimate)",-6.3115,-1.0261,1.8426,,
1790738687836267957,512.417,map,"nav2_feedback of the target goal (map, AMCL-based estimate)",-6.3115,-1.0261,1.8426,,
1790738687845868801,512.417,map,"nav2_feedback of the target goal (map, AMCL-based estimate)",-6.3115,-1.0261,1.8426,,
1790738687855582112,512.433,map,"nav2_feedback of the target goal (map, AMCL-based estimate)",-6.3114,-1.0263,1.8315,,
1790738687865739111,512.433,map,"nav2_feedback of the target goal (map, AMCL-based estimate)",-6.3114,-1.0263,1.8315,,
1790738687875802467,512.433,map,"nav2_feedback of the target goal (map, AMCL-based estimate)",-6.3114,-1.0263,1.8315,,
1790738687886106633,512.433,map,"nav2_feedback of the target goal (map, AMCL-based estimate)",-6.3114,-1.0263,1.8315,,
1790738687895938115,512.450,map,"nav2_feedback of the target goal (map, AMCL-based estimate)",-6.3113,-1.0266,1.8203,,
1790738687908839475,512.450,map,"nav2_feedback of the target goal (map, AMCL-based estimate)",-6.3113,-1.0266,1.8203,,
1790738687915932775,512.450,map,"nav2_feedback of the target goal (map, AMCL-based estimate)",-6.3113,-1.0266,1.8203,,
1790738687925646372,512.450,map,"nav2_feedback of the target goal (map, AMCL-based estimate)",-6.3113,-1.0266,1.8203,,
1790738687936279097,512.450,map,"nav2_feedback of the target goal (map, AMCL-based estimate)",-6.3113,-1.0266,1.8203,,
1790738687945714045,512.467,map,"nav2_feedback of the target goal (map, AMCL-based estimate)",-6.3113,-1.0268,1.8092,,
1790738687956026863,512.467,map,"nav2_feedback of the target goal (map, AMCL-based estimate)",-6.3113,-1.0268,1.8092,,
1790738687966063314,512.467,map,"nav2_feedback of the target goal (map, AMCL-based estimate)",-6.3113,-1.0268,1.8092,,
1790738687975751337,512.467,map,"nav2_feedback of the target goal (map, AMCL-based estimate)",-6.3113,-1.0268,1.8092,,
1790738687986022799,512.467,map,"nav2_feedback of the target goal (map, AMCL-based estimate)",-6.3113,-1.0268,1.8092,,
1790738687995646555,512.483,map,"nav2_feedback of the target goal (map, AMCL-based estimate)",-6.3112,-1.0270,1.7980,,
1790738688005760487,512.483,map,"nav2_feedback of the target goal (map, AMCL-based estimate)",-6.3112,-1.0270,1.7980,,
1790738688015982989,512.483,map,"nav2_feedback of the target goal (map, AMCL-based estimate)",-6.3112,-1.0270,1.7980,,
1790738688026236768,512.483,map,"nav2_feedback of the target goal (map, AMCL-based estimate)",-6.3112,-1.0270,1.7980,,
1790738688036224924,512.500,map,"nav2_feedback of the target goal (map, AMCL-based estimate)",-6.3112,-1.0273,1.7869,,
1790738688045780611,512.500,map,"nav2_feedback of the target goal (map, AMCL-based estimate)",-6.3112,-1.0273,1.7869,,
1790738688055515122,512.500,map,"nav2_feedback of the target goal (map, AMCL-based estimate)",-6.3112,-1.0273,1.7869,,
1790738688067743773,512.500,map,"nav2_feedback of the target goal (map, AMCL-based estimate)",-6.3112,-1.0273,1.7869,,
1790738688075664651,512.500,map,"nav2_feedback of the target goal (map, AMCL-based estimate)",-6.3112,-1.0273,1.7869,,
1790738688085925845,512.517,map,"nav2_feedback of the target goal (map, AMCL-based estimate)",-6.3111,-1.0275,1.7757,,
1790738688095525834,512.517,map,"nav2_feedback of the target goal (map, AMCL-based estimate)",-6.3111,-1.0275,1.7757,,
1790738688105673611,512.517,map,"nav2_feedback of the target goal (map, AMCL-based estimate)",-6.3111,-1.0275,1.7757,,
1790738688115702172,512.517,map,"nav2_feedback of the target goal (map, AMCL-based estimate)",-6.3111,-1.0275,1.7757,,
1790738688125788819,512.517,map,"nav2_feedback of the target goal (map, AMCL-based estimate)",-6.3111,-1.0275,1.7757,,
1790738688136411277,512.517,map,"nav2_feedback of the target goal (map, AMCL-based estimate)",-6.3111,-1.0275,1.7757,,
1790738688145661221,512.533,map,"nav2_feedback of the target goal (map, AMCL-based estimate)",-6.3111,-1.0278,1.7646,,
1790738688155727524,512.533,map,"nav2_feedback of the target goal (map, AMCL-based estimate)",-6.3111,-1.0278,1.7646,,
1790738688165919698,512.533,map,"nav2_feedback of the target goal (map, AMCL-based estimate)",-6.3111,-1.0278,1.7646,,
1790738688175725417,512.533,map,"nav2_feedback of the target goal (map, AMCL-based estimate)",-6.3111,-1.0278,1.7646,,
1790738688185935654,512.550,map,"nav2_feedback of the target goal (map, AMCL-based estimate)",-6.3110,-1.0280,1.7534,,
1790738688195545150,512.550,map,"nav2_feedback of the target goal (map, AMCL-based estimate)",-6.3110,-1.0280,1.7534,,
1790738688205687128,512.550,map,"nav2_feedback of the target goal (map, AMCL-based estimate)",-6.3110,-1.0280,1.7534,,
1790738688216170499,512.550,map,"nav2_feedback of the target goal (map, AMCL-based estimate)",-6.3110,-1.0280,1.7534,,
1790738688225764213,512.567,map,"nav2_feedback of the target goal (map, AMCL-based estimate)",-6.3110,-1.0283,1.7423,,
1790738688236030067,512.567,map,"nav2_feedback of the target goal (map, AMCL-based estimate)",-6.3110,-1.0283,1.7423,,
1790738688245715617,512.567,map,"nav2_feedback of the target goal (map, AMCL-based estimate)",-6.3110,-1.0283,1.7423,,
1790738688255929087,512.567,map,"nav2_feedback of the target goal (map, AMCL-based estimate)",-6.3110,-1.0283,1.7423,,
1790738688266031897,512.567,map,"nav2_feedback of the target goal (map, AMCL-based estimate)",-6.3110,-1.0283,1.7423,,
1790738688276038116,512.583,map,"nav2_feedback of the target goal (map, AMCL-based estimate)",-6.3109,-1.0285,1.7311,,
1790738688286392574,512.583,map,"nav2_feedback of the target goal (map, AMCL-based estimate)",-6.3109,-1.0285,1.7311,,
1790738688296090769,512.583,map,"nav2_feedback of the target goal (map, AMCL-based estimate)",-6.3109,-1.0285,1.7311,,
1790738688306077974,512.583,map,"nav2_feedback of the target goal (map, AMCL-based estimate)",-6.3109,-1.0285,1.7311,,
1790738688315625009,512.583,map,"nav2_feedback of the target goal (map, AMCL-based estimate)",-6.3109,-1.0285,1.7311,,
1790738688325775258,512.600,map,"nav2_feedback of the target goal (map, AMCL-based estimate)",-6.3109,-1.0287,1.7200,,
1790738688335974943,512.600,map,"nav2_feedback of the target goal (map, AMCL-based estimate)",-6.3109,-1.0287,1.7200,,
1790738688345797774,512.600,map,"nav2_feedback of the target goal (map, AMCL-based estimate)",-6.3109,-1.0287,1.7200,,
1790738688355456135,512.600,map,"nav2_feedback of the target goal (map, AMCL-based estimate)",-6.3109,-1.0287,1.7200,,
1790738688365511886,512.617,map,"nav2_feedback of the target goal (map, AMCL-based estimate)",-6.3109,-1.0290,1.7088,,
1790738688375828220,512.617,map,"nav2_feedback of the target goal (map, AMCL-based estimate)",-6.3109,-1.0290,1.7088,,
1790738688386184579,512.617,map,"nav2_feedback of the target goal (map, AMCL-based estimate)",-6.3109,-1.0290,1.7088,,
1790738688395753385,512.617,map,"nav2_feedback of the target goal (map, AMCL-based estimate)",-6.3109,-1.0290,1.7088,,
1790738688405742872,512.617,map,"nav2_feedback of the target goal (map, AMCL-based estimate)",-6.3109,-1.0290,1.7088,,
1790738688415814024,512.617,map,"nav2_feedback of the target goal (map, AMCL-based estimate)",-6.3109,-1.0290,1.7088,,
1790738688425638471,512.633,map,"nav2_feedback of the target goal (map, AMCL-based estimate)",-6.3108,-1.0292,1.6977,,
1790738688436247143,512.633,map,"nav2_feedback of the target goal (map, AMCL-based estimate)",-6.3108,-1.0292,1.6977,,
1790738688445629043,512.633,map,"nav2_feedback of the target goal (map, AMCL-based estimate)",-6.3108,-1.0292,1.6977,,
1790738688455647717,512.650,map,"nav2_feedback of the target goal (map, AMCL-based estimate)",-6.3108,-1.0295,1.6866,,
1790738688465839796,512.650,map,"nav2_feedback of the target goal (map, AMCL-based estimate)",-6.3108,-1.0295,1.6866,,
1790738688477412185,512.650,map,"nav2_feedback of the target goal (map, AMCL-based estimate)",-6.3108,-1.0295,1.6866,,
1790738688485876953,512.650,map,"nav2_feedback of the target goal (map, AMCL-based estimate)",-6.3108,-1.0295,1.6866,,
1790738688495985181,512.650,map,"nav2_feedback of the target goal (map, AMCL-based estimate)",-6.3108,-1.0295,1.6866,,
1790738688505979802,512.650,map,"nav2_feedback of the target goal (map, AMCL-based estimate)",-6.3108,-1.0295,1.6866,,
1790738688515836097,512.667,map,"nav2_feedback of the target goal (map, AMCL-based estimate)",-6.3108,-1.0297,1.6754,,
1790738688525788697,512.667,map,"nav2_feedback of the target goal (map, AMCL-based estimate)",-6.3108,-1.0297,1.6754,,
1790738688536323026,512.667,map,"nav2_feedback of the target goal (map, AMCL-based estimate)",-6.3108,-1.0297,1.6754,,
1790738688545921113,512.667,map,"nav2_feedback of the target goal (map, AMCL-based estimate)",-6.3108,-1.0297,1.6754,,
1790738688556025634,512.667,map,"nav2_feedback of the target goal (map, AMCL-based estimate)",-6.3108,-1.0297,1.6754,,
1790738688565662604,512.683,map,"nav2_feedback of the target goal (map, AMCL-based estimate)",-6.3108,-1.0300,1.6643,,
1790738688576471302,512.683,map,"nav2_feedback of the target goal (map, AMCL-based estimate)",-6.3108,-1.0300,1.6643,,
1790738688586297365,512.683,map,"nav2_feedback of the target goal (map, AMCL-based estimate)",-6.3108,-1.0300,1.6643,,
1790738688596357109,512.683,map,"nav2_feedback of the target goal (map, AMCL-based estimate)",-6.3108,-1.0300,1.6643,,
1790738688605904904,512.683,map,"nav2_feedback of the target goal (map, AMCL-based estimate)",-6.3108,-1.0300,1.6643,,
1790738688616458247,512.700,map,"nav2_feedback of the target goal (map, AMCL-based estimate)",-6.3107,-1.0302,1.6531,,
1790738688625828263,512.700,map,"nav2_feedback of the target goal (map, AMCL-based estimate)",-6.3107,-1.0302,1.6531,,
1790738688636117978,512.700,map,"nav2_feedback of the target goal (map, AMCL-based estimate)",-6.3107,-1.0302,1.6531,,
1790738688645870838,512.700,map,"nav2_feedback of the target goal (map, AMCL-based estimate)",-6.3107,-1.0302,1.6531,,
1790738688655679124,512.717,map,"nav2_feedback of the target goal (map, AMCL-based estimate)",-6.3107,-1.0305,1.6420,,
1790738688665438923,512.717,map,"nav2_feedback of the target goal (map, AMCL-based estimate)",-6.3107,-1.0305,1.6420,,
1790738688675462730,512.717,map,"nav2_feedback of the target goal (map, AMCL-based estimate)",-6.3107,-1.0305,1.6420,,
1790738688688357056,512.717,map,"nav2_feedback of the target goal (map, AMCL-based estimate)",-6.3107,-1.0305,1.6420,,
1790738688695767602,512.717,map,"nav2_feedback of the target goal (map, AMCL-based estimate)",-6.3107,-1.0305,1.6420,,
1790738688705511525,512.717,map,"nav2_feedback of the target goal (map, AMCL-based estimate)",-6.3107,-1.0305,1.6420,,
1790738688716154327,512.733,map,"nav2_feedback of the target goal (map, AMCL-based estimate)",-6.3107,-1.0307,1.6308,,
1790738688725736253,512.733,map,"nav2_feedback of the target goal (map, AMCL-based estimate)",-6.3107,-1.0307,1.6308,,
1790738688736050496,512.733,map,"nav2_feedback of the target goal (map, AMCL-based estimate)",-6.3107,-1.0307,1.6308,,
1790738688747584572,512.750,map,"nav2_feedback of the target goal (map, AMCL-based estimate)",-6.3107,-1.0310,1.6197,,
1790738688756048864,512.750,map,"nav2_feedback of the target goal (map, AMCL-based estimate)",-6.3107,-1.0310,1.6197,,
1790738688765643339,512.750,map,"nav2_feedback of the target goal (map, AMCL-based estimate)",-6.3107,-1.0310,1.6197,,
1790738688775921361,512.750,map,"nav2_feedback of the target goal (map, AMCL-based estimate)",-6.3107,-1.0310,1.6197,,
1790738688785867402,512.750,map,"nav2_feedback of the target goal (map, AMCL-based estimate)",-6.3107,-1.0310,1.6197,,
1790738688795942641,512.750,map,"nav2_feedback of the target goal (map, AMCL-based estimate)",-6.3107,-1.0310,1.6197,,
1790738688805718888,512.767,map,"nav2_feedback of the target goal (map, AMCL-based estimate)",-6.3107,-1.0312,1.6085,,
1790738688816065550,512.767,map,"nav2_feedback of the target goal (map, AMCL-based estimate)",-6.3107,-1.0312,1.6085,,
1790738688825932398,512.767,map,"nav2_feedback of the target goal (map, AMCL-based estimate)",-6.3107,-1.0312,1.6085,,
1790738688836282102,512.767,map,"nav2_feedback of the target goal (map, AMCL-based estimate)",-6.3107,-1.0312,1.6085,,
1790738688845680354,512.767,map,"nav2_feedback of the target goal (map, AMCL-based estimate)",-6.3107,-1.0312,1.6085,,
1790738688855679633,512.767,map,"nav2_feedback of the target goal (map, AMCL-based estimate)",-6.3107,-1.0312,1.6085,,
1790738688865685472,512.783,map,"nav2_feedback of the target goal (map, AMCL-based estimate)",-6.3107,-1.0314,1.5974,,
1790738688875583407,512.783,map,"nav2_feedback of the target goal (map, AMCL-based estimate)",-6.3107,-1.0314,1.5974,,
1790738688886247695,512.783,map,"nav2_feedback of the target goal (map, AMCL-based estimate)",-6.3107,-1.0314,1.5974,,
1790738688895962242,512.783,map,"nav2_feedback of the target goal (map, AMCL-based estimate)",-6.3107,-1.0314,1.5974,,
1790738688905724039,512.800,map,"nav2_feedback of the target goal (map, AMCL-based estimate)",-6.3107,-1.0317,1.5862,,
1790738688915929047,512.800,map,"nav2_feedback of the target goal (map, AMCL-based estimate)",-6.3107,-1.0317,1.5862,,
1790738688925894767,512.800,map,"nav2_feedback of the target goal (map, AMCL-based estimate)",-6.3107,-1.0317,1.5862,,
1790738688935867142,512.800,map,"nav2_feedback of the target goal (map, AMCL-based estimate)",-6.3107,-1.0317,1.5862,,
1790738688945633882,512.817,map,"nav2_feedback of the target goal (map, AMCL-based estimate)",-6.3107,-1.0319,1.5751,,
1790738688955789550,512.817,map,"nav2_feedback of the target goal (map, AMCL-based estimate)",-6.3107,-1.0319,1.5751,,
1790738688965696041,512.817,map,"nav2_feedback of the target goal (map, AMCL-based estimate)",-6.3107,-1.0319,1.5751,,
1790738688975510506,512.817,map,"nav2_feedback of the target goal (map, AMCL-based estimate)",-6.3107,-1.0319,1.5751,,
1790738688986297433,512.817,map,"nav2_feedback of the target goal (map, AMCL-based estimate)",-6.3107,-1.0319,1.5751,,
1790738688995512202,512.817,map,"nav2_feedback of the target goal (map, AMCL-based estimate)",-6.3107,-1.0319,1.5751,,
1790738689005742784,512.833,map,"nav2_feedback of the target goal (map, AMCL-based estimate)",-6.3107,-1.0322,1.5640,,
1790738689015662015,512.833,map,"nav2_feedback of the target goal (map, AMCL-based estimate)",-6.3107,-1.0322,1.5640,,
1790738689025835556,512.833,map,"nav2_feedback of the target goal (map, AMCL-based estimate)",-6.3107,-1.0322,1.5640,,
1790738689036086673,512.850,map,"nav2_feedback of the target goal (map, AMCL-based estimate)",-6.3107,-1.0324,1.5528,,
1790738689045694173,512.850,map,"nav2_feedback of the target goal (map, AMCL-based estimate)",-6.3107,-1.0324,1.5528,,
1790738689055885206,512.850,map,"nav2_feedback of the target goal (map, AMCL-based estimate)",-6.3107,-1.0324,1.5528,,
1790738689065544043,512.850,map,"nav2_feedback of the target goal (map, AMCL-based estimate)",-6.3107,-1.0324,1.5528,,
1790738689075683169,512.850,map,"nav2_feedback of the target goal (map, AMCL-based estimate)",-6.3107,-1.0324,1.5528,,
1790738689086453079,512.850,map,"nav2_feedback of the target goal (map, AMCL-based estimate)",-6.3107,-1.0324,1.5528,,
1790738689096083870,512.867,map,"nav2_feedback of the target goal (map, AMCL-based estimate)",-6.3107,-1.0327,1.5417,,
1790738689106387560,512.867,map,"nav2_feedback of the target goal (map, AMCL-based estimate)",-6.3107,-1.0327,1.5417,,
1790738689115800453,512.867,map,"nav2_feedback of the target goal (map, AMCL-based estimate)",-6.3107,-1.0327,1.5417,,
1790738689126015634,512.867,map,"nav2_feedback of the target goal (map, AMCL-based estimate)",-6.3107,-1.0327,1.5417,,
1790738689136117018,512.883,map,"nav2_feedback of the target goal (map, AMCL-based estimate)",-6.3107,-1.0329,1.5305,,
1790738689145852860,512.883,map,"nav2_feedback of the target goal (map, AMCL-based estimate)",-6.3107,-1.0329,1.5305,,
1790738689155814492,512.883,map,"nav2_feedback of the target goal (map, AMCL-based estimate)",-6.3107,-1.0329,1.5305,,
1790738689165974153,512.883,map,"nav2_feedback of the target goal (map, AMCL-based estimate)",-6.3107,-1.0329,1.5305,,
1790738689175958791,512.883,map,"nav2_feedback of the target goal (map, AMCL-based estimate)",-6.3107,-1.0329,1.5305,,
1790738689185847410,512.883,map,"nav2_feedback of the target goal (map, AMCL-based estimate)",-6.3107,-1.0329,1.5305,,
1790738689195660544,512.900,map,"nav2_feedback of the target goal (map, AMCL-based estimate)",-6.3107,-1.0332,1.5194,,
1790738689205708023,512.900,map,"nav2_feedback of the target goal (map, AMCL-based estimate)",-6.3107,-1.0332,1.5194,,
1790738689215944975,512.900,map,"nav2_feedback of the target goal (map, AMCL-based estimate)",-6.3107,-1.0332,1.5194,,
1790738689225417381,512.917,map,"nav2_feedback of the target goal (map, AMCL-based estimate)",-6.3364,-1.0273,1.5230,,
1790738689235892006,512.917,map,"nav2_feedback of the target goal (map, AMCL-based estimate)",-6.3364,-1.0273,1.5230,,
1790738689245547040,512.917,map,"nav2_feedback of the target goal (map, AMCL-based estimate)",-6.3364,-1.0273,1.5230,,
1790738689256050090,512.917,map,"nav2_feedback of the target goal (map, AMCL-based estimate)",-6.3364,-1.0273,1.5230,,
1790738689267108060,512.917,map,"nav2_feedback of the target goal (map, AMCL-based estimate)",-6.3364,-1.0273,1.5230,,
1790738689276016800,512.917,map,"nav2_feedback of the target goal (map, AMCL-based estimate)",-6.3364,-1.0273,1.5230,,
1790738689286136532,512.933,map,"nav2_feedback of the target goal (map, AMCL-based estimate)",-6.3621,-1.0213,1.5265,,
1790738689295755059,512.933,map,"nav2_feedback of the target goal (map, AMCL-based estimate)",-6.3621,-1.0213,1.5265,,
1790738689306098014,512.933,map,"nav2_feedback of the target goal (map, AMCL-based estimate)",-6.3621,-1.0213,1.5265,,
1790738689316024470,512.933,map,"nav2_feedback of the target goal (map, AMCL-based estimate)",-6.3621,-1.0213,1.5265,,
1790738689326199722,512.933,map,"nav2_feedback of the target goal (map, AMCL-based estimate)",-6.3621,-1.0213,1.5265,,
1790738689336125513,512.950,map,"nav2_feedback of the target goal (map, AMCL-based estimate)",-6.3876,-1.0154,1.5301,,
1790738689345638703,512.950,map,"nav2_feedback of the target goal (map, AMCL-based estimate)",-6.3876,-1.0154,1.5301,,
1790738689355595391,512.950,map,"nav2_feedback of the target goal (map, AMCL-based estimate)",-6.3876,-1.0154,1.5301,,
1790738689366142554,512.950,map,"nav2_feedback of the target goal (map, AMCL-based estimate)",-6.3876,-1.0154,1.5301,,
1790738689377905842,512.950,map,"nav2_feedback of the target goal (map, AMCL-based estimate)",-6.3876,-1.0154,1.5301,,
1790738689386331726,512.967,map,"nav2_feedback of the target goal (map, AMCL-based estimate)",-6.4130,-1.0094,1.5337,,
1790738689396177088,512.967,map,"nav2_feedback of the target goal (map, AMCL-based estimate)",-6.4130,-1.0094,1.5337,,
1790738689405857696,512.967,map,"nav2_feedback of the target goal (map, AMCL-based estimate)",-6.4130,-1.0094,1.5337,,
1790738689415700586,512.967,map,"nav2_feedback of the target goal (map, AMCL-based estimate)",-6.4130,-1.0094,1.5337,,
1790738689425885250,512.983,map,"nav2_feedback of the target goal (map, AMCL-based estimate)",-6.4382,-1.0034,1.5373,,
1790738689436150057,512.983,map,"nav2_feedback of the target goal (map, AMCL-based estimate)",-6.4382,-1.0034,1.5373,,
1790738689445974219,512.983,map,"nav2_feedback of the target goal (map, AMCL-based estimate)",-6.4382,-1.0034,1.5373,,
1790738689455421717,512.983,map,"nav2_feedback of the target goal (map, AMCL-based estimate)",-6.4382,-1.0034,1.5373,,
1790738689465609328,512.983,map,"nav2_feedback of the target goal (map, AMCL-based estimate)",-6.4382,-1.0034,1.5373,,
1790738689475967874,512.983,map,"nav2_feedback of the target goal (map, AMCL-based estimate)",-6.4382,-1.0034,1.5373,,
1790738689486002138,513.000,map,"nav2_feedback of the target goal (map, AMCL-based estimate)",-6.4634,-0.9973,1.5408,,
1790738689495873645,513.000,map,"nav2_feedback of the target goal (map, AMCL-based estimate)",-6.4634,-0.9973,1.5408,,
1790738689505830143,513.000,map,"nav2_feedback of the target goal (map, AMCL-based estimate)",-6.4634,-0.9973,1.5408,,
1790738689515887034,513.000,map,"nav2_feedback of the target goal (map, AMCL-based estimate)",-6.4634,-0.9973,1.5408,,
1790738689525562222,513.017,map,"nav2_feedback of the target goal (map, AMCL-based estimate)",-6.4634,-0.9976,1.5297,,
1790738689536414272,513.017,map,"nav2_feedback of the target goal (map, AMCL-based estimate)",-6.4634,-0.9976,1.5297,,
1790738689547031310,513.017,map,"nav2_feedback of the target goal (map, AMCL-based estimate)",-6.4634,-0.9976,1.5297,,
1790738689555597232,513.017,map,"nav2_feedback of the target goal (map, AMCL-based estimate)",-6.4634,-0.9976,1.5297,,
1790738689565751664,513.017,map,"nav2_feedback of the target goal (map, AMCL-based estimate)",-6.4634,-0.9976,1.5297,,
1790738689575828805,513.017,map,"nav2_feedback of the target goal (map, AMCL-based estimate)",-6.4634,-0.9976,1.5297,,
1790738689586056250,513.017,map,"nav2_feedback of the target goal (map, AMCL-based estimate)",-6.4634,-0.9976,1.5297,,
1790738689595894196,513.033,map,"nav2_feedback of the target goal (map, AMCL-based estimate)",-6.4634,-0.9978,1.5186,,
1790738689605927701,513.033,map,"nav2_feedback of the target goal (map, AMCL-based estimate)",-6.4634,-0.9978,1.5186,,
1790738689615994479,513.033,map,"nav2_feedback of the target goal (map, AMCL-based estimate)",-6.4634,-0.9978,1.5186,,
1790738689625776145,513.033,map,"nav2_feedback of the target goal (map, AMCL-based estimate)",-6.4634,-0.9978,1.5186,,
1790738689636124423,513.033,map,"nav2_feedback of the target goal (map, AMCL-based estimate)",-6.4634,-0.9978,1.5186,,
1790738689645817199,513.050,map,"nav2_feedback of the target goal (map, AMCL-based estimate)",-6.4634,-0.9980,1.5074,,
1790738689655856692,513.050,map,"nav2_feedback of the target goal (map, AMCL-based estimate)",-6.4634,-0.9980,1.5074,,
1790738689665787617,513.050,map,"nav2_feedback of the target goal (map, AMCL-based estimate)",-6.4634,-0.9980,1.5074,,
1790738689675805530,513.050,map,"nav2_feedback of the target goal (map, AMCL-based estimate)",-6.4634,-0.9980,1.5074,,
1790738689685869075,513.050,map,"nav2_feedback of the target goal (map, AMCL-based estimate)",-6.4634,-0.9980,1.5074,,
1790738689695715198,513.067,map,"nav2_feedback of the target goal (map, AMCL-based estimate)",-6.4634,-0.9983,1.4963,,
1790738689705898721,513.067,map,"nav2_feedback of the target goal (map, AMCL-based estimate)",-6.4634,-0.9983,1.4963,,
1790738689715850561,513.067,map,"nav2_feedback of the target goal (map, AMCL-based estimate)",-6.4634,-0.9983,1.4963,,
1790738689725538964,513.083,map,"nav2_feedback of the target goal (map, AMCL-based estimate)",-6.4634,-0.9985,1.4851,,
1790738689736380366,513.083,map,"nav2_feedback of the target goal (map, AMCL-based estimate)",-6.4634,-0.9985,1.4851,,
1790738689745905440,513.083,map,"nav2_feedback of the target goal (map, AMCL-based estimate)",-6.4634,-0.9985,1.4851,,
1790738689756522003,513.083,map,"nav2_feedback of the target goal (map, AMCL-based estimate)",-6.4634,-0.9985,1.4851,,
1790738689766429256,513.083,map,"nav2_feedback of the target goal (map, AMCL-based estimate)",-6.4634,-0.9985,1.4851,,
1790738689776055578,513.083,map,"nav2_feedback of the target goal (map, AMCL-based estimate)",-6.4634,-0.9985,1.4851,,
1790738689786267337,513.083,map,"nav2_feedback of the target goal (map, AMCL-based estimate)",-6.4634,-0.9985,1.4851,,
1790738689796469304,513.100,map,"nav2_feedback of the target goal (map, AMCL-based estimate)",-6.4635,-0.9988,1.4740,,
1790738689805941234,513.100,map,"nav2_feedback of the target goal (map, AMCL-based estimate)",-6.4635,-0.9988,1.4740,,
1790738689815795153,513.100,map,"nav2_feedback of the target goal (map, AMCL-based estimate)",-6.4635,-0.9988,1.4740,,
1790738689825862026,513.100,map,"nav2_feedback of the target goal (map, AMCL-based estimate)",-6.4635,-0.9988,1.4740,,
1790738689836060000,513.117,map,"nav2_feedback of the target goal (map, AMCL-based estimate)",-6.4635,-0.9990,1.4628,,
1790738689845802973,513.117,map,"nav2_feedback of the target goal (map, AMCL-based estimate)",-6.4635,-0.9990,1.4628,,
1790738689858124126,513.117,map,"nav2_feedback of the target goal (map, AMCL-based estimate)",-6.4635,-0.9990,1.4628,,
1790738689865770158,513.117,map,"nav2_feedback of the target goal (map, AMCL-based estimate)",-6.4635,-0.9990,1.4628,,
1790738689876073659,513.117,map,"nav2_feedback of the target goal (map, AMCL-based estimate)",-6.4635,-0.9990,1.4628,,
1790738689886323540,513.117,map,"nav2_feedback of the target goal (map, AMCL-based estimate)",-6.4635,-0.9990,1.4628,,
1790738689895860688,513.133,map,"nav2_feedback of the target goal (map, AMCL-based estimate)",-6.4635,-0.9993,1.4517,,
1790738689905766419,513.133,map,"nav2_feedback of the target goal (map, AMCL-based estimate)",-6.4635,-0.9993,1.4517,,
1790738689915802015,513.133,map,"nav2_feedback of the target goal (map, AMCL-based estimate)",-6.4635,-0.9993,1.4517,,
1790738689925942472,513.133,map,"nav2_feedback of the target goal (map, AMCL-based estimate)",-6.4635,-0.9993,1.4517,,
1790738689935869783,513.150,map,"nav2_feedback of the target goal (map, AMCL-based estimate)",-6.4636,-0.9995,1.4405,,
1790738689945579767,513.150,map,"nav2_feedback of the target goal (map, AMCL-based estimate)",-6.4636,-0.9995,1.4405,,
1790738689955518202,513.150,map,"nav2_feedback of the target goal (map, AMCL-based estimate)",-6.4636,-0.9995,1.4405,,
1790738689965544766,513.150,map,"nav2_feedback of the target goal (map, AMCL-based estimate)",-6.4636,-0.9995,1.4405,,
1790738689975741409,513.150,map,"nav2_feedback of the target goal (map, AMCL-based estimate)",-6.4636,-0.9995,1.4405,,
1790738689985820641,513.167,map,"nav2_feedback of the target goal (map, AMCL-based estimate)",-6.4636,-0.9998,1.4294,,
1790738689995968418,513.167,map,"nav2_feedback of the target goal (map, AMCL-based estimate)",-6.4636,-0.9998,1.4294,,
1790738690005904952,513.167,map,"nav2_feedback of the target goal (map, AMCL-based estimate)",-6.4636,-0.9998,1.4294,,
1790738690015694699,513.167,map,"nav2_feedback of the target goal (map, AMCL-based estimate)",-6.4636,-0.9998,1.4294,,
1790738690025773836,513.183,map,"nav2_feedback of the target goal (map, AMCL-based estimate)",-6.4636,-1.0000,1.4183,,
1790738690036166892,513.183,map,"nav2_feedback of the target goal (map, AMCL-based estimate)",-6.4636,-1.0000,1.4183,,
1790738690045848450,513.183,map,"nav2_feedback of the target goal (map, AMCL-based estimate)",-6.4636,-1.0000,1.4183,,
1790738690055680977,513.183,map,"nav2_feedback of the target goal (map, AMCL-based estimate)",-6.4636,-1.0000,1.4183,,
1790738690066273583,513.183,map,"nav2_feedback of the target goal (map, AMCL-based estimate)",-6.4636,-1.0000,1.4183,,
1790738690075892205,513.183,map,"nav2_feedback of the target goal (map, AMCL-based estimate)",-6.4636,-1.0000,1.4183,,
1790738690086052532,513.200,map,"nav2_feedback of the target goal (map, AMCL-based estimate)",-6.4637,-1.0002,1.4071,,
1790738690096768537,513.200,map,"nav2_feedback of the target goal (map, AMCL-based estimate)",-6.4637,-1.0002,1.4071,,
1790738690106106135,513.200,map,"nav2_feedback of the target goal (map, AMCL-based estimate)",-6.4637,-1.0002,1.4071,,
1790738690116162836,513.200,map,"nav2_feedback of the target goal (map, AMCL-based estimate)",-6.4637,-1.0002,1.4071,,
1790738690125917312,513.200,map,"nav2_feedback of the target goal (map, AMCL-based estimate)",-6.4637,-1.0002,1.4071,,
1790738690135915260,513.217,map,"nav2_feedback of the target goal (map, AMCL-based estimate)",-6.4637,-1.0005,1.3960,,
1790738690145656142,513.217,map,"nav2_feedback of the target goal (map, AMCL-based estimate)",-6.4637,-1.0005,1.3960,,
1790738690155582218,513.217,map,"nav2_feedback of the target goal (map, AMCL-based estimate)",-6.4637,-1.0005,1.3960,,
1790738690165751480,513.217,map,"nav2_feedback of the target goal (map, AMCL-based estimate)",-6.4637,-1.0005,1.3960,,
1790738690175536854,513.217,map,"nav2_feedback of the target goal (map, AMCL-based estimate)",-6.4637,-1.0005,1.3960,,
1790738690185941793,513.233,map,"nav2_feedback of the target goal (map, AMCL-based estimate)",-6.4637,-1.0007,1.3848,,
1790738690195860644,513.233,map,"nav2_feedback of the target goal (map, AMCL-based estimate)",-6.4637,-1.0007,1.3848,,
1790738690205483164,513.233,map,"nav2_feedback of the target goal (map, AMCL-based estimate)",-6.4637,-1.0007,1.3848,,
1790738690215610026,513.250,map,"nav2_feedback of the target goal (map, AMCL-based estimate)",-6.4638,-1.0010,1.3737,,
1790738690225593143,513.250,map,"nav2_feedback of the target goal (map, AMCL-based estimate)",-6.4638,-1.0010,1.3737,,
1790738690235897119,513.250,map,"nav2_feedback of the target goal (map, AMCL-based estimate)",-6.4638,-1.0010,1.3737,,
1790738690245479900,513.250,map,"nav2_feedback of the target goal (map, AMCL-based estimate)",-6.4638,-1.0010,1.3737,,
1790738690255855273,513.250,map,"nav2_feedback of the target goal (map, AMCL-based estimate)",-6.4638,-1.0010,1.3737,,
1790738690265793898,513.250,map,"nav2_feedback of the target goal (map, AMCL-based estimate)",-6.4638,-1.0010,1.3737,,
1790738690276111944,513.267,map,"nav2_feedback of the target goal (map, AMCL-based estimate)",-6.4638,-1.0012,1.3625,,
1790738690286090308,513.267,map,"nav2_feedback of the target goal (map, AMCL-based estimate)",-6.4638,-1.0012,1.3625,,
1790738690295770630,513.267,map,"nav2_feedback of the target goal (map, AMCL-based estimate)",-6.4638,-1.0012,1.3625,,
1790738690305641376,513.267,map,"nav2_feedback of the target goal (map, AMCL-based estimate)",-6.4638,-1.0012,1.3625,,
1790738690315620501,513.267,map,"nav2_feedback of the target goal (map, AMCL-based estimate)",-6.4638,-1.0012,1.3625,,
1790738690325577664,513.267,map,"nav2_feedback of the target goal (map, AMCL-based estimate)",-6.4638,-1.0012,1.3625,,
1790738690336265814,513.267,map,"nav2_feedback of the target goal (map, AMCL-based estimate)",-6.4638,-1.0012,1.3625,,
1790738690345998234,513.283,map,"nav2_feedback of the target goal (map, AMCL-based estimate)",-6.4639,-1.0015,1.3514,,
1790738690355801481,513.283,map,"nav2_feedback of the target goal (map, AMCL-based estimate)",-6.4639,-1.0015,1.3514,,
1790738690365504905,513.283,map,"nav2_feedback of the target goal (map, AMCL-based estimate)",-6.4639,-1.0015,1.3514,,
1790738690376232984,513.283,map,"nav2_feedback of the target goal (map, AMCL-based estimate)",-6.4639,-1.0015,1.3514,,
1790738690388818620,513.300,map,"nav2_feedback of the target goal (map, AMCL-based estimate)",-6.4639,-1.0015,1.3403,,
1790738690396073157,513.300,map,"nav2_feedback of the target goal (map, AMCL-based estimate)",-6.4639,-1.0015,1.3403,,
1790738690405603936,513.300,map,"nav2_feedback of the target goal (map, AMCL-based estimate)",-6.4639,-1.0015,1.3403,,
1790738690416051181,513.300,map,"nav2_feedback of the target goal (map, AMCL-based estimate)",-6.4639,-1.0015,1.3403,,
1790738690425688151,513.317,map,"nav2_feedback of the target goal (map, AMCL-based estimate)",-6.4639,-1.0013,1.3292,,
1790738690436221244,513.317,map,"nav2_feedback of the target goal (map, AMCL-based estimate)",-6.4639,-1.0013,1.3292,,
1790738690446050539,513.317,map,"nav2_feedback of the target goal (map, AMCL-based estimate)",-6.4639,-1.0013,1.3292,,
1790738690455468661,513.317,map,"nav2_feedback of the target goal (map, AMCL-based estimate)",-6.4639,-1.0013,1.3292,,
1790738690465841942,513.317,map,"nav2_feedback of the target goal (map, AMCL-based estimate)",-6.4639,-1.0013,1.3292,,
1790738690475696431,513.333,map,"nav2_feedback of the target goal (map, AMCL-based estimate)",-6.4637,-1.0006,1.3182,,
1790738690486372507,513.333,map,"nav2_feedback of the target goal (map, AMCL-based estimate)",-6.4637,-1.0006,1.3182,,
1790738690495987802,513.333,map,"nav2_feedback of the target goal (map, AMCL-based estimate)",-6.4637,-1.0006,1.3182,,
1790738690506594383,513.333,map,"nav2_feedback of the target goal (map, AMCL-based estimate)",-6.4637,-1.0006,1.3182,,
1790738690515924566,513.333,map,"nav2_feedback of the target goal (map, AMCL-based estimate)",-6.4637,-1.0006,1.3182,,
1790738690525813089,513.350,map,"nav2_feedback of the target goal (map, AMCL-based estimate)",-6.4635,-0.9998,1.3072,,
1790738690536460170,513.350,map,"nav2_feedback of the target goal (map, AMCL-based estimate)",-6.4635,-0.9998,1.3072,,
1790738690545868024,513.350,map,"nav2_feedback of the target goal (map, AMCL-based estimate)",-6.4635,-0.9998,1.3072,,
1790738690556119141,513.350,map,"nav2_feedback of the target goal (map, AMCL-based estimate)",-6.4635,-0.9998,1.3072,,
1790738690566066132,513.350,map,"nav2_feedback of the target goal (map, AMCL-based estimate)",-6.4635,-0.9998,1.3072,,
1790738690576146695,513.367,map,"nav2_feedback of the target goal (map, AMCL-based estimate)",-6.4632,-0.9988,1.2962,,
1790738690585911059,513.367,map,"nav2_feedback of the target goal (map, AMCL-based estimate)",-6.4632,-0.9988,1.2962,,
1790738690595751382,513.367,map,"nav2_feedback of the target goal (map, AMCL-based estimate)",-6.4632,-0.9988,1.2962,,
1790738690605620131,513.367,map,"nav2_feedback of the target goal (map, AMCL-based estimate)",-6.4632,-0.9988,1.2962,,
1790738690615984476,513.383,map,"nav2_feedback of the target goal (map, AMCL-based estimate)",-6.4629,-0.9978,1.2850,,
1790738690625524952,513.383,map,"nav2_feedback of the target goal (map, AMCL-based estimate)",-6.4629,-0.9978,1.2850,,
1790738690636144842,513.383,map,"nav2_feedback of the target goal (map, AMCL-based estimate)",-6.4629,-0.9978,1.2850,,
1790738690645933828,513.383,map,"nav2_feedback of the target goal (map, AMCL-based estimate)",-6.4629,-0.9978,1.2850,,
1790738690655810659,513.383,map,"nav2_feedback of the target goal (map, AMCL-based estimate)",-6.4629,-0.9978,1.2850,,
1790738690665866219,513.400,map,"nav2_feedback of the target goal (map, AMCL-based estimate)",-6.4626,-0.9968,1.2738,,
1790738690675693328,513.400,map,"nav2_feedback of the target goal (map, AMCL-based estimate)",-6.4626,-0.9968,1.2738,,
1790738690686418080,513.400,map,"nav2_feedback of the target goal (map, AMCL-based estimate)",-6.4626,-0.9968,1.2738,,
1790738690695615165,513.400,map,"nav2_feedback of the target goal (map, AMCL-based estimate)",-6.4626,-0.9968,1.2738,,
1790738690705600089,513.417,map,"nav2_feedback of the target goal (map, AMCL-based estimate)",-6.4623,-0.9957,1.2624,,
1790738690716068820,513.417,map,"nav2_feedback of the target goal (map, AMCL-based estimate)",-6.4623,-0.9957,1.2624,,
1790738690727025540,513.417,map,"nav2_feedback of the target goal (map, AMCL-based estimate)",-6.4623,-0.9957,1.2624,,
1790738690736466003,513.417,map,"nav2_feedback of the target goal (map, AMCL-based estimate)",-6.4623,-0.9957,1.2624,,
1790738690745821379,513.417,map,"nav2_feedback of the target goal (map, AMCL-based estimate)",-6.4623,-0.9957,1.2624,,
1790738690755554940,513.433,map,"nav2_feedback of the target goal (map, AMCL-based estimate)",-6.4619,-0.9946,1.2510,,
1790738690766023860,513.433,map,"nav2_feedback of the target goal (map, AMCL-based estimate)",-6.4619,-0.9946,1.2510,,
1790738690775752192,513.433,map,"nav2_feedback of the target goal (map, AMCL-based estimate)",-6.4619,-0.9946,1.2510,,
1790738690786390907,513.433,map,"nav2_feedback of the target goal (map, AMCL-based estimate)",-6.4619,-0.9946,1.2510,,
1790738690795541408,513.450,map,"nav2_feedback of the target goal (map, AMCL-based estimate)",-6.4616,-0.9937,1.2396,,
1790738690805758871,513.450,map,"nav2_feedback of the target goal (map, AMCL-based estimate)",-6.4616,-0.9937,1.2396,,
1790738690815717461,513.450,map,"nav2_feedback of the target goal (map, AMCL-based estimate)",-6.4616,-0.9937,1.2396,,
1790738690825880639,513.450,map,"nav2_feedback of the target goal (map, AMCL-based estimate)",-6.4616,-0.9937,1.2396,,
1790738690835867940,513.467,map,"nav2_feedback of the target goal (map, AMCL-based estimate)",-6.4614,-0.9931,1.2281,,
1790738690845716629,513.467,map,"nav2_feedback of the target goal (map, AMCL-based estimate)",-6.4614,-0.9931,1.2281,,
1790738690855841020,513.467,map,"nav2_feedback of the target goal (map, AMCL-based estimate)",-6.4614,-0.9931,1.2281,,
1790738690865538644,513.467,map,"nav2_feedback of the target goal (map, AMCL-based estimate)",-6.4614,-0.9931,1.2281,,
1790738690875684900,513.483,map,"nav2_feedback of the target goal (map, AMCL-based estimate)",-6.4611,-0.9925,1.2165,,
1790738690885844371,513.483,map,"nav2_feedback of the target goal (map, AMCL-based estimate)",-6.4611,-0.9925,1.2165,,
1790738690895593428,513.483,map,"nav2_feedback of the target goal (map, AMCL-based estimate)",-6.4611,-0.9925,1.2165,,
1790738690905591472,513.483,map,"nav2_feedback of the target goal (map, AMCL-based estimate)",-6.4611,-0.9925,1.2165,,
1790738690915898775,513.483,map,"nav2_feedback of the target goal (map, AMCL-based estimate)",-6.4611,-0.9925,1.2165,,
1790738690925583090,513.500,map,"nav2_feedback of the target goal (map, AMCL-based estimate)",-6.4610,-0.9920,1.2050,,
1790738690936354806,513.500,map,"nav2_feedback of the target goal (map, AMCL-based estimate)",-6.4610,-0.9920,1.2050,,
1790738690946926306,513.500,map,"nav2_feedback of the target goal (map, AMCL-based estimate)",-6.4610,-0.9920,1.2050,,
1790738690955559252,513.500,map,"nav2_feedback of the target goal (map, AMCL-based estimate)",-6.4610,-0.9920,1.2050,,
1790738690965535239,513.517,map,"nav2_feedback of the target goal (map, AMCL-based estimate)",-6.4608,-0.9916,1.1934,,
1790738690975586426,513.517,map,"nav2_feedback of the target goal (map, AMCL-based estimate)",-6.4608,-0.9916,1.1934,,
1790738690986266875,513.517,map,"nav2_feedback of the target goal (map, AMCL-based estimate)",-6.4608,-0.9916,1.1934,,
1790738690996035422,513.517,map,"nav2_feedback of the target goal (map, AMCL-based estimate)",-6.4608,-0.9916,1.1934,,
1790738691005624858,513.517,map,"nav2_feedback of the target goal (map, AMCL-based estimate)",-6.4608,-0.9916,1.1934,,
1790738691015893183,513.517,map,"nav2_feedback of the target goal (map, AMCL-based estimate)",-6.4608,-0.9916,1.1934,,
1790738691025761742,513.533,map,"nav2_feedback of the target goal (map, AMCL-based estimate)",-6.4606,-0.9912,1.1818,,
1790738691035905526,513.533,map,"nav2_feedback of the target goal (map, AMCL-based estimate)",-6.4606,-0.9912,1.1818,,
1790738691045712290,513.533,map,"nav2_feedback of the target goal (map, AMCL-based estimate)",-6.4606,-0.9912,1.1818,,
1790738691055714707,513.533,map,"nav2_feedback of the target goal (map, AMCL-based estimate)",-6.4606,-0.9912,1.1818,,
1790738691065736137,513.550,map,"nav2_feedback of the target goal (map, AMCL-based estimate)",-6.4604,-0.9907,1.1702,,
1790738691075523412,513.550,map,"nav2_feedback of the target goal (map, AMCL-based estimate)",-6.4604,-0.9907,1.1702,,
1790738691085643714,513.550,map,"nav2_feedback of the target goal (map, AMCL-based estimate)",-6.4604,-0.9907,1.1702,,
1790738691098126010,513.550,map,"nav2_feedback of the target goal (map, AMCL-based estimate)",-6.4604,-0.9907,1.1702,,
1790738691105612516,513.567,map,"nav2_feedback of the target goal (map, AMCL-based estimate)",-6.4602,-0.9903,1.1586,,
1790738691115909837,513.567,map,"nav2_feedback of the target goal (map, AMCL-based estimate)",-6.4602,-0.9903,1.1586,,
1790738691125569339,513.567,map,"nav2_feedback of the target goal (map, AMCL-based estimate)",-6.4602,-0.9903,1.1586,,
1790738691136145403,513.567,map,"nav2_feedback of the target goal (map, AMCL-based estimate)",-6.4602,-0.9903,1.1586,,
1790738691147943390,513.583,map,"nav2_feedback of the target goal (map, AMCL-based estimate)",-6.4600,-0.9899,1.1470,,
1790738691155542839,513.583,map,"nav2_feedback of the target goal (map, AMCL-based estimate)",-6.4600,-0.9899,1.1470,,
1790738691165814016,513.583,map,"nav2_feedback of the target goal (map, AMCL-based estimate)",-6.4600,-0.9899,1.1470,,
1790738691175531890,513.583,map,"nav2_feedback of the target goal (map, AMCL-based estimate)",-6.4600,-0.9899,1.1470,,
1790738691185754487,513.583,map,"nav2_feedback of the target goal (map, AMCL-based estimate)",-6.4600,-0.9899,1.1470,,
1790738691196429993,513.583,map,"nav2_feedback of the target goal (map, AMCL-based estimate)",-6.4600,-0.9899,1.1470,,
1790738691205724809,513.600,map,"nav2_feedback of the target goal (map, AMCL-based estimate)",-6.4599,-0.9895,1.1354,,
1790738691215851576,513.600,map,"nav2_feedback of the target goal (map, AMCL-based estimate)",-6.4599,-0.9895,1.1354,,
1790738691225440632,513.600,map,"nav2_feedback of the target goal (map, AMCL-based estimate)",-6.4599,-0.9895,1.1354,,
1790738691236018597,513.617,map,"nav2_feedback of the target goal (map, AMCL-based estimate)",-6.4597,-0.9891,1.1238,,
1790738691245940965,513.617,map,"nav2_feedback of the target goal (map, AMCL-based estimate)",-6.4597,-0.9891,1.1238,,
1790738691255549320,513.617,map,"nav2_feedback of the target goal (map, AMCL-based estimate)",-6.4597,-0.9891,1.1238,,
1790738691265474921,513.617,map,"nav2_feedback of the target goal (map, AMCL-based estimate)",-6.4597,-0.9891,1.1238,,
1790738691275826621,513.617,map,"nav2_feedback of the target goal (map, AMCL-based estimate)",-6.4597,-0.9891,1.1238,,
1790738691285980673,513.617,map,"nav2_feedback of the target goal (map, AMCL-based estimate)",-6.4597,-0.9891,1.1238,,
1790738691295435967,513.617,map,"nav2_feedback of the target goal (map, AMCL-based estimate)",-6.4597,-0.9891,1.1238,,
1790738691306065459,513.633,map,"nav2_feedback of the target goal (map, AMCL-based estimate)",-6.4595,-0.9887,1.1123,,
1790738691315667825,513.633,map,"nav2_feedback of the target goal (map, AMCL-based estimate)",-6.4595,-0.9887,1.1123,,
1790738691325834616,513.633,map,"nav2_feedback of the target goal (map, AMCL-based estimate)",-6.4595,-0.9887,1.1123,,
1790738691335877532,513.650,map,"nav2_feedback of the target goal (map, AMCL-based estimate)",-6.4593,-0.9883,1.1007,,
1790738691345552530,513.650,map,"nav2_feedback of the target goal (map, AMCL-based estimate)",-6.4593,-0.9883,1.1007,,
1790738691355517299,513.650,map,"nav2_feedback of the target goal (map, AMCL-based estimate)",-6.4593,-0.9883,1.1007,,
1790738691365763473,513.650,map,"nav2_feedback of the target goal (map, AMCL-based estimate)",-6.4593,-0.9883,1.1007,,
1790738691375923609,513.650,map,"nav2_feedback of the target goal (map, AMCL-based estimate)",-6.4593,-0.9883,1.1007,,
1790738691386141547,513.650,map,"nav2_feedback of the target goal (map, AMCL-based estimate)",-6.4593,-0.9883,1.1007,,
1790738691396619690,513.667,map,"nav2_feedback of the target goal (map, AMCL-based estimate)",-6.4590,-0.9879,1.0891,,
1790738691405949587,513.667,map,"nav2_feedback of the target goal (map, AMCL-based estimate)",-6.4590,-0.9879,1.0891,,
1790738691415998017,513.667,map,"nav2_feedback of the target goal (map, AMCL-based estimate)",-6.4590,-0.9879,1.0891,,
1790738691425810295,513.667,map,"nav2_feedback of the target goal (map, AMCL-based estimate)",-6.4590,-0.9879,1.0891,,
1790738691436141651,513.683,map,"nav2_feedback of the target goal (map, AMCL-based estimate)",-6.4588,-0.9873,1.0775,,
1790738691445732608,513.683,map,"nav2_feedback of the target goal (map, AMCL-based estimate)",-6.4588,-0.9873,1.0775,,
1790738691456149716,513.683,map,"nav2_feedback of the target goal (map, AMCL-based estimate)",-6.4588,-0.9873,1.0775,,
1790738691465611949,513.683,map,"nav2_feedback of the target goal (map, AMCL-based estimate)",-6.4588,-0.9873,1.0775,,
1790738691475956425,513.683,map,"nav2_feedback of the target goal (map, AMCL-based estimate)",-6.4588,-0.9873,1.0775,,
1790738691486287780,513.700,map,"nav2_feedback of the target goal (map, AMCL-based estimate)",-6.4583,-0.9865,1.0660,,
1790738691496000236,513.700,map,"nav2_feedback of the target goal (map, AMCL-based estimate)",-6.4583,-0.9865,1.0660,,
1790738691506354884,513.700,map,"nav2_feedback of the target goal (map, AMCL-based estimate)",-6.4583,-0.9865,1.0660,,
1790738691515909715,513.700,map,"nav2_feedback of the target goal (map, AMCL-based estimate)",-6.4583,-0.9865,1.0660,,
1790738691525806034,513.700,map,"nav2_feedback of the target goal (map, AMCL-based estimate)",-6.4583,-0.9865,1.0660,,
1790738691535880703,513.700,map,"nav2_feedback of the target goal (map, AMCL-based estimate)",-6.4583,-0.9865,1.0660,,
1790738691545565588,513.717,map,"nav2_feedback of the target goal (map, AMCL-based estimate)",-6.4576,-0.9853,1.0544,,
1790738691555945049,513.717,map,"nav2_feedback of the target goal (map, AMCL-based estimate)",-6.4576,-0.9853,1.0544,,
1790738691566685582,513.717,map,"nav2_feedback of the target goal (map, AMCL-based estimate)",-6.4576,-0.9853,1.0544,,
1790738691575704794,513.717,map,"nav2_feedback of the target goal (map, AMCL-based estimate)",-6.4576,-0.9853,1.0544,,
1790738691585592937,513.717,map,"nav2_feedback of the target goal (map, AMCL-based estimate)",-6.4576,-0.9853,1.0544,,
1790738691595950627,513.733,map,"nav2_feedback of the target goal (map, AMCL-based estimate)",-6.4567,-0.9836,1.0429,,
1790738691605837915,513.733,map,"nav2_feedback of the target goal (map, AMCL-based estimate)",-6.4567,-0.9836,1.0429,,
1790738691615754293,513.733,map,"nav2_feedback of the target goal (map, AMCL-based estimate)",-6.4567,-0.9836,1.0429,,
1790738691625762414,513.733,map,"nav2_feedback of the target goal (map, AMCL-based estimate)",-6.4567,-0.9836,1.0429,,
1790738691635972462,513.750,map,"nav2_feedback of the target goal (map, AMCL-based estimate)",-6.4555,-0.9816,1.0313,,
1790738691645936375,513.750,map,"nav2_feedback of the target goal (map, AMCL-based estimate)",-6.4555,-0.9816,1.0313,,
1790738691655842011,513.750,map,"nav2_feedback of the target goal (map, AMCL-based estimate)",-6.4555,-0.9816,1.0313,,
1790738691665730915,513.750,map,"nav2_feedback of the target goal (map, AMCL-based estimate)",-6.4555,-0.9816,1.0313,,
1790738691675594435,513.750,map,"nav2_feedback of the target goal (map, AMCL-based estimate)",-6.4555,-0.9816,1.0313,,
1790738691685977794,513.767,map,"nav2_feedback of the target goal (map, AMCL-based estimate)",-6.4539,-0.9791,1.0196,,
1790738691695801385,513.767,map,"nav2_feedback of the target goal (map, AMCL-based estimate)",-6.4539,-0.9791,1.0196,,
1790738691705563752,513.767,map,"nav2_feedback of the target goal (map, AMCL-based estimate)",-6.4539,-0.9791,1.0196,,
1790738691715509793,513.767,map,"nav2_feedback of the target goal (map, AMCL-based estimate)",-6.4539,-0.9791,1.0196,,
1790738691725471139,513.767,map,"nav2_feedback of the target goal (map, AMCL-based estimate)",-6.4539,-0.9791,1.0196,,
1790738691735685940,513.783,map,"nav2_feedback of the target goal (map, AMCL-based estimate)",-6.4520,-0.9761,1.0076,,
1790738691745664399,513.783,map,"nav2_feedback of the target goal (map, AMCL-based estimate)",-6.4520,-0.9761,1.0076,,
1790738691755402428,513.783,map,"nav2_feedback of the target goal (map, AMCL-based estimate)",-6.4520,-0.9761,1.0076,,
1790738691765605346,513.783,map,"nav2_feedback of the target goal (map, AMCL-based estimate)",-6.4520,-0.9761,1.0076,,
1790738691775662237,513.800,map,"nav2_feedback of the target goal (map, AMCL-based estimate)",-6.4498,-0.9727,0.9955,,
1790738691785955375,513.800,map,"nav2_feedback of the target goal (map, AMCL-based estimate)",-6.4498,-0.9727,0.9955,,
1790738691795518762,513.800,map,"nav2_feedback of the target goal (map, AMCL-based estimate)",-6.4498,-0.9727,0.9955,,
1790738691806122966,513.817,map,"nav2_feedback of the target goal (map, AMCL-based estimate)",-6.4670,-0.9600,0.9699,,
1790738691815606970,513.817,map,"nav2_feedback of the target goal (map, AMCL-based estimate)",-6.4670,-0.9600,0.9699,,
1790738691825460699,513.817,map,"nav2_feedback of the target goal (map, AMCL-based estimate)",-6.4670,-0.9600,0.9699,,
1790738691836120994,513.817,map,"nav2_feedback of the target goal (map, AMCL-based estimate)",-6.4670,-0.9600,0.9699,,
1790738691845568681,513.817,map,"nav2_feedback of the target goal (map, AMCL-based estimate)",-6.4670,-0.9600,0.9699,,
1790738691855547901,513.833,map,"nav2_feedback of the target goal (map, AMCL-based estimate)",-6.4836,-0.9470,0.9441,,
1790738691866003037,513.833,map,"nav2_feedback of the target goal (map, AMCL-based estimate)",-6.4836,-0.9470,0.9441,,
1790738691876043006,513.833,map,"nav2_feedback of the target goal (map, AMCL-based estimate)",-6.4836,-0.9470,0.9441,,
1790738691885700796,513.833,map,"nav2_feedback of the target goal (map, AMCL-based estimate)",-6.4836,-0.9470,0.9441,,
1790738691895573538,513.850,map,"nav2_feedback of the target goal (map, AMCL-based estimate)",-6.4996,-0.9336,0.9180,,
1790738691905530702,513.850,map,"nav2_feedback of the target goal (map, AMCL-based estimate)",-6.4996,-0.9336,0.9180,,
1790738691915697778,513.850,map,"nav2_feedback of the target goal (map, AMCL-based estimate)",-6.4996,-0.9336,0.9180,,
1790738691927825751,513.850,map,"nav2_feedback of the target goal (map, AMCL-based estimate)",-6.4996,-0.9336,0.9180,,
1790738691935771251,513.850,map,"nav2_feedback of the target goal (map, AMCL-based estimate)",-6.4996,-0.9336,0.9180,,
1790738691945678789,513.867,map,"nav2_feedback of the target goal (map, AMCL-based estimate)",-6.5150,-0.9200,0.8915,,
1790738691955660385,513.867,map,"nav2_feedback of the target goal (map, AMCL-based estimate)",-6.5150,-0.9200,0.8915,,
1790738691965673164,513.867,map,"nav2_feedback of the target goal (map, AMCL-based estimate)",-6.5150,-0.9200,0.8915,,
1790738691975594676,513.867,map,"nav2_feedback of the target goal (map, AMCL-based estimate)",-6.5150,-0.9200,0.8915,,
1790738691986057608,513.883,map,"nav2_feedback of the target goal (map, AMCL-based estimate)",-6.5298,-0.9061,0.8647,,
1790738691995461374,513.883,map,"nav2_feedback of the target goal (map, AMCL-based estimate)",-6.5298,-0.9061,0.8647,,
1790738692005663245,513.883,map,"nav2_feedback of the target goal (map, AMCL-based estimate)",-6.5298,-0.9061,0.8647,,
1790738692015775277,513.883,map,"nav2_feedback of the target goal (map, AMCL-based estimate)",-6.5298,-0.9061,0.8647,,
1790738692025980190,513.900,map,"nav2_feedback of the target goal (map, AMCL-based estimate)",-6.5439,-0.8920,0.8376,,
1790738692036050962,513.900,map,"nav2_feedback of the target goal (map, AMCL-based estimate)",-6.5439,-0.8920,0.8376,,
1790738692046019058,513.900,map,"nav2_feedback of the target goal (map, AMCL-based estimate)",-6.5439,-0.8920,0.8376,,
1790738692055425486,513.900,map,"nav2_feedback of the target goal (map, AMCL-based estimate)",-6.5439,-0.8920,0.8376,,
1790738692065416494,513.917,map,"nav2_feedback of the target goal (map, AMCL-based estimate)",-6.5386,-0.8862,0.8232,,
1790738692075979914,513.917,map,"nav2_feedback of the target goal (map, AMCL-based estimate)",-6.5386,-0.8862,0.8232,,
1790738692085689992,513.917,map,"nav2_feedback of the target goal (map, AMCL-based estimate)",-6.5386,-0.8862,0.8232,,
1790738692095572622,513.917,map,"nav2_feedback of the target goal (map, AMCL-based estimate)",-6.5386,-0.8862,0.8232,,
1790738692105623238,513.917,map,"nav2_feedback of the target goal (map, AMCL-based estimate)",-6.5386,-0.8862,0.8232,,
1790738692115956020,513.917,map,"nav2_feedback of the target goal (map, AMCL-based estimate)",-6.5386,-0.8862,0.8232,,
1790738692125476721,513.933,map,"nav2_feedback of the target goal (map, AMCL-based estimate)",-6.5328,-0.8802,0.8084,,
1790738692136367559,513.933,map,"nav2_feedback of the target goal (map, AMCL-based estimate)",-6.5328,-0.8802,0.8084,,
1790738692145366901,513.933,map,"nav2_feedback of the target goal (map, AMCL-based estimate)",-6.5328,-0.8802,0.8084,,
1790738692155645113,513.950,map,"nav2_feedback of the target goal (map, AMCL-based estimate)",-6.5266,-0.8739,0.7933,,
1790738692165611023,513.950,map,"nav2_feedback of the target goal (map, AMCL-based estimate)",-6.5266,-0.8739,0.7933,,
1790738692175523789,513.950,map,"nav2_feedback of the target goal (map, AMCL-based estimate)",-6.5266,-0.8739,0.7933,,
1790738692186039769,513.950,map,"nav2_feedback of the target goal (map, AMCL-based estimate)",-6.5266,-0.8739,0.7933,,
1790738692195898441,513.950,map,"nav2_feedback of the target goal (map, AMCL-based estimate)",-6.5266,-0.8739,0.7933,,
1790738692205810256,513.950,map,"nav2_feedback of the target goal (map, AMCL-based estimate)",-6.5266,-0.8739,0.7933,,
1790738692215705530,513.967,map,"nav2_feedback of the target goal (map, AMCL-based estimate)",-6.5199,-0.8673,0.7777,,
1790738692225549086,513.967,map,"nav2_feedback of the target goal (map, AMCL-based estimate)",-6.5199,-0.8673,0.7777,,
1790738692235861903,513.967,map,"nav2_feedback of the target goal (map, AMCL-based estimate)",-6.5199,-0.8673,0.7777,,
1790738692245528630,513.967,map,"nav2_feedback of the target goal (map, AMCL-based estimate)",-6.5199,-0.8673,0.7777,,
1790738692255745333,513.983,map,"nav2_feedback of the target goal (map, AMCL-based estimate)",-6.5128,-0.8605,0.7618,,
1790738692265406546,513.983,map,"nav2_feedback of the target goal (map, AMCL-based estimate)",-6.5128,-0.8605,0.7618,,
1790738692275690842,513.983,map,"nav2_feedback of the target goal (map, AMCL-based estimate)",-6.5128,-0.8605,0.7618,,
1790738692286441833,513.983,map,"nav2_feedback of the target goal (map, AMCL-based estimate)",-6.5128,-0.8605,0.7618,,
1790738692295483956,513.983,map,"nav2_feedback of the target goal (map, AMCL-based estimate)",-6.5128,-0.8605,0.7618,,
1790738692306092724,514.000,map,"nav2_feedback of the target goal (map, AMCL-based estimate)",-6.5051,-0.8535,0.7455,,
1790738692315956910,514.000,map,"nav2_feedback of the target goal (map, AMCL-based estimate)",-6.5051,-0.8535,0.7455,,
1790738692325713287,514.000,map,"nav2_feedback of the target goal (map, AMCL-based estimate)",-6.5051,-0.8535,0.7455,,
1790738692335954802,514.017,map,"nav2_feedback of the target goal (map, AMCL-based estimate)",-6.4970,-0.8463,0.7288,,
1790738692347432407,514.017,map,"nav2_feedback of the target goal (map, AMCL-based estimate)",-6.4970,-0.8463,0.7288,,
1790738692355558634,514.017,map,"nav2_feedback of the target goal (map, AMCL-based estimate)",-6.4970,-0.8463,0.7288,,
1790738692366094578,514.017,map,"nav2_feedback of the target goal (map, AMCL-based estimate)",-6.4970,-0.8463,0.7288,,
1790738692376041284,514.017,map,"nav2_feedback of the target goal (map, AMCL-based estimate)",-6.4970,-0.8463,0.7288,,
1790738692385721511,514.017,map,"nav2_feedback of the target goal (map, AMCL-based estimate)",-6.4970,-0.8463,0.7288,,
1790738692396750580,514.017,map,"nav2_feedback of the target goal (map, AMCL-based estimate)",-6.4970,-0.8463,0.7288,,
1790738692405684514,514.033,map,"nav2_feedback of the target goal (map, AMCL-based estimate)",-6.4884,-0.8389,0.7116,,
1790738692415838756,514.033,map,"nav2_feedback of the target goal (map, AMCL-based estimate)",-6.4884,-0.8389,0.7116,,
1790738692425581823,514.033,map,"nav2_feedback of the target goal (map, AMCL-based estimate)",-6.4884,-0.8389,0.7116,,
1790738692435726558,514.050,map,"nav2_feedback of the target goal (map, AMCL-based estimate)",-6.4794,-0.8314,0.6940,,
1790738692445471908,514.050,map,"nav2_feedback of the target goal (map, AMCL-based estimate)",-6.4794,-0.8314,0.6940,,
1790738692455490581,514.050,map,"nav2_feedback of the target goal (map, AMCL-based estimate)",-6.4794,-0.8314,0.6940,,
1790738692465424453,514.050,map,"nav2_feedback of the target goal (map, AMCL-based estimate)",-6.4794,-0.8314,0.6940,,
1790738692475540762,514.050,map,"nav2_feedback of the target goal (map, AMCL-based estimate)",-6.4794,-0.8314,0.6940,,
1790738692486269222,514.067,map,"nav2_feedback of the target goal (map, AMCL-based estimate)",-6.4699,-0.8238,0.6762,,
1790738692495680213,514.067,map,"nav2_feedback of the target goal (map, AMCL-based estimate)",-6.4699,-0.8238,0.6762,,
1790738692506076691,514.067,map,"nav2_feedback of the target goal (map, AMCL-based estimate)",-6.4699,-0.8238,0.6762,,
1790738692515484925,514.067,map,"nav2_feedback of the target goal (map, AMCL-based estimate)",-6.4699,-0.8238,0.6762,,
1790738692525361660,514.083,map,"nav2_feedback of the target goal (map, AMCL-based estimate)",-6.4601,-0.8163,0.6584,,
1790738692536376848,514.083,map,"nav2_feedback of the target goal (map, AMCL-based estimate)",-6.4601,-0.8163,0.6584,,
1790738692545493601,514.083,map,"nav2_feedback of the target goal (map, AMCL-based estimate)",-6.4601,-0.8163,0.6584,,
1790738692555534235,514.083,map,"nav2_feedback of the target goal (map, AMCL-based estimate)",-6.4601,-0.8163,0.6584,,
1790738692565572587,514.083,map,"nav2_feedback of the target goal (map, AMCL-based estimate)",-6.4601,-0.8163,0.6584,,
1790738692575799652,514.100,map,"nav2_feedback of the target goal (map, AMCL-based estimate)",-6.4501,-0.8088,0.6408,,
1790738692585803115,514.100,map,"nav2_feedback of the target goal (map, AMCL-based estimate)",-6.4501,-0.8088,0.6408,,
1790738692595504257,514.100,map,"nav2_feedback of the target goal (map, AMCL-based estimate)",-6.4501,-0.8088,0.6408,,
1790738692605518177,514.100,map,"nav2_feedback of the target goal (map, AMCL-based estimate)",-6.4501,-0.8088,0.6408,,
1790738692615492167,514.117,map,"nav2_feedback of the target goal (map, AMCL-based estimate)",-6.4398,-0.8015,0.6233,,
1790738692626060245,514.117,map,"nav2_feedback of the target goal (map, AMCL-based estimate)",-6.4398,-0.8015,0.6233,,
1790738692636187678,514.117,map,"nav2_feedback of the target goal (map, AMCL-based estimate)",-6.4398,-0.8015,0.6233,,
1790738692645432393,514.117,map,"nav2_feedback of the target goal (map, AMCL-based estimate)",-6.4398,-0.8015,0.6233,,
1790738692656001327,514.117,map,"nav2_feedback of the target goal (map, AMCL-based estimate)",-6.4398,-0.8015,0.6233,,
1790738692665769112,514.117,map,"nav2_feedback of the target goal (map, AMCL-based estimate)",-6.4398,-0.8015,0.6233,,
1790738692675732646,514.133,map,"nav2_feedback of the target goal (map, AMCL-based estimate)",-6.4294,-0.7943,0.6060,,
1790738692685941742,514.133,map,"nav2_feedback of the target goal (map, AMCL-based estimate)",-6.4294,-0.7943,0.6060,,
1790738692695785774,514.133,map,"nav2_feedback of the target goal (map, AMCL-based estimate)",-6.4294,-0.7943,0.6060,,
1790738692705642639,514.133,map,"nav2_feedback of the target goal (map, AMCL-based estimate)",-6.4294,-0.7943,0.6060,,
1790738692718328478,514.150,map,"nav2_feedback of the target goal (map, AMCL-based estimate)",-6.4187,-0.7872,0.5889,,
1790738692725386317,514.150,map,"nav2_feedback of the target goal (map, AMCL-based estimate)",-6.4187,-0.7872,0.5889,,
1790738692736419188,514.150,map,"nav2_feedback of the target goal (map, AMCL-based estimate)",-6.4187,-0.7872,0.5889,,
1790738692745718568,514.150,map,"nav2_feedback of the target goal (map, AMCL-based estimate)",-6.4187,-0.7872,0.5889,,
1790738692755623634,514.150,map,"nav2_feedback of the target goal (map, AMCL-based estimate)",-6.4187,-0.7872,0.5889,,
1790738692767502240,514.167,map,"nav2_feedback of the target goal (map, AMCL-based estimate)",-6.4080,-0.7803,0.5719,,
1790738692775878023,514.167,map,"nav2_feedback of the target goal (map, AMCL-based estimate)",-6.4080,-0.7803,0.5719,,
1790738692786261762,514.167,map,"nav2_feedback of the target goal (map, AMCL-based estimate)",-6.4080,-0.7803,0.5719,,
1790738692795657447,514.167,map,"nav2_feedback of the target goal (map, AMCL-based estimate)",-6.4080,-0.7803,0.5719,,
1790738692806459871,514.183,map,"nav2_feedback of the target goal (map, AMCL-based estimate)",-6.3971,-0.7736,0.5552,,
1790738692815918016,514.183,map,"nav2_feedback of the target goal (map, AMCL-based estimate)",-6.3971,-0.7736,0.5552,,
1790738692826279509,514.183,map,"nav2_feedback of the target goal (map, AMCL-based estimate)",-6.3971,-0.7736,0.5552,,
1790738692835916289,514.183,map,"nav2_feedback of the target goal (map, AMCL-based estimate)",-6.3971,-0.7736,0.5552,,
1790738692845667913,514.183,map,"nav2_feedback of the target goal (map, AMCL-based estimate)",-6.3971,-0.7736,0.5552,,
1790738692855507666,514.183,map,"nav2_feedback of the target goal (map, AMCL-based estimate)",-6.3971,-0.7736,0.5552,,
1790738692865368525,514.200,map,"nav2_feedback of the target goal (map, AMCL-based estimate)",-6.3860,-0.7670,0.5386,,
1790738692875721556,514.200,map,"nav2_feedback of the target goal (map, AMCL-based estimate)",-6.3860,-0.7670,0.5386,,
1790738692885887302,514.200,map,"nav2_feedback of the target goal (map, AMCL-based estimate)",-6.3860,-0.7670,0.5386,,
1790738692895791036,514.200,map,"nav2_feedback of the target goal (map, AMCL-based estimate)",-6.3860,-0.7670,0.5386,,
1790738692905732609,514.217,map,"nav2_feedback of the target goal (map, AMCL-based estimate)",-6.3749,-0.7606,0.5221,,
1790738692915621417,514.217,map,"nav2_feedback of the target goal (map, AMCL-based estimate)",-6.3749,-0.7606,0.5221,,
1790738692925434931,514.217,map,"nav2_feedback of the target goal (map, AMCL-based estimate)",-6.3749,-0.7606,0.5221,,
1790738692935910412,514.217,map,"nav2_feedback of the target goal (map, AMCL-based estimate)",-6.3749,-0.7606,0.5221,,
1790738692945844474,514.217,map,"nav2_feedback of the target goal (map, AMCL-based estimate)",-6.3749,-0.7606,0.5221,,
1790738692955790514,514.217,map,"nav2_feedback of the target goal (map, AMCL-based estimate)",-6.3749,-0.7606,0.5221,,
1790738692965748533,514.233,map,"nav2_feedback of the target goal (map, AMCL-based estimate)",-6.3636,-0.7543,0.5057,,
1790738692975560241,514.233,map,"nav2_feedback of the target goal (map, AMCL-based estimate)",-6.3636,-0.7543,0.5057,,
1790738692985697656,514.233,map,"nav2_feedback of the target goal (map, AMCL-based estimate)",-6.3636,-0.7543,0.5057,,
1790738692995746276,514.250,map,"nav2_feedback of the target goal (map, AMCL-based estimate)",-6.3522,-0.7483,0.4895,,
1790738693006079533,514.250,map,"nav2_feedback of the target goal (map, AMCL-based estimate)",-6.3522,-0.7483,0.4895,,
1790738693015641874,514.250,map,"nav2_feedback of the target goal (map, AMCL-based estimate)",-6.3522,-0.7483,0.4895,,
1790738693025433617,514.250,map,"nav2_feedback of the target goal (map, AMCL-based estimate)",-6.3522,-0.7483,0.4895,,
1790738693035931629,514.250,map,"nav2_feedback of the target goal (map, AMCL-based estimate)",-6.3522,-0.7483,0.4895,,
1790738693045598832,514.250,map,"nav2_feedback of the target goal (map, AMCL-based estimate)",-6.3522,-0.7483,0.4895,,
1790738693055628723,514.267,map,"nav2_feedback of the target goal (map, AMCL-based estimate)",-6.3407,-0.7424,0.4736,,
1790738693065435583,514.267,map,"nav2_feedback of the target goal (map, AMCL-based estimate)",-6.3407,-0.7424,0.4736,,
1790738693075785477,514.267,map,"nav2_feedback of the target goal (map, AMCL-based estimate)",-6.3407,-0.7424,0.4736,,
1790738693085718018,514.267,map,"nav2_feedback of the target goal (map, AMCL-based estimate)",-6.3407,-0.7424,0.4736,,
1790738693095578020,514.267,map,"nav2_feedback of the target goal (map, AMCL-based estimate)",-6.3407,-0.7424,0.4736,,
1790738693105907190,514.283,map,"nav2_feedback of the target goal (map, AMCL-based estimate)",-6.3291,-0.7367,0.4580,,
1790738693115759111,514.283,map,"nav2_feedback of the target goal (map, AMCL-based estimate)",-6.3291,-0.7367,0.4580,,
1790738693125444567,514.283,map,"nav2_feedback of the target goal (map, AMCL-based estimate)",-6.3291,-0.7367,0.4580,,
1790738693135802828,514.283,map,"nav2_feedback of the target goal (map, AMCL-based estimate)",-6.3291,-0.7367,0.4580,,
1790738693146217749,514.283,map,"nav2_feedback of the target goal (map, AMCL-based estimate)",-6.3291,-0.7367,0.4580,,
1790738693155680078,514.300,map,"nav2_feedback of the target goal (map, AMCL-based estimate)",-6.3175,-0.7312,0.4430,,
1790738693166087299,514.300,map,"nav2_feedback of the target goal (map, AMCL-based estimate)",-6.3175,-0.7312,0.4430,,
1790738693175606003,514.300,map,"nav2_feedback of the target goal (map, AMCL-based estimate)",-6.3175,-0.7312,0.4430,,
1790738693186229697,514.300,map,"nav2_feedback of the target goal (map, AMCL-based estimate)",-6.3175,-0.7312,0.4430,,
1790738693195688698,514.317,map,"nav2_feedback of the target goal (map, AMCL-based estimate)",-6.3058,-0.7259,0.4283,,
1790738693205438516,514.317,map,"nav2_feedback of the target goal (map, AMCL-based estimate)",-6.3058,-0.7259,0.4283,,
1790738693215973414,514.317,map,"nav2_feedback of the target goal (map, AMCL-based estimate)",-6.3058,-0.7259,0.4283,,
1790738693225848628,514.317,map,"nav2_feedback of the target goal (map, AMCL-based estimate)",-6.3058,-0.7259,0.4283,,
1790738693235923107,514.317,map,"nav2_feedback of the target goal (map, AMCL-based estimate)",-6.3058,-0.7259,0.4283,,
1790738693245731773,514.317,map,"nav2_feedback of the target goal (map, AMCL-based estimate)",-6.3058,-0.7259,0.4283,,
1790738693255728295,514.333,map,"nav2_feedback of the target goal (map, AMCL-based estimate)",-6.2940,-0.7207,0.4139,,
1790738693265646195,514.333,map,"nav2_feedback of the target goal (map, AMCL-based estimate)",-6.2940,-0.7207,0.4139,,
1790738693275857193,514.333,map,"nav2_feedback of the target goal (map, AMCL-based estimate)",-6.2940,-0.7207,0.4139,,
1790738693286032065,514.333,map,"nav2_feedback of the target goal (map, AMCL-based estimate)",-6.2940,-0.7207,0.4139,,
1790738693295719327,514.350,map,"nav2_feedback of the target goal (map, AMCL-based estimate)",-6.2820,-0.7157,0.3998,,
1790738693305599199,514.350,map,"nav2_feedback of the target goal (map, AMCL-based estimate)",-6.2820,-0.7157,0.3998,,
1790738693315936545,514.350,map,"nav2_feedback of the target goal (map, AMCL-based estimate)",-6.2820,-0.7157,0.3998,,
1790738693325678852,514.350,map,"nav2_feedback of the target goal (map, AMCL-based estimate)",-6.2820,-0.7157,0.3998,,
1790738693336002507,514.350,map,"nav2_feedback of the target goal (map, AMCL-based estimate)",-6.2820,-0.7157,0.3998,,
1790738693345450195,514.367,map,"nav2_feedback of the target goal (map, AMCL-based estimate)",-6.2700,-0.7108,0.3860,,
1790738693355639707,514.367,map,"nav2_feedback of the target goal (map, AMCL-based estimate)",-6.2700,-0.7108,0.3860,,
1790738693365508552,514.367,map,"nav2_feedback of the target goal (map, AMCL-based estimate)",-6.2700,-0.7108,0.3860,,
1790738693375520095,514.367,map,"nav2_feedback of the target goal (map, AMCL-based estimate)",-6.2700,-0.7108,0.3860,,
1790738693385964393,514.383,map,"nav2_feedback of the target goal (map, AMCL-based estimate)",-6.2579,-0.7061,0.3724,,
1790738693395838941,514.383,map,"nav2_feedback of the target goal (map, AMCL-based estimate)",-6.2579,-0.7061,0.3724,,
1790738693405467926,514.383,map,"nav2_feedback of the target goal (map, AMCL-based estimate)",-6.2579,-0.7061,0.3724,,
1790738693415877143,514.383,map,"nav2_feedback of the target goal (map, AMCL-based estimate)",-6.2579,-0.7061,0.3724,,
1790738693426010090,514.383,map,"nav2_feedback of the target goal (map, AMCL-based estimate)",-6.2579,-0.7061,0.3724,,
1790738693436053481,514.383,map,"nav2_feedback of the target goal (map, AMCL-based estimate)",-6.2579,-0.7061,0.3724,,
1790738693445856537,514.400,map,"nav2_feedback of the target goal (map, AMCL-based estimate)",-6.2458,-0.7016,0.3593,,
1790738693455617668,514.400,map,"nav2_feedback of the target goal (map, AMCL-based estimate)",-6.2458,-0.7016,0.3593,,
1790738693465822392,514.400,map,"nav2_feedback of the target goal (map, AMCL-based estimate)",-6.2458,-0.7016,0.3593,,
1790738693476492859,514.400,map,"nav2_feedback of the target goal (map, AMCL-based estimate)",-6.2458,-0.7016,0.3593,,
1790738693485971350,514.400,map,"nav2_feedback of the target goal (map, AMCL-based estimate)",-6.2458,-0.7016,0.3593,,
1790738693495954182,514.417,map,"nav2_feedback of the target goal (map, AMCL-based estimate)",-6.2335,-0.6972,0.3465,,
1790738693505510914,514.417,map,"nav2_feedback of the target goal (map, AMCL-based estimate)",-6.2335,-0.6972,0.3465,,
1790738693515759845,514.417,map,"nav2_feedback of the target goal (map, AMCL-based estimate)",-6.2335,-0.6972,0.3465,,
1790738693525922643,514.417,map,"nav2_feedback of the target goal (map, AMCL-based estimate)",-6.2335,-0.6972,0.3465,,
1790738693535843870,514.417,map,"nav2_feedback of the target goal (map, AMCL-based estimate)",-6.2335,-0.6972,0.3465,,
1790738693545918730,514.433,map,"nav2_feedback of the target goal (map, AMCL-based estimate)",-6.2212,-0.6929,0.3340,,
1790738693555781775,514.433,map,"nav2_feedback of the target goal (map, AMCL-based estimate)",-6.2212,-0.6929,0.3340,,
1790738693565768219,514.433,map,"nav2_feedback of the target goal (map, AMCL-based estimate)",-6.2212,-0.6929,0.3340,,
1790738693575675662,514.433,map,"nav2_feedback of the target goal (map, AMCL-based estimate)",-6.2212,-0.6929,0.3340,,
1790738693586098569,514.433,map,"nav2_feedback of the target goal (map, AMCL-based estimate)",-6.2212,-0.6929,0.3340,,
1790738693595983860,514.450,map,"nav2_feedback of the target goal (map, AMCL-based estimate)",-6.2089,-0.6888,0.3219,,
1790738693605848522,514.450,map,"nav2_feedback of the target goal (map, AMCL-based estimate)",-6.2089,-0.6888,0.3219,,
1790738693615957701,514.450,map,"nav2_feedback of the target goal (map, AMCL-based estimate)",-6.2089,-0.6888,0.3219,,
1790738693625773306,514.450,map,"nav2_feedback of the target goal (map, AMCL-based estimate)",-6.2089,-0.6888,0.3219,,
1790738693635984780,514.450,map,"nav2_feedback of the target goal (map, AMCL-based estimate)",-6.2089,-0.6888,0.3219,,
1790738693645690961,514.467,map,"nav2_feedback of the target goal (map, AMCL-based estimate)",-6.1964,-0.6848,0.3101,,
1790738693655714863,514.467,map,"nav2_feedback of the target goal (map, AMCL-based estimate)",-6.1964,-0.6848,0.3101,,
1790738693665460022,514.467,map,"nav2_feedback of the target goal (map, AMCL-based estimate)",-6.1964,-0.6848,0.3101,,
1790738693675793945,514.467,map,"nav2_feedback of the target goal (map, AMCL-based estimate)",-6.1964,-0.6848,0.3101,,
1790738693685876695,514.483,map,"nav2_feedback of the target goal (map, AMCL-based estimate)",-6.1840,-0.6810,0.2988,,
1790738693695676709,514.483,map,"nav2_feedback of the target goal (map, AMCL-based estimate)",-6.1840,-0.6810,0.2988,,
1790738693705590806,514.483,map,"nav2_feedback of the target goal (map, AMCL-based estimate)",-6.1840,-0.6810,0.2988,,
1790738693715640662,514.483,map,"nav2_feedback of the target goal (map, AMCL-based estimate)",-6.1840,-0.6810,0.2988,,
1790738693727679175,514.483,map,"nav2_feedback of the target goal (map, AMCL-based estimate)",-6.1840,-0.6810,0.2988,,
1790738693736025486,514.483,map,"nav2_feedback of the target goal (map, AMCL-based estimate)",-6.1840,-0.6810,0.2988,,
1790738693745737086,514.500,map,"nav2_feedback of the target goal (map, AMCL-based estimate)",-6.1714,-0.6773,0.2878,,
1790738693755562294,514.500,map,"nav2_feedback of the target goal (map, AMCL-based estimate)",-6.1714,-0.6773,0.2878,,
1790738693765549880,514.500,map,"nav2_feedback of the target goal (map, AMCL-based estimate)",-6.1714,-0.6773,0.2878,,
1790738693775782744,514.517,map,"nav2_feedback of the target goal (map, AMCL-based estimate)",-6.1588,-0.6737,0.2771,,
1790738693786247291,514.517,map,"nav2_feedback of the target goal (map, AMCL-based estimate)",-6.1588,-0.6737,0.2771,,
1790738693795837488,514.517,map,"nav2_feedback of the target goal (map, AMCL-based estimate)",-6.1588,-0.6737,0.2771,,
1790738693805456490,514.517,map,"nav2_feedback of the target goal (map, AMCL-based estimate)",-6.1588,-0.6737,0.2771,,
1790738693815746871,514.517,map,"nav2_feedback of the target goal (map, AMCL-based estimate)",-6.1588,-0.6737,0.2771,,
1790738693826601773,514.517,map,"nav2_feedback of the target goal (map, AMCL-based estimate)",-6.1588,-0.6737,0.2771,,
1790738693837859863,514.517,map,"nav2_feedback of the target goal (map, AMCL-based estimate)",-6.1588,-0.6737,0.2771,,
1790738693845656104,514.533,map,"nav2_feedback of the target goal (map, AMCL-based estimate)",-6.1461,-0.6703,0.2665,,
1790738693855617356,514.533,map,"nav2_feedback of the target goal (map, AMCL-based estimate)",-6.1461,-0.6703,0.2665,,
1790738693865540200,514.533,map,"nav2_feedback of the target goal (map, AMCL-based estimate)",-6.1461,-0.6703,0.2665,,
1790738693875793313,514.533,map,"nav2_feedback of the target goal (map, AMCL-based estimate)",-6.1461,-0.6703,0.2665,,
1790738693885676703,514.550,map,"nav2_feedback of the target goal (map, AMCL-based estimate)",-6.1334,-0.6669,0.2563,,
1790738693898483470,514.550,map,"nav2_feedback of the target goal (map, AMCL-based estimate)",-6.1334,-0.6669,0.2563,,
1790738693905573538,514.550,map,"nav2_feedback of the target goal (map, AMCL-based estimate)",-6.1334,-0.6669,0.2563,,
1790738693915733769,514.550,map,"nav2_feedback of the target goal (map, AMCL-based estimate)",-6.1334,-0.6669,0.2563,,
1790738693925766893,514.550,map,"nav2_feedback of the target goal (map, AMCL-based estimate)",-6.1334,-0.6669,0.2563,,
1790738693936313295,514.567,map,"nav2_feedback of the target goal (map, AMCL-based estimate)",-6.1207,-0.6637,0.2464,,
1790738693948054811,514.567,map,"nav2_feedback of the target goal (map, AMCL-based estimate)",-6.1207,-0.6637,0.2464,,
1790738693955621461,514.567,map,"nav2_feedback of the target goal (map, AMCL-based estimate)",-6.1207,-0.6637,0.2464,,
1790738693965761728,514.567,map,"nav2_feedback of the target goal (map, AMCL-based estimate)",-6.1207,-0.6637,0.2464,,
1790738693975819474,514.583,map,"nav2_feedback of the target goal (map, AMCL-based estimate)",-6.1079,-0.6606,0.2368,,
1790738693985828926,514.583,map,"nav2_feedback of the target goal (map, AMCL-based estimate)",-6.1079,-0.6606,0.2368,,
1790738693995981457,514.583,map,"nav2_feedback of the target goal (map, AMCL-based estimate)",-6.1079,-0.6606,0.2368,,
1790738694005681648,514.583,map,"nav2_feedback of the target goal (map, AMCL-based estimate)",-6.1079,-0.6606,0.2368,,
1790738694015654213,514.583,map,"nav2_feedback of the target goal (map, AMCL-based estimate)",-6.1079,-0.6606,0.2368,,
1790738694025576201,514.600,map,"nav2_feedback of the target goal (map, AMCL-based estimate)",-6.0951,-0.6577,0.2275,,
1790738694035833498,514.600,map,"nav2_feedback of the target goal (map, AMCL-based estimate)",-6.0951,-0.6577,0.2275,,
1790738694045777922,514.600,map,"nav2_feedback of the target goal (map, AMCL-based estimate)",-6.0951,-0.6577,0.2275,,
1790738694056080113,514.600,map,"nav2_feedback of the target goal (map, AMCL-based estimate)",-6.0951,-0.6577,0.2275,,
1790738694066046956,514.617,map,"nav2_feedback of the target goal (map, AMCL-based estimate)",-6.0822,-0.6548,0.2185,,
1790738694075537982,514.617,map,"nav2_feedback of the target goal (map, AMCL-based estimate)",-6.0822,-0.6548,0.2185,,
1790738694085924931,514.617,map,"nav2_feedback of the target goal (map, AMCL-based estimate)",-6.0822,-0.6548,0.2185,,
1790738694095984465,514.617,map,"nav2_feedback of the target goal (map, AMCL-based estimate)",-6.0822,-0.6548,0.2185,,
1790738694105407423,514.617,map,"nav2_feedback of the target goal (map, AMCL-based estimate)",-6.0822,-0.6548,0.2185,,
1790738694115790188,514.633,map,"nav2_feedback of the target goal (map, AMCL-based estimate)",-6.0693,-0.6521,0.2095,,
1790738694125665195,514.633,map,"nav2_feedback of the target goal (map, AMCL-based estimate)",-6.0693,-0.6521,0.2095,,
1790738694136013545,514.633,map,"nav2_feedback of the target goal (map, AMCL-based estimate)",-6.0693,-0.6521,0.2095,,
1790738694145581577,514.633,map,"nav2_feedback of the target goal (map, AMCL-based estimate)",-6.0693,-0.6521,0.2095,,
1790738694155846078,514.650,map,"nav2_feedback of the target goal (map, AMCL-based estimate)",-6.0563,-0.6494,0.2007,,
1790738694165899242,514.650,map,"nav2_feedback of the target goal (map, AMCL-based estimate)",-6.0563,-0.6494,0.2007,,
1790738694175929875,514.650,map,"nav2_feedback of the target goal (map, AMCL-based estimate)",-6.0563,-0.6494,0.2007,,
1790738694186035137,514.650,map,"nav2_feedback of the target goal (map, AMCL-based estimate)",-6.0563,-0.6494,0.2007,,
1790738694195686829,514.650,map,"nav2_feedback of the target goal (map, AMCL-based estimate)",-6.0563,-0.6494,0.2007,,
1790738694205686945,514.667,map,"nav2_feedback of the target goal (map, AMCL-based estimate)",-6.0433,-0.6469,0.1920,,
1790738694216091196,514.667,map,"nav2_feedback of the target goal (map, AMCL-based estimate)",-6.0433,-0.6469,0.1920,,
1790738694225587356,514.667,map,"nav2_feedback of the target goal (map, AMCL-based estimate)",-6.0433,-0.6469,0.1920,,
1790738694236472937,514.667,map,"nav2_feedback of the target goal (map, AMCL-based estimate)",-6.0433,-0.6469,0.1920,,
1790738694245411428,514.683,map,"nav2_feedback of the target goal (map, AMCL-based estimate)",-6.0303,-0.6445,0.1834,,
1790738694255425424,514.683,map,"nav2_feedback of the target goal (map, AMCL-based estimate)",-6.0303,-0.6445,0.1834,,
1790738694268327303,514.683,map,"nav2_feedback of the target goal (map, AMCL-based estimate)",-6.0303,-0.6445,0.1834,,
1790738694275660095,514.683,map,"nav2_feedback of the target goal (map, AMCL-based estimate)",-6.0303,-0.6445,0.1834,,
1790738694286279389,514.683,map,"nav2_feedback of the target goal (map, AMCL-based estimate)",-6.0303,-0.6445,0.1834,,
1790738694295958176,514.700,map,"nav2_feedback of the target goal (map, AMCL-based estimate)",-6.0173,-0.6422,0.1748,,
1790738694305538757,514.700,map,"nav2_feedback of the target goal (map, AMCL-based estimate)",-6.0173,-0.6422,0.1748,,
1790738694315823221,514.700,map,"nav2_feedback of the target goal (map, AMCL-based estimate)",-6.0173,-0.6422,0.1748,,
1790738694325488983,514.700,map,"nav2_feedback of the target goal (map, AMCL-based estimate)",-6.0173,-0.6422,0.1748,,
1790738694336040209,514.717,map,"nav2_feedback of the target goal (map, AMCL-based estimate)",-6.0108,-0.6454,0.1525,,
1790738694345442823,514.717,map,"nav2_feedback of the target goal (map, AMCL-based estimate)",-6.0108,-0.6454,0.1525,,
1790738694355496843,514.717,map,"nav2_feedback of the target goal (map, AMCL-based estimate)",-6.0108,-0.6454,0.1525,,
1790738694366552880,514.717,map,"nav2_feedback of the target goal (map, AMCL-based estimate)",-6.0108,-0.6454,0.1525,,
1790738694376114162,514.717,map,"nav2_feedback of the target goal (map, AMCL-based estimate)",-6.0108,-0.6454,0.1525,,
1790738694385802455,514.733,map,"nav2_feedback of the target goal (map, AMCL-based estimate)",-6.0042,-0.6491,0.1305,,
1790738694395976831,514.733,map,"nav2_feedback of the target goal (map, AMCL-based estimate)",-6.0042,-0.6491,0.1305,,
1790738694405505125,514.733,map,"nav2_feedback of the target goal (map, AMCL-based estimate)",-6.0042,-0.6491,0.1305,,
1790738694415769245,514.733,map,"nav2_feedback of the target goal (map, AMCL-based estimate)",-6.0042,-0.6491,0.1305,,
1790738694425728007,514.750,map,"nav2_feedback of the target goal (map, AMCL-based estimate)",-5.9976,-0.6533,0.1083,,
1790738694436042704,514.750,map,"nav2_feedback of the target goal (map, AMCL-based estimate)",-5.9976,-0.6533,0.1083,,
1790738694445416226,514.750,map,"nav2_feedback of the target goal (map, AMCL-based estimate)",-5.9976,-0.6533,0.1083,,
1790738694455577483,514.750,map,"nav2_feedback of the target goal (map, AMCL-based estimate)",-5.9976,-0.6533,0.1083,,
1790738694465421593,514.750,map,"nav2_feedback of the target goal (map, AMCL-based estimate)",-5.9976,-0.6533,0.1083,,
1790738694476070929,514.767,map,"nav2_feedback of the target goal (map, AMCL-based estimate)",-5.9909,-0.6580,0.0861,,
1790738694485883000,514.767,map,"nav2_feedback of the target goal (map, AMCL-based estimate)",-5.9909,-0.6580,0.0861,,
1790738694495524900,514.767,map,"nav2_feedback of the target goal (map, AMCL-based estimate)",-5.9909,-0.6580,0.0861,,
1790738694505601451,514.767,map,"nav2_feedback of the target goal (map, AMCL-based estimate)",-5.9909,-0.6580,0.0861,,
1790738694516348613,514.767,map,"nav2_feedback of the target goal (map, AMCL-based estimate)",-5.9909,-0.6580,0.0861,,
1790738694526205271,514.783,map,"nav2_feedback of the target goal (map, AMCL-based estimate)",-5.9842,-0.6632,0.0640,,
1790738694535570713,514.783,map,"nav2_feedback of the target goal (map, AMCL-based estimate)",-5.9842,-0.6632,0.0640,,
1790738694545678446,514.783,map,"nav2_feedback of the target goal (map, AMCL-based estimate)",-5.9842,-0.6632,0.0640,,
1790738694555542996,514.783,map,"nav2_feedback of the target goal (map, AMCL-based estimate)",-5.9842,-0.6632,0.0640,,
1790738694565711953,514.800,map,"nav2_feedback of the target goal (map, AMCL-based estimate)",-5.9775,-0.6690,0.0419,,
1790738694575652937,514.800,map,"nav2_feedback of the target goal (map, AMCL-based estimate)",-5.9775,-0.6690,0.0419,,
1790738694585646779,514.800,map,"nav2_feedback of the target goal (map, AMCL-based estimate)",-5.9775,-0.6690,0.0419,,
1790738694595513610,514.817,map,"nav2_feedback of the target goal (map, AMCL-based estimate)",-5.9642,-0.6685,0.0335,,
1790738694606036410,514.817,map,"nav2_feedback of the target goal (map, AMCL-based estimate)",-5.9642,-0.6685,0.0335,,
1790738694615615470,514.817,map,"nav2_feedback of the target goal (map, AMCL-based estimate)",-5.9642,-0.6685,0.0335,,
1790738694625519948,514.817,map,"nav2_feedback of the target goal (map, AMCL-based estimate)",-5.9642,-0.6685,0.0335,,
1790738694636303425,514.817,map,"nav2_feedback of the target goal (map, AMCL-based estimate)",-5.9642,-0.6685,0.0335,,
1790738694645981451,514.817,map,"nav2_feedback of the target goal (map, AMCL-based estimate)",-5.9642,-0.6685,0.0335,,
1790738694657873137,514.833,map,"nav2_feedback of the target goal (map, AMCL-based estimate)",-5.9510,-0.6682,0.0253,,
1790738694665567377,514.833,map,"nav2_feedback of the target goal (map, AMCL-based estimate)",-5.9510,-0.6682,0.0253,,
1790738694675429644,514.833,map,"nav2_feedback of the target goal (map, AMCL-based estimate)",-5.9510,-0.6682,0.0253,,
1790738694685944935,514.850,map,"nav2_feedback of the target goal (map, AMCL-based estimate)",-5.9378,-0.6680,0.0174,,
1790738694695791801,514.850,map,"nav2_feedback of the target goal (map, AMCL-based estimate)",-5.9378,-0.6680,0.0174,,
1790738694705576208,514.850,map,"nav2_feedback of the target goal (map, AMCL-based estimate)",-5.9378,-0.6680,0.0174,,
1790738694715615683,514.850,map,"nav2_feedback of the target goal (map, AMCL-based estimate)",-5.9378,-0.6680,0.0174,,
1790738694725701265,514.850,map,"nav2_feedback of the target goal (map, AMCL-based estimate)",-5.9378,-0.6680,0.0174,,
1790738694736318754,514.850,map,"nav2_feedback of the target goal (map, AMCL-based estimate)",-5.9378,-0.6680,0.0174,,
1790738694745782306,514.867,map,"nav2_feedback of the target goal (map, AMCL-based estimate)",-5.9246,-0.6678,0.0097,,
1790738694755526214,514.867,map,"nav2_feedback of the target goal (map, AMCL-based estimate)",-5.9246,-0.6678,0.0097,,
1790738694765497144,514.867,map,"nav2_feedback of the target goal (map, AMCL-based estimate)",-5.9246,-0.6678,0.0097,,
1790738694775738733,514.883,map,"nav2_feedback of the target goal (map, AMCL-based estimate)",-5.9113,-0.6678,0.0021,,
1790738694785881166,514.883,map,"nav2_feedback of the target goal (map, AMCL-based estimate)",-5.9113,-0.6678,0.0021,,
1790738694795584480,514.883,map,"nav2_feedback of the target goal (map, AMCL-based estimate)",-5.9113,-0.6678,0.0021,,
1790738694805539439,514.883,map,"nav2_feedback of the target goal (map, AMCL-based estimate)",-5.9113,-0.6678,0.0021,,
1790738694816072317,514.883,map,"nav2_feedback of the target goal (map, AMCL-based estimate)",-5.9113,-0.6678,0.0021,,
1790738694825676190,514.883,map,"nav2_feedback of the target goal (map, AMCL-based estimate)",-5.9113,-0.6678,0.0021,,
1790738694835894392,514.900,map,"nav2_feedback of the target goal (map, AMCL-based estimate)",-5.8981,-0.6679,-0.0054,,
1790738694845766547,514.900,map,"nav2_feedback of the target goal (map, AMCL-based estimate)",-5.8981,-0.6679,-0.0054,,
1790738694855431168,514.900,map,"nav2_feedback of the target goal (map, AMCL-based estimate)",-5.8981,-0.6679,-0.0054,,
1790738694868812666,514.917,map,"nav2_feedback of the target goal (map, AMCL-based estimate)",-5.8848,-0.6681,-0.0126,,
1790738694875696640,514.917,map,"nav2_feedback of the target goal (map, AMCL-based estimate)",-5.8848,-0.6681,-0.0126,,
1790738694885806846,514.917,map,"nav2_feedback of the target goal (map, AMCL-based estimate)",-5.8848,-0.6681,-0.0126,,
1790738694895594200,514.917,map,"nav2_feedback of the target goal (map, AMCL-based estimate)",-5.8848,-0.6681,-0.0126,,
1790738694906106448,514.917,map,"nav2_feedback of the target goal (map, AMCL-based estimate)",-5.8848,-0.6681,-0.0126,,
1790738694916530092,514.917,map,"nav2_feedback of the target goal (map, AMCL-based estimate)",-5.8848,-0.6681,-0.0126,,
1790738694925740098,514.933,map,"nav2_feedback of the target goal (map, AMCL-based estimate)",-5.8716,-0.6683,-0.0195,,
1790738694935957730,514.933,map,"nav2_feedback of the target goal (map, AMCL-based estimate)",-5.8716,-0.6683,-0.0195,,
1790738694946019165,514.933,map,"nav2_feedback of the target goal (map, AMCL-based estimate)",-5.8716,-0.6683,-0.0195,,
1790738694955991331,514.933,map,"nav2_feedback of the target goal (map, AMCL-based estimate)",-5.8716,-0.6683,-0.0195,,
1790738694965473897,514.950,map,"nav2_feedback of the target goal (map, AMCL-based estimate)",-5.8583,-0.6687,-0.0258,,
1790738694978199805,514.950,map,"nav2_feedback of the target goal (map, AMCL-based estimate)",-5.8583,-0.6687,-0.0258,,
1790738694986326415,514.950,map,"nav2_feedback of the target goal (map, AMCL-based estimate)",-5.8583,-0.6687,-0.0258,,
1790738694995938559,514.950,map,"nav2_feedback of the target goal (map, AMCL-based estimate)",-5.8583,-0.6687,-0.0258,,
1790738695005752532,514.967,map,"nav2_feedback of the target goal (map, AMCL-based estimate)",-5.8451,-0.6691,-0.0317,,
1790738695016039659,514.967,map,"nav2_feedback of the target goal (map, AMCL-based estimate)",-5.8451,-0.6691,-0.0317,,
1790738695025582307,514.967,map,"nav2_feedback of the target goal (map, AMCL-based estimate)",-5.8451,-0.6691,-0.0317,,
1790738695036129635,514.967,map,"nav2_feedback of the target goal (map, AMCL-based estimate)",-5.8451,-0.6691,-0.0317,,
1790738695045657358,514.983,map,"nav2_feedback of the target goal (map, AMCL-based estimate)",-5.8319,-0.6696,-0.0371,,
1790738695055516774,514.983,map,"nav2_feedback of the target goal (map, AMCL-based estimate)",-5.8319,-0.6696,-0.0371,,
1790738695065352328,514.983,map,"nav2_feedback of the target goal (map, AMCL-based estimate)",-5.8319,-0.6696,-0.0371,,
1790738695075483638,514.983,map,"nav2_feedback of the target goal (map, AMCL-based estimate)",-5.8319,-0.6696,-0.0371,,
1790738695086337275,514.983,map,"nav2_feedback of the target goal (map, AMCL-based estimate)",-5.8319,-0.6696,-0.0371,,
1790738695095686175,515.000,map,"nav2_feedback of the target goal (map, AMCL-based estimate)",-5.8186,-0.6702,-0.0422,,
1790738695105717664,515.000,map,"nav2_feedback of the target goal (map, AMCL-based estimate)",-5.8186,-0.6702,-0.0422,,
1790738695115656842,515.000,map,"nav2_feedback of the target goal (map, AMCL-based estimate)",-5.8186,-0.6702,-0.0422,,
1790738695127818521,515.000,map,"nav2_feedback of the target goal (map, AMCL-based estimate)",-5.8186,-0.6702,-0.0422,,
1790738695136396039,515.017,map,"nav2_feedback of the target goal (map, AMCL-based estimate)",-5.8054,-0.6708,-0.0469,,
1790738695145649205,515.017,map,"nav2_feedback of the target goal (map, AMCL-based estimate)",-5.8054,-0.6708,-0.0469,,
1790738695155532578,515.017,map,"nav2_feedback of the target goal (map, AMCL-based estimate)",-5.8054,-0.6708,-0.0469,,
1790738695165960025,515.017,map,"nav2_feedback of the target goal (map, AMCL-based estimate)",-5.8054,-0.6708,-0.0469,,
1790738695175482900,515.017,map,"nav2_feedback of the target goal (map, AMCL-based estimate)",-5.8054,-0.6708,-0.0469,,
1790738695186045249,515.017,map,"nav2_feedback of the target goal (map, AMCL-based estimate)",-5.8054,-0.6708,-0.0469,,
1790738695195976631,515.033,map,"nav2_feedback of the target goal (map, AMCL-based estimate)",-5.7921,-0.6715,-0.0512,,
1790738695205570806,515.033,map,"nav2_feedback of the target goal (map, AMCL-based estimate)",-5.7921,-0.6715,-0.0512,,
1790738695215767524,515.033,map,"nav2_feedback of the target goal (map, AMCL-based estimate)",-5.7921,-0.6715,-0.0512,,
1790738695225756802,515.033,map,"nav2_feedback of the target goal (map, AMCL-based estimate)",-5.7921,-0.6715,-0.0512,,
1790738695236108480,515.050,map,"nav2_feedback of the target goal (map, AMCL-based estimate)",-5.7788,-0.6722,-0.0551,,
1790738695245499685,515.050,map,"nav2_feedback of the target goal (map, AMCL-based estimate)",-5.7788,-0.6722,-0.0551,,
1790738695255517865,515.050,map,"nav2_feedback of the target goal (map, AMCL-based estimate)",-5.7788,-0.6722,-0.0551,,
1790738695265610672,515.050,map,"nav2_feedback of the target goal (map, AMCL-based estimate)",-5.7788,-0.6722,-0.0551,,
1790738695275906546,515.050,map,"nav2_feedback of the target goal (map, AMCL-based estimate)",-5.7788,-0.6722,-0.0551,,
1790738695286078640,515.067,map,"nav2_feedback of the target goal (map, AMCL-based estimate)",-5.7656,-0.6730,-0.0587,,
1790738695295557973,515.067,map,"nav2_feedback of the target goal (map, AMCL-based estimate)",-5.7656,-0.6730,-0.0587,,
1790738695305692896,515.067,map,"nav2_feedback of the target goal (map, AMCL-based estimate)",-5.7656,-0.6730,-0.0587,,
1790738695316252964,515.067,map,"nav2_feedback of the target goal (map, AMCL-based estimate)",-5.7656,-0.6730,-0.0587,,
1790738695325430456,515.083,map,"nav2_feedback of the target goal (map, AMCL-based estimate)",-5.7523,-0.6738,-0.0621,,
1790738695335830904,515.083,map,"nav2_feedback of the target goal (map, AMCL-based estimate)",-5.7523,-0.6738,-0.0621,,
1790738695345728917,515.083,map,"nav2_feedback of the target goal (map, AMCL-based estimate)",-5.7523,-0.6738,-0.0621,,
1790738695355913085,515.083,map,"nav2_feedback of the target goal (map, AMCL-based estimate)",-5.7523,-0.6738,-0.0621,,
1790738695367328100,515.083,map,"nav2_feedback of the target goal (map, AMCL-based estimate)",-5.7523,-0.6738,-0.0621,,
1790738695375622600,515.100,map,"nav2_feedback of the target goal (map, AMCL-based estimate)",-5.7390,-0.6747,-0.0654,,
1790738695385793363,515.100,map,"nav2_feedback of the target goal (map, AMCL-based estimate)",-5.7390,-0.6747,-0.0654,,
1790738695395448002,515.100,map,"nav2_feedback of the target goal (map, AMCL-based estimate)",-5.7390,-0.6747,-0.0654,,
1790738695405735794,515.100,map,"nav2_feedback of the target goal (map, AMCL-based estimate)",-5.7390,-0.6747,-0.0654,,
1790738695415874710,515.117,map,"nav2_feedback of the target goal (map, AMCL-based estimate)",-5.7257,-0.6756,-0.0684,,
1790738695425703419,515.117,map,"nav2_feedback of the target goal (map, AMCL-based estimate)",-5.7257,-0.6756,-0.0684,,
1790738695435882358,515.117,map,"nav2_feedback of the target goal (map, AMCL-based estimate)",-5.7257,-0.6756,-0.0684,,
1790738695445714489,515.117,map,"nav2_feedback of the target goal (map, AMCL-based estimate)",-5.7257,-0.6756,-0.0684,,
1790738695455433774,515.117,map,"nav2_feedback of the target goal (map, AMCL-based estimate)",-5.7257,-0.6756,-0.0684,,
1790738695465389019,515.133,map,"nav2_feedback of the target goal (map, AMCL-based estimate)",-5.7124,-0.6765,-0.0714,,
1790738695477846645,515.133,map,"nav2_feedback of the target goal (map, AMCL-based estimate)",-5.7124,-0.6765,-0.0714,,
1790738695485738246,515.133,map,"nav2_feedback of the target goal (map, AMCL-based estimate)",-5.7124,-0.6765,-0.0714,,
1790738695496225872,515.133,map,"nav2_feedback of the target goal (map, AMCL-based estimate)",-5.7124,-0.6765,-0.0714,,
1790738695505720226,515.133,map,"nav2_feedback of the target goal (map, AMCL-based estimate)",-5.7124,-0.6765,-0.0714,,
1790738695515740211,515.150,map,"nav2_feedback of the target goal (map, AMCL-based estimate)",-5.6991,-0.6775,-0.0743,,
1790738695525406258,515.150,map,"nav2_feedback of the target goal (map, AMCL-based estimate)",-5.6991,-0.6775,-0.0743,,
1790738695538107449,515.150,map,"nav2_feedback of the target goal (map, AMCL-based estimate)",-5.6991,-0.6775,-0.0743,,
1790738695545895046,515.150,map,"nav2_feedback of the target goal (map, AMCL-based estimate)",-5.6991,-0.6775,-0.0743,,
1790738695555516126,515.150,map,"nav2_feedback of the target goal (map, AMCL-based estimate)",-5.6991,-0.6775,-0.0743,,
1790738695565471845,515.167,map,"nav2_feedback of the target goal (map, AMCL-based estimate)",-5.6859,-0.6786,-0.0772,,
1790738695575946066,515.167,map,"nav2_feedback of the target goal (map, AMCL-based estimate)",-5.6859,-0.6786,-0.0772,,
1790738695586512123,515.167,map,"nav2_feedback of the target goal (map, AMCL-based estimate)",-5.6859,-0.6786,-0.0772,,
1790738695595544731,515.183,map,"nav2_feedback of the target goal (map, AMCL-based estimate)",-5.6726,-0.6796,-0.0799,,
1790738695605816647,515.183,map,"nav2_feedback of the target goal (map, AMCL-based estimate)",-5.6726,-0.6796,-0.0799,,
1790738695615524049,515.183,map,"nav2_feedback of the target goal (map, AMCL-based estimate)",-5.6726,-0.6796,-0.0799,,
1790738695625758983,515.183,map,"nav2_feedback of the target goal (map, AMCL-based estimate)",-5.6726,-0.6796,-0.0799,,
1790738695636337304,515.183,map,"nav2_feedback of the target goal (map, AMCL-based estimate)",-5.6726,-0.6796,-0.0799,,
1790738695645804183,515.200,map,"nav2_feedback of the target goal (map, AMCL-based estimate)",-5.6593,-0.6807,-0.0826,,
1790738695656181625,515.200,map,"nav2_feedback of the target goal (map, AMCL-based estimate)",-5.6593,-0.6807,-0.0826,,
1790738695665486603,515.200,map,"nav2_feedback of the target goal (map, AMCL-based estimate)",-5.6593,-0.6807,-0.0826,,
1790738695676001703,515.200,map,"nav2_feedback of the target goal (map, AMCL-based estimate)",-5.6593,-0.6807,-0.0826,,
1790738695685869010,515.217,map,"nav2_feedback of the target goal (map, AMCL-based estimate)",-5.6460,-0.6819,-0.0851,,
1790738695695681747,515.217,map,"nav2_feedback of the target goal (map, AMCL-based estimate)",-5.6460,-0.6819,-0.0851,,
1790738695705517871,515.217,map,"nav2_feedback of the target goal (map, AMCL-based estimate)",-5.6460,-0.6819,-0.0851,,
1790738695715976310,515.217,map,"nav2_feedback of the target goal (map, AMCL-based estimate)",-5.6460,-0.6819,-0.0851,,
1790738695725746267,515.217,map,"nav2_feedback of the target goal (map, AMCL-based estimate)",-5.6460,-0.6819,-0.0851,,
1790738695736254332,515.233,map,"nav2_feedback of the target goal (map, AMCL-based estimate)",-5.6327,-0.6830,-0.0875,,
1790738695746000141,515.233,map,"nav2_feedback of the target goal (map, AMCL-based estimate)",-5.6327,-0.6830,-0.0875,,
1790738695755742908,515.233,map,"nav2_feedback of the target goal (map, AMCL-based estimate)",-5.6327,-0.6830,-0.0875,,
1790738695765512769,515.233,map,"nav2_feedback of the target goal (map, AMCL-based estimate)",-5.6327,-0.6830,-0.0875,,
1790738695775450901,515.250,map,"nav2_feedback of the target goal (map, AMCL-based estimate)",-5.6195,-0.6842,-0.0898,,
1790738695786225632,515.250,map,"nav2_feedback of the target goal (map, AMCL-based estimate)",-5.6195,-0.6842,-0.0898,,
1790738695795575008,515.250,map,"nav2_feedback of the target goal (map, AMCL-based estimate)",-5.6195,-0.6842,-0.0898,,
1790738695805796443,515.250,map,"nav2_feedback of the target goal (map, AMCL-based estimate)",-5.6195,-0.6842,-0.0898,,
1790738695816126825,515.250,map,"nav2_feedback of the target goal (map, AMCL-based estimate)",-5.6195,-0.6842,-0.0898,,
1790738695825947643,515.267,map,"nav2_feedback of the target goal (map, AMCL-based estimate)",-5.6062,-0.6855,-0.0920,,
1790738695836090362,515.267,map,"nav2_feedback of the target goal (map, AMCL-based estimate)",-5.6062,-0.6855,-0.0920,,
1790738695845567889,515.267,map,"nav2_feedback of the target goal (map, AMCL-based estimate)",-5.6062,-0.6855,-0.0920,,
1790738695855507732,515.267,map,"nav2_feedback of the target goal (map, AMCL-based estimate)",-5.6062,-0.6855,-0.0920,,
1790738695865606909,515.267,map,"nav2_feedback of the target goal (map, AMCL-based estimate)",-5.6062,-0.6855,-0.0920,,
1790738695876118777,515.283,map,"nav2_feedback of the target goal (map, AMCL-based estimate)",-5.5929,-0.6867,-0.0941,,
1790738695886978214,515.283,map,"nav2_feedback of the target goal (map, AMCL-based estimate)",-5.5929,-0.6867,-0.0941,,
1790738695895796444,515.283,map,"nav2_feedback of the target goal (map, AMCL-based estimate)",-5.5929,-0.6867,-0.0941,,
1790738695906149168,515.283,map,"nav2_feedback of the target goal (map, AMCL-based estimate)",-5.5929,-0.6867,-0.0941,,
1790738695915918934,515.300,map,"nav2_feedback of the target goal (map, AMCL-based estimate)",-5.5796,-0.6880,-0.0961,,
1790738695925776828,515.300,map,"nav2_feedback of the target goal (map, AMCL-based estimate)",-5.5796,-0.6880,-0.0961,,
1790738695935561616,515.300,map,"nav2_feedback of the target goal (map, AMCL-based estimate)",-5.5796,-0.6880,-0.0961,,
1790738695945537299,515.300,map,"nav2_feedback of the target goal (map, AMCL-based estimate)",-5.5796,-0.6880,-0.0961,,
1790738695956898886,515.317,map,"nav2_feedback of the target goal (map, AMCL-based estimate)",-5.5663,-0.6893,-0.0980,,
1790738695965392268,515.317,map,"nav2_feedback of the target goal (map, AMCL-based estimate)",-5.5663,-0.6893,-0.0980,,
1790738695975887879,515.317,map,"nav2_feedback of the target goal (map, AMCL-based estimate)",-5.5663,-0.6893,-0.0980,,
1790738695986221114,515.317,map,"nav2_feedback of the target goal (map, AMCL-based estimate)",-5.5663,-0.6893,-0.0980,,
1790738695995970251,515.317,map,"nav2_feedback of the target goal (map, AMCL-based estimate)",-5.5663,-0.6893,-0.0980,,
1790738696005673374,515.333,map,"nav2_feedback of the target goal (map, AMCL-based estimate)",-5.5531,-0.6906,-0.0999,,
1790738696015890246,515.333,map,"nav2_feedback of the target goal (map, AMCL-based estimate)",-5.5531,-0.6906,-0.0999,,
1790738696025653928,515.333,map,"nav2_feedback of the target goal (map, AMCL-based estimate)",-5.5531,-0.6906,-0.0999,,
1790738696036061316,515.333,map,"nav2_feedback of the target goal (map, AMCL-based estimate)",-5.5531,-0.6906,-0.0999,,
1790738696045606056,515.350,map,"nav2_feedback of the target goal (map, AMCL-based estimate)",-5.5398,-0.6920,-0.1015,,
1790738696055594764,515.350,map,"nav2_feedback of the target goal (map, AMCL-based estimate)",-5.5398,-0.6920,-0.1015,,
1790738696065470341,515.350,map,"nav2_feedback of the target goal (map, AMCL-based estimate)",-5.5398,-0.6920,-0.1015,,
1790738696075530731,515.350,map,"nav2_feedback of the target goal (map, AMCL-based estimate)",-5.5398,-0.6920,-0.1015,,
1790738696086328278,515.350,map,"nav2_feedback of the target goal (map, AMCL-based estimate)",-5.5398,-0.6920,-0.1015,,
1790738696095625746,515.367,map,"nav2_feedback of the target goal (map, AMCL-based estimate)",-5.5265,-0.6934,-0.1030,,
1790738696105661418,515.367,map,"nav2_feedback of the target goal (map, AMCL-based estimate)",-5.5265,-0.6934,-0.1030,,
1790738696115674654,515.367,map,"nav2_feedback of the target goal (map, AMCL-based estimate)",-5.5265,-0.6934,-0.1030,,
1790738696126471536,515.367,map,"nav2_feedback of the target goal (map, AMCL-based estimate)",-5.5265,-0.6934,-0.1030,,
1790738696135950489,515.383,map,"nav2_feedback of the target goal (map, AMCL-based estimate)",-5.5133,-0.6947,-0.1044,,
1790738696145782335,515.383,map,"nav2_feedback of the target goal (map, AMCL-based estimate)",-5.5133,-0.6947,-0.1044,,
1790738696155545446,515.383,map,"nav2_feedback of the target goal (map, AMCL-based estimate)",-5.5133,-0.6947,-0.1044,,
1790738696165519229,515.383,map,"nav2_feedback of the target goal (map, AMCL-based estimate)",-5.5133,-0.6947,-0.1044,,
1790738696175904181,515.383,map,"nav2_feedback of the target goal (map, AMCL-based estimate)",-5.5133,-0.6947,-0.1044,,
1790738696185964475,515.400,map,"nav2_feedback of the target goal (map, AMCL-based estimate)",-5.5000,-0.6962,-0.1057,,
1790738696195782726,515.400,map,"nav2_feedback of the target goal (map, AMCL-based estimate)",-5.5000,-0.6962,-0.1057,,
1790738696205459611,515.400,map,"nav2_feedback of the target goal (map, AMCL-based estimate)",-5.5000,-0.6962,-0.1057,,
1790738696216032227,515.400,map,"nav2_feedback of the target goal (map, AMCL-based estimate)",-5.5000,-0.6962,-0.1057,,
1790738696225847722,515.417,map,"nav2_feedback of the target goal (map, AMCL-based estimate)",-5.4867,-0.6976,-0.1069,,
1790738696236196928,515.417,map,"nav2_feedback of the target goal (map, AMCL-based estimate)",-5.4867,-0.6976,-0.1069,,
1790738696245497058,515.417,map,"nav2_feedback of the target goal (map, AMCL-based estimate)",-5.4867,-0.6976,-0.1069,,
1790738696256057981,515.417,map,"nav2_feedback of the target goal (map, AMCL-based estimate)",-5.4867,-0.6976,-0.1069,,
1790738696265946487,515.417,map,"nav2_feedback of the target goal (map, AMCL-based estimate)",-5.4867,-0.6976,-0.1069,,
1790738696275488851,515.433,map,"nav2_feedback of the target goal (map, AMCL-based estimate)",-5.4735,-0.6990,-0.1080,,
1790738696286248846,515.433,map,"nav2_feedback of the target goal (map, AMCL-based estimate)",-5.4735,-0.6990,-0.1080,,
1790738696295792541,515.433,map,"nav2_feedback of the target goal (map, AMCL-based estimate)",-5.4735,-0.6990,-0.1080,,
1790738696305518671,515.433,map,"nav2_feedback of the target goal (map, AMCL-based estimate)",-5.4735,-0.6990,-0.1080,,
1790738696315775091,515.450,map,"nav2_feedback of the target goal (map, AMCL-based estimate)",-5.4602,-0.7005,-0.1090,,
1790738696327305518,515.450,map,"nav2_feedback of the target goal (map, AMCL-based estimate)",-5.4602,-0.7005,-0.1090,,
1790738696335884747,515.450,map,"nav2_feedback of the target goal (map, AMCL-based estimate)",-5.4602,-0.7005,-0.1090,,
1790738696345848642,515.450,map,"nav2_feedback of the target goal (map, AMCL-based estimate)",-5.4602,-0.7005,-0.1090,,
1790738696355640084,515.450,map,"nav2_feedback of the target goal (map, AMCL-based estimate)",-5.4602,-0.7005,-0.1090,,
1790738696365364028,515.467,map,"nav2_feedback of the target goal (map, AMCL-based estimate)",-5.4469,-0.7019,-0.1099,,
1790738696376298663,515.467,map,"nav2_feedback of the target goal (map, AMCL-based estimate)",-5.4469,-0.7019,-0.1099,,
1790738696385758508,515.467,map,"nav2_feedback of the target goal (map, AMCL-based estimate)",-5.4469,-0.7019,-0.1099,,
1790738696395919859,515.467,map,"nav2_feedback of the target goal (map, AMCL-based estimate)",-5.4469,-0.7019,-0.1099,,
1790738696405827284,515.483,map,"nav2_feedback of the target goal (map, AMCL-based estimate)",-5.4337,-0.7034,-0.1108,,
1790738696415692784,515.483,map,"nav2_feedback of the target goal (map, AMCL-based estimate)",-5.4337,-0.7034,-0.1108,,
1790738696425944451,515.483,map,"nav2_feedback of the target goal (map, AMCL-based estimate)",-5.4337,-0.7034,-0.1108,,
1790738696436419432,515.483,map,"nav2_feedback of the target goal (map, AMCL-based estimate)",-5.4337,-0.7034,-0.1108,,
1790738696445772895,515.483,map,"nav2_feedback of the target goal (map, AMCL-based estimate)",-5.4337,-0.7034,-0.1108,,
1790738696455613392,515.500,map,"nav2_feedback of the target goal (map, AMCL-based estimate)",-5.4204,-0.7049,-0.1116,,
1790738696465706961,515.500,map,"nav2_feedback of the target goal (map, AMCL-based estimate)",-5.4204,-0.7049,-0.1116,,
1790738696477974926,515.500,map,"nav2_feedback of the target goal (map, AMCL-based estimate)",-5.4204,-0.7049,-0.1116,,
1790738696486060276,515.500,map,"nav2_feedback of the target goal (map, AMCL-based estimate)",-5.4204,-0.7049,-0.1116,,
1790738696496065811,515.517,map,"nav2_feedback of the target goal (map, AMCL-based estimate)",-5.4071,-0.7064,-0.1123,,
1790738696505996528,515.517,map,"nav2_feedback of the target goal (map, AMCL-based estimate)",-5.4071,-0.7064,-0.1123,,
1790738696515687103,515.517,map,"nav2_feedback of the target goal (map, AMCL-based estimate)",-5.4071,-0.7064,-0.1123,,
1790738696526003701,515.517,map,"nav2_feedback of the target goal (map, AMCL-based estimate)",-5.4071,-0.7064,-0.1123,,
1790738696535956568,515.517,map,"nav2_feedback of the target goal (map, AMCL-based estimate)",-5.4071,-0.7064,-0.1123,,
1790738696545882721,515.517,map,"nav2_feedback of the target goal (map, AMCL-based estimate)",-5.4071,-0.7064,-0.1123,,
1790738696555873521,515.533,map,"nav2_feedback of the target goal (map, AMCL-based estimate)",-5.3939,-0.7079,-0.1129,,
1790738696565905961,515.533,map,"nav2_feedback of the target goal (map, AMCL-based estimate)",-5.3939,-0.7079,-0.1129,,
1790738696575766897,515.533,map,"nav2_feedback of the target goal (map, AMCL-based estimate)",-5.3939,-0.7079,-0.1129,,
1790738696586090055,515.533,map,"nav2_feedback of the target goal (map, AMCL-based estimate)",-5.3939,-0.7079,-0.1129,,
1790738696595558931,515.550,map,"nav2_feedback of the target goal (map, AMCL-based estimate)",-5.3806,-0.7094,-0.1135,,
1790738696605879712,515.550,map,"nav2_feedback of the target goal (map, AMCL-based estimate)",-5.3806,-0.7094,-0.1135,,
1790738696615576276,515.550,map,"nav2_feedback of the target goal (map, AMCL-based estimate)",-5.3806,-0.7094,-0.1135,,
1790738696625973396,515.550,map,"nav2_feedback of the target goal (map, AMCL-based estimate)",-5.3806,-0.7094,-0.1135,,
1790738696637320722,515.550,map,"nav2_feedback of the target goal (map, AMCL-based estimate)",-5.3806,-0.7094,-0.1135,,
1790738696646248851,515.550,map,"nav2_feedback of the target goal (map, AMCL-based estimate)",-5.3806,-0.7094,-0.1135,,
1790738696655740543,515.567,map,"nav2_feedback of the target goal (map, AMCL-based estimate)",-5.3673,-0.7109,-0.1140,,
1790738696665441575,515.567,map,"nav2_feedback of the target goal (map, AMCL-based estimate)",-5.3673,-0.7109,-0.1140,,
1790738696675656831,515.567,map,"nav2_feedback of the target goal (map, AMCL-based estimate)",-5.3673,-0.7109,-0.1140,,
1790738696686974020,515.567,map,"nav2_feedback of the target goal (map, AMCL-based estimate)",-5.3673,-0.7109,-0.1140,,
1790738696695586333,515.583,map,"nav2_feedback of the target goal (map, AMCL-based estimate)",-5.3541,-0.7125,-0.1145,,
1790738696705447174,515.583,map,"nav2_feedback of the target goal (map, AMCL-based estimate)",-5.3541,-0.7125,-0.1145,,
1790738696715858270,515.583,map,"nav2_feedback of the target goal (map, AMCL-based estimate)",-5.3541,-0.7125,-0.1145,,
1790738696725901452,515.583,map,"nav2_feedback of the target goal (map, AMCL-based estimate)",-5.3541,-0.7125,-0.1145,,
1790738696736916135,515.583,map,"nav2_feedback of the target goal (map, AMCL-based estimate)",-5.3541,-0.7125,-0.1145,,
1790738696746001031,515.600,map,"nav2_feedback of the target goal (map, AMCL-based estimate)",-5.3408,-0.7140,-0.1149,,
1790738696755443003,515.600,map,"nav2_feedback of the target goal (map, AMCL-based estimate)",-5.3408,-0.7140,-0.1149,,
1790738696765565376,515.600,map,"nav2_feedback of the target goal (map, AMCL-based estimate)",-5.3408,-0.7140,-0.1149,,
1790738696775617020,515.600,map,"nav2_feedback of the target goal (map, AMCL-based estimate)",-5.3408,-0.7140,-0.1149,,
1790738696785719905,515.617,map,"nav2_feedback of the target goal (map, AMCL-based estimate)",-5.3275,-0.7155,-0.1153,,
1790738696795760805,515.617,map,"nav2_feedback of the target goal (map, AMCL-based estimate)",-5.3275,-0.7155,-0.1153,,
1790738696805753791,515.617,map,"nav2_feedback of the target goal (map, AMCL-based estimate)",-5.3275,-0.7155,-0.1153,,
1790738696815814276,515.617,map,"nav2_feedback of the target goal (map, AMCL-based estimate)",-5.3275,-0.7155,-0.1153,,
1790738696825931231,515.617,map,"nav2_feedback of the target goal (map, AMCL-based estimate)",-5.3275,-0.7155,-0.1153,,
1790738696835867652,515.633,map,"nav2_feedback of the target goal (map, AMCL-based estimate)",-5.3143,-0.7171,-0.1156,,
1790738696845942206,515.633,map,"nav2_feedback of the target goal (map, AMCL-based estimate)",-5.3143,-0.7171,-0.1156,,
1790738696855439508,515.633,map,"nav2_feedback of the target goal (map, AMCL-based estimate)",-5.3143,-0.7171,-0.1156,,
1790738696865485257,515.633,map,"nav2_feedback of the target goal (map, AMCL-based estimate)",-5.3143,-0.7171,-0.1156,,
1790738696875662770,515.650,map,"nav2_feedback of the target goal (map, AMCL-based estimate)",-5.3010,-0.7186,-0.1158,,
1790738696885631609,515.650,map,"nav2_feedback of the target goal (map, AMCL-based estimate)",-5.3010,-0.7186,-0.1158,,
1790738696895726223,515.650,map,"nav2_feedback of the target goal (map, AMCL-based estimate)",-5.3010,-0.7186,-0.1158,,
1790738696905542858,515.650,map,"nav2_feedback of the target goal (map, AMCL-based estimate)",-5.3010,-0.7186,-0.1158,,
1790738696916713167,515.650,map,"nav2_feedback of the target goal (map, AMCL-based estimate)",-5.3010,-0.7186,-0.1158,,
1790738696925661735,515.667,map,"nav2_feedback of the target goal (map, AMCL-based estimate)",-5.2878,-0.7202,-0.1161,,
1790738696935865963,515.667,map,"nav2_feedback of the target goal (map, AMCL-based estimate)",-5.2878,-0.7202,-0.1161,,
1790738696945824154,515.667,map,"nav2_feedback of the target goal (map, AMCL-based estimate)",-5.2878,-0.7202,-0.1161,,
1790738696955625198,515.667,map,"nav2_feedback of the target goal (map, AMCL-based estimate)",-5.2878,-0.7202,-0.1161,,
1790738696965730840,515.683,map,"nav2_feedback of the target goal (map, AMCL-based estimate)",-5.2745,-0.7217,-0.1162,,
1790738696975424171,515.683,map,"nav2_feedback of the target goal (map, AMCL-based estimate)",-5.2745,-0.7217,-0.1162,,
1790738696985999260,515.683,map,"nav2_feedback of the target goal (map, AMCL-based estimate)",-5.2745,-0.7217,-0.1162,,
1790738696995633459,515.683,map,"nav2_feedback of the target goal (map, AMCL-based estimate)",-5.2745,-0.7217,-0.1162,,
1790738697005795951,515.683,map,"nav2_feedback of the target goal (map, AMCL-based estimate)",-5.2745,-0.7217,-0.1162,,
1790738697016968733,515.700,map,"nav2_feedback of the target goal (map, AMCL-based estimate)",-5.2612,-0.7233,-0.1164,,
1790738697025784966,515.700,map,"nav2_feedback of the target goal (map, AMCL-based estimate)",-5.2612,-0.7233,-0.1164,,
1790738697035864369,515.700,map,"nav2_feedback of the target goal (map, AMCL-based estimate)",-5.2612,-0.7233,-0.1164,,
1790738697045583940,515.700,map,"nav2_feedback of the target goal (map, AMCL-based estimate)",-5.2612,-0.7233,-0.1164,,
1790738697055543462,515.717,map,"nav2_feedback of the target goal (map, AMCL-based estimate)",-5.2493,-0.7366,-0.1320,,
1790738697065573430,515.717,map,"nav2_feedback of the target goal (map, AMCL-based estimate)",-5.2493,-0.7366,-0.1320,,
1790738697075512417,515.717,map,"nav2_feedback of the target goal (map, AMCL-based estimate)",-5.2493,-0.7366,-0.1320,,
1790738697086083702,515.717,map,"nav2_feedback of the target goal (map, AMCL-based estimate)",-5.2493,-0.7366,-0.1320,,
1790738697095731972,515.717,map,"nav2_feedback of the target goal (map, AMCL-based estimate)",-5.2493,-0.7366,-0.1320,,
1790738697105906158,515.733,map,"nav2_feedback of the target goal (map, AMCL-based estimate)",-5.2376,-0.7504,-0.1477,,
1790738697115874426,515.733,map,"nav2_feedback of the target goal (map, AMCL-based estimate)",-5.2376,-0.7504,-0.1477,,
1790738697125474211,515.733,map,"nav2_feedback of the target goal (map, AMCL-based estimate)",-5.2376,-0.7504,-0.1477,,
1790738697136263582,515.733,map,"nav2_feedback of the target goal (map, AMCL-based estimate)",-5.2376,-0.7504,-0.1477,,
1790738697145915464,515.750,map,"nav2_feedback of the target goal (map, AMCL-based estimate)",-5.2264,-0.7645,-0.1632,,
1790738697155657091,515.750,map,"nav2_feedback of the target goal (map, AMCL-based estimate)",-5.2264,-0.7645,-0.1632,,
1790738697165429709,515.750,map,"nav2_feedback of the target goal (map, AMCL-based estimate)",-5.2264,-0.7645,-0.1632,,
1790738697175594864,515.750,map,"nav2_feedback of the target goal (map, AMCL-based estimate)",-5.2264,-0.7645,-0.1632,,
1790738697185971925,515.750,map,"nav2_feedback of the target goal (map, AMCL-based estimate)",-5.2264,-0.7645,-0.1632,,
1790738697195660313,515.767,map,"nav2_feedback of the target goal (map, AMCL-based estimate)",-5.2157,-0.7791,-0.1788,,
1790738697205822330,515.767,map,"nav2_feedback of the target goal (map, AMCL-based estimate)",-5.2157,-0.7791,-0.1788,,
1790738697215805049,515.767,map,"nav2_feedback of the target goal (map, AMCL-based estimate)",-5.2157,-0.7791,-0.1788,,
1790738697225616645,515.767,map,"nav2_feedback of the target goal (map, AMCL-based estimate)",-5.2157,-0.7791,-0.1788,,
1790738697235940183,515.767,map,"nav2_feedback of the target goal (map, AMCL-based estimate)",-5.2157,-0.7791,-0.1788,,
1790738697245627145,515.783,map,"nav2_feedback of the target goal (map, AMCL-based estimate)",-5.2055,-0.7940,-0.1943,,
1790738697255630874,515.783,map,"nav2_feedback of the target goal (map, AMCL-based estimate)",-5.2055,-0.7940,-0.1943,,
1790738697265499797,515.783,map,"nav2_feedback of the target goal (map, AMCL-based estimate)",-5.2055,-0.7940,-0.1943,,
1790738697275753460,515.783,map,"nav2_feedback of the target goal (map, AMCL-based estimate)",-5.2055,-0.7940,-0.1943,,
1790738697285971092,515.800,map,"nav2_feedback of the target goal (map, AMCL-based estimate)",-5.1956,-0.8093,-0.2098,,
1790738697297667127,515.800,map,"nav2_feedback of the target goal (map, AMCL-based estimate)",-5.1956,-0.8093,-0.2098,,
1790738697305674807,515.800,map,"nav2_feedback of the target goal (map, AMCL-based estimate)",-5.1956,-0.8093,-0.2098,,
1790738697315626724,515.800,map,"nav2_feedback of the target goal (map, AMCL-based estimate)",-5.1956,-0.8093,-0.2098,,
1790738697325640435,515.817,map,"nav2_feedback of the target goal (map, AMCL-based estimate)",-5.1830,-0.8120,-0.2097,,
1790738697335799125,515.817,map,"nav2_feedback of the target goal (map, AMCL-based estimate)",-5.1830,-0.8120,-0.2097,,
1790738697345572789,515.817,map,"nav2_feedback of the target goal (map, AMCL-based estimate)",-5.1830,-0.8120,-0.2097,,
1790738697355547522,515.817,map,"nav2_feedback of the target goal (map, AMCL-based estimate)",-5.1830,-0.8120,-0.2097,,
1790738697365957192,515.817,map,"nav2_feedback of the target goal (map, AMCL-based estimate)",-5.1830,-0.8120,-0.2097,,
1790738697375965104,515.833,map,"nav2_feedback of the target goal (map, AMCL-based estimate)",-5.1704,-0.8147,-0.2097,,
1790738697386012754,515.833,map,"nav2_feedback of the target goal (map, AMCL-based estimate)",-5.1704,-0.8147,-0.2097,,
1790738697396145871,515.833,map,"nav2_feedback of the target goal (map, AMCL-based estimate)",-5.1704,-0.8147,-0.2097,,
1790738697405855174,515.833,map,"nav2_feedback of the target goal (map, AMCL-based estimate)",-5.1704,-0.8147,-0.2097,,
1790738697415595184,515.833,map,"nav2_feedback of the target goal (map, AMCL-based estimate)",-5.1704,-0.8147,-0.2097,,
1790738697425616690,515.850,map,"nav2_feedback of the target goal (map, AMCL-based estimate)",-5.1581,-0.8173,-0.2096,,
1790738697436297969,515.850,map,"nav2_feedback of the target goal (map, AMCL-based estimate)",-5.1581,-0.8173,-0.2096,,
1790738697445776923,515.850,map,"nav2_feedback of the target goal (map, AMCL-based estimate)",-5.1581,-0.8173,-0.2096,,
1790738697455772381,515.850,map,"nav2_feedback of the target goal (map, AMCL-based estimate)",-5.1581,-0.8173,-0.2096,,
1790738697465939246,515.850,map,"nav2_feedback of the target goal (map, AMCL-based estimate)",-5.1581,-0.8173,-0.2096,,
1790738697475811686,515.867,map,"nav2_feedback of the target goal (map, AMCL-based estimate)",-5.1462,-0.8198,-0.2094,,
1790738697486335152,515.867,map,"nav2_feedback of the target goal (map, AMCL-based estimate)",-5.1462,-0.8198,-0.2094,,
1790738697495491634,515.867,map,"nav2_feedback of the target goal (map, AMCL-based estimate)",-5.1462,-0.8198,-0.2094,,
1790738697505523789,515.883,map,"nav2_feedback of the target goal (map, AMCL-based estimate)",-5.1344,-0.8223,-0.2093,,
1790738697515735527,515.883,map,"nav2_feedback of the target goal (map, AMCL-based estimate)",-5.1344,-0.8223,-0.2093,,
1790738697525476868,515.883,map,"nav2_feedback of the target goal (map, AMCL-based estimate)",-5.1344,-0.8223,-0.2093,,
1790738697536193322,515.883,map,"nav2_feedback of the target goal (map, AMCL-based estimate)",-5.1344,-0.8223,-0.2093,,
1790738697548722725,515.883,map,"nav2_feedback of the target goal (map, AMCL-based estimate)",-5.1344,-0.8223,-0.2093,,
1790738697555827828,515.883,map,"nav2_feedback of the target goal (map, AMCL-based estimate)",-5.1344,-0.8223,-0.2093,,
1790738697565648551,515.900,map,"nav2_feedback of the target goal (map, AMCL-based estimate)",-5.1229,-0.8247,-0.2091,,
1790738697575859243,515.900,map,"nav2_feedback of the target goal (map, AMCL-based estimate)",-5.1229,-0.8247,-0.2091,,
1790738697585757921,515.900,map,"nav2_feedback of the target goal (map, AMCL-based estimate)",-5.1229,-0.8247,-0.2091,,
1790738697598332862,515.917,map,"nav2_feedback of the target goal (map, AMCL-based estimate)",-5.1117,-0.8271,-0.2089,,
1790738697605422278,515.917,map,"nav2_feedback of the target goal (map, AMCL-based estimate)",-5.1117,-0.8271,-0.2089,,
1790738697615971698,515.917,map,"nav2_feedback of the target goal (map, AMCL-based estimate)",-5.1117,-0.8271,-0.2089,,
1790738697625449320,515.917,map,"nav2_feedback of the target goal (map, AMCL-based estimate)",-5.1117,-0.8271,-0.2089,,
1790738697635977350,515.917,map,"nav2_feedback of the target goal (map, AMCL-based estimate)",-5.1117,-0.8271,-0.2089,,
1790738697646017490,515.917,map,"nav2_feedback of the target goal (map, AMCL-based estimate)",-5.1117,-0.8271,-0.2089,,
1790738697655791154,515.917,map,"nav2_feedback of the target goal (map, AMCL-based estimate)",-5.1117,-0.8271,-0.2089,,
1790738697665836808,515.933,map,"nav2_feedback of the target goal (map, AMCL-based estimate)",-5.1006,-0.8295,-0.2087,,
1790738697675789865,515.933,map,"nav2_feedback of the target goal (map, AMCL-based estimate)",-5.1006,-0.8295,-0.2087,,
1790738697686305346,515.933,map,"nav2_feedback of the target goal (map, AMCL-based estimate)",-5.1006,-0.8295,-0.2087,,
1790738697695595399,515.950,map,"nav2_feedback of the target goal (map, AMCL-based estimate)",-5.0896,-0.8318,-0.2084,,
1790738697705794587,515.950,map,"nav2_feedback of the target goal (map, AMCL-based estimate)",-5.0896,-0.8318,-0.2084,,
1790738697715978375,515.950,map,"nav2_feedback of the target goal (map, AMCL-based estimate)",-5.0896,-0.8318,-0.2084,,
1790738697725411981,515.950,map,"nav2_feedback of the target goal (map, AMCL-based estimate)",-5.0896,-0.8318,-0.2084,,
1790738697736291382,515.950,map,"nav2_feedback of the target goal (map, AMCL-based estimate)",-5.0896,-0.8318,-0.2084,,
1790738697745479997,515.950,map,"nav2_feedback of the target goal (map, AMCL-based estimate)",-5.0896,-0.8318,-0.2084,,
1790738697755565390,515.967,map,"nav2_feedback of the target goal (map, AMCL-based estimate)",-5.0786,-0.8341,-0.2082,,
1790738697765827704,515.967,map,"nav2_feedback of the target goal (map, AMCL-based estimate)",-5.0786,-0.8341,-0.2082,,
1790738697775490138,515.967,map,"nav2_feedback of the target goal (map, AMCL-based estimate)",-5.0786,-0.8341,-0.2082,,
1790738697786275517,515.967,map,"nav2_feedback of the target goal (map, AMCL-based estimate)",-5.0786,-0.8341,-0.2082,,
1790738697795569753,515.983,map,"nav2_feedback of the target goal (map, AMCL-based estimate)",-5.0676,-0.8364,-0.2079,,
1790738697805703345,515.983,map,"nav2_feedback of the target goal (map, AMCL-based estimate)",-5.0676,-0.8364,-0.2079,,
1790738697815666955,515.983,map,"nav2_feedback of the target goal (map, AMCL-based estimate)",-5.0676,-0.8364,-0.2079,,
1790738697825761569,515.983,map,"nav2_feedback of the target goal (map, AMCL-based estimate)",-5.0676,-0.8364,-0.2079,,
1790738697836168101,515.983,map,"nav2_feedback of the target goal (map, AMCL-based estimate)",-5.0676,-0.8364,-0.2079,,
1790738697845966483,515.983,map,"nav2_feedback of the target goal (map, AMCL-based estimate)",-5.0676,-0.8364,-0.2079,,
1790738697855668941,516.000,map,"nav2_feedback of the target goal (map, AMCL-based estimate)",-5.0568,-0.8387,-0.2076,,
1790738697865666110,516.000,map,"nav2_feedback of the target goal (map, AMCL-based estimate)",-5.0568,-0.8387,-0.2076,,
1790738697875671646,516.000,map,"nav2_feedback of the target goal (map, AMCL-based estimate)",-5.0568,-0.8387,-0.2076,,
1790738697885883859,516.017,map,"nav2_feedback of the target goal (map, AMCL-based estimate)",-5.0462,-0.8409,-0.2073,,
1790738697895857641,516.017,map,"nav2_feedback of the target goal (map, AMCL-based estimate)",-5.0462,-0.8409,-0.2073,,
1790738697905388977,516.017,map,"nav2_feedback of the target goal (map, AMCL-based estimate)",-5.0462,-0.8409,-0.2073,,
1790738697915720881,516.017,map,"nav2_feedback of the target goal (map, AMCL-based estimate)",-5.0462,-0.8409,-0.2073,,
1790738697925881662,516.017,map,"nav2_feedback of the target goal (map, AMCL-based estimate)",-5.0462,-0.8409,-0.2073,,
1790738697937760229,516.017,map,"nav2_feedback of the target goal (map, AMCL-based estimate)",-5.0462,-0.8409,-0.2073,,
1790738697945843677,516.017,map,"nav2_feedback of the target goal (map, AMCL-based estimate)",-5.0462,-0.8409,-0.2073,,
1790738697957048687,516.033,map,"nav2_feedback of the target goal (map, AMCL-based estimate)",-5.0359,-0.8431,-0.2069,,
1790738697966198989,516.033,map,"nav2_feedback of the target goal (map, AMCL-based estimate)",-5.0359,-0.8431,-0.2069,,
1790738697975742589,516.033,map,"nav2_feedback of the target goal (map, AMCL-based estimate)",-5.0359,-0.8431,-0.2069,,
1790738697985760578,516.033,map,"nav2_feedback of the target goal (map, AMCL-based estimate)",-5.0359,-0.8431,-0.2069,,
1790738697995351997,516.050,map,"nav2_feedback of the target goal (map, AMCL-based estimate)",-5.0255,-0.8453,-0.2066,,
1790738698005585030,516.050,map,"nav2_feedback of the target goal (map, AMCL-based estimate)",-5.0255,-0.8453,-0.2066,,
1790738698015732216,516.050,map,"nav2_feedback of the target goal (map, AMCL-based estimate)",-5.0255,-0.8453,-0.2066,,
1790738698025548186,516.050,map,"nav2_feedback of the target goal (map, AMCL-based estimate)",-5.0255,-0.8453,-0.2066,,
1790738698036489951,516.050,map,"nav2_feedback of the target goal (map, AMCL-based estimate)",-5.0255,-0.8453,-0.2066,,
1790738698045589488,516.050,map,"nav2_feedback of the target goal (map, AMCL-based estimate)",-5.0255,-0.8453,-0.2066,,
1790738698055694274,516.067,map,"nav2_feedback of the target goal (map, AMCL-based estimate)",-5.0152,-0.8474,-0.2063,,
1790738698065894129,516.067,map,"nav2_feedback of the target goal (map, AMCL-based estimate)",-5.0152,-0.8474,-0.2063,,
1790738698076072688,516.067,map,"nav2_feedback of the target goal (map, AMCL-based estimate)",-5.0152,-0.8474,-0.2063,,
1790738698086008253,516.067,map,"nav2_feedback of the target goal (map, AMCL-based estimate)",-5.0152,-0.8474,-0.2063,,
1790738698095451555,516.083,map,"nav2_feedback of the target goal (map, AMCL-based estimate)",-5.0049,-0.8496,-0.2060,,
1790738698105666430,516.083,map,"nav2_feedback of the target goal (map, AMCL-based estimate)",-5.0049,-0.8496,-0.2060,,
1790738698115723207,516.083,map,"nav2_feedback of the target goal (map, AMCL-based estimate)",-5.0049,-0.8496,-0.2060,,
1790738698125460651,516.083,map,"nav2_feedback of the target goal (map, AMCL-based estimate)",-5.0049,-0.8496,-0.2060,,
1790738698136096772,516.083,map,"nav2_feedback of the target goal (map, AMCL-based estimate)",-5.0049,-0.8496,-0.2060,,
1790738698145451471,516.100,map,"nav2_feedback of the target goal (map, AMCL-based estimate)",-4.9947,-0.8517,-0.2056,,
1790738698155803530,516.100,map,"nav2_feedback of the target goal (map, AMCL-based estimate)",-4.9947,-0.8517,-0.2056,,
1790738698165789861,516.100,map,"nav2_feedback of the target goal (map, AMCL-based estimate)",-4.9947,-0.8517,-0.2056,,
1790738698175946460,516.100,map,"nav2_feedback of the target goal (map, AMCL-based estimate)",-4.9947,-0.8517,-0.2056,,
1790738698186358981,516.117,map,"nav2_feedback of the target goal (map, AMCL-based estimate)",-4.9846,-0.8538,-0.2052,,
1790738698195469736,516.117,map,"nav2_feedback of the target goal (map, AMCL-based estimate)",-4.9846,-0.8538,-0.2052,,
1790738698205476982,516.117,map,"nav2_feedback of the target goal (map, AMCL-based estimate)",-4.9846,-0.8538,-0.2052,,
1790738698215848720,516.117,map,"nav2_feedback of the target goal (map, AMCL-based estimate)",-4.9846,-0.8538,-0.2052,,
1790738698225898366,516.117,map,"nav2_feedback of the target goal (map, AMCL-based estimate)",-4.9846,-0.8538,-0.2052,,
1790738698235885744,516.133,map,"nav2_feedback of the target goal (map, AMCL-based estimate)",-4.9742,-0.8560,-0.2045,,
1790738698245771113,516.133,map,"nav2_feedback of the target goal (map, AMCL-based estimate)",-4.9742,-0.8560,-0.2045,,
1790738698255538978,516.133,map,"nav2_feedback of the target goal (map, AMCL-based estimate)",-4.9742,-0.8560,-0.2045,,
1790738698267230165,516.133,map,"nav2_feedback of the target goal (map, AMCL-based estimate)",-4.9742,-0.8560,-0.2045,,
1790738698275377214,516.150,map,"nav2_feedback of the target goal (map, AMCL-based estimate)",-4.9634,-0.8582,-0.2035,,
1790738698285896878,516.150,map,"nav2_feedback of the target goal (map, AMCL-based estimate)",-4.9634,-0.8582,-0.2035,,
1790738698295776923,516.150,map,"nav2_feedback of the target goal (map, AMCL-based estimate)",-4.9634,-0.8582,-0.2035,,
1790738698305626642,516.150,map,"nav2_feedback of the target goal (map, AMCL-based estimate)",-4.9634,-0.8582,-0.2035,,
1790738698315856728,516.150,map,"nav2_feedback of the target goal (map, AMCL-based estimate)",-4.9634,-0.8582,-0.2035,,
1790738698325567647,516.167,map,"nav2_feedback of the target goal (map, AMCL-based estimate)",-4.9525,-0.8605,-0.2023,,
1790738698336098719,516.167,map,"nav2_feedback of the target goal (map, AMCL-based estimate)",-4.9525,-0.8605,-0.2023,,
1790738698345743185,516.167,map,"nav2_feedback of the target goal (map, AMCL-based estimate)",-4.9525,-0.8605,-0.2023,,
1790738698355744062,516.167,map,"nav2_feedback of the target goal (map, AMCL-based estimate)",-4.9525,-0.8605,-0.2023,,
1790738698365766710,516.183,map,"nav2_feedback of the target goal (map, AMCL-based estimate)",-4.9415,-0.8627,-0.2010,,
1790738698375481432,516.183,map,"nav2_feedback of the target goal (map, AMCL-based estimate)",-4.9415,-0.8627,-0.2010,,
1790738698386103864,516.183,map,"nav2_feedback of the target goal (map, AMCL-based estimate)",-4.9415,-0.8627,-0.2010,,
1790738698396087628,516.183,map,"nav2_feedback of the target goal (map, AMCL-based estimate)",-4.9415,-0.8627,-0.2010,,
1790738698405602802,516.183,map,"nav2_feedback of the target goal (map, AMCL-based estimate)",-4.9415,-0.8627,-0.2010,,
1790738698416027207,516.200,map,"nav2_feedback of the target goal (map, AMCL-based estimate)",-4.9305,-0.8649,-0.1995,,
1790738698425475358,516.200,map,"nav2_feedback of the target goal (map, AMCL-based estimate)",-4.9305,-0.8649,-0.1995,,
1790738698436195901,516.200,map,"nav2_feedback of the target goal (map, AMCL-based estimate)",-4.9305,-0.8649,-0.1995,,
1790738698445621806,516.217,map,"nav2_feedback of the target goal (map, AMCL-based estimate)",-4.9196,-0.8671,-0.1980,,
1790738698455428459,516.217,map,"nav2_feedback of the target goal (map, AMCL-based estimate)",-4.9196,-0.8671,-0.1980,,
1790738698465411463,516.217,map,"nav2_feedback of the target goal (map, AMCL-based estimate)",-4.9196,-0.8671,-0.1980,,
1790738698476536139,516.217,map,"nav2_feedback of the target goal (map, AMCL-based estimate)",-4.9196,-0.8671,-0.1980,,
1790738698486052454,516.217,map,"nav2_feedback of the target goal (map, AMCL-based estimate)",-4.9196,-0.8671,-0.1980,,
1790738698495622578,516.217,map,"nav2_feedback of the target goal (map, AMCL-based estimate)",-4.9196,-0.8671,-0.1980,,
1790738698505687815,516.233,map,"nav2_feedback of the target goal (map, AMCL-based estimate)",-4.9091,-0.8692,-0.1963,,
1790738698515592103,516.233,map,"nav2_feedback of the target goal (map, AMCL-based estimate)",-4.9091,-0.8692,-0.1963,,
1790738698526793975,516.233,map,"nav2_feedback of the target goal (map, AMCL-based estimate)",-4.9091,-0.8692,-0.1963,,
1790738698535748248,516.250,map,"nav2_feedback of the target goal (map, AMCL-based estimate)",-4.8987,-0.8713,-0.1946,,
1790738698545577241,516.250,map,"nav2_feedback of the target goal (map, AMCL-based estimate)",-4.8987,-0.8713,-0.1946,,
1790738698555361933,516.250,map,"nav2_feedback of the target goal (map, AMCL-based estimate)",-4.8987,-0.8713,-0.1946,,
1790738698565554658,516.250,map,"nav2_feedback of the target goal (map, AMCL-based estimate)",-4.8987,-0.8713,-0.1946,,
1790738698576131552,516.250,map,"nav2_feedback of the target goal (map, AMCL-based estimate)",-4.8987,-0.8713,-0.1946,,
1790738698586029185,516.267,map,"nav2_feedback of the target goal (map, AMCL-based estimate)",-4.8883,-0.8733,-0.1928,,
1790738698595726890,516.267,map,"nav2_feedback of the target goal (map, AMCL-based estimate)",-4.8883,-0.8733,-0.1928,,
1790738698605534208,516.267,map,"nav2_feedback of the target goal (map, AMCL-based estimate)",-4.8883,-0.8733,-0.1928,,
1790738698615670462,516.267,map,"nav2_feedback of the target goal (map, AMCL-based estimate)",-4.8883,-0.8733,-0.1928,,
1790738698625584066,516.267,map,"nav2_feedback of the target goal (map, AMCL-based estimate)",-4.8883,-0.8733,-0.1928,,
1790738698635696933,516.283,map,"nav2_feedback of the target goal (map, AMCL-based estimate)",-4.8779,-0.8753,-0.1910,,
1790738698645998701,516.283,map,"nav2_feedback of the target goal (map, AMCL-based estimate)",-4.8779,-0.8753,-0.1910,,
1790738698655386959,516.283,map,"nav2_feedback of the target goal (map, AMCL-based estimate)",-4.8779,-0.8753,-0.1910,,
1790738698665497544,516.283,map,"nav2_feedback of the target goal (map, AMCL-based estimate)",-4.8779,-0.8753,-0.1910,,
1790738698675809389,516.300,map,"nav2_feedback of the target goal (map, AMCL-based estimate)",-4.8678,-0.8772,-0.1890,,
1790738698686369931,516.300,map,"nav2_feedback of the target goal (map, AMCL-based estimate)",-4.8678,-0.8772,-0.1890,,
1790738698696133328,516.300,map,"nav2_feedback of the target goal (map, AMCL-based estimate)",-4.8678,-0.8772,-0.1890,,
1790738698705717427,516.300,map,"nav2_feedback of the target goal (map, AMCL-based estimate)",-4.8678,-0.8772,-0.1890,,
1790738698715571804,516.317,map,"nav2_feedback of the target goal (map, AMCL-based estimate)",-4.8579,-0.8791,-0.1870,,
1790738698725946583,516.317,map,"nav2_feedback of the target goal (map, AMCL-based estimate)",-4.8579,-0.8791,-0.1870,,
1790738698736032071,516.317,map,"nav2_feedback of the target goal (map, AMCL-based estimate)",-4.8579,-0.8791,-0.1870,,
1790738698745420234,516.317,map,"nav2_feedback of the target goal (map, AMCL-based estimate)",-4.8579,-0.8791,-0.1870,,
1790738698755639767,516.317,map,"nav2_feedback of the target goal (map, AMCL-based estimate)",-4.8579,-0.8791,-0.1870,,
1790738698765390235,516.333,map,"nav2_feedback of the target goal (map, AMCL-based estimate)",-4.8481,-0.8809,-0.1850,,
1790738698776709040,516.333,map,"nav2_feedback of the target goal (map, AMCL-based estimate)",-4.8481,-0.8809,-0.1850,,
1790738698786187898,516.333,map,"nav2_feedback of the target goal (map, AMCL-based estimate)",-4.8481,-0.8809,-0.1850,,
1790738698796026304,516.333,map,"nav2_feedback of the target goal (map, AMCL-based estimate)",-4.8481,-0.8809,-0.1850,,
1790738698805475120,516.350,map,"nav2_feedback of the target goal (map, AMCL-based estimate)",-4.8384,-0.8827,-0.1829,,
1790738698815628487,516.350,map,"nav2_feedback of the target goal (map, AMCL-based estimate)",-4.8384,-0.8827,-0.1829,,
1790738698825669957,516.350,map,"nav2_feedback of the target goal (map, AMCL-based estimate)",-4.8384,-0.8827,-0.1829,,
1790738698836064987,516.350,map,"nav2_feedback of the target goal (map, AMCL-based estimate)",-4.8384,-0.8827,-0.1829,,
1790738698845681503,516.350,map,"nav2_feedback of the target goal (map, AMCL-based estimate)",-4.8384,-0.8827,-0.1829,,
1790738698855492909,516.367,map,"nav2_feedback of the target goal (map, AMCL-based estimate)",-4.8287,-0.8845,-0.1807,,
1790738698865539229,516.367,map,"nav2_feedback of the target goal (map, AMCL-based estimate)",-4.8287,-0.8845,-0.1807,,
1790738698875561591,516.367,map,"nav2_feedback of the target goal (map, AMCL-based estimate)",-4.8287,-0.8845,-0.1807,,
1790738698886164154,516.383,map,"nav2_feedback of the target goal (map, AMCL-based estimate)",-4.8192,-0.8862,-0.1784,,
1790738698895799779,516.383,map,"nav2_feedback of the target goal (map, AMCL-based estimate)",-4.8192,-0.8862,-0.1784,,
1790738698905374276,516.383,map,"nav2_feedback of the target goal (map, AMCL-based estimate)",-4.8192,-0.8862,-0.1784,,
1790738698915668343,516.383,map,"nav2_feedback of the target goal (map, AMCL-based estimate)",-4.8192,-0.8862,-0.1784,,
1790738698927882404,516.383,map,"nav2_feedback of the target goal (map, AMCL-based estimate)",-4.8192,-0.8862,-0.1784,,
1790738698935846448,516.400,map,"nav2_feedback of the target goal (map, AMCL-based estimate)",-4.8100,-0.8879,-0.1762,,
1790738698945891056,516.400,map,"nav2_feedback of the target goal (map, AMCL-based estimate)",-4.8100,-0.8879,-0.1762,,
1790738698955854571,516.400,map,"nav2_feedback of the target goal (map, AMCL-based estimate)",-4.8100,-0.8879,-0.1762,,
1790738698966377371,516.400,map,"nav2_feedback of the target goal (map, AMCL-based estimate)",-4.8100,-0.8879,-0.1762,,
1790738698975525963,516.417,map,"nav2_feedback of the target goal (map, AMCL-based estimate)",-4.8009,-0.8894,-0.1739,,
1790738698985861384,516.417,map,"nav2_feedback of the target goal (map, AMCL-based estimate)",-4.8009,-0.8894,-0.1739,,
1790738698995439874,516.417,map,"nav2_feedback of the target goal (map, AMCL-based estimate)",-4.8009,-0.8894,-0.1739,,
1790738699005485718,516.417,map,"nav2_feedback of the target goal (map, AMCL-based estimate)",-4.8009,-0.8894,-0.1739,,
1790738699015617694,516.417,map,"nav2_feedback of the target goal (map, AMCL-based estimate)",-4.8009,-0.8894,-0.1739,,
1790738699025718582,516.417,map,"nav2_feedback of the target goal (map, AMCL-based estimate)",-4.8009,-0.8894,-0.1739,,
1790738699035934503,516.433,map,"nav2_feedback of the target goal (map, AMCL-based estimate)",-4.7919,-0.8910,-0.1715,,
1790738699045774335,516.433,map,"nav2_feedback of the target goal (map, AMCL-based estimate)",-4.7919,-0.8910,-0.1715,,
1790738699055976851,516.433,map,"nav2_feedback of the target goal (map, AMCL-based estimate)",-4.7919,-0.8910,-0.1715,,
1790738699065492595,516.450,map,"nav2_feedback of the target goal (map, AMCL-based estimate)",-4.7829,-0.8926,-0.1692,,
1790738699075567530,516.450,map,"nav2_feedback of the target goal (map, AMCL-based estimate)",-4.7829,-0.8926,-0.1692,,
1790738699086167811,516.450,map,"nav2_feedback of the target goal (map, AMCL-based estimate)",-4.7829,-0.8926,-0.1692,,
1790738699095844791,516.450,map,"nav2_feedback of the target goal (map, AMCL-based estimate)",-4.7829,-0.8926,-0.1692,,
1790738699106051110,516.450,map,"nav2_feedback of the target goal (map, AMCL-based estimate)",-4.7829,-0.8926,-0.1692,,
1790738699115748340,516.467,map,"nav2_feedback of the target goal (map, AMCL-based estimate)",-4.7739,-0.8941,-0.1667,,
1790738699125615646,516.467,map,"nav2_feedback of the target goal (map, AMCL-based estimate)",-4.7739,-0.8941,-0.1667,,
1790738699135871210,516.467,map,"nav2_feedback of the target goal (map, AMCL-based estimate)",-4.7739,-0.8941,-0.1667,,
1790738699145775593,516.467,map,"nav2_feedback of the target goal (map, AMCL-based estimate)",-4.7739,-0.8941,-0.1667,,
1790738699155833606,516.483,map,"nav2_feedback of the target goal (map, AMCL-based estimate)",-4.7648,-0.8956,-0.1642,,
1790738699165550799,516.483,map,"nav2_feedback of the target goal (map, AMCL-based estimate)",-4.7648,-0.8956,-0.1642,,
1790738699175783357,516.483,map,"nav2_feedback of the target goal (map, AMCL-based estimate)",-4.7648,-0.8956,-0.1642,,
1790738699186076378,516.483,map,"nav2_feedback of the target goal (map, AMCL-based estimate)",-4.7648,-0.8956,-0.1642,,
1790738699196173844,516.483,map,"nav2_feedback of the target goal (map, AMCL-based estimate)",-4.7648,-0.8956,-0.1642,,
1790738699206080033,516.500,map,"nav2_feedback of the target goal (map, AMCL-based estimate)",-4.7560,-0.8970,-0.1617,,
1790738699215702825,516.500,map,"nav2_feedback of the target goal (map, AMCL-based estimate)",-4.7560,-0.8970,-0.1617,,
1790738699225580683,516.500,map,"nav2_feedback of the target goal (map, AMCL-based estimate)",-4.7560,-0.8970,-0.1617,,
1790738699236482901,516.500,map,"nav2_feedback of the target goal (map, AMCL-based estimate)",-4.7560,-0.8970,-0.1617,,
1790738699245551825,516.517,map,"nav2_feedback of the target goal (map, AMCL-based estimate)",-4.7475,-0.8984,-0.1592,,
1790738699256616609,516.517,map,"nav2_feedback of the target goal (map, AMCL-based estimate)",-4.7475,-0.8984,-0.1592,,
1790738699265443680,516.517,map,"nav2_feedback of the target goal (map, AMCL-based estimate)",-4.7475,-0.8984,-0.1592,,
1790738699276088643,516.517,map,"nav2_feedback of the target goal (map, AMCL-based estimate)",-4.7475,-0.8984,-0.1592,,
1790738699286408474,516.517,map,"nav2_feedback of the target goal (map, AMCL-based estimate)",-4.7475,-0.8984,-0.1592,,
1790738699296185180,516.517,map,"nav2_feedback of the target goal (map, AMCL-based estimate)",-4.7475,-0.8984,-0.1592,,
1790738699305577336,516.517,map,"nav2_feedback of the target goal (map, AMCL-based estimate)",-4.7475,-0.8984,-0.1592,,
1790738699315796489,516.533,map,"nav2_feedback of the target goal (map, AMCL-based estimate)",-4.7391,-0.8997,-0.1566,,
1790738699325626719,516.533,map,"nav2_feedback of the target goal (map, AMCL-based estimate)",-4.7391,-0.8997,-0.1566,,
1790738699336028212,516.533,map,"nav2_feedback of the target goal (map, AMCL-based estimate)",-4.7391,-0.8997,-0.1566,,
1790738699345487106,516.533,map,"nav2_feedback of the target goal (map, AMCL-based estimate)",-4.7391,-0.8997,-0.1566,,
1790738699355618131,516.550,map,"nav2_feedback of the target goal (map, AMCL-based estimate)",-4.7307,-0.9010,-0.1541,,
1790738699365823880,516.550,map,"nav2_feedback of the target goal (map, AMCL-based estimate)",-4.7307,-0.9010,-0.1541,,
1790738699375399422,516.550,map,"nav2_feedback of the target goal (map, AMCL-based estimate)",-4.7307,-0.9010,-0.1541,,
1790738699385743590,516.550,map,"nav2_feedback of the target goal (map, AMCL-based estimate)",-4.7307,-0.9010,-0.1541,,
1790738699395585988,516.550,map,"nav2_feedback of the target goal (map, AMCL-based estimate)",-4.7307,-0.9010,-0.1541,,
1790738699405784607,516.550,map,"nav2_feedback of the target goal (map, AMCL-based estimate)",-4.7307,-0.9010,-0.1541,,
1790738699415818282,516.550,map,"nav2_feedback of the target goal (map, AMCL-based estimate)",-4.7307,-0.9010,-0.1541,,
1790738699425673420,516.567,map,"nav2_feedback of the target goal (map, AMCL-based estimate)",-4.7223,-0.9023,-0.1515,,
1790738699436205157,516.567,map,"nav2_feedback of the target goal (map, AMCL-based estimate)",-4.7223,-0.9023,-0.1515,,
1790738699446088339,516.567,map,"nav2_feedback of the target goal (map, AMCL-based estimate)",-4.7223,-0.9023,-0.1515,,
1790738699456118972,516.567,map,"nav2_feedback of the target goal (map, AMCL-based estimate)",-4.7223,-0.9023,-0.1515,,
1790738699465921727,516.583,map,"nav2_feedback of the target goal (map, AMCL-based estimate)",-4.7140,-0.9035,-0.1488,,
1790738699475385375,516.583,map,"nav2_feedback of the target goal (map, AMCL-based estimate)",-4.7140,-0.9035,-0.1488,,
1790738699485738288,516.583,map,"nav2_feedback of the target goal (map, AMCL-based estimate)",-4.7140,-0.9035,-0.1488,,
1790738699495533438,516.583,map,"nav2_feedback of the target goal (map, AMCL-based estimate)",-4.7140,-0.9035,-0.1488,,
1790738699505406258,516.583,map,"nav2_feedback of the target goal (map, AMCL-based estimate)",-4.7140,-0.9035,-0.1488,,
1790738699515841216,516.583,map,"nav2_feedback of the target goal (map, AMCL-based estimate)",-4.7140,-0.9035,-0.1488,,
1790738699525477126,516.600,map,"nav2_feedback of the target goal (map, AMCL-based estimate)",-4.7056,-0.9048,-0.1461,,
1790738699536272392,516.600,map,"nav2_feedback of the target goal (map, AMCL-based estimate)",-4.7056,-0.9048,-0.1461,,
1790738699545637549,516.600,map,"nav2_feedback of the target goal (map, AMCL-based estimate)",-4.7056,-0.9048,-0.1461,,
1790738699555957664,516.600,map,"nav2_feedback of the target goal (map, AMCL-based estimate)",-4.7056,-0.9048,-0.1461,,
1790738699565720205,516.617,map,"nav2_feedback of the target goal (map, AMCL-based estimate)",-4.6973,-0.9060,-0.1434,,
1790738699575519443,516.617,map,"nav2_feedback of the target goal (map, AMCL-based estimate)",-4.6973,-0.9060,-0.1434,,
1790738699585863040,516.617,map,"nav2_feedback of the target goal (map, AMCL-based estimate)",-4.6973,-0.9060,-0.1434,,
1790738699595765997,516.617,map,"nav2_feedback of the target goal (map, AMCL-based estimate)",-4.6973,-0.9060,-0.1434,,
1790738699606010628,516.617,map,"nav2_feedback of the target goal (map, AMCL-based estimate)",-4.6973,-0.9060,-0.1434,,
1790738699615576759,516.633,map,"nav2_feedback of the target goal (map, AMCL-based estimate)",-4.6891,-0.9071,-0.1406,,
1790738699625691337,516.633,map,"nav2_feedback of the target goal (map, AMCL-based estimate)",-4.6891,-0.9071,-0.1406,,
1790738699635816373,516.633,map,"nav2_feedback of the target goal (map, AMCL-based estimate)",-4.6891,-0.9071,-0.1406,,
1790738699645968503,516.633,map,"nav2_feedback of the target goal (map, AMCL-based estimate)",-4.6891,-0.9071,-0.1406,,
1790738699655476927,516.650,map,"nav2_feedback of the target goal (map, AMCL-based estimate)",-4.6813,-0.9082,-0.1379,,
1790738699665873288,516.650,map,"nav2_feedback of the target goal (map, AMCL-based estimate)",-4.6813,-0.9082,-0.1379,,
1790738699675698479,516.650,map,"nav2_feedback of the target goal (map, AMCL-based estimate)",-4.6813,-0.9082,-0.1379,,
1790738699686017643,516.650,map,"nav2_feedback of the target goal (map, AMCL-based estimate)",-4.6813,-0.9082,-0.1379,,
1790738699695991046,516.650,map,"nav2_feedback of the target goal (map, AMCL-based estimate)",-4.6813,-0.9082,-0.1379,,
1790738699705884305,516.667,map,"nav2_feedback of the target goal (map, AMCL-based estimate)",-4.6735,-0.9093,-0.1351,,
1790738699715593133,516.667,map,"nav2_feedback of the target goal (map, AMCL-based estimate)",-4.6735,-0.9093,-0.1351,,
1790738699725958216,516.667,map,"nav2_feedback of the target goal (map, AMCL-based estimate)",-4.6735,-0.9093,-0.1351,,
1790738699736129360,516.667,map,"nav2_feedback of the target goal (map, AMCL-based estimate)",-4.6735,-0.9093,-0.1351,,
1790738699745649192,516.683,map,"nav2_feedback of the target goal (map, AMCL-based estimate)",-4.6658,-0.9103,-0.1324,,
1790738699755420194,516.683,map,"nav2_feedback of the target goal (map, AMCL-based estimate)",-4.6658,-0.9103,-0.1324,,
1790738699768080411,516.683,map,"nav2_feedback of the target goal (map, AMCL-based estimate)",-4.6658,-0.9103,-0.1324,,
1790738699775541354,516.683,map,"nav2_feedback of the target goal (map, AMCL-based estimate)",-4.6658,-0.9103,-0.1324,,
1790738699786157796,516.683,map,"nav2_feedback of the target goal (map, AMCL-based estimate)",-4.6658,-0.9103,-0.1324,,
1790738699795678199,516.700,map,"nav2_feedback of the target goal (map, AMCL-based estimate)",-4.6582,-0.9113,-0.1296,,
1790738699805532006,516.700,map,"nav2_feedback of the target goal (map, AMCL-based estimate)",-4.6582,-0.9113,-0.1296,,
1790738699815910683,516.700,map,"nav2_feedback of the target goal (map, AMCL-based estimate)",-4.6582,-0.9113,-0.1296,,
1790738699825710776,516.700,map,"nav2_feedback of the target goal (map, AMCL-based estimate)",-4.6582,-0.9113,-0.1296,,
1790738699836013589,516.700,map,"nav2_feedback of the target goal (map, AMCL-based estimate)",-4.6582,-0.9113,-0.1296,,
1790738699845594265,516.717,map,"nav2_feedback of the target goal (map, AMCL-based estimate)",-4.6505,-0.9123,-0.1268,,
1790738699855625088,516.717,map,"nav2_feedback of the target goal (map, AMCL-based estimate)",-4.6505,-0.9123,-0.1268,,
1790738699865510172,516.717,map,"nav2_feedback of the target goal (map, AMCL-based estimate)",-4.6505,-0.9123,-0.1268,,
1790738699876016241,516.717,map,"nav2_feedback of the target goal (map, AMCL-based estimate)",-4.6505,-0.9123,-0.1268,,
1790738699885904938,516.717,map,"nav2_feedback of the target goal (map, AMCL-based estimate)",-4.6505,-0.9123,-0.1268,,
1790738699895679457,516.733,map,"nav2_feedback of the target goal (map, AMCL-based estimate)",-4.6428,-0.9132,-0.1239,,
1790738699905798124,516.733,map,"nav2_feedback of the target goal (map, AMCL-based estimate)",-4.6428,-0.9132,-0.1239,,
1790738699915830373,516.733,map,"nav2_feedback of the target goal (map, AMCL-based estimate)",-4.6428,-0.9132,-0.1239,,
1790738699925562587,516.750,map,"nav2_feedback of the target goal (map, AMCL-based estimate)",-4.6353,-0.9141,-0.1210,,
1790738699935937177,516.750,map,"nav2_feedback of the target goal (map, AMCL-based estimate)",-4.6353,-0.9141,-0.1210,,
1790738699945799349,516.750,map,"nav2_feedback of the target goal (map, AMCL-based estimate)",-4.6353,-0.9141,-0.1210,,
1790738699955453323,516.750,map,"nav2_feedback of the target goal (map, AMCL-based estimate)",-4.6353,-0.9141,-0.1210,,
1790738699965674568,516.750,map,"nav2_feedback of the target goal (map, AMCL-based estimate)",-4.6353,-0.9141,-0.1210,,
1790738699976046020,516.750,map,"nav2_feedback of the target goal (map, AMCL-based estimate)",-4.6353,-0.9141,-0.1210,,
1790738699986652766,516.767,map,"nav2_feedback of the target goal (map, AMCL-based estimate)",-4.6283,-0.9150,-0.1182,,
1790738699995883686,516.767,map,"nav2_feedback of the target goal (map, AMCL-based estimate)",-4.6283,-0.9150,-0.1182,,
1790738700005511135,516.767,map,"nav2_feedback of the target goal (map, AMCL-based estimate)",-4.6283,-0.9150,-0.1182,,
1790738700015625334,516.767,map,"nav2_feedback of the target goal (map, AMCL-based estimate)",-4.6283,-0.9150,-0.1182,,
1790738700028355425,516.783,map,"nav2_feedback of the target goal (map, AMCL-based estimate)",-4.6217,-0.9157,-0.1154,,
1790738700036096914,516.783,map,"nav2_feedback of the target goal (map, AMCL-based estimate)",-4.6217,-0.9157,-0.1154,,
1790738700045535938,516.783,map,"nav2_feedback of the target goal (map, AMCL-based estimate)",-4.6217,-0.9157,-0.1154,,
1790738700055708128,516.783,map,"nav2_feedback of the target goal (map, AMCL-based estimate)",-4.6217,-0.9157,-0.1154,,
1790738700065966544,516.783,map,"nav2_feedback of the target goal (map, AMCL-based estimate)",-4.6217,-0.9157,-0.1154,,
1790738700075992994,516.800,map,"nav2_feedback of the target goal (map, AMCL-based estimate)",-4.6150,-0.9165,-0.1127,,
1790738700085819516,516.800,map,"nav2_feedback of the target goal (map, AMCL-based estimate)",-4.6150,-0.9165,-0.1127,,
1790738700095682164,516.800,map,"nav2_feedback of the target goal (map, AMCL-based estimate)",-4.6150,-0.9165,-0.1127,,
1790738700105773736,516.817,map,"nav2_feedback of the target goal (map, AMCL-based estimate)",-4.6082,-0.9172,-0.1100,,
1790738700115649788,516.817,map,"nav2_feedback of the target goal (map, AMCL-based estimate)",-4.6082,-0.9172,-0.1100,,
1790738700125773398,516.817,map,"nav2_feedback of the target goal (map, AMCL-based estimate)",-4.6082,-0.9172,-0.1100,,
1790738700135907085,516.817,map,"nav2_feedback of the target goal (map, AMCL-based estimate)",-4.6082,-0.9172,-0.1100,,
1790738700145483958,516.817,map,"nav2_feedback of the target goal (map, AMCL-based estimate)",-4.6082,-0.9172,-0.1100,,
1790738700155331395,516.817,map,"nav2_feedback of the target goal (map, AMCL-based estimate)",-4.6082,-0.9172,-0.1100,,
1790738700166235419,516.817,map,"nav2_feedback of the target goal (map, AMCL-based estimate)",-4.6082,-0.9172,-0.1100,,
1790738700175687278,516.817,map,"nav2_feedback of the target goal (map, AMCL-based estimate)",-4.6082,-0.9172,-0.1100,,
1790738700185776378,516.817,map,"nav2_feedback of the target goal (map, AMCL-based estimate)",-4.6082,-0.9172,-0.1100,,
1790738700195577707,516.833,map,"nav2_feedback of the target goal (map, AMCL-based estimate)",-4.6015,-0.9180,-0.1071,,
1790738700205592844,516.833,map,"nav2_feedback of the target goal (map, AMCL-based estimate)",-4.6015,-0.9180,-0.1071,,
1790738700215527268,516.833,map,"nav2_feedback of the target goal (map, AMCL-based estimate)",-4.6015,-0.9180,-0.1071,,
1790738700225912981,516.850,map,"nav2_feedback of the target goal (map, AMCL-based estimate)",-4.5952,-0.9186,-0.1043,,
1790738700236026228,516.850,map,"nav2_feedback of the target goal (map, AMCL-based estimate)",-4.5952,-0.9186,-0.1043,,
1790738700245634474,516.850,map,"nav2_feedback of the target goal (map, AMCL-based estimate)",-4.5952,-0.9186,-0.1043,,
1790738700255390740,516.850,map,"nav2_feedback of the target goal (map, AMCL-based estimate)",-4.5952,-0.9186,-0.1043,,
1790738700265359104,516.850,map,"nav2_feedback of the target goal (map, AMCL-based estimate)",-4.5952,-0.9186,-0.1043,,
1790738700275857092,516.850,map,"nav2_feedback of the target goal (map, AMCL-based estimate)",-4.5952,-0.9186,-0.1043,,
1790738700286156482,516.850,map,"nav2_feedback of the target goal (map, AMCL-based estimate)",-4.5952,-0.9186,-0.1043,,
1790738700295466975,516.867,map,"nav2_feedback of the target goal (map, AMCL-based estimate)",-4.5892,-0.9192,-0.1017,,
1790738700305501601,516.867,map,"nav2_feedback of the target goal (map, AMCL-based estimate)",-4.5892,-0.9192,-0.1017,,
1790738700315917925,516.867,map,"nav2_feedback of the target goal (map, AMCL-based estimate)",-4.5892,-0.9192,-0.1017,,
1790738700325800062,516.867,map,"nav2_feedback of the target goal (map, AMCL-based estimate)",-4.5892,-0.9192,-0.1017,,
1790738700335775271,516.883,map,"nav2_feedback of the target goal (map, AMCL-based estimate)",-4.5835,-0.9198,-0.0991,,
1790738700345407188,516.883,map,"nav2_feedback of the target goal (map, AMCL-based estimate)",-4.5835,-0.9198,-0.0991,,
1790738700355542206,516.883,map,"nav2_feedback of the target goal (map, AMCL-based estimate)",-4.5835,-0.9198,-0.0991,,
1790738700365490701,516.883,map,"nav2_feedback of the target goal (map, AMCL-based estimate)",-4.5835,-0.9198,-0.0991,,
1790738700375965777,516.883,map,"nav2_feedback of the target goal (map, AMCL-based estimate)",-4.5835,-0.9198,-0.0991,,
1790738700385859988,516.900,map,"nav2_feedback of the target goal (map, AMCL-based estimate)",-4.5778,-0.9203,-0.0965,,
1790738700395580984,516.900,map,"nav2_feedback of the target goal (map, AMCL-based estimate)",-4.5778,-0.9203,-0.0965,,
1790738700405726554,516.900,map,"nav2_feedback of the target goal (map, AMCL-based estimate)",-4.5778,-0.9203,-0.0965,,
1790738700416199635,516.900,map,"nav2_feedback of the target goal (map, AMCL-based estimate)",-4.5778,-0.9203,-0.0965,,
1790738700425395380,516.917,map,"nav2_feedback of the target goal (map, AMCL-based estimate)",-4.5799,-0.9315,-0.1000,,
1790738700435727664,516.917,map,"nav2_feedback of the target goal (map, AMCL-based estimate)",-4.5799,-0.9315,-0.1000,,
1790738700447536165,516.917,map,"nav2_feedback of the target goal (map, AMCL-based estimate)",-4.5799,-0.9315,-0.1000,,
1790738700455811176,516.917,map,"nav2_feedback of the target goal (map, AMCL-based estimate)",-4.5799,-0.9315,-0.1000,,
1790738700465686373,516.917,map,"nav2_feedback of the target goal (map, AMCL-based estimate)",-4.5799,-0.9315,-0.1000,,
1790738700475621843,516.933,map,"nav2_feedback of the target goal (map, AMCL-based estimate)",-4.5821,-0.9426,-0.1035,,
1790738700485715221,516.933,map,"nav2_feedback of the target goal (map, AMCL-based estimate)",-4.5821,-0.9426,-0.1035,,
1790738700495645558,516.933,map,"nav2_feedback of the target goal (map, AMCL-based estimate)",-4.5821,-0.9426,-0.1035,,
1790738700506046671,516.933,map,"nav2_feedback of the target goal (map, AMCL-based estimate)",-4.5821,-0.9426,-0.1035,,
1790738700515711958,516.950,map,"nav2_feedback of the target goal (map, AMCL-based estimate)",-4.5843,-0.9539,-0.1069,,
1790738700525636780,516.950,map,"nav2_feedback of the target goal (map, AMCL-based estimate)",-4.5843,-0.9539,-0.1069,,
1790738700535963645,516.950,map,"nav2_feedback of the target goal (map, AMCL-based estimate)",-4.5843,-0.9539,-0.1069,,
1790738700545744630,516.950,map,"nav2_feedback of the target goal (map, AMCL-based estimate)",-4.5843,-0.9539,-0.1069,,
1790738700555970913,516.950,map,"nav2_feedback of the target goal (map, AMCL-based estimate)",-4.5843,-0.9539,-0.1069,,
1790738700565553871,516.967,map,"nav2_feedback of the target goal (map, AMCL-based estimate)",-4.5864,-0.9652,-0.1105,,
1790738700575453215,516.967,map,"nav2_feedback of the target goal (map, AMCL-based estimate)",-4.5864,-0.9652,-0.1105,,
1790738700585669136,516.967,map,"nav2_feedback of the target goal (map, AMCL-based estimate)",-4.5864,-0.9652,-0.1105,,
1790738700596940598,516.983,map,"nav2_feedback of the target goal (map, AMCL-based estimate)",-4.5886,-0.9765,-0.1140,,
1790738700606015796,516.983,map,"nav2_feedback of the target goal (map, AMCL-based estimate)",-4.5886,-0.9765,-0.1140,,
1790738700615479158,516.983,map,"nav2_feedback of the target goal (map, AMCL-based estimate)",-4.5886,-0.9765,-0.1140,,
1790738700625797563,516.983,map,"nav2_feedback of the target goal (map, AMCL-based estimate)",-4.5886,-0.9765,-0.1140,,
1790738700635934672,516.983,map,"nav2_feedback of the target goal (map, AMCL-based estimate)",-4.5886,-0.9765,-0.1140,,
1790738700646076060,516.983,map,"nav2_feedback of the target goal (map, AMCL-based estimate)",-4.5886,-0.9765,-0.1140,,
1790738700655778042,517.000,map,"nav2_feedback of the target goal (map, AMCL-based estimate)",-4.5909,-0.9879,-0.1176,,
1790738700665880642,517.000,map,"nav2_feedback of the target goal (map, AMCL-based estimate)",-4.5909,-0.9879,-0.1176,,
1790738700675573023,517.000,map,"nav2_feedback of the target goal (map, AMCL-based estimate)",-4.5909,-0.9879,-0.1176,,
1790738700687675760,517.017,map,"nav2_feedback of the target goal (map, AMCL-based estimate)",-4.5851,-0.9886,-0.1151,,
1790738700695963320,517.017,map,"nav2_feedback of the target goal (map, AMCL-based estimate)",-4.5851,-0.9886,-0.1151,,
1790738700705532113,517.017,map,"nav2_feedback of the target goal (map, AMCL-based estimate)",-4.5851,-0.9886,-0.1151,,
1790738700715708105,517.017,map,"nav2_feedback of the target goal (map, AMCL-based estimate)",-4.5851,-0.9886,-0.1151,,
1790738700725391740,517.017,map,"nav2_feedback of the target goal (map, AMCL-based estimate)",-4.5851,-0.9886,-0.1151,,
1790738700737550567,517.017,map,"nav2_feedback of the target goal (map, AMCL-based estimate)",-4.5851,-0.9886,-0.1151,,
1790738700745553873,517.017,map,"nav2_feedback of the target goal (map, AMCL-based estimate)",-4.5851,-0.9886,-0.1151,,
1790738700755682521,517.033,map,"nav2_feedback of the target goal (map, AMCL-based estimate)",-4.5791,-0.9893,-0.1125,,
1790738700765350470,517.033,map,"nav2_feedback of the target goal (map, AMCL-based estimate)",-4.5791,-0.9893,-0.1125,,
1790738700775963775,517.033,map,"nav2_feedback of the target goal (map, AMCL-based estimate)",-4.5791,-0.9893,-0.1125,,
1790738700787155570,517.033,map,"nav2_feedback of the target goal (map, AMCL-based estimate)",-4.5791,-0.9893,-0.1125,,
1790738700795465756,517.050,map,"nav2_feedback of the target goal (map, AMCL-based estimate)",-4.5729,-0.9899,-0.1098,,
1790738700805563698,517.050,map,"nav2_feedback of the target goal (map, AMCL-based estimate)",-4.5729,-0.9899,-0.1098,,
1790738700815440986,517.050,map,"nav2_feedback of the target goal (map, AMCL-based estimate)",-4.5729,-0.9899,-0.1098,,
1790738700825844951,517.050,map,"nav2_feedback of the target goal (map, AMCL-based estimate)",-4.5729,-0.9899,-0.1098,,
1790738700835945745,517.050,map,"nav2_feedback of the target goal (map, AMCL-based estimate)",-4.5729,-0.9899,-0.1098,,
1790738700845652196,517.050,map,"nav2_feedback of the target goal (map, AMCL-based estimate)",-4.5729,-0.9899,-0.1098,,
1790738700855592705,517.067,map,"nav2_feedback of the target goal (map, AMCL-based estimate)",-4.5666,-0.9906,-0.1071,,
1790738700865418561,517.067,map,"nav2_feedback of the target goal (map, AMCL-based estimate)",-4.5666,-0.9906,-0.1071,,
1790738700875495683,517.067,map,"nav2_feedback of the target goal (map, AMCL-based estimate)",-4.5666,-0.9906,-0.1071,,
1790738700886015916,517.083,map,"nav2_feedback of the target goal (map, AMCL-based estimate)",-4.5606,-0.9912,-0.1045,,
1790738700895718089,517.083,map,"nav2_feedback of the target goal (map, AMCL-based estimate)",-4.5606,-0.9912,-0.1045,,
1790738700905431861,517.083,map,"nav2_feedback of the target goal (map, AMCL-based estimate)",-4.5606,-0.9912,-0.1045,,
1790738700916073211,517.083,map,"nav2_feedback of the target goal (map, AMCL-based estimate)",-4.5606,-0.9912,-0.1045,,
1790738700926959647,517.083,map,"nav2_feedback of the target goal (map, AMCL-based estimate)",-4.5606,-0.9912,-0.1045,,
1790738700936135143,517.083,map,"nav2_feedback of the target goal (map, AMCL-based estimate)",-4.5606,-0.9912,-0.1045,,
1790738700945456283,517.100,map,"nav2_feedback of the target goal (map, AMCL-based estimate)",-4.5549,-0.9918,-0.1019,,
1790738700955715460,517.100,map,"nav2_feedback of the target goal (map, AMCL-based estimate)",-4.5549,-0.9918,-0.1019,,
1790738700965432083,517.100,map,"nav2_feedback of the target goal (map, AMCL-based estimate)",-4.5549,-0.9918,-0.1019,,
1790738700975470417,517.117,map,"nav2_feedback of the target goal (map, AMCL-based estimate)",-4.5494,-0.9924,-0.0995,,
1790738700985953764,517.117,map,"nav2_feedback of the target goal (map, AMCL-based estimate)",-4.5494,-0.9924,-0.0995,,
1790738700995774107,517.117,map,"nav2_feedback of the target goal (map, AMCL-based estimate)",-4.5494,-0.9924,-0.0995,,
1790738701005583422,517.117,map,"nav2_feedback of the target goal (map, AMCL-based estimate)",-4.5494,-0.9924,-0.0995,,
1790738701016776357,517.117,map,"nav2_feedback of the target goal (map, AMCL-based estimate)",-4.5494,-0.9924,-0.0995,,
1790738701025804307,517.117,map,"nav2_feedback of the target goal (map, AMCL-based estimate)",-4.5494,-0.9924,-0.0995,,
1790738701035937044,517.133,map,"nav2_feedback of the target goal (map, AMCL-based estimate)",-4.5439,-0.9929,-0.0970,,
1790738701045563447,517.133,map,"nav2_feedback of the target goal (map, AMCL-based estimate)",-4.5439,-0.9929,-0.0970,,
1790738701055442067,517.133,map,"nav2_feedback of the target goal (map, AMCL-based estimate)",-4.5439,-0.9929,-0.0970,,
1790738701065521945,517.133,map,"nav2_feedback of the target goal (map, AMCL-based estimate)",-4.5439,-0.9929,-0.0970,,
1790738701075911840,517.150,map,"nav2_feedback of the target goal (map, AMCL-based estimate)",-4.5383,-0.9934,-0.0945,,
1790738701085854916,517.150,map,"nav2_feedback of the target goal (map, AMCL-based estimate)",-4.5383,-0.9934,-0.0945,,
1790738701095781830,517.150,map,"nav2_feedback of the target goal (map, AMCL-based estimate)",-4.5383,-0.9934,-0.0945,,
1790738701105626700,517.150,map,"nav2_feedback of the target goal (map, AMCL-based estimate)",-4.5383,-0.9934,-0.0945,,
1790738701115977047,517.150,map,"nav2_feedback of the target goal (map, AMCL-based estimate)",-4.5383,-0.9934,-0.0945,,
1790738701126011958,517.167,map,"nav2_feedback of the target goal (map, AMCL-based estimate)",-4.5327,-0.9939,-0.0920,,
1790738701136134522,517.167,map,"nav2_feedback of the target goal (map, AMCL-based estimate)",-4.5327,-0.9939,-0.0920,,
1790738701145736208,517.167,map,"nav2_feedback of the target goal (map, AMCL-based estimate)",-4.5327,-0.9939,-0.0920,,
1790738701155732997,517.167,map,"nav2_feedback of the target goal (map, AMCL-based estimate)",-4.5327,-0.9939,-0.0920,,
1790738701165456846,517.183,map,"nav2_feedback of the target goal (map, AMCL-based estimate)",-4.5271,-0.9944,-0.0895,,
1790738701176070627,517.183,map,"nav2_feedback of the target goal (map, AMCL-based estimate)",-4.5271,-0.9944,-0.0895,,
1790738701186063423,517.183,map,"nav2_feedback of the target goal (map, AMCL-based estimate)",-4.5271,-0.9944,-0.0895,,
1790738701196010206,517.183,map,"nav2_feedback of the target goal (map, AMCL-based estimate)",-4.5271,-0.9944,-0.0895,,
1790738701205632712,517.183,map,"nav2_feedback of the target goal (map, AMCL-based estimate)",-4.5271,-0.9944,-0.0895,,
1790738701215947694,517.183,map,"nav2_feedback of the target goal (map, AMCL-based estimate)",-4.5271,-0.9944,-0.0895,,
1790738701225665933,517.200,map,"nav2_feedback of the target goal (map, AMCL-based estimate)",-4.5215,-0.9949,-0.0870,,
1790738701236261461,517.200,map,"nav2_feedback of the target goal (map, AMCL-based estimate)",-4.5215,-0.9949,-0.0870,,
1790738701245487913,517.200,map,"nav2_feedback of the target goal (map, AMCL-based estimate)",-4.5215,-0.9949,-0.0870,,
1790738701255417489,517.217,map,"nav2_feedback of the target goal (map, AMCL-based estimate)",-4.5160,-0.9954,-0.0845,,
1790738701268011348,517.217,map,"nav2_feedback of the target goal (map, AMCL-based estimate)",-4.5160,-0.9954,-0.0845,,
1790738701275349748,517.217,map,"nav2_feedback of the target goal (map, AMCL-based estimate)",-4.5160,-0.9954,-0.0845,,
1790738701285771871,517.217,map,"nav2_feedback of the target goal (map, AMCL-based estimate)",-4.5160,-0.9954,-0.0845,,
1790738701295959462,517.217,map,"nav2_feedback of the target goal (map, AMCL-based estimate)",-4.5160,-0.9954,-0.0845,,
1790738701305413507,517.217,map,"nav2_feedback of the target goal (map, AMCL-based estimate)",-4.5160,-0.9954,-0.0845,,
1790738701315662607,517.233,map,"nav2_feedback of the target goal (map, AMCL-based estimate)",-4.5104,-0.9958,-0.0820,,
1790738701326013239,517.233,map,"nav2_feedback of the target goal (map, AMCL-based estimate)",-4.5104,-0.9958,-0.0820,,
1790738701336100438,517.233,map,"nav2_feedback of the target goal (map, AMCL-based estimate)",-4.5104,-0.9958,-0.0820,,
1790738701345894066,517.250,map,"nav2_feedback of the target goal (map, AMCL-based estimate)",-4.5050,-0.9962,-0.0796,,
1790738701355519805,517.250,map,"nav2_feedback of the target goal (map, AMCL-based estimate)",-4.5050,-0.9962,-0.0796,,
1790738701365889926,517.250,map,"nav2_feedback of the target goal (map, AMCL-based estimate)",-4.5050,-0.9962,-0.0796,,
1790738701375539146,517.250,map,"nav2_feedback of the target goal (map, AMCL-based estimate)",-4.5050,-0.9962,-0.0796,,
1790738701386142564,517.250,map,"nav2_feedback of the target goal (map, AMCL-based estimate)",-4.5050,-0.9962,-0.0796,,
1790738701395585772,517.250,map,"nav2_feedback of the target goal (map, AMCL-based estimate)",-4.5050,-0.9962,-0.0796,,
1790738701405389477,517.267,map,"nav2_feedback of the target goal (map, AMCL-based estimate)",-4.5000,-0.9966,-0.0772,,
1790738701415647989,517.267,map,"nav2_feedback of the target goal (map, AMCL-based estimate)",-4.5000,-0.9966,-0.0772,,
1790738701425535449,517.267,map,"nav2_feedback of the target goal (map, AMCL-based estimate)",-4.5000,-0.9966,-0.0772,,
1790738701435800330,517.267,map,"nav2_feedback of the target goal (map, AMCL-based estimate)",-4.5000,-0.9966,-0.0772,,
1790738701445828016,517.267,map,"nav2_feedback of the target goal (map, AMCL-based estimate)",-4.5000,-0.9966,-0.0772,,
1790738701455692280,517.283,map,"nav2_feedback of the target goal (map, AMCL-based estimate)",-4.4955,-0.9970,-0.0750,,
1790738701465922271,517.283,map,"nav2_feedback of the target goal (map, AMCL-based estimate)",-4.4955,-0.9970,-0.0750,,
1790738701475782067,517.283,map,"nav2_feedback of the target goal (map, AMCL-based estimate)",-4.4955,-0.9970,-0.0750,,
1790738701486054839,517.283,map,"nav2_feedback of the target goal (map, AMCL-based estimate)",-4.4955,-0.9970,-0.0750,,
1790738701495652722,517.300,map,"nav2_feedback of the target goal (map, AMCL-based estimate)",-4.4911,-0.9973,-0.0729,,
1790738701505943747,517.300,map,"nav2_feedback of the target goal (map, AMCL-based estimate)",-4.4911,-0.9973,-0.0729,,
1790738701515975996,517.300,map,"nav2_feedback of the target goal (map, AMCL-based estimate)",-4.4911,-0.9973,-0.0729,,
1790738701525790349,517.300,map,"nav2_feedback of the target goal (map, AMCL-based estimate)",-4.4911,-0.9973,-0.0729,,
1790738701535865284,517.317,map,"nav2_feedback of the target goal (map, AMCL-based estimate)",-4.4869,-0.9976,-0.0708,,
1790738701545567362,517.317,map,"nav2_feedback of the target goal (map, AMCL-based estimate)",-4.4869,-0.9976,-0.0708,,
1790738701555609023,517.317,map,"nav2_feedback of the target goal (map, AMCL-based estimate)",-4.4869,-0.9976,-0.0708,,
1790738701565743851,517.317,map,"nav2_feedback of the target goal (map, AMCL-based estimate)",-4.4869,-0.9976,-0.0708,,
1790738701575483766,517.317,map,"nav2_feedback of the target goal (map, AMCL-based estimate)",-4.4869,-0.9976,-0.0708,,
1790738701586405853,517.317,map,"nav2_feedback of the target goal (map, AMCL-based estimate)",-4.4869,-0.9976,-0.0708,,
1790738701596007158,517.333,map,"nav2_feedback of the target goal (map, AMCL-based estimate)",-4.4824,-0.9979,-0.0687,,
1790738701605358625,517.333,map,"nav2_feedback of the target goal (map, AMCL-based estimate)",-4.4824,-0.9979,-0.0687,,
1790738701616015472,517.333,map,"nav2_feedback of the target goal (map, AMCL-based estimate)",-4.4824,-0.9979,-0.0687,,
1790738701625986973,517.333,map,"nav2_feedback of the target goal (map, AMCL-based estimate)",-4.4824,-0.9979,-0.0687,,
1790738701635835075,517.350,map,"nav2_feedback of the target goal (map, AMCL-based estimate)",-4.4777,-0.9982,-0.0666,,
1790738701645466422,517.350,map,"nav2_feedback of the target goal (map, AMCL-based estimate)",-4.4777,-0.9982,-0.0666,,
1790738701655383544,517.350,map,"nav2_feedback of the target goal (map, AMCL-based estimate)",-4.4777,-0.9982,-0.0666,,
1790738701665468176,517.350,map,"nav2_feedback of the target goal (map, AMCL-based estimate)",-4.4777,-0.9982,-0.0666,,
1790738701676231024,517.350,map,"nav2_feedback of the target goal (map, AMCL-based estimate)",-4.4777,-0.9982,-0.0666,,
1790738701686146149,517.367,map,"nav2_feedback of the target goal (map, AMCL-based estimate)",-4.4729,-0.9985,-0.0643,,
1790738701695781679,517.367,map,"nav2_feedback of the target goal (map, AMCL-based estimate)",-4.4729,-0.9985,-0.0643,,
1790738701705596888,517.367,map,"nav2_feedback of the target goal (map, AMCL-based estimate)",-4.4729,-0.9985,-0.0643,,
1790738701715729244,517.383,map,"nav2_feedback of the target goal (map, AMCL-based estimate)",-4.4680,-0.9988,-0.0620,,
1790738701725691524,517.383,map,"nav2_feedback of the target goal (map, AMCL-based estimate)",-4.4680,-0.9988,-0.0620,,
1790738701735951746,517.383,map,"nav2_feedback of the target goal (map, AMCL-based estimate)",-4.4680,-0.9988,-0.0620,,
1790738701745675214,517.383,map,"nav2_feedback of the target goal (map, AMCL-based estimate)",-4.4680,-0.9988,-0.0620,,
1790738701755606596,517.383,map,"nav2_feedback of the target goal (map, AMCL-based estimate)",-4.4680,-0.9988,-0.0620,,
1790738701766066367,517.383,map,"nav2_feedback of the target goal (map, AMCL-based estimate)",-4.4680,-0.9988,-0.0620,,
1790738701775475160,517.400,map,"nav2_feedback of the target goal (map, AMCL-based estimate)",-4.4631,-0.9991,-0.0597,,
1790738701786581583,517.400,map,"nav2_feedback of the target goal (map, AMCL-based estimate)",-4.4631,-0.9991,-0.0597,,
1790738701795514465,517.400,map,"nav2_feedback of the target goal (map, AMCL-based estimate)",-4.4631,-0.9991,-0.0597,,
1790738701806157147,517.400,map,"nav2_feedback of the target goal (map, AMCL-based estimate)",-4.4631,-0.9991,-0.0597,,
1790738701815819201,517.417,map,"nav2_feedback of the target goal (map, AMCL-based estimate)",-4.4582,-0.9994,-0.0574,,
1790738701825783572,517.417,map,"nav2_feedback of the target goal (map, AMCL-based estimate)",-4.4582,-0.9994,-0.0574,,
1790738701835896534,517.417,map,"nav2_feedback of the target goal (map, AMCL-based estimate)",-4.4582,-0.9994,-0.0574,,
1790738701845451066,517.417,map,"nav2_feedback of the target goal (map, AMCL-based estimate)",-4.4582,-0.9994,-0.0574,,
1790738701855694462,517.417,map,"nav2_feedback of the target goal (map, AMCL-based estimate)",-4.4582,-0.9994,-0.0574,,
1790738701865506153,517.433,map,"nav2_feedback of the target goal (map, AMCL-based estimate)",-4.4533,-0.9996,-0.0550,,
1790738701875703726,517.433,map,"nav2_feedback of the target goal (map, AMCL-based estimate)",-4.4533,-0.9996,-0.0550,,
1790738701886098755,517.433,map,"nav2_feedback of the target goal (map, AMCL-based estimate)",-4.4533,-0.9996,-0.0550,,
1790738701895781724,517.433,map,"nav2_feedback of the target goal (map, AMCL-based estimate)",-4.4533,-0.9996,-0.0550,,
1790738701905649411,517.450,map,"nav2_feedback of the target goal (map, AMCL-based estimate)",-4.4484,-0.9999,-0.0526,,
1790738701915615017,517.450,map,"nav2_feedback of the target goal (map, AMCL-based estimate)",-4.4484,-0.9999,-0.0526,,
1790738701928553498,517.450,map,"nav2_feedback of the target goal (map, AMCL-based estimate)",-4.4484,-0.9999,-0.0526,,
1790738701935795214,517.450,map,"nav2_feedback of the target goal (map, AMCL-based estimate)",-4.4484,-0.9999,-0.0526,,
1790738701945642746,517.450,map,"nav2_feedback of the target goal (map, AMCL-based estimate)",-4.4484,-0.9999,-0.0526,,
1790738701955591050,517.467,map,"nav2_feedback of the target goal (map, AMCL-based estimate)",-4.4435,-1.0001,-0.0504,,
1790738701965450085,517.467,map,"nav2_feedback of the target goal (map, AMCL-based estimate)",-4.4435,-1.0001,-0.0504,,
1790738701975542608,517.467,map,"nav2_feedback of the target goal (map, AMCL-based estimate)",-4.4435,-1.0001,-0.0504,,
1790738701986763779,517.467,map,"nav2_feedback of the target goal (map, AMCL-based estimate)",-4.4435,-1.0001,-0.0504,,
1790738701995670802,517.483,map,"nav2_feedback of the target goal (map, AMCL-based estimate)",-4.4386,-1.0003,-0.0480,,
1790738702005400260,517.483,map,"nav2_feedback of the target goal (map, AMCL-based estimate)",-4.4386,-1.0003,-0.0480,,
1790738702015403228,517.483,map,"nav2_feedback of the target goal (map, AMCL-based estimate)",-4.4386,-1.0003,-0.0480,,
1790738702025734086,517.483,map,"nav2_feedback of the target goal (map, AMCL-based estimate)",-4.4386,-1.0003,-0.0480,,
1790738702036757991,517.483,map,"nav2_feedback of the target goal (map, AMCL-based estimate)",-4.4386,-1.0003,-0.0480,,
1790738702045519560,517.500,map,"nav2_feedback of the target goal (map, AMCL-based estimate)",-4.4337,-1.0006,-0.0457,,
1790738702055726545,517.500,map,"nav2_feedback of the target goal (map, AMCL-based estimate)",-4.4337,-1.0006,-0.0457,,
1790738702068232356,517.500,map,"nav2_feedback of the target goal (map, AMCL-based estimate)",-4.4337,-1.0006,-0.0457,,
1790738702075551952,517.500,map,"nav2_feedback of the target goal (map, AMCL-based estimate)",-4.4337,-1.0006,-0.0457,,
1790738702085643767,517.517,map,"nav2_feedback of the target goal (map, AMCL-based estimate)",-4.4290,-1.0008,-0.0434,,
1790738702095490360,517.517,map,"nav2_feedback of the target goal (map, AMCL-based estimate)",-4.4290,-1.0008,-0.0434,,
1790738702105645812,517.517,map,"nav2_feedback of the target goal (map, AMCL-based estimate)",-4.4290,-1.0008,-0.0434,,
1790738702115646501,517.517,map,"nav2_feedback of the target goal (map, AMCL-based estimate)",-4.4290,-1.0008,-0.0434,,
1790738702125754678,517.517,map,"nav2_feedback of the target goal (map, AMCL-based estimate)",-4.4290,-1.0008,-0.0434,,
1790738702136223364,517.517,map,"nav2_feedback of the target goal (map, AMCL-based estimate)",-4.4290,-1.0008,-0.0434,,
1790738702145834151,517.517,map,"nav2_feedback of the target goal (map, AMCL-based estimate)",-4.4290,-1.0008,-0.0434,,
1790738702155688448,517.533,map,"nav2_feedback of the target goal (map, AMCL-based estimate)",-4.4247,-1.0009,-0.0411,,
1790738702165471309,517.533,map,"nav2_feedback of the target goal (map, AMCL-based estimate)",-4.4247,-1.0009,-0.0411,,
1790738702175498728,517.533,map,"nav2_feedback of the target goal (map, AMCL-based estimate)",-4.4247,-1.0009,-0.0411,,
1790738702186237179,517.533,map,"nav2_feedback of the target goal (map, AMCL-based estimate)",-4.4247,-1.0009,-0.0411,,
1790738702195732773,517.550,map,"nav2_feedback of the target goal (map, AMCL-based estimate)",-4.4209,-1.0011,-0.0391,,
1790738702205410430,517.550,map,"nav2_feedback of the target goal (map, AMCL-based estimate)",-4.4209,-1.0011,-0.0391,,
1790738702217272076,517.550,map,"nav2_feedback of the target goal (map, AMCL-based estimate)",-4.4209,-1.0011,-0.0391,,
1790738702225445957,517.550,map,"nav2_feedback of the target goal (map, AMCL-based estimate)",-4.4209,-1.0011,-0.0391,,
1790738702236577546,517.550,map,"nav2_feedback of the target goal (map, AMCL-based estimate)",-4.4209,-1.0011,-0.0391,,
1790738702245473589,517.567,map,"nav2_feedback of the target goal (map, AMCL-based estimate)",-4.4172,-1.0012,-0.0372,,
1790738702255888342,517.567,map,"nav2_feedback of the target goal (map, AMCL-based estimate)",-4.4172,-1.0012,-0.0372,,
1790738702267447787,517.567,map,"nav2_feedback of the target goal (map, AMCL-based estimate)",-4.4172,-1.0012,-0.0372,,
1790738702275779856,517.567,map,"nav2_feedback of the target goal (map, AMCL-based estimate)",-4.4172,-1.0012,-0.0372,,
1790738702285763613,517.583,map,"nav2_feedback of the target goal (map, AMCL-based estimate)",-4.4134,-1.0013,-0.0354,,
1790738702295524691,517.583,map,"nav2_feedback of the target goal (map, AMCL-based estimate)",-4.4134,-1.0013,-0.0354,,
1790738702307884298,517.583,map,"nav2_feedback of the target goal (map, AMCL-based estimate)",-4.4134,-1.0013,-0.0354,,
1790738702315703091,517.583,map,"nav2_feedback of the target goal (map, AMCL-based estimate)",-4.4134,-1.0013,-0.0354,,
1790738702325561859,517.583,map,"nav2_feedback of the target goal (map, AMCL-based estimate)",-4.4134,-1.0013,-0.0354,,
1790738702335985553,517.600,map,"nav2_feedback of the target goal (map, AMCL-based estimate)",-4.4094,-1.0015,-0.0337,,
1790738702345513584,517.600,map,"nav2_feedback of the target goal (map, AMCL-based estimate)",-4.4094,-1.0015,-0.0337,,
1790738702355641261,517.600,map,"nav2_feedback of the target goal (map, AMCL-based estimate)",-4.4094,-1.0015,-0.0337,,
1790738702365504690,517.617,map,"nav2_feedback of the target goal (map, AMCL-based estimate)",-4.4053,-1.0016,-0.0319,,
1790738702375962913,517.617,map,"nav2_feedback of the target goal (map, AMCL-based estimate)",-4.4053,-1.0016,-0.0319,,
1790738702385946576,517.617,map,"nav2_feedback of the target goal (map, AMCL-based estimate)",-4.4053,-1.0016,-0.0319,,
1790738702395527113,517.617,map,"nav2_feedback of the target goal (map, AMCL-based estimate)",-4.4053,-1.0016,-0.0319,,
1790738702408256647,517.617,map,"nav2_feedback of the target goal (map, AMCL-based estimate)",-4.4053,-1.0016,-0.0319,,
1790738702415603162,517.617,map,"nav2_feedback of the target goal (map, AMCL-based estimate)",-4.4053,-1.0016,-0.0319,,
1790738702425825294,517.617,map,"nav2_feedback of the target goal (map, AMCL-based estimate)",-4.4053,-1.0016,-0.0319,,
1790738702436339164,517.633,map,"nav2_feedback of the target goal (map, AMCL-based estimate)",-4.4011,-1.0017,-0.0302,,
1790738702445416699,517.633,map,"nav2_feedback of the target goal (map, AMCL-based estimate)",-4.4011,-1.0017,-0.0302,,
1790738702458100575,517.633,map,"nav2_feedback of the target goal (map, AMCL-based estimate)",-4.4011,-1.0017,-0.0302,,
1790738702465413797,517.633,map,"nav2_feedback of the target goal (map, AMCL-based estimate)",-4.4011,-1.0017,-0.0302,,
1790738702475797541,517.650,map,"nav2_feedback of the target goal (map, AMCL-based estimate)",-4.3970,-1.0018,-0.0284,,
1790738702486325108,517.650,map,"nav2_feedback of the target goal (map, AMCL-based estimate)",-4.3970,-1.0018,-0.0284,,
1790738702495489204,517.650,map,"nav2_feedback of the target goal (map, AMCL-based estimate)",-4.3970,-1.0018,-0.0284,,
1790738702505337794,517.650,map,"nav2_feedback of the target goal (map, AMCL-based estimate)",-4.3970,-1.0018,-0.0284,,
1790738702515838727,517.650,map,"nav2_feedback of the target goal (map, AMCL-based estimate)",-4.3970,-1.0018,-0.0284,,
1790738702525401097,517.650,map,"nav2_feedback of the target goal (map, AMCL-based estimate)",-4.3970,-1.0018,-0.0284,,
1790738702535727577,517.650,map,"nav2_feedback of the target goal (map, AMCL-based estimate)",-4.3970,-1.0018,-0.0284,,
1790738702545616023,517.650,map,"nav2_feedback of the target goal (map, AMCL-based estimate)",-4.3970,-1.0018,-0.0284,,
1790738702555710692,517.667,map,"nav2_feedback of the target goal (map, AMCL-based estimate)",-4.3928,-1.0020,-0.0266,,
1790738702565850259,517.667,map,"nav2_feedback of the target goal (map, AMCL-based estimate)",-4.3928,-1.0020,-0.0266,,
1790738702575507179,517.667,map,"nav2_feedback of the target goal (map, AMCL-based estimate)",-4.3928,-1.0020,-0.0266,,
1790738702585911849,517.667,map,"nav2_feedback of the target goal (map, AMCL-based estimate)",-4.3928,-1.0020,-0.0266,,
1790738702597463208,517.683,map,"nav2_feedback of the target goal (map, AMCL-based estimate)",-4.3886,-1.0021,-0.0249,,
1790738702605512386,517.683,map,"nav2_feedback of the target goal (map, AMCL-based estimate)",-4.3886,-1.0021,-0.0249,,
1790738702615833729,517.683,map,"nav2_feedback of the target goal (map, AMCL-based estimate)",-4.3886,-1.0021,-0.0249,,
1790738702625464777,517.683,map,"nav2_feedback of the target goal (map, AMCL-based estimate)",-4.3886,-1.0021,-0.0249,,
1790738702635774991,517.683,map,"nav2_feedback of the target goal (map, AMCL-based estimate)",-4.3886,-1.0021,-0.0249,,
1790738702645520565,517.683,map,"nav2_feedback of the target goal (map, AMCL-based estimate)",-4.3886,-1.0021,-0.0249,,
1790738702655907257,517.700,map,"nav2_feedback of the target goal (map, AMCL-based estimate)",-4.3844,-1.0022,-0.0232,,
1790738702665702959,517.700,map,"nav2_feedback of the target goal (map, AMCL-based estimate)",-4.3844,-1.0022,-0.0232,,
1790738702675544891,517.700,map,"nav2_feedback of the target goal (map, AMCL-based estimate)",-4.3844,-1.0022,-0.0232,,
1790738702686130862,517.717,map,"nav2_feedback of the target goal (map, AMCL-based estimate)",-4.3802,-1.0022,-0.0215,,
1790738702695537899,517.717,map,"nav2_feedback of the target goal (map, AMCL-based estimate)",-4.3802,-1.0022,-0.0215,,
1790738702705963591,517.717,map,"nav2_feedback of the target goal (map, AMCL-based estimate)",-4.3802,-1.0022,-0.0215,,
1790738702715687286,517.717,map,"nav2_feedback of the target goal (map, AMCL-based estimate)",-4.3802,-1.0022,-0.0215,,
1790738702725400899,517.717,map,"nav2_feedback of the target goal (map, AMCL-based estimate)",-4.3802,-1.0022,-0.0215,,
1790738702737293649,517.717,map,"nav2_feedback of the target goal (map, AMCL-based estimate)",-4.3802,-1.0022,-0.0215,,
1790738702745925065,517.733,map,"nav2_feedback of the target goal (map, AMCL-based estimate)",-4.3760,-1.0023,-0.0198,,
1790738702755487244,517.733,map,"nav2_feedback of the target goal (map, AMCL-based estimate)",-4.3760,-1.0023,-0.0198,,
1790738702765396522,517.733,map,"nav2_feedback of the target goal (map, AMCL-based estimate)",-4.3760,-1.0023,-0.0198,,
1790738702775373526,517.750,map,"nav2_feedback of the target goal (map, AMCL-based estimate)",-4.3718,-1.0024,-0.0181,,
1790738702786540785,517.750,map,"nav2_feedback of the target goal (map, AMCL-based estimate)",-4.3718,-1.0024,-0.0181,,
1790738702795710493,517.750,map,"nav2_feedback of the target goal (map, AMCL-based estimate)",-4.3718,-1.0024,-0.0181,,
1790738702805876598,517.750,map,"nav2_feedback of the target goal (map, AMCL-based estimate)",-4.3718,-1.0024,-0.0181,,
1790738702815655274,517.750,map,"nav2_feedback of the target goal (map, AMCL-based estimate)",-4.3718,-1.0024,-0.0181,,
1790738702827856408,517.767,map,"nav2_feedback of the target goal (map, AMCL-based estimate)",-4.3676,-1.0025,-0.0164,,
1790738702835633063,517.767,map,"nav2_feedback of the target goal (map, AMCL-based estimate)",-4.3676,-1.0025,-0.0164,,
1790738702845891816,517.767,map,"nav2_feedback of the target goal (map, AMCL-based estimate)",-4.3676,-1.0025,-0.0164,,
1790738702855717577,517.767,map,"nav2_feedback of the target goal (map, AMCL-based estimate)",-4.3676,-1.0025,-0.0164,,
1790738702865512899,517.767,map,"nav2_feedback of the target goal (map, AMCL-based estimate)",-4.3676,-1.0025,-0.0164,,
1790738702875717244,517.783,map,"nav2_feedback of the target goal (map, AMCL-based estimate)",-4.3636,-1.0025,-0.0149,,
1790738702885710513,517.783,map,"nav2_feedback of the target goal (map, AMCL-based estimate)",-4.3636,-1.0025,-0.0149,,
1790738702895519533,517.783,map,"nav2_feedback of the target goal (map, AMCL-based estimate)",-4.3636,-1.0025,-0.0149,,
1790738702905973286,517.783,map,"nav2_feedback of the target goal (map, AMCL-based estimate)",-4.3636,-1.0025,-0.0149,,
1790738702915578080,517.800,map,"nav2_feedback of the target goal (map, AMCL-based estimate)",-4.3599,-1.0026,-0.0135,,
1790738702926135420,517.800,map,"nav2_feedback of the target goal (map, AMCL-based estimate)",-4.3599,-1.0026,-0.0135,,
1790738702935819069,517.800,map,"nav2_feedback of the target goal (map, AMCL-based estimate)",-4.3599,-1.0026,-0.0135,,
1790738702945456870,517.817,map,"nav2_feedback of the target goal (map, AMCL-based estimate)",-4.3563,-1.0026,-0.0123,,
1790738702957415064,517.817,map,"nav2_feedback of the target goal (map, AMCL-based estimate)",-4.3563,-1.0026,-0.0123,,
1790738702965589040,517.817,map,"nav2_feedback of the target goal (map, AMCL-based estimate)",-4.3563,-1.0026,-0.0123,,
1790738702975743161,517.817,map,"nav2_feedback of the target goal (map, AMCL-based estimate)",-4.3563,-1.0026,-0.0123,,
1790738702986043482,517.817,map,"nav2_feedback of the target goal (map, AMCL-based estimate)",-4.3563,-1.0026,-0.0123,,
1790738702995764229,517.817,map,"nav2_feedback of the target goal (map, AMCL-based estimate)",-4.3563,-1.0026,-0.0123,,
1790738703008369724,517.833,map,"nav2_feedback of the target goal (map, AMCL-based estimate)",-4.3527,-1.0027,-0.0110,,
1790738703015745537,517.833,map,"nav2_feedback of the target goal (map, AMCL-based estimate)",-4.3527,-1.0027,-0.0110,,
1790738703025447926,517.833,map,"nav2_feedback of the target goal (map, AMCL-based estimate)",-4.3527,-1.0027,-0.0110,,
1790738703036181335,517.833,map,"nav2_feedback of the target goal (map, AMCL-based estimate)",-4.3527,-1.0027,-0.0110,,
1790738703045808007,517.850,map,"nav2_feedback of the target goal (map, AMCL-based estimate)",-4.3492,-1.0027,-0.0098,,
1790738703055647656,517.850,map,"nav2_feedback of the target goal (map, AMCL-based estimate)",-4.3492,-1.0027,-0.0098,,
1790738703066352054,517.850,map,"nav2_feedback of the target goal (map, AMCL-based estimate)",-4.3492,-1.0027,-0.0098,,
1790738703075799136,517.850,map,"nav2_feedback of the target goal (map, AMCL-based estimate)",-4.3492,-1.0027,-0.0098,,
1790738703086128280,517.850,map,"nav2_feedback of the target goal (map, AMCL-based estimate)",-4.3492,-1.0027,-0.0098,,
1790738703095600284,517.850,map,"nav2_feedback of the target goal (map, AMCL-based estimate)",-4.3492,-1.0027,-0.0098,,
1790738703105444118,517.850,map,"nav2_feedback of the target goal (map, AMCL-based estimate)",-4.3492,-1.0027,-0.0098,,
1790738703116017914,517.850,map,"nav2_feedback of the target goal (map, AMCL-based estimate)",-4.3492,-1.0027,-0.0098,,
1790738703125509418,517.867,map,"nav2_feedback of the target goal (map, AMCL-based estimate)",-4.3457,-1.0027,-0.0087,,
1790738703136299425,517.867,map,"nav2_feedback of the target goal (map, AMCL-based estimate)",-4.3457,-1.0027,-0.0087,,
1790738703145771429,517.867,map,"nav2_feedback of the target goal (map, AMCL-based estimate)",-4.3457,-1.0027,-0.0087,,
1790738703155648936,517.883,map,"nav2_feedback of the target goal (map, AMCL-based estimate)",-4.3422,-1.0027,-0.0075,,
1790738703165785649,517.883,map,"nav2_feedback of the target goal (map, AMCL-based estimate)",-4.3422,-1.0027,-0.0075,,
1790738703175373892,517.883,map,"nav2_feedback of the target goal (map, AMCL-based estimate)",-4.3422,-1.0027,-0.0075,,
1790738703185772474,517.883,map,"nav2_feedback of the target goal (map, AMCL-based estimate)",-4.3422,-1.0027,-0.0075,,
1790738703195483043,517.883,map,"nav2_feedback of the target goal (map, AMCL-based estimate)",-4.3422,-1.0027,-0.0075,,
1790738703205626129,517.883,map,"nav2_feedback of the target goal (map, AMCL-based estimate)",-4.3422,-1.0027,-0.0075,,
1790738703898896130,517.883,map,"nav2_feedback of the target goal (map, AMCL-based estimate)",-4.3422,-1.0027,-0.0075,,
1790738703908324474,517.900,map,"nav2_feedback of the target goal (map, AMCL-based estimate)",-4.3387,-1.0028,-0.0064,,
1790738703920221980,517.900,map,"nav2_feedback of the target goal (map, AMCL-based estimate)",-4.3387,-1.0028,-0.0064,,
1790738703928596378,517.900,map,"nav2_feedback of the target goal (map, AMCL-based estimate)",-4.3387,-1.0028,-0.0064,,
1790738703938566343,517.900,map,"nav2_feedback of the target goal (map, AMCL-based estimate)",-4.3387,-1.0028,-0.0064,,
1790738703948346065,517.917,map,"nav2_feedback of the target goal (map, AMCL-based estimate)",-4.3352,-1.0028,-0.0052,,
1790738703959863656,517.917,map,"nav2_feedback of the target goal (map, AMCL-based estimate)",-4.3352,-1.0028,-0.0052,,
1790738703968943094,517.917,map,"nav2_feedback of the target goal (map, AMCL-based estimate)",-4.3352,-1.0028,-0.0052,,
1790738703978587839,517.917,map,"nav2_feedback of the target goal (map, AMCL-based estimate)",-4.3352,-1.0028,-0.0052,,
1790738704855608690,517.917,map,"nav2_feedback of the target goal (map, AMCL-based estimate)",-4.3352,-1.0028,-0.0052,,
1790738704864562377,517.933,map,"nav2_feedback of the target goal (map, AMCL-based estimate)",-4.3317,-1.0028,-0.0041,,
1790738704874991208,517.933,map,"nav2_feedback of the target goal (map, AMCL-based estimate)",-4.3317,-1.0028,-0.0041,,
1790738704885211628,517.933,map,"nav2_feedback of the target goal (map, AMCL-based estimate)",-4.3317,-1.0028,-0.0041,,
1790738704894486065,517.933,map,"nav2_feedback of the target goal (map, AMCL-based estimate)",-4.3317,-1.0028,-0.0041,,
1790738704904508347,517.950,map,"nav2_feedback of the target goal (map, AMCL-based estimate)",-4.3282,-1.0028,-0.0030,,
1790738704916873660,517.950,map,"nav2_feedback of the target goal (map, AMCL-based estimate)",-4.3282,-1.0028,-0.0030,,
1790738704924484709,517.950,map,"nav2_feedback of the target goal (map, AMCL-based estimate)",-4.3282,-1.0028,-0.0030,,
1790738704934717019,517.950,map,"nav2_feedback of the target goal (map, AMCL-based estimate)",-4.3282,-1.0028,-0.0030,,
1790738704944882458,517.950,map,"nav2_feedback of the target goal (map, AMCL-based estimate)",-4.3282,-1.0028,-0.0030,,
1790738704954425613,517.967,map,"nav2_feedback of the target goal (map, AMCL-based estimate)",-4.3247,-1.0028,-0.0019,,
1790738704964845788,517.967,map,"nav2_feedback of the target goal (map, AMCL-based estimate)",-4.3247,-1.0028,-0.0019,,
1790738704974606391,517.967,map,"nav2_feedback of the target goal (map, AMCL-based estimate)",-4.3247,-1.0028,-0.0019,,
1790738704984825194,517.967,map,"nav2_feedback of the target goal (map, AMCL-based estimate)",-4.3247,-1.0028,-0.0019,,
1790738704994821222,517.983,map,"nav2_feedback of the target goal (map, AMCL-based estimate)",-4.3212,-1.0028,-0.0008,,
1790738705005541410,517.983,map,"nav2_feedback of the target goal (map, AMCL-based estimate)",-4.3212,-1.0028,-0.0008,,
1790738705014536665,517.983,map,"nav2_feedback of the target goal (map, AMCL-based estimate)",-4.3212,-1.0028,-0.0008,,
1790738705024591574,517.983,map,"nav2_feedback of the target goal (map, AMCL-based estimate)",-4.3212,-1.0028,-0.0008,,
1790738705035118094,517.983,map,"nav2_feedback of the target goal (map, AMCL-based estimate)",-4.3212,-1.0028,-0.0008,,
1790738705044804217,518.000,map,"nav2_feedback of the target goal (map, AMCL-based estimate)",-4.3177,-1.0028,0.0002,,
1790738705054748880,518.000,map,"nav2_feedback of the target goal (map, AMCL-based estimate)",-4.3177,-1.0028,0.0002,,
1790738705064575687,518.000,map,"nav2_feedback of the target goal (map, AMCL-based estimate)",-4.3177,-1.0028,0.0002,,
1790738705074491243,518.000,map,"nav2_feedback of the target goal (map, AMCL-based estimate)",-4.3177,-1.0028,0.0002,,
1790738705084847306,518.017,map,"nav2_feedback of the target goal (map, AMCL-based estimate)",-4.3142,-1.0028,0.0013,,
1790738705094612950,518.017,map,"nav2_feedback of the target goal (map, AMCL-based estimate)",-4.3142,-1.0028,0.0013,,
1790738705104788948,518.017,map,"nav2_feedback of the target goal (map, AMCL-based estimate)",-4.3142,-1.0028,0.0013,,
1790738705114814939,518.017,map,"nav2_feedback of the target goal (map, AMCL-based estimate)",-4.3142,-1.0028,0.0013,,
1790738705124412789,518.017,map,"nav2_feedback of the target goal (map, AMCL-based estimate)",-4.3142,-1.0028,0.0013,,
1790738705135214592,518.017,map,"nav2_feedback of the target goal (map, AMCL-based estimate)",-4.3142,-1.0028,0.0013,,
1790738705144870846,518.033,map,"nav2_feedback of the target goal (map, AMCL-based estimate)",-4.3107,-1.0028,0.0023,,
1790738705154830538,518.033,map,"nav2_feedback of the target goal (map, AMCL-based estimate)",-4.3107,-1.0028,0.0023,,
1790738705164690543,518.033,map,"nav2_feedback of the target goal (map, AMCL-based estimate)",-4.3107,-1.0028,0.0023,,
1790738705174464938,518.050,map,"nav2_feedback of the target goal (map, AMCL-based estimate)",-4.3072,-1.0028,0.0033,,
1790738705184875981,518.050,map,"nav2_feedback of the target goal (map, AMCL-based estimate)",-4.3072,-1.0028,0.0033,,
1790738705194489146,518.050,map,"nav2_feedback of the target goal (map, AMCL-based estimate)",-4.3072,-1.0028,0.0033,,
1790738705204708995,518.050,map,"nav2_feedback of the target goal (map, AMCL-based estimate)",-4.3072,-1.0028,0.0033,,
1790738705214835720,518.050,map,"nav2_feedback of the target goal (map, AMCL-based estimate)",-4.3072,-1.0028,0.0033,,
1790738705224845731,518.067,map,"nav2_feedback of the target goal (map, AMCL-based estimate)",-4.3037,-1.0028,0.0043,,
1790738705237056567,518.067,map,"nav2_feedback of the target goal (map, AMCL-based estimate)",-4.3037,-1.0028,0.0043,,
1790738705245147503,518.067,map,"nav2_feedback of the target goal (map, AMCL-based estimate)",-4.3037,-1.0028,0.0043,,
1790738705254535991,518.067,map,"nav2_feedback of the target goal (map, AMCL-based estimate)",-4.3037,-1.0028,0.0043,,
1790738705264671182,518.083,map,"nav2_feedback of the target goal (map, AMCL-based estimate)",-4.3004,-1.0027,0.0053,,
1790738705274973216,518.083,map,"nav2_feedback of the target goal (map, AMCL-based estimate)",-4.3004,-1.0027,0.0053,,
1790738705287546940,518.083,map,"nav2_feedback of the target goal (map, AMCL-based estimate)",-4.3004,-1.0027,0.0053,,
1790738705294627972,518.083,map,"nav2_feedback of the target goal (map, AMCL-based estimate)",-4.3004,-1.0027,0.0053,,
1790738705304929530,518.083,map,"nav2_feedback of the target goal (map, AMCL-based estimate)",-4.3004,-1.0027,0.0053,,
1790738705314921183,518.100,map,"nav2_feedback of the target goal (map, AMCL-based estimate)",-4.2974,-1.0027,0.0063,,
1790738705324814195,518.100,map,"nav2_feedback of the target goal (map, AMCL-based estimate)",-4.2974,-1.0027,0.0063,,
1790738705335441639,518.100,map,"nav2_feedback of the target goal (map, AMCL-based estimate)",-4.2974,-1.0027,0.0063,,
1790738705344539055,518.100,map,"nav2_feedback of the target goal (map, AMCL-based estimate)",-4.2974,-1.0027,0.0063,,
1790738705354808748,518.117,map,"nav2_feedback of the target goal (map, AMCL-based estimate)",-4.2945,-1.0027,0.0072,,
1790738705364809913,518.117,map,"nav2_feedback of the target goal (map, AMCL-based estimate)",-4.2945,-1.0027,0.0072,,
1790738705374479484,518.117,map,"nav2_feedback of the target goal (map, AMCL-based estimate)",-4.2945,-1.0027,0.0072,,
1790738705384628087,518.117,map,"nav2_feedback of the target goal (map, AMCL-based estimate)",-4.2945,-1.0027,0.0072,,
1790738705394875046,518.117,map,"nav2_feedback of the target goal (map, AMCL-based estimate)",-4.2945,-1.0027,0.0072,,
1790738705404552893,518.133,map,"nav2_feedback of the target goal (map, AMCL-based estimate)",-4.2917,-1.0027,0.0081,,
1790738705414606565,518.133,map,"nav2_feedback of the target goal (map, AMCL-based estimate)",-4.2917,-1.0027,0.0081,,
1790738705424858660,518.133,map,"nav2_feedback of the target goal (map, AMCL-based estimate)",-4.2917,-1.0027,0.0081,,
1790738705434965125,518.133,map,"nav2_feedback of the target goal (map, AMCL-based estimate)",-4.2917,-1.0027,0.0081,,
1790738705444854712,518.150,map,"nav2_feedback of the target goal (map, AMCL-based estimate)",-4.2888,-1.0026,0.0089,,
1790738705454745916,518.150,map,"nav2_feedback of the target goal (map, AMCL-based estimate)",-4.2888,-1.0026,0.0089,,
1790738705464770576,518.150,map,"nav2_feedback of the target goal (map, AMCL-based estimate)",-4.2888,-1.0026,0.0089,,
1790738705474567801,518.150,map,"nav2_feedback of the target goal (map, AMCL-based estimate)",-4.2888,-1.0026,0.0089,,
1790738705485094131,518.150,map,"nav2_feedback of the target goal (map, AMCL-based estimate)",-4.2888,-1.0026,0.0089,,
1790738705494633006,518.167,map,"nav2_feedback of the target goal (map, AMCL-based estimate)",-4.2860,-1.0026,0.0098,,
1790738705504622090,518.167,map,"nav2_feedback of the target goal (map, AMCL-based estimate)",-4.2860,-1.0026,0.0098,,
1790738705514565992,518.167,map,"nav2_feedback of the target goal (map, AMCL-based estimate)",-4.2860,-1.0026,0.0098,,
1790738705525227966,518.167,map,"nav2_feedback of the target goal (map, AMCL-based estimate)",-4.2860,-1.0026,0.0098,,
1790738705535186421,518.183,map,"nav2_feedback of the target goal (map, AMCL-based estimate)",-4.2832,-1.0026,0.0106,,
1790738705544562733,518.183,map,"nav2_feedback of the target goal (map, AMCL-based estimate)",-4.2832,-1.0026,0.0106,,
1790738705554511581,518.183,map,"nav2_feedback of the target goal (map, AMCL-based estimate)",-4.2832,-1.0026,0.0106,,
1790738705564728862,518.183,map,"nav2_feedback of the target goal (map, AMCL-based estimate)",-4.2832,-1.0026,0.0106,,
1790738705574911518,518.183,map,"nav2_feedback of the target goal (map, AMCL-based estimate)",-4.2832,-1.0026,0.0106,,
1790738705585303537,518.200,map,"nav2_feedback of the target goal (map, AMCL-based estimate)",-4.2804,-1.0026,0.0115,,
1790738705594739015,518.200,map,"nav2_feedback of the target goal (map, AMCL-based estimate)",-4.2804,-1.0026,0.0115,,
1790738705604542993,518.200,map,"nav2_feedback of the target goal (map, AMCL-based estimate)",-4.2804,-1.0026,0.0115,,
1790738705614810688,518.200,map,"nav2_feedback of the target goal (map, AMCL-based estimate)",-4.2804,-1.0026,0.0115,,
1790738705625707612,518.217,map,"nav2_feedback of the target goal (map, AMCL-based estimate)",-4.2776,-1.0025,0.0122,,
1790738705635174955,518.217,map,"nav2_feedback of the target goal (map, AMCL-based estimate)",-4.2776,-1.0025,0.0122,,
1790738705644755588,518.217,map,"nav2_feedback of the target goal (map, AMCL-based estimate)",-4.2776,-1.0025,0.0122,,
1790738705654951371,518.217,map,"nav2_feedback of the target goal (map, AMCL-based estimate)",-4.2776,-1.0025,0.0122,,
1790738705664790259,518.217,map,"nav2_feedback of the target goal (map, AMCL-based estimate)",-4.2776,-1.0025,0.0122,,
1790738705674426158,518.233,map,"nav2_feedback of the target goal (map, AMCL-based estimate)",-4.2748,-1.0025,0.0129,,
1790738705685124182,518.233,map,"nav2_feedback of the target goal (map, AMCL-based estimate)",-4.2748,-1.0025,0.0129,,
1790738705694759700,518.233,map,"nav2_feedback of the target goal (map, AMCL-based estimate)",-4.2748,-1.0025,0.0129,,
1790738705705053554,518.233,map,"nav2_feedback of the target goal (map, AMCL-based estimate)",-4.2748,-1.0025,0.0129,,
1790738705714948849,518.250,map,"nav2_feedback of the target goal (map, AMCL-based estimate)",-4.2720,-1.0024,0.0137,,
1790738705724543179,518.250,map,"nav2_feedback of the target goal (map, AMCL-based estimate)",-4.2720,-1.0024,0.0137,,
1790738705734838269,518.250,map,"nav2_feedback of the target goal (map, AMCL-based estimate)",-4.2720,-1.0024,0.0137,,
1790738705744962331,518.250,map,"nav2_feedback of the target goal (map, AMCL-based estimate)",-4.2720,-1.0024,0.0137,,
1790738705754767641,518.250,map,"nav2_feedback of the target goal (map, AMCL-based estimate)",-4.2720,-1.0024,0.0137,,
1790738705766188874,518.267,map,"nav2_feedback of the target goal (map, AMCL-based estimate)",-4.2692,-1.0024,0.0144,,
1790738705774866899,518.267,map,"nav2_feedback of the target goal (map, AMCL-based estimate)",-4.2692,-1.0024,0.0144,,
1790738705785141824,518.267,map,"nav2_feedback of the target goal (map, AMCL-based estimate)",-4.2692,-1.0024,0.0144,,
1790738705794808161,518.267,map,"nav2_feedback of the target goal (map, AMCL-based estimate)",-4.2692,-1.0024,0.0144,,
1790738705804755963,518.267,map,"nav2_feedback of the target goal (map, AMCL-based estimate)",-4.2692,-1.0024,0.0144,,
1790738705814444273,518.283,map,"nav2_feedback of the target goal (map, AMCL-based estimate)",-4.2664,-1.0024,0.0151,,
1790738705824631210,518.283,map,"nav2_feedback of the target goal (map, AMCL-based estimate)",-4.2664,-1.0024,0.0151,,
1790738705835018663,518.283,map,"nav2_feedback of the target goal (map, AMCL-based estimate)",-4.2664,-1.0024,0.0151,,
1790738705844856790,518.283,map,"nav2_feedback of the target goal (map, AMCL-based estimate)",-4.2664,-1.0024,0.0151,,
1790738705854464533,518.300,map,"nav2_feedback of the target goal (map, AMCL-based estimate)",-4.2636,-1.0023,0.0158,,
1790738705865197657,518.300,map,"nav2_feedback of the target goal (map, AMCL-based estimate)",-4.2636,-1.0023,0.0158,,
1790738705874413024,518.300,map,"nav2_feedback of the target goal (map, AMCL-based estimate)",-4.2636,-1.0023,0.0158,,
1790738705885574099,518.317,map,"nav2_feedback of the target goal (map, AMCL-based estimate)",-4.2608,-1.0023,0.0165,,
1790738705895008816,518.317,map,"nav2_feedback of the target goal (map, AMCL-based estimate)",-4.2608,-1.0023,0.0165,,
1790738705904812604,518.317,map,"nav2_feedback of the target goal (map, AMCL-based estimate)",-4.2608,-1.0023,0.0165,,
1790738705914826135,518.317,map,"nav2_feedback of the target goal (map, AMCL-based estimate)",-4.2608,-1.0023,0.0165,,
1790738705925249734,518.317,map,"nav2_feedback of the target goal (map, AMCL-based estimate)",-4.2608,-1.0023,0.0165,,
1790738705935192304,518.317,map,"nav2_feedback of the target goal (map, AMCL-based estimate)",-4.2608,-1.0023,0.0165,,
1790738705944609138,518.333,map,"nav2_feedback of the target goal (map, AMCL-based estimate)",-4.2580,-1.0022,0.0171,,
1790738705954419964,518.333,map,"nav2_feedback of the target goal (map, AMCL-based estimate)",-4.2580,-1.0022,0.0171,,
1790738705967463304,518.333,map,"nav2_feedback of the target goal (map, AMCL-based estimate)",-4.2580,-1.0022,0.0171,,
1790738705974443506,518.350,map,"nav2_feedback of the target goal (map, AMCL-based estimate)",-4.2552,-1.0022,0.0178,,
1790738705985448203,518.350,map,"nav2_feedback of the target goal (map, AMCL-based estimate)",-4.2552,-1.0022,0.0178,,
1790738705994463243,518.350,map,"nav2_feedback of the target goal (map, AMCL-based estimate)",-4.2552,-1.0022,0.0178,,
1790738706004524049,518.350,map,"nav2_feedback of the target goal (map, AMCL-based estimate)",-4.2552,-1.0022,0.0178,,
1790738706014467095,518.350,map,"nav2_feedback of the target goal (map, AMCL-based estimate)",-4.2552,-1.0022,0.0178,,
1790738706024837902,518.350,map,"nav2_feedback of the target goal (map, AMCL-based estimate)",-4.2552,-1.0022,0.0178,,
1790738706034824703,518.367,map,"nav2_feedback of the target goal (map, AMCL-based estimate)",-4.2524,-1.0021,0.0185,,
1790738706045049689,518.367,map,"nav2_feedback of the target goal (map, AMCL-based estimate)",-4.2524,-1.0021,0.0185,,
1790738706054642783,518.367,map,"nav2_feedback of the target goal (map, AMCL-based estimate)",-4.2524,-1.0021,0.0185,,
1790738706064590775,518.383,map,"nav2_feedback of the target goal (map, AMCL-based estimate)",-4.2496,-1.0021,0.0191,,
1790738706074719593,518.383,map,"nav2_feedback of the target goal (map, AMCL-based estimate)",-4.2496,-1.0021,0.0191,,
1790738706084641902,518.383,map,"nav2_feedback of the target goal (map, AMCL-based estimate)",-4.2496,-1.0021,0.0191,,
