2026-09-30T13:48:43.538 0.0,0.0,0.0,0.0,0.0,0.16
2026-09-30T13:48:43.587 0.0,0.0,0.0,0.0,0.0,0.25789473684210534
2026-09-30T13:48:43.637 0.0,0.0,0.0,0.0,0.0,0.25789473684210534
2026-09-30T13:48:43.687 0.0,0.0,0.0,0.0,0.0,0.25789473684210534
2026-09-30T13:48:43.737 0.0,0.0,0.0,0.0,0.0,0.25789473684210534
2026-09-30T13:48:43.787 0.0,0.0,0.0,0.0,0.0,0.25789473684210534
2026-09-30T13:48:43.837 0.0,0.0,0.0,0.0,0.0,0.25789473684210534
2026-09-30T13:48:43.887 0.0,0.0,0.0,0.0,0.0,0.25789473684210534
2026-09-30T13:48:43.937 0.0,0.0,0.0,0.0,0.0,0.25789473684210534
2026-09-30T13:48:43.987 0.0,0.0,0.0,0.0,0.0,0.25789473684210534
2026-09-30T13:48:44.037 0.0,0.0,0.0,0.0,0.0,0.25789473684210534
2026-09-30T13:48:44.087 0.0,0.0,0.0,0.0,0.0,0.25789473684210534
2026-09-30T13:48:44.137 0.0,0.0,0.0,0.0,0.0,0.25789473684210534
2026-09-30T13:48:44.187 0.0,0.0,0.0,0.0,0.0,0.25789473684210534
2026-09-30T13:48:44.237 0.0,0.0,0.0,0.0,0.0,0.25789473684210534
2026-09-30T13:48:44.287 0.0,0.0,0.0,0.0,0.0,0.25789473684210534
2026-09-30T13:48:44.337 0.0,0.0,0.0,0.0,0.0,0.25789473684210534
2026-09-30T13:48:44.387 0.0,0.0,0.0,0.0,0.0,0.25789473684210534
2026-09-30T13:48:44.437 0.0,0.0,0.0,0.0,0.0,0.25789473684210534
2026-09-30T13:48:44.487 0.0,0.0,0.0,0.0,0.0,0.25789473684210534
2026-09-30T13:48:44.537 0.0,0.0,0.0,0.0,0.0,0.25789473684210534
2026-09-30T13:48:44.587 0.0,0.0,0.0,0.0,0.0,0.25789473684210534
2026-09-30T13:48:44.637 0.0,0.0,0.0,0.0,0.0,0.25789473684210534
2026-09-30T13:48:44.687 0.0,0.0,0.0,0.0,0.0,0.25789473684210534
2026-09-30T13:48:44.737 0.0,0.0,0.0,0.0,0.0,0.25789473684210534
2026-09-30T13:48:44.787 0.0,0.0,0.0,0.0,0.0,0.25789473684210534
2026-09-30T13:48:44.837 0.0,0.0,0.0,0.0,0.0,0.25789473684210534
2026-09-30T13:48:44.888 0.0,0.0,0.0,0.0,0.0,0.25789473684210534
2026-09-30T13:48:44.937 0.0,0.0,0.0,0.0,0.0,0.25789473684210534
2026-09-30T13:48:44.987 0.0,0.0,0.0,0.0,0.0,0.25789473684210534
2026-09-30T13:48:45.037 0.0,0.0,0.0,0.0,0.0,0.25789473684210534
2026-09-30T13:48:45.087 0.0,0.0,0.0,0.0,0.0,0.25789473684210534
2026-09-30T13:48:45.137 0.0,0.0,0.0,0.0,0.0,0.25789473684210534
2026-09-30T13:48:45.187 0.0,0.0,0.0,0.0,0.0,0.25789473684210534
2026-09-30T13:48:45.237 0.0,0.0,0.0,0.0,0.0,0.25789473684210534
2026-09-30T13:48:45.287 0.0,0.0,0.0,0.0,0.0,0.25789473684210534
2026-09-30T13:48:45.337 0.0,0.0,0.0,0.0,0.0,0.25789473684210534
2026-09-30T13:48:45.387 0.0,0.0,0.0,0.0,0.0,0.25789473684210534
2026-09-30T13:48:45.437 0.0,0.0,0.0,0.0,0.0,0.25789473684210534
2026-09-30T13:48:45.487 0.0,0.0,0.0,0.0,0.0,0.25789473684210534
2026-09-30T13:48:45.537 0.0,0.0,0.0,0.0,0.0,0.25789473684210534
2026-09-30T13:48:45.587 0.0,0.0,0.0,0.0,0.0,0.25789473684210534
2026-09-30T13:48:45.637 0.0,0.0,0.0,0.0,0.0,0.25789473684210534
2026-09-30T13:48:45.687 0.0,0.0,0.0,0.0,0.0,0.25789473684210534
2026-09-30T13:48:45.737 0.0,0.0,0.0,0.0,0.0,0.25789473684210534
2026-09-30T13:48:45.787 0.0,0.0,0.0,0.0,0.0,0.25789473684210534
2026-09-30T13:48:45.837 0.0,0.0,0.0,0.0,0.0,0.25789473684210534
2026-09-30T13:48:45.897 0.0,0.0,0.0,0.0,0.0,0.25789473684210534
2026-09-30T13:48:45.937 0.0,0.0,0.0,0.0,0.0,0.25789473684210534
2026-09-30T13:48:45.987 0.0,0.0,0.0,0.0,0.0,0.25789473684210534
2026-09-30T13:48:46.037 0.0,0.0,0.0,0.0,0.0,0.25789473684210534
2026-09-30T13:48:46.087 0.0,0.0,0.0,0.0,0.0,0.25789473684210534
2026-09-30T13:48:46.137 0.0,0.0,0.0,0.0,0.0,0.25789473684210534
2026-09-30T13:48:46.187 0.0,0.0,0.0,0.0,0.0,0.25789473684210534
2026-09-30T13:48:46.237 0.0,0.0,0.0,0.0,0.0,0.25789473684210534
2026-09-30T13:48:46.287 0.0,0.0,0.0,0.0,0.0,0.25789473684210534
2026-09-30T13:48:46.338 0.0,0.0,0.0,0.0,0.0,0.25789473684210534
2026-09-30T13:48:46.387 0.0,0.0,0.0,0.0,0.0,0.4178947368421053
2026-09-30T13:48:46.437 0.0,0.0,0.0,0.0,0.0,0.5778947368421053
2026-09-30T13:48:46.487 0.0,0.0,0.0,0.0,0.0,0.7
2026-09-30T13:48:46.537 0.0,0.0,0.0,0.0,0.0,0.7
2026-09-30T13:48:46.587 0.0,0.0,0.0,0.0,0.0,0.7
2026-09-30T13:48:46.637 0.0,0.0,0.0,0.0,0.0,0.7
2026-09-30T13:48:46.687 0.0,0.0,0.0,0.0,0.0,0.7
2026-09-30T13:48:46.737 0.0,0.0,0.0,0.0,0.0,0.7
2026-09-30T13:48:46.787 0.0,0.0,0.0,0.0,0.0,0.7
2026-09-30T13:48:46.838 0.0,0.0,0.0,0.0,0.0,0.7
2026-09-30T13:48:46.887 0.0,0.0,0.0,0.0,0.0,0.7
2026-09-30T13:48:46.937 0.0,0.0,0.0,0.0,0.0,0.7
2026-09-30T13:48:46.987 0.0,0.0,0.0,0.0,0.0,0.7
2026-09-30T13:48:47.037 0.0,0.0,0.0,0.0,0.0,0.7
2026-09-30T13:48:47.088 0.0,0.0,0.0,0.0,0.0,0.7
2026-09-30T13:48:47.137 0.0,0.0,0.0,0.0,0.0,0.7
2026-09-30T13:48:47.187 0.0,0.0,0.0,0.0,0.0,0.7
2026-09-30T13:48:47.237 0.0,0.0,0.0,0.0,0.0,0.7
2026-09-30T13:48:47.287 0.0,0.0,0.0,0.0,0.0,0.7
2026-09-30T13:48:47.337 0.0,0.0,0.0,0.0,0.0,0.7
2026-09-30T13:48:47.387 0.0,0.0,0.0,0.0,0.0,0.7
2026-09-30T13:48:47.437 0.0,0.0,0.0,0.0,0.0,0.7
2026-09-30T13:48:47.487 0.0,0.0,0.0,0.0,0.0,0.7
2026-09-30T13:48:47.537 0.0,0.0,0.0,0.0,0.0,0.7
2026-09-30T13:48:47.587 0.0,0.0,0.0,0.0,0.0,0.7
2026-09-30T13:48:47.637 0.0,0.0,0.0,0.0,0.0,0.7
2026-09-30T13:48:47.687 0.0,0.0,0.0,0.0,0.0,0.7
2026-09-30T13:48:47.737 0.0,0.0,0.0,0.0,0.0,0.7
2026-09-30T13:48:47.788 0.0,0.0,0.0,0.0,0.0,0.7
2026-09-30T13:48:47.837 0.0,0.0,0.0,0.0,0.0,0.6263157894736843
2026-09-30T13:48:47.887 0.0,0.0,0.0,0.0,0.0,0.6263157894736843
2026-09-30T13:48:47.937 0.0,0.0,0.0,0.0,0.0,0.6263157894736843
2026-09-30T13:48:47.987 0.0,0.0,0.0,0.0,0.0,0.6263157894736843
2026-09-30T13:48:48.037 0.0,0.0,0.0,0.0,0.0,0.6263157894736843
2026-09-30T13:48:48.087 0.0,0.0,0.0,0.0,0.0,0.6263157894736843
2026-09-30T13:48:48.137 0.0,0.0,0.0,0.0,0.0,0.6263157894736843
2026-09-30T13:48:48.187 0.0,0.0,0.0,0.0,0.0,0.6263157894736843
2026-09-30T13:48:48.237 0.0,0.0,0.0,0.0,0.0,0.6263157894736843
2026-09-30T13:48:48.287 0.0,0.0,0.0,0.0,0.0,0.6263157894736843
2026-09-30T13:48:48.337 0.0,0.0,0.0,0.0,0.0,0.6263157894736843
2026-09-30T13:48:48.387 0.0,0.0,0.0,0.0,0.0,0.6263157894736843
2026-09-30T13:48:48.437 0.0,0.0,0.0,0.0,0.0,0.6263157894736843
2026-09-30T13:48:48.487 0.0,0.0,0.0,0.0,0.0,0.5526315789473685
2026-09-30T13:48:48.537 0.0,0.0,0.0,0.0,0.0,0.5526315789473685
2026-09-30T13:48:48.587 0.0,0.0,0.0,0.0,0.0,0.5526315789473685
2026-09-30T13:48:48.637 0.0,0.0,0.0,0.0,0.0,0.5526315789473685
2026-09-30T13:48:48.688 0.0,0.0,0.0,0.0,0.0,0.5526315789473685
2026-09-30T13:48:48.737 0.0,0.0,0.0,0.0,0.0,0.5526315789473685
2026-09-30T13:48:48.787 0.0,0.0,0.0,0.0,0.0,0.5526315789473685
2026-09-30T13:48:48.837 0.0,0.0,0.0,0.0,0.0,0.5526315789473685
2026-09-30T13:48:48.888 0.0,0.0,0.0,0.0,0.0,0.5526315789473685
2026-09-30T13:48:48.937 0.0,0.0,0.0,0.0,0.0,0.5526315789473685
2026-09-30T13:48:48.987 0.0,0.0,0.0,0.0,0.0,0.5526315789473685
2026-09-30T13:48:49.037 0.0,0.0,0.0,0.0,0.0,0.47894736842105273
2026-09-30T13:48:49.087 0.0,0.0,0.0,0.0,0.0,0.47894736842105273
2026-09-30T13:48:49.137 0.0,0.0,0.0,0.0,0.0,0.47894736842105273
2026-09-30T13:48:49.188 0.0,0.0,0.0,0.0,0.0,0.47894736842105273
2026-09-30T13:48:49.237 0.0,0.0,0.0,0.0,0.0,0.47894736842105273
2026-09-30T13:48:49.287 0.0,0.0,0.0,0.0,0.0,0.47894736842105273
2026-09-30T13:48:49.337 0.0,0.0,0.0,0.0,0.0,0.47894736842105273
2026-09-30T13:48:49.397 0.0,0.0,0.0,0.0,0.0,0.47894736842105273
2026-09-30T13:48:49.437 0.0,0.0,0.0,0.0,0.0,0.47894736842105273
2026-09-30T13:48:49.487 0.0,0.0,0.0,0.0,0.0,0.47894736842105273
2026-09-30T13:48:49.537 0.0,0.0,0.0,0.0,0.0,0.47894736842105273
2026-09-30T13:48:49.588 0.0,0.0,0.0,0.0,0.0,0.47894736842105273
2026-09-30T13:48:49.637 0.0,0.0,0.0,0.0,0.0,0.47894736842105273
2026-09-30T13:48:49.687 0.0,0.0,0.0,0.0,0.0,0.47894736842105273
2026-09-30T13:48:49.737 0.0,0.0,0.0,0.0,0.0,0.40526315789473694
2026-09-30T13:48:49.788 0.0,0.0,0.0,0.0,0.0,0.40526315789473694
2026-09-30T13:48:49.837 0.0,0.0,0.0,0.0,0.0,0.40526315789473694
2026-09-30T13:48:49.887 0.0,0.0,0.0,0.0,0.0,0.40526315789473694
2026-09-30T13:48:49.937 0.0,0.0,0.0,0.0,0.0,0.40526315789473694
2026-09-30T13:48:49.987 0.0,0.0,0.0,0.0,0.0,0.40526315789473694
2026-09-30T13:48:50.037 0.0,0.0,0.0,0.0,0.0,0.5652631578947369
2026-09-30T13:48:50.087 0.0,0.0,0.0,0.0,0.0,0.7
2026-09-30T13:48:50.138 0.0,0.0,0.0,0.0,0.0,0.7
2026-09-30T13:48:50.187 0.0,0.0,0.0,0.0,0.0,0.7
2026-09-30T13:48:50.237 0.0,0.0,0.0,0.0,0.0,0.7
2026-09-30T13:48:50.287 0.0,0.0,0.0,0.0,0.0,0.7
2026-09-30T13:48:50.338 0.0,0.0,0.0,0.0,0.0,0.7
2026-09-30T13:48:50.387 0.0,0.0,0.0,0.0,0.0,0.7
2026-09-30T13:48:50.437 0.0,0.0,0.0,0.0,0.0,0.7
2026-09-30T13:48:50.487 0.0,0.0,0.0,0.0,0.0,0.7
2026-09-30T13:48:50.537 0.0,0.0,0.0,0.0,0.0,0.7
2026-09-30T13:48:50.587 0.0,0.0,0.0,0.0,0.0,0.7
2026-09-30T13:48:50.637 0.0,0.0,0.0,0.0,0.0,0.7
2026-09-30T13:48:50.687 0.0,0.0,0.0,0.0,0.0,0.7
2026-09-30T13:48:50.737 0.0,0.0,0.0,0.0,0.0,0.7
2026-09-30T13:48:50.787 0.0,0.0,0.0,0.0,0.0,0.7
2026-09-30T13:48:50.837 0.0,0.0,0.0,0.0,0.0,0.6263157894736843
2026-09-30T13:48:50.887 0.0,0.0,0.0,0.0,0.0,0.6263157894736843
2026-09-30T13:48:50.937 0.0,0.0,0.0,0.0,0.0,0.6263157894736843
2026-09-30T13:48:50.987 0.0,0.0,0.0,0.0,0.0,0.6263157894736843
2026-09-30T13:48:51.038 0.0,0.0,0.0,0.0,0.0,0.6263157894736843
2026-09-30T13:48:51.087 0.0,0.0,0.0,0.0,0.0,0.6263157894736843
2026-09-30T13:48:51.137 0.0,0.0,0.0,0.0,0.0,0.6263157894736843
2026-09-30T13:48:51.187 0.0,0.0,0.0,0.0,0.0,0.6263157894736843
2026-09-30T13:48:51.237 0.0,0.0,0.0,0.0,0.0,0.6263157894736843
2026-09-30T13:48:51.287 0.0,0.0,0.0,0.0,0.0,0.6263157894736843
2026-09-30T13:48:51.337 0.0,0.0,0.0,0.0,0.0,0.6263157894736843
2026-09-30T13:48:51.387 0.0,0.0,0.0,0.0,0.0,0.6263157894736843
2026-09-30T13:48:51.437 0.0,0.0,0.0,0.0,0.0,0.6263157894736843
2026-09-30T13:48:51.487 0.0,0.0,0.0,0.0,0.0,0.5526315789473685
2026-09-30T13:48:51.537 0.0,0.0,0.0,0.0,0.0,0.5526315789473685
2026-09-30T13:48:51.587 0.0,0.0,0.0,0.0,0.0,0.5526315789473685
2026-09-30T13:48:51.637 0.0,0.0,0.0,0.0,0.0,0.5526315789473685
2026-09-30T13:48:51.687 0.0,0.0,0.0,0.0,0.0,0.5526315789473685
2026-09-30T13:48:51.737 0.0,0.0,0.0,0.0,0.0,0.5526315789473685
2026-09-30T13:48:51.787 0.0,0.0,0.0,0.0,0.0,0.5526315789473685
2026-09-30T13:48:51.837 0.0,0.0,0.0,0.0,0.0,0.5526315789473685
2026-09-30T13:48:51.887 0.0,0.0,0.0,0.0,0.0,0.5526315789473685
2026-09-30T13:48:51.937 0.0,0.0,0.0,0.0,0.0,0.5526315789473685
2026-09-30T13:48:51.987 0.0,0.0,0.0,0.0,0.0,0.5526315789473685
2026-09-30T13:48:52.037 0.0,0.0,0.0,0.0,0.0,0.5526315789473685
2026-09-30T13:48:52.087 0.0,0.0,0.0,0.0,0.0,0.47894736842105273
2026-09-30T13:48:52.137 0.0,0.0,0.0,0.0,0.0,0.47894736842105273
2026-09-30T13:48:52.187 0.0,0.0,0.0,0.0,0.0,0.47894736842105273
2026-09-30T13:48:52.237 0.0,0.0,0.0,0.0,0.0,0.47894736842105273
2026-09-30T13:48:52.288 0.0,0.0,0.0,0.0,0.0,0.47894736842105273
2026-09-30T13:48:52.337 0.0,0.0,0.0,0.0,0.0,0.47894736842105273
2026-09-30T13:48:52.387 0.0,0.0,0.0,0.0,0.0,0.47894736842105273
2026-09-30T13:48:52.437 0.0,0.0,0.0,0.0,0.0,0.47894736842105273
2026-09-30T13:48:52.487 0.0,0.0,0.0,0.0,0.0,0.47894736842105273
2026-09-30T13:48:52.537 0.0,0.0,0.0,0.0,0.0,0.47894736842105273
2026-09-30T13:48:52.587 0.0,0.0,0.0,0.0,0.0,0.47894736842105273
2026-09-30T13:48:52.637 0.0,0.0,0.0,0.0,0.0,0.47894736842105273
2026-09-30T13:48:52.687 0.0,0.0,0.0,0.0,0.0,0.47894736842105273
2026-09-30T13:48:52.737 0.0,0.0,0.0,0.0,0.0,0.47894736842105273
2026-09-30T13:48:52.787 0.0,0.0,0.0,0.0,0.0,0.31894736842105276
2026-09-30T13:48:52.837 0.0,0.0,0.0,0.0,0.0,0.15894736842105275
2026-09-30T13:48:52.888 0.0,0.0,0.0,0.0,0.0,-0.0010526315789472496
2026-09-30T13:48:52.937 0.0,0.0,0.0,0.0,0.0,-0.16105263157894725
2026-09-30T13:48:52.987 0.0,0.0,0.0,0.0,0.0,-0.32105263157894726
2026-09-30T13:48:53.037 0.0,0.0,0.0,0.0,0.0,-0.4810526315789473
2026-09-30T13:48:53.087 0.0,0.0,0.0,0.0,0.0,-0.6410526315789473
2026-09-30T13:48:53.137 0.0,0.0,0.0,0.0,0.0,-0.7
2026-09-30T13:48:53.187 0.0,0.0,0.0,0.0,0.0,-0.7
2026-09-30T13:48:53.237 0.0,0.0,0.0,0.0,0.0,-0.7
2026-09-30T13:48:53.287 0.0,0.0,0.0,0.0,0.0,-0.7
2026-09-30T13:48:53.337 0.0,0.0,0.0,0.0,0.0,-0.5399999999999999
2026-09-30T13:48:53.387 0.0,0.0,0.0,0.0,0.0,-0.3799999999999999
2026-09-30T13:48:53.437 0.0,0.0,0.0,0.0,0.0,-0.2199999999999999
2026-09-30T13:48:53.487 0.0,0.0,0.0,0.0,0.0,-0.05999999999999989
2026-09-30T13:48:53.537 0.0,0.0,0.0,0.0,0.0,0.10000000000000012
2026-09-30T13:48:53.587 0.0,0.0,0.0,0.0,0.0,0.2600000000000001
2026-09-30T13:48:53.637 0.0,0.0,0.0,0.0,0.0,0.42000000000000015
2026-09-30T13:48:53.687 0.0,0.0,0.0,0.0,0.0,0.5800000000000002
2026-09-30T13:48:53.737 0.0,0.0,0.0,0.0,0.0,0.7
2026-09-30T13:48:53.787 0.0,0.0,0.0,0.0,0.0,0.5399999999999999
2026-09-30T13:48:53.837 0.0,0.0,0.0,0.0,0.0,0.3799999999999999
2026-09-30T13:48:53.887 0.0,0.0,0.0,0.0,0.0,0.2199999999999999
2026-09-30T13:48:53.937 0.0,0.0,0.0,0.0,0.0,0.05999999999999989
2026-09-30T13:48:53.987 0.0,0.0,0.0,0.0,0.0,-0.10000000000000012
2026-09-30T13:48:54.037 0.0,0.0,0.0,0.0,0.0,-0.2600000000000001
2026-09-30T13:48:54.087 0.0,0.0,0.0,0.0,0.0,-0.42000000000000015
2026-09-30T13:48:54.138 0.0,0.0,0.0,0.0,0.0,-0.5800000000000002
2026-09-30T13:48:54.187 0.0,0.0,0.0,0.0,0.0,-0.7
2026-09-30T13:48:54.237 0.0,0.0,0.0,0.0,0.0,-0.7
2026-09-30T13:48:54.287 0.0,0.0,0.0,0.0,0.0,-0.7
2026-09-30T13:48:54.337 0.0,0.0,0.0,0.0,0.0,-0.7
2026-09-30T13:48:54.387 0.0,0.0,0.0,0.0,0.0,-0.7
2026-09-30T13:48:54.437 0.0,0.0,0.0,0.0,0.0,-0.7
2026-09-30T13:48:54.487 0.0,0.0,0.0,0.0,0.0,-0.7
2026-09-30T13:48:54.547 0.0,0.0,0.0,0.0,0.0,-0.7
2026-09-30T13:48:54.587 0.0,0.0,0.0,0.0,0.0,-0.7
2026-09-30T13:48:54.637 0.0,0.0,0.0,0.0,0.0,-0.7
2026-09-30T13:48:54.687 0.0,0.0,0.0,0.0,0.0,-0.7
2026-09-30T13:48:54.737 0.0,0.0,0.0,0.0,0.0,-0.7
2026-09-30T13:48:54.787 0.0,0.0,0.0,0.0,0.0,-0.7
2026-09-30T13:48:54.838 0.0,0.0,0.0,0.0,0.0,-0.7
2026-09-30T13:48:54.887 0.0,0.0,0.0,0.0,0.0,-0.7
2026-09-30T13:48:54.937 0.0,0.0,0.0,0.0,0.0,-0.7
2026-09-30T13:48:54.987 0.0,0.0,0.0,0.0,0.0,-0.7
2026-09-30T13:48:55.037 0.0,0.0,0.0,0.0,0.0,-0.7
2026-09-30T13:48:55.087 0.0,0.0,0.0,0.0,0.0,-0.7
2026-09-30T13:48:55.137 0.0,0.0,0.0,0.0,0.0,-0.7
2026-09-30T13:48:55.187 0.0,0.0,0.0,0.0,0.0,-0.7
2026-09-30T13:48:55.237 0.0,0.0,0.0,0.0,0.0,-0.7
2026-09-30T13:48:55.287 0.0,0.0,0.0,0.0,0.0,-0.7
2026-09-30T13:48:55.337 0.0,0.0,0.0,0.0,0.0,-0.7
2026-09-30T13:48:55.387 0.0,0.0,0.0,0.0,0.0,-0.7
2026-09-30T13:48:55.437 0.0,0.0,0.0,0.0,0.0,-0.7
2026-09-30T13:48:55.487 0.0,0.0,0.0,0.0,0.0,-0.7
2026-09-30T13:48:55.537 0.0,0.0,0.0,0.0,0.0,-0.7
2026-09-30T13:48:55.587 0.0,0.0,0.0,0.0,0.0,-0.7
2026-09-30T13:48:55.637 0.0,0.0,0.0,0.0,0.0,-0.7
2026-09-30T13:48:55.687 0.0,0.0,0.0,0.0,0.0,-0.7
2026-09-30T13:48:55.737 0.0,0.0,0.0,0.0,0.0,-0.7
2026-09-30T13:48:55.787 0.0,0.0,0.0,0.0,0.0,-0.7
2026-09-30T13:48:55.837 0.0,0.0,0.0,0.0,0.0,-0.7
2026-09-30T13:48:55.887 0.0,0.0,0.0,0.0,0.0,-0.7
2026-09-30T13:48:55.937 0.0,0.0,0.0,0.0,0.0,-0.7
2026-09-30T13:48:55.987 0.0,0.0,0.0,0.0,0.0,-0.7
2026-09-30T13:48:56.037 0.0,0.0,0.0,0.0,0.0,-0.7
2026-09-30T13:48:56.087 0.0,0.0,0.0,0.0,0.0,-0.7
2026-09-30T13:48:56.137 0.0,0.0,0.0,0.0,0.0,-0.7
2026-09-30T13:48:56.187 0.0,0.0,0.0,0.0,0.0,-0.7
2026-09-30T13:48:56.237 0.0,0.0,0.0,0.0,0.0,-0.7
2026-09-30T13:48:56.297 0.0,0.0,0.0,0.0,0.0,-0.7
2026-09-30T13:48:56.337 0.0,0.0,0.0,0.0,0.0,-0.7
2026-09-30T13:48:56.387 0.0,0.0,0.0,0.0,0.0,-0.7
2026-09-30T13:48:56.437 0.0,0.0,0.0,0.0,0.0,-0.7
2026-09-30T13:48:56.487 0.0,0.0,0.0,0.0,0.0,-0.7
2026-09-30T13:48:56.537 0.0,0.0,0.0,0.0,0.0,-0.7
2026-09-30T13:48:56.587 0.0,0.0,0.0,0.0,0.0,-0.7
2026-09-30T13:48:56.637 0.0,0.0,0.0,0.0,0.0,-0.7
2026-09-30T13:48:56.687 0.0,0.0,0.0,0.0,0.0,-0.7
2026-09-30T13:48:56.737 0.0,0.0,0.0,0.0,0.0,-0.7
2026-09-30T13:48:56.787 0.0,0.0,0.0,0.0,0.0,-0.7
2026-09-30T13:48:56.837 0.0,0.0,0.0,0.0,0.0,-0.7
2026-09-30T13:48:56.887 0.0,0.0,0.0,0.0,0.0,-0.5399999999999999
2026-09-30T13:48:56.937 0.0,0.0,0.0,0.0,0.0,-0.3799999999999999
2026-09-30T13:48:56.987 0.0,0.0,0.0,0.0,0.0,-0.2199999999999999
2026-09-30T13:48:57.037 0.0,0.0,0.0,0.0,0.0,-0.18421052631578938
2026-09-30T13:48:57.087 0.0,0.0,0.0,0.0,0.0,-0.18421052631578938
2026-09-30T13:48:57.137 0.0,0.0,0.0,0.0,0.0,-0.18421052631578938
2026-09-30T13:48:57.187 0.0,0.0,0.0,0.0,0.0,-0.18421052631578938
2026-09-30T13:48:57.237 0.0,0.0,0.0,0.0,0.0,-0.18421052631578938
2026-09-30T13:48:57.287 0.0,0.0,0.0,0.0,0.0,-0.18421052631578938
2026-09-30T13:48:57.337 0.0,0.0,0.0,0.0,0.0,-0.18421052631578938
2026-09-30T13:48:57.387 0.0,0.0,0.0,0.0,0.0,-0.18421052631578938
2026-09-30T13:48:57.437 0.0,0.0,0.0,0.0,0.0,-0.024210526315789377
2026-09-30T13:48:57.487 0.0,0.0,0.0,0.0,0.0,0.13578947368421063
2026-09-30T13:48:57.538 0.0,0.0,0.0,0.0,0.0,0.25789473684210534
2026-09-30T13:48:57.587 0.0,0.0,0.0,0.0,0.0,0.25789473684210534
2026-09-30T13:48:57.637 0.0,0.0,0.0,0.0,0.0,0.25789473684210534
2026-09-30T13:48:57.687 0.0,0.0,0.0,0.0,0.0,0.25789473684210534
2026-09-30T13:48:57.737 0.0,0.0,0.0,0.0,0.0,0.33157894736842114
2026-09-30T13:48:57.787 0.0,0.0,0.0,0.0,0.0,0.33157894736842114
2026-09-30T13:48:57.837 0.0,0.0,0.0,0.0,0.0,0.4915789473684211
2026-09-30T13:48:57.888 0.0,0.0,0.0,0.0,0.0,0.6263157894736843
2026-09-30T13:48:57.937 0.0,0.0,0.0,0.0,0.0,0.6263157894736843
2026-09-30T13:48:57.987 0.0,0.0,0.0,0.0,0.0,0.6263157894736843
2026-09-30T13:48:58.037 0.0,0.0,0.0,0.0,0.0,0.6263157894736843
2026-09-30T13:48:58.087 0.0,0.0,0.0,0.0,0.0,0.6263157894736843
2026-09-30T13:48:58.137 0.0,0.0,0.0,0.0,0.0,0.6263157894736843
2026-09-30T13:48:58.187 0.0,0.0,0.0,0.0,0.0,0.6263157894736843
2026-09-30T13:48:58.237 0.0,0.0,0.0,0.0,0.0,0.6263157894736843
2026-09-30T13:48:58.287 0.0,0.0,0.0,0.0,0.0,0.6263157894736843
2026-09-30T13:48:58.337 0.0,0.0,0.0,0.0,0.0,0.6263157894736843
2026-09-30T13:48:58.387 0.0,0.0,0.0,0.0,0.0,0.6263157894736843
2026-09-30T13:48:58.437 0.0,0.0,0.0,0.0,0.0,0.6263157894736843
2026-09-30T13:48:58.487 0.0,0.0,0.0,0.0,0.0,0.6263157894736843
2026-09-30T13:48:58.537 0.0,0.0,0.0,0.0,0.0,0.6263157894736843
2026-09-30T13:48:58.587 0.0,0.0,0.0,0.0,0.0,0.6263157894736843
2026-09-30T13:48:58.637 0.0,0.0,0.0,0.0,0.0,0.6263157894736843
2026-09-30T13:48:58.688 0.0,0.0,0.0,0.0,0.0,0.6263157894736843
2026-09-30T13:48:58.738 0.0,0.0,0.0,0.0,0.0,0.6263157894736843
2026-09-30T13:48:58.787 0.0,0.0,0.0,0.0,0.0,0.6263157894736843
2026-09-30T13:48:58.837 0.0,0.0,0.0,0.0,0.0,0.6263157894736843
2026-09-30T13:48:58.887 0.0,0.0,0.0,0.0,0.0,0.6263157894736843
2026-09-30T13:48:58.937 0.0,0.0,0.0,0.0,0.0,0.6263157894736843
2026-09-30T13:48:58.987 0.0,0.0,0.0,0.0,0.0,0.6263157894736843
2026-09-30T13:48:59.037 0.0,0.0,0.0,0.0,0.0,0.6263157894736843
2026-09-30T13:48:59.087 0.0,0.0,0.0,0.0,0.0,0.6263157894736843
2026-09-30T13:48:59.137 0.0,0.0,0.0,0.0,0.0,0.6263157894736843
2026-09-30T13:48:59.187 0.0,0.0,0.0,0.0,0.0,0.6263157894736843
2026-09-30T13:48:59.237 0.0,0.0,0.0,0.0,0.0,0.6263157894736843
2026-09-30T13:48:59.287 0.0,0.0,0.0,0.0,0.0,0.6263157894736843
2026-09-30T13:48:59.347 0.0,0.0,0.0,0.0,0.0,0.6263157894736843
2026-09-30T13:48:59.387 0.0,0.0,0.0,0.0,0.0,0.6263157894736843
2026-09-30T13:48:59.437 0.0,0.0,0.0,0.0,0.0,0.6263157894736843
2026-09-30T13:48:59.487 0.0,0.0,0.0,0.0,0.0,0.6263157894736843
2026-09-30T13:48:59.537 0.0,0.0,0.0,0.0,0.0,0.6263157894736843
2026-09-30T13:48:59.587 0.0,0.0,0.0,0.0,0.0,0.6263157894736843
2026-09-30T13:48:59.637 0.0,0.0,0.0,0.0,0.0,0.6263157894736843
2026-09-30T13:48:59.687 0.0,0.0,0.0,0.0,0.0,0.5526315789473685
2026-09-30T13:48:59.737 0.0,0.0,0.0,0.0,0.0,0.5526315789473685
2026-09-30T13:48:59.787 0.0,0.0,0.0,0.0,0.0,0.5526315789473685
2026-09-30T13:48:59.837 0.0,0.0,0.0,0.0,0.0,0.5526315789473685
2026-09-30T13:48:59.887 0.0,0.0,0.0,0.0,0.0,0.5526315789473685
2026-09-30T13:48:59.937 0.0,0.0,0.0,0.0,0.0,0.5526315789473685
2026-09-30T13:48:59.987 0.0,0.0,0.0,0.0,0.0,0.5526315789473685
2026-09-30T13:49:00.037 0.0,0.0,0.0,0.0,0.0,0.5526315789473685
2026-09-30T13:49:00.087 0.0,0.0,0.0,0.0,0.0,0.5526315789473685
2026-09-30T13:49:00.137 0.0,0.0,0.0,0.0,0.0,0.5526315789473685
2026-09-30T13:49:00.188 0.0,0.0,0.0,0.0,0.0,0.5526315789473685
2026-09-30T13:49:00.247 0.0,0.0,0.0,0.0,0.0,0.5526315789473685
2026-09-30T13:49:00.287 0.0,0.0,0.0,0.0,0.0,0.5526315789473685
2026-09-30T13:49:00.337 0.0,0.0,0.0,0.0,0.0,0.5526315789473685
2026-09-30T13:49:00.387 0.0,0.0,0.0,0.0,0.0,0.5526315789473685
2026-09-30T13:49:00.437 0.0,0.0,0.0,0.0,0.0,0.47894736842105273
2026-09-30T13:49:00.488 0.0,0.0,0.0,0.0,0.0,0.47894736842105273
2026-09-30T13:49:00.537 0.0,0.0,0.0,0.0,0.0,0.47894736842105273
2026-09-30T13:49:00.587 0.0,0.0,0.0,0.0,0.0,0.47894736842105273
2026-09-30T13:49:00.637 0.0,0.0,0.0,0.0,0.0,0.47894736842105273
2026-09-30T13:49:00.687 0.0,0.0,0.0,0.0,0.0,0.47894736842105273
2026-09-30T13:49:00.737 0.0,0.0,0.0,0.0,0.0,0.47894736842105273
2026-09-30T13:49:00.787 0.0,0.0,0.0,0.0,0.0,0.47894736842105273
2026-09-30T13:49:00.838 0.0,0.0,0.0,0.0,0.0,0.47894736842105273
2026-09-30T13:49:00.887 0.0,0.0,0.0,0.0,0.0,0.47894736842105273
2026-09-30T13:49:00.937 0.0,0.0,0.0,0.0,0.0,0.47894736842105273
2026-09-30T13:49:00.987 0.0,0.0,0.0,0.0,0.0,0.47894736842105273
2026-09-30T13:49:01.047 0.0,0.0,0.0,0.0,0.0,0.47894736842105273
2026-09-30T13:49:01.087 0.0,0.0,0.0,0.0,0.0,0.47894736842105273
2026-09-30T13:49:01.137 0.0,0.0,0.0,0.0,0.0,0.47894736842105273
2026-09-30T13:49:01.187 0.0,0.0,0.0,0.0,0.0,0.40526315789473694
2026-09-30T13:49:01.237 0.0,0.0,0.0,0.0,0.0,0.40526315789473694
2026-09-30T13:49:01.287 0.0,0.0,0.0,0.0,0.0,0.40526315789473694
2026-09-30T13:49:01.337 0.0,0.0,0.0,0.0,0.0,0.40526315789473694
2026-09-30T13:49:01.387 0.0,0.0,0.0,0.0,0.0,0.40526315789473694
2026-09-30T13:49:01.437 0.0,0.0,0.0,0.0,0.0,0.40526315789473694
2026-09-30T13:49:01.487 0.0,0.0,0.0,0.0,0.0,0.40526315789473694
2026-09-30T13:49:01.537 0.0,0.0,0.0,0.0,0.0,0.40526315789473694
2026-09-30T13:49:01.587 0.0,0.0,0.0,0.0,0.0,0.40526315789473694
2026-09-30T13:49:01.637 0.0,0.0,0.0,0.0,0.0,0.40526315789473694
2026-09-30T13:49:01.687 0.0,0.0,0.0,0.0,0.0,0.40526315789473694
2026-09-30T13:49:01.737 0.0,0.0,0.0,0.0,0.0,0.5652631578947369
2026-09-30T13:49:01.787 0.0,0.0,0.0,0.0,0.0,0.7
2026-09-30T13:49:01.837 0.0,0.0,0.0,0.0,0.0,0.7
2026-09-30T13:49:01.897 0.0,0.0,0.0,0.0,0.0,0.7
2026-09-30T13:49:01.937 0.0,0.0,0.0,0.0,0.0,0.7
2026-09-30T13:49:01.987 0.0,0.0,0.0,0.0,0.0,0.5399999999999999
2026-09-30T13:49:02.037 0.0,0.0,0.0,0.0,0.0,0.3799999999999999
2026-09-30T13:49:02.087 0.0,0.0,0.0,0.0,0.0,0.2199999999999999
2026-09-30T13:49:02.137 0.0,0.0,0.0,0.0,0.0,0.05999999999999989
2026-09-30T13:49:02.187 0.0,0.0,0.0,0.0,0.0,-0.10000000000000012
2026-09-30T13:49:02.237 0.0,0.0,0.0,0.0,0.0,-0.2600000000000001
2026-09-30T13:49:02.287 0.0,0.0,0.0,0.0,0.0,-0.40526315789473677
2026-09-30T13:49:02.337 0.0,0.0,0.0,0.0,0.0,-0.40526315789473677
2026-09-30T13:49:02.388 0.0,0.0,0.0,0.0,0.0,-0.40526315789473677
2026-09-30T13:49:02.437 0.0,0.0,0.0,0.0,0.0,-0.47894736842105257
2026-09-30T13:49:02.487 0.0,0.0,0.0,0.0,0.0,-0.47894736842105257
2026-09-30T13:49:02.537 0.0,0.0,0.0,0.0,0.0,-0.47894736842105257
2026-09-30T13:49:02.587 0.0,0.0,0.0,0.0,0.0,-0.47894736842105257
2026-09-30T13:49:02.637 0.0,0.0,0.0,0.0,0.0,-0.47894736842105257
2026-09-30T13:49:02.687 0.0,0.0,0.0,0.0,0.0,-0.47894736842105257
2026-09-30T13:49:02.737 0.0,0.0,0.0,0.0,0.0,-0.47894736842105257
2026-09-30T13:49:02.788 0.0,0.0,0.0,0.0,0.0,-0.47894736842105257
2026-09-30T13:49:02.837 0.0,0.0,0.0,0.0,0.0,-0.47894736842105257
2026-09-30T13:49:02.887 0.0,0.0,0.0,0.0,0.0,-0.47894736842105257
2026-09-30T13:49:02.937 0.0,0.0,0.0,0.0,0.0,-0.47894736842105257
2026-09-30T13:49:02.987 0.0,0.0,0.0,0.0,0.0,-0.47894736842105257
2026-09-30T13:49:03.037 0.0,0.0,0.0,0.0,0.0,-0.47894736842105257
2026-09-30T13:49:03.087 0.0,0.0,0.0,0.0,0.0,-0.47894736842105257
2026-09-30T13:49:03.137 0.0,0.0,0.0,0.0,0.0,-0.5526315789473684
2026-09-30T13:49:03.187 0.0,0.0,0.0,0.0,0.0,-0.5526315789473684
2026-09-30T13:49:03.237 0.0,0.0,0.0,0.0,0.0,-0.5526315789473684
2026-09-30T13:49:03.287 0.0,0.0,0.0,0.0,0.0,-0.5526315789473684
2026-09-30T13:49:03.338 0.0,0.0,0.0,0.0,0.0,-0.5526315789473684
2026-09-30T13:49:03.388 0.0,0.0,0.0,0.0,0.0,-0.5526315789473684
2026-09-30T13:49:03.437 0.0,0.0,0.0,0.0,0.0,-0.5526315789473684
2026-09-30T13:49:03.487 0.0,0.0,0.0,0.0,0.0,-0.5526315789473684
2026-09-30T13:49:03.537 0.0,0.0,0.0,0.0,0.0,-0.5526315789473684
2026-09-30T13:49:03.587 0.0,0.0,0.0,0.0,0.0,-0.5526315789473684
2026-09-30T13:49:03.637 0.0,0.0,0.0,0.0,0.0,-0.5526315789473684
2026-09-30T13:49:03.687 0.0,0.0,0.0,0.0,0.0,-0.5526315789473684
2026-09-30T13:49:03.737 0.0,0.0,0.0,0.0,0.0,-0.5526315789473684
2026-09-30T13:49:03.787 0.0,0.0,0.0,0.0,0.0,-0.5526315789473684
2026-09-30T13:49:03.837 0.0,0.0,0.0,0.0,0.0,-0.5526315789473684
2026-09-30T13:49:03.887 0.0,0.0,0.0,0.0,0.0,-0.5526315789473684
2026-09-30T13:49:03.937 0.0,0.0,0.0,0.0,0.0,-0.5526315789473684
2026-09-30T13:49:03.987 0.0,0.0,0.0,0.0,0.0,-0.5526315789473684
2026-09-30T13:49:04.037 0.0,0.0,0.0,0.0,0.0,-0.7
2026-09-30T13:49:04.087 0.0,0.0,0.0,0.0,0.0,-0.7
2026-09-30T13:49:04.137 0.0,0.0,0.0,0.0,0.0,-0.7
2026-09-30T13:49:04.187 0.0,0.0,0.0,0.0,0.0,-0.7
2026-09-30T13:49:04.237 0.0,0.0,0.0,0.0,0.0,-0.7
2026-09-30T13:49:04.287 0.0,0.0,0.0,0.0,0.0,-0.7
2026-09-30T13:49:04.337 0.0,0.0,0.0,0.0,0.0,-0.7
2026-09-30T13:49:04.387 0.0,0.0,0.0,0.0,0.0,-0.7
2026-09-30T13:49:04.437 0.0,0.0,0.0,0.0,0.0,-0.7
2026-09-30T13:49:04.487 0.0,0.0,0.0,0.0,0.0,-0.7
2026-09-30T13:49:04.537 0.0,0.0,0.0,0.0,0.0,-0.7
2026-09-30T13:49:04.587 0.0,0.0,0.0,0.0,0.0,-0.7
2026-09-30T13:49:04.637 0.0,0.0,0.0,0.0,0.0,-0.7
2026-09-30T13:49:04.687 0.0,0.0,0.0,0.0,0.0,-0.7
2026-09-30T13:49:04.737 0.0,0.0,0.0,0.0,0.0,-0.7
2026-09-30T13:49:04.787 0.0,0.0,0.0,0.0,0.0,-0.7
2026-09-30T13:49:04.837 0.0,0.0,0.0,0.0,0.0,-0.7
2026-09-30T13:49:04.887 0.0,0.0,0.0,0.0,0.0,-0.7
2026-09-30T13:49:04.937 0.0,0.0,0.0,0.0,0.0,-0.7
2026-09-30T13:49:04.987 0.0,0.0,0.0,0.0,0.0,-0.7
2026-09-30T13:49:05.037 0.0,0.0,0.0,0.0,0.0,-0.7
2026-09-30T13:49:05.087 0.0,0.0,0.0,0.0,0.0,-0.5399999999999999
2026-09-30T13:49:05.137 0.0,0.0,0.0,0.0,0.0,-0.40526315789473677
2026-09-30T13:49:05.188 0.0,0.0,0.0,0.0,0.0,-0.40526315789473677
2026-09-30T13:49:05.237 0.0,0.0,0.0,0.0,0.0,-0.40526315789473677
2026-09-30T13:49:05.287 0.0,0.0,0.0,0.0,0.0,-0.331578947368421
2026-09-30T13:49:05.337 0.0,0.0,0.0,0.0,0.0,-0.331578947368421
2026-09-30T13:49:05.387 0.0,0.0,0.0,0.0,0.0,-0.331578947368421
2026-09-30T13:49:05.437 0.0,0.0,0.0,0.0,0.0,-0.331578947368421
2026-09-30T13:49:05.487 0.0,0.0,0.0,0.0,0.0,-0.331578947368421
2026-09-30T13:49:05.537 0.0,0.0,0.0,0.0,0.0,-0.331578947368421
2026-09-30T13:49:05.587 0.0,0.0,0.0,0.0,0.0,-0.331578947368421
2026-09-30T13:49:05.637 0.0,0.0,0.0,0.0,0.0,-0.331578947368421
2026-09-30T13:49:05.687 0.0,0.0,0.0,0.0,0.0,-0.331578947368421
2026-09-30T13:49:05.737 0.0,0.0,0.0,0.0,0.0,-0.331578947368421
2026-09-30T13:49:05.788 0.0,0.0,0.0,0.0,0.0,-0.2578947368421052
2026-09-30T13:49:05.837 0.0,0.0,0.0,0.0,0.0,-0.2578947368421052
2026-09-30T13:49:05.887 0.0,0.0,0.0,0.0,0.0,-0.2578947368421052
2026-09-30T13:49:05.937 0.0,0.0,0.0,0.0,0.0,-0.2578947368421052
2026-09-30T13:49:05.997 0.0,0.0,0.0,0.0,0.0,-0.09789473684210517
2026-09-30T13:49:06.037 0.0,0.0,0.0,0.0,0.0,0.06210526315789483
2026-09-30T13:49:06.088 0.0,0.0,0.0,0.0,0.0,0.22210526315789483
2026-09-30T13:49:06.137 0.0,0.0,0.0,0.0,0.0,0.38210526315789484
2026-09-30T13:49:06.197 0.0,0.0,0.0,0.0,0.0,0.47894736842105273
2026-09-30T13:49:06.237 0.0,0.0,0.0,0.0,0.0,0.47894736842105273
2026-09-30T13:49:06.287 0.0,0.0,0.0,0.0,0.0,0.47894736842105273
2026-09-30T13:49:06.338 0.0,0.0,0.0,0.0,0.0,0.47894736842105273
2026-09-30T13:49:06.387 0.0,0.0,0.0,0.0,0.0,0.47894736842105273
2026-09-30T13:49:06.437 0.0,0.0,0.0,0.0,0.0,0.47894736842105273
2026-09-30T13:49:06.488 0.0,0.0,0.0,0.0,0.0,0.47894736842105273
2026-09-30T13:49:06.537 0.0,0.0,0.0,0.0,0.0,0.47894736842105273
2026-09-30T13:49:06.587 0.0,0.0,0.0,0.0,0.0,0.5526315789473685
2026-09-30T13:49:06.637 0.0,0.0,0.0,0.0,0.0,0.5526315789473685
2026-09-30T13:49:06.687 0.0,0.0,0.0,0.0,0.0,0.5526315789473685
2026-09-30T13:49:06.737 0.0,0.0,0.0,0.0,0.0,0.5526315789473685
2026-09-30T13:49:06.787 0.0,0.0,0.0,0.0,0.0,0.5526315789473685
2026-09-30T13:49:06.837 0.0,0.0,0.0,0.0,0.0,0.5526315789473685
2026-09-30T13:49:06.887 0.0,0.0,0.0,0.0,0.0,0.5526315789473685
2026-09-30T13:49:06.937 0.0,0.0,0.0,0.0,0.0,0.5526315789473685
2026-09-30T13:49:06.989 0.0,0.0,0.0,0.0,0.0,0.5526315789473685
2026-09-30T13:49:07.037 0.0,0.0,0.0,0.0,0.0,0.5526315789473685
2026-09-30T13:49:07.088 0.0,0.0,0.0,0.0,0.0,0.5526315789473685
2026-09-30T13:49:07.137 0.0,0.0,0.0,0.0,0.0,0.5526315789473685
2026-09-30T13:49:07.187 0.0,0.0,0.0,0.0,0.0,0.5526315789473685
2026-09-30T13:49:07.237 0.0,0.0,0.0,0.0,0.0,0.5526315789473685
2026-09-30T13:49:07.287 0.0,0.0,0.0,0.0,0.0,0.5526315789473685
2026-09-30T13:49:07.337 0.0,0.0,0.0,0.0,0.0,0.5526315789473685
2026-09-30T13:49:07.387 0.0,0.0,0.0,0.0,0.0,0.5526315789473685
2026-09-30T13:49:07.437 0.0,0.0,0.0,0.0,0.0,0.5526315789473685
2026-09-30T13:49:07.487 0.0,0.0,0.0,0.0,0.0,0.5526315789473685
2026-09-30T13:49:07.537 0.0,0.0,0.0,0.0,0.0,0.5526315789473685
2026-09-30T13:49:07.587 0.0,0.0,0.0,0.0,0.0,0.47894736842105273
2026-09-30T13:49:07.637 0.0,0.0,0.0,0.0,0.0,0.47894736842105273
2026-09-30T13:49:07.687 0.0,0.0,0.0,0.0,0.0,0.47894736842105273
2026-09-30T13:49:07.737 0.0,0.0,0.0,0.0,0.0,0.47894736842105273
2026-09-30T13:49:07.787 0.0,0.0,0.0,0.0,0.0,0.47894736842105273
2026-09-30T13:49:07.838 0.0,0.0,0.0,0.0,0.0,0.47894736842105273
2026-09-30T13:49:07.887 0.0,0.0,0.0,0.0,0.0,0.47894736842105273
2026-09-30T13:49:07.937 0.0,0.0,0.0,0.0,0.0,0.47894736842105273
2026-09-30T13:49:07.987 0.0,0.0,0.0,0.0,0.0,0.47894736842105273
2026-09-30T13:49:08.037 0.0,0.0,0.0,0.0,0.0,0.47894736842105273
2026-09-30T13:49:08.087 0.0,0.0,0.0,0.0,0.0,0.47894736842105273
2026-09-30T13:49:08.137 0.0,0.0,0.0,0.0,0.0,0.47894736842105273
2026-09-30T13:49:08.187 0.0,0.0,0.0,0.0,0.0,0.47894736842105273
2026-09-30T13:49:08.247 0.0,0.0,0.0,0.0,0.0,0.47894736842105273
2026-09-30T13:49:08.287 0.0,0.0,0.0,0.0,0.0,0.47894736842105273
2026-09-30T13:49:08.337 0.0,0.0,0.0,0.0,0.0,0.47894736842105273
2026-09-30T13:49:08.387 0.0,0.0,0.0,0.0,0.0,0.47894736842105273
2026-09-30T13:49:08.437 0.0,0.0,0.0,0.0,0.0,0.47894736842105273
2026-09-30T13:49:08.487 0.0,0.0,0.0,0.0,0.0,0.47894736842105273
2026-09-30T13:49:08.537 0.0,0.0,0.0,0.0,0.0,0.47894736842105273
2026-09-30T13:49:08.587 0.0,0.0,0.0,0.0,0.0,0.40526315789473694
2026-09-30T13:49:08.637 0.0,0.0,0.0,0.0,0.0,0.40526315789473694
2026-09-30T13:49:08.687 0.0,0.0,0.0,0.0,0.0,0.40526315789473694
2026-09-30T13:49:08.737 0.0,0.0,0.0,0.0,0.0,0.40526315789473694
2026-09-30T13:49:08.788 0.0,0.0,0.0,0.0,0.0,0.40526315789473694
2026-09-30T13:49:08.837 0.0,0.0,0.0,0.0,0.0,0.40526315789473694
2026-09-30T13:49:08.887 0.0,0.0,0.0,0.0,0.0,0.40526315789473694
2026-09-30T13:49:08.937 0.0,0.0,0.0,0.0,0.0,0.40526315789473694
2026-09-30T13:49:08.987 0.0,0.0,0.0,0.0,0.0,0.40526315789473694
2026-09-30T13:49:09.037 0.0,0.0,0.0,0.0,0.0,0.40526315789473694
2026-09-30T13:49:09.087 0.0,0.0,0.0,0.0,0.0,0.40526315789473694
2026-09-30T13:49:09.137 0.0,0.0,0.0,0.0,0.0,0.40526315789473694
2026-09-30T13:49:09.187 0.0,0.0,0.0,0.0,0.0,0.40526315789473694
2026-09-30T13:49:09.237 0.0,0.0,0.0,0.0,0.0,0.40526315789473694
2026-09-30T13:49:09.287 0.0,0.0,0.0,0.0,0.0,0.40526315789473694
2026-09-30T13:49:09.337 0.0,0.0,0.0,0.0,0.0,0.40526315789473694
2026-09-30T13:49:09.397 0.0,0.0,0.0,0.0,0.0,0.40526315789473694
2026-09-30T13:49:09.437 0.0,0.0,0.0,0.0,0.0,0.40526315789473694
2026-09-30T13:49:09.487 0.0,0.0,0.0,0.0,0.0,0.40526315789473694
2026-09-30T13:49:09.537 0.0,0.0,0.0,0.0,0.0,0.33157894736842114
2026-09-30T13:49:09.588 0.0,0.0,0.0,0.0,0.0,0.33157894736842114
2026-09-30T13:49:09.637 0.0,0.0,0.0,0.0,0.0,0.33157894736842114
2026-09-30T13:49:09.687 0.0,0.0,0.0,0.0,0.0,0.33157894736842114
2026-09-30T13:49:09.737 0.0,0.0,0.0,0.0,0.0,0.33157894736842114
2026-09-30T13:49:09.787 0.0,0.0,0.0,0.0,0.0,0.33157894736842114
2026-09-30T13:49:09.837 0.0,0.0,0.0,0.0,0.0,0.33157894736842114
2026-09-30T13:49:09.887 0.0,0.0,0.0,0.0,0.0,0.33157894736842114
2026-09-30T13:49:09.937 0.0,0.0,0.0,0.0,0.0,0.33157894736842114
2026-09-30T13:49:09.987 0.0,0.0,0.0,0.0,0.0,0.33157894736842114
2026-09-30T13:49:10.037 0.0,0.0,0.0,0.0,0.0,0.33157894736842114
2026-09-30T13:49:10.087 0.0,0.0,0.0,0.0,0.0,0.33157894736842114
2026-09-30T13:49:10.137 0.0,0.0,0.0,0.0,0.0,0.33157894736842114
2026-09-30T13:49:10.188 0.0,0.0,0.0,0.0,0.0,0.17157894736842114
2026-09-30T13:49:10.237 0.0,0.0,0.0,0.0,0.0,0.011578947368421133
2026-09-30T13:49:10.287 0.0,0.0,0.0,0.0,0.0,-0.14842105263157887
2026-09-30T13:49:10.337 0.0,0.0,0.0,0.0,0.0,-0.3084210526315789
2026-09-30T13:49:10.387 0.0,0.0,0.0,0.0,0.0,-0.46842105263157885
2026-09-30T13:49:10.437 0.0,0.0,0.0,0.0,0.0,-0.6284210526315789
2026-09-30T13:49:10.487 0.0,0.0,0.0,0.0,0.0,-0.7
2026-09-30T13:49:10.537 0.0,0.0,0.0,0.0,0.0,-0.7
2026-09-30T13:49:10.790 0.0,0.0,0.0,0.0,0.0,-0.7
2026-09-30T13:49:11.262 0.0,0.0,0.0,0.0,0.0,-0.7
2026-09-30T13:49:11.302 0.0,0.0,0.0,0.0,0.0,-0.7
2026-09-30T13:49:11.352 0.0,0.0,0.0,0.0,0.0,-0.7
2026-09-30T13:49:11.402 0.0,0.0,0.0,0.0,0.0,-0.7
2026-09-30T13:49:11.452 0.0,0.0,0.0,0.0,0.0,-0.7
2026-09-30T13:49:11.503 0.0,0.0,0.0,0.0,0.0,-0.7
2026-09-30T13:49:11.552 0.0,0.0,0.0,0.0,0.0,-0.7
2026-09-30T13:49:11.602 0.0,0.0,0.0,0.0,0.0,-0.7
2026-09-30T13:49:11.652 0.0,0.0,0.0,0.0,0.0,-0.7
2026-09-30T13:49:11.702 0.0,0.0,0.0,0.0,0.0,-0.7
2026-09-30T13:49:11.752 0.0,0.0,0.0,0.0,0.0,-0.7
2026-09-30T13:49:11.802 0.0,0.0,0.0,0.0,0.0,-0.7
2026-09-30T13:49:11.852 0.0,0.0,0.0,0.0,0.0,-0.7
2026-09-30T13:49:11.902 0.0,0.0,0.0,0.0,0.0,-0.7
2026-09-30T13:49:11.952 0.0,0.0,0.0,0.0,0.0,-0.7
2026-09-30T13:49:12.002 0.0,0.0,0.0,0.0,0.0,-0.7
2026-09-30T13:49:12.052 0.0,0.0,0.0,0.0,0.0,-0.7
2026-09-30T13:49:12.102 0.0,0.0,0.0,0.0,0.0,-0.7
2026-09-30T13:49:12.152 0.0,0.0,0.0,0.0,0.0,-0.7
2026-09-30T13:49:12.203 0.0,0.0,0.0,0.0,0.0,-0.7
2026-09-30T13:49:12.252 0.0,0.0,0.0,0.0,0.0,-0.7
2026-09-30T13:49:12.302 0.0,0.0,0.0,0.0,0.0,-0.7
2026-09-30T13:49:12.352 0.0,0.0,0.0,0.0,0.0,-0.7
2026-09-30T13:49:12.421 0.0,0.0,0.0,0.0,0.0,-0.7
2026-09-30T13:49:12.452 0.0,0.0,0.0,0.0,0.0,-0.7
2026-09-30T13:49:12.502 0.0,0.0,0.0,0.0,0.0,-0.7
2026-09-30T13:49:12.552 0.0,0.0,0.0,0.0,0.0,-0.7
2026-09-30T13:49:12.602 0.0,0.0,0.0,0.0,0.0,-0.7
2026-09-30T13:49:12.652 0.0,0.0,0.0,0.0,0.0,-0.7
2026-09-30T13:49:12.702 0.0,0.0,0.0,0.0,0.0,-0.7
2026-09-30T13:49:12.752 0.0,0.0,0.0,0.0,0.0,-0.7
2026-09-30T13:49:12.803 0.0,0.0,0.0,0.0,0.0,-0.7
2026-09-30T13:49:12.852 0.0,0.0,0.0,0.0,0.0,-0.7
2026-09-30T13:49:12.902 0.0,0.0,0.0,0.0,0.0,-0.7
2026-09-30T13:49:12.952 0.0,0.0,0.0,0.0,0.0,-0.7
2026-09-30T13:49:13.003 0.0,0.0,0.0,0.0,0.0,-0.7
2026-09-30T13:49:13.052 0.0,0.0,0.0,0.0,0.0,-0.7
2026-09-30T13:49:13.102 0.0,0.0,0.0,0.0,0.0,-0.7
2026-09-30T13:49:13.152 0.0,0.0,0.0,0.0,0.0,-0.7
2026-09-30T13:49:13.203 0.0,0.0,0.0,0.0,0.0,-0.7
2026-09-30T13:49:13.252 0.0,0.0,0.0,0.0,0.0,-0.7
2026-09-30T13:49:13.302 0.0,0.0,0.0,0.0,0.0,-0.7
2026-09-30T13:49:13.352 0.0,0.0,0.0,0.0,0.0,-0.7
2026-09-30T13:49:13.403 0.0,0.0,0.0,0.0,0.0,-0.7
2026-09-30T13:49:13.452 0.0,0.0,0.0,0.0,0.0,-0.7
2026-09-30T13:49:13.503 0.0,0.0,0.0,0.0,0.0,-0.7
2026-09-30T13:49:13.552 0.0,0.0,0.0,0.0,0.0,-0.7
2026-09-30T13:49:13.602 0.0,0.0,0.0,0.0,0.0,-0.7
2026-09-30T13:49:13.653 0.0,0.0,0.0,0.0,0.0,-0.7
2026-09-30T13:49:13.702 0.0,0.0,0.0,0.0,0.0,-0.7
2026-09-30T13:49:13.752 0.0,0.0,0.0,0.0,0.0,-0.7
2026-09-30T13:49:13.803 0.0,0.0,0.0,0.0,0.0,-0.7
2026-09-30T13:49:13.852 0.0,0.0,0.0,0.0,0.0,-0.7
2026-09-30T13:49:13.902 0.0,0.0,0.0,0.0,0.0,-0.7
2026-09-30T13:49:13.953 0.0,0.0,0.0,0.0,0.0,-0.7
2026-09-30T13:49:14.002 0.0,0.0,0.0,0.0,0.0,-0.7
2026-09-30T13:49:14.062 0.0,0.0,0.0,0.0,0.0,-0.7
2026-09-30T13:49:14.102 0.0,0.0,0.0,0.0,0.0,-0.7
2026-09-30T13:49:14.152 0.0,0.0,0.0,0.0,0.0,-0.7
2026-09-30T13:49:14.203 0.0,0.0,0.0,0.0,0.0,-0.7
2026-09-30T13:49:14.252 0.0,0.0,0.0,0.0,0.0,-0.7
2026-09-30T13:49:14.302 0.0,0.0,0.0,0.0,0.0,-0.7
2026-09-30T13:49:14.352 0.0,0.0,0.0,0.0,0.0,-0.7
2026-09-30T13:49:14.402 0.0,0.0,0.0,0.0,0.0,-0.7
2026-09-30T13:49:14.452 0.0,0.0,0.0,0.0,0.0,-0.7
2026-09-30T13:49:14.512 0.0,0.0,0.0,0.0,0.0,-0.7
2026-09-30T13:49:14.552 0.0,0.0,0.0,0.0,0.0,-0.7
2026-09-30T13:49:14.602 0.0,0.0,0.0,0.0,0.0,-0.7
2026-09-30T13:49:14.652 0.0,0.0,0.0,0.0,0.0,-0.7
2026-09-30T13:49:14.702 0.0,0.0,0.0,0.0,0.0,-0.7
2026-09-30T13:49:14.752 0.0,0.0,0.0,0.0,0.0,-0.7
2026-09-30T13:49:14.802 0.0,0.0,0.0,0.0,0.0,-0.7
2026-09-30T13:49:14.853 0.0,0.0,0.0,0.0,0.0,-0.7
2026-09-30T13:49:14.902 0.0,0.0,0.0,0.0,0.0,-0.7
2026-09-30T13:49:14.952 0.0,0.0,0.0,0.0,0.0,-0.7
2026-09-30T13:49:15.002 0.0,0.0,0.0,0.0,0.0,-0.7
2026-09-30T13:49:15.052 0.0,0.0,0.0,0.0,0.0,-0.7
2026-09-30T13:49:15.102 0.0,0.0,0.0,0.0,0.0,-0.7
2026-09-30T13:49:15.163 0.0,0.0,0.0,0.0,0.0,-0.7
2026-09-30T13:49:15.202 0.0,0.0,0.0,0.0,0.0,-0.7
2026-09-30T13:49:15.252 0.0,0.0,0.0,0.0,0.0,-0.7
2026-09-30T13:49:15.302 0.0,0.0,0.0,0.0,0.0,-0.7
2026-09-30T13:49:15.353 0.0,0.0,0.0,0.0,0.0,-0.7
2026-09-30T13:49:15.402 0.0,0.0,0.0,0.0,0.0,-0.7
2026-09-30T13:49:15.452 0.0,0.0,0.0,0.0,0.0,-0.7
2026-09-30T13:49:15.502 0.0,0.0,0.0,0.0,0.0,-0.7
2026-09-30T13:49:15.552 0.0,0.0,0.0,0.0,0.0,-0.7
2026-09-30T13:49:15.602 0.0,0.0,0.0,0.0,0.0,-0.7
2026-09-30T13:49:15.652 0.0,0.0,0.0,0.0,0.0,-0.7
2026-09-30T13:49:15.702 0.0,0.0,0.0,0.0,0.0,-0.7
2026-09-30T13:49:15.752 0.0,0.0,0.0,0.0,0.0,-0.7
2026-09-30T13:49:15.802 0.0,0.0,0.0,0.0,0.0,-0.7
2026-09-30T13:49:15.852 0.0,0.0,0.0,0.0,0.0,-0.7
2026-09-30T13:49:15.902 0.0,0.0,0.0,0.0,0.0,-0.7
2026-09-30T13:49:15.952 0.0,0.0,0.0,0.0,0.0,-0.7
2026-09-30T13:49:16.002 0.0,0.0,0.0,0.0,0.0,-0.7
2026-09-30T13:49:16.052 0.0,0.0,0.0,0.0,0.0,-0.7
2026-09-30T13:49:16.102 0.0,0.0,0.0,0.0,0.0,-0.7
2026-09-30T13:49:16.152 0.0,0.0,0.0,0.0,0.0,-0.7
2026-09-30T13:49:16.202 0.0,0.0,0.0,0.0,0.0,-0.7
2026-09-30T13:49:16.252 0.0,0.0,0.0,0.0,0.0,-0.7
2026-09-30T13:49:16.302 0.0,0.0,0.0,0.0,0.0,-0.7
2026-09-30T13:49:16.352 0.0,0.0,0.0,0.0,0.0,-0.7
2026-09-30T13:49:16.402 0.0,0.0,0.0,0.0,0.0,-0.7
2026-09-30T13:49:16.452 0.0,0.0,0.0,0.0,0.0,-0.7
2026-09-30T13:49:16.502 0.0,0.0,0.0,0.0,0.0,-0.7
2026-09-30T13:49:16.552 0.0,0.0,0.0,0.0,0.0,-0.7
2026-09-30T13:49:16.602 0.0,0.0,0.0,0.0,0.0,-0.7
2026-09-30T13:49:16.652 0.0,0.0,0.0,0.0,0.0,-0.7
2026-09-30T13:49:16.702 0.0,0.0,0.0,0.0,0.0,-0.7
2026-09-30T13:49:16.752 0.0,0.0,0.0,0.0,0.0,-0.7
2026-09-30T13:49:16.802 0.0,0.0,0.0,0.0,0.0,-0.7
2026-09-30T13:49:16.852 0.0,0.0,0.0,0.0,0.0,-0.7
2026-09-30T13:49:16.902 0.0,0.0,0.0,0.0,0.0,-0.7
2026-09-30T13:49:16.952 0.0,0.0,0.0,0.0,0.0,-0.7
2026-09-30T13:49:17.002 0.0,0.0,0.0,0.0,0.0,-0.7
2026-09-30T13:49:17.052 0.0,0.0,0.0,0.0,0.0,-0.7
2026-09-30T13:49:17.102 0.0,0.0,0.0,0.0,0.0,-0.7
2026-09-30T13:49:17.152 0.0,0.0,0.0,0.0,0.0,-0.7
2026-09-30T13:49:17.202 0.0,0.0,0.0,0.0,0.0,-0.7
2026-09-30T13:49:17.253 0.0,0.0,0.0,0.0,0.0,-0.7
2026-09-30T13:49:17.302 0.0,0.0,0.0,0.0,0.0,-0.7
2026-09-30T13:49:17.352 0.0,0.0,0.0,0.0,0.0,-0.7
2026-09-30T13:49:17.402 0.0,0.0,0.0,0.0,0.0,-0.7
2026-09-30T13:49:17.452 0.0,0.0,0.0,0.0,0.0,-0.7
2026-09-30T13:49:17.503 0.0,0.0,0.0,0.0,0.0,-0.7
2026-09-30T13:49:17.552 0.0,0.0,0.0,0.0,0.0,-0.7
2026-09-30T13:49:17.603 0.0,0.0,0.0,0.0,0.0,-0.7
2026-09-30T13:49:17.652 0.0,0.0,0.0,0.0,0.0,-0.7
2026-09-30T13:49:17.702 0.0,0.0,0.0,0.0,0.0,-0.7
2026-09-30T13:49:17.752 0.0,0.0,0.0,0.0,0.0,-0.7
2026-09-30T13:49:17.802 0.0,0.0,0.0,0.0,0.0,-0.7
2026-09-30T13:49:17.852 0.0,0.0,0.0,0.0,0.0,-0.7
2026-09-30T13:49:17.902 0.0,0.0,0.0,0.0,0.0,-0.7
2026-09-30T13:49:17.953 0.0,0.0,0.0,0.0,0.0,-0.7
2026-09-30T13:49:18.002 0.0,0.0,0.0,0.0,0.0,-0.7
2026-09-30T13:49:18.052 0.0,0.0,0.0,0.0,0.0,-0.7
2026-09-30T13:49:18.102 0.0,0.0,0.0,0.0,0.0,-0.7
2026-09-30T13:49:18.152 0.0,0.0,0.0,0.0,0.0,-0.7
2026-09-30T13:49:18.202 0.0,0.0,0.0,0.0,0.0,-0.7
2026-09-30T13:49:18.252 0.0,0.0,0.0,0.0,0.0,-0.7
2026-09-30T13:49:18.302 0.0,0.0,0.0,0.0,0.0,-0.7
2026-09-30T13:49:18.352 0.0,0.0,0.0,0.0,0.0,-0.7
2026-09-30T13:49:18.402 0.0,0.0,0.0,0.0,0.0,-0.7
2026-09-30T13:49:18.452 0.0,0.0,0.0,0.0,0.0,-0.7
2026-09-30T13:49:18.503 0.0,0.0,0.0,0.0,0.0,-0.7
2026-09-30T13:49:18.552 0.0,0.0,0.0,0.0,0.0,-0.7
2026-09-30T13:49:18.602 0.0,0.0,0.0,0.0,0.0,-0.7
2026-09-30T13:49:18.652 0.0,0.0,0.0,0.0,0.0,-0.7
2026-09-30T13:49:18.702 0.0,0.0,0.0,0.0,0.0,-0.7
2026-09-30T13:49:18.752 0.0,0.0,0.0,0.0,0.0,-0.7
2026-09-30T13:49:18.802 0.0,0.0,0.0,0.0,0.0,-0.7
2026-09-30T13:49:18.853 0.0,0.0,0.0,0.0,0.0,-0.6263157894736842
2026-09-30T13:49:18.902 0.0,0.0,0.0,0.0,0.0,-0.6263157894736842
2026-09-30T13:49:18.952 0.0,0.0,0.0,0.0,0.0,-0.7
2026-09-30T13:49:19.002 0.0,0.0,0.0,0.0,0.0,-0.7
2026-09-30T13:49:19.052 0.0,0.0,0.0,0.0,0.0,-0.7
2026-09-30T13:49:19.102 0.0,0.0,0.0,0.0,0.0,-0.7
2026-09-30T13:49:19.152 0.0,0.0,0.0,0.0,0.0,-0.7
2026-09-30T13:49:19.202 0.0,0.0,0.0,0.0,0.0,-0.7
2026-09-30T13:49:19.252 0.0,0.0,0.0,0.0,0.0,-0.7
2026-09-30T13:49:19.302 0.0,0.0,0.0,0.0,0.0,-0.7
2026-09-30T13:49:19.352 0.0,0.0,0.0,0.0,0.0,-0.5526315789473684
2026-09-30T13:49:19.402 0.0,0.0,0.0,0.0,0.0,-0.5526315789473684
2026-09-30T13:49:19.452 0.0,0.0,0.0,0.0,0.0,-0.5526315789473684
2026-09-30T13:49:19.503 0.0,0.0,0.0,0.0,0.0,-0.5526315789473684
2026-09-30T13:49:19.552 0.0,0.0,0.0,0.0,0.0,-0.7
2026-09-30T13:49:19.602 0.0,0.0,0.0,0.0,0.0,-0.7
2026-09-30T13:49:19.653 0.0,0.0,0.0,0.0,0.0,-0.7
2026-09-30T13:49:19.702 0.0,0.0,0.0,0.0,0.0,-0.5399999999999999
2026-09-30T13:49:19.752 0.0,0.0,0.0,0.0,0.0,-0.7
2026-09-30T13:49:19.802 0.0,0.0,0.0,0.0,0.0,-0.7
2026-09-30T13:49:19.852 0.0,0.0,0.0,0.0,0.0,-0.5399999999999999
2026-09-30T13:49:19.902 0.0,0.0,0.0,0.0,0.0,-0.47894736842105257
2026-09-30T13:49:19.952 0.0,0.0,0.0,0.0,0.0,-0.47894736842105257
2026-09-30T13:49:20.002 0.0,0.0,0.0,0.0,0.0,-0.47894736842105257
2026-09-30T13:49:20.052 0.0,0.0,0.0,0.0,0.0,-0.47894736842105257
2026-09-30T13:49:20.102 0.0,0.0,0.0,0.0,0.0,-0.47894736842105257
2026-09-30T13:49:20.152 0.0,0.0,0.0,0.0,0.0,-0.47894736842105257
2026-09-30T13:49:20.202 0.0,0.0,0.0,0.0,0.0,-0.47894736842105257
2026-09-30T13:49:20.252 0.0,0.0,0.0,0.0,0.0,-0.6389473684210526
2026-09-30T13:49:20.302 0.0,0.0,0.0,0.0,0.0,-0.7
2026-09-30T13:49:20.352 0.0,0.0,0.0,0.0,0.0,-0.5399999999999999
2026-09-30T13:49:20.403 0.0,0.0,0.0,0.0,0.0,-0.40526315789473677
2026-09-30T13:49:20.452 0.0,0.0,0.0,0.0,0.0,-0.40526315789473677
2026-09-30T13:49:20.503 0.0,0.0,0.0,0.0,0.0,-0.40526315789473677
2026-09-30T13:49:20.552 0.0,0.0,0.0,0.0,0.0,-0.40526315789473677
2026-09-30T13:49:20.602 0.0,0.0,0.0,0.0,0.0,-0.40526315789473677
2026-09-30T13:49:20.652 0.0,0.0,0.0,0.0,0.0,-0.40526315789473677
2026-09-30T13:49:20.702 0.0,0.0,0.0,0.0,0.0,-0.40526315789473677
2026-09-30T13:49:20.752 0.0,0.0,0.0,0.0,0.0,-0.40526315789473677
2026-09-30T13:49:20.803 0.0,0.0,0.0,0.0,0.0,-0.5652631578947368
2026-09-30T13:49:20.852 0.0,0.0,0.0,0.0,0.0,-0.7
2026-09-30T13:49:20.903 0.0,0.0,0.0,0.0,0.0,-0.7
2026-09-30T13:49:20.952 0.0,0.0,0.0,0.0,0.0,-0.7
2026-09-30T13:49:21.003 0.0,0.0,0.0,0.0,0.0,-0.7
2026-09-30T13:49:21.052 0.0,0.0,0.0,0.0,0.0,-0.7
2026-09-30T13:49:21.102 0.0,0.0,0.0,0.0,0.0,-0.7
2026-09-30T13:49:21.152 0.0,0.0,0.0,0.0,0.0,-0.7
2026-09-30T13:49:21.202 0.0,0.0,0.0,0.0,0.0,-0.7
2026-09-30T13:49:21.252 0.0,0.0,0.0,0.0,0.0,-0.7
2026-09-30T13:49:21.303 0.0,0.0,0.0,0.0,0.0,-0.7
2026-09-30T13:49:21.352 0.0,0.0,0.0,0.0,0.0,-0.7
2026-09-30T13:49:21.402 0.0,0.0,0.0,0.0,0.0,-0.7
2026-09-30T13:49:21.452 0.0,0.0,0.0,0.0,0.0,-0.7
2026-09-30T13:49:21.502 0.0,0.0,0.0,0.0,0.0,-0.7
2026-09-30T13:49:21.552 0.0,0.0,0.0,0.0,0.0,-0.7
2026-09-30T13:49:21.602 0.0,0.0,0.0,0.0,0.0,-0.7
2026-09-30T13:49:21.652 0.0,0.0,0.0,0.0,0.0,-0.7
2026-09-30T13:49:21.702 0.0,0.0,0.0,0.0,0.0,-0.7
2026-09-30T13:49:21.753 0.0,0.0,0.0,0.0,0.0,-0.7
2026-09-30T13:49:21.802 0.0,0.0,0.0,0.0,0.0,-0.7
2026-09-30T13:49:21.852 0.0,0.0,0.0,0.0,0.0,-0.7
2026-09-30T13:49:21.902 0.0,0.0,0.0,0.0,0.0,-0.7
2026-09-30T13:49:21.952 0.0,0.0,0.0,0.0,0.0,-0.7
2026-09-30T13:49:22.002 0.0,0.0,0.0,0.0,0.0,-0.7
2026-09-30T13:49:22.053 0.0,0.0,0.0,0.0,0.0,-0.7
2026-09-30T13:49:22.102 0.0,0.0,0.0,0.0,0.0,-0.7
2026-09-30T13:49:22.152 0.0,0.0,0.0,0.0,0.0,-0.7
2026-09-30T13:49:22.202 0.0,0.0,0.0,0.0,0.0,-0.7
2026-09-30T13:49:22.252 0.0,0.0,0.0,0.0,0.0,-0.7
2026-09-30T13:49:22.302 0.0,0.0,0.0,0.0,0.0,-0.7
2026-09-30T13:49:22.352 0.0,0.0,0.0,0.0,0.0,-0.7
2026-09-30T13:49:22.402 0.0,0.0,0.0,0.0,0.0,-0.7
2026-09-30T13:49:22.462 0.0,0.0,0.0,0.0,0.0,-0.7
2026-09-30T13:49:22.502 0.0,0.0,0.0,0.0,0.0,-0.7
2026-09-30T13:49:22.552 0.0,0.0,0.0,0.0,0.0,-0.7
2026-09-30T13:49:22.602 0.0,0.0,0.0,0.0,0.0,-0.7
2026-09-30T13:49:22.652 0.0,0.0,0.0,0.0,0.0,-0.7
2026-09-30T13:49:22.702 0.0,0.0,0.0,0.0,0.0,-0.7
2026-09-30T13:49:22.752 0.0,0.0,0.0,0.0,0.0,-0.7
2026-09-30T13:49:22.802 0.0,0.0,0.0,0.0,0.0,-0.7
2026-09-30T13:49:22.852 0.0,0.0,0.0,0.0,0.0,-0.7
2026-09-30T13:49:22.902 0.0,0.0,0.0,0.0,0.0,-0.7
2026-09-30T13:49:22.952 0.0,0.0,0.0,0.0,0.0,-0.7
2026-09-30T13:49:23.003 0.0,0.0,0.0,0.0,0.0,-0.7
2026-09-30T13:49:23.052 0.0,0.0,0.0,0.0,0.0,-0.7
2026-09-30T13:49:23.102 0.0,0.0,0.0,0.0,0.0,-0.7
2026-09-30T13:49:23.152 0.0,0.0,0.0,0.0,0.0,-0.7
2026-09-30T13:49:23.202 0.0,0.0,0.0,0.0,0.0,-0.7
2026-09-30T13:49:23.252 0.0,0.0,0.0,0.0,0.0,-0.7
2026-09-30T13:49:23.302 0.0,0.0,0.0,0.0,0.0,-0.7
2026-09-30T13:49:23.352 0.0,0.0,0.0,0.0,0.0,-0.7
2026-09-30T13:49:23.403 0.0,0.0,0.0,0.0,0.0,-0.7
2026-09-30T13:49:23.452 0.0,0.0,0.0,0.0,0.0,-0.7
2026-09-30T13:49:23.502 0.0,0.0,0.0,0.0,0.0,-0.7
2026-09-30T13:49:23.562 0.0,0.0,0.0,0.0,0.0,-0.7
2026-09-30T13:49:23.602 0.0,0.0,0.0,0.0,0.0,-0.7
2026-09-30T13:49:23.652 0.0,0.0,0.0,0.0,0.0,-0.7
2026-09-30T13:49:23.702 0.0,0.0,0.0,0.0,0.0,-0.7
2026-09-30T13:49:23.752 0.0,0.0,0.0,0.0,0.0,-0.7
2026-09-30T13:49:23.802 0.0,0.0,0.0,0.0,0.0,-0.7
2026-09-30T13:49:23.852 0.0,0.0,0.0,0.0,0.0,-0.7
2026-09-30T13:49:23.902 0.0,0.0,0.0,0.0,0.0,-0.7
2026-09-30T13:49:23.952 0.0,0.0,0.0,0.0,0.0,-0.7
2026-09-30T13:49:24.002 0.0,0.0,0.0,0.0,0.0,-0.7
2026-09-30T13:49:24.052 0.0,0.0,0.0,0.0,0.0,-0.7
2026-09-30T13:49:24.102 0.0,0.0,0.0,0.0,0.0,-0.7
2026-09-30T13:49:24.152 0.0,0.0,0.0,0.0,0.0,-0.7
2026-09-30T13:49:24.203 0.0,0.0,0.0,0.0,0.0,-0.7
2026-09-30T13:49:24.252 0.0,0.0,0.0,0.0,0.0,-0.7
2026-09-30T13:49:24.302 0.0,0.0,0.0,0.0,0.0,-0.7
2026-09-30T13:49:24.363 0.0,0.0,0.0,0.0,0.0,-0.7
2026-09-30T13:49:24.402 0.0,0.0,0.0,0.0,0.0,-0.7
2026-09-30T13:49:24.452 0.0,0.0,0.0,0.0,0.0,-0.7
2026-09-30T13:49:24.503 0.0,0.0,0.0,0.0,0.0,-0.7
2026-09-30T13:49:24.552 0.0,0.0,0.0,0.0,0.0,-0.7
2026-09-30T13:49:24.602 0.0,0.0,0.0,0.0,0.0,-0.7
2026-09-30T13:49:24.652 0.0,0.0,0.0,0.0,0.0,-0.7
2026-09-30T13:49:24.703 0.0,0.0,0.0,0.0,0.0,-0.7
2026-09-30T13:49:24.752 0.0,0.0,0.0,0.0,0.0,-0.7
2026-09-30T13:49:24.802 0.0,0.0,0.0,0.0,0.0,-0.7
2026-09-30T13:49:24.852 0.0,0.0,0.0,0.0,0.0,-0.7
2026-09-30T13:49:24.902 0.0,0.0,0.0,0.0,0.0,-0.7
2026-09-30T13:49:24.952 0.0,0.0,0.0,0.0,0.0,-0.7
2026-09-30T13:49:25.002 0.0,0.0,0.0,0.0,0.0,-0.7
2026-09-30T13:49:25.052 0.0,0.0,0.0,0.0,0.0,-0.7
2026-09-30T13:49:25.102 0.0,0.0,0.0,0.0,0.0,-0.7
2026-09-30T13:49:25.152 0.0,0.0,0.0,0.0,0.0,-0.7
2026-09-30T13:49:25.202 0.0,0.0,0.0,0.0,0.0,-0.7
2026-09-30T13:49:25.252 0.0,0.0,0.0,0.0,0.0,-0.7
2026-09-30T13:49:25.303 0.0,0.0,0.0,0.0,0.0,-0.7
2026-09-30T13:49:25.353 0.0,0.0,0.0,0.0,0.0,-0.7
2026-09-30T13:49:25.402 0.0,0.0,0.0,0.0,0.0,-0.7
2026-09-30T13:49:25.452 0.0,0.0,0.0,0.0,0.0,-0.7
2026-09-30T13:49:25.503 0.0,0.0,0.0,0.0,0.0,-0.7
2026-09-30T13:49:25.552 0.0,0.0,0.0,0.0,0.0,-0.7
2026-09-30T13:49:25.602 0.0,0.0,0.0,0.0,0.0,-0.7
2026-09-30T13:49:25.653 0.125,0.0,0.0,0.0,0.0,-0.7
2026-09-30T13:49:25.703 0.25,0.0,0.0,0.0,0.0,-0.7
2026-09-30T13:49:25.752 0.375,0.0,0.0,0.0,0.0,-0.7
2026-09-30T13:49:25.803 0.5,0.0,0.0,0.0,0.0,-0.7
2026-09-30T13:49:25.852 0.625,0.0,0.0,0.0,0.0,-0.7
2026-09-30T13:49:25.902 0.75,0.0,0.0,0.0,0.0,-0.7
2026-09-30T13:49:25.952 0.8,0.0,0.0,0.0,0.0,-0.7
2026-09-30T13:49:26.002 0.8,0.0,0.0,0.0,0.0,-0.7
2026-09-30T13:49:26.053 0.8,0.0,0.0,0.0,0.0,-0.7
2026-09-30T13:49:26.102 0.8,0.0,0.0,0.0,0.0,-0.7
2026-09-30T13:49:26.153 0.8,0.0,0.0,0.0,0.0,-0.7
2026-09-30T13:49:26.202 0.8,0.0,0.0,0.0,0.0,-0.7
2026-09-30T13:49:26.252 0.8,0.0,0.0,0.0,0.0,-0.7
2026-09-30T13:49:26.302 0.8,0.0,0.0,0.0,0.0,-0.7
2026-09-30T13:49:26.352 0.8,0.0,0.0,0.0,0.0,-0.7
2026-09-30T13:49:26.402 0.8,0.0,0.0,0.0,0.0,-0.7
2026-09-30T13:49:26.452 0.8,0.0,0.0,0.0,0.0,-0.7
2026-09-30T13:49:26.502 0.8,0.0,0.0,0.0,0.0,-0.7
2026-09-30T13:49:26.552 0.8,0.0,0.0,0.0,0.0,-0.7
2026-09-30T13:49:26.603 0.8,0.0,0.0,0.0,0.0,-0.7
2026-09-30T13:49:26.652 0.8,0.0,0.0,0.0,0.0,-0.7
2026-09-30T13:49:26.703 0.8,0.0,0.0,0.0,0.0,-0.7
2026-09-30T13:49:26.752 0.8,0.0,0.0,0.0,0.0,-0.7
2026-09-30T13:49:26.802 0.8,0.0,0.0,0.0,0.0,-0.7
2026-09-30T13:49:26.852 0.8,0.0,0.0,0.0,0.0,-0.7
2026-09-30T13:49:26.902 0.8,0.0,0.0,0.0,0.0,-0.7
2026-09-30T13:49:26.952 0.8,0.0,0.0,0.0,0.0,-0.7
2026-09-30T13:49:27.002 0.8,0.0,0.0,0.0,0.0,-0.7
2026-09-30T13:49:27.052 0.8,0.0,0.0,0.0,0.0,-0.7
2026-09-30T13:49:27.102 0.8,0.0,0.0,0.0,0.0,-0.7
2026-09-30T13:49:27.152 0.8,0.0,0.0,0.0,0.0,-0.7
2026-09-30T13:49:27.202 0.8,0.0,0.0,0.0,0.0,-0.7
2026-09-30T13:49:27.252 0.8,0.0,0.0,0.0,0.0,-0.7
2026-09-30T13:49:27.302 0.8,0.0,0.0,0.0,0.0,-0.7
2026-09-30T13:49:27.352 0.8,0.0,0.0,0.0,0.0,-0.7
2026-09-30T13:49:27.403 0.8,0.0,0.0,0.0,0.0,-0.7
2026-09-30T13:49:27.452 0.8,0.0,0.0,0.0,0.0,-0.7
2026-09-30T13:49:27.502 0.8,0.0,0.0,0.0,0.0,-0.7
2026-09-30T13:49:27.552 0.8,0.0,0.0,0.0,0.0,-0.7
2026-09-30T13:49:27.603 0.8,0.0,0.0,0.0,0.0,-0.7
2026-09-30T13:49:27.652 0.8,0.0,0.0,0.0,0.0,-0.7
2026-09-30T13:49:27.703 0.8,0.0,0.0,0.0,0.0,-0.7
2026-09-30T13:49:27.752 0.8,0.0,0.0,0.0,0.0,-0.7
2026-09-30T13:49:27.802 0.8,0.0,0.0,0.0,0.0,-0.7
2026-09-30T13:49:27.852 0.8,0.0,0.0,0.0,0.0,-0.7
2026-09-30T13:49:27.902 0.8,0.0,0.0,0.0,0.0,-0.7
2026-09-30T13:49:27.952 0.8,0.0,0.0,0.0,0.0,-0.7
2026-09-30T13:49:28.002 0.8,0.0,0.0,0.0,0.0,-0.7
2026-09-30T13:49:28.052 0.8,0.0,0.0,0.0,0.0,-0.7
2026-09-30T13:49:28.102 0.8,0.0,0.0,0.0,0.0,-0.6263157894736842
2026-09-30T13:49:28.152 0.8,0.0,0.0,0.0,0.0,-0.7
2026-09-30T13:49:28.202 0.8,0.0,0.0,0.0,0.0,-0.7
2026-09-30T13:49:28.252 0.8,0.0,0.0,0.0,0.0,-0.6263157894736842
2026-09-30T13:49:28.303 0.8,0.0,0.0,0.0,0.0,-0.6263157894736842
2026-09-30T13:49:28.352 0.8,0.0,0.0,0.0,0.0,-0.7
2026-09-30T13:49:28.402 0.8,0.0,0.0,0.0,0.0,-0.7
2026-09-30T13:49:28.452 0.8,0.0,0.0,0.0,0.0,-0.6263157894736842
2026-09-30T13:49:28.503 0.8,0.0,0.0,0.0,0.0,-0.7
2026-09-30T13:49:28.552 0.8,0.0,0.0,0.0,0.0,-0.7
2026-09-30T13:49:28.602 0.8,0.0,0.0,0.0,0.0,-0.6263157894736842
2026-09-30T13:49:28.662 0.8,0.0,0.0,0.0,0.0,-0.6263157894736842
2026-09-30T13:49:28.702 0.8,0.0,0.0,0.0,0.0,-0.7
2026-09-30T13:49:28.752 0.8,0.0,0.0,0.0,0.0,-0.7
2026-09-30T13:49:28.803 0.8,0.0,0.0,0.0,0.0,-0.6263157894736842
2026-09-30T13:49:28.862 0.8,0.0,0.0,0.0,0.0,-0.7
2026-09-30T13:49:28.903 0.8,0.0,0.0,0.0,0.0,-0.7
2026-09-30T13:49:28.952 0.8,0.0,0.0,0.0,0.0,-0.6263157894736842
2026-09-30T13:49:29.002 0.8,0.0,0.0,0.0,0.0,-0.6263157894736842
2026-09-30T13:49:29.052 0.8,0.0,0.0,0.0,0.0,-0.7
2026-09-30T13:49:29.102 0.8,0.0,0.0,0.0,0.0,-0.7
2026-09-30T13:49:29.152 0.8,0.0,0.0,0.0,0.0,-0.7
2026-09-30T13:49:29.202 0.8,0.0,0.0,0.0,0.0,-0.7
2026-09-30T13:49:29.252 0.8,0.0,0.0,0.0,0.0,-0.7
2026-09-30T13:49:29.302 0.8,0.0,0.0,0.0,0.0,-0.6263157894736842
2026-09-30T13:49:29.352 0.8,0.0,0.0,0.0,0.0,-0.5526315789473684
2026-09-30T13:49:29.402 0.8,0.0,0.0,0.0,0.0,-0.7
2026-09-30T13:49:29.452 0.8,0.0,0.0,0.0,0.0,-0.7
2026-09-30T13:49:29.503 0.8,0.0,0.0,0.0,0.0,-0.6263157894736842
2026-09-30T13:49:29.552 0.8,0.0,0.0,0.0,0.0,-0.6263157894736842
2026-09-30T13:49:29.603 0.8,0.0,0.0,0.0,0.0,-0.7
2026-09-30T13:49:29.652 0.8,0.0,0.0,0.0,0.0,-0.6263157894736842
2026-09-30T13:49:29.702 0.8,0.0,0.0,0.0,0.0,-0.5526315789473684
2026-09-30T13:49:29.752 0.8,0.0,0.0,0.0,0.0,-0.5526315789473684
2026-09-30T13:49:29.802 0.8,0.0,0.0,0.0,0.0,-0.6263157894736842
2026-09-30T13:49:29.852 0.8,0.0,0.0,0.0,0.0,-0.5526315789473684
2026-09-30T13:49:29.902 0.8,0.0,0.0,0.0,0.0,-0.5526315789473684
2026-09-30T13:49:29.952 0.8,0.0,0.0,0.0,0.0,-0.7
2026-09-30T13:49:30.002 0.8,0.0,0.0,0.0,0.0,-0.7
2026-09-30T13:49:30.052 0.8,0.0,0.0,0.0,0.0,-0.5526315789473684
2026-09-30T13:49:30.103 0.8,0.0,0.0,0.0,0.0,-0.5526315789473684
2026-09-30T13:49:30.152 0.8,0.0,0.0,0.0,0.0,-0.6263157894736842
2026-09-30T13:49:30.202 0.8,0.0,0.0,0.0,0.0,-0.6263157894736842
2026-09-30T13:49:30.252 0.8,0.0,0.0,0.0,0.0,-0.5526315789473684
2026-09-30T13:49:30.303 0.8,0.0,0.0,0.0,0.0,-0.47894736842105257
2026-09-30T13:49:30.352 0.8,0.0,0.0,0.0,0.0,-0.47894736842105257
2026-09-30T13:49:30.402 0.8,0.0,0.0,0.0,0.0,-0.5526315789473684
2026-09-30T13:49:30.452 0.8,0.0,0.0,0.0,0.0,-0.5526315789473684
2026-09-30T13:49:30.502 0.8,0.0,0.0,0.0,0.0,-0.47894736842105257
2026-09-30T13:49:30.553 0.8,0.0,0.0,0.0,0.0,-0.47894736842105257
2026-09-30T13:49:30.602 0.8,0.0,0.0,0.0,0.0,-0.47894736842105257
2026-09-30T13:49:30.652 0.8,0.0,0.0,0.0,0.0,-0.47894736842105257
2026-09-30T13:49:30.702 0.8,0.0,0.0,0.0,0.0,-0.47894736842105257
2026-09-30T13:49:30.752 0.8,0.0,0.0,0.0,0.0,-0.5526315789473684
2026-09-30T13:49:30.802 0.8,0.0,0.0,0.0,0.0,-0.5526315789473684
2026-09-30T13:49:30.862 0.8,0.0,0.0,0.0,0.0,-0.5526315789473684
2026-09-30T13:49:30.903 0.8,0.0,0.0,0.0,0.0,-0.5526315789473684
2026-09-30T13:49:30.952 0.8,0.0,0.0,0.0,0.0,-0.47894736842105257
2026-09-30T13:49:31.003 0.8,0.0,0.0,0.0,0.0,-0.47894736842105257
2026-09-30T13:49:31.052 0.8,0.0,0.0,0.0,0.0,-0.47894736842105257
2026-09-30T13:49:31.102 0.8,0.0,0.0,0.0,0.0,-0.47894736842105257
2026-09-30T13:49:31.152 0.8,0.0,0.0,0.0,0.0,-0.47894736842105257
2026-09-30T13:49:31.202 0.8,0.0,0.0,0.0,0.0,-0.47894736842105257
2026-09-30T13:49:31.252 0.8,0.0,0.0,0.0,0.0,-0.47894736842105257
2026-09-30T13:49:31.302 0.8,0.0,0.0,0.0,0.0,-0.47894736842105257
2026-09-30T13:49:31.352 0.8,0.0,0.0,0.0,0.0,-0.47894736842105257
2026-09-30T13:49:31.402 0.8,0.0,0.0,0.0,0.0,-0.47894736842105257
2026-09-30T13:49:31.452 0.8,0.0,0.0,0.0,0.0,-0.47894736842105257
2026-09-30T13:49:31.502 0.8,0.0,0.0,0.0,0.0,-0.47894736842105257
2026-09-30T13:49:31.552 0.8,0.0,0.0,0.0,0.0,-0.40526315789473677
2026-09-30T13:49:31.602 0.8,0.0,0.0,0.0,0.0,-0.40526315789473677
2026-09-30T13:49:31.652 0.8,0.0,0.0,0.0,0.0,-0.40526315789473677
2026-09-30T13:49:31.702 0.8,0.0,0.0,0.0,0.0,-0.40526315789473677
2026-09-30T13:49:31.752 0.8,0.0,0.0,0.0,0.0,-0.40526315789473677
2026-09-30T13:49:31.802 0.8,0.0,0.0,0.0,0.0,-0.331578947368421
2026-09-30T13:49:31.852 0.8,0.0,0.0,0.0,0.0,-0.331578947368421
2026-09-30T13:49:31.902 0.8,0.0,0.0,0.0,0.0,-0.331578947368421
2026-09-30T13:49:31.952 0.8,0.0,0.0,0.0,0.0,-0.331578947368421
2026-09-30T13:49:32.002 0.8,0.0,0.0,0.0,0.0,-0.331578947368421
2026-09-30T13:49:32.052 0.8,0.0,0.0,0.0,0.0,-0.331578947368421
2026-09-30T13:49:32.103 0.8,0.0,0.0,0.0,0.0,-0.2578947368421052
2026-09-30T13:49:32.152 0.8,0.0,0.0,0.0,0.0,-0.2578947368421052
2026-09-30T13:49:32.202 0.8,0.0,0.0,0.0,0.0,-0.2578947368421052
2026-09-30T13:49:32.252 0.8,0.0,0.0,0.0,0.0,-0.18421052631578938
2026-09-30T13:49:32.312 0.8,0.0,0.0,0.0,0.0,-0.18421052631578938
2026-09-30T13:49:32.352 0.8,0.0,0.0,0.0,0.0,-0.18421052631578938
2026-09-30T13:49:32.402 0.8,0.0,0.0,0.0,0.0,-0.18421052631578938
2026-09-30T13:49:32.452 0.8,0.0,0.0,0.0,0.0,-0.18421052631578938
2026-09-30T13:49:32.504 0.8,0.0,0.0,0.0,0.0,-0.18421052631578938
2026-09-30T13:49:32.552 0.8,0.0,0.0,0.0,0.0,-0.18421052631578938
2026-09-30T13:49:32.602 0.8,0.0,0.0,0.0,0.0,-0.18421052631578938
2026-09-30T13:49:32.652 0.8,0.0,0.0,0.0,0.0,-0.18421052631578938
2026-09-30T13:49:32.702 0.8,0.0,0.0,0.0,0.0,-0.18421052631578938
2026-09-30T13:49:32.752 0.8,0.0,0.0,0.0,0.0,-0.18421052631578938
2026-09-30T13:49:32.803 0.8,0.0,0.0,0.0,0.0,-0.18421052631578938
2026-09-30T13:49:32.853 0.8,0.0,0.0,0.0,0.0,-0.18421052631578938
2026-09-30T13:49:32.902 0.8,0.0,0.0,0.0,0.0,-0.18421052631578938
2026-09-30T13:49:32.952 0.8,0.0,0.0,0.0,0.0,-0.18421052631578938
2026-09-30T13:49:33.002 0.8,0.0,0.0,0.0,0.0,-0.18421052631578938
2026-09-30T13:49:33.052 0.8,0.0,0.0,0.0,0.0,-0.18421052631578938
2026-09-30T13:49:33.102 0.8,0.0,0.0,0.0,0.0,-0.18421052631578938
2026-09-30T13:49:33.152 0.8,0.0,0.0,0.0,0.0,-0.18421052631578938
2026-09-30T13:49:33.202 0.8,0.0,0.0,0.0,0.0,-0.18421052631578938
2026-09-30T13:49:33.252 0.8,0.0,0.0,0.0,0.0,-0.18421052631578938
2026-09-30T13:49:33.302 0.8,0.0,0.0,0.0,0.0,-0.18421052631578938
2026-09-30T13:49:33.352 0.8,0.0,0.0,0.0,0.0,-0.18421052631578938
2026-09-30T13:49:33.402 0.8,0.0,0.0,0.0,0.0,-0.18421052631578938
2026-09-30T13:49:33.452 0.8,0.0,0.0,0.0,0.0,-0.18421052631578938
2026-09-30T13:49:33.502 0.8,0.0,0.0,0.0,0.0,-0.18421052631578938
2026-09-30T13:49:33.552 0.8,0.0,0.0,0.0,0.0,-0.18421052631578938
2026-09-30T13:49:33.602 0.8,0.0,0.0,0.0,0.0,-0.18421052631578938
2026-09-30T13:49:33.652 0.8,0.0,0.0,0.0,0.0,-0.18421052631578938
2026-09-30T13:49:33.702 0.8,0.0,0.0,0.0,0.0,-0.18421052631578938
2026-09-30T13:49:33.752 0.8,0.0,0.0,0.0,0.0,-0.18421052631578938
2026-09-30T13:49:33.802 0.8,0.0,0.0,0.0,0.0,-0.18421052631578938
2026-09-30T13:49:33.852 0.8,0.0,0.0,0.0,0.0,-0.18421052631578938
2026-09-30T13:49:33.903 0.8,0.0,0.0,0.0,0.0,-0.1105263157894736
2026-09-30T13:49:33.952 0.8,0.0,0.0,0.0,0.0,-0.1105263157894736
2026-09-30T13:49:34.002 0.8,0.0,0.0,0.0,0.0,-0.1105263157894736
2026-09-30T13:49:34.052 0.8,0.0,0.0,0.0,0.0,-0.1105263157894736
2026-09-30T13:49:34.102 0.8,0.0,0.0,0.0,0.0,-0.1105263157894736
2026-09-30T13:49:34.152 0.8,0.0,0.0,0.0,0.0,-0.1105263157894736
2026-09-30T13:49:34.202 0.8,0.0,0.0,0.0,0.0,-0.1105263157894736
2026-09-30T13:49:34.253 0.8,0.0,0.0,0.0,0.0,-0.1105263157894736
2026-09-30T13:49:34.303 0.8,0.0,0.0,0.0,0.0,-0.1105263157894736
2026-09-30T13:49:34.352 0.8,0.0,0.0,0.0,0.0,-0.1105263157894736
2026-09-30T13:49:34.403 0.8,0.0,0.0,0.0,0.0,-0.1105263157894736
2026-09-30T13:49:34.453 0.8,0.0,0.0,0.0,0.0,-0.1105263157894736
2026-09-30T13:49:34.502 0.8,0.0,0.0,0.0,0.0,-0.1105263157894736
2026-09-30T13:49:34.552 0.8,0.0,0.0,0.0,0.0,-0.1105263157894736
2026-09-30T13:49:34.602 0.8,0.0,0.0,0.0,0.0,-0.1105263157894736
2026-09-30T13:49:34.652 0.8,0.0,0.0,0.0,0.0,-0.1105263157894736
2026-09-30T13:49:34.702 0.8,0.0,0.0,0.0,0.0,-0.1105263157894736
2026-09-30T13:49:34.752 0.8,0.0,0.0,0.0,0.0,-0.1105263157894736
2026-09-30T13:49:34.802 0.8,0.0,0.0,0.0,0.0,-0.1105263157894736
2026-09-30T13:49:34.852 0.8,0.0,0.0,0.0,0.0,-0.1105263157894736
2026-09-30T13:49:34.902 0.8,0.0,0.0,0.0,0.0,-0.1105263157894736
2026-09-30T13:49:34.952 0.8,0.0,0.0,0.0,0.0,-0.1105263157894736
2026-09-30T13:49:35.002 0.8,0.0,0.0,0.0,0.0,-0.1105263157894736
2026-09-30T13:49:35.052 0.8,0.0,0.0,0.0,0.0,-0.1105263157894736
2026-09-30T13:49:35.102 0.8,0.0,0.0,0.0,0.0,-0.1105263157894736
2026-09-30T13:49:35.152 0.8,0.0,0.0,0.0,0.0,-0.1105263157894736
2026-09-30T13:49:35.202 0.8,0.0,0.0,0.0,0.0,-0.1105263157894736
2026-09-30T13:49:35.252 0.8,0.0,0.0,0.0,0.0,-0.1105263157894736
2026-09-30T13:49:35.302 0.8,0.0,0.0,0.0,0.0,-0.1105263157894736
2026-09-30T13:49:35.352 0.8,0.0,0.0,0.0,0.0,-0.036842105263157815
2026-09-30T13:49:35.402 0.8,0.0,0.0,0.0,0.0,-0.1105263157894736
2026-09-30T13:49:35.452 0.8,0.0,0.0,0.0,0.0,-0.1105263157894736
2026-09-30T13:49:35.502 0.8,0.0,0.0,0.0,0.0,-0.1105263157894736
2026-09-30T13:49:35.552 0.8,0.0,0.0,0.0,0.0,-0.1105263157894736
2026-09-30T13:49:35.603 0.8,0.0,0.0,0.0,0.0,-0.036842105263157815
2026-09-30T13:49:35.652 0.8,0.0,0.0,0.0,0.0,-0.1105263157894736
2026-09-30T13:49:35.702 0.8,0.0,0.0,0.0,0.0,-0.1105263157894736
2026-09-30T13:49:35.752 0.8,0.0,0.0,0.0,0.0,-0.036842105263157815
2026-09-30T13:49:35.802 0.8,0.0,0.0,0.0,0.0,-0.036842105263157815
2026-09-30T13:49:35.852 0.8,0.0,0.0,0.0,0.0,-0.036842105263157815
2026-09-30T13:49:35.902 0.8,0.0,0.0,0.0,0.0,-0.036842105263157815
2026-09-30T13:49:35.952 0.8,0.0,0.0,0.0,0.0,-0.036842105263157815
2026-09-30T13:49:36.002 0.8,0.0,0.0,0.0,0.0,-0.036842105263157815
2026-09-30T13:49:36.052 0.8,0.0,0.0,0.0,0.0,-0.036842105263157815
2026-09-30T13:49:36.102 0.8,0.0,0.0,0.0,0.0,-0.036842105263157815
2026-09-30T13:49:36.152 0.8,0.0,0.0,0.0,0.0,0.0
2026-09-30T13:49:36.202 0.8,0.0,0.0,0.0,0.0,0.03684210526315797
2026-09-30T13:49:36.252 0.8,0.0,0.0,0.0,0.0,0.03684210526315797
2026-09-30T13:49:36.302 0.8,0.0,0.0,0.0,0.0,0.03684210526315797
2026-09-30T13:49:36.352 0.8,0.0,0.0,0.0,0.0,0.03684210526315797
2026-09-30T13:49:36.402 0.8,0.0,0.0,0.0,0.0,0.03684210526315797
2026-09-30T13:49:36.452 0.8,0.0,0.0,0.0,0.0,0.03684210526315797
2026-09-30T13:49:36.502 0.8,0.0,0.0,0.0,0.0,0.0
2026-09-30T13:49:36.552 0.8,0.0,0.0,0.0,0.0,0.0
2026-09-30T13:49:36.602 0.8,0.0,0.0,0.0,0.0,0.0
2026-09-30T13:49:36.652 0.8,0.0,0.0,0.0,0.0,0.0
2026-09-30T13:49:36.702 0.8,0.0,0.0,0.0,0.0,0.03684210526315797
2026-09-30T13:49:36.753 0.8,0.0,0.0,0.0,0.0,0.03684210526315797
2026-09-30T13:49:36.802 0.8,0.0,0.0,0.0,0.0,0.03684210526315797
2026-09-30T13:49:36.862 0.8,0.0,0.0,0.0,0.0,0.03684210526315797
2026-09-30T13:49:36.903 0.8,0.0,0.0,0.0,0.0,0.0
2026-09-30T13:49:36.952 0.8,0.0,0.0,0.0,0.0,0.0
2026-09-30T13:49:37.003 0.8,0.0,0.0,0.0,0.0,0.0
2026-09-30T13:49:37.052 0.8,0.0,0.0,0.0,0.0,0.0
2026-09-30T13:49:37.103 0.8,0.0,0.0,0.0,0.0,0.0
2026-09-30T13:49:37.152 0.8,0.0,0.0,0.0,0.0,0.0
2026-09-30T13:49:37.202 0.8,0.0,0.0,0.0,0.0,0.0
2026-09-30T13:49:37.252 0.8,0.0,0.0,0.0,0.0,0.0
2026-09-30T13:49:37.302 0.8,0.0,0.0,0.0,0.0,0.0
2026-09-30T13:49:37.352 0.8,0.0,0.0,0.0,0.0,0.0
2026-09-30T13:49:37.402 0.8,0.0,0.0,0.0,0.0,0.0
2026-09-30T13:49:37.452 0.8,0.0,0.0,0.0,0.0,0.0
2026-09-30T13:49:37.502 0.8,0.0,0.0,0.0,0.0,0.0
2026-09-30T13:49:37.552 0.8,0.0,0.0,0.0,0.0,0.0
2026-09-30T13:49:37.603 0.8,0.0,0.0,0.0,0.0,0.0
2026-09-30T13:49:37.652 0.8,0.0,0.0,0.0,0.0,0.0
2026-09-30T13:49:37.703 0.8,0.0,0.0,0.0,0.0,0.0
2026-09-30T13:49:37.752 0.8,0.0,0.0,0.0,0.0,0.0
2026-09-30T13:49:37.802 0.8,0.0,0.0,0.0,0.0,0.0
2026-09-30T13:49:37.852 0.8,0.0,0.0,0.0,0.0,0.0
2026-09-30T13:49:37.902 0.8,0.0,0.0,0.0,0.0,0.0
2026-09-30T13:49:37.952 0.8,0.0,0.0,0.0,0.0,0.0
2026-09-30T13:49:38.002 0.8,0.0,0.0,0.0,0.0,0.0
2026-09-30T13:49:38.053 0.8,0.0,0.0,0.0,0.0,0.0
2026-09-30T13:49:38.102 0.8,0.0,0.0,0.0,0.0,0.0
2026-09-30T13:49:38.152 0.8,0.0,0.0,0.0,0.0,0.0
2026-09-30T13:49:38.202 0.8,0.0,0.0,0.0,0.0,0.03684210526315797
2026-09-30T13:49:38.252 0.8,0.0,0.0,0.0,0.0,0.03684210526315797
2026-09-30T13:49:38.302 0.8,0.0,0.0,0.0,0.0,0.0
2026-09-30T13:49:38.352 0.8,0.0,0.0,0.0,0.0,0.03684210526315797
2026-09-30T13:49:38.413 0.8,0.0,0.0,0.0,0.0,0.03684210526315797
2026-09-30T13:49:38.452 0.8,0.0,0.0,0.0,0.0,0.03684210526315797
2026-09-30T13:49:38.503 0.8,0.0,0.0,0.0,0.0,0.03684210526315797
2026-09-30T13:49:38.552 0.8,0.0,0.0,0.0,0.0,0.03684210526315797
2026-09-30T13:49:38.602 0.8,0.0,0.0,0.0,0.0,0.03684210526315797
2026-09-30T13:49:38.652 0.8,0.0,0.0,0.0,0.0,0.03684210526315797
2026-09-30T13:49:38.703 0.8,0.0,0.0,0.0,0.0,0.03684210526315797
2026-09-30T13:49:38.752 0.8,0.0,0.0,0.0,0.0,0.03684210526315797
2026-09-30T13:49:38.802 0.8,0.0,0.0,0.0,0.0,0.0
2026-09-30T13:49:38.852 0.8,0.0,0.0,0.0,0.0,0.0
2026-09-30T13:49:38.902 0.8,0.0,0.0,0.0,0.0,0.0
2026-09-30T13:49:38.952 0.8,0.0,0.0,0.0,0.0,0.0
2026-09-30T13:49:39.002 0.8,0.0,0.0,0.0,0.0,0.03684210526315797
2026-09-30T13:49:39.052 0.8,0.0,0.0,0.0,0.0,0.03684210526315797
2026-09-30T13:49:39.112 0.8,0.0,0.0,0.0,0.0,0.03684210526315797
2026-09-30T13:49:39.152 0.8,0.0,0.0,0.0,0.0,0.03684210526315797
2026-09-30T13:49:39.202 0.8,0.0,0.0,0.0,0.0,0.03684210526315797
2026-09-30T13:49:39.252 0.8,0.0,0.0,0.0,0.0,0.03684210526315797
2026-09-30T13:49:39.303 0.8,0.0,0.0,0.0,0.0,0.03684210526315797
2026-09-30T13:49:39.352 0.8,0.0,0.0,0.0,0.0,0.03684210526315797
2026-09-30T13:49:39.402 0.8,0.0,0.0,0.0,0.0,0.03684210526315797
2026-09-30T13:49:39.452 0.8,0.0,0.0,0.0,0.0,0.03684210526315797
2026-09-30T13:49:39.502 0.8,0.0,0.0,0.0,0.0,0.03684210526315797
2026-09-30T13:49:39.552 0.8,0.0,0.0,0.0,0.0,0.03684210526315797
2026-09-30T13:49:39.602 0.8,0.0,0.0,0.0,0.0,0.03684210526315797
2026-09-30T13:49:39.652 0.8,0.0,0.0,0.0,0.0,0.03684210526315797
2026-09-30T13:49:39.702 0.8,0.0,0.0,0.0,0.0,0.03684210526315797
2026-09-30T13:49:39.752 0.8,0.0,0.0,0.0,0.0,0.03684210526315797
2026-09-30T13:49:39.802 0.8,0.0,0.0,0.0,0.0,0.03684210526315797
2026-09-30T13:49:39.852 0.8,0.0,0.0,0.0,0.0,0.03684210526315797
2026-09-30T13:49:39.902 0.8,0.0,0.0,0.0,0.0,0.03684210526315797
2026-09-30T13:49:39.952 0.8,0.0,0.0,0.0,0.0,0.03684210526315797
2026-09-30T13:49:40.002 0.8,0.0,0.0,0.0,0.0,0.03684210526315797
2026-09-30T13:49:40.052 0.8,0.0,0.0,0.0,0.0,0.03684210526315797
2026-09-30T13:49:40.102 0.8,0.0,0.0,0.0,0.0,0.03684210526315797
2026-09-30T13:49:40.152 0.8,0.0,0.0,0.0,0.0,0.03684210526315797
2026-09-30T13:49:40.202 0.8,0.0,0.0,0.0,0.0,0.03684210526315797
2026-09-30T13:49:40.252 0.8,0.0,0.0,0.0,0.0,0.03684210526315797
2026-09-30T13:49:40.303 0.8,0.0,0.0,0.0,0.0,0.03684210526315797
2026-09-30T13:49:40.352 0.8,0.0,0.0,0.0,0.0,0.03684210526315797
2026-09-30T13:49:40.402 0.8,0.0,0.0,0.0,0.0,0.18421052631578955
2026-09-30T13:49:40.452 0.8,0.0,0.0,0.0,0.0,0.18421052631578955
2026-09-30T13:49:40.502 0.8,0.0,0.0,0.0,0.0,0.18421052631578955
2026-09-30T13:49:40.552 0.8,0.0,0.0,0.0,0.0,0.18421052631578955
2026-09-30T13:49:40.602 0.8,0.0,0.0,0.0,0.0,0.18421052631578955
2026-09-30T13:49:40.652 0.8,0.0,0.0,0.0,0.0,0.18421052631578955
2026-09-30T13:49:40.702 0.8,0.0,0.0,0.0,0.0,0.18421052631578955
2026-09-30T13:49:40.752 0.8,0.0,0.0,0.0,0.0,0.18421052631578955
2026-09-30T13:49:40.802 0.8,0.0,0.0,0.0,0.0,0.18421052631578955
2026-09-30T13:49:40.852 0.8,0.0,0.0,0.0,0.0,0.18421052631578955
2026-09-30T13:49:40.902 0.8,0.0,0.0,0.0,0.0,0.18421052631578955
2026-09-30T13:49:40.952 0.8,0.0,0.0,0.0,0.0,0.18421052631578955
2026-09-30T13:49:41.002 0.8,0.0,0.0,0.0,0.0,0.18421052631578955
2026-09-30T13:49:41.052 0.8,0.0,0.0,0.0,0.0,0.18421052631578955
2026-09-30T13:49:41.102 0.8,0.0,0.0,0.0,0.0,0.18421052631578955
2026-09-30T13:49:41.152 0.8,0.0,0.0,0.0,0.0,0.18421052631578955
2026-09-30T13:49:41.405 0.8,0.0,0.0,0.0,0.0,0.18421052631578955
2026-09-30T13:49:41.869 0.8,0.0,0.0,0.0,0.0,0.18421052631578955
2026-09-30T13:49:41.919 0.8,0.0,0.0,0.0,0.0,0.18421052631578955
2026-09-30T13:49:41.969 0.8,0.0,0.0,0.0,0.0,0.11052631578947375
2026-09-30T13:49:42.019 0.8,0.0,0.0,0.0,0.0,0.18421052631578955
2026-09-30T13:49:42.069 0.8,0.0,0.0,0.0,0.0,0.18421052631578955
2026-09-30T13:49:42.119 0.8,0.0,0.0,0.0,0.0,0.18421052631578955
2026-09-30T13:49:42.169 0.8,0.0,0.0,0.0,0.0,0.18421052631578955
2026-09-30T13:49:42.219 0.8,0.0,0.0,0.0,0.0,0.18421052631578955
2026-09-30T13:49:42.269 0.8,0.0,0.0,0.0,0.0,0.18421052631578955
2026-09-30T13:49:42.319 0.8,0.0,0.0,0.0,0.0,0.18421052631578955
2026-09-30T13:49:42.369 0.8,0.0,0.0,0.0,0.0,0.18421052631578955
2026-09-30T13:49:42.419 0.8,0.0,0.0,0.0,0.0,0.18421052631578955
2026-09-30T13:49:42.469 0.8,0.0,0.0,0.0,0.0,0.18421052631578955
2026-09-30T13:49:42.520 0.8,0.0,0.0,0.0,0.0,0.18421052631578955
2026-09-30T13:49:42.569 0.8,0.0,0.0,0.0,0.0,0.18421052631578955
2026-09-30T13:49:42.619 0.8,0.0,0.0,0.0,0.0,0.18421052631578955
2026-09-30T13:49:42.671 0.8,0.0,0.0,0.0,0.0,0.18421052631578955
2026-09-30T13:49:42.719 0.8,0.0,0.0,0.0,0.0,0.18421052631578955
2026-09-30T13:49:42.769 0.8,0.0,0.0,0.0,0.0,0.18421052631578955
2026-09-30T13:49:42.820 0.8,0.0,0.0,0.0,0.0,0.11052631578947375
2026-09-30T13:49:42.869 0.8,0.0,0.0,0.0,0.0,0.11052631578947375
2026-09-30T13:49:42.919 0.8,0.0,0.0,0.0,0.0,0.18421052631578955
2026-09-30T13:49:42.969 0.8,0.0,0.0,0.0,0.0,0.18421052631578955
2026-09-30T13:49:43.019 0.8,0.0,0.0,0.0,0.0,0.11052631578947375
2026-09-30T13:49:43.069 0.8,0.0,0.0,0.0,0.0,0.11052631578947375
2026-09-30T13:49:43.120 0.8,0.0,0.0,0.0,0.0,0.11052631578947375
2026-09-30T13:49:43.169 0.8,0.0,0.0,0.0,0.0,0.11052631578947375
2026-09-30T13:49:43.220 0.8,0.0,0.0,0.0,0.0,0.11052631578947375
2026-09-30T13:49:43.269 0.8,0.0,0.0,0.0,0.0,0.11052631578947375
2026-09-30T13:49:43.319 0.8,0.0,0.0,0.0,0.0,0.11052631578947375
2026-09-30T13:49:43.369 0.8,0.0,0.0,0.0,0.0,0.11052631578947375
2026-09-30T13:49:43.419 0.8,0.0,0.0,0.0,0.0,0.11052631578947375
2026-09-30T13:49:43.469 0.8,0.0,0.0,0.0,0.0,0.11052631578947375
2026-09-30T13:49:43.519 0.8,0.0,0.0,0.0,0.0,0.11052631578947375
2026-09-30T13:49:43.569 0.8,0.0,0.0,0.0,0.0,0.11052631578947375
2026-09-30T13:49:43.619 0.8,0.0,0.0,0.0,0.0,0.11052631578947375
2026-09-30T13:49:43.669 0.8,0.0,0.0,0.0,0.0,0.11052631578947375
2026-09-30T13:49:43.719 0.8,0.0,0.0,0.0,0.0,0.03684210526315797
2026-09-30T13:49:43.769 0.8,0.0,0.0,0.0,0.0,0.03684210526315797
2026-09-30T13:49:43.819 0.8,0.0,0.0,0.0,0.0,0.03684210526315797
2026-09-30T13:49:43.869 0.8,0.0,0.0,0.0,0.0,0.03684210526315797
2026-09-30T13:49:43.919 0.8,0.0,0.0,0.0,0.0,0.03684210526315797
2026-09-30T13:49:43.969 0.8,0.0,0.0,0.0,0.0,0.03684210526315797
2026-09-30T13:49:44.019 0.8,0.0,0.0,0.0,0.0,0.03684210526315797
2026-09-30T13:49:44.069 0.8,0.0,0.0,0.0,0.0,0.11052631578947375
2026-09-30T13:49:44.120 0.8,0.0,0.0,0.0,0.0,0.11052631578947375
2026-09-30T13:49:44.169 0.8,0.0,0.0,0.0,0.0,0.11052631578947375
2026-09-30T13:49:44.219 0.8,0.0,0.0,0.0,0.0,0.11052631578947375
2026-09-30T13:49:44.270 0.8,0.0,0.0,0.0,0.0,0.11052631578947375
2026-09-30T13:49:44.319 0.8,0.0,0.0,0.0,0.0,0.11052631578947375
2026-09-30T13:49:44.369 0.8,0.0,0.0,0.0,0.0,0.11052631578947375
2026-09-30T13:49:44.419 0.8,0.0,0.0,0.0,0.0,0.11052631578947375
2026-09-30T13:49:44.469 0.8,0.0,0.0,0.0,0.0,0.11052631578947375
2026-09-30T13:49:44.520 0.8,0.0,0.0,0.0,0.0,0.03684210526315797
2026-09-30T13:49:44.569 0.8,0.0,0.0,0.0,0.0,0.03684210526315797
2026-09-30T13:49:44.619 0.8,0.0,0.0,0.0,0.0,0.03684210526315797
2026-09-30T13:49:44.669 0.8,0.0,0.0,0.0,0.0,0.03684210526315797
2026-09-30T13:49:44.719 0.8,0.0,0.0,0.0,0.0,0.03684210526315797
2026-09-30T13:49:44.769 0.8,0.0,0.0,0.0,0.0,0.03684210526315797
2026-09-30T13:49:44.819 0.8,0.0,0.0,0.0,0.0,0.03684210526315797
2026-09-30T13:49:44.869 0.8,0.0,0.0,0.0,0.0,0.03684210526315797
2026-09-30T13:49:44.919 0.8,0.0,0.0,0.0,0.0,0.03684210526315797
2026-09-30T13:49:44.969 0.8,0.0,0.0,0.0,0.0,0.03684210526315797
2026-09-30T13:49:45.019 0.8,0.0,0.0,0.0,0.0,0.03684210526315797
2026-09-30T13:49:45.080 0.8,0.0,0.0,0.0,0.0,0.03684210526315797
2026-09-30T13:49:45.119 0.8,0.0,0.0,0.0,0.0,-0.12315789473684204
2026-09-30T13:49:45.170 0.8,0.0,0.0,0.0,0.0,-0.18421052631578938
2026-09-30T13:49:45.219 0.8,0.0,0.0,0.0,0.0,-0.2578947368421052
2026-09-30T13:49:45.269 0.8,0.0,0.0,0.0,0.0,-0.2578947368421052
2026-09-30T13:49:45.320 0.8,0.0,0.0,0.0,0.0,-0.2578947368421052
2026-09-30T13:49:45.369 0.8,0.0,0.0,0.0,0.0,-0.2578947368421052
2026-09-30T13:49:45.419 0.8,0.0,0.0,0.0,0.0,-0.2578947368421052
2026-09-30T13:49:45.469 0.8,0.0,0.0,0.0,0.0,-0.2578947368421052
2026-09-30T13:49:45.519 0.8,0.0,0.0,0.0,0.0,-0.2578947368421052
2026-09-30T13:49:45.569 0.8,0.0,0.0,0.0,0.0,-0.2578947368421052
2026-09-30T13:49:45.620 0.8,0.0,0.0,0.0,0.0,-0.2578947368421052
2026-09-30T13:49:45.669 0.8,0.0,0.0,0.0,0.0,-0.2578947368421052
2026-09-30T13:49:45.719 0.8,0.0,0.0,0.0,0.0,-0.2578947368421052
2026-09-30T13:49:45.769 0.8,0.0,0.0,0.0,0.0,-0.2578947368421052
2026-09-30T13:49:45.819 0.8,0.0,0.0,0.0,0.0,-0.2578947368421052
2026-09-30T13:49:45.869 0.8,0.0,0.0,0.0,0.0,-0.2578947368421052
2026-09-30T13:49:45.919 0.8,0.0,0.0,0.0,0.0,-0.2578947368421052
2026-09-30T13:49:45.970 0.7578947368421055,0.0,0.0,0.0,0.0,-0.331578947368421
2026-09-30T13:49:46.019 0.8,0.0,0.0,0.0,0.0,-0.2578947368421052
2026-09-30T13:49:46.069 0.8,0.0,0.0,0.0,0.0,-0.2578947368421052
2026-09-30T13:49:46.119 0.8,0.0,0.0,0.0,0.0,-0.18421052631578938
2026-09-30T13:49:46.169 0.8,0.0,0.0,0.0,0.0,-0.18421052631578938
2026-09-30T13:49:46.219 0.8,0.0,0.0,0.0,0.0,-0.18421052631578938
2026-09-30T13:49:46.269 0.8,0.0,0.0,0.0,0.0,-0.18421052631578938
2026-09-30T13:49:46.320 0.8,0.0,0.0,0.0,0.0,-0.18421052631578938
2026-09-30T13:49:46.369 0.8,0.0,0.0,0.0,0.0,-0.18421052631578938
2026-09-30T13:49:46.419 0.8,0.0,0.0,0.0,0.0,-0.18421052631578938
2026-09-30T13:49:46.469 0.8,0.0,0.0,0.0,0.0,-0.18421052631578938
2026-09-30T13:49:46.520 0.8,0.0,0.0,0.0,0.0,-0.18421052631578938
2026-09-30T13:49:46.569 0.8,0.0,0.0,0.0,0.0,-0.18421052631578938
2026-09-30T13:49:46.619 0.8,0.0,0.0,0.0,0.0,-0.18421052631578938
2026-09-30T13:49:46.669 0.8,0.0,0.0,0.0,0.0,-0.18421052631578938
2026-09-30T13:49:46.719 0.8,0.0,0.0,0.0,0.0,-0.18421052631578938
2026-09-30T13:49:46.769 0.8,0.0,0.0,0.0,0.0,-0.18421052631578938
2026-09-30T13:49:46.819 0.8,0.0,0.0,0.0,0.0,-0.18421052631578938
2026-09-30T13:49:46.869 0.8,0.0,0.0,0.0,0.0,-0.18421052631578938
2026-09-30T13:49:46.919 0.8,0.0,0.0,0.0,0.0,-0.18421052631578938
2026-09-30T13:49:46.969 0.8,0.0,0.0,0.0,0.0,-0.18421052631578938
2026-09-30T13:49:47.020 0.8,0.0,0.0,0.0,0.0,-0.18421052631578938
2026-09-30T13:49:47.069 0.8,0.0,0.0,0.0,0.0,-0.18421052631578938
2026-09-30T13:49:47.119 0.8,0.0,0.0,0.0,0.0,-0.18421052631578938
2026-09-30T13:49:47.169 0.8,0.0,0.0,0.0,0.0,-0.18421052631578938
2026-09-30T13:49:47.219 0.8,0.0,0.0,0.0,0.0,-0.1105263157894736
2026-09-30T13:49:47.269 0.8,0.0,0.0,0.0,0.0,-0.1105263157894736
2026-09-30T13:49:47.319 0.8,0.0,0.0,0.0,0.0,-0.18421052631578938
2026-09-30T13:49:47.369 0.8,0.0,0.0,0.0,0.0,-0.18421052631578938
2026-09-30T13:49:47.420 0.8,0.0,0.0,0.0,0.0,-0.18421052631578938
2026-09-30T13:49:47.469 0.8,0.0,0.0,0.0,0.0,-0.1105263157894736
2026-09-30T13:49:47.520 0.8,0.0,0.0,0.0,0.0,-0.1105263157894736
2026-09-30T13:49:47.570 0.8,0.0,0.0,0.0,0.0,-0.18421052631578938
2026-09-30T13:49:47.619 0.8,0.0,0.0,0.0,0.0,-0.18421052631578938
2026-09-30T13:49:47.669 0.8,0.0,0.0,0.0,0.0,-0.18421052631578938
2026-09-30T13:49:47.720 0.8,0.0,0.0,0.0,0.0,-0.1105263157894736
2026-09-30T13:49:47.770 0.8,0.0,0.0,0.0,0.0,-0.18421052631578938
2026-09-30T13:49:47.820 0.8,0.0,0.0,0.0,0.0,-0.18421052631578938
2026-09-30T13:49:47.869 0.8,0.0,0.0,0.0,0.0,-0.18421052631578938
2026-09-30T13:49:47.919 0.8,0.0,0.0,0.0,0.0,-0.1105263157894736
2026-09-30T13:49:47.969 0.8,0.0,0.0,0.0,0.0,-0.1105263157894736
2026-09-30T13:49:48.020 0.8,0.0,0.0,0.0,0.0,-0.1105263157894736
2026-09-30T13:49:48.069 0.8,0.0,0.0,0.0,0.0,-0.18421052631578938
2026-09-30T13:49:48.119 0.8,0.0,0.0,0.0,0.0,-0.18421052631578938
2026-09-30T13:49:48.169 0.8,0.0,0.0,0.0,0.0,-0.1105263157894736
2026-09-30T13:49:48.219 0.8,0.0,0.0,0.0,0.0,-0.1105263157894736
2026-09-30T13:49:48.269 0.8,0.0,0.0,0.0,0.0,-0.1105263157894736
2026-09-30T13:49:48.330 0.8,0.0,0.0,0.0,0.0,-0.1105263157894736
2026-09-30T13:49:48.369 0.8,0.0,0.0,0.0,0.0,-0.1105263157894736
2026-09-30T13:49:48.420 0.8,0.0,0.0,0.0,0.0,-0.1105263157894736
2026-09-30T13:49:48.469 0.8,0.0,0.0,0.0,0.0,-0.1105263157894736
2026-09-30T13:49:48.519 0.8,0.0,0.0,0.0,0.0,-0.1105263157894736
2026-09-30T13:49:48.569 0.8,0.0,0.0,0.0,0.0,-0.1105263157894736
2026-09-30T13:49:48.620 0.8,0.0,0.0,0.0,0.0,-0.1105263157894736
2026-09-30T13:49:48.679 0.8,0.0,0.0,0.0,0.0,-0.1105263157894736
2026-09-30T13:49:48.719 0.8,0.0,0.0,0.0,0.0,-0.1105263157894736
2026-09-30T13:49:48.769 0.8,0.0,0.0,0.0,0.0,-0.1105263157894736
2026-09-30T13:49:48.820 0.8,0.0,0.0,0.0,0.0,-0.1105263157894736
2026-09-30T13:49:48.869 0.8,0.0,0.0,0.0,0.0,-0.1105263157894736
2026-09-30T13:49:48.920 0.8,0.0,0.0,0.0,0.0,-0.1105263157894736
2026-09-30T13:49:48.969 0.8,0.0,0.0,0.0,0.0,-0.1105263157894736
2026-09-30T13:49:49.019 0.8,0.0,0.0,0.0,0.0,-0.036842105263157815
2026-09-30T13:49:49.070 0.8,0.0,0.0,0.0,0.0,-0.036842105263157815
2026-09-30T13:49:49.119 0.8,0.0,0.0,0.0,0.0,-0.036842105263157815
2026-09-30T13:49:49.169 0.8,0.0,0.0,0.0,0.0,-0.036842105263157815
2026-09-30T13:49:49.219 0.8,0.0,0.0,0.0,0.0,-0.036842105263157815
2026-09-30T13:49:49.269 0.8,0.0,0.0,0.0,0.0,-0.036842105263157815
2026-09-30T13:49:49.319 0.8,0.0,0.0,0.0,0.0,-0.036842105263157815
2026-09-30T13:49:49.369 0.8,0.0,0.0,0.0,0.0,-0.036842105263157815
2026-09-30T13:49:49.420 0.8,0.0,0.0,0.0,0.0,-0.1105263157894736
2026-09-30T13:49:49.469 0.8,0.0,0.0,0.0,0.0,-0.1105263157894736
2026-09-30T13:49:49.519 0.8,0.0,0.0,0.0,0.0,-0.1105263157894736
2026-09-30T13:49:49.569 0.8,0.0,0.0,0.0,0.0,-0.1105263157894736
2026-09-30T13:49:49.619 0.8,0.0,0.0,0.0,0.0,-0.1105263157894736
2026-09-30T13:49:49.669 0.8,0.0,0.0,0.0,0.0,-0.1105263157894736
2026-09-30T13:49:49.719 0.8,0.0,0.0,0.0,0.0,-0.1105263157894736
2026-09-30T13:49:49.769 0.8,0.0,0.0,0.0,0.0,-0.1105263157894736
2026-09-30T13:49:49.819 0.8,0.0,0.0,0.0,0.0,-0.1105263157894736
2026-09-30T13:49:49.869 0.8,0.0,0.0,0.0,0.0,-0.1105263157894736
2026-09-30T13:49:49.919 0.8,0.0,0.0,0.0,0.0,-0.1105263157894736
2026-09-30T13:49:49.969 0.8,0.0,0.0,0.0,0.0,-0.1105263157894736
2026-09-30T13:49:50.019 0.8,0.0,0.0,0.0,0.0,-0.1105263157894736
2026-09-30T13:49:50.069 0.8,0.0,0.0,0.0,0.0,-0.1105263157894736
2026-09-30T13:49:50.119 0.8,0.0,0.0,0.0,0.0,-0.1105263157894736
2026-09-30T13:49:50.169 0.8,0.0,0.0,0.0,0.0,-0.1105263157894736
2026-09-30T13:49:50.219 0.8,0.0,0.0,0.0,0.0,-0.1105263157894736
2026-09-30T13:49:50.269 0.8,0.0,0.0,0.0,0.0,-0.036842105263157815
2026-09-30T13:49:50.319 0.8,0.0,0.0,0.0,0.0,-0.1105263157894736
2026-09-30T13:49:50.369 0.8,0.0,0.0,0.0,0.0,-0.036842105263157815
2026-09-30T13:49:50.419 0.8,0.0,0.0,0.0,0.0,-0.036842105263157815
2026-09-30T13:49:50.469 0.8,0.0,0.0,0.0,0.0,-0.036842105263157815
2026-09-30T13:49:50.520 0.8,0.0,0.0,0.0,0.0,-0.1105263157894736
2026-09-30T13:49:50.569 0.8,0.0,0.0,0.0,0.0,-0.1105263157894736
2026-09-30T13:49:50.619 0.8,0.0,0.0,0.0,0.0,-0.036842105263157815
2026-09-30T13:49:50.669 0.8,0.0,0.0,0.0,0.0,-0.036842105263157815
2026-09-30T13:49:50.719 0.8,0.0,0.0,0.0,0.0,-0.036842105263157815
2026-09-30T13:49:50.769 0.8,0.0,0.0,0.0,0.0,-0.036842105263157815
2026-09-30T13:49:50.819 0.8,0.0,0.0,0.0,0.0,-0.036842105263157815
2026-09-30T13:49:50.869 0.8,0.0,0.0,0.0,0.0,-0.036842105263157815
2026-09-30T13:49:50.919 0.8,0.0,0.0,0.0,0.0,-0.036842105263157815
2026-09-30T13:49:50.969 0.8,0.0,0.0,0.0,0.0,-0.036842105263157815
2026-09-30T13:49:51.020 0.8,0.0,0.0,0.0,0.0,-0.036842105263157815
2026-09-30T13:49:51.069 0.8,0.0,0.0,0.0,0.0,-0.036842105263157815
2026-09-30T13:49:51.119 0.8,0.0,0.0,0.0,0.0,-0.036842105263157815
2026-09-30T13:49:51.169 0.8,0.0,0.0,0.0,0.0,-0.036842105263157815
2026-09-30T13:49:51.219 0.8,0.0,0.0,0.0,0.0,-0.036842105263157815
2026-09-30T13:49:51.269 0.8,0.0,0.0,0.0,0.0,0.0
2026-09-30T13:49:51.319 0.8,0.0,0.0,0.0,0.0,0.0
2026-09-30T13:49:51.369 0.8,0.0,0.0,0.0,0.0,0.0
2026-09-30T13:49:51.420 0.8,0.0,0.0,0.0,0.0,0.0
2026-09-30T13:49:51.469 0.8,0.0,0.0,0.0,0.0,0.0
2026-09-30T13:49:51.519 0.8,0.0,0.0,0.0,0.0,0.0
2026-09-30T13:49:51.569 0.8,0.0,0.0,0.0,0.0,0.0
2026-09-30T13:49:51.619 0.8,0.0,0.0,0.0,0.0,0.0
2026-09-30T13:49:51.669 0.8,0.0,0.0,0.0,0.0,0.03684210526315797
2026-09-30T13:49:51.719 0.8,0.0,0.0,0.0,0.0,0.03684210526315797
2026-09-30T13:49:51.769 0.8,0.0,0.0,0.0,0.0,0.0
2026-09-30T13:49:51.827 0.8,0.0,0.0,0.0,0.0,0.0
2026-09-30T13:49:51.869 0.8,0.0,0.0,0.0,0.0,0.03684210526315797
2026-09-30T13:49:51.929 0.8,0.0,0.0,0.0,0.0,0.03684210526315797
2026-09-30T13:49:51.969 0.8,0.0,0.0,0.0,0.0,0.03684210526315797
2026-09-30T13:49:52.019 0.8,0.0,0.0,0.0,0.0,0.0
2026-09-30T13:49:52.069 0.8,0.0,0.0,0.0,0.0,0.0
2026-09-30T13:49:52.119 0.8,0.0,0.0,0.0,0.0,0.0
2026-09-30T13:49:52.169 0.8,0.0,0.0,0.0,0.0,0.0
2026-09-30T13:49:52.219 0.8,0.0,0.0,0.0,0.0,0.03684210526315797
2026-09-30T13:49:52.269 0.8,0.0,0.0,0.0,0.0,0.0
2026-09-30T13:49:52.319 0.8,0.0,0.0,0.0,0.0,0.0
2026-09-30T13:49:52.369 0.8,0.0,0.0,0.0,0.0,0.0
2026-09-30T13:49:52.419 0.8,0.0,0.0,0.0,0.0,0.0
2026-09-30T13:49:52.469 0.8,0.0,0.0,0.0,0.0,0.0
2026-09-30T13:49:52.519 0.8,0.0,0.0,0.0,0.0,0.0
2026-09-30T13:49:52.569 0.8,0.0,0.0,0.0,0.0,0.0
2026-09-30T13:49:52.620 0.8,0.0,0.0,0.0,0.0,0.0
2026-09-30T13:49:52.669 0.8,0.0,0.0,0.0,0.0,0.03684210526315797
2026-09-30T13:49:52.719 0.8,0.0,0.0,0.0,0.0,0.0
2026-09-30T13:49:52.769 0.8,0.0,0.0,0.0,0.0,0.0
2026-09-30T13:49:52.819 0.8,0.0,0.0,0.0,0.0,0.0
2026-09-30T13:49:52.869 0.8,0.0,0.0,0.0,0.0,0.03684210526315797
2026-09-30T13:49:52.919 0.8,0.0,0.0,0.0,0.0,0.03684210526315797
2026-09-30T13:49:52.969 0.8,0.0,0.0,0.0,0.0,0.03684210526315797
2026-09-30T13:49:53.019 0.8,0.0,0.0,0.0,0.0,0.03684210526315797
2026-09-30T13:49:53.069 0.7578947368421055,0.0,0.0,0.0,0.0,0.03684210526315797
2026-09-30T13:49:53.119 0.7578947368421055,0.0,0.0,0.0,0.0,0.03684210526315797
2026-09-30T13:49:53.169 0.8,0.0,0.0,0.0,0.0,0.03684210526315797
2026-09-30T13:49:53.219 0.8,0.0,0.0,0.0,0.0,0.03684210526315797
2026-09-30T13:49:53.269 0.8,0.0,0.0,0.0,0.0,0.03684210526315797
2026-09-30T13:49:53.319 0.8,0.0,0.0,0.0,0.0,0.03684210526315797
2026-09-30T13:49:53.369 0.8,0.0,0.0,0.0,0.0,0.03684210526315797
2026-09-30T13:49:53.419 0.7578947368421055,0.0,0.0,0.0,0.0,0.03684210526315797
2026-09-30T13:49:53.469 0.7578947368421055,0.0,0.0,0.0,0.0,0.03684210526315797
2026-09-30T13:49:53.519 0.7578947368421055,0.0,0.0,0.0,0.0,0.03684210526315797
2026-09-30T13:49:53.569 0.7578947368421055,0.0,0.0,0.0,0.0,0.03684210526315797
2026-09-30T13:49:53.620 0.7157894736842108,0.0,0.0,0.0,0.0,-0.036842105263157815
2026-09-30T13:49:53.669 0.7157894736842108,0.0,0.0,0.0,0.0,-0.036842105263157815
2026-09-30T13:49:53.720 0.7157894736842108,0.0,0.0,0.0,0.0,-0.036842105263157815
2026-09-30T13:49:53.769 0.673684210526316,0.0,0.0,0.0,0.0,-0.036842105263157815
2026-09-30T13:49:53.820 0.673684210526316,0.0,0.0,0.0,0.0,-0.036842105263157815
2026-09-30T13:49:53.869 0.673684210526316,0.0,0.0,0.0,0.0,-0.036842105263157815
2026-09-30T13:49:53.919 0.673684210526316,0.0,0.0,0.0,0.0,-0.036842105263157815
2026-09-30T13:49:53.969 0.673684210526316,0.0,0.0,0.0,0.0,-0.036842105263157815
2026-09-30T13:49:54.019 0.6315789473684212,0.0,0.0,0.0,0.0,-0.036842105263157815
2026-09-30T13:49:54.069 0.6315789473684212,0.0,0.0,0.0,0.0,-0.036842105263157815
2026-09-30T13:49:54.119 0.6315789473684212,0.0,0.0,0.0,0.0,-0.036842105263157815
2026-09-30T13:49:54.169 0.6315789473684212,0.0,0.0,0.0,0.0,-0.036842105263157815
2026-09-30T13:49:54.219 0.6315789473684212,0.0,0.0,0.0,0.0,-0.036842105263157815
2026-09-30T13:49:54.270 0.6315789473684212,0.0,0.0,0.0,0.0,-0.036842105263157815
2026-09-30T13:49:54.319 0.6315789473684212,0.0,0.0,0.0,0.0,-0.036842105263157815
2026-09-30T13:49:54.369 0.5894736842105265,0.0,0.0,0.0,0.0,-0.036842105263157815
2026-09-30T13:49:54.420 0.5894736842105265,0.0,0.0,0.0,0.0,-0.036842105263157815
2026-09-30T13:49:54.469 0.5894736842105265,0.0,0.0,0.0,0.0,-0.036842105263157815
2026-09-30T13:49:54.519 0.5894736842105265,0.0,0.0,0.0,0.0,-0.036842105263157815
2026-09-30T13:49:54.569 0.5894736842105265,0.0,0.0,0.0,0.0,-0.036842105263157815
2026-09-30T13:49:54.619 0.5473684210526317,0.0,0.0,0.0,0.0,-0.036842105263157815
2026-09-30T13:49:54.670 0.5473684210526317,0.0,0.0,0.0,0.0,-0.036842105263157815
2026-09-30T13:49:54.719 0.5473684210526317,0.0,0.0,0.0,0.0,-0.036842105263157815
2026-09-30T13:49:54.769 0.5473684210526317,0.0,0.0,0.0,0.0,-0.036842105263157815
2026-09-30T13:49:54.819 0.5473684210526317,0.0,0.0,0.0,0.0,-0.036842105263157815
2026-09-30T13:49:54.869 0.5473684210526317,0.0,0.0,0.0,0.0,-0.036842105263157815
2026-09-30T13:49:54.919 0.4631578947368422,0.0,0.0,0.0,0.0,-0.1105263157894736
2026-09-30T13:49:54.969 0.505263157894737,0.0,0.0,0.0,0.0,-0.036842105263157815
2026-09-30T13:49:55.019 0.505263157894737,0.0,0.0,0.0,0.0,-0.036842105263157815
2026-09-30T13:49:55.069 0.505263157894737,0.0,0.0,0.0,0.0,-0.036842105263157815
2026-09-30T13:49:55.119 0.505263157894737,0.0,0.0,0.0,0.0,-0.036842105263157815
2026-09-30T13:49:55.169 0.505263157894737,0.0,0.0,0.0,0.0,-0.036842105263157815
2026-09-30T13:49:55.220 0.505263157894737,0.0,0.0,0.0,0.0,-0.036842105263157815
2026-09-30T13:49:55.269 0.42105263157894746,0.0,0.0,0.0,0.0,-0.1105263157894736
2026-09-30T13:49:55.319 0.4631578947368422,0.0,0.0,0.0,0.0,-0.036842105263157815
2026-09-30T13:49:55.369 0.4631578947368422,0.0,0.0,0.0,0.0,-0.036842105263157815
2026-09-30T13:49:55.419 0.4631578947368422,0.0,0.0,0.0,0.0,-0.036842105263157815
2026-09-30T13:49:55.469 0.4631578947368422,0.0,0.0,0.0,0.0,-0.036842105263157815
2026-09-30T13:49:55.520 0.4631578947368422,0.0,0.0,0.0,0.0,-0.036842105263157815
2026-09-30T13:49:55.569 0.4631578947368422,0.0,0.0,0.0,0.0,0.0
2026-09-30T13:49:55.619 0.4631578947368422,0.0,0.0,0.0,0.0,0.0
2026-09-30T13:49:55.669 0.42105263157894746,0.0,0.0,0.0,0.0,-0.036842105263157815
2026-09-30T13:49:55.719 0.42105263157894746,0.0,0.0,0.0,0.0,-0.036842105263157815
2026-09-30T13:49:55.769 0.42105263157894746,0.0,0.0,0.0,0.0,-0.1105263157894736
2026-09-30T13:49:55.819 0.42105263157894746,0.0,0.0,0.0,0.0,-0.036842105263157815
2026-09-30T13:49:55.869 0.42105263157894746,0.0,0.0,0.0,0.0,-0.036842105263157815
2026-09-30T13:49:55.920 0.42105263157894746,0.0,0.0,0.0,0.0,-0.036842105263157815
2026-09-30T13:49:55.969 0.42105263157894746,0.0,0.0,0.0,0.0,-0.036842105263157815
2026-09-30T13:49:56.019 0.42105263157894746,0.0,0.0,0.0,0.0,0.0
2026-09-30T13:49:56.069 0.42105263157894746,0.0,0.0,0.0,0.0,0.0
2026-09-30T13:49:56.119 0.42105263157894746,0.0,0.0,0.0,0.0,-0.036842105263157815
2026-09-30T13:49:56.169 0.3789473684210527,0.0,0.0,0.0,0.0,-0.036842105263157815
2026-09-30T13:49:56.220 0.3789473684210527,0.0,0.0,0.0,0.0,-0.036842105263157815
2026-09-30T13:49:56.269 0.3789473684210527,0.0,0.0,0.0,0.0,-0.036842105263157815
2026-09-30T13:49:56.319 0.3789473684210527,0.0,0.0,0.0,0.0,-0.036842105263157815
2026-09-30T13:49:56.369 0.3789473684210527,0.0,0.0,0.0,0.0,-0.036842105263157815
2026-09-30T13:49:56.419 0.3789473684210527,0.0,0.0,0.0,0.0,0.0
2026-09-30T13:49:56.469 0.3789473684210527,0.0,0.0,0.0,0.0,0.0
2026-09-30T13:49:56.520 0.3789473684210527,0.0,0.0,0.0,0.0,0.0
2026-09-30T13:49:56.569 0.3789473684210527,0.0,0.0,0.0,0.0,0.0
2026-09-30T13:49:56.620 0.33684210526315794,0.0,0.0,0.0,0.0,-0.036842105263157815
2026-09-30T13:49:56.669 0.33684210526315794,0.0,0.0,0.0,0.0,-0.036842105263157815
2026-09-30T13:49:56.719 0.33684210526315794,0.0,0.0,0.0,0.0,-0.036842105263157815
2026-09-30T13:49:56.770 0.33684210526315794,0.0,0.0,0.0,0.0,-0.036842105263157815
2026-09-30T13:49:56.829 0.33684210526315794,0.0,0.0,0.0,0.0,-0.036842105263157815
2026-09-30T13:49:56.869 0.33684210526315794,0.0,0.0,0.0,0.0,-0.1105263157894736
2026-09-30T13:49:56.919 0.33684210526315794,0.0,0.0,0.0,0.0,-0.1105263157894736
2026-09-30T13:49:56.969 0.33684210526315794,0.0,0.0,0.0,0.0,0.0
2026-09-30T13:49:57.029 0.33684210526315794,0.0,0.0,0.0,0.0,0.0
2026-09-30T13:49:57.069 0.33684210526315794,0.0,0.0,0.0,0.0,0.0
2026-09-30T13:49:57.119 0.33684210526315794,0.0,0.0,0.0,0.0,0.0
2026-09-30T13:49:57.169 0.33684210526315794,0.0,0.0,0.0,0.0,0.0
2026-09-30T13:49:57.220 0.33684210526315794,0.0,0.0,0.0,0.0,-0.036842105263157815
2026-09-30T13:49:57.270 0.2947368421052632,0.0,0.0,0.0,0.0,-0.036842105263157815
2026-09-30T13:49:57.320 0.2947368421052632,0.0,0.0,0.0,0.0,-0.036842105263157815
2026-09-30T13:49:57.370 0.2947368421052632,0.0,0.0,0.0,0.0,-0.036842105263157815
2026-09-30T13:49:57.420 0.25263157894736843,0.0,0.0,0.0,0.0,-0.18421052631578938
2026-09-30T13:49:57.469 0.2947368421052632,0.0,0.0,0.0,0.0,-0.036842105263157815
2026-09-30T13:49:57.519 0.2947368421052632,0.0,0.0,0.0,0.0,-0.036842105263157815
2026-09-30T13:49:57.569 0.2947368421052632,0.0,0.0,0.0,0.0,-0.1105263157894736
2026-09-30T13:49:57.620 0.2947368421052632,0.0,0.0,0.0,0.0,-0.1105263157894736
2026-09-30T13:49:57.669 0.2947368421052632,0.0,0.0,0.0,0.0,0.0
2026-09-30T13:49:57.719 0.2947368421052632,0.0,0.0,0.0,0.0,0.0
2026-09-30T13:49:57.769 0.2947368421052632,0.0,0.0,0.0,0.0,0.0
2026-09-30T13:49:57.819 0.2947368421052632,0.0,0.0,0.0,0.0,0.0
2026-09-30T13:49:57.870 0.2947368421052632,0.0,0.0,0.0,0.0,0.0
2026-09-30T13:49:57.919 0.2947368421052632,0.0,0.0,0.0,0.0,-0.036842105263157815
2026-09-30T13:49:57.969 0.25263157894736843,0.0,0.0,0.0,0.0,-0.036842105263157815
2026-09-30T13:49:58.029 0.21052631578947367,0.0,0.0,0.0,0.0,-0.18421052631578938
2026-09-30T13:49:58.069 0.21052631578947367,0.0,0.0,0.0,0.0,-0.18421052631578938
2026-09-30T13:49:58.119 0.21052631578947367,0.0,0.0,0.0,0.0,-0.18421052631578938
2026-09-30T13:49:58.169 0.25263157894736843,0.0,0.0,0.0,0.0,-0.024210526315789377
2026-09-30T13:49:58.219 0.25263157894736843,0.0,0.0,0.0,0.0,-0.036842105263157815
2026-09-30T13:49:58.269 0.25263157894736843,0.0,0.0,0.0,0.0,0.0
2026-09-30T13:49:58.319 0.25263157894736843,0.0,0.0,0.0,0.0,-0.1105263157894736
2026-09-30T13:49:58.369 0.25263157894736843,0.0,0.0,0.0,0.0,-0.1105263157894736
2026-09-30T13:49:58.420 0.25263157894736843,0.0,0.0,0.0,0.0,0.0
2026-09-30T13:49:58.469 0.25263157894736843,0.0,0.0,0.0,0.0,0.0
2026-09-30T13:49:58.530 0.25263157894736843,0.0,0.0,0.0,0.0,0.0
2026-09-30T13:49:58.569 0.25263157894736843,0.0,0.0,0.0,0.0,0.0
2026-09-30T13:49:58.619 0.25263157894736843,0.0,0.0,0.0,0.0,0.0
2026-09-30T13:49:58.669 0.25263157894736843,0.0,0.0,0.0,0.0,0.0
2026-09-30T13:49:58.719 0.25263157894736843,0.0,0.0,0.0,0.0,0.0
2026-09-30T13:49:58.769 0.25263157894736843,0.0,0.0,0.0,0.0,0.0
2026-09-30T13:49:58.819 0.25263157894736843,0.0,0.0,0.0,0.0,-0.036842105263157815
2026-09-30T13:49:58.869 0.25263157894736843,0.0,0.0,0.0,0.0,-0.036842105263157815
2026-09-30T13:49:58.919 0.16842105263157894,0.0,0.0,0.0,0.0,-0.18421052631578938
2026-09-30T13:49:58.969 0.16842105263157894,0.0,0.0,0.0,0.0,-0.18421052631578938
2026-09-30T13:49:59.020 0.16842105263157894,0.0,0.0,0.0,0.0,-0.18421052631578938
2026-09-30T13:49:59.069 0.16842105263157894,0.0,0.0,0.0,0.0,-0.18421052631578938
2026-09-30T13:49:59.119 0.21052631578947367,0.0,0.0,0.0,0.0,-0.024210526315789377
2026-09-30T13:49:59.169 0.21052631578947367,0.0,0.0,0.0,0.0,-0.036842105263157815
2026-09-30T13:49:59.220 0.21052631578947367,0.0,0.0,0.0,0.0,-0.036842105263157815
2026-09-30T13:49:59.270 0.21052631578947367,0.0,0.0,0.0,0.0,-0.1105263157894736
2026-09-30T13:49:59.319 0.21052631578947367,0.0,0.0,0.0,0.0,-0.1105263157894736
2026-09-30T13:49:59.370 0.21052631578947367,0.0,0.0,0.0,0.0,-0.1105263157894736
2026-09-30T13:49:59.419 0.21052631578947367,0.0,0.0,0.0,0.0,0.0
2026-09-30T13:49:59.469 0.21052631578947367,0.0,0.0,0.0,0.0,0.0
2026-09-30T13:49:59.519 0.21052631578947367,0.0,0.0,0.0,0.0,0.0
2026-09-30T13:49:59.570 0.21052631578947367,0.0,0.0,0.0,0.0,0.0
2026-09-30T13:49:59.619 0.21052631578947367,0.0,0.0,0.0,0.0,0.0
2026-09-30T13:49:59.669 0.21052631578947367,0.0,0.0,0.0,0.0,0.0
2026-09-30T13:49:59.719 0.21052631578947367,0.0,0.0,0.0,0.0,0.0
2026-09-30T13:49:59.769 0.21052631578947367,0.0,0.0,0.0,0.0,0.03684210526315797
2026-09-30T13:49:59.819 0.21052631578947367,0.0,0.0,0.0,0.0,0.03684210526315797
2026-09-30T13:49:59.869 0.21052631578947367,0.0,0.0,0.0,0.0,-0.1105263157894736
2026-09-30T13:49:59.920 0.21052631578947367,0.0,0.0,0.0,0.0,-0.036842105263157815
2026-09-30T13:49:59.969 0.12631578947368421,0.0,0.0,0.0,0.0,-0.18421052631578938
2026-09-30T13:50:00.020 0.12631578947368421,0.0,0.0,0.0,0.0,-0.2578947368421052
2026-09-30T13:50:00.069 0.12631578947368421,0.0,0.0,0.0,0.0,-0.2578947368421052
2026-09-30T13:50:00.120 0.0013157894736842146,0.0,0.0,0.0,0.0,-0.09789473684210517
2026-09-30T13:50:00.169 0.0,0.0,0.0,0.0,0.0,0.06210526315789483
2026-09-30T13:50:00.220 0.0,0.0,0.0,0.0,0.0,0.18421052631578955
2026-09-30T13:50:00.269 0.0,0.0,0.0,0.0,0.0,0.18421052631578955
2026-09-30T13:50:00.319 0.0,0.0,0.0,0.0,0.0,0.18421052631578955
2026-09-30T13:50:00.369 0.0,0.0,0.0,0.0,0.0,0.18421052631578955
2026-09-30T13:50:00.420 0.0,0.0,0.0,0.0,0.0,0.18421052631578955
2026-09-30T13:50:00.469 0.0,0.0,0.0,0.0,0.0,0.18421052631578955
2026-09-30T13:50:00.520 0.0,0.0,0.0,0.0,0.0,0.18421052631578955
2026-09-30T13:50:00.569 0.0,0.0,0.0,0.0,0.0,0.18421052631578955
2026-09-30T13:50:00.620 0.0,0.0,0.0,0.0,0.0,0.18421052631578955
2026-09-30T13:50:00.669 0.0,0.0,0.0,0.0,0.0,0.18421052631578955
2026-09-30T13:50:00.719 0.0,0.0,0.0,0.0,0.0,0.18421052631578955
2026-09-30T13:50:00.769 0.0,0.0,0.0,0.0,0.0,0.18421052631578955
2026-09-30T13:50:00.819 0.0,0.0,0.0,0.0,0.0,0.18421052631578955
2026-09-30T13:50:00.869 0.0,0.0,0.0,0.0,0.0,0.18421052631578955
2026-09-30T13:50:00.919 0.0,0.0,0.0,0.0,0.0,0.18421052631578955
2026-09-30T13:50:00.970 0.0,0.0,0.0,0.0,0.0,0.18421052631578955
2026-09-30T13:50:01.019 0.0,0.0,0.0,0.0,0.0,0.18421052631578955
2026-09-30T13:50:01.069 0.0,0.0,0.0,0.0,0.0,0.18421052631578955
2026-09-30T13:50:01.119 0.0,0.0,0.0,0.0,0.0,0.18421052631578955
2026-09-30T13:50:01.169 0.0,0.0,0.0,0.0,0.0,0.18421052631578955
2026-09-30T13:50:01.219 0.0,0.0,0.0,0.0,0.0,0.18421052631578955
2026-09-30T13:50:01.269 0.0,0.0,0.0,0.0,0.0,0.18421052631578955
2026-09-30T13:50:01.319 0.0,0.0,0.0,0.0,0.0,0.18421052631578955
2026-09-30T13:50:01.369 0.0,0.0,0.0,0.0,0.0,0.18421052631578955
2026-09-30T13:50:01.420 0.0,0.0,0.0,0.0,0.0,0.18421052631578955
2026-09-30T13:50:01.469 0.0,0.0,0.0,0.0,0.0,0.18421052631578955
2026-09-30T13:50:01.520 0.0,0.0,0.0,0.0,0.0,0.18421052631578955
2026-09-30T13:50:01.570 0.0,0.0,0.0,0.0,0.0,0.18421052631578955
2026-09-30T13:50:01.619 0.0,0.0,0.0,0.0,0.0,0.18421052631578955
2026-09-30T13:50:01.669 0.0,0.0,0.0,0.0,0.0,0.18421052631578955
2026-09-30T13:50:01.719 0.0,0.0,0.0,0.0,0.0,0.18421052631578955
2026-09-30T13:50:01.769 0.0,0.0,0.0,0.0,0.0,0.18421052631578955
2026-09-30T13:50:01.819 0.0,0.0,0.0,0.0,0.0,0.18421052631578955
2026-09-30T13:50:01.869 0.0,0.0,0.0,0.0,0.0,0.18421052631578955
2026-09-30T13:50:01.919 0.0,0.0,0.0,0.0,0.0,0.18421052631578955
2026-09-30T13:50:01.969 0.0,0.0,0.0,0.0,0.0,0.18421052631578955
2026-09-30T13:50:02.020 0.0,0.0,0.0,0.0,0.0,0.18421052631578955
2026-09-30T13:50:02.070 0.0,0.0,0.0,0.0,0.0,0.18421052631578955
2026-09-30T13:50:02.120 0.0,0.0,0.0,0.0,0.0,0.18421052631578955
2026-09-30T13:50:02.169 0.0,0.0,0.0,0.0,0.0,0.18421052631578955
2026-09-30T13:50:02.220 0.0,0.0,0.0,0.0,0.0,0.18421052631578955
2026-09-30T13:50:02.269 0.0,0.0,0.0,0.0,0.0,0.18421052631578955
2026-09-30T13:50:02.319 0.0,0.0,0.0,0.0,0.0,0.18421052631578955
2026-09-30T13:50:02.369 0.0,0.0,0.0,0.0,0.0,0.18421052631578955
2026-09-30T13:50:02.419 0.0,0.0,0.0,0.0,0.0,0.18421052631578955
2026-09-30T13:50:02.469 0.0,0.0,0.0,0.0,0.0,0.18421052631578955
2026-09-30T13:50:02.520 0.0,0.0,0.0,0.0,0.0,0.18421052631578955
2026-09-30T13:50:02.570 0.0,0.0,0.0,0.0,0.0,0.18421052631578955
2026-09-30T13:50:02.620 0.0,0.0,0.0,0.0,0.0,0.18421052631578955
2026-09-30T13:50:02.670 0.0,0.0,0.0,0.0,0.0,0.18421052631578955
2026-09-30T13:50:02.719 0.0,0.0,0.0,0.0,0.0,0.18421052631578955
2026-09-30T13:50:02.770 0.0,0.0,0.0,0.0,0.0,0.18421052631578955
2026-09-30T13:50:02.820 0.0,0.0,0.0,0.0,0.0,0.18421052631578955
2026-09-30T13:50:02.869 0.0,0.0,0.0,0.0,0.0,0.18421052631578955
2026-09-30T13:50:02.919 0.0,0.0,0.0,0.0,0.0,0.18421052631578955
2026-09-30T13:50:02.969 0.0,0.0,0.0,0.0,0.0,0.18421052631578955
2026-09-30T13:50:03.020 0.0,0.0,0.0,0.0,0.0,0.18421052631578955
2026-09-30T13:50:03.069 0.0,0.0,0.0,0.0,0.0,0.18421052631578955
2026-09-30T13:50:03.121 0.0,0.0,0.0,0.0,0.0,0.18421052631578955
2026-09-30T13:50:03.169 0.0,0.0,0.0,0.0,0.0,0.18421052631578955
2026-09-30T13:50:03.219 0.0,0.0,0.0,0.0,0.0,0.18421052631578955
2026-09-30T13:50:03.269 0.0,0.0,0.0,0.0,0.0,0.18421052631578955
2026-09-30T13:50:03.330 0.0,0.0,0.0,0.0,0.0,0.18421052631578955
2026-09-30T13:50:03.369 0.0,0.0,0.0,0.0,0.0,0.18421052631578955
2026-09-30T13:50:03.420 0.0,0.0,0.0,0.0,0.0,0.18421052631578955
2026-09-30T13:50:03.470 0.0,0.0,0.0,0.0,0.0,0.18421052631578955
2026-09-30T13:50:03.519 0.0,0.0,0.0,0.0,0.0,0.18421052631578955
2026-09-30T13:50:03.569 0.0,0.0,0.0,0.0,0.0,0.18421052631578955
2026-09-30T13:50:03.620 0.0,0.0,0.0,0.0,0.0,0.18421052631578955
2026-09-30T13:50:03.670 0.0,0.0,0.0,0.0,0.0,0.18421052631578955
2026-09-30T13:50:03.719 0.0,0.0,0.0,0.0,0.0,0.18421052631578955
2026-09-30T13:50:03.769 0.0,0.0,0.0,0.0,0.0,0.18421052631578955
2026-09-30T13:50:03.820 0.0,0.0,0.0,0.0,0.0,0.18421052631578955
2026-09-30T13:50:03.869 0.0,0.0,0.0,0.0,0.0,0.18421052631578955
2026-09-30T13:50:03.920 0.0,0.0,0.0,0.0,0.0,0.18421052631578955
2026-09-30T13:50:03.980 0.0,0.0,0.0,0.0,0.0,0.18421052631578955
2026-09-30T13:50:04.020 0.0,0.0,0.0,0.0,0.0,0.18421052631578955
2026-09-30T13:50:04.069 0.0,0.0,0.0,0.0,0.0,0.18421052631578955
2026-09-30T13:50:04.120 0.0,0.0,0.0,0.0,0.0,0.18421052631578955
2026-09-30T13:50:04.179 0.0,0.0,0.0,0.0,0.0,0.18421052631578955
2026-09-30T13:50:04.219 0.0,0.0,0.0,0.0,0.0,0.18421052631578955
2026-09-30T13:50:04.269 0.0,0.0,0.0,0.0,0.0,0.18421052631578955
2026-09-30T13:50:04.319 0.0,0.0,0.0,0.0,0.0,0.18421052631578955
2026-09-30T13:50:04.369 0.0,0.0,0.0,0.0,0.0,0.18421052631578955
2026-09-30T13:50:04.420 0.0,0.0,0.0,0.0,0.0,0.18421052631578955
2026-09-30T13:50:04.469 0.0,0.0,0.0,0.0,0.0,0.18421052631578955
2026-09-30T13:50:04.520 0.0,0.0,0.0,0.0,0.0,0.18421052631578955
2026-09-30T13:50:04.570 0.0,0.0,0.0,0.0,0.0,0.18421052631578955
2026-09-30T13:50:04.619 0.0,0.0,0.0,0.0,0.0,0.18421052631578955
2026-09-30T13:50:04.669 0.0,0.0,0.0,0.0,0.0,0.18421052631578955
2026-09-30T13:50:04.719 0.0,0.0,0.0,0.0,0.0,0.18421052631578955
2026-09-30T13:50:04.769 0.0,0.0,0.0,0.0,0.0,0.18421052631578955
2026-09-30T13:50:04.820 0.0,0.0,0.0,0.0,0.0,0.18421052631578955
2026-09-30T13:50:04.869 0.0,0.0,0.0,0.0,0.0,0.18421052631578955
2026-09-30T13:50:04.920 0.0,0.0,0.0,0.0,0.0,0.18421052631578955
2026-09-30T13:50:04.969 0.0,0.0,0.0,0.0,0.0,0.18421052631578955
2026-09-30T13:50:05.019 0.0,0.0,0.0,0.0,0.0,0.18421052631578955
2026-09-30T13:50:05.069 0.0,0.0,0.0,0.0,0.0,0.18421052631578955
2026-09-30T13:50:05.119 0.0,0.0,0.0,0.0,0.0,0.18421052631578955
2026-09-30T13:50:05.169 0.0,0.0,0.0,0.0,0.0,0.18421052631578955
2026-09-30T13:50:05.220 0.0,0.0,0.0,0.0,0.0,0.18421052631578955
2026-09-30T13:50:05.269 0.0,0.0,0.0,0.0,0.0,0.18421052631578955
2026-09-30T13:50:05.320 0.0,0.0,0.0,0.0,0.0,0.18421052631578955
2026-09-30T13:50:05.369 0.0,0.0,0.0,0.0,0.0,0.18421052631578955
2026-09-30T13:50:05.421 0.0,0.0,0.0,0.0,0.0,0.18421052631578955
2026-09-30T13:50:05.470 0.0,0.0,0.0,0.0,0.0,0.18421052631578955
2026-09-30T13:50:05.520 0.0,0.0,0.0,0.0,0.0,0.18421052631578955
2026-09-30T13:50:05.569 0.0,0.0,0.0,0.0,0.0,0.18421052631578955
2026-09-30T13:50:05.619 0.0,0.0,0.0,0.0,0.0,0.18421052631578955
2026-09-30T13:50:05.669 0.0,0.0,0.0,0.0,0.0,0.18421052631578955
2026-09-30T13:50:05.720 0.0,0.0,0.0,0.0,0.0,0.18421052631578955
2026-09-30T13:50:05.769 0.0,0.0,0.0,0.0,0.0,0.18421052631578955
2026-09-30T13:50:05.820 0.0,0.0,0.0,0.0,0.0,0.18421052631578955
2026-09-30T13:50:05.869 0.0,0.0,0.0,0.0,0.0,0.18421052631578955
2026-09-30T13:50:05.919 0.0,0.0,0.0,0.0,0.0,0.18421052631578955
2026-09-30T13:50:05.971 0.0,0.0,0.0,0.0,0.0,0.18421052631578955
2026-09-30T13:50:06.020 0.0,0.0,0.0,0.0,0.0,0.18421052631578955
2026-09-30T13:50:06.069 0.0,0.0,0.0,0.0,0.0,0.18421052631578955
2026-09-30T13:50:06.119 0.0,0.0,0.0,0.0,0.0,0.18421052631578955
2026-09-30T13:50:06.169 0.0,0.0,0.0,0.0,0.0,0.18421052631578955
2026-09-30T13:50:06.219 0.0,0.0,0.0,0.0,0.0,0.18421052631578955
2026-09-30T13:50:06.269 0.0,0.0,0.0,0.0,0.0,0.18421052631578955
2026-09-30T13:50:06.319 0.0,0.0,0.0,0.0,0.0,0.18421052631578955
2026-09-30T13:50:06.370 0.0,0.0,0.0,0.0,0.0,0.18421052631578955
2026-09-30T13:50:06.420 0.0,0.0,0.0,0.0,0.0,0.18421052631578955
2026-09-30T13:50:06.469 0.0,0.0,0.0,0.0,0.0,0.18421052631578955
2026-09-30T13:50:06.520 0.0,0.0,0.0,0.0,0.0,0.18421052631578955
2026-09-30T13:50:06.569 0.0,0.0,0.0,0.0,0.0,0.18421052631578955
2026-09-30T13:50:06.620 0.0,0.0,0.0,0.0,0.0,0.18421052631578955
2026-09-30T13:50:06.670 0.0,0.0,0.0,0.0,0.0,0.18421052631578955
2026-09-30T13:50:06.719 0.0,0.0,0.0,0.0,0.0,0.18421052631578955
2026-09-30T13:50:06.769 0.0,0.0,0.0,0.0,0.0,0.18421052631578955
2026-09-30T13:50:06.829 0.0,0.0,0.0,0.0,0.0,0.18421052631578955
2026-09-30T13:50:06.869 0.0,0.0,0.0,0.0,0.0,0.18421052631578955
2026-09-30T13:50:06.920 0.0,0.0,0.0,0.0,0.0,0.18421052631578955
2026-09-30T13:50:06.969 0.0,0.0,0.0,0.0,0.0,0.18421052631578955
2026-09-30T13:50:07.020 0.0,0.0,0.0,0.0,0.0,0.18421052631578955
2026-09-30T13:50:07.069 0.0,0.0,0.0,0.0,0.0,0.18421052631578955
2026-09-30T13:50:07.119 0.0,0.0,0.0,0.0,0.0,0.18421052631578955
2026-09-30T13:50:07.169 0.0,0.0,0.0,0.0,0.0,0.18421052631578955
2026-09-30T13:50:07.220 0.0,0.0,0.0,0.0,0.0,0.18421052631578955
2026-09-30T13:50:07.269 0.0,0.0,0.0,0.0,0.0,0.18421052631578955
2026-09-30T13:50:07.319 0.0,0.0,0.0,0.0,0.0,0.18421052631578955
2026-09-30T13:50:07.371 0.0,0.0,0.0,0.0,0.0,0.18421052631578955
2026-09-30T13:50:07.419 0.0,0.0,0.0,0.0,0.0,0.18421052631578955
2026-09-30T13:50:07.469 0.0,0.0,0.0,0.0,0.0,0.18421052631578955
2026-09-30T13:50:07.519 0.0,0.0,0.0,0.0,0.0,0.18421052631578955
2026-09-30T13:50:07.569 0.0,0.0,0.0,0.0,0.0,0.18421052631578955
2026-09-30T13:50:07.619 0.0,0.0,0.0,0.0,0.0,0.18421052631578955
2026-09-30T13:50:07.669 0.0,0.0,0.0,0.0,0.0,0.18421052631578955
2026-09-30T13:50:07.719 0.0,0.0,0.0,0.0,0.0,0.18421052631578955
2026-09-30T13:50:07.769 0.0,0.0,0.0,0.0,0.0,0.18421052631578955
2026-09-30T13:50:07.819 0.0,0.0,0.0,0.0,0.0,0.024210526315789543
2026-09-30T13:50:07.869 0.0,0.0,0.0,0.0,0.0,0.0
2026-09-30T13:50:07.920 0.0,0.0,0.0,0.0,0.0,0.0
2026-09-30T13:50:07.969 0.0,0.0,0.0,0.0,0.0,0.0
2026-09-30T13:50:08.020 0.0,0.0,0.0,0.0,0.0,0.0
2026-09-30T13:50:08.069 0.0,0.0,0.0,0.0,0.0,0.0
2026-09-30T13:50:08.119 0.0,0.0,0.0,0.0,0.0,0.0
2026-09-30T13:50:08.170 0.0,0.0,0.0,0.0,0.0,0.0
2026-09-30T13:50:08.219 0.0,0.0,0.0,0.0,0.0,0.0
2026-09-30T13:50:08.270 0.0,0.0,0.0,0.0,0.0,0.0
2026-09-30T13:50:08.319 0.0,0.0,0.0,0.0,0.0,0.0
2026-09-30T13:50:08.369 0.0,0.0,0.0,0.0,0.0,0.0
2026-09-30T13:50:08.419 0.0,0.0,0.0,0.0,0.0,0.0
2026-09-30T13:50:08.469 0.0,0.0,0.0,0.0,0.0,0.0
2026-09-30T13:50:08.519 0.0,0.0,0.0,0.0,0.0,0.0
2026-09-30T13:50:08.569 0.0,0.0,0.0,0.0,0.0,0.0
2026-09-30T13:50:08.620 0.0,0.0,0.0,0.0,0.0,0.0
2026-09-30T13:50:08.669 0.0,0.0,0.0,0.0,0.0,0.0
2026-09-30T13:50:08.720 0.0,0.0,0.0,0.0,0.0,0.0
2026-09-30T13:50:08.769 0.0,0.0,0.0,0.0,0.0,0.0
2026-09-30T13:50:08.819 0.0,0.0,0.0,0.0,0.0,0.0
2026-09-30T13:50:08.869 0.0,0.0,0.0,0.0,0.0,0.0
2026-09-30T13:50:08.919 0.0,0.0,0.0,0.0,0.0,0.0
2026-09-30T13:50:08.969 0.0,0.0,0.0,0.0,0.0,0.0
2026-09-30T13:50:09.020 0.0,0.0,0.0,0.0,0.0,0.0
2026-09-30T13:50:09.069 0.0,0.0,0.0,0.0,0.0,0.0
2026-09-30T13:50:09.119 0.0,0.0,0.0,0.0,0.0,0.0
2026-09-30T13:50:09.169 0.0,0.0,0.0,0.0,0.0,0.0
2026-09-30T13:50:09.219 0.0,0.0,0.0,0.0,0.0,0.0
2026-09-30T13:50:09.270 0.0,0.0,0.0,0.0,0.0,0.0
2026-09-30T13:50:09.319 0.0,0.0,0.0,0.0,0.0,0.0
2026-09-30T13:50:09.369 0.0,0.0,0.0,0.0,0.0,0.0
2026-09-30T13:50:09.419 0.0,0.0,0.0,0.0,0.0,0.0
2026-09-30T13:50:09.469 0.0,0.0,0.0,0.0,0.0,0.0
2026-09-30T13:50:09.519 0.0,0.0,0.0,0.0,0.0,0.0
2026-09-30T13:50:09.569 0.0,0.0,0.0,0.0,0.0,0.0
2026-09-30T13:50:09.619 0.0,0.0,0.0,0.0,0.0,0.0
2026-09-30T13:50:09.679 0.0,0.0,0.0,0.0,0.0,0.0
2026-09-30T13:50:09.719 0.0,0.0,0.0,0.0,0.0,0.0
2026-09-30T13:50:09.769 0.0,0.0,0.0,0.0,0.0,0.0
2026-09-30T13:50:09.819 0.0,0.0,0.0,0.0,0.0,0.0
2026-09-30T13:50:09.869 0.0,0.0,0.0,0.0,0.0,0.0
2026-09-30T13:50:09.929 0.0,0.0,0.0,0.0,0.0,0.0
2026-09-30T13:50:09.969 0.0,0.0,0.0,0.0,0.0,0.0
2026-09-30T13:50:10.019 0.0,0.0,0.0,0.0,0.0,0.0
2026-09-30T13:50:10.069 0.0,0.0,0.0,0.0,0.0,0.0
2026-09-30T13:50:10.130 0.0,0.0,0.0,0.0,0.0,0.0
2026-09-30T13:50:10.169 0.0,0.0,0.0,0.0,0.0,0.0
2026-09-30T13:50:10.219 0.0,0.0,0.0,0.0,0.0,0.0
2026-09-30T13:50:10.269 0.0,0.0,0.0,0.0,0.0,0.0
2026-09-30T13:50:10.319 0.0,0.0,0.0,0.0,0.0,0.0
2026-09-30T13:50:10.369 0.0,0.0,0.0,0.0,0.0,0.0
2026-09-30T13:50:10.419 0.0,0.0,0.0,0.0,0.0,0.0
2026-09-30T13:50:10.469 0.0,0.0,0.0,0.0,0.0,0.0
2026-09-30T13:50:10.519 0.0,0.0,0.0,0.0,0.0,0.0
2026-09-30T13:50:10.571 0.0,0.0,0.0,0.0,0.0,0.0
2026-09-30T13:50:10.619 0.0,0.0,0.0,0.0,0.0,0.0
2026-09-30T13:50:10.669 0.0,0.0,0.0,0.0,0.0,0.0
2026-09-30T13:50:10.719 0.0,0.0,0.0,0.0,0.0,0.0
2026-09-30T13:50:10.769 0.0,0.0,0.0,0.0,0.0,0.0
2026-09-30T13:50:10.819 0.0,0.0,0.0,0.0,0.0,0.0
2026-09-30T13:50:10.869 0.0,0.0,0.0,0.0,0.0,0.0
2026-09-30T13:50:10.919 0.0,0.0,0.0,0.0,0.0,0.0
2026-09-30T13:50:10.969 0.0,0.0,0.0,0.0,0.0,0.0
2026-09-30T13:50:11.019 0.0,0.0,0.0,0.0,0.0,0.0
2026-09-30T13:50:11.069 0.0,0.0,0.0,0.0,0.0,0.0
2026-09-30T13:50:11.119 0.0,0.0,0.0,0.0,0.0,0.0
2026-09-30T13:50:11.169 0.0,0.0,0.0,0.0,0.0,0.0
2026-09-30T13:50:11.220 0.0,0.0,0.0,0.0,0.0,0.0
2026-09-30T13:50:11.269 0.0,0.0,0.0,0.0,0.0,0.0
2026-09-30T13:50:11.319 0.0,0.0,0.0,0.0,0.0,0.0
