2026-09-30T13:48:41.567 0.006936541650180066,-1.164365739965229e-06,-1.0863112549428291e-05,-2.011804786708134e-07,-5.937973990724389e-09,-1.2221281974052968e-06,0.999999999999233
2026-09-30T13:48:41.639 0.006956091965283816,-5.680731492191155e-07,-1.0879122637289842e-05,-3.514562635628447e-07,-8.242518863031842e-08,-1.1942916867940396e-05,0.9999999999286182
2026-09-30T13:48:41.692 0.006974688614767718,-5.678390130238296e-07,-1.0893624767515623e-05,-1.873547348087461e-07,2.2233654717749274e-08,-6.081001017496055e-06,0.9999999999814929
2026-09-30T13:48:41.769 0.006991854661824821,-6.868321875719011e-07,-1.0965469658300624e-05,-2.543060793985794e-07,4.2256689325637213e-08,-3.884595922062995e-06,0.9999999999924217
2026-09-30T13:48:41.799 0.007011404930558384,-1.5014424706433744e-07,-1.1011282021549241e-05,-4.979097087577649e-07,6.740059029038585e-08,-8.37089935674407e-06,0.9999999999648378
2026-09-30T13:48:41.894 0.007028571099169281,-5.671606317960262e-07,-1.1008621150747203e-05,-3.121895515729348e-07,1.3152425609641332e-08,-5.838656213872279e-06,0.9999999999829062
2026-09-30T13:48:41.944 0.007048121466646768,-3.881005489766879e-07,-1.0994828885227692e-05,-4.2713814561643775e-07,3.6551290331791276e-08,-4.859156824983008e-06,0.9999999999881024
2026-09-30T13:48:42.021 0.0070681484593940105,-2.686391321114087e-07,-1.1115900823144002e-05,-2.3551073210851824e-07,9.883537903453174e-08,3.4107782569318103e-06,0.9999999999941507
2026-09-30T13:48:42.067 0.007086268368808361,-4.4722492271443705e-07,-1.1070044423777762e-05,-1.8409618382681317e-07,9.324631933089302e-08,-2.5319790908619964e-06,0.9999999999967732
2026-09-30T13:48:42.152 0.0071048649756743,-8.046186606110294e-07,-1.1114348780644366e-05,-1.6980516545557087e-07,2.467839036905667e-08,-3.0295347522744275e-06,0.9999999999953962
2026-09-30T13:48:42.199 0.007122031112469997,-5.659839555993383e-07,-1.1126589159652225e-05,-3.2970230116067313e-07,-7.206400863182132e-08,-1.0635098257736434e-05,0.9999999999433904
2026-09-30T13:48:42.284 0.007140150858463034,-8.637790548812929e-07,-1.11850407387646e-05,-2.0090108982568124e-07,4.8077782165792914e-08,-6.4209278073148265e-06,0.9999999999793645
2026-09-30T13:48:42.316 0.007160177853461608,-9.231315723280106e-07,-1.130611264743316e-05,-3.6860228497951957e-07,1.0686740522399062e-07,5.878686043369266e-06,0.9999999999826469
2026-09-30T13:48:42.412 0.007178774612492199,-2.672463299856922e-07,-1.1246109172059888e-05,-2.719782339749274e-07,1.1641339905937147e-07,-3.5381026026561964e-06,0.9999999999936972
2026-09-30T13:48:42.454 0.007197371144174528,-2.670122074601172e-07,-1.1335117015126463e-05,-2.2992527453933823e-07,6.111624295393079e-08,-3.373561437506492e-06,0.9999999999942812
2026-09-30T13:48:42.533 0.0072145372147919455,-3.860053792742464e-07,-1.1392060763343303e-05,-3.313245633280341e-07,-2.4566457335507868e-08,-9.729452949963635e-06,0.9999999999526137
2026-09-30T13:48:42.564 0.007232180213210989,-2.6657395764785875e-07,-1.1390153910356146e-05,-3.471609386592073e-07,4.912439042065945e-08,-6.769611713636754e-06,0.9999999999770247
2026-09-30T13:48:42.657 0.007251730582939809,-2.663278091405173e-07,-1.1376361615588889e-05,-4.29276552609298e-07,3.5852757935769266e-08,-5.207935479405138e-06,0.9999999999863459
2026-09-30T13:48:42.705 0.007272234485931914,-3.8527895973398846e-07,-1.1453484016875364e-05,-2.1502434377641698e-07,1.3154777345780398e-07,3.1217075604252393e-06,0.9999999999950957
2026-09-30T13:48:42.780 0.0072894007936533676,-6.234813937500274e-07,-1.1361416319912118e-05,-3.510739453983334e-07,6.111433203961175e-08,-2.5964005551553626e-06,0.9999999999965659
2026-09-30T13:48:42.824 0.007308474137587082,-5.636366257656432e-07,-1.1466079245367741e-05,-3.3864139902931783e-07,7.357096481007016e-08,-2.473330611329531e-06,0.9999999999968813
2026-09-30T13:48:42.897 0.007326117039513534,-2.6539128076302724e-07,-1.1523776991900966e-05,-2.2875807340091072e-07,-3.5625378491891744e-08,-1.046189515363834e-05,0.9999999999452476
2026-09-30T13:48:42.937 0.007342806370061399,-5.632043793754705e-07,-1.1520362210525785e-05,-4.5185828088876804e-07,2.9449619851772173e-08,-6.678656022409889e-06,0.9999999999775953
2026-09-30T13:48:43.025 0.007362833552792047,-5.629522301799854e-07,-1.1522224988398325e-05,-2.587618634088939e-07,2.3746610172929197e-08,-4.225547629858631e-06,0.9999999999910386
2026-09-30T13:48:43.069 0.007381430223584932,-3.8390415693876066e-07,-1.1521826005303695e-05,-2.847784076281964e-07,9.892828454835606e-09,-8.272162222629255e-06,0.9999999999657451
2026-09-30T13:48:43.157 0.007399550012946378,-3.836760268995028e-07,-1.1550475348025996e-05,-1.9179478864450793e-07,9.078602985636436e-09,-6.695132729973462e-06,0.9999999999775692
2026-09-30T13:48:43.193 0.0074191001478224935,-4.4303455050224846e-07,-1.1685694469191076e-05,-3.8805588704730743e-07,4.958997627699103e-08,-5.780339623758404e-06,0.9999999999832173
2026-09-30T13:48:43.272 0.007435312659364979,-2.6401649163751017e-07,-1.1666624693170092e-05,-3.3466227378521245e-07,4.458428295989412e-08,-7.452914498369142e-06,0.99999999997217
2026-09-30T13:48:43.312 0.007454386126353375,-6.214042233780747e-07,-1.1696781837540175e-05,-3.4382615278132637e-07,1.594614672566561e-08,-6.977936399516543e-06,0.999999999975595
2026-09-30T13:48:43.384 0.007473936376779733,-5.019487989991127e-07,-1.175749527511221e-05,-3.7650332915516206e-07,5.168532854174144e-08,-5.305641308732197e-06,0.9999999999858529
2026-09-30T13:48:43.419 0.007490625632894433,-5.017386819600542e-07,-1.1798783970187751e-05,-4.2328419428524357e-07,4.656273024696796e-08,-7.931832648203198e-06,0.9999999999684523
2026-09-30T13:48:43.504 0.0075106528870564696,-5.610911693334082e-07,-1.1755943310606566e-05,-3.051183212909636e-07,6.400315727972034e-09,-7.2024041313411575e-06,0.9999999999740161
2026-09-30T13:48:43.536 0.00752877267566747,-5.012583945234848e-07,-1.1784592663078117e-05,-3.8108207427507625e-07,4.57482149766705e-08,-6.67880526811845e-06,0.9999999999776231
2026-09-30T13:48:43.621 0.007546415604906457,-5.010362706402549e-07,-1.1827389218296936e-05,-3.3669030045382634e-07,4.6913486241622124e-08,3.817971742904784e-06,0.9999999999926538
2026-09-30T13:48:43.649 0.007566442767829011,-7.9880734803204e-07,-1.184415308999139e-05,-1.572131853240496e-07,3.6669582784000967e-08,-3.587394853043537e-06,0.9999999999935523
2026-09-30T13:48:43.730 0.0075850392912564565,-1.429221330291431e-07,-1.1933161040299704e-05,-3.0042026811650695e-07,3.1350839673196957e-07,4.8571369537216575e-05,0.9999999988203168
2026-09-30T13:48:43.761 0.007603159033497272,-1.4269400845776953e-07,-1.1991612668158323e-05,-4.64401347638986e-07,5.487901654559043e-07,0.0001403887609102451,0.9999999901452394
2026-09-30T13:48:43.846 0.007624616839213258,2.1520403329767728e-07,-1.1921231581900485e-05,-5.317032634555158e-07,-5.207565226995088e-07,0.00023836866562272754,0.9999999715899123
2026-09-30T13:48:43.882 0.0076432134826936084,6.922753276582882e-07,-1.1935733790120258e-05,-2.3140324650682135e-08,3.345278653909923e-07,0.00041118024145273663,0.9999999154653447
2026-09-30T13:48:43.957 0.00766419390395666,1.5270044612763048e-06,-1.2207325130852424e-05,-3.2220437591649685e-07,6.093173772620312e-07,0.0007681594994695626,0.9999997049652106
2026-09-30T13:48:43.989 0.00768183659008806,2.12327300552677e-06,-1.2399133209245324e-05,1.0181261568723605e-07,8.014291969157356e-07,0.0012639289817710801,0.9999992012411192
2026-09-30T13:48:44.077 0.007700909595922483,2.838768827713286e-06,-1.271241223789691e-05,4.927462479335116e-07,8.944252077776498e-07,0.0019748067102912915,0.999998050066806
2026-09-30T13:48:44.108 0.007726183148346225,3.67355217803814e-06,-1.1977511254639031e-05,4.205043554861374e-06,5.014306009572386e-07,0.002754460700944907,0.9999962064569611
2026-09-30T13:48:44.211 0.007752886057501864,4.389144115124756e-06,-1.1975028027937355e-05,5.119053120847538e-06,1.36801708644666e-06,0.0035920121188565174,0.9999935486896212
2026-09-30T13:48:44.251 0.007784833838996674,5.104802051579124e-06,-1.2189454027977939e-05,6.630809675195089e-06,5.247188997614901e-07,0.004462707908488858,0.9999900420473599
2026-09-30T13:48:44.342 0.007817258685152333,6.416512466501655e-06,-1.2255622629901062e-05,7.925560520517323e-06,7.607097188072576e-07,0.005351370479282025,0.9999856812827873
2026-09-30T13:48:44.375 0.00785635934192192,7.3706790716451626e-06,-1.2272741624059009e-05,9.311080044822993e-06,5.764928561158899e-07,0.006251933416434438,0.9999804564297884
2026-09-30T13:48:44.458 0.0078968903610125,8.801700828816596e-06,-1.238152934183482e-05,1.0853453240299393e-05,5.842272392266251e-07,0.007163644158678865,0.999974340712915
2026-09-30T13:48:44.492 0.00794505093152046,1.011360937033767e-05,-1.2398071923281255e-05,1.2129692140954343e-05,1.4763927770296986e-06,0.008085903268272396,0.9999673084751456
2026-09-30T13:48:44.577 0.007994641751050502,1.1544745181592965e-05,-1.258078888269085e-05,1.3620779565197787e-05,2.0232195436265217e-06,0.009015942473440074,0.9999593554698594
2026-09-30T13:48:44.611 0.008050908492992491,1.3095174354904274e-05,-1.263995059948847e-05,1.536338272734522e-05,2.106111746392431e-06,0.009952687929912897,0.9999504706546722
2026-09-30T13:48:44.685 0.008109559414743426,1.4884052124408673e-05,-1.2702882005641283e-05,1.645925413183415e-05,2.167979354045563e-06,0.01090158765469908,0.9999405757898815
2026-09-30T13:48:44.715 0.008174409185240128,1.6911426514748905e-05,-1.2790515684290566e-05,1.8293953700839634e-05,2.8729554456044884e-06,0.011860459394192504,0.9999296621063084
2026-09-30T13:48:44.802 0.00824068945641793,1.9654074652603383e-05,-1.2880411270145752e-05,1.9574734405374292e-05,3.191652530098353e-06,0.012833326553385847,0.9999176492772879
2026-09-30T13:48:44.836 0.008314122209849605,2.2039184964963325e-05,-1.3026319176284517e-05,2.119440905236999e-05,3.4945806793865954e-06,0.013816651262255716,0.99990454528744
2026-09-30T13:48:44.917 0.008388985720124066,2.5377987633993544e-05,-1.3010576460376435e-05,2.2823765709772658e-05,2.6286313707016815e-06,0.014812757431314105,0.9998902848260138
2026-09-30T13:48:44.946 0.008470524568305271,2.8478455728107223e-05,-1.3243807007564856e-05,2.451432870818848e-05,2.7201652593701573e-06,0.015814111549473205,0.9998749488148752
2026-09-30T13:48:45.031 0.008554447803835586,3.217500031164347e-05,-1.3346697019490532e-05,2.583797426506044e-05,2.716761213538646e-06,0.016825474877173577,0.9998584413406609
2026-09-30T13:48:45.069 0.008644569774812764,3.575241363372183e-05,-1.3548794958257977e-05,2.7571751523918655e-05,2.864364404667128e-06,0.017843211847156818,0.9998407968384624
2026-09-30T13:48:45.152 0.008734691948827445,4.004508271765368e-05,-1.361678273090298e-05,2.900044204363788e-05,2.8257603116653645e-06,0.01887051001123515,0.9998219356479959
2026-09-30T13:48:45.181 0.0088333970160385,4.4337859844045464e-05,-1.380264924281461e-05,3.0820075686632986e-05,2.8735977763922236e-06,0.01990580419671086,0.9998018593707193
2026-09-30T13:48:45.269 0.008932578909305483,4.946510800064866e-05,-1.3989269821287364e-05,3.2566872741625055e-05,2.761062203898476e-06,0.02095052341919357,0.9997805131628827
2026-09-30T13:48:45.300 0.00903605240081181,5.471161948579378e-05,-1.4137972362198896e-05,3.43725081183208e-05,3.489254313169799e-06,0.022003933691988355,0.9997578835440281
2026-09-30T13:48:45.385 0.009144771112058478,6.0435034169481114e-05,-1.4280067069324296e-05,3.564428102956365e-05,3.116329740267213e-06,0.023070589651800068,0.9997338378853103
2026-09-30T13:48:45.414 0.009258735020986055,6.651614275943539e-05,-1.4430455065733223e-05,3.759312710522447e-05,2.9122683906853e-06,0.024149952036422315,0.9997083466666236
2026-09-30T13:48:45.501 0.009374129246614881,7.295489720640838e-05,-1.4702314051397839e-05,3.9041296755771873e-05,2.7650017311394456e-06,0.025243049956951084,0.9996813426772567
2026-09-30T13:48:45.533 0.009492384598911921,8.022815271437289e-05,-1.490419104114098e-05,4.120649526661006e-05,2.1659189860318e-06,0.026348559972234807,0.9996528155738487
2026-09-30T13:48:45.625 0.009613977851262818,8.773986883084257e-05,-1.508154329524628e-05,4.247937679952637e-05,2.008286820417484e-06,0.02746848569802347,0.9996226690531417
2026-09-30T13:48:45.657 0.009742246927281742,9.572850616705649e-05,-1.5194944935507729e-05,4.482013761735982e-05,1.579096153000971e-06,0.028597597138810056,0.9995910040744405
2026-09-30T13:48:45.737 0.009871946056335788,0.00010443241719883972,-1.5593730191770104e-05,4.568567623243446e-05,1.2889523647503794e-06,0.02974175804983078,0.999557615017395
2026-09-30T13:48:45.767 0.01000641418864065,0.00011301717904911895,-1.5597723879910088e-05,4.833243648515209e-05,1.073113117262516e-06,0.030898095519871077,0.9995225386933848
2026-09-30T13:48:45.855 0.01014135895251537,0.00012291324906590337,-1.572168085315046e-05,4.999565291709019e-05,2.7581605016758987e-07,0.0320680105810594,0.9994856878403671
2026-09-30T13:48:45.886 0.010282025404732862,0.000132570972503661,-1.60782020867759e-05,5.227206836263232e-05,-8.952261192576468e-08,0.033252375551382066,0.9994469854813774
2026-09-30T13:48:45.975 0.010424599469412935,0.00014354002217286895,-1.6258925544353465e-05,5.352453621878929e-05,-4.636614900069286e-07,0.03445033490794192,0.9994064096050413
2026-09-30T13:48:46.007 0.010569080790602987,0.00015415146797620547,-1.650226923399473e-05,5.5896152197862435e-05,-9.881371125145755e-07,0.035660523499842195,0.999363959695546
2026-09-30T13:48:46.085 0.01071499243554483,0.0001664318618242493,-1.6852182984806998e-05,5.706345748364995e-05,-1.2442900982648538e-06,0.036887718986129796,0.9993194148670453
2026-09-30T13:48:46.116 0.01086614971426036,0.00017811627531144037,-1.6942169302687956e-05,5.98361880099312e-05,-2.084248973410531e-06,0.03812718430092586,0.9992728927738257
2026-09-30T13:48:46.201 0.011019213773323006,0.00019170806138210037,-1.7377897931899093e-05,6.086460998485749e-05,-1.961984290226684e-06,0.039382896976954934,0.999224190918811
2026-09-30T13:48:46.235 0.011175616328951823,0.00020494226168190746,-1.7416573163775922e-05,6.371068583475815e-05,-3.018187550917625e-06,0.04065085323608304,0.9991734104063306
2026-09-30T13:48:46.312 0.01133154115827619,0.00021960696735163256,-1.800583697458497e-05,6.481358190091914e-05,-3.016891886754614e-06,0.04193533997690171,0.999120324611165
2026-09-30T13:48:46.342 0.011494142502022152,0.0002341525478726796,-1.809901693958107e-05,6.743921725318753e-05,-4.421020357113111e-06,0.04323504331510729,0.9990649260493271
2026-09-30T13:48:46.425 0.011657696933933299,0.0002502478610989935,-1.855133243983674e-05,6.901108942166354e-05,-5.973569807767978e-06,0.044548579479033866,0.9990072168248767
2026-09-30T13:48:46.461 0.011824589718046948,0.0002662240071171334,-1.869600143716405e-05,7.188658252553914e-05,-7.252660697079489e-06,0.04587926956368902,0.9989469892862286
2026-09-30T13:48:46.534 0.01198862104519408,0.00028327300067140185,-1.9104367595774866e-05,7.33396061061775e-05,-7.094743589610154e-06,0.04722790175991623,0.9988841373584438
2026-09-30T13:48:46.567 0.012156467659849778,0.0002998452051632302,-1.9146236552760835e-05,7.617824333566291e-05,-8.149993851974298e-06,0.04859506616871639,0.9988185589357613
2026-09-30T13:48:46.648 0.012322883247539112,0.0003182055309304995,-1.9498768005940696e-05,7.81106435310214e-05,-9.14960142286683e-06,0.049976599726771,0.9987503858796563
2026-09-30T13:48:46.678 0.012495498299544178,0.0003365659348106044,-1.94885719858479e-05,8.127629511996795e-05,-9.794790252178238e-06,0.0513790647037385,0.998679220274656
2026-09-30T13:48:46.761 0.012664298052033573,0.0003563568020694801,-1.9844873323367936e-05,8.31233258292712e-05,-1.0246016168541029e-05,0.052794114741071874,0.9986054147831557
2026-09-30T13:48:46.799 0.012838820127493348,0.0003760285321126868,-2.003140809143124e-05,8.576944273535917e-05,-1.0711512293636695e-05,0.05422919501937736,0.9985285108280166
2026-09-30T13:48:46.874 0.013012865046598899,0.0003967731397228022,-2.0410903958295454e-05,8.777088633452407e-05,-1.0779609563908892e-05,0.05567767566296091,0.9984487911820223
2026-09-30T13:48:46.905 0.013212659713605274,0.0004206175131168673,-2.0443682849217028e-05,9.08190306019738e-05,-1.1634035567236979e-05,0.05710725706908309,0.9983680447643537
2026-09-30T13:48:46.984 0.013374306487573298,0.000440885127433366,-2.105689587988332e-05,9.223863194767864e-05,-1.1465499824731752e-05,0.05859789725416438,0.9982816625572001
2026-09-30T13:48:47.013 0.013577438807023279,0.0004659216357249275,-2.1214161616836624e-05,9.539746743678769e-05,-1.2679127568640339e-05,0.0601419865119907,0.9981898277366658
2026-09-30T13:48:47.092 0.013740516605548985,0.0004883350353263172,-2.1486910509623153e-05,9.757332738010887e-05,-1.2457425753182742e-05,0.061913188837191956,0.9980815334291425
2026-09-30T13:48:47.125 0.01394746322957096,0.0005161134052636967,-2.187372527413741e-05,0.00010136163178504414,-1.3267594483464697e-05,0.06390114213913532,0.9979562282901513
2026-09-30T13:48:47.207 0.014120077727820878,0.0005410303200138961,-2.216155317782519e-05,0.00010397829303972363,-1.226626751370419e-05,0.06622864906686401,0.997804467358626
2026-09-30T13:48:47.242 0.014308427245707642,0.0005695237115003835,-2.2816987637899672e-05,0.00010757544863859242,-1.12800250082827e-05,0.06887027907564638,0.9976256176343541
2026-09-30T13:48:47.326 0.014505360754666347,0.0006006398155304695,-2.287504642293612e-05,0.00011239520591682447,-1.2343017740993602e-05,0.07184745237465369,0.9974156259063919
2026-09-30T13:48:47.358 0.014702770946364303,0.0006346169484992997,-2.3008365318848954e-05,0.0001177993325869577,-1.210250012563755e-05,0.07517553254381336,0.9971703090664106
2026-09-30T13:48:47.439 0.014903995473699012,0.0006707398966689752,-2.3356332002262096e-05,0.0001235821345980802,-1.1720034925699985e-05,0.07886228322708969,0.9968855124207128
2026-09-30T13:48:47.472 0.015107127686725124,0.0007098431011346157,-2.3468896612333708e-05,0.00013000184284825468,-1.1997954960773978e-05,0.08291838832545553,0.9965563324935921
2026-09-30T13:48:47.551 0.015313120725685017,0.0007512113181029362,-2.3690293171283736e-05,0.0001368386648816524,-1.2639835500069056e-05,0.08734246217630443,0.9961783351470735
2026-09-30T13:48:47.584 0.015520544613774168,0.0007955597853637994,-2.36755337268206e-05,0.00014465675860276216,-1.4286073362292522e-05,0.09206868589123264,0.9957526479746824
2026-09-30T13:48:47.680 0.015733690154184778,0.0008425309289946278,-2.389333901070648e-05,0.00015272085544775375,-1.6479137193995005e-05,0.09701127406484493,0.995283270787314
2026-09-30T13:48:47.709 0.015944452224143767,0.000890932554167594,-2.3645439458603217e-05,0.00016236161294557898,-1.917085802139574e-05,0.10211639519765031,0.9947724438800173
2026-09-30T13:48:47.790 0.016140431459834702,0.0009379034816533556,-2.395531240045534e-05,0.00017097758884093055,-2.190326305046829e-05,0.10734707411210427,0.994221592989451
2026-09-30T13:48:47.822 0.0163206752423439,0.0009839205367262616,-2.415089863854643e-05,0.00018004968296484407,-2.419232412170732e-05,0.1126761969726254,0.9936317434707032
2026-09-30T13:48:47.897 0.016484706666383065,0.0010269571554497514,-2.4291048481602998e-05,0.0001892893780295985,-2.6941190664668273e-05,0.11808078641642729,0.9930039734678717
2026-09-30T13:48:47.929 0.01663395608526785,0.0010682054487131006,-2.4467430770233907e-05,0.000198314367432265,-2.9933075331428734e-05,0.12354560630736593,0.9923388750510422
2026-09-30T13:48:48.011 0.016764608797949675,0.0011064732755907854,-2.468891501144921e-05,0.00020748587950934232,-3.2120263598005725e-05,0.12905784881148613,0.9916370442747942
2026-09-30T13:48:48.043 0.016877618744220738,0.001141164601672017,-2.4793096399649955e-05,0.0002168700284036838,-3.423494545166143e-05,0.13460653917184676,0.9908991025364476
2026-09-30T13:48:48.128 0.016973462581165985,0.0011715641772010975,-2.4899937888462067e-05,0.00022615146769863555,-3.681944639347375e-05,0.14018287105225882,0.9901256032258674
2026-09-30T13:48:48.158 0.017038312062445157,0.0011946915958375192,-2.5002476160913693e-05,0.0002355451916460261,-3.811116771628066e-05,0.14578365543260532,0.9893164654824608
2026-09-30T13:48:48.238 0.01707550514619285,0.0012080435045330711,-2.5061284890333373e-05,0.00024495570531653536,-3.912921706210832e-05,0.15140103947846767,0.9884723889469277
2026-09-30T13:48:48.273 0.01708456509263607,0.001213288827351579,-2.500110470678765e-05,0.00025449989899211875,-4.051753314127908e-05,0.15703088057518896,0.9875936594237084
2026-09-30T13:48:48.355 0.017070260033293972,0.001210308415010383,-2.497848631717601e-05,0.0002638459213070985,-4.1897463864082286e-05,0.1626677102609634,0.9866808727589623
2026-09-30T13:48:48.392 0.017034974306894164,0.0011998175532829793,-2.4892891490870527e-05,0.00027320737812267263,-4.300157888305142e-05,0.16830711762520195,0.9857345675511685
2026-09-30T13:48:48.466 0.016977754072842268,0.0011801473000870738,-2.4862021235294217e-05,0.0002825690304670569,-4.40683200039438e-05,0.17388215181535047,0.9847664268712605
2026-09-30T13:48:48.504 0.016901460599168392,0.0011521321565000611,-2.4726486699116657e-05,0.0002916450317527969,-4.4635262426845115e-05,0.17932078091077933,0.983790613130872
2026-09-30T13:48:48.580 0.016807047370060398,0.0011176794831423095,-2.459210405243421e-05,0.00030058667351402936,-4.5635259229570473e-05,0.18462991893885583,0.9828080690540276
2026-09-30T13:48:48.620 0.01670357411377593,0.0010769086033492422,-2.457750598408364e-05,0.00030916487728028917,-4.626806822065769e-05,0.1898427807519593,0.9818144533834833
2026-09-30T13:48:48.705 0.016591041131642514,0.0010320844936604198,-2.4474076868582188e-05,0.00031755359116611876,-4.6451927264433226e-05,0.19498514520668087,0.9808061430021046
2026-09-30T13:48:48.741 0.016471355755353728,0.0009824919223495484,-2.4299733451793575e-05,0.00032600696167377175,-4.711302027374132e-05,0.20007407392185547,0.9797807185509093
2026-09-30T13:48:48.831 0.016343564165920747,0.0009284885052620045,-2.4142374787478976e-05,0.00033434835024944695,-4.797694581646266e-05,0.20512126444176854,0.9787365083530927
2026-09-30T13:48:48.862 0.016210527401774078,0.0008704319062896785,-2.399162337199556e-05,0.0003426235204948303,-4.801367373906735e-05,0.2101355978166743,0.9776721898642915
2026-09-30T13:48:48.955 0.016069861599895083,0.0008072492118451292,-2.3649994526112586e-05,0.00035106751055988283,-4.8358217877049254e-05,0.21512233396788558,0.9765870446822932
2026-09-30T13:48:48.989 0.015926334498328133,0.0007401325747869083,-2.3512457452303557e-05,0.0003591759415777378,-4.897916552858696e-05,0.22008615225579337,0.9754803709859692
2026-09-30T13:48:49.083 0.015778992899657902,0.0006687243552942263,-2.3279481380566524e-05,0.000367279731352178,-4.9372538412606824e-05,0.22502960051614765,0.9743518571642866
2026-09-30T13:48:49.121 0.01562688305257472,0.000593620587799744,-2.299426197595517e-05,0.0003752954023701773,-4.9415474069294326e-05,0.22989237388789735,0.973215984835668
2026-09-30T13:48:49.210 0.015472865540358668,0.0005157749825911137,-2.2929543541114187e-05,0.00038309671142413356,-4.9659016586391664e-05,0.23460725342133776,0.9720901642404309
2026-09-30T13:48:49.248 0.01531980190025564,0.0004370949243844098,-2.2747123689381722e-05,0.0003902869036962477,-4.9135821068909975e-05,0.23918627956716274,0.9709736190693458
2026-09-30T13:48:49.342 0.015168645692091014,0.0003572227973041827,-2.2523015935246355e-05,0.0003975443895122281,-4.9350253431526206e-05,0.24366800105658754,0.9698586210289094
2026-09-30T13:48:49.382 0.0150184428482187,0.000275681752138946,-2.250903176422952e-05,0.00040470551341882573,-4.941006467022654e-05,0.24807932948959424,0.9687396348101415
2026-09-30T13:48:49.474 0.014866809986878688,0.00019247175896454322,-2.219476267865561e-05,0.000411757886721935,-4.9056484060036763e-05,0.252439353244035,0.9676126296109603
2026-09-30T13:48:49.508 0.014716130660756749,0.00010711601056610306,-2.1986309100229125e-05,0.0004188312193691111,-4.91804743556914e-05,0.2567614534461926,0.9664747167856432
2026-09-30T13:48:49.590 0.014563543785802628,1.9137633756725843e-05,-2.1923850798230712e-05,0.00042570581933262504,-4.9291609480625555e-05,0.2610542580330078,0.9653240340464586
2026-09-30T13:48:49.622 0.014411911004760134,-7.045005640813816e-05,-2.1609580669487146e-05,0.0004328403454305104,-4.916535786661584e-05,0.2653246509707381,0.9641590324315066
2026-09-30T13:48:49.709 0.014259324590663442,-0.00016134906076206704,-2.127890132354867e-05,0.0004398317947151261,-4.956594837731656e-05,0.26951416050782795,0.9629963246954631
2026-09-30T13:48:49.742 0.014110075713163561,-0.00025308248815710584,-2.11621153475764e-05,0.0004463392491947056,-4.915035148392979e-05,0.27355531456222415,0.9618561681666756
2026-09-30T13:48:49.825 0.013964641763013532,-0.0003447562628526578,-2.0902349396244905e-05,0.00045272432096395376,-4.8635550800400655e-05,0.27746209012856393,0.9607364785500554
2026-09-30T13:48:49.855 0.013820161229372208,-0.00043476109551512644,-2.0793103003717256e-05,0.00045854088699503874,-4.861955049785298e-05,0.2812766577919177,0.9596266092380946
2026-09-30T13:48:49.949 0.013679018692277329,-0.0005247062814924663,-2.059972727603138e-05,0.00046489575532853745,-4.8392022188425475e-05,0.28502464664166416,0.9585200740396329
2026-09-30T13:48:49.982 0.013540260126700778,-0.0006147110421220716,-2.0544231472067884e-05,0.0004707317147132774,-4.8343338318685995e-05,0.2887257568224752,0.9574117261773345
2026-09-30T13:48:50.074 0.013404362868473975,-0.0007051329992117318,-2.0314445469471575e-05,0.00047640893071377194,-4.847641517010984e-05,0.29239342887873315,0.9562979940547325
2026-09-30T13:48:50.108 0.013267988787943464,-0.0007966874505554569,-2.008390535156789e-05,0.0004823405213863755,-4.828124632175884e-05,0.29603603692497915,0.9551766485097377
2026-09-30T13:48:50.191 0.013133522305024,-0.000889493575398338,-1.9707369323534943e-05,0.0004887686567283396,-4.858081698179371e-05,0.2996602862828459,0.9540458435368749
2026-09-30T13:48:50.226 0.012998578407791188,-0.0009831937759845499,-1.9702607783395588e-05,0.0004943421909015111,-4.8557392117070946e-05,0.3032706781645966,0.9529043231267049
2026-09-30T13:48:50.307 0.012864111882707656,-0.0010782648773369184,-1.9370774812595654e-05,0.0005004819007081324,-4.8612565305281706e-05,0.30686902938635763,0.9517516198873319
2026-09-30T13:48:50.354 0.012732029101794192,-0.0011740512044613692,-1.9325833083957944e-05,0.0005062490189321709,-4.8528805372012455e-05,0.3103934711774363,0.9506080340536303
2026-09-30T13:48:50.419 0.012603761432960874,-0.0012694798556406083,-1.901870228816199e-05,0.0005121037680000766,-4.815937204458043e-05,0.31377578578404536,0.9494969677076439
2026-09-30T13:48:50.451 0.01247787774374342,-0.0013618686399385705,-1.8819649637913044e-05,0.0005175410894124224,-4.771551726806451e-05,0.31703066613438136,0.9484151446517715
2026-09-30T13:48:50.545 0.012332920694118782,-0.001471721825304891,-1.8664942641109324e-05,0.00052251825052824,-4.83086693273356e-05,0.32018570917166667,0.9473546517979353
2026-09-30T13:48:50.578 0.01219368558734037,-0.0015777006367255213,-1.8549085724002788e-05,0.0005272175382247166,-4.709801976819127e-05,0.3232763794567456,0.9463044448319907
2026-09-30T13:48:50.670 0.012060172644159798,-0.001682368073903728,-1.8352869326830455e-05,0.000532299012130341,-4.804716963112257e-05,0.326324312918134,0.9452577199619895
2026-09-30T13:48:50.703 0.011924275337644325,-0.0017895389362040188,-1.8286993152944894e-05,0.0005365808487380158,-4.720396387605426e-05,0.3294039863558432,0.944188923693589
2026-09-30T13:48:50.792 0.011787901536418224,-0.001897663478785787,-1.801174689704548e-05,0.0005422928042358496,-4.85214125272959e-05,0.33262015296842135,0.9430607283751408
2026-09-30T13:48:50.829 0.011656296388336543,-0.0020042978451785265,-1.755032533220763e-05,0.0005480934277671882,-4.810258283918816e-05,0.3360410311899401,0.9418471864567721
2026-09-30T13:48:50.907 0.011523737322225551,-0.002112064711858826,-1.7251308290240505e-05,0.0005545700732022702,-4.9041151611501e-05,0.3397115921564813,0.9405294914044471
2026-09-30T13:48:50.943 0.011388317156916229,-0.002224719195447256,-1.7037173723814075e-05,0.0005608941549447568,-4.977413565577321e-05,0.3436575260525106,0.9390948768403278
2026-09-30T13:48:51.025 0.011245744866824677,-0.0023448243496450765,-1.6603112991702688e-05,0.0005684480104334791,-5.101899881378226e-05,0.3478937328910525,0.9375337993262164
2026-09-30T13:48:51.059 0.011098404588845324,-0.002474347097720809,-1.5997598850243804e-05,0.0005768136789386562,-5.2247133286317946e-05,0.35240444757758704,0.9358476210814197
2026-09-30T13:48:51.140 0.010943911258680036,-0.002612512609410701,-1.576820405084133e-05,0.0005847743822444712,-5.345650748231314e-05,0.3571249107338421,0.9340564508179733
2026-09-30T13:48:51.178 0.01078369628910819,-0.00275806916905768,-1.533604602828623e-05,0.0005933439866810359,-5.383241936005686e-05,0.36198305967248257,0.9321844825758108
2026-09-30T13:48:51.264 0.010620620315033169,-0.0029104206942372492,-1.4944066741591376e-05,0.0006017569989047746,-5.4284590534222905e-05,0.36693156899688245,0.9302477404515335
2026-09-30T13:48:51.298 0.010456113540153857,-0.0030677194229840592,-1.4773341994016306e-05,0.0006101461340818937,-5.463331322571576e-05,0.37193801373535923,0.9282573666152572
2026-09-30T13:48:51.391 0.010289223067335469,-0.0032298461579251926,-1.4330626240167004e-05,0.0006188234000299726,-5.487149772569441e-05,0.3769794458965487,0.926221415979057
2026-09-30T13:48:51.427 0.010122332305196657,-0.003395191543722217,-1.4096525955812472e-05,0.000626686934214135,-5.497471452729898e-05,0.3820423957271606,0.924144583984735
2026-09-30T13:48:51.520 0.009956395318381727,-0.0035630403125845632,-1.3819229694428279e-05,0.0006355346079784709,-5.5195555477415146e-05,0.3870571245300514,0.9220555164412504
2026-09-30T13:48:51.556 0.00979427302706572,-0.0037311274519986155,-1.3547964834620204e-05,0.0006433726026915019,-5.482580110838877e-05,0.3919538668144452,0.919984646260485
2026-09-30T13:48:51.647 0.00963453479775708,-0.003898976142830144,-1.3354975377008122e-05,0.000651190393490864,-5.4255036705347896e-05,0.39673566164036694,0.9179326706192795
2026-09-30T13:48:51.682 0.009480518520003445,-0.004065513459443856,-1.3215736722443667e-05,0.0006587755607824598,-5.3758189850431e-05,0.4014344273970897,0.9158875278248898
2026-09-30T13:48:51.780 0.00933174761040258,-0.004230262570654932,-1.2965582450599448e-05,0.0006666334611988445,-5.3575555730784756e-05,0.4060747505483532,0.913839619242119
2026-09-30T13:48:51.811 0.009184406909457163,-0.004395428896404679,-1.2911404754111472e-05,0.0006734294228933436,-5.3447763044643975e-05,0.41066989415477195,0.9117838459147307
2026-09-30T13:48:51.909 0.00904135808797398,-0.0045603567495035345,-1.2640495328742863e-05,0.000681459834722776,-5.338780047788903e-05,0.41523037659776163,0.9097160365260786
2026-09-30T13:48:51.944 0.008900216497939574,-0.004725522997181454,-1.2447107297504613e-05,0.000688527535584162,-5.337238872397529e-05,0.4197648720703456,0.907632621305001
2026-09-30T13:48:52.039 0.008759551802094156,-0.0048915237038772725,-1.2224670774712193e-05,0.0006960041454695406,-5.3077715987916884e-05,0.42427716437489515,0.9055321090668093
2026-09-30T13:48:52.073 0.008622702063616353,-0.005059848943664432,-1.1859253886590587e-05,0.0007036611715085494,-5.296876605264194e-05,0.4287706213468522,0.9034131149840032
2026-09-30T13:48:52.167 0.008487759267109552,-0.0052278761362605265,-1.1750172191160488e-05,0.0007105908186544236,-5.312873744236874e-05,0.4331899009423284,0.901302392074714
2026-09-30T13:48:52.208 0.00835567751908558,-0.005394472781356124,-1.161581202500588e-05,0.0007175703509071268,-5.2417397716162294e-05,0.43747334171857233,0.8992310924510969
2026-09-30T13:48:52.295 0.008227887393908263,-0.005559162023774592,-1.1413731828631211e-05,0.0007242056874784805,-5.191507449564167e-05,0.44163194102750886,0.897196021778531
2026-09-30T13:48:52.330 0.00810581893935961,-0.005720811357306967,-1.1429315286282142e-05,0.0007303571542815379,-5.172900339867228e-05,0.44570223653622815,0.8951809762551601
2026-09-30T13:48:52.423 0.007985181041164118,-0.005880553324188211,-1.1402457418419485e-05,0.0007365293180620105,-5.1414918137967095e-05,0.4497090233156434,0.8931748144845778
2026-09-30T13:48:52.457 0.007866927604750898,-0.006039997237795685,-1.1200555538843366e-05,0.0007427562060101846,-5.106299570487475e-05,0.4536697058505715,0.8911695931186414
2026-09-30T13:48:52.551 0.00775296540086865,-0.0062002159577899205,-1.1199153756557829e-05,0.0007489037582548605,-5.095586271828348e-05,0.4575961157382917,0.8891598458139509
2026-09-30T13:48:52.583 0.0076380500634980215,-0.006360255875793806,-1.0853517864309108e-05,0.0007554784432669482,-5.057418378941512e-05,0.4614963885909512,0.887141764326358
2026-09-30T13:48:52.663 0.007525041608674113,-0.00652089181628639,-1.0808920446217628e-05,0.0007616963975484164,-5.0482315985633806e-05,0.4653762768610822,0.8851126132899989
2026-09-30T13:48:52.698 0.007415848227064607,-0.006681825731931708,-1.053193613886248e-05,0.0007683412833392993,-5.046346454758691e-05,0.4691801987676318,0.8831021165128508
2026-09-30T13:48:52.771 0.007308561957147518,-0.006840971484244822,-1.0392078127384792e-05,0.0007744829630473934,-4.9753366758378926e-05,0.4728481333595907,0.8811435981036764
2026-09-30T13:48:52.805 0.007206997678698169,-0.0069963620718963195,-1.026126789096947e-05,0.0007796662405377501,-4.952490013742809e-05,0.4763924787375196,0.8792323901393531
2026-09-30T13:48:52.903 0.007107817344000718,-0.007149606862343569,-1.0268337938998744e-05,0.0007849241822930742,-4.878609608011776e-05,0.47984896696869894,0.8773507567746309
2026-09-30T13:48:52.938 0.007011021435064222,-0.007299692576568055,-1.0100364443278514e-05,0.000790230434139462,-4.877891203769198e-05,0.48324632742975737,0.8754840719180049
2026-09-30T13:48:53.031 0.006918517046932128,-0.007449122585669264,-9.939176425444775e-06,0.0007957976980356338,-4.83848741514233e-05,0.48659895443313256,0.8736251037541847
2026-09-30T13:48:53.067 0.006827443246217955,-0.007597241274564317,-9.720645842036804e-06,0.000801724311373841,-4.807324295377382e-05,0.48992034831318326,0.8717668307728742
2026-09-30T13:48:53.157 0.006737799565467623,-0.007744346666531745,-9.742795495671525e-06,0.0008064072045876513,-4.8092308343460614e-05,0.4932185867425932,0.8699050368207953
2026-09-30T13:48:53.188 0.006651017283306522,-0.007891630836369208,-9.531050419397795e-06,0.0008122459323892964,-4.768888267810678e-05,0.4964966480482722,0.8680382574858932
2026-09-30T13:48:53.260 0.006565188623396856,-0.008038616970981443,-9.350615537149909e-06,0.0008175271582924109,-4.746181243098744e-05,0.4997611496796073,0.8661628730600492
2026-09-30T13:48:53.300 0.006480313554377324,-0.008186556767914101,-9.231292929329949e-06,0.0008227773871202113,-4.749671834241718e-05,0.5030128362765519,0.8642785472996838
2026-09-30T13:48:53.385 0.006396868995044221,-0.008334496546836491,-9.114232111724909e-06,0.0008281205514653136,-4.7323666983926823e-05,0.5062543005349095,0.8623838444490552
2026-09-30T13:48:53.424 0.006315331686967989,-0.00848237669711136,-9.05979159442831e-06,0.0008330966931637401,-4.717790910276721e-05,0.5094275178950576,0.860513165346949
2026-09-30T13:48:53.513 0.006237132303552918,-0.008628230247429135,-8.951024348835024e-06,0.0008381455854787276,-4.664112781526879e-05,0.5124506511196638,0.858716266006191
2026-09-30T13:48:53.548 0.0061617939774686594,-0.00876961341335764,-8.787176844592619e-06,0.0008427708412222696,-4.5965105655009784e-05,0.5152694009712601,0.8570278478831578
2026-09-30T13:48:53.643 0.00606785886015732,-0.00894652118177401,-8.981349963775936e-06,0.0008462889348465162,-4.602362923761484e-05,0.5178297067833589,0.8554832999243906
2026-09-30T13:48:53.676 0.005996811734474132,-0.009080513317747495,-8.973300464766767e-06,0.0008494326609281263,-4.469567897490367e-05,0.5201306739294816,0.8540862711132372
2026-09-30T13:48:53.769 0.0059186125709210355,-0.009234473099740409,-8.790026180434808e-06,0.0008530070446773572,-4.4473084795380366e-05,0.5221355258556245,0.8528621008349456
2026-09-30T13:48:53.802 0.005856148408939666,-0.009355352105794548,-8.750846139845477e-06,0.0008552094409950055,-4.3063640015327896e-05,0.5238509397009932,0.8518095208065717
2026-09-30T13:48:53.897 0.005790346528039868,-0.009479628618613633,-8.646783462774835e-06,0.0008576136094904527,-4.297076789003671e-05,0.5252554566412413,0.8509441626340774
2026-09-30T13:48:53.933 0.005744094218015064,-0.009576009911583486,-8.812054762380536e-06,0.0008585323166823099,-4.234552008487692e-05,0.5263559921373719,0.8502638594402335
2026-09-30T13:48:54.018 0.0057030873050775,-0.009656059465802055,-8.732302540409829e-06,0.000859736799228974,-4.203099252738839e-05,0.5271550481855127,0.8497686827946542
2026-09-30T13:48:54.060 0.005661126637392742,-0.009742725147616151,-8.7553493741063e-06,0.0008607673493639517,-4.211932053695314e-05,0.5276327768811884,0.8494721361328924
2026-09-30T13:48:54.156 0.005631086706184707,-0.009804058705300756,-8.707841747615681e-06,0.000860699452384358,-4.276555340574604e-05,0.5278043184852994,0.8493655624969904
2026-09-30T13:48:54.186 0.005614397808346548,-0.009840000516225444,-8.726151744015562e-06,0.0008602919213868929,-4.2169004753555475e-05,0.5277930535701079,0.8493725629679394
2026-09-30T13:48:54.280 0.005607722256775034,-0.0098546037382449,-8.730495477014738e-06,0.0008604853432214363,-4.230912307180235e-05,0.5277940070880931,0.8493719702561453
2026-09-30T13:48:54.309 0.005604384547612378,-0.009858776105391865,-8.665612713793186e-06,0.0008605410707116989,-4.204480042522201e-05,0.5279263288790687,0.84928973205707
2026-09-30T13:48:54.390 0.00559580174928666,-0.009873796583927468,-8.607336087988424e-06,0.0008607027714961512,-4.222214741012892e-05,0.5282381195249384,0.8490958405791341
2026-09-30T13:48:54.423 0.005581973919285528,-0.009906102475489675,-8.570565689249701e-06,0.0008614296007176993,-4.272229259299969e-05,0.5287572735340605,0.8487726443510508
2026-09-30T13:48:54.505 0.005560993278408614,-0.009949375711787492,-8.775803969233252e-06,0.0008623145561504521,-4.304528332708566e-05,0.5295270044359882,0.8482926418010232
2026-09-30T13:48:54.535 0.005525709039122773,-0.010018100311368352,-8.213363055730308e-06,0.0008659329538692952,-4.260930051131162e-05,0.5304275648917264,0.8477298194281008
2026-09-30T13:48:54.616 0.005487085646759233,-0.010099818765702673,-8.569513345615428e-06,0.0008661146144754642,-4.270602373135599e-05,0.5313069088796692,0.8471789755408246
2026-09-30T13:48:54.648 0.005439403737802737,-0.01019929951810971,-8.18118007302338e-06,0.0008685673400210469,-4.232538637962295e-05,0.532054644488056,0.8467095718592215
2026-09-30T13:48:54.725 0.0054031648810433895,-0.010275355501124498,-8.272880373218506e-06,0.0008686625404198941,-4.228506676680419e-05,0.532614926030827,0.8463572438436033
2026-09-30T13:48:54.759 0.0053769392210912615,-0.010333172336784,-8.469823043597237e-06,0.0008691884730414184,-4.231439156046384e-05,0.5329477567363907,0.8461477006471976
2026-09-30T13:48:54.831 0.005359774003970892,-0.010370902292997817,-8.174454823516672e-06,0.0008691924768009397,-4.233255548282609e-05,0.5330340043391606,0.8460933712838984
2026-09-30T13:48:54.861 0.005352621247720179,-0.010382465684175664,-8.386661119610133e-06,0.0008687241671800201,-4.168378886651691e-05,0.5328597213645722,0.8462031440074267
2026-09-30T13:48:54.950 0.0053640655167988055,-0.010358385263548774,-8.091835386094787e-06,0.000868369369109994,-4.243579291337665e-05,0.5324377819045772,0.8464686955430639
2026-09-30T13:48:54.980 0.005398396573835552,-0.010294965489310139,-8.384547005544423e-06,0.0008671924736279902,-4.234373177329217e-05,0.5317698556193607,0.8468884618642447
2026-09-30T13:48:55.063 0.005448463133056836,-0.010195186683607459,-8.478627125877737e-06,0.0008653529179546579,-4.2051107449587525e-05,0.5308580285328209,0.847460325288611
2026-09-30T13:48:55.093 0.0055176026980399365,-0.010057260665111936,-8.587969546027902e-06,0.0008635962255510279,-4.224792718996291e-05,0.5296856108086107,0.8481936135806382
2026-09-30T13:48:55.179 0.005607245761664963,-0.009881723857618974,-8.729737111034754e-06,0.0008603345837723776,-4.112389356753145e-05,0.5282511135816499,0.8490877570269024
2026-09-30T13:48:55.211 0.005677339312059993,-0.009744274664239232,-8.646872459948137e-06,0.0008592464938857588,-4.2558393621188685e-05,0.5265104862581442,0.8501681996784275
2026-09-30T13:48:55.292 0.005755538660343387,-0.009590016859000591,-8.710937652481073e-06,0.0008557921705517823,-4.282702116123742e-05,0.5244758917146286,0.8514248673815865
2026-09-30T13:48:55.326 0.005831354060390373,-0.00944690515234024,-8.711626801273592e-06,0.0008518831933028286,-4.3311160921001695e-05,0.5221354671395585,0.852862137964937
2026-09-30T13:48:55.416 0.005933871276425884,-0.00925742069590862,-9.037665327788748e-06,0.0008470606894098757,-4.40613238175375e-05,0.5195096571954486,0.8544641576025619
2026-09-30T13:48:55.447 0.00601922304844666,-0.009108229195446025,-9.23224778325537e-06,0.0008430013553020156,-4.6138999810209956e-05,0.5165609693436239,0.8562499939682822
2026-09-30T13:48:55.541 0.006130800684383012,-0.00891367823007553,-9.200083245613882e-06,0.0008385426881767024,-4.668146923445641e-05,0.5133164648899868,0.8581989871468315
2026-09-30T13:48:55.573 0.006227597201052174,-0.008746366773416631,-8.846519568981546e-06,0.0008342810301731478,-4.851565895216646e-05,0.5097494405456868,0.8603225031839821
2026-09-30T13:48:55.656 0.006337267366359884,-0.008564392412139242,-8.990150964779842e-06,0.0008282678472829762,-4.988455564487789e-05,0.5058728319819092,0.8626076682632188
2026-09-30T13:48:55.686 0.006456951377518213,-0.008368947275019873,-8.866495386617847e-06,0.0008224678149982013,-5.143986510725678e-05,0.501718466385307,0.8650305782968652
2026-09-30T13:48:55.772 0.006582356995517456,-0.008165395834208904,-8.960504291167627e-06,0.0008167259763967275,-5.2506896652909834e-05,0.4973566174905033,0.8675458058454957
2026-09-30T13:48:55.812 0.006710146932732741,-0.007959579386860403,-8.953975218569962e-06,0.0008095099644326456,-5.362064170689248e-05,0.49284644390179466,0.8701159259269994
2026-09-30T13:48:55.892 0.006843658664835714,-0.007753107216405697,-9.105504839755297e-06,0.0008027213774237538,-5.531971526895852e-05,0.4882314255472083,0.8727138292053473
2026-09-30T13:48:55.922 0.006979554430132631,-0.0075459793648578076,-9.350211073949523e-06,0.0007958510236615869,-5.7050392668301355e-05,0.48354219950769844,0.875320686755236
2026-09-30T13:48:56.013 0.007116881010649625,-0.007338791890619339,-9.40346425472185e-06,0.0007892063542360609,-5.871896771054209e-05,0.478798435003607,0.8779245026444529
2026-09-30T13:48:56.046 0.0072580219976416645,-0.007133213693797843,-9.656463466223635e-06,0.0007818510638517097,-6.0512968491225733e-05,0.4740147954672804,0.8805165295014097
2026-09-30T13:48:56.131 0.0074039314883187005,-0.0069292447623372656,-9.842496002371294e-06,0.0007751703394415273,-6.208078029150411e-05,0.46920191919702703,0.8830905696918907
2026-09-30T13:48:56.164 0.007550794661125354,-0.006725991074607091,-1.0030036281671241e-05,0.0007678462859091598,-6.414475036552251e-05,0.46436940355189993,0.8856412723797288
2026-09-30T13:48:56.257 0.007698611313774565,-0.006524227491013945,-1.035319446049667e-05,0.0007609628889997741,-6.609562149111326e-05,0.45952270148307917,0.8881656959084512
2026-09-30T13:48:56.286 0.00785071970572846,-0.006324192388066478,-1.056392858669336e-05,0.0007538390290990721,-6.860649465095808e-05,0.4546666116890218,0.8906613830379599
2026-09-30T13:48:56.377 0.008005212212813907,-0.006124395673689185,-1.0823135751955727e-05,0.0007470407103419077,-7.137915927259973e-05,0.44980620010312267,0.893125869731687
2026-09-30T13:48:56.409 0.008160658408782964,-0.005925850644845232,-1.1083850572627141e-05,0.000740072754083378,-7.388290304336675e-05,0.444945281804507,0.8955574482039347
2026-09-30T13:48:56.499 0.008321349774823851,-0.005728497642864518,-1.1382660714237925e-05,0.0007334988465821273,-7.696830271108432e-05,0.44008749222250443,0.8979545953134989
2026-09-30T13:48:56.530 0.008483948566799586,-0.00553185987259916,-1.1639783031439801e-05,0.0007249391722104254,-7.764239589141446e-05,0.43523867447952214,0.9003148142023231
2026-09-30T13:48:56.622 0.008648454875653104,-0.005337546659449766,-1.181051383329857e-05,0.0007147546282104216,-7.060306925369952e-05,0.4304038052669818,0.9026361662113536
2026-09-30T13:48:56.655 0.00881439095151964,-0.005144127498049154,-1.2460342841314599e-05,0.0007040606875433232,-6.827295249094815e-05,0.42558306252086137,0.9049190883900708
2026-09-30T13:48:56.758 0.008982235266082283,-0.004954224986577899,-1.2576745861957772e-05,0.0006969358443599356,-7.002912491243907e-05,0.42077903581536047,0.9071628918747978
2026-09-30T13:48:56.787 0.009155324931694832,-0.004764918455500305,-1.2612035160487537e-05,0.0006904617620430794,-7.046342691786219e-05,0.41599995288047537,0.9093643700414609
2026-09-30T13:48:56.876 0.009329367674827149,-0.004578830563307299,-1.3051162642041415e-05,0.0006807391052879682,-6.770074977320544e-05,0.41125365479406206,0.9115206873293691
2026-09-30T13:48:56.907 0.00950579476059663,-0.00439608050119067,-1.3419553515154746e-05,0.0006723928628724419,-6.779617397035911e-05,0.40654228366743245,0.9136317173139217
2026-09-30T13:48:56.998 0.009686513874240778,-0.004211780664219057,-1.3466904875893817e-05,0.0006655160196967802,-6.736276979604036e-05,0.4018835717705222,0.9156905303057645
2026-09-30T13:48:57.029 0.009866755268945721,-0.004032249204941879,-1.4109547229347673e-05,0.0006583053756621937,-7.037271785887011e-05,0.39727954708949864,0.9176974028219083
2026-09-30T13:48:57.120 0.010044613123879793,-0.0038570093100369508,-1.4375890666293423e-05,0.0006513408769062364,-7.148719293736105e-05,0.39273497753298536,0.9196514601014935
2026-09-30T13:48:57.157 0.01021913345124053,-0.0036910081770708237,-1.4502844798490658e-05,0.0006447011105888286,-7.329002939181942e-05,0.38824965443096054,0.9215540053753167
2026-09-30T13:48:57.238 0.010386023867497216,-0.0035356167670051795,-1.5034966306083766e-05,0.0006376999538130684,-7.485383764610668e-05,0.3838287341230971,0.9234040776372675
2026-09-30T13:48:57.268 0.01054433192436538,-0.0033926828356953213,-1.5210788755726645e-05,0.0006313092609560437,-7.728849849603445e-05,0.3794720966399575,0.9252029633257666
2026-09-30T13:48:57.352 0.010690719079362568,-0.0032638157506560297,-1.5472068650732858e-05,0.000625757384076229,-8.122199232161336e-05,0.3751802186447467,0.9269516736962959
2026-09-30T13:48:57.384 0.0108237548172527,-0.003150446041374801,-1.583144510947367e-05,0.0006200103297850452,-8.507273003433366e-05,0.3709522664990042,0.9286517239143388
2026-09-30T13:48:57.463 0.010939625020741948,-0.0030533486161954163,-1.5925259142999913e-05,0.000615442944658031,-9.111920009554551e-05,0.3667853185019424,0.9303054031116351
2026-09-30T13:48:57.494 0.011038329116581773,-0.002973775172726408,-1.6126039110781323e-05,0.000610512196363005,-9.616437912520861e-05,0.36273906980398146,0.9318905436074628
2026-09-30T13:48:57.573 0.011117959868070295,-0.002911070083875317,-1.6356263686932292e-05,0.0006069132870358373,-0.00010317436502378649,0.35889699520636836,0.9333769698482776
2026-09-30T13:48:57.615 0.011177086904335087,-0.002866902297692319,-1.6539165095418133e-05,0.00060358926097591,-0.00011116125190289709,0.3553108024851965,0.9347480178960027
2026-09-30T13:48:57.688 0.011213325888899894,-0.0028421659138852208,-1.6775281537619018e-05,0.0005999901927581198,-0.00011695751716787034,0.35201327458391024,0.9359948081316586
2026-09-30T13:48:57.717 0.011230014900230616,-0.00282833742618959,-1.686127592222483e-05,0.0005951568507993753,-0.00011825386966661603,0.3490204160975437,0.9371149240895926
2026-09-30T13:48:57.796 0.0112276305268434,-0.0028319137349202793,-1.7006517112593275e-05,0.0005943639284174329,-0.00012786850162248915,0.34631529519340726,0.9381179812242542
2026-09-30T13:48:57.827 0.0112123714474479,-0.0028466362743455533,-1.7295312936167613e-05,0.0005859389668417827,-0.00011724017269379696,0.3439381839720854,0.9389921024887552
2026-09-30T13:48:57.908 0.011189960144822798,-0.0028666041125319035,-1.7408886382483698e-05,0.0005868285441727678,-0.00013044049963760088,0.3418711280954927,0.9397466522378525
2026-09-30T13:48:57.941 0.011158013365219314,-0.0028944994884072314,-1.6777223944877073e-05,0.0005834638361657892,-0.0001233860131455516,0.34015440115988427,0.9403694102412117
2026-09-30T13:48:58.018 0.011118912314890182,-0.0029278189772158,-1.726673850419426e-05,0.0005799725241947376,-0.0001246528334316483,0.33876749596054007,0.940869933505247
2026-09-30T13:48:58.051 0.011071229515174674,-0.002965906945522721,-1.6952920986169587e-05,0.0005785480810540501,-0.00012286827390563593,0.33770185752294485,0.9412529445431009
2026-09-30T13:48:58.133 0.011022115240707628,-0.0030078096292227904,-1.7277590184408883e-05,0.0005762538555532102,-0.00012270905149739018,0.33695498478663527,0.9415205739129767
2026-09-30T13:48:58.162 0.010971094465912008,-0.0030495335229038137,-1.7062802559155655e-05,0.0005751880515068061,-0.0001204109670828575,0.3365083986938465,0.9416802813420315
2026-09-30T13:48:58.245 0.010930086775393298,-0.0030827934309992826,-1.710226713089077e-05,0.0005734821218316236,-0.00011730683475374165,0.3362894130013137,0.9417585083558281
2026-09-30T13:48:58.277 0.010895754759518933,-0.003111225278817684,-1.713738637074985e-05,0.0005734220425994881,-0.00011771836107962781,0.3363122415836099,0.9417503562465778
2026-09-30T13:48:58.356 0.01088955585780633,-0.003114742030911842,-1.717228813231732e-05,0.0005736164275407001,-0.0001188782017884359,0.3363236258951538,0.9417462904078273
2026-09-30T13:48:58.386 0.010900522962608693,-0.003105801196120268,-1.7204531128920548e-05,0.0005737017492793972,-0.00011901706296220168,0.33637813416984125,0.9417268221483648
2026-09-30T13:48:58.478 0.01092627211471135,-0.0030834491301164023,-1.7081334440507756e-05,0.0005736731443549655,-0.00011930316911848767,0.33643830496487165,0.9417053273812575
2026-09-30T13:48:58.509 0.010963941650218861,-0.0030526330545187614,-1.7245207954506173e-05,0.0005733977757574572,-0.00011848809126078291,0.3365091749678745,0.9416800052767412
2026-09-30T13:48:58.591 0.011010671143861993,-0.0030100151451669032,-1.7289297787103637e-05,0.0005740551840525237,-0.00012004909047911105,0.3367227374766667,0.9416036608441374
2026-09-30T13:48:58.624 0.011055970361327858,-0.002970973532489679,-1.721191610398597e-05,0.0005748890991507261,-0.00011961275022935312,0.3370425449185301,0.9414892341976908
2026-09-30T13:48:58.708 0.011116050796998492,-0.002927520990069892,-1.7575138966442002e-05,0.0005754976097136029,-0.00012187571009821071,0.33755508378221954,0.9413055929726495
2026-09-30T13:48:58.740 0.011168025493121745,-0.0028830552706897664,-1.7612621189486063e-05,0.0005773558031795229,-0.00012221129288674838,0.33830758948781353,0.9410354013636371
2026-09-30T13:48:58.818 0.011219046409575804,-0.0028394836330017143,-1.7723101118988907e-05,0.000579244018288058,-0.0001223528029734143,0.3392812279647069,0.9406848026076107
2026-09-30T13:48:58.851 0.011264345372677419,-0.002798951904232564,-1.7794731105284053e-05,0.0005819172438920138,-0.00012403500717759827,0.34054347093644605,0.9402285841167541
2026-09-30T13:48:58.932 0.01130106111184861,-0.0027639635155160217,-1.800180086929111e-05,0.000583108362888273,-0.00012241090218740293,0.34209771764463437,0.9396641935194403
2026-09-30T13:48:58.965 0.011335870024302494,-0.0027309421040331875,-1.7892930597355053e-05,0.0005875378211631411,-0.00012309410648372545,0.34397311096081745,0.9389793067917348
2026-09-30T13:48:59.045 0.01136161855737952,-0.0027062058523068437,-1.8142262863116185e-05,0.0005915283639158607,-0.00012697690892723542,0.3461711438914835,0.938171185396312
2026-09-30T13:48:59.078 0.01137258565856886,-0.002691364157674772,-1.812980339719061e-05,0.000594742964645473,-0.00012408262179402262,0.3486869589172276,0.9372390493173898
2026-09-30T13:48:59.154 0.011378784950439796,-0.002681410103890703,-1.779687983717887e-05,0.0005969196046757087,-0.00011582356103543757,0.3514955223273934,0.9361893654895259
2026-09-30T13:48:59.200 0.011379261904488812,-0.0026738999126215716,-1.7663524712542466e-05,0.0006064624140068249,-0.00012629466617982736,0.35455283932443776,0.9350357749198568
2026-09-30T13:48:59.281 0.011359235341552393,-0.00268570188438068,-1.7363637152955426e-05,0.000610479491286947,-0.00012077182625625744,0.35774087332820514,0.9338206895755361
2026-09-30T13:48:59.335 0.011333009874512839,-0.0027064446309162794,-1.7143353895458655e-05,0.0006175732757223684,-0.00012259786414483222,0.3610030826445876,0.9325644095150307
2026-09-30T13:48:59.394 0.01128246580962981,-0.0027512083554963223,-1.703362770104247e-05,0.0006203072753870086,-0.00011520412314800444,0.36431667441756144,0.9312749125195109
2026-09-30T13:48:59.428 0.011225246072511111,-0.0028047340469137642,-1.6958048480188193e-05,0.0006277658510982404,-0.00011995627336947441,0.3676627468316703,0.9299589754998442
2026-09-30T13:48:59.507 0.01114847625547422,-0.0028756645407445464,-1.6851555279615954e-05,0.0006314609883337107,-0.00011429379611333832,0.37105886012152334,0.9286091268769999
2026-09-30T13:48:59.541 0.01106455443191057,-0.0029559530538064427,-1.6465531031110156e-05,0.0006385814971386766,-0.0001158951763050744,0.37448614377308925,0.9272322831437335
2026-09-30T13:48:59.624 0.010966327458848643,-0.0030563881169390285,-1.6250600438595036e-05,0.0006398444639724598,-0.00010391745053541853,0.3779441282842176,0.9258281782791601
2026-09-30T13:48:59.655 0.010859994104125439,-0.0031646910952695907,-1.618676431621091e-05,0.0006453148915300492,-0.0001025960299702722,0.381435785922524,0.924395107224401
2026-09-30T13:48:59.740 0.010742217259593278,-0.003285988030193077,-1.583661118054427e-05,0.0006488023268976819,-9.623754504228896e-05,0.3849633567463111,0.9229316246377561
2026-09-30T13:48:59.774 0.010621579124081942,-0.003413781907458107,-1.5705450540302026e-05,0.0006539354259201438,-9.444732618245617e-05,0.38852871542615497,0.9214363791046364
2026-09-30T13:48:59.868 0.010494265412827533,-0.0035505165654839133,-1.5548832274101305e-05,0.000658032774891259,-9.113309114209433e-05,0.3921297779199758,0.9199096672804659
2026-09-30T13:48:59.900 0.010360753113806404,-0.0036951191146420625,-1.5263202489523114e-05,0.0006638113481577272,-8.892173664977431e-05,0.3957686580362595,0.9183499990546072
2026-09-30T13:48:59.995 0.01022151861518427,-0.003847529944336307,-1.5132436835183366e-05,0.0006687071714294006,-8.613874337407124e-05,0.3994457452271821,0.9167565882123438
2026-09-30T13:49:00.028 0.010078946600838561,-0.004006378117659665,-1.4832480049173487e-05,0.0006738300960461318,-8.346083157766135e-05,0.40316217109685615,0.9151282985372928
2026-09-30T13:49:00.115 0.0099311293112378,-0.0041706503797112,-1.461363600060286e-05,0.0006791541536774305,-8.081418747320478e-05,0.4069189489380459,0.9134640119971112
2026-09-30T13:49:00.154 0.009782835373418217,-0.004340525484360929,-1.4319531392690384e-05,0.0006843038816314785,-7.839920111800392e-05,0.4107143505128742,0.9117638114471043
2026-09-30T13:49:00.233 0.009634064525511118,-0.00451391726906922,-1.4099177992341364e-05,0.0006906399135409535,-7.917390617433797e-05,0.4145473018607661,0.9100275002811515
2026-09-30T13:49:00.271 0.009485293711670555,-0.0046881435188015665,-1.3863923312934697e-05,0.0007000026463959956,-8.490921104389526e-05,0.41841833796305455,0.9082541479360038
2026-09-30T13:49:00.348 0.00933747677519612,-0.004863621454045382,-1.3510967148391807e-05,0.0007059614004803488,-8.290109388254732e-05,0.42227688948944475,0.9064666145804979
2026-09-30T13:49:00.385 0.009191566698458534,-0.005039755016425398,-1.3473950590825071e-05,0.0007113142420929874,-8.140652195228327e-05,0.4260474651467119,0.9047005277146071
2026-09-30T13:49:00.472 0.009046133756015751,-0.0052170806656646,-1.3258874057527086e-05,0.0007163521472870524,-7.907754930913217e-05,0.42973831993358597,0.9029531864759109
2026-09-30T13:49:00.508 0.008903561853207818,-0.005396015604292074,-1.3048320841429213e-05,0.0007216163585872255,-7.778522766481608e-05,0.43338193787241885,0.9012100582801084
2026-09-30T13:49:00.588 0.008760036358916659,-0.005577692368580378,-1.2806457031586283e-05,0.0007269559610062104,-7.588881727128105e-05,0.43699798856490846,0.8994621858455987
2026-09-30T13:49:00.621 0.008616987511361585,-0.005763005010223608,-1.2714357982792385e-05,0.0007319183695970135,-7.388875775539085e-05,0.44059776741963397,0.8977043311585312
2026-09-30T13:49:00.703 0.008473938868502253,-0.0059514766980205466,-1.2517950419311173e-05,0.0007367243988084493,-7.167646858486241e-05,0.44419104939717224,0.8959317852019109
2026-09-30T13:49:00.736 0.008329460157302371,-0.006141319310608265,-1.2051060275155456e-05,0.0007422456684668891,-6.997911060372582e-05,0.4477836750470647,0.8941416132445892
2026-09-30T13:49:00.813 0.008186411281999017,-0.006333784509637646,-1.2033465769292458e-05,0.0007474976721840534,-6.818545397589351e-05,0.45137934062431045,0.8923318482804122
2026-09-30T13:49:00.848 0.008045747234343661,-0.006528812678303971,-1.1632210787797818e-05,0.0007529397500820067,-6.679190560294561e-05,0.45497980409675093,0.8905014354197618
2026-09-30T13:49:00.924 0.007905559586861129,-0.006724734910690381,-1.15148312989311e-05,0.0007577922261684634,-6.563370993247132e-05,0.4585876290717784,0.8886488664852294
2026-09-30T13:49:00.960 0.007764895347128383,-0.0069232201487807446,-1.1262587177661599e-05,0.0007634003931588807,-6.399241027772457e-05,0.4622005793168179,0.8867750772343622
2026-09-30T13:49:01.033 0.007626138445092778,-0.007122897455755567,-1.1028259724261834e-05,0.000769243221828807,-6.250414126054354e-05,0.4658193704961744,0.8848794937327036
2026-09-30T13:49:01.075 0.007490719425554267,-0.007322813139282784,-1.0784308599798388e-05,0.0007747128947766048,-6.14860094743874e-05,0.46938436882289425,0.8829936071932426
2026-09-30T13:49:01.149 0.007357207581338574,-0.007522251961657286,-1.0647681271592608e-05,0.0007793919830777286,-5.9603427702723056e-05,0.4728309931967438,0.8811527908757646
2026-09-30T13:49:01.182 0.007227033631923627,-0.007721035090909887,-1.0486529275993724e-05,0.0007837513495712152,-5.8380442904461004e-05,0.47617101513704957,0.8793523450067656
2026-09-30T13:49:01.269 0.007098290489177326,-0.007920950690370056,-1.0148825174556121e-05,0.0007888806949271374,-5.6143548345299154e-05,0.4794374546613898,0.8775756956428084
2026-09-30T13:49:01.301 0.006973361739240728,-0.008117647591015308,-9.981065608400833e-06,0.0007939489735029565,-5.57452706099342e-05,0.48265808810988137,0.875808504480064
2026-09-30T13:49:01.396 0.0068508170922712205,-0.00830987411328838,-9.831977566365584e-06,0.000799086302605418,-5.4926885198968585e-05,0.48584960463036814,0.8740420585558988
2026-09-30T13:49:01.429 0.006734948067275778,-0.008498703086767088,-9.723247386176802e-06,0.0008034417782735628,-5.4226587464728636e-05,0.489020826356675,0.8722717368631296
2026-09-30T13:49:01.523 0.0066228936751958475,-0.008684670989272156,-9.635450257093257e-06,0.000808147736113268,-5.3989588319052235e-05,0.4921810506893,0.8704924797634599
2026-09-30T13:49:01.556 0.006512746939697351,-0.008869089146961226,-9.342053105822521e-06,0.0008137424318534602,-5.32117343960473e-05,0.4953332574255176,0.8687026528565409
2026-09-30T13:49:01.652 0.006406414447845679,-0.0090515403033947,-9.32290828307698e-06,0.0008180086338099472,-5.297908519847348e-05,0.49848063715635604,0.8669004455156802
2026-09-30T13:49:01.686 0.006303420432298181,-0.009232739720190215,-8.906710326226857e-06,0.0008240069946001071,-5.226627886165083e-05,0.5016253034197793,0.8650846046773247
2026-09-30T13:49:01.767 0.006203286813345691,-0.00941125689201887,-8.867564952726753e-06,0.0008285910126575934,-5.1997589494598206e-05,0.504767646131886,0.863254848901331
2026-09-30T13:49:01.796 0.006105537511357912,-0.009587330243375677,-8.727881631326949e-06,0.0008334563511357904,-5.153409885871713e-05,0.507848774762828,0.8614458338552935
2026-09-30T13:49:01.886 0.006010172344152425,-0.009759588867450052,-8.591968584237285e-06,0.00083823860916023,-5.0848152385918884e-05,0.5108090851652102,0.8596937671538516
2026-09-30T13:49:01.917 0.005901932700120659,-0.00995932539488344,-8.584706356491103e-06,0.0008421163124829996,-5.035154888099667e-05,0.5136408890259567,0.8580048516328229
2026-09-30T13:49:02.016 0.005815150670701872,-0.010122941237382598,-8.3431563237868e-06,0.0008466839226638526,-4.887860648568499e-05,0.5164103460200675,0.856340840588986
2026-09-30T13:49:02.050 0.005715017134159037,-0.01031361775675267,-8.348712389144354e-06,0.0008504337882653903,-4.947534218718599e-05,0.5191141791004691,0.8547044772150245
2026-09-30T13:49:02.141 0.005632526472472209,-0.010473776475838003,-8.18845400538205e-06,0.0008543680122114699,-4.836198465948844e-05,0.5217952430675226,0.8530703324043822
2026-09-30T13:49:02.175 0.005537638077030429,-0.010661472696934631,-8.217204931558252e-06,0.0008586632386361224,-4.889561116506612e-05,0.5244378022131828,0.8514483260400882
2026-09-30T13:49:02.266 0.005457054750335512,-0.010820737322334715,-8.059962414321242e-06,0.0008624283712032438,-4.7942829177352725e-05,0.527073864823623,0.8498190365828945
2026-09-30T13:49:02.301 0.005365981499085626,-0.011006883774585249,-7.79672218318786e-06,0.0008673531280437079,-4.805227779831209e-05,0.529685309816922,0.8481937974034479
2026-09-30T13:49:02.375 0.005288735884712491,-0.01116596954404347,-7.734164061109027e-06,0.000870947499084413,-4.718777729795181e-05,0.5323588040005102,0.8465183654398255
2026-09-30T13:49:02.409 0.0051957549114533385,-0.011354082973631602,-7.721227211622568e-06,0.0008755934681678858,-4.808930316640765e-05,0.5351546651647701,0.8447536418245738
2026-09-30T13:49:02.487 0.005117079235354452,-0.011520678946300184,-7.432888932401046e-06,0.0008803837299172875,-4.7451316694865147e-05,0.538149306886879,0.8428490648805588
2026-09-30T13:49:02.519 0.0050379270178782035,-0.011690135947891105,-6.979883686894179e-06,0.0008869216188724828,-4.8562246197762616e-05,0.5413717552336634,0.8407828695013788
2026-09-30T13:49:02.602 0.004956867005775109,-0.011868891298145553,-6.881488621853705e-06,0.0008927678342326281,-4.951537573331143e-05,0.5448400722484538,0.8385395018638785
2026-09-30T13:49:02.633 0.004871992837076706,-0.012056527788448998,-6.5088400973751385e-06,0.0008991653609578478,-5.012614652659077e-05,0.5484567440937024,0.836178443184921
2026-09-30T13:49:02.714 0.004788549044068089,-0.01225036314382293,-6.272562632303014e-06,0.0009053780368850477,-4.971425191658298e-05,0.552069780074843,0.8337974188897552
2026-09-30T13:49:02.746 0.004705581631424204,-0.012445390586143532,-6.3350617536807225e-06,0.0009107269720479664,-4.8959588609175286e-05,0.555582144744059,0.8314611528032639
2026-09-30T13:49:02.830 0.004628813284664681,-0.012636841671706067,-6.2583511252631025e-06,0.0009160462468632115,-4.7893438839373196e-05,0.5589268420950344,0.8292164637482571
2026-09-30T13:49:02.877 0.004554429215392877,-0.012820842146633288,-6.066202225314548e-06,0.0009208860503022232,-4.6872747778504436e-05,0.5620608381180295,0.8270953778288729
2026-09-30T13:49:02.958 0.004485289829209131,-0.012995425021695577,-6.135667520194088e-06,0.0009244965063210016,-4.6043977163718335e-05,0.5649519470474922,0.8251232881899587
2026-09-30T13:49:02.989 0.004424733536989778,-0.013159755789776574,-6.1143972352568726e-06,0.0009290788904871062,-4.4593631249635745e-05,0.5675785307670469,0.8233187391503631
2026-09-30T13:49:03.086 0.004347488011084309,-0.013359551531662373,-6.320053020667755e-06,0.000931631534572462,-4.4396201096102925e-05,0.5699084052950625,0.8217076972170213
2026-09-30T13:49:03.119 0.004295991457138605,-0.013503974234314016,-6.2535060930682585e-06,0.0009340227254714969,-4.3192024759155733e-05,0.5719623115092667,0.820279367014052
2026-09-30T13:49:03.195 0.0042354350004509475,-0.013670212351049548,-6.351444636700343e-06,0.0009360636147203944,-4.286802578984929e-05,0.5737117586747337,0.8190567379037826
2026-09-30T13:49:03.231 0.004190137847765517,-0.013800270256184953,-5.8476668725564295e-06,0.0009399714056094692,-4.098718470774976e-05,0.5751680698924493,0.8180347218486522
2026-09-30T13:49:03.314 0.0041443625610423935,-0.013926453865558588,-6.132896368154486e-06,0.0009401479980745901,-4.1208938682502464e-05,0.5763242162838971,0.8172206018868571
2026-09-30T13:49:03.349 0.004102878996345593,-0.01404363711950551,-6.231197853147848e-06,0.0009416816592117003,-4.0155016685353244e-05,0.5771695246508777,0.8166238126809108
2026-09-30T13:49:03.431 0.0040747464828538235,-0.014123746116298326,-6.291010873907428e-06,0.000942263224275008,-4.0294515184960906e-05,0.5777315936644075,0.8162262653200718
2026-09-30T13:49:03.463 0.0040571036468998655,-0.014172324123970449,-6.576031509550078e-06,0.0009428102251718943,-3.980416884892455e-05,0.5779984421205617,0.8160373217143387
2026-09-30T13:49:03.545 0.004048521299240055,-0.014196940950275854,-6.309137318161985e-06,0.0009428449665885845,-4.004330738068123e-05,0.5779766268835793,0.816052772935784
2026-09-30T13:49:03.576 0.004055674031930452,-0.014185377559100737,-6.111832164636681e-06,0.0009417053238775441,-4.069069574391444e-05,0.5776948181920306,0.8162522946794252
2026-09-30T13:49:03.667 0.00406902499849265,-0.014145323069713566,-6.103146473001671e-06,0.0009404893140976,-4.0915664052822926e-05,0.5771602273074394,0.8166303850703716
2026-09-30T13:49:03.701 0.004100495081582623,-0.014059313171089105,-6.1827222110326585e-06,0.0009397240801082898,-4.0247939487280116e-05,0.5763753571930916,0.8171845341899788
2026-09-30T13:49:03.797 0.0041486536519149304,-0.013929076415952377,-6.437704161195457e-06,0.0009377614261659904,-4.0771837846691345e-05,0.5753375269473979,0.817915551280948
2026-09-30T13:49:03.829 0.004210163700539713,-0.013762003822191412,-6.385977041900616e-06,0.0009357172877434925,-4.021727905740807e-05,0.5740469740965147,0.8188218330909132
2026-09-30T13:49:03.904 0.0042654750266688385,-0.013618296327241439,-6.413851865377763e-06,0.0009336335855346642,-4.0750701316269314e-05,0.572463823251769,0.8199294468036111
2026-09-30T13:49:03.941 0.004324600852884868,-0.013461177739193425,-6.462661465577235e-06,0.0009310848386016991,-4.129755503693902e-05,0.5706019029550813,0.8212262780254753
2026-09-30T13:49:04.022 0.004390878879502481,-0.013289515527789173,-6.627090393645194e-06,0.0009273481213700334,-4.1524679510184575e-05,0.5684551341111662,0.8227137404977619
2026-09-30T13:49:04.058 0.004463832825372918,-0.013113740511817764,-6.638162447164547e-06,0.0009239264831358016,-4.2959106451924397e-05,0.5660168398179579,0.8243931595767041
2026-09-30T13:49:04.145 0.004541078343059807,-0.01293200497732482,-6.581515133412772e-06,0.0009201824787620252,-4.367075649753762e-05,0.5632862456983124,0.82626131263915
2026-09-30T13:49:04.181 0.004625475914079385,-0.012733401238343253,-6.714993240590993e-06,0.000915688575985725,-4.531062481072597e-05,0.5602970285555475,0.8282912526721522
2026-09-30T13:49:04.262 0.004701291064052978,-0.012557328163105586,-6.611379782741158e-06,0.0009116874438689724,-4.711266540579201e-05,0.5571010432203325,0.8304442150133979
2026-09-30T13:49:04.297 0.004787119327098755,-0.012363850405550358,-6.67261312885808e-06,0.0009065426139000683,-4.7587121186083355e-05,0.5537710679546212,0.8326684695677827
2026-09-30T13:49:04.379 0.004878669411576155,-0.012160597414222615,-6.8024998049841636e-06,0.0009012654134665566,-4.841734013193166e-05,0.5503507323779467,0.834933085191546
2026-09-30T13:49:04.411 0.00497498765532101,-0.01195031101479138,-7.014432645078833e-06,0.0008959596405211858,-4.923009853330979e-05,0.5468666199697563,0.837219263273113
2026-09-30T13:49:04.495 0.005075120809748594,-0.011734898567849684,-7.053584053364136e-06,0.0008907202282987356,-4.983381830320043e-05,0.5433376252501957,0.8395138052000952
2026-09-30T13:49:04.529 0.005179068587039373,-0.011517697933542962,-7.128569479836345e-06,0.0008852458020689852,-4.987803065771345e-05,0.539774715667302,0.8418090461490274
2026-09-30T13:49:04.614 0.00528349330188755,-0.011301033735024816,-7.1447041783643174e-06,0.0008796326786533313,-5.033826215981631e-05,0.5361872490370112,0.844098606610941
2026-09-30T13:49:04.658 0.005392209250017143,-0.0110852039475382,-7.36133896443362e-06,0.0008734042606113627,-5.074390660401576e-05,0.5325236083003265,0.8464146981195766
2026-09-30T13:49:04.731 0.005506170685305421,-0.01086955290791545,-7.407453241225306e-06,0.0008684524660745139,-5.2018988760148534e-05,0.5287086307682796,0.8488029375747176
2026-09-30T13:49:04.766 0.005621562404432756,-0.010654676710691788,-7.60484060717326e-06,0.0008630699039165496,-5.452071918983664e-05,0.524690461918113,0.8512926472782374
2026-09-30T13:49:04.847 0.005738861671799176,-0.01044087337303844,-7.686034377376018e-06,0.0008578676614088553,-5.75913484788023e-05,0.5204741080155387,0.8538770190324491
2026-09-30T13:49:04.879 0.005859975761767968,-0.010226175917669753,-7.683852878981673e-06,0.0008526864192473146,-6.060891194569616e-05,0.5161080275701837,0.8565230721527849
2026-09-30T13:49:04.967 0.005982043395506263,-0.010012432124626955,-7.772585940151577e-06,0.0008467538807823043,-6.381343567980992e-05,0.5116369841090823,0.8592013008762693
2026-09-30T13:49:04.998 0.006108402508181445,-0.009798449858979742,-7.897906696099547e-06,0.0008415409745124766,-6.677113451143823e-05,0.507094652967273,0.8618899583371447
2026-09-30T13:49:05.076 0.006236668729250718,-0.009584288755411868,-8.175254627263414e-06,0.0008350614858056818,-6.984662622463926e-05,0.5025051755076743,0.8645737946420567
2026-09-30T13:49:05.109 0.006367319323864559,-0.009370306435739327,-8.33716303899246e-06,0.0008291311270873067,-7.328828516021113e-05,0.4978840176447073,0.8672432254819673
2026-09-30T13:49:05.204 0.006503215113907979,-0.009155787608226206,-8.50736476925278e-06,0.0008231394326145222,-7.61818596445979e-05,0.4932456339378424,0.8698896833731591
2026-09-30T13:49:05.240 0.00664006454091517,-0.008944010582373891,-8.723777338895399e-06,0.0008134475575352122,-7.33087024253012e-05,0.48859977259103937,0.8725076476185696
2026-09-30T13:49:05.331 0.006779298172042062,-0.008732054712567421,-8.929058445575803e-06,0.000802074042661299,-6.687753738741615e-05,0.4839580548784778,0.8750908257563128
2026-09-30T13:49:05.366 0.006921392729504893,-0.008522065760031521,-9.213368523801617e-06,0.0007945247446211406,-6.78647053517203e-05,0.47932083407751225,0.8776393918598059
2026-09-30T13:49:05.453 0.007066348777250332,-0.008313924515411032,-9.219080171435528e-06,0.0007879652991454384,-6.906396726576272e-05,0.4747001525317152,0.880147226052109
2026-09-30T13:49:05.487 0.007212257854941016,-0.008107094561045206,-9.643531456637684e-06,0.0007795559034134454,-6.776058441129604e-05,0.4701038206744239,0.8826107780264218
2026-09-30T13:49:05.594 0.007362458474151993,-0.007903125575600306,-1.0089668787088798e-05,0.0007700428551689198,-6.61768814285189e-05,0.46553624865104165,0.885028476291321
2026-09-30T13:49:05.624 0.007519811984536272,-0.007694566942410257,-1.0293796395647987e-05,0.0007629682184966941,-6.646114246700031e-05,0.46101412291788146,0.8873924678138025
2026-09-30T13:49:05.715 0.007677165419440396,-0.007487498425350411,-1.0557528330748582e-05,0.0007574493232603144,-6.95861417907192e-05,0.45654051381013383,0.8897022989058029
2026-09-30T13:49:05.759 0.00783451886846376,-0.007287165233157851,-1.0865962591888506e-05,0.0007511771424095746,-7.06201090309768e-05,0.4521780078568888,0.8919273961238529
2026-09-30T13:49:05.827 0.007984719780626337,-0.007095236385940221,-1.1222691097582345e-05,0.0007454018677206667,-7.370882146149296e-05,0.4480125835401392,0.8940269369167548
2026-09-30T13:49:05.859 0.008131106200049098,-0.006913559585642322,-1.1528683058127747e-05,0.0007413656988077141,-7.900903357030265e-05,0.44410390398264105,0.8959749810133374
2026-09-30T13:49:05.954 0.008268909623954839,-0.006744340264174024,-1.188070681006321e-05,0.0007381800357047918,-8.58398978505735e-05,0.44049333542278196,0.8977555731767191
2026-09-30T13:49:05.986 0.008398606752796928,-0.006587995648061706,-1.236892307062458e-05,0.0007368982705943303,-9.447395609988729e-05,0.43720930839412186,0.8993594769107313
2026-09-30T13:49:06.075 0.008518291077695353,-0.006445539040184469,-1.246877596390251e-05,0.0007353436767976554,-0.00010129352269274342,0.43427259680775265,0.900781194670021
2026-09-30T13:49:06.106 0.008626054067038714,-0.006320129510871009,-1.2952108666444494e-05,0.000734435441293069,-0.00010795128118995034,0.4316747659294629,0.9020290158364347
2026-09-30T13:49:06.183 0.00872046609247065,-0.006208786845786438,-1.3235515315339878e-05,0.0007327451802179411,-0.00011437581786165208,0.4294235952967025,0.903102887718297
2026-09-30T13:49:06.218 0.008806772100152252,-0.006106146560885623,-1.3446499159354387e-05,0.0007302672453024004,-0.00011577460447232054,0.4274900575490655,0.9040197475734079
2026-09-30T13:49:06.293 0.008887833240312044,-0.006011374155104841,-1.3500177059998388e-05,0.0007291213141838888,-0.00011824081389561551,0.42579195643986395,0.9048207912246116
2026-09-30T13:49:06.328 0.008960311074168064,-0.005928701600320579,-1.379360166391401e-05,0.0007261548261641295,-0.00011807136365396325,0.4242468018604994,0.905546304652313
2026-09-30T13:49:06.418 0.009026113540414273,-0.0058509167104226125,-1.3897656736570348e-05,0.0007245024403768514,-0.00011936059919090404,0.42280199037831667,0.9062217928197241
2026-09-30T13:49:06.458 0.009087624351108985,-0.0057799268040839066,-1.4129035610280959e-05,0.0007221198005527648,-0.00012015792999217858,0.42149292867952154,0.9068313929161392
2026-09-30T13:49:06.544 0.00913959887897541,-0.005718354551649132,-1.41367183462232e-05,0.0007205635852426403,-0.00012068963266254149,0.42036485534561807,0.907354866969032
2026-09-30T13:49:06.575 0.0091915730360377,-0.005661014229042285,-1.4412620956195612e-05,0.000718484882272452,-0.00012060119921482174,0.41939074081191413,0.9078055274980752
2026-09-30T13:49:06.666 0.009236395250046284,-0.005610588135220021,-1.434938834768104e-05,0.000717641946818771,-0.00012102251443360796,0.41857973298159346,0.9081797605543988
2026-09-30T13:49:06.701 0.009276449018154064,-0.005563142333684179,-1.4353121663828414e-05,0.0007169930828105986,-0.00012121007211180691,0.4179910199407968,0.908450867398942
2026-09-30T13:49:06.794 0.009313641670257196,-0.00552112059086214,-1.4456638510341393e-05,0.0007157337673837441,-0.00012118794345713608,0.4176411425750818,0.9086117702667277
2026-09-30T13:49:06.827 0.009348926913389151,-0.005481602267145092,-1.4616743797371986e-05,0.000715631790318662,-0.00012140129586987255,0.41749460501466584,0.9086791116321065
2026-09-30T13:49:06.917 0.009377059691388252,-0.005448700149048919,-1.4765539051161333e-05,0.0007149145913238706,-0.00011968683967475027,0.41757435639044704,0.9086424662414208
2026-09-30T13:49:06.955 0.009393748598110695,-0.005428434359720789,-1.4866435631254209e-05,0.0007150030914518055,-0.0001209843729074237,0.41765565684624634,0.90860509928004
2026-09-30T13:49:07.037 0.009396609520833616,-0.0054245004171508595,-1.4900762140270805e-05,0.0007148935072326028,-0.00012100925282703438,0.41767914110230425,0.9085943040609904
2026-09-30T13:49:07.075 0.009389457072053181,-0.00542867283233067,-1.4859650221612456e-05,0.0007145508559700024,-0.00012115436087699594,0.417708556189465,0.9085807816726081
2026-09-30T13:49:07.153 0.00937467532323599,-0.005443335761050339,-1.4836275991076352e-05,0.0007146161267484933,-0.00012098924113554293,0.4177613955190227,0.90855648756662
2026-09-30T13:49:07.191 0.009353218171852815,-0.005467595121604122,-1.4683136029362917e-05,0.0007146464804066931,-0.00012078311702925662,0.41790557875834666,0.908490177126037
2026-09-30T13:49:07.262 0.009332714542022367,-0.005489172261150051,-1.4606010079349765e-05,0.0007159892956232252,-0.00012118841990463108,0.418197580096893,0.9083557985028764
2026-09-30T13:49:07.296 0.009301720303619226,-0.005528213693738282,-1.4780515377457413e-05,0.0007164054617388343,-0.00012140734610789171,0.4186575774236592,0.9081438789581878
2026-09-30T13:49:07.388 0.009271680472601546,-0.005561950300842124,-1.4449890556074112e-05,0.0007188055205459693,-0.0001212817101668255,0.4193913068011453,0.9078052656759588
2026-09-30T13:49:07.424 0.009227335105207428,-0.005611303505052362,-1.4498976127578648e-05,0.0007188794722655034,-0.00011939093363107652,0.42034915089388997,0.9073621439650736
2026-09-30T13:49:07.504 0.009182990019490096,-0.005662444848575645,-1.4384148838355963e-05,0.0007222432710995946,-0.00012197901592939455,0.4215722919591473,0.9067945005005756
2026-09-30T13:49:07.538 0.009130538633002101,-0.005724136316306117,-1.4390613295411744e-05,0.0007221111615911795,-0.00011717160529925185,0.42307992799738514,0.9060920700193842
2026-09-30T13:49:07.624 0.009077133983374399,-0.005788450400369599,-1.4157151182266745e-05,0.0007262195456780562,-0.00011845035156590706,0.4248896064042852,0.9052448734703209
2026-09-30T13:49:07.657 0.0090156230370248,-0.005861764887873499,-1.403007992631253e-05,0.0007287139649317977,-0.00011640297902595234,0.42701745480686204,0.9042430805466931
2026-09-30T13:49:07.739 0.008947913079869809,-0.005941159127213099,-1.4027316868117021e-05,0.0007315684560554237,-0.00011488570198215365,0.42941858945027395,0.9031052688603952
2026-09-30T13:49:07.772 0.008877819589401394,-0.006027229116718509,-1.3663155646011602e-05,0.0007360750567645404,-0.00011412349136965112,0.432003781384109,0.9018714864320584
2026-09-30T13:49:07.855 0.008801049671562903,-0.006120094119868641,-1.3795077138806233e-05,0.0007401263649118521,-0.00011242901547338325,0.43471348738399773,0.9005685001481694
2026-09-30T13:49:07.891 0.008718558691475963,-0.006223151589217196,-1.3381508671165872e-05,0.0007442302912743349,-0.00011005658715164012,0.4375097687874005,0.8992133429973204
2026-09-30T13:49:07.976 0.008630822055731416,-0.00633884530936586,-1.3347074612668799e-05,0.0007477557798107039,-0.00010755610107204608,0.44036467158585074,0.8978186817571044
2026-09-30T13:49:08.008 0.008534025900038003,-0.006463718258844152,-1.3134401813176463e-05,0.0007511306854930518,-0.00010452991755221334,0.44326654276096467,0.8963895341562905
2026-09-30T13:49:08.089 0.008433892260139667,-0.006597531947031925,-1.2752537472545539e-05,0.0007544376042194281,-0.00010096140729174164,0.44621401134057254,0.8949259615823261
2026-09-30T13:49:08.121 0.00832994341978428,-0.006737782984950655,-1.2737169202626563e-05,0.000758401983233132,-9.890314147481781e-05,0.4491992685612464,0.8934312688554402
2026-09-30T13:49:08.196 0.008221703621384965,-0.0068859614946000045,-1.2416991414049527e-05,0.0007620191285296614,-9.58835822462048e-05,0.45221933499000816,0.8919064318606416
2026-09-30T13:49:08.236 0.008109648917556028,-0.007039683284273209,-1.2269594989037112e-05,0.0007668922595221331,-9.417729781564391e-05,0.4552133233887223,0.8903820714818407
2026-09-30T13:49:08.313 0.007998548225404568,-0.007195968061629167,-1.1929991151564201e-05,0.0007715298496302444,-9.243390024171562e-05,0.45812052778538226,0.8888897446923932
2026-09-30T13:49:08.346 0.007888401116045704,-0.00735630594283909,-1.1681301366694582e-05,0.0007753402430529457,-9.020215271921392e-05,0.46095438946172107,0.8874234848971777
2026-09-30T13:49:08.423 0.007775869666458362,-0.007517239900532967,-1.1533149831951384e-05,0.0007790777294810054,-8.879447669936305e-05,0.4637501340667908,0.8859656868674237
2026-09-30T13:49:08.459 0.007661907502053105,-0.007682465410690672,-1.1546648373297081e-05,0.000782670537665336,-8.655460163752566e-05,0.46652811658469445,0.8845060182786029
2026-09-30T13:49:08.538 0.00754794587293844,-0.00785090957160858,-1.124722239425199e-05,0.0007860352822422044,-8.401054289843505e-05,0.4693009434265305,0.88303793779754
2026-09-30T13:49:08.574 0.007431599911553633,-0.008022453204093545,-1.106323539843302e-05,0.0007894667711135225,-8.181716445341564e-05,0.47207880672241753,0.8815559938493455
2026-09-30T13:49:08.644 0.00731620778912311,-0.008197811521823316,-1.0806249925964589e-05,0.0007929019161529573,-7.951460305933919e-05,0.47486757756085146,0.880056900868045
2026-09-30T13:49:08.678 0.007201291978627707,-0.008374540740442275,-1.0892744438402724e-05,0.0007965692481897472,-7.782623648119058e-05,0.47766949092725003,0.8785392517456528
2026-09-30T13:49:08.758 0.0070873304823416495,-0.008553534923484592,-1.0593316733740538e-05,0.0008003883998210014,-7.566660575170188e-05,0.48048553035720887,0.8770022854989181
2026-09-30T13:49:08.792 0.006971461398357668,-0.008735807386035788,-1.0469686483401004e-05,0.0008042808306673078,-7.401267404694847e-05,0.4833192125743233,0.8754438225328942
2026-09-30T13:49:08.877 0.006856546332805157,-0.008921179278072677,-1.015384873285773e-05,0.0008082358116932676,-7.201333943371859e-05,0.48616719973573674,0.8738654332733753
2026-09-30T13:49:08.914 0.0067411542456636605,-0.009108696943349336,-9.971366984383274e-06,0.0008122935831149325,-7.056550339011281e-05,0.4890311011283828,0.8722659670816041
2026-09-30T13:49:09.002 0.0066271925097438405,-0.009298598776428428,-9.910355776699046e-06,0.0008159071270602498,-6.942746783412754e-05,0.491907877355949,0.8706468685239449
2026-09-30T13:49:09.037 0.0065141850120993125,-0.009490348341425682,-9.50812584786372e-06,0.0008204124607973617,-6.756861799232276e-05,0.49479743795397735,0.8690079503388078
2026-09-30T13:49:09.120 0.006404038228747893,-0.009684064823718114,-9.319035173687237e-06,0.0008247783992222421,-6.624789450808087e-05,0.4976990684828989,0.8673493832263117
2026-09-30T13:49:09.159 0.00629198413246399,-0.009878556190403516,-9.112027509915795e-06,0.0008286543922606108,-6.498046982408382e-05,0.5006139315050313,0.8656702609495792
2026-09-30T13:49:09.228 0.006179453290560878,-0.01007465688849295,-8.859562225138513e-06,0.0008334559796633756,-6.364379730945671e-05,0.5034803651016234,0.8640062634366333
2026-09-30T13:49:09.264 0.006069306211885484,-0.010271115184483107,-8.87908709845079e-06,0.0008364060220583232,-6.153730969288431e-05,0.5062337304531201,0.862395910698586
2026-09-30T13:49:09.355 0.005959636120435996,-0.010466440986200063,-8.795058089093333e-06,0.0008390381930957281,-5.949192995240532e-05,0.5088873777507793,0.8608326952675278
2026-09-30T13:49:09.388 0.00585425789989731,-0.010662720408164272,-8.509198298438418e-06,0.0008433926059252186,-5.768671632703677e-05,0.5114735513913066,0.8592986044375492
2026-09-30T13:49:09.484 0.005747925671136823,-0.01085858260966021,-8.430446711839193e-06,0.0008463302948364405,-5.645577701478241e-05,0.5140185990229315,0.8577786196894162
2026-09-30T13:49:09.515 0.00564350071869441,-0.011054504391795431,-8.399414263481753e-06,0.0008498364600510225,-5.584106854771008e-05,0.5165371221661057,0.8562643727752102
2026-09-30T13:49:09.594 0.005526202016043252,-0.011277606053981058,-8.035097263601118e-06,0.0008546793945466271,-5.5918225498159725e-05,0.5190170801191394,0.8547634391695094
2026-09-30T13:49:09.626 0.0054351282602528314,-0.011453619716664323,-8.010276970930624e-06,0.0008576734474757246,-5.47307248615898e-05,0.5215223713561928,0.8532371754534718
2026-09-30T13:49:09.719 0.005327366227901215,-0.011668138189929064,-7.631237691238333e-06,0.0008626156707575458,-5.464311304928671e-05,0.5239958918270445,0.851720352144244
2026-09-30T13:49:09.755 0.005242014341274297,-0.011840039060095758,-7.689970944966497e-06,0.0008657159602929166,-5.355332523597631e-05,0.5264981430273897,0.8501758365518439
2026-09-30T13:49:09.845 0.005139020179620156,-0.012050802380757673,-7.601593288988313e-06,0.0008696238239612944,-5.3910563040475216e-05,0.5289747040161653,0.8486371446967581
2026-09-30T13:49:09.882 0.00505509935536967,-0.012221689953887385,-7.3049610770328205e-06,0.0008733065700661923,-5.2414511708821607e-05,0.5314775506723171,0.8470719259423655
2026-09-30T13:49:09.970 0.00495496605521673,-0.012431141936360217,-7.3105140713769056e-06,0.0008767936936427188,-5.291931374685519e-05,0.5339592378470274,0.8455097638408362
2026-09-30T13:49:10.014 0.004872475333373328,-0.012601493049723201,-7.269463161038273e-06,0.0008801084765610677,-5.1776496392475986e-05,0.5364680451070231,0.843920173539721
2026-09-30T13:49:10.086 0.004776157430275644,-0.012810766170152326,-6.834013348158457e-06,0.0008855753581413543,-5.1525400594842636e-05,0.5389540817101088,0.8423346786814797
2026-09-30T13:49:10.122 0.00469795812194129,-0.012981296043432495,-6.874253492057626e-06,0.000888394385483487,-5.0741032697378036e-05,0.5414639025056099,0.840723527959197
2026-09-30T13:49:10.214 0.004602116807341599,-0.013187708134933812,-6.573668360326836e-06,0.0008933697227531699,-5.060982838082008e-05,0.5438962357835145,0.8391520029349315
2026-09-30T13:49:10.251 0.00452677843223638,-0.013355138530670841,-6.648234876753114e-06,0.0008956799505103655,-4.964419816527226e-05,0.5462293297481238,0.8376351918441556
2026-09-30T13:49:10.340 0.004440473590448385,-0.013552252177535893,-6.452136722746928e-06,0.0008994668319855882,-4.930210546706892e-05,0.5484358227048286,0.836192165057051
2026-09-30T13:49:10.377 0.004370857485328567,-0.013713722036719252,-6.342036521571725e-06,0.0009020044140594616,-4.7940795881052914e-05,0.5505886130179373,0.8347762354695426
2026-09-30T13:49:10.469 0.004289797735566213,-0.013905828827391394,-6.184034702426816e-06,0.0009063602519326986,-4.7741299768366857e-05,0.5526795920656687,0.833393331354402
2026-09-30T13:49:10.510 0.004220181335418965,-0.014068192756281852,-6.267649208398942e-06,0.0009081736232439228,-4.738970609110145e-05,0.5547569236651754,0.8320119762482009
2026-09-30T13:49:10.802 0.0041415058235281434,-0.014253444982771854,-6.024011305366924e-06,0.0009121434474421417,-4.729217767249933e-05,0.5567993253273804,0.8306465416004303
2026-09-30T13:49:11.251 0.00407188922215898,-0.014424153561965747,-6.30133929983024e-06,0.0009137771590877649,-4.6918907786471204e-05,0.5588320728760643,0.8292803368794902
2026-09-30T13:49:11.346 0.0040008436339724115,-0.01459605425189035,-5.62273218473149e-06,0.0009192376595000646,-4.662238186709677e-05,0.5608581416600167,0.8279114069525504
2026-09-30T13:49:11.383 0.0039312275699878215,-0.014766405203152737,-5.557333958622647e-06,0.0009219223856145284,-4.55540522338424e-05,0.5628823648561302,0.8265365033184642
2026-09-30T13:49:11.478 0.003863995329859572,-0.014938186635916255,-5.734123429980564e-06,0.0009245529170822471,-4.684306991539161e-05,0.5648416788508794,0.8251987765626839
2026-09-30T13:49:11.514 0.0038024856355291514,-0.015099715997664336,-5.517630889728714e-06,0.000927381654619647,-4.4910203743824555e-05,0.5666572268200514,0.8239531086408675
2026-09-30T13:49:11.613 0.0037419294956136497,-0.015257430650148453,-5.347350261276563e-06,0.000929851503239928,-4.5272385818403514e-05,0.5682764977330186,0.8228371378656213
2026-09-30T13:49:11.647 0.0036890022577574363,-0.015402985859082874,-5.3977504987716835e-06,0.0009312937110364592,-4.380524173542988e-05,0.5696651599924292,0.8218763509579313
2026-09-30T13:49:11.737 0.003641796704298123,-0.01552601044026112,-5.501905010047119e-06,0.0009332136921296944,-4.35842192778844e-05,0.5708044370324238,0.8210855143508003
2026-09-30T13:49:11.769 0.0035864854931261458,-0.015673234609244364,-5.429326183659798e-06,0.0009340096036510459,-4.331099862016232e-05,0.5716657796203329,0.8204860523868123
2026-09-30T13:49:11.860 0.0035512008490240963,-0.015773430461357086,-5.373518969870723e-06,0.0009348919540090455,-4.227797475137097e-05,0.5722490079940682,0.8200793845960354
2026-09-30T13:49:11.894 0.0035335585851324906,-0.015828147747383173,-5.34561460740938e-06,0.0009349547525762676,-4.296348816995241e-05,0.5725688451627607,0.8198561102795612
2026-09-30T13:49:11.984 0.003523545213368897,-0.015856817707608866,-5.434085384493241e-06,0.0009351893147119235,-4.284082795698229e-05,0.5726257671805953,0.8198163540369537
2026-09-30T13:49:12.020 0.0035197304761598034,-0.01586075166220204,-5.487657870742318e-06,0.0009343395665280895,-4.241717678850305e-05,0.5724118476557317,0.8199657321337941
2026-09-30T13:49:12.110 0.0035326048830374305,-0.01582397543425334,-5.329206287145379e-06,0.0009340753202188035,-4.2416708057036114e-05,0.5719497349388463,0.8202881362103823
2026-09-30T13:49:12.147 0.0035655054222357542,-0.015735581331830516,-5.425945347929409e-06,0.0009332317215951392,-4.312595054766701e-05,0.5712455095959549,0.8207787125560483
2026-09-30T13:49:12.236 0.0036227238370900756,-0.015586390185569827,-5.576045929169304e-06,0.0009301037079671263,-4.235778652376349e-05,0.5703107362231641,0.8214285101343286
2026-09-30T13:49:12.270 0.0036828034863437124,-0.015428079492600418,-5.5220555865199246e-06,0.000929205093131942,-4.2961046565985006e-05,0.5691170991532132,0.8222559590441866
2026-09-30T13:49:12.361 0.0037428827895578734,-0.015275967682736369,-5.7362847961754975e-06,0.0009268136043947421,-4.320726518992969e-05,0.5676545877781753,0.8232663044993793
2026-09-30T13:49:12.396 0.003807254089109895,-0.015110444773694304,-5.554970720716587e-06,0.0009251891052664352,-4.3678503579800687e-05,0.5659128887360977,0.8244645198428329
2026-09-30T13:49:12.476 0.003884499184369357,-0.01493258354116613,-5.796345624626796e-06,0.0009216976133076906,-4.4440176994871885e-05,0.5638883086197851,0.8258505457408735
2026-09-30T13:49:12.519 0.003963651616242665,-0.014738986658382941,-5.921529682080058e-06,0.0009181673212963641,-4.5502944167012225e-05,0.5615868660102168,0.8274172749121661
2026-09-30T13:49:12.589 0.004038989741625494,-0.014564820937805964,-5.951272265296041e-06,0.0009151863522678902,-4.764519540943594e-05,0.5589832881515254,0.8291784148970501
2026-09-30T13:49:12.623 0.004135308109296521,-0.014340050609659916,-5.969492621072178e-06,0.0009111302206009574,-4.899781306962402e-05,0.5561139945980881,0.8311055242585584
2026-09-30T13:49:12.704 0.004221136480248899,-0.014151400828325647,-6.000922892363606e-06,0.0009076365397876892,-5.147372878610241e-05,0.5529286183007519,0.8332281299922538
2026-09-30T13:49:12.741 0.004314117419562565,-0.01394749216785415,-5.909554327423966e-06,0.0009032878442973459,-5.3103933695297805e-05,0.5494508233012116,0.8355255675469563
2026-09-30T13:49:12.820 0.004414250790692996,-0.013736192441382493,-5.8443970650339696e-06,0.0008993463420155325,-5.648237873694783e-05,0.5456756017986722,0.8379960176442098
2026-09-30T13:49:12.857 0.00451724510705967,-0.013522746911684027,-5.813566019183094e-06,0.0008956240743669219,-6.035390700602472e-05,0.5416508758617901,0.840603070951492
2026-09-30T13:49:12.934 0.00462500759786003,-0.013307215159403505,-5.894582613249444e-06,0.0008907175613848022,-6.432094579398475e-05,0.5374539535079046,0.843292624385963
2026-09-30T13:49:12.974 0.004738492158313515,-0.013088524288900871,-5.939943457181195e-06,0.0008862465438614932,-6.83913320335695e-05,0.5331391330684028,0.846027112261044
2026-09-30T13:49:13.060 0.004854837729431078,-0.012867270382649832,-5.9749271581923356e-06,0.0008812635538195816,-7.25085564431228e-05,0.5287449197398255,0.8487803178481363
2026-09-30T13:49:13.096 0.0049726134037061664,-0.012645539621276838,-6.265492151071085e-06,0.0008743490441173968,-7.500554049201677e-05,0.5243006400161144,0.8515327760964994
2026-09-30T13:49:13.184 0.005094204221580057,-0.012425954579039002,-6.2938676673231275e-06,0.0008648596949340579,-6.990231774034457e-05,0.5198277519970936,0.8542706569846714
2026-09-30T13:49:13.220 0.005216748031876985,-0.01220470059481729,-6.740983308605868e-06,0.0008536625627563403,-6.620384225918648e-05,0.5153420501721498,0.8569841528299375
2026-09-30T13:49:13.311 0.0053435842807836005,-0.011984579044711535,-6.6286407177075975e-06,0.0008477841301427322,-6.75737491912123e-05,0.5108507411242493,0.859669004320071
2026-09-30T13:49:13.347 0.005472804116442519,-0.011765768766844707,-6.907497269456173e-06,0.000840868983985301,-6.812965162668131e-05,0.5063695058468627,0.8623161901797428
2026-09-30T13:49:13.448 0.0056048849147552465,-0.011549938685206814,-7.250481484444762e-06,0.0008309627720910436,-6.544270649309746e-05,0.5019092535015237,0.8649198844214803
2026-09-30T13:49:13.483 0.005741257163487981,-0.011331605154463222,-7.630053764682891e-06,0.0008230851589573348,-6.522208117805044e-05,0.497484136181353,0.8674726811403309
2026-09-30T13:49:13.557 0.0058828752202184755,-0.01111273511580797,-7.630489656680167e-06,0.0008181002947769643,-6.842174261737375e-05,0.4931013057435566,0.8699715100532731
2026-09-30T13:49:13.590 0.0060240161106997715,-0.010897620175820435,-7.868589285493649e-06,0.0008115870555569562,-6.924830707959504e-05,0.4887662791016348,0.8724143860255091
2026-09-30T13:49:13.668 0.006163249532646409,-0.010691505561234297,-8.252683147565547e-06,0.0008050835865480344,-7.093634374718172e-05,0.48448072397205677,0.8748015631604493
2026-09-30T13:49:13.701 0.006298191803721285,-0.010496715883158045,-8.480978360953768e-06,0.0007988683248434788,-7.229151436493961e-05,0.48024756076046765,0.877132622222522
2026-09-30T13:49:13.783 0.006428842573224907,-0.010315337304202395,-8.791892865525138e-06,0.0007923840970280098,-7.452604610119294e-05,0.4760696807313447,0.8794072012791724
2026-09-30T13:49:13.816 0.006549956901138941,-0.010147608308954,-9.01322082324488e-06,0.000787117262455975,-7.765629354859432e-05,0.47194946689583855,0.8816252464129242
2026-09-30T13:49:13.901 0.00666296523667854,-0.00999621108842821,-9.206828155884335e-06,0.0007827510005591468,-8.184455809207456e-05,0.4678855188072633,0.8837887314810013
2026-09-30T13:49:13.938 0.00676691427408603,-0.009864125886832123,-9.162590519883546e-06,0.0007784430344828687,-8.647166992971788e-05,0.4638770324785199,0.8858992523351708
2026-09-30T13:49:14.017 0.0068565576331620975,-0.009751352770340086,-9.61727181286242e-06,0.0007742428405579964,-9.159339075579517e-05,0.45992296479939687,0.8879584779756357
2026-09-30T13:49:14.051 0.0069342811325888475,-0.009660573917763754,-9.561363551828143e-06,0.0007700671761053791,-9.687718735915777e-05,0.4560183090669047,0.88997005534294
2026-09-30T13:49:14.128 0.0069938846210492,-0.009591491384071399,-9.789726393276225e-06,0.0007663006769166909,-0.00010204022239146613,0.4521553760060169,0.8919388534646997
2026-09-30T13:49:14.160 0.007035368753136207,-0.00954744302929909,-9.914930084476587e-06,0.0007618747567407435,-0.00010684686984880953,0.44832147071345474,0.8938720641277064
2026-09-30T13:49:14.235 0.0070577796694944,-0.009528607679409858,-1.0054675876583474e-05,0.0007540069525030143,-0.00010475200909001194,0.4444949589669195,0.8957810290207807
2026-09-30T13:49:14.278 0.007061594672481755,-0.00953081300320619,-9.881893245616467e-06,0.0007474856230186655,-0.00010452022906662282,0.4406678201808126,0.8976699296500112
2026-09-30T13:49:14.356 0.007048243336876555,-0.009554655029234879,-9.994889587024347e-06,0.0007407562279122864,-0.00010445453490005966,0.4368306380766577,0.8995434586538891
2026-09-30T13:49:14.393 0.007014865332401272,-0.009596855537969323,-9.927206436973054e-06,0.0007362407887186109,-0.00010886731791134396,0.43298826850525635,0.9013992486319412
2026-09-30T13:49:14.468 0.006965274967991367,-0.009660633132248969,-9.953095275803114e-06,0.000731247384740361,-0.000112566345591675,0.42913606444470687,0.9032395533849193
2026-09-30T13:49:14.501 0.0068956579848337834,-0.009743007627807984,-9.768502299040684e-06,0.0007242675866593408,-0.0001121353112802404,0.42526493740273524,0.9050686139061406
2026-09-30T13:49:14.582 0.006811259241759699,-0.009842906075041128,-9.590336908914513e-06,0.0007161336729699636,-0.00010956318969636259,0.4213685090401235,0.9068892185585697
2026-09-30T13:49:14.615 0.006713986162591822,-0.009955262055112801,-9.332208798988373e-06,0.0007089392898405683,-0.00010788359370584451,0.4174356018581886,0.9087062253927313
2026-09-30T13:49:14.695 0.006601930906018428,-0.010081923336084729,-9.318927083248482e-06,0.0006976145280128209,-9.881307088914238e-05,0.41346261378959914,0.9105208237971387
2026-09-30T13:49:14.732 0.0064770016532479675,-0.010219969266248304,-9.002165684672731e-06,0.0006867033754073328,-9.071613226527029e-05,0.4094400939271308,0.9123367413921243
2026-09-30T13:49:14.810 0.006341581855063167,-0.01036552551375561,-8.817828021797111e-06,0.0006772232555716369,-8.426717405656121e-05,0.40536532945773174,0.9141545186352962
2026-09-30T13:49:14.845 0.006197579221623535,-0.010519426519578736,-8.545412539896308e-06,0.0006685472275522935,-8.078002154757768e-05,0.40122899276858964,0.9159775335023757
2026-09-30T13:49:14.923 0.0060454705221085975,-0.010680062952310923,-8.21547571740801e-06,0.0006603494304505582,-7.835635181219356e-05,0.3970293555811827,0.9178056703930864
2026-09-30T13:49:14.956 0.005886209272067527,-0.010844275753786149,-7.904031644026488e-06,0.0006524727750112419,-7.666192112255356e-05,0.39276462987892474,0.9196387953529902
2026-09-30T13:49:15.037 0.005721702639022154,-0.011012839760394614,-7.733305053843336e-06,0.0006448991233442687,-7.512380624744121e-05,0.38843517329726,0.9214758242119334
2026-09-30T13:49:15.070 0.0055486134285237226,-0.011184026479382641,-7.265885584608697e-06,0.0006372946835517335,-7.468790694734769e-05,0.3840434298790737,0.9233148066850871
2026-09-30T13:49:15.151 0.005373616584707626,-0.01135861068717456,-7.004065835334524e-06,0.0006297886753098606,-7.414799732223603e-05,0.3795853762120611,0.9251564948884308
2026-09-30T13:49:15.186 0.005191467172651286,-0.011533493008244399,-6.7458382288076705e-06,0.0006213994328414526,-7.345504946480093e-05,0.3750641125007578,0.9269986623405233
2026-09-30T13:49:15.256 0.005008364140891388,-0.011707004434483153,-6.44139955866579e-06,0.0006139461201104384,-7.35773549146663e-05,0.3704806803802582,0.928839966367466
2026-09-30T13:49:15.287 0.004820493040038376,-0.011879741060338568,-5.935706861161692e-06,0.0006063927321261384,-7.34037378873937e-05,0.36583758405340555,0.9306785100096129
2026-09-30T13:49:15.366 0.004631191079095989,-0.012052716122824342,-5.651269472968058e-06,0.0005987219096074548,-7.382489835741799e-05,0.3611368500821081,0.9325126334772802
2026-09-30T13:49:15.397 0.004439504866459377,-0.012223962680634345,-5.39286500228077e-06,0.0005906481871147343,-7.431619943076148e-05,0.3563821741669402,0.9343400834534855
2026-09-30T13:49:15.476 0.004244004000487911,-0.012392705891383155,-5.083726072784352e-06,0.0005828146441360752,-7.447778489981144e-05,0.3515771916704227,0.9361587114786087
2026-09-30T13:49:15.507 0.004047549475196699,-0.012560674253754055,-4.758178267316734e-06,0.0005746569659827624,-7.462608418857247e-05,0.34672345275180255,0.9379672230478993
2026-09-30T13:49:15.588 0.003853002581425715,-0.01272697366202215,-4.241931601728585e-06,0.0005669980698769836,-7.508197723332163e-05,0.3418236389598697,0.939763945213966
2026-09-30T13:49:15.621 0.0036546405089424093,-0.012892081025476884,-4.017676541915478e-06,0.000558865070483757,-7.528128681421013e-05,0.33688183396983856,0.9415467656700218
2026-09-30T13:49:15.705 0.0034553248694258317,-0.013054386982617837,-3.7025072247648475e-06,0.0005505575920371105,-7.61174623852987e-05,0.3319019714403305,0.9433137189962265
2026-09-30T13:49:15.739 0.0032512407370270217,-0.01321407039543404,-3.439403606137419e-06,0.0005420407227651776,-7.526100393969842e-05,0.3268866143904619,0.9450634062643509
2026-09-30T13:49:15.819 0.0030471569127097386,-0.013372025273513617,-2.9676842742839906e-06,0.0005329381735066264,-7.384545180888887e-05,0.3218362399511469,0.9467951970610435
2026-09-30T13:49:15.856 0.002841165356470064,-0.013527417175922752,-2.716466779884098e-06,0.0005241327860025713,-7.257636412610675e-05,0.31675382764851223,0.9485076344908936
2026-09-30T13:49:15.929 0.0026323128600899063,-0.013681617021446072,-2.401121329766716e-06,0.0005151985294183582,-7.1324932528071e-05,0.31164286468237967,0.9501991656362309
2026-09-30T13:49:15.970 0.002422983684861915,-0.013833373082515345,-1.9658132087516366e-06,0.000506232000167407,-6.987156522195909e-05,0.30650561594679,0.9518687127121078
2026-09-30T13:49:16.042 0.002210793183523075,-0.013983221831005296,-1.7047955301005986e-06,0.0004973159680114705,-6.86172325953019e-05,0.3013435714880174,0.9535154953598549
2026-09-30T13:49:16.074 0.0019962187595839722,-0.014131282470136432,-1.2611947827509299e-06,0.0004884366230223646,-6.732593923190076e-05,0.2961588174743151,0.9551385824732966
2026-09-30T13:49:16.150 0.0017802137092038572,-0.014277554987945648,-8.749371079364516e-07,0.00047953208327454906,-6.640419307223335e-05,0.2909523076258645,0.9567374354161379
2026-09-30T13:49:16.181 0.0015613475563089352,-0.014420966518831872,-5.139586057924109e-07,0.0004706738159598055,-6.577214054159229e-05,0.2857270817168184,0.9583109145333654
2026-09-30T13:49:16.268 0.001342481227985593,-0.014563543584710445,-2.5728823811496943e-07,0.0004614892637609105,-6.475741655181907e-05,0.2804827228086314,0.959858961014582
2026-09-30T13:49:16.302 0.0011198003932389397,-0.01470218679203419,1.5442435236673455e-07,0.0004525835028808375,-6.418752027504782e-05,0.27522244906785476,0.9613804629683439
2026-09-30T13:49:16.380 0.0008956890210394245,-0.014838624645511691,5.683983723411399e-07,0.00044403826771283834,-6.408335007720654e-05,0.2699448299196266,0.9628756864325763
2026-09-30T13:49:16.417 0.0006701469562206177,-0.014973632005544095,8.803259505713735e-07,0.00043479621147102357,-6.316669518358801e-05,0.26465338286777024,0.9643435040994824
2026-09-30T13:49:16.494 0.0004441280651885356,-0.015105718743980694,1.222809266296358e-06,0.00042592609194925846,-6.280465956081633e-05,0.2593476004280662,0.9657839493358455
2026-09-30T13:49:16.525 0.00021524809595240555,-0.015235004100136337,1.5549145616683127e-06,0.00041716946061163537,-6.282062569902463e-05,0.2540280490474664,0.9671967598789546
2026-09-30T13:49:16.601 -1.220147630310905e-05,-0.015360951578182758,1.840054093162922e-06,0.0004081492604864562,-6.178707292194371e-05,0.2486958168066139,0.9685815506705824
2026-09-30T13:49:16.635 -0.0002415581017345525,-0.015483978452610828,2.3368248631851062e-06,0.00039933393857974163,-6.192154851682092e-05,0.24335012847540655,0.9699384267411671
2026-09-30T13:49:16.710 -0.00047186862104189707,-0.015604442339342479,2.715893933587588e-06,0.0003898457570339155,-6.0468678996031646e-05,0.23799359244684523,0.9712666442939701
2026-09-30T13:49:16.742 -0.0007036100241562801,-0.015721389570081196,2.8886082230450664e-06,0.0003808452498853551,-5.980909579601023e-05,0.23262614819870603,0.9725661553611669
2026-09-30T13:49:16.833 -0.0009386887761354043,-0.015837442773112165,3.394425013264779e-06,0.0003718776445876713,-5.849199522580367e-05,0.22724863055403743,0.9738366999641257
2026-09-30T13:49:16.867 -0.0011756752502811458,-0.015951707860854713,3.6797400927711937e-06,0.0003627631124426691,-5.801055063376005e-05,0.22186132277654097,0.9750781601971935
2026-09-30T13:49:16.950 -0.0014136152929610471,-0.01606305233299394,4.055969410116634e-06,0.00035382979963287554,-5.760987545959561e-05,0.2164642097052678,0.9762904882268643
2026-09-30T13:49:16.982 -0.0016510785373514548,-0.016171356962246433,4.4314443001787305e-06,0.00034495673812820265,-5.737619140512881e-05,0.21105760435957543,0.9774735624838241
2026-09-30T13:49:17.059 -0.0018880649004677722,-0.01627572767892971,4.865769186991382e-06,0.00033593770684754194,-5.685783557548303e-05,0.20564235626745972,0.9786271533233741
2026-09-30T13:49:17.091 -0.0021260051832716377,-0.016377356593984985,5.167491202368423e-06,0.0003269490438696017,-5.669405356919705e-05,0.2002176159239638,0.9797513950813396
2026-09-30T13:49:17.171 -0.00236203793930275,-0.0164764820899216,5.600307371103874e-06,0.0003182283375823813,-5.674445350347093e-05,0.1947836215592493,0.9808461838040944
2026-09-30T13:49:17.206 -0.002600454910413676,-0.016573044616150185,6.03689277097981e-06,0.0003090377581036235,-5.6202146770372076e-05,0.1893411039124343,0.9819113237488422
2026-09-30T13:49:17.285 -0.0028379184288553827,-0.016665196386678037,6.367661591290921e-06,0.00030024370040070375,-5.614283867260872e-05,0.18389067324547462,0.9829466552133072
2026-09-30T13:49:17.321 -0.003074905095883414,-0.016754785151471857,6.727478347448999e-06,0.00029121019104934597,-5.6083554968777955e-05,0.17843274729303402,0.983952065267775
2026-09-30T13:49:17.403 -0.003314752721062586,-0.016841751347905366,7.151422825342588e-06,0.00028216960253209754,-5.5923638475408644e-05,0.17296707255165109,0.984927565390356
2026-09-30T13:49:17.438 -0.003555077354183555,-0.01692633336456787,7.4867139879289e-06,0.00027311140535755664,-5.552992679855464e-05,0.1674940811627343,0.9858730420809968
2026-09-30T13:49:17.518 -0.0037920641999564827,-0.01700733906052292,7.80182591249063e-06,0.0002642520142162505,-5.56450859944731e-05,0.1620144137045084,0.9867883546265034
2026-09-30T13:49:17.554 -0.004030481426514953,-0.0170854837515201,8.223507157280431e-06,0.0002551037504526202,-5.539168791728853e-05,0.15652893482901697,0.9876733389208857
2026-09-30T13:49:17.639 -0.004271282938834183,-0.01716106547281746,8.604254205506243e-06,0.00024608492380129987,-5.555670353616664e-05,0.15103680974105282,0.988528107065706
2026-09-30T13:49:17.684 -0.004511607583683863,-0.01723348814193035,9.02895023465469e-06,0.00023699612471375653,-5.511996707459754e-05,0.1455392902947372,0.9893524426487915
2026-09-30T13:49:17.754 -0.0047533628426709015,-0.017303228620047024,9.411204187597369e-06,0.00022824460330191294,-5.5640921964633845e-05,0.14003563111053877,0.9901464370627013
2026-09-30T13:49:17.786 -0.0049955950564755545,-0.017371061755545397,9.734607188363077e-06,0.0002191667368142416,-5.510183181926318e-05,0.1345266373749938,0.9909099518958857
2026-09-30T13:49:17.861 -0.005235919829197281,-0.017435199379037897,1.014440071979774e-05,0.0002100631021629796,-5.4984007564195934e-05,0.12901291979779042,0.9916428890359175
2026-09-30T13:49:17.893 -0.0054791056049394455,-0.017496893248109862,1.0588519717079342e-05,0.0002010326249578554,-5.5029009036501126e-05,0.12349405361773984,0.9923452903494583
2026-09-30T13:49:17.975 -0.005721814811991711,-0.01755602411148061,1.0882872939390005e-05,0.00019192166564901815,-5.479427717445438e-05,0.11797097027829899,0.993017024192062
2026-09-30T13:49:18.011 -0.005964047033772854,-0.017611995922653216,1.1295680855464096e-05,0.00018298288085789714,-5.537427638708577e-05,0.11244306608298528,0.9936581506437776
2026-09-30T13:49:18.083 -0.006207232983757251,-0.01766546435075503,1.1695095079644845e-05,0.000173983321156031,-5.545549603691002e-05,0.10691119803217032,0.9942685564724543
2026-09-30T13:49:18.114 -0.006450895871752944,-0.017716488994432875,1.2050559406473543e-05,0.00016494316502189534,-5.554544505007017e-05,0.10137450184281585,0.9948483201395963
2026-09-30T13:49:18.197 -0.006695035612524004,-0.017764354597938563,1.2421678289231836e-05,0.00015570306437709711,-5.516708434055502e-05,0.09583508615437611,0.9953972116572016
2026-09-30T13:49:18.231 -0.0069386984562616475,-0.01780953798641521,1.2851647373474917e-05,0.00014681015751413578,-5.57555269296263e-05,0.09029160197972985,0.9959153588282655
2026-09-30T13:49:18.312 -0.007182361427260088,-0.017852098770532888,1.32220114584784e-05,0.00013760153682285226,-5.5508320755609307e-05,0.08474514507776179,0.9964026487170698
2026-09-30T13:49:18.344 -0.007427931709097033,-0.01789185816035183,1.364009423325821e-05,0.0001285248125523566,-5.559469859595364e-05,0.07919578214989938,0.9968590715242891
2026-09-30T13:49:18.423 -0.00767302523526245,-0.01792893533515813,1.4027620354113852e-05,0.00011954280943927616,-5.620503790532074e-05,0.07364357283014121,0.9972846167124619
2026-09-30T13:49:18.457 -0.007919072521446318,-0.017962853475803908,1.4386851533266253e-05,0.00011053488714944082,-5.6474250756644116e-05,0.06808813723417508,0.9976793022613418
2026-09-30T13:49:18.543 -0.00816368930665254,-0.01799420859871154,1.4758721645554184e-05,0.00010137760182662097,-5.6679104912632175e-05,0.06252992249430003,0.9980430828891695
2026-09-30T13:49:18.579 -0.008410213348822639,-0.01802329876911791,1.5208112820498e-05,9.22470225791857e-05,-5.631933741739693e-05,0.05696942766008276,0.9983759174933566
2026-09-30T13:49:18.653 -0.008655307060940847,-0.018049349084647108,1.556583485260624e-05,8.307388272391341e-05,-5.707844494728398e-05,0.051406611808184836,0.9986778009464232
2026-09-30T13:49:18.684 -0.008901831293705597,-0.01807265760452439,1.59407193690321e-05,7.404347154225267e-05,-5.688853147248242e-05,0.04584230925692608,0.9989486843493272
2026-09-30T13:49:18.762 -0.009147878678808893,-0.018093105095443793,1.634465177255868e-05,6.49844321419824e-05,-5.723383407918966e-05,0.040276691505269704,0.9991885610948021
2026-09-30T13:49:18.793 -0.009394402912935335,-0.01811069156941489,1.6764238780761098e-05,5.5831154653323643e-05,-5.769018616282525e-05,0.03470993369371201,0.9993974254808258
2026-09-30T13:49:18.878 -0.009641404085073073,-0.018125834258962012,1.7139875891611468e-05,4.675114400279115e-05,-5.76020691379991e-05,0.029141188186119868,0.9995753026397928
2026-09-30T13:49:18.909 -0.009888405363913071,-0.018138115925568347,1.7470809106793406e-05,3.767569194253926e-05,-5.751038801578091e-05,0.023572319544855145,0.9997221319068478
2026-09-30T13:49:18.991 -0.010136836832054321,-0.018147775005774025,1.8027520821745678e-05,2.8552883246290817e-05,-5.8260960156500146e-05,0.018002206498501788,0.9998379450448851
2026-09-30T13:49:19.023 -0.010383361391994552,-0.018154453829773962,1.832789690529024e-05,1.923573512745027e-05,-5.824266393599151e-05,0.012431532753987498,0.9999227236297639
2026-09-30T13:49:19.103 -0.010629885940835472,-0.01815827163081944,1.865807480600717e-05,1.026316845683299e-05,-5.879385672708499e-05,0.006859506726620779,0.9999764715259141
2026-09-30T13:49:19.108 -0.010629885940835472,-0.01815827163081944,1.865807480600717e-05,1.026316845683299e-05,-5.879385672708499e-05,0.006859506726620779,0.9999764715259141
2026-09-30T13:49:19.141 -0.010874026149151367,-0.018159645611390336,1.910369179719195e-05,1.2072043956761163e-06,-5.897995828531284e-05,0.0012872391242939906,0.9999991697673274
2026-09-30T13:49:19.224 -0.011121027388550682,-0.018158218209674813,1.9568733053160016e-05,-8.101956302881324e-06,-5.9136362009348074e-05,-0.004284861300957799,0.9999908181582872
2026-09-30T13:49:19.313 -0.011368028876014144,-0.0181539297850349,1.9899663558050704e-05,-1.7196050377900164e-05,-5.894356343473096e-05,-0.009856650331328766,0.9999514201570985
2026-09-30T13:49:19.390 -0.011614076611574839,-0.018146541906846402,2.0303591408677946e-05,-2.6228634345457842e-05,-5.942112868783419e-05,-0.015427990242419577,0.9998809793661784
2026-09-30T13:49:19.430 -0.0118610781437684,-0.018136829459529623,2.0649422168955124e-05,-3.5422984840673416e-05,-5.946115021310381e-05,-0.02099884220788127,0.9997794976071035
2026-09-30T13:49:19.504 -0.01210617233992306,-0.018124434779181745,2.1007137912797685e-05,-4.430442985353617e-05,-5.9844531262877737e-05,-0.026505651257298337,0.9996486607339481
2026-09-30T13:49:19.537 -0.01234840557553605,-0.018109238644511846,2.134542847542755e-05,-5.3178514185483496e-05,-5.943381641826365e-05,-0.031879001910204055,0.9994917322703957
2026-09-30T13:49:19.616 -0.01258682438052058,-0.018091956299274937,2.1528675830578984e-05,-6.191316918011473e-05,-5.891724749088005e-05,-0.037192908365570924,0.999308100769141
2026-09-30T13:49:19.650 -0.01282142814305892,-0.018072528138755165,2.194430967527488e-05,-7.078096993988446e-05,-5.929813994292048e-05,-0.042554420406093085,0.999094146103202
2026-09-30T13:49:19.732 -0.013061753769071907,-0.01805017942265809,2.2503100486230673e-05,-7.96946804861305e-05,-5.9567588995517744e-05,-0.04797776127286887,0.9988483991696157
2026-09-30T13:49:19.767 -0.013301602922137144,-0.018025148491581187,2.2852520932444392e-05,-8.881335942474515e-05,-6.03974339242748e-05,-0.053443753039678236,0.9985708556358788
2026-09-30T13:49:19.841 -0.013541928947035395,-0.017997316148203484,2.3202694850515043e-05,-9.774087269108705e-05,-6.0650479886864496e-05,-0.0589389886954016,0.9982615801380941
2026-09-30T13:49:19.876 -0.013784162262213611,-0.01796644399194523,2.3615488561933182e-05,-0.00010684245064707175,-6.0729617230831164e-05,-0.06445260500017944,0.9979207616866658
2026-09-30T13:49:19.957 -0.01402544194479152,-0.017932353172862518,2.402677388674859e-05,-0.0001160175164660989,-6.1022277810314513e-05,-0.0699791146788572,0.9975484481091537
2026-09-30T13:49:19.987 -0.014266244858189909,-0.017896653022373043,2.4407502733126313e-05,-0.00012486845832340748,-6.0885302388974494e-05,-0.07545072888635049,0.9971495214918205
2026-09-30T13:49:20.063 -0.014504186757172001,-0.017858687859359013,2.4798608771170893e-05,-0.00013334674687013785,-6.03012969455251e-05,-0.0807722217065576,0.9967325753596024
2026-09-30T13:49:20.098 -0.014735930038962699,-0.01781893447898472,2.50309020001251e-05,-0.00014172957773616728,-5.957910727106762e-05,-0.08587764030945737,0.9963056796274606
2026-09-30T13:49:20.178 -0.014962905059879442,-0.01777834657356035,2.5196051221600787e-05,-0.0001498057979634288,-5.8500307661493035e-05,-0.09084935108267887,0.9958646341465255
2026-09-30T13:49:20.213 -0.015186541939589524,-0.017736089696022906,2.554963751298209e-05,-0.00015780933394929874,-5.815775135467169e-05,-0.09583829527959668,0.9953969021811304
2026-09-30T13:49:20.300 -0.01540827124090356,-0.017691687027229955,2.6064120301353612e-05,-0.00016639109002813978,-5.908425261163221e-05,-0.10095194711477352,0.9948912871247754
2026-09-30T13:49:20.333 -0.015633338697089598,-0.01764412535431819,2.641996751526666e-05,-0.0001747923286199199,-5.9384946445889514e-05,-0.10613243848419589,0.9943519856783454
2026-09-30T13:49:20.404 -0.015860790391915763,-0.01759400071170113,2.6764682817752037e-05,-0.00018362054425579764,-5.954520933922967e-05,-0.11137464290981985,0.9937784721227231
2026-09-30T13:49:20.441 -0.016090626335888276,-0.017540478634351986,2.7098266072320254e-05,-0.00019261524374410475,-6.004207154532414e-05,-0.11670526351302156,0.9931665725157456
2026-09-30T13:49:20.520 -0.016320462034659217,-0.0174839763247315,2.761066255024392e-05,-0.00020131290994148535,-6.048757164889121e-05,-0.12203211453576651,0.9925261300521491
2026-09-30T13:49:20.553 -0.01654791400097065,-0.017425387822576143,2.785106847035881e-05,-0.00020958792705664948,-6.0169240965848904e-05,-0.12724418230211362,0.9918713981776215
2026-09-30T13:49:20.626 -0.0167701207404912,-0.017365011115034554,2.811298315234451e-05,-0.00021745352527030308,-5.8705746930147346e-05,-0.13226444259941061,0.9912144402153688
2026-09-30T13:49:20.661 -0.016985651700462585,-0.017304395904857772,2.8409046202034737e-05,-0.00022543388763325727,-5.751394110234081e-05,-0.13703928055338097,0.9905655866509399
2026-09-30T13:49:20.739 -0.01719259971336295,-0.017244317028436002,2.8617032885337906e-05,-0.0002326950466382568,-5.5950829125326384e-05,-0.14153351511667514,0.9899334355507131
2026-09-30T13:49:20.776 -0.017388580635997797,-0.0171853705022053,2.8703371364251985e-05,-0.00023935299635227339,-5.505156548649903e-05,-0.14578636607812742,0.9893160643319214
2026-09-30T13:49:20.855 -0.0175759783175812,-0.017127854379368358,2.888044733383564e-05,-0.0002459257479656149,-5.413552073324863e-05,-0.14987056566840104,0.9887055932562056
2026-09-30T13:49:20.887 -0.017756700237922637,-0.017070516986412352,2.907677059680041e-05,-0.00025235096617389315,-5.345012018381084e-05,-0.15390518925653093,0.9880855864660641
2026-09-30T13:49:20.966 -0.01793885252433728,-0.01701335842538452,2.9364762534636798e-05,-0.00025937136383383897,-5.340050683771683e-05,-0.15802102391598782,0.98743571227469
2026-09-30T13:49:21.004 -0.0181205277237351,-0.01695363685859532,2.9830813834001743e-05,-0.00026593443774784205,-5.3846932235267205e-05,-0.1621731583252681,0.9867622779059758
2026-09-30T13:49:21.081 -0.018297434891562013,-0.016891709859950928,3.0095610618542013e-05,-0.0002723307605767192,-5.3523965758970674e-05,-0.16623315897314014,0.9860864362868768
2026-09-30T13:49:21.124 -0.018472911799110186,-0.01683055770370836,3.019423317135785e-05,-0.00027868383510412946,-5.2929823684558915e-05,-0.17011540356273847,0.9854241061616265
2026-09-30T13:49:21.193 -0.018641712615571977,-0.016769584277308448,3.052071901350902e-05,-0.0002843296462862848,-5.188109366644162e-05,-0.17378271415550725,0.9847839787109403
2026-09-30T13:49:21.224 -0.018801453855190352,-0.016709564411198127,3.062426434433281e-05,-0.0002900581916594538,-5.129528822868831e-05,-0.17727101686303598,0.9841620292489363
2026-09-30T13:49:21.305 -0.018955472860372597,-0.0166519882634632,3.082307091199325e-05,-0.00029553925438208125,-5.087120079093812e-05,-0.1806378305008679,0.9835496348739141
2026-09-30T13:49:21.338 -0.01915193057833146,-0.01657760414021298,3.105917222160504e-05,-0.00030130416406729996,-5.162108984853893e-05,-0.18389965025092656,0.9829449756668227
2026-09-30T13:49:21.411 -0.019299750733267042,-0.016519908705146757,3.123327653626751e-05,-0.000305763350897736,-4.999638777192913e-05,-0.18712043324398867,0.9823369317457816
2026-09-30T13:49:21.444 -0.01949096318436494,-0.016445047678692527,3.150578796480174e-05,-0.00031142914853600365,-5.156379807886654e-05,-0.19034960471838697,0.981716317648135
2026-09-30T13:49:21.520 -0.019644028310837513,-0.016385087333132587,3.185209770803052e-05,-0.00031652545376014134,-4.976889100012757e-05,-0.19373264634244303,0.9810543099522312
2026-09-30T13:49:21.555 -0.019829995442700706,-0.01631016663598227,3.219082160886827e-05,-0.00032279009965455874,-5.165258503155501e-05,-0.19731098204579953,0.9803408945375502
2026-09-30T13:49:21.635 -0.019999273224801033,-0.016238941216685232,3.251805970422024e-05,-0.00032890534398057254,-5.055501588325789e-05,-0.2011502526053646,0.9795603427774437
2026-09-30T13:49:21.668 -0.02017379629372777,-0.016164735631192768,3.2823788257761466e-05,-0.0003363479686573687,-5.154297765057962e-05,-0.20527623592452582,0.978704016124397
2026-09-30T13:49:21.742 -0.02035499503476913,-0.016084331246678397,3.321457653122454e-05,-0.0003441895596272164,-5.2596215983981706e-05,-0.20970732082500498,0.977764142500421
2026-09-30T13:49:21.775 -0.020546683990805482,-0.015998383762245563,3.378586292783326e-05,-0.000352139057956045,-5.4396569756127835e-05,-0.21442780171398787,0.976739776445704
2026-09-30T13:49:21.852 -0.020745525685572086,-0.01590480697334435,3.4308852457340046e-05,-0.00036027534130294214,-5.522640492369353e-05,-0.21936734495499935,0.975642268005603
2026-09-30T13:49:21.884 -0.020950089602174624,-0.015806044652402824,3.4766382586681044e-05,-0.0003684588777042838,-5.567102466484798e-05,-0.22445539355819885,0.9744842930706613
2026-09-30T13:49:21.973 -0.021158945206615903,-0.015702156386052758,3.517109267795873e-05,-0.0003771906466359796,-5.595079147377501e-05,-0.22964278812437133,0.9732749069297894
2026-09-30T13:49:22.004 -0.02137256923296193,-0.015593797831379114,3.558334133875913e-05,-0.00038582584047287474,-5.543336566519386e-05,-0.23489595679680791,0.9720204409095906
2026-09-30T13:49:22.079 -0.02158523979688295,-0.015481803381386753,3.588977354673495e-05,-0.0003944912586601258,-5.584476788103391e-05,-0.24019287552550614,0.9707251020782338
2026-09-30T13:49:22.111 -0.021798387095777777,-0.015366649891208563,3.628636602348116e-05,-0.0004031296687573566,-5.587086291365033e-05,-0.24551764479205831,0.9693920365160205
2026-09-30T13:49:22.189 -0.02201391851100849,-0.015249291059180034,3.6746332360135985e-05,-0.00041180077742196966,-5.517123489537809e-05,-0.25085968470815256,0.9680233705672509
2026-09-30T13:49:22.220 -0.022227066118299537,-0.015128355918486429,3.699391246552344e-05,-0.0004209216789778961,-5.5031651310098264e-05,-0.2562103969596554,0.9666209455035791
2026-09-30T13:49:22.302 -0.022440213643059884,-0.015004619359474934,3.7315997825536984e-05,-0.00042920314476185443,-5.473754051248102e-05,-0.2615647757673985,0.9651858271163191
2026-09-30T13:49:22.336 -0.022650023386772293,-0.014878677386588436,3.760300302919051e-05,-0.00043829310987442333,-5.4819832724462876e-05,-0.2669200184057966,0.9637185837515976
2026-09-30T13:49:22.416 -0.022860309863957602,-0.014749695582805655,3.798016852111293e-05,-0.00044693334771382805,-5.432460459681954e-05,-0.2722719237343867,0.9622202434190399
2026-09-30T13:49:22.449 -0.02306916594520929,-0.014619164040259503,3.829546739906732e-05,-0.0004557202843057786,-5.400696131740821e-05,-0.277620103851146,0.9606908281751989
2026-09-30T13:49:22.526 -0.023275160834068376,-0.014485533020140141,3.874035247274434e-05,-0.0004641610206041943,-5.3706480935883644e-05,-0.2829618173266848,0.9591310607030411
2026-09-30T13:49:22.563 -0.023481633009840817,-0.014349815843506438,3.891777056904243e-05,-0.000473078593996013,-5.36933997164297e-05,-0.28829691449863815,0.9575409455497074
2026-09-30T13:49:22.646 -0.023686674328979557,-0.0142117144630279,3.933134476624618e-05,-0.00048154728245088476,-5.336409622295804e-05,-0.2936245020274657,0.9559207169392296
2026-09-30T13:49:22.677 -0.023890285280998097,-0.014071646111275331,3.9668151138669e-05,-0.0004902213434851693,-5.3315444889522385e-05,-0.29894484761757917,0.9542702630405079
2026-09-30T13:49:22.757 -0.024091988926541602,-0.01392841868933623,4.000194127409505e-05,-0.0004988155752505381,-5.263035100648292e-05,-0.3042550308603709,0.9525904810616275
2026-09-30T13:49:22.799 -0.024292262416257288,-0.013783283900792476,4.012485331137599e-05,-0.0005076634478188179,-5.244747333502966e-05,-0.3095566608212334,0.950880861763604
2026-09-30T13:49:22.867 -0.024489674256178633,-0.013635824495005585,4.066047337991482e-05,-0.0005160712414352651,-5.252682499761552e-05,-0.314848843976904,0.9491416840271075
2026-09-30T13:49:22.900 -0.024685656013204438,-0.01348627890868793,4.094051189335632e-05,-0.0005247541974190681,-5.229456793370945e-05,-0.3201318181811857,0.9473728626503499
2026-09-30T13:49:22.983 -0.02488259125232413,-0.013335064404298934,4.135616827707556e-05,-0.0005332561277403893,-5.222855991270706e-05,-0.32540558379475215,0.9455743857282072
2026-09-30T13:49:23.020 -0.02507475837163521,-0.013181167630885645,4.1630174638248754e-05,-0.0005418639423568436,-5.198725996507126e-05,-0.33066888889022034,0.9437466766038967
2026-09-30T13:49:23.098 -0.025266925676880925,-0.013025601927437912,4.1799872728465854e-05,-0.0005505537005068707,-5.170803469993642e-05,-0.3359228957800169,0.9418893259336099
2026-09-30T13:49:23.133 -0.02545527810910532,-0.01286753278085783,4.209764925175481e-05,-0.0005591365682881671,-5.162686774110304e-05,-0.341165458840745,0.9400030927581826
2026-09-30T13:49:23.207 -0.025642200007786418,-0.012707615872274125,4.242296596773845e-05,-0.000567553608661093,-5.130663693928449e-05,-0.34639803843657047,0.9380874555273759
2026-09-30T13:49:23.244 -0.025830075624164554,-0.012546030045646419,4.2734889128318234e-05,-0.0005761053885225659,-5.145647957713618e-05,-0.35162006808426116,0.9361426136947466
2026-09-30T13:49:23.326 -0.026013659628202252,-0.012381702351314793,4.31145321826286e-05,-0.0005848594627818579,-5.1061718214145774e-05,-0.3568303556343984,0.93416901716442
2026-09-30T13:49:23.364 -0.026196290382904785,-0.012215526901034909,4.3239347650910254e-05,-0.0005933100234115573,-5.114081311683312e-05,-0.3620294677323585,0.9321664603820814
2026-09-30T13:49:23.439 -0.026376059855022227,-0.012047801693937647,4.3538452996099516e-05,-0.0006018810662846358,-5.113327712164817e-05,-0.3672174338454032,0.9301349318268651
2026-09-30T13:49:23.475 -0.02655630593830834,-0.011877394283799057,4.400222440089394e-05,-0.000609910723443865,-5.067255230541984e-05,-0.37239374785590607,0.9280746316967369
2026-09-30T13:49:23.552 -0.026734645242748212,-0.011704960291787456,4.412025347485969e-05,-0.000618659844550301,-5.0624210274130256e-05,-0.37755909422239475,0.9259852833966374
2026-09-30T13:49:23.586 -0.026910600060048067,-0.011530499711798264,4.4443128562947e-05,-0.0006271569465650987,-5.081935015236981e-05,-0.38271323529369755,0.9238669729038858
2026-09-30T13:49:23.674 -0.027084647519546135,-0.01135508543347632,4.477788891732792e-05,-0.0006354056738929945,-5.09007686898887e-05,-0.3878559326477522,0.9217197888613891
2026-09-30T13:49:23.707 -0.02725726456705471,-0.011177525369940568,4.5065683702816465e-05,-0.000643993777435102,-5.091839079447983e-05,-0.39298590431626235,0.9195442684765436
2026-09-30T13:49:23.780 -0.027426067019763068,-0.010997819491173897,4.530274326905447e-05,-0.0006525008929205402,-5.1075427902766654e-05,-0.3981028824097356,0.9173405401762998
2026-09-30T13:49:23.811 -0.02759296219135414,-0.01081668307692451,4.550698459588761e-05,-0.0006606689900364505,-5.067980723614444e-05,-0.40320776120456087,0.9151082243387656
2026-09-30T13:49:23.896 -0.027756042600221017,-0.010633639266004151,4.57647987404443e-05,-0.0006691935778578161,-5.10146896140798e-05,-0.4083003613363392,0.9128473938781179
2026-09-30T13:49:23.927 -0.027918646226103835,-0.010448211263292274,4.600695742239123e-05,-0.0006777771051845716,-5.056309225718428e-05,-0.41338023600421875,0.9105582455519613
2026-09-30T13:49:24.009 -0.028078865520763503,-0.010261471928359196,4.63496542374736e-05,-0.0006861434392986748,-5.0778407163827e-05,-0.4184481602892465,0.9082404217933042
2026-09-30T13:49:24.042 -0.028236701112824076,-0.010074017307726437,4.6390558433843595e-05,-0.0006946411582277498,-5.069136417872187e-05,-0.423504044508802,0.9058939447798144
2026-09-30T13:49:24.123 -0.028392151777603087,-0.00988394005261644,4.6919430255637666e-05,-0.0007025101243270633,-5.112099938991855e-05,-0.42854559447748264,0.9035198820834601
2026-09-30T13:49:24.156 -0.02854760312758601,-0.00969183623966079,4.703106975404884e-05,-0.0007111886485826906,-5.1117380510650283e-05,-0.43357388194536106,0.9011177395282759
2026-09-30T13:49:24.233 -0.028698762840917744,-0.009497050163643259,4.722533029850799e-05,-0.0007195130888775529,-5.080338024003557e-05,-0.43858777534027654,0.8986880677087009
2026-09-30T13:49:24.265 -0.028847538395749515,-0.009302204452966579,4.740092004029153e-05,-0.0007277410123946684,-5.0852252579813923e-05,-0.4435891520111869,0.8962299548804779
2026-09-30T13:49:24.349 -0.028995360139550785,-0.009105212963052172,4.767930956893595e-05,-0.0007359774455883325,-5.112319279283851e-05,-0.4485761939272531,0.893744288913422
2026-09-30T13:49:24.382 -0.02914079754837669,-0.00890720816414042,4.805823727946204e-05,-0.0007437429773620308,-5.140828174273388e-05,-0.45354970613296147,0.8912306706292578
2026-09-30T13:49:24.464 -0.02928385101194981,-0.008707176777313958,4.829928472504203e-05,-0.0007522338438975644,-5.1530042740273746e-05,-0.45850873400499376,0.8886895815356658
2026-09-30T13:49:24.507 -0.02942452055157913,-0.008505297616509833,4.838755079235552e-05,-0.0007606263619008497,-5.1279866929467126e-05,-0.46345476831597826,0.8861202494825946
2026-09-30T13:49:24.575 -0.02956375938899073,-0.0083018687169068,4.860766509908704e-05,-0.000768914594045167,-5.119852221988241e-05,-0.46838616993702725,0.8835235152279654
2026-09-30T13:49:24.608 -0.029700614198461494,-0.008097366903697188,4.873460272456493e-05,-0.0007768793960593441,-5.1564201260141456e-05,-0.47330344568269117,0.8808991100599597
2026-09-30T13:49:24.686 -0.029833654034666122,-0.007890838484502456,4.904922343138129e-05,-0.0007850294605174977,-5.13879578520035e-05,-0.4782044791781727,0.8782481751657424
2026-09-30T13:49:24.718 -0.02996383286875811,-0.007682939122457467,4.93593203335351e-05,-0.0007933119659631866,-5.147428124651935e-05,-0.48309013473558177,0.8755702654428601
2026-09-30T13:49:24.798 -0.03009210494306151,-0.007473370806410824,4.9308773820787554e-05,-0.0008015096869900391,-5.123928650784168e-05,-0.48796175363628014,0.8728646412502705
2026-09-30T13:49:24.830 -0.030219422815861378,-0.007262729594688585,4.9599445551477885e-05,-0.0008096948086309254,-5.1088566137784963e-05,-0.4928175774794704,0.8701322756406301
2026-09-30T13:49:24.918 -0.030341495405744403,-0.007051015433311894,4.994142844616635e-05,-0.0008173998007944621,-5.15633408535019e-05,-0.4976582622882983,0.8673728051852785
2026-09-30T13:49:24.955 -0.030465952577166062,-0.006837572767297709,5.004876242739425e-05,-0.0008253503073122831,-5.1413642440579193e-05,-0.5024851187966394,0.8645854622542729
2026-09-30T13:49:25.035 -0.03058516428919547,-0.006622103477290871,5.032661655717754e-05,-0.0008335370678359019,-5.1638323402480545e-05,-0.5072955243970593,0.8617717525401681
2026-09-30T13:49:25.067 -0.03070294569277851,-0.006405620890334536,5.048299959046341e-05,-0.0008413468597134532,-5.143983893003691e-05,-0.5120903140427218,0.8589311961694204
2026-09-30T13:49:25.142 -0.03081691248505157,-0.006188303790332237,5.058864761898221e-05,-0.0008495563864392131,-5.162351410000364e-05,-0.5168684738364346,0.8560643996469857
2026-09-30T13:49:25.177 -0.030930879167777942,-0.0059703310392237915,5.0768801253100055e-05,-0.0008571816162138508,-5.124376607941013e-05,-0.5216311370490755,0.853170686014611
2026-09-30T13:49:25.256 -0.03104007766781574,-0.005750927716625767,5.083710735454241e-05,-0.0008656669132507471,-5.137216418197662e-05,-0.5263766336017219,0.8502510732600194
2026-09-30T13:49:25.290 -0.031147368455896593,-0.00553063030029875,5.114081587055002e-05,-0.0008728846350167338,-5.144906137162965e-05,-0.531107230162446,0.8473041635059884
2026-09-30T13:49:25.378 -0.03125418270965063,-0.005308783157237082,5.126495649218761e-05,-0.000880855378244839,-5.137883875556052e-05,-0.5358217330360654,0.8443306768442356
2026-09-30T13:49:25.409 -0.031357182131500405,-0.005084909408206696,5.148737333975471e-05,-0.0008884641755447973,-5.122868351140189e-05,-0.5405190106108974,0.8413313301994925
2026-09-30T13:49:25.492 -0.031457797425164545,-0.004860439582716962,5.167621815433482e-05,-0.00089626747637983,-5.123079328488267e-05,-0.5451993604714828,0.8383059414208532
2026-09-30T13:49:25.529 -0.0315541212017765,-0.004635016028880098,5.185827744228218e-05,-0.0009037474601112865,-5.1156316405513866e-05,-0.5498630810517465,0.8352543161934814
2026-09-30T13:49:25.606 -0.03164996828514298,-0.004407565911131279,5.196507675584264e-05,-0.0009116556822385268,-5.083985791434842e-05,-0.5545098737330507,0.8321766436471179
2026-09-30T13:49:25.636 -0.031742954386955353,-0.004178983269114018,5.205245116116937e-05,-0.0009193171025332383,-5.0689925505627515e-05,-0.5591393218146321,0.8290732000778156
2026-09-30T13:49:25.714 -0.03183260238117371,-0.003949804538595024,5.2298460526751885e-05,-0.000926603177249656,-5.074733798847084e-05,-0.5637513657931805,0.8259440273999099
2026-09-30T13:49:25.756 -0.03192177379619595,-0.0037188972674015975,5.239470425385295e-05,-0.0009344501317821238,-5.030967599083406e-05,-0.5683448128301778,0.8227899476785785
2026-09-30T13:49:25.831 -0.03200665366610302,-0.003487393895726931,5.249906365538492e-05,-0.0009419912365132344,-4.987774129546739e-05,-0.5729209153140541,0.8196101115533092
2026-09-30T13:49:25.868 -0.032088672453460726,-0.003255294441575824,5.264360280669904e-05,-0.0009494710632282996,-5.005285659568388e-05,-0.5774791962120406,0.8164048468386914
2026-09-30T13:49:25.947 -0.032168783815337484,-0.003022002870504679,5.284473061301425e-05,-0.0009566615683294922,-4.953016268912261e-05,-0.5820195364946711,0.8131742380842713
2026-09-30T13:49:25.980 -0.03224794168552193,-0.0027873999852608736,5.29400423467256e-05,-0.0009640230174500019,-4.951132043018572e-05,-0.5865424722424056,0.8099178948905981
2026-09-30T13:49:26.059 -0.032321854411900094,-0.0025519029643133327,5.299725841827385e-05,-0.0009718530881068215,-4.9096885089758604e-05,-0.5910460958620845,0.8066371958056849
2026-09-30T13:49:26.091 -0.03239385968248299,-0.002315750268245957,5.3125964375134596e-05,-0.0009789165980886565,-4.883620975597444e-05,-0.5955316004287987,0.803331284233368
2026-09-30T13:49:26.165 -0.032462527148754194,-0.0020792399022914695,5.321959047786206e-05,-0.000986164112610446,-4.8713885750676234e-05,-0.5999987467713505,0.8000003306125
2026-09-30T13:49:26.206 -0.032530717866404386,-0.001841358623512037,5.3267758998580684e-05,-0.0009936311845876876,-4.805279512488763e-05,-0.6044467003924514,0.7966449628113368
2026-09-30T13:49:26.278 -0.0325464542672397,-0.0017707869222055618,5.335223171810647e-05,-0.0010013739071987801,-4.8925312956586966e-05,-0.6088652091958552,0.7932730626256632
2026-09-30T13:49:26.312 -0.03247206440666962,-0.00203179472511426,5.327936474659703e-05,-0.0010113668228786982,-5.348321510987299e-05,-0.6132377014412158,0.7898977755430062
2026-09-30T13:49:26.386 -0.032293241907136484,-0.002718616795506954,5.308616016573866e-05,-0.001017574224010198,-5.327163827709967e-05,-0.6175585790301773,0.7865242292333146
2026-09-30T13:49:26.420 -0.03200998644111378,-0.0038741088729983587,5.263851470212804e-05,-0.0010178900124836992,-4.627380290370801e-05,-0.6218214062865443,0.7831584133765546
2026-09-30T13:49:26.493 -0.03162611210798758,-0.005524795072508724,5.210637670300388e-05,-0.001017678920656108,-3.881225904799315e-05,-0.6260260001471688,0.7798015195951852
2026-09-30T13:49:26.524 -0.03114829451531615,-0.0076789605237090825,5.150030254451475e-05,-0.0010165419048811719,-3.114721446594693e-05,-0.6301779637877948,0.7764500625466364
2026-09-30T13:49:26.603 -0.030622309186860062,-0.010419635073123563,5.072877052599232e-05,-0.001016957394596978,-2.4285986376864165e-05,-0.6343977568902126,0.7730061133396781
2026-09-30T13:49:26.640 -0.029995703095000804,-0.013768692964921817,5.0170787337143584e-05,-0.0010123359793843243,-9.748374584387682e-06,-0.6387256180372888,0.7694339217526853
2026-09-30T13:49:26.718 -0.02930757823084603,-0.017673503790136717,4.942623121564309e-05,-0.0010117082855800588,-7.504909503457406e-09,-0.643128101718655,0.765757939055224
2026-09-30T13:49:26.753 -0.028577961556828686,-0.02213472345198532,4.863107532971857e-05,-0.0010102529435510933,1.02279098300781e-05,-0.6476235700984505,0.7619597697630218
2026-09-30T13:49:26.828 -0.02782020391218357,-0.027151994490626483,4.8178958227084376e-05,-0.0010096866840129575,1.888293819408781e-05,-0.6522259694080933,0.7580239211304005
2026-09-30T13:49:26.861 -0.027051949055717246,-0.03272305215177574,4.7606037245170474e-05,-0.001009473830026439,2.673875441520164e-05,-0.6569443600555632,0.7539383847761115
2026-09-30T13:49:26.942 -0.026289409545360538,-0.038838777128899556,4.693794451477749e-05,-0.001010436829427772,3.360136876406086e-05,-0.6617783241848871,0.7496988912406128
2026-09-30T13:49:26.977 -0.025552612077647068,-0.04549100383774518,4.654907004233482e-05,-0.0010128949110667009,3.833332205059205e-05,-0.6667304245892554,0.7452982715004021
2026-09-30T13:49:27.060 -0.024855385376441646,-0.0526747256622976,4.620795755732438e-05,-0.0010168816910800735,4.2022251537032114e-05,-0.6717960120848919,0.7407355009263379
2026-09-30T13:49:27.093 -0.024219663988141057,-0.06038481687926394,4.594928700460615e-05,-0.001022219338516804,4.426689946225934e-05,-0.6769761597362344,0.7360042338579623
2026-09-30T13:49:27.166 -0.023660706478352854,-0.06861692654165538,4.596109600302715e-05,-0.001028799627404289,4.5094066141702425e-05,-0.6822680662291282,0.7311013782929273
2026-09-30T13:49:27.197 -0.023198063596930007,-0.07736706138445909,4.602097560866624e-05,-0.001036227910070187,4.555006231194578e-05,-0.687667917191717,0.7260246275589527
2026-09-30T13:49:27.274 -0.022851285331243996,-0.08663003604967656,4.639825438736648e-05,-0.0010445288670487053,4.4761649136278476e-05,-0.6931736860719938,0.7207698300381374
2026-09-30T13:49:27.307 -0.022638015135178987,-0.09639786373708165,4.686750702172048e-05,-0.0010530716973420635,4.378623879707079e-05,-0.6987830488126582,0.7153328874131623
2026-09-30T13:49:27.387 -0.0225801870809237,-0.10666565714190583,4.776143634694837e-05,-0.0010632832144618516,4.167877584420557e-05,-0.704497673268482,0.7097054995214429
2026-09-30T13:49:27.419 -0.022698305596115406,-0.11742531029064852,4.888894289171041e-05,-0.0010742235055273828,3.934388044201001e-05,-0.7103152952358868,0.703882821107231
2026-09-30T13:49:27.498 -0.0230100131454016,-0.1286706841269593,5.0635548486120406e-05,-0.0010848944384158137,3.685909912341685e-05,-0.7162338889792911,0.6978594686060116
2026-09-30T13:49:27.532 -0.023539152384974293,-0.1403902752546479,5.2606814617678656e-05,-0.0010956369709015819,3.4301269411895444e-05,-0.7222532754633153,0.6916277933148461
2026-09-30T13:49:27.610 -0.02430289109389744,-0.15245575508965162,5.4800059493694514e-05,-0.001107522975475814,3.144052761522564e-05,-0.7283208822281749,0.6852353354247903
2026-09-30T13:49:27.644 -0.02529312560885442,-0.16475375549568977,5.64871929166067e-05,-0.0011185873952026604,2.9184245573143035e-05,-0.7343462303688194,0.6787741611564366
2026-09-30T13:49:27.724 -0.026517008177706324,-0.1772014857110714,5.8528875422167834e-05,-0.001129034363497876,2.687622546723744e-05,-0.7402865828892115,0.6722904876266577
2026-09-30T13:49:27.755 -0.027967864547041033,-0.18973737405377977,6.0482408783924037e-05,-0.0011391244386408225,2.511081654509862e-05,-0.7461172630685027,0.6658135861606663
2026-09-30T13:49:27.833 -0.029644740370313515,-0.2023232139343761,6.307643487830313e-05,-0.0011508477264936003,2.23666895358932e-05,-0.751831593543493,0.6593541764477523
2026-09-30T13:49:27.872 -0.03154382187152467,-0.2149348654237719,6.591748860951399e-05,-0.0011611791956442886,2.064219359450163e-05,-0.7574277289252314,0.6529179785332471
2026-09-30T13:49:27.942 -0.03366034084835335,-0.22755748690538244,6.90129293918453e-05,-0.001172326121244168,1.8453969460784644e-05,-0.7629120451913071,0.6465012270776704
2026-09-30T13:49:27.978 -0.03599382031854835,-0.24017832297918776,7.255571606227225e-05,-0.0011823334434799306,1.679520966018055e-05,-0.7682885374082223,0.6401025895063102
2026-09-30T13:49:28.054 -0.03853853836134102,-0.2527842605512918,7.656660160023663e-05,-0.0011931131057789928,1.380510800700945e-05,-0.7735695423037378,0.6337102962004969
2026-09-30T13:49:28.090 -0.041296403048114744,-0.2653663589490637,8.066117055686553e-05,-0.0012029673081770415,1.245386045843506e-05,-0.7787616773732429,0.6273187408083472
2026-09-30T13:49:28.166 -0.04426407561699714,-0.27791984975878575,8.544509148701202e-05,-0.001213747762355262,1.0142688551663632e-05,-0.7838719149395071,0.6209213699676999
2026-09-30T13:49:28.202 -0.04743964984244321,-0.29043805723635036,9.02596973054747e-05,-0.0012227187829971166,9.186181177628213e-06,-0.7889027009646519,0.6145169104956097
2026-09-30T13:49:28.281 -0.05081883333657694,-0.30291621295603827,9.567934642182706e-05,-0.0012326838201658099,7.027581983948119e-06,-0.7938608878138136,0.6080981592150043
2026-09-30T13:49:28.319 -0.05440210373837287,-0.31534859487803985,0.0001012428564105999,-0.00124073854122487,6.641062875687049e-06,-0.7987479679038816,0.601664478171338
2026-09-30T13:49:28.395 -0.05818850713851045,-0.32773150750233954,0.00010712753251801438,-0.00125016023685876,5.306947475550462e-06,-0.8035692434959162,0.5952099696566073
2026-09-30T13:49:28.430 -0.06217375170705676,-0.3400607784497317,0.00011355010582950072,-0.001257913576519195,5.018820915144647e-06,-0.8083244189579042,0.5887359776203693
2026-09-30T13:49:28.504 -0.06635926873255031,-0.3523306856924105,0.00012006580292230117,-0.001265588475399404,4.694563185337481e-06,-0.8130173673639224,0.5822380600994829
2026-09-30T13:49:28.540 -0.07074219685558233,-0.3645345534740919,0.0001269383196902968,-0.001274032879548081,3.318969632758547e-06,-0.8176525584287848,0.5757105787842263
2026-09-30T13:49:28.615 -0.07532205904555848,-0.3766709512772735,0.00013430101225254747,-0.0012811147667281786,3.2171597314630213e-06,-0.822228742126362,0.5691557382262827
2026-09-30T13:49:28.648 -0.08009504146686176,-0.38873731605429834,0.00014162630875937677,-0.0012878537849036254,3.539081358753937e-06,-0.826745858042241,0.5625741085671312
2026-09-30T13:49:28.736 -0.08505732856819638,-0.4007195214562082,0.00014956382573263853,-0.0012957973594206662,3.144451801101519e-06,-0.8311776190459976,0.5560054734409928
2026-09-30T13:49:28.773 -0.09020653689696408,-0.41262132254569667,0.00015761805643142802,-0.0012997499418659216,5.2096178724781515e-06,-0.8355386325116223,0.5494301631723151
2026-09-30T13:49:28.850 -0.0955493416753458,-0.4244554151961095,0.0001660081739492925,-0.001307893741970246,3.6648027785918246e-06,-0.8398547606368328,0.542809607907024
2026-09-30T13:49:28.884 -0.10107620652690148,-0.43619736138302795,0.00017468929340247068,-0.001315422288887927,3.0877424471219342e-06,-0.8440963834141874,0.5361898592492746
2026-09-30T13:49:28.963 -0.10677902526131486,-0.44783345193608,0.00018373800259282637,-0.0013209089060429817,4.069816939607703e-06,-0.848232805248969,0.5296219059693087
2026-09-30T13:49:28.999 -0.11265827510062831,-0.4593835948126963,0.00019275272785734013,-0.001324363086016655,5.893530742056264e-06,-0.8522892391368407,0.5230691148206212
2026-09-30T13:49:29.074 -0.11872587580770197,-0.47086811534672535,0.0002023185641898869,-0.00133193767308151,4.55459041894197e-06,-0.8563084171875384,0.5164630873306085
2026-09-30T13:49:29.105 -0.12498087399080994,-0.482274019713614,0.00021235949589214635,-0.0013411968806224482,2.324630499319262e-06,-0.8602983880493819,0.5097890590284955
2026-09-30T13:49:29.182 -0.131414687389465,-0.49358473771412265,0.00022248942094833365,-0.0013487134592035759,1.2554108569300632e-06,-0.8642528958872642,0.5030557751590841
2026-09-30T13:49:29.223 -0.13802159369153583,-0.5047826859059455,0.00023301221331549206,-0.0013571376703138069,2.713602521957325e-09,-0.8681440433261052,0.4963104655502901
2026-09-30T13:49:29.301 -0.14479062613902813,-0.5158557048035091,0.00024370191461717285,-0.0013613995775941504,1.3338940751689946e-06,-0.8719394686726732,0.48961179475195193
2026-09-30T13:49:29.337 -0.15172321503239358,-0.5268260269573312,0.00025451608685235635,-0.0013657361610488583,2.249315022746277e-06,-0.8756627722668832,0.4829211571525479
2026-09-30T13:49:29.416 -0.15883604939181095,-0.5377105206919961,0.0002655109226177237,-0.001373031593887459,9.057419002912836e-07,-0.8793515031901745,0.47617123875828776
2026-09-30T13:49:29.448 -0.16611959188191772,-0.5484860592851606,0.00027723758294672356,-0.0013821986148453323,-1.404913932392502e-06,-0.882989628468822,0.4693904617069963
2026-09-30T13:49:29.523 -0.17356955214319753,-0.5591495730437196,0.0002889740271233532,-0.001386810838014239,-2.9191777393576696e-07,-0.8865810275344409,0.46257124680592665
2026-09-30T13:49:29.566 -0.18118449898954753,-0.5696986479614673,0.00030116502723959783,-0.00139526707499292,-2.424108579892578e-06,-0.8901187199193636,0.4557265821444111
2026-09-30T13:49:29.630 -0.18895012838773093,-0.5801142997790373,0.000313266422298287,-0.0014002364638012904,-1.764876305274773e-06,-0.8935707033134612,0.4489203019630733
2026-09-30T13:49:29.663 -0.19687263815708983,-0.5904111615146644,0.0003258393580588144,-0.0014036536362407805,-7.801083748314514e-07,-0.8969577188510754,0.44211410331421935
2026-09-30T13:49:29.743 -0.20496299609211507,-0.6006051477466683,0.0003384243409536963,-0.0014104807899526812,-1.6380220557935285e-06,-0.9003131416457296,0.4352404594258838
2026-09-30T13:49:29.779 -0.21321643287519235,-0.6106839202534188,0.0003517141833648251,-0.0014191176996280763,-3.686170304182504e-06,-0.9036418010201573,0.4282866814884784
2026-09-30T13:49:29.855 -0.22162913490903116,-0.6206334718954741,0.000365121707000396,-0.001424760873657948,-4.2644182259554105e-06,-0.9069363097145109,0.42126535599274284
2026-09-30T13:49:29.887 -0.2301915654136279,-0.6304483189254332,0.00037870633807488604,-0.0014311960356828593,-4.929729634101765e-06,-0.9101929692121189,0.41418197745729135
2026-09-30T13:49:29.962 -0.23889847907547307,-0.6401167191622086,0.000392623694005155,-0.0014360815096119567,-4.896284807000163e-06,-0.9133858529840883,0.40709239886597437
2026-09-30T13:49:29.996 -0.24774892285695957,-0.6496443350351284,0.00040642523358019325,-0.001438620550569265,-3.2888896341166473e-06,-0.916523246820538,0.39997883493709224
2026-09-30T13:49:30.066 -0.25675338617260673,-0.6590386768614056,0.00042069378790757255,-0.0014444549933878377,-4.226348827928095e-06,-0.9196205840961661,0.392805161420438
2026-09-30T13:49:30.099 -0.2658985182908865,-0.6682821909051136,0.0004351102212227698,-0.0014489431087706503,-4.143494829118229e-06,-0.922653430215697,0.3856274734220928
2026-09-30T13:49:30.182 -0.27516858351590306,-0.677365131608695,0.0004497837625225321,-0.001450557472637433,-2.6140571798598637e-06,-0.9255975865124274,0.378506279628958
2026-09-30T13:49:30.217 -0.2845721648418117,-0.6863056784968858,0.0004646236775236929,-0.0014520270637288313,-9.663841982686041e-07,-0.9284721841931795,0.37139910446313595
2026-09-30T13:49:30.294 -0.2941173685338337,-0.6951059774389641,0.0004795980799607385,-0.0014559697753489037,-1.3924144831874962e-06,-0.9312741216803062,0.3643163329287461
2026-09-30T13:49:30.330 -0.3037822601938819,-0.7037481467653245,0.0004947616929810078,-0.0014576408381294843,-1.3406924647739447e-08,-0.9339764013483308,0.3573317184460519
2026-09-30T13:49:30.414 -0.3135573033796587,-0.7122354348090774,0.0005098908225184477,-0.0014565770810729029,2.3221278267631374e-06,-0.9365649565746716,0.3504910276941456
2026-09-30T13:49:30.446 -0.32345727930153145,-0.7205897166609073,0.0005252919656920486,-0.0014572014635325207,3.7512596495238963e-06,-0.9390659506895833,0.3437339331594889
2026-09-30T13:49:30.526 -0.3334926785173756,-0.7288156416152064,0.0005408475994407144,-0.001461553693098417,2.9815122967779992e-06,-0.9414820046878684,0.33706008173740404
2026-09-30T13:49:30.562 -0.34365205677735167,-0.7369119280280081,0.0005566588383736624,-0.0014626922075334982,4.433319662350306e-06,-0.9438258796413236,0.33043996342926474
2026-09-30T13:49:30.630 -0.353954487216552,-0.7448914805450231,0.0005728601498024476,-0.0014688398501236492,2.884693150504769e-06,-0.9461334516857378,0.32377358462728995
2026-09-30T13:49:30.664 -0.36438709549544546,-0.7527346294713845,0.0005894311743978835,-0.0014775646370874525,6.112586205901689e-07,-0.9483959607067636,0.31708503357532425
2026-09-30T13:49:30.740 -0.3749198414319818,-0.7604224201518724,0.0006061455977543778,-0.0014807100362191526,8.601860035603585e-07,-0.9505827161621454,0.3104678843791205
2026-09-30T13:49:30.772 -0.38555558628329173,-0.7679659092841564,0.0006227695269797554,-0.001481911679373663,1.8176447303121331e-06,-0.9527065303934941,0.30388825393565533
2026-09-30T13:49:30.851 -0.39631149549494515,-0.7753771968271878,0.0006396579306721925,-0.001489067870695237,2.909345864146539e-07,-0.9547943985908456,0.2972632488154857
2026-09-30T13:49:30.882 -0.4071770787479562,-0.7826401446913057,0.0006568687254433444,-0.001495797536679809,-1.2791642609821253e-06,-0.9568342854219853,0.29063019944440055
2026-09-30T13:49:30.955 -0.41812849461548146,-0.7897415948510335,0.000674215201211801,-0.001497766534590477,-6.365523217563205e-07,-0.9587999080952946,0.2840783218259667
2026-09-30T13:49:30.986 -0.4291557297723695,-0.7966828584825144,0.0006915176130922916,-0.0014992715101349472,2.1392852474866355e-07,-0.9606743350747005,0.27767350272158725
2026-09-30T13:49:31.069 -0.44027213553390293,-0.8034819065542562,0.0007087225683533798,-0.0014981210349025364,1.6237132320802004e-06,-0.9624740192695705,0.2713697069715169
2026-09-30T13:49:31.107 -0.4514872478687162,-0.8101450423774325,0.0007262772797619583,-0.0015022860615528922,7.219965324989767e-07,-0.9642031267453406,0.2651604674731454
2026-09-30T13:49:31.180 -0.4627867622690799,-0.8166647704879181,0.0007438462041959781,-0.0015028833678967745,1.5873029782745658e-06,-0.9658550482002483,0.25907868921460764
2026-09-30T13:49:31.222 -0.47417449320098404,-0.8230515962523703,0.0007614949793845906,-0.0015045887253272308,1.9931548358060526e-06,-0.9674364557533116,0.25310954207272784
2026-09-30T13:49:31.290 -0.4856528244430708,-0.8293076803691356,0.0007794657936126545,-0.0015067600197997966,1.9301618883369764e-06,-0.9689558139232892,0.24722936786468852
2026-09-30T13:49:31.321 -0.4972184183433021,-0.8354355410924587,0.0007976043583558926,-0.0015097806908384904,1.674407499838682e-06,-0.9704192617944594,0.2414211608325968
2026-09-30T13:49:31.393 -0.5088769971628152,-0.8414380991220045,0.0008157558086846281,-0.0015137952225224792,1.0640645989493882e-06,-0.9718460520186448,0.2356118833986641
2026-09-30T13:49:31.430 -0.5206285599722217,-0.8473124487312286,0.0008345310909688794,-0.0015210639871927967,-4.980785819489473e-07,-0.9732539454684448,0.22972689001117097
2026-09-30T13:49:31.506 -0.5324630942260995,-0.8530466241617222,0.0008533630284449586,-0.001529804519565521,-2.4595568625912406e-06,-0.9746447317773027,0.22375277989520564
2026-09-30T13:49:31.541 -0.5443691558938298,-0.8586331597876405,0.0008722633278551894,-0.001535318747830993,-3.419660345109954e-06,-0.976012334856178,0.21770981832071964
2026-09-30T13:49:31.612 -0.5563372080038158,-0.8640649476349876,0.0008914255254314949,-0.001538960948665316,-3.761942179319017e-06,-0.9773416136440828,0.21166247146016937
2026-09-30T13:49:31.649 -0.5683548534428836,-0.8693418832396204,0.0009104276881256113,-0.001536541176584603,-2.5971970110357627e-06,-0.9786170141679337,0.20568514437242558
2026-09-30T13:49:31.724 -0.5804249530908717,-0.8744694353637086,0.0009293190438401664,-0.0015369299543780376,-1.982118721397021e-06,-0.9798394830731421,0.19978044261975297
2026-09-30T13:49:31.756 -0.5925551359729427,-0.8794537284805243,0.0009482904701688595,-0.001536274571250553,-1.5126694512317448e-06,-0.9810127189641683,0.19393732257789692
2026-09-30T13:49:31.832 -0.6047487399104173,-0.8842975118963317,0.0009673472450718765,-0.0015366117879278295,-1.2924964593965995e-06,-0.9821410118657629,0.18814003198107013
2026-09-30T13:49:31.866 -0.6170062413857963,-0.8890008377711572,0.0009867136396263419,-0.0015367571248017181,-1.0571623285081596e-06,-0.983226746948999,0.18238092680022996
2026-09-30T13:49:31.940 -0.6293228725669027,-0.8935643765972835,0.0010060393883621508,-0.0015392818164736103,-1.365229785255626e-06,-0.9842730217039622,0.1766472455357781
2026-09-30T13:49:31.970 -0.641699586761059,-0.8979872417675823,0.0010255644172755167,-0.0015403478389203556,-1.161802239115288e-06,-0.9852804948192209,0.1709385089907392
2026-09-30T13:49:32.052 -0.6541301852615379,-0.9022691426313852,0.0010451746172300037,-0.001541987332985391,-1.3183801386930819e-06,-0.9862510720883912,0.16524661896034554
2026-09-30T13:49:32.089 -0.6666122836951548,-0.9064083580745326,0.0010650003285768575,-0.0015437248947200606,-1.5266569806215135e-06,-0.9871859460114275,0.1595666785661779
2026-09-30T13:49:32.164 -0.6791449288057417,-0.9104054543291924,0.0010847718229823257,-0.001546140323362527,-1.7002693501712949e-06,-0.9880861890448731,0.15389377006880062
2026-09-30T13:49:32.196 -0.6917181068425158,-0.9142562514935508,0.0011046222786569198,-0.0015478664884980278,-1.8201552228779532e-06,-0.9889440533287845,0.14828102876516236
2026-09-30T13:49:32.270 -0.7043218044288898,-0.9179624034704528,0.001124401753056563,-0.0015452067275596778,-1.0808891125194042e-06,-0.9897512563262124,0.14279377765044593
2026-09-30T13:49:32.300 -0.716960790068343,-0.9215316738249414,0.00114396877532613,-0.001542506180809811,-3.1108853425875834e-07,-0.9905105364408435,0.13742815531854452
2026-09-30T13:49:32.377 -0.7296474606109913,-0.9249700902327124,0.001163864488623262,-0.001542753773130252,-2.0579162200633538e-07,-0.9912274347067753,0.13215821047282253
2026-09-30T13:49:32.407 -0.7423718029937398,-0.9282768628062079,0.0011837601362933458,-0.0015434131791173117,-2.3556796709004479e-07,-0.9918984958091086,0.12702358791709062
2026-09-30T13:49:32.486 -0.7551247574058457,-0.9314546810909723,0.001203566888392114,-0.0015407575549399029,5.276836748384902e-07,-0.9925197288648708,0.12207462422584688
2026-09-30T13:49:32.524 -0.7679125222623675,-0.9345120313763077,0.0012235180645370697,-0.0015389844797773628,1.0410590384218749e-06,-0.9930958990300284,0.11729521241477518
2026-09-30T13:49:32.597 -0.7807436808483483,-0.9374552169614961,0.0012434335216470994,-0.0015396856321674773,8.348606715794815e-07,-0.9936336213910762,0.11264926013388901
2026-09-30T13:49:32.631 -0.7936177559558579,-0.9402856646266773,0.0012635360231640265,-0.0015411036269426753,6.815258745326942e-07,-0.9941379043069316,0.10810852056784817
2026-09-30T13:49:32.705 -0.8065314098573775,-0.9430044025099659,0.0012837308848901155,-0.00154415519865666,4.786079875931162e-07,-0.9946130983660441,0.10364555052288263
2026-09-30T13:49:32.736 -0.8194765362715515,-0.9456105662419464,0.001304049993300488,-0.0015471075506108122,1.42991747614148e-07,-0.9950558071893553,0.09930532229919506
2026-09-30T13:49:32.810 -0.8324402608609062,-0.9481067782649291,0.00132429417900136,-0.0015452033973145558,7.218313749946854e-07,-0.9954623386963501,0.09514381000954915
2026-09-30T13:49:32.851 -0.8454230603864431,-0.9504990400275878,0.0013444641969044295,-0.001544373522625465,9.849250368272448e-07,-0.9958308997786912,0.09120544915417553
2026-09-30T13:49:32.914 -0.8584239811466609,-0.9527952193310335,0.0013645138370087504,-0.0015401875367775078,1.5403135482020137e-06,-0.996161136092338,0.0875249607780636
2026-09-30T13:49:32.947 -0.8714482680338757,-0.9550049572925737,0.0013845706032625967,-0.0015375807223206566,1.8749945784096756e-06,-0.9964589448218161,0.08406668261921507
2026-09-30T13:49:33.027 -0.884506410896574,-0.9571331080974849,0.0014049640069154303,-0.0015380504370907386,1.8916414892712397e-06,-0.996730941233012,0.08077787559739999
2026-09-30T13:49:33.062 -0.8975926884855847,-0.9591824544656742,0.0014251634612716744,-0.0015400510089210635,1.7340577232991078e-06,-0.9969821336069851,0.07761606475689803
2026-09-30T13:49:33.134 -0.9107051925569752,-0.9611531863628294,0.001445732194059708,-0.0015437562253809824,1.5238749004061584e-06,-0.9972163963326667,0.07454579598934205
2026-09-30T13:49:33.170 -0.9238396319882772,-0.9630466932682501,0.0014663951995699386,-0.001547553659954648,1.2974421060619593e-06,-0.9974362938348801,0.0715433072825487
2026-09-30T13:49:33.241 -0.936990761593457,-0.9648635637117685,0.0014871292835252838,-0.0015515266984439946,9.390173168580686e-07,-0.9976437335146626,0.06858989534142088
2026-09-30T13:49:33.273 -0.9501566740023769,-0.9666038237464002,0.001507946331352291,-0.0015550919274449197,7.158703178777686e-07,-0.9978401464395401,0.06567057059370009
2026-09-30T13:49:33.349 -0.9633335547046908,-0.9682679762383299,0.0015287211025521005,-0.001558607076115922,2.9643200800833056e-07,-0.9980264264555502,0.06277597343139323
2026-09-30T13:49:33.384 -0.9765214034436038,-0.9698558330603677,0.0015496175096621917,-0.0015625068288952376,-7.986426380217932e-08,-0.9982034077487787,0.05989587073520972
2026-09-30T13:49:33.457 -0.9897187898968332,-0.971367479876202,0.001570514081765818,-0.0015649519147829763,-2.567749644041518e-07,-0.9983713302036847,0.05702839602131325
2026-09-30T13:49:33.488 -1.002927144525725,-0.9728030135613852,0.0015914428829541744,-0.0015655644024126605,-1.8260827944543688e-09,-0.9985305517753557,0.05416905185902535
2026-09-30T13:49:33.559 -1.0161440834088602,-0.9741622571346411,0.0016122362309797086,-0.0015645664705662714,1.1673342788481859e-08,-0.9986812511149423,0.05131579487109786
2026-09-30T13:49:33.590 -1.0293705594800582,-0.9754459202756939,0.0016333575692382548,-0.0015729685251120006,-4.0336848179781063e-07,-0.9988244329227293,0.04844871480694659
2026-09-30T13:49:33.674 -1.0426022822741792,-0.9766537086327018,0.0016541295608954636,-0.0015696152720921386,-2.6775010098828913e-07,-0.9989583851631665,0.045603519820564535
2026-09-30T13:49:33.707 -1.055844973247191,-0.9777869987724058,0.001674918880758977,-0.001572260031263268,-2.691169016027773e-07,-0.9990834514558131,0.04277598655158815
2026-09-30T13:49:33.782 -1.06909481737837,-0.9788456621242249,0.0016959281133631554,-0.0015730176661811817,-3.0073524817183477e-07,-0.9991998764653867,0.039964140011861556
2026-09-30T13:49:33.815 -1.0823527689414953,-0.9798306449239726,0.001716771337016138,-0.0015721869956478345,-2.6747443954084518e-08,-0.9993074810885417,0.03717642355746275
2026-09-30T13:49:33.895 -1.095617873716537,-0.9807423457656412,0.0017377897702020482,-0.0015724867791399547,-7.068355341979755e-08,-0.999406561216658,0.03441006658550651
2026-09-30T13:49:33.929 -1.1088901322626807,-0.9815812619755511,0.0017586257855805947,-0.0015717864966229155,9.485671916430593e-08,-0.9994973569640262,0.031663273821988164
2026-09-30T13:49:34.003 -1.1221676367286402,-0.9823482093682064,0.0017795892915588658,-0.0015726538941655123,5.603270204698316e-08,-0.9995800451184188,0.028935448169778832
2026-09-30T13:49:34.035 -1.1354494336347447,-0.9830427930508507,0.001800559571071584,-0.0015720661353677305,2.0217957727967204e-07,-0.9996548068881739,0.02622585886854746
2026-09-30T13:49:34.111 -1.148738384172997,-0.9836662722076471,0.0018214219387645864,-0.0015730095896084207,1.4205097092189065e-07,-0.9997218783552881,0.02353065189461574
2026-09-30T13:49:34.147 -1.1620301963425685,-0.9842186914879938,0.001842467632125904,-0.0015726489731746338,8.490243182632468e-08,-0.999781202102314,0.020858444286475174
2026-09-30T13:49:34.232 -1.175327254744176,-0.9847005417289536,0.0018634322003199463,-0.0015736904475798339,3.0175031923738035e-07,-0.9998331336780564,0.018199678508215175
2026-09-30T13:49:34.265 -1.188626221188159,-0.9851121311562367,0.0018845189818825884,-0.0015732646919928942,-6.848473848803265e-08,-0.9998777349348015,0.015557635419792434
2026-09-30T13:49:34.348 -1.201928526388121,-0.9854541051944221,0.0019055961284264982,-0.0015748982835186295,-1.789431912839738e-07,-0.9999151222883699,0.012933209748507108
2026-09-30T13:49:34.382 -1.2152322633727497,-0.9857266249383452,0.0019264222059766514,-0.0015739875017830344,1.565244061182467e-07,-0.9999455974961274,0.010311382614985784
2026-09-30T13:49:34.463 -1.2285393386620294,-0.985929821728407,0.0019475217702646995,-0.00157518301191098,-3.361081806778194e-07,-0.999968977906914,0.0077176435631473575
2026-09-30T13:49:34.507 -1.2418464151201114,-0.9860645122925664,0.0019684276084941227,-0.00157240254791263,-6.873949131688353e-08,-0.9999856857993429,0.00511426892533419
2026-09-30T13:49:34.574 -1.2551534920652712,-0.986130575558809,0.001989571853779595,-0.001567557419999594,-4.037941911498649e-07,-0.9999954210895103,0.0025885446847855507
2026-09-30T13:49:34.616 -1.2684572324319372,-0.9861326029055021,0.0020104127882291578,-0.0014593598527498897,-1.97213342801113e-07,-0.999998919265018,0.00017815043459486728
2026-09-30T13:49:34.693 -1.2817571585566059,-0.986072650686794,0.0020314562970964057,-0.0015679152735586313,-6.591347771383813e-07,-0.9999965233322045,-0.0021201331950164463
2026-09-30T13:49:34.730 -1.2950580394487583,-0.9859519762482706,0.0020522926878957953,-0.0015730819379129633,-6.77543073470252e-07,-0.9999889639767174,-0.0044268880185835266
2026-09-30T13:49:34.811 -1.3083570135667435,-0.9857708934095593,0.002073245262234732,-0.0015703108018738203,-8.204112800444766e-07,-0.9999765229128927,-0.006669913519189643
2026-09-30T13:49:34.846 -1.3216574189783306,-0.9855312900035696,0.002094170286506813,-0.0015759115110587697,-8.136423183678484e-07,-0.9999591279794564,-0.008902745240243887
2026-09-30T13:49:34.932 -1.334956394572533,-0.9852329573780138,0.0021151228416677573,-0.0015723614023834456,-8.075922256271344e-07,-0.999937448355007,-0.01107371013916217
2026-09-30T13:49:34.966 -1.3482591857154391,-0.9848778476510675,0.0021359920121270973,-0.0015757497919189562,-9.104711830830215e-07,-0.999911411929747,-0.013216856828479834
2026-09-30T13:49:35.063 -1.3615624539609104,-0.9844660557755407,0.002157145048954073,-0.001576516969124744,-8.37114205403347e-07,-0.9998810859176923,-0.01534042429667698
2026-09-30T13:49:35.099 -1.3748662003231342,-0.9839993661656068,0.0021779263021675533,-0.001576355711952379,-6.243393529640534e-07,-0.9998470052733706,-0.01742071032283768
2026-09-30T13:49:35.191 -1.3881689931644603,-0.9834775459724807,0.0021990487647825115,-0.0015757500906602366,-8.756400435380245e-07,-0.9998092292865306,-0.01946848849702608
2026-09-30T13:49:35.225 -1.4014717871425666,-0.982902862047433,0.0022198731958994367,-0.001575909500490806,-6.83006773899975e-07,-0.9997680549952928,-0.02147912288035166
2026-09-30T13:49:35.309 -1.4147726740424504,-0.9822750778104152,0.0022409479220343717,-0.0015750219216551626,-7.012223183444184e-07,-0.999723305126431,-0.023469820888524544
2026-09-30T13:49:35.343 -1.4280754690121737,-0.9815954356938236,0.0022619809519797375,-0.0015753166049983585,-8.930732901344945e-07,-0.9996755142557827,-0.025424094364063624
2026-09-30T13:49:35.437 -1.441376834281037,-0.9808646509113825,0.002282907403771751,-0.0015742544135913406,-9.753092739682902e-07,-0.9996245056673406,-0.0273563409727103
2026-09-30T13:49:35.470 -1.4546772462595712,-0.9800828780685935,0.002303996251931997,-0.001573380843227222,-1.060233358119584e-06,-0.9995705761256402,-0.02926068720064253
2026-09-30T13:49:35.553 -1.467976228566449,-0.9792513856208543,0.002324948719886518,-0.0015730834458310015,-1.0629721377179848e-06,-0.9995137849489912,-0.031140313169335642
2026-09-30T13:49:35.588 -1.481273304290582,-0.9783704790359579,0.002345808757182912,-0.0015723461125774793,-1.0107718077197072e-06,-0.9994543117472279,-0.03299403668173882
2026-09-30T13:49:35.671 -1.4945679962569565,-0.9774408418986321,0.0023667842259988713,-0.0015726586886855164,-9.033818687898567e-07,-0.9993920957743871,-0.034827656359725984
2026-09-30T13:49:35.703 -1.5078612582782063,-0.9764626213698671,0.002387787227363201,-0.0015717424778241278,-1.04864509274374e-06,-0.9993272580399517,-0.036640973824877805
2026-09-30T13:49:35.791 -1.5211526136675184,-0.9754370225750899,0.0024087126995449687,-0.0015723103604180432,-7.370803881621111e-07,-0.9992600347965993,-0.038430595856510354
2026-09-30T13:49:35.822 -1.5344411084727032,-0.9743637549296178,0.002429737948347321,-0.0015712121294769094,-7.823900548266065e-07,-0.999190368959557,-0.04020121727381204
2026-09-30T13:49:35.914 -1.547727219983706,-0.973244234049822,0.0024505657050805127,-0.0015721392570902967,-4.776250448803944e-07,-0.9991183172209421,-0.04195374323611006
2026-09-30T13:49:35.949 -1.561009516448757,-0.9720779346516155,0.0024719834684245245,-0.00157153125337698,-6.216291974194239e-07,-0.9990442399859788,-0.04368222567556847
2026-09-30T13:49:36.036 -1.574289430775597,-0.9708671329056621,0.0024924586828573513,-0.0015713673056331455,-5.012874511744604e-07,-0.9989708771415309,-0.04532899102803987
2026-09-30T13:49:36.069 -1.587563145672606,-0.969614294905814,0.002513609541881724,-0.0015680277078833158,-1.0474444954483206e-06,-0.9988949537863083,-0.046972466278228896
2026-09-30T13:49:36.167 -1.6008401994857442,-0.9683184186692352,0.0025344378462405317,-0.0015718452135792204,-8.128393206249207e-07,-0.9988160445741339,-0.04862137804758046
2026-09-30T13:49:36.198 -1.6141120080819213,-0.9669769336374301,0.0025556303784727515,-0.0015722085045963797,-8.222762565135972e-07,-0.9987345750717835,-0.05026705398097413
2026-09-30T13:49:36.283 -1.6273804802466125,-0.965593419838561,0.0025762513829024405,-0.0015705310252190857,-8.414811198703418e-07,-0.9986546563869777,-0.0518305962554759
2026-09-30T13:49:36.318 -1.6406403690075297,-0.9641699931712772,0.002597395251194953,-0.0015695874051445315,-1.2087831656405617e-06,-0.9985722337318058,-0.053395041097356384
2026-09-30T13:49:36.397 -1.6538997819196783,-0.9627055361507006,0.002618240335994891,-0.0015734360696176963,-6.354656760543526e-07,-0.9984898666043726,-0.05491366484686286
2026-09-30T13:49:36.428 -1.6671501354099105,-0.9612016579941214,0.002639085990818127,-0.0015690372679170394,-8.986307816025472e-07,-0.9984106048364843,-0.05633650922173233
2026-09-30T13:49:36.509 -1.6803971517055005,-0.9596639690607991,0.002659777351174918,-0.0015680775161433867,-8.259207728756301e-07,-0.9983336048587614,-0.057684959408254306
2026-09-30T13:49:36.538 -1.6936417838816846,-0.9580913033468066,0.0026807033544414597,-0.0015691373380412068,-9.58494253105164e-07,-0.998256901081288,-0.058997434272006134
2026-09-30T13:49:36.623 -1.7068845093038265,-0.9564847002142032,0.0027015220284387596,-0.0015695466947743533,-9.167579679825864e-07,-0.9981809128190724,-0.060269410201330545
2026-09-30T13:49:36.655 -1.7201205594982742,-0.9548452548382914,0.0027222854386155155,-0.0015702179350405782,-9.111749486838825e-07,-0.9981056393665964,-0.06150339079598944
2026-09-30T13:49:36.733 -1.7333532720459457,-0.953174226409186,0.002743162775256432,-0.0015709561085184474,-6.201929800958087e-07,-0.9980309020960835,-0.06270446999854462
2026-09-30T13:49:36.768 -1.7465845546389434,-0.9514722147226796,0.002763933537041375,-0.0015715449492192555,-5.558326243015806e-07,-0.9979601579205232,-0.06382047829191113
2026-09-30T13:49:36.851 -1.7598091620189409,-0.9497436788852214,0.0027845894314689214,-0.0015681743943539357,-8.523555449420359e-07,-0.9978964494232976,-0.06480908159138468
2026-09-30T13:49:36.885 -1.7730309085736824,-0.9479922399269788,0.0028053004031401625,-0.0015647686543128422,-9.964477031756046e-07,-0.9978378067723775,-0.06570588157659232
2026-09-30T13:49:36.967 -1.7862497943164566,-0.9462187136865294,0.0028260515510459714,-0.0015657011405518784,-7.774990130611199e-07,-0.9977823789633731,-0.0665422633333583
2026-09-30T13:49:37.004 -1.7994672496922877,-0.9444244934404499,0.0028468749394895895,-0.0015673059053938428,-6.569773657379485e-07,-0.9977299305124504,-0.06732406190500047
2026-09-30T13:49:37.084 -1.8126842285447713,-0.9426110097122433,0.0028676528674245957,-0.001568225605185031,-6.181150782706435e-07,-0.9976806413021351,-0.06805055943215921
2026-09-30T13:49:37.119 -1.8259007307421764,-0.9407793689131146,0.002888459840744802,-0.001568543240045804,-5.220031629644672e-07,-0.9976308757255351,-0.06877627113280944
2026-09-30T13:49:37.213 -1.8391186636313928,-0.9389276488172809,0.0029093137759986483,-0.0015717985998743539,-1.6742597877750065e-07,-0.997580928980563,-0.06949690340878655
2026-09-30T13:49:37.249 -1.8523342126897386,-0.9370573320422753,0.0029300894328475307,-0.0015717791309697595,-2.4487610748349077e-07,-0.9975325343605637,-0.07018812151991503
2026-09-30T13:49:37.333 -1.8655464239735762,-0.9351693200963129,0.002950949216147012,-0.0015718170240946966,-1.3727433141198947e-07,-0.9974858084352856,-0.07084907452768056
2026-09-30T13:49:37.364 -1.8787557744206644,-0.9332649317381765,0.002971819374330026,-0.0015708243474062316,-2.57519627869919e-08,-0.9974441492374617,-0.07143319720428028
2026-09-30T13:49:37.448 -1.8919636947532328,-0.931347869924463,0.0029925382572242084,-0.0015667350404784293,-5.809823546902395e-07,-0.9974073796139551,-0.07194487078728729
2026-09-30T13:49:37.480 -1.9051720919880606,-0.9294181048768251,0.003013317496540927,-0.0015675566947046993,-3.5863974837924383e-07,-0.9973734668608119,-0.07241346813905178
2026-09-30T13:49:37.563 -1.9183771514654187,-0.9274767764860723,0.003034121258740926,-0.0015682457248059006,-4.767284169414863e-07,-0.9973381834042471,-0.07289779509035882
2026-09-30T13:49:37.600 -1.9315826877426188,-0.9255215229661636,0.0030550598828764414,-0.0015712913737806688,-2.8446860011788783e-07,-0.9973023020686447,-0.07338698339569208
2026-09-30T13:49:37.677 -1.9447848865533282,-0.9235540504520805,0.003075844216077178,-0.0015698664619126384,-2.1592939516170397e-07,-0.9972676758386027,-0.07385606438686704
2026-09-30T13:49:37.711 -1.9579870855828372,-0.9215748134712441,0.0030965838439259525,-0.001569542924257345,-2.201164100894763e-07,-0.9972343003112517,-0.07430536197132098
2026-09-30T13:49:37.790 -1.9711883307552447,-0.9195839908255351,0.003117530578015527,-0.0015692869960991771,-3.2467222582110345e-07,-0.9972018783078734,-0.07473922154710996
2026-09-30T13:49:37.822 -1.9843895763009625,-0.9175822307275381,0.003138328298890433,-0.0015690445901268447,-3.1975597977369696e-07,-0.9971705886719955,-0.07515553995892828
2026-09-30T13:49:37.909 -1.9975912988632851,-0.9155699131628449,0.0031590969696834387,-0.0015687736668488206,-5.251805642122169e-07,-0.9971404314386616,-0.0755546089873165
2026-09-30T13:49:37.941 -2.0107913523220273,-0.9135472169183335,0.0031800567148769915,-0.001568767035663609,-4.216004987235562e-07,-0.9971110487797145,-0.07594139431975247
2026-09-30T13:49:38.026 -2.023988783495079,-0.9115144400052785,0.003200893102665763,-0.0015686869234991547,-3.0828679005936316e-07,-0.9970827389621657,-0.0763121935535008
2026-09-30T13:49:38.068 -2.0371847843260116,-0.9094720965287327,0.0032216974248144292,-0.001568858674075884,-4.088833100114146e-07,-0.9970551441315355,-0.07667188691519793
2026-09-30T13:49:38.141 -2.050377447246871,-0.9074209538744598,0.0032426007760113377,-0.0015689634278295906,-4.1727856364445323e-07,-0.9970284433403499,-0.07701831940458481
2026-09-30T13:49:38.172 -2.063567964819519,-0.9053610716621673,0.0032633070182400544,-0.0015690709580018201,-2.971387662504391e-07,-0.9970026961344035,-0.0773509012033519
2026-09-30T13:49:38.257 -2.0767591973304254,-0.9032926510934675,0.0032842826105335256,-0.0015694873794395057,-4.385004396662572e-07,-0.9969774254739876,-0.07767592808865068
2026-09-30T13:49:38.288 -2.0899504303001737,-0.9012158560722184,0.0033050346843187047,-0.0015697829055103941,-3.494318585751224e-07,-0.9969531084984775,-0.07798740434666797
2026-09-30T13:49:38.372 -2.1031399944189535,-0.8991310740075553,0.003325799019184802,-0.0015702206487860533,-2.6367138493662994e-07,-0.996929506601313,-0.07828852581769218
2026-09-30T13:49:38.400 -2.116329319980845,-0.8970385880395266,0.0033467119872514542,-0.0015707504384475026,-3.768237837352335e-07,-0.9969065006230892,-0.07858092490130737
2026-09-30T13:49:38.490 -2.1295165000635894,-0.8949384055947482,0.0033675023522333676,-0.0015711076575836804,-1.1963756381444553e-07,-0.9968842099735216,-0.07886319500363893
2026-09-30T13:49:38.521 -2.142703441748364,-0.8928309960837816,0.003388337042495853,-0.0015717871091433775,-1.8933371996323274e-07,-0.9968624554622246,-0.0791376925053537
2026-09-30T13:49:38.604 -2.1558858535975354,-0.8907165829700247,0.003409149668134553,-0.0015720259793920793,-2.743071178516306e-07,-0.9968414760926412,-0.07940151305667431
2026-09-30T13:49:38.636 -2.169067550179139,-0.8885956952927133,0.0034300207663894057,-0.0015723915138282651,-1.9345198003807382e-07,-0.9968209734171438,-0.07965848693383298
2026-09-30T13:49:38.715 -2.182249246916412,-0.8864680573893902,0.0034508471601124515,-0.0015726321734817626,-5.5210150361575506e-08,-0.9968010668349783,-0.07990719607577987
2026-09-30T13:49:38.744 -2.19542927475683,-0.8843342056808319,0.003471700716349024,-0.0015731252178963467,-1.051243047287249e-07,-0.996781696448346,-0.08014845539744042
2026-09-30T13:49:38.837 -2.2086093027700984,-0.882194110385745,0.00349249466699409,-0.0015738810226135957,-3.76314858532418e-08,-0.9967664978500829,-0.08033723708347242
2026-09-30T13:49:38.867 -2.221787423731834,-0.8800511912966286,0.003513121688888748,-0.001571062364771171,-1.690785924997681e-07,-0.9967555932762994,-0.0804724737747632
2026-09-30T13:49:38.956 -2.2349657828651486,-0.8779054111875318,0.003533927900991297,-0.0015721503487793219,-2.776757934658225e-07,-0.9967425996115648,-0.08063323423244315
2026-09-30T13:49:38.995 -2.2481446187888907,-0.8757539388408494,0.0035548093718057046,-0.0015755290181115919,8.087785571890727e-08,-0.9967313325347852,-0.08077232478849469
2026-09-30T13:49:39.069 -2.2613210706919156,-0.8736008198858545,0.003575597665845022,-0.0015718475635873822,-3.030902453993446e-07,-0.9967240046409148,-0.08086277182809655
2026-09-30T13:49:39.101 -2.2744989532427837,-0.871446084172894,0.0035963137156972656,-0.0015721795940362047,-2.519105755555624e-07,-0.9967189383749625,-0.08092518851351813
2026-09-30T13:49:39.181 -2.2876754049926906,-0.8692901563489923,0.003617221218417695,-0.0015729946226029862,-1.258208769439477e-07,-0.9967148849276217,-0.08097508167096461
2026-09-30T13:49:39.211 -2.3008523338037716,-0.8671332301533189,0.0036379953646217826,-0.001572799488616862,-2.0741389030153458e-07,-0.9967122030798122,-0.08100808930910977
2026-09-30T13:49:39.294 -2.3140292627124714,-0.8649760357367549,0.003658709906211726,-0.0015729069572561526,-2.5136336766782744e-07,-0.9967110109938913,-0.08102275314487813
2026-09-30T13:49:39.326 -2.3272054762240284,-0.8628189158169751,0.0036795127237741576,-0.0015725598618747828,-2.1539569916415115e-07,-0.996711130468409,-0.08102129013920312
2026-09-30T13:49:39.410 -2.34038264349826,-0.8606621684382432,0.003700257444687392,-0.001572273190378703,-1.0947232592586472e-07,-0.9967124418961081,-0.08100516111026855
2026-09-30T13:49:39.441 -2.353558856760518,-0.8585061363032033,0.0037212092738534296,-0.0015723438667133275,-3.599386967571425e-07,-0.9967113690393563,-0.0810183594151796
2026-09-30T13:49:39.523 -2.3667355471125773,-0.8563487034650419,0.003742012845294749,-0.001573408371901986,-3.7749625938743363e-07,-0.996708686195552,-0.08105133711598775
2026-09-30T13:49:39.553 -2.3799119988435047,-0.8541905404669557,0.0037629501499347176,-0.0015731516307531614,-3.3474545736918194e-07,-0.9967063619965724,-0.08107991828678796
2026-09-30T13:49:39.635 -2.393087735656,-0.8520318559192613,0.0037836777075983194,-0.0015722321741979224,-2.436395542800536e-07,-0.9967077335246834,-0.0810630743188282
2026-09-30T13:49:39.666 -2.4062639492832942,-0.8498748999122684,0.00380440601947472,-0.001569907791613765,-4.431588323330582e-07,-0.9967116689655832,-0.08101471679374919
2026-09-30T13:49:39.747 -2.419441831653935,-0.8477195085481936,0.0038252412783602668,-0.0015700937838915836,-2.546457050033447e-07,-0.9967164964222613,-0.080955299796724
2026-09-30T13:49:39.789 -2.432619713977001,-0.8455660245327489,0.003846091438700358,-0.00156988802990014,-1.129770453039738e-07,-0.9967222181889844,-0.08088482688360842
2026-09-30T13:49:39.864 -2.4457966426462967,-0.843414745877159,0.0038669102892558917,-0.0015696897308271696,-1.909107029159871e-07,-0.9967291319501165,-0.0807995890836075
2026-09-30T13:49:39.892 -2.4589752402572866,-0.841266119649279,0.003887701976715381,-0.0015693789471721337,-1.493748072677233e-07,-0.9967369994000985,-0.0807024849467857
2026-09-30T13:49:39.978 -2.472154314362158,-0.8391203842526384,0.003908688133431167,-0.0015693644037690887,-1.0748576308895745e-07,-0.9967457010154578,-0.0805949415444932
2026-09-30T13:49:40.009 -2.485333865617597,-0.8369777781058925,0.003929451527450337,-0.0015692274290475647,-2.9755597961768952e-08,-0.9967555351270224,-0.08047322982780362
2026-09-30T13:49:40.086 -2.49851317824612,-0.8348386439266837,0.003950318853070343,-0.0015691952978809753,8.668047068460732e-08,-0.9967660247546294,-0.0803431983491041
2026-09-30T13:49:40.117 -2.5116934446637225,-0.8327033989625723,0.003971083379188653,-0.0015692391669840304,1.286111510151344e-07,-0.9967776467208199,-0.08019888082838103
2026-09-30T13:49:40.198 -2.5248749028631003,-0.8305721624258,0.00399201370335603,-0.0015694242925444605,1.3770916402697286e-07,-0.996789983773578,-0.08004539434621732
2026-09-30T13:49:40.240 -2.538056599588272,-0.8284454856473736,0.004012840097236282,-0.0015699474627333774,1.418260393727547e-07,-0.9968029761570059,-0.0798834275020802
2026-09-30T13:49:40.320 -2.551239011560062,-0.8263232047205097,0.004033637820445513,-0.0015702482553956343,2.8866300043754786e-07,-0.9968168031137817,-0.07971069784133987
2026-09-30T13:49:40.350 -2.5644216617939803,-0.8242058411798301,0.004054495525994365,-0.0015706759493858183,2.440950044643378e-07,-0.9968312259674447,-0.07953011953495187
2026-09-30T13:49:40.435 -2.5776059808449583,-0.8220935440549624,0.004075385673412291,-0.0015712097613247145,3.889413231582779e-07,-0.9968464235339684,-0.07933939240548087
2026-09-30T13:49:40.465 -2.5907902997827756,-0.8199864921388292,0.004096305623973288,-0.0015718186818700073,5.835632716064201e-07,-0.9968622170375803,-0.07914069514864809
2026-09-30T13:49:40.549 -2.6039753340935654,-0.8178850281671702,0.004117107497202836,-0.0015722173591255814,5.763784552558841e-07,-0.9968787855032559,-0.07893171191477615
2026-09-30T13:49:40.580 -2.6171617987221336,-0.815789450172179,0.004137986138898181,-0.0015727262593306487,5.850248461976195e-07,-0.9968959498773946,-0.0787146215757803
2026-09-30T13:49:40.669 -2.6303482633469004,-0.8136997879381893,0.004158820078133433,-0.001573280943652123,5.824958173417253e-07,-0.9969138294103106,-0.07848784311728445
2026-09-30T13:49:40.700 -2.6435363966321686,-0.8116163991140519,0.004179775866290591,-0.0015739029441612109,5.261265227024782e-07,-0.9969322452847926,-0.07825356950751808
2026-09-30T13:49:40.779 -2.6567252452325945,-0.8095394476005713,0.004200643379540366,-0.0015744087394240196,4.1893343582394016e-07,-0.9969512572453773,-0.07801097303461592
2026-09-30T13:49:40.872 -2.6699140937970283,-0.8074690973015045,0.004221481091584733,-0.0015747212777248814,5.207914707682726e-07,-0.9969709249523656,-0.07775921200893965
2026-09-30T13:49:40.949 -2.6831048493854315,-0.805405631362895,0.004242470831901107,-0.0015752042966341794,2.972311430766353e-07,-0.9969910693180579,-0.07750049310404979
2026-09-30T13:49:40.982 -2.6962960817205315,-0.8033493030865003,0.0042634613273150246,-0.0015757441531595061,-2.132656232754521e-08,-0.9970117500317007,-0.07723397781474889
2026-09-30T13:49:41.069 -2.7094894598682795,-0.8013003807142502,0.004284365809770201,-0.0015759309480289144,-2.4000036617861223e-08,-0.9970367818041651,-0.07691015648950754
2026-09-30T13:49:41.106 -2.7226847451159615,-0.7992616656614171,0.004305347815328062,-0.0015741045726628958,-1.3793460400132936e-09,-0.9970697419297533,-0.07648170972807482
2026-09-30T13:49:41.388 -2.735881937269309,-0.7972373600554408,0.004326496751531342,-0.0015704097105070235,-6.029721793336814e-08,-0.9971130142723166,-0.07591554901410319
2026-09-30T13:49:41.424 -2.7490831822321797,-0.7952313680275912,0.0043476968025633915,-0.0015681124169087208,-2.91557337277653e-07,-0.9971643314417359,-0.07523853483235127
2026-09-30T13:49:41.920 -2.7622877651735496,-0.7932455820163866,0.004368663716129847,-0.0015673511208000456,-3.583604545233315e-07,-0.9972207729271396,-0.07448673340222631
2026-09-30T13:49:41.952 -2.7754961623470864,-0.7912813878357555,0.004389755873809088,-0.001568702141558479,-2.6222377744661667e-07,-0.9972809078683667,-0.07367720118712959
2026-09-30T13:49:42.034 -2.788707182067083,-0.7893402457845359,0.004410703170448562,-0.0015703055237351355,-9.488112593601401e-08,-0.9973444397261295,-0.07281210536666463
2026-09-30T13:49:42.067 -2.801923446469164,-0.7874235715060076,0.004431792874604003,-0.0015718517439798183,1.217916728789597e-08,-0.9974111303346169,-0.07189274210041552
2026-09-30T13:49:42.147 -2.815142094941718,-0.785532661365223,0.004452752242340804,-0.0015721265750346814,7.689621440476414e-08,-0.9974806826435537,-0.07092119690879625
2026-09-30T13:49:42.193 -2.8283643192972896,-0.7836690799990862,0.004473747071308309,-0.001571966591460175,9.693664025250655e-08,-0.9975529171798473,-0.06989782791333987
2026-09-30T13:49:42.266 -2.841590358008893,-0.7818340940093079,0.00449473303525102,-0.0015723171828072918,1.0483980924949549e-07,-0.9976273563876464,-0.06882721558846878
2026-09-30T13:49:42.297 -2.8548202110635827,-0.780028731576011,0.0045157101343371135,-0.0015723938383342196,1.2459126286480323e-07,-0.9977036432782458,-0.06771239005467575
2026-09-30T13:49:42.380 -2.868053639955137,-0.778254363603015,0.00453672269525349,-0.0015727467965794247,1.2567292886395928e-08,-0.9977814794073805,-0.06655558443235876
2026-09-30T13:49:42.410 -2.8812908830198998,-0.7765118841629849,0.00455781579853913,-0.0015728353462972752,1.2043465765910114e-07,-0.9978606863917117,-0.06535730060843496
2026-09-30T13:49:42.496 -2.894531463643966,-0.7748023214300672,0.004578839679006452,-0.0015733032829128729,1.310447457389593e-07,-0.9979409657134168,-0.0641198383321104
2026-09-30T13:49:42.530 -2.9077751433011176,-0.7731267631860159,0.004599853564438618,-0.0015728114399501175,1.1605478164627325e-07,-0.998022080021876,-0.06284468197842441
2026-09-30T13:49:42.611 -2.9210231140471943,-0.7714861631201536,0.004620874240959364,-0.001573868703679394,4.547183283868154e-08,-0.9981007493968025,-0.061582602988528704
2026-09-30T13:49:42.642 -2.9342722766740303,-0.7698791353854916,0.00464176269751344,-0.0015754537787211489,2.2347588804421676e-07,-0.9981811465426202,-0.06026538502491802
2026-09-30T13:49:42.728 -2.9475264451011673,-0.768309062593563,0.0046629869015143025,-0.0015733397788068831,7.991975279420647e-08,-0.9982631555812731,-0.05889139844538478
2026-09-30T13:49:42.763 -2.9607846664217137,-0.766776838802123,0.004684053607543297,-0.0015740945207612033,1.1108644202746382e-07,-0.9983453409388516,-0.05748132263714394
2026-09-30T13:49:42.850 -2.9740469406769745,-0.765282925947174,0.004704933013390844,-0.0015742799160042848,7.0666202587882e-08,-0.9984274073265836,-0.05603779030134585
2026-09-30T13:49:42.881 -2.9873118366350693,-0.7638285459058415,0.004726069891743634,-0.0015744734331813485,-4.201266179260928e-08,-0.9985093542711847,-0.05455813840618466
2026-09-30T13:49:42.963 -3.0005817390330005,-0.7624145927778798,0.004747110384976627,-0.0015749498771103513,-1.7895584241529943e-08,-0.9985909431459756,-0.0530438290446223
2026-09-30T13:49:42.997 -3.0138547402535365,-0.7610420053124002,0.004768215390091337,-0.0015752931565975777,5.367713281346429e-08,-0.9986719358711469,-0.051496436331496906
2026-09-30T13:49:43.095 -3.0271306020335618,-0.759711558366802,0.004789280222251491,-0.0015764083390097936,-5.037232152166512e-08,-0.9987521529202671,-0.04991644993264151
2026-09-30T13:49:43.127 -3.0404100396375973,-0.7584243546360219,0.0048102911113899905,-0.0015771810690327454,1.6951133729791355e-08,-0.9988316547512351,-0.04829946135087852
2026-09-30T13:49:43.208 -3.05369305277579,-0.7571809603641517,0.00483142687131027,-0.0015775503410451865,2.5787681264630622e-08,-0.9989099050184012,-0.04665311341218241
2026-09-30T13:49:43.240 -3.066978688211967,-0.755982224905425,0.00485240287258232,-0.0015786102063022867,8.548916755815878e-08,-0.9989867836438352,-0.044976817303525464
2026-09-30T13:49:43.325 -3.080268137457642,-0.7548292956641963,0.004873578627640626,-0.0015796102121973668,-1.2436930579927043e-08,-0.9990619336230069,-0.043275369634886734
2026-09-30T13:49:43.358 -3.093560447449443,-0.7537223961459479,0.0048945651989548335,-0.0015804245329632822,1.1517859893660136e-07,-0.9991353550360466,-0.041545692620001774
2026-09-30T13:49:43.441 -3.1068553792673805,-0.7526620776905847,0.004915675133644019,-0.0015814884389258803,1.3983803031353207e-07,-0.9992063919679808,-0.039800567139526365
2026-09-30T13:49:43.472 -3.120150310720004,-0.751649487654549,0.004936636064714234,-0.0015815481198064075,3.502139688186271e-07,-0.9992732575524865,-0.03808484535697025
2026-09-30T13:49:43.557 -3.1334457185939093,-0.7506811093697917,0.004957508350090617,-0.001579761129182886,1.5773895195488366e-07,-0.9993382766618066,-0.03633886560365165
2026-09-30T13:49:43.588 -3.1467461320524106,-0.7497612046253617,0.004978761088225533,-0.0015825529699597725,1.2058699907113297e-07,-0.9994020997184867,-0.034538943301190304
2026-09-30T13:49:43.675 -3.160048214152046,-0.7488902800188224,0.004999807857131191,-0.0015825715168945429,4.956285765127861e-07,-0.9994615144467331,-0.03277463359049117
2026-09-30T13:49:43.712 -3.173347434940943,-0.7480649529295448,0.005020671296203778,-0.0015802208429482661,5.8491523830085163e-08,-0.9995155074911963,-0.031084613343270888
2026-09-30T13:49:43.791 -3.1866464164731307,-0.7472837630766853,0.0050417131792414634,-0.0015802063235853682,2.945589289947411e-08,-0.9995661013375549,-0.02941278641705654
2026-09-30T13:49:43.821 -3.199946112797574,-0.7465467998792618,0.005062696595837929,-0.0015808769153042703,6.569452171461789e-08,-0.999613654859037,-0.027749627880974424
2026-09-30T13:49:43.905 -3.2132479542612877,-0.745853884541331,0.005083728115752115,-0.0015809168484523424,7.910059498878133e-08,-0.9996581691066078,-0.026096851157504288
2026-09-30T13:49:43.947 -3.22655217947854,-0.7452044210194688,0.005104688906711022,-0.0015807790148214202,1.8168846789722325e-07,-0.9996996437355012,-0.024456562570921176
2026-09-30T13:49:44.021 -3.239858549817881,-0.7445984987176161,0.00512571270204735,-0.0015808017373629708,8.74150577825755e-08,-0.9997382572599062,-0.02282362891359222
2026-09-30T13:49:44.058 -3.253168734237968,-0.7440355514126621,0.005146787239281163,-0.0015808159744650013,3.6419177006967736e-08,-0.9997739502373394,-0.02120258115606622
2026-09-30T13:49:44.134 -3.2664793950709727,-0.7435156088649272,0.005167788031766292,-0.0015807656183965259,5.046487963670872e-08,-0.9998068419018836,-0.019590305414642233
2026-09-30T13:49:44.167 -3.279792916408468,-0.7430384326858387,0.0051887784536843685,-0.0015805402259142071,1.2180155049109734e-07,-0.9998369919396343,-0.01798586783236655
2026-09-30T13:49:44.251 -3.2931085826463318,-0.742603695040804,0.005209980891225187,-0.001580328374054479,1.3733892069535325e-08,-0.9998644002160129,-0.016391575363679124
2026-09-30T13:49:44.284 -3.3064254411032254,-0.7422112171039967,0.005230767988511493,-0.001579852404931256,1.638482823510698e-07,-0.9998893052886831,-0.014794635367814302
2026-09-30T13:49:44.364 -3.3197434906288192,-0.7418606710497367,0.005251869901475506,-0.0015797079669428473,-1.2432508981724854e-07,-0.9999106343066049,-0.013275086564202464
2026-09-30T13:49:44.399 -3.3330579635827684,-0.7415487189579619,0.005272846957136076,-0.0015740626732398638,-3.292541708642444e-07,-0.9999285707896449,-0.01184802283804417
2026-09-30T13:49:44.477 -3.346372197856651,-0.7412725296500698,0.005293704432540614,-0.001571786087044629,-3.248930772246332e-07,-0.999943882355381,-0.010476718400297617
2026-09-30T13:49:44.510 -3.3596883391570755,-0.7410310898741063,0.005314490423636411,-0.001570429153774703,-2.800794696719407e-07,-0.9999569284811863,-0.009147400432156453
2026-09-30T13:49:44.595 -3.3730063869275995,-0.7408236843742686,0.00533556255772811,-0.0015702245253757692,-1.1796091412017194e-07,-0.9999678877879645,-0.007858612333168882
2026-09-30T13:49:44.628 -3.3863272954636705,-0.7406495383022527,0.005356534912842342,-0.0015700577038954516,-5.549993510383863e-08,-0.9999769399506128,-0.006607154138663628
2026-09-30T13:49:44.710 -3.3996513027464292,-0.7405078171959812,0.005377690987516451,-0.0015703904620562562,-2.5950562248512544e-07,-0.9999845610461736,-0.005330247932395143
2026-09-30T13:49:44.742 -3.412983177438699,-0.7404011139175745,0.005398829705479288,-0.0015732187732817849,-1.5968132253379433e-07,-0.9999908088527069,-0.00398838222528968
2026-09-30T13:49:44.839 -3.426317674142605,-0.7403318721914115,0.005420047081897764,-0.0015727736242851095,-2.0581900875114355e-07,-0.9999953305459539,-0.002620165905581048
2026-09-30T13:49:44.872 -3.4396533628661157,-0.7402982740578735,0.005441027930690378,-0.0015517868769435493,-9.095211231883128e-08,-0.9999980206915121,-0.0012452190725365736
2026-09-30T13:49:44.953 -3.4529909583816107,-0.7403012135955827,0.005462071405749842,-0.0014784651565296993,-1.5202127060974803e-07,-0.9999989048646812,6.640930885414097e-05
2026-09-30T13:49:44.984 -3.466327361116454,-0.7403401841260199,0.005483262013303228,-0.0015548581844723752,-1.6471295891138139e-07,-0.9999978228500351,0.0013916577125306338
2026-09-30T13:49:45.068 -3.4796647173714343,-0.7404156327110991,0.005504260419829913,-0.001570962616623975,-2.1285250862213098e-07,-0.9999949404426618,0.002766074020973422
2026-09-30T13:49:45.102 -3.4930008808666964,-0.7405273209051656,0.005525391057742077,-0.0015774618990984808,-1.55026343936383e-07,-0.999990217935871,0.004132268929071119
2026-09-30T13:49:45.179 -3.5063356134225634,-0.7406750102866663,0.005546504538610003,-0.00157527412471002,-3.539469282503812e-07,-0.9999840126063239,0.005430749769800822
2026-09-30T13:49:45.213 -3.519665339045075,-0.7408551543342385,0.005567446195952393,-0.001573631678373174,-2.320183151073601e-07,-0.9999766152179778,0.006655276138793411
2026-09-30T13:49:45.293 -3.532993395442504,-0.7410663821830578,0.005588325615053493,-0.00157218539190311,-1.1665340673857712e-07,-0.999968145133058,0.007825404285492867
2026-09-30T13:49:45.329 -3.546322166505635,-0.7413075613748547,0.005609340280231813,-0.001572080893527793,-2.476824138861383e-07,-0.9999585416655885,0.008969030696366322
2026-09-30T13:49:45.406 -3.5596521293126373,-0.7415782150785021,0.0056303419339137455,-0.0015724062792306333,-3.017367024295262e-07,-0.999947984404978,0.01007750082233421
2026-09-30T13:49:45.440 -3.5729813765255165,-0.7418776876188936,0.005651327560271767,-0.0015729378105671986,-8.420768650387632e-08,-0.9999364734620322,0.011161312958237867
2026-09-30T13:49:45.520 -3.5863108617538457,-0.7422054127639028,0.005672343370501101,-0.001573786005876524,-1.6437935947262355e-07,-0.9999240683434536,0.012222141590453626
2026-09-30T13:49:45.557 -3.5996403467054003,-0.7425607348594488,0.005693314481816636,-0.0015744748803094024,-1.6164948473127674e-07,-0.9999108290236357,0.013261034276818892
2026-09-30T13:49:45.633 -3.6129700695486786,-0.742942908850444,0.005714405183629788,-0.0015747797771940748,-1.8770777777537337e-07,-0.9998969345428208,0.014270261402244619
2026-09-30T13:49:45.687 -3.6262993151993874,-0.7433514876930665,0.005735510036974353,-0.0015756491779800766,-1.7899850603959962e-07,-0.9998822648559031,0.015263477856169053
2026-09-30T13:49:45.746 -3.6396287991767866,-0.7437860541638379,0.0057564662601089465,-0.0015760410154589748,-6.631065913053881e-08,-0.9998669400234454,0.016236327875018598
2026-09-30T13:49:45.783 -3.6529573292589914,-0.7442457439803842,0.005777361374922431,-0.0015758808890860958,-1.9993815786696137e-07,-0.9998520929866141,0.017126259068178887
2026-09-30T13:49:45.857 -3.666282759355536,-0.7447265039998021,0.005798430406347628,-0.0015725637232665165,-1.7566343623752238e-07,-0.9998386797361732,0.017892499734004995
2026-09-30T13:49:45.889 -3.6796069976715042,-0.7452237446885506,0.005819169730506813,-0.0015689587209407685,-2.4204769920980635e-07,-0.9998277711566894,0.018492333338986717
2026-09-30T13:49:45.969 -3.6929290899329934,-0.7457327870699318,0.005839995070766437,-0.001563983448276554,-2.403453631282034e-07,-0.9998199046244124,0.018913282965858366
2026-09-30T13:49:46.005 -3.706253328175696,-0.746247074687101,0.0058606449908584985,-0.0015562673442266579,1.4144835766522189e-07,-0.9998166313796463,0.019086163799725196
2026-09-30T13:49:46.080 -3.719581381669748,-0.7467581437015401,0.005880973116728175,-0.001553992733092461,3.130741731395736e-07,-0.9998188392795451,0.018970338114830284
2026-09-30T13:49:46.114 -3.732911817847476,-0.7472572918168511,0.00590234809027813,-0.0015458107259798063,7.349415978460896e-07,-0.9998265373271532,0.01856086541771078
2026-09-30T13:49:46.196 -3.7462482145058287,-0.747737724148722,0.00592386659517583,-0.0015431405176573173,7.391405067373415e-07,-0.9998382856095627,0.017917068569590165
2026-09-30T13:49:46.227 -3.7595886645735574,-0.7481963114293163,0.005945376603763473,-0.0015457511595586369,5.9125795350568e-07,-0.9998522360504706,0.017120651794763155
2026-09-30T13:49:46.312 -3.7729324531541804,-0.7486307886731659,0.005966668368779521,-0.0015511057687822747,8.663277503888866e-07,-0.9998670789842606,0.016230170474339764
2026-09-30T13:49:46.348 -3.786280295237077,-0.7490397849824133,0.005987921834605672,-0.0015562946371634333,4.4547827577729834e-07,-0.9998822801505639,0.015264461592639845
2026-09-30T13:49:46.431 -3.7996309988146564,-0.7494222572607746,0.006009090412818426,-0.0015595208010038206,5.796455962628353e-07,-0.9998974236486567,0.014237628851529216
2026-09-30T13:49:46.464 -3.812983610023889,-0.7497764471591979,0.006030306705553152,-0.0015622017119403002,3.522330402523312e-07,-0.9999122699157522,0.013153402510947747
2026-09-30T13:49:46.555 -3.826339559293244,-0.7500994489692469,0.006051647479837632,-0.0015675140453337152,3.2576991080383885e-07,-0.999926637631993,0.012010922262202664
2026-09-30T13:49:46.586 -3.839484747610384,-0.7503844501647803,0.006072446394819346,-0.001567966071742344,3.9071504176405025e-07,-0.999941129228402,0.010736831919788805
2026-09-30T13:49:46.671 -3.8526249291819976,-0.7506327199348887,0.00609350560809356,-0.0015623214182402152,6.019445810633364e-07,-0.9999547320590665,0.009385786280561914
2026-09-30T13:49:46.702 -3.8659084008527005,-0.7508468827510881,0.006114612558064475,-0.001571231418686367,-2.8767649198360307e-08,-0.9999668335394473,0.007991436223843188
2026-09-30T13:49:46.786 -3.879240510394514,-0.7510236293638901,0.006135751699354902,-0.0015701465417745615,5.541597305656546e-07,-0.9999770356001737,0.006592640731838669
2026-09-30T13:49:46.822 -3.892591216911038,-0.7511633170229257,0.006156994743569369,-0.001572850712741906,2.1016705453590336e-07,-0.9999852080258093,0.005206713951254397
2026-09-30T13:49:46.907 -3.9059459773968244,-0.7512666309985656,0.006177990870816307,-0.0015735467575448867,3.038828239528883e-07,-0.999991474709528,0.0038176509496124886
2026-09-30T13:49:46.940 -3.9193012147318154,-0.7513315148854384,0.006199285768558851,-0.0015669553441059057,-1.1826584536947195e-07,-0.9999959593713059,0.0023718962872343484
2026-09-30T13:49:47.021 -3.9326571678666897,-0.7513568510995163,0.006220551988442739,-0.0015318689242854418,-3.018562268191004e-07,-0.9999984402976401,0.0008790789470684466
2026-09-30T13:49:47.055 -3.9460126446693007,-0.751342132986305,0.006241817447845059,-0.0015286224034771327,-4.2309080056692016e-07,-0.999998690165482,-0.0005319592927359158
2026-09-30T13:49:47.142 -3.9593671684824536,-0.7512862131504082,0.006262977084650093,-0.0015633585446449964,-3.8380460932713474e-07,-0.9999966457969447,-0.002065019315588728
2026-09-30T13:49:47.175 -3.9727214543588927,-0.7511883018392633,0.006284166139906879,-0.0015751608281058583,-5.07957113588711e-07,-0.9999920569560958,-0.0036612692913958436
2026-09-30T13:49:47.257 -3.9860752636791768,-0.751047534782495,0.0063055183467921345,-0.0015779650688559723,-4.978981047186166e-07,-0.999984852720852,-0.005272983486582734
2026-09-30T13:49:47.289 -3.999429073855256,-0.7508631222246287,0.006326676831685116,-0.001578395432156713,-6.613364887631783e-07,-0.9999749086808698,-0.006905843620357214
2026-09-30T13:49:47.370 -4.0127807389695,-0.7506341253654749,0.006347742509744928,-0.0015796352948416563,-7.621553126327242e-07,-0.9999619839979792,-0.008575273207292908
2026-09-30T13:49:47.411 -4.026130735511257,-0.7503600524726768,0.0063689396519597315,-0.001580620821660928,-7.015699715732789e-07,-0.9999460198333414,-0.010269326014152836
2026-09-30T13:49:47.488 -4.039479063890059,-0.7500401882905435,0.006390014938788879,-0.0015803910335598973,-7.804004553843974e-07,-0.9999270168812513,-0.011977615561287052
2026-09-30T13:49:47.521 -4.052824889299396,-0.7496736685411789,0.006411190567851903,-0.0015813706124138177,-8.503972394001301e-07,-0.9999044965718897,-0.013729421021256334
2026-09-30T13:49:47.604 -4.066169046374369,-0.7492600014967887,0.0064323635504480205,-0.0015818178433886759,-8.977144615801723e-07,-0.9998786985117883,-0.015494712448995872
2026-09-30T13:49:47.639 -4.079510938889043,-0.7487985314987544,0.006453652153197946,-0.001582424646858895,-1.0213094964343757e-06,-0.9998492646298638,-0.017289995671329068
2026-09-30T13:49:47.721 -4.092851282578477,-0.7482885433003983,0.006474759484028431,-0.0015828339310884423,-9.097140462400304e-07,-0.9998161355702037,-0.019109936927769165
2026-09-30T13:49:47.753 -4.1061901964708305,-0.747729440856752,0.006495804940465048,-0.0015830715108151182,-8.461514568409603e-07,-0.9997793708585796,-0.020945249807504774
2026-09-30T13:49:47.836 -4.119527203525005,-0.7471206281153395,0.0065169218787633435,-0.0015834307616050863,-7.825232918360142e-07,-0.9997385531220103,-0.022810483289938652
2026-09-30T13:49:47.871 -4.132860754311275,-0.746461598417202,0.006537929034856902,-0.0015832390473825505,-1.828794015655129e-07,-0.9996950534073019,-0.024643326623194236
2026-09-30T13:49:47.957 -4.146185007118724,-0.7457535735839634,0.006559100295010997,-0.0015815045517892081,-1.7766878949473694e-07,-0.9996498855790144,-0.02641221507531529
2026-09-30T13:49:47.991 -4.15950318133704,-0.7450011730162099,0.006579934110161865,-0.0015771104159239087,-3.5601417350250613e-07,-0.9996017395866568,-0.028175786376590704
2026-09-30T13:49:48.073 -4.172823978208536,-0.7442015954050761,0.0066011147904906625,-0.00158139682949088,-9.155978676945196e-07,-0.999548461151655,-0.030006215899174207
2026-09-30T13:49:48.107 -4.186144060694166,-0.7433517114647782,0.006622145320270305,-0.0015830503413656837,-2.5444725947739673e-07,-0.9994922640842634,-0.031823073190141514
2026-09-30T13:49:48.190 -4.199454726125694,-0.7424534284343424,0.0066432503588700524,-0.001579246460375918,-2.682529952069948e-07,-0.9994347596560689,-0.03358075597364443
2026-09-30T13:49:48.225 -4.212762531380777,-0.7415106505005976,0.006664172052900736,-0.0015782185471288365,-8.074542991851844e-07,-0.9993736172447282,-0.03535367563285704
2026-09-30T13:49:48.318 -4.226070098637334,-0.7405195629992426,0.006685212571205164,-0.001579900687906869,-8.461230167761563e-07,-0.9993068702675818,-0.03719251200323768
2026-09-30T13:49:48.351 -4.239376712712028,-0.7394782287703228,0.006706340980286241,-0.001581204947752429,-3.447446911660272e-07,-0.9992375604557099,-0.039010223856268594
2026-09-30T13:49:48.440 -4.252675221368262,-0.7383880782352993,0.006727337355430919,-0.0015770243178186252,-6.095614165046924e-07,-0.9991639635956652,-0.04085201152611657
2026-09-30T13:49:48.470 -4.26597325369075,-0.7372486346530335,0.006748407474295737,-0.001580075089805592,-6.730358377420632e-07,-0.9990850564832592,-0.04273819455826979
2026-09-30T13:49:48.553 -4.279267114269521,-0.7360578118144371,0.00676951569129628,-0.0015795344413520303,-8.522851692463142e-07,-0.9990016223916242,-0.04464597998840541
2026-09-30T13:49:48.584 -4.292557280309471,-0.7348162951789725,0.006790424342193645,-0.0015780834175428817,-3.994413160621313e-07,-0.9989166986113265,-0.0465074068081232
2026-09-30T13:49:48.667 -4.305836360323983,-0.7335260814091287,0.006811434665392254,-0.0015740060260641187,-4.088197244816863e-07,-0.9988319552460867,-0.04829335030977399
2026-09-30T13:49:48.701 -4.319107811690261,-0.7321904488039341,0.006832328610282811,-0.0015724067966037775,-6.528656965972009e-07,-0.9987433357028745,-0.050092683353314314
2026-09-30T13:49:48.783 -4.332379144457133,-0.7308063874233626,0.006853222358769586,-0.0015750716923991557,-6.761000133715359e-07,-0.9986479182857778,-0.05196012367373117
2026-09-30T13:49:48.814 -4.345646424443399,-0.7293699037066477,0.006874318306272241,-0.001576437948252806,-2.303102346602376e-07,-0.9985495811991437,-0.05381680713640617
2026-09-30T13:49:48.901 -4.358904645277078,-0.7278857063577452,0.006895310514443853,-0.0015720350417547035,-5.393911602702122e-07,-0.9984522018495533,-0.055594328193759986
2026-09-30T13:49:48.936 -4.372153926132412,-0.7263565669941381,0.006916199172220278,-0.001569879551663882,-8.752749886714623e-07,-0.9983542243939182,-0.0573269405449591
2026-09-30T13:49:49.021 -4.385401062201504,-0.7247834095734016,0.0069368162095453335,-0.0015694196619528622,-7.695745945315484e-07,-0.9982546957203497,-0.059034730401727124
2026-09-30T13:49:49.055 -4.398640091712534,-0.7231639988461582,0.006958001567053913,-0.0015710031905781297,-8.371703568740277e-07,-0.9981524235969945,-0.06073937121604378
2026-09-30T13:49:49.134 -4.411876380598784,-0.7215009574844968,0.006978780251478788,-0.001569798079788481,-8.499686440461569e-07,-0.9980490210097562,-0.06241544195736827
2026-09-30T13:49:49.177 -4.4251058749136885,-0.7197933019606513,0.006999682295385944,-0.0015706878313802625,-9.681616409828884e-07,-0.9979435305305387,-0.06407997199626983
2026-09-30T13:49:49.251 -4.438331435987703,-0.7180425224267996,0.007020503606603586,-0.0015700883958687164,-8.705361294590133e-07,-0.9978365509881542,-0.06572482281251442
2026-09-30T13:49:49.285 -4.451551632965616,-0.7162479930161204,0.007041465440377654,-0.0015707997173476577,-8.78217923390944e-07,-0.9977276033850485,-0.06735845923864373
2026-09-30T13:49:49.374 -4.4647670622782725,-0.7144109356313821,0.007062315419896941,-0.0015709653286458366,-8.782420250270857e-07,-0.9976171659878551,-0.06897479389983953
2026-09-30T13:49:49.405 -4.477977246991865,-0.7125315886851498,0.007083112395840642,-0.0015715034538763893,-8.683766567892119e-07,-0.9975049996806006,-0.07057836770814044
2026-09-30T13:49:49.491 -4.491181471568829,-0.7106099521683853,0.007104034051024468,-0.00157255740863631,-7.814511573315472e-07,-0.997391104355286,-0.07217002158465154
2026-09-30T13:49:49.524 -4.504380094078979,-0.7086464433181564,0.007124797829255426,-0.0015721853228544513,-7.454806490809391e-07,-0.9972758391495287,-0.07374570415528206
2026-09-30T13:49:49.608 -4.517571445186315,-0.7066416581598526,0.007145654411299411,-0.0015726261370551649,-1.0988424761411696e-06,-0.9971589043009438,-0.07531033407950737
2026-09-30T13:49:49.640 -4.53075671725934,-0.7045960437433508,0.007166426868343907,-0.0015720324020823723,-6.398099624268167e-07,-0.9970450096582476,-0.07680349880899102
2026-09-30T13:49:49.727 -4.543933764455556,-0.7025139213783791,0.007187126709552979,-0.0015683729902797254,-8.630237619267205e-07,-0.9969367196478828,-0.07819665736549959
2026-09-30T13:49:49.756 -4.557104017140583,-0.7003973772455007,0.0072078307027709084,-0.0015679530366023377,-9.798049126411615e-07,-0.9968315261199185,-0.07952641105789698
2026-09-30T13:49:49.841 -4.570267952310652,-0.6982468285832517,0.007228435293998032,-0.0015687202916595969,-8.292083692691373e-07,-0.9967278811157665,-0.08081503648723852
2026-09-30T13:49:49.875 -4.583425450201602,-0.6960633184713518,0.007249283021201512,-0.0015690215119842268,-8.732329021735027e-07,-0.9966254879541605,-0.08206811153465103
2026-09-30T13:49:49.959 -4.596579015093547,-0.6938474131855483,0.007269811599189253,-0.0015695246056502516,-5.170230937962867e-07,-0.9965245845179225,-0.08328438655370742
2026-09-30T13:49:49.996 -4.60972697728733,-0.6916004836115714,0.007290495225992418,-0.001569824524947909,-5.245750389438867e-07,-0.9964251711372613,-0.08446546024716456
2026-09-30T13:49:50.085 -4.622871601871045,-0.6893227979988524,0.007311262977109878,-0.0015700560640701674,-3.0303124299802354e-07,-0.996322181689482,-0.08567172927737068
2026-09-30T13:49:50.116 -4.6360144385075515,-0.6870113165300085,0.007332176906887426,-0.0015742989398515083,1.7741082478277107e-08,-0.9962124541231704,-0.08693829899841651
2026-09-30T13:49:50.200 -4.649152507334497,-0.6846650258885977,0.007353008785957856,-0.001575286461411207,3.59718164042901e-08,-0.9960989145878963,-0.08822964824466942
2026-09-30T13:49:50.232 -4.662285927674697,-0.6822842539016811,0.007373684297144466,-0.0015742183724671464,6.751280201116352e-08,-0.9959836481454601,-0.08952147487263455
2026-09-30T13:49:50.314 -4.6754138645174015,-0.6798693879888809,0.007394544847412066,-0.0015738193102149873,7.228455296200022e-08,-0.9958664142393719,-0.09081634259751621
2026-09-30T13:49:50.345 -4.6885357221288215,-0.6774199811078924,0.007415395779421565,-0.0015733788350429467,1.0317441491098788e-07,-0.9957472134304605,-0.09211412174310575
2026-09-30T13:49:50.430 -4.701651023878433,-0.6749365100898949,0.007436102229037767,-0.0015727628090543683,2.5048265397326184e-08,-0.9956261650252825,-0.09341341410201733
2026-09-30T13:49:50.466 -4.714759650323745,-0.6724187961194261,0.007456813019174592,-0.0015720196962598777,-1.2470871210014044e-07,-0.9955032093843684,-0.09471477635238078
2026-09-30T13:49:50.546 -4.727861959283287,-0.6698666305847536,0.007477409506104925,-0.0015711880267927426,-9.112248129081751e-08,-0.9953784656782503,-0.09601688097511067
2026-09-30T13:49:50.577 -4.7409569964911755,-0.6672803114970263,0.007498262710581572,-0.0015705311356557705,-2.6906826871726716e-07,-0.9952516356943367,-0.09732273670436307
2026-09-30T13:49:50.660 -4.754045597192637,-0.6646595408436162,0.0075188822142286645,-0.0015699400144791825,-1.8474908021044116e-07,-0.9951230175222525,-0.09862918070086368
2026-09-30T13:49:50.693 -4.76712680731327,-0.6620043782171149,0.007539519828619465,-0.0015692535317126395,-2.7164422592029467e-07,-0.9949923728854506,-0.09993855783960442
2026-09-30T13:49:50.776 -4.780200984410566,-0.659314764017372,0.007560220822619484,-0.0015685005412201995,-4.476137823481721e-07,-0.9948598805632911,-0.10124898938481428
2026-09-30T13:49:50.809 -4.793268247861217,-0.6565904896296508,0.00758088107667914,-0.0015679696133395827,-4.0634070282685866e-07,-0.9947255403273567,-0.10256042556256685
2026-09-30T13:49:50.891 -4.806328359267496,-0.6538317934695316,0.007601485312729825,-0.0015675421348949454,-4.475596468560121e-07,-0.9945892926700418,-0.10387339273154103
2026-09-30T13:49:50.931 -4.8193808414629995,-0.6510386755309724,0.007622241392837422,-0.0015671677013000568,-4.779453784571215e-07,-0.9944510184285644,-0.10518895346736244
2026-09-30T13:49:51.004 -4.832425456452782,-0.6482111954156656,0.007642880719480418,-0.0015666952925241103,-6.757565957991665e-07,-0.9943172738492159,-0.1064457814592352
2026-09-30T13:49:51.034 -4.845459939537857,-0.6453537340365239,0.007663191096211589,-0.001561851924713577,-1.101309804025036e-06,-0.9941919364011088,-0.10761019567107107
2026-09-30T13:49:51.117 -4.858487031798762,-0.6424681093696503,0.007683623892703242,-0.0015606290410279972,-1.2454004379485219e-06,-0.9940709469013472,-0.108722200870403
2026-09-30T13:49:51.147 -4.87150804447174,-0.6395538147920655,0.007704225885607911,-0.001562035489343633,-9.296186280901879e-07,-0.9939448891433554,-0.10986863697192555
2026-09-30T13:49:51.228 -4.884524527506124,-0.6366075124631955,0.007724880315511824,-0.0015657832354201106,-6.018385262108883e-07,-0.9938105448774645,-0.11107722184523121
2026-09-30T13:49:51.257 -4.897535050526539,-0.6336278910628588,0.0077455104146974445,-0.0015674030631222919,-2.504400807874147e-07,-0.9936781690552993,-0.1122552430422887
2026-09-30T13:49:51.343 -4.910536633334552,-0.6306200467506725,0.007766051867365111,-0.0015629064945687926,-9.162701378349082e-07,-0.9935550362038731,-0.11333996363317844
2026-09-30T13:49:51.376 -4.923531302693387,-0.6275861849240352,0.007786358866652669,-0.0015617373086087441,-9.250060295428404e-07,-0.9934363707617032,-0.1143754266594849
2026-09-30T13:49:51.458 -4.936519654087803,-0.624525947962517,0.007806789982335848,-0.0015629503596031483,-8.410824197863752e-07,-0.9933189550070133,-0.11539068770590345
2026-09-30T13:49:51.486 -4.949502045070412,-0.6214396636961586,0.007827390483343528,-0.001563635128354616,-6.351843720785695e-07,-0.9932034468602775,-0.11638070368255259
2026-09-30T13:49:51.572 -4.962478833941379,-0.6183281665945682,0.007847728802125276,-0.001564311288156141,-6.034705838887376e-07,-0.9930897267117003,-0.11734712450465234
2026-09-30T13:49:51.606 -4.975449662265477,-0.6151919930949535,0.007868311012168597,-0.0015648302660594944,-5.402814310719052e-07,-0.9929777946824331,-0.11829053458987472
2026-09-30T13:49:51.686 -4.988415365205996,-0.6120317392543504,0.007888691398671566,-0.0015648398103631923,-4.575021387721636e-07,-0.9928677106559727,-0.11921099115822564
2026-09-30T13:49:51.715 -5.001376359683766,-0.608847792508167,0.00790906433623975,-0.0015653500161805958,-4.800730653151475e-07,-0.9927593546339619,-0.12011000568585453
2026-09-30T13:49:51.806 -5.014331274408825,-0.60564077868787,0.007929666075707652,-0.0015656454750962872,-2.149410132642902e-07,-0.9926523695755599,-0.12099099937692136
2026-09-30T13:49:51.838 -5.0272808851295006,-0.6024112044427996,0.007949931598876917,-0.0015658789420088162,-3.224549551295247e-07,-0.9925469937688546,-0.12185242378978055
2026-09-30T13:49:51.919 -5.040225369849821,-0.5991597552285285,0.007970367827430757,-0.0015655887333506661,-2.8553993361852323e-07,-0.9924489493377978,-0.12264840761354354
2026-09-30T13:49:51.949 -5.053163238643857,-0.5958901861189443,0.007990823394526215,-0.0015632347201055797,-6.868763508857957e-07,-0.9923577606948717,-0.12338407954593707
2026-09-30T13:49:52.033 -5.066097531771404,-0.5926022885361112,0.00801103488586715,-0.0015640134270281391,-5.248886856366324e-07,-0.9922697284355819,-0.1240900475143003
2026-09-30T13:49:52.069 -5.079027414054163,-0.5892966585158887,0.00803144801645048,-0.0015635618872527892,-5.046936274301546e-07,-0.9921850944191324,-0.12476495375892802
2026-09-30T13:49:52.150 -5.091953839576589,-0.5859743093492944,0.008051796073735849,-0.001563895142815231,-4.7522915760344757e-07,-0.9921037974539638,-0.12540976560531822
2026-09-30T13:49:52.185 -5.104876331285945,-0.5826355688558462,0.008072212414129927,-0.0015642675592588294,-4.490806237955187e-07,-0.9920253017171266,-0.12602917844628594
2026-09-30T13:49:52.275 -5.117795127729496,-0.5792814205152009,0.0080926080079032,-0.001563510019994788,-6.443241437222261e-07,-0.9919499061438954,-0.12662124283515583
2026-09-30T13:49:52.315 -5.13071082503818,-0.5759125795906112,0.008112924193014976,-0.001562602699736403,-6.943640655810138e-07,-0.9918836893389774,-0.1271389204595493
2026-09-30T13:49:52.391 -5.143622469491968,-0.5725327713603682,0.008133159462214441,-0.001559570859858147,-8.741022012532904e-07,-0.991825818444897,-0.12758962968862017
2026-09-30T13:49:52.422 -5.156533815825383,-0.569141995871708,0.008153543269839431,-0.00156090402864841,-8.709928361100368e-07,-0.9917663944440518,-0.12805070257245946
2026-09-30T13:49:52.512 -5.16944253962894,-0.565738077525846,0.00817398253326959,-0.0015627576784987191,-5.646380455246344e-07,-0.9917114401537289,-0.12847559011865528
2026-09-30T13:49:52.545 -5.182348164455934,-0.5623256058744782,0.008194193377616742,-0.0015594612640587723,-9.650359578561705e-07,-0.9916650725817405,-0.1288330388568317
2026-09-30T13:49:52.627 -5.195252716317619,-0.5589047597569906,0.00821452173339201,-0.001559091212774848,-9.361387762233549e-07,-0.9916230536200683,-0.12915606359333345
2026-09-30T13:49:52.670 -5.208155659048831,-0.555476075608465,0.008234787938800987,-0.0015591978963893681,-1.2885119414144977e-06,-0.9915786502046929,-0.12949652257299768
2026-09-30T13:49:52.749 -5.221057409413062,-0.5520374672715301,0.008255305577185195,-0.0015622115119545675,-6.599237479102366e-07,-0.991531741209965,-0.12985517189504397
2026-09-30T13:49:52.781 -5.233956001156921,-0.5485896797795633,0.008275624504427908,-0.0015611181796427538,-8.448737054753298e-07,-0.991486802315367,-0.13019786382181453
2026-09-30T13:49:52.867 -5.2468531027064795,-0.5451332793976447,0.008296060283370925,-0.00156076308145108,-8.559974607618862e-07,-0.9914495514652759,-0.13048122821760394
2026-09-30T13:49:52.898 -5.259747224586455,-0.541671782781134,0.0083161784254235,-0.0015574329639563157,-1.232679092023072e-06,-0.991413554601435,-0.13075449572994
2026-09-30T13:49:52.983 -5.272641346100285,-0.5382019415143009,0.008336594588962546,-0.001561023081092469,-7.364807432050592e-07,-0.9913750489863066,-0.13104608141335725
2026-09-30T13:49:53.017 -5.285532368034665,-0.5347246496278218,0.008357154862163152,-0.0015604839751980461,-9.551048579517363e-07,-0.9913373214553023,-0.13133118433440663
2026-09-30T13:49:53.102 -5.298421662160813,-0.5312403541738937,0.00837731007037237,-0.001560643870327625,-9.570997902357773e-07,-0.9913009642099967,-0.13160532947462653
2026-09-30T13:49:53.141 -5.311309406281221,-0.5277489061430382,0.008397701245420037,-0.0015606832126747088,-7.701178816929472e-07,-0.9912655606858553,-0.1318717273166382
2026-09-30T13:49:53.225 -5.324195064111801,-0.5242509313772907,0.008418223231239209,-0.0015606080732323343,-8.488362758418918e-07,-0.991231230082036,-0.1321295311872985
2026-09-30T13:49:53.257 -5.337078934216165,-0.5207465192874337,0.00843853377277174,-0.001560590375939039,-9.597980227128686e-07,-0.9911980914666672,-0.13237789856918808
2026-09-30T13:49:53.343 -5.349961314238324,-0.5172358188887868,0.008458871759529389,-0.0015607940056325867,-7.087184066058e-07,-0.9911720452945687,-0.1325727745359171
2026-09-30T13:49:53.374 -5.362842025532708,-0.5137223170508429,0.008479102799075596,-0.0015584982535500015,-9.93585616357394e-07,-0.9911465375133398,-0.13276336941161315
2026-09-30T13:49:53.460 -5.375722796230363,-0.5102023481096593,0.008499512745516084,-0.001562678215336425,-5.399257241075075e-07,-0.9911179849155882,-0.13297630621042222
2026-09-30T13:49:53.495 -5.388600825233571,-0.5066769253089647,0.00851988855368147,-0.0015621397433941587,-5.446555561947174e-07,-0.9910962306592462,-0.13313835394866444
2026-09-30T13:49:53.586 -5.401477722149797,-0.5031496845523902,0.00854002415268449,-0.0015599373271968683,-9.046064580995704e-07,-0.9910814511362813,-0.13324835386720493
2026-09-30T13:49:53.624 -5.414354916882539,-0.49962011921839455,0.008560309233939268,-0.0015609826341606444,-6.584111745785246e-07,-0.9910695299351614,-0.13333697974260802
2026-09-30T13:49:53.706 -5.427231038567048,-0.49608876573152616,0.008580711827699452,-0.0015615379237337564,-5.31926701303621e-07,-0.9910600527979849,-0.13340739614836003
2026-09-30T13:49:53.739 -5.439901702912967,-0.4926123055358027,0.00860059586596569,-0.0015615641541851723,-4.0494924486664705e-07,-0.9910534965708301,-0.1334560918503162
2026-09-30T13:49:53.822 -5.452564439548805,-0.48913739496100345,0.008620646184108786,-0.0015630390527057068,-2.9643496438857406e-07,-0.9910490848658653,-0.13348883209977813
2026-09-30T13:49:53.856 -5.465364386362125,-0.485624339141033,0.008640928340533045,-0.0015635837422404734,-3.6027932931709716e-07,-0.9910467003601127,-0.1335065275972838
2026-09-30T13:49:53.941 -5.478213447675868,-0.482097813289716,0.008661183841553377,-0.001564049482113119,-3.005058236501399e-07,-0.9910464019825174,-0.13350873704231464
2026-09-30T13:49:53.974 -5.4910796751856905,-0.4785668173061672,0.008681451582182524,-0.0015641638316570715,-1.298104655632192e-07,-0.991048368754106,-0.1334941353817344
2026-09-30T13:49:54.056 -5.5037471803831375,-0.47509131074497635,0.0087013902303883,-0.001563901406299408,1.725952909505673e-07,-0.9910524218892817,-0.1334640448950619
2026-09-30T13:49:54.088 -5.51614950372693,-0.4716898298139157,0.008721028820482096,-0.001564184680134024,7.14372629757833e-08,-0.9910584414548793,-0.1334193349830047
2026-09-30T13:49:54.176 -5.5284212330596665,-0.468325540537013,0.00874041623063335,-0.0015644742720627687,1.3140566809455505e-07,-0.9910663086735328,-0.13336087969285773
2026-09-30T13:49:54.209 -5.540647007014939,-0.4649757942148463,0.008759775686580472,-0.0015648966073935674,3.212011018814391e-07,-0.9910754274264366,-0.13329309153144803
2026-09-30T13:49:54.295 -5.552651170602031,-0.46168862997962296,0.008778650653480394,-0.0015644926695366932,4.1294221504666276e-07,-0.9910795998769277,-0.13326206913561547
2026-09-30T13:49:54.327 -5.564382045896615,-0.45847590850496045,0.00879734685580848,-0.0015650112084868194,-6.676901120824817e-08,-0.9910761425582839,-0.13328777285147062
2026-09-30T13:49:54.408 -5.575773531968816,-0.45535473549177097,0.008815282946244403,-0.0015638289114104876,2.134496033196691e-07,-0.9910702429074926,-0.13333164688990395
2026-09-30T13:49:54.452 -5.5868499766833875,-0.4523186739448899,0.008832929554424,-0.0015640644193455461,1.7215300660116862e-08,-0.9910627924869003,-0.13338701230089453
2026-09-30T13:49:54.529 -5.597777618327845,-0.4493220091947866,0.00885019188431919,-0.0015642463989590399,-2.0519700091046447e-07,-0.9910539712653078,-0.1334525352791171
2026-09-30T13:49:54.561 -5.608652360665856,-0.44633774154478006,0.00886743018169517,-0.0015647315738506055,-1.8499516049649159e-07,-0.9910439577662559,-0.13352687141569405
2026-09-30T13:49:54.648 -5.619507254681809,-0.44335722873750705,0.008884607295060989,-0.0015649632030569904,-1.878565800726247e-07,-0.9910312623827684,-0.13362106072829372
2026-09-30T13:49:54.680 -5.630149955631704,-0.4404324436015609,0.008901508523230744,-0.0015635142206741482,-1.3154774717349955e-07,-0.9910179723087091,-0.13371960957316317
2026-09-30T13:49:54.764 -5.640523392313851,-0.4375794786725387,0.008917805214550201,-0.00156364251655576,-2.754775187534474e-07,-0.9910042041721079,-0.13382160638406607
2026-09-30T13:49:54.796 -5.650763135375021,-0.43476054631245487,0.008933979935148051,-0.0015631535547316955,-4.1593656536588137e-07,-0.9909885888645041,-0.1339371990566113
2026-09-30T13:49:54.875 -5.660955432830577,-0.43195210377248267,0.008950228652845324,-0.0015632954308129755,-4.1407435326050357e-07,-0.9909720194273022,-0.1340597360112244
2026-09-30T13:49:54.908 -5.6711297597919685,-0.4291454491456352,0.008966255242242111,-0.0015633377429567056,-4.439306910592975e-07,-0.9909527679829233,-0.1342019657154364
2026-09-30T13:49:54.996 -5.681297679256506,-0.4263373639266395,0.008982286601612148,-0.0015630959632615786,-5.477649673375085e-07,-0.9909329803451095,-0.13434800033892758
2026-09-30T13:49:55.030 -5.691257369191437,-0.4235833374987987,0.008998167551697411,-0.0015618637227859796,-4.638369391528798e-07,-0.9909120014513615,-0.13450266153929186
2026-09-30T13:49:55.110 -5.700949046709465,-0.4209000584100514,0.009013356536967916,-0.0015621455937253816,-5.078493682261529e-07,-0.990891080961325,-0.13465669449449305
2026-09-30T13:49:55.143 -5.710507745755566,-0.41824985822491745,0.009028499187968777,-0.0015620936646428382,-5.686783051741937e-07,-0.9908689686959428,-0.13481931144497933
2026-09-30T13:49:55.228 -5.720017538937206,-0.4156096710043571,0.009043683724795084,-0.001561895582002432,-7.14147340804564e-07,-0.9908442936627408,-0.1350005414717488
2026-09-30T13:49:55.262 -5.729305543276713,-0.41302753591551905,0.009058204675398656,-0.0015607201566311393,-6.076337678088757e-07,-0.9908202750217263,-0.13517672417281928
2026-09-30T13:49:55.355 -5.738320468082273,-0.41051787663660455,0.00907247268524023,-0.0015613461826107851,-5.385941759747842e-07,-0.9907962549550292,-0.13535266293980697
2026-09-30T13:49:55.387 -5.747200030408821,-0.4080423095102693,0.009086571382186994,-0.0015611028917887082,-6.54152615170064e-07,-0.9907706263222671,-0.13554013787183478
2026-09-30T13:49:55.471 -5.75603153652626,-0.4055761593127863,0.009100534494088834,-0.0015615665380690625,-7.013565250759619e-07,-0.9907446991193304,-0.13572952028355162
2026-09-30T13:49:55.503 -5.764845474109422,-0.4031113201962915,0.009114514532021785,-0.001561854756879168,-5.992557508898462e-07,-0.9907181164321909,-0.13592341366523786
2026-09-30T13:49:55.585 -5.773446503637598,-0.4007016723003455,0.009128053641207575,-0.0015602797686943297,-5.71923433869562e-07,-0.9906821181108438,-0.13618555864014506
2026-09-30T13:49:55.617 -5.781778015012109,-0.3983620564687227,0.009141360341289444,-0.0015589081993258665,-9.825092699807307e-07,-0.990649397732058,-0.13642338720824862
2026-09-30T13:49:55.701 -5.789977234059803,-0.3960566520376758,0.00915417475678433,-0.0015612939850583698,-6.539304616617664e-07,-0.9906201908948183,-0.13663528004208303
2026-09-30T13:49:55.734 -5.798127353511374,-0.393760724126958,0.0091670456528754,-0.0015614713331104039,-6.641365624411772e-07,-0.9905895553546707,-0.13685720525084077
2026-09-30T13:49:55.816 -5.806260530118487,-0.39146557086328587,0.009180038772441033,-0.0015621927511856295,-5.926717240026376e-07,-0.9905585617703767,-0.1370813454006784
2026-09-30T13:49:55.848 -5.814385049556746,-0.3891689869791833,0.009192779784948731,-0.0015618471919196554,-6.110276452120174e-07,-0.99052506574508,-0.13732317635301283
2026-09-30T13:49:55.935 -5.82230269544731,-0.3869263426940154,0.009205387433283366,-0.0015613552127096866,-3.650772498453366e-07,-0.9904850732189412,-0.13761134364664646
2026-09-30T13:49:55.966 -5.829951941187984,-0.38475420732444876,0.009217496219049449,-0.001559921831456838,-6.186130129874135e-07,-0.9904481211335425,-0.13787706838532907
2026-09-30T13:49:56.049 -5.837469147617231,-0.3826161045446775,0.009229306835578044,-0.0015624715463441227,-5.469222741869861e-07,-0.9904143844024518,-0.13811917264116705
2026-09-30T13:49:56.085 -5.844937626930299,-0.3804875974992095,0.009241204324015324,-0.0015623838842478888,-4.2647050370826174e-07,-0.9903798749280164,-0.13836640594444605
2026-09-30T13:49:56.176 -5.852388493293637,-0.37835998430168627,0.009252939854023704,-0.0015628524684370084,-4.568954756802337e-07,-0.9903447093891656,-0.13861787069798245
2026-09-30T13:49:56.224 -5.859832073046588,-0.37623040405914854,0.009264648961573887,-0.0015624780697845438,-6.024265944854571e-07,-0.9903149682946851,-0.13883019208160496
2026-09-30T13:49:56.293 -5.8672720764505915,-0.37409927405081017,0.009276412018965322,-0.0015623997914002265,-4.238692711997175e-07,-0.9902873726357185,-0.13902689849434818
2026-09-30T13:49:56.329 -5.874505877165649,-0.3720238717892303,0.009287834156694385,-0.0015626067407441934,-3.06330028874562e-07,-0.990254650977891,-0.13925977336164092
2026-09-30T13:49:56.415 -5.88147263328744,-0.3700208262042624,0.00929902779671199,-0.0015626517978188184,-3.9648168322267446e-07,-0.9902126315334494,-0.13955824042600531
2026-09-30T13:49:56.454 -5.888307276006122,-0.36805074032459256,0.009309669830091386,-0.0015619226755341628,-4.95123031278557e-07,-0.9901746656334329,-0.13982736475751092
2026-09-30T13:49:56.535 -5.895094890141392,-0.3660909654563285,0.009320520630512884,-0.0015639735125528565,-2.4500697998939456e-07,-0.9901396180308842,-0.14007530400626195
2026-09-30T13:49:56.574 -5.9018641314569,-0.3641325612636104,0.009331148666437153,-0.0015637114873655934,-3.217405186218379e-07,-0.9901033206116786,-0.1403316404807141
2026-09-30T13:49:56.661 -5.908626711956882,-0.36217266687091,0.009341781071799572,-0.0015639365806833392,-3.0086241677603087e-07,-0.9900665459882011,-0.14059085538282556
2026-09-30T13:49:56.696 -5.915385790418097,-0.3602099114111374,0.00935260165487345,-0.0015636811359304528,-3.8879087892268695e-07,-0.9900351955259018,-0.14081145735040024
2026-09-30T13:49:56.780 -5.922142693814473,-0.35824471213359327,0.009363120774890292,-0.0015642188847083062,-2.245118493391946e-07,-0.9899999703023785,-0.14105889557386989
2026-09-30T13:49:56.819 -5.928693945536583,-0.3563350617957765,0.009373508462943114,-0.0015619760393500298,-3.578408233798499e-07,-0.9899623631929534,-0.14132260856687934
2026-09-30T13:49:56.900 -5.934979076892219,-0.35449943707630077,0.009383430696015877,-0.0015636739290124711,-1.0311626103542214e-07,-0.9899255873934696,-0.14157996449896298
2026-09-30T13:49:56.933 -5.9411316919161825,-0.3526993350567171,0.00939315831416279,-0.0015638343091260382,-3.246083509367143e-07,-0.9898891704187504,-0.14183435659185867
2026-09-30T13:49:57.017 -5.9472369061108905,-0.3509095440438819,0.009402915296633117,-0.0015641115993096266,-4.626185668951361e-07,-0.9898524553384371,-0.14209035933221686
2026-09-30T13:49:57.052 -5.953322853566901,-0.3491204680442601,0.00941235869402468,-0.0015637097451187342,3.269390082257063e-07,-0.9898209261708732,-0.1423098342559673
2026-09-30T13:49:57.150 -5.959401975858268,-0.3473327628654949,0.009422059521582555,-0.001564355922947231,-1.4403265623235765e-07,-0.9897924954794636,-0.14250743378175731
2026-09-30T13:49:57.184 -5.96547671746779,-0.34554171977149073,0.009431619311578826,-0.001564463286229702,9.321342328108291e-07,-0.9897634691917989,-0.14270889077829846
2026-09-30T13:49:57.270 -5.971551131280989,-0.3437502594408485,0.00944116368203736,-0.0015642115976584223,-7.4021819731288e-08,-0.9897359928396762,-0.1428993272193158
2026-09-30T13:49:57.299 -5.977418969901736,-0.34201440764298774,0.009450351642663581,-0.0015636210342121338,1.02322215939141e-06,-0.9897021989347411,-0.1431331984968983
2026-09-30T13:49:57.386 -5.9830206278915945,-0.3403563365552671,0.009459461484389465,-0.0015639070498539012,-6.641470253826315e-07,-0.9896689407527604,-0.14336297256826083
2026-09-30T13:49:57.419 -5.988490261963683,-0.3387324768715211,0.009467960256473491,-0.0015633693286368257,8.553683019601856e-07,-0.9896346103825343,-0.1435997695284374
2026-09-30T13:49:57.506 -5.9939132547001766,-0.33712214685486,0.009476757815549668,-0.0015640387317644683,-5.776664720052298e-07,-0.989601649903093,-0.14382673010114796
2026-09-30T13:49:57.540 -5.999318724500817,-0.3355112801758631,0.009485021028760653,-0.0015640653406832222,1.2999087092773416e-06,-0.9895594516064108,-0.14411677707449608
2026-09-30T13:49:57.620 -6.004718530944678,-0.3339007114486928,0.00949385643366094,-0.0015637585504676558,-1.085232146203104e-06,-0.989520710490542,-0.14438254107859222
2026-09-30T13:49:57.655 -6.010115193682503,-0.3322874008683246,0.009502433547462694,-0.0015637098689197581,1.4107839665006996e-06,-0.9894923399326283,-0.1445768447024194
2026-09-30T13:49:57.741 -6.015508518983975,-0.33067444787385014,0.009510737163246213,-0.001564019620900344,-2.9373413879645677e-07,-0.9894650419270817,-0.1447635473687264
2026-09-30T13:49:57.774 -6.020900830770057,-0.3290579185878994,0.009519217990054195,-0.0015633210225993986,7.496750509026554e-07,-0.9894372082984959,-0.14495367143089916
2026-09-30T13:49:57.856 -6.0262926061886875,-0.32744115087662395,0.009527653265224145,-0.0015635124054678557,-2.2227094874385977e-07,-0.989411042823484,-0.14513215966096127
2026-09-30T13:49:57.895 -6.0314796539493045,-0.32588148183749066,0.00953585426142509,-0.0015620836872217033,7.131856087949597e-07,-0.9893786204066013,-0.14535303703870733
2026-09-30T13:49:57.976 -6.036401877302848,-0.32440084522313706,0.009543830271493386,-0.0015624241294548077,-8.420779118684912e-07,-0.989345600567537,-0.14557761320955317
2026-09-30T13:49:58.019 -6.041194148010491,-0.3229552545038652,0.009551183585797499,-0.0015620876835922416,4.631367601999316e-08,-0.989312342853129,-0.1458034572996117
2026-09-30T13:49:58.096 -6.045736174626025,-0.32158351078879127,0.009558662792025248,-0.001562188297456996,-5.280985839775439e-07,-0.9892734225892315,-0.1460672958811528
2026-09-30T13:49:58.133 -6.050253317126112,-0.32021617750422515,0.009565566212116376,-0.0015613770316679175,-1.74593956827022e-07,-0.9892372447411065,-0.14631211747069614
2026-09-30T13:49:58.223 -6.0549001138758936,-0.3188078974609411,0.009573374977509017,-0.0015633464876545777,-1.0565980981803255e-06,-0.9891977269724981,-0.14657903294498276
2026-09-30T13:49:58.256 -6.0595908334771345,-0.3173816769727276,0.009580299510870461,-0.0015614433511457475,-5.954631332790883e-08,-0.9891442057603931,-0.14693979074879226
2026-09-30T13:49:58.336 -6.064300036146159,-0.31594681404352726,0.00958846026193672,-0.0015615869118661212,-2.33656932077656e-06,-0.9890957491064413,-0.14726561221284895
2026-09-30T13:49:58.372 -6.069014918424457,-0.31450724241912525,0.009595229281311296,-0.0015612485449058029,-1.0486026281752626e-07,-0.9890590940546368,-0.14751159605533248
2026-09-30T13:49:58.466 -6.073728532444861,-0.31306671710426626,0.009603054279025473,-0.0015616550176822007,-1.334960638786874e-06,-0.989027564196079,-0.1477228435015875
2026-09-30T13:49:58.518 -6.0784407838773555,-0.3116228539122297,0.009610355580435003,-0.0015614496539317348,1.1313452597836565e-06,-0.9889960348196108,-0.14793378581238897
2026-09-30T13:49:58.593 -6.083152424251958,-0.31017845427068474,0.00961773042149673,-0.0015616160035403241,-1.0166376211377938e-06,-0.9889593197591071,-0.14817903095926926
2026-09-30T13:49:58.627 -6.087658964128443,-0.3087915705290696,0.009625064109503213,-0.0015584788039251713,1.2204634285481552e-06,-0.9889199252107533,-0.14844174838463206
2026-09-30T13:49:58.708 -6.091753710514164,-0.3075312818685662,0.009631001671790887,-0.0015597230710231674,-4.339967165611556e-07,-0.9888766530541921,-0.1487297290661571
2026-09-30T13:49:58.742 -6.095455437777752,-0.3063872173172298,0.009636332750930933,-0.001556968359082938,7.285082317372827e-07,-0.9888214636209618,-0.14909624050088288
2026-09-30T13:49:58.830 -6.099148854883546,-0.3052442851492333,0.00964339412906122,-0.0015582781657844413,-2.2260800454222e-06,-0.9887702643143647,-0.14943539129638705
2026-09-30T13:49:58.864 -6.103029687392706,-0.30404061820809253,0.009648874271371904,-0.001559254581532736,-4.339503568054526e-07,-0.9887297936602771,-0.14970291865380514
2026-09-30T13:49:58.957 -6.107012226296928,-0.30280411038798916,0.009655632804931613,-0.001559986773902457,-1.313352127387955e-06,-0.9886979655134226,-0.14991297285145075
2026-09-30T13:49:58.994 -6.111028890338421,-0.3015534766968509,0.009661595924175117,-0.0015594763753750513,2.3869687149576004e-07,-0.9886579132446441,-0.1501768910722405
2026-09-30T13:49:59.074 -6.115058949557026,-0.3002978363840931,0.009668220972453064,-0.0015592558349075219,-1.0285086003446817e-06,-0.9886231057368592,-0.15040586266296435
2026-09-30T13:49:59.107 -6.119091855724633,-0.2990379641774796,0.009674358782354182,-0.0015593282931030223,9.275149275133185e-08,-0.9885908608900369,-0.1506176558706243
2026-09-30T13:49:59.194 -6.123124761470407,-0.2977779131568825,0.00968076481279228,-0.0015589684549294095,-6.979305243377479e-07,-0.9885594508137594,-0.1508236779277974
2026-09-30T13:49:59.228 -6.127157607772186,-0.2965144646707969,0.009687096242720569,-0.0015587821313067858,1.6668253894015663e-07,-0.9885270273611071,-0.15103604329712927
2026-09-30T13:49:59.312 -6.131190602855793,-0.29525053934940176,0.009693576919599692,-0.001558965321226611,-8.195230797029588e-07,-0.9884962724761535,-0.151237194258575
2026-09-30T13:49:59.346 -6.135222942466508,-0.29398375299681934,0.009699967152501593,-0.0015585308855519285,5.528840158839701e-08,-0.9884646240447096,-0.15144391038806038
2026-09-30T13:49:59.430 -6.13925511828696,-0.29271660901431823,0.009706282620468699,-0.0015587132652266967,-8.249709805955252e-07,-0.9884345843835333,-0.1516398457095897
2026-09-30T13:49:59.469 -6.143287115174556,-0.29144582914621575,0.009712702113115299,-0.0015581955121655453,1.4390976101526213e-07,-0.988397273803401,-0.1518828534256915
2026-09-30T13:49:59.551 -6.147319693100167,-0.29017415521574474,0.009719197030180775,-0.0015580700287207703,-1.2467431634593522e-06,-0.9883585324570212,-0.15213475518642885
2026-09-30T13:49:59.588 -6.15114816995797,-0.2889623813836898,0.009724966920563932,-0.0015572009757443812,1.7946646294669144e-07,-0.9883124010194922,-0.15243415993856224
2026-09-30T13:49:59.678 -6.154566341368505,-0.2878788715813231,0.009730639440936164,-0.0015559455716458968,-1.2737977762712828e-06,-0.9882569719345399,-0.1527931165155349
2026-09-30T13:49:59.713 -6.157592343794866,-0.28691569861940186,0.009735185281781515,-0.0015540665054204592,-8.14221802757353e-07,-0.9881874772080045,-0.15324194845378833
2026-09-30T13:49:59.789 -6.16061362127072,-0.2859519295514111,0.009740543216750854,-0.0015553998489214182,-1.8293432315070788e-06,-0.988142774469134,-0.15352992539699226
2026-09-30T13:49:59.834 -6.163820301228988,-0.2849288561962786,0.009745106496048192,-0.0015574069508406435,-8.660735036525659e-07,-0.9880964023312051,-0.15382806695453505
2026-09-30T13:49:59.909 -6.167127056307137,-0.283869246453706,0.009750722068997115,-0.0015571055635594745,-7.12314970592409e-07,-0.9880422241186821,-0.1541756750605121
2026-09-30T13:49:59.950 -6.170468741092566,-0.2827971797802745,0.009755588203587514,-0.0015564986128285222,-9.513641220554655e-07,-0.9879802382459657,-0.15457239775137133
2026-09-30T13:50:00.031 -6.173824670247962,-0.2817169474497196,0.0097612517199167,-0.0015559861652414693,-2.1749087269643693e-06,-0.9879164642237543,-0.1549794780542214
2026-09-30T13:50:00.066 -6.17718589040866,-0.2806317083957247,0.009766267949065679,-0.0015561892996462231,-6.578759896080558e-07,-0.9878604379252737,-0.155336194933819
2026-09-30T13:50:00.152 -6.180545321637203,-0.27954599248196577,0.009771787989746213,-0.001556509309378714,-1.7391862613790682e-06,-0.9878163319853545,-0.15561642438619702
2026-09-30T13:50:00.188 -6.183900551497925,-0.2784583691667538,0.009776839450686404,-0.0015559432943727243,-2.2645276903258674e-07,-0.9877764585051857,-0.1558693268843069
2026-09-30T13:50:00.265 -6.187252949472116,-0.2773715206762021,0.009782303667285445,-0.001556511399718938,-9.191766885740753e-07,-0.9877384317965389,-0.15611011377720563
2026-09-30T13:50:00.303 -6.190604632726754,-0.2762814535258849,0.009787453828468984,-0.0015561019607609936,-1.4336732149373508e-08,-0.9877001078470039,-0.15635240805854117
2026-09-30T13:50:00.389 -6.193955302327483,-0.275191326758122,0.009792840805822463,-0.0015562870901248706,-8.807922778881366e-07,-0.9876627966638869,-0.15658792436132205
2026-09-30T13:50:00.426 -6.197305346419528,-0.27409857737814525,0.009798033078360373,-0.0015563447183938465,-6.123693752485388e-08,-0.987632399446251,-0.15677953104648176
2026-09-30T13:50:00.509 -6.200652872344083,-0.27300707966401944,0.009803131962554414,-0.0015548955990450483,-4.4104425332142667e-07,-0.9876079636484607,-0.15693340128099753
2026-09-30T13:50:00.544 -6.204000502543475,-0.2719126017189602,0.009808275714610902,-0.0015556479557559128,6.657776673077237e-07,-0.9875717844552646,-0.15716090642026376
2026-09-30T13:50:00.631 -6.207147949065792,-0.2708823750605455,0.009813684112469037,-0.0015543714393467568,-1.3096140423504955e-06,-0.9875274413472631,-0.15743931057344399
2026-09-30T13:50:00.668 -6.209886284224662,-0.26998309465607734,0.009817715527319283,-0.001553803600812577,-8.878900671337901e-07,-0.9874752897728167,-0.1577660856511102
2026-09-30T13:50:00.764 -6.212234743937717,-0.2692070121437557,0.009821383849670058,-0.0015527507685280419,3.889321166211859e-07,-0.9874167611292481,-0.1581319980457
2026-09-30T13:50:00.801 -6.214174597166792,-0.26856688268172313,0.00982474887314749,-0.0015531275152644694,-1.1706419644189118e-06,-0.9873708670427774,-0.1584183029474347
2026-09-30T13:50:00.885 -6.215626019378297,-0.26808767961126767,0.009826924430959477,-0.0015532415814987455,-1.3045750627256552e-06,-0.9873390989126289,-0.15861617571132364
2026-09-30T13:50:00.918 -6.2165613977411915,-0.26777882011852344,0.009828433110800784,-0.0015542230108620833,-7.468809042546246e-07,-0.9873275948873917,-0.1586877587092128
2026-09-30T13:50:00.999 -6.21701131025647,-0.2676302910082232,0.00982886132137977,-0.0015538801345949206,-2.704242660667083e-07,-0.9873293832283716,-0.15867663492252929
2026-09-30T13:50:01.032 -6.217177979961322,-0.26757593367054594,0.009829288747177057,-0.0015546226359745522,2.538717009742768e-07,-0.9873429719722242,-0.15859205164651602
2026-09-30T13:50:01.124 -6.217241533371772,-0.2675579934725917,0.009829508438125438,-0.0015553738512946932,1.1021689482327842e-06,-0.9873601368484878,-0.15848514433063993
2026-09-30T13:50:01.161 -6.217265554242003,-0.2675510796362371,0.009829457009366474,-0.0015557512528732594,1.254544520206893e-06,-0.9873917257820645,-0.15828821653421277
2026-09-30T13:50:01.244 -6.217277564487431,-0.2675495896713181,0.009829535603306695,-0.00155577302928382,1.2680960873479955e-06,-0.9874448314323162,-0.15795659038570645
2026-09-30T13:50:01.285 -6.21728491085276,-0.26755084146136215,0.009829472713033756,-0.0015559413400824916,1.535949194421713e-06,-0.9875034799773031,-0.15758951766187848
2026-09-30T13:50:01.372 -6.21728955966184,-0.26755036468269633,0.009829703580912482,-0.0015564531988468456,1.0433359428876306e-06,-0.9875650487581051,-0.15720321855405164
2026-09-30T13:50:01.405 -6.217296458972785,-0.267549470699895,0.009829669785764262,-0.0015542595720791537,7.363927019256037e-07,-0.9876284673430048,-0.15680431999899722
2026-09-30T13:50:01.493 -6.217304073221488,-0.2675475634470994,0.009829845737341367,-0.0015573372447256306,-1.0770988523990358e-06,-0.9876954578914284,-0.15638176735216827
2026-09-30T13:50:01.532 -6.217312790684324,-0.2675447621385753,0.009829695607099027,-0.0015571708861560167,-7.29891864077757e-07,-0.9877635238384994,-0.15595126223422862
2026-09-30T13:50:01.615 -6.217324622281418,-0.2675413648227888,0.009829684511148084,-0.0015573699476282116,-2.6660565785415845e-07,-0.9878318278981162,-0.1555180195033425
2026-09-30T13:50:01.661 -6.217339225669459,-0.2675368946583104,0.009829573489242223,-0.0015569715473917293,-2.4101902235325617e-07,-0.9879009072517837,-0.1550786035874882
2026-09-30T13:50:01.736 -6.217352636482132,-0.26753343775772986,0.00982975860552828,-0.0015573149118102165,-6.456355655346456e-07,-0.9879678403293426,-0.1546516124869812
2026-09-30T13:50:01.772 -6.217366226467173,-0.26752956362692826,0.009829720487331347,-0.001557071784566918,-1.969718028814197e-07,-0.988034475851724,-0.15422532235605105
2026-09-30T13:50:01.856 -6.217387490876188,-0.26752336501163365,0.009829500787462898,-0.0015564990974257953,1.7088255388011244e-07,-0.9881007540135073,-0.15380012102878626
2026-09-30T13:50:01.890 -6.217407935152411,-0.2675175240138237,0.009829637419257272,-0.001556870310507827,-2.7876500056377605e-07,-0.9881662565921863,-0.15337869958812475
2026-09-30T13:50:01.971 -6.2174273211389774,-0.2675118618165925,0.009829966093151931,-0.0015571148835301473,-6.119205164075839e-07,-0.9882321168769451,-0.15295377918108766
2026-09-30T13:50:02.005 -6.217452027416897,-0.267504769174928,0.009829945550423335,-0.0015570428987979551,-1.7370927835088172e-07,-0.9882982754155678,-0.15252571726760022
2026-09-30T13:50:02.089 -6.217477344824893,-0.2674980937734907,0.009829806764595342,-0.001553112285908015,8.536515195782773e-07,-0.9883667018816062,-0.1520817229425516
2026-09-30T13:50:02.128 -6.217507548976737,-0.2674900475266603,0.009830212147458803,-0.0015578422810442563,8.395993205948809e-07,-0.9884282076349331,-0.15168141441296037
2026-09-30T13:50:02.214 -6.217538171573705,-0.2674829549595414,0.009829843330753523,-0.0015565728418101836,1.1700062757810586e-06,-0.9884873936382679,-0.15129524016915902
2026-09-30T13:50:02.253 -6.217568465905846,-0.2674733589931601,0.009829772018163213,-0.0015532946962986327,1.4257562889422217e-06,-0.9885520646261694,-0.15087214055912312
2026-09-30T13:50:02.334 -6.21760434708568,-0.26746352467842655,0.009830394993210067,-0.0015568322095361438,2.16624212396418e-07,-0.9886094587497248,-0.15049556253923504
2026-09-30T13:50:02.372 -6.217640662128602,-0.2674547632529418,0.009829915967131493,-0.0015535729792725984,9.600797971369826e-07,-0.9886727588577842,-0.1500791867735634
2026-09-30T13:50:02.460 -6.2176785111086295,-0.2674429620097907,0.009830020511828283,-0.0015563036701495172,1.6381369495417008e-06,-0.9887342065551027,-0.14967380099420982
2026-09-30T13:50:02.501 -6.217717193930317,-0.2674319356374564,0.00983051380573621,-0.0015534693901139824,-5.885190397810566e-07,-0.9887986387535568,-0.149247575295617
2026-09-30T13:50:02.588 -6.217765086913263,-0.2674185251954146,0.009830246800115131,-0.0015566068469970932,1.2209635116613798e-06,-0.9888476888631659,-0.14892221192155516
2026-09-30T13:50:02.627 -6.2178067356914,-0.26740618755830026,0.009830357352604435,-0.0015537880566123105,1.2703925491538355e-06,-0.9889136706919616,-0.1484834592121697
2026-09-30T13:50:02.706 -6.2178544192131815,-0.2673925386949545,0.009830626458232407,-0.0015570221521476505,4.977128653031077e-07,-0.988974343134993,-0.14807877735340538
2026-09-30T13:50:02.745 -6.217904800483149,-0.2673784726331259,0.009830497497359763,-0.0015553373133391955,6.395070058047919e-07,-0.989035555879163,-0.14766939470394025
2026-09-30T13:50:02.824 -6.217953527596484,-0.26736536022477564,0.00983044042716101,-0.0015551614006958396,9.648001291939561e-07,-0.9890984958852398,-0.14724723056697359
2026-09-30T13:50:02.860 -6.218009406215751,-0.2673489696508886,0.00983108011793526,-0.0015574037780906498,2.8326013754302343e-07,-0.9891484407058132,-0.14691132271765187
2026-09-30T13:50:02.947 -6.218062976515412,-0.2673332943038183,0.00983085189070876,-0.0015544920948836489,1.002670925681227e-06,-0.9892137073437836,-0.14647124208010695
2026-09-30T13:50:02.980 -6.21812505487917,-0.2673152348780205,0.009830964941168509,-0.001556984154306945,5.475306281043815e-07,-0.9892638307618755,-0.14613229946313244
2026-09-30T13:50:03.067 -6.218176478640862,-0.26730110922461137,0.009831210158072347,-0.001554636179295662,-1.403546078670582e-07,-0.989328858530463,-0.14569143003327759
2026-09-30T13:50:03.104 -6.218243877017003,-0.26728132133112376,0.009831152805570911,-0.0015570663213823911,9.619453006554054e-07,-0.9893798760175857,-0.14534454401515107
2026-09-30T13:50:03.187 -6.218301380686171,-0.2672648711731368,0.00983127352441983,-0.0015536851210163347,8.251769199447433e-07,-0.9894458582212815,-0.14489471940210874
2026-09-30T13:50:03.221 -6.218370000270502,-0.267245262108888,0.00983165023702793,-0.0015569141201711451,8.719532440714615e-08,-0.9894963982476234,-0.14454913999535193
2026-09-30T13:50:03.320 -6.218431766468995,-0.26722869279536,0.009831271055260047,-0.0015564347701795497,1.2055792693203318e-06,-0.9895619609266886,-0.14409962871666157
2026-09-30T13:50:03.359 -6.21850196584561,-0.2672081300767113,0.009831486352537269,-0.0015567461406447672,8.152878659509962e-07,-0.9896146489223036,-0.14373734093538518
2026-09-30T13:50:03.444 -6.218564818782305,-0.2671903686838601,0.009831779441892945,-0.0015570893104027265,7.103604753855703e-07,-0.989680210934617,-0.14328522448873476
2026-09-30T13:50:03.488 -6.218644898043983,-0.26716766032242956,0.009831757039884205,-0.0015569602525392257,5.902674345052741e-07,-0.98973194563214,-0.14292743497888116
2026-09-30T13:50:03.566 -6.218710701970853,-0.2671500181760798,0.009831697166780066,-0.001556744877308932,1.2840390285549923e-06,-0.9897982232942641,-0.14246772865198779
2026-09-30T13:50:03.605 -6.218788276803175,-0.2671273693876557,0.009832326456921198,-0.001558064542263969,4.187445529754416e-07,-0.9898513872823497,-0.14209786602871471
2026-09-30T13:50:03.688 -6.218860428907462,-0.2671072239261762,0.009832112707533416,-0.001554687527417009,1.0171495966683358e-06,-0.9899178462328418,-0.14163417898017872
2026-09-30T13:50:03.723 -6.218944978264002,-0.26708362155132603,0.00983226128604111,-0.0015574192011430213,6.671754853610576e-07,-0.9899717839170746,-0.1412566511461741
2026-09-30T13:50:03.808 -6.219014879127798,-0.26706454894498977,0.00983277413520713,-0.001557995248321772,3.004116789188259e-07,-0.9900388357446913,-0.14078592389870678
2026-09-30T13:50:03.843 -6.219101723699388,-0.26703975450618483,0.00983265812124208,-0.0015578245434793956,1.2536190818799978e-06,-0.9900945041674807,-0.14039389587325662
2026-09-30T13:50:03.932 -6.219178554654395,-0.2670188342432182,0.00983252627537923,-0.0015574021752801307,1.143281695642237e-06,-0.9901630468160177,-0.13990966806185384
2026-09-30T13:50:03.968 -6.219269227548868,-0.26699392064319116,0.00983322097809425,-0.0015587395904134815,1.4550221669587038e-07,-0.9902180584085201,-0.13951977326719367
2026-09-30T13:50:04.047 -6.21934964973536,-0.26697228516970606,0.00983306500786512,-0.0015581130141159698,5.976887107045782e-07,-0.9902859455771021,-0.13903711114642392
2026-09-30T13:50:04.083 -6.219441962901421,-0.2669461794975515,0.009833047047176507,-0.0015582899921748976,9.789375847316845e-07,-0.9903435805586579,-0.13862598666050815
2026-09-30T13:50:04.167 -6.219523456963086,-0.2669240672002984,0.009833533522342479,-0.0015587801553327383,4.609119738437863e-07,-0.99041259926172,-0.13813201449287094
2026-09-30T13:50:04.200 -6.219625605145109,-0.26689587548942484,0.009833382099694685,-0.001558244502715039,1.0370449733934156e-06,-0.9904695791677339,-0.13772285437169343
2026-09-30T13:50:04.289 -6.219707666251244,-0.2668737631993936,0.009833362831305299,-0.0015573655624177803,7.5611405111524e-07,-0.9905397313694965,-0.13721740119379644
2026-09-30T13:50:04.324 -6.219806534710656,-0.26684640591210385,0.009834130096363981,-0.001559143259120569,5.32452954776165e-07,-0.9905985570893202,-0.13679206031261817
2026-09-30T13:50:04.423 -6.219894810106018,-0.26682286318888776,0.009833807728397925,-0.0015578980194262918,1.1642221221028967e-06,-0.9906712724418454,-0.13626445945609186
2026-09-30T13:50:04.461 -6.219998850402552,-0.26679473110644675,0.009833867913915809,-0.0015585897688060258,7.360338634961405e-07,-0.9907331386993057,-0.13581391195460543
2026-09-30T13:50:04.551 -6.220084323614173,-0.26677238044076845,0.00983401795336775,-0.0015585345882439682,1.1040345710018979e-06,-0.9908071047267135,-0.13527325009692795
2026-09-30T13:50:04.607 -6.220187901789807,-0.26674400993391073,0.009834196617617426,-0.001558890320022297,7.052759984990824e-07,-0.9908700440628881,-0.13481144476372559
2026-09-30T13:50:04.674 -6.220278456193504,-0.26672005000678384,0.009834429196586303,-0.0015589135725600175,1.272740843435766e-06,-0.990944546419468,-0.13426271153365107
2026-09-30T13:50:04.711 -6.220388442249414,-0.26669072590632453,0.009834379573334235,-0.001559340715194715,7.87310586884397e-07,-0.9910086181126173,-0.13378896547336996
2026-09-30T13:50:04.800 -6.220480859414482,-0.2666667063980175,0.009834540591619865,-0.00155921802762807,1.346381499973837e-06,-0.9910838953819211,-0.13323018108494405
2026-09-30T13:50:04.835 -6.220591232339904,-0.26663696506985696,0.009834849208289375,-0.0015599327955572932,7.727249663063709e-07,-0.9911490396575678,-0.1327446714371524
2026-09-30T13:50:04.921 -6.220688641449113,-0.266611813136153,0.00983498831681007,-0.0015596875158154417,1.2675873159306582e-06,-0.9912248534121414,-0.13217737079895803
2026-09-30T13:50:04.960 -6.220805198594809,-0.2665812374208498,0.009835157699448023,-0.0015604205482942105,6.734720449497966e-07,-0.9912904744631866,-0.13168432072881564
2026-09-30T13:50:05.041 -6.220901847784613,-0.26655674112867594,0.009835265804214774,-0.0015601324063580146,1.4767446368848664e-06,-0.9913671226478478,-0.13110604149931845
2026-09-30T13:50:05.080 -6.221020162872862,-0.2665255097843715,0.009835691286286283,-0.0015613689179907004,8.334255605570063e-07,-0.991434710134835,-0.13059394192022586
2026-09-30T13:50:05.165 -6.22112226606753,-0.2664992850261824,0.00983570370584752,-0.00156083966254542,1.4452804199221084e-06,-0.9915120737006609,-0.13000527482865668
2026-09-30T13:50:05.206 -6.221245558311325,-0.2664673384888206,0.009836032748949184,-0.00156186939412607,7.887942114406003e-07,-0.991579601721456,-0.12948920423453164
2026-09-30T13:50:05.295 -6.221345858572785,-0.26644212698690595,0.009835967812165237,-0.0015613617991649179,1.527204666265975e-06,-0.991657203644969,-0.1288935708483567
2026-09-30T13:50:05.346 -6.2214679287078445,-0.26641041885271477,0.009836429033643204,-0.0015625984393997823,7.614180898957642e-07,-0.9917279499688487,-0.1283480873878617
2026-09-30T13:50:05.423 -6.2215755454991895,-0.2663834789082223,0.009836345862405928,-0.0015620273926947451,1.3422226938560772e-06,-0.9918078167749621,-0.1277294588288322
2026-09-30T13:50:05.462 -6.221704902608253,-0.26635105561006917,0.009836624889907422,-0.0015629949708343795,5.045380315412248e-07,-0.9918784440761228,-0.12717983025463017
2026-09-30T13:50:05.550 -6.221811103431646,-0.26632459248487117,0.009836762997656763,-0.00156256961326695,1.723314747746498e-06,-0.9919580127219532,-0.1265577313716836
2026-09-30T13:50:05.587 -6.221941488374397,-0.2662915135485295,0.009837267167851257,-0.0015640368169785466,1.0279773231276821e-06,-0.9920299508330283,-0.12599258088474213
2026-09-30T13:50:05.672 -6.222055095622542,-0.2662638584237395,0.009837074258602968,-0.0015632702627015145,1.573436683678749e-06,-0.9921108905498199,-0.12535364787693024
2026-09-30T13:50:05.707 -6.222189906276067,-0.2662307199384806,0.009837540722773486,-0.00156453723571507,4.29223441432008e-07,-0.992183722809475,-0.12477584868469163
2026-09-30T13:50:05.796 -6.222300875847298,-0.26620383964084704,0.00983744795147421,-0.0015640212211971791,1.8083759876702656e-06,-0.9922651391015235,-0.12412673989992594
2026-09-30T13:50:05.829 -6.222436818830992,-0.2661700455187346,0.009838020514119382,-0.0015654022352830123,1.1121396613138303e-06,-0.9923392824706554,-0.12353257861888078
2026-09-30T13:50:05.910 -6.222555447634076,-0.26614149638748025,0.00983792495140633,-0.0015646610526628432,1.9391069434092864e-06,-0.992421831329709,-0.12286765454022884
2026-09-30T13:50:05.958 -6.222697202205482,-0.2661076427339062,0.009838417295709095,-0.0015661537781178803,3.6676891392249625e-07,-0.9924960937745697,-0.12226631181330916
2026-09-30T13:50:06.035 -6.222812254790774,-0.266080226045885,0.009838271375278037,-0.001565513244251762,2.2630382310922466e-06,-0.9925789405178902,-0.12159192408849975
2026-09-30T13:50:06.072 -6.2229537261081145,-0.26604565713299266,0.009838852678673238,-0.0015667047173426895,1.2507747767702324e-06,-0.9926546932000672,-0.1209719203065108
2026-09-30T13:50:06.160 -6.223079582489674,-0.2660166312556296,0.009838440717498344,-0.0015659521915549605,2.833288729736537e-06,-0.9927383744074703,-0.12028328131756194
2026-09-30T13:50:06.195 -6.2232270289767015,-0.2659820624179458,0.0098391506777203,-0.0015673892383048665,2.076003939941714e-07,-0.9928141268520406,-0.11965639478921754
2026-09-30T13:50:06.287 -6.2233482201371775,-0.2659537517374651,0.009839461498269721,-0.0015675558725462275,1.4445168351582864e-06,-0.9928975688779619,-0.11896201277186369
2026-09-30T13:50:06.323 -6.223495771572083,-0.2659188848779446,0.009839769292515795,-0.0015684405966926922,1.3838576358741513e-06,-0.9929752289631829,-0.11831202245627485
2026-09-30T13:50:06.404 -6.223627006905655,-0.26588854776607895,0.009839604254681127,-0.0015681398114649415,2.028047005412138e-06,-0.9930603401497752,-0.11759550057307375
2026-09-30T13:50:06.441 -6.2237798924387775,-0.2658530849272138,0.009840248308558883,-0.0015695264910702384,9.931652836938994e-07,-0.993139489826494,-0.1169251484188869
2026-09-30T13:50:06.520 -6.223910963954022,-0.26582274781329546,0.009840023406990481,-0.0015688707383448492,2.5927226693931793e-06,-0.9932262700799906,-0.1161856921521494
2026-09-30T13:50:06.564 -6.224067530626256,-0.2657860929279367,0.009840330553791925,-0.0015700193846399178,4.268850535344184e-07,-0.9933066715227536,-0.11549628282909366
2026-09-30T13:50:06.647 -6.224194072011227,-0.2657571862684412,0.009840202798119802,-0.0015699910104964544,9.248882568016987e-07,-0.9933932128157353,-0.11474955276166854
2026-09-30T13:50:06.685 -6.224354765647016,-0.26571999499317006,0.009840933703032594,-0.0015713258459028542,1.5214460965957505e-07,-0.9934742100699852,-0.11404615232826505
2026-09-30T13:50:06.785 -6.224487654600133,-0.2656901943438853,0.009841024599904264,-0.0015710455008653029,4.492670941634169e-07,-0.9935619435286414,-0.11327928401707701
2026-09-30T13:50:06.818 -6.224641420189205,-0.2656552679579958,0.009841103800510743,-0.001572041026076831,8.364613837928288e-07,-0.9936436562088722,-0.11256026457936921
2026-09-30T13:50:06.903 -6.224779419674778,-0.26562499053583644,0.00984156040591401,-0.0015723112383749186,6.272833384684969e-07,-0.9937316871738536,-0.11178041753179666
2026-09-30T13:50:06.944 -6.224937073968045,-0.26559000459421017,0.009841958679746817,-0.0015734254819044888,-9.664773838440679e-08,-0.993814234116536,-0.1110441011472757
2026-09-30T13:50:07.029 -6.225068622000059,-0.2655607403698656,0.00984192824713736,-0.0015731615707066612,5.401261498753774e-07,-0.9939025038406325,-0.11025124952444962
2026-09-30T13:50:07.064 -6.225228541337676,-0.26552575445676374,0.009842285398710304,-0.0015740886787044964,3.524115491786774e-07,-0.9939871965110452,-0.10948504654435974
2026-09-30T13:50:07.151 -6.225364857433531,-0.2654961326645492,0.009842456220196453,-0.0015741942820720447,5.495865170596173e-07,-0.9940771347049676,-0.1086654138575022
2026-09-30T13:50:07.195 -6.225527563522664,-0.2654609679726228,0.009842668766093323,-0.0015751859073580394,5.246027714736287e-07,-0.9941630788779571,-0.10787627813835193
2026-09-30T13:50:07.273 -6.225667679320133,-0.2654309886003685,0.009842905199971507,-0.0015753761389812198,7.352274879940358e-07,-0.9942539705453611,-0.10703532241398026
2026-09-30T13:50:07.307 -6.225832724629485,-0.2653958239378664,0.00984328535740604,-0.0015762556404511176,4.262005308930244e-07,-0.9943409875505789,-0.10622389512211396
2026-09-30T13:50:07.392 -6.225973004384392,-0.2653660233816156,0.0098434922481918,-0.0015763927400259028,8.357898791570796e-07,-0.9944320579793998,-0.10536791280122347
2026-09-30T13:50:07.427 -6.226138929135625,-0.2653315143813076,0.009843694982081328,-0.0015770652049699294,5.677355749097734e-07,-0.994519551874664,-0.10453886264942042
2026-09-30T13:50:07.511 -6.226279849604846,-0.2653026079027926,0.009843917787249426,-0.001577518692908218,7.821241608516455e-07,-0.9946108603690249,-0.1036665224175585
2026-09-30T13:50:07.546 -6.226447204630911,-0.2652680393158228,0.009844271794345102,-0.0015782589937432816,1.0137130064591296e-06,-0.994698592527533,-0.10282129702190085
2026-09-30T13:50:07.631 -6.226593251150051,-0.26523835804146806,0.009844472901849593,-0.001578743365451126,1.0578919741225462e-06,-0.9947897221009293,-0.1019358443856855
2026-09-30T13:50:07.665 -6.226761530109383,-0.26520444511723057,0.009844783666364319,-0.0015794070343204578,8.820658935697274e-07,-0.9948778118337394,-0.10107247396572844
2026-09-30T13:50:07.750 -6.226907889689376,-0.2651751214747006,0.009844895861838508,-0.0015799032724269377,1.1790981469683074e-06,-0.9949688220975768,-0.10017258586070411
2026-09-30T13:50:07.786 -6.227076690112763,-0.2651416257895345,0.009845252154460199,-0.0015802518255184426,1.1034950031909846e-06,-0.9950571503856392,-0.09929134035434287
2026-09-30T13:50:07.871 -6.227224525019169,-0.26511265979345994,0.0098452921767512,-0.0015808101869340435,1.3889579606425833e-06,-0.9951479220932933,-0.09837740691146865
2026-09-30T13:50:07.905 -6.227394353569769,-0.2650795217491019,0.00984567989737824,-0.0015813419328523641,1.1904145250429894e-06,-0.9952361309316768,-0.09748098811779103
2026-09-30T13:50:07.987 -6.2275445277169545,-0.2650507942010334,0.009845872630103336,-0.001581910970099494,1.4881823665101124e-06,-0.9953265449171979,-0.09655343877180837
2026-09-30T13:50:08.019 -6.227714386178636,-0.26501837141280143,0.009846185892255156,-0.0015825630531082404,1.1436483846673005e-06,-0.9954148131525475,-0.09563914078113568
2026-09-30T13:50:08.111 -6.227866109997527,-0.2649896438842386,0.009846410877538118,-0.0015830446121432185,1.2860842612252737e-06,-0.9955049290889926,-0.09469651592124323
2026-09-30T13:50:08.145 -6.228036221934549,-0.26495793635495235,0.009846620232334303,-0.0015834081328510992,1.2806228337578397e-06,-0.9955931378368075,-0.09376458131567883
2026-09-30T13:50:08.230 -6.228188184233399,-0.26492992408513666,0.009846800891271589,-0.0015839816652071818,1.6231755878357418e-06,-0.9956828363751572,-0.09280722141822595
2026-09-30T13:50:08.268 -6.228357789190471,-0.26489911061910504,0.009847218061159265,-0.0015847014347398118,1.2393373247597907e-06,-0.9957708063171822,-0.09185853257186094
2026-09-30T13:50:08.349 -6.2285108093488875,-0.2648713963858197,0.009847474898640483,-0.0015852469021903654,1.4943193507097343e-06,-0.9958599087447113,-0.09088745317700063
2026-09-30T13:50:08.381 -6.2286802060358655,-0.2648411789636503,0.009847668221642724,-0.001585718595762055,1.351634462928111e-06,-0.9959475807517771,-0.08992164305321984
2026-09-30T13:50:08.469 -6.2288328683215015,-0.26481423958621697,0.00984807350522881,-0.0015862523686963161,1.505757596372182e-06,-0.9960297694006058,-0.08900664171246793
2026-09-30T13:50:08.506 -6.228990791190676,-0.2647865850193264,0.009848189082637647,-0.0015870297536305859,1.1226357757005184e-06,-0.9960963424852107,-0.0882584716777182
2026-09-30T13:50:08.586 -6.229183835817138,-0.26475332805798135,0.009848553905645279,-0.0015876421024243238,1.282911808205313e-06,-0.9961363338815553,-0.08780594348860127
2026-09-30T13:50:08.627 -6.2292904839336565,-0.2647343751236936,0.009848469204293945,-0.0015880077970914343,1.5641526158473742e-06,-0.9961623789671297,-0.08750995920087483
2026-09-30T13:50:08.704 -6.229354782150761,-0.2647232298646044,0.009848794382367455,-0.001588410530032217,1.3258918522003152e-06,-0.9961757887361573,-0.08735716848733936
2026-09-30T13:50:08.741 -6.229402704258886,-0.26471494542231694,0.009848914854412213,-0.0015884428247065617,1.3137413113337046e-06,-0.996180020337868,-0.08730889947371852
2026-09-30T13:50:08.824 -6.229428095816485,-0.2647103561843464,0.009848984802722971,-0.0015883798742240677,1.4117554574012595e-06,-0.9961810335941439,-0.0872973387606134
2026-09-30T13:50:08.852 -6.229434309794176,-0.26470934298363924,0.009848875418067936,-0.001588708538172891,1.1869496464246184e-06,-0.9961813909365702,-0.08729325492529355
2026-09-30T13:50:08.934 -6.229435412434607,-0.26470910457893765,0.009848906963777366,-0.0015887268633361029,1.3568172549575987e-06,-0.9961812717213332,-0.08729461505029995
2026-09-30T13:50:08.981 -6.2294347567592725,-0.26470922377996975,0.009848920828285585,-0.0015887414532673272,1.4440047552849851e-06,-0.9961807949067503,-0.08730005588466133
2026-09-30T13:50:09.052 -6.22943173193913,-0.26470970057905735,0.009848841539906847,-0.001588682719752031,1.2967358518838828e-06,-0.9961803181501151,-0.08730549705413908
2026-09-30T13:50:09.085 -6.229428632304738,-0.2647103561911057,0.009848955848609167,-0.001588691707095855,1.3268680716073297e-06,-0.9961798413399521,-0.08731093725763796
2026-09-30T13:50:09.165 -6.229426233452636,-0.26471065418415224,0.009848803044021559,-0.0015886878733479732,1.3024326904566859e-06,-0.996179364539919,-0.08731637723811242
2026-09-30T13:50:09.197 -6.229423834175696,-0.26471101178179424,0.009848918460009926,-0.0015886505622875427,1.416632673867139e-06,-0.996178887766363,-0.08732181718193976
2026-09-30T13:50:09.279 -6.229421464982267,-0.26471148858913385,0.009848855109427604,-0.0015886806159430959,1.4578465236094655e-06,-0.9961785301403062,-0.08732589638403032
2026-09-30T13:50:09.312 -6.229419438492306,-0.2647119057961409,0.009848807201865342,-0.0015886549601672076,1.3818201726744845e-06,-0.9961781725582824,-0.08732997590718135
2026-09-30T13:50:09.399 -6.22941762050204,-0.2647122037964712,0.009848834129840825,-0.0015886297101922666,1.3486192346655339e-06,-0.9961778149759406,-0.08733405523383228
2026-09-30T13:50:09.430 -6.229416145307983,-0.2647125614057695,0.009848816896285592,-0.0015887137500783495,1.2827238149368098e-06,-0.9961775765079566,-0.08733677375372516
2026-09-30T13:50:09.515 -6.229414610326127,-0.26471250178178213,0.009848918777561402,-0.001588665933202048,1.3476061718779116e-06,-0.9961772189434627,-0.08734085296586662
2026-09-30T13:50:09.551 -6.229413522608148,-0.26471291900060834,0.009848872354298967,-0.0015886134583138443,1.3961948157702583e-06,-0.9961770401838017,-0.08734289276163908
2026-09-30T13:50:09.633 -6.229412509494624,-0.26471297859251497,0.009848766444209338,-0.0015886694066154828,1.3397503617747219e-06,-0.996176920938795,-0.08734425176635012
2026-09-30T13:50:09.667 -6.229411242821572,-0.2647133958090736,0.009848809145078533,-0.0015885527265655803,1.395382175969589e-06,-0.996176682629511,-0.08734697180526976
2026-09-30T13:50:09.753 -6.229410616971333,-0.2647135746151284,0.00984880815557456,-0.0015887044621103502,1.2960262725834903e-06,-0.9961765633087697,-0.08734832986830028
2026-09-30T13:50:09.786 -6.2294095737713,-0.2647137534159166,0.009848881012094619,-0.0015885764597258877,1.3572230911137425e-06,-0.9961764442092061,-0.0873496904727904
2026-09-30T13:50:09.884 -6.22940909705329,-0.26471369380528204,0.009848805752441956,-0.00158865823439157,1.4025903110926858e-06,-0.9961762653434043,-0.0873517288295697
2026-09-30T13:50:09.917 -6.229408366780254,-0.26471363419143085,0.009848879103689626,-0.0015886180067873643,1.3096180311677324e-06,-0.9961761461744313,-0.08735308857832012
2026-09-30T13:50:10.000 -6.229407934689736,-0.2647139918138644,0.009848848618213859,-0.0015886429596082342,1.2781266142109198e-06,-0.9961760269539309,-0.0873544477069964
2026-09-30T13:50:10.035 -6.229407606888912,-0.264713932205095,0.009848833198734617,-0.0015886322055996718,1.3618994221657422e-06,-0.9961760269624405,-0.08735444780426305
2026-09-30T13:50:10.117 -6.229407249264492,-0.2647136937820133,0.009848832633248065,-0.0015886550901765839,1.3951759243313727e-06,-0.9961759673439656,-0.08735512726435764
2026-09-30T13:50:10.151 -6.229406936478107,-0.26471399180131383,0.009848742731674794,-0.001588611910202258,1.357661247921895e-06,-0.9961759673781011,-0.08735512766094555
2026-09-30T13:50:10.233 -6.229406682972453,-0.2647138129841683,0.009848861540260741,-0.0015887216404742858,1.3025463134950944e-06,-0.9961757884901877,-0.08735716563514016
2026-09-30T13:50:10.269 -6.229406325342779,-0.26471399179360006,0.009848860974842435,-0.0015886235197874138,1.3828859311186691e-06,-0.9961757885677699,-0.08735716653361471
2026-09-30T13:50:10.351 -6.2294061912803675,-0.26471393218727235,0.009848830960504717,-0.001588704319979261,1.3548480970519577e-06,-0.996175728903501,-0.08735784544233248
2026-09-30T13:50:10.380 -6.229405982713744,-0.26471375337071695,0.009848800828345926,-0.0015885626111497289,1.3373416968570071e-06,-0.9961757290155361,-0.08735784674204783
2026-09-30T13:50:10.466 -6.229406101940441,-0.26471423020937873,0.009848786115763869,-0.0015886362263850564,1.3633972899067506e-06,-0.9961757289573375,-0.08735784606661784
2026-09-30T13:50:10.504 -6.229405833650694,-0.2647141109967041,0.009848830395086411,-0.0015886802349140523,1.3701260023947384e-06,-0.9961757289225445,-0.08735784566294824
2026-09-30T13:50:10.588 -6.22940575918835,-0.26471440901899534,0.009848800475048446,-0.0015886542240278563,1.2967416999801645e-06,-0.9961757289431024,-0.08735784590266334
2026-09-30T13:50:10.622 -6.229405476046082,-0.26471417059684904,0.009848814928506039,-0.0015886467391991678,1.3986777017671583e-06,-0.996175609748259,-0.08735920525203009
2026-09-30T13:50:10.698 -6.229405535719834,-0.26471428980689715,0.009848770319339091,-0.0015886698509326837,1.2752801726023204e-06,-0.9961756693303608,-0.08735852540356905
2026-09-30T13:50:10.749 -6.229405341863618,-0.26471428980444184,0.009848859419910408,-0.001588638819389589,1.305037881485333e-06,-0.9961756097545124,-0.0873592053261937
2026-09-30T13:50:10.821 -6.229405222749469,-0.26471423019830714,0.009848799626847869,-0.0015886032175034882,1.4086366203860029e-06,-0.9961756097826686,-0.0873592056509311
2026-09-30T13:50:10.864 -6.229405207706964,-0.26471423019810314,0.009848889010142962,-0.0015887115545399242,1.3382959078530778e-06,-0.996175550096625,-0.08735988429188886
2026-09-30T13:50:10.941 -6.229404954386791,-0.26471428979955863,0.00984888860962736,-0.0015885578203138023,1.3371283204274532e-06,-0.9961755502181688,-0.08735988570157517
2026-09-30T13:50:10.976 -6.229404969336555,-0.26471417059046215,0.009848858830883041,-0.0015886119313099608,1.3889630545165272e-06,-0.9961755501753926,-0.08735988520457477
2026-09-30T13:50:11.056 -6.229405014086353,-0.2647142301956752,0.009848829099288598,-0.0015886556588104981,1.3441196153767633e-06,-0.9961755501408172,-0.0873598848043612
2026-09-30T13:50:11.086 -6.229404805468856,-0.2647143494023383,0.00984882876946369,-0.00158863792237435,1.3399924707220544e-06,-0.9961755501548396,-0.0873598849670657
2026-09-30T13:50:11.170 -6.22940471599282,-0.26471423019191487,0.009848873331510008,-0.0015886597679042743,1.3370342986421143e-06,-0.996175490537183,-0.08736056439468187
2026-09-30T13:50:11.205 -6.229404849960992,-0.2647142897982317,0.009848962950417999,-0.0015887169324675494,1.3728809163066645e-06,-0.9961754904919912,-0.0873605638698885
2026-09-30T13:50:11.290 -6.2294049396042,-0.2647142301947399,0.009848814080344456,-0.0015887028753096446,1.3979511799215757e-06,-0.996175550103492,-0.08735988437048721
2026-09-30T13:50:11.329 -6.229404745912907,-0.2647142301923037,0.009848798872917796,-0.0015885534237563119,1.319997814899963e-06,-0.9961755502216434,-0.0873598857421628
2026-09-30T13:50:11.412 -6.22940483522402,-0.264714349402708,0.009848858618869456,-0.0015886426493511368,1.3547738302295327e-06,-0.9961754905507186,-0.08736056455136183
2026-09-30T13:50:11.447 -6.229404686259715,-0.26471434940083743,0.009848828580981172,-0.001588665871858268,1.4085495013070603e-06,-0.9961754905323631,-0.0873605643375156
2026-09-30T13:50:11.534 -6.229404730798221,-0.26471434940138105,0.009848932959660094,-0.0015887301019449124,1.298757864898372e-06,-0.9961754308811877,-0.08736124337288714
2026-09-30T13:50:11.571 -6.229404730985952,-0.2647144090060477,0.009848813750529298,-0.0015886985434456972,1.2888172762345526e-06,-0.9961755501069075,-0.08735988441199746
2026-09-30T13:50:11.668 -6.229404730941083,-0.26471423019210794,0.009848843552785187,-0.0015886550236662116,1.3596150129429248e-06,-0.9961754905409358,-0.08736056443781459
2026-09-30T13:50:11.705 -6.229404760765428,-0.26471434940177546,0.009848828698782746,-0.0015886886768376575,1.3380418852158961e-06,-0.9961755501147123,-0.08735988450168743
2026-09-30T13:50:12.092 -6.22940489475791,-0.26471434940345023,0.00984890341653842,-0.001588709163835675,1.3993984438383283e-06,-0.9961755500985204,-0.08735988431279472
2026-09-30T13:50:12.129 -6.229404850149474,-0.26471428979825357,0.009848843741277454,-0.0015887381203030376,1.3917185222479136e-06,-0.9961755500756264,-0.08735988404737892
2026-09-30T13:50:12.627 -6.229404805491665,-0.2647144090069858,0.00984881386833087,-0.0015886569920643399,1.32588708468212e-06,-0.9961755501397616,-0.08735988479243235
2026-09-30T13:50:12.659 -6.22940495431761,-0.2647141705902609,0.009848933313035567,-0.0015886712764677277,1.4995939239516952e-06,-0.9961754905280981,-0.08736056428635106
2026-09-30T13:50:12.744 -6.229405014182845,-0.26471405138175186,0.009848769494689078,-0.0015886066449888358,1.437325333381106e-06,-0.9961756097799613,-0.08735920561900792
2026-09-30T13:50:12.777 -6.229405014036231,-0.2647144686142488,0.009848858901612731,-0.0015886231385509523,1.2821733665707354e-06,-0.9961756097669078,-0.08735920547034096
2026-09-30T13:50:12.862 -6.229405192875753,-0.26471428980256856,0.009848844283164692,-0.0015886738674418617,1.4318318958817166e-06,-0.9961756097268141,-0.08735920500269764
2026-09-30T13:50:12.895 -6.229405252574564,-0.2647142898033299,0.009848784772835678,-0.0015886407102383617,1.2868740253649723e-06,-0.9961756097530159,-0.08735920530914261
2026-09-30T13:50:12.983 -6.229405177951801,-0.2647142301977334,0.009848859160737196,-0.0015886350416751162,1.3421294696057606e-06,-0.9961756097575022,-0.08735920536023527
2026-09-30T13:50:13.019 -6.229405148055274,-0.26471423019734724,0.00984891871818684,-0.0015886591448440305,1.3301725839762217e-06,-0.9961755501380599,-0.0873598847726225
2026-09-30T13:50:13.099 -6.2294051630719665,-0.2647144090114829,0.009848844236063562,-0.0015886690342603574,1.4094518298166216e-06,-0.9961756097306332,-0.08735920504740395
2026-09-30T13:50:13.135 -6.229404969382926,-0.26471423019511237,0.009848829028607654,-0.0015886142566904292,1.320126802580136e-06,-0.9961755501735481,-0.08735988518438802
2026-09-30T13:50:13.221 -6.229404879904639,-0.2647142897986233,0.009848873590683219,-0.001588708194348457,1.3138180506019476e-06,-0.9961755500992796,-0.08735988432309891
2026-09-30T13:50:13.262 -6.229404745817165,-0.26471434940158234,0.009848858477507567,-0.0015886012448281478,1.4146148881515772e-06,-0.9961755501838437,-0.08735988530212428
2026-09-30T13:50:13.344 -6.2294049842590065,-0.2647143494045868,0.009848843953330036,-0.0015886903747778522,1.329024297902943e-06,-0.9961754905129839,-0.08736056411415
2026-09-30T13:50:13.379 -6.2294049098247255,-0.2647142897990122,0.009848799132091008,-0.0015886122677661546,1.280074626372094e-06,-0.9961755501751173,-0.08735988520326067
2026-09-30T13:50:13.471 -6.229404850077292,-0.2647144090075349,0.009848888444724656,-0.0015886980472464133,1.2588132887092622e-06,-0.996175490506912,-0.08736056404490182
2026-09-30T13:50:13.504 -6.229404864907754,-0.2647144090077143,0.009848933171712674,-0.0015886716437567088,1.4000428888239035e-06,-0.9961754905277992,-0.08736056428473347
2026-09-30T13:50:13.582 -6.229404745795855,-0.26471417058764535,0.009848873378620887,-0.0015886960483128495,1.406668635267384e-06,-0.9961754905085052,-0.08736056406083079
2026-09-30T13:50:13.613 -6.229404820322127,-0.26471440900716514,0.00984885859531889,-0.001588697184199699,1.3763975258113986e-06,-0.9961754905076045,-0.08736056405092653
2026-09-30T13:50:13.700 -6.229404835318261,-0.26471434940271893,0.009848799014299183,-0.0015886889453585323,1.28224670351852e-06,-0.9961755501144951,-0.08735988450011717
2026-09-30T13:50:13.733 -6.229404656363188,-0.26471434940045124,0.009848888138430816,-0.001588693356214829,1.3122009434111634e-06,-0.9961754905106256,-0.08736056408708098
2026-09-30T13:50:13.817 -6.229404566884902,-0.2647144090039622,0.00984893270050638,-0.0015887078078923172,1.3937232255006822e-06,-0.9961754308988218,-0.08736124357577356
2026-09-30T13:50:13.851 -6.229404567094694,-0.2647145878179211,0.009848798590252514,-0.001588650324549554,1.4124284399931346e-06,-0.9961754905446554,-0.0873605644800134
2026-09-30T13:50:13.935 -6.229404566886403,-0.26471428979467265,0.009848932700486882,-0.0015887465530517915,1.3420663121247684e-06,-0.9961754308681849,-0.08736124322132387
2026-09-30T13:50:13.971 -6.229404567075636,-0.26471423019004975,0.009848813491336587,-0.001588678955100099,1.4066661677349385e-06,-0.9961754905220193,-0.08736056421757646
2026-09-30T13:50:14.053 -6.229404552150183,-0.2647142897945042,0.009848828368928591,-0.001588553026047776,1.382945531350715e-06,-0.9961754906215782,-0.08736056537264987
2026-09-30T13:50:14.087 -6.229404656361687,-0.2647144686097408,0.009848888138450314,-0.0015886539175886684,1.377497767696423e-06,-0.9961754309414266,-0.0873612440702153
2026-09-30T13:50:14.179 -6.229404626606524,-0.26471446860937103,0.009848858289044547,-0.0015887087239978977,1.409667386546443e-06,-0.996175490498484,-0.08736056394454071
2026-09-30T13:50:14.213 -6.229404492474181,-0.2647143493983903,0.009848872978124786,-0.0015886881004383712,1.217411322184516e-06,-0.9961754309143874,-0.0873612437593018
2026-09-30T13:50:14.296 -6.229404641554787,-0.26471446860956416,0.009848828510319726,-0.0015886293342591317,1.3620407753004138e-06,-0.9961754905612462,-0.08736056467333378
2026-09-30T13:50:14.334 -6.229404507420943,-0.26471446860787295,0.009848843199419461,-0.0015886787274411787,1.414763435430857e-06,-0.9961754905222001,-0.08736056421952543
2026-09-30T13:50:14.415 -6.229404462788947,-0.2647144090026735,0.009848798425301064,-0.00158866897264006,1.2782519197293831e-06,-0.9961754905299005,-0.08736056431121456
2026-09-30T13:50:14.451 -6.229404447817874,-0.264714349397833,0.009848843105158704,-0.0015886680790772815,1.2717914653950815e-06,-0.9961754309302212,-0.0873612439420665
2026-09-30T13:50:14.539 -6.2294044330094716,-0.26471446860694586,0.009848783477047615,-0.0015886366253940554,1.318929563378568e-06,-0.996175490555478,-0.08736056460718257
2026-09-30T13:50:14.574 -6.229404358363148,-0.26471440900134663,0.009848872766091702,-0.0015886907960265015,1.2377820714335997e-06,-0.996175430912258,-0.08736124373427682
2026-09-30T13:50:14.651 -6.229404388236114,-0.26471440900173004,0.009848828109784626,-0.0015886423337039205,1.4020537901561297e-06,-0.996175430950587,-0.08736124417601894
2026-09-30T13:50:14.684 -6.229404507518186,-0.2647142301893048,0.009848783594810192,-0.0015887505105660223,1.2415454837225359e-06,-0.9961754904654325,-0.08736056356405318
2026-09-30T13:50:14.768 -6.229404388190495,-0.264714289792435,0.009848857912050264,-0.0015885940721324632,1.2860150147454547e-06,-0.9961754905891183,-0.08736056499788558
2026-09-30T13:50:14.800 -6.229404626703767,-0.26471423019080287,0.009848798684435278,-0.0015886231097127013,1.3888589698222018e-06,-0.9961754905661698,-0.08736056472995989
2026-09-30T13:50:14.882 -6.229404522368456,-0.2647145282127108,0.00984881342070439,-0.0015886567092742209,1.3802058196859237e-06,-0.9961754905396047,-0.08736056442201458
2026-09-30T13:50:14.916 -6.229404507471066,-0.2647142301892993,0.009848813397095329,-0.0015886561957579553,1.268060293392192e-06,-0.9961754309396159,-0.08736124405109051
2026-09-30T13:50:15.005 -6.2294042986878955,-0.26471440900058796,0.009848917375278148,-0.0015886212085694084,1.3714660651087723e-06,-0.9961754309672862,-0.08736124437023847
2026-09-30T13:50:15.052 -6.229404522300027,-0.26471434939876826,0.009848858124102846,-0.001588596730864471,1.4580384948675067e-06,-0.9961754309866462,-0.08736124459318843
2026-09-30T13:50:15.119 -6.229404507469565,-0.26471434939858884,0.009848813397114827,-0.0015886718574293882,1.3799343388902881e-06,-0.9961754905276284,-0.08736056428311387
2026-09-30T13:50:15.154 -6.229404328538803,-0.2647142897916791,0.009848887620094142,-0.0015886995284697056,1.3624823077657813e-06,-0.9961754309053648,-0.08736124365222075
2026-09-30T13:50:15.237 -6.229404298830759,-0.26471428979131484,0.00984882796840324,-0.0015886441002269864,1.4324568216219964e-06,-0.996175430949193,-0.08736124415929787
2026-09-30T13:50:15.274 -6.229404343394325,-0.26471417058257174,0.009848917445920095,-0.0015886979194235967,1.3366125222506378e-06,-0.9961753713062496,-0.08736192328463327
2026-09-30T13:50:15.357 -6.229404477525168,-0.26471440900284204,0.009848902756859356,-0.0015887156399666692,1.5223051954698688e-06,-0.9961754308926408,-0.0873612435016783
2026-09-30T13:50:15.391 -6.229404268956292,-0.264714409000221,0.009848872624729813,-0.0015885307976045476,1.4518825435393945e-06,-0.9961754310387732,-0.08736124519780973
2026-09-30T13:50:15.471 -6.2294044924521215,-0.264714230189098,0.009848887879247856,-0.0015887188768498796,1.3747751673543715e-06,-0.9961754308900688,-0.08736124347458715
2026-09-30T13:50:15.514 -6.229404403019455,-0.264714409001904,0.009848902639057782,-0.0015886865846748898,1.4221618996308929e-06,-0.9961754309156035,-0.0873612437699057
2026-09-30T13:50:15.603 -6.22940435850601,-0.2647142897920735,0.009848783359216795,-0.0015886328244725642,1.3762286900525302e-06,-0.9961754905584881,-0.08736056464109451
2026-09-30T13:50:15.641 -6.229404477642969,-0.2647144090028557,0.009848828251146515,-0.0015886759797595878,1.2262103146388224e-06,-0.996175430923971,-0.08736124387031549
2026-09-30T13:50:15.724 -6.229404388258923,-0.26471446860637754,0.009848813208651807,-0.0015886812098116856,1.4787785180432664e-06,-0.9961754905202429,-0.0873605641956385
2026-09-30T13:50:15.763 -6.229404477575289,-0.26471417058426844,0.009848872954535223,-0.001588719350152368,1.3139845275197722e-06,-0.9961754308896894,-0.08736124347124245
2026-09-30T13:50:15.846 -6.2294043583867085,-0.26471440900134935,0.009848857864949134,-0.001588576509504297,1.2771783939224918e-06,-0.9961754310026176,-0.08736124478160467
2026-09-30T13:50:15.884 -6.22940449247268,-0.26471446860767983,0.009848872978144284,-0.0015886866630606042,1.461056143059683e-06,-0.9961754309155451,-0.08736124376850687
2026-09-30T13:50:15.976 -6.229404417990528,-0.2647144686067445,0.009848857959200142,-0.0015886127465063516,1.4713155857114985e-06,-0.9961754309739852,-0.08736124444610505
2026-09-30T13:50:16.007 -6.229404477570037,-0.2647145878167818,0.009848872954603467,-0.0015886875689470421,1.4052618791048743e-06,-0.996175490515209,-0.08736056413861161
2026-09-30T13:50:16.088 -6.229404477547226,-0.2647145282121343,0.009848887855736286,-0.0015886801112904726,1.3820664568296753e-06,-0.9961754309207179,-0.08736124382994925
2026-09-30T13:50:16.127 -6.229404507395882,-0.26471458781715973,0.009848858100581528,-0.0015886414398463447,1.4371918351407008e-06,-0.9961754309512969,-0.08736124418360951
2026-09-30T13:50:16.215 -6.22940441799278,-0.2647142897928102,0.009848857959170895,-0.0015886667031139062,1.3136106566907396e-06,-0.9961754309313127,-0.08736124395402343
2026-09-30T13:50:16.251 -6.229404164649795,-0.2647142897896182,0.009848872459788112,-0.0015886419792534039,1.3472366673557785e-06,-0.9961753713504775,-0.08736192379741411
2026-09-30T13:50:16.331 -6.2294043435790565,-0.26471446860581743,0.009848798236828295,-0.0015886700781828555,1.4674948598410421e-06,-0.9961754309286577,-0.08736124392047358
2026-09-30T13:50:16.366 -6.229404328560112,-0.26471446860561615,0.009848872718980821,-0.0015886004691759257,1.3582046737518403e-06,-0.9961754309836818,-0.08736124456062001
2026-09-30T13:50:16.449 -6.229404179526626,-0.2647143493944478,0.009848887384500744,-0.0015886503832471368,1.4232957893498418e-06,-0.9961753713438397,-0.08736192371907325
2026-09-30T13:50:16.493 -6.229404090120521,-0.2647142897886774,0.009848887243129106,-0.001588684287508736,1.371742074492614e-06,-0.99617537131703,-0.08736192340905802
2026-09-30T13:50:16.570 -6.229404209328911,-0.264714349394823,0.009848887431621373,-0.0015886810837169977,1.3590169724491358e-06,-0.996175371319562,-0.0873619234386476
2026-09-30T13:50:16.621 -6.2294042988763785,-0.26471440900060983,0.009848798166137603,-0.001588571723477366,1.3444689284699169e-06,-0.9961754906067924,-0.08736056520185939
2026-09-30T13:50:16.698 -6.229404507515935,-0.2647144090032391,0.00984878359483944,-0.001588678679803598,1.3693827463130084e-06,-0.9961754905222338,-0.08736056422072984
2026-09-30T13:50:16.736 -6.229404418087021,-0.26471428979282113,0.009848798354600622,-0.0015886813216506343,1.298404591821392e-06,-0.9961754905201389,-0.08736056419765824
2026-09-30T13:50:16.820 -6.229404403065825,-0.26471446860655423,0.009848872836782395,-0.0015886360146274527,1.3102657986513728e-06,-0.996175430955575,-0.08736124423547678
2026-09-30T13:50:16.866 -6.229404507444504,-0.2647144686078757,0.009848828298276893,-0.0015886605054619947,1.3599918326610793e-06,-0.9961754905366017,-0.08736056438754189
2026-09-30T13:50:16.937 -6.229404343509876,-0.2647143493965197,0.009848842940236502,-0.0015886440040371248,1.4112028254912998e-06,-0.9961754905496525,-0.08736056453799079
2026-09-30T13:50:16.976 -6.2294044328703615,-0.2647142897929951,0.009848872883873776,-0.0015886770042401969,1.4687032819584478e-06,-0.9961754905235671,-0.08736056423438336
