recv_wall_ns,sim_stamp_s,frame_id,source,x,y,yaw,lin_speed,ang_speed
1790756433989927158,7.750,odom,"ideal odometry /chassis/odom (IsaacComputeOdometry, relative to Play start)",0.0085,-0.0000,-0.0000,0.0007,0.0015
1790756434049775791,7.767,odom,"ideal odometry /chassis/odom (IsaacComputeOdometry, relative to Play start)",0.0085,0.0000,-0.0000,0.0008,0.0016
1790756434126152098,7.783,odom,"ideal odometry /chassis/odom (IsaacComputeOdometry, relative to Play start)",0.0085,0.0000,-0.0000,0.0008,0.0012
1790756434197547341,7.800,odom,"ideal odometry /chassis/odom (IsaacComputeOdometry, relative to Play start)",0.0086,-0.0000,-0.0000,0.0008,0.0015
1790756434246122113,7.817,odom,"ideal odometry /chassis/odom (IsaacComputeOdometry, relative to Play start)",0.0086,0.0000,-0.0000,0.0007,0.0015
1790756434300935078,7.833,odom,"ideal odometry /chassis/odom (IsaacComputeOdometry, relative to Play start)",0.0086,-0.0000,-0.0000,0.0007,0.0004
1790756434356297717,7.850,odom,"ideal odometry /chassis/odom (IsaacComputeOdometry, relative to Play start)",0.0086,-0.0000,-0.0000,0.0007,0.0009
1790756434426760770,7.867,odom,"ideal odometry /chassis/odom (IsaacComputeOdometry, relative to Play start)",0.0086,-0.0000,-0.0000,0.0007,0.0005
1790756434472511202,7.883,odom,"ideal odometry /chassis/odom (IsaacComputeOdometry, relative to Play start)",0.0087,-0.0000,-0.0000,0.0007,0.0003
1790756434534633386,7.900,odom,"ideal odometry /chassis/odom (IsaacComputeOdometry, relative to Play start)",0.0087,-0.0000,-0.0000,0.0006,0.0003
1790756434600970765,7.917,odom,"ideal odometry /chassis/odom (IsaacComputeOdometry, relative to Play start)",0.0087,0.0000,-0.0000,0.0007,0.0000
1790756434666985156,7.933,odom,"ideal odometry /chassis/odom (IsaacComputeOdometry, relative to Play start)",0.0087,-0.0000,-0.0000,0.0008,0.0012
1790756434734868015,7.950,odom,"ideal odometry /chassis/odom (IsaacComputeOdometry, relative to Play start)",0.0087,-0.0000,-0.0000,0.0009,0.0022
1790756434796390654,7.967,odom,"ideal odometry /chassis/odom (IsaacComputeOdometry, relative to Play start)",0.0087,-0.0000,-0.0000,0.0007,0.0012
1790756434860912221,7.983,odom,"ideal odometry /chassis/odom (IsaacComputeOdometry, relative to Play start)",0.0088,0.0000,-0.0000,0.0007,0.0000
1790756434927615772,8.000,odom,"ideal odometry /chassis/odom (IsaacComputeOdometry, relative to Play start)",0.0088,0.0000,-0.0000,0.0008,0.0005
1790756434993152180,8.017,odom,"ideal odometry /chassis/odom (IsaacComputeOdometry, relative to Play start)",0.0088,-0.0000,-0.0000,0.0009,0.0026
1790756435073649981,8.033,odom,"ideal odometry /chassis/odom (IsaacComputeOdometry, relative to Play start)",0.0088,0.0000,-0.0000,0.0008,0.0012
1790756435138905934,8.050,odom,"ideal odometry /chassis/odom (IsaacComputeOdometry, relative to Play start)",0.0088,-0.0000,-0.0000,0.0007,0.0001
1790756435188333774,8.067,odom,"ideal odometry /chassis/odom (IsaacComputeOdometry, relative to Play start)",0.0089,-0.0000,-0.0000,0.0007,0.0003
1790756435258151221,8.083,odom,"ideal odometry /chassis/odom (IsaacComputeOdometry, relative to Play start)",0.0089,-0.0000,-0.0000,0.0008,0.0017
1790756435312892215,8.100,odom,"ideal odometry /chassis/odom (IsaacComputeOdometry, relative to Play start)",0.0089,-0.0000,-0.0000,0.0009,0.0023
1790756435365736509,8.117,odom,"ideal odometry /chassis/odom (IsaacComputeOdometry, relative to Play start)",0.0089,-0.0000,-0.0000,0.0007,0.0008
1790756435435806645,8.133,odom,"ideal odometry /chassis/odom (IsaacComputeOdometry, relative to Play start)",0.0089,-0.0000,-0.0000,0.0008,0.0015
1790756435488067275,8.150,odom,"ideal odometry /chassis/odom (IsaacComputeOdometry, relative to Play start)",0.0089,-0.0000,-0.0000,0.0008,0.0018
1790756435538591680,8.167,odom,"ideal odometry /chassis/odom (IsaacComputeOdometry, relative to Play start)",0.0090,0.0000,-0.0000,0.0008,0.0011
1790756435580766485,8.183,odom,"ideal odometry /chassis/odom (IsaacComputeOdometry, relative to Play start)",0.0090,-0.0000,-0.0000,0.0009,0.0014
1790756435642939652,8.200,odom,"ideal odometry /chassis/odom (IsaacComputeOdometry, relative to Play start)",0.0090,-0.0000,-0.0000,0.0008,0.0014
1790756435698992845,8.217,odom,"ideal odometry /chassis/odom (IsaacComputeOdometry, relative to Play start)",0.0090,-0.0000,-0.0000,0.0008,0.0015
1790756435755658304,8.233,odom,"ideal odometry /chassis/odom (IsaacComputeOdometry, relative to Play start)",0.0090,0.0000,-0.0000,0.0009,0.0013
1790756435804243941,8.250,odom,"ideal odometry /chassis/odom (IsaacComputeOdometry, relative to Play start)",0.0091,-0.0000,-0.0000,0.0008,0.0013
1790756435865943305,8.267,odom,"ideal odometry /chassis/odom (IsaacComputeOdometry, relative to Play start)",0.0091,-0.0000,-0.0000,0.0008,0.0014
1790756435944224669,8.283,odom,"ideal odometry /chassis/odom (IsaacComputeOdometry, relative to Play start)",0.0091,-0.0000,-0.0000,0.0008,0.0014
1790756435988091961,8.300,odom,"ideal odometry /chassis/odom (IsaacComputeOdometry, relative to Play start)",0.0091,-0.0000,-0.0000,0.0008,0.0013
1790756436027925238,8.317,odom,"ideal odometry /chassis/odom (IsaacComputeOdometry, relative to Play start)",0.0091,0.0000,-0.0000,0.0008,0.0016
1790756436080273999,8.333,odom,"ideal odometry /chassis/odom (IsaacComputeOdometry, relative to Play start)",0.0092,-0.0000,-0.0000,0.0008,0.0016
1790756436131926913,8.350,odom,"ideal odometry /chassis/odom (IsaacComputeOdometry, relative to Play start)",0.0092,-0.0000,-0.0000,0.0008,0.0013
1790756436189481566,8.367,odom,"ideal odometry /chassis/odom (IsaacComputeOdometry, relative to Play start)",0.0092,-0.0000,-0.0000,0.0009,0.0015
1790756436240567254,8.383,odom,"ideal odometry /chassis/odom (IsaacComputeOdometry, relative to Play start)",0.0092,-0.0000,-0.0000,0.0008,0.0012
1790756436297552451,8.400,odom,"ideal odometry /chassis/odom (IsaacComputeOdometry, relative to Play start)",0.0092,-0.0000,-0.0000,0.0007,0.0016
1790756436357102241,8.417,odom,"ideal odometry /chassis/odom (IsaacComputeOdometry, relative to Play start)",0.0092,-0.0000,-0.0000,0.0008,0.0014
1790756436412556912,8.433,odom,"ideal odometry /chassis/odom (IsaacComputeOdometry, relative to Play start)",0.0093,-0.0000,-0.0000,0.0007,0.0014
1790756436464897686,8.450,odom,"ideal odometry /chassis/odom (IsaacComputeOdometry, relative to Play start)",0.0093,-0.0000,-0.0000,0.0008,0.0014
1790756436521065104,8.467,odom,"ideal odometry /chassis/odom (IsaacComputeOdometry, relative to Play start)",0.0093,0.0000,-0.0000,0.0008,0.0013
1790756436566903109,8.483,odom,"ideal odometry /chassis/odom (IsaacComputeOdometry, relative to Play start)",0.0093,-0.0000,-0.0000,0.0007,0.0015
1790756436619822068,8.500,odom,"ideal odometry /chassis/odom (IsaacComputeOdometry, relative to Play start)",0.0093,-0.0000,-0.0000,0.0008,0.0017
1790756436673155117,8.517,odom,"ideal odometry /chassis/odom (IsaacComputeOdometry, relative to Play start)",0.0094,-0.0000,-0.0000,0.0008,0.0013
1790756436730966731,8.533,odom,"ideal odometry /chassis/odom (IsaacComputeOdometry, relative to Play start)",0.0094,-0.0000,-0.0000,0.0008,0.0015
1790756436767669861,8.550,odom,"ideal odometry /chassis/odom (IsaacComputeOdometry, relative to Play start)",0.0094,-0.0000,-0.0000,0.0009,0.0015
1790756436828760672,8.567,odom,"ideal odometry /chassis/odom (IsaacComputeOdometry, relative to Play start)",0.0094,-0.0000,-0.0000,0.0009,0.0012
1790756436879941455,8.583,odom,"ideal odometry /chassis/odom (IsaacComputeOdometry, relative to Play start)",0.0094,0.0000,0.0001,0.0017,0.0089
1790756436929265657,8.600,odom,"ideal odometry /chassis/odom (IsaacComputeOdometry, relative to Play start)",0.0094,0.0000,0.0003,0.0024,0.0127
1790756436970686018,8.617,odom,"ideal odometry /chassis/odom (IsaacComputeOdometry, relative to Play start)",0.0095,0.0000,0.0005,0.0028,0.0147
1790756437024521566,8.633,odom,"ideal odometry /chassis/odom (IsaacComputeOdometry, relative to Play start)",0.0095,0.0000,0.0009,0.0053,0.0296
1790756437059501843,8.650,odom,"ideal odometry /chassis/odom (IsaacComputeOdometry, relative to Play start)",0.0095,0.0000,0.0016,0.0101,0.0566
1790756437113188433,8.667,odom,"ideal odometry /chassis/odom (IsaacComputeOdometry, relative to Play start)",0.0095,0.0000,0.0026,0.0145,0.0821
1790756437155809740,8.683,odom,"ideal odometry /chassis/odom (IsaacComputeOdometry, relative to Play start)",0.0095,0.0000,0.0041,0.0160,0.0933
1790756437209934380,8.700,odom,"ideal odometry /chassis/odom (IsaacComputeOdometry, relative to Play start)",0.0096,0.0000,0.0056,0.0180,0.1026
1790756437246883327,8.717,odom,"ideal odometry /chassis/odom (IsaacComputeOdometry, relative to Play start)",0.0096,0.0000,0.0073,0.0188,0.1073
1790756437307587165,8.733,odom,"ideal odometry /chassis/odom (IsaacComputeOdometry, relative to Play start)",0.0096,0.0000,0.0090,0.0198,0.1112
1790756437343655927,8.750,odom,"ideal odometry /chassis/odom (IsaacComputeOdometry, relative to Play start)",0.0097,0.0000,0.0108,0.0197,0.1125
1790756437405520035,8.767,odom,"ideal odometry /chassis/odom (IsaacComputeOdometry, relative to Play start)",0.0097,0.0000,0.0126,0.0204,0.1147
1790756437449298454,8.783,odom,"ideal odometry /chassis/odom (IsaacComputeOdometry, relative to Play start)",0.0097,0.0000,0.0144,0.0201,0.1153
1790756437503963019,8.800,odom,"ideal odometry /chassis/odom (IsaacComputeOdometry, relative to Play start)",0.0098,0.0000,0.0163,0.0207,0.1176
1790756437547602974,8.817,odom,"ideal odometry /chassis/odom (IsaacComputeOdometry, relative to Play start)",0.0098,0.0000,0.0181,0.0209,0.1171
1790756437608814790,8.833,odom,"ideal odometry /chassis/odom (IsaacComputeOdometry, relative to Play start)",0.0099,0.0000,0.0200,0.0213,0.1199
1790756437646427638,8.850,odom,"ideal odometry /chassis/odom (IsaacComputeOdometry, relative to Play start)",0.0100,0.0000,0.0219,0.0213,0.1195
1790756437707793426,8.867,odom,"ideal odometry /chassis/odom (IsaacComputeOdometry, relative to Play start)",0.0100,0.0000,0.0238,0.0219,0.1230
1790756437741286358,8.883,odom,"ideal odometry /chassis/odom (IsaacComputeOdometry, relative to Play start)",0.0101,0.0000,0.0258,0.0217,0.1223
1790756437800760091,8.900,odom,"ideal odometry /chassis/odom (IsaacComputeOdometry, relative to Play start)",0.0102,0.0000,0.0278,0.0224,0.1257
1790756437838924378,8.917,odom,"ideal odometry /chassis/odom (IsaacComputeOdometry, relative to Play start)",0.0102,0.0000,0.0298,0.0221,0.1248
1790756437900887760,8.933,odom,"ideal odometry /chassis/odom (IsaacComputeOdometry, relative to Play start)",0.0103,0.0000,0.0318,0.0228,0.1283
1790756437940397956,8.950,odom,"ideal odometry /chassis/odom (IsaacComputeOdometry, relative to Play start)",0.0104,0.0000,0.0338,0.0223,0.1267
1790756437998361778,8.967,odom,"ideal odometry /chassis/odom (IsaacComputeOdometry, relative to Play start)",0.0105,0.0000,0.0358,0.0231,0.1289
1790756438037986292,8.983,odom,"ideal odometry /chassis/odom (IsaacComputeOdometry, relative to Play start)",0.0106,0.0000,0.0379,0.0229,0.1276
1790756438096576125,9.000,odom,"ideal odometry /chassis/odom (IsaacComputeOdometry, relative to Play start)",0.0107,0.0001,0.0400,0.0233,0.1304
1790756438136502826,9.017,odom,"ideal odometry /chassis/odom (IsaacComputeOdometry, relative to Play start)",0.0108,0.0001,0.0421,0.0233,0.1295
1790756438207869931,9.033,odom,"ideal odometry /chassis/odom (IsaacComputeOdometry, relative to Play start)",0.0109,0.0001,0.0442,0.0240,0.1326
1790756438243912411,9.050,odom,"ideal odometry /chassis/odom (IsaacComputeOdometry, relative to Play start)",0.0110,0.0001,0.0463,0.0237,0.1326
1790756438303582463,9.067,odom,"ideal odometry /chassis/odom (IsaacComputeOdometry, relative to Play start)",0.0111,0.0001,0.0485,0.0244,0.1354
1790756438341715639,9.083,odom,"ideal odometry /chassis/odom (IsaacComputeOdometry, relative to Play start)",0.0112,0.0001,0.0507,0.0244,0.1350
1790756438401736911,9.100,odom,"ideal odometry /chassis/odom (IsaacComputeOdometry, relative to Play start)",0.0113,0.0001,0.0529,0.0252,0.1380
1790756438441087285,9.117,odom,"ideal odometry /chassis/odom (IsaacComputeOdometry, relative to Play start)",0.0115,0.0001,0.0552,0.0250,0.1378
1790756438505441878,9.133,odom,"ideal odometry /chassis/odom (IsaacComputeOdometry, relative to Play start)",0.0116,0.0001,0.0574,0.0258,0.1409
1790756438544678212,9.150,odom,"ideal odometry /chassis/odom (IsaacComputeOdometry, relative to Play start)",0.0117,0.0001,0.0597,0.0256,0.1406
1790756438604819282,9.167,odom,"ideal odometry /chassis/odom (IsaacComputeOdometry, relative to Play start)",0.0119,0.0001,0.0620,0.0264,0.1436
1790756438642288094,9.183,odom,"ideal odometry /chassis/odom (IsaacComputeOdometry, relative to Play start)",0.0120,0.0001,0.0644,0.0261,0.1434
1790756438704644114,9.200,odom,"ideal odometry /chassis/odom (IsaacComputeOdometry, relative to Play start)",0.0121,0.0001,0.0668,0.0269,0.1463
1790756438745190697,9.217,odom,"ideal odometry /chassis/odom (IsaacComputeOdometry, relative to Play start)",0.0123,0.0001,0.0692,0.0266,0.1463
1790756438809080588,9.233,odom,"ideal odometry /chassis/odom (IsaacComputeOdometry, relative to Play start)",0.0124,0.0002,0.0716,0.0275,0.1493
1790756438844693841,9.250,odom,"ideal odometry /chassis/odom (IsaacComputeOdometry, relative to Play start)",0.0126,0.0002,0.0740,0.0273,0.1490
1790756438904588629,9.267,odom,"ideal odometry /chassis/odom (IsaacComputeOdometry, relative to Play start)",0.0127,0.0002,0.0765,0.0280,0.1521
1790756438952408956,9.283,odom,"ideal odometry /chassis/odom (IsaacComputeOdometry, relative to Play start)",0.0129,0.0002,0.0790,0.0282,0.1516
1790756439009822266,9.300,odom,"ideal odometry /chassis/odom (IsaacComputeOdometry, relative to Play start)",0.0130,0.0002,0.0816,0.0287,0.1547
1790756439055940263,9.317,odom,"ideal odometry /chassis/odom (IsaacComputeOdometry, relative to Play start)",0.0132,0.0002,0.0842,0.0287,0.1545
1790756439117221543,9.333,odom,"ideal odometry /chassis/odom (IsaacComputeOdometry, relative to Play start)",0.0133,0.0002,0.0868,0.0296,0.1591
1790756439156420266,9.350,odom,"ideal odometry /chassis/odom (IsaacComputeOdometry, relative to Play start)",0.0135,0.0003,0.0894,0.0298,0.1592
1790756439215425582,9.367,odom,"ideal odometry /chassis/odom (IsaacComputeOdometry, relative to Play start)",0.0137,0.0003,0.0921,0.0304,0.1638
1790756439254605454,9.383,odom,"ideal odometry /chassis/odom (IsaacComputeOdometry, relative to Play start)",0.0138,0.0003,0.0949,0.0329,0.1797
1790756439314387409,9.400,odom,"ideal odometry /chassis/odom (IsaacComputeOdometry, relative to Play start)",0.0140,0.0003,0.0981,0.0380,0.2091
1790756439353081497,9.417,odom,"ideal odometry /chassis/odom (IsaacComputeOdometry, relative to Play start)",0.0142,0.0003,0.1019,0.0435,0.2411
1790756439410662060,9.433,odom,"ideal odometry /chassis/odom (IsaacComputeOdometry, relative to Play start)",0.0144,0.0003,0.1062,0.0496,0.2796
1790756439448522396,9.450,odom,"ideal odometry /chassis/odom (IsaacComputeOdometry, relative to Play start)",0.0145,0.0004,0.1112,0.0568,0.3219
1790756439510811831,9.467,odom,"ideal odometry /chassis/odom (IsaacComputeOdometry, relative to Play start)",0.0147,0.0004,0.1169,0.0642,0.3639
1790756439548251298,9.483,odom,"ideal odometry /chassis/odom (IsaacComputeOdometry, relative to Play start)",0.0149,0.0004,0.1233,0.0719,0.4073
1790756439615070931,9.500,odom,"ideal odometry /chassis/odom (IsaacComputeOdometry, relative to Play start)",0.0151,0.0004,0.1305,0.0795,0.4515
1790756439659182833,9.517,odom,"ideal odometry /chassis/odom (IsaacComputeOdometry, relative to Play start)",0.0153,0.0005,0.1384,0.0873,0.4966
1790756439731133416,9.533,odom,"ideal odometry /chassis/odom (IsaacComputeOdometry, relative to Play start)",0.0155,0.0005,0.1470,0.0951,0.5405
1790756439772516816,9.550,odom,"ideal odometry /chassis/odom (IsaacComputeOdometry, relative to Play start)",0.0157,0.0006,0.1563,0.1007,0.5715
1790756439832822258,9.567,odom,"ideal odometry /chassis/odom (IsaacComputeOdometry, relative to Play start)",0.0159,0.0006,0.1660,0.1047,0.5945
1790756439875306680,9.583,odom,"ideal odometry /chassis/odom (IsaacComputeOdometry, relative to Play start)",0.0161,0.0006,0.1760,0.1080,0.6112
1790756439935180759,9.600,odom,"ideal odometry /chassis/odom (IsaacComputeOdometry, relative to Play start)",0.0163,0.0007,0.1863,0.1103,0.6246
1790756439978534686,9.617,odom,"ideal odometry /chassis/odom (IsaacComputeOdometry, relative to Play start)",0.0165,0.0007,0.1968,0.1121,0.6364
1790756440042801800,9.633,odom,"ideal odometry /chassis/odom (IsaacComputeOdometry, relative to Play start)",0.0167,0.0008,0.2075,0.1137,0.6456
1790756440081687564,9.650,odom,"ideal odometry /chassis/odom (IsaacComputeOdometry, relative to Play start)",0.0169,0.0008,0.2183,0.1149,0.6536
1790756440144044885,9.667,odom,"ideal odometry /chassis/odom (IsaacComputeOdometry, relative to Play start)",0.0171,0.0009,0.2293,0.1162,0.6602
1790756440182604224,9.683,odom,"ideal odometry /chassis/odom (IsaacComputeOdometry, relative to Play start)",0.0173,0.0009,0.2403,0.1170,0.6657
1790756440248272038,9.700,odom,"ideal odometry /chassis/odom (IsaacComputeOdometry, relative to Play start)",0.0174,0.0009,0.2515,0.1177,0.6704
1790756440286588254,9.717,odom,"ideal odometry /chassis/odom (IsaacComputeOdometry, relative to Play start)",0.0175,0.0010,0.2627,0.1183,0.6743
1790756440348412709,9.733,odom,"ideal odometry /chassis/odom (IsaacComputeOdometry, relative to Play start)",0.0176,0.0010,0.2738,0.1165,0.6648
1790756440391130225,9.750,odom,"ideal odometry /chassis/odom (IsaacComputeOdometry, relative to Play start)",0.0177,0.0010,0.2847,0.1139,0.6493
1790756440451447461,9.767,odom,"ideal odometry /chassis/odom (IsaacComputeOdometry, relative to Play start)",0.0177,0.0010,0.2954,0.1119,0.6391
1790756440499581397,9.783,odom,"ideal odometry /chassis/odom (IsaacComputeOdometry, relative to Play start)",0.0178,0.0011,0.3060,0.1106,0.6322
1790756440551575780,9.800,odom,"ideal odometry /chassis/odom (IsaacComputeOdometry, relative to Play start)",0.0178,0.0011,0.3165,0.1099,0.6267
1790756440592339391,9.817,odom,"ideal odometry /chassis/odom (IsaacComputeOdometry, relative to Play start)",0.0177,0.0011,0.3269,0.1093,0.6232
1790756440657247281,9.833,odom,"ideal odometry /chassis/odom (IsaacComputeOdometry, relative to Play start)",0.0177,0.0010,0.3372,0.1088,0.6209
1790756440692885237,9.850,odom,"ideal odometry /chassis/odom (IsaacComputeOdometry, relative to Play start)",0.0176,0.0010,0.3475,0.1085,0.6188
1790756440755874976,9.867,odom,"ideal odometry /chassis/odom (IsaacComputeOdometry, relative to Play start)",0.0176,0.0010,0.3578,0.1085,0.6170
1790756440797502428,9.883,odom,"ideal odometry /chassis/odom (IsaacComputeOdometry, relative to Play start)",0.0175,0.0010,0.3681,0.1082,0.6155
1790756440856227381,9.900,odom,"ideal odometry /chassis/odom (IsaacComputeOdometry, relative to Play start)",0.0174,0.0009,0.3783,0.1080,0.6143
1790756440894912183,9.917,odom,"ideal odometry /chassis/odom (IsaacComputeOdometry, relative to Play start)",0.0173,0.0009,0.3884,0.1056,0.5990
1790756440956310103,9.933,odom,"ideal odometry /chassis/odom (IsaacComputeOdometry, relative to Play start)",0.0172,0.0008,0.3982,0.1020,0.5801
1790756441000175537,9.950,odom,"ideal odometry /chassis/odom (IsaacComputeOdometry, relative to Play start)",0.0171,0.0008,0.4077,0.0996,0.5663
1790756441061557206,9.967,odom,"ideal odometry /chassis/odom (IsaacComputeOdometry, relative to Play start)",0.0169,0.0007,0.4171,0.0979,0.5563
1790756441100144498,9.983,odom,"ideal odometry /chassis/odom (IsaacComputeOdometry, relative to Play start)",0.0168,0.0007,0.4263,0.0968,0.5490
1790756441164501320,10.000,odom,"ideal odometry /chassis/odom (IsaacComputeOdometry, relative to Play start)",0.0167,0.0006,0.4354,0.0958,0.5441
1790756441199958094,10.017,odom,"ideal odometry /chassis/odom (IsaacComputeOdometry, relative to Play start)",0.0166,0.0006,0.4444,0.0952,0.5402
1790756441275711454,10.033,odom,"ideal odometry /chassis/odom (IsaacComputeOdometry, relative to Play start)",0.0164,0.0005,0.4534,0.0948,0.5374
1790756441318159472,10.050,odom,"ideal odometry /chassis/odom (IsaacComputeOdometry, relative to Play start)",0.0163,0.0004,0.4623,0.0943,0.5356
1790756441377846333,10.067,odom,"ideal odometry /chassis/odom (IsaacComputeOdometry, relative to Play start)",0.0161,0.0004,0.4712,0.0941,0.5337
1790756441416633473,10.083,odom,"ideal odometry /chassis/odom (IsaacComputeOdometry, relative to Play start)",0.0160,0.0003,0.4801,0.0939,0.5324
1790756441476882824,10.100,odom,"ideal odometry /chassis/odom (IsaacComputeOdometry, relative to Play start)",0.0159,0.0002,0.4888,0.0915,0.5170
1790756441513689314,10.117,odom,"ideal odometry /chassis/odom (IsaacComputeOdometry, relative to Play start)",0.0157,0.0001,0.4973,0.0881,0.4975
1790756441579745309,10.133,odom,"ideal odometry /chassis/odom (IsaacComputeOdometry, relative to Play start)",0.0156,0.0001,0.5054,0.0856,0.4842
1790756441620868366,10.150,odom,"ideal odometry /chassis/odom (IsaacComputeOdometry, relative to Play start)",0.0155,-0.0000,0.5134,0.0840,0.4748
1790756441686288611,10.167,odom,"ideal odometry /chassis/odom (IsaacComputeOdometry, relative to Play start)",0.0153,-0.0001,0.5213,0.0827,0.4687
1790756441719785624,10.183,odom,"ideal odometry /chassis/odom (IsaacComputeOdometry, relative to Play start)",0.0152,-0.0002,0.5290,0.0820,0.4638
1790756441786956974,10.200,odom,"ideal odometry /chassis/odom (IsaacComputeOdometry, relative to Play start)",0.0151,-0.0002,0.5367,0.0814,0.4606
1790756441824233161,10.217,odom,"ideal odometry /chassis/odom (IsaacComputeOdometry, relative to Play start)",0.0149,-0.0003,0.5444,0.0810,0.4585
1790756441893847745,10.233,odom,"ideal odometry /chassis/odom (IsaacComputeOdometry, relative to Play start)",0.0148,-0.0004,0.5520,0.0808,0.4565
1790756441935771059,10.250,odom,"ideal odometry /chassis/odom (IsaacComputeOdometry, relative to Play start)",0.0147,-0.0005,0.5596,0.0805,0.4558
1790756442001779384,10.267,odom,"ideal odometry /chassis/odom (IsaacComputeOdometry, relative to Play start)",0.0145,-0.0006,0.5672,0.0803,0.4549
1790756442049975207,10.283,odom,"ideal odometry /chassis/odom (IsaacComputeOdometry, relative to Play start)",0.0144,-0.0006,0.5748,0.0802,0.4540
1790756442103792036,10.300,odom,"ideal odometry /chassis/odom (IsaacComputeOdometry, relative to Play start)",0.0143,-0.0007,0.5822,0.0777,0.4391
1790756442139701885,10.317,odom,"ideal odometry /chassis/odom (IsaacComputeOdometry, relative to Play start)",0.0141,-0.0008,0.5893,0.0741,0.4208
1790756442201221643,10.333,odom,"ideal odometry /chassis/odom (IsaacComputeOdometry, relative to Play start)",0.0140,-0.0009,0.5962,0.0720,0.4069
1790756442242140773,10.350,odom,"ideal odometry /chassis/odom (IsaacComputeOdometry, relative to Play start)",0.0139,-0.0010,0.6029,0.0705,0.3961
1790756442300886197,10.367,odom,"ideal odometry /chassis/odom (IsaacComputeOdometry, relative to Play start)",0.0137,-0.0011,0.6094,0.0693,0.3909
1790756442343302361,10.383,odom,"ideal odometry /chassis/odom (IsaacComputeOdometry, relative to Play start)",0.0136,-0.0012,0.6159,0.0684,0.3857
1790756442405079756,10.400,odom,"ideal odometry /chassis/odom (IsaacComputeOdometry, relative to Play start)",0.0134,-0.0013,0.6224,0.0705,0.3981
1790756442446724699,10.417,odom,"ideal odometry /chassis/odom (IsaacComputeOdometry, relative to Play start)",0.0133,-0.0014,0.6293,0.0742,0.4197
1790756442512931928,10.433,odom,"ideal odometry /chassis/odom (IsaacComputeOdometry, relative to Play start)",0.0132,-0.0015,0.6365,0.0794,0.4496
1790756442550370052,10.450,odom,"ideal odometry /chassis/odom (IsaacComputeOdometry, relative to Play start)",0.0130,-0.0016,0.6444,0.0855,0.4840
1790756442612246148,10.467,odom,"ideal odometry /chassis/odom (IsaacComputeOdometry, relative to Play start)",0.0129,-0.0017,0.6528,0.0918,0.5217
1790756442650865687,10.483,odom,"ideal odometry /chassis/odom (IsaacComputeOdometry, relative to Play start)",0.0127,-0.0018,0.6618,0.0987,0.5595
1790756442712936747,10.500,odom,"ideal odometry /chassis/odom (IsaacComputeOdometry, relative to Play start)",0.0126,-0.0019,0.6715,0.1048,0.5936
1790756442749232019,10.517,odom,"ideal odometry /chassis/odom (IsaacComputeOdometry, relative to Play start)",0.0124,-0.0021,0.6816,0.1088,0.6170
1790756442825595919,10.533,odom,"ideal odometry /chassis/odom (IsaacComputeOdometry, relative to Play start)",0.0123,-0.0022,0.6920,0.1117,0.6324
1790756442856838468,10.550,odom,"ideal odometry /chassis/odom (IsaacComputeOdometry, relative to Play start)",0.0121,-0.0023,0.7026,0.1137,0.6429
1790756442922510627,10.567,odom,"ideal odometry /chassis/odom (IsaacComputeOdometry, relative to Play start)",0.0119,-0.0025,0.7134,0.1150,0.6502
1790756442962054787,10.583,odom,"ideal odometry /chassis/odom (IsaacComputeOdometry, relative to Play start)",0.0117,-0.0026,0.7243,0.1157,0.6560
1790756443024142360,10.600,odom,"ideal odometry /chassis/odom (IsaacComputeOdometry, relative to Play start)",0.0116,-0.0028,0.7352,0.1166,0.6586
1790756443064959318,10.617,odom,"ideal odometry /chassis/odom (IsaacComputeOdometry, relative to Play start)",0.0114,-0.0030,0.7461,0.1147,0.6476
1790756443129755642,10.633,odom,"ideal odometry /chassis/odom (IsaacComputeOdometry, relative to Play start)",0.0112,-0.0031,0.7568,0.1120,0.6309
1790756443170208287,10.650,odom,"ideal odometry /chassis/odom (IsaacComputeOdometry, relative to Play start)",0.0111,-0.0033,0.7672,0.1096,0.6203
1790756443233609657,10.667,odom,"ideal odometry /chassis/odom (IsaacComputeOdometry, relative to Play start)",0.0109,-0.0034,0.7774,0.1083,0.6121
1790756443271607528,10.683,odom,"ideal odometry /chassis/odom (IsaacComputeOdometry, relative to Play start)",0.0107,-0.0036,0.7876,0.1075,0.6061
1790756443333963808,10.700,odom,"ideal odometry /chassis/odom (IsaacComputeOdometry, relative to Play start)",0.0106,-0.0037,0.7976,0.1067,0.6029
1790756443377953471,10.717,odom,"ideal odometry /chassis/odom (IsaacComputeOdometry, relative to Play start)",0.0104,-0.0039,0.8077,0.1063,0.6000
1790756443445631838,10.733,odom,"ideal odometry /chassis/odom (IsaacComputeOdometry, relative to Play start)",0.0103,-0.0041,0.8176,0.1057,0.5989
1790756443483602875,10.750,odom,"ideal odometry /chassis/odom (IsaacComputeOdometry, relative to Play start)",0.0101,-0.0042,0.8276,0.1056,0.5973
1790756443560575684,10.767,odom,"ideal odometry /chassis/odom (IsaacComputeOdometry, relative to Play start)",0.0100,-0.0044,0.8376,0.1056,0.5959
1790756443609842117,10.783,odom,"ideal odometry /chassis/odom (IsaacComputeOdometry, relative to Play start)",0.0098,-0.0045,0.8473,0.1030,0.5818
1790756443666596344,10.800,odom,"ideal odometry /chassis/odom (IsaacComputeOdometry, relative to Play start)",0.0097,-0.0047,0.8569,0.0998,0.5629
1790756443703430157,10.817,odom,"ideal odometry /chassis/odom (IsaacComputeOdometry, relative to Play start)",0.0096,-0.0049,0.8661,0.0973,0.5506
1790756443767671240,10.833,odom,"ideal odometry /chassis/odom (IsaacComputeOdometry, relative to Play start)",0.0094,-0.0050,0.8752,0.0958,0.5417
1790756443804998278,10.850,odom,"ideal odometry /chassis/odom (IsaacComputeOdometry, relative to Play start)",0.0093,-0.0052,0.8842,0.0950,0.5349
1790756443869478796,10.867,odom,"ideal odometry /chassis/odom (IsaacComputeOdometry, relative to Play start)",0.0092,-0.0053,0.8931,0.0942,0.5309
1790756443904558502,10.883,odom,"ideal odometry /chassis/odom (IsaacComputeOdometry, relative to Play start)",0.0091,-0.0055,0.9019,0.0936,0.5285
1790756443970025565,10.900,odom,"ideal odometry /chassis/odom (IsaacComputeOdometry, relative to Play start)",0.0089,-0.0056,0.9107,0.0935,0.5257
1790756444008929198,10.917,odom,"ideal odometry /chassis/odom (IsaacComputeOdometry, relative to Play start)",0.0088,-0.0058,0.9194,0.0930,0.5248
1790756444070600574,10.933,odom,"ideal odometry /chassis/odom (IsaacComputeOdometry, relative to Play start)",0.0087,-0.0059,0.9282,0.0929,0.5241
1790756444116072352,10.950,odom,"ideal odometry /chassis/odom (IsaacComputeOdometry, relative to Play start)",0.0086,-0.0061,0.9368,0.0905,0.5090
1790756444178130558,10.967,odom,"ideal odometry /chassis/odom (IsaacComputeOdometry, relative to Play start)",0.0085,-0.0062,0.9451,0.0873,0.4896
1790756444218146271,10.983,odom,"ideal odometry /chassis/odom (IsaacComputeOdometry, relative to Play start)",0.0084,-0.0064,0.9531,0.0848,0.4772
1790756444279416742,11.000,odom,"ideal odometry /chassis/odom (IsaacComputeOdometry, relative to Play start)",0.0083,-0.0065,0.9610,0.0831,0.4687
1790756444322350150,11.017,odom,"ideal odometry /chassis/odom (IsaacComputeOdometry, relative to Play start)",0.0082,-0.0067,0.9687,0.0820,0.4629
1790756444397074688,11.033,odom,"ideal odometry /chassis/odom (IsaacComputeOdometry, relative to Play start)",0.0081,-0.0068,0.9764,0.0814,0.4588
1790756444433348944,11.050,odom,"ideal odometry /chassis/odom (IsaacComputeOdometry, relative to Play start)",0.0080,-0.0070,0.9840,0.0807,0.4566
1790756444491355515,11.067,odom,"ideal odometry /chassis/odom (IsaacComputeOdometry, relative to Play start)",0.0079,-0.0071,0.9916,0.0805,0.4540
1790756444530551499,11.083,odom,"ideal odometry /chassis/odom (IsaacComputeOdometry, relative to Play start)",0.0078,-0.0073,0.9991,0.0799,0.4537
1790756444591514983,11.100,odom,"ideal odometry /chassis/odom (IsaacComputeOdometry, relative to Play start)",0.0077,-0.0074,1.0067,0.0801,0.4518
1790756444626320165,11.117,odom,"ideal odometry /chassis/odom (IsaacComputeOdometry, relative to Play start)",0.0076,-0.0076,1.0142,0.0799,0.4519
1790756444691146700,11.133,odom,"ideal odometry /chassis/odom (IsaacComputeOdometry, relative to Play start)",0.0075,-0.0077,1.0217,0.0796,0.4523
1790756444732822791,11.150,odom,"ideal odometry /chassis/odom (IsaacComputeOdometry, relative to Play start)",0.0074,-0.0078,1.0292,0.0798,0.4512
1790756444792138000,11.167,odom,"ideal odometry /chassis/odom (IsaacComputeOdometry, relative to Play start)",0.0073,-0.0080,1.0366,0.0773,0.4365
1790756444832344829,11.183,odom,"ideal odometry /chassis/odom (IsaacComputeOdometry, relative to Play start)",0.0073,-0.0081,1.0437,0.0740,0.4175
1790756444889838472,11.200,odom,"ideal odometry /chassis/odom (IsaacComputeOdometry, relative to Play start)",0.0072,-0.0083,1.0505,0.0716,0.4036
1790756444926409019,11.217,odom,"ideal odometry /chassis/odom (IsaacComputeOdometry, relative to Play start)",0.0071,-0.0084,1.0571,0.0701,0.3932
1790756444987525153,11.233,odom,"ideal odometry /chassis/odom (IsaacComputeOdometry, relative to Play start)",0.0070,-0.0086,1.0636,0.0690,0.3884
1790756445026751255,11.250,odom,"ideal odometry /chassis/odom (IsaacComputeOdometry, relative to Play start)",0.0069,-0.0088,1.0700,0.0682,0.3834
1790756445089683043,11.267,odom,"ideal odometry /chassis/odom (IsaacComputeOdometry, relative to Play start)",0.0068,-0.0089,1.0764,0.0677,0.3814
1790756445138060413,11.283,odom,"ideal odometry /chassis/odom (IsaacComputeOdometry, relative to Play start)",0.0067,-0.0091,1.0827,0.0673,0.3785
1790756445185261342,11.300,odom,"ideal odometry /chassis/odom (IsaacComputeOdometry, relative to Play start)",0.0067,-0.0092,1.0890,0.0672,0.3778
1790756445224866581,11.317,odom,"ideal odometry /chassis/odom (IsaacComputeOdometry, relative to Play start)",0.0066,-0.0094,1.0953,0.0669,0.3761
1790756445289280015,11.333,odom,"ideal odometry /chassis/odom (IsaacComputeOdometry, relative to Play start)",0.0065,-0.0095,1.1017,0.0694,0.3911
1790756445329054604,11.350,odom,"ideal odometry /chassis/odom (IsaacComputeOdometry, relative to Play start)",0.0064,-0.0097,1.1084,0.0732,0.4146
1790756445388365872,11.367,odom,"ideal odometry /chassis/odom (IsaacComputeOdometry, relative to Play start)",0.0063,-0.0099,1.1156,0.0788,0.4454
1790756445426588917,11.383,odom,"ideal odometry /chassis/odom (IsaacComputeOdometry, relative to Play start)",0.0063,-0.0100,1.1234,0.0846,0.4811
1790756445486004515,11.400,odom,"ideal odometry /chassis/odom (IsaacComputeOdometry, relative to Play start)",0.0062,-0.0102,1.1317,0.0913,0.5181
1790756445530509077,11.417,odom,"ideal odometry /chassis/odom (IsaacComputeOdometry, relative to Play start)",0.0061,-0.0103,1.1407,0.0982,0.5571
1790756445588914300,11.433,odom,"ideal odometry /chassis/odom (IsaacComputeOdometry, relative to Play start)",0.0060,-0.0105,1.1503,0.1045,0.5910
1790756445626972310,11.450,odom,"ideal odometry /chassis/odom (IsaacComputeOdometry, relative to Play start)",0.0059,-0.0107,1.1604,0.1085,0.6146
1790756445686055402,11.467,odom,"ideal odometry /chassis/odom (IsaacComputeOdometry, relative to Play start)",0.0058,-0.0109,1.1708,0.1112,0.6304
1790756445724442917,11.483,odom,"ideal odometry /chassis/odom (IsaacComputeOdometry, relative to Play start)",0.0057,-0.0111,1.1814,0.1128,0.6423
1790756445783211703,11.500,odom,"ideal odometry /chassis/odom (IsaacComputeOdometry, relative to Play start)",0.0057,-0.0113,1.1921,0.1148,0.6479
1790756445826840055,11.517,odom,"ideal odometry /chassis/odom (IsaacComputeOdometry, relative to Play start)",0.0056,-0.0116,1.2030,0.1155,0.6539
1790756445898835012,11.533,odom,"ideal odometry /chassis/odom (IsaacComputeOdometry, relative to Play start)",0.0055,-0.0118,1.2139,0.1161,0.6573
1790756445936025351,11.550,odom,"ideal odometry /chassis/odom (IsaacComputeOdometry, relative to Play start)",0.0054,-0.0120,1.2249,0.1166,0.6596
1790756445996764975,11.567,odom,"ideal odometry /chassis/odom (IsaacComputeOdometry, relative to Play start)",0.0053,-0.0122,1.2358,0.1145,0.6482
1790756446032830475,11.583,odom,"ideal odometry /chassis/odom (IsaacComputeOdometry, relative to Play start)",0.0053,-0.0125,1.2464,0.1118,0.6309
1790756446092430622,11.600,odom,"ideal odometry /chassis/odom (IsaacComputeOdometry, relative to Play start)",0.0052,-0.0127,1.2568,0.1098,0.6192
1790756446130363474,11.617,odom,"ideal odometry /chassis/odom (IsaacComputeOdometry, relative to Play start)",0.0051,-0.0129,1.2670,0.1081,0.6117
1790756446191380624,11.633,odom,"ideal odometry /chassis/odom (IsaacComputeOdometry, relative to Play start)",0.0050,-0.0131,1.2772,0.1071,0.6062
1790756446232090999,11.650,odom,"ideal odometry /chassis/odom (IsaacComputeOdometry, relative to Play start)",0.0050,-0.0133,1.2872,0.1065,0.6020
1790756446290049533,11.667,odom,"ideal odometry /chassis/odom (IsaacComputeOdometry, relative to Play start)",0.0049,-0.0136,1.2972,0.1061,0.5993
1790756446333706032,11.683,odom,"ideal odometry /chassis/odom (IsaacComputeOdometry, relative to Play start)",0.0049,-0.0138,1.3072,0.1055,0.5982
1790756446398115245,11.700,odom,"ideal odometry /chassis/odom (IsaacComputeOdometry, relative to Play start)",0.0048,-0.0140,1.3172,0.1055,0.5961
1790756446431844937,11.717,odom,"ideal odometry /chassis/odom (IsaacComputeOdometry, relative to Play start)",0.0048,-0.0142,1.3271,0.1057,0.5945
1790756446502255700,11.733,odom,"ideal odometry /chassis/odom (IsaacComputeOdometry, relative to Play start)",0.0047,-0.0144,1.3369,0.1031,0.5805
1790756446544667454,11.750,odom,"ideal odometry /chassis/odom (IsaacComputeOdometry, relative to Play start)",0.0047,-0.0146,1.3464,0.0997,0.5623
1790756446600658997,11.767,odom,"ideal odometry /chassis/odom (IsaacComputeOdometry, relative to Play start)",0.0046,-0.0148,1.3556,0.0977,0.5487
1790756446649500789,11.783,odom,"ideal odometry /chassis/odom (IsaacComputeOdometry, relative to Play start)",0.0046,-0.0150,1.3647,0.0960,0.5404
1790756446699876675,11.800,odom,"ideal odometry /chassis/odom (IsaacComputeOdometry, relative to Play start)",0.0045,-0.0152,1.3737,0.0950,0.5341
1790756446739618144,11.817,odom,"ideal odometry /chassis/odom (IsaacComputeOdometry, relative to Play start)",0.0045,-0.0154,1.3825,0.0941,0.5305
1790756446804817062,11.833,odom,"ideal odometry /chassis/odom (IsaacComputeOdometry, relative to Play start)",0.0044,-0.0156,1.3915,0.0961,0.5414
1790756446840937729,11.850,odom,"ideal odometry /chassis/odom (IsaacComputeOdometry, relative to Play start)",0.0044,-0.0158,1.4007,0.0996,0.5638
1790756446901518699,11.867,odom,"ideal odometry /chassis/odom (IsaacComputeOdometry, relative to Play start)",0.0044,-0.0160,1.4104,0.1043,0.5924
1790756446942401332,11.883,odom,"ideal odometry /chassis/odom (IsaacComputeOdometry, relative to Play start)",0.0043,-0.0162,1.4205,0.1087,0.6147
1790756447002142214,11.900,odom,"ideal odometry /chassis/odom (IsaacComputeOdometry, relative to Play start)",0.0043,-0.0165,1.4309,0.1117,0.6304
1790756447041458479,11.917,odom,"ideal odometry /chassis/odom (IsaacComputeOdometry, relative to Play start)",0.0043,-0.0167,1.4415,0.1135,0.6415
1790756447103462644,11.933,odom,"ideal odometry /chassis/odom (IsaacComputeOdometry, relative to Play start)",0.0043,-0.0169,1.4522,0.1148,0.6488
1790756447141038031,11.950,odom,"ideal odometry /chassis/odom (IsaacComputeOdometry, relative to Play start)",0.0042,-0.0171,1.4631,0.1157,0.6543
1790756447202541557,11.967,odom,"ideal odometry /chassis/odom (IsaacComputeOdometry, relative to Play start)",0.0042,-0.0174,1.4740,0.1168,0.6565
1790756447237465799,11.983,odom,"ideal odometry /chassis/odom (IsaacComputeOdometry, relative to Play start)",0.0042,-0.0176,1.4850,0.1165,0.6610
1790756447296774910,12.000,odom,"ideal odometry /chassis/odom (IsaacComputeOdometry, relative to Play start)",0.0042,-0.0179,1.4959,0.1152,0.6474
1790756447340218806,12.017,odom,"ideal odometry /chassis/odom (IsaacComputeOdometry, relative to Play start)",0.0042,-0.0181,1.5065,0.1123,0.6303
1790756447411920005,12.033,odom,"ideal odometry /chassis/odom (IsaacComputeOdometry, relative to Play start)",0.0041,-0.0183,1.5170,0.1098,0.6199
1790756447452009650,12.050,odom,"ideal odometry /chassis/odom (IsaacComputeOdometry, relative to Play start)",0.0041,-0.0186,1.5272,0.1084,0.6118
1790756447508488601,12.067,odom,"ideal odometry /chassis/odom (IsaacComputeOdometry, relative to Play start)",0.0041,-0.0188,1.5374,0.1077,0.6054
1790756447544249084,12.083,odom,"ideal odometry /chassis/odom (IsaacComputeOdometry, relative to Play start)",0.0041,-0.0190,1.5474,0.1069,0.6018
1790756447601919301,12.100,odom,"ideal odometry /chassis/odom (IsaacComputeOdometry, relative to Play start)",0.0041,-0.0192,1.5574,0.1062,0.5999
1790756447640697494,12.117,odom,"ideal odometry /chassis/odom (IsaacComputeOdometry, relative to Play start)",0.0041,-0.0194,1.5674,0.1058,0.5979
1790756447698639890,12.133,odom,"ideal odometry /chassis/odom (IsaacComputeOdometry, relative to Play start)",0.0041,-0.0197,1.5772,0.1036,0.5818
1790756447740353511,12.150,odom,"ideal odometry /chassis/odom (IsaacComputeOdometry, relative to Play start)",0.0041,-0.0199,1.5868,0.1003,0.5628
1790756447798715951,12.167,odom,"ideal odometry /chassis/odom (IsaacComputeOdometry, relative to Play start)",0.0041,-0.0201,1.5961,0.0975,0.5507
1790756447842345429,12.183,odom,"ideal odometry /chassis/odom (IsaacComputeOdometry, relative to Play start)",0.0041,-0.0203,1.6051,0.0959,0.5414
1790756447901117310,12.200,odom,"ideal odometry /chassis/odom (IsaacComputeOdometry, relative to Play start)",0.0041,-0.0205,1.6141,0.0951,0.5347
1790756447942934323,12.217,odom,"ideal odometry /chassis/odom (IsaacComputeOdometry, relative to Play start)",0.0041,-0.0207,1.6230,0.0941,0.5310
1790756447999950409,12.233,odom,"ideal odometry /chassis/odom (IsaacComputeOdometry, relative to Play start)",0.0041,-0.0209,1.6318,0.0937,0.5275
1790756448041178122,12.250,odom,"ideal odometry /chassis/odom (IsaacComputeOdometry, relative to Play start)",0.0042,-0.0211,1.6406,0.0933,0.5259
1790756448096416082,12.267,odom,"ideal odometry /chassis/odom (IsaacComputeOdometry, relative to Play start)",0.0042,-0.0213,1.6493,0.0932,0.5241
1790756448147174576,12.283,odom,"ideal odometry /chassis/odom (IsaacComputeOdometry, relative to Play start)",0.0042,-0.0215,1.6579,0.0905,0.5094
1790756448191837416,12.300,odom,"ideal odometry /chassis/odom (IsaacComputeOdometry, relative to Play start)",0.0042,-0.0217,1.6663,0.0870,0.4904
1790756448230598346,12.317,odom,"ideal odometry /chassis/odom (IsaacComputeOdometry, relative to Play start)",0.0042,-0.0219,1.6743,0.0848,0.4769
1790756448287948909,12.333,odom,"ideal odometry /chassis/odom (IsaacComputeOdometry, relative to Play start)",0.0042,-0.0220,1.6822,0.0834,0.4677
1790756448325456650,12.350,odom,"ideal odometry /chassis/odom (IsaacComputeOdometry, relative to Play start)",0.0043,-0.0222,1.6899,0.0817,0.4635
1790756448388620180,12.367,odom,"ideal odometry /chassis/odom (IsaacComputeOdometry, relative to Play start)",0.0043,-0.0224,1.6976,0.0816,0.4578
1790756448429231479,12.383,odom,"ideal odometry /chassis/odom (IsaacComputeOdometry, relative to Play start)",0.0043,-0.0226,1.7052,0.0808,0.4557
1790756448486604184,12.400,odom,"ideal odometry /chassis/odom (IsaacComputeOdometry, relative to Play start)",0.0043,-0.0227,1.7128,0.0803,0.4543
1790756448524896845,12.417,odom,"ideal odometry /chassis/odom (IsaacComputeOdometry, relative to Play start)",0.0044,-0.0229,1.7203,0.0802,0.4528
1790756448582472020,12.433,odom,"ideal odometry /chassis/odom (IsaacComputeOdometry, relative to Play start)",0.0044,-0.0231,1.7277,0.0778,0.4371
1790756448622054554,12.450,odom,"ideal odometry /chassis/odom (IsaacComputeOdometry, relative to Play start)",0.0044,-0.0233,1.7348,0.0738,0.4186
1790756448677202538,12.467,odom,"ideal odometry /chassis/odom (IsaacComputeOdometry, relative to Play start)",0.0044,-0.0234,1.7417,0.0717,0.4040
1790756448719186086,12.483,odom,"ideal odometry /chassis/odom (IsaacComputeOdometry, relative to Play start)",0.0045,-0.0236,1.7483,0.0698,0.3943
1790756448773436281,12.500,odom,"ideal odometry /chassis/odom (IsaacComputeOdometry, relative to Play start)",0.0045,-0.0238,1.7548,0.0682,0.3906
1790756448816538570,12.517,odom,"ideal odometry /chassis/odom (IsaacComputeOdometry, relative to Play start)",0.0045,-0.0239,1.7612,0.0679,0.3837
1790756448887865041,12.533,odom,"ideal odometry /chassis/odom (IsaacComputeOdometry, relative to Play start)",0.0046,-0.0241,1.7676,0.0678,0.3812
1790756448922542436,12.550,odom,"ideal odometry /chassis/odom (IsaacComputeOdometry, relative to Play start)",0.0046,-0.0243,1.7739,0.0672,0.3785
1790756448978555183,12.567,odom,"ideal odometry /chassis/odom (IsaacComputeOdometry, relative to Play start)",0.0046,-0.0245,1.7802,0.0672,0.3775
1790756449018939243,12.583,odom,"ideal odometry /chassis/odom (IsaacComputeOdometry, relative to Play start)",0.0047,-0.0246,1.7865,0.0664,0.3769
1790756449075745823,12.600,odom,"ideal odometry /chassis/odom (IsaacComputeOdometry, relative to Play start)",0.0047,-0.0248,1.7927,0.0663,0.3774
1790756449116472242,12.617,odom,"ideal odometry /chassis/odom (IsaacComputeOdometry, relative to Play start)",0.0047,-0.0250,1.7988,0.0643,0.3595
1790756449173957723,12.633,odom,"ideal odometry /chassis/odom (IsaacComputeOdometry, relative to Play start)",0.0048,-0.0251,1.8047,0.0608,0.3418
1790756449211969760,12.650,odom,"ideal odometry /chassis/odom (IsaacComputeOdometry, relative to Play start)",0.0048,-0.0253,1.8102,0.0584,0.3277
1790756449270269714,12.667,odom,"ideal odometry /chassis/odom (IsaacComputeOdometry, relative to Play start)",0.0049,-0.0255,1.8157,0.0589,0.3364
1790756449307346247,12.683,odom,"ideal odometry /chassis/odom (IsaacComputeOdometry, relative to Play start)",0.0049,-0.0256,1.8215,0.0620,0.3536
1790756449364578969,12.700,odom,"ideal odometry /chassis/odom (IsaacComputeOdometry, relative to Play start)",0.0049,-0.0258,1.8276,0.0670,0.3812
1790756449402920605,12.717,odom,"ideal odometry /chassis/odom (IsaacComputeOdometry, relative to Play start)",0.0050,-0.0260,1.8342,0.0728,0.4120
1790756449462048825,12.733,odom,"ideal odometry /chassis/odom (IsaacComputeOdometry, relative to Play start)",0.0050,-0.0261,1.8414,0.0795,0.4488
1790756449501542509,12.750,odom,"ideal odometry /chassis/odom (IsaacComputeOdometry, relative to Play start)",0.0051,-0.0263,1.8493,0.0859,0.4886
1790756449561258246,12.767,odom,"ideal odometry /chassis/odom (IsaacComputeOdometry, relative to Play start)",0.0051,-0.0265,1.8578,0.0931,0.5273
1790756449619036816,12.783,odom,"ideal odometry /chassis/odom (IsaacComputeOdometry, relative to Play start)",0.0052,-0.0267,1.8670,0.1002,0.5679
1790756449658292277,12.800,odom,"ideal odometry /chassis/odom (IsaacComputeOdometry, relative to Play start)",0.0052,-0.0268,1.8767,0.1056,0.5987
1790756449697159720,12.817,odom,"ideal odometry /chassis/odom (IsaacComputeOdometry, relative to Play start)",0.0053,-0.0271,1.8869,0.1093,0.6195
1790756449755268103,12.833,odom,"ideal odometry /chassis/odom (IsaacComputeOdometry, relative to Play start)",0.0054,-0.0273,1.8973,0.1120,0.6332
1790756449797101924,12.850,odom,"ideal odometry /chassis/odom (IsaacComputeOdometry, relative to Play start)",0.0055,-0.0275,1.9080,0.1136,0.6434
1790756449857243107,12.867,odom,"ideal odometry /chassis/odom (IsaacComputeOdometry, relative to Play start)",0.0055,-0.0277,1.9188,0.1149,0.6499
1790756449891255630,12.883,odom,"ideal odometry /chassis/odom (IsaacComputeOdometry, relative to Play start)",0.0056,-0.0279,1.9295,0.1138,0.6401
1790756449949886487,12.900,odom,"ideal odometry /chassis/odom (IsaacComputeOdometry, relative to Play start)",0.0057,-0.0282,1.9400,0.1111,0.6256
1790756449988678834,12.917,odom,"ideal odometry /chassis/odom (IsaacComputeOdometry, relative to Play start)",0.0058,-0.0284,1.9504,0.1091,0.6159
1790756450051312822,12.933,odom,"ideal odometry /chassis/odom (IsaacComputeOdometry, relative to Play start)",0.0059,-0.0286,1.9606,0.1078,0.6090
1790756450094022838,12.950,odom,"ideal odometry /chassis/odom (IsaacComputeOdometry, relative to Play start)",0.0060,-0.0288,1.9707,0.1072,0.6035
1790756450148461644,12.967,odom,"ideal odometry /chassis/odom (IsaacComputeOdometry, relative to Play start)",0.0061,-0.0290,1.9807,0.1067,0.6000
1790756450189764416,12.983,odom,"ideal odometry /chassis/odom (IsaacComputeOdometry, relative to Play start)",0.0061,-0.0292,1.9907,0.1060,0.5985
1790756450249728645,13.000,odom,"ideal odometry /chassis/odom (IsaacComputeOdometry, relative to Play start)",0.0062,-0.0294,2.0007,0.1056,0.5972
1790756450293892735,13.017,odom,"ideal odometry /chassis/odom (IsaacComputeOdometry, relative to Play start)",0.0063,-0.0296,2.0106,0.1055,0.5959
1790756450366628726,13.033,odom,"ideal odometry /chassis/odom (IsaacComputeOdometry, relative to Play start)",0.0064,-0.0298,2.0204,0.1030,0.5815
1790756450411265163,13.050,odom,"ideal odometry /chassis/odom (IsaacComputeOdometry, relative to Play start)",0.0065,-0.0300,2.0299,0.1001,0.5616
1790756450469266506,13.067,odom,"ideal odometry /chassis/odom (IsaacComputeOdometry, relative to Play start)",0.0066,-0.0302,2.0392,0.0976,0.5494
1790756450507487287,13.083,odom,"ideal odometry /chassis/odom (IsaacComputeOdometry, relative to Play start)",0.0067,-0.0304,2.0482,0.0960,0.5404
1790756450564351528,13.100,odom,"ideal odometry /chassis/odom (IsaacComputeOdometry, relative to Play start)",0.0068,-0.0305,2.0572,0.0949,0.5343
1790756450608077002,13.117,odom,"ideal odometry /chassis/odom (IsaacComputeOdometry, relative to Play start)",0.0068,-0.0306,2.0662,0.0953,0.5420
1790756450660631223,13.133,odom,"ideal odometry /chassis/odom (IsaacComputeOdometry, relative to Play start)",0.0067,-0.0303,2.0754,0.1011,0.5579
1790756450706595755,13.150,odom,"ideal odometry /chassis/odom (IsaacComputeOdometry, relative to Play start)",0.0063,-0.0297,2.0849,0.1123,0.5822
1790756450760778836,13.167,odom,"ideal odometry /chassis/odom (IsaacComputeOdometry, relative to Play start)",0.0059,-0.0289,2.0948,0.1211,0.6105
1790756450799160929,13.183,odom,"ideal odometry /chassis/odom (IsaacComputeOdometry, relative to Play start)",0.0054,-0.0280,2.1052,0.1278,0.6304
1790756450854801852,13.200,odom,"ideal odometry /chassis/odom (IsaacComputeOdometry, relative to Play start)",0.0048,-0.0271,2.1158,0.1316,0.6463
1790756450891123443,13.217,odom,"ideal odometry /chassis/odom (IsaacComputeOdometry, relative to Play start)",0.0042,-0.0262,2.1267,0.1340,0.6591
1790756450950208745,13.233,odom,"ideal odometry /chassis/odom (IsaacComputeOdometry, relative to Play start)",0.0037,-0.0254,2.1377,0.1276,0.6683
1790756450985897806,13.250,odom,"ideal odometry /chassis/odom (IsaacComputeOdometry, relative to Play start)",0.0033,-0.0248,2.1489,0.1239,0.6746
1790756451043957757,13.267,odom,"ideal odometry /chassis/odom (IsaacComputeOdometry, relative to Play start)",0.0030,-0.0243,2.1601,0.1225,0.6788
1790756451087136069,13.283,odom,"ideal odometry /chassis/odom (IsaacComputeOdometry, relative to Play start)",0.0027,-0.0239,2.1715,0.1223,0.6834
1790756451136946847,13.300,odom,"ideal odometry /chassis/odom (IsaacComputeOdometry, relative to Play start)",0.0024,-0.0235,2.1829,0.1226,0.6854
1790756451173194189,13.317,odom,"ideal odometry /chassis/odom (IsaacComputeOdometry, relative to Play start)",0.0022,-0.0231,2.1943,0.1232,0.6859
1790756451226884475,13.333,odom,"ideal odometry /chassis/odom (IsaacComputeOdometry, relative to Play start)",0.0019,-0.0227,2.2057,0.1231,0.6877
1790756451267649979,13.350,odom,"ideal odometry /chassis/odom (IsaacComputeOdometry, relative to Play start)",0.0016,-0.0224,2.2172,0.1235,0.6877
1790756451320771714,13.367,odom,"ideal odometry /chassis/odom (IsaacComputeOdometry, relative to Play start)",0.0013,-0.0220,2.2287,0.1233,0.6891
1790756451360427064,13.383,odom,"ideal odometry /chassis/odom (IsaacComputeOdometry, relative to Play start)",0.0011,-0.0217,2.2401,0.1234,0.6890
1790756451415032365,13.400,odom,"ideal odometry /chassis/odom (IsaacComputeOdometry, relative to Play start)",0.0008,-0.0213,2.2516,0.1238,0.6882
1790756451458952224,13.417,odom,"ideal odometry /chassis/odom (IsaacComputeOdometry, relative to Play start)",0.0005,-0.0210,2.2631,0.1237,0.6888
1790756451513828987,13.433,odom,"ideal odometry /chassis/odom (IsaacComputeOdometry, relative to Play start)",0.0002,-0.0206,2.2746,0.1236,0.6892
1790756451550024975,13.450,odom,"ideal odometry /chassis/odom (IsaacComputeOdometry, relative to Play start)",-0.0001,-0.0203,2.2859,0.1213,0.6762
1790756451604205984,13.467,odom,"ideal odometry /chassis/odom (IsaacComputeOdometry, relative to Play start)",-0.0004,-0.0199,2.2970,0.1186,0.6572
1790756451649844028,13.483,odom,"ideal odometry /chassis/odom (IsaacComputeOdometry, relative to Play start)",-0.0007,-0.0196,2.3079,0.1162,0.6451
1790756451702521023,13.500,odom,"ideal odometry /chassis/odom (IsaacComputeOdometry, relative to Play start)",-0.0010,-0.0193,2.3185,0.1146,0.6363
1790756451746587025,13.517,odom,"ideal odometry /chassis/odom (IsaacComputeOdometry, relative to Play start)",-0.0013,-0.0189,2.3291,0.1137,0.6298
1790756451809537796,13.533,odom,"ideal odometry /chassis/odom (IsaacComputeOdometry, relative to Play start)",-0.0018,-0.0185,2.3397,0.1193,0.6391
1790756451848832265,13.550,odom,"ideal odometry /chassis/odom (IsaacComputeOdometry, relative to Play start)",-0.0024,-0.0179,2.3504,0.1272,0.6533
1790756451906695852,13.567,odom,"ideal odometry /chassis/odom (IsaacComputeOdometry, relative to Play start)",-0.0031,-0.0172,2.3615,0.1318,0.6659
1790756451945546335,13.583,odom,"ideal odometry /chassis/odom (IsaacComputeOdometry, relative to Play start)",-0.0038,-0.0164,2.3726,0.1347,0.6749
1790756451995248379,13.600,odom,"ideal odometry /chassis/odom (IsaacComputeOdometry, relative to Play start)",-0.0046,-0.0157,2.3839,0.1364,0.6821
1790756452035431763,13.617,odom,"ideal odometry /chassis/odom (IsaacComputeOdometry, relative to Play start)",-0.0053,-0.0150,2.3953,0.1297,0.6873
1790756452089268286,13.633,odom,"ideal odometry /chassis/odom (IsaacComputeOdometry, relative to Play start)",-0.0058,-0.0147,2.4068,0.1229,0.6899
1790756452134777242,13.650,odom,"ideal odometry /chassis/odom (IsaacComputeOdometry, relative to Play start)",-0.0059,-0.0145,2.4183,0.1211,0.6903
1790756452182017104,13.667,odom,"ideal odometry /chassis/odom (IsaacComputeOdometry, relative to Play start)",-0.0060,-0.0145,2.4298,0.1207,0.6911
1790756452223265979,13.683,odom,"ideal odometry /chassis/odom (IsaacComputeOdometry, relative to Play start)",-0.0060,-0.0144,2.4413,0.1208,0.6907
1790756452273634379,13.700,odom,"ideal odometry /chassis/odom (IsaacComputeOdometry, relative to Play start)",-0.0060,-0.0144,2.4528,0.1211,0.6900
1790756452313593697,13.717,odom,"ideal odometry /chassis/odom (IsaacComputeOdometry, relative to Play start)",-0.0060,-0.0145,2.4643,0.1210,0.6900
1790756452369465942,13.733,odom,"ideal odometry /chassis/odom (IsaacComputeOdometry, relative to Play start)",-0.0061,-0.0144,2.4757,0.1211,0.6893
1790756452410192530,13.750,odom,"ideal odometry /chassis/odom (IsaacComputeOdometry, relative to Play start)",-0.0064,-0.0141,2.4872,0.1245,0.6857
1790756452461659023,13.767,odom,"ideal odometry /chassis/odom (IsaacComputeOdometry, relative to Play start)",-0.0071,-0.0137,2.4986,0.1324,0.6851
1790756452511000469,13.783,odom,"ideal odometry /chassis/odom (IsaacComputeOdometry, relative to Play start)",-0.0081,-0.0129,2.5101,0.1479,0.6830
1790756452556281119,13.800,odom,"ideal odometry /chassis/odom (IsaacComputeOdometry, relative to Play start)",-0.0095,-0.0119,2.5215,0.1665,0.6854
1790756452591916095,13.817,odom,"ideal odometry /chassis/odom (IsaacComputeOdometry, relative to Play start)",-0.0113,-0.0106,2.5330,0.1876,0.6910
1790756452645678652,13.833,odom,"ideal odometry /chassis/odom (IsaacComputeOdometry, relative to Play start)",-0.0135,-0.0091,2.5447,0.2200,0.7088
1790756452686707325,13.850,odom,"ideal odometry /chassis/odom (IsaacComputeOdometry, relative to Play start)",-0.0164,-0.0072,2.5567,0.2531,0.7213
1790756452739400433,13.867,odom,"ideal odometry /chassis/odom (IsaacComputeOdometry, relative to Play start)",-0.0197,-0.0051,2.5688,0.2835,0.7323
1790756452784329720,13.883,odom,"ideal odometry /chassis/odom (IsaacComputeOdometry, relative to Play start)",-0.0235,-0.0027,2.5811,0.3144,0.7446
1790756452831814282,13.900,odom,"ideal odometry /chassis/odom (IsaacComputeOdometry, relative to Play start)",-0.0278,-0.0001,2.5937,0.3455,0.7584
1790756452872535312,13.917,odom,"ideal odometry /chassis/odom (IsaacComputeOdometry, relative to Play start)",-0.0327,0.0028,2.6066,0.3762,0.7743
1790756452927370144,13.933,odom,"ideal odometry /chassis/odom (IsaacComputeOdometry, relative to Play start)",-0.0380,0.0058,2.6197,0.4071,0.7915
1790756452966832239,13.950,odom,"ideal odometry /chassis/odom (IsaacComputeOdometry, relative to Play start)",-0.0438,0.0091,2.6331,0.4378,0.8099
1790756453028287666,13.967,odom,"ideal odometry /chassis/odom (IsaacComputeOdometry, relative to Play start)",-0.0501,0.0125,2.6469,0.4681,0.8306
1790756453063649579,13.983,odom,"ideal odometry /chassis/odom (IsaacComputeOdometry, relative to Play start)",-0.0570,0.0160,2.6610,0.4982,0.8517
1790756453119087355,14.000,odom,"ideal odometry /chassis/odom (IsaacComputeOdometry, relative to Play start)",-0.0643,0.0197,2.6755,0.5283,0.8736
1790756453164831307,14.017,odom,"ideal odometry /chassis/odom (IsaacComputeOdometry, relative to Play start)",-0.0722,0.0235,2.6904,0.5582,0.8960
1790756453241299063,14.033,odom,"ideal odometry /chassis/odom (IsaacComputeOdometry, relative to Play start)",-0.0806,0.0274,2.7056,0.5879,0.9189
1790756453281466428,14.050,odom,"ideal odometry /chassis/odom (IsaacComputeOdometry, relative to Play start)",-0.0895,0.0314,2.7212,0.6174,0.9428
1790756453331221144,14.067,odom,"ideal odometry /chassis/odom (IsaacComputeOdometry, relative to Play start)",-0.0990,0.0354,2.7373,0.6469,0.9664
1790756453372532490,14.083,odom,"ideal odometry /chassis/odom (IsaacComputeOdometry, relative to Play start)",-0.1089,0.0395,2.7537,0.6760,0.9908
1790756454281924527,14.100,odom,"ideal odometry /chassis/odom (IsaacComputeOdometry, relative to Play start)",-0.1194,0.0435,2.7705,0.7024,1.0107
1790756454322596654,14.117,odom,"ideal odometry /chassis/odom (IsaacComputeOdometry, relative to Play start)",-0.1302,0.0475,2.7875,0.7207,1.0136
1790756455548386258,14.133,odom,"ideal odometry /chassis/odom (IsaacComputeOdometry, relative to Play start)",-0.1414,0.0514,2.8044,0.7325,1.0076
1790756455586582729,14.150,odom,"ideal odometry /chassis/odom (IsaacComputeOdometry, relative to Play start)",-0.1525,0.0551,2.8212,0.7266,0.9795
1790756455641892830,14.167,odom,"ideal odometry /chassis/odom (IsaacComputeOdometry, relative to Play start)",-0.1637,0.0586,2.8375,0.7194,0.9597
1790756455679603667,14.183,odom,"ideal odometry /chassis/odom (IsaacComputeOdometry, relative to Play start)",-0.1750,0.0619,2.8537,0.7289,0.9644
1790756455738277397,14.200,odom,"ideal odometry /chassis/odom (IsaacComputeOdometry, relative to Play start)",-0.1866,0.0651,2.8700,0.7475,0.9802
1790756455774957700,14.217,odom,"ideal odometry /chassis/odom (IsaacComputeOdometry, relative to Play start)",-0.1985,0.0682,2.8866,0.7654,0.9923
1790756455835284223,14.233,odom,"ideal odometry /chassis/odom (IsaacComputeOdometry, relative to Play start)",-0.2107,0.0712,2.9033,0.7765,0.9939
1790756455871989307,14.250,odom,"ideal odometry /chassis/odom (IsaacComputeOdometry, relative to Play start)",-0.2230,0.0739,2.9198,0.7701,0.9715
1790756455936664953,14.267,odom,"ideal odometry /chassis/odom (IsaacComputeOdometry, relative to Play start)",-0.2353,0.0765,2.9362,0.7787,0.9774
1790756455992658370,14.283,odom,"ideal odometry /chassis/odom (IsaacComputeOdometry, relative to Play start)",-0.2479,0.0788,2.9527,0.7850,0.9755
1790756456032845052,14.300,odom,"ideal odometry /chassis/odom (IsaacComputeOdometry, relative to Play start)",-0.2605,0.0810,2.9690,0.7885,0.9715
1790756456071447160,14.317,odom,"ideal odometry /chassis/odom (IsaacComputeOdometry, relative to Play start)",-0.2732,0.0830,2.9854,0.7906,0.9669
1790756456128921787,14.333,odom,"ideal odometry /chassis/odom (IsaacComputeOdometry, relative to Play start)",-0.2858,0.0848,3.0015,0.7796,0.9472
1790756456167955726,14.350,odom,"ideal odometry /chassis/odom (IsaacComputeOdometry, relative to Play start)",-0.2985,0.0864,3.0175,0.7853,0.9548
1790756456220487710,14.367,odom,"ideal odometry /chassis/odom (IsaacComputeOdometry, relative to Play start)",-0.3113,0.0877,3.0335,0.7896,0.9549
1790756456267888884,14.383,odom,"ideal odometry /chassis/odom (IsaacComputeOdometry, relative to Play start)",-0.3240,0.0889,3.0495,0.7791,0.9384
1790756456317744796,14.400,odom,"ideal odometry /chassis/odom (IsaacComputeOdometry, relative to Play start)",-0.3367,0.0899,3.0654,0.7854,0.9477
1790756456359288594,14.417,odom,"ideal odometry /chassis/odom (IsaacComputeOdometry, relative to Play start)",-0.3495,0.0906,3.0813,0.7899,0.9496
1790756456410700908,14.433,odom,"ideal odometry /chassis/odom (IsaacComputeOdometry, relative to Play start)",-0.3623,0.0912,3.0972,0.7792,0.9349
1790756456447486177,14.450,odom,"ideal odometry /chassis/odom (IsaacComputeOdometry, relative to Play start)",-0.3750,0.0915,3.1130,0.7857,0.9448
1790756456509175470,14.467,odom,"ideal odometry /chassis/odom (IsaacComputeOdometry, relative to Play start)",-0.3879,0.0917,3.1289,0.7900,0.9478
1790756456551106814,14.483,odom,"ideal odometry /chassis/odom (IsaacComputeOdometry, relative to Play start)",-0.4008,0.0916,-3.1384,0.7923,0.9482
1790756456607560707,14.500,odom,"ideal odometry /chassis/odom (IsaacComputeOdometry, relative to Play start)",-0.4137,0.0914,-3.1224,0.7937,0.9473
1790756456644879099,14.517,odom,"ideal odometry /chassis/odom (IsaacComputeOdometry, relative to Play start)",-0.4267,0.0909,-3.1065,0.7944,0.9464
1790756456715601889,14.533,odom,"ideal odometry /chassis/odom (IsaacComputeOdometry, relative to Play start)",-0.4396,0.0902,-3.0906,0.7948,0.9456
1790756456751470259,14.550,odom,"ideal odometry /chassis/odom (IsaacComputeOdometry, relative to Play start)",-0.4526,0.0894,-3.0747,0.7950,0.9446
1790756456810256587,14.567,odom,"ideal odometry /chassis/odom (IsaacComputeOdometry, relative to Play start)",-0.4655,0.0883,-3.0588,0.7952,0.9434
1790756456851060063,14.583,odom,"ideal odometry /chassis/odom (IsaacComputeOdometry, relative to Play start)",-0.4784,0.0870,-3.0429,0.7953,0.9431
1790756456904630119,14.600,odom,"ideal odometry /chassis/odom (IsaacComputeOdometry, relative to Play start)",-0.4913,0.0855,-3.0271,0.7955,0.9424
1790756456942425570,14.617,odom,"ideal odometry /chassis/odom (IsaacComputeOdometry, relative to Play start)",-0.5042,0.0838,-3.0112,0.7955,0.9419
1790756457001481757,14.633,odom,"ideal odometry /chassis/odom (IsaacComputeOdometry, relative to Play start)",-0.5170,0.0819,-2.9954,0.7956,0.9416
1790756457040520029,14.650,odom,"ideal odometry /chassis/odom (IsaacComputeOdometry, relative to Play start)",-0.5298,0.0798,-2.9796,0.7957,0.9410
1790756457095118641,14.667,odom,"ideal odometry /chassis/odom (IsaacComputeOdometry, relative to Play start)",-0.5426,0.0775,-2.9637,0.7957,0.9409
1790756457135064956,14.683,odom,"ideal odometry /chassis/odom (IsaacComputeOdometry, relative to Play start)",-0.5553,0.0750,-2.9479,0.7958,0.9409
1790756457192967457,14.700,odom,"ideal odometry /chassis/odom (IsaacComputeOdometry, relative to Play start)",-0.5680,0.0723,-2.9321,0.7958,0.9407
1790756457229798331,14.717,odom,"ideal odometry /chassis/odom (IsaacComputeOdometry, relative to Play start)",-0.5807,0.0693,-2.9163,0.7957,0.9408
1790756457290556308,14.733,odom,"ideal odometry /chassis/odom (IsaacComputeOdometry, relative to Play start)",-0.5933,0.0662,-2.9005,0.7958,0.9409
1790756457328964502,14.750,odom,"ideal odometry /chassis/odom (IsaacComputeOdometry, relative to Play start)",-0.6057,0.0630,-2.8847,0.7830,0.9271
1790756457383950376,14.767,odom,"ideal odometry /chassis/odom (IsaacComputeOdometry, relative to Play start)",-0.6181,0.0595,-2.8691,0.7883,0.9371
1790756457439485957,14.783,odom,"ideal odometry /chassis/odom (IsaacComputeOdometry, relative to Play start)",-0.6304,0.0558,-2.8533,0.7918,0.9408
1790756457480117190,14.800,odom,"ideal odometry /chassis/odom (IsaacComputeOdometry, relative to Play start)",-0.6428,0.0519,-2.8375,0.7936,0.9422
1790756457519813339,14.817,odom,"ideal odometry /chassis/odom (IsaacComputeOdometry, relative to Play start)",-0.6551,0.0479,-2.8216,0.7944,0.9429
1790756457576333283,14.833,odom,"ideal odometry /chassis/odom (IsaacComputeOdometry, relative to Play start)",-0.6673,0.0436,-2.8058,0.7949,0.9431
1790756457625492876,14.850,odom,"ideal odometry /chassis/odom (IsaacComputeOdometry, relative to Play start)",-0.6795,0.0391,-2.7901,0.7934,0.9324
1790756457677046338,14.867,odom,"ideal odometry /chassis/odom (IsaacComputeOdometry, relative to Play start)",-0.6916,0.0344,-2.7744,0.7951,0.9341
1790756457714274745,14.883,odom,"ideal odometry /chassis/odom (IsaacComputeOdometry, relative to Play start)",-0.7036,0.0296,-2.7586,0.7955,0.9360
1790756457770494208,14.900,odom,"ideal odometry /chassis/odom (IsaacComputeOdometry, relative to Play start)",-0.7156,0.0245,-2.7430,0.7938,0.9269
1790756457810629537,14.917,odom,"ideal odometry /chassis/odom (IsaacComputeOdometry, relative to Play start)",-0.7274,0.0193,-2.7276,0.7913,0.9090
1790756457868299587,14.933,odom,"ideal odometry /chassis/odom (IsaacComputeOdometry, relative to Play start)",-0.7392,0.0139,-2.7126,0.7886,0.8854
1790756457904073167,14.950,odom,"ideal odometry /chassis/odom (IsaacComputeOdometry, relative to Play start)",-0.7508,0.0083,-2.6979,0.7879,0.8614
1790756457963041631,14.967,odom,"ideal odometry /chassis/odom (IsaacComputeOdometry, relative to Play start)",-0.7624,0.0026,-2.6837,0.7862,0.8320
1790756458001226229,14.983,odom,"ideal odometry /chassis/odom (IsaacComputeOdometry, relative to Play start)",-0.7739,-0.0032,-2.6700,0.7853,0.8012
1790756458057316227,15.000,odom,"ideal odometry /chassis/odom (IsaacComputeOdometry, relative to Play start)",-0.7853,-0.0093,-2.6568,0.7866,0.7758
1790756458104502098,15.017,odom,"ideal odometry /chassis/odom (IsaacComputeOdometry, relative to Play start)",-0.7967,-0.0155,-2.6439,0.7884,0.7543
1790756458166762391,15.033,odom,"ideal odometry /chassis/odom (IsaacComputeOdometry, relative to Play start)",-0.8080,-0.0218,-2.6313,0.7903,0.7367
1790756458208128294,15.050,odom,"ideal odometry /chassis/odom (IsaacComputeOdometry, relative to Play start)",-0.8192,-0.0283,-2.6192,0.7899,0.7112
1790756458264352844,15.067,odom,"ideal odometry /chassis/odom (IsaacComputeOdometry, relative to Play start)",-0.8304,-0.0350,-2.6074,0.7897,0.6834
1790756458303447652,15.083,odom,"ideal odometry /chassis/odom (IsaacComputeOdometry, relative to Play start)",-0.8416,-0.0417,-2.5961,0.7910,0.6610
1790756458357702061,15.100,odom,"ideal odometry /chassis/odom (IsaacComputeOdometry, relative to Play start)",-0.8527,-0.0486,-2.5851,0.7926,0.6428
1790756458397832868,15.117,odom,"ideal odometry /chassis/odom (IsaacComputeOdometry, relative to Play start)",-0.8637,-0.0557,-2.5744,0.7942,0.6279
1790756458450251405,15.133,odom,"ideal odometry /chassis/odom (IsaacComputeOdometry, relative to Play start)",-0.8747,-0.0628,-2.5638,0.7954,0.6165
1790756458495791550,15.150,odom,"ideal odometry /chassis/odom (IsaacComputeOdometry, relative to Play start)",-0.8856,-0.0701,-2.5535,0.7964,0.6083
1790756458549026638,15.167,odom,"ideal odometry /chassis/odom (IsaacComputeOdometry, relative to Play start)",-0.8965,-0.0775,-2.5434,0.7956,0.5894
1790756458587701863,15.183,odom,"ideal odometry /chassis/odom (IsaacComputeOdometry, relative to Play start)",-0.9073,-0.0850,-2.5337,0.7950,0.5666
1790756458647292398,15.200,odom,"ideal odometry /chassis/odom (IsaacComputeOdometry, relative to Play start)",-0.9180,-0.0927,-2.5242,0.7956,0.5488
1790756458680052959,15.217,odom,"ideal odometry /chassis/odom (IsaacComputeOdometry, relative to Play start)",-0.9286,-0.1004,-2.5151,0.7964,0.5359
1790756458736996255,15.233,odom,"ideal odometry /chassis/odom (IsaacComputeOdometry, relative to Play start)",-0.9393,-0.1082,-2.5062,0.7959,0.5128
1790756458776357341,15.250,odom,"ideal odometry /chassis/odom (IsaacComputeOdometry, relative to Play start)",-0.9498,-0.1161,-2.4978,0.7956,0.4868
1790756458830378073,15.267,odom,"ideal odometry /chassis/odom (IsaacComputeOdometry, relative to Play start)",-0.9603,-0.1241,-2.4896,0.7974,0.4807
1790756458880954144,15.283,odom,"ideal odometry /chassis/odom (IsaacComputeOdometry, relative to Play start)",-0.9707,-0.1322,-2.4815,0.7985,0.4855
1790756458926449061,15.300,odom,"ideal odometry /chassis/odom (IsaacComputeOdometry, relative to Play start)",-0.9811,-0.1404,-2.4732,0.7990,0.4893
1790756458964427873,15.317,odom,"ideal odometry /chassis/odom (IsaacComputeOdometry, relative to Play start)",-0.9914,-0.1487,-2.4649,0.7990,0.4933
1790756459019686339,15.333,odom,"ideal odometry /chassis/odom (IsaacComputeOdometry, relative to Play start)",-1.0017,-0.1571,-2.4566,0.7990,0.4967
1790756459058265549,15.350,odom,"ideal odometry /chassis/odom (IsaacComputeOdometry, relative to Play start)",-1.0119,-0.1656,-2.4483,0.7988,0.4997
1790756459112783316,15.367,odom,"ideal odometry /chassis/odom (IsaacComputeOdometry, relative to Play start)",-1.0220,-0.1741,-2.4401,0.7981,0.4890
1790756459149357240,15.383,odom,"ideal odometry /chassis/odom (IsaacComputeOdometry, relative to Play start)",-1.0320,-0.1827,-2.4321,0.7974,0.4718
1790756459208614314,15.400,odom,"ideal odometry /chassis/odom (IsaacComputeOdometry, relative to Play start)",-1.0420,-0.1914,-2.4243,0.7975,0.4581
1790756459246481846,15.417,odom,"ideal odometry /chassis/odom (IsaacComputeOdometry, relative to Play start)",-1.0519,-0.2002,-2.4167,0.7978,0.4473
1790756459303325264,15.433,odom,"ideal odometry /chassis/odom (IsaacComputeOdometry, relative to Play start)",-1.0617,-0.2090,-2.4093,0.7981,0.4408
1790756459341992386,15.450,odom,"ideal odometry /chassis/odom (IsaacComputeOdometry, relative to Play start)",-1.0715,-0.2180,-2.4019,0.7984,0.4350
1790756459397614088,15.467,odom,"ideal odometry /chassis/odom (IsaacComputeOdometry, relative to Play start)",-1.0812,-0.2270,-2.3947,0.7984,0.4312
1790756459437083532,15.483,odom,"ideal odometry /chassis/odom (IsaacComputeOdometry, relative to Play start)",-1.0909,-0.2360,-2.3876,0.7979,0.4145
1790756459490956897,15.500,odom,"ideal odometry /chassis/odom (IsaacComputeOdometry, relative to Play start)",-1.1004,-0.2452,-2.3808,0.7974,0.3934
1790756459531246849,15.517,odom,"ideal odometry /chassis/odom (IsaacComputeOdometry, relative to Play start)",-1.1100,-0.2544,-2.3744,0.7978,0.3769
1790756459599884826,15.533,odom,"ideal odometry /chassis/odom (IsaacComputeOdometry, relative to Play start)",-1.1195,-0.2636,-2.3681,0.7982,0.3656
1790756459641809292,15.550,odom,"ideal odometry /chassis/odom (IsaacComputeOdometry, relative to Play start)",-1.1289,-0.2729,-2.3621,0.7984,0.3573
1790756459700399413,15.567,odom,"ideal odometry /chassis/odom (IsaacComputeOdometry, relative to Play start)",-1.1383,-0.2823,-2.3561,0.7986,0.3522
1790756459737622372,15.583,odom,"ideal odometry /chassis/odom (IsaacComputeOdometry, relative to Play start)",-1.1476,-0.2918,-2.3502,0.7988,0.3479
1790756459814020324,15.600,odom,"ideal odometry /chassis/odom (IsaacComputeOdometry, relative to Play start)",-1.1569,-0.3013,-2.3444,0.7988,0.3454
1790756459849037382,15.617,odom,"ideal odometry /chassis/odom (IsaacComputeOdometry, relative to Play start)",-1.1661,-0.3108,-2.3388,0.7982,0.3307
1790756459914827815,15.633,odom,"ideal odometry /chassis/odom (IsaacComputeOdometry, relative to Play start)",-1.1753,-0.3204,-2.3335,0.7978,0.3042
1790756459952150705,15.650,odom,"ideal odometry /chassis/odom (IsaacComputeOdometry, relative to Play start)",-1.1844,-0.3300,-2.3287,0.7969,0.2714
1790756460002563702,15.667,odom,"ideal odometry /chassis/odom (IsaacComputeOdometry, relative to Play start)",-1.1934,-0.3397,-2.3245,0.7967,0.2315
1790756460044450167,15.683,odom,"ideal odometry /chassis/odom (IsaacComputeOdometry, relative to Play start)",-1.2025,-0.3494,-2.3210,0.7966,0.1870
1790756460100553310,15.700,odom,"ideal odometry /chassis/odom (IsaacComputeOdometry, relative to Play start)",-1.2115,-0.3591,-2.3181,0.7976,0.1547
1790756460138455311,15.717,odom,"ideal odometry /chassis/odom (IsaacComputeOdometry, relative to Play start)",-1.2205,-0.3689,-2.3156,0.7983,0.1325
1790756460199866815,15.733,odom,"ideal odometry /chassis/odom (IsaacComputeOdometry, relative to Play start)",-1.2295,-0.3787,-2.3136,0.7985,0.1025
1790756460234816439,15.750,odom,"ideal odometry /chassis/odom (IsaacComputeOdometry, relative to Play start)",-1.2385,-0.3885,-2.3120,0.7989,0.0713
1790756460288418397,15.767,odom,"ideal odometry /chassis/odom (IsaacComputeOdometry, relative to Play start)",-1.2475,-0.3984,-2.3109,0.7994,0.0515
1790756460349906729,15.783,odom,"ideal odometry /chassis/odom (IsaacComputeOdometry, relative to Play start)",-1.2564,-0.4082,-2.3101,0.7997,0.0399
1790756460392737184,15.800,odom,"ideal odometry /chassis/odom (IsaacComputeOdometry, relative to Play start)",-1.2654,-0.4181,-2.3095,0.7998,0.0329
1790756460432437942,15.817,odom,"ideal odometry /chassis/odom (IsaacComputeOdometry, relative to Play start)",-1.2744,-0.4279,-2.3090,0.8000,0.0296
1790756460489408437,15.833,odom,"ideal odometry /chassis/odom (IsaacComputeOdometry, relative to Play start)",-1.2833,-0.4378,-2.3085,0.8000,0.0285
1790756460525937608,15.850,odom,"ideal odometry /chassis/odom (IsaacComputeOdometry, relative to Play start)",-1.2923,-0.4477,-2.3082,0.8000,0.0288
1790756460579259778,15.867,odom,"ideal odometry /chassis/odom (IsaacComputeOdometry, relative to Play start)",-1.3011,-0.4574,-2.3079,0.7785,0.0216
1790756460620684908,15.883,odom,"ideal odometry /chassis/odom (IsaacComputeOdometry, relative to Play start)",-1.3099,-0.4671,-2.3078,0.7926,0.0058
1790756460674194825,15.900,odom,"ideal odometry /chassis/odom (IsaacComputeOdometry, relative to Play start)",-1.3189,-0.4769,-2.3080,0.7976,0.0099
1790756460717339443,15.917,odom,"ideal odometry /chassis/odom (IsaacComputeOdometry, relative to Play start)",-1.3278,-0.4868,-2.3085,0.7996,0.0242
1790756460766823570,15.933,odom,"ideal odometry /chassis/odom (IsaacComputeOdometry, relative to Play start)",-1.3368,-0.4967,-2.3091,0.8002,0.0316
1790756460803152598,15.950,odom,"ideal odometry /chassis/odom (IsaacComputeOdometry, relative to Play start)",-1.3458,-0.5065,-2.3099,0.8008,0.0455
1790756460858832349,15.967,odom,"ideal odometry /chassis/odom (IsaacComputeOdometry, relative to Play start)",-1.3546,-0.5162,-2.3109,0.7793,0.0532
1790756460897235883,15.983,odom,"ideal odometry /chassis/odom (IsaacComputeOdometry, relative to Play start)",-1.3633,-0.5257,-2.3120,0.7662,0.0626
1790756460950852117,16.000,odom,"ideal odometry /chassis/odom (IsaacComputeOdometry, relative to Play start)",-1.3721,-0.5353,-2.3133,0.7830,0.0770
1790756460992434187,16.017,odom,"ideal odometry /chassis/odom (IsaacComputeOdometry, relative to Play start)",-1.3810,-0.5449,-2.3149,0.7948,0.0957
1790756461057771550,16.033,odom,"ideal odometry /chassis/odom (IsaacComputeOdometry, relative to Play start)",-1.3900,-0.5547,-2.3168,0.7990,0.1093
1790756461095235508,16.050,odom,"ideal odometry /chassis/odom (IsaacComputeOdometry, relative to Play start)",-1.3991,-0.5645,-2.3189,0.8006,0.1204
1790756461153725160,16.067,odom,"ideal odometry /chassis/odom (IsaacComputeOdometry, relative to Play start)",-1.4082,-0.5742,-2.3212,0.8012,0.1309
1790756461198659894,16.083,odom,"ideal odometry /chassis/odom (IsaacComputeOdometry, relative to Play start)",-1.4173,-0.5840,-2.3236,0.8014,0.1414
1790756461265335054,16.100,odom,"ideal odometry /chassis/odom (IsaacComputeOdometry, relative to Play start)",-1.4265,-0.5937,-2.3263,0.8016,0.1607
1790756461308756548,16.117,odom,"ideal odometry /chassis/odom (IsaacComputeOdometry, relative to Play start)",-1.4356,-0.6034,-2.3294,0.8023,0.1833
1790756461365450167,16.133,odom,"ideal odometry /chassis/odom (IsaacComputeOdometry, relative to Play start)",-1.4449,-0.6131,-2.3329,0.8029,0.2102
1790756461404403978,16.150,odom,"ideal odometry /chassis/odom (IsaacComputeOdometry, relative to Play start)",-1.4541,-0.6227,-2.3368,0.8037,0.2333
1790756461459553645,16.167,odom,"ideal odometry /chassis/odom (IsaacComputeOdometry, relative to Play start)",-1.4634,-0.6323,-2.3410,0.8042,0.2482
1790756461499034817,16.183,odom,"ideal odometry /chassis/odom (IsaacComputeOdometry, relative to Play start)",-1.4728,-0.6419,-2.3455,0.8039,0.2601
1790756461551883631,16.200,odom,"ideal odometry /chassis/odom (IsaacComputeOdometry, relative to Play start)",-1.4822,-0.6514,-2.3501,0.8034,0.2722
1790756461589455502,16.217,odom,"ideal odometry /chassis/odom (IsaacComputeOdometry, relative to Play start)",-1.4916,-0.6609,-2.3549,0.8034,0.2866
1790756461643863671,16.233,odom,"ideal odometry /chassis/odom (IsaacComputeOdometry, relative to Play start)",-1.5011,-0.6703,-2.3601,0.8035,0.3096
1790756461682186433,16.250,odom,"ideal odometry /chassis/odom (IsaacComputeOdometry, relative to Play start)",-1.5107,-0.6797,-2.3656,0.8039,0.3307
1790756461750503785,16.267,odom,"ideal odometry /chassis/odom (IsaacComputeOdometry, relative to Play start)",-1.5203,-0.6890,-2.3714,0.8039,0.3379
1790756461796055762,16.283,odom,"ideal odometry /chassis/odom (IsaacComputeOdometry, relative to Play start)",-1.5299,-0.6982,-2.3772,0.8036,0.3436
1790756461850857643,16.300,odom,"ideal odometry /chassis/odom (IsaacComputeOdometry, relative to Play start)",-1.5396,-0.7074,-2.3832,0.8036,0.3633
1790756461888928981,16.317,odom,"ideal odometry /chassis/odom (IsaacComputeOdometry, relative to Play start)",-1.5494,-0.7166,-2.3894,0.8036,0.3673
1790756461944878378,16.333,odom,"ideal odometry /chassis/odom (IsaacComputeOdometry, relative to Play start)",-1.5592,-0.7256,-2.3957,0.8034,0.3763
1790756461980511270,16.350,odom,"ideal odometry /chassis/odom (IsaacComputeOdometry, relative to Play start)",-1.5689,-0.7345,-2.4021,0.7835,0.3817
1790756462033405634,16.367,odom,"ideal odometry /chassis/odom (IsaacComputeOdometry, relative to Play start)",-1.5785,-0.7431,-2.4086,0.7703,0.3867
1790756462073314237,16.383,odom,"ideal odometry /chassis/odom (IsaacComputeOdometry, relative to Play start)",-1.5880,-0.7516,-2.4152,0.7650,0.3923
1790756462129197326,16.400,odom,"ideal odometry /chassis/odom (IsaacComputeOdometry, relative to Play start)",-1.5977,-0.7601,-2.4220,0.7826,0.4146
1790756462173520264,16.417,odom,"ideal odometry /chassis/odom (IsaacComputeOdometry, relative to Play start)",-1.6076,-0.7687,-2.4292,0.7953,0.4353
1790756462225855053,16.433,odom,"ideal odometry /chassis/odom (IsaacComputeOdometry, relative to Play start)",-1.6177,-0.7772,-2.4367,0.8005,0.4508
1790756462267682443,16.450,odom,"ideal odometry /chassis/odom (IsaacComputeOdometry, relative to Play start)",-1.6279,-0.7858,-2.4444,0.8027,0.4630
1790756462322665495,16.467,odom,"ideal odometry /chassis/odom (IsaacComputeOdometry, relative to Play start)",-1.6382,-0.7943,-2.4523,0.8034,0.4772
1790756462361746756,16.483,odom,"ideal odometry /chassis/odom (IsaacComputeOdometry, relative to Play start)",-1.6484,-0.8025,-2.4603,0.7838,0.4757
1790756462415611503,16.500,odom,"ideal odometry /chassis/odom (IsaacComputeOdometry, relative to Play start)",-1.6585,-0.8106,-2.4682,0.7701,0.4735
1790756462455025522,16.517,odom,"ideal odometry /chassis/odom (IsaacComputeOdometry, relative to Play start)",-1.6685,-0.8184,-2.4761,0.7642,0.4775
1790756462518259076,16.533,odom,"ideal odometry /chassis/odom (IsaacComputeOdometry, relative to Play start)",-1.6787,-0.8263,-2.4843,0.7813,0.4988
1790756462560801760,16.550,odom,"ideal odometry /chassis/odom (IsaacComputeOdometry, relative to Play start)",-1.6889,-0.8340,-2.4926,0.7689,0.4970
1790756462614229685,16.567,odom,"ideal odometry /chassis/odom (IsaacComputeOdometry, relative to Play start)",-1.6991,-0.8416,-2.5009,0.7636,0.4997
1790756462650793513,16.583,odom,"ideal odometry /chassis/odom (IsaacComputeOdometry, relative to Play start)",-1.7093,-0.8491,-2.5092,0.7613,0.5050
1790756462705159605,16.600,odom,"ideal odometry /chassis/odom (IsaacComputeOdometry, relative to Play start)",-1.7197,-0.8566,-2.5178,0.7797,0.5202
1790756462741809651,16.617,odom,"ideal odometry /chassis/odom (IsaacComputeOdometry, relative to Play start)",-1.7301,-0.8639,-2.5264,0.7679,0.5185
1790756462798483828,16.633,odom,"ideal odometry /chassis/odom (IsaacComputeOdometry, relative to Play start)",-1.7407,-0.8713,-2.5352,0.7825,0.5331
1790756462839538068,16.650,odom,"ideal odometry /chassis/odom (IsaacComputeOdometry, relative to Play start)",-1.7515,-0.8786,-2.5443,0.7939,0.5529
1790756462889998682,16.667,odom,"ideal odometry /chassis/odom (IsaacComputeOdometry, relative to Play start)",-1.7625,-0.8860,-2.5535,0.7980,0.5572
1790756462928844391,16.683,odom,"ideal odometry /chassis/odom (IsaacComputeOdometry, relative to Play start)",-1.7736,-0.8932,-2.5628,0.7992,0.5568
1790756462983877503,16.700,odom,"ideal odometry /chassis/odom (IsaacComputeOdometry, relative to Play start)",-1.7847,-0.9003,-2.5720,0.7996,0.5592
1790756462987030963,16.700,odom,"ideal odometry /chassis/odom (IsaacComputeOdometry, relative to Play start)",-1.7959,-0.9074,-2.5813,0.7997,0.5636
1790756463028385747,16.717,odom,"ideal odometry /chassis/odom (IsaacComputeOdometry, relative to Play start)",-1.7959,-0.9074,-2.5813,0.7997,0.5636
1790756463080794169,16.733,odom,"ideal odometry /chassis/odom (IsaacComputeOdometry, relative to Play start)",-1.8072,-0.9143,-2.5907,0.7996,0.5658
1790756463126361361,16.750,odom,"ideal odometry /chassis/odom (IsaacComputeOdometry, relative to Play start)",-1.8186,-0.9211,-2.6001,0.7995,0.5683
1790756463181324690,16.767,odom,"ideal odometry /chassis/odom (IsaacComputeOdometry, relative to Play start)",-1.8300,-0.9278,-2.6095,0.7995,0.5697
1790756463239876423,16.783,odom,"ideal odometry /chassis/odom (IsaacComputeOdometry, relative to Play start)",-1.8415,-0.9344,-2.6190,0.7992,0.5722
1790756463278486581,16.800,odom,"ideal odometry /chassis/odom (IsaacComputeOdometry, relative to Play start)",-1.8530,-0.9409,-2.6285,0.7993,0.5750
1790756463316673817,16.817,odom,"ideal odometry /chassis/odom (IsaacComputeOdometry, relative to Play start)",-1.8646,-0.9473,-2.6380,0.7991,0.5774
1790756463371601081,16.833,odom,"ideal odometry /chassis/odom (IsaacComputeOdometry, relative to Play start)",-1.8763,-0.9536,-2.6476,0.7991,0.5794
1790756463410131031,16.850,odom,"ideal odometry /chassis/odom (IsaacComputeOdometry, relative to Play start)",-1.8880,-0.9598,-2.6572,0.7990,0.5808
1790756463459824037,16.867,odom,"ideal odometry /chassis/odom (IsaacComputeOdometry, relative to Play start)",-1.8997,-0.9658,-2.6668,0.7989,0.5826
1790756463502883282,16.883,odom,"ideal odometry /chassis/odom (IsaacComputeOdometry, relative to Play start)",-1.9116,-0.9717,-2.6765,0.7989,0.5847
1790756463551726311,16.900,odom,"ideal odometry /chassis/odom (IsaacComputeOdometry, relative to Play start)",-1.9234,-0.9776,-2.6862,0.7987,0.5856
1790756463592355374,16.917,odom,"ideal odometry /chassis/odom (IsaacComputeOdometry, relative to Play start)",-1.9354,-0.9832,-2.6959,0.7987,0.5878
1790756463649061296,16.933,odom,"ideal odometry /chassis/odom (IsaacComputeOdometry, relative to Play start)",-1.9474,-0.9888,-2.7057,0.7986,0.5891
1790756463684210406,16.950,odom,"ideal odometry /chassis/odom (IsaacComputeOdometry, relative to Play start)",-1.9594,-0.9943,-2.7155,0.7984,0.5903
1790756463742288313,16.967,odom,"ideal odometry /chassis/odom (IsaacComputeOdometry, relative to Play start)",-1.9715,-0.9996,-2.7252,0.7984,0.5914
1790756463785060444,16.983,odom,"ideal odometry /chassis/odom (IsaacComputeOdometry, relative to Play start)",-1.9836,-1.0049,-2.7351,0.7984,0.5922
1790756463839532759,17.000,odom,"ideal odometry /chassis/odom (IsaacComputeOdometry, relative to Play start)",-1.9958,-1.0100,-2.7449,0.7983,0.5931
1790756463876398728,17.017,odom,"ideal odometry /chassis/odom (IsaacComputeOdometry, relative to Play start)",-2.0081,-1.0149,-2.7547,0.7983,0.5939
1790756463954279771,17.033,odom,"ideal odometry /chassis/odom (IsaacComputeOdometry, relative to Play start)",-2.0204,-1.0198,-2.7646,0.7982,0.5949
1790756463990457681,17.050,odom,"ideal odometry /chassis/odom (IsaacComputeOdometry, relative to Play start)",-2.0327,-1.0245,-2.7745,0.7982,0.5955
1790756464045433690,17.067,odom,"ideal odometry /chassis/odom (IsaacComputeOdometry, relative to Play start)",-2.0451,-1.0292,-2.7843,0.7970,0.5852
1790756464082860173,17.083,odom,"ideal odometry /chassis/odom (IsaacComputeOdometry, relative to Play start)",-2.0575,-1.0336,-2.7938,0.7960,0.5679
1790756464141215613,17.100,odom,"ideal odometry /chassis/odom (IsaacComputeOdometry, relative to Play start)",-2.0699,-1.0380,-2.8032,0.7962,0.5541
1790756464181842141,17.117,odom,"ideal odometry /chassis/odom (IsaacComputeOdometry, relative to Play start)",-2.0824,-1.0423,-2.8123,0.7966,0.5434
1790756464238968637,17.133,odom,"ideal odometry /chassis/odom (IsaacComputeOdometry, relative to Play start)",-2.0949,-1.0464,-2.8213,0.7971,0.5352
1790756464275072350,17.150,odom,"ideal odometry /chassis/odom (IsaacComputeOdometry, relative to Play start)",-2.1075,-1.0505,-2.8302,0.7975,0.5288
1790756464329219421,17.167,odom,"ideal odometry /chassis/odom (IsaacComputeOdometry, relative to Play start)",-2.1201,-1.0544,-2.8390,0.7977,0.5239
1790756464368609960,17.183,odom,"ideal odometry /chassis/odom (IsaacComputeOdometry, relative to Play start)",-2.1328,-1.0582,-2.8478,0.7979,0.5207
1790756464420617062,17.200,odom,"ideal odometry /chassis/odom (IsaacComputeOdometry, relative to Play start)",-2.1455,-1.0620,-2.8565,0.7981,0.5180
1790756464457598271,17.217,odom,"ideal odometry /chassis/odom (IsaacComputeOdometry, relative to Play start)",-2.1582,-1.0656,-2.8651,0.7982,0.5168
1790756464517923590,17.233,odom,"ideal odometry /chassis/odom (IsaacComputeOdometry, relative to Play start)",-2.1710,-1.0691,-2.8737,0.7982,0.5154
1790756464555093014,17.250,odom,"ideal odometry /chassis/odom (IsaacComputeOdometry, relative to Play start)",-2.1837,-1.0725,-2.8822,0.7974,0.5022
1790756464608135021,17.267,odom,"ideal odometry /chassis/odom (IsaacComputeOdometry, relative to Play start)",-2.1966,-1.0757,-2.8904,0.7968,0.4827
1790756464659358360,17.283,odom,"ideal odometry /chassis/odom (IsaacComputeOdometry, relative to Play start)",-2.2094,-1.0789,-2.8983,0.7971,0.4669
1790756464696820533,17.300,odom,"ideal odometry /chassis/odom (IsaacComputeOdometry, relative to Play start)",-2.2223,-1.0820,-2.9062,0.7981,0.4694
1790756464735809658,17.317,odom,"ideal odometry /chassis/odom (IsaacComputeOdometry, relative to Play start)",-2.2352,-1.0850,-2.9139,0.7977,0.4588
1790756464791026854,17.333,odom,"ideal odometry /chassis/odom (IsaacComputeOdometry, relative to Play start)",-2.2481,-1.0879,-2.9215,0.7979,0.4500
1790756464830252752,17.350,odom,"ideal odometry /chassis/odom (IsaacComputeOdometry, relative to Play start)",-2.2610,-1.0907,-2.9290,0.7981,0.4438
1790756464889789330,17.367,odom,"ideal odometry /chassis/odom (IsaacComputeOdometry, relative to Play start)",-2.2740,-1.0934,-2.9364,0.7983,0.4394
1790756464924392295,17.383,odom,"ideal odometry /chassis/odom (IsaacComputeOdometry, relative to Play start)",-2.2870,-1.0960,-2.9437,0.7983,0.4362
1790756464979130968,17.400,odom,"ideal odometry /chassis/odom (IsaacComputeOdometry, relative to Play start)",-2.3000,-1.0985,-2.9509,0.7983,0.4345
1790756465015811538,17.417,odom,"ideal odometry /chassis/odom (IsaacComputeOdometry, relative to Play start)",-2.3131,-1.1009,-2.9581,0.7983,0.4336
1790756465076741797,17.433,odom,"ideal odometry /chassis/odom (IsaacComputeOdometry, relative to Play start)",-2.3261,-1.1032,-2.9653,0.7983,0.4333
1790756465121014864,17.450,odom,"ideal odometry /chassis/odom (IsaacComputeOdometry, relative to Play start)",-2.3392,-1.1055,-2.9725,0.7982,0.4335
1790756465170860959,17.467,odom,"ideal odometry /chassis/odom (IsaacComputeOdometry, relative to Play start)",-2.3523,-1.1076,-2.9796,0.7981,0.4348
1790756465206565137,17.483,odom,"ideal odometry /chassis/odom (IsaacComputeOdometry, relative to Play start)",-2.3654,-1.1097,-2.9867,0.7981,0.4365
1790756465261472396,17.500,odom,"ideal odometry /chassis/odom (IsaacComputeOdometry, relative to Play start)",-2.3785,-1.1116,-2.9939,0.7982,0.4351
1790756465301858300,17.517,odom,"ideal odometry /chassis/odom (IsaacComputeOdometry, relative to Play start)",-2.3916,-1.1135,-3.0011,0.7983,0.4339
1790756465363096804,17.533,odom,"ideal odometry /chassis/odom (IsaacComputeOdometry, relative to Play start)",-2.4048,-1.1152,-3.0081,0.7977,0.4207
1790756465405277427,17.550,odom,"ideal odometry /chassis/odom (IsaacComputeOdometry, relative to Play start)",-2.4179,-1.1169,-3.0150,0.7983,0.4253
1790756465456680341,17.567,odom,"ideal odometry /chassis/odom (IsaacComputeOdometry, relative to Play start)",-2.4311,-1.1185,-3.0219,0.7978,0.4138
1790756465493937393,17.583,odom,"ideal odometry /chassis/odom (IsaacComputeOdometry, relative to Play start)",-2.4443,-1.1200,-3.0286,0.7975,0.3963
1790756465548766886,17.600,odom,"ideal odometry /chassis/odom (IsaacComputeOdometry, relative to Play start)",-2.4575,-1.1214,-3.0350,0.7975,0.3834
1790756465592243512,17.617,odom,"ideal odometry /chassis/odom (IsaacComputeOdometry, relative to Play start)",-2.4707,-1.1227,-3.0413,0.7979,0.3730
1790756465646361467,17.633,odom,"ideal odometry /chassis/odom (IsaacComputeOdometry, relative to Play start)",-2.4839,-1.1239,-3.0474,0.7981,0.3657
1790756465685302787,17.650,odom,"ideal odometry /chassis/odom (IsaacComputeOdometry, relative to Play start)",-2.4971,-1.1251,-3.0534,0.7982,0.3606
1790756465743440708,17.667,odom,"ideal odometry /chassis/odom (IsaacComputeOdometry, relative to Play start)",-2.5103,-1.1262,-3.0593,0.7983,0.3574
1790756465787125836,17.683,odom,"ideal odometry /chassis/odom (IsaacComputeOdometry, relative to Play start)",-2.5236,-1.1272,-3.0652,0.7983,0.3556
1790756465839440244,17.700,odom,"ideal odometry /chassis/odom (IsaacComputeOdometry, relative to Play start)",-2.5368,-1.1281,-3.0710,0.7983,0.3545
1790756465878507135,17.717,odom,"ideal odometry /chassis/odom (IsaacComputeOdometry, relative to Play start)",-2.5501,-1.1290,-3.0768,0.7984,0.3552
1790756465938836211,17.733,odom,"ideal odometry /chassis/odom (IsaacComputeOdometry, relative to Play start)",-2.5633,-1.1298,-3.0826,0.7983,0.3547
1790756465977465153,17.750,odom,"ideal odometry /chassis/odom (IsaacComputeOdometry, relative to Play start)",-2.5766,-1.1305,-3.0883,0.7981,0.3413
1790756466031323043,17.767,odom,"ideal odometry /chassis/odom (IsaacComputeOdometry, relative to Play start)",-2.5899,-1.1311,-3.0937,0.7974,0.3151
1790756466088479218,17.783,odom,"ideal odometry /chassis/odom (IsaacComputeOdometry, relative to Play start)",-2.6031,-1.1317,-3.0986,0.7968,0.2804
1790756466128755894,17.800,odom,"ideal odometry /chassis/odom (IsaacComputeOdometry, relative to Play start)",-2.6164,-1.1322,-3.1030,0.7970,0.2498
1790756466173274656,17.817,odom,"ideal odometry /chassis/odom (IsaacComputeOdometry, relative to Play start)",-2.6297,-1.1326,-3.1070,0.7975,0.2297
1790756466223872018,17.833,odom,"ideal odometry /chassis/odom (IsaacComputeOdometry, relative to Play start)",-2.6430,-1.1331,-3.1106,0.7980,0.2017
1790756466262463673,17.850,odom,"ideal odometry /chassis/odom (IsaacComputeOdometry, relative to Play start)",-2.6562,-1.1334,-3.1138,0.7987,0.1800
1790756466315639704,17.867,odom,"ideal odometry /chassis/odom (IsaacComputeOdometry, relative to Play start)",-2.6695,-1.1337,-3.1167,0.7991,0.1664
1790756466356302579,17.883,odom,"ideal odometry /chassis/odom (IsaacComputeOdometry, relative to Play start)",-2.6829,-1.1340,-3.1195,0.7993,0.1583
1790756466408736829,17.900,odom,"ideal odometry /chassis/odom (IsaacComputeOdometry, relative to Play start)",-2.6962,-1.1343,-3.1220,0.7996,0.1507
1790756466447630344,17.917,odom,"ideal odometry /chassis/odom (IsaacComputeOdometry, relative to Play start)",-2.7095,-1.1345,-3.1246,0.7996,0.1610
1790756466502323371,17.933,odom,"ideal odometry /chassis/odom (IsaacComputeOdometry, relative to Play start)",-2.7228,-1.1347,-3.1272,0.7997,0.1694
1790756466542359517,17.950,odom,"ideal odometry /chassis/odom (IsaacComputeOdometry, relative to Play start)",-2.7362,-1.1349,-3.1300,0.8001,0.1652
1790756466594250722,17.967,odom,"ideal odometry /chassis/odom (IsaacComputeOdometry, relative to Play start)",-2.7495,-1.1350,-3.1326,0.8000,0.1633
1790756466630891001,17.983,odom,"ideal odometry /chassis/odom (IsaacComputeOdometry, relative to Play start)",-2.7628,-1.1351,-3.1352,0.8002,0.1570
1790756466685732704,18.000,odom,"ideal odometry /chassis/odom (IsaacComputeOdometry, relative to Play start)",-2.7762,-1.1351,-3.1377,0.8002,0.1530
1790756466727605081,18.017,odom,"ideal odometry /chassis/odom (IsaacComputeOdometry, relative to Play start)",-2.7895,-1.1351,-3.1402,0.8002,0.1484
1790756466793465860,18.033,odom,"ideal odometry /chassis/odom (IsaacComputeOdometry, relative to Play start)",-2.8028,-1.1351,3.1408,0.8002,0.1442
1790756466834549590,18.050,odom,"ideal odometry /chassis/odom (IsaacComputeOdometry, relative to Play start)",-2.8162,-1.1351,3.1387,0.8001,0.1324
1790756466889367625,18.067,odom,"ideal odometry /chassis/odom (IsaacComputeOdometry, relative to Play start)",-2.8295,-1.1350,3.1366,0.8001,0.1255
1790756466927021583,18.083,odom,"ideal odometry /chassis/odom (IsaacComputeOdometry, relative to Play start)",-2.8429,-1.1349,3.1346,0.8000,0.1204
1790756466981055480,18.100,odom,"ideal odometry /chassis/odom (IsaacComputeOdometry, relative to Play start)",-2.8562,-1.1348,3.1327,0.8002,0.1227
1790756467020934685,18.117,odom,"ideal odometry /chassis/odom (IsaacComputeOdometry, relative to Play start)",-2.8695,-1.1347,3.1307,0.8003,0.1204
1790756467076625332,18.133,odom,"ideal odometry /chassis/odom (IsaacComputeOdometry, relative to Play start)",-2.8829,-1.1345,3.1288,0.8004,0.1171
1790756467116025545,18.150,odom,"ideal odometry /chassis/odom (IsaacComputeOdometry, relative to Play start)",-2.8962,-1.1343,3.1269,0.8004,0.1141
1790756467168357704,18.167,odom,"ideal odometry /chassis/odom (IsaacComputeOdometry, relative to Play start)",-2.9096,-1.1341,3.1249,0.8006,0.1214
1790756467207654606,18.183,odom,"ideal odometry /chassis/odom (IsaacComputeOdometry, relative to Play start)",-2.9229,-1.1338,3.1228,0.8008,0.1289
1790756467258758854,18.200,odom,"ideal odometry /chassis/odom (IsaacComputeOdometry, relative to Play start)",-2.9363,-1.1335,3.1207,0.8009,0.1311
1790756467298290180,18.217,odom,"ideal odometry /chassis/odom (IsaacComputeOdometry, relative to Play start)",-2.9496,-1.1332,3.1185,0.8009,0.1327
1790756467354231311,18.233,odom,"ideal odometry /chassis/odom (IsaacComputeOdometry, relative to Play start)",-2.9630,-1.1329,3.1163,0.8009,0.1346
1790756467390087733,18.250,odom,"ideal odometry /chassis/odom (IsaacComputeOdometry, relative to Play start)",-2.9763,-1.1325,3.1140,0.8009,0.1361
1790756467445185462,18.267,odom,"ideal odometry /chassis/odom (IsaacComputeOdometry, relative to Play start)",-2.9897,-1.1321,3.1117,0.8009,0.1376
1790756467494640380,18.283,odom,"ideal odometry /chassis/odom (IsaacComputeOdometry, relative to Play start)",-3.0030,-1.1317,3.1094,0.8009,0.1391
1790756467539317774,18.300,odom,"ideal odometry /chassis/odom (IsaacComputeOdometry, relative to Play start)",-3.0163,-1.1312,3.1071,0.8009,0.1406
1790756467582602896,18.317,odom,"ideal odometry /chassis/odom (IsaacComputeOdometry, relative to Play start)",-3.0297,-1.1307,3.1048,0.8009,0.1421
1790756467636099007,18.333,odom,"ideal odometry /chassis/odom (IsaacComputeOdometry, relative to Play start)",-3.0430,-1.1302,3.1024,0.8009,0.1434
1790756467680463498,18.350,odom,"ideal odometry /chassis/odom (IsaacComputeOdometry, relative to Play start)",-3.0564,-1.1297,3.1000,0.8009,0.1435
1790756467730333987,18.367,odom,"ideal odometry /chassis/odom (IsaacComputeOdometry, relative to Play start)",-3.0697,-1.1291,3.0976,0.8010,0.1442
1790756467767931942,18.383,odom,"ideal odometry /chassis/odom (IsaacComputeOdometry, relative to Play start)",-3.0830,-1.1285,3.0952,0.8009,0.1451
1790756467820675895,18.400,odom,"ideal odometry /chassis/odom (IsaacComputeOdometry, relative to Play start)",-3.0964,-1.1278,3.0928,0.8010,0.1459
1790756467866070849,18.417,odom,"ideal odometry /chassis/odom (IsaacComputeOdometry, relative to Play start)",-3.1097,-1.1271,3.0904,0.8010,0.1469
1790756467920932459,18.433,odom,"ideal odometry /chassis/odom (IsaacComputeOdometry, relative to Play start)",-3.1230,-1.1264,3.0879,0.8010,0.1476
1790756467967468283,18.450,odom,"ideal odometry /chassis/odom (IsaacComputeOdometry, relative to Play start)",-3.1364,-1.1257,3.0855,0.8010,0.1485
1790756468015391614,18.467,odom,"ideal odometry /chassis/odom (IsaacComputeOdometry, relative to Play start)",-3.1497,-1.1249,3.0830,0.8010,0.1493
1790756468052892420,18.483,odom,"ideal odometry /chassis/odom (IsaacComputeOdometry, relative to Play start)",-3.1630,-1.1241,3.0805,0.8009,0.1497
1790756468105391038,18.500,odom,"ideal odometry /chassis/odom (IsaacComputeOdometry, relative to Play start)",-3.1763,-1.1232,3.0780,0.8009,0.1504
1790756468139873446,18.517,odom,"ideal odometry /chassis/odom (IsaacComputeOdometry, relative to Play start)",-3.1897,-1.1223,3.0755,0.8009,0.1511
1790756468203115599,18.533,odom,"ideal odometry /chassis/odom (IsaacComputeOdometry, relative to Play start)",-3.2030,-1.1214,3.0730,0.8009,0.1516
1790756468239754337,18.550,odom,"ideal odometry /chassis/odom (IsaacComputeOdometry, relative to Play start)",-3.2163,-1.1205,3.0704,0.8009,0.1521
1790756468292315800,18.567,odom,"ideal odometry /chassis/odom (IsaacComputeOdometry, relative to Play start)",-3.2296,-1.1195,3.0679,0.8009,0.1528
1790756468335452534,18.583,odom,"ideal odometry /chassis/odom (IsaacComputeOdometry, relative to Play start)",-3.2429,-1.1185,3.0654,0.8009,0.1532
1790756468381147673,18.600,odom,"ideal odometry /chassis/odom (IsaacComputeOdometry, relative to Play start)",-3.2562,-1.1174,3.0627,0.8011,0.1638
1790756468418794062,18.617,odom,"ideal odometry /chassis/odom (IsaacComputeOdometry, relative to Play start)",-3.2695,-1.1163,3.0598,0.8013,0.1722
1790756468471369005,18.633,odom,"ideal odometry /chassis/odom (IsaacComputeOdometry, relative to Play start)",-3.2828,-1.1152,3.0569,0.8014,0.1762
1790756468506777719,18.650,odom,"ideal odometry /chassis/odom (IsaacComputeOdometry, relative to Play start)",-3.2961,-1.1140,3.0539,0.8014,0.1804
1790756468557951024,18.667,odom,"ideal odometry /chassis/odom (IsaacComputeOdometry, relative to Play start)",-3.3094,-1.1128,3.0508,0.8014,0.1845
1790756468596821674,18.683,odom,"ideal odometry /chassis/odom (IsaacComputeOdometry, relative to Play start)",-3.3227,-1.1116,3.0477,0.8014,0.1887
1790756468650569373,18.700,odom,"ideal odometry /chassis/odom (IsaacComputeOdometry, relative to Play start)",-3.3360,-1.1103,3.0445,0.8015,0.1928
1790756468691498646,18.717,odom,"ideal odometry /chassis/odom (IsaacComputeOdometry, relative to Play start)",-3.3493,-1.1089,3.0412,0.8015,0.1969
1790756468746209466,18.733,odom,"ideal odometry /chassis/odom (IsaacComputeOdometry, relative to Play start)",-3.3626,-1.1075,3.0379,0.8014,0.2003
1790756468786148938,18.750,odom,"ideal odometry /chassis/odom (IsaacComputeOdometry, relative to Play start)",-3.3759,-1.1061,3.0345,0.8014,0.2034
1790756468846603712,18.767,odom,"ideal odometry /chassis/odom (IsaacComputeOdometry, relative to Play start)",-3.3891,-1.1046,3.0311,0.8014,0.2071
1790756468900144936,18.783,odom,"ideal odometry /chassis/odom (IsaacComputeOdometry, relative to Play start)",-3.4024,-1.1031,3.0276,0.8014,0.2101
1790756468942482447,18.800,odom,"ideal odometry /chassis/odom (IsaacComputeOdometry, relative to Play start)",-3.4157,-1.1016,3.0241,0.8014,0.2132
1790756468982801960,18.817,odom,"ideal odometry /chassis/odom (IsaacComputeOdometry, relative to Play start)",-3.4289,-1.0999,3.0205,0.8014,0.2163
1790756469036066334,18.833,odom,"ideal odometry /chassis/odom (IsaacComputeOdometry, relative to Play start)",-3.4422,-1.0983,3.0169,0.8014,0.2191
1790756469074914021,18.850,odom,"ideal odometry /chassis/odom (IsaacComputeOdometry, relative to Play start)",-3.4554,-1.0966,3.0132,0.8015,0.2222
1790756469127488405,18.867,odom,"ideal odometry /chassis/odom (IsaacComputeOdometry, relative to Play start)",-3.4686,-1.0948,3.0095,0.8015,0.2249
1790756469160908685,18.883,odom,"ideal odometry /chassis/odom (IsaacComputeOdometry, relative to Play start)",-3.4819,-1.0930,3.0057,0.8016,0.2273
1790756469215984487,18.900,odom,"ideal odometry /chassis/odom (IsaacComputeOdometry, relative to Play start)",-3.4951,-1.0912,3.0019,0.8015,0.2301
1790756469253269614,18.917,odom,"ideal odometry /chassis/odom (IsaacComputeOdometry, relative to Play start)",-3.5083,-1.0892,2.9981,0.8015,0.2327
1790756469304538766,18.933,odom,"ideal odometry /chassis/odom (IsaacComputeOdometry, relative to Play start)",-3.5215,-1.0873,2.9942,0.8013,0.2369
1790756469348766819,18.950,odom,"ideal odometry /chassis/odom (IsaacComputeOdometry, relative to Play start)",-3.5347,-1.0853,2.9902,0.8016,0.2338
1790756469400799309,18.967,odom,"ideal odometry /chassis/odom (IsaacComputeOdometry, relative to Play start)",-3.5479,-1.0832,2.9863,0.8012,0.2413
1790756469439992548,18.983,odom,"ideal odometry /chassis/odom (IsaacComputeOdometry, relative to Play start)",-3.5611,-1.0811,2.9823,0.8015,0.2382
1790756469493141830,19.000,odom,"ideal odometry /chassis/odom (IsaacComputeOdometry, relative to Play start)",-3.5742,-1.0789,2.9783,0.8012,0.2455
1790756469536212931,19.017,odom,"ideal odometry /chassis/odom (IsaacComputeOdometry, relative to Play start)",-3.5874,-1.0767,2.9743,0.8012,0.2428
1790756469601712745,19.033,odom,"ideal odometry /chassis/odom (IsaacComputeOdometry, relative to Play start)",-3.6005,-1.0744,2.9703,0.8012,0.2475
1790756469642970093,19.050,odom,"ideal odometry /chassis/odom (IsaacComputeOdometry, relative to Play start)",-3.6137,-1.0721,2.9662,0.8011,0.2463
1790756469695207385,19.067,odom,"ideal odometry /chassis/odom (IsaacComputeOdometry, relative to Play start)",-3.6268,-1.0697,2.9621,0.8013,0.2451
1790756469735571894,19.083,odom,"ideal odometry /chassis/odom (IsaacComputeOdometry, relative to Play start)",-3.6399,-1.0673,2.9580,0.8011,0.2485
1790756469790673075,19.100,odom,"ideal odometry /chassis/odom (IsaacComputeOdometry, relative to Play start)",-3.6530,-1.0648,2.9539,0.8010,0.2491
1790756469831794787,19.117,odom,"ideal odometry /chassis/odom (IsaacComputeOdometry, relative to Play start)",-3.6661,-1.0622,2.9497,0.8012,0.2477
1790756469884405242,19.133,odom,"ideal odometry /chassis/odom (IsaacComputeOdometry, relative to Play start)",-3.6792,-1.0596,2.9456,0.8010,0.2507
1790756469924737399,19.150,odom,"ideal odometry /chassis/odom (IsaacComputeOdometry, relative to Play start)",-3.6923,-1.0570,2.9414,0.8008,0.2529
1790756469975359233,19.167,odom,"ideal odometry /chassis/odom (IsaacComputeOdometry, relative to Play start)",-3.7054,-1.0543,2.9373,0.8007,0.2541
1790756470021318301,19.183,odom,"ideal odometry /chassis/odom (IsaacComputeOdometry, relative to Play start)",-3.7184,-1.0515,2.9331,0.8007,0.2546
1790756470074942356,19.200,odom,"ideal odometry /chassis/odom (IsaacComputeOdometry, relative to Play start)",-3.7314,-1.0487,2.9288,0.8007,0.2558
1790756470118095359,19.217,odom,"ideal odometry /chassis/odom (IsaacComputeOdometry, relative to Play start)",-3.7445,-1.0458,2.9246,0.8007,0.2564
1790756470169139442,19.233,odom,"ideal odometry /chassis/odom (IsaacComputeOdometry, relative to Play start)",-3.7575,-1.0429,2.9203,0.8007,0.2576
1790756470206575451,19.250,odom,"ideal odometry /chassis/odom (IsaacComputeOdometry, relative to Play start)",-3.7705,-1.0399,2.9161,0.8007,0.2581
1790756470263390634,19.267,odom,"ideal odometry /chassis/odom (IsaacComputeOdometry, relative to Play start)",-3.7835,-1.0369,2.9118,0.8006,0.2591
1790756470313334659,19.283,odom,"ideal odometry /chassis/odom (IsaacComputeOdometry, relative to Play start)",-3.7964,-1.0338,2.9075,0.8006,0.2595
1790756470352278286,19.300,odom,"ideal odometry /chassis/odom (IsaacComputeOdometry, relative to Play start)",-3.8094,-1.0306,2.9032,0.8006,0.2604
1790756470393441645,19.317,odom,"ideal odometry /chassis/odom (IsaacComputeOdometry, relative to Play start)",-3.8223,-1.0274,2.8990,0.8002,0.2529
1790756470451523015,19.333,odom,"ideal odometry /chassis/odom (IsaacComputeOdometry, relative to Play start)",-3.8353,-1.0242,2.8950,0.7998,0.2443
1790756470494201523,19.350,odom,"ideal odometry /chassis/odom (IsaacComputeOdometry, relative to Play start)",-3.8482,-1.0209,2.8911,0.7997,0.2393
1790756470544074801,19.367,odom,"ideal odometry /chassis/odom (IsaacComputeOdometry, relative to Play start)",-3.8611,-1.0175,2.8871,0.7999,0.2466
1790756470585923222,19.383,odom,"ideal odometry /chassis/odom (IsaacComputeOdometry, relative to Play start)",-3.8739,-1.0141,2.8830,0.8003,0.2520
1790756470634249279,19.400,odom,"ideal odometry /chassis/odom (IsaacComputeOdometry, relative to Play start)",-3.8868,-1.0106,2.8789,0.8002,0.2442
1790756470676106531,19.417,odom,"ideal odometry /chassis/odom (IsaacComputeOdometry, relative to Play start)",-3.8997,-1.0071,2.8750,0.8000,0.2345
1790756470730337465,19.433,odom,"ideal odometry /chassis/odom (IsaacComputeOdometry, relative to Play start)",-3.9125,-1.0036,2.8712,0.7999,0.2313
1790756470767037002,19.450,odom,"ideal odometry /chassis/odom (IsaacComputeOdometry, relative to Play start)",-3.9253,-0.9999,2.8675,0.7998,0.2295
1790756470818306712,19.467,odom,"ideal odometry /chassis/odom (IsaacComputeOdometry, relative to Play start)",-3.9382,-0.9963,2.8638,0.7998,0.2258
1790756470857607512,19.483,odom,"ideal odometry /chassis/odom (IsaacComputeOdometry, relative to Play start)",-3.9510,-0.9926,2.8601,0.7999,0.2239
1790756470910497607,19.500,odom,"ideal odometry /chassis/odom (IsaacComputeOdometry, relative to Play start)",-3.9638,-0.9888,2.8565,0.8000,0.2204
1790756470952840510,19.517,odom,"ideal odometry /chassis/odom (IsaacComputeOdometry, relative to Play start)",-3.9765,-0.9850,2.8529,0.8000,0.2191
1790756471014973866,19.533,odom,"ideal odometry /chassis/odom (IsaacComputeOdometry, relative to Play start)",-3.9893,-0.9812,2.8494,0.8002,0.2150
1790756471052918860,19.550,odom,"ideal odometry /chassis/odom (IsaacComputeOdometry, relative to Play start)",-4.0021,-0.9773,2.8459,0.8002,0.2142
1790756471107933955,19.567,odom,"ideal odometry /chassis/odom (IsaacComputeOdometry, relative to Play start)",-4.0146,-0.9734,2.8425,0.7796,0.2062
1790756471152484970,19.583,odom,"ideal odometry /chassis/odom (IsaacComputeOdometry, relative to Play start)",-4.0271,-0.9695,2.8390,0.7926,0.2159
1790756471205668835,19.600,odom,"ideal odometry /chassis/odom (IsaacComputeOdometry, relative to Play start)",-4.0398,-0.9655,2.8353,0.7980,0.2233
1790756471246325162,19.617,odom,"ideal odometry /chassis/odom (IsaacComputeOdometry, relative to Play start)",-4.0524,-0.9615,2.8316,0.8001,0.2257
1790756471297635591,19.633,odom,"ideal odometry /chassis/odom (IsaacComputeOdometry, relative to Play start)",-4.0651,-0.9574,2.8279,0.8005,0.2208
1790756471333813965,19.650,odom,"ideal odometry /chassis/odom (IsaacComputeOdometry, relative to Play start)",-4.0778,-0.9532,2.8244,0.8005,0.2124
1790756471386301241,19.667,odom,"ideal odometry /chassis/odom (IsaacComputeOdometry, relative to Play start)",-4.0905,-0.9490,2.8209,0.8008,0.2086
1790756471427214617,19.683,odom,"ideal odometry /chassis/odom (IsaacComputeOdometry, relative to Play start)",-4.1031,-0.9447,2.8175,0.8005,0.2082
1790756471481536006,19.700,odom,"ideal odometry /chassis/odom (IsaacComputeOdometry, relative to Play start)",-4.1157,-0.9404,2.8142,0.8006,0.2048
1790756471520732313,19.717,odom,"ideal odometry /chassis/odom (IsaacComputeOdometry, relative to Play start)",-4.1283,-0.9361,2.8108,0.8005,0.2038
1790756471580614699,19.733,odom,"ideal odometry /chassis/odom (IsaacComputeOdometry, relative to Play start)",-4.1409,-0.9317,2.8075,0.8007,0.2011
1790756471624184651,19.750,odom,"ideal odometry /chassis/odom (IsaacComputeOdometry, relative to Play start)",-4.1535,-0.9273,2.8042,0.8008,0.1976
1790756471681313127,19.767,odom,"ideal odometry /chassis/odom (IsaacComputeOdometry, relative to Play start)",-4.1661,-0.9229,2.8010,0.8008,0.1968
1790756471731231307,19.783,odom,"ideal odometry /chassis/odom (IsaacComputeOdometry, relative to Play start)",-4.1787,-0.9184,2.7978,0.8009,0.1945
1790756471776402494,19.800,odom,"ideal odometry /chassis/odom (IsaacComputeOdometry, relative to Play start)",-4.1912,-0.9138,2.7946,0.8009,0.1933
1790756471816249186,19.817,odom,"ideal odometry /chassis/odom (IsaacComputeOdometry, relative to Play start)",-4.2037,-0.9092,2.7914,0.8008,0.1919
1790756471871001283,19.833,odom,"ideal odometry /chassis/odom (IsaacComputeOdometry, relative to Play start)",-4.2163,-0.9046,2.7883,0.8009,0.1896
1790756471909690371,19.850,odom,"ideal odometry /chassis/odom (IsaacComputeOdometry, relative to Play start)",-4.2288,-0.9000,2.7851,0.8008,0.1889
1790756471962956417,19.867,odom,"ideal odometry /chassis/odom (IsaacComputeOdometry, relative to Play start)",-4.2413,-0.8953,2.7820,0.8009,0.1872
1790756472003073731,19.883,odom,"ideal odometry /chassis/odom (IsaacComputeOdometry, relative to Play start)",-4.2537,-0.8905,2.7791,0.8007,0.1763
1790756472057417060,19.900,odom,"ideal odometry /chassis/odom (IsaacComputeOdometry, relative to Play start)",-4.2662,-0.8858,2.7763,0.8004,0.1661
1790756472099118596,19.917,odom,"ideal odometry /chassis/odom (IsaacComputeOdometry, relative to Play start)",-4.2786,-0.8810,2.7737,0.8003,0.1613
1790756472154676237,19.933,odom,"ideal odometry /chassis/odom (IsaacComputeOdometry, relative to Play start)",-4.2911,-0.8761,2.7711,0.8002,0.1566
1790756472206114585,19.950,odom,"ideal odometry /chassis/odom (IsaacComputeOdometry, relative to Play start)",-4.3035,-0.8713,2.7687,0.8001,0.1520
1790756472253688181,19.967,odom,"ideal odometry /chassis/odom (IsaacComputeOdometry, relative to Play start)",-4.3159,-0.8664,2.7663,0.8002,0.1476
1790756472302720402,19.983,odom,"ideal odometry /chassis/odom (IsaacComputeOdometry, relative to Play start)",-4.3283,-0.8615,2.7640,0.8001,0.1352
1790756472352938210,20.000,odom,"ideal odometry /chassis/odom (IsaacComputeOdometry, relative to Play start)",-4.3407,-0.8565,2.7619,0.8001,0.1285
1790756472393750811,20.017,odom,"ideal odometry /chassis/odom (IsaacComputeOdometry, relative to Play start)",-4.3531,-0.8516,2.7599,0.8002,0.1306
1790756472461376742,20.033,odom,"ideal odometry /chassis/odom (IsaacComputeOdometry, relative to Play start)",-4.3654,-0.8466,2.7578,0.8003,0.1283
1790756472500585134,20.050,odom,"ideal odometry /chassis/odom (IsaacComputeOdometry, relative to Play start)",-4.3778,-0.8415,2.7558,0.8002,0.1165
1790756472554288211,20.067,odom,"ideal odometry /chassis/odom (IsaacComputeOdometry, relative to Play start)",-4.3902,-0.8365,2.7540,0.8002,0.1112
1790756472597909015,20.083,odom,"ideal odometry /chassis/odom (IsaacComputeOdometry, relative to Play start)",-4.4025,-0.8314,2.7523,0.8002,0.1066
1790756472644893210,20.100,odom,"ideal odometry /chassis/odom (IsaacComputeOdometry, relative to Play start)",-4.4148,-0.8263,2.7506,0.8002,0.1020
1790756472683752983,20.117,odom,"ideal odometry /chassis/odom (IsaacComputeOdometry, relative to Play start)",-4.4272,-0.8212,2.7491,0.8002,0.0971
1790756472735597497,20.133,odom,"ideal odometry /chassis/odom (IsaacComputeOdometry, relative to Play start)",-4.4395,-0.8161,2.7476,0.8003,0.0931
1790756472775341927,20.150,odom,"ideal odometry /chassis/odom (IsaacComputeOdometry, relative to Play start)",-4.4518,-0.8110,2.7461,0.8004,0.0885
1790756472820293530,20.167,odom,"ideal odometry /chassis/odom (IsaacComputeOdometry, relative to Play start)",-4.4641,-0.8058,2.7447,0.8004,0.0857
1790756472859246732,20.183,odom,"ideal odometry /chassis/odom (IsaacComputeOdometry, relative to Play start)",-4.4764,-0.8006,2.7435,0.8004,0.0731
1790756472907552801,20.200,odom,"ideal odometry /chassis/odom (IsaacComputeOdometry, relative to Play start)",-4.4887,-0.7954,2.7424,0.8004,0.0674
1790756472942792226,20.217,odom,"ideal odometry /chassis/odom (IsaacComputeOdometry, relative to Play start)",-4.5010,-0.7902,2.7413,0.8005,0.0702
1790756472995996637,20.233,odom,"ideal odometry /chassis/odom (IsaacComputeOdometry, relative to Play start)",-4.5133,-0.7850,2.7402,0.8005,0.0685
1790756473030856020,20.250,odom,"ideal odometry /chassis/odom (IsaacComputeOdometry, relative to Play start)",-4.5256,-0.7798,2.7392,0.8005,0.0650
1790756473082878470,20.267,odom,"ideal odometry /chassis/odom (IsaacComputeOdometry, relative to Play start)",-4.5378,-0.7746,2.7382,0.8006,0.0623
1790756473130031862,20.283,odom,"ideal odometry /chassis/odom (IsaacComputeOdometry, relative to Play start)",-4.5501,-0.7693,2.7372,0.8006,0.0598
1790756473167133475,20.300,odom,"ideal odometry /chassis/odom (IsaacComputeOdometry, relative to Play start)",-4.5624,-0.7640,2.7363,0.8006,0.0494
1790756473202728492,20.317,odom,"ideal odometry /chassis/odom (IsaacComputeOdometry, relative to Play start)",-4.5746,-0.7588,2.7356,0.8006,0.0444
1790756473256230763,20.333,odom,"ideal odometry /chassis/odom (IsaacComputeOdometry, relative to Play start)",-4.5869,-0.7535,2.7350,0.8006,0.0412
1790756473294953412,20.350,odom,"ideal odometry /chassis/odom (IsaacComputeOdometry, relative to Play start)",-4.5992,-0.7482,2.7343,0.8007,0.0443
1790756473347707592,20.367,odom,"ideal odometry /chassis/odom (IsaacComputeOdometry, relative to Play start)",-4.6114,-0.7429,2.7336,0.8007,0.0441
1790756473382989223,20.383,odom,"ideal odometry /chassis/odom (IsaacComputeOdometry, relative to Play start)",-4.6237,-0.7376,2.7329,0.8007,0.0420
1790756473436213993,20.400,odom,"ideal odometry /chassis/odom (IsaacComputeOdometry, relative to Play start)",-4.6359,-0.7323,2.7323,0.8007,0.0406
1790756473474621117,20.417,odom,"ideal odometry /chassis/odom (IsaacComputeOdometry, relative to Play start)",-4.6482,-0.7270,2.7316,0.8007,0.0391
1790756473528897418,20.433,odom,"ideal odometry /chassis/odom (IsaacComputeOdometry, relative to Play start)",-4.6604,-0.7216,2.7310,0.8007,0.0380
1790756473562263871,20.450,odom,"ideal odometry /chassis/odom (IsaacComputeOdometry, relative to Play start)",-4.6726,-0.7163,2.7305,0.8007,0.0284
1790756473609777504,20.467,odom,"ideal odometry /chassis/odom (IsaacComputeOdometry, relative to Play start)",-4.6849,-0.7109,2.7302,0.8007,0.0243
1790756473645762417,20.483,odom,"ideal odometry /chassis/odom (IsaacComputeOdometry, relative to Play start)",-4.6971,-0.7056,2.7298,0.8007,0.0218
1790756473696182517,20.500,odom,"ideal odometry /chassis/odom (IsaacComputeOdometry, relative to Play start)",-4.7093,-0.7003,2.7294,0.8007,0.0270
1790756473733258937,20.517,odom,"ideal odometry /chassis/odom (IsaacComputeOdometry, relative to Play start)",-4.7216,-0.6949,2.7290,0.8007,0.0276
1790756473787874746,20.533,odom,"ideal odometry /chassis/odom (IsaacComputeOdometry, relative to Play start)",-4.7338,-0.6895,2.7287,0.8007,0.0180
1790756473823547576,20.550,odom,"ideal odometry /chassis/odom (IsaacComputeOdometry, relative to Play start)",-4.7460,-0.6842,2.7285,0.8007,0.0143
1790756473871249184,20.567,odom,"ideal odometry /chassis/odom (IsaacComputeOdometry, relative to Play start)",-4.7583,-0.6788,2.7282,0.8007,0.0207
1790756473907432672,20.583,odom,"ideal odometry /chassis/odom (IsaacComputeOdometry, relative to Play start)",-4.7705,-0.6734,2.7280,0.8007,0.0130
1790756473954811319,20.600,odom,"ideal odometry /chassis/odom (IsaacComputeOdometry, relative to Play start)",-4.7827,-0.6681,2.7278,0.8007,0.0080
1790756473989702589,20.617,odom,"ideal odometry /chassis/odom (IsaacComputeOdometry, relative to Play start)",-4.7949,-0.6627,2.7277,0.8007,0.0070
1790756474037894683,20.633,odom,"ideal odometry /chassis/odom (IsaacComputeOdometry, relative to Play start)",-4.8072,-0.6573,2.7277,0.8007,0.0050
1790756474072927539,20.650,odom,"ideal odometry /chassis/odom (IsaacComputeOdometry, relative to Play start)",-4.8194,-0.6520,2.7277,0.8007,0.0028
1790756474121484149,20.667,odom,"ideal odometry /chassis/odom (IsaacComputeOdometry, relative to Play start)",-4.8316,-0.6466,2.7277,0.8007,0.0010
1790756474158113127,20.683,odom,"ideal odometry /chassis/odom (IsaacComputeOdometry, relative to Play start)",-4.8438,-0.6412,2.7277,0.8007,0.0007
1790756474203340092,20.700,odom,"ideal odometry /chassis/odom (IsaacComputeOdometry, relative to Play start)",-4.8561,-0.6359,2.7278,0.8007,0.0024
1790756474240808267,20.717,odom,"ideal odometry /chassis/odom (IsaacComputeOdometry, relative to Play start)",-4.8683,-0.6305,2.7279,0.8007,0.0042
1790756474289455705,20.733,odom,"ideal odometry /chassis/odom (IsaacComputeOdometry, relative to Play start)",-4.8805,-0.6251,2.7280,0.8007,0.0056
1790756474325991810,20.750,odom,"ideal odometry /chassis/odom (IsaacComputeOdometry, relative to Play start)",-4.8927,-0.6198,2.7281,0.8007,0.0074
1790756474375426292,20.767,odom,"ideal odometry /chassis/odom (IsaacComputeOdometry, relative to Play start)",-4.9050,-0.6144,2.7283,0.8007,0.0090
1790756474450256754,20.783,odom,"ideal odometry /chassis/odom (IsaacComputeOdometry, relative to Play start)",-4.9172,-0.6090,2.7285,0.8007,0.0104
1790756474491895631,20.800,odom,"ideal odometry /chassis/odom (IsaacComputeOdometry, relative to Play start)",-4.9294,-0.6037,2.7287,0.8007,0.0119
1790756474525972060,20.817,odom,"ideal odometry /chassis/odom (IsaacComputeOdometry, relative to Play start)",-4.9417,-0.5983,2.7290,0.8007,0.0135
1790756474574248845,20.833,odom,"ideal odometry /chassis/odom (IsaacComputeOdometry, relative to Play start)",-4.9537,-0.5931,2.7293,0.7792,0.0147
1790756474610738932,20.850,odom,"ideal odometry /chassis/odom (IsaacComputeOdometry, relative to Play start)",-4.9655,-0.5879,2.7295,0.7658,0.0160
1790756474659631427,20.867,odom,"ideal odometry /chassis/odom (IsaacComputeOdometry, relative to Play start)",-4.9771,-0.5828,2.7298,0.7611,0.0170
1790756474692531380,20.883,odom,"ideal odometry /chassis/odom (IsaacComputeOdometry, relative to Play start)",-4.9888,-0.5777,2.7302,0.7595,0.0180
1790756474741607853,20.900,odom,"ideal odometry /chassis/odom (IsaacComputeOdometry, relative to Play start)",-5.0002,-0.5728,2.7305,0.7373,0.0190
1790756474779761647,20.917,odom,"ideal odometry /chassis/odom (IsaacComputeOdometry, relative to Play start)",-5.0113,-0.5679,2.7309,0.7239,0.0198
1790756474826408750,20.933,odom,"ideal odometry /chassis/odom (IsaacComputeOdometry, relative to Play start)",-5.0223,-0.5631,2.7312,0.7191,0.0208
1790756474862119416,20.950,odom,"ideal odometry /chassis/odom (IsaacComputeOdometry, relative to Play start)",-5.0333,-0.5583,2.7316,0.7174,0.0217
1790756474908346409,20.967,odom,"ideal odometry /chassis/odom (IsaacComputeOdometry, relative to Play start)",-5.0443,-0.5536,2.7320,0.7168,0.0227
1790756474951545709,20.983,odom,"ideal odometry /chassis/odom (IsaacComputeOdometry, relative to Play start)",-5.0551,-0.5489,2.7324,0.6950,0.0239
1790756474998651410,21.000,odom,"ideal odometry /chassis/odom (IsaacComputeOdometry, relative to Play start)",-5.0658,-0.5442,2.7328,0.7088,0.0245
1790756475038003527,21.017,odom,"ideal odometry /chassis/odom (IsaacComputeOdometry, relative to Play start)",-5.0767,-0.5395,2.7333,0.7137,0.0262
1790756475096233083,21.033,odom,"ideal odometry /chassis/odom (IsaacComputeOdometry, relative to Play start)",-5.0877,-0.5348,2.7336,0.7154,0.0219
1790756475134178170,21.050,odom,"ideal odometry /chassis/odom (IsaacComputeOdometry, relative to Play start)",-5.0984,-0.5302,2.7340,0.6945,0.0221
1790756475178301173,21.067,odom,"ideal odometry /chassis/odom (IsaacComputeOdometry, relative to Play start)",-5.1089,-0.5256,2.7344,0.6815,0.0265
1790756475212209521,21.083,odom,"ideal odometry /chassis/odom (IsaacComputeOdometry, relative to Play start)",-5.1193,-0.5211,2.7349,0.6769,0.0260
1790756475262875700,21.100,odom,"ideal odometry /chassis/odom (IsaacComputeOdometry, relative to Play start)",-5.1297,-0.5167,2.7353,0.6752,0.0266
1790756475296437752,21.117,odom,"ideal odometry /chassis/odom (IsaacComputeOdometry, relative to Play start)",-5.1400,-0.5122,2.7357,0.6746,0.0230
1790756475345302450,21.133,odom,"ideal odometry /chassis/odom (IsaacComputeOdometry, relative to Play start)",-5.1502,-0.5079,2.7361,0.6528,0.0225
1790756475385798876,21.150,odom,"ideal odometry /chassis/odom (IsaacComputeOdometry, relative to Play start)",-5.1601,-0.5037,2.7364,0.6395,0.0223
1790756475431147998,21.167,odom,"ideal odometry /chassis/odom (IsaacComputeOdometry, relative to Play start)",-5.1698,-0.4995,2.7369,0.6348,0.0251
1790756475470015022,21.183,odom,"ideal odometry /chassis/odom (IsaacComputeOdometry, relative to Play start)",-5.1795,-0.4953,2.7373,0.6331,0.0262
1790756475516748490,21.200,odom,"ideal odometry /chassis/odom (IsaacComputeOdometry, relative to Play start)",-5.1892,-0.4912,2.7378,0.6326,0.0268
1790756475556074205,21.217,odom,"ideal odometry /chassis/odom (IsaacComputeOdometry, relative to Play start)",-5.1989,-0.4870,2.7382,0.6323,0.0228
1790756475602758215,21.233,odom,"ideal odometry /chassis/odom (IsaacComputeOdometry, relative to Play start)",-5.2084,-0.4830,2.7385,0.6107,0.0229
1790756475641331097,21.250,odom,"ideal odometry /chassis/odom (IsaacComputeOdometry, relative to Play start)",-5.2177,-0.4790,2.7389,0.5974,0.0261
1790756475682721934,21.267,odom,"ideal odometry /chassis/odom (IsaacComputeOdometry, relative to Play start)",-5.2268,-0.4752,2.7394,0.5927,0.0266
1790756475730012503,21.283,odom,"ideal odometry /chassis/odom (IsaacComputeOdometry, relative to Play start)",-5.2359,-0.4713,2.7399,0.5910,0.0267
1790756475768805405,21.300,odom,"ideal odometry /chassis/odom (IsaacComputeOdometry, relative to Play start)",-5.2450,-0.4674,2.7403,0.5904,0.0232
1790756475809148156,21.317,odom,"ideal odometry /chassis/odom (IsaacComputeOdometry, relative to Play start)",-5.2540,-0.4636,2.7406,0.5901,0.0225
1790756475854886528,21.333,odom,"ideal odometry /chassis/odom (IsaacComputeOdometry, relative to Play start)",-5.2629,-0.4598,2.7409,0.5686,0.0155
1790756475892270623,21.350,odom,"ideal odometry /chassis/odom (IsaacComputeOdometry, relative to Play start)",-5.2715,-0.4562,2.7411,0.5553,0.0200
1790756475944975981,21.367,odom,"ideal odometry /chassis/odom (IsaacComputeOdometry, relative to Play start)",-5.2800,-0.4526,2.7415,0.5506,0.0235
1790756475981276573,21.383,odom,"ideal odometry /chassis/odom (IsaacComputeOdometry, relative to Play start)",-5.2884,-0.4490,2.7419,0.5489,0.0234
1790756476026085450,21.400,odom,"ideal odometry /chassis/odom (IsaacComputeOdometry, relative to Play start)",-5.2969,-0.4455,2.7423,0.5483,0.0199
1790756476064354219,21.417,odom,"ideal odometry /chassis/odom (IsaacComputeOdometry, relative to Play start)",-5.3053,-0.4419,2.7426,0.5481,0.0196
1790756476115084259,21.433,odom,"ideal odometry /chassis/odom (IsaacComputeOdometry, relative to Play start)",-5.3135,-0.4385,2.7428,0.5265,0.0126
1790756476155112229,21.450,odom,"ideal odometry /chassis/odom (IsaacComputeOdometry, relative to Play start)",-5.3215,-0.4351,2.7430,0.5132,0.0176
1790756476202946570,21.467,odom,"ideal odometry /chassis/odom (IsaacComputeOdometry, relative to Play start)",-5.3293,-0.4318,2.7433,0.5085,0.0209
1790756476240668466,21.483,odom,"ideal odometry /chassis/odom (IsaacComputeOdometry, relative to Play start)",-5.3372,-0.4285,2.7437,0.5069,0.0207
1790756476286872807,21.500,odom,"ideal odometry /chassis/odom (IsaacComputeOdometry, relative to Play start)",-5.3449,-0.4253,2.7441,0.5063,0.0216
1790756476326017324,21.517,odom,"ideal odometry /chassis/odom (IsaacComputeOdometry, relative to Play start)",-5.3527,-0.4220,2.7445,0.5060,0.0223
1790756476384036931,21.533,odom,"ideal odometry /chassis/odom (IsaacComputeOdometry, relative to Play start)",-5.3603,-0.4188,2.7448,0.4844,0.0171
1790756476424609894,21.550,odom,"ideal odometry /chassis/odom (IsaacComputeOdometry, relative to Play start)",-5.3675,-0.4158,2.7449,0.4551,0.0097
1790756476467604977,21.567,odom,"ideal odometry /chassis/odom (IsaacComputeOdometry, relative to Play start)",-5.3746,-0.4128,2.7451,0.4607,0.0170
1790756476510969809,21.583,odom,"ideal odometry /chassis/odom (IsaacComputeOdometry, relative to Play start)",-5.3817,-0.4099,2.7453,0.4626,0.0085
1790756476555950640,21.600,odom,"ideal odometry /chassis/odom (IsaacComputeOdometry, relative to Play start)",-5.3888,-0.4069,2.7454,0.4634,0.0073
1790756476598671722,21.617,odom,"ideal odometry /chassis/odom (IsaacComputeOdometry, relative to Play start)",-5.3959,-0.4039,2.7456,0.4636,0.0147
1790756476642147150,21.633,odom,"ideal odometry /chassis/odom (IsaacComputeOdometry, relative to Play start)",-5.4031,-0.4009,2.7459,0.4638,0.0195
1790756476678627402,21.650,odom,"ideal odometry /chassis/odom (IsaacComputeOdometry, relative to Play start)",-5.4102,-0.3980,2.7462,0.4638,0.0168
1790756476725557994,21.667,odom,"ideal odometry /chassis/odom (IsaacComputeOdometry, relative to Play start)",-5.4173,-0.3950,2.7464,0.4638,0.0134
1790756476761467412,21.683,odom,"ideal odometry /chassis/odom (IsaacComputeOdometry, relative to Play start)",-5.4245,-0.3920,2.7466,0.4638,0.0141
1790756476828056662,21.700,odom,"ideal odometry /chassis/odom (IsaacComputeOdometry, relative to Play start)",-5.4314,-0.3891,2.7468,0.4422,0.0054
1790756476862579072,21.717,odom,"ideal odometry /chassis/odom (IsaacComputeOdometry, relative to Play start)",-5.4381,-0.3863,2.7469,0.4290,0.0130
1790756476920019483,21.733,odom,"ideal odometry /chassis/odom (IsaacComputeOdometry, relative to Play start)",-5.4447,-0.3836,2.7470,0.4242,0.0050
1790756476959440443,21.750,odom,"ideal odometry /chassis/odom (IsaacComputeOdometry, relative to Play start)",-5.4512,-0.3809,2.7471,0.4226,0.0117
1790756477014092932,21.767,odom,"ideal odometry /chassis/odom (IsaacComputeOdometry, relative to Play start)",-5.4577,-0.3782,2.7474,0.4221,0.0146
1790756477063002694,21.783,odom,"ideal odometry /chassis/odom (IsaacComputeOdometry, relative to Play start)",-5.4642,-0.3755,2.7477,0.4219,0.0146
1790756477109806528,21.800,odom,"ideal odometry /chassis/odom (IsaacComputeOdometry, relative to Play start)",-5.4707,-0.3728,2.7479,0.4218,0.0154
1790756477145319604,21.817,odom,"ideal odometry /chassis/odom (IsaacComputeOdometry, relative to Play start)",-5.4772,-0.3701,2.7482,0.4217,0.0111
1790756477205163529,21.833,odom,"ideal odometry /chassis/odom (IsaacComputeOdometry, relative to Play start)",-5.4835,-0.3674,2.7482,0.4001,0.0031
1790756477242589438,21.850,odom,"ideal odometry /chassis/odom (IsaacComputeOdometry, relative to Play start)",-5.4896,-0.3649,2.7483,0.3868,0.0115
1790756477297959063,21.867,odom,"ideal odometry /chassis/odom (IsaacComputeOdometry, relative to Play start)",-5.4955,-0.3625,2.7484,0.3821,0.0037
1790756477333451279,21.883,odom,"ideal odometry /chassis/odom (IsaacComputeOdometry, relative to Play start)",-5.5013,-0.3601,2.7484,0.3805,0.0019
1790756477389160960,21.900,odom,"ideal odometry /chassis/odom (IsaacComputeOdometry, relative to Play start)",-5.5072,-0.3576,2.7485,0.3799,0.0101
1790756477424995395,21.917,odom,"ideal odometry /chassis/odom (IsaacComputeOdometry, relative to Play start)",-5.5131,-0.3552,2.7488,0.3797,0.0121
1790756477479211983,21.933,odom,"ideal odometry /chassis/odom (IsaacComputeOdometry, relative to Play start)",-5.5189,-0.3528,2.7490,0.3797,0.0124
1790756477512935602,21.950,odom,"ideal odometry /chassis/odom (IsaacComputeOdometry, relative to Play start)",-5.5248,-0.3503,2.7492,0.3796,0.0132
1790756477563661132,21.967,odom,"ideal odometry /chassis/odom (IsaacComputeOdometry, relative to Play start)",-5.5306,-0.3479,2.7494,0.3796,0.0089
1790756477604211826,21.983,odom,"ideal odometry /chassis/odom (IsaacComputeOdometry, relative to Play start)",-5.5363,-0.3456,2.7495,0.3580,0.0015
1790756477655984024,22.000,odom,"ideal odometry /chassis/odom (IsaacComputeOdometry, relative to Play start)",-5.5417,-0.3434,2.7495,0.3445,0.0100
1790756477694060731,22.017,odom,"ideal odometry /chassis/odom (IsaacComputeOdometry, relative to Play start)",-5.5469,-0.3412,2.7497,0.3400,0.0068
1790756477750329782,22.033,odom,"ideal odometry /chassis/odom (IsaacComputeOdometry, relative to Play start)",-5.5522,-0.3390,2.7497,0.3381,0.0012
1790756477788056752,22.050,odom,"ideal odometry /chassis/odom (IsaacComputeOdometry, relative to Play start)",-5.5574,-0.3369,2.7496,0.3377,0.0016
1790756477842597611,22.067,odom,"ideal odometry /chassis/odom (IsaacComputeOdometry, relative to Play start)",-5.5626,-0.3347,2.7497,0.3374,0.0076
1790756477881277192,22.083,odom,"ideal odometry /chassis/odom (IsaacComputeOdometry, relative to Play start)",-5.5678,-0.3326,2.7499,0.3375,0.0117
1790756477934683149,22.100,odom,"ideal odometry /chassis/odom (IsaacComputeOdometry, relative to Play start)",-5.5730,-0.3304,2.7501,0.3373,0.0099
1790756477967625361,22.117,odom,"ideal odometry /chassis/odom (IsaacComputeOdometry, relative to Play start)",-5.5782,-0.3283,2.7503,0.3375,0.0110
1790756478017889714,22.133,odom,"ideal odometry /chassis/odom (IsaacComputeOdometry, relative to Play start)",-5.5834,-0.3261,2.7504,0.3373,0.0047
1790756478057412532,22.150,odom,"ideal odometry /chassis/odom (IsaacComputeOdometry, relative to Play start)",-5.5886,-0.3240,2.7505,0.3374,0.0080
1790756478104868948,22.167,odom,"ideal odometry /chassis/odom (IsaacComputeOdometry, relative to Play start)",-5.5936,-0.3219,2.7505,0.3157,0.0005
1790756478142060979,22.183,odom,"ideal odometry /chassis/odom (IsaacComputeOdometry, relative to Play start)",-5.5982,-0.3200,2.7503,0.2867,0.0111
1790756478191399032,22.200,odom,"ideal odometry /chassis/odom (IsaacComputeOdometry, relative to Play start)",-5.6027,-0.3182,2.7502,0.2921,0.0030
1790756478230385689,22.217,odom,"ideal odometry /chassis/odom (IsaacComputeOdometry, relative to Play start)",-5.6072,-0.3163,2.7502,0.2942,0.0041
1790756478280749174,22.233,odom,"ideal odometry /chassis/odom (IsaacComputeOdometry, relative to Play start)",-5.6118,-0.3144,2.7502,0.2949,0.0033
1790756478314078989,22.250,odom,"ideal odometry /chassis/odom (IsaacComputeOdometry, relative to Play start)",-5.6163,-0.3125,2.7500,0.2953,0.0027
1790756478368425811,22.267,odom,"ideal odometry /chassis/odom (IsaacComputeOdometry, relative to Play start)",-5.6209,-0.3107,2.7500,0.2953,0.0046
1790756478412281982,22.283,odom,"ideal odometry /chassis/odom (IsaacComputeOdometry, relative to Play start)",-5.6254,-0.3088,2.7501,0.2954,0.0071
1790756478453788012,22.300,odom,"ideal odometry /chassis/odom (IsaacComputeOdometry, relative to Play start)",-5.6300,-0.3069,2.7503,0.2953,0.0059
1790756478489535623,22.317,odom,"ideal odometry /chassis/odom (IsaacComputeOdometry, relative to Play start)",-5.6345,-0.3050,2.7504,0.2954,0.0064
1790756478539449771,22.333,odom,"ideal odometry /chassis/odom (IsaacComputeOdometry, relative to Play start)",-5.6391,-0.3031,2.7506,0.2953,0.0071
1790756478578362478,22.350,odom,"ideal odometry /chassis/odom (IsaacComputeOdometry, relative to Play start)",-5.6437,-0.3013,2.7506,0.2954,0.0008
1790756478621778239,22.367,odom,"ideal odometry /chassis/odom (IsaacComputeOdometry, relative to Play start)",-5.6482,-0.2994,2.7506,0.2952,0.0023
1790756478655638576,22.383,odom,"ideal odometry /chassis/odom (IsaacComputeOdometry, relative to Play start)",-5.6528,-0.2975,2.7505,0.2954,0.0018
1790756478708222345,22.400,odom,"ideal odometry /chassis/odom (IsaacComputeOdometry, relative to Play start)",-5.6571,-0.2957,2.7503,0.2739,0.0121
1790756478757373221,22.417,odom,"ideal odometry /chassis/odom (IsaacComputeOdometry, relative to Play start)",-5.6611,-0.2941,2.7499,0.2448,0.0236
1790756478803796874,22.433,odom,"ideal odometry /chassis/odom (IsaacComputeOdometry, relative to Play start)",-5.6647,-0.2926,2.7492,0.2230,0.0348
1790756478844790610,22.450,odom,"ideal odometry /chassis/odom (IsaacComputeOdometry, relative to Play start)",-5.6682,-0.2911,2.7486,0.2371,0.0275
1790756478893737207,22.467,odom,"ideal odometry /chassis/odom (IsaacComputeOdometry, relative to Play start)",-5.6720,-0.2896,2.7482,0.2475,0.0200
1790756478929696332,22.483,odom,"ideal odometry /chassis/odom (IsaacComputeOdometry, relative to Play start)",-5.6758,-0.2880,2.7479,0.2513,0.0120
1790756478981901237,22.500,odom,"ideal odometry /chassis/odom (IsaacComputeOdometry, relative to Play start)",-5.6797,-0.2863,2.7476,0.2526,0.0144
1790756479024794274,22.517,odom,"ideal odometry /chassis/odom (IsaacComputeOdometry, relative to Play start)",-5.6836,-0.2847,2.7473,0.2532,0.0133
1790756479086044281,22.533,odom,"ideal odometry /chassis/odom (IsaacComputeOdometry, relative to Play start)",-5.6875,-0.2831,2.7472,0.2532,0.0081
1790756479128338765,22.550,odom,"ideal odometry /chassis/odom (IsaacComputeOdometry, relative to Play start)",-5.6914,-0.2815,2.7471,0.2532,0.0045
1790756479179507337,22.567,odom,"ideal odometry /chassis/odom (IsaacComputeOdometry, relative to Play start)",-5.6953,-0.2798,2.7471,0.2532,0.0035
1790756479222144885,22.583,odom,"ideal odometry /chassis/odom (IsaacComputeOdometry, relative to Play start)",-5.6992,-0.2782,2.7469,0.2533,0.0128
1790756479268065172,22.600,odom,"ideal odometry /chassis/odom (IsaacComputeOdometry, relative to Play start)",-5.7031,-0.2766,2.7467,0.2532,0.0136
1790756479303721450,22.617,odom,"ideal odometry /chassis/odom (IsaacComputeOdometry, relative to Play start)",-5.7070,-0.2750,2.7464,0.2533,0.0136
1790756479357641111,22.633,odom,"ideal odometry /chassis/odom (IsaacComputeOdometry, relative to Play start)",-5.7109,-0.2733,2.7462,0.2533,0.0129
1790756479393471787,22.650,odom,"ideal odometry /chassis/odom (IsaacComputeOdometry, relative to Play start)",-5.7148,-0.2717,2.7459,0.2534,0.0140
1790756479447069807,22.667,odom,"ideal odometry /chassis/odom (IsaacComputeOdometry, relative to Play start)",-5.7187,-0.2701,2.7456,0.2534,0.0141
1790756479485543606,22.683,odom,"ideal odometry /chassis/odom (IsaacComputeOdometry, relative to Play start)",-5.7224,-0.2685,2.7452,0.2320,0.0232
1790756479537785533,22.700,odom,"ideal odometry /chassis/odom (IsaacComputeOdometry, relative to Play start)",-5.7257,-0.2671,2.7446,0.2029,0.0333
1790756479577098998,22.717,odom,"ideal odometry /chassis/odom (IsaacComputeOdometry, relative to Play start)",-5.7287,-0.2659,2.7439,0.1815,0.0430
1790756479623980164,22.733,odom,"ideal odometry /chassis/odom (IsaacComputeOdometry, relative to Play start)",-5.7316,-0.2647,2.7434,0.1951,0.0245
1790756479661201043,22.750,odom,"ideal odometry /chassis/odom (IsaacComputeOdometry, relative to Play start)",-5.7347,-0.2634,2.7429,0.2055,0.0263
1790756479706640890,22.767,odom,"ideal odometry /chassis/odom (IsaacComputeOdometry, relative to Play start)",-5.7379,-0.2620,2.7426,0.2092,0.0154
1790756479758350039,22.783,odom,"ideal odometry /chassis/odom (IsaacComputeOdometry, relative to Play start)",-5.7411,-0.2607,2.7423,0.2106,0.0200
1790756479802046377,22.800,odom,"ideal odometry /chassis/odom (IsaacComputeOdometry, relative to Play start)",-5.7444,-0.2593,2.7419,0.2110,0.0202
1790756479840493491,22.817,odom,"ideal odometry /chassis/odom (IsaacComputeOdometry, relative to Play start)",-5.7476,-0.2579,2.7416,0.2112,0.0142
1790756479891529667,22.833,odom,"ideal odometry /chassis/odom (IsaacComputeOdometry, relative to Play start)",-5.7508,-0.2565,2.7413,0.2112,0.0245
1790756479927782431,22.850,odom,"ideal odometry /chassis/odom (IsaacComputeOdometry, relative to Play start)",-5.7541,-0.2552,2.7410,0.2112,0.0149
1790756479975543385,22.867,odom,"ideal odometry /chassis/odom (IsaacComputeOdometry, relative to Play start)",-5.7573,-0.2538,2.7408,0.2110,0.0066
1790756480010407638,22.883,odom,"ideal odometry /chassis/odom (IsaacComputeOdometry, relative to Play start)",-5.7606,-0.2524,2.7409,0.2110,0.0037
1790756480066527004,22.900,odom,"ideal odometry /chassis/odom (IsaacComputeOdometry, relative to Play start)",-5.7638,-0.2510,2.7411,0.2110,0.0073
1790756480106553846,22.917,odom,"ideal odometry /chassis/odom (IsaacComputeOdometry, relative to Play start)",-5.7671,-0.2497,2.7413,0.2109,0.0086
1790756480160969826,22.933,odom,"ideal odometry /chassis/odom (IsaacComputeOdometry, relative to Play start)",-5.7703,-0.2483,2.7416,0.2110,0.0107
1790756480199911474,22.950,odom,"ideal odometry /chassis/odom (IsaacComputeOdometry, relative to Play start)",-5.7736,-0.2469,2.7419,0.2110,0.0123
1790756480254323414,22.967,odom,"ideal odometry /chassis/odom (IsaacComputeOdometry, relative to Play start)",-5.7768,-0.2456,2.7421,0.2110,0.0047
1790756480294725831,22.983,odom,"ideal odometry /chassis/odom (IsaacComputeOdometry, relative to Play start)",-5.7801,-0.2442,2.7421,0.2111,0.0037
1790756480342837085,23.000,odom,"ideal odometry /chassis/odom (IsaacComputeOdometry, relative to Play start)",-5.7833,-0.2428,2.7421,0.2111,0.0056
1790756480383673524,23.017,odom,"ideal odometry /chassis/odom (IsaacComputeOdometry, relative to Play start)",-5.7864,-0.2415,2.7419,0.1896,0.0100
1790756480438093169,23.033,odom,"ideal odometry /chassis/odom (IsaacComputeOdometry, relative to Play start)",-5.7890,-0.2404,2.7416,0.1606,0.0165
1790756480471830977,23.050,odom,"ideal odometry /chassis/odom (IsaacComputeOdometry, relative to Play start)",-5.7913,-0.2394,2.7411,0.1391,0.0275
1790756480520075002,23.067,odom,"ideal odometry /chassis/odom (IsaacComputeOdometry, relative to Play start)",-5.7934,-0.2386,2.7406,0.1314,0.0408
1790756480560908059,23.083,odom,"ideal odometry /chassis/odom (IsaacComputeOdometry, relative to Play start)",-5.7955,-0.2376,2.7399,0.1503,0.0281
1790756480611658019,23.100,odom,"ideal odometry /chassis/odom (IsaacComputeOdometry, relative to Play start)",-5.7980,-0.2366,2.7398,0.1626,0.0055
1790756480650020001,23.117,odom,"ideal odometry /chassis/odom (IsaacComputeOdometry, relative to Play start)",-5.8005,-0.2355,2.7395,0.1668,0.0173
1790756480703663500,23.133,odom,"ideal odometry /chassis/odom (IsaacComputeOdometry, relative to Play start)",-5.8031,-0.2344,2.7393,0.1684,0.0123
1790756480742084774,23.150,odom,"ideal odometry /chassis/odom (IsaacComputeOdometry, relative to Play start)",-5.8057,-0.2333,2.7390,0.1689,0.0129
1790756480788623346,23.167,odom,"ideal odometry /chassis/odom (IsaacComputeOdometry, relative to Play start)",-5.8083,-0.2322,2.7388,0.1691,0.0116
1790756480828409921,23.183,odom,"ideal odometry /chassis/odom (IsaacComputeOdometry, relative to Play start)",-5.8109,-0.2311,2.7386,0.1691,0.0084
1790756480873800343,23.200,odom,"ideal odometry /chassis/odom (IsaacComputeOdometry, relative to Play start)",-5.8135,-0.2300,2.7386,0.1690,0.0003
1790756480912368107,23.217,odom,"ideal odometry /chassis/odom (IsaacComputeOdometry, relative to Play start)",-5.8161,-0.2289,2.7387,0.1690,0.0093
1790756480959784024,23.233,odom,"ideal odometry /chassis/odom (IsaacComputeOdometry, relative to Play start)",-5.8187,-0.2278,2.7388,0.1689,0.0018
1790756481002331648,23.250,odom,"ideal odometry /chassis/odom (IsaacComputeOdometry, relative to Play start)",-5.8213,-0.2267,2.7390,0.1689,0.0129
1790756481058912943,23.267,odom,"ideal odometry /chassis/odom (IsaacComputeOdometry, relative to Play start)",-5.8239,-0.2256,2.7391,0.1689,0.0040
1790756481103062377,23.283,odom,"ideal odometry /chassis/odom (IsaacComputeOdometry, relative to Play start)",-5.8265,-0.2245,2.7394,0.1689,0.0150
1790756481157365788,23.300,odom,"ideal odometry /chassis/odom (IsaacComputeOdometry, relative to Play start)",-5.8291,-0.2234,2.7395,0.1689,0.0049
1790756481196358177,23.317,odom,"ideal odometry /chassis/odom (IsaacComputeOdometry, relative to Play start)",-5.8317,-0.2223,2.7397,0.1689,0.0164
1790756481246022097,23.333,odom,"ideal odometry /chassis/odom (IsaacComputeOdometry, relative to Play start)",-5.8342,-0.2212,2.7399,0.1690,0.0075
1790756481283507110,23.350,odom,"ideal odometry /chassis/odom (IsaacComputeOdometry, relative to Play start)",-5.8368,-0.2200,2.7402,0.1691,0.0186
1790756481333208053,23.367,odom,"ideal odometry /chassis/odom (IsaacComputeOdometry, relative to Play start)",-5.8393,-0.2190,2.7406,0.1477,0.0297
1790756481370130594,23.383,odom,"ideal odometry /chassis/odom (IsaacComputeOdometry, relative to Play start)",-5.8413,-0.2182,2.7413,0.1185,0.0514
1790756481419029927,23.400,odom,"ideal odometry /chassis/odom (IsaacComputeOdometry, relative to Play start)",-5.8428,-0.2175,2.7425,0.0879,0.0824
1790756481454880054,23.417,odom,"ideal odometry /chassis/odom (IsaacComputeOdometry, relative to Play start)",-5.8438,-0.2171,2.7440,0.0582,0.1053
1790756481509435007,23.433,odom,"ideal odometry /chassis/odom (IsaacComputeOdometry, relative to Play start)",-5.8444,-0.2169,2.7458,0.0307,0.1247
1790756481549257477,23.450,odom,"ideal odometry /chassis/odom (IsaacComputeOdometry, relative to Play start)",-5.8446,-0.2168,2.7477,0.0237,0.1248
1790756481597344112,23.467,odom,"ideal odometry /chassis/odom (IsaacComputeOdometry, relative to Play start)",-5.8447,-0.2167,2.7497,0.0221,0.1236
1790756481630101120,23.483,odom,"ideal odometry /chassis/odom (IsaacComputeOdometry, relative to Play start)",-5.8448,-0.2167,2.7516,0.0215,0.1223
1790756481677794890,23.500,odom,"ideal odometry /chassis/odom (IsaacComputeOdometry, relative to Play start)",-5.8448,-0.2167,2.7535,0.0214,0.1218
1790756481714162478,23.517,odom,"ideal odometry /chassis/odom (IsaacComputeOdometry, relative to Play start)",-5.8448,-0.2167,2.7554,0.0213,0.1203
1790756481776894492,23.533,odom,"ideal odometry /chassis/odom (IsaacComputeOdometry, relative to Play start)",-5.8449,-0.2167,2.7572,0.0214,0.1206
1790756481812150106,23.550,odom,"ideal odometry /chassis/odom (IsaacComputeOdometry, relative to Play start)",-5.8449,-0.2167,2.7591,0.0214,0.1204
1790756481858399268,23.567,odom,"ideal odometry /chassis/odom (IsaacComputeOdometry, relative to Play start)",-5.8450,-0.2166,2.7610,0.0216,0.1218
1790756481892935209,23.583,odom,"ideal odometry /chassis/odom (IsaacComputeOdometry, relative to Play start)",-5.8450,-0.2166,2.7629,0.0217,0.1219
1790756481944244164,23.600,odom,"ideal odometry /chassis/odom (IsaacComputeOdometry, relative to Play start)",-5.8451,-0.2166,2.7648,0.0220,0.1238
1790756481985156808,23.617,odom,"ideal odometry /chassis/odom (IsaacComputeOdometry, relative to Play start)",-5.8452,-0.2166,2.7668,0.0220,0.1239
1790756482036472904,23.633,odom,"ideal odometry /chassis/odom (IsaacComputeOdometry, relative to Play start)",-5.8452,-0.2165,2.7687,0.0223,0.1256
1790756482076643042,23.650,odom,"ideal odometry /chassis/odom (IsaacComputeOdometry, relative to Play start)",-5.8453,-0.2165,2.7707,0.0225,0.1258
1790756482123504006,23.667,odom,"ideal odometry /chassis/odom (IsaacComputeOdometry, relative to Play start)",-5.8454,-0.2165,2.7727,0.0227,0.1265
1790756482160362652,23.683,odom,"ideal odometry /chassis/odom (IsaacComputeOdometry, relative to Play start)",-5.8455,-0.2165,2.7747,0.0226,0.1270
1790756482209156651,23.700,odom,"ideal odometry /chassis/odom (IsaacComputeOdometry, relative to Play start)",-5.8456,-0.2164,2.7767,0.0229,0.1283
1790756482250918733,23.717,odom,"ideal odometry /chassis/odom (IsaacComputeOdometry, relative to Play start)",-5.8456,-0.2164,2.7788,0.0232,0.1280
1790756482296466451,23.733,odom,"ideal odometry /chassis/odom (IsaacComputeOdometry, relative to Play start)",-5.8457,-0.2164,2.7809,0.0234,0.1302
1790756482332428583,23.750,odom,"ideal odometry /chassis/odom (IsaacComputeOdometry, relative to Play start)",-5.8458,-0.2163,2.7830,0.0235,0.1307
1790756482380030738,23.767,odom,"ideal odometry /chassis/odom (IsaacComputeOdometry, relative to Play start)",-5.8459,-0.2163,2.7851,0.0239,0.1325
1790756482429378750,23.783,odom,"ideal odometry /chassis/odom (IsaacComputeOdometry, relative to Play start)",-5.8460,-0.2163,2.7872,0.0241,0.1329
1790756482468066507,23.800,odom,"ideal odometry /chassis/odom (IsaacComputeOdometry, relative to Play start)",-5.8461,-0.2162,2.7894,0.0243,0.1348
1790756482504475815,23.817,odom,"ideal odometry /chassis/odom (IsaacComputeOdometry, relative to Play start)",-5.8462,-0.2162,2.7916,0.0246,0.1355
1790756482551333678,23.833,odom,"ideal odometry /chassis/odom (IsaacComputeOdometry, relative to Play start)",-5.8464,-0.2161,2.7938,0.0248,0.1372
1790756482586508483,23.850,odom,"ideal odometry /chassis/odom (IsaacComputeOdometry, relative to Play start)",-5.8465,-0.2161,2.7960,0.0252,0.1378
1790756482636113582,23.867,odom,"ideal odometry /chassis/odom (IsaacComputeOdometry, relative to Play start)",-5.8466,-0.2160,2.7982,0.0253,0.1398
1790756482672614600,23.883,odom,"ideal odometry /chassis/odom (IsaacComputeOdometry, relative to Play start)",-5.8467,-0.2160,2.8005,0.0257,0.1402
1790756482719678151,23.900,odom,"ideal odometry /chassis/odom (IsaacComputeOdometry, relative to Play start)",-5.8468,-0.2160,2.8028,0.0259,0.1422
1790756482755842964,23.917,odom,"ideal odometry /chassis/odom (IsaacComputeOdometry, relative to Play start)",-5.8470,-0.2159,2.8052,0.0263,0.1431
1790756482804163289,23.933,odom,"ideal odometry /chassis/odom (IsaacComputeOdometry, relative to Play start)",-5.8471,-0.2159,2.8075,0.0265,0.1448
1790756482840311376,23.950,odom,"ideal odometry /chassis/odom (IsaacComputeOdometry, relative to Play start)",-5.8472,-0.2158,2.8099,0.0269,0.1457
1790756482887971695,23.967,odom,"ideal odometry /chassis/odom (IsaacComputeOdometry, relative to Play start)",-5.8474,-0.2158,2.8123,0.0271,0.1477
1790756482932583716,23.983,odom,"ideal odometry /chassis/odom (IsaacComputeOdometry, relative to Play start)",-5.8475,-0.2157,2.8148,0.0275,0.1486
1790756482980303420,24.000,odom,"ideal odometry /chassis/odom (IsaacComputeOdometry, relative to Play start)",-5.8477,-0.2157,2.8173,0.0276,0.1503
1790756483022283875,24.017,odom,"ideal odometry /chassis/odom (IsaacComputeOdometry, relative to Play start)",-5.8478,-0.2156,2.8198,0.0282,0.1515
1790756483077826394,24.033,odom,"ideal odometry /chassis/odom (IsaacComputeOdometry, relative to Play start)",-5.8480,-0.2156,2.8223,0.0282,0.1532
1790756483119636116,24.050,odom,"ideal odometry /chassis/odom (IsaacComputeOdometry, relative to Play start)",-5.8481,-0.2155,2.8249,0.0289,0.1543
1790756483166901878,24.067,odom,"ideal odometry /chassis/odom (IsaacComputeOdometry, relative to Play start)",-5.8483,-0.2155,2.8274,0.0291,0.1571
1790756483200726979,24.083,odom,"ideal odometry /chassis/odom (IsaacComputeOdometry, relative to Play start)",-5.8484,-0.2154,2.8301,0.0299,0.1594
1790756483250389208,24.100,odom,"ideal odometry /chassis/odom (IsaacComputeOdometry, relative to Play start)",-5.8486,-0.2154,2.8327,0.0298,0.1617
1790756483289275981,24.117,odom,"ideal odometry /chassis/odom (IsaacComputeOdometry, relative to Play start)",-5.8487,-0.2153,2.8354,0.0305,0.1636
1790756483334028009,24.133,odom,"ideal odometry /chassis/odom (IsaacComputeOdometry, relative to Play start)",-5.8489,-0.2153,2.8381,0.0310,0.1658
1790756483371505598,24.150,odom,"ideal odometry /chassis/odom (IsaacComputeOdometry, relative to Play start)",-5.8491,-0.2152,2.8409,0.0313,0.1676
1790756483418316385,24.167,odom,"ideal odometry /chassis/odom (IsaacComputeOdometry, relative to Play start)",-5.8492,-0.2152,2.8437,0.0317,0.1705
1790756483455160655,24.183,odom,"ideal odometry /chassis/odom (IsaacComputeOdometry, relative to Play start)",-5.8494,-0.2151,2.8463,0.0294,0.1560
1790756483500116210,24.200,odom,"ideal odometry /chassis/odom (IsaacComputeOdometry, relative to Play start)",-5.8496,-0.2151,2.8488,0.0264,0.1386
1790756483537984503,24.217,odom,"ideal odometry /chassis/odom (IsaacComputeOdometry, relative to Play start)",-5.8497,-0.2150,2.8509,0.0245,0.1265
1790756483584527115,24.233,odom,"ideal odometry /chassis/odom (IsaacComputeOdometry, relative to Play start)",-5.8499,-0.2150,2.8530,0.0231,0.1222
1790756483622493132,24.250,odom,"ideal odometry /chassis/odom (IsaacComputeOdometry, relative to Play start)",-5.8501,-0.2150,2.8550,0.0228,0.1167
1790756483670305377,24.267,odom,"ideal odometry /chassis/odom (IsaacComputeOdometry, relative to Play start)",-5.8502,-0.2149,2.8570,0.0223,0.1172
1790756483715921088,24.283,odom,"ideal odometry /chassis/odom (IsaacComputeOdometry, relative to Play start)",-5.8504,-0.2149,2.8589,0.0223,0.1146
1790756483754877263,24.300,odom,"ideal odometry /chassis/odom (IsaacComputeOdometry, relative to Play start)",-5.8505,-0.2148,2.8608,0.0224,0.1166
1790756483791949600,24.317,odom,"ideal odometry /chassis/odom (IsaacComputeOdometry, relative to Play start)",-5.8507,-0.2148,2.8628,0.0224,0.1145
1790756483841573254,24.333,odom,"ideal odometry /chassis/odom (IsaacComputeOdometry, relative to Play start)",-5.8508,-0.2147,2.8647,0.0224,0.1172
1790756483880124523,24.350,odom,"ideal odometry /chassis/odom (IsaacComputeOdometry, relative to Play start)",-5.8510,-0.2147,2.8667,0.0227,0.1149
1790756483926522794,24.367,odom,"ideal odometry /chassis/odom (IsaacComputeOdometry, relative to Play start)",-5.8512,-0.2146,2.8687,0.0228,0.1183
1790756483963111205,24.383,odom,"ideal odometry /chassis/odom (IsaacComputeOdometry, relative to Play start)",-5.8513,-0.2146,2.8707,0.0231,0.1165
1790756484013475363,24.400,odom,"ideal odometry /chassis/odom (IsaacComputeOdometry, relative to Play start)",-5.8515,-0.2146,2.8727,0.0229,0.1202
1790756484048912236,24.417,odom,"ideal odometry /chassis/odom (IsaacComputeOdometry, relative to Play start)",-5.8516,-0.2145,2.8747,0.0236,0.1181
1790756484103113944,24.433,odom,"ideal odometry /chassis/odom (IsaacComputeOdometry, relative to Play start)",-5.8518,-0.2145,2.8767,0.0234,0.1222
1790756484143322271,24.450,odom,"ideal odometry /chassis/odom (IsaacComputeOdometry, relative to Play start)",-5.8520,-0.2144,2.8788,0.0238,0.1208
1790756484191570434,24.467,odom,"ideal odometry /chassis/odom (IsaacComputeOdometry, relative to Play start)",-5.8522,-0.2144,2.8808,0.0236,0.1209
1790756484230617698,24.483,odom,"ideal odometry /chassis/odom (IsaacComputeOdometry, relative to Play start)",-5.8523,-0.2143,2.8829,0.0238,0.1255
1790756484277423704,24.500,odom,"ideal odometry /chassis/odom (IsaacComputeOdometry, relative to Play start)",-5.8525,-0.2143,2.8850,0.0239,0.1238
1790756484317909920,24.517,odom,"ideal odometry /chassis/odom (IsaacComputeOdometry, relative to Play start)",-5.8526,-0.2142,2.8870,0.0244,0.1236
1790756484375939183,24.533,odom,"ideal odometry /chassis/odom (IsaacComputeOdometry, relative to Play start)",-5.8528,-0.2142,2.8892,0.0240,0.1289
1790756484415680275,24.550,odom,"ideal odometry /chassis/odom (IsaacComputeOdometry, relative to Play start)",-5.8530,-0.2142,2.8913,0.0246,0.1272
1790756484461647143,24.567,odom,"ideal odometry /chassis/odom (IsaacComputeOdometry, relative to Play start)",-5.8531,-0.2141,2.8934,0.0246,0.1250
1790756484500804357,24.583,odom,"ideal odometry /chassis/odom (IsaacComputeOdometry, relative to Play start)",-5.8533,-0.2141,2.8956,0.0246,0.1299
1790756484546386310,24.600,odom,"ideal odometry /chassis/odom (IsaacComputeOdometry, relative to Play start)",-5.8535,-0.2140,2.8977,0.0248,0.1308
1790756484584992083,24.617,odom,"ideal odometry /chassis/odom (IsaacComputeOdometry, relative to Play start)",-5.8536,-0.2140,2.8999,0.0252,0.1281
1790756484631974138,24.633,odom,"ideal odometry /chassis/odom (IsaacComputeOdometry, relative to Play start)",-5.8538,-0.2140,2.9022,0.0250,0.1327
1790756484669173962,24.650,odom,"ideal odometry /chassis/odom (IsaacComputeOdometry, relative to Play start)",-5.8539,-0.2139,2.9043,0.0252,0.1340
1790756484716536595,24.667,odom,"ideal odometry /chassis/odom (IsaacComputeOdometry, relative to Play start)",-5.8541,-0.2139,2.9066,0.0256,0.1317
1790756484755523228,24.683,odom,"ideal odometry /chassis/odom (IsaacComputeOdometry, relative to Play start)",-5.8543,-0.2139,2.9088,0.0253,0.1369
1790756484802206649,24.700,odom,"ideal odometry /chassis/odom (IsaacComputeOdometry, relative to Play start)",-5.8544,-0.2138,2.9111,0.0256,0.1359
1790756484839699449,24.717,odom,"ideal odometry /chassis/odom (IsaacComputeOdometry, relative to Play start)",-5.8546,-0.2138,2.9133,0.0259,0.1349
1790756484889303018,24.733,odom,"ideal odometry /chassis/odom (IsaacComputeOdometry, relative to Play start)",-5.8547,-0.2137,2.9156,0.0258,0.1391
1790756484924343755,24.750,odom,"ideal odometry /chassis/odom (IsaacComputeOdometry, relative to Play start)",-5.8549,-0.2137,2.9180,0.0259,0.1396
1790756484969966727,24.767,odom,"ideal odometry /chassis/odom (IsaacComputeOdometry, relative to Play start)",-5.8551,-0.2137,2.9203,0.0266,0.1387
1790756485027938092,24.783,odom,"ideal odometry /chassis/odom (IsaacComputeOdometry, relative to Play start)",-5.8552,-0.2136,2.9226,0.0261,0.1417
1790756485063823058,24.800,odom,"ideal odometry /chassis/odom (IsaacComputeOdometry, relative to Play start)",-5.8554,-0.2136,2.9250,0.0265,0.1426
1790756485099299629,24.817,odom,"ideal odometry /chassis/odom (IsaacComputeOdometry, relative to Play start)",-5.8555,-0.2136,2.9273,0.0267,0.1414
1790756485151113771,24.833,odom,"ideal odometry /chassis/odom (IsaacComputeOdometry, relative to Play start)",-5.8557,-0.2135,2.9298,0.0264,0.1448
1790756485202656435,24.850,odom,"ideal odometry /chassis/odom (IsaacComputeOdometry, relative to Play start)",-5.8558,-0.2135,2.9321,0.0266,0.1447
1790756485249408409,24.867,odom,"ideal odometry /chassis/odom (IsaacComputeOdometry, relative to Play start)",-5.8560,-0.2135,2.9346,0.0273,0.1448
1790756485284132218,24.883,odom,"ideal odometry /chassis/odom (IsaacComputeOdometry, relative to Play start)",-5.8561,-0.2135,2.9370,0.0269,0.1468
1790756485335566255,24.900,odom,"ideal odometry /chassis/odom (IsaacComputeOdometry, relative to Play start)",-5.8562,-0.2134,2.9395,0.0272,0.1484
1790756485374103380,24.917,odom,"ideal odometry /chassis/odom (IsaacComputeOdometry, relative to Play start)",-5.8564,-0.2134,2.9419,0.0274,0.1466
1790756485423443675,24.933,odom,"ideal odometry /chassis/odom (IsaacComputeOdometry, relative to Play start)",-5.8565,-0.2134,2.9444,0.0272,0.1498
1790756486298259222,24.950,odom,"ideal odometry /chassis/odom (IsaacComputeOdometry, relative to Play start)",-5.8567,-0.2133,2.9469,0.0274,0.1492
1790756486347000740,24.967,odom,"ideal odometry /chassis/odom (IsaacComputeOdometry, relative to Play start)",-5.8568,-0.2133,2.9494,0.0276,0.1494
1790756487549465478,24.983,odom,"ideal odometry /chassis/odom (IsaacComputeOdometry, relative to Play start)",-5.8569,-0.2133,2.9519,0.0274,0.1509
1790756487596389542,25.000,odom,"ideal odometry /chassis/odom (IsaacComputeOdometry, relative to Play start)",-5.8570,-0.2133,2.9544,0.0278,0.1529
1790756487634684233,25.017,odom,"ideal odometry /chassis/odom (IsaacComputeOdometry, relative to Play start)",-5.8572,-0.2132,2.9570,0.0279,0.1514
1790756487697537944,25.033,odom,"ideal odometry /chassis/odom (IsaacComputeOdometry, relative to Play start)",-5.8573,-0.2132,2.9595,0.0278,0.1549
1790756487736433016,25.050,odom,"ideal odometry /chassis/odom (IsaacComputeOdometry, relative to Play start)",-5.8574,-0.2132,2.9621,0.0280,0.1534
1790756487782593756,25.067,odom,"ideal odometry /chassis/odom (IsaacComputeOdometry, relative to Play start)",-5.8575,-0.2132,2.9647,0.0283,0.1549
1790756487820227152,25.083,odom,"ideal odometry /chassis/odom (IsaacComputeOdometry, relative to Play start)",-5.8577,-0.2132,2.9672,0.0280,0.1549
1790756487862971277,25.100,odom,"ideal odometry /chassis/odom (IsaacComputeOdometry, relative to Play start)",-5.8578,-0.2131,2.9697,0.0259,0.1425
1790756487896955714,25.117,odom,"ideal odometry /chassis/odom (IsaacComputeOdometry, relative to Play start)",-5.8579,-0.2131,2.9718,0.0215,0.1173
1790756487946821236,25.133,odom,"ideal odometry /chassis/odom (IsaacComputeOdometry, relative to Play start)",-5.8580,-0.2131,2.9735,0.0160,0.0880
1790756487986673126,25.150,odom,"ideal odometry /chassis/odom (IsaacComputeOdometry, relative to Play start)",-5.8581,-0.2131,2.9746,0.0100,0.0533
1790756488034964476,25.167,odom,"ideal odometry /chassis/odom (IsaacComputeOdometry, relative to Play start)",-5.8581,-0.2131,2.9753,0.0060,0.0293
1790756488075837776,25.183,odom,"ideal odometry /chassis/odom (IsaacComputeOdometry, relative to Play start)",-5.8582,-0.2131,2.9757,0.0035,0.0153
1790756488125123757,25.200,odom,"ideal odometry /chassis/odom (IsaacComputeOdometry, relative to Play start)",-5.8582,-0.2131,2.9758,0.0015,0.0076
1790756488164066448,25.217,odom,"ideal odometry /chassis/odom (IsaacComputeOdometry, relative to Play start)",-5.8582,-0.2131,2.9759,0.0007,0.0039
1790756488216785263,25.233,odom,"ideal odometry /chassis/odom (IsaacComputeOdometry, relative to Play start)",-5.8582,-0.2131,2.9759,0.0003,0.0015
1790756488257327208,25.250,odom,"ideal odometry /chassis/odom (IsaacComputeOdometry, relative to Play start)",-5.8582,-0.2131,2.9760,0.0005,0.0003
1790756488304052685,25.267,odom,"ideal odometry /chassis/odom (IsaacComputeOdometry, relative to Play start)",-5.8582,-0.2131,2.9759,0.0006,0.0007
1790756488350400979,25.283,odom,"ideal odometry /chassis/odom (IsaacComputeOdometry, relative to Play start)",-5.8582,-0.2131,2.9759,0.0006,0.0011
1790756488390832787,25.300,odom,"ideal odometry /chassis/odom (IsaacComputeOdometry, relative to Play start)",-5.8582,-0.2131,2.9759,0.0006,0.0013
1790756488423393548,25.317,odom,"ideal odometry /chassis/odom (IsaacComputeOdometry, relative to Play start)",-5.8582,-0.2131,2.9759,0.0007,0.0012
1790756488471499419,25.333,odom,"ideal odometry /chassis/odom (IsaacComputeOdometry, relative to Play start)",-5.8582,-0.2131,2.9758,0.0006,0.0013
1790756488508693302,25.350,odom,"ideal odometry /chassis/odom (IsaacComputeOdometry, relative to Play start)",-5.8582,-0.2131,2.9758,0.0006,0.0009
1790756488555009064,25.367,odom,"ideal odometry /chassis/odom (IsaacComputeOdometry, relative to Play start)",-5.8582,-0.2131,2.9758,0.0006,0.0007
1790756488590703364,25.383,odom,"ideal odometry /chassis/odom (IsaacComputeOdometry, relative to Play start)",-5.8582,-0.2131,2.9758,0.0005,0.0006
1790756488638895044,25.400,odom,"ideal odometry /chassis/odom (IsaacComputeOdometry, relative to Play start)",-5.8582,-0.2131,2.9758,0.0005,0.0004
1790756488676625187,25.417,odom,"ideal odometry /chassis/odom (IsaacComputeOdometry, relative to Play start)",-5.8582,-0.2131,2.9757,0.0005,0.0002
1790756488725568026,25.433,odom,"ideal odometry /chassis/odom (IsaacComputeOdometry, relative to Play start)",-5.8582,-0.2131,2.9757,0.0005,0.0000
1790756488761795662,25.450,odom,"ideal odometry /chassis/odom (IsaacComputeOdometry, relative to Play start)",-5.8582,-0.2131,2.9757,0.0005,0.0000
1790756488808430144,25.467,odom,"ideal odometry /chassis/odom (IsaacComputeOdometry, relative to Play start)",-5.8582,-0.2131,2.9757,0.0005,0.0002
1790756488844549906,25.483,odom,"ideal odometry /chassis/odom (IsaacComputeOdometry, relative to Play start)",-5.8582,-0.2131,2.9757,0.0005,0.0001
1790756488892801181,25.500,odom,"ideal odometry /chassis/odom (IsaacComputeOdometry, relative to Play start)",-5.8582,-0.2131,2.9757,0.0005,0.0002
1790756488931167914,25.517,odom,"ideal odometry /chassis/odom (IsaacComputeOdometry, relative to Play start)",-5.8582,-0.2131,2.9757,0.0005,0.0001
1790756488988974733,25.533,odom,"ideal odometry /chassis/odom (IsaacComputeOdometry, relative to Play start)",-5.8582,-0.2131,2.9757,0.0005,0.0000
1790756489023264970,25.550,odom,"ideal odometry /chassis/odom (IsaacComputeOdometry, relative to Play start)",-5.8582,-0.2131,2.9757,0.0005,0.0000
1790756489069165078,25.567,odom,"ideal odometry /chassis/odom (IsaacComputeOdometry, relative to Play start)",-5.8582,-0.2131,2.9757,0.0005,0.0002
1790756489107340673,25.583,odom,"ideal odometry /chassis/odom (IsaacComputeOdometry, relative to Play start)",-5.8582,-0.2131,2.9757,0.0005,0.0001
1790756489153617869,25.600,odom,"ideal odometry /chassis/odom (IsaacComputeOdometry, relative to Play start)",-5.8582,-0.2131,2.9757,0.0005,0.0003
1790756489186741103,25.617,odom,"ideal odometry /chassis/odom (IsaacComputeOdometry, relative to Play start)",-5.8582,-0.2131,2.9757,0.0005,0.0003
1790756489237422283,25.633,odom,"ideal odometry /chassis/odom (IsaacComputeOdometry, relative to Play start)",-5.8582,-0.2131,2.9757,0.0005,0.0004
1790756489271471595,25.650,odom,"ideal odometry /chassis/odom (IsaacComputeOdometry, relative to Play start)",-5.8582,-0.2131,2.9757,0.0005,0.0004
1790756489320859227,25.667,odom,"ideal odometry /chassis/odom (IsaacComputeOdometry, relative to Play start)",-5.8582,-0.2131,2.9757,0.0005,0.0002
1790756489358401533,25.683,odom,"ideal odometry /chassis/odom (IsaacComputeOdometry, relative to Play start)",-5.8582,-0.2131,2.9757,0.0005,0.0003
1790756489419907099,25.700,odom,"ideal odometry /chassis/odom (IsaacComputeOdometry, relative to Play start)",-5.8582,-0.2131,2.9757,0.0005,0.0004
1790756489455682210,25.717,odom,"ideal odometry /chassis/odom (IsaacComputeOdometry, relative to Play start)",-5.8582,-0.2131,2.9757,0.0005,0.0004
1790756489513658196,25.733,odom,"ideal odometry /chassis/odom (IsaacComputeOdometry, relative to Play start)",-5.8582,-0.2131,2.9757,0.0005,0.0003
1790756489547146543,25.750,odom,"ideal odometry /chassis/odom (IsaacComputeOdometry, relative to Play start)",-5.8582,-0.2131,2.9757,0.0004,0.0005
1790756489603537890,25.767,odom,"ideal odometry /chassis/odom (IsaacComputeOdometry, relative to Play start)",-5.8582,-0.2131,2.9757,0.0004,0.0004
1790756489650554646,25.783,odom,"ideal odometry /chassis/odom (IsaacComputeOdometry, relative to Play start)",-5.8582,-0.2131,2.9757,0.0004,0.0004
1790756489691744120,25.800,odom,"ideal odometry /chassis/odom (IsaacComputeOdometry, relative to Play start)",-5.8582,-0.2131,2.9757,0.0004,0.0004
1790756489733216763,25.817,odom,"ideal odometry /chassis/odom (IsaacComputeOdometry, relative to Play start)",-5.8582,-0.2131,2.9757,0.0005,0.0004
1790756489785276828,25.833,odom,"ideal odometry /chassis/odom (IsaacComputeOdometry, relative to Play start)",-5.8582,-0.2131,2.9757,0.0005,0.0003
1790756489823425078,25.850,odom,"ideal odometry /chassis/odom (IsaacComputeOdometry, relative to Play start)",-5.8582,-0.2131,2.9757,0.0005,0.0004
1790756489874044305,25.867,odom,"ideal odometry /chassis/odom (IsaacComputeOdometry, relative to Play start)",-5.8582,-0.2131,2.9757,0.0005,0.0005
1790756489909262695,25.883,odom,"ideal odometry /chassis/odom (IsaacComputeOdometry, relative to Play start)",-5.8582,-0.2131,2.9757,0.0004,0.0005
1790756489959572727,25.900,odom,"ideal odometry /chassis/odom (IsaacComputeOdometry, relative to Play start)",-5.8582,-0.2131,2.9757,0.0004,0.0005
1790756489998646489,25.917,odom,"ideal odometry /chassis/odom (IsaacComputeOdometry, relative to Play start)",-5.8582,-0.2131,2.9757,0.0005,0.0005
1790756490054960796,25.933,odom,"ideal odometry /chassis/odom (IsaacComputeOdometry, relative to Play start)",-5.8582,-0.2131,2.9757,0.0005,0.0004
1790756490088833493,25.950,odom,"ideal odometry /chassis/odom (IsaacComputeOdometry, relative to Play start)",-5.8582,-0.2131,2.9757,0.0004,0.0004
1790756490137491747,25.967,odom,"ideal odometry /chassis/odom (IsaacComputeOdometry, relative to Play start)",-5.8582,-0.2131,2.9757,0.0004,0.0005
1790756490175312037,25.983,odom,"ideal odometry /chassis/odom (IsaacComputeOdometry, relative to Play start)",-5.8582,-0.2131,2.9757,0.0004,0.0004
1790756490221413843,26.000,odom,"ideal odometry /chassis/odom (IsaacComputeOdometry, relative to Play start)",-5.8582,-0.2131,2.9757,0.0004,0.0004
1790756490260781052,26.017,odom,"ideal odometry /chassis/odom (IsaacComputeOdometry, relative to Play start)",-5.8582,-0.2131,2.9757,0.0005,0.0004
1790756490317775892,26.033,odom,"ideal odometry /chassis/odom (IsaacComputeOdometry, relative to Play start)",-5.8582,-0.2131,2.9757,0.0005,0.0006
1790756490352714035,26.050,odom,"ideal odometry /chassis/odom (IsaacComputeOdometry, relative to Play start)",-5.8582,-0.2131,2.9757,0.0004,0.0005
1790756490399324848,26.067,odom,"ideal odometry /chassis/odom (IsaacComputeOdometry, relative to Play start)",-5.8582,-0.2131,2.9757,0.0004,0.0005
1790756490437463008,26.083,odom,"ideal odometry /chassis/odom (IsaacComputeOdometry, relative to Play start)",-5.8582,-0.2131,2.9757,0.0004,0.0004
1790756490486612732,26.100,odom,"ideal odometry /chassis/odom (IsaacComputeOdometry, relative to Play start)",-5.8582,-0.2131,2.9757,0.0005,0.0003
1790756490537050818,26.117,odom,"ideal odometry /chassis/odom (IsaacComputeOdometry, relative to Play start)",-5.8582,-0.2131,2.9757,0.0004,0.0005
1790756490583581008,26.133,odom,"ideal odometry /chassis/odom (IsaacComputeOdometry, relative to Play start)",-5.8582,-0.2131,2.9757,0.0005,0.0005
1790756490622378672,26.150,odom,"ideal odometry /chassis/odom (IsaacComputeOdometry, relative to Play start)",-5.8582,-0.2131,2.9757,0.0005,0.0003
1790756490668569776,26.167,odom,"ideal odometry /chassis/odom (IsaacComputeOdometry, relative to Play start)",-5.8582,-0.2131,2.9757,0.0005,0.0003
1790756490709024403,26.183,odom,"ideal odometry /chassis/odom (IsaacComputeOdometry, relative to Play start)",-5.8582,-0.2131,2.9757,0.0004,0.0004
1790756490755418525,26.200,odom,"ideal odometry /chassis/odom (IsaacComputeOdometry, relative to Play start)",-5.8582,-0.2131,2.9757,0.0005,0.0004
1790756490793195722,26.217,odom,"ideal odometry /chassis/odom (IsaacComputeOdometry, relative to Play start)",-5.8582,-0.2131,2.9757,0.0005,0.0003
1790756490841588157,26.233,odom,"ideal odometry /chassis/odom (IsaacComputeOdometry, relative to Play start)",-5.8582,-0.2131,2.9757,0.0005,0.0004
1790756490889175968,26.250,odom,"ideal odometry /chassis/odom (IsaacComputeOdometry, relative to Play start)",-5.8582,-0.2131,2.9757,0.0004,0.0004
1790756490937341999,26.267,odom,"ideal odometry /chassis/odom (IsaacComputeOdometry, relative to Play start)",-5.8582,-0.2131,2.9757,0.0005,0.0004
1790756490992114856,26.283,odom,"ideal odometry /chassis/odom (IsaacComputeOdometry, relative to Play start)",-5.8582,-0.2131,2.9757,0.0004,0.0005
1790756491030978244,26.300,odom,"ideal odometry /chassis/odom (IsaacComputeOdometry, relative to Play start)",-5.8582,-0.2131,2.9757,0.0004,0.0004
1790756491070043614,26.317,odom,"ideal odometry /chassis/odom (IsaacComputeOdometry, relative to Play start)",-5.8582,-0.2131,2.9757,0.0004,0.0004
1790756491125742171,26.333,odom,"ideal odometry /chassis/odom (IsaacComputeOdometry, relative to Play start)",-5.8582,-0.2131,2.9757,0.0005,0.0003
1790756491162749349,26.350,odom,"ideal odometry /chassis/odom (IsaacComputeOdometry, relative to Play start)",-5.8582,-0.2131,2.9757,0.0004,0.0004
1790756491209249082,26.367,odom,"ideal odometry /chassis/odom (IsaacComputeOdometry, relative to Play start)",-5.8582,-0.2131,2.9757,0.0005,0.0006
1790756491263187705,26.383,odom,"ideal odometry /chassis/odom (IsaacComputeOdometry, relative to Play start)",-5.8582,-0.2131,2.9757,0.0005,0.0004
1790756491300862308,26.400,odom,"ideal odometry /chassis/odom (IsaacComputeOdometry, relative to Play start)",-5.8582,-0.2131,2.9757,0.0004,0.0005
1790756491342025378,26.417,odom,"ideal odometry /chassis/odom (IsaacComputeOdometry, relative to Play start)",-5.8582,-0.2131,2.9757,0.0005,0.0003
1790756491391471190,26.433,odom,"ideal odometry /chassis/odom (IsaacComputeOdometry, relative to Play start)",-5.8582,-0.2131,2.9757,0.0005,0.0003
1790756491432260567,26.450,odom,"ideal odometry /chassis/odom (IsaacComputeOdometry, relative to Play start)",-5.8582,-0.2131,2.9757,0.0004,0.0005
1790756491486812961,26.467,odom,"ideal odometry /chassis/odom (IsaacComputeOdometry, relative to Play start)",-5.8582,-0.2131,2.9757,0.0005,0.0005
1790756491531702124,26.483,odom,"ideal odometry /chassis/odom (IsaacComputeOdometry, relative to Play start)",-5.8582,-0.2131,2.9757,0.0005,0.0004
1790756491574925272,26.500,odom,"ideal odometry /chassis/odom (IsaacComputeOdometry, relative to Play start)",-5.8582,-0.2131,2.9757,0.0004,0.0005
1790756491617271847,26.517,odom,"ideal odometry /chassis/odom (IsaacComputeOdometry, relative to Play start)",-5.8582,-0.2131,2.9757,0.0004,0.0005
1790756491678097259,26.533,odom,"ideal odometry /chassis/odom (IsaacComputeOdometry, relative to Play start)",-5.8582,-0.2131,2.9757,0.0005,0.0004
1790756491714274824,26.550,odom,"ideal odometry /chassis/odom (IsaacComputeOdometry, relative to Play start)",-5.8582,-0.2131,2.9757,0.0005,0.0004
1790756491764586553,26.567,odom,"ideal odometry /chassis/odom (IsaacComputeOdometry, relative to Play start)",-5.8582,-0.2131,2.9757,0.0005,0.0005
1790756491797606345,26.583,odom,"ideal odometry /chassis/odom (IsaacComputeOdometry, relative to Play start)",-5.8582,-0.2131,2.9757,0.0004,0.0004
1790756491845355119,26.600,odom,"ideal odometry /chassis/odom (IsaacComputeOdometry, relative to Play start)",-5.8582,-0.2131,2.9757,0.0004,0.0005
1790756491884188615,26.617,odom,"ideal odometry /chassis/odom (IsaacComputeOdometry, relative to Play start)",-5.8582,-0.2131,2.9757,0.0005,0.0004
1790756491934534762,26.633,odom,"ideal odometry /chassis/odom (IsaacComputeOdometry, relative to Play start)",-5.8582,-0.2131,2.9757,0.0005,0.0004
1790756491972243029,26.650,odom,"ideal odometry /chassis/odom (IsaacComputeOdometry, relative to Play start)",-5.8582,-0.2131,2.9757,0.0005,0.0005
1790756492028631170,26.667,odom,"ideal odometry /chassis/odom (IsaacComputeOdometry, relative to Play start)",-5.8582,-0.2131,2.9757,0.0005,0.0004
1790756492065879368,26.683,odom,"ideal odometry /chassis/odom (IsaacComputeOdometry, relative to Play start)",-5.8582,-0.2131,2.9757,0.0004,0.0004
1790756492112202862,26.700,odom,"ideal odometry /chassis/odom (IsaacComputeOdometry, relative to Play start)",-5.8582,-0.2131,2.9757,0.0005,0.0005
1790756492152026086,26.717,odom,"ideal odometry /chassis/odom (IsaacComputeOdometry, relative to Play start)",-5.8582,-0.2131,2.9757,0.0005,0.0003
1790756492200498767,26.733,odom,"ideal odometry /chassis/odom (IsaacComputeOdometry, relative to Play start)",-5.8582,-0.2131,2.9757,0.0005,0.0004
1790756492235455297,26.750,odom,"ideal odometry /chassis/odom (IsaacComputeOdometry, relative to Play start)",-5.8582,-0.2131,2.9757,0.0004,0.0005
1790756492285813609,26.767,odom,"ideal odometry /chassis/odom (IsaacComputeOdometry, relative to Play start)",-5.8582,-0.2131,2.9757,0.0004,0.0004
1790756492333423296,26.783,odom,"ideal odometry /chassis/odom (IsaacComputeOdometry, relative to Play start)",-5.8582,-0.2131,2.9757,0.0004,0.0004
1790756492369428677,26.800,odom,"ideal odometry /chassis/odom (IsaacComputeOdometry, relative to Play start)",-5.8582,-0.2131,2.9757,0.0005,0.0004
1790756492407422659,26.817,odom,"ideal odometry /chassis/odom (IsaacComputeOdometry, relative to Play start)",-5.8582,-0.2131,2.9757,0.0004,0.0004
1790756492455806797,26.833,odom,"ideal odometry /chassis/odom (IsaacComputeOdometry, relative to Play start)",-5.8582,-0.2131,2.9757,0.0005,0.0004
1790756492495477733,26.850,odom,"ideal odometry /chassis/odom (IsaacComputeOdometry, relative to Play start)",-5.8582,-0.2131,2.9757,0.0005,0.0004
1790756492542449510,26.867,odom,"ideal odometry /chassis/odom (IsaacComputeOdometry, relative to Play start)",-5.8582,-0.2131,2.9757,0.0005,0.0004
1790756492577762855,26.883,odom,"ideal odometry /chassis/odom (IsaacComputeOdometry, relative to Play start)",-5.8582,-0.2131,2.9757,0.0004,0.0004
1790756492625048449,26.900,odom,"ideal odometry /chassis/odom (IsaacComputeOdometry, relative to Play start)",-5.8582,-0.2131,2.9757,0.0004,0.0004
1790756492675295302,26.917,odom,"ideal odometry /chassis/odom (IsaacComputeOdometry, relative to Play start)",-5.8582,-0.2131,2.9757,0.0005,0.0004
1790756492723503296,26.933,odom,"ideal odometry /chassis/odom (IsaacComputeOdometry, relative to Play start)",-5.8582,-0.2131,2.9757,0.0005,0.0004
1790756492762681065,26.950,odom,"ideal odometry /chassis/odom (IsaacComputeOdometry, relative to Play start)",-5.8582,-0.2131,2.9757,0.0005,0.0005
1790756492813097274,26.967,odom,"ideal odometry /chassis/odom (IsaacComputeOdometry, relative to Play start)",-5.8582,-0.2131,2.9757,0.0004,0.0005
1790756492847221080,26.983,odom,"ideal odometry /chassis/odom (IsaacComputeOdometry, relative to Play start)",-5.8582,-0.2131,2.9757,0.0005,0.0004
1790756492898520745,27.000,odom,"ideal odometry /chassis/odom (IsaacComputeOdometry, relative to Play start)",-5.8582,-0.2131,2.9757,0.0005,0.0005
1790756492939164058,27.017,odom,"ideal odometry /chassis/odom (IsaacComputeOdometry, relative to Play start)",-5.8582,-0.2131,2.9757,0.0005,0.0005
1790756492998831047,27.033,odom,"ideal odometry /chassis/odom (IsaacComputeOdometry, relative to Play start)",-5.8582,-0.2131,2.9757,0.0004,0.0004
1790756493036584387,27.050,odom,"ideal odometry /chassis/odom (IsaacComputeOdometry, relative to Play start)",-5.8582,-0.2131,2.9757,0.0004,0.0005
1790756493084382194,27.067,odom,"ideal odometry /chassis/odom (IsaacComputeOdometry, relative to Play start)",-5.8582,-0.2131,2.9757,0.0005,0.0003
1790756493120757497,27.083,odom,"ideal odometry /chassis/odom (IsaacComputeOdometry, relative to Play start)",-5.8582,-0.2131,2.9757,0.0005,0.0004
1790756493172496768,27.100,odom,"ideal odometry /chassis/odom (IsaacComputeOdometry, relative to Play start)",-5.8582,-0.2131,2.9757,0.0005,0.0004
1790756493208175321,27.117,odom,"ideal odometry /chassis/odom (IsaacComputeOdometry, relative to Play start)",-5.8582,-0.2131,2.9757,0.0005,0.0003
1790756493255378216,27.133,odom,"ideal odometry /chassis/odom (IsaacComputeOdometry, relative to Play start)",-5.8582,-0.2131,2.9757,0.0005,0.0005
1790756493291910427,27.150,odom,"ideal odometry /chassis/odom (IsaacComputeOdometry, relative to Play start)",-5.8582,-0.2131,2.9757,0.0004,0.0005
1790756493340910033,27.167,odom,"ideal odometry /chassis/odom (IsaacComputeOdometry, relative to Play start)",-5.8582,-0.2131,2.9757,0.0004,0.0005
1790756493379272334,27.183,odom,"ideal odometry /chassis/odom (IsaacComputeOdometry, relative to Play start)",-5.8582,-0.2131,2.9757,0.0005,0.0005
1790756493423208639,27.200,odom,"ideal odometry /chassis/odom (IsaacComputeOdometry, relative to Play start)",-5.8582,-0.2131,2.9757,0.0004,0.0006
1790756493458841458,27.217,odom,"ideal odometry /chassis/odom (IsaacComputeOdometry, relative to Play start)",-5.8582,-0.2131,2.9757,0.0005,0.0004
1790756493507449642,27.233,odom,"ideal odometry /chassis/odom (IsaacComputeOdometry, relative to Play start)",-5.8582,-0.2131,2.9757,0.0004,0.0004
1790756493543185809,27.250,odom,"ideal odometry /chassis/odom (IsaacComputeOdometry, relative to Play start)",-5.8582,-0.2131,2.9757,0.0004,0.0004
1790756493590092051,27.267,odom,"ideal odometry /chassis/odom (IsaacComputeOdometry, relative to Play start)",-5.8582,-0.2131,2.9757,0.0004,0.0005
1790756493637809990,27.283,odom,"ideal odometry /chassis/odom (IsaacComputeOdometry, relative to Play start)",-5.8582,-0.2131,2.9757,0.0005,0.0004
1790756493675316369,27.300,odom,"ideal odometry /chassis/odom (IsaacComputeOdometry, relative to Play start)",-5.8582,-0.2131,2.9757,0.0005,0.0004
1790756493715798273,27.317,odom,"ideal odometry /chassis/odom (IsaacComputeOdometry, relative to Play start)",-5.8582,-0.2131,2.9757,0.0004,0.0005
1790756493764656027,27.333,odom,"ideal odometry /chassis/odom (IsaacComputeOdometry, relative to Play start)",-5.8582,-0.2131,2.9757,0.0004,0.0003
1790756493802207904,27.350,odom,"ideal odometry /chassis/odom (IsaacComputeOdometry, relative to Play start)",-5.8582,-0.2131,2.9757,0.0004,0.0003
1790756493848797061,27.367,odom,"ideal odometry /chassis/odom (IsaacComputeOdometry, relative to Play start)",-5.8582,-0.2131,2.9757,0.0005,0.0004
1790756493886935371,27.383,odom,"ideal odometry /chassis/odom (IsaacComputeOdometry, relative to Play start)",-5.8582,-0.2131,2.9757,0.0005,0.0005
1790756493934483094,27.400,odom,"ideal odometry /chassis/odom (IsaacComputeOdometry, relative to Play start)",-5.8582,-0.2131,2.9757,0.0004,0.0003
1790756493972475688,27.417,odom,"ideal odometry /chassis/odom (IsaacComputeOdometry, relative to Play start)",-5.8582,-0.2131,2.9757,0.0005,0.0004
1790756494021446745,27.433,odom,"ideal odometry /chassis/odom (IsaacComputeOdometry, relative to Play start)",-5.8582,-0.2131,2.9757,0.0004,0.0005
1790756494062052449,27.450,odom,"ideal odometry /chassis/odom (IsaacComputeOdometry, relative to Play start)",-5.8582,-0.2131,2.9757,0.0005,0.0004
1790756494111492408,27.467,odom,"ideal odometry /chassis/odom (IsaacComputeOdometry, relative to Play start)",-5.8582,-0.2131,2.9757,0.0005,0.0004
1790756494146905526,27.483,odom,"ideal odometry /chassis/odom (IsaacComputeOdometry, relative to Play start)",-5.8582,-0.2131,2.9757,0.0004,0.0003
1790756494197181072,27.500,odom,"ideal odometry /chassis/odom (IsaacComputeOdometry, relative to Play start)",-5.8582,-0.2131,2.9757,0.0004,0.0005
1790756494231792049,27.517,odom,"ideal odometry /chassis/odom (IsaacComputeOdometry, relative to Play start)",-5.8582,-0.2131,2.9757,0.0004,0.0004
1790756494292204083,27.533,odom,"ideal odometry /chassis/odom (IsaacComputeOdometry, relative to Play start)",-5.8582,-0.2131,2.9757,0.0004,0.0004
1790756494331329519,27.550,odom,"ideal odometry /chassis/odom (IsaacComputeOdometry, relative to Play start)",-5.8582,-0.2131,2.9757,0.0004,0.0005
1790756494380013843,27.567,odom,"ideal odometry /chassis/odom (IsaacComputeOdometry, relative to Play start)",-5.8582,-0.2131,2.9757,0.0005,0.0004
1790756494420414079,27.583,odom,"ideal odometry /chassis/odom (IsaacComputeOdometry, relative to Play start)",-5.8582,-0.2131,2.9757,0.0005,0.0004
1790756494468459546,27.600,odom,"ideal odometry /chassis/odom (IsaacComputeOdometry, relative to Play start)",-5.8582,-0.2131,2.9757,0.0005,0.0005
1790756494511540537,27.617,odom,"ideal odometry /chassis/odom (IsaacComputeOdometry, relative to Play start)",-5.8582,-0.2131,2.9757,0.0004,0.0004
1790756494559584971,27.633,odom,"ideal odometry /chassis/odom (IsaacComputeOdometry, relative to Play start)",-5.8582,-0.2131,2.9757,0.0005,0.0004
1790756494607462832,27.650,odom,"ideal odometry /chassis/odom (IsaacComputeOdometry, relative to Play start)",-5.8582,-0.2131,2.9757,0.0005,0.0004
1790756494653289871,27.667,odom,"ideal odometry /chassis/odom (IsaacComputeOdometry, relative to Play start)",-5.8582,-0.2131,2.9757,0.0004,0.0004
1790756494690504751,27.683,odom,"ideal odometry /chassis/odom (IsaacComputeOdometry, relative to Play start)",-5.8582,-0.2131,2.9757,0.0005,0.0004
1790756494738372184,27.700,odom,"ideal odometry /chassis/odom (IsaacComputeOdometry, relative to Play start)",-5.8582,-0.2131,2.9757,0.0004,0.0004
1790756494780738031,27.717,odom,"ideal odometry /chassis/odom (IsaacComputeOdometry, relative to Play start)",-5.8582,-0.2131,2.9757,0.0005,0.0004
1790756494830247513,27.733,odom,"ideal odometry /chassis/odom (IsaacComputeOdometry, relative to Play start)",-5.8582,-0.2131,2.9757,0.0005,0.0004
1790756494868815453,27.750,odom,"ideal odometry /chassis/odom (IsaacComputeOdometry, relative to Play start)",-5.8582,-0.2131,2.9757,0.0005,0.0004
1790756433989927158,7.750,map,sim_state_odom_plus_spawn (independent of AMCL),-6.0085,-1.0000,3.1416,,
1790756434049775791,7.767,map,sim_state_odom_plus_spawn (independent of AMCL),-6.0085,-1.0000,3.1416,,
1790756434126152098,7.783,map,sim_state_odom_plus_spawn (independent of AMCL),-6.0085,-1.0000,3.1416,,
1790756434197547341,7.800,map,sim_state_odom_plus_spawn (independent of AMCL),-6.0086,-1.0000,3.1416,,
1790756434246122113,7.817,map,sim_state_odom_plus_spawn (independent of AMCL),-6.0086,-1.0000,3.1416,,
1790756434300935078,7.833,map,sim_state_odom_plus_spawn (independent of AMCL),-6.0086,-1.0000,3.1416,,
1790756434356297717,7.850,map,sim_state_odom_plus_spawn (independent of AMCL),-6.0086,-1.0000,3.1416,,
1790756434426760770,7.867,map,sim_state_odom_plus_spawn (independent of AMCL),-6.0086,-1.0000,3.1416,,
1790756434472511202,7.883,map,sim_state_odom_plus_spawn (independent of AMCL),-6.0087,-1.0000,3.1416,,
1790756434534633386,7.900,map,sim_state_odom_plus_spawn (independent of AMCL),-6.0087,-1.0000,3.1416,,
1790756434600970765,7.917,map,sim_state_odom_plus_spawn (independent of AMCL),-6.0087,-1.0000,3.1416,,
1790756434666985156,7.933,map,sim_state_odom_plus_spawn (independent of AMCL),-6.0087,-1.0000,3.1416,,
1790756434734868015,7.950,map,sim_state_odom_plus_spawn (independent of AMCL),-6.0087,-1.0000,3.1416,,
1790756434796390654,7.967,map,sim_state_odom_plus_spawn (independent of AMCL),-6.0087,-1.0000,3.1416,,
1790756434860912221,7.983,map,sim_state_odom_plus_spawn (independent of AMCL),-6.0088,-1.0000,3.1416,,
1790756434927615772,8.000,map,sim_state_odom_plus_spawn (independent of AMCL),-6.0088,-1.0000,3.1416,,
1790756434993152180,8.017,map,sim_state_odom_plus_spawn (independent of AMCL),-6.0088,-1.0000,3.1416,,
1790756435073649981,8.033,map,sim_state_odom_plus_spawn (independent of AMCL),-6.0088,-1.0000,3.1416,,
1790756435138905934,8.050,map,sim_state_odom_plus_spawn (independent of AMCL),-6.0088,-1.0000,3.1416,,
1790756435188333774,8.067,map,sim_state_odom_plus_spawn (independent of AMCL),-6.0089,-1.0000,3.1416,,
1790756435258151221,8.083,map,sim_state_odom_plus_spawn (independent of AMCL),-6.0089,-1.0000,3.1416,,
1790756435312892215,8.100,map,sim_state_odom_plus_spawn (independent of AMCL),-6.0089,-1.0000,3.1416,,
1790756435365736509,8.117,map,sim_state_odom_plus_spawn (independent of AMCL),-6.0089,-1.0000,3.1416,,
1790756435435806645,8.133,map,sim_state_odom_plus_spawn (independent of AMCL),-6.0089,-1.0000,3.1416,,
1790756435488067275,8.150,map,sim_state_odom_plus_spawn (independent of AMCL),-6.0089,-1.0000,3.1416,,
1790756435538591680,8.167,map,sim_state_odom_plus_spawn (independent of AMCL),-6.0090,-1.0000,3.1416,,
1790756435580766485,8.183,map,sim_state_odom_plus_spawn (independent of AMCL),-6.0090,-1.0000,3.1416,,
1790756435642939652,8.200,map,sim_state_odom_plus_spawn (independent of AMCL),-6.0090,-1.0000,3.1416,,
1790756435698992845,8.217,map,sim_state_odom_plus_spawn (independent of AMCL),-6.0090,-1.0000,3.1416,,
1790756435755658304,8.233,map,sim_state_odom_plus_spawn (independent of AMCL),-6.0090,-1.0000,3.1416,,
1790756435804243941,8.250,map,sim_state_odom_plus_spawn (independent of AMCL),-6.0091,-1.0000,3.1416,,
1790756435865943305,8.267,map,sim_state_odom_plus_spawn (independent of AMCL),-6.0091,-1.0000,3.1416,,
1790756435944224669,8.283,map,sim_state_odom_plus_spawn (independent of AMCL),-6.0091,-1.0000,3.1416,,
1790756435988091961,8.300,map,sim_state_odom_plus_spawn (independent of AMCL),-6.0091,-1.0000,3.1416,,
1790756436027925238,8.317,map,sim_state_odom_plus_spawn (independent of AMCL),-6.0091,-1.0000,3.1416,,
1790756436080273999,8.333,map,sim_state_odom_plus_spawn (independent of AMCL),-6.0092,-1.0000,3.1416,,
1790756436131926913,8.350,map,sim_state_odom_plus_spawn (independent of AMCL),-6.0092,-1.0000,3.1416,,
1790756436189481566,8.367,map,sim_state_odom_plus_spawn (independent of AMCL),-6.0092,-1.0000,3.1416,,
1790756436240567254,8.383,map,sim_state_odom_plus_spawn (independent of AMCL),-6.0092,-1.0000,3.1416,,
1790756436297552451,8.400,map,sim_state_odom_plus_spawn (independent of AMCL),-6.0092,-1.0000,3.1416,,
1790756436357102241,8.417,map,sim_state_odom_plus_spawn (independent of AMCL),-6.0092,-1.0000,3.1416,,
1790756436412556912,8.433,map,sim_state_odom_plus_spawn (independent of AMCL),-6.0093,-1.0000,3.1416,,
1790756436464897686,8.450,map,sim_state_odom_plus_spawn (independent of AMCL),-6.0093,-1.0000,3.1416,,
1790756436521065104,8.467,map,sim_state_odom_plus_spawn (independent of AMCL),-6.0093,-1.0000,3.1416,,
1790756436566903109,8.483,map,sim_state_odom_plus_spawn (independent of AMCL),-6.0093,-1.0000,3.1416,,
1790756436619822068,8.500,map,sim_state_odom_plus_spawn (independent of AMCL),-6.0093,-1.0000,3.1416,,
1790756436673155117,8.517,map,sim_state_odom_plus_spawn (independent of AMCL),-6.0094,-1.0000,3.1416,,
1790756436730966731,8.533,map,sim_state_odom_plus_spawn (independent of AMCL),-6.0094,-1.0000,3.1416,,
1790756436767669861,8.550,map,sim_state_odom_plus_spawn (independent of AMCL),-6.0094,-1.0000,3.1416,,
1790756436828760672,8.567,map,sim_state_odom_plus_spawn (independent of AMCL),-6.0094,-1.0000,3.1416,,
1790756436879941455,8.583,map,sim_state_odom_plus_spawn (independent of AMCL),-6.0094,-1.0000,-3.1415,,
1790756436929265657,8.600,map,sim_state_odom_plus_spawn (independent of AMCL),-6.0094,-1.0000,-3.1413,,
1790756436970686018,8.617,map,sim_state_odom_plus_spawn (independent of AMCL),-6.0095,-1.0000,-3.1411,,
1790756437024521566,8.633,map,sim_state_odom_plus_spawn (independent of AMCL),-6.0095,-1.0000,-3.1407,,
1790756437059501843,8.650,map,sim_state_odom_plus_spawn (independent of AMCL),-6.0095,-1.0000,-3.1399,,
1790756437113188433,8.667,map,sim_state_odom_plus_spawn (independent of AMCL),-6.0095,-1.0000,-3.1389,,
1790756437155809740,8.683,map,sim_state_odom_plus_spawn (independent of AMCL),-6.0095,-1.0000,-3.1375,,
1790756437209934380,8.700,map,sim_state_odom_plus_spawn (independent of AMCL),-6.0096,-1.0000,-3.1360,,
1790756437246883327,8.717,map,sim_state_odom_plus_spawn (independent of AMCL),-6.0096,-1.0000,-3.1343,,
1790756437307587165,8.733,map,sim_state_odom_plus_spawn (independent of AMCL),-6.0096,-1.0000,-3.1326,,
1790756437343655927,8.750,map,sim_state_odom_plus_spawn (independent of AMCL),-6.0097,-1.0000,-3.1308,,
1790756437405520035,8.767,map,sim_state_odom_plus_spawn (independent of AMCL),-6.0097,-1.0000,-3.1290,,
1790756437449298454,8.783,map,sim_state_odom_plus_spawn (independent of AMCL),-6.0097,-1.0000,-3.1272,,
1790756437503963019,8.800,map,sim_state_odom_plus_spawn (independent of AMCL),-6.0098,-1.0000,-3.1253,,
1790756437547602974,8.817,map,sim_state_odom_plus_spawn (independent of AMCL),-6.0098,-1.0000,-3.1235,,
1790756437608814790,8.833,map,sim_state_odom_plus_spawn (independent of AMCL),-6.0099,-1.0000,-3.1216,,
1790756437646427638,8.850,map,sim_state_odom_plus_spawn (independent of AMCL),-6.0100,-1.0000,-3.1197,,
1790756437707793426,8.867,map,sim_state_odom_plus_spawn (independent of AMCL),-6.0100,-1.0000,-3.1178,,
1790756437741286358,8.883,map,sim_state_odom_plus_spawn (independent of AMCL),-6.0101,-1.0000,-3.1158,,
1790756437800760091,8.900,map,sim_state_odom_plus_spawn (independent of AMCL),-6.0102,-1.0000,-3.1138,,
1790756437838924378,8.917,map,sim_state_odom_plus_spawn (independent of AMCL),-6.0102,-1.0000,-3.1118,,
1790756437900887760,8.933,map,sim_state_odom_plus_spawn (independent of AMCL),-6.0103,-1.0000,-3.1098,,
1790756437940397956,8.950,map,sim_state_odom_plus_spawn (independent of AMCL),-6.0104,-1.0000,-3.1078,,
1790756437998361778,8.967,map,sim_state_odom_plus_spawn (independent of AMCL),-6.0105,-1.0000,-3.1057,,
1790756438037986292,8.983,map,sim_state_odom_plus_spawn (independent of AMCL),-6.0106,-1.0000,-3.1037,,
1790756438096576125,9.000,map,sim_state_odom_plus_spawn (independent of AMCL),-6.0107,-1.0001,-3.1016,,
1790756438136502826,9.017,map,sim_state_odom_plus_spawn (independent of AMCL),-6.0108,-1.0001,-3.0995,,
1790756438207869931,9.033,map,sim_state_odom_plus_spawn (independent of AMCL),-6.0109,-1.0001,-3.0974,,
1790756438243912411,9.050,map,sim_state_odom_plus_spawn (independent of AMCL),-6.0110,-1.0001,-3.0952,,
1790756438303582463,9.067,map,sim_state_odom_plus_spawn (independent of AMCL),-6.0111,-1.0001,-3.0931,,
1790756438341715639,9.083,map,sim_state_odom_plus_spawn (independent of AMCL),-6.0112,-1.0001,-3.0909,,
1790756438401736911,9.100,map,sim_state_odom_plus_spawn (independent of AMCL),-6.0113,-1.0001,-3.0887,,
1790756438441087285,9.117,map,sim_state_odom_plus_spawn (independent of AMCL),-6.0115,-1.0001,-3.0864,,
1790756438505441878,9.133,map,sim_state_odom_plus_spawn (independent of AMCL),-6.0116,-1.0001,-3.0842,,
1790756438544678212,9.150,map,sim_state_odom_plus_spawn (independent of AMCL),-6.0117,-1.0001,-3.0819,,
1790756438604819282,9.167,map,sim_state_odom_plus_spawn (independent of AMCL),-6.0119,-1.0001,-3.0796,,
1790756438642288094,9.183,map,sim_state_odom_plus_spawn (independent of AMCL),-6.0120,-1.0001,-3.0772,,
1790756438704644114,9.200,map,sim_state_odom_plus_spawn (independent of AMCL),-6.0121,-1.0001,-3.0748,,
1790756438745190697,9.217,map,sim_state_odom_plus_spawn (independent of AMCL),-6.0123,-1.0001,-3.0724,,
1790756438809080588,9.233,map,sim_state_odom_plus_spawn (independent of AMCL),-6.0124,-1.0002,-3.0700,,
1790756438844693841,9.250,map,sim_state_odom_plus_spawn (independent of AMCL),-6.0126,-1.0002,-3.0676,,
1790756438904588629,9.267,map,sim_state_odom_plus_spawn (independent of AMCL),-6.0127,-1.0002,-3.0651,,
1790756438952408956,9.283,map,sim_state_odom_plus_spawn (independent of AMCL),-6.0129,-1.0002,-3.0626,,
1790756439009822266,9.300,map,sim_state_odom_plus_spawn (independent of AMCL),-6.0130,-1.0002,-3.0600,,
1790756439055940263,9.317,map,sim_state_odom_plus_spawn (independent of AMCL),-6.0132,-1.0002,-3.0574,,
1790756439117221543,9.333,map,sim_state_odom_plus_spawn (independent of AMCL),-6.0133,-1.0002,-3.0548,,
1790756439156420266,9.350,map,sim_state_odom_plus_spawn (independent of AMCL),-6.0135,-1.0003,-3.0522,,
1790756439215425582,9.367,map,sim_state_odom_plus_spawn (independent of AMCL),-6.0137,-1.0003,-3.0495,,
1790756439254605454,9.383,map,sim_state_odom_plus_spawn (independent of AMCL),-6.0138,-1.0003,-3.0467,,
1790756439314387409,9.400,map,sim_state_odom_plus_spawn (independent of AMCL),-6.0140,-1.0003,-3.0435,,
1790756439353081497,9.417,map,sim_state_odom_plus_spawn (independent of AMCL),-6.0142,-1.0003,-3.0397,,
1790756439410662060,9.433,map,sim_state_odom_plus_spawn (independent of AMCL),-6.0144,-1.0003,-3.0354,,
1790756439448522396,9.450,map,sim_state_odom_plus_spawn (independent of AMCL),-6.0145,-1.0004,-3.0304,,
1790756439510811831,9.467,map,sim_state_odom_plus_spawn (independent of AMCL),-6.0147,-1.0004,-3.0247,,
1790756439548251298,9.483,map,sim_state_odom_plus_spawn (independent of AMCL),-6.0149,-1.0004,-3.0183,,
1790756439615070931,9.500,map,sim_state_odom_plus_spawn (independent of AMCL),-6.0151,-1.0004,-3.0111,,
1790756439659182833,9.517,map,sim_state_odom_plus_spawn (independent of AMCL),-6.0153,-1.0005,-3.0032,,
1790756439731133416,9.533,map,sim_state_odom_plus_spawn (independent of AMCL),-6.0155,-1.0005,-2.9946,,
1790756439772516816,9.550,map,sim_state_odom_plus_spawn (independent of AMCL),-6.0157,-1.0006,-2.9853,,
1790756439832822258,9.567,map,sim_state_odom_plus_spawn (independent of AMCL),-6.0159,-1.0006,-2.9756,,
1790756439875306680,9.583,map,sim_state_odom_plus_spawn (independent of AMCL),-6.0161,-1.0006,-2.9656,,
1790756439935180759,9.600,map,sim_state_odom_plus_spawn (independent of AMCL),-6.0163,-1.0007,-2.9553,,
1790756439978534686,9.617,map,sim_state_odom_plus_spawn (independent of AMCL),-6.0165,-1.0007,-2.9447,,
1790756440042801800,9.633,map,sim_state_odom_plus_spawn (independent of AMCL),-6.0167,-1.0008,-2.9341,,
1790756440081687564,9.650,map,sim_state_odom_plus_spawn (independent of AMCL),-6.0169,-1.0008,-2.9233,,
1790756440144044885,9.667,map,sim_state_odom_plus_spawn (independent of AMCL),-6.0171,-1.0009,-2.9123,,
1790756440182604224,9.683,map,sim_state_odom_plus_spawn (independent of AMCL),-6.0173,-1.0009,-2.9013,,
1790756440248272038,9.700,map,sim_state_odom_plus_spawn (independent of AMCL),-6.0174,-1.0009,-2.8901,,
1790756440286588254,9.717,map,sim_state_odom_plus_spawn (independent of AMCL),-6.0175,-1.0010,-2.8789,,
1790756440348412709,9.733,map,sim_state_odom_plus_spawn (independent of AMCL),-6.0176,-1.0010,-2.8678,,
1790756440391130225,9.750,map,sim_state_odom_plus_spawn (independent of AMCL),-6.0177,-1.0010,-2.8569,,
1790756440451447461,9.767,map,sim_state_odom_plus_spawn (independent of AMCL),-6.0177,-1.0010,-2.8462,,
1790756440499581397,9.783,map,sim_state_odom_plus_spawn (independent of AMCL),-6.0178,-1.0011,-2.8356,,
1790756440551575780,9.800,map,sim_state_odom_plus_spawn (independent of AMCL),-6.0178,-1.0011,-2.8251,,
1790756440592339391,9.817,map,sim_state_odom_plus_spawn (independent of AMCL),-6.0177,-1.0011,-2.8147,,
1790756440657247281,9.833,map,sim_state_odom_plus_spawn (independent of AMCL),-6.0177,-1.0010,-2.8044,,
1790756440692885237,9.850,map,sim_state_odom_plus_spawn (independent of AMCL),-6.0176,-1.0010,-2.7940,,
1790756440755874976,9.867,map,sim_state_odom_plus_spawn (independent of AMCL),-6.0176,-1.0010,-2.7838,,
1790756440797502428,9.883,map,sim_state_odom_plus_spawn (independent of AMCL),-6.0175,-1.0010,-2.7735,,
1790756440856227381,9.900,map,sim_state_odom_plus_spawn (independent of AMCL),-6.0174,-1.0009,-2.7633,,
1790756440894912183,9.917,map,sim_state_odom_plus_spawn (independent of AMCL),-6.0173,-1.0009,-2.7532,,
1790756440956310103,9.933,map,sim_state_odom_plus_spawn (independent of AMCL),-6.0172,-1.0008,-2.7434,,
1790756441000175537,9.950,map,sim_state_odom_plus_spawn (independent of AMCL),-6.0171,-1.0008,-2.7338,,
1790756441061557206,9.967,map,sim_state_odom_plus_spawn (independent of AMCL),-6.0169,-1.0007,-2.7245,,
1790756441100144498,9.983,map,sim_state_odom_plus_spawn (independent of AMCL),-6.0168,-1.0007,-2.7153,,
1790756441164501320,10.000,map,sim_state_odom_plus_spawn (independent of AMCL),-6.0167,-1.0006,-2.7062,,
1790756441199958094,10.017,map,sim_state_odom_plus_spawn (independent of AMCL),-6.0166,-1.0006,-2.6972,,
1790756441275711454,10.033,map,sim_state_odom_plus_spawn (independent of AMCL),-6.0164,-1.0005,-2.6882,,
1790756441318159472,10.050,map,sim_state_odom_plus_spawn (independent of AMCL),-6.0163,-1.0004,-2.6793,,
1790756441377846333,10.067,map,sim_state_odom_plus_spawn (independent of AMCL),-6.0161,-1.0004,-2.6704,,
1790756441416633473,10.083,map,sim_state_odom_plus_spawn (independent of AMCL),-6.0160,-1.0003,-2.6615,,
1790756441476882824,10.100,map,sim_state_odom_plus_spawn (independent of AMCL),-6.0159,-1.0002,-2.6528,,
1790756441513689314,10.117,map,sim_state_odom_plus_spawn (independent of AMCL),-6.0157,-1.0001,-2.6443,,
1790756441579745309,10.133,map,sim_state_odom_plus_spawn (independent of AMCL),-6.0156,-1.0001,-2.6362,,
1790756441620868366,10.150,map,sim_state_odom_plus_spawn (independent of AMCL),-6.0155,-1.0000,-2.6282,,
1790756441686288611,10.167,map,sim_state_odom_plus_spawn (independent of AMCL),-6.0153,-0.9999,-2.6203,,
1790756441719785624,10.183,map,sim_state_odom_plus_spawn (independent of AMCL),-6.0152,-0.9998,-2.6126,,
1790756441786956974,10.200,map,sim_state_odom_plus_spawn (independent of AMCL),-6.0151,-0.9998,-2.6049,,
1790756441824233161,10.217,map,sim_state_odom_plus_spawn (independent of AMCL),-6.0149,-0.9997,-2.5972,,
1790756441893847745,10.233,map,sim_state_odom_plus_spawn (independent of AMCL),-6.0148,-0.9996,-2.5896,,
1790756441935771059,10.250,map,sim_state_odom_plus_spawn (independent of AMCL),-6.0147,-0.9995,-2.5820,,
1790756442001779384,10.267,map,sim_state_odom_plus_spawn (independent of AMCL),-6.0145,-0.9994,-2.5744,,
1790756442049975207,10.283,map,sim_state_odom_plus_spawn (independent of AMCL),-6.0144,-0.9994,-2.5668,,
1790756442103792036,10.300,map,sim_state_odom_plus_spawn (independent of AMCL),-6.0143,-0.9993,-2.5594,,
1790756442139701885,10.317,map,sim_state_odom_plus_spawn (independent of AMCL),-6.0141,-0.9992,-2.5522,,
1790756442201221643,10.333,map,sim_state_odom_plus_spawn (independent of AMCL),-6.0140,-0.9991,-2.5454,,
1790756442242140773,10.350,map,sim_state_odom_plus_spawn (independent of AMCL),-6.0139,-0.9990,-2.5387,,
1790756442300886197,10.367,map,sim_state_odom_plus_spawn (independent of AMCL),-6.0137,-0.9989,-2.5321,,
1790756442343302361,10.383,map,sim_state_odom_plus_spawn (independent of AMCL),-6.0136,-0.9988,-2.5257,,
1790756442405079756,10.400,map,sim_state_odom_plus_spawn (independent of AMCL),-6.0134,-0.9987,-2.5192,,
1790756442446724699,10.417,map,sim_state_odom_plus_spawn (independent of AMCL),-6.0133,-0.9986,-2.5123,,
1790756442512931928,10.433,map,sim_state_odom_plus_spawn (independent of AMCL),-6.0132,-0.9985,-2.5050,,
1790756442550370052,10.450,map,sim_state_odom_plus_spawn (independent of AMCL),-6.0130,-0.9984,-2.4972,,
1790756442612246148,10.467,map,sim_state_odom_plus_spawn (independent of AMCL),-6.0129,-0.9983,-2.4888,,
1790756442650865687,10.483,map,sim_state_odom_plus_spawn (independent of AMCL),-6.0127,-0.9982,-2.4798,,
1790756442712936747,10.500,map,sim_state_odom_plus_spawn (independent of AMCL),-6.0126,-0.9981,-2.4701,,
1790756442749232019,10.517,map,sim_state_odom_plus_spawn (independent of AMCL),-6.0124,-0.9979,-2.4600,,
1790756442825595919,10.533,map,sim_state_odom_plus_spawn (independent of AMCL),-6.0123,-0.9978,-2.4496,,
1790756442856838468,10.550,map,sim_state_odom_plus_spawn (independent of AMCL),-6.0121,-0.9977,-2.4390,,
1790756442922510627,10.567,map,sim_state_odom_plus_spawn (independent of AMCL),-6.0119,-0.9975,-2.4282,,
1790756442962054787,10.583,map,sim_state_odom_plus_spawn (independent of AMCL),-6.0117,-0.9974,-2.4173,,
1790756443024142360,10.600,map,sim_state_odom_plus_spawn (independent of AMCL),-6.0116,-0.9972,-2.4064,,
1790756443064959318,10.617,map,sim_state_odom_plus_spawn (independent of AMCL),-6.0114,-0.9970,-2.3955,,
1790756443129755642,10.633,map,sim_state_odom_plus_spawn (independent of AMCL),-6.0112,-0.9969,-2.3848,,
1790756443170208287,10.650,map,sim_state_odom_plus_spawn (independent of AMCL),-6.0111,-0.9967,-2.3744,,
1790756443233609657,10.667,map,sim_state_odom_plus_spawn (independent of AMCL),-6.0109,-0.9966,-2.3642,,
1790756443271607528,10.683,map,sim_state_odom_plus_spawn (independent of AMCL),-6.0107,-0.9964,-2.3540,,
1790756443333963808,10.700,map,sim_state_odom_plus_spawn (independent of AMCL),-6.0106,-0.9963,-2.3439,,
1790756443377953471,10.717,map,sim_state_odom_plus_spawn (independent of AMCL),-6.0104,-0.9961,-2.3339,,
1790756443445631838,10.733,map,sim_state_odom_plus_spawn (independent of AMCL),-6.0103,-0.9959,-2.3239,,
1790756443483602875,10.750,map,sim_state_odom_plus_spawn (independent of AMCL),-6.0101,-0.9958,-2.3140,,
1790756443560575684,10.767,map,sim_state_odom_plus_spawn (independent of AMCL),-6.0100,-0.9956,-2.3040,,
1790756443609842117,10.783,map,sim_state_odom_plus_spawn (independent of AMCL),-6.0098,-0.9955,-2.2942,,
1790756443666596344,10.800,map,sim_state_odom_plus_spawn (independent of AMCL),-6.0097,-0.9953,-2.2847,,
1790756443703430157,10.817,map,sim_state_odom_plus_spawn (independent of AMCL),-6.0096,-0.9951,-2.2755,,
1790756443767671240,10.833,map,sim_state_odom_plus_spawn (independent of AMCL),-6.0094,-0.9950,-2.2664,,
1790756443804998278,10.850,map,sim_state_odom_plus_spawn (independent of AMCL),-6.0093,-0.9948,-2.2574,,
1790756443869478796,10.867,map,sim_state_odom_plus_spawn (independent of AMCL),-6.0092,-0.9947,-2.2485,,
1790756443904558502,10.883,map,sim_state_odom_plus_spawn (independent of AMCL),-6.0091,-0.9945,-2.2397,,
1790756443970025565,10.900,map,sim_state_odom_plus_spawn (independent of AMCL),-6.0089,-0.9944,-2.2309,,
1790756444008929198,10.917,map,sim_state_odom_plus_spawn (independent of AMCL),-6.0088,-0.9942,-2.2222,,
1790756444070600574,10.933,map,sim_state_odom_plus_spawn (independent of AMCL),-6.0087,-0.9941,-2.2134,,
1790756444116072352,10.950,map,sim_state_odom_plus_spawn (independent of AMCL),-6.0086,-0.9939,-2.2048,,
1790756444178130558,10.967,map,sim_state_odom_plus_spawn (independent of AMCL),-6.0085,-0.9938,-2.1965,,
1790756444218146271,10.983,map,sim_state_odom_plus_spawn (independent of AMCL),-6.0084,-0.9936,-2.1885,,
1790756444279416742,11.000,map,sim_state_odom_plus_spawn (independent of AMCL),-6.0083,-0.9935,-2.1806,,
1790756444322350150,11.017,map,sim_state_odom_plus_spawn (independent of AMCL),-6.0082,-0.9933,-2.1728,,
1790756444397074688,11.033,map,sim_state_odom_plus_spawn (independent of AMCL),-6.0081,-0.9932,-2.1652,,
1790756444433348944,11.050,map,sim_state_odom_plus_spawn (independent of AMCL),-6.0080,-0.9930,-2.1576,,
1790756444491355515,11.067,map,sim_state_odom_plus_spawn (independent of AMCL),-6.0079,-0.9929,-2.1500,,
1790756444530551499,11.083,map,sim_state_odom_plus_spawn (independent of AMCL),-6.0078,-0.9927,-2.1424,,
1790756444591514983,11.100,map,sim_state_odom_plus_spawn (independent of AMCL),-6.0077,-0.9926,-2.1349,,
1790756444626320165,11.117,map,sim_state_odom_plus_spawn (independent of AMCL),-6.0076,-0.9924,-2.1274,,
1790756444691146700,11.133,map,sim_state_odom_plus_spawn (independent of AMCL),-6.0075,-0.9923,-2.1199,,
1790756444732822791,11.150,map,sim_state_odom_plus_spawn (independent of AMCL),-6.0074,-0.9922,-2.1124,,
1790756444792138000,11.167,map,sim_state_odom_plus_spawn (independent of AMCL),-6.0073,-0.9920,-2.1050,,
1790756444832344829,11.183,map,sim_state_odom_plus_spawn (independent of AMCL),-6.0073,-0.9919,-2.0979,,
1790756444889838472,11.200,map,sim_state_odom_plus_spawn (independent of AMCL),-6.0072,-0.9917,-2.0911,,
1790756444926409019,11.217,map,sim_state_odom_plus_spawn (independent of AMCL),-6.0071,-0.9916,-2.0845,,
1790756444987525153,11.233,map,sim_state_odom_plus_spawn (independent of AMCL),-6.0070,-0.9914,-2.0780,,
1790756445026751255,11.250,map,sim_state_odom_plus_spawn (independent of AMCL),-6.0069,-0.9912,-2.0716,,
1790756445089683043,11.267,map,sim_state_odom_plus_spawn (independent of AMCL),-6.0068,-0.9911,-2.0652,,
1790756445138060413,11.283,map,sim_state_odom_plus_spawn (independent of AMCL),-6.0067,-0.9909,-2.0589,,
1790756445185261342,11.300,map,sim_state_odom_plus_spawn (independent of AMCL),-6.0067,-0.9908,-2.0526,,
1790756445224866581,11.317,map,sim_state_odom_plus_spawn (independent of AMCL),-6.0066,-0.9906,-2.0463,,
1790756445289280015,11.333,map,sim_state_odom_plus_spawn (independent of AMCL),-6.0065,-0.9905,-2.0399,,
1790756445329054604,11.350,map,sim_state_odom_plus_spawn (independent of AMCL),-6.0064,-0.9903,-2.0332,,
1790756445388365872,11.367,map,sim_state_odom_plus_spawn (independent of AMCL),-6.0063,-0.9901,-2.0260,,
1790756445426588917,11.383,map,sim_state_odom_plus_spawn (independent of AMCL),-6.0063,-0.9900,-2.0182,,
1790756445486004515,11.400,map,sim_state_odom_plus_spawn (independent of AMCL),-6.0062,-0.9898,-2.0099,,
1790756445530509077,11.417,map,sim_state_odom_plus_spawn (independent of AMCL),-6.0061,-0.9897,-2.0009,,
1790756445588914300,11.433,map,sim_state_odom_plus_spawn (independent of AMCL),-6.0060,-0.9895,-1.9913,,
1790756445626972310,11.450,map,sim_state_odom_plus_spawn (independent of AMCL),-6.0059,-0.9893,-1.9812,,
1790756445686055402,11.467,map,sim_state_odom_plus_spawn (independent of AMCL),-6.0058,-0.9891,-1.9708,,
1790756445724442917,11.483,map,sim_state_odom_plus_spawn (independent of AMCL),-6.0057,-0.9889,-1.9602,,
1790756445783211703,11.500,map,sim_state_odom_plus_spawn (independent of AMCL),-6.0057,-0.9887,-1.9495,,
1790756445826840055,11.517,map,sim_state_odom_plus_spawn (independent of AMCL),-6.0056,-0.9884,-1.9386,,
1790756445898835012,11.533,map,sim_state_odom_plus_spawn (independent of AMCL),-6.0055,-0.9882,-1.9277,,
1790756445936025351,11.550,map,sim_state_odom_plus_spawn (independent of AMCL),-6.0054,-0.9880,-1.9167,,
1790756445996764975,11.567,map,sim_state_odom_plus_spawn (independent of AMCL),-6.0053,-0.9878,-1.9058,,
1790756446032830475,11.583,map,sim_state_odom_plus_spawn (independent of AMCL),-6.0053,-0.9875,-1.8952,,
1790756446092430622,11.600,map,sim_state_odom_plus_spawn (independent of AMCL),-6.0052,-0.9873,-1.8848,,
1790756446130363474,11.617,map,sim_state_odom_plus_spawn (independent of AMCL),-6.0051,-0.9871,-1.8745,,
1790756446191380624,11.633,map,sim_state_odom_plus_spawn (independent of AMCL),-6.0050,-0.9869,-1.8644,,
1790756446232090999,11.650,map,sim_state_odom_plus_spawn (independent of AMCL),-6.0050,-0.9867,-1.8544,,
1790756446290049533,11.667,map,sim_state_odom_plus_spawn (independent of AMCL),-6.0049,-0.9864,-1.8443,,
1790756446333706032,11.683,map,sim_state_odom_plus_spawn (independent of AMCL),-6.0049,-0.9862,-1.8344,,
1790756446398115245,11.700,map,sim_state_odom_plus_spawn (independent of AMCL),-6.0048,-0.9860,-1.8244,,
1790756446431844937,11.717,map,sim_state_odom_plus_spawn (independent of AMCL),-6.0048,-0.9858,-1.8145,,
1790756446502255700,11.733,map,sim_state_odom_plus_spawn (independent of AMCL),-6.0047,-0.9856,-1.8047,,
1790756446544667454,11.750,map,sim_state_odom_plus_spawn (independent of AMCL),-6.0047,-0.9854,-1.7952,,
1790756446600658997,11.767,map,sim_state_odom_plus_spawn (independent of AMCL),-6.0046,-0.9852,-1.7860,,
1790756446649500789,11.783,map,sim_state_odom_plus_spawn (independent of AMCL),-6.0046,-0.9850,-1.7769,,
1790756446699876675,11.800,map,sim_state_odom_plus_spawn (independent of AMCL),-6.0045,-0.9848,-1.7679,,
1790756446739618144,11.817,map,sim_state_odom_plus_spawn (independent of AMCL),-6.0045,-0.9846,-1.7591,,
1790756446804817062,11.833,map,sim_state_odom_plus_spawn (independent of AMCL),-6.0044,-0.9844,-1.7501,,
1790756446840937729,11.850,map,sim_state_odom_plus_spawn (independent of AMCL),-6.0044,-0.9842,-1.7409,,
1790756446901518699,11.867,map,sim_state_odom_plus_spawn (independent of AMCL),-6.0044,-0.9840,-1.7312,,
1790756446942401332,11.883,map,sim_state_odom_plus_spawn (independent of AMCL),-6.0043,-0.9838,-1.7211,,
1790756447002142214,11.900,map,sim_state_odom_plus_spawn (independent of AMCL),-6.0043,-0.9835,-1.7107,,
1790756447041458479,11.917,map,sim_state_odom_plus_spawn (independent of AMCL),-6.0043,-0.9833,-1.7001,,
1790756447103462644,11.933,map,sim_state_odom_plus_spawn (independent of AMCL),-6.0043,-0.9831,-1.6894,,
1790756447141038031,11.950,map,sim_state_odom_plus_spawn (independent of AMCL),-6.0042,-0.9829,-1.6785,,
1790756447202541557,11.967,map,sim_state_odom_plus_spawn (independent of AMCL),-6.0042,-0.9826,-1.6676,,
1790756447237465799,11.983,map,sim_state_odom_plus_spawn (independent of AMCL),-6.0042,-0.9824,-1.6566,,
1790756447296774910,12.000,map,sim_state_odom_plus_spawn (independent of AMCL),-6.0042,-0.9821,-1.6457,,
1790756447340218806,12.017,map,sim_state_odom_plus_spawn (independent of AMCL),-6.0042,-0.9819,-1.6350,,
1790756447411920005,12.033,map,sim_state_odom_plus_spawn (independent of AMCL),-6.0041,-0.9817,-1.6246,,
1790756447452009650,12.050,map,sim_state_odom_plus_spawn (independent of AMCL),-6.0041,-0.9814,-1.6144,,
1790756447508488601,12.067,map,sim_state_odom_plus_spawn (independent of AMCL),-6.0041,-0.9812,-1.6042,,
1790756447544249084,12.083,map,sim_state_odom_plus_spawn (independent of AMCL),-6.0041,-0.9810,-1.5942,,
1790756447601919301,12.100,map,sim_state_odom_plus_spawn (independent of AMCL),-6.0041,-0.9808,-1.5841,,
1790756447640697494,12.117,map,sim_state_odom_plus_spawn (independent of AMCL),-6.0041,-0.9806,-1.5742,,
1790756447698639890,12.133,map,sim_state_odom_plus_spawn (independent of AMCL),-6.0041,-0.9803,-1.5643,,
1790756447740353511,12.150,map,sim_state_odom_plus_spawn (independent of AMCL),-6.0041,-0.9801,-1.5548,,
1790756447798715951,12.167,map,sim_state_odom_plus_spawn (independent of AMCL),-6.0041,-0.9799,-1.5455,,
1790756447842345429,12.183,map,sim_state_odom_plus_spawn (independent of AMCL),-6.0041,-0.9797,-1.5365,,
1790756447901117310,12.200,map,sim_state_odom_plus_spawn (independent of AMCL),-6.0041,-0.9795,-1.5275,,
1790756447942934323,12.217,map,sim_state_odom_plus_spawn (independent of AMCL),-6.0041,-0.9793,-1.5186,,
1790756447999950409,12.233,map,sim_state_odom_plus_spawn (independent of AMCL),-6.0041,-0.9791,-1.5098,,
1790756448041178122,12.250,map,sim_state_odom_plus_spawn (independent of AMCL),-6.0042,-0.9789,-1.5010,,
1790756448096416082,12.267,map,sim_state_odom_plus_spawn (independent of AMCL),-6.0042,-0.9787,-1.4922,,
1790756448147174576,12.283,map,sim_state_odom_plus_spawn (independent of AMCL),-6.0042,-0.9785,-1.4836,,
1790756448191837416,12.300,map,sim_state_odom_plus_spawn (independent of AMCL),-6.0042,-0.9783,-1.4753,,
1790756448230598346,12.317,map,sim_state_odom_plus_spawn (independent of AMCL),-6.0042,-0.9781,-1.4673,,
1790756448287948909,12.333,map,sim_state_odom_plus_spawn (independent of AMCL),-6.0042,-0.9780,-1.4594,,
1790756448325456650,12.350,map,sim_state_odom_plus_spawn (independent of AMCL),-6.0043,-0.9778,-1.4517,,
1790756448388620180,12.367,map,sim_state_odom_plus_spawn (independent of AMCL),-6.0043,-0.9776,-1.4440,,
1790756448429231479,12.383,map,sim_state_odom_plus_spawn (independent of AMCL),-6.0043,-0.9774,-1.4364,,
1790756448486604184,12.400,map,sim_state_odom_plus_spawn (independent of AMCL),-6.0043,-0.9773,-1.4288,,
1790756448524896845,12.417,map,sim_state_odom_plus_spawn (independent of AMCL),-6.0044,-0.9771,-1.4213,,
1790756448582472020,12.433,map,sim_state_odom_plus_spawn (independent of AMCL),-6.0044,-0.9769,-1.4139,,
1790756448622054554,12.450,map,sim_state_odom_plus_spawn (independent of AMCL),-6.0044,-0.9767,-1.4068,,
1790756448677202538,12.467,map,sim_state_odom_plus_spawn (independent of AMCL),-6.0044,-0.9766,-1.3999,,
1790756448719186086,12.483,map,sim_state_odom_plus_spawn (independent of AMCL),-6.0045,-0.9764,-1.3933,,
1790756448773436281,12.500,map,sim_state_odom_plus_spawn (independent of AMCL),-6.0045,-0.9762,-1.3868,,
1790756448816538570,12.517,map,sim_state_odom_plus_spawn (independent of AMCL),-6.0045,-0.9761,-1.3804,,
1790756448887865041,12.533,map,sim_state_odom_plus_spawn (independent of AMCL),-6.0046,-0.9759,-1.3740,,
1790756448922542436,12.550,map,sim_state_odom_plus_spawn (independent of AMCL),-6.0046,-0.9757,-1.3677,,
1790756448978555183,12.567,map,sim_state_odom_plus_spawn (independent of AMCL),-6.0046,-0.9755,-1.3614,,
1790756449018939243,12.583,map,sim_state_odom_plus_spawn (independent of AMCL),-6.0047,-0.9754,-1.3551,,
1790756449075745823,12.600,map,sim_state_odom_plus_spawn (independent of AMCL),-6.0047,-0.9752,-1.3489,,
1790756449116472242,12.617,map,sim_state_odom_plus_spawn (independent of AMCL),-6.0047,-0.9750,-1.3427,,
1790756449173957723,12.633,map,sim_state_odom_plus_spawn (independent of AMCL),-6.0048,-0.9749,-1.3369,,
1790756449211969760,12.650,map,sim_state_odom_plus_spawn (independent of AMCL),-6.0048,-0.9747,-1.3314,,
1790756449270269714,12.667,map,sim_state_odom_plus_spawn (independent of AMCL),-6.0049,-0.9745,-1.3258,,
1790756449307346247,12.683,map,sim_state_odom_plus_spawn (independent of AMCL),-6.0049,-0.9744,-1.3201,,
1790756449364578969,12.700,map,sim_state_odom_plus_spawn (independent of AMCL),-6.0049,-0.9742,-1.3140,,
1790756449402920605,12.717,map,sim_state_odom_plus_spawn (independent of AMCL),-6.0050,-0.9740,-1.3074,,
1790756449462048825,12.733,map,sim_state_odom_plus_spawn (independent of AMCL),-6.0050,-0.9739,-1.3001,,
1790756449501542509,12.750,map,sim_state_odom_plus_spawn (independent of AMCL),-6.0051,-0.9737,-1.2923,,
1790756449561258246,12.767,map,sim_state_odom_plus_spawn (independent of AMCL),-6.0051,-0.9735,-1.2838,,
1790756449619036816,12.783,map,sim_state_odom_plus_spawn (independent of AMCL),-6.0052,-0.9733,-1.2746,,
1790756449658292277,12.800,map,sim_state_odom_plus_spawn (independent of AMCL),-6.0052,-0.9732,-1.2649,,
1790756449697159720,12.817,map,sim_state_odom_plus_spawn (independent of AMCL),-6.0053,-0.9729,-1.2547,,
1790756449755268103,12.833,map,sim_state_odom_plus_spawn (independent of AMCL),-6.0054,-0.9727,-1.2443,,
1790756449797101924,12.850,map,sim_state_odom_plus_spawn (independent of AMCL),-6.0055,-0.9725,-1.2336,,
1790756449857243107,12.867,map,sim_state_odom_plus_spawn (independent of AMCL),-6.0055,-0.9723,-1.2228,,
1790756449891255630,12.883,map,sim_state_odom_plus_spawn (independent of AMCL),-6.0056,-0.9721,-1.2121,,
1790756449949886487,12.900,map,sim_state_odom_plus_spawn (independent of AMCL),-6.0057,-0.9718,-1.2016,,
1790756449988678834,12.917,map,sim_state_odom_plus_spawn (independent of AMCL),-6.0058,-0.9716,-1.1912,,
1790756450051312822,12.933,map,sim_state_odom_plus_spawn (independent of AMCL),-6.0059,-0.9714,-1.1810,,
1790756450094022838,12.950,map,sim_state_odom_plus_spawn (independent of AMCL),-6.0060,-0.9712,-1.1709,,
1790756450148461644,12.967,map,sim_state_odom_plus_spawn (independent of AMCL),-6.0061,-0.9710,-1.1609,,
1790756450189764416,12.983,map,sim_state_odom_plus_spawn (independent of AMCL),-6.0061,-0.9708,-1.1509,,
1790756450249728645,13.000,map,sim_state_odom_plus_spawn (independent of AMCL),-6.0062,-0.9706,-1.1409,,
1790756450293892735,13.017,map,sim_state_odom_plus_spawn (independent of AMCL),-6.0063,-0.9704,-1.1310,,
1790756450366628726,13.033,map,sim_state_odom_plus_spawn (independent of AMCL),-6.0064,-0.9702,-1.1212,,
1790756450411265163,13.050,map,sim_state_odom_plus_spawn (independent of AMCL),-6.0065,-0.9700,-1.1117,,
1790756450469266506,13.067,map,sim_state_odom_plus_spawn (independent of AMCL),-6.0066,-0.9698,-1.1024,,
1790756450507487287,13.083,map,sim_state_odom_plus_spawn (independent of AMCL),-6.0067,-0.9696,-1.0933,,
1790756450564351528,13.100,map,sim_state_odom_plus_spawn (independent of AMCL),-6.0068,-0.9695,-1.0844,,
1790756450608077002,13.117,map,sim_state_odom_plus_spawn (independent of AMCL),-6.0068,-0.9694,-1.0754,,
1790756450660631223,13.133,map,sim_state_odom_plus_spawn (independent of AMCL),-6.0067,-0.9697,-1.0662,,
1790756450706595755,13.150,map,sim_state_odom_plus_spawn (independent of AMCL),-6.0063,-0.9703,-1.0567,,
1790756450760778836,13.167,map,sim_state_odom_plus_spawn (independent of AMCL),-6.0059,-0.9711,-1.0468,,
1790756450799160929,13.183,map,sim_state_odom_plus_spawn (independent of AMCL),-6.0054,-0.9720,-1.0364,,
1790756450854801852,13.200,map,sim_state_odom_plus_spawn (independent of AMCL),-6.0048,-0.9729,-1.0258,,
1790756450891123443,13.217,map,sim_state_odom_plus_spawn (independent of AMCL),-6.0042,-0.9738,-1.0149,,
1790756450950208745,13.233,map,sim_state_odom_plus_spawn (independent of AMCL),-6.0037,-0.9746,-1.0039,,
1790756450985897806,13.250,map,sim_state_odom_plus_spawn (independent of AMCL),-6.0033,-0.9752,-0.9927,,
1790756451043957757,13.267,map,sim_state_odom_plus_spawn (independent of AMCL),-6.0030,-0.9757,-0.9815,,
1790756451087136069,13.283,map,sim_state_odom_plus_spawn (independent of AMCL),-6.0027,-0.9761,-0.9701,,
1790756451136946847,13.300,map,sim_state_odom_plus_spawn (independent of AMCL),-6.0024,-0.9765,-0.9587,,
1790756451173194189,13.317,map,sim_state_odom_plus_spawn (independent of AMCL),-6.0022,-0.9769,-0.9473,,
1790756451226884475,13.333,map,sim_state_odom_plus_spawn (independent of AMCL),-6.0019,-0.9773,-0.9359,,
1790756451267649979,13.350,map,sim_state_odom_plus_spawn (independent of AMCL),-6.0016,-0.9776,-0.9244,,
1790756451320771714,13.367,map,sim_state_odom_plus_spawn (independent of AMCL),-6.0013,-0.9780,-0.9129,,
1790756451360427064,13.383,map,sim_state_odom_plus_spawn (independent of AMCL),-6.0011,-0.9783,-0.9015,,
1790756451415032365,13.400,map,sim_state_odom_plus_spawn (independent of AMCL),-6.0008,-0.9787,-0.8900,,
1790756451458952224,13.417,map,sim_state_odom_plus_spawn (independent of AMCL),-6.0005,-0.9790,-0.8785,,
1790756451513828987,13.433,map,sim_state_odom_plus_spawn (independent of AMCL),-6.0002,-0.9794,-0.8670,,
1790756451550024975,13.450,map,sim_state_odom_plus_spawn (independent of AMCL),-5.9999,-0.9797,-0.8557,,
1790756451604205984,13.467,map,sim_state_odom_plus_spawn (independent of AMCL),-5.9996,-0.9801,-0.8446,,
1790756451649844028,13.483,map,sim_state_odom_plus_spawn (independent of AMCL),-5.9993,-0.9804,-0.8337,,
1790756451702521023,13.500,map,sim_state_odom_plus_spawn (independent of AMCL),-5.9990,-0.9807,-0.8230,,
1790756451746587025,13.517,map,sim_state_odom_plus_spawn (independent of AMCL),-5.9987,-0.9811,-0.8125,,
1790756451809537796,13.533,map,sim_state_odom_plus_spawn (independent of AMCL),-5.9982,-0.9815,-0.8019,,
1790756451848832265,13.550,map,sim_state_odom_plus_spawn (independent of AMCL),-5.9976,-0.9821,-0.7911,,
1790756451906695852,13.567,map,sim_state_odom_plus_spawn (independent of AMCL),-5.9969,-0.9828,-0.7801,,
1790756451945546335,13.583,map,sim_state_odom_plus_spawn (independent of AMCL),-5.9962,-0.9836,-0.7690,,
1790756451995248379,13.600,map,sim_state_odom_plus_spawn (independent of AMCL),-5.9954,-0.9843,-0.7577,,
1790756452035431763,13.617,map,sim_state_odom_plus_spawn (independent of AMCL),-5.9947,-0.9850,-0.7462,,
1790756452089268286,13.633,map,sim_state_odom_plus_spawn (independent of AMCL),-5.9942,-0.9853,-0.7348,,
1790756452134777242,13.650,map,sim_state_odom_plus_spawn (independent of AMCL),-5.9941,-0.9855,-0.7233,,
1790756452182017104,13.667,map,sim_state_odom_plus_spawn (independent of AMCL),-5.9940,-0.9855,-0.7118,,
1790756452223265979,13.683,map,sim_state_odom_plus_spawn (independent of AMCL),-5.9940,-0.9856,-0.7003,,
1790756452273634379,13.700,map,sim_state_odom_plus_spawn (independent of AMCL),-5.9940,-0.9856,-0.6888,,
1790756452313593697,13.717,map,sim_state_odom_plus_spawn (independent of AMCL),-5.9940,-0.9855,-0.6773,,
1790756452369465942,13.733,map,sim_state_odom_plus_spawn (independent of AMCL),-5.9939,-0.9856,-0.6658,,
1790756452410192530,13.750,map,sim_state_odom_plus_spawn (independent of AMCL),-5.9936,-0.9859,-0.6544,,
1790756452461659023,13.767,map,sim_state_odom_plus_spawn (independent of AMCL),-5.9929,-0.9863,-0.6430,,
1790756452511000469,13.783,map,sim_state_odom_plus_spawn (independent of AMCL),-5.9919,-0.9871,-0.6315,,
1790756452556281119,13.800,map,sim_state_odom_plus_spawn (independent of AMCL),-5.9905,-0.9881,-0.6201,,
1790756452591916095,13.817,map,sim_state_odom_plus_spawn (independent of AMCL),-5.9887,-0.9894,-0.6085,,
1790756452645678652,13.833,map,sim_state_odom_plus_spawn (independent of AMCL),-5.9865,-0.9909,-0.5968,,
1790756452686707325,13.850,map,sim_state_odom_plus_spawn (independent of AMCL),-5.9836,-0.9928,-0.5849,,
1790756452739400433,13.867,map,sim_state_odom_plus_spawn (independent of AMCL),-5.9803,-0.9949,-0.5728,,
1790756452784329720,13.883,map,sim_state_odom_plus_spawn (independent of AMCL),-5.9765,-0.9973,-0.5605,,
1790756452831814282,13.900,map,sim_state_odom_plus_spawn (independent of AMCL),-5.9722,-0.9999,-0.5479,,
1790756452872535312,13.917,map,sim_state_odom_plus_spawn (independent of AMCL),-5.9673,-1.0028,-0.5350,,
1790756452927370144,13.933,map,sim_state_odom_plus_spawn (independent of AMCL),-5.9620,-1.0058,-0.5219,,
1790756452966832239,13.950,map,sim_state_odom_plus_spawn (independent of AMCL),-5.9562,-1.0091,-0.5084,,
1790756453028287666,13.967,map,sim_state_odom_plus_spawn (independent of AMCL),-5.9499,-1.0125,-0.4947,,
1790756453063649579,13.983,map,sim_state_odom_plus_spawn (independent of AMCL),-5.9430,-1.0160,-0.4806,,
1790756453119087355,14.000,map,sim_state_odom_plus_spawn (independent of AMCL),-5.9357,-1.0197,-0.4661,,
1790756453164831307,14.017,map,sim_state_odom_plus_spawn (independent of AMCL),-5.9278,-1.0235,-0.4512,,
1790756453241299063,14.033,map,sim_state_odom_plus_spawn (independent of AMCL),-5.9194,-1.0274,-0.4360,,
1790756453281466428,14.050,map,sim_state_odom_plus_spawn (independent of AMCL),-5.9105,-1.0314,-0.4203,,
1790756453331221144,14.067,map,sim_state_odom_plus_spawn (independent of AMCL),-5.9010,-1.0354,-0.4043,,
1790756453372532490,14.083,map,sim_state_odom_plus_spawn (independent of AMCL),-5.8911,-1.0395,-0.3879,,
1790756454281924527,14.100,map,sim_state_odom_plus_spawn (independent of AMCL),-5.8806,-1.0435,-0.3711,,
1790756454322596654,14.117,map,sim_state_odom_plus_spawn (independent of AMCL),-5.8698,-1.0475,-0.3541,,
1790756455548386258,14.133,map,sim_state_odom_plus_spawn (independent of AMCL),-5.8586,-1.0514,-0.3372,,
1790756455586582729,14.150,map,sim_state_odom_plus_spawn (independent of AMCL),-5.8475,-1.0551,-0.3204,,
1790756455641892830,14.167,map,sim_state_odom_plus_spawn (independent of AMCL),-5.8363,-1.0586,-0.3041,,
1790756455679603667,14.183,map,sim_state_odom_plus_spawn (independent of AMCL),-5.8250,-1.0619,-0.2879,,
1790756455738277397,14.200,map,sim_state_odom_plus_spawn (independent of AMCL),-5.8134,-1.0651,-0.2716,,
1790756455774957700,14.217,map,sim_state_odom_plus_spawn (independent of AMCL),-5.8015,-1.0682,-0.2550,,
1790756455835284223,14.233,map,sim_state_odom_plus_spawn (independent of AMCL),-5.7893,-1.0712,-0.2383,,
1790756455871989307,14.250,map,sim_state_odom_plus_spawn (independent of AMCL),-5.7770,-1.0739,-0.2217,,
1790756455936664953,14.267,map,sim_state_odom_plus_spawn (independent of AMCL),-5.7647,-1.0765,-0.2054,,
1790756455992658370,14.283,map,sim_state_odom_plus_spawn (independent of AMCL),-5.7521,-1.0788,-0.1889,,
1790756456032845052,14.300,map,sim_state_odom_plus_spawn (independent of AMCL),-5.7395,-1.0810,-0.1725,,
1790756456071447160,14.317,map,sim_state_odom_plus_spawn (independent of AMCL),-5.7268,-1.0830,-0.1562,,
1790756456128921787,14.333,map,sim_state_odom_plus_spawn (independent of AMCL),-5.7142,-1.0848,-0.1401,,
1790756456167955726,14.350,map,sim_state_odom_plus_spawn (independent of AMCL),-5.7015,-1.0864,-0.1241,,
1790756456220487710,14.367,map,sim_state_odom_plus_spawn (independent of AMCL),-5.6887,-1.0877,-0.1080,,
1790756456267888884,14.383,map,sim_state_odom_plus_spawn (independent of AMCL),-5.6760,-1.0889,-0.0921,,
1790756456317744796,14.400,map,sim_state_odom_plus_spawn (independent of AMCL),-5.6633,-1.0899,-0.0762,,
1790756456359288594,14.417,map,sim_state_odom_plus_spawn (independent of AMCL),-5.6505,-1.0906,-0.0603,,
1790756456410700908,14.433,map,sim_state_odom_plus_spawn (independent of AMCL),-5.6377,-1.0912,-0.0444,,
1790756456447486177,14.450,map,sim_state_odom_plus_spawn (independent of AMCL),-5.6250,-1.0915,-0.0286,,
1790756456509175470,14.467,map,sim_state_odom_plus_spawn (independent of AMCL),-5.6121,-1.0917,-0.0126,,
1790756456551106814,14.483,map,sim_state_odom_plus_spawn (independent of AMCL),-5.5992,-1.0916,0.0032,,
1790756456607560707,14.500,map,sim_state_odom_plus_spawn (independent of AMCL),-5.5863,-1.0914,0.0192,,
1790756456644879099,14.517,map,sim_state_odom_plus_spawn (independent of AMCL),-5.5733,-1.0909,0.0351,,
1790756456715601889,14.533,map,sim_state_odom_plus_spawn (independent of AMCL),-5.5604,-1.0902,0.0510,,
1790756456751470259,14.550,map,sim_state_odom_plus_spawn (independent of AMCL),-5.5474,-1.0894,0.0669,,
1790756456810256587,14.567,map,sim_state_odom_plus_spawn (independent of AMCL),-5.5345,-1.0883,0.0828,,
1790756456851060063,14.583,map,sim_state_odom_plus_spawn (independent of AMCL),-5.5216,-1.0870,0.0987,,
1790756456904630119,14.600,map,sim_state_odom_plus_spawn (independent of AMCL),-5.5087,-1.0855,0.1145,,
1790756456942425570,14.617,map,sim_state_odom_plus_spawn (independent of AMCL),-5.4958,-1.0838,0.1304,,
1790756457001481757,14.633,map,sim_state_odom_plus_spawn (independent of AMCL),-5.4830,-1.0819,0.1462,,
1790756457040520029,14.650,map,sim_state_odom_plus_spawn (independent of AMCL),-5.4702,-1.0798,0.1620,,
1790756457095118641,14.667,map,sim_state_odom_plus_spawn (independent of AMCL),-5.4574,-1.0775,0.1779,,
1790756457135064956,14.683,map,sim_state_odom_plus_spawn (independent of AMCL),-5.4447,-1.0750,0.1937,,
1790756457192967457,14.700,map,sim_state_odom_plus_spawn (independent of AMCL),-5.4320,-1.0723,0.2095,,
1790756457229798331,14.717,map,sim_state_odom_plus_spawn (independent of AMCL),-5.4193,-1.0693,0.2253,,
1790756457290556308,14.733,map,sim_state_odom_plus_spawn (independent of AMCL),-5.4067,-1.0662,0.2411,,
1790756457328964502,14.750,map,sim_state_odom_plus_spawn (independent of AMCL),-5.3943,-1.0630,0.2568,,
1790756457383950376,14.767,map,sim_state_odom_plus_spawn (independent of AMCL),-5.3819,-1.0595,0.2725,,
1790756457439485957,14.783,map,sim_state_odom_plus_spawn (independent of AMCL),-5.3696,-1.0558,0.2883,,
1790756457480117190,14.800,map,sim_state_odom_plus_spawn (independent of AMCL),-5.3572,-1.0519,0.3041,,
1790756457519813339,14.817,map,sim_state_odom_plus_spawn (independent of AMCL),-5.3449,-1.0479,0.3199,,
1790756457576333283,14.833,map,sim_state_odom_plus_spawn (independent of AMCL),-5.3327,-1.0436,0.3358,,
1790756457625492876,14.850,map,sim_state_odom_plus_spawn (independent of AMCL),-5.3205,-1.0391,0.3515,,
1790756457677046338,14.867,map,sim_state_odom_plus_spawn (independent of AMCL),-5.3084,-1.0344,0.3672,,
1790756457714274745,14.883,map,sim_state_odom_plus_spawn (independent of AMCL),-5.2964,-1.0296,0.3830,,
1790756457770494208,14.900,map,sim_state_odom_plus_spawn (independent of AMCL),-5.2844,-1.0245,0.3986,,
1790756457810629537,14.917,map,sim_state_odom_plus_spawn (independent of AMCL),-5.2726,-1.0193,0.4140,,
1790756457868299587,14.933,map,sim_state_odom_plus_spawn (independent of AMCL),-5.2608,-1.0139,0.4290,,
1790756457904073167,14.950,map,sim_state_odom_plus_spawn (independent of AMCL),-5.2492,-1.0083,0.4437,,
1790756457963041631,14.967,map,sim_state_odom_plus_spawn (independent of AMCL),-5.2376,-1.0026,0.4579,,
1790756458001226229,14.983,map,sim_state_odom_plus_spawn (independent of AMCL),-5.2261,-0.9968,0.4716,,
1790756458057316227,15.000,map,sim_state_odom_plus_spawn (independent of AMCL),-5.2147,-0.9907,0.4848,,
1790756458104502098,15.017,map,sim_state_odom_plus_spawn (independent of AMCL),-5.2033,-0.9845,0.4977,,
1790756458166762391,15.033,map,sim_state_odom_plus_spawn (independent of AMCL),-5.1920,-0.9782,0.5103,,
1790756458208128294,15.050,map,sim_state_odom_plus_spawn (independent of AMCL),-5.1808,-0.9717,0.5224,,
1790756458264352844,15.067,map,sim_state_odom_plus_spawn (independent of AMCL),-5.1696,-0.9650,0.5342,,
1790756458303447652,15.083,map,sim_state_odom_plus_spawn (independent of AMCL),-5.1584,-0.9583,0.5455,,
1790756458357702061,15.100,map,sim_state_odom_plus_spawn (independent of AMCL),-5.1473,-0.9514,0.5565,,
1790756458397832868,15.117,map,sim_state_odom_plus_spawn (independent of AMCL),-5.1363,-0.9443,0.5672,,
1790756458450251405,15.133,map,sim_state_odom_plus_spawn (independent of AMCL),-5.1253,-0.9372,0.5778,,
1790756458495791550,15.150,map,sim_state_odom_plus_spawn (independent of AMCL),-5.1144,-0.9299,0.5881,,
1790756458549026638,15.167,map,sim_state_odom_plus_spawn (independent of AMCL),-5.1035,-0.9225,0.5982,,
1790756458587701863,15.183,map,sim_state_odom_plus_spawn (independent of AMCL),-5.0927,-0.9150,0.6079,,
1790756458647292398,15.200,map,sim_state_odom_plus_spawn (independent of AMCL),-5.0820,-0.9073,0.6174,,
1790756458680052959,15.217,map,sim_state_odom_plus_spawn (independent of AMCL),-5.0714,-0.8996,0.6265,,
1790756458736996255,15.233,map,sim_state_odom_plus_spawn (independent of AMCL),-5.0607,-0.8918,0.6353,,
1790756458776357341,15.250,map,sim_state_odom_plus_spawn (independent of AMCL),-5.0502,-0.8839,0.6438,,
1790756458830378073,15.267,map,sim_state_odom_plus_spawn (independent of AMCL),-5.0397,-0.8759,0.6520,,
1790756458880954144,15.283,map,sim_state_odom_plus_spawn (independent of AMCL),-5.0293,-0.8678,0.6601,,
1790756458926449061,15.300,map,sim_state_odom_plus_spawn (independent of AMCL),-5.0189,-0.8596,0.6684,,
1790756458964427873,15.317,map,sim_state_odom_plus_spawn (independent of AMCL),-5.0086,-0.8513,0.6766,,
1790756459019686339,15.333,map,sim_state_odom_plus_spawn (independent of AMCL),-4.9983,-0.8429,0.6850,,
1790756459058265549,15.350,map,sim_state_odom_plus_spawn (independent of AMCL),-4.9881,-0.8344,0.6933,,
1790756459112783316,15.367,map,sim_state_odom_plus_spawn (independent of AMCL),-4.9780,-0.8259,0.7015,,
1790756459149357240,15.383,map,sim_state_odom_plus_spawn (independent of AMCL),-4.9680,-0.8173,0.7095,,
1790756459208614314,15.400,map,sim_state_odom_plus_spawn (independent of AMCL),-4.9580,-0.8086,0.7173,,
1790756459246481846,15.417,map,sim_state_odom_plus_spawn (independent of AMCL),-4.9481,-0.7998,0.7249,,
1790756459303325264,15.433,map,sim_state_odom_plus_spawn (independent of AMCL),-4.9383,-0.7910,0.7323,,
1790756459341992386,15.450,map,sim_state_odom_plus_spawn (independent of AMCL),-4.9285,-0.7820,0.7397,,
1790756459397614088,15.467,map,sim_state_odom_plus_spawn (independent of AMCL),-4.9188,-0.7730,0.7469,,
1790756459437083532,15.483,map,sim_state_odom_plus_spawn (independent of AMCL),-4.9091,-0.7640,0.7540,,
1790756459490956897,15.500,map,sim_state_odom_plus_spawn (independent of AMCL),-4.8996,-0.7548,0.7608,,
1790756459531246849,15.517,map,sim_state_odom_plus_spawn (independent of AMCL),-4.8900,-0.7456,0.7672,,
1790756459599884826,15.533,map,sim_state_odom_plus_spawn (independent of AMCL),-4.8805,-0.7364,0.7735,,
1790756459641809292,15.550,map,sim_state_odom_plus_spawn (independent of AMCL),-4.8711,-0.7271,0.7795,,
1790756459700399413,15.567,map,sim_state_odom_plus_spawn (independent of AMCL),-4.8617,-0.7177,0.7855,,
1790756459737622372,15.583,map,sim_state_odom_plus_spawn (independent of AMCL),-4.8524,-0.7082,0.7914,,
1790756459814020324,15.600,map,sim_state_odom_plus_spawn (independent of AMCL),-4.8431,-0.6987,0.7972,,
1790756459849037382,15.617,map,sim_state_odom_plus_spawn (independent of AMCL),-4.8339,-0.6892,0.8028,,
1790756459914827815,15.633,map,sim_state_odom_plus_spawn (independent of AMCL),-4.8247,-0.6796,0.8081,,
1790756459952150705,15.650,map,sim_state_odom_plus_spawn (independent of AMCL),-4.8156,-0.6700,0.8129,,
1790756460002563702,15.667,map,sim_state_odom_plus_spawn (independent of AMCL),-4.8066,-0.6603,0.8171,,
1790756460044450167,15.683,map,sim_state_odom_plus_spawn (independent of AMCL),-4.7975,-0.6506,0.8206,,
1790756460100553310,15.700,map,sim_state_odom_plus_spawn (independent of AMCL),-4.7885,-0.6409,0.8235,,
1790756460138455311,15.717,map,sim_state_odom_plus_spawn (independent of AMCL),-4.7795,-0.6311,0.8260,,
1790756460199866815,15.733,map,sim_state_odom_plus_spawn (independent of AMCL),-4.7705,-0.6213,0.8280,,
1790756460234816439,15.750,map,sim_state_odom_plus_spawn (independent of AMCL),-4.7615,-0.6115,0.8296,,
1790756460288418397,15.767,map,sim_state_odom_plus_spawn (independent of AMCL),-4.7525,-0.6016,0.8307,,
1790756460349906729,15.783,map,sim_state_odom_plus_spawn (independent of AMCL),-4.7436,-0.5918,0.8315,,
1790756460392737184,15.800,map,sim_state_odom_plus_spawn (independent of AMCL),-4.7346,-0.5819,0.8321,,
1790756460432437942,15.817,map,sim_state_odom_plus_spawn (independent of AMCL),-4.7256,-0.5721,0.8326,,
1790756460489408437,15.833,map,sim_state_odom_plus_spawn (independent of AMCL),-4.7167,-0.5622,0.8331,,
1790756460525937608,15.850,map,sim_state_odom_plus_spawn (independent of AMCL),-4.7077,-0.5523,0.8334,,
1790756460579259778,15.867,map,sim_state_odom_plus_spawn (independent of AMCL),-4.6989,-0.5426,0.8337,,
1790756460620684908,15.883,map,sim_state_odom_plus_spawn (independent of AMCL),-4.6901,-0.5329,0.8338,,
1790756460674194825,15.900,map,sim_state_odom_plus_spawn (independent of AMCL),-4.6811,-0.5231,0.8336,,
1790756460717339443,15.917,map,sim_state_odom_plus_spawn (independent of AMCL),-4.6722,-0.5132,0.8331,,
1790756460766823570,15.933,map,sim_state_odom_plus_spawn (independent of AMCL),-4.6632,-0.5033,0.8325,,
1790756460803152598,15.950,map,sim_state_odom_plus_spawn (independent of AMCL),-4.6542,-0.4935,0.8317,,
1790756460858832349,15.967,map,sim_state_odom_plus_spawn (independent of AMCL),-4.6454,-0.4838,0.8307,,
1790756460897235883,15.983,map,sim_state_odom_plus_spawn (independent of AMCL),-4.6367,-0.4743,0.8296,,
1790756460950852117,16.000,map,sim_state_odom_plus_spawn (independent of AMCL),-4.6279,-0.4647,0.8283,,
1790756460992434187,16.017,map,sim_state_odom_plus_spawn (independent of AMCL),-4.6190,-0.4551,0.8266,,
1790756461057771550,16.033,map,sim_state_odom_plus_spawn (independent of AMCL),-4.6100,-0.4453,0.8248,,
1790756461095235508,16.050,map,sim_state_odom_plus_spawn (independent of AMCL),-4.6009,-0.4355,0.8227,,
1790756461153725160,16.067,map,sim_state_odom_plus_spawn (independent of AMCL),-4.5918,-0.4258,0.8204,,
1790756461198659894,16.083,map,sim_state_odom_plus_spawn (independent of AMCL),-4.5827,-0.4160,0.8180,,
1790756461265335054,16.100,map,sim_state_odom_plus_spawn (independent of AMCL),-4.5735,-0.4063,0.8153,,
1790756461308756548,16.117,map,sim_state_odom_plus_spawn (independent of AMCL),-4.5644,-0.3966,0.8122,,
1790756461365450167,16.133,map,sim_state_odom_plus_spawn (independent of AMCL),-4.5551,-0.3869,0.8087,,
1790756461404403978,16.150,map,sim_state_odom_plus_spawn (independent of AMCL),-4.5459,-0.3773,0.8048,,
1790756461459553645,16.167,map,sim_state_odom_plus_spawn (independent of AMCL),-4.5366,-0.3677,0.8006,,
1790756461499034817,16.183,map,sim_state_odom_plus_spawn (independent of AMCL),-4.5272,-0.3581,0.7961,,
1790756461551883631,16.200,map,sim_state_odom_plus_spawn (independent of AMCL),-4.5178,-0.3486,0.7915,,
1790756461589455502,16.217,map,sim_state_odom_plus_spawn (independent of AMCL),-4.5084,-0.3391,0.7867,,
1790756461643863671,16.233,map,sim_state_odom_plus_spawn (independent of AMCL),-4.4989,-0.3297,0.7815,,
1790756461682186433,16.250,map,sim_state_odom_plus_spawn (independent of AMCL),-4.4893,-0.3203,0.7760,,
1790756461750503785,16.267,map,sim_state_odom_plus_spawn (independent of AMCL),-4.4797,-0.3110,0.7702,,
1790756461796055762,16.283,map,sim_state_odom_plus_spawn (independent of AMCL),-4.4701,-0.3018,0.7644,,
1790756461850857643,16.300,map,sim_state_odom_plus_spawn (independent of AMCL),-4.4604,-0.2926,0.7584,,
1790756461888928981,16.317,map,sim_state_odom_plus_spawn (independent of AMCL),-4.4506,-0.2834,0.7522,,
1790756461944878378,16.333,map,sim_state_odom_plus_spawn (independent of AMCL),-4.4408,-0.2744,0.7459,,
1790756461980511270,16.350,map,sim_state_odom_plus_spawn (independent of AMCL),-4.4311,-0.2655,0.7395,,
1790756462033405634,16.367,map,sim_state_odom_plus_spawn (independent of AMCL),-4.4215,-0.2569,0.7330,,
1790756462073314237,16.383,map,sim_state_odom_plus_spawn (independent of AMCL),-4.4120,-0.2484,0.7264,,
1790756462129197326,16.400,map,sim_state_odom_plus_spawn (independent of AMCL),-4.4023,-0.2399,0.7196,,
1790756462173520264,16.417,map,sim_state_odom_plus_spawn (independent of AMCL),-4.3924,-0.2313,0.7124,,
1790756462225855053,16.433,map,sim_state_odom_plus_spawn (independent of AMCL),-4.3823,-0.2228,0.7049,,
1790756462267682443,16.450,map,sim_state_odom_plus_spawn (independent of AMCL),-4.3721,-0.2142,0.6972,,
1790756462322665495,16.467,map,sim_state_odom_plus_spawn (independent of AMCL),-4.3618,-0.2057,0.6893,,
1790756462361746756,16.483,map,sim_state_odom_plus_spawn (independent of AMCL),-4.3516,-0.1975,0.6813,,
1790756462415611503,16.500,map,sim_state_odom_plus_spawn (independent of AMCL),-4.3415,-0.1894,0.6734,,
1790756462455025522,16.517,map,sim_state_odom_plus_spawn (independent of AMCL),-4.3315,-0.1816,0.6655,,
1790756462518259076,16.533,map,sim_state_odom_plus_spawn (independent of AMCL),-4.3213,-0.1737,0.6573,,
1790756462560801760,16.550,map,sim_state_odom_plus_spawn (independent of AMCL),-4.3111,-0.1660,0.6490,,
1790756462614229685,16.567,map,sim_state_odom_plus_spawn (independent of AMCL),-4.3009,-0.1584,0.6407,,
1790756462650793513,16.583,map,sim_state_odom_plus_spawn (independent of AMCL),-4.2907,-0.1509,0.6324,,
1790756462705159605,16.600,map,sim_state_odom_plus_spawn (independent of AMCL),-4.2803,-0.1434,0.6238,,
1790756462741809651,16.617,map,sim_state_odom_plus_spawn (independent of AMCL),-4.2699,-0.1361,0.6152,,
1790756462798483828,16.633,map,sim_state_odom_plus_spawn (independent of AMCL),-4.2593,-0.1287,0.6064,,
1790756462839538068,16.650,map,sim_state_odom_plus_spawn (independent of AMCL),-4.2485,-0.1214,0.5973,,
1790756462889998682,16.667,map,sim_state_odom_plus_spawn (independent of AMCL),-4.2375,-0.1140,0.5881,,
1790756462928844391,16.683,map,sim_state_odom_plus_spawn (independent of AMCL),-4.2264,-0.1068,0.5788,,
1790756462983877503,16.700,map,sim_state_odom_plus_spawn (independent of AMCL),-4.2153,-0.0997,0.5696,,
1790756462987030963,16.700,map,sim_state_odom_plus_spawn (independent of AMCL),-4.2041,-0.0926,0.5603,,
1790756463028385747,16.717,map,sim_state_odom_plus_spawn (independent of AMCL),-4.2041,-0.0926,0.5603,,
1790756463080794169,16.733,map,sim_state_odom_plus_spawn (independent of AMCL),-4.1928,-0.0857,0.5509,,
1790756463126361361,16.750,map,sim_state_odom_plus_spawn (independent of AMCL),-4.1814,-0.0789,0.5415,,
1790756463181324690,16.767,map,sim_state_odom_plus_spawn (independent of AMCL),-4.1700,-0.0722,0.5321,,
1790756463239876423,16.783,map,sim_state_odom_plus_spawn (independent of AMCL),-4.1585,-0.0656,0.5226,,
1790756463278486581,16.800,map,sim_state_odom_plus_spawn (independent of AMCL),-4.1470,-0.0591,0.5131,,
1790756463316673817,16.817,map,sim_state_odom_plus_spawn (independent of AMCL),-4.1354,-0.0527,0.5036,,
1790756463371601081,16.833,map,sim_state_odom_plus_spawn (independent of AMCL),-4.1237,-0.0464,0.4940,,
1790756463410131031,16.850,map,sim_state_odom_plus_spawn (independent of AMCL),-4.1120,-0.0402,0.4844,,
1790756463459824037,16.867,map,sim_state_odom_plus_spawn (independent of AMCL),-4.1003,-0.0342,0.4748,,
1790756463502883282,16.883,map,sim_state_odom_plus_spawn (independent of AMCL),-4.0884,-0.0283,0.4651,,
1790756463551726311,16.900,map,sim_state_odom_plus_spawn (independent of AMCL),-4.0766,-0.0224,0.4554,,
1790756463592355374,16.917,map,sim_state_odom_plus_spawn (independent of AMCL),-4.0646,-0.0168,0.4457,,
1790756463649061296,16.933,map,sim_state_odom_plus_spawn (independent of AMCL),-4.0526,-0.0112,0.4359,,
1790756463684210406,16.950,map,sim_state_odom_plus_spawn (independent of AMCL),-4.0406,-0.0057,0.4261,,
1790756463742288313,16.967,map,sim_state_odom_plus_spawn (independent of AMCL),-4.0285,-0.0004,0.4163,,
1790756463785060444,16.983,map,sim_state_odom_plus_spawn (independent of AMCL),-4.0164,0.0049,0.4065,,
1790756463839532759,17.000,map,sim_state_odom_plus_spawn (independent of AMCL),-4.0042,0.0100,0.3967,,
1790756463876398728,17.017,map,sim_state_odom_plus_spawn (independent of AMCL),-3.9919,0.0149,0.3868,,
1790756463954279771,17.033,map,sim_state_odom_plus_spawn (independent of AMCL),-3.9796,0.0198,0.3770,,
1790756463990457681,17.050,map,sim_state_odom_plus_spawn (independent of AMCL),-3.9673,0.0245,0.3671,,
1790756464045433690,17.067,map,sim_state_odom_plus_spawn (independent of AMCL),-3.9549,0.0292,0.3573,,
1790756464082860173,17.083,map,sim_state_odom_plus_spawn (independent of AMCL),-3.9425,0.0336,0.3478,,
1790756464141215613,17.100,map,sim_state_odom_plus_spawn (independent of AMCL),-3.9301,0.0380,0.3384,,
1790756464181842141,17.117,map,sim_state_odom_plus_spawn (independent of AMCL),-3.9176,0.0423,0.3293,,
1790756464238968637,17.133,map,sim_state_odom_plus_spawn (independent of AMCL),-3.9051,0.0464,0.3203,,
1790756464275072350,17.150,map,sim_state_odom_plus_spawn (independent of AMCL),-3.8925,0.0505,0.3114,,
1790756464329219421,17.167,map,sim_state_odom_plus_spawn (independent of AMCL),-3.8799,0.0544,0.3026,,
1790756464368609960,17.183,map,sim_state_odom_plus_spawn (independent of AMCL),-3.8672,0.0582,0.2938,,
1790756464420617062,17.200,map,sim_state_odom_plus_spawn (independent of AMCL),-3.8545,0.0620,0.2851,,
1790756464457598271,17.217,map,sim_state_odom_plus_spawn (independent of AMCL),-3.8418,0.0656,0.2765,,
1790756464517923590,17.233,map,sim_state_odom_plus_spawn (independent of AMCL),-3.8290,0.0691,0.2679,,
1790756464555093014,17.250,map,sim_state_odom_plus_spawn (independent of AMCL),-3.8163,0.0725,0.2594,,
1790756464608135021,17.267,map,sim_state_odom_plus_spawn (independent of AMCL),-3.8034,0.0757,0.2512,,
1790756464659358360,17.283,map,sim_state_odom_plus_spawn (independent of AMCL),-3.7906,0.0789,0.2433,,
1790756464696820533,17.300,map,sim_state_odom_plus_spawn (independent of AMCL),-3.7777,0.0820,0.2354,,
1790756464735809658,17.317,map,sim_state_odom_plus_spawn (independent of AMCL),-3.7648,0.0850,0.2277,,
1790756464791026854,17.333,map,sim_state_odom_plus_spawn (independent of AMCL),-3.7519,0.0879,0.2201,,
1790756464830252752,17.350,map,sim_state_odom_plus_spawn (independent of AMCL),-3.7390,0.0907,0.2126,,
1790756464889789330,17.367,map,sim_state_odom_plus_spawn (independent of AMCL),-3.7260,0.0934,0.2052,,
1790756464924392295,17.383,map,sim_state_odom_plus_spawn (independent of AMCL),-3.7130,0.0960,0.1979,,
1790756464979130968,17.400,map,sim_state_odom_plus_spawn (independent of AMCL),-3.7000,0.0985,0.1907,,
1790756465015811538,17.417,map,sim_state_odom_plus_spawn (independent of AMCL),-3.6869,0.1009,0.1835,,
1790756465076741797,17.433,map,sim_state_odom_plus_spawn (independent of AMCL),-3.6739,0.1032,0.1763,,
1790756465121014864,17.450,map,sim_state_odom_plus_spawn (independent of AMCL),-3.6608,0.1055,0.1691,,
1790756465170860959,17.467,map,sim_state_odom_plus_spawn (independent of AMCL),-3.6477,0.1076,0.1620,,
1790756465206565137,17.483,map,sim_state_odom_plus_spawn (independent of AMCL),-3.6346,0.1097,0.1549,,
1790756465261472396,17.500,map,sim_state_odom_plus_spawn (independent of AMCL),-3.6215,0.1116,0.1477,,
1790756465301858300,17.517,map,sim_state_odom_plus_spawn (independent of AMCL),-3.6084,0.1135,0.1405,,
1790756465363096804,17.533,map,sim_state_odom_plus_spawn (independent of AMCL),-3.5952,0.1152,0.1335,,
1790756465405277427,17.550,map,sim_state_odom_plus_spawn (independent of AMCL),-3.5821,0.1169,0.1266,,
1790756465456680341,17.567,map,sim_state_odom_plus_spawn (independent of AMCL),-3.5689,0.1185,0.1197,,
1790756465493937393,17.583,map,sim_state_odom_plus_spawn (independent of AMCL),-3.5557,0.1200,0.1130,,
1790756465548766886,17.600,map,sim_state_odom_plus_spawn (independent of AMCL),-3.5425,0.1214,0.1066,,
1790756465592243512,17.617,map,sim_state_odom_plus_spawn (independent of AMCL),-3.5293,0.1227,0.1003,,
1790756465646361467,17.633,map,sim_state_odom_plus_spawn (independent of AMCL),-3.5161,0.1239,0.0942,,
1790756465685302787,17.650,map,sim_state_odom_plus_spawn (independent of AMCL),-3.5029,0.1251,0.0882,,
1790756465743440708,17.667,map,sim_state_odom_plus_spawn (independent of AMCL),-3.4897,0.1262,0.0823,,
1790756465787125836,17.683,map,sim_state_odom_plus_spawn (independent of AMCL),-3.4764,0.1272,0.0764,,
1790756465839440244,17.700,map,sim_state_odom_plus_spawn (independent of AMCL),-3.4632,0.1281,0.0706,,
1790756465878507135,17.717,map,sim_state_odom_plus_spawn (independent of AMCL),-3.4499,0.1290,0.0648,,
1790756465938836211,17.733,map,sim_state_odom_plus_spawn (independent of AMCL),-3.4367,0.1298,0.0590,,
1790756465977465153,17.750,map,sim_state_odom_plus_spawn (independent of AMCL),-3.4234,0.1305,0.0533,,
1790756466031323043,17.767,map,sim_state_odom_plus_spawn (independent of AMCL),-3.4101,0.1311,0.0479,,
1790756466088479218,17.783,map,sim_state_odom_plus_spawn (independent of AMCL),-3.3969,0.1317,0.0430,,
1790756466128755894,17.800,map,sim_state_odom_plus_spawn (independent of AMCL),-3.3836,0.1322,0.0386,,
1790756466173274656,17.817,map,sim_state_odom_plus_spawn (independent of AMCL),-3.3703,0.1326,0.0346,,
1790756466223872018,17.833,map,sim_state_odom_plus_spawn (independent of AMCL),-3.3570,0.1331,0.0310,,
1790756466262463673,17.850,map,sim_state_odom_plus_spawn (independent of AMCL),-3.3438,0.1334,0.0278,,
1790756466315639704,17.867,map,sim_state_odom_plus_spawn (independent of AMCL),-3.3305,0.1337,0.0249,,
1790756466356302579,17.883,map,sim_state_odom_plus_spawn (independent of AMCL),-3.3171,0.1340,0.0221,,
1790756466408736829,17.900,map,sim_state_odom_plus_spawn (independent of AMCL),-3.3038,0.1343,0.0196,,
1790756466447630344,17.917,map,sim_state_odom_plus_spawn (independent of AMCL),-3.2905,0.1345,0.0170,,
1790756466502323371,17.933,map,sim_state_odom_plus_spawn (independent of AMCL),-3.2772,0.1347,0.0143,,
1790756466542359517,17.950,map,sim_state_odom_plus_spawn (independent of AMCL),-3.2638,0.1349,0.0116,,
1790756466594250722,17.967,map,sim_state_odom_plus_spawn (independent of AMCL),-3.2505,0.1350,0.0090,,
1790756466630891001,17.983,map,sim_state_odom_plus_spawn (independent of AMCL),-3.2372,0.1351,0.0064,,
1790756466685732704,18.000,map,sim_state_odom_plus_spawn (independent of AMCL),-3.2238,0.1351,0.0039,,
1790756466727605081,18.017,map,sim_state_odom_plus_spawn (independent of AMCL),-3.2105,0.1351,0.0014,,
1790756466793465860,18.033,map,sim_state_odom_plus_spawn (independent of AMCL),-3.1972,0.1351,-0.0008,,
1790756466834549590,18.050,map,sim_state_odom_plus_spawn (independent of AMCL),-3.1838,0.1351,-0.0029,,
1790756466889367625,18.067,map,sim_state_odom_plus_spawn (independent of AMCL),-3.1705,0.1350,-0.0050,,
1790756466927021583,18.083,map,sim_state_odom_plus_spawn (independent of AMCL),-3.1571,0.1349,-0.0070,,
1790756466981055480,18.100,map,sim_state_odom_plus_spawn (independent of AMCL),-3.1438,0.1348,-0.0089,,
1790756467020934685,18.117,map,sim_state_odom_plus_spawn (independent of AMCL),-3.1305,0.1347,-0.0109,,
1790756467076625332,18.133,map,sim_state_odom_plus_spawn (independent of AMCL),-3.1171,0.1345,-0.0128,,
1790756467116025545,18.150,map,sim_state_odom_plus_spawn (independent of AMCL),-3.1038,0.1343,-0.0147,,
1790756467168357704,18.167,map,sim_state_odom_plus_spawn (independent of AMCL),-3.0904,0.1341,-0.0167,,
1790756467207654606,18.183,map,sim_state_odom_plus_spawn (independent of AMCL),-3.0771,0.1338,-0.0188,,
1790756467258758854,18.200,map,sim_state_odom_plus_spawn (independent of AMCL),-3.0637,0.1335,-0.0209,,
1790756467298290180,18.217,map,sim_state_odom_plus_spawn (independent of AMCL),-3.0504,0.1332,-0.0231,,
1790756467354231311,18.233,map,sim_state_odom_plus_spawn (independent of AMCL),-3.0370,0.1329,-0.0253,,
1790756467390087733,18.250,map,sim_state_odom_plus_spawn (independent of AMCL),-3.0237,0.1325,-0.0276,,
1790756467445185462,18.267,map,sim_state_odom_plus_spawn (independent of AMCL),-3.0103,0.1321,-0.0299,,
1790756467494640380,18.283,map,sim_state_odom_plus_spawn (independent of AMCL),-2.9970,0.1317,-0.0322,,
1790756467539317774,18.300,map,sim_state_odom_plus_spawn (independent of AMCL),-2.9837,0.1312,-0.0345,,
1790756467582602896,18.317,map,sim_state_odom_plus_spawn (independent of AMCL),-2.9703,0.1307,-0.0368,,
1790756467636099007,18.333,map,sim_state_odom_plus_spawn (independent of AMCL),-2.9570,0.1302,-0.0392,,
1790756467680463498,18.350,map,sim_state_odom_plus_spawn (independent of AMCL),-2.9436,0.1297,-0.0416,,
1790756467730333987,18.367,map,sim_state_odom_plus_spawn (independent of AMCL),-2.9303,0.1291,-0.0440,,
1790756467767931942,18.383,map,sim_state_odom_plus_spawn (independent of AMCL),-2.9170,0.1285,-0.0464,,
1790756467820675895,18.400,map,sim_state_odom_plus_spawn (independent of AMCL),-2.9036,0.1278,-0.0488,,
1790756467866070849,18.417,map,sim_state_odom_plus_spawn (independent of AMCL),-2.8903,0.1271,-0.0512,,
1790756467920932459,18.433,map,sim_state_odom_plus_spawn (independent of AMCL),-2.8770,0.1264,-0.0537,,
1790756467967468283,18.450,map,sim_state_odom_plus_spawn (independent of AMCL),-2.8636,0.1257,-0.0561,,
1790756468015391614,18.467,map,sim_state_odom_plus_spawn (independent of AMCL),-2.8503,0.1249,-0.0586,,
1790756468052892420,18.483,map,sim_state_odom_plus_spawn (independent of AMCL),-2.8370,0.1241,-0.0611,,
1790756468105391038,18.500,map,sim_state_odom_plus_spawn (independent of AMCL),-2.8237,0.1232,-0.0636,,
1790756468139873446,18.517,map,sim_state_odom_plus_spawn (independent of AMCL),-2.8103,0.1223,-0.0661,,
1790756468203115599,18.533,map,sim_state_odom_plus_spawn (independent of AMCL),-2.7970,0.1214,-0.0686,,
1790756468239754337,18.550,map,sim_state_odom_plus_spawn (independent of AMCL),-2.7837,0.1205,-0.0712,,
1790756468292315800,18.567,map,sim_state_odom_plus_spawn (independent of AMCL),-2.7704,0.1195,-0.0737,,
1790756468335452534,18.583,map,sim_state_odom_plus_spawn (independent of AMCL),-2.7571,0.1185,-0.0762,,
1790756468381147673,18.600,map,sim_state_odom_plus_spawn (independent of AMCL),-2.7438,0.1174,-0.0789,,
1790756468418794062,18.617,map,sim_state_odom_plus_spawn (independent of AMCL),-2.7305,0.1163,-0.0818,,
1790756468471369005,18.633,map,sim_state_odom_plus_spawn (independent of AMCL),-2.7172,0.1152,-0.0847,,
1790756468506777719,18.650,map,sim_state_odom_plus_spawn (independent of AMCL),-2.7039,0.1140,-0.0877,,
1790756468557951024,18.667,map,sim_state_odom_plus_spawn (independent of AMCL),-2.6906,0.1128,-0.0908,,
1790756468596821674,18.683,map,sim_state_odom_plus_spawn (independent of AMCL),-2.6773,0.1116,-0.0939,,
1790756468650569373,18.700,map,sim_state_odom_plus_spawn (independent of AMCL),-2.6640,0.1103,-0.0971,,
1790756468691498646,18.717,map,sim_state_odom_plus_spawn (independent of AMCL),-2.6507,0.1089,-0.1004,,
1790756468746209466,18.733,map,sim_state_odom_plus_spawn (independent of AMCL),-2.6374,0.1075,-0.1037,,
1790756468786148938,18.750,map,sim_state_odom_plus_spawn (independent of AMCL),-2.6241,0.1061,-0.1071,,
1790756468846603712,18.767,map,sim_state_odom_plus_spawn (independent of AMCL),-2.6109,0.1046,-0.1105,,
1790756468900144936,18.783,map,sim_state_odom_plus_spawn (independent of AMCL),-2.5976,0.1031,-0.1140,,
1790756468942482447,18.800,map,sim_state_odom_plus_spawn (independent of AMCL),-2.5843,0.1016,-0.1175,,
1790756468982801960,18.817,map,sim_state_odom_plus_spawn (independent of AMCL),-2.5711,0.0999,-0.1211,,
1790756469036066334,18.833,map,sim_state_odom_plus_spawn (independent of AMCL),-2.5578,0.0983,-0.1247,,
1790756469074914021,18.850,map,sim_state_odom_plus_spawn (independent of AMCL),-2.5446,0.0966,-0.1284,,
1790756469127488405,18.867,map,sim_state_odom_plus_spawn (independent of AMCL),-2.5314,0.0948,-0.1321,,
1790756469160908685,18.883,map,sim_state_odom_plus_spawn (independent of AMCL),-2.5181,0.0930,-0.1359,,
1790756469215984487,18.900,map,sim_state_odom_plus_spawn (independent of AMCL),-2.5049,0.0912,-0.1397,,
1790756469253269614,18.917,map,sim_state_odom_plus_spawn (independent of AMCL),-2.4917,0.0892,-0.1435,,
1790756469304538766,18.933,map,sim_state_odom_plus_spawn (independent of AMCL),-2.4785,0.0873,-0.1474,,
1790756469348766819,18.950,map,sim_state_odom_plus_spawn (independent of AMCL),-2.4653,0.0853,-0.1513,,
1790756469400799309,18.967,map,sim_state_odom_plus_spawn (independent of AMCL),-2.4521,0.0832,-0.1553,,
1790756469439992548,18.983,map,sim_state_odom_plus_spawn (independent of AMCL),-2.4389,0.0811,-0.1593,,
1790756469493141830,19.000,map,sim_state_odom_plus_spawn (independent of AMCL),-2.4258,0.0789,-0.1632,,
1790756469536212931,19.017,map,sim_state_odom_plus_spawn (independent of AMCL),-2.4126,0.0767,-0.1673,,
1790756469601712745,19.033,map,sim_state_odom_plus_spawn (independent of AMCL),-2.3995,0.0744,-0.1713,,
1790756469642970093,19.050,map,sim_state_odom_plus_spawn (independent of AMCL),-2.3863,0.0721,-0.1754,,
1790756469695207385,19.067,map,sim_state_odom_plus_spawn (independent of AMCL),-2.3732,0.0697,-0.1795,,
1790756469735571894,19.083,map,sim_state_odom_plus_spawn (independent of AMCL),-2.3601,0.0673,-0.1836,,
1790756469790673075,19.100,map,sim_state_odom_plus_spawn (independent of AMCL),-2.3470,0.0648,-0.1877,,
1790756469831794787,19.117,map,sim_state_odom_plus_spawn (independent of AMCL),-2.3339,0.0622,-0.1919,,
1790756469884405242,19.133,map,sim_state_odom_plus_spawn (independent of AMCL),-2.3208,0.0596,-0.1960,,
1790756469924737399,19.150,map,sim_state_odom_plus_spawn (independent of AMCL),-2.3077,0.0570,-0.2002,,
1790756469975359233,19.167,map,sim_state_odom_plus_spawn (independent of AMCL),-2.2946,0.0543,-0.2043,,
1790756470021318301,19.183,map,sim_state_odom_plus_spawn (independent of AMCL),-2.2816,0.0515,-0.2085,,
1790756470074942356,19.200,map,sim_state_odom_plus_spawn (independent of AMCL),-2.2686,0.0487,-0.2128,,
1790756470118095359,19.217,map,sim_state_odom_plus_spawn (independent of AMCL),-2.2555,0.0458,-0.2170,,
1790756470169139442,19.233,map,sim_state_odom_plus_spawn (independent of AMCL),-2.2425,0.0429,-0.2212,,
1790756470206575451,19.250,map,sim_state_odom_plus_spawn (independent of AMCL),-2.2295,0.0399,-0.2255,,
1790756470263390634,19.267,map,sim_state_odom_plus_spawn (independent of AMCL),-2.2165,0.0369,-0.2298,,
1790756470313334659,19.283,map,sim_state_odom_plus_spawn (independent of AMCL),-2.2036,0.0338,-0.2341,,
1790756470352278286,19.300,map,sim_state_odom_plus_spawn (independent of AMCL),-2.1906,0.0306,-0.2384,,
1790756470393441645,19.317,map,sim_state_odom_plus_spawn (independent of AMCL),-2.1777,0.0274,-0.2426,,
1790756470451523015,19.333,map,sim_state_odom_plus_spawn (independent of AMCL),-2.1647,0.0242,-0.2466,,
1790756470494201523,19.350,map,sim_state_odom_plus_spawn (independent of AMCL),-2.1518,0.0209,-0.2505,,
1790756470544074801,19.367,map,sim_state_odom_plus_spawn (independent of AMCL),-2.1389,0.0175,-0.2545,,
1790756470585923222,19.383,map,sim_state_odom_plus_spawn (independent of AMCL),-2.1261,0.0141,-0.2586,,
1790756470634249279,19.400,map,sim_state_odom_plus_spawn (independent of AMCL),-2.1132,0.0106,-0.2627,,
1790756470676106531,19.417,map,sim_state_odom_plus_spawn (independent of AMCL),-2.1003,0.0071,-0.2666,,
1790756470730337465,19.433,map,sim_state_odom_plus_spawn (independent of AMCL),-2.0875,0.0036,-0.2703,,
1790756470767037002,19.450,map,sim_state_odom_plus_spawn (independent of AMCL),-2.0747,-0.0001,-0.2741,,
1790756470818306712,19.467,map,sim_state_odom_plus_spawn (independent of AMCL),-2.0618,-0.0037,-0.2778,,
1790756470857607512,19.483,map,sim_state_odom_plus_spawn (independent of AMCL),-2.0490,-0.0074,-0.2815,,
1790756470910497607,19.500,map,sim_state_odom_plus_spawn (independent of AMCL),-2.0362,-0.0112,-0.2851,,
1790756470952840510,19.517,map,sim_state_odom_plus_spawn (independent of AMCL),-2.0235,-0.0150,-0.2886,,
1790756471014973866,19.533,map,sim_state_odom_plus_spawn (independent of AMCL),-2.0107,-0.0188,-0.2922,,
1790756471052918860,19.550,map,sim_state_odom_plus_spawn (independent of AMCL),-1.9979,-0.0227,-0.2957,,
1790756471107933955,19.567,map,sim_state_odom_plus_spawn (independent of AMCL),-1.9854,-0.0266,-0.2991,,
1790756471152484970,19.583,map,sim_state_odom_plus_spawn (independent of AMCL),-1.9729,-0.0305,-0.3026,,
1790756471205668835,19.600,map,sim_state_odom_plus_spawn (independent of AMCL),-1.9602,-0.0345,-0.3063,,
1790756471246325162,19.617,map,sim_state_odom_plus_spawn (independent of AMCL),-1.9476,-0.0385,-0.3100,,
1790756471297635591,19.633,map,sim_state_odom_plus_spawn (independent of AMCL),-1.9349,-0.0426,-0.3137,,
1790756471333813965,19.650,map,sim_state_odom_plus_spawn (independent of AMCL),-1.9222,-0.0468,-0.3172,,
1790756471386301241,19.667,map,sim_state_odom_plus_spawn (independent of AMCL),-1.9095,-0.0510,-0.3207,,
1790756471427214617,19.683,map,sim_state_odom_plus_spawn (independent of AMCL),-1.8969,-0.0553,-0.3241,,
1790756471481536006,19.700,map,sim_state_odom_plus_spawn (independent of AMCL),-1.8843,-0.0596,-0.3274,,
1790756471520732313,19.717,map,sim_state_odom_plus_spawn (independent of AMCL),-1.8717,-0.0639,-0.3308,,
1790756471580614699,19.733,map,sim_state_odom_plus_spawn (independent of AMCL),-1.8591,-0.0683,-0.3341,,
1790756471624184651,19.750,map,sim_state_odom_plus_spawn (independent of AMCL),-1.8465,-0.0727,-0.3374,,
1790756471681313127,19.767,map,sim_state_odom_plus_spawn (independent of AMCL),-1.8339,-0.0771,-0.3406,,
1790756471731231307,19.783,map,sim_state_odom_plus_spawn (independent of AMCL),-1.8213,-0.0816,-0.3438,,
1790756471776402494,19.800,map,sim_state_odom_plus_spawn (independent of AMCL),-1.8088,-0.0862,-0.3470,,
1790756471816249186,19.817,map,sim_state_odom_plus_spawn (independent of AMCL),-1.7963,-0.0908,-0.3502,,
1790756471871001283,19.833,map,sim_state_odom_plus_spawn (independent of AMCL),-1.7837,-0.0954,-0.3533,,
1790756471909690371,19.850,map,sim_state_odom_plus_spawn (independent of AMCL),-1.7712,-0.1000,-0.3564,,
1790756471962956417,19.867,map,sim_state_odom_plus_spawn (independent of AMCL),-1.7587,-0.1047,-0.3595,,
1790756472003073731,19.883,map,sim_state_odom_plus_spawn (independent of AMCL),-1.7463,-0.1095,-0.3625,,
1790756472057417060,19.900,map,sim_state_odom_plus_spawn (independent of AMCL),-1.7338,-0.1142,-0.3653,,
1790756472099118596,19.917,map,sim_state_odom_plus_spawn (independent of AMCL),-1.7214,-0.1190,-0.3679,,
1790756472154676237,19.933,map,sim_state_odom_plus_spawn (independent of AMCL),-1.7089,-0.1239,-0.3704,,
1790756472206114585,19.950,map,sim_state_odom_plus_spawn (independent of AMCL),-1.6965,-0.1287,-0.3729,,
1790756472253688181,19.967,map,sim_state_odom_plus_spawn (independent of AMCL),-1.6841,-0.1336,-0.3753,,
1790756472302720402,19.983,map,sim_state_odom_plus_spawn (independent of AMCL),-1.6717,-0.1385,-0.3776,,
1790756472352938210,20.000,map,sim_state_odom_plus_spawn (independent of AMCL),-1.6593,-0.1435,-0.3797,,
1790756472393750811,20.017,map,sim_state_odom_plus_spawn (independent of AMCL),-1.6469,-0.1484,-0.3817,,
1790756472461376742,20.033,map,sim_state_odom_plus_spawn (independent of AMCL),-1.6346,-0.1534,-0.3838,,
1790756472500585134,20.050,map,sim_state_odom_plus_spawn (independent of AMCL),-1.6222,-0.1585,-0.3858,,
1790756472554288211,20.067,map,sim_state_odom_plus_spawn (independent of AMCL),-1.6098,-0.1635,-0.3876,,
1790756472597909015,20.083,map,sim_state_odom_plus_spawn (independent of AMCL),-1.5975,-0.1686,-0.3893,,
1790756472644893210,20.100,map,sim_state_odom_plus_spawn (independent of AMCL),-1.5852,-0.1737,-0.3910,,
1790756472683752983,20.117,map,sim_state_odom_plus_spawn (independent of AMCL),-1.5728,-0.1788,-0.3925,,
1790756472735597497,20.133,map,sim_state_odom_plus_spawn (independent of AMCL),-1.5605,-0.1839,-0.3940,,
1790756472775341927,20.150,map,sim_state_odom_plus_spawn (independent of AMCL),-1.5482,-0.1890,-0.3955,,
1790756472820293530,20.167,map,sim_state_odom_plus_spawn (independent of AMCL),-1.5359,-0.1942,-0.3969,,
1790756472859246732,20.183,map,sim_state_odom_plus_spawn (independent of AMCL),-1.5236,-0.1994,-0.3981,,
1790756472907552801,20.200,map,sim_state_odom_plus_spawn (independent of AMCL),-1.5113,-0.2046,-0.3992,,
1790756472942792226,20.217,map,sim_state_odom_plus_spawn (independent of AMCL),-1.4990,-0.2098,-0.4003,,
1790756472995996637,20.233,map,sim_state_odom_plus_spawn (independent of AMCL),-1.4867,-0.2150,-0.4014,,
1790756473030856020,20.250,map,sim_state_odom_plus_spawn (independent of AMCL),-1.4744,-0.2202,-0.4024,,
1790756473082878470,20.267,map,sim_state_odom_plus_spawn (independent of AMCL),-1.4622,-0.2254,-0.4034,,
1790756473130031862,20.283,map,sim_state_odom_plus_spawn (independent of AMCL),-1.4499,-0.2307,-0.4044,,
1790756473167133475,20.300,map,sim_state_odom_plus_spawn (independent of AMCL),-1.4376,-0.2360,-0.4052,,
1790756473202728492,20.317,map,sim_state_odom_plus_spawn (independent of AMCL),-1.4254,-0.2412,-0.4060,,
1790756473256230763,20.333,map,sim_state_odom_plus_spawn (independent of AMCL),-1.4131,-0.2465,-0.4066,,
1790756473294953412,20.350,map,sim_state_odom_plus_spawn (independent of AMCL),-1.4008,-0.2518,-0.4073,,
1790756473347707592,20.367,map,sim_state_odom_plus_spawn (independent of AMCL),-1.3886,-0.2571,-0.4080,,
1790756473382989223,20.383,map,sim_state_odom_plus_spawn (independent of AMCL),-1.3763,-0.2624,-0.4087,,
1790756473436213993,20.400,map,sim_state_odom_plus_spawn (independent of AMCL),-1.3641,-0.2677,-0.4093,,
1790756473474621117,20.417,map,sim_state_odom_plus_spawn (independent of AMCL),-1.3518,-0.2730,-0.4099,,
1790756473528897418,20.433,map,sim_state_odom_plus_spawn (independent of AMCL),-1.3396,-0.2784,-0.4106,,
1790756473562263871,20.450,map,sim_state_odom_plus_spawn (independent of AMCL),-1.3274,-0.2837,-0.4111,,
1790756473609777504,20.467,map,sim_state_odom_plus_spawn (independent of AMCL),-1.3151,-0.2891,-0.4114,,
1790756473645762417,20.483,map,sim_state_odom_plus_spawn (independent of AMCL),-1.3029,-0.2944,-0.4118,,
1790756473696182517,20.500,map,sim_state_odom_plus_spawn (independent of AMCL),-1.2907,-0.2997,-0.4122,,
1790756473733258937,20.517,map,sim_state_odom_plus_spawn (independent of AMCL),-1.2784,-0.3051,-0.4126,,
1790756473787874746,20.533,map,sim_state_odom_plus_spawn (independent of AMCL),-1.2662,-0.3105,-0.4129,,
1790756473823547576,20.550,map,sim_state_odom_plus_spawn (independent of AMCL),-1.2540,-0.3158,-0.4131,,
1790756473871249184,20.567,map,sim_state_odom_plus_spawn (independent of AMCL),-1.2417,-0.3212,-0.4134,,
1790756473907432672,20.583,map,sim_state_odom_plus_spawn (independent of AMCL),-1.2295,-0.3266,-0.4136,,
1790756473954811319,20.600,map,sim_state_odom_plus_spawn (independent of AMCL),-1.2173,-0.3319,-0.4138,,
1790756473989702589,20.617,map,sim_state_odom_plus_spawn (independent of AMCL),-1.2051,-0.3373,-0.4138,,
1790756474037894683,20.633,map,sim_state_odom_plus_spawn (independent of AMCL),-1.1928,-0.3427,-0.4139,,
1790756474072927539,20.650,map,sim_state_odom_plus_spawn (independent of AMCL),-1.1806,-0.3480,-0.4139,,
1790756474121484149,20.667,map,sim_state_odom_plus_spawn (independent of AMCL),-1.1684,-0.3534,-0.4139,,
1790756474158113127,20.683,map,sim_state_odom_plus_spawn (independent of AMCL),-1.1562,-0.3588,-0.4139,,
1790756474203340092,20.700,map,sim_state_odom_plus_spawn (independent of AMCL),-1.1439,-0.3641,-0.4138,,
1790756474240808267,20.717,map,sim_state_odom_plus_spawn (independent of AMCL),-1.1317,-0.3695,-0.4137,,
1790756474289455705,20.733,map,sim_state_odom_plus_spawn (independent of AMCL),-1.1195,-0.3749,-0.4136,,
1790756474325991810,20.750,map,sim_state_odom_plus_spawn (independent of AMCL),-1.1073,-0.3802,-0.4134,,
1790756474375426292,20.767,map,sim_state_odom_plus_spawn (independent of AMCL),-1.0950,-0.3856,-0.4133,,
1790756474450256754,20.783,map,sim_state_odom_plus_spawn (independent of AMCL),-1.0828,-0.3910,-0.4131,,
1790756474491895631,20.800,map,sim_state_odom_plus_spawn (independent of AMCL),-1.0706,-0.3963,-0.4129,,
1790756474525972060,20.817,map,sim_state_odom_plus_spawn (independent of AMCL),-1.0583,-0.4017,-0.4126,,
1790756474574248845,20.833,map,sim_state_odom_plus_spawn (independent of AMCL),-1.0463,-0.4069,-0.4123,,
1790756474610738932,20.850,map,sim_state_odom_plus_spawn (independent of AMCL),-1.0345,-0.4121,-0.4121,,
1790756474659631427,20.867,map,sim_state_odom_plus_spawn (independent of AMCL),-1.0229,-0.4172,-0.4118,,
1790756474692531380,20.883,map,sim_state_odom_plus_spawn (independent of AMCL),-1.0112,-0.4223,-0.4114,,
1790756474741607853,20.900,map,sim_state_odom_plus_spawn (independent of AMCL),-0.9998,-0.4272,-0.4111,,
1790756474779761647,20.917,map,sim_state_odom_plus_spawn (independent of AMCL),-0.9887,-0.4321,-0.4107,,
1790756474826408750,20.933,map,sim_state_odom_plus_spawn (independent of AMCL),-0.9777,-0.4369,-0.4104,,
1790756474862119416,20.950,map,sim_state_odom_plus_spawn (independent of AMCL),-0.9667,-0.4417,-0.4100,,
1790756474908346409,20.967,map,sim_state_odom_plus_spawn (independent of AMCL),-0.9557,-0.4464,-0.4096,,
1790756474951545709,20.983,map,sim_state_odom_plus_spawn (independent of AMCL),-0.9449,-0.4511,-0.4092,,
1790756474998651410,21.000,map,sim_state_odom_plus_spawn (independent of AMCL),-0.9342,-0.4558,-0.4088,,
1790756475038003527,21.017,map,sim_state_odom_plus_spawn (independent of AMCL),-0.9233,-0.4605,-0.4083,,
1790756475096233083,21.033,map,sim_state_odom_plus_spawn (independent of AMCL),-0.9123,-0.4652,-0.4079,,
1790756475134178170,21.050,map,sim_state_odom_plus_spawn (independent of AMCL),-0.9016,-0.4698,-0.4076,,
1790756475178301173,21.067,map,sim_state_odom_plus_spawn (independent of AMCL),-0.8911,-0.4744,-0.4072,,
1790756475212209521,21.083,map,sim_state_odom_plus_spawn (independent of AMCL),-0.8807,-0.4789,-0.4067,,
1790756475262875700,21.100,map,sim_state_odom_plus_spawn (independent of AMCL),-0.8703,-0.4833,-0.4063,,
1790756475296437752,21.117,map,sim_state_odom_plus_spawn (independent of AMCL),-0.8600,-0.4878,-0.4059,,
1790756475345302450,21.133,map,sim_state_odom_plus_spawn (independent of AMCL),-0.8498,-0.4921,-0.4055,,
1790756475385798876,21.150,map,sim_state_odom_plus_spawn (independent of AMCL),-0.8399,-0.4963,-0.4052,,
1790756475431147998,21.167,map,sim_state_odom_plus_spawn (independent of AMCL),-0.8302,-0.5005,-0.4047,,
1790756475470015022,21.183,map,sim_state_odom_plus_spawn (independent of AMCL),-0.8205,-0.5047,-0.4043,,
1790756475516748490,21.200,map,sim_state_odom_plus_spawn (independent of AMCL),-0.8108,-0.5088,-0.4038,,
1790756475556074205,21.217,map,sim_state_odom_plus_spawn (independent of AMCL),-0.8011,-0.5130,-0.4034,,
1790756475602758215,21.233,map,sim_state_odom_plus_spawn (independent of AMCL),-0.7916,-0.5170,-0.4031,,
1790756475641331097,21.250,map,sim_state_odom_plus_spawn (independent of AMCL),-0.7823,-0.5210,-0.4027,,
1790756475682721934,21.267,map,sim_state_odom_plus_spawn (independent of AMCL),-0.7732,-0.5248,-0.4022,,
1790756475730012503,21.283,map,sim_state_odom_plus_spawn (independent of AMCL),-0.7641,-0.5287,-0.4017,,
1790756475768805405,21.300,map,sim_state_odom_plus_spawn (independent of AMCL),-0.7550,-0.5326,-0.4013,,
1790756475809148156,21.317,map,sim_state_odom_plus_spawn (independent of AMCL),-0.7460,-0.5364,-0.4010,,
1790756475854886528,21.333,map,sim_state_odom_plus_spawn (independent of AMCL),-0.7371,-0.5402,-0.4007,,
1790756475892270623,21.350,map,sim_state_odom_plus_spawn (independent of AMCL),-0.7285,-0.5438,-0.4005,,
1790756475944975981,21.367,map,sim_state_odom_plus_spawn (independent of AMCL),-0.7200,-0.5474,-0.4001,,
1790756475981276573,21.383,map,sim_state_odom_plus_spawn (independent of AMCL),-0.7116,-0.5510,-0.3997,,
1790756476026085450,21.400,map,sim_state_odom_plus_spawn (independent of AMCL),-0.7031,-0.5545,-0.3993,,
1790756476064354219,21.417,map,sim_state_odom_plus_spawn (independent of AMCL),-0.6947,-0.5581,-0.3990,,
1790756476115084259,21.433,map,sim_state_odom_plus_spawn (independent of AMCL),-0.6865,-0.5615,-0.3988,,
1790756476155112229,21.450,map,sim_state_odom_plus_spawn (independent of AMCL),-0.6785,-0.5649,-0.3986,,
1790756476202946570,21.467,map,sim_state_odom_plus_spawn (independent of AMCL),-0.6707,-0.5682,-0.3983,,
1790756476240668466,21.483,map,sim_state_odom_plus_spawn (independent of AMCL),-0.6628,-0.5715,-0.3979,,
1790756476286872807,21.500,map,sim_state_odom_plus_spawn (independent of AMCL),-0.6551,-0.5747,-0.3975,,
1790756476326017324,21.517,map,sim_state_odom_plus_spawn (independent of AMCL),-0.6473,-0.5780,-0.3971,,
1790756476384036931,21.533,map,sim_state_odom_plus_spawn (independent of AMCL),-0.6397,-0.5812,-0.3968,,
1790756476424609894,21.550,map,sim_state_odom_plus_spawn (independent of AMCL),-0.6325,-0.5842,-0.3966,,
1790756476467604977,21.567,map,sim_state_odom_plus_spawn (independent of AMCL),-0.6254,-0.5872,-0.3964,,
1790756476510969809,21.583,map,sim_state_odom_plus_spawn (independent of AMCL),-0.6183,-0.5901,-0.3963,,
1790756476555950640,21.600,map,sim_state_odom_plus_spawn (independent of AMCL),-0.6112,-0.5931,-0.3962,,
1790756476598671722,21.617,map,sim_state_odom_plus_spawn (independent of AMCL),-0.6041,-0.5961,-0.3960,,
1790756476642147150,21.633,map,sim_state_odom_plus_spawn (independent of AMCL),-0.5969,-0.5991,-0.3957,,
1790756476678627402,21.650,map,sim_state_odom_plus_spawn (independent of AMCL),-0.5898,-0.6020,-0.3954,,
1790756476725557994,21.667,map,sim_state_odom_plus_spawn (independent of AMCL),-0.5827,-0.6050,-0.3952,,
1790756476761467412,21.683,map,sim_state_odom_plus_spawn (independent of AMCL),-0.5755,-0.6080,-0.3949,,
1790756476828056662,21.700,map,sim_state_odom_plus_spawn (independent of AMCL),-0.5686,-0.6109,-0.3948,,
1790756476862579072,21.717,map,sim_state_odom_plus_spawn (independent of AMCL),-0.5619,-0.6137,-0.3947,,
1790756476920019483,21.733,map,sim_state_odom_plus_spawn (independent of AMCL),-0.5553,-0.6164,-0.3946,,
1790756476959440443,21.750,map,sim_state_odom_plus_spawn (independent of AMCL),-0.5488,-0.6191,-0.3945,,
1790756477014092932,21.767,map,sim_state_odom_plus_spawn (independent of AMCL),-0.5423,-0.6218,-0.3942,,
1790756477063002694,21.783,map,sim_state_odom_plus_spawn (independent of AMCL),-0.5358,-0.6245,-0.3939,,
1790756477109806528,21.800,map,sim_state_odom_plus_spawn (independent of AMCL),-0.5293,-0.6272,-0.3936,,
1790756477145319604,21.817,map,sim_state_odom_plus_spawn (independent of AMCL),-0.5228,-0.6299,-0.3934,,
1790756477205163529,21.833,map,sim_state_odom_plus_spawn (independent of AMCL),-0.5165,-0.6326,-0.3934,,
1790756477242589438,21.850,map,sim_state_odom_plus_spawn (independent of AMCL),-0.5104,-0.6351,-0.3933,,
1790756477297959063,21.867,map,sim_state_odom_plus_spawn (independent of AMCL),-0.5045,-0.6375,-0.3932,,
1790756477333451279,21.883,map,sim_state_odom_plus_spawn (independent of AMCL),-0.4987,-0.6399,-0.3932,,
1790756477389160960,21.900,map,sim_state_odom_plus_spawn (independent of AMCL),-0.4928,-0.6424,-0.3931,,
1790756477424995395,21.917,map,sim_state_odom_plus_spawn (independent of AMCL),-0.4869,-0.6448,-0.3928,,
1790756477479211983,21.933,map,sim_state_odom_plus_spawn (independent of AMCL),-0.4811,-0.6472,-0.3926,,
1790756477512935602,21.950,map,sim_state_odom_plus_spawn (independent of AMCL),-0.4752,-0.6497,-0.3923,,
1790756477563661132,21.967,map,sim_state_odom_plus_spawn (independent of AMCL),-0.4694,-0.6521,-0.3922,,
1790756477604211826,21.983,map,sim_state_odom_plus_spawn (independent of AMCL),-0.4637,-0.6544,-0.3921,,
1790756477655984024,22.000,map,sim_state_odom_plus_spawn (independent of AMCL),-0.4583,-0.6566,-0.3921,,
1790756477694060731,22.017,map,sim_state_odom_plus_spawn (independent of AMCL),-0.4531,-0.6588,-0.3919,,
1790756477750329782,22.033,map,sim_state_odom_plus_spawn (independent of AMCL),-0.4478,-0.6610,-0.3919,,
1790756477788056752,22.050,map,sim_state_odom_plus_spawn (independent of AMCL),-0.4426,-0.6631,-0.3920,,
1790756477842597611,22.067,map,sim_state_odom_plus_spawn (independent of AMCL),-0.4374,-0.6653,-0.3919,,
1790756477881277192,22.083,map,sim_state_odom_plus_spawn (independent of AMCL),-0.4322,-0.6674,-0.3917,,
1790756477934683149,22.100,map,sim_state_odom_plus_spawn (independent of AMCL),-0.4270,-0.6696,-0.3915,,
1790756477967625361,22.117,map,sim_state_odom_plus_spawn (independent of AMCL),-0.4218,-0.6717,-0.3913,,
1790756478017889714,22.133,map,sim_state_odom_plus_spawn (independent of AMCL),-0.4166,-0.6739,-0.3912,,
1790756478057412532,22.150,map,sim_state_odom_plus_spawn (independent of AMCL),-0.4114,-0.6760,-0.3911,,
1790756478104868948,22.167,map,sim_state_odom_plus_spawn (independent of AMCL),-0.4064,-0.6781,-0.3911,,
1790756478142060979,22.183,map,sim_state_odom_plus_spawn (independent of AMCL),-0.4018,-0.6800,-0.3912,,
1790756478191399032,22.200,map,sim_state_odom_plus_spawn (independent of AMCL),-0.3973,-0.6818,-0.3914,,
1790756478230385689,22.217,map,sim_state_odom_plus_spawn (independent of AMCL),-0.3928,-0.6837,-0.3914,,
1790756478280749174,22.233,map,sim_state_odom_plus_spawn (independent of AMCL),-0.3882,-0.6856,-0.3914,,
1790756478314078989,22.250,map,sim_state_odom_plus_spawn (independent of AMCL),-0.3837,-0.6875,-0.3915,,
1790756478368425811,22.267,map,sim_state_odom_plus_spawn (independent of AMCL),-0.3791,-0.6893,-0.3916,,
1790756478412281982,22.283,map,sim_state_odom_plus_spawn (independent of AMCL),-0.3746,-0.6912,-0.3914,,
1790756478453788012,22.300,map,sim_state_odom_plus_spawn (independent of AMCL),-0.3700,-0.6931,-0.3913,,
1790756478489535623,22.317,map,sim_state_odom_plus_spawn (independent of AMCL),-0.3655,-0.6950,-0.3912,,
1790756478539449771,22.333,map,sim_state_odom_plus_spawn (independent of AMCL),-0.3609,-0.6969,-0.3910,,
1790756478578362478,22.350,map,sim_state_odom_plus_spawn (independent of AMCL),-0.3563,-0.6987,-0.3910,,
1790756478621778239,22.367,map,sim_state_odom_plus_spawn (independent of AMCL),-0.3518,-0.7006,-0.3910,,
1790756478655638576,22.383,map,sim_state_odom_plus_spawn (independent of AMCL),-0.3472,-0.7025,-0.3911,,
1790756478708222345,22.400,map,sim_state_odom_plus_spawn (independent of AMCL),-0.3429,-0.7043,-0.3913,,
1790756478757373221,22.417,map,sim_state_odom_plus_spawn (independent of AMCL),-0.3389,-0.7059,-0.3917,,
1790756478803796874,22.433,map,sim_state_odom_plus_spawn (independent of AMCL),-0.3353,-0.7074,-0.3924,,
1790756478844790610,22.450,map,sim_state_odom_plus_spawn (independent of AMCL),-0.3318,-0.7089,-0.3930,,
1790756478893737207,22.467,map,sim_state_odom_plus_spawn (independent of AMCL),-0.3280,-0.7104,-0.3934,,
1790756478929696332,22.483,map,sim_state_odom_plus_spawn (independent of AMCL),-0.3242,-0.7120,-0.3937,,
1790756478981901237,22.500,map,sim_state_odom_plus_spawn (independent of AMCL),-0.3203,-0.7137,-0.3940,,
1790756479024794274,22.517,map,sim_state_odom_plus_spawn (independent of AMCL),-0.3164,-0.7153,-0.3942,,
1790756479086044281,22.533,map,sim_state_odom_plus_spawn (independent of AMCL),-0.3125,-0.7169,-0.3944,,
1790756479128338765,22.550,map,sim_state_odom_plus_spawn (independent of AMCL),-0.3086,-0.7185,-0.3945,,
1790756479179507337,22.567,map,sim_state_odom_plus_spawn (independent of AMCL),-0.3047,-0.7202,-0.3945,,
1790756479222144885,22.583,map,sim_state_odom_plus_spawn (independent of AMCL),-0.3008,-0.7218,-0.3946,,
1790756479268065172,22.600,map,sim_state_odom_plus_spawn (independent of AMCL),-0.2969,-0.7234,-0.3949,,
1790756479303721450,22.617,map,sim_state_odom_plus_spawn (independent of AMCL),-0.2930,-0.7250,-0.3952,,
1790756479357641111,22.633,map,sim_state_odom_plus_spawn (independent of AMCL),-0.2891,-0.7267,-0.3954,,
1790756479393471787,22.650,map,sim_state_odom_plus_spawn (independent of AMCL),-0.2852,-0.7283,-0.3957,,
1790756479447069807,22.667,map,sim_state_odom_plus_spawn (independent of AMCL),-0.2813,-0.7299,-0.3960,,
1790756479485543606,22.683,map,sim_state_odom_plus_spawn (independent of AMCL),-0.2776,-0.7315,-0.3964,,
1790756479537785533,22.700,map,sim_state_odom_plus_spawn (independent of AMCL),-0.2743,-0.7329,-0.3970,,
1790756479577098998,22.717,map,sim_state_odom_plus_spawn (independent of AMCL),-0.2713,-0.7341,-0.3977,,
1790756479623980164,22.733,map,sim_state_odom_plus_spawn (independent of AMCL),-0.2684,-0.7353,-0.3982,,
1790756479661201043,22.750,map,sim_state_odom_plus_spawn (independent of AMCL),-0.2653,-0.7366,-0.3986,,
1790756479706640890,22.767,map,sim_state_odom_plus_spawn (independent of AMCL),-0.2621,-0.7380,-0.3990,,
1790756479758350039,22.783,map,sim_state_odom_plus_spawn (independent of AMCL),-0.2589,-0.7393,-0.3993,,
1790756479802046377,22.800,map,sim_state_odom_plus_spawn (independent of AMCL),-0.2556,-0.7407,-0.3997,,
1790756479840493491,22.817,map,sim_state_odom_plus_spawn (independent of AMCL),-0.2524,-0.7421,-0.4000,,
1790756479891529667,22.833,map,sim_state_odom_plus_spawn (independent of AMCL),-0.2492,-0.7435,-0.4003,,
1790756479927782431,22.850,map,sim_state_odom_plus_spawn (independent of AMCL),-0.2459,-0.7448,-0.4006,,
1790756479975543385,22.867,map,sim_state_odom_plus_spawn (independent of AMCL),-0.2427,-0.7462,-0.4008,,
1790756480010407638,22.883,map,sim_state_odom_plus_spawn (independent of AMCL),-0.2394,-0.7476,-0.4007,,
1790756480066527004,22.900,map,sim_state_odom_plus_spawn (independent of AMCL),-0.2362,-0.7490,-0.4005,,
1790756480106553846,22.917,map,sim_state_odom_plus_spawn (independent of AMCL),-0.2329,-0.7503,-0.4003,,
1790756480160969826,22.933,map,sim_state_odom_plus_spawn (independent of AMCL),-0.2297,-0.7517,-0.4000,,
1790756480199911474,22.950,map,sim_state_odom_plus_spawn (independent of AMCL),-0.2264,-0.7531,-0.3997,,
1790756480254323414,22.967,map,sim_state_odom_plus_spawn (independent of AMCL),-0.2232,-0.7544,-0.3995,,
1790756480294725831,22.983,map,sim_state_odom_plus_spawn (independent of AMCL),-0.2199,-0.7558,-0.3995,,
1790756480342837085,23.000,map,sim_state_odom_plus_spawn (independent of AMCL),-0.2167,-0.7572,-0.3995,,
1790756480383673524,23.017,map,sim_state_odom_plus_spawn (independent of AMCL),-0.2136,-0.7585,-0.3997,,
1790756480438093169,23.033,map,sim_state_odom_plus_spawn (independent of AMCL),-0.2110,-0.7596,-0.4000,,
1790756480471830977,23.050,map,sim_state_odom_plus_spawn (independent of AMCL),-0.2087,-0.7606,-0.4005,,
1790756480520075002,23.067,map,sim_state_odom_plus_spawn (independent of AMCL),-0.2066,-0.7614,-0.4009,,
1790756480560908059,23.083,map,sim_state_odom_plus_spawn (independent of AMCL),-0.2045,-0.7624,-0.4017,,
1790756480611658019,23.100,map,sim_state_odom_plus_spawn (independent of AMCL),-0.2020,-0.7634,-0.4018,,
1790756480650020001,23.117,map,sim_state_odom_plus_spawn (independent of AMCL),-0.1995,-0.7645,-0.4020,,
1790756480703663500,23.133,map,sim_state_odom_plus_spawn (independent of AMCL),-0.1969,-0.7656,-0.4023,,
1790756480742084774,23.150,map,sim_state_odom_plus_spawn (independent of AMCL),-0.1943,-0.7667,-0.4026,,
1790756480788623346,23.167,map,sim_state_odom_plus_spawn (independent of AMCL),-0.1917,-0.7678,-0.4028,,
1790756480828409921,23.183,map,sim_state_odom_plus_spawn (independent of AMCL),-0.1891,-0.7689,-0.4030,,
1790756480873800343,23.200,map,sim_state_odom_plus_spawn (independent of AMCL),-0.1865,-0.7700,-0.4030,,
1790756480912368107,23.217,map,sim_state_odom_plus_spawn (independent of AMCL),-0.1839,-0.7711,-0.4029,,
1790756480959784024,23.233,map,sim_state_odom_plus_spawn (independent of AMCL),-0.1813,-0.7722,-0.4028,,
1790756481002331648,23.250,map,sim_state_odom_plus_spawn (independent of AMCL),-0.1787,-0.7733,-0.4026,,
1790756481058912943,23.267,map,sim_state_odom_plus_spawn (independent of AMCL),-0.1761,-0.7744,-0.4025,,
1790756481103062377,23.283,map,sim_state_odom_plus_spawn (independent of AMCL),-0.1735,-0.7755,-0.4022,,
1790756481157365788,23.300,map,sim_state_odom_plus_spawn (independent of AMCL),-0.1709,-0.7766,-0.4021,,
1790756481196358177,23.317,map,sim_state_odom_plus_spawn (independent of AMCL),-0.1683,-0.7777,-0.4018,,
1790756481246022097,23.333,map,sim_state_odom_plus_spawn (independent of AMCL),-0.1658,-0.7788,-0.4017,,
1790756481283507110,23.350,map,sim_state_odom_plus_spawn (independent of AMCL),-0.1632,-0.7800,-0.4014,,
1790756481333208053,23.367,map,sim_state_odom_plus_spawn (independent of AMCL),-0.1607,-0.7810,-0.4010,,
1790756481370130594,23.383,map,sim_state_odom_plus_spawn (independent of AMCL),-0.1587,-0.7818,-0.4002,,
1790756481419029927,23.400,map,sim_state_odom_plus_spawn (independent of AMCL),-0.1572,-0.7825,-0.3991,,
1790756481454880054,23.417,map,sim_state_odom_plus_spawn (independent of AMCL),-0.1562,-0.7829,-0.3976,,
1790756481509435007,23.433,map,sim_state_odom_plus_spawn (independent of AMCL),-0.1556,-0.7831,-0.3958,,
1790756481549257477,23.450,map,sim_state_odom_plus_spawn (independent of AMCL),-0.1554,-0.7832,-0.3939,,
1790756481597344112,23.467,map,sim_state_odom_plus_spawn (independent of AMCL),-0.1553,-0.7833,-0.3919,,
1790756481630101120,23.483,map,sim_state_odom_plus_spawn (independent of AMCL),-0.1552,-0.7833,-0.3900,,
1790756481677794890,23.500,map,sim_state_odom_plus_spawn (independent of AMCL),-0.1552,-0.7833,-0.3881,,
1790756481714162478,23.517,map,sim_state_odom_plus_spawn (independent of AMCL),-0.1552,-0.7833,-0.3862,,
1790756481776894492,23.533,map,sim_state_odom_plus_spawn (independent of AMCL),-0.1551,-0.7833,-0.3843,,
1790756481812150106,23.550,map,sim_state_odom_plus_spawn (independent of AMCL),-0.1551,-0.7833,-0.3825,,
1790756481858399268,23.567,map,sim_state_odom_plus_spawn (independent of AMCL),-0.1550,-0.7834,-0.3806,,
1790756481892935209,23.583,map,sim_state_odom_plus_spawn (independent of AMCL),-0.1550,-0.7834,-0.3787,,
1790756481944244164,23.600,map,sim_state_odom_plus_spawn (independent of AMCL),-0.1549,-0.7834,-0.3768,,
1790756481985156808,23.617,map,sim_state_odom_plus_spawn (independent of AMCL),-0.1548,-0.7834,-0.3748,,
1790756482036472904,23.633,map,sim_state_odom_plus_spawn (independent of AMCL),-0.1548,-0.7835,-0.3729,,
1790756482076643042,23.650,map,sim_state_odom_plus_spawn (independent of AMCL),-0.1547,-0.7835,-0.3709,,
1790756482123504006,23.667,map,sim_state_odom_plus_spawn (independent of AMCL),-0.1546,-0.7835,-0.3689,,
1790756482160362652,23.683,map,sim_state_odom_plus_spawn (independent of AMCL),-0.1545,-0.7835,-0.3669,,
1790756482209156651,23.700,map,sim_state_odom_plus_spawn (independent of AMCL),-0.1544,-0.7836,-0.3649,,
1790756482250918733,23.717,map,sim_state_odom_plus_spawn (independent of AMCL),-0.1544,-0.7836,-0.3628,,
1790756482296466451,23.733,map,sim_state_odom_plus_spawn (independent of AMCL),-0.1543,-0.7836,-0.3607,,
1790756482332428583,23.750,map,sim_state_odom_plus_spawn (independent of AMCL),-0.1542,-0.7837,-0.3586,,
1790756482380030738,23.767,map,sim_state_odom_plus_spawn (independent of AMCL),-0.1541,-0.7837,-0.3565,,
1790756482429378750,23.783,map,sim_state_odom_plus_spawn (independent of AMCL),-0.1540,-0.7837,-0.3544,,
1790756482468066507,23.800,map,sim_state_odom_plus_spawn (independent of AMCL),-0.1539,-0.7838,-0.3522,,
1790756482504475815,23.817,map,sim_state_odom_plus_spawn (independent of AMCL),-0.1538,-0.7838,-0.3500,,
1790756482551333678,23.833,map,sim_state_odom_plus_spawn (independent of AMCL),-0.1536,-0.7839,-0.3478,,
1790756482586508483,23.850,map,sim_state_odom_plus_spawn (independent of AMCL),-0.1535,-0.7839,-0.3456,,
1790756482636113582,23.867,map,sim_state_odom_plus_spawn (independent of AMCL),-0.1534,-0.7840,-0.3433,,
1790756482672614600,23.883,map,sim_state_odom_plus_spawn (independent of AMCL),-0.1533,-0.7840,-0.3411,,
1790756482719678151,23.900,map,sim_state_odom_plus_spawn (independent of AMCL),-0.1532,-0.7840,-0.3388,,
1790756482755842964,23.917,map,sim_state_odom_plus_spawn (independent of AMCL),-0.1530,-0.7841,-0.3364,,
1790756482804163289,23.933,map,sim_state_odom_plus_spawn (independent of AMCL),-0.1529,-0.7841,-0.3341,,
1790756482840311376,23.950,map,sim_state_odom_plus_spawn (independent of AMCL),-0.1528,-0.7842,-0.3317,,
1790756482887971695,23.967,map,sim_state_odom_plus_spawn (independent of AMCL),-0.1526,-0.7842,-0.3292,,
1790756482932583716,23.983,map,sim_state_odom_plus_spawn (independent of AMCL),-0.1525,-0.7843,-0.3268,,
1790756482980303420,24.000,map,sim_state_odom_plus_spawn (independent of AMCL),-0.1523,-0.7843,-0.3243,,
1790756483022283875,24.017,map,sim_state_odom_plus_spawn (independent of AMCL),-0.1522,-0.7844,-0.3218,,
1790756483077826394,24.033,map,sim_state_odom_plus_spawn (independent of AMCL),-0.1520,-0.7844,-0.3193,,
1790756483119636116,24.050,map,sim_state_odom_plus_spawn (independent of AMCL),-0.1519,-0.7845,-0.3167,,
1790756483166901878,24.067,map,sim_state_odom_plus_spawn (independent of AMCL),-0.1517,-0.7845,-0.3141,,
1790756483200726979,24.083,map,sim_state_odom_plus_spawn (independent of AMCL),-0.1516,-0.7846,-0.3115,,
1790756483250389208,24.100,map,sim_state_odom_plus_spawn (independent of AMCL),-0.1514,-0.7846,-0.3089,,
1790756483289275981,24.117,map,sim_state_odom_plus_spawn (independent of AMCL),-0.1513,-0.7847,-0.3062,,
1790756483334028009,24.133,map,sim_state_odom_plus_spawn (independent of AMCL),-0.1511,-0.7847,-0.3035,,
1790756483371505598,24.150,map,sim_state_odom_plus_spawn (independent of AMCL),-0.1509,-0.7848,-0.3007,,
1790756483418316385,24.167,map,sim_state_odom_plus_spawn (independent of AMCL),-0.1508,-0.7848,-0.2979,,
1790756483455160655,24.183,map,sim_state_odom_plus_spawn (independent of AMCL),-0.1506,-0.7849,-0.2952,,
1790756483500116210,24.200,map,sim_state_odom_plus_spawn (independent of AMCL),-0.1504,-0.7849,-0.2928,,
1790756483537984503,24.217,map,sim_state_odom_plus_spawn (independent of AMCL),-0.1503,-0.7850,-0.2907,,
1790756483584527115,24.233,map,sim_state_odom_plus_spawn (independent of AMCL),-0.1501,-0.7850,-0.2886,,
1790756483622493132,24.250,map,sim_state_odom_plus_spawn (independent of AMCL),-0.1499,-0.7850,-0.2866,,
1790756483670305377,24.267,map,sim_state_odom_plus_spawn (independent of AMCL),-0.1498,-0.7851,-0.2846,,
1790756483715921088,24.283,map,sim_state_odom_plus_spawn (independent of AMCL),-0.1496,-0.7851,-0.2827,,
1790756483754877263,24.300,map,sim_state_odom_plus_spawn (independent of AMCL),-0.1495,-0.7852,-0.2808,,
1790756483791949600,24.317,map,sim_state_odom_plus_spawn (independent of AMCL),-0.1493,-0.7852,-0.2788,,
1790756483841573254,24.333,map,sim_state_odom_plus_spawn (independent of AMCL),-0.1492,-0.7853,-0.2768,,
1790756483880124523,24.350,map,sim_state_odom_plus_spawn (independent of AMCL),-0.1490,-0.7853,-0.2749,,
1790756483926522794,24.367,map,sim_state_odom_plus_spawn (independent of AMCL),-0.1488,-0.7854,-0.2729,,
1790756483963111205,24.383,map,sim_state_odom_plus_spawn (independent of AMCL),-0.1487,-0.7854,-0.2709,,
1790756484013475363,24.400,map,sim_state_odom_plus_spawn (independent of AMCL),-0.1485,-0.7854,-0.2689,,
1790756484048912236,24.417,map,sim_state_odom_plus_spawn (independent of AMCL),-0.1484,-0.7855,-0.2669,,
1790756484103113944,24.433,map,sim_state_odom_plus_spawn (independent of AMCL),-0.1482,-0.7855,-0.2648,,
1790756484143322271,24.450,map,sim_state_odom_plus_spawn (independent of AMCL),-0.1480,-0.7856,-0.2628,,
1790756484191570434,24.467,map,sim_state_odom_plus_spawn (independent of AMCL),-0.1478,-0.7856,-0.2608,,
1790756484230617698,24.483,map,sim_state_odom_plus_spawn (independent of AMCL),-0.1477,-0.7857,-0.2587,,
1790756484277423704,24.500,map,sim_state_odom_plus_spawn (independent of AMCL),-0.1475,-0.7857,-0.2566,,
1790756484317909920,24.517,map,sim_state_odom_plus_spawn (independent of AMCL),-0.1474,-0.7858,-0.2546,,
1790756484375939183,24.533,map,sim_state_odom_plus_spawn (independent of AMCL),-0.1472,-0.7858,-0.2524,,
1790756484415680275,24.550,map,sim_state_odom_plus_spawn (independent of AMCL),-0.1470,-0.7858,-0.2503,,
1790756484461647143,24.567,map,sim_state_odom_plus_spawn (independent of AMCL),-0.1469,-0.7859,-0.2482,,
1790756484500804357,24.583,map,sim_state_odom_plus_spawn (independent of AMCL),-0.1467,-0.7859,-0.2460,,
1790756484546386310,24.600,map,sim_state_odom_plus_spawn (independent of AMCL),-0.1465,-0.7860,-0.2438,,
1790756484584992083,24.617,map,sim_state_odom_plus_spawn (independent of AMCL),-0.1464,-0.7860,-0.2417,,
1790756484631974138,24.633,map,sim_state_odom_plus_spawn (independent of AMCL),-0.1462,-0.7860,-0.2394,,
1790756484669173962,24.650,map,sim_state_odom_plus_spawn (independent of AMCL),-0.1461,-0.7861,-0.2372,,
1790756484716536595,24.667,map,sim_state_odom_plus_spawn (independent of AMCL),-0.1459,-0.7861,-0.2350,,
1790756484755523228,24.683,map,sim_state_odom_plus_spawn (independent of AMCL),-0.1457,-0.7861,-0.2328,,
1790756484802206649,24.700,map,sim_state_odom_plus_spawn (independent of AMCL),-0.1456,-0.7862,-0.2305,,
1790756484839699449,24.717,map,sim_state_odom_plus_spawn (independent of AMCL),-0.1454,-0.7862,-0.2283,,
1790756484889303018,24.733,map,sim_state_odom_plus_spawn (independent of AMCL),-0.1453,-0.7863,-0.2259,,
1790756484924343755,24.750,map,sim_state_odom_plus_spawn (independent of AMCL),-0.1451,-0.7863,-0.2236,,
1790756484969966727,24.767,map,sim_state_odom_plus_spawn (independent of AMCL),-0.1449,-0.7863,-0.2213,,
1790756485027938092,24.783,map,sim_state_odom_plus_spawn (independent of AMCL),-0.1448,-0.7864,-0.2190,,
1790756485063823058,24.800,map,sim_state_odom_plus_spawn (independent of AMCL),-0.1446,-0.7864,-0.2166,,
1790756485099299629,24.817,map,sim_state_odom_plus_spawn (independent of AMCL),-0.1445,-0.7864,-0.2142,,
1790756485151113771,24.833,map,sim_state_odom_plus_spawn (independent of AMCL),-0.1443,-0.7865,-0.2118,,
1790756485202656435,24.850,map,sim_state_odom_plus_spawn (independent of AMCL),-0.1442,-0.7865,-0.2094,,
1790756485249408409,24.867,map,sim_state_odom_plus_spawn (independent of AMCL),-0.1440,-0.7865,-0.2070,,
1790756485284132218,24.883,map,sim_state_odom_plus_spawn (independent of AMCL),-0.1439,-0.7865,-0.2046,,
1790756485335566255,24.900,map,sim_state_odom_plus_spawn (independent of AMCL),-0.1438,-0.7866,-0.2021,,
1790756485374103380,24.917,map,sim_state_odom_plus_spawn (independent of AMCL),-0.1436,-0.7866,-0.1997,,
1790756485423443675,24.933,map,sim_state_odom_plus_spawn (independent of AMCL),-0.1435,-0.7866,-0.1972,,
1790756486298259222,24.950,map,sim_state_odom_plus_spawn (independent of AMCL),-0.1433,-0.7867,-0.1947,,
1790756486347000740,24.967,map,sim_state_odom_plus_spawn (independent of AMCL),-0.1432,-0.7867,-0.1922,,
1790756487549465478,24.983,map,sim_state_odom_plus_spawn (independent of AMCL),-0.1431,-0.7867,-0.1897,,
1790756487596389542,25.000,map,sim_state_odom_plus_spawn (independent of AMCL),-0.1430,-0.7867,-0.1872,,
1790756487634684233,25.017,map,sim_state_odom_plus_spawn (independent of AMCL),-0.1428,-0.7868,-0.1846,,
1790756487697537944,25.033,map,sim_state_odom_plus_spawn (independent of AMCL),-0.1427,-0.7868,-0.1821,,
1790756487736433016,25.050,map,sim_state_odom_plus_spawn (independent of AMCL),-0.1426,-0.7868,-0.1795,,
1790756487782593756,25.067,map,sim_state_odom_plus_spawn (independent of AMCL),-0.1425,-0.7868,-0.1769,,
1790756487820227152,25.083,map,sim_state_odom_plus_spawn (independent of AMCL),-0.1423,-0.7868,-0.1744,,
1790756487862971277,25.100,map,sim_state_odom_plus_spawn (independent of AMCL),-0.1422,-0.7869,-0.1719,,
1790756487896955714,25.117,map,sim_state_odom_plus_spawn (independent of AMCL),-0.1421,-0.7869,-0.1698,,
1790756487946821236,25.133,map,sim_state_odom_plus_spawn (independent of AMCL),-0.1420,-0.7869,-0.1681,,
1790756487986673126,25.150,map,sim_state_odom_plus_spawn (independent of AMCL),-0.1419,-0.7869,-0.1669,,
1790756488034964476,25.167,map,sim_state_odom_plus_spawn (independent of AMCL),-0.1419,-0.7869,-0.1663,,
1790756488075837776,25.183,map,sim_state_odom_plus_spawn (independent of AMCL),-0.1418,-0.7869,-0.1659,,
1790756488125123757,25.200,map,sim_state_odom_plus_spawn (independent of AMCL),-0.1418,-0.7869,-0.1658,,
1790756488164066448,25.217,map,sim_state_odom_plus_spawn (independent of AMCL),-0.1418,-0.7869,-0.1657,,
1790756488216785263,25.233,map,sim_state_odom_plus_spawn (independent of AMCL),-0.1418,-0.7869,-0.1656,,
1790756488257327208,25.250,map,sim_state_odom_plus_spawn (independent of AMCL),-0.1418,-0.7869,-0.1656,,
1790756488304052685,25.267,map,sim_state_odom_plus_spawn (independent of AMCL),-0.1418,-0.7869,-0.1656,,
1790756488350400979,25.283,map,sim_state_odom_plus_spawn (independent of AMCL),-0.1418,-0.7869,-0.1657,,
1790756488390832787,25.300,map,sim_state_odom_plus_spawn (independent of AMCL),-0.1418,-0.7869,-0.1657,,
1790756488423393548,25.317,map,sim_state_odom_plus_spawn (independent of AMCL),-0.1418,-0.7869,-0.1657,,
1790756488471499419,25.333,map,sim_state_odom_plus_spawn (independent of AMCL),-0.1418,-0.7869,-0.1658,,
1790756488508693302,25.350,map,sim_state_odom_plus_spawn (independent of AMCL),-0.1418,-0.7869,-0.1658,,
1790756488555009064,25.367,map,sim_state_odom_plus_spawn (independent of AMCL),-0.1418,-0.7869,-0.1658,,
1790756488590703364,25.383,map,sim_state_odom_plus_spawn (independent of AMCL),-0.1418,-0.7869,-0.1658,,
1790756488638895044,25.400,map,sim_state_odom_plus_spawn (independent of AMCL),-0.1418,-0.7869,-0.1658,,
1790756488676625187,25.417,map,sim_state_odom_plus_spawn (independent of AMCL),-0.1418,-0.7869,-0.1658,,
1790756488725568026,25.433,map,sim_state_odom_plus_spawn (independent of AMCL),-0.1418,-0.7869,-0.1659,,
1790756488761795662,25.450,map,sim_state_odom_plus_spawn (independent of AMCL),-0.1418,-0.7869,-0.1659,,
1790756488808430144,25.467,map,sim_state_odom_plus_spawn (independent of AMCL),-0.1418,-0.7869,-0.1659,,
1790756488844549906,25.483,map,sim_state_odom_plus_spawn (independent of AMCL),-0.1418,-0.7869,-0.1659,,
1790756488892801181,25.500,map,sim_state_odom_plus_spawn (independent of AMCL),-0.1418,-0.7869,-0.1659,,
1790756488931167914,25.517,map,sim_state_odom_plus_spawn (independent of AMCL),-0.1418,-0.7869,-0.1659,,
1790756488988974733,25.533,map,sim_state_odom_plus_spawn (independent of AMCL),-0.1418,-0.7869,-0.1659,,
1790756489023264970,25.550,map,sim_state_odom_plus_spawn (independent of AMCL),-0.1418,-0.7869,-0.1659,,
1790756489069165078,25.567,map,sim_state_odom_plus_spawn (independent of AMCL),-0.1418,-0.7869,-0.1659,,
1790756489107340673,25.583,map,sim_state_odom_plus_spawn (independent of AMCL),-0.1418,-0.7869,-0.1659,,
1790756489153617869,25.600,map,sim_state_odom_plus_spawn (independent of AMCL),-0.1418,-0.7869,-0.1659,,
1790756489186741103,25.617,map,sim_state_odom_plus_spawn (independent of AMCL),-0.1418,-0.7869,-0.1659,,
1790756489237422283,25.633,map,sim_state_odom_plus_spawn (independent of AMCL),-0.1418,-0.7869,-0.1659,,
1790756489271471595,25.650,map,sim_state_odom_plus_spawn (independent of AMCL),-0.1418,-0.7869,-0.1659,,
1790756489320859227,25.667,map,sim_state_odom_plus_spawn (independent of AMCL),-0.1418,-0.7869,-0.1659,,
1790756489358401533,25.683,map,sim_state_odom_plus_spawn (independent of AMCL),-0.1418,-0.7869,-0.1659,,
1790756489419907099,25.700,map,sim_state_odom_plus_spawn (independent of AMCL),-0.1418,-0.7869,-0.1659,,
1790756489455682210,25.717,map,sim_state_odom_plus_spawn (independent of AMCL),-0.1418,-0.7869,-0.1659,,
1790756489513658196,25.733,map,sim_state_odom_plus_spawn (independent of AMCL),-0.1418,-0.7869,-0.1659,,
1790756489547146543,25.750,map,sim_state_odom_plus_spawn (independent of AMCL),-0.1418,-0.7869,-0.1659,,
1790756489603537890,25.767,map,sim_state_odom_plus_spawn (independent of AMCL),-0.1418,-0.7869,-0.1659,,
1790756489650554646,25.783,map,sim_state_odom_plus_spawn (independent of AMCL),-0.1418,-0.7869,-0.1659,,
1790756489691744120,25.800,map,sim_state_odom_plus_spawn (independent of AMCL),-0.1418,-0.7869,-0.1659,,
1790756489733216763,25.817,map,sim_state_odom_plus_spawn (independent of AMCL),-0.1418,-0.7869,-0.1659,,
1790756489785276828,25.833,map,sim_state_odom_plus_spawn (independent of AMCL),-0.1418,-0.7869,-0.1659,,
1790756489823425078,25.850,map,sim_state_odom_plus_spawn (independent of AMCL),-0.1418,-0.7869,-0.1659,,
1790756489874044305,25.867,map,sim_state_odom_plus_spawn (independent of AMCL),-0.1418,-0.7869,-0.1659,,
1790756489909262695,25.883,map,sim_state_odom_plus_spawn (independent of AMCL),-0.1418,-0.7869,-0.1659,,
1790756489959572727,25.900,map,sim_state_odom_plus_spawn (independent of AMCL),-0.1418,-0.7869,-0.1659,,
1790756489998646489,25.917,map,sim_state_odom_plus_spawn (independent of AMCL),-0.1418,-0.7869,-0.1659,,
1790756490054960796,25.933,map,sim_state_odom_plus_spawn (independent of AMCL),-0.1418,-0.7869,-0.1659,,
1790756490088833493,25.950,map,sim_state_odom_plus_spawn (independent of AMCL),-0.1418,-0.7869,-0.1659,,
1790756490137491747,25.967,map,sim_state_odom_plus_spawn (independent of AMCL),-0.1418,-0.7869,-0.1659,,
1790756490175312037,25.983,map,sim_state_odom_plus_spawn (independent of AMCL),-0.1418,-0.7869,-0.1659,,
1790756490221413843,26.000,map,sim_state_odom_plus_spawn (independent of AMCL),-0.1418,-0.7869,-0.1659,,
1790756490260781052,26.017,map,sim_state_odom_plus_spawn (independent of AMCL),-0.1418,-0.7869,-0.1659,,
1790756490317775892,26.033,map,sim_state_odom_plus_spawn (independent of AMCL),-0.1418,-0.7869,-0.1659,,
1790756490352714035,26.050,map,sim_state_odom_plus_spawn (independent of AMCL),-0.1418,-0.7869,-0.1659,,
1790756490399324848,26.067,map,sim_state_odom_plus_spawn (independent of AMCL),-0.1418,-0.7869,-0.1659,,
1790756490437463008,26.083,map,sim_state_odom_plus_spawn (independent of AMCL),-0.1418,-0.7869,-0.1659,,
1790756490486612732,26.100,map,sim_state_odom_plus_spawn (independent of AMCL),-0.1418,-0.7869,-0.1659,,
1790756490537050818,26.117,map,sim_state_odom_plus_spawn (independent of AMCL),-0.1418,-0.7869,-0.1659,,
1790756490583581008,26.133,map,sim_state_odom_plus_spawn (independent of AMCL),-0.1418,-0.7869,-0.1659,,
1790756490622378672,26.150,map,sim_state_odom_plus_spawn (independent of AMCL),-0.1418,-0.7869,-0.1659,,
1790756490668569776,26.167,map,sim_state_odom_plus_spawn (independent of AMCL),-0.1418,-0.7869,-0.1659,,
1790756490709024403,26.183,map,sim_state_odom_plus_spawn (independent of AMCL),-0.1418,-0.7869,-0.1659,,
1790756490755418525,26.200,map,sim_state_odom_plus_spawn (independent of AMCL),-0.1418,-0.7869,-0.1659,,
1790756490793195722,26.217,map,sim_state_odom_plus_spawn (independent of AMCL),-0.1418,-0.7869,-0.1659,,
1790756490841588157,26.233,map,sim_state_odom_plus_spawn (independent of AMCL),-0.1418,-0.7869,-0.1659,,
1790756490889175968,26.250,map,sim_state_odom_plus_spawn (independent of AMCL),-0.1418,-0.7869,-0.1659,,
1790756490937341999,26.267,map,sim_state_odom_plus_spawn (independent of AMCL),-0.1418,-0.7869,-0.1659,,
1790756490992114856,26.283,map,sim_state_odom_plus_spawn (independent of AMCL),-0.1418,-0.7869,-0.1659,,
1790756491030978244,26.300,map,sim_state_odom_plus_spawn (independent of AMCL),-0.1418,-0.7869,-0.1659,,
1790756491070043614,26.317,map,sim_state_odom_plus_spawn (independent of AMCL),-0.1418,-0.7869,-0.1659,,
1790756491125742171,26.333,map,sim_state_odom_plus_spawn (independent of AMCL),-0.1418,-0.7869,-0.1659,,
1790756491162749349,26.350,map,sim_state_odom_plus_spawn (independent of AMCL),-0.1418,-0.7869,-0.1659,,
1790756491209249082,26.367,map,sim_state_odom_plus_spawn (independent of AMCL),-0.1418,-0.7869,-0.1659,,
1790756491263187705,26.383,map,sim_state_odom_plus_spawn (independent of AMCL),-0.1418,-0.7869,-0.1659,,
1790756491300862308,26.400,map,sim_state_odom_plus_spawn (independent of AMCL),-0.1418,-0.7869,-0.1659,,
1790756491342025378,26.417,map,sim_state_odom_plus_spawn (independent of AMCL),-0.1418,-0.7869,-0.1659,,
1790756491391471190,26.433,map,sim_state_odom_plus_spawn (independent of AMCL),-0.1418,-0.7869,-0.1659,,
1790756491432260567,26.450,map,sim_state_odom_plus_spawn (independent of AMCL),-0.1418,-0.7869,-0.1659,,
1790756491486812961,26.467,map,sim_state_odom_plus_spawn (independent of AMCL),-0.1418,-0.7869,-0.1659,,
1790756491531702124,26.483,map,sim_state_odom_plus_spawn (independent of AMCL),-0.1418,-0.7869,-0.1659,,
1790756491574925272,26.500,map,sim_state_odom_plus_spawn (independent of AMCL),-0.1418,-0.7869,-0.1659,,
1790756491617271847,26.517,map,sim_state_odom_plus_spawn (independent of AMCL),-0.1418,-0.7869,-0.1659,,
1790756491678097259,26.533,map,sim_state_odom_plus_spawn (independent of AMCL),-0.1418,-0.7869,-0.1659,,
1790756491714274824,26.550,map,sim_state_odom_plus_spawn (independent of AMCL),-0.1418,-0.7869,-0.1659,,
1790756491764586553,26.567,map,sim_state_odom_plus_spawn (independent of AMCL),-0.1418,-0.7869,-0.1659,,
1790756491797606345,26.583,map,sim_state_odom_plus_spawn (independent of AMCL),-0.1418,-0.7869,-0.1659,,
1790756491845355119,26.600,map,sim_state_odom_plus_spawn (independent of AMCL),-0.1418,-0.7869,-0.1659,,
1790756491884188615,26.617,map,sim_state_odom_plus_spawn (independent of AMCL),-0.1418,-0.7869,-0.1659,,
1790756491934534762,26.633,map,sim_state_odom_plus_spawn (independent of AMCL),-0.1418,-0.7869,-0.1659,,
1790756491972243029,26.650,map,sim_state_odom_plus_spawn (independent of AMCL),-0.1418,-0.7869,-0.1659,,
1790756492028631170,26.667,map,sim_state_odom_plus_spawn (independent of AMCL),-0.1418,-0.7869,-0.1659,,
1790756492065879368,26.683,map,sim_state_odom_plus_spawn (independent of AMCL),-0.1418,-0.7869,-0.1659,,
1790756492112202862,26.700,map,sim_state_odom_plus_spawn (independent of AMCL),-0.1418,-0.7869,-0.1659,,
1790756492152026086,26.717,map,sim_state_odom_plus_spawn (independent of AMCL),-0.1418,-0.7869,-0.1659,,
1790756492200498767,26.733,map,sim_state_odom_plus_spawn (independent of AMCL),-0.1418,-0.7869,-0.1659,,
1790756492235455297,26.750,map,sim_state_odom_plus_spawn (independent of AMCL),-0.1418,-0.7869,-0.1659,,
1790756492285813609,26.767,map,sim_state_odom_plus_spawn (independent of AMCL),-0.1418,-0.7869,-0.1659,,
1790756492333423296,26.783,map,sim_state_odom_plus_spawn (independent of AMCL),-0.1418,-0.7869,-0.1659,,
1790756492369428677,26.800,map,sim_state_odom_plus_spawn (independent of AMCL),-0.1418,-0.7869,-0.1659,,
1790756492407422659,26.817,map,sim_state_odom_plus_spawn (independent of AMCL),-0.1418,-0.7869,-0.1659,,
1790756492455806797,26.833,map,sim_state_odom_plus_spawn (independent of AMCL),-0.1418,-0.7869,-0.1659,,
1790756492495477733,26.850,map,sim_state_odom_plus_spawn (independent of AMCL),-0.1418,-0.7869,-0.1659,,
1790756492542449510,26.867,map,sim_state_odom_plus_spawn (independent of AMCL),-0.1418,-0.7869,-0.1659,,
1790756492577762855,26.883,map,sim_state_odom_plus_spawn (independent of AMCL),-0.1418,-0.7869,-0.1659,,
1790756492625048449,26.900,map,sim_state_odom_plus_spawn (independent of AMCL),-0.1418,-0.7869,-0.1659,,
1790756492675295302,26.917,map,sim_state_odom_plus_spawn (independent of AMCL),-0.1418,-0.7869,-0.1659,,
1790756492723503296,26.933,map,sim_state_odom_plus_spawn (independent of AMCL),-0.1418,-0.7869,-0.1659,,
1790756492762681065,26.950,map,sim_state_odom_plus_spawn (independent of AMCL),-0.1418,-0.7869,-0.1659,,
1790756492813097274,26.967,map,sim_state_odom_plus_spawn (independent of AMCL),-0.1418,-0.7869,-0.1659,,
1790756492847221080,26.983,map,sim_state_odom_plus_spawn (independent of AMCL),-0.1418,-0.7869,-0.1659,,
1790756492898520745,27.000,map,sim_state_odom_plus_spawn (independent of AMCL),-0.1418,-0.7869,-0.1659,,
1790756492939164058,27.017,map,sim_state_odom_plus_spawn (independent of AMCL),-0.1418,-0.7869,-0.1659,,
1790756492998831047,27.033,map,sim_state_odom_plus_spawn (independent of AMCL),-0.1418,-0.7869,-0.1659,,
1790756493036584387,27.050,map,sim_state_odom_plus_spawn (independent of AMCL),-0.1418,-0.7869,-0.1659,,
1790756493084382194,27.067,map,sim_state_odom_plus_spawn (independent of AMCL),-0.1418,-0.7869,-0.1659,,
1790756493120757497,27.083,map,sim_state_odom_plus_spawn (independent of AMCL),-0.1418,-0.7869,-0.1659,,
1790756493172496768,27.100,map,sim_state_odom_plus_spawn (independent of AMCL),-0.1418,-0.7869,-0.1659,,
1790756493208175321,27.117,map,sim_state_odom_plus_spawn (independent of AMCL),-0.1418,-0.7869,-0.1659,,
1790756493255378216,27.133,map,sim_state_odom_plus_spawn (independent of AMCL),-0.1418,-0.7869,-0.1659,,
1790756493291910427,27.150,map,sim_state_odom_plus_spawn (independent of AMCL),-0.1418,-0.7869,-0.1659,,
1790756493340910033,27.167,map,sim_state_odom_plus_spawn (independent of AMCL),-0.1418,-0.7869,-0.1659,,
1790756493379272334,27.183,map,sim_state_odom_plus_spawn (independent of AMCL),-0.1418,-0.7869,-0.1659,,
1790756493423208639,27.200,map,sim_state_odom_plus_spawn (independent of AMCL),-0.1418,-0.7869,-0.1659,,
1790756493458841458,27.217,map,sim_state_odom_plus_spawn (independent of AMCL),-0.1418,-0.7869,-0.1659,,
1790756493507449642,27.233,map,sim_state_odom_plus_spawn (independent of AMCL),-0.1418,-0.7869,-0.1659,,
1790756493543185809,27.250,map,sim_state_odom_plus_spawn (independent of AMCL),-0.1418,-0.7869,-0.1659,,
1790756493590092051,27.267,map,sim_state_odom_plus_spawn (independent of AMCL),-0.1418,-0.7869,-0.1659,,
1790756493637809990,27.283,map,sim_state_odom_plus_spawn (independent of AMCL),-0.1418,-0.7869,-0.1659,,
1790756493675316369,27.300,map,sim_state_odom_plus_spawn (independent of AMCL),-0.1418,-0.7869,-0.1659,,
1790756493715798273,27.317,map,sim_state_odom_plus_spawn (independent of AMCL),-0.1418,-0.7869,-0.1659,,
1790756493764656027,27.333,map,sim_state_odom_plus_spawn (independent of AMCL),-0.1418,-0.7869,-0.1659,,
1790756493802207904,27.350,map,sim_state_odom_plus_spawn (independent of AMCL),-0.1418,-0.7869,-0.1659,,
1790756493848797061,27.367,map,sim_state_odom_plus_spawn (independent of AMCL),-0.1418,-0.7869,-0.1659,,
1790756493886935371,27.383,map,sim_state_odom_plus_spawn (independent of AMCL),-0.1418,-0.7869,-0.1659,,
1790756493934483094,27.400,map,sim_state_odom_plus_spawn (independent of AMCL),-0.1418,-0.7869,-0.1659,,
1790756493972475688,27.417,map,sim_state_odom_plus_spawn (independent of AMCL),-0.1418,-0.7869,-0.1659,,
1790756494021446745,27.433,map,sim_state_odom_plus_spawn (independent of AMCL),-0.1418,-0.7869,-0.1659,,
1790756494062052449,27.450,map,sim_state_odom_plus_spawn (independent of AMCL),-0.1418,-0.7869,-0.1659,,
1790756494111492408,27.467,map,sim_state_odom_plus_spawn (independent of AMCL),-0.1418,-0.7869,-0.1659,,
1790756494146905526,27.483,map,sim_state_odom_plus_spawn (independent of AMCL),-0.1418,-0.7869,-0.1659,,
1790756494197181072,27.500,map,sim_state_odom_plus_spawn (independent of AMCL),-0.1418,-0.7869,-0.1659,,
1790756494231792049,27.517,map,sim_state_odom_plus_spawn (independent of AMCL),-0.1418,-0.7869,-0.1659,,
1790756494292204083,27.533,map,sim_state_odom_plus_spawn (independent of AMCL),-0.1418,-0.7869,-0.1659,,
1790756494331329519,27.550,map,sim_state_odom_plus_spawn (independent of AMCL),-0.1418,-0.7869,-0.1659,,
1790756494380013843,27.567,map,sim_state_odom_plus_spawn (independent of AMCL),-0.1418,-0.7869,-0.1659,,
1790756494420414079,27.583,map,sim_state_odom_plus_spawn (independent of AMCL),-0.1418,-0.7869,-0.1659,,
1790756494468459546,27.600,map,sim_state_odom_plus_spawn (independent of AMCL),-0.1418,-0.7869,-0.1659,,
1790756494511540537,27.617,map,sim_state_odom_plus_spawn (independent of AMCL),-0.1418,-0.7869,-0.1659,,
1790756494559584971,27.633,map,sim_state_odom_plus_spawn (independent of AMCL),-0.1418,-0.7869,-0.1659,,
1790756494607462832,27.650,map,sim_state_odom_plus_spawn (independent of AMCL),-0.1418,-0.7869,-0.1659,,
1790756494653289871,27.667,map,sim_state_odom_plus_spawn (independent of AMCL),-0.1418,-0.7869,-0.1659,,
1790756494690504751,27.683,map,sim_state_odom_plus_spawn (independent of AMCL),-0.1418,-0.7869,-0.1659,,
1790756494738372184,27.700,map,sim_state_odom_plus_spawn (independent of AMCL),-0.1418,-0.7869,-0.1659,,
1790756494780738031,27.717,map,sim_state_odom_plus_spawn (independent of AMCL),-0.1418,-0.7869,-0.1659,,
1790756494830247513,27.733,map,sim_state_odom_plus_spawn (independent of AMCL),-0.1418,-0.7869,-0.1659,,
1790756494868815453,27.750,map,sim_state_odom_plus_spawn (independent of AMCL),-0.1418,-0.7869,-0.1659,,
1790756433996714654,7.750,map,tf map->odom (AMCL) + odom->base_link (estimate),-6.0030,-1.0000,3.1416,,
1790756434057243161,7.767,map,tf map->odom (AMCL) + odom->base_link (estimate),-6.0031,-1.0000,3.1416,,
1790756434131174394,7.783,map,tf map->odom (AMCL) + odom->base_link (estimate),-6.0031,-1.0000,3.1416,,
1790756434197648751,7.800,map,tf map->odom (AMCL) + odom->base_link (estimate),-6.0031,-1.0000,3.1416,,
1790756434251360602,7.817,map,tf map->odom (AMCL) + odom->base_link (estimate),-6.0031,-1.0000,3.1416,,
1790756434307593954,7.833,map,tf map->odom (AMCL) + odom->base_link (estimate),-6.0031,-1.0000,-3.1416,,
1790756434362686261,7.850,map,tf map->odom (AMCL) + odom->base_link (estimate),-6.0032,-1.0000,3.1416,,
1790756434427746080,7.867,map,tf map->odom (AMCL) + odom->base_link (estimate),-6.0032,-1.0000,3.1416,,
1790756434481405461,7.883,map,tf map->odom (AMCL) + odom->base_link (estimate),-6.0032,-1.0000,-3.1416,,
1790756434541665027,7.900,map,tf map->odom (AMCL) + odom->base_link (estimate),-6.0032,-1.0000,3.1416,,
1790756434609294454,7.917,map,tf map->odom (AMCL) + odom->base_link (estimate),-6.0032,-1.0000,3.1416,,
1790756434677248169,7.933,map,tf map->odom (AMCL) + odom->base_link (estimate),-6.0033,-1.0000,3.1416,,
1790756434739356051,7.950,map,tf map->odom (AMCL) + odom->base_link (estimate),-6.0033,-1.0000,3.1416,,
1790756434802122912,7.967,map,tf map->odom (AMCL) + odom->base_link (estimate),-6.0033,-1.0000,3.1416,,
1790756434868773065,7.983,map,tf map->odom (AMCL) + odom->base_link (estimate),-6.0033,-1.0000,-3.1416,,
1790756434931330698,8.000,map,tf map->odom (AMCL) + odom->base_link (estimate),-6.0033,-1.0000,3.1416,,
1790756434999417490,8.017,map,tf map->odom (AMCL) + odom->base_link (estimate),-6.0033,-1.0000,3.1416,,
1790756435080530158,8.033,map,tf map->odom (AMCL) + odom->base_link (estimate),-6.0034,-1.0000,3.1416,,
1790756435143198580,8.050,map,tf map->odom (AMCL) + odom->base_link (estimate),-6.0034,-1.0000,-3.1416,,
1790756435195108362,8.067,map,tf map->odom (AMCL) + odom->base_link (estimate),-6.0034,-1.0000,3.1416,,
1790756435265157418,8.083,map,tf map->odom (AMCL) + odom->base_link (estimate),-6.0034,-1.0000,3.1416,,
1790756435318678892,8.100,map,tf map->odom (AMCL) + odom->base_link (estimate),-6.0034,-1.0000,3.1416,,
1790756435380533157,8.117,map,tf map->odom (AMCL) + odom->base_link (estimate),-6.0035,-1.0000,3.1416,,
1790756435441792613,8.133,map,tf map->odom (AMCL) + odom->base_link (estimate),-6.0035,-1.0000,3.1416,,
1790756435495654071,8.150,map,tf map->odom (AMCL) + odom->base_link (estimate),-6.0035,-1.0000,3.1416,,
1790756435543982376,8.167,map,tf map->odom (AMCL) + odom->base_link (estimate),-6.0035,-1.0000,3.1416,,
1790756435583984484,8.183,map,tf map->odom (AMCL) + odom->base_link (estimate),-6.0035,-1.0000,3.1416,,
1790756435645564515,8.200,map,tf map->odom (AMCL) + odom->base_link (estimate),-6.0035,-1.0000,3.1416,,
1790756435704841000,8.217,map,tf map->odom (AMCL) + odom->base_link (estimate),-6.0036,-1.0000,3.1416,,
1790756435761360288,8.233,map,tf map->odom (AMCL) + odom->base_link (estimate),-6.0036,-1.0000,3.1416,,
1790756435807717972,8.250,map,tf map->odom (AMCL) + odom->base_link (estimate),-6.0036,-1.0000,3.1416,,
1790756435869307940,8.267,map,tf map->odom (AMCL) + odom->base_link (estimate),-6.0036,-1.0000,3.1416,,
1790756435947312284,8.283,map,tf map->odom (AMCL) + odom->base_link (estimate),-6.0036,-1.0000,3.1416,,
1790756435991894924,8.300,map,tf map->odom (AMCL) + odom->base_link (estimate),-6.0037,-1.0000,3.1416,,
1790756436030999852,8.317,map,tf map->odom (AMCL) + odom->base_link (estimate),-6.0037,-1.0000,3.1416,,
1790756436083980567,8.333,map,tf map->odom (AMCL) + odom->base_link (estimate),-6.0037,-1.0000,3.1416,,
1790756436135847073,8.350,map,tf map->odom (AMCL) + odom->base_link (estimate),-6.0037,-1.0000,3.1416,,
1790756436194219413,8.367,map,tf map->odom (AMCL) + odom->base_link (estimate),-6.0037,-1.0000,3.1416,,
1790756436247510580,8.383,map,tf map->odom (AMCL) + odom->base_link (estimate),-6.0038,-1.0000,3.1416,,
1790756436304309209,8.400,map,tf map->odom (AMCL) + odom->base_link (estimate),-6.0038,-1.0000,3.1416,,
1790756436362903406,8.417,map,tf map->odom (AMCL) + odom->base_link (estimate),-6.0038,-1.0000,3.1416,,
1790756436418173180,8.433,map,tf map->odom (AMCL) + odom->base_link (estimate),-6.0038,-1.0000,3.1416,,
1790756436467999045,8.450,map,tf map->odom (AMCL) + odom->base_link (estimate),-6.0038,-1.0000,3.1416,,
1790756436525779362,8.467,map,tf map->odom (AMCL) + odom->base_link (estimate),-6.0038,-1.0000,3.1416,,
1790756436571148301,8.483,map,tf map->odom (AMCL) + odom->base_link (estimate),-6.0039,-1.0000,3.1416,,
1790756436624594647,8.500,map,tf map->odom (AMCL) + odom->base_link (estimate),-6.0039,-1.0000,3.1416,,
1790756436676064057,8.517,map,tf map->odom (AMCL) + odom->base_link (estimate),-6.0039,-1.0000,3.1416,,
1790756436735086275,8.533,map,tf map->odom (AMCL) + odom->base_link (estimate),-6.0039,-1.0000,3.1416,,
1790756436771661621,8.550,map,tf map->odom (AMCL) + odom->base_link (estimate),-6.0039,-1.0000,3.1416,,
1790756436835690811,8.567,map,tf map->odom (AMCL) + odom->base_link (estimate),-6.0040,-1.0000,3.1416,,
1790756436884285735,8.583,map,tf map->odom (AMCL) + odom->base_link (estimate),-6.0040,-1.0000,-3.1415,,
1790756436932848898,8.600,map,tf map->odom (AMCL) + odom->base_link (estimate),-6.0040,-1.0000,-3.1413,,
1790756436974445984,8.617,map,tf map->odom (AMCL) + odom->base_link (estimate),-6.0040,-1.0000,-3.1411,,
1790756437027560797,8.633,map,tf map->odom (AMCL) + odom->base_link (estimate),-6.0040,-1.0000,-3.1407,,
1790756437062346798,8.650,map,tf map->odom (AMCL) + odom->base_link (estimate),-6.0041,-1.0000,-3.1399,,
1790756437120114951,8.667,map,tf map->odom (AMCL) + odom->base_link (estimate),-6.0041,-1.0000,-3.1389,,
1790756437159173260,8.683,map,tf map->odom (AMCL) + odom->base_link (estimate),-6.0041,-1.0000,-3.1375,,
1790756437213639370,8.700,map,tf map->odom (AMCL) + odom->base_link (estimate),-6.0041,-1.0000,-3.1360,,
1790756437250483564,8.717,map,tf map->odom (AMCL) + odom->base_link (estimate),-6.0041,-1.0000,-3.1343,,
1790756437311751192,8.733,map,tf map->odom (AMCL) + odom->base_link (estimate),-6.0042,-1.0000,-3.1326,,
1790756437346522427,8.750,map,tf map->odom (AMCL) + odom->base_link (estimate),-6.0042,-1.0000,-3.1308,,
1790756437408528064,8.767,map,tf map->odom (AMCL) + odom->base_link (estimate),-6.0042,-1.0000,-3.1290,,
1790756437452187057,8.783,map,tf map->odom (AMCL) + odom->base_link (estimate),-6.0043,-1.0000,-3.1272,,
1790756437508618586,8.800,map,tf map->odom (AMCL) + odom->base_link (estimate),-6.0043,-1.0000,-3.1253,,
1790756437551193924,8.817,map,tf map->odom (AMCL) + odom->base_link (estimate),-6.0044,-1.0000,-3.1235,,
1790756437612776369,8.833,map,tf map->odom (AMCL) + odom->base_link (estimate),-6.0044,-1.0000,-3.1216,,
1790756437650301829,8.850,map,tf map->odom (AMCL) + odom->base_link (estimate),-6.0045,-1.0000,-3.1197,,
1790756437709147137,8.867,map,tf map->odom (AMCL) + odom->base_link (estimate),-6.0046,-1.0000,-3.1177,,
1790756437745587270,8.883,map,tf map->odom (AMCL) + odom->base_link (estimate),-6.0046,-1.0000,-3.1158,,
1790756437803983755,8.900,map,tf map->odom (AMCL) + odom->base_link (estimate),-6.0047,-1.0000,-3.1138,,
1790756437841461760,8.917,map,tf map->odom (AMCL) + odom->base_link (estimate),-6.0048,-1.0000,-3.1118,,
1790756437905514910,8.933,map,tf map->odom (AMCL) + odom->base_link (estimate),-6.0049,-1.0000,-3.1098,,
1790756437944045183,8.950,map,tf map->odom (AMCL) + odom->base_link (estimate),-6.0049,-1.0000,-3.1078,,
1790756438003027189,8.967,map,tf map->odom (AMCL) + odom->base_link (estimate),-6.0050,-1.0000,-3.1057,,
1790756438041936263,8.983,map,tf map->odom (AMCL) + odom->base_link (estimate),-6.0051,-1.0000,-3.1037,,
1790756438099009590,9.000,map,tf map->odom (AMCL) + odom->base_link (estimate),-6.0052,-1.0001,-3.1016,,
1790756438139273767,9.017,map,tf map->odom (AMCL) + odom->base_link (estimate),-6.0053,-1.0001,-3.0995,,
1790756438210845921,9.033,map,tf map->odom (AMCL) + odom->base_link (estimate),-6.0054,-1.0001,-3.0974,,
1790756438247550258,9.050,map,tf map->odom (AMCL) + odom->base_link (estimate),-6.0055,-1.0001,-3.0952,,
1790756438306851538,9.067,map,tf map->odom (AMCL) + odom->base_link (estimate),-6.0057,-1.0001,-3.0931,,
1790756438344960570,9.083,map,tf map->odom (AMCL) + odom->base_link (estimate),-6.0058,-1.0001,-3.0909,,
1790756438403820735,9.100,map,tf map->odom (AMCL) + odom->base_link (estimate),-6.0059,-1.0001,-3.0887,,
1790756438447238184,9.117,map,tf map->odom (AMCL) + odom->base_link (estimate),-6.0060,-1.0001,-3.0864,,
1790756438509826184,9.133,map,tf map->odom (AMCL) + odom->base_link (estimate),-6.0061,-1.0001,-3.0842,,
1790756438547842349,9.150,map,tf map->odom (AMCL) + odom->base_link (estimate),-6.0063,-1.0001,-3.0819,,
1790756438608623173,9.167,map,tf map->odom (AMCL) + odom->base_link (estimate),-6.0064,-1.0001,-3.0795,,
1790756438645558005,9.183,map,tf map->odom (AMCL) + odom->base_link (estimate),-6.0065,-1.0001,-3.0772,,
1790756438707512936,9.200,map,tf map->odom (AMCL) + odom->base_link (estimate),-6.0067,-1.0001,-3.0748,,
1790756438748852503,9.217,map,tf map->odom (AMCL) + odom->base_link (estimate),-6.0068,-1.0001,-3.0724,,
1790756438810968836,9.233,map,tf map->odom (AMCL) + odom->base_link (estimate),-6.0070,-1.0002,-3.0700,,
1790756438846732718,9.250,map,tf map->odom (AMCL) + odom->base_link (estimate),-6.0071,-1.0002,-3.0675,,
1790756438908520583,9.267,map,tf map->odom (AMCL) + odom->base_link (estimate),-6.0073,-1.0002,-3.0651,,
1790756438956022286,9.283,map,tf map->odom (AMCL) + odom->base_link (estimate),-6.0074,-1.0002,-3.0625,,
1790756439013138425,9.300,map,tf map->odom (AMCL) + odom->base_link (estimate),-6.0076,-1.0002,-3.0600,,
1790756439060511137,9.317,map,tf map->odom (AMCL) + odom->base_link (estimate),-6.0077,-1.0002,-3.0574,,
1790756439121528955,9.333,map,tf map->odom (AMCL) + odom->base_link (estimate),-6.0079,-1.0002,-3.0548,,
1790756439159959304,9.350,map,tf map->odom (AMCL) + odom->base_link (estimate),-6.0081,-1.0003,-3.0522,,
1790756439219319647,9.367,map,tf map->odom (AMCL) + odom->base_link (estimate),-6.0082,-1.0003,-3.0495,,
1790756439258632503,9.383,map,tf map->odom (AMCL) + odom->base_link (estimate),-6.0084,-1.0003,-3.0467,,
1790756439317458772,9.400,map,tf map->odom (AMCL) + odom->base_link (estimate),-6.0086,-1.0003,-3.0435,,
1790756439357211535,9.417,map,tf map->odom (AMCL) + odom->base_link (estimate),-6.0087,-1.0003,-3.0397,,
1790756439415604120,9.433,map,tf map->odom (AMCL) + odom->base_link (estimate),-6.0089,-1.0003,-3.0354,,
1790756439452310408,9.450,map,tf map->odom (AMCL) + odom->base_link (estimate),-6.0091,-1.0004,-3.0304,,
1790756439515859016,9.467,map,tf map->odom (AMCL) + odom->base_link (estimate),-6.0093,-1.0004,-3.0247,,
1790756439552228570,9.483,map,tf map->odom (AMCL) + odom->base_link (estimate),-6.0094,-1.0004,-3.0183,,
1790756439620269209,9.500,map,tf map->odom (AMCL) + odom->base_link (estimate),-6.0096,-1.0004,-3.0111,,
1790756439663743491,9.517,map,tf map->odom (AMCL) + odom->base_link (estimate),-6.0098,-1.0005,-3.0032,,
1790756439734968510,9.533,map,tf map->odom (AMCL) + odom->base_link (estimate),-6.0100,-1.0005,-2.9946,,
1790756439775392231,9.550,map,tf map->odom (AMCL) + odom->base_link (estimate),-6.0102,-1.0006,-2.9853,,
1790756439837630590,9.567,map,tf map->odom (AMCL) + odom->base_link (estimate),-6.0104,-1.0006,-2.9756,,
1790756439879314134,9.583,map,tf map->odom (AMCL) + odom->base_link (estimate),-6.0107,-1.0006,-2.9655,,
1790756439940272054,9.600,map,tf map->odom (AMCL) + odom->base_link (estimate),-6.0109,-1.0007,-2.9552,,
1790756439983073150,9.617,map,tf map->odom (AMCL) + odom->base_link (estimate),-6.0111,-1.0007,-2.9447,,
1790756440045631897,9.633,map,tf map->odom (AMCL) + odom->base_link (estimate),-6.0113,-1.0008,-2.9341,,
1790756440084136074,9.650,map,tf map->odom (AMCL) + odom->base_link (estimate),-6.0115,-1.0008,-2.9232,,
1790756440148280883,9.667,map,tf map->odom (AMCL) + odom->base_link (estimate),-6.0116,-1.0009,-2.9123,,
1790756440186831957,9.683,map,tf map->odom (AMCL) + odom->base_link (estimate),-6.0118,-1.0009,-2.9013,,
1790756440251303098,9.700,map,tf map->odom (AMCL) + odom->base_link (estimate),-6.0119,-1.0009,-2.8901,,
1790756440289825291,9.717,map,tf map->odom (AMCL) + odom->base_link (estimate),-6.0121,-1.0010,-2.8789,,
1790756440352723836,9.733,map,tf map->odom (AMCL) + odom->base_link (estimate),-6.0122,-1.0010,-2.8678,,
1790756440395512673,9.750,map,tf map->odom (AMCL) + odom->base_link (estimate),-6.0122,-1.0010,-2.8569,,
1790756440454288144,9.767,map,tf map->odom (AMCL) + odom->base_link (estimate),-6.0123,-1.0010,-2.8461,,
1790756440501913824,9.783,map,tf map->odom (AMCL) + odom->base_link (estimate),-6.0123,-1.0011,-2.8356,,
1790756440554996227,9.800,map,tf map->odom (AMCL) + odom->base_link (estimate),-6.0123,-1.0011,-2.8251,,
1790756440597050400,9.817,map,tf map->odom (AMCL) + odom->base_link (estimate),-6.0123,-1.0011,-2.8147,,
1790756440658572575,9.833,map,tf map->odom (AMCL) + odom->base_link (estimate),-6.0123,-1.0010,-2.8044,,
1790756440695679859,9.850,map,tf map->odom (AMCL) + odom->base_link (estimate),-6.0122,-1.0010,-2.7940,,
1790756440759306196,9.867,map,tf map->odom (AMCL) + odom->base_link (estimate),-6.0121,-1.0010,-2.7838,,
1790756440798641061,9.883,map,tf map->odom (AMCL) + odom->base_link (estimate),-6.0120,-1.0010,-2.7735,,
1790756440860808748,9.900,map,tf map->odom (AMCL) + odom->base_link (estimate),-6.0119,-1.0009,-2.7632,,
1790756440898633888,9.917,map,tf map->odom (AMCL) + odom->base_link (estimate),-6.0118,-1.0009,-2.7532,,
1790756440960057253,9.933,map,tf map->odom (AMCL) + odom->base_link (estimate),-6.0117,-1.0008,-2.7434,,
1790756441003867711,9.950,map,tf map->odom (AMCL) + odom->base_link (estimate),-6.0116,-1.0008,-2.7338,,
1790756441065728569,9.967,map,tf map->odom (AMCL) + odom->base_link (estimate),-6.0115,-1.0007,-2.7245,,
1790756441102673523,9.983,map,tf map->odom (AMCL) + odom->base_link (estimate),-6.0114,-1.0007,-2.7153,,
1790756441165459514,10.000,map,tf map->odom (AMCL) + odom->base_link (estimate),-6.0112,-1.0006,-2.7062,,
1790756441203387456,10.017,map,tf map->odom (AMCL) + odom->base_link (estimate),-6.0111,-1.0006,-2.6972,,
1790756441279565122,10.033,map,tf map->odom (AMCL) + odom->base_link (estimate),-6.0110,-1.0005,-2.6882,,
1790756441321449814,10.050,map,tf map->odom (AMCL) + odom->base_link (estimate),-6.0108,-1.0004,-2.6793,,
1790756441381494674,10.067,map,tf map->odom (AMCL) + odom->base_link (estimate),-6.0107,-1.0004,-2.6704,,
1790756441420496521,10.083,map,tf map->odom (AMCL) + odom->base_link (estimate),-6.0106,-1.0003,-2.6615,,
1790756441479520967,10.100,map,tf map->odom (AMCL) + odom->base_link (estimate),-6.0104,-1.0002,-2.6527,,
1790756441516729568,10.117,map,tf map->odom (AMCL) + odom->base_link (estimate),-6.0103,-1.0001,-2.6443,,
1790756441583559416,10.133,map,tf map->odom (AMCL) + odom->base_link (estimate),-6.0101,-1.0001,-2.6361,,
1790756441626112018,10.150,map,tf map->odom (AMCL) + odom->base_link (estimate),-6.0411,-1.0058,-2.6075,,
1790756441688745825,10.167,map,tf map->odom (AMCL) + odom->base_link (estimate),-6.0410,-1.0057,-2.5996,,
1790756441723090056,10.183,map,tf map->odom (AMCL) + odom->base_link (estimate),-6.0409,-1.0057,-2.5918,,
1790756441789630636,10.200,map,tf map->odom (AMCL) + odom->base_link (estimate),-6.0407,-1.0056,-2.5841,,
1790756441827849271,10.217,map,tf map->odom (AMCL) + odom->base_link (estimate),-6.0406,-1.0055,-2.5765,,
1790756441897548014,10.233,map,tf map->odom (AMCL) + odom->base_link (estimate),-6.0405,-1.0054,-2.5689,,
1790756441938047570,10.250,map,tf map->odom (AMCL) + odom->base_link (estimate),-6.0403,-1.0053,-2.5613,,
1790756442005247161,10.267,map,tf map->odom (AMCL) + odom->base_link (estimate),-6.0402,-1.0052,-2.5537,,
1790756442057535432,10.283,map,tf map->odom (AMCL) + odom->base_link (estimate),-6.0401,-1.0052,-2.5461,,
1790756442106748856,10.300,map,tf map->odom (AMCL) + odom->base_link (estimate),-6.0399,-1.0051,-2.5387,,
1790756442143801182,10.317,map,tf map->odom (AMCL) + odom->base_link (estimate),-6.0398,-1.0050,-2.5315,,
1790756442204934766,10.333,map,tf map->odom (AMCL) + odom->base_link (estimate),-6.0397,-1.0049,-2.5247,,
1790756442246822990,10.350,map,tf map->odom (AMCL) + odom->base_link (estimate),-6.0396,-1.0048,-2.5180,,
1790756442305360034,10.367,map,tf map->odom (AMCL) + odom->base_link (estimate),-6.0394,-1.0047,-2.5114,,
1790756442347193372,10.383,map,tf map->odom (AMCL) + odom->base_link (estimate),-6.0393,-1.0046,-2.5050,,
1790756442411340726,10.400,map,tf map->odom (AMCL) + odom->base_link (estimate),-6.0391,-1.0045,-2.4984,,
1790756442449496969,10.417,map,tf map->odom (AMCL) + odom->base_link (estimate),-6.0390,-1.0044,-2.4916,,
1790756442516348196,10.433,map,tf map->odom (AMCL) + odom->base_link (estimate),-6.0389,-1.0043,-2.4843,,
1790756442552947828,10.450,map,tf map->odom (AMCL) + odom->base_link (estimate),-6.0387,-1.0042,-2.4765,,
1790756442614944299,10.467,map,tf map->odom (AMCL) + odom->base_link (estimate),-6.0386,-1.0041,-2.4681,,
1790756442654215623,10.483,map,tf map->odom (AMCL) + odom->base_link (estimate),-6.0385,-1.0040,-2.4591,,
1790756442717067850,10.500,map,tf map->odom (AMCL) + odom->base_link (estimate),-6.0383,-1.0038,-2.4494,,
1790756442755444576,10.517,map,tf map->odom (AMCL) + odom->base_link (estimate),-6.0381,-1.0037,-2.4393,,
1790756442827187713,10.533,map,tf map->odom (AMCL) + odom->base_link (estimate),-6.0380,-1.0036,-2.4289,,
1790756442860200789,10.550,map,tf map->odom (AMCL) + odom->base_link (estimate),-6.0378,-1.0034,-2.4183,,
1790756442924138261,10.567,map,tf map->odom (AMCL) + odom->base_link (estimate),-6.0376,-1.0033,-2.4075,,
1790756442967211746,10.583,map,tf map->odom (AMCL) + odom->base_link (estimate),-6.0375,-1.0031,-2.3966,,
1790756443028650442,10.600,map,tf map->odom (AMCL) + odom->base_link (estimate),-6.0373,-1.0029,-2.3856,,
1790756443072496462,10.617,map,tf map->odom (AMCL) + odom->base_link (estimate),-6.0371,-1.0028,-2.3748,,
1790756443137622386,10.633,map,tf map->odom (AMCL) + odom->base_link (estimate),-6.0370,-1.0026,-2.3641,,
1790756443174062613,10.650,map,tf map->odom (AMCL) + odom->base_link (estimate),-6.0368,-1.0025,-2.3537,,
1790756443237083345,10.667,map,tf map->odom (AMCL) + odom->base_link (estimate),-6.0366,-1.0023,-2.3435,,
1790756443275860131,10.683,map,tf map->odom (AMCL) + odom->base_link (estimate),-6.0365,-1.0021,-2.3333,,
1790756443339378404,10.700,map,tf map->odom (AMCL) + odom->base_link (estimate),-6.0363,-1.0020,-2.3232,,
1790756443381381936,10.717,map,tf map->odom (AMCL) + odom->base_link (estimate),-6.0362,-1.0018,-2.3132,,
1790756443449478283,10.733,map,tf map->odom (AMCL) + odom->base_link (estimate),-6.0360,-1.0017,-2.3032,,
1790756443488393738,10.750,map,tf map->odom (AMCL) + odom->base_link (estimate),-6.0359,-1.0015,-2.2933,,
1790756443564299315,10.767,map,tf map->odom (AMCL) + odom->base_link (estimate),-6.0358,-1.0013,-2.2833,,
1790756443611681415,10.783,map,tf map->odom (AMCL) + odom->base_link (estimate),-6.0356,-1.0012,-2.2735,,
1790756443669784623,10.800,map,tf map->odom (AMCL) + odom->base_link (estimate),-6.0355,-1.0010,-2.2640,,
1790756443706938466,10.817,map,tf map->odom (AMCL) + odom->base_link (estimate),-6.0353,-1.0008,-2.2548,,
1790756443771210979,10.833,map,tf map->odom (AMCL) + odom->base_link (estimate),-6.0352,-1.0007,-2.2457,,
1790756443808881033,10.850,map,tf map->odom (AMCL) + odom->base_link (estimate),-6.0351,-1.0005,-2.2367,,
1790756443872216258,10.867,map,tf map->odom (AMCL) + odom->base_link (estimate),-6.0350,-1.0004,-2.2278,,
1790756443908315441,10.883,map,tf map->odom (AMCL) + odom->base_link (estimate),-6.0349,-1.0002,-2.2190,,
1790756443973798828,10.900,map,tf map->odom (AMCL) + odom->base_link (estimate),-6.0347,-1.0001,-2.2102,,
1790756444010757895,10.917,map,tf map->odom (AMCL) + odom->base_link (estimate),-6.0346,-0.9999,-2.2015,,
1790756444077283464,10.933,map,tf map->odom (AMCL) + odom->base_link (estimate),-6.0345,-0.9997,-2.1927,,
1790756444120644890,10.950,map,tf map->odom (AMCL) + odom->base_link (estimate),-6.0344,-0.9996,-2.1841,,
1790756444182305476,10.967,map,tf map->odom (AMCL) + odom->base_link (estimate),-6.0343,-0.9994,-2.1758,,
1790756444220753132,10.983,map,tf map->odom (AMCL) + odom->base_link (estimate),-6.0342,-0.9993,-2.1678,,
1790756444283592880,11.000,map,tf map->odom (AMCL) + odom->base_link (estimate),-6.0341,-0.9991,-2.1599,,
1790756444326936293,11.017,map,tf map->odom (AMCL) + odom->base_link (estimate),-6.0340,-0.9990,-2.1521,,
1790756444400675600,11.033,map,tf map->odom (AMCL) + odom->base_link (estimate),-6.0339,-0.9988,-2.1445,,
1790756444437161143,11.050,map,tf map->odom (AMCL) + odom->base_link (estimate),-6.0338,-0.9987,-2.1369,,
1790756444494322279,11.067,map,tf map->odom (AMCL) + odom->base_link (estimate),-6.0337,-0.9985,-2.1293,,
1790756444534740397,11.083,map,tf map->odom (AMCL) + odom->base_link (estimate),-6.0336,-0.9984,-2.1217,,
1790756444595191610,11.100,map,tf map->odom (AMCL) + odom->base_link (estimate),-6.0335,-0.9982,-2.1142,,
1790756444629884579,11.117,map,tf map->odom (AMCL) + odom->base_link (estimate),-6.0334,-0.9981,-2.1067,,
1790756444698206006,11.133,map,tf map->odom (AMCL) + odom->base_link (estimate),-6.0333,-0.9980,-2.0992,,
1790756444735428526,11.150,map,tf map->odom (AMCL) + odom->base_link (estimate),-6.0333,-0.9978,-2.0917,,
1790756444796088588,11.167,map,tf map->odom (AMCL) + odom->base_link (estimate),-6.0332,-0.9977,-2.0843,,
1790756444834677447,11.183,map,tf map->odom (AMCL) + odom->base_link (estimate),-6.0331,-0.9975,-2.0772,,
1790756444893702087,11.200,map,tf map->odom (AMCL) + odom->base_link (estimate),-6.0330,-0.9974,-2.0704,,
1790756444930869346,11.217,map,tf map->odom (AMCL) + odom->base_link (estimate),-6.0329,-0.9972,-2.0638,,
1790756444990688006,11.233,map,tf map->odom (AMCL) + odom->base_link (estimate),-6.0328,-0.9970,-2.0573,,
1790756445029210908,11.250,map,tf map->odom (AMCL) + odom->base_link (estimate),-6.0328,-0.9969,-2.0509,,
1790756445091686061,11.267,map,tf map->odom (AMCL) + odom->base_link (estimate),-6.0327,-0.9967,-2.0445,,
1790756445142553859,11.283,map,tf map->odom (AMCL) + odom->base_link (estimate),-6.0326,-0.9966,-2.0382,,
1790756445189003550,11.300,map,tf map->odom (AMCL) + odom->base_link (estimate),-6.0325,-0.9964,-2.0319,,
1790756445227617928,11.317,map,tf map->odom (AMCL) + odom->base_link (estimate),-6.0324,-0.9963,-2.0256,,
1790756445294218931,11.333,map,tf map->odom (AMCL) + odom->base_link (estimate),-6.0324,-0.9961,-2.0192,,
1790756445333209163,11.350,map,tf map->odom (AMCL) + odom->base_link (estimate),-6.0323,-0.9959,-2.0125,,
1790756445391931412,11.367,map,tf map->odom (AMCL) + odom->base_link (estimate),-6.0322,-0.9958,-2.0053,,
1790756445429801027,11.383,map,tf map->odom (AMCL) + odom->base_link (estimate),-6.0321,-0.9956,-1.9975,,
1790756445491215798,11.400,map,tf map->odom (AMCL) + odom->base_link (estimate),-6.0321,-0.9955,-1.9892,,
1790756445532578709,11.417,map,tf map->odom (AMCL) + odom->base_link (estimate),-6.0320,-0.9953,-1.9802,,
1790756445593203494,11.433,map,tf map->odom (AMCL) + odom->base_link (estimate),-6.0319,-0.9951,-1.9706,,
1790756445630355178,11.450,map,tf map->odom (AMCL) + odom->base_link (estimate),-6.0318,-0.9949,-1.9605,,
1790756445689597955,11.467,map,tf map->odom (AMCL) + odom->base_link (estimate),-6.0317,-0.9947,-1.9501,,
1790756445728982336,11.483,map,tf map->odom (AMCL) + odom->base_link (estimate),-6.0317,-0.9945,-1.9395,,
1790756445788916117,11.500,map,tf map->odom (AMCL) + odom->base_link (estimate),-6.0316,-0.9943,-1.9288,,
1790756445830174885,11.517,map,tf map->odom (AMCL) + odom->base_link (estimate),-6.0315,-0.9940,-1.9179,,
1790756445902622161,11.533,map,tf map->odom (AMCL) + odom->base_link (estimate),-6.1053,-1.0528,-1.8720,,
1790756445939659570,11.550,map,tf map->odom (AMCL) + odom->base_link (estimate),-6.1053,-1.0526,-1.8610,,
1790756446000106748,11.567,map,tf map->odom (AMCL) + odom->base_link (estimate),-6.1052,-1.0523,-1.8501,,
1790756446036069231,11.583,map,tf map->odom (AMCL) + odom->base_link (estimate),-6.1051,-1.0521,-1.8395,,
1790756446095106724,11.600,map,tf map->odom (AMCL) + odom->base_link (estimate),-6.1051,-1.0519,-1.8291,,
1790756446133639852,11.617,map,tf map->odom (AMCL) + odom->base_link (estimate),-6.1050,-1.0516,-1.8188,,
1790756446195730052,11.633,map,tf map->odom (AMCL) + odom->base_link (estimate),-6.1050,-1.0514,-1.8087,,
1790756446233971580,11.650,map,tf map->odom (AMCL) + odom->base_link (estimate),-6.1049,-1.0512,-1.7986,,
1790756446295098315,11.667,map,tf map->odom (AMCL) + odom->base_link (estimate),-6.1049,-1.0510,-1.7886,,
1790756446337198297,11.683,map,tf map->odom (AMCL) + odom->base_link (estimate),-6.1048,-1.0508,-1.7787,,
1790756446399781440,11.700,map,tf map->odom (AMCL) + odom->base_link (estimate),-6.1048,-1.0506,-1.7687,,
1790756446435703579,11.717,map,tf map->odom (AMCL) + odom->base_link (estimate),-6.1047,-1.0503,-1.7588,,
1790756446506876932,11.733,map,tf map->odom (AMCL) + odom->base_link (estimate),-6.1047,-1.0501,-1.7490,,
1790756446548665610,11.750,map,tf map->odom (AMCL) + odom->base_link (estimate),-6.1047,-1.0499,-1.7395,,
1790756446605160512,11.767,map,tf map->odom (AMCL) + odom->base_link (estimate),-6.1046,-1.0497,-1.7303,,
1790756446651984461,11.783,map,tf map->odom (AMCL) + odom->base_link (estimate),-6.1046,-1.0495,-1.7212,,
1790756446703101076,11.800,map,tf map->odom (AMCL) + odom->base_link (estimate),-6.1046,-1.0493,-1.7122,,
1790756446743515066,11.817,map,tf map->odom (AMCL) + odom->base_link (estimate),-6.1045,-1.0491,-1.7033,,
1790756446809365112,11.833,map,tf map->odom (AMCL) + odom->base_link (estimate),-6.1045,-1.0489,-1.6944,,
1790756446844717279,11.850,map,tf map->odom (AMCL) + odom->base_link (estimate),-6.1045,-1.0487,-1.6852,,
1790756446905919072,11.867,map,tf map->odom (AMCL) + odom->base_link (estimate),-6.1045,-1.0485,-1.6755,,
1790756446945931407,11.883,map,tf map->odom (AMCL) + odom->base_link (estimate),-6.1044,-1.0483,-1.6654,,
1790756447006100402,11.900,map,tf map->odom (AMCL) + odom->base_link (estimate),-6.1044,-1.0481,-1.6550,,
1790756447044204573,11.917,map,tf map->odom (AMCL) + odom->base_link (estimate),-6.1044,-1.0478,-1.6444,,
1790756447107072843,11.933,map,tf map->odom (AMCL) + odom->base_link (estimate),-6.1044,-1.0476,-1.6337,,
1790756447144730982,11.950,map,tf map->odom (AMCL) + odom->base_link (estimate),-6.1044,-1.0474,-1.6228,,
1790756447205995543,11.967,map,tf map->odom (AMCL) + odom->base_link (estimate),-6.1044,-1.0471,-1.6119,,
1790756447239942434,11.983,map,tf map->odom (AMCL) + odom->base_link (estimate),-6.1044,-1.0469,-1.6009,,
1790756447301982533,12.000,map,tf map->odom (AMCL) + odom->base_link (estimate),-6.1044,-1.0467,-1.5900,,
1790756447344198292,12.017,map,tf map->odom (AMCL) + odom->base_link (estimate),-6.1044,-1.0464,-1.5793,,
1790756447415801727,12.033,map,tf map->odom (AMCL) + odom->base_link (estimate),-6.1044,-1.0462,-1.5689,,
1790756447455173629,12.050,map,tf map->odom (AMCL) + odom->base_link (estimate),-6.1044,-1.0460,-1.5587,,
1790756447512465929,12.067,map,tf map->odom (AMCL) + odom->base_link (estimate),-6.1044,-1.0457,-1.5485,,
1790756447546806594,12.083,map,tf map->odom (AMCL) + odom->base_link (estimate),-6.1044,-1.0455,-1.5385,,
1790756447605606435,12.100,map,tf map->odom (AMCL) + odom->base_link (estimate),-6.1044,-1.0453,-1.5284,,
1790756447643767182,12.117,map,tf map->odom (AMCL) + odom->base_link (estimate),-6.1044,-1.0451,-1.5185,,
1790756447705653692,12.133,map,tf map->odom (AMCL) + odom->base_link (estimate),-6.1044,-1.0448,-1.5086,,
1790756447742317968,12.150,map,tf map->odom (AMCL) + odom->base_link (estimate),-6.1044,-1.0446,-1.4991,,
1790756447803111633,12.167,map,tf map->odom (AMCL) + odom->base_link (estimate),-6.1044,-1.0444,-1.4898,,
1790756447846044291,12.183,map,tf map->odom (AMCL) + odom->base_link (estimate),-6.1044,-1.0442,-1.4807,,
1790756447906485933,12.200,map,tf map->odom (AMCL) + odom->base_link (estimate),-6.1045,-1.0440,-1.4718,,
1790756447945869094,12.217,map,tf map->odom (AMCL) + odom->base_link (estimate),-6.1045,-1.0438,-1.4629,,
1790756448004030379,12.233,map,tf map->odom (AMCL) + odom->base_link (estimate),-6.1045,-1.0436,-1.4541,,
1790756448044111955,12.250,map,tf map->odom (AMCL) + odom->base_link (estimate),-6.1045,-1.0434,-1.4453,,
1790756448102104359,12.267,map,tf map->odom (AMCL) + odom->base_link (estimate),-6.1045,-1.0432,-1.4365,,
1790756448150547499,12.283,map,tf map->odom (AMCL) + odom->base_link (estimate),-6.1046,-1.0430,-1.4279,,
1790756448195935118,12.300,map,tf map->odom (AMCL) + odom->base_link (estimate),-6.1046,-1.0428,-1.4196,,
1790756448234139116,12.317,map,tf map->odom (AMCL) + odom->base_link (estimate),-6.1046,-1.0427,-1.4116,,
1790756448291884767,12.333,map,tf map->odom (AMCL) + odom->base_link (estimate),-6.1047,-1.0425,-1.4037,,
1790756448328498285,12.350,map,tf map->odom (AMCL) + odom->base_link (estimate),-6.1047,-1.0423,-1.3960,,
1790756448391804519,12.367,map,tf map->odom (AMCL) + odom->base_link (estimate),-6.1047,-1.0421,-1.3883,,
1790756448433560078,12.383,map,tf map->odom (AMCL) + odom->base_link (estimate),-6.1048,-1.0420,-1.3807,,
1790756448489971290,12.400,map,tf map->odom (AMCL) + odom->base_link (estimate),-6.1048,-1.0418,-1.3731,,
1790756448528529281,12.417,map,tf map->odom (AMCL) + odom->base_link (estimate),-6.1048,-1.0416,-1.3656,,
1790756448587741472,12.433,map,tf map->odom (AMCL) + odom->base_link (estimate),-6.1049,-1.0414,-1.3582,,
1790756448626046142,12.450,map,tf map->odom (AMCL) + odom->base_link (estimate),-6.1049,-1.0413,-1.3511,,
1790756448682498636,12.467,map,tf map->odom (AMCL) + odom->base_link (estimate),-6.1049,-1.0411,-1.3442,,
1790756448722915065,12.483,map,tf map->odom (AMCL) + odom->base_link (estimate),-6.1050,-1.0409,-1.3376,,
1790756448776675788,12.500,map,tf map->odom (AMCL) + odom->base_link (estimate),-6.1050,-1.0408,-1.3311,,
1790756448820380887,12.517,map,tf map->odom (AMCL) + odom->base_link (estimate),-6.1051,-1.0406,-1.3247,,
1790756448890863799,12.533,map,tf map->odom (AMCL) + odom->base_link (estimate),-6.1051,-1.0404,-1.3183,,
1790756448929295693,12.550,map,tf map->odom (AMCL) + odom->base_link (estimate),-6.1051,-1.0403,-1.3120,,
1790756448985607546,12.567,map,tf map->odom (AMCL) + odom->base_link (estimate),-6.1052,-1.0401,-1.3057,,
1790756449022085678,12.583,map,tf map->odom (AMCL) + odom->base_link (estimate),-6.1052,-1.0399,-1.2994,,
1790756449078452042,12.600,map,tf map->odom (AMCL) + odom->base_link (estimate),-6.1053,-1.0397,-1.2932,,
1790756449120450227,12.617,map,tf map->odom (AMCL) + odom->base_link (estimate),-6.1053,-1.0396,-1.2870,,
1790756449177711189,12.633,map,tf map->odom (AMCL) + odom->base_link (estimate),-6.1054,-1.0394,-1.2812,,
1790756449214919355,12.650,map,tf map->odom (AMCL) + odom->base_link (estimate),-6.1054,-1.0393,-1.2757,,
1790756449273585030,12.667,map,tf map->odom (AMCL) + odom->base_link (estimate),-6.1055,-1.0391,-1.2701,,
1790756449312056141,12.683,map,tf map->odom (AMCL) + odom->base_link (estimate),-6.1055,-1.0389,-1.2644,,
1790756449369554287,12.700,map,tf map->odom (AMCL) + odom->base_link (estimate),-6.1056,-1.0388,-1.2583,,
1790756449406477795,12.717,map,tf map->odom (AMCL) + odom->base_link (estimate),-6.1056,-1.0386,-1.2516,,
1790756449465960102,12.733,map,tf map->odom (AMCL) + odom->base_link (estimate),-6.1057,-1.0384,-1.2444,,
1790756449504947143,12.750,map,tf map->odom (AMCL) + odom->base_link (estimate),-6.1057,-1.0383,-1.2366,,
1790756449565631599,12.767,map,tf map->odom (AMCL) + odom->base_link (estimate),-6.1058,-1.0381,-1.2281,,
1790756449623133512,12.783,map,tf map->odom (AMCL) + odom->base_link (estimate),-6.1059,-1.0379,-1.2189,,
1790756449662265161,12.800,map,tf map->odom (AMCL) + odom->base_link (estimate),-6.1059,-1.0377,-1.2092,,
1790756449700196484,12.817,map,tf map->odom (AMCL) + odom->base_link (estimate),-6.1060,-1.0375,-1.1990,,
1790756449758570202,12.833,map,tf map->odom (AMCL) + odom->base_link (estimate),-6.1061,-1.0373,-1.1886,,
1790756449801021854,12.850,map,tf map->odom (AMCL) + odom->base_link (estimate),-6.1518,-1.1075,-1.2096,,
1790756449859819489,12.867,map,tf map->odom (AMCL) + odom->base_link (estimate),-6.1519,-1.1072,-1.1988,,
1790756449895449188,12.883,map,tf map->odom (AMCL) + odom->base_link (estimate),-6.1520,-1.1070,-1.1881,,
1790756449952834868,12.900,map,tf map->odom (AMCL) + odom->base_link (estimate),-6.1521,-1.1068,-1.1775,,
1790756449993031726,12.917,map,tf map->odom (AMCL) + odom->base_link (estimate),-6.1522,-1.1066,-1.1672,,
1790756450056952162,12.933,map,tf map->odom (AMCL) + odom->base_link (estimate),-6.1523,-1.1064,-1.1570,,
1790756450097859285,12.950,map,tf map->odom (AMCL) + odom->base_link (estimate),-6.1524,-1.1062,-1.1469,,
1790756450151491812,12.967,map,tf map->odom (AMCL) + odom->base_link (estimate),-6.1524,-1.1060,-1.1369,,
1790756450194474891,12.983,map,tf map->odom (AMCL) + odom->base_link (estimate),-6.1525,-1.1058,-1.1269,,
1790756450253440339,13.000,map,tf map->odom (AMCL) + odom->base_link (estimate),-6.1526,-1.1056,-1.1169,,
1790756450296815675,13.017,map,tf map->odom (AMCL) + odom->base_link (estimate),-6.1527,-1.1054,-1.1070,,
1790756450375250839,13.033,map,tf map->odom (AMCL) + odom->base_link (estimate),-6.1528,-1.1052,-1.0972,,
1790756450415542864,13.050,map,tf map->odom (AMCL) + odom->base_link (estimate),-6.1529,-1.1050,-1.0877,,
1790756450473082130,13.067,map,tf map->odom (AMCL) + odom->base_link (estimate),-6.1530,-1.1048,-1.0784,,
1790756450511702800,13.083,map,tf map->odom (AMCL) + odom->base_link (estimate),-6.1531,-1.1046,-1.0693,,
1790756450568158577,13.100,map,tf map->odom (AMCL) + odom->base_link (estimate),-6.1532,-1.1044,-1.0604,,
1790756450612459386,13.117,map,tf map->odom (AMCL) + odom->base_link (estimate),-6.1532,-1.1044,-1.0514,,
1790756450669779768,13.133,map,tf map->odom (AMCL) + odom->base_link (estimate),-6.1531,-1.1047,-1.0422,,
1790756450710739374,13.150,map,tf map->odom (AMCL) + odom->base_link (estimate),-6.1528,-1.1053,-1.0327,,
1790756450765023370,13.167,map,tf map->odom (AMCL) + odom->base_link (estimate),-6.1523,-1.1060,-1.0227,,
1790756450802470755,13.183,map,tf map->odom (AMCL) + odom->base_link (estimate),-6.1518,-1.1069,-1.0124,,
1790756450858474161,13.200,map,tf map->odom (AMCL) + odom->base_link (estimate),-6.1512,-1.1078,-1.0018,,
1790756450894668265,13.217,map,tf map->odom (AMCL) + odom->base_link (estimate),-6.1506,-1.1087,-0.9909,,
1790756450951840809,13.233,map,tf map->odom (AMCL) + odom->base_link (estimate),-6.1500,-1.1095,-0.9799,,
1790756450990068468,13.250,map,tf map->odom (AMCL) + odom->base_link (estimate),-6.1496,-1.1101,-0.9687,,
1790756451046221879,13.267,map,tf map->odom (AMCL) + odom->base_link (estimate),-6.1493,-1.1106,-0.9574,,
1790756451091112439,13.283,map,tf map->odom (AMCL) + odom->base_link (estimate),-6.1490,-1.1110,-0.9461,,
1790756451138683500,13.300,map,tf map->odom (AMCL) + odom->base_link (estimate),-6.1487,-1.1114,-0.9347,,
1790756451175742963,13.317,map,tf map->odom (AMCL) + odom->base_link (estimate),-6.1484,-1.1118,-0.9233,,
1790756451231920307,13.333,map,tf map->odom (AMCL) + odom->base_link (estimate),-6.1481,-1.1121,-0.9119,,
1790756451272431310,13.350,map,tf map->odom (AMCL) + odom->base_link (estimate),-6.1479,-1.1125,-0.9004,,
1790756451326641528,13.367,map,tf map->odom (AMCL) + odom->base_link (estimate),-6.1476,-1.1128,-0.8889,,
1790756451363324940,13.383,map,tf map->odom (AMCL) + odom->base_link (estimate),-6.1473,-1.1132,-0.8774,,
1790756451418309024,13.400,map,tf map->odom (AMCL) + odom->base_link (estimate),-6.1470,-1.1135,-0.8660,,
1790756451461513059,13.417,map,tf map->odom (AMCL) + odom->base_link (estimate),-6.1467,-1.1139,-0.8545,,
1790756451516340542,13.433,map,tf map->odom (AMCL) + odom->base_link (estimate),-6.1464,-1.1142,-0.8430,,
1790756451558329269,13.450,map,tf map->odom (AMCL) + odom->base_link (estimate),-6.1461,-1.1145,-0.8316,,
1790756451610354042,13.467,map,tf map->odom (AMCL) + odom->base_link (estimate),-6.1458,-1.1149,-0.8205,,
1790756451652996687,13.483,map,tf map->odom (AMCL) + odom->base_link (estimate),-6.1455,-1.1152,-0.8097,,
1790756451705769604,13.500,map,tf map->odom (AMCL) + odom->base_link (estimate),-6.1451,-1.1155,-0.7990,,
1790756451749454749,13.517,map,tf map->odom (AMCL) + odom->base_link (estimate),-6.1448,-1.1158,-0.7885,,
1790756451811288394,13.533,map,tf map->odom (AMCL) + odom->base_link (estimate),-6.1444,-1.1163,-0.7779,,
1790756451853110531,13.550,map,tf map->odom (AMCL) + odom->base_link (estimate),-6.1437,-1.1169,-0.7671,,
1790756451910561603,13.567,map,tf map->odom (AMCL) + odom->base_link (estimate),-6.1430,-1.1176,-0.7561,,
1790756451949797936,13.583,map,tf map->odom (AMCL) + odom->base_link (estimate),-6.1422,-1.1183,-0.7450,,
1790756451998556132,13.600,map,tf map->odom (AMCL) + odom->base_link (estimate),-6.1414,-1.1190,-0.7336,,
1790756452039835159,13.617,map,tf map->odom (AMCL) + odom->base_link (estimate),-6.1407,-1.1196,-0.7222,,
1790756452095805115,13.633,map,tf map->odom (AMCL) + odom->base_link (estimate),-6.1403,-1.1200,-0.7108,,
1790756452137836054,13.650,map,tf map->odom (AMCL) + odom->base_link (estimate),-6.1401,-1.1202,-0.6993,,
1790756452186034368,13.667,map,tf map->odom (AMCL) + odom->base_link (estimate),-6.1400,-1.1202,-0.6878,,
1790756452226402715,13.683,map,tf map->odom (AMCL) + odom->base_link (estimate),-6.1400,-1.1202,-0.6763,,
1790756452278699891,13.700,map,tf map->odom (AMCL) + odom->base_link (estimate),-6.1400,-1.1202,-0.6648,,
1790756452319193180,13.717,map,tf map->odom (AMCL) + odom->base_link (estimate),-6.1400,-1.1202,-0.6533,,
1790756452373993809,13.733,map,tf map->odom (AMCL) + odom->base_link (estimate),-6.1400,-1.1203,-0.6418,,
1790756452411698521,13.750,map,tf map->odom (AMCL) + odom->base_link (estimate),-6.1396,-1.1205,-0.6304,,
1790756452463754106,13.767,map,tf map->odom (AMCL) + odom->base_link (estimate),-6.1390,-1.1210,-0.6189,,
1790756452514987110,13.783,map,tf map->odom (AMCL) + odom->base_link (estimate),-6.1380,-1.1217,-0.6075,,
1790756452557386468,13.800,map,tf map->odom (AMCL) + odom->base_link (estimate),-6.1365,-1.1227,-0.5961,,
1790756452595709011,13.817,map,tf map->odom (AMCL) + odom->base_link (estimate),-6.1347,-1.1239,-0.5845,,
1790756452649167788,13.833,map,tf map->odom (AMCL) + odom->base_link (estimate),-6.1324,-1.1254,-0.5728,,
1790756452690628951,13.850,map,tf map->odom (AMCL) + odom->base_link (estimate),-6.1295,-1.1272,-0.5609,,
1790756452743975224,13.867,map,tf map->odom (AMCL) + odom->base_link (estimate),-6.1261,-1.1292,-0.5488,,
1790756452788759216,13.883,map,tf map->odom (AMCL) + odom->base_link (estimate),-6.1223,-1.1315,-0.5364,,
1790756452836190448,13.900,map,tf map->odom (AMCL) + odom->base_link (estimate),-6.1179,-1.1341,-0.5239,,
1790756452875705403,13.917,map,tf map->odom (AMCL) + odom->base_link (estimate),-6.1130,-1.1368,-0.5110,,
1790756452930927969,13.933,map,tf map->odom (AMCL) + odom->base_link (estimate),-6.1076,-1.1397,-0.4979,,
1790756452969988950,13.950,map,tf map->odom (AMCL) + odom->base_link (estimate),-6.1035,-1.1823,-0.5391,,
1790756453029597293,13.967,map,tf map->odom (AMCL) + odom->base_link (estimate),-6.0973,-1.1859,-0.5253,,
1790756453065558004,13.983,map,tf map->odom (AMCL) + odom->base_link (estimate),-6.0906,-1.1897,-0.5112,,
1790756453123170859,14.000,map,tf map->odom (AMCL) + odom->base_link (estimate),-6.0833,-1.1936,-0.4967,,
1790756453168687824,14.017,map,tf map->odom (AMCL) + odom->base_link (estimate),-6.0756,-1.1976,-0.4818,,
1790756453243990116,14.033,map,tf map->odom (AMCL) + odom->base_link (estimate),-6.0673,-1.2018,-0.4666,,
1790756453286085034,14.050,map,tf map->odom (AMCL) + odom->base_link (estimate),-6.0585,-1.2060,-0.4510,,
1790756453337871702,14.067,map,tf map->odom (AMCL) + odom->base_link (estimate),-6.0492,-1.2103,-0.4350,,
1790756453375956893,14.083,map,tf map->odom (AMCL) + odom->base_link (estimate),-6.0394,-1.2147,-0.4185,,
1790756454286440710,14.100,map,tf map->odom (AMCL) + odom->base_link (estimate),-6.0290,-1.2190,-0.4018,,
1790756454327428018,14.117,map,tf map->odom (AMCL) + odom->base_link (estimate),-6.0183,-1.2234,-0.3848,,
1790756455552250502,14.133,map,tf map->odom (AMCL) + odom->base_link (estimate),-6.0073,-1.2276,-0.3678,,
1790756455588849583,14.150,map,tf map->odom (AMCL) + odom->base_link (estimate),-5.9962,-1.2316,-0.3511,,
1790756455644801731,14.167,map,tf map->odom (AMCL) + odom->base_link (estimate),-5.9852,-1.2354,-0.3347,,
1790756455683737393,14.183,map,tf map->odom (AMCL) + odom->base_link (estimate),-5.9740,-1.2391,-0.3185,,
1790756455742651489,14.200,map,tf map->odom (AMCL) + odom->base_link (estimate),-5.9625,-1.2427,-0.3022,,
1790756455779655360,14.217,map,tf map->odom (AMCL) + odom->base_link (estimate),-5.9507,-1.2461,-0.2856,,
1790756455838156941,14.233,map,tf map->odom (AMCL) + odom->base_link (estimate),-5.9386,-1.2495,-0.2689,,
1790756455877353982,14.250,map,tf map->odom (AMCL) + odom->base_link (estimate),-5.9264,-1.2526,-0.2524,,
1790756455937659964,14.267,map,tf map->odom (AMCL) + odom->base_link (estimate),-5.9141,-1.2555,-0.2360,,
1790756455995815835,14.283,map,tf map->odom (AMCL) + odom->base_link (estimate),-5.9017,-1.2583,-0.2196,,
1790756456036497290,14.300,map,tf map->odom (AMCL) + odom->base_link (estimate),-5.8891,-1.2609,-0.2032,,
1790756456075092802,14.317,map,tf map->odom (AMCL) + odom->base_link (estimate),-5.8765,-1.2632,-0.1869,,
1790756456131993791,14.333,map,tf map->odom (AMCL) + odom->base_link (estimate),-5.8639,-1.2654,-0.1708,,
1790756456170242744,14.350,map,tf map->odom (AMCL) + odom->base_link (estimate),-5.8513,-1.2674,-0.1547,,
1790756456224856997,14.367,map,tf map->odom (AMCL) + odom->base_link (estimate),-5.8386,-1.2691,-0.1387,,
1790756456275405177,14.383,map,tf map->odom (AMCL) + odom->base_link (estimate),-5.8259,-1.2707,-0.1227,,
1790756456321614222,14.400,map,tf map->odom (AMCL) + odom->base_link (estimate),-5.8132,-1.2720,-0.1069,,
1790756456365152754,14.417,map,tf map->odom (AMCL) + odom->base_link (estimate),-5.8004,-1.2732,-0.0909,,
1790756456416229817,14.433,map,tf map->odom (AMCL) + odom->base_link (estimate),-5.7877,-1.2741,-0.0750,,
1790756456450743144,14.450,map,tf map->odom (AMCL) + odom->base_link (estimate),-5.7750,-1.2749,-0.0592,,
1790756456512327376,14.467,map,tf map->odom (AMCL) + odom->base_link (estimate),-5.7621,-1.2754,-0.0433,,
1790756456555232154,14.483,map,tf map->odom (AMCL) + odom->base_link (estimate),-5.7492,-1.2758,-0.0274,,
1790756456610619236,14.500,map,tf map->odom (AMCL) + odom->base_link (estimate),-5.7363,-1.2759,-0.0115,,
1790756456649615108,14.517,map,tf map->odom (AMCL) + odom->base_link (estimate),-5.7233,-1.2758,0.0045,,
1790756456718135587,14.533,map,tf map->odom (AMCL) + odom->base_link (estimate),-5.7104,-1.2755,0.0204,,
1790756456755759926,14.550,map,tf map->odom (AMCL) + odom->base_link (estimate),-5.6974,-1.2751,0.0363,,
1790756456815299862,14.567,map,tf map->odom (AMCL) + odom->base_link (estimate),-5.6845,-1.2744,0.0522,,
1790756456853526956,14.583,map,tf map->odom (AMCL) + odom->base_link (estimate),-5.6715,-1.2735,0.0680,,
1790756456908745753,14.600,map,tf map->odom (AMCL) + odom->base_link (estimate),-5.6586,-1.2724,0.0839,,
1790756456945542612,14.617,map,tf map->odom (AMCL) + odom->base_link (estimate),-5.6457,-1.2711,0.0997,,
1790756457005808360,14.633,map,tf map->odom (AMCL) + odom->base_link (estimate),-5.6328,-1.2696,0.1156,,
1790756457044488957,14.650,map,tf map->odom (AMCL) + odom->base_link (estimate),-5.6199,-1.2679,0.1314,,
1790756457098719809,14.667,map,tf map->odom (AMCL) + odom->base_link (estimate),-5.6071,-1.2659,0.1472,,
1790756457138600356,14.683,map,tf map->odom (AMCL) + odom->base_link (estimate),-5.5942,-1.2638,0.1630,,
1790756457196485614,14.700,map,tf map->odom (AMCL) + odom->base_link (estimate),-5.5815,-1.2615,0.1789,,
1790756457233325063,14.717,map,tf map->odom (AMCL) + odom->base_link (estimate),-5.5687,-1.2590,0.1947,,
1790756457292791503,14.733,map,tf map->odom (AMCL) + odom->base_link (estimate),-5.5560,-1.2563,0.2105,,
1790756457332828651,14.750,map,tf map->odom (AMCL) + odom->base_link (estimate),-5.5435,-1.2534,0.2262,,
1790756457386559454,14.767,map,tf map->odom (AMCL) + odom->base_link (estimate),-5.5311,-1.2503,0.2419,,
1790756457442459495,14.783,map,tf map->odom (AMCL) + odom->base_link (estimate),-5.5186,-1.2470,0.2576,,
1790756457484934703,14.800,map,tf map->odom (AMCL) + odom->base_link (estimate),-5.5061,-1.2435,0.2735,,
1790756457523484139,14.817,map,tf map->odom (AMCL) + odom->base_link (estimate),-5.4937,-1.2398,0.2893,,
1790756457580595437,14.833,map,tf map->odom (AMCL) + odom->base_link (estimate),-5.4814,-1.2359,0.3052,,
1790756457628411670,14.850,map,tf map->odom (AMCL) + odom->base_link (estimate),-5.4912,-1.1865,0.3149,,
1790756457679916983,14.867,map,tf map->odom (AMCL) + odom->base_link (estimate),-5.4789,-1.1822,0.3306,,
1790756457717352591,14.883,map,tf map->odom (AMCL) + odom->base_link (estimate),-5.4667,-1.1778,0.3463,,
1790756457773597494,14.900,map,tf map->odom (AMCL) + odom->base_link (estimate),-5.4546,-1.1732,0.3620,,
1790756457816829702,14.917,map,tf map->odom (AMCL) + odom->base_link (estimate),-5.4425,-1.1684,0.3774,,
1790756457872601880,14.933,map,tf map->odom (AMCL) + odom->base_link (estimate),-5.4306,-1.1635,0.3924,,
1790756457908221780,14.950,map,tf map->odom (AMCL) + odom->base_link (estimate),-5.4188,-1.1583,0.4071,,
1790756457966163102,14.967,map,tf map->odom (AMCL) + odom->base_link (estimate),-5.4070,-1.1531,0.4213,,
1790756458005930202,14.983,map,tf map->odom (AMCL) + odom->base_link (estimate),-5.3953,-1.1476,0.4350,,
1790756458065371768,15.000,map,tf map->odom (AMCL) + odom->base_link (estimate),-5.3837,-1.1420,0.4482,,
1790756458107960328,15.017,map,tf map->odom (AMCL) + odom->base_link (estimate),-5.3721,-1.1362,0.4611,,
1790756458170596012,15.033,map,tf map->odom (AMCL) + odom->base_link (estimate),-5.3605,-1.1303,0.4736,,
1790756458212056893,15.050,map,tf map->odom (AMCL) + odom->base_link (estimate),-5.3490,-1.1242,0.4858,,
1790756458267597561,15.067,map,tf map->odom (AMCL) + odom->base_link (estimate),-5.3376,-1.1180,0.4976,,
1790756458306601348,15.083,map,tf map->odom (AMCL) + odom->base_link (estimate),-5.3262,-1.1116,0.5089,,
1790756458360487433,15.100,map,tf map->odom (AMCL) + odom->base_link (estimate),-5.3149,-1.1051,0.5199,,
1790756458400947555,15.117,map,tf map->odom (AMCL) + odom->base_link (estimate),-5.3036,-1.0985,0.5306,,
1790756458454892342,15.133,map,tf map->odom (AMCL) + odom->base_link (estimate),-5.2924,-1.0918,0.5411,,
1790756458497870615,15.150,map,tf map->odom (AMCL) + odom->base_link (estimate),-5.2812,-1.0849,0.5515,,
1790756458552603308,15.167,map,tf map->odom (AMCL) + odom->base_link (estimate),-5.2701,-1.0779,0.5616,,
1790756458591639319,15.183,map,tf map->odom (AMCL) + odom->base_link (estimate),-5.2590,-1.0707,0.5713,,
1790756458648440430,15.200,map,tf map->odom (AMCL) + odom->base_link (estimate),-5.2480,-1.0635,0.5807,,
1790756458684652343,15.217,map,tf map->odom (AMCL) + odom->base_link (estimate),-5.2371,-1.0562,0.5899,,
1790756458741681383,15.233,map,tf map->odom (AMCL) + odom->base_link (estimate),-5.2262,-1.0488,0.5987,,
1790756458779644742,15.250,map,tf map->odom (AMCL) + odom->base_link (estimate),-5.2154,-1.0412,0.6072,,
1790756458834157797,15.267,map,tf map->odom (AMCL) + odom->base_link (estimate),-5.2046,-1.0336,0.6153,,
1790756458885159574,15.283,map,tf map->odom (AMCL) + odom->base_link (estimate),-5.1939,-1.0259,0.6235,,
1790756458930612561,15.300,map,tf map->odom (AMCL) + odom->base_link (estimate),-5.1832,-1.0181,0.6318,,
1790756458969688524,15.317,map,tf map->odom (AMCL) + odom->base_link (estimate),-5.1726,-1.0102,0.6400,,
1790756459023437984,15.333,map,tf map->odom (AMCL) + odom->base_link (estimate),-5.1620,-1.0022,0.6483,,
1790756459062062234,15.350,map,tf map->odom (AMCL) + odom->base_link (estimate),-5.1515,-0.9941,0.6567,,
1790756459115799350,15.367,map,tf map->odom (AMCL) + odom->base_link (estimate),-5.1411,-0.9860,0.6649,,
1790756459153325978,15.383,map,tf map->odom (AMCL) + odom->base_link (estimate),-5.1308,-0.9777,0.6729,,
1790756459210372167,15.400,map,tf map->odom (AMCL) + odom->base_link (estimate),-5.1205,-0.9694,0.6807,,
1790756459250559037,15.417,map,tf map->odom (AMCL) + odom->base_link (estimate),-5.1103,-0.9610,0.6883,,
1790756459308358363,15.433,map,tf map->odom (AMCL) + odom->base_link (estimate),-5.1001,-0.9525,0.6957,,
1790756459346014927,15.450,map,tf map->odom (AMCL) + odom->base_link (estimate),-5.0900,-0.9439,0.7031,,
1790756459401682799,15.467,map,tf map->odom (AMCL) + odom->base_link (estimate),-5.0800,-0.9353,0.7103,,
1790756459440215086,15.483,map,tf map->odom (AMCL) + odom->base_link (estimate),-5.0700,-0.9266,0.7174,,
1790756459494687625,15.500,map,tf map->odom (AMCL) + odom->base_link (estimate),-5.0601,-0.9178,0.7241,,
1790756459536089992,15.517,map,tf map->odom (AMCL) + odom->base_link (estimate),-5.0502,-0.9090,0.7306,,
1790756459606704329,15.533,map,tf map->odom (AMCL) + odom->base_link (estimate),-5.0404,-0.9001,0.7368,,
1790756459643983524,15.550,map,tf map->odom (AMCL) + odom->base_link (estimate),-5.0306,-0.8911,0.7429,,
1790756459705032114,15.567,map,tf map->odom (AMCL) + odom->base_link (estimate),-5.0209,-0.8821,0.7489,,
1790756459742061973,15.583,map,tf map->odom (AMCL) + odom->base_link (estimate),-5.0113,-0.8730,0.7547,,
1790756459815210760,15.600,map,tf map->odom (AMCL) + odom->base_link (estimate),-5.0016,-0.8638,0.7605,,
1790756459852062453,15.617,map,tf map->odom (AMCL) + odom->base_link (estimate),-4.9921,-0.8546,0.7662,,
1790756459916562519,15.633,map,tf map->odom (AMCL) + odom->base_link (estimate),-4.9826,-0.8454,0.7714,,
1790756459955393013,15.650,map,tf map->odom (AMCL) + odom->base_link (estimate),-4.9731,-0.8361,0.7762,,
1790756460007471400,15.667,map,tf map->odom (AMCL) + odom->base_link (estimate),-4.9637,-0.8267,0.7804,,
1790756460047760943,15.683,map,tf map->odom (AMCL) + odom->base_link (estimate),-4.9543,-0.8174,0.7840,,
1790756460104392010,15.700,map,tf map->odom (AMCL) + odom->base_link (estimate),-4.9449,-0.8080,0.7869,,
1790756460143523425,15.717,map,tf map->odom (AMCL) + odom->base_link (estimate),-4.9356,-0.7985,0.7894,,
1790756460199873578,15.733,map,tf map->odom (AMCL) + odom->base_link (estimate),-4.9262,-0.7891,0.7914,,
1790756460242300083,15.750,map,tf map->odom (AMCL) + odom->base_link (estimate),-4.9169,-0.7796,0.7929,,
1790756460296789304,15.767,map,tf map->odom (AMCL) + odom->base_link (estimate),-4.9076,-0.7701,0.7940,,
1790756460353317717,15.783,map,tf map->odom (AMCL) + odom->base_link (estimate),-4.8982,-0.7606,0.7949,,
1790756460395793061,15.800,map,tf map->odom (AMCL) + odom->base_link (estimate),-4.8889,-0.7511,0.7955,,
1790756460435947170,15.817,map,tf map->odom (AMCL) + odom->base_link (estimate),-4.8796,-0.7415,0.7960,,
1790756460492448347,15.833,map,tf map->odom (AMCL) + odom->base_link (estimate),-4.8703,-0.7320,0.7964,,
1790756460530156497,15.850,map,tf map->odom (AMCL) + odom->base_link (estimate),-4.8609,-0.7225,0.7968,,
1790756460584185134,15.867,map,tf map->odom (AMCL) + odom->base_link (estimate),-4.8518,-0.7131,0.7971,,
1790756460624905769,15.883,map,tf map->odom (AMCL) + odom->base_link (estimate),-4.8426,-0.7037,0.7972,,
1790756460678606813,15.900,map,tf map->odom (AMCL) + odom->base_link (estimate),-4.8333,-0.6942,0.7970,,
1790756460720170099,15.917,map,tf map->odom (AMCL) + odom->base_link (estimate),-4.8240,-0.6847,0.7965,,
1790756460770093585,15.933,map,tf map->odom (AMCL) + odom->base_link (estimate),-4.8147,-0.6751,0.7959,,
1790756460806918604,15.950,map,tf map->odom (AMCL) + odom->base_link (estimate),-4.8054,-0.6656,0.7951,,
1790756460864191052,15.967,map,tf map->odom (AMCL) + odom->base_link (estimate),-4.7961,-0.6562,0.7941,,
1790756460902869678,15.983,map,tf map->odom (AMCL) + odom->base_link (estimate),-4.7871,-0.6471,0.7930,,
1790756460954491895,16.000,map,tf map->odom (AMCL) + odom->base_link (estimate),-4.7780,-0.6379,0.7917,,
1790756460996411514,16.017,map,tf map->odom (AMCL) + odom->base_link (estimate),-4.7688,-0.6285,0.7900,,
1790756461061572025,16.033,map,tf map->odom (AMCL) + odom->base_link (estimate),-4.8541,-0.5837,0.8501,,
1790756461100813514,16.050,map,tf map->odom (AMCL) + odom->base_link (estimate),-4.8453,-0.5737,0.8480,,
1790756461158310243,16.067,map,tf map->odom (AMCL) + odom->base_link (estimate),-4.8365,-0.5638,0.8458,,
1790756461203224220,16.083,map,tf map->odom (AMCL) + odom->base_link (estimate),-4.8276,-0.5538,0.8434,,
1790756461269326750,16.100,map,tf map->odom (AMCL) + odom->base_link (estimate),-4.8187,-0.5438,0.8407,,
1790756461312327013,16.117,map,tf map->odom (AMCL) + odom->base_link (estimate),-4.8097,-0.5339,0.8376,,
1790756461369616460,16.133,map,tf map->odom (AMCL) + odom->base_link (estimate),-4.8008,-0.5240,0.8341,,
1790756461410946825,16.150,map,tf map->odom (AMCL) + odom->base_link (estimate),-4.7917,-0.5141,0.8302,,
1790756461464524176,16.167,map,tf map->odom (AMCL) + odom->base_link (estimate),-4.7827,-0.5043,0.8259,,
1790756461500969383,16.183,map,tf map->odom (AMCL) + odom->base_link (estimate),-4.7736,-0.4945,0.8215,,
1790756461553913525,16.200,map,tf map->odom (AMCL) + odom->base_link (estimate),-4.7644,-0.4847,0.8168,,
1790756461593234282,16.217,map,tf map->odom (AMCL) + odom->base_link (estimate),-4.7552,-0.4750,0.8120,,
1790756461647547685,16.233,map,tf map->odom (AMCL) + odom->base_link (estimate),-4.7460,-0.4654,0.8069,,
1790756461686071154,16.250,map,tf map->odom (AMCL) + odom->base_link (estimate),-4.7367,-0.4558,0.8013,,
1790756461755644311,16.267,map,tf map->odom (AMCL) + odom->base_link (estimate),-4.7273,-0.4462,0.7956,,
1790756461799830503,16.283,map,tf map->odom (AMCL) + odom->base_link (estimate),-4.7179,-0.4367,0.7898,,
1790756461855709835,16.300,map,tf map->odom (AMCL) + odom->base_link (estimate),-4.7084,-0.4273,0.7838,,
1790756461893505424,16.317,map,tf map->odom (AMCL) + odom->base_link (estimate),-4.6989,-0.4179,0.7776,,
1790756461947302078,16.333,map,tf map->odom (AMCL) + odom->base_link (estimate),-4.6893,-0.4086,0.7713,,
1790756461984060415,16.350,map,tf map->odom (AMCL) + odom->base_link (estimate),-4.6798,-0.3995,0.7649,,
1790756462036537117,16.367,map,tf map->odom (AMCL) + odom->base_link (estimate),-4.6705,-0.3906,0.7584,,
1790756462077670343,16.383,map,tf map->odom (AMCL) + odom->base_link (estimate),-4.6612,-0.3819,0.7518,,
1790756462133079793,16.400,map,tf map->odom (AMCL) + odom->base_link (estimate),-4.6517,-0.3732,0.7450,,
1790756462177307309,16.417,map,tf map->odom (AMCL) + odom->base_link (estimate),-4.6420,-0.3644,0.7378,,
1790756462228209723,16.433,map,tf map->odom (AMCL) + odom->base_link (estimate),-4.6321,-0.3555,0.7303,,
1790756462274967915,16.450,map,tf map->odom (AMCL) + odom->base_link (estimate),-4.6221,-0.3467,0.7225,,
1790756462325265484,16.467,map,tf map->odom (AMCL) + odom->base_link (estimate),-4.6121,-0.3380,0.7146,,
1790756462366650040,16.483,map,tf map->odom (AMCL) + odom->base_link (estimate),-4.6021,-0.3294,0.7067,,
1790756462419794420,16.500,map,tf map->odom (AMCL) + odom->base_link (estimate),-4.5922,-0.3212,0.6987,,
1790756462458164237,16.517,map,tf map->odom (AMCL) + odom->base_link (estimate),-4.5824,-0.3131,0.6908,,
1790756462523291500,16.533,map,tf map->odom (AMCL) + odom->base_link (estimate),-4.5724,-0.3050,0.6827,,
1790756462564424163,16.550,map,tf map->odom (AMCL) + odom->base_link (estimate),-4.5624,-0.2970,0.6744,,
1790756462617705384,16.567,map,tf map->odom (AMCL) + odom->base_link (estimate),-4.5524,-0.2891,0.6661,,
1790756462654937078,16.583,map,tf map->odom (AMCL) + odom->base_link (estimate),-4.5424,-0.2814,0.6577,,
1790756462707481402,16.600,map,tf map->odom (AMCL) + odom->base_link (estimate),-4.5322,-0.2736,0.6492,,
1790756462745116952,16.617,map,tf map->odom (AMCL) + odom->base_link (estimate),-4.5220,-0.2660,0.6405,,
1790756462802635564,16.633,map,tf map->odom (AMCL) + odom->base_link (estimate),-4.5116,-0.2584,0.6317,,
1790756462842654429,16.650,map,tf map->odom (AMCL) + odom->base_link (estimate),-4.5009,-0.2508,0.6227,,
1790756462893832686,16.667,map,tf map->odom (AMCL) + odom->base_link (estimate),-4.4902,-0.2432,0.6134,,
1790756462934311759,16.683,map,tf map->odom (AMCL) + odom->base_link (estimate),-4.4793,-0.2357,0.6042,,
1790756462985121662,16.700,map,tf map->odom (AMCL) + odom->base_link (estimate),-4.4683,-0.2282,0.5949,,
1790756462992451183,16.700,map,tf map->odom (AMCL) + odom->base_link (estimate),-4.4573,-0.2209,0.5856,,
1790756463031841253,16.717,map,tf map->odom (AMCL) + odom->base_link (estimate),-4.4573,-0.2209,0.5856,,
1790756463087024543,16.733,map,tf map->odom (AMCL) + odom->base_link (estimate),-4.4461,-0.2137,0.5763,,
1790756463130594337,16.750,map,tf map->odom (AMCL) + odom->base_link (estimate),-4.4350,-0.2066,0.5669,,
1790756463184971981,16.767,map,tf map->odom (AMCL) + odom->base_link (estimate),-4.4237,-0.1996,0.5574,,
1790756463243514135,16.783,map,tf map->odom (AMCL) + odom->base_link (estimate),-4.4124,-0.1927,0.5480,,
1790756463283282045,16.800,map,tf map->odom (AMCL) + odom->base_link (estimate),-4.4011,-0.1859,0.5385,,
1790756463320437381,16.817,map,tf map->odom (AMCL) + odom->base_link (estimate),-4.3896,-0.1792,0.5289,,
1790756463375317310,16.833,map,tf map->odom (AMCL) + odom->base_link (estimate),-4.3781,-0.1727,0.5194,,
1790756463415108230,16.850,map,tf map->odom (AMCL) + odom->base_link (estimate),-4.3666,-0.1662,0.5097,,
1790756463463418827,16.867,map,tf map->odom (AMCL) + odom->base_link (estimate),-4.3550,-0.1599,0.5001,,
1790756463507261647,16.883,map,tf map->odom (AMCL) + odom->base_link (estimate),-4.3433,-0.1536,0.4904,,
1790756463554947956,16.900,map,tf map->odom (AMCL) + odom->base_link (estimate),-4.3316,-0.1475,0.4807,,
1790756463597180329,16.917,map,tf map->odom (AMCL) + odom->base_link (estimate),-4.3198,-0.1415,0.4710,,
1790756463650636523,16.933,map,tf map->odom (AMCL) + odom->base_link (estimate),-4.3079,-0.1356,0.4613,,
1790756463686425886,16.950,map,tf map->odom (AMCL) + odom->base_link (estimate),-4.2960,-0.1299,0.4515,,
1790756463747497400,16.967,map,tf map->odom (AMCL) + odom->base_link (estimate),-4.2841,-0.1242,0.4417,,
1790756463787564446,16.983,map,tf map->odom (AMCL) + odom->base_link (estimate),-4.2721,-0.1187,0.4319,,
1790756463844128925,17.000,map,tf map->odom (AMCL) + odom->base_link (estimate),-4.2600,-0.1133,0.4220,,
1790756463880638091,17.017,map,tf map->odom (AMCL) + odom->base_link (estimate),-4.2479,-0.1080,0.4122,,
1790756463957904897,17.033,map,tf map->odom (AMCL) + odom->base_link (estimate),-4.2358,-0.1028,0.4023,,
1790756463994204152,17.050,map,tf map->odom (AMCL) + odom->base_link (estimate),-4.2236,-0.0978,0.3925,,
1790756464048791238,17.067,map,tf map->odom (AMCL) + odom->base_link (estimate),-4.2113,-0.0928,0.3827,,
1790756464089919580,17.083,map,tf map->odom (AMCL) + odom->base_link (estimate),-4.1990,-0.0880,0.3731,,
1790756464144821298,17.100,map,tf map->odom (AMCL) + odom->base_link (estimate),-4.1867,-0.0834,0.3638,,
1790756464186525464,17.117,map,tf map->odom (AMCL) + odom->base_link (estimate),-4.1743,-0.0788,0.3546,,
1790756464241959709,17.133,map,tf map->odom (AMCL) + odom->base_link (estimate),-4.1619,-0.0743,0.3456,,
1790756464278703769,17.150,map,tf map->odom (AMCL) + odom->base_link (estimate),-4.1494,-0.0699,0.3367,,
1790756464330883402,17.167,map,tf map->odom (AMCL) + odom->base_link (estimate),-4.1369,-0.0657,0.3279,,
1790756464372419264,17.183,map,tf map->odom (AMCL) + odom->base_link (estimate),-4.1244,-0.0615,0.3192,,
1790756464424622846,17.200,map,tf map->odom (AMCL) + odom->base_link (estimate),-4.1118,-0.0575,0.3105,,
1790756464462063512,17.217,map,tf map->odom (AMCL) + odom->base_link (estimate),-4.0991,-0.0536,0.3018,,
1790756464520917855,17.233,map,tf map->odom (AMCL) + odom->base_link (estimate),-4.0865,-0.0498,0.2932,,
1790756464557864783,17.250,map,tf map->odom (AMCL) + odom->base_link (estimate),-4.0738,-0.0460,0.2848,,
1790756464611257205,17.267,map,tf map->odom (AMCL) + odom->base_link (estimate),-4.0610,-0.0424,0.2766,,
1790756464663022369,17.283,map,tf map->odom (AMCL) + odom->base_link (estimate),-4.0483,-0.0389,0.2686,,
1790756464702182053,17.300,map,tf map->odom (AMCL) + odom->base_link (estimate),-4.0355,-0.0355,0.2608,,
1790756464738404763,17.317,map,tf map->odom (AMCL) + odom->base_link (estimate),-4.0227,-0.0322,0.2530,,
1790756464794525376,17.333,map,tf map->odom (AMCL) + odom->base_link (estimate),-4.0098,-0.0290,0.2454,,
1790756464833408559,17.350,map,tf map->odom (AMCL) + odom->base_link (estimate),-3.9338,-0.0029,0.2167,,
1790756464891909481,17.367,map,tf map->odom (AMCL) + odom->base_link (estimate),-3.9208,-0.0001,0.2093,,
1790756464926857696,17.383,map,tf map->odom (AMCL) + odom->base_link (estimate),-3.9079,0.0025,0.2020,,
1790756464981210921,17.400,map,tf map->odom (AMCL) + odom->base_link (estimate),-3.8948,0.0051,0.1947,,
1790756465020233764,17.417,map,tf map->odom (AMCL) + odom->base_link (estimate),-3.8818,0.0075,0.1875,,
1790756465078979066,17.433,map,tf map->odom (AMCL) + odom->base_link (estimate),-3.8688,0.0099,0.1803,,
1790756465124783124,17.450,map,tf map->odom (AMCL) + odom->base_link (estimate),-3.8557,0.0122,0.1732,,
1790756465174144029,17.467,map,tf map->odom (AMCL) + odom->base_link (estimate),-3.8426,0.0144,0.1660,,
1790756465210540961,17.483,map,tf map->odom (AMCL) + odom->base_link (estimate),-3.8295,0.0165,0.1589,,
1790756465265119594,17.500,map,tf map->odom (AMCL) + odom->base_link (estimate),-3.8164,0.0185,0.1517,,
1790756465305826704,17.517,map,tf map->odom (AMCL) + odom->base_link (estimate),-3.8033,0.0204,0.1446,,
1790756465367395901,17.533,map,tf map->odom (AMCL) + odom->base_link (estimate),-3.7901,0.0222,0.1376,,
1790756465407337187,17.550,map,tf map->odom (AMCL) + odom->base_link (estimate),-3.7770,0.0239,0.1306,,
1790756465460484197,17.567,map,tf map->odom (AMCL) + odom->base_link (estimate),-3.7638,0.0256,0.1237,,
1790756465497815446,17.583,map,tf map->odom (AMCL) + odom->base_link (estimate),-3.7507,0.0271,0.1171,,
1790756465554444823,17.600,map,tf map->odom (AMCL) + odom->base_link (estimate),-3.7375,0.0286,0.1106,,
1790756465597029490,17.617,map,tf map->odom (AMCL) + odom->base_link (estimate),-3.7243,0.0300,0.1044,,
1790756465650558848,17.633,map,tf map->odom (AMCL) + odom->base_link (estimate),-3.7111,0.0313,0.0983,,
1790756465692972204,17.650,map,tf map->odom (AMCL) + odom->base_link (estimate),-3.6979,0.0325,0.0922,,
1790756465750226901,17.667,map,tf map->odom (AMCL) + odom->base_link (estimate),-3.6846,0.0336,0.0863,,
1790756465790778950,17.683,map,tf map->odom (AMCL) + odom->base_link (estimate),-3.6714,0.0347,0.0804,,
1790756465842225067,17.700,map,tf map->odom (AMCL) + odom->base_link (estimate),-3.6582,0.0357,0.0746,,
1790756465882508411,17.717,map,tf map->odom (AMCL) + odom->base_link (estimate),-3.6449,0.0366,0.0688,,
1790756465942204372,17.733,map,tf map->odom (AMCL) + odom->base_link (estimate),-3.6316,0.0374,0.0630,,
1790756465980142814,17.750,map,tf map->odom (AMCL) + odom->base_link (estimate),-3.6184,0.0382,0.0573,,
1790756466037188539,17.767,map,tf map->odom (AMCL) + odom->base_link (estimate),-3.6051,0.0389,0.0520,,
1790756466093546957,17.783,map,tf map->odom (AMCL) + odom->base_link (estimate),-3.5919,0.0395,0.0471,,
1790756466132346269,17.800,map,tf map->odom (AMCL) + odom->base_link (estimate),-3.5786,0.0400,0.0427,,
1790756466174505854,17.817,map,tf map->odom (AMCL) + odom->base_link (estimate),-3.5653,0.0406,0.0386,,
1790756466226262283,17.833,map,tf map->odom (AMCL) + odom->base_link (estimate),-3.5521,0.0410,0.0350,,
1790756466263577565,17.850,map,tf map->odom (AMCL) + odom->base_link (estimate),-3.5388,0.0414,0.0318,,
1790756466321084156,17.867,map,tf map->odom (AMCL) + odom->base_link (estimate),-3.5255,0.0418,0.0289,,
1790756466361522749,17.883,map,tf map->odom (AMCL) + odom->base_link (estimate),-3.5122,0.0422,0.0262,,
1790756466411517144,17.900,map,tf map->odom (AMCL) + odom->base_link (estimate),-3.4988,0.0425,0.0236,,
1790756466450832454,17.917,map,tf map->odom (AMCL) + odom->base_link (estimate),-3.4855,0.0428,0.0210,,
1790756466506275339,17.933,map,tf map->odom (AMCL) + odom->base_link (estimate),-3.4722,0.0430,0.0184,,
1790756466545643620,17.950,map,tf map->odom (AMCL) + odom->base_link (estimate),-3.4589,0.0432,0.0157,,
1790756466598814109,17.967,map,tf map->odom (AMCL) + odom->base_link (estimate),-3.4455,0.0434,0.0131,,
1790756466635305149,17.983,map,tf map->odom (AMCL) + odom->base_link (estimate),-3.4322,0.0435,0.0105,,
1790756466692824043,18.000,map,tf map->odom (AMCL) + odom->base_link (estimate),-3.4188,0.0436,0.0080,,
1790756466729712459,18.017,map,tf map->odom (AMCL) + odom->base_link (estimate),-3.4055,0.0437,0.0054,,
1790756466797169973,18.033,map,tf map->odom (AMCL) + odom->base_link (estimate),-3.3922,0.0437,0.0033,,
1790756466838619616,18.050,map,tf map->odom (AMCL) + odom->base_link (estimate),-3.3788,0.0438,0.0011,,
1790756466892595845,18.067,map,tf map->odom (AMCL) + odom->base_link (estimate),-3.3655,0.0437,-0.0009,,
1790756466931149369,18.083,map,tf map->odom (AMCL) + odom->base_link (estimate),-3.3522,0.0437,-0.0029,,
1790756466985779940,18.100,map,tf map->odom (AMCL) + odom->base_link (estimate),-3.3388,0.0436,-0.0049,,
1790756467023723454,18.117,map,tf map->odom (AMCL) + odom->base_link (estimate),-3.3255,0.0435,-0.0069,,
1790756467080767018,18.133,map,tf map->odom (AMCL) + odom->base_link (estimate),-3.3121,0.0434,-0.0088,,
1790756467120209871,18.150,map,tf map->odom (AMCL) + odom->base_link (estimate),-3.2988,0.0433,-0.0107,,
1790756467173663436,18.167,map,tf map->odom (AMCL) + odom->base_link (estimate),-3.2854,0.0431,-0.0126,,
1790756467210453141,18.183,map,tf map->odom (AMCL) + odom->base_link (estimate),-3.2721,0.0429,-0.0147,,
1790756467262774406,18.200,map,tf map->odom (AMCL) + odom->base_link (estimate),-3.2587,0.0427,-0.0169,,
1790756467302017867,18.217,map,tf map->odom (AMCL) + odom->base_link (estimate),-3.2454,0.0424,-0.0191,,
1790756467357648780,18.233,map,tf map->odom (AMCL) + odom->base_link (estimate),-3.2320,0.0421,-0.0213,,
1790756467393953764,18.250,map,tf map->odom (AMCL) + odom->base_link (estimate),-3.2187,0.0418,-0.0235,,
1790756467446817793,18.267,map,tf map->odom (AMCL) + odom->base_link (estimate),-3.2054,0.0415,-0.0258,,
1790756467497134897,18.283,map,tf map->odom (AMCL) + odom->base_link (estimate),-3.1920,0.0411,-0.0281,,
1790756467544128922,18.300,map,tf map->odom (AMCL) + odom->base_link (estimate),-3.1787,0.0407,-0.0304,,
1790756467586640613,18.317,map,tf map->odom (AMCL) + odom->base_link (estimate),-3.1653,0.0403,-0.0328,,
1790756467640810506,18.333,map,tf map->odom (AMCL) + odom->base_link (estimate),-3.1520,0.0398,-0.0351,,
1790756467683433460,18.350,map,tf map->odom (AMCL) + odom->base_link (estimate),-3.1386,0.0393,-0.0375,,
1790756467735413890,18.367,map,tf map->odom (AMCL) + odom->base_link (estimate),-3.1253,0.0388,-0.0399,,
1790756467770973022,18.383,map,tf map->odom (AMCL) + odom->base_link (estimate),-3.1120,0.0382,-0.0423,,
1790756467824230330,18.400,map,tf map->odom (AMCL) + odom->base_link (estimate),-3.0986,0.0376,-0.0447,,
1790756467871832745,18.417,map,tf map->odom (AMCL) + odom->base_link (estimate),-3.0853,0.0370,-0.0472,,
1790756467927657290,18.433,map,tf map->odom (AMCL) + odom->base_link (estimate),-3.0719,0.0363,-0.0496,,
1790756467971090025,18.450,map,tf map->odom (AMCL) + odom->base_link (estimate),-3.0586,0.0356,-0.0521,,
1790756468019406971,18.467,map,tf map->odom (AMCL) + odom->base_link (estimate),-3.0453,0.0349,-0.0546,,
1790756468057722339,18.483,map,tf map->odom (AMCL) + odom->base_link (estimate),-3.0320,0.0341,-0.0571,,
1790756468108651145,18.500,map,tf map->odom (AMCL) + odom->base_link (estimate),-3.0186,0.0333,-0.0596,,
1790756468143275697,18.517,map,tf map->odom (AMCL) + odom->base_link (estimate),-3.0053,0.0325,-0.0621,,
1790756468206080169,18.533,map,tf map->odom (AMCL) + odom->base_link (estimate),-2.8671,0.0589,-0.0845,,
1790756468242537718,18.550,map,tf map->odom (AMCL) + odom->base_link (estimate),-2.8538,0.0577,-0.0870,,
1790756468298045716,18.567,map,tf map->odom (AMCL) + odom->base_link (estimate),-2.8405,0.0565,-0.0896,,
1790756468338860549,18.583,map,tf map->odom (AMCL) + odom->base_link (estimate),-2.8272,0.0553,-0.0921,,
1790756468386417596,18.600,map,tf map->odom (AMCL) + odom->base_link (estimate),-2.8139,0.0541,-0.0948,,
1790756468423423083,18.617,map,tf map->odom (AMCL) + odom->base_link (estimate),-2.8006,0.0528,-0.0976,,
1790756468475572709,18.633,map,tf map->odom (AMCL) + odom->base_link (estimate),-2.7873,0.0514,-0.1006,,
1790756468509262310,18.650,map,tf map->odom (AMCL) + odom->base_link (estimate),-2.7740,0.0500,-0.1036,,
1790756468561705892,18.667,map,tf map->odom (AMCL) + odom->base_link (estimate),-2.7607,0.0486,-0.1066,,
1790756468599675057,18.683,map,tf map->odom (AMCL) + odom->base_link (estimate),-2.7475,0.0472,-0.1098,,
1790756468654558700,18.700,map,tf map->odom (AMCL) + odom->base_link (estimate),-2.7342,0.0456,-0.1130,,
1790756468694257298,18.717,map,tf map->odom (AMCL) + odom->base_link (estimate),-2.7209,0.0441,-0.1162,,
1790756468751952769,18.733,map,tf map->odom (AMCL) + odom->base_link (estimate),-2.7077,0.0425,-0.1196,,
1790756468793332459,18.750,map,tf map->odom (AMCL) + odom->base_link (estimate),-2.6944,0.0409,-0.1229,,
1790756468848371168,18.767,map,tf map->odom (AMCL) + odom->base_link (estimate),-2.6812,0.0392,-0.1264,,
1790756468904932276,18.783,map,tf map->odom (AMCL) + odom->base_link (estimate),-2.6679,0.0375,-0.1298,,
1790756468946807285,18.800,map,tf map->odom (AMCL) + odom->base_link (estimate),-2.6547,0.0357,-0.1334,,
1790756468987102349,18.817,map,tf map->odom (AMCL) + odom->base_link (estimate),-2.6415,0.0339,-0.1370,,
1790756469038059417,18.833,map,tf map->odom (AMCL) + odom->base_link (estimate),-2.6283,0.0320,-0.1406,,
1790756469076671622,18.850,map,tf map->odom (AMCL) + odom->base_link (estimate),-2.6150,0.0301,-0.1443,,
1790756469128768166,18.867,map,tf map->odom (AMCL) + odom->base_link (estimate),-2.6018,0.0281,-0.1480,,
1790756469164796308,18.883,map,tf map->odom (AMCL) + odom->base_link (estimate),-2.5886,0.0261,-0.1517,,
1790756469217567407,18.900,map,tf map->odom (AMCL) + odom->base_link (estimate),-2.5755,0.0240,-0.1556,,
1790756469258263523,18.917,map,tf map->odom (AMCL) + odom->base_link (estimate),-2.5623,0.0219,-0.1594,,
1790756469310129884,18.933,map,tf map->odom (AMCL) + odom->base_link (estimate),-2.5491,0.0197,-0.1633,,
1790756469351597147,18.950,map,tf map->odom (AMCL) + odom->base_link (estimate),-2.5359,0.0175,-0.1672,,
1790756469406492318,18.967,map,tf map->odom (AMCL) + odom->base_link (estimate),-2.5228,0.0152,-0.1711,,
1790756469444629843,18.983,map,tf map->odom (AMCL) + odom->base_link (estimate),-2.5096,0.0129,-0.1751,,
1790756469498565704,19.000,map,tf map->odom (AMCL) + odom->base_link (estimate),-2.4965,0.0105,-0.1791,,
1790756469540051747,19.017,map,tf map->odom (AMCL) + odom->base_link (estimate),-2.4834,0.0081,-0.1832,,
1790756469606623637,19.033,map,tf map->odom (AMCL) + odom->base_link (estimate),-2.4703,0.0056,-0.1872,,
1790756469645908261,19.050,map,tf map->odom (AMCL) + odom->base_link (estimate),-2.4572,0.0031,-0.1913,,
1790756469698326185,19.067,map,tf map->odom (AMCL) + odom->base_link (estimate),-2.4441,0.0005,-0.1954,,
1790756469739433208,19.083,map,tf map->odom (AMCL) + odom->base_link (estimate),-2.4310,-0.0022,-0.1995,,
1790756469796911140,19.100,map,tf map->odom (AMCL) + odom->base_link (estimate),-2.4179,-0.0049,-0.2036,,
1790756469835703605,19.117,map,tf map->odom (AMCL) + odom->base_link (estimate),-2.4049,-0.0076,-0.2077,,
1790756469889107798,19.133,map,tf map->odom (AMCL) + odom->base_link (estimate),-2.3918,-0.0104,-0.2118,,
1790756469928965181,19.150,map,tf map->odom (AMCL) + odom->base_link (estimate),-2.3788,-0.0133,-0.2160,,
1790756469978516335,19.167,map,tf map->odom (AMCL) + odom->base_link (estimate),-2.3658,-0.0162,-0.2202,,
1790756470025444565,19.183,map,tf map->odom (AMCL) + odom->base_link (estimate),-2.3528,-0.0192,-0.2244,,
1790756470078823658,19.200,map,tf map->odom (AMCL) + odom->base_link (estimate),-2.3398,-0.0222,-0.2286,,
1790756470122635691,19.217,map,tf map->odom (AMCL) + odom->base_link (estimate),-2.3268,-0.0253,-0.2329,,
1790756470172743149,19.233,map,tf map->odom (AMCL) + odom->base_link (estimate),-2.3139,-0.0284,-0.2371,,
1790756470212401214,19.250,map,tf map->odom (AMCL) + odom->base_link (estimate),-2.3009,-0.0316,-0.2414,,
1790756470265902742,19.267,map,tf map->odom (AMCL) + odom->base_link (estimate),-2.2880,-0.0348,-0.2456,,
1790756470316530155,19.283,map,tf map->odom (AMCL) + odom->base_link (estimate),-2.2751,-0.0381,-0.2499,,
1790756470356583602,19.300,map,tf map->odom (AMCL) + odom->base_link (estimate),-2.2622,-0.0415,-0.2542,,
1790756470396156511,19.317,map,tf map->odom (AMCL) + odom->base_link (estimate),-2.2493,-0.0449,-0.2584,,
1790756470456057676,19.333,map,tf map->odom (AMCL) + odom->base_link (estimate),-2.2364,-0.0484,-0.2624,,
1790756470496769504,19.350,map,tf map->odom (AMCL) + odom->base_link (estimate),-2.2235,-0.0519,-0.2664,,
1790756470547591492,19.367,map,tf map->odom (AMCL) + odom->base_link (estimate),-2.2107,-0.0554,-0.2703,,
1790756470591806066,19.383,map,tf map->odom (AMCL) + odom->base_link (estimate),-2.1979,-0.0590,-0.2745,,
1790756470637644743,19.400,map,tf map->odom (AMCL) + odom->base_link (estimate),-2.1851,-0.0627,-0.2785,,
1790756470680095207,19.417,map,tf map->odom (AMCL) + odom->base_link (estimate),-2.1723,-0.0664,-0.2824,,
1790756470734190597,19.433,map,tf map->odom (AMCL) + odom->base_link (estimate),-2.1595,-0.0702,-0.2862,,
1790756470770580654,19.450,map,tf map->odom (AMCL) + odom->base_link (estimate),-2.1467,-0.0740,-0.2900,,
1790756470821721699,19.467,map,tf map->odom (AMCL) + odom->base_link (estimate),-2.1339,-0.0779,-0.2937,,
1790756470862108148,19.483,map,tf map->odom (AMCL) + odom->base_link (estimate),-2.1212,-0.0818,-0.2973,,
1790756470915434622,19.500,map,tf map->odom (AMCL) + odom->base_link (estimate),-2.1085,-0.0857,-0.3009,,
1790756470954255721,19.517,map,tf map->odom (AMCL) + odom->base_link (estimate),-2.0958,-0.0897,-0.3045,,
1790756471018678719,19.533,map,tf map->odom (AMCL) + odom->base_link (estimate),-2.0831,-0.0938,-0.3080,,
1790756471056884945,19.550,map,tf map->odom (AMCL) + odom->base_link (estimate),-2.0704,-0.0979,-0.3115,,
1790756471111506704,19.567,map,tf map->odom (AMCL) + odom->base_link (estimate),-2.0579,-0.1019,-0.3150,,
1790756471158233758,19.583,map,tf map->odom (AMCL) + odom->base_link (estimate),-2.0454,-0.1060,-0.3185,,
1790756471208779640,19.600,map,tf map->odom (AMCL) + odom->base_link (estimate),-2.0328,-0.1102,-0.3221,,
1790756471249159302,19.617,map,tf map->odom (AMCL) + odom->base_link (estimate),-2.0202,-0.1145,-0.3259,,
1790756471301074935,19.633,map,tf map->odom (AMCL) + odom->base_link (estimate),-2.0076,-0.1188,-0.3295,,
1790756471337559630,19.650,map,tf map->odom (AMCL) + odom->base_link (estimate),-1.9950,-0.1232,-0.3331,,
1790756471389833737,19.667,map,tf map->odom (AMCL) + odom->base_link (estimate),-1.9824,-0.1276,-0.3365,,
1790756471429917490,19.683,map,tf map->odom (AMCL) + odom->base_link (estimate),-1.9698,-0.1320,-0.3399,,
1790756471485007423,19.700,map,tf map->odom (AMCL) + odom->base_link (estimate),-1.9573,-0.1365,-0.3433,,
1790756471524950985,19.717,map,tf map->odom (AMCL) + odom->base_link (estimate),-1.9447,-0.1411,-0.3466,,
1790756471585519827,19.733,map,tf map->odom (AMCL) + odom->base_link (estimate),-1.9322,-0.1456,-0.3500,,
1790756471628271685,19.750,map,tf map->odom (AMCL) + odom->base_link (estimate),-1.8908,-0.1428,-0.3887,,
1790756471686145835,19.767,map,tf map->odom (AMCL) + odom->base_link (estimate),-1.8785,-0.1479,-0.3919,,
1790756471735410841,19.783,map,tf map->odom (AMCL) + odom->base_link (estimate),-1.8662,-0.1530,-0.3952,,
1790756471780146764,19.800,map,tf map->odom (AMCL) + odom->base_link (estimate),-1.8539,-0.1582,-0.3984,,
1790756471821022861,19.817,map,tf map->odom (AMCL) + odom->base_link (estimate),-1.8416,-0.1634,-0.4015,,
1790756471873980913,19.833,map,tf map->odom (AMCL) + odom->base_link (estimate),-1.8293,-0.1686,-0.4047,,
1790756471913937397,19.850,map,tf map->odom (AMCL) + odom->base_link (estimate),-1.8171,-0.1739,-0.4078,,
1790756471965875342,19.867,map,tf map->odom (AMCL) + odom->base_link (estimate),-1.8048,-0.1793,-0.4109,,
1790756472008143222,19.883,map,tf map->odom (AMCL) + odom->base_link (estimate),-1.7926,-0.1846,-0.4138,,
1790756472060675679,19.900,map,tf map->odom (AMCL) + odom->base_link (estimate),-1.7804,-0.1900,-0.4166,,
1790756472104567942,19.917,map,tf map->odom (AMCL) + odom->base_link (estimate),-1.7682,-0.1955,-0.4192,,
1790756472159036216,19.933,map,tf map->odom (AMCL) + odom->base_link (estimate),-1.7561,-0.2009,-0.4218,,
1790756472212568515,19.950,map,tf map->odom (AMCL) + odom->base_link (estimate),-1.7439,-0.2064,-0.4243,,
1790756472255825825,19.967,map,tf map->odom (AMCL) + odom->base_link (estimate),-1.7318,-0.2119,-0.4267,,
1790756472303674598,19.983,map,tf map->odom (AMCL) + odom->base_link (estimate),-1.7196,-0.2175,-0.4289,,
1790756472357249382,20.000,map,tf map->odom (AMCL) + odom->base_link (estimate),-1.7075,-0.2231,-0.4310,,
1790756472396944727,20.017,map,tf map->odom (AMCL) + odom->base_link (estimate),-1.6954,-0.2287,-0.4331,,
1790756472464796842,20.033,map,tf map->odom (AMCL) + odom->base_link (estimate),-1.6833,-0.2343,-0.4352,,
1790756472504024292,20.050,map,tf map->odom (AMCL) + odom->base_link (estimate),-1.6712,-0.2399,-0.4371,,
1790756472558732788,20.067,map,tf map->odom (AMCL) + odom->base_link (estimate),-1.6592,-0.2456,-0.4389,,
1790756472601987867,20.083,map,tf map->odom (AMCL) + odom->base_link (estimate),-1.6471,-0.2513,-0.4406,,
1790756472648825549,20.100,map,tf map->odom (AMCL) + odom->base_link (estimate),-1.6350,-0.2570,-0.4423,,
1790756472688431090,20.117,map,tf map->odom (AMCL) + odom->base_link (estimate),-1.6230,-0.2628,-0.4439,,
1790756472739823606,20.133,map,tf map->odom (AMCL) + odom->base_link (estimate),-1.6110,-0.2685,-0.4454,,
1790756472779750063,20.150,map,tf map->odom (AMCL) + odom->base_link (estimate),-1.5989,-0.2743,-0.4468,,
1790756472824158283,20.167,map,tf map->odom (AMCL) + odom->base_link (estimate),-1.5869,-0.2801,-0.4482,,
1790756472862960510,20.183,map,tf map->odom (AMCL) + odom->base_link (estimate),-1.5749,-0.2859,-0.4494,,
1790756472910288770,20.200,map,tf map->odom (AMCL) + odom->base_link (estimate),-1.5629,-0.2917,-0.4505,,
1790756472946255741,20.217,map,tf map->odom (AMCL) + odom->base_link (estimate),-1.5509,-0.2975,-0.4516,,
1790756472998861363,20.233,map,tf map->odom (AMCL) + odom->base_link (estimate),-1.5388,-0.3033,-0.4527,,
1790756473035102489,20.250,map,tf map->odom (AMCL) + odom->base_link (estimate),-1.5268,-0.3092,-0.4538,,
1790756473085154539,20.267,map,tf map->odom (AMCL) + odom->base_link (estimate),-1.5149,-0.3150,-0.4548,,
1790756473134033646,20.283,map,tf map->odom (AMCL) + odom->base_link (estimate),-1.5029,-0.3209,-0.4557,,
1790756473170853853,20.300,map,tf map->odom (AMCL) + odom->base_link (estimate),-1.4909,-0.3268,-0.4566,,
1790756473206558848,20.317,map,tf map->odom (AMCL) + odom->base_link (estimate),-1.4789,-0.3327,-0.4573,,
1790756473260641595,20.333,map,tf map->odom (AMCL) + odom->base_link (estimate),-1.4669,-0.3386,-0.4579,,
1790756473299041561,20.350,map,tf map->odom (AMCL) + odom->base_link (estimate),-1.4550,-0.3445,-0.4586,,
1790756473351421369,20.367,map,tf map->odom (AMCL) + odom->base_link (estimate),-1.4430,-0.3504,-0.4593,,
1790756473386778860,20.383,map,tf map->odom (AMCL) + odom->base_link (estimate),-1.4310,-0.3564,-0.4600,,
1790756473438704905,20.400,map,tf map->odom (AMCL) + odom->base_link (estimate),-1.4191,-0.3623,-0.4607,,
1790756473477629474,20.417,map,tf map->odom (AMCL) + odom->base_link (estimate),-1.4071,-0.3682,-0.4613,,
1790756473531219505,20.433,map,tf map->odom (AMCL) + odom->base_link (estimate),-1.3952,-0.3742,-0.4619,,
1790756473565353015,20.450,map,tf map->odom (AMCL) + odom->base_link (estimate),-1.3832,-0.3802,-0.4624,,
1790756473612941206,20.467,map,tf map->odom (AMCL) + odom->base_link (estimate),-1.3713,-0.3861,-0.4628,,
1790756473648892280,20.483,map,tf map->odom (AMCL) + odom->base_link (estimate),-1.3593,-0.3921,-0.4631,,
1790756473699978290,20.500,map,tf map->odom (AMCL) + odom->base_link (estimate),-1.3474,-0.3981,-0.4635,,
1790756473736963325,20.517,map,tf map->odom (AMCL) + odom->base_link (estimate),-1.3354,-0.4040,-0.4639,,
1790756473791646627,20.533,map,tf map->odom (AMCL) + odom->base_link (estimate),-1.3235,-0.4100,-0.4642,,
1790756473827262283,20.550,map,tf map->odom (AMCL) + odom->base_link (estimate),-1.3116,-0.4160,-0.4645,,
1790756473874626799,20.567,map,tf map->odom (AMCL) + odom->base_link (estimate),-1.2996,-0.4220,-0.4647,,
1790756473910786395,20.583,map,tf map->odom (AMCL) + odom->base_link (estimate),-1.2877,-0.4280,-0.4650,,
1790756473957899440,20.600,map,tf map->odom (AMCL) + odom->base_link (estimate),-1.2758,-0.4340,-0.4651,,
1790756473992926811,20.617,map,tf map->odom (AMCL) + odom->base_link (estimate),-1.2638,-0.4399,-0.4652,,
1790756474041044812,20.633,map,tf map->odom (AMCL) + odom->base_link (estimate),-1.2519,-0.4459,-0.4652,,
1790756474076303109,20.650,map,tf map->odom (AMCL) + odom->base_link (estimate),-1.2400,-0.4519,-0.4653,,
1790756474125270719,20.667,map,tf map->odom (AMCL) + odom->base_link (estimate),-1.2280,-0.4579,-0.4653,,
1790756474161496970,20.683,map,tf map->odom (AMCL) + odom->base_link (estimate),-1.2161,-0.4639,-0.4652,,
1790756474207382874,20.700,map,tf map->odom (AMCL) + odom->base_link (estimate),-1.2042,-0.4699,-0.4652,,
1790756474243882908,20.717,map,tf map->odom (AMCL) + odom->base_link (estimate),-1.1922,-0.4759,-0.4651,,
1790756474292323405,20.733,map,tf map->odom (AMCL) + odom->base_link (estimate),-1.1803,-0.4819,-0.4649,,
1790756474330054486,20.750,map,tf map->odom (AMCL) + odom->base_link (estimate),-1.1684,-0.4879,-0.4648,,
1790756474380931882,20.767,map,tf map->odom (AMCL) + odom->base_link (estimate),-1.1564,-0.4938,-0.4646,,
1790756474454558909,20.783,map,tf map->odom (AMCL) + odom->base_link (estimate),-1.1445,-0.4998,-0.4644,,
1790756474494241053,20.800,map,tf map->odom (AMCL) + odom->base_link (estimate),-1.1326,-0.5058,-0.4642,,
1790756474532946224,20.817,map,tf map->odom (AMCL) + odom->base_link (estimate),-1.1206,-0.5118,-0.4640,,
1790756474576907467,20.833,map,tf map->odom (AMCL) + odom->base_link (estimate),-1.1089,-0.5176,-0.4637,,
1790756474614916142,20.850,map,tf map->odom (AMCL) + odom->base_link (estimate),-1.0974,-0.5234,-0.4634,,
1790756474661992001,20.867,map,tf map->odom (AMCL) + odom->base_link (estimate),-1.0860,-0.5291,-0.4631,,
1790756474695071564,20.883,map,tf map->odom (AMCL) + odom->base_link (estimate),-1.0746,-0.5347,-0.4628,,
1790756474746558069,20.900,map,tf map->odom (AMCL) + odom->base_link (estimate),-1.0635,-0.5403,-0.4624,,
1790756474784471826,20.917,map,tf map->odom (AMCL) + odom->base_link (estimate),-1.0526,-0.5457,-0.4621,,
1790756474830565600,20.933,map,tf map->odom (AMCL) + odom->base_link (estimate),-1.0418,-0.5511,-0.4617,,
1790756474866124919,20.950,map,tf map->odom (AMCL) + odom->base_link (estimate),-1.0126,-0.5345,-0.4412,,
1790756474913505147,20.967,map,tf map->odom (AMCL) + odom->base_link (estimate),-1.0018,-0.5396,-0.4408,,
1790756474957691737,20.983,map,tf map->odom (AMCL) + odom->base_link (estimate),-0.9912,-0.5446,-0.4404,,
1790756475002479628,21.000,map,tf map->odom (AMCL) + odom->base_link (estimate),-0.9805,-0.5496,-0.4400,,
1790756475041646744,21.017,map,tf map->odom (AMCL) + odom->base_link (estimate),-0.9698,-0.5546,-0.4395,,
1790756475098933725,21.033,map,tf map->odom (AMCL) + odom->base_link (estimate),-0.9590,-0.5597,-0.4391,,
1790756475135655761,21.050,map,tf map->odom (AMCL) + odom->base_link (estimate),-0.9484,-0.5647,-0.4388,,
1790756475180884307,21.067,map,tf map->odom (AMCL) + odom->base_link (estimate),-0.9380,-0.5695,-0.4384,,
1790756475214358321,21.083,map,tf map->odom (AMCL) + odom->base_link (estimate),-0.9278,-0.5743,-0.4379,,
1790756475264796456,21.100,map,tf map->odom (AMCL) + odom->base_link (estimate),-0.9176,-0.5791,-0.4375,,
1790756475298115869,21.117,map,tf map->odom (AMCL) + odom->base_link (estimate),-0.9074,-0.5839,-0.4371,,
1790756475349439963,21.133,map,tf map->odom (AMCL) + odom->base_link (estimate),-0.8974,-0.5885,-0.4367,,
1790756475391296844,21.150,map,tf map->odom (AMCL) + odom->base_link (estimate),-0.8876,-0.5931,-0.4364,,
1790756475433877738,21.167,map,tf map->odom (AMCL) + odom->base_link (estimate),-0.8780,-0.5976,-0.4359,,
1790756475471452823,21.183,map,tf map->odom (AMCL) + odom->base_link (estimate),-0.8684,-0.6020,-0.4355,,
1790756475519828988,21.200,map,tf map->odom (AMCL) + odom->base_link (estimate),-0.8588,-0.6065,-0.4350,,
1790756475559040448,21.217,map,tf map->odom (AMCL) + odom->base_link (estimate),-0.8493,-0.6109,-0.4346,,
1790756475606579740,21.233,map,tf map->odom (AMCL) + odom->base_link (estimate),-0.8399,-0.6152,-0.4343,,
1790756475642670727,21.250,map,tf map->odom (AMCL) + odom->base_link (estimate),-0.8308,-0.6195,-0.4339,,
1790756475690481041,21.267,map,tf map->odom (AMCL) + odom->base_link (estimate),-0.8218,-0.6236,-0.4334,,
1790756475733708215,21.283,map,tf map->odom (AMCL) + odom->base_link (estimate),-0.8128,-0.6278,-0.4329,,
1790756475771666996,21.300,map,tf map->odom (AMCL) + odom->base_link (estimate),-0.8039,-0.6319,-0.4325,,
1790756475811979960,21.317,map,tf map->odom (AMCL) + odom->base_link (estimate),-0.7949,-0.6360,-0.4322,,
1790756475857899683,21.333,map,tf map->odom (AMCL) + odom->base_link (estimate),-0.7862,-0.6401,-0.4319,,
1790756475895898492,21.350,map,tf map->odom (AMCL) + odom->base_link (estimate),-0.7777,-0.6440,-0.4317,,
1790756475947487179,21.367,map,tf map->odom (AMCL) + odom->base_link (estimate),-0.7693,-0.6478,-0.4313,,
1790756475983387295,21.383,map,tf map->odom (AMCL) + odom->base_link (estimate),-0.7610,-0.6517,-0.4309,,
1790756476029222168,21.400,map,tf map->odom (AMCL) + odom->base_link (estimate),-0.7527,-0.6555,-0.4305,,
1790756476070697377,21.417,map,tf map->odom (AMCL) + odom->base_link (estimate),-0.7444,-0.6593,-0.4302,,
1790756476120361015,21.433,map,tf map->odom (AMCL) + odom->base_link (estimate),-0.7363,-0.6630,-0.4300,,
1790756476158164191,21.450,map,tf map->odom (AMCL) + odom->base_link (estimate),-0.7284,-0.6666,-0.4298,,
1790756476206236450,21.467,map,tf map->odom (AMCL) + odom->base_link (estimate),-0.7207,-0.6702,-0.4295,,
1790756476244886244,21.483,map,tf map->odom (AMCL) + odom->base_link (estimate),-0.7130,-0.6737,-0.4291,,
1790756476290886495,21.500,map,tf map->odom (AMCL) + odom->base_link (estimate),-0.7053,-0.6772,-0.4287,,
1790756476330990576,21.517,map,tf map->odom (AMCL) + odom->base_link (estimate),-0.6976,-0.6807,-0.4283,,
1790756476387885148,21.533,map,tf map->odom (AMCL) + odom->base_link (estimate),-0.6901,-0.6841,-0.4280,,
1790756476427250293,21.550,map,tf map->odom (AMCL) + odom->base_link (estimate),-0.6830,-0.6873,-0.4278,,
1790756476472815864,21.567,map,tf map->odom (AMCL) + odom->base_link (estimate),-0.6761,-0.6905,-0.4276,,
1790756476514897049,21.583,map,tf map->odom (AMCL) + odom->base_link (estimate),-0.6690,-0.6937,-0.4275,,
1790756476560007363,21.600,map,tf map->odom (AMCL) + odom->base_link (estimate),-0.6620,-0.6969,-0.4274,,
1790756476602417611,21.617,map,tf map->odom (AMCL) + odom->base_link (estimate),-0.6550,-0.7001,-0.4272,,
1790756476645970184,21.633,map,tf map->odom (AMCL) + odom->base_link (estimate),-0.6479,-0.7033,-0.4269,,
1790756476681269398,21.650,map,tf map->odom (AMCL) + odom->base_link (estimate),-0.6409,-0.7065,-0.4266,,
1790756476728571431,21.667,map,tf map->odom (AMCL) + odom->base_link (estimate),-0.6339,-0.7097,-0.4264,,
1790756476763578039,21.683,map,tf map->odom (AMCL) + odom->base_link (estimate),-0.6268,-0.7129,-0.4261,,
1790756476828571399,21.700,map,tf map->odom (AMCL) + odom->base_link (estimate),-0.6200,-0.7160,-0.4260,,
1790756476866767158,21.717,map,tf map->odom (AMCL) + odom->base_link (estimate),-0.6134,-0.7190,-0.4259,,
1790756476926344976,21.733,map,tf map->odom (AMCL) + odom->base_link (estimate),-0.6069,-0.7220,-0.4258,,
1790756476962299215,21.750,map,tf map->odom (AMCL) + odom->base_link (estimate),-0.6005,-0.7249,-0.4257,,
1790756477018063208,21.767,map,tf map->odom (AMCL) + odom->base_link (estimate),-0.5940,-0.7278,-0.4254,,
1790756477065281612,21.783,map,tf map->odom (AMCL) + odom->base_link (estimate),-0.5876,-0.7307,-0.4251,,
1790756477112153945,21.800,map,tf map->odom (AMCL) + odom->base_link (estimate),-0.5812,-0.7336,-0.4248,,
1790756477149093589,21.817,map,tf map->odom (AMCL) + odom->base_link (estimate),-0.5748,-0.7365,-0.4246,,
1790756477208745357,21.833,map,tf map->odom (AMCL) + odom->base_link (estimate),-0.5686,-0.7393,-0.4246,,
1790756477245687443,21.850,map,tf map->odom (AMCL) + odom->base_link (estimate),-0.5626,-0.7420,-0.4245,,
1790756477301298556,21.867,map,tf map->odom (AMCL) + odom->base_link (estimate),-0.5568,-0.7446,-0.4244,,
1790756477336907006,21.883,map,tf map->odom (AMCL) + odom->base_link (estimate),-0.5510,-0.7472,-0.4244,,
1790756477392913709,21.900,map,tf map->odom (AMCL) + odom->base_link (estimate),-0.5452,-0.7499,-0.4243,,
1790756477429699345,21.917,map,tf map->odom (AMCL) + odom->base_link (estimate),-0.5394,-0.7525,-0.4240,,
1790756477482691671,21.933,map,tf map->odom (AMCL) + odom->base_link (estimate),-0.5336,-0.7551,-0.4238,,
1790756477516908697,21.950,map,tf map->odom (AMCL) + odom->base_link (estimate),-0.5279,-0.7577,-0.4235,,
1790756477567570613,21.967,map,tf map->odom (AMCL) + odom->base_link (estimate),-0.5221,-0.7603,-0.4234,,
1790756477611174021,21.983,map,tf map->odom (AMCL) + odom->base_link (estimate),-0.5165,-0.7628,-0.4233,,
1790756477658106021,22.000,map,tf map->odom (AMCL) + odom->base_link (estimate),-0.5112,-0.7652,-0.4233,,
1790756477696613554,22.017,map,tf map->odom (AMCL) + odom->base_link (estimate),-0.5060,-0.7675,-0.4231,,
1790756477754539385,22.033,map,tf map->odom (AMCL) + odom->base_link (estimate),-0.5008,-0.7699,-0.4231,,
1790756477792070534,22.050,map,tf map->odom (AMCL) + odom->base_link (estimate),-0.4957,-0.7722,-0.4232,,
1790756477847410183,22.067,map,tf map->odom (AMCL) + odom->base_link (estimate),-0.4906,-0.7745,-0.4231,,
1790756477882560933,22.083,map,tf map->odom (AMCL) + odom->base_link (estimate),-0.4854,-0.7768,-0.4229,,
1790756477937252981,22.100,map,tf map->odom (AMCL) + odom->base_link (estimate),-0.4803,-0.7791,-0.4227,,
1790756477971648445,22.117,map,tf map->odom (AMCL) + odom->base_link (estimate),-0.4752,-0.7814,-0.4225,,
1790756478020758258,22.133,map,tf map->odom (AMCL) + odom->base_link (estimate),-0.4700,-0.7837,-0.4224,,
1790756478060154787,22.150,map,tf map->odom (AMCL) + odom->base_link (estimate),-0.4649,-0.7860,-0.4223,,
1790756478108138062,22.167,map,tf map->odom (AMCL) + odom->base_link (estimate),-0.4599,-0.7882,-0.4223,,
1790756478145265728,22.183,map,tf map->odom (AMCL) + odom->base_link (estimate),-0.4554,-0.7903,-0.4224,,
1790756478194793306,22.200,map,tf map->odom (AMCL) + odom->base_link (estimate),-0.4510,-0.7923,-0.4226,,
1790756478233414442,22.217,map,tf map->odom (AMCL) + odom->base_link (estimate),-0.4465,-0.7943,-0.4226,,
1790756478283477147,22.233,map,tf map->odom (AMCL) + odom->base_link (estimate),-0.4420,-0.7963,-0.4226,,
1790756478317701690,22.250,map,tf map->odom (AMCL) + odom->base_link (estimate),-0.4375,-0.7983,-0.4227,,
1790756478370224382,22.267,map,tf map->odom (AMCL) + odom->base_link (estimate),-0.4331,-0.8003,-0.4228,,
1790756478416507372,22.283,map,tf map->odom (AMCL) + odom->base_link (estimate),-0.4286,-0.8024,-0.4226,,
1790756478456828604,22.300,map,tf map->odom (AMCL) + odom->base_link (estimate),-0.4241,-0.8044,-0.4225,,
1790756478493355744,22.317,map,tf map->odom (AMCL) + odom->base_link (estimate),-0.4196,-0.8064,-0.4224,,
1790756478542604530,22.333,map,tf map->odom (AMCL) + odom->base_link (estimate),-0.4151,-0.8084,-0.4222,,
1790756478581897135,22.350,map,tf map->odom (AMCL) + odom->base_link (estimate),-0.4106,-0.8104,-0.4222,,
1790756478624966449,22.367,map,tf map->odom (AMCL) + odom->base_link (estimate),-0.4061,-0.8125,-0.4222,,
1790756478661284988,22.383,map,tf map->odom (AMCL) + odom->base_link (estimate),-0.4016,-0.8145,-0.4223,,
1790756478713999462,22.400,map,tf map->odom (AMCL) + odom->base_link (estimate),-0.3973,-0.8164,-0.4225,,
1790756478764926169,22.417,map,tf map->odom (AMCL) + odom->base_link (estimate),-0.3934,-0.8182,-0.4229,,
1790756478807912043,22.433,map,tf map->odom (AMCL) + odom->base_link (estimate),-0.3898,-0.8198,-0.4236,,
1790756478848263720,22.450,map,tf map->odom (AMCL) + odom->base_link (estimate),-0.3863,-0.8214,-0.4242,,
1790756478897218116,22.467,map,tf map->odom (AMCL) + odom->base_link (estimate),-0.3826,-0.8230,-0.4246,,
1790756478933245272,22.483,map,tf map->odom (AMCL) + odom->base_link (estimate),-0.3788,-0.8247,-0.4249,,
1790756478988964349,22.500,map,tf map->odom (AMCL) + odom->base_link (estimate),-0.3750,-0.8265,-0.4252,,
1790756479028261371,22.517,map,tf map->odom (AMCL) + odom->base_link (estimate),-0.3711,-0.8282,-0.4254,,
1790756479090832047,22.533,map,tf map->odom (AMCL) + odom->base_link (estimate),-0.3673,-0.8300,-0.4256,,
1790756479134916928,22.550,map,tf map->odom (AMCL) + odom->base_link (estimate),-0.3635,-0.8317,-0.4257,,
1790756479182347034,22.567,map,tf map->odom (AMCL) + odom->base_link (estimate),-0.3596,-0.8335,-0.4257,,
1790756479225055243,22.583,map,tf map->odom (AMCL) + odom->base_link (estimate),-0.3558,-0.8352,-0.4258,,
1790756479270862303,22.600,map,tf map->odom (AMCL) + odom->base_link (estimate),-0.3519,-0.8370,-0.4261,,
1790756479307235059,22.617,map,tf map->odom (AMCL) + odom->base_link (estimate),-0.3481,-0.8387,-0.4264,,
1790756479359940324,22.633,map,tf map->odom (AMCL) + odom->base_link (estimate),-0.3442,-0.8405,-0.4266,,
1790756479396974308,22.650,map,tf map->odom (AMCL) + odom->base_link (estimate),-0.3404,-0.8422,-0.4269,,
1790756479451096180,22.667,map,tf map->odom (AMCL) + odom->base_link (estimate),-0.3365,-0.8440,-0.4272,,
1790756479489981167,22.683,map,tf map->odom (AMCL) + odom->base_link (estimate),-0.3329,-0.8456,-0.4276,,
1790756479542075382,22.700,map,tf map->odom (AMCL) + odom->base_link (estimate),-0.3296,-0.8471,-0.4282,,
1790756479580837746,22.717,map,tf map->odom (AMCL) + odom->base_link (estimate),-0.3267,-0.8484,-0.4289,,
1790756479628566940,22.733,map,tf map->odom (AMCL) + odom->base_link (estimate),-0.3238,-0.8498,-0.4294,,
1790756479664619936,22.750,map,tf map->odom (AMCL) + odom->base_link (estimate),-0.3208,-0.8512,-0.4298,,
1790756479711429408,22.767,map,tf map->odom (AMCL) + odom->base_link (estimate),-0.3176,-0.8526,-0.4302,,
1790756479761261712,22.783,map,tf map->odom (AMCL) + odom->base_link (estimate),-0.3144,-0.8541,-0.4305,,
1790756479804278688,22.800,map,tf map->odom (AMCL) + odom->base_link (estimate),-0.3112,-0.8555,-0.4309,,
1790756479844931427,22.817,map,tf map->odom (AMCL) + odom->base_link (estimate),-0.3080,-0.8570,-0.4312,,
1790756479895509997,22.833,map,tf map->odom (AMCL) + odom->base_link (estimate),-0.3048,-0.8585,-0.4315,,
1790756479931131132,22.850,map,tf map->odom (AMCL) + odom->base_link (estimate),-0.3016,-0.8600,-0.4318,,
1790756479979204894,22.867,map,tf map->odom (AMCL) + odom->base_link (estimate),-0.2984,-0.8614,-0.4320,,
1790756480014143285,22.883,map,tf map->odom (AMCL) + odom->base_link (estimate),-0.2952,-0.8629,-0.4319,,
1790756480070044465,22.900,map,tf map->odom (AMCL) + odom->base_link (estimate),-0.2920,-0.8644,-0.4317,,
1790756480107882502,22.917,map,tf map->odom (AMCL) + odom->base_link (estimate),-0.2888,-0.8659,-0.4315,,
1790756480164825372,22.933,map,tf map->odom (AMCL) + odom->base_link (estimate),-0.2856,-0.8673,-0.4312,,
1790756480203374155,22.950,map,tf map->odom (AMCL) + odom->base_link (estimate),-0.2824,-0.8688,-0.4309,,
1790756480258134890,22.967,map,tf map->odom (AMCL) + odom->base_link (estimate),-0.2792,-0.8703,-0.4307,,
1790756480298375407,22.983,map,tf map->odom (AMCL) + odom->base_link (estimate),-0.2760,-0.8718,-0.4307,,
1790756480346345526,23.000,map,tf map->odom (AMCL) + odom->base_link (estimate),-0.2728,-0.8732,-0.4307,,
1790756480388658333,23.017,map,tf map->odom (AMCL) + odom->base_link (estimate),-0.2698,-0.8746,-0.4309,,
1790756480442110145,23.033,map,tf map->odom (AMCL) + odom->base_link (estimate),-0.2672,-0.8758,-0.4312,,
1790756480475456216,23.050,map,tf map->odom (AMCL) + odom->base_link (estimate),-0.2649,-0.8768,-0.4317,,
1790756480527608219,23.067,map,tf map->odom (AMCL) + odom->base_link (estimate),-0.2629,-0.8778,-0.4321,,
1790756480564380136,23.083,map,tf map->odom (AMCL) + odom->base_link (estimate),-0.2607,-0.8788,-0.4329,,
1790756480617658113,23.100,map,tf map->odom (AMCL) + odom->base_link (estimate),-0.2584,-0.8799,-0.4330,,
1790756480653923562,23.117,map,tf map->odom (AMCL) + odom->base_link (estimate),-0.2559,-0.8811,-0.4332,,
1790756480707103347,23.133,map,tf map->odom (AMCL) + odom->base_link (estimate),-0.2533,-0.8822,-0.4335,,
1790756480744489603,23.150,map,tf map->odom (AMCL) + odom->base_link (estimate),-0.2508,-0.8834,-0.4338,,
1790756480792308252,23.167,map,tf map->odom (AMCL) + odom->base_link (estimate),-0.2482,-0.8846,-0.4340,,
1790756480832037791,23.183,map,tf map->odom (AMCL) + odom->base_link (estimate),-0.2456,-0.8858,-0.4342,,
1790756480877709354,23.200,map,tf map->odom (AMCL) + odom->base_link (estimate),-0.2431,-0.8870,-0.4342,,
1790756480916496431,23.217,map,tf map->odom (AMCL) + odom->base_link (estimate),-0.2405,-0.8882,-0.4341,,
1790756480962748975,23.233,map,tf map->odom (AMCL) + odom->base_link (estimate),-0.2379,-0.8894,-0.4340,,
1790756481006689809,23.250,map,tf map->odom (AMCL) + odom->base_link (estimate),-0.2354,-0.8905,-0.4338,,
1790756481060877550,23.267,map,tf map->odom (AMCL) + odom->base_link (estimate),-0.2328,-0.8917,-0.4337,,
1790756481107248959,23.283,map,tf map->odom (AMCL) + odom->base_link (estimate),-0.2303,-0.8929,-0.4334,,
1790756481160686300,23.300,map,tf map->odom (AMCL) + odom->base_link (estimate),-0.2277,-0.8941,-0.4333,,
1790756481199944045,23.317,map,tf map->odom (AMCL) + odom->base_link (estimate),-0.2251,-0.8953,-0.4330,,
1790756481252256632,23.333,map,tf map->odom (AMCL) + odom->base_link (estimate),-0.2226,-0.8965,-0.4329,,
1790756481287089313,23.350,map,tf map->odom (AMCL) + odom->base_link (estimate),-0.1820,-0.9085,-0.4684,,
1790756481334802534,23.367,map,tf map->odom (AMCL) + odom->base_link (estimate),-0.1797,-0.9097,-0.4681,,
1790756481373420756,23.383,map,tf map->odom (AMCL) + odom->base_link (estimate),-0.1777,-0.9107,-0.4673,,
1790756481422221990,23.400,map,tf map->odom (AMCL) + odom->base_link (estimate),-0.1762,-0.9114,-0.4662,,
1790756481459033842,23.417,map,tf map->odom (AMCL) + odom->base_link (estimate),-0.1752,-0.9119,-0.4647,,
1790756481513800403,23.433,map,tf map->odom (AMCL) + odom->base_link (estimate),-0.1747,-0.9122,-0.4629,,
1790756481553458999,23.450,map,tf map->odom (AMCL) + odom->base_link (estimate),-0.1745,-0.9123,-0.4609,,
1790756481599185343,23.467,map,tf map->odom (AMCL) + odom->base_link (estimate),-0.1744,-0.9123,-0.4590,,
1790756481634905987,23.483,map,tf map->odom (AMCL) + odom->base_link (estimate),-0.1743,-0.9124,-0.4571,,
1790756481682214879,23.500,map,tf map->odom (AMCL) + odom->base_link (estimate),-0.1743,-0.9124,-0.4552,,
1790756481717343266,23.517,map,tf map->odom (AMCL) + odom->base_link (estimate),-0.1743,-0.9124,-0.4533,,
1790756481780466453,23.533,map,tf map->odom (AMCL) + odom->base_link (estimate),-0.1742,-0.9124,-0.4514,,
1790756481814953627,23.550,map,tf map->odom (AMCL) + odom->base_link (estimate),-0.1742,-0.9124,-0.4495,,
1790756481861020310,23.567,map,tf map->odom (AMCL) + odom->base_link (estimate),-0.1741,-0.9125,-0.4477,,
1790756481896544286,23.583,map,tf map->odom (AMCL) + odom->base_link (estimate),-0.1741,-0.9125,-0.4458,,
1790756481950751477,23.600,map,tf map->odom (AMCL) + odom->base_link (estimate),-0.1740,-0.9125,-0.4438,,
1790756481990058083,23.617,map,tf map->odom (AMCL) + odom->base_link (estimate),-0.1739,-0.9126,-0.4419,,
1790756482038248548,23.633,map,tf map->odom (AMCL) + odom->base_link (estimate),-0.1739,-0.9126,-0.4400,,
1790756482079358048,23.650,map,tf map->odom (AMCL) + odom->base_link (estimate),-0.1738,-0.9126,-0.4380,,
1790756482127631578,23.667,map,tf map->odom (AMCL) + odom->base_link (estimate),-0.1737,-0.9127,-0.4360,,
1790756482166088182,23.683,map,tf map->odom (AMCL) + odom->base_link (estimate),-0.1737,-0.9127,-0.4340,,
1790756482213401584,23.700,map,tf map->odom (AMCL) + odom->base_link (estimate),-0.1736,-0.9127,-0.4319,,
1790756482254384420,23.717,map,tf map->odom (AMCL) + odom->base_link (estimate),-0.1735,-0.9128,-0.4299,,
1790756482300800275,23.733,map,tf map->odom (AMCL) + odom->base_link (estimate),-0.1734,-0.9128,-0.4278,,
1790756482339324721,23.750,map,tf map->odom (AMCL) + odom->base_link (estimate),-0.1733,-0.9128,-0.4257,,
1790756482382886127,23.767,map,tf map->odom (AMCL) + odom->base_link (estimate),-0.1732,-0.9129,-0.4236,,
1790756482432723693,23.783,map,tf map->odom (AMCL) + odom->base_link (estimate),-0.1731,-0.9129,-0.4215,,
1790756482472363403,23.800,map,tf map->odom (AMCL) + odom->base_link (estimate),-0.1730,-0.9130,-0.4193,,
1790756482508034151,23.817,map,tf map->odom (AMCL) + odom->base_link (estimate),-0.1729,-0.9130,-0.4171,,
1790756482554834414,23.833,map,tf map->odom (AMCL) + odom->base_link (estimate),-0.1728,-0.9131,-0.4149,,
1790756482590170368,23.850,map,tf map->odom (AMCL) + odom->base_link (estimate),-0.1727,-0.9131,-0.4127,,
1790756482639588572,23.867,map,tf map->odom (AMCL) + odom->base_link (estimate),-0.1726,-0.9132,-0.4104,,
1790756482675889070,23.883,map,tf map->odom (AMCL) + odom->base_link (estimate),-0.1724,-0.9132,-0.4081,,
1790756482722455173,23.900,map,tf map->odom (AMCL) + odom->base_link (estimate),-0.1723,-0.9133,-0.4058,,
1790756482759654722,23.917,map,tf map->odom (AMCL) + odom->base_link (estimate),-0.1722,-0.9133,-0.4035,,
1790756482807335807,23.933,map,tf map->odom (AMCL) + odom->base_link (estimate),-0.1721,-0.9134,-0.4011,,
1790756482843153234,23.950,map,tf map->odom (AMCL) + odom->base_link (estimate),-0.1719,-0.9134,-0.3987,,
1790756482896635396,23.967,map,tf map->odom (AMCL) + odom->base_link (estimate),-0.1718,-0.9135,-0.3963,,
1790756482936736189,23.983,map,tf map->odom (AMCL) + odom->base_link (estimate),-0.1717,-0.9135,-0.3939,,
1790756482987141582,24.000,map,tf map->odom (AMCL) + odom->base_link (estimate),-0.1715,-0.9136,-0.3914,,
1790756483025715641,24.017,map,tf map->odom (AMCL) + odom->base_link (estimate),-0.1714,-0.9137,-0.3889,,
1790756483082403680,24.033,map,tf map->odom (AMCL) + odom->base_link (estimate),-0.1712,-0.9137,-0.3864,,
1790756483122392184,24.050,map,tf map->odom (AMCL) + odom->base_link (estimate),-0.1711,-0.9138,-0.3838,,
1790756483168568430,24.067,map,tf map->odom (AMCL) + odom->base_link (estimate),-0.1709,-0.9138,-0.3812,,
1790756483202977707,24.083,map,tf map->odom (AMCL) + odom->base_link (estimate),-0.1708,-0.9139,-0.3786,,
1790756483253448312,24.100,map,tf map->odom (AMCL) + odom->base_link (estimate),-0.1706,-0.9140,-0.3760,,
1790756483290654626,24.117,map,tf map->odom (AMCL) + odom->base_link (estimate),-0.1705,-0.9140,-0.3733,,
1790756483336489875,24.133,map,tf map->odom (AMCL) + odom->base_link (estimate),-0.1703,-0.9141,-0.3705,,
1790756483372782010,24.150,map,tf map->odom (AMCL) + odom->base_link (estimate),-0.1702,-0.9141,-0.3678,,
1790756483421130242,24.167,map,tf map->odom (AMCL) + odom->base_link (estimate),-0.1700,-0.9142,-0.3650,,
1790756483458196831,24.183,map,tf map->odom (AMCL) + odom->base_link (estimate),-0.1698,-0.9143,-0.3623,,
1790756483503281869,24.200,map,tf map->odom (AMCL) + odom->base_link (estimate),-0.1697,-0.9143,-0.3599,,
1790756483540782104,24.217,map,tf map->odom (AMCL) + odom->base_link (estimate),-0.1695,-0.9144,-0.3578,,
1790756483588043638,24.233,map,tf map->odom (AMCL) + odom->base_link (estimate),-0.1693,-0.9144,-0.3557,,
1790756483624392245,24.250,map,tf map->odom (AMCL) + odom->base_link (estimate),-0.1692,-0.9145,-0.3537,,
1790756483675198284,24.267,map,tf map->odom (AMCL) + odom->base_link (estimate),-0.1690,-0.9145,-0.3517,,
1790756483720748366,24.283,map,tf map->odom (AMCL) + odom->base_link (estimate),-0.1689,-0.9146,-0.3498,,
1790756483758704441,24.300,map,tf map->odom (AMCL) + odom->base_link (estimate),-0.1687,-0.9147,-0.3478,,
1790756483794653245,24.317,map,tf map->odom (AMCL) + odom->base_link (estimate),-0.1686,-0.9147,-0.3459,,
1790756483845405241,24.333,map,tf map->odom (AMCL) + odom->base_link (estimate),-0.1684,-0.9148,-0.3439,,
1790756483884791687,24.350,map,tf map->odom (AMCL) + odom->base_link (estimate),-0.1682,-0.9148,-0.3420,,
1790756483929333371,24.367,map,tf map->odom (AMCL) + odom->base_link (estimate),-0.1681,-0.9149,-0.3400,,
1790756483966731027,24.383,map,tf map->odom (AMCL) + odom->base_link (estimate),-0.1679,-0.9149,-0.3380,,
1790756484016686979,24.400,map,tf map->odom (AMCL) + odom->base_link (estimate),-0.1678,-0.9150,-0.3360,,
1790756484055201473,24.417,map,tf map->odom (AMCL) + odom->base_link (estimate),-0.1676,-0.9150,-0.3340,,
1790756484108140091,24.433,map,tf map->odom (AMCL) + odom->base_link (estimate),-0.1675,-0.9151,-0.3319,,
1790756484147150863,24.450,map,tf map->odom (AMCL) + odom->base_link (estimate),-0.1673,-0.9151,-0.3299,,
1790756484195398649,24.467,map,tf map->odom (AMCL) + odom->base_link (estimate),-0.1671,-0.9152,-0.3279,,
1790756484233873916,24.483,map,tf map->odom (AMCL) + odom->base_link (estimate),-0.1670,-0.9153,-0.3258,,
1790756484281548007,24.500,map,tf map->odom (AMCL) + odom->base_link (estimate),-0.1668,-0.9153,-0.3237,,
1790756484322026680,24.517,map,tf map->odom (AMCL) + odom->base_link (estimate),-0.1666,-0.9154,-0.3216,,
1790756484380410494,24.533,map,tf map->odom (AMCL) + odom->base_link (estimate),-0.1665,-0.9154,-0.3195,,
1790756484417387121,24.550,map,tf map->odom (AMCL) + odom->base_link (estimate),-0.1663,-0.9155,-0.3174,,
1790756484466155324,24.567,map,tf map->odom (AMCL) + odom->base_link (estimate),-0.1662,-0.9155,-0.3152,,
1790756484505307446,24.583,map,tf map->odom (AMCL) + odom->base_link (estimate),-0.1660,-0.9156,-0.3131,,
1790756484550202078,24.600,map,tf map->odom (AMCL) + odom->base_link (estimate),-0.1658,-0.9156,-0.3109,,
1790756484591220216,24.617,map,tf map->odom (AMCL) + odom->base_link (estimate),-0.1657,-0.9157,-0.3087,,
1790756484635243463,24.633,map,tf map->odom (AMCL) + odom->base_link (estimate),-0.1655,-0.9157,-0.3065,,
1790756484672231027,24.650,map,tf map->odom (AMCL) + odom->base_link (estimate),-0.1654,-0.9158,-0.3043,,
1790756484719915774,24.667,map,tf map->odom (AMCL) + odom->base_link (estimate),-0.1652,-0.9158,-0.3021,,
1790756484759619808,24.683,map,tf map->odom (AMCL) + odom->base_link (estimate),-0.1650,-0.9159,-0.2999,,
1790756484806051365,24.700,map,tf map->odom (AMCL) + odom->base_link (estimate),-0.1649,-0.9159,-0.2976,,
1790756484843681178,24.717,map,tf map->odom (AMCL) + odom->base_link (estimate),-0.1647,-0.9160,-0.2953,,
1790756484892463809,24.733,map,tf map->odom (AMCL) + odom->base_link (estimate),-0.1646,-0.9160,-0.2930,,
1790756484927853439,24.750,map,tf map->odom (AMCL) + odom->base_link (estimate),-0.1644,-0.9161,-0.2907,,
1790756484974727054,24.767,map,tf map->odom (AMCL) + odom->base_link (estimate),-0.1643,-0.9161,-0.2884,,
1790756485030943389,24.783,map,tf map->odom (AMCL) + odom->base_link (estimate),-0.1641,-0.9162,-0.2861,,
1790756485067081916,24.800,map,tf map->odom (AMCL) + odom->base_link (estimate),-0.1640,-0.9162,-0.2837,,
1790756485102378099,24.817,map,tf map->odom (AMCL) + odom->base_link (estimate),-0.1638,-0.9162,-0.2813,,
1790756485157472787,24.833,map,tf map->odom (AMCL) + odom->base_link (estimate),-0.1637,-0.9163,-0.2789,,
1790756485207177535,24.850,map,tf map->odom (AMCL) + odom->base_link (estimate),-0.1635,-0.9163,-0.2765,,
1790756485253658126,24.867,map,tf map->odom (AMCL) + odom->base_link (estimate),-0.1634,-0.9164,-0.2741,,
1790756485290305849,24.883,map,tf map->odom (AMCL) + odom->base_link (estimate),-0.1632,-0.9164,-0.2717,,
1790756485339580892,24.900,map,tf map->odom (AMCL) + odom->base_link (estimate),-0.1631,-0.9164,-0.2692,,
1790756485379359137,24.917,map,tf map->odom (AMCL) + odom->base_link (estimate),-0.1630,-0.9165,-0.2668,,
1790756485427257840,24.933,map,tf map->odom (AMCL) + odom->base_link (estimate),-0.1628,-0.9165,-0.2643,,
1790756486302108842,24.950,map,tf map->odom (AMCL) + odom->base_link (estimate),-0.1627,-0.9165,-0.2618,,
1790756486351026127,24.967,map,tf map->odom (AMCL) + odom->base_link (estimate),-0.1626,-0.9166,-0.2593,,
1790756487553118681,24.983,map,tf map->odom (AMCL) + odom->base_link (estimate),-0.1624,-0.9166,-0.2568,,
1790756487600030863,25.000,map,tf map->odom (AMCL) + odom->base_link (estimate),-0.1623,-0.9166,-0.2542,,
1790756487637485945,25.017,map,tf map->odom (AMCL) + odom->base_link (estimate),-0.1622,-0.9167,-0.2517,,
1790756487701545698,25.033,map,tf map->odom (AMCL) + odom->base_link (estimate),-0.1621,-0.9167,-0.2492,,
1790756487739601444,25.050,map,tf map->odom (AMCL) + odom->base_link (estimate),-0.1619,-0.9167,-0.2466,,
1790756487785484106,25.067,map,tf map->odom (AMCL) + odom->base_link (estimate),-0.1618,-0.9168,-0.2440,,
1790756487822140505,25.083,map,tf map->odom (AMCL) + odom->base_link (estimate),-0.1617,-0.9168,-0.2414,,
1790756487865520372,25.100,map,tf map->odom (AMCL) + odom->base_link (estimate),-0.1616,-0.9168,-0.2390,,
1790756487900777706,25.117,map,tf map->odom (AMCL) + odom->base_link (estimate),-0.1615,-0.9168,-0.2368,,
1790756487950391930,25.133,map,tf map->odom (AMCL) + odom->base_link (estimate),-0.1614,-0.9169,-0.2352,,
1790756487988557342,25.150,map,tf map->odom (AMCL) + odom->base_link (estimate),-0.1613,-0.9169,-0.2340,,
1790756488038664638,25.167,map,tf map->odom (AMCL) + odom->base_link (estimate),-0.1612,-0.9169,-0.2334,,
1790756488078580460,25.183,map,tf map->odom (AMCL) + odom->base_link (estimate),-0.1612,-0.9169,-0.2330,,
1790756488128609868,25.200,map,tf map->odom (AMCL) + odom->base_link (estimate),-0.1612,-0.9169,-0.2328,,
1790756488166227799,25.217,map,tf map->odom (AMCL) + odom->base_link (estimate),-0.1611,-0.9169,-0.2328,,
1790756488220817722,25.233,map,tf map->odom (AMCL) + odom->base_link (estimate),-0.1611,-0.9169,-0.2327,,
1790756488258954845,25.250,map,tf map->odom (AMCL) + odom->base_link (estimate),-0.1611,-0.9169,-0.2327,,
1790756488306347464,25.267,map,tf map->odom (AMCL) + odom->base_link (estimate),-0.1611,-0.9169,-0.2327,,
1790756488354600059,25.283,map,tf map->odom (AMCL) + odom->base_link (estimate),-0.1611,-0.9169,-0.2327,,
1790756488392960568,25.300,map,tf map->odom (AMCL) + odom->base_link (estimate),-0.1611,-0.9169,-0.2328,,
1790756488427285789,25.317,map,tf map->odom (AMCL) + odom->base_link (estimate),-0.1611,-0.9169,-0.2328,,
1790756488474878032,25.333,map,tf map->odom (AMCL) + odom->base_link (estimate),-0.1611,-0.9169,-0.2328,,
1790756488511664747,25.350,map,tf map->odom (AMCL) + odom->base_link (estimate),-0.1611,-0.9169,-0.2329,,
1790756488558432562,25.367,map,tf map->odom (AMCL) + odom->base_link (estimate),-0.1611,-0.9169,-0.2329,,
1790756488593504605,25.383,map,tf map->odom (AMCL) + odom->base_link (estimate),-0.1611,-0.9169,-0.2329,,
1790756488642136269,25.400,map,tf map->odom (AMCL) + odom->base_link (estimate),-0.1611,-0.9169,-0.2329,,
1790756488680128742,25.417,map,tf map->odom (AMCL) + odom->base_link (estimate),-0.1611,-0.9169,-0.2329,,
1790756488728524007,25.433,map,tf map->odom (AMCL) + odom->base_link (estimate),-0.1612,-0.9169,-0.2329,,
1790756488765658201,25.450,map,tf map->odom (AMCL) + odom->base_link (estimate),-0.1612,-0.9169,-0.2329,,
1790756488811900318,25.467,map,tf map->odom (AMCL) + odom->base_link (estimate),-0.1612,-0.9169,-0.2329,,
1790756488848008388,25.483,map,tf map->odom (AMCL) + odom->base_link (estimate),-0.1612,-0.9169,-0.2330,,
1790756488897170558,25.500,map,tf map->odom (AMCL) + odom->base_link (estimate),-0.1612,-0.9169,-0.2330,,
1790756488933636291,25.517,map,tf map->odom (AMCL) + odom->base_link (estimate),-0.1612,-0.9169,-0.2330,,
1790756488990467622,25.533,map,tf map->odom (AMCL) + odom->base_link (estimate),-0.1612,-0.9169,-0.2330,,
1790756489025176061,25.550,map,tf map->odom (AMCL) + odom->base_link (estimate),-0.1612,-0.9169,-0.2330,,
1790756489074698158,25.567,map,tf map->odom (AMCL) + odom->base_link (estimate),-0.1612,-0.9169,-0.2330,,
1790756489110602360,25.583,map,tf map->odom (AMCL) + odom->base_link (estimate),-0.1612,-0.9169,-0.2330,,
1790756489156128490,25.600,map,tf map->odom (AMCL) + odom->base_link (estimate),-0.1612,-0.9169,-0.2330,,
1790756489192095399,25.617,map,tf map->odom (AMCL) + odom->base_link (estimate),-0.1612,-0.9169,-0.2330,,
1790756489240793258,25.633,map,tf map->odom (AMCL) + odom->base_link (estimate),-0.1612,-0.9169,-0.2330,,
1790756489275303393,25.650,map,tf map->odom (AMCL) + odom->base_link (estimate),-0.1612,-0.9169,-0.2330,,
1790756489326172221,25.667,map,tf map->odom (AMCL) + odom->base_link (estimate),-0.1612,-0.9169,-0.2330,,
1790756489360856803,25.683,map,tf map->odom (AMCL) + odom->base_link (estimate),-0.1612,-0.9169,-0.2330,,
1790756489423059686,25.700,map,tf map->odom (AMCL) + odom->base_link (estimate),-0.1612,-0.9169,-0.2330,,
1790756489457716262,25.717,map,tf map->odom (AMCL) + odom->base_link (estimate),-0.1612,-0.9169,-0.2330,,
1790756489515793898,25.733,map,tf map->odom (AMCL) + odom->base_link (estimate),-0.1612,-0.9169,-0.2330,,
1790756489550001250,25.750,map,tf map->odom (AMCL) + odom->base_link (estimate),-0.1612,-0.9169,-0.2330,,
1790756489607501231,25.767,map,tf map->odom (AMCL) + odom->base_link (estimate),-0.1612,-0.9169,-0.2330,,
1790756489654022558,25.783,map,tf map->odom (AMCL) + odom->base_link (estimate),-0.1612,-0.9169,-0.2330,,
1790756489696403080,25.800,map,tf map->odom (AMCL) + odom->base_link (estimate),-0.1612,-0.9169,-0.2330,,
1790756489735231861,25.817,map,tf map->odom (AMCL) + odom->base_link (estimate),-0.1612,-0.9169,-0.2330,,
1790756489790056203,25.833,map,tf map->odom (AMCL) + odom->base_link (estimate),-0.1612,-0.9169,-0.2330,,
1790756489826451968,25.850,map,tf map->odom (AMCL) + odom->base_link (estimate),-0.1612,-0.9169,-0.2330,,
1790756489877585390,25.867,map,tf map->odom (AMCL) + odom->base_link (estimate),-0.1612,-0.9169,-0.2330,,
1790756489911525413,25.883,map,tf map->odom (AMCL) + odom->base_link (estimate),-0.1612,-0.9169,-0.2330,,
1790756489965570119,25.900,map,tf map->odom (AMCL) + odom->base_link (estimate),-0.1612,-0.9169,-0.2330,,
1790756490001284598,25.917,map,tf map->odom (AMCL) + odom->base_link (estimate),-0.1612,-0.9169,-0.2330,,
1790756490056455194,25.933,map,tf map->odom (AMCL) + odom->base_link (estimate),-0.1612,-0.9169,-0.2330,,
1790756490092167315,25.950,map,tf map->odom (AMCL) + odom->base_link (estimate),-0.1612,-0.9169,-0.2330,,
1790756490143172401,25.967,map,tf map->odom (AMCL) + odom->base_link (estimate),-0.1612,-0.9169,-0.2330,,
1790756490177240006,25.983,map,tf map->odom (AMCL) + odom->base_link (estimate),-0.1612,-0.9169,-0.2330,,
1790756490228365412,26.000,map,tf map->odom (AMCL) + odom->base_link (estimate),-0.1612,-0.9169,-0.2330,,
1790756490264012753,26.017,map,tf map->odom (AMCL) + odom->base_link (estimate),-0.1612,-0.9169,-0.2330,,
1790756490321454742,26.033,map,tf map->odom (AMCL) + odom->base_link (estimate),-0.1612,-0.9169,-0.2330,,
1790756490355368929,26.050,map,tf map->odom (AMCL) + odom->base_link (estimate),-0.1612,-0.9169,-0.2330,,
1790756490402496294,26.067,map,tf map->odom (AMCL) + odom->base_link (estimate),-0.1612,-0.9169,-0.2330,,
1790756490440036997,26.083,map,tf map->odom (AMCL) + odom->base_link (estimate),-0.1612,-0.9169,-0.2330,,
1790756490491004930,26.100,map,tf map->odom (AMCL) + odom->base_link (estimate),-0.1612,-0.9169,-0.2330,,
1790756490543208984,26.117,map,tf map->odom (AMCL) + odom->base_link (estimate),-0.1612,-0.9169,-0.2330,,
1790756490585889366,26.133,map,tf map->odom (AMCL) + odom->base_link (estimate),-0.1612,-0.9169,-0.2330,,
1790756490625564828,26.150,map,tf map->odom (AMCL) + odom->base_link (estimate),-0.1612,-0.9169,-0.2330,,
1790756490672387524,26.167,map,tf map->odom (AMCL) + odom->base_link (estimate),-0.1612,-0.9169,-0.2330,,
1790756490713322965,26.183,map,tf map->odom (AMCL) + odom->base_link (estimate),-0.1612,-0.9169,-0.2330,,
1790756490758128959,26.200,map,tf map->odom (AMCL) + odom->base_link (estimate),-0.1612,-0.9169,-0.2330,,
1790756490798454779,26.217,map,tf map->odom (AMCL) + odom->base_link (estimate),-0.1612,-0.9169,-0.2330,,
1790756490846119346,26.233,map,tf map->odom (AMCL) + odom->base_link (estimate),-0.1612,-0.9169,-0.2330,,
1790756490896240598,26.250,map,tf map->odom (AMCL) + odom->base_link (estimate),-0.1612,-0.9169,-0.2330,,
1790756490942726564,26.267,map,tf map->odom (AMCL) + odom->base_link (estimate),-0.1612,-0.9169,-0.2330,,
1790756490995675837,26.283,map,tf map->odom (AMCL) + odom->base_link (estimate),-0.1612,-0.9169,-0.2330,,
1790756491033930170,26.300,map,tf map->odom (AMCL) + odom->base_link (estimate),-0.1612,-0.9169,-0.2330,,
1790756491072302466,26.317,map,tf map->odom (AMCL) + odom->base_link (estimate),-0.1612,-0.9169,-0.2330,,
1790756491128207059,26.333,map,tf map->odom (AMCL) + odom->base_link (estimate),-0.1612,-0.9169,-0.2330,,
1790756491164245727,26.350,map,tf map->odom (AMCL) + odom->base_link (estimate),-0.1612,-0.9169,-0.2330,,
1790756491211960553,26.367,map,tf map->odom (AMCL) + odom->base_link (estimate),-0.1612,-0.9169,-0.2330,,
1790756491266102289,26.383,map,tf map->odom (AMCL) + odom->base_link (estimate),-0.1612,-0.9169,-0.2330,,
1790756491304479112,26.400,map,tf map->odom (AMCL) + odom->base_link (estimate),-0.1612,-0.9169,-0.2330,,
1790756491345091401,26.417,map,tf map->odom (AMCL) + odom->base_link (estimate),-0.1612,-0.9169,-0.2330,,
1790756491394687898,26.433,map,tf map->odom (AMCL) + odom->base_link (estimate),-0.1612,-0.9169,-0.2330,,
1790756491435374304,26.450,map,tf map->odom (AMCL) + odom->base_link (estimate),-0.1612,-0.9169,-0.2330,,
1790756491493145385,26.467,map,tf map->odom (AMCL) + odom->base_link (estimate),-0.1612,-0.9169,-0.2330,,
1790756491535778808,26.483,map,tf map->odom (AMCL) + odom->base_link (estimate),-0.1612,-0.9169,-0.2330,,
1790756491579315772,26.500,map,tf map->odom (AMCL) + odom->base_link (estimate),-0.1612,-0.9169,-0.2330,,
1790756491622720627,26.517,map,tf map->odom (AMCL) + odom->base_link (estimate),-0.1612,-0.9169,-0.2330,,
1790756491682908695,26.533,map,tf map->odom (AMCL) + odom->base_link (estimate),-0.1612,-0.9169,-0.2330,,
1790756491721024318,26.550,map,tf map->odom (AMCL) + odom->base_link (estimate),-0.1612,-0.9169,-0.2330,,
1790756491767817405,26.567,map,tf map->odom (AMCL) + odom->base_link (estimate),-0.1612,-0.9169,-0.2330,,
1790756491800911597,26.583,map,tf map->odom (AMCL) + odom->base_link (estimate),-0.1612,-0.9169,-0.2330,,
1790756491851086220,26.600,map,tf map->odom (AMCL) + odom->base_link (estimate),-0.1612,-0.9169,-0.2330,,
1790756491886510268,26.617,map,tf map->odom (AMCL) + odom->base_link (estimate),-0.1612,-0.9169,-0.2330,,
1790756491938110925,26.633,map,tf map->odom (AMCL) + odom->base_link (estimate),-0.1612,-0.9169,-0.2330,,
1790756491976709342,26.650,map,tf map->odom (AMCL) + odom->base_link (estimate),-0.1612,-0.9169,-0.2330,,
1790756492031230995,26.667,map,tf map->odom (AMCL) + odom->base_link (estimate),-0.1612,-0.9169,-0.2330,,
1790756492071627914,26.683,map,tf map->odom (AMCL) + odom->base_link (estimate),-0.1612,-0.9169,-0.2330,,
1790756492116583084,26.700,map,tf map->odom (AMCL) + odom->base_link (estimate),-0.1612,-0.9169,-0.2330,,
1790756492155498806,26.717,map,tf map->odom (AMCL) + odom->base_link (estimate),-0.1612,-0.9169,-0.2330,,
1790756492202049930,26.733,map,tf map->odom (AMCL) + odom->base_link (estimate),-0.1612,-0.9169,-0.2330,,
1790756492239370642,26.750,map,tf map->odom (AMCL) + odom->base_link (estimate),-0.1612,-0.9169,-0.2330,,
1790756492288572983,26.767,map,tf map->odom (AMCL) + odom->base_link (estimate),-0.1612,-0.9169,-0.2330,,
1790756492336834158,26.783,map,tf map->odom (AMCL) + odom->base_link (estimate),-0.1612,-0.9169,-0.2330,,
1790756492374103856,26.800,map,tf map->odom (AMCL) + odom->base_link (estimate),-0.1612,-0.9169,-0.2330,,
1790756492411011458,26.817,map,tf map->odom (AMCL) + odom->base_link (estimate),-0.1612,-0.9169,-0.2330,,
1790756492457919868,26.833,map,tf map->odom (AMCL) + odom->base_link (estimate),-0.1612,-0.9169,-0.2330,,
1790756492500242398,26.850,map,tf map->odom (AMCL) + odom->base_link (estimate),-0.1612,-0.9169,-0.2330,,
1790756492544997379,26.867,map,tf map->odom (AMCL) + odom->base_link (estimate),-0.1612,-0.9169,-0.2330,,
1790756492581822943,26.883,map,tf map->odom (AMCL) + odom->base_link (estimate),-0.1612,-0.9169,-0.2330,,
1790756492631395583,26.900,map,tf map->odom (AMCL) + odom->base_link (estimate),-0.1612,-0.9169,-0.2330,,
1790756492677871648,26.917,map,tf map->odom (AMCL) + odom->base_link (estimate),-0.1612,-0.9169,-0.2330,,
1790756492725933012,26.933,map,tf map->odom (AMCL) + odom->base_link (estimate),-0.1612,-0.9169,-0.2330,,
1790756492766349638,26.950,map,tf map->odom (AMCL) + odom->base_link (estimate),-0.1612,-0.9169,-0.2330,,
1790756492815862494,26.967,map,tf map->odom (AMCL) + odom->base_link (estimate),-0.1612,-0.9169,-0.2330,,
1790756492851170748,26.983,map,tf map->odom (AMCL) + odom->base_link (estimate),-0.1612,-0.9169,-0.2330,,
1790756492901337167,27.000,map,tf map->odom (AMCL) + odom->base_link (estimate),-0.1612,-0.9169,-0.2330,,
1790756492941254498,27.017,map,tf map->odom (AMCL) + odom->base_link (estimate),-0.1612,-0.9169,-0.2330,,
1790756493001327336,27.033,map,tf map->odom (AMCL) + odom->base_link (estimate),-0.1612,-0.9169,-0.2330,,
1790756493039898219,27.050,map,tf map->odom (AMCL) + odom->base_link (estimate),-0.1612,-0.9169,-0.2330,,
1790756493087762316,27.067,map,tf map->odom (AMCL) + odom->base_link (estimate),-0.1612,-0.9169,-0.2330,,
1790756493124803912,27.083,map,tf map->odom (AMCL) + odom->base_link (estimate),-0.1612,-0.9169,-0.2330,,
1790756493175325921,27.100,map,tf map->odom (AMCL) + odom->base_link (estimate),-0.1612,-0.9169,-0.2330,,
1790756493210880286,27.117,map,tf map->odom (AMCL) + odom->base_link (estimate),-0.1612,-0.9169,-0.2330,,
1790756493258071300,27.133,map,tf map->odom (AMCL) + odom->base_link (estimate),-0.1612,-0.9169,-0.2330,,
1790756493294875649,27.150,map,tf map->odom (AMCL) + odom->base_link (estimate),-0.1612,-0.9169,-0.2330,,
1790756493344707130,27.167,map,tf map->odom (AMCL) + odom->base_link (estimate),-0.1612,-0.9169,-0.2330,,
1790756493382834729,27.183,map,tf map->odom (AMCL) + odom->base_link (estimate),-0.1612,-0.9169,-0.2330,,
1790756493426148684,27.200,map,tf map->odom (AMCL) + odom->base_link (estimate),-0.1612,-0.9169,-0.2330,,
1790756493462131622,27.217,map,tf map->odom (AMCL) + odom->base_link (estimate),-0.1612,-0.9169,-0.2330,,
1790756493509387324,27.233,map,tf map->odom (AMCL) + odom->base_link (estimate),-0.1612,-0.9169,-0.2330,,
1790756493547286350,27.250,map,tf map->odom (AMCL) + odom->base_link (estimate),-0.1612,-0.9169,-0.2330,,
1790756493593669628,27.267,map,tf map->odom (AMCL) + odom->base_link (estimate),-0.1612,-0.9169,-0.2330,,
1790756493642896675,27.283,map,tf map->odom (AMCL) + odom->base_link (estimate),-0.1612,-0.9169,-0.2330,,
1790756493679960315,27.300,map,tf map->odom (AMCL) + odom->base_link (estimate),-0.1612,-0.9169,-0.2330,,
1790756493719285113,27.317,map,tf map->odom (AMCL) + odom->base_link (estimate),-0.1612,-0.9169,-0.2330,,
1790756493768583114,27.333,map,tf map->odom (AMCL) + odom->base_link (estimate),-0.1612,-0.9169,-0.2330,,
1790756493804871935,27.350,map,tf map->odom (AMCL) + odom->base_link (estimate),-0.1612,-0.9169,-0.2330,,
1790756493854190793,27.367,map,tf map->odom (AMCL) + odom->base_link (estimate),-0.1612,-0.9169,-0.2330,,
1790756493890071403,27.383,map,tf map->odom (AMCL) + odom->base_link (estimate),-0.1612,-0.9169,-0.2330,,
1790756493940098452,27.400,map,tf map->odom (AMCL) + odom->base_link (estimate),-0.1612,-0.9169,-0.2330,,
1790756493975667621,27.417,map,tf map->odom (AMCL) + odom->base_link (estimate),-0.1612,-0.9169,-0.2330,,
1790756494028957346,27.433,map,tf map->odom (AMCL) + odom->base_link (estimate),-0.1612,-0.9169,-0.2330,,
1790756494065502085,27.450,map,tf map->odom (AMCL) + odom->base_link (estimate),-0.1612,-0.9169,-0.2330,,
1790756494113204731,27.467,map,tf map->odom (AMCL) + odom->base_link (estimate),-0.1612,-0.9169,-0.2330,,
1790756494149899695,27.483,map,tf map->odom (AMCL) + odom->base_link (estimate),-0.1612,-0.9169,-0.2330,,
1790756494198646965,27.500,map,tf map->odom (AMCL) + odom->base_link (estimate),-0.1612,-0.9169,-0.2330,,
1790756494235408163,27.517,map,tf map->odom (AMCL) + odom->base_link (estimate),-0.1612,-0.9169,-0.2330,,
1790756494295923165,27.533,map,tf map->odom (AMCL) + odom->base_link (estimate),-0.1612,-0.9169,-0.2330,,
1790756494334017601,27.550,map,tf map->odom (AMCL) + odom->base_link (estimate),-0.1612,-0.9169,-0.2330,,
1790756494382367370,27.567,map,tf map->odom (AMCL) + odom->base_link (estimate),-0.1612,-0.9169,-0.2330,,
1790756494423441600,27.583,map,tf map->odom (AMCL) + odom->base_link (estimate),-0.1612,-0.9169,-0.2330,,
1790756494472339095,27.600,map,tf map->odom (AMCL) + odom->base_link (estimate),-0.1612,-0.9169,-0.2330,,
1790756494514819185,27.617,map,tf map->odom (AMCL) + odom->base_link (estimate),-0.1612,-0.9169,-0.2330,,
1790756494566415002,27.633,map,tf map->odom (AMCL) + odom->base_link (estimate),-0.1612,-0.9169,-0.2330,,
1790756494613253406,27.650,map,tf map->odom (AMCL) + odom->base_link (estimate),-0.1612,-0.9169,-0.2330,,
1790756494655149788,27.667,map,tf map->odom (AMCL) + odom->base_link (estimate),-0.1612,-0.9169,-0.2330,,
1790756494694425920,27.683,map,tf map->odom (AMCL) + odom->base_link (estimate),-0.1612,-0.9169,-0.2330,,
1790756494743821252,27.700,map,tf map->odom (AMCL) + odom->base_link (estimate),-0.1612,-0.9169,-0.2330,,
1790756494784234266,27.717,map,tf map->odom (AMCL) + odom->base_link (estimate),-0.1612,-0.9169,-0.2330,,
1790756494834298519,27.733,map,tf map->odom (AMCL) + odom->base_link (estimate),-0.1612,-0.9169,-0.2330,,
1790756494872884592,27.750,map,tf map->odom (AMCL) + odom->base_link (estimate),-0.1612,-0.9169,-0.2330,,
1790756436710868445,8.517,map,"nav2_feedback of the target goal (map, AMCL-based estimate)",-6.0039,-1.0000,3.1416,,
1790756436719653679,8.517,map,"nav2_feedback of the target goal (map, AMCL-based estimate)",-6.0039,-1.0000,3.1416,,
1790756436730911661,8.517,map,"nav2_feedback of the target goal (map, AMCL-based estimate)",-6.0039,-1.0000,3.1416,,
1790756436739788182,8.533,map,"nav2_feedback of the target goal (map, AMCL-based estimate)",-6.0039,-1.0000,3.1416,,
1790756436752321960,8.533,map,"nav2_feedback of the target goal (map, AMCL-based estimate)",-6.0039,-1.0000,3.1416,,
1790756436759499866,8.533,map,"nav2_feedback of the target goal (map, AMCL-based estimate)",-6.0039,-1.0000,3.1416,,
1790756436769785724,8.533,map,"nav2_feedback of the target goal (map, AMCL-based estimate)",-6.0039,-1.0000,3.1416,,
1790756436779696032,8.550,map,"nav2_feedback of the target goal (map, AMCL-based estimate)",-6.0039,-1.0000,3.1416,,
1790756436789752232,8.550,map,"nav2_feedback of the target goal (map, AMCL-based estimate)",-6.0039,-1.0000,3.1416,,
1790756436801380657,8.550,map,"nav2_feedback of the target goal (map, AMCL-based estimate)",-6.0039,-1.0000,3.1416,,
1790756436812091378,8.550,map,"nav2_feedback of the target goal (map, AMCL-based estimate)",-6.0039,-1.0000,3.1416,,
1790756436820091057,8.550,map,"nav2_feedback of the target goal (map, AMCL-based estimate)",-6.0039,-1.0000,3.1416,,
1790756436830237245,8.550,map,"nav2_feedback of the target goal (map, AMCL-based estimate)",-6.0039,-1.0000,3.1416,,
1790756436840951495,8.567,map,"nav2_feedback of the target goal (map, AMCL-based estimate)",-6.0040,-1.0000,3.1416,,
1790756436850202081,8.567,map,"nav2_feedback of the target goal (map, AMCL-based estimate)",-6.0040,-1.0000,3.1416,,
1790756436860487290,8.567,map,"nav2_feedback of the target goal (map, AMCL-based estimate)",-6.0040,-1.0000,3.1416,,
1790756436869987314,8.567,map,"nav2_feedback of the target goal (map, AMCL-based estimate)",-6.0040,-1.0000,3.1416,,
1790756436879993553,8.567,map,"nav2_feedback of the target goal (map, AMCL-based estimate)",-6.0040,-1.0000,3.1416,,
1790756436890103616,8.583,map,"nav2_feedback of the target goal (map, AMCL-based estimate)",-6.0040,-1.0000,-3.1415,,
1790756436900350099,8.583,map,"nav2_feedback of the target goal (map, AMCL-based estimate)",-6.0040,-1.0000,-3.1415,,
1790756436910169862,8.583,map,"nav2_feedback of the target goal (map, AMCL-based estimate)",-6.0040,-1.0000,-3.1415,,
1790756436920228291,8.583,map,"nav2_feedback of the target goal (map, AMCL-based estimate)",-6.0040,-1.0000,-3.1415,,
1790756436929897704,8.583,map,"nav2_feedback of the target goal (map, AMCL-based estimate)",-6.0040,-1.0000,-3.1415,,
1790756436940046213,8.600,map,"nav2_feedback of the target goal (map, AMCL-based estimate)",-6.0040,-1.0000,-3.1413,,
1790756436950658775,8.600,map,"nav2_feedback of the target goal (map, AMCL-based estimate)",-6.0040,-1.0000,-3.1413,,
1790756436959643021,8.600,map,"nav2_feedback of the target goal (map, AMCL-based estimate)",-6.0040,-1.0000,-3.1413,,
1790756436969951632,8.600,map,"nav2_feedback of the target goal (map, AMCL-based estimate)",-6.0040,-1.0000,-3.1413,,
1790756436979652991,8.617,map,"nav2_feedback of the target goal (map, AMCL-based estimate)",-6.0040,-1.0000,-3.1411,,
1790756436990068490,8.617,map,"nav2_feedback of the target goal (map, AMCL-based estimate)",-6.0040,-1.0000,-3.1411,,
1790756436999563686,8.617,map,"nav2_feedback of the target goal (map, AMCL-based estimate)",-6.0040,-1.0000,-3.1411,,
1790756437009814998,8.617,map,"nav2_feedback of the target goal (map, AMCL-based estimate)",-6.0040,-1.0000,-3.1411,,
1790756437019585635,8.617,map,"nav2_feedback of the target goal (map, AMCL-based estimate)",-6.0040,-1.0000,-3.1411,,
1790756437029639421,8.633,map,"nav2_feedback of the target goal (map, AMCL-based estimate)",-6.0040,-1.0000,-3.1407,,
1790756437039934659,8.633,map,"nav2_feedback of the target goal (map, AMCL-based estimate)",-6.0040,-1.0000,-3.1407,,
1790756437049658120,8.633,map,"nav2_feedback of the target goal (map, AMCL-based estimate)",-6.0040,-1.0000,-3.1407,,
1790756437059665287,8.633,map,"nav2_feedback of the target goal (map, AMCL-based estimate)",-6.0040,-1.0000,-3.1407,,
1790756437069775721,8.650,map,"nav2_feedback of the target goal (map, AMCL-based estimate)",-6.0041,-1.0000,-3.1399,,
1790756437079751035,8.650,map,"nav2_feedback of the target goal (map, AMCL-based estimate)",-6.0041,-1.0000,-3.1399,,
1790756437089853483,8.650,map,"nav2_feedback of the target goal (map, AMCL-based estimate)",-6.0041,-1.0000,-3.1399,,
1790756437100463445,8.650,map,"nav2_feedback of the target goal (map, AMCL-based estimate)",-6.0041,-1.0000,-3.1399,,
1790756437109831042,8.650,map,"nav2_feedback of the target goal (map, AMCL-based estimate)",-6.0041,-1.0000,-3.1399,,
1790756437119805335,8.650,map,"nav2_feedback of the target goal (map, AMCL-based estimate)",-6.0041,-1.0000,-3.1399,,
1790756437129927284,8.667,map,"nav2_feedback of the target goal (map, AMCL-based estimate)",-6.0041,-1.0000,-3.1389,,
1790756437140127799,8.667,map,"nav2_feedback of the target goal (map, AMCL-based estimate)",-6.0041,-1.0000,-3.1389,,
1790756437149679829,8.667,map,"nav2_feedback of the target goal (map, AMCL-based estimate)",-6.0041,-1.0000,-3.1389,,
1790756437159665637,8.667,map,"nav2_feedback of the target goal (map, AMCL-based estimate)",-6.0041,-1.0000,-3.1389,,
1790756437169752111,8.683,map,"nav2_feedback of the target goal (map, AMCL-based estimate)",-6.0041,-1.0000,-3.1375,,
1790756437179533056,8.683,map,"nav2_feedback of the target goal (map, AMCL-based estimate)",-6.0041,-1.0000,-3.1375,,
1790756437190496002,8.683,map,"nav2_feedback of the target goal (map, AMCL-based estimate)",-6.0041,-1.0000,-3.1375,,
1790756437199881987,8.683,map,"nav2_feedback of the target goal (map, AMCL-based estimate)",-6.0041,-1.0000,-3.1375,,
1790756437209845507,8.683,map,"nav2_feedback of the target goal (map, AMCL-based estimate)",-6.0041,-1.0000,-3.1375,,
1790756437219534143,8.700,map,"nav2_feedback of the target goal (map, AMCL-based estimate)",-6.0041,-1.0000,-3.1360,,
1790756437229970538,8.700,map,"nav2_feedback of the target goal (map, AMCL-based estimate)",-6.0041,-1.0000,-3.1360,,
1790756437239975662,8.700,map,"nav2_feedback of the target goal (map, AMCL-based estimate)",-6.0041,-1.0000,-3.1360,,
1790756437249792825,8.700,map,"nav2_feedback of the target goal (map, AMCL-based estimate)",-6.0041,-1.0000,-3.1360,,
1790756437259497062,8.717,map,"nav2_feedback of the target goal (map, AMCL-based estimate)",-6.0041,-1.0000,-3.1343,,
1790756437269608983,8.717,map,"nav2_feedback of the target goal (map, AMCL-based estimate)",-6.0041,-1.0000,-3.1343,,
1790756437279657939,8.717,map,"nav2_feedback of the target goal (map, AMCL-based estimate)",-6.0041,-1.0000,-3.1343,,
1790756437290289817,8.717,map,"nav2_feedback of the target goal (map, AMCL-based estimate)",-6.0041,-1.0000,-3.1343,,
1790756437300078470,8.717,map,"nav2_feedback of the target goal (map, AMCL-based estimate)",-6.0041,-1.0000,-3.1343,,
1790756437309900648,8.717,map,"nav2_feedback of the target goal (map, AMCL-based estimate)",-6.0041,-1.0000,-3.1343,,
1790756437319847731,8.733,map,"nav2_feedback of the target goal (map, AMCL-based estimate)",-6.0042,-1.0000,-3.1326,,
1790756437329914239,8.733,map,"nav2_feedback of the target goal (map, AMCL-based estimate)",-6.0042,-1.0000,-3.1326,,
1790756437339918899,8.733,map,"nav2_feedback of the target goal (map, AMCL-based estimate)",-6.0042,-1.0000,-3.1326,,
1790756437351383972,8.750,map,"nav2_feedback of the target goal (map, AMCL-based estimate)",-6.0042,-1.0000,-3.1308,,
1790756437359623988,8.750,map,"nav2_feedback of the target goal (map, AMCL-based estimate)",-6.0042,-1.0000,-3.1308,,
1790756437369790978,8.750,map,"nav2_feedback of the target goal (map, AMCL-based estimate)",-6.0042,-1.0000,-3.1308,,
1790756437379578795,8.750,map,"nav2_feedback of the target goal (map, AMCL-based estimate)",-6.0042,-1.0000,-3.1308,,
1790756437389673907,8.750,map,"nav2_feedback of the target goal (map, AMCL-based estimate)",-6.0042,-1.0000,-3.1308,,
1790756437399705033,8.750,map,"nav2_feedback of the target goal (map, AMCL-based estimate)",-6.0042,-1.0000,-3.1308,,
1790756437410011601,8.767,map,"nav2_feedback of the target goal (map, AMCL-based estimate)",-6.0042,-1.0000,-3.1290,,
1790756437419731440,8.767,map,"nav2_feedback of the target goal (map, AMCL-based estimate)",-6.0042,-1.0000,-3.1290,,
1790756437429810671,8.767,map,"nav2_feedback of the target goal (map, AMCL-based estimate)",-6.0042,-1.0000,-3.1290,,
1790756437439801401,8.767,map,"nav2_feedback of the target goal (map, AMCL-based estimate)",-6.0042,-1.0000,-3.1290,,
1790756437450322211,8.767,map,"nav2_feedback of the target goal (map, AMCL-based estimate)",-6.0042,-1.0000,-3.1290,,
1790756437460000167,8.783,map,"nav2_feedback of the target goal (map, AMCL-based estimate)",-6.0043,-1.0000,-3.1272,,
1790756437469898495,8.783,map,"nav2_feedback of the target goal (map, AMCL-based estimate)",-6.0043,-1.0000,-3.1272,,
1790756437479557228,8.783,map,"nav2_feedback of the target goal (map, AMCL-based estimate)",-6.0043,-1.0000,-3.1272,,
1790756437490122336,8.783,map,"nav2_feedback of the target goal (map, AMCL-based estimate)",-6.0043,-1.0000,-3.1272,,
1790756437499969308,8.783,map,"nav2_feedback of the target goal (map, AMCL-based estimate)",-6.0043,-1.0000,-3.1272,,
1790756437509993656,8.800,map,"nav2_feedback of the target goal (map, AMCL-based estimate)",-6.0043,-1.0000,-3.1253,,
1790756437519687307,8.800,map,"nav2_feedback of the target goal (map, AMCL-based estimate)",-6.0043,-1.0000,-3.1253,,
1790756437529732642,8.800,map,"nav2_feedback of the target goal (map, AMCL-based estimate)",-6.0043,-1.0000,-3.1253,,
1790756437539861371,8.800,map,"nav2_feedback of the target goal (map, AMCL-based estimate)",-6.0043,-1.0000,-3.1253,,
1790756437549804367,8.800,map,"nav2_feedback of the target goal (map, AMCL-based estimate)",-6.0043,-1.0000,-3.1253,,
1790756437559783396,8.817,map,"nav2_feedback of the target goal (map, AMCL-based estimate)",-6.0044,-1.0000,-3.1235,,
1790756437569822323,8.817,map,"nav2_feedback of the target goal (map, AMCL-based estimate)",-6.0044,-1.0000,-3.1235,,
1790756437579563707,8.817,map,"nav2_feedback of the target goal (map, AMCL-based estimate)",-6.0044,-1.0000,-3.1235,,
1790756437590207750,8.817,map,"nav2_feedback of the target goal (map, AMCL-based estimate)",-6.0044,-1.0000,-3.1235,,
1790756437600122887,8.817,map,"nav2_feedback of the target goal (map, AMCL-based estimate)",-6.0044,-1.0000,-3.1235,,
1790756437609936057,8.817,map,"nav2_feedback of the target goal (map, AMCL-based estimate)",-6.0044,-1.0000,-3.1235,,
1790756437619617635,8.833,map,"nav2_feedback of the target goal (map, AMCL-based estimate)",-6.0044,-1.0000,-3.1216,,
1790756437629845359,8.833,map,"nav2_feedback of the target goal (map, AMCL-based estimate)",-6.0044,-1.0000,-3.1216,,
1790756437640151648,8.833,map,"nav2_feedback of the target goal (map, AMCL-based estimate)",-6.0044,-1.0000,-3.1216,,
1790756437649771656,8.833,map,"nav2_feedback of the target goal (map, AMCL-based estimate)",-6.0044,-1.0000,-3.1216,,
1790756437659592627,8.850,map,"nav2_feedback of the target goal (map, AMCL-based estimate)",-6.0045,-1.0000,-3.1197,,
1790756437669764445,8.850,map,"nav2_feedback of the target goal (map, AMCL-based estimate)",-6.0045,-1.0000,-3.1197,,
1790756437679572229,8.850,map,"nav2_feedback of the target goal (map, AMCL-based estimate)",-6.0045,-1.0000,-3.1197,,
1790756437690195934,8.850,map,"nav2_feedback of the target goal (map, AMCL-based estimate)",-6.0045,-1.0000,-3.1197,,
1790756437699923760,8.850,map,"nav2_feedback of the target goal (map, AMCL-based estimate)",-6.0045,-1.0000,-3.1197,,
1790756437709985161,8.850,map,"nav2_feedback of the target goal (map, AMCL-based estimate)",-6.0045,-1.0000,-3.1197,,
1790756437719672311,8.867,map,"nav2_feedback of the target goal (map, AMCL-based estimate)",-6.0046,-1.0000,-3.1177,,
1790756437729831222,8.867,map,"nav2_feedback of the target goal (map, AMCL-based estimate)",-6.0046,-1.0000,-3.1177,,
1790756437740108629,8.867,map,"nav2_feedback of the target goal (map, AMCL-based estimate)",-6.0046,-1.0000,-3.1177,,
1790756437749801816,8.883,map,"nav2_feedback of the target goal (map, AMCL-based estimate)",-6.0046,-1.0000,-3.1158,,
1790756437759717695,8.883,map,"nav2_feedback of the target goal (map, AMCL-based estimate)",-6.0046,-1.0000,-3.1158,,
1790756437770696614,8.883,map,"nav2_feedback of the target goal (map, AMCL-based estimate)",-6.0046,-1.0000,-3.1158,,
1790756437779607867,8.883,map,"nav2_feedback of the target goal (map, AMCL-based estimate)",-6.0046,-1.0000,-3.1158,,
1790756437789903013,8.883,map,"nav2_feedback of the target goal (map, AMCL-based estimate)",-6.0046,-1.0000,-3.1158,,
1790756437799415667,8.883,map,"nav2_feedback of the target goal (map, AMCL-based estimate)",-6.0046,-1.0000,-3.1158,,
1790756437809643949,8.900,map,"nav2_feedback of the target goal (map, AMCL-based estimate)",-6.0047,-1.0000,-3.1138,,
1790756437819646844,8.900,map,"nav2_feedback of the target goal (map, AMCL-based estimate)",-6.0047,-1.0000,-3.1138,,
1790756437829840300,8.900,map,"nav2_feedback of the target goal (map, AMCL-based estimate)",-6.0047,-1.0000,-3.1138,,
1790756437840188751,8.900,map,"nav2_feedback of the target goal (map, AMCL-based estimate)",-6.0047,-1.0000,-3.1138,,
1790756437849702427,8.917,map,"nav2_feedback of the target goal (map, AMCL-based estimate)",-6.0048,-1.0000,-3.1118,,
1790756437859675326,8.917,map,"nav2_feedback of the target goal (map, AMCL-based estimate)",-6.0048,-1.0000,-3.1118,,
1790756437872253865,8.917,map,"nav2_feedback of the target goal (map, AMCL-based estimate)",-6.0048,-1.0000,-3.1118,,
1790756437879739808,8.917,map,"nav2_feedback of the target goal (map, AMCL-based estimate)",-6.0048,-1.0000,-3.1118,,
1790756437890415519,8.917,map,"nav2_feedback of the target goal (map, AMCL-based estimate)",-6.0048,-1.0000,-3.1118,,
1790756437900139723,8.917,map,"nav2_feedback of the target goal (map, AMCL-based estimate)",-6.0048,-1.0000,-3.1118,,
1790756437909584307,8.933,map,"nav2_feedback of the target goal (map, AMCL-based estimate)",-6.0049,-1.0000,-3.1098,,
1790756437919809895,8.933,map,"nav2_feedback of the target goal (map, AMCL-based estimate)",-6.0049,-1.0000,-3.1098,,
1790756437929510975,8.933,map,"nav2_feedback of the target goal (map, AMCL-based estimate)",-6.0049,-1.0000,-3.1098,,
1790756437940235162,8.933,map,"nav2_feedback of the target goal (map, AMCL-based estimate)",-6.0049,-1.0000,-3.1098,,
1790756437949846440,8.950,map,"nav2_feedback of the target goal (map, AMCL-based estimate)",-6.0049,-1.0000,-3.1078,,
1790756437959811911,8.950,map,"nav2_feedback of the target goal (map, AMCL-based estimate)",-6.0049,-1.0000,-3.1078,,
1790756437969913058,8.950,map,"nav2_feedback of the target goal (map, AMCL-based estimate)",-6.0049,-1.0000,-3.1078,,
1790756437980138739,8.950,map,"nav2_feedback of the target goal (map, AMCL-based estimate)",-6.0049,-1.0000,-3.1078,,
1790756437990117954,8.950,map,"nav2_feedback of the target goal (map, AMCL-based estimate)",-6.0049,-1.0000,-3.1078,,
1790756437999797582,8.950,map,"nav2_feedback of the target goal (map, AMCL-based estimate)",-6.0049,-1.0000,-3.1078,,
1790756438009789612,8.967,map,"nav2_feedback of the target goal (map, AMCL-based estimate)",-6.0050,-1.0000,-3.1057,,
1790756438020098315,8.967,map,"nav2_feedback of the target goal (map, AMCL-based estimate)",-6.0050,-1.0000,-3.1057,,
1790756438030093224,8.967,map,"nav2_feedback of the target goal (map, AMCL-based estimate)",-6.0050,-1.0000,-3.1057,,
1790756438040071324,8.967,map,"nav2_feedback of the target goal (map, AMCL-based estimate)",-6.0050,-1.0000,-3.1057,,
1790756438052017258,8.983,map,"nav2_feedback of the target goal (map, AMCL-based estimate)",-6.0051,-1.0000,-3.1037,,
1790756438059661445,8.983,map,"nav2_feedback of the target goal (map, AMCL-based estimate)",-6.0051,-1.0000,-3.1037,,
1790756438070287194,8.983,map,"nav2_feedback of the target goal (map, AMCL-based estimate)",-6.0051,-1.0000,-3.1037,,
1790756438079700760,8.983,map,"nav2_feedback of the target goal (map, AMCL-based estimate)",-6.0051,-1.0000,-3.1037,,
1790756438090476674,8.983,map,"nav2_feedback of the target goal (map, AMCL-based estimate)",-6.0051,-1.0000,-3.1037,,
1790756438099864981,8.983,map,"nav2_feedback of the target goal (map, AMCL-based estimate)",-6.0051,-1.0000,-3.1037,,
1790756438109749379,9.000,map,"nav2_feedback of the target goal (map, AMCL-based estimate)",-6.0052,-1.0001,-3.1016,,
1790756438119857677,9.000,map,"nav2_feedback of the target goal (map, AMCL-based estimate)",-6.0052,-1.0001,-3.1016,,
1790756438129719323,9.000,map,"nav2_feedback of the target goal (map, AMCL-based estimate)",-6.0052,-1.0001,-3.1016,,
1790756438139912779,9.017,map,"nav2_feedback of the target goal (map, AMCL-based estimate)",-6.0053,-1.0001,-3.0995,,
1790756438149522851,9.017,map,"nav2_feedback of the target goal (map, AMCL-based estimate)",-6.0053,-1.0001,-3.0995,,
1790756438159555277,9.017,map,"nav2_feedback of the target goal (map, AMCL-based estimate)",-6.0053,-1.0001,-3.0995,,
1790756438170217244,9.017,map,"nav2_feedback of the target goal (map, AMCL-based estimate)",-6.0053,-1.0001,-3.0995,,
1790756438179587349,9.017,map,"nav2_feedback of the target goal (map, AMCL-based estimate)",-6.0053,-1.0001,-3.0995,,
1790756438190037023,9.017,map,"nav2_feedback of the target goal (map, AMCL-based estimate)",-6.0053,-1.0001,-3.0995,,
1790756438199901362,9.017,map,"nav2_feedback of the target goal (map, AMCL-based estimate)",-6.0053,-1.0001,-3.0995,,
1790756438209882155,9.017,map,"nav2_feedback of the target goal (map, AMCL-based estimate)",-6.0053,-1.0001,-3.0995,,
1790756438219530487,9.033,map,"nav2_feedback of the target goal (map, AMCL-based estimate)",-6.0054,-1.0001,-3.0974,,
1790756438229897047,9.033,map,"nav2_feedback of the target goal (map, AMCL-based estimate)",-6.0054,-1.0001,-3.0974,,
1790756438240200735,9.033,map,"nav2_feedback of the target goal (map, AMCL-based estimate)",-6.0054,-1.0001,-3.0974,,
1790756438249762795,9.050,map,"nav2_feedback of the target goal (map, AMCL-based estimate)",-6.0055,-1.0001,-3.0952,,
1790756438259725572,9.050,map,"nav2_feedback of the target goal (map, AMCL-based estimate)",-6.0055,-1.0001,-3.0952,,
1790756438269721781,9.050,map,"nav2_feedback of the target goal (map, AMCL-based estimate)",-6.0055,-1.0001,-3.0952,,
1790756438279523899,9.050,map,"nav2_feedback of the target goal (map, AMCL-based estimate)",-6.0055,-1.0001,-3.0952,,
1790756438292748972,9.050,map,"nav2_feedback of the target goal (map, AMCL-based estimate)",-6.0055,-1.0001,-3.0952,,
1790756438299777550,9.050,map,"nav2_feedback of the target goal (map, AMCL-based estimate)",-6.0055,-1.0001,-3.0952,,
1790756438309693429,9.067,map,"nav2_feedback of the target goal (map, AMCL-based estimate)",-6.0057,-1.0001,-3.0931,,
1790756438319607173,9.067,map,"nav2_feedback of the target goal (map, AMCL-based estimate)",-6.0057,-1.0001,-3.0931,,
1790756438330009300,9.067,map,"nav2_feedback of the target goal (map, AMCL-based estimate)",-6.0057,-1.0001,-3.0931,,
1790756438339867974,9.067,map,"nav2_feedback of the target goal (map, AMCL-based estimate)",-6.0057,-1.0001,-3.0931,,
1790756438349629324,9.083,map,"nav2_feedback of the target goal (map, AMCL-based estimate)",-6.0058,-1.0001,-3.0909,,
1790756438359833832,9.083,map,"nav2_feedback of the target goal (map, AMCL-based estimate)",-6.0058,-1.0001,-3.0909,,
1790756438369600940,9.083,map,"nav2_feedback of the target goal (map, AMCL-based estimate)",-6.0058,-1.0001,-3.0909,,
1790756438379649618,9.083,map,"nav2_feedback of the target goal (map, AMCL-based estimate)",-6.0058,-1.0001,-3.0909,,
1790756438389968444,9.083,map,"nav2_feedback of the target goal (map, AMCL-based estimate)",-6.0058,-1.0001,-3.0909,,
1790756438399802230,9.083,map,"nav2_feedback of the target goal (map, AMCL-based estimate)",-6.0058,-1.0001,-3.0909,,
1790756438410050385,9.100,map,"nav2_feedback of the target goal (map, AMCL-based estimate)",-6.0059,-1.0001,-3.0887,,
1790756438419968400,9.100,map,"nav2_feedback of the target goal (map, AMCL-based estimate)",-6.0059,-1.0001,-3.0887,,
1790756438429867193,9.100,map,"nav2_feedback of the target goal (map, AMCL-based estimate)",-6.0059,-1.0001,-3.0887,,
1790756438440233009,9.100,map,"nav2_feedback of the target goal (map, AMCL-based estimate)",-6.0059,-1.0001,-3.0887,,
1790756438449835279,9.117,map,"nav2_feedback of the target goal (map, AMCL-based estimate)",-6.0060,-1.0001,-3.0864,,
1790756438459566170,9.117,map,"nav2_feedback of the target goal (map, AMCL-based estimate)",-6.0060,-1.0001,-3.0864,,
1790756438469702235,9.117,map,"nav2_feedback of the target goal (map, AMCL-based estimate)",-6.0060,-1.0001,-3.0864,,
1790756438480158503,9.117,map,"nav2_feedback of the target goal (map, AMCL-based estimate)",-6.0060,-1.0001,-3.0864,,
1790756438490403129,9.117,map,"nav2_feedback of the target goal (map, AMCL-based estimate)",-6.0060,-1.0001,-3.0864,,
1790756438500137269,9.117,map,"nav2_feedback of the target goal (map, AMCL-based estimate)",-6.0060,-1.0001,-3.0864,,
1790756438509893419,9.117,map,"nav2_feedback of the target goal (map, AMCL-based estimate)",-6.0060,-1.0001,-3.0864,,
1790756438519804748,9.133,map,"nav2_feedback of the target goal (map, AMCL-based estimate)",-6.0061,-1.0001,-3.0842,,
1790756438530182823,9.133,map,"nav2_feedback of the target goal (map, AMCL-based estimate)",-6.0061,-1.0001,-3.0842,,
1790756438539917799,9.133,map,"nav2_feedback of the target goal (map, AMCL-based estimate)",-6.0061,-1.0001,-3.0842,,
1790756438549792446,9.150,map,"nav2_feedback of the target goal (map, AMCL-based estimate)",-6.0063,-1.0001,-3.0819,,
1790756438559685016,9.150,map,"nav2_feedback of the target goal (map, AMCL-based estimate)",-6.0063,-1.0001,-3.0819,,
1790756438570065970,9.150,map,"nav2_feedback of the target goal (map, AMCL-based estimate)",-6.0063,-1.0001,-3.0819,,
1790756438580182162,9.150,map,"nav2_feedback of the target goal (map, AMCL-based estimate)",-6.0063,-1.0001,-3.0819,,
1790756438590335129,9.150,map,"nav2_feedback of the target goal (map, AMCL-based estimate)",-6.0063,-1.0001,-3.0819,,
1790756438599917340,9.150,map,"nav2_feedback of the target goal (map, AMCL-based estimate)",-6.0063,-1.0001,-3.0819,,
1790756438610038640,9.167,map,"nav2_feedback of the target goal (map, AMCL-based estimate)",-6.0064,-1.0001,-3.0795,,
1790756438619713903,9.167,map,"nav2_feedback of the target goal (map, AMCL-based estimate)",-6.0064,-1.0001,-3.0795,,
1790756438630170914,9.167,map,"nav2_feedback of the target goal (map, AMCL-based estimate)",-6.0064,-1.0001,-3.0795,,
1790756438640006371,9.167,map,"nav2_feedback of the target goal (map, AMCL-based estimate)",-6.0064,-1.0001,-3.0795,,
1790756438649559423,9.183,map,"nav2_feedback of the target goal (map, AMCL-based estimate)",-6.0065,-1.0001,-3.0772,,
1790756438659643297,9.183,map,"nav2_feedback of the target goal (map, AMCL-based estimate)",-6.0065,-1.0001,-3.0772,,
1790756438669715935,9.183,map,"nav2_feedback of the target goal (map, AMCL-based estimate)",-6.0065,-1.0001,-3.0772,,
1790756438681432676,9.183,map,"nav2_feedback of the target goal (map, AMCL-based estimate)",-6.0065,-1.0001,-3.0772,,
1790756438690245769,9.183,map,"nav2_feedback of the target goal (map, AMCL-based estimate)",-6.0065,-1.0001,-3.0772,,
1790756438699728335,9.183,map,"nav2_feedback of the target goal (map, AMCL-based estimate)",-6.0065,-1.0001,-3.0772,,
1790756438709680061,9.200,map,"nav2_feedback of the target goal (map, AMCL-based estimate)",-6.0067,-1.0001,-3.0748,,
1790756438719777587,9.200,map,"nav2_feedback of the target goal (map, AMCL-based estimate)",-6.0067,-1.0001,-3.0748,,
1790756438729832488,9.200,map,"nav2_feedback of the target goal (map, AMCL-based estimate)",-6.0067,-1.0001,-3.0748,,
1790756438740023901,9.200,map,"nav2_feedback of the target goal (map, AMCL-based estimate)",-6.0067,-1.0001,-3.0748,,
1790756438750061714,9.217,map,"nav2_feedback of the target goal (map, AMCL-based estimate)",-6.0068,-1.0001,-3.0724,,
1790756438759883427,9.217,map,"nav2_feedback of the target goal (map, AMCL-based estimate)",-6.0068,-1.0001,-3.0724,,
1790756438769774512,9.217,map,"nav2_feedback of the target goal (map, AMCL-based estimate)",-6.0068,-1.0001,-3.0724,,
1790756438780290214,9.217,map,"nav2_feedback of the target goal (map, AMCL-based estimate)",-6.0068,-1.0001,-3.0724,,
1790756438790721687,9.217,map,"nav2_feedback of the target goal (map, AMCL-based estimate)",-6.0068,-1.0001,-3.0724,,
1790756438800140825,9.217,map,"nav2_feedback of the target goal (map, AMCL-based estimate)",-6.0068,-1.0001,-3.0724,,
1790756438809784514,9.217,map,"nav2_feedback of the target goal (map, AMCL-based estimate)",-6.0068,-1.0001,-3.0724,,
1790756438819623314,9.233,map,"nav2_feedback of the target goal (map, AMCL-based estimate)",-6.0070,-1.0002,-3.0700,,
1790756438829966750,9.233,map,"nav2_feedback of the target goal (map, AMCL-based estimate)",-6.0070,-1.0002,-3.0700,,
1790756438839852912,9.233,map,"nav2_feedback of the target goal (map, AMCL-based estimate)",-6.0070,-1.0002,-3.0700,,
1790756438849762384,9.250,map,"nav2_feedback of the target goal (map, AMCL-based estimate)",-6.0071,-1.0002,-3.0675,,
1790756438859922873,9.250,map,"nav2_feedback of the target goal (map, AMCL-based estimate)",-6.0071,-1.0002,-3.0675,,
1790756438869526258,9.250,map,"nav2_feedback of the target goal (map, AMCL-based estimate)",-6.0071,-1.0002,-3.0675,,
1790756438880197883,9.250,map,"nav2_feedback of the target goal (map, AMCL-based estimate)",-6.0071,-1.0002,-3.0675,,
1790756438890239503,9.250,map,"nav2_feedback of the target goal (map, AMCL-based estimate)",-6.0071,-1.0002,-3.0675,,
1790756438899827658,9.250,map,"nav2_feedback of the target goal (map, AMCL-based estimate)",-6.0071,-1.0002,-3.0675,,
1790756438910339089,9.267,map,"nav2_feedback of the target goal (map, AMCL-based estimate)",-6.0073,-1.0002,-3.0651,,
1790756438919717459,9.267,map,"nav2_feedback of the target goal (map, AMCL-based estimate)",-6.0073,-1.0002,-3.0651,,
1790756438930177534,9.267,map,"nav2_feedback of the target goal (map, AMCL-based estimate)",-6.0073,-1.0002,-3.0651,,
1790756438940052274,9.267,map,"nav2_feedback of the target goal (map, AMCL-based estimate)",-6.0073,-1.0002,-3.0651,,
1790756438949591303,9.267,map,"nav2_feedback of the target goal (map, AMCL-based estimate)",-6.0073,-1.0002,-3.0651,,
1790756438959611843,9.283,map,"nav2_feedback of the target goal (map, AMCL-based estimate)",-6.0074,-1.0002,-3.0625,,
1790756438969788769,9.283,map,"nav2_feedback of the target goal (map, AMCL-based estimate)",-6.0074,-1.0002,-3.0625,,
1790756438982069579,9.283,map,"nav2_feedback of the target goal (map, AMCL-based estimate)",-6.0074,-1.0002,-3.0625,,
1790756438990353335,9.283,map,"nav2_feedback of the target goal (map, AMCL-based estimate)",-6.0074,-1.0002,-3.0625,,
1790756439000114871,9.283,map,"nav2_feedback of the target goal (map, AMCL-based estimate)",-6.0074,-1.0002,-3.0625,,
1790756439009881236,9.283,map,"nav2_feedback of the target goal (map, AMCL-based estimate)",-6.0074,-1.0002,-3.0625,,
1790756439019714279,9.300,map,"nav2_feedback of the target goal (map, AMCL-based estimate)",-6.0076,-1.0002,-3.0600,,
1790756439029681978,9.300,map,"nav2_feedback of the target goal (map, AMCL-based estimate)",-6.0076,-1.0002,-3.0600,,
1790756439040485380,9.300,map,"nav2_feedback of the target goal (map, AMCL-based estimate)",-6.0076,-1.0002,-3.0600,,
1790756439050357427,9.300,map,"nav2_feedback of the target goal (map, AMCL-based estimate)",-6.0076,-1.0002,-3.0600,,
1790756439060435915,9.300,map,"nav2_feedback of the target goal (map, AMCL-based estimate)",-6.0076,-1.0002,-3.0600,,
1790756439069980701,9.317,map,"nav2_feedback of the target goal (map, AMCL-based estimate)",-6.0077,-1.0002,-3.0574,,
1790756439079646585,9.317,map,"nav2_feedback of the target goal (map, AMCL-based estimate)",-6.0077,-1.0002,-3.0574,,
1790756439089738075,9.317,map,"nav2_feedback of the target goal (map, AMCL-based estimate)",-6.0077,-1.0002,-3.0574,,
1790756439099980101,9.317,map,"nav2_feedback of the target goal (map, AMCL-based estimate)",-6.0077,-1.0002,-3.0574,,
1790756439110177179,9.317,map,"nav2_feedback of the target goal (map, AMCL-based estimate)",-6.0077,-1.0002,-3.0574,,
1790756439119987563,9.317,map,"nav2_feedback of the target goal (map, AMCL-based estimate)",-6.0077,-1.0002,-3.0574,,
1790756439129952476,9.333,map,"nav2_feedback of the target goal (map, AMCL-based estimate)",-6.0079,-1.0002,-3.0548,,
1790756439140222732,9.333,map,"nav2_feedback of the target goal (map, AMCL-based estimate)",-6.0079,-1.0002,-3.0548,,
1790756439149958173,9.333,map,"nav2_feedback of the target goal (map, AMCL-based estimate)",-6.0079,-1.0002,-3.0548,,
1790756439159890676,9.333,map,"nav2_feedback of the target goal (map, AMCL-based estimate)",-6.0079,-1.0002,-3.0548,,
1790756439169768109,9.350,map,"nav2_feedback of the target goal (map, AMCL-based estimate)",-6.0081,-1.0003,-3.0522,,
1790756439179850962,9.350,map,"nav2_feedback of the target goal (map, AMCL-based estimate)",-6.0081,-1.0003,-3.0522,,
1790756439189820332,9.350,map,"nav2_feedback of the target goal (map, AMCL-based estimate)",-6.0081,-1.0003,-3.0522,,
1790756439199923894,9.350,map,"nav2_feedback of the target goal (map, AMCL-based estimate)",-6.0081,-1.0003,-3.0522,,
1790756439210408579,9.350,map,"nav2_feedback of the target goal (map, AMCL-based estimate)",-6.0081,-1.0003,-3.0522,,
1790756439220007693,9.350,map,"nav2_feedback of the target goal (map, AMCL-based estimate)",-6.0081,-1.0003,-3.0522,,
1790756439229756413,9.367,map,"nav2_feedback of the target goal (map, AMCL-based estimate)",-6.0082,-1.0003,-3.0495,,
1790756439240254842,9.367,map,"nav2_feedback of the target goal (map, AMCL-based estimate)",-6.0082,-1.0003,-3.0495,,
1790756439249546661,9.367,map,"nav2_feedback of the target goal (map, AMCL-based estimate)",-6.0082,-1.0003,-3.0495,,
1790756439259863258,9.383,map,"nav2_feedback of the target goal (map, AMCL-based estimate)",-6.0084,-1.0003,-3.0467,,
1790756439269791675,9.383,map,"nav2_feedback of the target goal (map, AMCL-based estimate)",-6.0084,-1.0003,-3.0467,,
1790756439279600387,9.383,map,"nav2_feedback of the target goal (map, AMCL-based estimate)",-6.0084,-1.0003,-3.0467,,
1790756439290056005,9.383,map,"nav2_feedback of the target goal (map, AMCL-based estimate)",-6.0084,-1.0003,-3.0467,,
1790756439300092703,9.383,map,"nav2_feedback of the target goal (map, AMCL-based estimate)",-6.0084,-1.0003,-3.0467,,
1790756439309782825,9.383,map,"nav2_feedback of the target goal (map, AMCL-based estimate)",-6.0084,-1.0003,-3.0467,,
1790756439319874315,9.400,map,"nav2_feedback of the target goal (map, AMCL-based estimate)",-6.0086,-1.0003,-3.0435,,
1790756439329855293,9.400,map,"nav2_feedback of the target goal (map, AMCL-based estimate)",-6.0086,-1.0003,-3.0435,,
1790756439339981794,9.400,map,"nav2_feedback of the target goal (map, AMCL-based estimate)",-6.0086,-1.0003,-3.0435,,
1790756439349862848,9.400,map,"nav2_feedback of the target goal (map, AMCL-based estimate)",-6.0086,-1.0003,-3.0435,,
1790756439359829990,9.417,map,"nav2_feedback of the target goal (map, AMCL-based estimate)",-6.0087,-1.0003,-3.0397,,
1790756439369800754,9.417,map,"nav2_feedback of the target goal (map, AMCL-based estimate)",-6.0087,-1.0003,-3.0397,,
1790756439379683944,9.417,map,"nav2_feedback of the target goal (map, AMCL-based estimate)",-6.0087,-1.0003,-3.0397,,
1790756439389972403,9.417,map,"nav2_feedback of the target goal (map, AMCL-based estimate)",-6.0087,-1.0003,-3.0397,,
1790756439400119705,9.417,map,"nav2_feedback of the target goal (map, AMCL-based estimate)",-6.0087,-1.0003,-3.0397,,
1790756439409975872,9.417,map,"nav2_feedback of the target goal (map, AMCL-based estimate)",-6.0087,-1.0003,-3.0397,,
1790756439419663579,9.433,map,"nav2_feedback of the target goal (map, AMCL-based estimate)",-6.0089,-1.0003,-3.0354,,
1790756439429917956,9.433,map,"nav2_feedback of the target goal (map, AMCL-based estimate)",-6.0089,-1.0003,-3.0354,,
1790756439439778488,9.433,map,"nav2_feedback of the target goal (map, AMCL-based estimate)",-6.0089,-1.0003,-3.0354,,
1790756439450181822,9.433,map,"nav2_feedback of the target goal (map, AMCL-based estimate)",-6.0089,-1.0003,-3.0354,,
1790756439459905190,9.450,map,"nav2_feedback of the target goal (map, AMCL-based estimate)",-6.0091,-1.0004,-3.0304,,
1790756439469763864,9.450,map,"nav2_feedback of the target goal (map, AMCL-based estimate)",-6.0091,-1.0004,-3.0304,,
1790756439479488068,9.450,map,"nav2_feedback of the target goal (map, AMCL-based estimate)",-6.0091,-1.0004,-3.0304,,
1790756439490285247,9.450,map,"nav2_feedback of the target goal (map, AMCL-based estimate)",-6.0091,-1.0004,-3.0304,,
1790756439499706614,9.450,map,"nav2_feedback of the target goal (map, AMCL-based estimate)",-6.0091,-1.0004,-3.0304,,
1790756439510240426,9.450,map,"nav2_feedback of the target goal (map, AMCL-based estimate)",-6.0091,-1.0004,-3.0304,,
1790756439519600687,9.467,map,"nav2_feedback of the target goal (map, AMCL-based estimate)",-6.0093,-1.0004,-3.0247,,
1790756439529926199,9.467,map,"nav2_feedback of the target goal (map, AMCL-based estimate)",-6.0093,-1.0004,-3.0247,,
1790756439539997537,9.467,map,"nav2_feedback of the target goal (map, AMCL-based estimate)",-6.0093,-1.0004,-3.0247,,
1790756439549896143,9.467,map,"nav2_feedback of the target goal (map, AMCL-based estimate)",-6.0093,-1.0004,-3.0247,,
1790756439559753610,9.483,map,"nav2_feedback of the target goal (map, AMCL-based estimate)",-6.0094,-1.0004,-3.0183,,
1790756439569766721,9.483,map,"nav2_feedback of the target goal (map, AMCL-based estimate)",-6.0094,-1.0004,-3.0183,,
1790756439579569025,9.483,map,"nav2_feedback of the target goal (map, AMCL-based estimate)",-6.0094,-1.0004,-3.0183,,
1790756439589980346,9.483,map,"nav2_feedback of the target goal (map, AMCL-based estimate)",-6.0094,-1.0004,-3.0183,,
1790756439599782743,9.483,map,"nav2_feedback of the target goal (map, AMCL-based estimate)",-6.0094,-1.0004,-3.0183,,
1790756439610451860,9.483,map,"nav2_feedback of the target goal (map, AMCL-based estimate)",-6.0094,-1.0004,-3.0183,,
1790756439619726963,9.483,map,"nav2_feedback of the target goal (map, AMCL-based estimate)",-6.0094,-1.0004,-3.0183,,
1790756439629884202,9.500,map,"nav2_feedback of the target goal (map, AMCL-based estimate)",-6.0096,-1.0004,-3.0111,,
1790756439640342698,9.500,map,"nav2_feedback of the target goal (map, AMCL-based estimate)",-6.0096,-1.0004,-3.0111,,
1790756439649811242,9.500,map,"nav2_feedback of the target goal (map, AMCL-based estimate)",-6.0096,-1.0004,-3.0111,,
1790756439659908953,9.500,map,"nav2_feedback of the target goal (map, AMCL-based estimate)",-6.0096,-1.0004,-3.0111,,
1790756439669737074,9.517,map,"nav2_feedback of the target goal (map, AMCL-based estimate)",-6.0098,-1.0005,-3.0032,,
1790756439679799590,9.517,map,"nav2_feedback of the target goal (map, AMCL-based estimate)",-6.0098,-1.0005,-3.0032,,
1790756439692745507,9.517,map,"nav2_feedback of the target goal (map, AMCL-based estimate)",-6.0098,-1.0005,-3.0032,,
1790756439699659952,9.517,map,"nav2_feedback of the target goal (map, AMCL-based estimate)",-6.0098,-1.0005,-3.0032,,
1790756439710337241,9.517,map,"nav2_feedback of the target goal (map, AMCL-based estimate)",-6.0098,-1.0005,-3.0032,,
1790756439719659427,9.517,map,"nav2_feedback of the target goal (map, AMCL-based estimate)",-6.0098,-1.0005,-3.0032,,
1790756439730243293,9.517,map,"nav2_feedback of the target goal (map, AMCL-based estimate)",-6.0098,-1.0005,-3.0032,,
1790756439740047269,9.533,map,"nav2_feedback of the target goal (map, AMCL-based estimate)",-6.0100,-1.0005,-2.9946,,
1790756439749833415,9.533,map,"nav2_feedback of the target goal (map, AMCL-based estimate)",-6.0100,-1.0005,-2.9946,,
1790756439760031050,9.533,map,"nav2_feedback of the target goal (map, AMCL-based estimate)",-6.0100,-1.0005,-2.9946,,
1790756439769608526,9.533,map,"nav2_feedback of the target goal (map, AMCL-based estimate)",-6.0100,-1.0005,-2.9946,,
1790756439779902742,9.550,map,"nav2_feedback of the target goal (map, AMCL-based estimate)",-6.0102,-1.0006,-2.9853,,
1790756439790324464,9.550,map,"nav2_feedback of the target goal (map, AMCL-based estimate)",-6.0102,-1.0006,-2.9853,,
1790756439800017743,9.550,map,"nav2_feedback of the target goal (map, AMCL-based estimate)",-6.0102,-1.0006,-2.9853,,
1790756439809935201,9.550,map,"nav2_feedback of the target goal (map, AMCL-based estimate)",-6.0102,-1.0006,-2.9853,,
1790756439822096864,9.550,map,"nav2_feedback of the target goal (map, AMCL-based estimate)",-6.0102,-1.0006,-2.9853,,
1790756439829717463,9.550,map,"nav2_feedback of the target goal (map, AMCL-based estimate)",-6.0102,-1.0006,-2.9853,,
1790756439840203820,9.567,map,"nav2_feedback of the target goal (map, AMCL-based estimate)",-6.0104,-1.0006,-2.9756,,
1790756439849559809,9.567,map,"nav2_feedback of the target goal (map, AMCL-based estimate)",-6.0104,-1.0006,-2.9756,,
1790756439859860990,9.567,map,"nav2_feedback of the target goal (map, AMCL-based estimate)",-6.0104,-1.0006,-2.9756,,
1790756439869917098,9.567,map,"nav2_feedback of the target goal (map, AMCL-based estimate)",-6.0104,-1.0006,-2.9756,,
1790756439880105540,9.567,map,"nav2_feedback of the target goal (map, AMCL-based estimate)",-6.0104,-1.0006,-2.9756,,
1790756439892497418,9.583,map,"nav2_feedback of the target goal (map, AMCL-based estimate)",-6.0107,-1.0006,-2.9655,,
1790756439899496277,9.583,map,"nav2_feedback of the target goal (map, AMCL-based estimate)",-6.0107,-1.0006,-2.9655,,
1790756439910075779,9.583,map,"nav2_feedback of the target goal (map, AMCL-based estimate)",-6.0107,-1.0006,-2.9655,,
1790756439920138108,9.583,map,"nav2_feedback of the target goal (map, AMCL-based estimate)",-6.0107,-1.0006,-2.9655,,
1790756439930146297,9.583,map,"nav2_feedback of the target goal (map, AMCL-based estimate)",-6.0107,-1.0006,-2.9655,,
1790756439940207605,9.583,map,"nav2_feedback of the target goal (map, AMCL-based estimate)",-6.0107,-1.0006,-2.9655,,
1790756439950027833,9.600,map,"nav2_feedback of the target goal (map, AMCL-based estimate)",-6.0109,-1.0007,-2.9552,,
1790756439959552003,9.600,map,"nav2_feedback of the target goal (map, AMCL-based estimate)",-6.0109,-1.0007,-2.9552,,
1790756439969671073,9.600,map,"nav2_feedback of the target goal (map, AMCL-based estimate)",-6.0109,-1.0007,-2.9552,,
1790756439979855151,9.600,map,"nav2_feedback of the target goal (map, AMCL-based estimate)",-6.0109,-1.0007,-2.9552,,
1790756439990144817,9.617,map,"nav2_feedback of the target goal (map, AMCL-based estimate)",-6.0111,-1.0007,-2.9447,,
1790756439999744673,9.617,map,"nav2_feedback of the target goal (map, AMCL-based estimate)",-6.0111,-1.0007,-2.9447,,
1790756440009609754,9.617,map,"nav2_feedback of the target goal (map, AMCL-based estimate)",-6.0111,-1.0007,-2.9447,,
1790756440019905921,9.617,map,"nav2_feedback of the target goal (map, AMCL-based estimate)",-6.0111,-1.0007,-2.9447,,
1790756440029966950,9.617,map,"nav2_feedback of the target goal (map, AMCL-based estimate)",-6.0111,-1.0007,-2.9447,,
1790756440040056583,9.617,map,"nav2_feedback of the target goal (map, AMCL-based estimate)",-6.0111,-1.0007,-2.9447,,
1790756440049945810,9.633,map,"nav2_feedback of the target goal (map, AMCL-based estimate)",-6.0113,-1.0008,-2.9341,,
1790756440059671221,9.633,map,"nav2_feedback of the target goal (map, AMCL-based estimate)",-6.0113,-1.0008,-2.9341,,
1790756440069763453,9.633,map,"nav2_feedback of the target goal (map, AMCL-based estimate)",-6.0113,-1.0008,-2.9341,,
1790756440079888468,9.633,map,"nav2_feedback of the target goal (map, AMCL-based estimate)",-6.0113,-1.0008,-2.9341,,
1790756440089951540,9.650,map,"nav2_feedback of the target goal (map, AMCL-based estimate)",-6.0115,-1.0008,-2.9232,,
1790756440099969665,9.650,map,"nav2_feedback of the target goal (map, AMCL-based estimate)",-6.0115,-1.0008,-2.9232,,
1790756440109538040,9.650,map,"nav2_feedback of the target goal (map, AMCL-based estimate)",-6.0115,-1.0008,-2.9232,,
1790756440119970534,9.650,map,"nav2_feedback of the target goal (map, AMCL-based estimate)",-6.0115,-1.0008,-2.9232,,
1790756440130378976,9.650,map,"nav2_feedback of the target goal (map, AMCL-based estimate)",-6.0115,-1.0008,-2.9232,,
1790756440140779245,9.650,map,"nav2_feedback of the target goal (map, AMCL-based estimate)",-6.0115,-1.0008,-2.9232,,
1790756440149712786,9.667,map,"nav2_feedback of the target goal (map, AMCL-based estimate)",-6.0116,-1.0009,-2.9123,,
1790756440161817336,9.667,map,"nav2_feedback of the target goal (map, AMCL-based estimate)",-6.0116,-1.0009,-2.9123,,
1790756440169878864,9.667,map,"nav2_feedback of the target goal (map, AMCL-based estimate)",-6.0116,-1.0009,-2.9123,,
1790756440179905347,9.667,map,"nav2_feedback of the target goal (map, AMCL-based estimate)",-6.0116,-1.0009,-2.9123,,
1790756440189846486,9.683,map,"nav2_feedback of the target goal (map, AMCL-based estimate)",-6.0118,-1.0009,-2.9013,,
1790756440199714633,9.683,map,"nav2_feedback of the target goal (map, AMCL-based estimate)",-6.0118,-1.0009,-2.9013,,
1790756440209819124,9.683,map,"nav2_feedback of the target goal (map, AMCL-based estimate)",-6.0118,-1.0009,-2.9013,,
1790756440219850157,9.683,map,"nav2_feedback of the target goal (map, AMCL-based estimate)",-6.0118,-1.0009,-2.9013,,
1790756440229968578,9.683,map,"nav2_feedback of the target goal (map, AMCL-based estimate)",-6.0118,-1.0009,-2.9013,,
1790756440240063504,9.683,map,"nav2_feedback of the target goal (map, AMCL-based estimate)",-6.0118,-1.0009,-2.9013,,
1790756440250159265,9.683,map,"nav2_feedback of the target goal (map, AMCL-based estimate)",-6.0118,-1.0009,-2.9013,,
1790756440259708509,9.700,map,"nav2_feedback of the target goal (map, AMCL-based estimate)",-6.0119,-1.0009,-2.8901,,
1790756440269989446,9.700,map,"nav2_feedback of the target goal (map, AMCL-based estimate)",-6.0119,-1.0009,-2.8901,,
1790756440279741323,9.700,map,"nav2_feedback of the target goal (map, AMCL-based estimate)",-6.0119,-1.0009,-2.8901,,
1790756440289854451,9.700,map,"nav2_feedback of the target goal (map, AMCL-based estimate)",-6.0119,-1.0009,-2.8901,,
1790756440299735506,9.717,map,"nav2_feedback of the target goal (map, AMCL-based estimate)",-6.0121,-1.0010,-2.8789,,
1790756440309945678,9.717,map,"nav2_feedback of the target goal (map, AMCL-based estimate)",-6.0121,-1.0010,-2.8789,,
1790756440319911706,9.717,map,"nav2_feedback of the target goal (map, AMCL-based estimate)",-6.0121,-1.0010,-2.8789,,
1790756440330021954,9.717,map,"nav2_feedback of the target goal (map, AMCL-based estimate)",-6.0121,-1.0010,-2.8789,,
1790756440340565981,9.717,map,"nav2_feedback of the target goal (map, AMCL-based estimate)",-6.0121,-1.0010,-2.8789,,
1790756440349870058,9.717,map,"nav2_feedback of the target goal (map, AMCL-based estimate)",-6.0121,-1.0010,-2.8789,,
1790756440359703565,9.733,map,"nav2_feedback of the target goal (map, AMCL-based estimate)",-6.0122,-1.0010,-2.8678,,
1790756440369737849,9.733,map,"nav2_feedback of the target goal (map, AMCL-based estimate)",-6.0122,-1.0010,-2.8678,,
1790756440379848283,9.733,map,"nav2_feedback of the target goal (map, AMCL-based estimate)",-6.0122,-1.0010,-2.8678,,
1790756440390178625,9.733,map,"nav2_feedback of the target goal (map, AMCL-based estimate)",-6.0122,-1.0010,-2.8678,,
1790756440399899764,9.750,map,"nav2_feedback of the target goal (map, AMCL-based estimate)",-6.0122,-1.0010,-2.8569,,
1790756440409872849,9.750,map,"nav2_feedback of the target goal (map, AMCL-based estimate)",-6.0122,-1.0010,-2.8569,,
1790756440419827082,9.750,map,"nav2_feedback of the target goal (map, AMCL-based estimate)",-6.0122,-1.0010,-2.8569,,
1790756440430163924,9.750,map,"nav2_feedback of the target goal (map, AMCL-based estimate)",-6.0122,-1.0010,-2.8569,,
1790756440440076554,9.750,map,"nav2_feedback of the target goal (map, AMCL-based estimate)",-6.0122,-1.0010,-2.8569,,
1790756440449906997,9.750,map,"nav2_feedback of the target goal (map, AMCL-based estimate)",-6.0122,-1.0010,-2.8569,,
1790756440459841635,9.767,map,"nav2_feedback of the target goal (map, AMCL-based estimate)",-6.0123,-1.0010,-2.8461,,
1790756440469774138,9.767,map,"nav2_feedback of the target goal (map, AMCL-based estimate)",-6.0123,-1.0010,-2.8461,,
1790756440479658629,9.767,map,"nav2_feedback of the target goal (map, AMCL-based estimate)",-6.0123,-1.0010,-2.8461,,
1790756440489960739,9.767,map,"nav2_feedback of the target goal (map, AMCL-based estimate)",-6.0123,-1.0010,-2.8461,,
1790756440499753663,9.767,map,"nav2_feedback of the target goal (map, AMCL-based estimate)",-6.0123,-1.0010,-2.8461,,
1790756440509795748,9.783,map,"nav2_feedback of the target goal (map, AMCL-based estimate)",-6.0123,-1.0011,-2.8356,,
1790756440521615385,9.783,map,"nav2_feedback of the target goal (map, AMCL-based estimate)",-6.0123,-1.0011,-2.8356,,
1790756440529882332,9.783,map,"nav2_feedback of the target goal (map, AMCL-based estimate)",-6.0123,-1.0011,-2.8356,,
1790756440540475392,9.783,map,"nav2_feedback of the target goal (map, AMCL-based estimate)",-6.0123,-1.0011,-2.8356,,
1790756440549838068,9.783,map,"nav2_feedback of the target goal (map, AMCL-based estimate)",-6.0123,-1.0011,-2.8356,,
1790756440559605083,9.800,map,"nav2_feedback of the target goal (map, AMCL-based estimate)",-6.0123,-1.0011,-2.8251,,
1790756440569711617,9.800,map,"nav2_feedback of the target goal (map, AMCL-based estimate)",-6.0123,-1.0011,-2.8251,,
1790756440580052081,9.800,map,"nav2_feedback of the target goal (map, AMCL-based estimate)",-6.0123,-1.0011,-2.8251,,
1790756440589957745,9.800,map,"nav2_feedback of the target goal (map, AMCL-based estimate)",-6.0123,-1.0011,-2.8251,,
1790756440599810568,9.817,map,"nav2_feedback of the target goal (map, AMCL-based estimate)",-6.0123,-1.0011,-2.8147,,
1790756440610096798,9.817,map,"nav2_feedback of the target goal (map, AMCL-based estimate)",-6.0123,-1.0011,-2.8147,,
1790756440619713463,9.817,map,"nav2_feedback of the target goal (map, AMCL-based estimate)",-6.0123,-1.0011,-2.8147,,
1790756440629876924,9.817,map,"nav2_feedback of the target goal (map, AMCL-based estimate)",-6.0123,-1.0011,-2.8147,,
1790756440639970085,9.817,map,"nav2_feedback of the target goal (map, AMCL-based estimate)",-6.0123,-1.0011,-2.8147,,
1790756440649596965,9.817,map,"nav2_feedback of the target goal (map, AMCL-based estimate)",-6.0123,-1.0011,-2.8147,,
1790756440659848556,9.833,map,"nav2_feedback of the target goal (map, AMCL-based estimate)",-6.0123,-1.0010,-2.8044,,
1790756440669730168,9.833,map,"nav2_feedback of the target goal (map, AMCL-based estimate)",-6.0123,-1.0010,-2.8044,,
1790756440680008783,9.833,map,"nav2_feedback of the target goal (map, AMCL-based estimate)",-6.0123,-1.0010,-2.8044,,
1790756440690281733,9.833,map,"nav2_feedback of the target goal (map, AMCL-based estimate)",-6.0123,-1.0010,-2.8044,,
1790756440699571416,9.850,map,"nav2_feedback of the target goal (map, AMCL-based estimate)",-6.0122,-1.0010,-2.7940,,
1790756440709905844,9.850,map,"nav2_feedback of the target goal (map, AMCL-based estimate)",-6.0122,-1.0010,-2.7940,,
1790756440719572099,9.850,map,"nav2_feedback of the target goal (map, AMCL-based estimate)",-6.0122,-1.0010,-2.7940,,
1790756440730026881,9.850,map,"nav2_feedback of the target goal (map, AMCL-based estimate)",-6.0122,-1.0010,-2.7940,,
1790756440740143259,9.850,map,"nav2_feedback of the target goal (map, AMCL-based estimate)",-6.0122,-1.0010,-2.7940,,
1790756440749849539,9.850,map,"nav2_feedback of the target goal (map, AMCL-based estimate)",-6.0122,-1.0010,-2.7940,,
1790756440759680168,9.850,map,"nav2_feedback of the target goal (map, AMCL-based estimate)",-6.0122,-1.0010,-2.7940,,
1790756440769563544,9.867,map,"nav2_feedback of the target goal (map, AMCL-based estimate)",-6.0121,-1.0010,-2.7838,,
1790756440779884320,9.867,map,"nav2_feedback of the target goal (map, AMCL-based estimate)",-6.0121,-1.0010,-2.7838,,
1790756440791826354,9.867,map,"nav2_feedback of the target goal (map, AMCL-based estimate)",-6.0121,-1.0010,-2.7838,,
1790756440799693234,9.883,map,"nav2_feedback of the target goal (map, AMCL-based estimate)",-6.0120,-1.0010,-2.7735,,
1790756440809999616,9.883,map,"nav2_feedback of the target goal (map, AMCL-based estimate)",-6.0120,-1.0010,-2.7735,,
1790756440819615724,9.883,map,"nav2_feedback of the target goal (map, AMCL-based estimate)",-6.0120,-1.0010,-2.7735,,
1790756440830330624,9.883,map,"nav2_feedback of the target goal (map, AMCL-based estimate)",-6.0120,-1.0010,-2.7735,,
1790756440841147770,9.883,map,"nav2_feedback of the target goal (map, AMCL-based estimate)",-6.0120,-1.0010,-2.7735,,
1790756440849658491,9.883,map,"nav2_feedback of the target goal (map, AMCL-based estimate)",-6.0120,-1.0010,-2.7735,,
1790756440860063126,9.883,map,"nav2_feedback of the target goal (map, AMCL-based estimate)",-6.0120,-1.0010,-2.7735,,
1790756440869926443,9.900,map,"nav2_feedback of the target goal (map, AMCL-based estimate)",-6.0119,-1.0009,-2.7632,,
1790756440879739056,9.900,map,"nav2_feedback of the target goal (map, AMCL-based estimate)",-6.0119,-1.0009,-2.7632,,
1790756440890077198,9.900,map,"nav2_feedback of the target goal (map, AMCL-based estimate)",-6.0119,-1.0009,-2.7632,,
1790756440899777999,9.917,map,"nav2_feedback of the target goal (map, AMCL-based estimate)",-6.0118,-1.0009,-2.7532,,
1790756440909751920,9.917,map,"nav2_feedback of the target goal (map, AMCL-based estimate)",-6.0118,-1.0009,-2.7532,,
1790756440919580041,9.917,map,"nav2_feedback of the target goal (map, AMCL-based estimate)",-6.0118,-1.0009,-2.7532,,
1790756440930131961,9.917,map,"nav2_feedback of the target goal (map, AMCL-based estimate)",-6.0118,-1.0009,-2.7532,,
1790756440940022117,9.917,map,"nav2_feedback of the target goal (map, AMCL-based estimate)",-6.0118,-1.0009,-2.7532,,
1790756440949898250,9.917,map,"nav2_feedback of the target goal (map, AMCL-based estimate)",-6.0118,-1.0009,-2.7532,,
1790756440959734915,9.917,map,"nav2_feedback of the target goal (map, AMCL-based estimate)",-6.0118,-1.0009,-2.7532,,
1790756440969864015,9.933,map,"nav2_feedback of the target goal (map, AMCL-based estimate)",-6.0117,-1.0008,-2.7434,,
1790756440980306725,9.933,map,"nav2_feedback of the target goal (map, AMCL-based estimate)",-6.0117,-1.0008,-2.7434,,
1790756440989998054,9.933,map,"nav2_feedback of the target goal (map, AMCL-based estimate)",-6.0117,-1.0008,-2.7434,,
1790756440999678332,9.933,map,"nav2_feedback of the target goal (map, AMCL-based estimate)",-6.0117,-1.0008,-2.7434,,
1790756441009970598,9.950,map,"nav2_feedback of the target goal (map, AMCL-based estimate)",-6.0116,-1.0008,-2.7338,,
1790756441019923438,9.950,map,"nav2_feedback of the target goal (map, AMCL-based estimate)",-6.0116,-1.0008,-2.7338,,
1790756441029931720,9.950,map,"nav2_feedback of the target goal (map, AMCL-based estimate)",-6.0116,-1.0008,-2.7338,,
1790756441040431264,9.950,map,"nav2_feedback of the target goal (map, AMCL-based estimate)",-6.0116,-1.0008,-2.7338,,
1790756441051782947,9.950,map,"nav2_feedback of the target goal (map, AMCL-based estimate)",-6.0116,-1.0008,-2.7338,,
1790756441059708426,9.950,map,"nav2_feedback of the target goal (map, AMCL-based estimate)",-6.0116,-1.0008,-2.7338,,
1790756441069609818,9.967,map,"nav2_feedback of the target goal (map, AMCL-based estimate)",-6.0115,-1.0007,-2.7245,,
1790756441079752849,9.967,map,"nav2_feedback of the target goal (map, AMCL-based estimate)",-6.0115,-1.0007,-2.7245,,
1790756441089978530,9.967,map,"nav2_feedback of the target goal (map, AMCL-based estimate)",-6.0115,-1.0007,-2.7245,,
1790756441099577736,9.967,map,"nav2_feedback of the target goal (map, AMCL-based estimate)",-6.0115,-1.0007,-2.7245,,
1790756441109798031,9.983,map,"nav2_feedback of the target goal (map, AMCL-based estimate)",-6.0114,-1.0007,-2.7153,,
1790756441119623180,9.983,map,"nav2_feedback of the target goal (map, AMCL-based estimate)",-6.0114,-1.0007,-2.7153,,
1790756441129781719,9.983,map,"nav2_feedback of the target goal (map, AMCL-based estimate)",-6.0114,-1.0007,-2.7153,,
1790756441139930879,9.983,map,"nav2_feedback of the target goal (map, AMCL-based estimate)",-6.0114,-1.0007,-2.7153,,
1790756441149820848,9.983,map,"nav2_feedback of the target goal (map, AMCL-based estimate)",-6.0114,-1.0007,-2.7153,,
1790756441159650455,9.983,map,"nav2_feedback of the target goal (map, AMCL-based estimate)",-6.0114,-1.0007,-2.7153,,
1790756441169551755,10.000,map,"nav2_feedback of the target goal (map, AMCL-based estimate)",-6.0112,-1.0006,-2.7062,,
1790756441180132278,10.000,map,"nav2_feedback of the target goal (map, AMCL-based estimate)",-6.0112,-1.0006,-2.7062,,
1790756441189731855,10.000,map,"nav2_feedback of the target goal (map, AMCL-based estimate)",-6.0112,-1.0006,-2.7062,,
1790756441199725464,10.000,map,"nav2_feedback of the target goal (map, AMCL-based estimate)",-6.0112,-1.0006,-2.7062,,
1790756441209974083,10.017,map,"nav2_feedback of the target goal (map, AMCL-based estimate)",-6.0111,-1.0006,-2.6972,,
1790756441219955991,10.017,map,"nav2_feedback of the target goal (map, AMCL-based estimate)",-6.0111,-1.0006,-2.6972,,
1790756441229906788,10.017,map,"nav2_feedback of the target goal (map, AMCL-based estimate)",-6.0111,-1.0006,-2.6972,,
1790756441239845327,10.017,map,"nav2_feedback of the target goal (map, AMCL-based estimate)",-6.0111,-1.0006,-2.6972,,
1790756441250267699,10.017,map,"nav2_feedback of the target goal (map, AMCL-based estimate)",-6.0111,-1.0006,-2.6972,,
1790756441259549024,10.017,map,"nav2_feedback of the target goal (map, AMCL-based estimate)",-6.0111,-1.0006,-2.6972,,
1790756441269869521,10.017,map,"nav2_feedback of the target goal (map, AMCL-based estimate)",-6.0111,-1.0006,-2.6972,,
1790756441279523425,10.017,map,"nav2_feedback of the target goal (map, AMCL-based estimate)",-6.0111,-1.0006,-2.6972,,
1790756441289936975,10.033,map,"nav2_feedback of the target goal (map, AMCL-based estimate)",-6.0110,-1.0005,-2.6882,,
1790756441299793327,10.033,map,"nav2_feedback of the target goal (map, AMCL-based estimate)",-6.0110,-1.0005,-2.6882,,
1790756441309916020,10.033,map,"nav2_feedback of the target goal (map, AMCL-based estimate)",-6.0110,-1.0005,-2.6882,,
1790756441319829856,10.033,map,"nav2_feedback of the target goal (map, AMCL-based estimate)",-6.0110,-1.0005,-2.6882,,
1790756441329935740,10.050,map,"nav2_feedback of the target goal (map, AMCL-based estimate)",-6.0108,-1.0004,-2.6793,,
1790756441340294684,10.050,map,"nav2_feedback of the target goal (map, AMCL-based estimate)",-6.0108,-1.0004,-2.6793,,
1790756441349638972,10.050,map,"nav2_feedback of the target goal (map, AMCL-based estimate)",-6.0108,-1.0004,-2.6793,,
1790756441359599149,10.050,map,"nav2_feedback of the target goal (map, AMCL-based estimate)",-6.0108,-1.0004,-2.6793,,
1790756441370023378,10.050,map,"nav2_feedback of the target goal (map, AMCL-based estimate)",-6.0108,-1.0004,-2.6793,,
1790756441379668367,10.050,map,"nav2_feedback of the target goal (map, AMCL-based estimate)",-6.0108,-1.0004,-2.6793,,
1790756441390058236,10.067,map,"nav2_feedback of the target goal (map, AMCL-based estimate)",-6.0107,-1.0004,-2.6704,,
1790756441399908923,10.067,map,"nav2_feedback of the target goal (map, AMCL-based estimate)",-6.0107,-1.0004,-2.6704,,
1790756441409952773,10.067,map,"nav2_feedback of the target goal (map, AMCL-based estimate)",-6.0107,-1.0004,-2.6704,,
1790756441419612620,10.067,map,"nav2_feedback of the target goal (map, AMCL-based estimate)",-6.0107,-1.0004,-2.6704,,
1790756441429646068,10.083,map,"nav2_feedback of the target goal (map, AMCL-based estimate)",-6.0106,-1.0003,-2.6615,,
1790756441440076612,10.083,map,"nav2_feedback of the target goal (map, AMCL-based estimate)",-6.0106,-1.0003,-2.6615,,
1790756441450371665,10.083,map,"nav2_feedback of the target goal (map, AMCL-based estimate)",-6.0106,-1.0003,-2.6615,,
1790756441460095868,10.083,map,"nav2_feedback of the target goal (map, AMCL-based estimate)",-6.0106,-1.0003,-2.6615,,
1790756441469849047,10.083,map,"nav2_feedback of the target goal (map, AMCL-based estimate)",-6.0106,-1.0003,-2.6615,,
1790756441479746817,10.083,map,"nav2_feedback of the target goal (map, AMCL-based estimate)",-6.0106,-1.0003,-2.6615,,
1790756441490165846,10.100,map,"nav2_feedback of the target goal (map, AMCL-based estimate)",-6.0104,-1.0002,-2.6527,,
1790756441499898222,10.100,map,"nav2_feedback of the target goal (map, AMCL-based estimate)",-6.0104,-1.0002,-2.6527,,
1790756441509755039,10.100,map,"nav2_feedback of the target goal (map, AMCL-based estimate)",-6.0104,-1.0002,-2.6527,,
1790756441519803438,10.117,map,"nav2_feedback of the target goal (map, AMCL-based estimate)",-6.0103,-1.0001,-2.6443,,
1790756441529768908,10.117,map,"nav2_feedback of the target goal (map, AMCL-based estimate)",-6.0103,-1.0001,-2.6443,,
1790756441541976911,10.117,map,"nav2_feedback of the target goal (map, AMCL-based estimate)",-6.0103,-1.0001,-2.6443,,
1790756441549469448,10.117,map,"nav2_feedback of the target goal (map, AMCL-based estimate)",-6.0103,-1.0001,-2.6443,,
1790756441559889219,10.117,map,"nav2_feedback of the target goal (map, AMCL-based estimate)",-6.0103,-1.0001,-2.6443,,
1790756441570211853,10.117,map,"nav2_feedback of the target goal (map, AMCL-based estimate)",-6.0103,-1.0001,-2.6443,,
1790756441580019543,10.117,map,"nav2_feedback of the target goal (map, AMCL-based estimate)",-6.0103,-1.0001,-2.6443,,
1790756441589951767,10.133,map,"nav2_feedback of the target goal (map, AMCL-based estimate)",-6.0101,-1.0001,-2.6361,,
1790756441600951767,10.133,map,"nav2_feedback of the target goal (map, AMCL-based estimate)",-6.0101,-1.0001,-2.6361,,
1790756441609618132,10.133,map,"nav2_feedback of the target goal (map, AMCL-based estimate)",-6.0101,-1.0001,-2.6361,,
1790756441619853112,10.133,map,"nav2_feedback of the target goal (map, AMCL-based estimate)",-6.0101,-1.0001,-2.6361,,
1790756441630098540,10.150,map,"nav2_feedback of the target goal (map, AMCL-based estimate)",-6.0100,-1.0000,-2.6282,,
1790756441640144876,10.150,map,"nav2_feedback of the target goal (map, AMCL-based estimate)",-6.0100,-1.0000,-2.6282,,
1790756441649779893,10.150,map,"nav2_feedback of the target goal (map, AMCL-based estimate)",-6.0100,-1.0000,-2.6282,,
1790756441659568780,10.150,map,"nav2_feedback of the target goal (map, AMCL-based estimate)",-6.0100,-1.0000,-2.6282,,
1790756441669839915,10.150,map,"nav2_feedback of the target goal (map, AMCL-based estimate)",-6.0100,-1.0000,-2.6282,,
1790756441680429109,10.150,map,"nav2_feedback of the target goal (map, AMCL-based estimate)",-6.0100,-1.0000,-2.6282,,
1790756441689940750,10.167,map,"nav2_feedback of the target goal (map, AMCL-based estimate)",-6.0099,-0.9999,-2.6203,,
1790756441699710591,10.167,map,"nav2_feedback of the target goal (map, AMCL-based estimate)",-6.0099,-0.9999,-2.6203,,
1790756441709713862,10.167,map,"nav2_feedback of the target goal (map, AMCL-based estimate)",-6.0099,-0.9999,-2.6203,,
1790756441720011174,10.167,map,"nav2_feedback of the target goal (map, AMCL-based estimate)",-6.0099,-0.9999,-2.6203,,
1790756441729996806,10.183,map,"nav2_feedback of the target goal (map, AMCL-based estimate)",-6.0097,-0.9998,-2.6125,,
1790756441739882893,10.183,map,"nav2_feedback of the target goal (map, AMCL-based estimate)",-6.0097,-0.9998,-2.6125,,
1790756441749562571,10.183,map,"nav2_feedback of the target goal (map, AMCL-based estimate)",-6.0097,-0.9998,-2.6125,,
1790756441759565936,10.183,map,"nav2_feedback of the target goal (map, AMCL-based estimate)",-6.0097,-0.9998,-2.6125,,
1790756441770253080,10.183,map,"nav2_feedback of the target goal (map, AMCL-based estimate)",-6.0097,-0.9998,-2.6125,,
1790756441780393051,10.183,map,"nav2_feedback of the target goal (map, AMCL-based estimate)",-6.0097,-0.9998,-2.6125,,
1790756441789836014,10.183,map,"nav2_feedback of the target goal (map, AMCL-based estimate)",-6.0097,-0.9998,-2.6125,,
1790756441799910309,10.200,map,"nav2_feedback of the target goal (map, AMCL-based estimate)",-6.0096,-0.9998,-2.6048,,
1790756441809710736,10.200,map,"nav2_feedback of the target goal (map, AMCL-based estimate)",-6.0096,-0.9998,-2.6048,,
1790756441819637073,10.200,map,"nav2_feedback of the target goal (map, AMCL-based estimate)",-6.0096,-0.9998,-2.6048,,
1790756441829786145,10.217,map,"nav2_feedback of the target goal (map, AMCL-based estimate)",-6.0095,-0.9997,-2.5972,,
1790756441840046209,10.217,map,"nav2_feedback of the target goal (map, AMCL-based estimate)",-6.0095,-0.9997,-2.5972,,
1790756441849842601,10.217,map,"nav2_feedback of the target goal (map, AMCL-based estimate)",-6.0095,-0.9997,-2.5972,,
1790756441859672770,10.217,map,"nav2_feedback of the target goal (map, AMCL-based estimate)",-6.0095,-0.9997,-2.5972,,
1790756441870647105,10.217,map,"nav2_feedback of the target goal (map, AMCL-based estimate)",-6.0095,-0.9997,-2.5972,,
1790756441879691979,10.217,map,"nav2_feedback of the target goal (map, AMCL-based estimate)",-6.0095,-0.9997,-2.5972,,
1790756441889613156,10.217,map,"nav2_feedback of the target goal (map, AMCL-based estimate)",-6.0095,-0.9997,-2.5972,,
1790756441899828372,10.233,map,"nav2_feedback of the target goal (map, AMCL-based estimate)",-6.0093,-0.9996,-2.5896,,
1790756441909920400,10.233,map,"nav2_feedback of the target goal (map, AMCL-based estimate)",-6.0093,-0.9996,-2.5896,,
1790756441919714635,10.233,map,"nav2_feedback of the target goal (map, AMCL-based estimate)",-6.0093,-0.9996,-2.5896,,
1790756441929742019,10.233,map,"nav2_feedback of the target goal (map, AMCL-based estimate)",-6.0093,-0.9996,-2.5896,,
1790756441940260282,10.250,map,"nav2_feedback of the target goal (map, AMCL-based estimate)",-6.0092,-0.9995,-2.5820,,
1790756441949737678,10.250,map,"nav2_feedback of the target goal (map, AMCL-based estimate)",-6.0092,-0.9995,-2.5820,,
1790756441959622170,10.250,map,"nav2_feedback of the target goal (map, AMCL-based estimate)",-6.0092,-0.9995,-2.5820,,
1790756441970159011,10.250,map,"nav2_feedback of the target goal (map, AMCL-based estimate)",-6.0092,-0.9995,-2.5820,,
1790756441979576360,10.250,map,"nav2_feedback of the target goal (map, AMCL-based estimate)",-6.0092,-0.9995,-2.5820,,
1790756441990105319,10.250,map,"nav2_feedback of the target goal (map, AMCL-based estimate)",-6.0092,-0.9995,-2.5820,,
1790756441999984276,10.250,map,"nav2_feedback of the target goal (map, AMCL-based estimate)",-6.0092,-0.9995,-2.5820,,
1790756442009859198,10.267,map,"nav2_feedback of the target goal (map, AMCL-based estimate)",-6.0091,-0.9994,-2.5744,,
1790756442019858154,10.267,map,"nav2_feedback of the target goal (map, AMCL-based estimate)",-6.0091,-0.9994,-2.5744,,
1790756442029855514,10.267,map,"nav2_feedback of the target goal (map, AMCL-based estimate)",-6.0091,-0.9994,-2.5744,,
1790756442040262880,10.267,map,"nav2_feedback of the target goal (map, AMCL-based estimate)",-6.0091,-0.9994,-2.5744,,
1790756442050117348,10.267,map,"nav2_feedback of the target goal (map, AMCL-based estimate)",-6.0091,-0.9994,-2.5744,,
1790756442059763531,10.283,map,"nav2_feedback of the target goal (map, AMCL-based estimate)",-6.0089,-0.9994,-2.5668,,
1790756442069898623,10.283,map,"nav2_feedback of the target goal (map, AMCL-based estimate)",-6.0089,-0.9994,-2.5668,,
1790756442079623898,10.283,map,"nav2_feedback of the target goal (map, AMCL-based estimate)",-6.0089,-0.9994,-2.5668,,
1790756442090090466,10.283,map,"nav2_feedback of the target goal (map, AMCL-based estimate)",-6.0089,-0.9994,-2.5668,,
1790756442100056959,10.283,map,"nav2_feedback of the target goal (map, AMCL-based estimate)",-6.0089,-0.9994,-2.5668,,
1790756442109778387,10.300,map,"nav2_feedback of the target goal (map, AMCL-based estimate)",-6.0088,-0.9993,-2.5594,,
1790756442119687273,10.300,map,"nav2_feedback of the target goal (map, AMCL-based estimate)",-6.0088,-0.9993,-2.5594,,
1790756442129568388,10.300,map,"nav2_feedback of the target goal (map, AMCL-based estimate)",-6.0088,-0.9993,-2.5594,,
1790756442140433607,10.300,map,"nav2_feedback of the target goal (map, AMCL-based estimate)",-6.0088,-0.9993,-2.5594,,
1790756442149558042,10.317,map,"nav2_feedback of the target goal (map, AMCL-based estimate)",-6.0087,-0.9992,-2.5522,,
1790756442159539922,10.317,map,"nav2_feedback of the target goal (map, AMCL-based estimate)",-6.0087,-0.9992,-2.5522,,
1790756442169724365,10.317,map,"nav2_feedback of the target goal (map, AMCL-based estimate)",-6.0087,-0.9992,-2.5522,,
1790756442179553408,10.317,map,"nav2_feedback of the target goal (map, AMCL-based estimate)",-6.0087,-0.9992,-2.5522,,
1790756442190599987,10.317,map,"nav2_feedback of the target goal (map, AMCL-based estimate)",-6.0087,-0.9992,-2.5522,,
1790756442199886360,10.317,map,"nav2_feedback of the target goal (map, AMCL-based estimate)",-6.0087,-0.9992,-2.5522,,
1790756442209784362,10.333,map,"nav2_feedback of the target goal (map, AMCL-based estimate)",-6.0085,-0.9991,-2.5454,,
1790756442219803208,10.333,map,"nav2_feedback of the target goal (map, AMCL-based estimate)",-6.0085,-0.9991,-2.5454,,
1790756442229654956,10.333,map,"nav2_feedback of the target goal (map, AMCL-based estimate)",-6.0085,-0.9991,-2.5454,,
1790756442241744092,10.333,map,"nav2_feedback of the target goal (map, AMCL-based estimate)",-6.0085,-0.9991,-2.5454,,
1790756442249613556,10.350,map,"nav2_feedback of the target goal (map, AMCL-based estimate)",-6.0084,-0.9990,-2.5387,,
1790756442259681471,10.350,map,"nav2_feedback of the target goal (map, AMCL-based estimate)",-6.0084,-0.9990,-2.5387,,
1790756442269581725,10.350,map,"nav2_feedback of the target goal (map, AMCL-based estimate)",-6.0084,-0.9990,-2.5387,,
1790756442279554973,10.350,map,"nav2_feedback of the target goal (map, AMCL-based estimate)",-6.0084,-0.9990,-2.5387,,
1790756442290207309,10.350,map,"nav2_feedback of the target goal (map, AMCL-based estimate)",-6.0084,-0.9990,-2.5387,,
1790756442299906127,10.350,map,"nav2_feedback of the target goal (map, AMCL-based estimate)",-6.0084,-0.9990,-2.5387,,
1790756442310126597,10.367,map,"nav2_feedback of the target goal (map, AMCL-based estimate)",-6.0083,-0.9989,-2.5321,,
1790756442319839676,10.367,map,"nav2_feedback of the target goal (map, AMCL-based estimate)",-6.0083,-0.9989,-2.5321,,
1790756442329920069,10.367,map,"nav2_feedback of the target goal (map, AMCL-based estimate)",-6.0083,-0.9989,-2.5321,,
1790756442340084059,10.367,map,"nav2_feedback of the target goal (map, AMCL-based estimate)",-6.0083,-0.9989,-2.5321,,
1790756442349771805,10.383,map,"nav2_feedback of the target goal (map, AMCL-based estimate)",-6.0081,-0.9988,-2.5257,,
1790756442359913089,10.383,map,"nav2_feedback of the target goal (map, AMCL-based estimate)",-6.0081,-0.9988,-2.5257,,
1790756442369804430,10.383,map,"nav2_feedback of the target goal (map, AMCL-based estimate)",-6.0081,-0.9988,-2.5257,,
1790756442380283476,10.383,map,"nav2_feedback of the target goal (map, AMCL-based estimate)",-6.0081,-0.9988,-2.5257,,
1790756442390287217,10.383,map,"nav2_feedback of the target goal (map, AMCL-based estimate)",-6.0081,-0.9988,-2.5257,,
1790756442399795949,10.383,map,"nav2_feedback of the target goal (map, AMCL-based estimate)",-6.0081,-0.9988,-2.5257,,
1790756442409900643,10.383,map,"nav2_feedback of the target goal (map, AMCL-based estimate)",-6.0081,-0.9988,-2.5257,,
1790756442419714393,10.400,map,"nav2_feedback of the target goal (map, AMCL-based estimate)",-6.0080,-0.9987,-2.5191,,
1790756442430013487,10.400,map,"nav2_feedback of the target goal (map, AMCL-based estimate)",-6.0080,-0.9987,-2.5191,,
1790756442440451344,10.400,map,"nav2_feedback of the target goal (map, AMCL-based estimate)",-6.0080,-0.9987,-2.5191,,
1790756442449789414,10.400,map,"nav2_feedback of the target goal (map, AMCL-based estimate)",-6.0080,-0.9987,-2.5191,,
1790756442459793717,10.417,map,"nav2_feedback of the target goal (map, AMCL-based estimate)",-6.0078,-0.9986,-2.5123,,
1790756442469635708,10.417,map,"nav2_feedback of the target goal (map, AMCL-based estimate)",-6.0078,-0.9986,-2.5123,,
1790756442479677915,10.417,map,"nav2_feedback of the target goal (map, AMCL-based estimate)",-6.0078,-0.9986,-2.5123,,
1790756442489909176,10.417,map,"nav2_feedback of the target goal (map, AMCL-based estimate)",-6.0078,-0.9986,-2.5123,,
1790756442501498237,10.417,map,"nav2_feedback of the target goal (map, AMCL-based estimate)",-6.0078,-0.9986,-2.5123,,
1790756442509867400,10.417,map,"nav2_feedback of the target goal (map, AMCL-based estimate)",-6.0078,-0.9986,-2.5123,,
1790756442519623824,10.433,map,"nav2_feedback of the target goal (map, AMCL-based estimate)",-6.0077,-0.9985,-2.5050,,
1790756442529876101,10.433,map,"nav2_feedback of the target goal (map, AMCL-based estimate)",-6.0077,-0.9985,-2.5050,,
1790756442540203060,10.433,map,"nav2_feedback of the target goal (map, AMCL-based estimate)",-6.0077,-0.9985,-2.5050,,
1790756442549951697,10.433,map,"nav2_feedback of the target goal (map, AMCL-based estimate)",-6.0077,-0.9985,-2.5050,,
1790756442559671718,10.450,map,"nav2_feedback of the target goal (map, AMCL-based estimate)",-6.0076,-0.9984,-2.4972,,
1790756442569937881,10.450,map,"nav2_feedback of the target goal (map, AMCL-based estimate)",-6.0076,-0.9984,-2.4972,,
1790756442579635196,10.450,map,"nav2_feedback of the target goal (map, AMCL-based estimate)",-6.0076,-0.9984,-2.4972,,
1790756442590182358,10.450,map,"nav2_feedback of the target goal (map, AMCL-based estimate)",-6.0076,-0.9984,-2.4972,,
1790756442599599707,10.450,map,"nav2_feedback of the target goal (map, AMCL-based estimate)",-6.0076,-0.9984,-2.4972,,
1790756442610204756,10.450,map,"nav2_feedback of the target goal (map, AMCL-based estimate)",-6.0076,-0.9984,-2.4972,,
1790756442619820071,10.467,map,"nav2_feedback of the target goal (map, AMCL-based estimate)",-6.0074,-0.9983,-2.4888,,
1790756442632448968,10.467,map,"nav2_feedback of the target goal (map, AMCL-based estimate)",-6.0074,-0.9983,-2.4888,,
1790756442639942767,10.467,map,"nav2_feedback of the target goal (map, AMCL-based estimate)",-6.0074,-0.9983,-2.4888,,
1790756442650095028,10.467,map,"nav2_feedback of the target goal (map, AMCL-based estimate)",-6.0074,-0.9983,-2.4888,,
1790756442659541087,10.483,map,"nav2_feedback of the target goal (map, AMCL-based estimate)",-6.0073,-0.9982,-2.4798,,
1790756442669959805,10.483,map,"nav2_feedback of the target goal (map, AMCL-based estimate)",-6.0073,-0.9982,-2.4798,,
1790756442679986251,10.483,map,"nav2_feedback of the target goal (map, AMCL-based estimate)",-6.0073,-0.9982,-2.4798,,
1790756442690315274,10.483,map,"nav2_feedback of the target goal (map, AMCL-based estimate)",-6.0073,-0.9982,-2.4798,,
1790756442700088399,10.483,map,"nav2_feedback of the target goal (map, AMCL-based estimate)",-6.0073,-0.9982,-2.4798,,
1790756442709917067,10.483,map,"nav2_feedback of the target goal (map, AMCL-based estimate)",-6.0073,-0.9982,-2.4798,,
1790756442719661200,10.500,map,"nav2_feedback of the target goal (map, AMCL-based estimate)",-6.0071,-0.9981,-2.4701,,
1790756442729893586,10.500,map,"nav2_feedback of the target goal (map, AMCL-based estimate)",-6.0071,-0.9981,-2.4701,,
1790756442739877249,10.500,map,"nav2_feedback of the target goal (map, AMCL-based estimate)",-6.0071,-0.9981,-2.4701,,
1790756442749793453,10.500,map,"nav2_feedback of the target goal (map, AMCL-based estimate)",-6.0071,-0.9981,-2.4701,,
1790756442759656835,10.517,map,"nav2_feedback of the target goal (map, AMCL-based estimate)",-6.0070,-0.9979,-2.4600,,
1790756442769902544,10.517,map,"nav2_feedback of the target goal (map, AMCL-based estimate)",-6.0070,-0.9979,-2.4600,,
1790756442779530525,10.517,map,"nav2_feedback of the target goal (map, AMCL-based estimate)",-6.0070,-0.9979,-2.4600,,
1790756442789857484,10.517,map,"nav2_feedback of the target goal (map, AMCL-based estimate)",-6.0070,-0.9979,-2.4600,,
1790756442799842179,10.517,map,"nav2_feedback of the target goal (map, AMCL-based estimate)",-6.0070,-0.9979,-2.4600,,
1790756442809856803,10.517,map,"nav2_feedback of the target goal (map, AMCL-based estimate)",-6.0070,-0.9979,-2.4600,,
1790756442819528881,10.517,map,"nav2_feedback of the target goal (map, AMCL-based estimate)",-6.0070,-0.9979,-2.4600,,
1790756442830028567,10.533,map,"nav2_feedback of the target goal (map, AMCL-based estimate)",-6.0068,-0.9978,-2.4496,,
1790756442839787712,10.533,map,"nav2_feedback of the target goal (map, AMCL-based estimate)",-6.0068,-0.9978,-2.4496,,
1790756442849594050,10.533,map,"nav2_feedback of the target goal (map, AMCL-based estimate)",-6.0068,-0.9978,-2.4496,,
1790756442859582873,10.533,map,"nav2_feedback of the target goal (map, AMCL-based estimate)",-6.0068,-0.9978,-2.4496,,
1790756442869499546,10.550,map,"nav2_feedback of the target goal (map, AMCL-based estimate)",-6.0066,-0.9977,-2.4390,,
1790756442880095776,10.550,map,"nav2_feedback of the target goal (map, AMCL-based estimate)",-6.0066,-0.9977,-2.4390,,
1790756442890549959,10.550,map,"nav2_feedback of the target goal (map, AMCL-based estimate)",-6.0066,-0.9977,-2.4390,,
1790756442899862790,10.550,map,"nav2_feedback of the target goal (map, AMCL-based estimate)",-6.0066,-0.9977,-2.4390,,
1790756442909759573,10.550,map,"nav2_feedback of the target goal (map, AMCL-based estimate)",-6.0066,-0.9977,-2.4390,,
1790756442920246688,10.550,map,"nav2_feedback of the target goal (map, AMCL-based estimate)",-6.0066,-0.9977,-2.4390,,
1790756442930033323,10.567,map,"nav2_feedback of the target goal (map, AMCL-based estimate)",-6.0065,-0.9975,-2.4282,,
1790756442940169916,10.567,map,"nav2_feedback of the target goal (map, AMCL-based estimate)",-6.0065,-0.9975,-2.4282,,
1790756442950084619,10.567,map,"nav2_feedback of the target goal (map, AMCL-based estimate)",-6.0065,-0.9975,-2.4282,,
1790756442959954381,10.567,map,"nav2_feedback of the target goal (map, AMCL-based estimate)",-6.0065,-0.9975,-2.4282,,
1790756442969732384,10.583,map,"nav2_feedback of the target goal (map, AMCL-based estimate)",-6.0063,-0.9974,-2.4173,,
1790756442979827227,10.583,map,"nav2_feedback of the target goal (map, AMCL-based estimate)",-6.0063,-0.9974,-2.4173,,
1790756442990239471,10.583,map,"nav2_feedback of the target goal (map, AMCL-based estimate)",-6.0063,-0.9974,-2.4173,,
1790756442999694068,10.583,map,"nav2_feedback of the target goal (map, AMCL-based estimate)",-6.0063,-0.9974,-2.4173,,
1790756443010021027,10.583,map,"nav2_feedback of the target goal (map, AMCL-based estimate)",-6.0063,-0.9974,-2.4173,,
1790756443019966128,10.583,map,"nav2_feedback of the target goal (map, AMCL-based estimate)",-6.0063,-0.9974,-2.4173,,
1790756443029759050,10.600,map,"nav2_feedback of the target goal (map, AMCL-based estimate)",-6.0061,-0.9972,-2.4063,,
1790756443039991530,10.600,map,"nav2_feedback of the target goal (map, AMCL-based estimate)",-6.0061,-0.9972,-2.4063,,
1790756443049729752,10.600,map,"nav2_feedback of the target goal (map, AMCL-based estimate)",-6.0061,-0.9972,-2.4063,,
1790756443059674009,10.600,map,"nav2_feedback of the target goal (map, AMCL-based estimate)",-6.0061,-0.9972,-2.4063,,
1790756443071225260,10.600,map,"nav2_feedback of the target goal (map, AMCL-based estimate)",-6.0061,-0.9972,-2.4063,,
1790756443079884804,10.617,map,"nav2_feedback of the target goal (map, AMCL-based estimate)",-6.0059,-0.9970,-2.3955,,
1790756443090292075,10.617,map,"nav2_feedback of the target goal (map, AMCL-based estimate)",-6.0059,-0.9970,-2.3955,,
1790756443099935725,10.617,map,"nav2_feedback of the target goal (map, AMCL-based estimate)",-6.0059,-0.9970,-2.3955,,
1790756443110178150,10.617,map,"nav2_feedback of the target goal (map, AMCL-based estimate)",-6.0059,-0.9970,-2.3955,,
1790756443119983550,10.617,map,"nav2_feedback of the target goal (map, AMCL-based estimate)",-6.0059,-0.9970,-2.3955,,
1790756443129959519,10.617,map,"nav2_feedback of the target goal (map, AMCL-based estimate)",-6.0059,-0.9970,-2.3955,,
1790756443140034377,10.633,map,"nav2_feedback of the target goal (map, AMCL-based estimate)",-6.0058,-0.9969,-2.3848,,
1790756443150218632,10.633,map,"nav2_feedback of the target goal (map, AMCL-based estimate)",-6.0058,-0.9969,-2.3848,,
1790756443159701470,10.633,map,"nav2_feedback of the target goal (map, AMCL-based estimate)",-6.0058,-0.9969,-2.3848,,
1790756443169837031,10.633,map,"nav2_feedback of the target goal (map, AMCL-based estimate)",-6.0058,-0.9969,-2.3848,,
1790756443179575347,10.650,map,"nav2_feedback of the target goal (map, AMCL-based estimate)",-6.0056,-0.9967,-2.3744,,
1790756443190152907,10.650,map,"nav2_feedback of the target goal (map, AMCL-based estimate)",-6.0056,-0.9967,-2.3744,,
1790756443199566972,10.650,map,"nav2_feedback of the target goal (map, AMCL-based estimate)",-6.0056,-0.9967,-2.3744,,
1790756443210000514,10.650,map,"nav2_feedback of the target goal (map, AMCL-based estimate)",-6.0056,-0.9967,-2.3744,,
1790756443219565071,10.650,map,"nav2_feedback of the target goal (map, AMCL-based estimate)",-6.0056,-0.9967,-2.3744,,
1790756443230262067,10.650,map,"nav2_feedback of the target goal (map, AMCL-based estimate)",-6.0056,-0.9967,-2.3744,,
1790756443239900744,10.667,map,"nav2_feedback of the target goal (map, AMCL-based estimate)",-6.0054,-0.9966,-2.3642,,
1790756443249757652,10.667,map,"nav2_feedback of the target goal (map, AMCL-based estimate)",-6.0054,-0.9966,-2.3642,,
1790756443259938342,10.667,map,"nav2_feedback of the target goal (map, AMCL-based estimate)",-6.0054,-0.9966,-2.3642,,
1790756443269646166,10.667,map,"nav2_feedback of the target goal (map, AMCL-based estimate)",-6.0054,-0.9966,-2.3642,,
1790756443279694566,10.683,map,"nav2_feedback of the target goal (map, AMCL-based estimate)",-6.0053,-0.9964,-2.3540,,
1790756443289844858,10.683,map,"nav2_feedback of the target goal (map, AMCL-based estimate)",-6.0053,-0.9964,-2.3540,,
1790756443300057447,10.683,map,"nav2_feedback of the target goal (map, AMCL-based estimate)",-6.0053,-0.9964,-2.3540,,
1790756443309730745,10.683,map,"nav2_feedback of the target goal (map, AMCL-based estimate)",-6.0053,-0.9964,-2.3540,,
1790756443319913030,10.683,map,"nav2_feedback of the target goal (map, AMCL-based estimate)",-6.0053,-0.9964,-2.3540,,
1790756443329988263,10.683,map,"nav2_feedback of the target goal (map, AMCL-based estimate)",-6.0053,-0.9964,-2.3540,,
1790756443340052613,10.683,map,"nav2_feedback of the target goal (map, AMCL-based estimate)",-6.0053,-0.9964,-2.3540,,
1790756443349843001,10.700,map,"nav2_feedback of the target goal (map, AMCL-based estimate)",-6.0051,-0.9963,-2.3439,,
1790756443359857906,10.700,map,"nav2_feedback of the target goal (map, AMCL-based estimate)",-6.0051,-0.9963,-2.3439,,
1790756443369723822,10.700,map,"nav2_feedback of the target goal (map, AMCL-based estimate)",-6.0051,-0.9963,-2.3439,,
1790756443379844653,10.700,map,"nav2_feedback of the target goal (map, AMCL-based estimate)",-6.0051,-0.9963,-2.3439,,
1790756443390363292,10.717,map,"nav2_feedback of the target goal (map, AMCL-based estimate)",-6.0050,-0.9961,-2.3339,,
1790756443399622362,10.717,map,"nav2_feedback of the target goal (map, AMCL-based estimate)",-6.0050,-0.9961,-2.3339,,
1790756443410046053,10.717,map,"nav2_feedback of the target goal (map, AMCL-based estimate)",-6.0050,-0.9961,-2.3339,,
1790756443419626184,10.717,map,"nav2_feedback of the target goal (map, AMCL-based estimate)",-6.0050,-0.9961,-2.3339,,
1790756443429926217,10.717,map,"nav2_feedback of the target goal (map, AMCL-based estimate)",-6.0050,-0.9961,-2.3339,,
1790756443440126703,10.717,map,"nav2_feedback of the target goal (map, AMCL-based estimate)",-6.0050,-0.9961,-2.3339,,
1790756443449540581,10.717,map,"nav2_feedback of the target goal (map, AMCL-based estimate)",-6.0050,-0.9961,-2.3339,,
1790756443459698003,10.733,map,"nav2_feedback of the target goal (map, AMCL-based estimate)",-6.0048,-0.9959,-2.3239,,
1790756443472109513,10.733,map,"nav2_feedback of the target goal (map, AMCL-based estimate)",-6.0048,-0.9959,-2.3239,,
1790756443479756336,10.733,map,"nav2_feedback of the target goal (map, AMCL-based estimate)",-6.0048,-0.9959,-2.3239,,
1790756443490178901,10.750,map,"nav2_feedback of the target goal (map, AMCL-based estimate)",-6.0047,-0.9958,-2.3140,,
1790756443499760252,10.750,map,"nav2_feedback of the target goal (map, AMCL-based estimate)",-6.0047,-0.9958,-2.3140,,
1790756443509857815,10.750,map,"nav2_feedback of the target goal (map, AMCL-based estimate)",-6.0047,-0.9958,-2.3140,,
1790756443520008763,10.750,map,"nav2_feedback of the target goal (map, AMCL-based estimate)",-6.0047,-0.9958,-2.3140,,
1790756443529895507,10.750,map,"nav2_feedback of the target goal (map, AMCL-based estimate)",-6.0047,-0.9958,-2.3140,,
1790756443540052741,10.750,map,"nav2_feedback of the target goal (map, AMCL-based estimate)",-6.0047,-0.9958,-2.3140,,
1790756443550015481,10.750,map,"nav2_feedback of the target goal (map, AMCL-based estimate)",-6.0047,-0.9958,-2.3140,,
1790756443560291495,10.750,map,"nav2_feedback of the target goal (map, AMCL-based estimate)",-6.0047,-0.9958,-2.3140,,
1790756443570184994,10.767,map,"nav2_feedback of the target goal (map, AMCL-based estimate)",-6.0045,-0.9956,-2.3040,,
1790756443579800028,10.767,map,"nav2_feedback of the target goal (map, AMCL-based estimate)",-6.0045,-0.9956,-2.3040,,
1790756443590119950,10.767,map,"nav2_feedback of the target goal (map, AMCL-based estimate)",-6.0045,-0.9956,-2.3040,,
1790756443599674656,10.767,map,"nav2_feedback of the target goal (map, AMCL-based estimate)",-6.0045,-0.9956,-2.3040,,
1790756443610224819,10.767,map,"nav2_feedback of the target goal (map, AMCL-based estimate)",-6.0045,-0.9956,-2.3040,,
1790756443619843231,10.783,map,"nav2_feedback of the target goal (map, AMCL-based estimate)",-6.0044,-0.9955,-2.2942,,
1790756443629822390,10.783,map,"nav2_feedback of the target goal (map, AMCL-based estimate)",-6.0044,-0.9955,-2.2942,,
1790756443640344688,10.783,map,"nav2_feedback of the target goal (map, AMCL-based estimate)",-6.0044,-0.9955,-2.2942,,
1790756443649708089,10.783,map,"nav2_feedback of the target goal (map, AMCL-based estimate)",-6.0044,-0.9955,-2.2942,,
1790756443659754237,10.783,map,"nav2_feedback of the target goal (map, AMCL-based estimate)",-6.0044,-0.9955,-2.2942,,
1790756443669706000,10.783,map,"nav2_feedback of the target goal (map, AMCL-based estimate)",-6.0044,-0.9955,-2.2942,,
1790756443680018980,10.800,map,"nav2_feedback of the target goal (map, AMCL-based estimate)",-6.0043,-0.9953,-2.2847,,
1790756443690064565,10.800,map,"nav2_feedback of the target goal (map, AMCL-based estimate)",-6.0043,-0.9953,-2.2847,,
1790756443699601163,10.800,map,"nav2_feedback of the target goal (map, AMCL-based estimate)",-6.0043,-0.9953,-2.2847,,
1790756443709711580,10.817,map,"nav2_feedback of the target goal (map, AMCL-based estimate)",-6.0041,-0.9951,-2.2754,,
1790756443719974928,10.817,map,"nav2_feedback of the target goal (map, AMCL-based estimate)",-6.0041,-0.9951,-2.2754,,
1790756443731546444,10.817,map,"nav2_feedback of the target goal (map, AMCL-based estimate)",-6.0041,-0.9951,-2.2754,,
1790756443739821878,10.817,map,"nav2_feedback of the target goal (map, AMCL-based estimate)",-6.0041,-0.9951,-2.2754,,
1790756443750225866,10.817,map,"nav2_feedback of the target goal (map, AMCL-based estimate)",-6.0041,-0.9951,-2.2754,,
1790756443759866795,10.817,map,"nav2_feedback of the target goal (map, AMCL-based estimate)",-6.0041,-0.9951,-2.2754,,
1790756443770067657,10.817,map,"nav2_feedback of the target goal (map, AMCL-based estimate)",-6.0041,-0.9951,-2.2754,,
1790756443779780547,10.833,map,"nav2_feedback of the target goal (map, AMCL-based estimate)",-6.0040,-0.9950,-2.2664,,
1790756443790033105,10.833,map,"nav2_feedback of the target goal (map, AMCL-based estimate)",-6.0040,-0.9950,-2.2664,,
1790756443799728451,10.833,map,"nav2_feedback of the target goal (map, AMCL-based estimate)",-6.0040,-0.9950,-2.2664,,
1790756443809829016,10.833,map,"nav2_feedback of the target goal (map, AMCL-based estimate)",-6.0040,-0.9950,-2.2664,,
1790756443819668098,10.850,map,"nav2_feedback of the target goal (map, AMCL-based estimate)",-6.0039,-0.9948,-2.2574,,
1790756443829841845,10.850,map,"nav2_feedback of the target goal (map, AMCL-based estimate)",-6.0039,-0.9948,-2.2574,,
1790756443839980690,10.850,map,"nav2_feedback of the target goal (map, AMCL-based estimate)",-6.0039,-0.9948,-2.2574,,
1790756443849635692,10.850,map,"nav2_feedback of the target goal (map, AMCL-based estimate)",-6.0039,-0.9948,-2.2574,,
1790756443862324167,10.850,map,"nav2_feedback of the target goal (map, AMCL-based estimate)",-6.0039,-0.9948,-2.2574,,
1790756443869962358,10.850,map,"nav2_feedback of the target goal (map, AMCL-based estimate)",-6.0039,-0.9948,-2.2574,,
1790756443880069116,10.867,map,"nav2_feedback of the target goal (map, AMCL-based estimate)",-6.0037,-0.9947,-2.2485,,
1790756443890618622,10.867,map,"nav2_feedback of the target goal (map, AMCL-based estimate)",-6.0037,-0.9947,-2.2485,,
1790756443899754504,10.867,map,"nav2_feedback of the target goal (map, AMCL-based estimate)",-6.0037,-0.9947,-2.2485,,
1790756443910326434,10.883,map,"nav2_feedback of the target goal (map, AMCL-based estimate)",-6.0036,-0.9945,-2.2397,,
1790756443919788818,10.883,map,"nav2_feedback of the target goal (map, AMCL-based estimate)",-6.0036,-0.9945,-2.2397,,
1790756443929712997,10.883,map,"nav2_feedback of the target goal (map, AMCL-based estimate)",-6.0036,-0.9945,-2.2397,,
1790756443939707262,10.883,map,"nav2_feedback of the target goal (map, AMCL-based estimate)",-6.0036,-0.9945,-2.2397,,
1790756443950165667,10.883,map,"nav2_feedback of the target goal (map, AMCL-based estimate)",-6.0036,-0.9945,-2.2397,,
1790756443959579075,10.883,map,"nav2_feedback of the target goal (map, AMCL-based estimate)",-6.0036,-0.9945,-2.2397,,
1790756443970217150,10.883,map,"nav2_feedback of the target goal (map, AMCL-based estimate)",-6.0036,-0.9945,-2.2397,,
1790756443979590591,10.900,map,"nav2_feedback of the target goal (map, AMCL-based estimate)",-6.0035,-0.9944,-2.2309,,
1790756443990312543,10.900,map,"nav2_feedback of the target goal (map, AMCL-based estimate)",-6.0035,-0.9944,-2.2309,,
1790756443999687016,10.900,map,"nav2_feedback of the target goal (map, AMCL-based estimate)",-6.0035,-0.9944,-2.2309,,
1790756444009899136,10.900,map,"nav2_feedback of the target goal (map, AMCL-based estimate)",-6.0035,-0.9944,-2.2309,,
1790756444019526648,10.917,map,"nav2_feedback of the target goal (map, AMCL-based estimate)",-6.0034,-0.9942,-2.2222,,
1790756444030015639,10.917,map,"nav2_feedback of the target goal (map, AMCL-based estimate)",-6.0034,-0.9942,-2.2222,,
1790756444039852845,10.917,map,"nav2_feedback of the target goal (map, AMCL-based estimate)",-6.0034,-0.9942,-2.2222,,
1790756444049725327,10.917,map,"nav2_feedback of the target goal (map, AMCL-based estimate)",-6.0034,-0.9942,-2.2222,,
1790756444059941951,10.917,map,"nav2_feedback of the target goal (map, AMCL-based estimate)",-6.0034,-0.9942,-2.2222,,
1790756444069678861,10.917,map,"nav2_feedback of the target goal (map, AMCL-based estimate)",-6.0034,-0.9942,-2.2222,,
1790756444081081402,10.933,map,"nav2_feedback of the target goal (map, AMCL-based estimate)",-6.0033,-0.9941,-2.2134,,
1790756444090210059,10.933,map,"nav2_feedback of the target goal (map, AMCL-based estimate)",-6.0033,-0.9941,-2.2134,,
1790756444099872849,10.933,map,"nav2_feedback of the target goal (map, AMCL-based estimate)",-6.0033,-0.9941,-2.2134,,
1790756444109979044,10.933,map,"nav2_feedback of the target goal (map, AMCL-based estimate)",-6.0033,-0.9941,-2.2134,,
1790756444119730495,10.933,map,"nav2_feedback of the target goal (map, AMCL-based estimate)",-6.0033,-0.9941,-2.2134,,
1790756444129936517,10.950,map,"nav2_feedback of the target goal (map, AMCL-based estimate)",-6.0031,-0.9939,-2.2048,,
1790756444139847373,10.950,map,"nav2_feedback of the target goal (map, AMCL-based estimate)",-6.0031,-0.9939,-2.2048,,
1790756444149880668,10.950,map,"nav2_feedback of the target goal (map, AMCL-based estimate)",-6.0031,-0.9939,-2.2048,,
1790756444160113242,10.950,map,"nav2_feedback of the target goal (map, AMCL-based estimate)",-6.0031,-0.9939,-2.2048,,
1790756444170374056,10.950,map,"nav2_feedback of the target goal (map, AMCL-based estimate)",-6.0031,-0.9939,-2.2048,,
1790756444179856706,10.950,map,"nav2_feedback of the target goal (map, AMCL-based estimate)",-6.0031,-0.9939,-2.2048,,
1790756444190371123,10.967,map,"nav2_feedback of the target goal (map, AMCL-based estimate)",-6.0030,-0.9938,-2.1965,,
1790756444199933616,10.967,map,"nav2_feedback of the target goal (map, AMCL-based estimate)",-6.0030,-0.9938,-2.1965,,
1790756444209961469,10.967,map,"nav2_feedback of the target goal (map, AMCL-based estimate)",-6.0030,-0.9938,-2.1965,,
1790756444219648652,10.967,map,"nav2_feedback of the target goal (map, AMCL-based estimate)",-6.0030,-0.9938,-2.1965,,
1790756444229973360,10.983,map,"nav2_feedback of the target goal (map, AMCL-based estimate)",-6.0029,-0.9936,-2.1885,,
1790756444240119523,10.983,map,"nav2_feedback of the target goal (map, AMCL-based estimate)",-6.0029,-0.9936,-2.1885,,
1790756444250022592,10.983,map,"nav2_feedback of the target goal (map, AMCL-based estimate)",-6.0029,-0.9936,-2.1885,,
1790756444259656859,10.983,map,"nav2_feedback of the target goal (map, AMCL-based estimate)",-6.0029,-0.9936,-2.1885,,
1790756444270165459,10.983,map,"nav2_feedback of the target goal (map, AMCL-based estimate)",-6.0029,-0.9936,-2.1885,,
1790756444280026871,10.983,map,"nav2_feedback of the target goal (map, AMCL-based estimate)",-6.0029,-0.9936,-2.1885,,
1790756444290500569,11.000,map,"nav2_feedback of the target goal (map, AMCL-based estimate)",-6.0028,-0.9935,-2.1806,,
1790756444299858059,11.000,map,"nav2_feedback of the target goal (map, AMCL-based estimate)",-6.0028,-0.9935,-2.1806,,
1790756444310380545,11.000,map,"nav2_feedback of the target goal (map, AMCL-based estimate)",-6.0028,-0.9935,-2.1806,,
1790756444319617098,11.000,map,"nav2_feedback of the target goal (map, AMCL-based estimate)",-6.0028,-0.9935,-2.1806,,
1790756444329793566,11.017,map,"nav2_feedback of the target goal (map, AMCL-based estimate)",-6.0079,-0.9943,-2.1694,,
1790756444340091910,11.017,map,"nav2_feedback of the target goal (map, AMCL-based estimate)",-6.0079,-0.9943,-2.1694,,
1790756444349862126,11.017,map,"nav2_feedback of the target goal (map, AMCL-based estimate)",-6.0079,-0.9943,-2.1694,,
1790756444359546119,11.017,map,"nav2_feedback of the target goal (map, AMCL-based estimate)",-6.0079,-0.9943,-2.1694,,
1790756444369595176,11.017,map,"nav2_feedback of the target goal (map, AMCL-based estimate)",-6.0079,-0.9943,-2.1694,,
1790756444379869688,11.017,map,"nav2_feedback of the target goal (map, AMCL-based estimate)",-6.0079,-0.9943,-2.1694,,
1790756444390031145,11.017,map,"nav2_feedback of the target goal (map, AMCL-based estimate)",-6.0079,-0.9943,-2.1694,,
1790756444399760173,11.017,map,"nav2_feedback of the target goal (map, AMCL-based estimate)",-6.0079,-0.9943,-2.1694,,
1790756444409802850,11.033,map,"nav2_feedback of the target goal (map, AMCL-based estimate)",-6.0130,-0.9951,-2.1583,,
1790756444419837552,11.033,map,"nav2_feedback of the target goal (map, AMCL-based estimate)",-6.0130,-0.9951,-2.1583,,
1790756444429737618,11.033,map,"nav2_feedback of the target goal (map, AMCL-based estimate)",-6.0130,-0.9951,-2.1583,,
1790756444439841561,11.050,map,"nav2_feedback of the target goal (map, AMCL-based estimate)",-6.0182,-0.9958,-2.1472,,
1790756444449850556,11.050,map,"nav2_feedback of the target goal (map, AMCL-based estimate)",-6.0182,-0.9958,-2.1472,,
1790756444459501054,11.050,map,"nav2_feedback of the target goal (map, AMCL-based estimate)",-6.0182,-0.9958,-2.1472,,
1790756444469823323,11.050,map,"nav2_feedback of the target goal (map, AMCL-based estimate)",-6.0182,-0.9958,-2.1472,,
1790756444479685297,11.050,map,"nav2_feedback of the target goal (map, AMCL-based estimate)",-6.0182,-0.9958,-2.1472,,
1790756444490688530,11.050,map,"nav2_feedback of the target goal (map, AMCL-based estimate)",-6.0182,-0.9958,-2.1472,,
1790756444499694936,11.067,map,"nav2_feedback of the target goal (map, AMCL-based estimate)",-6.0233,-0.9966,-2.1362,,
1790756444510119096,11.067,map,"nav2_feedback of the target goal (map, AMCL-based estimate)",-6.0233,-0.9966,-2.1362,,
1790756444519690690,11.067,map,"nav2_feedback of the target goal (map, AMCL-based estimate)",-6.0233,-0.9966,-2.1362,,
1790756444529575463,11.067,map,"nav2_feedback of the target goal (map, AMCL-based estimate)",-6.0233,-0.9966,-2.1362,,
1790756444539993899,11.083,map,"nav2_feedback of the target goal (map, AMCL-based estimate)",-6.0284,-0.9974,-2.1252,,
1790756444549876421,11.083,map,"nav2_feedback of the target goal (map, AMCL-based estimate)",-6.0284,-0.9974,-2.1252,,
1790756444559805479,11.083,map,"nav2_feedback of the target goal (map, AMCL-based estimate)",-6.0284,-0.9974,-2.1252,,
1790756444569626547,11.083,map,"nav2_feedback of the target goal (map, AMCL-based estimate)",-6.0284,-0.9974,-2.1252,,
1790756444579763609,11.083,map,"nav2_feedback of the target goal (map, AMCL-based estimate)",-6.0284,-0.9974,-2.1252,,
1790756444589962219,11.083,map,"nav2_feedback of the target goal (map, AMCL-based estimate)",-6.0284,-0.9974,-2.1252,,
1790756444599956578,11.100,map,"nav2_feedback of the target goal (map, AMCL-based estimate)",-6.0335,-0.9982,-2.1142,,
1790756444610128261,11.100,map,"nav2_feedback of the target goal (map, AMCL-based estimate)",-6.0335,-0.9982,-2.1142,,
1790756444619591771,11.100,map,"nav2_feedback of the target goal (map, AMCL-based estimate)",-6.0335,-0.9982,-2.1142,,
1790756444630204889,11.100,map,"nav2_feedback of the target goal (map, AMCL-based estimate)",-6.0335,-0.9982,-2.1142,,
1790756444640394117,11.117,map,"nav2_feedback of the target goal (map, AMCL-based estimate)",-6.0334,-0.9981,-2.1067,,
1790756444649629544,11.117,map,"nav2_feedback of the target goal (map, AMCL-based estimate)",-6.0334,-0.9981,-2.1067,,
1790756444659640040,11.117,map,"nav2_feedback of the target goal (map, AMCL-based estimate)",-6.0334,-0.9981,-2.1067,,
1790756444669680934,11.117,map,"nav2_feedback of the target goal (map, AMCL-based estimate)",-6.0334,-0.9981,-2.1067,,
1790756444680261215,11.117,map,"nav2_feedback of the target goal (map, AMCL-based estimate)",-6.0334,-0.9981,-2.1067,,
1790756444690356432,11.117,map,"nav2_feedback of the target goal (map, AMCL-based estimate)",-6.0334,-0.9981,-2.1067,,
1790756444700197860,11.133,map,"nav2_feedback of the target goal (map, AMCL-based estimate)",-6.0333,-0.9980,-2.0992,,
1790756444710100553,11.133,map,"nav2_feedback of the target goal (map, AMCL-based estimate)",-6.0333,-0.9980,-2.0992,,
1790756444719913271,11.133,map,"nav2_feedback of the target goal (map, AMCL-based estimate)",-6.0333,-0.9980,-2.0992,,
1790756444729875730,11.133,map,"nav2_feedback of the target goal (map, AMCL-based estimate)",-6.0333,-0.9980,-2.0992,,
1790756444739765382,11.150,map,"nav2_feedback of the target goal (map, AMCL-based estimate)",-6.0333,-0.9978,-2.0917,,
1790756444749597240,11.150,map,"nav2_feedback of the target goal (map, AMCL-based estimate)",-6.0333,-0.9978,-2.0917,,
1790756444760397816,11.150,map,"nav2_feedback of the target goal (map, AMCL-based estimate)",-6.0333,-0.9978,-2.0917,,
1790756444769482282,11.150,map,"nav2_feedback of the target goal (map, AMCL-based estimate)",-6.0333,-0.9978,-2.0917,,
1790756444780226095,11.150,map,"nav2_feedback of the target goal (map, AMCL-based estimate)",-6.0333,-0.9978,-2.0917,,
1790756444790423204,11.150,map,"nav2_feedback of the target goal (map, AMCL-based estimate)",-6.0333,-0.9978,-2.0917,,
1790756444799541916,11.167,map,"nav2_feedback of the target goal (map, AMCL-based estimate)",-6.0332,-0.9977,-2.0843,,
1790756444809817836,11.167,map,"nav2_feedback of the target goal (map, AMCL-based estimate)",-6.0332,-0.9977,-2.0843,,
1790756444819590586,11.167,map,"nav2_feedback of the target goal (map, AMCL-based estimate)",-6.0332,-0.9977,-2.0843,,
1790756444830077043,11.167,map,"nav2_feedback of the target goal (map, AMCL-based estimate)",-6.0332,-0.9977,-2.0843,,
1790756444839992215,11.183,map,"nav2_feedback of the target goal (map, AMCL-based estimate)",-6.0331,-0.9975,-2.0772,,
1790756444849919303,11.183,map,"nav2_feedback of the target goal (map, AMCL-based estimate)",-6.0331,-0.9975,-2.0772,,
1790756444859522233,11.183,map,"nav2_feedback of the target goal (map, AMCL-based estimate)",-6.0331,-0.9975,-2.0772,,
1790756444869671024,11.183,map,"nav2_feedback of the target goal (map, AMCL-based estimate)",-6.0331,-0.9975,-2.0772,,
1790756444879658627,11.183,map,"nav2_feedback of the target goal (map, AMCL-based estimate)",-6.0331,-0.9975,-2.0772,,
1790756444890477029,11.183,map,"nav2_feedback of the target goal (map, AMCL-based estimate)",-6.0331,-0.9975,-2.0772,,
1790756444899725216,11.200,map,"nav2_feedback of the target goal (map, AMCL-based estimate)",-6.0330,-0.9974,-2.0704,,
1790756444909860402,11.200,map,"nav2_feedback of the target goal (map, AMCL-based estimate)",-6.0330,-0.9974,-2.0704,,
1790756444920093914,11.200,map,"nav2_feedback of the target goal (map, AMCL-based estimate)",-6.0330,-0.9974,-2.0704,,
1790756444929601802,11.200,map,"nav2_feedback of the target goal (map, AMCL-based estimate)",-6.0330,-0.9974,-2.0704,,
1790756444940162849,11.217,map,"nav2_feedback of the target goal (map, AMCL-based estimate)",-6.0329,-0.9972,-2.0638,,
1790756444949833050,11.217,map,"nav2_feedback of the target goal (map, AMCL-based estimate)",-6.0329,-0.9972,-2.0638,,
1790756444959639670,11.217,map,"nav2_feedback of the target goal (map, AMCL-based estimate)",-6.0329,-0.9972,-2.0638,,
1790756444969603442,11.217,map,"nav2_feedback of the target goal (map, AMCL-based estimate)",-6.0329,-0.9972,-2.0638,,
1790756444979788072,11.217,map,"nav2_feedback of the target goal (map, AMCL-based estimate)",-6.0329,-0.9972,-2.0638,,
1790756444990183897,11.217,map,"nav2_feedback of the target goal (map, AMCL-based estimate)",-6.0329,-0.9972,-2.0638,,
1790756445001160203,11.233,map,"nav2_feedback of the target goal (map, AMCL-based estimate)",-6.0328,-0.9970,-2.0573,,
1790756445009815807,11.233,map,"nav2_feedback of the target goal (map, AMCL-based estimate)",-6.0328,-0.9970,-2.0573,,
1790756445020145581,11.233,map,"nav2_feedback of the target goal (map, AMCL-based estimate)",-6.0328,-0.9970,-2.0573,,
1790756445029596237,11.233,map,"nav2_feedback of the target goal (map, AMCL-based estimate)",-6.0328,-0.9970,-2.0573,,
1790756445039919444,11.250,map,"nav2_feedback of the target goal (map, AMCL-based estimate)",-6.0328,-0.9969,-2.0509,,
1790756445049722122,11.250,map,"nav2_feedback of the target goal (map, AMCL-based estimate)",-6.0328,-0.9969,-2.0509,,
1790756445059428445,11.250,map,"nav2_feedback of the target goal (map, AMCL-based estimate)",-6.0328,-0.9969,-2.0509,,
1790756445069530887,11.250,map,"nav2_feedback of the target goal (map, AMCL-based estimate)",-6.0328,-0.9969,-2.0509,,
1790756445079652563,11.250,map,"nav2_feedback of the target goal (map, AMCL-based estimate)",-6.0328,-0.9969,-2.0509,,
1790756445090675686,11.250,map,"nav2_feedback of the target goal (map, AMCL-based estimate)",-6.0328,-0.9969,-2.0509,,
1790756445099649536,11.267,map,"nav2_feedback of the target goal (map, AMCL-based estimate)",-6.0327,-0.9967,-2.0445,,
1790756445110009427,11.267,map,"nav2_feedback of the target goal (map, AMCL-based estimate)",-6.0327,-0.9967,-2.0445,,
1790756445119749338,11.267,map,"nav2_feedback of the target goal (map, AMCL-based estimate)",-6.0327,-0.9967,-2.0445,,
1790756445129850373,11.267,map,"nav2_feedback of the target goal (map, AMCL-based estimate)",-6.0327,-0.9967,-2.0445,,
1790756445140261304,11.267,map,"nav2_feedback of the target goal (map, AMCL-based estimate)",-6.0327,-0.9967,-2.0445,,
1790756445149889754,11.283,map,"nav2_feedback of the target goal (map, AMCL-based estimate)",-6.0326,-0.9966,-2.0382,,
1790756445159648054,11.283,map,"nav2_feedback of the target goal (map, AMCL-based estimate)",-6.0326,-0.9966,-2.0382,,
1790756445170106272,11.283,map,"nav2_feedback of the target goal (map, AMCL-based estimate)",-6.0326,-0.9966,-2.0382,,
1790756445179805745,11.283,map,"nav2_feedback of the target goal (map, AMCL-based estimate)",-6.0326,-0.9966,-2.0382,,
1790756445190582584,11.300,map,"nav2_feedback of the target goal (map, AMCL-based estimate)",-6.0325,-0.9964,-2.0319,,
1790756445199637215,11.300,map,"nav2_feedback of the target goal (map, AMCL-based estimate)",-6.0325,-0.9964,-2.0319,,
1790756445210254274,11.300,map,"nav2_feedback of the target goal (map, AMCL-based estimate)",-6.0325,-0.9964,-2.0319,,
1790756445219916125,11.300,map,"nav2_feedback of the target goal (map, AMCL-based estimate)",-6.0325,-0.9964,-2.0319,,
1790756445229813565,11.317,map,"nav2_feedback of the target goal (map, AMCL-based estimate)",-6.0324,-0.9963,-2.0256,,
1790756445240289139,11.317,map,"nav2_feedback of the target goal (map, AMCL-based estimate)",-6.0324,-0.9963,-2.0256,,
1790756445249646254,11.317,map,"nav2_feedback of the target goal (map, AMCL-based estimate)",-6.0324,-0.9963,-2.0256,,
1790756445259790823,11.317,map,"nav2_feedback of the target goal (map, AMCL-based estimate)",-6.0324,-0.9963,-2.0256,,
1790756445270284317,11.317,map,"nav2_feedback of the target goal (map, AMCL-based estimate)",-6.0324,-0.9963,-2.0256,,
1790756445280024229,11.317,map,"nav2_feedback of the target goal (map, AMCL-based estimate)",-6.0324,-0.9963,-2.0256,,
1790756445290475597,11.317,map,"nav2_feedback of the target goal (map, AMCL-based estimate)",-6.0324,-0.9963,-2.0256,,
1790756445299771915,11.333,map,"nav2_feedback of the target goal (map, AMCL-based estimate)",-6.0324,-0.9961,-2.0192,,
1790756445309878767,11.333,map,"nav2_feedback of the target goal (map, AMCL-based estimate)",-6.0324,-0.9961,-2.0192,,
1790756445319610140,11.333,map,"nav2_feedback of the target goal (map, AMCL-based estimate)",-6.0324,-0.9961,-2.0192,,
1790756445329970407,11.333,map,"nav2_feedback of the target goal (map, AMCL-based estimate)",-6.0324,-0.9961,-2.0192,,
1790756445340403761,11.350,map,"nav2_feedback of the target goal (map, AMCL-based estimate)",-6.0323,-0.9959,-2.0125,,
1790756445349998153,11.350,map,"nav2_feedback of the target goal (map, AMCL-based estimate)",-6.0323,-0.9959,-2.0125,,
1790756445359759925,11.350,map,"nav2_feedback of the target goal (map, AMCL-based estimate)",-6.0323,-0.9959,-2.0125,,
1790756445370059019,11.350,map,"nav2_feedback of the target goal (map, AMCL-based estimate)",-6.0323,-0.9959,-2.0125,,
1790756445379705108,11.350,map,"nav2_feedback of the target goal (map, AMCL-based estimate)",-6.0323,-0.9959,-2.0125,,
1790756445390147282,11.350,map,"nav2_feedback of the target goal (map, AMCL-based estimate)",-6.0323,-0.9959,-2.0125,,
1790756445399808288,11.367,map,"nav2_feedback of the target goal (map, AMCL-based estimate)",-6.0322,-0.9958,-2.0053,,
1790756445410125115,11.367,map,"nav2_feedback of the target goal (map, AMCL-based estimate)",-6.0322,-0.9958,-2.0053,,
1790756445419668937,11.367,map,"nav2_feedback of the target goal (map, AMCL-based estimate)",-6.0322,-0.9958,-2.0053,,
1790756445429713209,11.367,map,"nav2_feedback of the target goal (map, AMCL-based estimate)",-6.0322,-0.9958,-2.0053,,
1790756445439864533,11.383,map,"nav2_feedback of the target goal (map, AMCL-based estimate)",-6.0321,-0.9956,-1.9975,,
1790756445452059594,11.383,map,"nav2_feedback of the target goal (map, AMCL-based estimate)",-6.0321,-0.9956,-1.9975,,
1790756445459690655,11.383,map,"nav2_feedback of the target goal (map, AMCL-based estimate)",-6.0321,-0.9956,-1.9975,,
1790756445469870125,11.383,map,"nav2_feedback of the target goal (map, AMCL-based estimate)",-6.0321,-0.9956,-1.9975,,
1790756445479866641,11.383,map,"nav2_feedback of the target goal (map, AMCL-based estimate)",-6.0321,-0.9956,-1.9975,,
1790756445489886144,11.383,map,"nav2_feedback of the target goal (map, AMCL-based estimate)",-6.0321,-0.9956,-1.9975,,
1790756445499885850,11.400,map,"nav2_feedback of the target goal (map, AMCL-based estimate)",-6.0321,-0.9955,-1.9892,,
1790756445510129776,11.400,map,"nav2_feedback of the target goal (map, AMCL-based estimate)",-6.0321,-0.9955,-1.9892,,
1790756445519633161,11.400,map,"nav2_feedback of the target goal (map, AMCL-based estimate)",-6.0321,-0.9955,-1.9892,,
1790756445529935351,11.400,map,"nav2_feedback of the target goal (map, AMCL-based estimate)",-6.0321,-0.9955,-1.9892,,
1790756445539838983,11.417,map,"nav2_feedback of the target goal (map, AMCL-based estimate)",-6.0320,-0.9953,-1.9802,,
1790756445549691951,11.417,map,"nav2_feedback of the target goal (map, AMCL-based estimate)",-6.0320,-0.9953,-1.9802,,
1790756445559655723,11.417,map,"nav2_feedback of the target goal (map, AMCL-based estimate)",-6.0320,-0.9953,-1.9802,,
1790756445569530364,11.417,map,"nav2_feedback of the target goal (map, AMCL-based estimate)",-6.0320,-0.9953,-1.9802,,
1790756445580221449,11.417,map,"nav2_feedback of the target goal (map, AMCL-based estimate)",-6.0320,-0.9953,-1.9802,,
1790756445590090085,11.417,map,"nav2_feedback of the target goal (map, AMCL-based estimate)",-6.0320,-0.9953,-1.9802,,
1790756445600238875,11.433,map,"nav2_feedback of the target goal (map, AMCL-based estimate)",-6.0319,-0.9951,-1.9706,,
1790756445609898286,11.433,map,"nav2_feedback of the target goal (map, AMCL-based estimate)",-6.0319,-0.9951,-1.9706,,
1790756445619858024,11.433,map,"nav2_feedback of the target goal (map, AMCL-based estimate)",-6.0319,-0.9951,-1.9706,,
1790756445629916651,11.433,map,"nav2_feedback of the target goal (map, AMCL-based estimate)",-6.0319,-0.9951,-1.9706,,
1790756445639845990,11.450,map,"nav2_feedback of the target goal (map, AMCL-based estimate)",-6.0318,-0.9949,-1.9605,,
1790756445650247539,11.450,map,"nav2_feedback of the target goal (map, AMCL-based estimate)",-6.0318,-0.9949,-1.9605,,
1790756445659586452,11.450,map,"nav2_feedback of the target goal (map, AMCL-based estimate)",-6.0318,-0.9949,-1.9605,,
1790756445670016523,11.450,map,"nav2_feedback of the target goal (map, AMCL-based estimate)",-6.0318,-0.9949,-1.9605,,
1790756445679945768,11.450,map,"nav2_feedback of the target goal (map, AMCL-based estimate)",-6.0318,-0.9949,-1.9605,,
1790756445690026443,11.450,map,"nav2_feedback of the target goal (map, AMCL-based estimate)",-6.0318,-0.9949,-1.9605,,
1790756445699568483,11.467,map,"nav2_feedback of the target goal (map, AMCL-based estimate)",-6.0317,-0.9947,-1.9501,,
1790756445710187606,11.467,map,"nav2_feedback of the target goal (map, AMCL-based estimate)",-6.0317,-0.9947,-1.9501,,
1790756445719581593,11.467,map,"nav2_feedback of the target goal (map, AMCL-based estimate)",-6.0317,-0.9947,-1.9501,,
1790756445729922532,11.483,map,"nav2_feedback of the target goal (map, AMCL-based estimate)",-6.0317,-0.9945,-1.9395,,
1790756445739941003,11.483,map,"nav2_feedback of the target goal (map, AMCL-based estimate)",-6.0317,-0.9945,-1.9395,,
1790756445749593003,11.483,map,"nav2_feedback of the target goal (map, AMCL-based estimate)",-6.0317,-0.9945,-1.9395,,
1790756445759482280,11.483,map,"nav2_feedback of the target goal (map, AMCL-based estimate)",-6.0317,-0.9945,-1.9395,,
1790756445770860521,11.483,map,"nav2_feedback of the target goal (map, AMCL-based estimate)",-6.0317,-0.9945,-1.9395,,
1790756445780391208,11.483,map,"nav2_feedback of the target goal (map, AMCL-based estimate)",-6.0317,-0.9945,-1.9395,,
1790756445790340719,11.500,map,"nav2_feedback of the target goal (map, AMCL-based estimate)",-6.0316,-0.9943,-1.9288,,
1790756445800077816,11.500,map,"nav2_feedback of the target goal (map, AMCL-based estimate)",-6.0316,-0.9943,-1.9288,,
1790756445809895694,11.500,map,"nav2_feedback of the target goal (map, AMCL-based estimate)",-6.0316,-0.9943,-1.9288,,
1790756445819634480,11.500,map,"nav2_feedback of the target goal (map, AMCL-based estimate)",-6.0316,-0.9943,-1.9288,,
1790756445829762347,11.500,map,"nav2_feedback of the target goal (map, AMCL-based estimate)",-6.0316,-0.9943,-1.9288,,
1790756445839989949,11.517,map,"nav2_feedback of the target goal (map, AMCL-based estimate)",-6.0315,-0.9940,-1.9179,,
1790756445849608266,11.517,map,"nav2_feedback of the target goal (map, AMCL-based estimate)",-6.0315,-0.9940,-1.9179,,
1790756445859509552,11.517,map,"nav2_feedback of the target goal (map, AMCL-based estimate)",-6.0315,-0.9940,-1.9179,,
1790756445869695121,11.517,map,"nav2_feedback of the target goal (map, AMCL-based estimate)",-6.0315,-0.9940,-1.9179,,
1790756445880289944,11.517,map,"nav2_feedback of the target goal (map, AMCL-based estimate)",-6.0315,-0.9940,-1.9179,,
1790756445890740092,11.517,map,"nav2_feedback of the target goal (map, AMCL-based estimate)",-6.0315,-0.9940,-1.9179,,
1790756445900226120,11.517,map,"nav2_feedback of the target goal (map, AMCL-based estimate)",-6.0315,-0.9940,-1.9179,,
1790756445910064826,11.533,map,"nav2_feedback of the target goal (map, AMCL-based estimate)",-6.0314,-0.9938,-1.9070,,
1790756445919829507,11.533,map,"nav2_feedback of the target goal (map, AMCL-based estimate)",-6.0314,-0.9938,-1.9070,,
1790756445930094825,11.533,map,"nav2_feedback of the target goal (map, AMCL-based estimate)",-6.0314,-0.9938,-1.9070,,
1790756445940353951,11.550,map,"nav2_feedback of the target goal (map, AMCL-based estimate)",-6.0313,-0.9936,-1.8960,,
1790756445949639948,11.550,map,"nav2_feedback of the target goal (map, AMCL-based estimate)",-6.0313,-0.9936,-1.8960,,
1790756445959991583,11.550,map,"nav2_feedback of the target goal (map, AMCL-based estimate)",-6.0313,-0.9936,-1.8960,,
1790756445969608868,11.550,map,"nav2_feedback of the target goal (map, AMCL-based estimate)",-6.0313,-0.9936,-1.8960,,
1790756445979951027,11.550,map,"nav2_feedback of the target goal (map, AMCL-based estimate)",-6.0313,-0.9936,-1.8960,,
1790756445990306227,11.550,map,"nav2_feedback of the target goal (map, AMCL-based estimate)",-6.0313,-0.9936,-1.8960,,
1790756445999622248,11.550,map,"nav2_feedback of the target goal (map, AMCL-based estimate)",-6.0313,-0.9936,-1.8960,,
1790756446009882875,11.567,map,"nav2_feedback of the target goal (map, AMCL-based estimate)",-6.0313,-0.9934,-1.8851,,
1790756446019766335,11.567,map,"nav2_feedback of the target goal (map, AMCL-based estimate)",-6.0313,-0.9934,-1.8851,,
1790756446029904992,11.567,map,"nav2_feedback of the target goal (map, AMCL-based estimate)",-6.0313,-0.9934,-1.8851,,
1790756446039787326,11.583,map,"nav2_feedback of the target goal (map, AMCL-based estimate)",-6.0312,-0.9931,-1.8745,,
1790756446050028720,11.583,map,"nav2_feedback of the target goal (map, AMCL-based estimate)",-6.0312,-0.9931,-1.8745,,
1790756446060140731,11.583,map,"nav2_feedback of the target goal (map, AMCL-based estimate)",-6.0312,-0.9931,-1.8745,,
1790756446069657251,11.583,map,"nav2_feedback of the target goal (map, AMCL-based estimate)",-6.0312,-0.9931,-1.8745,,
1790756446079633502,11.583,map,"nav2_feedback of the target goal (map, AMCL-based estimate)",-6.0312,-0.9931,-1.8745,,
1790756446090375720,11.583,map,"nav2_feedback of the target goal (map, AMCL-based estimate)",-6.0312,-0.9931,-1.8745,,
1790756446099785657,11.600,map,"nav2_feedback of the target goal (map, AMCL-based estimate)",-6.0311,-0.9929,-1.8641,,
1790756446110001343,11.600,map,"nav2_feedback of the target goal (map, AMCL-based estimate)",-6.0311,-0.9929,-1.8641,,
1790756446119547698,11.600,map,"nav2_feedback of the target goal (map, AMCL-based estimate)",-6.0311,-0.9929,-1.8641,,
1790756446129907590,11.600,map,"nav2_feedback of the target goal (map, AMCL-based estimate)",-6.0311,-0.9929,-1.8641,,
1790756446140452593,11.617,map,"nav2_feedback of the target goal (map, AMCL-based estimate)",-6.0311,-0.9927,-1.8538,,
1790756446149864219,11.617,map,"nav2_feedback of the target goal (map, AMCL-based estimate)",-6.0311,-0.9927,-1.8538,,
1790756446159972853,11.617,map,"nav2_feedback of the target goal (map, AMCL-based estimate)",-6.0311,-0.9927,-1.8538,,
1790756446169601209,11.617,map,"nav2_feedback of the target goal (map, AMCL-based estimate)",-6.0311,-0.9927,-1.8538,,
1790756446179924791,11.617,map,"nav2_feedback of the target goal (map, AMCL-based estimate)",-6.0311,-0.9927,-1.8538,,
1790756446190111955,11.617,map,"nav2_feedback of the target goal (map, AMCL-based estimate)",-6.0311,-0.9927,-1.8538,,
1790756446199640672,11.633,map,"nav2_feedback of the target goal (map, AMCL-based estimate)",-6.0310,-0.9925,-1.8437,,
1790756446209829712,11.633,map,"nav2_feedback of the target goal (map, AMCL-based estimate)",-6.0310,-0.9925,-1.8437,,
1790756446219747229,11.633,map,"nav2_feedback of the target goal (map, AMCL-based estimate)",-6.0310,-0.9925,-1.8437,,
1790756446229956911,11.633,map,"nav2_feedback of the target goal (map, AMCL-based estimate)",-6.0310,-0.9925,-1.8437,,
1790756446240132440,11.650,map,"nav2_feedback of the target goal (map, AMCL-based estimate)",-6.0309,-0.9923,-1.8336,,
1790756446249865409,11.650,map,"nav2_feedback of the target goal (map, AMCL-based estimate)",-6.0309,-0.9923,-1.8336,,
1790756446259719972,11.650,map,"nav2_feedback of the target goal (map, AMCL-based estimate)",-6.0309,-0.9923,-1.8336,,
1790756446270131747,11.650,map,"nav2_feedback of the target goal (map, AMCL-based estimate)",-6.0309,-0.9923,-1.8336,,
1790756446280104526,11.650,map,"nav2_feedback of the target goal (map, AMCL-based estimate)",-6.0309,-0.9923,-1.8336,,
1790756446290390297,11.650,map,"nav2_feedback of the target goal (map, AMCL-based estimate)",-6.0309,-0.9923,-1.8336,,
1790756446300099904,11.667,map,"nav2_feedback of the target goal (map, AMCL-based estimate)",-6.0309,-0.9920,-1.8236,,
1790756446310068648,11.667,map,"nav2_feedback of the target goal (map, AMCL-based estimate)",-6.0309,-0.9920,-1.8236,,
1790756446319694190,11.667,map,"nav2_feedback of the target goal (map, AMCL-based estimate)",-6.0309,-0.9920,-1.8236,,
1790756446329937741,11.667,map,"nav2_feedback of the target goal (map, AMCL-based estimate)",-6.0309,-0.9920,-1.8236,,
1790756446339991677,11.683,map,"nav2_feedback of the target goal (map, AMCL-based estimate)",-6.0308,-0.9918,-1.8137,,
1790756446350032008,11.683,map,"nav2_feedback of the target goal (map, AMCL-based estimate)",-6.0308,-0.9918,-1.8137,,
1790756446359545432,11.683,map,"nav2_feedback of the target goal (map, AMCL-based estimate)",-6.0308,-0.9918,-1.8137,,
1790756446369745168,11.683,map,"nav2_feedback of the target goal (map, AMCL-based estimate)",-6.0308,-0.9918,-1.8137,,
1790756446379601982,11.683,map,"nav2_feedback of the target goal (map, AMCL-based estimate)",-6.0308,-0.9918,-1.8137,,
1790756446390242778,11.683,map,"nav2_feedback of the target goal (map, AMCL-based estimate)",-6.0308,-0.9918,-1.8137,,
1790756446399703943,11.683,map,"nav2_feedback of the target goal (map, AMCL-based estimate)",-6.0308,-0.9918,-1.8137,,
1790756446409751217,11.700,map,"nav2_feedback of the target goal (map, AMCL-based estimate)",-6.0308,-0.9916,-1.8037,,
1790756446419928905,11.700,map,"nav2_feedback of the target goal (map, AMCL-based estimate)",-6.0308,-0.9916,-1.8037,,
1790756446429685985,11.700,map,"nav2_feedback of the target goal (map, AMCL-based estimate)",-6.0308,-0.9916,-1.8037,,
1790756446439899701,11.717,map,"nav2_feedback of the target goal (map, AMCL-based estimate)",-6.0307,-0.9914,-1.7938,,
1790756446449748259,11.717,map,"nav2_feedback of the target goal (map, AMCL-based estimate)",-6.0307,-0.9914,-1.7938,,
1790756446459748716,11.717,map,"nav2_feedback of the target goal (map, AMCL-based estimate)",-6.0307,-0.9914,-1.7938,,
1790756446469754614,11.717,map,"nav2_feedback of the target goal (map, AMCL-based estimate)",-6.0307,-0.9914,-1.7938,,
1790756446479823186,11.717,map,"nav2_feedback of the target goal (map, AMCL-based estimate)",-6.0307,-0.9914,-1.7938,,
1790756446490628641,11.717,map,"nav2_feedback of the target goal (map, AMCL-based estimate)",-6.0307,-0.9914,-1.7938,,
1790756446499751950,11.717,map,"nav2_feedback of the target goal (map, AMCL-based estimate)",-6.0307,-0.9914,-1.7938,,
1790756446510186149,11.733,map,"nav2_feedback of the target goal (map, AMCL-based estimate)",-6.0307,-0.9912,-1.7840,,
1790756446519743669,11.733,map,"nav2_feedback of the target goal (map, AMCL-based estimate)",-6.0307,-0.9912,-1.7840,,
1790756446529869848,11.733,map,"nav2_feedback of the target goal (map, AMCL-based estimate)",-6.0307,-0.9912,-1.7840,,
1790756446539923127,11.733,map,"nav2_feedback of the target goal (map, AMCL-based estimate)",-6.0307,-0.9912,-1.7840,,
1790756446549777971,11.750,map,"nav2_feedback of the target goal (map, AMCL-based estimate)",-6.0306,-0.9910,-1.7745,,
1790756446559651486,11.750,map,"nav2_feedback of the target goal (map, AMCL-based estimate)",-6.0306,-0.9910,-1.7745,,
1790756446569669957,11.750,map,"nav2_feedback of the target goal (map, AMCL-based estimate)",-6.0306,-0.9910,-1.7745,,
1790756446579759357,11.750,map,"nav2_feedback of the target goal (map, AMCL-based estimate)",-6.0306,-0.9910,-1.7745,,
1790756446590085378,11.750,map,"nav2_feedback of the target goal (map, AMCL-based estimate)",-6.0306,-0.9910,-1.7745,,
1790756446600049713,11.750,map,"nav2_feedback of the target goal (map, AMCL-based estimate)",-6.0306,-0.9910,-1.7745,,
1790756446609830344,11.767,map,"nav2_feedback of the target goal (map, AMCL-based estimate)",-6.0306,-0.9908,-1.7652,,
1790756446619830613,11.767,map,"nav2_feedback of the target goal (map, AMCL-based estimate)",-6.0306,-0.9908,-1.7652,,
1790756446629579625,11.767,map,"nav2_feedback of the target goal (map, AMCL-based estimate)",-6.0306,-0.9908,-1.7652,,
1790756446639903582,11.767,map,"nav2_feedback of the target goal (map, AMCL-based estimate)",-6.0306,-0.9908,-1.7652,,
1790756446649835455,11.767,map,"nav2_feedback of the target goal (map, AMCL-based estimate)",-6.0306,-0.9908,-1.7652,,
1790756446660177238,11.783,map,"nav2_feedback of the target goal (map, AMCL-based estimate)",-6.0306,-0.9906,-1.7562,,
1790756446669723687,11.783,map,"nav2_feedback of the target goal (map, AMCL-based estimate)",-6.0306,-0.9906,-1.7562,,
1790756446680150849,11.783,map,"nav2_feedback of the target goal (map, AMCL-based estimate)",-6.0306,-0.9906,-1.7562,,
1790756446690105708,11.783,map,"nav2_feedback of the target goal (map, AMCL-based estimate)",-6.0306,-0.9906,-1.7562,,
1790756446700128026,11.783,map,"nav2_feedback of the target goal (map, AMCL-based estimate)",-6.0306,-0.9906,-1.7562,,
1790756446709948249,11.800,map,"nav2_feedback of the target goal (map, AMCL-based estimate)",-6.0305,-0.9904,-1.7472,,
1790756446719761905,11.800,map,"nav2_feedback of the target goal (map, AMCL-based estimate)",-6.0305,-0.9904,-1.7472,,
1790756446729937716,11.800,map,"nav2_feedback of the target goal (map, AMCL-based estimate)",-6.0305,-0.9904,-1.7472,,
1790756446740372196,11.800,map,"nav2_feedback of the target goal (map, AMCL-based estimate)",-6.0305,-0.9904,-1.7472,,
1790756446749812908,11.817,map,"nav2_feedback of the target goal (map, AMCL-based estimate)",-6.0305,-0.9902,-1.7383,,
1790756446759881949,11.817,map,"nav2_feedback of the target goal (map, AMCL-based estimate)",-6.0305,-0.9902,-1.7383,,
1790756446769748990,11.817,map,"nav2_feedback of the target goal (map, AMCL-based estimate)",-6.0305,-0.9902,-1.7383,,
1790756446782604656,11.817,map,"nav2_feedback of the target goal (map, AMCL-based estimate)",-6.0305,-0.9902,-1.7383,,
1790756446790057454,11.817,map,"nav2_feedback of the target goal (map, AMCL-based estimate)",-6.0305,-0.9902,-1.7383,,
1790756446800028638,11.817,map,"nav2_feedback of the target goal (map, AMCL-based estimate)",-6.0305,-0.9902,-1.7383,,
1790756446809745563,11.817,map,"nav2_feedback of the target goal (map, AMCL-based estimate)",-6.0305,-0.9902,-1.7383,,
1790756446819846034,11.833,map,"nav2_feedback of the target goal (map, AMCL-based estimate)",-6.0304,-0.9900,-1.7294,,
1790756446829915169,11.833,map,"nav2_feedback of the target goal (map, AMCL-based estimate)",-6.0304,-0.9900,-1.7294,,
1790756446839929606,11.833,map,"nav2_feedback of the target goal (map, AMCL-based estimate)",-6.0304,-0.9900,-1.7294,,
1790756446849691096,11.850,map,"nav2_feedback of the target goal (map, AMCL-based estimate)",-6.0304,-0.9898,-1.7202,,
1790756446859849832,11.850,map,"nav2_feedback of the target goal (map, AMCL-based estimate)",-6.0304,-0.9898,-1.7202,,
1790756446869884158,11.850,map,"nav2_feedback of the target goal (map, AMCL-based estimate)",-6.0304,-0.9898,-1.7202,,
1790756446880248272,11.850,map,"nav2_feedback of the target goal (map, AMCL-based estimate)",-6.0304,-0.9898,-1.7202,,
1790756446890323130,11.850,map,"nav2_feedback of the target goal (map, AMCL-based estimate)",-6.0304,-0.9898,-1.7202,,
1790756446899946232,11.850,map,"nav2_feedback of the target goal (map, AMCL-based estimate)",-6.0304,-0.9898,-1.7202,,
1790756446909637356,11.867,map,"nav2_feedback of the target goal (map, AMCL-based estimate)",-6.0304,-0.9896,-1.7105,,
1790756446919985988,11.867,map,"nav2_feedback of the target goal (map, AMCL-based estimate)",-6.0304,-0.9896,-1.7105,,
1790756446929853498,11.867,map,"nav2_feedback of the target goal (map, AMCL-based estimate)",-6.0304,-0.9896,-1.7105,,
1790756446939998442,11.867,map,"nav2_feedback of the target goal (map, AMCL-based estimate)",-6.0304,-0.9896,-1.7105,,
1790756446949850940,11.883,map,"nav2_feedback of the target goal (map, AMCL-based estimate)",-6.0304,-0.9894,-1.7004,,
1790756446960192630,11.883,map,"nav2_feedback of the target goal (map, AMCL-based estimate)",-6.0304,-0.9894,-1.7004,,
1790756446969660550,11.883,map,"nav2_feedback of the target goal (map, AMCL-based estimate)",-6.0304,-0.9894,-1.7004,,
1790756446980286334,11.883,map,"nav2_feedback of the target goal (map, AMCL-based estimate)",-6.0304,-0.9894,-1.7004,,
1790756446990364007,11.883,map,"nav2_feedback of the target goal (map, AMCL-based estimate)",-6.0304,-0.9894,-1.7004,,
1790756446999946108,11.883,map,"nav2_feedback of the target goal (map, AMCL-based estimate)",-6.0304,-0.9894,-1.7004,,
1790756447009684143,11.900,map,"nav2_feedback of the target goal (map, AMCL-based estimate)",-6.0303,-0.9891,-1.6900,,
1790756447019677188,11.900,map,"nav2_feedback of the target goal (map, AMCL-based estimate)",-6.0303,-0.9891,-1.6900,,
1790756447030057251,11.900,map,"nav2_feedback of the target goal (map, AMCL-based estimate)",-6.0303,-0.9891,-1.6900,,
1790756447040827710,11.900,map,"nav2_feedback of the target goal (map, AMCL-based estimate)",-6.0303,-0.9891,-1.6900,,
1790756447049847064,11.917,map,"nav2_feedback of the target goal (map, AMCL-based estimate)",-6.0303,-0.9889,-1.6794,,
1790756447059828756,11.917,map,"nav2_feedback of the target goal (map, AMCL-based estimate)",-6.0303,-0.9889,-1.6794,,
1790756447070100454,11.917,map,"nav2_feedback of the target goal (map, AMCL-based estimate)",-6.0303,-0.9889,-1.6794,,
1790756447079947605,11.917,map,"nav2_feedback of the target goal (map, AMCL-based estimate)",-6.0303,-0.9889,-1.6794,,
1790756447090179334,11.917,map,"nav2_feedback of the target goal (map, AMCL-based estimate)",-6.0303,-0.9889,-1.6794,,
1790756447099883311,11.917,map,"nav2_feedback of the target goal (map, AMCL-based estimate)",-6.0303,-0.9889,-1.6794,,
1790756447109578188,11.933,map,"nav2_feedback of the target goal (map, AMCL-based estimate)",-6.0303,-0.9887,-1.6687,,
1790756447119851856,11.933,map,"nav2_feedback of the target goal (map, AMCL-based estimate)",-6.0303,-0.9887,-1.6687,,
1790756447129954017,11.933,map,"nav2_feedback of the target goal (map, AMCL-based estimate)",-6.0303,-0.9887,-1.6687,,
1790756447139873598,11.933,map,"nav2_feedback of the target goal (map, AMCL-based estimate)",-6.0303,-0.9887,-1.6687,,
1790756447149573635,11.950,map,"nav2_feedback of the target goal (map, AMCL-based estimate)",-6.0303,-0.9884,-1.6578,,
1790756447159968147,11.950,map,"nav2_feedback of the target goal (map, AMCL-based estimate)",-6.0303,-0.9884,-1.6578,,
1790756447169678692,11.950,map,"nav2_feedback of the target goal (map, AMCL-based estimate)",-6.0303,-0.9884,-1.6578,,
1790756447182714872,11.950,map,"nav2_feedback of the target goal (map, AMCL-based estimate)",-6.0303,-0.9884,-1.6578,,
1790756447189818932,11.950,map,"nav2_feedback of the target goal (map, AMCL-based estimate)",-6.0303,-0.9884,-1.6578,,
1790756447200425483,11.950,map,"nav2_feedback of the target goal (map, AMCL-based estimate)",-6.0303,-0.9884,-1.6578,,
1790756447209599362,11.967,map,"nav2_feedback of the target goal (map, AMCL-based estimate)",-6.0302,-0.9882,-1.6469,,
1790756447219652454,11.967,map,"nav2_feedback of the target goal (map, AMCL-based estimate)",-6.0302,-0.9882,-1.6469,,
1790756447229932689,11.967,map,"nav2_feedback of the target goal (map, AMCL-based estimate)",-6.0302,-0.9882,-1.6469,,
1790756447239729270,11.967,map,"nav2_feedback of the target goal (map, AMCL-based estimate)",-6.0302,-0.9882,-1.6469,,
1790756447249945049,11.983,map,"nav2_feedback of the target goal (map, AMCL-based estimate)",-6.0302,-0.9880,-1.6359,,
1790756447259582975,11.983,map,"nav2_feedback of the target goal (map, AMCL-based estimate)",-6.0302,-0.9880,-1.6359,,
1790756447269560821,11.983,map,"nav2_feedback of the target goal (map, AMCL-based estimate)",-6.0302,-0.9880,-1.6359,,
1790756447279606406,11.983,map,"nav2_feedback of the target goal (map, AMCL-based estimate)",-6.0302,-0.9880,-1.6359,,
1790756447290536927,11.983,map,"nav2_feedback of the target goal (map, AMCL-based estimate)",-6.0302,-0.9880,-1.6359,,
1790756447302617243,11.983,map,"nav2_feedback of the target goal (map, AMCL-based estimate)",-6.0302,-0.9880,-1.6359,,
1790756447309684242,12.000,map,"nav2_feedback of the target goal (map, AMCL-based estimate)",-6.0302,-0.9877,-1.6250,,
1790756447320185055,12.000,map,"nav2_feedback of the target goal (map, AMCL-based estimate)",-6.0302,-0.9877,-1.6250,,
1790756447329912394,12.000,map,"nav2_feedback of the target goal (map, AMCL-based estimate)",-6.0302,-0.9877,-1.6250,,
1790756447340152849,12.000,map,"nav2_feedback of the target goal (map, AMCL-based estimate)",-6.0302,-0.9877,-1.6250,,
1790756447349921282,12.017,map,"nav2_feedback of the target goal (map, AMCL-based estimate)",-6.0302,-0.9875,-1.6143,,
1790756447359876235,12.017,map,"nav2_feedback of the target goal (map, AMCL-based estimate)",-6.0302,-0.9875,-1.6143,,
1790756447369766638,12.017,map,"nav2_feedback of the target goal (map, AMCL-based estimate)",-6.0302,-0.9875,-1.6143,,
1790756447379906515,12.017,map,"nav2_feedback of the target goal (map, AMCL-based estimate)",-6.0302,-0.9875,-1.6143,,
1790756447390158135,12.017,map,"nav2_feedback of the target goal (map, AMCL-based estimate)",-6.0302,-0.9875,-1.6143,,
1790756447399727383,12.017,map,"nav2_feedback of the target goal (map, AMCL-based estimate)",-6.0302,-0.9875,-1.6143,,
1790756447409805431,12.017,map,"nav2_feedback of the target goal (map, AMCL-based estimate)",-6.0302,-0.9875,-1.6143,,
1790756447422540723,12.033,map,"nav2_feedback of the target goal (map, AMCL-based estimate)",-6.0302,-0.9873,-1.6039,,
1790756447430117460,12.033,map,"nav2_feedback of the target goal (map, AMCL-based estimate)",-6.0302,-0.9873,-1.6039,,
1790756447440376492,12.033,map,"nav2_feedback of the target goal (map, AMCL-based estimate)",-6.0302,-0.9873,-1.6039,,
1790756447449800128,12.033,map,"nav2_feedback of the target goal (map, AMCL-based estimate)",-6.0302,-0.9873,-1.6039,,
1790756447459493409,12.050,map,"nav2_feedback of the target goal (map, AMCL-based estimate)",-6.0302,-0.9870,-1.5937,,
1790756447469725420,12.050,map,"nav2_feedback of the target goal (map, AMCL-based estimate)",-6.0302,-0.9870,-1.5937,,
1790756447479520969,12.050,map,"nav2_feedback of the target goal (map, AMCL-based estimate)",-6.0302,-0.9870,-1.5937,,
1790756447490108379,12.050,map,"nav2_feedback of the target goal (map, AMCL-based estimate)",-6.0302,-0.9870,-1.5937,,
1790756447500064740,12.050,map,"nav2_feedback of the target goal (map, AMCL-based estimate)",-6.0302,-0.9870,-1.5937,,
1790756447509708483,12.050,map,"nav2_feedback of the target goal (map, AMCL-based estimate)",-6.0302,-0.9870,-1.5937,,
1790756447519597291,12.067,map,"nav2_feedback of the target goal (map, AMCL-based estimate)",-6.0302,-0.9868,-1.5835,,
1790756447529928754,12.067,map,"nav2_feedback of the target goal (map, AMCL-based estimate)",-6.0302,-0.9868,-1.5835,,
1790756447539933714,12.067,map,"nav2_feedback of the target goal (map, AMCL-based estimate)",-6.0302,-0.9868,-1.5835,,
1790756447549682820,12.083,map,"nav2_feedback of the target goal (map, AMCL-based estimate)",-6.0302,-0.9866,-1.5735,,
1790756447559739007,12.083,map,"nav2_feedback of the target goal (map, AMCL-based estimate)",-6.0302,-0.9866,-1.5735,,
1790756447569605861,12.083,map,"nav2_feedback of the target goal (map, AMCL-based estimate)",-6.0302,-0.9866,-1.5735,,
1790756447579542330,12.083,map,"nav2_feedback of the target goal (map, AMCL-based estimate)",-6.0302,-0.9866,-1.5735,,
1790756447593176255,12.083,map,"nav2_feedback of the target goal (map, AMCL-based estimate)",-6.0302,-0.9866,-1.5735,,
1790756447600184146,12.083,map,"nav2_feedback of the target goal (map, AMCL-based estimate)",-6.0302,-0.9866,-1.5735,,
1790756447610061038,12.100,map,"nav2_feedback of the target goal (map, AMCL-based estimate)",-6.0302,-0.9864,-1.5634,,
1790756447619527926,12.100,map,"nav2_feedback of the target goal (map, AMCL-based estimate)",-6.0302,-0.9864,-1.5634,,
1790756447629762658,12.100,map,"nav2_feedback of the target goal (map, AMCL-based estimate)",-6.0302,-0.9864,-1.5634,,
1790756447640624969,12.100,map,"nav2_feedback of the target goal (map, AMCL-based estimate)",-6.0302,-0.9864,-1.5634,,
1790756447649629405,12.117,map,"nav2_feedback of the target goal (map, AMCL-based estimate)",-6.0302,-0.9861,-1.5535,,
1790756447659759994,12.117,map,"nav2_feedback of the target goal (map, AMCL-based estimate)",-6.0302,-0.9861,-1.5535,,
1790756447669584909,12.117,map,"nav2_feedback of the target goal (map, AMCL-based estimate)",-6.0302,-0.9861,-1.5535,,
1790756447679675341,12.117,map,"nav2_feedback of the target goal (map, AMCL-based estimate)",-6.0302,-0.9861,-1.5535,,
1790756447690318577,12.117,map,"nav2_feedback of the target goal (map, AMCL-based estimate)",-6.0302,-0.9861,-1.5535,,
1790756447699781711,12.117,map,"nav2_feedback of the target goal (map, AMCL-based estimate)",-6.0302,-0.9861,-1.5535,,
1790756447709948516,12.133,map,"nav2_feedback of the target goal (map, AMCL-based estimate)",-6.0302,-0.9859,-1.5436,,
1790756447719892022,12.133,map,"nav2_feedback of the target goal (map, AMCL-based estimate)",-6.0302,-0.9859,-1.5436,,
1790756447729677062,12.133,map,"nav2_feedback of the target goal (map, AMCL-based estimate)",-6.0302,-0.9859,-1.5436,,
1790756447740516011,12.133,map,"nav2_feedback of the target goal (map, AMCL-based estimate)",-6.0302,-0.9859,-1.5436,,
1790756447750279003,12.150,map,"nav2_feedback of the target goal (map, AMCL-based estimate)",-6.0302,-0.9857,-1.5341,,
1790756447759869361,12.150,map,"nav2_feedback of the target goal (map, AMCL-based estimate)",-6.0302,-0.9857,-1.5341,,
1790756447770944744,12.150,map,"nav2_feedback of the target goal (map, AMCL-based estimate)",-6.0302,-0.9857,-1.5341,,
1790756447779725225,12.150,map,"nav2_feedback of the target goal (map, AMCL-based estimate)",-6.0302,-0.9857,-1.5341,,
1790756447790317421,12.150,map,"nav2_feedback of the target goal (map, AMCL-based estimate)",-6.0302,-0.9857,-1.5341,,
1790756447800032845,12.150,map,"nav2_feedback of the target goal (map, AMCL-based estimate)",-6.0302,-0.9857,-1.5341,,
1790756447809785516,12.167,map,"nav2_feedback of the target goal (map, AMCL-based estimate)",-6.0302,-0.9855,-1.5248,,
1790756447819794698,12.167,map,"nav2_feedback of the target goal (map, AMCL-based estimate)",-6.0302,-0.9855,-1.5248,,
1790756447830094824,12.167,map,"nav2_feedback of the target goal (map, AMCL-based estimate)",-6.0302,-0.9855,-1.5248,,
1790756447839945259,12.167,map,"nav2_feedback of the target goal (map, AMCL-based estimate)",-6.0302,-0.9855,-1.5248,,
1790756447849885763,12.183,map,"nav2_feedback of the target goal (map, AMCL-based estimate)",-6.0302,-0.9853,-1.5157,,
1790756447859837338,12.183,map,"nav2_feedback of the target goal (map, AMCL-based estimate)",-6.0302,-0.9853,-1.5157,,
1790756447869590854,12.183,map,"nav2_feedback of the target goal (map, AMCL-based estimate)",-6.0302,-0.9853,-1.5157,,
1790756447880223581,12.183,map,"nav2_feedback of the target goal (map, AMCL-based estimate)",-6.0302,-0.9853,-1.5157,,
1790756447890477922,12.183,map,"nav2_feedback of the target goal (map, AMCL-based estimate)",-6.0302,-0.9853,-1.5157,,
1790756447899877445,12.183,map,"nav2_feedback of the target goal (map, AMCL-based estimate)",-6.0302,-0.9853,-1.5157,,
1790756447909834556,12.200,map,"nav2_feedback of the target goal (map, AMCL-based estimate)",-6.0302,-0.9851,-1.5068,,
1790756447919752636,12.200,map,"nav2_feedback of the target goal (map, AMCL-based estimate)",-6.0302,-0.9851,-1.5068,,
1790756447929950965,12.200,map,"nav2_feedback of the target goal (map, AMCL-based estimate)",-6.0302,-0.9851,-1.5068,,
1790756447939851125,12.200,map,"nav2_feedback of the target goal (map, AMCL-based estimate)",-6.0302,-0.9851,-1.5068,,
1790756447951629145,12.217,map,"nav2_feedback of the target goal (map, AMCL-based estimate)",-6.0302,-0.9849,-1.4979,,
1790756447959621704,12.217,map,"nav2_feedback of the target goal (map, AMCL-based estimate)",-6.0302,-0.9849,-1.4979,,
1790756447969716171,12.217,map,"nav2_feedback of the target goal (map, AMCL-based estimate)",-6.0302,-0.9849,-1.4979,,
1790756447979639412,12.217,map,"nav2_feedback of the target goal (map, AMCL-based estimate)",-6.0302,-0.9849,-1.4979,,
1790756447993141516,12.217,map,"nav2_feedback of the target goal (map, AMCL-based estimate)",-6.0302,-0.9849,-1.4979,,
1790756448000012426,12.217,map,"nav2_feedback of the target goal (map, AMCL-based estimate)",-6.0302,-0.9849,-1.4979,,
1790756448010976065,12.233,map,"nav2_feedback of the target goal (map, AMCL-based estimate)",-6.0303,-0.9847,-1.4891,,
1790756448020014559,12.233,map,"nav2_feedback of the target goal (map, AMCL-based estimate)",-6.0303,-0.9847,-1.4891,,
1790756448029866870,12.233,map,"nav2_feedback of the target goal (map, AMCL-based estimate)",-6.0303,-0.9847,-1.4891,,
1790756448039996145,12.233,map,"nav2_feedback of the target goal (map, AMCL-based estimate)",-6.0303,-0.9847,-1.4891,,
1790756448049580686,12.250,map,"nav2_feedback of the target goal (map, AMCL-based estimate)",-6.0303,-0.9845,-1.4803,,
1790756448059526445,12.250,map,"nav2_feedback of the target goal (map, AMCL-based estimate)",-6.0303,-0.9845,-1.4803,,
1790756448069769339,12.250,map,"nav2_feedback of the target goal (map, AMCL-based estimate)",-6.0303,-0.9845,-1.4803,,
1790756448080144805,12.250,map,"nav2_feedback of the target goal (map, AMCL-based estimate)",-6.0303,-0.9845,-1.4803,,
1790756448090595235,12.250,map,"nav2_feedback of the target goal (map, AMCL-based estimate)",-6.0303,-0.9845,-1.4803,,
1790756448099793790,12.250,map,"nav2_feedback of the target goal (map, AMCL-based estimate)",-6.0303,-0.9845,-1.4803,,
1790756448110108364,12.267,map,"nav2_feedback of the target goal (map, AMCL-based estimate)",-6.0303,-0.9843,-1.4715,,
1790756448120124865,12.267,map,"nav2_feedback of the target goal (map, AMCL-based estimate)",-6.0303,-0.9843,-1.4715,,
1790756448129973517,12.267,map,"nav2_feedback of the target goal (map, AMCL-based estimate)",-6.0303,-0.9843,-1.4715,,
1790756448140135630,12.267,map,"nav2_feedback of the target goal (map, AMCL-based estimate)",-6.0303,-0.9843,-1.4715,,
1790756448149958668,12.267,map,"nav2_feedback of the target goal (map, AMCL-based estimate)",-6.0303,-0.9843,-1.4715,,
1790756448159877218,12.283,map,"nav2_feedback of the target goal (map, AMCL-based estimate)",-6.0303,-0.9841,-1.4629,,
1790756448169579975,12.283,map,"nav2_feedback of the target goal (map, AMCL-based estimate)",-6.0303,-0.9841,-1.4629,,
1790756448179632879,12.283,map,"nav2_feedback of the target goal (map, AMCL-based estimate)",-6.0303,-0.9841,-1.4629,,
1790756448190101135,12.283,map,"nav2_feedback of the target goal (map, AMCL-based estimate)",-6.0303,-0.9841,-1.4629,,
1790756448199781844,12.300,map,"nav2_feedback of the target goal (map, AMCL-based estimate)",-6.0303,-0.9839,-1.4546,,
1790756448209826586,12.300,map,"nav2_feedback of the target goal (map, AMCL-based estimate)",-6.0303,-0.9839,-1.4546,,
1790756448219742414,12.300,map,"nav2_feedback of the target goal (map, AMCL-based estimate)",-6.0303,-0.9839,-1.4546,,
1790756448229717633,12.300,map,"nav2_feedback of the target goal (map, AMCL-based estimate)",-6.0303,-0.9839,-1.4546,,
1790756448239811443,12.317,map,"nav2_feedback of the target goal (map, AMCL-based estimate)",-6.0304,-0.9837,-1.4466,,
1790756448249600705,12.317,map,"nav2_feedback of the target goal (map, AMCL-based estimate)",-6.0304,-0.9837,-1.4466,,
1790756448259970448,12.317,map,"nav2_feedback of the target goal (map, AMCL-based estimate)",-6.0304,-0.9837,-1.4466,,
1790756448269583980,12.317,map,"nav2_feedback of the target goal (map, AMCL-based estimate)",-6.0304,-0.9837,-1.4466,,
1790756448280246730,12.317,map,"nav2_feedback of the target goal (map, AMCL-based estimate)",-6.0304,-0.9837,-1.4466,,
1790756448290240526,12.317,map,"nav2_feedback of the target goal (map, AMCL-based estimate)",-6.0304,-0.9837,-1.4466,,
1790756448299941595,12.333,map,"nav2_feedback of the target goal (map, AMCL-based estimate)",-6.0304,-0.9835,-1.4387,,
1790756448310109525,12.333,map,"nav2_feedback of the target goal (map, AMCL-based estimate)",-6.0304,-0.9835,-1.4387,,
1790756448319838365,12.333,map,"nav2_feedback of the target goal (map, AMCL-based estimate)",-6.0304,-0.9835,-1.4387,,
1790756448329889111,12.350,map,"nav2_feedback of the target goal (map, AMCL-based estimate)",-6.0304,-0.9834,-1.4310,,
1790756448339975978,12.350,map,"nav2_feedback of the target goal (map, AMCL-based estimate)",-6.0304,-0.9834,-1.4310,,
1790756448349620191,12.350,map,"nav2_feedback of the target goal (map, AMCL-based estimate)",-6.0304,-0.9834,-1.4310,,
1790756448359501774,12.350,map,"nav2_feedback of the target goal (map, AMCL-based estimate)",-6.0304,-0.9834,-1.4310,,
1790756448370163962,12.350,map,"nav2_feedback of the target goal (map, AMCL-based estimate)",-6.0304,-0.9834,-1.4310,,
1790756448380102871,12.350,map,"nav2_feedback of the target goal (map, AMCL-based estimate)",-6.0304,-0.9834,-1.4310,,
1790756448390020670,12.350,map,"nav2_feedback of the target goal (map, AMCL-based estimate)",-6.0304,-0.9834,-1.4310,,
1790756448399785632,12.367,map,"nav2_feedback of the target goal (map, AMCL-based estimate)",-6.0304,-0.9832,-1.4233,,
1790756448411588233,12.367,map,"nav2_feedback of the target goal (map, AMCL-based estimate)",-6.0304,-0.9832,-1.4233,,
1790756448419820791,12.367,map,"nav2_feedback of the target goal (map, AMCL-based estimate)",-6.0304,-0.9832,-1.4233,,
1790756448429895180,12.367,map,"nav2_feedback of the target goal (map, AMCL-based estimate)",-6.0304,-0.9832,-1.4233,,
1790756448440116870,12.383,map,"nav2_feedback of the target goal (map, AMCL-based estimate)",-6.0304,-0.9830,-1.4157,,
1790756448449803396,12.383,map,"nav2_feedback of the target goal (map, AMCL-based estimate)",-6.0304,-0.9830,-1.4157,,
1790756448459633565,12.383,map,"nav2_feedback of the target goal (map, AMCL-based estimate)",-6.0304,-0.9830,-1.4157,,
1790756448469853098,12.383,map,"nav2_feedback of the target goal (map, AMCL-based estimate)",-6.0304,-0.9830,-1.4157,,
1790756448479959856,12.383,map,"nav2_feedback of the target goal (map, AMCL-based estimate)",-6.0304,-0.9830,-1.4157,,
1790756448490299669,12.383,map,"nav2_feedback of the target goal (map, AMCL-based estimate)",-6.0304,-0.9830,-1.4157,,
1790756448499918924,12.400,map,"nav2_feedback of the target goal (map, AMCL-based estimate)",-6.0305,-0.9828,-1.4081,,
1790756448509827998,12.400,map,"nav2_feedback of the target goal (map, AMCL-based estimate)",-6.0305,-0.9828,-1.4081,,
1790756448519616509,12.400,map,"nav2_feedback of the target goal (map, AMCL-based estimate)",-6.0305,-0.9828,-1.4081,,
1790756448529956885,12.417,map,"nav2_feedback of the target goal (map, AMCL-based estimate)",-6.0429,-0.9925,-1.3947,,
1790756448539814919,12.417,map,"nav2_feedback of the target goal (map, AMCL-based estimate)",-6.0429,-0.9925,-1.3947,,
1790756448549837049,12.417,map,"nav2_feedback of the target goal (map, AMCL-based estimate)",-6.0429,-0.9925,-1.3947,,
1790756448559755599,12.417,map,"nav2_feedback of the target goal (map, AMCL-based estimate)",-6.0429,-0.9925,-1.3947,,
1790756448569835992,12.417,map,"nav2_feedback of the target goal (map, AMCL-based estimate)",-6.0429,-0.9925,-1.3947,,
1790756448579687646,12.417,map,"nav2_feedback of the target goal (map, AMCL-based estimate)",-6.0429,-0.9925,-1.3947,,
1790756448590086662,12.433,map,"nav2_feedback of the target goal (map, AMCL-based estimate)",-6.0553,-1.0022,-1.3815,,
1790756448600603893,12.433,map,"nav2_feedback of the target goal (map, AMCL-based estimate)",-6.0553,-1.0022,-1.3815,,
1790756448610010641,12.433,map,"nav2_feedback of the target goal (map, AMCL-based estimate)",-6.0553,-1.0022,-1.3815,,
1790756448619825985,12.433,map,"nav2_feedback of the target goal (map, AMCL-based estimate)",-6.0553,-1.0022,-1.3815,,
1790756448629786568,12.450,map,"nav2_feedback of the target goal (map, AMCL-based estimate)",-6.0677,-1.0118,-1.3686,,
1790756448640038000,12.450,map,"nav2_feedback of the target goal (map, AMCL-based estimate)",-6.0677,-1.0118,-1.3686,,
1790756448649769092,12.450,map,"nav2_feedback of the target goal (map, AMCL-based estimate)",-6.0677,-1.0118,-1.3686,,
1790756448659992002,12.450,map,"nav2_feedback of the target goal (map, AMCL-based estimate)",-6.0677,-1.0118,-1.3686,,
1790756448669887565,12.450,map,"nav2_feedback of the target goal (map, AMCL-based estimate)",-6.0677,-1.0118,-1.3686,,
1790756448682589268,12.450,map,"nav2_feedback of the target goal (map, AMCL-based estimate)",-6.0677,-1.0118,-1.3686,,
1790756448689871966,12.467,map,"nav2_feedback of the target goal (map, AMCL-based estimate)",-6.0801,-1.0215,-1.3559,,
1790756448700349604,12.467,map,"nav2_feedback of the target goal (map, AMCL-based estimate)",-6.0801,-1.0215,-1.3559,,
1790756448709830190,12.467,map,"nav2_feedback of the target goal (map, AMCL-based estimate)",-6.0801,-1.0215,-1.3559,,
1790756448719880467,12.467,map,"nav2_feedback of the target goal (map, AMCL-based estimate)",-6.0801,-1.0215,-1.3559,,
1790756448729973526,12.483,map,"nav2_feedback of the target goal (map, AMCL-based estimate)",-6.0926,-1.0311,-1.3434,,
1790756448741224263,12.483,map,"nav2_feedback of the target goal (map, AMCL-based estimate)",-6.0926,-1.0311,-1.3434,,
1790756448749922837,12.483,map,"nav2_feedback of the target goal (map, AMCL-based estimate)",-6.0926,-1.0311,-1.3434,,
1790756448759680388,12.483,map,"nav2_feedback of the target goal (map, AMCL-based estimate)",-6.0926,-1.0311,-1.3434,,
1790756448770331598,12.483,map,"nav2_feedback of the target goal (map, AMCL-based estimate)",-6.0926,-1.0311,-1.3434,,
1790756448779962769,12.500,map,"nav2_feedback of the target goal (map, AMCL-based estimate)",-6.1050,-1.0408,-1.3311,,
1790756448790062115,12.500,map,"nav2_feedback of the target goal (map, AMCL-based estimate)",-6.1050,-1.0408,-1.3311,,
1790756448800509261,12.500,map,"nav2_feedback of the target goal (map, AMCL-based estimate)",-6.1050,-1.0408,-1.3311,,
1790756448810136585,12.500,map,"nav2_feedback of the target goal (map, AMCL-based estimate)",-6.1050,-1.0408,-1.3311,,
1790756448819804347,12.500,map,"nav2_feedback of the target goal (map, AMCL-based estimate)",-6.1050,-1.0408,-1.3311,,
1790756448829969838,12.517,map,"nav2_feedback of the target goal (map, AMCL-based estimate)",-6.1051,-1.0406,-1.3247,,
1790756448839959411,12.517,map,"nav2_feedback of the target goal (map, AMCL-based estimate)",-6.1051,-1.0406,-1.3247,,
1790756448849644061,12.517,map,"nav2_feedback of the target goal (map, AMCL-based estimate)",-6.1051,-1.0406,-1.3247,,
1790756448859794634,12.517,map,"nav2_feedback of the target goal (map, AMCL-based estimate)",-6.1051,-1.0406,-1.3247,,
1790756448869979170,12.517,map,"nav2_feedback of the target goal (map, AMCL-based estimate)",-6.1051,-1.0406,-1.3247,,
1790756448879906727,12.517,map,"nav2_feedback of the target goal (map, AMCL-based estimate)",-6.1051,-1.0406,-1.3247,,
1790756448890017707,12.517,map,"nav2_feedback of the target goal (map, AMCL-based estimate)",-6.1051,-1.0406,-1.3247,,
1790756448899716243,12.533,map,"nav2_feedback of the target goal (map, AMCL-based estimate)",-6.1051,-1.0404,-1.3183,,
1790756448909846081,12.533,map,"nav2_feedback of the target goal (map, AMCL-based estimate)",-6.1051,-1.0404,-1.3183,,
1790756448919831901,12.533,map,"nav2_feedback of the target goal (map, AMCL-based estimate)",-6.1051,-1.0404,-1.3183,,
1790756448930048337,12.533,map,"nav2_feedback of the target goal (map, AMCL-based estimate)",-6.1051,-1.0404,-1.3183,,
1790756448939904964,12.550,map,"nav2_feedback of the target goal (map, AMCL-based estimate)",-6.1051,-1.0403,-1.3120,,
1790756448949603500,12.550,map,"nav2_feedback of the target goal (map, AMCL-based estimate)",-6.1051,-1.0403,-1.3120,,
1790756448959876136,12.550,map,"nav2_feedback of the target goal (map, AMCL-based estimate)",-6.1051,-1.0403,-1.3120,,
1790756448969770761,12.550,map,"nav2_feedback of the target goal (map, AMCL-based estimate)",-6.1051,-1.0403,-1.3120,,
1790756448982368133,12.550,map,"nav2_feedback of the target goal (map, AMCL-based estimate)",-6.1051,-1.0403,-1.3120,,
1790756448989931360,12.567,map,"nav2_feedback of the target goal (map, AMCL-based estimate)",-6.1052,-1.0401,-1.3057,,
1790756448999747643,12.567,map,"nav2_feedback of the target goal (map, AMCL-based estimate)",-6.1052,-1.0401,-1.3057,,
1790756449010021030,12.567,map,"nav2_feedback of the target goal (map, AMCL-based estimate)",-6.1052,-1.0401,-1.3057,,
1790756449020261297,12.567,map,"nav2_feedback of the target goal (map, AMCL-based estimate)",-6.1052,-1.0401,-1.3057,,
1790756449029930748,12.583,map,"nav2_feedback of the target goal (map, AMCL-based estimate)",-6.1052,-1.0399,-1.2994,,
1790756449040322633,12.583,map,"nav2_feedback of the target goal (map, AMCL-based estimate)",-6.1052,-1.0399,-1.2994,,
1790756449049858761,12.583,map,"nav2_feedback of the target goal (map, AMCL-based estimate)",-6.1052,-1.0399,-1.2994,,
1790756449060224939,12.583,map,"nav2_feedback of the target goal (map, AMCL-based estimate)",-6.1052,-1.0399,-1.2994,,
1790756449069582523,12.583,map,"nav2_feedback of the target goal (map, AMCL-based estimate)",-6.1052,-1.0399,-1.2994,,
1790756449079685903,12.600,map,"nav2_feedback of the target goal (map, AMCL-based estimate)",-6.1053,-1.0397,-1.2932,,
1790756449090197036,12.600,map,"nav2_feedback of the target goal (map, AMCL-based estimate)",-6.1053,-1.0397,-1.2932,,
1790756449099680249,12.600,map,"nav2_feedback of the target goal (map, AMCL-based estimate)",-6.1053,-1.0397,-1.2932,,
1790756449110142313,12.600,map,"nav2_feedback of the target goal (map, AMCL-based estimate)",-6.1053,-1.0397,-1.2932,,
1790756449119796658,12.600,map,"nav2_feedback of the target goal (map, AMCL-based estimate)",-6.1053,-1.0397,-1.2932,,
1790756449129862322,12.617,map,"nav2_feedback of the target goal (map, AMCL-based estimate)",-6.1053,-1.0396,-1.2870,,
1790756449140160290,12.617,map,"nav2_feedback of the target goal (map, AMCL-based estimate)",-6.1053,-1.0396,-1.2870,,
1790756449150357211,12.617,map,"nav2_feedback of the target goal (map, AMCL-based estimate)",-6.1053,-1.0396,-1.2870,,
1790756449159686367,12.617,map,"nav2_feedback of the target goal (map, AMCL-based estimate)",-6.1053,-1.0396,-1.2870,,
1790756449170379423,12.617,map,"nav2_feedback of the target goal (map, AMCL-based estimate)",-6.1053,-1.0396,-1.2870,,
1790756449179671331,12.633,map,"nav2_feedback of the target goal (map, AMCL-based estimate)",-6.1054,-1.0394,-1.2812,,
1790756449190008892,12.633,map,"nav2_feedback of the target goal (map, AMCL-based estimate)",-6.1054,-1.0394,-1.2812,,
1790756449199814855,12.633,map,"nav2_feedback of the target goal (map, AMCL-based estimate)",-6.1054,-1.0394,-1.2812,,
1790756449209902942,12.633,map,"nav2_feedback of the target goal (map, AMCL-based estimate)",-6.1054,-1.0394,-1.2812,,
1790756449219918880,12.650,map,"nav2_feedback of the target goal (map, AMCL-based estimate)",-6.1054,-1.0393,-1.2757,,
1790756449232653045,12.650,map,"nav2_feedback of the target goal (map, AMCL-based estimate)",-6.1054,-1.0393,-1.2757,,
1790756449239985187,12.650,map,"nav2_feedback of the target goal (map, AMCL-based estimate)",-6.1054,-1.0393,-1.2757,,
1790756449249953932,12.650,map,"nav2_feedback of the target goal (map, AMCL-based estimate)",-6.1054,-1.0393,-1.2757,,
1790756449259679395,12.650,map,"nav2_feedback of the target goal (map, AMCL-based estimate)",-6.1054,-1.0393,-1.2757,,
1790756449270333045,12.650,map,"nav2_feedback of the target goal (map, AMCL-based estimate)",-6.1054,-1.0393,-1.2757,,
1790756449280062635,12.667,map,"nav2_feedback of the target goal (map, AMCL-based estimate)",-6.1055,-1.0391,-1.2701,,
1790756449293003586,12.667,map,"nav2_feedback of the target goal (map, AMCL-based estimate)",-6.1055,-1.0391,-1.2701,,
1790756449299862300,12.667,map,"nav2_feedback of the target goal (map, AMCL-based estimate)",-6.1055,-1.0391,-1.2701,,
1790756449310173028,12.667,map,"nav2_feedback of the target goal (map, AMCL-based estimate)",-6.1055,-1.0391,-1.2701,,
1790756449319835160,12.683,map,"nav2_feedback of the target goal (map, AMCL-based estimate)",-6.1055,-1.0389,-1.2644,,
1790756449329876524,12.683,map,"nav2_feedback of the target goal (map, AMCL-based estimate)",-6.1055,-1.0389,-1.2644,,
1790756449340154883,12.683,map,"nav2_feedback of the target goal (map, AMCL-based estimate)",-6.1055,-1.0389,-1.2644,,
1790756449351310202,12.683,map,"nav2_feedback of the target goal (map, AMCL-based estimate)",-6.1055,-1.0389,-1.2644,,
1790756449359810717,12.683,map,"nav2_feedback of the target goal (map, AMCL-based estimate)",-6.1055,-1.0389,-1.2644,,
1790756449369595288,12.683,map,"nav2_feedback of the target goal (map, AMCL-based estimate)",-6.1055,-1.0389,-1.2644,,
1790756449379897009,12.700,map,"nav2_feedback of the target goal (map, AMCL-based estimate)",-6.1056,-1.0388,-1.2583,,
1790756449390211396,12.700,map,"nav2_feedback of the target goal (map, AMCL-based estimate)",-6.1056,-1.0388,-1.2583,,
1790756449399902520,12.700,map,"nav2_feedback of the target goal (map, AMCL-based estimate)",-6.1056,-1.0388,-1.2583,,
1790756449409620758,12.717,map,"nav2_feedback of the target goal (map, AMCL-based estimate)",-6.1056,-1.0386,-1.2516,,
1790756449419806421,12.717,map,"nav2_feedback of the target goal (map, AMCL-based estimate)",-6.1056,-1.0386,-1.2516,,
1790756449430127938,12.717,map,"nav2_feedback of the target goal (map, AMCL-based estimate)",-6.1056,-1.0386,-1.2516,,
1790756449440103438,12.717,map,"nav2_feedback of the target goal (map, AMCL-based estimate)",-6.1056,-1.0386,-1.2516,,
1790756449449878721,12.717,map,"nav2_feedback of the target goal (map, AMCL-based estimate)",-6.1056,-1.0386,-1.2516,,
1790756449460177721,12.717,map,"nav2_feedback of the target goal (map, AMCL-based estimate)",-6.1056,-1.0386,-1.2516,,
1790756449469799135,12.733,map,"nav2_feedback of the target goal (map, AMCL-based estimate)",-6.1057,-1.0384,-1.2444,,
1790756449479859544,12.733,map,"nav2_feedback of the target goal (map, AMCL-based estimate)",-6.1057,-1.0384,-1.2444,,
1790756449490266346,12.733,map,"nav2_feedback of the target goal (map, AMCL-based estimate)",-6.1057,-1.0384,-1.2444,,
1790756449499653485,12.733,map,"nav2_feedback of the target goal (map, AMCL-based estimate)",-6.1057,-1.0384,-1.2444,,
1790756449509684528,12.750,map,"nav2_feedback of the target goal (map, AMCL-based estimate)",-6.1057,-1.0383,-1.2366,,
1790756449519712662,12.750,map,"nav2_feedback of the target goal (map, AMCL-based estimate)",-6.1057,-1.0383,-1.2366,,
1790756449530162529,12.750,map,"nav2_feedback of the target goal (map, AMCL-based estimate)",-6.1057,-1.0383,-1.2366,,
1790756449542012886,12.750,map,"nav2_feedback of the target goal (map, AMCL-based estimate)",-6.1057,-1.0383,-1.2366,,
1790756449549816393,12.750,map,"nav2_feedback of the target goal (map, AMCL-based estimate)",-6.1057,-1.0383,-1.2366,,
1790756449559574506,12.750,map,"nav2_feedback of the target goal (map, AMCL-based estimate)",-6.1057,-1.0383,-1.2366,,
1790756449569914225,12.767,map,"nav2_feedback of the target goal (map, AMCL-based estimate)",-6.1058,-1.0381,-1.2281,,
1790756449579749460,12.767,map,"nav2_feedback of the target goal (map, AMCL-based estimate)",-6.1058,-1.0381,-1.2281,,
1790756449590238264,12.767,map,"nav2_feedback of the target goal (map, AMCL-based estimate)",-6.1058,-1.0381,-1.2281,,
1790756449599756472,12.767,map,"nav2_feedback of the target goal (map, AMCL-based estimate)",-6.1058,-1.0381,-1.2281,,
1790756449609836397,12.767,map,"nav2_feedback of the target goal (map, AMCL-based estimate)",-6.1058,-1.0381,-1.2281,,
1790756449620062733,12.767,map,"nav2_feedback of the target goal (map, AMCL-based estimate)",-6.1058,-1.0381,-1.2281,,
1790756449630036874,12.783,map,"nav2_feedback of the target goal (map, AMCL-based estimate)",-6.1059,-1.0379,-1.2189,,
1790756449640050024,12.783,map,"nav2_feedback of the target goal (map, AMCL-based estimate)",-6.1059,-1.0379,-1.2189,,
1790756449652339734,12.783,map,"nav2_feedback of the target goal (map, AMCL-based estimate)",-6.1059,-1.0379,-1.2189,,
1790756449660135215,12.783,map,"nav2_feedback of the target goal (map, AMCL-based estimate)",-6.1059,-1.0379,-1.2189,,
1790756449669922414,12.800,map,"nav2_feedback of the target goal (map, AMCL-based estimate)",-6.1059,-1.0377,-1.2092,,
1790756449679958367,12.800,map,"nav2_feedback of the target goal (map, AMCL-based estimate)",-6.1059,-1.0377,-1.2092,,
1790756449689959739,12.800,map,"nav2_feedback of the target goal (map, AMCL-based estimate)",-6.1059,-1.0377,-1.2092,,
1790756449699649133,12.800,map,"nav2_feedback of the target goal (map, AMCL-based estimate)",-6.1059,-1.0377,-1.2092,,
1790756449710119084,12.817,map,"nav2_feedback of the target goal (map, AMCL-based estimate)",-6.1060,-1.0375,-1.1990,,
1790756449720175389,12.817,map,"nav2_feedback of the target goal (map, AMCL-based estimate)",-6.1060,-1.0375,-1.1990,,
1790756449729936771,12.817,map,"nav2_feedback of the target goal (map, AMCL-based estimate)",-6.1060,-1.0375,-1.1990,,
1790756449740161173,12.817,map,"nav2_feedback of the target goal (map, AMCL-based estimate)",-6.1060,-1.0375,-1.1990,,
1790756449750071053,12.817,map,"nav2_feedback of the target goal (map, AMCL-based estimate)",-6.1060,-1.0375,-1.1990,,
1790756449759720402,12.817,map,"nav2_feedback of the target goal (map, AMCL-based estimate)",-6.1060,-1.0375,-1.1990,,
1790756449769596738,12.833,map,"nav2_feedback of the target goal (map, AMCL-based estimate)",-6.1061,-1.0373,-1.1886,,
1790756449780310447,12.833,map,"nav2_feedback of the target goal (map, AMCL-based estimate)",-6.1061,-1.0373,-1.1886,,
1790756449790077766,12.833,map,"nav2_feedback of the target goal (map, AMCL-based estimate)",-6.1061,-1.0373,-1.1886,,
1790756449799901242,12.833,map,"nav2_feedback of the target goal (map, AMCL-based estimate)",-6.1061,-1.0373,-1.1886,,
1790756449809940021,12.850,map,"nav2_feedback of the target goal (map, AMCL-based estimate)",-6.1062,-1.0371,-1.1779,,
1790756449819778384,12.850,map,"nav2_feedback of the target goal (map, AMCL-based estimate)",-6.1062,-1.0371,-1.1779,,
1790756449829703057,12.850,map,"nav2_feedback of the target goal (map, AMCL-based estimate)",-6.1062,-1.0371,-1.1779,,
1790756449839966939,12.850,map,"nav2_feedback of the target goal (map, AMCL-based estimate)",-6.1062,-1.0371,-1.1779,,
1790756449850028803,12.850,map,"nav2_feedback of the target goal (map, AMCL-based estimate)",-6.1062,-1.0371,-1.1779,,
1790756449859879604,12.850,map,"nav2_feedback of the target goal (map, AMCL-based estimate)",-6.1062,-1.0371,-1.1779,,
1790756449869622707,12.867,map,"nav2_feedback of the target goal (map, AMCL-based estimate)",-6.1063,-1.0369,-1.1671,,
1790756449880009175,12.867,map,"nav2_feedback of the target goal (map, AMCL-based estimate)",-6.1063,-1.0369,-1.1671,,
1790756449889756800,12.867,map,"nav2_feedback of the target goal (map, AMCL-based estimate)",-6.1063,-1.0369,-1.1671,,
1790756449899896871,12.883,map,"nav2_feedback of the target goal (map, AMCL-based estimate)",-6.1064,-1.0367,-1.1564,,
1790756449910385195,12.883,map,"nav2_feedback of the target goal (map, AMCL-based estimate)",-6.1064,-1.0367,-1.1564,,
1790756449919470045,12.883,map,"nav2_feedback of the target goal (map, AMCL-based estimate)",-6.1064,-1.0367,-1.1564,,
1790756449929908148,12.883,map,"nav2_feedback of the target goal (map, AMCL-based estimate)",-6.1064,-1.0367,-1.1564,,
1790756449940146023,12.883,map,"nav2_feedback of the target goal (map, AMCL-based estimate)",-6.1064,-1.0367,-1.1564,,
1790756449949819023,12.883,map,"nav2_feedback of the target goal (map, AMCL-based estimate)",-6.1064,-1.0367,-1.1564,,
1790756449959809559,12.900,map,"nav2_feedback of the target goal (map, AMCL-based estimate)",-6.1065,-1.0365,-1.1459,,
1790756449969857195,12.900,map,"nav2_feedback of the target goal (map, AMCL-based estimate)",-6.1065,-1.0365,-1.1459,,
1790756449979852348,12.900,map,"nav2_feedback of the target goal (map, AMCL-based estimate)",-6.1065,-1.0365,-1.1459,,
1790756449990483046,12.900,map,"nav2_feedback of the target goal (map, AMCL-based estimate)",-6.1065,-1.0365,-1.1459,,
1790756449999896928,12.917,map,"nav2_feedback of the target goal (map, AMCL-based estimate)",-6.1066,-1.0362,-1.1355,,
1790756450010277554,12.917,map,"nav2_feedback of the target goal (map, AMCL-based estimate)",-6.1066,-1.0362,-1.1355,,
1790756450019660813,12.917,map,"nav2_feedback of the target goal (map, AMCL-based estimate)",-6.1066,-1.0362,-1.1355,,
1790756450030050578,12.917,map,"nav2_feedback of the target goal (map, AMCL-based estimate)",-6.1066,-1.0362,-1.1355,,
1790756450042024071,12.917,map,"nav2_feedback of the target goal (map, AMCL-based estimate)",-6.1066,-1.0362,-1.1355,,
1790756450050174589,12.917,map,"nav2_feedback of the target goal (map, AMCL-based estimate)",-6.1066,-1.0362,-1.1355,,
1790756450060746962,12.933,map,"nav2_feedback of the target goal (map, AMCL-based estimate)",-6.1067,-1.0360,-1.1253,,
1790756450069989544,12.933,map,"nav2_feedback of the target goal (map, AMCL-based estimate)",-6.1067,-1.0360,-1.1253,,
1790756450080197645,12.933,map,"nav2_feedback of the target goal (map, AMCL-based estimate)",-6.1067,-1.0360,-1.1253,,
1790756450090002464,12.933,map,"nav2_feedback of the target goal (map, AMCL-based estimate)",-6.1067,-1.0360,-1.1253,,
1790756450099801630,12.950,map,"nav2_feedback of the target goal (map, AMCL-based estimate)",-6.1068,-1.0358,-1.1152,,
1790756450109860197,12.950,map,"nav2_feedback of the target goal (map, AMCL-based estimate)",-6.1068,-1.0358,-1.1152,,
1790756450119824350,12.950,map,"nav2_feedback of the target goal (map, AMCL-based estimate)",-6.1068,-1.0358,-1.1152,,
1790756450129748929,12.950,map,"nav2_feedback of the target goal (map, AMCL-based estimate)",-6.1068,-1.0358,-1.1152,,
1790756450139896443,12.950,map,"nav2_feedback of the target goal (map, AMCL-based estimate)",-6.1068,-1.0358,-1.1152,,
1790756450149904128,12.950,map,"nav2_feedback of the target goal (map, AMCL-based estimate)",-6.1068,-1.0358,-1.1152,,
1790756450159634699,12.967,map,"nav2_feedback of the target goal (map, AMCL-based estimate)",-6.1069,-1.0356,-1.1052,,
1790756450169776183,12.967,map,"nav2_feedback of the target goal (map, AMCL-based estimate)",-6.1069,-1.0356,-1.1052,,
1790756450179592027,12.967,map,"nav2_feedback of the target goal (map, AMCL-based estimate)",-6.1069,-1.0356,-1.1052,,
1790756450190216223,12.967,map,"nav2_feedback of the target goal (map, AMCL-based estimate)",-6.1069,-1.0356,-1.1052,,
1790756450199726685,12.983,map,"nav2_feedback of the target goal (map, AMCL-based estimate)",-6.1070,-1.0354,-1.0952,,
1790756450209969837,12.983,map,"nav2_feedback of the target goal (map, AMCL-based estimate)",-6.1070,-1.0354,-1.0952,,
1790756450219658101,12.983,map,"nav2_feedback of the target goal (map, AMCL-based estimate)",-6.1070,-1.0354,-1.0952,,
1790756450230232170,12.983,map,"nav2_feedback of the target goal (map, AMCL-based estimate)",-6.1070,-1.0354,-1.0952,,
1790756450240967740,12.983,map,"nav2_feedback of the target goal (map, AMCL-based estimate)",-6.1070,-1.0354,-1.0952,,
1790756450249932170,12.983,map,"nav2_feedback of the target goal (map, AMCL-based estimate)",-6.1070,-1.0354,-1.0952,,
1790756450259639939,13.000,map,"nav2_feedback of the target goal (map, AMCL-based estimate)",-6.1071,-1.0352,-1.0852,,
1790756450269871596,13.000,map,"nav2_feedback of the target goal (map, AMCL-based estimate)",-6.1071,-1.0352,-1.0852,,
1790756450279918761,13.000,map,"nav2_feedback of the target goal (map, AMCL-based estimate)",-6.1071,-1.0352,-1.0852,,
1790756450290333967,13.000,map,"nav2_feedback of the target goal (map, AMCL-based estimate)",-6.1071,-1.0352,-1.0852,,
1790756450299866195,13.017,map,"nav2_feedback of the target goal (map, AMCL-based estimate)",-6.1072,-1.0351,-1.0753,,
1790756450311556636,13.017,map,"nav2_feedback of the target goal (map, AMCL-based estimate)",-6.1072,-1.0351,-1.0753,,
1790756450319702821,13.017,map,"nav2_feedback of the target goal (map, AMCL-based estimate)",-6.1072,-1.0351,-1.0753,,
1790756450329897353,13.017,map,"nav2_feedback of the target goal (map, AMCL-based estimate)",-6.1072,-1.0351,-1.0753,,
1790756450339870646,13.017,map,"nav2_feedback of the target goal (map, AMCL-based estimate)",-6.1072,-1.0351,-1.0753,,
1790756450349972933,13.017,map,"nav2_feedback of the target goal (map, AMCL-based estimate)",-6.1072,-1.0351,-1.0753,,
1790756450359711418,13.017,map,"nav2_feedback of the target goal (map, AMCL-based estimate)",-6.1072,-1.0351,-1.0753,,
1790756450369634301,13.017,map,"nav2_feedback of the target goal (map, AMCL-based estimate)",-6.1072,-1.0351,-1.0753,,
1790756450379612965,13.033,map,"nav2_feedback of the target goal (map, AMCL-based estimate)",-6.1073,-1.0349,-1.0655,,
1790756450390194384,13.033,map,"nav2_feedback of the target goal (map, AMCL-based estimate)",-6.1073,-1.0349,-1.0655,,
1790756450399824982,13.033,map,"nav2_feedback of the target goal (map, AMCL-based estimate)",-6.1073,-1.0349,-1.0655,,
1790756450409830217,13.033,map,"nav2_feedback of the target goal (map, AMCL-based estimate)",-6.1073,-1.0349,-1.0655,,
1790756450419991300,13.050,map,"nav2_feedback of the target goal (map, AMCL-based estimate)",-6.1074,-1.0347,-1.0560,,
1790756450429806578,13.050,map,"nav2_feedback of the target goal (map, AMCL-based estimate)",-6.1074,-1.0347,-1.0560,,
1790756450440433036,13.050,map,"nav2_feedback of the target goal (map, AMCL-based estimate)",-6.1074,-1.0347,-1.0560,,
1790756450450044507,13.050,map,"nav2_feedback of the target goal (map, AMCL-based estimate)",-6.1074,-1.0347,-1.0560,,
1790756450460557424,13.050,map,"nav2_feedback of the target goal (map, AMCL-based estimate)",-6.1074,-1.0347,-1.0560,,
1790756450469634924,13.050,map,"nav2_feedback of the target goal (map, AMCL-based estimate)",-6.1074,-1.0347,-1.0560,,
1790756450479949687,13.067,map,"nav2_feedback of the target goal (map, AMCL-based estimate)",-6.1075,-1.0345,-1.0467,,
1790756450490468164,13.067,map,"nav2_feedback of the target goal (map, AMCL-based estimate)",-6.1075,-1.0345,-1.0467,,
1790756450499797809,13.067,map,"nav2_feedback of the target goal (map, AMCL-based estimate)",-6.1075,-1.0345,-1.0467,,
1790756450510028900,13.067,map,"nav2_feedback of the target goal (map, AMCL-based estimate)",-6.1075,-1.0345,-1.0467,,
1790756450519867075,13.083,map,"nav2_feedback of the target goal (map, AMCL-based estimate)",-6.1076,-1.0343,-1.0376,,
1790756450530062173,13.083,map,"nav2_feedback of the target goal (map, AMCL-based estimate)",-6.1076,-1.0343,-1.0376,,
1790756450540169359,13.083,map,"nav2_feedback of the target goal (map, AMCL-based estimate)",-6.1076,-1.0343,-1.0376,,
1790756450549724201,13.083,map,"nav2_feedback of the target goal (map, AMCL-based estimate)",-6.1076,-1.0343,-1.0376,,
1790756450559993642,13.083,map,"nav2_feedback of the target goal (map, AMCL-based estimate)",-6.1076,-1.0343,-1.0376,,
1790756450569787060,13.100,map,"nav2_feedback of the target goal (map, AMCL-based estimate)",-6.1077,-1.0341,-1.0287,,
1790756450579787396,13.100,map,"nav2_feedback of the target goal (map, AMCL-based estimate)",-6.1077,-1.0341,-1.0287,,
1790756450590294377,13.100,map,"nav2_feedback of the target goal (map, AMCL-based estimate)",-6.1077,-1.0341,-1.0287,,
1790756450600039458,13.100,map,"nav2_feedback of the target goal (map, AMCL-based estimate)",-6.1077,-1.0341,-1.0287,,
1790756450609853983,13.100,map,"nav2_feedback of the target goal (map, AMCL-based estimate)",-6.1077,-1.0341,-1.0287,,
1790756450619737951,13.117,map,"nav2_feedback of the target goal (map, AMCL-based estimate)",-6.1077,-1.0341,-1.0197,,
1790756450629960468,13.117,map,"nav2_feedback of the target goal (map, AMCL-based estimate)",-6.1077,-1.0341,-1.0197,,
1790756450639936494,13.117,map,"nav2_feedback of the target goal (map, AMCL-based estimate)",-6.1077,-1.0341,-1.0197,,
1790756450649952753,13.117,map,"nav2_feedback of the target goal (map, AMCL-based estimate)",-6.1077,-1.0341,-1.0197,,
1790756450659834460,13.117,map,"nav2_feedback of the target goal (map, AMCL-based estimate)",-6.1077,-1.0341,-1.0197,,
1790756450670437550,13.117,map,"nav2_feedback of the target goal (map, AMCL-based estimate)",-6.1077,-1.0341,-1.0197,,
1790756450680145035,13.133,map,"nav2_feedback of the target goal (map, AMCL-based estimate)",-6.1075,-1.0344,-1.0105,,
1790756450690059250,13.133,map,"nav2_feedback of the target goal (map, AMCL-based estimate)",-6.1075,-1.0344,-1.0105,,
1790756450700023874,13.133,map,"nav2_feedback of the target goal (map, AMCL-based estimate)",-6.1075,-1.0344,-1.0105,,
1790756450709655603,13.133,map,"nav2_feedback of the target goal (map, AMCL-based estimate)",-6.1075,-1.0344,-1.0105,,
1790756450719683358,13.150,map,"nav2_feedback of the target goal (map, AMCL-based estimate)",-6.1072,-1.0350,-1.0010,,
1790756450731966095,13.150,map,"nav2_feedback of the target goal (map, AMCL-based estimate)",-6.1072,-1.0350,-1.0010,,
1790756450739976502,13.150,map,"nav2_feedback of the target goal (map, AMCL-based estimate)",-6.1072,-1.0350,-1.0010,,
1790756450750249806,13.150,map,"nav2_feedback of the target goal (map, AMCL-based estimate)",-6.1072,-1.0350,-1.0010,,
1790756450759902076,13.150,map,"nav2_feedback of the target goal (map, AMCL-based estimate)",-6.1072,-1.0350,-1.0010,,
1790756450769877631,13.167,map,"nav2_feedback of the target goal (map, AMCL-based estimate)",-6.1067,-1.0357,-0.9911,,
1790756450779818040,13.167,map,"nav2_feedback of the target goal (map, AMCL-based estimate)",-6.1067,-1.0357,-0.9911,,
1790756450791458354,13.167,map,"nav2_feedback of the target goal (map, AMCL-based estimate)",-6.1067,-1.0357,-0.9911,,
1790756450799940449,13.167,map,"nav2_feedback of the target goal (map, AMCL-based estimate)",-6.1067,-1.0357,-0.9911,,
1790756450809786444,13.183,map,"nav2_feedback of the target goal (map, AMCL-based estimate)",-6.1061,-1.0365,-0.9807,,
1790756450819630933,13.183,map,"nav2_feedback of the target goal (map, AMCL-based estimate)",-6.1061,-1.0365,-0.9807,,
1790756450829899054,13.183,map,"nav2_feedback of the target goal (map, AMCL-based estimate)",-6.1061,-1.0365,-0.9807,,
1790756450840017076,13.183,map,"nav2_feedback of the target goal (map, AMCL-based estimate)",-6.1061,-1.0365,-0.9807,,
1790756450851801931,13.183,map,"nav2_feedback of the target goal (map, AMCL-based estimate)",-6.1061,-1.0365,-0.9807,,
1790756450859925973,13.200,map,"nav2_feedback of the target goal (map, AMCL-based estimate)",-6.1055,-1.0374,-0.9701,,
1790756450870318659,13.200,map,"nav2_feedback of the target goal (map, AMCL-based estimate)",-6.1055,-1.0374,-0.9701,,
1790756450880043859,13.200,map,"nav2_feedback of the target goal (map, AMCL-based estimate)",-6.1055,-1.0374,-0.9701,,
1790756450889884296,13.200,map,"nav2_feedback of the target goal (map, AMCL-based estimate)",-6.1055,-1.0374,-0.9701,,
1790756450899706641,13.217,map,"nav2_feedback of the target goal (map, AMCL-based estimate)",-6.1049,-1.0384,-0.9592,,
1790756450910045148,13.217,map,"nav2_feedback of the target goal (map, AMCL-based estimate)",-6.1049,-1.0384,-0.9592,,
1790756450919724272,13.217,map,"nav2_feedback of the target goal (map, AMCL-based estimate)",-6.1049,-1.0384,-0.9592,,
1790756450930148995,13.217,map,"nav2_feedback of the target goal (map, AMCL-based estimate)",-6.1049,-1.0384,-0.9592,,
1790756450940740025,13.217,map,"nav2_feedback of the target goal (map, AMCL-based estimate)",-6.1049,-1.0384,-0.9592,,
1790756450950122907,13.217,map,"nav2_feedback of the target goal (map, AMCL-based estimate)",-6.1049,-1.0384,-0.9592,,
1790756450959574761,13.233,map,"nav2_feedback of the target goal (map, AMCL-based estimate)",-6.1043,-1.0391,-0.9482,,
1790756450969879630,13.233,map,"nav2_feedback of the target goal (map, AMCL-based estimate)",-6.1043,-1.0391,-0.9482,,
1790756450979759547,13.233,map,"nav2_feedback of the target goal (map, AMCL-based estimate)",-6.1043,-1.0391,-0.9482,,
1790756450989994407,13.233,map,"nav2_feedback of the target goal (map, AMCL-based estimate)",-6.1043,-1.0391,-0.9482,,
1790756450999793950,13.250,map,"nav2_feedback of the target goal (map, AMCL-based estimate)",-6.1039,-1.0397,-0.9370,,
1790756451009650311,13.250,map,"nav2_feedback of the target goal (map, AMCL-based estimate)",-6.1039,-1.0397,-0.9370,,
1790756451019698983,13.250,map,"nav2_feedback of the target goal (map, AMCL-based estimate)",-6.1039,-1.0397,-0.9370,,
1790756451030258824,13.250,map,"nav2_feedback of the target goal (map, AMCL-based estimate)",-6.1039,-1.0397,-0.9370,,
1790756451040283376,13.250,map,"nav2_feedback of the target goal (map, AMCL-based estimate)",-6.1039,-1.0397,-0.9370,,
1790756451049632431,13.267,map,"nav2_feedback of the target goal (map, AMCL-based estimate)",-6.1036,-1.0402,-0.9257,,
1790756451060079862,13.267,map,"nav2_feedback of the target goal (map, AMCL-based estimate)",-6.1036,-1.0402,-0.9257,,
1790756451069853399,13.267,map,"nav2_feedback of the target goal (map, AMCL-based estimate)",-6.1036,-1.0402,-0.9257,,
1790756451079694024,13.267,map,"nav2_feedback of the target goal (map, AMCL-based estimate)",-6.1036,-1.0402,-0.9257,,
1790756451090335087,13.267,map,"nav2_feedback of the target goal (map, AMCL-based estimate)",-6.1036,-1.0402,-0.9257,,
1790756451101465928,13.283,map,"nav2_feedback of the target goal (map, AMCL-based estimate)",-6.1032,-1.0406,-0.9144,,
1790756451110131667,13.283,map,"nav2_feedback of the target goal (map, AMCL-based estimate)",-6.1032,-1.0406,-0.9144,,
1790756451120233483,13.283,map,"nav2_feedback of the target goal (map, AMCL-based estimate)",-6.1032,-1.0406,-0.9144,,
1790756451129689954,13.283,map,"nav2_feedback of the target goal (map, AMCL-based estimate)",-6.1032,-1.0406,-0.9144,,
1790756451140213519,13.300,map,"nav2_feedback of the target goal (map, AMCL-based estimate)",-6.1029,-1.0409,-0.9030,,
1790756451149547686,13.300,map,"nav2_feedback of the target goal (map, AMCL-based estimate)",-6.1029,-1.0409,-0.9030,,
1790756451160092452,13.300,map,"nav2_feedback of the target goal (map, AMCL-based estimate)",-6.1029,-1.0409,-0.9030,,
1790756451171252315,13.300,map,"nav2_feedback of the target goal (map, AMCL-based estimate)",-6.1029,-1.0409,-0.9030,,
1790756451179618890,13.317,map,"nav2_feedback of the target goal (map, AMCL-based estimate)",-6.1026,-1.0413,-0.8916,,
1790756451189949671,13.317,map,"nav2_feedback of the target goal (map, AMCL-based estimate)",-6.1026,-1.0413,-0.8916,,
1790756451199732066,13.317,map,"nav2_feedback of the target goal (map, AMCL-based estimate)",-6.1026,-1.0413,-0.8916,,
1790756451209548098,13.317,map,"nav2_feedback of the target goal (map, AMCL-based estimate)",-6.1026,-1.0413,-0.8916,,
1790756451219867101,13.317,map,"nav2_feedback of the target goal (map, AMCL-based estimate)",-6.1026,-1.0413,-0.8916,,
1790756451231745615,13.317,map,"nav2_feedback of the target goal (map, AMCL-based estimate)",-6.1026,-1.0413,-0.8916,,
1790756451240006188,13.333,map,"nav2_feedback of the target goal (map, AMCL-based estimate)",-6.1024,-1.0417,-0.8802,,
1790756451249963557,13.333,map,"nav2_feedback of the target goal (map, AMCL-based estimate)",-6.1024,-1.0417,-0.8802,,
1790756451259705529,13.333,map,"nav2_feedback of the target goal (map, AMCL-based estimate)",-6.1024,-1.0417,-0.8802,,
1790756451269654795,13.333,map,"nav2_feedback of the target goal (map, AMCL-based estimate)",-6.1024,-1.0417,-0.8802,,
1790756451280094876,13.350,map,"nav2_feedback of the target goal (map, AMCL-based estimate)",-6.1021,-1.0420,-0.8687,,
1790756451289906386,13.350,map,"nav2_feedback of the target goal (map, AMCL-based estimate)",-6.1021,-1.0420,-0.8687,,
1790756451301911443,13.350,map,"nav2_feedback of the target goal (map, AMCL-based estimate)",-6.1021,-1.0420,-0.8687,,
1790756451310189636,13.350,map,"nav2_feedback of the target goal (map, AMCL-based estimate)",-6.1021,-1.0420,-0.8687,,
1790756451319897310,13.350,map,"nav2_feedback of the target goal (map, AMCL-based estimate)",-6.1021,-1.0420,-0.8687,,
1790756451329932886,13.367,map,"nav2_feedback of the target goal (map, AMCL-based estimate)",-6.1018,-1.0423,-0.8572,,
1790756451340062497,13.367,map,"nav2_feedback of the target goal (map, AMCL-based estimate)",-6.1018,-1.0423,-0.8572,,
1790756451349823879,13.367,map,"nav2_feedback of the target goal (map, AMCL-based estimate)",-6.1018,-1.0423,-0.8572,,
1790756451359824215,13.367,map,"nav2_feedback of the target goal (map, AMCL-based estimate)",-6.1018,-1.0423,-0.8572,,
1790756451369689809,13.383,map,"nav2_feedback of the target goal (map, AMCL-based estimate)",-6.1015,-1.0427,-0.8458,,
1790756451379825263,13.383,map,"nav2_feedback of the target goal (map, AMCL-based estimate)",-6.1015,-1.0427,-0.8458,,
1790756451389979373,13.383,map,"nav2_feedback of the target goal (map, AMCL-based estimate)",-6.1015,-1.0427,-0.8458,,
1790756451400033228,13.383,map,"nav2_feedback of the target goal (map, AMCL-based estimate)",-6.1015,-1.0427,-0.8458,,
1790756451409817224,13.383,map,"nav2_feedback of the target goal (map, AMCL-based estimate)",-6.1015,-1.0427,-0.8458,,
1790756451420263713,13.400,map,"nav2_feedback of the target goal (map, AMCL-based estimate)",-6.1011,-1.0430,-0.8343,,
1790756451430217596,13.400,map,"nav2_feedback of the target goal (map, AMCL-based estimate)",-6.1011,-1.0430,-0.8343,,
1790756451440727780,13.400,map,"nav2_feedback of the target goal (map, AMCL-based estimate)",-6.1011,-1.0430,-0.8343,,
1790756451450137422,13.400,map,"nav2_feedback of the target goal (map, AMCL-based estimate)",-6.1011,-1.0430,-0.8343,,
1790756451459823990,13.400,map,"nav2_feedback of the target goal (map, AMCL-based estimate)",-6.1011,-1.0430,-0.8343,,
1790756451469820180,13.417,map,"nav2_feedback of the target goal (map, AMCL-based estimate)",-6.1008,-1.0434,-0.8228,,
1790756451479899004,13.417,map,"nav2_feedback of the target goal (map, AMCL-based estimate)",-6.1008,-1.0434,-0.8228,,
1790756451490954655,13.417,map,"nav2_feedback of the target goal (map, AMCL-based estimate)",-6.1008,-1.0434,-0.8228,,
1790756451500038656,13.417,map,"nav2_feedback of the target goal (map, AMCL-based estimate)",-6.1008,-1.0434,-0.8228,,
1790756451509856667,13.417,map,"nav2_feedback of the target goal (map, AMCL-based estimate)",-6.1008,-1.0434,-0.8228,,
1790756451519648296,13.433,map,"nav2_feedback of the target goal (map, AMCL-based estimate)",-6.1005,-1.0437,-0.8113,,
1790756451529834725,13.433,map,"nav2_feedback of the target goal (map, AMCL-based estimate)",-6.1005,-1.0437,-0.8113,,
1790756451539993734,13.433,map,"nav2_feedback of the target goal (map, AMCL-based estimate)",-6.1005,-1.0437,-0.8113,,
1790756451549826915,13.433,map,"nav2_feedback of the target goal (map, AMCL-based estimate)",-6.1005,-1.0437,-0.8113,,
1790756451559819619,13.450,map,"nav2_feedback of the target goal (map, AMCL-based estimate)",-6.1002,-1.0440,-0.8000,,
1790756451569897030,13.450,map,"nav2_feedback of the target goal (map, AMCL-based estimate)",-6.1002,-1.0440,-0.8000,,
1790756451579624680,13.450,map,"nav2_feedback of the target goal (map, AMCL-based estimate)",-6.1002,-1.0440,-0.8000,,
1790756451590341781,13.450,map,"nav2_feedback of the target goal (map, AMCL-based estimate)",-6.1002,-1.0440,-0.8000,,
1790756451600275971,13.450,map,"nav2_feedback of the target goal (map, AMCL-based estimate)",-6.1002,-1.0440,-0.8000,,
1790756451610269711,13.450,map,"nav2_feedback of the target goal (map, AMCL-based estimate)",-6.1002,-1.0440,-0.8000,,
1790756451619849522,13.467,map,"nav2_feedback of the target goal (map, AMCL-based estimate)",-6.0999,-1.0443,-0.7889,,
1790756451629737165,13.467,map,"nav2_feedback of the target goal (map, AMCL-based estimate)",-6.0999,-1.0443,-0.7889,,
1790756451640409511,13.467,map,"nav2_feedback of the target goal (map, AMCL-based estimate)",-6.0999,-1.0443,-0.7889,,
1790756451649776940,13.467,map,"nav2_feedback of the target goal (map, AMCL-based estimate)",-6.0999,-1.0443,-0.7889,,
1790756451659960448,13.483,map,"nav2_feedback of the target goal (map, AMCL-based estimate)",-6.0996,-1.0446,-0.7780,,
1790756451669706942,13.483,map,"nav2_feedback of the target goal (map, AMCL-based estimate)",-6.0996,-1.0446,-0.7780,,
1790756451679988727,13.483,map,"nav2_feedback of the target goal (map, AMCL-based estimate)",-6.0996,-1.0446,-0.7780,,
1790756451690360590,13.483,map,"nav2_feedback of the target goal (map, AMCL-based estimate)",-6.0996,-1.0446,-0.7780,,
1790756451699824222,13.483,map,"nav2_feedback of the target goal (map, AMCL-based estimate)",-6.0996,-1.0446,-0.7780,,
1790756451710272595,13.500,map,"nav2_feedback of the target goal (map, AMCL-based estimate)",-6.0992,-1.0450,-0.7673,,
1790756451719969434,13.500,map,"nav2_feedback of the target goal (map, AMCL-based estimate)",-6.0992,-1.0450,-0.7673,,
1790756451729994644,13.500,map,"nav2_feedback of the target goal (map, AMCL-based estimate)",-6.0992,-1.0450,-0.7673,,
1790756451740314872,13.500,map,"nav2_feedback of the target goal (map, AMCL-based estimate)",-6.0992,-1.0450,-0.7673,,
1790756451749988343,13.500,map,"nav2_feedback of the target goal (map, AMCL-based estimate)",-6.0992,-1.0450,-0.7673,,
1790756451759824257,13.517,map,"nav2_feedback of the target goal (map, AMCL-based estimate)",-6.0989,-1.0453,-0.7568,,
1790756451769862659,13.517,map,"nav2_feedback of the target goal (map, AMCL-based estimate)",-6.0989,-1.0453,-0.7568,,
1790756451779730609,13.517,map,"nav2_feedback of the target goal (map, AMCL-based estimate)",-6.0989,-1.0453,-0.7568,,
1790756451790377890,13.517,map,"nav2_feedback of the target goal (map, AMCL-based estimate)",-6.0989,-1.0453,-0.7568,,
1790756451799863760,13.517,map,"nav2_feedback of the target goal (map, AMCL-based estimate)",-6.0989,-1.0453,-0.7568,,
1790756451810279814,13.517,map,"nav2_feedback of the target goal (map, AMCL-based estimate)",-6.0989,-1.0453,-0.7568,,
1790756451820182533,13.533,map,"nav2_feedback of the target goal (map, AMCL-based estimate)",-6.0984,-1.0457,-0.7462,,
1790756451830180701,13.533,map,"nav2_feedback of the target goal (map, AMCL-based estimate)",-6.0984,-1.0457,-0.7462,,
1790756451839872451,13.533,map,"nav2_feedback of the target goal (map, AMCL-based estimate)",-6.0984,-1.0457,-0.7462,,
1790756451849770459,13.533,map,"nav2_feedback of the target goal (map, AMCL-based estimate)",-6.0984,-1.0457,-0.7462,,
1790756451859651224,13.550,map,"nav2_feedback of the target goal (map, AMCL-based estimate)",-6.0978,-1.0463,-0.7354,,
1790756451869790163,13.550,map,"nav2_feedback of the target goal (map, AMCL-based estimate)",-6.0978,-1.0463,-0.7354,,
1790756451879607609,13.550,map,"nav2_feedback of the target goal (map, AMCL-based estimate)",-6.0978,-1.0463,-0.7354,,
1790756451890121657,13.550,map,"nav2_feedback of the target goal (map, AMCL-based estimate)",-6.0978,-1.0463,-0.7354,,
1790756451900080063,13.550,map,"nav2_feedback of the target goal (map, AMCL-based estimate)",-6.0978,-1.0463,-0.7354,,
1790756451910001815,13.550,map,"nav2_feedback of the target goal (map, AMCL-based estimate)",-6.0978,-1.0463,-0.7354,,
1790756451919886819,13.567,map,"nav2_feedback of the target goal (map, AMCL-based estimate)",-6.0971,-1.0469,-0.7244,,
1790756451929900535,13.567,map,"nav2_feedback of the target goal (map, AMCL-based estimate)",-6.0971,-1.0469,-0.7244,,
1790756451940186842,13.567,map,"nav2_feedback of the target goal (map, AMCL-based estimate)",-6.0971,-1.0469,-0.7244,,
1790756451949508761,13.567,map,"nav2_feedback of the target goal (map, AMCL-based estimate)",-6.0971,-1.0469,-0.7244,,
1790756451960022714,13.583,map,"nav2_feedback of the target goal (map, AMCL-based estimate)",-6.0963,-1.0476,-0.7133,,
1790756451969809914,13.583,map,"nav2_feedback of the target goal (map, AMCL-based estimate)",-6.0963,-1.0476,-0.7133,,
1790756451979901459,13.583,map,"nav2_feedback of the target goal (map, AMCL-based estimate)",-6.0963,-1.0476,-0.7133,,
1790756451990086380,13.583,map,"nav2_feedback of the target goal (map, AMCL-based estimate)",-6.0963,-1.0476,-0.7133,,
1790756451999592979,13.600,map,"nav2_feedback of the target goal (map, AMCL-based estimate)",-6.0954,-1.0483,-0.7020,,
1790756452010195692,13.600,map,"nav2_feedback of the target goal (map, AMCL-based estimate)",-6.0954,-1.0483,-0.7020,,
1790756452019669595,13.600,map,"nav2_feedback of the target goal (map, AMCL-based estimate)",-6.0954,-1.0483,-0.7020,,
1790756452029955996,13.600,map,"nav2_feedback of the target goal (map, AMCL-based estimate)",-6.0954,-1.0483,-0.7020,,
1790756452040207158,13.600,map,"nav2_feedback of the target goal (map, AMCL-based estimate)",-6.0954,-1.0483,-0.7020,,
1790756452049601252,13.617,map,"nav2_feedback of the target goal (map, AMCL-based estimate)",-6.0947,-1.0489,-0.6905,,
1790756452059560318,13.617,map,"nav2_feedback of the target goal (map, AMCL-based estimate)",-6.0947,-1.0489,-0.6905,,
1790756452069953758,13.617,map,"nav2_feedback of the target goal (map, AMCL-based estimate)",-6.0947,-1.0489,-0.6905,,
1790756452080296506,13.617,map,"nav2_feedback of the target goal (map, AMCL-based estimate)",-6.0947,-1.0489,-0.6905,,
1790756452090892152,13.617,map,"nav2_feedback of the target goal (map, AMCL-based estimate)",-6.0947,-1.0489,-0.6905,,
1790756452099945813,13.633,map,"nav2_feedback of the target goal (map, AMCL-based estimate)",-6.0943,-1.0493,-0.6791,,
1790756452110948039,13.633,map,"nav2_feedback of the target goal (map, AMCL-based estimate)",-6.0943,-1.0493,-0.6791,,
1790756452119596252,13.633,map,"nav2_feedback of the target goal (map, AMCL-based estimate)",-6.0943,-1.0493,-0.6791,,
1790756452130279244,13.633,map,"nav2_feedback of the target goal (map, AMCL-based estimate)",-6.0943,-1.0493,-0.6791,,
1790756452139967131,13.650,map,"nav2_feedback of the target goal (map, AMCL-based estimate)",-6.0941,-1.0494,-0.6676,,
1790756452149634477,13.650,map,"nav2_feedback of the target goal (map, AMCL-based estimate)",-6.0941,-1.0494,-0.6676,,
1790756452159566029,13.650,map,"nav2_feedback of the target goal (map, AMCL-based estimate)",-6.0941,-1.0494,-0.6676,,
1790756452169688573,13.650,map,"nav2_feedback of the target goal (map, AMCL-based estimate)",-6.0941,-1.0494,-0.6676,,
1790756452179686836,13.650,map,"nav2_feedback of the target goal (map, AMCL-based estimate)",-6.0941,-1.0494,-0.6676,,
1790756452190185620,13.667,map,"nav2_feedback of the target goal (map, AMCL-based estimate)",-6.0940,-1.0495,-0.6561,,
1790756452200012111,13.667,map,"nav2_feedback of the target goal (map, AMCL-based estimate)",-6.0940,-1.0495,-0.6561,,
1790756452209972307,13.667,map,"nav2_feedback of the target goal (map, AMCL-based estimate)",-6.0940,-1.0495,-0.6561,,
1790756452219649358,13.667,map,"nav2_feedback of the target goal (map, AMCL-based estimate)",-6.0940,-1.0495,-0.6561,,
1790756452229722811,13.683,map,"nav2_feedback of the target goal (map, AMCL-based estimate)",-6.0940,-1.0495,-0.6446,,
1790756452242680668,13.683,map,"nav2_feedback of the target goal (map, AMCL-based estimate)",-6.0940,-1.0495,-0.6446,,
1790756452249968090,13.683,map,"nav2_feedback of the target goal (map, AMCL-based estimate)",-6.0940,-1.0495,-0.6446,,
1790756452259711663,13.683,map,"nav2_feedback of the target goal (map, AMCL-based estimate)",-6.0940,-1.0495,-0.6446,,
1790756452269877080,13.683,map,"nav2_feedback of the target goal (map, AMCL-based estimate)",-6.0940,-1.0495,-0.6446,,
1790756452280035053,13.700,map,"nav2_feedback of the target goal (map, AMCL-based estimate)",-6.0940,-1.0495,-0.6331,,
1790756452290045848,13.700,map,"nav2_feedback of the target goal (map, AMCL-based estimate)",-6.0940,-1.0495,-0.6331,,
1790756452299739011,13.700,map,"nav2_feedback of the target goal (map, AMCL-based estimate)",-6.0940,-1.0495,-0.6331,,
1790756452309862216,13.700,map,"nav2_feedback of the target goal (map, AMCL-based estimate)",-6.0940,-1.0495,-0.6331,,
1790756452319735065,13.700,map,"nav2_feedback of the target goal (map, AMCL-based estimate)",-6.0940,-1.0495,-0.6331,,
1790756452330011950,13.717,map,"nav2_feedback of the target goal (map, AMCL-based estimate)",-6.1017,-1.0613,-0.6269,,
1790756452339962818,13.717,map,"nav2_feedback of the target goal (map, AMCL-based estimate)",-6.1017,-1.0613,-0.6269,,
1790756452349886831,13.717,map,"nav2_feedback of the target goal (map, AMCL-based estimate)",-6.1017,-1.0613,-0.6269,,
1790756452359804814,13.717,map,"nav2_feedback of the target goal (map, AMCL-based estimate)",-6.1017,-1.0613,-0.6269,,
1790756452369812405,13.717,map,"nav2_feedback of the target goal (map, AMCL-based estimate)",-6.1017,-1.0613,-0.6269,,
1790756452380228931,13.733,map,"nav2_feedback of the target goal (map, AMCL-based estimate)",-6.1093,-1.0731,-0.6207,,
1790756452390173768,13.733,map,"nav2_feedback of the target goal (map, AMCL-based estimate)",-6.1093,-1.0731,-0.6207,,
1790756452399745193,13.733,map,"nav2_feedback of the target goal (map, AMCL-based estimate)",-6.1093,-1.0731,-0.6207,,
1790756452410124689,13.733,map,"nav2_feedback of the target goal (map, AMCL-based estimate)",-6.1093,-1.0731,-0.6207,,
1790756452419703463,13.750,map,"nav2_feedback of the target goal (map, AMCL-based estimate)",-6.1166,-1.0851,-0.6145,,
1790756452429581213,13.750,map,"nav2_feedback of the target goal (map, AMCL-based estimate)",-6.1166,-1.0851,-0.6145,,
1790756452442693126,13.750,map,"nav2_feedback of the target goal (map, AMCL-based estimate)",-6.1166,-1.0851,-0.6145,,
1790756452449699476,13.750,map,"nav2_feedback of the target goal (map, AMCL-based estimate)",-6.1166,-1.0851,-0.6145,,
1790756452459814483,13.750,map,"nav2_feedback of the target goal (map, AMCL-based estimate)",-6.1166,-1.0851,-0.6145,,
1790756452469812934,13.767,map,"nav2_feedback of the target goal (map, AMCL-based estimate)",-6.1236,-1.0974,-0.6084,,
1790756452479931050,13.767,map,"nav2_feedback of the target goal (map, AMCL-based estimate)",-6.1236,-1.0974,-0.6084,,
1790756452491327040,13.767,map,"nav2_feedback of the target goal (map, AMCL-based estimate)",-6.1236,-1.0974,-0.6084,,
1790756452499585729,13.767,map,"nav2_feedback of the target goal (map, AMCL-based estimate)",-6.1236,-1.0974,-0.6084,,
1790756452509998956,13.767,map,"nav2_feedback of the target goal (map, AMCL-based estimate)",-6.1236,-1.0974,-0.6084,,
1790756452519655372,13.783,map,"nav2_feedback of the target goal (map, AMCL-based estimate)",-6.1303,-1.1099,-0.6022,,
1790756452530093946,13.783,map,"nav2_feedback of the target goal (map, AMCL-based estimate)",-6.1303,-1.1099,-0.6022,,
1790756452540112184,13.783,map,"nav2_feedback of the target goal (map, AMCL-based estimate)",-6.1303,-1.1099,-0.6022,,
1790756452549953940,13.783,map,"nav2_feedback of the target goal (map, AMCL-based estimate)",-6.1303,-1.1099,-0.6022,,
1790756452559993002,13.800,map,"nav2_feedback of the target goal (map, AMCL-based estimate)",-6.1365,-1.1227,-0.5961,,
1790756452569925496,13.800,map,"nav2_feedback of the target goal (map, AMCL-based estimate)",-6.1365,-1.1227,-0.5961,,
1790756452579988208,13.800,map,"nav2_feedback of the target goal (map, AMCL-based estimate)",-6.1365,-1.1227,-0.5961,,
1790756452589976388,13.800,map,"nav2_feedback of the target goal (map, AMCL-based estimate)",-6.1365,-1.1227,-0.5961,,
1790756452599647409,13.817,map,"nav2_feedback of the target goal (map, AMCL-based estimate)",-6.1347,-1.1239,-0.5845,,
1790756452610326538,13.817,map,"nav2_feedback of the target goal (map, AMCL-based estimate)",-6.1347,-1.1239,-0.5845,,
1790756452619587682,13.817,map,"nav2_feedback of the target goal (map, AMCL-based estimate)",-6.1347,-1.1239,-0.5845,,
1790756452629879831,13.817,map,"nav2_feedback of the target goal (map, AMCL-based estimate)",-6.1347,-1.1239,-0.5845,,
1790756452640182439,13.817,map,"nav2_feedback of the target goal (map, AMCL-based estimate)",-6.1347,-1.1239,-0.5845,,
1790756452649847335,13.833,map,"nav2_feedback of the target goal (map, AMCL-based estimate)",-6.1324,-1.1254,-0.5728,,
1790756452659648763,13.833,map,"nav2_feedback of the target goal (map, AMCL-based estimate)",-6.1324,-1.1254,-0.5728,,
1790756452669809751,13.833,map,"nav2_feedback of the target goal (map, AMCL-based estimate)",-6.1324,-1.1254,-0.5728,,
1790756452679694944,13.833,map,"nav2_feedback of the target goal (map, AMCL-based estimate)",-6.1324,-1.1254,-0.5728,,
1790756452690061625,13.833,map,"nav2_feedback of the target goal (map, AMCL-based estimate)",-6.1324,-1.1254,-0.5728,,
1790756452699582357,13.850,map,"nav2_feedback of the target goal (map, AMCL-based estimate)",-6.1295,-1.1272,-0.5609,,
1790756452709768033,13.850,map,"nav2_feedback of the target goal (map, AMCL-based estimate)",-6.1295,-1.1272,-0.5609,,
1790756452719852888,13.850,map,"nav2_feedback of the target goal (map, AMCL-based estimate)",-6.1295,-1.1272,-0.5609,,
1790756452730138535,13.850,map,"nav2_feedback of the target goal (map, AMCL-based estimate)",-6.1295,-1.1272,-0.5609,,
1790756452740065752,13.850,map,"nav2_feedback of the target goal (map, AMCL-based estimate)",-6.1295,-1.1272,-0.5609,,
1790756452749572257,13.867,map,"nav2_feedback of the target goal (map, AMCL-based estimate)",-6.1261,-1.1292,-0.5488,,
1790756452759607079,13.867,map,"nav2_feedback of the target goal (map, AMCL-based estimate)",-6.1261,-1.1292,-0.5488,,
1790756452769933997,13.867,map,"nav2_feedback of the target goal (map, AMCL-based estimate)",-6.1261,-1.1292,-0.5488,,
1790756452779748239,13.867,map,"nav2_feedback of the target goal (map, AMCL-based estimate)",-6.1261,-1.1292,-0.5488,,
1790756452790249095,13.883,map,"nav2_feedback of the target goal (map, AMCL-based estimate)",-6.1223,-1.1315,-0.5364,,
1790756452799924262,13.883,map,"nav2_feedback of the target goal (map, AMCL-based estimate)",-6.1223,-1.1315,-0.5364,,
1790756452810102682,13.883,map,"nav2_feedback of the target goal (map, AMCL-based estimate)",-6.1223,-1.1315,-0.5364,,
1790756452820190646,13.883,map,"nav2_feedback of the target goal (map, AMCL-based estimate)",-6.1223,-1.1315,-0.5364,,
1790756452831635821,13.883,map,"nav2_feedback of the target goal (map, AMCL-based estimate)",-6.1223,-1.1315,-0.5364,,
1790756452840314657,13.900,map,"nav2_feedback of the target goal (map, AMCL-based estimate)",-6.1179,-1.1341,-0.5239,,
1790756452849754639,13.900,map,"nav2_feedback of the target goal (map, AMCL-based estimate)",-6.1179,-1.1341,-0.5239,,
1790756452859722938,13.900,map,"nav2_feedback of the target goal (map, AMCL-based estimate)",-6.1179,-1.1341,-0.5239,,
1790756452869593998,13.900,map,"nav2_feedback of the target goal (map, AMCL-based estimate)",-6.1179,-1.1341,-0.5239,,
1790756452879907630,13.917,map,"nav2_feedback of the target goal (map, AMCL-based estimate)",-6.1130,-1.1368,-0.5110,,
1790756452890204584,13.917,map,"nav2_feedback of the target goal (map, AMCL-based estimate)",-6.1130,-1.1368,-0.5110,,
1790756452900054255,13.917,map,"nav2_feedback of the target goal (map, AMCL-based estimate)",-6.1130,-1.1368,-0.5110,,
1790756452909768996,13.917,map,"nav2_feedback of the target goal (map, AMCL-based estimate)",-6.1130,-1.1368,-0.5110,,
1790756452919948264,13.917,map,"nav2_feedback of the target goal (map, AMCL-based estimate)",-6.1130,-1.1368,-0.5110,,
1790756452929728679,13.917,map,"nav2_feedback of the target goal (map, AMCL-based estimate)",-6.1130,-1.1368,-0.5110,,
1790756452939889950,13.933,map,"nav2_feedback of the target goal (map, AMCL-based estimate)",-6.1076,-1.1397,-0.4979,,
1790756452950010422,13.933,map,"nav2_feedback of the target goal (map, AMCL-based estimate)",-6.1076,-1.1397,-0.4979,,
1790756452959766716,13.933,map,"nav2_feedback of the target goal (map, AMCL-based estimate)",-6.1076,-1.1397,-0.4979,,
1790756452969826790,13.933,map,"nav2_feedback of the target goal (map, AMCL-based estimate)",-6.1076,-1.1397,-0.4979,,
1790756452979631986,13.950,map,"nav2_feedback of the target goal (map, AMCL-based estimate)",-6.1017,-1.1428,-0.4844,,
1790756452989975676,13.950,map,"nav2_feedback of the target goal (map, AMCL-based estimate)",-6.1017,-1.1428,-0.4844,,
1790756452999505548,13.950,map,"nav2_feedback of the target goal (map, AMCL-based estimate)",-6.1017,-1.1428,-0.4844,,
1790756453010381136,13.950,map,"nav2_feedback of the target goal (map, AMCL-based estimate)",-6.1017,-1.1428,-0.4844,,
1790756453019701359,13.950,map,"nav2_feedback of the target goal (map, AMCL-based estimate)",-6.1017,-1.1428,-0.4844,,
1790756453030231613,13.950,map,"nav2_feedback of the target goal (map, AMCL-based estimate)",-6.1017,-1.1428,-0.4844,,
1790756453040079022,13.967,map,"nav2_feedback of the target goal (map, AMCL-based estimate)",-6.0953,-1.1461,-0.4707,,
1790756453049827967,13.967,map,"nav2_feedback of the target goal (map, AMCL-based estimate)",-6.0953,-1.1461,-0.4707,,
1790756453059676601,13.967,map,"nav2_feedback of the target goal (map, AMCL-based estimate)",-6.0953,-1.1461,-0.4707,,
1790756453069641413,13.983,map,"nav2_feedback of the target goal (map, AMCL-based estimate)",-6.0883,-1.1495,-0.4565,,
1790756453080217932,13.983,map,"nav2_feedback of the target goal (map, AMCL-based estimate)",-6.0883,-1.1495,-0.4565,,
1790756453090527513,13.983,map,"nav2_feedback of the target goal (map, AMCL-based estimate)",-6.0883,-1.1495,-0.4565,,
1790756453099801000,13.983,map,"nav2_feedback of the target goal (map, AMCL-based estimate)",-6.0883,-1.1495,-0.4565,,
1790756453109867952,13.983,map,"nav2_feedback of the target goal (map, AMCL-based estimate)",-6.0883,-1.1495,-0.4565,,
1790756453120337432,13.983,map,"nav2_feedback of the target goal (map, AMCL-based estimate)",-6.0883,-1.1495,-0.4565,,
1790756453130178622,14.000,map,"nav2_feedback of the target goal (map, AMCL-based estimate)",-6.0809,-1.1530,-0.4421,,
1790756453140553689,14.000,map,"nav2_feedback of the target goal (map, AMCL-based estimate)",-6.0809,-1.1530,-0.4421,,
1790756453149920929,14.000,map,"nav2_feedback of the target goal (map, AMCL-based estimate)",-6.0809,-1.1530,-0.4421,,
1790756453159775971,14.000,map,"nav2_feedback of the target goal (map, AMCL-based estimate)",-6.0809,-1.1530,-0.4421,,
1790756453170139448,14.017,map,"nav2_feedback of the target goal (map, AMCL-based estimate)",-6.0729,-1.1566,-0.4272,,
1790756453179672995,14.017,map,"nav2_feedback of the target goal (map, AMCL-based estimate)",-6.0729,-1.1566,-0.4272,,
1790756453189855655,14.017,map,"nav2_feedback of the target goal (map, AMCL-based estimate)",-6.0729,-1.1566,-0.4272,,
1790756453199911489,14.017,map,"nav2_feedback of the target goal (map, AMCL-based estimate)",-6.0729,-1.1566,-0.4272,,
1790756453210035258,14.017,map,"nav2_feedback of the target goal (map, AMCL-based estimate)",-6.0729,-1.1566,-0.4272,,
1790756453219723239,14.017,map,"nav2_feedback of the target goal (map, AMCL-based estimate)",-6.0729,-1.1566,-0.4272,,
1790756453230073713,14.017,map,"nav2_feedback of the target goal (map, AMCL-based estimate)",-6.0729,-1.1566,-0.4272,,
1790756453240864782,14.017,map,"nav2_feedback of the target goal (map, AMCL-based estimate)",-6.0729,-1.1566,-0.4272,,
1790756453250043008,14.033,map,"nav2_feedback of the target goal (map, AMCL-based estimate)",-6.0645,-1.1603,-0.4120,,
1790756453259951569,14.033,map,"nav2_feedback of the target goal (map, AMCL-based estimate)",-6.0645,-1.1603,-0.4120,,
1790756453269682799,14.033,map,"nav2_feedback of the target goal (map, AMCL-based estimate)",-6.0645,-1.1603,-0.4120,,
1790756453280126649,14.033,map,"nav2_feedback of the target goal (map, AMCL-based estimate)",-6.0645,-1.1603,-0.4120,,
1790756453290417479,14.050,map,"nav2_feedback of the target goal (map, AMCL-based estimate)",-6.0554,-1.1640,-0.3963,,
1790756453299785191,14.050,map,"nav2_feedback of the target goal (map, AMCL-based estimate)",-6.0554,-1.1640,-0.3963,,
1790756453309766682,14.050,map,"nav2_feedback of the target goal (map, AMCL-based estimate)",-6.0554,-1.1640,-0.3963,,
1790756453319702002,14.050,map,"nav2_feedback of the target goal (map, AMCL-based estimate)",-6.0554,-1.1640,-0.3963,,
1790756453330398375,14.050,map,"nav2_feedback of the target goal (map, AMCL-based estimate)",-6.0554,-1.1640,-0.3963,,
1790756453339964429,14.067,map,"nav2_feedback of the target goal (map, AMCL-based estimate)",-6.0459,-1.1678,-0.3803,,
1790756453349765574,14.067,map,"nav2_feedback of the target goal (map, AMCL-based estimate)",-6.0459,-1.1678,-0.3803,,
1790756453359765438,14.067,map,"nav2_feedback of the target goal (map, AMCL-based estimate)",-6.0459,-1.1678,-0.3803,,
1790756453369594003,14.067,map,"nav2_feedback of the target goal (map, AMCL-based estimate)",-6.0459,-1.1678,-0.3803,,
1790756453379865422,14.083,map,"nav2_feedback of the target goal (map, AMCL-based estimate)",-6.0359,-1.1716,-0.3639,,
1790756453390142307,14.083,map,"nav2_feedback of the target goal (map, AMCL-based estimate)",-6.0359,-1.1716,-0.3639,,
1790756453400091667,14.083,map,"nav2_feedback of the target goal (map, AMCL-based estimate)",-6.0359,-1.1716,-0.3639,,
1790756453410068823,14.083,map,"nav2_feedback of the target goal (map, AMCL-based estimate)",-6.0359,-1.1716,-0.3639,,
1790756454275836772,14.083,map,"nav2_feedback of the target goal (map, AMCL-based estimate)",-6.0359,-1.1716,-0.3639,,
1790756454285530690,14.083,map,"nav2_feedback of the target goal (map, AMCL-based estimate)",-6.0359,-1.1716,-0.3639,,
1790756454295807103,14.100,map,"nav2_feedback of the target goal (map, AMCL-based estimate)",-6.0253,-1.1754,-0.3471,,
1790756454305334714,14.100,map,"nav2_feedback of the target goal (map, AMCL-based estimate)",-6.0253,-1.1754,-0.3471,,
1790756454315402703,14.100,map,"nav2_feedback of the target goal (map, AMCL-based estimate)",-6.0253,-1.1754,-0.3471,,
1790756454325753648,14.100,map,"nav2_feedback of the target goal (map, AMCL-based estimate)",-6.0253,-1.1754,-0.3471,,
1790756454335584850,14.117,map,"nav2_feedback of the target goal (map, AMCL-based estimate)",-6.0144,-1.1792,-0.3301,,
1790756454345594420,14.117,map,"nav2_feedback of the target goal (map, AMCL-based estimate)",-6.0144,-1.1792,-0.3301,,
1790756455519432087,14.117,map,"nav2_feedback of the target goal (map, AMCL-based estimate)",-6.0144,-1.1792,-0.3301,,
1790756455529103861,14.117,map,"nav2_feedback of the target goal (map, AMCL-based estimate)",-6.0144,-1.1792,-0.3301,,
1790756455542537834,14.117,map,"nav2_feedback of the target goal (map, AMCL-based estimate)",-6.0144,-1.1792,-0.3301,,
1790756455549314088,14.117,map,"nav2_feedback of the target goal (map, AMCL-based estimate)",-6.0144,-1.1792,-0.3301,,
1790756455559285779,14.133,map,"nav2_feedback of the target goal (map, AMCL-based estimate)",-6.0032,-1.1828,-0.3132,,
1790756455569082589,14.133,map,"nav2_feedback of the target goal (map, AMCL-based estimate)",-6.0032,-1.1828,-0.3132,,
1790756455579171873,14.133,map,"nav2_feedback of the target goal (map, AMCL-based estimate)",-6.0032,-1.1828,-0.3132,,
1790756455589196047,14.133,map,"nav2_feedback of the target goal (map, AMCL-based estimate)",-6.0032,-1.1828,-0.3132,,
1790756455599038462,14.150,map,"nav2_feedback of the target goal (map, AMCL-based estimate)",-5.9919,-1.1862,-0.2964,,
1790756455609119643,14.150,map,"nav2_feedback of the target goal (map, AMCL-based estimate)",-5.9919,-1.1862,-0.2964,,
1790756455619447503,14.150,map,"nav2_feedback of the target goal (map, AMCL-based estimate)",-5.9919,-1.1862,-0.2964,,
1790756455629303675,14.150,map,"nav2_feedback of the target goal (map, AMCL-based estimate)",-5.9919,-1.1862,-0.2964,,
1790756455639403888,14.150,map,"nav2_feedback of the target goal (map, AMCL-based estimate)",-5.9919,-1.1862,-0.2964,,
1790756455649519460,14.167,map,"nav2_feedback of the target goal (map, AMCL-based estimate)",-5.9806,-1.1894,-0.2801,,
1790756455660300446,14.167,map,"nav2_feedback of the target goal (map, AMCL-based estimate)",-5.9806,-1.1894,-0.2801,,
1790756455668994453,14.167,map,"nav2_feedback of the target goal (map, AMCL-based estimate)",-5.9806,-1.1894,-0.2801,,
1790756455679527628,14.167,map,"nav2_feedback of the target goal (map, AMCL-based estimate)",-5.9806,-1.1894,-0.2801,,
1790756455689491593,14.183,map,"nav2_feedback of the target goal (map, AMCL-based estimate)",-5.9693,-1.1925,-0.2639,,
1790756455699426631,14.183,map,"nav2_feedback of the target goal (map, AMCL-based estimate)",-5.9693,-1.1925,-0.2639,,
1790756455709549835,14.183,map,"nav2_feedback of the target goal (map, AMCL-based estimate)",-5.9693,-1.1925,-0.2639,,
1790756455719420706,14.183,map,"nav2_feedback of the target goal (map, AMCL-based estimate)",-5.9693,-1.1925,-0.2639,,
1790756455729145812,14.183,map,"nav2_feedback of the target goal (map, AMCL-based estimate)",-5.9693,-1.1925,-0.2639,,
1790756455739185062,14.183,map,"nav2_feedback of the target goal (map, AMCL-based estimate)",-5.9693,-1.1925,-0.2639,,
1790756455749374977,14.200,map,"nav2_feedback of the target goal (map, AMCL-based estimate)",-5.9576,-1.1954,-0.2476,,
1790756455759423462,14.200,map,"nav2_feedback of the target goal (map, AMCL-based estimate)",-5.9576,-1.1954,-0.2476,,
1790756455769305451,14.200,map,"nav2_feedback of the target goal (map, AMCL-based estimate)",-5.9576,-1.1954,-0.2476,,
1790756455779226073,14.200,map,"nav2_feedback of the target goal (map, AMCL-based estimate)",-5.9576,-1.1954,-0.2476,,
1790756455788916975,14.217,map,"nav2_feedback of the target goal (map, AMCL-based estimate)",-5.9456,-1.1982,-0.2310,,
1790756455798960654,14.217,map,"nav2_feedback of the target goal (map, AMCL-based estimate)",-5.9456,-1.1982,-0.2310,,
1790756455809460756,14.217,map,"nav2_feedback of the target goal (map, AMCL-based estimate)",-5.9456,-1.1982,-0.2310,,
1790756455819301381,14.217,map,"nav2_feedback of the target goal (map, AMCL-based estimate)",-5.9456,-1.1982,-0.2310,,
1790756455829364188,14.217,map,"nav2_feedback of the target goal (map, AMCL-based estimate)",-5.9456,-1.1982,-0.2310,,
1790756455839564468,14.233,map,"nav2_feedback of the target goal (map, AMCL-based estimate)",-5.9333,-1.2009,-0.2143,,
1790756455849349312,14.233,map,"nav2_feedback of the target goal (map, AMCL-based estimate)",-5.9333,-1.2009,-0.2143,,
1790756455859622239,14.233,map,"nav2_feedback of the target goal (map, AMCL-based estimate)",-5.9333,-1.2009,-0.2143,,
1790756455869177740,14.233,map,"nav2_feedback of the target goal (map, AMCL-based estimate)",-5.9333,-1.2009,-0.2143,,
1790756455879055018,14.250,map,"nav2_feedback of the target goal (map, AMCL-based estimate)",-5.9210,-1.2033,-0.1977,,
1790756455889274049,14.250,map,"nav2_feedback of the target goal (map, AMCL-based estimate)",-5.9210,-1.2033,-0.1977,,
1790756455899388868,14.250,map,"nav2_feedback of the target goal (map, AMCL-based estimate)",-5.9210,-1.2033,-0.1977,,
1790756455909854296,14.250,map,"nav2_feedback of the target goal (map, AMCL-based estimate)",-5.9210,-1.2033,-0.1977,,
1790756455919369092,14.250,map,"nav2_feedback of the target goal (map, AMCL-based estimate)",-5.9210,-1.2033,-0.1977,,
1790756455929325896,14.250,map,"nav2_feedback of the target goal (map, AMCL-based estimate)",-5.9210,-1.2033,-0.1977,,
1790756455939383802,14.267,map,"nav2_feedback of the target goal (map, AMCL-based estimate)",-5.9086,-1.2056,-0.1813,,
1790756455949259008,14.267,map,"nav2_feedback of the target goal (map, AMCL-based estimate)",-5.9086,-1.2056,-0.1813,,
1790756455959884712,14.267,map,"nav2_feedback of the target goal (map, AMCL-based estimate)",-5.9086,-1.2056,-0.1813,,
1790756455969501553,14.267,map,"nav2_feedback of the target goal (map, AMCL-based estimate)",-5.9086,-1.2056,-0.1813,,
1790756455979333321,14.267,map,"nav2_feedback of the target goal (map, AMCL-based estimate)",-5.9086,-1.2056,-0.1813,,
1790756455989025731,14.267,map,"nav2_feedback of the target goal (map, AMCL-based estimate)",-5.9086,-1.2056,-0.1813,,
1790756455999515092,14.283,map,"nav2_feedback of the target goal (map, AMCL-based estimate)",-5.8960,-1.2077,-0.1649,,
1790756456009751648,14.283,map,"nav2_feedback of the target goal (map, AMCL-based estimate)",-5.8960,-1.2077,-0.1649,,
1790756456019027868,14.283,map,"nav2_feedback of the target goal (map, AMCL-based estimate)",-5.8960,-1.2077,-0.1649,,
1790756456029398318,14.283,map,"nav2_feedback of the target goal (map, AMCL-based estimate)",-5.8960,-1.2077,-0.1649,,
1790756456039124366,14.300,map,"nav2_feedback of the target goal (map, AMCL-based estimate)",-5.8833,-1.2096,-0.1485,,
1790756456049184063,14.300,map,"nav2_feedback of the target goal (map, AMCL-based estimate)",-5.8833,-1.2096,-0.1485,,
1790756456059475175,14.300,map,"nav2_feedback of the target goal (map, AMCL-based estimate)",-5.8833,-1.2096,-0.1485,,
1790756456069012020,14.300,map,"nav2_feedback of the target goal (map, AMCL-based estimate)",-5.8833,-1.2096,-0.1485,,
1790756456079227847,14.317,map,"nav2_feedback of the target goal (map, AMCL-based estimate)",-5.8706,-1.2112,-0.1322,,
1790756456088986497,14.317,map,"nav2_feedback of the target goal (map, AMCL-based estimate)",-5.8706,-1.2112,-0.1322,,
1790756456099177825,14.317,map,"nav2_feedback of the target goal (map, AMCL-based estimate)",-5.8706,-1.2112,-0.1322,,
1790756456109320534,14.317,map,"nav2_feedback of the target goal (map, AMCL-based estimate)",-5.8706,-1.2112,-0.1322,,
1790756456119844664,14.317,map,"nav2_feedback of the target goal (map, AMCL-based estimate)",-5.8706,-1.2112,-0.1322,,
1790756456129548192,14.317,map,"nav2_feedback of the target goal (map, AMCL-based estimate)",-5.8706,-1.2112,-0.1322,,
1790756456140806237,14.333,map,"nav2_feedback of the target goal (map, AMCL-based estimate)",-5.8579,-1.2127,-0.1161,,
1790756456149244424,14.333,map,"nav2_feedback of the target goal (map, AMCL-based estimate)",-5.8579,-1.2127,-0.1161,,
1790756456159251732,14.333,map,"nav2_feedback of the target goal (map, AMCL-based estimate)",-5.8579,-1.2127,-0.1161,,
1790756456168950078,14.333,map,"nav2_feedback of the target goal (map, AMCL-based estimate)",-5.8579,-1.2127,-0.1161,,
1790756456179122279,14.350,map,"nav2_feedback of the target goal (map, AMCL-based estimate)",-5.8452,-1.2140,-0.1001,,
1790756456188993904,14.350,map,"nav2_feedback of the target goal (map, AMCL-based estimate)",-5.8452,-1.2140,-0.1001,,
1790756456201648545,14.350,map,"nav2_feedback of the target goal (map, AMCL-based estimate)",-5.8452,-1.2140,-0.1001,,
1790756456209068258,14.350,map,"nav2_feedback of the target goal (map, AMCL-based estimate)",-5.8452,-1.2140,-0.1001,,
1790756456219387450,14.350,map,"nav2_feedback of the target goal (map, AMCL-based estimate)",-5.8452,-1.2140,-0.1001,,
1790756456229044525,14.367,map,"nav2_feedback of the target goal (map, AMCL-based estimate)",-5.8324,-1.2150,-0.0840,,
1790756456239146529,14.367,map,"nav2_feedback of the target goal (map, AMCL-based estimate)",-5.8324,-1.2150,-0.0840,,
1790756456249190396,14.367,map,"nav2_feedback of the target goal (map, AMCL-based estimate)",-5.8324,-1.2150,-0.0840,,
1790756456259609466,14.367,map,"nav2_feedback of the target goal (map, AMCL-based estimate)",-5.8324,-1.2150,-0.0840,,
1790756456269088457,14.367,map,"nav2_feedback of the target goal (map, AMCL-based estimate)",-5.8324,-1.2150,-0.0840,,
1790756456279091996,14.383,map,"nav2_feedback of the target goal (map, AMCL-based estimate)",-5.8197,-1.2159,-0.0681,,
1790756456289543856,14.383,map,"nav2_feedback of the target goal (map, AMCL-based estimate)",-5.8197,-1.2159,-0.0681,,
1790756456299542495,14.383,map,"nav2_feedback of the target goal (map, AMCL-based estimate)",-5.8197,-1.2159,-0.0681,,
1790756456309541983,14.383,map,"nav2_feedback of the target goal (map, AMCL-based estimate)",-5.8197,-1.2159,-0.0681,,
1790756456319208763,14.383,map,"nav2_feedback of the target goal (map, AMCL-based estimate)",-5.8197,-1.2159,-0.0681,,
1790756456329273548,14.400,map,"nav2_feedback of the target goal (map, AMCL-based estimate)",-5.8069,-1.2166,-0.0522,,
1790756456339390911,14.400,map,"nav2_feedback of the target goal (map, AMCL-based estimate)",-5.8069,-1.2166,-0.0522,,
1790756456349812996,14.400,map,"nav2_feedback of the target goal (map, AMCL-based estimate)",-5.8069,-1.2166,-0.0522,,
1790756456359431062,14.400,map,"nav2_feedback of the target goal (map, AMCL-based estimate)",-5.8069,-1.2166,-0.0522,,
1790756456369100481,14.417,map,"nav2_feedback of the target goal (map, AMCL-based estimate)",-5.7941,-1.2170,-0.0363,,
1790756456379125692,14.417,map,"nav2_feedback of the target goal (map, AMCL-based estimate)",-5.7941,-1.2170,-0.0363,,
1790756456388894706,14.417,map,"nav2_feedback of the target goal (map, AMCL-based estimate)",-5.7941,-1.2170,-0.0363,,
1790756456398917561,14.417,map,"nav2_feedback of the target goal (map, AMCL-based estimate)",-5.7941,-1.2170,-0.0363,,
1790756456410787029,14.417,map,"nav2_feedback of the target goal (map, AMCL-based estimate)",-5.7941,-1.2170,-0.0363,,
1790756456419044776,14.433,map,"nav2_feedback of the target goal (map, AMCL-based estimate)",-5.7814,-1.2173,-0.0204,,
1790756456429183433,14.433,map,"nav2_feedback of the target goal (map, AMCL-based estimate)",-5.7814,-1.2173,-0.0204,,
1790756456439110462,14.433,map,"nav2_feedback of the target goal (map, AMCL-based estimate)",-5.7814,-1.2173,-0.0204,,
1790756456449100150,14.433,map,"nav2_feedback of the target goal (map, AMCL-based estimate)",-5.7814,-1.2173,-0.0204,,
1790756456459382311,14.450,map,"nav2_feedback of the target goal (map, AMCL-based estimate)",-5.7686,-1.2173,-0.0046,,
1790756456469039010,14.450,map,"nav2_feedback of the target goal (map, AMCL-based estimate)",-5.7686,-1.2173,-0.0046,,
1790756456478876996,14.450,map,"nav2_feedback of the target goal (map, AMCL-based estimate)",-5.7686,-1.2173,-0.0046,,
1790756456489566302,14.450,map,"nav2_feedback of the target goal (map, AMCL-based estimate)",-5.7686,-1.2173,-0.0046,,
1790756456499272091,14.450,map,"nav2_feedback of the target goal (map, AMCL-based estimate)",-5.7686,-1.2173,-0.0046,,
1790756456509456919,14.450,map,"nav2_feedback of the target goal (map, AMCL-based estimate)",-5.7686,-1.2173,-0.0046,,
1790756456519011572,14.467,map,"nav2_feedback of the target goal (map, AMCL-based estimate)",-5.7557,-1.2172,0.0114,,
1790756456529681656,14.467,map,"nav2_feedback of the target goal (map, AMCL-based estimate)",-5.7557,-1.2172,0.0114,,
1790756456539057942,14.467,map,"nav2_feedback of the target goal (map, AMCL-based estimate)",-5.7557,-1.2172,0.0114,,
1790756456549458072,14.467,map,"nav2_feedback of the target goal (map, AMCL-based estimate)",-5.7557,-1.2172,0.0114,,
1790756456560257715,14.483,map,"nav2_feedback of the target goal (map, AMCL-based estimate)",-5.7428,-1.2168,0.0272,,
1790756456569165799,14.483,map,"nav2_feedback of the target goal (map, AMCL-based estimate)",-5.7428,-1.2168,0.0272,,
1790756456578945555,14.483,map,"nav2_feedback of the target goal (map, AMCL-based estimate)",-5.7428,-1.2168,0.0272,,
1790756456589182300,14.483,map,"nav2_feedback of the target goal (map, AMCL-based estimate)",-5.7428,-1.2168,0.0272,,
1790756456599519394,14.483,map,"nav2_feedback of the target goal (map, AMCL-based estimate)",-5.7428,-1.2168,0.0272,,
1790756456609319503,14.483,map,"nav2_feedback of the target goal (map, AMCL-based estimate)",-5.7428,-1.2168,0.0272,,
1790756456619194519,14.500,map,"nav2_feedback of the target goal (map, AMCL-based estimate)",-5.7299,-1.2162,0.0432,,
1790756456629177800,14.500,map,"nav2_feedback of the target goal (map, AMCL-based estimate)",-5.7299,-1.2162,0.0432,,
1790756456639195473,14.500,map,"nav2_feedback of the target goal (map, AMCL-based estimate)",-5.7299,-1.2162,0.0432,,
1790756456649216161,14.500,map,"nav2_feedback of the target goal (map, AMCL-based estimate)",-5.7299,-1.2162,0.0432,,
1790756456659391095,14.517,map,"nav2_feedback of the target goal (map, AMCL-based estimate)",-5.7170,-1.2154,0.0591,,
1790756456669359865,14.517,map,"nav2_feedback of the target goal (map, AMCL-based estimate)",-5.7170,-1.2154,0.0591,,
1790756456679012889,14.517,map,"nav2_feedback of the target goal (map, AMCL-based estimate)",-5.7170,-1.2154,0.0591,,
1790756456689172370,14.517,map,"nav2_feedback of the target goal (map, AMCL-based estimate)",-5.7170,-1.2154,0.0591,,
1790756456699151034,14.517,map,"nav2_feedback of the target goal (map, AMCL-based estimate)",-5.7170,-1.2154,0.0591,,
1790756456709168518,14.517,map,"nav2_feedback of the target goal (map, AMCL-based estimate)",-5.7170,-1.2154,0.0591,,
1790756456719385099,14.533,map,"nav2_feedback of the target goal (map, AMCL-based estimate)",-5.7040,-1.2145,0.0750,,
1790756456729319006,14.533,map,"nav2_feedback of the target goal (map, AMCL-based estimate)",-5.7040,-1.2145,0.0750,,
1790756456739181774,14.533,map,"nav2_feedback of the target goal (map, AMCL-based estimate)",-5.7040,-1.2145,0.0750,,
1790756456749257866,14.533,map,"nav2_feedback of the target goal (map, AMCL-based estimate)",-5.7040,-1.2145,0.0750,,
1790756456759313323,14.550,map,"nav2_feedback of the target goal (map, AMCL-based estimate)",-5.6911,-1.2133,0.0909,,
1790756456769106176,14.550,map,"nav2_feedback of the target goal (map, AMCL-based estimate)",-5.6911,-1.2133,0.0909,,
1790756456778986752,14.550,map,"nav2_feedback of the target goal (map, AMCL-based estimate)",-5.6911,-1.2133,0.0909,,
1790756456789850562,14.550,map,"nav2_feedback of the target goal (map, AMCL-based estimate)",-5.6911,-1.2133,0.0909,,
1790756456799061484,14.550,map,"nav2_feedback of the target goal (map, AMCL-based estimate)",-5.6911,-1.2133,0.0909,,
1790756456809701510,14.550,map,"nav2_feedback of the target goal (map, AMCL-based estimate)",-5.6911,-1.2133,0.0909,,
1790756456819408147,14.567,map,"nav2_feedback of the target goal (map, AMCL-based estimate)",-5.6782,-1.2119,0.1068,,
1790756456829244626,14.567,map,"nav2_feedback of the target goal (map, AMCL-based estimate)",-5.6782,-1.2119,0.1068,,
1790756456839053498,14.567,map,"nav2_feedback of the target goal (map, AMCL-based estimate)",-5.6782,-1.2119,0.1068,,
1790756456849682123,14.567,map,"nav2_feedback of the target goal (map, AMCL-based estimate)",-5.6782,-1.2119,0.1068,,
1790756456859475824,14.583,map,"nav2_feedback of the target goal (map, AMCL-based estimate)",-5.6653,-1.2103,0.1227,,
1790756456871714558,14.583,map,"nav2_feedback of the target goal (map, AMCL-based estimate)",-5.6653,-1.2103,0.1227,,
1790756456878978141,14.583,map,"nav2_feedback of the target goal (map, AMCL-based estimate)",-5.6653,-1.2103,0.1227,,
1790756456889382229,14.583,map,"nav2_feedback of the target goal (map, AMCL-based estimate)",-5.6653,-1.2103,0.1227,,
1790756456899411114,14.583,map,"nav2_feedback of the target goal (map, AMCL-based estimate)",-5.6653,-1.2103,0.1227,,
1790756456909372158,14.583,map,"nav2_feedback of the target goal (map, AMCL-based estimate)",-5.6653,-1.2103,0.1227,,
1790756456919048738,14.600,map,"nav2_feedback of the target goal (map, AMCL-based estimate)",-5.6525,-1.2085,0.1385,,
1790756456929492023,14.600,map,"nav2_feedback of the target goal (map, AMCL-based estimate)",-5.6525,-1.2085,0.1385,,
1790756456939007479,14.600,map,"nav2_feedback of the target goal (map, AMCL-based estimate)",-5.6525,-1.2085,0.1385,,
1790756456949164133,14.617,map,"nav2_feedback of the target goal (map, AMCL-based estimate)",-5.6397,-1.2065,0.1544,,
1790756456959467212,14.617,map,"nav2_feedback of the target goal (map, AMCL-based estimate)",-5.6397,-1.2065,0.1544,,
1790756456969235473,14.617,map,"nav2_feedback of the target goal (map, AMCL-based estimate)",-5.6397,-1.2065,0.1544,,
1790756456979345957,14.617,map,"nav2_feedback of the target goal (map, AMCL-based estimate)",-5.6397,-1.2065,0.1544,,
1790756456989429116,14.617,map,"nav2_feedback of the target goal (map, AMCL-based estimate)",-5.6397,-1.2065,0.1544,,
1790756456999177778,14.617,map,"nav2_feedback of the target goal (map, AMCL-based estimate)",-5.6397,-1.2065,0.1544,,
1790756457009770409,14.633,map,"nav2_feedback of the target goal (map, AMCL-based estimate)",-5.6269,-1.2043,0.1702,,
1790756457019104011,14.633,map,"nav2_feedback of the target goal (map, AMCL-based estimate)",-5.6269,-1.2043,0.1702,,
1790756457029330580,14.633,map,"nav2_feedback of the target goal (map, AMCL-based estimate)",-5.6269,-1.2043,0.1702,,
1790756457039150193,14.633,map,"nav2_feedback of the target goal (map, AMCL-based estimate)",-5.6269,-1.2043,0.1702,,
1790756457049309579,14.650,map,"nav2_feedback of the target goal (map, AMCL-based estimate)",-5.6141,-1.2018,0.1860,,
1790756457059524087,14.650,map,"nav2_feedback of the target goal (map, AMCL-based estimate)",-5.6141,-1.2018,0.1860,,
1790756457069698079,14.650,map,"nav2_feedback of the target goal (map, AMCL-based estimate)",-5.6141,-1.2018,0.1860,,
1790756457079309644,14.650,map,"nav2_feedback of the target goal (map, AMCL-based estimate)",-5.6141,-1.2018,0.1860,,
1790756457089539981,14.650,map,"nav2_feedback of the target goal (map, AMCL-based estimate)",-5.6141,-1.2018,0.1860,,
1790756457099295898,14.650,map,"nav2_feedback of the target goal (map, AMCL-based estimate)",-5.6141,-1.2018,0.1860,,
1790756457109446805,14.667,map,"nav2_feedback of the target goal (map, AMCL-based estimate)",-5.6014,-1.1992,0.2019,,
1790756457119165221,14.667,map,"nav2_feedback of the target goal (map, AMCL-based estimate)",-5.6014,-1.1992,0.2019,,
1790756457129064359,14.667,map,"nav2_feedback of the target goal (map, AMCL-based estimate)",-5.6014,-1.1992,0.2019,,
1790756457139416246,14.667,map,"nav2_feedback of the target goal (map, AMCL-based estimate)",-5.6014,-1.1992,0.2019,,
1790756457149132212,14.683,map,"nav2_feedback of the target goal (map, AMCL-based estimate)",-5.5887,-1.1964,0.2177,,
1790756457159247219,14.683,map,"nav2_feedback of the target goal (map, AMCL-based estimate)",-5.5887,-1.1964,0.2177,,
1790756457169274691,14.683,map,"nav2_feedback of the target goal (map, AMCL-based estimate)",-5.5887,-1.1964,0.2177,,
1790756457179231212,14.683,map,"nav2_feedback of the target goal (map, AMCL-based estimate)",-5.5887,-1.1964,0.2177,,
1790756457191800015,14.683,map,"nav2_feedback of the target goal (map, AMCL-based estimate)",-5.5887,-1.1964,0.2177,,
1790756457199004802,14.700,map,"nav2_feedback of the target goal (map, AMCL-based estimate)",-5.5761,-1.1934,0.2335,,
1790756457209924487,14.700,map,"nav2_feedback of the target goal (map, AMCL-based estimate)",-5.5761,-1.1934,0.2335,,
1790756457219089898,14.700,map,"nav2_feedback of the target goal (map, AMCL-based estimate)",-5.5761,-1.1934,0.2335,,
1790756457229661423,14.700,map,"nav2_feedback of the target goal (map, AMCL-based estimate)",-5.5761,-1.1934,0.2335,,
1790756457239062491,14.717,map,"nav2_feedback of the target goal (map, AMCL-based estimate)",-5.5639,-1.1959,0.2448,,
1790756457249194175,14.717,map,"nav2_feedback of the target goal (map, AMCL-based estimate)",-5.5639,-1.1959,0.2448,,
1790756457260061565,14.717,map,"nav2_feedback of the target goal (map, AMCL-based estimate)",-5.5639,-1.1959,0.2448,,
1790756457269376323,14.717,map,"nav2_feedback of the target goal (map, AMCL-based estimate)",-5.5639,-1.1959,0.2448,,
1790756457279848252,14.717,map,"nav2_feedback of the target goal (map, AMCL-based estimate)",-5.5639,-1.1959,0.2448,,
1790756457289384061,14.717,map,"nav2_feedback of the target goal (map, AMCL-based estimate)",-5.5639,-1.1959,0.2448,,
1790756457299584529,14.733,map,"nav2_feedback of the target goal (map, AMCL-based estimate)",-5.5517,-1.1984,0.2560,,
1790756457309700855,14.733,map,"nav2_feedback of the target goal (map, AMCL-based estimate)",-5.5517,-1.1984,0.2560,,
1790756457319094290,14.733,map,"nav2_feedback of the target goal (map, AMCL-based estimate)",-5.5517,-1.1984,0.2560,,
1790756457330319451,14.733,map,"nav2_feedback of the target goal (map, AMCL-based estimate)",-5.5517,-1.1984,0.2560,,
1790756457339433604,14.750,map,"nav2_feedback of the target goal (map, AMCL-based estimate)",-5.5397,-1.2008,0.2672,,
1790756457349272910,14.750,map,"nav2_feedback of the target goal (map, AMCL-based estimate)",-5.5397,-1.2008,0.2672,,
1790756457359464522,14.750,map,"nav2_feedback of the target goal (map, AMCL-based estimate)",-5.5397,-1.2008,0.2672,,
1790756457369275277,14.750,map,"nav2_feedback of the target goal (map, AMCL-based estimate)",-5.5397,-1.2008,0.2672,,
1790756457379310853,14.750,map,"nav2_feedback of the target goal (map, AMCL-based estimate)",-5.5397,-1.2008,0.2672,,
1790756457389281131,14.767,map,"nav2_feedback of the target goal (map, AMCL-based estimate)",-5.5277,-1.2031,0.2783,,
1790756457399311241,14.767,map,"nav2_feedback of the target goal (map, AMCL-based estimate)",-5.5277,-1.2031,0.2783,,
1790756457409771393,14.767,map,"nav2_feedback of the target goal (map, AMCL-based estimate)",-5.5277,-1.2031,0.2783,,
1790756457419380602,14.767,map,"nav2_feedback of the target goal (map, AMCL-based estimate)",-5.5277,-1.2031,0.2783,,
1790756457429603684,14.767,map,"nav2_feedback of the target goal (map, AMCL-based estimate)",-5.5277,-1.2031,0.2783,,
1790756457439320969,14.767,map,"nav2_feedback of the target goal (map, AMCL-based estimate)",-5.5277,-1.2031,0.2783,,
1790756457449568833,14.783,map,"nav2_feedback of the target goal (map, AMCL-based estimate)",-5.5157,-1.2053,0.2895,,
1790756457461981506,14.783,map,"nav2_feedback of the target goal (map, AMCL-based estimate)",-5.5157,-1.2053,0.2895,,
1790756457469244052,14.783,map,"nav2_feedback of the target goal (map, AMCL-based estimate)",-5.5157,-1.2053,0.2895,,
1790756457479625715,14.783,map,"nav2_feedback of the target goal (map, AMCL-based estimate)",-5.5157,-1.2053,0.2895,,
1790756457489101408,14.800,map,"nav2_feedback of the target goal (map, AMCL-based estimate)",-5.5038,-1.2074,0.3008,,
1790756457499338718,14.800,map,"nav2_feedback of the target goal (map, AMCL-based estimate)",-5.5038,-1.2074,0.3008,,
1790756457509388427,14.800,map,"nav2_feedback of the target goal (map, AMCL-based estimate)",-5.5038,-1.2074,0.3008,,
1790756457519544139,14.800,map,"nav2_feedback of the target goal (map, AMCL-based estimate)",-5.5038,-1.2074,0.3008,,
1790756457529946342,14.817,map,"nav2_feedback of the target goal (map, AMCL-based estimate)",-5.4918,-1.2094,0.3121,,
1790756457539000381,14.817,map,"nav2_feedback of the target goal (map, AMCL-based estimate)",-5.4918,-1.2094,0.3121,,
1790756457549048959,14.817,map,"nav2_feedback of the target goal (map, AMCL-based estimate)",-5.4918,-1.2094,0.3121,,
1790756457559210136,14.817,map,"nav2_feedback of the target goal (map, AMCL-based estimate)",-5.4918,-1.2094,0.3121,,
1790756457569804746,14.817,map,"nav2_feedback of the target goal (map, AMCL-based estimate)",-5.4918,-1.2094,0.3121,,
1790756457579282983,14.817,map,"nav2_feedback of the target goal (map, AMCL-based estimate)",-5.4918,-1.2094,0.3121,,
1790756457591465183,14.833,map,"nav2_feedback of the target goal (map, AMCL-based estimate)",-5.4799,-1.2114,0.3234,,
1790756457599197250,14.833,map,"nav2_feedback of the target goal (map, AMCL-based estimate)",-5.4799,-1.2114,0.3234,,
1790756457609477715,14.833,map,"nav2_feedback of the target goal (map, AMCL-based estimate)",-5.4799,-1.2114,0.3234,,
1790756457618997317,14.833,map,"nav2_feedback of the target goal (map, AMCL-based estimate)",-5.4799,-1.2114,0.3234,,
1790756457629221436,14.833,map,"nav2_feedback of the target goal (map, AMCL-based estimate)",-5.4799,-1.2114,0.3234,,
1790756457639212349,14.850,map,"nav2_feedback of the target goal (map, AMCL-based estimate)",-5.4680,-1.2132,0.3346,,
1790756457649165478,14.850,map,"nav2_feedback of the target goal (map, AMCL-based estimate)",-5.4680,-1.2132,0.3346,,
1790756457661153858,14.850,map,"nav2_feedback of the target goal (map, AMCL-based estimate)",-5.4680,-1.2132,0.3346,,
1790756457669109709,14.850,map,"nav2_feedback of the target goal (map, AMCL-based estimate)",-5.4680,-1.2132,0.3346,,
1790756457679454058,14.850,map,"nav2_feedback of the target goal (map, AMCL-based estimate)",-5.4680,-1.2132,0.3346,,
1790756457689159471,14.867,map,"nav2_feedback of the target goal (map, AMCL-based estimate)",-5.4561,-1.2150,0.3457,,
1790756457699143788,14.867,map,"nav2_feedback of the target goal (map, AMCL-based estimate)",-5.4561,-1.2150,0.3457,,
1790756457709410025,14.867,map,"nav2_feedback of the target goal (map, AMCL-based estimate)",-5.4561,-1.2150,0.3457,,
1790756457719210416,14.883,map,"nav2_feedback of the target goal (map, AMCL-based estimate)",-5.4443,-1.2167,0.3569,,
1790756457729271621,14.883,map,"nav2_feedback of the target goal (map, AMCL-based estimate)",-5.4443,-1.2167,0.3569,,
1790756457739042991,14.883,map,"nav2_feedback of the target goal (map, AMCL-based estimate)",-5.4443,-1.2167,0.3569,,
1790756457749411745,14.883,map,"nav2_feedback of the target goal (map, AMCL-based estimate)",-5.4443,-1.2167,0.3569,,
1790756457759602414,14.883,map,"nav2_feedback of the target goal (map, AMCL-based estimate)",-5.4443,-1.2167,0.3569,,
1790756457769612925,14.883,map,"nav2_feedback of the target goal (map, AMCL-based estimate)",-5.4443,-1.2167,0.3569,,
1790756457779132056,14.900,map,"nav2_feedback of the target goal (map, AMCL-based estimate)",-5.4325,-1.2183,0.3680,,
1790756457789470752,14.900,map,"nav2_feedback of the target goal (map, AMCL-based estimate)",-5.4325,-1.2183,0.3680,,
1790756457799240332,14.900,map,"nav2_feedback of the target goal (map, AMCL-based estimate)",-5.4325,-1.2183,0.3680,,
1790756457810607866,14.900,map,"nav2_feedback of the target goal (map, AMCL-based estimate)",-5.4325,-1.2183,0.3680,,
1790756457819150076,14.917,map,"nav2_feedback of the target goal (map, AMCL-based estimate)",-5.4205,-1.2135,0.3834,,
1790756457829373347,14.917,map,"nav2_feedback of the target goal (map, AMCL-based estimate)",-5.4205,-1.2135,0.3834,,
1790756457839259011,14.917,map,"nav2_feedback of the target goal (map, AMCL-based estimate)",-5.4205,-1.2135,0.3834,,
1790756457849151083,14.917,map,"nav2_feedback of the target goal (map, AMCL-based estimate)",-5.4205,-1.2135,0.3834,,
1790756457859888820,14.917,map,"nav2_feedback of the target goal (map, AMCL-based estimate)",-5.4205,-1.2135,0.3834,,
1790756457868993551,14.917,map,"nav2_feedback of the target goal (map, AMCL-based estimate)",-5.4205,-1.2135,0.3834,,
1790756457879018479,14.933,map,"nav2_feedback of the target goal (map, AMCL-based estimate)",-5.4086,-1.2084,0.3984,,
1790756457889170610,14.933,map,"nav2_feedback of the target goal (map, AMCL-based estimate)",-5.4086,-1.2084,0.3984,,
1790756457899200344,14.933,map,"nav2_feedback of the target goal (map, AMCL-based estimate)",-5.4086,-1.2084,0.3984,,
1790756457909672085,14.950,map,"nav2_feedback of the target goal (map, AMCL-based estimate)",-5.3968,-1.2032,0.4130,,
1790756457919047335,14.950,map,"nav2_feedback of the target goal (map, AMCL-based estimate)",-5.3968,-1.2032,0.4130,,
1790756457929047011,14.950,map,"nav2_feedback of the target goal (map, AMCL-based estimate)",-5.3968,-1.2032,0.4130,,
1790756457939216479,14.950,map,"nav2_feedback of the target goal (map, AMCL-based estimate)",-5.3968,-1.2032,0.4130,,
1790756457949171398,14.950,map,"nav2_feedback of the target goal (map, AMCL-based estimate)",-5.3968,-1.2032,0.4130,,
1790756457959480791,14.950,map,"nav2_feedback of the target goal (map, AMCL-based estimate)",-5.3968,-1.2032,0.4130,,
1790756457969231525,14.967,map,"nav2_feedback of the target goal (map, AMCL-based estimate)",-5.3851,-1.1979,0.4272,,
1790756457978973780,14.967,map,"nav2_feedback of the target goal (map, AMCL-based estimate)",-5.3851,-1.1979,0.4272,,
1790756457989146735,14.967,map,"nav2_feedback of the target goal (map, AMCL-based estimate)",-5.3851,-1.1979,0.4272,,
1790756457999239693,14.967,map,"nav2_feedback of the target goal (map, AMCL-based estimate)",-5.3851,-1.1979,0.4272,,
1790756458009292794,14.983,map,"nav2_feedback of the target goal (map, AMCL-based estimate)",-5.3734,-1.1924,0.4409,,
1790756458019447941,14.983,map,"nav2_feedback of the target goal (map, AMCL-based estimate)",-5.3734,-1.1924,0.4409,,
1790756458029082214,14.983,map,"nav2_feedback of the target goal (map, AMCL-based estimate)",-5.3734,-1.1924,0.4409,,
1790756458039417989,14.983,map,"nav2_feedback of the target goal (map, AMCL-based estimate)",-5.3734,-1.1924,0.4409,,
1790756458049691481,14.983,map,"nav2_feedback of the target goal (map, AMCL-based estimate)",-5.3734,-1.1924,0.4409,,
1790756458062163233,14.983,map,"nav2_feedback of the target goal (map, AMCL-based estimate)",-5.3734,-1.1924,0.4409,,
1790756458069542335,15.000,map,"nav2_feedback of the target goal (map, AMCL-based estimate)",-5.3618,-1.1867,0.4542,,
1790756458079412076,15.000,map,"nav2_feedback of the target goal (map, AMCL-based estimate)",-5.3618,-1.1867,0.4542,,
1790756458089273618,15.000,map,"nav2_feedback of the target goal (map, AMCL-based estimate)",-5.3618,-1.1867,0.4542,,
1790756458099101900,15.000,map,"nav2_feedback of the target goal (map, AMCL-based estimate)",-5.3618,-1.1867,0.4542,,
1790756458109804774,15.017,map,"nav2_feedback of the target goal (map, AMCL-based estimate)",-5.3503,-1.1808,0.4670,,
1790756458119030018,15.017,map,"nav2_feedback of the target goal (map, AMCL-based estimate)",-5.3503,-1.1808,0.4670,,
1790756458129279860,15.017,map,"nav2_feedback of the target goal (map, AMCL-based estimate)",-5.3503,-1.1808,0.4670,,
1790756458139175135,15.017,map,"nav2_feedback of the target goal (map, AMCL-based estimate)",-5.3503,-1.1808,0.4670,,
1790756458149287598,15.017,map,"nav2_feedback of the target goal (map, AMCL-based estimate)",-5.3503,-1.1808,0.4670,,
1790756458159520291,15.017,map,"nav2_feedback of the target goal (map, AMCL-based estimate)",-5.3503,-1.1808,0.4670,,
1790756458169237671,15.017,map,"nav2_feedback of the target goal (map, AMCL-based estimate)",-5.3503,-1.1808,0.4670,,
1790756458179179304,15.033,map,"nav2_feedback of the target goal (map, AMCL-based estimate)",-5.3388,-1.1748,0.4796,,
1790756458189155330,15.033,map,"nav2_feedback of the target goal (map, AMCL-based estimate)",-5.3388,-1.1748,0.4796,,
1790756458199090933,15.033,map,"nav2_feedback of the target goal (map, AMCL-based estimate)",-5.3388,-1.1748,0.4796,,
1790756458209226858,15.033,map,"nav2_feedback of the target goal (map, AMCL-based estimate)",-5.3388,-1.1748,0.4796,,
1790756458219336965,15.050,map,"nav2_feedback of the target goal (map, AMCL-based estimate)",-5.3273,-1.1687,0.4918,,
1790756458229214714,15.050,map,"nav2_feedback of the target goal (map, AMCL-based estimate)",-5.3273,-1.1687,0.4918,,
1790756458239539653,15.050,map,"nav2_feedback of the target goal (map, AMCL-based estimate)",-5.3273,-1.1687,0.4918,,
1790756458249244689,15.050,map,"nav2_feedback of the target goal (map, AMCL-based estimate)",-5.3273,-1.1687,0.4918,,
1790756458260661691,15.050,map,"nav2_feedback of the target goal (map, AMCL-based estimate)",-5.3273,-1.1687,0.4918,,
1790756458269302649,15.067,map,"nav2_feedback of the target goal (map, AMCL-based estimate)",-5.3159,-1.1624,0.5035,,
1790756458279351981,15.067,map,"nav2_feedback of the target goal (map, AMCL-based estimate)",-5.3159,-1.1624,0.5035,,
1790756458289112327,15.067,map,"nav2_feedback of the target goal (map, AMCL-based estimate)",-5.3159,-1.1624,0.5035,,
1790756458299150635,15.067,map,"nav2_feedback of the target goal (map, AMCL-based estimate)",-5.3159,-1.1624,0.5035,,
1790756458309238693,15.083,map,"nav2_feedback of the target goal (map, AMCL-based estimate)",-5.3046,-1.1560,0.5149,,
1790756458319106361,15.083,map,"nav2_feedback of the target goal (map, AMCL-based estimate)",-5.3046,-1.1560,0.5149,,
1790756458329177647,15.083,map,"nav2_feedback of the target goal (map, AMCL-based estimate)",-5.3046,-1.1560,0.5149,,
1790756458339263068,15.083,map,"nav2_feedback of the target goal (map, AMCL-based estimate)",-5.3046,-1.1560,0.5149,,
1790756458349297984,15.083,map,"nav2_feedback of the target goal (map, AMCL-based estimate)",-5.3046,-1.1560,0.5149,,
1790756458359308119,15.083,map,"nav2_feedback of the target goal (map, AMCL-based estimate)",-5.3046,-1.1560,0.5149,,
1790756458369073270,15.100,map,"nav2_feedback of the target goal (map, AMCL-based estimate)",-5.2933,-1.1494,0.5259,,
1790756458379340543,15.100,map,"nav2_feedback of the target goal (map, AMCL-based estimate)",-5.2933,-1.1494,0.5259,,
1790756458389198129,15.100,map,"nav2_feedback of the target goal (map, AMCL-based estimate)",-5.2933,-1.1494,0.5259,,
1790756458399445804,15.100,map,"nav2_feedback of the target goal (map, AMCL-based estimate)",-5.2933,-1.1494,0.5259,,
1790756458409697530,15.117,map,"nav2_feedback of the target goal (map, AMCL-based estimate)",-5.2820,-1.1427,0.5366,,
1790756458419383815,15.117,map,"nav2_feedback of the target goal (map, AMCL-based estimate)",-5.2820,-1.1427,0.5366,,
1790756458429418166,15.117,map,"nav2_feedback of the target goal (map, AMCL-based estimate)",-5.2820,-1.1427,0.5366,,
1790756458439253985,15.117,map,"nav2_feedback of the target goal (map, AMCL-based estimate)",-5.2820,-1.1427,0.5366,,
1790756458449253473,15.117,map,"nav2_feedback of the target goal (map, AMCL-based estimate)",-5.2820,-1.1427,0.5366,,
1790756458459591792,15.133,map,"nav2_feedback of the target goal (map, AMCL-based estimate)",-5.2708,-1.1359,0.5471,,
1790756458469400757,15.133,map,"nav2_feedback of the target goal (map, AMCL-based estimate)",-5.2708,-1.1359,0.5471,,
1790756458479173258,15.133,map,"nav2_feedback of the target goal (map, AMCL-based estimate)",-5.2708,-1.1359,0.5471,,
1790756458489063916,15.133,map,"nav2_feedback of the target goal (map, AMCL-based estimate)",-5.2708,-1.1359,0.5471,,
1790756458498991416,15.150,map,"nav2_feedback of the target goal (map, AMCL-based estimate)",-5.2597,-1.1289,0.5575,,
1790756458509472297,15.150,map,"nav2_feedback of the target goal (map, AMCL-based estimate)",-5.2597,-1.1289,0.5575,,
1790756458519386982,15.150,map,"nav2_feedback of the target goal (map, AMCL-based estimate)",-5.2597,-1.1289,0.5575,,
1790756458529718894,15.150,map,"nav2_feedback of the target goal (map, AMCL-based estimate)",-5.2597,-1.1289,0.5575,,
1790756458539316891,15.150,map,"nav2_feedback of the target goal (map, AMCL-based estimate)",-5.2597,-1.1289,0.5575,,
1790756458549200294,15.150,map,"nav2_feedback of the target goal (map, AMCL-based estimate)",-5.2597,-1.1289,0.5575,,
1790756458559620305,15.167,map,"nav2_feedback of the target goal (map, AMCL-based estimate)",-5.2486,-1.1219,0.5676,,
1790756458569145278,15.167,map,"nav2_feedback of the target goal (map, AMCL-based estimate)",-5.2486,-1.1219,0.5676,,
1790756458578941146,15.167,map,"nav2_feedback of the target goal (map, AMCL-based estimate)",-5.2486,-1.1219,0.5676,,
1790756458589189292,15.167,map,"nav2_feedback of the target goal (map, AMCL-based estimate)",-5.2486,-1.1219,0.5676,,
1790756458599534490,15.183,map,"nav2_feedback of the target goal (map, AMCL-based estimate)",-5.2376,-1.1147,0.5773,,
1790756458609769821,15.183,map,"nav2_feedback of the target goal (map, AMCL-based estimate)",-5.2376,-1.1147,0.5773,,
1790756458619109548,15.183,map,"nav2_feedback of the target goal (map, AMCL-based estimate)",-5.2376,-1.1147,0.5773,,
1790756458629270725,15.183,map,"nav2_feedback of the target goal (map, AMCL-based estimate)",-5.2376,-1.1147,0.5773,,
1790756458639403258,15.183,map,"nav2_feedback of the target goal (map, AMCL-based estimate)",-5.2376,-1.1147,0.5773,,
1790756458649262916,15.200,map,"nav2_feedback of the target goal (map, AMCL-based estimate)",-5.2266,-1.1074,0.5867,,
1790756458659517375,15.200,map,"nav2_feedback of the target goal (map, AMCL-based estimate)",-5.2266,-1.1074,0.5867,,
1790756458669138834,15.200,map,"nav2_feedback of the target goal (map, AMCL-based estimate)",-5.2266,-1.1074,0.5867,,
1790756458678963535,15.200,map,"nav2_feedback of the target goal (map, AMCL-based estimate)",-5.2266,-1.1074,0.5867,,
1790756458689205368,15.217,map,"nav2_feedback of the target goal (map, AMCL-based estimate)",-5.2157,-1.1000,0.5959,,
1790756458699228694,15.217,map,"nav2_feedback of the target goal (map, AMCL-based estimate)",-5.2157,-1.1000,0.5959,,
1790756458709295552,15.217,map,"nav2_feedback of the target goal (map, AMCL-based estimate)",-5.2157,-1.1000,0.5959,,
1790756458719547373,15.217,map,"nav2_feedback of the target goal (map, AMCL-based estimate)",-5.2157,-1.1000,0.5959,,
1790756458729496733,15.217,map,"nav2_feedback of the target goal (map, AMCL-based estimate)",-5.2157,-1.1000,0.5959,,
1790756458739567360,15.217,map,"nav2_feedback of the target goal (map, AMCL-based estimate)",-5.2157,-1.1000,0.5959,,
1790756458749376797,15.233,map,"nav2_feedback of the target goal (map, AMCL-based estimate)",-5.2049,-1.0925,0.6047,,
1790756458759715776,15.233,map,"nav2_feedback of the target goal (map, AMCL-based estimate)",-5.2049,-1.0925,0.6047,,
1790756458769044007,15.233,map,"nav2_feedback of the target goal (map, AMCL-based estimate)",-5.2049,-1.0925,0.6047,,
1790756458778989316,15.233,map,"nav2_feedback of the target goal (map, AMCL-based estimate)",-5.2049,-1.0925,0.6047,,
1790756458789142766,15.250,map,"nav2_feedback of the target goal (map, AMCL-based estimate)",-5.1941,-1.0849,0.6131,,
1790756458799252779,15.250,map,"nav2_feedback of the target goal (map, AMCL-based estimate)",-5.1941,-1.0849,0.6131,,
1790756458809470962,15.250,map,"nav2_feedback of the target goal (map, AMCL-based estimate)",-5.1941,-1.0849,0.6131,,
1790756458819337781,15.250,map,"nav2_feedback of the target goal (map, AMCL-based estimate)",-5.1941,-1.0849,0.6131,,
1790756458830063080,15.250,map,"nav2_feedback of the target goal (map, AMCL-based estimate)",-5.1941,-1.0849,0.6131,,
1790756458839432959,15.267,map,"nav2_feedback of the target goal (map, AMCL-based estimate)",-5.1834,-1.0772,0.6213,,
1790756458849498687,15.267,map,"nav2_feedback of the target goal (map, AMCL-based estimate)",-5.1834,-1.0772,0.6213,,
1790756458859898723,15.267,map,"nav2_feedback of the target goal (map, AMCL-based estimate)",-5.1834,-1.0772,0.6213,,
1790756458869106253,15.267,map,"nav2_feedback of the target goal (map, AMCL-based estimate)",-5.1834,-1.0772,0.6213,,
1790756458878941130,15.267,map,"nav2_feedback of the target goal (map, AMCL-based estimate)",-5.1834,-1.0772,0.6213,,
1790756458889286610,15.283,map,"nav2_feedback of the target goal (map, AMCL-based estimate)",-5.1727,-1.0695,0.6295,,
1790756458901203756,15.283,map,"nav2_feedback of the target goal (map, AMCL-based estimate)",-5.1727,-1.0695,0.6295,,
1790756458909293123,15.283,map,"nav2_feedback of the target goal (map, AMCL-based estimate)",-5.1727,-1.0695,0.6295,,
1790756458919585272,15.283,map,"nav2_feedback of the target goal (map, AMCL-based estimate)",-5.1727,-1.0695,0.6295,,
1790756458929343168,15.283,map,"nav2_feedback of the target goal (map, AMCL-based estimate)",-5.1727,-1.0695,0.6295,,
1790756458939043869,15.300,map,"nav2_feedback of the target goal (map, AMCL-based estimate)",-5.1621,-1.0616,0.6377,,
1790756458949248672,15.300,map,"nav2_feedback of the target goal (map, AMCL-based estimate)",-5.1621,-1.0616,0.6377,,
1790756458959301020,15.300,map,"nav2_feedback of the target goal (map, AMCL-based estimate)",-5.1621,-1.0616,0.6377,,
1790756458969522877,15.300,map,"nav2_feedback of the target goal (map, AMCL-based estimate)",-5.1621,-1.0616,0.6377,,
1790756458979027874,15.317,map,"nav2_feedback of the target goal (map, AMCL-based estimate)",-5.1515,-1.0536,0.6460,,
1790756458989180006,15.317,map,"nav2_feedback of the target goal (map, AMCL-based estimate)",-5.1515,-1.0536,0.6460,,
1790756458999329781,15.317,map,"nav2_feedback of the target goal (map, AMCL-based estimate)",-5.1515,-1.0536,0.6460,,
1790756459009948136,15.317,map,"nav2_feedback of the target goal (map, AMCL-based estimate)",-5.1515,-1.0536,0.6460,,
1790756459019274766,15.317,map,"nav2_feedback of the target goal (map, AMCL-based estimate)",-5.1515,-1.0536,0.6460,,
1790756459029142245,15.333,map,"nav2_feedback of the target goal (map, AMCL-based estimate)",-5.1410,-1.0456,0.6543,,
1790756459039263470,15.333,map,"nav2_feedback of the target goal (map, AMCL-based estimate)",-5.1410,-1.0456,0.6543,,
1790756459049718816,15.333,map,"nav2_feedback of the target goal (map, AMCL-based estimate)",-5.1410,-1.0456,0.6543,,
1790756459059395679,15.333,map,"nav2_feedback of the target goal (map, AMCL-based estimate)",-5.1410,-1.0456,0.6543,,
1790756459069148675,15.350,map,"nav2_feedback of the target goal (map, AMCL-based estimate)",-5.1306,-1.0374,0.6626,,
1790756459078966969,15.350,map,"nav2_feedback of the target goal (map, AMCL-based estimate)",-5.1306,-1.0374,0.6626,,
1790756459089031565,15.350,map,"nav2_feedback of the target goal (map, AMCL-based estimate)",-5.1306,-1.0374,0.6626,,
1790756459099073171,15.350,map,"nav2_feedback of the target goal (map, AMCL-based estimate)",-5.1306,-1.0374,0.6626,,
1790756459109301719,15.350,map,"nav2_feedback of the target goal (map, AMCL-based estimate)",-5.1306,-1.0374,0.6626,,
1790756459119028520,15.367,map,"nav2_feedback of the target goal (map, AMCL-based estimate)",-5.1202,-1.0292,0.6709,,
1790756459129181028,15.367,map,"nav2_feedback of the target goal (map, AMCL-based estimate)",-5.1202,-1.0292,0.6709,,
1790756459138992161,15.367,map,"nav2_feedback of the target goal (map, AMCL-based estimate)",-5.1202,-1.0292,0.6709,,
1790756459149289492,15.367,map,"nav2_feedback of the target goal (map, AMCL-based estimate)",-5.1202,-1.0292,0.6709,,
1790756459159590310,15.383,map,"nav2_feedback of the target goal (map, AMCL-based estimate)",-5.1099,-1.0209,0.6789,,
1790756459169597053,15.383,map,"nav2_feedback of the target goal (map, AMCL-based estimate)",-5.1099,-1.0209,0.6789,,
1790756459179121460,15.383,map,"nav2_feedback of the target goal (map, AMCL-based estimate)",-5.1099,-1.0209,0.6789,,
1790756459189383269,15.383,map,"nav2_feedback of the target goal (map, AMCL-based estimate)",-5.1099,-1.0209,0.6789,,
1790756459199660436,15.383,map,"nav2_feedback of the target goal (map, AMCL-based estimate)",-5.1099,-1.0209,0.6789,,
1790756459209998661,15.383,map,"nav2_feedback of the target goal (map, AMCL-based estimate)",-5.1099,-1.0209,0.6789,,
1790756459219297683,15.400,map,"nav2_feedback of the target goal (map, AMCL-based estimate)",-5.0997,-1.0125,0.6867,,
1790756459229532449,15.400,map,"nav2_feedback of the target goal (map, AMCL-based estimate)",-5.0997,-1.0125,0.6867,,
1790756459239078811,15.400,map,"nav2_feedback of the target goal (map, AMCL-based estimate)",-5.0997,-1.0125,0.6867,,
1790756459249238951,15.400,map,"nav2_feedback of the target goal (map, AMCL-based estimate)",-5.0997,-1.0125,0.6867,,
1790756459259495295,15.417,map,"nav2_feedback of the target goal (map, AMCL-based estimate)",-5.0895,-1.0040,0.6942,,
1790756459269122219,15.417,map,"nav2_feedback of the target goal (map, AMCL-based estimate)",-5.0895,-1.0040,0.6942,,
1790756459279033323,15.417,map,"nav2_feedback of the target goal (map, AMCL-based estimate)",-5.0895,-1.0040,0.6942,,
1790756459289144561,15.417,map,"nav2_feedback of the target goal (map, AMCL-based estimate)",-5.0895,-1.0040,0.6942,,
1790756459302501835,15.417,map,"nav2_feedback of the target goal (map, AMCL-based estimate)",-5.0895,-1.0040,0.6942,,
1790756459309775783,15.433,map,"nav2_feedback of the target goal (map, AMCL-based estimate)",-5.0794,-0.9955,0.7017,,
1790756459319392813,15.433,map,"nav2_feedback of the target goal (map, AMCL-based estimate)",-5.0794,-0.9955,0.7017,,
1790756459329452793,15.433,map,"nav2_feedback of the target goal (map, AMCL-based estimate)",-5.0794,-0.9955,0.7017,,
1790756459339055783,15.433,map,"nav2_feedback of the target goal (map, AMCL-based estimate)",-5.0794,-0.9955,0.7017,,
1790756459349288382,15.450,map,"nav2_feedback of the target goal (map, AMCL-based estimate)",-5.0694,-0.9869,0.7090,,
1790756459359483197,15.450,map,"nav2_feedback of the target goal (map, AMCL-based estimate)",-5.0694,-0.9869,0.7090,,
1790756459369070547,15.450,map,"nav2_feedback of the target goal (map, AMCL-based estimate)",-5.0694,-0.9869,0.7090,,
1790756459379044028,15.450,map,"nav2_feedback of the target goal (map, AMCL-based estimate)",-5.0694,-0.9869,0.7090,,
1790756459389080735,15.450,map,"nav2_feedback of the target goal (map, AMCL-based estimate)",-5.0694,-0.9869,0.7090,,
1790756459399396722,15.450,map,"nav2_feedback of the target goal (map, AMCL-based estimate)",-5.0694,-0.9869,0.7090,,
1790756459409614340,15.467,map,"nav2_feedback of the target goal (map, AMCL-based estimate)",-5.0594,-0.9782,0.7163,,
1790756459419188969,15.467,map,"nav2_feedback of the target goal (map, AMCL-based estimate)",-5.0594,-0.9782,0.7163,,
1790756459429432592,15.467,map,"nav2_feedback of the target goal (map, AMCL-based estimate)",-5.0594,-0.9782,0.7163,,
1790756459439023805,15.467,map,"nav2_feedback of the target goal (map, AMCL-based estimate)",-5.0594,-0.9782,0.7163,,
1790756459449482731,15.483,map,"nav2_feedback of the target goal (map, AMCL-based estimate)",-5.0494,-0.9694,0.7234,,
1790756459459577951,15.483,map,"nav2_feedback of the target goal (map, AMCL-based estimate)",-5.0494,-0.9694,0.7234,,
1790756459469458150,15.483,map,"nav2_feedback of the target goal (map, AMCL-based estimate)",-5.0494,-0.9694,0.7234,,
1790756459479062648,15.483,map,"nav2_feedback of the target goal (map, AMCL-based estimate)",-5.0494,-0.9694,0.7234,,
1790756459489391639,15.483,map,"nav2_feedback of the target goal (map, AMCL-based estimate)",-5.0494,-0.9694,0.7234,,
1790756459498903232,15.500,map,"nav2_feedback of the target goal (map, AMCL-based estimate)",-5.0396,-0.9606,0.7301,,
1790756459509444133,15.500,map,"nav2_feedback of the target goal (map, AMCL-based estimate)",-5.0396,-0.9606,0.7301,,
1790756459519336582,15.500,map,"nav2_feedback of the target goal (map, AMCL-based estimate)",-5.0396,-0.9606,0.7301,,
1790756459529218666,15.500,map,"nav2_feedback of the target goal (map, AMCL-based estimate)",-5.0396,-0.9606,0.7301,,
1790756459539099995,15.517,map,"nav2_feedback of the target goal (map, AMCL-based estimate)",-5.0298,-0.9517,0.7366,,
1790756459549417868,15.517,map,"nav2_feedback of the target goal (map, AMCL-based estimate)",-5.0298,-0.9517,0.7366,,
1790756459559254441,15.517,map,"nav2_feedback of the target goal (map, AMCL-based estimate)",-5.0298,-0.9517,0.7366,,
1790756459569223588,15.517,map,"nav2_feedback of the target goal (map, AMCL-based estimate)",-5.0298,-0.9517,0.7366,,
1790756459579480592,15.517,map,"nav2_feedback of the target goal (map, AMCL-based estimate)",-5.0298,-0.9517,0.7366,,
1790756459589253563,15.517,map,"nav2_feedback of the target goal (map, AMCL-based estimate)",-5.0298,-0.9517,0.7366,,
1790756459599520931,15.517,map,"nav2_feedback of the target goal (map, AMCL-based estimate)",-5.0298,-0.9517,0.7366,,
1790756459610095565,15.533,map,"nav2_feedback of the target goal (map, AMCL-based estimate)",-5.0200,-0.9427,0.7428,,
1790756459619233558,15.533,map,"nav2_feedback of the target goal (map, AMCL-based estimate)",-5.0200,-0.9427,0.7428,,
1790756459630287983,15.533,map,"nav2_feedback of the target goal (map, AMCL-based estimate)",-5.0200,-0.9427,0.7428,,
1790756459638939212,15.533,map,"nav2_feedback of the target goal (map, AMCL-based estimate)",-5.0200,-0.9427,0.7428,,
1790756459649511181,15.550,map,"nav2_feedback of the target goal (map, AMCL-based estimate)",-5.0103,-0.9337,0.7489,,
1790756459659591057,15.550,map,"nav2_feedback of the target goal (map, AMCL-based estimate)",-5.0103,-0.9337,0.7489,,
1790756459669182360,15.550,map,"nav2_feedback of the target goal (map, AMCL-based estimate)",-5.0103,-0.9337,0.7489,,
1790756459678901113,15.550,map,"nav2_feedback of the target goal (map, AMCL-based estimate)",-5.0103,-0.9337,0.7489,,
1790756459688925764,15.550,map,"nav2_feedback of the target goal (map, AMCL-based estimate)",-5.0103,-0.9337,0.7489,,
1790756459699000756,15.550,map,"nav2_feedback of the target goal (map, AMCL-based estimate)",-5.0103,-0.9337,0.7489,,
1790756459709549668,15.567,map,"nav2_feedback of the target goal (map, AMCL-based estimate)",-5.0006,-0.9246,0.7549,,
1790756459719093167,15.567,map,"nav2_feedback of the target goal (map, AMCL-based estimate)",-5.0006,-0.9246,0.7549,,
1790756459729256819,15.567,map,"nav2_feedback of the target goal (map, AMCL-based estimate)",-5.0006,-0.9246,0.7549,,
1790756459739111475,15.567,map,"nav2_feedback of the target goal (map, AMCL-based estimate)",-5.0006,-0.9246,0.7549,,
1790756459749305181,15.583,map,"nav2_feedback of the target goal (map, AMCL-based estimate)",-4.9910,-0.9154,0.7607,,
1790756459759368339,15.583,map,"nav2_feedback of the target goal (map, AMCL-based estimate)",-4.9910,-0.9154,0.7607,,
1790756459769024917,15.583,map,"nav2_feedback of the target goal (map, AMCL-based estimate)",-4.9910,-0.9154,0.7607,,
1790756459778918456,15.583,map,"nav2_feedback of the target goal (map, AMCL-based estimate)",-4.9910,-0.9154,0.7607,,
1790756459788940101,15.583,map,"nav2_feedback of the target goal (map, AMCL-based estimate)",-4.9910,-0.9154,0.7607,,
1790756459799015093,15.583,map,"nav2_feedback of the target goal (map, AMCL-based estimate)",-4.9910,-0.9154,0.7607,,
1790756459809536580,15.583,map,"nav2_feedback of the target goal (map, AMCL-based estimate)",-4.9910,-0.9154,0.7607,,
1790756459819024290,15.600,map,"nav2_feedback of the target goal (map, AMCL-based estimate)",-4.9815,-0.9062,0.7665,,
1790756459829790815,15.600,map,"nav2_feedback of the target goal (map, AMCL-based estimate)",-4.9815,-0.9062,0.7665,,
1790756459839045510,15.600,map,"nav2_feedback of the target goal (map, AMCL-based estimate)",-4.9815,-0.9062,0.7665,,
1790756459849104723,15.600,map,"nav2_feedback of the target goal (map, AMCL-based estimate)",-4.9815,-0.9062,0.7665,,
1790756459859565820,15.617,map,"nav2_feedback of the target goal (map, AMCL-based estimate)",-4.9720,-0.8970,0.7721,,
1790756459869021221,15.617,map,"nav2_feedback of the target goal (map, AMCL-based estimate)",-4.9720,-0.8970,0.7721,,
1790756459881172410,15.617,map,"nav2_feedback of the target goal (map, AMCL-based estimate)",-4.9720,-0.8970,0.7721,,
1790756459888868876,15.617,map,"nav2_feedback of the target goal (map, AMCL-based estimate)",-4.9720,-0.8970,0.7721,,
1790756459899571066,15.617,map,"nav2_feedback of the target goal (map, AMCL-based estimate)",-4.9720,-0.8970,0.7721,,
1790756459909460190,15.617,map,"nav2_feedback of the target goal (map, AMCL-based estimate)",-4.9720,-0.8970,0.7721,,
1790756459919257930,15.633,map,"nav2_feedback of the target goal (map, AMCL-based estimate)",-4.9625,-0.8877,0.7774,,
1790756459929179645,15.633,map,"nav2_feedback of the target goal (map, AMCL-based estimate)",-4.9625,-0.8877,0.7774,,
1790756459941548634,15.633,map,"nav2_feedback of the target goal (map, AMCL-based estimate)",-4.9625,-0.8877,0.7774,,
1790756459948974047,15.633,map,"nav2_feedback of the target goal (map, AMCL-based estimate)",-4.9625,-0.8877,0.7774,,
1790756459959389781,15.650,map,"nav2_feedback of the target goal (map, AMCL-based estimate)",-4.9531,-0.8783,0.7822,,
1790756459969040724,15.650,map,"nav2_feedback of the target goal (map, AMCL-based estimate)",-4.9531,-0.8783,0.7822,,
1790756459979123605,15.650,map,"nav2_feedback of the target goal (map, AMCL-based estimate)",-4.9531,-0.8783,0.7822,,
1790756459989653170,15.650,map,"nav2_feedback of the target goal (map, AMCL-based estimate)",-4.9531,-0.8783,0.7822,,
1790756459999170558,15.650,map,"nav2_feedback of the target goal (map, AMCL-based estimate)",-4.9531,-0.8783,0.7822,,
1790756460011852771,15.667,map,"nav2_feedback of the target goal (map, AMCL-based estimate)",-4.9437,-0.8689,0.7864,,
1790756460019110067,15.667,map,"nav2_feedback of the target goal (map, AMCL-based estimate)",-4.9437,-0.8689,0.7864,,
1790756460029211169,15.667,map,"nav2_feedback of the target goal (map, AMCL-based estimate)",-4.9437,-0.8689,0.7864,,
1790756460038979418,15.667,map,"nav2_feedback of the target goal (map, AMCL-based estimate)",-4.9437,-0.8689,0.7864,,
1790756460049364721,15.683,map,"nav2_feedback of the target goal (map, AMCL-based estimate)",-4.9344,-0.8595,0.7899,,
1790756460060058459,15.683,map,"nav2_feedback of the target goal (map, AMCL-based estimate)",-4.9344,-0.8595,0.7899,,
1790756460069803509,15.683,map,"nav2_feedback of the target goal (map, AMCL-based estimate)",-4.9344,-0.8595,0.7899,,
1790756460079589697,15.683,map,"nav2_feedback of the target goal (map, AMCL-based estimate)",-4.9344,-0.8595,0.7899,,
1790756460089478351,15.683,map,"nav2_feedback of the target goal (map, AMCL-based estimate)",-4.9344,-0.8595,0.7899,,
1790756460099434253,15.683,map,"nav2_feedback of the target goal (map, AMCL-based estimate)",-4.9344,-0.8595,0.7899,,
1790756460109544277,15.700,map,"nav2_feedback of the target goal (map, AMCL-based estimate)",-4.9251,-0.8500,0.7929,,
1790756460119195032,15.700,map,"nav2_feedback of the target goal (map, AMCL-based estimate)",-4.9251,-0.8500,0.7929,,
1790756460129110078,15.700,map,"nav2_feedback of the target goal (map, AMCL-based estimate)",-4.9251,-0.8500,0.7929,,
1790756460139124961,15.700,map,"nav2_feedback of the target goal (map, AMCL-based estimate)",-4.9251,-0.8500,0.7929,,
1790756460149311905,15.717,map,"nav2_feedback of the target goal (map, AMCL-based estimate)",-4.9191,-0.8335,0.7944,,
1790756460159455740,15.717,map,"nav2_feedback of the target goal (map, AMCL-based estimate)",-4.9191,-0.8335,0.7944,,
1790756460169016990,15.717,map,"nav2_feedback of the target goal (map, AMCL-based estimate)",-4.9191,-0.8335,0.7944,,
1790756460178866949,15.717,map,"nav2_feedback of the target goal (map, AMCL-based estimate)",-4.9191,-0.8335,0.7944,,
1790756460189253098,15.717,map,"nav2_feedback of the target goal (map, AMCL-based estimate)",-4.9191,-0.8335,0.7944,,
1790756460199005099,15.717,map,"nav2_feedback of the target goal (map, AMCL-based estimate)",-4.9191,-0.8335,0.7944,,
1790756460210667434,15.733,map,"nav2_feedback of the target goal (map, AMCL-based estimate)",-4.9131,-0.8170,0.7954,,
1790756460219579507,15.733,map,"nav2_feedback of the target goal (map, AMCL-based estimate)",-4.9131,-0.8170,0.7954,,
1790756460229408241,15.733,map,"nav2_feedback of the target goal (map, AMCL-based estimate)",-4.9131,-0.8170,0.7954,,
1790756460239004334,15.733,map,"nav2_feedback of the target goal (map, AMCL-based estimate)",-4.9131,-0.8170,0.7954,,
1790756460249272895,15.750,map,"nav2_feedback of the target goal (map, AMCL-based estimate)",-4.9071,-0.8005,0.7959,,
1790756460259549909,15.750,map,"nav2_feedback of the target goal (map, AMCL-based estimate)",-4.9071,-0.8005,0.7959,,
1790756460269353378,15.750,map,"nav2_feedback of the target goal (map, AMCL-based estimate)",-4.9071,-0.8005,0.7959,,
1790756460279375775,15.750,map,"nav2_feedback of the target goal (map, AMCL-based estimate)",-4.9071,-0.8005,0.7959,,
1790756460289252408,15.750,map,"nav2_feedback of the target goal (map, AMCL-based estimate)",-4.9071,-0.8005,0.7959,,
1790756460299192906,15.767,map,"nav2_feedback of the target goal (map, AMCL-based estimate)",-4.9010,-0.7840,0.7960,,
1790756460309584972,15.767,map,"nav2_feedback of the target goal (map, AMCL-based estimate)",-4.9010,-0.7840,0.7960,,
1790756460319432020,15.767,map,"nav2_feedback of the target goal (map, AMCL-based estimate)",-4.9010,-0.7840,0.7960,,
1790756460329207970,15.767,map,"nav2_feedback of the target goal (map, AMCL-based estimate)",-4.9010,-0.7840,0.7960,,
1790756460339306348,15.767,map,"nav2_feedback of the target goal (map, AMCL-based estimate)",-4.9010,-0.7840,0.7960,,
1790756460349374202,15.767,map,"nav2_feedback of the target goal (map, AMCL-based estimate)",-4.9010,-0.7840,0.7960,,
1790756460359414913,15.783,map,"nav2_feedback of the target goal (map, AMCL-based estimate)",-4.8950,-0.7675,0.7959,,
1790756460369510192,15.783,map,"nav2_feedback of the target goal (map, AMCL-based estimate)",-4.8950,-0.7675,0.7959,,
1790756460379063645,15.783,map,"nav2_feedback of the target goal (map, AMCL-based estimate)",-4.8950,-0.7675,0.7959,,
1790756460389496097,15.783,map,"nav2_feedback of the target goal (map, AMCL-based estimate)",-4.8950,-0.7675,0.7959,,
1790756460399434247,15.800,map,"nav2_feedback of the target goal (map, AMCL-based estimate)",-4.8889,-0.7511,0.7955,,
1790756460409636219,15.800,map,"nav2_feedback of the target goal (map, AMCL-based estimate)",-4.8889,-0.7511,0.7955,,
1790756460419146000,15.800,map,"nav2_feedback of the target goal (map, AMCL-based estimate)",-4.8889,-0.7511,0.7955,,
1790756460428999716,15.800,map,"nav2_feedback of the target goal (map, AMCL-based estimate)",-4.8889,-0.7511,0.7955,,
1790756460439071421,15.817,map,"nav2_feedback of the target goal (map, AMCL-based estimate)",-4.8796,-0.7415,0.7960,,
1790756460451210776,15.817,map,"nav2_feedback of the target goal (map, AMCL-based estimate)",-4.8796,-0.7415,0.7960,,
1790756460459264890,15.817,map,"nav2_feedback of the target goal (map, AMCL-based estimate)",-4.8796,-0.7415,0.7960,,
1790756460469006653,15.817,map,"nav2_feedback of the target goal (map, AMCL-based estimate)",-4.8796,-0.7415,0.7960,,
1790756460479279159,15.817,map,"nav2_feedback of the target goal (map, AMCL-based estimate)",-4.8796,-0.7415,0.7960,,
1790756460489251308,15.817,map,"nav2_feedback of the target goal (map, AMCL-based estimate)",-4.8796,-0.7415,0.7960,,
1790756460499113289,15.833,map,"nav2_feedback of the target goal (map, AMCL-based estimate)",-4.8703,-0.7320,0.7964,,
1790756460512126382,15.833,map,"nav2_feedback of the target goal (map, AMCL-based estimate)",-4.8703,-0.7320,0.7964,,
1790756460518995507,15.833,map,"nav2_feedback of the target goal (map, AMCL-based estimate)",-4.8703,-0.7320,0.7964,,
1790756460529211943,15.833,map,"nav2_feedback of the target goal (map, AMCL-based estimate)",-4.8703,-0.7320,0.7964,,
1790756460539231522,15.850,map,"nav2_feedback of the target goal (map, AMCL-based estimate)",-4.8609,-0.7225,0.7968,,
1790756460549221328,15.850,map,"nav2_feedback of the target goal (map, AMCL-based estimate)",-4.8609,-0.7225,0.7968,,
1790756460559300077,15.850,map,"nav2_feedback of the target goal (map, AMCL-based estimate)",-4.8609,-0.7225,0.7968,,
1790756460569371124,15.850,map,"nav2_feedback of the target goal (map, AMCL-based estimate)",-4.8609,-0.7225,0.7968,,
1790756460578883441,15.850,map,"nav2_feedback of the target goal (map, AMCL-based estimate)",-4.8609,-0.7225,0.7968,,
1790756460589159046,15.867,map,"nav2_feedback of the target goal (map, AMCL-based estimate)",-4.8518,-0.7131,0.7971,,
1790756460599214220,15.867,map,"nav2_feedback of the target goal (map, AMCL-based estimate)",-4.8518,-0.7131,0.7971,,
1790756460609551719,15.867,map,"nav2_feedback of the target goal (map, AMCL-based estimate)",-4.8518,-0.7131,0.7971,,
1790756460619001861,15.867,map,"nav2_feedback of the target goal (map, AMCL-based estimate)",-4.8518,-0.7131,0.7971,,
1790756460629091410,15.883,map,"nav2_feedback of the target goal (map, AMCL-based estimate)",-4.8426,-0.7037,0.7972,,
1790756460639661830,15.883,map,"nav2_feedback of the target goal (map, AMCL-based estimate)",-4.8426,-0.7037,0.7972,,
1790756460650058780,15.883,map,"nav2_feedback of the target goal (map, AMCL-based estimate)",-4.8426,-0.7037,0.7972,,
1790756460659944805,15.883,map,"nav2_feedback of the target goal (map, AMCL-based estimate)",-4.8426,-0.7037,0.7972,,
1790756460669593306,15.883,map,"nav2_feedback of the target goal (map, AMCL-based estimate)",-4.8426,-0.7037,0.7972,,
1790756460679271861,15.883,map,"nav2_feedback of the target goal (map, AMCL-based estimate)",-4.8426,-0.7037,0.7972,,
1790756460688971548,15.900,map,"nav2_feedback of the target goal (map, AMCL-based estimate)",-4.8333,-0.6942,0.7970,,
1790756460699437717,15.900,map,"nav2_feedback of the target goal (map, AMCL-based estimate)",-4.8333,-0.6942,0.7970,,
1790756460709597707,15.900,map,"nav2_feedback of the target goal (map, AMCL-based estimate)",-4.8333,-0.6942,0.7970,,
1790756460719320029,15.900,map,"nav2_feedback of the target goal (map, AMCL-based estimate)",-4.8333,-0.6942,0.7970,,
1790756460729167077,15.917,map,"nav2_feedback of the target goal (map, AMCL-based estimate)",-4.8240,-0.6847,0.7965,,
1790756460739113961,15.917,map,"nav2_feedback of the target goal (map, AMCL-based estimate)",-4.8240,-0.6847,0.7965,,
1790756460749258548,15.917,map,"nav2_feedback of the target goal (map, AMCL-based estimate)",-4.8240,-0.6847,0.7965,,
1790756460759437697,15.917,map,"nav2_feedback of the target goal (map, AMCL-based estimate)",-4.8240,-0.6847,0.7965,,
1790756460769269436,15.917,map,"nav2_feedback of the target goal (map, AMCL-based estimate)",-4.8240,-0.6847,0.7965,,
1790756460779164102,15.933,map,"nav2_feedback of the target goal (map, AMCL-based estimate)",-4.8147,-0.6751,0.7959,,
1790756460789097274,15.933,map,"nav2_feedback of the target goal (map, AMCL-based estimate)",-4.8147,-0.6751,0.7959,,
1790756460799125869,15.933,map,"nav2_feedback of the target goal (map, AMCL-based estimate)",-4.8147,-0.6751,0.7959,,
1790756460809252236,15.950,map,"nav2_feedback of the target goal (map, AMCL-based estimate)",-4.8054,-0.6656,0.7951,,
1790756460819083223,15.950,map,"nav2_feedback of the target goal (map, AMCL-based estimate)",-4.8054,-0.6656,0.7951,,
1790756460829052837,15.950,map,"nav2_feedback of the target goal (map, AMCL-based estimate)",-4.8054,-0.6656,0.7951,,
1790756460839636875,15.950,map,"nav2_feedback of the target goal (map, AMCL-based estimate)",-4.8054,-0.6656,0.7951,,
1790756460849427477,15.950,map,"nav2_feedback of the target goal (map, AMCL-based estimate)",-4.8054,-0.6656,0.7951,,
1790756460859543700,15.950,map,"nav2_feedback of the target goal (map, AMCL-based estimate)",-4.8054,-0.6656,0.7951,,
1790756460868961345,15.967,map,"nav2_feedback of the target goal (map, AMCL-based estimate)",-4.7961,-0.6562,0.7941,,
1790756460879050519,15.967,map,"nav2_feedback of the target goal (map, AMCL-based estimate)",-4.7961,-0.6562,0.7941,,
1790756460888940301,15.967,map,"nav2_feedback of the target goal (map, AMCL-based estimate)",-4.7961,-0.6562,0.7941,,
1790756460900769907,15.967,map,"nav2_feedback of the target goal (map, AMCL-based estimate)",-4.7961,-0.6562,0.7941,,
1790756460909100052,15.983,map,"nav2_feedback of the target goal (map, AMCL-based estimate)",-4.7871,-0.6471,0.7930,,
1790756460919201342,15.983,map,"nav2_feedback of the target goal (map, AMCL-based estimate)",-4.7871,-0.6471,0.7930,,
1790756460928869566,15.983,map,"nav2_feedback of the target goal (map, AMCL-based estimate)",-4.7871,-0.6471,0.7930,,
1790756460939237118,15.983,map,"nav2_feedback of the target goal (map, AMCL-based estimate)",-4.7871,-0.6471,0.7930,,
1790756460949455808,15.983,map,"nav2_feedback of the target goal (map, AMCL-based estimate)",-4.7871,-0.6471,0.7930,,
1790756460962214377,16.000,map,"nav2_feedback of the target goal (map, AMCL-based estimate)",-4.7780,-0.6379,0.7917,,
1790756460968996251,16.000,map,"nav2_feedback of the target goal (map, AMCL-based estimate)",-4.7780,-0.6379,0.7917,,
1790756460979336567,16.000,map,"nav2_feedback of the target goal (map, AMCL-based estimate)",-4.7780,-0.6379,0.7917,,
1790756460989111766,16.000,map,"nav2_feedback of the target goal (map, AMCL-based estimate)",-4.7780,-0.6379,0.7917,,
1790756460999034889,16.017,map,"nav2_feedback of the target goal (map, AMCL-based estimate)",-4.7688,-0.6285,0.7900,,
1790756461009696130,16.017,map,"nav2_feedback of the target goal (map, AMCL-based estimate)",-4.7688,-0.6285,0.7900,,
1790756461019450291,16.017,map,"nav2_feedback of the target goal (map, AMCL-based estimate)",-4.7688,-0.6285,0.7900,,
1790756461030411230,16.017,map,"nav2_feedback of the target goal (map, AMCL-based estimate)",-4.7688,-0.6285,0.7900,,
1790756461039187402,16.017,map,"nav2_feedback of the target goal (map, AMCL-based estimate)",-4.7688,-0.6285,0.7900,,
1790756461049474653,16.017,map,"nav2_feedback of the target goal (map, AMCL-based estimate)",-4.7688,-0.6285,0.7900,,
1790756461059362932,16.017,map,"nav2_feedback of the target goal (map, AMCL-based estimate)",-4.7688,-0.6285,0.7900,,
1790756461069021294,16.033,map,"nav2_feedback of the target goal (map, AMCL-based estimate)",-4.7594,-0.6191,0.7881,,
1790756461079212277,16.033,map,"nav2_feedback of the target goal (map, AMCL-based estimate)",-4.7594,-0.6191,0.7881,,
1790756461089297882,16.033,map,"nav2_feedback of the target goal (map, AMCL-based estimate)",-4.7594,-0.6191,0.7881,,
1790756461101237938,16.033,map,"nav2_feedback of the target goal (map, AMCL-based estimate)",-4.7594,-0.6191,0.7881,,
1790756461109614950,16.050,map,"nav2_feedback of the target goal (map, AMCL-based estimate)",-4.7500,-0.6096,0.7861,,
1790756461119254810,16.050,map,"nav2_feedback of the target goal (map, AMCL-based estimate)",-4.7500,-0.6096,0.7861,,
1790756461129039213,16.050,map,"nav2_feedback of the target goal (map, AMCL-based estimate)",-4.7500,-0.6096,0.7861,,
1790756461139072410,16.050,map,"nav2_feedback of the target goal (map, AMCL-based estimate)",-4.7500,-0.6096,0.7861,,
1790756461149453300,16.050,map,"nav2_feedback of the target goal (map, AMCL-based estimate)",-4.7500,-0.6096,0.7861,,
1790756461159604179,16.067,map,"nav2_feedback of the target goal (map, AMCL-based estimate)",-4.7405,-0.6002,0.7838,,
1790756461169317203,16.067,map,"nav2_feedback of the target goal (map, AMCL-based estimate)",-4.7405,-0.6002,0.7838,,
1790756461179763461,16.067,map,"nav2_feedback of the target goal (map, AMCL-based estimate)",-4.7405,-0.6002,0.7838,,
1790756461189416376,16.067,map,"nav2_feedback of the target goal (map, AMCL-based estimate)",-4.7405,-0.6002,0.7838,,
1790756461199378852,16.067,map,"nav2_feedback of the target goal (map, AMCL-based estimate)",-4.7405,-0.6002,0.7838,,
1790756461209764343,16.083,map,"nav2_feedback of the target goal (map, AMCL-based estimate)",-4.7310,-0.5908,0.7814,,
1790756461219317703,16.083,map,"nav2_feedback of the target goal (map, AMCL-based estimate)",-4.7310,-0.5908,0.7814,,
1790756461229361889,16.083,map,"nav2_feedback of the target goal (map, AMCL-based estimate)",-4.7310,-0.5908,0.7814,,
1790756461239132298,16.083,map,"nav2_feedback of the target goal (map, AMCL-based estimate)",-4.7310,-0.5908,0.7814,,
1790756461249528403,16.083,map,"nav2_feedback of the target goal (map, AMCL-based estimate)",-4.7310,-0.5908,0.7814,,
1790756461259690553,16.083,map,"nav2_feedback of the target goal (map, AMCL-based estimate)",-4.7310,-0.5908,0.7814,,
1790756461269398129,16.083,map,"nav2_feedback of the target goal (map, AMCL-based estimate)",-4.7310,-0.5908,0.7814,,
1790756461279112374,16.100,map,"nav2_feedback of the target goal (map, AMCL-based estimate)",-4.7215,-0.5814,0.7787,,
1790756461289041790,16.100,map,"nav2_feedback of the target goal (map, AMCL-based estimate)",-4.7215,-0.5814,0.7787,,
1790756461299142516,16.100,map,"nav2_feedback of the target goal (map, AMCL-based estimate)",-4.7215,-0.5814,0.7787,,
1790756461309755857,16.100,map,"nav2_feedback of the target goal (map, AMCL-based estimate)",-4.7215,-0.5814,0.7787,,
1790756461319029429,16.117,map,"nav2_feedback of the target goal (map, AMCL-based estimate)",-4.7120,-0.5721,0.7756,,
1790756461329407595,16.117,map,"nav2_feedback of the target goal (map, AMCL-based estimate)",-4.7120,-0.5721,0.7756,,
1790756461339404915,16.117,map,"nav2_feedback of the target goal (map, AMCL-based estimate)",-4.7120,-0.5721,0.7756,,
1790756461349428063,16.117,map,"nav2_feedback of the target goal (map, AMCL-based estimate)",-4.7120,-0.5721,0.7756,,
1790756461359499392,16.117,map,"nav2_feedback of the target goal (map, AMCL-based estimate)",-4.7120,-0.5721,0.7756,,
1790756461369250923,16.117,map,"nav2_feedback of the target goal (map, AMCL-based estimate)",-4.7120,-0.5721,0.7756,,
1790756461379281961,16.133,map,"nav2_feedback of the target goal (map, AMCL-based estimate)",-4.7024,-0.5627,0.7721,,
1790756461389193532,16.133,map,"nav2_feedback of the target goal (map, AMCL-based estimate)",-4.7024,-0.5627,0.7721,,
1790756461399085849,16.133,map,"nav2_feedback of the target goal (map, AMCL-based estimate)",-4.7024,-0.5627,0.7721,,
1790756461409132101,16.133,map,"nav2_feedback of the target goal (map, AMCL-based estimate)",-4.7024,-0.5627,0.7721,,
1790756461419017281,16.150,map,"nav2_feedback of the target goal (map, AMCL-based estimate)",-4.6928,-0.5534,0.7682,,
1790756461429334023,16.150,map,"nav2_feedback of the target goal (map, AMCL-based estimate)",-4.6928,-0.5534,0.7682,,
1790756461440147884,16.150,map,"nav2_feedback of the target goal (map, AMCL-based estimate)",-4.6928,-0.5534,0.7682,,
1790756461449570883,16.150,map,"nav2_feedback of the target goal (map, AMCL-based estimate)",-4.6928,-0.5534,0.7682,,
1790756461459343170,16.150,map,"nav2_feedback of the target goal (map, AMCL-based estimate)",-4.6928,-0.5534,0.7682,,
1790756461468937761,16.167,map,"nav2_feedback of the target goal (map, AMCL-based estimate)",-4.6832,-0.5442,0.7640,,
1790756461479131186,16.167,map,"nav2_feedback of the target goal (map, AMCL-based estimate)",-4.6832,-0.5442,0.7640,,
1790756461489236044,16.167,map,"nav2_feedback of the target goal (map, AMCL-based estimate)",-4.6832,-0.5442,0.7640,,
1790756461499243038,16.167,map,"nav2_feedback of the target goal (map, AMCL-based estimate)",-4.6832,-0.5442,0.7640,,
1790756461509997448,16.183,map,"nav2_feedback of the target goal (map, AMCL-based estimate)",-4.6735,-0.5350,0.7595,,
1790756461518987945,16.183,map,"nav2_feedback of the target goal (map, AMCL-based estimate)",-4.6735,-0.5350,0.7595,,
1790756461529304311,16.183,map,"nav2_feedback of the target goal (map, AMCL-based estimate)",-4.6735,-0.5350,0.7595,,
1790756461539005877,16.183,map,"nav2_feedback of the target goal (map, AMCL-based estimate)",-4.6735,-0.5350,0.7595,,
1790756461549200617,16.183,map,"nav2_feedback of the target goal (map, AMCL-based estimate)",-4.6735,-0.5350,0.7595,,
1790756461559370937,16.200,map,"nav2_feedback of the target goal (map, AMCL-based estimate)",-4.6637,-0.5258,0.7549,,
1790756461569297348,16.200,map,"nav2_feedback of the target goal (map, AMCL-based estimate)",-4.6637,-0.5258,0.7549,,
1790756461579074613,16.200,map,"nav2_feedback of the target goal (map, AMCL-based estimate)",-4.6637,-0.5258,0.7549,,
1790756461589418592,16.200,map,"nav2_feedback of the target goal (map, AMCL-based estimate)",-4.6637,-0.5258,0.7549,,
1790756461599411685,16.217,map,"nav2_feedback of the target goal (map, AMCL-based estimate)",-4.6539,-0.5167,0.7501,,
1790756461609420933,16.217,map,"nav2_feedback of the target goal (map, AMCL-based estimate)",-4.6539,-0.5167,0.7501,,
1790756461619304328,16.217,map,"nav2_feedback of the target goal (map, AMCL-based estimate)",-4.6539,-0.5167,0.7501,,
1790756461629158796,16.217,map,"nav2_feedback of the target goal (map, AMCL-based estimate)",-4.6539,-0.5167,0.7501,,
1790756461639410169,16.217,map,"nav2_feedback of the target goal (map, AMCL-based estimate)",-4.6539,-0.5167,0.7501,,
1790756461649234958,16.233,map,"nav2_feedback of the target goal (map, AMCL-based estimate)",-4.6441,-0.5076,0.7449,,
1790756461659998760,16.233,map,"nav2_feedback of the target goal (map, AMCL-based estimate)",-4.6441,-0.5076,0.7449,,
1790756461668942579,16.233,map,"nav2_feedback of the target goal (map, AMCL-based estimate)",-4.6441,-0.5076,0.7449,,
1790756461679640542,16.233,map,"nav2_feedback of the target goal (map, AMCL-based estimate)",-4.6441,-0.5076,0.7449,,
1790756461688955721,16.250,map,"nav2_feedback of the target goal (map, AMCL-based estimate)",-4.6342,-0.4986,0.7393,,
1790756461699008735,16.250,map,"nav2_feedback of the target goal (map, AMCL-based estimate)",-4.6342,-0.4986,0.7393,,
1790756461709278330,16.250,map,"nav2_feedback of the target goal (map, AMCL-based estimate)",-4.6342,-0.4986,0.7393,,
1790756461719049114,16.250,map,"nav2_feedback of the target goal (map, AMCL-based estimate)",-4.6342,-0.4986,0.7393,,
1790756461729127487,16.250,map,"nav2_feedback of the target goal (map, AMCL-based estimate)",-4.6342,-0.4986,0.7393,,
1790756461739026191,16.250,map,"nav2_feedback of the target goal (map, AMCL-based estimate)",-4.6342,-0.4986,0.7393,,
1790756461749740873,16.250,map,"nav2_feedback of the target goal (map, AMCL-based estimate)",-4.6342,-0.4986,0.7393,,
1790756461759320154,16.267,map,"nav2_feedback of the target goal (map, AMCL-based estimate)",-4.6243,-0.4896,0.7336,,
1790756461769231162,16.267,map,"nav2_feedback of the target goal (map, AMCL-based estimate)",-4.6243,-0.4896,0.7336,,
1790756461778919673,16.267,map,"nav2_feedback of the target goal (map, AMCL-based estimate)",-4.6243,-0.4896,0.7336,,
1790756461788949959,16.267,map,"nav2_feedback of the target goal (map, AMCL-based estimate)",-4.6243,-0.4896,0.7336,,
1790756461799171090,16.267,map,"nav2_feedback of the target goal (map, AMCL-based estimate)",-4.6243,-0.4896,0.7336,,
1790756461809893285,16.283,map,"nav2_feedback of the target goal (map, AMCL-based estimate)",-4.6143,-0.4808,0.7278,,
1790756461819076976,16.283,map,"nav2_feedback of the target goal (map, AMCL-based estimate)",-4.6143,-0.4808,0.7278,,
1790756461829064997,16.283,map,"nav2_feedback of the target goal (map, AMCL-based estimate)",-4.6143,-0.4808,0.7278,,
1790756461839010567,16.283,map,"nav2_feedback of the target goal (map, AMCL-based estimate)",-4.6143,-0.4808,0.7278,,
1790756461849993672,16.283,map,"nav2_feedback of the target goal (map, AMCL-based estimate)",-4.6143,-0.4808,0.7278,,
1790756461859169755,16.300,map,"nav2_feedback of the target goal (map, AMCL-based estimate)",-4.6043,-0.4719,0.7218,,
1790756461869201544,16.300,map,"nav2_feedback of the target goal (map, AMCL-based estimate)",-4.6043,-0.4719,0.7218,,
1790756461879116120,16.300,map,"nav2_feedback of the target goal (map, AMCL-based estimate)",-4.6043,-0.4719,0.7218,,
1790756461889241547,16.300,map,"nav2_feedback of the target goal (map, AMCL-based estimate)",-4.6043,-0.4719,0.7218,,
1790756461898978615,16.317,map,"nav2_feedback of the target goal (map, AMCL-based estimate)",-4.5942,-0.4632,0.7156,,
1790756461909657419,16.317,map,"nav2_feedback of the target goal (map, AMCL-based estimate)",-4.5942,-0.4632,0.7156,,
1790756461918930709,16.317,map,"nav2_feedback of the target goal (map, AMCL-based estimate)",-4.5942,-0.4632,0.7156,,
1790756461932073599,16.317,map,"nav2_feedback of the target goal (map, AMCL-based estimate)",-4.5942,-0.4632,0.7156,,
1790756461939146718,16.317,map,"nav2_feedback of the target goal (map, AMCL-based estimate)",-4.5942,-0.4632,0.7156,,
1790756461949214854,16.333,map,"nav2_feedback of the target goal (map, AMCL-based estimate)",-4.5841,-0.4545,0.7093,,
1790756461959518541,16.333,map,"nav2_feedback of the target goal (map, AMCL-based estimate)",-4.5841,-0.4545,0.7093,,
1790756461969249598,16.333,map,"nav2_feedback of the target goal (map, AMCL-based estimate)",-4.5841,-0.4545,0.7093,,
1790756461979010427,16.333,map,"nav2_feedback of the target goal (map, AMCL-based estimate)",-4.5841,-0.4545,0.7093,,
1790756461989272226,16.350,map,"nav2_feedback of the target goal (map, AMCL-based estimate)",-4.5740,-0.4460,0.7029,,
1790756461999425641,16.350,map,"nav2_feedback of the target goal (map, AMCL-based estimate)",-4.5740,-0.4460,0.7029,,
1790756462009672882,16.350,map,"nav2_feedback of the target goal (map, AMCL-based estimate)",-4.5740,-0.4460,0.7029,,
1790756462019177592,16.350,map,"nav2_feedback of the target goal (map, AMCL-based estimate)",-4.5740,-0.4460,0.7029,,
1790756462029365288,16.350,map,"nav2_feedback of the target goal (map, AMCL-based estimate)",-4.5740,-0.4460,0.7029,,
1790756462039017264,16.367,map,"nav2_feedback of the target goal (map, AMCL-based estimate)",-4.5641,-0.4377,0.6964,,
1790756462049069809,16.367,map,"nav2_feedback of the target goal (map, AMCL-based estimate)",-4.5641,-0.4377,0.6964,,
1790756462060055637,16.367,map,"nav2_feedback of the target goal (map, AMCL-based estimate)",-4.5641,-0.4377,0.6964,,
1790756462069202699,16.367,map,"nav2_feedback of the target goal (map, AMCL-based estimate)",-4.5641,-0.4377,0.6964,,
1790756462079146860,16.383,map,"nav2_feedback of the target goal (map, AMCL-based estimate)",-4.5543,-0.4296,0.6898,,
1790756462089003770,16.383,map,"nav2_feedback of the target goal (map, AMCL-based estimate)",-4.5543,-0.4296,0.6898,,
1790756462098960798,16.383,map,"nav2_feedback of the target goal (map, AMCL-based estimate)",-4.5543,-0.4296,0.6898,,
1790756462111926273,16.383,map,"nav2_feedback of the target goal (map, AMCL-based estimate)",-4.5543,-0.4296,0.6898,,
1790756462119218790,16.383,map,"nav2_feedback of the target goal (map, AMCL-based estimate)",-4.5543,-0.4296,0.6898,,
1790756462129127637,16.383,map,"nav2_feedback of the target goal (map, AMCL-based estimate)",-4.5543,-0.4296,0.6898,,
1790756462139105703,16.400,map,"nav2_feedback of the target goal (map, AMCL-based estimate)",-4.5443,-0.4214,0.6830,,
1790756462149319697,16.400,map,"nav2_feedback of the target goal (map, AMCL-based estimate)",-4.5443,-0.4214,0.6830,,
1790756462159570225,16.400,map,"nav2_feedback of the target goal (map, AMCL-based estimate)",-4.5443,-0.4214,0.6830,,
1790756462169231217,16.400,map,"nav2_feedback of the target goal (map, AMCL-based estimate)",-4.5443,-0.4214,0.6830,,
1790756462179305270,16.417,map,"nav2_feedback of the target goal (map, AMCL-based estimate)",-4.5341,-0.4132,0.6758,,
1790756462189367583,16.417,map,"nav2_feedback of the target goal (map, AMCL-based estimate)",-4.5341,-0.4132,0.6758,,
1790756462199263845,16.417,map,"nav2_feedback of the target goal (map, AMCL-based estimate)",-4.5341,-0.4132,0.6758,,
1790756462209386266,16.417,map,"nav2_feedback of the target goal (map, AMCL-based estimate)",-4.5341,-0.4132,0.6758,,
1790756462218959819,16.417,map,"nav2_feedback of the target goal (map, AMCL-based estimate)",-4.5341,-0.4132,0.6758,,
1790756462229176912,16.433,map,"nav2_feedback of the target goal (map, AMCL-based estimate)",-4.5237,-0.4050,0.6683,,
1790756462239369116,16.433,map,"nav2_feedback of the target goal (map, AMCL-based estimate)",-4.5237,-0.4050,0.6683,,
1790756462249084112,16.433,map,"nav2_feedback of the target goal (map, AMCL-based estimate)",-4.5237,-0.4050,0.6683,,
1790756462259418229,16.433,map,"nav2_feedback of the target goal (map, AMCL-based estimate)",-4.5237,-0.4050,0.6683,,
1790756462269133695,16.433,map,"nav2_feedback of the target goal (map, AMCL-based estimate)",-4.5237,-0.4050,0.6683,,
1790756462279321673,16.450,map,"nav2_feedback of the target goal (map, AMCL-based estimate)",-4.5132,-0.3968,0.6606,,
1790756462289302087,16.450,map,"nav2_feedback of the target goal (map, AMCL-based estimate)",-4.5132,-0.3968,0.6606,,
1790756462299649447,16.450,map,"nav2_feedback of the target goal (map, AMCL-based estimate)",-4.5132,-0.3968,0.6606,,
1790756462309251458,16.450,map,"nav2_feedback of the target goal (map, AMCL-based estimate)",-4.5132,-0.3968,0.6606,,
1790756462319182940,16.450,map,"nav2_feedback of the target goal (map, AMCL-based estimate)",-4.5132,-0.3968,0.6606,,
1790756462329313908,16.467,map,"nav2_feedback of the target goal (map, AMCL-based estimate)",-4.5026,-0.3888,0.6527,,
1790756462339310946,16.467,map,"nav2_feedback of the target goal (map, AMCL-based estimate)",-4.5026,-0.3888,0.6527,,
1790756462349496764,16.467,map,"nav2_feedback of the target goal (map, AMCL-based estimate)",-4.5026,-0.3888,0.6527,,
1790756462359602374,16.467,map,"nav2_feedback of the target goal (map, AMCL-based estimate)",-4.5026,-0.3888,0.6527,,
1790756462369129999,16.483,map,"nav2_feedback of the target goal (map, AMCL-based estimate)",-4.4921,-0.3809,0.6447,,
1790756462379232792,16.483,map,"nav2_feedback of the target goal (map, AMCL-based estimate)",-4.4921,-0.3809,0.6447,,
1790756462389067254,16.483,map,"nav2_feedback of the target goal (map, AMCL-based estimate)",-4.4921,-0.3809,0.6447,,
1790756462399117827,16.483,map,"nav2_feedback of the target goal (map, AMCL-based estimate)",-4.4921,-0.3809,0.6447,,
1790756462409532809,16.483,map,"nav2_feedback of the target goal (map, AMCL-based estimate)",-4.4921,-0.3809,0.6447,,
1790756462419074993,16.483,map,"nav2_feedback of the target goal (map, AMCL-based estimate)",-4.4921,-0.3809,0.6447,,
1790756462429355388,16.500,map,"nav2_feedback of the target goal (map, AMCL-based estimate)",-4.4817,-0.3732,0.6368,,
1790756462439080527,16.500,map,"nav2_feedback of the target goal (map, AMCL-based estimate)",-4.4817,-0.3732,0.6368,,
1790756462449202385,16.500,map,"nav2_feedback of the target goal (map, AMCL-based estimate)",-4.4817,-0.3732,0.6368,,
1790756462459677664,16.517,map,"nav2_feedback of the target goal (map, AMCL-based estimate)",-4.4714,-0.3657,0.6289,,
1790756462470746049,16.517,map,"nav2_feedback of the target goal (map, AMCL-based estimate)",-4.4714,-0.3657,0.6289,,
1790756462479113856,16.517,map,"nav2_feedback of the target goal (map, AMCL-based estimate)",-4.4714,-0.3657,0.6289,,
1790756462489365699,16.517,map,"nav2_feedback of the target goal (map, AMCL-based estimate)",-4.4714,-0.3657,0.6289,,
1790756462499089054,16.517,map,"nav2_feedback of the target goal (map, AMCL-based estimate)",-4.4714,-0.3657,0.6289,,
1790756462509469286,16.517,map,"nav2_feedback of the target goal (map, AMCL-based estimate)",-4.4714,-0.3657,0.6289,,
1790756462519180244,16.517,map,"nav2_feedback of the target goal (map, AMCL-based estimate)",-4.4714,-0.3657,0.6289,,
1790756462529195784,16.533,map,"nav2_feedback of the target goal (map, AMCL-based estimate)",-4.4610,-0.3583,0.6207,,
1790756462539201369,16.533,map,"nav2_feedback of the target goal (map, AMCL-based estimate)",-4.4610,-0.3583,0.6207,,
1790756462549510316,16.533,map,"nav2_feedback of the target goal (map, AMCL-based estimate)",-4.4610,-0.3583,0.6207,,
1790756462559353419,16.533,map,"nav2_feedback of the target goal (map, AMCL-based estimate)",-4.4610,-0.3583,0.6207,,
1790756462569289879,16.550,map,"nav2_feedback of the target goal (map, AMCL-based estimate)",-4.4505,-0.3509,0.6124,,
1790756462579404881,16.550,map,"nav2_feedback of the target goal (map, AMCL-based estimate)",-4.4505,-0.3509,0.6124,,
1790756462589191444,16.550,map,"nav2_feedback of the target goal (map, AMCL-based estimate)",-4.4505,-0.3509,0.6124,,
1790756462599013603,16.550,map,"nav2_feedback of the target goal (map, AMCL-based estimate)",-4.4505,-0.3509,0.6124,,
1790756462610315003,16.550,map,"nav2_feedback of the target goal (map, AMCL-based estimate)",-4.4505,-0.3509,0.6124,,
1790756462619198150,16.567,map,"nav2_feedback of the target goal (map, AMCL-based estimate)",-4.4400,-0.3437,0.6041,,
1790756462629161377,16.567,map,"nav2_feedback of the target goal (map, AMCL-based estimate)",-4.4400,-0.3437,0.6041,,
1790756462639391055,16.567,map,"nav2_feedback of the target goal (map, AMCL-based estimate)",-4.4400,-0.3437,0.6041,,
1790756462648979071,16.567,map,"nav2_feedback of the target goal (map, AMCL-based estimate)",-4.4400,-0.3437,0.6041,,
1790756462659345121,16.583,map,"nav2_feedback of the target goal (map, AMCL-based estimate)",-4.4296,-0.3366,0.5958,,
1790756462669071388,16.583,map,"nav2_feedback of the target goal (map, AMCL-based estimate)",-4.4296,-0.3366,0.5958,,
1790756462678947645,16.583,map,"nav2_feedback of the target goal (map, AMCL-based estimate)",-4.4296,-0.3366,0.5958,,
1790756462689597240,16.583,map,"nav2_feedback of the target goal (map, AMCL-based estimate)",-4.4296,-0.3366,0.5958,,
1790756462699045785,16.583,map,"nav2_feedback of the target goal (map, AMCL-based estimate)",-4.4296,-0.3366,0.5958,,
1790756462709670209,16.600,map,"nav2_feedback of the target goal (map, AMCL-based estimate)",-4.4189,-0.3295,0.5872,,
1790756462719260761,16.600,map,"nav2_feedback of the target goal (map, AMCL-based estimate)",-4.4189,-0.3295,0.5872,,
1790756462729414082,16.600,map,"nav2_feedback of the target goal (map, AMCL-based estimate)",-4.4189,-0.3295,0.5872,,
1790756462738933725,16.600,map,"nav2_feedback of the target goal (map, AMCL-based estimate)",-4.4189,-0.3295,0.5872,,
1790756462749055583,16.617,map,"nav2_feedback of the target goal (map, AMCL-based estimate)",-4.4082,-0.3225,0.5785,,
1790756462759319542,16.617,map,"nav2_feedback of the target goal (map, AMCL-based estimate)",-4.4082,-0.3225,0.5785,,
1790756462768977435,16.617,map,"nav2_feedback of the target goal (map, AMCL-based estimate)",-4.4082,-0.3225,0.5785,,
1790756462778993351,16.617,map,"nav2_feedback of the target goal (map, AMCL-based estimate)",-4.4082,-0.3225,0.5785,,
1790756462791224278,16.617,map,"nav2_feedback of the target goal (map, AMCL-based estimate)",-4.4082,-0.3225,0.5785,,
1790756462799622139,16.617,map,"nav2_feedback of the target goal (map, AMCL-based estimate)",-4.4082,-0.3225,0.5785,,
1790756462810118644,16.633,map,"nav2_feedback of the target goal (map, AMCL-based estimate)",-4.3974,-0.3155,0.5698,,
1790756462819177891,16.633,map,"nav2_feedback of the target goal (map, AMCL-based estimate)",-4.3974,-0.3155,0.5698,,
1790756462829082136,16.633,map,"nav2_feedback of the target goal (map, AMCL-based estimate)",-4.3974,-0.3155,0.5698,,
1790756462839184552,16.633,map,"nav2_feedback of the target goal (map, AMCL-based estimate)",-4.3974,-0.3155,0.5698,,
1790756462849425125,16.650,map,"nav2_feedback of the target goal (map, AMCL-based estimate)",-4.3863,-0.3086,0.5607,,
1790756462860009727,16.650,map,"nav2_feedback of the target goal (map, AMCL-based estimate)",-4.3863,-0.3086,0.5607,,
1790756462868958336,16.650,map,"nav2_feedback of the target goal (map, AMCL-based estimate)",-4.3863,-0.3086,0.5607,,
1790756462878971153,16.650,map,"nav2_feedback of the target goal (map, AMCL-based estimate)",-4.3863,-0.3086,0.5607,,
1790756462889411494,16.650,map,"nav2_feedback of the target goal (map, AMCL-based estimate)",-4.3863,-0.3086,0.5607,,
1790756462899375848,16.667,map,"nav2_feedback of the target goal (map, AMCL-based estimate)",-4.3750,-0.3017,0.5514,,
1790756462909590874,16.667,map,"nav2_feedback of the target goal (map, AMCL-based estimate)",-4.3750,-0.3017,0.5514,,
1790756462919131837,16.667,map,"nav2_feedback of the target goal (map, AMCL-based estimate)",-4.3750,-0.3017,0.5514,,
1790756462929309577,16.667,map,"nav2_feedback of the target goal (map, AMCL-based estimate)",-4.3750,-0.3017,0.5514,,
1790756462938990293,16.683,map,"nav2_feedback of the target goal (map, AMCL-based estimate)",-4.3637,-0.2949,0.5422,,
1790756462949178083,16.683,map,"nav2_feedback of the target goal (map, AMCL-based estimate)",-4.3637,-0.2949,0.5422,,
1790756462959212219,16.683,map,"nav2_feedback of the target goal (map, AMCL-based estimate)",-4.3637,-0.2949,0.5422,,
1790756462968968446,16.683,map,"nav2_feedback of the target goal (map, AMCL-based estimate)",-4.3637,-0.2949,0.5422,,
1790756462979517077,16.683,map,"nav2_feedback of the target goal (map, AMCL-based estimate)",-4.3637,-0.2949,0.5422,,
1790756462989174313,16.700,map,"nav2_feedback of the target goal (map, AMCL-based estimate)",-4.3523,-0.2881,0.5330,,
1790756462999187881,16.700,map,"nav2_feedback of the target goal (map, AMCL-based estimate)",-4.3408,-0.2815,0.5237,,
1790756463009738953,16.700,map,"nav2_feedback of the target goal (map, AMCL-based estimate)",-4.3408,-0.2815,0.5237,,
1790756463019182145,16.700,map,"nav2_feedback of the target goal (map, AMCL-based estimate)",-4.3408,-0.2815,0.5237,,
1790756463029443756,16.700,map,"nav2_feedback of the target goal (map, AMCL-based estimate)",-4.3408,-0.2815,0.5237,,
1790756463039137338,16.717,map,"nav2_feedback of the target goal (map, AMCL-based estimate)",-4.3408,-0.2815,0.5237,,
1790756463049019512,16.717,map,"nav2_feedback of the target goal (map, AMCL-based estimate)",-4.3408,-0.2815,0.5237,,
1790756463059497046,16.717,map,"nav2_feedback of the target goal (map, AMCL-based estimate)",-4.3408,-0.2815,0.5237,,
1790756463069225285,16.717,map,"nav2_feedback of the target goal (map, AMCL-based estimate)",-4.3408,-0.2815,0.5237,,
1790756463079164562,16.717,map,"nav2_feedback of the target goal (map, AMCL-based estimate)",-4.3408,-0.2815,0.5237,,
1790756463089228847,16.733,map,"nav2_feedback of the target goal (map, AMCL-based estimate)",-4.3293,-0.2750,0.5143,,
1790756463099033443,16.733,map,"nav2_feedback of the target goal (map, AMCL-based estimate)",-4.3293,-0.2750,0.5143,,
1790756463109570052,16.733,map,"nav2_feedback of the target goal (map, AMCL-based estimate)",-4.3293,-0.2750,0.5143,,
1790756463119258093,16.733,map,"nav2_feedback of the target goal (map, AMCL-based estimate)",-4.3293,-0.2750,0.5143,,
1790756463129351024,16.733,map,"nav2_feedback of the target goal (map, AMCL-based estimate)",-4.3293,-0.2750,0.5143,,
1790756463139245407,16.750,map,"nav2_feedback of the target goal (map, AMCL-based estimate)",-4.3177,-0.2686,0.5049,,
1790756463149219341,16.750,map,"nav2_feedback of the target goal (map, AMCL-based estimate)",-4.3177,-0.2686,0.5049,,
1790756463159729746,16.750,map,"nav2_feedback of the target goal (map, AMCL-based estimate)",-4.3177,-0.2686,0.5049,,
1790756463169110857,16.750,map,"nav2_feedback of the target goal (map, AMCL-based estimate)",-4.3177,-0.2686,0.5049,,
1790756463179249433,16.750,map,"nav2_feedback of the target goal (map, AMCL-based estimate)",-4.3177,-0.2686,0.5049,,
1790756463189176031,16.767,map,"nav2_feedback of the target goal (map, AMCL-based estimate)",-4.3060,-0.2623,0.4955,,
1790756463199129302,16.767,map,"nav2_feedback of the target goal (map, AMCL-based estimate)",-4.3060,-0.2623,0.4955,,
1790756463209676430,16.767,map,"nav2_feedback of the target goal (map, AMCL-based estimate)",-4.3060,-0.2623,0.4955,,
1790756463220786327,16.767,map,"nav2_feedback of the target goal (map, AMCL-based estimate)",-4.3060,-0.2623,0.4955,,
1790756463229507837,16.767,map,"nav2_feedback of the target goal (map, AMCL-based estimate)",-4.3060,-0.2623,0.4955,,
1790756463239352255,16.767,map,"nav2_feedback of the target goal (map, AMCL-based estimate)",-4.3060,-0.2623,0.4955,,
1790756463249338211,16.783,map,"nav2_feedback of the target goal (map, AMCL-based estimate)",-4.2943,-0.2561,0.4860,,
1790756463259728023,16.783,map,"nav2_feedback of the target goal (map, AMCL-based estimate)",-4.2943,-0.2561,0.4860,,
1790756463269108288,16.783,map,"nav2_feedback of the target goal (map, AMCL-based estimate)",-4.2943,-0.2561,0.4860,,
1790756463279107111,16.783,map,"nav2_feedback of the target goal (map, AMCL-based estimate)",-4.2943,-0.2561,0.4860,,
1790756463289092033,16.800,map,"nav2_feedback of the target goal (map, AMCL-based estimate)",-4.2826,-0.2500,0.4765,,
1790756463299058547,16.800,map,"nav2_feedback of the target goal (map, AMCL-based estimate)",-4.2826,-0.2500,0.4765,,
1790756463309172892,16.800,map,"nav2_feedback of the target goal (map, AMCL-based estimate)",-4.2826,-0.2500,0.4765,,
1790756463319088220,16.800,map,"nav2_feedback of the target goal (map, AMCL-based estimate)",-4.2826,-0.2500,0.4765,,
1790756463329361571,16.817,map,"nav2_feedback of the target goal (map, AMCL-based estimate)",-4.2707,-0.2441,0.4670,,
1790756463341603580,16.817,map,"nav2_feedback of the target goal (map, AMCL-based estimate)",-4.2707,-0.2441,0.4670,,
1790756463349051910,16.817,map,"nav2_feedback of the target goal (map, AMCL-based estimate)",-4.2707,-0.2441,0.4670,,
1790756463359474312,16.817,map,"nav2_feedback of the target goal (map, AMCL-based estimate)",-4.2707,-0.2441,0.4670,,
1790756463369141221,16.817,map,"nav2_feedback of the target goal (map, AMCL-based estimate)",-4.2707,-0.2441,0.4670,,
1790756463379026400,16.833,map,"nav2_feedback of the target goal (map, AMCL-based estimate)",-4.2589,-0.2382,0.4574,,
1790756463389004655,16.833,map,"nav2_feedback of the target goal (map, AMCL-based estimate)",-4.2589,-0.2382,0.4574,,
1790756463399070536,16.833,map,"nav2_feedback of the target goal (map, AMCL-based estimate)",-4.2589,-0.2382,0.4574,,
1790756463410073928,16.833,map,"nav2_feedback of the target goal (map, AMCL-based estimate)",-4.2589,-0.2382,0.4574,,
1790756463419042541,16.850,map,"nav2_feedback of the target goal (map, AMCL-based estimate)",-4.2469,-0.2325,0.4478,,
1790756463429053949,16.850,map,"nav2_feedback of the target goal (map, AMCL-based estimate)",-4.2469,-0.2325,0.4478,,
1790756463438940538,16.850,map,"nav2_feedback of the target goal (map, AMCL-based estimate)",-4.2469,-0.2325,0.4478,,
1790756463449364161,16.850,map,"nav2_feedback of the target goal (map, AMCL-based estimate)",-4.2469,-0.2325,0.4478,,
1790756463460099598,16.850,map,"nav2_feedback of the target goal (map, AMCL-based estimate)",-4.2469,-0.2325,0.4478,,
1790756463470917216,16.867,map,"nav2_feedback of the target goal (map, AMCL-based estimate)",-4.2349,-0.2269,0.4381,,
1790756463479542270,16.867,map,"nav2_feedback of the target goal (map, AMCL-based estimate)",-4.2349,-0.2269,0.4381,,
1790756463489035239,16.867,map,"nav2_feedback of the target goal (map, AMCL-based estimate)",-4.2349,-0.2269,0.4381,,
1790756463499411527,16.867,map,"nav2_feedback of the target goal (map, AMCL-based estimate)",-4.2349,-0.2269,0.4381,,
1790756463509578185,16.883,map,"nav2_feedback of the target goal (map, AMCL-based estimate)",-4.2229,-0.2214,0.4285,,
1790756463519255237,16.883,map,"nav2_feedback of the target goal (map, AMCL-based estimate)",-4.2229,-0.2214,0.4285,,
1790756463529499473,16.883,map,"nav2_feedback of the target goal (map, AMCL-based estimate)",-4.2229,-0.2214,0.4285,,
1790756463539029635,16.883,map,"nav2_feedback of the target goal (map, AMCL-based estimate)",-4.2229,-0.2214,0.4285,,
1790756463549205121,16.883,map,"nav2_feedback of the target goal (map, AMCL-based estimate)",-4.2229,-0.2214,0.4285,,
1790756463559470489,16.900,map,"nav2_feedback of the target goal (map, AMCL-based estimate)",-4.2108,-0.2160,0.4188,,
1790756463569065549,16.900,map,"nav2_feedback of the target goal (map, AMCL-based estimate)",-4.2108,-0.2160,0.4188,,
1790756463579298233,16.900,map,"nav2_feedback of the target goal (map, AMCL-based estimate)",-4.2108,-0.2160,0.4188,,
1790756463589087426,16.900,map,"nav2_feedback of the target goal (map, AMCL-based estimate)",-4.2108,-0.2160,0.4188,,
1790756463599150114,16.917,map,"nav2_feedback of the target goal (map, AMCL-based estimate)",-4.2184,-0.1990,0.4194,,
1790756463609155324,16.917,map,"nav2_feedback of the target goal (map, AMCL-based estimate)",-4.2184,-0.1990,0.4194,,
1790756463619040691,16.917,map,"nav2_feedback of the target goal (map, AMCL-based estimate)",-4.2184,-0.1990,0.4194,,
1790756463629631022,16.917,map,"nav2_feedback of the target goal (map, AMCL-based estimate)",-4.2184,-0.1990,0.4194,,
1790756463639397393,16.917,map,"nav2_feedback of the target goal (map, AMCL-based estimate)",-4.2184,-0.1990,0.4194,,
1790756463649421949,16.917,map,"nav2_feedback of the target goal (map, AMCL-based estimate)",-4.2184,-0.1990,0.4194,,
1790756463659203535,16.933,map,"nav2_feedback of the target goal (map, AMCL-based estimate)",-4.2262,-0.1819,0.4200,,
1790756463669048235,16.933,map,"nav2_feedback of the target goal (map, AMCL-based estimate)",-4.2262,-0.1819,0.4200,,
1790756463679010053,16.933,map,"nav2_feedback of the target goal (map, AMCL-based estimate)",-4.2262,-0.1819,0.4200,,
1790756463689387843,16.950,map,"nav2_feedback of the target goal (map, AMCL-based estimate)",-4.2342,-0.1648,0.4205,,
1790756463699039913,16.950,map,"nav2_feedback of the target goal (map, AMCL-based estimate)",-4.2342,-0.1648,0.4205,,
1790756463713123788,16.950,map,"nav2_feedback of the target goal (map, AMCL-based estimate)",-4.2342,-0.1648,0.4205,,
1790756463719616575,16.950,map,"nav2_feedback of the target goal (map, AMCL-based estimate)",-4.2342,-0.1648,0.4205,,
1790756463730844906,16.950,map,"nav2_feedback of the target goal (map, AMCL-based estimate)",-4.2342,-0.1648,0.4205,,
1790756463739399895,16.950,map,"nav2_feedback of the target goal (map, AMCL-based estimate)",-4.2342,-0.1648,0.4205,,
1790756463749516400,16.967,map,"nav2_feedback of the target goal (map, AMCL-based estimate)",-4.2426,-0.1476,0.4210,,
1790756463759310007,16.967,map,"nav2_feedback of the target goal (map, AMCL-based estimate)",-4.2426,-0.1476,0.4210,,
1790756463769496482,16.967,map,"nav2_feedback of the target goal (map, AMCL-based estimate)",-4.2426,-0.1476,0.4210,,
1790756463779289338,16.967,map,"nav2_feedback of the target goal (map, AMCL-based estimate)",-4.2426,-0.1476,0.4210,,
1790756463789243079,16.983,map,"nav2_feedback of the target goal (map, AMCL-based estimate)",-4.2512,-0.1305,0.4216,,
1790756463799218234,16.983,map,"nav2_feedback of the target goal (map, AMCL-based estimate)",-4.2512,-0.1305,0.4216,,
1790756463809374091,16.983,map,"nav2_feedback of the target goal (map, AMCL-based estimate)",-4.2512,-0.1305,0.4216,,
1790756463818957787,16.983,map,"nav2_feedback of the target goal (map, AMCL-based estimate)",-4.2512,-0.1305,0.4216,,
1790756463829138439,16.983,map,"nav2_feedback of the target goal (map, AMCL-based estimate)",-4.2512,-0.1305,0.4216,,
1790756463839309323,16.983,map,"nav2_feedback of the target goal (map, AMCL-based estimate)",-4.2512,-0.1305,0.4216,,
1790756463849481898,17.000,map,"nav2_feedback of the target goal (map, AMCL-based estimate)",-4.2600,-0.1133,0.4221,,
1790756463859600751,17.000,map,"nav2_feedback of the target goal (map, AMCL-based estimate)",-4.2600,-0.1133,0.4221,,
1790756463869201916,17.000,map,"nav2_feedback of the target goal (map, AMCL-based estimate)",-4.2600,-0.1133,0.4221,,
1790756463879023136,17.000,map,"nav2_feedback of the target goal (map, AMCL-based estimate)",-4.2600,-0.1133,0.4221,,
1790756463889050886,17.017,map,"nav2_feedback of the target goal (map, AMCL-based estimate)",-4.2479,-0.1080,0.4122,,
1790756463898955225,17.017,map,"nav2_feedback of the target goal (map, AMCL-based estimate)",-4.2479,-0.1080,0.4122,,
1790756463909208759,17.017,map,"nav2_feedback of the target goal (map, AMCL-based estimate)",-4.2479,-0.1080,0.4122,,
1790756463919421625,17.017,map,"nav2_feedback of the target goal (map, AMCL-based estimate)",-4.2479,-0.1080,0.4122,,
1790756463929461961,17.017,map,"nav2_feedback of the target goal (map, AMCL-based estimate)",-4.2479,-0.1080,0.4122,,
1790756463939234999,17.017,map,"nav2_feedback of the target goal (map, AMCL-based estimate)",-4.2479,-0.1080,0.4122,,
1790756463948992354,17.017,map,"nav2_feedback of the target goal (map, AMCL-based estimate)",-4.2479,-0.1080,0.4122,,
1790756463959730985,17.033,map,"nav2_feedback of the target goal (map, AMCL-based estimate)",-4.2358,-0.1028,0.4023,,
1790756463969354879,17.033,map,"nav2_feedback of the target goal (map, AMCL-based estimate)",-4.2358,-0.1028,0.4023,,
1790756463979036345,17.033,map,"nav2_feedback of the target goal (map, AMCL-based estimate)",-4.2358,-0.1028,0.4023,,
1790756463989119696,17.033,map,"nav2_feedback of the target goal (map, AMCL-based estimate)",-4.2358,-0.1028,0.4023,,
1790756463999180600,17.050,map,"nav2_feedback of the target goal (map, AMCL-based estimate)",-4.2236,-0.0978,0.3925,,
1790756464009374870,17.050,map,"nav2_feedback of the target goal (map, AMCL-based estimate)",-4.2236,-0.0978,0.3925,,
1790756464020260392,17.050,map,"nav2_feedback of the target goal (map, AMCL-based estimate)",-4.2236,-0.0978,0.3925,,
1790756464029238116,17.050,map,"nav2_feedback of the target goal (map, AMCL-based estimate)",-4.2236,-0.0978,0.3925,,
1790756464039364388,17.050,map,"nav2_feedback of the target goal (map, AMCL-based estimate)",-4.2236,-0.0978,0.3925,,
1790756464049228060,17.050,map,"nav2_feedback of the target goal (map, AMCL-based estimate)",-4.2236,-0.0978,0.3925,,
1790756464059203309,17.067,map,"nav2_feedback of the target goal (map, AMCL-based estimate)",-4.2113,-0.0928,0.3827,,
1790756464069425098,17.067,map,"nav2_feedback of the target goal (map, AMCL-based estimate)",-4.2113,-0.0928,0.3827,,
1790756464078901913,17.067,map,"nav2_feedback of the target goal (map, AMCL-based estimate)",-4.2113,-0.0928,0.3827,,
1790756464089368833,17.067,map,"nav2_feedback of the target goal (map, AMCL-based estimate)",-4.2113,-0.0928,0.3827,,
1790756464099148071,17.083,map,"nav2_feedback of the target goal (map, AMCL-based estimate)",-4.1990,-0.0880,0.3731,,
1790756464109295569,17.083,map,"nav2_feedback of the target goal (map, AMCL-based estimate)",-4.1990,-0.0880,0.3731,,
1790756464119212023,17.083,map,"nav2_feedback of the target goal (map, AMCL-based estimate)",-4.1990,-0.0880,0.3731,,
1790756464129137307,17.083,map,"nav2_feedback of the target goal (map, AMCL-based estimate)",-4.1990,-0.0880,0.3731,,
1790756464138931290,17.083,map,"nav2_feedback of the target goal (map, AMCL-based estimate)",-4.1990,-0.0880,0.3731,,
1790756464151456468,17.100,map,"nav2_feedback of the target goal (map, AMCL-based estimate)",-4.1867,-0.0834,0.3638,,
1790756464159538101,17.100,map,"nav2_feedback of the target goal (map, AMCL-based estimate)",-4.1867,-0.0834,0.3638,,
1790756464169203601,17.100,map,"nav2_feedback of the target goal (map, AMCL-based estimate)",-4.1867,-0.0834,0.3638,,
1790756464179001717,17.100,map,"nav2_feedback of the target goal (map, AMCL-based estimate)",-4.1867,-0.0834,0.3638,,
1790756464188989363,17.117,map,"nav2_feedback of the target goal (map, AMCL-based estimate)",-4.1743,-0.0788,0.3546,,
1790756464199070084,17.117,map,"nav2_feedback of the target goal (map, AMCL-based estimate)",-4.1743,-0.0788,0.3546,,
1790756464209068625,17.117,map,"nav2_feedback of the target goal (map, AMCL-based estimate)",-4.1743,-0.0788,0.3546,,
1790756464220629526,17.117,map,"nav2_feedback of the target goal (map, AMCL-based estimate)",-4.1743,-0.0788,0.3546,,
1790756464229577007,17.117,map,"nav2_feedback of the target goal (map, AMCL-based estimate)",-4.1743,-0.0788,0.3546,,
1790756464239354179,17.117,map,"nav2_feedback of the target goal (map, AMCL-based estimate)",-4.1743,-0.0788,0.3546,,
1790756464249217287,17.133,map,"nav2_feedback of the target goal (map, AMCL-based estimate)",-4.1619,-0.0743,0.3456,,
1790756464259434943,17.133,map,"nav2_feedback of the target goal (map, AMCL-based estimate)",-4.1619,-0.0743,0.3456,,
1790756464269046909,17.133,map,"nav2_feedback of the target goal (map, AMCL-based estimate)",-4.1619,-0.0743,0.3456,,
1790756464279209341,17.133,map,"nav2_feedback of the target goal (map, AMCL-based estimate)",-4.1619,-0.0743,0.3456,,
1790756464289071416,17.150,map,"nav2_feedback of the target goal (map, AMCL-based estimate)",-4.1494,-0.0699,0.3367,,
1790756464299142839,17.150,map,"nav2_feedback of the target goal (map, AMCL-based estimate)",-4.1494,-0.0699,0.3367,,
1790756464309375241,17.150,map,"nav2_feedback of the target goal (map, AMCL-based estimate)",-4.1494,-0.0699,0.3367,,
1790756464319124330,17.150,map,"nav2_feedback of the target goal (map, AMCL-based estimate)",-4.1494,-0.0699,0.3367,,
1790756464329265442,17.150,map,"nav2_feedback of the target goal (map, AMCL-based estimate)",-4.1494,-0.0699,0.3367,,
1790756464341479275,17.167,map,"nav2_feedback of the target goal (map, AMCL-based estimate)",-4.1369,-0.0657,0.3279,,
1790756464349010348,17.167,map,"nav2_feedback of the target goal (map, AMCL-based estimate)",-4.1369,-0.0657,0.3279,,
1790756464359164514,17.167,map,"nav2_feedback of the target goal (map, AMCL-based estimate)",-4.1369,-0.0657,0.3279,,
1790756464369258572,17.167,map,"nav2_feedback of the target goal (map, AMCL-based estimate)",-4.1369,-0.0657,0.3279,,
1790756464378930365,17.183,map,"nav2_feedback of the target goal (map, AMCL-based estimate)",-4.1244,-0.0615,0.3192,,
1790756464388993523,17.183,map,"nav2_feedback of the target goal (map, AMCL-based estimate)",-4.1244,-0.0615,0.3192,,
1790756464399096879,17.183,map,"nav2_feedback of the target goal (map, AMCL-based estimate)",-4.1244,-0.0615,0.3192,,
1790756464409172810,17.183,map,"nav2_feedback of the target goal (map, AMCL-based estimate)",-4.1244,-0.0615,0.3192,,
1790756464419343131,17.183,map,"nav2_feedback of the target goal (map, AMCL-based estimate)",-4.1244,-0.0615,0.3192,,
1790756464429175997,17.200,map,"nav2_feedback of the target goal (map, AMCL-based estimate)",-4.1118,-0.0575,0.3105,,
1790756464439038729,17.200,map,"nav2_feedback of the target goal (map, AMCL-based estimate)",-4.1118,-0.0575,0.3105,,
1790756464449032856,17.200,map,"nav2_feedback of the target goal (map, AMCL-based estimate)",-4.1118,-0.0575,0.3105,,
1790756464459836667,17.200,map,"nav2_feedback of the target goal (map, AMCL-based estimate)",-4.1118,-0.0575,0.3105,,
1790756464469071732,17.217,map,"nav2_feedback of the target goal (map, AMCL-based estimate)",-4.0991,-0.0536,0.3018,,
1790756464479193214,17.217,map,"nav2_feedback of the target goal (map, AMCL-based estimate)",-4.0991,-0.0536,0.3018,,
1790756464489150337,17.217,map,"nav2_feedback of the target goal (map, AMCL-based estimate)",-4.0991,-0.0536,0.3018,,
1790756464499130563,17.217,map,"nav2_feedback of the target goal (map, AMCL-based estimate)",-4.0991,-0.0536,0.3018,,
1790756464509375644,17.217,map,"nav2_feedback of the target goal (map, AMCL-based estimate)",-4.0991,-0.0536,0.3018,,
1790756464519474961,17.217,map,"nav2_feedback of the target goal (map, AMCL-based estimate)",-4.0991,-0.0536,0.3018,,
1790756464529265939,17.233,map,"nav2_feedback of the target goal (map, AMCL-based estimate)",-4.0865,-0.0498,0.2932,,
1790756464539122942,17.233,map,"nav2_feedback of the target goal (map, AMCL-based estimate)",-4.0865,-0.0498,0.2932,,
1790756464549330643,17.233,map,"nav2_feedback of the target goal (map, AMCL-based estimate)",-4.0865,-0.0498,0.2932,,
1790756464559399812,17.250,map,"nav2_feedback of the target goal (map, AMCL-based estimate)",-4.0738,-0.0460,0.2848,,
1790756464569062307,17.250,map,"nav2_feedback of the target goal (map, AMCL-based estimate)",-4.0738,-0.0460,0.2848,,
1790756464579232816,17.250,map,"nav2_feedback of the target goal (map, AMCL-based estimate)",-4.0738,-0.0460,0.2848,,
1790756464589321520,17.250,map,"nav2_feedback of the target goal (map, AMCL-based estimate)",-4.0738,-0.0460,0.2848,,
1790756464599041869,17.250,map,"nav2_feedback of the target goal (map, AMCL-based estimate)",-4.0738,-0.0460,0.2848,,
1790756464609430085,17.250,map,"nav2_feedback of the target goal (map, AMCL-based estimate)",-4.0738,-0.0460,0.2848,,
1790756464619385704,17.267,map,"nav2_feedback of the target goal (map, AMCL-based estimate)",-4.0610,-0.0424,0.2766,,
1790756464629321882,17.267,map,"nav2_feedback of the target goal (map, AMCL-based estimate)",-4.0610,-0.0424,0.2766,,
1790756464639033310,17.267,map,"nav2_feedback of the target goal (map, AMCL-based estimate)",-4.0610,-0.0424,0.2766,,
1790756464649591238,17.267,map,"nav2_feedback of the target goal (map, AMCL-based estimate)",-4.0610,-0.0424,0.2766,,
1790756464659771139,17.267,map,"nav2_feedback of the target goal (map, AMCL-based estimate)",-4.0610,-0.0424,0.2766,,
1790756464669197707,17.283,map,"nav2_feedback of the target goal (map, AMCL-based estimate)",-4.0483,-0.0389,0.2686,,
1790756464679203104,17.283,map,"nav2_feedback of the target goal (map, AMCL-based estimate)",-4.0483,-0.0389,0.2686,,
1790756464688995678,17.283,map,"nav2_feedback of the target goal (map, AMCL-based estimate)",-4.0483,-0.0389,0.2686,,
1790756464701365888,17.283,map,"nav2_feedback of the target goal (map, AMCL-based estimate)",-4.0483,-0.0389,0.2686,,
1790756464709621555,17.300,map,"nav2_feedback of the target goal (map, AMCL-based estimate)",-4.0355,-0.0355,0.2608,,
1790756464719014123,17.300,map,"nav2_feedback of the target goal (map, AMCL-based estimate)",-4.0355,-0.0355,0.2608,,
1790756464729518518,17.300,map,"nav2_feedback of the target goal (map, AMCL-based estimate)",-4.0355,-0.0355,0.2608,,
1790756464739414122,17.317,map,"nav2_feedback of the target goal (map, AMCL-based estimate)",-4.0227,-0.0322,0.2530,,
1790756464749223696,17.317,map,"nav2_feedback of the target goal (map, AMCL-based estimate)",-4.0227,-0.0322,0.2530,,
1790756464759824828,17.317,map,"nav2_feedback of the target goal (map, AMCL-based estimate)",-4.0227,-0.0322,0.2530,,
1790756464769383729,17.317,map,"nav2_feedback of the target goal (map, AMCL-based estimate)",-4.0227,-0.0322,0.2530,,
1790756464779034202,17.317,map,"nav2_feedback of the target goal (map, AMCL-based estimate)",-4.0227,-0.0322,0.2530,,
1790756464789385225,17.317,map,"nav2_feedback of the target goal (map, AMCL-based estimate)",-4.0227,-0.0322,0.2530,,
1790756464798941403,17.333,map,"nav2_feedback of the target goal (map, AMCL-based estimate)",-4.0098,-0.0290,0.2454,,
1790756464809513138,17.333,map,"nav2_feedback of the target goal (map, AMCL-based estimate)",-4.0098,-0.0290,0.2454,,
1790756464819146705,17.333,map,"nav2_feedback of the target goal (map, AMCL-based estimate)",-4.0098,-0.0290,0.2454,,
1790756464829576058,17.333,map,"nav2_feedback of the target goal (map, AMCL-based estimate)",-4.0098,-0.0290,0.2454,,
1790756464839171775,17.350,map,"nav2_feedback of the target goal (map, AMCL-based estimate)",-3.9970,-0.0259,0.2380,,
1790756464849411221,17.350,map,"nav2_feedback of the target goal (map, AMCL-based estimate)",-3.9970,-0.0259,0.2380,,
1790756464859516362,17.350,map,"nav2_feedback of the target goal (map, AMCL-based estimate)",-3.9970,-0.0259,0.2380,,
1790756464871092478,17.350,map,"nav2_feedback of the target goal (map, AMCL-based estimate)",-3.9970,-0.0259,0.2380,,
1790756464878967298,17.350,map,"nav2_feedback of the target goal (map, AMCL-based estimate)",-3.9970,-0.0259,0.2380,,
1790756464889717294,17.350,map,"nav2_feedback of the target goal (map, AMCL-based estimate)",-3.9970,-0.0259,0.2380,,
1790756464899135033,17.367,map,"nav2_feedback of the target goal (map, AMCL-based estimate)",-3.9841,-0.0228,0.2306,,
1790756464909559877,17.367,map,"nav2_feedback of the target goal (map, AMCL-based estimate)",-3.9841,-0.0228,0.2306,,
1790756464918944838,17.367,map,"nav2_feedback of the target goal (map, AMCL-based estimate)",-3.9841,-0.0228,0.2306,,
1790756464931502231,17.383,map,"nav2_feedback of the target goal (map, AMCL-based estimate)",-3.9711,-0.0199,0.2233,,
1790756464939283601,17.383,map,"nav2_feedback of the target goal (map, AMCL-based estimate)",-3.9711,-0.0199,0.2233,,
1790756464949262607,17.383,map,"nav2_feedback of the target goal (map, AMCL-based estimate)",-3.9711,-0.0199,0.2233,,
1790756464959332715,17.383,map,"nav2_feedback of the target goal (map, AMCL-based estimate)",-3.9711,-0.0199,0.2233,,
1790756464969077765,17.383,map,"nav2_feedback of the target goal (map, AMCL-based estimate)",-3.9711,-0.0199,0.2233,,
1790756464979061843,17.383,map,"nav2_feedback of the target goal (map, AMCL-based estimate)",-3.9711,-0.0199,0.2233,,
1790756464989460295,17.400,map,"nav2_feedback of the target goal (map, AMCL-based estimate)",-3.9582,-0.0171,0.2160,,
1790756464999711857,17.400,map,"nav2_feedback of the target goal (map, AMCL-based estimate)",-3.9582,-0.0171,0.2160,,
1790756465009629814,17.400,map,"nav2_feedback of the target goal (map, AMCL-based estimate)",-3.9582,-0.0171,0.2160,,
1790756465019000312,17.400,map,"nav2_feedback of the target goal (map, AMCL-based estimate)",-3.9582,-0.0171,0.2160,,
1790756465029419709,17.417,map,"nav2_feedback of the target goal (map, AMCL-based estimate)",-3.9452,-0.0143,0.2088,,
1790756465039423697,17.417,map,"nav2_feedback of the target goal (map, AMCL-based estimate)",-3.9452,-0.0143,0.2088,,
1790756465049483286,17.417,map,"nav2_feedback of the target goal (map, AMCL-based estimate)",-3.9452,-0.0143,0.2088,,
1790756465059627872,17.417,map,"nav2_feedback of the target goal (map, AMCL-based estimate)",-3.9452,-0.0143,0.2088,,
1790756465069367476,17.417,map,"nav2_feedback of the target goal (map, AMCL-based estimate)",-3.9452,-0.0143,0.2088,,
1790756465079049694,17.417,map,"nav2_feedback of the target goal (map, AMCL-based estimate)",-3.9452,-0.0143,0.2088,,
1790756465089500366,17.433,map,"nav2_feedback of the target goal (map, AMCL-based estimate)",-3.9322,-0.0117,0.2017,,
1790756465099121161,17.433,map,"nav2_feedback of the target goal (map, AMCL-based estimate)",-3.9322,-0.0117,0.2017,,
1790756465109730557,17.433,map,"nav2_feedback of the target goal (map, AMCL-based estimate)",-3.9322,-0.0117,0.2017,,
1790756465119357645,17.433,map,"nav2_feedback of the target goal (map, AMCL-based estimate)",-3.9322,-0.0117,0.2017,,
1790756465129135098,17.450,map,"nav2_feedback of the target goal (map, AMCL-based estimate)",-3.9192,-0.0091,0.1945,,
1790756465139085739,17.450,map,"nav2_feedback of the target goal (map, AMCL-based estimate)",-3.9192,-0.0091,0.1945,,
1790756465149375714,17.450,map,"nav2_feedback of the target goal (map, AMCL-based estimate)",-3.9192,-0.0091,0.1945,,
1790756465159158427,17.450,map,"nav2_feedback of the target goal (map, AMCL-based estimate)",-3.9192,-0.0091,0.1945,,
1790756465169553029,17.450,map,"nav2_feedback of the target goal (map, AMCL-based estimate)",-3.9192,-0.0091,0.1945,,
1790756465179166967,17.467,map,"nav2_feedback of the target goal (map, AMCL-based estimate)",-3.9062,-0.0066,0.1874,,
1790756465189071494,17.467,map,"nav2_feedback of the target goal (map, AMCL-based estimate)",-3.9062,-0.0066,0.1874,,
1790756465199097272,17.467,map,"nav2_feedback of the target goal (map, AMCL-based estimate)",-3.9062,-0.0066,0.1874,,
1790756465209398611,17.467,map,"nav2_feedback of the target goal (map, AMCL-based estimate)",-3.9062,-0.0066,0.1874,,
1790756465219086934,17.483,map,"nav2_feedback of the target goal (map, AMCL-based estimate)",-3.8931,-0.0043,0.1802,,
1790756465229334457,17.483,map,"nav2_feedback of the target goal (map, AMCL-based estimate)",-3.8931,-0.0043,0.1802,,
1790756465239032548,17.483,map,"nav2_feedback of the target goal (map, AMCL-based estimate)",-3.8931,-0.0043,0.1802,,
1790756465249282606,17.483,map,"nav2_feedback of the target goal (map, AMCL-based estimate)",-3.8931,-0.0043,0.1802,,
1790756465259515008,17.483,map,"nav2_feedback of the target goal (map, AMCL-based estimate)",-3.8931,-0.0043,0.1802,,
1790756465269491102,17.500,map,"nav2_feedback of the target goal (map, AMCL-based estimate)",-3.8801,-0.0020,0.1730,,
1790756465279261981,17.500,map,"nav2_feedback of the target goal (map, AMCL-based estimate)",-3.8801,-0.0020,0.1730,,
1790756465289076251,17.500,map,"nav2_feedback of the target goal (map, AMCL-based estimate)",-3.8801,-0.0020,0.1730,,
1790756465299404639,17.500,map,"nav2_feedback of the target goal (map, AMCL-based estimate)",-3.8801,-0.0020,0.1730,,
1790756465309280145,17.517,map,"nav2_feedback of the target goal (map, AMCL-based estimate)",-3.8670,0.0002,0.1659,,
1790756465319135551,17.517,map,"nav2_feedback of the target goal (map, AMCL-based estimate)",-3.8670,0.0002,0.1659,,
1790756465329362036,17.517,map,"nav2_feedback of the target goal (map, AMCL-based estimate)",-3.8670,0.0002,0.1659,,
1790756465339302441,17.517,map,"nav2_feedback of the target goal (map, AMCL-based estimate)",-3.8670,0.0002,0.1659,,
1790756465349094827,17.517,map,"nav2_feedback of the target goal (map, AMCL-based estimate)",-3.8670,0.0002,0.1659,,
1790756465359182498,17.517,map,"nav2_feedback of the target goal (map, AMCL-based estimate)",-3.8670,0.0002,0.1659,,
1790756465369218419,17.533,map,"nav2_feedback of the target goal (map, AMCL-based estimate)",-3.8539,0.0023,0.1589,,
1790756465379502102,17.533,map,"nav2_feedback of the target goal (map, AMCL-based estimate)",-3.8539,0.0023,0.1589,,
1790756465389425037,17.533,map,"nav2_feedback of the target goal (map, AMCL-based estimate)",-3.8539,0.0023,0.1589,,
1790756465399706089,17.533,map,"nav2_feedback of the target goal (map, AMCL-based estimate)",-3.8539,0.0023,0.1589,,
1790756465409765866,17.550,map,"nav2_feedback of the target goal (map, AMCL-based estimate)",-3.8408,0.0043,0.1519,,
1790756465419185578,17.550,map,"nav2_feedback of the target goal (map, AMCL-based estimate)",-3.8408,0.0043,0.1519,,
1790756465429535098,17.550,map,"nav2_feedback of the target goal (map, AMCL-based estimate)",-3.8408,0.0043,0.1519,,
1790756465439534860,17.550,map,"nav2_feedback of the target goal (map, AMCL-based estimate)",-3.8408,0.0043,0.1519,,
1790756465449235486,17.550,map,"nav2_feedback of the target goal (map, AMCL-based estimate)",-3.8408,0.0043,0.1519,,
1790756465459481131,17.550,map,"nav2_feedback of the target goal (map, AMCL-based estimate)",-3.8408,0.0043,0.1519,,
1790756465469210497,17.567,map,"nav2_feedback of the target goal (map, AMCL-based estimate)",-3.8276,0.0062,0.1450,,
1790756465479089666,17.567,map,"nav2_feedback of the target goal (map, AMCL-based estimate)",-3.8276,0.0062,0.1450,,
1790756465489089897,17.567,map,"nav2_feedback of the target goal (map, AMCL-based estimate)",-3.8276,0.0062,0.1450,,
1790756465499380811,17.583,map,"nav2_feedback of the target goal (map, AMCL-based estimate)",-3.8145,0.0081,0.1384,,
1790756465509359253,17.583,map,"nav2_feedback of the target goal (map, AMCL-based estimate)",-3.8145,0.0081,0.1384,,
1790756465519378081,17.583,map,"nav2_feedback of the target goal (map, AMCL-based estimate)",-3.8145,0.0081,0.1384,,
1790756465529380097,17.583,map,"nav2_feedback of the target goal (map, AMCL-based estimate)",-3.8145,0.0081,0.1384,,
1790756465539196809,17.583,map,"nav2_feedback of the target goal (map, AMCL-based estimate)",-3.8145,0.0081,0.1384,,
1790756465549134583,17.583,map,"nav2_feedback of the target goal (map, AMCL-based estimate)",-3.8145,0.0081,0.1384,,
1790756465559405398,17.600,map,"nav2_feedback of the target goal (map, AMCL-based estimate)",-3.8014,0.0098,0.1320,,
1790756465569415491,17.600,map,"nav2_feedback of the target goal (map, AMCL-based estimate)",-3.8014,0.0098,0.1320,,
1790756465579130676,17.600,map,"nav2_feedback of the target goal (map, AMCL-based estimate)",-3.8014,0.0098,0.1320,,
1790756465589068356,17.600,map,"nav2_feedback of the target goal (map, AMCL-based estimate)",-3.8014,0.0098,0.1320,,
1790756465599266477,17.617,map,"nav2_feedback of the target goal (map, AMCL-based estimate)",-3.7882,0.0115,0.1257,,
1790756465609949602,17.617,map,"nav2_feedback of the target goal (map, AMCL-based estimate)",-3.7882,0.0115,0.1257,,
1790756465619183539,17.617,map,"nav2_feedback of the target goal (map, AMCL-based estimate)",-3.7882,0.0115,0.1257,,
1790756465629097458,17.617,map,"nav2_feedback of the target goal (map, AMCL-based estimate)",-3.7882,0.0115,0.1257,,
1790756465639364329,17.617,map,"nav2_feedback of the target goal (map, AMCL-based estimate)",-3.7882,0.0115,0.1257,,
1790756465649076226,17.617,map,"nav2_feedback of the target goal (map, AMCL-based estimate)",-3.7882,0.0115,0.1257,,
1790756465659554135,17.633,map,"nav2_feedback of the target goal (map, AMCL-based estimate)",-3.7750,0.0130,0.1196,,
1790756465669071899,17.633,map,"nav2_feedback of the target goal (map, AMCL-based estimate)",-3.7750,0.0130,0.1196,,
1790756465679262694,17.633,map,"nav2_feedback of the target goal (map, AMCL-based estimate)",-3.7750,0.0130,0.1196,,
1790756465689330360,17.633,map,"nav2_feedback of the target goal (map, AMCL-based estimate)",-3.7750,0.0130,0.1196,,
1790756465699294808,17.650,map,"nav2_feedback of the target goal (map, AMCL-based estimate)",-3.7618,0.0145,0.1136,,
1790756465709329320,17.650,map,"nav2_feedback of the target goal (map, AMCL-based estimate)",-3.7618,0.0145,0.1136,,
1790756465719137485,17.650,map,"nav2_feedback of the target goal (map, AMCL-based estimate)",-3.7618,0.0145,0.1136,,
1790756465729665360,17.650,map,"nav2_feedback of the target goal (map, AMCL-based estimate)",-3.7618,0.0145,0.1136,,
1790756465739274414,17.650,map,"nav2_feedback of the target goal (map, AMCL-based estimate)",-3.7618,0.0145,0.1136,,
1790756465749463895,17.650,map,"nav2_feedback of the target goal (map, AMCL-based estimate)",-3.7618,0.0145,0.1136,,
1790756465759667745,17.667,map,"nav2_feedback of the target goal (map, AMCL-based estimate)",-3.7486,0.0160,0.1076,,
1790756465769190111,17.667,map,"nav2_feedback of the target goal (map, AMCL-based estimate)",-3.7486,0.0160,0.1076,,
1790756465779741559,17.667,map,"nav2_feedback of the target goal (map, AMCL-based estimate)",-3.7486,0.0160,0.1076,,
1790756465789017292,17.667,map,"nav2_feedback of the target goal (map, AMCL-based estimate)",-3.7486,0.0160,0.1076,,
1790756465799075096,17.683,map,"nav2_feedback of the target goal (map, AMCL-based estimate)",-3.7354,0.0173,0.1017,,
1790756465809264952,17.683,map,"nav2_feedback of the target goal (map, AMCL-based estimate)",-3.7354,0.0173,0.1017,,
1790756465819521398,17.683,map,"nav2_feedback of the target goal (map, AMCL-based estimate)",-3.7354,0.0173,0.1017,,
1790756465829183611,17.683,map,"nav2_feedback of the target goal (map, AMCL-based estimate)",-3.7354,0.0173,0.1017,,
1790756465839379008,17.683,map,"nav2_feedback of the target goal (map, AMCL-based estimate)",-3.7354,0.0173,0.1017,,
1790756465849123777,17.700,map,"nav2_feedback of the target goal (map, AMCL-based estimate)",-3.7222,0.0186,0.0959,,
1790756465861808244,17.700,map,"nav2_feedback of the target goal (map, AMCL-based estimate)",-3.7222,0.0186,0.0959,,
1790756465868995664,17.700,map,"nav2_feedback of the target goal (map, AMCL-based estimate)",-3.7222,0.0186,0.0959,,
1790756465879359835,17.700,map,"nav2_feedback of the target goal (map, AMCL-based estimate)",-3.7222,0.0186,0.0959,,
1790756465889067788,17.717,map,"nav2_feedback of the target goal (map, AMCL-based estimate)",-3.7090,0.0198,0.0901,,
1790756465899260555,17.717,map,"nav2_feedback of the target goal (map, AMCL-based estimate)",-3.7090,0.0198,0.0901,,
1790756465909531558,17.717,map,"nav2_feedback of the target goal (map, AMCL-based estimate)",-3.7090,0.0198,0.0901,,
1790756465919435428,17.717,map,"nav2_feedback of the target goal (map, AMCL-based estimate)",-3.7090,0.0198,0.0901,,
1790756465929490602,17.717,map,"nav2_feedback of the target goal (map, AMCL-based estimate)",-3.7090,0.0198,0.0901,,
1790756465939253404,17.717,map,"nav2_feedback of the target goal (map, AMCL-based estimate)",-3.7090,0.0198,0.0901,,
1790756465949029073,17.733,map,"nav2_feedback of the target goal (map, AMCL-based estimate)",-3.6957,0.0209,0.0843,,
1790756465959259784,17.733,map,"nav2_feedback of the target goal (map, AMCL-based estimate)",-3.6957,0.0209,0.0843,,
1790756465969210989,17.733,map,"nav2_feedback of the target goal (map, AMCL-based estimate)",-3.6957,0.0209,0.0843,,
1790756465979170271,17.733,map,"nav2_feedback of the target goal (map, AMCL-based estimate)",-3.6957,0.0209,0.0843,,
1790756465989099875,17.750,map,"nav2_feedback of the target goal (map, AMCL-based estimate)",-3.6825,0.0219,0.0787,,
1790756465999012010,17.750,map,"nav2_feedback of the target goal (map, AMCL-based estimate)",-3.6825,0.0219,0.0787,,
1790756466009885604,17.750,map,"nav2_feedback of the target goal (map, AMCL-based estimate)",-3.6825,0.0219,0.0787,,
1790756466019218627,17.750,map,"nav2_feedback of the target goal (map, AMCL-based estimate)",-3.6825,0.0219,0.0787,,
1790756466029350253,17.750,map,"nav2_feedback of the target goal (map, AMCL-based estimate)",-3.6825,0.0219,0.0787,,
1790756466039481315,17.767,map,"nav2_feedback of the target goal (map, AMCL-based estimate)",-3.6692,0.0229,0.0733,,
1790756466049080320,17.767,map,"nav2_feedback of the target goal (map, AMCL-based estimate)",-3.6692,0.0229,0.0733,,
1790756466059486286,17.767,map,"nav2_feedback of the target goal (map, AMCL-based estimate)",-3.6692,0.0229,0.0733,,
1790756466069286750,17.767,map,"nav2_feedback of the target goal (map, AMCL-based estimate)",-3.6692,0.0229,0.0733,,
1790756466079029264,17.767,map,"nav2_feedback of the target goal (map, AMCL-based estimate)",-3.6692,0.0229,0.0733,,
1790756466089526803,17.767,map,"nav2_feedback of the target goal (map, AMCL-based estimate)",-3.6692,0.0229,0.0733,,
1790756466099033202,17.783,map,"nav2_feedback of the target goal (map, AMCL-based estimate)",-3.6560,0.0238,0.0684,,
1790756466109656218,17.783,map,"nav2_feedback of the target goal (map, AMCL-based estimate)",-3.6560,0.0238,0.0684,,
1790756466119112089,17.783,map,"nav2_feedback of the target goal (map, AMCL-based estimate)",-3.6560,0.0238,0.0684,,
1790756466129302978,17.783,map,"nav2_feedback of the target goal (map, AMCL-based estimate)",-3.6560,0.0238,0.0684,,
1790756466139465879,17.800,map,"nav2_feedback of the target goal (map, AMCL-based estimate)",-3.6428,0.0246,0.0640,,
1790756466149150539,17.800,map,"nav2_feedback of the target goal (map, AMCL-based estimate)",-3.6428,0.0246,0.0640,,
1790756466159429431,17.800,map,"nav2_feedback of the target goal (map, AMCL-based estimate)",-3.6428,0.0246,0.0640,,
1790756466169167532,17.800,map,"nav2_feedback of the target goal (map, AMCL-based estimate)",-3.6428,0.0246,0.0640,,
1790756466179341140,17.817,map,"nav2_feedback of the target goal (map, AMCL-based estimate)",-3.6295,0.0254,0.0600,,
1790756466189238717,17.817,map,"nav2_feedback of the target goal (map, AMCL-based estimate)",-3.6295,0.0254,0.0600,,
1790756466200140956,17.817,map,"nav2_feedback of the target goal (map, AMCL-based estimate)",-3.6295,0.0254,0.0600,,
1790756466209600021,17.817,map,"nav2_feedback of the target goal (map, AMCL-based estimate)",-3.6295,0.0254,0.0600,,
1790756466219430726,17.817,map,"nav2_feedback of the target goal (map, AMCL-based estimate)",-3.6295,0.0254,0.0600,,
1790756466228983429,17.833,map,"nav2_feedback of the target goal (map, AMCL-based estimate)",-3.6162,0.0262,0.0564,,
1790756466239371832,17.833,map,"nav2_feedback of the target goal (map, AMCL-based estimate)",-3.6162,0.0262,0.0564,,
1790756466249188825,17.833,map,"nav2_feedback of the target goal (map, AMCL-based estimate)",-3.6162,0.0262,0.0564,,
1790756466259546423,17.833,map,"nav2_feedback of the target goal (map, AMCL-based estimate)",-3.6162,0.0262,0.0564,,
1790756466269325754,17.850,map,"nav2_feedback of the target goal (map, AMCL-based estimate)",-3.6030,0.0269,0.0531,,
1790756466279229342,17.850,map,"nav2_feedback of the target goal (map, AMCL-based estimate)",-3.6030,0.0269,0.0531,,
1790756466289058545,17.850,map,"nav2_feedback of the target goal (map, AMCL-based estimate)",-3.6030,0.0269,0.0531,,
1790756466299010596,17.850,map,"nav2_feedback of the target goal (map, AMCL-based estimate)",-3.6030,0.0269,0.0531,,
1790756466310867345,17.850,map,"nav2_feedback of the target goal (map, AMCL-based estimate)",-3.6030,0.0269,0.0531,,
1790756466319192042,17.850,map,"nav2_feedback of the target goal (map, AMCL-based estimate)",-3.6030,0.0269,0.0531,,
1790756466329279150,17.867,map,"nav2_feedback of the target goal (map, AMCL-based estimate)",-3.5897,0.0275,0.0502,,
1790756466339177009,17.867,map,"nav2_feedback of the target goal (map, AMCL-based estimate)",-3.5897,0.0275,0.0502,,
1790756466349178743,17.867,map,"nav2_feedback of the target goal (map, AMCL-based estimate)",-3.5897,0.0275,0.0502,,
1790756466362155864,17.867,map,"nav2_feedback of the target goal (map, AMCL-based estimate)",-3.5897,0.0275,0.0502,,
1790756466369093739,17.883,map,"nav2_feedback of the target goal (map, AMCL-based estimate)",-3.5764,0.0282,0.0475,,
1790756466378868468,17.883,map,"nav2_feedback of the target goal (map, AMCL-based estimate)",-3.5764,0.0282,0.0475,,
1790756466388949377,17.883,map,"nav2_feedback of the target goal (map, AMCL-based estimate)",-3.5764,0.0282,0.0475,,
1790756466399273069,17.883,map,"nav2_feedback of the target goal (map, AMCL-based estimate)",-3.5764,0.0282,0.0475,,
1790756466410005783,17.883,map,"nav2_feedback of the target goal (map, AMCL-based estimate)",-3.5764,0.0282,0.0475,,
1790756466419343221,17.900,map,"nav2_feedback of the target goal (map, AMCL-based estimate)",-3.5631,0.0288,0.0449,,
1790756466429226710,17.900,map,"nav2_feedback of the target goal (map, AMCL-based estimate)",-3.5631,0.0288,0.0449,,
1790756466439083243,17.900,map,"nav2_feedback of the target goal (map, AMCL-based estimate)",-3.5631,0.0288,0.0449,,
1790756466449228863,17.900,map,"nav2_feedback of the target goal (map, AMCL-based estimate)",-3.5631,0.0288,0.0449,,
1790756466459198477,17.917,map,"nav2_feedback of the target goal (map, AMCL-based estimate)",-3.5497,0.0293,0.0424,,
1790756466469159825,17.917,map,"nav2_feedback of the target goal (map, AMCL-based estimate)",-3.5497,0.0293,0.0424,,
1790756466479322069,17.917,map,"nav2_feedback of the target goal (map, AMCL-based estimate)",-3.5497,0.0293,0.0424,,
1790756466488987287,17.917,map,"nav2_feedback of the target goal (map, AMCL-based estimate)",-3.5497,0.0293,0.0424,,
1790756466499102008,17.917,map,"nav2_feedback of the target goal (map, AMCL-based estimate)",-3.5497,0.0293,0.0424,,
1790756466509383811,17.933,map,"nav2_feedback of the target goal (map, AMCL-based estimate)",-3.5364,0.0299,0.0397,,
1790756466519245605,17.933,map,"nav2_feedback of the target goal (map, AMCL-based estimate)",-3.5364,0.0299,0.0397,,
1790756466532149562,17.933,map,"nav2_feedback of the target goal (map, AMCL-based estimate)",-3.5364,0.0299,0.0397,,
1790756466539356236,17.933,map,"nav2_feedback of the target goal (map, AMCL-based estimate)",-3.5364,0.0299,0.0397,,
1790756466548988301,17.950,map,"nav2_feedback of the target goal (map, AMCL-based estimate)",-3.5231,0.0304,0.0370,,
1790756466559523313,17.950,map,"nav2_feedback of the target goal (map, AMCL-based estimate)",-3.5231,0.0304,0.0370,,
1790756466568925931,17.950,map,"nav2_feedback of the target goal (map, AMCL-based estimate)",-3.5231,0.0304,0.0370,,
1790756466579009282,17.950,map,"nav2_feedback of the target goal (map, AMCL-based estimate)",-3.5231,0.0304,0.0370,,
1790756466589247883,17.950,map,"nav2_feedback of the target goal (map, AMCL-based estimate)",-3.5231,0.0304,0.0370,,
1790756466599200027,17.950,map,"nav2_feedback of the target goal (map, AMCL-based estimate)",-3.5231,0.0304,0.0370,,
1790756466609493007,17.967,map,"nav2_feedback of the target goal (map, AMCL-based estimate)",-3.5098,0.0308,0.0344,,
1790756466619459240,17.967,map,"nav2_feedback of the target goal (map, AMCL-based estimate)",-3.5098,0.0308,0.0344,,
1790756466629339160,17.967,map,"nav2_feedback of the target goal (map, AMCL-based estimate)",-3.5098,0.0308,0.0344,,
1790756466639095105,17.983,map,"nav2_feedback of the target goal (map, AMCL-based estimate)",-3.4964,0.0312,0.0318,,
1790756466649298673,17.983,map,"nav2_feedback of the target goal (map, AMCL-based estimate)",-3.4964,0.0312,0.0318,,
1790756466659324169,17.983,map,"nav2_feedback of the target goal (map, AMCL-based estimate)",-3.4964,0.0312,0.0318,,
1790756466669488104,17.983,map,"nav2_feedback of the target goal (map, AMCL-based estimate)",-3.4964,0.0312,0.0318,,
1790756466679168819,17.983,map,"nav2_feedback of the target goal (map, AMCL-based estimate)",-3.4964,0.0312,0.0318,,
1790756466691136206,17.983,map,"nav2_feedback of the target goal (map, AMCL-based estimate)",-3.4964,0.0312,0.0318,,
1790756466699241225,18.000,map,"nav2_feedback of the target goal (map, AMCL-based estimate)",-3.4831,0.0316,0.0293,,
1790756466709655456,18.000,map,"nav2_feedback of the target goal (map, AMCL-based estimate)",-3.4831,0.0316,0.0293,,
1790756466719056384,18.000,map,"nav2_feedback of the target goal (map, AMCL-based estimate)",-3.4831,0.0316,0.0293,,
1790756466728998103,18.000,map,"nav2_feedback of the target goal (map, AMCL-based estimate)",-3.4831,0.0316,0.0293,,
1790756466739027825,18.017,map,"nav2_feedback of the target goal (map, AMCL-based estimate)",-3.4698,0.0320,0.0267,,
1790756466749564716,18.017,map,"nav2_feedback of the target goal (map, AMCL-based estimate)",-3.4698,0.0320,0.0267,,
1790756466759579975,18.017,map,"nav2_feedback of the target goal (map, AMCL-based estimate)",-3.4698,0.0320,0.0267,,
1790756466769268767,18.017,map,"nav2_feedback of the target goal (map, AMCL-based estimate)",-3.4698,0.0320,0.0267,,
1790756466779614437,18.017,map,"nav2_feedback of the target goal (map, AMCL-based estimate)",-3.4698,0.0320,0.0267,,
1790756466789231850,18.017,map,"nav2_feedback of the target goal (map, AMCL-based estimate)",-3.4698,0.0320,0.0267,,
1790756466800135968,18.033,map,"nav2_feedback of the target goal (map, AMCL-based estimate)",-3.4564,0.0323,0.0246,,
1790756466809439407,18.033,map,"nav2_feedback of the target goal (map, AMCL-based estimate)",-3.4564,0.0323,0.0246,,
1790756466819311907,18.033,map,"nav2_feedback of the target goal (map, AMCL-based estimate)",-3.4564,0.0323,0.0246,,
1790756466829460156,18.033,map,"nav2_feedback of the target goal (map, AMCL-based estimate)",-3.4564,0.0323,0.0246,,
1790756466839223146,18.033,map,"nav2_feedback of the target goal (map, AMCL-based estimate)",-3.4564,0.0323,0.0246,,
1790756466849223096,18.050,map,"nav2_feedback of the target goal (map, AMCL-based estimate)",-3.4431,0.0326,0.0224,,
1790756466859450332,18.050,map,"nav2_feedback of the target goal (map, AMCL-based estimate)",-3.4431,0.0326,0.0224,,
1790756466869262348,18.050,map,"nav2_feedback of the target goal (map, AMCL-based estimate)",-3.4431,0.0326,0.0224,,
1790756466879473430,18.050,map,"nav2_feedback of the target goal (map, AMCL-based estimate)",-3.4431,0.0326,0.0224,,
1790756466889403785,18.050,map,"nav2_feedback of the target goal (map, AMCL-based estimate)",-3.4431,0.0326,0.0224,,
1790756466899216082,18.067,map,"nav2_feedback of the target goal (map, AMCL-based estimate)",-3.4298,0.0329,0.0204,,
1790756466909775514,18.067,map,"nav2_feedback of the target goal (map, AMCL-based estimate)",-3.4298,0.0329,0.0204,,
1790756466919594855,18.067,map,"nav2_feedback of the target goal (map, AMCL-based estimate)",-3.4298,0.0329,0.0204,,
1790756466929098343,18.067,map,"nav2_feedback of the target goal (map, AMCL-based estimate)",-3.4298,0.0329,0.0204,,
1790756466941621549,18.083,map,"nav2_feedback of the target goal (map, AMCL-based estimate)",-3.4164,0.0331,0.0184,,
1790756466949276691,18.083,map,"nav2_feedback of the target goal (map, AMCL-based estimate)",-3.4164,0.0331,0.0184,,
1790756466959400615,18.083,map,"nav2_feedback of the target goal (map, AMCL-based estimate)",-3.4164,0.0331,0.0184,,
1790756466969117678,18.083,map,"nav2_feedback of the target goal (map, AMCL-based estimate)",-3.4164,0.0331,0.0184,,
1790756466979322843,18.083,map,"nav2_feedback of the target goal (map, AMCL-based estimate)",-3.4164,0.0331,0.0184,,
1790756466989147913,18.100,map,"nav2_feedback of the target goal (map, AMCL-based estimate)",-3.4031,0.0333,0.0164,,
1790756466999058921,18.100,map,"nav2_feedback of the target goal (map, AMCL-based estimate)",-3.4031,0.0333,0.0164,,
1790756467009366834,18.100,map,"nav2_feedback of the target goal (map, AMCL-based estimate)",-3.4031,0.0333,0.0164,,
1790756467019062201,18.100,map,"nav2_feedback of the target goal (map, AMCL-based estimate)",-3.4031,0.0333,0.0164,,
1790756467029366734,18.117,map,"nav2_feedback of the target goal (map, AMCL-based estimate)",-3.3898,0.0335,0.0144,,
1790756467038977948,18.117,map,"nav2_feedback of the target goal (map, AMCL-based estimate)",-3.3898,0.0335,0.0144,,
1790756467049077923,18.117,map,"nav2_feedback of the target goal (map, AMCL-based estimate)",-3.3898,0.0335,0.0144,,
1790756467059890751,18.117,map,"nav2_feedback of the target goal (map, AMCL-based estimate)",-3.3898,0.0335,0.0144,,
1790756467069619553,18.117,map,"nav2_feedback of the target goal (map, AMCL-based estimate)",-3.3898,0.0335,0.0144,,
1790756467079327975,18.117,map,"nav2_feedback of the target goal (map, AMCL-based estimate)",-3.3898,0.0335,0.0144,,
1790756467089157460,18.133,map,"nav2_feedback of the target goal (map, AMCL-based estimate)",-3.3764,0.0337,0.0126,,
1790756467099265794,18.133,map,"nav2_feedback of the target goal (map, AMCL-based estimate)",-3.3764,0.0337,0.0126,,
1790756467109380701,18.133,map,"nav2_feedback of the target goal (map, AMCL-based estimate)",-3.3764,0.0337,0.0126,,
1790756467119056533,18.133,map,"nav2_feedback of the target goal (map, AMCL-based estimate)",-3.3764,0.0337,0.0126,,
1790756467129146552,18.150,map,"nav2_feedback of the target goal (map, AMCL-based estimate)",-3.3631,0.0338,0.0107,,
1790756467139319784,18.150,map,"nav2_feedback of the target goal (map, AMCL-based estimate)",-3.3631,0.0338,0.0107,,
1790756467149351667,18.150,map,"nav2_feedback of the target goal (map, AMCL-based estimate)",-3.3631,0.0338,0.0107,,
1790756467159833145,18.150,map,"nav2_feedback of the target goal (map, AMCL-based estimate)",-3.3631,0.0338,0.0107,,
1790756467169497988,18.150,map,"nav2_feedback of the target goal (map, AMCL-based estimate)",-3.3631,0.0338,0.0107,,
1790756467179169217,18.167,map,"nav2_feedback of the target goal (map, AMCL-based estimate)",-3.3497,0.0340,0.0087,,
1790756467189105865,18.167,map,"nav2_feedback of the target goal (map, AMCL-based estimate)",-3.3497,0.0340,0.0087,,
1790756467198927367,18.167,map,"nav2_feedback of the target goal (map, AMCL-based estimate)",-3.3497,0.0340,0.0087,,
1790756467209407436,18.167,map,"nav2_feedback of the target goal (map, AMCL-based estimate)",-3.3497,0.0340,0.0087,,
1790756467218968497,18.183,map,"nav2_feedback of the target goal (map, AMCL-based estimate)",-3.3364,0.0340,0.0066,,
1790756467229401794,18.183,map,"nav2_feedback of the target goal (map, AMCL-based estimate)",-3.3364,0.0340,0.0066,,
1790756467239062222,18.183,map,"nav2_feedback of the target goal (map, AMCL-based estimate)",-3.3364,0.0340,0.0066,,
1790756467249488663,18.183,map,"nav2_feedback of the target goal (map, AMCL-based estimate)",-3.3364,0.0340,0.0066,,
1790756467259591455,18.183,map,"nav2_feedback of the target goal (map, AMCL-based estimate)",-3.3364,0.0340,0.0066,,
1790756467269110816,18.200,map,"nav2_feedback of the target goal (map, AMCL-based estimate)",-3.3230,0.0341,0.0044,,
1790756467279258220,18.200,map,"nav2_feedback of the target goal (map, AMCL-based estimate)",-3.3230,0.0341,0.0044,,
1790756467289262397,18.200,map,"nav2_feedback of the target goal (map, AMCL-based estimate)",-3.3230,0.0341,0.0044,,
1790756467299215856,18.200,map,"nav2_feedback of the target goal (map, AMCL-based estimate)",-3.3230,0.0341,0.0044,,
1790756467309442435,18.217,map,"nav2_feedback of the target goal (map, AMCL-based estimate)",-3.2989,0.0355,-0.0013,,
1790756467319252666,18.217,map,"nav2_feedback of the target goal (map, AMCL-based estimate)",-3.2989,0.0355,-0.0013,,
1790756467328987010,18.217,map,"nav2_feedback of the target goal (map, AMCL-based estimate)",-3.2989,0.0355,-0.0013,,
1790756467341875846,18.217,map,"nav2_feedback of the target goal (map, AMCL-based estimate)",-3.2989,0.0355,-0.0013,,
1790756467349830311,18.217,map,"nav2_feedback of the target goal (map, AMCL-based estimate)",-3.2989,0.0355,-0.0013,,
1790756467359524645,18.233,map,"nav2_feedback of the target goal (map, AMCL-based estimate)",-3.2748,0.0369,-0.0071,,
1790756467369112004,18.233,map,"nav2_feedback of the target goal (map, AMCL-based estimate)",-3.2748,0.0369,-0.0071,,
1790756467379078894,18.233,map,"nav2_feedback of the target goal (map, AMCL-based estimate)",-3.2748,0.0369,-0.0071,,
1790756467389369245,18.233,map,"nav2_feedback of the target goal (map, AMCL-based estimate)",-3.2748,0.0369,-0.0071,,
1790756467401243557,18.250,map,"nav2_feedback of the target goal (map, AMCL-based estimate)",-3.2507,0.0380,-0.0129,,
1790756467409663865,18.250,map,"nav2_feedback of the target goal (map, AMCL-based estimate)",-3.2507,0.0380,-0.0129,,
1790756467418979983,18.250,map,"nav2_feedback of the target goal (map, AMCL-based estimate)",-3.2507,0.0380,-0.0129,,
1790756467429183833,18.250,map,"nav2_feedback of the target goal (map, AMCL-based estimate)",-3.2507,0.0380,-0.0129,,
1790756467439508840,18.250,map,"nav2_feedback of the target goal (map, AMCL-based estimate)",-3.2507,0.0380,-0.0129,,
1790756467449520906,18.267,map,"nav2_feedback of the target goal (map, AMCL-based estimate)",-3.2266,0.0391,-0.0187,,
1790756467459295823,18.267,map,"nav2_feedback of the target goal (map, AMCL-based estimate)",-3.2266,0.0391,-0.0187,,
1790756467469332401,18.267,map,"nav2_feedback of the target goal (map, AMCL-based estimate)",-3.2266,0.0391,-0.0187,,
1790756467478902479,18.267,map,"nav2_feedback of the target goal (map, AMCL-based estimate)",-3.2266,0.0391,-0.0187,,
1790756467489097689,18.267,map,"nav2_feedback of the target goal (map, AMCL-based estimate)",-3.2266,0.0391,-0.0187,,
1790756467499261059,18.283,map,"nav2_feedback of the target goal (map, AMCL-based estimate)",-3.2026,0.0400,-0.0246,,
1790756467509411938,18.283,map,"nav2_feedback of the target goal (map, AMCL-based estimate)",-3.2026,0.0400,-0.0246,,
1790756467519926007,18.283,map,"nav2_feedback of the target goal (map, AMCL-based estimate)",-3.2026,0.0400,-0.0246,,
1790756467529902852,18.283,map,"nav2_feedback of the target goal (map, AMCL-based estimate)",-3.2026,0.0400,-0.0246,,
1790756467539106266,18.283,map,"nav2_feedback of the target goal (map, AMCL-based estimate)",-3.2026,0.0400,-0.0246,,
1790756467549578539,18.300,map,"nav2_feedback of the target goal (map, AMCL-based estimate)",-3.1787,0.0407,-0.0304,,
1790756467559507016,18.300,map,"nav2_feedback of the target goal (map, AMCL-based estimate)",-3.1787,0.0407,-0.0304,,
1790756467569733407,18.300,map,"nav2_feedback of the target goal (map, AMCL-based estimate)",-3.1787,0.0407,-0.0304,,
1790756467578912120,18.300,map,"nav2_feedback of the target goal (map, AMCL-based estimate)",-3.1787,0.0407,-0.0304,,
1790756467589098876,18.317,map,"nav2_feedback of the target goal (map, AMCL-based estimate)",-3.1653,0.0403,-0.0328,,
1790756467599496765,18.317,map,"nav2_feedback of the target goal (map, AMCL-based estimate)",-3.1653,0.0403,-0.0328,,
1790756467609428717,18.317,map,"nav2_feedback of the target goal (map, AMCL-based estimate)",-3.1653,0.0403,-0.0328,,
1790756467619379641,18.317,map,"nav2_feedback of the target goal (map, AMCL-based estimate)",-3.1653,0.0403,-0.0328,,
1790756467629344558,18.317,map,"nav2_feedback of the target goal (map, AMCL-based estimate)",-3.1653,0.0403,-0.0328,,
1790756467639264300,18.317,map,"nav2_feedback of the target goal (map, AMCL-based estimate)",-3.1653,0.0403,-0.0328,,
1790756467649241239,18.333,map,"nav2_feedback of the target goal (map, AMCL-based estimate)",-3.1520,0.0398,-0.0351,,
1790756467659599111,18.333,map,"nav2_feedback of the target goal (map, AMCL-based estimate)",-3.1520,0.0398,-0.0351,,
1790756467669078317,18.333,map,"nav2_feedback of the target goal (map, AMCL-based estimate)",-3.1520,0.0398,-0.0351,,
1790756467679390307,18.333,map,"nav2_feedback of the target goal (map, AMCL-based estimate)",-3.1520,0.0398,-0.0351,,
1790756467689150640,18.350,map,"nav2_feedback of the target goal (map, AMCL-based estimate)",-3.1386,0.0393,-0.0375,,
1790756467699257548,18.350,map,"nav2_feedback of the target goal (map, AMCL-based estimate)",-3.1386,0.0393,-0.0375,,
1790756467709135762,18.350,map,"nav2_feedback of the target goal (map, AMCL-based estimate)",-3.1386,0.0393,-0.0375,,
1790756467720501606,18.350,map,"nav2_feedback of the target goal (map, AMCL-based estimate)",-3.1386,0.0393,-0.0375,,
1790756467729529651,18.350,map,"nav2_feedback of the target goal (map, AMCL-based estimate)",-3.1386,0.0393,-0.0375,,
1790756467739004767,18.367,map,"nav2_feedback of the target goal (map, AMCL-based estimate)",-3.1253,0.0388,-0.0399,,
1790756467749324101,18.367,map,"nav2_feedback of the target goal (map, AMCL-based estimate)",-3.1253,0.0388,-0.0399,,
1790756467759552515,18.367,map,"nav2_feedback of the target goal (map, AMCL-based estimate)",-3.1253,0.0388,-0.0399,,
1790756467769301042,18.367,map,"nav2_feedback of the target goal (map, AMCL-based estimate)",-3.1253,0.0388,-0.0399,,
1790756467779021679,18.383,map,"nav2_feedback of the target goal (map, AMCL-based estimate)",-3.1120,0.0382,-0.0423,,
1790756467789114549,18.383,map,"nav2_feedback of the target goal (map, AMCL-based estimate)",-3.1120,0.0382,-0.0423,,
1790756467798955298,18.383,map,"nav2_feedback of the target goal (map, AMCL-based estimate)",-3.1120,0.0382,-0.0423,,
1790756467809730254,18.383,map,"nav2_feedback of the target goal (map, AMCL-based estimate)",-3.1120,0.0382,-0.0423,,
1790756467819631058,18.383,map,"nav2_feedback of the target goal (map, AMCL-based estimate)",-3.1120,0.0382,-0.0423,,
1790756467830557827,18.400,map,"nav2_feedback of the target goal (map, AMCL-based estimate)",-3.0986,0.0376,-0.0447,,
1790756467839482124,18.400,map,"nav2_feedback of the target goal (map, AMCL-based estimate)",-3.0986,0.0376,-0.0447,,
1790756467849512149,18.400,map,"nav2_feedback of the target goal (map, AMCL-based estimate)",-3.0986,0.0376,-0.0447,,
1790756467859415742,18.400,map,"nav2_feedback of the target goal (map, AMCL-based estimate)",-3.0986,0.0376,-0.0447,,
1790756467869015153,18.400,map,"nav2_feedback of the target goal (map, AMCL-based estimate)",-3.0986,0.0376,-0.0447,,
1790756467879398912,18.417,map,"nav2_feedback of the target goal (map, AMCL-based estimate)",-3.0853,0.0370,-0.0472,,
1790756467889138886,18.417,map,"nav2_feedback of the target goal (map, AMCL-based estimate)",-3.0853,0.0370,-0.0472,,
1790756467899509908,18.417,map,"nav2_feedback of the target goal (map, AMCL-based estimate)",-3.0853,0.0370,-0.0472,,
1790756467909743621,18.417,map,"nav2_feedback of the target goal (map, AMCL-based estimate)",-3.0853,0.0370,-0.0472,,
1790756467919195960,18.417,map,"nav2_feedback of the target goal (map, AMCL-based estimate)",-3.0853,0.0370,-0.0472,,
1790756467929191403,18.433,map,"nav2_feedback of the target goal (map, AMCL-based estimate)",-3.0719,0.0363,-0.0496,,
1790756467939165092,18.433,map,"nav2_feedback of the target goal (map, AMCL-based estimate)",-3.0719,0.0363,-0.0496,,
1790756467949270047,18.433,map,"nav2_feedback of the target goal (map, AMCL-based estimate)",-3.0719,0.0363,-0.0496,,
1790756467959255729,18.433,map,"nav2_feedback of the target goal (map, AMCL-based estimate)",-3.0719,0.0363,-0.0496,,
1790756467969225606,18.433,map,"nav2_feedback of the target goal (map, AMCL-based estimate)",-3.0719,0.0363,-0.0496,,
1790756467979226069,18.450,map,"nav2_feedback of the target goal (map, AMCL-based estimate)",-3.0586,0.0356,-0.0521,,
1790756467990262351,18.450,map,"nav2_feedback of the target goal (map, AMCL-based estimate)",-3.0586,0.0356,-0.0521,,
1790756467999298299,18.450,map,"nav2_feedback of the target goal (map, AMCL-based estimate)",-3.0586,0.0356,-0.0521,,
1790756468009159685,18.450,map,"nav2_feedback of the target goal (map, AMCL-based estimate)",-3.0586,0.0356,-0.0521,,
1790756468018999597,18.450,map,"nav2_feedback of the target goal (map, AMCL-based estimate)",-3.0586,0.0356,-0.0521,,
1790756468029265476,18.467,map,"nav2_feedback of the target goal (map, AMCL-based estimate)",-3.0453,0.0349,-0.0546,,
1790756468039060113,18.467,map,"nav2_feedback of the target goal (map, AMCL-based estimate)",-3.0453,0.0349,-0.0546,,
1790756468049243067,18.467,map,"nav2_feedback of the target goal (map, AMCL-based estimate)",-3.0453,0.0349,-0.0546,,
1790756468059158653,18.483,map,"nav2_feedback of the target goal (map, AMCL-based estimate)",-3.0320,0.0341,-0.0571,,
1790756468069012509,18.483,map,"nav2_feedback of the target goal (map, AMCL-based estimate)",-3.0320,0.0341,-0.0571,,
1790756468078920843,18.483,map,"nav2_feedback of the target goal (map, AMCL-based estimate)",-3.0320,0.0341,-0.0571,,
1790756468089270948,18.483,map,"nav2_feedback of the target goal (map, AMCL-based estimate)",-3.0320,0.0341,-0.0571,,
1790756468099039277,18.483,map,"nav2_feedback of the target goal (map, AMCL-based estimate)",-3.0320,0.0341,-0.0571,,
1790756468109668464,18.500,map,"nav2_feedback of the target goal (map, AMCL-based estimate)",-3.0186,0.0333,-0.0596,,
1790756468118945750,18.500,map,"nav2_feedback of the target goal (map, AMCL-based estimate)",-3.0186,0.0333,-0.0596,,
1790756468129299574,18.500,map,"nav2_feedback of the target goal (map, AMCL-based estimate)",-3.0186,0.0333,-0.0596,,
1790756468139094304,18.500,map,"nav2_feedback of the target goal (map, AMCL-based estimate)",-3.0186,0.0333,-0.0596,,
1790756468149131953,18.517,map,"nav2_feedback of the target goal (map, AMCL-based estimate)",-3.0053,0.0325,-0.0621,,
1790756468159577999,18.517,map,"nav2_feedback of the target goal (map, AMCL-based estimate)",-3.0053,0.0325,-0.0621,,
1790756468168855563,18.517,map,"nav2_feedback of the target goal (map, AMCL-based estimate)",-3.0053,0.0325,-0.0621,,
1790756468178996682,18.517,map,"nav2_feedback of the target goal (map, AMCL-based estimate)",-3.0053,0.0325,-0.0621,,
1790756468189165691,18.517,map,"nav2_feedback of the target goal (map, AMCL-based estimate)",-3.0053,0.0325,-0.0621,,
1790756468200182172,18.517,map,"nav2_feedback of the target goal (map, AMCL-based estimate)",-3.0053,0.0325,-0.0621,,
1790756468209368630,18.533,map,"nav2_feedback of the target goal (map, AMCL-based estimate)",-2.9920,0.0316,-0.0646,,
1790756468219081923,18.533,map,"nav2_feedback of the target goal (map, AMCL-based estimate)",-2.9920,0.0316,-0.0646,,
1790756468229288490,18.533,map,"nav2_feedback of the target goal (map, AMCL-based estimate)",-2.9920,0.0316,-0.0646,,
1790756468239257066,18.533,map,"nav2_feedback of the target goal (map, AMCL-based estimate)",-2.9920,0.0316,-0.0646,,
1790756468249256599,18.550,map,"nav2_feedback of the target goal (map, AMCL-based estimate)",-2.9787,0.0307,-0.0671,,
1790756468259306798,18.550,map,"nav2_feedback of the target goal (map, AMCL-based estimate)",-2.9787,0.0307,-0.0671,,
1790756468271618378,18.550,map,"nav2_feedback of the target goal (map, AMCL-based estimate)",-2.9787,0.0307,-0.0671,,
1790756468279430252,18.550,map,"nav2_feedback of the target goal (map, AMCL-based estimate)",-2.9787,0.0307,-0.0671,,
1790756468289213362,18.550,map,"nav2_feedback of the target goal (map, AMCL-based estimate)",-2.9787,0.0307,-0.0671,,
1790756468299220239,18.567,map,"nav2_feedback of the target goal (map, AMCL-based estimate)",-2.9654,0.0298,-0.0696,,
1790756468309623707,18.567,map,"nav2_feedback of the target goal (map, AMCL-based estimate)",-2.9654,0.0298,-0.0696,,
1790756468319281964,18.567,map,"nav2_feedback of the target goal (map, AMCL-based estimate)",-2.9654,0.0298,-0.0696,,
1790756468330662311,18.567,map,"nav2_feedback of the target goal (map, AMCL-based estimate)",-2.9654,0.0298,-0.0696,,
1790756468339223764,18.567,map,"nav2_feedback of the target goal (map, AMCL-based estimate)",-2.9654,0.0298,-0.0696,,
1790756468348980379,18.583,map,"nav2_feedback of the target goal (map, AMCL-based estimate)",-2.9520,0.0288,-0.0722,,
1790756468359184157,18.583,map,"nav2_feedback of the target goal (map, AMCL-based estimate)",-2.9520,0.0288,-0.0722,,
1790756468369137393,18.583,map,"nav2_feedback of the target goal (map, AMCL-based estimate)",-2.9520,0.0288,-0.0722,,
1790756468379405038,18.583,map,"nav2_feedback of the target goal (map, AMCL-based estimate)",-2.9520,0.0288,-0.0722,,
1790756468389514456,18.600,map,"nav2_feedback of the target goal (map, AMCL-based estimate)",-2.9387,0.0278,-0.0749,,
1790756468399137201,18.600,map,"nav2_feedback of the target goal (map, AMCL-based estimate)",-2.9387,0.0278,-0.0749,,
1790756468409220868,18.600,map,"nav2_feedback of the target goal (map, AMCL-based estimate)",-2.9387,0.0278,-0.0749,,
1790756468419351203,18.600,map,"nav2_feedback of the target goal (map, AMCL-based estimate)",-2.9387,0.0278,-0.0749,,
1790756468429304346,18.617,map,"nav2_feedback of the target goal (map, AMCL-based estimate)",-2.9254,0.0268,-0.0777,,
1790756468439147233,18.617,map,"nav2_feedback of the target goal (map, AMCL-based estimate)",-2.9254,0.0268,-0.0777,,
1790756468449092382,18.617,map,"nav2_feedback of the target goal (map, AMCL-based estimate)",-2.9254,0.0268,-0.0777,,
1790756468459049894,18.617,map,"nav2_feedback of the target goal (map, AMCL-based estimate)",-2.9254,0.0268,-0.0777,,
1790756468469645521,18.617,map,"nav2_feedback of the target goal (map, AMCL-based estimate)",-2.9254,0.0268,-0.0777,,
1790756468478977005,18.633,map,"nav2_feedback of the target goal (map, AMCL-based estimate)",-2.9121,0.0257,-0.0807,,
1790756468489125004,18.633,map,"nav2_feedback of the target goal (map, AMCL-based estimate)",-2.9121,0.0257,-0.0807,,
1790756468498995594,18.633,map,"nav2_feedback of the target goal (map, AMCL-based estimate)",-2.9121,0.0257,-0.0807,,
1790756468509850873,18.633,map,"nav2_feedback of the target goal (map, AMCL-based estimate)",-2.9121,0.0257,-0.0807,,
1790756468519177616,18.650,map,"nav2_feedback of the target goal (map, AMCL-based estimate)",-2.8988,0.0246,-0.0837,,
1790756468528988988,18.650,map,"nav2_feedback of the target goal (map, AMCL-based estimate)",-2.8988,0.0246,-0.0837,,
1790756468539410304,18.650,map,"nav2_feedback of the target goal (map, AMCL-based estimate)",-2.8988,0.0246,-0.0837,,
1790756468549091896,18.650,map,"nav2_feedback of the target goal (map, AMCL-based estimate)",-2.8988,0.0246,-0.0837,,
1790756468559159480,18.650,map,"nav2_feedback of the target goal (map, AMCL-based estimate)",-2.8988,0.0246,-0.0837,,
1790756468569046153,18.667,map,"nav2_feedback of the target goal (map, AMCL-based estimate)",-2.8855,0.0235,-0.0867,,
1790756468579448319,18.667,map,"nav2_feedback of the target goal (map, AMCL-based estimate)",-2.8855,0.0235,-0.0867,,
1790756468588908932,18.667,map,"nav2_feedback of the target goal (map, AMCL-based estimate)",-2.8855,0.0235,-0.0867,,
1790756468598969637,18.667,map,"nav2_feedback of the target goal (map, AMCL-based estimate)",-2.8855,0.0235,-0.0867,,
1790756468609496934,18.683,map,"nav2_feedback of the target goal (map, AMCL-based estimate)",-2.8722,0.0223,-0.0899,,
1790756468619747101,18.683,map,"nav2_feedback of the target goal (map, AMCL-based estimate)",-2.8722,0.0223,-0.0899,,
1790756468629115865,18.683,map,"nav2_feedback of the target goal (map, AMCL-based estimate)",-2.8722,0.0223,-0.0899,,
1790756468639054413,18.683,map,"nav2_feedback of the target goal (map, AMCL-based estimate)",-2.8722,0.0223,-0.0899,,
1790756468649639627,18.683,map,"nav2_feedback of the target goal (map, AMCL-based estimate)",-2.8722,0.0223,-0.0899,,
1790756468659265719,18.700,map,"nav2_feedback of the target goal (map, AMCL-based estimate)",-2.8589,0.0210,-0.0931,,
1790756468669170706,18.700,map,"nav2_feedback of the target goal (map, AMCL-based estimate)",-2.8589,0.0210,-0.0931,,
1790756468679657099,18.700,map,"nav2_feedback of the target goal (map, AMCL-based estimate)",-2.8589,0.0210,-0.0931,,
1790756468689079038,18.700,map,"nav2_feedback of the target goal (map, AMCL-based estimate)",-2.8589,0.0210,-0.0931,,
1790756468698928247,18.717,map,"nav2_feedback of the target goal (map, AMCL-based estimate)",-2.8456,0.0197,-0.0963,,
1790756468709642590,18.717,map,"nav2_feedback of the target goal (map, AMCL-based estimate)",-2.8456,0.0197,-0.0963,,
1790756468718899702,18.717,map,"nav2_feedback of the target goal (map, AMCL-based estimate)",-2.8456,0.0197,-0.0963,,
1790756468730020490,18.717,map,"nav2_feedback of the target goal (map, AMCL-based estimate)",-2.8456,0.0197,-0.0963,,
1790756468739227494,18.717,map,"nav2_feedback of the target goal (map, AMCL-based estimate)",-2.8456,0.0197,-0.0963,,
1790756468749240135,18.717,map,"nav2_feedback of the target goal (map, AMCL-based estimate)",-2.8456,0.0197,-0.0963,,
1790756468759524979,18.733,map,"nav2_feedback of the target goal (map, AMCL-based estimate)",-2.8323,0.0184,-0.0997,,
1790756468769200900,18.733,map,"nav2_feedback of the target goal (map, AMCL-based estimate)",-2.8323,0.0184,-0.0997,,
1790756468779033281,18.733,map,"nav2_feedback of the target goal (map, AMCL-based estimate)",-2.8323,0.0184,-0.0997,,
1790756468789024261,18.733,map,"nav2_feedback of the target goal (map, AMCL-based estimate)",-2.8323,0.0184,-0.0997,,
1790756468799171238,18.750,map,"nav2_feedback of the target goal (map, AMCL-based estimate)",-2.8190,0.0170,-0.1030,,
1790756468809645451,18.750,map,"nav2_feedback of the target goal (map, AMCL-based estimate)",-2.8190,0.0170,-0.1030,,
1790756468819252206,18.750,map,"nav2_feedback of the target goal (map, AMCL-based estimate)",-2.8190,0.0170,-0.1030,,
1790756468829817805,18.750,map,"nav2_feedback of the target goal (map, AMCL-based estimate)",-2.8190,0.0170,-0.1030,,
1790756468839392394,18.750,map,"nav2_feedback of the target goal (map, AMCL-based estimate)",-2.8190,0.0170,-0.1030,,
1790756468850448385,18.767,map,"nav2_feedback of the target goal (map, AMCL-based estimate)",-2.8058,0.0156,-0.1065,,
1790756468859600818,18.767,map,"nav2_feedback of the target goal (map, AMCL-based estimate)",-2.8058,0.0156,-0.1065,,
1790756468869092946,18.767,map,"nav2_feedback of the target goal (map, AMCL-based estimate)",-2.8058,0.0156,-0.1065,,
1790756468878979527,18.767,map,"nav2_feedback of the target goal (map, AMCL-based estimate)",-2.8058,0.0156,-0.1065,,
1790756468889184327,18.767,map,"nav2_feedback of the target goal (map, AMCL-based estimate)",-2.8058,0.0156,-0.1065,,
1790756468899058636,18.767,map,"nav2_feedback of the target goal (map, AMCL-based estimate)",-2.8058,0.0156,-0.1065,,
1790756468909153273,18.783,map,"nav2_feedback of the target goal (map, AMCL-based estimate)",-2.7925,0.0142,-0.1099,,
1790756468921180844,18.783,map,"nav2_feedback of the target goal (map, AMCL-based estimate)",-2.7925,0.0142,-0.1099,,
1790756468929630738,18.783,map,"nav2_feedback of the target goal (map, AMCL-based estimate)",-2.7925,0.0142,-0.1099,,
1790756468939350446,18.783,map,"nav2_feedback of the target goal (map, AMCL-based estimate)",-2.7925,0.0142,-0.1099,,
1790756468949339567,18.800,map,"nav2_feedback of the target goal (map, AMCL-based estimate)",-2.7792,0.0126,-0.1135,,
1790756468959353231,18.800,map,"nav2_feedback of the target goal (map, AMCL-based estimate)",-2.7792,0.0126,-0.1135,,
1790756468969254035,18.800,map,"nav2_feedback of the target goal (map, AMCL-based estimate)",-2.7792,0.0126,-0.1135,,
1790756468979369031,18.800,map,"nav2_feedback of the target goal (map, AMCL-based estimate)",-2.7792,0.0126,-0.1135,,
1790756468989236274,18.817,map,"nav2_feedback of the target goal (map, AMCL-based estimate)",-2.7660,0.0111,-0.1171,,
1790756468999377208,18.817,map,"nav2_feedback of the target goal (map, AMCL-based estimate)",-2.7660,0.0111,-0.1171,,
1790756469009671255,18.817,map,"nav2_feedback of the target goal (map, AMCL-based estimate)",-2.7660,0.0111,-0.1171,,
1790756469019155667,18.817,map,"nav2_feedback of the target goal (map, AMCL-based estimate)",-2.7660,0.0111,-0.1171,,
1790756469029401280,18.817,map,"nav2_feedback of the target goal (map, AMCL-based estimate)",-2.7660,0.0111,-0.1171,,
1790756469039301433,18.833,map,"nav2_feedback of the target goal (map, AMCL-based estimate)",-2.7527,0.0095,-0.1207,,
1790756469049346054,18.833,map,"nav2_feedback of the target goal (map, AMCL-based estimate)",-2.7527,0.0095,-0.1207,,
1790756469059454729,18.833,map,"nav2_feedback of the target goal (map, AMCL-based estimate)",-2.7527,0.0095,-0.1207,,
1790756469069089931,18.833,map,"nav2_feedback of the target goal (map, AMCL-based estimate)",-2.7527,0.0095,-0.1207,,
1790756469079124512,18.850,map,"nav2_feedback of the target goal (map, AMCL-based estimate)",-2.7395,0.0078,-0.1244,,
1790756469089168668,18.850,map,"nav2_feedback of the target goal (map, AMCL-based estimate)",-2.7395,0.0078,-0.1244,,
1790756469098967303,18.850,map,"nav2_feedback of the target goal (map, AMCL-based estimate)",-2.7395,0.0078,-0.1244,,
1790756469109439565,18.850,map,"nav2_feedback of the target goal (map, AMCL-based estimate)",-2.7395,0.0078,-0.1244,,
1790756469119001789,18.850,map,"nav2_feedback of the target goal (map, AMCL-based estimate)",-2.7395,0.0078,-0.1244,,
1790756469128989516,18.850,map,"nav2_feedback of the target goal (map, AMCL-based estimate)",-2.7395,0.0078,-0.1244,,
1790756469139161314,18.867,map,"nav2_feedback of the target goal (map, AMCL-based estimate)",-2.7262,0.0061,-0.1281,,
1790756469149265061,18.867,map,"nav2_feedback of the target goal (map, AMCL-based estimate)",-2.7262,0.0061,-0.1281,,
1790756469159246652,18.867,map,"nav2_feedback of the target goal (map, AMCL-based estimate)",-2.7262,0.0061,-0.1281,,
1790756469169192079,18.883,map,"nav2_feedback of the target goal (map, AMCL-based estimate)",-2.7130,0.0044,-0.1318,,
1790756469179888666,18.883,map,"nav2_feedback of the target goal (map, AMCL-based estimate)",-2.7130,0.0044,-0.1318,,
1790756469189250271,18.883,map,"nav2_feedback of the target goal (map, AMCL-based estimate)",-2.7130,0.0044,-0.1318,,
1790756469199063688,18.883,map,"nav2_feedback of the target goal (map, AMCL-based estimate)",-2.7130,0.0044,-0.1318,,
1790756469209620548,18.883,map,"nav2_feedback of the target goal (map, AMCL-based estimate)",-2.7130,0.0044,-0.1318,,
1790756469219281130,18.900,map,"nav2_feedback of the target goal (map, AMCL-based estimate)",-2.6997,0.0026,-0.1357,,
1790756469229122529,18.900,map,"nav2_feedback of the target goal (map, AMCL-based estimate)",-2.6997,0.0026,-0.1357,,
1790756469239305111,18.900,map,"nav2_feedback of the target goal (map, AMCL-based estimate)",-2.6997,0.0026,-0.1357,,
1790756469249486484,18.900,map,"nav2_feedback of the target goal (map, AMCL-based estimate)",-2.6997,0.0026,-0.1357,,
1790756469259552022,18.917,map,"nav2_feedback of the target goal (map, AMCL-based estimate)",-2.6865,0.0007,-0.1395,,
1790756469269292461,18.917,map,"nav2_feedback of the target goal (map, AMCL-based estimate)",-2.6865,0.0007,-0.1395,,
1790756469279113036,18.917,map,"nav2_feedback of the target goal (map, AMCL-based estimate)",-2.6865,0.0007,-0.1395,,
1790756469289286414,18.917,map,"nav2_feedback of the target goal (map, AMCL-based estimate)",-2.6865,0.0007,-0.1395,,
1790756469299430787,18.917,map,"nav2_feedback of the target goal (map, AMCL-based estimate)",-2.6865,0.0007,-0.1395,,
1790756469309662176,18.917,map,"nav2_feedback of the target goal (map, AMCL-based estimate)",-2.6865,0.0007,-0.1395,,
1790756469319272463,18.933,map,"nav2_feedback of the target goal (map, AMCL-based estimate)",-2.6733,-0.0012,-0.1434,,
1790756469329509151,18.933,map,"nav2_feedback of the target goal (map, AMCL-based estimate)",-2.6733,-0.0012,-0.1434,,
1790756469339095267,18.933,map,"nav2_feedback of the target goal (map, AMCL-based estimate)",-2.6733,-0.0012,-0.1434,,
1790756469349177819,18.933,map,"nav2_feedback of the target goal (map, AMCL-based estimate)",-2.6733,-0.0012,-0.1434,,
1790756469359657889,18.950,map,"nav2_feedback of the target goal (map, AMCL-based estimate)",-2.6601,-0.0032,-0.1473,,
1790756469369020145,18.950,map,"nav2_feedback of the target goal (map, AMCL-based estimate)",-2.6601,-0.0032,-0.1473,,
1790756469379391819,18.950,map,"nav2_feedback of the target goal (map, AMCL-based estimate)",-2.6601,-0.0032,-0.1473,,
1790756469389114780,18.950,map,"nav2_feedback of the target goal (map, AMCL-based estimate)",-2.6601,-0.0032,-0.1473,,
1790756469399117474,18.950,map,"nav2_feedback of the target goal (map, AMCL-based estimate)",-2.6601,-0.0032,-0.1473,,
1790756469409480780,18.967,map,"nav2_feedback of the target goal (map, AMCL-based estimate)",-2.6469,-0.0052,-0.1512,,
1790756469419242601,18.967,map,"nav2_feedback of the target goal (map, AMCL-based estimate)",-2.6469,-0.0052,-0.1512,,
1790756469429379816,18.967,map,"nav2_feedback of the target goal (map, AMCL-based estimate)",-2.6469,-0.0052,-0.1512,,
1790756469439094968,18.967,map,"nav2_feedback of the target goal (map, AMCL-based estimate)",-2.6469,-0.0052,-0.1512,,
1790756469449516099,18.983,map,"nav2_feedback of the target goal (map, AMCL-based estimate)",-2.6337,-0.0072,-0.1552,,
1790756469459717088,18.983,map,"nav2_feedback of the target goal (map, AMCL-based estimate)",-2.6337,-0.0072,-0.1552,,
1790756469469012595,18.983,map,"nav2_feedback of the target goal (map, AMCL-based estimate)",-2.6337,-0.0072,-0.1552,,
1790756469479223903,18.983,map,"nav2_feedback of the target goal (map, AMCL-based estimate)",-2.6337,-0.0072,-0.1552,,
1790756469488952070,18.983,map,"nav2_feedback of the target goal (map, AMCL-based estimate)",-2.6337,-0.0072,-0.1552,,
1790756469498918415,18.983,map,"nav2_feedback of the target goal (map, AMCL-based estimate)",-2.6337,-0.0072,-0.1552,,
1790756469509371526,19.000,map,"nav2_feedback of the target goal (map, AMCL-based estimate)",-2.6206,-0.0094,-0.1592,,
1790756469519300591,19.000,map,"nav2_feedback of the target goal (map, AMCL-based estimate)",-2.6206,-0.0094,-0.1592,,
1790756469529191355,19.000,map,"nav2_feedback of the target goal (map, AMCL-based estimate)",-2.6206,-0.0094,-0.1592,,
1790756469539121071,19.000,map,"nav2_feedback of the target goal (map, AMCL-based estimate)",-2.6206,-0.0094,-0.1592,,
1790756469549206969,19.017,map,"nav2_feedback of the target goal (map, AMCL-based estimate)",-2.6074,-0.0115,-0.1633,,
1790756469559249359,19.017,map,"nav2_feedback of the target goal (map, AMCL-based estimate)",-2.6074,-0.0115,-0.1633,,
1790756469569279199,19.017,map,"nav2_feedback of the target goal (map, AMCL-based estimate)",-2.6074,-0.0115,-0.1633,,
1790756469579436773,19.017,map,"nav2_feedback of the target goal (map, AMCL-based estimate)",-2.6074,-0.0115,-0.1633,,
1790756469589788645,19.017,map,"nav2_feedback of the target goal (map, AMCL-based estimate)",-2.6074,-0.0115,-0.1633,,
1790756469599213652,19.017,map,"nav2_feedback of the target goal (map, AMCL-based estimate)",-2.6074,-0.0115,-0.1633,,
1790756469609384985,19.033,map,"nav2_feedback of the target goal (map, AMCL-based estimate)",-2.5942,-0.0137,-0.1673,,
1790756469619193475,19.033,map,"nav2_feedback of the target goal (map, AMCL-based estimate)",-2.5942,-0.0137,-0.1673,,
1790756469629386747,19.033,map,"nav2_feedback of the target goal (map, AMCL-based estimate)",-2.5942,-0.0137,-0.1673,,
1790756469639018789,19.033,map,"nav2_feedback of the target goal (map, AMCL-based estimate)",-2.5942,-0.0137,-0.1673,,
1790756469649133506,19.050,map,"nav2_feedback of the target goal (map, AMCL-based estimate)",-2.5811,-0.0160,-0.1714,,
1790756469659542365,19.050,map,"nav2_feedback of the target goal (map, AMCL-based estimate)",-2.5811,-0.0160,-0.1714,,
1790756469669186678,19.050,map,"nav2_feedback of the target goal (map, AMCL-based estimate)",-2.5811,-0.0160,-0.1714,,
1790756469679127643,19.050,map,"nav2_feedback of the target goal (map, AMCL-based estimate)",-2.5811,-0.0160,-0.1714,,
1790756469689411836,19.050,map,"nav2_feedback of the target goal (map, AMCL-based estimate)",-2.5811,-0.0160,-0.1714,,
1790756469699053267,19.050,map,"nav2_feedback of the target goal (map, AMCL-based estimate)",-2.5811,-0.0160,-0.1714,,
1790756469709540310,19.067,map,"nav2_feedback of the target goal (map, AMCL-based estimate)",-2.5679,-0.0184,-0.1755,,
1790756469719482204,19.067,map,"nav2_feedback of the target goal (map, AMCL-based estimate)",-2.5679,-0.0184,-0.1755,,
1790756469729585394,19.067,map,"nav2_feedback of the target goal (map, AMCL-based estimate)",-2.5679,-0.0184,-0.1755,,
1790756469739044427,19.067,map,"nav2_feedback of the target goal (map, AMCL-based estimate)",-2.5679,-0.0184,-0.1755,,
1790756469749311793,19.083,map,"nav2_feedback of the target goal (map, AMCL-based estimate)",-2.5548,-0.0207,-0.1796,,
1790756469759481174,19.083,map,"nav2_feedback of the target goal (map, AMCL-based estimate)",-2.5548,-0.0207,-0.1796,,
1790756469769187494,19.083,map,"nav2_feedback of the target goal (map, AMCL-based estimate)",-2.5548,-0.0207,-0.1796,,
1790756469779140824,19.083,map,"nav2_feedback of the target goal (map, AMCL-based estimate)",-2.5548,-0.0207,-0.1796,,
1790756469789232020,19.083,map,"nav2_feedback of the target goal (map, AMCL-based estimate)",-2.5548,-0.0207,-0.1796,,
1790756469799056314,19.100,map,"nav2_feedback of the target goal (map, AMCL-based estimate)",-2.5417,-0.0232,-0.1837,,
1790756469809529877,19.100,map,"nav2_feedback of the target goal (map, AMCL-based estimate)",-2.5417,-0.0232,-0.1837,,
1790756469819093868,19.100,map,"nav2_feedback of the target goal (map, AMCL-based estimate)",-2.5417,-0.0232,-0.1837,,
1790756469829076388,19.100,map,"nav2_feedback of the target goal (map, AMCL-based estimate)",-2.5417,-0.0232,-0.1837,,
1790756469838977192,19.117,map,"nav2_feedback of the target goal (map, AMCL-based estimate)",-2.5286,-0.0257,-0.1878,,
1790756469849315677,19.117,map,"nav2_feedback of the target goal (map, AMCL-based estimate)",-2.5286,-0.0257,-0.1878,,
1790756469859925248,19.117,map,"nav2_feedback of the target goal (map, AMCL-based estimate)",-2.5286,-0.0257,-0.1878,,
1790756469868980254,19.117,map,"nav2_feedback of the target goal (map, AMCL-based estimate)",-2.5286,-0.0257,-0.1878,,
1790756469879567142,19.117,map,"nav2_feedback of the target goal (map, AMCL-based estimate)",-2.5286,-0.0257,-0.1878,,
1790756469889035285,19.117,map,"nav2_feedback of the target goal (map, AMCL-based estimate)",-2.5286,-0.0257,-0.1878,,
1790756469899092271,19.133,map,"nav2_feedback of the target goal (map, AMCL-based estimate)",-2.5155,-0.0282,-0.1919,,
1790756469911790215,19.133,map,"nav2_feedback of the target goal (map, AMCL-based estimate)",-2.5155,-0.0282,-0.1919,,
1790756469918986844,19.133,map,"nav2_feedback of the target goal (map, AMCL-based estimate)",-2.5155,-0.0282,-0.1919,,
1790756469929384734,19.133,map,"nav2_feedback of the target goal (map, AMCL-based estimate)",-2.5155,-0.0282,-0.1919,,
1790756469938994278,19.150,map,"nav2_feedback of the target goal (map, AMCL-based estimate)",-2.5024,-0.0308,-0.1961,,
1790756469949188759,19.150,map,"nav2_feedback of the target goal (map, AMCL-based estimate)",-2.5024,-0.0308,-0.1961,,
1790756469959527429,19.150,map,"nav2_feedback of the target goal (map, AMCL-based estimate)",-2.5024,-0.0308,-0.1961,,
1790756469969263406,19.150,map,"nav2_feedback of the target goal (map, AMCL-based estimate)",-2.5024,-0.0308,-0.1961,,
1790756469979242766,19.167,map,"nav2_feedback of the target goal (map, AMCL-based estimate)",-2.4893,-0.0335,-0.2003,,
1790756469989205391,19.167,map,"nav2_feedback of the target goal (map, AMCL-based estimate)",-2.4893,-0.0335,-0.2003,,
1790756469999202600,19.167,map,"nav2_feedback of the target goal (map, AMCL-based estimate)",-2.4893,-0.0335,-0.2003,,
1790756470009755556,19.167,map,"nav2_feedback of the target goal (map, AMCL-based estimate)",-2.4893,-0.0335,-0.2003,,
1790756470019017502,19.167,map,"nav2_feedback of the target goal (map, AMCL-based estimate)",-2.4893,-0.0335,-0.2003,,
1790756470029158157,19.183,map,"nav2_feedback of the target goal (map, AMCL-based estimate)",-2.4763,-0.0362,-0.2045,,
1790756470039095589,19.183,map,"nav2_feedback of the target goal (map, AMCL-based estimate)",-2.4763,-0.0362,-0.2045,,
1790756470049016567,19.183,map,"nav2_feedback of the target goal (map, AMCL-based estimate)",-2.4763,-0.0362,-0.2045,,
1790756470060036022,19.183,map,"nav2_feedback of the target goal (map, AMCL-based estimate)",-2.4763,-0.0362,-0.2045,,
1790756470069148294,19.183,map,"nav2_feedback of the target goal (map, AMCL-based estimate)",-2.4763,-0.0362,-0.2045,,
1790756470079382286,19.183,map,"nav2_feedback of the target goal (map, AMCL-based estimate)",-2.4763,-0.0362,-0.2045,,
1790756470088989877,19.200,map,"nav2_feedback of the target goal (map, AMCL-based estimate)",-2.4632,-0.0389,-0.2087,,
1790756470099121328,19.200,map,"nav2_feedback of the target goal (map, AMCL-based estimate)",-2.4632,-0.0389,-0.2087,,
1790756470109575927,19.200,map,"nav2_feedback of the target goal (map, AMCL-based estimate)",-2.4632,-0.0389,-0.2087,,
1790756470119147726,19.200,map,"nav2_feedback of the target goal (map, AMCL-based estimate)",-2.4632,-0.0389,-0.2087,,
1790756470129272391,19.217,map,"nav2_feedback of the target goal (map, AMCL-based estimate)",-2.4502,-0.0418,-0.2130,,
1790756470139245057,19.217,map,"nav2_feedback of the target goal (map, AMCL-based estimate)",-2.4502,-0.0418,-0.2130,,
1790756470149223580,19.217,map,"nav2_feedback of the target goal (map, AMCL-based estimate)",-2.4502,-0.0418,-0.2130,,
1790756470159327699,19.217,map,"nav2_feedback of the target goal (map, AMCL-based estimate)",-2.4502,-0.0418,-0.2130,,
1790756470169312730,19.217,map,"nav2_feedback of the target goal (map, AMCL-based estimate)",-2.4502,-0.0418,-0.2130,,
1790756470178992834,19.233,map,"nav2_feedback of the target goal (map, AMCL-based estimate)",-2.4372,-0.0446,-0.2172,,
1790756470189141576,19.233,map,"nav2_feedback of the target goal (map, AMCL-based estimate)",-2.4372,-0.0446,-0.2172,,
1790756470199305658,19.233,map,"nav2_feedback of the target goal (map, AMCL-based estimate)",-2.4372,-0.0446,-0.2172,,
1790756470209548203,19.233,map,"nav2_feedback of the target goal (map, AMCL-based estimate)",-2.4372,-0.0446,-0.2172,,
1790756470219231189,19.250,map,"nav2_feedback of the target goal (map, AMCL-based estimate)",-2.4242,-0.0476,-0.2215,,
1790756470229393411,19.250,map,"nav2_feedback of the target goal (map, AMCL-based estimate)",-2.4242,-0.0476,-0.2215,,
1790756470239286778,19.250,map,"nav2_feedback of the target goal (map, AMCL-based estimate)",-2.4242,-0.0476,-0.2215,,
1790756470249140077,19.250,map,"nav2_feedback of the target goal (map, AMCL-based estimate)",-2.4242,-0.0476,-0.2215,,
1790756470259548471,19.250,map,"nav2_feedback of the target goal (map, AMCL-based estimate)",-2.4242,-0.0476,-0.2215,,
1790756470269115065,19.267,map,"nav2_feedback of the target goal (map, AMCL-based estimate)",-2.4112,-0.0506,-0.2257,,
1790756470279143138,19.267,map,"nav2_feedback of the target goal (map, AMCL-based estimate)",-2.4112,-0.0506,-0.2257,,
1790756470289075086,19.267,map,"nav2_feedback of the target goal (map, AMCL-based estimate)",-2.4112,-0.0506,-0.2257,,
1790756470299393862,19.267,map,"nav2_feedback of the target goal (map, AMCL-based estimate)",-2.4112,-0.0506,-0.2257,,
1790756470309346076,19.267,map,"nav2_feedback of the target goal (map, AMCL-based estimate)",-2.4112,-0.0506,-0.2257,,
1790756470319155866,19.283,map,"nav2_feedback of the target goal (map, AMCL-based estimate)",-2.3982,-0.0536,-0.2300,,
1790756470329108359,19.283,map,"nav2_feedback of the target goal (map, AMCL-based estimate)",-2.3982,-0.0536,-0.2300,,
1790756470339157815,19.283,map,"nav2_feedback of the target goal (map, AMCL-based estimate)",-2.3982,-0.0536,-0.2300,,
1790756470349476777,19.283,map,"nav2_feedback of the target goal (map, AMCL-based estimate)",-2.3982,-0.0536,-0.2300,,
1790756470359305904,19.300,map,"nav2_feedback of the target goal (map, AMCL-based estimate)",-2.3852,-0.0567,-0.2343,,
1790756470369388177,19.300,map,"nav2_feedback of the target goal (map, AMCL-based estimate)",-2.3852,-0.0567,-0.2343,,
1790756470378968529,19.300,map,"nav2_feedback of the target goal (map, AMCL-based estimate)",-2.3852,-0.0567,-0.2343,,
1790756470389501125,19.300,map,"nav2_feedback of the target goal (map, AMCL-based estimate)",-2.3852,-0.0567,-0.2343,,
1790756470399083337,19.317,map,"nav2_feedback of the target goal (map, AMCL-based estimate)",-2.3723,-0.0599,-0.2385,,
1790756470409426098,19.317,map,"nav2_feedback of the target goal (map, AMCL-based estimate)",-2.3723,-0.0599,-0.2385,,
1790756470419100625,19.317,map,"nav2_feedback of the target goal (map, AMCL-based estimate)",-2.3723,-0.0599,-0.2385,,
1790756470429612583,19.317,map,"nav2_feedback of the target goal (map, AMCL-based estimate)",-2.3723,-0.0599,-0.2385,,
1790756470441060794,19.317,map,"nav2_feedback of the target goal (map, AMCL-based estimate)",-2.3723,-0.0599,-0.2385,,
1790756470449673564,19.317,map,"nav2_feedback of the target goal (map, AMCL-based estimate)",-2.3723,-0.0599,-0.2385,,
1790756470459354133,19.333,map,"nav2_feedback of the target goal (map, AMCL-based estimate)",-2.3593,-0.0631,-0.2425,,
1790756470469209291,19.333,map,"nav2_feedback of the target goal (map, AMCL-based estimate)",-2.3593,-0.0631,-0.2425,,
1790756470479243500,19.333,map,"nav2_feedback of the target goal (map, AMCL-based estimate)",-2.3593,-0.0631,-0.2425,,
1790756470488995188,19.333,map,"nav2_feedback of the target goal (map, AMCL-based estimate)",-2.3593,-0.0631,-0.2425,,
1790756470499137423,19.350,map,"nav2_feedback of the target goal (map, AMCL-based estimate)",-2.3464,-0.0663,-0.2465,,
1790756470512142803,19.350,map,"nav2_feedback of the target goal (map, AMCL-based estimate)",-2.3464,-0.0663,-0.2465,,
1790756470519312565,19.350,map,"nav2_feedback of the target goal (map, AMCL-based estimate)",-2.3464,-0.0663,-0.2465,,
1790756470529162796,19.350,map,"nav2_feedback of the target goal (map, AMCL-based estimate)",-2.3464,-0.0663,-0.2465,,
1790756470539471718,19.350,map,"nav2_feedback of the target goal (map, AMCL-based estimate)",-2.3464,-0.0663,-0.2465,,
1790756470549109244,19.367,map,"nav2_feedback of the target goal (map, AMCL-based estimate)",-2.3335,-0.0696,-0.2504,,
1790756470559426718,19.367,map,"nav2_feedback of the target goal (map, AMCL-based estimate)",-2.3335,-0.0696,-0.2504,,
1790756470569290243,19.367,map,"nav2_feedback of the target goal (map, AMCL-based estimate)",-2.3335,-0.0696,-0.2504,,
1790756470579138894,19.367,map,"nav2_feedback of the target goal (map, AMCL-based estimate)",-2.3335,-0.0696,-0.2504,,
1790756470589407747,19.367,map,"nav2_feedback of the target goal (map, AMCL-based estimate)",-2.3335,-0.0696,-0.2504,,
1790756470599189649,19.383,map,"nav2_feedback of the target goal (map, AMCL-based estimate)",-2.3206,-0.0730,-0.2546,,
1790756470609396680,19.383,map,"nav2_feedback of the target goal (map, AMCL-based estimate)",-2.3206,-0.0730,-0.2546,,
1790756470619219300,19.383,map,"nav2_feedback of the target goal (map, AMCL-based estimate)",-2.3206,-0.0730,-0.2546,,
1790756470629097793,19.383,map,"nav2_feedback of the target goal (map, AMCL-based estimate)",-2.3206,-0.0730,-0.2546,,
1790756470639195776,19.400,map,"nav2_feedback of the target goal (map, AMCL-based estimate)",-2.3077,-0.0764,-0.2586,,
1790756470649614769,19.400,map,"nav2_feedback of the target goal (map, AMCL-based estimate)",-2.3077,-0.0764,-0.2586,,
1790756470659526357,19.400,map,"nav2_feedback of the target goal (map, AMCL-based estimate)",-2.3077,-0.0764,-0.2586,,
1790756470669198931,19.400,map,"nav2_feedback of the target goal (map, AMCL-based estimate)",-2.3077,-0.0764,-0.2586,,
1790756470679206366,19.400,map,"nav2_feedback of the target goal (map, AMCL-based estimate)",-2.3077,-0.0764,-0.2586,,
1790756470689011416,19.417,map,"nav2_feedback of the target goal (map, AMCL-based estimate)",-2.2743,-0.0776,-0.2658,,
1790756470699148816,19.417,map,"nav2_feedback of the target goal (map, AMCL-based estimate)",-2.2743,-0.0776,-0.2658,,
1790756470711688905,19.417,map,"nav2_feedback of the target goal (map, AMCL-based estimate)",-2.2743,-0.0776,-0.2658,,
1790756470719326841,19.417,map,"nav2_feedback of the target goal (map, AMCL-based estimate)",-2.2743,-0.0776,-0.2658,,
1790756470729265854,19.417,map,"nav2_feedback of the target goal (map, AMCL-based estimate)",-2.2743,-0.0776,-0.2658,,
1790756470739322839,19.433,map,"nav2_feedback of the target goal (map, AMCL-based estimate)",-2.2410,-0.0789,-0.2729,,
1790756470749306475,19.433,map,"nav2_feedback of the target goal (map, AMCL-based estimate)",-2.2410,-0.0789,-0.2729,,
1790756470759303684,19.433,map,"nav2_feedback of the target goal (map, AMCL-based estimate)",-2.2410,-0.0789,-0.2729,,
1790756470769051839,19.433,map,"nav2_feedback of the target goal (map, AMCL-based estimate)",-2.2410,-0.0789,-0.2729,,
1790756470778936003,19.450,map,"nav2_feedback of the target goal (map, AMCL-based estimate)",-2.2077,-0.0804,-0.2800,,
1790756470789178268,19.450,map,"nav2_feedback of the target goal (map, AMCL-based estimate)",-2.2077,-0.0804,-0.2800,,
1790756470799011858,19.450,map,"nav2_feedback of the target goal (map, AMCL-based estimate)",-2.2077,-0.0804,-0.2800,,
1790756470809441635,19.450,map,"nav2_feedback of the target goal (map, AMCL-based estimate)",-2.2077,-0.0804,-0.2800,,
1790756470819246127,19.450,map,"nav2_feedback of the target goal (map, AMCL-based estimate)",-2.2077,-0.0804,-0.2800,,
1790756470829501407,19.467,map,"nav2_feedback of the target goal (map, AMCL-based estimate)",-2.1746,-0.0820,-0.2870,,
1790756470839198617,19.467,map,"nav2_feedback of the target goal (map, AMCL-based estimate)",-2.1746,-0.0820,-0.2870,,
1790756470849192015,19.467,map,"nav2_feedback of the target goal (map, AMCL-based estimate)",-2.1746,-0.0820,-0.2870,,
1790756470859338712,19.467,map,"nav2_feedback of the target goal (map, AMCL-based estimate)",-2.1746,-0.0820,-0.2870,,
1790756470869031552,19.483,map,"nav2_feedback of the target goal (map, AMCL-based estimate)",-2.1415,-0.0838,-0.2940,,
1790756470878870256,19.483,map,"nav2_feedback of the target goal (map, AMCL-based estimate)",-2.1415,-0.0838,-0.2940,,
1790756470889432508,19.483,map,"nav2_feedback of the target goal (map, AMCL-based estimate)",-2.1415,-0.0838,-0.2940,,
1790756470899222497,19.483,map,"nav2_feedback of the target goal (map, AMCL-based estimate)",-2.1415,-0.0838,-0.2940,,
1790756470910061321,19.483,map,"nav2_feedback of the target goal (map, AMCL-based estimate)",-2.1415,-0.0838,-0.2940,,
1790756470918901391,19.500,map,"nav2_feedback of the target goal (map, AMCL-based estimate)",-2.1085,-0.0857,-0.3009,,
1790756470929402472,19.500,map,"nav2_feedback of the target goal (map, AMCL-based estimate)",-2.1085,-0.0857,-0.3009,,
1790756470939099682,19.500,map,"nav2_feedback of the target goal (map, AMCL-based estimate)",-2.1085,-0.0857,-0.3009,,
1790756470949019451,19.500,map,"nav2_feedback of the target goal (map, AMCL-based estimate)",-2.1085,-0.0857,-0.3009,,
1790756470959196640,19.517,map,"nav2_feedback of the target goal (map, AMCL-based estimate)",-2.0958,-0.0897,-0.3045,,
1790756470969236520,19.517,map,"nav2_feedback of the target goal (map, AMCL-based estimate)",-2.0958,-0.0897,-0.3045,,
1790756470978908072,19.517,map,"nav2_feedback of the target goal (map, AMCL-based estimate)",-2.0958,-0.0897,-0.3045,,
1790756470989431744,19.517,map,"nav2_feedback of the target goal (map, AMCL-based estimate)",-2.0958,-0.0897,-0.3045,,
1790756470999239024,19.517,map,"nav2_feedback of the target goal (map, AMCL-based estimate)",-2.0958,-0.0897,-0.3045,,
1790756471009412310,19.517,map,"nav2_feedback of the target goal (map, AMCL-based estimate)",-2.0958,-0.0897,-0.3045,,
1790756471019200068,19.517,map,"nav2_feedback of the target goal (map, AMCL-based estimate)",-2.0958,-0.0897,-0.3045,,
1790756471029346858,19.533,map,"nav2_feedback of the target goal (map, AMCL-based estimate)",-2.0831,-0.0938,-0.3080,,
1790756471039128388,19.533,map,"nav2_feedback of the target goal (map, AMCL-based estimate)",-2.0831,-0.0938,-0.3080,,
1790756471049393987,19.533,map,"nav2_feedback of the target goal (map, AMCL-based estimate)",-2.0831,-0.0938,-0.3080,,
1790756471059326957,19.550,map,"nav2_feedback of the target goal (map, AMCL-based estimate)",-2.0704,-0.0979,-0.3115,,
1790756471069134610,19.550,map,"nav2_feedback of the target goal (map, AMCL-based estimate)",-2.0704,-0.0979,-0.3115,,
1790756471079253883,19.550,map,"nav2_feedback of the target goal (map, AMCL-based estimate)",-2.0704,-0.0979,-0.3115,,
1790756471089589671,19.550,map,"nav2_feedback of the target goal (map, AMCL-based estimate)",-2.0704,-0.0979,-0.3115,,
1790756471099334107,19.550,map,"nav2_feedback of the target goal (map, AMCL-based estimate)",-2.0704,-0.0979,-0.3115,,
1790756471109674916,19.550,map,"nav2_feedback of the target goal (map, AMCL-based estimate)",-2.0704,-0.0979,-0.3115,,
1790756471119532119,19.567,map,"nav2_feedback of the target goal (map, AMCL-based estimate)",-2.0579,-0.1019,-0.3150,,
1790756471129726880,19.567,map,"nav2_feedback of the target goal (map, AMCL-based estimate)",-2.0579,-0.1019,-0.3150,,
1790756471139136269,19.567,map,"nav2_feedback of the target goal (map, AMCL-based estimate)",-2.0579,-0.1019,-0.3150,,
1790756471149431804,19.567,map,"nav2_feedback of the target goal (map, AMCL-based estimate)",-2.0579,-0.1019,-0.3150,,
1790756471159575991,19.583,map,"nav2_feedback of the target goal (map, AMCL-based estimate)",-2.0454,-0.1060,-0.3185,,
1790756471169226532,19.583,map,"nav2_feedback of the target goal (map, AMCL-based estimate)",-2.0454,-0.1060,-0.3185,,
1790756471179382340,19.583,map,"nav2_feedback of the target goal (map, AMCL-based estimate)",-2.0454,-0.1060,-0.3185,,
1790756471189046733,19.583,map,"nav2_feedback of the target goal (map, AMCL-based estimate)",-2.0454,-0.1060,-0.3185,,
1790756471199397118,19.583,map,"nav2_feedback of the target goal (map, AMCL-based estimate)",-2.0454,-0.1060,-0.3185,,
1790756471209605637,19.583,map,"nav2_feedback of the target goal (map, AMCL-based estimate)",-2.0454,-0.1060,-0.3185,,
1790756471219144713,19.600,map,"nav2_feedback of the target goal (map, AMCL-based estimate)",-2.0328,-0.1102,-0.3221,,
1790756471229249668,19.600,map,"nav2_feedback of the target goal (map, AMCL-based estimate)",-2.0328,-0.1102,-0.3221,,
1790756471239160141,19.600,map,"nav2_feedback of the target goal (map, AMCL-based estimate)",-2.0328,-0.1102,-0.3221,,
1790756471249196023,19.600,map,"nav2_feedback of the target goal (map, AMCL-based estimate)",-2.0328,-0.1102,-0.3221,,
1790756471259367635,19.617,map,"nav2_feedback of the target goal (map, AMCL-based estimate)",-2.0202,-0.1145,-0.3259,,
1790756471269212381,19.617,map,"nav2_feedback of the target goal (map, AMCL-based estimate)",-2.0202,-0.1145,-0.3259,,
1790756471279109188,19.617,map,"nav2_feedback of the target goal (map, AMCL-based estimate)",-2.0202,-0.1145,-0.3259,,
1790756471289222231,19.617,map,"nav2_feedback of the target goal (map, AMCL-based estimate)",-2.0202,-0.1145,-0.3259,,
1790756471299254209,19.617,map,"nav2_feedback of the target goal (map, AMCL-based estimate)",-2.0202,-0.1145,-0.3259,,
1790756471309397653,19.633,map,"nav2_feedback of the target goal (map, AMCL-based estimate)",-2.0076,-0.1188,-0.3295,,
1790756471319177044,19.633,map,"nav2_feedback of the target goal (map, AMCL-based estimate)",-2.0076,-0.1188,-0.3295,,
1790756471329309146,19.633,map,"nav2_feedback of the target goal (map, AMCL-based estimate)",-2.0076,-0.1188,-0.3295,,
1790756471339078962,19.650,map,"nav2_feedback of the target goal (map, AMCL-based estimate)",-1.9950,-0.1232,-0.3331,,
1790756471349039914,19.650,map,"nav2_feedback of the target goal (map, AMCL-based estimate)",-1.9950,-0.1232,-0.3331,,
1790756471359587664,19.650,map,"nav2_feedback of the target goal (map, AMCL-based estimate)",-1.9950,-0.1232,-0.3331,,
1790756471369207341,19.650,map,"nav2_feedback of the target goal (map, AMCL-based estimate)",-1.9950,-0.1232,-0.3331,,
1790756471379105728,19.650,map,"nav2_feedback of the target goal (map, AMCL-based estimate)",-1.9950,-0.1232,-0.3331,,
1790756471389286636,19.650,map,"nav2_feedback of the target goal (map, AMCL-based estimate)",-1.9950,-0.1232,-0.3331,,
1790756471399320938,19.667,map,"nav2_feedback of the target goal (map, AMCL-based estimate)",-1.9824,-0.1276,-0.3365,,
1790756471409652078,19.667,map,"nav2_feedback of the target goal (map, AMCL-based estimate)",-1.9824,-0.1276,-0.3365,,
1790756471419192177,19.667,map,"nav2_feedback of the target goal (map, AMCL-based estimate)",-1.9824,-0.1276,-0.3365,,
1790756471429215602,19.667,map,"nav2_feedback of the target goal (map, AMCL-based estimate)",-1.9824,-0.1276,-0.3365,,
1790756471439085356,19.683,map,"nav2_feedback of the target goal (map, AMCL-based estimate)",-1.9698,-0.1320,-0.3399,,
1790756471449143922,19.683,map,"nav2_feedback of the target goal (map, AMCL-based estimate)",-1.9698,-0.1320,-0.3399,,
1790756471459256780,19.683,map,"nav2_feedback of the target goal (map, AMCL-based estimate)",-1.9698,-0.1320,-0.3399,,
1790756471468995638,19.683,map,"nav2_feedback of the target goal (map, AMCL-based estimate)",-1.9698,-0.1320,-0.3399,,
1790756471479019528,19.683,map,"nav2_feedback of the target goal (map, AMCL-based estimate)",-1.9698,-0.1320,-0.3399,,
1790756471489291915,19.700,map,"nav2_feedback of the target goal (map, AMCL-based estimate)",-1.9573,-0.1365,-0.3433,,
1790756471499486303,19.700,map,"nav2_feedback of the target goal (map, AMCL-based estimate)",-1.9573,-0.1365,-0.3433,,
1790756471509750880,19.700,map,"nav2_feedback of the target goal (map, AMCL-based estimate)",-1.9573,-0.1365,-0.3433,,
1790756471518977686,19.700,map,"nav2_feedback of the target goal (map, AMCL-based estimate)",-1.9573,-0.1365,-0.3433,,
1790756471529150413,19.717,map,"nav2_feedback of the target goal (map, AMCL-based estimate)",-1.9447,-0.1411,-0.3466,,
1790756471539038388,19.717,map,"nav2_feedback of the target goal (map, AMCL-based estimate)",-1.9447,-0.1411,-0.3466,,
1790756471549274797,19.717,map,"nav2_feedback of the target goal (map, AMCL-based estimate)",-1.9447,-0.1411,-0.3466,,
1790756471559762584,19.717,map,"nav2_feedback of the target goal (map, AMCL-based estimate)",-1.9447,-0.1411,-0.3466,,
1790756471569338288,19.717,map,"nav2_feedback of the target goal (map, AMCL-based estimate)",-1.9447,-0.1411,-0.3466,,
1790756471579310768,19.717,map,"nav2_feedback of the target goal (map, AMCL-based estimate)",-1.9447,-0.1411,-0.3466,,
1790756471588967631,19.733,map,"nav2_feedback of the target goal (map, AMCL-based estimate)",-1.9322,-0.1456,-0.3499,,
1790756471599278040,19.733,map,"nav2_feedback of the target goal (map, AMCL-based estimate)",-1.9322,-0.1456,-0.3499,,
1790756471609658545,19.733,map,"nav2_feedback of the target goal (map, AMCL-based estimate)",-1.9322,-0.1456,-0.3499,,
1790756471619334187,19.733,map,"nav2_feedback of the target goal (map, AMCL-based estimate)",-1.9322,-0.1456,-0.3499,,
1790756471629130405,19.733,map,"nav2_feedback of the target goal (map, AMCL-based estimate)",-1.9322,-0.1456,-0.3499,,
1790756471639290675,19.750,map,"nav2_feedback of the target goal (map, AMCL-based estimate)",-1.9197,-0.1502,-0.3532,,
1790756471649186924,19.750,map,"nav2_feedback of the target goal (map, AMCL-based estimate)",-1.9197,-0.1502,-0.3532,,
1790756471659382800,19.750,map,"nav2_feedback of the target goal (map, AMCL-based estimate)",-1.9197,-0.1502,-0.3532,,
1790756471669407527,19.750,map,"nav2_feedback of the target goal (map, AMCL-based estimate)",-1.9197,-0.1502,-0.3532,,
1790756471679085493,19.750,map,"nav2_feedback of the target goal (map, AMCL-based estimate)",-1.9197,-0.1502,-0.3532,,
1790756471689143036,19.767,map,"nav2_feedback of the target goal (map, AMCL-based estimate)",-1.9072,-0.1549,-0.3565,,
1790756471699273000,19.767,map,"nav2_feedback of the target goal (map, AMCL-based estimate)",-1.9072,-0.1549,-0.3565,,
1790756471709437546,19.767,map,"nav2_feedback of the target goal (map, AMCL-based estimate)",-1.9072,-0.1549,-0.3565,,
1790756471719322453,19.767,map,"nav2_feedback of the target goal (map, AMCL-based estimate)",-1.9072,-0.1549,-0.3565,,
1790756471729187372,19.767,map,"nav2_feedback of the target goal (map, AMCL-based estimate)",-1.9072,-0.1549,-0.3565,,
1790756471739212006,19.783,map,"nav2_feedback of the target goal (map, AMCL-based estimate)",-1.8947,-0.1596,-0.3597,,
1790756471749143210,19.783,map,"nav2_feedback of the target goal (map, AMCL-based estimate)",-1.8947,-0.1596,-0.3597,,
1790756471759626256,19.783,map,"nav2_feedback of the target goal (map, AMCL-based estimate)",-1.8947,-0.1596,-0.3597,,
1790756471769231151,19.783,map,"nav2_feedback of the target goal (map, AMCL-based estimate)",-1.8947,-0.1596,-0.3597,,
1790756471779024208,19.783,map,"nav2_feedback of the target goal (map, AMCL-based estimate)",-1.8947,-0.1596,-0.3597,,
1790756471789260152,19.800,map,"nav2_feedback of the target goal (map, AMCL-based estimate)",-1.8822,-0.1643,-0.3629,,
1790756471799355532,19.800,map,"nav2_feedback of the target goal (map, AMCL-based estimate)",-1.8822,-0.1643,-0.3629,,
1790756471809353020,19.800,map,"nav2_feedback of the target goal (map, AMCL-based estimate)",-1.8822,-0.1643,-0.3629,,
1790756471819065755,19.800,map,"nav2_feedback of the target goal (map, AMCL-based estimate)",-1.8822,-0.1643,-0.3629,,
1790756471829230767,19.817,map,"nav2_feedback of the target goal (map, AMCL-based estimate)",-1.8698,-0.1691,-0.3661,,
1790756471838998909,19.817,map,"nav2_feedback of the target goal (map, AMCL-based estimate)",-1.8698,-0.1691,-0.3661,,
1790756471849269157,19.817,map,"nav2_feedback of the target goal (map, AMCL-based estimate)",-1.8698,-0.1691,-0.3661,,
1790756471859396518,19.817,map,"nav2_feedback of the target goal (map, AMCL-based estimate)",-1.8698,-0.1691,-0.3661,,
1790756471869074949,19.817,map,"nav2_feedback of the target goal (map, AMCL-based estimate)",-1.8698,-0.1691,-0.3661,,
1790756471879017401,19.833,map,"nav2_feedback of the target goal (map, AMCL-based estimate)",-1.8573,-0.1739,-0.3692,,
1790756471890508841,19.833,map,"nav2_feedback of the target goal (map, AMCL-based estimate)",-1.8573,-0.1739,-0.3692,,
1790756471899098370,19.833,map,"nav2_feedback of the target goal (map, AMCL-based estimate)",-1.8573,-0.1739,-0.3692,,
1790756471909605680,19.833,map,"nav2_feedback of the target goal (map, AMCL-based estimate)",-1.8573,-0.1739,-0.3692,,
1790756471918900071,19.850,map,"nav2_feedback of the target goal (map, AMCL-based estimate)",-1.8449,-0.1788,-0.3723,,
1790756471929804807,19.850,map,"nav2_feedback of the target goal (map, AMCL-based estimate)",-1.8449,-0.1788,-0.3723,,
1790756471939188259,19.850,map,"nav2_feedback of the target goal (map, AMCL-based estimate)",-1.8449,-0.1788,-0.3723,,
1790756471949190302,19.850,map,"nav2_feedback of the target goal (map, AMCL-based estimate)",-1.8449,-0.1788,-0.3723,,
1790756471959169662,19.850,map,"nav2_feedback of the target goal (map, AMCL-based estimate)",-1.8449,-0.1788,-0.3723,,
1790756471969177841,19.867,map,"nav2_feedback of the target goal (map, AMCL-based estimate)",-1.8325,-0.1837,-0.3754,,
1790756471979138608,19.867,map,"nav2_feedback of the target goal (map, AMCL-based estimate)",-1.8325,-0.1837,-0.3754,,
1790756471989309755,19.867,map,"nav2_feedback of the target goal (map, AMCL-based estimate)",-1.8325,-0.1837,-0.3754,,
1790756471998973032,19.867,map,"nav2_feedback of the target goal (map, AMCL-based estimate)",-1.8325,-0.1837,-0.3754,,
1790756472011762175,19.883,map,"nav2_feedback of the target goal (map, AMCL-based estimate)",-1.8201,-0.1886,-0.3784,,
1790756472019428465,19.883,map,"nav2_feedback of the target goal (map, AMCL-based estimate)",-1.8201,-0.1886,-0.3784,,
1790756472029412566,19.883,map,"nav2_feedback of the target goal (map, AMCL-based estimate)",-1.8201,-0.1886,-0.3784,,
1790756472039349441,19.883,map,"nav2_feedback of the target goal (map, AMCL-based estimate)",-1.8201,-0.1886,-0.3784,,
1790756472049363104,19.883,map,"nav2_feedback of the target goal (map, AMCL-based estimate)",-1.8201,-0.1886,-0.3784,,
1790756472059549405,19.883,map,"nav2_feedback of the target goal (map, AMCL-based estimate)",-1.8201,-0.1886,-0.3784,,
1790756472069117393,19.900,map,"nav2_feedback of the target goal (map, AMCL-based estimate)",-1.8077,-0.1936,-0.3811,,
1790756472079319498,19.900,map,"nav2_feedback of the target goal (map, AMCL-based estimate)",-1.8077,-0.1936,-0.3811,,
1790756472089192598,19.900,map,"nav2_feedback of the target goal (map, AMCL-based estimate)",-1.8077,-0.1936,-0.3811,,
1790756472099215465,19.900,map,"nav2_feedback of the target goal (map, AMCL-based estimate)",-1.8077,-0.1936,-0.3811,,
1790756472109399070,19.917,map,"nav2_feedback of the target goal (map, AMCL-based estimate)",-1.7953,-0.1986,-0.3838,,
1790756472119324974,19.917,map,"nav2_feedback of the target goal (map, AMCL-based estimate)",-1.7953,-0.1986,-0.3838,,
1790756472129555061,19.917,map,"nav2_feedback of the target goal (map, AMCL-based estimate)",-1.7953,-0.1986,-0.3838,,
1790756472139068293,19.917,map,"nav2_feedback of the target goal (map, AMCL-based estimate)",-1.7953,-0.1986,-0.3838,,
1790756472149276440,19.917,map,"nav2_feedback of the target goal (map, AMCL-based estimate)",-1.7953,-0.1986,-0.3838,,
1790756472159379909,19.917,map,"nav2_feedback of the target goal (map, AMCL-based estimate)",-1.7953,-0.1986,-0.3838,,
1790756472169197788,19.933,map,"nav2_feedback of the target goal (map, AMCL-based estimate)",-1.7830,-0.2036,-0.3863,,
1790756472179338442,19.933,map,"nav2_feedback of the target goal (map, AMCL-based estimate)",-1.7830,-0.2036,-0.3863,,
1790756472189043182,19.933,map,"nav2_feedback of the target goal (map, AMCL-based estimate)",-1.7830,-0.2036,-0.3863,,
1790756472199000509,19.933,map,"nav2_feedback of the target goal (map, AMCL-based estimate)",-1.7830,-0.2036,-0.3863,,
1790756472209394122,19.933,map,"nav2_feedback of the target goal (map, AMCL-based estimate)",-1.7830,-0.2036,-0.3863,,
1790756472219177232,19.950,map,"nav2_feedback of the target goal (map, AMCL-based estimate)",-1.7706,-0.2087,-0.3888,,
1790756472229326067,19.950,map,"nav2_feedback of the target goal (map, AMCL-based estimate)",-1.7706,-0.2087,-0.3888,,
1790756472239083798,19.950,map,"nav2_feedback of the target goal (map, AMCL-based estimate)",-1.7706,-0.2087,-0.3888,,
1790756472249181595,19.950,map,"nav2_feedback of the target goal (map, AMCL-based estimate)",-1.7706,-0.2087,-0.3888,,
1790756472259290456,19.967,map,"nav2_feedback of the target goal (map, AMCL-based estimate)",-1.7583,-0.2137,-0.3912,,
1790756472269383326,19.967,map,"nav2_feedback of the target goal (map, AMCL-based estimate)",-1.7583,-0.2137,-0.3912,,
1790756472279360547,19.967,map,"nav2_feedback of the target goal (map, AMCL-based estimate)",-1.7583,-0.2137,-0.3912,,
1790756472289191163,19.967,map,"nav2_feedback of the target goal (map, AMCL-based estimate)",-1.7583,-0.2137,-0.3912,,
1790756472299500270,19.967,map,"nav2_feedback of the target goal (map, AMCL-based estimate)",-1.7583,-0.2137,-0.3912,,
1790756472309756945,19.983,map,"nav2_feedback of the target goal (map, AMCL-based estimate)",-1.7460,-0.2189,-0.3934,,
1790756472319222765,19.983,map,"nav2_feedback of the target goal (map, AMCL-based estimate)",-1.7460,-0.2189,-0.3934,,
1790756472329225830,19.983,map,"nav2_feedback of the target goal (map, AMCL-based estimate)",-1.7460,-0.2189,-0.3934,,
1790756472339172373,19.983,map,"nav2_feedback of the target goal (map, AMCL-based estimate)",-1.7460,-0.2189,-0.3934,,
1790756472349018235,19.983,map,"nav2_feedback of the target goal (map, AMCL-based estimate)",-1.7460,-0.2189,-0.3934,,
1790756472359325297,20.000,map,"nav2_feedback of the target goal (map, AMCL-based estimate)",-1.7337,-0.2240,-0.3955,,
1790756472369148661,20.000,map,"nav2_feedback of the target goal (map, AMCL-based estimate)",-1.7337,-0.2240,-0.3955,,
1790756472379176549,20.000,map,"nav2_feedback of the target goal (map, AMCL-based estimate)",-1.7337,-0.2240,-0.3955,,
1790756472389137222,20.000,map,"nav2_feedback of the target goal (map, AMCL-based estimate)",-1.7337,-0.2240,-0.3955,,
1790756472399073632,20.017,map,"nav2_feedback of the target goal (map, AMCL-based estimate)",-1.7214,-0.2292,-0.3976,,
1790756472409505175,20.017,map,"nav2_feedback of the target goal (map, AMCL-based estimate)",-1.7214,-0.2292,-0.3976,,
1790756472419186953,20.017,map,"nav2_feedback of the target goal (map, AMCL-based estimate)",-1.7214,-0.2292,-0.3976,,
1790756472429293861,20.017,map,"nav2_feedback of the target goal (map, AMCL-based estimate)",-1.7214,-0.2292,-0.3976,,
1790756472439083664,20.017,map,"nav2_feedback of the target goal (map, AMCL-based estimate)",-1.7214,-0.2292,-0.3976,,
1790756472449094260,20.017,map,"nav2_feedback of the target goal (map, AMCL-based estimate)",-1.7214,-0.2292,-0.3976,,
1790756472459670457,20.017,map,"nav2_feedback of the target goal (map, AMCL-based estimate)",-1.7214,-0.2292,-0.3976,,
1790756472469345355,20.033,map,"nav2_feedback of the target goal (map, AMCL-based estimate)",-1.7091,-0.2344,-0.3997,,
1790756472478981766,20.033,map,"nav2_feedback of the target goal (map, AMCL-based estimate)",-1.7091,-0.2344,-0.3997,,
1790756472489124187,20.033,map,"nav2_feedback of the target goal (map, AMCL-based estimate)",-1.7091,-0.2344,-0.3997,,
1790756472499049719,20.033,map,"nav2_feedback of the target goal (map, AMCL-based estimate)",-1.7091,-0.2344,-0.3997,,
1790756472510257615,20.050,map,"nav2_feedback of the target goal (map, AMCL-based estimate)",-1.6968,-0.2396,-0.4016,,
1790756472519414232,20.050,map,"nav2_feedback of the target goal (map, AMCL-based estimate)",-1.6968,-0.2396,-0.4016,,
1790756472529433288,20.050,map,"nav2_feedback of the target goal (map, AMCL-based estimate)",-1.6968,-0.2396,-0.4016,,
1790756472539324238,20.050,map,"nav2_feedback of the target goal (map, AMCL-based estimate)",-1.6968,-0.2396,-0.4016,,
1790756472549303319,20.050,map,"nav2_feedback of the target goal (map, AMCL-based estimate)",-1.6968,-0.2396,-0.4016,,
1790756472559599597,20.050,map,"nav2_feedback of the target goal (map, AMCL-based estimate)",-1.6968,-0.2396,-0.4016,,
1790756472570563552,20.067,map,"nav2_feedback of the target goal (map, AMCL-based estimate)",-1.6845,-0.2448,-0.4034,,
1790756472579081404,20.067,map,"nav2_feedback of the target goal (map, AMCL-based estimate)",-1.6845,-0.2448,-0.4034,,
1790756472589259338,20.067,map,"nav2_feedback of the target goal (map, AMCL-based estimate)",-1.6845,-0.2448,-0.4034,,
1790756472599304052,20.067,map,"nav2_feedback of the target goal (map, AMCL-based estimate)",-1.6845,-0.2448,-0.4034,,
1790756472609479754,20.083,map,"nav2_feedback of the target goal (map, AMCL-based estimate)",-1.6723,-0.2501,-0.4052,,
1790756472619006931,20.083,map,"nav2_feedback of the target goal (map, AMCL-based estimate)",-1.6723,-0.2501,-0.4052,,
1790756472629481796,20.083,map,"nav2_feedback of the target goal (map, AMCL-based estimate)",-1.6723,-0.2501,-0.4052,,
1790756472639120437,20.083,map,"nav2_feedback of the target goal (map, AMCL-based estimate)",-1.6723,-0.2501,-0.4052,,
1790756472649169149,20.083,map,"nav2_feedback of the target goal (map, AMCL-based estimate)",-1.6723,-0.2501,-0.4052,,
1790756472659341877,20.100,map,"nav2_feedback of the target goal (map, AMCL-based estimate)",-1.6600,-0.2554,-0.4068,,
1790756472669301528,20.100,map,"nav2_feedback of the target goal (map, AMCL-based estimate)",-1.6600,-0.2554,-0.4068,,
1790756472679069949,20.100,map,"nav2_feedback of the target goal (map, AMCL-based estimate)",-1.6600,-0.2554,-0.4068,,
1790756472689428235,20.117,map,"nav2_feedback of the target goal (map, AMCL-based estimate)",-1.6478,-0.2607,-0.4084,,
1790756472699089933,20.117,map,"nav2_feedback of the target goal (map, AMCL-based estimate)",-1.6478,-0.2607,-0.4084,,
1790756472709193587,20.117,map,"nav2_feedback of the target goal (map, AMCL-based estimate)",-1.6478,-0.2607,-0.4084,,
1790756472719375797,20.117,map,"nav2_feedback of the target goal (map, AMCL-based estimate)",-1.6478,-0.2607,-0.4084,,
1790756472729534393,20.117,map,"nav2_feedback of the target goal (map, AMCL-based estimate)",-1.6478,-0.2607,-0.4084,,
1790756472739065103,20.117,map,"nav2_feedback of the target goal (map, AMCL-based estimate)",-1.6478,-0.2607,-0.4084,,
1790756472748986917,20.133,map,"nav2_feedback of the target goal (map, AMCL-based estimate)",-1.6356,-0.2660,-0.4099,,
1790756472760632493,20.133,map,"nav2_feedback of the target goal (map, AMCL-based estimate)",-1.6356,-0.2660,-0.4099,,
1790756472769105629,20.133,map,"nav2_feedback of the target goal (map, AMCL-based estimate)",-1.6356,-0.2660,-0.4099,,
1790756472779202683,20.133,map,"nav2_feedback of the target goal (map, AMCL-based estimate)",-1.6356,-0.2660,-0.4099,,
1790756472789206400,20.150,map,"nav2_feedback of the target goal (map, AMCL-based estimate)",-1.6233,-0.2713,-0.4113,,
1790756472798949627,20.150,map,"nav2_feedback of the target goal (map, AMCL-based estimate)",-1.6233,-0.2713,-0.4113,,
1790756472809356720,20.150,map,"nav2_feedback of the target goal (map, AMCL-based estimate)",-1.6233,-0.2713,-0.4113,,
1790756472819110081,20.150,map,"nav2_feedback of the target goal (map, AMCL-based estimate)",-1.6233,-0.2713,-0.4113,,
1790756472831641060,20.167,map,"nav2_feedback of the target goal (map, AMCL-based estimate)",-1.6111,-0.2767,-0.4127,,
1790756472839092228,20.167,map,"nav2_feedback of the target goal (map, AMCL-based estimate)",-1.6111,-0.2767,-0.4127,,
1790756472849127739,20.167,map,"nav2_feedback of the target goal (map, AMCL-based estimate)",-1.6111,-0.2767,-0.4127,,
1790756472859457856,20.167,map,"nav2_feedback of the target goal (map, AMCL-based estimate)",-1.6111,-0.2767,-0.4127,,
1790756472868988194,20.183,map,"nav2_feedback of the target goal (map, AMCL-based estimate)",-1.5989,-0.2820,-0.4140,,
1790756472878813324,20.183,map,"nav2_feedback of the target goal (map, AMCL-based estimate)",-1.5989,-0.2820,-0.4140,,
1790756472888933991,20.183,map,"nav2_feedback of the target goal (map, AMCL-based estimate)",-1.5989,-0.2820,-0.4140,,
1790756472899126985,20.183,map,"nav2_feedback of the target goal (map, AMCL-based estimate)",-1.5989,-0.2820,-0.4140,,
1790756472909273589,20.183,map,"nav2_feedback of the target goal (map, AMCL-based estimate)",-1.5989,-0.2820,-0.4140,,
1790756472919098440,20.200,map,"nav2_feedback of the target goal (map, AMCL-based estimate)",-1.5867,-0.2874,-0.4150,,
1790756472929132743,20.200,map,"nav2_feedback of the target goal (map, AMCL-based estimate)",-1.5867,-0.2874,-0.4150,,
1790756472939494375,20.200,map,"nav2_feedback of the target goal (map, AMCL-based estimate)",-1.5867,-0.2874,-0.4150,,
1790756472949097226,20.217,map,"nav2_feedback of the target goal (map, AMCL-based estimate)",-1.5745,-0.2928,-0.4161,,
1790756472959803016,20.217,map,"nav2_feedback of the target goal (map, AMCL-based estimate)",-1.5745,-0.2928,-0.4161,,
1790756472969249592,20.217,map,"nav2_feedback of the target goal (map, AMCL-based estimate)",-1.5745,-0.2928,-0.4161,,
1790756472978892417,20.217,map,"nav2_feedback of the target goal (map, AMCL-based estimate)",-1.5745,-0.2928,-0.4161,,
1790756472989340508,20.217,map,"nav2_feedback of the target goal (map, AMCL-based estimate)",-1.5745,-0.2928,-0.4161,,
1790756472998924486,20.217,map,"nav2_feedback of the target goal (map, AMCL-based estimate)",-1.5745,-0.2928,-0.4161,,
1790756473009278217,20.233,map,"nav2_feedback of the target goal (map, AMCL-based estimate)",-1.5623,-0.2982,-0.4172,,
1790756473019047382,20.233,map,"nav2_feedback of the target goal (map, AMCL-based estimate)",-1.5623,-0.2982,-0.4172,,
1790756473029105297,20.233,map,"nav2_feedback of the target goal (map, AMCL-based estimate)",-1.5623,-0.2982,-0.4172,,
1790756473039039104,20.250,map,"nav2_feedback of the target goal (map, AMCL-based estimate)",-1.5501,-0.3036,-0.4183,,
1790756473049044866,20.250,map,"nav2_feedback of the target goal (map, AMCL-based estimate)",-1.5501,-0.3036,-0.4183,,
1790756473059378237,20.250,map,"nav2_feedback of the target goal (map, AMCL-based estimate)",-1.5501,-0.3036,-0.4183,,
1790756473069505691,20.250,map,"nav2_feedback of the target goal (map, AMCL-based estimate)",-1.5501,-0.3036,-0.4183,,
1790756473079182355,20.250,map,"nav2_feedback of the target goal (map, AMCL-based estimate)",-1.5501,-0.3036,-0.4183,,
1790756473089139403,20.267,map,"nav2_feedback of the target goal (map, AMCL-based estimate)",-1.5379,-0.3091,-0.4193,,
1790756473099140703,20.267,map,"nav2_feedback of the target goal (map, AMCL-based estimate)",-1.5379,-0.3091,-0.4193,,
1790756473111969077,20.267,map,"nav2_feedback of the target goal (map, AMCL-based estimate)",-1.5379,-0.3091,-0.4193,,
1790756473119077575,20.267,map,"nav2_feedback of the target goal (map, AMCL-based estimate)",-1.5379,-0.3091,-0.4193,,
1790756473129629229,20.267,map,"nav2_feedback of the target goal (map, AMCL-based estimate)",-1.5379,-0.3091,-0.4193,,
1790756473139107971,20.283,map,"nav2_feedback of the target goal (map, AMCL-based estimate)",-1.5257,-0.3145,-0.4203,,
1790756473149039453,20.283,map,"nav2_feedback of the target goal (map, AMCL-based estimate)",-1.5257,-0.3145,-0.4203,,
1790756473159180759,20.283,map,"nav2_feedback of the target goal (map, AMCL-based estimate)",-1.5257,-0.3145,-0.4203,,
1790756473169276604,20.283,map,"nav2_feedback of the target goal (map, AMCL-based estimate)",-1.5257,-0.3145,-0.4203,,
1790756473179058598,20.300,map,"nav2_feedback of the target goal (map, AMCL-based estimate)",-1.5135,-0.3200,-0.4211,,
1790756473189083139,20.300,map,"nav2_feedback of the target goal (map, AMCL-based estimate)",-1.5135,-0.3200,-0.4211,,
1790756473199044928,20.300,map,"nav2_feedback of the target goal (map, AMCL-based estimate)",-1.5135,-0.3200,-0.4211,,
1790756473209195065,20.317,map,"nav2_feedback of the target goal (map, AMCL-based estimate)",-1.5013,-0.3255,-0.4218,,
1790756473219029213,20.317,map,"nav2_feedback of the target goal (map, AMCL-based estimate)",-1.5013,-0.3255,-0.4218,,
1790756473230023103,20.317,map,"nav2_feedback of the target goal (map, AMCL-based estimate)",-1.5013,-0.3255,-0.4218,,
1790756473239451271,20.317,map,"nav2_feedback of the target goal (map, AMCL-based estimate)",-1.5013,-0.3255,-0.4218,,
1790756473249403578,20.317,map,"nav2_feedback of the target goal (map, AMCL-based estimate)",-1.5013,-0.3255,-0.4218,,
1790756473259626321,20.317,map,"nav2_feedback of the target goal (map, AMCL-based estimate)",-1.5013,-0.3255,-0.4218,,
1790756473269193286,20.333,map,"nav2_feedback of the target goal (map, AMCL-based estimate)",-1.4891,-0.3309,-0.4225,,
1790756473279321019,20.333,map,"nav2_feedback of the target goal (map, AMCL-based estimate)",-1.4891,-0.3309,-0.4225,,
1790756473289009118,20.333,map,"nav2_feedback of the target goal (map, AMCL-based estimate)",-1.4891,-0.3309,-0.4225,,
1790756473298925819,20.333,map,"nav2_feedback of the target goal (map, AMCL-based estimate)",-1.4891,-0.3309,-0.4225,,
1790756473309419835,20.350,map,"nav2_feedback of the target goal (map, AMCL-based estimate)",-1.4770,-0.3364,-0.4231,,
1790756473318960491,20.350,map,"nav2_feedback of the target goal (map, AMCL-based estimate)",-1.4770,-0.3364,-0.4231,,
1790756473329348433,20.350,map,"nav2_feedback of the target goal (map, AMCL-based estimate)",-1.4770,-0.3364,-0.4231,,
1790756473340808823,20.350,map,"nav2_feedback of the target goal (map, AMCL-based estimate)",-1.4770,-0.3364,-0.4231,,
1790756473349097888,20.350,map,"nav2_feedback of the target goal (map, AMCL-based estimate)",-1.4770,-0.3364,-0.4231,,
1790756473359502378,20.367,map,"nav2_feedback of the target goal (map, AMCL-based estimate)",-1.4648,-0.3419,-0.4238,,
1790756473369180437,20.367,map,"nav2_feedback of the target goal (map, AMCL-based estimate)",-1.4648,-0.3419,-0.4238,,
1790756473378875044,20.367,map,"nav2_feedback of the target goal (map, AMCL-based estimate)",-1.4648,-0.3419,-0.4238,,
1790756473388960942,20.383,map,"nav2_feedback of the target goal (map, AMCL-based estimate)",-1.4526,-0.3474,-0.4245,,
1790756473399494560,20.383,map,"nav2_feedback of the target goal (map, AMCL-based estimate)",-1.4526,-0.3474,-0.4245,,
1790756473409093227,20.383,map,"nav2_feedback of the target goal (map, AMCL-based estimate)",-1.4526,-0.3474,-0.4245,,
1790756473418946991,20.383,map,"nav2_feedback of the target goal (map, AMCL-based estimate)",-1.4526,-0.3474,-0.4245,,
1790756473429533228,20.383,map,"nav2_feedback of the target goal (map, AMCL-based estimate)",-1.4526,-0.3474,-0.4245,,
1790756473438880609,20.383,map,"nav2_feedback of the target goal (map, AMCL-based estimate)",-1.4526,-0.3474,-0.4245,,
1790756473449368861,20.400,map,"nav2_feedback of the target goal (map, AMCL-based estimate)",-1.4405,-0.3529,-0.4252,,
1790756473459243821,20.400,map,"nav2_feedback of the target goal (map, AMCL-based estimate)",-1.4405,-0.3529,-0.4252,,
1790756473469050451,20.400,map,"nav2_feedback of the target goal (map, AMCL-based estimate)",-1.4405,-0.3529,-0.4252,,
1790756473479058630,20.417,map,"nav2_feedback of the target goal (map, AMCL-based estimate)",-1.4283,-0.3584,-0.4258,,
1790756473489108643,20.417,map,"nav2_feedback of the target goal (map, AMCL-based estimate)",-1.4283,-0.3584,-0.4258,,
1790756473499316325,20.417,map,"nav2_feedback of the target goal (map, AMCL-based estimate)",-1.4283,-0.3584,-0.4258,,
1790756473508976163,20.417,map,"nav2_feedback of the target goal (map, AMCL-based estimate)",-1.4283,-0.3584,-0.4258,,
1790756473519265283,20.417,map,"nav2_feedback of the target goal (map, AMCL-based estimate)",-1.4283,-0.3584,-0.4258,,
1790756473529146937,20.417,map,"nav2_feedback of the target goal (map, AMCL-based estimate)",-1.4283,-0.3584,-0.4258,,
1790756473538995866,20.433,map,"nav2_feedback of the target goal (map, AMCL-based estimate)",-1.4162,-0.3640,-0.4264,,
1790756473549044206,20.433,map,"nav2_feedback of the target goal (map, AMCL-based estimate)",-1.4162,-0.3640,-0.4264,,
1790756473559101656,20.433,map,"nav2_feedback of the target goal (map, AMCL-based estimate)",-1.4162,-0.3640,-0.4264,,
1790756473568848603,20.450,map,"nav2_feedback of the target goal (map, AMCL-based estimate)",-1.4040,-0.3695,-0.4269,,
1790756473579607941,20.450,map,"nav2_feedback of the target goal (map, AMCL-based estimate)",-1.4040,-0.3695,-0.4269,,
1790756473588840790,20.450,map,"nav2_feedback of the target goal (map, AMCL-based estimate)",-1.4040,-0.3695,-0.4269,,
1790756473598934311,20.450,map,"nav2_feedback of the target goal (map, AMCL-based estimate)",-1.4040,-0.3695,-0.4269,,
1790756473609706571,20.450,map,"nav2_feedback of the target goal (map, AMCL-based estimate)",-1.4040,-0.3695,-0.4269,,
1790756473619161607,20.467,map,"nav2_feedback of the target goal (map, AMCL-based estimate)",-1.3918,-0.3750,-0.4273,,
1790756473629775919,20.467,map,"nav2_feedback of the target goal (map, AMCL-based estimate)",-1.3918,-0.3750,-0.4273,,
1790756473638793553,20.467,map,"nav2_feedback of the target goal (map, AMCL-based estimate)",-1.3918,-0.3750,-0.4273,,
1790756473649106007,20.467,map,"nav2_feedback of the target goal (map, AMCL-based estimate)",-1.3918,-0.3750,-0.4273,,
1790756473659395499,20.483,map,"nav2_feedback of the target goal (map, AMCL-based estimate)",-1.3797,-0.3806,-0.4276,,
1790756473668976131,20.483,map,"nav2_feedback of the target goal (map, AMCL-based estimate)",-1.3797,-0.3806,-0.4276,,
1790756473679355613,20.483,map,"nav2_feedback of the target goal (map, AMCL-based estimate)",-1.3797,-0.3806,-0.4276,,
1790756473689579936,20.483,map,"nav2_feedback of the target goal (map, AMCL-based estimate)",-1.3797,-0.3806,-0.4276,,
1790756473699084243,20.483,map,"nav2_feedback of the target goal (map, AMCL-based estimate)",-1.3797,-0.3806,-0.4276,,
1790756473709230383,20.500,map,"nav2_feedback of the target goal (map, AMCL-based estimate)",-1.3676,-0.3861,-0.4280,,
1790756473719153312,20.500,map,"nav2_feedback of the target goal (map, AMCL-based estimate)",-1.3676,-0.3861,-0.4280,,
1790756473729181200,20.500,map,"nav2_feedback of the target goal (map, AMCL-based estimate)",-1.3676,-0.3861,-0.4280,,
1790756473739459257,20.517,map,"nav2_feedback of the target goal (map, AMCL-based estimate)",-1.3535,-0.3927,-0.4314,,
1790756473749113610,20.517,map,"nav2_feedback of the target goal (map, AMCL-based estimate)",-1.3535,-0.3927,-0.4314,,
1790756473759186307,20.517,map,"nav2_feedback of the target goal (map, AMCL-based estimate)",-1.3535,-0.3927,-0.4314,,
1790756473769085623,20.517,map,"nav2_feedback of the target goal (map, AMCL-based estimate)",-1.3535,-0.3927,-0.4314,,
1790756473780629682,20.517,map,"nav2_feedback of the target goal (map, AMCL-based estimate)",-1.3535,-0.3927,-0.4314,,
1790756473789522184,20.517,map,"nav2_feedback of the target goal (map, AMCL-based estimate)",-1.3535,-0.3927,-0.4314,,
1790756473799231480,20.533,map,"nav2_feedback of the target goal (map, AMCL-based estimate)",-1.3396,-0.3993,-0.4347,,
1790756473809523575,20.533,map,"nav2_feedback of the target goal (map, AMCL-based estimate)",-1.3396,-0.3993,-0.4347,,
1790756473819136744,20.533,map,"nav2_feedback of the target goal (map, AMCL-based estimate)",-1.3396,-0.3993,-0.4347,,
1790756473828985580,20.550,map,"nav2_feedback of the target goal (map, AMCL-based estimate)",-1.3257,-0.4060,-0.4379,,
1790756473839288738,20.550,map,"nav2_feedback of the target goal (map, AMCL-based estimate)",-1.3257,-0.4060,-0.4379,,
1790756473848939837,20.550,map,"nav2_feedback of the target goal (map, AMCL-based estimate)",-1.3257,-0.4060,-0.4379,,
1790756473859231096,20.550,map,"nav2_feedback of the target goal (map, AMCL-based estimate)",-1.3257,-0.4060,-0.4379,,
1790756473869294124,20.550,map,"nav2_feedback of the target goal (map, AMCL-based estimate)",-1.3257,-0.4060,-0.4379,,
1790756473879170478,20.567,map,"nav2_feedback of the target goal (map, AMCL-based estimate)",-1.3119,-0.4128,-0.4411,,
1790756473889402889,20.567,map,"nav2_feedback of the target goal (map, AMCL-based estimate)",-1.3119,-0.4128,-0.4411,,
1790756473898904036,20.567,map,"nav2_feedback of the target goal (map, AMCL-based estimate)",-1.3119,-0.4128,-0.4411,,
1790756473909438212,20.567,map,"nav2_feedback of the target goal (map, AMCL-based estimate)",-1.3119,-0.4128,-0.4411,,
1790756473918994115,20.583,map,"nav2_feedback of the target goal (map, AMCL-based estimate)",-1.2981,-0.4197,-0.4443,,
1790756473928999133,20.583,map,"nav2_feedback of the target goal (map, AMCL-based estimate)",-1.2981,-0.4197,-0.4443,,
1790756473940823482,20.583,map,"nav2_feedback of the target goal (map, AMCL-based estimate)",-1.2981,-0.4197,-0.4443,,
1790756473949266776,20.583,map,"nav2_feedback of the target goal (map, AMCL-based estimate)",-1.2981,-0.4197,-0.4443,,
1790756473959599032,20.600,map,"nav2_feedback of the target goal (map, AMCL-based estimate)",-1.2845,-0.4266,-0.4474,,
1790756473969093485,20.600,map,"nav2_feedback of the target goal (map, AMCL-based estimate)",-1.2845,-0.4266,-0.4474,,
1790756473979460231,20.600,map,"nav2_feedback of the target goal (map, AMCL-based estimate)",-1.2845,-0.4266,-0.4474,,
1790756473989056108,20.600,map,"nav2_feedback of the target goal (map, AMCL-based estimate)",-1.2845,-0.4266,-0.4474,,
1790756473999210336,20.617,map,"nav2_feedback of the target goal (map, AMCL-based estimate)",-1.2709,-0.4336,-0.4504,,
1790756474009790716,20.617,map,"nav2_feedback of the target goal (map, AMCL-based estimate)",-1.2709,-0.4336,-0.4504,,
1790756474019250307,20.617,map,"nav2_feedback of the target goal (map, AMCL-based estimate)",-1.2709,-0.4336,-0.4504,,
1790756474029344665,20.617,map,"nav2_feedback of the target goal (map, AMCL-based estimate)",-1.2709,-0.4336,-0.4504,,
1790756474039396630,20.617,map,"nav2_feedback of the target goal (map, AMCL-based estimate)",-1.2709,-0.4336,-0.4504,,
1790756474049305894,20.633,map,"nav2_feedback of the target goal (map, AMCL-based estimate)",-1.2574,-0.4407,-0.4534,,
1790756474059182341,20.633,map,"nav2_feedback of the target goal (map, AMCL-based estimate)",-1.2574,-0.4407,-0.4534,,
1790756474069034896,20.633,map,"nav2_feedback of the target goal (map, AMCL-based estimate)",-1.2574,-0.4407,-0.4534,,
1790756474079033221,20.650,map,"nav2_feedback of the target goal (map, AMCL-based estimate)",-1.2440,-0.4479,-0.4564,,
1790756474089259403,20.650,map,"nav2_feedback of the target goal (map, AMCL-based estimate)",-1.2440,-0.4479,-0.4564,,
1790756474098946201,20.650,map,"nav2_feedback of the target goal (map, AMCL-based estimate)",-1.2440,-0.4479,-0.4564,,
1790756474109294447,20.650,map,"nav2_feedback of the target goal (map, AMCL-based estimate)",-1.2440,-0.4479,-0.4564,,
1790756474119360636,20.650,map,"nav2_feedback of the target goal (map, AMCL-based estimate)",-1.2440,-0.4479,-0.4564,,
1790756474128996396,20.667,map,"nav2_feedback of the target goal (map, AMCL-based estimate)",-1.2306,-0.4552,-0.4593,,
1790756474139138445,20.667,map,"nav2_feedback of the target goal (map, AMCL-based estimate)",-1.2306,-0.4552,-0.4593,,
1790756474150250866,20.667,map,"nav2_feedback of the target goal (map, AMCL-based estimate)",-1.2306,-0.4552,-0.4593,,
1790756474159359791,20.667,map,"nav2_feedback of the target goal (map, AMCL-based estimate)",-1.2306,-0.4552,-0.4593,,
1790756474169051981,20.683,map,"nav2_feedback of the target goal (map, AMCL-based estimate)",-1.2174,-0.4625,-0.4623,,
1790756474178987182,20.683,map,"nav2_feedback of the target goal (map, AMCL-based estimate)",-1.2174,-0.4625,-0.4623,,
1790756474189300659,20.683,map,"nav2_feedback of the target goal (map, AMCL-based estimate)",-1.2174,-0.4625,-0.4623,,
1790756474199043794,20.683,map,"nav2_feedback of the target goal (map, AMCL-based estimate)",-1.2174,-0.4625,-0.4623,,
1790756474209367683,20.700,map,"nav2_feedback of the target goal (map, AMCL-based estimate)",-1.2042,-0.4699,-0.4652,,
1790756474219233625,20.700,map,"nav2_feedback of the target goal (map, AMCL-based estimate)",-1.2042,-0.4699,-0.4652,,
1790756474229300465,20.700,map,"nav2_feedback of the target goal (map, AMCL-based estimate)",-1.2042,-0.4699,-0.4652,,
1790756474238974341,20.700,map,"nav2_feedback of the target goal (map, AMCL-based estimate)",-1.2042,-0.4699,-0.4652,,
1790756474249030211,20.717,map,"nav2_feedback of the target goal (map, AMCL-based estimate)",-1.1922,-0.4759,-0.4651,,
1790756474259244215,20.717,map,"nav2_feedback of the target goal (map, AMCL-based estimate)",-1.1922,-0.4759,-0.4651,,
1790756474269194662,20.717,map,"nav2_feedback of the target goal (map, AMCL-based estimate)",-1.1922,-0.4759,-0.4651,,
1790756474279012913,20.717,map,"nav2_feedback of the target goal (map, AMCL-based estimate)",-1.1922,-0.4759,-0.4651,,
1790756474289268752,20.717,map,"nav2_feedback of the target goal (map, AMCL-based estimate)",-1.1922,-0.4759,-0.4651,,
1790756474300031065,20.733,map,"nav2_feedback of the target goal (map, AMCL-based estimate)",-1.1803,-0.4819,-0.4649,,
1790756474309660596,20.733,map,"nav2_feedback of the target goal (map, AMCL-based estimate)",-1.1803,-0.4819,-0.4649,,
1790756474319261866,20.733,map,"nav2_feedback of the target goal (map, AMCL-based estimate)",-1.1803,-0.4819,-0.4649,,
1790756474329167783,20.733,map,"nav2_feedback of the target goal (map, AMCL-based estimate)",-1.1803,-0.4819,-0.4649,,
1790756474339101869,20.750,map,"nav2_feedback of the target goal (map, AMCL-based estimate)",-1.1684,-0.4879,-0.4648,,
1790756474349140168,20.750,map,"nav2_feedback of the target goal (map, AMCL-based estimate)",-1.1684,-0.4879,-0.4648,,
1790756474359571246,20.750,map,"nav2_feedback of the target goal (map, AMCL-based estimate)",-1.1684,-0.4879,-0.4648,,
1790756474369391450,20.750,map,"nav2_feedback of the target goal (map, AMCL-based estimate)",-1.1684,-0.4879,-0.4648,,
1790756474379056958,20.750,map,"nav2_feedback of the target goal (map, AMCL-based estimate)",-1.1684,-0.4879,-0.4648,,
1790756474389040409,20.767,map,"nav2_feedback of the target goal (map, AMCL-based estimate)",-1.1564,-0.4938,-0.4646,,
1790756474399293644,20.767,map,"nav2_feedback of the target goal (map, AMCL-based estimate)",-1.1564,-0.4938,-0.4646,,
1790756474409759677,20.767,map,"nav2_feedback of the target goal (map, AMCL-based estimate)",-1.1564,-0.4938,-0.4646,,
1790756474419363085,20.767,map,"nav2_feedback of the target goal (map, AMCL-based estimate)",-1.1564,-0.4938,-0.4646,,
1790756474429323015,20.767,map,"nav2_feedback of the target goal (map, AMCL-based estimate)",-1.1564,-0.4938,-0.4646,,
1790756474439160974,20.767,map,"nav2_feedback of the target goal (map, AMCL-based estimate)",-1.1564,-0.4938,-0.4646,,
1790756474449276435,20.767,map,"nav2_feedback of the target goal (map, AMCL-based estimate)",-1.1564,-0.4938,-0.4646,,
1790756474459466268,20.783,map,"nav2_feedback of the target goal (map, AMCL-based estimate)",-1.1445,-0.4998,-0.4644,,
1790756474469341042,20.783,map,"nav2_feedback of the target goal (map, AMCL-based estimate)",-1.1445,-0.4998,-0.4644,,
1790756474478902337,20.783,map,"nav2_feedback of the target goal (map, AMCL-based estimate)",-1.1445,-0.4998,-0.4644,,
1790756474489401372,20.783,map,"nav2_feedback of the target goal (map, AMCL-based estimate)",-1.1445,-0.4998,-0.4644,,
1790756474499274473,20.800,map,"nav2_feedback of the target goal (map, AMCL-based estimate)",-1.1326,-0.5058,-0.4642,,
1790756474509733905,20.800,map,"nav2_feedback of the target goal (map, AMCL-based estimate)",-1.1326,-0.5058,-0.4642,,
1790756474519177971,20.800,map,"nav2_feedback of the target goal (map, AMCL-based estimate)",-1.1326,-0.5058,-0.4642,,
1790756474529265356,20.800,map,"nav2_feedback of the target goal (map, AMCL-based estimate)",-1.1326,-0.5058,-0.4642,,
1790756474539146265,20.817,map,"nav2_feedback of the target goal (map, AMCL-based estimate)",-1.1206,-0.5118,-0.4639,,
1790756474549075610,20.817,map,"nav2_feedback of the target goal (map, AMCL-based estimate)",-1.1206,-0.5118,-0.4639,,
1790756474559190792,20.817,map,"nav2_feedback of the target goal (map, AMCL-based estimate)",-1.1206,-0.5118,-0.4639,,
1790756474568839474,20.817,map,"nav2_feedback of the target goal (map, AMCL-based estimate)",-1.1206,-0.5118,-0.4639,,
1790756474580719695,20.833,map,"nav2_feedback of the target goal (map, AMCL-based estimate)",-1.1089,-0.5177,-0.4637,,
1790756474589138632,20.833,map,"nav2_feedback of the target goal (map, AMCL-based estimate)",-1.1089,-0.5177,-0.4637,,
1790756474599111484,20.833,map,"nav2_feedback of the target goal (map, AMCL-based estimate)",-1.1089,-0.5177,-0.4637,,
1790756474609225736,20.833,map,"nav2_feedback of the target goal (map, AMCL-based estimate)",-1.1089,-0.5177,-0.4637,,
1790756474619193475,20.850,map,"nav2_feedback of the target goal (map, AMCL-based estimate)",-1.0974,-0.5234,-0.4634,,
1790756474629486593,20.850,map,"nav2_feedback of the target goal (map, AMCL-based estimate)",-1.0974,-0.5234,-0.4634,,
1790756474641871616,20.850,map,"nav2_feedback of the target goal (map, AMCL-based estimate)",-1.0974,-0.5234,-0.4634,,
1790756474649477106,20.850,map,"nav2_feedback of the target goal (map, AMCL-based estimate)",-1.0974,-0.5234,-0.4634,,
1790756474659823028,20.850,map,"nav2_feedback of the target goal (map, AMCL-based estimate)",-1.0974,-0.5234,-0.4634,,
1790756474669130900,20.867,map,"nav2_feedback of the target goal (map, AMCL-based estimate)",-1.0860,-0.5291,-0.4631,,
1790756474678926281,20.867,map,"nav2_feedback of the target goal (map, AMCL-based estimate)",-1.0860,-0.5291,-0.4631,,
1790756474688904525,20.867,map,"nav2_feedback of the target goal (map, AMCL-based estimate)",-1.0860,-0.5291,-0.4631,,
1790756474699298882,20.883,map,"nav2_feedback of the target goal (map, AMCL-based estimate)",-1.0746,-0.5347,-0.4628,,
1790756474709627605,20.883,map,"nav2_feedback of the target goal (map, AMCL-based estimate)",-1.0746,-0.5347,-0.4628,,
1790756474719152271,20.883,map,"nav2_feedback of the target goal (map, AMCL-based estimate)",-1.0746,-0.5347,-0.4628,,
1790756474729180717,20.883,map,"nav2_feedback of the target goal (map, AMCL-based estimate)",-1.0746,-0.5347,-0.4628,,
1790756474739080777,20.883,map,"nav2_feedback of the target goal (map, AMCL-based estimate)",-1.0746,-0.5347,-0.4628,,
1790756474749187499,20.900,map,"nav2_feedback of the target goal (map, AMCL-based estimate)",-1.0635,-0.5403,-0.4624,,
1790756474759453471,20.900,map,"nav2_feedback of the target goal (map, AMCL-based estimate)",-1.0635,-0.5403,-0.4624,,
1790756474769031313,20.900,map,"nav2_feedback of the target goal (map, AMCL-based estimate)",-1.0635,-0.5403,-0.4624,,
1790756474779212222,20.900,map,"nav2_feedback of the target goal (map, AMCL-based estimate)",-1.0635,-0.5403,-0.4624,,
1790756474788899484,20.917,map,"nav2_feedback of the target goal (map, AMCL-based estimate)",-1.0526,-0.5457,-0.4621,,
1790756474799567717,20.917,map,"nav2_feedback of the target goal (map, AMCL-based estimate)",-1.0526,-0.5457,-0.4621,,
1790756474809117112,20.917,map,"nav2_feedback of the target goal (map, AMCL-based estimate)",-1.0526,-0.5457,-0.4621,,
1790756474819544100,20.917,map,"nav2_feedback of the target goal (map, AMCL-based estimate)",-1.0526,-0.5457,-0.4621,,
1790756474829010198,20.917,map,"nav2_feedback of the target goal (map, AMCL-based estimate)",-1.0526,-0.5457,-0.4621,,
1790756474838909050,20.933,map,"nav2_feedback of the target goal (map, AMCL-based estimate)",-1.0418,-0.5511,-0.4617,,
1790756474849030832,20.933,map,"nav2_feedback of the target goal (map, AMCL-based estimate)",-1.0418,-0.5511,-0.4617,,
1790756474859441551,20.933,map,"nav2_feedback of the target goal (map, AMCL-based estimate)",-1.0418,-0.5511,-0.4617,,
1790756474869059182,20.950,map,"nav2_feedback of the target goal (map, AMCL-based estimate)",-1.0311,-0.5564,-0.4613,,
1790756474879284063,20.950,map,"nav2_feedback of the target goal (map, AMCL-based estimate)",-1.0311,-0.5564,-0.4613,,
1790756474888892120,20.950,map,"nav2_feedback of the target goal (map, AMCL-based estimate)",-1.0311,-0.5564,-0.4613,,
1790756474899234416,20.950,map,"nav2_feedback of the target goal (map, AMCL-based estimate)",-1.0311,-0.5564,-0.4613,,
1790756474910293103,20.950,map,"nav2_feedback of the target goal (map, AMCL-based estimate)",-1.0311,-0.5564,-0.4613,,
1790756474919487649,20.967,map,"nav2_feedback of the target goal (map, AMCL-based estimate)",-1.0204,-0.5617,-0.4609,,
1790756474929396820,20.967,map,"nav2_feedback of the target goal (map, AMCL-based estimate)",-1.0204,-0.5617,-0.4609,,
1790756474939111879,20.967,map,"nav2_feedback of the target goal (map, AMCL-based estimate)",-1.0204,-0.5617,-0.4609,,
1790756474949531709,20.967,map,"nav2_feedback of the target goal (map, AMCL-based estimate)",-1.0204,-0.5617,-0.4609,,
1790756474959289904,20.983,map,"nav2_feedback of the target goal (map, AMCL-based estimate)",-1.0099,-0.5669,-0.4605,,
1790756474969108898,20.983,map,"nav2_feedback of the target goal (map, AMCL-based estimate)",-1.0099,-0.5669,-0.4605,,
1790756474979432416,20.983,map,"nav2_feedback of the target goal (map, AMCL-based estimate)",-1.0099,-0.5669,-0.4605,,
1790756474989396157,20.983,map,"nav2_feedback of the target goal (map, AMCL-based estimate)",-1.0099,-0.5669,-0.4605,,
1790756474999315368,20.983,map,"nav2_feedback of the target goal (map, AMCL-based estimate)",-1.0099,-0.5669,-0.4605,,
1790756475009689644,21.000,map,"nav2_feedback of the target goal (map, AMCL-based estimate)",-0.9994,-0.5722,-0.4601,,
1790756475019274738,21.000,map,"nav2_feedback of the target goal (map, AMCL-based estimate)",-0.9994,-0.5722,-0.4601,,
1790756475029041021,21.000,map,"nav2_feedback of the target goal (map, AMCL-based estimate)",-0.9994,-0.5722,-0.4601,,
1790756475039042135,21.000,map,"nav2_feedback of the target goal (map, AMCL-based estimate)",-0.9994,-0.5722,-0.4601,,
1790756475049155922,21.017,map,"nav2_feedback of the target goal (map, AMCL-based estimate)",-0.9887,-0.5774,-0.4597,,
1790756475059008385,21.017,map,"nav2_feedback of the target goal (map, AMCL-based estimate)",-0.9887,-0.5774,-0.4597,,
1790756475069072807,21.017,map,"nav2_feedback of the target goal (map, AMCL-based estimate)",-0.9887,-0.5774,-0.4597,,
1790756475079311726,21.017,map,"nav2_feedback of the target goal (map, AMCL-based estimate)",-0.9887,-0.5774,-0.4597,,
1790756475089187337,21.017,map,"nav2_feedback of the target goal (map, AMCL-based estimate)",-0.9887,-0.5774,-0.4597,,
1790756475099002520,21.017,map,"nav2_feedback of the target goal (map, AMCL-based estimate)",-0.9887,-0.5774,-0.4597,,
1790756475109558822,21.033,map,"nav2_feedback of the target goal (map, AMCL-based estimate)",-0.9781,-0.5827,-0.4593,,
1790756475119210479,21.033,map,"nav2_feedback of the target goal (map, AMCL-based estimate)",-0.9781,-0.5827,-0.4593,,
1790756475129150049,21.033,map,"nav2_feedback of the target goal (map, AMCL-based estimate)",-0.9781,-0.5827,-0.4593,,
1790756475139110909,21.050,map,"nav2_feedback of the target goal (map, AMCL-based estimate)",-0.9675,-0.5879,-0.4589,,
1790756475149114440,21.050,map,"nav2_feedback of the target goal (map, AMCL-based estimate)",-0.9675,-0.5879,-0.4589,,
1790756475159016359,21.050,map,"nav2_feedback of the target goal (map, AMCL-based estimate)",-0.9675,-0.5879,-0.4589,,
1790756475170129152,21.050,map,"nav2_feedback of the target goal (map, AMCL-based estimate)",-0.9675,-0.5879,-0.4589,,
1790756475179449015,21.050,map,"nav2_feedback of the target goal (map, AMCL-based estimate)",-0.9675,-0.5879,-0.4589,,
1790756475189161565,21.067,map,"nav2_feedback of the target goal (map, AMCL-based estimate)",-0.9573,-0.5930,-0.4585,,
1790756475199484431,21.067,map,"nav2_feedback of the target goal (map, AMCL-based estimate)",-0.9573,-0.5930,-0.4585,,
1790756475209095090,21.067,map,"nav2_feedback of the target goal (map, AMCL-based estimate)",-0.9573,-0.5930,-0.4585,,
1790756475219059669,21.083,map,"nav2_feedback of the target goal (map, AMCL-based estimate)",-0.9471,-0.5980,-0.4580,,
1790756475229169738,21.083,map,"nav2_feedback of the target goal (map, AMCL-based estimate)",-0.9471,-0.5980,-0.4580,,
1790756475238821487,21.083,map,"nav2_feedback of the target goal (map, AMCL-based estimate)",-0.9471,-0.5980,-0.4580,,
1790756475248963258,21.083,map,"nav2_feedback of the target goal (map, AMCL-based estimate)",-0.9471,-0.5980,-0.4580,,
1790756475260437220,21.083,map,"nav2_feedback of the target goal (map, AMCL-based estimate)",-0.9471,-0.5980,-0.4580,,
1790756475269108744,21.100,map,"nav2_feedback of the target goal (map, AMCL-based estimate)",-0.9370,-0.6030,-0.4576,,
1790756475279408369,21.100,map,"nav2_feedback of the target goal (map, AMCL-based estimate)",-0.9370,-0.6030,-0.4576,,
1790756475288992069,21.100,map,"nav2_feedback of the target goal (map, AMCL-based estimate)",-0.9370,-0.6030,-0.4576,,
1790756475299012426,21.117,map,"nav2_feedback of the target goal (map, AMCL-based estimate)",-0.9269,-0.6079,-0.4572,,
1790756475309312237,21.117,map,"nav2_feedback of the target goal (map, AMCL-based estimate)",-0.9269,-0.6079,-0.4572,,
1790756475319020138,21.117,map,"nav2_feedback of the target goal (map, AMCL-based estimate)",-0.9269,-0.6079,-0.4572,,
1790756475329179293,21.117,map,"nav2_feedback of the target goal (map, AMCL-based estimate)",-0.9269,-0.6079,-0.4572,,
1790756475339279414,21.117,map,"nav2_feedback of the target goal (map, AMCL-based estimate)",-0.9269,-0.6079,-0.4572,,
1790756475349409378,21.117,map,"nav2_feedback of the target goal (map, AMCL-based estimate)",-0.9269,-0.6079,-0.4572,,
1790756475359573180,21.133,map,"nav2_feedback of the target goal (map, AMCL-based estimate)",-0.9170,-0.6128,-0.4568,,
1790756475369150651,21.133,map,"nav2_feedback of the target goal (map, AMCL-based estimate)",-0.9170,-0.6128,-0.4568,,
1790756475379372650,21.133,map,"nav2_feedback of the target goal (map, AMCL-based estimate)",-0.9170,-0.6128,-0.4568,,
1790756475389085478,21.133,map,"nav2_feedback of the target goal (map, AMCL-based estimate)",-0.9170,-0.6128,-0.4568,,
1790756475399121547,21.150,map,"nav2_feedback of the target goal (map, AMCL-based estimate)",-0.9074,-0.6175,-0.4565,,
1790756475409391237,21.150,map,"nav2_feedback of the target goal (map, AMCL-based estimate)",-0.9074,-0.6175,-0.4565,,
1790756475419164400,21.150,map,"nav2_feedback of the target goal (map, AMCL-based estimate)",-0.9074,-0.6175,-0.4565,,
1790756475429050515,21.150,map,"nav2_feedback of the target goal (map, AMCL-based estimate)",-0.9074,-0.6175,-0.4565,,
1790756475438999103,21.167,map,"nav2_feedback of the target goal (map, AMCL-based estimate)",-0.8978,-0.6222,-0.4561,,
1790756475449225565,21.167,map,"nav2_feedback of the target goal (map, AMCL-based estimate)",-0.8978,-0.6222,-0.4561,,
1790756475459289430,21.167,map,"nav2_feedback of the target goal (map, AMCL-based estimate)",-0.8978,-0.6222,-0.4561,,
1790756475469087879,21.167,map,"nav2_feedback of the target goal (map, AMCL-based estimate)",-0.8978,-0.6222,-0.4561,,
1790756475478990449,21.183,map,"nav2_feedback of the target goal (map, AMCL-based estimate)",-0.8883,-0.6269,-0.4556,,
1790756475488969251,21.183,map,"nav2_feedback of the target goal (map, AMCL-based estimate)",-0.8883,-0.6269,-0.4556,,
1790756475499084526,21.183,map,"nav2_feedback of the target goal (map, AMCL-based estimate)",-0.8883,-0.6269,-0.4556,,
1790756475509652263,21.183,map,"nav2_feedback of the target goal (map, AMCL-based estimate)",-0.8883,-0.6269,-0.4556,,
1790756475519192362,21.183,map,"nav2_feedback of the target goal (map, AMCL-based estimate)",-0.8883,-0.6269,-0.4556,,
1790756475529274355,21.200,map,"nav2_feedback of the target goal (map, AMCL-based estimate)",-0.8788,-0.6315,-0.4552,,
1790756475541726034,21.200,map,"nav2_feedback of the target goal (map, AMCL-based estimate)",-0.8788,-0.6315,-0.4552,,
1790756475549115938,21.200,map,"nav2_feedback of the target goal (map, AMCL-based estimate)",-0.8788,-0.6315,-0.4552,,
1790756475559210854,21.200,map,"nav2_feedback of the target goal (map, AMCL-based estimate)",-0.8788,-0.6315,-0.4552,,
1790756475569034961,21.217,map,"nav2_feedback of the target goal (map, AMCL-based estimate)",-0.8694,-0.6361,-0.4548,,
1790756475579236322,21.217,map,"nav2_feedback of the target goal (map, AMCL-based estimate)",-0.8694,-0.6361,-0.4548,,
1790756475589201365,21.217,map,"nav2_feedback of the target goal (map, AMCL-based estimate)",-0.8694,-0.6361,-0.4548,,
1790756475599136194,21.217,map,"nav2_feedback of the target goal (map, AMCL-based estimate)",-0.8694,-0.6361,-0.4548,,
1790756475609336254,21.233,map,"nav2_feedback of the target goal (map, AMCL-based estimate)",-0.8601,-0.6407,-0.4544,,
1790756475618933247,21.233,map,"nav2_feedback of the target goal (map, AMCL-based estimate)",-0.8601,-0.6407,-0.4544,,
1790756475629289023,21.233,map,"nav2_feedback of the target goal (map, AMCL-based estimate)",-0.8601,-0.6407,-0.4544,,
1790756475639237704,21.233,map,"nav2_feedback of the target goal (map, AMCL-based estimate)",-0.8601,-0.6407,-0.4544,,
1790756475649411268,21.250,map,"nav2_feedback of the target goal (map, AMCL-based estimate)",-0.8511,-0.6451,-0.4540,,
1790756475659131255,21.250,map,"nav2_feedback of the target goal (map, AMCL-based estimate)",-0.8511,-0.6451,-0.4540,,
1790756475669108942,21.250,map,"nav2_feedback of the target goal (map, AMCL-based estimate)",-0.8511,-0.6451,-0.4540,,
1790756475679140577,21.250,map,"nav2_feedback of the target goal (map, AMCL-based estimate)",-0.8511,-0.6451,-0.4540,,
1790756475689381188,21.250,map,"nav2_feedback of the target goal (map, AMCL-based estimate)",-0.8511,-0.6451,-0.4540,,
1790756475699104808,21.267,map,"nav2_feedback of the target goal (map, AMCL-based estimate)",-0.8421,-0.6494,-0.4535,,
1790756475709716766,21.267,map,"nav2_feedback of the target goal (map, AMCL-based estimate)",-0.8421,-0.6494,-0.4535,,
1790756475718817026,21.267,map,"nav2_feedback of the target goal (map, AMCL-based estimate)",-0.8421,-0.6494,-0.4535,,
1790756475729925680,21.267,map,"nav2_feedback of the target goal (map, AMCL-based estimate)",-0.8421,-0.6494,-0.4535,,
1790756475739258690,21.283,map,"nav2_feedback of the target goal (map, AMCL-based estimate)",-0.8333,-0.6537,-0.4531,,
1790756475749129363,21.283,map,"nav2_feedback of the target goal (map, AMCL-based estimate)",-0.8333,-0.6537,-0.4531,,
1790756475759188248,21.283,map,"nav2_feedback of the target goal (map, AMCL-based estimate)",-0.8333,-0.6537,-0.4531,,
1790756475769434027,21.283,map,"nav2_feedback of the target goal (map, AMCL-based estimate)",-0.8333,-0.6537,-0.4531,,
1790756475779105120,21.300,map,"nav2_feedback of the target goal (map, AMCL-based estimate)",-0.8244,-0.6580,-0.4527,,
1790756475789325342,21.300,map,"nav2_feedback of the target goal (map, AMCL-based estimate)",-0.8244,-0.6580,-0.4527,,
1790756475799089835,21.300,map,"nav2_feedback of the target goal (map, AMCL-based estimate)",-0.8244,-0.6580,-0.4527,,
1790756475809585560,21.300,map,"nav2_feedback of the target goal (map, AMCL-based estimate)",-0.8244,-0.6580,-0.4527,,
1790756475819541178,21.317,map,"nav2_feedback of the target goal (map, AMCL-based estimate)",-0.8156,-0.6623,-0.4523,,
1790756475829547348,21.317,map,"nav2_feedback of the target goal (map, AMCL-based estimate)",-0.8156,-0.6623,-0.4523,,
1790756475838906480,21.317,map,"nav2_feedback of the target goal (map, AMCL-based estimate)",-0.8156,-0.6623,-0.4523,,
1790756475849175562,21.317,map,"nav2_feedback of the target goal (map, AMCL-based estimate)",-0.8156,-0.6623,-0.4523,,
1790756475859541710,21.333,map,"nav2_feedback of the target goal (map, AMCL-based estimate)",-0.8069,-0.6666,-0.4521,,
1790756475869190910,21.333,map,"nav2_feedback of the target goal (map, AMCL-based estimate)",-0.8069,-0.6666,-0.4521,,
1790756475878974854,21.333,map,"nav2_feedback of the target goal (map, AMCL-based estimate)",-0.8069,-0.6666,-0.4521,,
1790756475888928122,21.333,map,"nav2_feedback of the target goal (map, AMCL-based estimate)",-0.8069,-0.6666,-0.4521,,
1790756475898986913,21.350,map,"nav2_feedback of the target goal (map, AMCL-based estimate)",-0.7985,-0.6706,-0.4518,,
1790756475909556963,21.350,map,"nav2_feedback of the target goal (map, AMCL-based estimate)",-0.7985,-0.6706,-0.4518,,
1790756475918957721,21.350,map,"nav2_feedback of the target goal (map, AMCL-based estimate)",-0.7985,-0.6706,-0.4518,,
1790756475929617695,21.350,map,"nav2_feedback of the target goal (map, AMCL-based estimate)",-0.7985,-0.6706,-0.4518,,
1790756475939037058,21.350,map,"nav2_feedback of the target goal (map, AMCL-based estimate)",-0.7985,-0.6706,-0.4518,,
1790756475949316101,21.367,map,"nav2_feedback of the target goal (map, AMCL-based estimate)",-0.7902,-0.6747,-0.4514,,
1790756475959292579,21.367,map,"nav2_feedback of the target goal (map, AMCL-based estimate)",-0.7902,-0.6747,-0.4514,,
1790756475968914623,21.367,map,"nav2_feedback of the target goal (map, AMCL-based estimate)",-0.7902,-0.6747,-0.4514,,
1790756475979199491,21.367,map,"nav2_feedback of the target goal (map, AMCL-based estimate)",-0.7902,-0.6747,-0.4514,,
1790756475989041130,21.383,map,"nav2_feedback of the target goal (map, AMCL-based estimate)",-0.7819,-0.6787,-0.4510,,
1790756475998984814,21.383,map,"nav2_feedback of the target goal (map, AMCL-based estimate)",-0.7819,-0.6787,-0.4510,,
1790756476009700885,21.383,map,"nav2_feedback of the target goal (map, AMCL-based estimate)",-0.7819,-0.6787,-0.4510,,
1790756476019208950,21.383,map,"nav2_feedback of the target goal (map, AMCL-based estimate)",-0.7819,-0.6787,-0.4510,,
1790756476029483107,21.383,map,"nav2_feedback of the target goal (map, AMCL-based estimate)",-0.7819,-0.6787,-0.4510,,
1790756476038959788,21.400,map,"nav2_feedback of the target goal (map, AMCL-based estimate)",-0.7737,-0.6826,-0.4507,,
1790756476049120811,21.400,map,"nav2_feedback of the target goal (map, AMCL-based estimate)",-0.7737,-0.6826,-0.4507,,
1790756476059949076,21.400,map,"nav2_feedback of the target goal (map, AMCL-based estimate)",-0.7737,-0.6826,-0.4507,,
1790756476069499237,21.400,map,"nav2_feedback of the target goal (map, AMCL-based estimate)",-0.7737,-0.6826,-0.4507,,
1790756476079315787,21.417,map,"nav2_feedback of the target goal (map, AMCL-based estimate)",-0.7655,-0.6866,-0.4504,,
1790756476089112887,21.417,map,"nav2_feedback of the target goal (map, AMCL-based estimate)",-0.7655,-0.6866,-0.4504,,
1790756476099217438,21.417,map,"nav2_feedback of the target goal (map, AMCL-based estimate)",-0.7655,-0.6866,-0.4504,,
1790756476109730546,21.417,map,"nav2_feedback of the target goal (map, AMCL-based estimate)",-0.7655,-0.6866,-0.4504,,
1790756476119181575,21.417,map,"nav2_feedback of the target goal (map, AMCL-based estimate)",-0.7655,-0.6866,-0.4504,,
1790756476128984124,21.433,map,"nav2_feedback of the target goal (map, AMCL-based estimate)",-0.7574,-0.6905,-0.4502,,
1790756476139032954,21.433,map,"nav2_feedback of the target goal (map, AMCL-based estimate)",-0.7574,-0.6905,-0.4502,,
1790756476149171051,21.433,map,"nav2_feedback of the target goal (map, AMCL-based estimate)",-0.7574,-0.6905,-0.4502,,
1790756476159512862,21.450,map,"nav2_feedback of the target goal (map, AMCL-based estimate)",-0.7496,-0.6943,-0.4499,,
1790756476168991516,21.450,map,"nav2_feedback of the target goal (map, AMCL-based estimate)",-0.7496,-0.6943,-0.4499,,
1790756476178898178,21.450,map,"nav2_feedback of the target goal (map, AMCL-based estimate)",-0.7496,-0.6943,-0.4499,,
1790756476188943250,21.450,map,"nav2_feedback of the target goal (map, AMCL-based estimate)",-0.7496,-0.6943,-0.4499,,
1790756476199462747,21.450,map,"nav2_feedback of the target goal (map, AMCL-based estimate)",-0.7496,-0.6943,-0.4499,,
1790756476209247913,21.467,map,"nav2_feedback of the target goal (map, AMCL-based estimate)",-0.7420,-0.6980,-0.4496,,
1790756476219067376,21.467,map,"nav2_feedback of the target goal (map, AMCL-based estimate)",-0.7420,-0.6980,-0.4496,,
1790756476229173995,21.467,map,"nav2_feedback of the target goal (map, AMCL-based estimate)",-0.7420,-0.6980,-0.4496,,
1790756476239110161,21.467,map,"nav2_feedback of the target goal (map, AMCL-based estimate)",-0.7420,-0.6980,-0.4496,,
1790756476249008742,21.483,map,"nav2_feedback of the target goal (map, AMCL-based estimate)",-0.7343,-0.7016,-0.4492,,
1790756476259529743,21.483,map,"nav2_feedback of the target goal (map, AMCL-based estimate)",-0.7343,-0.7016,-0.4492,,
1790756476270613591,21.483,map,"nav2_feedback of the target goal (map, AMCL-based estimate)",-0.7343,-0.7016,-0.4492,,
1790756476279089082,21.483,map,"nav2_feedback of the target goal (map, AMCL-based estimate)",-0.7343,-0.7016,-0.4492,,
1790756476289164786,21.483,map,"nav2_feedback of the target goal (map, AMCL-based estimate)",-0.7343,-0.7016,-0.4492,,
1790756476299288318,21.500,map,"nav2_feedback of the target goal (map, AMCL-based estimate)",-0.7267,-0.7053,-0.4488,,
1790756476309276823,21.500,map,"nav2_feedback of the target goal (map, AMCL-based estimate)",-0.7267,-0.7053,-0.4488,,
1790756476319128046,21.500,map,"nav2_feedback of the target goal (map, AMCL-based estimate)",-0.7267,-0.7053,-0.4488,,
1790756476329240584,21.500,map,"nav2_feedback of the target goal (map, AMCL-based estimate)",-0.7267,-0.7053,-0.4488,,
1790756476339226552,21.517,map,"nav2_feedback of the target goal (map, AMCL-based estimate)",-0.7191,-0.7090,-0.4485,,
1790756476349153792,21.517,map,"nav2_feedback of the target goal (map, AMCL-based estimate)",-0.7191,-0.7090,-0.4485,,
1790756476359182513,21.517,map,"nav2_feedback of the target goal (map, AMCL-based estimate)",-0.7191,-0.7090,-0.4485,,
1790756476369053375,21.517,map,"nav2_feedback of the target goal (map, AMCL-based estimate)",-0.7191,-0.7090,-0.4485,,
1790756476379645037,21.517,map,"nav2_feedback of the target goal (map, AMCL-based estimate)",-0.7191,-0.7090,-0.4485,,
1790756476389128014,21.533,map,"nav2_feedback of the target goal (map, AMCL-based estimate)",-0.7117,-0.7125,-0.4482,,
1790756476399339778,21.533,map,"nav2_feedback of the target goal (map, AMCL-based estimate)",-0.7117,-0.7125,-0.4482,,
1790756476409766345,21.533,map,"nav2_feedback of the target goal (map, AMCL-based estimate)",-0.7117,-0.7125,-0.4482,,
1790756476419181762,21.533,map,"nav2_feedback of the target goal (map, AMCL-based estimate)",-0.7117,-0.7125,-0.4482,,
1790756476429153447,21.550,map,"nav2_feedback of the target goal (map, AMCL-based estimate)",-0.7047,-0.7159,-0.4480,,
1790756476439071667,21.550,map,"nav2_feedback of the target goal (map, AMCL-based estimate)",-0.7047,-0.7159,-0.4480,,
1790756476449385382,21.550,map,"nav2_feedback of the target goal (map, AMCL-based estimate)",-0.7047,-0.7159,-0.4480,,
1790756476459515585,21.550,map,"nav2_feedback of the target goal (map, AMCL-based estimate)",-0.7047,-0.7159,-0.4480,,
1790756476469146556,21.550,map,"nav2_feedback of the target goal (map, AMCL-based estimate)",-0.7047,-0.7159,-0.4480,,
1790756476479365368,21.567,map,"nav2_feedback of the target goal (map, AMCL-based estimate)",-0.6978,-0.7192,-0.4478,,
1790756476489215087,21.567,map,"nav2_feedback of the target goal (map, AMCL-based estimate)",-0.6978,-0.7192,-0.4478,,
1790756476499243245,21.567,map,"nav2_feedback of the target goal (map, AMCL-based estimate)",-0.6978,-0.7192,-0.4478,,
1790756476509453036,21.567,map,"nav2_feedback of the target goal (map, AMCL-based estimate)",-0.6978,-0.7192,-0.4478,,
1790756476518986660,21.583,map,"nav2_feedback of the target goal (map, AMCL-based estimate)",-0.6908,-0.7226,-0.4476,,
1790756476529647010,21.583,map,"nav2_feedback of the target goal (map, AMCL-based estimate)",-0.6908,-0.7226,-0.4476,,
1790756476539283806,21.583,map,"nav2_feedback of the target goal (map, AMCL-based estimate)",-0.6908,-0.7226,-0.4476,,
1790756476549467757,21.583,map,"nav2_feedback of the target goal (map, AMCL-based estimate)",-0.6908,-0.7226,-0.4476,,
1790756476559141482,21.583,map,"nav2_feedback of the target goal (map, AMCL-based estimate)",-0.6908,-0.7226,-0.4476,,
1790756476569204031,21.600,map,"nav2_feedback of the target goal (map, AMCL-based estimate)",-0.6839,-0.7259,-0.4475,,
1790756476579060985,21.600,map,"nav2_feedback of the target goal (map, AMCL-based estimate)",-0.6839,-0.7259,-0.4475,,
1790756476589782318,21.600,map,"nav2_feedback of the target goal (map, AMCL-based estimate)",-0.6839,-0.7259,-0.4475,,
1790756476599405114,21.600,map,"nav2_feedback of the target goal (map, AMCL-based estimate)",-0.6839,-0.7259,-0.4475,,
1790756476609355939,21.617,map,"nav2_feedback of the target goal (map, AMCL-based estimate)",-0.6769,-0.7292,-0.4473,,
1790756476619040282,21.617,map,"nav2_feedback of the target goal (map, AMCL-based estimate)",-0.6769,-0.7292,-0.4473,,
1790756476628961602,21.617,map,"nav2_feedback of the target goal (map, AMCL-based estimate)",-0.6769,-0.7292,-0.4473,,
1790756476639102423,21.617,map,"nav2_feedback of the target goal (map, AMCL-based estimate)",-0.6769,-0.7292,-0.4473,,
1790756476649233660,21.633,map,"nav2_feedback of the target goal (map, AMCL-based estimate)",-0.6699,-0.7326,-0.4471,,
1790756476659476903,21.633,map,"nav2_feedback of the target goal (map, AMCL-based estimate)",-0.6699,-0.7326,-0.4471,,
1790756476669019171,21.633,map,"nav2_feedback of the target goal (map, AMCL-based estimate)",-0.6699,-0.7326,-0.4471,,
1790756476679129360,21.633,map,"nav2_feedback of the target goal (map, AMCL-based estimate)",-0.6699,-0.7326,-0.4471,,
1790756476689564383,21.650,map,"nav2_feedback of the target goal (map, AMCL-based estimate)",-0.6630,-0.7359,-0.4467,,
1790756476699064462,21.650,map,"nav2_feedback of the target goal (map, AMCL-based estimate)",-0.6630,-0.7359,-0.4467,,
1790756476709710811,21.650,map,"nav2_feedback of the target goal (map, AMCL-based estimate)",-0.6630,-0.7359,-0.4467,,
1790756476719085353,21.650,map,"nav2_feedback of the target goal (map, AMCL-based estimate)",-0.6630,-0.7359,-0.4467,,
1790756476729647980,21.667,map,"nav2_feedback of the target goal (map, AMCL-based estimate)",-0.6560,-0.7393,-0.4465,,
1790756476738948290,21.667,map,"nav2_feedback of the target goal (map, AMCL-based estimate)",-0.6560,-0.7393,-0.4465,,
1790756476749316693,21.667,map,"nav2_feedback of the target goal (map, AMCL-based estimate)",-0.6560,-0.7393,-0.4465,,
1790756476759326622,21.667,map,"nav2_feedback of the target goal (map, AMCL-based estimate)",-0.6560,-0.7393,-0.4465,,
1790756476768965580,21.683,map,"nav2_feedback of the target goal (map, AMCL-based estimate)",-0.6490,-0.7426,-0.4463,,
1790756476781154166,21.683,map,"nav2_feedback of the target goal (map, AMCL-based estimate)",-0.6490,-0.7426,-0.4463,,
1790756476788988726,21.683,map,"nav2_feedback of the target goal (map, AMCL-based estimate)",-0.6490,-0.7426,-0.4463,,
1790756476798850003,21.683,map,"nav2_feedback of the target goal (map, AMCL-based estimate)",-0.6490,-0.7426,-0.4463,,
1790756476810050930,21.683,map,"nav2_feedback of the target goal (map, AMCL-based estimate)",-0.6490,-0.7426,-0.4463,,
1790756476819382249,21.683,map,"nav2_feedback of the target goal (map, AMCL-based estimate)",-0.6490,-0.7426,-0.4463,,
1790756476829351585,21.683,map,"nav2_feedback of the target goal (map, AMCL-based estimate)",-0.6490,-0.7426,-0.4463,,
1790756476839231373,21.700,map,"nav2_feedback of the target goal (map, AMCL-based estimate)",-0.6422,-0.7459,-0.4462,,
1790756476849326997,21.700,map,"nav2_feedback of the target goal (map, AMCL-based estimate)",-0.6422,-0.7459,-0.4462,,
1790756476859327060,21.700,map,"nav2_feedback of the target goal (map, AMCL-based estimate)",-0.6422,-0.7459,-0.4462,,
1790756476868914525,21.717,map,"nav2_feedback of the target goal (map, AMCL-based estimate)",-0.6357,-0.7490,-0.4460,,
1790756476879446614,21.717,map,"nav2_feedback of the target goal (map, AMCL-based estimate)",-0.6357,-0.7490,-0.4460,,
1790756476889094028,21.717,map,"nav2_feedback of the target goal (map, AMCL-based estimate)",-0.6357,-0.7490,-0.4460,,
1790756476898993173,21.717,map,"nav2_feedback of the target goal (map, AMCL-based estimate)",-0.6357,-0.7490,-0.4460,,
1790756476909706989,21.717,map,"nav2_feedback of the target goal (map, AMCL-based estimate)",-0.6357,-0.7490,-0.4460,,
1790756476919365397,21.717,map,"nav2_feedback of the target goal (map, AMCL-based estimate)",-0.6357,-0.7490,-0.4460,,
1790756476929041941,21.733,map,"nav2_feedback of the target goal (map, AMCL-based estimate)",-0.6293,-0.7520,-0.4459,,
1790756476939039654,21.733,map,"nav2_feedback of the target goal (map, AMCL-based estimate)",-0.6293,-0.7520,-0.4459,,
1790756476949141762,21.733,map,"nav2_feedback of the target goal (map, AMCL-based estimate)",-0.6293,-0.7520,-0.4459,,
1790756476959339338,21.733,map,"nav2_feedback of the target goal (map, AMCL-based estimate)",-0.6293,-0.7520,-0.4459,,
1790756476969251544,21.750,map,"nav2_feedback of the target goal (map, AMCL-based estimate)",-0.6229,-0.7551,-0.4458,,
1790756476978907227,21.750,map,"nav2_feedback of the target goal (map, AMCL-based estimate)",-0.6229,-0.7551,-0.4458,,
1790756476988955399,21.750,map,"nav2_feedback of the target goal (map, AMCL-based estimate)",-0.6229,-0.7551,-0.4458,,
1790756476999574875,21.750,map,"nav2_feedback of the target goal (map, AMCL-based estimate)",-0.6229,-0.7551,-0.4458,,
1790756477009662230,21.750,map,"nav2_feedback of the target goal (map, AMCL-based estimate)",-0.6229,-0.7551,-0.4458,,
1790756477018994864,21.767,map,"nav2_feedback of the target goal (map, AMCL-based estimate)",-0.6165,-0.7581,-0.4455,,
1790756477029026499,21.767,map,"nav2_feedback of the target goal (map, AMCL-based estimate)",-0.6165,-0.7581,-0.4455,,
1790756477039477966,21.767,map,"nav2_feedback of the target goal (map, AMCL-based estimate)",-0.6165,-0.7581,-0.4455,,
1790756477049208163,21.767,map,"nav2_feedback of the target goal (map, AMCL-based estimate)",-0.6165,-0.7581,-0.4455,,
1790756477059351239,21.767,map,"nav2_feedback of the target goal (map, AMCL-based estimate)",-0.6165,-0.7581,-0.4455,,
1790756477068962947,21.783,map,"nav2_feedback of the target goal (map, AMCL-based estimate)",-0.6102,-0.7612,-0.4453,,
1790756477081534814,21.783,map,"nav2_feedback of the target goal (map, AMCL-based estimate)",-0.6102,-0.7612,-0.4453,,
1790756477088830395,21.783,map,"nav2_feedback of the target goal (map, AMCL-based estimate)",-0.6102,-0.7612,-0.4453,,
1790756477099206691,21.783,map,"nav2_feedback of the target goal (map, AMCL-based estimate)",-0.6102,-0.7612,-0.4453,,
1790756477109721020,21.783,map,"nav2_feedback of the target goal (map, AMCL-based estimate)",-0.6102,-0.7612,-0.4453,,
1790756477118986094,21.800,map,"nav2_feedback of the target goal (map, AMCL-based estimate)",-0.6038,-0.7642,-0.4450,,
1790756477129121183,21.800,map,"nav2_feedback of the target goal (map, AMCL-based estimate)",-0.6038,-0.7642,-0.4450,,
1790756477138931532,21.800,map,"nav2_feedback of the target goal (map, AMCL-based estimate)",-0.6038,-0.7642,-0.4450,,
1790756477149270618,21.800,map,"nav2_feedback of the target goal (map, AMCL-based estimate)",-0.6038,-0.7642,-0.4450,,
1790756477159198798,21.817,map,"nav2_feedback of the target goal (map, AMCL-based estimate)",-0.5935,-0.7621,-0.4414,,
1790756477168883892,21.817,map,"nav2_feedback of the target goal (map, AMCL-based estimate)",-0.5935,-0.7621,-0.4414,,
1790756477181157422,21.817,map,"nav2_feedback of the target goal (map, AMCL-based estimate)",-0.5935,-0.7621,-0.4414,,
1790756477189209134,21.817,map,"nav2_feedback of the target goal (map, AMCL-based estimate)",-0.5935,-0.7621,-0.4414,,
1790756477199078492,21.817,map,"nav2_feedback of the target goal (map, AMCL-based estimate)",-0.5935,-0.7621,-0.4414,,
1790756477209108623,21.817,map,"nav2_feedback of the target goal (map, AMCL-based estimate)",-0.5935,-0.7621,-0.4414,,
1790756477219108028,21.833,map,"nav2_feedback of the target goal (map, AMCL-based estimate)",-0.5835,-0.7599,-0.4380,,
1790756477229407931,21.833,map,"nav2_feedback of the target goal (map, AMCL-based estimate)",-0.5835,-0.7599,-0.4380,,
1790756477239303881,21.833,map,"nav2_feedback of the target goal (map, AMCL-based estimate)",-0.5835,-0.7599,-0.4380,,
1790756477249183011,21.850,map,"nav2_feedback of the target goal (map, AMCL-based estimate)",-0.5737,-0.7575,-0.4345,,
1790756477259465813,21.850,map,"nav2_feedback of the target goal (map, AMCL-based estimate)",-0.5737,-0.7575,-0.4345,,
1790756477269260939,21.850,map,"nav2_feedback of the target goal (map, AMCL-based estimate)",-0.5737,-0.7575,-0.4345,,
1790756477280313966,21.850,map,"nav2_feedback of the target goal (map, AMCL-based estimate)",-0.5737,-0.7575,-0.4345,,
1790756477289281266,21.850,map,"nav2_feedback of the target goal (map, AMCL-based estimate)",-0.5737,-0.7575,-0.4345,,
1790756477299432424,21.850,map,"nav2_feedback of the target goal (map, AMCL-based estimate)",-0.5737,-0.7575,-0.4345,,
1790756477309551069,21.867,map,"nav2_feedback of the target goal (map, AMCL-based estimate)",-0.5641,-0.7550,-0.4311,,
1790756477319173113,21.867,map,"nav2_feedback of the target goal (map, AMCL-based estimate)",-0.5641,-0.7550,-0.4311,,
1790756477329139725,21.867,map,"nav2_feedback of the target goal (map, AMCL-based estimate)",-0.5641,-0.7550,-0.4311,,
1790756477339080214,21.883,map,"nav2_feedback of the target goal (map, AMCL-based estimate)",-0.5546,-0.7524,-0.4277,,
1790756477349232029,21.883,map,"nav2_feedback of the target goal (map, AMCL-based estimate)",-0.5546,-0.7524,-0.4277,,
1790756477359025746,21.883,map,"nav2_feedback of the target goal (map, AMCL-based estimate)",-0.5546,-0.7524,-0.4277,,
1790756477369092711,21.883,map,"nav2_feedback of the target goal (map, AMCL-based estimate)",-0.5546,-0.7524,-0.4277,,
1790756477379118332,21.883,map,"nav2_feedback of the target goal (map, AMCL-based estimate)",-0.5546,-0.7524,-0.4277,,
1790756477389103736,21.883,map,"nav2_feedback of the target goal (map, AMCL-based estimate)",-0.5546,-0.7524,-0.4277,,
1790756477399066213,21.900,map,"nav2_feedback of the target goal (map, AMCL-based estimate)",-0.5452,-0.7499,-0.4243,,
1790756477409214833,21.900,map,"nav2_feedback of the target goal (map, AMCL-based estimate)",-0.5452,-0.7499,-0.4243,,
1790756477419214896,21.900,map,"nav2_feedback of the target goal (map, AMCL-based estimate)",-0.5452,-0.7499,-0.4243,,
1790756477429639113,21.900,map,"nav2_feedback of the target goal (map, AMCL-based estimate)",-0.5452,-0.7499,-0.4243,,
1790756477438999279,21.917,map,"nav2_feedback of the target goal (map, AMCL-based estimate)",-0.5394,-0.7525,-0.4240,,
1790756477449231809,21.917,map,"nav2_feedback of the target goal (map, AMCL-based estimate)",-0.5394,-0.7525,-0.4240,,
1790756477459270303,21.917,map,"nav2_feedback of the target goal (map, AMCL-based estimate)",-0.5394,-0.7525,-0.4240,,
1790756477469319415,21.917,map,"nav2_feedback of the target goal (map, AMCL-based estimate)",-0.5394,-0.7525,-0.4240,,
1790756477479458733,21.917,map,"nav2_feedback of the target goal (map, AMCL-based estimate)",-0.5394,-0.7525,-0.4240,,
1790756477488996209,21.933,map,"nav2_feedback of the target goal (map, AMCL-based estimate)",-0.5336,-0.7551,-0.4238,,
1790756477499102921,21.933,map,"nav2_feedback of the target goal (map, AMCL-based estimate)",-0.5336,-0.7551,-0.4238,,
1790756477509215083,21.933,map,"nav2_feedback of the target goal (map, AMCL-based estimate)",-0.5336,-0.7551,-0.4238,,
1790756477518974221,21.950,map,"nav2_feedback of the target goal (map, AMCL-based estimate)",-0.5279,-0.7577,-0.4235,,
1790756477529248190,21.950,map,"nav2_feedback of the target goal (map, AMCL-based estimate)",-0.5279,-0.7577,-0.4235,,
1790756477539076392,21.950,map,"nav2_feedback of the target goal (map, AMCL-based estimate)",-0.5279,-0.7577,-0.4235,,
1790756477549388228,21.950,map,"nav2_feedback of the target goal (map, AMCL-based estimate)",-0.5279,-0.7577,-0.4235,,
1790756477559425313,21.950,map,"nav2_feedback of the target goal (map, AMCL-based estimate)",-0.5279,-0.7577,-0.4235,,
1790756477569154664,21.967,map,"nav2_feedback of the target goal (map, AMCL-based estimate)",-0.5221,-0.7603,-0.4234,,
1790756477579119302,21.967,map,"nav2_feedback of the target goal (map, AMCL-based estimate)",-0.5221,-0.7603,-0.4234,,
1790756477589151500,21.967,map,"nav2_feedback of the target goal (map, AMCL-based estimate)",-0.5221,-0.7603,-0.4234,,
1790756477599201552,21.967,map,"nav2_feedback of the target goal (map, AMCL-based estimate)",-0.5221,-0.7603,-0.4234,,
1790756477609594198,21.967,map,"nav2_feedback of the target goal (map, AMCL-based estimate)",-0.5221,-0.7603,-0.4234,,
1790756477619109780,21.983,map,"nav2_feedback of the target goal (map, AMCL-based estimate)",-0.5165,-0.7628,-0.4233,,
1790756477629153536,21.983,map,"nav2_feedback of the target goal (map, AMCL-based estimate)",-0.5165,-0.7628,-0.4233,,
1790756477639200769,21.983,map,"nav2_feedback of the target goal (map, AMCL-based estimate)",-0.5165,-0.7628,-0.4233,,
1790756477649295266,21.983,map,"nav2_feedback of the target goal (map, AMCL-based estimate)",-0.5165,-0.7628,-0.4233,,
1790756477659235285,22.000,map,"nav2_feedback of the target goal (map, AMCL-based estimate)",-0.5112,-0.7652,-0.4233,,
1790756477669144390,22.000,map,"nav2_feedback of the target goal (map, AMCL-based estimate)",-0.5112,-0.7652,-0.4233,,
1790756477679208724,22.000,map,"nav2_feedback of the target goal (map, AMCL-based estimate)",-0.5112,-0.7652,-0.4233,,
1790756477689099882,22.000,map,"nav2_feedback of the target goal (map, AMCL-based estimate)",-0.5112,-0.7652,-0.4233,,
1790756477698963979,22.017,map,"nav2_feedback of the target goal (map, AMCL-based estimate)",-0.5060,-0.7675,-0.4231,,
1790756477709366960,22.017,map,"nav2_feedback of the target goal (map, AMCL-based estimate)",-0.5060,-0.7675,-0.4231,,
1790756477719075264,22.017,map,"nav2_feedback of the target goal (map, AMCL-based estimate)",-0.5060,-0.7675,-0.4231,,
1790756477729163559,22.017,map,"nav2_feedback of the target goal (map, AMCL-based estimate)",-0.5060,-0.7675,-0.4231,,
1790756477739058099,22.017,map,"nav2_feedback of the target goal (map, AMCL-based estimate)",-0.5060,-0.7675,-0.4231,,
1790756477749082499,22.017,map,"nav2_feedback of the target goal (map, AMCL-based estimate)",-0.5060,-0.7675,-0.4231,,
1790756477759174928,22.033,map,"nav2_feedback of the target goal (map, AMCL-based estimate)",-0.5008,-0.7699,-0.4231,,
1790756477769046636,22.033,map,"nav2_feedback of the target goal (map, AMCL-based estimate)",-0.5008,-0.7699,-0.4231,,
1790756477778920786,22.033,map,"nav2_feedback of the target goal (map, AMCL-based estimate)",-0.5008,-0.7699,-0.4231,,
1790756477791380272,22.033,map,"nav2_feedback of the target goal (map, AMCL-based estimate)",-0.5008,-0.7699,-0.4231,,
1790756477798952295,22.050,map,"nav2_feedback of the target goal (map, AMCL-based estimate)",-0.4957,-0.7722,-0.4232,,
1790756477809221284,22.050,map,"nav2_feedback of the target goal (map, AMCL-based estimate)",-0.4957,-0.7722,-0.4232,,
1790756477819256959,22.050,map,"nav2_feedback of the target goal (map, AMCL-based estimate)",-0.4957,-0.7722,-0.4232,,
1790756477829119552,22.050,map,"nav2_feedback of the target goal (map, AMCL-based estimate)",-0.4957,-0.7722,-0.4232,,
1790756477838988346,22.050,map,"nav2_feedback of the target goal (map, AMCL-based estimate)",-0.4957,-0.7722,-0.4232,,
1790756477849317660,22.067,map,"nav2_feedback of the target goal (map, AMCL-based estimate)",-0.4906,-0.7745,-0.4231,,
1790756477859500765,22.067,map,"nav2_feedback of the target goal (map, AMCL-based estimate)",-0.4906,-0.7745,-0.4231,,
1790756477869243177,22.067,map,"nav2_feedback of the target goal (map, AMCL-based estimate)",-0.4906,-0.7745,-0.4231,,
1790756477879651515,22.067,map,"nav2_feedback of the target goal (map, AMCL-based estimate)",-0.4906,-0.7745,-0.4231,,
1790756477889059508,22.083,map,"nav2_feedback of the target goal (map, AMCL-based estimate)",-0.4854,-0.7768,-0.4229,,
1790756477898990883,22.083,map,"nav2_feedback of the target goal (map, AMCL-based estimate)",-0.4854,-0.7768,-0.4229,,
1790756477909119865,22.083,map,"nav2_feedback of the target goal (map, AMCL-based estimate)",-0.4854,-0.7768,-0.4229,,
1790756477919205153,22.083,map,"nav2_feedback of the target goal (map, AMCL-based estimate)",-0.4854,-0.7768,-0.4229,,
1790756477931498134,22.083,map,"nav2_feedback of the target goal (map, AMCL-based estimate)",-0.4854,-0.7768,-0.4229,,
1790756477939055405,22.100,map,"nav2_feedback of the target goal (map, AMCL-based estimate)",-0.4803,-0.7791,-0.4227,,
1790756477949084127,22.100,map,"nav2_feedback of the target goal (map, AMCL-based estimate)",-0.4803,-0.7791,-0.4227,,
1790756477959262534,22.100,map,"nav2_feedback of the target goal (map, AMCL-based estimate)",-0.4803,-0.7791,-0.4227,,
1790756477969181223,22.100,map,"nav2_feedback of the target goal (map, AMCL-based estimate)",-0.4803,-0.7791,-0.4227,,
1790756477978916964,22.117,map,"nav2_feedback of the target goal (map, AMCL-based estimate)",-0.4752,-0.7814,-0.4225,,
1790756477989080243,22.117,map,"nav2_feedback of the target goal (map, AMCL-based estimate)",-0.4752,-0.7814,-0.4225,,
1790756477998977602,22.117,map,"nav2_feedback of the target goal (map, AMCL-based estimate)",-0.4752,-0.7814,-0.4225,,
1790756478009509127,22.117,map,"nav2_feedback of the target goal (map, AMCL-based estimate)",-0.4752,-0.7814,-0.4225,,
1790756478019383559,22.117,map,"nav2_feedback of the target goal (map, AMCL-based estimate)",-0.4752,-0.7814,-0.4225,,
1790756478029543455,22.133,map,"nav2_feedback of the target goal (map, AMCL-based estimate)",-0.4700,-0.7837,-0.4224,,
1790756478039383027,22.133,map,"nav2_feedback of the target goal (map, AMCL-based estimate)",-0.4700,-0.7837,-0.4224,,
1790756478049277943,22.133,map,"nav2_feedback of the target goal (map, AMCL-based estimate)",-0.4700,-0.7837,-0.4224,,
1790756478060010740,22.133,map,"nav2_feedback of the target goal (map, AMCL-based estimate)",-0.4700,-0.7837,-0.4224,,
1790756478069248000,22.150,map,"nav2_feedback of the target goal (map, AMCL-based estimate)",-0.4649,-0.7860,-0.4223,,
1790756478079132580,22.150,map,"nav2_feedback of the target goal (map, AMCL-based estimate)",-0.4649,-0.7860,-0.4223,,
1790756478089051834,22.150,map,"nav2_feedback of the target goal (map, AMCL-based estimate)",-0.4649,-0.7860,-0.4223,,
1790756478099511852,22.150,map,"nav2_feedback of the target goal (map, AMCL-based estimate)",-0.4649,-0.7860,-0.4223,,
1790756478109230961,22.167,map,"nav2_feedback of the target goal (map, AMCL-based estimate)",-0.4599,-0.7882,-0.4223,,
1790756478118999308,22.167,map,"nav2_feedback of the target goal (map, AMCL-based estimate)",-0.4599,-0.7882,-0.4223,,
1790756478129245087,22.167,map,"nav2_feedback of the target goal (map, AMCL-based estimate)",-0.4599,-0.7882,-0.4223,,
1790756478139338738,22.167,map,"nav2_feedback of the target goal (map, AMCL-based estimate)",-0.4599,-0.7882,-0.4223,,
1790756478149341995,22.183,map,"nav2_feedback of the target goal (map, AMCL-based estimate)",-0.4554,-0.7903,-0.4224,,
1790756478159453594,22.183,map,"nav2_feedback of the target goal (map, AMCL-based estimate)",-0.4554,-0.7903,-0.4224,,
1790756478169378297,22.183,map,"nav2_feedback of the target goal (map, AMCL-based estimate)",-0.4554,-0.7903,-0.4224,,
1790756478179274811,22.183,map,"nav2_feedback of the target goal (map, AMCL-based estimate)",-0.4554,-0.7903,-0.4224,,
1790756478189204118,22.183,map,"nav2_feedback of the target goal (map, AMCL-based estimate)",-0.4554,-0.7903,-0.4224,,
1790756478199014843,22.200,map,"nav2_feedback of the target goal (map, AMCL-based estimate)",-0.4510,-0.7923,-0.4226,,
1790756478209453719,22.200,map,"nav2_feedback of the target goal (map, AMCL-based estimate)",-0.4510,-0.7923,-0.4226,,
1790756478219200547,22.200,map,"nav2_feedback of the target goal (map, AMCL-based estimate)",-0.4510,-0.7923,-0.4226,,
1790756478229221470,22.200,map,"nav2_feedback of the target goal (map, AMCL-based estimate)",-0.4510,-0.7923,-0.4226,,
1790756478239077203,22.217,map,"nav2_feedback of the target goal (map, AMCL-based estimate)",-0.4465,-0.7943,-0.4226,,
1790756478249089200,22.217,map,"nav2_feedback of the target goal (map, AMCL-based estimate)",-0.4465,-0.7943,-0.4226,,
1790756478261403886,22.217,map,"nav2_feedback of the target goal (map, AMCL-based estimate)",-0.4465,-0.7943,-0.4226,,
1790756478269053806,22.217,map,"nav2_feedback of the target goal (map, AMCL-based estimate)",-0.4465,-0.7943,-0.4226,,
1790756478279182976,22.217,map,"nav2_feedback of the target goal (map, AMCL-based estimate)",-0.4465,-0.7943,-0.4226,,
1790756478288975377,22.233,map,"nav2_feedback of the target goal (map, AMCL-based estimate)",-0.4420,-0.7963,-0.4226,,
1790756478299183665,22.233,map,"nav2_feedback of the target goal (map, AMCL-based estimate)",-0.4420,-0.7963,-0.4226,,
1790756478309479809,22.233,map,"nav2_feedback of the target goal (map, AMCL-based estimate)",-0.4420,-0.7963,-0.4226,,
1790756478319250975,22.250,map,"nav2_feedback of the target goal (map, AMCL-based estimate)",-0.4375,-0.7983,-0.4227,,
1790756478329125219,22.250,map,"nav2_feedback of the target goal (map, AMCL-based estimate)",-0.4375,-0.7983,-0.4227,,
1790756478338863591,22.250,map,"nav2_feedback of the target goal (map, AMCL-based estimate)",-0.4375,-0.7983,-0.4227,,
1790756478349214328,22.250,map,"nav2_feedback of the target goal (map, AMCL-based estimate)",-0.4375,-0.7983,-0.4227,,
1790756478359197289,22.250,map,"nav2_feedback of the target goal (map, AMCL-based estimate)",-0.4375,-0.7983,-0.4227,,
1790756478369218964,22.250,map,"nav2_feedback of the target goal (map, AMCL-based estimate)",-0.4375,-0.7983,-0.4227,,
1790756478379013151,22.267,map,"nav2_feedback of the target goal (map, AMCL-based estimate)",-0.4331,-0.8003,-0.4228,,
1790756478389187611,22.267,map,"nav2_feedback of the target goal (map, AMCL-based estimate)",-0.4331,-0.8003,-0.4228,,
1790756478398812474,22.267,map,"nav2_feedback of the target goal (map, AMCL-based estimate)",-0.4331,-0.8003,-0.4228,,
1790756478409879408,22.267,map,"nav2_feedback of the target goal (map, AMCL-based estimate)",-0.4331,-0.8003,-0.4228,,
1790756478419481531,22.283,map,"nav2_feedback of the target goal (map, AMCL-based estimate)",-0.4286,-0.8024,-0.4226,,
1790756478429153752,22.283,map,"nav2_feedback of the target goal (map, AMCL-based estimate)",-0.4286,-0.8024,-0.4226,,
1790756478439010237,22.283,map,"nav2_feedback of the target goal (map, AMCL-based estimate)",-0.4286,-0.8024,-0.4226,,
1790756478449192309,22.283,map,"nav2_feedback of the target goal (map, AMCL-based estimate)",-0.4286,-0.8024,-0.4226,,
1790756478459513918,22.300,map,"nav2_feedback of the target goal (map, AMCL-based estimate)",-0.4241,-0.8044,-0.4225,,
1790756478469152687,22.300,map,"nav2_feedback of the target goal (map, AMCL-based estimate)",-0.4241,-0.8044,-0.4225,,
1790756478479118923,22.300,map,"nav2_feedback of the target goal (map, AMCL-based estimate)",-0.4241,-0.8044,-0.4225,,
1790756478489474734,22.300,map,"nav2_feedback of the target goal (map, AMCL-based estimate)",-0.4241,-0.8044,-0.4225,,
1790756478499096309,22.317,map,"nav2_feedback of the target goal (map, AMCL-based estimate)",-0.4196,-0.8064,-0.4224,,
1790756478509419421,22.317,map,"nav2_feedback of the target goal (map, AMCL-based estimate)",-0.4196,-0.8064,-0.4224,,
1790756478518953796,22.317,map,"nav2_feedback of the target goal (map, AMCL-based estimate)",-0.4196,-0.8064,-0.4224,,
1790756478529136055,22.317,map,"nav2_feedback of the target goal (map, AMCL-based estimate)",-0.4196,-0.8064,-0.4224,,
1790756478539002219,22.317,map,"nav2_feedback of the target goal (map, AMCL-based estimate)",-0.4196,-0.8064,-0.4224,,
1790756478549400220,22.333,map,"nav2_feedback of the target goal (map, AMCL-based estimate)",-0.4151,-0.8084,-0.4222,,
1790756478559381114,22.333,map,"nav2_feedback of the target goal (map, AMCL-based estimate)",-0.4151,-0.8084,-0.4222,,
1790756478569190523,22.333,map,"nav2_feedback of the target goal (map, AMCL-based estimate)",-0.4151,-0.8084,-0.4222,,
1790756478579217460,22.333,map,"nav2_feedback of the target goal (map, AMCL-based estimate)",-0.4151,-0.8084,-0.4222,,
1790756478589242047,22.350,map,"nav2_feedback of the target goal (map, AMCL-based estimate)",-0.4106,-0.8104,-0.4222,,
1790756478598875273,22.350,map,"nav2_feedback of the target goal (map, AMCL-based estimate)",-0.4106,-0.8104,-0.4222,,
1790756478609114381,22.350,map,"nav2_feedback of the target goal (map, AMCL-based estimate)",-0.4106,-0.8104,-0.4222,,
1790756478619228140,22.350,map,"nav2_feedback of the target goal (map, AMCL-based estimate)",-0.4106,-0.8104,-0.4222,,
1790756478629218806,22.367,map,"nav2_feedback of the target goal (map, AMCL-based estimate)",-0.4061,-0.8125,-0.4222,,
1790756478639199230,22.367,map,"nav2_feedback of the target goal (map, AMCL-based estimate)",-0.4061,-0.8125,-0.4222,,
1790756478648880284,22.367,map,"nav2_feedback of the target goal (map, AMCL-based estimate)",-0.4061,-0.8125,-0.4222,,
1790756478661359126,22.367,map,"nav2_feedback of the target goal (map, AMCL-based estimate)",-0.4061,-0.8125,-0.4222,,
1790756478668939513,22.383,map,"nav2_feedback of the target goal (map, AMCL-based estimate)",-0.4016,-0.8145,-0.4223,,
1790756478678885170,22.383,map,"nav2_feedback of the target goal (map, AMCL-based estimate)",-0.4016,-0.8145,-0.4223,,
1790756478688920657,22.383,map,"nav2_feedback of the target goal (map, AMCL-based estimate)",-0.4016,-0.8145,-0.4223,,
1790756478699103292,22.383,map,"nav2_feedback of the target goal (map, AMCL-based estimate)",-0.4016,-0.8145,-0.4223,,
1790756478710081054,22.383,map,"nav2_feedback of the target goal (map, AMCL-based estimate)",-0.4016,-0.8145,-0.4223,,
1790756478719356652,22.400,map,"nav2_feedback of the target goal (map, AMCL-based estimate)",-0.3973,-0.8164,-0.4225,,
1790756478729471351,22.400,map,"nav2_feedback of the target goal (map, AMCL-based estimate)",-0.3973,-0.8164,-0.4225,,
1790756478739417102,22.400,map,"nav2_feedback of the target goal (map, AMCL-based estimate)",-0.3973,-0.8164,-0.4225,,
1790756478749306099,22.400,map,"nav2_feedback of the target goal (map, AMCL-based estimate)",-0.3973,-0.8164,-0.4225,,
1790756478759626580,22.400,map,"nav2_feedback of the target goal (map, AMCL-based estimate)",-0.3973,-0.8164,-0.4225,,
1790756478769195628,22.417,map,"nav2_feedback of the target goal (map, AMCL-based estimate)",-0.3934,-0.8182,-0.4229,,
1790756478779257143,22.417,map,"nav2_feedback of the target goal (map, AMCL-based estimate)",-0.3934,-0.8182,-0.4229,,
1790756478788985085,22.417,map,"nav2_feedback of the target goal (map, AMCL-based estimate)",-0.3934,-0.8182,-0.4229,,
1790756478799460325,22.417,map,"nav2_feedback of the target goal (map, AMCL-based estimate)",-0.3934,-0.8182,-0.4229,,
1790756478809288997,22.433,map,"nav2_feedback of the target goal (map, AMCL-based estimate)",-0.3898,-0.8198,-0.4236,,
1790756478819074163,22.433,map,"nav2_feedback of the target goal (map, AMCL-based estimate)",-0.3898,-0.8198,-0.4236,,
1790756478829277846,22.433,map,"nav2_feedback of the target goal (map, AMCL-based estimate)",-0.3898,-0.8198,-0.4236,,
1790756478838963410,22.433,map,"nav2_feedback of the target goal (map, AMCL-based estimate)",-0.3898,-0.8198,-0.4236,,
1790756478849227889,22.433,map,"nav2_feedback of the target goal (map, AMCL-based estimate)",-0.3898,-0.8198,-0.4236,,
1790756478859105422,22.450,map,"nav2_feedback of the target goal (map, AMCL-based estimate)",-0.3863,-0.8214,-0.4242,,
1790756478868879312,22.450,map,"nav2_feedback of the target goal (map, AMCL-based estimate)",-0.3863,-0.8214,-0.4242,,
1790756478879329558,22.450,map,"nav2_feedback of the target goal (map, AMCL-based estimate)",-0.3863,-0.8214,-0.4242,,
1790756478889164243,22.450,map,"nav2_feedback of the target goal (map, AMCL-based estimate)",-0.3863,-0.8214,-0.4242,,
1790756478899126250,22.467,map,"nav2_feedback of the target goal (map, AMCL-based estimate)",-0.3826,-0.8230,-0.4246,,
1790756478909648755,22.467,map,"nav2_feedback of the target goal (map, AMCL-based estimate)",-0.3826,-0.8230,-0.4246,,
1790756478919544141,22.467,map,"nav2_feedback of the target goal (map, AMCL-based estimate)",-0.3826,-0.8230,-0.4246,,
1790756478929157634,22.467,map,"nav2_feedback of the target goal (map, AMCL-based estimate)",-0.3826,-0.8230,-0.4246,,
1790756478938870824,22.483,map,"nav2_feedback of the target goal (map, AMCL-based estimate)",-0.3788,-0.8248,-0.4249,,
1790756478949013054,22.483,map,"nav2_feedback of the target goal (map, AMCL-based estimate)",-0.3788,-0.8248,-0.4249,,
1790756478959200764,22.483,map,"nav2_feedback of the target goal (map, AMCL-based estimate)",-0.3788,-0.8248,-0.4249,,
1790756478968973057,22.483,map,"nav2_feedback of the target goal (map, AMCL-based estimate)",-0.3788,-0.8248,-0.4249,,
1790756478979367394,22.483,map,"nav2_feedback of the target goal (map, AMCL-based estimate)",-0.3788,-0.8248,-0.4249,,
1790756478989011050,22.483,map,"nav2_feedback of the target goal (map, AMCL-based estimate)",-0.3788,-0.8248,-0.4249,,
1790756478998953512,22.500,map,"nav2_feedback of the target goal (map, AMCL-based estimate)",-0.3750,-0.8265,-0.4252,,
1790756479009393892,22.500,map,"nav2_feedback of the target goal (map, AMCL-based estimate)",-0.3750,-0.8265,-0.4252,,
1790756479019004754,22.500,map,"nav2_feedback of the target goal (map, AMCL-based estimate)",-0.3750,-0.8265,-0.4252,,
1790756479029253634,22.517,map,"nav2_feedback of the target goal (map, AMCL-based estimate)",-0.3711,-0.8282,-0.4254,,
1790756479041319785,22.517,map,"nav2_feedback of the target goal (map, AMCL-based estimate)",-0.3711,-0.8282,-0.4254,,
1790756479049449299,22.517,map,"nav2_feedback of the target goal (map, AMCL-based estimate)",-0.3711,-0.8282,-0.4254,,
1790756479059264722,22.517,map,"nav2_feedback of the target goal (map, AMCL-based estimate)",-0.3711,-0.8282,-0.4254,,
1790756479069153813,22.517,map,"nav2_feedback of the target goal (map, AMCL-based estimate)",-0.3711,-0.8282,-0.4254,,
1790756479079445916,22.517,map,"nav2_feedback of the target goal (map, AMCL-based estimate)",-0.3711,-0.8282,-0.4254,,
1790756479089141534,22.517,map,"nav2_feedback of the target goal (map, AMCL-based estimate)",-0.3711,-0.8282,-0.4254,,
1790756479099996485,22.533,map,"nav2_feedback of the target goal (map, AMCL-based estimate)",-0.3673,-0.8300,-0.4256,,
1790756479109870353,22.533,map,"nav2_feedback of the target goal (map, AMCL-based estimate)",-0.3673,-0.8300,-0.4256,,
1790756479119225351,22.533,map,"nav2_feedback of the target goal (map, AMCL-based estimate)",-0.3673,-0.8300,-0.4256,,
1790756479129222218,22.533,map,"nav2_feedback of the target goal (map, AMCL-based estimate)",-0.3673,-0.8300,-0.4256,,
1790756479139092704,22.550,map,"nav2_feedback of the target goal (map, AMCL-based estimate)",-0.3634,-0.8317,-0.4257,,
1790756479149124621,22.550,map,"nav2_feedback of the target goal (map, AMCL-based estimate)",-0.3634,-0.8317,-0.4257,,
1790756479159600707,22.550,map,"nav2_feedback of the target goal (map, AMCL-based estimate)",-0.3634,-0.8317,-0.4257,,
1790756479169206119,22.550,map,"nav2_feedback of the target goal (map, AMCL-based estimate)",-0.3634,-0.8317,-0.4257,,
1790756479179058939,22.550,map,"nav2_feedback of the target goal (map, AMCL-based estimate)",-0.3634,-0.8317,-0.4257,,
1790756479189054398,22.567,map,"nav2_feedback of the target goal (map, AMCL-based estimate)",-0.3596,-0.8335,-0.4257,,
1790756479199515731,22.567,map,"nav2_feedback of the target goal (map, AMCL-based estimate)",-0.3596,-0.8335,-0.4257,,
1790756479209421548,22.567,map,"nav2_feedback of the target goal (map, AMCL-based estimate)",-0.3596,-0.8335,-0.4257,,
1790756479219024517,22.567,map,"nav2_feedback of the target goal (map, AMCL-based estimate)",-0.3596,-0.8335,-0.4257,,
1790756479229231959,22.583,map,"nav2_feedback of the target goal (map, AMCL-based estimate)",-0.3557,-0.8352,-0.4258,,
1790756479239026052,22.583,map,"nav2_feedback of the target goal (map, AMCL-based estimate)",-0.3557,-0.8352,-0.4258,,
1790756479249057498,22.583,map,"nav2_feedback of the target goal (map, AMCL-based estimate)",-0.3557,-0.8352,-0.4258,,
1790756479259399497,22.583,map,"nav2_feedback of the target goal (map, AMCL-based estimate)",-0.3557,-0.8352,-0.4258,,
1790756479269162018,22.583,map,"nav2_feedback of the target goal (map, AMCL-based estimate)",-0.3557,-0.8352,-0.4258,,
1790756479279192995,22.600,map,"nav2_feedback of the target goal (map, AMCL-based estimate)",-0.3519,-0.8370,-0.4261,,
1790756479289103791,22.600,map,"nav2_feedback of the target goal (map, AMCL-based estimate)",-0.3519,-0.8370,-0.4261,,
1790756479299287648,22.600,map,"nav2_feedback of the target goal (map, AMCL-based estimate)",-0.3519,-0.8370,-0.4261,,
1790756479309280382,22.617,map,"nav2_feedback of the target goal (map, AMCL-based estimate)",-0.3480,-0.8387,-0.4264,,
1790756479319353736,22.617,map,"nav2_feedback of the target goal (map, AMCL-based estimate)",-0.3480,-0.8387,-0.4264,,
1790756479329221403,22.617,map,"nav2_feedback of the target goal (map, AMCL-based estimate)",-0.3480,-0.8387,-0.4264,,
1790756479338994542,22.617,map,"nav2_feedback of the target goal (map, AMCL-based estimate)",-0.3480,-0.8387,-0.4264,,
1790756479349317372,22.617,map,"nav2_feedback of the target goal (map, AMCL-based estimate)",-0.3480,-0.8387,-0.4264,,
1790756479359089853,22.617,map,"nav2_feedback of the target goal (map, AMCL-based estimate)",-0.3480,-0.8387,-0.4264,,
1790756479369446886,22.633,map,"nav2_feedback of the target goal (map, AMCL-based estimate)",-0.3442,-0.8405,-0.4266,,
1790756479379180842,22.633,map,"nav2_feedback of the target goal (map, AMCL-based estimate)",-0.3442,-0.8405,-0.4266,,
1790756479389037891,22.633,map,"nav2_feedback of the target goal (map, AMCL-based estimate)",-0.3442,-0.8405,-0.4266,,
1790756479399013616,22.650,map,"nav2_feedback of the target goal (map, AMCL-based estimate)",-0.3404,-0.8422,-0.4269,,
1790756479409281853,22.650,map,"nav2_feedback of the target goal (map, AMCL-based estimate)",-0.3404,-0.8422,-0.4269,,
1790756479418993539,22.650,map,"nav2_feedback of the target goal (map, AMCL-based estimate)",-0.3404,-0.8422,-0.4269,,
1790756479429056276,22.650,map,"nav2_feedback of the target goal (map, AMCL-based estimate)",-0.3404,-0.8422,-0.4269,,
1790756479439346783,22.650,map,"nav2_feedback of the target goal (map, AMCL-based estimate)",-0.3404,-0.8422,-0.4269,,
1790756479449554412,22.650,map,"nav2_feedback of the target goal (map, AMCL-based estimate)",-0.3404,-0.8422,-0.4269,,
1790756479459193182,22.667,map,"nav2_feedback of the target goal (map, AMCL-based estimate)",-0.3365,-0.8440,-0.4272,,
1790756479470979225,22.667,map,"nav2_feedback of the target goal (map, AMCL-based estimate)",-0.3365,-0.8440,-0.4272,,
1790756479478924663,22.667,map,"nav2_feedback of the target goal (map, AMCL-based estimate)",-0.3365,-0.8440,-0.4272,,
1790756479488999427,22.667,map,"nav2_feedback of the target goal (map, AMCL-based estimate)",-0.3365,-0.8440,-0.4272,,
1790756479499114878,22.683,map,"nav2_feedback of the target goal (map, AMCL-based estimate)",-0.3328,-0.8456,-0.4276,,
1790756479509085248,22.683,map,"nav2_feedback of the target goal (map, AMCL-based estimate)",-0.3328,-0.8456,-0.4276,,
1790756479520611292,22.683,map,"nav2_feedback of the target goal (map, AMCL-based estimate)",-0.3328,-0.8456,-0.4276,,
1790756479529077762,22.683,map,"nav2_feedback of the target goal (map, AMCL-based estimate)",-0.3328,-0.8456,-0.4276,,
1790756479538925227,22.683,map,"nav2_feedback of the target goal (map, AMCL-based estimate)",-0.3328,-0.8456,-0.4276,,
1790756479549075820,22.700,map,"nav2_feedback of the target goal (map, AMCL-based estimate)",-0.3296,-0.8471,-0.4282,,
1790756479559323667,22.700,map,"nav2_feedback of the target goal (map, AMCL-based estimate)",-0.3296,-0.8471,-0.4282,,
1790756479570009293,22.700,map,"nav2_feedback of the target goal (map, AMCL-based estimate)",-0.3296,-0.8471,-0.4282,,
1790756479579081646,22.700,map,"nav2_feedback of the target goal (map, AMCL-based estimate)",-0.3296,-0.8471,-0.4282,,
1790756479589307317,22.717,map,"nav2_feedback of the target goal (map, AMCL-based estimate)",-0.3267,-0.8484,-0.4289,,
1790756479599048132,22.717,map,"nav2_feedback of the target goal (map, AMCL-based estimate)",-0.3267,-0.8484,-0.4289,,
1790756479609178147,22.717,map,"nav2_feedback of the target goal (map, AMCL-based estimate)",-0.3267,-0.8484,-0.4289,,
1790756479618886169,22.717,map,"nav2_feedback of the target goal (map, AMCL-based estimate)",-0.3267,-0.8484,-0.4289,,
1790756479629297513,22.733,map,"nav2_feedback of the target goal (map, AMCL-based estimate)",-0.3238,-0.8498,-0.4294,,
1790756479638911288,22.733,map,"nav2_feedback of the target goal (map, AMCL-based estimate)",-0.3238,-0.8498,-0.4294,,
1790756479649179055,22.733,map,"nav2_feedback of the target goal (map, AMCL-based estimate)",-0.3238,-0.8498,-0.4294,,
1790756479659056495,22.733,map,"nav2_feedback of the target goal (map, AMCL-based estimate)",-0.3238,-0.8498,-0.4294,,
1790756479669436079,22.750,map,"nav2_feedback of the target goal (map, AMCL-based estimate)",-0.3208,-0.8512,-0.4298,,
1790756479679240320,22.750,map,"nav2_feedback of the target goal (map, AMCL-based estimate)",-0.3208,-0.8512,-0.4298,,
1790756479688908125,22.750,map,"nav2_feedback of the target goal (map, AMCL-based estimate)",-0.3208,-0.8512,-0.4298,,
1790756479698969734,22.750,map,"nav2_feedback of the target goal (map, AMCL-based estimate)",-0.3208,-0.8512,-0.4298,,
1790756479709302430,22.750,map,"nav2_feedback of the target goal (map, AMCL-based estimate)",-0.3208,-0.8512,-0.4298,,
1790756479718903614,22.767,map,"nav2_feedback of the target goal (map, AMCL-based estimate)",-0.3176,-0.8526,-0.4302,,
1790756479729511344,22.767,map,"nav2_feedback of the target goal (map, AMCL-based estimate)",-0.3176,-0.8526,-0.4302,,
1790756479738948842,22.767,map,"nav2_feedback of the target goal (map, AMCL-based estimate)",-0.3176,-0.8526,-0.4302,,
1790756479749116913,22.767,map,"nav2_feedback of the target goal (map, AMCL-based estimate)",-0.3176,-0.8526,-0.4302,,
1790756479759411460,22.767,map,"nav2_feedback of the target goal (map, AMCL-based estimate)",-0.3176,-0.8526,-0.4302,,
1790756479769450800,22.783,map,"nav2_feedback of the target goal (map, AMCL-based estimate)",-0.3144,-0.8541,-0.4305,,
1790756479779359435,22.783,map,"nav2_feedback of the target goal (map, AMCL-based estimate)",-0.3144,-0.8541,-0.4305,,
1790756479789103257,22.783,map,"nav2_feedback of the target goal (map, AMCL-based estimate)",-0.3144,-0.8541,-0.4305,,
1790756479799173135,22.783,map,"nav2_feedback of the target goal (map, AMCL-based estimate)",-0.3144,-0.8541,-0.4305,,
1790756479809425868,22.800,map,"nav2_feedback of the target goal (map, AMCL-based estimate)",-0.3112,-0.8555,-0.4309,,
1790756479819426776,22.800,map,"nav2_feedback of the target goal (map, AMCL-based estimate)",-0.3112,-0.8555,-0.4309,,
1790756479829321974,22.800,map,"nav2_feedback of the target goal (map, AMCL-based estimate)",-0.3112,-0.8555,-0.4309,,
1790756479839092482,22.800,map,"nav2_feedback of the target goal (map, AMCL-based estimate)",-0.3112,-0.8555,-0.4309,,
1790756479849180495,22.817,map,"nav2_feedback of the target goal (map, AMCL-based estimate)",-0.3080,-0.8570,-0.4312,,
1790756479859087909,22.817,map,"nav2_feedback of the target goal (map, AMCL-based estimate)",-0.3080,-0.8570,-0.4312,,
1790756479868924662,22.817,map,"nav2_feedback of the target goal (map, AMCL-based estimate)",-0.3080,-0.8570,-0.4312,,
1790756479881211253,22.817,map,"nav2_feedback of the target goal (map, AMCL-based estimate)",-0.3080,-0.8570,-0.4312,,
1790756479889015275,22.817,map,"nav2_feedback of the target goal (map, AMCL-based estimate)",-0.3080,-0.8570,-0.4312,,
1790756479898905023,22.833,map,"nav2_feedback of the target goal (map, AMCL-based estimate)",-0.3048,-0.8585,-0.4315,,
1790756479909358182,22.833,map,"nav2_feedback of the target goal (map, AMCL-based estimate)",-0.3048,-0.8585,-0.4315,,
1790756479918913135,22.833,map,"nav2_feedback of the target goal (map, AMCL-based estimate)",-0.3048,-0.8585,-0.4315,,
1790756479929372496,22.833,map,"nav2_feedback of the target goal (map, AMCL-based estimate)",-0.3048,-0.8585,-0.4315,,
1790756479938917677,22.850,map,"nav2_feedback of the target goal (map, AMCL-based estimate)",-0.3016,-0.8600,-0.4318,,
1790756479949380608,22.850,map,"nav2_feedback of the target goal (map, AMCL-based estimate)",-0.3016,-0.8600,-0.4318,,
1790756479959400215,22.850,map,"nav2_feedback of the target goal (map, AMCL-based estimate)",-0.3016,-0.8600,-0.4318,,
1790756479969596005,22.850,map,"nav2_feedback of the target goal (map, AMCL-based estimate)",-0.3016,-0.8600,-0.4318,,
1790756479979235997,22.850,map,"nav2_feedback of the target goal (map, AMCL-based estimate)",-0.3016,-0.8600,-0.4318,,
1790756479988921654,22.867,map,"nav2_feedback of the target goal (map, AMCL-based estimate)",-0.2984,-0.8615,-0.4320,,
1790756479999202952,22.867,map,"nav2_feedback of the target goal (map, AMCL-based estimate)",-0.2984,-0.8615,-0.4320,,
1790756480009558952,22.867,map,"nav2_feedback of the target goal (map, AMCL-based estimate)",-0.2984,-0.8615,-0.4320,,
1790756480019240757,22.883,map,"nav2_feedback of the target goal (map, AMCL-based estimate)",-0.2952,-0.8629,-0.4319,,
1790756480029197032,22.883,map,"nav2_feedback of the target goal (map, AMCL-based estimate)",-0.2952,-0.8629,-0.4319,,
1790756480039356365,22.883,map,"nav2_feedback of the target goal (map, AMCL-based estimate)",-0.2952,-0.8629,-0.4319,,
1790756480049363850,22.883,map,"nav2_feedback of the target goal (map, AMCL-based estimate)",-0.2952,-0.8629,-0.4319,,
1790756480059380451,22.883,map,"nav2_feedback of the target goal (map, AMCL-based estimate)",-0.2952,-0.8629,-0.4319,,
1790756480069425992,22.883,map,"nav2_feedback of the target goal (map, AMCL-based estimate)",-0.2952,-0.8629,-0.4319,,
1790756480079284169,22.900,map,"nav2_feedback of the target goal (map, AMCL-based estimate)",-0.2920,-0.8644,-0.4317,,
1790756480089077134,22.900,map,"nav2_feedback of the target goal (map, AMCL-based estimate)",-0.2920,-0.8644,-0.4317,,
1790756480099196531,22.900,map,"nav2_feedback of the target goal (map, AMCL-based estimate)",-0.2920,-0.8644,-0.4317,,
1790756480109531201,22.917,map,"nav2_feedback of the target goal (map, AMCL-based estimate)",-0.2888,-0.8659,-0.4315,,
1790756480119044810,22.917,map,"nav2_feedback of the target goal (map, AMCL-based estimate)",-0.2888,-0.8659,-0.4315,,
1790756480130089286,22.917,map,"nav2_feedback of the target goal (map, AMCL-based estimate)",-0.2888,-0.8659,-0.4315,,
1790756480138940165,22.917,map,"nav2_feedback of the target goal (map, AMCL-based estimate)",-0.2888,-0.8659,-0.4315,,
1790756480149444064,22.917,map,"nav2_feedback of the target goal (map, AMCL-based estimate)",-0.2888,-0.8659,-0.4315,,
1790756480159442999,22.917,map,"nav2_feedback of the target goal (map, AMCL-based estimate)",-0.2888,-0.8659,-0.4315,,
1790756480168947588,22.933,map,"nav2_feedback of the target goal (map, AMCL-based estimate)",-0.2856,-0.8673,-0.4312,,
1790756480178987679,22.933,map,"nav2_feedback of the target goal (map, AMCL-based estimate)",-0.2856,-0.8673,-0.4312,,
1790756480189100687,22.933,map,"nav2_feedback of the target goal (map, AMCL-based estimate)",-0.2856,-0.8673,-0.4312,,
1790756480199242072,22.933,map,"nav2_feedback of the target goal (map, AMCL-based estimate)",-0.2856,-0.8673,-0.4312,,
1790756480209924880,22.950,map,"nav2_feedback of the target goal (map, AMCL-based estimate)",-0.2824,-0.8688,-0.4309,,
1790756480219202074,22.950,map,"nav2_feedback of the target goal (map, AMCL-based estimate)",-0.2824,-0.8688,-0.4309,,
1790756480229036102,22.950,map,"nav2_feedback of the target goal (map, AMCL-based estimate)",-0.2824,-0.8688,-0.4309,,
1790756480239449326,22.950,map,"nav2_feedback of the target goal (map, AMCL-based estimate)",-0.2824,-0.8688,-0.4309,,
1790756480249251594,22.950,map,"nav2_feedback of the target goal (map, AMCL-based estimate)",-0.2824,-0.8688,-0.4309,,
1790756480259540221,22.967,map,"nav2_feedback of the target goal (map, AMCL-based estimate)",-0.2792,-0.8703,-0.4307,,
1790756480268932710,22.967,map,"nav2_feedback of the target goal (map, AMCL-based estimate)",-0.2792,-0.8703,-0.4307,,
1790756480279199443,22.967,map,"nav2_feedback of the target goal (map, AMCL-based estimate)",-0.2792,-0.8703,-0.4307,,
1790756480288940728,22.967,map,"nav2_feedback of the target goal (map, AMCL-based estimate)",-0.2792,-0.8703,-0.4307,,
1790756480299125712,22.967,map,"nav2_feedback of the target goal (map, AMCL-based estimate)",-0.2792,-0.8703,-0.4307,,
1790756480309325731,22.983,map,"nav2_feedback of the target goal (map, AMCL-based estimate)",-0.2760,-0.8718,-0.4307,,
1790756480318999550,22.983,map,"nav2_feedback of the target goal (map, AMCL-based estimate)",-0.2760,-0.8718,-0.4307,,
1790756480329043587,22.983,map,"nav2_feedback of the target goal (map, AMCL-based estimate)",-0.2760,-0.8718,-0.4307,,
1790756480339092606,22.983,map,"nav2_feedback of the target goal (map, AMCL-based estimate)",-0.2760,-0.8718,-0.4307,,
1790756480349265187,23.000,map,"nav2_feedback of the target goal (map, AMCL-based estimate)",-0.2728,-0.8732,-0.4307,,
1790756480359242322,23.000,map,"nav2_feedback of the target goal (map, AMCL-based estimate)",-0.2728,-0.8732,-0.4307,,
1790756480369090256,23.000,map,"nav2_feedback of the target goal (map, AMCL-based estimate)",-0.2728,-0.8732,-0.4307,,
1790756480378864429,23.000,map,"nav2_feedback of the target goal (map, AMCL-based estimate)",-0.2728,-0.8732,-0.4307,,
1790756480389367013,23.000,map,"nav2_feedback of the target goal (map, AMCL-based estimate)",-0.2728,-0.8732,-0.4307,,
1790756480399143440,23.017,map,"nav2_feedback of the target goal (map, AMCL-based estimate)",-0.2698,-0.8746,-0.4309,,
1790756480409440618,23.017,map,"nav2_feedback of the target goal (map, AMCL-based estimate)",-0.2698,-0.8746,-0.4309,,
1790756480419159633,23.017,map,"nav2_feedback of the target goal (map, AMCL-based estimate)",-0.2698,-0.8746,-0.4309,,
1790756480429649250,23.017,map,"nav2_feedback of the target goal (map, AMCL-based estimate)",-0.2698,-0.8746,-0.4309,,
1790756480439260958,23.017,map,"nav2_feedback of the target goal (map, AMCL-based estimate)",-0.2698,-0.8746,-0.4309,,
1790756480449079857,23.033,map,"nav2_feedback of the target goal (map, AMCL-based estimate)",-0.2672,-0.8758,-0.4312,,
1790756480459648592,23.033,map,"nav2_feedback of the target goal (map, AMCL-based estimate)",-0.2672,-0.8758,-0.4312,,
1790756480468898725,23.033,map,"nav2_feedback of the target goal (map, AMCL-based estimate)",-0.2672,-0.8758,-0.4312,,
1790756480479341830,23.050,map,"nav2_feedback of the target goal (map, AMCL-based estimate)",-0.2649,-0.8769,-0.4317,,
1790756480489450609,23.050,map,"nav2_feedback of the target goal (map, AMCL-based estimate)",-0.2649,-0.8769,-0.4317,,
1790756480498852119,23.050,map,"nav2_feedback of the target goal (map, AMCL-based estimate)",-0.2649,-0.8769,-0.4317,,
1790756480509141122,23.050,map,"nav2_feedback of the target goal (map, AMCL-based estimate)",-0.2649,-0.8769,-0.4317,,
1790756480519490074,23.050,map,"nav2_feedback of the target goal (map, AMCL-based estimate)",-0.2649,-0.8769,-0.4317,,
1790756480529215197,23.067,map,"nav2_feedback of the target goal (map, AMCL-based estimate)",-0.2629,-0.8778,-0.4321,,
1790756480539160478,23.067,map,"nav2_feedback of the target goal (map, AMCL-based estimate)",-0.2629,-0.8778,-0.4321,,
1790756480549277245,23.067,map,"nav2_feedback of the target goal (map, AMCL-based estimate)",-0.2629,-0.8778,-0.4321,,
1790756480559153368,23.067,map,"nav2_feedback of the target goal (map, AMCL-based estimate)",-0.2629,-0.8778,-0.4321,,
1790756480569068299,23.083,map,"nav2_feedback of the target goal (map, AMCL-based estimate)",-0.2607,-0.8788,-0.4329,,
1790756480579053703,23.083,map,"nav2_feedback of the target goal (map, AMCL-based estimate)",-0.2607,-0.8788,-0.4329,,
1790756480589115031,23.083,map,"nav2_feedback of the target goal (map, AMCL-based estimate)",-0.2607,-0.8788,-0.4329,,
1790756480598863833,23.083,map,"nav2_feedback of the target goal (map, AMCL-based estimate)",-0.2607,-0.8788,-0.4329,,
1790756480609137238,23.083,map,"nav2_feedback of the target goal (map, AMCL-based estimate)",-0.2607,-0.8788,-0.4329,,
1790756480619212002,23.100,map,"nav2_feedback of the target goal (map, AMCL-based estimate)",-0.2584,-0.8799,-0.4330,,
1790756480629383549,23.100,map,"nav2_feedback of the target goal (map, AMCL-based estimate)",-0.2584,-0.8799,-0.4330,,
1790756480639305152,23.100,map,"nav2_feedback of the target goal (map, AMCL-based estimate)",-0.2584,-0.8799,-0.4330,,
1790756480649056867,23.100,map,"nav2_feedback of the target goal (map, AMCL-based estimate)",-0.2584,-0.8799,-0.4330,,
1790756480659516791,23.117,map,"nav2_feedback of the target goal (map, AMCL-based estimate)",-0.2558,-0.8811,-0.4332,,
1790756480669268881,23.117,map,"nav2_feedback of the target goal (map, AMCL-based estimate)",-0.2558,-0.8811,-0.4332,,
1790756480679093325,23.117,map,"nav2_feedback of the target goal (map, AMCL-based estimate)",-0.2558,-0.8811,-0.4332,,
1790756480689044526,23.117,map,"nav2_feedback of the target goal (map, AMCL-based estimate)",-0.2558,-0.8811,-0.4332,,
1790756480699235806,23.117,map,"nav2_feedback of the target goal (map, AMCL-based estimate)",-0.2558,-0.8811,-0.4332,,
1790756480710990935,23.133,map,"nav2_feedback of the target goal (map, AMCL-based estimate)",-0.2533,-0.8822,-0.4335,,
1790756480719266845,23.133,map,"nav2_feedback of the target goal (map, AMCL-based estimate)",-0.2533,-0.8822,-0.4335,,
1790756480729187602,23.133,map,"nav2_feedback of the target goal (map, AMCL-based estimate)",-0.2533,-0.8822,-0.4335,,
1790756480738955197,23.133,map,"nav2_feedback of the target goal (map, AMCL-based estimate)",-0.2533,-0.8822,-0.4335,,
1790756480749120261,23.150,map,"nav2_feedback of the target goal (map, AMCL-based estimate)",-0.2508,-0.8834,-0.4338,,
1790756480759250276,23.150,map,"nav2_feedback of the target goal (map, AMCL-based estimate)",-0.2508,-0.8834,-0.4338,,
1790756480769266876,23.150,map,"nav2_feedback of the target goal (map, AMCL-based estimate)",-0.2508,-0.8834,-0.4338,,
1790756480779121388,23.150,map,"nav2_feedback of the target goal (map, AMCL-based estimate)",-0.2508,-0.8834,-0.4338,,
1790756480789270008,23.150,map,"nav2_feedback of the target goal (map, AMCL-based estimate)",-0.2508,-0.8834,-0.4338,,
1790756480799233143,23.167,map,"nav2_feedback of the target goal (map, AMCL-based estimate)",-0.2482,-0.8846,-0.4340,,
1790756480809325949,23.167,map,"nav2_feedback of the target goal (map, AMCL-based estimate)",-0.2482,-0.8846,-0.4340,,
1790756480819114591,23.167,map,"nav2_feedback of the target goal (map, AMCL-based estimate)",-0.2482,-0.8846,-0.4340,,
1790756480829033187,23.167,map,"nav2_feedback of the target goal (map, AMCL-based estimate)",-0.2482,-0.8846,-0.4340,,
1790756480839059465,23.183,map,"nav2_feedback of the target goal (map, AMCL-based estimate)",-0.2456,-0.8858,-0.4342,,
1790756480849142781,23.183,map,"nav2_feedback of the target goal (map, AMCL-based estimate)",-0.2456,-0.8858,-0.4342,,
1790756480859635686,23.183,map,"nav2_feedback of the target goal (map, AMCL-based estimate)",-0.2456,-0.8858,-0.4342,,
1790756480869220896,23.183,map,"nav2_feedback of the target goal (map, AMCL-based estimate)",-0.2456,-0.8858,-0.4342,,
1790756480879067609,23.200,map,"nav2_feedback of the target goal (map, AMCL-based estimate)",-0.2431,-0.8870,-0.4342,,
1790756480889059872,23.200,map,"nav2_feedback of the target goal (map, AMCL-based estimate)",-0.2431,-0.8870,-0.4342,,
1790756480899283664,23.200,map,"nav2_feedback of the target goal (map, AMCL-based estimate)",-0.2431,-0.8870,-0.4342,,
1790756480909341985,23.200,map,"nav2_feedback of the target goal (map, AMCL-based estimate)",-0.2431,-0.8870,-0.4342,,
1790756480919060436,23.217,map,"nav2_feedback of the target goal (map, AMCL-based estimate)",-0.2405,-0.8882,-0.4341,,
1790756480929259045,23.217,map,"nav2_feedback of the target goal (map, AMCL-based estimate)",-0.2405,-0.8882,-0.4341,,
1790756480939156969,23.217,map,"nav2_feedback of the target goal (map, AMCL-based estimate)",-0.2405,-0.8882,-0.4341,,
1790756480949173757,23.217,map,"nav2_feedback of the target goal (map, AMCL-based estimate)",-0.2405,-0.8882,-0.4341,,
1790756480959713645,23.217,map,"nav2_feedback of the target goal (map, AMCL-based estimate)",-0.2405,-0.8882,-0.4341,,
1790756480971102970,23.233,map,"nav2_feedback of the target goal (map, AMCL-based estimate)",-0.2379,-0.8894,-0.4340,,
1790756480979428118,23.233,map,"nav2_feedback of the target goal (map, AMCL-based estimate)",-0.2379,-0.8894,-0.4340,,
1790756480989209338,23.233,map,"nav2_feedback of the target goal (map, AMCL-based estimate)",-0.2379,-0.8894,-0.4340,,
1790756480999142028,23.233,map,"nav2_feedback of the target goal (map, AMCL-based estimate)",-0.2379,-0.8894,-0.4340,,
1790756481009340825,23.250,map,"nav2_feedback of the target goal (map, AMCL-based estimate)",-0.2354,-0.8905,-0.4338,,
1790756481019160758,23.250,map,"nav2_feedback of the target goal (map, AMCL-based estimate)",-0.2354,-0.8905,-0.4338,,
1790756481029069206,23.250,map,"nav2_feedback of the target goal (map, AMCL-based estimate)",-0.2354,-0.8905,-0.4338,,
1790756481039202792,23.250,map,"nav2_feedback of the target goal (map, AMCL-based estimate)",-0.2354,-0.8905,-0.4338,,
1790756481049065290,23.250,map,"nav2_feedback of the target goal (map, AMCL-based estimate)",-0.2354,-0.8905,-0.4338,,
1790756481059768864,23.250,map,"nav2_feedback of the target goal (map, AMCL-based estimate)",-0.2354,-0.8905,-0.4338,,
1790756481068962337,23.267,map,"nav2_feedback of the target goal (map, AMCL-based estimate)",-0.2328,-0.8917,-0.4337,,
1790756481079101561,23.267,map,"nav2_feedback of the target goal (map, AMCL-based estimate)",-0.2328,-0.8917,-0.4337,,
1790756481089267282,23.267,map,"nav2_feedback of the target goal (map, AMCL-based estimate)",-0.2328,-0.8917,-0.4337,,
1790756481099005654,23.267,map,"nav2_feedback of the target goal (map, AMCL-based estimate)",-0.2328,-0.8917,-0.4337,,
1790756481109454209,23.283,map,"nav2_feedback of the target goal (map, AMCL-based estimate)",-0.2303,-0.8929,-0.4334,,
1790756481119032559,23.283,map,"nav2_feedback of the target goal (map, AMCL-based estimate)",-0.2303,-0.8929,-0.4334,,
1790756481129106948,23.283,map,"nav2_feedback of the target goal (map, AMCL-based estimate)",-0.2303,-0.8929,-0.4334,,
1790756481139694757,23.283,map,"nav2_feedback of the target goal (map, AMCL-based estimate)",-0.2303,-0.8929,-0.4334,,
1790756481149420726,23.283,map,"nav2_feedback of the target goal (map, AMCL-based estimate)",-0.2303,-0.8929,-0.4334,,
1790756481159263398,23.283,map,"nav2_feedback of the target goal (map, AMCL-based estimate)",-0.2303,-0.8929,-0.4334,,
1790756481169079291,23.300,map,"nav2_feedback of the target goal (map, AMCL-based estimate)",-0.2277,-0.8941,-0.4333,,
1790756481179051258,23.300,map,"nav2_feedback of the target goal (map, AMCL-based estimate)",-0.2277,-0.8941,-0.4333,,
1790756481189057710,23.300,map,"nav2_feedback of the target goal (map, AMCL-based estimate)",-0.2277,-0.8941,-0.4333,,
1790756481199122514,23.300,map,"nav2_feedback of the target goal (map, AMCL-based estimate)",-0.2277,-0.8941,-0.4333,,
1790756481209464137,23.317,map,"nav2_feedback of the target goal (map, AMCL-based estimate)",-0.2251,-0.8953,-0.4330,,
1790756481219047468,23.317,map,"nav2_feedback of the target goal (map, AMCL-based estimate)",-0.2251,-0.8953,-0.4330,,
1790756481232630861,23.317,map,"nav2_feedback of the target goal (map, AMCL-based estimate)",-0.2251,-0.8953,-0.4330,,
1790756481239281752,23.317,map,"nav2_feedback of the target goal (map, AMCL-based estimate)",-0.2251,-0.8953,-0.4330,,
1790756481249395136,23.317,map,"nav2_feedback of the target goal (map, AMCL-based estimate)",-0.2251,-0.8953,-0.4330,,
1790756481259517634,23.333,map,"nav2_feedback of the target goal (map, AMCL-based estimate)",-0.2226,-0.8965,-0.4329,,
1790756481269165518,23.333,map,"nav2_feedback of the target goal (map, AMCL-based estimate)",-0.2226,-0.8965,-0.4329,,
1790756481279204200,23.333,map,"nav2_feedback of the target goal (map, AMCL-based estimate)",-0.2226,-0.8965,-0.4329,,
1790756481290607996,23.350,map,"nav2_feedback of the target goal (map, AMCL-based estimate)",-0.2200,-0.8977,-0.4326,,
1790756481299081890,23.350,map,"nav2_feedback of the target goal (map, AMCL-based estimate)",-0.2200,-0.8977,-0.4326,,
1790756481309172910,23.350,map,"nav2_feedback of the target goal (map, AMCL-based estimate)",-0.2200,-0.8977,-0.4326,,
1790756481319092257,23.350,map,"nav2_feedback of the target goal (map, AMCL-based estimate)",-0.2200,-0.8977,-0.4326,,
1790756481329167021,23.350,map,"nav2_feedback of the target goal (map, AMCL-based estimate)",-0.2200,-0.8977,-0.4326,,
1790756481339065039,23.367,map,"nav2_feedback of the target goal (map, AMCL-based estimate)",-0.2176,-0.8987,-0.4322,,
1790756481349481457,23.367,map,"nav2_feedback of the target goal (map, AMCL-based estimate)",-0.2176,-0.8987,-0.4322,,
1790756481359512998,23.367,map,"nav2_feedback of the target goal (map, AMCL-based estimate)",-0.2176,-0.8987,-0.4322,,
1790756481369060810,23.367,map,"nav2_feedback of the target goal (map, AMCL-based estimate)",-0.2176,-0.8987,-0.4322,,
1790756481379002051,23.383,map,"nav2_feedback of the target goal (map, AMCL-based estimate)",-0.2157,-0.8997,-0.4314,,
1790756481389119099,23.383,map,"nav2_feedback of the target goal (map, AMCL-based estimate)",-0.2157,-0.8997,-0.4314,,
1790756481398904172,23.383,map,"nav2_feedback of the target goal (map, AMCL-based estimate)",-0.2157,-0.8997,-0.4314,,
1790756481409380446,23.383,map,"nav2_feedback of the target goal (map, AMCL-based estimate)",-0.2157,-0.8997,-0.4314,,
1790756481419102562,23.383,map,"nav2_feedback of the target goal (map, AMCL-based estimate)",-0.2157,-0.8997,-0.4314,,
1790756481429044460,23.400,map,"nav2_feedback of the target goal (map, AMCL-based estimate)",-0.2141,-0.9004,-0.4303,,
1790756481439191295,23.400,map,"nav2_feedback of the target goal (map, AMCL-based estimate)",-0.2141,-0.9004,-0.4303,,
1790756481449224151,23.400,map,"nav2_feedback of the target goal (map, AMCL-based estimate)",-0.2141,-0.9004,-0.4303,,
1790756481459088623,23.400,map,"nav2_feedback of the target goal (map, AMCL-based estimate)",-0.2141,-0.9004,-0.4303,,
1790756481469267124,23.417,map,"nav2_feedback of the target goal (map, AMCL-based estimate)",-0.2131,-0.9008,-0.4288,,
1790756481479132536,23.417,map,"nav2_feedback of the target goal (map, AMCL-based estimate)",-0.2131,-0.9008,-0.4288,,
1790756481489237839,23.417,map,"nav2_feedback of the target goal (map, AMCL-based estimate)",-0.2131,-0.9008,-0.4288,,
1790756481499349813,23.417,map,"nav2_feedback of the target goal (map, AMCL-based estimate)",-0.2131,-0.9008,-0.4288,,
1790756481509896842,23.417,map,"nav2_feedback of the target goal (map, AMCL-based estimate)",-0.2131,-0.9008,-0.4288,,
1790756481519092664,23.433,map,"nav2_feedback of the target goal (map, AMCL-based estimate)",-0.2126,-0.9011,-0.4270,,
1790756481529457966,23.433,map,"nav2_feedback of the target goal (map, AMCL-based estimate)",-0.2126,-0.9011,-0.4270,,
1790756481540093603,23.433,map,"nav2_feedback of the target goal (map, AMCL-based estimate)",-0.2126,-0.9011,-0.4270,,
1790756481549328890,23.433,map,"nav2_feedback of the target goal (map, AMCL-based estimate)",-0.2126,-0.9011,-0.4270,,
1790756481559268627,23.450,map,"nav2_feedback of the target goal (map, AMCL-based estimate)",-0.2124,-0.9012,-0.4251,,
1790756481569222553,23.450,map,"nav2_feedback of the target goal (map, AMCL-based estimate)",-0.2124,-0.9012,-0.4251,,
1790756481578982255,23.450,map,"nav2_feedback of the target goal (map, AMCL-based estimate)",-0.2124,-0.9012,-0.4251,,
1790756481589443589,23.450,map,"nav2_feedback of the target goal (map, AMCL-based estimate)",-0.2124,-0.9012,-0.4251,,
1790756481598982099,23.450,map,"nav2_feedback of the target goal (map, AMCL-based estimate)",-0.2124,-0.9012,-0.4251,,
1790756481609180896,23.467,map,"nav2_feedback of the target goal (map, AMCL-based estimate)",-0.2123,-0.9012,-0.4231,,
1790756481619048187,23.467,map,"nav2_feedback of the target goal (map, AMCL-based estimate)",-0.2123,-0.9012,-0.4231,,
1790756481628996381,23.467,map,"nav2_feedback of the target goal (map, AMCL-based estimate)",-0.2123,-0.9012,-0.4231,,
1790756481638807199,23.483,map,"nav2_feedback of the target goal (map, AMCL-based estimate)",-0.2122,-0.9012,-0.4212,,
1790756481649299635,23.483,map,"nav2_feedback of the target goal (map, AMCL-based estimate)",-0.2122,-0.9012,-0.4212,,
1790756481659227439,23.483,map,"nav2_feedback of the target goal (map, AMCL-based estimate)",-0.2122,-0.9012,-0.4212,,
1790756481669340541,23.483,map,"nav2_feedback of the target goal (map, AMCL-based estimate)",-0.2122,-0.9012,-0.4212,,
1790756481680467612,23.483,map,"nav2_feedback of the target goal (map, AMCL-based estimate)",-0.2122,-0.9012,-0.4212,,
1790756481689000609,23.500,map,"nav2_feedback of the target goal (map, AMCL-based estimate)",-0.2122,-0.9012,-0.4193,,
1790756481699280498,23.500,map,"nav2_feedback of the target goal (map, AMCL-based estimate)",-0.2122,-0.9012,-0.4193,,
1790756481709533324,23.500,map,"nav2_feedback of the target goal (map, AMCL-based estimate)",-0.2122,-0.9012,-0.4193,,
1790756481718975051,23.517,map,"nav2_feedback of the target goal (map, AMCL-based estimate)",-0.2121,-0.9013,-0.4174,,
1790756481730862951,23.517,map,"nav2_feedback of the target goal (map, AMCL-based estimate)",-0.2121,-0.9013,-0.4174,,
1790756481738924999,23.517,map,"nav2_feedback of the target goal (map, AMCL-based estimate)",-0.2121,-0.9013,-0.4174,,
1790756481749109138,23.517,map,"nav2_feedback of the target goal (map, AMCL-based estimate)",-0.2121,-0.9013,-0.4174,,
1790756481759380475,23.517,map,"nav2_feedback of the target goal (map, AMCL-based estimate)",-0.2121,-0.9013,-0.4174,,
1790756481769257069,23.517,map,"nav2_feedback of the target goal (map, AMCL-based estimate)",-0.2121,-0.9013,-0.4174,,
1790756481779035000,23.517,map,"nav2_feedback of the target goal (map, AMCL-based estimate)",-0.2121,-0.9013,-0.4174,,
1790756481789212373,23.533,map,"nav2_feedback of the target goal (map, AMCL-based estimate)",-0.2121,-0.9013,-0.4155,,
1790756481799367571,23.533,map,"nav2_feedback of the target goal (map, AMCL-based estimate)",-0.2121,-0.9013,-0.4155,,
1790756481809153865,23.533,map,"nav2_feedback of the target goal (map, AMCL-based estimate)",-0.2121,-0.9013,-0.4155,,
1790756481818920802,23.550,map,"nav2_feedback of the target goal (map, AMCL-based estimate)",-0.2120,-0.9013,-0.4137,,
1790756481829477791,23.550,map,"nav2_feedback of the target goal (map, AMCL-based estimate)",-0.2120,-0.9013,-0.4137,,
1790756481839554341,23.550,map,"nav2_feedback of the target goal (map, AMCL-based estimate)",-0.2120,-0.9013,-0.4137,,
1790756481849358581,23.550,map,"nav2_feedback of the target goal (map, AMCL-based estimate)",-0.2120,-0.9013,-0.4137,,
1790756481859641289,23.550,map,"nav2_feedback of the target goal (map, AMCL-based estimate)",-0.2120,-0.9013,-0.4137,,
1790756481869004743,23.567,map,"nav2_feedback of the target goal (map, AMCL-based estimate)",-0.2120,-0.9013,-0.4118,,
1790756481879165766,23.567,map,"nav2_feedback of the target goal (map, AMCL-based estimate)",-0.2120,-0.9013,-0.4118,,
1790756481889037098,23.567,map,"nav2_feedback of the target goal (map, AMCL-based estimate)",-0.2120,-0.9013,-0.4118,,
1790756481899079257,23.583,map,"nav2_feedback of the target goal (map, AMCL-based estimate)",-0.2119,-0.9013,-0.4099,,
1790756481909521515,23.583,map,"nav2_feedback of the target goal (map, AMCL-based estimate)",-0.2119,-0.9013,-0.4099,,
1790756481919235738,23.583,map,"nav2_feedback of the target goal (map, AMCL-based estimate)",-0.2119,-0.9013,-0.4099,,
1790756481929548139,23.583,map,"nav2_feedback of the target goal (map, AMCL-based estimate)",-0.2119,-0.9013,-0.4099,,
1790756481939076688,23.583,map,"nav2_feedback of the target goal (map, AMCL-based estimate)",-0.2119,-0.9013,-0.4099,,
1790756481950675460,23.583,map,"nav2_feedback of the target goal (map, AMCL-based estimate)",-0.2119,-0.9013,-0.4099,,
1790756481959600383,23.600,map,"nav2_feedback of the target goal (map, AMCL-based estimate)",-0.2119,-0.9014,-0.4080,,
1790756481969205513,23.600,map,"nav2_feedback of the target goal (map, AMCL-based estimate)",-0.2119,-0.9014,-0.4080,,
1790756481979089999,23.600,map,"nav2_feedback of the target goal (map, AMCL-based estimate)",-0.2119,-0.9014,-0.4080,,
1790756481988991963,23.600,map,"nav2_feedback of the target goal (map, AMCL-based estimate)",-0.2119,-0.9014,-0.4080,,
1790756481999249676,23.617,map,"nav2_feedback of the target goal (map, AMCL-based estimate)",-0.2118,-0.9014,-0.4060,,
1790756482009477978,23.617,map,"nav2_feedback of the target goal (map, AMCL-based estimate)",-0.2118,-0.9014,-0.4060,,
1790756482019123325,23.617,map,"nav2_feedback of the target goal (map, AMCL-based estimate)",-0.2118,-0.9014,-0.4060,,
1790756482029230131,23.617,map,"nav2_feedback of the target goal (map, AMCL-based estimate)",-0.2118,-0.9014,-0.4060,,
1790756482039007405,23.617,map,"nav2_feedback of the target goal (map, AMCL-based estimate)",-0.2118,-0.9014,-0.4060,,
1790756482049101901,23.633,map,"nav2_feedback of the target goal (map, AMCL-based estimate)",-0.2117,-0.9014,-0.4041,,
1790756482059425577,23.633,map,"nav2_feedback of the target goal (map, AMCL-based estimate)",-0.2117,-0.9014,-0.4041,,
1790756482069222019,23.633,map,"nav2_feedback of the target goal (map, AMCL-based estimate)",-0.2117,-0.9014,-0.4041,,
1790756482078987077,23.633,map,"nav2_feedback of the target goal (map, AMCL-based estimate)",-0.2117,-0.9014,-0.4041,,
1790756482089179578,23.650,map,"nav2_feedback of the target goal (map, AMCL-based estimate)",-0.2117,-0.9014,-0.4021,,
1790756482099300761,23.650,map,"nav2_feedback of the target goal (map, AMCL-based estimate)",-0.2117,-0.9014,-0.4021,,
1790756482109374398,23.650,map,"nav2_feedback of the target goal (map, AMCL-based estimate)",-0.2117,-0.9014,-0.4021,,
1790756482119325411,23.650,map,"nav2_feedback of the target goal (map, AMCL-based estimate)",-0.2117,-0.9014,-0.4021,,
1790756482129099771,23.667,map,"nav2_feedback of the target goal (map, AMCL-based estimate)",-0.2116,-0.9015,-0.4001,,
1790756482139168146,23.667,map,"nav2_feedback of the target goal (map, AMCL-based estimate)",-0.2116,-0.9015,-0.4001,,
1790756482149260482,23.667,map,"nav2_feedback of the target goal (map, AMCL-based estimate)",-0.2116,-0.9015,-0.4001,,
1790756482159735252,23.667,map,"nav2_feedback of the target goal (map, AMCL-based estimate)",-0.2116,-0.9015,-0.4001,,
1790756482169924935,23.683,map,"nav2_feedback of the target goal (map, AMCL-based estimate)",-0.2115,-0.9015,-0.3981,,
1790756482179880458,23.683,map,"nav2_feedback of the target goal (map, AMCL-based estimate)",-0.2115,-0.9015,-0.3981,,
1790756482189034560,23.683,map,"nav2_feedback of the target goal (map, AMCL-based estimate)",-0.2115,-0.9015,-0.3981,,
1790756482198953907,23.683,map,"nav2_feedback of the target goal (map, AMCL-based estimate)",-0.2115,-0.9015,-0.3981,,
1790756482209554214,23.683,map,"nav2_feedback of the target goal (map, AMCL-based estimate)",-0.2115,-0.9015,-0.3981,,
1790756482219419907,23.700,map,"nav2_feedback of the target goal (map, AMCL-based estimate)",-0.2114,-0.9015,-0.3961,,
1790756482229385109,23.700,map,"nav2_feedback of the target goal (map, AMCL-based estimate)",-0.2114,-0.9015,-0.3961,,
1790756482239083546,23.700,map,"nav2_feedback of the target goal (map, AMCL-based estimate)",-0.2114,-0.9015,-0.3961,,
1790756482249325003,23.700,map,"nav2_feedback of the target goal (map, AMCL-based estimate)",-0.2114,-0.9015,-0.3961,,
1790756482259140990,23.717,map,"nav2_feedback of the target goal (map, AMCL-based estimate)",-0.2113,-0.9016,-0.3940,,
1790756482269038725,23.717,map,"nav2_feedback of the target goal (map, AMCL-based estimate)",-0.2113,-0.9016,-0.3940,,
1790756482279290330,23.717,map,"nav2_feedback of the target goal (map, AMCL-based estimate)",-0.2113,-0.9016,-0.3940,,
1790756482289813211,23.717,map,"nav2_feedback of the target goal (map, AMCL-based estimate)",-0.2113,-0.9016,-0.3940,,
1790756482299218197,23.717,map,"nav2_feedback of the target goal (map, AMCL-based estimate)",-0.2113,-0.9016,-0.3940,,
1790756482309311566,23.733,map,"nav2_feedback of the target goal (map, AMCL-based estimate)",-0.2112,-0.9016,-0.3919,,
1790756482319111297,23.733,map,"nav2_feedback of the target goal (map, AMCL-based estimate)",-0.2112,-0.9016,-0.3919,,
1790756482329105064,23.733,map,"nav2_feedback of the target goal (map, AMCL-based estimate)",-0.2112,-0.9016,-0.3919,,
1790756482339403557,23.733,map,"nav2_feedback of the target goal (map, AMCL-based estimate)",-0.2112,-0.9016,-0.3919,,
1790756482349386330,23.750,map,"nav2_feedback of the target goal (map, AMCL-based estimate)",-0.2112,-0.9017,-0.3898,,
1790756482359321088,23.750,map,"nav2_feedback of the target goal (map, AMCL-based estimate)",-0.2112,-0.9017,-0.3898,,
1790756482369042264,23.750,map,"nav2_feedback of the target goal (map, AMCL-based estimate)",-0.2112,-0.9017,-0.3898,,
1790756482379198965,23.750,map,"nav2_feedback of the target goal (map, AMCL-based estimate)",-0.2112,-0.9017,-0.3898,,
1790756482389129024,23.767,map,"nav2_feedback of the target goal (map, AMCL-based estimate)",-0.2111,-0.9017,-0.3877,,
1790756482399191104,23.767,map,"nav2_feedback of the target goal (map, AMCL-based estimate)",-0.2111,-0.9017,-0.3877,,
1790756482409485462,23.767,map,"nav2_feedback of the target goal (map, AMCL-based estimate)",-0.2111,-0.9017,-0.3877,,
1790756482419061840,23.767,map,"nav2_feedback of the target goal (map, AMCL-based estimate)",-0.2111,-0.9017,-0.3877,,
1790756482429088964,23.767,map,"nav2_feedback of the target goal (map, AMCL-based estimate)",-0.2111,-0.9017,-0.3877,,
1790756482438979934,23.783,map,"nav2_feedback of the target goal (map, AMCL-based estimate)",-0.2110,-0.9017,-0.3856,,
1790756482449157683,23.783,map,"nav2_feedback of the target goal (map, AMCL-based estimate)",-0.2110,-0.9017,-0.3856,,
1790756482459231038,23.783,map,"nav2_feedback of the target goal (map, AMCL-based estimate)",-0.2110,-0.9017,-0.3856,,
1790756482469085550,23.783,map,"nav2_feedback of the target goal (map, AMCL-based estimate)",-0.2110,-0.9017,-0.3856,,
1790756482478935364,23.800,map,"nav2_feedback of the target goal (map, AMCL-based estimate)",-0.2108,-0.9018,-0.3834,,
1790756482488964555,23.800,map,"nav2_feedback of the target goal (map, AMCL-based estimate)",-0.2108,-0.9018,-0.3834,,
1790756482498995062,23.800,map,"nav2_feedback of the target goal (map, AMCL-based estimate)",-0.2108,-0.9018,-0.3834,,
1790756482509361586,23.817,map,"nav2_feedback of the target goal (map, AMCL-based estimate)",-0.2107,-0.9018,-0.3812,,
1790756482519053539,23.817,map,"nav2_feedback of the target goal (map, AMCL-based estimate)",-0.2107,-0.9018,-0.3812,,
1790756482529025037,23.817,map,"nav2_feedback of the target goal (map, AMCL-based estimate)",-0.2107,-0.9018,-0.3812,,
1790756482539030925,23.817,map,"nav2_feedback of the target goal (map, AMCL-based estimate)",-0.2107,-0.9018,-0.3812,,
1790756482550692371,23.817,map,"nav2_feedback of the target goal (map, AMCL-based estimate)",-0.2107,-0.9018,-0.3812,,
1790756482559649430,23.833,map,"nav2_feedback of the target goal (map, AMCL-based estimate)",-0.2106,-0.9019,-0.3790,,
1790756482569071142,23.833,map,"nav2_feedback of the target goal (map, AMCL-based estimate)",-0.2106,-0.9019,-0.3790,,
1790756482578904418,23.833,map,"nav2_feedback of the target goal (map, AMCL-based estimate)",-0.2106,-0.9019,-0.3790,,
1790756482588953905,23.833,map,"nav2_feedback of the target goal (map, AMCL-based estimate)",-0.2106,-0.9019,-0.3790,,
1790756482598929067,23.850,map,"nav2_feedback of the target goal (map, AMCL-based estimate)",-0.2105,-0.9019,-0.3768,,
1790756482609328667,23.850,map,"nav2_feedback of the target goal (map, AMCL-based estimate)",-0.2105,-0.9019,-0.3768,,
1790756482618853176,23.850,map,"nav2_feedback of the target goal (map, AMCL-based estimate)",-0.2105,-0.9019,-0.3768,,
1790756482629028106,23.850,map,"nav2_feedback of the target goal (map, AMCL-based estimate)",-0.2105,-0.9019,-0.3768,,
1790756482638911841,23.850,map,"nav2_feedback of the target goal (map, AMCL-based estimate)",-0.2105,-0.9019,-0.3768,,
1790756482649109322,23.867,map,"nav2_feedback of the target goal (map, AMCL-based estimate)",-0.2104,-0.9020,-0.3745,,
1790756482659714327,23.867,map,"nav2_feedback of the target goal (map, AMCL-based estimate)",-0.2104,-0.9020,-0.3745,,
1790756482668882430,23.867,map,"nav2_feedback of the target goal (map, AMCL-based estimate)",-0.2104,-0.9020,-0.3745,,
1790756482678974107,23.883,map,"nav2_feedback of the target goal (map, AMCL-based estimate)",-0.2103,-0.9020,-0.3723,,
1790756482689224397,23.883,map,"nav2_feedback of the target goal (map, AMCL-based estimate)",-0.2103,-0.9020,-0.3723,,
1790756482698930351,23.883,map,"nav2_feedback of the target goal (map, AMCL-based estimate)",-0.2103,-0.9020,-0.3723,,
1790756482709240496,23.883,map,"nav2_feedback of the target goal (map, AMCL-based estimate)",-0.2103,-0.9020,-0.3723,,
1790756482719221766,23.883,map,"nav2_feedback of the target goal (map, AMCL-based estimate)",-0.2103,-0.9020,-0.3723,,
1790756482729591390,23.900,map,"nav2_feedback of the target goal (map, AMCL-based estimate)",-0.2101,-0.9020,-0.3700,,
1790756482739864044,23.900,map,"nav2_feedback of the target goal (map, AMCL-based estimate)",-0.2101,-0.9020,-0.3700,,
1790756482748973136,23.900,map,"nav2_feedback of the target goal (map, AMCL-based estimate)",-0.2101,-0.9020,-0.3700,,
1790756482759148630,23.900,map,"nav2_feedback of the target goal (map, AMCL-based estimate)",-0.2101,-0.9020,-0.3700,,
1790756482768961610,23.917,map,"nav2_feedback of the target goal (map, AMCL-based estimate)",-0.2100,-0.9021,-0.3676,,
1790756482778864795,23.917,map,"nav2_feedback of the target goal (map, AMCL-based estimate)",-0.2100,-0.9021,-0.3676,,
1790756482789447343,23.917,map,"nav2_feedback of the target goal (map, AMCL-based estimate)",-0.2100,-0.9021,-0.3676,,
1790756482799187500,23.917,map,"nav2_feedback of the target goal (map, AMCL-based estimate)",-0.2100,-0.9021,-0.3676,,
1790756482809277486,23.933,map,"nav2_feedback of the target goal (map, AMCL-based estimate)",-0.2099,-0.9021,-0.3653,,
1790756482819206606,23.933,map,"nav2_feedback of the target goal (map, AMCL-based estimate)",-0.2099,-0.9021,-0.3653,,
1790756482829126235,23.933,map,"nav2_feedback of the target goal (map, AMCL-based estimate)",-0.2099,-0.9021,-0.3653,,
1790756482839372484,23.933,map,"nav2_feedback of the target goal (map, AMCL-based estimate)",-0.2099,-0.9021,-0.3653,,
1790756482849042450,23.950,map,"nav2_feedback of the target goal (map, AMCL-based estimate)",-0.2098,-0.9022,-0.3629,,
1790756482859540054,23.950,map,"nav2_feedback of the target goal (map, AMCL-based estimate)",-0.2098,-0.9022,-0.3629,,
1790756482869162098,23.950,map,"nav2_feedback of the target goal (map, AMCL-based estimate)",-0.2098,-0.9022,-0.3629,,
1790756482878921424,23.950,map,"nav2_feedback of the target goal (map, AMCL-based estimate)",-0.2098,-0.9022,-0.3629,,
1790756482889064406,23.950,map,"nav2_feedback of the target goal (map, AMCL-based estimate)",-0.2098,-0.9022,-0.3629,,
1790756482899246760,23.967,map,"nav2_feedback of the target goal (map, AMCL-based estimate)",-0.2096,-0.9022,-0.3605,,
1790756482909472149,23.967,map,"nav2_feedback of the target goal (map, AMCL-based estimate)",-0.2096,-0.9022,-0.3605,,
1790756482919273665,23.967,map,"nav2_feedback of the target goal (map, AMCL-based estimate)",-0.2096,-0.9022,-0.3605,,
1790756482929086644,23.967,map,"nav2_feedback of the target goal (map, AMCL-based estimate)",-0.2096,-0.9022,-0.3605,,
1790756482941504222,23.983,map,"nav2_feedback of the target goal (map, AMCL-based estimate)",-0.2095,-0.9023,-0.3580,,
1790756482949195111,23.983,map,"nav2_feedback of the target goal (map, AMCL-based estimate)",-0.2095,-0.9023,-0.3580,,
1790756482959214906,23.983,map,"nav2_feedback of the target goal (map, AMCL-based estimate)",-0.2095,-0.9023,-0.3580,,
1790756482969152106,23.983,map,"nav2_feedback of the target goal (map, AMCL-based estimate)",-0.2095,-0.9023,-0.3580,,
1790756482979345453,23.983,map,"nav2_feedback of the target goal (map, AMCL-based estimate)",-0.2095,-0.9023,-0.3580,,
1790756482989047273,24.000,map,"nav2_feedback of the target goal (map, AMCL-based estimate)",-0.2093,-0.9023,-0.3555,,
1790756482999417273,24.000,map,"nav2_feedback of the target goal (map, AMCL-based estimate)",-0.2093,-0.9023,-0.3555,,
1790756483009865546,24.000,map,"nav2_feedback of the target goal (map, AMCL-based estimate)",-0.2093,-0.9023,-0.3555,,
1790756483019512021,24.000,map,"nav2_feedback of the target goal (map, AMCL-based estimate)",-0.2093,-0.9023,-0.3555,,
1790756483029012945,24.017,map,"nav2_feedback of the target goal (map, AMCL-based estimate)",-0.2092,-0.9024,-0.3530,,
1790756483040445024,24.017,map,"nav2_feedback of the target goal (map, AMCL-based estimate)",-0.2092,-0.9024,-0.3530,,
1790756483049290547,24.017,map,"nav2_feedback of the target goal (map, AMCL-based estimate)",-0.2092,-0.9024,-0.3530,,
1790756483059536138,24.017,map,"nav2_feedback of the target goal (map, AMCL-based estimate)",-0.2092,-0.9024,-0.3530,,
1790756483069144651,24.017,map,"nav2_feedback of the target goal (map, AMCL-based estimate)",-0.2092,-0.9024,-0.3530,,
1790756483079280022,24.017,map,"nav2_feedback of the target goal (map, AMCL-based estimate)",-0.2092,-0.9024,-0.3530,,
1790756483088940968,24.033,map,"nav2_feedback of the target goal (map, AMCL-based estimate)",-0.2090,-0.9025,-0.3505,,
1790756483099055103,24.033,map,"nav2_feedback of the target goal (map, AMCL-based estimate)",-0.2090,-0.9025,-0.3505,,
1790756483109178729,24.033,map,"nav2_feedback of the target goal (map, AMCL-based estimate)",-0.2090,-0.9025,-0.3505,,
1790756483119115084,24.033,map,"nav2_feedback of the target goal (map, AMCL-based estimate)",-0.2090,-0.9025,-0.3505,,
1790756483129451163,24.050,map,"nav2_feedback of the target goal (map, AMCL-based estimate)",-0.2089,-0.9025,-0.3479,,
1790756483138857746,24.050,map,"nav2_feedback of the target goal (map, AMCL-based estimate)",-0.2089,-0.9025,-0.3479,,
1790756483149513774,24.050,map,"nav2_feedback of the target goal (map, AMCL-based estimate)",-0.2089,-0.9025,-0.3479,,
1790756483159545315,24.050,map,"nav2_feedback of the target goal (map, AMCL-based estimate)",-0.2089,-0.9025,-0.3479,,
1790756483169260665,24.050,map,"nav2_feedback of the target goal (map, AMCL-based estimate)",-0.2089,-0.9025,-0.3479,,
1790756483178908362,24.067,map,"nav2_feedback of the target goal (map, AMCL-based estimate)",-0.2087,-0.9026,-0.3453,,
1790756483189440545,24.067,map,"nav2_feedback of the target goal (map, AMCL-based estimate)",-0.2087,-0.9026,-0.3453,,
1790756483199244222,24.067,map,"nav2_feedback of the target goal (map, AMCL-based estimate)",-0.2087,-0.9026,-0.3453,,
1790756483209933513,24.083,map,"nav2_feedback of the target goal (map, AMCL-based estimate)",-0.2086,-0.9026,-0.3427,,
1790756483218980025,24.083,map,"nav2_feedback of the target goal (map, AMCL-based estimate)",-0.2086,-0.9026,-0.3427,,
1790756483229087865,24.083,map,"nav2_feedback of the target goal (map, AMCL-based estimate)",-0.2086,-0.9026,-0.3427,,
1790756483241454702,24.083,map,"nav2_feedback of the target goal (map, AMCL-based estimate)",-0.2086,-0.9026,-0.3427,,
1790756483249839423,24.083,map,"nav2_feedback of the target goal (map, AMCL-based estimate)",-0.2086,-0.9026,-0.3427,,
1790756483259454889,24.100,map,"nav2_feedback of the target goal (map, AMCL-based estimate)",-0.2084,-0.9027,-0.3401,,
1790756483269180952,24.100,map,"nav2_feedback of the target goal (map, AMCL-based estimate)",-0.2084,-0.9027,-0.3401,,
1790756483279167108,24.100,map,"nav2_feedback of the target goal (map, AMCL-based estimate)",-0.2084,-0.9027,-0.3401,,
1790756483289208891,24.100,map,"nav2_feedback of the target goal (map, AMCL-based estimate)",-0.2084,-0.9027,-0.3401,,
1790756483299259788,24.117,map,"nav2_feedback of the target goal (map, AMCL-based estimate)",-0.2083,-0.9027,-0.3374,,
1790756483309327035,24.117,map,"nav2_feedback of the target goal (map, AMCL-based estimate)",-0.2083,-0.9027,-0.3374,,
1790756483319306613,24.117,map,"nav2_feedback of the target goal (map, AMCL-based estimate)",-0.2083,-0.9027,-0.3374,,
1790756483329147500,24.117,map,"nav2_feedback of the target goal (map, AMCL-based estimate)",-0.2083,-0.9027,-0.3374,,
1790756483339067693,24.133,map,"nav2_feedback of the target goal (map, AMCL-based estimate)",-0.2081,-0.9028,-0.3347,,
1790756483349219227,24.133,map,"nav2_feedback of the target goal (map, AMCL-based estimate)",-0.2081,-0.9028,-0.3347,,
1790756483359349524,24.133,map,"nav2_feedback of the target goal (map, AMCL-based estimate)",-0.2081,-0.9028,-0.3347,,
1790756483369231379,24.133,map,"nav2_feedback of the target goal (map, AMCL-based estimate)",-0.2081,-0.9028,-0.3347,,
1790756483378958851,24.150,map,"nav2_feedback of the target goal (map, AMCL-based estimate)",-0.2080,-0.9028,-0.3319,,
1790756483388951397,24.150,map,"nav2_feedback of the target goal (map, AMCL-based estimate)",-0.2080,-0.9028,-0.3319,,
1790756483399111387,24.150,map,"nav2_feedback of the target goal (map, AMCL-based estimate)",-0.2080,-0.9028,-0.3319,,
1790756483409864480,24.150,map,"nav2_feedback of the target goal (map, AMCL-based estimate)",-0.2080,-0.9028,-0.3319,,
1790756483419447998,24.150,map,"nav2_feedback of the target goal (map, AMCL-based estimate)",-0.2080,-0.9028,-0.3319,,
1790756483429230815,24.167,map,"nav2_feedback of the target goal (map, AMCL-based estimate)",-0.2078,-0.9029,-0.3291,,
1790756483439397946,24.167,map,"nav2_feedback of the target goal (map, AMCL-based estimate)",-0.2078,-0.9029,-0.3291,,
1790756483449002983,24.167,map,"nav2_feedback of the target goal (map, AMCL-based estimate)",-0.2078,-0.9029,-0.3291,,
1790756483459569932,24.183,map,"nav2_feedback of the target goal (map, AMCL-based estimate)",-0.2076,-0.9029,-0.3264,,
1790756483468864417,24.183,map,"nav2_feedback of the target goal (map, AMCL-based estimate)",-0.2076,-0.9029,-0.3264,,
1790756483478850479,24.183,map,"nav2_feedback of the target goal (map, AMCL-based estimate)",-0.2076,-0.9029,-0.3264,,
1790756483489052471,24.183,map,"nav2_feedback of the target goal (map, AMCL-based estimate)",-0.2076,-0.9029,-0.3264,,
1790756483499155330,24.183,map,"nav2_feedback of the target goal (map, AMCL-based estimate)",-0.2076,-0.9029,-0.3264,,
1790756483509273600,24.200,map,"nav2_feedback of the target goal (map, AMCL-based estimate)",-0.2075,-0.9030,-0.3240,,
1790756483519169268,24.200,map,"nav2_feedback of the target goal (map, AMCL-based estimate)",-0.2075,-0.9030,-0.3240,,
1790756483529112858,24.200,map,"nav2_feedback of the target goal (map, AMCL-based estimate)",-0.2075,-0.9030,-0.3240,,
1790756483539197489,24.200,map,"nav2_feedback of the target goal (map, AMCL-based estimate)",-0.2075,-0.9030,-0.3240,,
1790756483549159026,24.217,map,"nav2_feedback of the target goal (map, AMCL-based estimate)",-0.2005,-0.9049,-0.3279,,
1790756483559329070,24.217,map,"nav2_feedback of the target goal (map, AMCL-based estimate)",-0.2005,-0.9049,-0.3279,,
1790756483569283560,24.217,map,"nav2_feedback of the target goal (map, AMCL-based estimate)",-0.2005,-0.9049,-0.3279,,
1790756483579512050,24.217,map,"nav2_feedback of the target goal (map, AMCL-based estimate)",-0.2005,-0.9049,-0.3279,,
1790756483589213212,24.233,map,"nav2_feedback of the target goal (map, AMCL-based estimate)",-0.1937,-0.9069,-0.3317,,
1790756483599009184,24.233,map,"nav2_feedback of the target goal (map, AMCL-based estimate)",-0.1937,-0.9069,-0.3317,,
1790756483609387641,24.233,map,"nav2_feedback of the target goal (map, AMCL-based estimate)",-0.1937,-0.9069,-0.3317,,
1790756483618935077,24.233,map,"nav2_feedback of the target goal (map, AMCL-based estimate)",-0.1937,-0.9069,-0.3317,,
1790756483629065468,24.250,map,"nav2_feedback of the target goal (map, AMCL-based estimate)",-0.1871,-0.9088,-0.3358,,
1790756483639261447,24.250,map,"nav2_feedback of the target goal (map, AMCL-based estimate)",-0.1871,-0.9088,-0.3358,,
1790756483649283027,24.250,map,"nav2_feedback of the target goal (map, AMCL-based estimate)",-0.1871,-0.9088,-0.3358,,
1790756483659232255,24.250,map,"nav2_feedback of the target goal (map, AMCL-based estimate)",-0.1871,-0.9088,-0.3358,,
1790756483669234273,24.250,map,"nav2_feedback of the target goal (map, AMCL-based estimate)",-0.1871,-0.9088,-0.3358,,
1790756483679153704,24.267,map,"nav2_feedback of the target goal (map, AMCL-based estimate)",-0.1808,-0.9108,-0.3398,,
1790756483689286526,24.267,map,"nav2_feedback of the target goal (map, AMCL-based estimate)",-0.1808,-0.9108,-0.3398,,
1790756483699010766,24.267,map,"nav2_feedback of the target goal (map, AMCL-based estimate)",-0.1808,-0.9108,-0.3398,,
1790756483709218742,24.267,map,"nav2_feedback of the target goal (map, AMCL-based estimate)",-0.1808,-0.9108,-0.3398,,
1790756483721328473,24.267,map,"nav2_feedback of the target goal (map, AMCL-based estimate)",-0.1808,-0.9108,-0.3398,,
1790756483728983960,24.283,map,"nav2_feedback of the target goal (map, AMCL-based estimate)",-0.1746,-0.9127,-0.3438,,
1790756483738930642,24.283,map,"nav2_feedback of the target goal (map, AMCL-based estimate)",-0.1746,-0.9127,-0.3438,,
1790756483749222447,24.283,map,"nav2_feedback of the target goal (map, AMCL-based estimate)",-0.1746,-0.9127,-0.3438,,
1790756483759307085,24.283,map,"nav2_feedback of the target goal (map, AMCL-based estimate)",-0.1746,-0.9127,-0.3438,,
1790756483769513363,24.300,map,"nav2_feedback of the target goal (map, AMCL-based estimate)",-0.1687,-0.9147,-0.3478,,
1790756483779176688,24.300,map,"nav2_feedback of the target goal (map, AMCL-based estimate)",-0.1687,-0.9147,-0.3478,,
1790756483788952978,24.300,map,"nav2_feedback of the target goal (map, AMCL-based estimate)",-0.1687,-0.9147,-0.3478,,
1790756483799172270,24.317,map,"nav2_feedback of the target goal (map, AMCL-based estimate)",-0.1686,-0.9147,-0.3459,,
1790756483809374400,24.317,map,"nav2_feedback of the target goal (map, AMCL-based estimate)",-0.1686,-0.9147,-0.3459,,
1790756483819033669,24.317,map,"nav2_feedback of the target goal (map, AMCL-based estimate)",-0.1686,-0.9147,-0.3459,,
1790756483829168189,24.317,map,"nav2_feedback of the target goal (map, AMCL-based estimate)",-0.1686,-0.9147,-0.3459,,
1790756483839187291,24.317,map,"nav2_feedback of the target goal (map, AMCL-based estimate)",-0.1686,-0.9147,-0.3459,,
1790756483848961507,24.333,map,"nav2_feedback of the target goal (map, AMCL-based estimate)",-0.1684,-0.9148,-0.3439,,
1790756483859298857,24.333,map,"nav2_feedback of the target goal (map, AMCL-based estimate)",-0.1684,-0.9148,-0.3439,,
1790756483869698253,24.333,map,"nav2_feedback of the target goal (map, AMCL-based estimate)",-0.1684,-0.9148,-0.3439,,
1790756483878823998,24.333,map,"nav2_feedback of the target goal (map, AMCL-based estimate)",-0.1684,-0.9148,-0.3439,,
1790756483888914481,24.350,map,"nav2_feedback of the target goal (map, AMCL-based estimate)",-0.1682,-0.9148,-0.3420,,
1790756483899212887,24.350,map,"nav2_feedback of the target goal (map, AMCL-based estimate)",-0.1682,-0.9148,-0.3420,,
1790756483909537318,24.350,map,"nav2_feedback of the target goal (map, AMCL-based estimate)",-0.1682,-0.9148,-0.3420,,
1790756483919755572,24.350,map,"nav2_feedback of the target goal (map, AMCL-based estimate)",-0.1682,-0.9148,-0.3420,,
1790756483929082261,24.350,map,"nav2_feedback of the target goal (map, AMCL-based estimate)",-0.1682,-0.9148,-0.3420,,
1790756483938994432,24.367,map,"nav2_feedback of the target goal (map, AMCL-based estimate)",-0.1681,-0.9149,-0.3400,,
1790756483949080012,24.367,map,"nav2_feedback of the target goal (map, AMCL-based estimate)",-0.1681,-0.9149,-0.3400,,
1790756483959155880,24.367,map,"nav2_feedback of the target goal (map, AMCL-based estimate)",-0.1681,-0.9149,-0.3400,,
1790756483968973755,24.383,map,"nav2_feedback of the target goal (map, AMCL-based estimate)",-0.1679,-0.9149,-0.3380,,
1790756483978972583,24.383,map,"nav2_feedback of the target goal (map, AMCL-based estimate)",-0.1679,-0.9149,-0.3380,,
1790756483989019879,24.383,map,"nav2_feedback of the target goal (map, AMCL-based estimate)",-0.1679,-0.9149,-0.3380,,
1790756483999029269,24.383,map,"nav2_feedback of the target goal (map, AMCL-based estimate)",-0.1679,-0.9149,-0.3380,,
1790756484009659878,24.383,map,"nav2_feedback of the target goal (map, AMCL-based estimate)",-0.1679,-0.9149,-0.3380,,
1790756484019119429,24.400,map,"nav2_feedback of the target goal (map, AMCL-based estimate)",-0.1678,-0.9150,-0.3360,,
1790756484029067810,24.400,map,"nav2_feedback of the target goal (map, AMCL-based estimate)",-0.1678,-0.9150,-0.3360,,
1790756484038967533,24.400,map,"nav2_feedback of the target goal (map, AMCL-based estimate)",-0.1678,-0.9150,-0.3360,,
1790756484049277726,24.400,map,"nav2_feedback of the target goal (map, AMCL-based estimate)",-0.1678,-0.9150,-0.3360,,
1790756484059276177,24.417,map,"nav2_feedback of the target goal (map, AMCL-based estimate)",-0.1676,-0.9150,-0.3340,,
1790756484069084339,24.417,map,"nav2_feedback of the target goal (map, AMCL-based estimate)",-0.1676,-0.9150,-0.3340,,
1790756484079144931,24.417,map,"nav2_feedback of the target goal (map, AMCL-based estimate)",-0.1676,-0.9150,-0.3340,,
1790756484089480866,24.417,map,"nav2_feedback of the target goal (map, AMCL-based estimate)",-0.1676,-0.9150,-0.3340,,
1790756484101434821,24.417,map,"nav2_feedback of the target goal (map, AMCL-based estimate)",-0.1676,-0.9150,-0.3340,,
1790756484109348867,24.433,map,"nav2_feedback of the target goal (map, AMCL-based estimate)",-0.1675,-0.9151,-0.3319,,
1790756484119125534,24.433,map,"nav2_feedback of the target goal (map, AMCL-based estimate)",-0.1675,-0.9151,-0.3319,,
1790756484129297112,24.433,map,"nav2_feedback of the target goal (map, AMCL-based estimate)",-0.1675,-0.9151,-0.3319,,
1790756484139071423,24.433,map,"nav2_feedback of the target goal (map, AMCL-based estimate)",-0.1675,-0.9151,-0.3319,,
1790756484149165584,24.450,map,"nav2_feedback of the target goal (map, AMCL-based estimate)",-0.1673,-0.9152,-0.3299,,
1790756484159395153,24.450,map,"nav2_feedback of the target goal (map, AMCL-based estimate)",-0.1673,-0.9152,-0.3299,,
1790756484169021137,24.450,map,"nav2_feedback of the target goal (map, AMCL-based estimate)",-0.1673,-0.9152,-0.3299,,
1790756484179013930,24.450,map,"nav2_feedback of the target goal (map, AMCL-based estimate)",-0.1673,-0.9152,-0.3299,,
1790756484189230959,24.450,map,"nav2_feedback of the target goal (map, AMCL-based estimate)",-0.1673,-0.9152,-0.3299,,
1790756484198885042,24.467,map,"nav2_feedback of the target goal (map, AMCL-based estimate)",-0.1671,-0.9152,-0.3279,,
1790756484209702922,24.467,map,"nav2_feedback of the target goal (map, AMCL-based estimate)",-0.1671,-0.9152,-0.3279,,
1790756484219466389,24.467,map,"nav2_feedback of the target goal (map, AMCL-based estimate)",-0.1671,-0.9152,-0.3279,,
1790756484229891433,24.467,map,"nav2_feedback of the target goal (map, AMCL-based estimate)",-0.1671,-0.9152,-0.3279,,
1790756484239044430,24.483,map,"nav2_feedback of the target goal (map, AMCL-based estimate)",-0.1670,-0.9153,-0.3258,,
1790756484249642130,24.483,map,"nav2_feedback of the target goal (map, AMCL-based estimate)",-0.1670,-0.9153,-0.3258,,
1790756484259295741,24.483,map,"nav2_feedback of the target goal (map, AMCL-based estimate)",-0.1670,-0.9153,-0.3258,,
1790756484268885892,24.483,map,"nav2_feedback of the target goal (map, AMCL-based estimate)",-0.1670,-0.9153,-0.3258,,
1790756484279294435,24.483,map,"nav2_feedback of the target goal (map, AMCL-based estimate)",-0.1670,-0.9153,-0.3258,,
1790756484289034233,24.500,map,"nav2_feedback of the target goal (map, AMCL-based estimate)",-0.1668,-0.9153,-0.3237,,
1790756484300433446,24.500,map,"nav2_feedback of the target goal (map, AMCL-based estimate)",-0.1668,-0.9153,-0.3237,,
1790756484309046129,24.500,map,"nav2_feedback of the target goal (map, AMCL-based estimate)",-0.1668,-0.9153,-0.3237,,
1790756484319286637,24.500,map,"nav2_feedback of the target goal (map, AMCL-based estimate)",-0.1668,-0.9153,-0.3237,,
1790756484329194375,24.517,map,"nav2_feedback of the target goal (map, AMCL-based estimate)",-0.1666,-0.9154,-0.3216,,
1790756484339271752,24.517,map,"nav2_feedback of the target goal (map, AMCL-based estimate)",-0.1666,-0.9154,-0.3216,,
1790756484349561199,24.517,map,"nav2_feedback of the target goal (map, AMCL-based estimate)",-0.1666,-0.9154,-0.3216,,
1790756484359734003,24.517,map,"nav2_feedback of the target goal (map, AMCL-based estimate)",-0.1666,-0.9154,-0.3216,,
1790756484368936693,24.517,map,"nav2_feedback of the target goal (map, AMCL-based estimate)",-0.1666,-0.9154,-0.3216,,
1790756484378914211,24.517,map,"nav2_feedback of the target goal (map, AMCL-based estimate)",-0.1666,-0.9154,-0.3216,,
1790756484389151607,24.533,map,"nav2_feedback of the target goal (map, AMCL-based estimate)",-0.1665,-0.9154,-0.3195,,
1790756484399107154,24.533,map,"nav2_feedback of the target goal (map, AMCL-based estimate)",-0.1665,-0.9154,-0.3195,,
1790756484409231772,24.533,map,"nav2_feedback of the target goal (map, AMCL-based estimate)",-0.1665,-0.9154,-0.3195,,
1790756484419227960,24.550,map,"nav2_feedback of the target goal (map, AMCL-based estimate)",-0.1663,-0.9155,-0.3174,,
1790756484429256492,24.550,map,"nav2_feedback of the target goal (map, AMCL-based estimate)",-0.1663,-0.9155,-0.3174,,
1790756484438964701,24.550,map,"nav2_feedback of the target goal (map, AMCL-based estimate)",-0.1663,-0.9155,-0.3174,,
1790756484451238318,24.550,map,"nav2_feedback of the target goal (map, AMCL-based estimate)",-0.1663,-0.9155,-0.3174,,
1790756484459555194,24.550,map,"nav2_feedback of the target goal (map, AMCL-based estimate)",-0.1663,-0.9155,-0.3174,,
1790756484468830398,24.567,map,"nav2_feedback of the target goal (map, AMCL-based estimate)",-0.1662,-0.9155,-0.3152,,
1790756484478927954,24.567,map,"nav2_feedback of the target goal (map, AMCL-based estimate)",-0.1662,-0.9155,-0.3152,,
1790756484489029187,24.567,map,"nav2_feedback of the target goal (map, AMCL-based estimate)",-0.1662,-0.9155,-0.3152,,
1790756484498983508,24.567,map,"nav2_feedback of the target goal (map, AMCL-based estimate)",-0.1662,-0.9155,-0.3152,,
1790756484509340659,24.583,map,"nav2_feedback of the target goal (map, AMCL-based estimate)",-0.1660,-0.9156,-0.3131,,
1790756484519076686,24.583,map,"nav2_feedback of the target goal (map, AMCL-based estimate)",-0.1660,-0.9156,-0.3131,,
1790756484529067310,24.583,map,"nav2_feedback of the target goal (map, AMCL-based estimate)",-0.1660,-0.9156,-0.3131,,
1790756484539831159,24.583,map,"nav2_feedback of the target goal (map, AMCL-based estimate)",-0.1660,-0.9156,-0.3131,,
1790756484549158508,24.583,map,"nav2_feedback of the target goal (map, AMCL-based estimate)",-0.1660,-0.9156,-0.3131,,
1790756484559373839,24.600,map,"nav2_feedback of the target goal (map, AMCL-based estimate)",-0.1658,-0.9156,-0.3109,,
1790756484569145038,24.600,map,"nav2_feedback of the target goal (map, AMCL-based estimate)",-0.1658,-0.9156,-0.3109,,
1790756484578963479,24.600,map,"nav2_feedback of the target goal (map, AMCL-based estimate)",-0.1658,-0.9156,-0.3109,,
1790756484589287721,24.600,map,"nav2_feedback of the target goal (map, AMCL-based estimate)",-0.1658,-0.9156,-0.3109,,
1790756484599221674,24.617,map,"nav2_feedback of the target goal (map, AMCL-based estimate)",-0.1657,-0.9157,-0.3087,,
1790756484609198814,24.617,map,"nav2_feedback of the target goal (map, AMCL-based estimate)",-0.1657,-0.9157,-0.3087,,
1790756484618946062,24.617,map,"nav2_feedback of the target goal (map, AMCL-based estimate)",-0.1657,-0.9157,-0.3087,,
1790756484629118771,24.617,map,"nav2_feedback of the target goal (map, AMCL-based estimate)",-0.1657,-0.9157,-0.3087,,
1790756484639045369,24.633,map,"nav2_feedback of the target goal (map, AMCL-based estimate)",-0.1655,-0.9157,-0.3065,,
1790756484649201766,24.633,map,"nav2_feedback of the target goal (map, AMCL-based estimate)",-0.1655,-0.9157,-0.3065,,
1790756484659243404,24.633,map,"nav2_feedback of the target goal (map, AMCL-based estimate)",-0.1655,-0.9157,-0.3065,,
1790756484669402441,24.633,map,"nav2_feedback of the target goal (map, AMCL-based estimate)",-0.1655,-0.9157,-0.3065,,
1790756484678970149,24.650,map,"nav2_feedback of the target goal (map, AMCL-based estimate)",-0.1654,-0.9158,-0.3043,,
1790756484688870721,24.650,map,"nav2_feedback of the target goal (map, AMCL-based estimate)",-0.1654,-0.9158,-0.3043,,
1790756484699125091,24.650,map,"nav2_feedback of the target goal (map, AMCL-based estimate)",-0.1654,-0.9158,-0.3043,,
1790756484709246692,24.650,map,"nav2_feedback of the target goal (map, AMCL-based estimate)",-0.1654,-0.9158,-0.3043,,
1790756484719257402,24.650,map,"nav2_feedback of the target goal (map, AMCL-based estimate)",-0.1654,-0.9158,-0.3043,,
1790756484729176645,24.667,map,"nav2_feedback of the target goal (map, AMCL-based estimate)",-0.1652,-0.9158,-0.3021,,
1790756484739170004,24.667,map,"nav2_feedback of the target goal (map, AMCL-based estimate)",-0.1652,-0.9158,-0.3021,,
1790756484749282364,24.667,map,"nav2_feedback of the target goal (map, AMCL-based estimate)",-0.1652,-0.9158,-0.3021,,
1790756484759551349,24.667,map,"nav2_feedback of the target goal (map, AMCL-based estimate)",-0.1652,-0.9158,-0.3021,,
1790756484768953758,24.683,map,"nav2_feedback of the target goal (map, AMCL-based estimate)",-0.1650,-0.9159,-0.2999,,
1790756484778840751,24.683,map,"nav2_feedback of the target goal (map, AMCL-based estimate)",-0.1650,-0.9159,-0.2999,,
1790756484788947548,24.683,map,"nav2_feedback of the target goal (map, AMCL-based estimate)",-0.1650,-0.9159,-0.2999,,
1790756484799559015,24.683,map,"nav2_feedback of the target goal (map, AMCL-based estimate)",-0.1650,-0.9159,-0.2999,,
1790756484809399898,24.700,map,"nav2_feedback of the target goal (map, AMCL-based estimate)",-0.1649,-0.9159,-0.2976,,
1790756484819134604,24.700,map,"nav2_feedback of the target goal (map, AMCL-based estimate)",-0.1649,-0.9159,-0.2976,,
1790756484829070443,24.700,map,"nav2_feedback of the target goal (map, AMCL-based estimate)",-0.1649,-0.9159,-0.2976,,
1790756484839075212,24.700,map,"nav2_feedback of the target goal (map, AMCL-based estimate)",-0.1649,-0.9159,-0.2976,,
1790756484849215012,24.717,map,"nav2_feedback of the target goal (map, AMCL-based estimate)",-0.1647,-0.9160,-0.2953,,
1790756484859450994,24.717,map,"nav2_feedback of the target goal (map, AMCL-based estimate)",-0.1647,-0.9160,-0.2953,,
1790756484869338837,24.717,map,"nav2_feedback of the target goal (map, AMCL-based estimate)",-0.1647,-0.9160,-0.2953,,
1790756484879284294,24.717,map,"nav2_feedback of the target goal (map, AMCL-based estimate)",-0.1647,-0.9160,-0.2953,,
1790756484889154125,24.717,map,"nav2_feedback of the target goal (map, AMCL-based estimate)",-0.1647,-0.9160,-0.2953,,
1790756484899383318,24.733,map,"nav2_feedback of the target goal (map, AMCL-based estimate)",-0.1646,-0.9160,-0.2930,,
1790756484909449473,24.733,map,"nav2_feedback of the target goal (map, AMCL-based estimate)",-0.1646,-0.9160,-0.2930,,
1790756484919270649,24.733,map,"nav2_feedback of the target goal (map, AMCL-based estimate)",-0.1646,-0.9160,-0.2930,,
1790756484929038453,24.750,map,"nav2_feedback of the target goal (map, AMCL-based estimate)",-0.1644,-0.9161,-0.2907,,
1790756484938921863,24.750,map,"nav2_feedback of the target goal (map, AMCL-based estimate)",-0.1644,-0.9161,-0.2907,,
1790756484948917957,24.750,map,"nav2_feedback of the target goal (map, AMCL-based estimate)",-0.1644,-0.9161,-0.2907,,
1790756484959312544,24.750,map,"nav2_feedback of the target goal (map, AMCL-based estimate)",-0.1644,-0.9161,-0.2907,,
1790756484968862053,24.750,map,"nav2_feedback of the target goal (map, AMCL-based estimate)",-0.1644,-0.9161,-0.2907,,
1790756484979121703,24.767,map,"nav2_feedback of the target goal (map, AMCL-based estimate)",-0.1643,-0.9161,-0.2884,,
1790756484988983332,24.767,map,"nav2_feedback of the target goal (map, AMCL-based estimate)",-0.1643,-0.9161,-0.2884,,
1790756484999183292,24.767,map,"nav2_feedback of the target goal (map, AMCL-based estimate)",-0.1643,-0.9161,-0.2884,,
1790756485009178349,24.767,map,"nav2_feedback of the target goal (map, AMCL-based estimate)",-0.1643,-0.9161,-0.2884,,
1790756485019281185,24.767,map,"nav2_feedback of the target goal (map, AMCL-based estimate)",-0.1643,-0.9161,-0.2884,,
1790756485029402787,24.767,map,"nav2_feedback of the target goal (map, AMCL-based estimate)",-0.1643,-0.9161,-0.2884,,
1790756485039129383,24.783,map,"nav2_feedback of the target goal (map, AMCL-based estimate)",-0.1641,-0.9162,-0.2861,,
1790756485049173096,24.783,map,"nav2_feedback of the target goal (map, AMCL-based estimate)",-0.1641,-0.9162,-0.2861,,
1790756485059276027,24.783,map,"nav2_feedback of the target goal (map, AMCL-based estimate)",-0.1641,-0.9162,-0.2861,,
1790756485068925301,24.800,map,"nav2_feedback of the target goal (map, AMCL-based estimate)",-0.1640,-0.9162,-0.2837,,
1790756485079091316,24.800,map,"nav2_feedback of the target goal (map, AMCL-based estimate)",-0.1640,-0.9162,-0.2837,,
1790756485089161715,24.800,map,"nav2_feedback of the target goal (map, AMCL-based estimate)",-0.1640,-0.9162,-0.2837,,
1790756485099653049,24.800,map,"nav2_feedback of the target goal (map, AMCL-based estimate)",-0.1640,-0.9162,-0.2837,,
1790756485109236599,24.817,map,"nav2_feedback of the target goal (map, AMCL-based estimate)",-0.1638,-0.9162,-0.2813,,
1790756485119466640,24.817,map,"nav2_feedback of the target goal (map, AMCL-based estimate)",-0.1638,-0.9162,-0.2813,,
1790756485129669807,24.817,map,"nav2_feedback of the target goal (map, AMCL-based estimate)",-0.1638,-0.9162,-0.2813,,
1790756485138994610,24.817,map,"nav2_feedback of the target goal (map, AMCL-based estimate)",-0.1638,-0.9162,-0.2813,,
1790756485149196457,24.817,map,"nav2_feedback of the target goal (map, AMCL-based estimate)",-0.1638,-0.9162,-0.2813,,
1790756485159482510,24.833,map,"nav2_feedback of the target goal (map, AMCL-based estimate)",-0.1637,-0.9163,-0.2789,,
1790756485169262384,24.833,map,"nav2_feedback of the target goal (map, AMCL-based estimate)",-0.1637,-0.9163,-0.2789,,
1790756485179228397,24.833,map,"nav2_feedback of the target goal (map, AMCL-based estimate)",-0.1637,-0.9163,-0.2789,,
1790756485189395543,24.833,map,"nav2_feedback of the target goal (map, AMCL-based estimate)",-0.1637,-0.9163,-0.2789,,
1790756485199295267,24.833,map,"nav2_feedback of the target goal (map, AMCL-based estimate)",-0.1637,-0.9163,-0.2789,,
1790756485209774343,24.850,map,"nav2_feedback of the target goal (map, AMCL-based estimate)",-0.1635,-0.9163,-0.2765,,
1790756485219355536,24.850,map,"nav2_feedback of the target goal (map, AMCL-based estimate)",-0.1635,-0.9163,-0.2765,,
1790756485229630933,24.850,map,"nav2_feedback of the target goal (map, AMCL-based estimate)",-0.1635,-0.9163,-0.2765,,
1790756485239351589,24.850,map,"nav2_feedback of the target goal (map, AMCL-based estimate)",-0.1635,-0.9163,-0.2765,,
1790756485250601910,24.850,map,"nav2_feedback of the target goal (map, AMCL-based estimate)",-0.1635,-0.9163,-0.2765,,
1790756485259425154,24.867,map,"nav2_feedback of the target goal (map, AMCL-based estimate)",-0.1634,-0.9164,-0.2741,,
1790756485269194750,24.867,map,"nav2_feedback of the target goal (map, AMCL-based estimate)",-0.1634,-0.9164,-0.2741,,
1790756485279245818,24.867,map,"nav2_feedback of the target goal (map, AMCL-based estimate)",-0.1634,-0.9164,-0.2741,,
1790756485289528099,24.867,map,"nav2_feedback of the target goal (map, AMCL-based estimate)",-0.1634,-0.9164,-0.2741,,
1790756485299234799,24.883,map,"nav2_feedback of the target goal (map, AMCL-based estimate)",-0.1632,-0.9164,-0.2717,,
1790756485309111326,24.883,map,"nav2_feedback of the target goal (map, AMCL-based estimate)",-0.1632,-0.9164,-0.2717,,
1790756485319127316,24.883,map,"nav2_feedback of the target goal (map, AMCL-based estimate)",-0.1632,-0.9164,-0.2717,,
1790756485329015441,24.883,map,"nav2_feedback of the target goal (map, AMCL-based estimate)",-0.1632,-0.9164,-0.2717,,
1790756485338904698,24.883,map,"nav2_feedback of the target goal (map, AMCL-based estimate)",-0.1632,-0.9164,-0.2717,,
1790756485349411780,24.900,map,"nav2_feedback of the target goal (map, AMCL-based estimate)",-0.1631,-0.9164,-0.2692,,
1790756485359455398,24.900,map,"nav2_feedback of the target goal (map, AMCL-based estimate)",-0.1631,-0.9164,-0.2692,,
1790756485369181052,24.900,map,"nav2_feedback of the target goal (map, AMCL-based estimate)",-0.1631,-0.9164,-0.2692,,
1790756485379089734,24.900,map,"nav2_feedback of the target goal (map, AMCL-based estimate)",-0.1631,-0.9164,-0.2692,,
1790756485389140708,24.917,map,"nav2_feedback of the target goal (map, AMCL-based estimate)",-0.1630,-0.9165,-0.2668,,
1790756485398944910,24.917,map,"nav2_feedback of the target goal (map, AMCL-based estimate)",-0.1630,-0.9165,-0.2668,,
1790756485409243315,24.917,map,"nav2_feedback of the target goal (map, AMCL-based estimate)",-0.1630,-0.9165,-0.2668,,
1790756485418964160,24.917,map,"nav2_feedback of the target goal (map, AMCL-based estimate)",-0.1630,-0.9165,-0.2668,,
1790756485429213815,24.933,map,"nav2_feedback of the target goal (map, AMCL-based estimate)",-0.1628,-0.9165,-0.2643,,
1790756486279582364,24.933,map,"nav2_feedback of the target goal (map, AMCL-based estimate)",-0.1628,-0.9165,-0.2643,,
1790756486289024848,24.933,map,"nav2_feedback of the target goal (map, AMCL-based estimate)",-0.1628,-0.9165,-0.2643,,
1790756486299459134,24.933,map,"nav2_feedback of the target goal (map, AMCL-based estimate)",-0.1628,-0.9165,-0.2643,,
1790756486308642776,24.950,map,"nav2_feedback of the target goal (map, AMCL-based estimate)",-0.1627,-0.9165,-0.2618,,
1790756486319551369,24.950,map,"nav2_feedback of the target goal (map, AMCL-based estimate)",-0.1627,-0.9165,-0.2618,,
1790756486328888242,24.950,map,"nav2_feedback of the target goal (map, AMCL-based estimate)",-0.1627,-0.9165,-0.2618,,
1790756486338682449,24.950,map,"nav2_feedback of the target goal (map, AMCL-based estimate)",-0.1627,-0.9165,-0.2618,,
1790756486349402262,24.950,map,"nav2_feedback of the target goal (map, AMCL-based estimate)",-0.1627,-0.9165,-0.2618,,
1790756486358713014,24.967,map,"nav2_feedback of the target goal (map, AMCL-based estimate)",-0.1626,-0.9166,-0.2593,,
1790756487531726580,24.967,map,"nav2_feedback of the target goal (map, AMCL-based estimate)",-0.1626,-0.9166,-0.2593,,
1790756487541123142,24.967,map,"nav2_feedback of the target goal (map, AMCL-based estimate)",-0.1626,-0.9166,-0.2593,,
1790756487551889725,24.967,map,"nav2_feedback of the target goal (map, AMCL-based estimate)",-0.1626,-0.9166,-0.2593,,
1790756487561210379,24.983,map,"nav2_feedback of the target goal (map, AMCL-based estimate)",-0.1624,-0.9166,-0.2568,,
1790756487570938202,24.983,map,"nav2_feedback of the target goal (map, AMCL-based estimate)",-0.1624,-0.9166,-0.2568,,
1790756487581420013,24.983,map,"nav2_feedback of the target goal (map, AMCL-based estimate)",-0.1624,-0.9166,-0.2568,,
1790756487591601869,24.983,map,"nav2_feedback of the target goal (map, AMCL-based estimate)",-0.1624,-0.9166,-0.2568,,
1790756487601424364,25.000,map,"nav2_feedback of the target goal (map, AMCL-based estimate)",-0.1623,-0.9166,-0.2542,,
1790756487611443937,25.000,map,"nav2_feedback of the target goal (map, AMCL-based estimate)",-0.1623,-0.9166,-0.2542,,
1790756487621084254,25.000,map,"nav2_feedback of the target goal (map, AMCL-based estimate)",-0.1623,-0.9166,-0.2542,,
1790756487631084685,25.000,map,"nav2_feedback of the target goal (map, AMCL-based estimate)",-0.1623,-0.9166,-0.2542,,
1790756487641225051,25.017,map,"nav2_feedback of the target goal (map, AMCL-based estimate)",-0.1622,-0.9167,-0.2517,,
1790756487651444343,25.017,map,"nav2_feedback of the target goal (map, AMCL-based estimate)",-0.1622,-0.9167,-0.2517,,
1790756487661293429,25.017,map,"nav2_feedback of the target goal (map, AMCL-based estimate)",-0.1622,-0.9167,-0.2517,,
1790756487671569581,25.017,map,"nav2_feedback of the target goal (map, AMCL-based estimate)",-0.1622,-0.9167,-0.2517,,
1790756487681555114,25.017,map,"nav2_feedback of the target goal (map, AMCL-based estimate)",-0.1622,-0.9167,-0.2517,,
1790756487691029187,25.017,map,"nav2_feedback of the target goal (map, AMCL-based estimate)",-0.1622,-0.9167,-0.2517,,
1790756487701045177,25.017,map,"nav2_feedback of the target goal (map, AMCL-based estimate)",-0.1622,-0.9167,-0.2517,,
1790756487711034010,25.033,map,"nav2_feedback of the target goal (map, AMCL-based estimate)",-0.1621,-0.9167,-0.2492,,
