2026-09-30T01:26:20.386 0.008766163486750158,-7.240981014954972e-07,-1.3785744587690066e-05,-3.754538206080544e-07,2.161813554714694e-07,4.313562511975276e-06,0.9999999999906027
2026-09-30T01:26:20.445 0.008787144267421484,-3.662060850336734e-07,-1.3833818711905858e-05,-2.791810355511032e-07,1.0197531910491807e-07,-2.6493136277364064e-06,0.9999999999964464
2026-09-30T01:26:20.496 0.008805264081093687,-4.255825970311391e-07,-1.384756690231075e-05,-2.790990608442622e-07,-9.220381938566109e-08,-1.466211338087936e-05,0.999999999892468
2026-09-30T01:26:20.584 0.008822907053701081,-1.2733724382669657e-07,-1.3860561221139498e-05,-2.629505968233622e-07,9.96490942057983e-08,-4.199983865443805e-06,0.9999999999911405
2026-09-30T01:26:20.650 0.008844364702749751,-4.250903136861668e-07,-1.3894488025617032e-05,-2.4882666397231526e-07,1.1478413733057589e-07,6.00741979990758e-06,0.9999999999819179
2026-09-30T01:26:20.712 0.008861053958864454,-4.2488019664710834e-07,-1.3935776720692571e-05,-5.140958694052355e-07,8.870426051777287e-08,-4.988936513122099e-06,0.9999999999874192
2026-09-30T01:26:20.773 0.008879173893340007,-7.226752740575257e-07,-1.3875019159259672e-05,-3.727410238501193e-07,-1.526238691076198e-07,-1.473560891066657e-05,0.9999999998913498
2026-09-30T01:26:20.832 0.008897770491200616,-3.648132747061305e-07,-1.3919323633117267e-05,-3.3768338229933364e-07,6.658623580031738e-08,-3.3237101505914833e-06,0.9999999999944172
2026-09-30T01:26:20.876 0.008916366972760539,-1.2616057856577724e-07,-1.4038133800317155e-05,-3.1456022260676114e-07,1.0547025383823782e-07,5.9083297546535155e-06,0.9999999999824908
2026-09-30T01:26:20.936 0.008935440436747159,-2.451297312236792e-07,-1.4068290983684237e-05,-3.80257903660051e-07,1.756675127937317e-07,-5.304956121529797e-06,0.999999999985841
2026-09-30T01:26:20.992 0.008954990811729088,-6.621160961109971e-07,-1.4054498620672237e-05,-3.26648273324629e-07,6.332718929449208e-08,-3.499312026420368e-06,0.999999999993822
2026-09-30T01:26:21.045 0.008971680115714862,-7.215106183747199e-07,-1.4065985020862211e-05,-3.971686648595615e-07,8.917320461172219e-08,1.557351497286807e-06,0.9999999999987045
2026-09-30T01:26:21.098 0.00899266099137789,-4.2322323574779323e-07,-1.4054454565056118e-05,-3.3164461388101705e-07,1.0639935739322e-07,-2.449538474896616e-06,0.9999999999969392
2026-09-30T01:26:21.146 0.009011257529063774,-8.998262713875433e-07,-1.4143462330128701e-05,-3.081405553306303e-07,6.938096090991344e-08,-2.4700759830732905e-06,0.9999999999968995
2026-09-30T01:26:21.193 0.009027946760117273,-7.804068675410956e-07,-1.4199652187270896e-05,-3.5939840808671664e-07,1.9906413341080782e-07,1.6376925650697028e-06,0.9999999999985746
2026-09-30T01:26:21.250 0.009046543314609471,-7.205680975109128e-07,-1.4273758897518563e-05,-4.266602001799309e-07,1.4691132775426694e-07,-2.4631114019534228e-06,0.9999999999968647
2026-09-30T01:26:21.304 0.009064186290218644,-6.607413233891329e-07,-1.4286753177350313e-05,-4.057419978665166e-07,1.445829034021271e-07,-3.687651860507526e-06,0.9999999999931078
2026-09-30T01:26:21.365 0.009081829267328706,-7.201238388086843e-07,-1.4299747437683567e-05,-3.916533261271796e-07,1.571292448495385e-07,2.0861109333326404e-07,0.9999999999998892
2026-09-30T01:26:21.434 0.0091018564440558,-2.430345314478742e-07,-1.4301610293550103e-05,-3.01208569279392e-07,5.459916477728277e-08,-1.0508201428258169e-06,0.999999999999401
2026-09-30T01:26:21.471 0.009119976277536098,-4.387816858069511e-09,-1.4300457390133081e-05,-2.417809977025972e-07,1.0488826780931406e-07,-3.0429463405923556e-06,0.9999999999953355
2026-09-30T01:26:21.513 0.009136665629392946,-1.2338697842457372e-07,-1.4282141495437488e-05,-2.432627238669282e-07,-3.457782646418203e-08,-1.2021008869149658e-05,0.9999999999277175
2026-09-30T01:26:21.580 0.009153831726572454,-4.807987265874233e-07,-1.4324184062089174e-05,-9.739001568176168e-08,-1.583360472210792e-08,-6.270258397425327e-06,0.9999999999803371
2026-09-30T01:26:21.626 0.009171951350261252,-4.2096597091509483e-07,-1.4457141412537835e-05,-3.2140839005956336e-07,8.044047265954221e-08,-5.109460675186218e-06,0.9999999999868918
2026-09-30T01:26:21.681 0.009192455371805377,-5.995217526095208e-07,-1.4459758091234268e-05,-2.1151976010600605e-07,2.2349778677041723e-08,1.331071328133279e-06,0.9999999999990915
2026-09-30T01:26:21.721 0.009210575108042638,-1.224564698728223e-07,-1.4518209797086878e-05,-3.541330748299168e-07,7.508455294192859e-08,-1.263188593021456e-05,0.9999999999201522
2026-09-30T01:26:21.772 0.009228218231017252,-5.394668375127146e-07,-1.4441797143515685e-05,-2.0382363414667962e-07,-6.624215680459258e-08,-8.678121315355254e-06,0.9999999999623221
2026-09-30T01:26:21.804 0.009248245229017604,-8.372379340420949e-07,-1.456286901318725e-05,-3.264178573651914e-07,1.0477065106890483e-07,-2.9022746556599164e-06,0.9999999999957296
2026-09-30T01:26:21.861 0.009266365035935812,-3.601726431035698e-07,-1.4576617291335385e-05,-1.985777807494677e-07,1.2327884729477742e-07,1.828170549194613e-06,0.9999999999983016
2026-09-30T01:26:21.897 0.009285438493918878,-2.304637596146682e-09,-1.4606774552696458e-05,-3.872349024689816e-07,1.4574777501003093e-07,-3.247257204171355e-06,0.9999999999946421
2026-09-30T01:26:21.952 0.009305465732775485,-7.173082201807648e-07,-1.4578834928441694e-05,-2.5170043098653777e-07,1.0162599519757158e-07,-2.3467872069968698e-06,0.9999999999972095
2026-09-30T01:26:21.990 0.009323108544963344,-7.766907547379113e-07,-1.4696137186752057e-05,-2.840529410438996e-07,8.668234665688455e-08,-4.5534763271325066e-07,0.9999999999998522
2026-09-30T01:26:22.042 0.009342182068374245,-1.5902276340023372e-09,-1.46815910886534e-05,-2.1236135335502763e-07,6.099923796528005e-08,-2.659727548066958e-06,0.9999999999964385
2026-09-30T01:26:22.080 0.009359824979306026,-4.18600619879374e-07,-1.4739288718195635e-05,-3.650286155595687e-07,-5.3321493305368745e-08,-1.2903976354789286e-05,0.9999999999166757
2026-09-30T01:26:22.147 0.00937508379266302,-1.2038528105141804e-07,-1.4733612244098026e-05,-3.7142696874216185e-07,1.152227511497602e-08,-5.96229135042056e-06,0.9999999999821565
2026-09-30T01:26:22.186 0.009396541463020672,-2.393244138649492e-07,-1.4752637935255148e-05,-2.627473029295694e-07,1.1676224883825152e-07,-5.408950934737108e-06,0.9999999999853303
2026-09-30T01:26:22.241 0.009414661084458138,-6.777238806238277e-10,-1.4885595314951554e-05,-4.373723716818565e-07,3.6426513087868216e-07,5.500153617220581e-05,0.9999999984872535
2026-09-30T01:26:22.277 0.009433734468758484,5.956088525076354e-07,-1.4960456043014101e-05,-4.6152896343120444e-07,3.252737949319672e-07,0.00015190182955519488,0.9999999884627576
2026-09-30T01:26:22.333 0.009455192246411491,1.311134760153134e-06,-1.4904976157819915e-05,-4.650452893356211e-07,-3.974124164679554e-07,0.0002590952177963341,0.9999999664346464
2026-09-30T01:26:22.370 0.009475219461253888,2.503479810229816e-06,-1.487703684554112e-05,-3.697593285381825e-08,8.36909719489191e-07,0.00044681796201574914,0.9999999001764985
2026-09-30T01:26:22.438 0.009495246082585751,4.053452660581938e-06,-1.5221626155961793e-05,-6.825858863606322e-07,7.851642883240314e-07,0.0008162397928070864,0.9999996668757036
2026-09-30T01:26:22.547 0.009509550625555706,5.007307016694491e-06,-1.5586970493166614e-05,-3.1634688807086405e-06,1.0469439527830746e-06,0.0013177853074368944,0.999999131715013
2026-09-30T01:26:22.601 0.009530056262551871,7.510960441055969e-06,-1.4546507630808141e-05,1.6445983272181782e-07,-1.7187130984097415e-08,0.0020301769076375305,0.9999979391887247
2026-09-30T01:26:22.639 0.009553420666589913,7.392045250848285e-06,-1.4955978749023948e-05,4.065153671593902e-06,1.3196511503898239e-07,0.0028062090672363875,0.9999960625793124
2026-09-30T01:26:22.696 0.009579169924680692,8.226834473366001e-06,-1.4937086539109332e-05,5.242802205192212e-06,4.394569843923405e-07,0.0036345667230672637,0.9999933949267142
2026-09-30T01:26:22.751 0.009609210430607872,8.942468404333854e-06,-1.5103793391158882e-05,6.92950736176128e-06,1.8951394030008373e-06,0.004498693986761516,0.9999898807992028
2026-09-30T01:26:22.858 0.00964258921205306,1.0015772277091258e-05,-1.500755724597854e-05,7.922843098911385e-06,1.6140809897244155e-06,0.005387037817580702,0.9999854897738143
2026-09-30T01:26:22.924 0.009680735912974584,1.0969926842583286e-05,-1.5201982090811114e-05,9.481371184062246e-06,1.820799490045518e-06,0.006296270767623382,0.9999801782441535
2026-09-30T01:26:22.975 0.009721267195731288,1.2043320761204093e-05,-1.5146857181841683e-05,1.0863146345392652e-05,1.786762364015028e-06,0.007212453383130973,0.9999739898592341
2026-09-30T01:26:23.035 0.009770381415803222,1.3355241306835396e-05,-1.5179808765999553e-05,1.2494079220726707e-05,3.2134982842878323e-06,0.008140580011380027,0.9999668648463557
2026-09-30T01:26:23.082 0.00982044897315148,1.5144010979201002e-05,-1.542288428424892e-05,1.3758591939062719e-05,2.808964790175507e-06,0.00907589347651796,0.9999588131320278
2026-09-30T01:26:23.128 0.009876715828392382,1.705206803480601e-05,-1.540754034670124e-05,1.553500650192874e-05,2.488140396899249e-06,0.01001700029064987,0.9999498284702337
2026-09-30T01:26:23.191 0.009936320300963362,1.9198585666108866e-05,-1.554648538433362e-05,1.6758149657286273e-05,2.0975832816146514e-06,0.010968601681919892,0.9999398429365178
2026-09-30T01:26:23.230 0.010004984716836581,2.12260080783579e-05,-1.5669952788692336e-05,1.8481214663481416e-05,2.8645140231398824e-06,0.011928825789945667,0.9999288488515132
2026-09-30T01:26:23.294 0.010071264849654274,2.3730237620726062e-05,-1.5849255190959483e-05,1.967537521082398e-05,2.5610064009351566e-06,0.012901503958734826,0.9999167719375066
2026-09-30T01:26:23.331 0.010144220787082343,2.6353760511480526e-05,-1.5979508063455443e-05,2.1440122356246257e-05,2.605283047923184e-06,0.013884776398441318,0.9999036016126249
2026-09-30T01:26:23.390 0.010219560951439981,2.9215732003895965e-05,-1.6083728340170278e-05,2.2637260151578696e-05,2.3551319135151724e-06,0.014880366024578416,0.9998892809651388
2026-09-30T01:26:23.432 0.010302530543409877,3.243542742515665e-05,-1.6170209271390526e-05,2.4693714011113366e-05,2.242021113249392e-06,0.015881509374120494,0.9998738805695414
2026-09-30T01:26:23.493 0.010387407475624793,3.613198401827101e-05,-1.6259706000891322e-05,2.6084639405586952e-05,2.052574455060297e-06,0.016892220722277522,0.9998573159178505
2026-09-30T01:26:23.534 0.010476576006079055,3.99478039399273e-05,-1.63112846928309e-05,2.8065433219402595e-05,2.0527840904479777e-06,0.01791224668791699,0.9998395624432496
2026-09-30T01:26:23.592 0.010568605246620306,4.4002078425657505e-05,-1.656110185758337e-05,2.9257665250122846e-05,1.8795666481395755e-06,0.018942277539457108,0.9998205785350062
2026-09-30T01:26:23.632 0.010667310170968588,4.8414064825186974e-05,-1.6836375244402448e-05,3.09991326996776e-05,2.3101412522897796e-06,0.019981593237850623,0.9998003475521471
2026-09-30T01:26:23.694 0.010767922924324946,5.377974961214822e-05,-1.6801740513564738e-05,3.253456921923697e-05,2.4663582189996887e-06,0.02103263072037987,0.9997787892230956
2026-09-30T01:26:23.731 0.010872349972654873,5.890706380092647e-05,-1.702645660796184e-05,3.4305913592583344e-05,2.895723202753906e-06,0.022090291576734027,0.9997559791432977
2026-09-30T01:26:23.805 0.010978684479031399,6.45112391752281e-05,-1.717968278779871e-05,3.5889587972327945e-05,3.319184141584892e-06,0.02315912285922365,0.9997317908965944
2026-09-30T01:26:23.837 0.011091694546910709,7.083075431828326e-05,-1.7432870961038464e-05,3.7907602874384496e-05,3.127823452979734e-06,0.0242385112655958,0.9997062034042091
2026-09-30T01:26:23.899 0.011207088887339331,7.750792735800862e-05,-1.763022427285928e-05,3.8701228855565216e-05,2.601562466965998e-06,0.025331723324370857,0.9996790996559167
2026-09-30T01:26:23.937 0.011329635821819844,8.430439974407448e-05,-1.7809084270116867e-05,4.159418534810538e-05,2.471077983174936e-06,0.026436104000542884,0.9996505042609092
2026-09-30T01:26:23.994 0.011451705975410275,9.229295903033341e-05,-1.7942487104583318e-05,4.270818740885243e-05,2.137097881628558e-06,0.02755556977791396,0.9996202722762569
2026-09-30T01:26:24.033 0.011579498291551553,9.980475321316172e-05,-1.8010431309074663e-05,4.491016957413647e-05,1.3870769401854748e-06,0.02868722570142439,0.9995884358388247
2026-09-30T01:26:24.090 0.011706813492455677,0.0001088662621265319,-1.824153440522459e-05,4.656575016960424e-05,1.1640156248235478e-06,0.02983323373144542,0.9995548889357707
2026-09-30T01:26:24.128 0.01184032754660824,0.00011780863979211394,-1.8497339715375492e-05,4.8624925275479784e-05,7.389249992371127e-07,0.030993725364524414,0.9995195779088567
2026-09-30T01:26:24.192 0.01197670244620613,0.00012746630919633885,-1.8861976720924325e-05,5.0013322558039574e-05,5.991620252836885e-07,0.03216579572288892,0.9994825456624152
2026-09-30T01:26:24.230 0.012116892536069552,0.0001368856081062706,-1.891972113411795e-05,5.237074623796983e-05,-2.333283498937407e-07,0.033351181358123226,0.999443693241029
2026-09-30T01:26:24.288 0.01225994345486853,0.00014833150093979987,-1.9086297457192988e-05,5.406165950137231e-05,-7.057797779158899e-07,0.03455149475102235,0.9994029173898328
2026-09-30T01:26:24.328 0.012406332026565008,0.0001590621800354303,-1.9392261456891944e-05,5.625634649765569e-05,-1.282260626374165e-06,0.03576434706482392,0.9993602495159621
2026-09-30T01:26:24.388 0.012553674254876001,0.00017110417332285958,-1.969973353121766e-05,5.777181265434363e-05,-1.4727780987228214e-06,0.036992544378229436,0.9993155399175344
2026-09-30T01:26:24.428 0.012706738636732513,0.0001833846572441062,-1.994174709255925e-05,5.956659337735109e-05,-2.0480172869117805e-06,0.0382358363387152,0.9992687412638832
2026-09-30T01:26:24.489 0.012860756203997247,0.0001969764553024728,-2.048329157989078e-05,6.092830476675687e-05,-2.1188609354184512e-06,0.03949340021980871,0.9992198294781435
2026-09-30T01:26:24.535 0.01301715889948706,0.00021032986490822489,-2.0432559975857154e-05,6.383194769148051e-05,-3.1905603500922876e-06,0.0407652493611247,0.9991687496913763
2026-09-30T01:26:24.588 0.013173083915793056,0.00022511377988936284,-2.090261466561943e-05,6.511944822140605e-05,-3.6124359926685814e-06,0.04205104353207543,0.9991154615379902
2026-09-30T01:26:24.626 0.013334731751336936,0.0002396593484227033,-2.0889978772495144e-05,6.804542017471947e-05,-4.53951770293498e-06,0.043351163864386956,0.9990598940708293
2026-09-30T01:26:24.686 0.01349685576330025,0.0002561122715183107,-2.128042797075875e-05,6.947696485226168e-05,-6.264864077302079e-06,0.04466473739120385,0.9990020302118898
2026-09-30T01:26:24.724 0.013662318084848097,0.00027208839953165226,-2.1393032892734824e-05,7.246782114791412e-05,-7.329368008042365e-06,0.04599474938081244,0.9989416788402071
2026-09-30T01:26:24.786 0.013825872743357065,0.00028889896852255355,-2.1696337084299896e-05,7.427125667443136e-05,-7.642956001906374e-06,0.04734265486746406,0.9988787050765803
2026-09-30T01:26:24.821 0.013994672765970034,0.00030594802214931803,-2.1903626547672885e-05,7.666584681642349e-05,-8.233165034673574e-06,0.04871138052291312,0.9988128931196848
2026-09-30T01:26:24.882 0.014162041722000453,0.0003241891505983489,-2.245138069488359e-05,7.831752495149086e-05,-9.120844027838628e-06,0.050094803024050685,0.9987444640613319
2026-09-30T01:26:24.925 0.014335610607549343,0.0003429071943730596,-2.2338384595452455e-05,8.15154464084077e-05,-1.0146670630614749e-05,0.05157150555864179,0.9986693011536362
2026-09-30T01:26:24.987 0.014507271296723547,0.0003636517719605966,-2.274391309709479e-05,8.392202060443759e-05,-1.0281849414498682e-05,0.05323602666172968,0.9985819537307139
2026-09-30T01:26:25.024 0.014684654379549078,0.00038427721234066646,-2.293497160157592e-05,8.726147042980076e-05,-9.687228252153813e-06,0.055162326875296375,0.9984773958309203
2026-09-30T01:26:25.088 0.014864898146946503,0.0004071676652070129,-2.3324268910344417e-05,9.037152490161931e-05,-8.53782380839621e-06,0.057391899389920634,0.9983517224127528
2026-09-30T01:26:25.125 0.015050863812774748,0.00043184632944387463,-2.379711938529085e-05,9.341808429713353e-05,-7.1624858335881545e-06,0.0599430426863839,0.9982017946564005
2026-09-30T01:26:25.189 0.015239690714067455,0.00045807475049264556,-2.4125482268466017e-05,9.798391958862041e-05,-6.544266762950594e-06,0.0628348848619951,0.99802393137675
2026-09-30T01:26:25.224 0.015430425301051565,0.00048728342783738117,-2.421844307829965e-05,0.00010317617936358986,-6.553138049410474e-06,0.06608343044929592,0.9978140956770382
2026-09-30T01:26:25.299 0.015624974476832334,0.0005191147575712011,-2.4362139185377838e-05,0.00010874544846707617,-6.1551726335198945e-06,0.06969508712181421,0.9975683349864429
2026-09-30T01:26:25.334 0.015824768852841894,0.0005529727112676004,-2.4499227712150375e-05,0.00011520613805493937,-6.022252069442086e-06,0.07367566589991004,0.9972822483858234
2026-09-30T01:26:25.396 0.016026947284401374,0.0005894532993400835,-2.4699690888520698e-05,0.0001219221709692709,-6.49215252622191e-06,0.07802685853992215,0.9969512497806636
2026-09-30T01:26:25.436 0.016234371045544423,0.0006289141857078807,-2.4804139785164402e-05,0.00012933303475941714,-7.455110010314995e-06,0.08268497711399005,0.9965757260625238
2026-09-30T01:26:25.497 0.016445133012571528,0.0006705208813551194,-2.4675448262192014e-05,0.00013807959730987205,-9.698291844899145e-06,0.08756372848445747,0.9961589101613598
2026-09-30T01:26:25.533 0.016656371378113217,0.0007151078151978364,-2.4800830580412414e-05,0.00014638037966621106,-1.2775515241899267e-05,0.09260717509505509,0.9957027114206752
2026-09-30T01:26:25.595 0.01686570202148829,0.000761482864328976,-2.5146714609346113e-05,0.00015502004988656413,-1.58015654678816e-05,0.09777322799236648,0.99520870756191
2026-09-30T01:26:25.633 0.017072171891145967,0.0008089307610755284,-2.532416266508672e-05,0.00016397991705255967,-1.9692151614872665e-05,0.1030374045793492,0.9946774683184281
2026-09-30T01:26:25.692 0.017265290372631057,0.0008554248154126657,-2.5465599380265267e-05,0.0001728624941869225,-2.2651693664835682e-05,0.10838311272310178,0.99410918438666
2026-09-30T01:26:25.734 0.017441242337807535,0.0009000113049447355,-2.5848114867115684e-05,0.00018194254113980377,-2.5307027039699544e-05,0.11379519027246211,0.9935042128382346
2026-09-30T01:26:25.793 0.017598598039924373,0.00094197495601171,-2.5992610656250976e-05,0.00019119035797566863,-2.8300811304324174e-05,0.119261485352151,0.9928628610019159
2026-09-30T01:26:25.833 0.017740218049207553,0.000981435013871718,-2.6186732056394497e-05,0.00020060641949725243,-3.07008688997426e-05,0.12477170125817509,0.9921854571498525
2026-09-30T01:26:25.889 0.017864195166773955,0.0010179146173693097,-2.6338056413856745e-05,0.00020974129673956266,-3.310877659546412e-05,0.1303173372327261,0.9914723125377578
2026-09-30T01:26:25.929 0.017971482927387757,0.0010511753599158423,-2.6537498405192948e-05,0.0002192137128978578,-3.565337254666933e-05,0.13589138924054567,0.9907237157777438
2026-09-30T01:26:25.987 0.01805445233097803,0.0010787137504172043,-2.6549477601266037e-05,0.00022860210233536976,-3.7385898665748996e-05,0.14148809086530345,0.9899399307466413
2026-09-30T01:26:26.041 0.018105950220454012,0.0010964765829011085,-2.6779916379960926e-05,0.00023776394615164753,-3.8602329854374535e-05,0.14703932905139602,0.9891306171028583
2026-09-30T01:26:26.086 0.018130745872784973,0.0011050599639561064,-2.6655209579328306e-05,0.0002469865717956526,-3.942250259888712e-05,0.1524708958422657,0.9883079294251143
2026-09-30T01:26:26.124 0.018131699289293673,0.0011067289059891895,-2.6805729138132143e-05,0.0002556584947623811,-4.094214362350709e-05,0.15778857338017582,0.9874728852343865
2026-09-30T01:26:26.184 0.018113102789583894,0.001102317928150901,-2.67316217161893e-05,0.00026445172853614316,-4.177343591481208e-05,0.16302477114715164,0.9866219399104614
2026-09-30T01:26:26.224 0.018074478746549005,0.0010909925593180745,-2.6938772094256024e-05,0.00027305748469202295,-4.302758179226456e-05,0.16820134938214382,0.9857526209218331
2026-09-30T01:26:26.282 0.018018212549078434,0.0010723952017786282,-2.6670991593218936e-05,0.0002817272711917596,-4.3779545168192635e-05,0.17333316433774573,0.9848632051476794
2026-09-30T01:26:26.319 0.01794477989833656,0.0010468834892733783,-2.664428904491679e-05,0.0002898822603089188,-4.406338530078573e-05,0.1784311241165728,0.9839523606217881
2026-09-30T01:26:26.379 0.01785513500633313,0.0010146958524511328,-2.6517446069422208e-05,0.0002982597686479286,-4.479837717807437e-05,0.1835007564647902,0.9830195223956977
2026-09-30T01:26:26.419 0.017755953363889982,0.0009765476310724431,-2.643512808784256e-05,0.0003068103459891108,-4.573692005886564e-05,0.18854703840721748,0.982064110984315
2026-09-30T01:26:26.481 0.017646758396156318,0.0009341077492202736,-2.6217767732267272e-05,0.00031509550886226286,-4.631627638550527e-05,0.19357384459061108,0.9810856564337452
2026-09-30T01:26:26.521 0.017530410851788327,0.0008864225685660182,-2.604870213795611e-05,0.00032341719400441805,-4.6737091704663906e-05,0.19858257548554856,0.9800841055391569
2026-09-30T01:26:26.581 0.0174069107202798,0.0008343265541364665,-2.5927931441398553e-05,0.00033162950947529155,-4.7749869899732115e-05,0.20357518325889926,0.9790592589332496
2026-09-30T01:26:26.619 0.0172767353419648,0.0007771044562552053,-2.5543285461743923e-05,0.0003400107172068593,-4.7865668984896074e-05,0.2084882037114697,0.9780248212672082
2026-09-30T01:26:26.680 0.01714274453118448,0.000716902078017814,-2.5644345258802963e-05,0.00034756919996284245,-4.824193349454729e-05,0.21325413544611782,0.9769966993718535
2026-09-30T01:26:26.720 0.017005893436357618,0.0006544346873406234,-2.5293846827915933e-05,0.0003550769443622896,-4.789308753824581e-05,0.21788342356873308,0.9759747360257763
2026-09-30T01:26:26.790 0.016868565063780084,0.0005895831048145051,-2.5240616928350476e-05,0.0003623485926942985,-4.810857705984683e-05,0.2224145280921715,0.9749521239951215
2026-09-30T01:26:26.825 0.01673123672122031,0.0005223473364975602,-2.5187386638815055e-05,0.00036971249028311696,-4.791326922896962e-05,0.22687415161543564,0.973924011587028
2026-09-30T01:26:26.886 0.016591047617404153,0.00045332339284430233,-2.4980621050690738e-05,0.00037678480005918315,-4.822741761970653e-05,0.23128230668391767,0.9728866071245389
2026-09-30T01:26:26.921 0.016447997571353522,0.00038191522738515306,-2.4739529207030297e-05,0.0003840793288946153,-4.822663284774101e-05,0.23565195689007587,0.9718374377287278
2026-09-30T01:26:26.986 0.016303994029561817,0.00030764602698657136,-2.4407522179853673e-05,0.0003915424565263346,-4.8791179184935865e-05,0.2399909998850214,0.9707750327898391
2026-09-30T01:26:27.025 0.016160467089183003,0.00023146948392867712,-2.4240181339022457e-05,0.0003984402033872121,-4.8633895871868456e-05,0.24430739346114982,0.9696977551692937
2026-09-30T01:26:27.093 0.016014556025575104,0.00015243188790741444,-2.405416923730093e-05,0.0004055544558728452,-4.903223558661103e-05,0.24860431094523866,0.9686050431940081
2026-09-30T01:26:27.133 0.015867691317359794,7.112930337802229e-05,-2.386664890496466e-05,0.00041247627652239596,-4.8871967255297714e-05,0.252821179522257,0.9675129346214586
2026-09-30T01:26:27.197 0.0157222570822165,-1.1007728173360815e-05,-2.3711192511490138e-05,0.00041873303500011036,-4.868877187932015e-05,0.25689103384523676,0.9664402821809397
2026-09-30T01:26:27.235 0.015580637649867493,-9.254866523599087e-05,-2.3487261943240428e-05,0.00042511661281629523,-4.865053774412893e-05,0.2608269863039271,0.9653854671190165
2026-09-30T01:26:27.297 0.015442832861394109,-0.00017397034498717076,-2.329916512019865e-05,0.00043126780170432103,-4.823039636345292e-05,0.2646695682940368,0.9643390644897469
2026-09-30T01:26:27.334 0.015306458422187617,-0.00025574963461584603,-2.3217638026853414e-05,0.00043750178224759984,-4.814881038549864e-05,0.2684461380661791,0.9632945952465614
2026-09-30T01:26:27.394 0.015171037893209447,-0.000337648121499879,-2.298860734847136e-05,0.00044380700338525177,-4.798946286247316e-05,0.2721763651382799,0.9622472795453718
2026-09-30T01:26:27.434 0.01503561711857581,-0.00042061949201985737,-2.2923489062852574e-05,0.0004494235015241142,-4.805742223121068e-05,0.2758728266757535,0.9611940382726737
2026-09-30T01:26:27.494 0.014903057773596155,-0.0005043656868548448,-2.260957480726469e-05,0.0004554869871638256,-4.8118435825718826e-05,0.27954359820015917,0.9601328902404753
2026-09-30T01:26:27.544 0.014769544654200412,-0.0005894231958953008,-2.2368658189890834e-05,0.00046168464546485406,-4.8363909628974e-05,0.2831955642863277,0.959062071441035
2026-09-30T01:26:27.587 0.014635554540824762,-0.0006750767574060232,-2.2231295542929964e-05,0.0004675693200319758,-4.8328279012874046e-05,0.28683328503702654,0.9579803994018752
2026-09-30T01:26:27.626 0.014502041359456859,-0.0007626972661825534,-2.2049983076611034e-05,0.00047345675908886005,-4.8078144121875536e-05,0.29045866754902094,0.9568874207412472
2026-09-30T01:26:27.690 0.014367098000952157,-0.0008524039555007822,-2.16726936254674e-05,0.0004796185084477783,-4.799933266103194e-05,0.2940082029624486,0.9558027747673377
2026-09-30T01:26:27.727 0.014237399429096798,-0.0009409184859324316,-2.1557017023755487e-05,0.0004851733163673696,-4.795026234707295e-05,0.29741567132831565,0.9547479671389476
2026-09-30T01:26:27.786 0.014112945906352571,-0.0010266315320358868,-2.1524139823887107e-05,0.0004902008593757144,-4.7719120885783e-05,0.30069484124374235,0.9537202786327884
2026-09-30T01:26:27.821 0.01396608126150742,-0.0011298090212207186,-2.1470726196689845e-05,0.0004952860284462172,-4.7696404378921135e-05,0.30387459065670336,0.9527119111095568
2026-09-30T01:26:27.884 0.013822554846106633,-0.0012308407011233748,-2.1169271007308324e-05,0.0005000362527460454,-4.69445562660323e-05,0.30698910308918,0.9517128970148799
2026-09-30T01:26:27.919 0.013684750234895411,-0.0013300841696664517,-2.101097355437738e-05,0.0005050840195322139,-4.799849158232272e-05,0.3100609681666503,0.9507165395667825
2026-09-30T01:26:27.983 0.01354360789321255,-0.00143367881929354,-2.08026944515453e-05,0.0005099985147212063,-4.707725545875861e-05,0.31316311238633665,0.9496992169764855
2026-09-30T01:26:28.027 0.013404373047691582,-0.0015360813519923887,-2.0493123266007646e-05,0.000516165856919584,-4.85477864418869e-05,0.31640362748068496,0.9486245177798139
2026-09-30T01:26:28.085 0.01327133719528005,-0.001638483806633081,-2.0118847458560513e-05,0.000521700413164268,-4.802018309824228e-05,0.31984638119097253,0.9474692701939098
2026-09-30T01:26:28.122 0.013138301260930914,-0.001739992191610415,-1.9789275225056592e-05,0.0005279225117912532,-4.8809082890499646e-05,0.32354057600167846,0.9462141483807971
2026-09-30T01:26:28.183 0.013000496804153827,-0.0018477591243502291,-1.960117409284671e-05,0.000534418359082484,-4.940062303868789e-05,0.3275120507839329,0.9448468492554222
2026-09-30T01:26:28.223 0.012855063471268299,-0.001962261477954671,-1.9132788411598583e-05,0.0005418536767128073,-5.0865231542661856e-05,0.3317783287186652,0.9433572199331336
2026-09-30T01:26:28.296 0.01270533865045871,-0.0020856449776689425,-1.8702319334772063e-05,0.0005502750073594823,-5.210430401865696e-05,0.33632108134732175,0.9417472191219499
2026-09-30T01:26:28.330 0.012547507617412712,-0.0022172540204306768,-1.831863667160393e-05,0.0005586851599794371,-5.331387379087944e-05,0.3410747444491547,0.9400360119311743
2026-09-30T01:26:28.395 0.012382524205674133,-0.002356730966345269,-1.7878940342755848e-05,0.00056703487281024,-5.3657155219201036e-05,0.34596704755277274,0.938246490854072
2026-09-30T01:26:28.435 0.012216110271055831,-0.002502645231916295,-1.7496585741046578e-05,0.0005756755443010215,-5.4144103406962614e-05,0.35094977030503943,0.9363941074082663
2026-09-30T01:26:28.501 0.012046835234987865,-0.0026532683004611398,-1.719911364412574e-05,0.0005837773359290061,-5.44258500828824e-05,0.3559912633501381,0.9344890992730849
2026-09-30T01:26:28.548 0.011875652836022356,-0.002808182927451362,-1.6943328552676886e-05,0.0005922552055445218,-5.46102615363464e-05,0.3610698895166457,0.9325385681760986
2026-09-30T01:26:28.607 0.011704947466761526,-0.002967210268910935,-1.659888986319253e-05,0.0006009081938996958,-5.4922402041625544e-05,0.36617050941082124,0.9305475774675317
2026-09-30T01:26:28.647 0.01153376529771031,-0.0031291582439676923,-1.6253696765923334e-05,0.0006094858187932725,-5.485380526109974e-05,0.37122246207611137,0.9285437572717006
2026-09-30T01:26:28.709 0.011367351355169975,-0.0032912849729409455,-1.6005449795531736e-05,0.0006176396882860176,-5.459728232959877e-05,0.3761550270400724,0.9265565342561859
2026-09-30T01:26:28.745 0.011203321433816475,-0.0034518023465046825,-1.5850379594137013e-05,0.0006249498268609493,-5.420309466630435e-05,0.38097401608703413,0.9245855317742403
2026-09-30T01:26:28.805 0.011042629343336776,-0.0036122004687576584,-1.571548806531042e-05,0.0006325165128101393,-5.374781114711594e-05,0.38570985645961964,0.9226199128915078
2026-09-30T01:26:28.844 0.010886228950590786,-0.003772896560184551,-1.5483073860405233e-05,0.0006400975523250346,-5.3540706119851805e-05,0.3903846020242114,0.9206516441689084
2026-09-30T01:26:28.907 0.010733166303028775,-0.003932281307413471,-1.5315541950757632e-05,0.0006475734475617418,-5.3511416912360236e-05,0.395016104429406,0.9186739655756959
2026-09-30T01:26:28.942 0.010583441689831963,-0.004092738896205169,-1.5048979378147912e-05,0.0006552638745194368,-5.315853771712009e-05,0.3996131550899068,0.9166836390393988
2026-09-30T01:26:29.001 0.010435147488328099,-0.004252898443773684,-1.4844283214771997e-05,0.0006628419441279266,-5.359303486686481e-05,0.4041846949416245,0.9146771507714018
2026-09-30T01:26:29.044 0.010289714302148329,-0.004414607676088438,-1.4659011520913592e-05,0.0006704339370910596,-5.3083992220276834e-05,0.4087340319358125,0.9126532960757442
2026-09-30T01:26:29.098 0.010145711706091706,-0.004577091750766742,-1.4431298062825394e-05,0.0006775857109583628,-5.312976469820975e-05,0.41320630049706225,0.9106371897107892
2026-09-30T01:26:29.136 0.010006477225794931,-0.004738443277187523,-1.4360135516370913e-05,0.0006845098547458467,-5.261827300265632e-05,0.4175391243649029,0.9086586863625782
2026-09-30T01:26:29.195 0.009870580838083298,-0.004898006622211155,-1.4130338204645633e-05,0.0006909820890943333,-5.2073947731620776e-05,0.42174513988246204,0.9067141538641487
2026-09-30T01:26:29.233 0.009739452503251558,-0.0050551857214425466,-1.4086894294424623e-05,0.0006973084149354924,-5.1824416547704326e-05,0.42586177843808215,0.9047879623098211
2026-09-30T01:26:29.293 0.009611185344459993,-0.0052117091335417915,-1.3943666073898075e-05,0.0007037585386091043,-5.1352143213579714e-05,0.42991347766567944,0.9028698155372556
2026-09-30T01:26:29.332 0.009486255930101958,-0.005366861596798292,-1.3865320158378372e-05,0.0007107301444398535,-5.137245530404211e-05,0.43391898286657116,0.9009516127581841
2026-09-30T01:26:29.392 0.009364665019360632,-0.005521060343637958,-1.3375019917439678e-05,0.0007172849295484723,-5.115795324013938e-05,0.43789024548472916,0.899028150724168
2026-09-30T01:26:29.434 0.009244503934306167,-0.00567519946790187,-1.3319114610941762e-05,0.0007237696813480856,-5.1035408203597594e-05,0.4418350138308953,0.897096033937219
2026-09-30T01:26:29.495 0.009128157821470848,-0.005829100125526516,-1.309042707319605e-05,0.0007301888142234607,-5.087283692507639e-05,0.44575874171302515,0.8951528408169582
2026-09-30T01:26:29.532 0.009013241753119216,-0.005983477602353739,-1.316202409903444e-05,0.0007359500542502517,-5.098338984047455e-05,0.44966604894743667,0.8931964510689757
2026-09-30T01:26:29.590 0.008898803041157541,-0.0061379742824069355,-1.2906549898946478e-05,0.0007426933028116812,-5.072835690559708e-05,0.4534996543404146,0.8912561412671535
2026-09-30T01:26:29.629 0.008787225347067835,-0.006292351717150058,-1.2655599298786849e-05,0.0007486280888740627,-5.004839932822356e-05,0.45719733224688497,0.8893649624521273
2026-09-30T01:26:29.689 0.008681369088754092,-0.006443748847679197,-1.2771323768585164e-05,0.0007535081538429402,-4.9888186325197744e-05,0.4607724044730157,0.887518011655418
2026-09-30T01:26:29.734 0.00857599008312982,-0.006592642577072601,-1.2604680869128564e-05,0.0007592994065849185,-4.9344535606564357e-05,0.4642614666182292,0.8856978670195716
2026-09-30T01:26:29.809 0.00847394882118863,-0.006740105752978489,-1.2502920284428051e-05,0.0007646647075674516,-4.899207650246117e-05,0.4676891959955699,0.883892656851882
2026-09-30T01:26:29.851 0.00837572235453728,-0.006886376787947919,-1.2332685622444843e-05,0.0007700526121498878,-4.893146235482031e-05,0.4710734735944245,0.8820936385103169
2026-09-30T01:26:29.908 0.008278926548986569,-0.007031574921282073,-1.2060404928185929e-05,0.0007759674085627468,-4.861959047051798e-05,0.474426458329554,0.8802947978646655
2026-09-30T01:26:29.948 0.008184991591882962,-0.007176296181456665,-1.1896955890327954e-05,0.0007813798542786015,-4.8514553927353046e-05,0.47775658504793206,0.878491908064724
2026-09-30T01:26:30.012 0.008091056413731193,-0.007320302185918616,-1.1867617252574396e-05,0.0007868496314951519,-4.8196692299762585e-05,0.48106868126960217,0.8766825551168805
2026-09-30T01:26:30.057 0.008000459327117574,-0.007464308148329273,-1.1694544699640729e-05,0.0007922513833691025,-4.8128442766731804e-05,0.48436566771307094,0.8748652867512058
2026-09-30T01:26:30.116 0.007910339001132045,-0.007607896872231314,-1.156692957272792e-05,0.0007976381902470837,-4.794988033333192e-05,0.4876506139664816,0.8730385101312771
2026-09-30T01:26:30.160 0.00782069554202297,-0.0077520220319301355,-1.142516714557535e-05,0.0008027638671325248,-4.785809801970531e-05,0.49092560638077487,0.8712011261927091
2026-09-30T01:26:30.215 0.007732959464729891,-0.007897100841928866,-1.1271519140153193e-05,0.000808012209059527,-4.76300354236133e-05,0.4941322322916824,0.8693863823744242
2026-09-30T01:26:30.251 0.0076466537766164385,-0.00804009347136129,-1.1179737836442308e-05,0.0008132955769071804,-4.73946249244227e-05,0.49720796670783585,0.8676310126697372
2026-09-30T01:26:30.312 0.007564162716915834,-0.008179867401951459,-1.1108889642332153e-05,0.0008179245282177789,-4.666163577986005e-05,0.5001657741524399,0.8659292853279927
2026-09-30T01:26:30.349 0.007467843744665247,-0.00834539071317906,-1.1001272121900678e-05,0.0008229115420822885,-4.699112969203312e-05,0.5030298830417271,0.8642686257035216
2026-09-30T01:26:30.412 0.007381061110164568,-0.008500244672954346,-1.1072647516267327e-05,0.000825950921001766,-4.6348762581051587e-05,0.5058358194539332,0.8626293754644785
2026-09-30T01:26:30.456 0.007293325032435743,-0.008652774063560345,-1.0978602862461667e-05,0.0008310927264180909,-4.7045561979812066e-05,0.5086027132176113,0.8610009217064053
2026-09-30T01:26:30.514 0.00720845001715164,-0.008806853138907115,-1.0874180393037208e-05,0.0008350098029107279,-4.615801938009395e-05,0.5113377194983921,0.8593794489317568
2026-09-30T01:26:30.568 0.007126912817732454,-0.008959620870047709,-1.0789936791165866e-05,0.0008400020633342135,-4.712196166733175e-05,0.514052876577115,0.8577580849277073
2026-09-30T01:26:30.617 0.0070453759781754395,-0.009114772786940856,-1.0497076803370336e-05,0.0008441192507949903,-4.5825758902821e-05,0.5167492588762694,0.8561363727897072
2026-09-30T01:26:30.661 0.0069633618348987555,-0.00926837498912533,-1.048658484777866e-05,0.0008488284424722609,-4.674732250197839e-05,0.5194353886717944,0.854509306151984
2026-09-30T01:26:30.722 0.006881824862234737,-0.009424182557127358,-1.0283131608150342e-05,0.0008530784628513125,-4.550388723667364e-05,0.52216771219344,0.8528423948943916
2026-09-30T01:26:30.766 0.00680171858219001,-0.009581420618574475,-9.977631926777852e-06,0.0008587245870951817,-4.6584930098561476e-05,0.5250335484634385,0.8510810968467212
2026-09-30T01:26:30.822 0.006721135476700605,-0.009745155592313221,-9.716080680370047e-06,0.0008635381239456266,-4.58643845705379e-05,0.5280840398321441,0.8491916739305262
2026-09-30T01:26:30.862 0.006650565579571631,-0.009889697744377618,-9.544870817565678e-06,0.000869275939928272,-4.725818762442517e-05,0.5313706831188862,0.8471389728065709
2026-09-30T01:26:30.919 0.006574273792738768,-0.010047949036783067,-9.379512694142497e-06,0.0008753559277535549,-4.766114378164057e-05,0.5349046843908059,0.844911954050354
2026-09-30T01:26:30.961 0.006494167504318112,-0.010219492212997018,-9.193219813495493e-06,0.0008818101552766516,-4.8365085248784494e-05,0.5386999910294646,0.8424972045867709
2026-09-30T01:26:31.022 0.006410723943892712,-0.010403731220521864,-8.733426779530093e-06,0.0008895323078662493,-4.913770114668239e-05,0.5427387209695592,0.8399011174406702
2026-09-30T01:26:31.059 0.006323465494704813,-0.01059857990288154,-8.476216565579458e-06,0.0008971906441587847,-4.969135899032716e-05,0.5469611516040138,0.8371575068144154
2026-09-30T01:26:31.120 0.006235730399706773,-0.010802965334399743,-8.173547433972849e-06,0.0009048137775050772,-4.967553537644873e-05,0.5513021948617947,0.8343051412912047
2026-09-30T01:26:31.159 0.006147995332335968,-0.011015158974391107,-7.915580452919084e-06,0.0009121719526905058,-5.001551734359088e-05,0.5557179224538006,0.8313704084849355
2026-09-30T01:26:31.217 0.006060260319747582,-0.011231703753450725,-7.657612760170134e-06,0.0009199883027163313,-4.986669597124405e-05,0.5601798428874376,0.8283705057264178
2026-09-30T01:26:31.257 0.005974909375327466,-0.011452242013712007,-7.507722062556803e-06,0.000927343968989611,-4.967818122620791e-05,0.5646675125684721,0.8253179616456775
2026-09-30T01:26:31.329 0.005890035363665538,-0.01167480682588387,-7.313881535836165e-06,0.0009346499303165678,-4.978663090512489e-05,0.5691672817572486,0.8222212167828461
2026-09-30T01:26:31.366 0.005808022448514862,-0.011899755787820557,-7.094761914439082e-06,0.0009422455205490394,-4.951663067706223e-05,0.5736688982241304,0.8190867505531967
2026-09-30T01:26:31.425 0.005728870294027482,-0.01212661206240218,-7.0589792723137705e-06,0.000949466472584261,-4.9190532035686166e-05,0.5781152614785167,0.8159545578886948
2026-09-30T01:26:31.464 0.0056506718204653765,-0.012352216627434041,-7.009803552497809e-06,0.0009560366583681236,-4.8463218356875536e-05,0.5824462905148647,0.8128686254928887
2026-09-30T01:26:31.521 0.005578672127812526,-0.012574066021806331,-7.000231822952175e-06,0.00096265192608853,-4.767271699752488e-05,0.5866681240504062,0.8098268847425099
2026-09-30T01:26:31.560 0.005510487143258798,-0.012793411973065409,-6.9668896583118e-06,0.0009688786307853069,-4.698463151979498e-05,0.5908093725484653,0.8068106000639381
2026-09-30T01:26:31.621 0.00544420956767625,-0.013010254505219494,-6.876959053153811e-06,0.0009756454821752363,-4.63832048350885e-05,0.5948909564238727,0.8038058197908134
2026-09-30T01:26:31.664 0.005380792775409517,-0.013225189652744992,-6.9256626235150605e-06,0.0009814281844602302,-4.6370181068183835e-05,0.5989268839182272,0.8008031108634178
2026-09-30T01:26:31.721 0.005321190944855713,-0.013439051868604432,-6.801584099118002e-06,0.0009879757329821805,-4.584925263166672e-05,0.6029251406401601,0.7977971525305416
2026-09-30T01:26:31.767 0.005261589160672093,-0.013652854479813634,-6.647703299333878e-06,0.0009942910108003264,-4.556294032731203e-05,0.6068956217079241,0.7947809218024529
2026-09-30T01:26:31.823 0.005205801926873289,-0.013866597438367092,-6.58926080528107e-06,0.001001068876126001,-4.516790088945427e-05,0.6108409491665089,0.7917526953805238
2026-09-30T01:26:31.863 0.005152398744575633,-0.01407926748331124,-6.609093849913737e-06,0.00100710401171595,-4.4930869246149816e-05,0.6147651770675397,0.7887095541375437
2026-09-30T01:26:31.929 0.005099472696118882,-0.014291222266479175,-6.435966088222969e-06,0.001013524592276931,-4.463024996835367e-05,0.6186184752684009,0.7856908761291814
2026-09-30T01:26:31.978 0.005053222228519117,-0.014500256338016373,-6.332998395520995e-06,0.001019563045023464,-4.383175053450535e-05,0.6223458295552979,0.7827417371043293
2026-09-30T01:26:32.030 0.005007448089799987,-0.01470452203202044,-6.513907121625606e-06,0.0010245177410005413,-4.322638207365529e-05,0.6259600554371841,0.7798544463500581
2026-09-30T01:26:32.085 0.004963104624031252,-0.014904913406079544,-6.5629679885329e-06,0.0010294909172641619,-4.2976284614501255e-05,0.6294933384110624,0.777005196377467
2026-09-30T01:26:32.130 0.004920191617372643,-0.015103158994919371,-6.629192139196238e-06,0.0010347965489978647,-4.2497692185427875e-05,0.6329668973892483,0.7741781669612474
2026-09-30T01:26:32.168 0.004880140131904049,-0.015300093245493565,-6.372114948273401e-06,0.0010404341755714476,-4.202060227151449e-05,0.6363952162367282,0.7713624598604754
2026-09-30T01:26:32.230 0.0048400882133444595,-0.015496312240379721,-6.3832584405684095e-06,0.0010457792230676851,-4.195939889465745e-05,0.639841297250934,0.768506355808114
2026-09-30T01:26:32.270 0.004805281878890043,-0.015694796145688514,-6.179177654657605e-06,0.0010521940416940566,-4.172563220277157e-05,0.6433819097507867,0.7655446488299038
2026-09-30T01:26:32.327 0.004769521834103834,-0.015897810016017647,-6.033192837933225e-06,0.001058522333120343,-4.224495401544364e-05,0.6470714137970726,0.762428661051309
2026-09-30T01:26:32.366 0.0047366230338055666,-0.016109347314514792,-5.817224494655264e-06,0.0010659744838141902,-4.247818009787288e-05,0.6509052188728861,0.7591582561877623
2026-09-30T01:26:32.426 0.004703724129824966,-0.016327619937892893,-5.7204641902574265e-06,0.0010724282016952315,-4.319389691577891e-05,0.6548440473707217,0.7557632709090668
2026-09-30T01:26:32.466 0.004673686282146337,-0.01655256824547024,-5.658028659509842e-06,0.0010793525366223076,-4.323238241863426e-05,0.6588456386347571,0.7522773807453086
2026-09-30T01:26:32.526 0.00464364874211349,-0.016783238598918233,-5.446580767152754e-06,0.0010867057972216176,-4.292820684803361e-05,0.6628848396558892,0.7487205797773061
2026-09-30T01:26:32.564 0.004616471855448581,-0.017016650730051625,-5.492975430418745e-06,0.0010930418248927525,-4.320006114382326e-05,0.6669426377867411,0.7451082614596268
2026-09-30T01:26:32.627 0.004593110067513176,-0.01725238739425995,-5.306982872946595e-06,0.0011000740875465615,-4.2798177004647483e-05,0.6710063955489279,0.7414507435681441
2026-09-30T01:26:32.665 0.0045716553753716626,-0.017490687034212533,-5.302819327361197e-06,0.0011066314056135248,-4.275838077858713e-05,0.6750677096544421,0.7377549463884053
2026-09-30T01:26:32.723 0.0045516312269831116,-0.017729821121178903,-5.286016292933071e-06,0.0011134568876425203,-4.241913073698545e-05,0.6790744257356354,0.734068581759357
2026-09-30T01:26:32.765 0.004538282686013639,-0.01796627291509089,-5.324472145928585e-06,0.001119588553445827,-4.187073110747292e-05,0.6829714105704671,0.730444246408786
2026-09-30T01:26:32.846 0.004524934123577832,-0.0181991484303139,-5.348027441310886e-06,0.0011250407960430341,-4.14029220306072e-05,0.6867659358902211,0.7268777626739135
2026-09-30T01:26:32.895 0.004527795732660569,-0.018251600481699753,-5.397245870105983e-06,0.0011316971442493506,-4.138537481689433e-05,0.6905214192021867,0.7233110583779447
2026-09-30T01:26:32.954 0.00453733053779179,-0.018087389565271724,-5.322944475311116e-06,0.0011409033748263173,-4.5444145081849604e-05,0.6943012784233332,0.7196835631401096
2026-09-30T01:26:32.993 0.004544479291996655,-0.017795386320502572,-5.408806900797889e-06,0.001149110530841612,-4.7778386866111055e-05,0.6981214306980176,0.7159784530712966
2026-09-30T01:26:33.051 0.004550196993750341,-0.017437817984463148,-5.3136045494258565e-06,0.0011555555477950252,-4.74435382652129e-05,0.7019706710105073,0.7122049139689679
2026-09-30T01:26:33.093 0.004551622606631582,-0.017045142566698267,-5.286128282557588e-06,0.0011615076997415071,-4.715564950543669e-05,0.7058381503670385,0.7083721861865033
2026-09-30T01:26:33.148 0.004547326015512048,-0.016635599106498887,-5.219805328730826e-06,0.0011673536239970434,-4.615922958021575e-05,0.7097154642496726,0.704487469696739
2026-09-30T01:26:33.186 0.0045396914869556505,-0.016217711038052834,-5.133305086729305e-06,0.0011726914964371338,-4.521063688494494e-05,0.713596592937269,0.700555868792043
2026-09-30T01:26:33.248 0.004525381006266085,-0.015795710333187385,-5.15545963696829e-06,0.0011781455844971985,-4.41685123353534e-05,0.7174767079844631,0.6965814981191373
2026-09-30T01:26:33.284 0.004507732787739638,-0.015371861926341601,-5.082930123523567e-06,0.0011839792130908158,-4.273104112864714e-05,0.7213507428153584,0.6925689151319253
2026-09-30T01:26:33.345 0.004485793048705333,-0.014946821480628463,-4.988714291850914e-06,0.001189634895094485,-4.185783735041077e-05,0.7251727429764124,0.6885659560716053
2026-09-30T01:26:33.386 0.004458131028114267,-0.014519337316545401,-5.019561982151228e-06,0.001194877826888135,-4.0588494820487175e-05,0.7288931179121556,0.6846264625909879
2026-09-30T01:26:33.455 0.004426177346700447,-0.014088872974265539,-5.1032293595418775e-06,0.0011996957030539239,-3.9452346432827264e-05,0.7325180664927902,0.6807465324446367
2026-09-30T01:26:33.501 0.004388978430833955,-0.01365584569829818,-5.178603925362205e-06,0.001204838124121896,-3.887377044061386e-05,0.7360712510312429,0.6769029917641268
2026-09-30T01:26:33.562 0.004347011443623015,-0.013221864808013172,-5.05272449306806e-06,0.0012099644676781592,-3.806207915146134e-05,0.7395698378321314,0.6730787394549169
2026-09-30T01:26:33.616 0.004300275993547606,-0.012787645559194238,-4.978910369327149e-06,0.001215382657264886,-3.734256709756348e-05,0.7430269991980754,0.6692603379203288
2026-09-30T01:26:33.667 0.004252109871114896,-0.012353605142339017,-5.007142424100686e-06,0.0012202006730667088,-3.667646308637417e-05,0.7464497691395798,0.6654406449238147
2026-09-30T01:26:33.707 0.004194884073845286,-0.011918313141981296,-4.872038586565715e-06,0.0012249224960414569,-3.593585491214126e-05,0.7498442864979569,0.6616132135015618
2026-09-30T01:26:33.766 0.004132889731773601,-0.01148188871342629,-4.8337036315271934e-06,0.0012298229105124367,-3.553448699893001e-05,0.7532145445415722,0.6577737727850974
2026-09-30T01:26:33.806 0.004067080724813851,-0.011043914612129153,-4.7595352042597165e-06,0.0012352665228189123,-3.485533475315554e-05,0.7565620330888919,0.6539207620118249
2026-09-30T01:26:33.863 0.003995549876892776,-0.010604808094597835,-4.542209518254869e-06,0.0012406549074812367,-3.4609355199719925e-05,0.7598893751996548,0.6500512264708618
2026-09-30T01:26:33.903 0.003921634534920333,-0.010163436630615148,-4.499928263181196e-06,0.001245620465772429,-3.450062452249515e-05,0.7631968095814138,0.6461648992974729
2026-09-30T01:26:33.956 0.00384247411186421,-0.009720455907244893,-4.359947185140262e-06,0.0012511330800916774,-3.409190217911746e-05,0.7664850507179872,0.6422609286961203
2026-09-30T01:26:33.999 0.003759498966747073,-0.009276998394746584,-4.228835887088362e-06,0.0012562640412610052,-3.385213953414884e-05,0.7697545165729213,0.6383387853407309
2026-09-30T01:26:34.054 0.003669371255937572,-0.008832170065469882,-4.086415862194601e-06,0.001261632758763495,-3.353552596401643e-05,0.7729653314422475,0.6344470060978512
2026-09-30T01:26:34.093 0.0035735213357531432,-0.00838501722710459,-4.024355912070834e-06,0.0012663571653777023,-3.2973148617431076e-05,0.7760714219845991,0.6306437530263055
2026-09-30T01:26:34.148 0.0034733797166306597,-0.007935599466285217,-4.04491781718273e-06,0.0012702159654499545,-3.282052069581311e-05,0.7790813117951103,0.6269216020251851
2026-09-30T01:26:34.186 0.003369423661469263,-0.007484095590893439,-3.880634912127324e-06,0.00127479153687947,-3.2297217825815585e-05,0.7820193181512599,0.623252885995457
2026-09-30T01:26:34.239 0.003261175895066158,-0.007031220862721873,-3.8138748586370023e-06,0.001279440617760543,-3.176289558815233e-05,0.7849038592681526,0.6196162471472034
2026-09-30T01:26:34.279 0.003149113551262252,-0.006576260019994306,-3.651676850388332e-06,0.001283769569650786,-3.161852927128354e-05,0.7877464986769379,0.6159982181453012
2026-09-30T01:26:34.350 0.0030308525261826566,-0.006119868743812125,-3.3455677020768976e-06,0.001288328058298996,-3.1126586256366925e-05,0.7905560573672537,0.6123883240247918
2026-09-30T01:26:34.394 0.0029078227973823364,-0.005662821876609963,-3.240535356245031e-06,0.0012927282470588572,-3.114763421988262e-05,0.7933390325045907,0.608778701490274
2026-09-30T01:26:34.447 0.00277907118200095,-0.005204761802468627,-3.022148017313615e-06,0.0012970333748915312,-3.0683153241352093e-05,0.7960982850413587,0.6051659584916985
2026-09-30T01:26:34.484 0.002645074293004599,-0.004746642189728365,-2.8401708850478896e-06,0.0013016004264228102,-3.0329641928294585e-05,0.7988367949053484,0.6015464072054567
2026-09-30T01:26:34.583 0.002507739631808287,-0.004287688153974332,-2.5933118084975402e-06,0.0013060120320655011,-2.997809700450042e-05,0.8015555756982495,0.5979188511001589
2026-09-30T01:26:34.617 0.0023642061311680788,-0.0038278401265877584,-2.3068495021182956e-06,0.0013104449351652252,-2.9788958587409557e-05,0.8042562365933326,0.5942812362404013
2026-09-30T01:26:34.676 0.002217811359042094,-0.003366680833064102,-2.1648752554742838e-06,0.0013145741477178492,-2.9854063177869985e-05,0.8069388374520733,0.5906335442683911
2026-09-30T01:26:34.715 0.0020671252879103097,-0.0029069521050211354,-1.882005121090108e-06,0.00131881319170063,-2.946618670185649e-05,0.8096044508224994,0.5869743546969566
2026-09-30T01:26:34.769 0.0019116707573697315,-0.0024491307856587203,-1.6661010868543595e-06,0.0013230163499326568,-2.931299495445322e-05,0.8122547457359168,0.5833013601886826
2026-09-30T01:26:34.811 0.0016956559623154549,-0.001817681898494824,-1.25016833510594e-06,0.001327360173308598,-2.9074638096279767e-05,0.8149247692842738,0.5795652315974527
2026-09-30T01:26:34.866 0.0013985761947406478,-0.0009803595888939402,-8.10409143062342e-07,0.0013357436343284903,-3.2002346156457356e-05,0.8176594002863028,0.5757007207640417
2026-09-30T01:26:34.906 0.00099229734654454,0.0001430636408334164,-1.3844219073639008e-07,0.0013431344587765484,-3.467384768707948e-05,0.8204835572220109,0.5716685465511157
2026-09-30T01:26:34.964 0.0004710977970998295,0.0015343486973682292,8.939918065470876e-07,0.0013488382179851685,-3.570812355975196e-05,0.8234147642203243,0.5674383714769202
2026-09-30T01:26:35.000 -0.00013641120393556252,0.003081558417995504,2.018158215057167e-06,0.0013464212142431688,-3.0857509065969174e-05,0.8264448009609463,0.5630161428967646
2026-09-30T01:26:35.056 -0.0007954197818265924,0.00470947217924807,3.0896255877075874e-06,0.0013491132293056763,-2.9737329890646172e-05,0.8295419475625093,0.5584427779489899
2026-09-30T01:26:35.102 -0.0014940057789853457,0.00637171771765645,4.5067852495316165e-06,0.0013544237727561195,-2.98349375863529e-05,0.8326823047192558,0.5537493512895065
2026-09-30T01:26:35.148 -0.002219295203802164,0.008046360685936282,5.697942401296783e-06,0.0013615328846482801,-3.087708251348934e-05,0.8358470381622376,0.5489607217918465
2026-09-30T01:26:35.186 -0.0029689035038302346,0.009720884138727437,6.793439723100633e-06,0.0013676743620446399,-3.147217332021902e-05,0.8390245868672386,0.5440917855551592
2026-09-30T01:26:35.243 -0.0037404459870764442,0.011390400525227787,8.072630072818413e-06,0.0013740054005773213,-3.181939345033063e-05,0.8422041615663323,0.5391569913643304
2026-09-30T01:26:35.281 -0.004531061879369504,0.01305192964918651,9.352176646664833e-06,0.0013789101986421603,-3.1307093133672524e-05,0.8453791474734161,0.534164950781732
2026-09-30T01:26:35.336 -0.00534122789601431,0.014703325737399384,1.069243829595714e-05,0.0013840054427743855,-3.1420842989577544e-05,0.8485441789352973,0.5291227267248
2026-09-30T01:26:35.379 -0.006090833774794971,0.016178054420908337,1.1728363726971368e-05,0.0013882656109566788,-3.0645191489203294e-05,0.8516577127292242,0.5240965675601127
2026-09-30T01:26:35.433 -0.006691185317502623,0.017314707438376525,1.2677375768984973e-05,0.0013860551555868062,-2.536391107942124e-05,0.8547275614488761,0.5190750176105912
2026-09-30T01:26:35.476 -0.0071055659950268165,0.01807430381434369,1.3243009901400089e-05,0.0013856050073404427,-2.0748494942872716e-05,0.8577319631197802,0.5140952821325553
2026-09-30T01:26:35.532 -0.007355434169949375,0.018519428155673243,1.3503886168433402e-05,0.0013853250309075022,-1.6706578081200854e-05,0.8606114341928705,0.5092602870163155
2026-09-30T01:26:35.568 -0.007508025136536607,0.018788243182507547,1.3819605535085352e-05,0.0013889549590554173,-1.5117153431364496e-05,0.8633383154855337,0.5046236454925537
2026-09-30T01:26:35.624 -0.0076234223362601945,0.018984341010942082,1.3823210826574632e-05,0.0013949282250329204,-1.5567054708274462e-05,0.865909508877917,0.5001987368713745
2026-09-30T01:26:35.661 -0.007717361626494701,0.019140742416086015,1.3643884332158456e-05,0.0014003973998476707,-1.6598470449799444e-05,0.8683539246150213,0.49594304130343764
2026-09-30T01:26:35.715 -0.007794611017223658,0.019266626453254474,1.3587186702532028e-05,0.0014057163269470465,-1.7385420787786573e-05,0.8706758539445298,0.4918552439664734
2026-09-30T01:26:35.749 -0.00785803150111864,0.019367357504467227,1.3717245210965402e-05,0.0014106118247367988,-1.7732298501435483e-05,0.8728664161251279,0.48795720043946555
2026-09-30T01:26:35.819 -0.007909054161725859,0.01944734629536689,1.370849578972957e-05,0.001415010147308111,-1.825944829198561e-05,0.8749489760175337,0.4842130592814952
2026-09-30T01:26:35.857 -0.00795340115499952,0.019510288241879985,1.3525281567526283e-05,0.0014189479292422216,-1.8684067239533934e-05,0.8769541700693223,0.4805719195247532
2026-09-30T01:26:35.910 -0.007986303557828972,0.01955868679918944,1.3532591398374656e-05,0.001423008246554046,-1.898818453957983e-05,0.8789027400228071,0.4769988975536329
2026-09-30T01:26:35.947 -0.008011099536935974,0.01959289955310439,1.3541987880894602e-05,0.0014267304492967367,-1.9357517700644223e-05,0.8808094084357398,0.4734688480529566
2026-09-30T01:26:36.000 -0.008028265979005076,0.019613164916195018,1.3524422621024449e-05,0.0014304589760766966,-1.931183638036794e-05,0.8826842481141044,0.46996433007772936
2026-09-30T01:26:36.042 -0.008037325763703364,0.01962127103384341,1.367285624960115e-05,0.0014338278578710367,-1.9239118933212515e-05,0.8845322064813044,0.46647692275700586
2026-09-30T01:26:36.099 -0.00803637192474908,0.019617456348598603,1.3745854726250609e-05,0.001437804961974333,-1.9215645716778405e-05,0.8863581703001445,0.4629979765504709
2026-09-30T01:26:36.143 -0.008027312239980903,0.019602316882845396,1.3478213107540033e-05,0.001440729658261777,-1.9795547045369916e-05,0.8881646442517708,0.45952310998176554
2026-09-30T01:26:36.197 -0.008010622292761631,0.019575495002856644,1.3660445938148973e-05,0.001443980189379345,-1.9490402462535356e-05,0.8899529385349978,0.45605008687013704
2026-09-30T01:26:36.237 -0.00808977856540791,0.019686954692009727,1.3785580098945294e-05,0.0014487854999777098,-2.038563398920847e-05,0.8917532117656406,0.4525197342775956
2026-09-30T01:26:36.286 -0.008287192094699995,0.019953623387316075,1.420197152844064e-05,0.0014558014365048362,-2.269101344589865e-05,0.8936114180354053,0.4488390732590551
2026-09-30T01:26:36.327 -0.00853991971278438,0.02028478361183999,1.4556796871877042e-05,0.0014596125537662797,-2.317835190148579e-05,0.8955545025637583,0.44494943750019117
2026-09-30T01:26:36.381 -0.00881267442435102,0.020636924419214987,1.5136998699972678e-05,0.001463815456234789,-2.3298072364794624e-05,0.8975987343301316,0.44081103528661314
2026-09-30T01:26:36.416 -0.009093058415571382,0.02099192615350063,1.5818669796659546e-05,0.0014681508901091443,-2.2935992704152672e-05,0.8997535905044567,0.4363958299310876
2026-09-30T01:26:36.470 -0.0094845471274301,0.021486282148457273,1.664618152115768e-05,0.001471729178300962,-2.299982783151678e-05,0.901990521468003,0.4317533238622651
2026-09-30T01:26:36.521 -0.010095861097579307,0.022246233672904348,1.7657298997777835e-05,0.0014826136527771893,-2.71397288687273e-05,0.9042679172913871,0.4269629197924441
2026-09-30T01:26:36.563 -0.010995664847063314,0.023334245530153484,1.9422513359235965e-05,0.0014866180326115032,-2.7677656709960865e-05,0.9065558680168573,0.42208322326879477
2026-09-30T01:26:36.602 -0.012217338226304707,0.02477988120366476,2.1413450314761073e-05,0.0014781071592696688,-2.279848563133449e-05,0.9088407287976906,0.41714067693997164
2026-09-30T01:26:36.663 -0.01378949112051481,0.02659231944857675,2.3943564733494032e-05,0.0014692788778271617,-1.8126448384252476e-05,0.9111205230507502,0.4121373962245341
2026-09-30T01:26:36.706 -0.015769820341319706,0.02876500302758887,2.731269922247484e-05,0.0014628325824173154,-1.552099415405054e-05,0.9134298784488205,0.4069935098216037
2026-09-30T01:26:36.754 -0.01818550701521804,0.03138817303065332,3.1370098182037735e-05,0.0014530651137822804,-8.220186399094267e-06,0.9157739849941195,0.4016912955768323
2026-09-30T01:26:36.794 -0.021017476110950895,0.03439149621715689,3.651774904790769e-05,0.0014447259715682195,-2.682015481079546e-06,0.9181430042625182,0.39624656021657967
2026-09-30T01:26:36.850 -0.02426572803155521,0.03775458779851144,4.233842316241945e-05,0.0014372338155321906,2.1333736806826294e-06,0.9205359830126804,0.3906551399038372
2026-09-30T01:26:36.887 -0.02793884607462596,0.041462784923992586,4.857747309895096e-05,0.0014309418258763532,5.458247510831599e-06,0.9229532785449905,0.3849093373753769
2026-09-30T01:26:36.943 -0.032043981907228944,0.04550035187740883,5.5678343516855164e-05,0.00142537976926677,9.036409980994091e-06,0.9253951892026548,0.37900093932791207
2026-09-30T01:26:36.983 -0.03659067202887712,0.04985262579608361,6.368591770101647e-05,0.001421509693341637,1.1725525616945417e-05,0.9278600452690827,0.37292588481621863
2026-09-30T01:26:37.040 -0.04158368534945155,0.05450482466799483,7.214580195035211e-05,0.0014196094232533142,1.3653587817866203e-05,0.9303462967730722,0.366679359390866
2026-09-30T01:26:37.074 -0.047030650194743055,0.05943644439937959,8.157670134706744e-05,0.0014192329348273408,1.4771845985753149e-05,0.9328547784599869,0.36024984089384143
2026-09-30T01:26:37.125 -0.05293252058614858,0.06463210697981732,9.163739998754432e-05,0.0014194502658269768,1.5239092881890077e-05,0.9353843585294529,0.3536298725322242
2026-09-30T01:26:37.170 -0.059299786537979834,0.07007393088382069,0.00010244879525611067,0.0014221835818831205,1.5083834611947626e-05,0.9379324128297684,0.3468151757487938
2026-09-30T01:26:37.238 -0.06614293822796985,0.07574391537659365,0.0001140274765586158,0.0014248541909584957,1.4621666688703238e-05,0.9404955459165463,0.3398030277791523
2026-09-30T01:26:37.274 -0.0734662664492222,0.08162477505718206,0.0001267080572294862,0.0014295691683964388,1.3771476866091552e-05,0.9430709546740231,0.3325885304585318
2026-09-30T01:26:37.325 -0.08127835513305168,0.08769791316822739,0.00013980375735107368,0.001434748830848911,1.2758977864346055e-05,0.9456550640500713,0.3251683274389689
2026-09-30T01:26:37.363 -0.08958730918865136,0.09394330244715153,0.00015399794842591087,0.0014398395512044213,1.1800762823311813e-05,0.948243880952859,0.3175397124113284
2026-09-30T01:26:37.415 -0.09839694380579657,0.10034055805732808,0.00016881982866663305,0.0014463054141664348,1.0542883918276282e-05,0.9508343047446725,0.30969667904291776
2026-09-30T01:26:37.455 -0.10771345684425665,0.10686703015578444,0.00018474113828849913,0.0014530615611802204,9.021472584013659e-06,0.9534238328315617,0.3016303756578356
2026-09-30T01:26:37.507 -0.1175187286600082,0.11348373753289678,0.00020133090347545542,0.0014598651715574023,7.39650148227794e-06,0.9560020346875805,0.29335640168944493
2026-09-30T01:26:37.543 -0.12771882172803073,0.12010711565933258,0.00021823199767588192,0.0014660327929376254,5.484277311835226e-06,0.9585389898337698,0.28495763840653393
2026-09-30T01:26:37.597 -0.13823124319975255,0.12667684567310206,0.00023491167000428488,0.0014718391874833363,4.380213234914977e-06,0.961002392967673,0.27653613575919217
2026-09-30T01:26:37.636 -0.14898875741777098,0.13314381419352248,0.00025194907691207974,0.001476260583327667,3.520924151156192e-06,0.9633762116061777,0.26814939036593505
2026-09-30T01:26:37.682 -0.1599455880573535,0.13947690817230837,0.00026903342792040653,0.0014820923839181618,2.457637173444427e-06,0.9656539468197008,0.259827362661557
2026-09-30T01:26:37.726 -0.17106978612188498,0.1456570545254444,0.0002865612471112698,0.0014873982668826933,1.4245459415215647e-06,0.9678354213862208,0.251579778111284
2026-09-30T01:26:37.774 -0.18234037127561661,0.15167316705308265,0.00030411193366810586,0.0014932653408265646,2.3728896065635764e-07,0.9699243299066771,0.24340206328962985
2026-09-30T01:26:37.815 -0.19374399152649832,0.15751940466818892,0.00032197730249826633,0.0014994311924049586,-5.6699403293923e-07,0.9719246064553511,0.23528771976537297
2026-09-30T01:26:37.868 -0.20526872606686403,0.16319111835853745,0.0003400341981124247,0.0015047208206391926,-1.6843539916703796e-06,0.9738400666142429,0.22722953256384176
2026-09-30T01:26:37.917 -0.2169064686697469,0.16868413590104703,0.00035824000209667403,0.0015099104586875395,-1.9959596741916303e-06,0.9756748820321076,0.21921734588771863
2026-09-30T01:26:37.956 -0.22864196008717988,0.17398856311683625,0.0003767941074456198,0.001515465929064426,-2.7777736743169003e-06,0.9774216020210157,0.21129296073928544
2026-09-30T01:26:37.994 -0.24045231293371216,0.179101896898896,0.00039515368707797424,0.0015178288046473066,-2.555426160883275e-06,0.9790723618956402,0.203506772273756
2026-09-30T01:26:38.052 -0.2523470634726968,0.1840318857310437,0.00041369144574940353,0.0015193374115580226,-2.1759576941567444e-06,0.9806320473548056,0.1958532085767746
2026-09-30T01:26:38.089 -0.26432859599350744,0.18878699344281966,0.0004324111517258727,0.001522238928294871,-2.2211327720075116e-06,0.9821091203223729,0.18830655475401506
2026-09-30T01:26:38.141 -0.2763892811292999,0.19336304780513647,0.0004512560393809782,0.0015246862754181674,-2.5531553239144244e-06,0.9835010194427645,0.18089615827951197
2026-09-30T01:26:38.181 -0.28851624456811537,0.197759452933606,0.0004700269389894606,0.0015253051307227736,-2.0734724509185275e-06,0.9848038717603002,0.17366348955920885
2026-09-30T01:26:38.233 -0.30072093008479245,0.20199146747326485,0.0004890548663711627,0.0015262485518853434,-1.569998846331029e-06,0.9860323975350472,0.16654663483294949
2026-09-30T01:26:38.272 -0.31303004080234537,0.20606600522669288,0.0005082628313386382,0.0015298957336693808,-2.3628913357741376e-06,0.9872040584805255,0.1594547156186994
2026-09-30T01:26:38.328 -0.32543022483856704,0.20997472171175907,0.0005278532423532983,0.0015357528371122838,-3.2954027698754628e-06,0.9883236827978419,0.15236121380874657
2026-09-30T01:26:38.372 -0.33790479299465503,0.2137109414183497,0.0005476954049565746,0.0015404484390260707,-3.6396212623577047e-06,0.9893907963415837,0.14527036559438816
2026-09-30T01:26:38.423 -0.35044373224678543,0.21727108819378207,0.0005674009586377135,0.0015439321938258083,-4.08131746362847e-06,0.9904058163756619,0.13818080599700674
2026-09-30T01:26:38.461 -0.3630389357633816,0.2206534932101291,0.0005873296154226801,0.0015477310439535083,-4.314992543419392e-06,0.991369039710929,0.13109169162318116
2026-09-30T01:26:38.516 -0.3756746680117147,0.22385279224745797,0.000607367089641134,0.0015506428213567175,-5.0964282312411575e-06,0.9922744475381259,0.12405247375112763
2026-09-30T01:26:38.557 -0.38833948536239316,0.22687089279843428,0.0006272270660931526,0.0015491968629849806,-4.442616721750523e-06,0.9931156653075633,0.11712760259673698
2026-09-30T01:26:38.615 -0.4010271887199687,0.22971089438266062,0.0006470636557490936,0.0015476068259983504,-3.893767421875841e-06,0.9938897693699192,0.11036635012430024
2026-09-30T01:26:38.656 -0.41373157942103717,0.23237839991477358,0.0006667776497461874,0.0015446709548322004,-3.4351071549244906e-06,0.9945943172422217,0.10382561384032575
2026-09-30T01:26:38.705 -0.42645122710059047,0.23488115801659804,0.0006863369827416803,0.0015414708864555397,-2.4849732593761428e-06,0.9952293679588753,0.097550648452529
2026-09-30T01:26:38.745 -0.43919233031386595,0.23722930139975257,0.0007060345758779262,0.0015372666916969972,-1.8827069683420944e-06,0.9957966508749098,0.09157874706441148
2026-09-30T01:26:38.790 -0.45195679690414836,0.23943236678334304,0.0007256350250342415,0.001532438229325813,-1.0809138960721108e-06,0.9962994441133882,0.08593642586970249
2026-09-30T01:26:38.829 -0.4647608393723528,0.24150430145014307,0.000745238467264578,0.0015282087652254907,-3.560602746393613e-07,0.9967457931536998,0.08059459292188963
2026-09-30T01:26:38.883 -0.47763020692016583,0.2434547610284316,0.000764945217783699,0.0015268026782641793,-1.8468625036525773e-07,0.997144815400517,0.07549758932188962
2026-09-30T01:26:38.920 -0.4905648994442016,0.24528863309909907,0.000784859583790143,0.0015270737889966426,-1.500181160808414e-07,0.9975031276281497,0.07060579592129596
2026-09-30T01:26:38.972 -0.5035563337689939,0.2470078251188561,0.0008050574010860534,0.0015287051353976972,-2.825507566515906e-07,0.9978265114803345,0.0658780391899706
2026-09-30T01:26:39.008 -0.5165925894396881,0.2486113835634172,0.000825221798724264,0.001531779046807101,-5.723008282769063e-07,0.9981155035212586,0.06134407292582645
2026-09-30T01:26:39.070 -0.5296522085572352,0.25010348102810587,0.0008455125640224899,0.00153131132791618,-3.5090582300710316e-07,0.9983704655743624,0.0570444436761788
2026-09-30T01:26:39.097 -0.5427394828319869,0.25149103159767383,0.00086587687665019,0.0015308137515419157,-2.432667535184457e-07,0.9985959246422929,0.05295125963566184
2026-09-30T01:26:39.148 -0.5558606112584143,0.252779757239969,0.0008862947344772317,0.0015329613555078265,-2.1025012370526509e-07,0.9987968850878414,0.049014613823470776
2026-09-30T01:26:39.187 -0.5690098717481036,0.25397132695709435,0.0009068017934974804,0.0015363381054778443,-5.100271270603655e-07,0.9989769240725095,0.04519673478906585
2026-09-30T01:26:39.236 -0.5821863105662544,0.255066456016802,0.0009274412491615067,0.0015400933711883808,-4.997716736753429e-07,0.9991386646845248,0.04146753964949914
2026-09-30T01:26:39.286 -0.5953827752075066,0.2560666942299048,0.0009481868911221872,0.001544974849624276,-5.059442022012096e-07,0.9992840731260798,0.03780151120007794
2026-09-30T01:26:39.325 -0.6085959278174261,0.2569721608477161,0.000969033441849522,0.0015497922067889676,-6.610874057013928e-07,0.9994142231541303,0.03418784434422501
2026-09-30T01:26:39.364 -0.6218190930184901,0.2577832135821142,0.0009897617302680583,0.0015550515224453027,-9.427699826362275e-07,0.9995304255195765,0.030602455367637765
2026-09-30T01:26:39.409 -0.6350517933911319,0.25850032927632904,0.0010107435309339348,0.0015595840657315239,-1.3398389999472198e-06,0.9996330983540659,0.02704138256076215
2026-09-30T01:26:39.453 -0.6482892610850554,0.2591232695717556,0.001031643479448932,0.001562769644000005,-1.5549505424555941e-06,0.9997212292102312,0.02355889672727372
2026-09-30T01:26:39.502 -0.6615262511832093,0.259655968440959,0.0010523042705131303,0.0015594486577772755,-1.4562317981499425e-06,0.9997942265644651,0.020225544396282553
2026-09-30T01:26:39.540 -0.6747661013724185,0.26010557839931797,0.0010728950930353708,0.0015579216918889672,-1.280447208472837e-06,0.9998538123013012,0.017027240085139853
2026-09-30T01:26:39.589 -0.6880159639188455,0.2604740067054492,0.0010936209705081385,0.0015576936589674973,-1.2463861592943828e-06,0.99990165557575,0.013937459086420504
2026-09-30T01:26:39.627 -0.701273931564933,0.26076268389483287,0.0011144341835494598,0.001559375780534981,-1.1272950374096055e-06,0.9999391266026982,0.010922977384286162
2026-09-30T01:26:39.679 -0.7145400045702985,0.2609735173160742,0.001135185720421678,0.0015614720486996582,-1.7665633675415295e-06,0.9999675969274757,0.007897271491471508
2026-09-30T01:26:39.714 -0.727815612490802,0.2611018577889746,0.0011564440870930387,0.0015685180612623913,-1.5375308255678752e-06,0.999987479514308,0.0047519010247757615
2026-09-30T01:26:39.768 -0.7410955105896015,0.2611416257057424,0.00117785826504811,0.001576112595231439,-1.247449750512769e-06,0.9999975860269129,0.0015309499920706441
2026-09-30T01:26:39.806 -0.754377315181655,0.26109305951491635,0.0011991115606036055,0.0015863130627313446,-1.5331730021969312e-06,0.9999971996418081,-0.0017562223829697698
2026-09-30T01:26:39.857 -0.7676576885348323,0.2609566360956649,0.0012201241904581882,0.0015837327556017379,-1.5477933135811428e-06,0.999986094604545,-0.005030147683057514
2026-09-30T01:26:39.895 -0.7809366305418384,0.26073318991302835,0.0012409706601882104,0.0015846093967546938,-1.3255842506328629e-06,0.999964079040139,-0.008326442260008133
2026-09-30T01:26:39.959 -0.7942136635941701,0.26042129046162327,0.0012621270526597629,0.0015845732274269774,-1.5584588593197674e-06,0.9999310372475567,-0.011636574851885278
2026-09-30T01:26:39.999 -0.8074892655344327,0.26002224903751636,0.0012829682736005712,0.0015840402796868062,-1.557533373217864e-06,0.9998872671052264,-0.014931305864128885
2026-09-30T01:26:40.050 -0.8207615282078226,0.2595354696183665,0.0013039979462351591,0.0015842379748457508,-1.6497533473409108e-06,0.9998323502142835,-0.018241755735116497
2026-09-30T01:26:40.087 -0.8340304519898039,0.25896083299484046,0.001324977652301934,0.0015833281561531008,-1.5002426721512206e-06,0.999766526561843,-0.021549604083764155
2026-09-30T01:26:40.140 -0.8472946062012648,0.25829798155709893,0.0013460094380671537,0.001583574606230449,-1.5125222385032355e-06,0.9996896751132452,-0.02486052616404311
2026-09-30T01:26:40.180 -0.8605554216716846,0.2575479881707021,0.001366901850292161,0.001582051056890274,-1.3594310950857675e-06,0.9996018578066859,-0.02817131487928255
2026-09-30T01:26:40.234 -0.8738100370383377,0.2567097799881028,0.0013878589815679663,0.001582610518937658,-1.5147935133629616e-06,0.9995029523639631,-0.03148560873433949
2026-09-30T01:26:40.270 -0.8870541608739103,0.25578395310976865,0.00140881444185616,0.0015817415913623918,-1.7210881743238982e-06,0.9993948096463037,-0.0347492811811177
2026-09-30T01:26:40.320 -0.9002854094767113,0.2547750375186702,0.0014294962401992138,0.0015766678334888783,-1.7438571888492639e-06,0.9992795778902083,-0.037918851869078736
2026-09-30T01:26:40.356 -0.913503305586547,0.2536849405694953,0.0014501867440638756,0.0015722745252862126,-1.9045187585470653e-06,0.99915695502819,-0.04102325155305836
2026-09-30T01:26:40.405 -0.9267207236848004,0.25251461577448164,0.0014709808151189318,0.0015660559584036238,-2.2304590168075405e-06,0.9990259891438693,-0.04409785118204659
2026-09-30T01:26:40.451 -0.9399343257557102,0.2512607253155597,0.0014919476821126801,0.0015753463090134744,-1.773242226341756e-06,0.9988858319225306,-0.047165803982295626
2026-09-30T01:26:40.498 -0.9531364832312494,0.24992827607885754,0.0015125984447828564,0.0015653366161965455,-2.375262705509847e-06,0.9987402664363199,-0.050154061793090204
2026-09-30T01:26:40.538 -0.9663333942478051,0.24851846007931344,0.0015334197405875878,0.0015695322650209353,-1.9261757173030067e-06,0.9985870008704837,-0.053118153744756404
2026-09-30T01:26:40.585 -0.9795250592264607,0.24703103889829917,0.0015541433489996447,0.0015639445103366317,-2.561265865780451e-06,0.9984282597836671,-0.05602288939680542
2026-09-30T01:26:40.631 -0.9927086167227108,0.24546780071123037,0.0015750478678549144,0.0015691179532874447,-2.175075310679876e-06,0.9982611655516347,-0.05892523411586672
2026-09-30T01:26:40.670 -1.0058840672428755,0.2438277918437305,0.0015958054721728857,0.0015620280519757206,-2.654694110958025e-06,0.9980885380771749,-0.06178050032401096
2026-09-30T01:26:40.708 -1.0190518874931147,0.24211375410347472,0.0016165212234331419,0.0015697060755222624,-2.164314838697772e-06,0.9979116673836393,-0.06457429920453645
2026-09-30T01:26:40.757 -1.0322039714177025,0.24032950228977293,0.0016371077984876725,0.0015598454280802679,-2.512608396696809e-06,0.9977376725782934,-0.06720940108331538
2026-09-30T01:26:40.795 -1.0453479482320684,0.23848028151533748,0.0016577262707853711,0.001555328446854611,-2.7168848681837307e-06,0.9975653432588224,-0.06972063449904066
2026-09-30T01:26:40.846 -1.058488110003111,0.23656764144684145,0.0016780556003069028,0.0015574831101493253,-2.5998302503287457e-06,0.9973935457067182,-0.07213660112718971
2026-09-30T01:26:40.878 -1.07162445585655,0.23459325101444234,0.001698662030196878,0.0015570844203868996,-2.6049606918673802e-06,0.9972219294977404,-0.07447146305885036
2026-09-30T01:26:40.929 -1.0847555554405715,0.232558421538319,0.0017194538915951902,0.0015585003729929547,-1.6453540126554135e-06,0.9970494181606154,-0.07674652317504957
2026-09-30T01:26:40.967 -1.0978828397054565,0.23046446430259684,0.0017401652255113437,0.001560661657450796,-1.2067565269802347e-06,0.9968750587578477,-0.07897899442429517
2026-09-30T01:26:41.020 -1.1110053548221643,0.22831209457503907,0.0017608988319661812,0.0015609627077146097,-1.087964197484938e-06,0.9966987341085125,-0.08117386784384831
2026-09-30T01:26:41.056 -1.1241178556120714,0.2261013124216807,0.0017816315165863465,0.0015610612394034754,-9.702346553587314e-07,0.9965201448377887,-0.08333765067085973
2026-09-30T01:26:41.107 -1.1372232033481648,0.2238335483179483,0.0018022187912926056,0.0015663373608200753,-1.3567669866804031e-06,0.9963369023165138,-0.08550043080455691
2026-09-30T01:26:41.146 -1.1503185368671616,0.22151047122993509,0.0018227604402295274,0.0015635641470330595,-1.0260809304916388e-06,0.9961515205751362,-0.08763391650468104
2026-09-30T01:26:41.196 -1.1634057632441401,0.21913112745934116,0.001843423391841636,0.001570124595072201,-9.706103313086135e-07,0.9959682180862968,-0.08969305028719378
2026-09-30T01:26:41.233 -1.1764796379088567,0.21670266962951376,0.0018638566254491657,0.001558681097349368,-1.8678231089075627e-06,0.9957974479585849,-0.09156971742294193
2026-09-30T01:26:41.296 -1.1895458824443141,0.2142281971099973,0.0018843821116999466,0.0015552118603240378,-2.126607345380215e-06,0.9956399048903218,-0.09326714910158848
2026-09-30T01:26:41.332 -1.2026054513856306,0.2117162929575444,0.0019045245204880488,0.001552540163192131,-1.6887730145958574e-06,0.9955008400509348,-0.09473999722436702
2026-09-30T01:26:41.382 -1.2156588208694699,0.20917124870066264,0.0019247614416037795,0.001545214713691147,-2.8329533835844483e-06,0.9953748333059764,-0.09605495054687604
2026-09-30T01:26:41.419 -1.228714097182066,0.2065925874001275,0.0019450609885086458,0.0015508747514494047,-2.169271762157338e-06,0.9952531678291462,-0.0973073826019855
2026-09-30T01:26:41.469 -1.2417646042260329,0.20398150123292874,0.0019656659254103184,0.0015531032497200674,-2.0155348629018763e-06,0.9951350220649089,-0.09850825207111755
2026-09-30T01:26:41.508 -1.2548132035114603,0.20133953988375516,0.001986282752784384,0.001556273382883789,-1.6962571406142265e-06,0.9950189619425438,-0.09967368451634187
2026-09-30T01:26:41.560 -1.26785751104252,0.19866658417331254,0.0020067884918594375,0.0015569146928669478,-1.3765760383058566e-06,0.9949101761257,-0.10075374661159274
2026-09-30T01:26:41.596 -1.280897049917833,0.19596871378138725,0.0020272717945663916,0.001553047251658351,-1.7224654122519312e-06,0.9948056857457401,-0.10178033036503173
2026-09-30T01:26:41.649 -1.293937541836387,0.1932413986829685,0.0020479205225178683,0.001563704942589488,-7.041139340849943e-07,0.9947029125892074,-0.1027797183928065
2026-09-30T01:26:41.687 -1.3069694505690717,0.1904908378811316,0.002068451375532286,0.0015533071287451136,-1.6821805445048925e-06,0.9946089185530286,-0.10368551667860447
2026-09-30T01:26:41.727 -1.3200056508799942,0.18771798488808145,0.002088780401567613,0.001560942954318362,-1.000029850135163e-06,0.9945198577942034,-0.10453619425390952
2026-09-30T01:26:41.770 -1.333036605285482,0.18492295903326342,0.0021093693585650993,0.001554181825411101,-1.4689816381209948e-06,0.9944362924149672,-0.10532827182038944
2026-09-30T01:26:41.813 -1.3460675597099914,0.18210885969208873,0.0021297944061140963,0.001561172455882202,-8.998161432574595e-07,0.9943569483832042,-0.10607460554626322
2026-09-30T01:26:41.849 -1.3590966063110055,0.17927556767933892,0.0021503654525077457,0.0015608539807750385,-8.192858090311993e-07,0.9942807693948974,-0.1067863069202724
2026-09-30T01:26:41.892 -1.3721223149532562,0.1764247519430368,0.002170856718544332,0.0015602146846559765,-9.211238708311998e-07,0.9942163931011071,-0.10738402776164882
2026-09-30T01:26:41.949 -1.385146593290637,0.17356213450503938,0.002191122207582533,0.0015564700223900537,-1.2142335817288309e-06,0.9941670405295788,-0.10784003395888765
2026-09-30T01:26:41.988 -1.3981708712783472,0.17069045716106412,0.002211536709528301,0.0015524777963262736,-1.5324442092538015e-06,0.9941293117473855,-0.10818734369145545
2026-09-30T01:26:42.029 -1.4111975334811189,0.16781198485755425,0.002231880476523001,0.0015554801956381527,-1.4879124710736178e-06,0.9940926503887355,-0.10852365144173198
2026-09-30T01:26:42.073 -1.4242246719582856,0.16492254529345238,0.0022524932198078615,0.0015598420664923152,-1.2130511690356356e-06,0.9940521730442896,-0.10889372873210829
2026-09-30T01:26:42.109 -1.4372532407689416,0.1620228537124451,0.002273138028844944,0.0015620541464453238,-8.521587031519001e-07,0.9940127703526423,-0.10925279109470194
2026-09-30T01:26:42.157 -1.4502794253534002,0.15911410225544162,0.0022937343662858493,0.0015620141488481302,-9.462697059656171e-07,0.9939765286763464,-0.10958202658932692
2026-09-30T01:26:42.189 -1.4633041794027968,0.15619772142190957,0.0023142837397567397,0.0015617479126855999,-8.322278700206807e-07,0.9939499436905774,-0.10982290462495745
2026-09-30T01:26:42.237 -1.47632559614174,0.1532778835609364,0.0023344553077183803,0.0015578229448071973,-1.419724512617738e-06,0.9939263420031107,-0.11003635698246583
2026-09-30T01:26:42.272 -1.4893508264820412,0.1503518467689973,0.0023552736572649475,0.0015628616750351266,-7.496683390952374e-07,0.9939017198954987,-0.11025846294771392
2026-09-30T01:26:42.325 -1.502374149917875,0.1474197303272451,0.0023757611669491517,0.001562819903713984,-9.275412493614564e-07,0.9938856853647849,-0.1104029076612562
2026-09-30T01:26:42.364 -1.5153960429307596,0.14448701785704454,0.0023961868103703605,0.0015586112201874034,-1.0001089911563465e-06,0.9938830659379875,-0.11042654559375789
2026-09-30T01:26:42.403 -1.5284212740431404,0.14155680873987578,0.0024164836206094892,0.0015569965000956682,-1.6658642872513983e-06,0.9938894452749478,-0.1103691366740739
2026-09-30T01:26:42.440 -1.5414479350826573,0.13862898379055869,0.002437170121955636,0.0015584472518684561,-1.4509295768630426e-06,0.9939014253449724,-0.11026118055458291
2026-09-30T01:26:42.492 -1.5544736428033625,0.13570497355047817,0.0024576613999643003,0.0015593647205953225,-1.3518938278798884e-06,0.9939188897778436,-0.11010362810833824
2026-09-30T01:26:42.527 -1.5675007805167889,0.13278668533835378,0.0024785274673914557,0.0015605214671681683,-1.150448072444101e-06,0.9939414207077852,-0.10990003172345521
2026-09-30T01:26:42.589 -1.5805303027813,0.1298751920256833,0.002499218489646737,0.0015619499109171583,-9.063268808246067e-07,0.9939686008543551,-0.10965391387128084
2026-09-30T01:26:42.626 -1.5935626863687815,0.12697097044362968,0.0025197799240099265,0.0015626426524183552,-9.647967259056245e-07,0.994000490623844,-0.10936444937258036
2026-09-30T01:26:42.675 -1.6065993613327214,0.1240752126671328,0.0025405120549276176,0.0015637059080554033,-8.082278807870243e-07,0.994036671887342,-0.10903508502457639
2026-09-30T01:26:42.712 -1.6196379436216195,0.12118899160980194,0.0025613366068611234,0.0015644919170836337,-7.461214258115984e-07,0.9940769663349596,-0.1086670942225306
2026-09-30T01:26:42.765 -1.6326817714422672,0.11831397615962844,0.002582050241052014,0.0015655219705620622,-8.104465797296067e-07,0.9941274535843454,-0.10820422898486143
2026-09-30T01:26:42.802 -1.6457260762369654,0.11545362344607057,0.0026027944290597967,0.0015625513662389603,-1.1539105247349376e-06,0.9941939189873795,-0.10759186716668027
2026-09-30T01:26:42.853 -1.6587756260368496,0.11261317861788041,0.0026238300287509133,0.0015605290429892271,-1.1514828298375102e-06,0.9942782065010476,-0.10681017191653738
2026-09-30T01:26:42.897 -1.6718328058386962,0.109797410016535,0.0026446839724336008,0.0015587571444449526,-1.5207164059151232e-06,0.9943773958997516,-0.10588278801335405
2026-09-30T01:26:42.945 -1.684897615513604,0.1070091786650025,0.0026654605676378726,0.001559795814570691,-1.3322972985146598e-06,0.9944864184852401,-0.10485385297470924
2026-09-30T01:26:42.979 -1.697970054656999,0.10425003428409611,0.0026864280346764755,0.0015615245853453218,-1.177336004960919e-06,0.9946033088804044,-0.10373919029823829
2026-09-30T01:26:43.029 -1.7110486933827231,0.10152271870541725,0.0027072115827465244,0.0015631809765067285,-1.1471328038203862e-06,0.9947272331895184,-0.1025440784006777
2026-09-30T01:26:43.064 -1.724134008143323,0.09882854322519391,0.002728065284987266,0.0015641882616173944,-7.46865148705052e-07,0.9948578342364394,-0.10126916101610679
2026-09-30T01:26:43.118 -1.7372259989998808,0.09617048807566188,0.00274897423976867,0.0015655126424199226,-7.577260036010028e-07,0.9949944555844431,-0.09991787890968358
2026-09-30T01:26:43.153 -1.750328480845384,0.09354950688308823,0.0027698252692347773,0.0015666446053677952,-8.888225822280917e-07,0.9951361439209468,-0.09849670393489858
2026-09-30T01:26:43.207 -1.7634400230763583,0.09096750701412959,0.0027906906169962355,0.0015675593325899088,-4.4802839882393296e-07,0.9952824820253944,-0.09700682311522657
2026-09-30T01:26:43.254 -1.7765611024075154,0.08842603818356298,0.0028116604435850473,0.0015683207102717162,-3.4623385368411346e-07,0.995432814173407,-0.09545183516748823
2026-09-30T01:26:43.293 -1.7894823885980997,0.08596789916178132,0.0028321057438484365,0.0015688728266562701,-7.067301140825643e-08,0.9955860078653878,-0.09384050074839112
2026-09-30T01:26:43.330 -1.802405105563471,0.0835532715127048,0.0028527321124959073,0.0015696073496905257,9.631986370151083e-08,0.9957409898535352,-0.09218143770988026
2026-09-30T01:26:43.373 -1.8154723042207515,0.08115747711234164,0.0028736018200168903,0.0015724459346240273,4.1558617964018405e-07,0.995898533549673,-0.09046346382502309
2026-09-30T01:26:43.411 -1.8285957702405735,0.07880006739478784,0.0028944561770098336,0.001572592751872788,4.2056279546798346e-07,0.9960585831576957,-0.08868385348948277
2026-09-30T01:26:43.461 -1.8417464165563457,0.07648938737653646,0.00291533859923088,0.0015725904483582817,2.9531607988872104e-07,0.9962206598198319,-0.0868442508594181
2026-09-30T01:26:43.496 -1.8549151831294786,0.07422710610172523,0.002936339069733668,0.0015734372619343826,1.055001459629477e-06,0.9963837494174002,-0.08495262321431576
2026-09-30T01:26:43.545 -1.8680939638757281,0.07201477339316269,0.0029573702657406573,0.0015740663002200988,1.0397208939326035e-06,0.9965471375063262,-0.08301400509642241
2026-09-30T01:26:43.581 -1.881282282352461,0.06985560790762885,0.0029782079156567957,0.001574157789571017,1.0299531834018619e-06,0.9967110031884049,-0.08102282486655465
2026-09-30T01:26:43.633 -1.8944782308013501,0.06775056334350296,0.0029991172241720346,0.0015743606200630104,9.611249628787604e-07,0.9968747498817496,-0.07898262110055232
2026-09-30T01:26:43.667 -1.9076827628192894,0.06570107020026361,0.003020159303482808,0.0015746563600371566,1.0516084631030247e-06,0.9970380199682993,-0.0768941297755257
2026-09-30T01:26:43.713 -1.9208968323771356,0.06370832055876656,0.003041156847543456,0.0015749711298422076,9.917176581611398e-07,0.9972004558739269,-0.0747580782911728
2026-09-30T01:26:43.755 -1.9341185322524455,0.06177279128016999,0.0030620323348428584,0.0015751035383803336,7.78217806424996e-07,0.9973619385645923,-0.07257191296167
2026-09-30T01:26:43.801 -1.947345477976089,0.05989793946392598,0.0030829906111611532,0.0015735439365972376,6.329600134277858e-07,0.9975183561741471,-0.07038929644986228
2026-09-30T01:26:43.843 -1.9605709939655516,0.05808281151974971,0.0031039317147779177,0.001575585997690913,7.639396615180993e-07,0.9976667240081506,-0.06825412320896987
2026-09-30T01:26:43.896 -1.973792696337395,0.056323115943193794,0.0031246283596062167,0.0015707739132604385,4.054473588951209e-07,0.9978034140730141,-0.06622597325360033
2026-09-30T01:26:43.931 -1.987013445335596,0.054615276419636205,0.0031455470052310485,0.0015681963050720163,1.0647917768332893e-07,0.9979310419815943,-0.06427422663764311
2026-09-30T01:26:43.979 -2.0002363411016155,0.052959054491393605,0.0031662455179598302,0.0015691728126705324,1.647792005828799e-07,0.9980528852319418,-0.0623536364364866
2026-09-30T01:26:44.015 -2.0134630518561587,0.05135254278890065,0.0031871586699942656,0.0015707515924472768,4.7519250984833315e-07,0.9981695422470894,-0.060457403760376005
2026-09-30T01:26:44.064 -2.0266971543195864,0.04979562205779016,0.0032080089941205958,0.0015700998525165811,2.691967666715851e-07,0.9982811344733697,-0.058585931254378755
2026-09-30T01:26:44.104 -2.039939602151514,0.04828721940244944,0.0032287979983744498,0.0015710767317504866,2.7747347827813764e-07,0.9983877780671178,-0.05673954814791699
2026-09-30T01:26:44.152 -2.053186818664147,0.04682816933298016,0.003249788248710028,0.0015718385365504595,2.959374200287108e-07,0.9984898321385292,-0.05491433728544584
2026-09-30T01:26:44.189 -2.0664414267849653,0.04541632604911073,0.0032707603749551743,0.0015727715061908218,2.0668023088105414e-07,0.9985872963683977,-0.053112502496123544
2026-09-30T01:26:44.239 -2.0794936187895265,0.04407303065516384,0.0032913230398178652,0.0015743954755267726,1.403089198698336e-07,0.9986772493441232,-0.051393315920682504
2026-09-30T01:26:44.288 -2.09254271230433,0.04277133934223991,0.0033116125767638873,0.0015722074153694122,2.4732115610637996e-07,0.9987626155687029,-0.04970679939550584
2026-09-30T01:26:44.330 -2.1057336643566855,0.0415025480072988,0.0033326032390868176,0.0015766756241330589,3.7638573066230075e-07,0.99884648659403,-0.047991773384580515
2026-09-30T01:26:44.371 -2.1189773073960745,0.040273452702391334,0.0033536474019045283,0.0015760705818948033,2.7792240243970816e-07,0.9989268448775721,-0.046289033089735525
2026-09-30T01:26:44.420 -2.1322495613108736,0.039087272381497035,0.0033746473866516687,0.0015764642522658055,1.946974340497824e-07,0.99900332793238,-0.04460790894508782
2026-09-30T01:26:44.458 -2.1455377899086256,0.0379440072037093,0.003395598115323909,0.001576982438580614,8.041672242692999e-08,0.999076413340494,-0.042939881614607114
2026-09-30T01:26:44.504 -2.158832933207914,0.036844253329551796,0.0034165448677226677,0.0015774692287907053,1.1674449636430439e-07,0.9991461012150286,-0.04128655976981599
2026-09-30T01:26:44.551 -2.1721323685620257,0.035788130001338354,0.0034375132994981894,0.0015783992145455548,2.793222752248899e-07,0.9992125700115237,-0.03964528454693171
2026-09-30T01:26:44.589 -2.1854339504079694,0.03477480278103298,0.003458365907818527,0.0015764524538803043,-1.5988941091811327e-07,0.9992733781489875,-0.038081892289455424
2026-09-30T01:26:44.626 -2.19873481718553,0.03380248356537323,0.0034794259945322282,0.0015730594234991953,-1.9832073909665583e-07,0.9993279878994888,-0.03662100605895462
2026-09-30T01:26:44.683 -2.2120375921731856,0.03286509264748619,0.0035002208706869293,0.001571621952491623,-1.2429206865389032e-07,0.9993780657222942,-0.03522799678649111
2026-09-30T01:26:44.720 -2.2253432283507584,0.031963702899052905,0.003521199078244331,0.0015723770450368816,7.300775519919477e-08,0.9994248036918619,-0.03387608885196958
2026-09-30T01:26:44.775 -2.238650772315841,0.031097360657731096,0.0035421802957894613,0.0015722308064213895,1.6043841085567515e-07,0.9994683830698579,-0.03256500167342149
2026-09-30T01:26:44.820 -2.2519628467988797,0.030265112216169187,0.003563079263238293,0.0015722343281597674,-1.3940684191910402e-07,0.99950904145974,-0.031292237366955834
2026-09-30T01:26:44.865 -2.2652768289672287,0.02946540788664657,0.0035840259445120252,0.0015719639685947532,1.5303922141541765e-07,0.999546838782683,-0.030060705394307337
2026-09-30T01:26:44.904 -2.2785934342095886,0.02869765161369401,0.00360493206374785,0.0015720044955409777,-1.4479022273228312e-07,0.9995823111022406,-0.028857098491512113
2026-09-30T01:26:44.952 -2.291911947064623,0.027960412894864013,0.0036259156994251857,0.0015719527107177608,-2.1345632472423515e-07,0.9996151606229705,-0.0276958411560813
2026-09-30T01:26:44.993 -2.305233559713475,0.027253334087268464,0.0036469191318574358,0.0015707397319288557,-1.5297371595493761e-07,0.9996460439612989,-0.02655785324901109
2026-09-30T01:26:45.038 -2.318557318638938,0.02657569994715782,0.00366783654530347,0.0015712586135980485,-1.0980094435310081e-07,0.9996746607139577,-0.025457884295260386
2026-09-30T01:26:45.070 -2.331671984853232,0.02593764592371922,0.00368866177222068,0.0015708221764458676,-2.659310472096168e-07,0.9997012514525229,-0.02439139934236848
2026-09-30T01:26:45.121 -2.3447809296622566,0.02532557959740616,0.003709284232872971,0.0015724062774022396,-1.235641776614317e-07,0.9997259330375347,-0.02335778993643358
2026-09-30T01:26:45.159 -2.358031495262075,0.024734253904448732,0.003730085903936096,0.0015711038693792896,-9.289152212667713e-08,0.9997491862900939,-0.02234045981886098
2026-09-30T01:26:45.221 -2.371334512977866,0.02416724624620591,0.0037511046136125214,0.0015716606453822675,-1.862817076475999e-07,0.9997709478226373,-0.021344361611598493
2026-09-30T01:26:45.260 -2.3846575579825338,0.02362551070522126,0.003772259292216251,0.00157125019813516,-1.2669379933253174e-07,0.9997912198492414,-0.020372724048709993
2026-09-30T01:26:45.309 -2.3979887099259702,0.023108928222225177,0.0037931734640933566,0.0015717464855169662,-1.785815008562927e-07,0.9998101201137615,-0.019423010350087047
2026-09-30T01:26:45.345 -2.411324153467544,0.022616545171002526,0.003814243428808593,0.0015720145286967778,-1.397769032106392e-07,0.9998278879916768,-0.018485755716364176
2026-09-30T01:26:45.399 -2.424661266364069,0.02214871921239974,0.0038352415225495493,0.001572353249872146,-1.1542246180019755e-07,0.9998442251040752,-0.01757990987678683
2026-09-30T01:26:45.435 -2.4379995714842537,0.02170449667813672,0.0038563458052529587,0.0015726780664576886,-1.0245634406595928e-07,0.9998595488755766,-0.016685598761135248
2026-09-30T01:26:45.483 -2.4513397844318425,0.021283519931298702,0.0038773338907339026,0.0015726193297201754,-8.008293282724391e-08,0.9998737999575326,-0.015808574474684756
2026-09-30T01:26:45.523 -2.46468071272946,0.020885073731200736,0.0038984423125652825,0.0015737001325546714,-2.73862467100165e-07,0.999886798237931,-0.014963762137810413
2026-09-30T01:26:45.573 -2.4780230718690532,0.020509277278099886,0.003919523190197027,0.0015738161833305365,-2.3707192426392227e-07,0.9998990820241167,-0.014119095930460478
2026-09-30T01:26:45.612 -2.4913647161167027,0.020154819296821128,0.00394054332887316,0.0015748435136275205,-1.6912128493092515e-08,0.9999102920360293,-0.013301419034442888
2026-09-30T01:26:46.507 -2.504708744798266,0.019822176585514065,0.003961582134773994,0.0015749736444301947,-2.835136517297107e-07,0.9999207874775071,-0.012487522904923002
2026-09-30T01:26:46.514 -2.518053250704353,0.019510991540307342,0.00398254718538233,0.0015758178589701534,-2.744239455055693e-07,0.9999303881600061,-0.011693401223745745
2026-09-30T01:26:46.560 -2.518053250704353,0.019510991540307342,0.00398254718538233,0.0015758178589701534,-2.744239455055693e-07,0.9999303881600061,-0.011693401223745745
2026-09-30T01:26:47.776 -2.5313982333943676,0.019219952859065227,0.004003706701478877,0.001576717821690993,-1.707256793952714e-07,0.9999391542155484,-0.010917958947322472
2026-09-30T01:26:47.810 -2.5447448852985652,0.018949775782478133,0.004024853951775868,0.0015775131460833388,-1.3732913361153008e-07,0.9999472050271517,-0.01015374860051505
2026-09-30T01:26:47.868 -2.558090584133692,0.01869950666921028,0.004045776173817946,0.0015769826324092987,-5.077535578628742e-08,0.9999546608315546,-0.009390921521622592
2026-09-30T01:26:47.918 -2.5714367596850685,0.018469622338494314,0.004066937564736943,0.00157712200300857,-1.6209605893263428e-07,0.9999614007536013,-0.008643476676478188
2026-09-30T01:26:47.956 -2.584782697155548,0.018259049915674817,0.004088038970961874,0.0015779990919871246,-2.6349278344630207e-08,0.9999674247121987,-0.00791577117647964
2026-09-30T01:26:47.995 -2.598130780724941,0.0180675509521556,0.004109084162182094,0.0015775637836213884,-1.518324797272206e-07,0.9999729132594715,-0.007189161275941764
2026-09-30T01:26:48.048 -2.61147838750643,0.017894887062409204,0.004130247805532027,0.0015791662856616008,-8.975150077214526e-08,0.9999776847591606,-0.006491241602605235
2026-09-30T01:26:48.086 -2.624827425179109,0.017741296640962752,0.004151324300697004,0.00157809099723662,-1.2786013382606307e-07,0.9999820412169562,-0.005781597734011459
2026-09-30T01:26:48.132 -2.6381769400814075,0.017605826025504024,0.0041722972388303055,0.0015763708980204693,-2.2047484116973913e-07,0.9999858617011549,-0.005078528580424136
2026-09-30T01:26:48.170 -2.6515266933077815,0.01748907126553985,0.004193479166863333,0.0015765844907881642,-3.1124200704283504e-07,0.9999890844660428,-0.004398332639993981
2026-09-30T01:26:48.219 -2.6648759701758875,0.017389721067822057,0.004214496425551258,0.0015754192948850957,-4.053805854534113e-08,0.9999918314577667,-0.0037222401568466354
2026-09-30T01:26:48.259 -2.6782257240600686,0.017308371466827052,0.004235544237510117,0.0015734366713041497,-8.692346963926299e-08,0.9999941022163047,-0.0030528396028481884
2026-09-30T01:26:48.305 -2.6915754778555945,0.01724430721285108,0.0042567857614950804,0.0015797861536662164,-2.1121026700178235e-07,0.9999957102134327,-0.0024665421943539205
2026-09-30T01:26:48.343 -2.704923801885487,0.017194428882275178,0.004277667393947872,0.0015595796551452841,-1.3381107062119813e-07,0.9999970412653987,-0.0018668614651444909
2026-09-30T01:26:48.394 -2.718272840955808,0.017159332494643745,0.0042988034743016166,0.0015611574238803593,-1.809729313613588e-07,0.9999978777727428,-0.0013443353285384559
2026-09-30T01:26:48.433 -2.731622834197197,0.017137587535395824,0.004319732444335716,0.0014940343992823012,-2.499270601822568e-07,0.9999985901255752,-0.0007665559426449845
2026-09-30T01:26:48.478 -2.744972827372583,0.017129313225893412,0.004340810423592169,0.0014944399763846348,-1.942570982785648e-07,0.9999988310129789,-0.00032345292556385007
2026-09-30T01:26:48.516 -2.758323297590746,0.017133675095073488,0.004361859352426716,0.0015534320996009416,-2.5473599645751966e-07,0.9999987871195801,0.00011228542155065173
2026-09-30T01:26:48.576 -2.7716737679529944,0.017149481056049534,0.004382908279389408,0.0014711479046487306,-1.275212124119073e-07,0.9999987949788939,0.0004957464942184568
2026-09-30T01:26:48.613 -2.7850249535788123,0.017177207936990985,0.004404047742152765,0.001579023414212155,-2.1876353953883427e-07,0.9999982361419252,0.0010170536112002022
2026-09-30T01:26:48.667 -2.798376377815619,0.017216498116010764,0.004425157777704668,0.0015644896320124477,-3.1357612916148833e-07,0.9999977733073203,0.0014162459158604391
2026-09-30T01:26:48.709 -2.8117266101903415,0.017266517146086884,0.004446206322106254,0.001564993327400675,-1.1324805257441006e-07,0.9999971197973986,0.0018196683158627337
2026-09-30T01:26:48.758 -2.8250787499682066,0.017326668941768528,0.004467302583998459,0.001564060332426585,-1.489668134493057e-07,0.9999963480936279,0.00220397701032324
2026-09-30T01:26:48.796 -2.8384299362240832,0.017396953539065303,0.004488382435230579,0.0015704482384567584,7.587663812727656e-08,0.9999953918498786,0.0025980706942921234
2026-09-30T01:26:48.850 -2.851781837788696,0.01747713249839707,0.004509508119167138,0.0015706158709455924,-6.194082919653286e-08,0.999994380727193,0.002961702182888715
2026-09-30T01:26:48.888 -2.8651335012611385,0.017566371366711086,0.004530499314373659,0.001572869216973334,-1.7693685002880243e-07,0.9999932487186112,0.0033209335424054204
2026-09-30T01:26:48.934 -2.878485164591486,0.017664908559639397,0.004551654420627549,0.0015733671948365956,-1.1268257401751004e-07,0.9999922368815615,0.003612574188662097
2026-09-30T01:26:48.976 -2.8918363517698826,0.017769167804398033,0.004572421342308667,0.001568931648668207,-2.567826243667152e-07,0.9999914073365426,0.0038371482245159517
2026-09-30T01:26:49.025 -2.9051875384223087,0.017878433839385754,0.004593560791735051,0.0015685411316680201,-2.842632282553357e-07,0.9999906340225939,0.004033800407610382
2026-09-30T01:26:49.065 -2.91853896364279,0.017992110615073855,0.004614641012834755,0.0015679152057687246,-2.1662920896317338e-07,0.9999899203532516,0.004207235880989816
2026-09-30T01:26:49.118 -2.9318896737832634,0.018110317352755992,0.004635645596585568,0.001570360814600889,-1.733128938714195e-07,0.9999892042090648,0.0043732633357287925
2026-09-30T01:26:49.158 -2.945240622223623,0.01823221957543134,0.00465675486469494,0.001573461291296802,-7.41773414313425e-08,0.9999885470301316,0.004519958863296041
2026-09-30T01:26:49.207 -2.958592524464368,0.018356744390458812,0.004677806035665215,0.0015729811184027078,-1.255509405851074e-07,0.9999880712285767,0.00462418975998993
2026-09-30T01:26:49.254 -2.971943949916125,0.01848317656011964,0.004698841551250875,0.0015735808332905394,-9.315905132009275e-08,0.9999876540830019,0.004713334798962187
2026-09-30T01:26:49.295 -2.9852953751888585,0.018612231334174976,0.004720011176690682,0.0015730229442507003,-1.366933449826911e-07,0.9999873568961837,0.0047761539530105385
2026-09-30T01:26:49.331 -2.9986472775252064,0.0187424781950977,0.0047410474455824615,0.0015753276130014437,-3.7263420064089346e-07,0.999987057438335,0.004837695587054769
2026-09-30T01:26:49.384 -3.0119984647761355,0.01887308269287504,0.00476197827552266,0.0015745670292696518,-2.342253049825623e-07,0.9999869389855774,0.004862365357586777
2026-09-30T01:26:49.422 -3.025349890031767,0.019004521652726675,0.004783177702857632,0.0015784474839377746,-3.919243682444638e-07,0.9999867573303153,0.004898333123433105
2026-09-30T01:26:49.473 -3.038701792386125,0.019136199025123896,0.00480421397151543,0.0015766815812545787,-1.9509797977078372e-07,0.9999868182561935,0.004886449529878579
2026-09-30T01:26:49.506 -3.0520534561983976,0.01926739956337833,0.004825324368999026,0.0015774971688580907,-2.830669498084426e-07,0.999986877138488,0.004874120783969661
2026-09-30T01:26:49.557 -3.065404881571376,0.0193969311745809,0.004846434389790566,0.0015748173201742199,-9.67572282060308e-08,0.9999871173693518,0.004825458085315485
2026-09-30T01:26:49.594 -3.0787570223626193,0.019526343567469656,0.004867441233498734,0.0015759173061419473,-2.7439237448032236e-07,0.9999872950787598,0.004788127570835611
2026-09-30T01:26:49.648 -3.092108209244681,0.0196538486237572,0.004888580679941849,0.0015750417660041506,-2.91270872357691e-07,0.9999875934012816,0.004725704906562558
2026-09-30T01:26:49.682 -3.1054601113530693,0.019779088694538323,0.004909721257650542,0.0015765942790433641,-4.879109853417877e-07,0.9999878897964887,0.004662039318466916
2026-09-30T01:26:49.733 -3.1188120133682635,0.019902540625984535,0.004930906539079418,0.001579393239715376,-4.150097206319028e-07,0.9999881851994005,0.004597279459839668
2026-09-30T01:26:49.768 -3.132163677211879,0.020023131537450653,0.004951912630300404,0.0015776195436509126,-6.795243780396837e-07,0.999988662781343,0.004492819259141713
2026-09-30T01:26:49.818 -3.145515578997612,0.020141457469465718,0.004973202220565691,0.001579692496314423,-4.2921591956361074e-07,0.9999890777829258,0.004398736896737512
2026-09-30T01:26:49.854 -3.158867004392021,0.020255849500871934,0.004994178133550427,0.0015759969381168675,-4.239666150756674e-07,0.9999896758901013,0.00426196511969615
2026-09-30T01:26:49.917 -3.172219621601708,0.020367022866479317,0.005015304943312483,0.0015788277680948578,-5.864548564962373e-07,0.9999901497734078,0.004148211505232789
2026-09-30T01:26:49.950 -3.1855715235601463,0.020474739171689665,0.005036400820459751,0.001574715867853906,-6.003960993373199e-07,0.9999908076673909,0.003988088551491122
2026-09-30T01:26:50.007 -3.1989229485778687,0.02057792552990633,0.005057525746703027,0.001574103228258148,-6.740126092230958e-07,0.9999914032415521,0.0038360971786518534
2026-09-30T01:26:50.048 -3.21227461195984,0.020676820350697803,0.005078651050613284,0.001577569377946624,-7.360164451394012e-07,0.9999919360432827,0.003693118292635099
2026-09-30T01:26:50.098 -3.225626036794315,0.020771066012207066,0.005099820681746653,0.001575163331293691,-5.573850529090339e-07,0.9999925924562871,0.0035119642257888744
2026-09-30T01:26:50.135 -3.238977938692542,0.02086090092396708,0.0051208122538207185,0.0015721079355487334,-7.777838552086875e-07,0.9999932493216226,0.0033211123464090835
2026-09-30T01:26:50.187 -3.2523293634305057,0.020945609842310312,0.005141966985371398,0.0015727619543618864,-7.736781095732913e-07,0.999993843690436,0.00313671810404296
2026-09-30T01:26:50.224 -3.2656800728872035,0.021024477514465678,0.00516309078469726,0.0015731552622352098,-7.131192692062946e-07,0.9999944381932988,0.002940878182001617
2026-09-30T01:26:50.276 -3.279031735996606,0.021097980756579378,0.0051841862904755615,0.0015720789345300178,-6.707718040325606e-07,0.9999950337726543,0.002731482638034418
2026-09-30T01:26:50.312 -3.292382922100161,0.021165523540230363,0.005205340647868989,0.0015753099634510724,-8.27206885341177e-07,0.9999955663729747,0.00252698085242195
2026-09-30T01:26:50.361 -3.305733631153749,0.021227344284003195,0.005226583659123681,0.0015766688532725768,-7.396844693994602e-07,0.9999961003437957,0.002305083942391897
2026-09-30T01:26:50.400 -3.319085532574101,0.02128296612967031,0.0052476050390789526,0.0015536230057263609,-5.607315535735812e-07,0.9999967723586995,0.002010355049494527
2026-09-30T01:26:50.452 -3.3324364799811175,0.021332150685739116,0.0052687888247952485,0.0015593033253497976,-7.39071387935159e-07,0.9999971837084094,0.0017891751851820184
2026-09-30T01:26:50.491 -3.3457879042143293,0.02137489793416106,0.005289928662066832,0.0015576982373014451,-3.210473527874497e-07,0.9999976006427376,0.0015402223431898788
2026-09-30T01:26:50.550 -3.3591395663797456,0.021410850250123917,0.005311322196838522,0.001537404245997266,7.217201634667446e-08,0.9999980321161159,0.001253854885851098
2026-09-30T01:26:50.602 -3.372490036803845,0.021439053977223198,0.005332430726343642,0.0015321661415879618,8.027448137621215e-08,0.999998332641907,0.0009935694814110134
2026-09-30T01:26:50.634 -3.3858416992924725,0.021459509085485533,0.00535349643851364,0.0014808369413767597,5.2121824569963274e-08,0.9999986692980013,0.0006844882591419913
2026-09-30T01:26:50.673 -3.399192646300846,0.021473288482555093,0.005374650427735854,0.0014394368106973021,6.268563005926282e-08,0.9999988791258511,0.0004120299815872827
2026-09-30T01:26:50.726 -3.412544070213146,0.021479319269781905,0.005395700864157564,0.001455848765793432,-2.175763045092012e-08,0.9999989242870728,0.00017868706738430204
2026-09-30T01:26:50.762 -3.4258945400705385,0.02147748225593864,0.005416928607716852,0.0015590355576816466,1.204707572737989e-07,0.9999987814772046,-8.032572057363825e-05
2026-09-30T01:26:50.810 -3.439245963700532,0.02146670453334833,0.0054380237503155555,0.0015538661488250464,2.3092610294365806e-07,0.999998724132865,-0.0003704491609126563
2026-09-30T01:26:50.845 -3.452596671867828,0.021448774262404338,0.005459192268901902,0.0015729859648957944,-6.675217554087172e-08,0.9999985282233393,-0.000685030148964181
2026-09-30T01:26:50.895 -3.4659471417193206,0.021422141716300937,0.0054802263016634906,0.0015616107250715642,4.991898100702729e-08,0.9999982969176717,-0.0009836329076329177
2026-09-30T01:26:50.928 -3.4792971345760644,0.021386687688780368,0.005501289384223032,0.0015405200242042678,2.403576070611383e-07,0.999998013798987,-0.0012645932463266482
2026-09-30T01:26:50.980 -3.4926473656457824,0.021342412170842963,0.005522412449760771,0.0015637387646605546,-1.2864748950968539e-08,0.9999974567313655,-0.0016251928736521126
2026-09-30T01:26:51.016 -3.505997357971109,0.021289076749926736,0.005543669250098474,0.0015765438354279405,4.236233954635267e-08,0.99999678869689,-0.001984214061326118
2026-09-30T01:26:51.066 -3.519347112096933,0.021226919844547883,0.0055647170589180756,0.0015749509686372178,6.743322931706251e-08,0.9999960725973287,-0.0023182578286617956
2026-09-30T01:26:51.101 -3.532696389060085,0.021155703039191922,0.005585898225572604,0.0015785297330031052,1.228306470147834e-07,0.9999951734457242,-0.0026760659788596375
2026-09-30T01:26:51.152 -3.546045904601168,0.021074711069059046,0.005606900957080229,0.0015794066956297962,-6.448019750141326e-08,0.9999941572346618,-0.0030316614296995365
2026-09-30T01:26:51.191 -3.559395419686333,0.020983705518642978,0.00562811230622168,0.0015784061529460454,-4.30748300770859e-08,0.9999930233092512,-0.0033855526636302927
2026-09-30T01:26:51.252 -3.572744696426131,0.020883520855912066,0.005649204070758935,0.0015792583069899919,8.391191727994807e-09,0.9999917090174808,-0.003753377079102907
2026-09-30T01:26:51.285 -3.586093496157672,0.020773441828158115,0.00567032488526963,0.0015779355999228487,7.918695601254519e-08,0.9999902772577254,-0.004117706795490452
2026-09-30T01:26:51.338 -3.5994422957616377,0.020653230010793146,0.005691445701437698,0.0015776066053067215,-1.3431745190236936e-07,0.9999886658347928,-0.004492144179769764
2026-09-30T01:26:51.373 -3.6127915719081676,0.020522766188543342,0.0057126715812106845,0.0015817489135095983,-1.29882689170204e-07,0.9999867526545357,-0.004898222717919156
2026-09-30T01:26:51.426 -3.6261398946013976,0.020381692751490196,0.005733672437720373,0.0015779954540974493,9.148850426732854e-09,0.9999849055813292,-0.005262940228337008
2026-09-30T01:26:51.462 -3.63948869387981,0.020230009681678117,0.005754748555608339,0.0015806592455842377,1.2497787867434734e-08,0.9999826358910834,-0.005677097204572292
2026-09-30T01:26:51.518 -3.6528377312840057,0.02006819381927245,0.005775929360116692,0.0015779451910395387,-1.483112221854183e-07,0.9999804302924428,-0.006053851756782602
2026-09-30T01:26:51.553 -3.666185099813636,0.019895649141798172,0.005796988318484112,0.0015779895666883635,-6.168775985089014e-08,0.9999779840021532,-0.006445266473415324
2026-09-30T01:26:51.607 -3.6795334218341904,0.019712375616263798,0.005818078588751677,0.0015773088343829947,-8.664510324337072e-08,0.9999753594470081,-0.006840511359575015
2026-09-30T01:26:51.646 -3.692881743479559,0.019518015626829418,0.005839317872258284,0.0015789380232607523,2.634000809140527e-09,0.9999723156079695,-0.007271517885162242
2026-09-30T01:26:51.696 -3.7062303037615334,0.019312926798293596,0.0058603340173462685,0.0015780764821884323,-2.209909950427725e-07,0.9999693335421898,-0.007670831099465162
2026-09-30T01:26:51.737 -3.7195774332513762,0.01909663231456756,0.005881437309332308,0.0015773811232723384,-1.950134978037808e-07,0.9999661725160228,-0.008072527015108211
2026-09-30T01:26:51.785 -3.732924562463276,0.018869489785509667,0.005902630009948118,0.0015771842903154923,-9.394846634771114e-08,0.9999627726201344,-0.008483269626686557
2026-09-30T01:26:51.825 -3.746273360746285,0.018631260771479644,0.005923646537421722,0.0015761114867052831,-4.960508719759944e-08,0.9999591945951316,-0.008895224406103047
2026-09-30T01:26:51.873 -3.7596209664258433,0.018382302936443204,0.005944899600106102,0.0015769717259681278,-1.6101433403180292e-07,0.999955316932912,-0.009320799201217748
2026-09-30T01:26:51.926 -3.772968095603465,0.01812249706200724,0.00596585388778341,0.0015760594358968157,-4.0479396900098114e-08,0.9999517390048211,-0.009697200518042372
2026-09-30T01:26:51.975 -3.78631403243125,0.017853392878012016,0.005986895699011831,0.001573732876484858,-2.1492090615017643e-07,0.9999483412088316,-0.010041826452087324
2026-09-30T01:26:52.015 -3.799660445871232,0.017575824828469602,0.006008012771267559,0.001575277579298563,-2.117577095747477e-07,0.9999449404263036,-0.010374710421966716
2026-09-30T01:26:52.064 -3.813006382390149,0.017289673716080905,0.006029114189854538,0.001574451676001577,-2.1187155662144251e-07,0.9999415415819964,-0.0106974071856447
2026-09-30T01:26:52.101 -3.8263525574533856,0.016994820322526638,0.0060500669754042615,0.0015750048032691561,-1.2019383216031088e-07,0.999938141707654,-0.011010545767535917
2026-09-30T01:26:52.155 -3.839698493785739,0.016691979909599412,0.006071153495578462,0.0015743560983518228,-5.7486226170438516e-08,0.9999348024753195,-0.011309827651919131
2026-09-30T01:26:52.192 -3.85304442992329,0.01638115247428386,0.006092299621629335,0.0015759719735445722,-9.930528375074684e-08,0.9999314018652907,-0.011606372217156326
2026-09-30T01:26:52.241 -3.866389889347771,0.016063291696864185,0.0061133108846174325,0.0015745889316893713,-8.525750283933e-08,0.9999281229438358,-0.011885689534316042
2026-09-30T01:26:52.278 -3.879735586957616,0.01573815914979718,0.006134411932615384,0.0015765800611179399,-5.923942370643334e-08,0.999924662490141,-0.012173074356349475
2026-09-30T01:26:52.331 -3.8930812845671463,0.015405516417478136,0.00615545337727147,0.0015765228849162743,-4.618353752772833e-08,0.9999214422360042,-0.012434787181966559
2026-09-30T01:26:52.364 -3.9064257897786727,0.01506536351495115,0.006176627048613894,0.0015767784028904858,-2.277118401002084e-08,0.9999183410372805,-0.012681680768748527
2026-09-30T01:26:52.418 -3.9197710101699976,0.014719250138941962,0.006197801851826352,0.0015780402956711397,-5.6557385681194195e-08,0.9999151794393571,-0.012928407310281468
2026-09-30T01:26:52.458 -3.933116230665756,0.01436646104269659,0.00621885744699018,0.0015782886249957123,-4.098568464522702e-08,0.9999121379377806,-0.013161512440125348
2026-09-30T01:26:52.507 -3.9464619280438353,0.01400794989453614,0.006239839291307165,0.0015788790249884933,4.854655112494632e-08,0.9999091558241568,-0.013386083820306356
2026-09-30T01:26:52.547 -3.9598073864854455,0.013643835912820906,0.006261103881284341,0.0015792972550870566,-7.260854009391793e-08,0.9999062335021953,-0.013602574154474035
2026-09-30T01:26:52.602 -3.973152606913942,0.013274476725312883,0.0062820700723030505,0.0015799575400623797,-9.093758132085854e-09,0.9999034302739955,-0.013807022143415398
2026-09-30T01:26:52.635 -3.9864975885458307,0.01289939549494413,0.006303229602146038,0.001579602631327757,7.952437680002674e-08,0.9999006278667917,-0.014008541934010204
2026-09-30T01:26:52.688 -3.999843047326708,0.012519188259077933,0.006324151468476443,0.0015805423247127785,-1.2221290671413473e-08,0.9998979437167895,-0.01419873363704353
2026-09-30T01:26:52.719 -4.013187671184542,0.012134331871472092,0.0063453253356133225,0.0015804240855583395,1.2882922734304032e-07,0.999895260418591,-0.014386467673880536
2026-09-30T01:26:52.768 -4.026532295197385,0.011744945530839074,0.006366365093208031,0.00158080386685033,1.4201599831619884e-07,0.9998934115687084,-0.014514357051011232
2026-09-30T01:26:52.804 -4.039876323287876,0.011354128686219433,0.006387314501768724,0.0015776127801968873,2.640316382889255e-08,0.9998922811117271,-0.01459237167502309
2026-09-30T01:26:52.858 -4.053221662397237,0.010961523685777335,0.00640842989649784,0.0015782007824784634,2.4674254780198254e-08,0.9998903724784137,-0.014722510223076633
2026-09-30T01:26:52.896 -4.066567358864943,0.010564388727854708,0.006429679967698567,0.0015801992490908571,2.812916721888112e-07,0.9998882838479081,-0.014863471799658443
2026-09-30T01:26:52.946 -4.079912578869141,0.010163200660041883,0.006450661065065944,0.0015807701955523423,9.6822255251508e-08,0.9998862559835253,-0.014999208673384992
2026-09-30T01:26:52.986 -4.093257560181933,0.009759032363019577,0.006471790797381429,0.0015801253197663075,2.668018225121458e-07,0.9998843483464945,-0.015125909414274495
2026-09-30T01:26:53.027 -4.106602541757485,0.009351406996565031,0.006492726815408984,0.0015797930691026341,8.877721323850756e-09,0.9998825597276438,-0.015243720226818287
2026-09-30T01:26:53.062 -4.1199476422204295,0.008940682187114362,0.006513841836136837,0.001580118447056796,1.337536689195221e-07,0.9998806513365907,-0.01536835412107857
2026-09-30T01:26:53.111 -4.13329166961322,0.008526261903212016,0.006535044567981891,0.0015797174171773328,2.530655725756758e-07,0.9998789224125832,-0.01548047182322241
2026-09-30T01:26:53.148 -4.14663665097596,0.00810921900289464,0.0065560401921201,0.0015791411494457432,2.3832955002573673e-07,0.9998773725183772,-0.01558031575160971
2026-09-30T01:26:53.191 -4.159981035905071,0.007689434296463101,0.006577258391432709,0.0015786858215617748,3.6638771895575106e-08,0.999875643646846,-0.015690920714898915
2026-09-30T01:26:53.237 -4.173325659477107,0.007266907773340326,0.006598313055590569,0.0015784634068439385,2.4039090420814604e-08,0.9998740338529628,-0.01579319093397095
2026-09-30T01:26:53.279 -4.186669806187066,0.006842354698298772,0.006619366966149831,0.0015778417859795024,-1.295791883902825e-07,0.9998726032635596,-0.01588356566499262
2026-09-30T01:26:53.318 -4.200014667950924,0.00641494059132223,0.006640526316070141,0.0015771930227070595,1.907845610346579e-07,0.999871232326948,-0.015969697151906152
2026-09-30T01:26:53.372 -4.2133596492989325,0.005985499924876152,0.006661432535380786,0.0015762737666292562,-2.7542894803379903e-08,0.9998697423509805,-0.016062804611772726
2026-09-30T01:26:53.408 -4.226704272755399,0.005553794286458694,0.00668248720104003,0.001576517636947679,-2.269480949476445e-07,0.9998683110871323,-0.016151627653427644
2026-09-30T01:26:53.460 -4.240048538561932,0.005120300513200685,0.006703541301544198,0.001576080959258463,-3.9021117668430985e-07,0.9998668207363719,-0.016243668280220416
2026-09-30T01:26:53.498 -4.253393161962867,0.004684184131070198,0.006724595967924886,0.0015757395053982634,-3.0876236680393943e-07,0.9998655091965467,-0.016324232418284547
2026-09-30T01:26:53.545 -4.266737308520781,0.004245683569149574,0.006745634979622904,0.0015754036413905168,-5.720377309304231e-07,0.9998641380272871,-0.016408034312182684
2026-09-30T01:26:53.582 -4.280081455031122,0.003805275658599022,0.006766688892775466,0.0015752603474488383,-4.6245840792861876e-07,0.9998627667084983,-0.016491400930521073
2026-09-30T01:26:53.634 -4.293425839579323,0.003362721977876024,0.00678796670038256,0.0015754543694667291,-2.7378483901270696e-07,0.9998613951257782,-0.016574331980122196
2026-09-30T01:26:53.673 -4.306769628472887,0.002917545700238184,0.006808975345439805,0.0015753538586996821,-2.8427929394744355e-07,0.9998600834056305,-0.01665328412731129
2026-09-30T01:26:53.725 -4.320113655528116,0.002470700489572393,0.006830133379160747,0.001575488942288617,-2.793438984526695e-07,0.9998587118745561,-0.01673541523441777
2026-09-30T01:26:53.761 -4.333457563559232,0.002021709513171109,0.006851157114467028,0.001575634502992603,-2.8081837101072e-07,0.9998574595916991,-0.01681005278599975
2026-09-30T01:26:53.819 -4.346800756094946,0.0015704535692982772,0.006872313829531788,0.0015761018884247512,-3.551652385084794e-07,0.9998561474297124,-0.016887875820377644
2026-09-30T01:26:53.859 -4.360144544798212,0.0011176478971407272,0.006893382080407209,0.0015762830608564067,-2.562170826748557e-07,0.99985489512293,-0.016961840417861116
2026-09-30T01:26:53.918 -4.373487975891159,0.0006624580436894495,0.0069144199639399094,0.0015767270121437972,-3.3377490833848783e-07,0.9998536426105217,-0.017035471531163342
2026-09-30T01:26:53.956 -4.386831525958691,0.00020548004941880162,0.00693559214653072,0.0015773924724650607,-3.484348218204946e-07,0.9998523899250534,-0.017108775351422585
2026-09-30T01:26:54.008 -4.4001753144463,-0.0002532264825546405,0.006956749805226725,0.0015778131351042966,-3.892191469430559e-08,0.9998511970614907,-0.017178307262747796
2026-09-30T01:26:54.043 -4.413519103118937,-0.0007140787817644321,0.00697777335399059,0.0015780067434648796,-3.1108186494680235e-07,0.9998500640056027,-0.017244112114374852
2026-09-30T01:26:54.095 -4.426862534048899,-0.0011766000065143,0.006998855942150153,0.0015788214843254658,-2.938522522269429e-07,0.999848811207724,-0.01731652531934774
2026-09-30T01:26:54.129 -4.4402058458391975,-0.0016410881830516801,0.00701987873757865,0.0015791571261850163,-3.985264670167417e-07,0.9998476780428731,-0.017381800104914993
2026-09-30T01:26:54.181 -4.453548203673944,-0.002107424091540033,0.007041063938017482,0.0015796115976416385,-2.966768230132685e-07,0.9998467832903664,-0.017433151494208276
2026-09-30T01:26:54.216 -4.466890799987146,-0.0025745944680650884,0.007062204812130133,0.0015797371283835938,-2.7964515600610483e-07,0.999846544686431,-0.017446819456044718
2026-09-30T01:26:54.266 -4.480233992515474,-0.003041407224244935,0.007083242320598901,0.0015790466801376343,2.1773513713870144e-07,0.9998470222415563,-0.017419492708665073
2026-09-30T01:26:54.304 -4.493577542596497,-0.003506670264152375,0.007104339998832016,0.0015798379923292255,2.7140624046759948e-08,0.9998475582522687,-0.017388627573610402
2026-09-30T01:26:54.353 -4.506921331062187,-0.003970860423450187,0.007125467856139815,0.0015798626803387467,2.1891081247787717e-07,0.9998485122532295,-0.01733368336122338
2026-09-30T01:26:54.395 -4.5202650002926275,-0.004433381651188096,0.007146625326977255,0.0015803958210460875,1.8463646079718221e-07,0.9998495851062743,-0.017271638944409508
2026-09-30T01:26:54.445 -4.533608550454995,-0.004894055133450929,0.007167708103317109,0.0015800882805763747,1.266658057262821e-07,0.9998510163839972,-0.017188611255640692
2026-09-30T01:26:54.482 -4.546952696537163,-0.005351629181670826,0.007188896129560569,0.0015804788917140715,1.4261790839799386e-07,0.9998525663657466,-0.01709817587589654
2026-09-30T01:26:54.534 -4.560296961936677,-0.005806222999161248,0.00721003964037138,0.0015804581229177186,6.413383708824308e-09,0.9998544148093457,-0.016989742151746867
2026-09-30T01:26:54.580 -4.573641704448129,-0.006257657776509587,0.0072310348931698696,0.001579829511844879,9.111813789840523e-08,0.9998565618722052,-0.016862971855468763
2026-09-30T01:26:54.617 -4.5869864467256365,-0.006705218251915025,0.007252208959045477,0.0015799292074173427,9.790788316032478e-09,0.9998588276197681,-0.01672807982174353
2026-09-30T01:26:54.652 -4.600331904469437,-0.007149083248368952,0.0072732798472137615,0.0015798527025328883,-6.380614329213172e-08,0.9998612127680571,-0.016584910835582632
2026-09-30T01:26:54.708 -4.613676885405645,-0.007588775913682777,0.007294364881912095,0.001579206341563929,-4.390631884285986e-08,0.9998639561395628,-0.016418749047096268
2026-09-30T01:26:54.746 -4.627021866167786,-0.008023580998098067,0.007315598927236671,0.0015790706926816225,-1.4015662303916446e-07,0.999866699118191,-0.016250862445445255
2026-09-30T01:26:54.800 -4.640367204904613,-0.008453260087598455,0.007336654723459548,0.0015778371493802474,-1.294964909400146e-07,0.9998691448355125,-0.016099802353268893
2026-09-30T01:26:54.836 -4.653712901330692,-0.008879899344720839,0.007357696183490198,0.001576183803372539,-1.3052625628432775e-07,0.9998709946118877,-0.015984673235178205
2026-09-30T01:26:54.890 -4.667059312818038,-0.009303200750713858,0.007378887785295681,0.0015769622576832197,-1.0055422352531374e-07,0.9998730213567831,-0.01585731228442508
2026-09-30T01:26:54.927 -4.680404532467295,-0.009723223886260544,0.007399943391456661,0.0015763218078380411,-1.6986734926054097e-07,0.9998749896009339,-0.01573278043010388
2026-09-30T01:26:54.985 -4.693750347942115,-0.010140147587753357,0.007421163852091521,0.0015762841878454135,-1.937324220120979e-07,0.9998767784888538,-0.015618680061818982
2026-09-30T01:26:55.019 -4.707095686831438,-0.010553971841739278,0.0074422494480062325,0.0015758898947775273,-1.237684172150273e-07,0.9998786272927853,-0.015499911422959315
2026-09-30T01:26:55.074 -4.720441621901228,-0.010964577452422799,0.007463276381236803,0.0015754609195614431,-1.6669076049281726e-07,0.9998804165008475,-0.015384102864815119
2026-09-30T01:26:55.108 -4.733787557222086,-0.011372083621602849,0.0074841692036773,0.0015750197007387626,-1.7874809587956378e-07,0.9998822057241155,-0.015267415930277656
2026-09-30T01:26:55.162 -4.747133492054633,-0.011777205604931926,0.007505389850864325,0.001575104680859631,-2.387976830987007e-07,0.9998831000963835,-0.015208720749398292
2026-09-30T01:26:55.200 -4.760478950457899,-0.012181791140501122,0.007526356424609877,0.0015719789357636915,-2.443283619273416e-07,0.9998834603426041,-0.015185342125417967
2026-09-30T01:26:55.265 -4.773825004832433,-0.012586674706790249,0.007547368644244469,0.0015728791169117805,-1.9812215164472008e-07,0.9998835788900238,-0.015177441066342213
2026-09-30T01:26:55.302 -4.787170939618611,-0.012991737085469086,0.007568619093706882,0.0015733882586291023,-4.784027625367286e-07,0.9998833399701892,-0.015193120127811733
2026-09-30T01:26:55.353 -4.80051663645171,-0.01339727629835906,0.007589571143430889,0.0015735177297674025,-2.9980157903028464e-07,0.9998829820917723,-0.015216641059343236
2026-09-30T01:26:55.388 -4.813862571568779,-0.013804126816422027,0.007610598076047258,0.0015736767432290683,-3.8897037324818044e-07,0.9998824453024173,-0.015251856195720991
2026-09-30T01:26:55.441 -4.827207910457213,-0.014212407838436076,0.007631728374482994,0.0015736936862468208,-2.9997115758904627e-07,0.9998816701090144,-0.015302590241532752
2026-09-30T01:26:55.480 -4.840553845415957,-0.01462247700730299,0.007652829813338662,0.001574499316060143,-3.3440564518393857e-07,0.9998807154061311,-0.015364761980439472
2026-09-30T01:26:55.531 -4.853686157818316,-0.015027894324363836,0.0076734891827638175,0.0015745047981977971,-7.77923538502849e-07,0.9998794035633167,-0.015449895271533171
2026-09-30T01:26:55.567 -4.866541546992551,-0.015427228481116018,0.007694008729156808,0.0015757114074163728,-5.269246695954573e-07,0.9998785678049922,-0.015503766559150029
2026-09-30T01:26:55.623 -4.87904813075268,-0.015816187038221324,0.007713723454582364,0.0015769846922101037,-5.534969181553352e-07,0.9998774934800718,-0.01557276953478013
2026-09-30T01:26:55.662 -4.891227723817824,-0.016197571688580395,0.0077329956769359815,0.0015754249442922609,-6.77611290590741e-07,0.9998766002818469,-0.015630170971608008
2026-09-30T01:26:55.717 -4.903254610141272,-0.016575020509802346,0.007751951946827865,0.0015779861860906138,-2.790228085948389e-07,0.999875942342739,-0.01567194575469858
2026-09-30T01:26:55.753 -4.915013633598434,-0.016944836564068557,0.007770499596396669,0.0015781359522506098,-6.893608990421395e-07,0.9998746900248462,-0.0157516263972617
2026-09-30T01:26:55.812 -4.926475587842128,-0.017308092367264372,0.007788652052171266,0.0015771414260849592,-6.410697332280739e-07,0.9998730212152439,-0.015857303377678444
2026-09-30T01:26:55.853 -4.9377948487428025,-0.017669617839235045,0.007806593795231764,0.0015782166515814094,-4.25720465857522e-07,0.9998718874282383,-0.0159285266962178
2026-09-30T01:26:55.910 -4.949063207373784,-0.01803036780996112,0.007824440154987804,0.0015793383591229952,-2.1688596846677674e-07,0.999870932490888,-0.015988247249232097
2026-09-30T01:26:55.965 -4.960313565206499,-0.018391594391191576,0.00784239216424475,0.0015800995154791307,-8.255540223277699e-08,0.9998700374679217,-0.016044047475984168
2026-09-30T01:26:56.005 -4.971557605551573,-0.018754072590487954,0.007859946754426209,0.0015801376017770207,-2.423212808858468e-07,0.9998691430176013,-0.016099689635162274
2026-09-30T01:26:56.047 -4.982798545854227,-0.019117802448233925,0.007877868972831138,0.0015806140331476861,-1.7123236327498173e-07,0.9998683674778692,-0.016147735952441768
2026-09-30T01:26:56.097 -4.9940385327058525,-0.019482605177606263,0.00789564067212573,0.001580258793300427,-1.2410442527538364e-07,0.9998675925962623,-0.016195680223009955
2026-09-30T01:26:56.139 -5.0052789366353485,-0.019848421191176288,0.007913502438130281,0.0015807454684174708,-1.0737462586312866e-07,0.9998668170502283,-0.016243441925835357
2026-09-30T01:26:56.188 -5.016306314473452,-0.02020809524437174,0.00793066975744952,0.0015790047450554034,-5.709785329798458e-07,0.9998661625207288,-0.016283850581505145
2026-09-30T01:26:56.227 -5.027056947992586,-0.020559719186240576,0.00794765283271094,0.0015795353974961005,-4.0490397170672124e-07,0.9998653869415528,-0.016331352178644905
2026-09-30T01:26:56.300 -5.03767072923156,-0.020907467103189845,0.007964568540833779,0.001579796507937212,-1.2277455159660278e-07,0.9998647308314065,-0.016371447169307437
2026-09-30T01:26:56.340 -5.0482364099204275,-0.021254558763489705,0.007981199580157446,0.001579870689470814,-9.864424235731897e-08,0.9998640748696205,-0.01641145312618673
2026-09-30T01:26:56.407 -5.058784566484919,-0.02160194822634392,0.007998041330880817,0.0015797533762943608,-7.057605991484259e-09,0.9998634190597703,-0.01645137092696503
2026-09-30T01:26:56.441 -5.069327001383126,-0.02194969524506943,0.008014635616220733,0.0015796822107047527,-1.5711966651956384e-07,0.9998627035866623,-0.016494804650528834
2026-09-30T01:26:56.490 -5.079866098246969,-0.022298515105357724,0.008031328932223613,0.0015789202972009532,-1.6444795937204027e-07,0.9998613923868036,-0.016574167399618433
2026-09-30T01:26:56.529 -5.0901924667119705,-0.022643100357620693,0.008047521987912833,0.0015756074093333102,-6.896146571197513e-07,0.9998603217141343,-0.016638945955919814
2026-09-30T01:26:56.581 -5.1002418526402105,-0.022978681821260886,0.008063411213282669,0.0015775881230360481,-1.68319554173019e-07,0.9998596046225331,-0.01668179426073972
2026-09-30T01:26:56.619 -5.110154028897225,-0.02331032765086151,0.00807908349463094,0.0015779664351515193,-1.283368001939619e-07,0.9998588887979751,-0.01672460802504718
2026-09-30T01:26:56.684 -5.120018044616592,-0.02364179406017672,0.008094709431297862,0.0015776747175317524,-6.115116371560224e-08,0.9998581138765557,-0.016770899132093755
2026-09-30T01:26:56.721 -5.129864536688793,-0.02397308143494279,0.008110248056435133,0.0015774068509180692,-1.021458268360151e-07,0.9998573985640822,-0.01681351611895291
2026-09-30T01:26:56.770 -5.139492101423373,-0.024297690333192522,0.00812533622433837,0.001575197367367358,-6.090506076191122e-07,0.9998566847867103,-0.016856115810354556
2026-09-30T01:26:56.809 -5.148839941469859,-0.02461418947793308,0.008140324842966498,0.0015763101271768576,-2.087953615399346e-07,0.9998559087576271,-0.016901981209285825
2026-09-30T01:26:56.860 -5.157837903301911,-0.02491941893985571,0.008154462240710593,0.0015756192040859605,-6.212426856527907e-07,0.9998543590066608,-0.01699347519247664
2026-09-30T01:26:56.898 -5.166778644291356,-0.025225243727763448,0.008168792288652376,0.0015749804840977505,9.076026590428558e-08,0.9998532266039549,-0.0170600318325334
2026-09-30T01:26:56.952 -5.17584616442745,-0.02553560006486641,0.008183143974782082,0.001576807431651438,6.449231256923263e-09,0.999852450013961,-0.017105317284492258
2026-09-30T01:26:56.995 -5.184957613240926,-0.025848519954776175,0.008197475710283448,0.0015755669356581272,1.7953596145812493e-07,0.9998517354753397,-0.01714714716069737
2026-09-30T01:26:57.040 -5.193871472887017,-0.0261552980785956,0.008211554639577477,0.0015735686657427242,-5.402227158074197e-07,0.9998498290072142,-0.017258137663343238
2026-09-30T01:26:57.077 -5.202358087571164,-0.026450149894446644,0.008224674923868674,0.0015728253752023908,-9.410773736243434e-07,0.9998467886533677,-0.017433457459759272
2026-09-30T01:26:57.131 -5.21070284250709,-0.026744940319533693,0.008238122256228829,0.0015718140453897668,-8.926571535689944e-07,0.9998436292703546,-0.017613812968682595
2026-09-30T01:26:57.165 -5.21910630832154,-0.02704348657646185,0.008251394196277028,0.0015744613322727615,-2.179489409440282e-07,0.9998418980267886,-0.017711578745406555
2026-09-30T01:26:57.222 -5.227316178683104,-0.027336189140826785,0.008264285534047877,0.001575065790697959,-5.122906008121682e-07,0.9998394528925328,-0.017849022579769266
2026-09-30T01:26:57.255 -5.235256397914465,-0.02762197417144673,0.008276839930087711,0.001573482173187129,-7.994123507434695e-07,0.999835638107917,-0.018061586933219922
2026-09-30T01:26:57.305 -5.243062566650523,-0.027908174746889905,0.008289063168463853,0.001571249746000644,-1.0707124983175355e-06,0.9998302735975906,-0.018356338710559493
2026-09-30T01:26:57.354 -5.2508218856538065,-0.02819801061577046,0.008301525257799093,0.0015710728419993617,-1.2201929537220835e-06,0.9998239534959497,-0.01869742614280157
2026-09-30T01:26:57.394 -5.258564813765068,-0.02849255504526948,0.008313693210992084,0.0015715832638084504,-1.0958134240894667e-06,0.9998185272556773,-0.01898532804911647
2026-09-30T01:26:57.431 -5.266301781139422,-0.028790616073739846,0.008326000752060065,0.0015739343143543435,-1.331665300245472e-06,0.9998121456020634,-0.019318287594901045
2026-09-30T01:26:57.482 -5.274035470390405,-0.029095352781175605,0.008338169000667608,0.0015717403006982429,-1.528425530971353e-06,0.999804396230149,-0.019715448484838197
2026-09-30T01:26:57.520 -5.281769218976428,-0.029406526790975152,0.008350456553709876,0.0015723770736881496,-1.2023582177109394e-06,0.9997962273071754,-0.020125394188222512
2026-09-30T01:26:57.575 -5.289502550011556,-0.02972431691106391,0.008362892459571175,0.001572919446577662,-1.1321496030454304e-06,0.999787343035249,-0.020561970471002246
2026-09-30T01:26:57.630 -5.297235106286451,-0.03004919997414669,0.008375207932315727,0.0015730700207026826,-9.713612219963057e-07,0.999777803282345,-0.021020692512270674
2026-09-30T01:26:57.677 -5.304755172736999,-0.03037241143195287,0.008386904312990327,0.0015729489778225803,-1.3156342997438111e-06,0.9997676675845811,-0.021497364542401275
2026-09-30T01:26:57.712 -5.31199885230961,-0.03069114906160484,0.00839850642249503,0.0015730257759531492,-8.322142388568182e-07,0.9997570548216278,-0.021985379769308196
2026-09-30T01:26:57.767 -5.319106156850546,-0.031010719439332222,0.00840974389671005,0.0015735533379148173,-9.914379046630106e-07,0.9997460840410823,-0.02247868709313679
2026-09-30T01:26:57.802 -5.326163214513789,-0.03133505755601152,0.008421006234321689,0.00157419299803691,-7.300664797824293e-07,0.9997357094487992,-0.022935412984686973
2026-09-30T01:26:57.853 -5.333202986717934,-0.031664402245219304,0.008432285946214873,0.001576557921562607,-2.1085139832142373e-07,0.9997244988593706,-0.023418813920772143
2026-09-30T01:26:57.887 -5.340235070002132,-0.032001316627526914,0.008443449194225829,0.001574990961649156,-3.5656116862372924e-07,0.9997119797914683,-0.023947376991371467
2026-09-30T01:26:57.940 -5.347265365193776,-0.03234591998651351,0.008454520209401259,0.0015753668378965689,-3.499897881855168e-07,0.9996987438200697,-0.024493669055052937
2026-09-30T01:26:57.980 -5.3542945276832254,-0.0326982719350485,0.008465663940973013,0.001575730969376529,-3.2665683638448927e-07,0.999684732877674,-0.025058968915322742
2026-09-30T01:26:58.042 -5.361110901797848,-0.033047819786241224,0.008476530835362355,0.0015755549245757268,-4.742122506757025e-07,0.9996701262477637,-0.025635060254169225
2026-09-30T01:26:58.083 -5.367651307205641,-0.033391284489230545,0.008486722973447224,0.0015753194995054179,-4.339615165370469e-07,0.999655102411709,-0.026214396627085006
2026-09-30T01:26:58.128 -5.374055515696163,-0.03373498589601685,0.008496997793145741,0.0015760428196994294,-3.263812254402033e-07,0.9996395413288288,-0.026801184690471342
2026-09-30T01:26:58.162 -5.380407807166691,-0.034084468299564755,0.008508054795922334,0.0015775407920510904,-2.852110080635181e-06,0.9996235623846006,-0.027390598431498166
2026-09-30T01:26:58.216 -5.386739717055719,-0.03443949367880732,0.008517023211420643,0.0015770626073056114,-3.917315333562925e-07,0.9996070485174459,-0.027986808099891493
2026-09-30T01:26:58.252 -5.393066259012115,-0.03480286364038286,0.008528143812242924,0.0015780116154885207,-2.538034832993527e-06,0.9995896989520281,-0.0285997136680398
2026-09-30T01:26:58.305 -5.399388870564742,-0.035172849668415274,0.00853699322055392,0.0015775730099737205,-3.7628150396548826e-07,0.9995716947714697,-0.029222222279433295
2026-09-30T01:26:58.338 -5.40571088228294,-0.03555183598987728,0.008548166266165095,0.001578296914280998,-3.0247466960836064e-06,0.999552914730313,-0.02985765603387443
2026-09-30T01:26:58.402 -5.412029917410355,-0.035937557599108945,0.00855698022028922,0.0015779543496231873,-3.402994079318239e-07,0.9995349702527497,-0.030452476119186014
2026-09-30T01:26:58.436 -5.418347161941819,-0.03633144502188797,0.008567281462768037,0.0015793196386426006,-7.32196572687686e-07,0.999518037982265,-0.03100318527226513
2026-09-30T01:26:58.498 -5.4246617847265055,-0.03673045841120507,0.008576997414909738,0.0015801358900090778,-1.2293570566330247e-07,0.9995014042890178,-0.03153483779624482
2026-09-30T01:26:58.539 -5.430974618451915,-0.03713722038173384,0.00858723208107096,0.0015803717058850484,-8.015519963719495e-07,0.9994842345629701,-0.032074402328068755
2026-09-30T01:26:58.594 -5.437286857050614,-0.0375495851814816,0.008596839957748157,0.0015802820284627618,-2.781545800169459e-07,0.9994670651503571,-0.032605036242353606
2026-09-30T01:26:58.636 -5.443388689109222,-0.037956642518547704,0.008607679781883216,0.0015794350199579675,-2.533382089061249e-06,0.9994479290629483,-0.03318648023493651
2026-09-30T01:26:58.695 -5.449217238135895,-0.03835153706780675,0.008615703325046216,0.0015780975972923552,-2.5922969709849906e-07,0.9994272434159565,-0.0338037679244358
2026-09-30T01:26:58.744 -5.454907145010822,-0.03875119824293649,0.008624684854083712,0.001577765976625972,-1.610369575603483e-07,0.9994076301241767,-0.03437876530758641
2026-09-30T01:26:58.789 -5.460547401290132,-0.03914620963066233,0.008633617681677192,0.0015792853428824906,-2.2017835974323402e-07,0.9993867635057933,-0.03498003412195342
2026-09-30T01:26:58.828 -5.466170252575845,-0.03955522789075156,0.008642701806824948,0.0015778542368912987,-9.57994643692678e-08,0.9993642896731405,-0.035616385303638295
2026-09-30T01:26:58.885 -5.471787620727308,-0.039963053988960696,0.008651479238730534,0.0015781770575429965,-2.8445383500404683e-07,0.9993433049000482,-0.03620039099986911
2026-09-30T01:26:58.921 -5.477399504925738,-0.04038232410990458,0.008660367211452696,0.0015795023911338705,-3.4061269641065864e-07,0.9993236309200578,-0.036739431906774485
2026-09-30T01:26:58.978 -5.48300793234782,-0.040801117350198306,0.008669070904393027,0.0015799547630589205,-1.702745972966619e-07,0.9993041961381056,-0.037264290194402
2026-09-30T01:26:59.020 -5.488613319333831,-0.04123224871363578,0.00867805291475604,0.0015798657209190824,1.2562080656569571e-08,0.9992842849133631,-0.03779446982684614
2026-09-30T01:26:59.064 -5.49421954092894,-0.041663082064371804,0.008686946837592526,0.0015799685659558503,-2.1166765586872001e-07,0.9992642543543326,-0.03832040799581138
2026-09-30T01:26:59.102 -5.499614941352154,-0.04208980004037207,0.008695418021567978,0.0015780912959141398,-4.3233154809550096e-07,0.9992420792901195,-0.038894428953687776
2026-09-30T01:26:59.158 -5.5047391412410525,-0.0424958317901906,0.008703460404432197,0.0015776312657291498,-4.4945694736231415e-07,0.9992181147334844,-0.03950531948799515
2026-09-30T01:26:59.190 -5.509726190767656,-0.04290269627827429,0.008711434949721732,0.0015774878614892272,-3.0235245681049377e-07,0.9991957595637038,-0.040066764304951
2026-09-30T01:26:59.244 -5.514662994130896,-0.04330437452970155,0.008719061828215557,0.0015786763816689534,-2.1681686128274934e-07,0.9991757283322004,-0.040563181490756946
2026-09-30T01:26:59.281 -5.519578637273365,-0.043714277955647904,0.008726968176401778,0.001578921828341662,-2.3455161530834302e-07,0.9991555786564008,-0.041056505521025785
2026-09-30T01:26:59.335 -5.524487903091477,-0.044123287231667925,0.008734640923488534,0.0015791977968243388,-2.0354408861939053e-07,0.9991351905386607,-0.04154969508373441
2026-09-30T01:26:59.370 -5.5293930559283035,-0.04454219082692396,0.008742396576402202,0.0015787615892980996,-1.2275397566410997e-07,0.9991146241795887,-0.042041351813521574
2026-09-30T01:26:59.432 -5.534298387631965,-0.04496061758727859,0.00875012270967652,0.0015789196864542498,-2.42919514243269e-07,0.9990936997057482,-0.042535705246830466
2026-09-30T01:26:59.465 -5.539201692560673,-0.04538899829778442,0.008757905244946428,0.001578525379320792,-2.976408378954533e-07,0.9990727160909899,-0.04302576228390115
2026-09-30T01:26:59.517 -5.544105653379009,-0.045817080993348455,0.008765539805395758,0.0015785742338299059,-1.718619870722174e-07,0.9990513744810602,-0.0435184932053435
2026-09-30T01:26:59.553 -5.549008600230834,-0.046253091093841375,0.008773545293604539,0.001578150739340968,-2.0448993684827126e-06,0.9990299140531013,-0.04400841127688471
2026-09-30T01:26:59.604 -5.553911458852613,-0.046691068146625506,0.008780790682502182,0.0015780988125462952,-1.1391455067280542e-06,0.9990081552997814,-0.044499609519275896
2026-09-30T01:26:59.640 -5.558812588093667,-0.047138403106791474,0.00878849527535356,0.0015775285310111035,-1.478579088863684e-06,0.9989860989251504,-0.04499206103144815
2026-09-30T01:26:59.693 -5.563714760201155,-0.04758585728935487,0.00879633562772958,0.0015777567346373141,-9.595913424922378e-07,0.9989639823400178,-0.04548046470891072
2026-09-30T01:26:59.730 -5.56861556198997,-0.04804100045391312,0.008803741680679824,0.001576789976065975,-3.889277588168044e-06,0.998941509055566,-0.0459714607559241
2026-09-30T01:26:59.784 -5.573304826553423,-0.048478736398834536,0.00881133480854514,0.0015760217793759483,-1.43852701692694e-06,0.9989189164209666,-0.04645981671986539
2026-09-30T01:26:59.823 -5.577718838007666,-0.04889626290376617,0.00881815000069254,0.0015752891022754276,-4.484496687826396e-06,0.9988973968185346,-0.04692024161583744
2026-09-30T01:26:59.873 -5.581996831238018,-0.04930299925543342,0.008825212067942,0.0015764025521379566,-1.0734686846018956e-06,0.9988765911354245,-0.04736106666361514
2026-09-30T01:26:59.910 -5.5862251747023,-0.049712178772531083,0.008831644290347452,0.0015760236765541959,-2.002647296933201e-06,0.9988556674329429,-0.04780033245125749
2026-09-30T01:26:59.962 -5.590436529913093,-0.050120165982749335,0.008838660600644409,0.0015762925061366454,-9.608558440447398e-07,0.9988346240186841,-0.048238046835106914
2026-09-30T01:27:00.000 -5.594641210264828,-0.050533398317766126,0.00884508521221814,0.00157559044536655,-2.929253575288164e-06,0.9988135217846049,-0.048673054212807584
2026-09-30T01:27:00.055 -5.598842939707874,-0.05094752468525362,0.008851803181847154,0.001575906619322092,-8.907881043302652e-07,0.9987921207081494,-0.049110244642554986
2026-09-30T01:27:00.106 -5.60304359643326,-0.05136916122450459,0.008858355543793663,0.001575251492664952,-1.3952853691770451e-06,0.9987704819751166,-0.049548389640645354
2026-09-30T01:27:00.144 -5.607244491202214,-0.05179061895277922,0.008865146700957048,0.001575493462676353,-8.573919704879561e-07,0.9987486041084723,-0.04998743453101133
2026-09-30T01:27:00.179 -5.611444194017808,-0.05221982526989282,0.00887178696313698,0.0015752491335905491,-1.4430323212754446e-06,0.9987263093657807,-0.05043091877699408
2026-09-30T01:27:00.233 -5.61564440344944,-0.052648971988737546,0.008878442927500427,0.0015752351773449774,-8.476417767534734e-07,0.9987040740773199,-0.05086935280481878
2026-09-30T01:27:00.269 -5.619843689116166,-0.053084675206897296,0.008884978223056233,0.0015746563312078895,-2.950565336096084e-06,0.9986816008113919,-0.05130868006028271
2026-09-30T01:27:00.320 -5.624042378587573,-0.05352103406862884,0.008891601983162103,0.0015748370990825206,-8.652337988285222e-07,0.9986587692967684,-0.05175115838342616
2026-09-30T01:27:00.355 -5.628240471921724,-0.05396466468951812,0.00889822480204479,0.0015743568831584774,-1.6479463497570878e-06,0.9986358191048682,-0.05219216606386523
2026-09-30T01:27:00.404 -5.63243874378611,-0.054408354917270654,0.00890502671737182,0.0015745201129719734,-9.592576529448716e-07,0.9986125703686329,-0.05263511363382919
2026-09-30T01:27:00.445 -5.636636092169361,-0.05486038978371686,0.008911514249330302,0.0015743361159108584,-1.3805577154434436e-06,0.9985890238716828,-0.053079966718979195
2026-09-30T01:27:00.496 -5.640622082757143,-0.055289116573008085,0.00891784641168339,0.0015728173110956523,-1.2166116830893142e-06,0.998567743696508,-0.053478850895387155
2026-09-30T01:27:00.532 -5.64433135957095,-0.055691971462621635,0.008923666549047766,0.001573774056152216,-2.685527335999875e-06,0.9985496806109139,-0.05381504046129047
2026-09-30T01:27:00.582 -5.647904708079452,-0.0560808175493335,0.00892943567949827,0.0015739528749419973,-3.662268022870464e-07,0.998532691161614,-0.054129357596024046
2026-09-30T01:27:00.621 -5.651429181036776,-0.05646715962563337,0.008935023223708986,0.0015740161965839155,-1.6728498091516403e-06,0.9985161190962096,-0.054434202256106214
2026-09-30T01:27:00.670 -5.654935862250172,-0.056852845826862675,0.008940448526513548,0.0015738995900501747,-4.1705571200055863e-07,0.998499845241075,-0.05473190928019735
2026-09-30T01:27:00.707 -5.658436612002068,-0.057240856534480265,0.008946356190397816,0.0015739393775383481,-1.5752861081488931e-06,0.99848339243828,-0.05503124328323291
2026-09-30T01:27:00.770 -5.661935217178255,-0.05762988049418298,0.00895150050349152,0.0015735285584342403,-6.3467684869725e-07,0.9984647343786989,-0.05536874758875768
2026-09-30T01:27:00.805 -5.665434358281887,-0.05802414966932742,0.008956928787323288,0.0015724903989397265,-2.5653293804662612e-06,0.9984442884865417,-0.055736254412798995
2026-09-30T01:27:00.865 -5.6689337969629765,-0.05841824003423775,0.008962640664040893,0.0015730893470407524,-7.867023082328167e-07,0.9984243778172698,-0.05609177452608708
2026-09-30T01:27:00.916 -5.672433355170136,-0.05881709877227432,0.008968114311739868,0.0015724925436367502,-2.6413730367334897e-06,0.9984038719946525,-0.0564556077489994
2026-09-30T01:27:00.959 -5.675932376904348,-0.05921661315464679,0.008973602012517321,0.0015726886787143567,-7.493354682913543e-07,0.9983834251708903,-0.056816045214357215
2026-09-30T01:27:00.994 -5.679431428020651,-0.05962143235073805,0.008979313278421608,0.001572501634623312,-9.555359730793642e-07,0.9983626806084734,-0.057179412431045275
2026-09-30T01:27:01.049 -5.682930926666748,-0.060026191947870164,0.00898471232713166,0.0015723651976694356,-7.82643309982526e-07,0.9983415783534705,-0.057546681900645526
2026-09-30T01:27:01.084 -5.686430156925699,-0.06043482584352177,0.008990185458102587,0.0015723323768657511,-3.042701589008828e-06,0.998320476031486,-0.057911612806982295
2026-09-30T01:27:01.135 -5.689927688253905,-0.060844413392080646,0.008995775112494166,0.0015723413583202672,-7.95501713751292e-07,0.9982991948572265,-0.05827731367722464
2026-09-30T01:27:01.172 -5.693424444696732,-0.06125793483744157,0.009001348641250262,0.0015722748423684827,-2.8762717820065253e-06,0.9982800597553602,-0.058604182772067484
2026-09-30T01:27:01.225 -5.6967077576452825,-0.06164707529582861,0.00900648038007262,0.0015716801269833665,-3.696361520772124e-07,0.9982659920191934,-0.058843342863723745
2026-09-30T01:27:01.261 -5.699712538580795,-0.0620042045531948,0.009011335636824786,0.0015731287284148775,-5.5812304704574e-07,0.9982568107768758,-0.05899885594885114
2026-09-30T01:27:01.313 -5.702576951550208,-0.06234482155677049,0.009015596424147366,0.0015719145140009624,-1.202221722947808e-06,0.9982517448010412,-0.05908454184465223
2026-09-30T01:27:01.346 -5.705393382212542,-0.0626791794684689,0.00902022838050986,0.0015720086963772607,-1.882419440658648e-07,0.998249777563448,-0.059117767068367306
2026-09-30T01:27:01.399 -5.708191097271367,-0.06301198742379356,0.00902469663458045,0.0015723333677299023,-5.931487063838743e-07,0.9982494196408427,-0.0591238019257051
2026-09-30T01:27:01.453 -5.710984938400788,-0.06334366284213078,0.009028935245645449,0.001572239265082023,-5.260657634413885e-07,0.998248883216233,-0.059132860754072376
2026-09-30T01:27:01.488 -5.713776960573219,-0.063675695865331,0.009033811731540975,0.0015723698364257946,2.321678580503423e-08,0.9982501349439609,-0.059111722504602
2026-09-30T01:27:01.527 -5.7165693414879115,-0.0640071328467146,0.009037988429085859,0.0015723174893984447,-1.7292567765017147e-07,0.9982509099283733,-0.059098634881505144
2026-09-30T01:27:01.574 -5.719361513272033,-0.0643382718021877,0.00904249262187409,0.0015721892991425483,-5.616891693733527e-07,0.9982531752478915,-0.05906036173267713
2026-09-30T01:27:01.609 -5.722156367516477,-0.06466976841932873,0.009046837143009221,0.001572436382439718,-3.305503407296934e-07,0.9982548441607734,-0.05903214000241148
2026-09-30T01:27:01.662 -5.724739089465149,-0.06497563236845146,0.009050816453026418,0.001570852772757403,-4.880925165225789e-07,0.9982585412953596,-0.05896962906606173
2026-09-30T01:27:01.697 -5.727049954835183,-0.06524906796805505,0.009054708649636997,0.0015720833835054149,2.0137342778319139e-07,0.99826253426085,-0.05890196299700219
2026-09-30T01:27:01.748 -5.7292239689375775,-0.06550557412563271,0.009057997035841456,0.0015720375792990587,-4.532353298262432e-07,0.9982683165668829,-0.05880388453466051
2026-09-30T01:27:01.781 -5.731351431920576,-0.06575623844193602,0.009061226719809815,0.0015720799637611094,-4.1932766379882764e-07,0.9982727277501847,-0.05872895022573956
2026-09-30T01:27:01.838 -5.733462205012535,-0.06600493559476832,0.009064832346753279,0.0015731125534095016,6.501411084156527e-08,0.9982782111502474,-0.05863564154635129
2026-09-30T01:27:01.881 -5.735568955587749,-0.06625250020878633,0.00906793987452178,0.0015733181826264678,-3.1153674548448405e-07,0.9982828606501478,-0.05855642408785714
2026-09-30T01:27:01.927 -5.737672427546642,-0.06649911110717072,0.00907128063714614,0.0015735160788032925,-3.3078521789686726e-07,0.9982888216003661,-0.05845470652387991
2026-09-30T01:27:01.964 -5.739775929410316,-0.06674506635484878,0.009074561842213618,0.0015728767663187768,-4.47397775715626e-07,0.9982937698251005,-0.058370156645899916
2026-09-30T01:27:02.016 -5.7418800865162325,-0.0669916176571828,0.009078097403456093,0.0015741047309784464,6.287192560894848e-08,0.9983003856851165,-0.05825686341745394
2026-09-30T01:27:02.052 -5.743985495922141,-0.06723697688244873,0.00908126241500582,0.0015734782708830587,-2.5278969226049987e-07,0.9983067049569317,-0.05814849098730628
2026-09-30T01:27:02.116 -5.745878981332984,-0.06745741869802453,0.009084256260252391,0.0015722968793048066,-4.014546494230594e-07,0.9983096268351249,-0.058098337761727264
2026-09-30T01:27:02.152 -5.747342182043863,-0.06762844284575566,0.009086525066340738,0.0015719175984694074,-4.814903532553696e-07,0.9983099251905005,-0.05809322112750452
2026-09-30T01:27:02.202 -5.748297105694147,-0.0677400943680416,0.00908788591238512,0.0015720819917257763,-8.53788016876558e-07,0.9983100442828096,-0.05809117008235646
2026-09-30T01:27:02.240 -5.748758682718912,-0.06779356554570254,0.009088675330009814,0.0015723162011229293,-7.173134212761828e-07,0.9983116535977367,-0.058063500688487514
2026-09-30T01:27:02.293 -5.748931416249234,-0.06781383329963414,0.009089112357061259,0.001572470036221224,-5.231740734441615e-07,0.9983115342538873,-0.05806554842039365
2026-09-30T01:27:02.331 -5.749003597517371,-0.06782194044011831,0.00908907747312607,0.0015724220190041673,-7.50728402475403e-07,0.9983112362362888,-0.058070673259429426
2026-09-30T01:27:02.385 -5.7490402246800585,-0.0678265304589281,0.009089001274847278,0.0015725150634909395,-7.642026174689163e-07,0.9983113553849706,-0.058068622380887086
2026-09-30T01:27:02.420 -5.749064453526387,-0.0678292725775927,0.009089278002648598,0.0015727623742870008,-9.123486510157976e-07,0.9983112955783774,-0.058069643862378
2026-09-30T01:27:02.471 -5.749084123243163,-0.06783141859247295,0.009089160091189347,0.0015726454665732112,-8.435633409609957e-07,0.9983112956707832,-0.05806964544103022
2026-09-30T01:27:02.510 -5.749102153596402,-0.0678337434006234,0.0090891885995504,0.001572676231340763,-7.495391440735822e-07,0.9983112956464566,-0.0580696450273547
2026-09-30T01:27:02.564 -5.749119826427717,-0.06783517413461067,0.00908915693774739,0.0015725957016146188,-7.977137729566751e-07,0.9983112957101169,-0.05806964611318481
2026-09-30T01:27:02.600 -5.7491371115308425,-0.06783785656122752,0.009089303477291748,0.0015727278829098512,-8.126411273488693e-07,0.9983111763834038,-0.05807169391648869
2026-09-30T01:27:02.654 -5.749154635390347,-0.06783988333979189,0.009089241777697946,0.0015726459550737875,-9.110660264097685e-07,0.9983112956704031,-0.05806964543331832
2026-09-30T01:27:02.691 -5.749171920479668,-0.06784179090602399,0.009089403218258131,0.0015726781426242513,-7.573752326857386e-07,0.9983111764227173,-0.05807169458847096
2026-09-30T01:27:02.741 -5.749189265476842,-0.06784393689162116,0.009089371038245189,0.001572716530856046,-8.753658570430221e-07,0.9983111763923828,-0.05807169406866195
2026-09-30T01:27:02.791 -5.7492064316131835,-0.06784608287496156,0.009089368377793604,0.0015726957291242356,-7.583014568263773e-07,0.9983111764088156,-0.058071694351165146
2026-09-30T01:27:02.833 -5.749223806277284,-0.06784775202375937,0.009089425651678706,0.0015727030593063439,-8.940316066020124e-07,0.9983111764030334,-0.05807169425012469
2026-09-30T01:27:02.866 -5.7492410916235155,-0.06784983840395585,0.00908942317969989,0.0015726714101102286,-7.945266461493875e-07,0.9983111764280423,-0.05807169467875843
2026-09-30T01:27:02.920 -5.749258645213875,-0.067851924787532,0.009089406230664171,0.0015727569497153628,-8.274311491878085e-07,0.9983124878049752,-0.05804914407236489
2026-09-30T01:27:02.961 -5.749275930468868,-0.06785377274913848,0.009089463363216631,0.001572759947078972,-9.202251175506423e-07,0.9983124281914968,-0.05805016919613289
2026-09-30T01:27:03.008 -5.7492935136031,-0.067855799528415,0.009089610373860042,0.0015727145446320363,-1.0370129843840622e-06,0.9983121897829295,-0.05805427028822143
2026-09-30T01:27:03.048 -5.749310650223633,-0.06785764748818915,0.009089428852528265,0.0015726921613491525,-9.506210830776754e-07,0.9983127263006678,-0.05804504410016455
2026-09-30T01:27:03.100 -5.7493282037182505,-0.0678598530810439,0.009089471508082318,0.0015727228109378914,-8.367874441124639e-07,0.9983123686097277,-0.05805119484640229
2026-09-30T01:27:03.140 -5.74934554843345,-0.06786193946196348,0.009089618141770442,0.0015726743418523104,-7.663891643719878e-07,0.9983122494258014,-0.05805324574236509
2026-09-30T01:27:03.193 -5.749362655085274,-0.06786390663063283,0.00908954088133551,0.0015727580758028612,-8.61011823813736e-07,0.9983126070263221,-0.05804709367058866
2026-09-30T01:27:03.229 -5.749380059361676,-0.06786569498907351,0.009089717411501283,0.0015727966691354161,-9.360624512648941e-07,0.9983122493291204,-0.05805324408845351
2026-09-30T01:27:03.281 -5.749397166055368,-0.06786807939026171,0.00908961034884946,0.0015726502558260423,-8.689413510120025e-07,0.9983124282781999,-0.05805017067762997
2026-09-30T01:27:03.321 -5.7494145705445625,-0.06786980814408222,0.009089652768722372,0.001572750414855208,-8.305452498407434e-07,0.998312547421258,-0.058048118976599776
2026-09-30T01:27:03.372 -5.749431945039238,-0.06787183492072953,0.009089814350663944,0.0015727815702405005,-1.0477452900887052e-06,0.9983121301188325,-0.05805529445824856
2026-09-30T01:27:03.408 -5.749449260440165,-0.06787445774313423,0.009089648013325253,0.0015727329374244392,-7.038637807118793e-07,0.9983124878239452,-0.058049144398323343
2026-09-30T01:27:03.470 -5.749466724415379,-0.0678762461023363,0.009089765033162011,0.0015727693047878817,-1.0985239165425823e-06,0.9983123089618818,-0.05805221934348036
2026-09-30T01:27:03.504 -5.7494841884096495,-0.06787839208940968,0.009089867151914701,0.0015727604582226756,-8.384858621751559e-07,0.9983121301355028,-0.05805529474693286
2026-09-30T01:27:03.555 -5.749501295114598,-0.06787988242092634,0.009089760089116638,0.0015726171689376572,-9.347325550225029e-07,0.9983125475265938,-0.05804812077344926
2026-09-30T01:27:03.594 -5.749518699524858,-0.06788226682583112,0.009089847212524494,0.0015727476194533445,-9.237765364378077e-07,0.9983121897567752,-0.05805426984387018
2026-09-30T01:27:03.644 -5.7495356272960425,-0.06788393596901714,0.009089814372744745,0.0015727086328289834,-8.505958886449594e-07,0.9983123090098196,-0.05805222016697938
2026-09-30T01:27:03.682 -5.749552972104733,-0.0678860819545924,0.009089901401872345,0.0015727599123591853,-8.762735409857054e-07,0.9983124281915204,-0.05805016919734721
2026-09-30T01:27:03.738 -5.749570406391711,-0.06788816833665677,0.009089943868924382,0.0015727118547294696,-8.249054436732909e-07,0.9983120705628048,-0.05805632045993901
2026-09-30T01:27:03.776 -5.749587512969102,-0.06789043352854175,0.009089911311965902,0.0015726339346090964,-8.270592730999288e-07,0.9983124282910976,-0.058050170898593226
2026-09-30T01:27:03.830 -5.749604947305452,-0.06789234109667729,0.009089923976703553,0.0015727209436205878,-8.707271312383609e-07,0.9983121897778569,-0.05805427020483202
2026-09-30T01:27:03.868 -5.749622441151379,-0.06789430827019705,0.009089996340262486,0.0015726521463708437,-9.495049285610259e-07,0.9983120706100131,-0.05805632126369278
2026-09-30T01:27:03.920 -5.749639696766008,-0.06789639465002653,0.009089949117735335,0.0015727202566182508,-8.730756065826138e-07,0.9983124282228668,-0.0580501697327037
2026-09-30T01:27:03.957 -5.749657101205081,-0.06789836182242066,0.009090021339932381,0.0015726870983750114,-8.730994466577694e-07,0.998312070582378,-0.058056320793289574
2026-09-30T01:27:04.006 -5.749674445921782,-0.06790032899405071,0.009090167973601007,0.001572735927103772,-8.35680843715737e-07,0.9983120109326612,-0.05805734517347171
2026-09-30T01:27:04.043 -5.749691671873986,-0.06790253458281091,0.009090031297117319,0.0015727359533252304,-8.940718168174722e-07,0.998312368599344,-0.058051194668062224
2026-09-30T01:27:04.096 -5.7497091059975425,-0.0679045017555666,0.009090178072147834,0.0015727789507776469,-9.940517195515002e-07,0.9983120108986661,-0.05805734459003209
2026-09-30T01:27:04.143 -5.749726659474603,-0.06790623051126046,0.00909023562876646,0.0015727161690574452,-8.805482377308376e-07,0.9983119513371671,-0.058058370459857275
2026-09-30T01:27:04.185 -5.7497437959029005,-0.06790837649423659,0.009090173316623972,0.0015727293835332667,-7.216883550751911e-07,0.9983123089934055,-0.05805221988882613
2026-09-30T01:27:04.223 -5.749761021481891,-0.0679102840597292,0.009090275058372628,0.0015727063665209873,-8.903271660041066e-07,0.9983119513449166,-0.05805837059199192
2026-09-30T01:27:04.274 -5.749778277094269,-0.067912549253493,0.009090227835874726,0.0015726756140987527,-7.999572487129036e-07,0.9983120705914497,-0.05805632094944817
2026-09-30T01:27:04.307 -5.749795711211071,-0.0679150528680516,0.009090374610992984,0.001572024008412352,-6.822656498828496e-07,0.9983095674397338,-0.058099365730988645
2026-09-30T01:27:04.360 -5.7498139798868495,-0.06791749688848238,0.009090463100908846,0.0015727138022167985,-3.2377273131923804e-07,0.9983087919500039,-0.058112670619372836
2026-09-30T01:27:04.392 -5.74983200996562,-0.06791916604550755,0.009090670422873476,0.0015727580799435382,-3.6087733968550437e-07,0.9983092688038899,-0.05810447704036842
2026-09-30T01:27:04.443 -5.749850100088351,-0.06792149085442757,0.009090594717477814,0.0015727118967441328,-4.107089871629312e-07,0.9983087323404077,-0.05811369468558611
2026-09-30T01:27:04.480 -5.749868398735837,-0.06792357724738407,0.009090578946457832,0.0015727008822731163,-4.321057163211384e-07,0.9983088515713361,-0.05811164673340982
2026-09-30T01:27:04.530 -5.74988690594995,-0.0679258424568959,0.00909059330759664,0.0015727518026196088,-3.6169411199458613e-07,0.9983090899755199,-0.05810754962899271
2026-09-30T01:27:04.566 -5.749905115167022,-0.06792792884872402,0.009090592296357338,0.0015726867838156775,-5.045637621506711e-07,0.9983088515824866,-0.058111646922817645
2026-09-30T01:27:04.630 -5.749923503105815,-0.06792983642885818,0.009090651172382839,0.0015726431792171549,-4.938115608824923e-07,0.9983088516169538,-0.05811164751085728
2026-09-30T01:27:04.675 -5.749942010413417,-0.06793216124302573,0.009090605928961123,0.001572704593010539,-4.553101730430316e-07,0.9983089707906251,-0.05810959851021937
2026-09-30T01:27:04.723 -5.749960428079311,-0.06793442645139552,0.009090709555593452,0.0015726748196864327,-3.234718118941999e-07,0.9983088515919282,-0.05811164708569653
2026-09-30T01:27:04.757 -5.749978547796037,-0.06793645323744231,0.009090768007552786,0.0015727809474960636,-4.491052925557818e-07,0.9983087322858285,-0.058113693754153026
2026-09-30T01:27:04.819 -5.749996786791833,-0.0679385396296429,0.009090781944576682,0.001572734693249733,-5.186582404641501e-07,0.9983088515446169,-0.058111646276660524
2026-09-30T01:27:04.851 -5.750015085366389,-0.06794080483652551,0.009090810877013652,0.0015727057634072482,-3.992481323140359e-07,0.998308732345255,-0.05811369476838226
2026-09-30T01:27:04.903 -5.750033383965255,-0.06794301043876608,0.009090824908298305,0.0015727748044736375,-4.6763607843240453e-07,0.998308732290686,-0.05811369383681596
2026-09-30T01:27:04.939 -5.750051861522196,-0.06794497762469526,0.00909074981541233,0.0015726667134221591,-4.353985218152112e-07,0.9983088515983457,-0.05811164719409818
2026-09-30T01:27:04.995 -5.750070070596404,-0.06794718322579651,0.009090838211047935,0.0015727210616754846,-4.383179132350554e-07,0.9983087323331655,-0.05811369456176649
2026-09-30T01:27:05.032 -5.750088398809825,-0.06794932922374565,0.009090971498584012,0.001572721064303741,-4.3243605292937185e-07,0.9983087323331629,-0.05811369456178377
2026-09-30T01:27:05.083 -5.75010669745431,-0.06795165403528124,0.00909095572760303,0.0015727206330921287,-4.800194097224668e-07,0.9983087323335079,-0.05811369456715371
2026-09-30T01:27:05.124 -5.750124966230332,-0.06795362121856478,0.009090984612870624,0.0015727568227707504,-4.252893323701763e-07,0.9983086130826769,-0.05811574210777781
2026-09-30T01:27:05.178 -5.750143503343972,-0.06795564800988368,0.009090939416520793,0.001572631310439651,-5.24880719067776e-07,0.9983087324041187,-0.05811369577103216
2026-09-30T01:27:05.218 -5.750161906084413,-0.06795797282270791,0.009091057920745126,0.0015726515864839439,-4.6891492104672916e-07,0.9983086131658668,-0.05811574352627436
2026-09-30T01:27:05.270 -5.750180294114445,-0.06796011882143208,0.009091057192239349,0.001572775579099366,-5.760120242824559e-07,0.9983086726789734,-0.058114717848343045
2026-09-30T01:27:05.310 -5.750198607735258,-0.06796208600529484,0.009090996741332479,0.0015727134904645573,-4.537047924272488e-07,0.998308672728042,-0.05811471868680574
2026-09-30T01:27:05.362 -5.750217129665781,-0.06796405319174857,0.009091130335123402,0.001572692864771583,-4.427803219840186e-07,0.9983086727443449,-0.058114718965006286
2026-09-30T01:27:05.398 -5.7502355028631005,-0.06796637800422765,0.009091084879658854,0.0015726740408155337,-3.9506699364437963e-07,0.9983085535370013,-0.058116767211068614
2026-09-30T01:27:05.467 -5.750254054758581,-0.06796852400501004,0.009091114212601677,0.0015726775199357643,-5.257012696269087e-07,0.9983086727564817,-0.05811471917108428
2026-09-30T01:27:05.516 -5.75027226383204,-0.06797078921075607,0.009091202608247032,0.0015727212756689092,-5.445751345660805e-07,0.9983085534996767,-0.0581167665727876
2026-09-30T01:27:05.569 -5.750290681642297,-0.06797281600056318,0.009091216827984956,0.0015726895316348266,-3.4229246450267395e-07,0.9983085535247518,-0.058116767002629424
2026-09-30T01:27:05.607 -5.750308995190927,-0.06797490239370729,0.00909120108052529,0.001572709455757798,-5.439725093885113e-07,0.9983085535090198,-0.05811676673216095
2026-09-30T01:27:05.655 -5.75032745765299,-0.06797728681194037,0.009091245173287788,0.0015726894855775978,-4.2807536166054415e-07,0.9983085535247955,-0.058116767002554276
2026-09-30T01:27:05.689 -5.75034571157499,-0.06797925399504177,0.009091244232709931,0.0015726885421963805,-4.88947673225894e-07,0.998308434303328,-0.058118814934135836
2026-09-30T01:27:05.745 -5.750364352878076,-0.06798134039230504,0.009091273707004894,0.0015727279263922818,-5.489800675714642e-07,0.9983085534944199,-0.05811676648306739
2026-09-30T01:27:05.784 -5.750382666307404,-0.06798354599472502,0.009091332465277565,0.001572705247410932,-5.147712520028458e-07,0.9983084342901253,-0.05811881470865252
2026-09-30T01:27:05.835 -5.750401113916945,-0.06798581120348643,0.009091346732175116,0.0015726517242350435,-5.021589606752155e-07,0.9983084939435418,-0.058117791479715034
2026-09-30T01:27:05.869 -5.75041953165352,-0.06798807641186443,0.00909140565537974,0.0015726672023131019,-4.818484520236986e-07,0.9983084939313052,-0.05811779127124615
2026-09-30T01:27:05.920 -5.750437755675993,-0.06799028201315875,0.009091464272290524,0.0015726283604391115,-2.650847873278274e-07,0.9983083747397712,-0.05811983967980769
2026-09-30T01:27:05.955 -5.750456143638346,-0.06799218959329564,0.009091508247173457,0.0015726871216652908,-5.358268196653208e-07,0.9983083746933457,-0.058119838885365434
2026-09-30T01:27:06.009 -5.750474531760368,-0.06799451440596507,0.009091447914126655,0.0015726200110916361,-3.45900722092153e-07,0.9983083747463779,-0.058119839791816924
2026-09-30T01:27:06.049 -5.750492934693044,-0.0679965411955873,0.009091447209161696,0.001572637395511886,-4.294512800976466e-07,0.9983084343437525,-0.05811881562423109
2026-09-30T01:27:06.099 -5.7505110692144195,-0.06799874679574507,0.009091565289280866,0.0015727218326460114,-5.319371996687066e-07,0.9983083150547982,-0.05812086233190117
2026-09-30T01:27:06.135 -5.750529412448284,-0.06800077358460595,0.00909162409464492,0.001572707994926588,-3.7559810968104506e-07,0.9983083150657232,-0.05812086251991462
2026-09-30T01:27:06.200 -5.750547830281351,-0.06800285997906055,0.009091623413250025,0.0015727246303441752,-5.648457701636452e-07,0.9983083150525898,-0.05812086229382263
2026-09-30T01:27:06.241 -5.750566248088608,-0.06800512518744675,0.009091637633026943,0.001572719974855766,-5.342774387652924e-07,0.9983083150562672,-0.05812086235692299
2026-09-30T01:27:06.295 -5.750584502058479,-0.06800703276590887,0.009091606890154202,0.0015726877867144548,-4.7249872773577635e-07,0.9983083150817054,-0.05812086279150378
2026-09-30T01:27:06.328 -5.750602934580647,-0.06800911916052649,0.009091740342602735,0.0015726854171877755,-3.554938385410684e-07,0.9983083150835683,-0.05812086282445625
2026-09-30T01:27:06.379 -5.750621188425213,-0.06801162278542261,0.009091784105540325,0.00157271703092459,-2.7787869724501104e-07,0.9983082554474629,-0.05812188629515268
2026-09-30T01:27:06.414 -5.750639546606591,-0.06801370917912133,0.009091813132189309,0.0015727074275143627,-3.7286120086236263e-07,0.9983081958439535,-0.058122910302212234
2026-09-30T01:27:06.473 -5.75065786015597,-0.06801573596762067,0.009091797384719894,0.001572727979833026,-4.5062403434005484e-07,0.9983081958277144,-0.058122910024468705
2026-09-30T01:27:06.509 -5.75067639726886,-0.06801782236358435,0.00909175218837981,0.0015726835717823867,-5.359735928009283e-07,0.9983082554739338,-0.05812188674403954
2026-09-30T01:27:06.560 -5.750694740499722,-0.06802008757102432,0.009091810993782862,0.0015726644035283272,-5.106915311544042e-07,0.9983082554890834,-0.05812188700271246
2026-09-30T01:27:06.600 -5.750713009205064,-0.06802205475429965,0.009091884582478161,0.0015726777489120589,-4.2893284439583486e-07,0.9983081362563097,-0.058123934561999796
2026-09-30T01:27:06.648 -5.750731546221461,-0.0680243199641867,0.009091898990737599,0.0015727665197700672,-5.465748426075175e-07,0.9983086726861319,-0.05811471797083041
2026-09-30T01:27:06.682 -5.750750202377068,-0.06802652557092163,0.00909195829089751,0.0015727995289594435,-4.928992109003374e-07,0.9983084342155967,-0.05811881343766849
2026-09-30T01:27:06.739 -5.750768277504415,-0.06802885037964311,0.009091942166511805,0.0015727153782672777,-4.1215708497444017e-07,0.9983085535043269,-0.0581167666535896
2026-09-30T01:27:06.775 -5.750786650542815,-0.0680306983549449,0.00909200101896724,0.001572846261237465,-6.285772755354774e-07,0.9983087918453255,-0.05811266883021341
2026-09-30T01:27:06.828 -5.750805008723442,-0.0680328443532884,0.009092030045625973,0.001572740489749266,-4.7561716096779093e-07,0.9983085534844824,-0.05811676631442869
2026-09-30T01:27:06.876 -5.750823411651615,-0.06803522877077925,0.009092029340719508,0.0015727396633857832,-3.244279519144931e-07,0.9983086130962322,-0.05811574233995116
2026-09-30T01:27:06.913 -5.7508418143980595,-0.06803707674644531,0.009092147844865846,0.001572789991029786,-3.7668587066939565e-07,0.9983086130564542,-0.058115741660939475
2026-09-30T01:27:06.951 -5.750859978954321,-0.06803952076558471,0.009092116960718958,0.001572785791593267,-4.804922647852614e-07,0.9983084938375639,-0.05811778967233469
2026-09-30T01:27:07.004 -5.750878471363784,-0.06804160716098556,0.009092071693697931,0.0015727194642815327,-3.8045780869811174e-07,0.9983086131122038,-0.058115742611880454
2026-09-30T01:27:07.043 -5.750896740024255,-0.06804339553032113,0.00909217508464912,0.0015727316334607114,-3.8540242211216796e-07,0.9983084938803658,-0.058117790403422624
2026-09-30T01:27:07.092 -5.750915217550882,-0.06804589915805051,0.009092114892993457,0.0015727592148482169,-4.807607647416912e-07,0.9983085534696813,-0.05811676606189837
2026-09-30T01:27:07.128 -5.750933426535352,-0.0680477471312722,0.009092262893140838,0.0015727732713241708,-3.90011167097384e-07,0.9983084342363435,-0.058118813792652775
2026-09-30T01:27:07.182 -5.7509518741456445,-0.06804995273538883,0.009092277160028639,0.00157278269662803,-4.2791704649118854e-07,0.9983084938400058,-0.058117789714556264
2026-09-30T01:27:07.219 -5.750970142966536,-0.06805209873261216,0.009092276243040346,0.0015727834150135829,-3.7590205033566126e-07,0.9983084938394333,-0.05811778970530689
2026-09-30T01:27:07.270 -5.750988456607156,-0.0680543639397015,0.009092200891039653,0.0015727004161021788,-4.22864755338895e-07,0.9983084939050455,-0.05811779082400021
2026-09-30T01:27:07.307 -5.751006799906448,-0.06805680796108399,0.009092214993044249,0.0015727592211045862,-5.295222003544624e-07,0.9983084938585713,-0.05811779003010317
2026-09-30T01:27:07.358 -5.751025083422443,-0.06805847712131215,0.009092348209821388,0.001572731265062007,-3.9198539119868123e-07,0.9983083746584391,-0.058119838291582196
2026-09-30T01:27:07.394 -5.751043635314921,-0.0680608615406736,0.009092377542803209,0.001572845004906048,-4.7188553473224825e-07,0.9983084341796477,-0.05811881282466383
2026-09-30T01:27:07.444 -5.751062112610447,-0.06806300754050702,0.00909246636251473,0.0015727027240432095,-4.5696880721122626e-07,0.9983081958476787,-0.058122910364895426
2026-09-30T01:27:07.479 -5.751080381690501,-0.06806515353776042,0.009092301532958187,0.0015727402423475077,-3.6440719063352664e-07,0.9983084342624498,-0.05811881423819228
2026-09-30T01:27:07.542 -5.751098814024187,-0.06806723993235617,0.009092554194547265,0.0015727553382303594,-5.543810724934131e-07,0.9983081958060973,-0.05812290965457214
2026-09-30T01:27:07.577 -5.75111714256595,-0.06806950513963313,0.009092478866106887,0.0015728090764867706,-4.809693170852005e-07,0.9983083745969396,-0.05811983724163775
2026-09-30T01:27:07.631 -5.751135411293352,-0.06807159153220074,0.009092537553679116,0.0015727399498009131,-4.32282122395466e-07,0.9983083746515777,-0.05811983817414382
2026-09-30T01:27:07.667 -5.751153754688385,-0.06807391634430461,0.00909249205109394,0.0015726713944754802,-3.988736110649469e-07,0.9983082554835476,-0.058121886909509854
2026-09-30T01:27:07.717 -5.75117227661966,-0.06807582392611357,0.009092625644875113,0.0015728102384554858,-3.142888806134886e-07,0.9983082553737885,-0.05812188503823602
2026-09-30T01:27:07.753 -5.7511903963561934,-0.06807814873538692,0.009092669195740625,0.0015727623866805978,-4.6814770491772383e-07,0.9983082554116272,-0.05812188568215433
2026-09-30T01:27:07.806 -5.7512088739602545,-0.06808011592132156,0.009092564300569513,0.0015727286413054669,-4.488849578517889e-07,0.9983083150494091,-0.058120862240930354
2026-09-30T01:27:07.842 -5.751227425667253,-0.06808226192208208,0.00909271284265288,0.0015728829625981072,-3.0483908393760785e-07,0.9983081957051928,-0.05812290793599282
2026-09-30T01:27:07.893 -5.75124591793235,-0.06808458673604562,0.00909275698252626,0.0015726536277344404,-4.1052029652596703e-07,0.9983080766642666,-0.05812495872937677
2026-09-30T01:27:07.933 -5.751264008011712,-0.06808661352173631,0.009092711079366987,0.001572778088239209,-3.272466726319778e-07,0.9983081957880946,-0.05812290934990907
2026-09-30T01:27:07.983 -5.7512821128029845,-0.06808869991223751,0.009092784408918322,0.00157276819581065,-4.429127919190336e-07,0.9983081957959241,-0.05812290948234491
2026-09-30T01:27:08.021 -5.751300426277933,-0.06809102472395251,0.009092813364925357,0.0015727987870925361,-4.126362093951898e-07,0.9983080765495227,-0.05812495677243433
2026-09-30T01:27:08.078 -5.751318844134561,-0.06809311111840985,0.009092797782387894,0.0015727959076315761,-3.5193557040756646e-07,0.998308195774011,-0.05812290910947399
2026-09-30T01:27:08.111 -5.751337113099066,-0.06809507830171527,0.009092707458514943,0.0015727351041296717,-5.194688602204415e-07,0.9983081958220889,-0.058122909927743105
2026-09-30T01:27:08.162 -5.751355739191723,-0.06809740311733445,0.009092930624141973,0.001572606343418288,-5.789880676733419e-07,0.9983080170905495,-0.05812598318900796
2026-09-30T01:27:08.209 -5.7513740379113925,-0.06809937030100961,0.00909287014967479,0.0015727810343816083,-4.787591835193395e-07,0.9983081361746702,-0.05812393316909254
2026-09-30T01:27:08.252 -5.751392530269231,-0.06810181432427362,0.009092854684997393,0.001572621041344773,-5.277027514979139e-07,0.9983080170789268,-0.058125982991458824
2026-09-30T01:27:08.294 -5.751410769198849,-0.0681035430885974,0.009092913325390499,0.0015727258764482888,-4.078912329547652e-07,0.9983081362182645,-0.05812393391337374
2026-09-30T01:27:08.348 -5.751429067747594,-0.06810598710941158,0.009092957158999286,0.001572748134280789,-5.409585084974053e-07,0.9983081362006819,-0.058123933612017106
2026-09-30T01:27:08.392 -5.751447321434741,-0.06810789468784087,0.009093105229837362,0.0015727952137904624,-4.136986831954625e-07,0.9983079573301306,-0.058127004450484084
2026-09-30T01:27:08.435 -5.751465500920959,-0.06810992147465722,0.009093059468039977,0.0015727369192945098,-4.740486604192252e-07,0.9983080169873241,-0.058125981429947265
2026-09-30T01:27:08.473 -5.7514838293426696,-0.06811236549585482,0.00909305864534169,0.0015727534924585634,-4.4753838915074516e-07,0.9983080169742213,-0.058125981206768956
2026-09-30T01:27:08.523 -5.751502261908205,-0.06811474991370176,0.00909316229555383,0.0015728964585180738,-4.335752246524395e-07,0.9983079572501015,-0.058127003085247375
2026-09-30T01:27:08.561 -5.751520694551926,-0.06811653828510919,0.009093221242240776,0.0015728635271027153,-4.091388267327168e-07,0.9983079572761306,-0.058127003529487915
2026-09-30T01:27:08.613 -5.7515391720366855,-0.0681186246803197,0.009093190852802004,0.001572840393954422,-5.074404954093352e-07,0.9983079572944253,-0.05812700384046827
2026-09-30T01:27:08.653 -5.751557440808205,-0.06812094949147188,0.009093219738128095,0.0015727658698529697,-3.7955848917903684e-07,0.9983079573533232,-0.05812700484637348
2026-09-30T01:27:08.707 -5.751575754426765,-0.06812309548926895,0.009093159287250473,0.0015728048018788167,-4.98536007911567e-07,0.998307957322559,-0.058127004320425245
2026-09-30T01:27:08.744 -5.751594097518518,-0.0681251818827582,0.009093307499479685,0.0015728286592131438,-5.155153719247548e-07,0.9983078976925936,-0.05812802778640594
2026-09-30T01:27:08.793 -5.75161242599185,-0.06812726827609265,0.009093276874437764,0.0015727998389951528,-4.96344289408512e-07,0.9983078977153733,-0.05812802817515645
2026-09-30T01:27:08.828 -5.751630724518535,-0.06812959308761456,0.00909333560916962,0.0015727270927788299,-3.4169602278097244e-07,0.9983078977728637,-0.058128029157203796
2026-09-30T01:27:08.895 -5.751649023192585,-0.0681314410619947,0.009093304936968074,0.0015727990641286054,-4.6124648046979403e-07,0.9983078977159828,-0.05812802818594442
2026-09-30T01:27:08.934 -5.751667634596142,-0.0681337658774509,0.009093393968751674,0.0015726235147259977,-4.446438311265625e-07,0.9983076594103159,-0.05813212552264212
2026-09-30T01:27:08.982 -5.751686022555494,-0.06813591187616687,0.009093437943673604,0.0015727660569030096,-3.7715217119712685e-07,0.9983078977420669,-0.05812802863166214
2026-09-30T01:27:09.019 -5.75170426155129,-0.06813799826836746,0.0090934518806975,0.0015727669254522257,-4.6269817897974484e-07,0.9983078977413876,-0.058128028619207434
2026-09-30T01:27:09.071 -5.751722455795789,-0.06814014426464456,0.009093495549335338,0.0015727640288691576,-4.625785965905416e-07,0.9983077189103532,-0.058131099913066864
2026-09-30T01:27:09.104 -5.751740799335186,-0.06814223065818574,0.009093360639855755,0.0015727460780576344,-4.6915195611861144e-07,0.9983078381467592,-0.058129052669881984
2026-09-30T01:27:09.159 -5.751759306216452,-0.06814473428623839,0.009093583617029513,0.0015727218934731644,-3.9588892062303983e-07,0.9983075997214387,-0.058133147894374154
2026-09-30T01:27:09.198 -5.751777500605313,-0.06814664186395279,0.009093537878772946,0.0015726957303913525,-4.1409695885124647e-07,0.9983078381865527,-0.05812905334907781
2026-09-30T01:27:09.249 -5.751795694941801,-0.06814896667417512,0.009093521942869756,0.0015727423116564001,-4.2179007072251117e-07,0.9983077189275165,-0.058131100206191465
2026-09-30T01:27:09.289 -5.751814202134605,-0.06815105306974992,0.009093551205121888,0.0015727282097933184,-3.84662249011146e-07,0.9983077189386602,-0.058131100396597024
2026-09-30T01:27:09.338 -5.751832798661329,-0.06815331828037646,0.009093625312192858,0.0015727160980693983,-5.001614929803989e-07,0.9983075997260287,-0.05813314797153228
2026-09-30T01:27:09.379 -5.751850903499723,-0.06815540467088313,0.009093668839459057,0.0015728247211250655,-4.5078403070059395e-07,0.9983077188623769,-0.05813109909498678
2026-09-30T01:27:09.432 -5.75186914242709,-0.06815731224914122,0.00909372747988141,0.0015727685974570459,-3.0193958053784583e-07,0.9983075996845123,-0.05813314726552465
2026-09-30T01:27:09.470 -5.751887724287526,-0.06815963706425228,0.009093652551976132,0.0015727990170801218,-2.9908073413590746e-07,0.9983075996604663,-0.058133146855477616
2026-09-30T01:27:09.523 -5.7519062165313155,-0.06816178306427877,0.00909371159296283,0.0015727135339939887,-2.560932229914936e-07,0.998307659339142,-0.05813212431072902
2026-09-30T01:27:09.564 -5.751924708843533,-0.06816410787824775,0.009093725930551076,0.0015727399065033193,-3.450294564313487e-07,0.9983076593183031,-0.05813212395464664
2026-09-30T01:27:09.608 -5.751943141482752,-0.06816625387752383,0.009093784877296517,0.0015727759920151755,-3.6653379251115615e-07,0.9983075400675652,-0.05813417084461901
2026-09-30T01:27:09.647 -5.751961693428354,-0.06816816145973259,0.009093784407915206,0.00157281930056674,-3.32566564496962e-07,0.9983075400333281,-0.05813417026106096
2026-09-30T01:27:09.700 -5.751980394216708,-0.06817036706702216,0.009093888482183766,0.0015725914750458932,-5.570577690714814e-07,0.9983074209912218,-0.05813622063393735
2026-09-30T01:27:09.733 -5.751998752582815,-0.06817275148396659,0.00909379829974095,0.0015727926241190487,-3.3051354151121757e-07,0.9983075996655226,-0.058133146941441116
2026-09-30T01:27:09.785 -5.752017185250847,-0.068174480250732,0.009093842345275577,0.0015726455891875645,-5.643385167082455e-07,0.998307659392877,-0.05813212522390577
2026-09-30T01:27:09.821 -5.752035379446724,-0.06817674545629315,0.009093915816218049,0.001572724980737621,-4.7468907112731015e-07,0.9983074208856826,-0.05813621883547582
2026-09-30T01:27:09.871 -5.752053663069264,-0.06817930868620654,0.009093974527428588,0.001572769092809316,-4.4586914512500393e-07,0.9983074804619183,-0.05813519459809806
2026-09-30T01:27:09.912 -5.752072125608011,-0.06818121626728968,0.009093973916685389,0.0015727486829471265,-4.983277375601656e-07,0.9983075400891637,-0.05813417121156049
2026-09-30T01:27:09.963 -5.752090185647984,-0.06818336226186734,0.009094076977850666,0.0015728059901913317,-3.705177145895526e-07,0.998307361210531,-0.058137241369423866
2026-09-30T01:27:09.998 -5.75210863342545,-0.06818538905206882,0.009093986936711242,0.001572702280014302,-4.3130954558263464e-07,0.9983074805147305,-0.05813519549879999
2026-09-30T01:27:10.053 -5.7521271404966985,-0.0681877734708538,0.009094090704724956,0.0015727868055347113,-3.9710868237616815e-07,0.9983074804479126,-0.05813519435976148
2026-09-30T01:27:10.089 -5.75214546887654,-0.06818980025953254,0.00909411968424356,0.0015727583221501933,-4.91248617828641e-07,0.9983073612482216,-0.05813724201088242
2026-09-30T01:27:10.145 -5.7521639910138544,-0.06819218467852425,0.009094119167819615,0.0015728129111483515,-4.892474963651142e-07,0.9983074208161776,-0.05813621765008881
2026-09-30T01:27:10.181 -5.7521824535039805,-0.06819421146889146,0.00909414835938105,0.0015726181460176873,-3.4784476881606437e-07,0.9983071825256928,-0.058140314667698444
2026-09-30T01:27:10.243 -5.752200662723303,-0.06819611904678528,0.009094147348112501,0.0015728237823730248,-4.1760325603608375e-07,0.9983073611964709,-0.05813724112919758
2026-09-30T01:27:10.280 -5.752219169773993,-0.06819826504698842,0.009094266017229789,0.0015726861427121373,-5.634909913198447e-07,0.9983072420830693,-0.058139290178634374
2026-09-30T01:27:10.331 -5.752237513215397,-0.06820064946374255,0.009094190712369225,0.0015727934613491237,-4.3426742392947266e-07,0.9983073612204401,-0.05813724153777174
2026-09-30T01:27:10.369 -5.752255662637916,-0.0682028550640879,0.009094308816048707,0.0015727851109851618,-5.057809978183527e-07,0.9983073612270471,-0.05813724164964523
2026-09-30T01:27:10.422 -5.752273931296887,-0.068204762642713,0.009094412207019393,0.0015727971649589555,-4.080729649414518e-07,0.9983071823841891,-0.058140312254516845
2026-09-30T01:27:10.460 -5.752292319585332,-0.06820696824611203,0.009094247565955118,0.0015728200297680994,-4.134885444796238e-07,0.9983073015883298,-0.058138264786721176
2026-09-30T01:27:10.514 -5.752310826590403,-0.06820899503702017,0.009094396037338042,0.0015726488682104422,-6.273502917326391e-07,0.9983071228903255,-0.05814133780353406
2026-09-30T01:27:10.555 -5.7523291401139724,-0.06821120063945108,0.009094395191040444,0.0015728113899181671,-3.9551079401623095e-07,0.9983072419840506,-0.05813928849215214
2026-09-30T01:27:10.605 -5.7523474832741535,-0.06821346584688284,0.009094498699871199,0.0015728602103108286,-4.823964209755104e-07,0.9983072419454673,-0.05813928783327825
2026-09-30T01:27:10.645 -5.752365871307188,-0.06821537342702795,0.009094497971326426,0.0015727235006433873,-5.399838604366798e-07,0.9983071824424299,-0.05814031324611099
