2026-09-30T01:38:47.029 0.009081829267328706,-7.201238388086843e-07,-1.4299747437683567e-05,-3.916533261271796e-07,1.571292448495385e-07,2.0861109333326404e-07,0.9999999999998892
2026-09-30T01:38:47.112 0.0091018564440558,-2.430345314478742e-07,-1.4301610293550103e-05,-3.01208569279392e-07,5.459916477728277e-08,-1.0508201428258169e-06,0.999999999999401
2026-09-30T01:38:47.180 0.009119976277536098,-4.387816858069511e-09,-1.4300457390133081e-05,-2.417809977025972e-07,1.0488826780931406e-07,-3.0429463405923556e-06,0.9999999999953355
2026-09-30T01:38:47.252 0.009136665629392946,-1.2338697842457372e-07,-1.4282141495437488e-05,-2.432627238669282e-07,-3.457782646418203e-08,-1.2021008869149658e-05,0.9999999999277175
2026-09-30T01:38:47.303 0.009153831726572454,-4.807987265874233e-07,-1.4324184062089174e-05,-9.739001568176168e-08,-1.583360472210792e-08,-6.270258397425327e-06,0.9999999999803371
2026-09-30T01:38:47.358 0.009171951350261252,-4.2096597091509483e-07,-1.4457141412537835e-05,-3.2140839005956336e-07,8.044047265954221e-08,-5.109460675186218e-06,0.9999999999868918
2026-09-30T01:38:47.408 0.009192455371805377,-5.995217526095208e-07,-1.4459758091234268e-05,-2.1151976010600605e-07,2.2349778677041723e-08,1.331071328133279e-06,0.9999999999990915
2026-09-30T01:38:47.474 0.009210575108042638,-1.224564698728223e-07,-1.4518209797086878e-05,-3.541330748299168e-07,7.508455294192859e-08,-1.263188593021456e-05,0.9999999999201522
2026-09-30T01:38:47.534 0.009228218231017252,-5.394668375127146e-07,-1.4441797143515685e-05,-2.0382363414667962e-07,-6.624215680459258e-08,-8.678121315355254e-06,0.9999999999623221
2026-09-30T01:38:47.585 0.009248245229017604,-8.372379340420949e-07,-1.456286901318725e-05,-3.264178573651914e-07,1.0477065106890483e-07,-2.9022746556599164e-06,0.9999999999957296
2026-09-30T01:38:47.642 0.009266365035935812,-3.601726431035698e-07,-1.4576617291335385e-05,-1.985777807494677e-07,1.2327884729477742e-07,1.828170549194613e-06,0.9999999999983016
2026-09-30T01:38:47.700 0.009285438493918878,-2.304637596146682e-09,-1.4606774552696458e-05,-3.872349024689816e-07,1.4574777501003093e-07,-3.247257204171355e-06,0.9999999999946421
2026-09-30T01:38:47.741 0.009305465732775485,-7.173082201807648e-07,-1.4578834928441694e-05,-2.5170043098653777e-07,1.0162599519757158e-07,-2.3467872069968698e-06,0.9999999999972095
2026-09-30T01:38:47.785 0.009323108544963344,-7.766907547379113e-07,-1.4696137186752057e-05,-2.840529410438996e-07,8.668234665688455e-08,-4.5534763271325066e-07,0.9999999999998522
2026-09-30T01:38:47.842 0.009342182068374245,-1.5902276340023372e-09,-1.46815910886534e-05,-2.1236135335502763e-07,6.099923796528005e-08,-2.659727548066958e-06,0.9999999999964385
2026-09-30T01:38:47.898 0.009359824979306026,-4.18600619879374e-07,-1.4739288718195635e-05,-3.650286155595687e-07,-5.3321493305368745e-08,-1.2903976354789286e-05,0.9999999999166757
2026-09-30T01:38:47.964 0.00937508379266302,-1.2038528105141804e-07,-1.4733612244098026e-05,-3.7142696874216185e-07,1.152227511497602e-08,-5.96229135042056e-06,0.9999999999821565
2026-09-30T01:38:48.020 0.009396541463020672,-2.393244138649492e-07,-1.4752637935255148e-05,-2.627473029295694e-07,1.1676224883825152e-07,-5.408950934737108e-06,0.9999999999853303
2026-09-30T01:38:48.080 0.009415614907949642,-7.15921437880787e-07,-1.4797696202694892e-05,-3.7176010976301476e-07,8.14796634853739e-08,1.239547188984321e-06,0.9999999999991593
2026-09-30T01:38:48.134 0.009433257807624761,-2.388621585661742e-07,-1.4855393978475863e-05,-4.012109868091871e-07,8.416183128165393e-08,-1.5248886513186917e-06,0.9999999999987533
2026-09-30T01:38:48.175 0.009452808136236505,-7.15453173692042e-07,-1.487140389085093e-05,-4.2627001793909455e-07,1.1850560211452419e-07,-3.15870953290945e-06,0.9999999999949134
2026-09-30T01:38:48.217 0.009470928063207616,-4.172018033958033e-07,-1.4810646426910524e-05,-2.788830153718033e-07,7.68330544734202e-08,-1.527954353090341e-07,0.9999999999999465
2026-09-30T01:38:48.279 0.009489524498397356,-2.381537574939999e-07,-1.4959258869497482e-05,-3.264459553398005e-07,7.904006833727689e-08,-1.1956201452167807e-06,0.9999999999992288
2026-09-30T01:38:48.331 0.009508121146380371,-1.1871033175738289e-07,-1.497376101922176e-05,-2.813179666395346e-07,5.3665507036664606e-08,-2.1185665715683785e-06,0.9999999999977148
2026-09-30T01:38:48.384 0.009524810564415499,1.1991838350193316e-07,-1.4910741755317187e-05,-2.1360491216223872e-07,-4.2028283784900856e-08,-1.2794497974345004e-05,0.9999999999181267
2026-09-30T01:38:48.433 0.009543883870984357,-5.950972360002201e-07,-1.5045206839168888e-05,-3.42444431984938e-07,7.601628134563539e-08,-7.274496712896794e-06,0.9999999999734793
2026-09-30T01:38:48.487 0.009562003707466432,-5.948691004930779e-07,-1.504405389675487e-05,-3.1941558839637084e-07,5.552748194135408e-08,-4.659196097949187e-06,0.9999999999890934
2026-09-30T01:38:48.542 0.009580123569009709,-7.13850251793325e-07,-1.5027999792274198e-05,-3.2704000430565285e-07,4.039270819044305e-08,1.578677206459256e-06,0.9999999999986996
2026-09-30T01:38:48.597 0.009600627510117114,-1.1754565967092431e-07,-1.5075320025415345e-05,-1.4278005774524342e-07,9.371208416919983e-08,-2.104476522431603e-06,0.999999999997771
2026-09-30T01:38:48.641 0.009619224047802997,-5.941486953106743e-07,-1.5164327790487927e-05,-2.916483250918691e-07,9.115043697232448e-08,-3.984424268228161e-06,0.9999999999920155
2026-09-30T01:38:48.696 0.009637343841667107,-9.515484338954104e-07,-1.5192977074714734e-05,-3.200860860847857e-07,8.717635965623155e-08,-8.634135987972238e-07,0.9999999999995722
2026-09-30T01:38:48.761 0.009656894156770858,-3.5525584314929684e-07,-1.5208987162576282e-05,-2.8178849267231103e-07,1.25370078588712e-07,-1.2414202682750163e-06,0.9999999999991819
2026-09-30T01:38:48.800 0.009672152951070202,-4.1466837567927694e-07,-1.521821177255134e-05,-2.65621255971616e-07,1.1757587575063431e-07,-3.1591864639229554e-06,0.9999999999949676
2026-09-30T01:38:48.837 0.009692180113992753,-7.124394530710621e-07,-1.5234975644245798e-05,-3.020314488403676e-07,2.6537779248071666e-08,-9.80423536714167e-07,0.9999999999994734
2026-09-30T01:38:48.898 0.009711730405536186,-1.1614686505889073e-07,-1.5265886874675502e-05,-3.45816110744104e-07,1.2314542950299194e-07,-9.957191656896972e-07,0.9999999999994369
2026-09-30T01:38:48.941 0.00972889649971392,-2.3514003413907777e-07,-1.5307929480324184e-05,-2.1381150125286228e-07,9.941388536430257e-08,-2.1321997932639313e-06,0.9999999999976991
2026-09-30T01:38:48.996 0.009749400360088062,-7.11719058824427e-07,-1.5414854108251486e-05,-2.818779412708796e-07,1.6751327817420008e-07,-1.6293989866606124e-06,0.9999999999986188
2026-09-30T01:38:49.034 0.009765613011491545,-4.1349169401470474e-07,-1.5306377496320043e-05,-2.605201888076268e-07,5.273346016006092e-08,-1.20308473776847e-05,0.999999999927594
2026-09-30T01:38:49.085 0.009782779197659205,-3.5367091784712623e-07,-1.528881556094384e-05,-1.996280986092637e-07,5.238496186195289e-08,-8.048436596041238e-06,0.99999999996759
2026-09-30T01:38:49.122 0.009802329311226338,-5.91843378495811e-07,-1.5438935795429333e-05,-3.364796756732898e-07,1.3189690581924675e-07,7.052937938810191e-06,0.9999999999750627
2026-09-30T01:38:49.179 0.009822356633817987,-4.7238192335534174e-07,-1.535139173739142e-05,-2.4248763026002914e-07,1.2805417885575628e-07,-3.3423918322773876e-06,0.9999999999943766
2026-09-30T01:38:49.218 0.009839999474068823,-8.893923238025397e-07,-1.5453792794638128e-05,-2.3045503471510717e-07,6.750160643403241e-09,-5.531595457888887e-06,0.9999999999846741
2026-09-30T01:38:49.271 0.009858596021056583,-2.335071060657006e-07,-1.5527899602378287e-05,-3.2723285058848727e-07,7.331320217344828e-09,-9.550499429644913e-06,0.9999999999543404
2026-09-30T01:38:49.309 0.009874808635845654,-7.697447735131813e-07,-1.5449225139093672e-05,-3.759352656186657e-07,6.146424640942243e-08,-7.526067519510006e-06,0.9999999999716066
2026-09-30T01:38:49.361 0.00989483570302606,-9.48306572299404e-07,-1.552559360055926e-05,-2.6193647700304477e-07,5.8903840610912175e-08,-6.4613568836854395e-06,0.9999999999790894
2026-09-30T01:38:49.401 0.009913909015144573,-2.328107145716399e-07,-1.5645157775824784e-05,-3.483968590434466e-07,-9.199668115603836e-09,-8.348773282609068e-06,0.9999999999650883
2026-09-30T01:38:49.464 0.009931552035623046,5.829999330021207e-09,-1.5628349799767965e-05,-3.411087103483986e-07,1.2863606644887292e-07,-7.630216100411247e-06,0.9999999999708234
2026-09-30T01:38:49.498 0.009950148711669039,-2.3235444082341349e-07,-1.5627950748428588e-05,-2.0857261350262244e-07,5.5760866682536226e-08,-6.993394185791763e-06,0.9999999999755229
2026-09-30T01:38:49.557 0.00996874526991346,-4.705388946465589e-07,-1.570205740993001e-05,-3.064600959648472e-07,4.86590248088274e-08,-7.708054950411488e-06,0.9999999999702448
2026-09-30T01:38:49.594 0.009985434601962214,-8.875612828003334e-07,-1.569864260905633e-05,-3.2070232103830273e-07,4.027704757532465e-08,-7.466247581248438e-06,0.9999999999720753
2026-09-30T01:38:49.650 0.010005461734570457,-6.488905599900701e-07,-1.5730307711062187e-05,-3.683772504237842e-07,3.7715558002332156e-08,-7.103720461627181e-06,0.9999999999747
2026-09-30T01:38:49.689 0.010024535265485801,-4.6983648059281747e-07,-1.5715761515471034e-05,-2.742411044909726e-07,2.6191029124059544e-08,-8.19173908544215e-06,0.9999999999664098
2026-09-30T01:38:49.742 0.010042178215283325,-2.3119577489298277e-07,-1.5743656967118695e-05,-1.815430488310468e-07,1.827539129397973e-08,-7.566064658535179e-06,0.9999999999713607
2026-09-30T01:38:49.788 0.010060774845709579,-5.885895100556329e-07,-1.577306018141714e-05,-2.9989389991915354e-07,3.305939541970434e-08,-7.65358570821495e-06,0.9999999999706658
2026-09-30T01:38:49.835 0.010080325001894676,-4.691340966124396e-07,-1.589337818926181e-05,-3.3973068197528614e-07,9.18499027777147e-08,5.286032598480786e-06,0.999999999985967
2026-09-30T01:38:49.878 0.01009939846813263,-7.669171835823384e-07,-1.5923535343381143e-05,-4.072329056946264e-07,1.3724689263565137e-07,-2.3445212639662866e-06,0.9999999999971593
2026-09-30T01:38:49.929 0.010117995233166775,-5.87869099405345e-07,-1.586353179001388e-05,-4.721495488641196e-07,1.337576151842195e-07,-6.102975357906549e-06,0.9999999999812564
2026-09-30T01:38:49.965 0.010135161327344506,-7.068622684855321e-07,-1.5905574395662562e-05,-3.0102972894562584e-07,6.049450021249162e-08,3.829359138010018e-07,0.9999999999998795
2026-09-30T01:38:50.019 0.010153281040021455,-2.2979698848277563e-07,-1.597892724408333e-05,-2.7454445544171734e-07,-1.26919755142351e-08,-1.2118802256797054e-05,0.9999999999265295
2026-09-30T01:38:50.057 0.010170924020883735,-5.872027277556551e-07,-1.5991921455670338e-05,-2.997575404853807e-07,8.262793640212465e-09,-9.84285736424551e-06,0.9999999999515141
2026-09-30T01:38:50.111 0.01018904383305505,-5.273699502117895e-07,-1.600566966557373e-05,-2.491405998650599e-07,1.215347125291038e-07,-3.808170550968524e-06,0.9999999999927105
2026-09-30T01:38:50.156 0.010209547854599176,-7.059257319062155e-07,-1.6008286344270164e-05,-3.2963164798383693e-07,8.195369170771365e-08,2.152091107073449e-06,0.9999999999976266
2026-09-30T01:38:50.200 0.010229098078463441,-3.4805173117853324e-07,-1.608390096340735e-05,-2.927844839681179e-07,1.2502586665936622e-07,-3.0598416510835805e-06,0.999999999995268
2026-09-30T01:38:50.238 0.010246741082135595,-6.458528229468051e-07,-1.608199404217545e-05,-1.5545815822997488e-07,3.35262898228115e-08,-3.72481636164513e-06,0.9999999999930502
2026-09-30T01:38:50.295 0.010264384004620583,-1.0918889612758432e-07,-1.6124790685137512e-05,-3.696695901796374e-07,-6.042284051983528e-08,-1.2886378389070018e-05,0.9999999999169005
2026-09-30T01:38:50.334 0.010280596452236121,-4.666126484006633e-07,-1.615042424907776e-05,-3.7810448222887146e-07,2.549187735488223e-08,-7.924591426515982e-06,0.9999999999685286
2026-09-30T01:38:50.387 0.010300623494355324,-5.259651603794967e-07,-1.6241693872610007e-05,-3.996926316011185e-07,8.626041779489474e-08,-6.059388597466962e-06,0.9999999999815583
2026-09-30T01:38:50.422 0.010320173981885717,-5.257189982024444e-07,-1.615339586500195e-05,-2.8245370922842726e-07,-3.2715347903418336e-08,-1.0643809655737176e-05,0.9999999999433142
2026-09-30T01:38:50.479 0.010336863171071693,-8.235321132185405e-07,-1.6239387939035725e-05,-3.2861157687812036e-07,6.74929854162136e-09,-8.645209799863713e-06,0.9999999999625762
2026-09-30T01:38:50.574 0.010356413440555701,-3.464488174816426e-07,-1.6285200292535095e-05,-3.668374874993661e-07,1.240957051231797e-07,-7.191467703667708e-06,0.9999999999740664
2026-09-30T01:38:50.630 0.010374056301365077,-5.25040636112236e-07,-1.6372700246210645e-05,-3.270096708989034e-07,8.42818340962569e-08,-9.83429693491631e-06,0.9999999999515863
2026-09-30T01:38:50.663 0.010391222513344383,-6.440337915227124e-07,-1.634023713901853e-05,-3.209063653155417e-07,2.4328073385457683e-08,-8.611705162823008e-06,0.9999999999628675
2026-09-30T01:38:50.722 0.01041268022632,-4.0534505024436536e-07,-1.6329460603534828e-05,-2.2153340974013176e-07,1.9555672467140223e-08,-8.082891113666228e-06,0.9999999999673087
2026-09-30T01:38:50.760 0.010431276845489591,1.3133088615296897e-07,-1.635886396407201e-05,-1.7277958974785855e-07,1.37351641936386e-08,-8.850934840634128e-06,0.9999999999608155
2026-09-30T01:38:50.814 0.010447966226159863,-4.049007860742526e-07,-1.632564685856352e-05,-1.7430545624002e-07,-1.2458253766785604e-08,-9.021400640012748e-06,0.9999999999592919
2026-09-30T01:38:50.849 0.010467993248470973,-7.622765246403563e-07,-1.6431817575917675e-05,-2.0226715961776142e-07,4.377016782271716e-08,-8.73808108123294e-06,0.9999999999618016
2026-09-30T01:38:50.917 0.010484205739454916,-8.216770475922227e-07,-1.6427648903467852e-05,-3.384372271445958e-07,2.8518864884266757e-08,-8.991767336529153e-06,0.9999999999595164
2026-09-30T01:38:50.953 0.010501848570700426,-5.23431710791433e-07,-1.6530050077705552e-05,-2.8434657504832005e-07,2.2465635866068938e-08,-8.899818758532773e-06,0.9999999999603559
2026-09-30T01:38:51.007 0.010522352586240994,-2.2515033432053418e-07,-1.6532666834395977e-05,-4.414919555032751e-07,1.4781240281592676e-08,-8.589071143890667e-06,0.9999999999630164
2026-09-30T01:38:51.047 0.010540472426475291,-5.229454226667201e-07,-1.6531513843235714e-05,-2.817935657178517e-07,-1.3390237998287813e-08,-8.92122418598039e-06,0.9999999999601661
2026-09-30T01:38:51.097 0.010559545979450061,-2.2468205099419417e-07,-1.6502066524574907e-05,-3.4218990363325807e-07,2.6190585765337155e-08,-8.438341765949997e-06,0.9999999999643383
2026-09-30T01:38:51.136 0.010578619160712906,-3.4365123645940184e-07,-1.671103741875989e-05,-4.4875807169562665e-07,6.542168191584746e-08,-8.930356440865016e-06,0.9999999999600215
2026-09-30T01:38:51.196 0.010594354866007558,-7.010809812187978e-07,-1.6676312482355866e-05,-3.491664793773357e-07,2.4677118987550305e-08,-8.722592866086692e-06,0.9999999999618969
2026-09-30T01:38:51.239 0.010614858883049015,-5.220088942892301e-07,-1.6678929219547792e-05,-2.341543407063484e-07,4.062668872651402e-08,-8.726021800682291e-06,0.9999999999619
2026-09-30T01:38:51.292 0.010633932436023785,-2.2374552261670413e-07,-1.664948190088698e-05,-2.9445217997657706e-07,2.5957987639427312e-08,-8.723945797353272e-06,0.9999999999619027
2026-09-30T01:38:51.334 0.010652528928840372,-8.791624980363354e-07,-1.6768291921848134e-05,-3.1042268697812945e-07,1.1175174187312848e-07,1.999965667986868e-06,0.9999999999979456
2026-09-30T01:38:51.386 0.010672079206579265,-1.0577302947767595e-06,-1.6814104168105767e-05,-3.4206595436349633e-07,1.0092910722775241e-07,-5.0234411529509125e-06,0.9999999999873189
2026-09-30T01:38:51.422 0.0106873379956255,-6.999103139120799e-07,-1.6823328846325565e-05,-3.4448226137341444e-07,-9.95386655310696e-08,-1.755413043527881e-05,0.999999999845862
2026-09-30T01:38:51.485 0.010707365198164242,-4.0163493812932467e-07,-1.6810290530376192e-05,-1.2683261520003187e-07,9.080234137858042e-08,-5.784806967205101e-06,0.9999999999832558
2026-09-30T01:38:51.520 0.01072739231996972,-1.1762431791543193e-06,-1.685685660921297e-05,-2.631016390794619e-07,7.555210650924637e-08,4.1387835755742285e-06,0.9999999999913978
2026-09-30T01:38:51.582 0.010744558399138567,-1.0314345282119358e-07,-1.6898899409846635e-05,-3.3349483174268755e-07,1.5168633235907594e-07,-7.122809493775243e-06,0.9999999999745657
2026-09-30T01:38:51.630 0.010764108562828108,-5.797344870846565e-07,-1.7019217320198818e-05,-2.9495452490483535e-07,6.87992840833139e-08,-4.635767245184944e-06,0.999999999989209
2026-09-30T01:38:51.680 0.01078222851561087,-4.602970483664724e-07,-1.69435586844425e-05,-1.7917817119952047e-07,8.45153181785159e-08,-1.1326649375190254e-05,0.9999999999358339
2026-09-30T01:38:51.716 0.010798917843907402,-5.792962126669187e-07,-1.694014393231507e-05,-1.7783849145743023e-07,-2.3983450304641423e-08,-9.66451425306563e-06,0.9999999999532825
2026-09-30T01:38:51.773 0.010818944930145458,-4.0023014009520535e-07,-1.7001611309707992e-05,-2.501723312274815e-07,7.531825568837225e-08,-6.89079365518866e-06,0.9999999999762244
2026-09-30T01:38:51.811 0.010838972018634848,-3.9997800183548885e-07,-1.706307865785317e-05,-2.8959290788666027e-07,9.953179336909408e-08,1.2620935737180136e-06,0.9999999999991567
2026-09-30T01:38:51.868 0.010856614917559522,1.3668592224978972e-07,-1.712077644338339e-05,-3.477814433436407e-07,4.0384637662348924e-07,4.877012967491008e-05,0.9999999988105952
2026-09-30T01:38:51.905 0.01087568822817715,9.71391069518885e-07,-1.7240340638147407e-05,-3.88571711481184e-07,5.645065779526789e-07,0.00013882914272305498,0.9999999903629997
2026-09-30T01:38:51.963 0.010895715496143727,1.6868989668981264e-06,-1.7182598962738303e-05,-4.226960482261281e-07,-5.311170336779661e-07,0.0002354758907741638,0.9999999722753217
2026-09-30T01:38:51.996 0.010915742538559477,3.4752904455438697e-06,-1.725896774592911e-05,-1.2031620493331665e-07,1.0424837485351487e-06,0.00040156598139855107,0.9999999193718274
2026-09-30T01:38:52.062 0.010935769184498645,6.813402644483844e-06,-1.757375506369094e-05,2.0937799990718603e-07,8.802191088511147e-07,0.0007685708405724466,0.9999997046489786
2026-09-30T01:38:52.100 0.010952936029604673,6.9328281419724695e-06,-1.7138961146155535e-05,-4.825472700658683e-06,3.257851967743506e-07,0.0012842396734798708,0.9999991753521948
2026-09-30T01:38:52.159 0.01097487042922911,5.9794299721219945e-06,-1.7233246343735598e-05,2.313187548025997e-06,5.887737175641324e-07,0.0021015003367366443,0.9999977918428806
2026-09-30T01:38:52.201 0.010995373804888964,6.575734498629784e-06,-1.763819399851256e-05,3.4592614245648747e-06,2.143117857090313e-07,0.003185850499559089,0.999994925159414
2026-09-30T01:38:52.256 0.011024461495915508,8.364240129781305e-06,-1.7252050890883437e-05,6.820956421041711e-06,1.560691948526787e-06,0.0045715272439267075,0.9999895504902523
2026-09-30T01:38:52.293 0.011052117833586958,9.795099783620657e-06,-1.7400087066997617e-05,9.132036226328935e-06,2.2508702976702314e-06,0.006284510764719877,0.9999802522230065
2026-09-30T01:38:52.369 0.011090265039327413,1.1822138015131395e-05,-1.7266686950817184e-05,1.2496912689591588e-05,4.515359504286336e-06,0.008344106640899341,0.9999651872479381
2026-09-30T01:38:52.412 0.011132226432292187,1.4683689243395354e-05,-1.7452242405630682e-05,1.563035873272231e-05,6.019552210164781e-06,0.010767881088923369,0.9999420245475793
2026-09-30T01:38:52.475 0.011184678176499934,1.8022209699642638e-05,-1.7684186685150563e-05,1.9496783471251825e-05,8.442638594287298e-06,0.013556945794604662,0.9999081001618696
2026-09-30T01:38:52.521 0.011249528078899297,2.2672188479029753e-05,-1.7667512794789696e-05,2.45432174701069e-05,8.654278224549289e-06,0.01671655770259495,0.9998602682481736
2026-09-30T01:38:52.579 0.01133154413969989,2.958735989109908e-05,-1.763327732977484e-05,2.9891746355617343e-05,1.344349395708691e-05,0.020236163734850265,0.9997952273356041
2026-09-30T01:38:52.617 0.011428818853734484,3.829086274485935e-05,-1.768277248980255e-05,3.592066744976873e-05,1.844420468544401e-05,0.02409881815174862,0.9997095804948585
2026-09-30T01:38:52.679 0.01154182954528129,4.7471400913456845e-05,-1.751872913909782e-05,4.258767235283016e-05,2.349838949192846e-05,0.028229795353558147,0.9996014587266328
2026-09-30T01:38:52.716 0.011664853860759066,5.593680942213803e-05,-1.7340715917770213e-05,4.982021707488672e-05,2.636764524460124e-05,0.03255027567622728,0.9994700977898713
2026-09-30T01:38:52.779 0.011798844999677118,6.762100678340008e-05,-1.7418461895640305e-05,5.65738322210755e-05,2.7633716992126923e-05,0.037018931556051377,0.9993145624588023
2026-09-30T01:38:52.821 0.011945233651652964,8.133191813123349e-05,-1.7649920669960923e-05,6.356468004134754e-05,2.755087444123294e-05,0.04160490769579775,0.9991341385700445
2026-09-30T01:38:52.885 0.012106404246653676,9.802324782915274e-05,-1.7874949478828502e-05,7.096220408188459e-05,2.594660193455238e-05,0.04629218520266869,0.9989279392830602
2026-09-30T01:38:52.927 0.012277111516317397,0.00011733730196268903,-1.812995846066399e-05,7.866627460046454e-05,2.3275821915584807e-05,0.05106910026287619,0.9986951187765932
2026-09-30T01:38:52.990 0.012460216588813234,0.00013998937230329258,-1.8344965600047422e-05,8.63647710908334e-05,1.9536357501517146e-05,0.05592784863209306,0.998434809042054
2026-09-30T01:38:53.028 0.012650951117577401,0.00016633702668810053,-1.8497530512189733e-05,9.418209438058587e-05,1.542657490376878e-05,0.060863706536496406,0.9981460815523914
2026-09-30T01:38:53.089 0.012848361085086224,0.0001956649973320115,-1.880966235847904e-05,0.00010249825755143162,1.0736024308348935e-05,0.06587136513019858,0.9978281177811783
2026-09-30T01:38:53.141 0.013052446846245307,0.00022785407498649338,-1.905784398089447e-05,0.00011085768473334488,6.288344247065572e-06,0.07094762474236345,0.9974800359979378
2026-09-30T01:38:53.199 0.013261300885381211,0.0002632618634873441,-1.9343367715622062e-05,0.00011925412669562748,1.3836616878760786e-06,0.07608790699019266,0.9971011063008558
2026-09-30T01:38:53.247 0.013470154700013282,0.0003015306749153153,-1.974810105885888e-05,0.00012794244314998787,-3.5113879740516493e-06,0.0812881287483594,0.9966906359262093
2026-09-30T01:38:53.306 0.013682346662902554,0.00034277976064404957,-1.9949496404105404e-05,0.00013670839265605256,-7.849964455511431e-06,0.08654486291376007,0.9962479450179217
2026-09-30T01:38:53.358 0.013894061522107884,0.0003865322354223903,-2.0299149654430344e-05,0.0001452459113625203,-1.2257226846063875e-05,0.09185364682592485,0.9957725073118678
2026-09-30T01:38:53.410 0.014104822934332847,0.00043290730259386946,-2.0483382905329216e-05,0.00015447697197903062,-1.6248682505111693e-05,0.0972092792467219,0.9952639508699078
2026-09-30T01:38:53.448 0.014308431680324089,0.00047928227970034766,-2.0730812917994285e-05,0.00016353790412750347,-2.094552508085652e-05,0.10260981625305791,0.994721668822567
2026-09-30T01:38:53.513 0.01449439725442265,0.0005243457324679146,-2.109935872920681e-05,0.0001724818360070944,-2.3613190502319664e-05,0.10805584639339152,0.994144810252833
2026-09-30T01:38:53.558 0.014662243301778904,0.0005672631899210377,-2.1290243421042473e-05,0.00018191775073865185,-2.654854351953649e-05,0.11354184830342251,0.993533197676328
2026-09-30T01:38:53.623 0.014812923179180721,0.000606961780422414,-2.15135906741123e-05,0.0001910145548695879,-2.932507079647381e-05,0.1190627785947326,0.9928867092507492
2026-09-30T01:38:53.670 0.014947390547745285,0.0006443951902952185,-2.1770908504547552e-05,0.0002002660713530253,-3.2088101145674154e-05,0.12461447945085394,0.9922052158576103
2026-09-30T01:38:53.725 0.015060877223283132,0.0006782520573394129,-2.1950349399171245e-05,0.00020963939413011056,-3.429633457164923e-05,0.13019170568800104,0.9914888172062934
2026-09-30T01:38:53.765 0.015157197948413817,0.0007082940110087595,-2.2028142474423183e-05,0.0002191553563248736,-3.6481673024308476e-05,0.13578882465072872,0.9907377784964047
2026-09-30T01:38:53.830 0.015224908500689143,0.0007310638378025578,-2.210540198367283e-05,0.00022848516292932257,-3.827061947922129e-05,0.14140446569029166,0.9899518793419876
2026-09-30T01:38:53.868 0.01526257858291941,0.000744654171099752,-2.2060656684184033e-05,0.00023789120013410477,-3.8968135061848685e-05,0.14703393473383602,0.9891314189357991
2026-09-30T01:38:53.935 0.015272591965382875,0.0007500187151873059,-2.215099580596168e-05,0.0002472646611930815,-4.037716544288022e-05,0.15267355128112264,0.988276643440025
2026-09-30T01:38:53.972 0.015260194361085598,0.0007477535826107162,-2.205688754078679e-05,0.00025679591206400986,-4.217428772736534e-05,0.15831853191056333,0.9873880568099216
2026-09-30T01:38:54.036 0.015226339135366888,0.0007379779946308267,-2.197355462168721e-05,0.0002663017357072998,-4.304633685460342e-05,0.16396503226896553,0.9864661146858698
2026-09-30T01:38:54.073 0.015170072579988935,0.0007197382649189951,-2.1929291317668003e-05,0.00027547643742596316,-4.413110479282625e-05,0.16960969983865723,0.985511274357538
2026-09-30T01:38:54.134 0.015092825447745754,0.0006924383650651201,-2.1777347895769994e-05,0.00028498671555448766,-4.531503466241925e-05,0.17524882370602604,0.9845241320144336
2026-09-30T01:38:54.176 0.01499507425840918,0.0006569127660638722,-2.1712193275940386e-05,0.0002944585955135492,-4.6081168524702895e-05,0.18087972195991278,0.9835051791192388
2026-09-30T01:38:54.242 0.01488254140367576,0.0006150688886327207,-2.1504456649924274e-05,0.0003036603396236665,-4.714436709743374e-05,0.18650042783230747,0.9824548315246727
2026-09-30T01:38:54.288 0.014758087727943826,0.0005658338851644544,-2.1277870563210285e-05,0.00031321438250394006,-4.771691569494575e-05,0.19210807981122277,0.9813737235585083
2026-09-30T01:38:54.347 0.014623620462208262,0.0005108767097154047,-2.109505557933659e-05,0.0003225195192810433,-4.87563725382158e-05,0.19770264857050432,0.9802619835289867
2026-09-30T01:38:54.386 0.01447961666107759,0.0004497205311554335,-2.08226552672674e-05,0.00033168714464386107,-4.918525121007557e-05,0.20328262900696417,0.9791200438702428
2026-09-30T01:38:54.450 0.014326076088948664,0.00038236534945720185,-2.0609681052684313e-05,0.0003411203662116133,-4.978495778642646e-05,0.20884659029289937,0.9779483538926703
2026-09-30T01:38:54.489 0.014165383153729137,0.00030964565969194874,-2.0310891296753413e-05,0.0003503898487338865,-5.073601393496177e-05,0.2143952033203258,0.9767469331643929
2026-09-30T01:38:54.555 0.013998014462381551,0.00023108463067759145,-2.0076051277233946e-05,0.00035943278754291334,-5.046378550182506e-05,0.21992772308247835,0.9755161018052108
2026-09-30T01:38:54.595 0.013824923790822887,0.00014787436733005723,-1.983216333641337e-05,0.000368604952825791,-5.132918831322087e-05,0.22544414929933046,0.9742560223280143
2026-09-30T01:38:54.658 0.013646111227744747,5.8584358183051903e-05,-1.9534523812605243e-05,0.0003774299745612148,-5.158892074623182e-05,0.23094384159916204,0.9729670071038476
2026-09-30T01:38:54.702 0.01346443753365308,-3.4937616782340805e-05,-1.9336668014147696e-05,0.00038678518636854874,-5.2118656920805796e-05,0.2364277827649709,0.9716489856001008
2026-09-30T01:38:54.758 0.013278949530190199,-0.00013269156951555228,-1.8924164086966125e-05,0.0003958417243214011,-5.237026023821967e-05,0.24189682281802988,0.9703018951219398
2026-09-30T01:38:54.799 0.013094891748594214,-0.00023378336438392992,-1.8722537399995745e-05,0.0004046207855884976,-5.2802496803812526e-05,0.24735145348012977,0.9689257411975304
2026-09-30T01:38:54.862 0.012907973269372241,-0.0003379746367681074,-1.8337572914816673e-05,0.0004138938582341975,-5.296334298815254e-05,0.2527917039443634,0.9675206355957808
2026-09-30T01:38:54.900 0.012719624120201648,-0.0004462786476763326,-1.8084456249837917e-05,0.00042286819239856026,-5.2712255899575665e-05,0.25821747053018024,0.9660867229793118
2026-09-30T01:38:54.963 0.012529844735220423,-0.0005576225134507884,-1.7680065871750956e-05,0.0004316530970403022,-5.311467760305628e-05,0.26362976642952124,0.9646238422860752
2026-09-30T01:38:55.007 0.012339588270726816,-0.0006721254314343191,-1.7453734757700053e-05,0.0004405588864946266,-5.360488780396263e-05,0.2690285913976163,0.9631320885761194
2026-09-30T01:38:55.070 0.01214885501094549,-0.0007899066108836585,-1.7226649177368814e-05,0.0004494241587611008,-5.364036581924337e-05,0.2744139753648754,0.9616115459295829
2026-09-30T01:38:55.113 0.01196050609455177,-0.0009110852250541455,-1.6928826978847775e-05,0.00045835114892804206,-5.3924115394865064e-05,0.27978576923971554,0.9600623471094754
2026-09-30T01:38:55.174 0.0117697730952956,-0.0010345884503795972,-1.658253132204335e-05,0.0004675257953310187,-5.430962029007601e-05,0.2851458206167979,0.9584840319248249
2026-09-30T01:38:55.211 0.011578563243124864,-0.0011605354721495361,-1.626528362058439e-05,0.0004759918150818723,-5.4159427831702914e-05,0.2904945176819689,0.956876536286301
2026-09-30T01:38:55.272 0.011389737520047568,-0.0012897011147309163,-1.601140961329681e-05,0.0004851933430907874,-5.469315483017339e-05,0.2958301307620692,0.9552404384914699
2026-09-30T01:38:55.313 0.011199958265365224,-0.0014226218619287569,-1.569642256139062e-05,0.0004936308959632306,-5.425251675416368e-05,0.30115295906556094,0.9535757173036966
2026-09-30T01:38:55.369 0.011012086152096513,-0.0015579863755758457,-1.5533462255733364e-05,0.0005025658562592732,-5.4633090208284856e-05,0.306463448629881,0.9518822926689339
2026-09-30T01:38:55.405 0.010825168123437553,-0.0016960926908317982,-1.5133591080663387e-05,0.000510957192850469,-5.478107451983475e-05,0.31176180889415767,0.9501601498888614
2026-09-30T01:38:55.480 0.010638249940066064,-0.001836881215124302,-1.4852928607422468e-05,0.0005199690912698904,-5.454104679088027e-05,0.3170486349837001,0.9484091362446857
2026-09-30T01:38:55.520 0.010450854925839434,-0.001979994326569018,-1.458641296645736e-05,0.0005286738304299851,-5.4679485798315145e-05,0.3223245236775533,0.9466290820327533
2026-09-30T01:38:55.576 0.010266321033185262,-0.0021256107970653673,-1.4279717068749144e-05,0.0005373202948023931,-5.481755639070292e-05,0.3275880740725144,0.9448204919493423
2026-09-30T01:38:55.618 0.010082740959223381,-0.002273432627397717,-1.3900022957621199e-05,0.0005460181219309528,-5.4934276050057006e-05,0.3328393754889711,0.9429833768262024
2026-09-30T01:38:55.682 0.009900114265313143,-0.002424175073355261,-1.3730452224877544e-05,0.0005545733605334093,-5.4999123890809415e-05,0.3380784578827538,0.9411177640120832
2026-09-30T01:38:55.722 0.009718918397583097,-0.0025775997102844106,-1.3384329132814701e-05,0.000562827796583609,-5.471925716463572e-05,0.34330547039044673,0.9392236337692256
2026-09-30T01:38:55.784 0.009537722492942094,-0.0027337065562364426,-1.3082909029740117e-05,0.0005719295257379899,-5.493583344633511e-05,0.34852112735896046,0.9373007487797665
2026-09-30T01:38:55.823 0.009357957191181784,-0.0028916015235131267,-1.2739046996698506e-05,0.0005803252120626725,-5.513971678037184e-05,0.3537259664570213,0.9353489193003358
2026-09-30T01:38:55.883 0.009179622385757265,-0.0030521786817996922,-1.2427248600291921e-05,0.0005893382596511613,-5.520121477775416e-05,0.3589171852259909,0.9333692215745564
2026-09-30T01:38:55.927 0.009004148426231965,-0.00321394789698301,-1.2239182729875457e-05,0.0005976026115226132,-5.54017288853659e-05,0.36409713912456304,0.9313607856695899
2026-09-30T01:38:55.987 0.008829628263339533,-0.0033780416812946037,-1.1993019769108927e-05,0.0006059929765813487,-5.5469882614608265e-05,0.369264396952879,0.9293241817786897
2026-09-30T01:38:56.027 0.00865701571832014,-0.0035449964645141614,-1.1600860634983406e-05,0.0006147569059320076,-5.527303272113968e-05,0.37441931614246177,0.927259292063579
2026-09-30T01:38:56.092 0.008484879732846116,-0.0037142758229118944,-1.1403169904094875e-05,0.0006231730574535178,-5.5174285874330885e-05,0.3795624337042962,0.9251659135158463
2026-09-30T01:38:56.137 0.008314651039449495,-0.0038848664594890964,-1.1253198106713899e-05,0.0006316360272204272,-5.534363489135875e-05,0.38469371952421455,0.9230440618581739
2026-09-30T01:38:56.194 0.008145376660262217,-0.0040577220604896555,-1.0717304092232605e-05,0.0006405380773986253,-5.536203224321995e-05,0.38981239843352206,0.9208940659345796
2026-09-30T01:38:56.255 0.007979439422399514,-0.004231829317091197,-1.0648622803131479e-05,0.0006485003942094945,-5.555983028382918e-05,0.3949190675673809,0.9187156831316501
2026-09-30T01:38:56.296 0.007814456272444887,-0.00440706904989006,-1.03281297652792e-05,0.0006571207930547447,-5.5157067182631224e-05,0.40001256337480745,0.9165094185507735
2026-09-30T01:38:56.337 0.007651380199976945,-0.0045852889909493095,-1.0204366813637088e-05,0.0006652902840525243,-5.557204607490758e-05,0.4050923800945319,0.9142755153070288
2026-09-30T01:38:56.398 0.0074916425272860306,-0.0047655354478466595,-9.758055904522489e-06,0.0006736883326723983,-5.561181162310856e-05,0.41015908343215585,0.9120137440463552
2026-09-30T01:38:56.437 0.007332857910352007,-0.004947272008930249,-9.71558346116023e-06,0.0006818256048636129,-5.537310627121864e-05,0.41521377645770957,0.9097236129107515
2026-09-30T01:38:56.496 0.00717598123588232,-0.005131452336370132,-9.318498916729503e-06,0.0006906050217685768,-5.5472716199741054e-05,0.42025484913612815,0.907405852838217
2026-09-30T01:38:56.537 0.007020534722650904,-0.0053178976223447775,-9.162094073132767e-06,0.0006985178970988447,-5.518838314815292e-05,0.42528230266014594,0.9050604797863366
2026-09-30T01:38:56.596 0.006866995768915234,-0.0055063098375612955,-8.889495487552102e-06,0.000706817271371663,-5.534991020697193e-05,0.43029631485276804,0.9026874203011028
2026-09-30T01:38:56.633 0.006715841095687213,-0.0056968677899642455,-8.575962773652188e-06,0.0007152798198953962,-5.535071642657391e-05,0.43529712430845585,0.9002865648669129
2026-09-30T01:38:56.696 0.006567547244047658,-0.00588855819462191,-8.401063738059806e-06,0.0007237734323360189,-5.517565668196573e-05,0.44028467152715456,0.8978579403925162
2026-09-30T01:38:56.736 0.006421160876720239,-0.006081857900661025,-8.154674446683466e-06,0.0007317548007219851,-5.518762336435154e-05,0.4452582118824231,0.8954019132437149
2026-09-30T01:38:56.790 0.006279066029900679,-0.006276349645567489,-7.929971473535054e-06,0.0007399338227117684,-5.490633225916382e-05,0.45021759580187076,0.8929185662274114
2026-09-30T01:38:56.830 0.006137924995769858,-0.006472569913151788,-7.632270364960904e-06,0.0007480224783991911,-5.500792607285001e-05,0.4551632407446029,0.8904076940993775
2026-09-30T01:38:56.890 0.0059982142111150135,-0.006670578302101748,-7.515644464942104e-06,0.0007561219285564773,-5.489657310401441e-05,0.4600943717724734,0.8878696944536898
2026-09-30T01:38:56.933 0.005858503710388286,-0.006870553644299066,-7.235105674948339e-06,0.0007645711011412211,-5.447894840322164e-05,0.46501146545332134,0.8853043259015682
2026-09-30T01:38:57.003 0.005721654132995725,-0.007072257485187872,-7.033595895496978e-06,0.000772336457287038,-5.4685022867956e-05,0.46991422458195437,0.8827117434595994
2026-09-30T01:38:57.043 0.005587188892533319,-0.007274974575004263,-6.746448745257629e-06,0.0007805457294639964,-5.458235069153655e-05,0.47480169459537414,0.8800924602440884
2026-09-30T01:38:57.102 0.00545606128741165,-0.007478883715719454,-6.613590336216361e-06,0.000788335017850516,-5.460494052428879e-05,0.47967494905693125,0.8774459064771062
2026-09-30T01:38:57.144 0.005327795060774567,-0.007685117401521893,-6.276639131429992e-06,0.0007966617468752501,-5.423641943123635e-05,0.4845323182848654,0.8747729962258585
2026-09-30T01:38:57.205 0.005199528512547965,-0.007892006738455085,-6.148303815356105e-06,0.0008043867065145315,-5.401539515292116e-05,0.48937591913805356,0.8720725656802585
2026-09-30T01:38:57.245 0.005074123114253345,-0.008099909318315175,-5.949986201134027e-06,0.0008125253156077648,-5.39702610539454e-05,0.49420387327340864,0.8693456553818988
2026-09-30T01:38:57.309 0.004952055335243589,-0.008309599995524504,-5.920858373185699e-06,0.0008203392434037035,-5.3605810120737935e-05,0.4990156746368508,0.8665925689946063
2026-09-30T01:38:57.346 0.004832848927964424,-0.008521078776018145,-5.687637837235511e-06,0.0008282823761926055,-5.328977595803231e-05,0.5038120679252693,0.8638128913841059
2026-09-30T01:38:57.407 0.00471507318148935,-0.008733332398867135,-5.367272109351051e-06,0.0008362181831727923,-5.324620729453485e-05,0.508592695619968,0.8610068338091204
2026-09-30T01:38:57.446 0.0045996812315580796,-0.008946718479996136,-5.303995270247754e-06,0.0008435510135128901,-5.313340387229643e-05,0.5133576475985009,0.8581743478167256
2026-09-30T01:38:57.507 0.004487150623043088,-0.009161356222609244,-5.051526953453999e-06,0.0008515513328353043,-5.2839947141289904e-05,0.518106386416555,0.8553157571462406
2026-09-30T01:38:57.548 0.004379388144249834,-0.009377841649206098,-4.970510203399663e-06,0.0008594634024842191,-5.2788448293433994e-05,0.5228395683204399,0.852430668344667
2026-09-30T01:38:57.608 0.004271149074253358,-0.00959510194216105,-4.739727970851861e-06,0.0008670079209075257,-5.242800592178469e-05,0.527556895508696,0.8495192567268832
2026-09-30T01:38:57.646 0.00416434051664854,-0.009814448379675446,-4.526108329863418e-06,0.000874816796813954,-5.189705877664347e-05,0.5322586655038731,0.8465813280472843
2026-09-30T01:38:57.706 0.004060869657560964,-0.01003439082163273,-4.4220740998610706e-06,0.000882280606862327,-5.201243429356094e-05,0.5369445807655946,0.8436170553409273
2026-09-30T01:38:57.757 0.003959783140656651,-0.010255763745030996,-4.232402430825991e-06,0.0008899701769888411,-5.147531290010608e-05,0.5416128527097449,0.8406275769227348
2026-09-30T01:38:57.801 0.003860127108081019,-0.010478865185122813,-4.074794554413922e-06,0.0008972918316601534,-5.1355173667004956e-05,0.5462653295428881,0.8376117131281147
2026-09-30T01:38:57.840 0.003762378505192453,-0.010702979880153844,-3.8754988048467e-06,0.0009053869729434866,-5.085278191545678e-05,0.5509001030211697,0.8345707005279351
2026-09-30T01:38:57.902 0.003669874969879573,-0.010927630950966568,-3.773903053733223e-06,0.0009127044537960522,-5.0969578340895186e-05,0.5555186048769793,0.8315036043266539
2026-09-30T01:38:57.940 0.0035764180303616408,-0.011153056894138083,-3.506886747486483e-06,0.0009203836581008488,-5.032857498990275e-05,0.5601201189564226,0.8284108900184737
2026-09-30T01:38:58.001 0.0034877290313324863,-0.011380270916670442,-3.5305311582736806e-06,0.0009275818221633356,-5.030266273051134e-05,0.5647038114641537,0.8252931251255294
2026-09-30T01:38:58.042 0.003401901206546073,-0.011608557786771737,-3.469292118595278e-06,0.0009347432925418655,-4.977606493316028e-05,0.5692695032356665,0.8221504463680221
2026-09-30T01:38:58.103 0.003317981050051651,-0.011838096330363984,-3.217353741083139e-06,0.0009422962857868139,-4.9562964128637465e-05,0.5738183860206021,0.8189820324561058
2026-09-30T01:38:58.143 0.0032359679522828136,-0.012069124966097354,-3.1621456935123938e-06,0.0009497168724239112,-4.9127586147400764e-05,0.5783497449802224,0.8157883721319238
2026-09-30T01:38:58.204 0.0031558623709378613,-0.01230057081031129,-3.005645300006351e-06,0.0009572805868021376,-4.89387940164065e-05,0.5828635202923214,0.8125695034465146
2026-09-30T01:38:58.242 0.003080048301845881,-0.0125325530423001,-2.8708313319699814e-06,0.0009641343274249132,-4.877220995707459e-05,0.5873584609390505,0.8093263287633611
2026-09-30T01:38:58.302 0.0030075720247619564,-0.01276507167407609,-2.785998214396321e-06,0.0009716321998431472,-4.845356766300148e-05,0.5918353407070756,0.8060583000461318
2026-09-30T01:38:58.344 0.0029360495461083335,-0.012998186340279275,-2.6281671466326554e-06,0.0009787788248622601,-4.833251630520074e-05,0.5962945180096308,0.8027651508677005
2026-09-30T01:38:58.400 0.0028654806886591554,-0.013232791110603083,-2.5165471229855178e-06,0.0009860570662047273,-4.7864719388274084e-05,0.6007359328604673,0.7994469115399065
2026-09-30T01:38:58.445 0.0027987266123987264,-0.01346882634436581,-2.3662548782250407e-06,0.0009931802772129262,-4.752166888049201e-05,0.6051577377504085,0.7961049703245394
2026-09-30T01:38:58.522 0.002735310163224151,-0.013705397977934856,-2.3702514819043865e-06,0.001000349570032626,-4.713052073224927e-05,0.6095619590693743,0.7927377972160519
2026-09-30T01:38:58.563 0.0026747550494623,-0.013942744435829848,-2.1850566858872657e-06,0.0010079056551702517,-4.678775995831933e-05,0.6139476428778962,0.7893461051666569
2026-09-30T01:38:58.622 0.0026170607871493297,-0.014179852439144363,-2.10869350727409e-06,0.0010148921306587073,-4.6455011072940845e-05,0.6183132402184448,0.7859311069085273
2026-09-30T01:38:58.659 0.002561750585342837,-0.014416602784586811,-2.1106057503554007e-06,0.0010216076654228315,-4.639569535038288e-05,0.6226602409642426,0.7824916475513134
2026-09-30T01:38:58.718 0.0025097783311647266,-0.014655022018050684,-2.0730918032547372e-06,0.0010288072673160086,-4.570448959716141e-05,0.6269873928266652,0.7790287213595706
2026-09-30T01:38:58.757 0.002457806279727572,-0.014894573739743327,-1.9163685303730684e-06,0.0010357318688631741,-4.580277875582857e-05,0.6312971997890696,0.7755403088815441
2026-09-30T01:38:58.814 0.0024086951534220188,-0.015134125425426373,-1.8237734081938726e-06,0.0010425175991724258,-4.55333347686704e-05,0.6355867411300211,0.7720287595572398
2026-09-30T01:38:58.855 0.0023653060498063116,-0.015374273085518794,-1.7551264919500182e-06,0.0010496652886650703,-4.5129675701018874e-05,0.639855480014586,0.7684945418553067
2026-09-30T01:38:58.917 0.0023252549457388272,-0.01561459951750517,-1.60235020155094e-06,0.0010565419077732008,-4.488978171462105e-05,0.6441046090303992,0.7649366864845099
2026-09-30T01:38:58.959 0.002284249727655075,-0.015855462403353268,-1.7311876720603591e-06,0.0010631731465335637,-4.458022906336854e-05,0.6483355586613657,0.7613539722433439
2026-09-30T01:38:59.012 0.0022484901272891307,-0.016097517316012663,-1.6149987547141298e-06,0.0010703571026422177,-4.4098373082045994e-05,0.652545407663557,0.7577488656066789
2026-09-30T01:38:59.053 0.0022132072464342003,-0.016339631827327075,-1.5740694705310845e-06,0.0010772443003155008,-4.3921443586151435e-05,0.6567366600909167,0.7541192192937746
2026-09-30T01:38:59.109 0.0021817393598578426,-0.016581388662709945,-1.3454568320305857e-06,0.0010839152645805389,-4.382750441167093e-05,0.6609074085408311,0.7504666685087967
2026-09-30T01:38:59.148 0.0021512246591436045,-0.01682374153259109,-1.4312759501122102e-06,0.0010905048648317595,-4.3621781342332626e-05,0.6650580105326834,0.7467909021423528
2026-09-30T01:38:59.206 0.0021250017040341527,-0.017066451976285455,-1.3897700972296659e-06,0.0010972677198988817,-4.333887199880581e-05,0.6691870949656559,0.7430931476313849
2026-09-30T01:38:59.255 0.002101639892102687,-0.017309639221103783,-1.2782820339421713e-06,0.0011040778910799095,-4.311805742623032e-05,0.6732957944216277,0.7393724043856336
2026-09-30T01:38:59.303 0.002079708335196854,-0.01755318407581054,-1.3329682706238479e-06,0.0011108117997970341,-4.282107444271987e-05,0.677384347415508,0.7356284457115341
2026-09-30T01:38:59.341 0.0020630223413837592,-0.01779732491088636,-1.172430502078685e-06,0.0011176116899577722,-4.248457087703227e-05,0.6814507272880547,0.7318631398135537
2026-09-30T01:38:59.401 0.002046812988896293,-0.018040929298177685,-1.1318558918936743e-06,0.0011241353084699018,-4.233638749492223e-05,0.6854971992738966,0.7280743947668277
2026-09-30T01:38:59.444 0.00203584883258885,-0.018284056782273204,-1.0995745904906912e-06,0.0011310488981259084,-4.202740645507089e-05,0.6895226303642669,0.724263254057273
2026-09-30T01:38:59.503 0.0020258381549196234,-0.018526707417225584,-1.1880103677702502e-06,0.0011375356509356635,-4.1853170628534184e-05,0.6935272000178158,0.7204295434644553
2026-09-30T01:38:59.541 0.0020182116821205395,-0.018769238812868582,-1.2653146723383459e-06,0.0011437858356287292,-4.181377993469124e-05,0.6975113849184305,0.7165727861946357
2026-09-30T01:38:59.599 0.0020129694527607953,-0.01901284306209487,-1.3165861666418382e-06,0.0011504518197919828,-4.155629699050215e-05,0.7014729195869679,0.7126951787544376
2026-09-30T01:38:59.639 0.0020120192311710765,-0.019257043303683385,-1.0766200827344176e-06,0.0011571167740478823,-4.118272117709557e-05,0.7054129368347105,0.7087956319920315
2026-09-30T01:38:59.702 0.0020158367999994643,-0.01950046862492128,-1.2018208479194428e-06,0.0011637305310404945,-4.087105663195325e-05,0.709330840658455,0.7048747424554077
2026-09-30T01:38:59.737 0.0020210850086195085,-0.019742999858460945,-1.2398766941491694e-06,0.0011699211829949783,-4.1046027314540115e-05,0.7132273466037123,0.7009317952955746
2026-09-30T01:38:59.798 0.002027287145024636,-0.019985173452095065,-1.115527890767923e-06,0.0011764398368186457,-4.0704340862290415e-05,0.7170574528470884,0.6970130727962801
2026-09-30T01:38:59.834 0.002035396139508375,-0.02022412837094983,-1.2773170429277038e-06,0.0011820904115021572,-4.009754245384282e-05,0.7207586950653538,0.6931850435072402
2026-09-30T01:38:59.894 0.0020454124302574793,-0.020457242010600642,-1.4272217282322966e-06,0.001187143143116751,-3.9510555151887405e-05,0.7242886348277784,0.689495875687003
2026-09-30T01:38:59.933 0.0020568591589469254,-0.020682785842352582,-1.564488299338285e-06,0.0011919671128888575,-3.849367837209964e-05,0.727616814093678,0.6859827618685506
2026-09-30T01:39:00.001 0.002071166460095544,-0.020899031313538045,-1.9148959677111963e-06,0.001195887344804369,-3.78000618460984e-05,0.7307239812558635,0.6826719795349698
2026-09-30T01:39:00.038 0.0020854739073871103,-0.021104428739342436,-2.0864916996295385e-06,0.001199823834715107,-3.692406094340424e-05,0.7335985127943009,0.6795820635400623
2026-09-30T01:39:00.100 0.002102165522758906,-0.021297428369001014,-2.1724522543409407e-06,0.0012029161316805947,-3.627761507762035e-05,0.7362301574950778,0.6767301580921953
2026-09-30T01:39:00.140 0.0021183798316876507,-0.021477434192138548,-2.451375857703073e-06,0.0012067887537307146,-3.51237397814136e-05,0.7386134305195645,0.6741281352112128
2026-09-30T01:39:00.199 0.0021322099927436997,-0.021643373349102716,-2.592421828416369e-06,0.0012093570337939437,-3.4309303196856076e-05,0.74074773750831,0.6717822010553394
2026-09-30T01:39:00.238 0.0021522392959873213,-0.021841737354794034,-2.8326704418784158e-06,0.0012112071450625643,-3.434236506928349e-05,0.7426147199217004,0.6697177835129274
2026-09-30T01:39:00.301 0.0021684536402716797,-0.02199086797189116,-2.8433785291247282e-06,0.0012137795856996406,-3.293688583886694e-05,0.7442352381371465,0.6679164887687861
2026-09-30T01:39:00.337 0.0021875288480301767,-0.022150071737966792,-3.0374222599956846e-06,0.0012155591479379526,-3.278272469442921e-05,0.7455968360905844,0.6663961879790137
2026-09-30T01:39:00.399 0.0022004049631122605,-0.022271426632627475,-3.0577585224587648e-06,0.0012169566199126411,-3.191565160625187e-05,0.7467114343276671,0.6651470152096413
2026-09-30T01:39:00.433 0.002215664970619493,-0.022388430358230123,-3.2308765726568147e-06,0.0012180309111014854,-3.230205343562254e-05,0.7475742048759242,0.664177177838419
2026-09-30T01:39:00.495 0.002225679718752048,-0.022497149104241825,-3.3659004620761394e-06,0.0012185462618826838,-3.100817141132802e-05,0.7481816312852025,0.6634928490880021
2026-09-30T01:39:00.535 0.0022371247715061346,-0.022567124813109518,-3.324378767904398e-06,0.0012183925128890064,-3.183374425582246e-05,0.7485701914476688,0.663054434403615
2026-09-30T01:39:00.596 0.00223760241535249,-0.022608788453767986,-3.146312172433004e-06,0.0012197856991548238,-3.123323004728961e-05,0.7487929909940344,0.6628028121436582
2026-09-30T01:39:00.633 0.0022423703680420266,-0.02263400115855651,-3.615782768829949e-06,0.0012191765027962968,-3.1632441343544615e-05,0.7489089217213712,0.6626718189075018
2026-09-30T01:39:00.687 0.002244278806356266,-0.022653372643994866,-3.0823541881568296e-06,0.0012191925312429685,-3.297873023296451e-05,0.7489641152344285,0.6626094374313461
2026-09-30T01:39:00.737 0.0022461857996721683,-0.022664637897900245,-3.398292059766641e-06,0.0012195924150164464,-3.202242062214585e-05,0.7489849167977204,0.6625859234683589
2026-09-30T01:39:00.786 0.0022447550869482353,-0.022665353171672366,-3.530140435674162e-06,0.0012195451952545205,-3.1835492207804885e-05,0.7489888507148253,0.6625814766509122
2026-09-30T01:39:00.828 0.002245231793998246,-0.022662551747375657,-3.5904993942331453e-06,0.0012195418460594842,-3.1633667458033295e-05,0.7489833671274436,0.6625876753180925
2026-09-30T01:39:00.884 0.002245708721345975,-0.02266040597414682,-3.5167479624369587e-06,0.0012194378985780734,-3.174115450617065e-05,0.7489718039872115,0.6626007461479746
2026-09-30T01:39:00.929 0.0022438014105074728,-0.022657604579848088,-3.4690292726606324e-06,0.0012197505952565102,-3.1511711221447794e-05,0.7489565450547288,0.6626179931417358
2026-09-30T01:39:00.985 0.0022433245289186824,-0.022654028307165272,-3.4682759275439395e-06,0.0012195611621054778,-3.1645639915427904e-05,0.7489402732471679,0.6626363850390219
2026-09-30T01:39:01.024 0.0022447549176444126,-0.02265003477796357,-3.515241798663025e-06,0.0012193990665321107,-3.176326614499038e-05,0.7489242398349449,0.6626545065451991
2026-09-30T01:39:01.080 0.0022452318086742767,-0.022646875725776366,-3.4563916751722315e-06,0.0012193037282138468,-3.1794145495676346e-05,0.7489091600377634,0.6626715493357795
2026-09-30T01:39:01.120 0.0022442779286029166,-0.02264353787769519,-3.5591923589640147e-06,0.0012191462407416744,-3.186737599379485e-05,0.7488953319787399,0.6626871768846647
2026-09-30T01:39:01.178 0.0022442777938376755,-0.02264031922688851,-3.6187974556961016e-06,0.0012190429151104467,-3.189910174033942e-05,0.7488823383362422,0.6627018607525262
2026-09-30T01:39:01.213 0.002242370369700265,-0.022637875460472072,-3.645584420265075e-06,0.0012189601654390538,-3.2063930259305806e-05,0.748870000324119,0.6627158031332689
2026-09-30T01:39:01.270 0.002242370287308762,-0.02263507404217332,-3.6753871636161005e-06,0.001218671387860795,-3.235570499877266e-05,0.7488568280155292,0.662730688083536
2026-09-30T01:39:01.311 0.002241893553835857,-0.02263203421127703,-3.5852268753472125e-06,0.0012190073073989522,-3.1941124784610275e-05,0.7488452645274793,0.6627437534943039
2026-09-30T01:39:01.364 0.002240939761705656,-0.02263006727001738,-3.6433239072017894e-06,0.001218637079266183,-3.2228323495237735e-05,0.7488353109122036,0.6627550007476576
2026-09-30T01:39:01.403 0.0022418933341312335,-0.02262768307222791,-3.6895355850195095e-06,0.00121863910091643,-3.219177898078264e-05,0.7488264298789229,0.6627650351347887
2026-09-30T01:39:01.472 0.0022414166620373967,-0.0226257757295768,-3.5695728263785704e-06,0.0012186607575186495,-3.218877621069929e-05,0.748819336957305,0.6627730489607004
2026-09-30T01:39:01.509 0.002240462856102654,-0.022624583648701898,-3.6425708740610686e-06,0.0012189346589936327,-3.193692525194356e-05,0.7488127206701657,0.6627805236583785
2026-09-30T01:39:01.571 0.0022395092652125206,-0.022623629986381476,-3.58145859963314e-06,0.0012187583821024783,-3.2109475602626855e-05,0.7488064623643921,0.6627875945718297
2026-09-30T01:39:01.617 0.0022414166390701765,-0.022622080241598286,-3.5546722882638566e-06,0.0012187404379033343,-3.2128311816140834e-05,0.7488007403715883,0.6627940591605194
2026-09-30T01:39:01.669 0.002238555648807287,-0.022620649766138853,-3.5203466566796807e-06,0.0012188477823484266,-3.1950475487010683e-05,0.7487971640323408,0.6627980993684083
2026-09-30T01:39:01.717 0.0022390322658221566,-0.02262005371371233,-3.6552109673572406e-06,0.0012186791996499705,-3.211039593954276e-05,0.7487929322646245,0.6628028804859529
2026-09-30T01:39:01.772 0.0022376017987536917,-0.022619696103848504,-3.6231469505014993e-06,0.00121876105105841,-3.211891298832205e-05,0.7487906672388154,0.6628054392096715
2026-09-30T01:39:01.815 0.002240462732436725,-0.022618503974940758,-3.672374153620795e-06,0.0012187304450687417,-3.212657785539434e-05,0.7487869121959227,0.6628096814230167
2026-09-30T01:39:01.871 0.002239986169593029,-0.02261778872517413,-3.4928066297222392e-06,0.0012191034440592052,-3.180735210943913e-05,0.7487844681271969,0.6628124418465271
2026-09-30T01:39:01.911 0.0022395091666077946,-0.022617669521907142,-3.5963607171262097e-06,0.0012190931443195727,-3.170690743526402e-05,0.7487818455487922,0.6628154046060806
2026-09-30T01:39:01.977 0.002236648421703826,-0.022617013906802392,-3.413023533120207e-06,0.0012188895826229658,-3.208203269648559e-05,0.748779461540171,0.6628180981646021
2026-09-30T01:39:02.020 0.0022404627472882577,-0.022615940975210153,-3.6425722877021895e-06,0.0012188439181845343,-3.19904271222872e-05,0.7487741567989458,0.6628240909216739
2026-09-30T01:39:02.078 0.0022385555341466875,-0.022615285348114963,-3.5501498192484183e-06,0.0012192329675759469,-3.1669168980875995e-05,0.7487717723217701,0.6628267838901427
2026-09-30T01:39:02.119 0.0022390327842882777,-0.02261445087703554,-3.2826833195826868e-06,0.0012194618032439334,-3.171299295343218e-05,0.7487675998440979,0.6628314969363672
2026-09-30T01:39:02.177 0.0022356949032920717,-0.022614331709772686,-3.292306971147867e-06,0.0012191420044667435,-3.184010039703695e-05,0.7487659311782217,0.6628333825221779
2026-09-30T01:39:02.229 0.0022380790247237205,-0.022613199191510402,-3.3258790918781155e-06,0.0012193052033776502,-3.1784650476959974e-05,0.7487616991481908,0.662838162882367
2026-09-30T01:39:02.272 0.002238555663047573,-0.022612424325146832,-3.445842289235264e-06,0.0012190019663154568,-3.194895565444025e-05,0.7487590171971523,0.6628411930315019
2026-09-30T01:39:03.171 0.002239032491354831,-0.02261176866805093,-3.4465963265486438e-06,0.0012192197678150755,-3.175545608662159e-05,0.7487566328553683,0.6628438860318772
2026-09-30T01:39:04.411 0.002237602189208569,-0.02261141105816797,-3.31022431171579e-06,0.0012192354579910472,-3.18077883667534e-05,0.7487546659030635,0.6628461078874601
2026-09-30T01:39:04.451 0.0022395094610239774,-0.022611113010938627,-3.3579435084530702e-06,0.0012192510687336507,-3.179756299414719e-05,0.7487524009296184,0.6628486663770836
2026-09-30T01:39:04.505 0.002240463039156561,-0.02261105339429795,-3.419055948618234e-06,0.0012190958128914312,-3.1831189719282494e-05,0.7487513281760482,0.6628498784391367
2026-09-30T01:39:04.545 0.0022371251779684494,-0.022610636203808508,-3.413778506361501e-06,0.0012191694228675632,-3.1839112819223295e-05,0.7487510300966578,0.6628502150119462
2026-09-30T01:39:04.599 0.0022380788907089243,-0.02261004014534849,-3.385484178860953e-06,0.0012192165017996803,-3.1809592614251826e-05,0.7487488247025726,0.6628527061163646
2026-09-30T01:39:04.641 0.002237602145386263,-0.022609801732761895,-3.3251257175136752e-06,0.0012193193470529564,-3.1630983487584544e-05,0.7487469768898255,0.6628547931924141
2026-09-30T01:39:04.697 0.002239986419436462,-0.02260956328415477,-3.2692908365962337e-06,0.00121934589843203,-3.1749023867855355e-05,0.7487445330950233,0.6628575535874167
2026-09-30T01:39:04.748 0.0022385557190161822,-0.022609384488252594,-3.386238216174333e-06,0.001219217958959604,-3.17948267153313e-05,0.7487443543834519,0.6628577556878741
2026-09-30T01:39:04.798 0.002240463224183405,-0.0226089076270616,-3.2849460164777725e-06,0.0012193158413510592,-3.174638963499486e-05,0.7487429238043164,0.6628593714461684
2026-09-30T01:39:04.840 0.002239032552576549,-0.022609146063670087,-3.386992185242969e-06,0.0012192058065913394,-3.1821558751696596e-05,0.7487437583506655,0.6628584289691953
2026-09-30T01:39:04.898 0.002237125273256699,-0.02260884806445172,-3.33927308599818e-06,0.0012192717550110472,-3.178198452093054e-05,0.7487439371112448,0.6628582269274821
2026-09-30T01:39:04.944 0.0022385557358225,-0.022608848046446924,-3.3713371613494166e-06,0.0012190495867521248,-3.180710743807002e-05,0.7487420299512181,0.6628603815970164
2026-09-30T01:39:05.005 0.002236648221649947,-0.022608609651900664,-3.4726294780369662e-06,0.001219015946954986,-3.190974415335048e-05,0.7487420299778212,0.6628603816238988
2026-09-30T01:39:05.046 0.0022395093064506424,-0.022608192383358535,-3.4324496990070705e-06,0.0012192230546721253,-3.1734656543513516e-05,0.7487407185208045,0.6628618626207153
2026-09-30T01:39:05.097 0.0022409398875684605,-0.022608251969984842,-3.3900080517682634e-06,0.0012191243660412737,-3.186647273278573e-05,0.7487402417649184,0.6628624013187953
2026-09-30T01:39:05.140 0.0022380789654386354,-0.022608490424573517,-3.325879862068795e-06,0.001219234129609486,-3.176373509591362e-05,0.7487421490138013,0.6628602467710649
2026-09-30T01:39:05.201 0.0022371250589625345,-0.022608669250542012,-3.4733833983593565e-06,0.0012190116790394463,-3.1841629783836134e-05,0.748742089585429,0.6628603143045165
2026-09-30T01:39:05.245 0.0022380789418783207,-0.02260849042457625,-3.340781004636954e-06,0.0012193462282295998,-3.165172228100257e-05,0.7487414336742961,0.6628610545901032
2026-09-30T01:39:05.304 0.00223998614376323,-0.022608251981999887,-3.433203619329461e-06,0.0012192391623303193,-3.1745560992533665e-05,0.7487411357377483,0.6628613913196569
2026-09-30T01:39:05.346 0.0022380789418783207,-0.02260849042457625,-3.340781004636954e-06,0.001219151549115608,-3.1894690444486e-05,0.7487419106621389,0.6628605161496939
2026-09-30T01:39:05.405 0.002237125199573979,-0.022608609645880837,-3.383976552699653e-06,0.0012192293549672484,-3.1695267357793985e-05,0.7487419702048514,0.6628604487589733
2026-09-30T01:39:05.443 0.0022390325731350873,-0.022608907645088272,-3.372091081671807e-06,0.0012194651054557584,-3.1595888937750204e-05,0.7487410163506348,0.6628615257659588
2026-09-30T01:39:05.501 0.0022380788734487093,-0.022608669238518765,-3.3854844030936826e-06,0.00121915873471574,-3.183187844352069e-05,0.7487410761970991,0.6628614587181255
2026-09-30T01:39:05.540 0.0022385555641463,-0.022608311604663124,-3.47564524706977e-06,0.001219124999034177,-3.177389736916235e-05,0.7487411954322437,0.6628613240998082
2026-09-30T01:39:05.598 0.0022380789594350827,-0.022608013587415352,-3.325879940062788e-06,0.0012194434285714214,-3.160522432463407e-05,0.748741075972012,0.6628614584595397
2026-09-30T01:39:05.639 0.0022385557518783735,-0.022608251999996484,-3.3564361162737487e-06,0.001219083661194486,-3.198258574588756e-05,0.7487403014013477,0.6628623340253694
2026-09-30T01:39:05.696 0.0022380788225758595,-0.02260837121530038,-3.4152867369762464e-06,0.0012191485985614007,-3.182626257075972e-05,0.748740182141518,0.6628624686241257
2026-09-30T01:39:05.747 0.00223712512439037,-0.022608252018020417,-3.428680038899624e-06,0.0012191315467568891,-3.1821397055579095e-05,0.7487403609677169,0.6628622666614864
2026-09-30T01:39:05.793 0.0022385558917393735,-0.022608132790690537,-3.267029280363294e-06,0.0012194545261811267,-3.16322839554248e-05,0.7487394666487724,0.6628632762588141
2026-09-30T01:39:05.840 0.0022404630259451144,-0.022608132766701452,-3.4041552837632813e-06,0.001219215258860095,-3.1782504669871995e-05,0.7487395860464197,0.6628631418257175
2026-09-30T01:39:05.895 0.0022414166511983274,-0.022608073150055308,-3.4354654387921267e-06,0.001219165346093065,-3.188737722532436e-05,0.7487402417325231,0.6628624012790113
2026-09-30T01:39:05.938 0.002239509310953307,-0.02260855001122716,-3.432449640511576e-06,0.0012192746641626333,-3.178238919045172e-05,0.7487420893775185,0.6628603140585212
2026-09-30T01:39:05.995 0.0022390325435712195,-0.022608430807932837,-3.3869923022339583e-06,0.001219160208440245,-3.188388433431112e-05,0.7487421490722508,0.6628602468352371
2026-09-30T01:39:06.036 0.0022390327099943105,-0.022608550017203244,-3.2826842847583487e-06,0.0012192829053239013,-3.168182841409488e-05,0.7487421489752342,0.662860246728831
2026-09-30T01:39:06.099 0.002241416680011751,-0.022608490382565967,-3.420564227979224e-06,0.0012191361745404355,-3.18130784100071e-05,0.7487413742361304,0.6628611221077211
2026-09-30T01:39:06.148 0.002239509521495251,-0.02260843080191301,-3.2983393768966453e-06,0.0012191251044184907,-3.188297941317864e-05,0.7487419702872838,0.6628604488486031
2026-09-30T01:39:06.208 0.002239986266067468,-0.02260860960985484,-3.3586978479931724e-06,0.0012191864392423963,-3.176977752944012e-05,0.7487422086557436,0.6628601794891791
2026-09-30T01:39:06.257 0.002239986363310503,-0.022608848028422987,-3.299093238723541e-06,0.0012194401213302755,-3.164890892399683e-05,0.7487417912255054,0.6628606505416946
2026-09-30T01:39:06.314 0.0022395093633270453,-0.022608967243735085,-3.4026472871305146e-06,0.0012192003253774255,-3.181225252447651e-05,0.7487417318108527,0.6628607180874669
2026-09-30T01:39:06.354 0.002239032476642496,-0.022608728831164895,-3.4316956811921892e-06,0.0012191092104984298,-3.1845528187484944e-05,0.748741791487127,0.6628606508454419
2026-09-30T01:39:06.413 0.0022404630083883523,-0.02260860960386235,-3.4190563483374474e-06,0.0012189761993994797,-3.194831869534957e-05,0.7487412551541333,0.6628612569056539
2026-09-30T01:39:06.452 0.0022404630289468907,-0.022608371185280536,-3.404155244766285e-06,0.0012193070167204928,-3.169213831867438e-05,0.7487413741010591,0.6628611219518499
2026-09-30T01:39:06.527 0.002239032590691849,-0.02260843080792737,-3.3571900170976408e-06,0.0012191730892447386,-3.184412430667227e-05,0.748741910645106,0.6628605161317473
2026-09-30T01:39:06.572 0.002240462867026464,-0.022608609603878754,-3.5084632037464003e-06,0.0012191340594036903,-3.192903617738444e-05,0.7487408974038962,0.6628616607162389
2026-09-30T01:39:06.628 0.0022371251023309436,-0.02260837122731269,-3.443581161969285e-06,0.0012191705108768097,-3.1828470606724706e-05,0.7487421490641014,0.6628602468281567
2026-09-30T01:39:06.670 0.0022376020316334576,-0.022608252012008796,-3.384730541266787e-06,0.001219140971121272,-3.187214441837728e-05,0.7487414934408226,0.6628609874471912
2026-09-30T01:39:06.729 0.0022376019639542897,-0.022608490430596078,-3.429433929974267e-06,0.0012193125832091263,-3.168994931720134e-05,0.7487412548881796,0.6628612565997849
2026-09-30T01:39:06.770 0.0022380787077760623,-0.02260860963389313,-3.4897924108200437e-06,0.0012189140903357569,-3.188660339050929e-05,0.7487410763905097,0.66286145894694
2026-09-30T01:39:06.831 0.0022385556826983177,-0.022608371209294226,-3.401139524479727e-06,0.0012192304313560413,-3.1775130523676035e-05,0.7487411357446532,0.6628613913264999
2026-09-30T01:39:06.870 0.0022385557062586325,-0.022608371209291492,-3.386238381911568e-06,0.001219242755070155,-3.183019161822047e-05,0.7487411953391552,0.6628613239856705
2026-09-30T01:39:06.930 0.002239032564129758,-0.022608192389351023,-3.372091198662796e-06,0.0012191566644336805,-3.1860510120060346e-05,0.7487411954072176,0.6628613240656799
2026-09-30T01:39:06.971 0.002238078819574083,-0.022608132796721296,-3.4152867759732427e-06,0.001219127851933116,-3.190614508373579e-05,0.7487411954299996,0.6628613240907434
2026-09-30T01:39:07.026 0.0022385557989990025,-0.022608251999991016,-3.326633831137431e-06,0.0012192907355153134,-3.1749534378533675e-05,0.7487413145096962,0.6628611892910625
2026-09-30T01:39:07.066 0.0022390325252640134,-0.022608848040448968,-3.4018933765573736e-06,0.001219147504543279,-3.1884165403596095e-05,0.7487410762059816,0.6628614587262338
2026-09-30T01:39:07.126 0.0022385554972175763,-0.02260860962789518,-3.5203486260280008e-06,0.0012190546663289712,-3.185345617998922e-05,0.7487412550920926,0.6628612568359958
2026-09-30T01:39:07.166 0.002238555728318059,-0.022608251999999218,-3.3713372588419076e-06,0.0012191533081217134,-3.187852336394505e-05,0.7487413146183517,0.6628611894149133
2026-09-30T01:39:07.223 0.002238078819574083,-0.022608132796721296,-3.4152867759732427e-06,0.0012190662296983905,-3.190046819360871e-05,0.7487413146871944,0.6628611894962472
2026-09-30T01:39:07.271 0.002239509444810754,-0.022607953964763047,-3.3430428825951147e-06,0.001219339057940693,-3.1806393769187104e-05,0.7487405396163845,0.6628620644867078
2026-09-30T01:39:07.318 0.002239986335997968,-0.02260855000520187,-3.3139944300379452e-06,0.001219164367173068,-3.180774281247503e-05,0.7487413146096028,0.6628611894078558
2026-09-30T01:39:07.356 0.002240939865509034,-0.022608371179277116,-3.404909174837924e-06,0.001219118134449941,-3.1931489277610245e-05,0.7487413742504024,0.6628611221190853
2026-09-30T01:39:07.419 0.002239032539818999,-0.022608132784708985,-3.386992350980204e-06,0.001219214089012214,-3.188141220679439e-05,0.7487420298211757,0.6628603814377855
2026-09-30T01:39:07.459 0.0022385554470951705,-0.022608371209321566,-3.5501509501613154e-06,0.0012189774782901217,-3.188539564085975e-05,0.7487422088209496,0.662860179681322
2026-09-30T01:39:07.517 0.002239032681931331,-0.022608192389337353,-3.2975854858220016e-06,0.0012193368554068193,-3.172138864672073e-05,0.7487414336817119,0.662861054595638
2026-09-30T01:39:07.555 0.0022404630525072054,-0.022608371185277802,-3.389254102198126e-06,0.0012191520076659627,-3.183117350466728e-05,0.7487411954108967,0.6628613240714986
2026-09-30T01:39:07.613 0.0022371251730118878,-0.02260837122730449,-3.3988777342648084e-06,0.0012191418679701103,-3.184060414809917e-05,0.7487419702740276,0.6628604488347821
2026-09-30T01:39:07.653 0.002238078843134398,-0.022608132796718562,-3.4003856334050837e-06,0.0012191854217941168,-3.1819730207559134e-05,0.7487413741971982,0.6628611220608004
2026-09-30T01:39:07.710 0.0022395092305165895,-0.02260777515085334,-3.477153194956291e-06,0.0012191963153208468,-3.184327946684188e-05,0.748740420520755,0.662862199272785
2026-09-30T01:39:07.749 0.0022385556561362267,-0.022608132790717876,-3.4160407060448822e-06,0.0012192355932277917,-3.173635274734435e-05,0.7487411953448091,0.6628613239969569
2026-09-30T01:39:07.812 0.00223903249645059,-0.022608430807938305,-3.4167945873702762e-06,0.0012191983440491313,-3.185116224408129e-05,0.748741374186985,0.6628611220470594
2026-09-30T01:39:07.873 0.002239032522262237,-0.022608609621869884,-3.40189341555437e-06,0.0012191792900219257,-3.185824401546494e-05,0.7487414338062885,0.6628610547381814
2026-09-30T01:39:07.910 0.0022371251258912583,-0.022608371227309958,-3.428680019401126e-06,0.0012189826358061898,-3.1938728510961e-05,0.7487420896083977,0.6628603143273109
2026-09-30T01:39:07.948 0.002239509354321716,-0.02260825198799784,-3.402647404121504e-06,0.001219271936148152,-3.1729693922661534e-05,0.7487413145245564,0.662861189309807
2026-09-30T01:39:08.024 0.0022409398913206813,-0.022608549993208694,-3.390008003022018e-06,0.0012191950658579503,-3.18188455686859e-05,0.7487414337938134,0.662861054725149
2026-09-30T01:39:08.060 0.002239986195386524,-0.02260860960986304,-3.403401275697649e-06,0.0012191689762262607,-3.1860507739719724e-05,0.7487420298568382,0.6628603814814829
2026-09-30T01:39:08.122 0.002238078802017321,-0.022608609633882195,-3.4301878405474083e-06,0.0012190078726977437,-3.1934267875914216e-05,0.7487431028605191,0.6628591697478514
2026-09-30T01:39:08.163 0.002238555660638891,-0.0226084904185865,-3.4160406475493874e-06,0.0012192508582227848,-3.1730250903509506e-05,0.7487422682090527,0.662860112103375
2026-09-30T01:39:08.222 0.002237125200324423,-0.02260866925052561,-3.3839765429504035e-06,0.0012190830185492781,-3.188727883156993e-05,0.7487419703205557,0.6628604488882164
2026-09-30T01:39:08.263 0.0022385557578819266,-0.02260872883715465,-3.3564360382797557e-06,0.0012192532680299112,-3.1714679706221166e-05,0.7487412549350739,0.6628612566547378
2026-09-30T01:39:08.323 0.00223998612470558,-0.022608609609871242,-3.4481047034021254e-06,0.0012190310909405344,-3.183784108607955e-05,0.7487410762980095,0.6628614588386095
2026-09-30T01:39:08.364 0.002238078944129653,-0.022608669238510563,-3.340780975389206e-06,0.001218881488050386,-3.202196932624683e-05,0.7487420300841288,0.6628603817456654
2026-09-30T01:39:08.427 0.0022376021266251604,-0.02260831161664263,-3.325125961244903e-06,0.0012192873905189046,-3.1713458954908596e-05,0.7487423277844099,0.6628600447428546
2026-09-30T01:39:08.468 0.0022380790338682476,-0.022608311610631003,-3.281176463612066e-06,0.0012191317993733278,-3.185464785209972e-05,0.7487421490947075,0.6628602468635272
2026-09-30T01:39:08.526 0.0022380790140601532,-0.02260860963385759,-3.2960775574339793e-06,0.001219316666086795,-3.174748641671918e-05,0.74874214894855,0.6628602466937298
2026-09-30T01:39:08.567 0.0022380788992603564,-0.022608848052450344,-3.370583231277777e-06,0.0012192331207539803,-3.1819529161633594e-05,0.7487420298061245,0.6628603814227543
2026-09-30T01:39:08.627 0.00224141679706288,-0.022608430777907525,-3.3460585248876794e-06,0.00121917301587853,-3.185261995337473e-05,0.748741016581571,0.6628615260301081
2026-09-30T01:39:08.665 0.0022390325200109047,-0.02260843080793557,-3.4018934448021173e-06,0.001218959094846395,-3.193431139121418e-05,0.7487419704185286,0.6628604490031851
2026-09-30T01:39:08.731 0.002240939933188202,-0.02260813276068983,-3.360205786130444e-06,0.0012192265142102379,-3.175831267565224e-05,0.748741374164707,0.662861122024865
2026-09-30T01:39:08.785 0.0022395093322622895,-0.022608371197290113,-3.417548527191165e-06,0.001219255610357743,-3.1828644690023114e-05,0.7487421489968251,0.6628602467476159
2026-09-30T01:39:08.830 0.0022380787792074504,-0.0226086692385297,-3.445088973366318e-06,0.0012189479557879101,-3.1956584707265594e-05,0.7487429836994095,0.6628593044572609
2026-09-30T01:39:08.876 0.0022371251539542378,-0.02260872885517585,-3.4137788183374726e-06,0.0012192304942570877,-3.1752565174702344e-05,0.7487429834760283,0.662859304199762
2026-09-30T01:39:08.931 0.002237601849154493,-0.022608728849188832,-3.503939603818065e-06,0.0012190237466522859,-3.188809086366646e-05,0.7487420299716533,0.6628603816175642
2026-09-30T01:39:08.968 0.002238555802000779,-0.022608490418570097,-3.3266337921404345e-06,0.0012194164836198586,-3.166876108178236e-05,0.7487412548060383,0.6628612565024512
2026-09-30T01:39:09.025 0.002239032470638943,-0.02260825199400673,-3.431695759186182e-06,0.0012191890824292866,-3.1754140756733866e-05,0.7487410165688612,0.6628615260196388
2026-09-30T01:39:09.066 0.002239509397690125,-0.022607953964768515,-3.372845167731432e-06,0.0012192530041385,-3.17477283535853e-05,0.7487402416632121,0.6628624012027751
2026-09-30T01:39:09.125 0.0022395093771315866,-0.022608192383350333,-3.387746271302594e-06,0.001219170234618056,-3.1823356186995856e-05,0.7487404205413716,0.6628621992984236
2026-09-30T01:39:09.164 0.002237125290063017,-0.02260831162264605,-3.3243720311732633e-06,0.0012191952959996898,-3.188279193287512e-05,0.7487412549809187,0.6628612567015187
2026-09-30T01:39:09.224 0.002238555770936023,-0.022607894372125126,-3.341535032201084e-06,0.0012192884936214812,-3.174802329835875e-05,0.7487404800521139,0.6628621318637554
2026-09-30T01:39:09.263 0.0022409401186689426,-0.022607894342088878,-3.2409966845821698e-06,0.0012193262719842164,-3.169079813199e-05,0.7487393475416914,0.662863411029737
2026-09-30T01:39:09.319 0.002239986262315248,-0.022608311586630986,-3.358697896739418e-06,0.0012192141900934366,-3.185667129930583e-05,0.7487411357575,0.6628613913379481
2026-09-30T01:39:09.354 0.002239032567131534,-0.022608430807930104,-3.3720911596657998e-06,0.0012189755891022066,-3.194761790673966e-05,0.7487420896139694,0.6628603143335476
2026-09-30T01:39:09.413 0.0022371252421919435,-0.022608252018006748,-3.35417432605883e-06,0.0012191896790336222,-3.183419367682915e-05,0.7487422682574274,0.6628601121562779
2026-09-30T01:39:09.449 0.0022380787777065625,-0.02260855002924016,-3.4450889928648166e-06,0.0012189475203593634,-3.1974449965495286e-05,0.7487410167598493,0.6628615262375727
2026-09-30T01:39:09.520 0.0022390326157530516,-0.02260855001721418,-3.3422888550309837e-06,0.0012193738457831258,-3.168867066599872e-05,0.7487404203803932,0.6628621991121868
2026-09-30T01:39:09.559 0.0022390323558391457,-0.02260849041259948,-3.50620143302998e-06,0.0012191440727620116,-3.177941551010091e-05,0.7487412550214049,0.6628612567549639
2026-09-30T01:39:09.614 0.002239032611250387,-0.022608192389345555,-3.3422889135264785e-06,0.0012191738167056077,-3.185759555004843e-05,0.7487414338106155,0.662861054743392
2026-09-30T01:39:09.654 0.002239509329260513,-0.02260813277871103,-3.4175485661881613e-06,0.0012192708884220017,-3.173155657338345e-05,0.748741314525385,0.6628611893107089
2026-09-30T01:39:09.713 0.002238078825577636,-0.02260860963387946,-3.4152866979792498e-06,0.0012191325732335873,-3.1856739185892544e-05,0.7487419106771372,0.6628605161694779
2026-09-30T01:39:09.754 0.0022399861938856356,-0.0226084904005735,-3.403401295196147e-06,0.0012190642690810057,-3.191008392981798e-05,0.7487412550845057,0.6628612568241816
2026-09-30T01:39:09.811 0.0022380787511444714,-0.02260831161066381,-3.4599901744299718e-06,0.0012190969952096456,-3.192020629526663e-05,0.7487421491222277,0.6628602468932984
2026-09-30T01:39:09.855 0.002238078656152768,-0.022608252006029977,-3.519594754451856e-06,0.0012191618392975705,-3.174646433940571e-05,0.7487421490709497,0.662860246840303
2026-09-30T01:39:09.909 0.0022399864279878945,-0.02260837119125662,-3.2543898890130576e-06,0.0012190362941092365,-3.217234476817748e-05,0.748741374315123,0.662861122184847
2026-09-30T01:39:09.952 0.0022390326856835513,-0.022608490412561206,-3.297585437075756e-06,0.0012193675625377335,-3.171301247675649e-05,0.7487422681167893,0.6628601119937435
2026-09-30T01:39:10.005 0.0022390325503252166,-0.022608967249735774,-3.386992214490716e-06,0.0012191856650687848,-3.183454378575183e-05,0.7487420894478821,0.6628603141402385
2026-09-30T01:39:10.048 0.0022390324758920516,-0.022608669226520123,-3.431695690941438e-06,0.0012191083841691492,-3.1901901960881246e-05,0.7487420299047435,0.6628603815368216
2026-09-30T01:39:10.106 0.002238078681213971,-0.022608371215316784,-3.5046935923851994e-06,0.0012190131562517434,-3.184282182577086e-05,0.7487420299800218,0.6628603816297637
2026-09-30T01:39:10.146 0.002239032749610499,-0.022607953970750067,-3.252882097114522e-06,0.0012193587271835957,-3.182104495741003e-05,0.7487414932686692,0.6628609872435691
2026-09-30T01:39:10.201 0.0022409398913206813,-0.022608549993208694,-3.390008003022018e-06,0.0012191446920228023,-3.1853594951869923e-05,0.7487411358124418,0.6628613914038611
2026-09-30T01:39:10.255 0.002239032570883755,-0.02260872883115396,-3.3720911109195542e-06,0.00121916996279767,-3.187567610917676e-05,0.7487418510433408,0.6628605834598517
2026-09-30T01:39:10.297 0.0022404628890858903,-0.02260849039458648,-3.4935620806767395e-06,0.0012190879394023246,-3.1811744026113524e-05,0.7487411358573046,0.6628613914595739
2026-09-30T01:39:10.337 0.002237601846152716,-0.022608490430609748,-3.5039396428150613e-06,0.0012188754507030724,-3.196434706430819e-05,0.7487419704846572,0.6628604490808523
2026-09-30T01:39:10.396 0.002239032707742978,-0.02260837120326893,-3.282684314006096e-06,0.0012193162486942536,-3.172538951143233e-05,0.7487412548852849,0.6628612565946167
2026-09-30T01:39:10.437 0.002239032526764902,-0.02260896724973851,-3.401893357058875e-06,0.0012190838421499576,-3.190599692108129e-05,0.7487410166520728,0.6628615261119124
2026-09-30T01:39:10.495 0.0022361714542678598,-0.022608490448606345,-3.4271721397593483e-06,0.001219178387256034,-3.1822486634427e-05,0.7487420894536345,0.6628603141477056
2026-09-30T01:39:10.533 0.002239032539818999,-0.022608132784708985,-3.386992350980204e-06,0.0012193714115563239,-3.171332135641585e-05,0.7487411356331946,0.6628613911960329
2026-09-30T01:39:10.586 0.0022395093315118455,-0.02260831159264534,-3.417548536940414e-06,0.0012192313675006914,-3.1773183501368345e-05,0.7487413145566321,0.6628611893461133
2026-09-30T01:39:10.629 0.002241416846434842,-0.02260860959183637,-3.316256210503614e-06,0.0012190499880089518,-3.190727037790703e-05,0.7487413147000349,0.6628611895112854
2026-09-30T01:39:10.689 0.0022414168000646564,-0.02260866919648661,-3.3460584858906824e-06,0.0012193609017680206,-3.1595606820618024e-05,0.7487419701008472,0.6628604486392373
2026-09-30T01:39:10.731 0.0022380788360838533,-0.02260944409890625,-3.415286561489762e-06,0.0012192682765310764,-3.175762580019124e-05,0.748743519884316,0.6628586982212485
2026-09-30T01:39:10.788 0.0022380788476370622,-0.022608490424587187,-3.400385574909589e-06,0.0012191268894649145,-3.1926200606706626e-05,0.7487418510773971,0.6628605834981728
2026-09-30T01:39:10.830 0.002239986187882083,-0.022608013563415335,-3.40340137319014e-06,0.0012189617115797161,-3.2006419632895515e-05,0.7487401226850393,0.6628625361185584
2026-09-30T01:39:10.884 0.002239986258563027,-0.022608013563407133,-3.3586979454856635e-06,0.0012189859432438564,-3.1916914992452815e-05,0.7487402418743542,0.6628624014473248
2026-09-30T01:39:10.922 0.002239032564129758,-0.022608192389351023,-3.372091198662796e-06,0.0012193894190057435,-3.169222715856989e-05,0.7487412548274364,0.6628612565269474
2026-09-30T01:39:10.992 0.0022395093072010864,-0.022608251988003307,-3.4324496892578217e-06,0.0012191730969745723,-3.179049770139616e-05,0.7487411357899807,0.6628613913800183
2026-09-30T01:39:11.036 0.0022399861217038035,-0.02260837119129216,-3.448104742399122e-06,0.0012191282224653954,-3.187992872035996e-05,0.7487413146381836,0.6628611894385823
2026-09-30T01:39:11.090 0.00223760229454914,-0.022608550035202575,-3.2208179242707947e-06,0.001219397537219849,-3.163250289480052e-05,0.7487422680930857,0.6628601119692245
2026-09-30T01:39:11.125 0.0022385556879514264,-0.02260878844180762,-3.401139456234983e-06,0.0012192875635669296,-3.178181436226511e-05,0.7487417913461227,0.6628606506797283
2026-09-30T01:39:11.182 0.002239509528249248,-0.022608967243715947,-3.2983392891534027e-06,0.0012191482943397036,-3.187066772622816e-05,0.7487409569968769,0.6628615933791141
2026-09-30T01:39:11.224 0.0022366484306910028,-0.022608371233296978,-3.3385192339205335e-06,0.0012191203946934133,-3.192695823179213e-05,0.7487421491037297,0.6628602468708324
2026-09-30T01:39:11.278 0.0022385556576371146,-0.02260825200000742,-3.416040686546384e-06,0.0012192251370638897,-3.1694827850538804e-05,0.7487413145615509,0.6628611893557684
2026-09-30T01:39:11.319 0.0022385555854552825,-0.022608132790726078,-3.4607441337493587e-06,0.0012191250595993183,-3.1874430158405925e-05,0.7487411954322043,0.6628613240949146
2026-09-30T01:39:11.378 0.002239032612000831,-0.022608251993990327,-3.3422889037772292e-06,0.0012191743382839492,-3.189254713219308e-05,0.7487410761847686,0.6628614587004382
2026-09-30T01:39:11.416 0.002240463218930296,-0.022608490394548205,-3.284946084722516e-06,0.0012191173199150682,-3.197577029395484e-05,0.7487402417704982,0.6628624013201883
2026-09-30T01:39:11.472 0.0022395095001862685,-0.022608609615850057,-3.3132404902170564e-06,0.0012192669254951472,-3.173484238545769e-05,0.7487411357157989,0.6628613912938962
2026-09-30T01:39:11.508 0.002239509307951531,-0.022608311592648075,-3.4324496795085724e-06,0.0012188728016021048,-3.200602605183436e-05,0.7487411360274008,0.6628613916537192
2026-09-30T01:39:11.569 0.0022395094919313834,-0.02260795396475758,-3.3132405974587968e-06,0.0012192965959125024,-3.171710122782889e-05,0.7487413741092995,0.6628611219605166
2026-09-30T01:39:11.606 0.002240939890570237,-0.022608490388563923,-3.3900080127712667e-06,0.0012191791305984543,-3.1831223321770155e-05,0.7487411953894545,0.6628613240458306
2026-09-30T01:39:11.661 0.0022385558065034436,-0.022608848046438722,-3.32663373364494e-06,0.0012194131310801367,-3.172170251089386e-05,0.7487430429358802,0.6628592367014795
2026-09-30T01:39:11.713 0.0022385557320702795,-0.02260855002322307,-3.371337210095662e-06,0.0012192390546425895,-3.177480184514858e-05,0.7487418509887108,0.6628605833993214
2026-09-30T01:39:11.759 0.0022366481737788736,-0.022608550047261363,-3.5024317729225334e-06,0.0012191288544521276,-3.183012036655417e-05,0.748742089492794,0.6628603141942085
2026-09-30T01:39:11.798 0.0022390326097494985,-0.022608073180056015,-3.342288933024977e-06,0.001219242530801868,-3.17010271071054e-05,0.7487405992969255,0.6628619972567269
2026-09-30T01:39:11.853 0.002239509472123289,-0.02260825198798417,-3.32814169128071e-06,0.0012194156016079628,-3.161000897518896e-05,0.7487405395558551,0.6628620644236664
2026-09-30T01:39:11.889 0.0022409398434496074,-0.02260849038856939,-3.4198102979075846e-06,0.0012191569487080348,-3.186043950112392e-05,0.7487404801561176,0.662862131982838
2026-09-30T01:39:11.951 0.0022376021273756044,-0.0226083712212874,-3.325125951495654e-06,0.001219229024384313,-3.184511264648485e-05,0.7487420894136048,0.6628603140986978
2026-09-30T01:39:11.995 0.002239986238754933,-0.02260831158663372,-3.373599039307577e-06,0.0012189969060026917,-3.1955781489758067e-05,0.748741493554722,0.662860987579459
2026-09-30T01:39:12.051 0.0022385558689295027,-0.022608192395338043,-3.2819304131822035e-06,0.0012193584654811864,-3.179788339607121e-05,0.7487425065409469,0.6628598426912039
2026-09-30T01:39:12.089 0.0022409399391917547,-0.022608609597847995,-3.360205708136451e-06,0.0012192235316609034,-3.178447587338247e-05,0.7487417913967442,0.6628606507402001
2026-09-30T01:39:12.146 0.002238078782959671,-0.022608967261753554,-3.4450889246200725e-06,0.0012188687843259784,-3.208104228851321e-05,0.7487437586171242,0.6628584292755091
2026-09-30T01:39:12.184 0.0022385558681790587,-0.02260813279069327,-3.281930422931453e-06,0.001219530450562002,-3.1579840629819305e-05,0.7487427448219223,0.6628595732315613
2026-09-30T01:39:12.240 0.0022380790398718003,-0.022608788447789168,-3.281176385618073e-06,0.0012194792579479506,-3.159428699514212e-05,0.7487419104030398,0.6628605158539366
2026-09-30T01:39:12.279 0.0022399861232046915,-0.0226084904005817,-3.4481047229006235e-06,0.0012191371508223534,-3.1863053944471756e-05,0.7487399437336129,0.6628627379383605
2026-09-30T01:39:12.339 0.002239986093640824,-0.02260801356342627,-3.4630059434627754e-06,0.001219047784787828,-3.192086621216868e-05,0.7487403610339443,0.6628622667359453
2026-09-30T01:39:12.379 0.002238078868946045,-0.02260831161065014,-3.3854844615891774e-06,0.00121934458010936,-3.166678660641844e-05,0.7487414932798399,0.6628609872643624
2026-09-30T01:39:12.445 0.0022399862615648035,-0.022608251981986217,-3.3586979064886672e-06,0.0012193200969834496,-3.169014088985519e-05,0.7487403012144058,0.6628623338157005
2026-09-30T01:39:12.484 0.0022399864044275798,-0.022608371191259354,-3.269291031581216e-06,0.0012193946576388244,-3.164913841931032e-05,0.7487401223427388,0.6628625357260597
2026-09-30T01:39:12.535 0.0022404630038856876,-0.02260825197599373,-3.419056406832942e-06,0.0012191224319345367,-3.191794884976946e-05,0.7487404801834101,0.6628621320127263
2026-09-30T01:39:12.575 0.0022399863079349885,-0.022608192377335978,-3.3288956311015986e-06,0.0012194599987784913,-3.1502941944502626e-05,0.7487411355631429,0.6628613911222249
2026-09-30T01:39:12.628 0.002237602290796919,-0.022608252011978722,-3.22081797301704e-06,0.0012188019071054964,-3.24439956731629e-05,0.7487422685640369,0.6628601124934868
2026-09-30T01:39:12.669 0.0022404629810758173,-0.022608311580641232,-3.4339575396518515e-06,0.0012192099824800016,-3.1843047493345296e-05,0.7487411953650652,0.6628613240160662
2026-09-30T01:39:12.727 0.0022390324987019224,-0.022608609621872618,-3.416794558122529e-06,0.0012191813504751194,-3.172658660166294e-05,0.7487419106385648,0.6628605161295776
2026-09-30T01:39:12.761 0.0022371250627147552,-0.022608967273765865,-3.473383349613111e-06,0.001219090249256186,-3.180659744966921e-05,0.7487428643784262,0.6628594389836312
2026-09-30T01:39:12.820 0.0022404633580408524,-0.02260831158059749,-3.1955392585613106e-06,0.0012190890478697898,-3.214954593536057e-05,0.7487414934818951,0.662860987482897
2026-09-30T01:39:12.860 0.002238555895491594,-0.02260843081391439,-3.2670292316170483e-06,0.0012193427071151431,-3.166761803755751e-05,0.7487424469491539,0.662859910039156
2026-09-30T01:39:12.913 0.002239986291879115,-0.022608788423786417,-3.3437966761772665e-06,0.0012192137775961954,-3.184646795321993e-05,0.7487420894256583,0.6628603141130613
2026-09-30T01:39:12.951 0.0022399862683188006,-0.02260878842378915,-3.358697818745425e-06,0.0012194307730976164,-3.1646624198102983e-05,0.7487419104413744,0.6628605158973355
2026-09-30T01:39:13.011 0.002238555761634147,-0.022609026860378502,-3.3564359895335102e-06,0.0012191611005355363,-3.186831913433406e-05,0.7487424470927422,0.662859910201389
2026-09-30T01:39:13.047 0.0022366482444598178,-0.02260855004725316,-3.457728345218057e-06,0.0012192114976625182,-3.1743558670111485e-05,0.7487426854698479,0.6628596408524742
2026-09-30T01:39:13.101 0.0022385557989990025,-0.022608251999991016,-3.326633831137431e-06,0.0012194514658953595,-3.1581682248281275e-05,0.7487412547783753,0.6628612564734975
2026-09-30T01:39:13.152 0.002238555632575912,-0.02260813279072061,-3.4309418486130408e-06,0.001219172672461828,-3.18065089363494e-05,0.7487413742072762,0.6628611220735008
2026-09-30T01:39:13.199 0.0022385558225593172,-0.022608251999988282,-3.311732688569272e-06,0.0012192477938231727,-3.177734554295003e-05,0.7487410761266879,0.6628614586364687
2026-09-30T01:39:13.236 0.002238078869696489,-0.022608371215294912,-3.3854844518399285e-06,0.001219143465845903,-3.181504506891467e-05,0.7487411358134081,0.6628613914068765
2026-09-30T01:39:13.296 0.002238555678195653,-0.022608013581425602,-3.4011395829752214e-06,0.001219090509305124,-3.1948339944066176e-05,0.7487403610001704,0.6628622666941967
2026-09-30T01:39:13.334 0.002239032753362719,-0.022608251993973923,-3.2528820483682763e-06,0.001219366581408667,-3.164911890106314e-05,0.7487401819691746,0.6628624684263252
2026-09-30T01:39:13.392 0.0022399861407614535,-0.022608013563420803,-3.4332036583264574e-06,0.0012191435345608548,-3.183697280676498e-05,0.7487401821455225,0.6628624686284019
2026-09-30T01:39:13.428 0.002240463263049149,-0.022608251975963656,-3.2551438385831953e-06,0.0012192771517332273,-3.175176927978434e-05,0.7487411953119562,0.6628613239568859
2026-09-30T01:39:13.483 0.0022399861217038035,-0.02260837119129216,-3.448104742399122e-06,0.0012191548898048852,-3.1826514573242973e-05,0.7487420298679713,0.6628603814964487
2026-09-30T01:39:13.521 0.0022385556340768,-0.022608252000010154,-3.4309418291145426e-06,0.0012191122903745333,-3.181902668270209e-05,0.7487427451525234,0.6628595736158877
2026-09-30T01:39:13.578 0.002236648340952409,-0.022608728861176538,-3.398123745697674e-06,0.001219392715105732,-3.1635659402264045e-05,0.7487428045350544,0.6628595060324419
2026-09-30T01:39:13.611 0.0022385556841992057,-0.022608490418583767,-3.4011395049812285e-06,0.0012191856887915841,-3.189790216219676e-05,0.7487410761757959,0.6628614586894392
2026-09-30T01:39:13.669 0.002237601962453402,-0.022608371221306538,-3.4294339494727655e-06,0.0012190395327364672,-3.192214127714537e-05,0.7487412551040622,0.6628612568470028
2026-09-30T01:39:13.708 0.0022390326804304426,-0.022608073180047813,-3.2975855053205e-06,0.0012193676459530515,-3.1720337958889614e-05,0.7487395859259435,0.662863141684474
2026-09-30T01:39:13.762 0.002240463070063967,-0.022607894348116903,-3.37435303762396e-06,0.0012191142464088112,-3.195178780926874e-05,0.7487394669178115,0.662863276565514
2026-09-30T01:39:13.799 0.002240462956765058,-0.022608251975999197,-3.4488586919692597e-06,0.0012191011386421399,-3.172682454966709e-05,0.7487402417832689,0.6628624013474851
2026-09-30T01:39:13.861 0.0022395093337631775,-0.022608490406579654,-3.4175485076926665e-06,0.0012191738137586167,-3.1773105078418333e-05,0.7487410761851732,0.6628614587066822
2026-09-30T01:39:13.898 0.002238555778440464,-0.02260849041857283,-3.341534934708593e-06,0.0012188727834008962,-3.20394839790309e-05,0.7487411956316579,0.6628613243255973
2026-09-30T01:39:13.949 0.0022385556796965414,-0.022608132790715142,-3.4011395634767232e-06,0.0012192686547419901,-3.1665339230553725e-05,0.7487411953186659,0.6628613239690708
2026-09-30T01:39:13.988 0.0022399861407614535,-0.022608013563420803,-3.4332036583264574e-06,0.001219120779943984,-3.1885091870368535e-05,0.7487405397889529,0.6628620646894889
2026-09-30T01:39:14.044 0.002239509497184492,-0.022608371197270976,-3.313240529214053e-06,0.0012191956953651352,-3.184490112121725e-05,0.7487408973551618,0.6628616606619708
2026-09-30T01:39:14.082 0.0022395094272539924,-0.022608430801923946,-3.3579439471692803e-06,0.001219173524306805,-3.1835810296888604e-05,0.7487412549981265,0.6628612567243837
2026-09-30T01:39:14.137 0.0022366483136398736,-0.022608430837955416,-3.4130249370120786e-06,0.0012188108439234156,-3.207217183377288e-05,0.7487421493484604,0.6628602471566313
2026-09-30T01:39:14.174 0.002239986233501824,-0.022607894354120327,-3.3735991075523206e-06,0.0012192992589335476,-3.1738336942726575e-05,0.7487403012308838,0.6628623338331124
2026-09-30T01:39:14.234 0.0022399862151946184,-0.022608311586636454,-3.3885001818757355e-06,0.001219230218555655,-3.1847160425914376e-05,0.7487412549533073,0.6628612566701866
2026-09-30T01:39:14.276 0.002238555521528335,-0.022608669232537217,-3.505447473710593e-06,0.001218762705182747,-3.210009619223884e-05,0.7487419705738008,0.6628604491809071
2026-09-30T01:39:14.327 0.0022371252702549226,-0.022608609645872635,-3.3392731249951763e-06,0.0012192898371822269,-3.1741639662239816e-05,0.748742327782478,0.6628600447391875
2026-09-30T01:39:14.336 0.0022404630525072054,-0.022608371185277802,-3.389254102198126e-06,0.0012190884453306937,-3.189316503237962e-05,0.7487411954611519,0.662861324128655
2026-09-30T01:39:14.373 0.0022404630525072054,-0.022608371185277802,-3.389254102198126e-06,0.0012190884453306937,-3.189316503237962e-05,0.7487411954611519,0.662861324128655
2026-09-30T01:39:14.426 0.0022395093337631775,-0.022608490406579654,-3.4175485076926665e-06,0.0012191252643261275,-3.189468410840455e-05,0.7487420298913983,0.6628603815211976
2026-09-30T01:39:14.466 0.0022385556180209262,-0.022608848046460593,-3.4458428741902106e-06,0.0012191490413301794,-3.169224289417506e-05,0.7487430431446562,0.6628592369528362
2026-09-30T01:39:14.516 0.002238555827812426,-0.022608669232501676,-3.311732620324528e-06,0.0012191861394561404,-3.183751797278504e-05,0.7487416722178306,0.6628607854263041
2026-09-30T01:39:14.567 0.0022390326127512752,-0.022608311598635095,-3.34228889402798e-06,0.001218974160325069,-3.19499985219286e-05,0.7487412551557454,0.6628612569075019
2026-09-30T01:39:14.609 0.002239032564129758,-0.022608192389351023,-3.372091198662796e-06,0.001219338837965542,-3.170871582850661e-05,0.7487414336801436,0.6628610545943688
2026-09-30T01:39:14.648 0.0022409398875684605,-0.022608251969984842,-3.3900080517682634e-06,0.0012191707304952213,-3.1863517148084335e-05,0.7487412550003375,0.6628612567256935
2026-09-30T01:39:14.702 0.0022380788741991537,-0.022608728843163537,-3.3854843933444337e-06,0.001219168946032853,-3.18284248141818e-05,0.7487428643162135,0.6628594389081177
2026-09-30T01:39:14.739 0.002238079109051856,-0.022608669238491426,-3.2364729774120946e-06,0.0012193603948604781,-3.1659754865898714e-05,0.7487419104970137,0.662860515963328
2026-09-30T01:39:14.791 0.0022376020649495457,-0.02260902687238808,-3.36982927195839e-06,0.0012194531625240438,-3.158787286053145e-05,0.7487419700279089,0.6628604485522701
2026-09-30T01:39:14.825 0.0022399861976378564,-0.022608788423797353,-3.4034012464499015e-06,0.001219083652949653,-3.1941217494679e-05,0.7487410762564651,0.6628614587838971
2026-09-30T01:39:14.878 0.0022376020825063078,-0.02260855003522718,-3.354928207384224e-06,0.001219200178180601,-3.1797201459069466e-05,0.7487422086448845,0.6628601794748601
2026-09-30T01:39:14.918 0.0022395094029432337,-0.02260837119728191,-3.3728450994866885e-06,0.0012191599630204837,-3.19302739773266e-05,0.7487410761961365,0.6628614587122211
2026-09-30T01:39:14.973 0.002241893656434894,-0.0226083711672566,-3.3319113221404093e-06,0.001219229272226611,-3.178160858411173e-05,0.7487401820777368,0.6628624685499312
2026-09-30T01:39:15.012 0.002238078868946045,-0.02260831161065014,-3.3854844615891774e-06,0.0012190950561709192,-3.1956458195133836e-05,0.7487422087280036,0.6628601795666562
2026-09-30T01:39:15.062 0.002239509636295048,-0.02260819238332026,-3.223833703052847e-06,0.0012191357690740181,-3.194900885069231e-05,0.7487415530491817,0.6628609201218133
2026-09-30T01:39:15.095 0.002238555704757744,-0.022608252000001952,-3.386238401410066e-06,0.001219319927062927,-3.1668274032692055e-05,0.7487421489459651,0.6628602466944402
2026-09-30T01:39:15.152 0.002237125176013664,-0.02260860964588357,-3.3988776952678118e-06,0.0012190489688976875,-3.188327093411182e-05,0.7487419703474736,0.6628604489206243
2026-09-30T01:39:15.192 0.0022380789654386354,-0.022608490424573517,-3.325879862068795e-06,0.001219297294591783,-3.175132731102343e-05,0.7487413741087503,0.6628611219582132
2026-09-30T01:39:15.255 0.0022395093087019748,-0.022608371197292847,-3.4324496697593236e-06,0.0012190774260505978,-3.1954970139134106e-05,0.7487412550741084,0.6628612568095666
2026-09-30T01:39:15.290 0.0022376022702383807,-0.022608490430560537,-3.2357190765882025e-06,0.0012194716560342531,-3.170330260414174e-05,0.7487422084302569,0.6628601792224078
2026-09-30T01:39:15.350 0.0022409399384413107,-0.022608549993203227,-3.3602057178857003e-06,0.0012190975658496555,-3.195077906220646e-05,0.748741255058186,0.6628612567907141
2026-09-30T01:39:15.386 0.0022399861718262093,-0.022608609609865774,-3.418302418265808e-06,0.001219300818383189,-3.1670017154302386e-05,0.7487422085653114,0.6628601793857164
2026-09-30T01:39:15.439 0.0022385556430821294,-0.0226089672557474,-3.430941712123553e-06,0.0012192951795468043,-3.166623872212819e-05,0.7487427450079254,0.6628595734501475
2026-09-30T01:39:15.479 0.0022380789403774327,-0.02260837121528671,-3.3407810241354525e-06,0.0012191943883896512,-3.1846012989361986e-05,0.7487417318155491,0.6628607180914607
2026-09-30T01:39:15.537 0.0022390326135017192,-0.022608371203279867,-3.3422888842787315e-06,0.0012192614589045798,-3.175158005701795e-05,0.7487413145328411,0.6628611893186727
2026-09-30T01:39:15.575 0.002237601989765937,-0.022608669244527656,-3.414532758158361e-06,0.0012190611908177854,-3.192339552427632e-05,0.7487414338996586,0.6628610548467853
2026-09-30T01:39:15.627 0.0022385557040073,-0.02260819239535718,-3.386238411159315e-06,0.0012192620505992301,-3.1714841882856765e-05,0.7487405396772554,0.6628620645639883
2026-09-30T01:39:15.668 0.0022399861673235446,-0.022608251981997153,-3.4183024767613027e-06,0.0012192218262570085,-3.173897448212958e-05,0.7487403608963384,0.6628622665800165
2026-09-30T01:39:15.723 0.00224046316505567,-0.022607953952750736,-3.314748457602076e-06,0.0012193242965306676,-3.169545837674878e-05,0.7487410164619611,0.6628615258944865
2026-09-30T01:39:15.759 0.002238555753379262,-0.022608371209286025,-3.3564360967752505e-06,0.0012192884342013372,-3.175515440957246e-05,0.7487419701581509,0.6628604487001883
2026-09-30T01:39:15.814 0.0022376022496798428,-0.022608728849142355,-3.250620180159365e-06,0.0012194301677798413,-3.163913010484575e-05,0.7487417912333735,0.6628606505515854
2026-09-30T01:39:15.850 0.002241416871496045,-0.02260872880112318,-3.301355048436957e-06,0.0012193852669799277,-3.172309332896398e-05,0.74874000314169,0.662862670383993
2026-09-30T01:39:15.906 0.0022414168434330656,-0.02260837117325729,-3.316256249500611e-06,0.001219131821528341,-3.1859259132847675e-05,0.7487409570098985,0.6628615933952506
2026-09-30T01:39:15.955 0.00223760203388479,-0.022608430825943104,-3.3847305120190397e-06,0.0012191839097640289,-3.174527805391442e-05,0.748743043117095,0.6628592369172985
2026-09-30T01:39:15.995 0.002238555802000779,-0.022608490418570097,-3.3266337921404345e-06,0.0012190930272829267,-3.19002934648671e-05,0.7487417914999256,0.6628606508581152
2026-09-30T01:39:16.034 0.002237601962453402,-0.022608371221306538,-3.4294339494727655e-06,0.0012191391873244764,-3.160549528559228e-05,0.7487419702761265,0.6628604488485934
2026-09-30T01:39:16.093 0.002238555776939576,-0.02260837120928329,-3.3415349542070916e-06,0.00121889923737958,-3.229781835399848e-05,0.7487414936319643,0.6628609876552362
2026-09-30T01:39:16.128 0.002238078802017321,-0.022608609633882195,-3.4301878405474083e-06,0.001219284855186872,-3.172856407500397e-05,0.748741135701624,0.6628613912772282
2026-09-30T01:39:16.186 0.00224093986475859,-0.022608311574632344,-3.404909184587173e-06,0.0012191595282781758,-3.18450109068445e-05,0.7487392880692858,0.6628634785062749
2026-09-30T01:39:16.226 0.0022395095177430305,-0.022608132778689158,-3.298339425642891e-06,0.0012193420780132812,-3.168824282214996e-05,0.7487401819885492,0.6628624684476458
2026-09-30T01:39:16.279 0.002239509446311642,-0.02260807317405259,-3.343042863096616e-06,0.0012191465975552715,-3.183444195923958e-05,0.7487402417473402,0.6628624012993017
2026-09-30T01:39:16.317 0.0022380790323673593,-0.022608192401341463,-3.281176483110564e-06,0.001219296455227678,-3.175243236645694e-05,0.7487410760882159,0.6628614585916108
2026-09-30T01:39:16.375 0.0022404630745666318,-0.022608251975985528,-3.3743529791284657e-06,0.0012193952925307527,-3.16765574162432e-05,0.7487395859040833,0.662863141660402
2026-09-30T01:39:16.414 0.002240463006887464,-0.02260849039457281,-3.4190563678359455e-06,0.0012190609028013514,-3.189802580835859e-05,0.748740480232051,0.6628621320719031
2026-09-30T01:39:16.467 0.002240462954513726,-0.022608073162064885,-3.448858721217007e-06,0.0012192586635361748,-3.1722693498801366e-05,0.7487411357223294,0.6628613913022982
2026-09-30T01:39:16.502 0.002238555872681723,-0.022608490418561895,-3.281930364435958e-06,0.001219190550031822,-3.1900984834191536e-05,0.7487419106313071,0.6628605161124848
2026-09-30T01:39:16.559 0.002239509286642548,-0.02260849040658512,-3.447350792828984e-06,0.001219078745745116,-3.1829171982934373e-05,0.7487413146772935,0.6628611894878397
2026-09-30T01:39:16.596 0.0022380787298354886,-0.022608490424600856,-3.474891287750383e-06,0.0012191425281995064,-3.179597857210692e-05,0.7487419106692621,0.6628605161629816
2026-09-30T01:39:16.670 0.0022395091452806597,-0.022608490406601525,-3.536757648237937e-06,0.001218894152166836,-3.201752157021235e-05,0.7487413744274812,0.6628611223268194
2026-09-30T01:39:16.708 0.0022371252193820732,-0.02260831162265425,-3.3690754588777398e-06,0.0012193679719844878,-3.1751379529573243e-05,0.7487422681164689,0.6628601119915155
2026-09-30T01:39:16.765 0.002239509258579569,-0.02260813277871923,-3.4622519938926377e-06,0.0012190600583405439,-3.187879939207592e-05,0.7487411358793522,0.6628613914827247
2026-09-30T01:39:16.803 0.002239509542804233,-0.022608251987975968,-3.2834382635762337e-06,0.001219391666832533,-3.163474828690641e-05,0.748741314429894,0.6628611892010274
2026-09-30T01:39:16.856 0.0022380788726982653,-0.022608609633873993,-3.385484412842932e-06,0.0012191505590255936,-3.1792710671833654e-05,0.748741910662913,0.6628605161555396
2026-09-30T01:39:16.896 0.0022390323778985724,-0.022608371203307207,-3.4913003099603195e-06,0.0012190026658590604,-3.1913724333680835e-05,0.7487411359247272,0.6628613915353375
2026-09-30T01:39:16.956 0.002237602244426734,-0.02260831161662896,-3.250620248404109e-06,0.0012193832247851936,-3.160447213248887e-05,0.7487413144365653,0.6628611892104658
2026-09-30T01:39:16.995 0.0022404630936242818,-0.02260789434811417,-3.359451895055801e-06,0.001219204399145825,-3.177199301926425e-05,0.7487402417016392,0.6628624012476076
2026-09-30T01:39:17.047 0.002239986382368153,-0.02260849040055163,-3.2841921546508766e-06,0.0012192968255636627,-3.1691233215628496e-05,0.7487411952963974,0.6628613239411687
2026-09-30T01:39:17.083 0.0022404631718096666,-0.022608490394553673,-3.3147483698588336e-06,0.0012190824116101097,-3.193748814538931e-05,0.7487413146744049,0.6628611894791507
2026-09-30T01:39:17.141 0.0022385556340768,-0.022608252000010154,-3.4309418291145426e-06,0.001219078406648119,-3.1893411226906105e-05,0.7487422087411604,0.6628601795854517
2026-09-30T01:39:17.181 0.0022376018165888487,-0.022608013593454317,-3.5188408633772128e-06,0.0012189039608975964,-3.199377049622484e-05,0.7487422088790788,0.6628601797456314
2026-09-30T01:39:17.234 0.002239986143012786,-0.022608192377355115,-3.43320362907871e-06,0.0012192980325327059,-3.168455169066279e-05,0.7487414337124007,0.6628610546341488
2026-09-30T01:39:17.273 0.0022385555959615,-0.022608967255752867,-3.460743997259871e-06,0.0012191133596524627,-3.183914358948899e-05,0.7487428643601588,0.6628594389601993
2026-09-30T01:39:17.329 0.0022376021539376955,-0.022608609639863747,-3.3102247699304983e-06,0.0012194814286816023,-3.1711942887585705e-05,0.7487429832776464,0.6628593039641881
2026-09-30T01:39:17.379 0.0022385557077595204,-0.022608490418581033,-3.3862383624130695e-06,0.00121926932432906,-3.1766136940477973e-05,0.7487418509647801,0.6628605833710906
2026-09-30T01:39:17.425 0.002239509284391216,-0.02260831159265081,-3.4473508220767314e-06,0.0012190723595098573,-3.1832784141405057e-05,0.7487412550781031,0.6628612568202513
2026-09-30T01:39:17.465 0.0022380788483875066,-0.02260855002923196,-3.40038556516034e-06,0.001219072952361335,-3.190673667098051e-05,0.7487419703285152,0.6628604488968021
2026-09-30T01:39:17.520 0.002240939962752069,-0.02260860959784526,-3.3453045655682925e-06,0.0012192166587961272,-3.176860402627079e-05,0.7487414337767387,0.6628610547071297
2026-09-30T01:39:17.556 0.0022404630562594258,-0.022608669208501655,-3.38925405345188e-06,0.001219208365155993,-3.1777798580916656e-05,0.74874226824265,0.6628601121413065
2026-09-30T01:39:17.611 0.0022390324987019224,-0.022608609621872618,-3.416794558122529e-06,0.0012190659425595609,-3.1957980942237357e-05,0.7487429836061339,0.6628593043455752
2026-09-30T01:39:17.647 0.0022376020125758076,-0.02260860963988015,-3.3996316253394513e-06,0.0012189470227015517,-3.1966646426706046e-05,0.748742983700148,0.6628593044576574
2026-09-30T01:39:17.705 0.0022395094044441216,-0.022608490406571452,-3.37284507998819e-06,0.0012192509167198492,-3.178287059801727e-05,0.7487422682090108,0.6628601121007938
2026-09-30T01:39:17.743 0.002238555614268706,-0.02260855002323674,-3.445842922936456e-06,0.0012191661257323595,-3.1838106038253105e-05,0.7487420298590899,0.6628603814852586
2026-09-30T01:39:17.795 0.0022390323558391457,-0.02260849041259948,-3.50620143302998e-06,0.001219015277100515,-3.1880286008965534e-05,0.7487410167062754,0.6628615261780205
2026-09-30T01:39:17.840 0.002238078921319783,-0.02260872884315807,-3.3556821082081162e-06,0.0012190775760885194,-3.1935353283257234e-05,0.7487409570527895,0.6628615934429068
2026-09-30T01:39:17.904 0.002262876770394318,-0.02279707920845816,-3.4097568068743436e-06,0.001218290314840202,-3.06789848077778e-05,0.7487487658304416,0.6628527743736911
2026-09-30T01:39:17.944 0.002325348602580228,-0.02331909590094963,-3.717052258289642e-06,0.001219027074101222,-3.183195310359256e-05,0.7487934088235012,0.6628023414730825
2026-09-30T01:39:18.003 0.0024502919547672985,-0.024338333753707975,-4.331647216807867e-06,0.001218807445647532,-3.2776647396844696e-05,0.7488496753992718,0.6627387698697783
2026-09-30T01:39:18.043 0.0026410466924649315,-0.02587780011739114,-4.1710320222447475e-06,0.0012200678874138228,-3.267049737337706e-05,0.748921974345186,0.6626570656907669
2026-09-30T01:39:18.108 0.0028833042195544278,-0.02784856504238008,-4.71761871771481e-06,0.001220968119536799,-3.3355983966733215e-05,0.7490071480914977,0.6625607898389932
2026-09-30T01:39:18.144 0.003153698251693475,-0.03002818428838339,-4.980827989543229e-06,0.001222181870407374,-3.380595754000369e-05,0.7491125870310739,0.6624415725784762
2026-09-30T01:39:18.199 0.0034326760610339123,-0.03226865976864141,-5.287400333814136e-06,0.0012237816666763538,-3.500545616232905e-05,0.7492571856502616,0.6622780163077285
2026-09-30T01:39:18.238 0.0037140379228195962,-0.03453059289104624,-5.85105824237226e-06,0.0012272829651259435,-3.860564452668658e-05,0.749434207471806,0.6620776849866138
2026-09-30T01:39:18.294 0.003998738367769065,-0.03679789038937993,-6.002760792090995e-06,0.0012284750227060314,-3.7854045217069056e-05,0.7496456227634601,0.6618382957246989
2026-09-30T01:39:18.334 0.004285822227044195,-0.039065903113523974,-6.649970579926178e-06,0.001234001229326353,-4.3296845556971995e-05,0.7498938104431883,0.6615570636198701
2026-09-30T01:39:18.389 0.004573860074890381,-0.0413383861739889,-7.134774928461211e-06,0.0012329789606965022,-4.207109192835053e-05,0.7501849183491309,0.6612269400700593
2026-09-30T01:39:18.430 0.004864759688535057,-0.0436102731518981,-7.147266392737489e-06,0.0012398886981753714,-4.599711534662558e-05,0.7505011729710948,0.6608679519611255
2026-09-30T01:39:18.486 0.00515899595114638,-0.04588734569202603,-7.969696218011146e-06,0.001239634870779871,-4.7012444733808126e-05,0.7508606463255718,0.6604594998141534
2026-09-30T01:39:18.528 0.005456571230151679,-0.0481648950271542,-8.067247489952507e-06,0.0012456685099955056,-4.9640737834428936e-05,0.7512496188037359,0.6600170119724202
2026-09-30T01:39:18.582 0.005760344656957664,-0.05044828553951837,-8.681237744716167e-06,0.0012480322463496007,-5.1645302549523545e-05,0.7516625550826013,0.6595466951133714
2026-09-30T01:39:18.620 0.006063164625090877,-0.05273560997042511,-9.189411497908996e-06,0.001250220480757993,-5.432058922737215e-05,0.7521131017689494,0.6590328642378265
2026-09-30T01:39:18.686 0.006372660173645331,-0.05502746427030838,-9.827348671707113e-06,0.0012532594176749413,-5.553776767957311e-05,0.7525868934296644,0.6584917570435301
2026-09-30T01:39:18.721 0.0066864471495315285,-0.057328080398966745,-1.0606180066123802e-05,0.0012551108851739999,-5.7629985731429506e-05,0.7530812494849787,0.6579263279802644
2026-09-30T01:39:18.775 0.007002143521710223,-0.05962684875938294,-1.0076726937055791e-05,0.0012600018508147532,-5.859396075582364e-05,0.753595093716162,0.657337693799019
2026-09-30T01:39:18.822 0.007320698057071392,-0.06193080268821267,-1.1399538218684637e-05,0.0012609103755044132,-6.0714809871237735e-05,0.754129444945948,0.6567245896753471
2026-09-30T01:39:18.868 0.007653559445221153,-0.06423761745968914,-1.1657183527023118e-05,0.001263590739096977,-6.33022450078961e-05,0.7546680266691428,0.6561056080042084
2026-09-30T01:39:18.914 0.007983084478088157,-0.06654198848257627,-1.0940977457649013e-05,0.0012698876366691724,-6.208087209781862e-05,0.7552286590919602,0.6554601864472894
2026-09-30T01:39:18.964 0.008317850616978607,-0.06886346597297524,-1.2959970911001512e-05,0.0012693963458367177,-6.50058334289365e-05,0.7558131385667023,0.6547861360605536
2026-09-30T01:39:19.001 0.008655005144265548,-0.07118214201456079,-1.230052881065833e-05,0.001274436768763579,-6.469077499010865e-05,0.7564109054035326,0.6540954928851245
2026-09-30T01:39:19.057 0.009001215767787583,-0.07350975863925073,-1.4128999585603296e-05,0.0012739051134833725,-6.732569584046955e-05,0.7570201802537777,0.6533902504028893
2026-09-30T01:39:19.097 0.009356013084767212,-0.07583606385327037,-1.3661364218256632e-05,0.0012767221959279062,-6.889510889296153e-05,0.7576263530283264,0.652687271540434
2026-09-30T01:39:19.146 0.009706516054594312,-0.07815748154076947,-1.4930377960178225e-05,0.001279233065744516,-6.892553575109088e-05,0.7582566657484476,0.6519548969522976
2026-09-30T01:39:19.184 0.010069418046840233,-0.08047699172339658,-1.5399431354689678e-05,0.001282246908990168,-7.042412059801781e-05,0.7589230386188468,0.6511790631898757
2026-09-30T01:39:19.243 0.010434227603713965,-0.08281384683363825,-1.5871497632456202e-05,0.0012837458617230117,-7.069210501291188e-05,0.7595574052076856,0.6504390019005291
2026-09-30T01:39:19.285 0.010804758799697707,-0.08514515863991348,-1.6561227973716788e-05,0.001286529126386611,-7.170864820761577e-05,0.760223361010964,0.6496605121706802
2026-09-30T01:39:19.333 0.011178628224254326,-0.08748922579812107,-1.712212345602612e-05,0.0012877089188750746,-7.199194868696218e-05,0.7608529594953389,0.6489230390809714
2026-09-30T01:39:19.372 0.011559173395183229,-0.08982667675669753,-1.761906932866425e-05,0.0012897970311435037,-7.257081463932704e-05,0.761511226883587,0.6481504319888628
2026-09-30T01:39:19.426 0.011943532819236335,-0.0921741412476337,-1.8479672425637463e-05,0.0012913133065902006,-7.336597078886817e-05,0.7621390369566321,0.6474120909236992
2026-09-30T01:39:19.466 0.012335522585844402,-0.09451719489868453,-1.8711589994770508e-05,0.0012933606996139478,-7.32042827481995e-05,0.7627868736187632,0.6466486737743661
2026-09-30T01:39:19.531 0.012729895821124805,-0.09687276549522124,-1.9498617441941324e-05,0.0012954738027413462,-7.39289455804234e-05,0.7634079479245103,0.6459153360370271
2026-09-30T01:39:19.575 0.013133806104123685,-0.09922166025142873,-2.0047405158802117e-05,0.0012966911767857562,-7.4388742487577e-05,0.7640471426119441,0.6451591097743491
2026-09-30T01:39:19.625 0.013538193354855076,-0.10157723072184163,-2.0567143428682337e-05,0.0013010500046172664,-7.635074845493978e-05,0.7646668442270818,0.6444244864832843
2026-09-30T01:39:19.667 0.013950209160559288,-0.10392862877115605,-2.159068296690547e-05,0.001303200027749283,-7.798542790684199e-05,0.7652960842541191,0.6436770921924077
2026-09-30T01:39:19.723 0.014364133095866814,-0.10628610647014139,-2.217020295394699e-05,0.0013047445138734677,-7.805097814423098e-05,0.7659095296330378,0.6429470304520407
2026-09-30T01:39:19.764 0.014785686183095212,-0.10863255721380032,-2.2821392196018457e-05,0.0013044700751661436,-7.73432417837643e-05,0.7665657722676973,0.6421644720501709
2026-09-30T01:39:19.819 0.01521343837558207,-0.11100475708596663,-2.3541982887618256e-05,0.0013057418188003856,-7.716361383044813e-05,0.7671346934953814,0.6414847239956899
2026-09-30T01:39:19.858 0.015643574784298626,-0.11335341309339314,-2.4057731084575433e-05,0.001307744167390565,-7.760425994879792e-05,0.7677797287188711,0.6407125501745289
2026-09-30T01:39:19.917 0.016081340628186343,-0.1157303812110665,-2.4779252385171577e-05,0.0013088323947605337,-7.819201001083453e-05,0.768339530630618,0.6400411287675923
2026-09-30T01:39:19.959 0.01652101342285673,-0.11808529558617473,-2.557829872611724e-05,0.0013103745794379815,-7.821770973896037e-05,0.7689646583924007,0.6392899427833276
2026-09-30T01:39:20.009 0.016966885594252697,-0.12046506502008593,-2.626793295201207e-05,0.0013113117931725878,-7.884139037737333e-05,0.7695080096452676,0.6386358096264219
2026-09-30T01:39:20.052 0.017417525826747136,-0.12282439000081205,-2.6994912107752058e-05,0.0013129132117400057,-7.862954641445719e-05,0.7701157925173464,0.637902763900324
2026-09-30T01:39:20.116 0.01787102753245762,-0.12520666273373518,-2.7622103092483864e-05,0.001314531203603331,-7.874010382505882e-05,0.7706419772044525,0.6372669839071556
2026-09-30T01:39:20.155 0.018329773897223796,-0.1275682525889181,-2.8436404401811046e-05,0.001315682022947203,-7.921863547084642e-05,0.771233726883914,0.6365507059315626
2026-09-30T01:39:20.213 0.01879567339032177,-0.12995344579334606,-2.9083197090692277e-05,0.0013170086872757903,-7.995892987732619e-05,0.7717493022380233,0.6359255251912848
2026-09-30T01:39:20.263 0.01926252604973401,-0.1323189694530229,-2.9895413425218736e-05,0.0013184116908002855,-7.943008734309091e-05,0.7723234684608927,0.635228081515617
2026-09-30T01:39:20.310 0.01973605475539963,-0.1347035665149675,-3.0658577090715794e-05,0.0013195537374334988,-8.013834722652462e-05,0.7728242024997655,0.634618786663601
2026-09-30T01:39:20.349 0.02021292127479988,-0.13707171265291232,-3.132271295952997e-05,0.0013204717208740932,-7.953846349436314e-05,0.773383170018449,0.6339374751190232
2026-09-30T01:39:20.409 0.020698370242492065,-0.13946066070392169,-3.25517584421676e-05,0.001321340272922301,-8.104301165884798e-05,0.7738632812056084,0.6333513002225565
2026-09-30T01:39:20.445 0.021180006012142143,-0.14182421722407562,-3.2627388659664e-05,0.001323667899104095,-8.007967960020455e-05,0.774410624775677,0.6326819309298184
2026-09-30T01:39:20.503 0.02166974675109341,-0.14420994657020372,-3.368440632858793e-05,0.0013240999327055456,-8.092539408621112e-05,0.7748801267474213,0.6321068180160287
2026-09-30T01:39:20.545 0.02215948746990373,-0.14657910582506375,-3.4622217567257845e-05,0.0013248940103938278,-8.04292370299795e-05,0.7754119744233551,0.6314542802989569
2026-09-30T01:39:20.595 0.022657811666155384,-0.14896847094642027,-3.54692882442447e-05,0.0013261475260470145,-8.135459176327585e-05,0.7758727735204536,0.6308880043429647
2026-09-30T01:39:20.635 0.023161858852534373,-0.1513398353928783,-3.558035189795652e-05,0.001327958957653063,-8.15850121657458e-05,0.7763780965094262,0.6302660399619295
2026-09-30T01:39:20.691 0.0236654273363053,-0.1537220478909204,-3.695725696552687e-05,0.001328387853461096,-8.182224227710965e-05,0.7768250680726796,0.6297150484978965
2026-09-30T01:39:20.728 0.024173764957166336,-0.15609442556243722,-3.777545952484969e-05,0.0013291023680175732,-8.097781670136086e-05,0.7773252659554426,0.6290974946991833
2026-09-30T01:39:20.787 0.024691164077097132,-0.15848569779212274,-3.774371739606847e-05,0.0013310236003182747,-8.291251453584833e-05,0.7777593618213627,0.6285607342181955
2026-09-30T01:39:20.829 0.025204269030084887,-0.16086206891493077,-3.9254911161043284e-05,0.001331472986361708,-8.153520061401727e-05,0.778244122414469,0.6279604338324434
2026-09-30T01:39:20.880 0.025726435262280422,-0.16324922836423233,-3.999066727665275e-05,0.0013334672798728602,-8.185021497062273e-05,0.7786655821224437,0.6274377470183572
2026-09-30T01:39:20.923 0.026251463270012067,-0.1656272086621175,-4.017960619905454e-05,0.001333345102511531,-8.340285526077537e-05,0.7791388395464502,0.6268499692470378
2026-09-30T01:39:20.989 0.02677887333834683,-0.1680162753941754,-4.180282264499744e-05,0.0013351251339013999,-8.214227402227007e-05,0.7795526700769144,0.6263352499017417
2026-09-30T01:39:21.026 0.027309622295796608,-0.17039383838763192,-4.2686261354638944e-05,0.0013355847253159045,-8.222531614338367e-05,0.7800085822091831,0.6257673858011928
2026-09-30T01:39:21.080 0.027846092800402778,-0.17278475274955254,-4.399597703321678e-05,0.0013359455297295509,-8.306689224827771e-05,0.7804140692652687,0.6252616163193271
2026-09-30T01:39:21.117 0.028380181148663697,-0.17516446146802184,-4.393101977802464e-05,0.0013391367513175428,-8.1982688480617e-05,0.7808584160141047,0.6247065984376534
2026-09-30T01:39:21.177 0.028922850152659687,-0.17755358761259588,-4.547405397853364e-05,0.0013380890662605801,-8.299005246964684e-05,0.7812572285051117,0.624207774333846
2026-09-30T01:39:21.216 0.029467906170438225,-0.1799336538208059,-4.5158216490266845e-05,0.0013399180400141932,-8.486707877071417e-05,0.7816839930844887,0.623673257702071
2026-09-30T01:39:21.272 0.03001629677228795,-0.18232331633519372,-4.6993419472687294e-05,0.001341604354906415,-8.326285265989275e-05,0.7820764257567465,0.623181079174107
2026-09-30T01:39:21.313 0.03056802656623847,-0.1847030844363562,-4.791003074475873e-05,0.0013421287261430649,-8.372971312379039e-05,0.7824937142917813,0.6226570314175132
2026-09-30T01:39:21.369 0.03112404771909112,-0.18709179318023622,-4.901223963590546e-05,0.0013425371003580537,-8.376057758459415e-05,0.7828789954632418,0.622172539606792
2026-09-30T01:39:21.408 0.03168007016999425,-0.18947132280865758,-4.922038147434701e-05,0.0013449534607365124,-8.356525182630711e-05,0.7832862689897182,0.6216597179560567
2026-09-30T01:39:21.460 0.032242289692428046,-0.19185728966088836,-5.063041475625369e-05,0.0013443837606321018,-8.348062331748037e-05,0.7836624314853293,0.6211854627579362
2026-09-30T01:39:21.498 0.0328078477360353,-0.19424182595954143,-5.161359264816721e-05,0.0013448853269606448,-8.394795658270493e-05,0.7840579644919387,0.6206861465772825
2026-09-30T01:39:21.563 0.03337388307285601,-0.19662707750787636,-5.231440264436637e-05,0.0013466083117859749,-8.389472145588808e-05,0.784432515854314,0.6202127116386782
2026-09-30T01:39:21.608 0.03394373279843766,-0.19901066007816312,-5.320005806493552e-05,0.0013470335519105135,-8.382058114578967e-05,0.784810584886038,0.6197342368512126
2026-09-30T01:39:21.662 0.03452025899222806,-0.20139817647087488,-5.3649233586012424e-05,0.0013475063067653237,-8.588745321697457e-05,0.785174587288316,0.6192729966070871
2026-09-30T01:39:21.717 0.03509249244262558,-0.20378467963879573,-5.48515821731579e-05,0.0013487587555762366,-8.368113923889282e-05,0.7855434766136605,0.6188049936749136
2026-09-30T01:39:21.764 0.03567617019336014,-0.20617016938364602,-5.592301382207838e-05,0.001349777927094806,-8.379726868816072e-05,0.7858916834672878,0.6183627033825033
2026-09-30T01:39:21.806 0.03625841716039326,-0.20855822214626726,-5.718589811495229e-05,0.001349309913836947,-8.407585495499684e-05,0.7862564614571099,0.6178988178585159
2026-09-30T01:39:21.863 0.036841619797924316,-0.21094585766413584,-5.718369321792072e-05,0.0013523309513462697,-8.358531754818534e-05,0.7866019249289427,0.6174589669869366
2026-09-30T01:39:21.957 0.037430064688393494,-0.21333128774444932,-5.903752359085111e-05,0.0013505071075963942,-8.400551721500157e-05,0.7869556176053442,0.6170081239278918
2026-09-30T01:39:22.015 0.038021849827897455,-0.21571779066606858,-5.9391615899412425e-05,0.0013526493795463404,-8.47464499626456e-05,0.787289876178887,0.6165815550467986
2026-09-30T01:39:22.060 0.038614587620678174,-0.2181037571339956,-6.03879652862911e-05,0.0013533016781293492,-8.346801926108002e-05,0.787627592969829,0.6161500924289564
2026-09-30T01:39:22.116 0.03921113962965398,-0.22049306141406258,-6.171817070428444e-05,0.0013537737463346655,-8.469314287801615e-05,0.7879613164201236,0.615723252727377
2026-09-30T01:39:22.156 0.03981055333329343,-0.2228798622629466,-6.260586583513132e-05,0.0013536126049053026,-8.417357252961558e-05,0.7882874706366534,0.6153056348555515
2026-09-30T01:39:22.214 0.0404099675885759,-0.22526743797214976,-6.31508345601703e-05,0.0013557744355245454,-8.388808823409135e-05,0.7886002120728858,0.614904757142981
2026-09-30T01:39:22.257 0.04101319492659232,-0.22765066249443774,-6.468531084697607e-05,0.0013548132648873847,-8.441682290688022e-05,0.7889348307101368,0.6144753780642355
2026-09-30T01:39:22.314 0.041623100482580895,-0.23003644993211592,-6.46657217659104e-05,0.0013570172078593745,-8.551594092688802e-05,0.7892453071488246,0.6140765394760488
2026-09-30T01:39:22.358 0.042231096195974524,-0.23242044925475167,-6.620773722669232e-05,0.0013569691199147962,-8.370382278544628e-05,0.7895566794277193,0.6136761373880784
2026-09-30T01:39:22.411 0.042841476610209255,-0.23480629629130081,-6.744059804167439e-05,0.0013570509683415593,-8.467390430051688e-05,0.7898589917661057,0.6132869836946079
2026-09-30T01:39:22.457 0.04345710237833831,-0.23718922263419667,-6.856254342461241e-05,0.0013558847839425796,-8.606669036779021e-05,0.7901664310481318,0.6128908266678788
2026-09-30T01:39:22.525 0.04407129964916345,-0.23957292385525247,-6.841562977230177e-05,0.0013605535090554142,-8.31273676134314e-05,0.7904573553567192,0.6125155600851712
2026-09-30T01:39:22.565 0.044691692432175016,-0.24195710183581287,-7.04093805201752e-05,0.0013584169061251698,-8.444615590660963e-05,0.7907634841089486,0.6121202984481342
2026-09-30T01:39:22.620 0.04531399579670271,-0.2443418758384327,-7.036469035900493e-05,0.001360343589538173,-8.529850491431832e-05,0.7910521456220784,0.6117472068560588
2026-09-30T01:39:22.659 0.04593629648690773,-0.24672569616704518,-7.200382946402456e-05,0.0013605681977315867,-8.343314193098079e-05,0.7913393183738345,0.6113756824479732
2026-09-30T01:39:22.721 0.046560028690136944,-0.24910874161714783,-7.300448135556853e-05,0.001360094718840436,-8.512918464902337e-05,0.7916198160076503,0.6110124465175742
2026-09-30T01:39:22.763 0.04719234317024213,-0.2514914889360552,-7.45104417418975e-05,0.001359255504652705,-8.551409969262951e-05,0.7919037113663969,0.6106444604153373
2026-09-30T01:39:22.831 0.04782084495642815,-0.25387578602352434,-7.475867445844755e-05,0.0013626893352829818,-8.35609917712305e-05,0.7921760997385762,0.6102910478602105
2026-09-30T01:39:22.874 0.0484526824851714,-0.25625877176702794,-7.633838658854868e-05,0.0013619188313349108,-8.397915829877315e-05,0.7924572532465446,0.6099259298484856
2026-09-30T01:39:22.933 0.04909119783616065,-0.2586428303098462,-7.660245187560014e-05,0.0013626971144824734,-8.495030253061353e-05,0.7927207030878496,0.6095834829913994
2026-09-30T01:39:22.974 0.049723988975602124,-0.2610264716924436,-7.822837518630728e-05,0.0013632874302442317,-8.341863077951015e-05,0.7929907095348623,0.6092321963587534
2026-09-30T01:39:23.031 0.050367274137943445,-0.26340933808216266,-7.757610912983428e-05,0.0013618738284376462,-8.801544598483172e-05,0.7932497503964694,0.6088948768456635
2026-09-30T01:39:23.079 0.05100674019420777,-0.26579345621796324,-7.971922623086779e-05,0.0013635043257765704,-8.475642158874845e-05,0.793510517370035,0.6085550036729978
2026-09-30T01:39:23.135 0.05165192924468451,-0.26817673981658396,-8.126044378395594e-05,0.0013632742379394503,-8.416804715202175e-05,0.7937626432076471,0.6082261098038307
2026-09-30T01:39:23.175 0.052295212034938476,-0.27056020225302685,-8.211319302937449e-05,0.0013648822113656706,-8.335818863389022e-05,0.7940209068202119,0.6078889122860938
2026-09-30T01:39:23.231 0.05294469344358819,-0.27294384342538963,-8.313965590472634e-05,0.0013651283825767413,-8.308384313482973e-05,0.7942639724434573,0.6075712893150178
2026-09-30T01:39:23.287 0.053592267262881736,-0.2753268885753458,-8.431211458296574e-05,0.0013652735007689627,-8.329896196529505e-05,0.7945183033335733,0.6072386637537922
2026-09-30T01:39:23.332 0.054246993730101806,-0.2777103508677531,-8.543627757376233e-05,0.001365734316185793,-8.332005577920246e-05,0.7947593422419081,0.6069231547294562
2026-09-30T01:39:23.375 0.05489933646170323,-0.28009190584149013,-8.625864837481351e-05,0.0013661766774079572,-8.295814905548062e-05,0.7949987122463571,0.6066095731241516
2026-09-30T01:39:23.433 0.055552632251312885,-0.28247512973334765,-8.74848576123693e-05,0.001366120695870651,-8.333192631019365e-05,0.7952324202469543,0.6063031622531799
2026-09-30T01:39:23.474 0.05620974347939141,-0.28485585018200726,-8.822536099521742e-05,0.001367172063768716,-8.249117049090668e-05,0.7954746507669104,0.6059853166727861
2026-09-30T01:39:23.534 0.056872576030854785,-0.287237762651606,-8.943684676355317e-05,0.0013675228731075727,-8.336074116383044e-05,0.7957001926714581,0.6056891333966484
2026-09-30T01:39:23.575 0.05753350129174166,-0.2896184830523148,-9.060061357888283e-05,0.0013671248863423348,-8.279312882056824e-05,0.7959350334169443,0.6053804974513226
2026-09-30T01:39:23.629 0.05819728772762171,-0.2920003359052373,-9.167949693399767e-05,0.0013682558471386581,-8.280941426850687e-05,0.7961586077641172,0.6050864337445025
2026-09-30T01:39:23.672 0.05886250488627801,-0.294380400600779,-9.261163094612331e-05,0.0013681529680969013,-8.243244989739107e-05,0.796381825460246,0.6047926168852871
2026-09-30T01:39:23.735 0.05952915215529974,-0.2967624322316372,-9.38142469929655e-05,0.001368957016249331,-8.277754370756368e-05,0.796598009146101,0.6045078419086343
2026-09-30T01:39:23.783 0.06019675348475966,-0.29914154322284553,-9.475015081143733e-05,0.0013688441120203731,-8.275521064225738e-05,0.7968217036807415,0.6042129524933182
2026-09-30T01:39:23.836 0.06086864604374877,-0.30152119060186156,-9.588655476619672e-05,0.0013696150004556798,-8.265557216350137e-05,0.7970276950772966,0.6039411979676326
2026-09-30T01:39:23.882 0.061538154533976513,-0.30390053998765715,-9.694468340650337e-05,0.0013694877393049941,-8.262829679999717e-05,0.7972496014955057,0.6036482341489569
2026-09-30T01:39:23.935 0.06221386215642426,-0.3062797104814438,-9.784870059873934e-05,0.001370496199030768,-8.268373057584287e-05,0.7974561887434132,0.6033752911235253
2026-09-30T01:39:23.983 0.0628900461169153,-0.3086585829460607,-9.906639576372452e-05,0.0013705769037051627,-8.247057255169967e-05,0.797662061473516,0.603103100973106
2026-09-30T01:39:24.058 0.06356384605922132,-0.31103930318466616,-0.00010019091412071584,0.0013708722957080349,-8.252792940983084e-05,0.797863642532693,0.602836397227932
2026-09-30T01:39:24.110 0.06424575232016942,-0.3134165066471556,-0.00010123884300872176,0.001370841622632508,-8.254472474088181e-05,0.7980721379317811,0.6025603510326665
2026-09-30T01:39:24.161 0.06492670519597014,-0.31579412735413237,-0.00010210645025752177,0.001372372024508697,-8.266723756032142e-05,0.798270022553938,0.6022981660713318
2026-09-30T01:39:24.205 0.06560622673492554,-0.3181734170092715,-0.00010350823657558159,0.001371716080326019,-8.268752883823315e-05,0.7984699950491995,0.6020330377677781
2026-09-30T01:39:24.259 0.06628956407371285,-0.32055270661625473,-0.00010421570063351106,0.0013730942294267615,-8.220343919514943e-05,0.7986589391645856,0.6017823582885514
2026-09-30T01:39:24.304 0.06697671591785835,-0.322928360291896,-0.0001050186035821268,0.00137165644676924,-8.406907216296123e-05,0.7988577797967152,0.6015183780644165
2026-09-30T01:39:24.359 0.06766052941400746,-0.3253061001721883,-0.00010614405381551685,0.0013732729588592743,-8.35595007518472e-05,0.799047379367353,0.6012664905558567
2026-09-30T01:39:24.402 0.0683510182202969,-0.3276818730151991,-0.0001075184776727256,0.0013727590862060734,-8.34554397936749e-05,0.7992393647877616,0.6010112697290595
2026-09-30T01:39:24.453 0.06903864579787584,-0.3300597320568246,-0.0001090373890339624,0.001373173297787605,-8.298757714094805e-05,0.7994246142028189,0.6007648406113915
2026-09-30T01:39:24.505 0.06972865924710375,-0.3324369950217885,-0.00010948718787814242,0.0013748760409645604,-8.121244671428845e-05,0.7996122467646558,0.6005150771998898
2026-09-30T01:39:24.556 0.07042105507025125,-0.33481467518945923,-0.00011108814428218416,0.0013742225709698322,-8.266581937154129e-05,0.799794338001275,0.6002725394183798
2026-09-30T01:39:24.599 0.07105622866829153,-0.3369883889830506,-0.00011213672701994667,0.0013740575960230561,-8.438370495554759e-05,0.7999677862471081,0.6000413700837756
2026-09-30T01:39:24.661 0.07157075833167893,-0.33874695794457077,-0.00011239858765037807,0.0013775316589168043,-8.29938584740614e-05,0.8001106546793502,0.5998508446165011
2026-09-30T01:39:24.709 0.07194127586151858,-0.3400152805160387,-0.00011326730557056519,0.0013772240487697858,-8.365894995971907e-05,0.8002257505610008,0.599697293969368
2026-09-30T01:39:24.764 0.07216301406009801,-0.3407663558532327,-0.00011378167277183927,0.0013769513234854816,-8.358679374640858e-05,0.8003039514380021,0.5995929305212166
2026-09-30T01:39:24.819 0.07225886216410479,-0.3410935841463549,-0.00011403746719083832,0.0013761818696267926,-8.322820538832795e-05,0.8003373899814663,0.5995482977994199
2026-09-30T01:39:24.870 0.07229081115533367,-0.3411983091050315,-0.00011432638165729801,0.001374848065654216,-8.274667136943567e-05,0.8003438878895932,0.599539626766701
2026-09-30T01:39:24.919 0.07229701083129278,-0.3412244754659866,-0.0001140381556169458,0.001375283807383728,-8.227761559331748e-05,0.8003423378368468,0.5995416950393806
2026-09-30T01:39:24.980 0.07229748751403205,-0.3412216144370479,-0.00011411341572782217,0.0013750441056697485,-8.217541440525998e-05,0.8003457950677629,0.5995370804364474
2026-09-30T01:39:25.033 0.07229128864650702,-0.3412110048883068,-0.00011401420951684826,0.0013751100501040773,-8.205688860938187e-05,0.8003395365785552,0.5995454349156876
2026-09-30T01:39:25.081 0.07228699688376305,-0.3411943156418045,-0.00011402232801856141,0.0013749874679106148,-8.218064655312666e-05,0.8003420996544633,0.5995420136875229
2026-09-30T01:39:25.129 0.07228318200545232,-0.3411776859939381,-0.00011400139815546064,0.0013749798074630876,-8.228005738971739e-05,0.8003402519314895,0.5995444802504324
2026-09-30T01:39:25.186 0.07227698280822209,-0.34116147360861865,-0.00011406610542916589,0.0013747874628373194,-8.227823265214448e-05,0.8003375102920735,0.5995481405268551
2026-09-30T01:39:25.235 0.07227078397670021,-0.3411443671535839,-0.0001138923945680193,0.0013749480482813717,-8.223914370487105e-05,0.8003378677900926,0.5995476629391497
2026-09-30T01:39:25.293 0.07226601521247193,-0.3411276779131043,-0.00011400406713763793,0.0013749607939827946,-8.231081202134855e-05,0.8003350067802212,0.5995514820512488
2026-09-30T01:39:25.342 0.07226124668459721,-0.3411110482772419,-0.00011396672827182572,0.0013749774006170798,-8.224971865204177e-05,0.8003351259754123,0.5995513229091005
2026-09-30T01:39:25.397 0.07225790852579748,-0.3410944782280306,-0.00011402105804188815,0.0013748334913039986,-8.222867414164617e-05,0.8003324439018659,0.5995549034987397
2026-09-30T01:39:25.442 0.07225170939474553,-0.34107790821483436,-0.00011404106194638438,0.001374897448535046,-8.232584491371799e-05,0.8003311921638988,0.5995565742521501
2026-09-30T01:39:25.494 0.07224789439413055,-0.341060920939113,-0.00011409463785461991,0.00137475047494007,-8.2387640578518e-05,0.8003303578218199,0.5995576883188191
2026-09-30T01:39:25.539 0.07224264921367356,-0.3410439336813636,-0.00011393733597668628,0.0013750436131064765,-8.211218660916469e-05,0.8003282714443637,0.599560472712743
2026-09-30T01:39:25.606 0.07223931109824223,-0.341027065608923,-0.00011396186351035861,0.0013751307923893904,-8.213192733644918e-05,0.8003263640422434,0.5995630186132006
2026-09-30T01:39:25.648 0.07223406580673765,-0.3410106147929902,-0.00011387906725752255,0.001374791403614003,-8.241439233455134e-05,0.8003248146023488,0.5995650876161657
2026-09-30T01:39:25.709 0.0722278666939929,-0.34099362754727786,-0.00011388417008769539,0.0013750306110143883,-8.225187518549852e-05,0.8003240991632764,0.5995660420870564
2026-09-30T01:39:25.756 0.07222309785007834,-0.34097622305106906,-0.0001140405462020095,0.0013748912176200997,-8.226051927654615e-05,0.8003228475860623,0.599567713055901
2026-09-30T01:39:25.818 0.07221880608583349,-0.3409594145952773,-0.00011404866472322113,0.0013746211643633581,-8.245153098555139e-05,0.8003208212580457,0.5995704184491152
2026-09-30T01:39:25.862 0.07221308395326409,-0.34094260615747934,-0.00011396511459880891,0.0013748910669480249,-8.221638725040858e-05,0.8003200461905378,0.5995714524396532
2026-09-30T01:39:25.917 0.0722068847728402,-0.3409258573303542,-0.00011401492081768925,0.0013746141535847885,-8.263923763990844e-05,0.8003183178887767,0.599573759981509
2026-09-30T01:39:25.960 0.07220306994315095,-0.340909346891772,-0.00011396418864995363,0.0013748052014449323,-8.219179169479676e-05,0.8003171256544521,0.5995753510104993
2026-09-30T01:39:26.014 0.07219925489841714,-0.3408925980346351,-0.00011404756680432849,0.0013747339829710676,-8.230570238234603e-05,0.8003157548150254,0.599577180959302
2026-09-30T01:39:26.065 0.07219305578492193,-0.3408755511842779,-0.00011405266964425058,0.0013746598849984748,-8.240384689118826e-05,0.800313847540411,0.5995797269378531
2026-09-30T01:39:26.116 0.07218828743727486,-0.34085826589730134,-0.00011389612174513483,0.0013747931324823855,-8.230077424373493e-05,0.8003130725809483,0.5995807610543114
2026-09-30T01:39:26.155 0.07218399566702646,-0.34084098060435136,-0.00011390424034434047,0.0013747574606153914,-8.237462696614306e-05,0.8003110460676283,0.5995834660816493
2026-09-30T01:39:26.216 0.0721777965359745,-0.34082441059115515,-0.00011392424424883673,0.0013748241317808577,-8.222388861127063e-05,0.800309317494193,0.5995857732049837
2026-09-30T01:39:26.270 0.07217255091012287,-0.34080760214739203,-0.00011405006405045038,0.001374454362981726,-8.250090109622804e-05,0.8003088409532407,0.5995864100868913
2026-09-30T01:39:26.320 0.07216730575097485,-0.3407904360757056,-0.00011387786105919634,0.0013748120595526256,-8.21647252081214e-05,0.8003068141289031,0.5995891146440238
2026-09-30T01:39:26.375 0.07216206021786357,-0.3407735084226421,-0.00011394407631003585,0.001374748503522415,-8.218846937846797e-05,0.8003049664501098,0.5995915809840029
2026-09-30T01:39:26.416 0.07215919891168185,-0.34075634232097685,-0.00011398425896509424,0.0013747364552001567,-8.227341693363326e-05,0.8003046684388294,0.5995919787703793
2026-09-30T01:39:26.457 0.07215395376003826,-0.34073977229573815,-0.0001138120558763477,0.0013746932346564123,-8.254377288900807e-05,0.8003016882648919,0.5995959565952726
2026-09-30T01:39:26.515 0.07214727755682102,-0.3407232022885726,-0.00011398031727645392,0.0013746928597807183,-8.235516641407444e-05,0.8003015094526843,0.5995961952888988
2026-09-30T01:39:26.560 0.07214346279481097,-0.34070645343140304,-0.00011388488172001084,0.0013747788604403246,-8.224976872446668e-05,0.8003000192806217,0.599598184084556
2026-09-30T01:39:26.619 0.07213964772801772,-0.3406898237835586,-0.00011398316099745534,0.0013744831155592667,-8.248207227408415e-05,0.8002981717854055,0.5996006506249059
2026-09-30T01:39:26.662 0.07213487922145198,-0.34067301533375927,-0.00011393092101832271,0.0013746674562645602,-8.246597021611516e-05,0.8002966815356065,0.5996026392635746
2026-09-30T01:39:26.714 0.0721291572036824,-0.3406559684773685,-0.0001137728652200667,0.0013747504835336908,-8.230190219138006e-05,0.800294952949239,0.599604946253348
2026-09-30T01:39:26.757 0.0721243885344458,-0.3406393388415227,-0.00011382493320966345,0.0013746164653841873,-8.240079787254952e-05,0.8002942378052459,0.599605901051184
2026-09-30T01:39:26.817 0.07211818947182345,-0.3406225900143839,-0.00011380023371570296,0.0013745151216179323,-8.250767660500145e-05,0.8002920921355201,0.5996087650843807
2026-09-30T01:39:26.858 0.07211342072515191,-0.34060542393674337,-0.00011389700522074743,0.0013745303091790993,-8.247694578848076e-05,0.8002918537068602,0.5996090832821165
2026-09-30T01:39:26.921 0.07210912898071516,-0.34058831745772494,-0.00011389022264813717,0.0013747775933576002,-8.227706012517095e-05,0.8002890521157069,0.5996128219783142
2026-09-30T01:39:26.966 0.0721038836177792,-0.3405718070371556,-0.00011385212983275481,0.0013746321020020333,-8.243811866993922e-05,0.80028881381409,0.5996131403451541
2026-09-30T01:39:27.019 0.07209911525782847,-0.3405554158198533,-0.0001137104829299685,0.0013749095551281335,-8.220319399016952e-05,0.8002864294282219,0.599616322108878
2026-09-30T01:39:27.064 0.07209625428569727,-0.3405404550900091,-0.00011355695037091861,0.001374795957181256,-8.264775288241056e-05,0.8003121189121438,0.5995820339434627
2026-09-30T01:39:27.139 0.0720905321905109,-0.34053222972106634,-0.00011351810227031898,0.0013752753674926902,-8.192609884045251e-05,0.8003446624058274,0.5995385919724272
2026-09-30T01:39:27.180 0.07209100889501302,-0.3405310972268259,-0.00011359336209846716,0.001375406571453376,-8.233307638639952e-05,0.800375894883281,0.599496896045188
2026-09-30T01:39:27.235 0.07209243963791208,-0.34053652123147066,-0.0001134913150035233,0.0013758758825182231,-8.185160078972813e-05,0.8004434856323838,0.5994066454207454
2026-09-30T01:39:27.277 0.0720900550067231,-0.34054581958613767,-0.00011384517125391805,0.0013751583557677072,-8.201310222201024e-05,0.8006248616651735,0.5991643623388906
2026-09-30T01:39:27.335 0.0720881487882468,-0.34056054195730034,-0.0001132461074228406,0.0013777223294633124,-8.133272725371218e-05,0.8008723361179735,0.5988335298788057
2026-09-30T01:39:27.378 0.07208528714658628,-0.34057848299149523,-0.0001137780220403405,0.0013764772471211374,-8.105639740515789e-05,0.8013004141881455,0.598260599540163
2026-09-30T01:39:27.434 0.07208814902378335,-0.34060357651086026,-0.0001134398152372688,0.0013754869778387347,-8.25633335699157e-05,0.8018711844106028,0.5974953596730329
2026-09-30T01:39:27.475 0.07209482448118622,-0.3406264050058224,-0.000113793092803377,0.001375072835821096,-7.977191331270179e-05,0.8026047927291631,0.59650955524561
2026-09-30T01:39:27.536 0.07210293104630688,-0.34065930666768585,-0.00011385060766071385,0.0013751071123660195,-7.917344966534508e-05,0.8035282995219066,0.5952649617434471
2026-09-30T01:39:27.574 0.07211008420271979,-0.3406926255740394,-0.00011374270202141292,0.001377100172887042,-7.842326318723849e-05,0.8046470679527169,0.5937517945067632
2026-09-30T01:39:27.634 0.07212152861628916,-0.34073428907667386,-0.00011387999866895241,0.0013776219032259878,-7.799284096672265e-05,0.8059801144380722,0.5919410031459221
2026-09-30T01:39:27.676 0.07213631097645805,-0.34078876753591825,-0.00011406727415860928,0.0013803016035847664,-7.825027531248362e-05,0.8075162305022735,0.5898437302538501
2026-09-30T01:39:27.748 0.07215252447675302,-0.3408502793251724,-0.00011391408400900205,0.0013799547495536384,-7.528991730293163e-05,0.8092551221935943,0.5874557321703047
2026-09-30T01:39:27.795 0.07217779799871113,-0.34092561927795384,-0.00011380501855406647,0.00138063130153823,-7.2552958759354e-05,0.8111975611306373,0.5847705579190725
2026-09-30T01:39:27.846 0.07220402543362092,-0.3410125225198029,-0.00011363785449764721,0.0013834930345508084,-7.16139673285111e-05,0.813325307489855,0.5818075498092099
2026-09-30T01:39:27.906 0.07224169715616469,-0.34112547284734845,-0.00011356328621536625,0.0013770174453854604,-6.385412685243257e-05,0.8155906870324271,0.5786276272107819
2026-09-30T01:39:27.946 0.07228890580911554,-0.34125237054169905,-0.00011348889311062561,0.001382067618002121,-6.34455806174045e-05,0.817943794576429,0.5752964755477563
2026-09-30T01:39:27.994 0.07234612873792148,-0.34139995092166125,-0.00011314720744560497,0.001381811451987558,-5.936947118671064e-05,0.8203590136304753,0.5718471612481877
2026-09-30T01:39:28.051 0.07241002698741027,-0.341565114587854,-0.00011320350363233089,0.00138144470284884,-5.596030928447683e-05,0.8228144653567548,0.5683084057786358
2026-09-30T01:39:28.101 0.07248393904919148,-0.3417459541495441,-0.00011324582750137243,0.0013799664690792928,-5.16614312280715e-05,0.8252995410000469,0.5646935103653599
2026-09-30T01:39:28.153 0.07256405012961539,-0.34193817812034094,-0.00011329795059923868,0.0013796708813785235,-4.786509278748654e-05,0.8278098876350639,0.5610070268283767
2026-09-30T01:39:28.193 0.07265035989567846,-0.34213779298907765,-0.00011353868728994727,0.0013815330091863347,-4.6557366192789675e-05,0.8303428222953383,0.557251188120374
2026-09-30T01:39:28.249 0.07273905432207681,-0.34234539485015275,-0.00011354477404352415,0.0013832298658294686,-4.454519014055002e-05,0.8328950089766892,0.5534292987478934
2026-09-30T01:39:28.291 0.07283394780807755,-0.3425601491905449,-0.0001135010561478498,0.001384977271906715,-4.208452311576843e-05,0.8354651958122044,0.5495416150332243
2026-09-30T01:39:28.345 0.07293217908819849,-0.3427812215812752,-0.00011355202158466548,0.0013870161127735843,-4.014216310141833e-05,0.838050998437593,0.545590137917341
2026-09-30T01:39:28.389 0.07303517850449862,-0.34300652584178287,-0.00011378933934081875,0.0013905496161141242,-3.898624732826112e-05,0.8406493760833259,0.5415779642328078
2026-09-30T01:39:28.443 0.07314294650551355,-0.34323051874004396,-0.00011388518518649035,0.001398740201175907,-4.124017264260512e-05,0.8432577036605468,0.5375076623102591
2026-09-30T01:39:28.489 0.07325214492843111,-0.3434568958060992,-0.00011405779814524767,0.0014026511440734983,-4.059243306124947e-05,0.84587884921973,0.5333732308287772
2026-09-30T01:39:28.543 0.07336372734417597,-0.3436831536328698,-0.00011435338991440696,0.0014065869011861448,-4.036601374447648e-05,0.8485088754794853,0.5291792778599835
2026-09-30T01:39:28.590 0.07348007817821257,-0.34390798088812347,-0.00011461181779056014,0.0014105268733113046,-4.061396377564877e-05,0.8511443850151447,0.5249297520827305
2026-09-30T01:39:28.653 0.07359547548394242,-0.34413495392258203,-0.0001147942317427563,0.0014146698667571861,-4.010912631301577e-05,0.8537856160765359,0.5206228182487164
2026-09-30T01:39:28.698 0.07371468830377867,-0.34436168849033844,-0.000114461137184637,0.0014197028598595051,-3.856425441084419e-05,0.8564288130563573,0.5162631800966122
2026-09-30T01:39:28.749 0.07383723782718847,-0.34458484673751316,-0.00011483367442267758,0.0014242731522703608,-3.872186354371122e-05,0.8590711756259882,0.5118541639521824
2026-09-30T01:39:28.806 0.0739616948568125,-0.344805739984151,-0.00011509001861093094,0.001430974540590178,-4.067508121379825e-05,0.8617082314248931,0.5074020837087537
2026-09-30T01:39:28.868 0.07408758227322564,-0.3450299710729049,-0.00011545293204141835,0.001435825610274163,-4.05212748965853e-05,0.8643413544860455,0.50290352920622
2026-09-30T01:39:28.924 0.07421919224566441,-0.34525599022890335,-0.00011551196834635664,0.001439754496298123,-4.012308342282905e-05,0.8669651201033566,0.4983667384781023
2026-09-30T01:39:28.974 0.07435413982583483,-0.3454847511565703,-0.00011575509542414885,0.0014429396427226464,-3.839474950329659e-05,0.8695779188218947,0.49379364065205716
2026-09-30T01:39:29.026 0.07449528652442071,-0.345714108052613,-0.00011585901206969831,0.001445555403593526,-3.7086853794040164e-05,0.8721774259428873,0.4891875373205864
2026-09-30T01:39:29.071 0.07463786361113924,-0.3459431669074352,-0.0001160396962670497,0.0014485542783619473,-3.585869488152049e-05,0.8747627466489242,0.4845493137750655
2026-09-30T01:39:29.112 0.07478377838991754,-0.3461704375809068,-0.00011631506512278902,0.001451503340450762,-3.4806114315066234e-05,0.8773323911784147,0.4798809928677654
2026-09-30T01:39:29.165 0.07493160043901037,-0.3463972909978595,-0.0001166381531947641,0.0014543480465748976,-3.432530831816731e-05,0.8798860615506864,0.4751824937667153
2026-09-30T01:39:29.206 0.07508609843332502,-0.3466239655168027,-0.00011682278489130829,0.0014574680500412192,-3.3147598112600795e-05,0.8824214925109706,0.47045742022294784
2026-09-30T01:39:29.262 0.07524107324994338,-0.34684950754149174,-0.00011700817070315986,0.0014610782993817136,-3.2106914053894295e-05,0.8849385646782904,0.46570548736779627
2026-09-30T01:39:29.305 0.07539747849731233,-0.34707439389708633,-0.00011724052184017256,0.0014641025811931098,-3.163199073270778e-05,0.8874366828607524,0.4609273145693944
2026-09-30T01:39:29.353 0.07555674449843325,-0.3472968960308968,-0.00011762640837326666,0.0014675962018948457,-3.051115414224872e-05,0.889913879291,0.45612622449898826
2026-09-30T01:39:29.407 0.07572030269009966,-0.3475176695758989,-0.00011758694742525713,0.0014714520065441915,-2.9978552492990926e-05,0.8923698560318095,0.45130241964346557
2026-09-30T01:39:29.455 0.07588433690076779,-0.3477371318128056,-0.00011805487946912012,0.0014752489029994128,-2.949513632668346e-05,0.8948042557901359,0.44645623143884167
2026-09-30T01:39:29.499 0.07605218647142285,-0.3479553423040654,-0.00011809671002381385,0.0014781627876416935,-2.874159738622907e-05,0.8972152314941334,0.4415910354430022
2026-09-30T01:39:29.552 0.07622146593244215,-0.3481730163355831,-0.00011852823216323787,0.0014814198022859327,-2.8057254428047725e-05,0.8996034974196159,0.4367051087845837
2026-09-30T01:39:29.593 0.07639551413334271,-0.34838860414445316,-0.0001187139745209433,0.0014846259298542765,-2.7630481897680832e-05,0.9019675041751676,0.4318013623582307
2026-09-30T01:39:29.644 0.0765709927036148,-0.34860240379598345,-0.00011897648467418191,0.0014886738112705978,-2.7179409410328015e-05,0.9043074298653505,0.42687920469599777
2026-09-30T01:39:29.751 0.07674885531667924,-0.3488125675341766,-0.00011930236964275558,0.0014921477939712601,-2.6616674520870488e-05,0.906623573627074,0.42193775433135516
2026-09-30T01:39:29.801 0.07692671783609552,-0.34901903578439936,-0.00011965805750091896,0.001495722904213045,-2.6412472766658884e-05,0.9089164117556677,0.4169756810133858
2026-09-30T01:39:29.843 0.07710410377720534,-0.34922168934332476,-0.00011981927719957662,0.001499524012259036,-2.5879055796134623e-05,0.9111843348466064,0.41199618771071006
2026-09-30T01:39:29.898 0.07728339682204922,-0.34942005134383486,-0.00012010272246101203,0.0015032205023530025,-2.5690576911858393e-05,0.9134278199904894,0.4069979819796872
2026-09-30T01:39:29.950 0.07746173610762509,-0.34961531391482914,-0.00012041446265440143,0.0015064457357198157,-2.5175095971188043e-05,0.9156462714372047,0.4019821334221269
2026-09-30T01:39:29.998 0.07764007546672634,-0.34980705981176835,-0.00012065169771015577,0.0015099428548466614,-2.5114003184261134e-05,0.9178391521635874,0.39694963181427584
2026-09-30T01:39:30.040 0.07782175257205856,-0.3499957062251637,-0.00012093891421107696,0.0015134771132488997,-2.442581247925842e-05,0.920006164334876,0.39190096501059585
2026-09-30T01:39:30.091 0.07800438331299285,-0.3501813723943137,-0.00012122763905960392,0.0015171667738422124,-2.3994146790736505e-05,0.9221472482526372,0.3868360766130155
2026-09-30T01:39:30.138 0.07818701391691057,-0.3503636410987226,-0.0001215759690341107,0.0015203278278398955,-2.3671833436188137e-05,0.9242619872300077,0.3817557687901747
2026-09-30T01:39:30.203 0.07837107508423201,-0.3505426911342928,-0.00012186695675501919,0.0015239404908451524,-2.3198862844305032e-05,0.9263499632647225,0.3766608854482243
2026-09-30T01:39:30.243 0.0785565669488146,-0.35071792645455996,-0.00012201119546441299,0.0015270435138937694,-2.278829061650959e-05,0.9284107598897156,0.3715523227484944
2026-09-30T01:39:30.301 0.07874158159566387,-0.3508909564090151,-0.00012237819774297976,0.0015300179872660036,-2.2749649091146387e-05,0.9304447344252856,0.36642905821955735
2026-09-30T01:39:30.344 0.07893088798015961,-0.35106184054220035,-0.00012260297431748263,0.0015334796611076761,-2.2558862435986294e-05,0.9324511711391696,0.3612927640742583
2026-09-30T01:39:30.392 0.07911876342742757,-0.3512305789262306,-0.0001230788088764023,0.0015367643954142232,-2.2188003622269075e-05,0.9344307261962621,0.3561416232388627
2026-09-30T01:39:30.434 0.07930902343176607,-0.3513972311176303,-0.00012330509400324514,0.001539856562352761,-2.1722344384407388e-05,0.93638280357105,0.3509770270919847
2026-09-30T01:39:30.487 0.07950166736334668,-0.35156042620964084,-0.00012366925962901604,0.0015431050077685522,-2.12119146089627e-05,0.9383070453650136,0.34579980768555674
2026-09-30T01:39:30.537 0.07969431135164634,-0.3517206410694019,-0.00012397382117197679,0.0015459912195922565,-2.093298803555652e-05,0.9402032731765594,0.34061035595096484
2026-09-30T01:39:30.588 0.07988790917003417,-0.3518783525220538,-0.000124160681844004,0.0015489887647954133,-2.0704027610832823e-05,0.9420712482162634,0.3354092477696482
2026-09-30T01:39:30.630 0.08008341399986961,-0.3520337989742263,-0.00012454427346017533,0.0015520475332598247,-2.0450038945207443e-05,0.9439109705232852,0.3301964119369568
2026-09-30T01:39:30.679 0.08027844220173004,-0.35218709966516315,-0.00012477810007156638,0.0015553229183805427,-1.960667911110766e-05,0.9457224399741946,0.32497176356639634
2026-09-30T01:39:30.723 0.08047823858207294,-0.3523367644127512,-0.000125108873433787,0.0015575682013265239,-1.9525813335643782e-05,0.9475051807256922,0.3197366198889552
2026-09-30T01:39:30.774 0.08067851150604452,-0.3524837469453512,-0.00012560431373304516,0.0015604657771868848,-1.913425923379957e-05,0.9492591914474103,0.3144909410985427
2026-09-30T01:39:30.814 0.08088021534427667,-0.35262917973912766,-0.0001258337955097719,0.001562954159295128,-1.8714948838500494e-05,0.9509844729782563,0.30923468268988685
2026-09-30T01:39:30.868 0.08108144227256049,-0.35277252637634604,-0.000126092325982787,0.001565781740074262,-1.8725149873127243e-05,0.9526810843297243,0.303967596196128
2026-09-30T01:39:30.918 0.08128505314384576,-0.35291366761171544,-0.00012648873674999596,0.0015683426040008972,-1.824117387951816e-05,0.9543489067732934,0.29868997992794427
2026-09-30T01:39:30.962 0.0814905716421486,-0.3530527822651134,-0.0001266944487155799,0.0015706117301479308,-1.7456739513324533e-05,0.9559874635007488,0.2934033103144206
2026-09-30T01:39:31.009 0.08169752030558114,-0.35318885706365327,-0.0001270961378219765,0.001573655709089127,-1.745471919511078e-05,0.957597230496304,0.2881060003693964
2026-09-30T01:39:31.063 0.0819049457497464,-0.3533223688564674,-0.0001275134824202306,0.0015757225362723099,-1.7154813201970276e-05,0.9591777919205459,0.28279936402090267
2026-09-30T01:39:31.112 0.0821152325258687,-0.3534545097063929,-0.00012772673482719312,0.0015785114844576278,-1.6710296965589896e-05,0.9607290868265,0.2774835666265284
2026-09-30T01:39:31.159 0.0823245655113617,-0.3535848028243484,-0.00012799808424651167,0.0015808475102580945,-1.623634863515084e-05,0.962251592969598,0.27215688946819183
2026-09-30T01:39:31.200 0.08253580549704564,-0.35371193687215285,-0.000128466164756213,0.0015829904905625058,-1.5852142140078682e-05,0.9637445353003934,0.26682197167483296
2026-09-30T01:39:31.254 0.08274799939655278,-0.35383573304781046,-0.00012875693996119772,0.0015854673545244989,-1.5511360663225143e-05,0.9652077345924834,0.26147947364088037
2026-09-30T01:39:31.298 0.0829611468722377,-0.3539574430489025,-0.0001290939267952539,0.0015877148611213618,-1.5028322872813176e-05,0.9666414893075951,0.25612830785538737
2026-09-30T01:39:31.349 0.0831738175938912,-0.35407635163768003,-0.00012935565444461232,0.0015894261615010078,-1.4613295743005593e-05,0.9680454420687299,0.25076980599922
2026-09-30T01:39:31.392 0.08339030288303237,-0.3541928163880056,-0.00012968301850453575,0.00159200465978745,-1.4513956839248049e-05,0.9694197109729705,0.2454035233805556
2026-09-30T01:39:31.442 0.08360726486466856,-0.3543071949697744,-0.00013008564254859528,0.0015939797202668268,-1.4083125575253237e-05,0.9707643567859795,0.2400292120226636
2026-09-30T01:39:31.484 0.08382422708370534,-0.3544198450168148,-0.00013032435430713335,0.001595997908975445,-1.3686142967553907e-05,0.972079378996362,0.2346468272391751
2026-09-30T01:39:31.535 0.08404214260774935,-0.35452945521500323,-0.00013077319041898057,0.0015980461354416205,-1.3509381932350835e-05,0.9733647180110426,0.22925656325900334
2026-09-30T01:39:31.581 0.08426196572624527,-0.3546363235754858,-0.00013104622898876196,0.0015997941014517744,-1.2700286530592003e-05,0.97462007607556,0.2238596609664317
2026-09-30T01:39:31.646 0.08448321924772538,-0.3547403308950173,-0.00013136623324442668,0.0016016774511643454,-1.2336213291208978e-05,0.9758453932427656,0.2184564097572607
2026-09-30T01:39:31.686 0.08470304192021541,-0.3548417156282247,-0.00013187769099222947,0.0016033714242926582,-1.22339919444691e-05,0.9770407889755004,0.21304629949505646
2026-09-30T01:39:31.737 0.08492524903347527,-0.3549411333781047,-0.0001322141050012978,0.0016054932444482682,-1.1847724332367288e-05,0.9782063819914217,0.20762874676288484
2026-09-30T01:39:31.779 0.08514984037095949,-0.3550382265168134,-0.00013250958561324057,0.001606750397281538,-1.163961304455659e-05,0.9793418156948073,0.20220540608321683
2026-09-30T01:39:31.832 0.08537538526031076,-0.3551331738763144,-0.00013286617900657222,0.0016085129871754977,-1.1200074181027048e-05,0.9804473274138934,0.19677512730902308
2026-09-30T01:39:31.878 0.08560236057245427,-0.3552249621716378,-0.00013325483699196531,0.0016103962564470208,-1.094022524447279e-05,0.9815226790414896,0.1913390630044626
2026-09-30T01:39:31.931 0.08582933573902976,-0.35531454509511834,-0.00013371800105092138,0.0016117731674605755,-1.0680969757433406e-05,0.982567990278765,0.18589660177830697
2026-09-30T01:39:31.975 0.08605821848775354,-0.35540228025056725,-0.00013402026856414103,0.0016134990231760292,-1.0386495363211227e-05,0.9835831412439352,0.18044833269868696
2026-09-30T01:39:32.024 0.0862890084988335,-0.35548709475441415,-0.00013435535456049675,0.0016151341727965235,-9.962045961858631e-06,0.9845682514895671,0.17499356959939522
2026-09-30T01:39:32.070 0.08651979842226885,-0.35556869060744883,-0.00013472024336844823,0.0016162864887441343,-9.355461879261992e-06,0.9855229637101224,0.1695342901317566
2026-09-30T01:39:32.119 0.08675249571055653,-0.3556480214599632,-0.0001350583459820214,0.0016178381774957199,-9.03347908962399e-06,0.9864473368110923,0.16407021123997897
2026-09-30T01:39:32.164 0.08698566973545808,-0.3557250277253362,-0.00013544190633359144,0.00161900206530377,-8.97169850923895e-06,0.987341431017348,0.1586010004648047
2026-09-30T01:39:32.217 0.08721884375315174,-0.3557995902002709,-0.00013581056594231253,0.0016203599115056102,-8.432721624668132e-06,0.9882051862665291,0.15312701981878055
2026-09-30T01:39:32.258 0.08745344834025265,-0.35587141084352497,-0.00013612188321944133,0.001621775268314897,-8.121711760925491e-06,0.989038662268733,0.1476478727130605
2026-09-30T01:39:32.314 0.08768900637447313,-0.35594025124255557,-0.00013655391798472115,0.0016233467202377656,-7.91544144549242e-06,0.9898418589456011,0.14216349377350232
2026-09-30T01:39:32.360 0.08792456445235858,-0.3560069458743661,-0.00013694124967326946,0.0016240764115863452,-7.42882005879405e-06,0.9906146578815048,0.13667465716412494
2026-09-30T01:39:32.401 0.08815964584389172,-0.3560706006752749,-0.0001372086187884126,0.0016253700964550442,-7.103984751782935e-06,0.9913568791594778,0.1311826827929807
2026-09-30T01:39:32.443 0.08839806473299862,-0.35613199045769683,-0.00013768988178048283,0.0016270836867827692,-6.9370945518942375e-06,0.9920688209027647,0.12568534975545517
2026-09-30T01:39:32.497 0.08863314596950454,-0.3561908172823902,-0.00013801685625558776,0.0016279484696053084,-6.501526408069515e-06,0.9927501861053083,0.12018493137405492
2026-09-30T01:39:32.536 0.08887108808836676,-0.3562462466063221,-0.00013840795943710233,0.001629005392401333,-6.160444242134221e-06,0.9934010931476298,0.1146804884737368
2026-09-30T01:39:32.587 0.08910759967352834,-0.3562997685996315,-0.000138796801140378,0.0016301475400526339,-5.905557727242231e-06,0.9940214825126059,0.10917250060140359
2026-09-30T01:39:32.625 0.08934792596603858,-0.35635072754518293,-0.00013916187241830812,0.001630723159674741,-5.565515392620452e-06,0.9946112355132658,0.10366209964001588
2026-09-30T01:39:32.678 0.08958729847572051,-0.35639858706122135,-0.00013957013977076047,0.0016317481399637434,-5.357356304560527e-06,0.9951705301499545,0.09814760970275967
2026-09-30T01:39:32.729 0.08982667118948694,-0.35644394318215206,-0.00013982939610699964,0.0016327520565718099,-4.86146296601927e-06,0.9956991879915429,0.09263077852458168
2026-09-30T01:39:32.774 0.09006747388365274,-0.35648655747147046,-0.00014040383867585052,0.0016336525758208881,-4.662807564194197e-06,0.9961973879050052,0.08710967505831012
2026-09-30T01:39:32.815 0.0903073233170694,-0.35652637035443957,-0.00014069365213397784,0.001634269755519968,-4.280466376107051e-06,0.9966649512303781,0.08158617611453488
2026-09-30T01:39:32.866 0.0905500335977288,-0.3565637394109689,-0.00014107739642766313,0.0016351837131822766,-3.917575957538558e-06,0.9971017583098059,0.07606188095472109
2026-09-30T01:39:32.912 0.09078988273025362,-0.3565983666898703,-0.0001415162221596567,0.0016356439372255604,-3.531051484074642e-06,0.9975080481365106,0.0705338114618174
2026-09-30T01:39:32.961 0.09103259303836476,-0.35663043093300417,-0.00014184036275075257,0.0016361658612216213,-3.2753711712633118e-06,0.9978836415038145,0.06500431500780002
2026-09-30T01:39:33.004 0.09127387268446745,-0.3566597533805025,-0.00014223674771293973,0.0016375555303248103,-2.946875084398924e-06,0.9982286569722936,0.05947156297334324
2026-09-30T01:39:33.063 0.09151658282179202,-0.3566857379498807,-0.0001426204938687316,0.0016377273484294767,-2.570642630567587e-06,0.9985429769928834,0.05393737980949833
2026-09-30T01:39:33.104 0.09175929283936025,-0.35670969596134755,-0.00014306384492627063,0.00163856688487849,-2.42667260303942e-06,0.9988266596723525,0.04840060971150613
2026-09-30T01:39:33.153 0.09200247984895357,-0.35673103136241924,-0.00014338874120230292,0.0016390317660449827,-1.9024781357232844e-06,0.9990796462364303,0.04286226834104655
2026-09-30T01:39:33.193 0.09224566663404307,-0.35674950574056385,-0.00014383284708684448,0.0016388332893569636,-1.6699410320464956e-06,0.9993019369129771,0.03732228696950019
2026-09-30T01:39:33.244 0.0924902841063414,-0.35676523828701406,-0.000144145104926953,0.0016394915915095526,-1.3305755231415596e-06,0.9994934113128777,0.031784159697838245
2026-09-30T01:39:33.286 0.0927329940572593,-0.35677828864847977,-0.0001445437543409001,0.001639875822272019,-9.9079692787341e-07,0.9996542491131268,0.02624296165405922
2026-09-30T01:39:33.341 0.09297522709147485,-0.35678871641158444,-0.00014497145253887883,0.0016404679363365513,-7.955772451930709e-07,0.9997844499215753,0.020696921494033106
2026-09-30T01:39:33.384 0.09321936748453921,-0.35679640233701043,-0.00014537236462047328,0.0016400811065144783,-3.123307270474379e-07,0.9998838359086353,0.015153376603915253
2026-09-30T01:39:33.435 0.09346255431057028,-0.3568012868561227,-0.00014568236244473019,0.0016408821665586577,8.068899429490989e-08,0.9999524053933,0.009617403696548807
2026-09-30T01:39:33.481 0.09370717130548326,-0.35680342954360084,-0.00014618833736105354,0.0016389736747457217,1.108513114742688e-07,0.9999903997165502,0.004063771649010562
2026-09-30T01:39:33.529 0.09394892771996058,-0.35680300926731956,-0.00014639176626480158,0.0016231475119068994,5.757811470747612e-07,0.9999976493651784,-0.0014375868463094997
2026-09-30T01:39:33.571 0.09419306764659968,-0.3567998471474357,-0.00014700129611671363,0.0016396902955185392,9.084287789058841e-07,0.9999741766575814,-0.006996958832378265
2026-09-30T01:39:33.624 0.09443577757166963,-0.35679400283648444,-0.00014726583833805926,0.001640798948321286,1.122267021274369e-06,0.9999199005809514,-0.012549908355530893
2026-09-30T01:39:33.666 0.09467991778192214,-0.3567852974845958,-0.00014765185195812904,0.0016410447402570054,1.5866157599079546e-06,0.9998349288354647,-0.018094807272382853
2026-09-30T01:39:33.718 0.09492358119552527,-0.3567741483482668,-0.00014799240862014193,0.0016413536131756287,1.9394520180939982e-06,0.9997192010352242,-0.023639480452164893
2026-09-30T01:39:33.771 0.09516772119837683,-0.3567601977876547,-0.00014846782995355459,0.0016410553344606467,2.236349972313695e-06,0.9995727773289687,-0.02918166813669379
2026-09-30T01:39:33.814 0.09541138435445656,-0.3567435650240287,-0.00014892759665304366,0.00164105145395286,2.590831677818772e-06,0.9993956569990556,-0.034722150204722545
2026-09-30T01:39:33.857 0.09565361734554581,-0.3567243692786441,-0.00014914668370044498,0.001640837900057681,3.056476755480898e-06,0.9991877212140728,-0.040264195219474164
2026-09-30T01:39:33.909 0.09589632683389357,-0.35670255092292164,-0.00014956023996027097,0.0016407265343299701,3.455319007856657e-06,0.9989490889594379,-0.045804210195235034
2026-09-30T01:39:33.950 0.09613808263440472,-0.35667769274232003,-0.00014995738771459723,0.0016403316494194725,3.6261509665571807e-06,0.9986798201505672,-0.05134127114672845
2026-09-30T01:39:34.001 0.0963812689373944,-0.35665039075326976,-0.00015034189651628947,0.0016397342219497467,4.055165102811285e-06,0.9983798551094669,-0.05687685088713311
2026-09-30T01:39:34.045 0.09662302474554918,-0.3566205257824992,-0.00015069434166184816,0.0016397736246334057,4.403604964123803e-06,0.998049073951646,-0.062412796022370993
2026-09-30T01:39:34.095 0.09686239626569186,-0.35658791902809445,-0.00015108772103321862,0.0016387904090532331,4.724726677170783e-06,0.9976876568227677,-0.06794596211083904
2026-09-30T01:39:34.138 0.0971036750526934,-0.35655274924995645,-0.00015151391882922967,0.0016387242610075646,5.010351138091173e-06,0.9972956617981987,-0.0734756933698867
2026-09-30T01:39:34.189 0.09734352346116072,-0.35651489728079483,-0.00015183354727576486,0.0016380102910538432,5.4411172566466396e-06,0.996872851675678,-0.07900528137208593
2026-09-30T01:39:34.232 0.09758241787250556,-0.35647376706821043,-0.00015233048210918339,0.0016370030674888005,5.8858949902753675e-06,0.9964195838321875,-0.08453007241215121
2026-09-30T01:39:34.282 0.0978227430773076,-0.3564308486982372,-0.00015263596417190825,0.001636255993347362,6.190684917846454e-06,0.995935559783549,-0.09005378052380163
2026-09-30T01:39:34.322 0.09806068419938638,-0.35638465210280224,-0.0001528482702650747,0.0016356473248527528,6.6617989839108e-06,0.9954208988448762,-0.09557488559400926
2026-09-30T01:39:35.247 0.09829767124135806,-0.356336071333627,-0.00015329748716915833,0.0016346495193785794,6.907521837953026e-06,0.9948757206501997,-0.10109217741240412
2026-09-30T01:39:36.483 0.0985351350390013,-0.35628480834943915,-0.00015377726072716616,0.0016336573739110843,6.975429125264973e-06,0.9943000248866471,-0.10660577669780015
2026-09-30T01:39:36.538 0.0987716453638525,-0.35623074395892657,-0.00015410651545756378,0.0016325044639885983,7.460438908720348e-06,0.993693692469278,-0.1121168159567915
2026-09-30T01:39:36.578 0.09900910940549296,-0.35617453378918734,-0.00015439257497137322,0.0016318961022972467,7.84646164464888e-06,0.9930567824491303,-0.11762467294460391
2026-09-30T01:39:36.627 0.09924275848001002,-0.3561152242259746,-0.00015482161497725207,0.0016310534191070376,8.292344101917925e-06,0.992389474265257,-0.12312786428549867
2026-09-30T01:39:36.664 0.09947736113070486,-0.3560538284881963,-0.00015529686661220238,0.0016296200764812096,8.585953064279616e-06,0.9916915297683483,-0.12862835632317296
2026-09-30T01:39:36.714 0.09970910313028314,-0.35598986978666686,-0.0001555142756622819,0.001628779116436816,9.041343209361017e-06,0.9909630076315221,-0.13412555499505655
2026-09-30T01:39:36.758 0.09994275211249556,-0.3559232288521474,-0.00015594331686731838,0.0016270666689705729,9.383340341723858e-06,0.9902130885406694,-0.1395542613063334
2026-09-30T01:39:36.810 0.1001697251292242,-0.35585515749022867,-0.00015651081471101548,0.0016255205521419523,9.461345460876736e-06,0.98945595814885,-0.1448249442504946
2026-09-30T01:39:36.850 0.10039145324329934,-0.3557865497525091,-0.00015687630455828172,0.0016230959799546148,9.726607678516485e-06,0.9887037174267648,-0.14987436275537275
2026-09-30T01:39:36.901 0.10060555173977882,-0.3557181805294507,-0.00015737874291108634,0.0016208907333454814,9.7666501705765e-06,0.9879589880804164,-0.1547074997825339
2026-09-30T01:39:36.939 0.100811543977337,-0.35565058626883794,-0.00015789816661106914,0.0016186468127681907,9.686305955330832e-06,0.9872269559971755,-0.1593120122314132
2026-09-30T01:39:37.000 0.10100799969389773,-0.35558472066297014,-0.00015828330228634564,0.0016167646795282214,9.729979390703558e-06,0.9865179327359499,-0.16364520881372122
2026-09-30T01:39:37.036 0.10119539532399689,-0.3555204644966008,-0.00015878822331014475,0.001614686086714021,9.62476402854254e-06,0.9858408596342262,-0.16767585446883979
2026-09-30T01:39:37.100 0.10137087032246969,-0.35545805622427473,-0.00015911038321167638,0.0016124304162200389,9.498453273790836e-06,0.9852031277856294,-0.17138318756326454
2026-09-30T01:39:37.143 0.10153537761601479,-0.3553980918805204,-0.00015972812631577242,0.001610289406402898,9.844509168867197e-06,0.9846116512134349,-0.17474925798373706
2026-09-30T01:39:37.195 0.10171848205199482,-0.35533049790803095,-0.00015998784423379414,0.0016089572101256283,1.0099186549464276e-05,0.9840737608730942,-0.17775332434524732
2026-09-30T01:39:37.251 0.10188108233543584,-0.3552691626814196,-0.00016037905470331397,0.001606507165699576,9.467654002906771e-06,0.9835922000795098,-0.18039901049573334
2026-09-30T01:39:37.292 0.10202413237356446,-0.3552139669793627,-0.0001607542541782921,0.0016053558727227193,1.0124318800681873e-05,0.9831704836155719,-0.18268339518725518
2026-09-30T01:39:37.336 0.10216336802668434,-0.35516073827857775,-0.00016094460818015397,0.0016038712291820262,1.0005726782391383e-05,0.9828125467242889,-0.1845993648371609
2026-09-30T01:39:37.392 0.10227447035447113,-0.35511752351232717,-0.00016115008324018787,0.00160278975884519,1.0037770240329446e-05,0.9825189848158483,-0.186155514129093
2026-09-30T01:39:37.434 0.10237317475157187,-0.3550787196459059,-0.0001614849668225963,0.0016019003541448244,9.618104884772801e-06,0.9822927187237467,-0.1873457994326476
2026-09-30T01:39:37.487 0.10246663399481404,-0.35504188279879695,-0.00016179665570992336,0.0016012735025387815,1.0089258796143696e-05,0.9821366690713826,-0.18816216167642813
2026-09-30T01:39:37.527 0.10253005331185315,-0.3550162520030467,-0.00016165851432053797,0.0016009492436150404,9.138261467131118e-06,0.9820397489649082,-0.18866734834345886
2026-09-30T01:39:37.583 0.10257678244673558,-0.3549975355563244,-0.000162119832235595,0.0016007817682776669,9.297029295491657e-06,0.9819863415702123,-0.18894513060898396
2026-09-30T01:39:37.624 0.10260968432571874,-0.35498561421309865,-0.00016197814050700188,0.0016008244733614753,9.325382414087021e-06,0.9819627373177435,-0.18906776508301756
2026-09-30T01:39:37.684 0.10262303553005067,-0.354979415161963,-0.00016208865841833863,0.0016008020239649038,9.34794994303947e-06,0.9819551672957605,-0.18910707751602276
2026-09-30T01:39:37.722 0.1026268503403494,-0.354979415113922,-0.00016202018414607097,0.001600713562061794,9.33840083474343e-06,0.9819540348400689,-0.1891129585464612
2026-09-30T01:39:37.778 0.10262541959956248,-0.3549797727598282,-0.00016216693372304213,0.0016007516726950768,9.295283926376357e-06,0.9819560614347468,-0.18910243499024557
2026-09-30T01:39:37.828 0.10262160503687401,-0.3549807264821583,-0.00016208639641364023,0.0016006446151330053,9.306095119331484e-06,0.9819593994896474,-0.1890851014864569
2026-09-30T01:39:37.879 0.10261779022702919,-0.3549826338788348,-0.0001621697715165001,0.0016006634736814172,9.412196489837905e-06,0.9819635123309698,-0.18906374120512914
2026-09-30T01:39:37.921 0.10261540636025833,-0.3549834087691983,-0.00016197228688601562,0.001600715986560223,9.426150229395426e-06,0.9819675655390987,-0.18904268790062737
2026-09-30T01:39:37.988 0.10261445244072813,-0.3549844220601963,-0.00016213469142838485,0.0016006895705925918,9.36110016088678e-06,0.9819713803831942,-0.18902287113889862
2026-09-30T01:39:38.029 0.10260873051198299,-0.35498567382976665,-0.0001620660394925183,0.001600727210320384,9.259168521986155e-06,0.9819745991105395,-0.1890061488109878
2026-09-30T01:39:38.083 0.10260825359093538,-0.354986448696163,-0.00016212489000597908,0.0016007428736930151,9.21238456126212e-06,0.981977162182519,-0.18899283184647825
2026-09-30T01:39:38.141 0.10260586940962554,-0.3549865679354697,-0.00016212112033612238,0.0016007280115595238,9.290425155614105e-06,0.981979308032333,-0.18898168212782374
2026-09-30T01:39:38.189 0.10260491567857787,-0.35498758122644586,-0.00016216431573794633,0.0016007417579011558,9.371786213846275e-06,0.9819806193669492,-0.18897486797375185
2026-09-30T01:39:38.230 0.10260443903350001,-0.35498781965100645,-0.00016204435262833243,0.0016007723466432778,9.300429068958391e-06,0.9819816326551997,-0.18896960223598083
2026-09-30T01:39:38.285 0.10260396217863066,-0.354988236889526,-0.0001620584997725842,0.001600767646698277,9.232618930233729e-06,0.9819821691184408,-0.18896681452345598
2026-09-30T01:39:38.331 0.10260300862330796,-0.3549882369015192,-0.00016198248619960016,0.0016007706861929992,9.216043439234895e-06,0.9819825267557193,-0.18896495599641688
2026-09-30T01:39:38.382 0.10260348534206852,-0.35498823689552944,-0.00016205774584251257,0.0016008196689406109,9.359123686942976e-06,0.9819827651434385,-0.18896371675546925
2026-09-30T01:39:38.424 0.10260396219768832,-0.35498787926165465,-0.00016204359868851153,0.0016006837765492148,9.40739035917765e-06,0.9819827056442473,-0.1889640271018596
2026-09-30T01:39:38.474 0.10260348538318559,-0.3549877600583658,-0.00016202794363537025,0.0016007619272563089,9.290164380356805e-06,0.9819825267626372,-0.18896495603103727
2026-09-30T01:39:38.511 0.10260396208589029,-0.3549883560988265,-0.00016211810432335835,0.0016006687969820522,9.366329109651547e-06,0.9819822288031859,-0.18896650519709057
2026-09-30T01:39:38.565 0.1026030085025046,-0.35498799848295376,-0.00016205699195143792,0.001600716839857342,9.309069819263496e-06,0.9819820499453716,-0.18896743424205564
2026-09-30T01:39:38.605 0.102603962174128,-0.35498787926165737,-0.00016205849983107968,0.0016007391400053566,9.243627225128575e-06,0.9819818115012953,-0.18896867314292032
2026-09-30T01:39:38.656 0.10260300842882188,-0.3549877600643829,-0.0001621016954181394,0.0016007772168324763,9.355497068301244e-06,0.981981871077798,-0.1889683632233808
2026-09-30T01:39:38.719 0.1026044389164489,-0.3549878792556649,-0.00016211885833142397,0.0016007850653920117,9.392452763348786e-06,0.9819816922517505,-0.18896929242960264
2026-09-30T01:39:38.853 0.10260348531100377,-0.35498764084908446,-0.00016207264708257324,0.0016007387703695175,9.374175893076787e-06,0.9819816922883496,-0.1889692926324887
2026-09-30T01:39:38.891 0.10260396219843876,-0.3549879388662994,-0.0001620435986787623,0.0016007291369603935,9.339968388951132e-06,0.9819815730827413,-0.18896991216841869
2026-09-30T01:39:38.946 0.10260443903199913,-0.35498770044171696,-0.00016204435264783094,0.001600743831691213,9.390411700947314e-06,0.9819815730711206,-0.1889699121018298
2026-09-30T01:39:38.991 0.10260443884501749,-0.3549878196510283,-0.0001621635617688777,0.0016007015809862825,9.384180122362599e-06,0.9819816923177478,-0.18896929279424704
2026-09-30T01:39:39.036 0.10260348536037572,-0.3549878196630133,-0.00016204284476818915,0.0016006818810250876,9.39653175507446e-06,0.9819817519399334,-0.1889689831326828
2026-09-30T01:39:39.073 0.10260396221974773,-0.3549877600523624,-0.0001620286975654419,0.001600746987252674,9.32222786174167e-06,0.9819818114950849,-0.18896867310485746
2026-09-30T01:39:39.123 0.10260491589212158,-0.3549877004357108,-0.00016203020543533443,0.001600804516273844,9.284441392175214e-06,0.9819817518429967,-0.18896898260312212
2026-09-30T01:39:39.162 0.10260443912548994,-0.35498764083706125,-0.00016198474808730757,0.0016007553242372013,9.394320438678872e-06,0.9819816922752616,-0.18896929255927364
2026-09-30T01:39:39.218 0.10260491577807222,-0.3549879984589483,-0.00016210471109942898,0.0016007058824390147,9.416266649186261e-06,0.981981573101118,-0.18896991226612092
2026-09-30T01:39:39.258 0.10260443886857781,-0.3549878196510256,-0.00016214866062630955,0.0016007344455950872,9.316686807530812e-06,0.9819815134719334,-0.1889702218917176
2026-09-30T01:39:39.307 0.10260396217562888,-0.3549879984709469,-0.0001620584998115812,0.0016006910227967228,9.343292304298869e-06,0.9819814538996449,-0.18897053182465315
2026-09-30T01:39:39.350 0.10260348528894433,-0.35498776005837673,-0.00016208754820564288,0.001600668269169501,9.424389014777873e-06,0.9819816923440783,-0.18896929293759138
2026-09-30T01:39:39.399 0.10260443894075964,-0.35498793886030694,-0.0001621039571791066,0.0016007474610519844,9.319298529337755e-06,0.981981692281484,-0.1889692925972615
2026-09-30T01:39:39.442 0.102603008427321,-0.3549876408550934,-0.00016210169543763792,0.0016007401906358157,9.301389471193048e-06,0.9819818711070729,-0.18896836338757433
2026-09-30T01:39:39.512 0.10260443896356952,-0.35498787925565944,-0.00016208905604628765,0.0016006946526055709,9.354563836291579e-06,0.981981811536454,-0.18896867333160125
2026-09-30T01:39:39.558 0.10260491582369198,-0.35498787924965325,-0.00016207490883379114,0.0016007219370298025,9.430456060432174e-06,0.9819818115148785,-0.1889686732088274
2026-09-30T01:39:39.606 0.10260396226686837,-0.3549877600523569,-0.00016199889528030557,0.0016007583228326296,9.35496812095854e-06,0.9819818114861212,-0.1889686730537968
2026-09-30T01:39:39.641 0.10260396210644881,-0.3549881176802447,-0.0001621032032197872,0.001600759022962993,9.334490317114247e-06,0.9819818114855693,-0.18896867305174592
2026-09-30T01:39:39.690 0.10260491573020115,-0.35498793885430896,-0.00016213451339431453,0.0016007683766577393,9.34911728197942e-06,0.9819818114781738,-0.18896867301021827
2026-09-30T01:39:39.730 0.10260253168349921,-0.3549875216517963,-0.00016204133695679212,0.0016007582212978302,9.22763501867113e-06,0.9819818114862122,-0.18896867306044338
2026-09-30T01:39:39.790 0.10260348529194611,-0.35498799847695583,-0.00016208754816664589,0.0016008599336040275,9.194901227877149e-06,0.9819818114058089,-0.18896867261822303
2026-09-30T01:39:39.828 0.10260443903274957,-0.3549877600463617,-0.00016204435263808168,0.001600746076404011,9.288945619788702e-06,0.9819818711024212,-0.18896836336250147
2026-09-30T01:39:39.879 0.10260396214756591,-0.35498764084308104,-0.00016207340101264488,0.001600751940326684,9.39030740491489e-06,0.9819819307043901,-0.18896805358347235
2026-09-30T01:39:39.918 0.1026044389385083,-0.3549877600463726,-0.00016210395720835433,0.0016007584157768677,9.385940488265328e-06,0.9819817518794316,-0.18896898279929672
2026-09-30T01:39:39.971 0.1026039620776354,-0.35498770044773403,-0.0001621181044306001,0.001600691903603995,9.349776354727177e-06,0.9819817519320144,-0.18896898309125598
2026-09-30T01:39:40.012 0.10260396226836926,-0.35498787926164643,-0.00016199889526080706,0.0016007499161528349,9.36219321483631e-06,0.9819816326729263,-0.18896960233082344
2026-09-30T01:39:40.067 0.10260539258807229,-0.3549877600343685,-0.00016212036621106576,0.0016007607754538148,9.270744625316081e-06,0.9819815730577364,-0.18896991203375973
2026-09-30T01:39:40.106 0.10260348526613446,-0.35498781966302423,-0.0001621024493384618,0.0016007138834409516,9.357671180119379e-06,0.9819816327014116,-0.18896960248825145
2026-09-30T01:39:40.157 0.1026044390600621,-0.35498805806958283,-0.0001620294514467673,0.0016008038093784493,9.332763708634366e-06,0.9819815134170982,-0.18897022158829369
2026-09-30T01:39:40.208 0.10260443898863073,-0.3549879984649462,-0.00016207415488422102,0.0016007991937081287,9.338221986957712e-06,0.9819816326339731,-0.18896960211699595
2026-09-30T01:39:40.250 0.10260443894151008,-0.3549879984649517,-0.00016210395716935734,0.0016007269143681667,9.379999817537565e-06,0.9819816922977215,-0.18896929268392876
2026-09-30T01:39:40.287 0.10260443889138768,-0.35498776004637805,-0.00016213375949349063,0.0016007036444957963,9.369705831209272e-06,0.9819817519227312,-0.18896898303905577
2026-09-30T01:39:40.342 0.10260396219618742,-0.3549877600523651,-0.00016204359870801004,0.0016007718696270901,9.249296349206751e-06,0.9819817518688079,-0.18896898274727342
2026-09-30T01:39:40.379 0.10260348536187662,-0.35498793887230284,-0.00016204284474869067,0.0016007327985899016,9.341573686677532e-06,0.9819817518996865,-0.18896898291324196
2026-09-30T01:39:40.431 0.10260396207913629,-0.35498781965702353,-0.00016211810441110159,0.0016007530756415483,9.305110338866644e-06,0.9819818114902734,-0.18896867307912957
2026-09-30T01:39:40.477 0.10260300856868289,-0.35498764085507695,-0.00016201228858222895,0.001600754392948153,9.261172999947264e-06,0.9819818114892358,-0.18896867307552095
2026-09-30T01:39:40.533 0.10260443898863073,-0.3549879984649462,-0.00016207415488422102,0.0016007640694327375,9.302847231526658e-06,0.9819817518749696,-0.1889689827787012
2026-09-30T01:39:40.575 0.10260396215056769,-0.3549878792616601,-0.00016207340097364786,0.0016006900402302003,9.4515336925457e-06,0.9819816923268653,-0.18896929284126912
2026-09-30T01:39:40.634 0.10260443901294147,-0.3549880580695883,-0.00016205925373190359,0.0016007083323800579,9.408701170062962e-06,0.9819815730991821,-0.18896991225580595
2026-09-30T01:39:40.689 0.1026039619377744,-0.35498781965703996,-0.00016220751126651053,0.0016006682058261133,9.366010619894595e-06,0.9819816327375201,-0.18896960268711763
2026-09-30T01:39:40.735 0.10260396205632642,-0.354987879261671,-0.00016213300554392048,0.0016006858897924603,9.378889386964695e-06,0.9819816327235393,-0.18896960260933698
2026-09-30T01:39:40.777 0.1026044390813711,-0.35498787925564573,-0.00016201455033344685,0.0016006958990159934,9.24801873658496e-06,0.9819815731090249,-0.1889699123179088
2026-09-30T01:39:40.831 0.10260443901219103,-0.3549879984649435,-0.00016205925374165284,0.0016007671117623241,9.365440642746467e-06,0.9819815134461057,-0.18897022174680858
2026-09-30T01:39:40.882 0.10260443896206863,-0.3549877600463699,-0.00016208905606578615,0.0016007633584965172,9.391344489497994e-06,0.9819816326622972,-0.18896960227074097
2026-09-30T01:39:40.966 0.10260491577582088,-0.35498781964501397,-0.00016210471112867672,0.00160071186436962,9.307810193378323e-06,0.9819815730963986,-0.18896991224534812
2026-09-30T01:39:41.015 0.10260396222199906,-0.3549879388662967,-0.00016202869753619416,0.001600762108937062,9.347934854116959e-06,0.9819815730566754,-0.18896991202417363
2026-09-30T01:39:41.067 0.1026039621292587,-0.3549880580755972,-0.00016208830208696827,0.0016007355689702189,9.206539802200553e-06,0.9819815730776682,-0.1889699121468443
2026-09-30T01:39:41.112 0.10260443915280248,-0.35498793886028235,-0.00016196984689599315,0.0016007696830576286,9.299984387213325e-06,0.9819815730506921,-0.1889699119934718
2026-09-30T01:39:41.161 0.10260396222349995,-0.35498805807558625,-0.00016202869751669565,0.0016007358369367504,9.369656199690015e-06,0.9819816326840557,-0.18896960239188362
2026-09-30T01:39:41.204 0.1026044389400092,-0.35498787925566216,-0.00016210395718885582,0.0016007072741843586,9.4261625427154e-06,0.9819816923132435,-0.18896929276733868
2026-09-30T01:39:41.255 0.10260396209894437,-0.354987521633797,-0.00016210320331727968,0.0016006774964138564,9.3770253730628e-06,0.981981692336788,-0.1889692928996718
2026-09-30T01:39:41.302 0.10260443887007871,-0.35498793886031516,-0.00016214866060681107,0.001600672577317948,9.335913760609658e-06,0.9819816923406802,-0.1889692929231488
2026-09-30T01:39:41.352 0.10260348524107327,-0.35498770045373745,-0.00016211735050052846,0.0016006655602651752,9.332488225343529e-06,0.9819818115594542,-0.18896867345960147
2026-09-30T01:39:41.394 0.10260443908062064,-0.35498781965100096,-0.0001620145503431961,0.0016007779537049068,9.317141435428459e-06,0.9819816922573791,-0.18896929246432637
2026-09-30T01:39:41.446 0.10260300835664006,-0.3549876408551016,-0.0001621463988653424,0.0016007073348416531,9.32300695911372e-06,0.9819818711330446,-0.18896836352986382
2026-09-30T01:39:41.497 0.10260396215206857,-0.35498799847094964,-0.00016207340095414938,0.0016007359108283798,9.333009028121307e-06,0.981981751897227,-0.1889689829000828
2026-09-30T01:39:41.545 0.10260300845463353,-0.3549879388783145,-0.0001620867942463235,0.001600718778238717,9.255079222126562e-06,0.9819818115173908,-0.18896867323120073
2026-09-30T01:39:41.604 0.10260443901219103,-0.3549879984649435,-0.00016205925374165284,0.0016007415444249733,9.186057777842924e-06,0.9819818114993994,-0.18896867313521137
2026-09-30T01:39:41.649 0.10260348528744345,-0.35498764084908724,-0.00016208754822514139,0.001600669521081117,9.40946080605348e-06,0.9819819903761563,-0.18896774419310003
2026-09-30T01:39:41.702 0.10260300840976423,-0.35498811769225425,-0.00016211659650221206,0.0016007580657808789,9.371938928602684e-06,0.9819819306995493,-0.1889680535576507
2026-09-30T01:39:41.754 0.10260443898712984,-0.35498787925565667,-0.0001620741549037195,0.0016008417817784794,9.236147946446117e-06,0.9819818710267683,-0.18896836294748165
2026-09-30T01:39:41.802 0.10260396212550647,-0.3549877600523733,-0.00016208830213571452,0.0016007532839931462,9.231160415912538e-06,0.9819818710967284,-0.1889683633338605
2026-09-30T01:39:41.853 0.10260443892020112,-0.35498817727888876,-0.00016211885828267773,0.0016007200033301698,9.358733987943525e-06,0.9819818115164134,-0.1889686732207974
2026-09-30T01:39:41.900 0.1026044390798702,-0.3549877600463562,-0.00016201455035294536,0.0016007514242435828,9.381736990925993e-06,0.981981751884959,-0.18896898283000785
2026-09-30T01:39:41.950 0.1026049159658043,-0.35498793885428165,-0.00016198550196863296,0.0016008175900156746,9.269920637989672e-06,0.9819816326194362,-0.18896960204006022
2026-09-30T01:39:41.997 0.10260491589362246,-0.3549878196450003,-0.00016203020541583592,0.0016007860801479767,9.2842553646027e-06,0.9819816922509577,-0.18896929243047308
2026-09-30T01:39:42.042 0.102604438914948,-0.35498776004637533,-0.00016211885835092248,0.0016006944008295704,9.340888841548566e-06,0.9819816923234278,-0.18896929282769742
2026-09-30T01:39:42.081 0.10260396231548989,-0.354987879261641,-0.00016196909297567074,0.0016006864161671854,9.34282045945373e-06,0.9819816327231262,-0.18896960260881124
2026-09-30T01:39:42.130 0.10260443896431996,-0.3549879388603042,-0.00016208905603653842,0.0016008037289735996,9.171281042129008e-06,0.9819815730237891,-0.18896991185115658
2026-09-30T01:39:42.169 0.10260443905405855,-0.3549875812324247,-0.00016202945152476127,0.0016007478753040651,9.318961794840998e-06,0.9819816922811567,-0.18896929259547052
2026-09-30T01:39:42.220 0.1026044389385083,-0.3549877600463726,-0.00016210395720835433,0.0016007566190691627,9.37018432484146e-06,0.9819817518808533,-0.18896898280791077
2026-09-30T01:39:42.262 0.10260396214756591,-0.35498764084308104,-0.00016207340101264488,0.0016007217185365593,9.384507784146718e-06,0.981981751908442,-0.1889689829594747
2026-09-30T01:39:42.312 0.1026039621991892,-0.3549879984709442,-0.00016204359866901305,0.001600702504635262,9.25701021463597e-06,0.9819818115302552,-0.18896867330210512
2026-09-30T01:39:42.350 0.10260300847744341,-0.35498787927366693,-0.00016207189311350458,0.0016007283084887788,9.350338297465479e-06,0.9819818711164618,-0.18896836343702128
2026-09-30T01:39:42.414 0.10260443887082915,-0.35498799846495993,-0.00016214866059706181,0.0016007315553852681,9.30321855277753e-06,0.9819819307205124,-0.18896805367667943
2026-09-30T01:39:42.448 0.1026034851932022,-0.3549876408490982,-0.00016214715279541403,0.0016007010262441275,9.381557517561931e-06,0.9819819903512531,-0.1889677440570283
2026-09-30T01:39:42.504 0.10260443887233003,-0.3549881176742495,-0.0001621486605775633,0.0016007191515979167,9.367911695257746e-06,0.9819817519104724,-0.18896898297148998
2026-09-30T01:39:42.549 0.10260396205482553,-0.3549877600523815,-0.000162133005563419,0.0016007034190567695,9.39131885452676e-06,0.9819817519229075,-0.18896898303897597
2026-09-30T01:39:42.595 0.10260443889288857,-0.3549878792556676,-0.00016213375947399212,0.00160071500334995,9.398155929489956e-06,0.9819816327005226,-0.18896960248137454
2026-09-30T01:39:42.639 0.10260443905555944,-0.35498770044171424,-0.0001620294515052628,0.0016006969797064715,9.374867799266066e-06,0.9819815135015462,-0.1889702220523214
2026-09-30T01:39:42.692 0.10260443889288857,-0.3549878792556676,-0.00016213375947399212,0.00160073946382625,9.402149813194743e-06,0.9819815730745723,-0.1889699121203082
2026-09-30T01:39:42.731 0.10260396214831635,-0.3549877004477258,-0.00016207340100289562,0.00160069660860099,9.473761766117767e-06,0.9819816327150575,-0.18896960255788486
2026-09-30T01:39:42.788 0.10260443903274957,-0.3549877600463617,-0.00016204435263808168,0.0016007717606221158,9.421529612305798e-06,0.9819815730490392,-0.18896991197844112
2026-09-30T01:39:42.830 0.10260443908062064,-0.35498781965100096,-0.0001620145503431961,0.0016007415568742357,9.315643770092378e-06,0.9819814538596987,-0.18897053160553726
2026-09-30T01:39:42.882 0.10260491584950361,-0.35498805806358485,-0.00016206000766197522,0.0016007309915168776,9.318081886155828e-06,0.9819813942614374,-0.18897084139578213
2026-09-30T01:39:42.925 0.10260539273093507,-0.35498787924364167,-0.0001620309593361583,0.001600768352510184,9.318020304297089e-06,0.9819813942319026,-0.1889708412327814
2026-09-30T01:39:42.983 0.10260491591793323,-0.3549878792496423,-0.0001620153042635185,0.0016007389977984942,9.417357666483519e-06,0.9819814538617129,-0.18897053161170635
2026-09-30T01:39:43.025 0.10260396208138763,-0.35498799847095786,-0.00016211810438185385,0.0016006873904231397,9.339435426120564e-06,0.9819815135091299,-0.1889702220958949
2026-09-30T01:39:43.085 0.10260348538768825,-0.35498811768623445,-0.00016202794357687476,0.001600712187626034,9.406863581454193e-06,0.9819815730961345,-0.18896991223907714
2026-09-30T01:39:43.140 0.10260443896582085,-0.35498805806959377,-0.0001620890560170399,0.001600753600576606,9.32917674436103e-06,0.9819816922766299,-0.18896929256999184
2026-09-30T01:39:43.184 0.10260491556377806,-0.35498781964503856,-0.00016223882141179014,0.0016006709781976156,9.348324083019448e-06,0.9819817519485565,-0.18896898318261662
2026-09-30T01:39:43.226 0.10260443901069015,-0.35498787925565395,-0.00016205925376115132,0.0016007019291341747,9.437910693246484e-06,0.9819816327108546,-0.1889696025364507
2026-09-30T01:39:43.280 0.10260443894151008,-0.3549879984649517,-0.00016210395716935734,0.0016007553890543507,9.285190429636439e-06,0.9819816326686065,-0.18896960231070997
2026-09-30T01:39:43.320 0.10260443901219103,-0.3549879984649435,-0.00016205925374165284,0.0016007609249326757,9.293778861694365e-06,0.9819815730576162,-0.1889699120319866
2026-09-30T01:39:43.373 0.10260396212625691,-0.3549878196570181,-0.00016208830212596526,0.0016006583838159088,9.406313675612988e-06,0.9819817519585077,-0.18896898323470848
2026-09-30T01:39:43.411 0.10260396212625691,-0.3549878196570181,-0.00016208830212596526,0.001600719150262346,9.474886290737659e-06,0.9819818115170776,-0.18896867321878308
2026-09-30T01:39:43.459 0.10260396219843876,-0.3549879388662994,-0.0001620435986787623,0.0016007143707459232,9.40264345345541e-06,0.9819817519142489,-0.18896898299063844
2026-09-30T01:39:43.499 0.10260396224480894,-0.35498787926164915,-0.0001620137964033752,0.0016007380774103385,9.371425907647031e-06,0.9819818115021242,-0.18896867314131902
2026-09-30T01:39:43.550 0.10260348524107327,-0.35498770045373745,-0.00016211735050052846,0.0016007363343924577,9.29920910767039e-06,0.9819819307167349,-0.18896805365602476
2026-09-30T01:39:43.593 0.10260348531175421,-0.35498770045372924,-0.00016207264707282398,0.0016006843886052855,9.39840658531548e-06,0.9819820499710175,-0.1889674343792505
2026-09-30T01:39:43.641 0.10260348536262706,-0.3549879984769476,-0.0001620428447389414,0.0016007410717715006,9.377328193627013e-06,0.9819819307129831,-0.18896805363153035
2026-09-30T01:39:43.682 0.10260396219843876,-0.3549879388662994,-0.0001620435986787623,0.0016007755014959247,9.438738773029106e-06,0.9819820498989869,-0.18896743397974136
2026-09-30T01:39:43.735 0.10260443901069015,-0.35498787925565395,-0.00016205925376115132,0.001600762824256879,9.35229642277546e-06,0.9819819903024027,-0.18896774378884626
2026-09-30T01:39:43.779 0.10260396207688496,-0.35498764084308926,-0.00016211810444034935,0.0016007394885440356,9.256179044629631e-06,0.9819819307142453,-0.18896805364435662
2026-09-30T01:39:43.842 0.10260396217562888,-0.3549879984709469,-0.0001620584998115812,0.0016007597800204963,9.224065138154456e-06,0.9819818114849804,-0.18896867305381537
2026-09-30T01:39:43.884 0.1026039620578273,-0.3549879984709606,-0.000162133005524422,0.0016006761832170317,9.361457016171937e-06,0.9819819307642805,-0.18896805391540478
2026-09-30T01:39:43.941 0.10260348524407505,-0.3549879388723165,-0.00016211735046153147,0.0016007465064411404,9.345051636858881e-06,0.9819819307086898,-0.1889680536094035
2026-09-30T01:39:43.990 0.1026030084789443,-0.3549879984829565,-0.0001620718930940061,0.0016007377180824846,9.29349030148712e-06,0.9819818711090281,-0.18896836339874715
2026-09-30T01:39:44.034 0.10260491573245248,-0.3549881176682433,-0.00016213451336506677,0.001600716548785455,9.355203987722733e-06,0.9819818115191445,-0.18896867323604216
2026-09-30T01:39:44.079 0.10260443903199913,-0.35498770044171696,-0.00016204435264783094,0.0016007009388764747,9.356208235522548e-06,0.9819818115314844,-0.18896867330409522
2026-09-30T01:39:44.137 0.10260443887082915,-0.35498799846495993,-0.00016214866059706181,0.0016007459490550104,9.28503052695759e-06,0.9819816326760691,-0.18896960235190413
2026-09-30T01:39:44.183 0.102603962034267,-0.35498799847096335,-0.00016214790666699017,0.0016007191814271676,9.314908939786461e-06,0.9819816326972269,-0.18896960246723088
2026-09-30T01:39:44.237 0.10260396207988674,-0.3549878792616683,-0.00016211810440135233,0.0016008047174326367,9.343988221545483e-06,0.9819815730229928,-0.18896991183846035
2026-09-30T01:39:44.280 0.10260539263669381,-0.3549878792436526,-0.00016209056390643092,0.0016007488608714346,9.237374892587177e-06,0.9819815730671579,-0.1889699120873619
2026-09-30T01:39:44.328 0.10260348517039232,-0.35498770045374567,-0.00016216205392823293,0.001600656922009366,9.391400051875675e-06,0.9819817519596646,-0.1889689832418206
2026-09-30T01:39:44.371 0.10260443903425047,-0.35498787925565123,-0.00016204435261858317,0.0016007025785111822,9.456844730111453e-06,0.9819817519235664,-0.18896898303940468
2026-09-30T01:39:44.427 0.10260396205332464,-0.354987640843092,-0.0001621330055829175,0.0016006679869784715,9.362340386738541e-06,0.9819818711641465,-0.18896836369959824
2026-09-30T01:39:44.470 0.10260396217187666,-0.3549877004477231,-0.00016205849986032745,0.0016007775588129992,9.330624386467258e-06,0.98198187107753,-0.18896836322310745
2026-09-30T01:39:44.521 0.1026044390365018,-0.35498805806958555,-0.00016204435258933544,0.001600741046451287,9.348153488640108e-06,0.9819817518931657,-0.188968982876935
2026-09-30T01:39:44.578 0.10260348533606496,-0.35498776005837124,-0.00016205774592050655,0.001600736330778401,9.387131330681964e-06,0.9819818711101168,-0.18896836340021328
2026-09-30T01:39:44.615 0.1026034852683858,-0.35498799847695856,-0.00016210244930921406,0.00160065610303881,9.307359626732901e-06,0.9819818115669325,-0.18896867350208685
2026-09-30T01:39:44.654 0.10260443903500091,-0.354987938860296,-0.00016204435260883395,0.0016007311475890714,9.423157627714205e-06,0.9819817519009846,-0.18896898291643108
2026-09-30T01:39:44.709 0.10260491572870026,-0.3549878196450194,-0.000162134513413813,0.0016007488578566006,9.379756532386365e-06,0.981981751886988,-0.18896898284130226
2026-09-30T01:39:44.749 0.10260443903274957,-0.3549877600463617,-0.00016204435263808168,0.001600764097875684,9.384172744770543e-06,0.9819816326617133,-0.18896960226786824
2026-09-30T01:39:44.800 0.10260443898938117,-0.354988058069591,-0.00016207415487447176,0.0016007198343424103,9.358521716705096e-06,0.9819815730900938,-0.18896991220809464
2026-09-30T01:39:44.839 0.10260443894226053,-0.3549880580695965,-0.00016210395715960809,0.0016007367965257798,9.365342298770436e-06,0.9819815730766842,-0.18896991213375647
2026-09-30T01:39:44.892 0.10260396226686837,-0.3549877600523569,-0.00016199889528030557,0.0016006905443708564,9.407283580103113e-06,0.9819816327198572,-0.18896960258763218
2026-09-30T01:39:44.937 0.10260443891569844,-0.3549878196510201,-0.00016211885834117323,0.0016006557842972696,9.30272889694094e-06,0.9819816327473451,-0.18896960274440414
2026-09-30T01:39:44.990 0.10260443891569844,-0.3549878196510201,-0.00016211885834117323,0.0016006871258646069,9.364697257234748e-06,0.9819816327225634,-0.18896960260464205
2026-09-30T01:39:45.033 0.10260491566027065,-0.35498799845896195,-0.00016217921681226975,0.001600722194201482,9.349808359425112e-06,0.9819816326948423,-0.18896960245237904
2026-09-30T01:39:45.079 0.10260443905856122,-0.3549879388602933,-0.0001620294514662658,0.001600669981943058,9.326975489872507e-06,0.981981573129506,-0.18896991242712957
2026-09-30T01:39:45.118 0.10260443898863073,-0.3549879984649462,-0.00016207415488422102,0.001600733474817619,9.38149309198955e-06,0.9819815730793087,-0.18896991214745487
2026-09-30T01:39:45.170 0.10260348533756586,-0.3549878792676608,-0.00016205774590100804,0.0016007793422880305,9.298853257132506e-06,0.9819815730430563,-0.1889699119513829
2026-09-30T01:39:45.225 0.10260443903425047,-0.35498787925565123,-0.00016204435261858317,0.0016007429230925601,9.289835098486851e-06,0.981981453858621,-0.18897053160083535
2026-09-30T01:39:45.276 0.10260300847294074,-0.35498752164579833,-0.00016207189317200008,0.0016007644137675918,9.345034442257678e-06,0.9819815730548538,-0.18896991201425986
