2026-09-30T02:01:55.478 0.007732381888453103,-5.582995780635425e-07,-1.210652079391893e-05,-2.4092843072615525e-07,-1.0768679013765227e-07,-1.4389456247186884e-05,0.999999999896437
2026-09-30T02:01:55.544 0.007748594420554125,-1.408629373821996e-07,-1.2072549914326778e-05,-1.6464035657969738e-07,7.089461970148841e-08,-2.9623076748060227e-06,0.9999999999955963
2026-09-30T02:01:55.604 0.007770051931242681,-6.770346027279853e-07,-1.2195883535216268e-05,-1.5257056004561375e-07,5.948747098594856e-08,5.230906755268932e-06,0.9999999999863054
2026-09-30T02:01:55.677 0.007788648509295197,-6.171958299638603e-07,-1.2255089102895774e-05,-3.182590416546306e-07,9.68549870742526e-08,-5.244226271219664e-06,0.9999999999861937
2026-09-30T02:01:55.736 0.007806291437033296,-4.97764416539299e-07,-1.2297885677613092e-05,-4.236150588500033e-07,-3.434629053107834e-08,-1.3965874487174259e-05,0.9999999999023869
2026-09-30T02:01:55.807 0.007824411320636,-4.975362755642727e-07,-1.2266930450062759e-05,-3.487533439424315e-07,8.020784175121338e-08,-2.8849532874276178e-06,0.9999999999957745
2026-09-30T02:01:55.876 0.007842530990694983,-3.7809886965339423e-07,-1.237008552512435e-05,-3.8742760567282634e-07,1.6297929974126034e-07,5.643260447263194e-06,0.9999999999839885
2026-09-30T02:01:55.941 0.00786255822054626,-3.7784671499002487e-07,-1.2342146017860575e-05,-3.340576165280211e-07,9.231456789588509e-08,-4.909046004839453e-06,0.9999999999878906
2026-09-30T02:01:55.999 0.007880201149785248,-3.776245911067949e-07,-1.2384942573079392e-05,-2.75094191968496e-07,-4.854798406571343e-08,-1.3412821235905326e-05,0.9999999999100091
2026-09-30T02:01:56.066 0.007897844151206068,-4.966117485630698e-07,-1.238303568109524e-05,-3.451175906618426e-07,8.230317369155751e-08,-3.88103273655871e-06,0.9999999999924059
2026-09-30T02:01:56.114 0.007917871120392996,-3.7715033443173275e-07,-1.2519008761579708e-05,-2.7779510054447746e-07,1.3038342994888938e-07,6.182669308840912e-06,0.9999999999808402
2026-09-30T02:01:56.187 0.00793646780019121,-9.133579984384956e-07,-1.2518609661494087e-05,-3.488889647360041e-07,1.2735590152920615e-07,-5.39740463423251e-06,0.999999999985365
2026-09-30T02:01:56.231 0.0079531571209833,-4.3631071503228563e-07,-1.2515195006859144e-05,-1.5440638665662424e-07,-1.1222643086853127e-07,-1.4211395365516086e-05,0.9999999998989999
2026-09-30T02:01:56.307 0.007972230653399533,-3.764659251763642e-07,-1.2500648791769499e-05,-3.427226249318336e-07,6.14638686565944e-08,-3.515505712551474e-06,0.99999999999376
2026-09-30T02:01:56.371 0.007991780858956594,-4.358244405772834e-07,-1.2591164485230102e-05,-2.299225056612425e-07,1.562276095283755e-07,4.898381376126144e-06,0.9999999999879643
2026-09-30T02:01:56.433 0.008010377559313346,-7.336135227674415e-07,-1.257586428157332e-05,-4.272478478541723e-07,1.2735464217798528e-07,-5.2675945176792e-06,0.9999999999860268
2026-09-30T02:01:56.482 0.008029927759617299,-3.7573952477370125e-07,-1.2666380043278669e-05,-3.900527660044853e-07,7.822983446272858e-08,-1.5178904956367376e-06,0.9999999999987689
2026-09-30T02:01:56.559 0.008045663463411063,-6.13959979991766e-07,-1.2631655126373141e-05,-2.626476394735498e-07,7.555071111003627e-08,1.7639865045406107e-06,0.9999999999984068
2026-09-30T02:01:56.598 0.008065690667450692,-4.3489389375034195e-07,-1.261861679092527e-05,-3.8655767269648376e-07,4.446769357072615e-08,-3.0074565911184705e-06,0.9999999999954019
2026-09-30T02:01:56.670 0.008084763965764666,-4.942584207751733e-07,-1.2753081982018713e-05,-4.595395328969447e-07,1.4166810507983156e-07,-1.6638371716120375e-06,0.9999999999985002
2026-09-30T02:01:56.712 0.008102407038616874,-6.728502148002873e-07,-1.2706471652580832e-05,-3.058943457450732e-07,6.984673701058658e-08,6.631637843763567e-07,0.9999999999997309
2026-09-30T02:01:56.784 0.008121003637227927,-3.7459286021955774e-07,-1.2750776116689177e-05,-3.1283336953785117e-07,7.182528709733322e-08,-2.517062537967174e-06,0.9999999999967807
2026-09-30T02:01:56.821 0.008140077083657785,-9.70399173776727e-07,-1.2795834364630423e-05,-2.749574731475543e-07,1.2514122182575376e-07,-2.3074674378362204e-06,0.9999999999972922
2026-09-30T02:01:56.894 0.008155812757137238,-6.721778287927431e-07,-1.2776010678036296e-05,-2.2345617770688504e-07,-5.995614939658769e-08,-1.1125210679498144e-05,0.9999999999380881
2026-09-30T02:01:56.927 0.008175363003811373,-2.546991805604529e-07,-1.2836724164354578e-05,-3.9708209474233563e-07,4.318685549849388e-08,-6.892644804505379e-06,0.999999999976166
2026-09-30T02:01:57.003 0.008193482752806187,-7.909128589250701e-07,-1.2895175704469951e-05,-3.7329842715645254e-07,9.731970500145751e-08,-4.479769909004576e-06,0.9999999999898914
2026-09-30T02:01:57.037 0.008210648882847888,-1.5836350977388293e-08,-1.2907416171221052e-05,-3.73552534674751e-07,1.5247403647876046e-08,-7.765171015524151e-06,0.9999999999697812
2026-09-30T02:01:57.110 0.008230676216696198,-7.904445673969036e-07,-1.2819871966944403e-05,-2.7676930545163546e-07,6.1676508372528545e-09,-7.56701517076335e-06,0.9999999999713318
2026-09-30T02:01:57.144 0.008246888560314703,-3.7300794858709786e-07,-1.2905110227897525e-05,-2.1396061816574517e-07,3.515553432839713e-08,-5.863285286914327e-06,0.9999999999827874
2026-09-30T02:01:57.227 0.008266915554562833,-3.7275582126314994e-07,-1.3026182146315336e-05,-2.857159609520775e-07,1.0453749389095807e-07,2.9262154742922167e-06,0.9999999999956724
2026-09-30T02:01:57.260 0.008286942744047477,-9.089454750036556e-07,-1.3028044836444634e-05,-3.5792935701133364e-07,8.567744261176949e-08,-2.7197362158993687e-06,0.9999999999962338
2026-09-30T02:01:57.341 0.008305062556218792,-8.4911269745979e-07,-1.3041793046348027e-05,-2.9178965744287617e-07,1.1454861784742567e-07,-2.9828188756042915e-06,0.9999999999955023
2026-09-30T02:01:57.378 0.008325566384777735,-6.700406324017594e-07,-1.3163618924085223e-05,-4.18921310158255e-07,1.432596195109232e-07,9.565998256112665e-08,0.9999999999998974
2026-09-30T02:01:57.450 0.008343686317001955,-7.890217755001799e-07,-1.3102861391900074e-05,-3.0516091690532443e-07,2.6711370593767302e-09,-5.4939903486600174e-05,0.9999999984907569
2026-09-30T02:01:57.486 0.008359421970673315,-7.888236571034665e-07,-1.3097938799127858e-05,-2.1607257730091124e-07,-3.254424660082644e-07,-0.00016228497752932317,0.9999999868317166
2026-09-30T02:01:57.571 0.008378018657225525,-1.8614731240462198e-06,-1.3097539611298997e-05,-5.097099619747827e-07,-8.703414231037498e-08,-0.0002641055176910027,0.9999999651240035
2026-09-30T02:01:57.628 0.00839709200641235,-2.218860869456495e-06,-1.3202202468509875e-05,-4.568998216787838e-07,-5.664943961707965e-07,-0.000451795493732952,0.9999998979401459
2026-09-30T02:01:57.695 0.008415688671655578,-3.470324273445188e-06,-1.3216704394001427e-05,-7.084514910120319e-07,2.2834101665469633e-06,-0.0008331374057193138,0.9999996529381134
2026-09-30T02:01:57.745 0.008436192525433072,-7.165554121214366e-06,-1.3353430780605591e-05,-1.6599819021667338e-06,6.710060381051376e-07,-0.0013359898861336785,0.999999107563511
2026-09-30T02:01:57.814 0.008457173704832312,-8.536196759358773e-06,-1.3163086341002616e-05,-3.731673082569824e-06,-7.356620471606107e-07,-0.0020251161861749,0.9999979494428806
2026-09-30T02:01:57.863 0.008478631289954033,-9.370391640356059e-06,-1.3241716485441381e-05,-4.429539228435184e-06,2.2469603387027804e-06,-0.002829066839459008,0.9999959981700668
2026-09-30T02:01:57.933 0.008504380363017969,-1.0681369654187783e-05,-1.335693420766723e-05,-5.8914641033888205e-06,1.9161905498698824e-06,-0.0036739015015477905,0.9999932511819146
2026-09-30T02:01:57.975 0.00853346756498491,-1.1217445229238949e-05,-1.3298615856316883e-05,-7.1703494513248826e-06,1.6672977150455458e-06,-0.004553989678266431,0.999989630508145
2026-09-30T02:01:58.044 0.008568276784388588,-1.1932262700271027e-05,-1.3264245779146625e-05,-8.44296796382715e-06,3.392238651377302e-06,-0.005452362760310511,0.9999851357182961
2026-09-30T02:01:58.090 0.008608807609900888,-1.3839101077596286e-05,-1.3522044376646076e-05,-1.011338019345028e-05,2.9797590326486674e-06,-0.0063800633566445195,0.9999796471330833
2026-09-30T02:01:58.156 0.008651246088696296,-1.5805520050462623e-05,-1.3589143831296768e-05,-1.1565187404495771e-05,2.517560114349412e-06,-0.007319874122998315,0.9999732092924949
2026-09-30T02:01:58.195 0.00869892974236275,-1.7473849764566632e-05,-1.36794377080499e-05,-1.3470268286952966e-05,2.591721170924214e-06,-0.008269476000051684,0.9999658072046861
2026-09-30T02:01:58.268 0.008752335625508768,-1.9320921350046066e-05,-1.365956957586969e-05,-1.4505169204824735e-05,2.766483451567846e-06,-0.00923041230501808,0.9999573987278788
2026-09-30T02:01:58.301 0.008809079097921889,-2.0571904493937613e-05,-1.3808891619933193e-05,-1.6219406127678828e-05,2.906853779876298e-06,-0.010200990064959108,0.9999479684114447
2026-09-30T02:01:58.377 0.008871067998819857,-2.295530982622338e-05,-1.3832396426435567e-05,-1.7725758666355935e-05,3.181953103710978e-06,-0.011183638871708299,0.9999374609930662
2026-09-30T02:01:58.415 0.008934487410154695,-2.539830179301356e-05,-1.3858163013403611e-05,-1.9280830354068953e-05,3.6098568795552533e-06,-0.012250203567968113,0.9999249632486239
2026-09-30T02:01:58.490 0.00900505902327096,-2.8377645552417575e-05,-1.4118755602225389e-05,-2.1434998878419423e-05,3.666005173355454e-06,-0.013505286188136685,0.9999087992272484
2026-09-30T02:01:58.546 0.00907944574666994,-3.272784806769319e-05,-1.413205998372885e-05,-2.3429889326950334e-05,3.5879625000859613e-06,-0.015011453612230018,0.9998873215010853
2026-09-30T02:01:58.606 0.00915716988211016,-3.737603183481245e-05,-1.4433763535782564e-05,-2.70165212527847e-05,5.178410597067224e-06,-0.016811907604283978,0.9998586695158455
2026-09-30T02:01:58.658 0.00923918607094015,-4.250099866915153e-05,-1.4414427243987543e-05,-3.014119542293914e-05,7.497810693886641e-06,-0.018936487523295697,0.9998206881614179
2026-09-30T02:01:58.725 0.00932454029113356,-4.846038848718773e-05,-1.4296060328227402e-05,-3.363813390953341e-05,1.0019643741185236e-05,-0.021407700005464384,0.9997708283144486
2026-09-30T02:01:58.772 0.009418953669337838,-5.5790571157415755e-05,-1.4668854421776761e-05,-3.851906542689162e-05,1.312372616404047e-05,-0.02423996301000265,0.9997061681000688
2026-09-30T02:01:58.839 0.009523381183499909,-6.520679025987262e-05,-1.471475442653918e-05,-4.360060730689506e-05,1.6600743171616417e-05,-0.02744227966013404,0.9996233886371694
2026-09-30T02:01:58.877 0.00964116016222252,-7.599374809350244e-05,-1.4766863106506617e-05,-4.930945084804635e-05,1.9378355472037483e-05,-0.03102074608152257,0.9995187394469416
2026-09-30T02:01:58.964 0.00976942988911858,-8.97608060548384e-05,-1.46418429072016e-05,-5.503696644910357e-05,2.1874226888349503e-05,-0.034973168583691844,0.9993882498667208
2026-09-30T02:01:58.997 0.009909620179665278,-0.00010376613255071404,-1.4759188059212958e-05,-6.167315054588166e-05,2.459211921273198e-05,-0.03922742855582465,0.9992303060058516
2026-09-30T02:01:59.068 0.010059347429257003,-0.00011902303649372643,-1.4757501324809444e-05,-6.84120346181712e-05,2.4924691850375415e-05,-0.04369522232604272,0.9990449050190041
2026-09-30T02:01:59.101 0.01022194924262363,-0.00013803487097309628,-1.4820873515841979e-05,-7.547771776449046e-05,2.367004065220645e-05,-0.048324660134797956,0.9988316779946957
2026-09-30T02:01:59.183 0.010394087585399963,-0.0001597287944260438,-1.5048335295272682e-05,-8.286541046023613e-05,2.1296048101419326e-05,-0.05308129049319773,0.9985901908587821
2026-09-30T02:01:59.216 0.010578147044674283,-0.00018440280001283488,-1.5190336841054805e-05,-9.047841966888215e-05,1.8087336762648304e-05,-0.057944333805913316,0.9983198113161397
2026-09-30T02:01:59.291 0.010770789205067594,-0.00021253376698120402,-1.559922798632869e-05,-9.86902265028503e-05,1.4308427321514813e-05,-0.06289932820045212,0.998019871829935
2026-09-30T02:01:59.324 0.010971061164191994,-0.0002435852654448393,-1.5781763253945056e-05,-0.0001068229654283556,9.806908042796107e-06,-0.06793617867729043,0.9976896632317115
2026-09-30T02:01:59.399 0.01117657820335308,-0.0002780341626418972,-1.6076899194619378e-05,-0.00011503316886548012,5.232474744415242e-06,-0.07304685711393523,0.9973285032554557
2026-09-30T02:01:59.432 0.011387340485221728,-0.00031570164461892816,-1.6380327839622277e-05,-0.00012369777549350522,4.930459806716938e-07,-0.07822456828475673,0.9969357560120314
2026-09-30T02:01:59.511 0.011600010242851079,-0.00035617052087555623,-1.6627167176424388e-05,-0.00013218375605344033,-4.275404838631972e-06,-0.08346347143693678,0.9965108285637799
2026-09-30T02:01:59.547 0.01181506414713063,-0.0003993811807827263,-1.692247914282372e-05,-0.00014103107636168102,-8.897483849756373e-06,-0.08875911069886167,0.9960531111838452
2026-09-30T02:01:59.624 0.012028210644690339,-0.0004452740737292005,-1.7274379520492914e-05,-0.00014987261670984623,-1.325191225020646e-05,-0.09410563765567788,0.9955622061548961
2026-09-30T02:01:59.655 0.012239926867119772,-0.0004929551240044554,-1.7489907532356286e-05,-0.00015874032597520445,-1.7110031115342694e-05,-0.09949893956325916,0.9950376553349841
2026-09-30T02:01:59.732 0.012436384148634861,-0.0005401595292501893,-1.7785617857898304e-05,-0.000167733813336105,-2.0052774596900324e-05,-0.10493971670328056,0.9944785705692654
2026-09-30T02:01:59.775 0.012616152117455395,-0.0005847415402457869,-1.8054941059899898e-05,-0.00017699698353300535,-2.2934242725176866e-05,-0.11042411701311323,0.9938845418497878
2026-09-30T02:02:00.777 0.0127763696226024,-0.0006274760534102031,-1.8382760286599947e-05,-0.00018612673719840752,-2.5941010249598172e-05,-0.11594799083861448,0.9932552683496777
2026-09-30T02:02:00.812 0.012919897970221276,-0.0006668133119233266,-1.8579884518522702e-05,-0.00019538961404483039,-2.791978198679211e-05,-0.12150533279927847,0.9925907591473543
2026-09-30T02:02:02.094 0.013046737197380334,-0.0007038261993882959,-1.8631412437613526e-05,-0.00020466235490361652,-3.05578884665282e-05,-0.12709152363124662,0.9918909727387503
2026-09-30T02:02:02.127 0.013156409823884493,-0.0007379186754346423,-1.8938921060633542e-05,-0.00021426722491082583,-3.2926202586392224e-05,-0.13270163079332195,0.9911560069889171
2026-09-30T02:02:02.199 0.013241287104462826,-0.0007656337666411367,-1.905821493741638e-05,-0.000223565354112669,-3.4819882369330596e-05,-0.13833118443994707,0.9903860016264111
2026-09-30T02:02:02.234 0.013295169885132465,-0.000785421830318302,-1.9143405798760933e-05,-0.00023302839884787056,-3.5561963080666744e-05,-0.1439781427393221,0.9895808399754148
2026-09-30T02:02:02.308 0.013321873199037725,-0.0007962695394366512,-1.8977008112455187e-05,-0.00024226959478559104,-3.7269568426933004e-05,-0.14963778232536892,0.9887408528108709
2026-09-30T02:02:02.342 0.013322826862563588,-0.0007992497596738082,-1.900831777027233e-05,-0.00025172210188672065,-3.840830782394016e-05,-0.15530567720707303,0.9878664291229041
2026-09-30T02:02:02.418 0.013302322714055211,-0.0007946008555425156,-1.9050405250474056e-05,-0.0002612670518739693,-3.978473855729537e-05,-0.16097837040578458,0.9869578990099832
2026-09-30T02:02:02.451 0.013260361058295799,-0.000782203617717691,-1.89095557191728e-05,-0.00027063681593586953,-4.116729650159851e-05,-0.16665182391396952,0.986015767950551
2026-09-30T02:02:02.526 0.01319551092894761,-0.0007613428085242975,-1.8866629211939657e-05,-0.0002801385579877704,-4.15894448173742e-05,-0.1723225804152873,0.9850405311822064
2026-09-30T02:02:02.563 0.013112064266101507,-0.0007328528389118485,-1.8675091539271185e-05,-0.00028941210981367466,-4.2665633768875846e-05,-0.1779875854521783,0.9840326894189938
2026-09-30T02:02:02.636 0.013013358734208195,-0.0006964952482991784,-1.845942939121113e-05,-0.0002989958514624081,-4.3313844670581746e-05,-0.18364315800683143,0.9829929293960713
2026-09-30T02:02:02.674 0.01290177815637357,-0.0006536409135426451,-1.8461830474975506e-05,-0.00030829905665543376,-4.443945788633678e-05,-0.18928891111499682,0.9819213874367566
2026-09-30T02:02:02.762 0.012779707567331898,-0.0006045878277505698,-1.8149623259722544e-05,-0.0003174978790855276,-4.4695435129867825e-05,-0.19492220712746686,0.980818653149486
2026-09-30T02:02:02.804 0.012645239061390605,-0.0005498128521604204,-1.7877419368807505e-05,-0.00032668049606230634,-4.527319851463134e-05,-0.2005424648275221,0.9796849549886397
2026-09-30T02:02:02.874 0.012499802894622321,-0.00048788545731477445,-1.7796492252108873e-05,-0.0003362319400341337,-4.522604548469029e-05,-0.20614759774413427,0.9785208494697545
2026-09-30T02:02:02.912 0.0123467375703472,-0.00041969967078742067,-1.7509788424549102e-05,-0.0003453840829181468,-4.560062191303081e-05,-0.21173721905266177,0.9773265721846837
2026-09-30T02:02:02.983 0.012187473367901639,-0.00034567270710882694,-1.7168581033779953e-05,-0.0003543518867091915,-4.624512490363874e-05,-0.21731110506439905,0.976102328606903
2026-09-30T02:02:03.022 0.012022010131368763,-0.00026651982203537884,-1.6877177960787546e-05,-0.000363394058320513,-4.689135824551052e-05,-0.22280708782047332,0.9748624863861153
2026-09-30T02:02:03.098 0.011850347723889347,-0.00018259864345210403,-1.672498600248535e-05,-0.00037221223834881916,-4.625215137393926e-05,-0.22815733734190521,0.9736242030351547
2026-09-30T02:02:03.138 0.011679162030964382,-9.647208701982825e-05,-1.663315290524964e-05,-0.0003805761061681952,-4.660672021045262e-05,-0.23337298498310352,0.9723872185861542
2026-09-30T02:02:03.208 0.011506069220936542,-7.961368780340855e-06,-1.6374391909447596e-05,-0.00038895553614799034,-4.618813922771206e-05,-0.2384888395363131,0.9711451590760618
2026-09-30T02:02:03.245 0.011332976391693703,8.394681421380845e-05,-1.6100730326784585e-05,-0.00039708772834274437,-4.6201324169395077e-05,-0.2435309931820122,0.969893033043622
2026-09-30T02:02:03.314 0.01115845302124578,0.00017835837427805943,-1.582480736337512e-05,-0.0004052735799991521,-4.6311679468896564e-05,-0.24851883212343942,0.9686269786086672
2026-09-30T02:02:03.350 0.010983929499976746,0.00027539253869855,-1.5623390541773413e-05,-0.0004132384536864538,-4.661863904154531e-05,-0.25346494807866643,0.9673444821552257
2026-09-30T02:02:03.424 0.010808929011882988,0.0003752877200536747,-1.5480824828336658e-05,-0.0004215168300596829,-4.68446324407382e-05,-0.25837878797661634,0.9660435922114887
2026-09-30T02:02:03.462 0.010634405592498848,0.0004773286746540387,-1.5175100827694765e-05,-0.00042960433988105786,-4.714963326352848e-05,-0.26326738557573376,0.9647228083284551
2026-09-30T02:02:03.547 0.010459882003235945,0.0005816346057392845,-1.4958784052933285e-05,-0.0004375257004841004,-4.732200141672738e-05,-0.2681354794336354,0.9633811140980417
2026-09-30T02:02:03.595 0.010283928140482852,0.0006896360068228525,-1.4561392381592433e-05,-0.000445527824559583,-4.6876354934897625e-05,-0.2729850661135467,0.9620181666613928
2026-09-30T02:02:03.661 0.010109881295180919,0.0007994255712276876,-1.4360731576401671e-05,-0.00045358946556396554,-4.75005402158532e-05,-0.2778198709291706,0.9606330784004861
2026-09-30T02:02:03.700 0.009933450474154538,0.000911480082144037,-1.400729006564259e-05,-0.00046125993192914876,-4.772515279816259e-05,-0.28264096712205516,0.9592256609713349
2026-09-30T02:02:03.773 0.009757973154872795,0.0010259187908416535,-1.3744763660405707e-05,-0.0004693719450925755,-4.796370911345806e-05,-0.2874501719788411,0.9577954771342337
2026-09-30T02:02:03.816 0.009583926234072553,0.0011435761683589506,-1.352920299954767e-05,-0.00047738088744805505,-4.837929542411366e-05,-0.2923101305513358,0.9563234585348166
2026-09-30T02:02:03.890 0.009405111064544659,0.0012650481831264866,-1.3201795663948071e-05,-0.00048615508237243873,-4.9249043543233515e-05,-0.297288195560805,0.9547876674988885
2026-09-30T02:02:03.925 0.009224388457667905,0.0013918845919069604,-1.2886274628062492e-05,-0.000494631201889699,-5.007921783531591e-05,-0.30237268532413925,0.9531896516443699
2026-09-30T02:02:03.996 0.009042235279568305,0.0015236085635483628,-1.2568492601400421e-05,-0.000503356460868404,-5.0550481186574414e-05,-0.3075265252454088,0.9515393740394599
2026-09-30T02:02:04.038 0.008855790502321565,0.0016590279691320136,-1.2258826951115197e-05,-0.0005120002171808298,-5.0831235223978264e-05,-0.31272566506327837,0.9498433521811338
2026-09-30T02:02:04.113 0.008669822877065587,0.0017993349616340238,-1.1711497749249502e-05,-0.0005208894821924942,-5.15490976812266e-05,-0.31794974948988647,0.9481074215594751
2026-09-30T02:02:04.153 0.008482900965663242,0.001941549290693503,-1.1535189563420466e-05,-0.0005295108452840465,-5.191816593347059e-05,-0.32319034485715736,0.946333830058865
2026-09-30T02:02:04.229 0.008297886655763361,0.0020878167596466166,-1.1168182907440864e-05,-0.0005383722691987844,-5.214767652850713e-05,-0.32843618546052566,0.9445260078558234
2026-09-30T02:02:04.265 0.00811239516699593,0.0022369452455097594,-1.0994137642739646e-05,-0.0005470037054469025,-5.2292772518701014e-05,-0.33368390400238784,0.9426848626461217
2026-09-30T02:02:04.343 0.007926903754005203,0.002389411591493729,-1.0745587211155582e-05,-0.0005557881417326233,-5.2716105379941e-05,-0.3389280165399018,0.9408121427388583
2026-09-30T02:02:04.384 0.0077442736426572125,0.0025437853221664335,-1.0307845818591263e-05,-0.0005644060656942554,-5.299760792963277e-05,-0.34416703320648023,0.9389082659615348
2026-09-30T02:02:04.468 0.007560689613122564,0.0027007816451775977,-1.0002707277964054e-05,-0.0005730694309793702,-5.308774340638621e-05,-0.34939803319986207,0.9369742169180467
2026-09-30T02:02:04.502 0.007379012843692764,0.002860877433725057,-9.730387249720675e-06,-0.000581771500100744,-5.299796190965546e-05,-0.35461982442958967,0.9350103950516618
2026-09-30T02:02:04.579 0.0071992432080148095,0.0030228805948969944,-9.580292394285096e-06,-0.0005904844160000597,-5.3285298089641365e-05,-0.3598325261274635,0.9330167209806906
2026-09-30T02:02:04.618 0.007020427548289558,0.003187029535325795,-9.223089754011541e-06,-0.0005991925268286768,-5.367912152787598e-05,-0.3650342607545956,0.9309938917964036
2026-09-30T02:02:04.689 0.006843995858878295,0.003353085854382496,-8.988866216617426e-06,-0.0006077021240023768,-5.3757252306019265e-05,-0.37022476024254103,0.9289420082608167
2026-09-30T02:02:04.724 0.006668517950933665,0.003521764789832354,-8.666744112924596e-06,-0.0006163867004580924,-5.4193671708754754e-05,-0.375403666667108,0.9268612108527212
2026-09-30T02:02:04.801 0.006495901038347684,0.003692351109935406,-8.349145901637576e-06,-0.0006245742483600168,-5.4119160551792674e-05,-0.38051027305269863,0.9247764806046299
2026-09-30T02:02:04.836 0.006329959643599534,0.0038615070025872656,-8.176212760484958e-06,-0.000632670432217583,-5.402142890507389e-05,-0.38546298007237184,0.9227230829471731
2026-09-30T02:02:04.909 0.006166879221557513,0.0040287555826187945,-8.052506315490683e-06,-0.0006399888801982816,-5.258126465937925e-05,-0.39020206421982195,0.9207290245930307
2026-09-30T02:02:04.944 0.006013335777775515,0.004191355120448524,-7.824668570942496e-06,-0.0006464582956636187,-5.2042718048433315e-05,-0.39468696444484297,0.9188154218778344
2026-09-30T02:02:05.018 0.005863606914099549,0.004349782381152547,-7.7071695824971e-06,-0.0006532984349553852,-5.05057715223433e-05,-0.39888638722269093,0.9170001203591804
2026-09-30T02:02:05.052 0.00572389134032218,0.004500341954774964,-7.843920119745792e-06,-0.0006595079970977098,-4.9725321145173337e-05,-0.4027836439643887,0.9152949790812593
2026-09-30T02:02:05.128 0.005595143507058081,0.0046430338534128365,-7.744690338082608e-06,-0.0006646438994358545,-4.839522970333568e-05,-0.4063616284058147,0.9137120897009973
2026-09-30T02:02:05.166 0.005477839678371294,0.0047765467808162845,-7.782762517299683e-06,-0.0006697708265168347,-4.7414152065440884e-05,-0.409611518162432,0.9122598058380111
2026-09-30T02:02:05.238 0.005371503223145866,0.00489766208018341,-7.853074202888807e-06,-0.0006738502977960618,-4.6887796900613776e-05,-0.4125297377391647,0.9109438836767975
2026-09-30T02:02:05.287 0.005243709226566564,0.005046076036753449,-7.606341791615228e-06,-0.0006781556087126314,-4.685123704840079e-05,-0.41508925531309554,0.9097804394652326
2026-09-30T02:02:05.347 0.005151201264420163,0.005154316906957552,-7.653811915739616e-06,-0.0006809970812351354,-4.54930103835736e-05,-0.41732318268362434,0.9087578860005406
2026-09-30T02:02:05.386 0.005052017450821152,0.005273644157041089,-7.690728832221383e-06,-0.0006846690378156097,-4.56636695635217e-05,-0.41920505347112264,0.9078913218482767
2026-09-30T02:02:05.459 0.004977153601969331,0.0053626925538622795,-7.184946669580023e-06,-0.0006853203461494394,-4.591368799980122e-05,-0.4207548681265816,0.9071741118306559
2026-09-30T02:02:05.496 0.004906580379241203,0.005446734214441441,-7.296895903941005e-06,-0.0006881293889211136,-4.496256781561827e-05,-0.4219645162854115,0.9066120843295276
2026-09-30T02:02:05.574 0.004826470520382956,0.005545676916177633,-7.214955263363569e-06,-0.0006892292165773038,-4.502493701253791e-05,-0.4229132456268335,0.9061699121076685
2026-09-30T02:02:05.620 0.004766864621901574,0.005613744670023293,-7.418747989414291e-06,-0.000690884422351423,-4.401235016364986e-05,-0.42382436388350686,0.9057441301605927
2026-09-30T02:02:05.688 0.00472347197467061,0.005664408071780619,-7.275642926916047e-06,-0.0006923848991759897,-4.44835132654896e-05,-0.42482199869388326,0.9052766362002848
2026-09-30T02:02:05.728 0.004657667766014217,0.0057399859328994465,-7.0524037985323975e-06,-0.0006947836194090791,-4.5156646408669775e-05,-0.4259761253100719,0.9047341354798201
2026-09-30T02:02:05.803 0.004581372683248961,0.005834160311084097,-6.96159267601999e-06,-0.0006969263808835488,-4.5622972931015895e-05,-0.42733696172751306,0.9040921597678314
2026-09-30T02:02:05.836 0.004509845990434049,0.005918917215418267,-6.937923884115252e-06,-0.0006995514816306695,-4.461893450117048e-05,-0.4289644102356473,0.9033211186438954
2026-09-30T02:02:05.909 0.004434028245908892,0.006008800065234797,-6.56474428093353e-06,-0.0007029854532526476,-4.577327770681633e-05,-0.4308744446849881,0.9024116115352587
2026-09-30T02:02:05.944 0.004346765881375659,0.0061137031414103945,-6.396989951365619e-06,-0.0007071103693957127,-4.6386996513964905e-05,-0.4330695387839563,0.9013602345458909
2026-09-30T02:02:06.016 0.004257596139214398,0.006226712425269316,-6.181517799704551e-06,-0.0007111126718548984,-4.562108179634407e-05,-0.435558008067912,0.9001603822905102
2026-09-30T02:02:06.053 0.0041565051540266365,0.006354622720218949,-6.036606688973727e-06,-0.0007164465406462687,-4.75828257702388e-05,-0.4383408646883679,0.8988085284333271
2026-09-30T02:02:06.137 0.004047784774070657,0.00649266570873851,-5.8051286416282254e-06,-0.0007220752157210892,-4.747755473883888e-05,-0.4414332193158836,0.8972938143315597
2026-09-30T02:02:06.173 0.003939064749020287,0.00663058948800954,-5.350133436261843e-06,-0.0007283120850728974,-4.876092616670248e-05,-0.4448384394018071,0.895610534783085
2026-09-30T02:02:06.266 0.0038284369278058787,0.006778049986391912,-5.100740066442983e-06,-0.0007348075373924981,-4.91245901296669e-05,-0.4485534556013661,0.8937557021427784
2026-09-30T02:02:06.301 0.0037097028467442334,0.006937908148842078,-4.764026200409274e-06,-0.0007424101942895861,-5.035224069153665e-05,-0.4525739459227391,0.8917265667028638
2026-09-30T02:02:06.376 0.0035871540423990803,0.007109567982943128,-4.346777111312977e-06,-0.0007498430093124056,-5.180812507538257e-05,-0.4568649531610178,0.8895357494921498
2026-09-30T02:02:06.417 0.0034574524236861666,0.007291122098008374,-4.007627544926394e-06,-0.000758011246459504,-5.271770226443159e-05,-0.4613522685839852,0.8872167192474477
2026-09-30T02:02:06.490 0.0033263202463506064,0.007480305589599466,-3.6364151510924605e-06,-0.0007658015264594985,-5.3206109093737026e-05,-0.46596880782587863,0.8848008142234395
2026-09-30T02:02:06.526 0.003195187731805396,0.007675687964216634,-3.42911633943018e-06,-0.0007740032889202481,-5.346659540481831e-05,-0.4706690023621647,0.882309519542681
2026-09-30T02:02:06.603 0.0030631018505591877,0.007876673163479142,-2.9818923029634975e-06,-0.0007818042239359458,-5.373665095977638e-05,-0.47542066621973084,0.8797582486261297
2026-09-30T02:02:06.637 0.0029329227316494443,0.008080996246799619,-2.880410811808975e-06,-0.0007896943562704448,-5.3704873502145594e-05,-0.48020532151043904,0.8771557573724671
2026-09-30T02:02:06.711 0.002802267046440332,0.008288180347101205,-2.5844610051607053e-06,-0.0007977623298565409,-5.3501618247003215e-05,-0.48500782853312574,0.8745094436164906
2026-09-30T02:02:06.749 0.002673041631858828,0.008497510232600194,-2.4248836228137517e-06,-0.0008052867654298065,-5.344320240705186e-05,-0.48981760799724644,0.8718245577826454
2026-09-30T02:02:06.821 0.002548107748884494,0.008708509102186297,-2.257190741522371e-06,-0.0008132427716247441,-5.311953275914331e-05,-0.49457284887759345,0.8691357966207645
2026-09-30T02:02:06.855 0.0024255582391581785,0.008917481443886445,-1.9889591811376047e-06,-0.0008202487492036833,-5.2747282868380834e-05,-0.49918959878804,0.8664923940067504
2026-09-30T02:02:06.930 0.002309684395089034,0.009122639172358244,-1.7908865880764838e-06,-0.0008270723150652451,-5.147433178645451e-05,-0.5036092655060737,0.8639311436672554
2026-09-30T02:02:06.978 0.0021957174274238596,0.009322074878882865,-1.9385550584416597e-06,-0.000833099140460156,-4.9816388755353835e-05,-0.5077951328846941,0.8614774555859053
2026-09-30T02:02:07.040 0.0020931950087711175,0.009514000544292255,-1.8658983410302541e-06,-0.0008387916983511151,-4.8984738333280064e-05,-0.5117147456699606,0.859154999457554
2026-09-30T02:02:07.074 0.001995441246736622,0.009695912689433534,-1.6964712884842814e-06,-0.0008437291011740628,-4.756917539010392e-05,-0.5153505207227435,0.8569790701348399
2026-09-30T02:02:07.150 0.0019057930623472307,0.009867215309773589,-2.0315970165390792e-06,-0.0008490950077288267,-4.612723204476072e-05,-0.5186884499280185,0.8549629049386972
2026-09-30T02:02:07.185 0.00182329822115874,0.010027789184182805,-1.960797948895183e-06,-0.0008530575611784049,-4.500808982842689e-05,-0.5217196535757537,0.853116564919393
2026-09-30T02:02:07.257 0.001749386654809828,0.010174892516940919,-1.8737651340741818e-06,-0.0008568200917954075,-4.4134245070555864e-05,-0.524482456634268,0.8514208222696823
2026-09-30T02:02:07.292 0.0016611691883793253,0.01035585110778236,-2.002538235768031e-06,-0.0008611880154554364,-4.431301252750526e-05,-0.5270316353441127,0.8498452281080768
2026-09-30T02:02:07.364 0.0015925028991192033,0.010491391205484405,-1.968500188085213e-06,-0.000864208619674067,-4.260859755585619e-05,-0.5294626782788073,0.8483327906180459
2026-09-30T02:02:07.398 0.0015123921451384796,0.010657687155805982,-1.9163728492955875e-06,-0.0008687835734154007,-4.251444048996945e-05,-0.5317882789790898,0.8468768917310725
2026-09-30T02:02:07.469 0.0014513555204554531,0.010787862931558024,-1.7602865222131522e-06,-0.0008713571835211406,-4.1783529257147605e-05,-0.5340040890910638,0.8454814438086851
2026-09-30T02:02:07.505 0.0013774435342088413,0.01094211882165034,-1.8818708732562671e-06,-0.0008752058670182059,-4.238405729484311e-05,-0.5360439445761926,0.8441896242559949
2026-09-30T02:02:07.578 0.0013202218494940167,0.011065738134524125,-1.6275069163524339e-06,-0.0008772374178010212,-4.1462868923305125e-05,-0.537952670755161,0.8429745860716874
2026-09-30T02:02:07.614 0.0012568008090842035,0.011203185646904675,-1.5570589837291453e-06,-0.0008804535916706832,-4.233768826099977e-05,-0.5397634055735487,0.8418163036034869
2026-09-30T02:02:07.683 0.001207208258473247,0.011316791475467996,-1.5531745511882348e-06,-0.000883118040344748,-4.0921108389039724e-05,-0.5415180526471891,0.8406886564508801
2026-09-30T02:02:07.716 0.0011514170489244227,0.011443152620011497,-1.301072832964779e-06,-0.0008862092139502183,-4.254568567162394e-05,-0.5432245982565437,0.8395869512278704
2026-09-30T02:02:07.798 0.0011065928466928371,0.0115487714861961,-1.3792321075816768e-06,-0.0008884999835530125,-4.062122219056584e-05,-0.5449061700738038,0.8384965561844572
2026-09-30T02:02:07.832 0.001050324986655705,0.011679066531318382,-9.773656770554346e-07,-0.0008915677364818867,-4.207880995575384e-05,-0.546569382994963,0.8374133465074763
2026-09-30T02:02:07.905 0.0010817965569019721,0.011607660563046102,-1.3698396612508609e-06,-0.0008943623100176088,-4.035203334941843e-05,-0.5482783727324199,0.8362954169919034
2026-09-30T02:02:07.941 0.0012467869144002603,0.01122166296070078,-1.6008340447645756e-06,-0.000899384710053851,-4.452318766186088e-05,-0.5500999544155891,0.8350983350940151
2026-09-30T02:02:08.011 0.001608716455509852,0.010367413748425825,-2.277235240877826e-06,-0.0009039121629193617,-4.6734512663988915e-05,-0.5521201400922242,0.8337640743419147
2026-09-30T02:02:08.050 0.002156618710612781,0.0090585026472596,-2.7856593780453494e-06,-0.0009080224047513754,-4.921997920398156e-05,-0.5543721892555696,0.8322683754971669
2026-09-30T02:02:08.125 0.002884770728429308,0.0072869425626442075,-3.757807119438919e-06,-0.000912505040982615,-4.8931240500912814e-05,-0.5568678434672757,0.8306006079051409
2026-09-30T02:02:08.158 0.0037926957544922447,0.00504808432628685,-5.1780226319773065e-06,-0.0009127892607639352,-4.234193085178102e-05,-0.5595952449830597,0.8287655439358443
2026-09-30T02:02:08.229 0.0048727654562386235,0.0023313182154702196,-6.453096738989744e-06,-0.0009099290034286643,-3.1821661271585963e-05,-0.5625889042389184,0.8267362915971717
2026-09-30T02:02:08.261 0.006116396330766465,-0.0008691971331149549,-7.897282880259807e-06,-0.0009069648882779227,-2.0913070590657137e-05,-0.5658623491751152,0.8244992290859676
2026-09-30T02:02:08.335 0.007513097866727961,-0.004561806501836457,-9.628103512429973e-06,-0.0009042794286203504,-9.102705186622297e-06,-0.5694270236662963,0.8220413900251002
2026-09-30T02:02:08.367 0.009056194854996202,-0.00875837129901055,-1.141148453587434e-05,-0.0009011987763918493,2.3041035141095564e-06,-0.5732975910932744,0.8193467275104632
2026-09-30T02:02:08.443 0.010737581079164973,-0.013483627554310778,-1.3428319946822719e-05,-0.0008997499190713651,1.2977292290312218e-05,-0.5774498502946447,0.8164256614514059
2026-09-30T02:02:08.478 0.01255010439228972,-0.018769463842740777,-1.5667295578352244e-05,-0.0008987985997399771,2.3081649658730567e-05,-0.5818656227054071,0.8132844451616934
2026-09-30T02:02:08.548 0.01448041345003831,-0.024627801261358693,-1.815200286631167e-05,-0.0008989047690079884,3.248086765433888e-05,-0.5865416892596423,0.8099185376787313
2026-09-30T02:02:08.592 0.016505620434165466,-0.031053573703476813,-2.0592934572289758e-05,-0.0009008866296294233,3.937140285173185e-05,-0.591468214541708,0.8063278105336671
2026-09-30T02:02:08.651 0.018605221018168357,-0.038033608800769836,-2.307688299833535e-05,-0.0009045860766684238,4.408388324076827e-05,-0.5966243965997723,0.8025200989150357
2026-09-30T02:02:08.687 0.020754419402156936,-0.04555354214603966,-2.5639151843133027e-05,-0.0009104266249958196,4.6231308912342394e-05,-0.6019867507977029,0.7985055546770172
2026-09-30T02:02:08.759 0.0229265127410054,-0.05358923419431025,-2.804381011773078e-05,-0.0009174094703997962,4.7006454211773306e-05,-0.6074903681802638,0.7943265126624343
2026-09-30T02:02:08.791 0.025100042440807487,-0.06211773742757543,-3.067416671427421e-05,-0.0009259982801886507,4.69292284524381e-05,-0.6130765375356834,0.7900229740001808
2026-09-30T02:02:08.862 0.027224462367475815,-0.07097829875518588,-3.309270391725855e-05,-0.0009348505633083785,4.659241817640176e-05,-0.6187098546036874,0.7856190168904104
2026-09-30T02:02:08.895 0.02923587080525042,-0.07990073112711168,-3.659914669183725e-05,-0.000945112475959238,4.155350665233686e-05,-0.6243203422679824,0.7811678534515506
2026-09-30T02:02:08.968 0.031097074935992473,-0.088739838096696,-3.970420255505004e-05,-0.0009642235831667447,2.845306753128763e-05,-0.6298942855063511,0.7766802807782287
2026-09-30T02:02:09.006 0.032813320009653736,-0.09751999789764243,-4.2580073318491776e-05,-0.000979724221937528,1.9894116123692262e-05,-0.6354421250390229,0.7721478779810017
2026-09-30T02:02:09.080 0.03442037157650237,-0.10643617687269816,-4.505975470921922e-05,-0.0009942758016674089,1.2155351094686388e-05,-0.6410163111426759,0.7675266119926487
2026-09-30T02:02:09.117 0.03592490644042562,-0.1155601389300973,-4.7034580869594135e-05,-0.0010033199776483517,1.1721814543688001e-05,-0.646646351901104,0.7627892820331281
2026-09-30T02:02:09.189 0.037311187571074475,-0.12482745164702679,-4.886711235296282e-05,-0.0010139439352435302,9.433621680235861e-06,-0.6522981476800948,0.7579618053449793
2026-09-30T02:02:09.222 0.0385677697078763,-0.13417970261574544,-5.082238610066508e-05,-0.001024817168128095,6.985286210943596e-06,-0.6579433275697956,0.753066748308118
2026-09-30T02:02:09.291 0.03968750041098336,-0.1435843477901996,-5.256127334821685e-05,-0.0010354831925477369,4.724630211912336e-06,-0.6635674675294306,0.7481157288740921
2026-09-30T02:02:09.325 0.04066799523208509,-0.15302404224878366,-5.410980956742771e-05,-0.001046231120521245,2.4063734417785025e-06,-0.6691633551292999,0.7431146005474191
2026-09-30T02:02:09.409 0.04150782383224532,-0.1624861498247782,-5.525711903896937e-05,-0.0010564352274748984,2.9459639563524936e-07,-0.6747276529861,0.7380660392135602
2026-09-30T02:02:09.446 0.04220555514952335,-0.1719642332346129,-5.629896387690896e-05,-0.0010673357066980187,-1.9355302317431054e-06,-0.6802603601210099,0.7329697833054081
2026-09-30T02:02:09.512 0.04276595943615711,-0.18160813849520704,-5.724285887235063e-05,-0.0010773663009449425,-2.8273834877908384e-06,-0.6857976580194227,0.7277914615663847
2026-09-30T02:02:09.549 0.04318856162419972,-0.19146477446786186,-5.7342985294155734e-05,-0.0010846232559091303,-1.2605736274080526e-06,-0.6913703043897973,0.7224997756392474
2026-09-30T02:02:09.615 0.04346143853827341,-0.20146494031024542,-5.7459673620932905e-05,-0.0010925975485011155,-8.279080764315988e-07,-0.6969405069052184,0.7171281169112037
2026-09-30T02:02:09.649 0.0435798209589087,-0.211544561089269,-5.761519731754483e-05,-0.0011012845865105633,-1.1080773369910063e-06,-0.7024786418786053,0.7117039727832226
2026-09-30T02:02:09.720 0.043544185850902896,-0.22166703954697162,-5.7437787735898144e-05,-0.0011108679839632327,-1.9685534706721326e-06,-0.7079717748740961,0.7062398544050522
2026-09-30T02:02:09.756 0.04336025278409507,-0.23166435011774475,-5.716003665850812e-05,-0.0011188179342357532,-1.7865198516233829e-06,-0.7133799129055315,0.7007766035664538
2026-09-30T02:02:09.826 0.04303088147650323,-0.24146681493588007,-5.7054699628903686e-05,-0.001131112561702497,-5.4609505968394e-06,-0.7186798052638963,0.6953402462538745
2026-09-30T02:02:09.861 0.04255702704649811,-0.2511330849597431,-5.6676240636922224e-05,-0.0011421675379849833,-7.817147210177479e-06,-0.7238985170405375,0.6899055242703294
2026-09-30T02:02:09.935 0.04193916750305952,-0.26071698317750097,-5.5712480815132085e-05,-0.001151064926725618,-8.342507921561873e-06,-0.7290614407061038,0.6844472884419058
2026-09-30T02:02:09.971 0.041205910656336046,-0.27009655812584593,-5.4745117047249055e-05,-0.0011599350459718279,-9.566192900485735e-06,-0.734152361993014,0.6789837728836055
2026-09-30T02:02:10.045 0.04035153404792636,-0.27923473578776625,-5.373530595131006e-05,-0.0011723121111367626,-1.3022353742183429e-05,-0.7391585226116079,0.6735304773841772
2026-09-30T02:02:10.083 0.039374131775660313,-0.2882069160628531,-5.2367095480297126e-05,-0.0011821557347055137,-1.4514689084767686e-05,-0.7440991201600783,0.668068186395775
2026-09-30T02:02:10.154 0.03827322769040073,-0.2970770547409624,-5.0714226956035063e-05,-0.001190605685017461,-1.513573698995845e-05,-0.7489966248474635,0.6625727418149048
2026-09-30T02:02:10.204 0.03704929890354778,-0.3058800801379457,-4.888175659351269e-05,-0.0011979266723755031,-1.494106986834104e-05,-0.7538620038009429,0.657031691757467
2026-09-30T02:02:10.264 0.035674691148970476,-0.3147894421182757,-4.6781224650555494e-05,-0.0012061155363465102,-1.5128119859351771e-05,-0.7587339987598862,0.651399465905742
2026-09-30T02:02:10.301 0.03413033257630652,-0.32386581845036755,-4.38460228671086e-05,-0.0012109492114986732,-1.1856422902011681e-05,-0.7636368127526377,0.6456449114415952
2026-09-30T02:02:10.373 0.03242337377790099,-0.3330417961910626,-4.0787824921350807e-05,-0.0012143486345956764,-8.749667777016569e-06,-0.7685395688364042,0.6398011069180726
2026-09-30T02:02:10.410 0.0305643042312015,-0.3422587242378533,-3.774243600866458e-05,-0.0012204003021748268,-7.483674989206025e-06,-0.7734126400507525,0.6339017264346443
2026-09-30T02:02:10.480 0.028557415364060278,-0.3514842372145628,-3.452293194015089e-05,-0.0012264797070022212,-6.137723471921186e-06,-0.778239696670968,0.6279661378094655
2026-09-30T02:02:10.515 0.02640318382902332,-0.3606999768845927,-3.110026736351375e-05,-0.0012330660395447003,-5.133027758556811e-06,-0.7830147778043968,0.6220018788249159
2026-09-30T02:02:10.590 0.024105901036125834,-0.3698946183114032,-2.746632835918712e-05,-0.0012404496357513325,-5.698372279852935e-06,-0.7877383004550444,0.6160087915350135
2026-09-30T02:02:10.625 0.021667950989137107,-0.379061426140129,-2.368449024946697e-05,-0.0012463178957292304,-4.264245494498964e-06,-0.7924075246123102,0.6099907881364357
2026-09-30T02:02:10.697 0.0190883800461368,-0.3881953935926052,-1.9693641422874304e-05,-0.00125373196150415,-4.253518284555025e-06,-0.7970259645570377,0.6039437390684667
2026-09-30T02:02:10.732 0.016324751701071574,-0.39743814183909243,-1.5322350940840224e-05,-0.001260193005593668,-3.834369844046091e-06,-0.8016263454993794,0.5978240661768275
2026-09-30T02:02:10.796 0.01335608682947609,-0.40683175202281535,-9.807283011402929e-06,-0.0012649202868609038,-1.3231552352056982e-06,-0.806235251976162,0.5915937106206013
2026-09-30T02:02:10.831 0.010197164082558085,-0.4163082746629109,-4.7066382654475885e-06,-0.0012701165371261408,-5.821143811102291e-07,-0.8108247870434518,0.5852875801856591
2026-09-30T02:02:10.900 0.006867534134266775,-0.4258095353798141,6.490163495249054e-07,-0.0012764612258515766,-1.0266512628839714e-07,-0.8153663992900054,0.5789438708161441
2026-09-30T02:02:10.931 0.003372441822505637,-0.4352991156695215,6.310986216207954e-06,-0.001283379020865213,-4.863564151200918e-07,-0.8198516252327852,0.5725745938663478
2026-09-30T02:02:11.012 -0.0002780999584499748,-0.44475907440793727,1.1980314159778128e-05,-0.0012903218075171318,-3.878495109315925e-07,-0.8242755776750212,0.56618734277445
2026-09-30T02:02:11.044 -0.004081706608179281,-0.45417766944995874,1.8010856030910967e-05,-0.0012978876233325678,-7.127826633177409e-07,-0.8286379581124926,0.5597833954864757
2026-09-30T02:02:11.110 -0.008034086870905698,-0.46354816541671806,2.4276616216751294e-05,-0.0013050681803337442,-1.0164405399698414e-06,-0.832939124968188,0.5533630913724199
2026-09-30T02:02:11.141 -0.012067055044911162,-0.4727287619998327,3.058035266818208e-05,-0.001312707031230583,-1.6229149120764132e-06,-0.8371569640265492,0.5469611452191715
2026-09-30T02:02:11.216 -0.016241645303522772,-0.48183825202483704,3.664605930042268e-05,-0.0013243939055084981,-5.141384310056416e-06,-0.8413087579548575,0.5405532533828691
2026-09-30T02:02:11.253 -0.020588372066262062,-0.4909485786819314,4.3922706806808635e-05,-0.001329426016237418,-3.932993650689616e-06,-0.845433139413215,0.5340796189641717
2026-09-30T02:02:11.322 -0.025093886324602695,-0.5000307143412543,5.10927809940199e-05,-0.0013359179238276926,-3.939675809247751e-06,-0.8495156775225968,0.5275616826031847
2026-09-30T02:02:11.359 -0.029748174139517927,-0.5090636184370563,5.8542776738407395e-05,-0.001343073394954951,-4.7380896006617385e-06,-0.8535492202833993,0.5210104842371291
2026-09-30T02:02:11.424 -0.03454789800894952,-0.5180360256494759,6.613330440374812e-05,-0.0013493331640172363,-4.623270213385612e-06,-0.8575295965589625,0.5144328627761457
2026-09-30T02:02:11.458 -0.039488289669711685,-0.5269397998844683,7.385682335855322e-05,-0.0013564496581485322,-5.5001101903176306e-06,-0.8614580566736408,0.507826915992199
2026-09-30T02:02:11.524 -0.04456791823193328,-0.5357714542522545,8.197929180850352e-05,-0.0013637650301645244,-5.8552338804125655e-06,-0.8653331706195193,0.501195215396385
2026-09-30T02:02:11.558 -0.049784876866724365,-0.5445273230432222,9.019967058237047e-05,-0.0013694278795337964,-5.950219083678408e-06,-0.8691540457789749,0.4945395528548931
2026-09-30T02:02:11.628 -0.05504999843700566,-0.5530798213925644,9.857066874187585e-05,-0.0013758369083224288,-6.0680811550568434e-06,-0.8728988647013356,0.48789925091057457
2026-09-30T02:02:11.662 -0.060333720592287414,-0.5613777485383121,0.00010649419197295117,-0.001387577400433513,-9.17291260138638e-06,-0.8765549874127762,0.4812997284298042
2026-09-30T02:02:11.728 -0.06566846611806625,-0.5694775504871343,0.00011490068416452812,-0.001393975532336389,-9.665052591244901e-06,-0.8801359527448106,0.47471966614496464
2026-09-30T02:02:11.771 -0.07107950798051169,-0.5774303683425736,0.00012302545027657882,-0.0014008530910357632,-1.0195794146449444e-05,-0.8836617834836838,0.4681237976402163
2026-09-30T02:02:11.831 -0.0765859181798146,-0.5852643953416146,0.00013159900582406712,-0.0014068624631259595,-1.055671109489287e-05,-0.8871397525480045,0.46149873247456635
2026-09-30T02:02:11.867 -0.08219151139703999,-0.5929936386238248,0.00014052307654066252,-0.0014125857703581898,-1.088928360852753e-05,-0.8905738530403582,0.45483647255218634
2026-09-30T02:02:11.933 -0.08790248677009668,-0.6006253104293074,0.0001495839475584332,-0.0014177910718133056,-1.0695270294028706e-05,-0.8939644427807133,0.44813565445951375
2026-09-30T02:02:11.969 -0.09381945546426211,-0.6082852970345672,0.00015879170728722757,-0.0014225930356102571,-1.0151473676461161e-05,-0.8973340525342662,0.441349718804072
2026-09-30T02:02:12.041 -0.1000473185795907,-0.6160913785382544,0.00016923611044654833,-0.0014238248699148274,-7.858098714340091e-06,-0.9007204746764672,0.4343968222254738
2026-09-30T02:02:12.073 -0.10664425026765532,-0.6240943388302158,0.0001805472093918829,-0.0014253998735052602,-5.967532678937072e-06,-0.9041372366061615,0.4272397752805362
2026-09-30T02:02:12.145 -0.11364649008524048,-0.6323090199232788,0.0001926779972382618,-0.0014266998108694938,-3.6685880266619955e-06,-0.9075865442851004,0.41986263128173307
2026-09-30T02:02:12.183 -0.121076449642496,-0.6407347068438993,0.00020548509487124317,-0.001427095112293622,-1.9356988537115605e-06,-0.9110673253915574,0.41225512974330336
2026-09-30T02:02:12.252 -0.12887595607850402,-0.6492742432886811,0.00021889140807337905,-0.0014305940666147871,-9.242660687904297e-07,-0.9145487607940959,0.40447313573307464
2026-09-30T02:02:12.291 -0.13696967165645446,-0.657842363864898,0.00023191353567809646,-0.0014302199880479672,1.0628803529177645e-06,-0.9179769130665574,0.39663124126378474
2026-09-30T02:02:12.361 -0.14540146387528224,-0.6664730735745857,0.00024527649508693174,-0.0014317878910891737,2.0240429034193536e-06,-0.9213541618478115,0.3887215692819929
2026-09-30T02:02:12.400 -0.1541727623972287,-0.6751401165895965,0.0002597276009239635,-0.0014345438358299874,2.9353727543519743e-06,-0.9246925480781224,0.38071200874697403
2026-09-30T02:02:12.467 -0.1632273027600438,-0.6837806391037855,0.0002742540083209294,-0.0014378364877834088,3.465309111764083e-06,-0.9279651305761216,0.3726642578099858
2026-09-30T02:02:12.498 -0.1725159709281801,-0.6923449898296485,0.0002890909783532571,-0.0014400107285267312,3.8267950193731944e-06,-0.9311512871099287,0.3646302330690374
2026-09-30T02:02:12.576 -0.182008249903009,-0.7008013991073206,0.0003041008474446033,-0.0014442757390198701,3.979741416550495e-06,-0.934243862444562,0.3566319104292514
2026-09-30T02:02:12.609 -0.19168268244759676,-0.7091324025057519,0.00031913047674466874,-0.001448452439924874,3.656950192476219e-06,-0.937240891284331,0.34867952861719487
2026-09-30T02:02:12.674 -0.2015283009026535,-0.7173263173764225,0.0003345201513725888,-0.0014535479476065626,2.9974861611458495e-06,-0.940144399390716,0.34077323175925794
2026-09-30T02:02:12.708 -0.21153270742438746,-0.7253755737733361,0.0003503694770488914,-0.0014581912434803708,2.9188196386084168e-06,-0.9429573084921533,0.3329104805064148
2026-09-30T02:02:12.772 -0.22168875035576693,-0.7332748667931522,0.0003661456039649333,-0.0014638373118641714,2.2078053843167394e-06,-0.9456839686237287,0.3250841255175723
2026-09-30T02:02:12.803 -0.2319897532353554,-0.7410182358872504,0.00038235951611467213,-0.0014706685821606817,1.0677940012366933e-06,-0.9483286116210166,0.31728643449371824
2026-09-30T02:02:12.877 -0.24242904082114552,-0.7486020450883009,0.00039873243731617395,-0.001475417824390036,6.830416605689196e-07,-0.9508941607251116,0.30951271095168703
2026-09-30T02:02:12.909 -0.25300136760145014,-0.7560228074585058,0.0004154795909068419,-0.0014823294314687677,-6.179463337429798e-07,-0.9533848445714245,0.3017534437924376
2026-09-30T02:02:12.984 -0.26370291936593826,-0.7632777811362305,0.0004323118232888426,-0.0014866570323052502,-7.334186727968759e-07,-0.9558018590108053,0.2940078164978257
2026-09-30T02:02:13.014 -0.2745193907769077,-0.7703580252446153,0.0004494300322361617,-0.00149331278616211,-1.9313963761479443e-06,-0.9581336961986987,0.2863172894217394
2026-09-30T02:02:13.089 -0.2854360006222359,-0.777256774470447,0.0004664085139606984,-0.0014958164961712485,-1.0986570825968805e-06,-0.9603667710579874,0.2787354078323349
2026-09-30T02:02:13.121 -0.29645322492766024,-0.7839841616092604,0.00048368015718437327,-0.0014975919825683766,-4.520199299439539e-07,-0.9625043591388329,0.27126207965138455
2026-09-30T02:02:13.188 -0.30758298504473136,-0.7905503494031402,0.0005009061843995884,-0.001499774445933459,-3.3358163778786045e-07,-0.964555638800499,0.26387529314936153
2026-09-30T02:02:13.221 -0.31882480337957975,-0.796955606066897,0.000518562678282325,-0.001503589714598205,-5.938408779055749e-07,-0.9665281789856216,0.2565560727099554
2026-09-30T02:02:13.287 -0.33017629633127354,-0.8032004978147071,0.0005362733407106387,-0.0015064283484418704,-4.497551810286652e-07,-0.9684272866526628,0.2492916387285989
2026-09-30T02:02:13.332 -0.3416341254728805,-0.809283594093004,0.0005544054225042499,-0.0015114716486513491,-1.1784282978161923e-06,-0.9702576085257065,0.24207000753923139
2026-09-30T02:02:13.388 -0.35318541716062185,-0.8151992024962206,0.0005723872243451493,-0.001513689449371394,-1.235430107263155e-06,-0.9720091943083587,0.2349379384491569
2026-09-30T02:02:13.423 -0.3648110973938465,-0.8209432845694686,0.0005905611169341638,-0.0015151857996427863,-4.905661035288663e-07,-0.9736732205455281,0.22794333463440364
2026-09-30T02:02:13.487 -0.37652022619533726,-0.8265243787922039,0.0006087924149135524,-0.0015145273048533746,3.502970349076227e-07,-0.9752541587496111,0.22108150544201693
2026-09-30T02:02:13.520 -0.38831804848810025,-0.8319515600376112,0.000627193720996404,-0.0015156518276859716,4.89695651114177e-07,-0.9767608870653108,0.21432655528115171
2026-09-30T02:02:13.585 -0.40020647166673956,-0.8372266015678942,0.0006457233477653406,-0.0015176751947020867,5.303181941876363e-07,-0.9782004992810946,0.20765712091796706
2026-09-30T02:02:13.618 -0.41218215761352983,-0.8423497119572556,0.0006645399303122326,-0.0015198581119048055,3.949134844680937e-07,-0.979578181683503,0.2010578921624461
2026-09-30T02:02:13.684 -0.42424081518594514,-0.8473201311924877,0.0006833982648610423,-0.0015226527590168609,1.0191306410191135e-07,-0.9808986427796983,0.1945135833856106
2026-09-30T02:02:13.717 -0.4363786294370938,-0.8521356091501902,0.0007024711333139798,-0.001525696266096002,-4.4174013674995657e-07,-0.982165399603628,0.18801276571593342
2026-09-30T02:02:13.787 -0.44858177245779696,-0.8567925842787741,0.0007215429562630643,-0.0015284257550648888,-5.129929372671486e-07,-0.9833712401536812,0.18160029722734367
2026-09-30T02:02:13.822 -0.46083498479770946,-0.86128895532232,0.0007410366418793867,-0.001527962215975354,1.4836457955849694e-07,-0.9845082985431309,0.17533133043228163
2026-09-30T02:02:13.890 -0.473145420282568,-0.8656336779689171,0.0007600843331673253,-0.0015273166975624838,6.354115298153221e-07,-0.9855810427961267,0.16919714945648814
2026-09-30T02:02:13.921 -0.4855187997799169,-0.8698336962315968,0.0007793805309816623,-0.001528159191080534,7.384175312374181e-07,-0.9865966839275803,0.16317061007437567
2026-09-30T02:02:13.989 -0.4979584613060322,-0.8738912453265835,0.0007988113040579507,-0.001530158026471841,6.786389715165267e-07,-0.987560825174709,0.15723000730204564
2026-09-30T02:02:14.024 -0.5104534375932046,-0.8778028382440712,0.0008184040148619163,-0.001531505940299057,3.563161522167612e-07,-0.9884691761841468,0.1514144716441009
2026-09-30T02:02:14.098 -0.5229875165781155,-0.881570121358302,0.0008378797106167879,-0.0015316313985540854,7.761042044541806e-07,-0.9893170283373496,0.14577198477901165
2026-09-30T02:02:14.131 -0.5355711881535259,-0.8852000461929983,0.0008575231994873742,-0.001530932494232888,1.2373591680514809e-06,-0.9901094478026892,0.14028876510975893
2026-09-30T02:02:14.202 -0.5482077903045045,-0.8887010691991883,0.0008771907489416701,-0.0015316967628793401,1.3911361873255037e-06,-0.9908532278891409,0.13493529814233834
2026-09-30T02:02:14.234 -0.5608992302698323,-0.8920742409327387,0.000896944979442065,-0.0015339527932255557,9.975324753321847e-07,-0.9915544484359439,0.12968200636450794
2026-09-30T02:02:14.302 -0.5736421700022776,-0.8953197848690216,0.0009168998226551628,-0.0015370585621458962,5.99726548319461e-07,-0.992217461225032,0.12450761860532533
2026-09-30T02:02:14.336 -0.5864294570442724,-0.8984379691388983,0.0009369843651034877,-0.0015408532027199864,1.5660727022249511e-07,-0.9928457831742119,0.11939378796473882
2026-09-30T02:02:14.405 -0.5992548926208323,-0.9014264392808637,0.0009571441018833085,-0.0015441190194752357,-6.356073822301585e-08,-0.9934350638129925,0.1143870171100092
2026-09-30T02:02:14.438 -0.6121008339951559,-0.9042867522441633,0.000977202126410992,-0.0015437947815881406,2.201755676440259e-07,-0.9939789274015602,0.10956052473070757
2026-09-30T02:02:14.499 -0.6249658506491597,-0.9070251888502379,0.0009971114744959462,-0.001541273399593236,8.445256023707908e-07,-0.9944736173599459,0.10497546785139225
2026-09-30T02:02:14.535 -0.637854233728353,-0.9096516286229586,0.0010170428456930034,-0.001537874567314904,1.391261005779174e-06,-0.9949224108930944,0.1006331518067097
2026-09-30T02:02:14.597 -0.6507807650342724,-0.9121765472647505,0.0010370196135478151,-0.001535873248641725,1.6067673129868152e-06,-0.9953321609736344,0.09649627154630246
2026-09-30T02:02:14.635 -0.663747351692054,-0.9146044076973847,0.00105714910250862,-0.001537255116002774,1.564135470532215e-06,-0.9957099592905854,0.09251655967340458
2026-09-30T02:02:14.698 -0.6767473179264644,-0.916934628691519,0.0010774654608870643,-0.001539219769660146,1.3441760335222381e-06,-0.9960553310509149,0.08872095742126643
2026-09-30T02:02:14.735 -0.6897696969773937,-0.9191720604371058,0.0010976086228057778,-0.0015371165680469238,1.927505380707752e-06,-0.9963667895471301,0.08515196977455185
2026-09-30T02:02:14.801 -0.7028168725917141,-0.9213251295707782,0.0011177909752893731,-0.0015365024701060638,1.9754677686896597e-06,-0.996649098936024,0.08178149391071651
2026-09-30T02:02:14.844 -0.715895997022407,-0.9233985896529806,0.0011381728394921093,-0.0015382733867808282,1.541645603596625e-06,-0.9969134053091474,0.078493923507049
2026-09-30T02:02:14.901 -0.7290037324703835,-0.925387925589848,0.0011587489371649787,-0.0015467563494564126,1.140009166006089e-06,-0.9971610761980726,0.07528210716363884
2026-09-30T02:02:14.939 -0.7421281581918894,-0.9272964527396843,0.0011793663103153796,-0.0015460243920340552,1.2770902118784585e-06,-0.9973905146622056,0.072178743884947
2026-09-30T02:02:15.001 -0.755271658407678,-0.9291267713851435,0.0011999840255912757,-0.0015497584731841907,1.0482792747766144e-06,-0.9976051075681492,0.06914945843256995
2026-09-30T02:02:15.036 -0.7684304182501052,-0.9308796935914638,0.0012207003596829053,-0.0015521537217181272,7.17903243403325e-07,-0.9978068861905283,0.06617407867942786
2026-09-30T02:02:15.101 -0.7816049146240691,-0.9325554056291717,0.001241471363123102,-0.001555439564409846,5.394896230215755e-07,-0.9979971601512487,0.06323961525431376
2026-09-30T02:02:15.136 -0.7947913327559792,-0.934154734464678,0.0012623357080342673,-0.0015583940781631511,8.52998164919685e-08,-0.9981771225953264,0.060332440156226234
2026-09-30T02:02:15.204 -0.8079877654390727,-0.9356778290855972,0.0012832009718650795,-0.001561930542196072,-1.6132906958343824e-07,-0.9983475477195942,0.0574433141038004
2026-09-30T02:02:15.237 -0.821193258816902,-0.9371242796979675,0.0013041848558289146,-0.0015641873109634693,-2.2628750163653807e-07,-0.9985087946461821,0.054568675375473254
2026-09-30T02:02:15.305 -0.8344063830579641,-0.9384944886152108,0.0013248529650668876,-0.0015646396821080556,-1.817912146609295e-07,-0.9986613406693763,0.051701823517903985
2026-09-30T02:02:15.338 -0.8476295213533795,-0.9397886272305825,0.0013458349172452493,-0.0015633306957764052,-9.92983162045303e-08,-0.998805066521329,0.04884664869210043
2026-09-30T02:02:15.403 -0.8608617206403405,-0.9410068743460814,0.0013667417748263317,-0.0015720766500467232,-4.6927942602875583e-07,-0.998941333942364,0.04597542730890716
2026-09-30T02:02:15.441 -0.8740986891801369,-0.9421490399178469,0.001387700862691528,-0.0015687044740925575,-8.768114589353417e-08,-0.9990659279305831,0.043183455332665655
2026-09-30T02:02:15.510 -0.8873375664155332,-0.9432195868076958,0.0014083798328538833,-0.0015696979002405203,9.981387629003919e-08,-0.9991782988273952,0.04050016297356027
2026-09-30T02:02:15.548 -0.9005826434841144,-0.9442234101010724,0.0014289940874806543,-0.0015603772056236968,5.902874911281712e-07,-0.9992779811738295,0.03796158010124856
2026-09-30T02:02:15.627 -0.913838688474718,-0.9451637806628653,0.0014497001778332288,-0.0015597227665347824,3.9381208666534936e-07,-0.9993702655263992,0.03544911347877303
2026-09-30T02:02:15.662 -0.9271071313779228,-0.9460370179242046,0.0014708579925214414,-0.0015631455106072548,2.2956146263836493e-07,-0.9994577189647162,0.03289110180438443
2026-09-30T02:02:15.730 -0.9403846352464378,-0.9468401900397031,0.0014919109112802276,-0.001573341932436459,2.2339642240390117e-07,-0.9995405182810899,0.030270066228601296
2026-09-30T02:02:15.767 -0.9536673851783497,-0.9475730883450516,0.0015129870129180053,-0.0015729779254319769,-8.748875180943924e-09,-0.9996163521770394,0.027652743095671263
2026-09-30T02:02:15.838 -0.9669591960582647,-0.9482372961366793,0.0015339582188511984,-0.001573088562674825,3.531535256065108e-08,-0.9996849734446465,0.025049536150381847
2026-09-30T02:02:15.886 -0.9802519612407286,-0.9488327984113173,0.001555079932832379,-0.0015744639188472974,-2.5368448078732785e-07,-0.9997453678651803,0.022510453025637134
2026-09-30T02:02:15.950 -0.9935437741550431,-0.9493634917986997,0.0015758275997887323,-0.0015707241389224184,-1.616364740017387e-07,-0.9997971825866889,0.02007801079221976
2026-09-30T02:02:15.986 -1.0068351108074056,-0.9498317046111732,0.0015967086128784763,-0.0015693974989717965,-3.7592532707493245e-07,-0.9998417827768645,0.017718532809748826
2026-09-30T02:02:16.053 -1.0201278786703243,-0.950238636416244,0.0016176365811626933,-0.0015686109621386851,-5.870085178950955e-07,-0.9998800045105791,0.015411555379956567
2026-09-30T02:02:16.089 -1.0334230314964366,-0.9505854569670832,0.0016385534081225827,-0.0015723884478084415,-5.829042372793809e-07,-0.9999125003991884,0.013134654151231539
2026-09-30T02:02:16.160 -1.0467210461402372,-0.9508726133045331,0.0016594449466187668,-0.0015685179052342937,-4.4004311551491e-07,-0.9999392799723953,0.01090761750682617
2026-09-30T02:02:16.196 -1.0600233528525924,-0.9511019494652742,0.0016804624701687602,-0.0015738141585336489,-3.667462358134767e-07,-0.9999608068873884,0.008712508133897711
2026-09-30T02:02:16.269 -1.0733251835105657,-0.9512729028704642,0.0017014494279541565,-0.0015693681726416638,-4.5391789633248946e-07,-0.9999769168917442,0.0066108068353600506
2026-09-30T02:02:16.304 -1.0866260613173508,-0.9513916723971699,0.0017223305613459647,-0.0015721726633025027,-6.104896246726217e-07,-0.9999879538823149,0.004649770209957641
2026-09-30T02:02:16.371 -1.099923602204217,-0.9514622962300766,0.001742997793356361,-0.0015604252231709683,-4.5319897669561723e-07,-0.9999948292755279,0.002811849058116824
2026-09-30T02:02:16.418 -1.1132287728277581,-0.9514881458949195,0.0017638111912075029,-0.0015447703621998255,-5.561535044588912e-07,-0.9999983101486611,0.0009966865310146076
2026-09-30T02:02:16.477 -1.126542526701166,-0.95146508260616,0.0017849063723656838,-0.0015361436077113468,-5.451355279006149e-07,-0.9999985661481157,-0.0007127160951238556
2026-09-30T02:02:16.518 -1.1398538971451422,-0.9513971518910541,0.0018058785673942138,-0.001559253728842841,-6.169565664132796e-07,-0.9999958763633633,-0.0024116350672853107
2026-09-30T02:02:16.589 -1.1531681292483054,-0.9512858886352314,0.0018267956743451966,-0.0015661936377275125,-5.549628813619327e-07,-0.9999905168569065,-0.004063647799488354
2026-09-30T02:02:16.625 -1.1664871303650803,-0.9511325147579263,0.0018476458079962111,-0.0015723976152114587,-2.327735799043173e-07,-0.9999824161321833,-0.0057179534910999155
2026-09-30T02:02:16.705 -1.179811376737316,-0.9509337408337347,0.0018688320525886318,-0.0015760930111769086,-3.5750874526706756e-07,-0.9999719924573015,-0.007316435721511144
2026-09-30T02:02:16.740 -1.193133240080691,-0.9506957097704405,0.0018895972891176864,-0.0015712156795338577,-1.832174641606341e-07,-0.9999598464427235,-0.008822515712636769
2026-09-30T02:02:16.826 -1.2064589179701461,-0.9504187829990968,0.00191077088157466,-0.0015724175733800244,-7.561054678135384e-08,-0.9999458476179031,-0.010287338561694418
2026-09-30T02:02:16.863 -1.2197841197148502,-0.9501037502273142,0.0019318096035856323,-0.0015721142114261603,-3.1352403054344027e-07,-0.9999302999424962,-0.01170144066847019
2026-09-30T02:02:16.948 -1.2331121832988419,-0.9497535358500201,0.001952614425141449,-0.001571755520505982,-3.3944484550717524e-07,-0.999913381101233,-0.013067512355809682
2026-09-30T02:02:16.984 -1.2464435846900477,-0.9493678940039569,0.001973737442406989,-0.0015720276536339152,-5.577152680011541e-07,-0.999895090637431,-0.014399182195843867
2026-09-30T02:02:17.060 -1.2597745100035076,-0.9489481806468616,0.001994651084173588,-0.0015713916555771619,-3.5009888644136544e-07,-0.9998765618571674,-0.015633034792775526
2026-09-30T02:02:17.098 -1.2731011443762523,-0.9484985792316979,0.00201542382539779,-0.0015668024315289677,-9.008228613205893e-09,-0.9998586910387864,-0.016737475447187896
2026-09-30T02:02:17.179 -1.2864282559180058,-0.9480225729649041,0.002036197316233147,-0.0015633572049889102,-5.081390418551647e-07,-0.9998414147198882,-0.01773982313678107
2026-09-30T02:02:17.217 -1.299755367630113,-0.9475218084187724,0.002057060209874318,-0.001563122764966276,-3.2166621333176006e-07,-0.9998234205085854,-0.018726570685284993
2026-09-30T02:02:17.309 -1.3130834329472663,-0.9469946390269678,0.0020781779264803734,-0.0015692164846203406,-3.0855181729909064e-07,-0.9998047059543206,-0.019699936830459595
2026-09-30T02:02:17.342 -1.3264110218630027,-0.9464422643150158,0.0020992203793208032,-0.0015686157558345505,-1.823658929983056e-07,-0.9997858772321595,-0.020633446917529514
2026-09-30T02:02:17.420 -1.3397400417739431,-0.9458662973576378,0.0021201458809520274,-0.0015681595344599901,-3.4026753159555385e-07,-0.999767226902786,-0.021518198964417385
2026-09-30T02:02:17.456 -1.353068584993395,-0.945267580046389,0.0021411600317874225,-0.0015688174043573485,-2.8292784613028804e-07,-0.99974839670857,-0.022375926584514896
2026-09-30T02:02:17.535 -1.3663980822544528,-0.9446470809747846,0.0021621160823499476,-0.0015689457191949393,-2.9561322673548325e-07,-0.9997298646760668,-0.02318913719860995
2026-09-30T02:02:17.579 -1.3797275795658885,-0.9440057389039374,0.0021832062397863948,-0.0015696219515952958,-2.3340672771143934e-07,-0.9997112724476908,-0.023977239788884754
2026-09-30T02:02:17.651 -1.3930570773401092,-0.9433444814311809,0.002204162283682261,-0.0015693475004796894,-3.8880050296332163e-07,-0.9996931575290411,-0.024721001959621146
2026-09-30T02:02:17.689 -1.406386098398326,-0.9426642920271117,0.0022251920762642913,-0.0015702511905099584,-1.6242019627046116e-07,-0.9996751607218027,-0.025438304719665506
2026-09-30T02:02:17.762 -1.419714166228193,-0.941965617720601,0.0022460862476795787,-0.0015704243836861022,-1.265718880664235e-07,-0.9996575219101212,-0.026122263603191705
2026-09-30T02:02:17.801 -1.4330427107820312,-0.9412496878753944,0.0022671897861984845,-0.001571081123459998,-1.4194254412601172e-07,-0.999641491553672,-0.026728637609001557
2026-09-30T02:02:17.877 -1.4463683948905621,-0.9405199744201104,0.002288035479458788,-0.0015675106659993956,-1.9233283059543367e-07,-0.9996270138190924,-0.02726492533272905
2026-09-30T02:02:17.913 -1.4596940788062365,-0.9397775092960947,0.0023091046877718843,-0.0015687255427676737,-1.2627803862217346e-07,-0.9996136048763415,-0.027752117870194184
2026-09-30T02:02:17.991 -1.4730192862249518,-0.9390230412807569,0.002330053931051108,-0.0015698121764151798,-1.6198291192839665e-07,-0.9996008514871657,-0.028207683276687483
2026-09-30T02:02:18.029 -1.4863449707584064,-0.9382577065996391,0.0023509145196275844,-0.0015708116759747517,-1.8343166599325736e-07,-0.9995891707695241,-0.02861856444583155
2026-09-30T02:02:18.116 -1.4996701781614155,-0.9374820305066011,0.0023720425731487216,-0.0015724137723592032,-3.436230069061049e-08,-0.9995764168872415,-0.02906052851877979
2026-09-30T02:02:18.151 -1.5129963394738901,-0.9366931967002449,0.0023931274289501502,-0.001576485496033818,2.148978931469888e-08,-0.9995612773317362,-0.02957646957343614
2026-09-30T02:02:18.217 -1.5263234543273867,-0.9358886570819601,0.0024144224060387506,-0.0015790036789008557,3.9014493529676194e-09,-0.9995432189301634,-0.030180461197760362
2026-09-30T02:02:18.252 -1.5396505696365541,-0.9350666384016237,0.002435568368842701,-0.0015785065396633964,-5.642282144512865e-08,-0.9995253416156131,-0.030766861804436732
2026-09-30T02:02:18.329 -1.5529776852991932,-0.9342296440543079,0.002456610021199176,-0.0015794953409976873,1.4485393108050937e-07,-0.9995092508377049,-0.03128518314309187
2026-09-30T02:02:18.365 -1.5663014633926575,-0.9333811012650601,0.002477556987300823,-0.0015766243445813136,-1.1884318751971949e-07,-0.9994946528800573,-0.03174827743100137
2026-09-30T02:02:18.440 -1.5796233343021717,-0.9325215390430995,0.002498486034737223,-0.0015765469160743879,-8.857913574474356e-08,-0.9994808273808031,-0.0321805872848696
2026-09-30T02:02:18.472 -1.5929471124646342,-0.9316506743143605,0.0025195671074708897,-0.0015774370347551533,-1.1777520606150194e-07,-0.9994671202667186,-0.032603484447835764
2026-09-30T02:02:18.550 -1.6062685067924412,-0.9307689987631839,0.002540510298502815,-0.0015775598419046203,-1.0250116323140337e-07,-0.9994538308783789,-0.033008351177656214
2026-09-30T02:02:18.589 -1.6195908547114375,-0.9298769892687023,0.0025615891059877207,-0.0015775775770737503,-2.0178227778630614e-07,-0.9994408991028304,-0.03339761143366357
2026-09-30T02:02:18.670 -1.6329122489903622,-0.9289748693243337,0.0025827260085290395,-0.0015777355296254772,-5.6816275081364154e-08,-0.9994282055624284,-0.03377532645082575
2026-09-30T02:02:18.709 -1.6462336436955485,-0.9280632200874179,0.002603669194658311,-0.0015777018358991714,-3.514812891064756e-08,-0.9994158697093216,-0.03413839817677679
2026-09-30T02:02:18.786 -1.6595550384251574,-0.9271421458660368,0.002624671983816255,-0.0015775023431358016,-9.859644190204897e-08,-0.9994038915259893,-0.03448728880408793
2026-09-30T02:02:18.824 -1.6728754796181442,-0.9262121011336136,0.0026456583625042262,-0.0015773634262467658,-5.4169055398800206e-08,-0.9993922112422423,-0.03482413003880921
2026-09-30T02:02:18.905 -1.686196397639269,-0.9252733690302049,0.002666719999414156,-0.0015769563790999739,-4.3969346075239534e-08,-0.999380829120157,-0.03514927589131734
2026-09-30T02:02:18.939 -1.6995163621635752,-0.9243262475610461,0.002687735423664032,-0.0015767484931611963,-7.264501144294381e-08,-0.9993696256040915,-0.03546639654831137
2026-09-30T02:02:19.029 -1.7128363266244568,-0.9233710645636629,0.0027088551545932987,-0.0015762742750239608,-2.8549446673792747e-09,-0.9993605676712661,-0.03572073827869023
2026-09-30T02:02:19.062 -1.7261534306432962,-0.9224111951151241,0.0027296425360391007,-0.001572733932915084,-9.559629645450384e-08,-0.9993534191669329,-0.035920330000265954
2026-09-30T02:02:19.143 -1.7394710111546434,-0.9214468404230235,0.002750683990105003,-0.0015730796513794946,-1.1152191150480319e-07,-0.9993471019029085,-0.03609564154653465
2026-09-30T02:02:19.176 -1.7527862076510734,-0.9204785070908807,0.002771647168156944,-0.0015727487781944701,-1.7613000945025723e-07,-0.9993416790833644,-0.036245481209271874
2026-09-30T02:02:19.251 -1.7661014040943488,-0.9195069104044261,0.0027926699502453856,-0.0015724785409974612,-8.545034946481891e-08,-0.9993370309386728,-0.03637342307109677
2026-09-30T02:02:19.287 -1.779416600595424,-0.9185325942560563,0.00281367783074645,-0.001572183978448326,-1.7569004901740504e-07,-0.9993332171318208,-0.036478067033116394
2026-09-30T02:02:19.364 -1.7927322740558194,-0.9175560131371998,0.0028346268602368416,-0.00157197407925434,-1.7688762461336398e-07,-0.9993301183890974,-0.036562868841153874
2026-09-30T02:02:19.398 -1.8060474705597718,-0.9165777258293668,0.002855664542373499,-0.0015719361264214188,-1.272053286887918e-07,-0.9993276750479267,-0.036629590498719715
2026-09-30T02:02:19.474 -1.8193640976136687,-0.9155981123362006,0.0028766895849408813,-0.0015718828044331955,-1.181622308443821e-07,-0.9993259468514721,-0.036676711055438224
2026-09-30T02:02:19.510 -1.8326807246056085,-0.9146178059390307,0.0028977593308226342,-0.00157195808477446,-1.7235790198128934e-07,-0.9993248144974716,-0.03670754796147872
2026-09-30T02:02:19.588 -1.845996398188653,-0.9136370971985319,0.0029186636562101857,-0.001571932698052594,-1.6985301209966015e-07,-0.999324397356382,-0.036718903522135304
2026-09-30T02:02:19.628 -1.8593130251598466,-0.9126565672839416,0.002939748303197946,-0.0015721771997948715,-1.2682872337503522e-07,-0.9993244567575145,-0.03671727638503521
2026-09-30T02:02:19.704 -1.872629652054262,-0.9116765216570818,0.002960877653692624,-0.0015724791275226542,-3.54551643128744e-08,-0.9993251120577469,-0.0366994239759173
2026-09-30T02:02:19.743 -1.885945802524569,-0.9106973998962616,0.0029817380298421165,-0.0015726630069708742,-7.070768703893757e-08,-0.9993263633956598,-0.03666532631065972
2026-09-30T02:02:19.816 -1.8992624292264833,-0.9097195447400779,0.0030029716886930567,-0.001572845122703834,-5.720901171327504e-08,-0.9993280914901884,-0.036618188333046205
2026-09-30T02:02:19.865 -1.912579533122507,-0.9087432318601247,0.0030239676834452394,-0.001573258652099314,2.505286792370646e-07,-0.9993303557510733,-0.03655632546611038
2026-09-30T02:02:19.930 -1.925897113782551,-0.9077689380935112,0.0030449942347428862,-0.0015739177702299599,2.572952489856319e-07,-0.9993329773834216,-0.03648455970369089
2026-09-30T02:02:19.970 -1.9392146942959014,-0.9067969391057078,0.0030660952921287192,-0.0015745986189921995,2.3130582826721442e-07,-0.9993360161582541,-0.0364012011901487
2026-09-30T02:02:20.047 -1.9525308444562475,-0.9058274658467381,0.0030870748789969173,-0.0015750608646799271,3.606270673252359e-07,-0.9993395914537863,-0.036302894321560794
2026-09-30T02:02:20.086 -1.9658493786437994,-0.9048609952017521,0.0031081327417194324,-0.0015756361255935569,4.6960606419870985e-07,-0.9993435838184193,-0.036192801101008414
2026-09-30T02:02:20.163 -1.9791679128155133,-0.9038976538006193,0.0031291757038112147,-0.0015763981117076875,3.873645529518747e-07,-0.9993463841477207,-0.03611536320902157
2026-09-30T02:02:20.203 -1.992485970111439,-0.9029355566404399,0.0031502328133190096,-0.0015775062098082409,3.599544986832255e-07,-0.9993487074482139,-0.03605096941294234
2026-09-30T02:02:20.270 -2.0058037888019293,-0.9019752252648411,0.0031713938541485668,-0.001578985109410368,2.3058924366817875e-07,-0.9993494810042415,-0.036029454929606096
2026-09-30T02:02:20.308 -2.0191194619976547,-0.9010140519466493,0.0031923875895868443,-0.001577259348261429,-1.1339914299832537e-07,-0.9993485288605698,-0.03605593040195277
2026-09-30T02:02:20.382 -2.0324363270357515,-0.9000520739807318,0.003213547122286935,-0.0015790419203909457,-9.763337393663937e-08,-0.9993475143485264,-0.03608396031516208
2026-09-30T02:02:20.419 -2.0457524770913955,-0.8990890454739753,0.0032345416113518386,-0.0015790871714509642,-1.4175798361748793e-07,-0.9993457264843236,-0.03613343937690695
2026-09-30T02:02:20.496 -2.0590686270291294,-0.8981241543220531,0.003255625506967487,-0.0015791636298799572,-6.217544543437839e-08,-0.999343461840599,-0.036196015231978275
2026-09-30T02:02:20.540 -2.0723847770639034,-0.8971571695569915,0.0032766646988129883,-0.0015799845608515278,-1.232559457849375e-07,-0.9993408390415843,-0.03626832050749905
2026-09-30T02:02:20.618 -2.085700688613922,-0.8961879794170609,0.0032977631179030046,-0.001579303126729257,-1.1713722851015953e-07,-0.9993375618917295,-0.03635853674054947
2026-09-30T02:02:20.657 -2.0990158848988414,-0.8952158611899452,0.0033188902079041177,-0.00157992812636277,-1.794320603190602e-08,-0.9993338069524564,-0.036461570303892556
2026-09-30T02:02:20.750 -2.112332273478174,-0.8942407180421351,0.003339914874237658,-0.00157986713827304,-1.6291944663568855e-07,-0.9993295757984397,-0.036577355758851286
2026-09-30T02:02:20.784 -2.1256469929621473,-0.8932620283969247,0.0033610710115189813,-0.0015796834907937723,-1.1621923183465018e-07,-0.9993247487946385,-0.036709004979543075
2026-09-30T02:02:20.863 -2.138962189614279,-0.8922794570052598,0.0033820490883846384,-0.0015795553281547313,-1.661909348856854e-07,-0.9993194449880821,-0.036853112129767704
2026-09-30T02:02:20.901 -2.152277147689088,-0.8912926760325315,0.0034031608978798322,-0.0015792968434428518,-4.464989045923048e-08,-0.9993136645247918,-0.03700953546736518
2026-09-30T02:02:20.978 -2.165591629078515,-0.8903013725513887,0.0034242123481349573,-0.0015790015654510178,-1.4457931760175984e-07,-0.9993074073298017,-0.03717811735181617
2026-09-30T02:02:21.010 -2.1789053951086816,-0.8893052634367373,0.0034453669747069194,-0.0015785807097781041,-7.138009534468016e-08,-0.9993007926615649,-0.037355506540612475
2026-09-30T02:02:21.090 -2.1922203535320834,-0.8883038942272207,0.003466374473818007,-0.0015784908399108781,-4.052745417669599e-08,-0.9992916151549257,-0.03760021605957652
2026-09-30T02:02:21.127 -2.2055343579919633,-0.8872937780240304,0.0034876337830619083,-0.0015745264344169767,-1.3993088433795785e-07,-0.9992819639437657,-0.037856008812057536
2026-09-30T02:02:21.203 -2.218850032065078,-0.8862778876419614,0.0035085083004098294,-0.001575881820209893,-2.3205566563356593e-07,-0.9992752882563349,-0.03803176141929219
2026-09-30T02:02:21.245 -2.232163560162153,-0.8852582123379037,0.0035295433370216007,-0.0015755676347054463,-2.1489808466160437e-07,-0.9992688522633217,-0.03820050369990172
2026-09-30T02:02:21.316 -2.245476849804959,-0.8842339102202831,0.0035506376004818233,-0.0015752932792879846,-1.8548178478120735e-07,-0.999262416234139,-0.038368502094301524
2026-09-30T02:02:21.353 -2.2587896628542796,-0.8832052718587738,0.003571611900162171,-0.0015747232467880467,-2.2591605550834964e-07,-0.9992546097505037,-0.03857129942085863
2026-09-30T02:02:21.437 -2.27210271414189,-0.8821703452102131,0.0035927504883472585,-0.0015751292085750635,-2.1638321746623402e-07,-0.9992459085635195,-0.03879604602270792
2026-09-30T02:02:21.473 -2.28541505039641,-0.8811290334050925,0.0036137985377374415,-0.001575599302720766,-3.20405687900673e-07,-0.999236909342372,-0.03902712511368094
2026-09-30T02:02:21.551 -2.298727386777504,-0.8800814109582121,0.0036348167838102866,-0.0015752982690159568,-2.3981132481813373e-07,-0.9992276127468055,-0.03926444141493233
2026-09-30T02:02:21.602 -2.3120375773118838,-0.8790272170722114,0.003655935944120931,-0.0015753675462211304,-2.9469755401956903e-07,-0.9992174219218032,-0.039522929356926376
2026-09-30T02:02:21.663 -2.325347052746712,-0.8779663027535157,0.003677009269009536,-0.0015744132247488744,-3.489455140195773e-07,-0.9992071723003096,-0.03978125245006179
2026-09-30T02:02:21.703 -2.338657481969968,-0.8768981017790065,0.0036980691994238707,-0.0015745887800352463,-3.543494161412925e-07,-0.99919668339374,-0.040043833045782004
2026-09-30T02:02:21.779 -2.351968388079754,-0.8758221894595781,0.003719159684792104,-0.001575043840043517,-2.399919329873899e-07,-0.9991855387063865,-0.04032094340256289
2026-09-30T02:02:21.812 -2.3652781024525105,-0.8747387147858657,0.0037400843715299724,-0.00157519577189848,-1.8962846618476825e-07,-0.9991740962696257,-0.040603498642620216
2026-09-30T02:02:21.893 -2.3785866244520153,-0.8736476852083765,0.0037612455904880355,-0.0015757298319042628,-4.432239176038668e-07,-0.9991622959454134,-0.04089282866702768
2026-09-30T02:02:21.932 -2.3918944313681045,-0.8725486536983299,0.003782360973814449,-0.0015760220113117352,-3.277475937102838e-07,-0.9991500786307317,-0.04119024795647006
2026-09-30T02:02:22.010 -2.4052008081106706,-0.8714416351479012,0.0038033250826185676,-0.001576330200379686,-3.3256226653753936e-07,-0.9991376229074234,-0.04149127226167532
2026-09-30T02:02:22.048 -2.4185071847945023,-0.8703261825402181,0.0038243934980411436,-0.001576214696312486,-1.697149796627762e-07,-0.9991226644860443,-0.04184993258668261
2026-09-30T02:02:22.120 -2.4318130844556376,-0.8691993156370199,0.0038456697736626217,-0.00157644740437593,-7.698665585354087e-08,-0.9991037724478373,-0.04229854245805416
2026-09-30T02:02:22.159 -2.44511874617644,-0.8680588141683642,0.003866751955235537,-0.0015754173881318556,-1.4094851734868196e-07,-0.9990827955218569,-0.04279118778749874
2026-09-30T02:02:22.239 -2.4584239310967977,-0.8669042161952002,0.0038879227874280917,-0.001575362319430405,-1.8773003456046057e-07,-0.9990628309216686,-0.04325480440724292
2026-09-30T02:02:22.280 -2.47172840140154,-0.8657381443189704,0.003908779562854878,-0.0015783682198321643,6.131024443916413e-08,-0.9990446517528521,-0.04367256069640725
2026-09-30T02:02:22.356 -2.4850295337722583,-0.8645614329716004,0.003929765169314034,-0.0015785137669181099,-3.734948209223766e-08,-0.9990240909739415,-0.044140389078218045
2026-09-30T02:02:22.393 -2.498330189132179,-0.8633704910092469,0.0039509735366540085,-0.0015784074752115376,1.2791101789558278e-07,-0.9990000737796911,-0.04468065820909018
2026-09-30T02:02:22.480 -2.5116286991396053,-0.8621636643820711,0.003972044398427373,-0.0015767369942948407,5.3908327195677234e-08,-0.9989757597995808,-0.045221070678372464
2026-09-30T02:02:22.520 -2.5249272094033697,-0.860943963151636,0.003993055653524626,-0.0015786440363927496,6.846511610298143e-08,-0.9989547803527089,-0.045682104739961565
2026-09-30T02:02:22.594 -2.5382226204165583,-0.8597131456159344,0.004014032203973043,-0.0015775761652295475,-1.7046187952443602e-07,-0.9989370810383047,-0.04606755235613532
2026-09-30T02:02:22.633 -2.5515154092321217,-0.8584746092457517,0.00403481089169015,-0.0015738762956702354,-9.131213678906189e-08,-0.9989247474774409,-0.0463343478483149
2026-09-30T02:02:22.708 -2.5648081979092945,-0.8572320942655086,0.004055708787897042,-0.0015707037768559486,-1.62701926387653e-07,-0.9989187307305838,-0.0464639891229584
2026-09-30T02:02:22.742 -2.5780997947304773,-0.8559895941714455,0.0040764557878555105,-0.001566995467423151,-2.9635747760068786e-07,-0.9989170053611516,-0.046501192731225244
2026-09-30T02:02:22.821 -2.5913928219362283,-0.8547476752406655,0.00409727955541209,-0.0015682191726500135,-2.979623267570099e-07,-0.9989180175358577,-0.0464794032961874
2026-09-30T02:02:22.857 -2.6046856106966825,-0.8535079020740957,0.004118102946354605,-0.0015691501584168084,1.6552290409771368e-07,-0.9989216521920176,-0.04640119125327515
2026-09-30T02:02:22.937 -2.617979114313173,-0.8522717349974984,0.004139150985920581,-0.0015698097690998558,3.3152785715870397e-07,-0.9989274921349356,-0.046275275841286975
2026-09-30T02:02:22.972 -2.631274286963456,-0.8510402618077081,0.004160097357011583,-0.0015699824044589886,5.227513305688502e-07,-0.9989358355153091,-0.04609481183721194
2026-09-30T02:02:23.049 -2.6445701746961072,-0.8498150024111293,0.004181104464584325,-0.0015702696931462967,7.836335456381525e-07,-0.998946264677952,-0.045868230164723696
2026-09-30T02:02:23.083 -2.657866777474621,-0.8485969849878815,0.004202187209949549,-0.001570986941001685,9.278795676428543e-07,-0.9989586601763235,-0.045597447931818996
2026-09-30T02:02:23.162 -2.671164572025559,-0.8473874612414974,0.004223405951812333,-0.0015717235322820235,4.946120057625602e-07,-0.998972903137267,-0.04528430724206801
2026-09-30T02:02:23.196 -2.6844637966615164,-0.8461873401458008,0.004244820671856663,-0.0015714192338597795,4.33337150799143e-07,-0.9989888156046006,-0.0449319144742462
2026-09-30T02:02:23.278 -2.6977639754250893,-0.8449979031947544,0.004265864372944485,-0.0015714084691621094,-4.406592571893829e-08,-0.9990066944985397,-0.04453262874031471
2026-09-30T02:02:23.327 -2.7110646306455357,-0.8438199103414801,0.004287057841259914,-0.0015715588294070465,-1.9458555499932634e-07,-0.9990258247618458,-0.044101379363030935
2026-09-30T02:02:23.396 -2.724366716241448,-0.8426544493827819,0.004308238672272772,-0.001571637366660177,-3.348249374734774e-08,-0.9990462661688007,-0.04363585693170987
2026-09-30T02:02:23.436 -2.7376692787627355,-0.8415025186844801,0.00432925634686053,-0.0015716741953732667,-1.429055630004848e-07,-0.9990680186885476,-0.04313494956463226
2026-09-30T02:02:23.513 -2.750973032985342,-0.8403647292031341,0.004350410018869591,-0.0015718491659459956,-2.5834451283060008e-08,-0.9990907841917331,-0.04260439218375114
2026-09-30T02:02:23.551 -2.764277502297053,-0.8392419750024392,0.004371549923090438,-0.0015721337532286594,-2.820269435702747e-08,-0.9991143839065605,-0.04204730986015173
2026-09-30T02:02:23.630 -2.7775841172471707,-0.8381348521468592,0.004392648519125643,-0.0015725934738393189,-2.8655435145864626e-08,-0.999139056156989,-0.04145688617692377
2026-09-30T02:02:23.667 -2.7908914472687565,-0.8370441652810825,0.0044137333476017455,-0.0015728295442451205,1.029333222740651e-07,-0.999164384080833,-0.04084188770838131
2026-09-30T02:02:23.742 -2.804200207539032,-0.8359704657570703,0.0044348502429317335,-0.0015729131165956821,1.0701132302622416e-07,-0.9991903676147048,-0.0402011841903625
2026-09-30T02:02:23.782 -2.8175099214455934,-0.8349146625396793,0.004455849439908532,-0.001573405400417777,-1.0165404688398787e-08,-0.9992170063069947,-0.039533513660351356
2026-09-30T02:02:23.869 -2.8308213036937047,-0.8338773665854602,0.004477074795806244,-0.0015738770814097162,7.694729053628082e-08,-0.9992441812983965,-0.03884055937063969
2026-09-30T02:02:23.909 -2.844133401168559,-0.8328591441265977,0.004498167175435711,-0.0015745275621024482,3.2443240651021225e-07,-0.9992717732328971,-0.03812406173052133
2026-09-30T02:02:24.039 -2.8574469288796425,-0.8318607700324514,0.004519276721244461,-0.0015751213956198178,2.761925154148392e-07,-0.9992996630988247,-0.03738585726031393
2026-09-30T02:02:24.091 -2.870761887032243,-0.8308827807448487,0.004540269323037124,-0.0015758694314437717,3.4404749569835266e-08,-0.9993279103156331,-0.036623002330830635
2026-09-30T02:02:24.167 -2.884079228703535,-0.8299257276186923,0.004561519017328228,-0.0015766067166020556,1.265182589740204e-07,-0.9993562766270735,-0.03584057306067263
2026-09-30T02:02:24.213 -2.8973968088269815,-0.828990310981625,0.0045825753772699585,-0.0015770223825193532,1.585319828198644e-07,-0.9993848814585832,-0.035033865222006716
2026-09-30T02:02:24.299 -2.910714865462017,-0.8280769629702821,0.0046036622970365565,-0.001577233278323249,1.6002062780345588e-07,-0.9994119964893944,-0.03425162197974266
2026-09-30T02:02:24.336 -2.9240324452170077,-0.8271839103345046,0.004624614355909589,-0.0015794345750512523,-3.4388342584549935e-09,-0.9994369048729012,-0.03351684001362226
2026-09-30T02:02:24.411 -2.937348355814582,-0.8263090817978539,0.0046455637790082036,-0.001577112309159424,7.097310260684295e-08,-0.9994602077122524,-0.03281472103402602
2026-09-30T02:02:24.450 -2.9506661731932966,-0.8254529393413141,0.004666724836879448,-0.0015790685318435827,1.0569084245417413e-07,-0.9994830303279411,-0.032111970183046845
2026-09-30T02:02:24.529 -2.9639842289915688,-0.824615408438133,0.004687737263334249,-0.0015789318140188228,-2.5018504447325655e-08,-0.9995049606085623,-0.031421977869044146
2026-09-30T02:02:24.567 -2.977303715047269,-0.8237960420684534,0.004708766855692918,-0.0015793203449436513,1.0972425826270181e-07,-0.9995263540441229,-0.030733911539191167
2026-09-30T02:02:24.645 -2.9906232008529634,-0.8229946614003304,0.004729811352135992,-0.0015796617243117803,1.271997357288992e-07,-0.9995469727192934,-0.030055847958702663
2026-09-30T02:02:24.686 -3.0039436401765784,-0.8222112217422987,0.004750812655946028,-0.0015798747093487176,1.527665075515369e-07,-0.9995670550703026,-0.029380374639577222
2026-09-30T02:02:24.764 -3.017266463247329,-0.821445544298401,0.004771951842594812,-0.0015800701653669823,1.8265185474441545e-07,-0.9995863030526255,-0.028718045334320253
2026-09-30T02:02:24.799 -3.030590478446893,-0.8206974800420717,0.004792929004381427,-0.0015800800365376906,7.198944323867561e-08,-0.9996051935354051,-0.028052814548957992
2026-09-30T02:02:24.878 -3.0439152086335484,-0.8199669395603046,0.004813937102214567,-0.0015802078880414877,4.778595633202719e-08,-0.9996233091404803,-0.02739968551031456
2026-09-30T02:02:24.912 -3.0572406537166197,-0.8192536397310262,0.004835035740618192,-0.0015800831013232253,1.7445521200575465e-07,-0.9996410077103844,-0.02674619676009998
2026-09-30T02:02:24.994 -3.070567529280418,-0.818557610365602,0.004856017434496333,-0.001580019212368274,2.5035856938807862e-08,-0.9996580506358131,-0.026101443222435163
2026-09-30T02:02:25.030 -3.0838953580682364,-0.8178785385335948,0.004877149650433959,-0.0015797543829182536,-1.9069725121383256e-08,-0.999674557307905,-0.025461418800478423
2026-09-30T02:02:25.110 -3.097224140434042,-0.8172163795315618,0.004898208871285239,-0.0015796930688092943,1.3658161073860613e-07,-0.999690467819593,-0.024828876745298125
2026-09-30T02:02:25.164 -3.110554829886413,-0.8165711035691683,0.004919300912903414,-0.0015794494139437273,4.9797497129621e-08,-0.9997059612471596,-0.024197032595740336
2026-09-30T02:02:25.231 -3.1238855191750288,-0.8159425765119608,0.0049403631549759935,-0.0015787840926683614,-1.1177436034800233e-09,-0.9997209781914865,-0.023568479048218825
2026-09-30T02:02:25.263 -3.137217400252561,-0.8153305897586748,0.00496148688914944,-0.0015784362000056797,-1.0657821343162947e-07,-0.9997366502475304,-0.022894075456289208
2026-09-30T02:02:25.346 -3.150552142101257,-0.8147383172776672,0.004982615150127882,-0.0015772678456597738,1.67578933405642e-07,-0.99975357416618,-0.022142790430824892
2026-09-30T02:02:25.382 -3.1638897445118084,-0.8141674130978085,0.005003867147322404,-0.001577435632451359,7.210232132995252e-08,-0.9997704372748463,-0.021367836766575107
2026-09-30T02:02:25.457 -3.1772287774509893,-0.8136174599686297,0.005024942596023184,-0.001577597788463189,5.098451879475127e-08,-0.9997871810313678,-0.020569487853767523
2026-09-30T02:02:25.498 -3.1905678099243984,-0.8130895307556719,0.005046137257466857,-0.0015772018335701386,1.3667335219623752e-07,-0.9998036270977727,-0.019753978751012553
2026-09-30T02:02:25.572 -3.203908272789124,-0.8125841023141446,0.005067229876383109,-0.0015769150727232388,7.159851285616626e-08,-0.9998199536868722,-0.018909615237474746
2026-09-30T02:02:25.611 -3.2172489737108396,-0.8121017557742979,0.005088367579467498,-0.0015765822630622061,7.216557598432993e-08,-0.9998359225604583,-0.018045563056879307
2026-09-30T02:02:25.687 -3.2305901512184994,-0.8116430573832731,0.005109476238064838,-0.0015764743894195496,4.07184845147168e-08,-0.9998514143198846,-0.01716578023349776
2026-09-30T02:02:25.720 -3.2439320435587082,-0.8112085435858554,0.005130660537225883,-0.0015767245433323108,9.998256554571576e-08,-0.9998664884254618,-0.016264048187354503
2026-09-30T02:02:25.797 -3.2572746510064983,-0.8107988253296865,0.0051517416633397465,-0.001576366915161651,7.844903711631405e-08,-0.9998812647770687,-0.015328777353471781
2026-09-30T02:02:25.832 -3.270617496386644,-0.8104146029633009,0.0051729274785868645,-0.0015765533668913273,4.313291801052818e-08,-0.9998952657939372,-0.014386518771104109
2026-09-30T02:02:25.911 -3.283960103213362,-0.8100560850969928,0.005193993711932764,-0.0015765767393964368,6.514363414139354e-08,-0.9999087899097928,-0.013413659713688054
2026-09-30T02:02:25.946 -3.297303186355714,-0.8097239720942996,0.005215179912668199,-0.0015768534295131783,6.859089916990838e-08,-0.9999214793032126,-0.012431764208368801
2026-09-30T02:02:26.031 -3.3106460307652688,-0.8094187109810767,0.005236350839688066,-0.0015773302040730333,7.281139365503147e-08,-0.9999334531454135,-0.011428093021639144
2026-09-30T02:02:26.073 -3.3239898285270555,-0.809140808411813,0.005257508377900414,-0.0015772509622995633,7.843500375179587e-08,-0.9999446524262381,-0.010402132645081455
2026-09-30T02:02:26.147 -3.3373333875915345,-0.808890681604019,0.005278620840263171,-0.0015782591935268565,-8.210217908946542e-08,-0.9999543610228848,-0.009422577631716366
2026-09-30T02:02:26.183 -3.3506733703295266,-0.8086652906788092,0.00529956373962808,-0.001576167015457346,-2.3808527561408229e-07,-0.9999625823495341,-0.008505856707833357
2026-09-30T02:02:26.264 -3.364012160643824,-0.8084625495035983,0.005320534560157661,-0.0015753069562369673,-2.729184996091903e-07,-0.9999696704541425,-0.007627357324334413
2026-09-30T02:02:26.301 -3.377350473665652,-0.8082829200233745,0.005341608938535418,-0.0015786163634884823,-3.043167217747522e-07,-0.9999754444567357,-0.006827770781047015
2026-09-30T02:02:26.382 -3.3906854488511295,-0.808122319284,0.005362514129946872,-0.0015710566848771627,-4.662872170695392e-07,-0.9999799164526313,-0.0061399081478647494
2026-09-30T02:02:26.417 -3.4040211392463267,-0.8079765303078726,0.005383331047820713,-0.0015668269286487227,-6.092443348679558e-07,-0.9999830754638572,-0.005603020511312659
2026-09-30T02:02:26.495 -3.4171429685023553,-0.8078428979867681,0.005403675719763157,-0.0015641968196728397,-3.908316769412412e-07,-0.9999849231517526,-0.00526372086458693
2026-09-30T02:02:26.529 -3.4299896632892173,-0.807713672945435,0.005423406561064892,-0.0015556191698489316,-3.6446293733311475e-07,-0.9999853466713083,-0.0051852185613544995
2026-09-30T02:02:26.604 -3.442703797305172,-0.8075802739099863,0.005443091721692513,-0.0015541331007287837,-1.5148567695665272e-07,-0.9999845739132931,-0.005332598403429647
2026-09-30T02:02:26.641 -3.4553726308766235,-0.8074397962525233,0.005463375809221172,-0.0015555193348669705,5.967354288132926e-08,-0.999983203488279,-0.005583287643924124
2026-09-30T02:02:26.718 -3.4682386367830116,-0.8072886965495776,0.005483792831385833,-0.0015577558316658114,-2.129744663952866e-07,-0.9999812964553518,-0.005914400747126444
2026-09-30T02:02:26.754 -3.481377870038292,-0.8071264691191654,0.005504731260516279,-0.0015629665214608195,-1.6103567406356053e-07,-0.999979029689826,-0.006284689031363903
2026-09-30T02:02:26.837 -3.4946534789546106,-0.806950847261847,0.005525736300030389,-0.0015670691365130382,-2.4931880456244896e-08,-0.9999764063809692,-0.006688121987796273
2026-09-30T02:02:26.879 -3.50797748659443,-0.8067620533873406,0.0055470413784307095,-0.0015684265633504923,-8.253025228779577e-09,-0.9999730704755536,-0.0071692650815079785
2026-09-30T02:02:26.954 -3.521320329636991,-0.8065578817516378,0.005568271926555576,-0.0015687067178370064,6.417531163789823e-08,-0.9999689610064986,-0.007721151650716609
2026-09-30T02:02:26.996 -3.534670087092572,-0.8063368569896839,0.005589468700482177,-0.0015696778999936376,2.006154018007789e-08,-0.9999639573670488,-0.008343864699344245
2026-09-30T02:02:27.072 -3.5480219905728205,-0.8060970418904841,0.00561065396287808,-0.001570608918103287,1.0450560089438026e-07,-0.9999579409172059,-0.009036015949372323
2026-09-30T02:02:27.114 -3.5613743710970986,-0.8058370059215438,0.005631869778181759,-0.0015716872169064412,1.6820816894728474e-07,-0.9999508518496673,-0.009788957267697905
2026-09-30T02:02:27.193 -3.574726513264777,-0.8055552291553973,0.0056532193232474775,-0.0015731402659701031,1.244422634688397e-07,-0.9999425111951035,-0.010606579774779032
2026-09-30T02:02:27.232 -3.588079371216889,-0.8052501022786942,0.005674420983963352,-0.0015734851336703824,1.8003154771275634e-07,-0.9999329796115296,-0.011469979499113703
2026-09-30T02:02:27.312 -3.601432467825408,-0.8049204480936615,0.005695667721060153,-0.0015744507512223784,1.3367570787384073e-07,-0.9999227322655179,-0.012330880077097305
2026-09-30T02:02:27.352 -3.6147848499032693,-0.8045688295880776,0.005716630201960451,-0.0015784646316246587,3.450342848038515e-07,-0.9999123034258651,-0.013148912763746098
2026-09-30T02:02:27.432 -3.6281346092934164,-0.804196021598218,0.005737812049918021,-0.0015792170064068039,3.302359774894521e-07,-0.9999011023526317,-0.013974676652056093
2026-09-30T02:02:27.469 -3.6414824617229162,-0.8038000720810232,0.005758931273799885,-0.0015782266712483786,2.2153138394794338e-07,-0.9998894853123779,-0.014782637189400335
2026-09-30T02:02:27.546 -3.6548276916920512,-0.8033835887306727,0.0057801208534205804,-0.001577462122110792,2.420751814434992e-07,-0.9998779869907553,-0.015541002043300082
2026-09-30T02:02:27.578 -3.668170776693803,-0.8029487024192994,0.005800949409924237,-0.001574701937575642,1.8663674010353132e-07,-0.9998665496066643,-0.016260482509354284
2026-09-30T02:02:27.654 -3.68151314615915,-0.8024950108334356,0.005822104657593396,-0.001574671487030869,2.0628243455517335e-07,-0.9998548715415343,-0.016963380097353657
2026-09-30T02:02:27.688 -3.694854562447114,-0.802022528871331,0.005843094481760712,-0.0015742000740971702,1.494600537151218e-07,-0.9998427169816061,-0.017665310440083997
2026-09-30T02:02:27.775 -3.7081955020124133,-0.8015316439691365,0.0058641580547007174,-0.0015741097444193749,2.1128734075976446e-07,-0.9998302044459776,-0.018359859911855292
2026-09-30T02:02:27.809 -3.721535488062981,-0.8010225647371105,0.005885264820232324,-0.0015739307461425911,3.860780956007983e-08,-0.99981751306609,-0.019038469170177954
2026-09-30T02:02:27.887 -3.7348754743411208,-0.8004954103965581,0.005906371582807472,-0.0015740077370102316,2.055036754062981e-07,-0.9998043446516175,-0.019717883135654087
2026-09-30T02:02:27.929 -3.748214030475881,-0.7999503895457416,0.005927386673814658,-0.0015737550649698073,1.356187955345277e-07,-0.9997909975964865,-0.020383434941136473
2026-09-30T02:02:28.003 -3.7615528250143258,-0.7993878151300147,0.0059485511503414076,-0.0015741081293880112,2.0189982298613473e-07,-0.9997772328219414,-0.0210477294371093
2026-09-30T02:02:28.041 -3.7748904278212936,-0.798807880846506,0.005969624332348101,-0.0015742861366652608,1.1101161641279693e-07,-0.999763229708275,-0.021702676019941275
2026-09-30T02:02:28.115 -3.7882273155661736,-0.7982107655151344,0.005990711281792033,-0.0015745533751070693,5.356550519564435e-08,-0.9997489284637964,-0.0223517519930143
2026-09-30T02:02:28.151 -3.8015642037654103,-0.7975962754298395,0.006011649216968377,-0.001574575405170996,1.314769685906277e-07,-0.99973444853281,-0.022990283362207046
2026-09-30T02:02:28.230 -3.8149003766875156,-0.796964842715236,0.006032735029904073,-0.0015750197408046806,5.832015711050512e-08,-0.9997196702152513,-0.023624146492985842
2026-09-30T02:02:28.261 -3.828235596077815,-0.7963165716764697,0.006053864035653166,-0.001575431440565021,3.062402616363034e-08,-0.9997044746947794,-0.02425863332940438
2026-09-30T02:02:28.341 -3.8415701005651335,-0.7956515815258567,0.006074902500917079,-0.0015759963863788678,1.9222687074527641e-07,-0.9996891001825001,-0.02488411564948074
2026-09-30T02:02:28.379 -3.854902936096379,-0.7949701106699251,0.006096087336155755,-0.0015764745548065328,1.5729792419317182e-07,-0.9996733681024652,-0.02550826992617457
2026-09-30T02:02:28.457 -3.8682355339099193,-0.7942722932372209,0.006116958867761732,-0.0015769820259663517,5.017177475655066e-08,-0.999657576315039,-0.02611978643919539
2026-09-30T02:02:28.494 -3.8815667009945587,-0.7935582037184348,0.006138096355482177,-0.0015774898101923176,1.2269951235570194e-07,-0.9996414268954682,-0.026730678260683295
2026-09-30T02:02:28.574 -3.89489715319321,-0.7928279166284464,0.006159128401660178,-0.001577782270542764,1.567533830642396e-07,-0.9996264097878637,-0.027286470231755493
2026-09-30T02:02:28.617 -3.9082256982062082,-0.7920848741204634,0.006180157430031553,-0.001575096738943444,6.854799398351748e-08,-0.9996124080152239,-0.027794834273010927
2026-09-30T02:02:28.696 -3.921554243473855,-0.7913290911196714,0.006201126851748754,-0.0015761234666758785,8.81171331533448e-08,-0.9995987607981281,-0.02828132326565598
2026-09-30T02:02:28.735 -3.9348818350631123,-0.7905606272186787,0.006222199071529636,-0.0015766467523636958,-2.1408675376598305e-08,-0.9995853522937715,-0.028751307183404202
2026-09-30T02:02:28.822 -3.948208711828838,-0.789780361589049,0.006243091344774241,-0.0015770190288876618,7.772342653750752e-08,-0.9995723610039922,-0.029199454239446667
2026-09-30T02:02:28.857 -3.9615358267330314,-0.7889886369694145,0.0062642522136758146,-0.0015773271066583544,1.0279824571882787e-07,-0.9995596080903384,-0.029632784436788465
2026-09-30T02:02:28.940 -3.9748624650610496,-0.7881855874612839,0.00628533782108212,-0.001577604781409082,1.3697605553134886e-07,-0.9995471531223166,-0.030049955876960976
2026-09-30T02:02:28.973 -3.988188626802385,-0.7873720475296838,0.006306348167129644,-0.0015776546970349245,-6.366463937381624e-08,-0.99953499626014,-0.030451638000194653
2026-09-30T02:02:29.049 -4.001514550633732,-0.7865480767822912,0.006327119716224925,-0.001577641926773023,4.345760902128377e-08,-0.9995217071568157,-0.03088475300652089
2026-09-30T02:02:29.090 -4.014840831454672,-0.7857111420290703,0.006348398467494613,-0.0015803895237813512,-1.1977669600994452e-07,-0.9995072239791605,-0.031349825875292225
2026-09-30T02:02:29.167 -4.028165562928672,-0.7848615114670269,0.006369540656131866,-0.0015798973874411708,8.766563964261875e-08,-0.9994926837275152,-0.031810047145627116
2026-09-30T02:02:29.203 -4.041489459973788,-0.7839997364480917,0.006390756029117925,-0.0015793156732908508,1.5672070308152006e-07,-0.9994778455401143,-0.032272930397953994
2026-09-30T02:02:29.281 -4.054812999970726,-0.7831256381643968,0.006411702614074546,-0.0015790718371639083,1.423911843075563e-07,-0.9994627686714682,-0.03273653267644705
2026-09-30T02:02:29.315 -4.0681361823082245,-0.7822391123077429,0.00643276784069144,-0.001578689070098904,-9.582393155021185e-08,-0.9994473939050169,-0.03320262877063652
2026-09-30T02:02:29.395 -4.0814578151074885,-0.7813401141596622,0.006453815713853002,-0.0015780458342824764,-4.646188707346211e-08,-0.9994318405233058,-0.033667579650763516
2026-09-30T02:02:29.433 -4.094778851853345,-0.7804286288309786,0.0064749669505574856,-0.0015777072120625628,-4.3218132589700466e-08,-0.9994158697050701,-0.03413839805277636
2026-09-30T02:02:29.519 -4.108099054622655,-0.7795046265164256,0.006495908249841046,-0.0015772995609750695,2.0854465561708604e-08,-0.9993997201195706,-0.03460796947263492
2026-09-30T02:02:29.554 -4.1214181844805,-0.7785679731024905,0.006516967059853212,-0.0015767275751397808,-1.0067386149815813e-07,-0.9993832726545067,-0.03507974156848362
2026-09-30T02:02:29.638 -4.134736479962024,-0.7776187430979946,0.006538069251858365,-0.0015762872972723777,-4.60496904285406e-08,-0.9993665866693955,-0.03555194463198946
2026-09-30T02:02:29.684 -4.14805370293317,-0.7766568172906793,0.006559035635161156,-0.0015758225734930455,-4.438693348413794e-08,-0.999349602693321,-0.036026217951882336
2026-09-30T02:02:29.757 -4.16136985275706,-0.7756822552851158,0.00658026854062067,-0.0015754128271343194,-9.430010144963648e-08,-0.9993322610685806,-0.036504110206573466
2026-09-30T02:02:29.800 -4.174685645420408,-0.7746949378811042,0.006601307163692905,-0.001575094764151227,-7.047988408732639e-08,-0.9993146213598031,-0.03698386963248515
2026-09-30T02:02:29.878 -4.188000126991302,-0.7736948352642855,0.006622313909081093,-0.0015747431760305241,-1.8051440009589908e-07,-0.9992968028548299,-0.03746224750348212
2026-09-30T02:02:29.920 -4.20131401251235,-0.7726819623448012,0.006643424017965892,-0.0015746301775322424,-1.6346567283430918e-07,-0.9992786265545064,-0.037943998881468405
2026-09-30T02:02:29.995 -4.21462706389606,-0.7716562446138822,0.0066644284973741245,-0.0015745044822159243,-1.7838058312418327e-07,-0.9992603310363343,-0.038422802510482884
2026-09-30T02:02:30.033 -4.2279384465606435,-0.7706176820610084,0.0066854005336410074,-0.0015744397868568266,-4.988045253771139e-08,-0.9992416778626342,-0.03890488865968842
2026-09-30T02:02:30.109 -4.241248875643331,-0.7695662597940102,0.006706415763372052,-0.0015746230329919365,-1.6119398430408295e-07,-0.9992227264799471,-0.03938862079660776
2026-09-30T02:02:30.116 -4.254558350886082,-0.7685018884058907,0.006727638099120882,-0.001574800656850993,-1.5145642720368375e-07,-0.999203417493149,-0.03987543696161831
2026-09-30T02:02:30.154 -4.254558350886082,-0.7685018884058907,0.006727638099120882,-0.001574800656850993,-1.5145642720368375e-07,-0.999203417493149,-0.03987543696161831
2026-09-30T02:02:30.231 -4.267866515462717,-0.7674245529910787,0.00674856033659019,-0.0015749639856291815,-9.4009222177148e-09,-0.9991839296945221,-0.04036079940556786
2026-09-30T02:02:30.267 -4.281173964805803,-0.766334298260491,0.00676957084790665,-0.0015752094326636093,-8.566661101959411e-08,-0.9991642034126423,-0.04084621566333875
2026-09-30T02:02:30.341 -4.294480460593744,-0.7652309304960416,0.006790609651503268,-0.0015756373208935023,7.790665259958672e-09,-0.9991441193770176,-0.04133456279383081
2026-09-30T02:02:30.387 -4.307785764265393,-0.7641145689040019,0.006811765777289917,-0.0015761038161280186,-3.49946252431771e-08,-0.999123737296399,-0.04182431670256066
2026-09-30T02:02:30.458 -4.3210901146150595,-0.7629852879932228,0.006832801183962727,-0.0015764838958652078,1.5991599878911436e-08,-0.9991031168651532,-0.04231402331216103
2026-09-30T02:02:30.496 -4.334392796202793,-0.7618428195337765,0.0068538339497232655,-0.0015770575471379942,1.3583378251242857e-07,-0.9990821982660022,-0.042805069763376426
2026-09-30T02:02:30.574 -4.347694524328684,-0.7606873125462852,0.006874835403205873,-0.0015773751787208313,1.2632702778199591e-07,-0.9990610414501231,-0.043296043053902895
2026-09-30T02:02:30.612 -4.360995537316395,-0.7595187968360622,0.006895865525950739,-0.001577698608867171,7.616663589138715e-08,-0.9990396462105258,-0.04378694059467342
2026-09-30T02:02:30.687 -4.374295000845181,-0.7583371233810057,0.006916833591700452,-0.001578241671085338,9.983788198682473e-08,-0.9990179527819644,-0.04427910537206553
2026-09-30T02:02:30.722 -4.387593033841458,-0.757142292182584,0.006937918602648349,-0.0015784460816153604,9.687815848285958e-08,-0.9989960212018719,-0.04477117522231595
2026-09-30T02:02:30.798 -4.40089059032913,-0.7559345118691015,0.0069588985495501725,-0.0015785428109232036,7.777198585418035e-08,-0.9989739108840299,-0.04526183354278472
2026-09-30T02:02:30.838 -4.414186477913133,-0.7547135738092576,0.006979965262400007,-0.001579059363718512,2.1457517967620738e-07,-0.998951502218715,-0.04575371882647806
2026-09-30T02:02:30.913 -4.42748129285459,-0.7534792097896796,0.007000985573283458,-0.0015793420366274908,3.6372335512881584e-07,-0.9989264714565198,-0.04629697940498737
2026-09-30T02:02:30.948 -4.44077515425561,-0.7522286928993538,0.007022049077092424,-0.0015795542862915416,2.926619526816339e-07,-0.9988969709600094,-0.046929163801298406
2026-09-30T02:02:31.028 -4.454066273918054,-0.7509593856102251,0.007043212550728004,-0.001576817264181398,1.6578428539487678e-07,-0.9988614534662233,-0.047679245239745004
2026-09-30T02:02:31.070 -4.467358585633045,-0.7496669666350569,0.007064586521404446,-0.0015732503208801853,-3.3773254582123084e-08,-0.9988211092038353,-0.048517179351720716
2026-09-30T02:02:31.144 -4.480649109854081,-0.7483496626982225,0.007085749044776855,-0.001573337455087196,1.067910115657123e-07,-0.9987792124387451,-0.049372152165781565
2026-09-30T02:02:31.182 -4.493938085174717,-0.7470103944303417,0.0071065663880048625,-0.0015784556825458615,4.281274440339602e-07,-0.9987386823395689,-0.05018518582307725
2026-09-30T02:02:31.267 -4.507223603385898,-0.7456503240978756,0.00712757197669075,-0.0015794864795147343,2.6715386142861157e-07,-0.9986949967323736,-0.05104712258408097
2026-09-30T02:02:31.302 -4.520504353382848,-0.7442651303475852,0.00714867432996459,-0.0015750901485554129,2.401819393156757e-07,-0.9986495869998798,-0.05192804132581823
2026-09-30T02:02:31.379 -4.533784984421838,-0.7428562437494924,0.0071698062931657225,-0.001578436818338661,3.290655226350531e-07,-0.9986031578939993,-0.05281327088180445
2026-09-30T02:02:31.419 -4.547061443623566,-0.7414239920781412,0.007190812446516476,-0.0015781126218931346,3.3411532040958034e-07,-0.9985552416561784,-0.05371162743217256
2026-09-30T02:02:31.495 -4.560334922813597,-0.7399670342440005,0.0072118734883334906,-0.0015772643319312304,2.673448968474929e-07,-0.9985050610228606,-0.0546365751936314
2026-09-30T02:02:31.538 -4.573606018256059,-0.7384848636151181,0.007232856250663375,-0.001577002661661964,3.12702660396166e-07,-0.9984532110867292,-0.05557605899222173
2026-09-30T02:02:31.614 -4.586873537672562,-0.7369773609671745,0.007253878057801995,-0.0015765189618683051,2.632332624084351e-07,-0.9983993348943014,-0.056535676086079414
2026-09-30T02:02:31.650 -4.600138434910908,-0.7354437514518134,0.007274836109484777,-0.0015760441970673368,2.1803037329436677e-07,-0.99834361105105,-0.05751130635093786
2026-09-30T02:02:31.727 -4.613399994674389,-0.7338836178275108,0.007295759077033505,-0.0015756642398477069,7.84285594621296e-08,-0.9982857414926877,-0.058507227028734315
2026-09-30T02:02:31.761 -4.626658455078,-0.7322967216786539,0.007316841052227605,-0.0015753086631737274,1.7432087530143262e-07,-0.998225785866847,-0.05952141491178808
2026-09-30T02:02:31.839 -4.639912862739974,-0.7306823775398537,0.0073379017133839985,-0.0015752404093712484,1.6529036269610683e-07,-0.9981637439597902,-0.06055294263534841
2026-09-30T02:02:31.877 -4.653163813640959,-0.7290401383837707,0.007358986706269861,-0.0015749846341962944,2.0003994928483099e-07,-0.9980998545357729,-0.06159707622144992
2026-09-30T02:02:31.959 -4.666411546766186,-0.7273698850041823,0.007379738780409092,-0.0015745224521049334,4.255236395243967e-08,-0.9980340580070164,-0.06265412944965082
2026-09-30T02:02:32.862 -4.679655346016767,-0.7256712895664391,0.0074006932459854185,-0.0015745134086455478,6.243991149281677e-08,-0.9979659962552835,-0.06372904538530143
2026-09-30T02:02:34.132 -4.6928952115909395,-0.7239435772101808,0.007421730893731556,-0.0015744142844872076,-4.0981844841047085e-09,-0.9978959080999479,-0.0648172648068484
2026-09-30T02:02:34.181 -4.706131262888579,-0.7221865691229958,0.007442732702960227,-0.0015742608764616405,-2.9667592874785085e-08,-0.9978235551125938,-0.06592173059891915
2026-09-30T02:02:34.244 -4.719362903983286,-0.7204001460881039,0.0074636232255265045,-0.0015743019919388264,1.0602170520084821e-08,-0.9977492350868069,-0.06703719457830966
2026-09-30T02:02:34.281 -4.732589896227553,-0.7185838014629955,0.007484551095808165,-0.0015737645097747472,6.0171475530113e-08,-0.9976728890312204,-0.06816399164780831
2026-09-30T02:02:34.365 -4.745813074111552,-0.7167373266419228,0.007505502732006142,-0.0015744768385701315,-5.348628430422221e-08,-0.9975942770996616,-0.06930497327526863
2026-09-30T02:02:34.399 -4.759031960920649,-0.7148603937933496,0.0075264028744239046,-0.0015747743652028115,-1.1119905696667775e-08,-0.9975137581999651,-0.07045439863827072
2026-09-30T02:02:34.478 -4.772246556611853,-0.7129526750917244,0.007547281325292967,-0.0015749880600009164,4.57777632868764e-08,-0.9974310936700949,-0.07161517152592324
2026-09-30T02:02:34.511 -4.785456145745213,-0.7110139023071187,0.007568256162814895,-0.0015754688501281617,-1.14309333564512e-08,-0.9973464024281707,-0.07278510466769654
2026-09-30T02:02:34.590 -4.7986603709091025,-0.7090437774118306,0.007589192711210276,-0.0015754017086911413,1.2274168203186581e-08,-0.9972596255162021,-0.07396456871192336
2026-09-30T02:02:34.624 -4.811859828151852,-0.7070420917971074,0.007610091912857577,-0.0015762132363405937,1.1161085939031475e-07,-0.9971704042053074,-0.07515783744124743
2026-09-30T02:02:34.716 -4.825054279126986,-0.7050087560529888,0.007630908687349434,-0.0015760326387391501,6.485782259026812e-08,-0.997079395567833,-0.07635571396563973
2026-09-30T02:02:34.755 -4.8382436043946395,-0.7029433827477556,0.00765179185756564,-0.0015768256345088624,9.209210382816155e-08,-0.9969857636505113,-0.07756868375263926
2026-09-30T02:02:34.832 -4.851427565609088,-0.7008458228668024,0.007672696343089082,-0.0015762047493080526,7.206885167738183e-08,-0.9968905235350396,-0.07878324482158708
2026-09-30T02:02:34.866 -4.864606043844665,-0.698716016804016,0.007693443141716674,-0.0015770200025273023,1.0485640137707062e-07,-0.9967973681668697,-0.0799532352284945
2026-09-30T02:02:34.947 -4.8777772506335095,-0.6965577792341164,0.007714208240545419,-0.0015725161239347942,-2.541950941232975e-07,-0.9967026076957088,-0.08112606859419176
2026-09-30T02:02:34.989 -4.890946669321779,-0.6943666994823916,0.007735208925045649,-0.0015770282335076501,1.3099933761850203e-07,-0.9966032507812562,-0.08233755834469524
2026-09-30T02:02:35.076 -4.904109532458195,-0.6921431351167827,0.007755856511414985,-0.0015765696131168952,1.3607147345050442e-07,-0.9965015732780182,-0.08355913404692064
2026-09-30T02:02:35.115 -4.917267031168194,-0.6898870861521861,0.007776763831323902,-0.0015763327802771688,2.3592104065277362e-08,-0.9963978690792261,-0.08478680126849249
2026-09-30T02:02:35.194 -4.930419285367351,-0.6875985823925069,0.007797484038982747,-0.0015758436849237938,1.733598452135315e-07,-0.9962922577586503,-0.08601891563384266
2026-09-30T02:02:35.231 -4.9435655791927555,-0.6852772662008004,0.00781840343314469,-0.001575466436094004,1.8382004671271414e-08,-0.9961844410252436,-0.08725868074141103
2026-09-30T02:02:35.308 -4.956706032583918,-0.6829231375786523,0.007839060266872633,-0.0015750208164580543,1.9011134029170816e-08,-0.9960748362225386,-0.08850107317807202
2026-09-30T02:02:35.348 -4.969839929577311,-0.6805363455285872,0.007859900443572891,-0.0015743034377195138,-1.1195765046452171e-07,-0.9959682115504577,-0.0896930496173264
2026-09-30T02:02:35.425 -4.982965720969275,-0.6781208835423594,0.00788056388620429,-0.001569775104738188,-6.72729354480733e-07,-0.995868682257534,-0.09079153872641961
2026-09-30T02:02:35.465 -4.996085790968353,-0.6756784503823673,0.007901024562409908,-0.001568313767292507,-5.719046003320464e-07,-0.9957671836368158,-0.09189807606040665
2026-09-30T02:02:35.543 -5.009202284378512,-0.6732048737503749,0.007921926613323051,-0.001571766726578968,-7.259982056907957e-08,-0.9956578137617458,-0.0930754932543078
2026-09-30T02:02:35.579 -5.022313413855896,-0.6706989019264192,0.00794277547379647,-0.0015727144670398545,-1.5226073454660892e-07,-0.9955498165899628,-0.09422361305359468
2026-09-30T02:02:35.656 -5.035416437767337,-0.6681651840383003,0.007963417798067007,-0.001567584182413618,-8.447769068472891e-07,-0.995449095426578,-0.09528190328454524
2026-09-30T02:02:35.695 -5.048513740199079,-0.6656057764762715,0.007983902059549075,-0.001565219574236054,-8.229094380245474e-07,-0.9953521864531425,-0.09628901811710505
2026-09-30T02:02:35.776 -5.061605916774612,-0.6630205302361758,0.00800449742119712,-0.001565932906322124,-7.712641725195191e-07,-0.9952559901899457,-0.09727827015612983
2026-09-30T02:02:35.816 -5.07469260967503,-0.6604096837320681,0.00802532252674313,-0.0015652054236261741,-7.581336156111908e-07,-0.9951610466207015,-0.09824480352770468
2026-09-30T02:02:35.895 -5.0877748926879445,-0.6577743098611685,0.008045797928145094,-0.0015651228545921362,-9.021806667224739e-07,-0.9950675925042173,-0.0991868778493257
2026-09-30T02:02:35.946 -5.100852824498697,-0.6551144384264431,0.008066504864209303,-0.0015653414472756738,-6.877418354798124e-07,-0.9949752109101422,-0.10010933712695674
2026-09-30T02:02:36.011 -5.113925869316463,-0.6524308144792744,0.008087025254894383,-0.001564405235781076,-8.355717475415919e-07,-0.9948840817958081,-0.1010109718044129
2026-09-30T02:02:36.050 -5.126994861056585,-0.6497239744719083,0.008107703145944773,-0.0015643835187653232,-6.560255881561538e-07,-0.9947942035287856,-0.10189232222942672
2026-09-30T02:02:36.128 -5.140059263672454,-0.6469943952347958,0.008128284369843475,-0.0015644314763772543,-6.644680613214158e-07,-0.9947052787750942,-0.10275680479012775
2026-09-30T02:02:36.164 -5.15311919615366,-0.6442426728158607,0.008148903225453613,-0.0015645224282806712,-7.071945509812832e-07,-0.994617367159576,-0.10360427217844102
2026-09-30T02:02:36.249 -5.166175075848498,-0.641468926429659,0.00816948586677066,-0.0015645659701511723,-7.262615905170039e-07,-0.9945304687563332,-0.104435141825469
2026-09-30T02:02:36.286 -5.179226425818285,-0.638673781918947,0.008190091144537181,-0.0015647632436448047,-6.278941289835856e-07,-0.9944444642066046,-0.10525093407868809
2026-09-30T02:02:36.360 -5.192273961217993,-0.635857686327554,0.008210779794291677,-0.001565094109425757,-4.7342650249616335e-07,-0.9943592939273654,-0.10605255801005492
2026-09-30T02:02:36.400 -5.205317086423006,-0.6330208780666045,0.008231282653094326,-0.0015653305264628687,-5.545172228293316e-07,-0.994275017702071,-0.10683978151223297
2026-09-30T02:02:36.478 -5.218355860609304,-0.630163714764668,0.008251868035811115,-0.0015656840472387885,-4.3450246805497227e-07,-0.9941916353655093,-0.10761292116902137
2026-09-30T02:02:36.513 -5.231390522426643,-0.6272865242503203,0.008272387308035013,-0.0015660766968489098,-3.645389388588807e-07,-0.9941089681775497,-0.10837392118316168
2026-09-30T02:02:36.589 -5.244421012053533,-0.6243896939529768,0.008292974485871251,-0.0015664601551618224,-3.399646239702612e-07,-0.9940270757792499,-0.10912249456560454
2026-09-30T02:02:36.631 -5.257447150764876,-0.6214736709052334,0.008313569682098893,-0.0015671233835686154,-3.5710326525646244e-07,-0.9939458387412294,-0.10985997348064122
2026-09-30T02:02:36.706 -5.270469355885405,-0.6185385743216432,0.00833411395185598,-0.0015674172131224507,-1.9115765024165095e-07,-0.9938651979768546,-0.11058712155432507
2026-09-30T02:02:36.741 -5.28348762722326,-0.615584672423086,0.008354726504326927,-0.001567873741674081,-1.0188724643435917e-07,-0.9937852722693372,-0.11130307449697556
2026-09-30T02:02:36.835 -5.2965015478504816,-0.6126121440182786,0.008375212964998787,-0.0015682226889497761,-1.2778743363446713e-07,-0.9937060022323826,-0.11200857915765865
2026-09-30T02:02:36.879 -5.309511653776987,-0.6096215553580511,0.008395842402701734,-0.0015684849509673025,-7.50832316366627e-08,-0.9936272090466648,-0.11270540935149721
2026-09-30T02:02:36.956 -5.322517885754238,-0.6066126978254369,0.00841639120602186,-0.0015688967041147738,9.085107846817147e-08,-0.9935490713306068,-0.11339215767068028
2026-09-30T02:02:36.996 -5.33551994572907,-0.6035861078584847,0.008436873804983187,-0.0015688985219544317,7.369267274183114e-08,-0.9934714703248273,-0.11407004956625773
2026-09-30T02:02:37.075 -5.348311720349772,-0.6005899434151734,0.008457053728045049,-0.0015684852377894748,1.3197861067263218e-07,-0.9933947636429177,-0.11473614696717484
2026-09-30T02:02:37.121 -5.360831399590286,-0.5976404459830228,0.00847675874396574,-0.0015690171793111241,2.783835023421046e-07,-0.9933133476758859,-0.11543886483302962
2026-09-30T02:02:37.195 -5.373215001047765,-0.5947027485572638,0.008496501928446245,-0.0015698787284759797,2.5254041925475627e-07,-0.9932233488115146,-0.11621064863580512
2026-09-30T02:02:37.235 -5.38554716403859,-0.5917561097871893,0.008516059473259908,-0.001569539413135438,2.639383679275316e-07,-0.9931299535797891,-0.11700611885096823
2026-09-30T02:02:37.321 -5.397857571608007,-0.5887936159077048,0.008535552815135617,-0.0015698226689841667,3.4835286944526844e-07,-0.9930399551070911,-0.11776749643926944
2026-09-30T02:02:37.362 -5.410156297054447,-0.5858146113945544,0.008554923375026051,-0.0015699746429332867,2.917093204646408e-07,-0.9929448309761739,-0.11856684957117221
2026-09-30T02:02:37.443 -5.4226537447633945,-0.5827653653094379,0.0085747720363526,-0.001570018841224135,2.1488963686907668e-07,-0.9928494088885755,-0.1193632536017608
2026-09-30T02:02:37.480 -5.435410890607262,-0.5796311858751314,0.008595061095236872,-0.0015685019183994532,2.9514263416946185e-08,-0.9927582793140076,-0.1201188522057313
2026-09-30T02:02:37.561 -5.448295352810132,-0.5764458970608887,0.008615327927951768,-0.001566325196130176,-1.4913207216286166e-07,-0.9926692362862706,-0.12085252978812851
2026-09-30T02:02:37.595 -5.461017153906899,-0.5732810505918877,0.0086353226784724,-0.0015646253099041822,-1.5072010608430935e-07,-0.9925820405028897,-0.12156662707641856
2026-09-30T02:02:37.673 -5.473484442691312,-0.5701608149951438,0.00865506403754029,-0.001564976643233856,-1.3780326846447806e-07,-0.9924965119164852,-0.12226293257442147
2026-09-30T02:02:37.721 -5.485820899276183,-0.5670557769356301,0.008674583638388265,-0.0015646245960069301,-1.445561890455689e-07,-0.9924124143002089,-0.12294369399315892
2026-09-30T02:02:37.790 -5.498107646067394,-0.5639456122508505,0.008693801124049313,-0.0015642556054284917,-3.002677046439866e-07,-0.9923293299014322,-0.12361251603978166
2026-09-30T02:02:37.829 -5.510168401228611,-0.5608752606234843,0.008712914619913189,-0.0015632548631175603,-3.7682413227443017e-07,-0.9922472592074646,-0.12426959736542743
2026-09-30T02:02:37.908 -5.521952411919774,-0.5578593841572297,0.008731441551096873,-0.0015632597760685167,-4.4941190006479083e-07,-0.9921670949502046,-0.12490801382114125
2026-09-30T02:02:37.947 -5.533597931023843,-0.5548633840963736,0.008749824021679587,-0.0015631864188525226,-3.297024829593915e-07,-0.992088241971446,-0.1255327709807971
2026-09-30T02:02:38.024 -5.544985897972482,-0.5519184023688237,0.008767903592125691,-0.00156232333086042,-4.5761992038218817e-07,-0.9920103432246419,-0.1261468908888719
2026-09-30T02:02:38.059 -5.556086242685934,-0.549033647513669,0.008785289992947237,-0.0015625780637442094,-4.0075052217564025e-07,-0.9919343508303518,-0.12674305500658833
2026-09-30T02:02:38.138 -5.567044459773682,-0.5461721068782303,0.008802600690709816,-0.001562709591142478,-3.6262745342236306e-07,-0.9918593121434629,-0.12732895528079738
2026-09-30T02:02:38.175 -5.577949569181067,-0.543311221225253,0.008819827419617909,-0.0015625127701270366,-4.876607488844431e-07,-0.9917848101147666,-0.12790797074155266
2026-09-30T02:02:38.256 -5.588628329702887,-0.5404961686943602,0.008836666472557155,-0.0015618600447844257,-4.999415278580101e-07,-0.9917110832527928,-0.12847835594575122
2026-09-30T02:02:38.298 -5.599030971220561,-0.537741611401545,0.008853113666187486,-0.0015622488257472263,-4.821836764328237e-07,-0.9916386667904431,-0.12903609535493027
2026-09-30T02:02:38.375 -5.60929625400878,-0.5350111624582142,0.008869149969926743,-0.001562124768453329,-4.1174685129247394e-07,-0.9915674427540279,-0.12958227593415636
2026-09-30T02:02:38.414 -5.619509978466299,-0.5322826202143549,0.008885328272427499,-0.001562120922384894,-5.761288170272736e-07,-0.9914965762187056,-0.13012339960390085
2026-09-30T02:02:38.487 -5.629498367095574,-0.5296024443027186,0.0089012397106157,-0.0015618130075587705,-4.73649715422801e-07,-0.9914261271221672,-0.1306590800497448
2026-09-30T02:02:38.523 -5.639211412067297,-0.5269852372317335,0.008916432689899449,-0.0015622625059219168,-4.7262468710838016e-07,-0.9913571674585115,-0.13118127101181873
2026-09-30T02:02:38.613 -5.6487874552944035,-0.5243945227004552,0.008931602774836416,-0.0015628825142856824,-3.5211908830021996e-07,-0.9912888036651951,-0.13169686832324054
2026-09-30T02:02:38.646 -5.658312566232829,-0.521807145388027,0.008946781738018971,-0.0015630305802331202,-4.384464286043969e-07,-0.9912207382413463,-0.13220818815600519
2026-09-30T02:02:38.725 -5.6676128485670345,-0.5192703099838056,0.008961307208588749,-0.0015626358591941867,-2.738282069341552e-07,-0.9911533288544956,-0.13271261006305718
2026-09-30T02:02:38.763 -5.676638352654911,-0.5167989170200292,0.008975621754797944,-0.0015634316028007747,-3.2251253172709887e-07,-0.9910869913479132,-0.1332070991443809
2026-09-30T02:02:38.844 -5.685527153519087,-0.5143556259251809,0.008989586052993383,-0.0015637328493564326,-2.2900980689696892e-07,-0.9910216674525661,-0.13369221884260507
2026-09-30T02:02:38.882 -5.694570807590402,-0.5118605999482693,0.009003869687230078,-0.0015645641166970139,-2.4451127860446033e-07,-0.9909558663118001,-0.1341790712491882
2026-09-30T02:02:38.959 -5.7036018253868885,-0.5093590173013204,0.009018252550388003,-0.0015635508079043744,-1.8923832801700608e-07,-0.9908897686085487,-0.1346663349754949
2026-09-30T02:02:38.995 -5.7124880636240585,-0.506888248432967,0.009032197890572333,-0.0015645283106175201,-9.417034580204341e-08,-0.9908235501162982,-0.13515267213818655
2026-09-30T02:02:39.074 -5.721116332423588,-0.5044799717867963,0.009045780068237702,-0.00156298661184917,-2.797175119431394e-07,-0.9907585256429511,-0.13562854028035196
2026-09-30T02:02:39.109 -5.729458378916617,-0.5021432469130884,0.009059073623649789,-0.0015646223702181492,-7.157927873792932e-08,-0.9906943926758882,-0.13609618759313763
2026-09-30T02:02:39.189 -5.737864590268027,-0.49978059482676546,0.009072334515253105,-0.0015656022349246066,8.951619017654503e-09,-0.9906368164306173,-0.136514639588043
2026-09-30T02:02:39.230 -5.746484187033161,-0.4973512180271778,0.009085798669366082,-0.0015636825045988994,-2.982702475185017e-07,-0.9905767391876278,-0.13694991302422294
2026-09-30T02:02:39.305 -5.755011515151701,-0.4949382313431742,0.009099474568112878,-0.0015645774661882004,-4.636817605288876e-08,-0.9905123087675995,-0.13741513118004817
2026-09-30T02:02:39.344 -5.763311928486392,-0.49258109135450245,0.009112463874385376,-0.0015651044826196104,2.4683683834491595e-08,-0.990448951463804,-0.1378710447926229
2026-09-30T02:02:39.420 -5.771289075284117,-0.4903078110310671,0.009125001681477401,-0.0015634704518859236,-1.0837197052915318e-07,-0.9903873839181561,-0.1383126362119001
2026-09-30T02:02:39.462 -5.778956709264809,-0.4881155295230722,0.009137154438519193,-0.001564873068183824,6.45662751162026e-08,-0.9903265291866015,-0.13874767299488558
2026-09-30T02:02:39.529 -5.786476151122389,-0.4859588897269209,0.009148953684920415,-0.0015652100871817926,1.1592560655465323e-07,-0.9902669865326219,-0.1391719997016998
2026-09-30T02:02:39.568 -5.793941710268201,-0.4838109515305114,0.009160712442074637,-0.0015652349696637423,-8.030220437211869e-08,-0.9902076825251208,-0.13959332185929615
2026-09-30T02:02:39.650 -5.801591522629627,-0.4816032321951375,0.009172866820740082,-0.0015665714075974529,1.5504521468267275e-07,-0.9901475430444762,-0.1400192445951215
2026-09-30T02:02:39.686 -5.809497292802172,-0.4793139769282253,0.009185515288450229,-0.0015662506183454702,2.1004891185572184e-08,-0.9900852591930255,-0.14045898471681922
2026-09-30T02:02:39.771 -5.8173247129343935,-0.47703950262682004,0.009197816361304775,-0.001563178314812335,-2.384765783883828e-07,-0.9900286397005983,-0.1408575487720914
2026-09-30T02:02:39.804 -5.824781167934144,-0.474866887992864,0.009209471312215093,-0.0015637377545855249,-2.8612470684848646e-08,-0.9899704080748598,-0.14126622335268196
2026-09-30T02:02:39.881 -5.8318577018586275,-0.472798219076134,0.009220674597769202,-0.0015637263463949794,5.8817394263073484e-09,-0.989911580872422,-0.14167786282470476
2026-09-30T02:02:39.920 -5.838929601464754,-0.4707251989619764,0.009231945061066575,-0.00156475828372107,-2.502487627145721e-07,-0.9898601434915295,-0.14203678346956392
2026-09-30T02:02:39.997 -5.846190001682077,-0.46859204013451944,0.00924326023308474,-0.001563991901200741,-3.852460784609667e-07,-0.9898120452416511,-0.14237158783874093
2026-09-30T02:02:40.035 -5.853553592547648,-0.46642329863328785,0.009254872664745286,-0.0015638221393188348,-5.727467527683044e-08,-0.989764482933635,-0.1427018667832615
2026-09-30T02:02:40.109 -5.860748963765961,-0.4642986028466361,0.009266278735787711,-0.0015630636267476637,-8.457883552815668e-08,-0.9897179343212874,-0.14302435916617717
2026-09-30T02:02:40.145 -5.867690984848515,-0.46224429695576263,0.009277299147015382,-0.001563334183289222,-1.7605064601096945e-07,-0.9896734113611795,-0.14333211374610355
2026-09-30T02:02:40.222 -5.87450549667098,-0.46022324885134586,0.00928796894664423,-0.00156341069572534,-2.3866113682455294e-07,-0.9896307958167498,-0.14362605515033164
2026-09-30T02:02:40.261 -5.881274008451276,-0.4582117965155837,0.009298625621721382,-0.0015632023865827594,-2.85496630272573e-07,-0.9895893129332249,-0.143911598304533
2026-09-30T02:02:40.347 -5.888025220065978,-0.4562011188224,0.009309210239972159,-0.0015629521941425953,-1.3647001687293035e-07,-0.989548902916788,-0.14418920180305345
2026-09-30T02:02:40.379 -5.894769711028733,-0.45418865290523247,0.00931994814479676,-0.001562799680107264,-3.8907383973994054e-07,-0.9895090888405984,-0.14446217760665717
2026-09-30T02:02:40.460 -5.901511222059659,-0.45217320671833505,0.009330517424502702,-0.0015624557972205016,-2.6284160196468993e-07,-0.9894701689439,-0.14472851654716276
2026-09-30T02:02:40.496 -5.908250989417707,-0.45015430344005813,0.00934126276079718,-0.0015622120737014869,-3.68201988969992e-07,-0.9894319045879848,-0.1449898812907095
2026-09-30T02:02:40.572 -5.914989579843312,-0.4481317642636538,0.009351872124948979,-0.0015618648294553783,-4.2293648136619293e-07,-0.9893877397021976,-0.14529095328014163
2026-09-30T02:02:40.607 -5.9215235022540424,-0.4461651316672494,0.009362232403035476,-0.0015594652708314904,-4.5085103677226047e-07,-0.9893408943398153,-0.14560962486992557
2026-09-30T02:02:40.689 -5.9277921685109884,-0.4442749088858553,0.009372143494172711,-0.001560782780223886,-2.5278157541312075e-07,-0.989301496299227,-0.14587704883620214
2026-09-30T02:02:40.729 -5.933927975764153,-0.4424215201022315,0.009381814725283632,-0.0015609068374789023,-4.960100636464822e-07,-0.9892660925412476,-0.1461169453477947
2026-09-30T02:02:40.805 -5.9400161290443645,-0.44057945560114986,0.00939139571121781,-0.0015606234099033954,-4.6983998771857827e-07,-0.9892317619412065,-0.14634919070855107
2026-09-30T02:02:40.844 -5.946086728656624,-0.4387395962509128,0.009401008548032221,-0.0015602730806470763,-5.580521048383566e-07,-0.9891980274129933,-0.14657703813983028
2026-09-30T02:02:40.918 -5.951944643819868,-0.436959100449189,0.00941009140333123,-0.0015591806878288855,6.453269538564867e-07,-0.9891650682970415,-0.14679930727382767
2026-09-30T02:02:40.953 -5.957533919877833,-0.43525996160536645,0.009418928340294674,-0.0015596739035342033,-3.5876818696320316e-07,-0.9891351476342605,-0.14700077255489397
2026-09-30T02:02:41.030 -5.962990844195441,-0.43359670309144754,0.009427138788419748,-0.0015588720164884079,1.4098571252763621e-06,-0.9891053471981217,-0.1472011618844495
2026-09-30T02:02:41.063 -5.968400664504162,-0.4319475702851607,0.009436109228684321,-0.0015592944879782278,-5.410886998587006e-07,-0.9890777510713341,-0.14738646795441895
2026-09-30T02:02:41.145 -5.9737931562313085,-0.43029951014446227,0.009444128397639114,-0.0015586417438715244,1.3793793841100862e-06,-0.989043241944137,-0.14761787221960324
2026-09-30T02:02:41.196 -5.979180132082431,-0.42865168835264406,0.00945368856814354,-0.0015594697686500385,-1.8539066031192233e-06,-0.9890068839767224,-0.14786125759392665
2026-09-30T02:02:41.262 -5.984564115319005,-0.42700058826794157,0.009461679382518837,-0.0015589281510431559,-3.16844936683263e-07,-0.9889757124776869,-0.14806961157567514
2026-09-30T02:02:41.306 -5.989946026326287,-0.4253498457849182,0.009470277868914176,-0.0015586943959509517,-9.536655365899525e-07,-0.988948295669314,-0.1482526187412212
2026-09-30T02:02:41.381 -5.995122822601049,-0.4237579305039013,0.00947840304577396,-0.0015577165546632051,2.1617980533816179e-07,-0.9889205814370914,-0.14843738454046415
2026-09-30T02:02:41.418 -6.000034898869772,-0.42224701460226854,0.009486228896032189,-0.0015585258353801401,-1.077754419318158e-06,-0.9888878592082592,-0.14865521486502062
2026-09-30T02:02:41.493 -6.004815859805201,-0.42077096576710327,0.009493683532216092,-0.0015576402114279926,3.0739137441214014e-07,-0.9888435754962357,-0.14894951143490784
2026-09-30T02:02:41.525 -6.009553249169465,-0.419307552568012,0.009501367302957904,-0.0015574777968458044,-1.2834430028909438e-06,-0.9888050130174706,-0.14920529646358152
2026-09-30T02:02:41.609 -6.014474698632504,-0.4177836429718486,0.009509073860245652,-0.0015588983601197487,1.9103217569803073e-07,-0.988769667802449,-0.14943933173599622
2026-09-30T02:02:41.648 -6.0196531185171605,-0.41617879350327547,0.009517693340768909,-0.0015596396359135831,-1.929770809751951e-06,-0.9887305681841374,-0.1496977991112602
2026-09-30T02:02:41.723 -6.024754738620552,-0.41459259932169873,0.00952559534877879,-0.001556809634580592,1.1214945033145229e-06,-0.9886976700144913,-0.14991495472573813
2026-09-30T02:02:41.762 -6.0296384888938395,-0.41307476892474654,0.009532750561759925,-0.0015568556544300457,-2.2497337559611674e-07,-0.9886702529703879,-0.15009565980363984
2026-09-30T02:02:41.840 -6.034406754608964,-0.4115884679308888,0.00953991690231257,-0.0015571181365488186,1.2974080293999673e-06,-0.9886352662751834,-0.15032593142376618
2026-09-30T02:02:41.874 -6.039134696270848,-0.4101139085442225,0.009547913559128228,-0.0015575394100122882,-8.556221431155923e-07,-0.9886057628541979,-0.15051983165591043
2026-09-30T02:02:41.953 -6.043846977644042,-0.4086422099834287,0.009555349013388604,-0.0015575131346195913,-2.834672654382912e-07,-0.9885849021049373,-0.1506567804080749
2026-09-30T02:02:41.991 -6.048552181037991,-0.40717295512396806,0.009562713672328927,-0.0015563950085371264,-6.295969270728482e-07,-0.9885707772669706,-0.15074944765390985
2026-09-30T02:02:42.077 -6.053052254668014,-0.40576538848926447,0.009569664603211622,-0.0015557362152819256,8.459367445859786e-07,-0.9885496786076845,-0.1508877483719487
2026-09-30T02:02:42.111 -6.057287704455671,-0.40443965570011187,0.009576748493905765,-0.0015578508249549554,-1.2024392226731298e-06,-0.9885193394124177,-0.15108636175048737
2026-09-30T02:02:42.187 -6.061394401353995,-0.4031506377512242,0.009583062574288358,-0.0015578816990766153,-3.707875153121643e-07,-0.9884785714759216,-0.15135285506853174
2026-09-30T02:02:42.222 -6.065454620364843,-0.4018746130296274,0.009589973723590184,-0.0015578085848479016,-1.629639001271778e-06,-0.9884417969669874,-0.15159283373045748
2026-09-30T02:02:42.304 -6.069702789638646,-0.4005380919600361,0.0095963028618348,-0.0015581567939077453,-6.847234639312042e-07,-0.9884171809756377,-0.1517532487267096
2026-09-30T02:02:42.338 -6.074206051939725,-0.39911997534332033,0.009603452547752616,-0.0015579559412313769,-8.231478378748997e-07,-0.9883990620593671,-0.15187121811841472
2026-09-30T02:02:42.413 -6.078835899967716,-0.3976604946968547,0.009610802371778158,-0.0015570598465566303,-5.150872815322092e-07,-0.9883743874475738,-0.15203172630080283
2026-09-30T02:02:42.446 -6.083308525249396,-0.3962488746006772,0.009618022827892083,-0.0015576218179343731,-1.1977690450111686e-06,-0.9883488772507021,-0.1521974725483789
2026-09-30T02:02:42.529 -6.087532763124362,-0.3949141413691158,0.009624403535419117,-0.0015575908197456665,-8.393249163799951e-07,-0.9883249171795192,-0.1523529848484446
2026-09-30T02:02:42.569 -6.091632373794089,-0.3936180303781976,0.009631227951701777,-0.001558144868264373,-1.2864378920408678e-06,-0.9883027447116716,-0.15249674415636377
2026-09-30T02:02:42.643 -6.095686708351744,-0.3923334225138105,0.00963725062586387,-0.0015578194105891883,-1.4974875558253165e-07,-0.9882742551015609,-0.1526812689956321
2026-09-30T02:02:42.681 -6.09972724301855,-0.3910522119402899,0.009644130651141742,-0.00155895758191077,-1.3219242752347235e-06,-0.9882362279745645,-0.15292719629979246
2026-09-30T02:02:42.761 -6.103759687830637,-0.3897687362885642,0.00965008891310158,-0.0015571714081568232,-1.71370338016114e-07,-0.9881825277671058,-0.15327383022874355
2026-09-30T02:02:42.796 -6.107793888676595,-0.38848275726362513,0.00965752516788334,-0.0015574088002963257,-2.9313365318459363e-06,-0.9881128525512483,-0.15372236366993333
2026-09-30T02:02:42.871 -6.111824769414371,-0.3871896256397971,0.009663212733864526,-0.0015552898810372766,-1.3829540529868348e-06,-0.9880254177168246,-0.15428335949468963
2026-09-30T02:02:42.917 -6.11586178793094,-0.3858914873029219,0.009669893481285946,-0.0015563000947002668,-1.9649217047282687e-06,-0.9879236758504129,-0.15493349741215737
2026-09-30T02:02:42.988 -6.119890477398382,-0.3845853618388436,0.009676188528620825,-0.0015511190454254664,-1.9009762012672133e-06,-0.987805786642847,-0.15568340277948572
2026-09-30T02:02:43.024 -6.123924903432361,-0.38327333558710963,0.009682775767420496,-0.0015505809988252761,-2.9448977801652404e-06,-0.987672754758347,-0.15652515835466235
2026-09-30T02:02:43.104 -6.127751010970768,-0.38201590456725976,0.009688929333952457,-0.0015503055090373948,-1.2104555867453167e-06,-0.9875193982498353,-0.1574897921506247
2026-09-30T02:02:43.142 -6.131320475032112,-0.38083637358695716,0.009694751639638781,-0.001547701317770392,-3.680192154728539e-06,-0.9873287920896613,-0.1586803734488221
2026-09-30T02:02:43.220 -6.1347527596813896,-0.3796914711782662,0.009699761009029206,-0.0015445766068021667,-2.532592085173258e-06,-0.9870944977625887,-0.1601314046760177
2026-09-30T02:02:43.255 -6.13813835822894,-0.3785482371117633,0.009705203203073852,-0.0015406938898767377,-3.686538956052071e-06,-0.9868195551317086,-0.1618171556368608
2026-09-30T02:02:43.332 -6.141500711253112,-0.37739939991600696,0.009710489432970532,-0.0015384857670452628,-3.52029104836578e-06,-0.9865135582140115,-0.16367233275383508
2026-09-30T02:02:43.372 -6.144863481490847,-0.3762351847271282,0.00971591043032383,-0.0015374824245843214,-3.7563792207930377e-06,-0.9861850304913404,-0.16564033859080898
2026-09-30T02:02:43.452 -6.148228457252431,-0.37505493591656647,0.009721364714266299,-0.0015376373104209896,-4.126584805521483e-06,-0.9858519123143191,-0.16761158265666787
2026-09-30T02:02:43.489 -6.151596875426189,-0.3738587131045489,0.00972679463574354,-0.0015400557862908378,-4.074383525730617e-06,-0.9855304742859181,-0.169491334484533
2026-09-30T02:02:43.568 -6.1549670075771195,-0.37264812559473554,0.009732122956309427,-0.00154316708292412,-3.3675956232801117e-06,-0.9852203004498176,-0.17128507875931553
2026-09-30T02:02:43.609 -6.158335724444273,-0.3714248422777825,0.009737344728570844,-0.001544514028189446,-3.127606427368963e-06,-0.9849155517180469,-0.1730288139315825
2026-09-30T02:02:43.687 -6.161703651428742,-0.37018880355687256,0.009742744063760064,-0.0015454582101259318,-2.7483032536491765e-06,-0.9846116972300796,-0.1747495843459143
2026-09-30T02:02:43.727 -6.165066855250008,-0.36894120147544673,0.00974791241129963,-0.0015463446083030454,-2.1858661146446685e-06,-0.9843065910249088,-0.17646003422445936
2026-09-30T02:02:43.817 -6.168419657833675,-0.36768459896166994,0.009753287829405898,-0.0015470484342771532,-2.1069389065070144e-06,-0.9839951669827048,-0.17818843394390563
2026-09-30T02:02:43.855 -6.171770881369112,-0.36641476419690316,0.009758467033101082,-0.0015465922721758286,-1.9661166559374542e-06,-0.9836776642832273,-0.17993293428044976
2026-09-30T02:02:43.930 -6.17511331317028,-0.3651347369271707,0.009763751543683993,-0.0015468861043862116,-2.1205882739520407e-06,-0.9833512800895884,-0.18170819212421613
2026-09-30T02:02:43.964 -6.178454731683874,-0.3638405237392036,0.009769153658985728,-0.001546142649802071,-1.9182261511039587e-06,-0.9830179826964819,-0.18350273876584558
2026-09-30T02:02:44.041 -6.181787999665227,-0.36253570082187647,0.009774378972491685,-0.0015464807703566951,-2.082550711401385e-06,-0.9826757439340424,-0.18532671333773265
2026-09-30T02:02:44.078 -6.184929906496223,-0.3612903013261455,0.009779257030728062,-0.0015457398841864905,-1.8368050045575743e-06,-0.9823162807301836,-0.18722268905572303
2026-09-30T02:02:44.156 -6.187814260610772,-0.36013299425275724,0.009783891799462137,-0.001542770789902186,-2.251421443125594e-06,-0.9819217727668762,-0.1892808812838108
2026-09-30T02:02:44.192 -6.19057347457627,-0.35901126957678486,0.009788269109923064,-0.001540626631290369,-3.0132862956331948e-06,-0.9814860785138388,-0.19152729347022532
2026-09-30T02:02:44.266 -6.1932816967347994,-0.3578953855140063,0.009792580699084948,-0.0015376137747875845,-3.1285982059763454e-06,-0.9810241595612712,-0.1938794318415261
2026-09-30T02:02:44.302 -6.195972872158224,-0.3567714546095696,0.00979682063050292,-0.0015384955297747917,-3.1528561034291603e-06,-0.980558482369716,-0.19622103779759226
2026-09-30T02:02:44.384 -6.198656045901162,-0.3556364967451163,0.009800988303657993,-0.0015389745920519123,-2.7851814530198057e-06,-0.9800908384230691,-0.1985436475655002
2026-09-30T02:02:44.423 -6.201333914857331,-0.35448872381523294,0.00980523699410034,-0.0015395447403213707,-2.6028106034554453e-06,-0.9796191412358032,-0.20085807904997346
2026-09-30T02:02:44.499 -6.204006821822939,-0.35332819542888727,0.009809522540299244,-0.001540107199083321,-2.3082793850490577e-06,-0.979140708759133,-0.2031775098655114
2026-09-30T02:02:44.534 -6.206672978679935,-0.35215526919143786,0.009813827213932862,-0.001540383578477299,-2.1332567963171147e-06,-0.9786524418621804,-0.20551648413466028
2026-09-30T02:02:44.613 -6.209332340978053,-0.3509704219395102,0.009817987031829999,-0.0015402948981540923,-1.5580542349322821e-06,-0.9781666187997482,-0.20781648961299345
2026-09-30T02:02:44.664 -6.211983359004765,-0.3497750245604256,0.009821984642799582,-0.0015414262062616603,-1.3600409111714394e-06,-0.9776942052635602,-0.21002777196708158
2026-09-30T02:02:44.735 -6.214623275512358,-0.348570507530891,0.009826143513553867,-0.001542604778130209,-9.32917392569142e-07,-0.9772284074642095,-0.21218449522666216
2026-09-30T02:02:44.781 -6.217260554533949,-0.3473534734927318,0.009830387618940511,-0.001543217779182835,-7.412632378722769e-07,-0.9767717292208187,-0.21427694106764772
2026-09-30T02:02:44.855 -6.219871101182949,-0.3461350086065614,0.00983442554432028,-0.0015418274331849841,-6.619265436615632e-07,-0.9762925821078384,-0.216449571237593
2026-09-30T02:02:44.892 -6.22248814459058,-0.34489955647838694,0.009838697256357264,-0.0015421132888501306,-5.977273833784159e-07,-0.97581969184094,-0.21857161504115824
2026-09-30T02:02:44.966 -6.2250830303998965,-0.3436603489786613,0.009842710416453506,-0.0015409086983636303,-4.793626265363701e-07,-0.9753246302995148,-0.22077022247411104
2026-09-30T02:02:44.999 -6.227683906354058,-0.3424040350212663,0.009846941660994191,-0.0015412194363904619,-6.747843397062789e-07,-0.974848580780856,-0.22286289325893757
2026-09-30T02:02:45.081 -6.23025578479358,-0.3411484359545391,0.009851052551566545,-0.0015421155808489995,-5.703189345230988e-07,-0.9743735439221696,-0.22493069773546237
2026-09-30T02:02:45.116 -6.232810094891671,-0.3398881875043367,0.009855105861482246,-0.0015418141020534838,-4.0388903268414315e-07,-0.9739010112137078,-0.22696793422426284
2026-09-30T02:02:45.192 -6.23534905706744,-0.3386226936521812,0.009859015694275285,-0.0015413421440525679,-3.2855775437774666e-07,-0.9734221009914593,-0.22901318207836982
2026-09-30T02:02:45.226 -6.23788073242184,-0.3373476629650897,0.009863092818225354,-0.0015404101290424801,-3.2745081815969667e-07,-0.9729371114981875,-0.23106493504227515
2026-09-30T02:02:45.304 -6.240403124638158,-0.33606398948764654,0.009867050954687725,-0.0015398310425103162,-2.0791940167201047e-07,-0.9724431215380465,-0.23313516314288082
2026-09-30T02:02:45.339 -6.242921627803353,-0.33476863345086294,0.009871002939997096,-0.0015389465817419107,-3.0540603703871926e-07,-0.9719451382895062,-0.23520263561175903
2026-09-30T02:02:45.418 -6.245430325982692,-0.3334647538264153,0.009875028828080635,-0.0015382805781635313,-3.089635598887692e-07,-0.9714372606291619,-0.23729155558948378
2026-09-30T02:02:45.451 -6.247937102218847,-0.33214793996986763,0.009878962267912576,-0.001537764286066244,-1.2023493878503191e-07,-0.9709098328984634,-0.23944045535803718
2026-09-30T02:02:45.542 -6.250266702802312,-0.33090843110692997,0.009882675192817323,-0.001535965236074624,-7.911869500239896e-07,-0.9703534389201327,-0.24168542443854538
2026-09-30T02:02:45.575 -6.252396120305457,-0.3297624990159761,0.009886041821475053,-0.0015323130323660697,-1.3245477259436118e-06,-0.9697888806342954,-0.24394093345131113
2026-09-30T02:02:45.655 -6.254411663149755,-0.32866597774190237,0.009888915486295748,-0.001529181466069418,-1.151449454734468e-06,-0.9691911824269531,-0.2463049197814823
2026-09-30T02:02:45.691 -6.256384200764452,-0.3275780389951927,0.009891989378018226,-0.001528290768971427,-1.0898797302116465e-06,-0.968577568242584,-0.24870697341132222
2026-09-30T02:02:45.763 -6.258338707773048,-0.326489146347135,0.00989518377302956,-0.0015275379183452167,-1.2981433205201849e-06,-0.9679507218809336,-0.2511355543056433
2026-09-30T02:02:45.798 -6.260282426411164,-0.3253938758662566,0.009898376010472425,-0.001527236376096561,-1.0448618421737502e-06,-0.9673284048519634,-0.25352203989893285
2026-09-30T02:02:45.877 -6.262214731288509,-0.32429330042833876,0.009901267078137722,-0.0015274929317099187,-6.166773788267318e-07,-0.9667253986837635,-0.2558117868759801
2026-09-30T02:02:45.918 -6.263955733654771,-0.3232895205249813,0.00990412391488141,-0.001528171906476092,-8.894568287819677e-07,-0.9661563062988524,-0.2579528183385314
2026-09-30T02:02:45.995 -6.265334218988933,-0.3224867229197463,0.009906094685168669,-0.0015267674807731414,-7.230022212576429e-07,-0.9656488452231327,-0.25984606346790645
2026-09-30T02:02:46.032 -6.266268348892936,-0.32193759708819714,0.009907467236361203,-0.001525365380001891,-8.129939495358391e-07,-0.9652108218732367,-0.26146843518594626
2026-09-30T02:02:46.110 -6.266791741045845,-0.32162759992031126,0.009907966893013742,-0.0015252996204403167,-2.560059989880177e-07,-0.9648692355167979,-0.26272615365477486
2026-09-30T02:02:46.148 -6.267047386876871,-0.3214748364343378,0.009908430673356347,-0.0015256698328490008,7.874294927774248e-08,-0.9646054310707813,-0.26369306907900897
2026-09-30T02:02:46.226 -6.267215353748953,-0.32137446432724115,0.00990874093223405,-0.0015262894654136968,3.4733244307080067e-07,-0.9644401506507013,-0.2642969281947863
2026-09-30T02:02:46.265 -6.267348660746164,-0.3212951322234268,0.009908713271552362,-0.0015276380891262966,1.0626379171994051e-06,-0.9643700561097251,-0.2645525679324721
2026-09-30T02:02:46.345 -6.267436459006989,-0.32124286005535124,0.009908807376949007,-0.0015283305666866185,1.098568798903119e-06,-0.9643639760261119,-0.2645747265851008
2026-09-30T02:02:46.405 -6.267462983340168,-0.3212284360652708,0.009908774806237083,-0.001527099366349475,1.7821735641090092e-06,-0.9643905004660251,-0.2644780342017819
2026-09-30T02:02:46.471 -6.267424269738493,-0.3212516217846673,0.009908803007187258,-0.0015278818113879775,2.265424930469406e-06,-0.9644268578573599,-0.26434542064393346
2026-09-30T02:02:46.511 -6.267372920097713,-0.32128321159991313,0.009908662218939497,-0.0015276221769664996,2.296247484386789e-06,-0.9645091702111748,-0.2640449335695781
2026-09-30T02:02:46.589 -6.267281038219564,-0.3213371526465587,0.00990899379142407,-0.00152957308468393,1.6774716224446576e-06,-0.964621103650574,-0.2636357084981344
2026-09-30T02:02:46.631 -6.2671887102858665,-0.32139008040872713,0.009908713710088168,-0.0015273833445984821,1.3988700045606501e-06,-0.9648012265201257,-0.2629757791193386
2026-09-30T02:02:46.710 -6.267081302548789,-0.32145331958461537,0.009908230973689555,-0.001529169466874764,1.8072274908197543e-06,-0.9650406515013819,-0.2620957889537031
2026-09-30T02:02:46.757 -6.266968499540733,-0.32152007536651384,0.00990838045816264,-0.0015274310565331155,7.970805743141369e-07,-0.9653395037152737,-0.26099293002010887
2026-09-30T02:02:46.827 -6.266853104737958,-0.3215875463716235,0.009907885094127522,-0.0015258501630141098,1.7434048021176695e-08,-0.9656948000684501,-0.2596752296658962
2026-09-30T02:02:46.864 -6.2667418514667395,-0.3216528716615586,0.009908037028639358,-0.0015254498281338142,-1.0602520710632182e-06,-0.966078585801215,-0.2582437589914278
2026-09-30T02:02:46.943 -6.266628244584231,-0.32171885257303445,0.00990769350302396,-0.0015243526310134707,-8.154012290402123e-07,-0.9664781072894799,-0.25674451207092247
2026-09-30T02:02:46.980 -6.266522296426958,-0.32178036323252235,0.009907689911815641,-0.0015240732473504656,-1.5397676279151412e-06,-0.9668844824445743,-0.2552098642416746
2026-09-30T02:02:47.057 -6.266416140200829,-0.32184145665693326,0.009907343264415605,-0.0015237477693956852,-1.1882327466081829e-06,-0.9672923476544758,-0.25365959938550814
2026-09-30T02:02:47.096 -6.266318506688734,-0.3218976626076912,0.00990751673156348,-0.001524186403536735,-2.2837175682211523e-06,-0.9676985433057534,-0.25210554562427834
2026-09-30T02:02:47.175 -6.266221559418695,-0.32195291489285294,0.009907199544625094,-0.0015240296157888083,-1.4934819858049074e-06,-0.9681006267413548,-0.25055708697719203
2026-09-30T02:02:47.209 -6.266134029504947,-0.32200262406459124,0.009907046258324623,-0.0015243384411086733,-2.1212173583062267e-06,-0.9684978818845008,-0.24901712626454667
2026-09-30T02:02:47.298 -6.266047751537786,-0.32205114115922046,0.009906745939469925,-0.0015245476121313996,-1.604659141985072e-06,-0.9688891767227487,-0.2474902805799006
2026-09-30T02:02:47.334 -6.265971426805602,-0.3220938767285354,0.009906967996807113,-0.0015253556868007022,-2.517380739233663e-06,-0.9692746895148849,-0.24597611581109877
2026-09-30T02:02:47.408 -6.265896831541319,-0.32213530101753446,0.009906611642366168,-0.00152562267523652,-1.6606863041585365e-06,-0.9696540635450366,-0.2444763168965311
2026-09-30T02:02:47.444 -6.265832428309509,-0.32217076497033026,0.009906539622771807,-0.0015263098818056751,-2.053867534478529e-06,-0.9700278940864712,-0.24298879617812036
2026-09-30T02:02:47.522 -6.265770677592578,-0.3222048580497014,0.009906412192118963,-0.0015269427692567914,-1.4560990133441002e-06,-0.9703962411192858,-0.24151356828389592
2026-09-30T02:02:47.563 -6.2657190895953505,-0.322233408025065,0.009906256125266386,-0.0015277133454925885,-1.870152339476071e-06,-0.9707599985402866,-0.24004726893364056
2026-09-30T02:02:47.638 -6.265670183776175,-0.32226040831342834,0.00990613410130212,-0.0015286338591511297,-1.3640783836856484e-06,-0.971119166341126,-0.2385900837033689
2026-09-30T02:02:47.676 -6.265632155487652,-0.32228156748351344,0.009906267693693278,-0.001529303334234635,-2.2744294513610203e-06,-0.9714748176960649,-0.23713780763205275
2026-09-30T02:02:47.757 -6.26559675036012,-0.32230129617520586,0.009906062706186778,-0.0015298375121752938,-1.2687200943408502e-06,-0.9718280849737715,-0.2356858774975476
2026-09-30T02:02:47.795 -6.265572461160211,-0.3223150049376846,0.009906128613114058,-0.0015313519549128272,-1.5045058495421643e-06,-0.9721795633232065,-0.23423183305355047
2026-09-30T02:02:47.878 -6.265551510262837,-0.3223269256028935,0.009905931576693136,-0.0015324123480127461,-9.423534908314408e-07,-0.9725293134813764,-0.23277539846588263
2026-09-30T02:02:47.914 -6.265541347157914,-0.32233312435794975,0.0099061986312812,-0.001534435581807991,-1.369172465339662e-06,-0.9728763210752832,-0.23132079326466376
2026-09-30T02:02:47.995 -6.265534492851269,-0.32233819066648883,0.009906008980654288,-0.0015353960668393837,-4.4121354789850404e-07,-0.973221660562153,-0.2298635290153028
2026-09-30T02:02:48.026 -6.265536400359437,-0.32233842910910077,0.009905907688415596,-0.001538099959853363,-4.0960340352700254e-07,-0.9735647932954646,-0.22840583946980264
2026-09-30T02:02:48.107 -6.265540840765316,-0.32233789272318825,0.009906004116157054,-0.0015371579253973021,-2.2947198391920796e-07,-0.9739062003604188,-0.22694569845007403
2026-09-30T02:02:48.152 -6.265558274749778,-0.3223303231527506,0.00990631480219594,-0.0015388571315390416,-8.794930173292692e-07,-0.9742456979770759,-0.22548381735972833
2026-09-30T02:02:48.222 -6.265580239383594,-0.3223212635233054,0.009906200517192295,-0.0015385853621543572,-1.7092996728146648e-07,-0.9745808460674935,-0.22403081759754168
2026-09-30T02:02:48.260 -6.265612068479405,-0.32230660118142845,0.009906206136198558,-0.0015390553528277825,-4.848011807271239e-07,-0.9749152782722791,-0.22257095834737922
2026-09-30T02:02:48.344 -6.265646877900975,-0.32229170045850475,0.009906156862658498,-0.0015374731701597994,-7.220674348868491e-07,-0.9752473279152712,-0.22111147769813572
2026-09-30T02:02:48.379 -6.265692058041924,-0.3222715546573528,0.009906466712518632,-0.001537260157232785,-1.6249808612915774e-06,-0.9755784823666139,-0.21964576383764567
2026-09-30T02:02:48.455 -6.265739384638906,-0.322250753232203,0.009906347821822366,-0.0015373511187096675,-9.091241130109411e-07,-0.9759095769096485,-0.21816996641779557
2026-09-30T02:02:48.491 -6.26579574075069,-0.3222253027583771,0.009906645538765734,-0.0015372476452860313,-1.862440340317625e-06,-0.9762431748646596,-0.21667233417392714
2026-09-30T02:02:48.567 -6.265857253242009,-0.3221983622334096,0.009906593779912633,-0.0015362205974986448,-1.3120984531894456e-06,-0.9765771907018064,-0.215161870752051
2026-09-30T02:02:48.603 -6.265927408217449,-0.3221668918642241,0.009906704696726817,-0.001538420788391861,-1.2697150580836552e-06,-0.976911025108178,-0.21364101264025726
2026-09-30T02:02:48.681 -6.266002689416736,-0.3221339314434808,0.00990668960776243,-0.0015368942746399182,-1.3663616625878976e-06,-0.9772453988152433,-0.21210626687714365
2026-09-30T02:02:48.719 -6.266085927074632,-0.32209703721627175,0.00990719373820998,-0.001540023284167768,-1.6093072919274078e-06,-0.9775798283709113,-0.2105595105617277
2026-09-30T02:02:48.797 -6.266172205742877,-0.32206020263211604,0.009906957617843078,-0.0015388913093737928,-1.200481025036413e-06,-0.9779157512925392,-0.20899381614307547
2026-09-30T02:02:48.832 -6.266267185839373,-0.32201889780906107,0.009907301499386376,-0.0015409838373249642,-1.1505280643059072e-06,-0.9782525060276112,-0.207411812147207
2026-09-30T02:02:48.906 -6.26636365667875,-0.3219781890512883,0.009907245406209306,-0.0015408742193374456,-7.91202864038331e-07,-0.9785908717014067,-0.20580945442009058
2026-09-30T02:02:48.940 -6.266468977767818,-0.32193312926576,0.009907888759705628,-0.0015427732365685825,-1.6449869212229668e-06,-0.9789306065703216,-0.20418738297920574
2026-09-30T02:02:49.028 -6.266576118040476,-0.32188842713113336,0.00990774522706273,-0.0015429990178106785,-7.217242949294167e-07,-0.9792717135423945,-0.20254513128992424
2026-09-30T02:02:49.063 -6.2666921685200485,-0.3218394335741874,0.009908077718205715,-0.0015445006841780474,-8.426762680774159e-07,-0.9796144882968805,-0.20088073286347766
2026-09-30T02:02:49.137 -6.266808398205603,-0.32179109567063163,0.009908157172756058,-0.0015454790167878988,-8.264653919408583e-07,-0.9799604223231926,-0.1991863001666429
2026-09-30T02:02:49.178 -6.26692996263526,-0.3217413869274231,0.009908170555962006,-0.0015462879690989683,-2.500536721583637e-07,-0.9803067736077348,-0.19747465308805542
2026-09-30T02:02:49.258 -6.267060704989375,-0.3216880424163073,0.009908973311140672,-0.00154836072608826,-9.712101320978721e-07,-0.980654256247848,-0.19574174894768576
2026-09-30T02:02:49.298 -6.267190226734364,-0.32163559195962965,0.00990895457167852,-0.0015490973479925596,-5.215695005535021e-07,-0.9810043027619614,-0.1939797882761312
2026-09-30T02:02:49.375 -6.267324963644101,-0.3215812342199517,0.0099091079905828,-0.0015507174832183584,-3.3888934092316906e-07,-0.9813419511002995,-0.19226432400689938
2026-09-30T02:02:49.409 -6.267466853032043,-0.3215249692216815,0.009909332322696453,-0.0015526898016471364,-5.827837940496679e-07,-0.9816520029947394,-0.19067494374053653
2026-09-30T02:02:49.483 -6.267611186313614,-0.3214677505798734,0.009909500913975458,-0.0015546315031580225,2.5111320671714745e-07,-0.9819398826160662,-0.18918681256570918
2026-09-30T02:02:49.519 -6.267758261756572,-0.32141071078656025,0.009909450323243104,-0.001555786564790376,1.043715568217464e-06,-0.9822111932315585,-0.18777313816867872
2026-09-30T02:02:49.595 -6.26791070081776,-0.3213511676656096,0.00990992975380447,-0.0015574959827996397,9.995958570928766e-07,-0.9824741589627588,-0.18639233132209182
2026-09-30T02:02:49.627 -6.268063378936657,-0.32129323387314607,0.009909992329602196,-0.0015581006933380406,1.4465608122815967e-06,-0.9827312248357591,-0.18503219193682421
2026-09-30T02:02:49.708 -6.268221480796682,-0.3212327967538555,0.009910257195798404,-0.00155908611531137,1.531940955942852e-06,-0.9829859658385179,-0.1836740597162653
2026-09-30T02:02:49.750 -6.268379493845911,-0.3211736709356954,0.009910134491140435,-0.0015599539129228695,2.485607113434681e-06,-0.9832385015707401,-0.18231734850676437
2026-09-30T02:02:49.826 -6.268544002532002,-0.32111180338552203,0.009910841621172473,-0.0015629858797662126,2.024673031504792e-06,-0.9834903798967739,-0.18095366733376725
2026-09-30T02:02:49.872 -6.268707141115074,-0.3210517239575276,0.009911025043958148,-0.0015649004345443666,2.47046204594564e-06,-0.9837417822180182,-0.17958189496451
2026-09-30T02:02:49.939 -6.268872127146299,-0.3209906312737999,0.009911405102910501,-0.0015655763553298109,2.358051945984466e-06,-0.9839949735274961,-0.17818934041557485
2026-09-30T02:02:49.974 -6.269034759570282,-0.3209317439323797,0.009911274800846531,-0.0015662197235059656,3.0539425077942673e-06,-0.9842484032017467,-0.17678412751506664
2026-09-30T02:02:50.051 -6.269201712217228,-0.32087106850589114,0.009911866585824627,-0.0015675838402100014,2.3647791224480513e-06,-0.9845031434891367,-0.17535992454184057
2026-09-30T02:02:50.086 -6.269366191928489,-0.3208127176294852,0.00991202232703622,-0.0015680540824824197,2.8029844017240583e-06,-0.9847581824202414,-0.17392200365370747
2026-09-30T02:02:50.170 -6.269535082000688,-0.3207525190645765,0.009912438361222409,-0.0015689157619436316,2.3454539808732136e-06,-0.9850145322194209,-0.17246422763688224
2026-09-30T02:02:50.209 -6.269727874050019,-0.320684631801466,0.009912609063186991,-0.0015696731023792385,2.9471040694710265e-06,-0.9852643257453438,-0.17103141387253798
2026-09-30T02:02:50.284 -6.269889075155306,-0.3206282478370257,0.009912968237447022,-0.001570344722766326,2.522359519018908e-06,-0.9855240728750231,-0.16952827432294482
2026-09-30T02:02:50.318 -6.270080496206327,-0.32056214869599015,0.00991318147558283,-0.001571933965330731,2.7758616310159897e-06,-0.9857767264991221,-0.1680528919970691
2026-09-30T02:02:50.396 -6.2702423825887434,-0.3205065992051874,0.009913646041751805,-0.0015727223044149476,2.5399496533886404e-06,-0.9860381422306452,-0.16651218755526542
2026-09-30T02:02:50.429 -6.270433773840026,-0.3204421689938331,0.009913844331897393,-0.0015739123919954628,3.094050656710884e-06,-0.986292584068258,-0.16499836787728414
2026-09-30T02:02:50.503 -6.270597299623345,-0.32038721557014754,0.009914132676087664,-0.0015748068613122546,2.698559951318706e-06,-0.9865544763486034,-0.16342516688870315
2026-09-30T02:02:50.541 -6.2707880650778085,-0.32032433507168595,0.009914285273525811,-0.0015759086163098927,3.3163226998133386e-06,-0.9868101101167673,-0.1618744052417455
2026-09-30T02:02:50.619 -6.270952246212917,-0.3202706333537625,0.009914753468285483,-0.001576879958419072,2.995914964487162e-06,-0.9870720617403629,-0.16026933072877825
2026-09-30T02:02:50.665 -6.271142862500335,-0.32020888534165903,0.009914995237161127,-0.0015778034864997576,3.3451269843270216e-06,-0.9873281126663452,-0.15868430440242368
2026-09-30T02:02:50.743 -6.271308504129895,-0.3201556604793012,0.009915346531769093,-0.0015792177260821527,2.706320670157852e-06,-0.9875899445245016,-0.15704651393183372
2026-09-30T02:02:50.780 -6.271497421874338,-0.32009587939911255,0.009915451504807465,-0.0015798295437283187,3.4693067659870956e-06,-0.9878460550869992,-0.15542739647703735
2026-09-30T02:02:50.855 -6.271663420786465,-0.32004384663411434,0.009916011981053926,-0.0015813645878389444,2.7305117395811373e-06,-0.9881066349784324,-0.1537620798187372
2026-09-30T02:02:50.893 -6.271849775695855,-0.31998621128889093,0.009915993692928593,-0.0015818061955588257,3.698357157388491e-06,-0.9883622090299574,-0.15211062302451117
2026-09-30T02:02:50.969 -6.272016102342926,-0.319935728248776,0.009916599391183162,-0.0015835014288602422,2.895642896655445e-06,-0.9886215369118306,-0.1504159209290359
2026-09-30T02:02:51.004 -6.272199208774718,-0.3198803578391555,0.009916575967279686,-0.0015837101283094682,3.843796006702955e-06,-0.9888758592625152,-0.1487347532195388
2026-09-30T02:02:51.083 -6.2723658332677115,-0.3198308284770899,0.009917286444894513,-0.001585655925989743,2.783118137075597e-06,-0.9891329218143367,-0.14701547085450595
2026-09-30T02:02:51.119 -6.272545333871958,-0.319778140231116,0.00991707850612277,-0.0015857217395596982,3.7509546517613087e-06,-0.9893857539719975,-0.14530421642112631
2026-09-30T02:02:51.192 -6.272712405384219,-0.31972980296757403,0.009917789690742026,-0.0015876888567626837,2.8316755983431256e-06,-0.9896403725574693,-0.14355978629264327
2026-09-30T02:02:51.225 -6.272887375839429,-0.3196800352921423,0.009917678898110292,-0.001587540621223874,4.168767439049256e-06,-0.9898909397385383,-0.1418217441753946
2026-09-30T02:02:51.304 -6.273055251972568,-0.31963306894555804,0.009918406256353344,-0.0015894722354484793,2.7964629632915304e-06,-0.9901426375746969,-0.1400536712364761
2026-09-30T02:02:51.339 -6.2732254541735015,-0.3195856853958994,0.009918198517955454,-0.00158961489275996,3.9012687944244816e-06,-0.9903905221537376,-0.1382898649117848
2026-09-30T02:02:51.416 -6.2733923467646004,-0.3195402687576916,0.00991895412375635,-0.0015917329468360644,2.6716492998597962e-06,-0.9906388222381436,-0.13649978114895414
2026-09-30T02:02:51.451 -6.273555515604024,-0.31949652100281617,0.00991872036434204,-0.0015917240397675528,4.110731467001715e-06,-0.9908835477375061,-0.13471177090669054
2026-09-30T02:02:51.527 -6.27371421214547,-0.31945462093542226,0.009919701430826126,-0.001593874144705691,2.3869784688870036e-06,-0.9911189138824872,-0.13296901181821372
2026-09-30T02:02:51.573 -6.273880838286324,-0.31941081361945417,0.009919324125969405,-0.0015933654880589973,3.847287766215486e-06,-0.9913297260272267,-0.1313881100648137
2026-09-30T02:02:51.638 -6.274036168117511,-0.3193703440212478,0.009919688921211048,-0.0015946575028795318,3.4565635185732834e-06,-0.9915255765734827,-0.12990184007982183
2026-09-30T02:02:51.676 -6.2741883991056016,-0.31933130489556477,0.009919661386434435,-0.001595251715021595,4.0788477476289375e-06,-0.9917068847302541,-0.12851034952074136
2026-09-30T02:02:51.759 -6.2743104989374485,-0.31930049083140943,0.009920182259749541,-0.0015961386579897662,3.4054320518973047e-06,-0.99188419924167,-0.12713452569817027
2026-09-30T02:02:51.795 -6.274449885234731,-0.3192652066366461,0.009920045009740416,-0.0015960938168801178,4.105380268626497e-06,-0.9920536469686149,-0.1258054609464342
2026-09-30T02:02:51.876 -6.274566739819069,-0.3192361210411488,0.009920572491250033,-0.0015974581408543867,3.7012506763460577e-06,-0.9922223186688599,-0.12446814230629623
2026-09-30T02:02:51.913 -6.274687946654881,-0.3192062010355344,0.009920406498534358,-0.001597144580302415,4.004668067927294e-06,-0.9923864618782008,-0.12315258581945729
2026-09-30T02:02:51.995 -6.274806619178613,-0.3191771154629251,0.009920936854402372,-0.001598345123414359,3.5081131956727297e-06,-0.9925498885803355,-0.12182842016427463
2026-09-30T02:02:52.031 -6.274927259543954,-0.31914838754305236,0.009920904076872834,-0.001598487098218832,4.037271843238707e-06,-0.9927100379399781,-0.12051649428980508
2026-09-30T02:02:52.110 -6.275030345747624,-0.31912365291331274,0.00992120117336737,-0.0015992593593942245,3.6672062417420435e-06,-0.9928704251151442,-0.11918792425294622
2026-09-30T02:02:52.142 -6.275149108556995,-0.319095878644118,0.009921165427394168,-0.0015995855914649638,3.950267611907908e-06,-0.993027534464727,-0.11787178248095083
2026-09-30T02:02:52.223 -6.2752524330035175,-0.3190719784823877,0.009921567208988208,-0.001600409837508159,3.548189943236613e-06,-0.9931848817314941,-0.11653853172131676
2026-09-30T02:02:52.259 -6.275359513203658,-0.3190476015308528,0.009921557695711658,-0.0016006319199588779,3.943153505540924e-06,-0.9933396665145032,-0.11521173937912697
2026-09-30T02:02:52.337 -6.275464446997139,-0.3190237013893868,0.009921947120677125,-0.0016012823756378425,3.5459728059043876e-06,-0.9934941528531905,-0.11387187593387997
2026-09-30T02:02:52.377 -6.275566162875242,-0.3190015893468284,0.0099218546203449,-0.0016012464211059357,4.045247722484971e-06,-0.993646315180207,-0.11253637777328676
2026-09-30T02:02:52.464 -6.275659444052511,-0.31898090770948506,0.009922151115957855,-0.0016020626585056816,3.828050551374327e-06,-0.9937979403193498,-0.1111894203492513
2026-09-30T02:02:52.498 -6.27576238163282,-0.31895903410086757,0.009922179756750983,-0.0016023870850377646,3.905245156572105e-06,-0.9939469432862477,-0.1098494709696118
2026-09-30T02:02:52.576 -6.275879236569657,-0.3189337632026821,0.00992245391946089,-0.0016030164318760268,3.622947473004879e-06,-0.9940945750783989,-0.10850532763367406
2026-09-30T02:02:52.611 -6.275956335351597,-0.3189179093378595,0.009922531114508344,-0.0016034821747606368,3.87339860525735e-06,-0.9942410148688854,-0.1071551827136746
2026-09-30T02:02:52.689 -6.276052567161135,-0.3188977045748452,0.0099226981648585,-0.0016036485095102383,3.5384142803564298e-06,-0.9943865607692468,-0.10579601155264107
2026-09-30T02:02:52.728 -6.276154819181136,-0.31887690384119266,0.00992278532662291,-0.0016042247150222406,4.0381354705633324e-06,-0.994529006976304,-0.10444845967980636
2026-09-30T02:02:52.805 -6.276232394375553,-0.31886104998232445,0.009923131496166662,-0.0016048704285476006,3.4726515342496663e-06,-0.9946715722182851,-0.10308194701136192
2026-09-30T02:02:52.839 -6.276315453757383,-0.3188450769832716,0.0099231287084651,-0.0016052058624265477,3.6105129995330033e-06,-0.9948118727510479,-0.10171903034661876
2026-09-30T02:02:52.912 -6.276414695639588,-0.3188252894906727,0.009923270715781944,-0.0016055630923550032,3.3825121093487218e-06,-0.9949509215289825,-0.10034981765974375
2026-09-30T02:02:52.953 -6.276482585430028,-0.3188124753467869,0.009923363153337236,-0.0016061083069759065,3.584969173296151e-06,-0.9950881224102434,-0.09898004365179389
2026-09-30T02:02:53.025 -6.276559415811471,-0.3187978135714638,0.009923544232491985,-0.0016063663752107595,3.316032298848487e-06,-0.9952246081862111,-0.09759814976051345
2026-09-30T02:02:53.059 -6.276645306218906,-0.3187820790266135,0.00992366513042977,-0.0016070105968829587,3.7371191831733516e-06,-0.9953579942901218,-0.0962282739412987
2026-09-30T02:02:53.142 -6.276715579957304,-0.31876920530807273,0.009923910349051357,-0.0016073764074145862,3.2455526391188338e-06,-0.9954910228839962,-0.0948421830617924
2026-09-30T02:02:53.184 -6.276781473311728,-0.31875740441804706,0.009923791013694255,-0.00160761479170158,3.614232231510137e-06,-0.9956216674214385,-0.09346074535639705
2026-09-30T02:02:53.260 -6.276858869549118,-0.318743577114836,0.009924211406558546,-0.0016081706827971486,2.9246271705843172e-06,-0.9957511195640164,-0.09207128578177608
2026-09-30T02:02:53.309 -6.276917103548635,-0.3187338622909309,0.009924169368396303,-0.001608562235562419,3.551579784231744e-06,-0.995878306880826,-0.09068522701686298
2026-09-30T02:02:53.371 -6.276976827316508,-0.3187235514392978,0.009924353203306566,-0.0016089109453298002,3.166974117206648e-06,-0.9960047192886293,-0.08928611622374016
2026-09-30T02:02:53.412 -6.277046922744514,-0.3187118698114614,0.009924270314262856,-0.0016091888824449907,3.264937599904634e-06,-0.9961282111909437,-0.08789765281286843
2026-09-30T02:02:53.489 -6.27710196744212,-0.31870292980773846,0.009924506356028796,-0.0016097628941109678,3.0365570342839547e-06,-0.996251047113988,-0.08649427598683458
2026-09-30T02:02:53.526 -6.277144853320761,-0.31869625462749246,0.009924380446669313,-0.0016097086118486547,3.440760879791737e-06,-0.9963713205754002,-0.08509759315738144
2026-09-30T02:02:53.604 -6.277203324860074,-0.31868707624829085,0.009924890127834872,-0.001610516550275495,2.472170169732721e-06,-0.9964905204036753,-0.08369019641476647
2026-09-30T02:02:53.644 -6.277247134959957,-0.31868063949829656,0.009924542162115375,-0.0016106910874751266,3.180174947180627e-06,-0.9966071577751338,-0.08228960283946568
2026-09-30T02:02:53.720 -6.277288828272236,-0.31867426232621116,0.009924712390830821,-0.0016110805829890051,2.831314292964114e-06,-0.9967226624220699,-0.08087854242998813
2026-09-30T02:02:53.753 -6.277340207741965,-0.31866675278786616,0.009924644614141954,-0.0016112921585409155,3.066415703839835e-06,-0.9968355446528397,-0.07947515740691168
2026-09-30T02:02:53.832 -6.2773804107675595,-0.31866097164344864,0.009924916794921397,-0.001611777779354356,2.866622817358921e-06,-0.9969471153098914,-0.0780631247098054
2026-09-30T02:02:53.867 -6.277406428534351,-0.3186576341109415,0.009924749314689018,-0.0016119480828506946,3.0572583783636833e-06,-0.9970561828606269,-0.07665748387096893
2026-09-30T02:02:53.942 -6.277445975620945,-0.31865232979539465,0.009925199272603425,-0.0016127309273270376,2.1583166767991308e-06,-0.9971641769662539,-0.0752396389512297
2026-09-30T02:02:53.981 -6.277474258316537,-0.318648813477464,0.009925065175794773,-0.0016128583944896291,2.912907741960727e-06,-0.9972693702368078,-0.07383225492151245
2026-09-30T02:02:54.054 -6.2774984577594655,-0.3186460719684727,0.009925133239582582,-0.0016133274810759372,2.392736005456552e-06,-0.9973683051167478,-0.07248352307427869
2026-09-30T02:02:54.091 -6.2775286181699474,-0.31864207883704143,0.009924897803297618,-0.0016133360894959655,2.591317398719884e-06,-0.9974521019492092,-0.07132111508559028
2026-09-30T02:02:54.181 -6.277551118435728,-0.31863927770196626,0.009925246302908591,-0.0016137769881296943,2.3322977715203533e-06,-0.9975185549109544,-0.07038556902344538
2026-09-30T02:02:54.218 -6.277555887321177,-0.31863915855277114,0.009924926017053309,-0.0016136497810209456,2.3528835095070603e-06,-0.9975636716980674,-0.06974322215899513
2026-09-30T02:02:54.295 -6.277561787902917,-0.3186382049527144,0.009925114160492774,-0.0016137863220753727,3.0080182900893466e-06,-0.9975910872597763,-0.06934996975137078
2026-09-30T02:02:54.331 -6.277570371085591,-0.3186376686189867,0.009925053225433479,-0.001613893447080519,2.5556152186495198e-06,-0.9976070597760263,-0.06911982079289923
2026-09-30T02:02:54.408 -6.277581130245361,-0.31863635745231406,0.009924742410629739,-0.001613561481073678,2.1633776347507616e-06,-0.9976155827302768,-0.0689967065039851
2026-09-30T02:02:54.451 -6.277597938414542,-0.31863367545487903,0.00992499250336457,-0.0016136841115360493,2.904085120040053e-06,-0.997619933377626,-0.06893376924828298
2026-09-30T02:02:54.526 -6.277606372521863,-0.3186326026774641,0.009924976036042088,-0.0016135905176936998,2.723158808830781e-06,-0.9976220194247455,-0.06890357521289178
2026-09-30T02:02:54.559 -6.277609024859813,-0.31863218547833655,0.009925024933137572,-0.0016136847681910225,2.747102892481023e-06,-0.9976225557433092,-0.06889580746395575
2026-09-30T02:02:54.634 -6.27760947189409,-0.31863218548396477,0.009925025639947014,-0.001613631393736554,2.7666503922145778e-06,-0.9976220789916627,-0.06890271180747336
2026-09-30T02:02:54.673 -6.2776088163859285,-0.3186321258710817,0.009924935196428009,-0.0016135560614264227,2.751372504444629e-06,-0.9976209466658157,-0.06891910622511352
2026-09-30T02:02:54.747 -6.277608100939601,-0.3186323642806338,0.009925053274712442,-0.001613660929683525,2.772889438350946e-06,-0.9976195162013055,-0.06893980696947395
2026-09-30T02:02:54.785 -6.2776077136026345,-0.3186324834850565,0.009924993057593486,-0.001613646167365228,2.8107503271064722e-06,-0.9976180858313409,-0.06896050290099227
2026-09-30T02:02:54.862 -6.277607385851182,-0.31863224506235827,0.00992494783579986,-0.0016135826255583628,2.8231596568819677e-06,-0.9976165363014261,-0.06898291702360515
2026-09-30T02:02:54.901 -6.277607713746248,-0.31863230467113857,0.00992490365070883,-0.0016135413619609846,2.79130210471159e-06,-0.9976152251508046,-0.06900187695846617
2026-09-30T02:02:54.978 -6.2776064917796255,-0.3186324834696809,0.009924946422219971,-0.0016135494516137444,2.7418040392578153e-06,-0.9976140331596095,-0.06901910817786093
2026-09-30T02:02:55.027 -6.277605925344724,-0.3186327218811091,0.009925064736107554,-0.0016136888742233492,2.657133112622216e-06,-0.9976129006637904,-0.06903547226126087
2026-09-30T02:02:55.087 -6.277606491615454,-0.318632423865017,0.009925050730208199,-0.0016135767408761111,2.657422646558338e-06,-0.9976120067638128,-0.06904839117400063
2026-09-30T02:02:55.128 -6.277606312702999,-0.31863278149062346,0.00992511005211319,-0.001613600876740372,2.659607044509292e-06,-0.9976112915538129,-0.06905872319606525
2026-09-30T02:02:55.206 -6.277605925463275,-0.31863266227647796,0.009924990230384964,-0.0016135481714029583,2.695126159342245e-06,-0.9976108148015356,-0.06906561116830291
2026-09-30T02:02:55.242 -6.27760577647616,-0.31863260266995985,0.009924975093629499,-0.0016135720127250415,2.8805151599947697e-06,-0.9976103379887472,-0.069072497530061
2026-09-30T02:02:55.316 -6.2776050313461,-0.31863278147450563,0.009925018619070714,-0.001613635632139739,2.6928180589280478e-06,-0.9976099207437173,-0.06907852203477872
2026-09-30T02:02:55.355 -6.277604912299631,-0.3186329602869582,0.009924914122619468,-0.0016134501172424295,2.5825034512578883e-06,-0.9976095632949094,-0.06908368833950737
2026-09-30T02:02:55.433 -6.277605209946268,-0.3186329006860218,0.009925153012097104,-0.0016136719312341825,2.890304716538443e-06,-0.9976090863255973,-0.06909057052269738
2026-09-30T02:02:55.479 -6.277604942081357,-0.31863272186875163,0.009924929070843668,-0.0016135611822888445,2.583383044393751e-06,-0.9976087884169009,-0.06909487453495085
2026-09-30T02:02:55.556 -6.277604882475286,-0.31863284107729073,0.00992492897662191,-0.0016135952350885448,2.836864100462303e-06,-0.9976084903937666,-0.0690991765264932
2026-09-30T02:02:55.592 -6.277604643869273,-0.31863278146962243,0.009925047808787666,-0.0016136439269103914,2.7106679932195043e-06,-0.997608132759777,-0.06910433848522593
2026-09-30T02:02:55.674 -6.277604644056254,-0.3186329006789338,0.009924928599666621,-0.001613510836746755,2.5988894556789483e-06,-0.9976079540672506,-0.0691069212002695
2026-09-30T02:02:55.714 -6.277604494974898,-0.3186328410724047,0.00992497306748143,-0.0016135763678583582,2.6432731410407123e-06,-0.997607656019206,-0.06911122207126678
2026-09-30T02:02:55.788 -6.277604435181845,-0.3186328410716324,0.009925092182380716,-0.0016136197735211306,2.852565708924951e-06,-0.9976072983894189,-0.06911638317544064
2026-09-30T02:02:55.824 -6.277604465195423,-0.318632900676677,0.009924958119227981,-0.0016135850843382415,2.606547742669525e-06,-0.997607060019831,-0.06911982447149952
2026-09-30T02:02:55.916 -6.277604405544483,-0.3186328410712764,0.00992498782726211,-0.0016135218092016206,2.7097264569546285e-06,-0.9976067620736243,-0.06912412607048062
2026-09-30T02:02:55.955 -6.277604107564999,-0.3186331390907535,0.009924957553819424,-0.0016135693535904107,2.5373891116932533e-06,-0.9976064640397752,-0.06912842608912562
2026-09-30T02:02:56.032 -6.277604047843377,-0.3186330794853447,0.009925031965281257,-0.0016134756455764127,2.785463064061395e-06,-0.9976062257168882,-0.06913186746709227
2026-09-30T02:02:56.069 -6.27760404791556,-0.31863296027606336,0.009924987261834054,-0.0016135119218863747,2.7341408644971857e-06,-0.997605987291205,-0.0691353071342201
2026-09-30T02:02:56.146 -6.277604226707211,-0.31863284106902234,0.0099250024456809,-0.0016135459795497023,2.6399534262797017e-06,-0.9976058680657706,-0.06913702671610386
2026-09-30T02:02:56.185 -6.277604018160395,-0.31863296027569354,0.009924957412428288,-0.001613543202896545,2.7004272201238846e-06,-0.9976057488694715,-0.0691387466882454
2026-09-30T02:02:56.263 -6.277603928660049,-0.31863290066991223,0.009925016875626923,-0.0016135948925231638,2.5936975863366657e-06,-0.9976055700308449,-0.06914132590736531
2026-09-30T02:02:56.299 -6.2776039287756,-0.31863307948386027,0.00992494236994333,-0.00161355110994552,2.6547132095943936e-06,-0.997605570065466,-0.06914132642728786
2026-09-30T02:02:56.378 -6.27760380945391,-0.31863266224983233,0.009925016687105407,-0.0016135607903588836,2.696845755157524e-06,-0.9976053912600656,-0.06914390604496098
2026-09-30T02:02:56.412 -6.277603898929946,-0.3186327814602557,0.009924972125059089,-0.0016135589322079794,2.5959550021088203e-06,-0.9976054508607763,-0.06914304617024669
2026-09-30T02:02:56.489 -6.277603809355917,-0.3186329602730452,0.009925076291724427,-0.001613619665023653,2.8030826412695864e-06,-0.9976053316142764,-0.06914476522838808
2026-09-30T02:02:56.526 -6.277603869079039,-0.31863290066916455,0.009925001880243096,-0.0016136449591749155,2.637842658671779e-06,-0.9976053911935142,-0.06914390504320016
2026-09-30T02:02:56.607 -6.27760392880066,-0.31863296027457344,0.009924927468781264,-0.0016135435717070808,2.495029348863584e-06,-0.9976053316744113,-0.06914476614831214
2026-09-30T02:02:56.644 -6.2776039286608,-0.31863284106526746,0.009925016875617174,-0.0016136451404341293,2.775786199782021e-06,-0.9976053911933828,-0.06914390503546537
2026-09-30T02:02:56.726 -6.277603749939079,-0.3186330198769614,0.009924956988352373,-0.001613598513739627,2.7063331185426117e-06,-0.9976053912302412,-0.06914390559456177
2026-09-30T02:02:56.777 -6.27760386914897,-0.3186329602738175,0.009924957176825141,-0.001613581798538194,2.506441405075601e-06,-0.9976053912434395,-0.0691439058017508
2026-09-30T02:02:56.842 -6.277603898835705,-0.31863278146024476,0.009925031729629361,-0.0016135985256269022,2.8455587065309e-06,-0.9976053316309935,-0.06914476547878591
2026-09-30T02:02:56.879 -6.277603839301816,-0.3186327814595026,0.009924986931960398,-0.0016136022156592361,2.6590995351635343e-06,-0.99760533162806,-0.0691447654424203
2026-09-30T02:02:56.958 -6.277603809640142,-0.3186328410637885,0.009924897477994112,-0.0016135407036883974,2.715413185307627e-06,-0.9976053912759484,-0.06914390628382464
2026-09-30T02:02:56.996 -6.277603779840107,-0.31863266224947895,0.009924897430844232,-0.0016134580084828263,2.552980591536579e-06,-0.9976053913413154,-0.06914390727662235
2026-09-30T02:02:57.071 -6.2776037201618555,-0.31863290066729943,0.009924942040069676,-0.0016135758888563472,2.4126614512779613e-06,-0.9976053912481037,-0.06914390587570253
2026-09-30T02:02:57.106 -6.277603868936176,-0.3186330198784377,0.009925091287118003,-0.0016136206863035648,2.6759275490856528e-06,-0.997605331613458,-0.0691447652214009
2026-09-30T02:02:57.187 -6.277603928662301,-0.31863272185597796,0.009925016875597674,-0.0016135926042272857,2.542003523954417e-06,-0.9976053912348992,-0.06914390567150194
2026-09-30T02:02:57.220 -6.277603720088923,-0.31863307948122555,0.009924986743526628,-0.0016135855864502658,2.5784385511664546e-06,-0.9976053912404508,-0.06914390575382598
2026-09-30T02:02:57.299 -6.277603958487395,-0.3186327814610007,0.009925002021585484,-0.0016136248902949462,2.5473500830869346e-06,-0.9976053912093734,-0.06914390528613168
2026-09-30T02:02:57.332 -6.277603898834954,-0.3186328410648895,0.009925031729639112,-0.001613538336214228,2.6089707095897673e-06,-0.9976053912778109,-0.06914390631629691
2026-09-30T02:02:57.411 -6.277603809570212,-0.3186327814591356,0.009924942181412065,-0.0016135207790593231,2.6800489235524555e-06,-0.9976053912916982,-0.06914390652292265
2026-09-30T02:02:57.446 -6.277603779694994,-0.3186329602726864,0.009924986837748388,-0.0016135918388663698,2.5243192832270005e-06,-0.9976054508347532,-0.06914304578042953
2026-09-30T02:02:57.520 -6.277603869031168,-0.31863296027380383,0.009925031682537982,-0.0016135468562908121,2.611787648133268e-06,-0.9976053912710748,-0.06914390621455214
2026-09-30T02:02:57.556 -6.27760449502352,-0.3186327218631207,0.009924943265176794,-0.0016135656246600019,2.649034441144629e-06,-0.9976054508554896,-0.06914304608833109
2026-09-30T02:02:57.654 -6.277603749939079,-0.3186330198769614,0.009924956988352373,-0.001613574425546494,2.4840029228561115e-06,-0.9976054508485172,-0.06914304598967355
2026-09-30T02:02:57.694 -6.2776036304965865,-0.3186328410614989,0.009925105811266289,-0.0016136727523219077,2.5918309674045142e-06,-0.9976053911715361,-0.06914390471341067
2026-09-30T02:02:57.769 -6.27760386917178,-0.31863301987846504,0.009924942275692322,-0.0016135447431003924,2.732701871604652e-06,-0.9976054508720065,-0.06914304633407031
2026-09-30T02:02:57.806 -6.277604077859957,-0.31863290067181016,0.009924897902089527,-0.0016134936960171733,2.5627634106832992e-06,-0.9976055105116012,-0.06914218703811045
2026-09-30T02:02:57.884 -6.277603928802912,-0.31863278146063917,0.009924927468752015,-0.0016135616547917097,2.7435151393191646e-06,-0.9976054508586363,-0.06914304613188656
2026-09-30T02:02:57.918 -6.277603839371746,-0.3186328410641555,0.009924942228542444,-0.001613587813018797,2.5166402844489073e-06,-0.9976054508379354,-0.06914304582874597
2026-09-30T02:02:57.996 -6.277603749919271,-0.31863272185373487,0.009924971889446193,-0.0016135195109413397,2.611718797453259e-06,-0.9976054508919452,-0.06914304663988766
2026-09-30T02:02:58.031 -6.277603809475219,-0.3186328410637694,0.009925001785992088,-0.0016135606975729285,2.5322099910896627e-06,-0.9976054508593749,-0.06914304615163071
2026-09-30T02:02:58.109 -6.277603839203822,-0.31863307948271546,0.009925046536579418,-0.0016135857880170009,2.6732732649883543e-06,-0.9976054508395499,-0.06914304584682965
2026-09-30T02:02:58.143 -6.2776038393253755,-0.3186327814595053,0.00992497203081783,-0.0016134979208046734,2.6291391240197075e-06,-0.9976054509090165,-0.06914304689674375
2026-09-30T02:02:58.217 -6.277603868960488,-0.3186329602737956,0.009925076385965686,-0.0016135898215152125,2.7414510575837244e-06,-0.9976054508363668,-0.0691430457959567
2026-09-30T02:02:58.252 -6.277604494974898,-0.3186328410724047,0.00992497306748143,-0.001613623187637196,2.5337351397765247e-06,-0.9976055104092189,-0.06914218549446242
2026-09-30T02:02:58.331 -6.2776038094965285,-0.3186330198777064,0.009924986884878768,-0.0016135796510712318,2.5475166642935165e-06,-0.9976054508443911,-0.06914304592494541
2026-09-30T02:02:58.364 -6.277604256416006,-0.3186327814647419,0.009925062097362053,-0.0016135832114477235,2.7240376652745346e-06,-0.9976053912423412,-0.06914390577639375
2026-09-30T02:02:58.440 -6.277603779767927,-0.31863278145876034,0.009924942134291435,-0.001613602001687286,2.641448241635346e-06,-0.9976054508267282,-0.06914304565466761
2026-09-30T02:02:58.484 -6.277603749990702,-0.3186326622490983,0.00992492718600874,-0.0016136216262918352,2.520091274804104e-06,-0.9976054508112018,-0.0691430454252271
2026-09-30T02:02:58.554 -6.277603869100348,-0.3186330794831016,0.009924986979129776,-0.0016135930776647795,2.6938154978599893e-06,-0.9976054508337884,-0.06914304575904352
2026-09-30T02:02:58.600 -6.277603928610677,-0.3186330794838411,0.009925046677941307,-0.0016135916077589338,2.487439392978569e-06,-0.9976053912356825,-0.06914390568544178
2026-09-30T02:02:58.671 -6.277603809497279,-0.31863296027306165,0.009924986884869019,-0.001613541033912936,2.6106583000022474e-06,-0.9976054508749284,-0.06914304638318532
2026-09-30T02:02:58.714 -6.2776038691276606,-0.3186327814598805,0.00992497207793846,-0.0016136050807686053,2.6042713386387384e-06,-0.9976054508242906,-0.0691430456193912
2026-09-30T02:02:58.789 -6.277603928708671,-0.31863278146062823,0.009924987073322287,-0.0016135433793166593,2.781051554262657e-06,-0.9976054508730887,-0.06914304634835104
2026-09-30T02:02:58.829 -6.277603839514609,-0.3186327218548824,0.009924852821667536,-0.0016135161181811144,2.5617974797356287e-06,-0.9976054508946232,-0.0691430466822886
2026-09-30T02:02:58.906 -6.277603809333858,-0.31863284106375295,0.009925091192847497,-0.001613716483638692,2.7370448191835803e-06,-0.9976053315377232,-0.06914476407601985
2026-09-30T02:02:58.943 -6.277603839275253,-0.3186330198780789,0.009925001833141964,-0.0016136371002144153,2.7160593184224794e-06,-0.9976053911997346,-0.06914390513383385
2026-09-30T02:02:59.017 -6.277603958627257,-0.3186329006703066,0.009924912614749575,-0.0016135557184918682,2.604250875137511e-06,-0.9976053912640676,-0.0691439061091287
2026-09-30T02:02:59.053 -6.277603869177033,-0.31863260264595167,0.009924942275624076,-0.0016135947810070905,2.549010916537641e-06,-0.9976053912331789,-0.06914390564526682
2026-09-30T02:02:59.128 -6.277603869267522,-0.3186329006691864,0.009924882671102551,-0.0016135421564735298,2.6043850083277923e-06,-0.9976054508740404,-0.06914304637003874
2026-09-30T02:02:59.165 -6.2776038692682725,-0.31863284106454165,0.009924882671092802,-0.0016135390045775785,2.565939793440404e-06,-0.997605450876529,-0.0691430464091232
2026-09-30T02:02:59.240 -6.277603898977067,-0.3186327814602612,0.009924942322773952,-0.0016135722228171352,2.669125410557385e-06,-0.9976054508502746,-0.06914304600882136
2026-09-30T02:02:59.273 -6.277603839370245,-0.31863296027344507,0.009924942228561943,-0.0016135542988849538,2.6568853601464856e-06,-0.9976054508644446,-0.06914304622312807
2026-09-30T02:02:59.357 -6.27760392875429,-0.31863290066992317,0.009924957271056651,-0.0016135994773172574,2.6071551973261447e-06,-0.997605450828721,-0.06914304568612736
2026-09-30T02:02:59.393 -6.277603839203822,-0.31863307948271546,0.009925046536579418,-0.0016135838663312496,2.795935623101686e-06,-0.9976053912418296,-0.06914390576562178
2026-09-30T02:02:59.471 -6.277603809520088,-0.31863301987770914,0.0099249719837362,-0.0016135887636689794,2.576497383456008e-06,-0.9976054508371889,-0.0691430458151258
2026-09-30T02:02:59.511 -6.277603809545901,-0.31863284106377754,0.009924957082564384,-0.0016135718057429212,2.5425819755164614e-06,-0.9976054508505934,-0.0691430460187239
2026-09-30T02:02:59.588 -6.277603720041802,-0.31863307948122005,0.009925016545811764,-0.0016135533120253463,2.729026602237856e-06,-0.9976053912659809,-0.0691439061328676
2026-09-30T02:02:59.624 -6.2776038692219025,-0.31863278145989143,0.009924912473368188,-0.0016135022172824314,2.5672312896069716e-06,-0.9976054509056141,-0.06914304684789742
2026-09-30T02:02:59.699 -6.277603809566459,-0.3186330794823594,0.009924942181460812,-0.001613519168756635,2.5820379914394876e-06,-0.9976054508922132,-0.06914304664512114
2026-09-30T02:02:59.734 -6.277603660440985,-0.3186327814572458,0.009925016451521758,-0.0016135634918461681,2.609528683992588e-06,-0.9976053912579222,-0.06914390601619397
2026-09-30T02:02:59.810 -6.2776038393238744,-0.3186329006687948,0.00992497203083733,-0.0016136259245477735,2.6125416690255074e-06,-0.9976054508078117,-0.06914304537040152
2026-09-30T02:02:59.848 -6.277603898881324,-0.31863290066953975,0.009925001927363725,-0.0016135535814724372,2.6195309223215704e-06,-0.9976053912657585,-0.06914390613402502
2026-09-30T02:02:59.930 -6.277603839112582,-0.3186328410641254,0.009925106141110694,-0.00161360991770077,2.806196185875654e-06,-0.9976053912212336,-0.06914390545440993
2026-09-30T02:02:59.963 -6.277603869221152,-0.31863284106453615,0.009924912473377939,-0.0016135537637633666,2.528927555818581e-06,-0.997605510464107,-0.06914218632285804
2026-09-30T02:03:00.048 -6.277603660439484,-0.31863290066653527,0.009925016451541258,-0.0016136203862124124,2.8315921482156906e-06,-0.9976053912129592,-0.06914390532845467
2026-09-30T02:03:00.087 -6.2776038689855485,-0.31863284106450884,0.00992506148480362,-0.00161362087923568,2.5542424535543303e-06,-0.9976054508117955,-0.06914304543284386
2026-09-30T02:03:00.164 -6.277603928683609,-0.318632900669915,0.009925001974484355,-0.0016135233721668019,2.568191446883602e-06,-0.9976054508888886,-0.06914304659551304
2026-09-30T02:03:00.212 -6.277604584499555,-0.318632841073544,0.009924898703130477,-0.0016135286361462003,2.5015961492887305e-06,-0.9976055104839712,-0.06914218662363687
2026-09-30T02:03:00.281 -6.277603809380228,-0.3186329006684032,0.00992506139057211,-0.001613567907153421,2.6262061874840616e-06,-0.9976053912544327,-0.06914390596287086
2026-09-30T02:03:00.318 -6.2776035711283695,-0.3186327814561311,0.009924956705589598,-0.0016135352697357436,2.6591686681088265e-06,-0.99760545087949,-0.06914304645003669
2026-09-30T02:03:00.408 -6.277603749753599,-0.3186327814583605,0.00992507619745392,-0.0016136040194378045,2.540104842895662e-06,-0.997605391225874,-0.06914390553539428
2026-09-30T02:03:00.456 -6.277603958438774,-0.3186329006702847,0.00992503182389012,-0.001613613277288046,2.6192737705041722e-06,-0.9976055104170616,-0.06914218560940097
2026-09-30T02:03:00.534 -6.277604733488922,-0.31863272186612784,0.009924913839856693,-0.0016135897256432745,2.534362901285088e-06,-0.9976054508364247,-0.0691430458052596
2026-09-30T02:03:00.580 -6.277603839208325,-0.31863272185484687,0.009925046536520921,-0.0016134817256733968,2.876739485485862e-06,-0.9976053913225921,-0.06914390698061229
2026-09-30T02:03:00.652 -6.277603571056187,-0.31863290066541244,0.009925001409036802,-0.0016135812261332985,2.6317655456053548e-06,-0.997605450843153,-0.06914304590289508
2026-09-30T02:03:00.695 -6.277603690170337,-0.31863296027154714,0.009925061202099341,-0.0016136117837066831,2.660689481832913e-06,-0.9976053912197458,-0.06914390543808265
2026-09-30T02:03:00.794 -6.277603809569461,-0.3186328410637803,0.009924942181421816,-0.0016135630715854996,2.680437783768475e-06,-0.9976054508575107,-0.06914304611753805
2026-09-30T02:03:00.838 -6.277603988358861,-0.31863290067067357,0.00992495736529791,-0.001613526324425956,2.5998155645695685e-06,-0.9976054508865572,-0.069143046559075
2026-09-30T02:03:00.914 -6.277603928542998,-0.3186328410652538,0.009925091381330015,-0.0016136270878501344,2.752192209149741e-06,-0.9976053316084034,-0.06914476514194257
2026-09-30T02:03:00.956 -6.277603899094117,-0.31863284106491957,0.009924867817070863,-0.0016135873983443671,2.6099918239787174e-06,-0.9976054508382713,-0.06914304583011559
2026-09-30T02:03:01.031 -6.277603779815047,-0.3186327814587658,0.009924912332006298,-0.0016135255419617615,2.6576643460588536e-06,-0.9976053912879306,-0.06914390646700008
2026-09-30T02:03:01.069 -6.277603839136893,-0.3186327814594834,0.009925091239958375,-0.0016136248607732102,2.6988240152454315e-06,-0.9976053316101595,-0.06914476517068169
2026-09-30T02:03:01.156 -6.277603690240268,-0.3186330198762001,0.009925016498681386,-0.0016135976168704293,2.574806999739816e-06,-0.9976053912309389,-0.06914390561044804
2026-09-30T02:03:01.195 -6.2776036902174575,-0.3186329602715526,0.009925031399814205,-0.0016135471129112048,2.525824187745586e-06,-0.9976053316716144,-0.06914476610491349
2026-09-30T02:03:01.268 -6.277604465174114,-0.31863272186274,0.0099249730203413,-0.0016136276546058642,2.7322197670644305e-06,-0.9976053912072039,-0.06914390524586457
